department,source_file,sheet,row,org,object,description,column_header,amount,row_kind
Police (FinCom 2.19.26),sources/budget-workbooks/finance-committee/fy27-budget/department-presentations/police/police-budget-for-fincom-2.19.26.xlsx,Sheet1,2,12101,511000,POLICE CHIEF SALARY,FY24 BUDGET,115005,leaf
Police (FinCom 2.19.26),sources/budget-workbooks/finance-committee/fy27-budget/department-presentations/police/police-budget-for-fincom-2.19.26.xlsx,Sheet1,2,12101,511000,POLICE CHIEF SALARY,FY25 BUDGET,125050,leaf
Police (FinCom 2.19.26),sources/budget-workbooks/finance-committee/fy27-budget/department-presentations/police/police-budget-for-fincom-2.19.26.xlsx,Sheet1,2,12101,511000,POLICE CHIEF SALARY,FY26 ORIGIN APPROP,125050,leaf
Police (FinCom 2.19.26),sources/budget-workbooks/finance-committee/fy27-budget/department-presentations/police/police-budget-for-fincom-2.19.26.xlsx,Sheet1,2,12101,511000,POLICE CHIEF SALARY,FY2027,148625,leaf
Police (FinCom 2.19.26),sources/budget-workbooks/finance-committee/fy27-budget/department-presentations/police/police-budget-for-fincom-2.19.26.xlsx,Sheet1,3,12101,511001,SALARIES ADMINISTRATIVE ASST,FY24 BUDGET,62878.4,leaf
Police (FinCom 2.19.26),sources/budget-workbooks/finance-committee/fy27-budget/department-presentations/police/police-budget-for-fincom-2.19.26.xlsx,Sheet1,3,12101,511001,SALARIES ADMINISTRATIVE ASST,FY25 BUDGET,71681.04,leaf
Police (FinCom 2.19.26),sources/budget-workbooks/finance-committee/fy27-budget/department-presentations/police/police-budget-for-fincom-2.19.26.xlsx,Sheet1,3,12101,511001,SALARIES ADMINISTRATIVE ASST,FY26 ORIGIN APPROP,60927.84,leaf
Police (FinCom 2.19.26),sources/budget-workbooks/finance-committee/fy27-budget/department-presentations/police/police-budget-for-fincom-2.19.26.xlsx,Sheet1,3,12101,511001,SALARIES ADMINISTRATIVE ASST,FY2027,62726.67,leaf
Police (FinCom 2.19.26),sources/budget-workbooks/finance-committee/fy27-budget/department-presentations/police/police-budget-for-fincom-2.19.26.xlsx,Sheet1,4,12101,511003,SALARIES CLERK,FY24 BUDGET,8873.28,leaf
Police (FinCom 2.19.26),sources/budget-workbooks/finance-committee/fy27-budget/department-presentations/police/police-budget-for-fincom-2.19.26.xlsx,Sheet1,4,12101,511003,SALARIES CLERK,FY25 BUDGET,18362.08,leaf
Police (FinCom 2.19.26),sources/budget-workbooks/finance-committee/fy27-budget/department-presentations/police/police-budget-for-fincom-2.19.26.xlsx,Sheet1,4,12101,511003,SALARIES CLERK,FY26 ORIGIN APPROP,21185.92,leaf
Police (FinCom 2.19.26),sources/budget-workbooks/finance-committee/fy27-budget/department-presentations/police/police-budget-for-fincom-2.19.26.xlsx,Sheet1,4,12101,511003,SALARIES CLERK,FY2027,21829.52,leaf
Police (FinCom 2.19.26),sources/budget-workbooks/finance-committee/fy27-budget/department-presentations/police/police-budget-for-fincom-2.19.26.xlsx,Sheet1,5,12101,511004,POLICE SARGENTS SALARIES,FY24 BUDGET,335682.88,leaf
Police (FinCom 2.19.26),sources/budget-workbooks/finance-committee/fy27-budget/department-presentations/police/police-budget-for-fincom-2.19.26.xlsx,Sheet1,5,12101,511004,POLICE SARGENTS SALARIES,FY25 BUDGET,345397.8,leaf
Police (FinCom 2.19.26),sources/budget-workbooks/finance-committee/fy27-budget/department-presentations/police/police-budget-for-fincom-2.19.26.xlsx,Sheet1,5,12101,511004,POLICE SARGENTS SALARIES,FY26 ORIGIN APPROP,345397.8,leaf
Police (FinCom 2.19.26),sources/budget-workbooks/finance-committee/fy27-budget/department-presentations/police/police-budget-for-fincom-2.19.26.xlsx,Sheet1,5,12101,511004,POLICE SARGENTS SALARIES,FY2027,273771.42,leaf
Police (FinCom 2.19.26),sources/budget-workbooks/finance-committee/fy27-budget/department-presentations/police/police-budget-for-fincom-2.19.26.xlsx,Sheet1,6,12101,511005,POLICE LIEUTENANTS SALARIES,FY24 BUDGET,96508.67,leaf
Police (FinCom 2.19.26),sources/budget-workbooks/finance-committee/fy27-budget/department-presentations/police/police-budget-for-fincom-2.19.26.xlsx,Sheet1,6,12101,511005,POLICE LIEUTENANTS SALARIES,FY25 BUDGET,99301.94,leaf
Police (FinCom 2.19.26),sources/budget-workbooks/finance-committee/fy27-budget/department-presentations/police/police-budget-for-fincom-2.19.26.xlsx,Sheet1,6,12101,511005,POLICE LIEUTENANTS SALARIES,FY26 ORIGIN APPROP,99301.94,leaf
Police (FinCom 2.19.26),sources/budget-workbooks/finance-committee/fy27-budget/department-presentations/police/police-budget-for-fincom-2.19.26.xlsx,Sheet1,6,12101,511005,POLICE LIEUTENANTS SALARIES,FY2027,104956.09,leaf
Police (FinCom 2.19.26),sources/budget-workbooks/finance-committee/fy27-budget/department-presentations/police/police-budget-for-fincom-2.19.26.xlsx,Sheet1,7,12101,511006,POLICE PATROLMAN SALARIES,FY24 BUDGET,903129.75,leaf
Police (FinCom 2.19.26),sources/budget-workbooks/finance-committee/fy27-budget/department-presentations/police/police-budget-for-fincom-2.19.26.xlsx,Sheet1,7,12101,511006,POLICE PATROLMAN SALARIES,FY25 BUDGET,938871.76,leaf
Police (FinCom 2.19.26),sources/budget-workbooks/finance-committee/fy27-budget/department-presentations/police/police-budget-for-fincom-2.19.26.xlsx,Sheet1,7,12101,511006,POLICE PATROLMAN SALARIES,FY26 ORIGIN APPROP,940383.58,leaf
Police (FinCom 2.19.26),sources/budget-workbooks/finance-committee/fy27-budget/department-presentations/police/police-budget-for-fincom-2.19.26.xlsx,Sheet1,7,12101,511006,POLICE PATROLMAN SALARIES,FY2027,970742.32,leaf
Police (FinCom 2.19.26),sources/budget-workbooks/finance-committee/fy27-budget/department-presentations/police/police-budget-for-fincom-2.19.26.xlsx,Sheet1,8,12101,511021,COURT OFFICERS STIPEND,FY24 BUDGET,3100,leaf
Police (FinCom 2.19.26),sources/budget-workbooks/finance-committee/fy27-budget/department-presentations/police/police-budget-for-fincom-2.19.26.xlsx,Sheet1,8,12101,511021,COURT OFFICERS STIPEND,FY25 BUDGET,3100,leaf
Police (FinCom 2.19.26),sources/budget-workbooks/finance-committee/fy27-budget/department-presentations/police/police-budget-for-fincom-2.19.26.xlsx,Sheet1,8,12101,511021,COURT OFFICERS STIPEND,FY26 ORIGIN APPROP,3100,leaf
Police (FinCom 2.19.26),sources/budget-workbooks/finance-committee/fy27-budget/department-presentations/police/police-budget-for-fincom-2.19.26.xlsx,Sheet1,8,12101,511021,COURT OFFICERS STIPEND,FY2027,3100,leaf
Police (FinCom 2.19.26),sources/budget-workbooks/finance-committee/fy27-budget/department-presentations/police/police-budget-for-fincom-2.19.26.xlsx,Sheet1,9,12101,511030,SALARY DETECTIVE/SERGEANT/PATR,FY24 BUDGET,78347.36,leaf
Police (FinCom 2.19.26),sources/budget-workbooks/finance-committee/fy27-budget/department-presentations/police/police-budget-for-fincom-2.19.26.xlsx,Sheet1,9,12101,511030,SALARY DETECTIVE/SERGEANT/PATR,FY25 BUDGET,80614.97,leaf
Police (FinCom 2.19.26),sources/budget-workbooks/finance-committee/fy27-budget/department-presentations/police/police-budget-for-fincom-2.19.26.xlsx,Sheet1,9,12101,511030,SALARY DETECTIVE/SERGEANT/PATR,FY26 ORIGIN APPROP,80614.97,leaf
Police (FinCom 2.19.26),sources/budget-workbooks/finance-committee/fy27-budget/department-presentations/police/police-budget-for-fincom-2.19.26.xlsx,Sheet1,9,12101,511030,SALARY DETECTIVE/SERGEANT/PATR,FY2027,170393.48,leaf
Police (FinCom 2.19.26),sources/budget-workbooks/finance-committee/fy27-budget/department-presentations/police/police-budget-for-fincom-2.19.26.xlsx,Sheet1,10,12101,513000,OVERTIME POLICE DEPT,FY24 BUDGET,175470.77,leaf
Police (FinCom 2.19.26),sources/budget-workbooks/finance-committee/fy27-budget/department-presentations/police/police-budget-for-fincom-2.19.26.xlsx,Sheet1,10,12101,513000,OVERTIME POLICE DEPT,FY25 BUDGET,176849.31,leaf
Police (FinCom 2.19.26),sources/budget-workbooks/finance-committee/fy27-budget/department-presentations/police/police-budget-for-fincom-2.19.26.xlsx,Sheet1,10,12101,513000,OVERTIME POLICE DEPT,FY26 ORIGIN APPROP,165000,leaf
Police (FinCom 2.19.26),sources/budget-workbooks/finance-committee/fy27-budget/department-presentations/police/police-budget-for-fincom-2.19.26.xlsx,Sheet1,10,12101,513000,OVERTIME POLICE DEPT,FY2027,165000,leaf
Police (FinCom 2.19.26),sources/budget-workbooks/finance-committee/fy27-budget/department-presentations/police/police-budget-for-fincom-2.19.26.xlsx,Sheet1,11,12101,513004,COMMUNITY POLICING,FY24 BUDGET,12995.18,leaf
Police (FinCom 2.19.26),sources/budget-workbooks/finance-committee/fy27-budget/department-presentations/police/police-budget-for-fincom-2.19.26.xlsx,Sheet1,11,12101,513004,COMMUNITY POLICING,FY25 BUDGET,13999.84,leaf
Police (FinCom 2.19.26),sources/budget-workbooks/finance-committee/fy27-budget/department-presentations/police/police-budget-for-fincom-2.19.26.xlsx,Sheet1,11,12101,513004,COMMUNITY POLICING,FY26 ORIGIN APPROP,14319.31,leaf
Police (FinCom 2.19.26),sources/budget-workbooks/finance-committee/fy27-budget/department-presentations/police/police-budget-for-fincom-2.19.26.xlsx,Sheet1,11,12101,513004,COMMUNITY POLICING,FY2027,14748.89,leaf
Police (FinCom 2.19.26),sources/budget-workbooks/finance-committee/fy27-budget/department-presentations/police/police-budget-for-fincom-2.19.26.xlsx,Sheet1,12,12101,513006,K9 CARE OVERTIME,FY24 BUDGET,19095.09,leaf
Police (FinCom 2.19.26),sources/budget-workbooks/finance-committee/fy27-budget/department-presentations/police/police-budget-for-fincom-2.19.26.xlsx,Sheet1,12,12101,513006,K9 CARE OVERTIME,FY25 BUDGET,19095.1,leaf
Police (FinCom 2.19.26),sources/budget-workbooks/finance-committee/fy27-budget/department-presentations/police/police-budget-for-fincom-2.19.26.xlsx,Sheet1,12,12101,513006,K9 CARE OVERTIME,FY26 ORIGIN APPROP,39144.94,leaf
Police (FinCom 2.19.26),sources/budget-workbooks/finance-committee/fy27-budget/department-presentations/police/police-budget-for-fincom-2.19.26.xlsx,Sheet1,12,12101,513006,K9 CARE OVERTIME,FY2027,40319.29,leaf
Police (FinCom 2.19.26),sources/budget-workbooks/finance-committee/fy27-budget/department-presentations/police/police-budget-for-fincom-2.19.26.xlsx,Sheet1,13,12101,514000,POLICE SHIFT DIFFERENTIAL,FY24 BUDGET,31848.02,leaf
Police (FinCom 2.19.26),sources/budget-workbooks/finance-committee/fy27-budget/department-presentations/police/police-budget-for-fincom-2.19.26.xlsx,Sheet1,13,12101,514000,POLICE SHIFT DIFFERENTIAL,FY25 BUDGET,33169.16,leaf
Police (FinCom 2.19.26),sources/budget-workbooks/finance-committee/fy27-budget/department-presentations/police/police-budget-for-fincom-2.19.26.xlsx,Sheet1,13,12101,514000,POLICE SHIFT DIFFERENTIAL,FY26 ORIGIN APPROP,31019.51,leaf
Police (FinCom 2.19.26),sources/budget-workbooks/finance-committee/fy27-budget/department-presentations/police/police-budget-for-fincom-2.19.26.xlsx,Sheet1,13,12101,514000,POLICE SHIFT DIFFERENTIAL,FY2027,31950.1,leaf
Police (FinCom 2.19.26),sources/budget-workbooks/finance-committee/fy27-budget/department-presentations/police/police-budget-for-fincom-2.19.26.xlsx,Sheet1,14,12101,514001,POLICE HOLIDAY PAY,FY24 BUDGET,54993.64,leaf
Police (FinCom 2.19.26),sources/budget-workbooks/finance-committee/fy27-budget/department-presentations/police/police-budget-for-fincom-2.19.26.xlsx,Sheet1,14,12101,514001,POLICE HOLIDAY PAY,FY25 BUDGET,56705.45,leaf
Police (FinCom 2.19.26),sources/budget-workbooks/finance-committee/fy27-budget/department-presentations/police/police-budget-for-fincom-2.19.26.xlsx,Sheet1,14,12101,514001,POLICE HOLIDAY PAY,FY26 ORIGIN APPROP,54846.95,leaf
Police (FinCom 2.19.26),sources/budget-workbooks/finance-committee/fy27-budget/department-presentations/police/police-budget-for-fincom-2.19.26.xlsx,Sheet1,14,12101,514001,POLICE HOLIDAY PAY,FY2027,61523.02,leaf
Police (FinCom 2.19.26),sources/budget-workbooks/finance-committee/fy27-budget/department-presentations/police/police-budget-for-fincom-2.19.26.xlsx,Sheet1,15,12101,514002,POLICE LONGEVITY PAY,FY24 BUDGET,15552.28,leaf
Police (FinCom 2.19.26),sources/budget-workbooks/finance-committee/fy27-budget/department-presentations/police/police-budget-for-fincom-2.19.26.xlsx,Sheet1,15,12101,514002,POLICE LONGEVITY PAY,FY25 BUDGET,11730,leaf
Police (FinCom 2.19.26),sources/budget-workbooks/finance-committee/fy27-budget/department-presentations/police/police-budget-for-fincom-2.19.26.xlsx,Sheet1,15,12101,514002,POLICE LONGEVITY PAY,FY26 ORIGIN APPROP,10717.47,leaf
Police (FinCom 2.19.26),sources/budget-workbooks/finance-committee/fy27-budget/department-presentations/police/police-budget-for-fincom-2.19.26.xlsx,Sheet1,15,12101,514002,POLICE LONGEVITY PAY,FY2027,6400,leaf
Police (FinCom 2.19.26),sources/budget-workbooks/finance-committee/fy27-budget/department-presentations/police/police-budget-for-fincom-2.19.26.xlsx,Sheet1,16,12101,514003,POLICE COURT TIME,FY24 BUDGET,15800,leaf
Police (FinCom 2.19.26),sources/budget-workbooks/finance-committee/fy27-budget/department-presentations/police/police-budget-for-fincom-2.19.26.xlsx,Sheet1,16,12101,514003,POLICE COURT TIME,FY25 BUDGET,12626.64,leaf
Police (FinCom 2.19.26),sources/budget-workbooks/finance-committee/fy27-budget/department-presentations/police/police-budget-for-fincom-2.19.26.xlsx,Sheet1,16,12101,514003,POLICE COURT TIME,FY26 ORIGIN APPROP,12626.71,leaf
Police (FinCom 2.19.26),sources/budget-workbooks/finance-committee/fy27-budget/department-presentations/police/police-budget-for-fincom-2.19.26.xlsx,Sheet1,16,12101,514003,POLICE COURT TIME,FY2027,13005.51,leaf
Police (FinCom 2.19.26),sources/budget-workbooks/finance-committee/fy27-budget/department-presentations/police/police-budget-for-fincom-2.19.26.xlsx,Sheet1,17,12101,514004,INVESTIGATIVE FIELD SERVICES,FY24 BUDGET,36695.72,leaf
Police (FinCom 2.19.26),sources/budget-workbooks/finance-committee/fy27-budget/department-presentations/police/police-budget-for-fincom-2.19.26.xlsx,Sheet1,17,12101,514004,INVESTIGATIVE FIELD SERVICES,FY25 BUDGET,37879.91,leaf
Police (FinCom 2.19.26),sources/budget-workbooks/finance-committee/fy27-budget/department-presentations/police/police-budget-for-fincom-2.19.26.xlsx,Sheet1,17,12101,514004,INVESTIGATIVE FIELD SERVICES,FY26 ORIGIN APPROP,37880.12,leaf
Police (FinCom 2.19.26),sources/budget-workbooks/finance-committee/fy27-budget/department-presentations/police/police-budget-for-fincom-2.19.26.xlsx,Sheet1,17,12101,514004,INVESTIGATIVE FIELD SERVICES,FY2027,39016.52,leaf
Police (FinCom 2.19.26),sources/budget-workbooks/finance-committee/fy27-budget/department-presentations/police/police-budget-for-fincom-2.19.26.xlsx,Sheet1,18,12101,514005,FIELD TRNG OFFICER DIFFERENTIA,FY24 BUDGET,600,leaf
Police (FinCom 2.19.26),sources/budget-workbooks/finance-committee/fy27-budget/department-presentations/police/police-budget-for-fincom-2.19.26.xlsx,Sheet1,18,12101,514005,FIELD TRNG OFFICER DIFFERENTIA,FY25 BUDGET,600,leaf
Police (FinCom 2.19.26),sources/budget-workbooks/finance-committee/fy27-budget/department-presentations/police/police-budget-for-fincom-2.19.26.xlsx,Sheet1,18,12101,514005,FIELD TRNG OFFICER DIFFERENTIA,FY26 ORIGIN APPROP,600,leaf
Police (FinCom 2.19.26),sources/budget-workbooks/finance-committee/fy27-budget/department-presentations/police/police-budget-for-fincom-2.19.26.xlsx,Sheet1,18,12101,514005,FIELD TRNG OFFICER DIFFERENTIA,FY2027,618,leaf
Police (FinCom 2.19.26),sources/budget-workbooks/finance-committee/fy27-budget/department-presentations/police/police-budget-for-fincom-2.19.26.xlsx,Sheet1,19,12101,514006,OFFICER IN CHARGE DIFFERENTIAL,FY24 BUDGET,1440,leaf
Police (FinCom 2.19.26),sources/budget-workbooks/finance-committee/fy27-budget/department-presentations/police/police-budget-for-fincom-2.19.26.xlsx,Sheet1,19,12101,514006,OFFICER IN CHARGE DIFFERENTIAL,FY25 BUDGET,1440,leaf
Police (FinCom 2.19.26),sources/budget-workbooks/finance-committee/fy27-budget/department-presentations/police/police-budget-for-fincom-2.19.26.xlsx,Sheet1,19,12101,514006,OFFICER IN CHARGE DIFFERENTIAL,FY26 ORIGIN APPROP,2000,leaf
Police (FinCom 2.19.26),sources/budget-workbooks/finance-committee/fy27-budget/department-presentations/police/police-budget-for-fincom-2.19.26.xlsx,Sheet1,19,12101,514006,OFFICER IN CHARGE DIFFERENTIAL,FY2027,4500,leaf
Police (FinCom 2.19.26),sources/budget-workbooks/finance-committee/fy27-budget/department-presentations/police/police-budget-for-fincom-2.19.26.xlsx,Sheet1,20,12101,515001,VACATION BUYOUT,FY24 BUDGET,0,leaf
Police (FinCom 2.19.26),sources/budget-workbooks/finance-committee/fy27-budget/department-presentations/police/police-budget-for-fincom-2.19.26.xlsx,Sheet1,20,12101,515001,VACATION BUYOUT,FY25 BUDGET,0,leaf
Police (FinCom 2.19.26),sources/budget-workbooks/finance-committee/fy27-budget/department-presentations/police/police-budget-for-fincom-2.19.26.xlsx,Sheet1,20,12101,515001,VACATION BUYOUT,FY26 ORIGIN APPROP,0,leaf
Police (FinCom 2.19.26),sources/budget-workbooks/finance-committee/fy27-budget/department-presentations/police/police-budget-for-fincom-2.19.26.xlsx,Sheet1,20,12101,515001,VACATION BUYOUT,FY2027,0,leaf
Police (FinCom 2.19.26),sources/budget-workbooks/finance-committee/fy27-budget/department-presentations/police/police-budget-for-fincom-2.19.26.xlsx,Sheet1,21,12101,517000,RETIREMENTS,FY24 BUDGET,0,leaf
Police (FinCom 2.19.26),sources/budget-workbooks/finance-committee/fy27-budget/department-presentations/police/police-budget-for-fincom-2.19.26.xlsx,Sheet1,21,12101,517000,RETIREMENTS,FY25 BUDGET,0,leaf
Police (FinCom 2.19.26),sources/budget-workbooks/finance-committee/fy27-budget/department-presentations/police/police-budget-for-fincom-2.19.26.xlsx,Sheet1,21,12101,517000,RETIREMENTS,FY26 ORIGIN APPROP,0,leaf
Police (FinCom 2.19.26),sources/budget-workbooks/finance-committee/fy27-budget/department-presentations/police/police-budget-for-fincom-2.19.26.xlsx,Sheet1,21,12101,517000,RETIREMENTS,FY2027,0,leaf
Police (FinCom 2.19.26),sources/budget-workbooks/finance-committee/fy27-budget/department-presentations/police/police-budget-for-fincom-2.19.26.xlsx,Sheet1,22,12101,519001,POLICE UNIFORM ALLOWANCE,FY24 BUDGET,31000,leaf
Police (FinCom 2.19.26),sources/budget-workbooks/finance-committee/fy27-budget/department-presentations/police/police-budget-for-fincom-2.19.26.xlsx,Sheet1,22,12101,519001,POLICE UNIFORM ALLOWANCE,FY25 BUDGET,31000,leaf
Police (FinCom 2.19.26),sources/budget-workbooks/finance-committee/fy27-budget/department-presentations/police/police-budget-for-fincom-2.19.26.xlsx,Sheet1,22,12101,519001,POLICE UNIFORM ALLOWANCE,FY26 ORIGIN APPROP,31000,leaf
Police (FinCom 2.19.26),sources/budget-workbooks/finance-committee/fy27-budget/department-presentations/police/police-budget-for-fincom-2.19.26.xlsx,Sheet1,22,12101,519001,POLICE UNIFORM ALLOWANCE,FY2027,31000,leaf
Police (FinCom 2.19.26),sources/budget-workbooks/finance-committee/fy27-budget/department-presentations/police/police-budget-for-fincom-2.19.26.xlsx,Sheet1,23,12101,519002,POLICE EDUCATIONAL INCENTIVE,FY24 BUDGET,122651.37,leaf
Police (FinCom 2.19.26),sources/budget-workbooks/finance-committee/fy27-budget/department-presentations/police/police-budget-for-fincom-2.19.26.xlsx,Sheet1,23,12101,519002,POLICE EDUCATIONAL INCENTIVE,FY25 BUDGET,141685.19,leaf
Police (FinCom 2.19.26),sources/budget-workbooks/finance-committee/fy27-budget/department-presentations/police/police-budget-for-fincom-2.19.26.xlsx,Sheet1,23,12101,519002,POLICE EDUCATIONAL INCENTIVE,FY26 ORIGIN APPROP,142205.19,leaf
Police (FinCom 2.19.26),sources/budget-workbooks/finance-committee/fy27-budget/department-presentations/police/police-budget-for-fincom-2.19.26.xlsx,Sheet1,23,12101,519002,POLICE EDUCATIONAL INCENTIVE,FY2027,215367.87,leaf
Police (FinCom 2.19.26),sources/budget-workbooks/finance-committee/fy27-budget/department-presentations/police/police-budget-for-fincom-2.19.26.xlsx,Sheet1,24,12101,519003,POLICE TRAINING FIREARMS QUALI,FY24 BUDGET,16309.21,leaf
Police (FinCom 2.19.26),sources/budget-workbooks/finance-committee/fy27-budget/department-presentations/police/police-budget-for-fincom-2.19.26.xlsx,Sheet1,24,12101,519003,POLICE TRAINING FIREARMS QUALI,FY25 BUDGET,16835.52,leaf
Police (FinCom 2.19.26),sources/budget-workbooks/finance-committee/fy27-budget/department-presentations/police/police-budget-for-fincom-2.19.26.xlsx,Sheet1,24,12101,519003,POLICE TRAINING FIREARMS QUALI,FY26 ORIGIN APPROP,13179.82,leaf
Police (FinCom 2.19.26),sources/budget-workbooks/finance-committee/fy27-budget/department-presentations/police/police-budget-for-fincom-2.19.26.xlsx,Sheet1,24,12101,519003,POLICE TRAINING FIREARMS QUALI,FY2027,13575.21,leaf
Police (FinCom 2.19.26),sources/budget-workbooks/finance-committee/fy27-budget/department-presentations/police/police-budget-for-fincom-2.19.26.xlsx,Sheet1,25,12101,519009,IN-SERV/SPECIALIZED TRAINING,FY24 BUDGET,71352.79,leaf
Police (FinCom 2.19.26),sources/budget-workbooks/finance-committee/fy27-budget/department-presentations/police/police-budget-for-fincom-2.19.26.xlsx,Sheet1,25,12101,519009,IN-SERV/SPECIALIZED TRAINING,FY25 BUDGET,73655.38,leaf
Police (FinCom 2.19.26),sources/budget-workbooks/finance-committee/fy27-budget/department-presentations/police/police-budget-for-fincom-2.19.26.xlsx,Sheet1,25,12101,519009,IN-SERV/SPECIALIZED TRAINING,FY26 ORIGIN APPROP,70000,leaf
Police (FinCom 2.19.26),sources/budget-workbooks/finance-committee/fy27-budget/department-presentations/police/police-budget-for-fincom-2.19.26.xlsx,Sheet1,25,12101,519009,IN-SERV/SPECIALIZED TRAINING,FY2027,70000,leaf
Police (FinCom 2.19.26),sources/budget-workbooks/finance-committee/fy27-budget/department-presentations/police/police-budget-for-fincom-2.19.26.xlsx,Sheet1,26,12101,519020,POLICE LESS LETHAL TRAINING,FY24 BUDGET,8154.6,leaf
Police (FinCom 2.19.26),sources/budget-workbooks/finance-committee/fy27-budget/department-presentations/police/police-budget-for-fincom-2.19.26.xlsx,Sheet1,26,12101,519020,POLICE LESS LETHAL TRAINING,FY25 BUDGET,8417.76,leaf
Police (FinCom 2.19.26),sources/budget-workbooks/finance-committee/fy27-budget/department-presentations/police/police-budget-for-fincom-2.19.26.xlsx,Sheet1,26,12101,519020,POLICE LESS LETHAL TRAINING,FY26 ORIGIN APPROP,8417.8,leaf
Police (FinCom 2.19.26),sources/budget-workbooks/finance-committee/fy27-budget/department-presentations/police/police-budget-for-fincom-2.19.26.xlsx,Sheet1,26,12101,519020,POLICE LESS LETHAL TRAINING,FY2027,8670.33,leaf
Police (FinCom 2.19.26),sources/budget-workbooks/finance-committee/fy27-budget/department-presentations/police/police-budget-for-fincom-2.19.26.xlsx,Sheet1,27,12101,519021,SCHOOL RESOURCE STIPEND,FY24 BUDGET,2000,leaf
Police (FinCom 2.19.26),sources/budget-workbooks/finance-committee/fy27-budget/department-presentations/police/police-budget-for-fincom-2.19.26.xlsx,Sheet1,27,12101,519021,SCHOOL RESOURCE STIPEND,FY25 BUDGET,4000,leaf
Police (FinCom 2.19.26),sources/budget-workbooks/finance-committee/fy27-budget/department-presentations/police/police-budget-for-fincom-2.19.26.xlsx,Sheet1,27,12101,519021,SCHOOL RESOURCE STIPEND,FY26 ORIGIN APPROP,6800,leaf
Police (FinCom 2.19.26),sources/budget-workbooks/finance-committee/fy27-budget/department-presentations/police/police-budget-for-fincom-2.19.26.xlsx,Sheet1,27,12101,519021,SCHOOL RESOURCE STIPEND,FY2027,3400,leaf
Police (FinCom 2.19.26),sources/budget-workbooks/finance-committee/fy27-budget/department-presentations/police/police-budget-for-fincom-2.19.26.xlsx,Sheet1,28,12101,519022,TRAFFIC OFFICER STIPEND,FY24 BUDGET,2000,leaf
Police (FinCom 2.19.26),sources/budget-workbooks/finance-committee/fy27-budget/department-presentations/police/police-budget-for-fincom-2.19.26.xlsx,Sheet1,28,12101,519022,TRAFFIC OFFICER STIPEND,FY25 BUDGET,2000,leaf
Police (FinCom 2.19.26),sources/budget-workbooks/finance-committee/fy27-budget/department-presentations/police/police-budget-for-fincom-2.19.26.xlsx,Sheet1,28,12101,519022,TRAFFIC OFFICER STIPEND,FY26 ORIGIN APPROP,2000,leaf
Police (FinCom 2.19.26),sources/budget-workbooks/finance-committee/fy27-budget/department-presentations/police/police-budget-for-fincom-2.19.26.xlsx,Sheet1,28,12101,519022,TRAFFIC OFFICER STIPEND,FY2027,2000,leaf
Police (FinCom 2.19.26),sources/budget-workbooks/finance-committee/fy27-budget/department-presentations/police/police-budget-for-fincom-2.19.26.xlsx,Sheet1,29,12101,519025,ACCREDIDATION MANAGER STIPEND,FY24 BUDGET,0,leaf
Police (FinCom 2.19.26),sources/budget-workbooks/finance-committee/fy27-budget/department-presentations/police/police-budget-for-fincom-2.19.26.xlsx,Sheet1,29,12101,519025,ACCREDIDATION MANAGER STIPEND,FY25 BUDGET,0,leaf
Police (FinCom 2.19.26),sources/budget-workbooks/finance-committee/fy27-budget/department-presentations/police/police-budget-for-fincom-2.19.26.xlsx,Sheet1,29,12101,519025,ACCREDIDATION MANAGER STIPEND,FY26 ORIGIN APPROP,0,leaf
Police (FinCom 2.19.26),sources/budget-workbooks/finance-committee/fy27-budget/department-presentations/police/police-budget-for-fincom-2.19.26.xlsx,Sheet1,29,12101,519025,ACCREDIDATION MANAGER STIPEND,FY2027,3400,leaf
Police (FinCom 2.19.26),sources/budget-workbooks/finance-committee/fy27-budget/department-presentations/police/police-budget-for-fincom-2.19.26.xlsx,Sheet1,30,12101,519026,TRANSLATOR STIPEND,FY24 BUDGET,0,leaf
Police (FinCom 2.19.26),sources/budget-workbooks/finance-committee/fy27-budget/department-presentations/police/police-budget-for-fincom-2.19.26.xlsx,Sheet1,30,12101,519026,TRANSLATOR STIPEND,FY25 BUDGET,0,leaf
Police (FinCom 2.19.26),sources/budget-workbooks/finance-committee/fy27-budget/department-presentations/police/police-budget-for-fincom-2.19.26.xlsx,Sheet1,30,12101,519026,TRANSLATOR STIPEND,FY26 ORIGIN APPROP,0,leaf
Police (FinCom 2.19.26),sources/budget-workbooks/finance-committee/fy27-budget/department-presentations/police/police-budget-for-fincom-2.19.26.xlsx,Sheet1,30,12101,519026,TRANSLATOR STIPEND,FY2027,2000,leaf
Police (FinCom 2.19.26),sources/budget-workbooks/finance-committee/fy27-budget/department-presentations/police/police-budget-for-fincom-2.19.26.xlsx,Sheet1,31,12101,519027,PUBLIC INFORMATION OFFICER STIPEND,FY24 BUDGET,0,leaf
Police (FinCom 2.19.26),sources/budget-workbooks/finance-committee/fy27-budget/department-presentations/police/police-budget-for-fincom-2.19.26.xlsx,Sheet1,31,12101,519027,PUBLIC INFORMATION OFFICER STIPEND,FY25 BUDGET,0,leaf
Police (FinCom 2.19.26),sources/budget-workbooks/finance-committee/fy27-budget/department-presentations/police/police-budget-for-fincom-2.19.26.xlsx,Sheet1,31,12101,519027,PUBLIC INFORMATION OFFICER STIPEND,FY26 ORIGIN APPROP,0,leaf
Police (FinCom 2.19.26),sources/budget-workbooks/finance-committee/fy27-budget/department-presentations/police/police-budget-for-fincom-2.19.26.xlsx,Sheet1,31,12101,519027,PUBLIC INFORMATION OFFICER STIPEND,FY2027,2000,leaf
Police (FinCom 2.19.26),sources/budget-workbooks/finance-committee/fy27-budget/department-presentations/police/police-budget-for-fincom-2.19.26.xlsx,Sheet1,34,12102,521007,EQUIPMENT MTC,FY24 BUDGET,12700,leaf
Police (FinCom 2.19.26),sources/budget-workbooks/finance-committee/fy27-budget/department-presentations/police/police-budget-for-fincom-2.19.26.xlsx,Sheet1,34,12102,521007,EQUIPMENT MTC,FY25 BUDGET,12700,leaf
Police (FinCom 2.19.26),sources/budget-workbooks/finance-committee/fy27-budget/department-presentations/police/police-budget-for-fincom-2.19.26.xlsx,Sheet1,34,12102,521007,EQUIPMENT MTC,FY26 ORIGIN APPROP,12700,leaf
Police (FinCom 2.19.26),sources/budget-workbooks/finance-committee/fy27-budget/department-presentations/police/police-budget-for-fincom-2.19.26.xlsx,Sheet1,34,12102,521007,EQUIPMENT MTC,FY2027,12700,leaf
Police (FinCom 2.19.26),sources/budget-workbooks/finance-committee/fy27-budget/department-presentations/police/police-budget-for-fincom-2.19.26.xlsx,Sheet1,35,12102,531058,DETAIL SOFTWARE ANNUAL FEE,FY24 BUDGET,4080,leaf
Police (FinCom 2.19.26),sources/budget-workbooks/finance-committee/fy27-budget/department-presentations/police/police-budget-for-fincom-2.19.26.xlsx,Sheet1,35,12102,531058,DETAIL SOFTWARE ANNUAL FEE,FY25 BUDGET,4800,leaf
Police (FinCom 2.19.26),sources/budget-workbooks/finance-committee/fy27-budget/department-presentations/police/police-budget-for-fincom-2.19.26.xlsx,Sheet1,35,12102,531058,DETAIL SOFTWARE ANNUAL FEE,FY26 ORIGIN APPROP,4800,leaf
Police (FinCom 2.19.26),sources/budget-workbooks/finance-committee/fy27-budget/department-presentations/police/police-budget-for-fincom-2.19.26.xlsx,Sheet1,35,12102,531058,DETAIL SOFTWARE ANNUAL FEE,FY2027,4800,leaf
Police (FinCom 2.19.26),sources/budget-workbooks/finance-committee/fy27-budget/department-presentations/police/police-budget-for-fincom-2.19.26.xlsx,Sheet1,36,12102,534200,PRINTING-POLICE,FY24 BUDGET,3500,leaf
Police (FinCom 2.19.26),sources/budget-workbooks/finance-committee/fy27-budget/department-presentations/police/police-budget-for-fincom-2.19.26.xlsx,Sheet1,36,12102,534200,PRINTING-POLICE,FY25 BUDGET,3500,leaf
Police (FinCom 2.19.26),sources/budget-workbooks/finance-committee/fy27-budget/department-presentations/police/police-budget-for-fincom-2.19.26.xlsx,Sheet1,36,12102,534200,PRINTING-POLICE,FY26 ORIGIN APPROP,3500,leaf
Police (FinCom 2.19.26),sources/budget-workbooks/finance-committee/fy27-budget/department-presentations/police/police-budget-for-fincom-2.19.26.xlsx,Sheet1,36,12102,534200,PRINTING-POLICE,FY2027,3500,leaf
Police (FinCom 2.19.26),sources/budget-workbooks/finance-committee/fy27-budget/department-presentations/police/police-budget-for-fincom-2.19.26.xlsx,Sheet1,37,12102,540000,OFFICE SUPPLIES-POLICE ADMIN,FY24 BUDGET,5600,leaf
Police (FinCom 2.19.26),sources/budget-workbooks/finance-committee/fy27-budget/department-presentations/police/police-budget-for-fincom-2.19.26.xlsx,Sheet1,37,12102,540000,OFFICE SUPPLIES-POLICE ADMIN,FY25 BUDGET,5600,leaf
Police (FinCom 2.19.26),sources/budget-workbooks/finance-committee/fy27-budget/department-presentations/police/police-budget-for-fincom-2.19.26.xlsx,Sheet1,37,12102,540000,OFFICE SUPPLIES-POLICE ADMIN,FY26 ORIGIN APPROP,5600,leaf
Police (FinCom 2.19.26),sources/budget-workbooks/finance-committee/fy27-budget/department-presentations/police/police-budget-for-fincom-2.19.26.xlsx,Sheet1,37,12102,540000,OFFICE SUPPLIES-POLICE ADMIN,FY2027,5600,leaf
Police (FinCom 2.19.26),sources/budget-workbooks/finance-committee/fy27-budget/department-presentations/police/police-budget-for-fincom-2.19.26.xlsx,Sheet1,38,12102,551001,SUPPLIES FIREARMS QUALIFICATIO,FY24 BUDGET,15000,leaf
Police (FinCom 2.19.26),sources/budget-workbooks/finance-committee/fy27-budget/department-presentations/police/police-budget-for-fincom-2.19.26.xlsx,Sheet1,38,12102,551001,SUPPLIES FIREARMS QUALIFICATIO,FY25 BUDGET,18000,leaf
Police (FinCom 2.19.26),sources/budget-workbooks/finance-committee/fy27-budget/department-presentations/police/police-budget-for-fincom-2.19.26.xlsx,Sheet1,38,12102,551001,SUPPLIES FIREARMS QUALIFICATIO,FY26 ORIGIN APPROP,21600,leaf
Police (FinCom 2.19.26),sources/budget-workbooks/finance-committee/fy27-budget/department-presentations/police/police-budget-for-fincom-2.19.26.xlsx,Sheet1,38,12102,551001,SUPPLIES FIREARMS QUALIFICATIO,FY2027,22248,leaf
Police (FinCom 2.19.26),sources/budget-workbooks/finance-committee/fy27-budget/department-presentations/police/police-budget-for-fincom-2.19.26.xlsx,Sheet1,39,12102,551002,BADGES,FY24 BUDGET,1050,leaf
Police (FinCom 2.19.26),sources/budget-workbooks/finance-committee/fy27-budget/department-presentations/police/police-budget-for-fincom-2.19.26.xlsx,Sheet1,39,12102,551002,BADGES,FY25 BUDGET,1050,leaf
Police (FinCom 2.19.26),sources/budget-workbooks/finance-committee/fy27-budget/department-presentations/police/police-budget-for-fincom-2.19.26.xlsx,Sheet1,39,12102,551002,BADGES,FY26 ORIGIN APPROP,1050,leaf
Police (FinCom 2.19.26),sources/budget-workbooks/finance-committee/fy27-budget/department-presentations/police/police-budget-for-fincom-2.19.26.xlsx,Sheet1,39,12102,551002,BADGES,FY2027,1050,leaf
Police (FinCom 2.19.26),sources/budget-workbooks/finance-committee/fy27-budget/department-presentations/police/police-budget-for-fincom-2.19.26.xlsx,Sheet1,40,12102,tbd,OFFICER BODY ARMOR,FY24 BUDGET,0,leaf
Police (FinCom 2.19.26),sources/budget-workbooks/finance-committee/fy27-budget/department-presentations/police/police-budget-for-fincom-2.19.26.xlsx,Sheet1,40,12102,tbd,OFFICER BODY ARMOR,FY25 BUDGET,0,leaf
Police (FinCom 2.19.26),sources/budget-workbooks/finance-committee/fy27-budget/department-presentations/police/police-budget-for-fincom-2.19.26.xlsx,Sheet1,40,12102,tbd,OFFICER BODY ARMOR,FY26 ORIGIN APPROP,0,leaf
Police (FinCom 2.19.26),sources/budget-workbooks/finance-committee/fy27-budget/department-presentations/police/police-budget-for-fincom-2.19.26.xlsx,Sheet1,40,12102,tbd,OFFICER BODY ARMOR,FY2027,6000,leaf
Police (FinCom 2.19.26),sources/budget-workbooks/finance-committee/fy27-budget/department-presentations/police/police-budget-for-fincom-2.19.26.xlsx,Sheet1,41,12102,tbd,BUILDING/DEPT SOFTWARE,FY24 BUDGET,0,leaf
Police (FinCom 2.19.26),sources/budget-workbooks/finance-committee/fy27-budget/department-presentations/police/police-budget-for-fincom-2.19.26.xlsx,Sheet1,41,12102,tbd,BUILDING/DEPT SOFTWARE,FY25 BUDGET,5000,leaf
Police (FinCom 2.19.26),sources/budget-workbooks/finance-committee/fy27-budget/department-presentations/police/police-budget-for-fincom-2.19.26.xlsx,Sheet1,41,12102,tbd,BUILDING/DEPT SOFTWARE,FY26 ORIGIN APPROP,0,leaf
Police (FinCom 2.19.26),sources/budget-workbooks/finance-committee/fy27-budget/department-presentations/police/police-budget-for-fincom-2.19.26.xlsx,Sheet1,41,12102,tbd,BUILDING/DEPT SOFTWARE,FY2027,1350,leaf
Police (FinCom 2.19.26),sources/budget-workbooks/finance-committee/fy27-budget/department-presentations/police/police-budget-for-fincom-2.19.26.xlsx,Sheet1,42,12102,555060,MOTORCYCLE LEASE,FY24 BUDGET,5000,leaf
Police (FinCom 2.19.26),sources/budget-workbooks/finance-committee/fy27-budget/department-presentations/police/police-budget-for-fincom-2.19.26.xlsx,Sheet1,42,12102,555060,MOTORCYCLE LEASE,FY25 BUDGET,0,leaf
Police (FinCom 2.19.26),sources/budget-workbooks/finance-committee/fy27-budget/department-presentations/police/police-budget-for-fincom-2.19.26.xlsx,Sheet1,42,12102,555060,MOTORCYCLE LEASE,FY26 ORIGIN APPROP,0,leaf
Police (FinCom 2.19.26),sources/budget-workbooks/finance-committee/fy27-budget/department-presentations/police/police-budget-for-fincom-2.19.26.xlsx,Sheet1,42,12102,555060,MOTORCYCLE LEASE,FY2027,0,leaf
Police (FinCom 2.19.26),sources/budget-workbooks/finance-committee/fy27-budget/department-presentations/police/police-budget-for-fincom-2.19.26.xlsx,Sheet1,43,12102,558700,K-9 EXPENSES,FY24 BUDGET,8000,leaf
Police (FinCom 2.19.26),sources/budget-workbooks/finance-committee/fy27-budget/department-presentations/police/police-budget-for-fincom-2.19.26.xlsx,Sheet1,43,12102,558700,K-9 EXPENSES,FY25 BUDGET,8000,leaf
Police (FinCom 2.19.26),sources/budget-workbooks/finance-committee/fy27-budget/department-presentations/police/police-budget-for-fincom-2.19.26.xlsx,Sheet1,43,12102,558700,K-9 EXPENSES,FY26 ORIGIN APPROP,8987.6,leaf
Police (FinCom 2.19.26),sources/budget-workbooks/finance-committee/fy27-budget/department-presentations/police/police-budget-for-fincom-2.19.26.xlsx,Sheet1,43,12102,558700,K-9 EXPENSES,FY2027,9257.23,leaf
Police (FinCom 2.19.26),sources/budget-workbooks/finance-committee/fy27-budget/department-presentations/police/police-budget-for-fincom-2.19.26.xlsx,Sheet1,44,12102,573000,DUES/MEMBERSHIP-POLICE,FY24 BUDGET,6000,leaf
Police (FinCom 2.19.26),sources/budget-workbooks/finance-committee/fy27-budget/department-presentations/police/police-budget-for-fincom-2.19.26.xlsx,Sheet1,44,12102,573000,DUES/MEMBERSHIP-POLICE,FY25 BUDGET,6300,leaf
Police (FinCom 2.19.26),sources/budget-workbooks/finance-committee/fy27-budget/department-presentations/police/police-budget-for-fincom-2.19.26.xlsx,Sheet1,44,12102,573000,DUES/MEMBERSHIP-POLICE,FY26 ORIGIN APPROP,6615,leaf
Police (FinCom 2.19.26),sources/budget-workbooks/finance-committee/fy27-budget/department-presentations/police/police-budget-for-fincom-2.19.26.xlsx,Sheet1,44,12102,573000,DUES/MEMBERSHIP-POLICE,FY2027,6813.45,leaf
Police (FinCom 2.19.26),sources/budget-workbooks/finance-committee/fy27-budget/department-presentations/police/police-budget-for-fincom-2.19.26.xlsx,Sheet1,45,12102,573200,TRAINING COURSE FEES,FY24 BUDGET,23600,leaf
Police (FinCom 2.19.26),sources/budget-workbooks/finance-committee/fy27-budget/department-presentations/police/police-budget-for-fincom-2.19.26.xlsx,Sheet1,45,12102,573200,TRAINING COURSE FEES,FY25 BUDGET,23600,leaf
Police (FinCom 2.19.26),sources/budget-workbooks/finance-committee/fy27-budget/department-presentations/police/police-budget-for-fincom-2.19.26.xlsx,Sheet1,45,12102,573200,TRAINING COURSE FEES,FY26 ORIGIN APPROP,23600,leaf
Police (FinCom 2.19.26),sources/budget-workbooks/finance-committee/fy27-budget/department-presentations/police/police-budget-for-fincom-2.19.26.xlsx,Sheet1,45,12102,573200,TRAINING COURSE FEES,FY2027,23600,leaf
Police (FinCom 2.19.26),sources/budget-workbooks/finance-committee/fy27-budget/department-presentations/police/police-budget-for-fincom-2.19.26.xlsx,Sheet1,50,12131,511014,PAYROLL LOCK-UP,FY24 BUDGET,20000,leaf
Police (FinCom 2.19.26),sources/budget-workbooks/finance-committee/fy27-budget/department-presentations/police/police-budget-for-fincom-2.19.26.xlsx,Sheet1,50,12131,511014,PAYROLL LOCK-UP,FY25 BUDGET,15000,leaf
Police (FinCom 2.19.26),sources/budget-workbooks/finance-committee/fy27-budget/department-presentations/police/police-budget-for-fincom-2.19.26.xlsx,Sheet1,50,12131,511014,PAYROLL LOCK-UP,FY26 ORIGIN APPROP,15000,leaf
Police (FinCom 2.19.26),sources/budget-workbooks/finance-committee/fy27-budget/department-presentations/police/police-budget-for-fincom-2.19.26.xlsx,Sheet1,50,12131,511014,PAYROLL LOCK-UP,FY2027,15000,leaf
Police (FinCom 2.19.26),sources/budget-workbooks/finance-committee/fy27-budget/department-presentations/police/police-budget-for-fincom-2.19.26.xlsx,Sheet1,54,12132,531006,PURCHASE OF SERVICE,FY24 BUDGET,2800,leaf
Police (FinCom 2.19.26),sources/budget-workbooks/finance-committee/fy27-budget/department-presentations/police/police-budget-for-fincom-2.19.26.xlsx,Sheet1,54,12132,531006,PURCHASE OF SERVICE,FY25 BUDGET,2800,leaf
Police (FinCom 2.19.26),sources/budget-workbooks/finance-committee/fy27-budget/department-presentations/police/police-budget-for-fincom-2.19.26.xlsx,Sheet1,54,12132,531006,PURCHASE OF SERVICE,FY26 ORIGIN APPROP,2800,leaf
Police (FinCom 2.19.26),sources/budget-workbooks/finance-committee/fy27-budget/department-presentations/police/police-budget-for-fincom-2.19.26.xlsx,Sheet1,54,12132,531006,PURCHASE OF SERVICE,FY2027,2800,leaf
Police (FinCom 2.19.26),sources/budget-workbooks/finance-committee/fy27-budget/department-presentations/police/police-budget-for-fincom-2.19.26.xlsx,Sheet1,55,12132,540000,SUPPLIES-LOCK UP,FY24 BUDGET,2800,leaf
Police (FinCom 2.19.26),sources/budget-workbooks/finance-committee/fy27-budget/department-presentations/police/police-budget-for-fincom-2.19.26.xlsx,Sheet1,55,12132,540000,SUPPLIES-LOCK UP,FY25 BUDGET,2800,leaf
Police (FinCom 2.19.26),sources/budget-workbooks/finance-committee/fy27-budget/department-presentations/police/police-budget-for-fincom-2.19.26.xlsx,Sheet1,55,12132,540000,SUPPLIES-LOCK UP,FY26 ORIGIN APPROP,2800,leaf
Police (FinCom 2.19.26),sources/budget-workbooks/finance-committee/fy27-budget/department-presentations/police/police-budget-for-fincom-2.19.26.xlsx,Sheet1,55,12132,540000,SUPPLIES-LOCK UP,FY2027,2800,leaf
Police (FinCom 2.19.26),sources/budget-workbooks/finance-committee/fy27-budget/department-presentations/police/police-budget-for-fincom-2.19.26.xlsx,Sheet1,60,12141,515000,POLICE/FIRE INJURY LEAVE,FY24 BUDGET,4000,leaf
Police (FinCom 2.19.26),sources/budget-workbooks/finance-committee/fy27-budget/department-presentations/police/police-budget-for-fincom-2.19.26.xlsx,Sheet1,60,12141,515000,POLICE/FIRE INJURY LEAVE,FY25 BUDGET,4000,leaf
Police (FinCom 2.19.26),sources/budget-workbooks/finance-committee/fy27-budget/department-presentations/police/police-budget-for-fincom-2.19.26.xlsx,Sheet1,60,12141,515000,POLICE/FIRE INJURY LEAVE,FY26 ORIGIN APPROP,4000,leaf
Police (FinCom 2.19.26),sources/budget-workbooks/finance-committee/fy27-budget/department-presentations/police/police-budget-for-fincom-2.19.26.xlsx,Sheet1,60,12141,515000,POLICE/FIRE INJURY LEAVE,FY2027,4000,leaf
Police (FinCom 2.19.26),sources/budget-workbooks/finance-committee/fy27-budget/department-presentations/police/police-budget-for-fincom-2.19.26.xlsx,Sheet1,63,15242,531035,POLICE/FIRE MEDICAL EXPENSES,FY24 BUDGET,4000,leaf
Police (FinCom 2.19.26),sources/budget-workbooks/finance-committee/fy27-budget/department-presentations/police/police-budget-for-fincom-2.19.26.xlsx,Sheet1,63,15242,531035,POLICE/FIRE MEDICAL EXPENSES,FY25 BUDGET,4000,leaf
Police (FinCom 2.19.26),sources/budget-workbooks/finance-committee/fy27-budget/department-presentations/police/police-budget-for-fincom-2.19.26.xlsx,Sheet1,63,15242,531035,POLICE/FIRE MEDICAL EXPENSES,FY26 ORIGIN APPROP,4000,leaf
Police (FinCom 2.19.26),sources/budget-workbooks/finance-committee/fy27-budget/department-presentations/police/police-budget-for-fincom-2.19.26.xlsx,Sheet1,63,15242,531035,POLICE/FIRE MEDICAL EXPENSES,FY2027,6000,leaf
Police (FinCom 2.19.26),sources/budget-workbooks/finance-committee/fy27-budget/department-presentations/police/police-budget-for-fincom-2.19.26.xlsx,Sheet1,67,12281,511001,SALARIES CLERICAL (RADIO WATCH),FY24 BUDGET,49068.8,leaf
Police (FinCom 2.19.26),sources/budget-workbooks/finance-committee/fy27-budget/department-presentations/police/police-budget-for-fincom-2.19.26.xlsx,Sheet1,67,12281,511001,SALARIES CLERICAL (RADIO WATCH),FY25 BUDGET,56501.76,leaf
Police (FinCom 2.19.26),sources/budget-workbooks/finance-committee/fy27-budget/department-presentations/police/police-budget-for-fincom-2.19.26.xlsx,Sheet1,67,12281,511001,SALARIES CLERICAL (RADIO WATCH),FY26 ORIGIN APPROP,56865.92,leaf
Police (FinCom 2.19.26),sources/budget-workbooks/finance-committee/fy27-budget/department-presentations/police/police-budget-for-fincom-2.19.26.xlsx,Sheet1,67,12281,511001,SALARIES CLERICAL (RADIO WATCH),FY2027,56865.92,leaf
Police (FinCom 2.19.26),sources/budget-workbooks/finance-committee/fy27-budget/department-presentations/police/police-budget-for-fincom-2.19.26.xlsx,Sheet1,68,12281,512103,SALARIES RESERVES/CALL FF,FY24 BUDGET,46729.74,leaf
Police (FinCom 2.19.26),sources/budget-workbooks/finance-committee/fy27-budget/department-presentations/police/police-budget-for-fincom-2.19.26.xlsx,Sheet1,68,12281,512103,SALARIES RESERVES/CALL FF,FY25 BUDGET,47897.98,leaf
Police (FinCom 2.19.26),sources/budget-workbooks/finance-committee/fy27-budget/department-presentations/police/police-budget-for-fincom-2.19.26.xlsx,Sheet1,68,12281,512103,SALARIES RESERVES/CALL FF,FY26 ORIGIN APPROP,47897.98,leaf
Police (FinCom 2.19.26),sources/budget-workbooks/finance-committee/fy27-budget/department-presentations/police/police-budget-for-fincom-2.19.26.xlsx,Sheet1,68,12281,512103,SALARIES RESERVES/CALL FF,FY2027,47898,leaf
Police (FinCom 2.19.26),sources/budget-workbooks/finance-committee/fy27-budget/department-presentations/police/police-budget-for-fincom-2.19.26.xlsx,Sheet1,72,12282,573300,NVRDD ASSESSMENT,FY24 BUDGET,212921.42,leaf
Police (FinCom 2.19.26),sources/budget-workbooks/finance-committee/fy27-budget/department-presentations/police/police-budget-for-fincom-2.19.26.xlsx,Sheet1,72,12282,573300,NVRDD ASSESSMENT,FY25 BUDGET,200913.97,leaf
Police (FinCom 2.19.26),sources/budget-workbooks/finance-committee/fy27-budget/department-presentations/police/police-budget-for-fincom-2.19.26.xlsx,Sheet1,72,12282,573300,NVRDD ASSESSMENT,FY26 ORIGIN APPROP,206000,leaf
Police (FinCom 2.19.26),sources/budget-workbooks/finance-committee/fy27-budget/department-presentations/police/police-budget-for-fincom-2.19.26.xlsx,Sheet1,72,12282,573300,NVRDD ASSESSMENT,FY2027,208000,leaf
Police (FinCom 2.19.26),sources/budget-workbooks/finance-committee/fy27-budget/department-presentations/police/police-budget-for-fincom-2.19.26.xlsx,Sheet1,77,12921,511000,ANIMAL CONTROL OFFICER SALARY,FY24 BUDGET,20000,leaf
Police (FinCom 2.19.26),sources/budget-workbooks/finance-committee/fy27-budget/department-presentations/police/police-budget-for-fincom-2.19.26.xlsx,Sheet1,77,12921,511000,ANIMAL CONTROL OFFICER SALARY,FY25 BUDGET,35000,leaf
Police (FinCom 2.19.26),sources/budget-workbooks/finance-committee/fy27-budget/department-presentations/police/police-budget-for-fincom-2.19.26.xlsx,Sheet1,77,12921,511000,ANIMAL CONTROL OFFICER SALARY,FY26 ORIGIN APPROP,35000,leaf
Police (FinCom 2.19.26),sources/budget-workbooks/finance-committee/fy27-budget/department-presentations/police/police-budget-for-fincom-2.19.26.xlsx,Sheet1,77,12921,511000,ANIMAL CONTROL OFFICER SALARY,FY2027,35000,leaf
Police (FinCom 2.19.26),sources/budget-workbooks/finance-committee/fy27-budget/department-presentations/police/police-budget-for-fincom-2.19.26.xlsx,Sheet1,78,12921,511107,INSPECTOR OF ANIMALS SALARY,FY24 BUDGET,0,leaf
Police (FinCom 2.19.26),sources/budget-workbooks/finance-committee/fy27-budget/department-presentations/police/police-budget-for-fincom-2.19.26.xlsx,Sheet1,78,12921,511107,INSPECTOR OF ANIMALS SALARY,FY25 BUDGET,0,leaf
Police (FinCom 2.19.26),sources/budget-workbooks/finance-committee/fy27-budget/department-presentations/police/police-budget-for-fincom-2.19.26.xlsx,Sheet1,78,12921,511107,INSPECTOR OF ANIMALS SALARY,FY26 ORIGIN APPROP,1000,leaf
Police (FinCom 2.19.26),sources/budget-workbooks/finance-committee/fy27-budget/department-presentations/police/police-budget-for-fincom-2.19.26.xlsx,Sheet1,78,12921,511107,INSPECTOR OF ANIMALS SALARY,FY2027,1000,leaf
Police (FinCom 2.19.26),sources/budget-workbooks/finance-committee/fy27-budget/department-presentations/police/police-budget-for-fincom-2.19.26.xlsx,Sheet1,82,12922,531025,VETERINARY CHARGES,FY24 BUDGET,6000,leaf
Police (FinCom 2.19.26),sources/budget-workbooks/finance-committee/fy27-budget/department-presentations/police/police-budget-for-fincom-2.19.26.xlsx,Sheet1,82,12922,531025,VETERINARY CHARGES,FY25 BUDGET,6000,leaf
Police (FinCom 2.19.26),sources/budget-workbooks/finance-committee/fy27-budget/department-presentations/police/police-budget-for-fincom-2.19.26.xlsx,Sheet1,82,12922,531025,VETERINARY CHARGES,FY26 ORIGIN APPROP,6000,leaf
Police (FinCom 2.19.26),sources/budget-workbooks/finance-committee/fy27-budget/department-presentations/police/police-budget-for-fincom-2.19.26.xlsx,Sheet1,82,12922,531025,VETERINARY CHARGES,FY2027,6000,leaf
Police (FinCom 2.19.26),sources/budget-workbooks/finance-committee/fy27-budget/department-presentations/police/police-budget-for-fincom-2.19.26.xlsx,Sheet1,83,12922,531026,CARE AND CUSTODY,FY24 BUDGET,15000,leaf
Police (FinCom 2.19.26),sources/budget-workbooks/finance-committee/fy27-budget/department-presentations/police/police-budget-for-fincom-2.19.26.xlsx,Sheet1,83,12922,531026,CARE AND CUSTODY,FY25 BUDGET,0,leaf
Police (FinCom 2.19.26),sources/budget-workbooks/finance-committee/fy27-budget/department-presentations/police/police-budget-for-fincom-2.19.26.xlsx,Sheet1,83,12922,531026,CARE AND CUSTODY,FY26 ORIGIN APPROP,0,leaf
Police (FinCom 2.19.26),sources/budget-workbooks/finance-committee/fy27-budget/department-presentations/police/police-budget-for-fincom-2.19.26.xlsx,Sheet1,83,12922,531026,CARE AND CUSTODY,FY2027,0,leaf
Police (FinCom 2.19.26),sources/budget-workbooks/finance-committee/fy27-budget/department-presentations/police/police-budget-for-fincom-2.19.26.xlsx,Sheet1,84,12922,534200,PRINTING,FY24 BUDGET,500,leaf
Police (FinCom 2.19.26),sources/budget-workbooks/finance-committee/fy27-budget/department-presentations/police/police-budget-for-fincom-2.19.26.xlsx,Sheet1,84,12922,534200,PRINTING,FY25 BUDGET,625,leaf
Police (FinCom 2.19.26),sources/budget-workbooks/finance-committee/fy27-budget/department-presentations/police/police-budget-for-fincom-2.19.26.xlsx,Sheet1,84,12922,534200,PRINTING,FY26 ORIGIN APPROP,625,leaf
Police (FinCom 2.19.26),sources/budget-workbooks/finance-committee/fy27-budget/department-presentations/police/police-budget-for-fincom-2.19.26.xlsx,Sheet1,84,12922,534200,PRINTING,FY2027,625,leaf
Police (FinCom 2.19.26),sources/budget-workbooks/finance-committee/fy27-budget/department-presentations/police/police-budget-for-fincom-2.19.26.xlsx,Sheet1,85,12922,540000,OFFICE SUPPLIES,FY24 BUDGET,3500,leaf
Police (FinCom 2.19.26),sources/budget-workbooks/finance-committee/fy27-budget/department-presentations/police/police-budget-for-fincom-2.19.26.xlsx,Sheet1,85,12922,540000,OFFICE SUPPLIES,FY25 BUDGET,3500,leaf
Police (FinCom 2.19.26),sources/budget-workbooks/finance-committee/fy27-budget/department-presentations/police/police-budget-for-fincom-2.19.26.xlsx,Sheet1,85,12922,540000,OFFICE SUPPLIES,FY26 ORIGIN APPROP,3500,leaf
Police (FinCom 2.19.26),sources/budget-workbooks/finance-committee/fy27-budget/department-presentations/police/police-budget-for-fincom-2.19.26.xlsx,Sheet1,85,12922,540000,OFFICE SUPPLIES,FY2027,3500,leaf
Police (FinCom 2.19.26),sources/budget-workbooks/finance-committee/fy27-budget/department-presentations/police/police-budget-for-fincom-2.19.26.xlsx,Sheet1,86,12922,540003,KENNEL AT PUBLIC SAFETY BLDG,FY24 BUDGET,4000,leaf
Police (FinCom 2.19.26),sources/budget-workbooks/finance-committee/fy27-budget/department-presentations/police/police-budget-for-fincom-2.19.26.xlsx,Sheet1,86,12922,540003,KENNEL AT PUBLIC SAFETY BLDG,FY25 BUDGET,0,leaf
Police (FinCom 2.19.26),sources/budget-workbooks/finance-committee/fy27-budget/department-presentations/police/police-budget-for-fincom-2.19.26.xlsx,Sheet1,86,12922,540003,KENNEL AT PUBLIC SAFETY BLDG,FY26 ORIGIN APPROP,0,leaf
Police (FinCom 2.19.26),sources/budget-workbooks/finance-committee/fy27-budget/department-presentations/police/police-budget-for-fincom-2.19.26.xlsx,Sheet1,86,12922,540003,KENNEL AT PUBLIC SAFETY BLDG,FY2027,0,leaf
Police (FinCom 2.19.26),sources/budget-workbooks/finance-committee/fy27-budget/department-presentations/police/police-budget-for-fincom-2.19.26.xlsx,Sheet1,92,14292102,531006,PURCHASE OF SERVICE,FY24 BUDGET,9000,leaf
Police (FinCom 2.19.26),sources/budget-workbooks/finance-committee/fy27-budget/department-presentations/police/police-budget-for-fincom-2.19.26.xlsx,Sheet1,92,14292102,531006,PURCHASE OF SERVICE,FY25 BUDGET,9000,leaf
Police (FinCom 2.19.26),sources/budget-workbooks/finance-committee/fy27-budget/department-presentations/police/police-budget-for-fincom-2.19.26.xlsx,Sheet1,92,14292102,531006,PURCHASE OF SERVICE,FY26 ORIGIN APPROP,9000,leaf
Police (FinCom 2.19.26),sources/budget-workbooks/finance-committee/fy27-budget/department-presentations/police/police-budget-for-fincom-2.19.26.xlsx,Sheet1,92,14292102,531006,PURCHASE OF SERVICE,FY2027,9000,leaf
Police (FinCom 2.19.26),sources/budget-workbooks/finance-committee/fy27-budget/department-presentations/police/police-budget-for-fincom-2.19.26.xlsx,Sheet1,93,14292102,541018,VEHICLE MAINTENANCE SUPPLIES POLICE,FY24 BUDGET,18000,leaf
Police (FinCom 2.19.26),sources/budget-workbooks/finance-committee/fy27-budget/department-presentations/police/police-budget-for-fincom-2.19.26.xlsx,Sheet1,93,14292102,541018,VEHICLE MAINTENANCE SUPPLIES POLICE,FY25 BUDGET,18000,leaf
Police (FinCom 2.19.26),sources/budget-workbooks/finance-committee/fy27-budget/department-presentations/police/police-budget-for-fincom-2.19.26.xlsx,Sheet1,93,14292102,541018,VEHICLE MAINTENANCE SUPPLIES POLICE,FY26 ORIGIN APPROP,18000,leaf
Police (FinCom 2.19.26),sources/budget-workbooks/finance-committee/fy27-budget/department-presentations/police/police-budget-for-fincom-2.19.26.xlsx,Sheet1,93,14292102,541018,VEHICLE MAINTENANCE SUPPLIES POLICE,FY2027,18000,leaf
Police (FinCom 2.19.26),sources/budget-workbooks/finance-committee/fy27-budget/department-presentations/police/police-budget-for-fincom-2.19.26.xlsx,Sheet1,94,14292102,541019,FUEL CHARGES POLICE,FY24 BUDGET,40000,leaf
Police (FinCom 2.19.26),sources/budget-workbooks/finance-committee/fy27-budget/department-presentations/police/police-budget-for-fincom-2.19.26.xlsx,Sheet1,94,14292102,541019,FUEL CHARGES POLICE,FY25 BUDGET,40000,leaf
Police (FinCom 2.19.26),sources/budget-workbooks/finance-committee/fy27-budget/department-presentations/police/police-budget-for-fincom-2.19.26.xlsx,Sheet1,94,14292102,541019,FUEL CHARGES POLICE,FY26 ORIGIN APPROP,40000,leaf
Police (FinCom 2.19.26),sources/budget-workbooks/finance-committee/fy27-budget/department-presentations/police/police-budget-for-fincom-2.19.26.xlsx,Sheet1,94,14292102,541019,FUEL CHARGES POLICE,FY2027,40000,leaf
Police (FinCom 2.19.26),sources/budget-workbooks/finance-committee/fy27-budget/department-presentations/police/police-budget-for-fincom-2.19.26.xlsx,Sheet1,32,,,TOTAL PAYROLL - POLICE,FY24 BUDGET,2221484.0100000002,subtotal
Police (FinCom 2.19.26),sources/budget-workbooks/finance-committee/fy27-budget/department-presentations/police/police-budget-for-fincom-2.19.26.xlsx,Sheet1,32,,,TOTAL PAYROLL - POLICE,FY25 BUDGET,2324068.8499999996,subtotal
Police (FinCom 2.19.26),sources/budget-workbooks/finance-committee/fy27-budget/department-presentations/police/police-budget-for-fincom-2.19.26.xlsx,Sheet1,32,,,TOTAL PAYROLL - POLICE,FY26 ORIGIN APPROP,2317719.8699999996,subtotal
Police (FinCom 2.19.26),sources/budget-workbooks/finance-committee/fy27-budget/department-presentations/police/police-budget-for-fincom-2.19.26.xlsx,Sheet1,32,,,TOTAL PAYROLL - POLICE,FY2027,2484639.24,subtotal
Police (FinCom 2.19.26),sources/budget-workbooks/finance-committee/fy27-budget/department-presentations/police/police-budget-for-fincom-2.19.26.xlsx,Sheet1,47,,,TOTAL EXPENSE - POLICE,FY24 BUDGET,84530,subtotal
Police (FinCom 2.19.26),sources/budget-workbooks/finance-committee/fy27-budget/department-presentations/police/police-budget-for-fincom-2.19.26.xlsx,Sheet1,47,,,TOTAL EXPENSE - POLICE,FY25 BUDGET,88550,subtotal
Police (FinCom 2.19.26),sources/budget-workbooks/finance-committee/fy27-budget/department-presentations/police/police-budget-for-fincom-2.19.26.xlsx,Sheet1,47,,,TOTAL EXPENSE - POLICE,FY26 ORIGIN APPROP,88452.6,subtotal
Police (FinCom 2.19.26),sources/budget-workbooks/finance-committee/fy27-budget/department-presentations/police/police-budget-for-fincom-2.19.26.xlsx,Sheet1,47,,,TOTAL EXPENSE - POLICE,FY2027,96918.68,subtotal
Police (FinCom 2.19.26),sources/budget-workbooks/finance-committee/fy27-budget/department-presentations/police/police-budget-for-fincom-2.19.26.xlsx,Sheet1,48,,,TOTAL POLICE,FY24 BUDGET,2306014.0100000002,total
Police (FinCom 2.19.26),sources/budget-workbooks/finance-committee/fy27-budget/department-presentations/police/police-budget-for-fincom-2.19.26.xlsx,Sheet1,48,,,TOTAL POLICE,FY25 BUDGET,2412618.8499999996,total
Police (FinCom 2.19.26),sources/budget-workbooks/finance-committee/fy27-budget/department-presentations/police/police-budget-for-fincom-2.19.26.xlsx,Sheet1,48,,,TOTAL POLICE,FY26 ORIGIN APPROP,2406172.4699999997,total
Police (FinCom 2.19.26),sources/budget-workbooks/finance-committee/fy27-budget/department-presentations/police/police-budget-for-fincom-2.19.26.xlsx,Sheet1,48,,,TOTAL POLICE,FY2027,2581557.9200000004,total
Police (FinCom 2.19.26),sources/budget-workbooks/finance-committee/fy27-budget/department-presentations/police/police-budget-for-fincom-2.19.26.xlsx,Sheet1,52,,,TOTAL  PAYROLL - LOCK UP,FY24 BUDGET,20000,subtotal
Police (FinCom 2.19.26),sources/budget-workbooks/finance-committee/fy27-budget/department-presentations/police/police-budget-for-fincom-2.19.26.xlsx,Sheet1,52,,,TOTAL  PAYROLL - LOCK UP,FY25 BUDGET,15000,subtotal
Police (FinCom 2.19.26),sources/budget-workbooks/finance-committee/fy27-budget/department-presentations/police/police-budget-for-fincom-2.19.26.xlsx,Sheet1,52,,,TOTAL  PAYROLL - LOCK UP,FY26 ORIGIN APPROP,15000,subtotal
Police (FinCom 2.19.26),sources/budget-workbooks/finance-committee/fy27-budget/department-presentations/police/police-budget-for-fincom-2.19.26.xlsx,Sheet1,52,,,TOTAL  PAYROLL - LOCK UP,FY2027,15000,subtotal
Police (FinCom 2.19.26),sources/budget-workbooks/finance-committee/fy27-budget/department-presentations/police/police-budget-for-fincom-2.19.26.xlsx,Sheet1,57,,,TOTAL EXPENSE - LOCK UP,FY24 BUDGET,5600,subtotal
Police (FinCom 2.19.26),sources/budget-workbooks/finance-committee/fy27-budget/department-presentations/police/police-budget-for-fincom-2.19.26.xlsx,Sheet1,57,,,TOTAL EXPENSE - LOCK UP,FY25 BUDGET,5600,subtotal
Police (FinCom 2.19.26),sources/budget-workbooks/finance-committee/fy27-budget/department-presentations/police/police-budget-for-fincom-2.19.26.xlsx,Sheet1,57,,,TOTAL EXPENSE - LOCK UP,FY26 ORIGIN APPROP,5600,subtotal
Police (FinCom 2.19.26),sources/budget-workbooks/finance-committee/fy27-budget/department-presentations/police/police-budget-for-fincom-2.19.26.xlsx,Sheet1,57,,,TOTAL EXPENSE - LOCK UP,FY2027,5600,subtotal
Police (FinCom 2.19.26),sources/budget-workbooks/finance-committee/fy27-budget/department-presentations/police/police-budget-for-fincom-2.19.26.xlsx,Sheet1,58,,,TOTAL POLICE LOCK UP,FY24 BUDGET,25600,total
Police (FinCom 2.19.26),sources/budget-workbooks/finance-committee/fy27-budget/department-presentations/police/police-budget-for-fincom-2.19.26.xlsx,Sheet1,58,,,TOTAL POLICE LOCK UP,FY25 BUDGET,20600,total
Police (FinCom 2.19.26),sources/budget-workbooks/finance-committee/fy27-budget/department-presentations/police/police-budget-for-fincom-2.19.26.xlsx,Sheet1,58,,,TOTAL POLICE LOCK UP,FY26 ORIGIN APPROP,20600,total
Police (FinCom 2.19.26),sources/budget-workbooks/finance-committee/fy27-budget/department-presentations/police/police-budget-for-fincom-2.19.26.xlsx,Sheet1,58,,,TOTAL POLICE LOCK UP,FY2027,20600,total
Police (FinCom 2.19.26),sources/budget-workbooks/finance-committee/fy27-budget/department-presentations/police/police-budget-for-fincom-2.19.26.xlsx,Sheet1,61,,,TOTAL INJURY LEAVE,FY24 BUDGET,4000,total
Police (FinCom 2.19.26),sources/budget-workbooks/finance-committee/fy27-budget/department-presentations/police/police-budget-for-fincom-2.19.26.xlsx,Sheet1,61,,,TOTAL INJURY LEAVE,FY25 BUDGET,4000,total
Police (FinCom 2.19.26),sources/budget-workbooks/finance-committee/fy27-budget/department-presentations/police/police-budget-for-fincom-2.19.26.xlsx,Sheet1,61,,,TOTAL INJURY LEAVE,FY26 ORIGIN APPROP,4000,total
Police (FinCom 2.19.26),sources/budget-workbooks/finance-committee/fy27-budget/department-presentations/police/police-budget-for-fincom-2.19.26.xlsx,Sheet1,61,,,TOTAL INJURY LEAVE,FY2027,4000,total
Police (FinCom 2.19.26),sources/budget-workbooks/finance-committee/fy27-budget/department-presentations/police/police-budget-for-fincom-2.19.26.xlsx,Sheet1,64,,,TOTAL POLICE FIRE/MEDICAL EXPENSES,FY24 BUDGET,4000,total
Police (FinCom 2.19.26),sources/budget-workbooks/finance-committee/fy27-budget/department-presentations/police/police-budget-for-fincom-2.19.26.xlsx,Sheet1,64,,,TOTAL POLICE FIRE/MEDICAL EXPENSES,FY25 BUDGET,4000,total
Police (FinCom 2.19.26),sources/budget-workbooks/finance-committee/fy27-budget/department-presentations/police/police-budget-for-fincom-2.19.26.xlsx,Sheet1,64,,,TOTAL POLICE FIRE/MEDICAL EXPENSES,FY26 ORIGIN APPROP,4000,total
Police (FinCom 2.19.26),sources/budget-workbooks/finance-committee/fy27-budget/department-presentations/police/police-budget-for-fincom-2.19.26.xlsx,Sheet1,64,,,TOTAL POLICE FIRE/MEDICAL EXPENSES,FY2027,6000,total
Police (FinCom 2.19.26),sources/budget-workbooks/finance-committee/fy27-budget/department-presentations/police/police-budget-for-fincom-2.19.26.xlsx,Sheet1,65,,,SUBTOTAL POLICE,FY24 BUDGET,2339614.0100000002,total
Police (FinCom 2.19.26),sources/budget-workbooks/finance-committee/fy27-budget/department-presentations/police/police-budget-for-fincom-2.19.26.xlsx,Sheet1,65,,,SUBTOTAL POLICE,FY25 BUDGET,2441218.8499999996,total
Police (FinCom 2.19.26),sources/budget-workbooks/finance-committee/fy27-budget/department-presentations/police/police-budget-for-fincom-2.19.26.xlsx,Sheet1,65,,,SUBTOTAL POLICE,FY26 ORIGIN APPROP,2434772.4699999997,total
Police (FinCom 2.19.26),sources/budget-workbooks/finance-committee/fy27-budget/department-presentations/police/police-budget-for-fincom-2.19.26.xlsx,Sheet1,65,,,SUBTOTAL POLICE,FY2027,2612157.9200000004,total
Police (FinCom 2.19.26),sources/budget-workbooks/finance-committee/fy27-budget/department-presentations/police/police-budget-for-fincom-2.19.26.xlsx,Sheet1,70,,,TOTAL SALARY - CALL FIRE FIGHTERS,FY24 BUDGET,95798.54000000001,subtotal
Police (FinCom 2.19.26),sources/budget-workbooks/finance-committee/fy27-budget/department-presentations/police/police-budget-for-fincom-2.19.26.xlsx,Sheet1,70,,,TOTAL SALARY - CALL FIRE FIGHTERS,FY25 BUDGET,104399.74,subtotal
Police (FinCom 2.19.26),sources/budget-workbooks/finance-committee/fy27-budget/department-presentations/police/police-budget-for-fincom-2.19.26.xlsx,Sheet1,70,,,TOTAL SALARY - CALL FIRE FIGHTERS,FY26 ORIGIN APPROP,104763.9,subtotal
Police (FinCom 2.19.26),sources/budget-workbooks/finance-committee/fy27-budget/department-presentations/police/police-budget-for-fincom-2.19.26.xlsx,Sheet1,70,,,TOTAL SALARY - CALL FIRE FIGHTERS,FY2027,104763.92,subtotal
Police (FinCom 2.19.26),sources/budget-workbooks/finance-committee/fy27-budget/department-presentations/police/police-budget-for-fincom-2.19.26.xlsx,Sheet1,74,,,TOTAL EXPENSE - DISPATCH,FY24 BUDGET,212921.42,subtotal
Police (FinCom 2.19.26),sources/budget-workbooks/finance-committee/fy27-budget/department-presentations/police/police-budget-for-fincom-2.19.26.xlsx,Sheet1,74,,,TOTAL EXPENSE - DISPATCH,FY25 BUDGET,200913.97,subtotal
Police (FinCom 2.19.26),sources/budget-workbooks/finance-committee/fy27-budget/department-presentations/police/police-budget-for-fincom-2.19.26.xlsx,Sheet1,74,,,TOTAL EXPENSE - DISPATCH,FY26 ORIGIN APPROP,206000,subtotal
Police (FinCom 2.19.26),sources/budget-workbooks/finance-committee/fy27-budget/department-presentations/police/police-budget-for-fincom-2.19.26.xlsx,Sheet1,74,,,TOTAL EXPENSE - DISPATCH,FY2027,208000,subtotal
Police (FinCom 2.19.26),sources/budget-workbooks/finance-committee/fy27-budget/department-presentations/police/police-budget-for-fincom-2.19.26.xlsx,Sheet1,75,,,TOTAL RADIO WATCH,FY24 BUDGET,308719.96,total
Police (FinCom 2.19.26),sources/budget-workbooks/finance-committee/fy27-budget/department-presentations/police/police-budget-for-fincom-2.19.26.xlsx,Sheet1,75,,,TOTAL RADIO WATCH,FY25 BUDGET,305313.71,total
Police (FinCom 2.19.26),sources/budget-workbooks/finance-committee/fy27-budget/department-presentations/police/police-budget-for-fincom-2.19.26.xlsx,Sheet1,75,,,TOTAL RADIO WATCH,FY26 ORIGIN APPROP,310763.9,total
Police (FinCom 2.19.26),sources/budget-workbooks/finance-committee/fy27-budget/department-presentations/police/police-budget-for-fincom-2.19.26.xlsx,Sheet1,75,,,TOTAL RADIO WATCH,FY2027,312763.92,total
Police (FinCom 2.19.26),sources/budget-workbooks/finance-committee/fy27-budget/department-presentations/police/police-budget-for-fincom-2.19.26.xlsx,Sheet1,80,,,TOTAL SALARY - ANIMAL CONTROL,FY24 BUDGET,20000,subtotal
Police (FinCom 2.19.26),sources/budget-workbooks/finance-committee/fy27-budget/department-presentations/police/police-budget-for-fincom-2.19.26.xlsx,Sheet1,80,,,TOTAL SALARY - ANIMAL CONTROL,FY25 BUDGET,35000,subtotal
Police (FinCom 2.19.26),sources/budget-workbooks/finance-committee/fy27-budget/department-presentations/police/police-budget-for-fincom-2.19.26.xlsx,Sheet1,80,,,TOTAL SALARY - ANIMAL CONTROL,FY26 ORIGIN APPROP,36000,subtotal
Police (FinCom 2.19.26),sources/budget-workbooks/finance-committee/fy27-budget/department-presentations/police/police-budget-for-fincom-2.19.26.xlsx,Sheet1,80,,,TOTAL SALARY - ANIMAL CONTROL,FY2027,36000,subtotal
Police (FinCom 2.19.26),sources/budget-workbooks/finance-committee/fy27-budget/department-presentations/police/police-budget-for-fincom-2.19.26.xlsx,Sheet1,88,,,TOTAL EXPENSE - ANIMAL CONTROL,FY24 BUDGET,29000,subtotal
Police (FinCom 2.19.26),sources/budget-workbooks/finance-committee/fy27-budget/department-presentations/police/police-budget-for-fincom-2.19.26.xlsx,Sheet1,88,,,TOTAL EXPENSE - ANIMAL CONTROL,FY25 BUDGET,10125,subtotal
Police (FinCom 2.19.26),sources/budget-workbooks/finance-committee/fy27-budget/department-presentations/police/police-budget-for-fincom-2.19.26.xlsx,Sheet1,88,,,TOTAL EXPENSE - ANIMAL CONTROL,FY26 ORIGIN APPROP,10125,subtotal
Police (FinCom 2.19.26),sources/budget-workbooks/finance-committee/fy27-budget/department-presentations/police/police-budget-for-fincom-2.19.26.xlsx,Sheet1,88,,,TOTAL EXPENSE - ANIMAL CONTROL,FY2027,10125,subtotal
Police (FinCom 2.19.26),sources/budget-workbooks/finance-committee/fy27-budget/department-presentations/police/police-budget-for-fincom-2.19.26.xlsx,Sheet1,89,,,TOTAL ANIMAL CONTROL,FY24 BUDGET,49000,total
Police (FinCom 2.19.26),sources/budget-workbooks/finance-committee/fy27-budget/department-presentations/police/police-budget-for-fincom-2.19.26.xlsx,Sheet1,89,,,TOTAL ANIMAL CONTROL,FY25 BUDGET,45125,total
Police (FinCom 2.19.26),sources/budget-workbooks/finance-committee/fy27-budget/department-presentations/police/police-budget-for-fincom-2.19.26.xlsx,Sheet1,89,,,TOTAL ANIMAL CONTROL,FY26 ORIGIN APPROP,46125,total
Police (FinCom 2.19.26),sources/budget-workbooks/finance-committee/fy27-budget/department-presentations/police/police-budget-for-fincom-2.19.26.xlsx,Sheet1,89,,,TOTAL ANIMAL CONTROL,FY2027,46125,total
Police (FinCom 2.19.26),sources/budget-workbooks/finance-committee/fy27-budget/department-presentations/police/police-budget-for-fincom-2.19.26.xlsx,Sheet1,96,,,TOTAL EXPENSES - VEHICLE MTC POLICE DEPT,FY24 BUDGET,67000,subtotal
Police (FinCom 2.19.26),sources/budget-workbooks/finance-committee/fy27-budget/department-presentations/police/police-budget-for-fincom-2.19.26.xlsx,Sheet1,96,,,TOTAL EXPENSES - VEHICLE MTC POLICE DEPT,FY25 BUDGET,67000,subtotal
Police (FinCom 2.19.26),sources/budget-workbooks/finance-committee/fy27-budget/department-presentations/police/police-budget-for-fincom-2.19.26.xlsx,Sheet1,96,,,TOTAL EXPENSES - VEHICLE MTC POLICE DEPT,FY26 ORIGIN APPROP,67000,subtotal
Police (FinCom 2.19.26),sources/budget-workbooks/finance-committee/fy27-budget/department-presentations/police/police-budget-for-fincom-2.19.26.xlsx,Sheet1,96,,,TOTAL EXPENSES - VEHICLE MTC POLICE DEPT,FY2027,67000,subtotal
Fire (FinCom 2.19.26),sources/budget-workbooks/finance-committee/fy27-budget/department-presentations/fire/fire-budget-for-fincom-2.19.26.xlsx,Sheet1,2,12201,511000,FIRE CHIEF SALARY,FY24 BUDGET,106446,leaf
Fire (FinCom 2.19.26),sources/budget-workbooks/finance-committee/fy27-budget/department-presentations/fire/fire-budget-for-fincom-2.19.26.xlsx,Sheet1,2,12201,511000,FIRE CHIEF SALARY,FY25 BUDGET,106446,leaf
Fire (FinCom 2.19.26),sources/budget-workbooks/finance-committee/fy27-budget/department-presentations/fire/fire-budget-for-fincom-2.19.26.xlsx,Sheet1,2,12201,511000,FIRE CHIEF SALARY,FY26 ORIGIN APPROP,116758,leaf
Fire (FinCom 2.19.26),sources/budget-workbooks/finance-committee/fy27-budget/department-presentations/fire/fire-budget-for-fincom-2.19.26.xlsx,Sheet1,2,12201,511000,FIRE CHIEF SALARY,FY2027,145000,leaf
Fire (FinCom 2.19.26),sources/budget-workbooks/finance-committee/fy27-budget/department-presentations/fire/fire-budget-for-fincom-2.19.26.xlsx,Sheet1,3,12201,511001,FIRE DEPT CLERICAL SALARIES,FY24 BUDGET,64489.66,leaf
Fire (FinCom 2.19.26),sources/budget-workbooks/finance-committee/fy27-budget/department-presentations/fire/fire-budget-for-fincom-2.19.26.xlsx,Sheet1,3,12201,511001,FIRE DEPT CLERICAL SALARIES,FY25 BUDGET,64707.12,leaf
Fire (FinCom 2.19.26),sources/budget-workbooks/finance-committee/fy27-budget/department-presentations/fire/fire-budget-for-fincom-2.19.26.xlsx,Sheet1,3,12201,511001,FIRE DEPT CLERICAL SALARIES,FY26 ORIGIN APPROP,72495.36,leaf
Fire (FinCom 2.19.26),sources/budget-workbooks/finance-committee/fy27-budget/department-presentations/fire/fire-budget-for-fincom-2.19.26.xlsx,Sheet1,3,12201,511001,FIRE DEPT CLERICAL SALARIES,FY2027,74666.88,leaf
Fire (FinCom 2.19.26),sources/budget-workbooks/finance-committee/fy27-budget/department-presentations/fire/fire-budget-for-fincom-2.19.26.xlsx,Sheet1,4,12201,511007,CAREER FIREFIGHTERS SALARIES,FY24 BUDGET,708455.42,leaf
Fire (FinCom 2.19.26),sources/budget-workbooks/finance-committee/fy27-budget/department-presentations/fire/fire-budget-for-fincom-2.19.26.xlsx,Sheet1,4,12201,511007,CAREER FIREFIGHTERS SALARIES,FY25 BUDGET,735398.9,leaf
Fire (FinCom 2.19.26),sources/budget-workbooks/finance-committee/fy27-budget/department-presentations/fire/fire-budget-for-fincom-2.19.26.xlsx,Sheet1,4,12201,511007,CAREER FIREFIGHTERS SALARIES,FY26 ORIGIN APPROP,760304.69,leaf
Fire (FinCom 2.19.26),sources/budget-workbooks/finance-committee/fy27-budget/department-presentations/fire/fire-budget-for-fincom-2.19.26.xlsx,Sheet1,4,12201,511007,CAREER FIREFIGHTERS SALARIES,FY2027,981393.04,leaf
Fire (FinCom 2.19.26),sources/budget-workbooks/finance-committee/fy27-budget/department-presentations/fire/fire-budget-for-fincom-2.19.26.xlsx,Sheet1,5,12201,511008,AMBULANCE DIRECTOR SALARY,FY24 BUDGET,1500,leaf
Fire (FinCom 2.19.26),sources/budget-workbooks/finance-committee/fy27-budget/department-presentations/fire/fire-budget-for-fincom-2.19.26.xlsx,Sheet1,5,12201,511008,AMBULANCE DIRECTOR SALARY,FY25 BUDGET,2500,leaf
Fire (FinCom 2.19.26),sources/budget-workbooks/finance-committee/fy27-budget/department-presentations/fire/fire-budget-for-fincom-2.19.26.xlsx,Sheet1,5,12201,511008,AMBULANCE DIRECTOR SALARY,FY26 ORIGIN APPROP,2500,leaf
Fire (FinCom 2.19.26),sources/budget-workbooks/finance-committee/fy27-budget/department-presentations/fire/fire-budget-for-fincom-2.19.26.xlsx,Sheet1,5,12201,511008,AMBULANCE DIRECTOR SALARY,FY2027,2500,leaf
Fire (FinCom 2.19.26),sources/budget-workbooks/finance-committee/fy27-budget/department-presentations/fire/fire-budget-for-fincom-2.19.26.xlsx,Sheet1,6,12201,511010,FIREFIGHTERS SALARIES,FY24 BUDGET,200659.92,leaf
Fire (FinCom 2.19.26),sources/budget-workbooks/finance-committee/fy27-budget/department-presentations/fire/fire-budget-for-fincom-2.19.26.xlsx,Sheet1,6,12201,511010,FIREFIGHTERS SALARIES,FY25 BUDGET,200659.92,leaf
Fire (FinCom 2.19.26),sources/budget-workbooks/finance-committee/fy27-budget/department-presentations/fire/fire-budget-for-fincom-2.19.26.xlsx,Sheet1,6,12201,511010,FIREFIGHTERS SALARIES,FY26 ORIGIN APPROP,291070.34,leaf
Fire (FinCom 2.19.26),sources/budget-workbooks/finance-committee/fy27-budget/department-presentations/fire/fire-budget-for-fincom-2.19.26.xlsx,Sheet1,6,12201,511010,FIREFIGHTERS SALARIES,FY2027,291070.34,leaf
Fire (FinCom 2.19.26),sources/budget-workbooks/finance-committee/fy27-budget/department-presentations/fire/fire-budget-for-fincom-2.19.26.xlsx,Sheet1,7,12201,511011,EMT'S SALARIES,FY24 BUDGET,70469.7,leaf
Fire (FinCom 2.19.26),sources/budget-workbooks/finance-committee/fy27-budget/department-presentations/fire/fire-budget-for-fincom-2.19.26.xlsx,Sheet1,7,12201,511011,EMT'S SALARIES,FY25 BUDGET,70469.7,leaf
Fire (FinCom 2.19.26),sources/budget-workbooks/finance-committee/fy27-budget/department-presentations/fire/fire-budget-for-fincom-2.19.26.xlsx,Sheet1,7,12201,511011,EMT'S SALARIES,FY26 ORIGIN APPROP,0,leaf
Fire (FinCom 2.19.26),sources/budget-workbooks/finance-committee/fy27-budget/department-presentations/fire/fire-budget-for-fincom-2.19.26.xlsx,Sheet1,7,12201,511011,EMT'S SALARIES,FY2027,0,leaf
Fire (FinCom 2.19.26),sources/budget-workbooks/finance-committee/fy27-budget/department-presentations/fire/fire-budget-for-fincom-2.19.26.xlsx,Sheet1,8,12201,511031,OUT OF GRADE PAY,FY24 BUDGET,5000,leaf
Fire (FinCom 2.19.26),sources/budget-workbooks/finance-committee/fy27-budget/department-presentations/fire/fire-budget-for-fincom-2.19.26.xlsx,Sheet1,8,12201,511031,OUT OF GRADE PAY,FY25 BUDGET,5000,leaf
Fire (FinCom 2.19.26),sources/budget-workbooks/finance-committee/fy27-budget/department-presentations/fire/fire-budget-for-fincom-2.19.26.xlsx,Sheet1,8,12201,511031,OUT OF GRADE PAY,FY26 ORIGIN APPROP,5000,leaf
Fire (FinCom 2.19.26),sources/budget-workbooks/finance-committee/fy27-budget/department-presentations/fire/fire-budget-for-fincom-2.19.26.xlsx,Sheet1,8,12201,511031,OUT OF GRADE PAY,FY2027,5000,leaf
Fire (FinCom 2.19.26),sources/budget-workbooks/finance-committee/fy27-budget/department-presentations/fire/fire-budget-for-fincom-2.19.26.xlsx,Sheet1,9,12201,513000,DAYMEN OVERTIME,FY24 BUDGET,171113.85,leaf
Fire (FinCom 2.19.26),sources/budget-workbooks/finance-committee/fy27-budget/department-presentations/fire/fire-budget-for-fincom-2.19.26.xlsx,Sheet1,9,12201,513000,DAYMEN OVERTIME,FY25 BUDGET,171113.85,leaf
Fire (FinCom 2.19.26),sources/budget-workbooks/finance-committee/fy27-budget/department-presentations/fire/fire-budget-for-fincom-2.19.26.xlsx,Sheet1,9,12201,513000,DAYMEN OVERTIME,FY26 ORIGIN APPROP,175291.7,leaf
Fire (FinCom 2.19.26),sources/budget-workbooks/finance-committee/fy27-budget/department-presentations/fire/fire-budget-for-fincom-2.19.26.xlsx,Sheet1,9,12201,513000,DAYMEN OVERTIME,FY2027,255677.72,leaf
Fire (FinCom 2.19.26),sources/budget-workbooks/finance-committee/fy27-budget/department-presentations/fire/fire-budget-for-fincom-2.19.26.xlsx,Sheet1,10,12201,514001,HOLIDAY PAY,FY24 BUDGET,43545.26,leaf
Fire (FinCom 2.19.26),sources/budget-workbooks/finance-committee/fy27-budget/department-presentations/fire/fire-budget-for-fincom-2.19.26.xlsx,Sheet1,10,12201,514001,HOLIDAY PAY,FY25 BUDGET,45793.8,leaf
Fire (FinCom 2.19.26),sources/budget-workbooks/finance-committee/fy27-budget/department-presentations/fire/fire-budget-for-fincom-2.19.26.xlsx,Sheet1,10,12201,514001,HOLIDAY PAY,FY26 ORIGIN APPROP,47247.31,leaf
Fire (FinCom 2.19.26),sources/budget-workbooks/finance-committee/fy27-budget/department-presentations/fire/fire-budget-for-fincom-2.19.26.xlsx,Sheet1,10,12201,514001,HOLIDAY PAY,FY2027,69572.64,leaf
Fire (FinCom 2.19.26),sources/budget-workbooks/finance-committee/fy27-budget/department-presentations/fire/fire-budget-for-fincom-2.19.26.xlsx,Sheet1,11,12201,514002,LONGEVITY PAY,FY24 BUDGET,12451.96,leaf
Fire (FinCom 2.19.26),sources/budget-workbooks/finance-committee/fy27-budget/department-presentations/fire/fire-budget-for-fincom-2.19.26.xlsx,Sheet1,11,12201,514002,LONGEVITY PAY,FY25 BUDGET,9297.68,leaf
Fire (FinCom 2.19.26),sources/budget-workbooks/finance-committee/fy27-budget/department-presentations/fire/fire-budget-for-fincom-2.19.26.xlsx,Sheet1,11,12201,514002,LONGEVITY PAY,FY26 ORIGIN APPROP,9492.38,leaf
Fire (FinCom 2.19.26),sources/budget-workbooks/finance-committee/fy27-budget/department-presentations/fire/fire-budget-for-fincom-2.19.26.xlsx,Sheet1,11,12201,514002,LONGEVITY PAY,FY2027,9546.67,leaf
Fire (FinCom 2.19.26),sources/budget-workbooks/finance-committee/fy27-budget/department-presentations/fire/fire-budget-for-fincom-2.19.26.xlsx,Sheet1,12,12201,519001,DAYMEN UNIFORM ALLOWANCE,FY24 BUDGET,9900,leaf
Fire (FinCom 2.19.26),sources/budget-workbooks/finance-committee/fy27-budget/department-presentations/fire/fire-budget-for-fincom-2.19.26.xlsx,Sheet1,12,12201,519001,DAYMEN UNIFORM ALLOWANCE,FY25 BUDGET,9900,leaf
Fire (FinCom 2.19.26),sources/budget-workbooks/finance-committee/fy27-budget/department-presentations/fire/fire-budget-for-fincom-2.19.26.xlsx,Sheet1,12,12201,519001,DAYMEN UNIFORM ALLOWANCE,FY26 ORIGIN APPROP,9900,leaf
Fire (FinCom 2.19.26),sources/budget-workbooks/finance-committee/fy27-budget/department-presentations/fire/fire-budget-for-fincom-2.19.26.xlsx,Sheet1,12,12201,519001,DAYMEN UNIFORM ALLOWANCE,FY2027,13200,leaf
Fire (FinCom 2.19.26),sources/budget-workbooks/finance-committee/fy27-budget/department-presentations/fire/fire-budget-for-fincom-2.19.26.xlsx,Sheet1,13,12201,519002,EDUCATIONAL INCENTIVE F.F.,FY24 BUDGET,5000,leaf
Fire (FinCom 2.19.26),sources/budget-workbooks/finance-committee/fy27-budget/department-presentations/fire/fire-budget-for-fincom-2.19.26.xlsx,Sheet1,13,12201,519002,EDUCATIONAL INCENTIVE F.F.,FY25 BUDGET,5000,leaf
Fire (FinCom 2.19.26),sources/budget-workbooks/finance-committee/fy27-budget/department-presentations/fire/fire-budget-for-fincom-2.19.26.xlsx,Sheet1,13,12201,519002,EDUCATIONAL INCENTIVE F.F.,FY26 ORIGIN APPROP,5000,leaf
Fire (FinCom 2.19.26),sources/budget-workbooks/finance-committee/fy27-budget/department-presentations/fire/fire-budget-for-fincom-2.19.26.xlsx,Sheet1,13,12201,519002,EDUCATIONAL INCENTIVE F.F.,FY2027,10000,leaf
Fire (FinCom 2.19.26),sources/budget-workbooks/finance-committee/fy27-budget/department-presentations/fire/fire-budget-for-fincom-2.19.26.xlsx,Sheet1,14,12201,519003,TRAINING FIREFIGHTERS,FY24 BUDGET,50473.13,leaf
Fire (FinCom 2.19.26),sources/budget-workbooks/finance-committee/fy27-budget/department-presentations/fire/fire-budget-for-fincom-2.19.26.xlsx,Sheet1,14,12201,519003,TRAINING FIREFIGHTERS,FY25 BUDGET,50473.13,leaf
Fire (FinCom 2.19.26),sources/budget-workbooks/finance-committee/fy27-budget/department-presentations/fire/fire-budget-for-fincom-2.19.26.xlsx,Sheet1,14,12201,519003,TRAINING FIREFIGHTERS,FY26 ORIGIN APPROP,50473.13,leaf
Fire (FinCom 2.19.26),sources/budget-workbooks/finance-committee/fy27-budget/department-presentations/fire/fire-budget-for-fincom-2.19.26.xlsx,Sheet1,14,12201,519003,TRAINING FIREFIGHTERS,FY2027,50473.13,leaf
Fire (FinCom 2.19.26),sources/budget-workbooks/finance-committee/fy27-budget/department-presentations/fire/fire-budget-for-fincom-2.19.26.xlsx,Sheet1,15,12201,519004,EMT BASIC/INTERMEDIATE STIPEND,FY24 BUDGET,10500,leaf
Fire (FinCom 2.19.26),sources/budget-workbooks/finance-committee/fy27-budget/department-presentations/fire/fire-budget-for-fincom-2.19.26.xlsx,Sheet1,15,12201,519004,EMT BASIC/INTERMEDIATE STIPEND,FY25 BUDGET,10500,leaf
Fire (FinCom 2.19.26),sources/budget-workbooks/finance-committee/fy27-budget/department-presentations/fire/fire-budget-for-fincom-2.19.26.xlsx,Sheet1,15,12201,519004,EMT BASIC/INTERMEDIATE STIPEND,FY26 ORIGIN APPROP,10500,leaf
Fire (FinCom 2.19.26),sources/budget-workbooks/finance-committee/fy27-budget/department-presentations/fire/fire-budget-for-fincom-2.19.26.xlsx,Sheet1,15,12201,519004,EMT BASIC/INTERMEDIATE STIPEND,FY2027,10500,leaf
Fire (FinCom 2.19.26),sources/budget-workbooks/finance-committee/fy27-budget/department-presentations/fire/fire-budget-for-fincom-2.19.26.xlsx,Sheet1,16,12201,519005,WEEKEND ON CALL STIPEND,FY24 BUDGET,5200,leaf
Fire (FinCom 2.19.26),sources/budget-workbooks/finance-committee/fy27-budget/department-presentations/fire/fire-budget-for-fincom-2.19.26.xlsx,Sheet1,16,12201,519005,WEEKEND ON CALL STIPEND,FY25 BUDGET,5200,leaf
Fire (FinCom 2.19.26),sources/budget-workbooks/finance-committee/fy27-budget/department-presentations/fire/fire-budget-for-fincom-2.19.26.xlsx,Sheet1,16,12201,519005,WEEKEND ON CALL STIPEND,FY26 ORIGIN APPROP,5200,leaf
Fire (FinCom 2.19.26),sources/budget-workbooks/finance-committee/fy27-budget/department-presentations/fire/fire-budget-for-fincom-2.19.26.xlsx,Sheet1,16,12201,519005,WEEKEND ON CALL STIPEND,FY2027,0,leaf
Fire (FinCom 2.19.26),sources/budget-workbooks/finance-committee/fy27-budget/department-presentations/fire/fire-budget-for-fincom-2.19.26.xlsx,Sheet1,17,12201,519011,CELL PHONE STIPEND,FY24 BUDGET,720,leaf
Fire (FinCom 2.19.26),sources/budget-workbooks/finance-committee/fy27-budget/department-presentations/fire/fire-budget-for-fincom-2.19.26.xlsx,Sheet1,17,12201,519011,CELL PHONE STIPEND,FY25 BUDGET,720,leaf
Fire (FinCom 2.19.26),sources/budget-workbooks/finance-committee/fy27-budget/department-presentations/fire/fire-budget-for-fincom-2.19.26.xlsx,Sheet1,17,12201,519011,CELL PHONE STIPEND,FY26 ORIGIN APPROP,720,leaf
Fire (FinCom 2.19.26),sources/budget-workbooks/finance-committee/fy27-budget/department-presentations/fire/fire-budget-for-fincom-2.19.26.xlsx,Sheet1,17,12201,519011,CELL PHONE STIPEND,FY2027,720,leaf
Fire (FinCom 2.19.26),sources/budget-workbooks/finance-committee/fy27-budget/department-presentations/fire/fire-budget-for-fincom-2.19.26.xlsx,Sheet1,18,12201,519017,TRAINING OFFICER STIPEND,FY24 BUDGET,1500,leaf
Fire (FinCom 2.19.26),sources/budget-workbooks/finance-committee/fy27-budget/department-presentations/fire/fire-budget-for-fincom-2.19.26.xlsx,Sheet1,18,12201,519017,TRAINING OFFICER STIPEND,FY25 BUDGET,1500,leaf
Fire (FinCom 2.19.26),sources/budget-workbooks/finance-committee/fy27-budget/department-presentations/fire/fire-budget-for-fincom-2.19.26.xlsx,Sheet1,18,12201,519017,TRAINING OFFICER STIPEND,FY26 ORIGIN APPROP,1500,leaf
Fire (FinCom 2.19.26),sources/budget-workbooks/finance-committee/fy27-budget/department-presentations/fire/fire-budget-for-fincom-2.19.26.xlsx,Sheet1,18,12201,519017,TRAINING OFFICER STIPEND,FY2027,1500,leaf
Fire (FinCom 2.19.26),sources/budget-workbooks/finance-committee/fy27-budget/department-presentations/fire/fire-budget-for-fincom-2.19.26.xlsx,Sheet1,19,12201,519018,ALS STIPEND,FY24 BUDGET,1500,leaf
Fire (FinCom 2.19.26),sources/budget-workbooks/finance-committee/fy27-budget/department-presentations/fire/fire-budget-for-fincom-2.19.26.xlsx,Sheet1,19,12201,519018,ALS STIPEND,FY25 BUDGET,2500,leaf
Fire (FinCom 2.19.26),sources/budget-workbooks/finance-committee/fy27-budget/department-presentations/fire/fire-budget-for-fincom-2.19.26.xlsx,Sheet1,19,12201,519018,ALS STIPEND,FY26 ORIGIN APPROP,2500,leaf
Fire (FinCom 2.19.26),sources/budget-workbooks/finance-committee/fy27-budget/department-presentations/fire/fire-budget-for-fincom-2.19.26.xlsx,Sheet1,19,12201,519018,ALS STIPEND,FY2027,2500,leaf
Fire (FinCom 2.19.26),sources/budget-workbooks/finance-committee/fy27-budget/department-presentations/fire/fire-budget-for-fincom-2.19.26.xlsx,Sheet1,20,12201,519019,FIRE PREVENTION OFC STIPEND,FY24 BUDGET,3000,leaf
Fire (FinCom 2.19.26),sources/budget-workbooks/finance-committee/fy27-budget/department-presentations/fire/fire-budget-for-fincom-2.19.26.xlsx,Sheet1,20,12201,519019,FIRE PREVENTION OFC STIPEND,FY25 BUDGET,3000,leaf
Fire (FinCom 2.19.26),sources/budget-workbooks/finance-committee/fy27-budget/department-presentations/fire/fire-budget-for-fincom-2.19.26.xlsx,Sheet1,20,12201,519019,FIRE PREVENTION OFC STIPEND,FY26 ORIGIN APPROP,3000,leaf
Fire (FinCom 2.19.26),sources/budget-workbooks/finance-committee/fy27-budget/department-presentations/fire/fire-budget-for-fincom-2.19.26.xlsx,Sheet1,20,12201,519019,FIRE PREVENTION OFC STIPEND,FY2027,3000,leaf
Fire (FinCom 2.19.26),sources/budget-workbooks/finance-committee/fy27-budget/department-presentations/fire/fire-budget-for-fincom-2.19.26.xlsx,Sheet1,21,12201,519023,SAFE COORDINATOR STIPEND,FY24 BUDGET,1000,leaf
Fire (FinCom 2.19.26),sources/budget-workbooks/finance-committee/fy27-budget/department-presentations/fire/fire-budget-for-fincom-2.19.26.xlsx,Sheet1,21,12201,519023,SAFE COORDINATOR STIPEND,FY25 BUDGET,1000,leaf
Fire (FinCom 2.19.26),sources/budget-workbooks/finance-committee/fy27-budget/department-presentations/fire/fire-budget-for-fincom-2.19.26.xlsx,Sheet1,21,12201,519023,SAFE COORDINATOR STIPEND,FY26 ORIGIN APPROP,1000,leaf
Fire (FinCom 2.19.26),sources/budget-workbooks/finance-committee/fy27-budget/department-presentations/fire/fire-budget-for-fincom-2.19.26.xlsx,Sheet1,21,12201,519023,SAFE COORDINATOR STIPEND,FY2027,1000,leaf
Fire (FinCom 2.19.26),sources/budget-workbooks/finance-committee/fy27-budget/department-presentations/fire/fire-budget-for-fincom-2.19.26.xlsx,Sheet1,22,,,CERTIFICATION STIPENDS,FY24 BUDGET,0,leaf
Fire (FinCom 2.19.26),sources/budget-workbooks/finance-committee/fy27-budget/department-presentations/fire/fire-budget-for-fincom-2.19.26.xlsx,Sheet1,22,,,CERTIFICATION STIPENDS,FY25 BUDGET,0,leaf
Fire (FinCom 2.19.26),sources/budget-workbooks/finance-committee/fy27-budget/department-presentations/fire/fire-budget-for-fincom-2.19.26.xlsx,Sheet1,22,,,CERTIFICATION STIPENDS,FY26 ORIGIN APPROP,0,leaf
Fire (FinCom 2.19.26),sources/budget-workbooks/finance-committee/fy27-budget/department-presentations/fire/fire-budget-for-fincom-2.19.26.xlsx,Sheet1,22,,,CERTIFICATION STIPENDS,FY2027,7200,leaf
Fire (FinCom 2.19.26),sources/budget-workbooks/finance-committee/fy27-budget/department-presentations/fire/fire-budget-for-fincom-2.19.26.xlsx,Sheet1,27,12202,521004,BLDG REPAIRS & MTC,FY24 BUDGET,1500,leaf
Fire (FinCom 2.19.26),sources/budget-workbooks/finance-committee/fy27-budget/department-presentations/fire/fire-budget-for-fincom-2.19.26.xlsx,Sheet1,27,12202,521004,BLDG REPAIRS & MTC,FY25 BUDGET,1500,leaf
Fire (FinCom 2.19.26),sources/budget-workbooks/finance-committee/fy27-budget/department-presentations/fire/fire-budget-for-fincom-2.19.26.xlsx,Sheet1,27,12202,521004,BLDG REPAIRS & MTC,FY26 ORIGIN APPROP,1500,leaf
Fire (FinCom 2.19.26),sources/budget-workbooks/finance-committee/fy27-budget/department-presentations/fire/fire-budget-for-fincom-2.19.26.xlsx,Sheet1,27,12202,521004,BLDG REPAIRS & MTC,FY2027,1500,leaf
Fire (FinCom 2.19.26),sources/budget-workbooks/finance-committee/fy27-budget/department-presentations/fire/fire-budget-for-fincom-2.19.26.xlsx,Sheet1,28,12202,521008,EQUIPMENT MTC - EMS,FY24 BUDGET,14000,leaf
Fire (FinCom 2.19.26),sources/budget-workbooks/finance-committee/fy27-budget/department-presentations/fire/fire-budget-for-fincom-2.19.26.xlsx,Sheet1,28,12202,521008,EQUIPMENT MTC - EMS,FY25 BUDGET,14000,leaf
Fire (FinCom 2.19.26),sources/budget-workbooks/finance-committee/fy27-budget/department-presentations/fire/fire-budget-for-fincom-2.19.26.xlsx,Sheet1,28,12202,521008,EQUIPMENT MTC - EMS,FY26 ORIGIN APPROP,34000,leaf
Fire (FinCom 2.19.26),sources/budget-workbooks/finance-committee/fy27-budget/department-presentations/fire/fire-budget-for-fincom-2.19.26.xlsx,Sheet1,28,12202,521008,EQUIPMENT MTC - EMS,FY2027,46000,leaf
Fire (FinCom 2.19.26),sources/budget-workbooks/finance-committee/fy27-budget/department-presentations/fire/fire-budget-for-fincom-2.19.26.xlsx,Sheet1,29,12202,521009,EQUIPMENT MTC - FIREFIGHTERS,FY24 BUDGET,10170,leaf
Fire (FinCom 2.19.26),sources/budget-workbooks/finance-committee/fy27-budget/department-presentations/fire/fire-budget-for-fincom-2.19.26.xlsx,Sheet1,29,12202,521009,EQUIPMENT MTC - FIREFIGHTERS,FY25 BUDGET,10170,leaf
Fire (FinCom 2.19.26),sources/budget-workbooks/finance-committee/fy27-budget/department-presentations/fire/fire-budget-for-fincom-2.19.26.xlsx,Sheet1,29,12202,521009,EQUIPMENT MTC - FIREFIGHTERS,FY26 ORIGIN APPROP,10170,leaf
Fire (FinCom 2.19.26),sources/budget-workbooks/finance-committee/fy27-budget/department-presentations/fire/fire-budget-for-fincom-2.19.26.xlsx,Sheet1,29,12202,521009,EQUIPMENT MTC - FIREFIGHTERS,FY2027,10170,leaf
Fire (FinCom 2.19.26),sources/budget-workbooks/finance-committee/fy27-budget/department-presentations/fire/fire-budget-for-fincom-2.19.26.xlsx,Sheet1,30,12202,531022,OUTSIDE TRAINING - EMS,FY24 BUDGET,21000,leaf
Fire (FinCom 2.19.26),sources/budget-workbooks/finance-committee/fy27-budget/department-presentations/fire/fire-budget-for-fincom-2.19.26.xlsx,Sheet1,30,12202,531022,OUTSIDE TRAINING - EMS,FY25 BUDGET,21000,leaf
Fire (FinCom 2.19.26),sources/budget-workbooks/finance-committee/fy27-budget/department-presentations/fire/fire-budget-for-fincom-2.19.26.xlsx,Sheet1,30,12202,531022,OUTSIDE TRAINING - EMS,FY26 ORIGIN APPROP,21000,leaf
Fire (FinCom 2.19.26),sources/budget-workbooks/finance-committee/fy27-budget/department-presentations/fire/fire-budget-for-fincom-2.19.26.xlsx,Sheet1,30,12202,531022,OUTSIDE TRAINING - EMS,FY2027,21000,leaf
Fire (FinCom 2.19.26),sources/budget-workbooks/finance-committee/fy27-budget/department-presentations/fire/fire-budget-for-fincom-2.19.26.xlsx,Sheet1,31,12202,531023,RECERTIFICATION - EMS,FY24 BUDGET,3150,leaf
Fire (FinCom 2.19.26),sources/budget-workbooks/finance-committee/fy27-budget/department-presentations/fire/fire-budget-for-fincom-2.19.26.xlsx,Sheet1,31,12202,531023,RECERTIFICATION - EMS,FY25 BUDGET,3150,leaf
Fire (FinCom 2.19.26),sources/budget-workbooks/finance-committee/fy27-budget/department-presentations/fire/fire-budget-for-fincom-2.19.26.xlsx,Sheet1,31,12202,531023,RECERTIFICATION - EMS,FY26 ORIGIN APPROP,3150,leaf
Fire (FinCom 2.19.26),sources/budget-workbooks/finance-committee/fy27-budget/department-presentations/fire/fire-budget-for-fincom-2.19.26.xlsx,Sheet1,31,12202,531023,RECERTIFICATION - EMS,FY2027,3150,leaf
Fire (FinCom 2.19.26),sources/budget-workbooks/finance-committee/fy27-budget/department-presentations/fire/fire-budget-for-fincom-2.19.26.xlsx,Sheet1,32,12202,531024,FEES/LICENSES EMS,FY24 BUDGET,15400,leaf
Fire (FinCom 2.19.26),sources/budget-workbooks/finance-committee/fy27-budget/department-presentations/fire/fire-budget-for-fincom-2.19.26.xlsx,Sheet1,32,12202,531024,FEES/LICENSES EMS,FY25 BUDGET,15400,leaf
Fire (FinCom 2.19.26),sources/budget-workbooks/finance-committee/fy27-budget/department-presentations/fire/fire-budget-for-fincom-2.19.26.xlsx,Sheet1,32,12202,531024,FEES/LICENSES EMS,FY26 ORIGIN APPROP,15400,leaf
Fire (FinCom 2.19.26),sources/budget-workbooks/finance-committee/fy27-budget/department-presentations/fire/fire-budget-for-fincom-2.19.26.xlsx,Sheet1,32,12202,531024,FEES/LICENSES EMS,FY2027,15400,leaf
Fire (FinCom 2.19.26),sources/budget-workbooks/finance-committee/fy27-budget/department-presentations/fire/fire-budget-for-fincom-2.19.26.xlsx,Sheet1,33,12202,531071,FIRE IT SOFTWARE,FY24 BUDGET,9000,leaf
Fire (FinCom 2.19.26),sources/budget-workbooks/finance-committee/fy27-budget/department-presentations/fire/fire-budget-for-fincom-2.19.26.xlsx,Sheet1,33,12202,531071,FIRE IT SOFTWARE,FY25 BUDGET,10000,leaf
Fire (FinCom 2.19.26),sources/budget-workbooks/finance-committee/fy27-budget/department-presentations/fire/fire-budget-for-fincom-2.19.26.xlsx,Sheet1,33,12202,531071,FIRE IT SOFTWARE,FY26 ORIGIN APPROP,11000,leaf
Fire (FinCom 2.19.26),sources/budget-workbooks/finance-committee/fy27-budget/department-presentations/fire/fire-budget-for-fincom-2.19.26.xlsx,Sheet1,33,12202,531071,FIRE IT SOFTWARE,FY2027,11000,leaf
Fire (FinCom 2.19.26),sources/budget-workbooks/finance-committee/fy27-budget/department-presentations/fire/fire-budget-for-fincom-2.19.26.xlsx,Sheet1,34,12202,540000,OFFICE SUPPLIES,FY24 BUDGET,2500,leaf
Fire (FinCom 2.19.26),sources/budget-workbooks/finance-committee/fy27-budget/department-presentations/fire/fire-budget-for-fincom-2.19.26.xlsx,Sheet1,34,12202,540000,OFFICE SUPPLIES,FY25 BUDGET,2500,leaf
Fire (FinCom 2.19.26),sources/budget-workbooks/finance-committee/fy27-budget/department-presentations/fire/fire-budget-for-fincom-2.19.26.xlsx,Sheet1,34,12202,540000,OFFICE SUPPLIES,FY26 ORIGIN APPROP,2500,leaf
Fire (FinCom 2.19.26),sources/budget-workbooks/finance-committee/fy27-budget/department-presentations/fire/fire-budget-for-fincom-2.19.26.xlsx,Sheet1,34,12202,540000,OFFICE SUPPLIES,FY2027,2500,leaf
Fire (FinCom 2.19.26),sources/budget-workbooks/finance-committee/fy27-budget/department-presentations/fire/fire-budget-for-fincom-2.19.26.xlsx,Sheet1,35,12202,541003,FIREFIGHTING/TRAINING SUPPLIES,FY24 BUDGET,7000,leaf
Fire (FinCom 2.19.26),sources/budget-workbooks/finance-committee/fy27-budget/department-presentations/fire/fire-budget-for-fincom-2.19.26.xlsx,Sheet1,35,12202,541003,FIREFIGHTING/TRAINING SUPPLIES,FY25 BUDGET,7000,leaf
Fire (FinCom 2.19.26),sources/budget-workbooks/finance-committee/fy27-budget/department-presentations/fire/fire-budget-for-fincom-2.19.26.xlsx,Sheet1,35,12202,541003,FIREFIGHTING/TRAINING SUPPLIES,FY26 ORIGIN APPROP,7000,leaf
Fire (FinCom 2.19.26),sources/budget-workbooks/finance-committee/fy27-budget/department-presentations/fire/fire-budget-for-fincom-2.19.26.xlsx,Sheet1,35,12202,541003,FIREFIGHTING/TRAINING SUPPLIES,FY2027,7000,leaf
Fire (FinCom 2.19.26),sources/budget-workbooks/finance-committee/fy27-budget/department-presentations/fire/fire-budget-for-fincom-2.19.26.xlsx,Sheet1,36,12202,541004,EMS SUPPLIES,FY24 BUDGET,18000,leaf
Fire (FinCom 2.19.26),sources/budget-workbooks/finance-committee/fy27-budget/department-presentations/fire/fire-budget-for-fincom-2.19.26.xlsx,Sheet1,36,12202,541004,EMS SUPPLIES,FY25 BUDGET,25000,leaf
Fire (FinCom 2.19.26),sources/budget-workbooks/finance-committee/fy27-budget/department-presentations/fire/fire-budget-for-fincom-2.19.26.xlsx,Sheet1,36,12202,541004,EMS SUPPLIES,FY26 ORIGIN APPROP,0,leaf
Fire (FinCom 2.19.26),sources/budget-workbooks/finance-committee/fy27-budget/department-presentations/fire/fire-budget-for-fincom-2.19.26.xlsx,Sheet1,36,12202,541004,EMS SUPPLIES,FY2027,0,leaf
Fire (FinCom 2.19.26),sources/budget-workbooks/finance-committee/fy27-budget/department-presentations/fire/fire-budget-for-fincom-2.19.26.xlsx,Sheet1,37,12202,541006,FOOD AT FIRES,FY24 BUDGET,350,leaf
Fire (FinCom 2.19.26),sources/budget-workbooks/finance-committee/fy27-budget/department-presentations/fire/fire-budget-for-fincom-2.19.26.xlsx,Sheet1,37,12202,541006,FOOD AT FIRES,FY25 BUDGET,350,leaf
Fire (FinCom 2.19.26),sources/budget-workbooks/finance-committee/fy27-budget/department-presentations/fire/fire-budget-for-fincom-2.19.26.xlsx,Sheet1,37,12202,541006,FOOD AT FIRES,FY26 ORIGIN APPROP,350,leaf
Fire (FinCom 2.19.26),sources/budget-workbooks/finance-committee/fy27-budget/department-presentations/fire/fire-budget-for-fincom-2.19.26.xlsx,Sheet1,37,12202,541006,FOOD AT FIRES,FY2027,350,leaf
Fire (FinCom 2.19.26),sources/budget-workbooks/finance-committee/fy27-budget/department-presentations/fire/fire-budget-for-fincom-2.19.26.xlsx,Sheet1,38,12202,573000,DUES/MEMBERSHIP,FY24 BUDGET,2000,leaf
Fire (FinCom 2.19.26),sources/budget-workbooks/finance-committee/fy27-budget/department-presentations/fire/fire-budget-for-fincom-2.19.26.xlsx,Sheet1,38,12202,573000,DUES/MEMBERSHIP,FY25 BUDGET,2000,leaf
Fire (FinCom 2.19.26),sources/budget-workbooks/finance-committee/fy27-budget/department-presentations/fire/fire-budget-for-fincom-2.19.26.xlsx,Sheet1,38,12202,573000,DUES/MEMBERSHIP,FY26 ORIGIN APPROP,2000,leaf
Fire (FinCom 2.19.26),sources/budget-workbooks/finance-committee/fy27-budget/department-presentations/fire/fire-budget-for-fincom-2.19.26.xlsx,Sheet1,38,12202,573000,DUES/MEMBERSHIP,FY2027,2000,leaf
Fire (FinCom 2.19.26),sources/budget-workbooks/finance-committee/fy27-budget/department-presentations/fire/fire-budget-for-fincom-2.19.26.xlsx,Sheet1,39,12202,573001,MEETINGS/SCHOOL FIREFIGHTERS,FY24 BUDGET,6565,leaf
Fire (FinCom 2.19.26),sources/budget-workbooks/finance-committee/fy27-budget/department-presentations/fire/fire-budget-for-fincom-2.19.26.xlsx,Sheet1,39,12202,573001,MEETINGS/SCHOOL FIREFIGHTERS,FY25 BUDGET,6565,leaf
Fire (FinCom 2.19.26),sources/budget-workbooks/finance-committee/fy27-budget/department-presentations/fire/fire-budget-for-fincom-2.19.26.xlsx,Sheet1,39,12202,573001,MEETINGS/SCHOOL FIREFIGHTERS,FY26 ORIGIN APPROP,6565,leaf
Fire (FinCom 2.19.26),sources/budget-workbooks/finance-committee/fy27-budget/department-presentations/fire/fire-budget-for-fincom-2.19.26.xlsx,Sheet1,39,12202,573001,MEETINGS/SCHOOL FIREFIGHTERS,FY2027,6565,leaf
Fire (FinCom 2.19.26),sources/budget-workbooks/finance-committee/fy27-budget/department-presentations/fire/fire-budget-for-fincom-2.19.26.xlsx,Sheet1,40,12202,573100,MEETINGS/SCHOOL,FY24 BUDGET,1400,leaf
Fire (FinCom 2.19.26),sources/budget-workbooks/finance-committee/fy27-budget/department-presentations/fire/fire-budget-for-fincom-2.19.26.xlsx,Sheet1,40,12202,573100,MEETINGS/SCHOOL,FY25 BUDGET,1400,leaf
Fire (FinCom 2.19.26),sources/budget-workbooks/finance-committee/fy27-budget/department-presentations/fire/fire-budget-for-fincom-2.19.26.xlsx,Sheet1,40,12202,573100,MEETINGS/SCHOOL,FY26 ORIGIN APPROP,1400,leaf
Fire (FinCom 2.19.26),sources/budget-workbooks/finance-committee/fy27-budget/department-presentations/fire/fire-budget-for-fincom-2.19.26.xlsx,Sheet1,40,12202,573100,MEETINGS/SCHOOL,FY2027,1400,leaf
Fire (FinCom 2.19.26),sources/budget-workbooks/finance-committee/fy27-budget/department-presentations/fire/fire-budget-for-fincom-2.19.26.xlsx,Sheet1,41,12202,582001,CAPITAL PROTECTIVE EQUIPMENT,FY24 BUDGET,20000,leaf
Fire (FinCom 2.19.26),sources/budget-workbooks/finance-committee/fy27-budget/department-presentations/fire/fire-budget-for-fincom-2.19.26.xlsx,Sheet1,41,12202,582001,CAPITAL PROTECTIVE EQUIPMENT,FY25 BUDGET,20000,leaf
Fire (FinCom 2.19.26),sources/budget-workbooks/finance-committee/fy27-budget/department-presentations/fire/fire-budget-for-fincom-2.19.26.xlsx,Sheet1,41,12202,582001,CAPITAL PROTECTIVE EQUIPMENT,FY26 ORIGIN APPROP,20000,leaf
Fire (FinCom 2.19.26),sources/budget-workbooks/finance-committee/fy27-budget/department-presentations/fire/fire-budget-for-fincom-2.19.26.xlsx,Sheet1,41,12202,582001,CAPITAL PROTECTIVE EQUIPMENT,FY2027,20000,leaf
Fire (FinCom 2.19.26),sources/budget-workbooks/finance-committee/fy27-budget/department-presentations/fire/fire-budget-for-fincom-2.19.26.xlsx,Sheet1,42,12202,582002,CAPITAL REPLACEMENT EQUIPMENT,FY24 BUDGET,13460,leaf
Fire (FinCom 2.19.26),sources/budget-workbooks/finance-committee/fy27-budget/department-presentations/fire/fire-budget-for-fincom-2.19.26.xlsx,Sheet1,42,12202,582002,CAPITAL REPLACEMENT EQUIPMENT,FY25 BUDGET,11600,leaf
Fire (FinCom 2.19.26),sources/budget-workbooks/finance-committee/fy27-budget/department-presentations/fire/fire-budget-for-fincom-2.19.26.xlsx,Sheet1,42,12202,582002,CAPITAL REPLACEMENT EQUIPMENT,FY26 ORIGIN APPROP,11600,leaf
Fire (FinCom 2.19.26),sources/budget-workbooks/finance-committee/fy27-budget/department-presentations/fire/fire-budget-for-fincom-2.19.26.xlsx,Sheet1,42,12202,582002,CAPITAL REPLACEMENT EQUIPMENT,FY2027,15000,leaf
Fire (FinCom 2.19.26),sources/budget-workbooks/finance-committee/fy27-budget/department-presentations/fire/fire-budget-for-fincom-2.19.26.xlsx,Sheet1,49,12232,523002,HYDRANT EXPENSE,FY24 BUDGET,17000,leaf
Fire (FinCom 2.19.26),sources/budget-workbooks/finance-committee/fy27-budget/department-presentations/fire/fire-budget-for-fincom-2.19.26.xlsx,Sheet1,49,12232,523002,HYDRANT EXPENSE,FY25 BUDGET,17000,leaf
Fire (FinCom 2.19.26),sources/budget-workbooks/finance-committee/fy27-budget/department-presentations/fire/fire-budget-for-fincom-2.19.26.xlsx,Sheet1,49,12232,523002,HYDRANT EXPENSE,FY26 ORIGIN APPROP,17000,leaf
Fire (FinCom 2.19.26),sources/budget-workbooks/finance-committee/fy27-budget/department-presentations/fire/fire-budget-for-fincom-2.19.26.xlsx,Sheet1,49,12232,523002,HYDRANT EXPENSE,FY2027,17000,leaf
Fire (FinCom 2.19.26),sources/budget-workbooks/finance-committee/fy27-budget/department-presentations/fire/fire-budget-for-fincom-2.19.26.xlsx,Sheet1,54,12272,521007,EQUIPMENT MTC,FY24 BUDGET,10000,leaf
Fire (FinCom 2.19.26),sources/budget-workbooks/finance-committee/fy27-budget/department-presentations/fire/fire-budget-for-fincom-2.19.26.xlsx,Sheet1,54,12272,521007,EQUIPMENT MTC,FY25 BUDGET,10000,leaf
Fire (FinCom 2.19.26),sources/budget-workbooks/finance-committee/fy27-budget/department-presentations/fire/fire-budget-for-fincom-2.19.26.xlsx,Sheet1,54,12272,521007,EQUIPMENT MTC,FY26 ORIGIN APPROP,10000,leaf
Fire (FinCom 2.19.26),sources/budget-workbooks/finance-committee/fy27-budget/department-presentations/fire/fire-budget-for-fincom-2.19.26.xlsx,Sheet1,54,12272,521007,EQUIPMENT MTC,FY2027,15000,leaf
Fire (FinCom 2.19.26),sources/budget-workbooks/finance-committee/fy27-budget/department-presentations/fire/fire-budget-for-fincom-2.19.26.xlsx,Sheet1,59,12911,511000,EMER MANAGEMENT DIR SALARY,FY24 BUDGET,5000,leaf
Fire (FinCom 2.19.26),sources/budget-workbooks/finance-committee/fy27-budget/department-presentations/fire/fire-budget-for-fincom-2.19.26.xlsx,Sheet1,59,12911,511000,EMER MANAGEMENT DIR SALARY,FY25 BUDGET,5000,leaf
Fire (FinCom 2.19.26),sources/budget-workbooks/finance-committee/fy27-budget/department-presentations/fire/fire-budget-for-fincom-2.19.26.xlsx,Sheet1,59,12911,511000,EMER MANAGEMENT DIR SALARY,FY26 ORIGIN APPROP,5000,leaf
Fire (FinCom 2.19.26),sources/budget-workbooks/finance-committee/fy27-budget/department-presentations/fire/fire-budget-for-fincom-2.19.26.xlsx,Sheet1,59,12911,511000,EMER MANAGEMENT DIR SALARY,FY2027,5000,leaf
Fire (FinCom 2.19.26),sources/budget-workbooks/finance-committee/fy27-budget/department-presentations/fire/fire-budget-for-fincom-2.19.26.xlsx,Sheet1,63,12912,521007,EQUIPMENT MTC,FY24 BUDGET,1000,leaf
Fire (FinCom 2.19.26),sources/budget-workbooks/finance-committee/fy27-budget/department-presentations/fire/fire-budget-for-fincom-2.19.26.xlsx,Sheet1,63,12912,521007,EQUIPMENT MTC,FY25 BUDGET,1000,leaf
Fire (FinCom 2.19.26),sources/budget-workbooks/finance-committee/fy27-budget/department-presentations/fire/fire-budget-for-fincom-2.19.26.xlsx,Sheet1,63,12912,521007,EQUIPMENT MTC,FY26 ORIGIN APPROP,1000,leaf
Fire (FinCom 2.19.26),sources/budget-workbooks/finance-committee/fy27-budget/department-presentations/fire/fire-budget-for-fincom-2.19.26.xlsx,Sheet1,63,12912,521007,EQUIPMENT MTC,FY2027,1000,leaf
Fire (FinCom 2.19.26),sources/budget-workbooks/finance-committee/fy27-budget/department-presentations/fire/fire-budget-for-fincom-2.19.26.xlsx,Sheet1,64,12912,540000,OFFICE SUPPLIES,FY24 BUDGET,1000,leaf
Fire (FinCom 2.19.26),sources/budget-workbooks/finance-committee/fy27-budget/department-presentations/fire/fire-budget-for-fincom-2.19.26.xlsx,Sheet1,64,12912,540000,OFFICE SUPPLIES,FY25 BUDGET,1000,leaf
Fire (FinCom 2.19.26),sources/budget-workbooks/finance-committee/fy27-budget/department-presentations/fire/fire-budget-for-fincom-2.19.26.xlsx,Sheet1,64,12912,540000,OFFICE SUPPLIES,FY26 ORIGIN APPROP,1000,leaf
Fire (FinCom 2.19.26),sources/budget-workbooks/finance-committee/fy27-budget/department-presentations/fire/fire-budget-for-fincom-2.19.26.xlsx,Sheet1,64,12912,540000,OFFICE SUPPLIES,FY2027,1000,leaf
Fire (FinCom 2.19.26),sources/budget-workbooks/finance-committee/fy27-budget/department-presentations/fire/fire-budget-for-fincom-2.19.26.xlsx,Sheet1,71,14292202,531006,PURCHASE OF SERVICE - FIRE,FY24 BUDGET,17000,leaf
Fire (FinCom 2.19.26),sources/budget-workbooks/finance-committee/fy27-budget/department-presentations/fire/fire-budget-for-fincom-2.19.26.xlsx,Sheet1,71,14292202,531006,PURCHASE OF SERVICE - FIRE,FY25 BUDGET,17000,leaf
Fire (FinCom 2.19.26),sources/budget-workbooks/finance-committee/fy27-budget/department-presentations/fire/fire-budget-for-fincom-2.19.26.xlsx,Sheet1,71,14292202,531006,PURCHASE OF SERVICE - FIRE,FY26 ORIGIN APPROP,17000,leaf
Fire (FinCom 2.19.26),sources/budget-workbooks/finance-committee/fy27-budget/department-presentations/fire/fire-budget-for-fincom-2.19.26.xlsx,Sheet1,71,14292202,531006,PURCHASE OF SERVICE - FIRE,FY2027,27000,leaf
Fire (FinCom 2.19.26),sources/budget-workbooks/finance-committee/fy27-budget/department-presentations/fire/fire-budget-for-fincom-2.19.26.xlsx,Sheet1,72,14292202,541018,VEHICLE MAINTENANCE SUPPLIES FIRE,FY24 BUDGET,10000,leaf
Fire (FinCom 2.19.26),sources/budget-workbooks/finance-committee/fy27-budget/department-presentations/fire/fire-budget-for-fincom-2.19.26.xlsx,Sheet1,72,14292202,541018,VEHICLE MAINTENANCE SUPPLIES FIRE,FY25 BUDGET,10000,leaf
Fire (FinCom 2.19.26),sources/budget-workbooks/finance-committee/fy27-budget/department-presentations/fire/fire-budget-for-fincom-2.19.26.xlsx,Sheet1,72,14292202,541018,VEHICLE MAINTENANCE SUPPLIES FIRE,FY26 ORIGIN APPROP,15000,leaf
Fire (FinCom 2.19.26),sources/budget-workbooks/finance-committee/fy27-budget/department-presentations/fire/fire-budget-for-fincom-2.19.26.xlsx,Sheet1,72,14292202,541018,VEHICLE MAINTENANCE SUPPLIES FIRE,FY2027,15000,leaf
Fire (FinCom 2.19.26),sources/budget-workbooks/finance-committee/fy27-budget/department-presentations/fire/fire-budget-for-fincom-2.19.26.xlsx,Sheet1,73,14292202,541019,FUEL CHARGES FIRE,FY24 BUDGET,18000,leaf
Fire (FinCom 2.19.26),sources/budget-workbooks/finance-committee/fy27-budget/department-presentations/fire/fire-budget-for-fincom-2.19.26.xlsx,Sheet1,73,14292202,541019,FUEL CHARGES FIRE,FY25 BUDGET,18000,leaf
Fire (FinCom 2.19.26),sources/budget-workbooks/finance-committee/fy27-budget/department-presentations/fire/fire-budget-for-fincom-2.19.26.xlsx,Sheet1,73,14292202,541019,FUEL CHARGES FIRE,FY26 ORIGIN APPROP,18000,leaf
Fire (FinCom 2.19.26),sources/budget-workbooks/finance-committee/fy27-budget/department-presentations/fire/fire-budget-for-fincom-2.19.26.xlsx,Sheet1,73,14292202,541019,FUEL CHARGES FIRE,FY2027,18000,leaf
Fire (FinCom 2.19.26),sources/budget-workbooks/finance-committee/fy27-budget/department-presentations/fire/fire-budget-for-fincom-2.19.26.xlsx,Sheet1,24,,,TOTAL SALARY - FIRE DEPARTMENT 42 HR WK,FY24 BUDGET,1472924.9,subtotal
Fire (FinCom 2.19.26),sources/budget-workbooks/finance-committee/fy27-budget/department-presentations/fire/fire-budget-for-fincom-2.19.26.xlsx,Sheet1,24,,,TOTAL SALARY - FIRE DEPARTMENT 42 HR WK,FY25 BUDGET,1501180.0999999999,subtotal
Fire (FinCom 2.19.26),sources/budget-workbooks/finance-committee/fy27-budget/department-presentations/fire/fire-budget-for-fincom-2.19.26.xlsx,Sheet1,24,,,TOTAL SALARY - FIRE DEPARTMENT 42 HR WK,FY26 ORIGIN APPROP,1569952.9099999997,subtotal
Fire (FinCom 2.19.26),sources/budget-workbooks/finance-committee/fy27-budget/department-presentations/fire/fire-budget-for-fincom-2.19.26.xlsx,Sheet1,24,,,TOTAL SALARY - FIRE DEPARTMENT 42 HR WK,FY2027,1934520.4199999997,subtotal
Fire (FinCom 2.19.26),sources/budget-workbooks/finance-committee/fy27-budget/department-presentations/fire/fire-budget-for-fincom-2.19.26.xlsx,Sheet1,44,,,TOTAL EXPENSE - FIRE DEPARTMENT,FY24 BUDGET,145495,subtotal
Fire (FinCom 2.19.26),sources/budget-workbooks/finance-committee/fy27-budget/department-presentations/fire/fire-budget-for-fincom-2.19.26.xlsx,Sheet1,44,,,TOTAL EXPENSE - FIRE DEPARTMENT,FY25 BUDGET,151635,subtotal
Fire (FinCom 2.19.26),sources/budget-workbooks/finance-committee/fy27-budget/department-presentations/fire/fire-budget-for-fincom-2.19.26.xlsx,Sheet1,44,,,TOTAL EXPENSE - FIRE DEPARTMENT,FY26 ORIGIN APPROP,147635,subtotal
Fire (FinCom 2.19.26),sources/budget-workbooks/finance-committee/fy27-budget/department-presentations/fire/fire-budget-for-fincom-2.19.26.xlsx,Sheet1,44,,,TOTAL EXPENSE - FIRE DEPARTMENT,FY2027,163035,subtotal
Fire (FinCom 2.19.26),sources/budget-workbooks/finance-committee/fy27-budget/department-presentations/fire/fire-budget-for-fincom-2.19.26.xlsx,Sheet1,46,,,TOTAL FIRE DEPARTMENT,FY24 BUDGET,1618419.9,total
Fire (FinCom 2.19.26),sources/budget-workbooks/finance-committee/fy27-budget/department-presentations/fire/fire-budget-for-fincom-2.19.26.xlsx,Sheet1,46,,,TOTAL FIRE DEPARTMENT,FY25 BUDGET,1652815.0999999999,total
Fire (FinCom 2.19.26),sources/budget-workbooks/finance-committee/fy27-budget/department-presentations/fire/fire-budget-for-fincom-2.19.26.xlsx,Sheet1,46,,,TOTAL FIRE DEPARTMENT,FY26 ORIGIN APPROP,1717587.9099999997,total
Fire (FinCom 2.19.26),sources/budget-workbooks/finance-committee/fy27-budget/department-presentations/fire/fire-budget-for-fincom-2.19.26.xlsx,Sheet1,46,,,TOTAL FIRE DEPARTMENT,FY2027,2097555.42,total
Fire (FinCom 2.19.26),sources/budget-workbooks/finance-committee/fy27-budget/department-presentations/fire/fire-budget-for-fincom-2.19.26.xlsx,Sheet1,51,,,TOTAL EXPENSE - FIRE HYDRANT,FY24 BUDGET,30000,subtotal
Fire (FinCom 2.19.26),sources/budget-workbooks/finance-committee/fy27-budget/department-presentations/fire/fire-budget-for-fincom-2.19.26.xlsx,Sheet1,51,,,TOTAL EXPENSE - FIRE HYDRANT,FY25 BUDGET,17000,subtotal
Fire (FinCom 2.19.26),sources/budget-workbooks/finance-committee/fy27-budget/department-presentations/fire/fire-budget-for-fincom-2.19.26.xlsx,Sheet1,51,,,TOTAL EXPENSE - FIRE HYDRANT,FY26 ORIGIN APPROP,17000,subtotal
Fire (FinCom 2.19.26),sources/budget-workbooks/finance-committee/fy27-budget/department-presentations/fire/fire-budget-for-fincom-2.19.26.xlsx,Sheet1,51,,,TOTAL EXPENSE - FIRE HYDRANT,FY2027,17000,subtotal
Fire (FinCom 2.19.26),sources/budget-workbooks/finance-committee/fy27-budget/department-presentations/fire/fire-budget-for-fincom-2.19.26.xlsx,Sheet1,56,,,TOTAL EXPENSE - MTC TOWN RADIOS,FY24 BUDGET,10000,subtotal
Fire (FinCom 2.19.26),sources/budget-workbooks/finance-committee/fy27-budget/department-presentations/fire/fire-budget-for-fincom-2.19.26.xlsx,Sheet1,56,,,TOTAL EXPENSE - MTC TOWN RADIOS,FY25 BUDGET,10000,subtotal
Fire (FinCom 2.19.26),sources/budget-workbooks/finance-committee/fy27-budget/department-presentations/fire/fire-budget-for-fincom-2.19.26.xlsx,Sheet1,56,,,TOTAL EXPENSE - MTC TOWN RADIOS,FY26 ORIGIN APPROP,10000,subtotal
Fire (FinCom 2.19.26),sources/budget-workbooks/finance-committee/fy27-budget/department-presentations/fire/fire-budget-for-fincom-2.19.26.xlsx,Sheet1,56,,,TOTAL EXPENSE - MTC TOWN RADIOS,FY2027,15000,subtotal
Fire (FinCom 2.19.26),sources/budget-workbooks/finance-committee/fy27-budget/department-presentations/fire/fire-budget-for-fincom-2.19.26.xlsx,Sheet1,61,,,TOTAL SALARY - EMER MANAGEMENT,FY24 BUDGET,5000,subtotal
Fire (FinCom 2.19.26),sources/budget-workbooks/finance-committee/fy27-budget/department-presentations/fire/fire-budget-for-fincom-2.19.26.xlsx,Sheet1,61,,,TOTAL SALARY - EMER MANAGEMENT,FY25 BUDGET,5000,subtotal
Fire (FinCom 2.19.26),sources/budget-workbooks/finance-committee/fy27-budget/department-presentations/fire/fire-budget-for-fincom-2.19.26.xlsx,Sheet1,61,,,TOTAL SALARY - EMER MANAGEMENT,FY26 ORIGIN APPROP,5000,subtotal
Fire (FinCom 2.19.26),sources/budget-workbooks/finance-committee/fy27-budget/department-presentations/fire/fire-budget-for-fincom-2.19.26.xlsx,Sheet1,61,,,TOTAL SALARY - EMER MANAGEMENT,FY2027,5000,subtotal
Fire (FinCom 2.19.26),sources/budget-workbooks/finance-committee/fy27-budget/department-presentations/fire/fire-budget-for-fincom-2.19.26.xlsx,Sheet1,66,,,TOTAL EXPENSE - EMER MANAGEMENT,FY24 BUDGET,2000,subtotal
Fire (FinCom 2.19.26),sources/budget-workbooks/finance-committee/fy27-budget/department-presentations/fire/fire-budget-for-fincom-2.19.26.xlsx,Sheet1,66,,,TOTAL EXPENSE - EMER MANAGEMENT,FY25 BUDGET,2000,subtotal
Fire (FinCom 2.19.26),sources/budget-workbooks/finance-committee/fy27-budget/department-presentations/fire/fire-budget-for-fincom-2.19.26.xlsx,Sheet1,66,,,TOTAL EXPENSE - EMER MANAGEMENT,FY26 ORIGIN APPROP,2000,subtotal
Fire (FinCom 2.19.26),sources/budget-workbooks/finance-committee/fy27-budget/department-presentations/fire/fire-budget-for-fincom-2.19.26.xlsx,Sheet1,66,,,TOTAL EXPENSE - EMER MANAGEMENT,FY2027,2000,subtotal
Fire (FinCom 2.19.26),sources/budget-workbooks/finance-committee/fy27-budget/department-presentations/fire/fire-budget-for-fincom-2.19.26.xlsx,Sheet1,68,,,TOTAL EMERGENCY MANAGEMENT,FY24 BUDGET,7000,total
Fire (FinCom 2.19.26),sources/budget-workbooks/finance-committee/fy27-budget/department-presentations/fire/fire-budget-for-fincom-2.19.26.xlsx,Sheet1,68,,,TOTAL EMERGENCY MANAGEMENT,FY25 BUDGET,7000,total
Fire (FinCom 2.19.26),sources/budget-workbooks/finance-committee/fy27-budget/department-presentations/fire/fire-budget-for-fincom-2.19.26.xlsx,Sheet1,68,,,TOTAL EMERGENCY MANAGEMENT,FY26 ORIGIN APPROP,7000,total
Fire (FinCom 2.19.26),sources/budget-workbooks/finance-committee/fy27-budget/department-presentations/fire/fire-budget-for-fincom-2.19.26.xlsx,Sheet1,68,,,TOTAL EMERGENCY MANAGEMENT,FY2027,7000,total
Fire (FinCom 2.19.26),sources/budget-workbooks/finance-committee/fy27-budget/department-presentations/fire/fire-budget-for-fincom-2.19.26.xlsx,Sheet1,75,,,TOTAL EXPENSES VEHICLE MTC FIRE DEPT,FY24 BUDGET,45000,total
Fire (FinCom 2.19.26),sources/budget-workbooks/finance-committee/fy27-budget/department-presentations/fire/fire-budget-for-fincom-2.19.26.xlsx,Sheet1,75,,,TOTAL EXPENSES VEHICLE MTC FIRE DEPT,FY25 BUDGET,45000,total
Fire (FinCom 2.19.26),sources/budget-workbooks/finance-committee/fy27-budget/department-presentations/fire/fire-budget-for-fincom-2.19.26.xlsx,Sheet1,75,,,TOTAL EXPENSES VEHICLE MTC FIRE DEPT,FY26 ORIGIN APPROP,50000,total
Fire (FinCom 2.19.26),sources/budget-workbooks/finance-committee/fy27-budget/department-presentations/fire/fire-budget-for-fincom-2.19.26.xlsx,Sheet1,75,,,TOTAL EXPENSES VEHICLE MTC FIRE DEPT,FY2027,60000,total
Facilities (FinCom 2.19.26),sources/budget-workbooks/finance-committee/fy27-budget/department-presentations/facilities/facilities-budget-for-fincom-2.19.26-1.xlsx,Sheet1,2,11922,521011,ELECTRICITY CHARGES,FY24 BUDGET,100000,leaf
Facilities (FinCom 2.19.26),sources/budget-workbooks/finance-committee/fy27-budget/department-presentations/facilities/facilities-budget-for-fincom-2.19.26-1.xlsx,Sheet1,2,11922,521011,ELECTRICITY CHARGES,FY25 BUDGET,100000,leaf
Facilities (FinCom 2.19.26),sources/budget-workbooks/finance-committee/fy27-budget/department-presentations/facilities/facilities-budget-for-fincom-2.19.26-1.xlsx,Sheet1,2,11922,521011,ELECTRICITY CHARGES,FY26 ORIGIN APPROP,100000,leaf
Facilities (FinCom 2.19.26),sources/budget-workbooks/finance-committee/fy27-budget/department-presentations/facilities/facilities-budget-for-fincom-2.19.26-1.xlsx,Sheet1,2,11922,521011,ELECTRICITY CHARGES,FY2027,117000,leaf
Facilities (FinCom 2.19.26),sources/budget-workbooks/finance-committee/fy27-budget/department-presentations/facilities/facilities-budget-for-fincom-2.19.26-1.xlsx,Sheet1,3,11922,521012,HEATING CHARGES/FUEL OIL,FY24 BUDGET,34861,leaf
Facilities (FinCom 2.19.26),sources/budget-workbooks/finance-committee/fy27-budget/department-presentations/facilities/facilities-budget-for-fincom-2.19.26-1.xlsx,Sheet1,3,11922,521012,HEATING CHARGES/FUEL OIL,FY25 BUDGET,34861,leaf
Facilities (FinCom 2.19.26),sources/budget-workbooks/finance-committee/fy27-budget/department-presentations/facilities/facilities-budget-for-fincom-2.19.26-1.xlsx,Sheet1,3,11922,521012,HEATING CHARGES/FUEL OIL,FY26 ORIGIN APPROP,39000,leaf
Facilities (FinCom 2.19.26),sources/budget-workbooks/finance-committee/fy27-budget/department-presentations/facilities/facilities-budget-for-fincom-2.19.26-1.xlsx,Sheet1,3,11922,521012,HEATING CHARGES/FUEL OIL,FY2027,39000,leaf
Facilities (FinCom 2.19.26),sources/budget-workbooks/finance-committee/fy27-budget/department-presentations/facilities/facilities-budget-for-fincom-2.19.26-1.xlsx,Sheet1,4,11922,521013,RUBBISH REMOVAL CHARGES,FY24 BUDGET,17100,leaf
Facilities (FinCom 2.19.26),sources/budget-workbooks/finance-committee/fy27-budget/department-presentations/facilities/facilities-budget-for-fincom-2.19.26-1.xlsx,Sheet1,4,11922,521013,RUBBISH REMOVAL CHARGES,FY25 BUDGET,18000,leaf
Facilities (FinCom 2.19.26),sources/budget-workbooks/finance-committee/fy27-budget/department-presentations/facilities/facilities-budget-for-fincom-2.19.26-1.xlsx,Sheet1,4,11922,521013,RUBBISH REMOVAL CHARGES,FY26 ORIGIN APPROP,19000,leaf
Facilities (FinCom 2.19.26),sources/budget-workbooks/finance-committee/fy27-budget/department-presentations/facilities/facilities-budget-for-fincom-2.19.26-1.xlsx,Sheet1,4,11922,521013,RUBBISH REMOVAL CHARGES,FY2027,24000,leaf
Facilities (FinCom 2.19.26),sources/budget-workbooks/finance-committee/fy27-budget/department-presentations/facilities/facilities-budget-for-fincom-2.19.26-1.xlsx,Sheet1,5,11922,521025,HEATING CHARGES/NATURAL GAS,FY24 BUDGET,37040,leaf
Facilities (FinCom 2.19.26),sources/budget-workbooks/finance-committee/fy27-budget/department-presentations/facilities/facilities-budget-for-fincom-2.19.26-1.xlsx,Sheet1,5,11922,521025,HEATING CHARGES/NATURAL GAS,FY25 BUDGET,37040,leaf
Facilities (FinCom 2.19.26),sources/budget-workbooks/finance-committee/fy27-budget/department-presentations/facilities/facilities-budget-for-fincom-2.19.26-1.xlsx,Sheet1,5,11922,521025,HEATING CHARGES/NATURAL GAS,FY26 ORIGIN APPROP,38500,leaf
Facilities (FinCom 2.19.26),sources/budget-workbooks/finance-committee/fy27-budget/department-presentations/facilities/facilities-budget-for-fincom-2.19.26-1.xlsx,Sheet1,5,11922,521025,HEATING CHARGES/NATURAL GAS,FY2027,74500,leaf
Facilities (FinCom 2.19.26),sources/budget-workbooks/finance-committee/fy27-budget/department-presentations/facilities/facilities-budget-for-fincom-2.19.26-1.xlsx,Sheet1,6,11922,523001,WATER CHARGES,FY24 BUDGET,6695,leaf
Facilities (FinCom 2.19.26),sources/budget-workbooks/finance-committee/fy27-budget/department-presentations/facilities/facilities-budget-for-fincom-2.19.26-1.xlsx,Sheet1,6,11922,523001,WATER CHARGES,FY25 BUDGET,6695,leaf
Facilities (FinCom 2.19.26),sources/budget-workbooks/finance-committee/fy27-budget/department-presentations/facilities/facilities-budget-for-fincom-2.19.26-1.xlsx,Sheet1,6,11922,523001,WATER CHARGES,FY26 ORIGIN APPROP,14000,leaf
Facilities (FinCom 2.19.26),sources/budget-workbooks/finance-committee/fy27-budget/department-presentations/facilities/facilities-budget-for-fincom-2.19.26-1.xlsx,Sheet1,6,11922,523001,WATER CHARGES,FY2027,17000,leaf
Facilities (FinCom 2.19.26),sources/budget-workbooks/finance-committee/fy27-budget/department-presentations/facilities/facilities-budget-for-fincom-2.19.26-1.xlsx,Sheet1,7,11922,523003,SEWER USEAGE FEE,FY24 BUDGET,9857.1,leaf
Facilities (FinCom 2.19.26),sources/budget-workbooks/finance-committee/fy27-budget/department-presentations/facilities/facilities-budget-for-fincom-2.19.26-1.xlsx,Sheet1,7,11922,523003,SEWER USEAGE FEE,FY25 BUDGET,9857.1,leaf
Facilities (FinCom 2.19.26),sources/budget-workbooks/finance-committee/fy27-budget/department-presentations/facilities/facilities-budget-for-fincom-2.19.26-1.xlsx,Sheet1,7,11922,523003,SEWER USEAGE FEE,FY26 ORIGIN APPROP,9857.1,leaf
Facilities (FinCom 2.19.26),sources/budget-workbooks/finance-committee/fy27-budget/department-presentations/facilities/facilities-budget-for-fincom-2.19.26-1.xlsx,Sheet1,7,11922,523003,SEWER USEAGE FEE,FY2027,15000,leaf
Facilities (FinCom 2.19.26),sources/budget-workbooks/finance-committee/fy27-budget/department-presentations/facilities/facilities-budget-for-fincom-2.19.26-1.xlsx,Sheet1,8,11922,541019,FUEL CHARGES,FY24 BUDGET,0,leaf
Facilities (FinCom 2.19.26),sources/budget-workbooks/finance-committee/fy27-budget/department-presentations/facilities/facilities-budget-for-fincom-2.19.26-1.xlsx,Sheet1,8,11922,541019,FUEL CHARGES,FY25 BUDGET,0,leaf
Facilities (FinCom 2.19.26),sources/budget-workbooks/finance-committee/fy27-budget/department-presentations/facilities/facilities-budget-for-fincom-2.19.26-1.xlsx,Sheet1,8,11922,541019,FUEL CHARGES,FY26 ORIGIN APPROP,1000,leaf
Facilities (FinCom 2.19.26),sources/budget-workbooks/finance-committee/fy27-budget/department-presentations/facilities/facilities-budget-for-fincom-2.19.26-1.xlsx,Sheet1,8,11922,541019,FUEL CHARGES,FY2027,1000,leaf
Facilities (FinCom 2.19.26),sources/budget-workbooks/finance-committee/fy27-budget/department-presentations/facilities/facilities-budget-for-fincom-2.19.26-1.xlsx,Sheet1,12,11931,511000,FACILITIES MANAGER,FY24 BUDGET,68701.98,leaf
Facilities (FinCom 2.19.26),sources/budget-workbooks/finance-committee/fy27-budget/department-presentations/facilities/facilities-budget-for-fincom-2.19.26-1.xlsx,Sheet1,12,11931,511000,FACILITIES MANAGER,FY25 BUDGET,67284.13,leaf
Facilities (FinCom 2.19.26),sources/budget-workbooks/finance-committee/fy27-budget/department-presentations/facilities/facilities-budget-for-fincom-2.19.26-1.xlsx,Sheet1,12,11931,511000,FACILITIES MANAGER,FY26 ORIGIN APPROP,75466.22,leaf
Facilities (FinCom 2.19.26),sources/budget-workbooks/finance-committee/fy27-budget/department-presentations/facilities/facilities-budget-for-fincom-2.19.26-1.xlsx,Sheet1,12,11931,511000,FACILITIES MANAGER,FY2027,70690.28,leaf
Facilities (FinCom 2.19.26),sources/budget-workbooks/finance-committee/fy27-budget/department-presentations/facilities/facilities-budget-for-fincom-2.19.26-1.xlsx,Sheet1,13,11931,511003,SALARIES FACILITIES STAFF,FY24 BUDGET,48576.74,leaf
Facilities (FinCom 2.19.26),sources/budget-workbooks/finance-committee/fy27-budget/department-presentations/facilities/facilities-budget-for-fincom-2.19.26-1.xlsx,Sheet1,13,11931,511003,SALARIES FACILITIES STAFF,FY25 BUDGET,48576.74,leaf
Facilities (FinCom 2.19.26),sources/budget-workbooks/finance-committee/fy27-budget/department-presentations/facilities/facilities-budget-for-fincom-2.19.26-1.xlsx,Sheet1,13,11931,511003,SALARIES FACILITIES STAFF,FY26 ORIGIN APPROP,52512.99,leaf
Facilities (FinCom 2.19.26),sources/budget-workbooks/finance-committee/fy27-budget/department-presentations/facilities/facilities-budget-for-fincom-2.19.26-1.xlsx,Sheet1,13,11931,511003,SALARIES FACILITIES STAFF,FY2027,52512.99,leaf
Facilities (FinCom 2.19.26),sources/budget-workbooks/finance-committee/fy27-budget/department-presentations/facilities/facilities-budget-for-fincom-2.19.26-1.xlsx,Sheet1,14,11931,511013,SALARY FACILITIES DIRECTOR,FY24 BUDGET,100251.56,leaf
Facilities (FinCom 2.19.26),sources/budget-workbooks/finance-committee/fy27-budget/department-presentations/facilities/facilities-budget-for-fincom-2.19.26-1.xlsx,Sheet1,14,11931,511013,SALARY FACILITIES DIRECTOR,FY25 BUDGET,103694.48,leaf
Facilities (FinCom 2.19.26),sources/budget-workbooks/finance-committee/fy27-budget/department-presentations/facilities/facilities-budget-for-fincom-2.19.26-1.xlsx,Sheet1,14,11931,511013,SALARY FACILITIES DIRECTOR,FY26 ORIGIN APPROP,119654.96,leaf
Facilities (FinCom 2.19.26),sources/budget-workbooks/finance-committee/fy27-budget/department-presentations/facilities/facilities-budget-for-fincom-2.19.26-1.xlsx,Sheet1,14,11931,511013,SALARY FACILITIES DIRECTOR,FY2027,125321.76,leaf
Facilities (FinCom 2.19.26),sources/budget-workbooks/finance-committee/fy27-budget/department-presentations/facilities/facilities-budget-for-fincom-2.19.26-1.xlsx,Sheet1,15,11931,513000,SALARIES OVERTIME,FY24 BUDGET,2082.53,leaf
Facilities (FinCom 2.19.26),sources/budget-workbooks/finance-committee/fy27-budget/department-presentations/facilities/facilities-budget-for-fincom-2.19.26-1.xlsx,Sheet1,15,11931,513000,SALARIES OVERTIME,FY25 BUDGET,2082.53,leaf
Facilities (FinCom 2.19.26),sources/budget-workbooks/finance-committee/fy27-budget/department-presentations/facilities/facilities-budget-for-fincom-2.19.26-1.xlsx,Sheet1,15,11931,513000,SALARIES OVERTIME,FY26 ORIGIN APPROP,2082.53,leaf
Facilities (FinCom 2.19.26),sources/budget-workbooks/finance-committee/fy27-budget/department-presentations/facilities/facilities-budget-for-fincom-2.19.26-1.xlsx,Sheet1,15,11931,513000,SALARIES OVERTIME,FY2027,2082.53,leaf
Facilities (FinCom 2.19.26),sources/budget-workbooks/finance-committee/fy27-budget/department-presentations/facilities/facilities-budget-for-fincom-2.19.26-1.xlsx,Sheet1,16,11931,514002,LONGEVITY PAY,FY24 BUDGET,1350,leaf
Facilities (FinCom 2.19.26),sources/budget-workbooks/finance-committee/fy27-budget/department-presentations/facilities/facilities-budget-for-fincom-2.19.26-1.xlsx,Sheet1,16,11931,514002,LONGEVITY PAY,FY25 BUDGET,1350,leaf
Facilities (FinCom 2.19.26),sources/budget-workbooks/finance-committee/fy27-budget/department-presentations/facilities/facilities-budget-for-fincom-2.19.26-1.xlsx,Sheet1,16,11931,514002,LONGEVITY PAY,FY26 ORIGIN APPROP,1350,leaf
Facilities (FinCom 2.19.26),sources/budget-workbooks/finance-committee/fy27-budget/department-presentations/facilities/facilities-budget-for-fincom-2.19.26-1.xlsx,Sheet1,16,11931,514002,LONGEVITY PAY,FY2027,850,leaf
Facilities (FinCom 2.19.26),sources/budget-workbooks/finance-committee/fy27-budget/department-presentations/facilities/facilities-budget-for-fincom-2.19.26-1.xlsx,Sheet1,17,11931,519005,ON-CALL STIPEND,FY24 BUDGET,6500,leaf
Facilities (FinCom 2.19.26),sources/budget-workbooks/finance-committee/fy27-budget/department-presentations/facilities/facilities-budget-for-fincom-2.19.26-1.xlsx,Sheet1,17,11931,519005,ON-CALL STIPEND,FY25 BUDGET,6500,leaf
Facilities (FinCom 2.19.26),sources/budget-workbooks/finance-committee/fy27-budget/department-presentations/facilities/facilities-budget-for-fincom-2.19.26-1.xlsx,Sheet1,17,11931,519005,ON-CALL STIPEND,FY26 ORIGIN APPROP,6500,leaf
Facilities (FinCom 2.19.26),sources/budget-workbooks/finance-committee/fy27-budget/department-presentations/facilities/facilities-budget-for-fincom-2.19.26-1.xlsx,Sheet1,17,11931,519005,ON-CALL STIPEND,FY2027,6500,leaf
Facilities (FinCom 2.19.26),sources/budget-workbooks/finance-committee/fy27-budget/department-presentations/facilities/facilities-budget-for-fincom-2.19.26-1.xlsx,Sheet1,18,11931,519010,CONTRACT EVALUATION STIPEND,FY24 BUDGET,1600,leaf
Facilities (FinCom 2.19.26),sources/budget-workbooks/finance-committee/fy27-budget/department-presentations/facilities/facilities-budget-for-fincom-2.19.26-1.xlsx,Sheet1,18,11931,519010,CONTRACT EVALUATION STIPEND,FY25 BUDGET,1600,leaf
Facilities (FinCom 2.19.26),sources/budget-workbooks/finance-committee/fy27-budget/department-presentations/facilities/facilities-budget-for-fincom-2.19.26-1.xlsx,Sheet1,18,11931,519010,CONTRACT EVALUATION STIPEND,FY26 ORIGIN APPROP,1600,leaf
Facilities (FinCom 2.19.26),sources/budget-workbooks/finance-committee/fy27-budget/department-presentations/facilities/facilities-budget-for-fincom-2.19.26-1.xlsx,Sheet1,18,11931,519010,CONTRACT EVALUATION STIPEND,FY2027,1600,leaf
Facilities (FinCom 2.19.26),sources/budget-workbooks/finance-committee/fy27-budget/department-presentations/facilities/facilities-budget-for-fincom-2.19.26-1.xlsx,Sheet1,22,11932,523005,TOWN BETTERMENT COSTS,FY24 BUDGET,71209,leaf
Facilities (FinCom 2.19.26),sources/budget-workbooks/finance-committee/fy27-budget/department-presentations/facilities/facilities-budget-for-fincom-2.19.26-1.xlsx,Sheet1,22,11932,523005,TOWN BETTERMENT COSTS,FY25 BUDGET,71209,leaf
Facilities (FinCom 2.19.26),sources/budget-workbooks/finance-committee/fy27-budget/department-presentations/facilities/facilities-budget-for-fincom-2.19.26-1.xlsx,Sheet1,22,11932,523005,TOWN BETTERMENT COSTS,FY26 ORIGIN APPROP,67547,leaf
Facilities (FinCom 2.19.26),sources/budget-workbooks/finance-committee/fy27-budget/department-presentations/facilities/facilities-budget-for-fincom-2.19.26-1.xlsx,Sheet1,22,11932,523005,TOWN BETTERMENT COSTS,FY2027,65717,leaf
Facilities (FinCom 2.19.26),sources/budget-workbooks/finance-committee/fy27-budget/department-presentations/facilities/facilities-budget-for-fincom-2.19.26-1.xlsx,Sheet1,23,11932,531003,CONTRACTED SERVICES,FY24 BUDGET,240000,leaf
Facilities (FinCom 2.19.26),sources/budget-workbooks/finance-committee/fy27-budget/department-presentations/facilities/facilities-budget-for-fincom-2.19.26-1.xlsx,Sheet1,23,11932,531003,CONTRACTED SERVICES,FY25 BUDGET,90000,leaf
Facilities (FinCom 2.19.26),sources/budget-workbooks/finance-committee/fy27-budget/department-presentations/facilities/facilities-budget-for-fincom-2.19.26-1.xlsx,Sheet1,23,11932,531003,CONTRACTED SERVICES,FY26 ORIGIN APPROP,90000,leaf
Facilities (FinCom 2.19.26),sources/budget-workbooks/finance-committee/fy27-budget/department-presentations/facilities/facilities-budget-for-fincom-2.19.26-1.xlsx,Sheet1,23,11932,531003,CONTRACTED SERVICES,FY2027,100000,leaf
Facilities (FinCom 2.19.26),sources/budget-workbooks/finance-committee/fy27-budget/department-presentations/facilities/facilities-budget-for-fincom-2.19.26-1.xlsx,Sheet1,24,11932,531006,PURCHASE OF SERVICE,FY24 BUDGET,0,leaf
Facilities (FinCom 2.19.26),sources/budget-workbooks/finance-committee/fy27-budget/department-presentations/facilities/facilities-budget-for-fincom-2.19.26-1.xlsx,Sheet1,24,11932,531006,PURCHASE OF SERVICE,FY25 BUDGET,150000,leaf
Facilities (FinCom 2.19.26),sources/budget-workbooks/finance-committee/fy27-budget/department-presentations/facilities/facilities-budget-for-fincom-2.19.26-1.xlsx,Sheet1,24,11932,531006,PURCHASE OF SERVICE,FY26 ORIGIN APPROP,150000,leaf
Facilities (FinCom 2.19.26),sources/budget-workbooks/finance-committee/fy27-budget/department-presentations/facilities/facilities-budget-for-fincom-2.19.26-1.xlsx,Sheet1,24,11932,531006,PURCHASE OF SERVICE,FY2027,175000,leaf
Facilities (FinCom 2.19.26),sources/budget-workbooks/finance-committee/fy27-budget/department-presentations/facilities/facilities-budget-for-fincom-2.19.26-1.xlsx,Sheet1,25,11932,531041,CONTRACTUAL TEEN CTR EXPENSES,FY24 BUDGET,10000,leaf
Facilities (FinCom 2.19.26),sources/budget-workbooks/finance-committee/fy27-budget/department-presentations/facilities/facilities-budget-for-fincom-2.19.26-1.xlsx,Sheet1,25,11932,531041,CONTRACTUAL TEEN CTR EXPENSES,FY25 BUDGET,10000,leaf
Facilities (FinCom 2.19.26),sources/budget-workbooks/finance-committee/fy27-budget/department-presentations/facilities/facilities-budget-for-fincom-2.19.26-1.xlsx,Sheet1,25,11932,531041,CONTRACTUAL TEEN CTR EXPENSES,FY26 ORIGIN APPROP,10000,leaf
Facilities (FinCom 2.19.26),sources/budget-workbooks/finance-committee/fy27-budget/department-presentations/facilities/facilities-budget-for-fincom-2.19.26-1.xlsx,Sheet1,25,11932,531041,CONTRACTUAL TEEN CTR EXPENSES,FY2027,12000,leaf
Facilities (FinCom 2.19.26),sources/budget-workbooks/finance-committee/fy27-budget/department-presentations/facilities/facilities-budget-for-fincom-2.19.26-1.xlsx,Sheet1,26,11932,531042,CONTRACTED CLEANING SERVICES,FY24 BUDGET,86000,leaf
Facilities (FinCom 2.19.26),sources/budget-workbooks/finance-committee/fy27-budget/department-presentations/facilities/facilities-budget-for-fincom-2.19.26-1.xlsx,Sheet1,26,11932,531042,CONTRACTED CLEANING SERVICES,FY25 BUDGET,86000,leaf
Facilities (FinCom 2.19.26),sources/budget-workbooks/finance-committee/fy27-budget/department-presentations/facilities/facilities-budget-for-fincom-2.19.26-1.xlsx,Sheet1,26,11932,531042,CONTRACTED CLEANING SERVICES,FY26 ORIGIN APPROP,80000,leaf
Facilities (FinCom 2.19.26),sources/budget-workbooks/finance-committee/fy27-budget/department-presentations/facilities/facilities-budget-for-fincom-2.19.26-1.xlsx,Sheet1,26,11932,531042,CONTRACTED CLEANING SERVICES,FY2027,86000,leaf
Facilities (FinCom 2.19.26),sources/budget-workbooks/finance-committee/fy27-budget/department-presentations/facilities/facilities-budget-for-fincom-2.19.26-1.xlsx,Sheet1,27,11932,531043,DEPARTMENT EXPENSES,FY24 BUDGET,5492,leaf
Facilities (FinCom 2.19.26),sources/budget-workbooks/finance-committee/fy27-budget/department-presentations/facilities/facilities-budget-for-fincom-2.19.26-1.xlsx,Sheet1,27,11932,531043,DEPARTMENT EXPENSES,FY25 BUDGET,5492,leaf
Facilities (FinCom 2.19.26),sources/budget-workbooks/finance-committee/fy27-budget/department-presentations/facilities/facilities-budget-for-fincom-2.19.26-1.xlsx,Sheet1,27,11932,531043,DEPARTMENT EXPENSES,FY26 ORIGIN APPROP,5492,leaf
Facilities (FinCom 2.19.26),sources/budget-workbooks/finance-committee/fy27-budget/department-presentations/facilities/facilities-budget-for-fincom-2.19.26-1.xlsx,Sheet1,27,11932,531043,DEPARTMENT EXPENSES,FY2027,5500,leaf
Facilities (FinCom 2.19.26),sources/budget-workbooks/finance-committee/fy27-budget/department-presentations/facilities/facilities-budget-for-fincom-2.19.26-1.xlsx,Sheet1,28,11932,531079,TCP EXPENSES,FY24 BUDGET,0,leaf
Facilities (FinCom 2.19.26),sources/budget-workbooks/finance-committee/fy27-budget/department-presentations/facilities/facilities-budget-for-fincom-2.19.26-1.xlsx,Sheet1,28,11932,531079,TCP EXPENSES,FY25 BUDGET,0,leaf
Facilities (FinCom 2.19.26),sources/budget-workbooks/finance-committee/fy27-budget/department-presentations/facilities/facilities-budget-for-fincom-2.19.26-1.xlsx,Sheet1,28,11932,531079,TCP EXPENSES,FY26 ORIGIN APPROP,27000,leaf
Facilities (FinCom 2.19.26),sources/budget-workbooks/finance-committee/fy27-budget/department-presentations/facilities/facilities-budget-for-fincom-2.19.26-1.xlsx,Sheet1,28,11932,531079,TCP EXPENSES,FY2027,27000,leaf
Facilities (FinCom 2.19.26),sources/budget-workbooks/finance-committee/fy27-budget/department-presentations/facilities/facilities-budget-for-fincom-2.19.26-1.xlsx,Sheet1,29,11932,541001,CUSTODIAL SUPPLIES,FY24 BUDGET,7166,leaf
Facilities (FinCom 2.19.26),sources/budget-workbooks/finance-committee/fy27-budget/department-presentations/facilities/facilities-budget-for-fincom-2.19.26-1.xlsx,Sheet1,29,11932,541001,CUSTODIAL SUPPLIES,FY25 BUDGET,7166,leaf
Facilities (FinCom 2.19.26),sources/budget-workbooks/finance-committee/fy27-budget/department-presentations/facilities/facilities-budget-for-fincom-2.19.26-1.xlsx,Sheet1,29,11932,541001,CUSTODIAL SUPPLIES,FY26 ORIGIN APPROP,8200,leaf
Facilities (FinCom 2.19.26),sources/budget-workbooks/finance-committee/fy27-budget/department-presentations/facilities/facilities-budget-for-fincom-2.19.26-1.xlsx,Sheet1,29,11932,541001,CUSTODIAL SUPPLIES,FY2027,10000,leaf
Facilities (FinCom 2.19.26),sources/budget-workbooks/finance-committee/fy27-budget/department-presentations/facilities/facilities-budget-for-fincom-2.19.26-1.xlsx,Sheet1,30,11932,541002,BUILDING MTC SUPPLIES,FY24 BUDGET,15856.5,leaf
Facilities (FinCom 2.19.26),sources/budget-workbooks/finance-committee/fy27-budget/department-presentations/facilities/facilities-budget-for-fincom-2.19.26-1.xlsx,Sheet1,30,11932,541002,BUILDING MTC SUPPLIES,FY25 BUDGET,15856.5,leaf
Facilities (FinCom 2.19.26),sources/budget-workbooks/finance-committee/fy27-budget/department-presentations/facilities/facilities-budget-for-fincom-2.19.26-1.xlsx,Sheet1,30,11932,541002,BUILDING MTC SUPPLIES,FY26 ORIGIN APPROP,12000,leaf
Facilities (FinCom 2.19.26),sources/budget-workbooks/finance-committee/fy27-budget/department-presentations/facilities/facilities-budget-for-fincom-2.19.26-1.xlsx,Sheet1,30,11932,541002,BUILDING MTC SUPPLIES,FY2027,20000,leaf
Facilities (FinCom 2.19.26),sources/budget-workbooks/finance-committee/fy27-budget/department-presentations/facilities/facilities-budget-for-fincom-2.19.26-1.xlsx,Sheet1,31,11932,558000,UNIFORM ALLOWANCE REIMBURSEMEN,FY24 BUDGET,2200,leaf
Facilities (FinCom 2.19.26),sources/budget-workbooks/finance-committee/fy27-budget/department-presentations/facilities/facilities-budget-for-fincom-2.19.26-1.xlsx,Sheet1,31,11932,558000,UNIFORM ALLOWANCE REIMBURSEMEN,FY25 BUDGET,2200,leaf
Facilities (FinCom 2.19.26),sources/budget-workbooks/finance-committee/fy27-budget/department-presentations/facilities/facilities-budget-for-fincom-2.19.26-1.xlsx,Sheet1,31,11932,558000,UNIFORM ALLOWANCE REIMBURSEMEN,FY26 ORIGIN APPROP,2200,leaf
Facilities (FinCom 2.19.26),sources/budget-workbooks/finance-committee/fy27-budget/department-presentations/facilities/facilities-budget-for-fincom-2.19.26-1.xlsx,Sheet1,31,11932,558000,UNIFORM ALLOWANCE REIMBURSEMEN,FY2027,2200,leaf
Facilities (FinCom 2.19.26),sources/budget-workbooks/finance-committee/fy27-budget/department-presentations/facilities/facilities-budget-for-fincom-2.19.26-1.xlsx,Sheet1,32,,,NEW LINE: VEHICLE ALLOWANCE,FY2027,7500,leaf
Facilities (FinCom 2.19.26),sources/budget-workbooks/finance-committee/fy27-budget/department-presentations/facilities/facilities-budget-for-fincom-2.19.26-1.xlsx,Sheet1,38,16501,511000,PARK SUPERVISOR SALARY,FY24 BUDGET,24412.3,leaf
Facilities (FinCom 2.19.26),sources/budget-workbooks/finance-committee/fy27-budget/department-presentations/facilities/facilities-budget-for-fincom-2.19.26-1.xlsx,Sheet1,38,16501,511000,PARK SUPERVISOR SALARY,FY25 BUDGET,25346.64,leaf
Facilities (FinCom 2.19.26),sources/budget-workbooks/finance-committee/fy27-budget/department-presentations/facilities/facilities-budget-for-fincom-2.19.26-1.xlsx,Sheet1,38,16501,511000,PARK SUPERVISOR SALARY,FY26 ORIGIN APPROP,29033.6,leaf
Facilities (FinCom 2.19.26),sources/budget-workbooks/finance-committee/fy27-budget/department-presentations/facilities/facilities-budget-for-fincom-2.19.26-1.xlsx,Sheet1,38,16501,511000,PARK SUPERVISOR SALARY,FY2027,29033.6,leaf
Facilities (FinCom 2.19.26),sources/budget-workbooks/finance-committee/fy27-budget/department-presentations/facilities/facilities-budget-for-fincom-2.19.26-1.xlsx,Sheet1,39,16501,512100,TOWN BEACH SALARIES,FY24 BUDGET,20500,leaf
Facilities (FinCom 2.19.26),sources/budget-workbooks/finance-committee/fy27-budget/department-presentations/facilities/facilities-budget-for-fincom-2.19.26-1.xlsx,Sheet1,39,16501,512100,TOWN BEACH SALARIES,FY25 BUDGET,20500,leaf
Facilities (FinCom 2.19.26),sources/budget-workbooks/finance-committee/fy27-budget/department-presentations/facilities/facilities-budget-for-fincom-2.19.26-1.xlsx,Sheet1,39,16501,512100,TOWN BEACH SALARIES,FY26 ORIGIN APPROP,24000,leaf
Facilities (FinCom 2.19.26),sources/budget-workbooks/finance-committee/fy27-budget/department-presentations/facilities/facilities-budget-for-fincom-2.19.26-1.xlsx,Sheet1,39,16501,512100,TOWN BEACH SALARIES,FY2027,25000,leaf
Facilities (FinCom 2.19.26),sources/budget-workbooks/finance-committee/fy27-budget/department-presentations/facilities/facilities-budget-for-fincom-2.19.26-1.xlsx,Sheet1,40,16501,512107,SALARIES PROGRAMMING,FY24 BUDGET,5000,leaf
Facilities (FinCom 2.19.26),sources/budget-workbooks/finance-committee/fy27-budget/department-presentations/facilities/facilities-budget-for-fincom-2.19.26-1.xlsx,Sheet1,40,16501,512107,SALARIES PROGRAMMING,FY25 BUDGET,5000,leaf
Facilities (FinCom 2.19.26),sources/budget-workbooks/finance-committee/fy27-budget/department-presentations/facilities/facilities-budget-for-fincom-2.19.26-1.xlsx,Sheet1,40,16501,512107,SALARIES PROGRAMMING,FY26 ORIGIN APPROP,5000,leaf
Facilities (FinCom 2.19.26),sources/budget-workbooks/finance-committee/fy27-budget/department-presentations/facilities/facilities-budget-for-fincom-2.19.26-1.xlsx,Sheet1,40,16501,512107,SALARIES PROGRAMMING,FY2027,5000,leaf
Facilities (FinCom 2.19.26),sources/budget-workbooks/finance-committee/fy27-budget/department-presentations/facilities/facilities-budget-for-fincom-2.19.26-1.xlsx,Sheet1,44,16502,531006,PURCHASE OF SERVICE,FY24 BUDGET,55000,leaf
Facilities (FinCom 2.19.26),sources/budget-workbooks/finance-committee/fy27-budget/department-presentations/facilities/facilities-budget-for-fincom-2.19.26-1.xlsx,Sheet1,44,16502,531006,PURCHASE OF SERVICE,FY25 BUDGET,60000,leaf
Facilities (FinCom 2.19.26),sources/budget-workbooks/finance-committee/fy27-budget/department-presentations/facilities/facilities-budget-for-fincom-2.19.26-1.xlsx,Sheet1,44,16502,531006,PURCHASE OF SERVICE,FY26 ORIGIN APPROP,70000,leaf
Facilities (FinCom 2.19.26),sources/budget-workbooks/finance-committee/fy27-budget/department-presentations/facilities/facilities-budget-for-fincom-2.19.26-1.xlsx,Sheet1,44,16502,531006,PURCHASE OF SERVICE,FY2027,80000,leaf
Facilities (FinCom 2.19.26),sources/budget-workbooks/finance-committee/fy27-budget/department-presentations/facilities/facilities-budget-for-fincom-2.19.26-1.xlsx,Sheet1,45,16502,531043,DEPARTMENT EXPENSES,FY24 BUDGET,6400,leaf
Facilities (FinCom 2.19.26),sources/budget-workbooks/finance-committee/fy27-budget/department-presentations/facilities/facilities-budget-for-fincom-2.19.26-1.xlsx,Sheet1,45,16502,531043,DEPARTMENT EXPENSES,FY25 BUDGET,6400,leaf
Facilities (FinCom 2.19.26),sources/budget-workbooks/finance-committee/fy27-budget/department-presentations/facilities/facilities-budget-for-fincom-2.19.26-1.xlsx,Sheet1,45,16502,531043,DEPARTMENT EXPENSES,FY26 ORIGIN APPROP,6400,leaf
Facilities (FinCom 2.19.26),sources/budget-workbooks/finance-committee/fy27-budget/department-presentations/facilities/facilities-budget-for-fincom-2.19.26-1.xlsx,Sheet1,45,16502,531043,DEPARTMENT EXPENSES,FY2027,6400,leaf
Facilities (FinCom 2.19.26),sources/budget-workbooks/finance-committee/fy27-budget/department-presentations/facilities/facilities-budget-for-fincom-2.19.26-1.xlsx,Sheet1,10,,,TOTAL EXPENSE - PUBLIC BUILDINGS,FY24 BUDGET,205553.1,subtotal
Facilities (FinCom 2.19.26),sources/budget-workbooks/finance-committee/fy27-budget/department-presentations/facilities/facilities-budget-for-fincom-2.19.26-1.xlsx,Sheet1,10,,,TOTAL EXPENSE - PUBLIC BUILDINGS,FY25 BUDGET,206453.1,subtotal
Facilities (FinCom 2.19.26),sources/budget-workbooks/finance-committee/fy27-budget/department-presentations/facilities/facilities-budget-for-fincom-2.19.26-1.xlsx,Sheet1,10,,,TOTAL EXPENSE - PUBLIC BUILDINGS,FY26 ORIGIN APPROP,221357.1,subtotal
Facilities (FinCom 2.19.26),sources/budget-workbooks/finance-committee/fy27-budget/department-presentations/facilities/facilities-budget-for-fincom-2.19.26-1.xlsx,Sheet1,10,,,TOTAL EXPENSE - PUBLIC BUILDINGS,FY2027,287500,subtotal
Facilities (FinCom 2.19.26),sources/budget-workbooks/finance-committee/fy27-budget/department-presentations/facilities/facilities-budget-for-fincom-2.19.26-1.xlsx,Sheet1,20,,,TOTAL PAYROLL - FACILITIES & GROUNDS,FY24 BUDGET,229062.81,subtotal
Facilities (FinCom 2.19.26),sources/budget-workbooks/finance-committee/fy27-budget/department-presentations/facilities/facilities-budget-for-fincom-2.19.26-1.xlsx,Sheet1,20,,,TOTAL PAYROLL - FACILITIES & GROUNDS,FY25 BUDGET,231087.87999999998,subtotal
Facilities (FinCom 2.19.26),sources/budget-workbooks/finance-committee/fy27-budget/department-presentations/facilities/facilities-budget-for-fincom-2.19.26-1.xlsx,Sheet1,20,,,TOTAL PAYROLL - FACILITIES & GROUNDS,FY26 ORIGIN APPROP,259166.69999999998,subtotal
Facilities (FinCom 2.19.26),sources/budget-workbooks/finance-committee/fy27-budget/department-presentations/facilities/facilities-budget-for-fincom-2.19.26-1.xlsx,Sheet1,20,,,TOTAL PAYROLL - FACILITIES & GROUNDS,FY2027,259557.55999999997,subtotal
Facilities (FinCom 2.19.26),sources/budget-workbooks/finance-committee/fy27-budget/department-presentations/facilities/facilities-budget-for-fincom-2.19.26-1.xlsx,Sheet1,34,,,TOTAL EXPENSE - FACILITIES & GROUNDS,FY24 BUDGET,437923.5,subtotal
Facilities (FinCom 2.19.26),sources/budget-workbooks/finance-committee/fy27-budget/department-presentations/facilities/facilities-budget-for-fincom-2.19.26-1.xlsx,Sheet1,34,,,TOTAL EXPENSE - FACILITIES & GROUNDS,FY25 BUDGET,437923.5,subtotal
Facilities (FinCom 2.19.26),sources/budget-workbooks/finance-committee/fy27-budget/department-presentations/facilities/facilities-budget-for-fincom-2.19.26-1.xlsx,Sheet1,34,,,TOTAL EXPENSE - FACILITIES & GROUNDS,FY26 ORIGIN APPROP,452439,subtotal
Facilities (FinCom 2.19.26),sources/budget-workbooks/finance-committee/fy27-budget/department-presentations/facilities/facilities-budget-for-fincom-2.19.26-1.xlsx,Sheet1,34,,,TOTAL EXPENSE - FACILITIES & GROUNDS,FY2027,510917,subtotal
Facilities (FinCom 2.19.26),sources/budget-workbooks/finance-committee/fy27-budget/department-presentations/facilities/facilities-budget-for-fincom-2.19.26-1.xlsx,Sheet1,35,,,TOTAL FACILITIES,FY24 BUDGET,666986.31,total
Facilities (FinCom 2.19.26),sources/budget-workbooks/finance-committee/fy27-budget/department-presentations/facilities/facilities-budget-for-fincom-2.19.26-1.xlsx,Sheet1,35,,,TOTAL FACILITIES,FY25 BUDGET,669011.38,total
Facilities (FinCom 2.19.26),sources/budget-workbooks/finance-committee/fy27-budget/department-presentations/facilities/facilities-budget-for-fincom-2.19.26-1.xlsx,Sheet1,35,,,TOTAL FACILITIES,FY26 ORIGIN APPROP,711605.7,total
Facilities (FinCom 2.19.26),sources/budget-workbooks/finance-committee/fy27-budget/department-presentations/facilities/facilities-budget-for-fincom-2.19.26-1.xlsx,Sheet1,35,,,TOTAL FACILITIES,FY2027,770474.5599999999,total
Facilities (FinCom 2.19.26),sources/budget-workbooks/finance-committee/fy27-budget/department-presentations/facilities/facilities-budget-for-fincom-2.19.26-1.xlsx,Sheet1,42,,,TOTAL SALARY - PARKS & RECREATION,FY24 BUDGET,49912.3,subtotal
Facilities (FinCom 2.19.26),sources/budget-workbooks/finance-committee/fy27-budget/department-presentations/facilities/facilities-budget-for-fincom-2.19.26-1.xlsx,Sheet1,42,,,TOTAL SALARY - PARKS & RECREATION,FY25 BUDGET,50846.64,subtotal
Facilities (FinCom 2.19.26),sources/budget-workbooks/finance-committee/fy27-budget/department-presentations/facilities/facilities-budget-for-fincom-2.19.26-1.xlsx,Sheet1,42,,,TOTAL SALARY - PARKS & RECREATION,FY26 ORIGIN APPROP,58033.6,subtotal
Facilities (FinCom 2.19.26),sources/budget-workbooks/finance-committee/fy27-budget/department-presentations/facilities/facilities-budget-for-fincom-2.19.26-1.xlsx,Sheet1,42,,,TOTAL SALARY - PARKS & RECREATION,FY2027,59033.6,subtotal
Facilities (FinCom 2.19.26),sources/budget-workbooks/finance-committee/fy27-budget/department-presentations/facilities/facilities-budget-for-fincom-2.19.26-1.xlsx,Sheet1,47,,,TOTAL EXPENSE - PARKS & RECREATION,FY24 BUDGET,61400,subtotal
Facilities (FinCom 2.19.26),sources/budget-workbooks/finance-committee/fy27-budget/department-presentations/facilities/facilities-budget-for-fincom-2.19.26-1.xlsx,Sheet1,47,,,TOTAL EXPENSE - PARKS & RECREATION,FY25 BUDGET,66400,subtotal
Facilities (FinCom 2.19.26),sources/budget-workbooks/finance-committee/fy27-budget/department-presentations/facilities/facilities-budget-for-fincom-2.19.26-1.xlsx,Sheet1,47,,,TOTAL EXPENSE - PARKS & RECREATION,FY26 ORIGIN APPROP,76400,subtotal
Facilities (FinCom 2.19.26),sources/budget-workbooks/finance-committee/fy27-budget/department-presentations/facilities/facilities-budget-for-fincom-2.19.26-1.xlsx,Sheet1,47,,,TOTAL EXPENSE - PARKS & RECREATION,FY2027,86400,subtotal
Facilities (FinCom 2.19.26),sources/budget-workbooks/finance-committee/fy27-budget/department-presentations/facilities/facilities-budget-for-fincom-2.19.26-1.xlsx,Sheet1,48,,,TOTAL PARKS,FY24 BUDGET,111312.3,total
Facilities (FinCom 2.19.26),sources/budget-workbooks/finance-committee/fy27-budget/department-presentations/facilities/facilities-budget-for-fincom-2.19.26-1.xlsx,Sheet1,48,,,TOTAL PARKS,FY25 BUDGET,117246.64,total
Facilities (FinCom 2.19.26),sources/budget-workbooks/finance-committee/fy27-budget/department-presentations/facilities/facilities-budget-for-fincom-2.19.26-1.xlsx,Sheet1,48,,,TOTAL PARKS,FY26 ORIGIN APPROP,134433.6,total
Facilities (FinCom 2.19.26),sources/budget-workbooks/finance-committee/fy27-budget/department-presentations/facilities/facilities-budget-for-fincom-2.19.26-1.xlsx,Sheet1,48,,,TOTAL PARKS,FY2027,145433.6,total
IT (FY25),sources/budget-workbooks/finance-committee/fy25-budget/it/fy25-it-budget.xlsx,Sheet1,3,155,511002,NETWORK ADMINISTRATOR,FY23 TM Target Budget,71221.68,leaf
IT (FY25),sources/budget-workbooks/finance-committee/fy25-budget/it/fy25-it-budget.xlsx,Sheet1,3,155,511002,NETWORK ADMINISTRATOR,FY23 Requested Budget,71221.68,leaf
IT (FY25),sources/budget-workbooks/finance-committee/fy25-budget/it/fy25-it-budget.xlsx,Sheet1,3,155,511002,NETWORK ADMINISTRATOR,FY23 TM Prelim Budget,71221.68,leaf
IT (FY25),sources/budget-workbooks/finance-committee/fy25-budget/it/fy25-it-budget.xlsx,Sheet1,3,155,511002,NETWORK ADMINISTRATOR,FY23 Final Budget after Recap,71221.68,leaf
IT (FY25),sources/budget-workbooks/finance-committee/fy25-budget/it/fy25-it-budget.xlsx,Sheet1,3,155,511002,NETWORK ADMINISTRATOR,FY24 Target Budget,74568,leaf
IT (FY25),sources/budget-workbooks/finance-committee/fy25-budget/it/fy25-it-budget.xlsx,Sheet1,3,155,511002,NETWORK ADMINISTRATOR,FY24 Requested Budget,74568,leaf
IT (FY25),sources/budget-workbooks/finance-committee/fy25-budget/it/fy25-it-budget.xlsx,Sheet1,3,155,511002,NETWORK ADMINISTRATOR,FY24 TM Prelim Budget,74568,leaf
IT (FY25),sources/budget-workbooks/finance-committee/fy25-budget/it/fy25-it-budget.xlsx,Sheet1,3,155,511002,NETWORK ADMINISTRATOR,FY24 TM Budget 5/6/23,76432.2,leaf
IT (FY25),sources/budget-workbooks/finance-committee/fy25-budget/it/fy25-it-budget.xlsx,Sheet1,3,155,511002,NETWORK ADMINISTRATOR,FY24 Final Budget After Pro Forma Recap,76432.2,leaf
IT (FY25),sources/budget-workbooks/finance-committee/fy25-budget/it/fy25-it-budget.xlsx,Sheet1,3,155,511002,NETWORK ADMINISTRATOR,FY25 TM Target Budget,79030.8,leaf
IT (FY25),sources/budget-workbooks/finance-committee/fy25-budget/it/fy25-it-budget.xlsx,Sheet1,3,155,511002,NETWORK ADMINISTRATOR,FY25 Requested Budget,79030.8,leaf
IT (FY25),sources/budget-workbooks/finance-committee/fy25-budget/it/fy25-it-budget.xlsx,Sheet1,3,155,511002,NETWORK ADMINISTRATOR,FY25 TM Prelim. Budget,79030.8,leaf
IT (FY25),sources/budget-workbooks/finance-committee/fy25-budget/it/fy25-it-budget.xlsx,Sheet1,3,155,511002,NETWORK ADMINISTRATOR,% Inc.,0.03399875968505428,leaf
IT (FY25),sources/budget-workbooks/finance-committee/fy25-budget/it/fy25-it-budget.xlsx,Sheet1,3,155,511002,NETWORK ADMINISTRATOR,$ Inc.,2598.600000000006,leaf
IT (FY25),sources/budget-workbooks/finance-committee/fy25-budget/it/fy25-it-budget.xlsx,Sheet1,4,155,519991,REMOTE MEETING COORINDATOR,FY23 TM Target Budget,0,leaf
IT (FY25),sources/budget-workbooks/finance-committee/fy25-budget/it/fy25-it-budget.xlsx,Sheet1,4,155,519991,REMOTE MEETING COORINDATOR,FY23 Requested Budget,5000,leaf
IT (FY25),sources/budget-workbooks/finance-committee/fy25-budget/it/fy25-it-budget.xlsx,Sheet1,4,155,519991,REMOTE MEETING COORINDATOR,FY23 TM Prelim Budget,5000,leaf
IT (FY25),sources/budget-workbooks/finance-committee/fy25-budget/it/fy25-it-budget.xlsx,Sheet1,4,155,519991,REMOTE MEETING COORINDATOR,FY23 Final Budget after Recap,5000,leaf
IT (FY25),sources/budget-workbooks/finance-committee/fy25-budget/it/fy25-it-budget.xlsx,Sheet1,4,155,519991,REMOTE MEETING COORINDATOR,FY24 Target Budget,5000,leaf
IT (FY25),sources/budget-workbooks/finance-committee/fy25-budget/it/fy25-it-budget.xlsx,Sheet1,4,155,519991,REMOTE MEETING COORINDATOR,FY24 Requested Budget,5000,leaf
IT (FY25),sources/budget-workbooks/finance-committee/fy25-budget/it/fy25-it-budget.xlsx,Sheet1,4,155,519991,REMOTE MEETING COORINDATOR,FY24 TM Prelim Budget,5000,leaf
IT (FY25),sources/budget-workbooks/finance-committee/fy25-budget/it/fy25-it-budget.xlsx,Sheet1,4,155,519991,REMOTE MEETING COORINDATOR,FY24 TM Budget 5/6/23,5000,leaf
IT (FY25),sources/budget-workbooks/finance-committee/fy25-budget/it/fy25-it-budget.xlsx,Sheet1,4,155,519991,REMOTE MEETING COORINDATOR,FY24 Final Budget After Pro Forma Recap,5000,leaf
IT (FY25),sources/budget-workbooks/finance-committee/fy25-budget/it/fy25-it-budget.xlsx,Sheet1,4,155,519991,REMOTE MEETING COORINDATOR,FY25 TM Target Budget,5000,leaf
IT (FY25),sources/budget-workbooks/finance-committee/fy25-budget/it/fy25-it-budget.xlsx,Sheet1,4,155,519991,REMOTE MEETING COORINDATOR,FY25 Requested Budget,5000,leaf
IT (FY25),sources/budget-workbooks/finance-committee/fy25-budget/it/fy25-it-budget.xlsx,Sheet1,4,155,519991,REMOTE MEETING COORINDATOR,FY25 TM Prelim. Budget,5000,leaf
IT (FY25),sources/budget-workbooks/finance-committee/fy25-budget/it/fy25-it-budget.xlsx,Sheet1,4,155,519991,REMOTE MEETING COORINDATOR,% Inc.,0,leaf
IT (FY25),sources/budget-workbooks/finance-committee/fy25-budget/it/fy25-it-budget.xlsx,Sheet1,4,155,519991,REMOTE MEETING COORINDATOR,$ Inc.,0,leaf
IT (FY25),sources/budget-workbooks/finance-committee/fy25-budget/it/fy25-it-budget.xlsx,Sheet1,5,155,511002,TECHNICAL SUPPORT,FY23 TM Prelim Budget,23545.33,leaf
IT (FY25),sources/budget-workbooks/finance-committee/fy25-budget/it/fy25-it-budget.xlsx,Sheet1,5,155,511002,TECHNICAL SUPPORT,FY23 Final Budget after Recap,23545.33,leaf
IT (FY25),sources/budget-workbooks/finance-committee/fy25-budget/it/fy25-it-budget.xlsx,Sheet1,5,155,511002,TECHNICAL SUPPORT,FY24 Target Budget,23545.33,leaf
IT (FY25),sources/budget-workbooks/finance-committee/fy25-budget/it/fy25-it-budget.xlsx,Sheet1,5,155,511002,TECHNICAL SUPPORT,FY24 Requested Budget,23545.33,leaf
IT (FY25),sources/budget-workbooks/finance-committee/fy25-budget/it/fy25-it-budget.xlsx,Sheet1,5,155,511002,TECHNICAL SUPPORT,FY24 TM Prelim Budget,23545.33,leaf
IT (FY25),sources/budget-workbooks/finance-committee/fy25-budget/it/fy25-it-budget.xlsx,Sheet1,5,155,511002,TECHNICAL SUPPORT,FY24 TM Budget 5/6/23,24529.15,leaf
IT (FY25),sources/budget-workbooks/finance-committee/fy25-budget/it/fy25-it-budget.xlsx,Sheet1,5,155,511002,TECHNICAL SUPPORT,FY24 Final Budget After Pro Forma Recap,24529.15,leaf
IT (FY25),sources/budget-workbooks/finance-committee/fy25-budget/it/fy25-it-budget.xlsx,Sheet1,5,155,511002,TECHNICAL SUPPORT,FY25 TM Target Budget,25516.3,leaf
IT (FY25),sources/budget-workbooks/finance-committee/fy25-budget/it/fy25-it-budget.xlsx,Sheet1,5,155,511002,TECHNICAL SUPPORT,FY25 Requested Budget,42746.24,leaf
IT (FY25),sources/budget-workbooks/finance-committee/fy25-budget/it/fy25-it-budget.xlsx,Sheet1,5,155,511002,TECHNICAL SUPPORT,FY25 TM Prelim. Budget,42746.24,leaf
IT (FY25),sources/budget-workbooks/finance-committee/fy25-budget/it/fy25-it-budget.xlsx,Sheet1,5,155,511002,TECHNICAL SUPPORT,% Inc.,0.7426710668734953,leaf
IT (FY25),sources/budget-workbooks/finance-committee/fy25-budget/it/fy25-it-budget.xlsx,Sheet1,5,155,511002,TECHNICAL SUPPORT,$ Inc.,18217.089999999997,leaf
IT (FY25),sources/budget-workbooks/finance-committee/fy25-budget/it/fy25-it-budget.xlsx,Sheet1,6,155,514002,LONGEVITY PAY,FY25 TM Target Budget,1580.62,leaf
IT (FY25),sources/budget-workbooks/finance-committee/fy25-budget/it/fy25-it-budget.xlsx,Sheet1,6,155,514002,LONGEVITY PAY,FY25 Requested Budget,1580.62,leaf
IT (FY25),sources/budget-workbooks/finance-committee/fy25-budget/it/fy25-it-budget.xlsx,Sheet1,6,155,514002,LONGEVITY PAY,FY25 TM Prelim. Budget,1580.62,leaf
IT (FY25),sources/budget-workbooks/finance-committee/fy25-budget/it/fy25-it-budget.xlsx,Sheet1,6,155,514002,LONGEVITY PAY,$ Inc.,1580.62,leaf
IT (FY25),sources/budget-workbooks/finance-committee/fy25-budget/it/fy25-it-budget.xlsx,Sheet1,9,155,535006,CONTRACTED SERVICES,FY23 TM Target Budget,25000,leaf
IT (FY25),sources/budget-workbooks/finance-committee/fy25-budget/it/fy25-it-budget.xlsx,Sheet1,9,155,535006,CONTRACTED SERVICES,FY23 Requested Budget,25000,leaf
IT (FY25),sources/budget-workbooks/finance-committee/fy25-budget/it/fy25-it-budget.xlsx,Sheet1,9,155,535006,CONTRACTED SERVICES,FY23 TM Prelim Budget,25000,leaf
IT (FY25),sources/budget-workbooks/finance-committee/fy25-budget/it/fy25-it-budget.xlsx,Sheet1,9,155,535006,CONTRACTED SERVICES,FY23 Final Budget after Recap,25000,leaf
IT (FY25),sources/budget-workbooks/finance-committee/fy25-budget/it/fy25-it-budget.xlsx,Sheet1,9,155,535006,CONTRACTED SERVICES,FY24 Target Budget,25000,leaf
IT (FY25),sources/budget-workbooks/finance-committee/fy25-budget/it/fy25-it-budget.xlsx,Sheet1,9,155,535006,CONTRACTED SERVICES,FY24 Requested Budget,25000,leaf
IT (FY25),sources/budget-workbooks/finance-committee/fy25-budget/it/fy25-it-budget.xlsx,Sheet1,9,155,535006,CONTRACTED SERVICES,FY24 TM Prelim Budget,25000,leaf
IT (FY25),sources/budget-workbooks/finance-committee/fy25-budget/it/fy25-it-budget.xlsx,Sheet1,9,155,535006,CONTRACTED SERVICES,FY24 TM Budget 5/6/23,25000,leaf
IT (FY25),sources/budget-workbooks/finance-committee/fy25-budget/it/fy25-it-budget.xlsx,Sheet1,9,155,535006,CONTRACTED SERVICES,FY24 Final Budget After Pro Forma Recap,25000,leaf
IT (FY25),sources/budget-workbooks/finance-committee/fy25-budget/it/fy25-it-budget.xlsx,Sheet1,9,155,535006,CONTRACTED SERVICES,FY25 TM Target Budget,25000,leaf
IT (FY25),sources/budget-workbooks/finance-committee/fy25-budget/it/fy25-it-budget.xlsx,Sheet1,9,155,535006,CONTRACTED SERVICES,FY25 Requested Budget,25000,leaf
IT (FY25),sources/budget-workbooks/finance-committee/fy25-budget/it/fy25-it-budget.xlsx,Sheet1,9,155,535006,CONTRACTED SERVICES,FY25 TM Prelim. Budget,25000,leaf
IT (FY25),sources/budget-workbooks/finance-committee/fy25-budget/it/fy25-it-budget.xlsx,Sheet1,9,155,535006,CONTRACTED SERVICES,% Inc.,0,leaf
IT (FY25),sources/budget-workbooks/finance-committee/fy25-budget/it/fy25-it-budget.xlsx,Sheet1,9,155,535006,CONTRACTED SERVICES,$ Inc.,0,leaf
IT (FY25),sources/budget-workbooks/finance-committee/fy25-budget/it/fy25-it-budget.xlsx,Sheet1,10,155,521006,SOFTWARE MAINTENANCE,FY23 TM Target Budget,111530,leaf
IT (FY25),sources/budget-workbooks/finance-committee/fy25-budget/it/fy25-it-budget.xlsx,Sheet1,10,155,521006,SOFTWARE MAINTENANCE,FY23 Requested Budget,115084,leaf
IT (FY25),sources/budget-workbooks/finance-committee/fy25-budget/it/fy25-it-budget.xlsx,Sheet1,10,155,521006,SOFTWARE MAINTENANCE,FY23 TM Prelim Budget,126648,leaf
IT (FY25),sources/budget-workbooks/finance-committee/fy25-budget/it/fy25-it-budget.xlsx,Sheet1,10,155,521006,SOFTWARE MAINTENANCE,FY23 Final Budget after Recap,126648,leaf
IT (FY25),sources/budget-workbooks/finance-committee/fy25-budget/it/fy25-it-budget.xlsx,Sheet1,10,155,521006,SOFTWARE MAINTENANCE,FY24 Target Budget,126648,leaf
IT (FY25),sources/budget-workbooks/finance-committee/fy25-budget/it/fy25-it-budget.xlsx,Sheet1,10,155,521006,SOFTWARE MAINTENANCE,FY24 Requested Budget,167549,leaf
IT (FY25),sources/budget-workbooks/finance-committee/fy25-budget/it/fy25-it-budget.xlsx,Sheet1,10,155,521006,SOFTWARE MAINTENANCE,FY24 TM Prelim Budget,162140,leaf
IT (FY25),sources/budget-workbooks/finance-committee/fy25-budget/it/fy25-it-budget.xlsx,Sheet1,10,155,521006,SOFTWARE MAINTENANCE,FY24 TM Budget 5/6/23,162140,leaf
IT (FY25),sources/budget-workbooks/finance-committee/fy25-budget/it/fy25-it-budget.xlsx,Sheet1,10,155,521006,SOFTWARE MAINTENANCE,FY24 Final Budget After Pro Forma Recap,162140,leaf
IT (FY25),sources/budget-workbooks/finance-committee/fy25-budget/it/fy25-it-budget.xlsx,Sheet1,10,155,521006,SOFTWARE MAINTENANCE,FY25 TM Target Budget,172985.53,leaf
IT (FY25),sources/budget-workbooks/finance-committee/fy25-budget/it/fy25-it-budget.xlsx,Sheet1,10,155,521006,SOFTWARE MAINTENANCE,FY25 Requested Budget,173314.53,leaf
IT (FY25),sources/budget-workbooks/finance-committee/fy25-budget/it/fy25-it-budget.xlsx,Sheet1,10,155,521006,SOFTWARE MAINTENANCE,FY25 TM Prelim. Budget,173314.53,leaf
IT (FY25),sources/budget-workbooks/finance-committee/fy25-budget/it/fy25-it-budget.xlsx,Sheet1,10,155,521006,SOFTWARE MAINTENANCE,% Inc.,0.06891902059948192,leaf
IT (FY25),sources/budget-workbooks/finance-committee/fy25-budget/it/fy25-it-budget.xlsx,Sheet1,10,155,521006,SOFTWARE MAINTENANCE,$ Inc.,11174.529999999999,leaf
IT (FY25),sources/budget-workbooks/finance-committee/fy25-budget/it/fy25-it-budget.xlsx,Sheet1,11,155,521001,HARDWARE MAINTENANCE,FY23 TM Target Budget,25275,leaf
IT (FY25),sources/budget-workbooks/finance-committee/fy25-budget/it/fy25-it-budget.xlsx,Sheet1,11,155,521001,HARDWARE MAINTENANCE,FY23 Requested Budget,42500,leaf
IT (FY25),sources/budget-workbooks/finance-committee/fy25-budget/it/fy25-it-budget.xlsx,Sheet1,11,155,521001,HARDWARE MAINTENANCE,FY23 TM Prelim Budget,42500,leaf
IT (FY25),sources/budget-workbooks/finance-committee/fy25-budget/it/fy25-it-budget.xlsx,Sheet1,11,155,521001,HARDWARE MAINTENANCE,FY23 Final Budget after Recap,42500,leaf
IT (FY25),sources/budget-workbooks/finance-committee/fy25-budget/it/fy25-it-budget.xlsx,Sheet1,11,155,521001,HARDWARE MAINTENANCE,FY24 Target Budget,42500,leaf
IT (FY25),sources/budget-workbooks/finance-committee/fy25-budget/it/fy25-it-budget.xlsx,Sheet1,11,155,521001,HARDWARE MAINTENANCE,FY24 Requested Budget,70500,leaf
IT (FY25),sources/budget-workbooks/finance-committee/fy25-budget/it/fy25-it-budget.xlsx,Sheet1,11,155,521001,HARDWARE MAINTENANCE,FY24 TM Prelim Budget,70500,leaf
IT (FY25),sources/budget-workbooks/finance-committee/fy25-budget/it/fy25-it-budget.xlsx,Sheet1,11,155,521001,HARDWARE MAINTENANCE,FY24 TM Budget 5/6/23,70500,leaf
IT (FY25),sources/budget-workbooks/finance-committee/fy25-budget/it/fy25-it-budget.xlsx,Sheet1,11,155,521001,HARDWARE MAINTENANCE,FY24 Final Budget After Pro Forma Recap,70500,leaf
IT (FY25),sources/budget-workbooks/finance-committee/fy25-budget/it/fy25-it-budget.xlsx,Sheet1,11,155,521001,HARDWARE MAINTENANCE,FY25 TM Target Budget,63500,leaf
IT (FY25),sources/budget-workbooks/finance-committee/fy25-budget/it/fy25-it-budget.xlsx,Sheet1,11,155,521001,HARDWARE MAINTENANCE,FY25 Requested Budget,63500,leaf
IT (FY25),sources/budget-workbooks/finance-committee/fy25-budget/it/fy25-it-budget.xlsx,Sheet1,11,155,521001,HARDWARE MAINTENANCE,FY25 TM Prelim. Budget,71500,leaf
IT (FY25),sources/budget-workbooks/finance-committee/fy25-budget/it/fy25-it-budget.xlsx,Sheet1,11,155,521001,HARDWARE MAINTENANCE,% Inc.,0.014184397163120567,leaf
IT (FY25),sources/budget-workbooks/finance-committee/fy25-budget/it/fy25-it-budget.xlsx,Sheet1,11,155,521001,HARDWARE MAINTENANCE,$ Inc.,1000,leaf
IT (FY25),sources/budget-workbooks/finance-committee/fy25-budget/it/fy25-it-budget.xlsx,Sheet1,12,155,531007,WEBSITE HOSTING,FY23 TM Target Budget,6600,leaf
IT (FY25),sources/budget-workbooks/finance-committee/fy25-budget/it/fy25-it-budget.xlsx,Sheet1,12,155,531007,WEBSITE HOSTING,FY23 Requested Budget,6600,leaf
IT (FY25),sources/budget-workbooks/finance-committee/fy25-budget/it/fy25-it-budget.xlsx,Sheet1,12,155,531007,WEBSITE HOSTING,FY23 TM Prelim Budget,10000,leaf
IT (FY25),sources/budget-workbooks/finance-committee/fy25-budget/it/fy25-it-budget.xlsx,Sheet1,12,155,531007,WEBSITE HOSTING,FY23 Final Budget after Recap,10000,leaf
IT (FY25),sources/budget-workbooks/finance-committee/fy25-budget/it/fy25-it-budget.xlsx,Sheet1,12,155,531007,WEBSITE HOSTING,FY24 Target Budget,10000,leaf
IT (FY25),sources/budget-workbooks/finance-committee/fy25-budget/it/fy25-it-budget.xlsx,Sheet1,12,155,531007,WEBSITE HOSTING,FY24 Requested Budget,10000,leaf
IT (FY25),sources/budget-workbooks/finance-committee/fy25-budget/it/fy25-it-budget.xlsx,Sheet1,12,155,531007,WEBSITE HOSTING,FY24 TM Prelim Budget,10000,leaf
IT (FY25),sources/budget-workbooks/finance-committee/fy25-budget/it/fy25-it-budget.xlsx,Sheet1,12,155,531007,WEBSITE HOSTING,FY24 TM Budget 5/6/23,10000,leaf
IT (FY25),sources/budget-workbooks/finance-committee/fy25-budget/it/fy25-it-budget.xlsx,Sheet1,12,155,531007,WEBSITE HOSTING,FY24 Final Budget After Pro Forma Recap,10000,leaf
IT (FY25),sources/budget-workbooks/finance-committee/fy25-budget/it/fy25-it-budget.xlsx,Sheet1,12,155,531007,WEBSITE HOSTING,FY25 TM Target Budget,10000,leaf
IT (FY25),sources/budget-workbooks/finance-committee/fy25-budget/it/fy25-it-budget.xlsx,Sheet1,12,155,531007,WEBSITE HOSTING,FY25 Requested Budget,10000,leaf
IT (FY25),sources/budget-workbooks/finance-committee/fy25-budget/it/fy25-it-budget.xlsx,Sheet1,12,155,531007,WEBSITE HOSTING,FY25 TM Prelim. Budget,10000,leaf
IT (FY25),sources/budget-workbooks/finance-committee/fy25-budget/it/fy25-it-budget.xlsx,Sheet1,12,155,531007,WEBSITE HOSTING,% Inc.,0,leaf
IT (FY25),sources/budget-workbooks/finance-committee/fy25-budget/it/fy25-it-budget.xlsx,Sheet1,12,155,531007,WEBSITE HOSTING,$ Inc.,0,leaf
IT (FY25),sources/budget-workbooks/finance-committee/fy25-budget/it/fy25-it-budget.xlsx,Sheet1,13,155,531021,INTERNET ACCESS,FY23 TM Target Budget,7001.28,leaf
IT (FY25),sources/budget-workbooks/finance-committee/fy25-budget/it/fy25-it-budget.xlsx,Sheet1,13,155,531021,INTERNET ACCESS,FY23 Requested Budget,12107.880000000001,leaf
IT (FY25),sources/budget-workbooks/finance-committee/fy25-budget/it/fy25-it-budget.xlsx,Sheet1,13,155,531021,INTERNET ACCESS,FY23 TM Prelim Budget,12107.880000000001,leaf
IT (FY25),sources/budget-workbooks/finance-committee/fy25-budget/it/fy25-it-budget.xlsx,Sheet1,13,155,531021,INTERNET ACCESS,FY23 Final Budget after Recap,12107.880000000001,leaf
IT (FY25),sources/budget-workbooks/finance-committee/fy25-budget/it/fy25-it-budget.xlsx,Sheet1,13,155,531021,INTERNET ACCESS,FY24 Target Budget,12107.880000000001,leaf
IT (FY25),sources/budget-workbooks/finance-committee/fy25-budget/it/fy25-it-budget.xlsx,Sheet1,13,155,531021,INTERNET ACCESS,FY24 Requested Budget,29280,leaf
IT (FY25),sources/budget-workbooks/finance-committee/fy25-budget/it/fy25-it-budget.xlsx,Sheet1,13,155,531021,INTERNET ACCESS,FY24 TM Prelim Budget,29280,leaf
IT (FY25),sources/budget-workbooks/finance-committee/fy25-budget/it/fy25-it-budget.xlsx,Sheet1,13,155,531021,INTERNET ACCESS,FY24 TM Budget 5/6/23,29280,leaf
IT (FY25),sources/budget-workbooks/finance-committee/fy25-budget/it/fy25-it-budget.xlsx,Sheet1,13,155,531021,INTERNET ACCESS,FY24 Final Budget After Pro Forma Recap,29280,leaf
IT (FY25),sources/budget-workbooks/finance-committee/fy25-budget/it/fy25-it-budget.xlsx,Sheet1,13,155,531021,INTERNET ACCESS,FY25 TM Target Budget,29280,leaf
IT (FY25),sources/budget-workbooks/finance-committee/fy25-budget/it/fy25-it-budget.xlsx,Sheet1,13,155,531021,INTERNET ACCESS,FY25 Requested Budget,29280,leaf
IT (FY25),sources/budget-workbooks/finance-committee/fy25-budget/it/fy25-it-budget.xlsx,Sheet1,13,155,531021,INTERNET ACCESS,FY25 TM Prelim. Budget,29280,leaf
IT (FY25),sources/budget-workbooks/finance-committee/fy25-budget/it/fy25-it-budget.xlsx,Sheet1,13,155,531021,INTERNET ACCESS,% Inc.,0,leaf
IT (FY25),sources/budget-workbooks/finance-committee/fy25-budget/it/fy25-it-budget.xlsx,Sheet1,13,155,531021,INTERNET ACCESS,$ Inc.,0,leaf
PACC Videographer,sources/budget-workbooks/finance-committee/fy27-budget/department-presentations/pacc/videographer-hour-percentages.xlsx,Sheet1,6,,,,,,
PACC Videographer,sources/budget-workbooks/finance-committee/fy27-budget/department-presentations/pacc/videographer-hour-percentages.xlsx,Sheet1,7,,,,,,
PACC Videographer,sources/budget-workbooks/finance-committee/fy27-budget/department-presentations/pacc/videographer-hour-percentages.xlsx,Sheet1,8,,,,,,
PACC Videographer,sources/budget-workbooks/finance-committee/fy27-budget/department-presentations/pacc/videographer-hour-percentages.xlsx,Sheet1,9,,,,,,
PACC Videographer,sources/budget-workbooks/finance-committee/fy27-budget/department-presentations/pacc/videographer-hour-percentages.xlsx,Sheet1,10,,,,,,
PACC Videographer,sources/budget-workbooks/finance-committee/fy27-budget/department-presentations/pacc/videographer-hour-percentages.xlsx,Sheet1,11,,,,,,
PACC Videographer,sources/budget-workbooks/finance-committee/fy27-budget/department-presentations/pacc/videographer-hour-percentages.xlsx,Sheet1,12,,,,,,
PACC Videographer,sources/budget-workbooks/finance-committee/fy27-budget/department-presentations/pacc/videographer-hour-percentages.xlsx,Sheet1,13,,,,,,
PACC Videographer,sources/budget-workbooks/finance-committee/fy27-budget/department-presentations/pacc/videographer-hour-percentages.xlsx,Sheet1,14,,,,,,
PACC Videographer,sources/budget-workbooks/finance-committee/fy27-budget/department-presentations/pacc/videographer-hour-percentages.xlsx,Sheet1,15,,,,,,
PACC Videographer,sources/budget-workbooks/finance-committee/fy27-budget/department-presentations/pacc/videographer-hour-percentages.xlsx,Sheet1,16,,,,,,
PACC Videographer,sources/budget-workbooks/finance-committee/fy27-budget/department-presentations/pacc/videographer-hour-percentages.xlsx,Sheet1,17,,,,,,
Land Use (FY23),sources/budget-workbooks/finance-committee/fy24-budget/20230223-coa-land-use-library/land-use-fy23-budget.xlsx,sheet1,2,171,,CONSERVATION ADMINISTRATOR,2023 Budgeted,59230.08,leaf
Land Use (FY23),sources/budget-workbooks/finance-committee/fy24-budget/20230223-coa-land-use-library/land-use-fy23-budget.xlsx,sheet1,2,171,,CONSERVATION ADMINISTRATOR,2023 Actual,16064.03,leaf
Land Use (FY23),sources/budget-workbooks/finance-committee/fy24-budget/20230223-coa-land-use-library/land-use-fy23-budget.xlsx,sheet1,2,171,,CONSERVATION ADMINISTRATOR,2023 21 Feb 2023,26951.09,leaf
Land Use (FY23),sources/budget-workbooks/finance-committee/fy24-budget/20230223-coa-land-use-library/land-use-fy23-budget.xlsx,sheet1,2,171,,CONSERVATION ADMINISTRATOR,FY 2024 Target Budget,48095.56,leaf
Land Use (FY23),sources/budget-workbooks/finance-committee/fy24-budget/20230223-coa-land-use-library/land-use-fy23-budget.xlsx,sheet1,2,171,,CONSERVATION ADMINISTRATOR,FY24 (In Progress),48095.56,leaf
Land Use (FY23),sources/budget-workbooks/finance-committee/fy24-budget/20230223-coa-land-use-library/land-use-fy23-budget.xlsx,sheet1,3,171,,CONSERVATION COMM CLERICAL,2023 Budgeted,10116.36,leaf
Land Use (FY23),sources/budget-workbooks/finance-committee/fy24-budget/20230223-coa-land-use-library/land-use-fy23-budget.xlsx,sheet1,3,171,,CONSERVATION COMM CLERICAL,2023 Actual,3641.53,leaf
Land Use (FY23),sources/budget-workbooks/finance-committee/fy24-budget/20230223-coa-land-use-library/land-use-fy23-budget.xlsx,sheet1,3,171,,CONSERVATION COMM CLERICAL,2023 21 Feb 2023,6343.84,leaf
Land Use (FY23),sources/budget-workbooks/finance-committee/fy24-budget/20230223-coa-land-use-library/land-use-fy23-budget.xlsx,sheet1,3,171,,CONSERVATION COMM CLERICAL,FY 2024 Target Budget,11729.9,leaf
Land Use (FY23),sources/budget-workbooks/finance-committee/fy24-budget/20230223-coa-land-use-library/land-use-fy23-budget.xlsx,sheet1,3,171,,CONSERVATION COMM CLERICAL,FY24 (In Progress),11729.9,leaf
Land Use (FY23),sources/budget-workbooks/finance-committee/fy24-budget/20230223-coa-land-use-library/land-use-fy23-budget.xlsx,sheet1,4,171,,"Principal Clerk-SAP, Grade 7 Step 3",FY 2024 Target Budget Sub-lines,11729.9,leaf
Land Use (FY23),sources/budget-workbooks/finance-committee/fy24-budget/20230223-coa-land-use-library/land-use-fy23-budget.xlsx,sheet1,4,171,,"Principal Clerk-SAP, Grade 7 Step 3",FY24 (In Progress) Sub-lines,11729.9,leaf
Land Use (FY23),sources/budget-workbooks/finance-committee/fy24-budget/20230223-coa-land-use-library/land-use-fy23-budget.xlsx,sheet1,5,171,,LONGEVITY PAY,FY 2024 Target Budget,0,leaf
Land Use (FY23),sources/budget-workbooks/finance-committee/fy24-budget/20230223-coa-land-use-library/land-use-fy23-budget.xlsx,sheet1,5,171,,LONGEVITY PAY,FY24 (In Progress),0,leaf
Land Use (FY23),sources/budget-workbooks/finance-committee/fy24-budget/20230223-coa-land-use-library/land-use-fy23-budget.xlsx,sheet1,6,171,,PURCHASE OF SERVICE,2023 Budgeted,650,leaf
Land Use (FY23),sources/budget-workbooks/finance-committee/fy24-budget/20230223-coa-land-use-library/land-use-fy23-budget.xlsx,sheet1,6,171,,PURCHASE OF SERVICE,2023 Actual,610,leaf
Land Use (FY23),sources/budget-workbooks/finance-committee/fy24-budget/20230223-coa-land-use-library/land-use-fy23-budget.xlsx,sheet1,6,171,,PURCHASE OF SERVICE,2023 21 Feb 2023,610,leaf
Land Use (FY23),sources/budget-workbooks/finance-committee/fy24-budget/20230223-coa-land-use-library/land-use-fy23-budget.xlsx,sheet1,6,171,,PURCHASE OF SERVICE,FY 2024 Target Budget,650,leaf
Land Use (FY23),sources/budget-workbooks/finance-committee/fy24-budget/20230223-coa-land-use-library/land-use-fy23-budget.xlsx,sheet1,6,171,,PURCHASE OF SERVICE,FY24 (In Progress),650,leaf
Land Use (FY23),sources/budget-workbooks/finance-committee/fy24-budget/20230223-coa-land-use-library/land-use-fy23-budget.xlsx,sheet1,7,171,,RECORDINGS-REGISTRY OF DEEDS,2023 Budgeted,150,leaf
Land Use (FY23),sources/budget-workbooks/finance-committee/fy24-budget/20230223-coa-land-use-library/land-use-fy23-budget.xlsx,sheet1,7,171,,RECORDINGS-REGISTRY OF DEEDS,2023 Actual,0,leaf
Land Use (FY23),sources/budget-workbooks/finance-committee/fy24-budget/20230223-coa-land-use-library/land-use-fy23-budget.xlsx,sheet1,7,171,,RECORDINGS-REGISTRY OF DEEDS,2023 21 Feb 2023,0,leaf
Land Use (FY23),sources/budget-workbooks/finance-committee/fy24-budget/20230223-coa-land-use-library/land-use-fy23-budget.xlsx,sheet1,7,171,,RECORDINGS-REGISTRY OF DEEDS,FY 2024 Target Budget,150,leaf
Land Use (FY23),sources/budget-workbooks/finance-committee/fy24-budget/20230223-coa-land-use-library/land-use-fy23-budget.xlsx,sheet1,7,171,,RECORDINGS-REGISTRY OF DEEDS,FY24 (In Progress),150,leaf
Land Use (FY23),sources/budget-workbooks/finance-committee/fy24-budget/20230223-coa-land-use-library/land-use-fy23-budget.xlsx,sheet1,8,171,,TOWN FOREST COMM EXPENSES,FY 2024 Target Budget,0,leaf
Land Use (FY23),sources/budget-workbooks/finance-committee/fy24-budget/20230223-coa-land-use-library/land-use-fy23-budget.xlsx,sheet1,8,171,,TOWN FOREST COMM EXPENSES,FY24 (In Progress),0,leaf
Land Use (FY23),sources/budget-workbooks/finance-committee/fy24-budget/20230223-coa-land-use-library/land-use-fy23-budget.xlsx,sheet1,9,171,,CONSULTANT,FY 2024 Target Budget,0,leaf
Land Use (FY23),sources/budget-workbooks/finance-committee/fy24-budget/20230223-coa-land-use-library/land-use-fy23-budget.xlsx,sheet1,9,171,,CONSULTANT,FY24 (In Progress),0,leaf
Land Use (FY23),sources/budget-workbooks/finance-committee/fy24-budget/20230223-coa-land-use-library/land-use-fy23-budget.xlsx,sheet1,10,171,,POSTAGE-CONSERVATION COMM,2023 Budgeted,500,leaf
Land Use (FY23),sources/budget-workbooks/finance-committee/fy24-budget/20230223-coa-land-use-library/land-use-fy23-budget.xlsx,sheet1,10,171,,POSTAGE-CONSERVATION COMM,2023 Actual,81.37,leaf
Land Use (FY23),sources/budget-workbooks/finance-committee/fy24-budget/20230223-coa-land-use-library/land-use-fy23-budget.xlsx,sheet1,10,171,,POSTAGE-CONSERVATION COMM,2023 21 Feb 2023,220.86,leaf
Land Use (FY23),sources/budget-workbooks/finance-committee/fy24-budget/20230223-coa-land-use-library/land-use-fy23-budget.xlsx,sheet1,10,171,,POSTAGE-CONSERVATION COMM,FY 2024 Target Budget,500,leaf
Land Use (FY23),sources/budget-workbooks/finance-committee/fy24-budget/20230223-coa-land-use-library/land-use-fy23-budget.xlsx,sheet1,10,171,,POSTAGE-CONSERVATION COMM,FY24 (In Progress),500,leaf
Land Use (FY23),sources/budget-workbooks/finance-committee/fy24-budget/20230223-coa-land-use-library/land-use-fy23-budget.xlsx,sheet1,11,171,,ADVERTISING-CONSERVATION COMM,2023 Budgeted,1100,leaf
Land Use (FY23),sources/budget-workbooks/finance-committee/fy24-budget/20230223-coa-land-use-library/land-use-fy23-budget.xlsx,sheet1,11,171,,ADVERTISING-CONSERVATION COMM,2023 Actual,916.92,leaf
Land Use (FY23),sources/budget-workbooks/finance-committee/fy24-budget/20230223-coa-land-use-library/land-use-fy23-budget.xlsx,sheet1,11,171,,ADVERTISING-CONSERVATION COMM,2023 21 Feb 2023,1282.53,leaf
Land Use (FY23),sources/budget-workbooks/finance-committee/fy24-budget/20230223-coa-land-use-library/land-use-fy23-budget.xlsx,sheet1,11,171,,ADVERTISING-CONSERVATION COMM,FY 2024 Target Budget,750,leaf
Land Use (FY23),sources/budget-workbooks/finance-committee/fy24-budget/20230223-coa-land-use-library/land-use-fy23-budget.xlsx,sheet1,11,171,,ADVERTISING-CONSERVATION COMM,FY24 (In Progress),750,leaf
Land Use (FY23),sources/budget-workbooks/finance-committee/fy24-budget/20230223-coa-land-use-library/land-use-fy23-budget.xlsx,sheet1,12,171,,OFFICE SUPPLIES-CONSERVATIOIN,2023 Budgeted,650,leaf
Land Use (FY23),sources/budget-workbooks/finance-committee/fy24-budget/20230223-coa-land-use-library/land-use-fy23-budget.xlsx,sheet1,12,171,,OFFICE SUPPLIES-CONSERVATIOIN,2023 Actual,296.08,leaf
Land Use (FY23),sources/budget-workbooks/finance-committee/fy24-budget/20230223-coa-land-use-library/land-use-fy23-budget.xlsx,sheet1,12,171,,OFFICE SUPPLIES-CONSERVATIOIN,2023 21 Feb 2023,296.08,leaf
Land Use (FY23),sources/budget-workbooks/finance-committee/fy24-budget/20230223-coa-land-use-library/land-use-fy23-budget.xlsx,sheet1,12,171,,OFFICE SUPPLIES-CONSERVATIOIN,FY 2024 Target Budget,650,leaf
Land Use (FY23),sources/budget-workbooks/finance-committee/fy24-budget/20230223-coa-land-use-library/land-use-fy23-budget.xlsx,sheet1,12,171,,OFFICE SUPPLIES-CONSERVATIOIN,FY24 (In Progress),650,leaf
Land Use (FY23),sources/budget-workbooks/finance-committee/fy24-budget/20230223-coa-land-use-library/land-use-fy23-budget.xlsx,sheet1,13,171,,MILEAGE-CONSERVATION COMM,2023 Budgeted,200,leaf
Land Use (FY23),sources/budget-workbooks/finance-committee/fy24-budget/20230223-coa-land-use-library/land-use-fy23-budget.xlsx,sheet1,13,171,,MILEAGE-CONSERVATION COMM,2023 Actual,0,leaf
Land Use (FY23),sources/budget-workbooks/finance-committee/fy24-budget/20230223-coa-land-use-library/land-use-fy23-budget.xlsx,sheet1,13,171,,MILEAGE-CONSERVATION COMM,2023 21 Feb 2023,0,leaf
Land Use (FY23),sources/budget-workbooks/finance-committee/fy24-budget/20230223-coa-land-use-library/land-use-fy23-budget.xlsx,sheet1,13,171,,MILEAGE-CONSERVATION COMM,FY 2024 Target Budget,0,leaf
Land Use (FY23),sources/budget-workbooks/finance-committee/fy24-budget/20230223-coa-land-use-library/land-use-fy23-budget.xlsx,sheet1,13,171,,MILEAGE-CONSERVATION COMM,FY24 (In Progress),0,leaf
Land Use (FY23),sources/budget-workbooks/finance-committee/fy24-budget/20230223-coa-land-use-library/land-use-fy23-budget.xlsx,sheet1,14,171,,DUES/MEMBERSHIP-CONSERVATION,2023 Budgeted,426,leaf
Land Use (FY23),sources/budget-workbooks/finance-committee/fy24-budget/20230223-coa-land-use-library/land-use-fy23-budget.xlsx,sheet1,14,171,,DUES/MEMBERSHIP-CONSERVATION,2023 Actual,359,leaf
Land Use (FY23),sources/budget-workbooks/finance-committee/fy24-budget/20230223-coa-land-use-library/land-use-fy23-budget.xlsx,sheet1,14,171,,DUES/MEMBERSHIP-CONSERVATION,2023 21 Feb 2023,359,leaf
Land Use (FY23),sources/budget-workbooks/finance-committee/fy24-budget/20230223-coa-land-use-library/land-use-fy23-budget.xlsx,sheet1,14,171,,DUES/MEMBERSHIP-CONSERVATION,FY 2024 Target Budget,366,leaf
Land Use (FY23),sources/budget-workbooks/finance-committee/fy24-budget/20230223-coa-land-use-library/land-use-fy23-budget.xlsx,sheet1,14,171,,DUES/MEMBERSHIP-CONSERVATION,FY24 (In Progress),366,leaf
Land Use (FY23),sources/budget-workbooks/finance-committee/fy24-budget/20230223-coa-land-use-library/land-use-fy23-budget.xlsx,sheet1,15,171,,MEETINGS/SCHOOL-CONSERVATION,2023 Budgeted,1209,leaf
Land Use (FY23),sources/budget-workbooks/finance-committee/fy24-budget/20230223-coa-land-use-library/land-use-fy23-budget.xlsx,sheet1,15,171,,MEETINGS/SCHOOL-CONSERVATION,2023 Actual,1045,leaf
Land Use (FY23),sources/budget-workbooks/finance-committee/fy24-budget/20230223-coa-land-use-library/land-use-fy23-budget.xlsx,sheet1,15,171,,MEETINGS/SCHOOL-CONSERVATION,2023 21 Feb 2023,1100,leaf
Land Use (FY23),sources/budget-workbooks/finance-committee/fy24-budget/20230223-coa-land-use-library/land-use-fy23-budget.xlsx,sheet1,15,171,,MEETINGS/SCHOOL-CONSERVATION,FY 2024 Target Budget,1209,leaf
Land Use (FY23),sources/budget-workbooks/finance-committee/fy24-budget/20230223-coa-land-use-library/land-use-fy23-budget.xlsx,sheet1,15,171,,MEETINGS/SCHOOL-CONSERVATION,FY24 (In Progress),1209,leaf
Land Use (FY23),sources/budget-workbooks/finance-committee/fy24-budget/20230223-coa-land-use-library/land-use-fy23-budget.xlsx,sheet1,16,175,,SALARY LAND USE DIRECTOR,2023 Budgeted,105539.2,leaf
Land Use (FY23),sources/budget-workbooks/finance-committee/fy24-budget/20230223-coa-land-use-library/land-use-fy23-budget.xlsx,sheet1,16,175,,SALARY LAND USE DIRECTOR,2023 Actual,42621.6,leaf
Land Use (FY23),sources/budget-workbooks/finance-committee/fy24-budget/20230223-coa-land-use-library/land-use-fy23-budget.xlsx,sheet1,16,175,,SALARY LAND USE DIRECTOR,2023 21 Feb 2023,66976.8,leaf
Land Use (FY23),sources/budget-workbooks/finance-committee/fy24-budget/20230223-coa-land-use-library/land-use-fy23-budget.xlsx,sheet1,16,175,,SALARY LAND USE DIRECTOR,FY 2024 Target Budget,105539.2,leaf
Land Use (FY23),sources/budget-workbooks/finance-committee/fy24-budget/20230223-coa-land-use-library/land-use-fy23-budget.xlsx,sheet1,16,175,,SALARY LAND USE DIRECTOR,FY24 (In Progress),105539.2,leaf
Land Use (FY23),sources/budget-workbooks/finance-committee/fy24-budget/20230223-coa-land-use-library/land-use-fy23-budget.xlsx,sheet1,17,175,,PLANNING BOARD CLERICAL,2023 Budgeted,48597.12,leaf
Land Use (FY23),sources/budget-workbooks/finance-committee/fy24-budget/20230223-coa-land-use-library/land-use-fy23-budget.xlsx,sheet1,17,175,,PLANNING BOARD CLERICAL,2023 Actual,19625.76,leaf
Land Use (FY23),sources/budget-workbooks/finance-committee/fy24-budget/20230223-coa-land-use-library/land-use-fy23-budget.xlsx,sheet1,17,175,,PLANNING BOARD CLERICAL,2023 21 Feb 2023,30840.48,leaf
Land Use (FY23),sources/budget-workbooks/finance-committee/fy24-budget/20230223-coa-land-use-library/land-use-fy23-budget.xlsx,sheet1,17,175,,PLANNING BOARD CLERICAL,FY 2024 Target Budget,48597.12,leaf
Land Use (FY23),sources/budget-workbooks/finance-committee/fy24-budget/20230223-coa-land-use-library/land-use-fy23-budget.xlsx,sheet1,17,175,,PLANNING BOARD CLERICAL,FY24 (In Progress),48597.12,leaf
Land Use (FY23),sources/budget-workbooks/finance-committee/fy24-budget/20230223-coa-land-use-library/land-use-fy23-budget.xlsx,sheet1,18,175,,LONGEVITY PAY,2023 Budgeted,2350,leaf
Land Use (FY23),sources/budget-workbooks/finance-committee/fy24-budget/20230223-coa-land-use-library/land-use-fy23-budget.xlsx,sheet1,18,175,,LONGEVITY PAY,2023 Actual,2350,leaf
Land Use (FY23),sources/budget-workbooks/finance-committee/fy24-budget/20230223-coa-land-use-library/land-use-fy23-budget.xlsx,sheet1,18,175,,LONGEVITY PAY,2023 21 Feb 2023,2350,leaf
Land Use (FY23),sources/budget-workbooks/finance-committee/fy24-budget/20230223-coa-land-use-library/land-use-fy23-budget.xlsx,sheet1,18,175,,LONGEVITY PAY,FY 2024 Target Budget,2350,leaf
Land Use (FY23),sources/budget-workbooks/finance-committee/fy24-budget/20230223-coa-land-use-library/land-use-fy23-budget.xlsx,sheet1,18,175,,LONGEVITY PAY,FY24 (In Progress),2350,leaf
Land Use (FY23),sources/budget-workbooks/finance-committee/fy24-budget/20230223-coa-land-use-library/land-use-fy23-budget.xlsx,sheet1,19,175,,SICK LEAVE BUY BACK,FY 2024 Target Budget,0,leaf
Land Use (FY23),sources/budget-workbooks/finance-committee/fy24-budget/20230223-coa-land-use-library/land-use-fy23-budget.xlsx,sheet1,19,175,,SICK LEAVE BUY BACK,FY24 (In Progress),0,leaf
Land Use (FY23),sources/budget-workbooks/finance-committee/fy24-budget/20230223-coa-land-use-library/land-use-fy23-budget.xlsx,sheet1,20,175,,OFFICE EQUIPMENT MTC,FY 2024 Target Budget,0,leaf
Land Use (FY23),sources/budget-workbooks/finance-committee/fy24-budget/20230223-coa-land-use-library/land-use-fy23-budget.xlsx,sheet1,20,175,,OFFICE EQUIPMENT MTC,FY24 (In Progress),0,leaf
Land Use (FY23),sources/budget-workbooks/finance-committee/fy24-budget/20230223-coa-land-use-library/land-use-fy23-budget.xlsx,sheet1,21,175,,UPDATE MAPS,FY 2024 Target Budget,0,leaf
Land Use (FY23),sources/budget-workbooks/finance-committee/fy24-budget/20230223-coa-land-use-library/land-use-fy23-budget.xlsx,sheet1,21,175,,UPDATE MAPS,FY24 (In Progress),0,leaf
Land Use (FY23),sources/budget-workbooks/finance-committee/fy24-budget/20230223-coa-land-use-library/land-use-fy23-budget.xlsx,sheet1,22,175,,CONSULTANT,FY 2024 Target Budget,0,leaf
Land Use (FY23),sources/budget-workbooks/finance-committee/fy24-budget/20230223-coa-land-use-library/land-use-fy23-budget.xlsx,sheet1,22,175,,CONSULTANT,FY24 (In Progress),0,leaf
Land Use (FY23),sources/budget-workbooks/finance-committee/fy24-budget/20230223-coa-land-use-library/land-use-fy23-budget.xlsx,sheet1,23,175,,PUBLICATIONS,2023 Budgeted,700,leaf
Land Use (FY23),sources/budget-workbooks/finance-committee/fy24-budget/20230223-coa-land-use-library/land-use-fy23-budget.xlsx,sheet1,23,175,,PUBLICATIONS,2023 Actual,0,leaf
Land Use (FY23),sources/budget-workbooks/finance-committee/fy24-budget/20230223-coa-land-use-library/land-use-fy23-budget.xlsx,sheet1,23,175,,PUBLICATIONS,2023 21 Feb 2023,0,leaf
Land Use (FY23),sources/budget-workbooks/finance-committee/fy24-budget/20230223-coa-land-use-library/land-use-fy23-budget.xlsx,sheet1,23,175,,PUBLICATIONS,FY 2024 Target Budget,700,leaf
Land Use (FY23),sources/budget-workbooks/finance-committee/fy24-budget/20230223-coa-land-use-library/land-use-fy23-budget.xlsx,sheet1,23,175,,PUBLICATIONS,FY24 (In Progress),500,leaf
Land Use (FY23),sources/budget-workbooks/finance-committee/fy24-budget/20230223-coa-land-use-library/land-use-fy23-budget.xlsx,sheet1,24,175,,MASTER PLAN UPDATE,FY 2024 Target Budget,0,leaf
Land Use (FY23),sources/budget-workbooks/finance-committee/fy24-budget/20230223-coa-land-use-library/land-use-fy23-budget.xlsx,sheet1,24,175,,MASTER PLAN UPDATE,FY24 (In Progress),0,leaf
Land Use (FY23),sources/budget-workbooks/finance-committee/fy24-budget/20230223-coa-land-use-library/land-use-fy23-budget.xlsx,sheet1,25,175,,APDC EXPENSES,2023 Budgeted,5000,leaf
Land Use (FY23),sources/budget-workbooks/finance-committee/fy24-budget/20230223-coa-land-use-library/land-use-fy23-budget.xlsx,sheet1,25,175,,APDC EXPENSES,2023 Actual,0,leaf
Land Use (FY23),sources/budget-workbooks/finance-committee/fy24-budget/20230223-coa-land-use-library/land-use-fy23-budget.xlsx,sheet1,25,175,,APDC EXPENSES,2023 21 Feb 2023,0,leaf
Land Use (FY23),sources/budget-workbooks/finance-committee/fy24-budget/20230223-coa-land-use-library/land-use-fy23-budget.xlsx,sheet1,25,175,,APDC EXPENSES,FY 2024 Target Budget,5000,leaf
Land Use (FY23),sources/budget-workbooks/finance-committee/fy24-budget/20230223-coa-land-use-library/land-use-fy23-budget.xlsx,sheet1,25,175,,APDC EXPENSES,FY24 (In Progress),5000,leaf
Land Use (FY23),sources/budget-workbooks/finance-committee/fy24-budget/20230223-coa-land-use-library/land-use-fy23-budget.xlsx,sheet1,26,175,,PRINTING-PLANNING BOARD,2023 Budgeted,100,leaf
Land Use (FY23),sources/budget-workbooks/finance-committee/fy24-budget/20230223-coa-land-use-library/land-use-fy23-budget.xlsx,sheet1,26,175,,PRINTING-PLANNING BOARD,2023 Actual,0,leaf
Land Use (FY23),sources/budget-workbooks/finance-committee/fy24-budget/20230223-coa-land-use-library/land-use-fy23-budget.xlsx,sheet1,26,175,,PRINTING-PLANNING BOARD,2023 21 Feb 2023,0,leaf
Land Use (FY23),sources/budget-workbooks/finance-committee/fy24-budget/20230223-coa-land-use-library/land-use-fy23-budget.xlsx,sheet1,26,175,,PRINTING-PLANNING BOARD,FY 2024 Target Budget,100,leaf
Land Use (FY23),sources/budget-workbooks/finance-committee/fy24-budget/20230223-coa-land-use-library/land-use-fy23-budget.xlsx,sheet1,26,175,,PRINTING-PLANNING BOARD,FY24 (In Progress),300,leaf
Land Use (FY23),sources/budget-workbooks/finance-committee/fy24-budget/20230223-coa-land-use-library/land-use-fy23-budget.xlsx,sheet1,27,175,,POSTAGE-PLANNING BOARD,2023 Budgeted,200,leaf
Land Use (FY23),sources/budget-workbooks/finance-committee/fy24-budget/20230223-coa-land-use-library/land-use-fy23-budget.xlsx,sheet1,27,175,,POSTAGE-PLANNING BOARD,2023 Actual,0,leaf
Land Use (FY23),sources/budget-workbooks/finance-committee/fy24-budget/20230223-coa-land-use-library/land-use-fy23-budget.xlsx,sheet1,27,175,,POSTAGE-PLANNING BOARD,2023 21 Feb 2023,0,leaf
Land Use (FY23),sources/budget-workbooks/finance-committee/fy24-budget/20230223-coa-land-use-library/land-use-fy23-budget.xlsx,sheet1,27,175,,POSTAGE-PLANNING BOARD,FY 2024 Target Budget,200,leaf
Land Use (FY23),sources/budget-workbooks/finance-committee/fy24-budget/20230223-coa-land-use-library/land-use-fy23-budget.xlsx,sheet1,27,175,,POSTAGE-PLANNING BOARD,FY24 (In Progress),200,leaf
Land Use (FY23),sources/budget-workbooks/finance-committee/fy24-budget/20230223-coa-land-use-library/land-use-fy23-budget.xlsx,sheet1,28,175,,ADVERTISING-PLANNING BOARD,2023 Budgeted,900,leaf
Land Use (FY23),sources/budget-workbooks/finance-committee/fy24-budget/20230223-coa-land-use-library/land-use-fy23-budget.xlsx,sheet1,28,175,,ADVERTISING-PLANNING BOARD,2023 Actual,653.14,leaf
Land Use (FY23),sources/budget-workbooks/finance-committee/fy24-budget/20230223-coa-land-use-library/land-use-fy23-budget.xlsx,sheet1,28,175,,ADVERTISING-PLANNING BOARD,2023 21 Feb 2023,698.14,leaf
Land Use (FY23),sources/budget-workbooks/finance-committee/fy24-budget/20230223-coa-land-use-library/land-use-fy23-budget.xlsx,sheet1,28,175,,ADVERTISING-PLANNING BOARD,FY 2024 Target Budget,900,leaf
Land Use (FY23),sources/budget-workbooks/finance-committee/fy24-budget/20230223-coa-land-use-library/land-use-fy23-budget.xlsx,sheet1,28,175,,ADVERTISING-PLANNING BOARD,FY24 (In Progress),900,leaf
Land Use (FY23),sources/budget-workbooks/finance-committee/fy24-budget/20230223-coa-land-use-library/land-use-fy23-budget.xlsx,sheet1,29,175,,OFFICE SUPPLIES-PLANNING BD,2023 Budgeted,1500,leaf
Land Use (FY23),sources/budget-workbooks/finance-committee/fy24-budget/20230223-coa-land-use-library/land-use-fy23-budget.xlsx,sheet1,29,175,,OFFICE SUPPLIES-PLANNING BD,2023 Actual,0,leaf
Land Use (FY23),sources/budget-workbooks/finance-committee/fy24-budget/20230223-coa-land-use-library/land-use-fy23-budget.xlsx,sheet1,29,175,,OFFICE SUPPLIES-PLANNING BD,2023 21 Feb 2023,73.57,leaf
Land Use (FY23),sources/budget-workbooks/finance-committee/fy24-budget/20230223-coa-land-use-library/land-use-fy23-budget.xlsx,sheet1,29,175,,OFFICE SUPPLIES-PLANNING BD,FY 2024 Target Budget,1500,leaf
Land Use (FY23),sources/budget-workbooks/finance-committee/fy24-budget/20230223-coa-land-use-library/land-use-fy23-budget.xlsx,sheet1,29,175,,OFFICE SUPPLIES-PLANNING BD,FY24 (In Progress),1500,leaf
Land Use (FY23),sources/budget-workbooks/finance-committee/fy24-budget/20230223-coa-land-use-library/land-use-fy23-budget.xlsx,sheet1,30,175,,MILEAGE-PLANNING BOARD,2023 Budgeted,285,leaf
Land Use (FY23),sources/budget-workbooks/finance-committee/fy24-budget/20230223-coa-land-use-library/land-use-fy23-budget.xlsx,sheet1,30,175,,MILEAGE-PLANNING BOARD,2023 Actual,0,leaf
Land Use (FY23),sources/budget-workbooks/finance-committee/fy24-budget/20230223-coa-land-use-library/land-use-fy23-budget.xlsx,sheet1,30,175,,MILEAGE-PLANNING BOARD,2023 21 Feb 2023,0,leaf
Land Use (FY23),sources/budget-workbooks/finance-committee/fy24-budget/20230223-coa-land-use-library/land-use-fy23-budget.xlsx,sheet1,30,175,,MILEAGE-PLANNING BOARD,FY 2024 Target Budget,285,leaf
Land Use (FY23),sources/budget-workbooks/finance-committee/fy24-budget/20230223-coa-land-use-library/land-use-fy23-budget.xlsx,sheet1,30,175,,MILEAGE-PLANNING BOARD,FY24 (In Progress),285,leaf
Land Use (FY23),sources/budget-workbooks/finance-committee/fy24-budget/20230223-coa-land-use-library/land-use-fy23-budget.xlsx,sheet1,31,175,,DUES/MEMBERSHIP-PLANNING BOARD,2023 Budgeted,550,leaf
Land Use (FY23),sources/budget-workbooks/finance-committee/fy24-budget/20230223-coa-land-use-library/land-use-fy23-budget.xlsx,sheet1,31,175,,DUES/MEMBERSHIP-PLANNING BOARD,2023 Actual,0,leaf
Land Use (FY23),sources/budget-workbooks/finance-committee/fy24-budget/20230223-coa-land-use-library/land-use-fy23-budget.xlsx,sheet1,31,175,,DUES/MEMBERSHIP-PLANNING BOARD,2023 21 Feb 2023,0,leaf
Land Use (FY23),sources/budget-workbooks/finance-committee/fy24-budget/20230223-coa-land-use-library/land-use-fy23-budget.xlsx,sheet1,31,175,,DUES/MEMBERSHIP-PLANNING BOARD,FY 2024 Target Budget,550,leaf
Land Use (FY23),sources/budget-workbooks/finance-committee/fy24-budget/20230223-coa-land-use-library/land-use-fy23-budget.xlsx,sheet1,31,175,,DUES/MEMBERSHIP-PLANNING BOARD,FY24 (In Progress),700,leaf
Land Use (FY23),sources/budget-workbooks/finance-committee/fy24-budget/20230223-coa-land-use-library/land-use-fy23-budget.xlsx,sheet1,32,175,,MEETINGS/SCHOOL-PLANNING BOARD,2023 Budgeted,1150,leaf
Land Use (FY23),sources/budget-workbooks/finance-committee/fy24-budget/20230223-coa-land-use-library/land-use-fy23-budget.xlsx,sheet1,32,175,,MEETINGS/SCHOOL-PLANNING BOARD,2023 Actual,0,leaf
Land Use (FY23),sources/budget-workbooks/finance-committee/fy24-budget/20230223-coa-land-use-library/land-use-fy23-budget.xlsx,sheet1,32,175,,MEETINGS/SCHOOL-PLANNING BOARD,2023 21 Feb 2023,0,leaf
Land Use (FY23),sources/budget-workbooks/finance-committee/fy24-budget/20230223-coa-land-use-library/land-use-fy23-budget.xlsx,sheet1,32,175,,MEETINGS/SCHOOL-PLANNING BOARD,FY 2024 Target Budget,1150,leaf
Land Use (FY23),sources/budget-workbooks/finance-committee/fy24-budget/20230223-coa-land-use-library/land-use-fy23-budget.xlsx,sheet1,32,175,,MEETINGS/SCHOOL-PLANNING BOARD,FY24 (In Progress),1000,leaf
Land Use (FY23),sources/budget-workbooks/finance-committee/fy24-budget/20230223-coa-land-use-library/land-use-fy23-budget.xlsx,sheet1,33,176,,ZONING BOARD CLERICAL,2023 Budgeted,2578.16,leaf
Land Use (FY23),sources/budget-workbooks/finance-committee/fy24-budget/20230223-coa-land-use-library/land-use-fy23-budget.xlsx,sheet1,33,176,,ZONING BOARD CLERICAL,2023 Actual,460.79,leaf
Land Use (FY23),sources/budget-workbooks/finance-committee/fy24-budget/20230223-coa-land-use-library/land-use-fy23-budget.xlsx,sheet1,33,176,,ZONING BOARD CLERICAL,2023 21 Feb 2023,921.58,leaf
Land Use (FY23),sources/budget-workbooks/finance-committee/fy24-budget/20230223-coa-land-use-library/land-use-fy23-budget.xlsx,sheet1,33,176,,ZONING BOARD CLERICAL,FY 2024 Target Budget,3000,leaf
Land Use (FY23),sources/budget-workbooks/finance-committee/fy24-budget/20230223-coa-land-use-library/land-use-fy23-budget.xlsx,sheet1,33,176,,ZONING BOARD CLERICAL,FY24 (In Progress),3000,leaf
Land Use (FY23),sources/budget-workbooks/finance-committee/fy24-budget/20230223-coa-land-use-library/land-use-fy23-budget.xlsx,sheet1,34,176,,PRINTING,FY 2024 Target Budget,0,leaf
Land Use (FY23),sources/budget-workbooks/finance-committee/fy24-budget/20230223-coa-land-use-library/land-use-fy23-budget.xlsx,sheet1,34,176,,PRINTING,FY24 (In Progress),0,leaf
Land Use (FY23),sources/budget-workbooks/finance-committee/fy24-budget/20230223-coa-land-use-library/land-use-fy23-budget.xlsx,sheet1,35,176,,POSTAGE-ZONING BOARD,FY 2024 Target Budget,0,leaf
Land Use (FY23),sources/budget-workbooks/finance-committee/fy24-budget/20230223-coa-land-use-library/land-use-fy23-budget.xlsx,sheet1,35,176,,POSTAGE-ZONING BOARD,FY24 (In Progress),0,leaf
Land Use (FY23),sources/budget-workbooks/finance-committee/fy24-budget/20230223-coa-land-use-library/land-use-fy23-budget.xlsx,sheet1,36,176,,ADVERTISING-ZONING BOARD,2023 Budgeted,981.84,leaf
Land Use (FY23),sources/budget-workbooks/finance-committee/fy24-budget/20230223-coa-land-use-library/land-use-fy23-budget.xlsx,sheet1,36,176,,ADVERTISING-ZONING BOARD,2023 Actual,691.84,leaf
Land Use (FY23),sources/budget-workbooks/finance-committee/fy24-budget/20230223-coa-land-use-library/land-use-fy23-budget.xlsx,sheet1,36,176,,ADVERTISING-ZONING BOARD,2023 21 Feb 2023,691.84,leaf
Land Use (FY23),sources/budget-workbooks/finance-committee/fy24-budget/20230223-coa-land-use-library/land-use-fy23-budget.xlsx,sheet1,36,176,,ADVERTISING-ZONING BOARD,FY 2024 Target Budget,600,leaf
Land Use (FY23),sources/budget-workbooks/finance-committee/fy24-budget/20230223-coa-land-use-library/land-use-fy23-budget.xlsx,sheet1,36,176,,ADVERTISING-ZONING BOARD,FY24 (In Progress),600,leaf
Land Use (FY23),sources/budget-workbooks/finance-committee/fy24-budget/20230223-coa-land-use-library/land-use-fy23-budget.xlsx,sheet1,37,176,,OFFICE SUPPLIES-ZONING BOARD,2023 Budgeted,40,leaf
Land Use (FY23),sources/budget-workbooks/finance-committee/fy24-budget/20230223-coa-land-use-library/land-use-fy23-budget.xlsx,sheet1,37,176,,OFFICE SUPPLIES-ZONING BOARD,2023 Actual,0,leaf
Land Use (FY23),sources/budget-workbooks/finance-committee/fy24-budget/20230223-coa-land-use-library/land-use-fy23-budget.xlsx,sheet1,37,176,,OFFICE SUPPLIES-ZONING BOARD,2023 21 Feb 2023,49.07,leaf
Land Use (FY23),sources/budget-workbooks/finance-committee/fy24-budget/20230223-coa-land-use-library/land-use-fy23-budget.xlsx,sheet1,37,176,,OFFICE SUPPLIES-ZONING BOARD,FY 2024 Target Budget,0,leaf
Land Use (FY23),sources/budget-workbooks/finance-committee/fy24-budget/20230223-coa-land-use-library/land-use-fy23-budget.xlsx,sheet1,37,176,,OFFICE SUPPLIES-ZONING BOARD,FY24 (In Progress),0,leaf
Land Use (FY23),sources/budget-workbooks/finance-committee/fy24-budget/20230223-coa-land-use-library/land-use-fy23-budget.xlsx,sheet1,38,176,,DUES/MEMBERSHIP-ZONING BOARD,FY 2024 Target Budget,0,leaf
Land Use (FY23),sources/budget-workbooks/finance-committee/fy24-budget/20230223-coa-land-use-library/land-use-fy23-budget.xlsx,sheet1,38,176,,DUES/MEMBERSHIP-ZONING BOARD,FY24 (In Progress),0,leaf
Land Use (FY23),sources/budget-workbooks/finance-committee/fy24-budget/20230223-coa-land-use-library/land-use-fy23-budget.xlsx,sheet1,39,176,,MEETINGS/SCHOOL-ZONING BOARD,2023 Budgeted,300,leaf
Land Use (FY23),sources/budget-workbooks/finance-committee/fy24-budget/20230223-coa-land-use-library/land-use-fy23-budget.xlsx,sheet1,39,176,,MEETINGS/SCHOOL-ZONING BOARD,2023 Actual,0,leaf
Land Use (FY23),sources/budget-workbooks/finance-committee/fy24-budget/20230223-coa-land-use-library/land-use-fy23-budget.xlsx,sheet1,39,176,,MEETINGS/SCHOOL-ZONING BOARD,2023 21 Feb 2023,0,leaf
Land Use (FY23),sources/budget-workbooks/finance-committee/fy24-budget/20230223-coa-land-use-library/land-use-fy23-budget.xlsx,sheet1,39,176,,MEETINGS/SCHOOL-ZONING BOARD,FY 2024 Target Budget,300,leaf
Land Use (FY23),sources/budget-workbooks/finance-committee/fy24-budget/20230223-coa-land-use-library/land-use-fy23-budget.xlsx,sheet1,39,176,,MEETINGS/SCHOOL-ZONING BOARD,FY24 (In Progress),300,leaf
Land Use (FY23),sources/budget-workbooks/finance-committee/fy24-budget/20230223-coa-land-use-library/land-use-fy23-budget.xlsx,sheet1,40,241,,BUILDING INSPECTOR SALARY,2023 Budgeted,94985.28,leaf
Land Use (FY23),sources/budget-workbooks/finance-committee/fy24-budget/20230223-coa-land-use-library/land-use-fy23-budget.xlsx,sheet1,40,241,,BUILDING INSPECTOR SALARY,2023 Actual,38359.44,leaf
Land Use (FY23),sources/budget-workbooks/finance-committee/fy24-budget/20230223-coa-land-use-library/land-use-fy23-budget.xlsx,sheet1,40,241,,BUILDING INSPECTOR SALARY,2023 21 Feb 2023,60279.12,leaf
Land Use (FY23),sources/budget-workbooks/finance-committee/fy24-budget/20230223-coa-land-use-library/land-use-fy23-budget.xlsx,sheet1,40,241,,BUILDING INSPECTOR SALARY,FY 2024 Target Budget,94985.28,leaf
Land Use (FY23),sources/budget-workbooks/finance-committee/fy24-budget/20230223-coa-land-use-library/land-use-fy23-budget.xlsx,sheet1,40,241,,BUILDING INSPECTOR SALARY,FY24 (In Progress),94985.28,leaf
Land Use (FY23),sources/budget-workbooks/finance-committee/fy24-budget/20230223-coa-land-use-library/land-use-fy23-budget.xlsx,sheet1,41,241,,BUILDING INSPECTOR CLERICAL,2023 Budgeted,48597.12,leaf
Land Use (FY23),sources/budget-workbooks/finance-committee/fy24-budget/20230223-coa-land-use-library/land-use-fy23-budget.xlsx,sheet1,41,241,,BUILDING INSPECTOR CLERICAL,2023 Actual,19625.76,leaf
Land Use (FY23),sources/budget-workbooks/finance-committee/fy24-budget/20230223-coa-land-use-library/land-use-fy23-budget.xlsx,sheet1,41,241,,BUILDING INSPECTOR CLERICAL,2023 21 Feb 2023,30840.48,leaf
Land Use (FY23),sources/budget-workbooks/finance-committee/fy24-budget/20230223-coa-land-use-library/land-use-fy23-budget.xlsx,sheet1,41,241,,BUILDING INSPECTOR CLERICAL,FY 2024 Target Budget,48597.12,leaf
Land Use (FY23),sources/budget-workbooks/finance-committee/fy24-budget/20230223-coa-land-use-library/land-use-fy23-budget.xlsx,sheet1,41,241,,BUILDING INSPECTOR CLERICAL,FY24 (In Progress),48597.12,leaf
Land Use (FY23),sources/budget-workbooks/finance-committee/fy24-budget/20230223-coa-land-use-library/land-use-fy23-budget.xlsx,sheet1,42,241,,ASST BLDG INSPECTOR SALARY,2023 Budgeted,5000,leaf
Land Use (FY23),sources/budget-workbooks/finance-committee/fy24-budget/20230223-coa-land-use-library/land-use-fy23-budget.xlsx,sheet1,42,241,,ASST BLDG INSPECTOR SALARY,2023 Actual,405.92,leaf
Land Use (FY23),sources/budget-workbooks/finance-committee/fy24-budget/20230223-coa-land-use-library/land-use-fy23-budget.xlsx,sheet1,42,241,,ASST BLDG INSPECTOR SALARY,2023 21 Feb 2023,913.32,leaf
Land Use (FY23),sources/budget-workbooks/finance-committee/fy24-budget/20230223-coa-land-use-library/land-use-fy23-budget.xlsx,sheet1,42,241,,ASST BLDG INSPECTOR SALARY,FY 2024 Target Budget,0,leaf
Land Use (FY23),sources/budget-workbooks/finance-committee/fy24-budget/20230223-coa-land-use-library/land-use-fy23-budget.xlsx,sheet1,42,241,,ASST BLDG INSPECTOR SALARY,FY24 (In Progress),0,leaf
Land Use (FY23),sources/budget-workbooks/finance-committee/fy24-budget/20230223-coa-land-use-library/land-use-fy23-budget.xlsx,sheet1,43,241,,LONGEVITY PAY,2023 Budgeted,2350,leaf
Land Use (FY23),sources/budget-workbooks/finance-committee/fy24-budget/20230223-coa-land-use-library/land-use-fy23-budget.xlsx,sheet1,43,241,,LONGEVITY PAY,2023 Actual,2350,leaf
Land Use (FY23),sources/budget-workbooks/finance-committee/fy24-budget/20230223-coa-land-use-library/land-use-fy23-budget.xlsx,sheet1,43,241,,LONGEVITY PAY,2023 21 Feb 2023,2350,leaf
Land Use (FY23),sources/budget-workbooks/finance-committee/fy24-budget/20230223-coa-land-use-library/land-use-fy23-budget.xlsx,sheet1,43,241,,LONGEVITY PAY,FY 2024 Target Budget,2350,leaf
Land Use (FY23),sources/budget-workbooks/finance-committee/fy24-budget/20230223-coa-land-use-library/land-use-fy23-budget.xlsx,sheet1,43,241,,LONGEVITY PAY,FY24 (In Progress),2350,leaf
Land Use (FY23),sources/budget-workbooks/finance-committee/fy24-budget/20230223-coa-land-use-library/land-use-fy23-budget.xlsx,sheet1,44,241,,SICK LEAVE BUY BACK,FY 2024 Target Budget,0,leaf
Land Use (FY23),sources/budget-workbooks/finance-committee/fy24-budget/20230223-coa-land-use-library/land-use-fy23-budget.xlsx,sheet1,44,241,,SICK LEAVE BUY BACK,FY24 (In Progress),0,leaf
Land Use (FY23),sources/budget-workbooks/finance-committee/fy24-budget/20230223-coa-land-use-library/land-use-fy23-budget.xlsx,sheet1,45,241,,MILEAGE STIPEND,2023 Budgeted,7500,leaf
Land Use (FY23),sources/budget-workbooks/finance-committee/fy24-budget/20230223-coa-land-use-library/land-use-fy23-budget.xlsx,sheet1,45,241,,MILEAGE STIPEND,2023 Actual,3173.02,leaf
Land Use (FY23),sources/budget-workbooks/finance-committee/fy24-budget/20230223-coa-land-use-library/land-use-fy23-budget.xlsx,sheet1,45,241,,MILEAGE STIPEND,2023 21 Feb 2023,4903.78,leaf
Land Use (FY23),sources/budget-workbooks/finance-committee/fy24-budget/20230223-coa-land-use-library/land-use-fy23-budget.xlsx,sheet1,45,241,,MILEAGE STIPEND,FY 2024 Target Budget,7500,leaf
Land Use (FY23),sources/budget-workbooks/finance-committee/fy24-budget/20230223-coa-land-use-library/land-use-fy23-budget.xlsx,sheet1,45,241,,MILEAGE STIPEND,FY24 (In Progress),7500,leaf
Land Use (FY23),sources/budget-workbooks/finance-committee/fy24-budget/20230223-coa-land-use-library/land-use-fy23-budget.xlsx,sheet1,46,241,,OFFICE EQUIPMENT MTC,FY 2024 Target Budget,0,leaf
Land Use (FY23),sources/budget-workbooks/finance-committee/fy24-budget/20230223-coa-land-use-library/land-use-fy23-budget.xlsx,sheet1,46,241,,OFFICE EQUIPMENT MTC,FY24 (In Progress),0,leaf
Land Use (FY23),sources/budget-workbooks/finance-committee/fy24-budget/20230223-coa-land-use-library/land-use-fy23-budget.xlsx,sheet1,47,241,,PUBLICATIONS,2023 Budgeted,1500,leaf
Land Use (FY23),sources/budget-workbooks/finance-committee/fy24-budget/20230223-coa-land-use-library/land-use-fy23-budget.xlsx,sheet1,47,241,,PUBLICATIONS,2023 Actual,0,leaf
Land Use (FY23),sources/budget-workbooks/finance-committee/fy24-budget/20230223-coa-land-use-library/land-use-fy23-budget.xlsx,sheet1,47,241,,PUBLICATIONS,2023 21 Feb 2023,0,leaf
Land Use (FY23),sources/budget-workbooks/finance-committee/fy24-budget/20230223-coa-land-use-library/land-use-fy23-budget.xlsx,sheet1,47,241,,PUBLICATIONS,FY 2024 Target Budget,1500,leaf
Land Use (FY23),sources/budget-workbooks/finance-committee/fy24-budget/20230223-coa-land-use-library/land-use-fy23-budget.xlsx,sheet1,47,241,,PUBLICATIONS,FY24 (In Progress),1600,leaf
Land Use (FY23),sources/budget-workbooks/finance-committee/fy24-budget/20230223-coa-land-use-library/land-use-fy23-budget.xlsx,sheet1,48,241,,POSTAGE,2023 Budgeted,240,leaf
Land Use (FY23),sources/budget-workbooks/finance-committee/fy24-budget/20230223-coa-land-use-library/land-use-fy23-budget.xlsx,sheet1,48,241,,POSTAGE,2023 Actual,0,leaf
Land Use (FY23),sources/budget-workbooks/finance-committee/fy24-budget/20230223-coa-land-use-library/land-use-fy23-budget.xlsx,sheet1,48,241,,POSTAGE,2023 21 Feb 2023,0,leaf
Land Use (FY23),sources/budget-workbooks/finance-committee/fy24-budget/20230223-coa-land-use-library/land-use-fy23-budget.xlsx,sheet1,48,241,,POSTAGE,FY 2024 Target Budget,240,leaf
Land Use (FY23),sources/budget-workbooks/finance-committee/fy24-budget/20230223-coa-land-use-library/land-use-fy23-budget.xlsx,sheet1,48,241,,POSTAGE,FY24 (In Progress),240,leaf
Land Use (FY23),sources/budget-workbooks/finance-committee/fy24-budget/20230223-coa-land-use-library/land-use-fy23-budget.xlsx,sheet1,49,241,,ADVERTISING,FY 2024 Target Budget,0,leaf
Land Use (FY23),sources/budget-workbooks/finance-committee/fy24-budget/20230223-coa-land-use-library/land-use-fy23-budget.xlsx,sheet1,49,241,,ADVERTISING,FY24 (In Progress),0,leaf
Land Use (FY23),sources/budget-workbooks/finance-committee/fy24-budget/20230223-coa-land-use-library/land-use-fy23-budget.xlsx,sheet1,50,241,,OFFICE SUPPLIES,2023 Budgeted,410,leaf
Land Use (FY23),sources/budget-workbooks/finance-committee/fy24-budget/20230223-coa-land-use-library/land-use-fy23-budget.xlsx,sheet1,50,241,,OFFICE SUPPLIES,2023 Actual,0,leaf
Land Use (FY23),sources/budget-workbooks/finance-committee/fy24-budget/20230223-coa-land-use-library/land-use-fy23-budget.xlsx,sheet1,50,241,,OFFICE SUPPLIES,2023 21 Feb 2023,0,leaf
Land Use (FY23),sources/budget-workbooks/finance-committee/fy24-budget/20230223-coa-land-use-library/land-use-fy23-budget.xlsx,sheet1,50,241,,OFFICE SUPPLIES,FY 2024 Target Budget,410,leaf
Land Use (FY23),sources/budget-workbooks/finance-committee/fy24-budget/20230223-coa-land-use-library/land-use-fy23-budget.xlsx,sheet1,50,241,,OFFICE SUPPLIES,FY24 (In Progress),410,leaf
Land Use (FY23),sources/budget-workbooks/finance-committee/fy24-budget/20230223-coa-land-use-library/land-use-fy23-budget.xlsx,sheet1,51,241,,UNIFORM ALLOWANCE,2023 Budgeted,360,leaf
Land Use (FY23),sources/budget-workbooks/finance-committee/fy24-budget/20230223-coa-land-use-library/land-use-fy23-budget.xlsx,sheet1,51,241,,UNIFORM ALLOWANCE,2023 Actual,0,leaf
Land Use (FY23),sources/budget-workbooks/finance-committee/fy24-budget/20230223-coa-land-use-library/land-use-fy23-budget.xlsx,sheet1,51,241,,UNIFORM ALLOWANCE,2023 21 Feb 2023,0,leaf
Land Use (FY23),sources/budget-workbooks/finance-committee/fy24-budget/20230223-coa-land-use-library/land-use-fy23-budget.xlsx,sheet1,51,241,,UNIFORM ALLOWANCE,FY 2024 Target Budget,360,leaf
Land Use (FY23),sources/budget-workbooks/finance-committee/fy24-budget/20230223-coa-land-use-library/land-use-fy23-budget.xlsx,sheet1,51,241,,UNIFORM ALLOWANCE,FY24 (In Progress),360,leaf
Land Use (FY23),sources/budget-workbooks/finance-committee/fy24-budget/20230223-coa-land-use-library/land-use-fy23-budget.xlsx,sheet1,52,241,,MILEAGE,FY 2024 Target Budget,0,leaf
Land Use (FY23),sources/budget-workbooks/finance-committee/fy24-budget/20230223-coa-land-use-library/land-use-fy23-budget.xlsx,sheet1,52,241,,MILEAGE,FY24 (In Progress),0,leaf
Land Use (FY23),sources/budget-workbooks/finance-committee/fy24-budget/20230223-coa-land-use-library/land-use-fy23-budget.xlsx,sheet1,53,241,,DUES/MEMBERSHIP,FY 2024 Target Budget,0,leaf
Land Use (FY23),sources/budget-workbooks/finance-committee/fy24-budget/20230223-coa-land-use-library/land-use-fy23-budget.xlsx,sheet1,53,241,,DUES/MEMBERSHIP,FY24 (In Progress),0,leaf
Land Use (FY23),sources/budget-workbooks/finance-committee/fy24-budget/20230223-coa-land-use-library/land-use-fy23-budget.xlsx,sheet1,54,241,,MEETINGS/SCHOOL,2023 Budgeted,1000,leaf
Land Use (FY23),sources/budget-workbooks/finance-committee/fy24-budget/20230223-coa-land-use-library/land-use-fy23-budget.xlsx,sheet1,54,241,,MEETINGS/SCHOOL,2023 Actual,0,leaf
Land Use (FY23),sources/budget-workbooks/finance-committee/fy24-budget/20230223-coa-land-use-library/land-use-fy23-budget.xlsx,sheet1,54,241,,MEETINGS/SCHOOL,2023 21 Feb 2023,0,leaf
Land Use (FY23),sources/budget-workbooks/finance-committee/fy24-budget/20230223-coa-land-use-library/land-use-fy23-budget.xlsx,sheet1,54,241,,MEETINGS/SCHOOL,FY 2024 Target Budget,1000,leaf
Land Use (FY23),sources/budget-workbooks/finance-committee/fy24-budget/20230223-coa-land-use-library/land-use-fy23-budget.xlsx,sheet1,54,241,,MEETINGS/SCHOOL,FY24 (In Progress),900,leaf
Land Use (FY23),sources/budget-workbooks/finance-committee/fy24-budget/20230223-coa-land-use-library/land-use-fy23-budget.xlsx,sheet1,55,242,,GAS INSPECTOR'S SALARY,FY 2024 Target Budget,0,leaf
Land Use (FY23),sources/budget-workbooks/finance-committee/fy24-budget/20230223-coa-land-use-library/land-use-fy23-budget.xlsx,sheet1,55,242,,GAS INSPECTOR'S SALARY,FY24 (In Progress),0,leaf
Land Use (FY23),sources/budget-workbooks/finance-committee/fy24-budget/20230223-coa-land-use-library/land-use-fy23-budget.xlsx,sheet1,56,243,,PLUMBING INSPECTOR'S SALARY,FY 2024 Target Budget,0,leaf
Land Use (FY23),sources/budget-workbooks/finance-committee/fy24-budget/20230223-coa-land-use-library/land-use-fy23-budget.xlsx,sheet1,56,243,,PLUMBING INSPECTOR'S SALARY,FY24 (In Progress),0,leaf
Land Use (FY23),sources/budget-workbooks/finance-committee/fy24-budget/20230223-coa-land-use-library/land-use-fy23-budget.xlsx,sheet1,57,243,,DUES/MEMBERSHIP,FY 2024 Target Budget,0,leaf
Land Use (FY23),sources/budget-workbooks/finance-committee/fy24-budget/20230223-coa-land-use-library/land-use-fy23-budget.xlsx,sheet1,57,243,,DUES/MEMBERSHIP,FY24 (In Progress),0,leaf
Land Use (FY23),sources/budget-workbooks/finance-committee/fy24-budget/20230223-coa-land-use-library/land-use-fy23-budget.xlsx,sheet1,58,243,,MEETINGS/SCHOOL,FY 2024 Target Budget,0,leaf
Land Use (FY23),sources/budget-workbooks/finance-committee/fy24-budget/20230223-coa-land-use-library/land-use-fy23-budget.xlsx,sheet1,58,243,,MEETINGS/SCHOOL,FY24 (In Progress),0,leaf
Land Use (FY23),sources/budget-workbooks/finance-committee/fy24-budget/20230223-coa-land-use-library/land-use-fy23-budget.xlsx,sheet1,59,244,,INS WEIGHTS & MEASURERS SALARY,2023 Budgeted,3500,leaf
Land Use (FY23),sources/budget-workbooks/finance-committee/fy24-budget/20230223-coa-land-use-library/land-use-fy23-budget.xlsx,sheet1,59,244,,INS WEIGHTS & MEASURERS SALARY,2023 Actual,0,leaf
Land Use (FY23),sources/budget-workbooks/finance-committee/fy24-budget/20230223-coa-land-use-library/land-use-fy23-budget.xlsx,sheet1,59,244,,INS WEIGHTS & MEASURERS SALARY,FY 2024 Target Budget,3500,leaf
Land Use (FY23),sources/budget-workbooks/finance-committee/fy24-budget/20230223-coa-land-use-library/land-use-fy23-budget.xlsx,sheet1,59,244,,INS WEIGHTS & MEASURERS SALARY,FY24 (In Progress),3500,leaf
Land Use (FY23),sources/budget-workbooks/finance-committee/fy24-budget/20230223-coa-land-use-library/land-use-fy23-budget.xlsx,sheet1,60,244,,MILEAGE STIPEND,2023 Budgeted,500,leaf
Land Use (FY23),sources/budget-workbooks/finance-committee/fy24-budget/20230223-coa-land-use-library/land-use-fy23-budget.xlsx,sheet1,60,244,,MILEAGE STIPEND,2023 Actual,0,leaf
Land Use (FY23),sources/budget-workbooks/finance-committee/fy24-budget/20230223-coa-land-use-library/land-use-fy23-budget.xlsx,sheet1,60,244,,MILEAGE STIPEND,FY 2024 Target Budget,500,leaf
Land Use (FY23),sources/budget-workbooks/finance-committee/fy24-budget/20230223-coa-land-use-library/land-use-fy23-budget.xlsx,sheet1,60,244,,MILEAGE STIPEND,FY24 (In Progress),500,leaf
Land Use (FY23),sources/budget-workbooks/finance-committee/fy24-budget/20230223-coa-land-use-library/land-use-fy23-budget.xlsx,sheet1,61,244,,OFFICE SUPPLIES,2023 Budgeted,300,leaf
Land Use (FY23),sources/budget-workbooks/finance-committee/fy24-budget/20230223-coa-land-use-library/land-use-fy23-budget.xlsx,sheet1,61,244,,OFFICE SUPPLIES,2023 Actual,0,leaf
Land Use (FY23),sources/budget-workbooks/finance-committee/fy24-budget/20230223-coa-land-use-library/land-use-fy23-budget.xlsx,sheet1,61,244,,OFFICE SUPPLIES,FY 2024 Target Budget,300,leaf
Land Use (FY23),sources/budget-workbooks/finance-committee/fy24-budget/20230223-coa-land-use-library/land-use-fy23-budget.xlsx,sheet1,61,244,,OFFICE SUPPLIES,FY24 (In Progress),300,leaf
Land Use (FY23),sources/budget-workbooks/finance-committee/fy24-budget/20230223-coa-land-use-library/land-use-fy23-budget.xlsx,sheet1,62,244,,DUES/MEMBERSHIP,FY 2024 Target Budget,0,leaf
Land Use (FY23),sources/budget-workbooks/finance-committee/fy24-budget/20230223-coa-land-use-library/land-use-fy23-budget.xlsx,sheet1,62,244,,DUES/MEMBERSHIP,FY24 (In Progress),0,leaf
Land Use (FY23),sources/budget-workbooks/finance-committee/fy24-budget/20230223-coa-land-use-library/land-use-fy23-budget.xlsx,sheet1,63,244,,MEETINGS/SCHOOL,FY 2024 Target Budget,0,leaf
Land Use (FY23),sources/budget-workbooks/finance-committee/fy24-budget/20230223-coa-land-use-library/land-use-fy23-budget.xlsx,sheet1,63,244,,MEETINGS/SCHOOL,FY24 (In Progress),0,leaf
Land Use (FY23),sources/budget-workbooks/finance-committee/fy24-budget/20230223-coa-land-use-library/land-use-fy23-budget.xlsx,sheet1,64,245,,WIRING INSPECTOR'S SALARY,FY 2024 Target Budget,0,leaf
Land Use (FY23),sources/budget-workbooks/finance-committee/fy24-budget/20230223-coa-land-use-library/land-use-fy23-budget.xlsx,sheet1,64,245,,WIRING INSPECTOR'S SALARY,FY24 (In Progress),0,leaf
Land Use (FY23),sources/budget-workbooks/finance-committee/fy24-budget/20230223-coa-land-use-library/land-use-fy23-budget.xlsx,sheet1,65,245,,MEETINGS/SCHOOL,FY 2024 Target Budget,0,leaf
Land Use (FY23),sources/budget-workbooks/finance-committee/fy24-budget/20230223-coa-land-use-library/land-use-fy23-budget.xlsx,sheet1,65,245,,MEETINGS/SCHOOL,FY24 (In Progress),0,leaf
Land Use (FY23),sources/budget-workbooks/finance-committee/fy24-budget/20230223-coa-land-use-library/land-use-fy23-budget.xlsx,sheet1,66,,,ALTERNATE BUILDING INSPECTOR,FY 2024 Target Budget,5000,leaf
Land Use (FY23),sources/budget-workbooks/finance-committee/fy24-budget/20230223-coa-land-use-library/land-use-fy23-budget.xlsx,sheet1,66,,,ALTERNATE BUILDING INSPECTOR,FY24 (In Progress),5000,leaf
