kind,sy,org_code,org_name,org_type,subj,tot_clss_cnt,avg_clss_cnt,tot_stu_cnt,aian_pct,as_pct,baa_pct,hl_pct,mnhl_pct,nhpi_pct,wh_pct,fe_pct,ma_pct,el_pct,li_pct,ecd_pct,swd_pct
class_size,2025,01620605,Advanced Community Experience Program,School,All,1,9.0,9,0.0,0.0,0.111,0.111,0.0,0.0,0.778,0.333,0.667,0.0,55.6,,1.0
class_size,2025,01620605,Advanced Community Experience Program,School,"Agriculture, Food and Natural Resources",0,0.0,0,0.0,0.0,0.0,0.0,0.0,0.0,0.0,0.0,0.0,0.0,0.0,,0.0
class_size,2025,01620605,Advanced Community Experience Program,School,Arts,0,0.0,0,0.0,0.0,0.0,0.0,0.0,0.0,0.0,0.0,0.0,0.0,0.0,,0.0
class_size,2025,01620605,Advanced Community Experience Program,School,Business and Marketing,0,0.0,0,0.0,0.0,0.0,0.0,0.0,0.0,0.0,0.0,0.0,0.0,0.0,,0.0
class_size,2025,01620605,Advanced Community Experience Program,School,Civics/Government,0,0.0,0,0.0,0.0,0.0,0.0,0.0,0.0,0.0,0.0,0.0,0.0,0.0,,0.0
class_size,2025,01620605,Advanced Community Experience Program,School,Communications and Audio/Visual Technology,0,0.0,0,0.0,0.0,0.0,0.0,0.0,0.0,0.0,0.0,0.0,0.0,0.0,,0.0
class_size,2025,01620605,Advanced Community Experience Program,School,Computer and Information Sciences,0,0.0,0,0.0,0.0,0.0,0.0,0.0,0.0,0.0,0.0,0.0,0.0,0.0,,0.0
class_size,2025,01620605,Advanced Community Experience Program,School,Core-All Subjects,0,0.0,0,0.0,0.0,0.0,0.0,0.0,0.0,0.0,0.0,0.0,0.0,0.0,,0.0
class_size,2025,01620605,Advanced Community Experience Program,School,Economics,0,0.0,0,0.0,0.0,0.0,0.0,0.0,0.0,0.0,0.0,0.0,0.0,0.0,,0.0
class_size,2025,01620605,Advanced Community Experience Program,School,Engineering and Technology,0,0.0,0,0.0,0.0,0.0,0.0,0.0,0.0,0.0,0.0,0.0,0.0,0.0,,0.0
class_size,2025,01620605,Advanced Community Experience Program,School,English/Language Arts,0,0.0,0,0.0,0.0,0.0,0.0,0.0,0.0,0.0,0.0,0.0,0.0,0.0,,0.0
class_size,2025,01620605,Advanced Community Experience Program,School,Foreign Language,0,0.0,0,0.0,0.0,0.0,0.0,0.0,0.0,0.0,0.0,0.0,0.0,0.0,,0.0
class_size,2025,01620605,Advanced Community Experience Program,School,Geography,0,0.0,0,0.0,0.0,0.0,0.0,0.0,0.0,0.0,0.0,0.0,0.0,0.0,,0.0
class_size,2025,01620605,Advanced Community Experience Program,School,Health Care Sciences,0,0.0,0,0.0,0.0,0.0,0.0,0.0,0.0,0.0,0.0,0.0,0.0,0.0,,0.0
class_size,2025,01620605,Advanced Community Experience Program,School,History,0,0.0,0,0.0,0.0,0.0,0.0,0.0,0.0,0.0,0.0,0.0,0.0,0.0,,0.0
class_size,2025,01620605,Advanced Community Experience Program,School,Hospitality and Tourism,0,0.0,0,0.0,0.0,0.0,0.0,0.0,0.0,0.0,0.0,0.0,0.0,0.0,,0.0
class_size,2025,01620605,Advanced Community Experience Program,School,Human Services,0,0.0,0,0.0,0.0,0.0,0.0,0.0,0.0,0.0,0.0,0.0,0.0,0.0,,0.0
class_size,2025,01620605,Advanced Community Experience Program,School,Manufacturing,0,0.0,0,0.0,0.0,0.0,0.0,0.0,0.0,0.0,0.0,0.0,0.0,0.0,,0.0
class_size,2025,01620605,Advanced Community Experience Program,School,Mathematics,0,0.0,0,0.0,0.0,0.0,0.0,0.0,0.0,0.0,0.0,0.0,0.0,0.0,,0.0
class_size,2025,01620605,Advanced Community Experience Program,School,Military Science,0,0.0,0,0.0,0.0,0.0,0.0,0.0,0.0,0.0,0.0,0.0,0.0,0.0,,0.0
class_size,2025,01620605,Advanced Community Experience Program,School,Miscellaneous,1,9.0,9,0.0,0.0,0.111,0.111,0.0,0.0,0.778,0.333,0.667,0.0,55.6,,1.0
class_size,2025,01620605,Advanced Community Experience Program,School,"Physical, Health, and Safety Education",0,0.0,0,0.0,0.0,0.0,0.0,0.0,0.0,0.0,0.0,0.0,0.0,0.0,,0.0
class_size,2025,01620605,Advanced Community Experience Program,School,"Public, Protective, and Government Service",0,0.0,0,0.0,0.0,0.0,0.0,0.0,0.0,0.0,0.0,0.0,0.0,0.0,,0.0
class_size,2025,01620605,Advanced Community Experience Program,School,Reading,0,0.0,0,0.0,0.0,0.0,0.0,0.0,0.0,0.0,0.0,0.0,0.0,0.0,,0.0
class_size,2025,01620605,Advanced Community Experience Program,School,Religious Education and Theology,0,0.0,0,0.0,0.0,0.0,0.0,0.0,0.0,0.0,0.0,0.0,0.0,0.0,,0.0
class_size,2025,01620605,Advanced Community Experience Program,School,Science,0,0.0,0,0.0,0.0,0.0,0.0,0.0,0.0,0.0,0.0,0.0,0.0,0.0,,0.0
class_size,2025,01620605,Advanced Community Experience Program,School,Social Studies/Social Sciences,0,0.0,0,0.0,0.0,0.0,0.0,0.0,0.0,0.0,0.0,0.0,0.0,0.0,,0.0
class_size,2025,01620605,Advanced Community Experience Program,School,"Transportation, Distribution and Logistics",0,0.0,0,0.0,0.0,0.0,0.0,0.0,0.0,0.0,0.0,0.0,0.0,0.0,,0.0
class_size,2025,01620605,Advanced Community Experience Program,School,CH74 - Agriculture and Natural Resources,0,0.0,0,0.0,0.0,0.0,0.0,0.0,0.0,0.0,0.0,0.0,0.0,0.0,,0.0
class_size,2025,01620605,Advanced Community Experience Program,School,CH74 - Arts and Communications Services,0,0.0,0,0.0,0.0,0.0,0.0,0.0,0.0,0.0,0.0,0.0,0.0,0.0,,0.0
class_size,2025,01620605,Advanced Community Experience Program,School,CH74 - Business and Consumer Services,0,0.0,0,0.0,0.0,0.0,0.0,0.0,0.0,0.0,0.0,0.0,0.0,0.0,,0.0
class_size,2025,01620605,Advanced Community Experience Program,School,CH74 - Construction,0,0.0,0,0.0,0.0,0.0,0.0,0.0,0.0,0.0,0.0,0.0,0.0,0.0,,0.0
class_size,2025,01620605,Advanced Community Experience Program,School,CH74 - Exploratory,0,0.0,0,0.0,0.0,0.0,0.0,0.0,0.0,0.0,0.0,0.0,0.0,0.0,,0.0
class_size,2025,01620605,Advanced Community Experience Program,School,CH74 - Health,0,0.0,0,0.0,0.0,0.0,0.0,0.0,0.0,0.0,0.0,0.0,0.0,0.0,,0.0
class_size,2025,01620605,Advanced Community Experience Program,School,CH74 - Hospitality and Tourism,0,0.0,0,0.0,0.0,0.0,0.0,0.0,0.0,0.0,0.0,0.0,0.0,0.0,,0.0
class_size,2025,01620605,Advanced Community Experience Program,School,CH74 - Human Services and Education,0,0.0,0,0.0,0.0,0.0,0.0,0.0,0.0,0.0,0.0,0.0,0.0,0.0,,0.0
class_size,2025,01620605,Advanced Community Experience Program,School,CH74 - Information Technology Services,0,0.0,0,0.0,0.0,0.0,0.0,0.0,0.0,0.0,0.0,0.0,0.0,0.0,,0.0
class_size,2025,01620605,Advanced Community Experience Program,School,CH74 - Transportation,0,0.0,0,0.0,0.0,0.0,0.0,0.0,0.0,0.0,0.0,0.0,0.0,0.0,,0.0
class_size,2025,01620605,Advanced Community Experience Program,School,"CH74 - Manufacturing, Engineering and Technology",0,0.0,0,0.0,0.0,0.0,0.0,0.0,0.0,0.0,0.0,0.0,0.0,0.0,,0.0
class_size,2025,01620605,Advanced Community Experience Program,School,Architecture and Construction,0,0.0,0,0.0,0.0,0.0,0.0,0.0,0.0,0.0,0.0,0.0,0.0,0.0,,0.0
class_size,2025,01620000,Lunenburg,District,All,781,19.1,1587,0.003,0.013,0.042,0.124,0.037,0.004,0.779,0.493,0.506,0.038,23.6,,0.17
class_size,2025,01620000,Lunenburg,District,"Agriculture, Food and Natural Resources",2,12.0,20,0.0,0.0,0.05,0.1,0.05,0.0,0.8,0.55,0.45,0.0,30.0,,0.1
class_size,2025,01620000,Lunenburg,District,Arts,123,21.9,1359,0.002,0.01,0.041,0.122,0.035,0.004,0.786,0.495,0.504,0.04,23.6,,0.155
class_size,2025,01620000,Lunenburg,District,Business and Marketing,0,0.0,0,0.0,0.0,0.0,0.0,0.0,0.0,0.0,0.0,0.0,0.0,0.0,,0.0
class_size,2025,01620000,Lunenburg,District,Civics/Government,9,20.2,176,0.0,0.011,0.051,0.102,0.028,0.006,0.801,0.483,0.517,0.011,18.8,,0.131
class_size,2025,01620000,Lunenburg,District,Communications and Audio/Visual Technology,2,21.5,43,0.0,0.023,0.0,0.047,0.07,0.0,0.861,0.721,0.279,0.0,11.6,,0.047
class_size,2025,01620000,Lunenburg,District,Computer and Information Sciences,20,22.8,456,0.002,0.011,0.05,0.138,0.031,0.002,0.765,0.493,0.507,0.055,24.6,,0.167
class_size,2025,01620000,Lunenburg,District,Core-All Subjects,70,22.5,672,0.005,0.009,0.046,0.122,0.03,0.003,0.786,0.509,0.491,0.036,23.4,,0.204
class_size,2025,01620000,Lunenburg,District,Economics,2,23.0,46,0.0,0.022,0.0,0.065,0.0,0.0,0.913,0.283,0.717,0.022,13.0,,0.065
class_size,2025,01620000,Lunenburg,District,Engineering and Technology,4,12.3,47,0.0,0.043,0.043,0.043,0.064,0.021,0.787,0.17,0.83,0.0,21.3,,0.128
class_size,2025,01620000,Lunenburg,District,English/Language Arts,85,18.6,1503,0.001,0.013,0.041,0.12,0.035,0.004,0.785,0.496,0.503,0.037,23.3,,0.15
class_size,2025,01620000,Lunenburg,District,Foreign Language,26,14.2,368,0.0,0.027,0.046,0.106,0.06,0.003,0.758,0.5,0.5,0.027,17.4,,0.068
class_size,2025,01620000,Lunenburg,District,Geography,0,0.0,0,0.0,0.0,0.0,0.0,0.0,0.0,0.0,0.0,0.0,0.0,0.0,,0.0
class_size,2025,01620000,Lunenburg,District,Health Care Sciences,2,4.0,8,0.0,0.125,0.0,0.0,0.0,0.125,0.75,0.375,0.625,0.0,12.5,,0.0
class_size,2025,01620000,Lunenburg,District,History,15,17.3,259,0.0,0.027,0.035,0.127,0.062,0.004,0.745,0.487,0.514,0.039,20.9,,0.124
class_size,2025,01620000,Lunenburg,District,Hospitality and Tourism,0,0.0,0,0.0,0.0,0.0,0.0,0.0,0.0,0.0,0.0,0.0,0.0,0.0,,0.0
class_size,2025,01620000,Lunenburg,District,Human Services,0,0.0,0,0.0,0.0,0.0,0.0,0.0,0.0,0.0,0.0,0.0,0.0,0.0,,0.0
class_size,2025,01620000,Lunenburg,District,Manufacturing,0,0.0,0,0.0,0.0,0.0,0.0,0.0,0.0,0.0,0.0,0.0,0.0,0.0,,0.0
class_size,2025,01620000,Lunenburg,District,Mathematics,84,18.4,1509,0.001,0.013,0.041,0.119,0.036,0.004,0.785,0.496,0.503,0.037,23.3,,0.15
class_size,2025,01620000,Lunenburg,District,Military Science,0,0.0,0,0.0,0.0,0.0,0.0,0.0,0.0,0.0,0.0,0.0,0.0,0.0,,0.0
class_size,2025,01620000,Lunenburg,District,Miscellaneous,56,5.1,163,0.0,0.025,0.043,0.135,0.049,0.0,0.749,0.442,0.558,0.049,35.6,,0.472
class_size,2025,01620000,Lunenburg,District,"Physical, Health, and Safety Education",110,22.1,1386,0.001,0.013,0.04,0.123,0.033,0.004,0.786,0.49,0.509,0.04,23.5,,0.16
class_size,2025,01620000,Lunenburg,District,"Public, Protective, and Government Service",0,0.0,0,0.0,0.0,0.0,0.0,0.0,0.0,0.0,0.0,0.0,0.0,0.0,,0.0
class_size,2025,01620000,Lunenburg,District,Reading,27,20.7,559,0.002,0.005,0.041,0.14,0.029,0.004,0.78,0.521,0.479,0.05,25.4,,0.147
class_size,2025,01620000,Lunenburg,District,Religious Education and Theology,0,0.0,0,0.0,0.0,0.0,0.0,0.0,0.0,0.0,0.0,0.0,0.0,0.0,,0.0
class_size,2025,01620000,Lunenburg,District,Science,95,19.5,1455,0.001,0.014,0.042,0.121,0.036,0.004,0.782,0.499,0.501,0.039,23.4,,0.154
class_size,2025,01620000,Lunenburg,District,Social Studies/Social Sciences,49,20.2,981,0.002,0.009,0.043,0.128,0.028,0.003,0.787,0.507,0.492,0.045,25.2,,0.17
class_size,2025,01620000,Lunenburg,District,"Transportation, Distribution and Logistics",0,0.0,0,0.0,0.0,0.0,0.0,0.0,0.0,0.0,0.0,0.0,0.0,0.0,,0.0
class_size,2025,01620000,Lunenburg,District,CH74 - Agriculture and Natural Resources,0,0.0,0,0.0,0.0,0.0,0.0,0.0,0.0,0.0,0.0,0.0,0.0,0.0,,0.0
class_size,2025,01620000,Lunenburg,District,CH74 - Arts and Communications Services,0,0.0,0,0.0,0.0,0.0,0.0,0.0,0.0,0.0,0.0,0.0,0.0,0.0,,0.0
class_size,2025,01620000,Lunenburg,District,CH74 - Business and Consumer Services,0,0.0,0,0.0,0.0,0.0,0.0,0.0,0.0,0.0,0.0,0.0,0.0,0.0,,0.0
class_size,2025,01620000,Lunenburg,District,CH74 - Construction,0,0.0,0,0.0,0.0,0.0,0.0,0.0,0.0,0.0,0.0,0.0,0.0,0.0,,0.0
class_size,2025,01620000,Lunenburg,District,CH74 - Exploratory,0,0.0,0,0.0,0.0,0.0,0.0,0.0,0.0,0.0,0.0,0.0,0.0,0.0,,0.0
class_size,2025,01620000,Lunenburg,District,CH74 - Health,0,0.0,0,0.0,0.0,0.0,0.0,0.0,0.0,0.0,0.0,0.0,0.0,0.0,,0.0
class_size,2025,01620000,Lunenburg,District,CH74 - Hospitality and Tourism,0,0.0,0,0.0,0.0,0.0,0.0,0.0,0.0,0.0,0.0,0.0,0.0,0.0,,0.0
class_size,2025,01620000,Lunenburg,District,CH74 - Human Services and Education,0,0.0,0,0.0,0.0,0.0,0.0,0.0,0.0,0.0,0.0,0.0,0.0,0.0,,0.0
class_size,2025,01620000,Lunenburg,District,CH74 - Information Technology Services,0,0.0,0,0.0,0.0,0.0,0.0,0.0,0.0,0.0,0.0,0.0,0.0,0.0,,0.0
class_size,2025,01620000,Lunenburg,District,CH74 - Transportation,0,0.0,0,0.0,0.0,0.0,0.0,0.0,0.0,0.0,0.0,0.0,0.0,0.0,,0.0
class_size,2025,01620000,Lunenburg,District,"CH74 - Manufacturing, Engineering and Technology",0,0.0,0,0.0,0.0,0.0,0.0,0.0,0.0,0.0,0.0,0.0,0.0,0.0,,0.0
class_size,2025,01620000,Lunenburg,District,Architecture and Construction,0,0.0,0,0.0,0.0,0.0,0.0,0.0,0.0,0.0,0.0,0.0,0.0,0.0,,0.0
class_size,2025,01620505,Lunenburg High,School,All,247,13.5,438,0.0,0.021,0.027,0.105,0.05,0.007,0.79,0.475,0.523,0.023,20.8,,0.103
class_size,2025,01620505,Lunenburg High,School,"Agriculture, Food and Natural Resources",2,12.0,20,0.0,0.0,0.05,0.1,0.05,0.0,0.8,0.55,0.45,0.0,30.0,,0.1
class_size,2025,01620505,Lunenburg High,School,Arts,25,17.5,280,0.0,0.011,0.025,0.107,0.046,0.011,0.8,0.457,0.539,0.021,20.4,,0.089
class_size,2025,01620505,Lunenburg High,School,Business and Marketing,0,0.0,0,0.0,0.0,0.0,0.0,0.0,0.0,0.0,0.0,0.0,0.0,0.0,,0.0
class_size,2025,01620505,Lunenburg High,School,Civics/Government,4,14.5,53,0.0,0.0,0.019,0.113,0.0,0.019,0.849,0.491,0.509,0.0,17.0,,0.057
class_size,2025,01620505,Lunenburg High,School,Communications and Audio/Visual Technology,2,21.5,43,0.0,0.023,0.0,0.047,0.07,0.0,0.861,0.721,0.279,0.0,11.6,,0.047
class_size,2025,01620505,Lunenburg High,School,Computer and Information Sciences,0,0.0,0,0.0,0.0,0.0,0.0,0.0,0.0,0.0,0.0,0.0,0.0,0.0,,0.0
class_size,2025,01620505,Lunenburg High,School,Core-All Subjects,0,0.0,0,0.0,0.0,0.0,0.0,0.0,0.0,0.0,0.0,0.0,0.0,0.0,,0.0
class_size,2025,01620505,Lunenburg High,School,Economics,2,23.0,46,0.0,0.022,0.0,0.065,0.0,0.0,0.913,0.283,0.717,0.022,13.0,,0.065
class_size,2025,01620505,Lunenburg High,School,Engineering and Technology,4,12.3,47,0.0,0.043,0.043,0.043,0.064,0.021,0.787,0.17,0.83,0.0,21.3,,0.128
class_size,2025,01620505,Lunenburg High,School,English/Language Arts,30,16.1,431,0.0,0.021,0.028,0.104,0.049,0.007,0.791,0.469,0.529,0.023,20.9,,0.104
class_size,2025,01620505,Lunenburg High,School,Foreign Language,21,12.1,253,0.0,0.032,0.04,0.111,0.063,0.004,0.751,0.51,0.49,0.032,16.6,,0.051
class_size,2025,01620505,Lunenburg High,School,Geography,0,0.0,0,0.0,0.0,0.0,0.0,0.0,0.0,0.0,0.0,0.0,0.0,0.0,,0.0
class_size,2025,01620505,Lunenburg High,School,Health Care Sciences,2,4.0,8,0.0,0.125,0.0,0.0,0.0,0.125,0.75,0.375,0.625,0.0,12.5,,0.0
class_size,2025,01620505,Lunenburg High,School,History,15,17.3,259,0.0,0.027,0.035,0.127,0.062,0.004,0.745,0.487,0.514,0.039,20.9,,0.124
class_size,2025,01620505,Lunenburg High,School,Hospitality and Tourism,0,0.0,0,0.0,0.0,0.0,0.0,0.0,0.0,0.0,0.0,0.0,0.0,0.0,,0.0
class_size,2025,01620505,Lunenburg High,School,Human Services,0,0.0,0,0.0,0.0,0.0,0.0,0.0,0.0,0.0,0.0,0.0,0.0,0.0,,0.0
class_size,2025,01620505,Lunenburg High,School,Manufacturing,0,0.0,0,0.0,0.0,0.0,0.0,0.0,0.0,0.0,0.0,0.0,0.0,0.0,,0.0
class_size,2025,01620505,Lunenburg High,School,Mathematics,32,14.5,434,0.0,0.021,0.028,0.104,0.051,0.007,0.79,0.472,0.525,0.023,20.7,,0.104
class_size,2025,01620505,Lunenburg High,School,Military Science,0,0.0,0,0.0,0.0,0.0,0.0,0.0,0.0,0.0,0.0,0.0,0.0,0.0,,0.0
class_size,2025,01620505,Lunenburg High,School,Miscellaneous,51,4.9,129,0.0,0.023,0.023,0.147,0.047,0.0,0.76,0.488,0.512,0.047,31.8,,0.341
class_size,2025,01620505,Lunenburg High,School,"Physical, Health, and Safety Education",26,18.7,311,0.0,0.023,0.019,0.116,0.045,0.006,0.791,0.437,0.56,0.029,20.9,,0.116
class_size,2025,01620505,Lunenburg High,School,"Public, Protective, and Government Service",0,0.0,0,0.0,0.0,0.0,0.0,0.0,0.0,0.0,0.0,0.0,0.0,0.0,,0.0
class_size,2025,01620505,Lunenburg High,School,Reading,1,5.0,5,0.0,0.0,0.0,0.2,0.0,0.0,0.8,0.8,0.2,0.0,20.0,,1.0
class_size,2025,01620505,Lunenburg High,School,Religious Education and Theology,0,0.0,0,0.0,0.0,0.0,0.0,0.0,0.0,0.0,0.0,0.0,0.0,0.0,,0.0
class_size,2025,01620505,Lunenburg High,School,Science,28,15.5,379,0.0,0.024,0.029,0.108,0.053,0.008,0.778,0.478,0.522,0.026,21.4,,0.106
class_size,2025,01620505,Lunenburg High,School,Social Studies/Social Sciences,2,14.0,28,0.0,0.0,0.0,0.107,0.0,0.0,0.893,0.393,0.571,0.0,39.3,,0.107
class_size,2025,01620505,Lunenburg High,School,"Transportation, Distribution and Logistics",0,0.0,0,0.0,0.0,0.0,0.0,0.0,0.0,0.0,0.0,0.0,0.0,0.0,,0.0
class_size,2025,01620505,Lunenburg High,School,CH74 - Agriculture and Natural Resources,0,0.0,0,0.0,0.0,0.0,0.0,0.0,0.0,0.0,0.0,0.0,0.0,0.0,,0.0
class_size,2025,01620505,Lunenburg High,School,CH74 - Arts and Communications Services,0,0.0,0,0.0,0.0,0.0,0.0,0.0,0.0,0.0,0.0,0.0,0.0,0.0,,0.0
class_size,2025,01620505,Lunenburg High,School,CH74 - Business and Consumer Services,0,0.0,0,0.0,0.0,0.0,0.0,0.0,0.0,0.0,0.0,0.0,0.0,0.0,,0.0
class_size,2025,01620505,Lunenburg High,School,CH74 - Construction,0,0.0,0,0.0,0.0,0.0,0.0,0.0,0.0,0.0,0.0,0.0,0.0,0.0,,0.0
class_size,2025,01620505,Lunenburg High,School,CH74 - Exploratory,0,0.0,0,0.0,0.0,0.0,0.0,0.0,0.0,0.0,0.0,0.0,0.0,0.0,,0.0
class_size,2025,01620505,Lunenburg High,School,CH74 - Health,0,0.0,0,0.0,0.0,0.0,0.0,0.0,0.0,0.0,0.0,0.0,0.0,0.0,,0.0
class_size,2025,01620505,Lunenburg High,School,CH74 - Hospitality and Tourism,0,0.0,0,0.0,0.0,0.0,0.0,0.0,0.0,0.0,0.0,0.0,0.0,0.0,,0.0
class_size,2025,01620505,Lunenburg High,School,CH74 - Human Services and Education,0,0.0,0,0.0,0.0,0.0,0.0,0.0,0.0,0.0,0.0,0.0,0.0,0.0,,0.0
class_size,2025,01620505,Lunenburg High,School,CH74 - Information Technology Services,0,0.0,0,0.0,0.0,0.0,0.0,0.0,0.0,0.0,0.0,0.0,0.0,0.0,,0.0
class_size,2025,01620505,Lunenburg High,School,CH74 - Transportation,0,0.0,0,0.0,0.0,0.0,0.0,0.0,0.0,0.0,0.0,0.0,0.0,0.0,,0.0
class_size,2025,01620505,Lunenburg High,School,"CH74 - Manufacturing, Engineering and Technology",0,0.0,0,0.0,0.0,0.0,0.0,0.0,0.0,0.0,0.0,0.0,0.0,0.0,,0.0
class_size,2025,01620505,Lunenburg High,School,Architecture and Construction,0,0.0,0,0.0,0.0,0.0,0.0,0.0,0.0,0.0,0.0,0.0,0.0,0.0,,0.0
class_size,2025,01620305,Lunenburg Middle School,School,All,210,22.8,393,0.0,0.015,0.056,0.112,0.033,0.003,0.781,0.512,0.489,0.025,21.4,,0.186
class_size,2025,01620305,Lunenburg Middle School,School,"Agriculture, Food and Natural Resources",0,0.0,0,0.0,0.0,0.0,0.0,0.0,0.0,0.0,0.0,0.0,0.0,0.0,,0.0
class_size,2025,01620305,Lunenburg Middle School,School,Arts,38,23.0,389,0.0,0.015,0.054,0.111,0.033,0.003,0.784,0.514,0.486,0.026,21.3,,0.188
class_size,2025,01620305,Lunenburg Middle School,School,Business and Marketing,0,0.0,0,0.0,0.0,0.0,0.0,0.0,0.0,0.0,0.0,0.0,0.0,0.0,,0.0
class_size,2025,01620305,Lunenburg Middle School,School,Civics/Government,5,24.8,123,0.0,0.016,0.065,0.098,0.041,0.0,0.781,0.48,0.52,0.016,19.5,,0.163
class_size,2025,01620305,Lunenburg Middle School,School,Communications and Audio/Visual Technology,0,0.0,0,0.0,0.0,0.0,0.0,0.0,0.0,0.0,0.0,0.0,0.0,0.0,,0.0
class_size,2025,01620305,Lunenburg Middle School,School,Computer and Information Sciences,5,24.0,120,0.0,0.017,0.067,0.092,0.042,0.0,0.783,0.475,0.525,0.017,16.7,,0.158
class_size,2025,01620305,Lunenburg Middle School,School,Core-All Subjects,34,24.0,264,0.0,0.015,0.053,0.114,0.027,0.004,0.788,0.527,0.474,0.03,21.2,,0.193
class_size,2025,01620305,Lunenburg Middle School,School,Economics,0,0.0,0,0.0,0.0,0.0,0.0,0.0,0.0,0.0,0.0,0.0,0.0,0.0,,0.0
class_size,2025,01620305,Lunenburg Middle School,School,Engineering and Technology,0,0.0,0,0.0,0.0,0.0,0.0,0.0,0.0,0.0,0.0,0.0,0.0,0.0,,0.0
class_size,2025,01620305,Lunenburg Middle School,School,English/Language Arts,17,23.2,387,0.0,0.016,0.057,0.114,0.031,0.003,0.78,0.514,0.486,0.026,21.2,,0.178
class_size,2025,01620305,Lunenburg Middle School,School,Foreign Language,5,23.0,115,0.0,0.017,0.061,0.096,0.052,0.0,0.774,0.478,0.522,0.017,19.1,,0.104
class_size,2025,01620305,Lunenburg Middle School,School,Geography,0,0.0,0,0.0,0.0,0.0,0.0,0.0,0.0,0.0,0.0,0.0,0.0,0.0,,0.0
class_size,2025,01620305,Lunenburg Middle School,School,Health Care Sciences,0,0.0,0,0.0,0.0,0.0,0.0,0.0,0.0,0.0,0.0,0.0,0.0,0.0,,0.0
class_size,2025,01620305,Lunenburg Middle School,School,History,0,0.0,0,0.0,0.0,0.0,0.0,0.0,0.0,0.0,0.0,0.0,0.0,0.0,,0.0
class_size,2025,01620305,Lunenburg Middle School,School,Hospitality and Tourism,0,0.0,0,0.0,0.0,0.0,0.0,0.0,0.0,0.0,0.0,0.0,0.0,0.0,,0.0
class_size,2025,01620305,Lunenburg Middle School,School,Human Services,0,0.0,0,0.0,0.0,0.0,0.0,0.0,0.0,0.0,0.0,0.0,0.0,0.0,,0.0
class_size,2025,01620305,Lunenburg Middle School,School,Manufacturing,0,0.0,0,0.0,0.0,0.0,0.0,0.0,0.0,0.0,0.0,0.0,0.0,0.0,,0.0
class_size,2025,01620305,Lunenburg Middle School,School,Mathematics,18,22.0,390,0.0,0.015,0.056,0.113,0.033,0.003,0.78,0.51,0.49,0.026,21.3,,0.182
class_size,2025,01620305,Lunenburg Middle School,School,Military Science,0,0.0,0,0.0,0.0,0.0,0.0,0.0,0.0,0.0,0.0,0.0,0.0,0.0,,0.0
class_size,2025,01620305,Lunenburg Middle School,School,Miscellaneous,2,5.0,10,0.0,0.0,0.1,0.0,0.0,0.0,0.9,0.2,0.8,0.0,20.0,,0.9
class_size,2025,01620305,Lunenburg Middle School,School,"Physical, Health, and Safety Education",54,23.4,388,0.0,0.016,0.054,0.111,0.031,0.003,0.786,0.51,0.49,0.026,21.1,,0.186
class_size,2025,01620305,Lunenburg Middle School,School,"Public, Protective, and Government Service",0,0.0,0,0.0,0.0,0.0,0.0,0.0,0.0,0.0,0.0,0.0,0.0,0.0,,0.0
class_size,2025,01620305,Lunenburg Middle School,School,Reading,1,2.0,2,0.0,0.0,0.0,0.0,0.0,0.0,1.0,0.0,1.0,0.0,0.0,,1.0
class_size,2025,01620305,Lunenburg Middle School,School,Religious Education and Theology,0,0.0,0,0.0,0.0,0.0,0.0,0.0,0.0,0.0,0.0,0.0,0.0,0.0,,0.0
class_size,2025,01620305,Lunenburg Middle School,School,Science,18,22.2,391,0.0,0.015,0.056,0.113,0.031,0.003,0.783,0.512,0.489,0.026,21.0,,0.187
class_size,2025,01620305,Lunenburg Middle School,School,Social Studies/Social Sciences,13,21.2,268,0.0,0.015,0.052,0.119,0.026,0.004,0.784,0.526,0.474,0.03,21.6,,0.198
class_size,2025,01620305,Lunenburg Middle School,School,"Transportation, Distribution and Logistics",0,0.0,0,0.0,0.0,0.0,0.0,0.0,0.0,0.0,0.0,0.0,0.0,0.0,,0.0
class_size,2025,01620305,Lunenburg Middle School,School,CH74 - Agriculture and Natural Resources,0,0.0,0,0.0,0.0,0.0,0.0,0.0,0.0,0.0,0.0,0.0,0.0,0.0,,0.0
class_size,2025,01620305,Lunenburg Middle School,School,CH74 - Arts and Communications Services,0,0.0,0,0.0,0.0,0.0,0.0,0.0,0.0,0.0,0.0,0.0,0.0,0.0,,0.0
class_size,2025,01620305,Lunenburg Middle School,School,CH74 - Business and Consumer Services,0,0.0,0,0.0,0.0,0.0,0.0,0.0,0.0,0.0,0.0,0.0,0.0,0.0,,0.0
class_size,2025,01620305,Lunenburg Middle School,School,CH74 - Construction,0,0.0,0,0.0,0.0,0.0,0.0,0.0,0.0,0.0,0.0,0.0,0.0,0.0,,0.0
class_size,2025,01620305,Lunenburg Middle School,School,CH74 - Exploratory,0,0.0,0,0.0,0.0,0.0,0.0,0.0,0.0,0.0,0.0,0.0,0.0,0.0,,0.0
class_size,2025,01620305,Lunenburg Middle School,School,CH74 - Health,0,0.0,0,0.0,0.0,0.0,0.0,0.0,0.0,0.0,0.0,0.0,0.0,0.0,,0.0
class_size,2025,01620305,Lunenburg Middle School,School,CH74 - Hospitality and Tourism,0,0.0,0,0.0,0.0,0.0,0.0,0.0,0.0,0.0,0.0,0.0,0.0,0.0,,0.0
class_size,2025,01620305,Lunenburg Middle School,School,CH74 - Human Services and Education,0,0.0,0,0.0,0.0,0.0,0.0,0.0,0.0,0.0,0.0,0.0,0.0,0.0,,0.0
class_size,2025,01620305,Lunenburg Middle School,School,CH74 - Information Technology Services,0,0.0,0,0.0,0.0,0.0,0.0,0.0,0.0,0.0,0.0,0.0,0.0,0.0,,0.0
class_size,2025,01620305,Lunenburg Middle School,School,CH74 - Transportation,0,0.0,0,0.0,0.0,0.0,0.0,0.0,0.0,0.0,0.0,0.0,0.0,0.0,,0.0
class_size,2025,01620305,Lunenburg Middle School,School,"CH74 - Manufacturing, Engineering and Technology",0,0.0,0,0.0,0.0,0.0,0.0,0.0,0.0,0.0,0.0,0.0,0.0,0.0,,0.0
class_size,2025,01620305,Lunenburg Middle School,School,Architecture and Construction,0,0.0,0,0.0,0.0,0.0,0.0,0.0,0.0,0.0,0.0,0.0,0.0,0.0,,0.0
class_size,2025,01620010,Lunenburg Primary School,School,All,168,20.5,396,0.008,0.008,0.048,0.164,0.03,0.003,0.74,0.49,0.51,0.071,27.3,,0.22
class_size,2025,01620010,Lunenburg Primary School,School,"Agriculture, Food and Natural Resources",0,0.0,0,0.0,0.0,0.0,0.0,0.0,0.0,0.0,0.0,0.0,0.0,0.0,,0.0
class_size,2025,01620010,Lunenburg Primary School,School,Arts,30,22.5,339,0.003,0.009,0.044,0.156,0.03,0.003,0.755,0.496,0.504,0.074,27.7,,0.168
class_size,2025,01620010,Lunenburg Primary School,School,Business and Marketing,0,0.0,0,0.0,0.0,0.0,0.0,0.0,0.0,0.0,0.0,0.0,0.0,0.0,,0.0
class_size,2025,01620010,Lunenburg Primary School,School,Civics/Government,0,0.0,0,0.0,0.0,0.0,0.0,0.0,0.0,0.0,0.0,0.0,0.0,0.0,,0.0
class_size,2025,01620010,Lunenburg Primary School,School,Communications and Audio/Visual Technology,0,0.0,0,0.0,0.0,0.0,0.0,0.0,0.0,0.0,0.0,0.0,0.0,0.0,,0.0
class_size,2025,01620010,Lunenburg Primary School,School,Computer and Information Sciences,15,22.4,336,0.003,0.009,0.045,0.155,0.027,0.003,0.759,0.5,0.5,0.069,27.4,,0.17
class_size,2025,01620010,Lunenburg Primary School,School,Core-All Subjects,6,9.5,57,0.035,0.0,0.07,0.211,0.035,0.0,0.649,0.456,0.544,0.053,24.6,,0.526
class_size,2025,01620010,Lunenburg Primary School,School,Economics,0,0.0,0,0.0,0.0,0.0,0.0,0.0,0.0,0.0,0.0,0.0,0.0,0.0,,0.0
class_size,2025,01620010,Lunenburg Primary School,School,Engineering and Technology,0,0.0,0,0.0,0.0,0.0,0.0,0.0,0.0,0.0,0.0,0.0,0.0,0.0,,0.0
class_size,2025,01620010,Lunenburg Primary School,School,English/Language Arts,19,18.5,336,0.003,0.009,0.045,0.155,0.027,0.003,0.759,0.5,0.5,0.069,27.4,,0.17
class_size,2025,01620010,Lunenburg Primary School,School,Foreign Language,0,0.0,0,0.0,0.0,0.0,0.0,0.0,0.0,0.0,0.0,0.0,0.0,0.0,,0.0
class_size,2025,01620010,Lunenburg Primary School,School,Geography,0,0.0,0,0.0,0.0,0.0,0.0,0.0,0.0,0.0,0.0,0.0,0.0,0.0,,0.0
class_size,2025,01620010,Lunenburg Primary School,School,Health Care Sciences,0,0.0,0,0.0,0.0,0.0,0.0,0.0,0.0,0.0,0.0,0.0,0.0,0.0,,0.0
class_size,2025,01620010,Lunenburg Primary School,School,History,0,0.0,0,0.0,0.0,0.0,0.0,0.0,0.0,0.0,0.0,0.0,0.0,0.0,,0.0
class_size,2025,01620010,Lunenburg Primary School,School,Hospitality and Tourism,0,0.0,0,0.0,0.0,0.0,0.0,0.0,0.0,0.0,0.0,0.0,0.0,0.0,,0.0
class_size,2025,01620010,Lunenburg Primary School,School,Human Services,0,0.0,0,0.0,0.0,0.0,0.0,0.0,0.0,0.0,0.0,0.0,0.0,0.0,,0.0
class_size,2025,01620010,Lunenburg Primary School,School,Manufacturing,0,0.0,0,0.0,0.0,0.0,0.0,0.0,0.0,0.0,0.0,0.0,0.0,0.0,,0.0
class_size,2025,01620010,Lunenburg Primary School,School,Mathematics,17,19.8,336,0.003,0.009,0.045,0.155,0.027,0.003,0.759,0.5,0.5,0.069,27.4,,0.17
class_size,2025,01620010,Lunenburg Primary School,School,Military Science,0,0.0,0,0.0,0.0,0.0,0.0,0.0,0.0,0.0,0.0,0.0,0.0,0.0,,0.0
class_size,2025,01620010,Lunenburg Primary School,School,Miscellaneous,2,7.5,15,0.0,0.067,0.133,0.133,0.133,0.0,0.533,0.267,0.733,0.133,66.7,,1.0
class_size,2025,01620010,Lunenburg Primary School,School,"Physical, Health, and Safety Education",15,22.4,336,0.003,0.009,0.045,0.155,0.027,0.003,0.759,0.5,0.5,0.069,27.4,,0.17
class_size,2025,01620010,Lunenburg Primary School,School,"Public, Protective, and Government Service",0,0.0,0,0.0,0.0,0.0,0.0,0.0,0.0,0.0,0.0,0.0,0.0,0.0,,0.0
class_size,2025,01620010,Lunenburg Primary School,School,Reading,15,21.4,321,0.003,0.006,0.041,0.156,0.022,0.003,0.77,0.511,0.489,0.065,25.6,,0.131
class_size,2025,01620010,Lunenburg Primary School,School,Religious Education and Theology,0,0.0,0,0.0,0.0,0.0,0.0,0.0,0.0,0.0,0.0,0.0,0.0,0.0,,0.0
class_size,2025,01620010,Lunenburg Primary School,School,Science,32,21.0,336,0.003,0.009,0.045,0.155,0.027,0.003,0.759,0.5,0.5,0.069,27.4,,0.17
class_size,2025,01620010,Lunenburg Primary School,School,Social Studies/Social Sciences,17,19.8,336,0.003,0.009,0.045,0.155,0.027,0.003,0.759,0.5,0.5,0.069,27.4,,0.17
class_size,2025,01620010,Lunenburg Primary School,School,"Transportation, Distribution and Logistics",0,0.0,0,0.0,0.0,0.0,0.0,0.0,0.0,0.0,0.0,0.0,0.0,0.0,,0.0
class_size,2025,01620010,Lunenburg Primary School,School,CH74 - Agriculture and Natural Resources,0,0.0,0,0.0,0.0,0.0,0.0,0.0,0.0,0.0,0.0,0.0,0.0,0.0,,0.0
class_size,2025,01620010,Lunenburg Primary School,School,CH74 - Arts and Communications Services,0,0.0,0,0.0,0.0,0.0,0.0,0.0,0.0,0.0,0.0,0.0,0.0,0.0,,0.0
class_size,2025,01620010,Lunenburg Primary School,School,CH74 - Business and Consumer Services,0,0.0,0,0.0,0.0,0.0,0.0,0.0,0.0,0.0,0.0,0.0,0.0,0.0,,0.0
class_size,2025,01620010,Lunenburg Primary School,School,CH74 - Construction,0,0.0,0,0.0,0.0,0.0,0.0,0.0,0.0,0.0,0.0,0.0,0.0,0.0,,0.0
class_size,2025,01620010,Lunenburg Primary School,School,CH74 - Exploratory,0,0.0,0,0.0,0.0,0.0,0.0,0.0,0.0,0.0,0.0,0.0,0.0,0.0,,0.0
class_size,2025,01620010,Lunenburg Primary School,School,CH74 - Health,0,0.0,0,0.0,0.0,0.0,0.0,0.0,0.0,0.0,0.0,0.0,0.0,0.0,,0.0
class_size,2025,01620010,Lunenburg Primary School,School,CH74 - Hospitality and Tourism,0,0.0,0,0.0,0.0,0.0,0.0,0.0,0.0,0.0,0.0,0.0,0.0,0.0,,0.0
class_size,2025,01620010,Lunenburg Primary School,School,CH74 - Human Services and Education,0,0.0,0,0.0,0.0,0.0,0.0,0.0,0.0,0.0,0.0,0.0,0.0,0.0,,0.0
class_size,2025,01620010,Lunenburg Primary School,School,CH74 - Information Technology Services,0,0.0,0,0.0,0.0,0.0,0.0,0.0,0.0,0.0,0.0,0.0,0.0,0.0,,0.0
class_size,2025,01620010,Lunenburg Primary School,School,CH74 - Transportation,0,0.0,0,0.0,0.0,0.0,0.0,0.0,0.0,0.0,0.0,0.0,0.0,0.0,,0.0
class_size,2025,01620010,Lunenburg Primary School,School,"CH74 - Manufacturing, Engineering and Technology",0,0.0,0,0.0,0.0,0.0,0.0,0.0,0.0,0.0,0.0,0.0,0.0,0.0,,0.0
class_size,2025,01620010,Lunenburg Primary School,School,Architecture and Construction,0,0.0,0,0.0,0.0,0.0,0.0,0.0,0.0,0.0,0.0,0.0,0.0,0.0,,0.0
class_size,2025,01620025,Turkey Hill Elementary School,School,All,155,21.9,351,0.003,0.006,0.037,0.114,0.031,0.003,0.806,0.504,0.496,0.037,24.8,,0.16
class_size,2025,01620025,Turkey Hill Elementary School,School,"Agriculture, Food and Natural Resources",0,0.0,0,0.0,0.0,0.0,0.0,0.0,0.0,0.0,0.0,0.0,0.0,0.0,,0.0
class_size,2025,01620025,Turkey Hill Elementary School,School,Arts,30,23.4,351,0.003,0.006,0.037,0.114,0.031,0.003,0.806,0.504,0.496,0.037,24.8,,0.16
class_size,2025,01620025,Turkey Hill Elementary School,School,Business and Marketing,0,0.0,0,0.0,0.0,0.0,0.0,0.0,0.0,0.0,0.0,0.0,0.0,0.0,,0.0
class_size,2025,01620025,Turkey Hill Elementary School,School,Civics/Government,0,0.0,0,0.0,0.0,0.0,0.0,0.0,0.0,0.0,0.0,0.0,0.0,0.0,,0.0
class_size,2025,01620025,Turkey Hill Elementary School,School,Communications and Audio/Visual Technology,0,0.0,0,0.0,0.0,0.0,0.0,0.0,0.0,0.0,0.0,0.0,0.0,0.0,,0.0
class_size,2025,01620025,Turkey Hill Elementary School,School,Computer and Information Sciences,0,0.0,0,0.0,0.0,0.0,0.0,0.0,0.0,0.0,0.0,0.0,0.0,0.0,,0.0
class_size,2025,01620025,Turkey Hill Elementary School,School,Core-All Subjects,30,23.4,351,0.003,0.006,0.037,0.114,0.031,0.003,0.806,0.504,0.496,0.037,24.8,,0.16
class_size,2025,01620025,Turkey Hill Elementary School,School,Economics,0,0.0,0,0.0,0.0,0.0,0.0,0.0,0.0,0.0,0.0,0.0,0.0,0.0,,0.0
class_size,2025,01620025,Turkey Hill Elementary School,School,Engineering and Technology,0,0.0,0,0.0,0.0,0.0,0.0,0.0,0.0,0.0,0.0,0.0,0.0,0.0,,0.0
class_size,2025,01620025,Turkey Hill Elementary School,School,English/Language Arts,19,18.6,349,0.003,0.006,0.037,0.112,0.032,0.003,0.808,0.507,0.493,0.037,24.6,,0.155
class_size,2025,01620025,Turkey Hill Elementary School,School,Foreign Language,0,0.0,0,0.0,0.0,0.0,0.0,0.0,0.0,0.0,0.0,0.0,0.0,0.0,,0.0
class_size,2025,01620025,Turkey Hill Elementary School,School,Geography,0,0.0,0,0.0,0.0,0.0,0.0,0.0,0.0,0.0,0.0,0.0,0.0,0.0,,0.0
class_size,2025,01620025,Turkey Hill Elementary School,School,Health Care Sciences,0,0.0,0,0.0,0.0,0.0,0.0,0.0,0.0,0.0,0.0,0.0,0.0,0.0,,0.0
class_size,2025,01620025,Turkey Hill Elementary School,School,History,0,0.0,0,0.0,0.0,0.0,0.0,0.0,0.0,0.0,0.0,0.0,0.0,0.0,,0.0
class_size,2025,01620025,Turkey Hill Elementary School,School,Hospitality and Tourism,0,0.0,0,0.0,0.0,0.0,0.0,0.0,0.0,0.0,0.0,0.0,0.0,0.0,,0.0
class_size,2025,01620025,Turkey Hill Elementary School,School,Human Services,0,0.0,0,0.0,0.0,0.0,0.0,0.0,0.0,0.0,0.0,0.0,0.0,0.0,,0.0
class_size,2025,01620025,Turkey Hill Elementary School,School,Manufacturing,0,0.0,0,0.0,0.0,0.0,0.0,0.0,0.0,0.0,0.0,0.0,0.0,0.0,,0.0
class_size,2025,01620025,Turkey Hill Elementary School,School,Mathematics,17,20.5,349,0.003,0.006,0.037,0.112,0.032,0.003,0.808,0.507,0.493,0.037,24.6,,0.155
class_size,2025,01620025,Turkey Hill Elementary School,School,Military Science,0,0.0,0,0.0,0.0,0.0,0.0,0.0,0.0,0.0,0.0,0.0,0.0,0.0,,0.0
class_size,2025,01620025,Turkey Hill Elementary School,School,Miscellaneous,0,0.0,0,0.0,0.0,0.0,0.0,0.0,0.0,0.0,0.0,0.0,0.0,0.0,,0.0
class_size,2025,01620025,Turkey Hill Elementary School,School,"Physical, Health, and Safety Education",15,23.4,351,0.003,0.006,0.037,0.114,0.031,0.003,0.806,0.504,0.496,0.037,24.8,,0.16
class_size,2025,01620025,Turkey Hill Elementary School,School,"Public, Protective, and Government Service",0,0.0,0,0.0,0.0,0.0,0.0,0.0,0.0,0.0,0.0,0.0,0.0,0.0,,0.0
class_size,2025,01620025,Turkey Hill Elementary School,School,Reading,10,23.1,231,0.0,0.004,0.043,0.117,0.039,0.004,0.792,0.533,0.468,0.03,25.5,,0.143
class_size,2025,01620025,Turkey Hill Elementary School,School,Religious Education and Theology,0,0.0,0,0.0,0.0,0.0,0.0,0.0,0.0,0.0,0.0,0.0,0.0,0.0,,0.0
class_size,2025,01620025,Turkey Hill Elementary School,School,Science,17,20.5,349,0.003,0.006,0.037,0.112,0.032,0.003,0.808,0.507,0.493,0.037,24.6,,0.155
class_size,2025,01620025,Turkey Hill Elementary School,School,Social Studies/Social Sciences,17,20.5,349,0.003,0.006,0.037,0.112,0.032,0.003,0.808,0.507,0.493,0.037,24.6,,0.155
class_size,2025,01620025,Turkey Hill Elementary School,School,"Transportation, Distribution and Logistics",0,0.0,0,0.0,0.0,0.0,0.0,0.0,0.0,0.0,0.0,0.0,0.0,0.0,,0.0
class_size,2025,01620025,Turkey Hill Elementary School,School,CH74 - Agriculture and Natural Resources,0,0.0,0,0.0,0.0,0.0,0.0,0.0,0.0,0.0,0.0,0.0,0.0,0.0,,0.0
class_size,2025,01620025,Turkey Hill Elementary School,School,CH74 - Arts and Communications Services,0,0.0,0,0.0,0.0,0.0,0.0,0.0,0.0,0.0,0.0,0.0,0.0,0.0,,0.0
class_size,2025,01620025,Turkey Hill Elementary School,School,CH74 - Business and Consumer Services,0,0.0,0,0.0,0.0,0.0,0.0,0.0,0.0,0.0,0.0,0.0,0.0,0.0,,0.0
class_size,2025,01620025,Turkey Hill Elementary School,School,CH74 - Construction,0,0.0,0,0.0,0.0,0.0,0.0,0.0,0.0,0.0,0.0,0.0,0.0,0.0,,0.0
class_size,2025,01620025,Turkey Hill Elementary School,School,CH74 - Exploratory,0,0.0,0,0.0,0.0,0.0,0.0,0.0,0.0,0.0,0.0,0.0,0.0,0.0,,0.0
class_size,2025,01620025,Turkey Hill Elementary School,School,CH74 - Health,0,0.0,0,0.0,0.0,0.0,0.0,0.0,0.0,0.0,0.0,0.0,0.0,0.0,,0.0
class_size,2025,01620025,Turkey Hill Elementary School,School,CH74 - Hospitality and Tourism,0,0.0,0,0.0,0.0,0.0,0.0,0.0,0.0,0.0,0.0,0.0,0.0,0.0,,0.0
class_size,2025,01620025,Turkey Hill Elementary School,School,CH74 - Human Services and Education,0,0.0,0,0.0,0.0,0.0,0.0,0.0,0.0,0.0,0.0,0.0,0.0,0.0,,0.0
class_size,2025,01620025,Turkey Hill Elementary School,School,CH74 - Information Technology Services,0,0.0,0,0.0,0.0,0.0,0.0,0.0,0.0,0.0,0.0,0.0,0.0,0.0,,0.0
class_size,2025,01620025,Turkey Hill Elementary School,School,CH74 - Transportation,0,0.0,0,0.0,0.0,0.0,0.0,0.0,0.0,0.0,0.0,0.0,0.0,0.0,,0.0
class_size,2025,01620025,Turkey Hill Elementary School,School,"CH74 - Manufacturing, Engineering and Technology",0,0.0,0,0.0,0.0,0.0,0.0,0.0,0.0,0.0,0.0,0.0,0.0,0.0,,0.0
class_size,2025,01620025,Turkey Hill Elementary School,School,Architecture and Construction,0,0.0,0,0.0,0.0,0.0,0.0,0.0,0.0,0.0,0.0,0.0,0.0,0.0,,0.0
class_size,2024,01620605,Advanced Community Experience Program,School,All,1,8.0,8,0.0,0.0,0.125,0.125,0.0,0.0,0.75,0.5,0.5,0.0,37.5,,1.0
class_size,2024,01620605,Advanced Community Experience Program,School,"Agriculture, Food and Natural Resources",0,0.0,0,0.0,0.0,0.0,0.0,0.0,0.0,0.0,0.0,0.0,0.0,0.0,,0.0
class_size,2024,01620605,Advanced Community Experience Program,School,Arts,0,0.0,0,0.0,0.0,0.0,0.0,0.0,0.0,0.0,0.0,0.0,0.0,0.0,,0.0
class_size,2024,01620605,Advanced Community Experience Program,School,Business and Marketing,0,0.0,0,0.0,0.0,0.0,0.0,0.0,0.0,0.0,0.0,0.0,0.0,0.0,,0.0
class_size,2024,01620605,Advanced Community Experience Program,School,Civics/Government,0,0.0,0,0.0,0.0,0.0,0.0,0.0,0.0,0.0,0.0,0.0,0.0,0.0,,0.0
class_size,2024,01620605,Advanced Community Experience Program,School,Communications and Audio/Visual Technology,0,0.0,0,0.0,0.0,0.0,0.0,0.0,0.0,0.0,0.0,0.0,0.0,0.0,,0.0
class_size,2024,01620605,Advanced Community Experience Program,School,Computer and Information Sciences,0,0.0,0,0.0,0.0,0.0,0.0,0.0,0.0,0.0,0.0,0.0,0.0,0.0,,0.0
class_size,2024,01620605,Advanced Community Experience Program,School,Core-All Subjects,0,0.0,0,0.0,0.0,0.0,0.0,0.0,0.0,0.0,0.0,0.0,0.0,0.0,,0.0
class_size,2024,01620605,Advanced Community Experience Program,School,Economics,0,0.0,0,0.0,0.0,0.0,0.0,0.0,0.0,0.0,0.0,0.0,0.0,0.0,,0.0
class_size,2024,01620605,Advanced Community Experience Program,School,Engineering and Technology,0,0.0,0,0.0,0.0,0.0,0.0,0.0,0.0,0.0,0.0,0.0,0.0,0.0,,0.0
class_size,2024,01620605,Advanced Community Experience Program,School,English/Language Arts,0,0.0,0,0.0,0.0,0.0,0.0,0.0,0.0,0.0,0.0,0.0,0.0,0.0,,0.0
class_size,2024,01620605,Advanced Community Experience Program,School,Foreign Language,0,0.0,0,0.0,0.0,0.0,0.0,0.0,0.0,0.0,0.0,0.0,0.0,0.0,,0.0
class_size,2024,01620605,Advanced Community Experience Program,School,Geography,0,0.0,0,0.0,0.0,0.0,0.0,0.0,0.0,0.0,0.0,0.0,0.0,0.0,,0.0
class_size,2024,01620605,Advanced Community Experience Program,School,Health Care Sciences,0,0.0,0,0.0,0.0,0.0,0.0,0.0,0.0,0.0,0.0,0.0,0.0,0.0,,0.0
class_size,2024,01620605,Advanced Community Experience Program,School,History,0,0.0,0,0.0,0.0,0.0,0.0,0.0,0.0,0.0,0.0,0.0,0.0,0.0,,0.0
class_size,2024,01620605,Advanced Community Experience Program,School,Hospitality and Tourism,0,0.0,0,0.0,0.0,0.0,0.0,0.0,0.0,0.0,0.0,0.0,0.0,0.0,,0.0
class_size,2024,01620605,Advanced Community Experience Program,School,Human Services,0,0.0,0,0.0,0.0,0.0,0.0,0.0,0.0,0.0,0.0,0.0,0.0,0.0,,0.0
class_size,2024,01620605,Advanced Community Experience Program,School,Manufacturing,0,0.0,0,0.0,0.0,0.0,0.0,0.0,0.0,0.0,0.0,0.0,0.0,0.0,,0.0
class_size,2024,01620605,Advanced Community Experience Program,School,Mathematics,0,0.0,0,0.0,0.0,0.0,0.0,0.0,0.0,0.0,0.0,0.0,0.0,0.0,,0.0
class_size,2024,01620605,Advanced Community Experience Program,School,Military Science,0,0.0,0,0.0,0.0,0.0,0.0,0.0,0.0,0.0,0.0,0.0,0.0,0.0,,0.0
class_size,2024,01620605,Advanced Community Experience Program,School,Miscellaneous,1,8.0,8,0.0,0.0,0.125,0.125,0.0,0.0,0.75,0.5,0.5,0.0,37.5,,1.0
class_size,2024,01620605,Advanced Community Experience Program,School,"Physical, Health, and Safety Education",0,0.0,0,0.0,0.0,0.0,0.0,0.0,0.0,0.0,0.0,0.0,0.0,0.0,,0.0
class_size,2024,01620605,Advanced Community Experience Program,School,"Public, Protective, and Government Service",0,0.0,0,0.0,0.0,0.0,0.0,0.0,0.0,0.0,0.0,0.0,0.0,0.0,,0.0
class_size,2024,01620605,Advanced Community Experience Program,School,Reading,0,0.0,0,0.0,0.0,0.0,0.0,0.0,0.0,0.0,0.0,0.0,0.0,0.0,,0.0
class_size,2024,01620605,Advanced Community Experience Program,School,Religious Education and Theology,0,0.0,0,0.0,0.0,0.0,0.0,0.0,0.0,0.0,0.0,0.0,0.0,0.0,,0.0
class_size,2024,01620605,Advanced Community Experience Program,School,Science,0,0.0,0,0.0,0.0,0.0,0.0,0.0,0.0,0.0,0.0,0.0,0.0,0.0,,0.0
class_size,2024,01620605,Advanced Community Experience Program,School,Social Studies/Social Sciences,0,0.0,0,0.0,0.0,0.0,0.0,0.0,0.0,0.0,0.0,0.0,0.0,0.0,,0.0
class_size,2024,01620605,Advanced Community Experience Program,School,"Transportation, Distribution and Logistics",0,0.0,0,0.0,0.0,0.0,0.0,0.0,0.0,0.0,0.0,0.0,0.0,0.0,,0.0
class_size,2024,01620605,Advanced Community Experience Program,School,CH74 - Agriculture and Natural Resources,0,0.0,0,0.0,0.0,0.0,0.0,0.0,0.0,0.0,0.0,0.0,0.0,0.0,,0.0
class_size,2024,01620605,Advanced Community Experience Program,School,CH74 - Arts and Communications Services,0,0.0,0,0.0,0.0,0.0,0.0,0.0,0.0,0.0,0.0,0.0,0.0,0.0,,0.0
class_size,2024,01620605,Advanced Community Experience Program,School,CH74 - Business and Consumer Services,0,0.0,0,0.0,0.0,0.0,0.0,0.0,0.0,0.0,0.0,0.0,0.0,0.0,,0.0
class_size,2024,01620605,Advanced Community Experience Program,School,CH74 - Construction,0,0.0,0,0.0,0.0,0.0,0.0,0.0,0.0,0.0,0.0,0.0,0.0,0.0,,0.0
class_size,2024,01620605,Advanced Community Experience Program,School,CH74 - Exploratory,0,0.0,0,0.0,0.0,0.0,0.0,0.0,0.0,0.0,0.0,0.0,0.0,0.0,,0.0
class_size,2024,01620605,Advanced Community Experience Program,School,CH74 - Health,0,0.0,0,0.0,0.0,0.0,0.0,0.0,0.0,0.0,0.0,0.0,0.0,0.0,,0.0
class_size,2024,01620605,Advanced Community Experience Program,School,CH74 - Hospitality and Tourism,0,0.0,0,0.0,0.0,0.0,0.0,0.0,0.0,0.0,0.0,0.0,0.0,0.0,,0.0
class_size,2024,01620605,Advanced Community Experience Program,School,CH74 - Human Services and Education,0,0.0,0,0.0,0.0,0.0,0.0,0.0,0.0,0.0,0.0,0.0,0.0,0.0,,0.0
class_size,2024,01620605,Advanced Community Experience Program,School,CH74 - Information Technology Services,0,0.0,0,0.0,0.0,0.0,0.0,0.0,0.0,0.0,0.0,0.0,0.0,0.0,,0.0
class_size,2024,01620605,Advanced Community Experience Program,School,CH74 - Transportation,0,0.0,0,0.0,0.0,0.0,0.0,0.0,0.0,0.0,0.0,0.0,0.0,0.0,,0.0
class_size,2024,01620605,Advanced Community Experience Program,School,"CH74 - Manufacturing, Engineering and Technology",0,0.0,0,0.0,0.0,0.0,0.0,0.0,0.0,0.0,0.0,0.0,0.0,0.0,,0.0
class_size,2024,01620605,Advanced Community Experience Program,School,Architecture and Construction,0,0.0,0,0.0,0.0,0.0,0.0,0.0,0.0,0.0,0.0,0.0,0.0,0.0,,0.0
class_size,2024,01620000,Lunenburg,District,All,831,18.6,1591,0.001,0.013,0.035,0.111,0.038,0.004,0.799,0.489,0.51,0.033,24.2,,0.161
class_size,2024,01620000,Lunenburg,District,"Agriculture, Food and Natural Resources",2,11.5,14,0.071,0.0,0.0,0.143,0.0,0.0,0.786,0.571,0.429,0.0,21.4,,0.143
class_size,2024,01620000,Lunenburg,District,Arts,122,20.9,1355,0.002,0.013,0.036,0.106,0.037,0.004,0.802,0.497,0.503,0.027,23.7,,0.144
class_size,2024,01620000,Lunenburg,District,Business and Marketing,2,10.5,19,0.053,0.0,0.0,0.105,0.053,0.0,0.79,0.368,0.632,0.0,31.6,,0.053
class_size,2024,01620000,Lunenburg,District,Civics/Government,8,20.5,164,0.006,0.037,0.018,0.14,0.024,0.0,0.774,0.488,0.506,0.024,19.5,,0.14
class_size,2024,01620000,Lunenburg,District,Communications and Audio/Visual Technology,2,24.0,48,0.021,0.021,0.021,0.042,0.0,0.0,0.896,0.438,0.563,0.042,25.0,,0.083
class_size,2024,01620000,Lunenburg,District,Computer and Information Sciences,22,21.6,476,0.0,0.019,0.04,0.143,0.042,0.004,0.752,0.496,0.504,0.053,27.1,,0.16
class_size,2024,01620000,Lunenburg,District,Core-All Subjects,90,21.3,654,0.0,0.009,0.037,0.096,0.034,0.002,0.823,0.492,0.508,0.029,23.1,,0.19
class_size,2024,01620000,Lunenburg,District,Economics,2,27.0,54,0.0,0.019,0.0,0.019,0.074,0.0,0.889,0.407,0.574,0.0,20.4,,0.093
class_size,2024,01620000,Lunenburg,District,Engineering and Technology,3,16.0,46,0.0,0.0,0.022,0.022,0.0,0.0,0.957,0.196,0.804,0.0,13.0,,0.087
class_size,2024,01620000,Lunenburg,District,English/Language Arts,86,18.1,1505,0.001,0.013,0.035,0.108,0.037,0.004,0.802,0.49,0.509,0.029,23.9,,0.144
class_size,2024,01620000,Lunenburg,District,Foreign Language,30,13.8,412,0.0,0.024,0.022,0.112,0.041,0.007,0.794,0.507,0.493,0.017,20.2,,0.066
class_size,2024,01620000,Lunenburg,District,Geography,0,0.0,0,0.0,0.0,0.0,0.0,0.0,0.0,0.0,0.0,0.0,0.0,0.0,,0.0
class_size,2024,01620000,Lunenburg,District,Health Care Sciences,1,16.0,16,0.0,0.0,0.063,0.063,0.0,0.0,0.875,0.313,0.688,0.0,12.5,,0.0
class_size,2024,01620000,Lunenburg,District,History,16,16.3,260,0.0,0.012,0.027,0.085,0.05,0.012,0.815,0.485,0.515,0.012,21.5,,0.092
class_size,2024,01620000,Lunenburg,District,Hospitality and Tourism,0,0.0,0,0.0,0.0,0.0,0.0,0.0,0.0,0.0,0.0,0.0,0.0,0.0,,0.0
class_size,2024,01620000,Lunenburg,District,Human Services,16,21.7,347,0.0,0.009,0.052,0.135,0.046,0.006,0.752,0.496,0.504,0.061,29.1,,0.156
class_size,2024,01620000,Lunenburg,District,Manufacturing,0,0.0,0,0.0,0.0,0.0,0.0,0.0,0.0,0.0,0.0,0.0,0.0,0.0,,0.0
class_size,2024,01620000,Lunenburg,District,Mathematics,85,18.0,1508,0.001,0.013,0.035,0.109,0.038,0.004,0.8,0.49,0.509,0.029,23.9,,0.144
class_size,2024,01620000,Lunenburg,District,Military Science,0,0.0,0,0.0,0.0,0.0,0.0,0.0,0.0,0.0,0.0,0.0,0.0,0.0,,0.0
class_size,2024,01620000,Lunenburg,District,Miscellaneous,56,4.6,158,0.006,0.013,0.019,0.184,0.032,0.0,0.747,0.481,0.519,0.057,39.9,,0.5
class_size,2024,01620000,Lunenburg,District,"Physical, Health, and Safety Education",114,20.8,1402,0.001,0.014,0.038,0.11,0.039,0.004,0.794,0.496,0.503,0.03,24.3,,0.148
class_size,2024,01620000,Lunenburg,District,"Public, Protective, and Government Service",0,0.0,0,0.0,0.0,0.0,0.0,0.0,0.0,0.0,0.0,0.0,0.0,0.0,,0.0
class_size,2024,01620000,Lunenburg,District,Reading,27,20.7,560,0.0,0.007,0.039,0.116,0.036,0.004,0.798,0.493,0.507,0.045,25.7,,0.138
class_size,2024,01620000,Lunenburg,District,Religious Education and Theology,0,0.0,0,0.0,0.0,0.0,0.0,0.0,0.0,0.0,0.0,0.0,0.0,0.0,,0.0
class_size,2024,01620000,Lunenburg,District,Science,97,19.2,1461,0.001,0.014,0.036,0.108,0.038,0.004,0.8,0.489,0.509,0.029,24.1,,0.143
class_size,2024,01620000,Lunenburg,District,Social Studies/Social Sciences,50,19.5,968,0.002,0.009,0.042,0.105,0.039,0.003,0.799,0.497,0.503,0.034,24.8,,0.158
class_size,2024,01620000,Lunenburg,District,"Transportation, Distribution and Logistics",0,0.0,0,0.0,0.0,0.0,0.0,0.0,0.0,0.0,0.0,0.0,0.0,0.0,,0.0
class_size,2024,01620000,Lunenburg,District,CH74 - Agriculture and Natural Resources,0,0.0,0,0.0,0.0,0.0,0.0,0.0,0.0,0.0,0.0,0.0,0.0,0.0,,0.0
class_size,2024,01620000,Lunenburg,District,CH74 - Arts and Communications Services,0,0.0,0,0.0,0.0,0.0,0.0,0.0,0.0,0.0,0.0,0.0,0.0,0.0,,0.0
class_size,2024,01620000,Lunenburg,District,CH74 - Business and Consumer Services,0,0.0,0,0.0,0.0,0.0,0.0,0.0,0.0,0.0,0.0,0.0,0.0,0.0,,0.0
class_size,2024,01620000,Lunenburg,District,CH74 - Construction,0,0.0,0,0.0,0.0,0.0,0.0,0.0,0.0,0.0,0.0,0.0,0.0,0.0,,0.0
class_size,2024,01620000,Lunenburg,District,CH74 - Exploratory,0,0.0,0,0.0,0.0,0.0,0.0,0.0,0.0,0.0,0.0,0.0,0.0,0.0,,0.0
class_size,2024,01620000,Lunenburg,District,CH74 - Health,0,0.0,0,0.0,0.0,0.0,0.0,0.0,0.0,0.0,0.0,0.0,0.0,0.0,,0.0
class_size,2024,01620000,Lunenburg,District,CH74 - Hospitality and Tourism,0,0.0,0,0.0,0.0,0.0,0.0,0.0,0.0,0.0,0.0,0.0,0.0,0.0,,0.0
class_size,2024,01620000,Lunenburg,District,CH74 - Human Services and Education,0,0.0,0,0.0,0.0,0.0,0.0,0.0,0.0,0.0,0.0,0.0,0.0,0.0,,0.0
class_size,2024,01620000,Lunenburg,District,CH74 - Information Technology Services,0,0.0,0,0.0,0.0,0.0,0.0,0.0,0.0,0.0,0.0,0.0,0.0,0.0,,0.0
class_size,2024,01620000,Lunenburg,District,CH74 - Transportation,0,0.0,0,0.0,0.0,0.0,0.0,0.0,0.0,0.0,0.0,0.0,0.0,0.0,,0.0
class_size,2024,01620000,Lunenburg,District,"CH74 - Manufacturing, Engineering and Technology",0,0.0,0,0.0,0.0,0.0,0.0,0.0,0.0,0.0,0.0,0.0,0.0,0.0,,0.0
class_size,2024,01620000,Lunenburg,District,Architecture and Construction,0,0.0,0,0.0,0.0,0.0,0.0,0.0,0.0,0.0,0.0,0.0,0.0,0.0,,0.0
class_size,2024,01620505,Lunenburg High,School,All,252,13.2,448,0.005,0.013,0.02,0.096,0.04,0.007,0.819,0.478,0.52,0.018,22.3,,0.103
class_size,2024,01620505,Lunenburg High,School,"Agriculture, Food and Natural Resources",2,11.5,14,0.071,0.0,0.0,0.143,0.0,0.0,0.786,0.571,0.429,0.0,21.4,,0.143
class_size,2024,01620505,Lunenburg High,School,Arts,24,17.7,281,0.007,0.011,0.018,0.075,0.039,0.011,0.84,0.495,0.502,0.0,20.3,,0.078
class_size,2024,01620505,Lunenburg High,School,Business and Marketing,2,10.5,19,0.053,0.0,0.0,0.105,0.053,0.0,0.79,0.368,0.632,0.0,31.6,,0.053
class_size,2024,01620505,Lunenburg High,School,Civics/Government,2,16.0,32,0.031,0.0,0.0,0.031,0.0,0.0,0.938,0.5,0.5,0.0,9.4,,0.0
class_size,2024,01620505,Lunenburg High,School,Communications and Audio/Visual Technology,2,24.0,48,0.021,0.021,0.021,0.042,0.0,0.0,0.896,0.438,0.563,0.042,25.0,,0.083
class_size,2024,01620505,Lunenburg High,School,Computer and Information Sciences,0,0.0,0,0.0,0.0,0.0,0.0,0.0,0.0,0.0,0.0,0.0,0.0,0.0,,0.0
class_size,2024,01620505,Lunenburg High,School,Core-All Subjects,0,0.0,0,0.0,0.0,0.0,0.0,0.0,0.0,0.0,0.0,0.0,0.0,0.0,,0.0
class_size,2024,01620505,Lunenburg High,School,Economics,2,27.0,54,0.0,0.019,0.0,0.019,0.074,0.0,0.889,0.407,0.574,0.0,20.4,,0.093
class_size,2024,01620505,Lunenburg High,School,Engineering and Technology,3,16.0,46,0.0,0.0,0.022,0.022,0.0,0.0,0.957,0.196,0.804,0.0,13.0,,0.087
class_size,2024,01620505,Lunenburg High,School,English/Language Arts,30,15.4,431,0.002,0.012,0.019,0.093,0.039,0.007,0.828,0.471,0.527,0.014,21.8,,0.104
class_size,2024,01620505,Lunenburg High,School,Foreign Language,25,11.7,292,0.0,0.014,0.021,0.096,0.048,0.01,0.812,0.517,0.483,0.014,21.2,,0.051
class_size,2024,01620505,Lunenburg High,School,Geography,0,0.0,0,0.0,0.0,0.0,0.0,0.0,0.0,0.0,0.0,0.0,0.0,0.0,,0.0
class_size,2024,01620505,Lunenburg High,School,Health Care Sciences,1,16.0,16,0.0,0.0,0.063,0.063,0.0,0.0,0.875,0.313,0.688,0.0,12.5,,0.0
class_size,2024,01620505,Lunenburg High,School,History,16,16.3,260,0.0,0.012,0.027,0.085,0.05,0.012,0.815,0.485,0.515,0.012,21.5,,0.092
class_size,2024,01620505,Lunenburg High,School,Hospitality and Tourism,0,0.0,0,0.0,0.0,0.0,0.0,0.0,0.0,0.0,0.0,0.0,0.0,0.0,,0.0
class_size,2024,01620505,Lunenburg High,School,Human Services,0,0.0,0,0.0,0.0,0.0,0.0,0.0,0.0,0.0,0.0,0.0,0.0,0.0,,0.0
class_size,2024,01620505,Lunenburg High,School,Manufacturing,0,0.0,0,0.0,0.0,0.0,0.0,0.0,0.0,0.0,0.0,0.0,0.0,0.0,,0.0
class_size,2024,01620505,Lunenburg High,School,Mathematics,31,14.5,434,0.005,0.012,0.018,0.095,0.042,0.007,0.823,0.472,0.525,0.016,21.9,,0.104
class_size,2024,01620505,Lunenburg High,School,Military Science,0,0.0,0,0.0,0.0,0.0,0.0,0.0,0.0,0.0,0.0,0.0,0.0,0.0,,0.0
class_size,2024,01620505,Lunenburg High,School,Miscellaneous,51,4.3,123,0.008,0.016,0.008,0.171,0.016,0.0,0.781,0.472,0.529,0.049,35.0,,0.366
class_size,2024,01620505,Lunenburg High,School,"Physical, Health, and Safety Education",28,17.6,326,0.006,0.012,0.028,0.098,0.049,0.009,0.798,0.494,0.503,0.015,23.3,,0.101
class_size,2024,01620505,Lunenburg High,School,"Public, Protective, and Government Service",0,0.0,0,0.0,0.0,0.0,0.0,0.0,0.0,0.0,0.0,0.0,0.0,0.0,,0.0
class_size,2024,01620505,Lunenburg High,School,Reading,1,5.0,5,0.0,0.0,0.0,0.2,0.0,0.0,0.8,0.4,0.6,0.0,40.0,,1.0
class_size,2024,01620505,Lunenburg High,School,Religious Education and Theology,0,0.0,0,0.0,0.0,0.0,0.0,0.0,0.0,0.0,0.0,0.0,0.0,0.0,,0.0
class_size,2024,01620505,Lunenburg High,School,Science,29,15.6,388,0.003,0.013,0.021,0.09,0.041,0.008,0.825,0.469,0.528,0.016,22.4,,0.098
class_size,2024,01620505,Lunenburg High,School,Social Studies/Social Sciences,3,8.3,25,0.08,0.0,0.0,0.04,0.12,0.0,0.76,0.4,0.6,0.0,12.0,,0.16
class_size,2024,01620505,Lunenburg High,School,"Transportation, Distribution and Logistics",0,0.0,0,0.0,0.0,0.0,0.0,0.0,0.0,0.0,0.0,0.0,0.0,0.0,,0.0
class_size,2024,01620505,Lunenburg High,School,CH74 - Agriculture and Natural Resources,0,0.0,0,0.0,0.0,0.0,0.0,0.0,0.0,0.0,0.0,0.0,0.0,0.0,,0.0
class_size,2024,01620505,Lunenburg High,School,CH74 - Arts and Communications Services,0,0.0,0,0.0,0.0,0.0,0.0,0.0,0.0,0.0,0.0,0.0,0.0,0.0,,0.0
class_size,2024,01620505,Lunenburg High,School,CH74 - Business and Consumer Services,0,0.0,0,0.0,0.0,0.0,0.0,0.0,0.0,0.0,0.0,0.0,0.0,0.0,,0.0
class_size,2024,01620505,Lunenburg High,School,CH74 - Construction,0,0.0,0,0.0,0.0,0.0,0.0,0.0,0.0,0.0,0.0,0.0,0.0,0.0,,0.0
class_size,2024,01620505,Lunenburg High,School,CH74 - Exploratory,0,0.0,0,0.0,0.0,0.0,0.0,0.0,0.0,0.0,0.0,0.0,0.0,0.0,,0.0
class_size,2024,01620505,Lunenburg High,School,CH74 - Health,0,0.0,0,0.0,0.0,0.0,0.0,0.0,0.0,0.0,0.0,0.0,0.0,0.0,,0.0
class_size,2024,01620505,Lunenburg High,School,CH74 - Hospitality and Tourism,0,0.0,0,0.0,0.0,0.0,0.0,0.0,0.0,0.0,0.0,0.0,0.0,0.0,,0.0
class_size,2024,01620505,Lunenburg High,School,CH74 - Human Services and Education,0,0.0,0,0.0,0.0,0.0,0.0,0.0,0.0,0.0,0.0,0.0,0.0,0.0,,0.0
class_size,2024,01620505,Lunenburg High,School,CH74 - Information Technology Services,0,0.0,0,0.0,0.0,0.0,0.0,0.0,0.0,0.0,0.0,0.0,0.0,0.0,,0.0
class_size,2024,01620505,Lunenburg High,School,CH74 - Transportation,0,0.0,0,0.0,0.0,0.0,0.0,0.0,0.0,0.0,0.0,0.0,0.0,0.0,,0.0
class_size,2024,01620505,Lunenburg High,School,"CH74 - Manufacturing, Engineering and Technology",0,0.0,0,0.0,0.0,0.0,0.0,0.0,0.0,0.0,0.0,0.0,0.0,0.0,,0.0
class_size,2024,01620505,Lunenburg High,School,Architecture and Construction,0,0.0,0,0.0,0.0,0.0,0.0,0.0,0.0,0.0,0.0,0.0,0.0,0.0,,0.0
class_size,2024,01620305,Lunenburg Middle School,School,All,207,20.8,366,0.0,0.027,0.033,0.128,0.041,0.0,0.771,0.497,0.5,0.016,22.1,,0.167
class_size,2024,01620305,Lunenburg Middle School,School,"Agriculture, Food and Natural Resources",0,0.0,0,0.0,0.0,0.0,0.0,0.0,0.0,0.0,0.0,0.0,0.0,0.0,,0.0
class_size,2024,01620305,Lunenburg Middle School,School,Arts,40,20.6,362,0.0,0.028,0.033,0.127,0.041,0.0,0.771,0.497,0.503,0.017,21.6,,0.163
class_size,2024,01620305,Lunenburg Middle School,School,Business and Marketing,0,0.0,0,0.0,0.0,0.0,0.0,0.0,0.0,0.0,0.0,0.0,0.0,0.0,,0.0
class_size,2024,01620305,Lunenburg Middle School,School,Civics/Government,6,22.0,132,0.0,0.046,0.023,0.167,0.03,0.0,0.735,0.485,0.508,0.03,22.0,,0.174
class_size,2024,01620305,Lunenburg Middle School,School,Communications and Audio/Visual Technology,0,0.0,0,0.0,0.0,0.0,0.0,0.0,0.0,0.0,0.0,0.0,0.0,0.0,,0.0
class_size,2024,01620305,Lunenburg Middle School,School,Computer and Information Sciences,6,21.7,130,0.0,0.046,0.015,0.162,0.031,0.0,0.746,0.492,0.508,0.031,21.5,,0.169
class_size,2024,01620305,Lunenburg Middle School,School,Core-All Subjects,27,21.2,232,0.0,0.017,0.039,0.108,0.047,0.0,0.789,0.5,0.5,0.009,22.0,,0.16
class_size,2024,01620305,Lunenburg Middle School,School,Economics,0,0.0,0,0.0,0.0,0.0,0.0,0.0,0.0,0.0,0.0,0.0,0.0,0.0,,0.0
class_size,2024,01620305,Lunenburg Middle School,School,Engineering and Technology,0,0.0,0,0.0,0.0,0.0,0.0,0.0,0.0,0.0,0.0,0.0,0.0,0.0,,0.0
class_size,2024,01620305,Lunenburg Middle School,School,English/Language Arts,18,20.4,363,0.0,0.028,0.033,0.13,0.041,0.0,0.769,0.496,0.501,0.017,22.3,,0.16
class_size,2024,01620305,Lunenburg Middle School,School,Foreign Language,5,24.4,120,0.0,0.05,0.025,0.15,0.025,0.0,0.75,0.483,0.517,0.025,17.5,,0.1
class_size,2024,01620305,Lunenburg Middle School,School,Geography,0,0.0,0,0.0,0.0,0.0,0.0,0.0,0.0,0.0,0.0,0.0,0.0,0.0,,0.0
class_size,2024,01620305,Lunenburg Middle School,School,Health Care Sciences,0,0.0,0,0.0,0.0,0.0,0.0,0.0,0.0,0.0,0.0,0.0,0.0,0.0,,0.0
class_size,2024,01620305,Lunenburg Middle School,School,History,0,0.0,0,0.0,0.0,0.0,0.0,0.0,0.0,0.0,0.0,0.0,0.0,0.0,,0.0
class_size,2024,01620305,Lunenburg Middle School,School,Hospitality and Tourism,0,0.0,0,0.0,0.0,0.0,0.0,0.0,0.0,0.0,0.0,0.0,0.0,0.0,,0.0
class_size,2024,01620305,Lunenburg Middle School,School,Human Services,0,0.0,0,0.0,0.0,0.0,0.0,0.0,0.0,0.0,0.0,0.0,0.0,0.0,,0.0
class_size,2024,01620305,Lunenburg Middle School,School,Manufacturing,0,0.0,0,0.0,0.0,0.0,0.0,0.0,0.0,0.0,0.0,0.0,0.0,0.0,,0.0
class_size,2024,01620305,Lunenburg Middle School,School,Mathematics,19,19.5,363,0.0,0.028,0.033,0.13,0.041,0.0,0.769,0.496,0.501,0.017,22.0,,0.163
class_size,2024,01620305,Lunenburg Middle School,School,Military Science,0,0.0,0,0.0,0.0,0.0,0.0,0.0,0.0,0.0,0.0,0.0,0.0,0.0,,0.0
class_size,2024,01620305,Lunenburg Middle School,School,Miscellaneous,2,7.5,15,0.0,0.0,0.0,0.133,0.067,0.0,0.8,0.6,0.4,0.067,46.7,,0.933
class_size,2024,01620305,Lunenburg Middle School,School,"Physical, Health, and Safety Education",54,21.7,364,0.0,0.028,0.033,0.126,0.041,0.0,0.772,0.497,0.503,0.017,21.7,,0.165
class_size,2024,01620305,Lunenburg Middle School,School,"Public, Protective, and Government Service",0,0.0,0,0.0,0.0,0.0,0.0,0.0,0.0,0.0,0.0,0.0,0.0,0.0,,0.0
class_size,2024,01620305,Lunenburg Middle School,School,Reading,0,0.0,0,0.0,0.0,0.0,0.0,0.0,0.0,0.0,0.0,0.0,0.0,0.0,,0.0
class_size,2024,01620305,Lunenburg Middle School,School,Religious Education and Theology,0,0.0,0,0.0,0.0,0.0,0.0,0.0,0.0,0.0,0.0,0.0,0.0,0.0,,0.0
class_size,2024,01620305,Lunenburg Middle School,School,Science,18,20.4,362,0.0,0.028,0.033,0.13,0.041,0.0,0.768,0.495,0.503,0.017,22.1,,0.16
class_size,2024,01620305,Lunenburg Middle School,School,Social Studies/Social Sciences,12,19.8,232,0.0,0.017,0.039,0.108,0.047,0.0,0.789,0.504,0.496,0.009,22.4,,0.155
class_size,2024,01620305,Lunenburg Middle School,School,"Transportation, Distribution and Logistics",0,0.0,0,0.0,0.0,0.0,0.0,0.0,0.0,0.0,0.0,0.0,0.0,0.0,,0.0
class_size,2024,01620305,Lunenburg Middle School,School,CH74 - Agriculture and Natural Resources,0,0.0,0,0.0,0.0,0.0,0.0,0.0,0.0,0.0,0.0,0.0,0.0,0.0,,0.0
class_size,2024,01620305,Lunenburg Middle School,School,CH74 - Arts and Communications Services,0,0.0,0,0.0,0.0,0.0,0.0,0.0,0.0,0.0,0.0,0.0,0.0,0.0,,0.0
class_size,2024,01620305,Lunenburg Middle School,School,CH74 - Business and Consumer Services,0,0.0,0,0.0,0.0,0.0,0.0,0.0,0.0,0.0,0.0,0.0,0.0,0.0,,0.0
class_size,2024,01620305,Lunenburg Middle School,School,CH74 - Construction,0,0.0,0,0.0,0.0,0.0,0.0,0.0,0.0,0.0,0.0,0.0,0.0,0.0,,0.0
class_size,2024,01620305,Lunenburg Middle School,School,CH74 - Exploratory,0,0.0,0,0.0,0.0,0.0,0.0,0.0,0.0,0.0,0.0,0.0,0.0,0.0,,0.0
class_size,2024,01620305,Lunenburg Middle School,School,CH74 - Health,0,0.0,0,0.0,0.0,0.0,0.0,0.0,0.0,0.0,0.0,0.0,0.0,0.0,,0.0
class_size,2024,01620305,Lunenburg Middle School,School,CH74 - Hospitality and Tourism,0,0.0,0,0.0,0.0,0.0,0.0,0.0,0.0,0.0,0.0,0.0,0.0,0.0,,0.0
class_size,2024,01620305,Lunenburg Middle School,School,CH74 - Human Services and Education,0,0.0,0,0.0,0.0,0.0,0.0,0.0,0.0,0.0,0.0,0.0,0.0,0.0,,0.0
class_size,2024,01620305,Lunenburg Middle School,School,CH74 - Information Technology Services,0,0.0,0,0.0,0.0,0.0,0.0,0.0,0.0,0.0,0.0,0.0,0.0,0.0,,0.0
class_size,2024,01620305,Lunenburg Middle School,School,CH74 - Transportation,0,0.0,0,0.0,0.0,0.0,0.0,0.0,0.0,0.0,0.0,0.0,0.0,0.0,,0.0
class_size,2024,01620305,Lunenburg Middle School,School,"CH74 - Manufacturing, Engineering and Technology",0,0.0,0,0.0,0.0,0.0,0.0,0.0,0.0,0.0,0.0,0.0,0.0,0.0,,0.0
class_size,2024,01620305,Lunenburg Middle School,School,Architecture and Construction,0,0.0,0,0.0,0.0,0.0,0.0,0.0,0.0,0.0,0.0,0.0,0.0,0.0,,0.0
class_size,2024,01620010,Lunenburg Primary School,School,All,187,20.0,404,0.0,0.007,0.047,0.139,0.047,0.005,0.755,0.485,0.515,0.069,28.7,,0.201
class_size,2024,01620010,Lunenburg Primary School,School,"Agriculture, Food and Natural Resources",0,0.0,0,0.0,0.0,0.0,0.0,0.0,0.0,0.0,0.0,0.0,0.0,0.0,,0.0
class_size,2024,01620010,Lunenburg Primary School,School,Arts,26,22.0,347,0.0,0.009,0.052,0.135,0.046,0.006,0.752,0.496,0.504,0.061,29.1,,0.156
class_size,2024,01620010,Lunenburg Primary School,School,Business and Marketing,0,0.0,0,0.0,0.0,0.0,0.0,0.0,0.0,0.0,0.0,0.0,0.0,0.0,,0.0
class_size,2024,01620010,Lunenburg Primary School,School,Civics/Government,0,0.0,0,0.0,0.0,0.0,0.0,0.0,0.0,0.0,0.0,0.0,0.0,0.0,,0.0
class_size,2024,01620010,Lunenburg Primary School,School,Communications and Audio/Visual Technology,0,0.0,0,0.0,0.0,0.0,0.0,0.0,0.0,0.0,0.0,0.0,0.0,0.0,,0.0
class_size,2024,01620010,Lunenburg Primary School,School,Computer and Information Sciences,16,21.6,346,0.0,0.009,0.049,0.136,0.046,0.006,0.754,0.497,0.503,0.061,29.2,,0.156
class_size,2024,01620010,Lunenburg Primary School,School,Core-All Subjects,6,9.5,57,0.0,0.0,0.018,0.158,0.053,0.0,0.772,0.421,0.579,0.123,26.3,,0.474
class_size,2024,01620010,Lunenburg Primary School,School,Economics,0,0.0,0,0.0,0.0,0.0,0.0,0.0,0.0,0.0,0.0,0.0,0.0,0.0,,0.0
class_size,2024,01620010,Lunenburg Primary School,School,Engineering and Technology,0,0.0,0,0.0,0.0,0.0,0.0,0.0,0.0,0.0,0.0,0.0,0.0,0.0,,0.0
class_size,2024,01620010,Lunenburg Primary School,School,English/Language Arts,20,17.9,347,0.0,0.009,0.052,0.135,0.046,0.006,0.752,0.496,0.504,0.061,29.1,,0.156
class_size,2024,01620010,Lunenburg Primary School,School,Foreign Language,0,0.0,0,0.0,0.0,0.0,0.0,0.0,0.0,0.0,0.0,0.0,0.0,0.0,,0.0
class_size,2024,01620010,Lunenburg Primary School,School,Geography,0,0.0,0,0.0,0.0,0.0,0.0,0.0,0.0,0.0,0.0,0.0,0.0,0.0,,0.0
class_size,2024,01620010,Lunenburg Primary School,School,Health Care Sciences,0,0.0,0,0.0,0.0,0.0,0.0,0.0,0.0,0.0,0.0,0.0,0.0,0.0,,0.0
class_size,2024,01620010,Lunenburg Primary School,School,History,0,0.0,0,0.0,0.0,0.0,0.0,0.0,0.0,0.0,0.0,0.0,0.0,0.0,,0.0
class_size,2024,01620010,Lunenburg Primary School,School,Hospitality and Tourism,0,0.0,0,0.0,0.0,0.0,0.0,0.0,0.0,0.0,0.0,0.0,0.0,0.0,,0.0
class_size,2024,01620010,Lunenburg Primary School,School,Human Services,16,21.7,347,0.0,0.009,0.052,0.135,0.046,0.006,0.752,0.496,0.504,0.061,29.1,,0.156
class_size,2024,01620010,Lunenburg Primary School,School,Manufacturing,0,0.0,0,0.0,0.0,0.0,0.0,0.0,0.0,0.0,0.0,0.0,0.0,0.0,,0.0
class_size,2024,01620010,Lunenburg Primary School,School,Mathematics,18,19.3,347,0.0,0.009,0.052,0.135,0.046,0.006,0.752,0.496,0.504,0.061,29.1,,0.156
class_size,2024,01620010,Lunenburg Primary School,School,Military Science,0,0.0,0,0.0,0.0,0.0,0.0,0.0,0.0,0.0,0.0,0.0,0.0,0.0,,0.0
class_size,2024,01620010,Lunenburg Primary School,School,Miscellaneous,2,6.0,12,0.0,0.0,0.083,0.417,0.167,0.0,0.333,0.417,0.583,0.167,83.3,,1.0
class_size,2024,01620010,Lunenburg Primary School,School,"Physical, Health, and Safety Education",16,21.7,347,0.0,0.009,0.052,0.135,0.046,0.006,0.752,0.496,0.504,0.061,29.1,,0.156
class_size,2024,01620010,Lunenburg Primary School,School,"Public, Protective, and Government Service",0,0.0,0,0.0,0.0,0.0,0.0,0.0,0.0,0.0,0.0,0.0,0.0,0.0,,0.0
class_size,2024,01620010,Lunenburg Primary School,School,Reading,16,21.1,337,0.0,0.009,0.05,0.131,0.042,0.006,0.763,0.502,0.499,0.059,27.6,,0.131
class_size,2024,01620010,Lunenburg Primary School,School,Religious Education and Theology,0,0.0,0,0.0,0.0,0.0,0.0,0.0,0.0,0.0,0.0,0.0,0.0,0.0,,0.0
class_size,2024,01620010,Lunenburg Primary School,School,Science,33,20.5,347,0.0,0.009,0.052,0.135,0.046,0.006,0.752,0.496,0.504,0.061,29.1,,0.156
class_size,2024,01620010,Lunenburg Primary School,School,Social Studies/Social Sciences,18,19.3,347,0.0,0.009,0.052,0.135,0.046,0.006,0.752,0.496,0.504,0.061,29.1,,0.156
class_size,2024,01620010,Lunenburg Primary School,School,"Transportation, Distribution and Logistics",0,0.0,0,0.0,0.0,0.0,0.0,0.0,0.0,0.0,0.0,0.0,0.0,0.0,,0.0
class_size,2024,01620010,Lunenburg Primary School,School,CH74 - Agriculture and Natural Resources,0,0.0,0,0.0,0.0,0.0,0.0,0.0,0.0,0.0,0.0,0.0,0.0,0.0,,0.0
class_size,2024,01620010,Lunenburg Primary School,School,CH74 - Arts and Communications Services,0,0.0,0,0.0,0.0,0.0,0.0,0.0,0.0,0.0,0.0,0.0,0.0,0.0,,0.0
class_size,2024,01620010,Lunenburg Primary School,School,CH74 - Business and Consumer Services,0,0.0,0,0.0,0.0,0.0,0.0,0.0,0.0,0.0,0.0,0.0,0.0,0.0,,0.0
class_size,2024,01620010,Lunenburg Primary School,School,CH74 - Construction,0,0.0,0,0.0,0.0,0.0,0.0,0.0,0.0,0.0,0.0,0.0,0.0,0.0,,0.0
class_size,2024,01620010,Lunenburg Primary School,School,CH74 - Exploratory,0,0.0,0,0.0,0.0,0.0,0.0,0.0,0.0,0.0,0.0,0.0,0.0,0.0,,0.0
class_size,2024,01620010,Lunenburg Primary School,School,CH74 - Health,0,0.0,0,0.0,0.0,0.0,0.0,0.0,0.0,0.0,0.0,0.0,0.0,0.0,,0.0
class_size,2024,01620010,Lunenburg Primary School,School,CH74 - Hospitality and Tourism,0,0.0,0,0.0,0.0,0.0,0.0,0.0,0.0,0.0,0.0,0.0,0.0,0.0,,0.0
class_size,2024,01620010,Lunenburg Primary School,School,CH74 - Human Services and Education,0,0.0,0,0.0,0.0,0.0,0.0,0.0,0.0,0.0,0.0,0.0,0.0,0.0,,0.0
class_size,2024,01620010,Lunenburg Primary School,School,CH74 - Information Technology Services,0,0.0,0,0.0,0.0,0.0,0.0,0.0,0.0,0.0,0.0,0.0,0.0,0.0,,0.0
class_size,2024,01620010,Lunenburg Primary School,School,CH74 - Transportation,0,0.0,0,0.0,0.0,0.0,0.0,0.0,0.0,0.0,0.0,0.0,0.0,0.0,,0.0
class_size,2024,01620010,Lunenburg Primary School,School,"CH74 - Manufacturing, Engineering and Technology",0,0.0,0,0.0,0.0,0.0,0.0,0.0,0.0,0.0,0.0,0.0,0.0,0.0,,0.0
class_size,2024,01620010,Lunenburg Primary School,School,Architecture and Construction,0,0.0,0,0.0,0.0,0.0,0.0,0.0,0.0,0.0,0.0,0.0,0.0,0.0,,0.0
class_size,2024,01620025,Turkey Hill Elementary School,School,All,184,22.1,365,0.0,0.006,0.038,0.08,0.022,0.003,0.852,0.499,0.501,0.027,23.3,,0.164
class_size,2024,01620025,Turkey Hill Elementary School,School,"Agriculture, Food and Natural Resources",0,0.0,0,0.0,0.0,0.0,0.0,0.0,0.0,0.0,0.0,0.0,0.0,0.0,,0.0
class_size,2024,01620025,Turkey Hill Elementary School,School,Arts,32,22.8,365,0.0,0.006,0.038,0.08,0.022,0.003,0.852,0.499,0.501,0.027,23.3,,0.164
class_size,2024,01620025,Turkey Hill Elementary School,School,Business and Marketing,0,0.0,0,0.0,0.0,0.0,0.0,0.0,0.0,0.0,0.0,0.0,0.0,0.0,,0.0
class_size,2024,01620025,Turkey Hill Elementary School,School,Civics/Government,0,0.0,0,0.0,0.0,0.0,0.0,0.0,0.0,0.0,0.0,0.0,0.0,0.0,,0.0
class_size,2024,01620025,Turkey Hill Elementary School,School,Communications and Audio/Visual Technology,0,0.0,0,0.0,0.0,0.0,0.0,0.0,0.0,0.0,0.0,0.0,0.0,0.0,,0.0
class_size,2024,01620025,Turkey Hill Elementary School,School,Computer and Information Sciences,0,0.0,0,0.0,0.0,0.0,0.0,0.0,0.0,0.0,0.0,0.0,0.0,0.0,,0.0
class_size,2024,01620025,Turkey Hill Elementary School,School,Core-All Subjects,57,22.7,365,0.0,0.006,0.038,0.08,0.022,0.003,0.852,0.499,0.501,0.027,23.3,,0.164
class_size,2024,01620025,Turkey Hill Elementary School,School,Economics,0,0.0,0,0.0,0.0,0.0,0.0,0.0,0.0,0.0,0.0,0.0,0.0,0.0,,0.0
class_size,2024,01620025,Turkey Hill Elementary School,School,Engineering and Technology,0,0.0,0,0.0,0.0,0.0,0.0,0.0,0.0,0.0,0.0,0.0,0.0,0.0,,0.0
class_size,2024,01620025,Turkey Hill Elementary School,School,English/Language Arts,18,20.6,364,0.0,0.006,0.039,0.08,0.022,0.003,0.852,0.5,0.5,0.028,23.1,,0.162
class_size,2024,01620025,Turkey Hill Elementary School,School,Foreign Language,0,0.0,0,0.0,0.0,0.0,0.0,0.0,0.0,0.0,0.0,0.0,0.0,0.0,,0.0
class_size,2024,01620025,Turkey Hill Elementary School,School,Geography,0,0.0,0,0.0,0.0,0.0,0.0,0.0,0.0,0.0,0.0,0.0,0.0,0.0,,0.0
class_size,2024,01620025,Turkey Hill Elementary School,School,Health Care Sciences,0,0.0,0,0.0,0.0,0.0,0.0,0.0,0.0,0.0,0.0,0.0,0.0,0.0,,0.0
class_size,2024,01620025,Turkey Hill Elementary School,School,History,0,0.0,0,0.0,0.0,0.0,0.0,0.0,0.0,0.0,0.0,0.0,0.0,0.0,,0.0
class_size,2024,01620025,Turkey Hill Elementary School,School,Hospitality and Tourism,0,0.0,0,0.0,0.0,0.0,0.0,0.0,0.0,0.0,0.0,0.0,0.0,0.0,,0.0
class_size,2024,01620025,Turkey Hill Elementary School,School,Human Services,0,0.0,0,0.0,0.0,0.0,0.0,0.0,0.0,0.0,0.0,0.0,0.0,0.0,,0.0
class_size,2024,01620025,Turkey Hill Elementary School,School,Manufacturing,0,0.0,0,0.0,0.0,0.0,0.0,0.0,0.0,0.0,0.0,0.0,0.0,0.0,,0.0
class_size,2024,01620025,Turkey Hill Elementary School,School,Mathematics,17,21.4,364,0.0,0.006,0.039,0.08,0.022,0.003,0.852,0.5,0.5,0.028,23.1,,0.162
class_size,2024,01620025,Turkey Hill Elementary School,School,Military Science,0,0.0,0,0.0,0.0,0.0,0.0,0.0,0.0,0.0,0.0,0.0,0.0,0.0,,0.0
class_size,2024,01620025,Turkey Hill Elementary School,School,Miscellaneous,0,0.0,0,0.0,0.0,0.0,0.0,0.0,0.0,0.0,0.0,0.0,0.0,0.0,,0.0
class_size,2024,01620025,Turkey Hill Elementary School,School,"Physical, Health, and Safety Education",16,22.8,365,0.0,0.006,0.038,0.08,0.022,0.003,0.852,0.499,0.501,0.027,23.3,,0.164
class_size,2024,01620025,Turkey Hill Elementary School,School,"Public, Protective, and Government Service",0,0.0,0,0.0,0.0,0.0,0.0,0.0,0.0,0.0,0.0,0.0,0.0,0.0,,0.0
class_size,2024,01620025,Turkey Hill Elementary School,School,Reading,10,21.8,218,0.0,0.005,0.023,0.092,0.028,0.0,0.853,0.482,0.518,0.023,22.5,,0.128
class_size,2024,01620025,Turkey Hill Elementary School,School,Religious Education and Theology,0,0.0,0,0.0,0.0,0.0,0.0,0.0,0.0,0.0,0.0,0.0,0.0,0.0,,0.0
class_size,2024,01620025,Turkey Hill Elementary School,School,Science,17,21.4,364,0.0,0.006,0.039,0.08,0.022,0.003,0.852,0.5,0.5,0.028,23.1,,0.162
class_size,2024,01620025,Turkey Hill Elementary School,School,Social Studies/Social Sciences,17,21.5,364,0.0,0.006,0.039,0.08,0.022,0.003,0.852,0.5,0.5,0.028,23.1,,0.162
class_size,2024,01620025,Turkey Hill Elementary School,School,"Transportation, Distribution and Logistics",0,0.0,0,0.0,0.0,0.0,0.0,0.0,0.0,0.0,0.0,0.0,0.0,0.0,,0.0
class_size,2024,01620025,Turkey Hill Elementary School,School,CH74 - Agriculture and Natural Resources,0,0.0,0,0.0,0.0,0.0,0.0,0.0,0.0,0.0,0.0,0.0,0.0,0.0,,0.0
class_size,2024,01620025,Turkey Hill Elementary School,School,CH74 - Arts and Communications Services,0,0.0,0,0.0,0.0,0.0,0.0,0.0,0.0,0.0,0.0,0.0,0.0,0.0,,0.0
class_size,2024,01620025,Turkey Hill Elementary School,School,CH74 - Business and Consumer Services,0,0.0,0,0.0,0.0,0.0,0.0,0.0,0.0,0.0,0.0,0.0,0.0,0.0,,0.0
class_size,2024,01620025,Turkey Hill Elementary School,School,CH74 - Construction,0,0.0,0,0.0,0.0,0.0,0.0,0.0,0.0,0.0,0.0,0.0,0.0,0.0,,0.0
class_size,2024,01620025,Turkey Hill Elementary School,School,CH74 - Exploratory,0,0.0,0,0.0,0.0,0.0,0.0,0.0,0.0,0.0,0.0,0.0,0.0,0.0,,0.0
class_size,2024,01620025,Turkey Hill Elementary School,School,CH74 - Health,0,0.0,0,0.0,0.0,0.0,0.0,0.0,0.0,0.0,0.0,0.0,0.0,0.0,,0.0
class_size,2024,01620025,Turkey Hill Elementary School,School,CH74 - Hospitality and Tourism,0,0.0,0,0.0,0.0,0.0,0.0,0.0,0.0,0.0,0.0,0.0,0.0,0.0,,0.0
class_size,2024,01620025,Turkey Hill Elementary School,School,CH74 - Human Services and Education,0,0.0,0,0.0,0.0,0.0,0.0,0.0,0.0,0.0,0.0,0.0,0.0,0.0,,0.0
class_size,2024,01620025,Turkey Hill Elementary School,School,CH74 - Information Technology Services,0,0.0,0,0.0,0.0,0.0,0.0,0.0,0.0,0.0,0.0,0.0,0.0,0.0,,0.0
class_size,2024,01620025,Turkey Hill Elementary School,School,CH74 - Transportation,0,0.0,0,0.0,0.0,0.0,0.0,0.0,0.0,0.0,0.0,0.0,0.0,0.0,,0.0
class_size,2024,01620025,Turkey Hill Elementary School,School,"CH74 - Manufacturing, Engineering and Technology",0,0.0,0,0.0,0.0,0.0,0.0,0.0,0.0,0.0,0.0,0.0,0.0,0.0,,0.0
class_size,2024,01620025,Turkey Hill Elementary School,School,Architecture and Construction,0,0.0,0,0.0,0.0,0.0,0.0,0.0,0.0,0.0,0.0,0.0,0.0,0.0,,0.0
class_size,2023,01620605,Advanced Community Experience Program,School,All,1,6.0,6,0.0,0.0,0.0,0.167,0.0,0.0,0.833,0.5,0.5,0.0,66.7,,1.0
class_size,2023,01620605,Advanced Community Experience Program,School,"Agriculture, Food and Natural Resources",0,0.0,0,0.0,0.0,0.0,0.0,0.0,0.0,0.0,0.0,0.0,0.0,0.0,,0.0
class_size,2023,01620605,Advanced Community Experience Program,School,Arts,0,0.0,0,0.0,0.0,0.0,0.0,0.0,0.0,0.0,0.0,0.0,0.0,0.0,,0.0
class_size,2023,01620605,Advanced Community Experience Program,School,Business and Marketing,0,0.0,0,0.0,0.0,0.0,0.0,0.0,0.0,0.0,0.0,0.0,0.0,0.0,,0.0
class_size,2023,01620605,Advanced Community Experience Program,School,Civics/Government,0,0.0,0,0.0,0.0,0.0,0.0,0.0,0.0,0.0,0.0,0.0,0.0,0.0,,0.0
class_size,2023,01620605,Advanced Community Experience Program,School,Communications and Audio/Visual Technology,0,0.0,0,0.0,0.0,0.0,0.0,0.0,0.0,0.0,0.0,0.0,0.0,0.0,,0.0
class_size,2023,01620605,Advanced Community Experience Program,School,Computer and Information Sciences,0,0.0,0,0.0,0.0,0.0,0.0,0.0,0.0,0.0,0.0,0.0,0.0,0.0,,0.0
class_size,2023,01620605,Advanced Community Experience Program,School,Core-All Subjects,0,0.0,0,0.0,0.0,0.0,0.0,0.0,0.0,0.0,0.0,0.0,0.0,0.0,,0.0
class_size,2023,01620605,Advanced Community Experience Program,School,Economics,0,0.0,0,0.0,0.0,0.0,0.0,0.0,0.0,0.0,0.0,0.0,0.0,0.0,,0.0
class_size,2023,01620605,Advanced Community Experience Program,School,Engineering and Technology,0,0.0,0,0.0,0.0,0.0,0.0,0.0,0.0,0.0,0.0,0.0,0.0,0.0,,0.0
class_size,2023,01620605,Advanced Community Experience Program,School,English/Language Arts,0,0.0,0,0.0,0.0,0.0,0.0,0.0,0.0,0.0,0.0,0.0,0.0,0.0,,0.0
class_size,2023,01620605,Advanced Community Experience Program,School,Foreign Language,0,0.0,0,0.0,0.0,0.0,0.0,0.0,0.0,0.0,0.0,0.0,0.0,0.0,,0.0
class_size,2023,01620605,Advanced Community Experience Program,School,Geography,0,0.0,0,0.0,0.0,0.0,0.0,0.0,0.0,0.0,0.0,0.0,0.0,0.0,,0.0
class_size,2023,01620605,Advanced Community Experience Program,School,Health Care Sciences,0,0.0,0,0.0,0.0,0.0,0.0,0.0,0.0,0.0,0.0,0.0,0.0,0.0,,0.0
class_size,2023,01620605,Advanced Community Experience Program,School,History,0,0.0,0,0.0,0.0,0.0,0.0,0.0,0.0,0.0,0.0,0.0,0.0,0.0,,0.0
class_size,2023,01620605,Advanced Community Experience Program,School,Hospitality and Tourism,0,0.0,0,0.0,0.0,0.0,0.0,0.0,0.0,0.0,0.0,0.0,0.0,0.0,,0.0
class_size,2023,01620605,Advanced Community Experience Program,School,Human Services,0,0.0,0,0.0,0.0,0.0,0.0,0.0,0.0,0.0,0.0,0.0,0.0,0.0,,0.0
class_size,2023,01620605,Advanced Community Experience Program,School,Manufacturing,0,0.0,0,0.0,0.0,0.0,0.0,0.0,0.0,0.0,0.0,0.0,0.0,0.0,,0.0
class_size,2023,01620605,Advanced Community Experience Program,School,Mathematics,0,0.0,0,0.0,0.0,0.0,0.0,0.0,0.0,0.0,0.0,0.0,0.0,0.0,,0.0
class_size,2023,01620605,Advanced Community Experience Program,School,Military Science,0,0.0,0,0.0,0.0,0.0,0.0,0.0,0.0,0.0,0.0,0.0,0.0,0.0,,0.0
class_size,2023,01620605,Advanced Community Experience Program,School,Miscellaneous,1,6.0,6,0.0,0.0,0.0,0.167,0.0,0.0,0.833,0.5,0.5,0.0,66.7,,1.0
class_size,2023,01620605,Advanced Community Experience Program,School,"Physical, Health, and Safety Education",0,0.0,0,0.0,0.0,0.0,0.0,0.0,0.0,0.0,0.0,0.0,0.0,0.0,,0.0
class_size,2023,01620605,Advanced Community Experience Program,School,"Public, Protective, and Government Service",0,0.0,0,0.0,0.0,0.0,0.0,0.0,0.0,0.0,0.0,0.0,0.0,0.0,,0.0
class_size,2023,01620605,Advanced Community Experience Program,School,Reading,0,0.0,0,0.0,0.0,0.0,0.0,0.0,0.0,0.0,0.0,0.0,0.0,0.0,,0.0
class_size,2023,01620605,Advanced Community Experience Program,School,Religious Education and Theology,0,0.0,0,0.0,0.0,0.0,0.0,0.0,0.0,0.0,0.0,0.0,0.0,0.0,,0.0
class_size,2023,01620605,Advanced Community Experience Program,School,Science,0,0.0,0,0.0,0.0,0.0,0.0,0.0,0.0,0.0,0.0,0.0,0.0,0.0,,0.0
class_size,2023,01620605,Advanced Community Experience Program,School,Social Studies/Social Sciences,0,0.0,0,0.0,0.0,0.0,0.0,0.0,0.0,0.0,0.0,0.0,0.0,0.0,,0.0
class_size,2023,01620605,Advanced Community Experience Program,School,"Transportation, Distribution and Logistics",0,0.0,0,0.0,0.0,0.0,0.0,0.0,0.0,0.0,0.0,0.0,0.0,0.0,,0.0
class_size,2023,01620605,Advanced Community Experience Program,School,CH74 - Agriculture and Natural Resources,0,0.0,0,0.0,0.0,0.0,0.0,0.0,0.0,0.0,0.0,0.0,0.0,0.0,,0.0
class_size,2023,01620605,Advanced Community Experience Program,School,CH74 - Arts and Communications Services,0,0.0,0,0.0,0.0,0.0,0.0,0.0,0.0,0.0,0.0,0.0,0.0,0.0,,0.0
class_size,2023,01620605,Advanced Community Experience Program,School,CH74 - Business and Consumer Services,0,0.0,0,0.0,0.0,0.0,0.0,0.0,0.0,0.0,0.0,0.0,0.0,0.0,,0.0
class_size,2023,01620605,Advanced Community Experience Program,School,CH74 - Construction,0,0.0,0,0.0,0.0,0.0,0.0,0.0,0.0,0.0,0.0,0.0,0.0,0.0,,0.0
class_size,2023,01620605,Advanced Community Experience Program,School,CH74 - Exploratory,0,0.0,0,0.0,0.0,0.0,0.0,0.0,0.0,0.0,0.0,0.0,0.0,0.0,,0.0
class_size,2023,01620605,Advanced Community Experience Program,School,CH74 - Health,0,0.0,0,0.0,0.0,0.0,0.0,0.0,0.0,0.0,0.0,0.0,0.0,0.0,,0.0
class_size,2023,01620605,Advanced Community Experience Program,School,CH74 - Hospitality and Tourism,0,0.0,0,0.0,0.0,0.0,0.0,0.0,0.0,0.0,0.0,0.0,0.0,0.0,,0.0
class_size,2023,01620605,Advanced Community Experience Program,School,CH74 - Human Services and Education,0,0.0,0,0.0,0.0,0.0,0.0,0.0,0.0,0.0,0.0,0.0,0.0,0.0,,0.0
class_size,2023,01620605,Advanced Community Experience Program,School,CH74 - Information Technology Services,0,0.0,0,0.0,0.0,0.0,0.0,0.0,0.0,0.0,0.0,0.0,0.0,0.0,,0.0
class_size,2023,01620605,Advanced Community Experience Program,School,CH74 - Transportation,0,0.0,0,0.0,0.0,0.0,0.0,0.0,0.0,0.0,0.0,0.0,0.0,0.0,,0.0
class_size,2023,01620605,Advanced Community Experience Program,School,"CH74 - Manufacturing, Engineering and Technology",0,0.0,0,0.0,0.0,0.0,0.0,0.0,0.0,0.0,0.0,0.0,0.0,0.0,,0.0
class_size,2023,01620605,Advanced Community Experience Program,School,Architecture and Construction,0,0.0,0,0.0,0.0,0.0,0.0,0.0,0.0,0.0,0.0,0.0,0.0,0.0,,0.0
class_size,2023,01620000,Lunenburg,District,All,897,19.5,1590,0.001,0.015,0.025,0.106,0.037,0.004,0.813,0.492,0.507,0.023,24.6,,0.154
class_size,2023,01620000,Lunenburg,District,"Agriculture, Food and Natural Resources",2,11.0,14,0.071,0.0,0.0,0.143,0.0,0.0,0.786,0.286,0.714,0.0,21.4,,0.071
class_size,2023,01620000,Lunenburg,District,Arts,156,21.4,1338,0.001,0.014,0.028,0.108,0.035,0.005,0.81,0.494,0.505,0.022,24.0,,0.144
class_size,2023,01620000,Lunenburg,District,Business and Marketing,1,21.0,21,0.0,0.048,0.0,0.191,0.048,0.0,0.714,0.333,0.667,0.0,19.1,,0.0
class_size,2023,01620000,Lunenburg,District,Civics/Government,9,19.7,175,0.0,0.006,0.006,0.091,0.08,0.006,0.811,0.48,0.52,0.0,19.4,,0.109
class_size,2023,01620000,Lunenburg,District,Communications and Audio/Visual Technology,2,18.5,37,0.0,0.0,0.0,0.054,0.0,0.0,0.946,0.676,0.297,0.0,27.0,,0.162
class_size,2023,01620000,Lunenburg,District,Computer and Information Sciences,7,19.6,137,0.0,0.0,0.007,0.095,0.073,0.007,0.818,0.482,0.518,0.0,17.5,,0.139
class_size,2023,01620000,Lunenburg,District,Core-All Subjects,130,21.8,665,0.0,0.017,0.033,0.11,0.026,0.002,0.814,0.493,0.505,0.023,25.4,,0.196
class_size,2023,01620000,Lunenburg,District,Economics,2,25.0,50,0.02,0.02,0.0,0.1,0.02,0.0,0.84,0.38,0.62,0.0,16.0,,0.06
class_size,2023,01620000,Lunenburg,District,Engineering and Technology,2,22.5,42,0.0,0.0,0.0,0.095,0.024,0.0,0.881,0.238,0.762,0.0,9.5,,0.048
class_size,2023,01620000,Lunenburg,District,English/Language Arts,77,19.8,1510,0.001,0.015,0.025,0.107,0.038,0.005,0.809,0.497,0.502,0.021,24.3,,0.137
class_size,2023,01620000,Lunenburg,District,Foreign Language,37,14.0,513,0.002,0.025,0.014,0.103,0.043,0.006,0.807,0.493,0.505,0.01,20.3,,0.096
class_size,2023,01620000,Lunenburg,District,Geography,0,0.0,0,0.0,0.0,0.0,0.0,0.0,0.0,0.0,0.0,0.0,0.0,0.0,,0.0
class_size,2023,01620000,Lunenburg,District,Health Care Sciences,1,10.0,10,0.0,0.0,0.0,0.0,0.0,0.0,1.0,0.4,0.6,0.0,10.0,,0.0
class_size,2023,01620000,Lunenburg,District,History,16,18.3,284,0.004,0.018,0.007,0.088,0.032,0.007,0.845,0.458,0.539,0.018,22.2,,0.078
class_size,2023,01620000,Lunenburg,District,Hospitality and Tourism,0,0.0,0,0.0,0.0,0.0,0.0,0.0,0.0,0.0,0.0,0.0,0.0,0.0,,0.0
class_size,2023,01620000,Lunenburg,District,Human Services,16,21.0,334,0.0,0.009,0.036,0.114,0.048,0.006,0.787,0.512,0.488,0.042,26.7,,0.12
class_size,2023,01620000,Lunenburg,District,Manufacturing,0,0.0,0,0.0,0.0,0.0,0.0,0.0,0.0,0.0,0.0,0.0,0.0,0.0,,0.0
class_size,2023,01620000,Lunenburg,District,Mathematics,83,18.7,1518,0.001,0.015,0.026,0.107,0.038,0.005,0.809,0.493,0.505,0.021,24.0,,0.134
class_size,2023,01620000,Lunenburg,District,Military Science,0,0.0,0,0.0,0.0,0.0,0.0,0.0,0.0,0.0,0.0,0.0,0.0,0.0,,0.0
class_size,2023,01620000,Lunenburg,District,Miscellaneous,58,4.0,138,0.007,0.007,0.015,0.167,0.029,0.007,0.768,0.457,0.544,0.044,41.3,,0.457
class_size,2023,01620000,Lunenburg,District,"Physical, Health, and Safety Education",131,21.7,1430,0.001,0.014,0.027,0.106,0.038,0.004,0.811,0.498,0.501,0.02,24.5,,0.14
class_size,2023,01620000,Lunenburg,District,"Public, Protective, and Government Service",0,0.0,0,0.0,0.0,0.0,0.0,0.0,0.0,0.0,0.0,0.0,0.0,0.0,,0.0
class_size,2023,01620000,Lunenburg,District,Reading,27,21.7,586,0.0,0.007,0.036,0.102,0.036,0.005,0.814,0.507,0.493,0.036,27.3,,0.14
class_size,2023,01620000,Lunenburg,District,Religious Education and Theology,0,0.0,0,0.0,0.0,0.0,0.0,0.0,0.0,0.0,0.0,0.0,0.0,0.0,,0.0
class_size,2023,01620000,Lunenburg,District,Science,93,20.3,1488,0.001,0.015,0.026,0.105,0.038,0.005,0.81,0.498,0.501,0.021,24.3,,0.134
class_size,2023,01620000,Lunenburg,District,Social Studies/Social Sciences,47,21.6,1012,0.0,0.014,0.035,0.111,0.035,0.004,0.802,0.508,0.491,0.027,24.9,,0.147
class_size,2023,01620000,Lunenburg,District,"Transportation, Distribution and Logistics",0,0.0,0,0.0,0.0,0.0,0.0,0.0,0.0,0.0,0.0,0.0,0.0,0.0,,0.0
class_size,2023,01620000,Lunenburg,District,CH74 - Agriculture and Natural Resources,0,0.0,0,0.0,0.0,0.0,0.0,0.0,0.0,0.0,0.0,0.0,0.0,0.0,,0.0
class_size,2023,01620000,Lunenburg,District,CH74 - Arts and Communications Services,0,0.0,0,0.0,0.0,0.0,0.0,0.0,0.0,0.0,0.0,0.0,0.0,0.0,,0.0
class_size,2023,01620000,Lunenburg,District,CH74 - Business and Consumer Services,0,0.0,0,0.0,0.0,0.0,0.0,0.0,0.0,0.0,0.0,0.0,0.0,0.0,,0.0
class_size,2023,01620000,Lunenburg,District,CH74 - Construction,0,0.0,0,0.0,0.0,0.0,0.0,0.0,0.0,0.0,0.0,0.0,0.0,0.0,,0.0
class_size,2023,01620000,Lunenburg,District,CH74 - Exploratory,0,0.0,0,0.0,0.0,0.0,0.0,0.0,0.0,0.0,0.0,0.0,0.0,0.0,,0.0
class_size,2023,01620000,Lunenburg,District,CH74 - Health,0,0.0,0,0.0,0.0,0.0,0.0,0.0,0.0,0.0,0.0,0.0,0.0,0.0,,0.0
class_size,2023,01620000,Lunenburg,District,CH74 - Hospitality and Tourism,0,0.0,0,0.0,0.0,0.0,0.0,0.0,0.0,0.0,0.0,0.0,0.0,0.0,,0.0
class_size,2023,01620000,Lunenburg,District,CH74 - Human Services and Education,0,0.0,0,0.0,0.0,0.0,0.0,0.0,0.0,0.0,0.0,0.0,0.0,0.0,,0.0
class_size,2023,01620000,Lunenburg,District,CH74 - Information Technology Services,0,0.0,0,0.0,0.0,0.0,0.0,0.0,0.0,0.0,0.0,0.0,0.0,0.0,,0.0
class_size,2023,01620000,Lunenburg,District,CH74 - Transportation,0,0.0,0,0.0,0.0,0.0,0.0,0.0,0.0,0.0,0.0,0.0,0.0,0.0,,0.0
class_size,2023,01620000,Lunenburg,District,"CH74 - Manufacturing, Engineering and Technology",0,0.0,0,0.0,0.0,0.0,0.0,0.0,0.0,0.0,0.0,0.0,0.0,0.0,,0.0
class_size,2023,01620000,Lunenburg,District,Architecture and Construction,0,0.0,0,0.0,0.0,0.0,0.0,0.0,0.0,0.0,0.0,0.0,0.0,0.0,,0.0
class_size,2023,01620505,Lunenburg High,School,All,244,13.9,444,0.005,0.02,0.009,0.092,0.034,0.007,0.833,0.471,0.527,0.011,21.6,,0.099
class_size,2023,01620505,Lunenburg High,School,"Agriculture, Food and Natural Resources",2,11.0,14,0.071,0.0,0.0,0.143,0.0,0.0,0.786,0.286,0.714,0.0,21.4,,0.071
class_size,2023,01620505,Lunenburg High,School,Arts,21,17.4,247,0.004,0.016,0.012,0.093,0.02,0.008,0.846,0.453,0.543,0.012,18.6,,0.101
class_size,2023,01620505,Lunenburg High,School,Business and Marketing,1,21.0,21,0.0,0.048,0.0,0.191,0.048,0.0,0.714,0.333,0.667,0.0,19.1,,0.0
class_size,2023,01620505,Lunenburg High,School,Civics/Government,3,15.0,44,0.0,0.023,0.0,0.068,0.091,0.0,0.818,0.409,0.591,0.0,18.2,,0.023
class_size,2023,01620505,Lunenburg High,School,Communications and Audio/Visual Technology,2,18.5,37,0.0,0.0,0.0,0.054,0.0,0.0,0.946,0.676,0.297,0.0,27.0,,0.162
class_size,2023,01620505,Lunenburg High,School,Computer and Information Sciences,1,8.0,8,0.0,0.0,0.0,0.0,0.0,0.0,1.0,0.125,0.875,0.0,0.0,,0.0
class_size,2023,01620505,Lunenburg High,School,Core-All Subjects,0,0.0,0,0.0,0.0,0.0,0.0,0.0,0.0,0.0,0.0,0.0,0.0,0.0,,0.0
class_size,2023,01620505,Lunenburg High,School,Economics,2,25.0,50,0.02,0.02,0.0,0.1,0.02,0.0,0.84,0.38,0.62,0.0,16.0,,0.06
class_size,2023,01620505,Lunenburg High,School,Engineering and Technology,2,22.5,42,0.0,0.0,0.0,0.095,0.024,0.0,0.881,0.238,0.762,0.0,9.5,,0.048
class_size,2023,01620505,Lunenburg High,School,English/Language Arts,25,17.5,429,0.005,0.021,0.009,0.093,0.035,0.007,0.83,0.48,0.518,0.012,22.1,,0.103
class_size,2023,01620505,Lunenburg High,School,Foreign Language,26,10.8,277,0.004,0.025,0.011,0.076,0.036,0.007,0.841,0.495,0.502,0.011,20.2,,0.079
class_size,2023,01620505,Lunenburg High,School,Geography,0,0.0,0,0.0,0.0,0.0,0.0,0.0,0.0,0.0,0.0,0.0,0.0,0.0,,0.0
class_size,2023,01620505,Lunenburg High,School,Health Care Sciences,1,10.0,10,0.0,0.0,0.0,0.0,0.0,0.0,1.0,0.4,0.6,0.0,10.0,,0.0
class_size,2023,01620505,Lunenburg High,School,History,16,18.3,284,0.004,0.018,0.007,0.088,0.032,0.007,0.845,0.458,0.539,0.018,22.2,,0.078
class_size,2023,01620505,Lunenburg High,School,Hospitality and Tourism,0,0.0,0,0.0,0.0,0.0,0.0,0.0,0.0,0.0,0.0,0.0,0.0,0.0,,0.0
class_size,2023,01620505,Lunenburg High,School,Human Services,0,0.0,0,0.0,0.0,0.0,0.0,0.0,0.0,0.0,0.0,0.0,0.0,0.0,,0.0
class_size,2023,01620505,Lunenburg High,School,Manufacturing,0,0.0,0,0.0,0.0,0.0,0.0,0.0,0.0,0.0,0.0,0.0,0.0,0.0,,0.0
class_size,2023,01620505,Lunenburg High,School,Mathematics,31,15.3,443,0.005,0.02,0.009,0.093,0.034,0.007,0.833,0.47,0.528,0.011,21.7,,0.099
class_size,2023,01620505,Lunenburg High,School,Military Science,0,0.0,0,0.0,0.0,0.0,0.0,0.0,0.0,0.0,0.0,0.0,0.0,0.0,,0.0
class_size,2023,01620505,Lunenburg High,School,Miscellaneous,54,3.8,113,0.009,0.009,0.0,0.177,0.018,0.009,0.779,0.434,0.566,0.035,37.2,,0.372
class_size,2023,01620505,Lunenburg High,School,"Physical, Health, and Safety Education",27,20.5,351,0.003,0.017,0.011,0.097,0.034,0.006,0.832,0.484,0.516,0.009,23.1,,0.108
class_size,2023,01620505,Lunenburg High,School,"Public, Protective, and Government Service",0,0.0,0,0.0,0.0,0.0,0.0,0.0,0.0,0.0,0.0,0.0,0.0,0.0,,0.0
class_size,2023,01620505,Lunenburg High,School,Reading,0,0.0,0,0.0,0.0,0.0,0.0,0.0,0.0,0.0,0.0,0.0,0.0,0.0,,0.0
class_size,2023,01620505,Lunenburg High,School,Religious Education and Theology,0,0.0,0,0.0,0.0,0.0,0.0,0.0,0.0,0.0,0.0,0.0,0.0,0.0,,0.0
class_size,2023,01620505,Lunenburg High,School,Science,27,17.4,406,0.005,0.02,0.01,0.086,0.037,0.007,0.835,0.48,0.517,0.01,22.2,,0.086
class_size,2023,01620505,Lunenburg High,School,Social Studies/Social Sciences,3,21.3,63,0.0,0.0,0.016,0.064,0.048,0.016,0.857,0.556,0.444,0.0,12.7,,0.079
class_size,2023,01620505,Lunenburg High,School,"Transportation, Distribution and Logistics",0,0.0,0,0.0,0.0,0.0,0.0,0.0,0.0,0.0,0.0,0.0,0.0,0.0,,0.0
class_size,2023,01620505,Lunenburg High,School,CH74 - Agriculture and Natural Resources,0,0.0,0,0.0,0.0,0.0,0.0,0.0,0.0,0.0,0.0,0.0,0.0,0.0,,0.0
class_size,2023,01620505,Lunenburg High,School,CH74 - Arts and Communications Services,0,0.0,0,0.0,0.0,0.0,0.0,0.0,0.0,0.0,0.0,0.0,0.0,0.0,,0.0
class_size,2023,01620505,Lunenburg High,School,CH74 - Business and Consumer Services,0,0.0,0,0.0,0.0,0.0,0.0,0.0,0.0,0.0,0.0,0.0,0.0,0.0,,0.0
class_size,2023,01620505,Lunenburg High,School,CH74 - Construction,0,0.0,0,0.0,0.0,0.0,0.0,0.0,0.0,0.0,0.0,0.0,0.0,0.0,,0.0
class_size,2023,01620505,Lunenburg High,School,CH74 - Exploratory,0,0.0,0,0.0,0.0,0.0,0.0,0.0,0.0,0.0,0.0,0.0,0.0,0.0,,0.0
class_size,2023,01620505,Lunenburg High,School,CH74 - Health,0,0.0,0,0.0,0.0,0.0,0.0,0.0,0.0,0.0,0.0,0.0,0.0,0.0,,0.0
class_size,2023,01620505,Lunenburg High,School,CH74 - Hospitality and Tourism,0,0.0,0,0.0,0.0,0.0,0.0,0.0,0.0,0.0,0.0,0.0,0.0,0.0,,0.0
class_size,2023,01620505,Lunenburg High,School,CH74 - Human Services and Education,0,0.0,0,0.0,0.0,0.0,0.0,0.0,0.0,0.0,0.0,0.0,0.0,0.0,,0.0
class_size,2023,01620505,Lunenburg High,School,CH74 - Information Technology Services,0,0.0,0,0.0,0.0,0.0,0.0,0.0,0.0,0.0,0.0,0.0,0.0,0.0,,0.0
class_size,2023,01620505,Lunenburg High,School,CH74 - Transportation,0,0.0,0,0.0,0.0,0.0,0.0,0.0,0.0,0.0,0.0,0.0,0.0,0.0,,0.0
class_size,2023,01620505,Lunenburg High,School,"CH74 - Manufacturing, Engineering and Technology",0,0.0,0,0.0,0.0,0.0,0.0,0.0,0.0,0.0,0.0,0.0,0.0,0.0,,0.0
class_size,2023,01620505,Lunenburg High,School,Architecture and Construction,0,0.0,0,0.0,0.0,0.0,0.0,0.0,0.0,0.0,0.0,0.0,0.0,0.0,,0.0
class_size,2023,01620305,Lunenburg Middle School,School,All,213,21.8,387,0.0,0.021,0.028,0.121,0.049,0.003,0.778,0.491,0.507,0.01,22.5,,0.171
class_size,2023,01620305,Lunenburg Middle School,School,"Agriculture, Food and Natural Resources",0,0.0,0,0.0,0.0,0.0,0.0,0.0,0.0,0.0,0.0,0.0,0.0,0.0,,0.0
class_size,2023,01620305,Lunenburg Middle School,School,Arts,39,22.0,387,0.0,0.021,0.028,0.121,0.049,0.003,0.778,0.491,0.507,0.01,22.5,,0.171
class_size,2023,01620305,Lunenburg Middle School,School,Business and Marketing,0,0.0,0,0.0,0.0,0.0,0.0,0.0,0.0,0.0,0.0,0.0,0.0,0.0,,0.0
class_size,2023,01620305,Lunenburg Middle School,School,Civics/Government,6,22.0,131,0.0,0.0,0.008,0.099,0.076,0.008,0.809,0.504,0.496,0.0,19.9,,0.137
class_size,2023,01620305,Lunenburg Middle School,School,Communications and Audio/Visual Technology,0,0.0,0,0.0,0.0,0.0,0.0,0.0,0.0,0.0,0.0,0.0,0.0,0.0,,0.0
class_size,2023,01620305,Lunenburg Middle School,School,Computer and Information Sciences,6,21.5,129,0.0,0.0,0.008,0.101,0.078,0.008,0.806,0.504,0.496,0.0,18.6,,0.147
class_size,2023,01620305,Lunenburg Middle School,School,Core-All Subjects,28,22.3,254,0.0,0.032,0.039,0.134,0.035,0.0,0.76,0.484,0.512,0.016,23.6,,0.181
class_size,2023,01620305,Lunenburg Middle School,School,Economics,0,0.0,0,0.0,0.0,0.0,0.0,0.0,0.0,0.0,0.0,0.0,0.0,0.0,,0.0
class_size,2023,01620305,Lunenburg Middle School,School,Engineering and Technology,0,0.0,0,0.0,0.0,0.0,0.0,0.0,0.0,0.0,0.0,0.0,0.0,0.0,,0.0
class_size,2023,01620305,Lunenburg Middle School,School,English/Language Arts,19,20.3,383,0.0,0.021,0.029,0.123,0.05,0.003,0.776,0.491,0.507,0.01,22.7,,0.162
class_size,2023,01620305,Lunenburg Middle School,School,Foreign Language,11,21.6,236,0.0,0.025,0.017,0.136,0.051,0.004,0.767,0.492,0.509,0.009,20.3,,0.114
class_size,2023,01620305,Lunenburg Middle School,School,Geography,0,0.0,0,0.0,0.0,0.0,0.0,0.0,0.0,0.0,0.0,0.0,0.0,0.0,,0.0
class_size,2023,01620305,Lunenburg Middle School,School,Health Care Sciences,0,0.0,0,0.0,0.0,0.0,0.0,0.0,0.0,0.0,0.0,0.0,0.0,0.0,,0.0
class_size,2023,01620305,Lunenburg Middle School,School,History,0,0.0,0,0.0,0.0,0.0,0.0,0.0,0.0,0.0,0.0,0.0,0.0,0.0,,0.0
class_size,2023,01620305,Lunenburg Middle School,School,Hospitality and Tourism,0,0.0,0,0.0,0.0,0.0,0.0,0.0,0.0,0.0,0.0,0.0,0.0,0.0,,0.0
class_size,2023,01620305,Lunenburg Middle School,School,Human Services,0,0.0,0,0.0,0.0,0.0,0.0,0.0,0.0,0.0,0.0,0.0,0.0,0.0,,0.0
class_size,2023,01620305,Lunenburg Middle School,School,Manufacturing,0,0.0,0,0.0,0.0,0.0,0.0,0.0,0.0,0.0,0.0,0.0,0.0,0.0,,0.0
class_size,2023,01620305,Lunenburg Middle School,School,Mathematics,19,20.2,381,0.0,0.021,0.029,0.123,0.05,0.003,0.774,0.488,0.509,0.011,22.3,,0.158
class_size,2023,01620305,Lunenburg Middle School,School,Military Science,0,0.0,0,0.0,0.0,0.0,0.0,0.0,0.0,0.0,0.0,0.0,0.0,0.0,,0.0
class_size,2023,01620305,Lunenburg Middle School,School,Miscellaneous,1,12.0,12,0.0,0.0,0.083,0.0,0.083,0.0,0.833,0.583,0.417,0.0,50.0,,0.667
class_size,2023,01620305,Lunenburg Middle School,School,"Physical, Health, and Safety Education",56,22.1,385,0.0,0.021,0.029,0.122,0.049,0.003,0.777,0.491,0.507,0.01,22.3,,0.171
class_size,2023,01620305,Lunenburg Middle School,School,"Public, Protective, and Government Service",0,0.0,0,0.0,0.0,0.0,0.0,0.0,0.0,0.0,0.0,0.0,0.0,0.0,,0.0
class_size,2023,01620305,Lunenburg Middle School,School,Reading,0,0.0,0,0.0,0.0,0.0,0.0,0.0,0.0,0.0,0.0,0.0,0.0,0.0,,0.0
class_size,2023,01620305,Lunenburg Middle School,School,Religious Education and Theology,0,0.0,0,0.0,0.0,0.0,0.0,0.0,0.0,0.0,0.0,0.0,0.0,0.0,,0.0
class_size,2023,01620305,Lunenburg Middle School,School,Science,17,22.8,385,0.0,0.021,0.029,0.122,0.049,0.003,0.777,0.491,0.507,0.01,22.6,,0.166
class_size,2023,01620305,Lunenburg Middle School,School,Social Studies/Social Sciences,11,23.3,253,0.0,0.032,0.04,0.134,0.036,0.0,0.759,0.486,0.51,0.016,24.1,,0.178
class_size,2023,01620305,Lunenburg Middle School,School,"Transportation, Distribution and Logistics",0,0.0,0,0.0,0.0,0.0,0.0,0.0,0.0,0.0,0.0,0.0,0.0,0.0,,0.0
class_size,2023,01620305,Lunenburg Middle School,School,CH74 - Agriculture and Natural Resources,0,0.0,0,0.0,0.0,0.0,0.0,0.0,0.0,0.0,0.0,0.0,0.0,0.0,,0.0
class_size,2023,01620305,Lunenburg Middle School,School,CH74 - Arts and Communications Services,0,0.0,0,0.0,0.0,0.0,0.0,0.0,0.0,0.0,0.0,0.0,0.0,0.0,,0.0
class_size,2023,01620305,Lunenburg Middle School,School,CH74 - Business and Consumer Services,0,0.0,0,0.0,0.0,0.0,0.0,0.0,0.0,0.0,0.0,0.0,0.0,0.0,,0.0
class_size,2023,01620305,Lunenburg Middle School,School,CH74 - Construction,0,0.0,0,0.0,0.0,0.0,0.0,0.0,0.0,0.0,0.0,0.0,0.0,0.0,,0.0
class_size,2023,01620305,Lunenburg Middle School,School,CH74 - Exploratory,0,0.0,0,0.0,0.0,0.0,0.0,0.0,0.0,0.0,0.0,0.0,0.0,0.0,,0.0
class_size,2023,01620305,Lunenburg Middle School,School,CH74 - Health,0,0.0,0,0.0,0.0,0.0,0.0,0.0,0.0,0.0,0.0,0.0,0.0,0.0,,0.0
class_size,2023,01620305,Lunenburg Middle School,School,CH74 - Hospitality and Tourism,0,0.0,0,0.0,0.0,0.0,0.0,0.0,0.0,0.0,0.0,0.0,0.0,0.0,,0.0
class_size,2023,01620305,Lunenburg Middle School,School,CH74 - Human Services and Education,0,0.0,0,0.0,0.0,0.0,0.0,0.0,0.0,0.0,0.0,0.0,0.0,0.0,,0.0
class_size,2023,01620305,Lunenburg Middle School,School,CH74 - Information Technology Services,0,0.0,0,0.0,0.0,0.0,0.0,0.0,0.0,0.0,0.0,0.0,0.0,0.0,,0.0
class_size,2023,01620305,Lunenburg Middle School,School,CH74 - Transportation,0,0.0,0,0.0,0.0,0.0,0.0,0.0,0.0,0.0,0.0,0.0,0.0,0.0,,0.0
class_size,2023,01620305,Lunenburg Middle School,School,"CH74 - Manufacturing, Engineering and Technology",0,0.0,0,0.0,0.0,0.0,0.0,0.0,0.0,0.0,0.0,0.0,0.0,0.0,,0.0
class_size,2023,01620305,Lunenburg Middle School,School,Architecture and Construction,0,0.0,0,0.0,0.0,0.0,0.0,0.0,0.0,0.0,0.0,0.0,0.0,0.0,,0.0
class_size,2023,01620010,Lunenburg Primary School,School,All,167,20.6,390,0.0,0.008,0.036,0.115,0.044,0.005,0.792,0.5,0.5,0.051,28.2,,0.187
class_size,2023,01620010,Lunenburg Primary School,School,"Agriculture, Food and Natural Resources",0,0.0,0,0.0,0.0,0.0,0.0,0.0,0.0,0.0,0.0,0.0,0.0,0.0,,0.0
class_size,2023,01620010,Lunenburg Primary School,School,Arts,32,21.4,341,0.0,0.009,0.038,0.117,0.047,0.006,0.783,0.51,0.49,0.047,27.6,,0.132
class_size,2023,01620010,Lunenburg Primary School,School,Business and Marketing,0,0.0,0,0.0,0.0,0.0,0.0,0.0,0.0,0.0,0.0,0.0,0.0,0.0,,0.0
class_size,2023,01620010,Lunenburg Primary School,School,Civics/Government,0,0.0,0,0.0,0.0,0.0,0.0,0.0,0.0,0.0,0.0,0.0,0.0,0.0,,0.0
class_size,2023,01620010,Lunenburg Primary School,School,Communications and Audio/Visual Technology,0,0.0,0,0.0,0.0,0.0,0.0,0.0,0.0,0.0,0.0,0.0,0.0,0.0,,0.0
class_size,2023,01620010,Lunenburg Primary School,School,Computer and Information Sciences,0,0.0,0,0.0,0.0,0.0,0.0,0.0,0.0,0.0,0.0,0.0,0.0,0.0,,0.0
class_size,2023,01620010,Lunenburg Primary School,School,Core-All Subjects,5,9.8,49,0.0,0.0,0.02,0.102,0.02,0.0,0.857,0.429,0.571,0.082,32.7,,0.571
class_size,2023,01620010,Lunenburg Primary School,School,Economics,0,0.0,0,0.0,0.0,0.0,0.0,0.0,0.0,0.0,0.0,0.0,0.0,0.0,,0.0
class_size,2023,01620010,Lunenburg Primary School,School,Engineering and Technology,0,0.0,0,0.0,0.0,0.0,0.0,0.0,0.0,0.0,0.0,0.0,0.0,0.0,,0.0
class_size,2023,01620010,Lunenburg Primary School,School,English/Language Arts,16,21.3,340,0.0,0.009,0.035,0.118,0.047,0.006,0.785,0.509,0.491,0.047,27.4,,0.132
class_size,2023,01620010,Lunenburg Primary School,School,Foreign Language,0,0.0,0,0.0,0.0,0.0,0.0,0.0,0.0,0.0,0.0,0.0,0.0,0.0,,0.0
class_size,2023,01620010,Lunenburg Primary School,School,Geography,0,0.0,0,0.0,0.0,0.0,0.0,0.0,0.0,0.0,0.0,0.0,0.0,0.0,,0.0
class_size,2023,01620010,Lunenburg Primary School,School,Health Care Sciences,0,0.0,0,0.0,0.0,0.0,0.0,0.0,0.0,0.0,0.0,0.0,0.0,0.0,,0.0
class_size,2023,01620010,Lunenburg Primary School,School,History,0,0.0,0,0.0,0.0,0.0,0.0,0.0,0.0,0.0,0.0,0.0,0.0,0.0,,0.0
class_size,2023,01620010,Lunenburg Primary School,School,Hospitality and Tourism,0,0.0,0,0.0,0.0,0.0,0.0,0.0,0.0,0.0,0.0,0.0,0.0,0.0,,0.0
class_size,2023,01620010,Lunenburg Primary School,School,Human Services,16,21.0,334,0.0,0.009,0.036,0.114,0.048,0.006,0.787,0.512,0.488,0.042,26.7,,0.12
class_size,2023,01620010,Lunenburg Primary School,School,Manufacturing,0,0.0,0,0.0,0.0,0.0,0.0,0.0,0.0,0.0,0.0,0.0,0.0,0.0,,0.0
class_size,2023,01620010,Lunenburg Primary School,School,Mathematics,16,21.1,338,0.0,0.009,0.039,0.118,0.047,0.006,0.781,0.509,0.491,0.047,27.2,,0.133
class_size,2023,01620010,Lunenburg Primary School,School,Military Science,0,0.0,0,0.0,0.0,0.0,0.0,0.0,0.0,0.0,0.0,0.0,0.0,0.0,,0.0
class_size,2023,01620010,Lunenburg Primary School,School,Miscellaneous,2,3.5,7,0.0,0.0,0.143,0.286,0.143,0.0,0.429,0.571,0.429,0.286,71.4,,1.0
class_size,2023,01620010,Lunenburg Primary School,School,"Physical, Health, and Safety Education",16,21.1,334,0.0,0.009,0.036,0.114,0.048,0.006,0.787,0.509,0.491,0.042,27.0,,0.12
class_size,2023,01620010,Lunenburg Primary School,School,"Public, Protective, and Government Service",0,0.0,0,0.0,0.0,0.0,0.0,0.0,0.0,0.0,0.0,0.0,0.0,0.0,,0.0
class_size,2023,01620010,Lunenburg Primary School,School,Reading,16,21.2,339,0.0,0.009,0.038,0.118,0.047,0.006,0.782,0.51,0.49,0.047,27.4,,0.133
class_size,2023,01620010,Lunenburg Primary School,School,Religious Education and Theology,0,0.0,0,0.0,0.0,0.0,0.0,0.0,0.0,0.0,0.0,0.0,0.0,0.0,,0.0
class_size,2023,01620010,Lunenburg Primary School,School,Science,32,21.0,341,0.0,0.009,0.038,0.117,0.047,0.006,0.783,0.51,0.49,0.047,27.6,,0.132
class_size,2023,01620010,Lunenburg Primary School,School,Social Studies/Social Sciences,16,21.2,339,0.0,0.009,0.038,0.118,0.047,0.006,0.782,0.51,0.49,0.047,27.1,,0.13
class_size,2023,01620010,Lunenburg Primary School,School,"Transportation, Distribution and Logistics",0,0.0,0,0.0,0.0,0.0,0.0,0.0,0.0,0.0,0.0,0.0,0.0,0.0,,0.0
class_size,2023,01620010,Lunenburg Primary School,School,CH74 - Agriculture and Natural Resources,0,0.0,0,0.0,0.0,0.0,0.0,0.0,0.0,0.0,0.0,0.0,0.0,0.0,,0.0
class_size,2023,01620010,Lunenburg Primary School,School,CH74 - Arts and Communications Services,0,0.0,0,0.0,0.0,0.0,0.0,0.0,0.0,0.0,0.0,0.0,0.0,0.0,,0.0
class_size,2023,01620010,Lunenburg Primary School,School,CH74 - Business and Consumer Services,0,0.0,0,0.0,0.0,0.0,0.0,0.0,0.0,0.0,0.0,0.0,0.0,0.0,,0.0
class_size,2023,01620010,Lunenburg Primary School,School,CH74 - Construction,0,0.0,0,0.0,0.0,0.0,0.0,0.0,0.0,0.0,0.0,0.0,0.0,0.0,,0.0
class_size,2023,01620010,Lunenburg Primary School,School,CH74 - Exploratory,0,0.0,0,0.0,0.0,0.0,0.0,0.0,0.0,0.0,0.0,0.0,0.0,0.0,,0.0
class_size,2023,01620010,Lunenburg Primary School,School,CH74 - Health,0,0.0,0,0.0,0.0,0.0,0.0,0.0,0.0,0.0,0.0,0.0,0.0,0.0,,0.0
class_size,2023,01620010,Lunenburg Primary School,School,CH74 - Hospitality and Tourism,0,0.0,0,0.0,0.0,0.0,0.0,0.0,0.0,0.0,0.0,0.0,0.0,0.0,,0.0
class_size,2023,01620010,Lunenburg Primary School,School,CH74 - Human Services and Education,0,0.0,0,0.0,0.0,0.0,0.0,0.0,0.0,0.0,0.0,0.0,0.0,0.0,,0.0
class_size,2023,01620010,Lunenburg Primary School,School,CH74 - Information Technology Services,0,0.0,0,0.0,0.0,0.0,0.0,0.0,0.0,0.0,0.0,0.0,0.0,0.0,,0.0
class_size,2023,01620010,Lunenburg Primary School,School,CH74 - Transportation,0,0.0,0,0.0,0.0,0.0,0.0,0.0,0.0,0.0,0.0,0.0,0.0,0.0,,0.0
class_size,2023,01620010,Lunenburg Primary School,School,"CH74 - Manufacturing, Engineering and Technology",0,0.0,0,0.0,0.0,0.0,0.0,0.0,0.0,0.0,0.0,0.0,0.0,0.0,,0.0
class_size,2023,01620010,Lunenburg Primary School,School,Architecture and Construction,0,0.0,0,0.0,0.0,0.0,0.0,0.0,0.0,0.0,0.0,0.0,0.0,0.0,,0.0
class_size,2023,01620025,Turkey Hill Elementary School,School,All,272,22.0,363,0.0,0.008,0.03,0.094,0.019,0.003,0.846,0.51,0.49,0.019,25.9,,0.154
class_size,2023,01620025,Turkey Hill Elementary School,School,"Agriculture, Food and Natural Resources",0,0.0,0,0.0,0.0,0.0,0.0,0.0,0.0,0.0,0.0,0.0,0.0,0.0,,0.0
class_size,2023,01620025,Turkey Hill Elementary School,School,Arts,64,22.3,363,0.0,0.008,0.03,0.094,0.019,0.003,0.846,0.51,0.49,0.019,25.9,,0.154
class_size,2023,01620025,Turkey Hill Elementary School,School,Business and Marketing,0,0.0,0,0.0,0.0,0.0,0.0,0.0,0.0,0.0,0.0,0.0,0.0,0.0,,0.0
class_size,2023,01620025,Turkey Hill Elementary School,School,Civics/Government,0,0.0,0,0.0,0.0,0.0,0.0,0.0,0.0,0.0,0.0,0.0,0.0,0.0,,0.0
class_size,2023,01620025,Turkey Hill Elementary School,School,Communications and Audio/Visual Technology,0,0.0,0,0.0,0.0,0.0,0.0,0.0,0.0,0.0,0.0,0.0,0.0,0.0,,0.0
class_size,2023,01620025,Turkey Hill Elementary School,School,Computer and Information Sciences,0,0.0,0,0.0,0.0,0.0,0.0,0.0,0.0,0.0,0.0,0.0,0.0,0.0,,0.0
class_size,2023,01620025,Turkey Hill Elementary School,School,Core-All Subjects,97,22.2,362,0.0,0.008,0.03,0.094,0.019,0.003,0.845,0.508,0.492,0.019,25.7,,0.155
class_size,2023,01620025,Turkey Hill Elementary School,School,Economics,0,0.0,0,0.0,0.0,0.0,0.0,0.0,0.0,0.0,0.0,0.0,0.0,0.0,,0.0
class_size,2023,01620025,Turkey Hill Elementary School,School,Engineering and Technology,0,0.0,0,0.0,0.0,0.0,0.0,0.0,0.0,0.0,0.0,0.0,0.0,0.0,,0.0
class_size,2023,01620025,Turkey Hill Elementary School,School,English/Language Arts,17,21.4,358,0.0,0.008,0.031,0.095,0.02,0.003,0.844,0.511,0.489,0.02,25.7,,0.156
class_size,2023,01620025,Turkey Hill Elementary School,School,Foreign Language,0,0.0,0,0.0,0.0,0.0,0.0,0.0,0.0,0.0,0.0,0.0,0.0,0.0,,0.0
class_size,2023,01620025,Turkey Hill Elementary School,School,Geography,0,0.0,0,0.0,0.0,0.0,0.0,0.0,0.0,0.0,0.0,0.0,0.0,0.0,,0.0
class_size,2023,01620025,Turkey Hill Elementary School,School,Health Care Sciences,0,0.0,0,0.0,0.0,0.0,0.0,0.0,0.0,0.0,0.0,0.0,0.0,0.0,,0.0
class_size,2023,01620025,Turkey Hill Elementary School,School,History,0,0.0,0,0.0,0.0,0.0,0.0,0.0,0.0,0.0,0.0,0.0,0.0,0.0,,0.0
class_size,2023,01620025,Turkey Hill Elementary School,School,Hospitality and Tourism,0,0.0,0,0.0,0.0,0.0,0.0,0.0,0.0,0.0,0.0,0.0,0.0,0.0,,0.0
class_size,2023,01620025,Turkey Hill Elementary School,School,Human Services,0,0.0,0,0.0,0.0,0.0,0.0,0.0,0.0,0.0,0.0,0.0,0.0,0.0,,0.0
class_size,2023,01620025,Turkey Hill Elementary School,School,Manufacturing,0,0.0,0,0.0,0.0,0.0,0.0,0.0,0.0,0.0,0.0,0.0,0.0,0.0,,0.0
class_size,2023,01620025,Turkey Hill Elementary School,School,Mathematics,17,20.9,356,0.0,0.008,0.031,0.096,0.02,0.003,0.843,0.514,0.486,0.02,25.6,,0.155
class_size,2023,01620025,Turkey Hill Elementary School,School,Military Science,0,0.0,0,0.0,0.0,0.0,0.0,0.0,0.0,0.0,0.0,0.0,0.0,0.0,,0.0
class_size,2023,01620025,Turkey Hill Elementary School,School,Miscellaneous,0,0.0,0,0.0,0.0,0.0,0.0,0.0,0.0,0.0,0.0,0.0,0.0,0.0,,0.0
class_size,2023,01620025,Turkey Hill Elementary School,School,"Physical, Health, and Safety Education",32,22.2,360,0.0,0.008,0.031,0.092,0.019,0.003,0.847,0.508,0.492,0.019,25.8,,0.156
class_size,2023,01620025,Turkey Hill Elementary School,School,"Public, Protective, and Government Service",0,0.0,0,0.0,0.0,0.0,0.0,0.0,0.0,0.0,0.0,0.0,0.0,0.0,,0.0
class_size,2023,01620025,Turkey Hill Elementary School,School,Reading,11,22.5,247,0.0,0.004,0.032,0.081,0.02,0.004,0.858,0.502,0.498,0.02,27.1,,0.15
class_size,2023,01620025,Turkey Hill Elementary School,School,Religious Education and Theology,0,0.0,0,0.0,0.0,0.0,0.0,0.0,0.0,0.0,0.0,0.0,0.0,0.0,,0.0
class_size,2023,01620025,Turkey Hill Elementary School,School,Science,17,20.9,356,0.0,0.008,0.031,0.096,0.02,0.003,0.843,0.514,0.486,0.02,25.6,,0.155
class_size,2023,01620025,Turkey Hill Elementary School,School,Social Studies/Social Sciences,17,21.0,357,0.0,0.008,0.031,0.095,0.02,0.003,0.843,0.513,0.487,0.02,25.5,,0.154
class_size,2023,01620025,Turkey Hill Elementary School,School,"Transportation, Distribution and Logistics",0,0.0,0,0.0,0.0,0.0,0.0,0.0,0.0,0.0,0.0,0.0,0.0,0.0,,0.0
class_size,2023,01620025,Turkey Hill Elementary School,School,CH74 - Agriculture and Natural Resources,0,0.0,0,0.0,0.0,0.0,0.0,0.0,0.0,0.0,0.0,0.0,0.0,0.0,,0.0
class_size,2023,01620025,Turkey Hill Elementary School,School,CH74 - Arts and Communications Services,0,0.0,0,0.0,0.0,0.0,0.0,0.0,0.0,0.0,0.0,0.0,0.0,0.0,,0.0
class_size,2023,01620025,Turkey Hill Elementary School,School,CH74 - Business and Consumer Services,0,0.0,0,0.0,0.0,0.0,0.0,0.0,0.0,0.0,0.0,0.0,0.0,0.0,,0.0
class_size,2023,01620025,Turkey Hill Elementary School,School,CH74 - Construction,0,0.0,0,0.0,0.0,0.0,0.0,0.0,0.0,0.0,0.0,0.0,0.0,0.0,,0.0
class_size,2023,01620025,Turkey Hill Elementary School,School,CH74 - Exploratory,0,0.0,0,0.0,0.0,0.0,0.0,0.0,0.0,0.0,0.0,0.0,0.0,0.0,,0.0
class_size,2023,01620025,Turkey Hill Elementary School,School,CH74 - Health,0,0.0,0,0.0,0.0,0.0,0.0,0.0,0.0,0.0,0.0,0.0,0.0,0.0,,0.0
class_size,2023,01620025,Turkey Hill Elementary School,School,CH74 - Hospitality and Tourism,0,0.0,0,0.0,0.0,0.0,0.0,0.0,0.0,0.0,0.0,0.0,0.0,0.0,,0.0
class_size,2023,01620025,Turkey Hill Elementary School,School,CH74 - Human Services and Education,0,0.0,0,0.0,0.0,0.0,0.0,0.0,0.0,0.0,0.0,0.0,0.0,0.0,,0.0
class_size,2023,01620025,Turkey Hill Elementary School,School,CH74 - Information Technology Services,0,0.0,0,0.0,0.0,0.0,0.0,0.0,0.0,0.0,0.0,0.0,0.0,0.0,,0.0
class_size,2023,01620025,Turkey Hill Elementary School,School,CH74 - Transportation,0,0.0,0,0.0,0.0,0.0,0.0,0.0,0.0,0.0,0.0,0.0,0.0,0.0,,0.0
class_size,2023,01620025,Turkey Hill Elementary School,School,"CH74 - Manufacturing, Engineering and Technology",0,0.0,0,0.0,0.0,0.0,0.0,0.0,0.0,0.0,0.0,0.0,0.0,0.0,,0.0
class_size,2023,01620025,Turkey Hill Elementary School,School,Architecture and Construction,0,0.0,0,0.0,0.0,0.0,0.0,0.0,0.0,0.0,0.0,0.0,0.0,0.0,,0.0
class_size,2022,01620605,Advanced Community Experience Program,School,All,1,4.0,4,0.0,0.0,0.0,0.0,0.0,0.0,1.0,0.5,0.5,0.0,50.0,,1.0
class_size,2022,01620605,Advanced Community Experience Program,School,"Agriculture, Food and Natural Resources",0,0.0,0,0.0,0.0,0.0,0.0,0.0,0.0,0.0,0.0,0.0,0.0,0.0,,0.0
class_size,2022,01620605,Advanced Community Experience Program,School,Arts,0,0.0,0,0.0,0.0,0.0,0.0,0.0,0.0,0.0,0.0,0.0,0.0,0.0,,0.0
class_size,2022,01620605,Advanced Community Experience Program,School,Business and Marketing,0,0.0,0,0.0,0.0,0.0,0.0,0.0,0.0,0.0,0.0,0.0,0.0,0.0,,0.0
class_size,2022,01620605,Advanced Community Experience Program,School,Civics/Government,0,0.0,0,0.0,0.0,0.0,0.0,0.0,0.0,0.0,0.0,0.0,0.0,0.0,,0.0
class_size,2022,01620605,Advanced Community Experience Program,School,Communications and Audio/Visual Technology,0,0.0,0,0.0,0.0,0.0,0.0,0.0,0.0,0.0,0.0,0.0,0.0,0.0,,0.0
class_size,2022,01620605,Advanced Community Experience Program,School,Computer and Information Sciences,0,0.0,0,0.0,0.0,0.0,0.0,0.0,0.0,0.0,0.0,0.0,0.0,0.0,,0.0
class_size,2022,01620605,Advanced Community Experience Program,School,Core-All Subjects,0,0.0,0,0.0,0.0,0.0,0.0,0.0,0.0,0.0,0.0,0.0,0.0,0.0,,0.0
class_size,2022,01620605,Advanced Community Experience Program,School,Economics,0,0.0,0,0.0,0.0,0.0,0.0,0.0,0.0,0.0,0.0,0.0,0.0,0.0,,0.0
class_size,2022,01620605,Advanced Community Experience Program,School,Engineering and Technology,0,0.0,0,0.0,0.0,0.0,0.0,0.0,0.0,0.0,0.0,0.0,0.0,0.0,,0.0
class_size,2022,01620605,Advanced Community Experience Program,School,English/Language Arts,0,0.0,0,0.0,0.0,0.0,0.0,0.0,0.0,0.0,0.0,0.0,0.0,0.0,,0.0
class_size,2022,01620605,Advanced Community Experience Program,School,Foreign Language,0,0.0,0,0.0,0.0,0.0,0.0,0.0,0.0,0.0,0.0,0.0,0.0,0.0,,0.0
class_size,2022,01620605,Advanced Community Experience Program,School,Geography,0,0.0,0,0.0,0.0,0.0,0.0,0.0,0.0,0.0,0.0,0.0,0.0,0.0,,0.0
class_size,2022,01620605,Advanced Community Experience Program,School,Health Care Sciences,0,0.0,0,0.0,0.0,0.0,0.0,0.0,0.0,0.0,0.0,0.0,0.0,0.0,,0.0
class_size,2022,01620605,Advanced Community Experience Program,School,History,0,0.0,0,0.0,0.0,0.0,0.0,0.0,0.0,0.0,0.0,0.0,0.0,0.0,,0.0
class_size,2022,01620605,Advanced Community Experience Program,School,Hospitality and Tourism,0,0.0,0,0.0,0.0,0.0,0.0,0.0,0.0,0.0,0.0,0.0,0.0,0.0,,0.0
class_size,2022,01620605,Advanced Community Experience Program,School,Human Services,0,0.0,0,0.0,0.0,0.0,0.0,0.0,0.0,0.0,0.0,0.0,0.0,0.0,,0.0
class_size,2022,01620605,Advanced Community Experience Program,School,Manufacturing,0,0.0,0,0.0,0.0,0.0,0.0,0.0,0.0,0.0,0.0,0.0,0.0,0.0,,0.0
class_size,2022,01620605,Advanced Community Experience Program,School,Mathematics,0,0.0,0,0.0,0.0,0.0,0.0,0.0,0.0,0.0,0.0,0.0,0.0,0.0,,0.0
class_size,2022,01620605,Advanced Community Experience Program,School,Military Science,0,0.0,0,0.0,0.0,0.0,0.0,0.0,0.0,0.0,0.0,0.0,0.0,0.0,,0.0
class_size,2022,01620605,Advanced Community Experience Program,School,Miscellaneous,1,4.0,4,0.0,0.0,0.0,0.0,0.0,0.0,1.0,0.5,0.5,0.0,50.0,,1.0
class_size,2022,01620605,Advanced Community Experience Program,School,"Physical, Health, and Safety Education",0,0.0,0,0.0,0.0,0.0,0.0,0.0,0.0,0.0,0.0,0.0,0.0,0.0,,0.0
class_size,2022,01620605,Advanced Community Experience Program,School,"Public, Protective, and Government Service",0,0.0,0,0.0,0.0,0.0,0.0,0.0,0.0,0.0,0.0,0.0,0.0,0.0,,0.0
class_size,2022,01620605,Advanced Community Experience Program,School,Reading,0,0.0,0,0.0,0.0,0.0,0.0,0.0,0.0,0.0,0.0,0.0,0.0,0.0,,0.0
class_size,2022,01620605,Advanced Community Experience Program,School,Religious Education and Theology,0,0.0,0,0.0,0.0,0.0,0.0,0.0,0.0,0.0,0.0,0.0,0.0,0.0,,0.0
class_size,2022,01620605,Advanced Community Experience Program,School,Science,0,0.0,0,0.0,0.0,0.0,0.0,0.0,0.0,0.0,0.0,0.0,0.0,0.0,,0.0
class_size,2022,01620605,Advanced Community Experience Program,School,Social Studies/Social Sciences,0,0.0,0,0.0,0.0,0.0,0.0,0.0,0.0,0.0,0.0,0.0,0.0,0.0,,0.0
class_size,2022,01620605,Advanced Community Experience Program,School,"Transportation, Distribution and Logistics",0,0.0,0,0.0,0.0,0.0,0.0,0.0,0.0,0.0,0.0,0.0,0.0,0.0,,0.0
class_size,2022,01620605,Advanced Community Experience Program,School,CH74 - Agriculture and Natural Resources,0,0.0,0,0.0,0.0,0.0,0.0,0.0,0.0,0.0,0.0,0.0,0.0,0.0,,0.0
class_size,2022,01620605,Advanced Community Experience Program,School,CH74 - Arts and Communications Services,0,0.0,0,0.0,0.0,0.0,0.0,0.0,0.0,0.0,0.0,0.0,0.0,0.0,,0.0
class_size,2022,01620605,Advanced Community Experience Program,School,CH74 - Business and Consumer Services,0,0.0,0,0.0,0.0,0.0,0.0,0.0,0.0,0.0,0.0,0.0,0.0,0.0,,0.0
class_size,2022,01620605,Advanced Community Experience Program,School,CH74 - Construction,0,0.0,0,0.0,0.0,0.0,0.0,0.0,0.0,0.0,0.0,0.0,0.0,0.0,,0.0
class_size,2022,01620605,Advanced Community Experience Program,School,CH74 - Exploratory,0,0.0,0,0.0,0.0,0.0,0.0,0.0,0.0,0.0,0.0,0.0,0.0,0.0,,0.0
class_size,2022,01620605,Advanced Community Experience Program,School,CH74 - Health,0,0.0,0,0.0,0.0,0.0,0.0,0.0,0.0,0.0,0.0,0.0,0.0,0.0,,0.0
class_size,2022,01620605,Advanced Community Experience Program,School,CH74 - Hospitality and Tourism,0,0.0,0,0.0,0.0,0.0,0.0,0.0,0.0,0.0,0.0,0.0,0.0,0.0,,0.0
class_size,2022,01620605,Advanced Community Experience Program,School,CH74 - Human Services and Education,0,0.0,0,0.0,0.0,0.0,0.0,0.0,0.0,0.0,0.0,0.0,0.0,0.0,,0.0
class_size,2022,01620605,Advanced Community Experience Program,School,CH74 - Information Technology Services,0,0.0,0,0.0,0.0,0.0,0.0,0.0,0.0,0.0,0.0,0.0,0.0,0.0,,0.0
class_size,2022,01620605,Advanced Community Experience Program,School,CH74 - Transportation,0,0.0,0,0.0,0.0,0.0,0.0,0.0,0.0,0.0,0.0,0.0,0.0,0.0,,0.0
class_size,2022,01620605,Advanced Community Experience Program,School,"CH74 - Manufacturing, Engineering and Technology",0,0.0,0,0.0,0.0,0.0,0.0,0.0,0.0,0.0,0.0,0.0,0.0,0.0,,0.0
class_size,2022,01620605,Advanced Community Experience Program,School,Architecture and Construction,0,0.0,0,0.0,0.0,0.0,0.0,0.0,0.0,0.0,0.0,0.0,0.0,0.0,,0.0
class_size,2022,01620000,Lunenburg,District,All,692,21.7,1616,0.001,0.016,0.025,0.098,0.033,0.006,0.821,0.493,0.507,0.017,26.3,,0.122
class_size,2022,01620000,Lunenburg,District,"Agriculture, Food and Natural Resources",3,16.7,38,0.0,0.026,0.026,0.053,0.0,0.026,0.868,0.632,0.368,0.0,15.8,,0.184
class_size,2022,01620000,Lunenburg,District,Arts,94,28.2,1340,0.002,0.015,0.026,0.096,0.035,0.006,0.82,0.499,0.501,0.017,26.3,,0.117
class_size,2022,01620000,Lunenburg,District,Business and Marketing,0,0.0,0,0.0,0.0,0.0,0.0,0.0,0.0,0.0,0.0,0.0,0.0,0.0,,0.0
class_size,2022,01620000,Lunenburg,District,Civics/Government,10,22.3,193,0.0,0.026,0.021,0.067,0.026,0.016,0.845,0.456,0.544,0.005,24.4,,0.062
class_size,2022,01620000,Lunenburg,District,Communications and Audio/Visual Technology,3,119.7,359,0.0,0.008,0.02,0.092,0.042,0.006,0.833,0.521,0.479,0.025,30.1,,0.109
class_size,2022,01620000,Lunenburg,District,Computer and Information Sciences,14,22.8,273,0.0,0.015,0.033,0.048,0.029,0.007,0.868,0.495,0.506,0.015,27.8,,0.11
class_size,2022,01620000,Lunenburg,District,Core-All Subjects,54,21.6,663,0.0,0.017,0.035,0.094,0.035,0.003,0.818,0.495,0.505,0.015,25.0,,0.148
class_size,2022,01620000,Lunenburg,District,Economics,4,20.0,80,0.0,0.0,0.025,0.088,0.025,0.013,0.85,0.363,0.638,0.013,20.0,,0.063
class_size,2022,01620000,Lunenburg,District,Engineering and Technology,4,17.3,67,0.0,0.015,0.0,0.119,0.0,0.045,0.821,0.299,0.702,0.015,17.9,,0.164
class_size,2022,01620000,Lunenburg,District,English/Language Arts,71,19.7,1305,0.002,0.016,0.024,0.1,0.032,0.005,0.822,0.488,0.511,0.015,25.0,,0.112
class_size,2022,01620000,Lunenburg,District,Foreign Language,33,16.5,543,0.004,0.017,0.007,0.092,0.039,0.006,0.836,0.488,0.51,0.011,23.8,,0.059
class_size,2022,01620000,Lunenburg,District,Geography,0,0.0,0,0.0,0.0,0.0,0.0,0.0,0.0,0.0,0.0,0.0,0.0,0.0,,0.0
class_size,2022,01620000,Lunenburg,District,Health Care Sciences,1,5.0,5,0.0,0.0,0.0,0.0,0.0,0.0,1.0,0.4,0.6,0.0,0.0,,0.0
class_size,2022,01620000,Lunenburg,District,History,15,20.1,292,0.007,0.01,0.003,0.116,0.027,0.01,0.825,0.445,0.551,0.017,22.3,,0.075
class_size,2022,01620000,Lunenburg,District,Hospitality and Tourism,0,0.0,0,0.0,0.0,0.0,0.0,0.0,0.0,0.0,0.0,0.0,0.0,0.0,,0.0
class_size,2022,01620000,Lunenburg,District,Human Services,0,0.0,0,0.0,0.0,0.0,0.0,0.0,0.0,0.0,0.0,0.0,0.0,0.0,,0.0
class_size,2022,01620000,Lunenburg,District,Manufacturing,0,0.0,0,0.0,0.0,0.0,0.0,0.0,0.0,0.0,0.0,0.0,0.0,0.0,,0.0
class_size,2022,01620000,Lunenburg,District,Mathematics,87,19.5,1555,0.001,0.015,0.025,0.1,0.033,0.006,0.82,0.497,0.503,0.016,25.9,,0.11
class_size,2022,01620000,Lunenburg,District,Military Science,0,0.0,0,0.0,0.0,0.0,0.0,0.0,0.0,0.0,0.0,0.0,0.0,0.0,,0.0
class_size,2022,01620000,Lunenburg,District,Miscellaneous,48,7.8,290,0.003,0.003,0.021,0.124,0.021,0.003,0.824,0.517,0.479,0.024,26.6,,0.214
class_size,2022,01620000,Lunenburg,District,"Physical, Health, and Safety Education",100,25.2,1431,0.001,0.015,0.026,0.103,0.034,0.006,0.816,0.49,0.509,0.018,26.8,,0.11
class_size,2022,01620000,Lunenburg,District,"Public, Protective, and Government Service",0,0.0,0,0.0,0.0,0.0,0.0,0.0,0.0,0.0,0.0,0.0,0.0,0.0,,0.0
class_size,2022,01620000,Lunenburg,District,Reading,28,21.0,587,0.0,0.007,0.032,0.094,0.034,0.005,0.828,0.516,0.484,0.027,30.7,,0.124
class_size,2022,01620000,Lunenburg,District,Religious Education and Theology,0,0.0,0,0.0,0.0,0.0,0.0,0.0,0.0,0.0,0.0,0.0,0.0,0.0,,0.0
class_size,2022,01620000,Lunenburg,District,Science,76,21.4,1489,0.001,0.015,0.026,0.1,0.034,0.005,0.819,0.501,0.498,0.017,26.1,,0.106
class_size,2022,01620000,Lunenburg,District,Social Studies/Social Sciences,47,21.5,1002,0.0,0.014,0.035,0.095,0.035,0.005,0.816,0.513,0.487,0.018,26.3,,0.125
class_size,2022,01620000,Lunenburg,District,"Transportation, Distribution and Logistics",0,0.0,0,0.0,0.0,0.0,0.0,0.0,0.0,0.0,0.0,0.0,0.0,0.0,,0.0
class_size,2022,01620000,Lunenburg,District,CH74 - Agriculture and Natural Resources,0,0.0,0,0.0,0.0,0.0,0.0,0.0,0.0,0.0,0.0,0.0,0.0,0.0,,0.0
class_size,2022,01620000,Lunenburg,District,CH74 - Arts and Communications Services,0,0.0,0,0.0,0.0,0.0,0.0,0.0,0.0,0.0,0.0,0.0,0.0,0.0,,0.0
class_size,2022,01620000,Lunenburg,District,CH74 - Business and Consumer Services,0,0.0,0,0.0,0.0,0.0,0.0,0.0,0.0,0.0,0.0,0.0,0.0,0.0,,0.0
class_size,2022,01620000,Lunenburg,District,CH74 - Construction,0,0.0,0,0.0,0.0,0.0,0.0,0.0,0.0,0.0,0.0,0.0,0.0,0.0,,0.0
class_size,2022,01620000,Lunenburg,District,CH74 - Exploratory,0,0.0,0,0.0,0.0,0.0,0.0,0.0,0.0,0.0,0.0,0.0,0.0,0.0,,0.0
class_size,2022,01620000,Lunenburg,District,CH74 - Health,0,0.0,0,0.0,0.0,0.0,0.0,0.0,0.0,0.0,0.0,0.0,0.0,0.0,,0.0
class_size,2022,01620000,Lunenburg,District,CH74 - Hospitality and Tourism,0,0.0,0,0.0,0.0,0.0,0.0,0.0,0.0,0.0,0.0,0.0,0.0,0.0,,0.0
class_size,2022,01620000,Lunenburg,District,CH74 - Human Services and Education,0,0.0,0,0.0,0.0,0.0,0.0,0.0,0.0,0.0,0.0,0.0,0.0,0.0,,0.0
class_size,2022,01620000,Lunenburg,District,CH74 - Information Technology Services,0,0.0,0,0.0,0.0,0.0,0.0,0.0,0.0,0.0,0.0,0.0,0.0,0.0,,0.0
class_size,2022,01620000,Lunenburg,District,CH74 - Transportation,0,0.0,0,0.0,0.0,0.0,0.0,0.0,0.0,0.0,0.0,0.0,0.0,0.0,,0.0
class_size,2022,01620000,Lunenburg,District,"CH74 - Manufacturing, Engineering and Technology",0,0.0,0,0.0,0.0,0.0,0.0,0.0,0.0,0.0,0.0,0.0,0.0,0.0,,0.0
class_size,2022,01620000,Lunenburg,District,Architecture and Construction,0,0.0,0,0.0,0.0,0.0,0.0,0.0,0.0,0.0,0.0,0.0,0.0,0.0,,0.0
class_size,2022,01620505,Lunenburg High,School,All,235,15.3,460,0.004,0.015,0.013,0.115,0.024,0.009,0.82,0.474,0.524,0.013,21.3,,0.098
class_size,2022,01620505,Lunenburg High,School,"Agriculture, Food and Natural Resources",3,16.7,38,0.0,0.026,0.026,0.053,0.0,0.026,0.868,0.632,0.368,0.0,15.8,,0.184
class_size,2022,01620505,Lunenburg High,School,Arts,20,18.1,238,0.008,0.017,0.008,0.105,0.025,0.013,0.824,0.475,0.525,0.008,19.3,,0.113
class_size,2022,01620505,Lunenburg High,School,Business and Marketing,0,0.0,0,0.0,0.0,0.0,0.0,0.0,0.0,0.0,0.0,0.0,0.0,0.0,,0.0
class_size,2022,01620505,Lunenburg High,School,Civics/Government,3,17.0,49,0.0,0.02,0.041,0.102,0.0,0.041,0.796,0.367,0.633,0.0,8.2,,0.041
class_size,2022,01620505,Lunenburg High,School,Communications and Audio/Visual Technology,2,16.0,32,0.0,0.031,0.0,0.063,0.031,0.0,0.875,0.531,0.469,0.0,15.6,,0.031
class_size,2022,01620505,Lunenburg High,School,Computer and Information Sciences,0,0.0,0,0.0,0.0,0.0,0.0,0.0,0.0,0.0,0.0,0.0,0.0,0.0,,0.0
class_size,2022,01620505,Lunenburg High,School,Core-All Subjects,0,0.0,0,0.0,0.0,0.0,0.0,0.0,0.0,0.0,0.0,0.0,0.0,0.0,,0.0
class_size,2022,01620505,Lunenburg High,School,Economics,4,20.0,80,0.0,0.0,0.025,0.088,0.025,0.013,0.85,0.363,0.638,0.013,20.0,,0.063
class_size,2022,01620505,Lunenburg High,School,Engineering and Technology,4,17.3,67,0.0,0.015,0.0,0.119,0.0,0.045,0.821,0.299,0.702,0.015,17.9,,0.164
class_size,2022,01620505,Lunenburg High,School,English/Language Arts,28,16.1,433,0.005,0.016,0.009,0.122,0.025,0.007,0.815,0.464,0.534,0.014,21.9,,0.097
class_size,2022,01620505,Lunenburg High,School,Foreign Language,22,13.3,292,0.007,0.017,0.0,0.113,0.027,0.003,0.832,0.476,0.521,0.014,22.6,,0.072
class_size,2022,01620505,Lunenburg High,School,Geography,0,0.0,0,0.0,0.0,0.0,0.0,0.0,0.0,0.0,0.0,0.0,0.0,0.0,,0.0
class_size,2022,01620505,Lunenburg High,School,Health Care Sciences,1,5.0,5,0.0,0.0,0.0,0.0,0.0,0.0,1.0,0.4,0.6,0.0,0.0,,0.0
class_size,2022,01620505,Lunenburg High,School,History,15,20.1,292,0.007,0.01,0.003,0.116,0.027,0.01,0.825,0.445,0.551,0.017,22.3,,0.075
class_size,2022,01620505,Lunenburg High,School,Hospitality and Tourism,0,0.0,0,0.0,0.0,0.0,0.0,0.0,0.0,0.0,0.0,0.0,0.0,0.0,,0.0
class_size,2022,01620505,Lunenburg High,School,Human Services,0,0.0,0,0.0,0.0,0.0,0.0,0.0,0.0,0.0,0.0,0.0,0.0,0.0,,0.0
class_size,2022,01620505,Lunenburg High,School,Manufacturing,0,0.0,0,0.0,0.0,0.0,0.0,0.0,0.0,0.0,0.0,0.0,0.0,0.0,,0.0
class_size,2022,01620505,Lunenburg High,School,Mathematics,31,15.5,452,0.004,0.016,0.013,0.115,0.024,0.009,0.819,0.476,0.522,0.011,21.0,,0.093
class_size,2022,01620505,Lunenburg High,School,Military Science,0,0.0,0,0.0,0.0,0.0,0.0,0.0,0.0,0.0,0.0,0.0,0.0,0.0,,0.0
class_size,2022,01620505,Lunenburg High,School,Miscellaneous,44,8.0,266,0.004,0.004,0.011,0.12,0.023,0.004,0.835,0.53,0.466,0.019,23.3,,0.158
class_size,2022,01620505,Lunenburg High,School,"Physical, Health, and Safety Education",28,19.5,352,0.003,0.014,0.011,0.125,0.026,0.011,0.81,0.449,0.548,0.017,22.4,,0.088
class_size,2022,01620505,Lunenburg High,School,"Public, Protective, and Government Service",0,0.0,0,0.0,0.0,0.0,0.0,0.0,0.0,0.0,0.0,0.0,0.0,0.0,,0.0
class_size,2022,01620505,Lunenburg High,School,Reading,1,4.0,4,0.0,0.0,0.0,0.5,0.0,0.0,0.5,0.75,0.25,0.5,50.0,,0.5
class_size,2022,01620505,Lunenburg High,School,Religious Education and Theology,0,0.0,0,0.0,0.0,0.0,0.0,0.0,0.0,0.0,0.0,0.0,0.0,0.0,,0.0
class_size,2022,01620505,Lunenburg High,School,Science,24,18.3,385,0.005,0.016,0.016,0.12,0.026,0.005,0.813,0.488,0.509,0.013,21.0,,0.075
class_size,2022,01620505,Lunenburg High,School,Social Studies/Social Sciences,5,14.0,66,0.0,0.03,0.061,0.091,0.0,0.015,0.803,0.561,0.439,0.0,10.6,,0.106
class_size,2022,01620505,Lunenburg High,School,"Transportation, Distribution and Logistics",0,0.0,0,0.0,0.0,0.0,0.0,0.0,0.0,0.0,0.0,0.0,0.0,0.0,,0.0
class_size,2022,01620505,Lunenburg High,School,CH74 - Agriculture and Natural Resources,0,0.0,0,0.0,0.0,0.0,0.0,0.0,0.0,0.0,0.0,0.0,0.0,0.0,,0.0
class_size,2022,01620505,Lunenburg High,School,CH74 - Arts and Communications Services,0,0.0,0,0.0,0.0,0.0,0.0,0.0,0.0,0.0,0.0,0.0,0.0,0.0,,0.0
class_size,2022,01620505,Lunenburg High,School,CH74 - Business and Consumer Services,0,0.0,0,0.0,0.0,0.0,0.0,0.0,0.0,0.0,0.0,0.0,0.0,0.0,,0.0
class_size,2022,01620505,Lunenburg High,School,CH74 - Construction,0,0.0,0,0.0,0.0,0.0,0.0,0.0,0.0,0.0,0.0,0.0,0.0,0.0,,0.0
class_size,2022,01620505,Lunenburg High,School,CH74 - Exploratory,0,0.0,0,0.0,0.0,0.0,0.0,0.0,0.0,0.0,0.0,0.0,0.0,0.0,,0.0
class_size,2022,01620505,Lunenburg High,School,CH74 - Health,0,0.0,0,0.0,0.0,0.0,0.0,0.0,0.0,0.0,0.0,0.0,0.0,0.0,,0.0
class_size,2022,01620505,Lunenburg High,School,CH74 - Hospitality and Tourism,0,0.0,0,0.0,0.0,0.0,0.0,0.0,0.0,0.0,0.0,0.0,0.0,0.0,,0.0
class_size,2022,01620505,Lunenburg High,School,CH74 - Human Services and Education,0,0.0,0,0.0,0.0,0.0,0.0,0.0,0.0,0.0,0.0,0.0,0.0,0.0,,0.0
class_size,2022,01620505,Lunenburg High,School,CH74 - Information Technology Services,0,0.0,0,0.0,0.0,0.0,0.0,0.0,0.0,0.0,0.0,0.0,0.0,0.0,,0.0
class_size,2022,01620505,Lunenburg High,School,CH74 - Transportation,0,0.0,0,0.0,0.0,0.0,0.0,0.0,0.0,0.0,0.0,0.0,0.0,0.0,,0.0
class_size,2022,01620505,Lunenburg High,School,"CH74 - Manufacturing, Engineering and Technology",0,0.0,0,0.0,0.0,0.0,0.0,0.0,0.0,0.0,0.0,0.0,0.0,0.0,,0.0
class_size,2022,01620505,Lunenburg High,School,Architecture and Construction,0,0.0,0,0.0,0.0,0.0,0.0,0.0,0.0,0.0,0.0,0.0,0.0,0.0,,0.0
class_size,2022,01620305,Lunenburg Middle School,School,All,226,22.8,408,0.0,0.025,0.022,0.098,0.039,0.005,0.811,0.495,0.505,0.012,25.3,,0.105
class_size,2022,01620305,Lunenburg Middle School,School,"Agriculture, Food and Natural Resources",0,0.0,0,0.0,0.0,0.0,0.0,0.0,0.0,0.0,0.0,0.0,0.0,0.0,,0.0
class_size,2022,01620305,Lunenburg Middle School,School,Arts,39,22.2,404,0.0,0.025,0.022,0.099,0.04,0.005,0.809,0.495,0.505,0.012,24.8,,0.104
class_size,2022,01620305,Lunenburg Middle School,School,Business and Marketing,0,0.0,0,0.0,0.0,0.0,0.0,0.0,0.0,0.0,0.0,0.0,0.0,0.0,,0.0
class_size,2022,01620305,Lunenburg Middle School,School,Civics/Government,7,24.6,144,0.0,0.028,0.014,0.056,0.035,0.007,0.861,0.486,0.514,0.007,29.9,,0.069
class_size,2022,01620305,Lunenburg Middle School,School,Communications and Audio/Visual Technology,0,0.0,0,0.0,0.0,0.0,0.0,0.0,0.0,0.0,0.0,0.0,0.0,0.0,,0.0
class_size,2022,01620305,Lunenburg Middle School,School,Computer and Information Sciences,8,23.5,142,0.0,0.028,0.014,0.056,0.035,0.007,0.859,0.493,0.507,0.007,29.6,,0.07
class_size,2022,01620305,Lunenburg Middle School,School,Core-All Subjects,28,22.6,261,0.0,0.023,0.027,0.115,0.042,0.004,0.789,0.502,0.498,0.012,21.8,,0.119
class_size,2022,01620305,Lunenburg Middle School,School,Economics,0,0.0,0,0.0,0.0,0.0,0.0,0.0,0.0,0.0,0.0,0.0,0.0,0.0,,0.0
class_size,2022,01620305,Lunenburg Middle School,School,Engineering and Technology,0,0.0,0,0.0,0.0,0.0,0.0,0.0,0.0,0.0,0.0,0.0,0.0,0.0,,0.0
class_size,2022,01620305,Lunenburg Middle School,School,English/Language Arts,22,21.7,404,0.0,0.025,0.022,0.094,0.04,0.005,0.814,0.495,0.505,0.01,24.8,,0.102
class_size,2022,01620305,Lunenburg Middle School,School,Foreign Language,11,22.8,251,0.0,0.016,0.016,0.068,0.052,0.008,0.841,0.502,0.498,0.008,25.1,,0.044
class_size,2022,01620305,Lunenburg Middle School,School,Geography,0,0.0,0,0.0,0.0,0.0,0.0,0.0,0.0,0.0,0.0,0.0,0.0,0.0,,0.0
class_size,2022,01620305,Lunenburg Middle School,School,Health Care Sciences,0,0.0,0,0.0,0.0,0.0,0.0,0.0,0.0,0.0,0.0,0.0,0.0,0.0,,0.0
class_size,2022,01620305,Lunenburg Middle School,School,History,0,0.0,0,0.0,0.0,0.0,0.0,0.0,0.0,0.0,0.0,0.0,0.0,0.0,,0.0
class_size,2022,01620305,Lunenburg Middle School,School,Hospitality and Tourism,0,0.0,0,0.0,0.0,0.0,0.0,0.0,0.0,0.0,0.0,0.0,0.0,0.0,,0.0
class_size,2022,01620305,Lunenburg Middle School,School,Human Services,0,0.0,0,0.0,0.0,0.0,0.0,0.0,0.0,0.0,0.0,0.0,0.0,0.0,,0.0
class_size,2022,01620305,Lunenburg Middle School,School,Manufacturing,0,0.0,0,0.0,0.0,0.0,0.0,0.0,0.0,0.0,0.0,0.0,0.0,0.0,,0.0
class_size,2022,01620305,Lunenburg Middle School,School,Mathematics,24,21.5,405,0.0,0.025,0.022,0.096,0.04,0.005,0.812,0.496,0.504,0.01,24.9,,0.101
class_size,2022,01620305,Lunenburg Middle School,School,Military Science,0,0.0,0,0.0,0.0,0.0,0.0,0.0,0.0,0.0,0.0,0.0,0.0,0.0,,0.0
class_size,2022,01620305,Lunenburg Middle School,School,Miscellaneous,1,10.0,10,0.0,0.0,0.1,0.1,0.0,0.0,0.8,0.4,0.6,0.0,40.0,,0.7
class_size,2022,01620305,Lunenburg Middle School,School,"Physical, Health, and Safety Education",56,23.2,403,0.0,0.025,0.022,0.097,0.04,0.005,0.811,0.494,0.506,0.01,24.6,,0.102
class_size,2022,01620305,Lunenburg Middle School,School,"Public, Protective, and Government Service",0,0.0,0,0.0,0.0,0.0,0.0,0.0,0.0,0.0,0.0,0.0,0.0,0.0,,0.0
class_size,2022,01620305,Lunenburg Middle School,School,Reading,0,0.0,0,0.0,0.0,0.0,0.0,0.0,0.0,0.0,0.0,0.0,0.0,0.0,,0.0
class_size,2022,01620305,Lunenburg Middle School,School,Religious Education and Theology,0,0.0,0,0.0,0.0,0.0,0.0,0.0,0.0,0.0,0.0,0.0,0.0,0.0,,0.0
class_size,2022,01620305,Lunenburg Middle School,School,Science,19,24.6,406,0.0,0.025,0.022,0.096,0.039,0.005,0.813,0.498,0.503,0.01,24.9,,0.101
class_size,2022,01620305,Lunenburg Middle School,School,Social Studies/Social Sciences,11,23.9,261,0.0,0.023,0.027,0.115,0.042,0.004,0.789,0.502,0.498,0.012,21.8,,0.119
class_size,2022,01620305,Lunenburg Middle School,School,"Transportation, Distribution and Logistics",0,0.0,0,0.0,0.0,0.0,0.0,0.0,0.0,0.0,0.0,0.0,0.0,0.0,,0.0
class_size,2022,01620305,Lunenburg Middle School,School,CH74 - Agriculture and Natural Resources,0,0.0,0,0.0,0.0,0.0,0.0,0.0,0.0,0.0,0.0,0.0,0.0,0.0,,0.0
class_size,2022,01620305,Lunenburg Middle School,School,CH74 - Arts and Communications Services,0,0.0,0,0.0,0.0,0.0,0.0,0.0,0.0,0.0,0.0,0.0,0.0,0.0,,0.0
class_size,2022,01620305,Lunenburg Middle School,School,CH74 - Business and Consumer Services,0,0.0,0,0.0,0.0,0.0,0.0,0.0,0.0,0.0,0.0,0.0,0.0,0.0,,0.0
class_size,2022,01620305,Lunenburg Middle School,School,CH74 - Construction,0,0.0,0,0.0,0.0,0.0,0.0,0.0,0.0,0.0,0.0,0.0,0.0,0.0,,0.0
class_size,2022,01620305,Lunenburg Middle School,School,CH74 - Exploratory,0,0.0,0,0.0,0.0,0.0,0.0,0.0,0.0,0.0,0.0,0.0,0.0,0.0,,0.0
class_size,2022,01620305,Lunenburg Middle School,School,CH74 - Health,0,0.0,0,0.0,0.0,0.0,0.0,0.0,0.0,0.0,0.0,0.0,0.0,0.0,,0.0
class_size,2022,01620305,Lunenburg Middle School,School,CH74 - Hospitality and Tourism,0,0.0,0,0.0,0.0,0.0,0.0,0.0,0.0,0.0,0.0,0.0,0.0,0.0,,0.0
class_size,2022,01620305,Lunenburg Middle School,School,CH74 - Human Services and Education,0,0.0,0,0.0,0.0,0.0,0.0,0.0,0.0,0.0,0.0,0.0,0.0,0.0,,0.0
class_size,2022,01620305,Lunenburg Middle School,School,CH74 - Information Technology Services,0,0.0,0,0.0,0.0,0.0,0.0,0.0,0.0,0.0,0.0,0.0,0.0,0.0,,0.0
class_size,2022,01620305,Lunenburg Middle School,School,CH74 - Transportation,0,0.0,0,0.0,0.0,0.0,0.0,0.0,0.0,0.0,0.0,0.0,0.0,0.0,,0.0
class_size,2022,01620305,Lunenburg Middle School,School,"CH74 - Manufacturing, Engineering and Technology",0,0.0,0,0.0,0.0,0.0,0.0,0.0,0.0,0.0,0.0,0.0,0.0,0.0,,0.0
class_size,2022,01620305,Lunenburg Middle School,School,Architecture and Construction,0,0.0,0,0.0,0.0,0.0,0.0,0.0,0.0,0.0,0.0,0.0,0.0,0.0,,0.0
class_size,2022,01620010,Lunenburg Primary School,School,All,79,36.5,386,0.0,0.008,0.026,0.093,0.044,0.005,0.824,0.505,0.495,0.023,33.2,,0.143
class_size,2022,01620010,Lunenburg Primary School,School,"Agriculture, Food and Natural Resources",0,0.0,0,0.0,0.0,0.0,0.0,0.0,0.0,0.0,0.0,0.0,0.0,0.0,,0.0
class_size,2022,01620010,Lunenburg Primary School,School,Arts,2,341.0,341,0.0,0.006,0.026,0.1,0.044,0.006,0.818,0.519,0.481,0.026,33.1,,0.111
class_size,2022,01620010,Lunenburg Primary School,School,Business and Marketing,0,0.0,0,0.0,0.0,0.0,0.0,0.0,0.0,0.0,0.0,0.0,0.0,0.0,,0.0
class_size,2022,01620010,Lunenburg Primary School,School,Civics/Government,0,0.0,0,0.0,0.0,0.0,0.0,0.0,0.0,0.0,0.0,0.0,0.0,0.0,,0.0
class_size,2022,01620010,Lunenburg Primary School,School,Communications and Audio/Visual Technology,1,327.0,327,0.0,0.006,0.021,0.095,0.043,0.006,0.829,0.52,0.48,0.028,31.5,,0.116
class_size,2022,01620010,Lunenburg Primary School,School,Computer and Information Sciences,0,0.0,0,0.0,0.0,0.0,0.0,0.0,0.0,0.0,0.0,0.0,0.0,0.0,,0.0
class_size,2022,01620010,Lunenburg Primary School,School,Core-All Subjects,4,11.5,45,0.0,0.022,0.022,0.044,0.044,0.0,0.867,0.4,0.6,0.0,33.3,,0.378
class_size,2022,01620010,Lunenburg Primary School,School,Economics,0,0.0,0,0.0,0.0,0.0,0.0,0.0,0.0,0.0,0.0,0.0,0.0,0.0,,0.0
class_size,2022,01620010,Lunenburg Primary School,School,Engineering and Technology,0,0.0,0,0.0,0.0,0.0,0.0,0.0,0.0,0.0,0.0,0.0,0.0,0.0,,0.0
class_size,2022,01620010,Lunenburg Primary School,School,English/Language Arts,5,22.2,111,0.0,0.0,0.027,0.081,0.045,0.009,0.838,0.514,0.487,0.018,33.3,,0.117
class_size,2022,01620010,Lunenburg Primary School,School,Foreign Language,0,0.0,0,0.0,0.0,0.0,0.0,0.0,0.0,0.0,0.0,0.0,0.0,0.0,,0.0
class_size,2022,01620010,Lunenburg Primary School,School,Geography,0,0.0,0,0.0,0.0,0.0,0.0,0.0,0.0,0.0,0.0,0.0,0.0,0.0,,0.0
class_size,2022,01620010,Lunenburg Primary School,School,Health Care Sciences,0,0.0,0,0.0,0.0,0.0,0.0,0.0,0.0,0.0,0.0,0.0,0.0,0.0,,0.0
class_size,2022,01620010,Lunenburg Primary School,School,History,0,0.0,0,0.0,0.0,0.0,0.0,0.0,0.0,0.0,0.0,0.0,0.0,0.0,,0.0
class_size,2022,01620010,Lunenburg Primary School,School,Hospitality and Tourism,0,0.0,0,0.0,0.0,0.0,0.0,0.0,0.0,0.0,0.0,0.0,0.0,0.0,,0.0
class_size,2022,01620010,Lunenburg Primary School,School,Human Services,0,0.0,0,0.0,0.0,0.0,0.0,0.0,0.0,0.0,0.0,0.0,0.0,0.0,,0.0
class_size,2022,01620010,Lunenburg Primary School,School,Manufacturing,0,0.0,0,0.0,0.0,0.0,0.0,0.0,0.0,0.0,0.0,0.0,0.0,0.0,,0.0
class_size,2022,01620010,Lunenburg Primary School,School,Mathematics,16,21.4,341,0.0,0.006,0.026,0.1,0.044,0.006,0.818,0.519,0.481,0.026,33.1,,0.111
class_size,2022,01620010,Lunenburg Primary School,School,Military Science,0,0.0,0,0.0,0.0,0.0,0.0,0.0,0.0,0.0,0.0,0.0,0.0,0.0,,0.0
class_size,2022,01620010,Lunenburg Primary School,School,Miscellaneous,2,5.0,10,0.0,0.0,0.2,0.3,0.0,0.0,0.5,0.3,0.7,0.2,90.0,,0.9
class_size,2022,01620010,Lunenburg Primary School,School,"Physical, Health, and Safety Education",1,341.0,341,0.0,0.006,0.026,0.1,0.044,0.006,0.818,0.519,0.481,0.026,33.1,,0.111
class_size,2022,01620010,Lunenburg Primary School,School,"Public, Protective, and Government Service",0,0.0,0,0.0,0.0,0.0,0.0,0.0,0.0,0.0,0.0,0.0,0.0,0.0,,0.0
class_size,2022,01620010,Lunenburg Primary School,School,Reading,16,21.4,341,0.0,0.006,0.026,0.1,0.044,0.006,0.818,0.519,0.481,0.026,33.1,,0.111
class_size,2022,01620010,Lunenburg Primary School,School,Religious Education and Theology,0,0.0,0,0.0,0.0,0.0,0.0,0.0,0.0,0.0,0.0,0.0,0.0,0.0,,0.0
class_size,2022,01620010,Lunenburg Primary School,School,Science,16,21.4,341,0.0,0.006,0.026,0.1,0.044,0.006,0.818,0.519,0.481,0.026,33.1,,0.111
class_size,2022,01620010,Lunenburg Primary School,School,Social Studies/Social Sciences,16,21.4,341,0.0,0.006,0.026,0.1,0.044,0.006,0.818,0.519,0.481,0.026,33.1,,0.111
class_size,2022,01620010,Lunenburg Primary School,School,"Transportation, Distribution and Logistics",0,0.0,0,0.0,0.0,0.0,0.0,0.0,0.0,0.0,0.0,0.0,0.0,0.0,,0.0
class_size,2022,01620010,Lunenburg Primary School,School,CH74 - Agriculture and Natural Resources,0,0.0,0,0.0,0.0,0.0,0.0,0.0,0.0,0.0,0.0,0.0,0.0,0.0,,0.0
class_size,2022,01620010,Lunenburg Primary School,School,CH74 - Arts and Communications Services,0,0.0,0,0.0,0.0,0.0,0.0,0.0,0.0,0.0,0.0,0.0,0.0,0.0,,0.0
class_size,2022,01620010,Lunenburg Primary School,School,CH74 - Business and Consumer Services,0,0.0,0,0.0,0.0,0.0,0.0,0.0,0.0,0.0,0.0,0.0,0.0,0.0,,0.0
class_size,2022,01620010,Lunenburg Primary School,School,CH74 - Construction,0,0.0,0,0.0,0.0,0.0,0.0,0.0,0.0,0.0,0.0,0.0,0.0,0.0,,0.0
class_size,2022,01620010,Lunenburg Primary School,School,CH74 - Exploratory,0,0.0,0,0.0,0.0,0.0,0.0,0.0,0.0,0.0,0.0,0.0,0.0,0.0,,0.0
class_size,2022,01620010,Lunenburg Primary School,School,CH74 - Health,0,0.0,0,0.0,0.0,0.0,0.0,0.0,0.0,0.0,0.0,0.0,0.0,0.0,,0.0
class_size,2022,01620010,Lunenburg Primary School,School,CH74 - Hospitality and Tourism,0,0.0,0,0.0,0.0,0.0,0.0,0.0,0.0,0.0,0.0,0.0,0.0,0.0,,0.0
class_size,2022,01620010,Lunenburg Primary School,School,CH74 - Human Services and Education,0,0.0,0,0.0,0.0,0.0,0.0,0.0,0.0,0.0,0.0,0.0,0.0,0.0,,0.0
class_size,2022,01620010,Lunenburg Primary School,School,CH74 - Information Technology Services,0,0.0,0,0.0,0.0,0.0,0.0,0.0,0.0,0.0,0.0,0.0,0.0,0.0,,0.0
class_size,2022,01620010,Lunenburg Primary School,School,CH74 - Transportation,0,0.0,0,0.0,0.0,0.0,0.0,0.0,0.0,0.0,0.0,0.0,0.0,0.0,,0.0
class_size,2022,01620010,Lunenburg Primary School,School,"CH74 - Manufacturing, Engineering and Technology",0,0.0,0,0.0,0.0,0.0,0.0,0.0,0.0,0.0,0.0,0.0,0.0,0.0,,0.0
class_size,2022,01620010,Lunenburg Primary School,School,Architecture and Construction,0,0.0,0,0.0,0.0,0.0,0.0,0.0,0.0,0.0,0.0,0.0,0.0,0.0,,0.0
class_size,2022,01620025,Turkey Hill Elementary School,School,All,151,22.3,358,0.0,0.014,0.042,0.084,0.028,0.003,0.83,0.5,0.5,0.02,26.3,,0.14
class_size,2022,01620025,Turkey Hill Elementary School,School,"Agriculture, Food and Natural Resources",0,0.0,0,0.0,0.0,0.0,0.0,0.0,0.0,0.0,0.0,0.0,0.0,0.0,,0.0
class_size,2022,01620025,Turkey Hill Elementary School,School,Arts,33,22.3,357,0.0,0.011,0.042,0.084,0.028,0.003,0.832,0.501,0.499,0.02,26.3,,0.14
class_size,2022,01620025,Turkey Hill Elementary School,School,Business and Marketing,0,0.0,0,0.0,0.0,0.0,0.0,0.0,0.0,0.0,0.0,0.0,0.0,0.0,,0.0
class_size,2022,01620025,Turkey Hill Elementary School,School,Civics/Government,0,0.0,0,0.0,0.0,0.0,0.0,0.0,0.0,0.0,0.0,0.0,0.0,0.0,,0.0
class_size,2022,01620025,Turkey Hill Elementary School,School,Communications and Audio/Visual Technology,0,0.0,0,0.0,0.0,0.0,0.0,0.0,0.0,0.0,0.0,0.0,0.0,0.0,,0.0
class_size,2022,01620025,Turkey Hill Elementary School,School,Computer and Information Sciences,6,21.8,131,0.0,0.0,0.053,0.038,0.023,0.008,0.878,0.496,0.504,0.023,26.0,,0.153
class_size,2022,01620025,Turkey Hill Elementary School,School,Core-All Subjects,22,22.2,357,0.0,0.011,0.042,0.084,0.028,0.003,0.832,0.501,0.499,0.02,26.3,,0.14
class_size,2022,01620025,Turkey Hill Elementary School,School,Economics,0,0.0,0,0.0,0.0,0.0,0.0,0.0,0.0,0.0,0.0,0.0,0.0,0.0,,0.0
class_size,2022,01620025,Turkey Hill Elementary School,School,Engineering and Technology,0,0.0,0,0.0,0.0,0.0,0.0,0.0,0.0,0.0,0.0,0.0,0.0,0.0,,0.0
class_size,2022,01620025,Turkey Hill Elementary School,School,English/Language Arts,16,22.3,357,0.0,0.011,0.042,0.084,0.028,0.003,0.832,0.501,0.499,0.02,26.3,,0.14
class_size,2022,01620025,Turkey Hill Elementary School,School,Foreign Language,0,0.0,0,0.0,0.0,0.0,0.0,0.0,0.0,0.0,0.0,0.0,0.0,0.0,,0.0
class_size,2022,01620025,Turkey Hill Elementary School,School,Geography,0,0.0,0,0.0,0.0,0.0,0.0,0.0,0.0,0.0,0.0,0.0,0.0,0.0,,0.0
class_size,2022,01620025,Turkey Hill Elementary School,School,Health Care Sciences,0,0.0,0,0.0,0.0,0.0,0.0,0.0,0.0,0.0,0.0,0.0,0.0,0.0,,0.0
class_size,2022,01620025,Turkey Hill Elementary School,School,History,0,0.0,0,0.0,0.0,0.0,0.0,0.0,0.0,0.0,0.0,0.0,0.0,0.0,,0.0
class_size,2022,01620025,Turkey Hill Elementary School,School,Hospitality and Tourism,0,0.0,0,0.0,0.0,0.0,0.0,0.0,0.0,0.0,0.0,0.0,0.0,0.0,,0.0
class_size,2022,01620025,Turkey Hill Elementary School,School,Human Services,0,0.0,0,0.0,0.0,0.0,0.0,0.0,0.0,0.0,0.0,0.0,0.0,0.0,,0.0
class_size,2022,01620025,Turkey Hill Elementary School,School,Manufacturing,0,0.0,0,0.0,0.0,0.0,0.0,0.0,0.0,0.0,0.0,0.0,0.0,0.0,,0.0
class_size,2022,01620025,Turkey Hill Elementary School,School,Mathematics,16,22.3,357,0.0,0.011,0.042,0.084,0.028,0.003,0.832,0.501,0.499,0.02,26.3,,0.14
class_size,2022,01620025,Turkey Hill Elementary School,School,Military Science,0,0.0,0,0.0,0.0,0.0,0.0,0.0,0.0,0.0,0.0,0.0,0.0,0.0,,0.0
class_size,2022,01620025,Turkey Hill Elementary School,School,Miscellaneous,0,0.0,0,0.0,0.0,0.0,0.0,0.0,0.0,0.0,0.0,0.0,0.0,0.0,,0.0
class_size,2022,01620025,Turkey Hill Elementary School,School,"Physical, Health, and Safety Education",15,22.3,335,0.0,0.012,0.045,0.09,0.024,0.003,0.827,0.499,0.502,0.021,27.5,,0.14
class_size,2022,01620025,Turkey Hill Elementary School,School,"Public, Protective, and Government Service",0,0.0,0,0.0,0.0,0.0,0.0,0.0,0.0,0.0,0.0,0.0,0.0,0.0,,0.0
class_size,2022,01620025,Turkey Hill Elementary School,School,Reading,11,22.0,242,0.0,0.008,0.041,0.079,0.021,0.004,0.847,0.508,0.492,0.021,26.9,,0.136
class_size,2022,01620025,Turkey Hill Elementary School,School,Religious Education and Theology,0,0.0,0,0.0,0.0,0.0,0.0,0.0,0.0,0.0,0.0,0.0,0.0,0.0,,0.0
class_size,2022,01620025,Turkey Hill Elementary School,School,Science,17,22.3,357,0.0,0.011,0.042,0.084,0.028,0.003,0.832,0.501,0.499,0.02,26.3,,0.14
class_size,2022,01620025,Turkey Hill Elementary School,School,Social Studies/Social Sciences,15,22.3,334,0.0,0.012,0.045,0.075,0.027,0.003,0.838,0.506,0.494,0.018,25.8,,0.147
class_size,2022,01620025,Turkey Hill Elementary School,School,"Transportation, Distribution and Logistics",0,0.0,0,0.0,0.0,0.0,0.0,0.0,0.0,0.0,0.0,0.0,0.0,0.0,,0.0
class_size,2022,01620025,Turkey Hill Elementary School,School,CH74 - Agriculture and Natural Resources,0,0.0,0,0.0,0.0,0.0,0.0,0.0,0.0,0.0,0.0,0.0,0.0,0.0,,0.0
class_size,2022,01620025,Turkey Hill Elementary School,School,CH74 - Arts and Communications Services,0,0.0,0,0.0,0.0,0.0,0.0,0.0,0.0,0.0,0.0,0.0,0.0,0.0,,0.0
class_size,2022,01620025,Turkey Hill Elementary School,School,CH74 - Business and Consumer Services,0,0.0,0,0.0,0.0,0.0,0.0,0.0,0.0,0.0,0.0,0.0,0.0,0.0,,0.0
class_size,2022,01620025,Turkey Hill Elementary School,School,CH74 - Construction,0,0.0,0,0.0,0.0,0.0,0.0,0.0,0.0,0.0,0.0,0.0,0.0,0.0,,0.0
class_size,2022,01620025,Turkey Hill Elementary School,School,CH74 - Exploratory,0,0.0,0,0.0,0.0,0.0,0.0,0.0,0.0,0.0,0.0,0.0,0.0,0.0,,0.0
class_size,2022,01620025,Turkey Hill Elementary School,School,CH74 - Health,0,0.0,0,0.0,0.0,0.0,0.0,0.0,0.0,0.0,0.0,0.0,0.0,0.0,,0.0
class_size,2022,01620025,Turkey Hill Elementary School,School,CH74 - Hospitality and Tourism,0,0.0,0,0.0,0.0,0.0,0.0,0.0,0.0,0.0,0.0,0.0,0.0,0.0,,0.0
class_size,2022,01620025,Turkey Hill Elementary School,School,CH74 - Human Services and Education,0,0.0,0,0.0,0.0,0.0,0.0,0.0,0.0,0.0,0.0,0.0,0.0,0.0,,0.0
class_size,2022,01620025,Turkey Hill Elementary School,School,CH74 - Information Technology Services,0,0.0,0,0.0,0.0,0.0,0.0,0.0,0.0,0.0,0.0,0.0,0.0,0.0,,0.0
class_size,2022,01620025,Turkey Hill Elementary School,School,CH74 - Transportation,0,0.0,0,0.0,0.0,0.0,0.0,0.0,0.0,0.0,0.0,0.0,0.0,0.0,,0.0
class_size,2022,01620025,Turkey Hill Elementary School,School,"CH74 - Manufacturing, Engineering and Technology",0,0.0,0,0.0,0.0,0.0,0.0,0.0,0.0,0.0,0.0,0.0,0.0,0.0,,0.0
class_size,2022,01620025,Turkey Hill Elementary School,School,Architecture and Construction,0,0.0,0,0.0,0.0,0.0,0.0,0.0,0.0,0.0,0.0,0.0,0.0,0.0,,0.0
class_size,2021,01620605,Advanced Community Experience Program,School,All,1,4.0,4,0.0,0.0,0.0,0.0,0.0,0.0,1.0,0.5,0.5,0.0,,0.5,1.0
class_size,2021,01620605,Advanced Community Experience Program,School,"Agriculture, Food and Natural Resources",0,0.0,0,0.0,0.0,0.0,0.0,0.0,0.0,0.0,0.0,0.0,0.0,,0.0,0.0
class_size,2021,01620605,Advanced Community Experience Program,School,Arts,0,0.0,0,0.0,0.0,0.0,0.0,0.0,0.0,0.0,0.0,0.0,0.0,,0.0,0.0
class_size,2021,01620605,Advanced Community Experience Program,School,Business and Marketing,0,0.0,0,0.0,0.0,0.0,0.0,0.0,0.0,0.0,0.0,0.0,0.0,,0.0,0.0
class_size,2021,01620605,Advanced Community Experience Program,School,Civics/Government,0,0.0,0,0.0,0.0,0.0,0.0,0.0,0.0,0.0,0.0,0.0,0.0,,0.0,0.0
class_size,2021,01620605,Advanced Community Experience Program,School,Communications and Audio/Visual Technology,0,0.0,0,0.0,0.0,0.0,0.0,0.0,0.0,0.0,0.0,0.0,0.0,,0.0,0.0
class_size,2021,01620605,Advanced Community Experience Program,School,Computer and Information Sciences,0,0.0,0,0.0,0.0,0.0,0.0,0.0,0.0,0.0,0.0,0.0,0.0,,0.0,0.0
class_size,2021,01620605,Advanced Community Experience Program,School,Core-All Subjects,0,0.0,0,0.0,0.0,0.0,0.0,0.0,0.0,0.0,0.0,0.0,0.0,,0.0,0.0
class_size,2021,01620605,Advanced Community Experience Program,School,Economics,0,0.0,0,0.0,0.0,0.0,0.0,0.0,0.0,0.0,0.0,0.0,0.0,,0.0,0.0
class_size,2021,01620605,Advanced Community Experience Program,School,Engineering and Technology,0,0.0,0,0.0,0.0,0.0,0.0,0.0,0.0,0.0,0.0,0.0,0.0,,0.0,0.0
class_size,2021,01620605,Advanced Community Experience Program,School,English/Language Arts,0,0.0,0,0.0,0.0,0.0,0.0,0.0,0.0,0.0,0.0,0.0,0.0,,0.0,0.0
class_size,2021,01620605,Advanced Community Experience Program,School,Foreign Language,0,0.0,0,0.0,0.0,0.0,0.0,0.0,0.0,0.0,0.0,0.0,0.0,,0.0,0.0
class_size,2021,01620605,Advanced Community Experience Program,School,Geography,0,0.0,0,0.0,0.0,0.0,0.0,0.0,0.0,0.0,0.0,0.0,0.0,,0.0,0.0
class_size,2021,01620605,Advanced Community Experience Program,School,Health Care Sciences,0,0.0,0,0.0,0.0,0.0,0.0,0.0,0.0,0.0,0.0,0.0,0.0,,0.0,0.0
class_size,2021,01620605,Advanced Community Experience Program,School,History,0,0.0,0,0.0,0.0,0.0,0.0,0.0,0.0,0.0,0.0,0.0,0.0,,0.0,0.0
class_size,2021,01620605,Advanced Community Experience Program,School,Hospitality and Tourism,0,0.0,0,0.0,0.0,0.0,0.0,0.0,0.0,0.0,0.0,0.0,0.0,,0.0,0.0
class_size,2021,01620605,Advanced Community Experience Program,School,Human Services,0,0.0,0,0.0,0.0,0.0,0.0,0.0,0.0,0.0,0.0,0.0,0.0,,0.0,0.0
class_size,2021,01620605,Advanced Community Experience Program,School,Manufacturing,0,0.0,0,0.0,0.0,0.0,0.0,0.0,0.0,0.0,0.0,0.0,0.0,,0.0,0.0
class_size,2021,01620605,Advanced Community Experience Program,School,Mathematics,0,0.0,0,0.0,0.0,0.0,0.0,0.0,0.0,0.0,0.0,0.0,0.0,,0.0,0.0
class_size,2021,01620605,Advanced Community Experience Program,School,Military Science,0,0.0,0,0.0,0.0,0.0,0.0,0.0,0.0,0.0,0.0,0.0,0.0,,0.0,0.0
class_size,2021,01620605,Advanced Community Experience Program,School,Miscellaneous,1,4.0,4,0.0,0.0,0.0,0.0,0.0,0.0,1.0,0.5,0.5,0.0,,0.5,1.0
class_size,2021,01620605,Advanced Community Experience Program,School,"Physical, Health, and Safety Education",0,0.0,0,0.0,0.0,0.0,0.0,0.0,0.0,0.0,0.0,0.0,0.0,,0.0,0.0
class_size,2021,01620605,Advanced Community Experience Program,School,"Public, Protective, and Government Service",0,0.0,0,0.0,0.0,0.0,0.0,0.0,0.0,0.0,0.0,0.0,0.0,,0.0,0.0
class_size,2021,01620605,Advanced Community Experience Program,School,Reading,0,0.0,0,0.0,0.0,0.0,0.0,0.0,0.0,0.0,0.0,0.0,0.0,,0.0,0.0
class_size,2021,01620605,Advanced Community Experience Program,School,Religious Education and Theology,0,0.0,0,0.0,0.0,0.0,0.0,0.0,0.0,0.0,0.0,0.0,0.0,,0.0,0.0
class_size,2021,01620605,Advanced Community Experience Program,School,Science,0,0.0,0,0.0,0.0,0.0,0.0,0.0,0.0,0.0,0.0,0.0,0.0,,0.0,0.0
class_size,2021,01620605,Advanced Community Experience Program,School,Social Studies/Social Sciences,0,0.0,0,0.0,0.0,0.0,0.0,0.0,0.0,0.0,0.0,0.0,0.0,,0.0,0.0
class_size,2021,01620605,Advanced Community Experience Program,School,"Transportation, Distribution and Logistics",0,0.0,0,0.0,0.0,0.0,0.0,0.0,0.0,0.0,0.0,0.0,0.0,,0.0,0.0
class_size,2021,01620605,Advanced Community Experience Program,School,CH74 - Agriculture and Natural Resources,0,0.0,0,0.0,0.0,0.0,0.0,0.0,0.0,0.0,0.0,0.0,0.0,,0.0,0.0
class_size,2021,01620605,Advanced Community Experience Program,School,CH74 - Arts and Communications Services,0,0.0,0,0.0,0.0,0.0,0.0,0.0,0.0,0.0,0.0,0.0,0.0,,0.0,0.0
class_size,2021,01620605,Advanced Community Experience Program,School,CH74 - Business and Consumer Services,0,0.0,0,0.0,0.0,0.0,0.0,0.0,0.0,0.0,0.0,0.0,0.0,,0.0,0.0
class_size,2021,01620605,Advanced Community Experience Program,School,CH74 - Construction,0,0.0,0,0.0,0.0,0.0,0.0,0.0,0.0,0.0,0.0,0.0,0.0,,0.0,0.0
class_size,2021,01620605,Advanced Community Experience Program,School,CH74 - Exploratory,0,0.0,0,0.0,0.0,0.0,0.0,0.0,0.0,0.0,0.0,0.0,0.0,,0.0,0.0
class_size,2021,01620605,Advanced Community Experience Program,School,CH74 - Health,0,0.0,0,0.0,0.0,0.0,0.0,0.0,0.0,0.0,0.0,0.0,0.0,,0.0,0.0
class_size,2021,01620605,Advanced Community Experience Program,School,CH74 - Hospitality and Tourism,0,0.0,0,0.0,0.0,0.0,0.0,0.0,0.0,0.0,0.0,0.0,0.0,,0.0,0.0
class_size,2021,01620605,Advanced Community Experience Program,School,CH74 - Human Services and Education,0,0.0,0,0.0,0.0,0.0,0.0,0.0,0.0,0.0,0.0,0.0,0.0,,0.0,0.0
class_size,2021,01620605,Advanced Community Experience Program,School,CH74 - Information Technology Services,0,0.0,0,0.0,0.0,0.0,0.0,0.0,0.0,0.0,0.0,0.0,0.0,,0.0,0.0
class_size,2021,01620605,Advanced Community Experience Program,School,CH74 - Transportation,0,0.0,0,0.0,0.0,0.0,0.0,0.0,0.0,0.0,0.0,0.0,0.0,,0.0,0.0
class_size,2021,01620605,Advanced Community Experience Program,School,"CH74 - Manufacturing, Engineering and Technology",0,0.0,0,0.0,0.0,0.0,0.0,0.0,0.0,0.0,0.0,0.0,0.0,,0.0,0.0
class_size,2021,01620605,Advanced Community Experience Program,School,Architecture and Construction,0,0.0,0,0.0,0.0,0.0,0.0,0.0,0.0,0.0,0.0,0.0,0.0,,0.0,0.0
class_size,2021,01620000,Lunenburg,District,All,890,17.0,1595,0.003,0.015,0.02,0.095,0.027,0.006,0.834,0.48,0.517,0.012,,0.214,0.154
class_size,2021,01620000,Lunenburg,District,"Agriculture, Food and Natural Resources",3,6.7,13,0.077,0.0,0.077,0.0,0.0,0.0,0.846,0.539,0.462,0.0,,0.231,0.0
class_size,2021,01620000,Lunenburg,District,Arts,106,25.4,1300,0.002,0.014,0.021,0.09,0.03,0.005,0.839,0.501,0.499,0.013,,0.212,0.139
class_size,2021,01620000,Lunenburg,District,Business and Marketing,6,4.0,24,0.0,0.042,0.0,0.25,0.0,0.0,0.708,0.333,0.667,0.0,,0.25,0.042
class_size,2021,01620000,Lunenburg,District,Civics/Government,12,15.9,173,0.0,0.0,0.012,0.145,0.023,0.006,0.815,0.457,0.538,0.012,,0.191,0.116
class_size,2021,01620000,Lunenburg,District,Communications and Audio/Visual Technology,6,67.3,394,0.0,0.003,0.023,0.094,0.033,0.005,0.843,0.454,0.546,0.025,,0.234,0.16
class_size,2021,01620000,Lunenburg,District,Computer and Information Sciences,6,19.5,115,0.0,0.0,0.009,0.139,0.026,0.009,0.817,0.452,0.539,0.009,,0.217,0.157
class_size,2021,01620000,Lunenburg,District,Core-All Subjects,72,24.2,974,0.0,0.018,0.025,0.089,0.032,0.004,0.833,0.492,0.508,0.016,,0.231,0.168
class_size,2021,01620000,Lunenburg,District,Economics,4,12.3,49,0.0,0.0,0.02,0.102,0.0,0.0,0.878,0.388,0.612,0.02,,0.102,0.02
class_size,2021,01620000,Lunenburg,District,Engineering and Technology,3,12.3,37,0.0,0.0,0.0,0.027,0.0,0.0,0.973,0.027,0.946,0.0,,0.135,0.108
class_size,2021,01620000,Lunenburg,District,English/Language Arts,115,14.5,1499,0.003,0.015,0.019,0.091,0.027,0.006,0.839,0.48,0.518,0.011,,0.208,0.136
class_size,2021,01620000,Lunenburg,District,Foreign Language,41,12.5,507,0.002,0.016,0.012,0.083,0.026,0.008,0.854,0.485,0.511,0.006,,0.185,0.067
class_size,2021,01620000,Lunenburg,District,Geography,0,0.0,0,0.0,0.0,0.0,0.0,0.0,0.0,0.0,0.0,0.0,0.0,,0.0,0.0
class_size,2021,01620000,Lunenburg,District,Health Care Sciences,1,8.0,8,0.0,0.0,0.0,0.125,0.0,0.0,0.875,0.5,0.5,0.0,,0.375,0.125
class_size,2021,01620000,Lunenburg,District,History,16,15.6,248,0.008,0.028,0.004,0.065,0.02,0.008,0.867,0.452,0.548,0.004,,0.169,0.105
class_size,2021,01620000,Lunenburg,District,Hospitality and Tourism,0,0.0,0,0.0,0.0,0.0,0.0,0.0,0.0,0.0,0.0,0.0,0.0,,0.0,0.0
class_size,2021,01620000,Lunenburg,District,Human Services,0,0.0,0,0.0,0.0,0.0,0.0,0.0,0.0,0.0,0.0,0.0,0.0,,0.0,0.0
class_size,2021,01620000,Lunenburg,District,Manufacturing,0,0.0,0,0.0,0.0,0.0,0.0,0.0,0.0,0.0,0.0,0.0,0.0,,0.0,0.0
class_size,2021,01620000,Lunenburg,District,Mathematics,116,14.1,1522,0.003,0.015,0.02,0.091,0.027,0.006,0.837,0.486,0.512,0.012,,0.205,0.133
class_size,2021,01620000,Lunenburg,District,Military Science,0,0.0,0,0.0,0.0,0.0,0.0,0.0,0.0,0.0,0.0,0.0,0.0,,0.0,0.0
class_size,2021,01620000,Lunenburg,District,Miscellaneous,38,5.0,123,0.016,0.0,0.041,0.138,0.016,0.0,0.789,0.472,0.512,0.033,,0.333,0.529
class_size,2021,01620000,Lunenburg,District,"Physical, Health, and Safety Education",107,22.2,1395,0.002,0.014,0.02,0.087,0.028,0.007,0.842,0.474,0.524,0.012,,0.208,0.14
class_size,2021,01620000,Lunenburg,District,"Public, Protective, and Government Service",0,0.0,0,0.0,0.0,0.0,0.0,0.0,0.0,0.0,0.0,0.0,0.0,,0.0,0.0
class_size,2021,01620000,Lunenburg,District,Reading,44,11.1,470,0.0,0.006,0.03,0.096,0.028,0.004,0.836,0.496,0.504,0.026,,0.253,0.194
class_size,2021,01620000,Lunenburg,District,Religious Education and Theology,0,0.0,0,0.0,0.0,0.0,0.0,0.0,0.0,0.0,0.0,0.0,0.0,,0.0,0.0
class_size,2021,01620000,Lunenburg,District,Science,116,14.2,1480,0.003,0.015,0.02,0.091,0.028,0.006,0.837,0.489,0.509,0.012,,0.207,0.135
class_size,2021,01620000,Lunenburg,District,Social Studies/Social Sciences,78,14.2,1047,0.001,0.016,0.025,0.09,0.031,0.005,0.833,0.501,0.5,0.015,,0.216,0.138
class_size,2021,01620000,Lunenburg,District,"Transportation, Distribution and Logistics",0,0.0,0,0.0,0.0,0.0,0.0,0.0,0.0,0.0,0.0,0.0,0.0,,0.0,0.0
class_size,2021,01620000,Lunenburg,District,CH74 - Agriculture and Natural Resources,0,0.0,0,0.0,0.0,0.0,0.0,0.0,0.0,0.0,0.0,0.0,0.0,,0.0,0.0
class_size,2021,01620000,Lunenburg,District,CH74 - Arts and Communications Services,0,0.0,0,0.0,0.0,0.0,0.0,0.0,0.0,0.0,0.0,0.0,0.0,,0.0,0.0
class_size,2021,01620000,Lunenburg,District,CH74 - Business and Consumer Services,0,0.0,0,0.0,0.0,0.0,0.0,0.0,0.0,0.0,0.0,0.0,0.0,,0.0,0.0
class_size,2021,01620000,Lunenburg,District,CH74 - Construction,0,0.0,0,0.0,0.0,0.0,0.0,0.0,0.0,0.0,0.0,0.0,0.0,,0.0,0.0
class_size,2021,01620000,Lunenburg,District,CH74 - Exploratory,0,0.0,0,0.0,0.0,0.0,0.0,0.0,0.0,0.0,0.0,0.0,0.0,,0.0,0.0
class_size,2021,01620000,Lunenburg,District,CH74 - Health,0,0.0,0,0.0,0.0,0.0,0.0,0.0,0.0,0.0,0.0,0.0,0.0,,0.0,0.0
class_size,2021,01620000,Lunenburg,District,CH74 - Hospitality and Tourism,0,0.0,0,0.0,0.0,0.0,0.0,0.0,0.0,0.0,0.0,0.0,0.0,,0.0,0.0
class_size,2021,01620000,Lunenburg,District,CH74 - Human Services and Education,0,0.0,0,0.0,0.0,0.0,0.0,0.0,0.0,0.0,0.0,0.0,0.0,,0.0,0.0
class_size,2021,01620000,Lunenburg,District,CH74 - Information Technology Services,0,0.0,0,0.0,0.0,0.0,0.0,0.0,0.0,0.0,0.0,0.0,0.0,,0.0,0.0
class_size,2021,01620000,Lunenburg,District,CH74 - Transportation,0,0.0,0,0.0,0.0,0.0,0.0,0.0,0.0,0.0,0.0,0.0,0.0,,0.0,0.0
class_size,2021,01620000,Lunenburg,District,"CH74 - Manufacturing, Engineering and Technology",0,0.0,0,0.0,0.0,0.0,0.0,0.0,0.0,0.0,0.0,0.0,0.0,,0.0,0.0
class_size,2021,01620000,Lunenburg,District,Architecture and Construction,0,0.0,0,0.0,0.0,0.0,0.0,0.0,0.0,0.0,0.0,0.0,0.0,,0.0,0.0
class_size,2021,01620505,Lunenburg High,School,All,230,13.4,458,0.009,0.015,0.015,0.087,0.018,0.007,0.849,0.461,0.533,0.004,,0.173,0.109
class_size,2021,01620505,Lunenburg High,School,"Agriculture, Food and Natural Resources",2,9.0,11,0.0,0.0,0.091,0.0,0.0,0.0,0.909,0.546,0.455,0.0,,0.182,0.0
class_size,2021,01620505,Lunenburg High,School,Arts,18,15.9,208,0.005,0.005,0.01,0.063,0.019,0.01,0.889,0.519,0.481,0.0,,0.149,0.077
class_size,2021,01620505,Lunenburg High,School,Business and Marketing,1,2.0,2,0.0,0.0,0.0,0.5,0.0,0.0,0.5,0.5,0.5,0.0,,0.5,0.0
class_size,2021,01620505,Lunenburg High,School,Civics/Government,3,13.7,40,0.0,0.0,0.0,0.1,0.0,0.0,0.9,0.35,0.65,0.0,,0.15,0.025
class_size,2021,01620505,Lunenburg High,School,Communications and Audio/Visual Technology,4,14.8,53,0.0,0.0,0.0,0.113,0.019,0.0,0.868,0.283,0.717,0.0,,0.151,0.17
class_size,2021,01620505,Lunenburg High,School,Computer and Information Sciences,0,0.0,0,0.0,0.0,0.0,0.0,0.0,0.0,0.0,0.0,0.0,0.0,,0.0,0.0
class_size,2021,01620505,Lunenburg High,School,Core-All Subjects,0,0.0,0,0.0,0.0,0.0,0.0,0.0,0.0,0.0,0.0,0.0,0.0,,0.0,0.0
class_size,2021,01620505,Lunenburg High,School,Economics,2,21.5,43,0.0,0.0,0.0,0.093,0.0,0.0,0.907,0.326,0.674,0.0,,0.07,0.023
class_size,2021,01620505,Lunenburg High,School,Engineering and Technology,3,12.3,37,0.0,0.0,0.0,0.027,0.0,0.0,0.973,0.027,0.946,0.0,,0.135,0.108
class_size,2021,01620505,Lunenburg High,School,English/Language Arts,28,14.9,403,0.007,0.017,0.012,0.079,0.015,0.007,0.861,0.439,0.553,0.003,,0.166,0.104
class_size,2021,01620505,Lunenburg High,School,Foreign Language,24,10.0,240,0.004,0.017,0.008,0.067,0.017,0.004,0.883,0.475,0.521,0.008,,0.146,0.063
class_size,2021,01620505,Lunenburg High,School,Geography,0,0.0,0,0.0,0.0,0.0,0.0,0.0,0.0,0.0,0.0,0.0,0.0,,0.0,0.0
class_size,2021,01620505,Lunenburg High,School,Health Care Sciences,1,8.0,8,0.0,0.0,0.0,0.125,0.0,0.0,0.875,0.5,0.5,0.0,,0.375,0.125
class_size,2021,01620505,Lunenburg High,School,History,15,16.0,238,0.008,0.025,0.0,0.055,0.021,0.008,0.882,0.45,0.55,0.004,,0.177,0.101
class_size,2021,01620505,Lunenburg High,School,Hospitality and Tourism,0,0.0,0,0.0,0.0,0.0,0.0,0.0,0.0,0.0,0.0,0.0,0.0,,0.0,0.0
class_size,2021,01620505,Lunenburg High,School,Human Services,0,0.0,0,0.0,0.0,0.0,0.0,0.0,0.0,0.0,0.0,0.0,0.0,,0.0,0.0
class_size,2021,01620505,Lunenburg High,School,Manufacturing,0,0.0,0,0.0,0.0,0.0,0.0,0.0,0.0,0.0,0.0,0.0,0.0,,0.0,0.0
class_size,2021,01620505,Lunenburg High,School,Mathematics,28,16.0,405,0.007,0.015,0.01,0.079,0.015,0.007,0.867,0.459,0.536,0.003,,0.163,0.101
class_size,2021,01620505,Lunenburg High,School,Military Science,0,0.0,0,0.0,0.0,0.0,0.0,0.0,0.0,0.0,0.0,0.0,0.0,,0.0,0.0
class_size,2021,01620505,Lunenburg High,School,Miscellaneous,33,4.9,93,0.011,0.0,0.011,0.151,0.011,0.0,0.817,0.452,0.527,0.011,,0.312,0.527
class_size,2021,01620505,Lunenburg High,School,"Physical, Health, and Safety Education",28,17.6,305,0.01,0.01,0.013,0.062,0.016,0.01,0.879,0.403,0.59,0.003,,0.157,0.095
class_size,2021,01620505,Lunenburg High,School,"Public, Protective, and Government Service",0,0.0,0,0.0,0.0,0.0,0.0,0.0,0.0,0.0,0.0,0.0,0.0,,0.0,0.0
class_size,2021,01620505,Lunenburg High,School,Reading,3,5.3,11,0.0,0.0,0.0,0.364,0.0,0.0,0.636,0.546,0.455,0.0,,0.455,1.0
class_size,2021,01620505,Lunenburg High,School,Religious Education and Theology,0,0.0,0,0.0,0.0,0.0,0.0,0.0,0.0,0.0,0.0,0.0,0.0,,0.0,0.0
class_size,2021,01620505,Lunenburg High,School,Science,32,14.8,375,0.011,0.013,0.013,0.069,0.019,0.005,0.869,0.467,0.528,0.003,,0.163,0.104
class_size,2021,01620505,Lunenburg High,School,Social Studies/Social Sciences,5,18.4,83,0.0,0.0,0.036,0.096,0.012,0.0,0.855,0.494,0.506,0.0,,0.121,0.048
class_size,2021,01620505,Lunenburg High,School,"Transportation, Distribution and Logistics",0,0.0,0,0.0,0.0,0.0,0.0,0.0,0.0,0.0,0.0,0.0,0.0,,0.0,0.0
class_size,2021,01620505,Lunenburg High,School,CH74 - Agriculture and Natural Resources,0,0.0,0,0.0,0.0,0.0,0.0,0.0,0.0,0.0,0.0,0.0,0.0,,0.0,0.0
class_size,2021,01620505,Lunenburg High,School,CH74 - Arts and Communications Services,0,0.0,0,0.0,0.0,0.0,0.0,0.0,0.0,0.0,0.0,0.0,0.0,,0.0,0.0
class_size,2021,01620505,Lunenburg High,School,CH74 - Business and Consumer Services,0,0.0,0,0.0,0.0,0.0,0.0,0.0,0.0,0.0,0.0,0.0,0.0,,0.0,0.0
class_size,2021,01620505,Lunenburg High,School,CH74 - Construction,0,0.0,0,0.0,0.0,0.0,0.0,0.0,0.0,0.0,0.0,0.0,0.0,,0.0,0.0
class_size,2021,01620505,Lunenburg High,School,CH74 - Exploratory,0,0.0,0,0.0,0.0,0.0,0.0,0.0,0.0,0.0,0.0,0.0,0.0,,0.0,0.0
class_size,2021,01620505,Lunenburg High,School,CH74 - Health,0,0.0,0,0.0,0.0,0.0,0.0,0.0,0.0,0.0,0.0,0.0,0.0,,0.0,0.0
class_size,2021,01620505,Lunenburg High,School,CH74 - Hospitality and Tourism,0,0.0,0,0.0,0.0,0.0,0.0,0.0,0.0,0.0,0.0,0.0,0.0,,0.0,0.0
class_size,2021,01620505,Lunenburg High,School,CH74 - Human Services and Education,0,0.0,0,0.0,0.0,0.0,0.0,0.0,0.0,0.0,0.0,0.0,0.0,,0.0,0.0
class_size,2021,01620505,Lunenburg High,School,CH74 - Information Technology Services,0,0.0,0,0.0,0.0,0.0,0.0,0.0,0.0,0.0,0.0,0.0,0.0,,0.0,0.0
class_size,2021,01620505,Lunenburg High,School,CH74 - Transportation,0,0.0,0,0.0,0.0,0.0,0.0,0.0,0.0,0.0,0.0,0.0,0.0,,0.0,0.0
class_size,2021,01620505,Lunenburg High,School,"CH74 - Manufacturing, Engineering and Technology",0,0.0,0,0.0,0.0,0.0,0.0,0.0,0.0,0.0,0.0,0.0,0.0,,0.0,0.0
class_size,2021,01620505,Lunenburg High,School,Architecture and Construction,0,0.0,0,0.0,0.0,0.0,0.0,0.0,0.0,0.0,0.0,0.0,0.0,,0.0,0.0
class_size,2021,01620305,Lunenburg Middle School,School,All,222,22.4,395,0.0,0.01,0.008,0.099,0.043,0.01,0.83,0.501,0.496,0.005,,0.215,0.122
class_size,2021,01620305,Lunenburg Middle School,School,"Agriculture, Food and Natural Resources",0,0.0,0,0.0,0.0,0.0,0.0,0.0,0.0,0.0,0.0,0.0,0.0,,0.0,0.0
class_size,2021,01620305,Lunenburg Middle School,School,Arts,48,21.6,388,0.0,0.01,0.008,0.093,0.044,0.008,0.838,0.503,0.495,0.005,,0.214,0.121
class_size,2021,01620305,Lunenburg Middle School,School,Business and Marketing,0,0.0,0,0.0,0.0,0.0,0.0,0.0,0.0,0.0,0.0,0.0,0.0,,0.0,0.0
class_size,2021,01620305,Lunenburg Middle School,School,Civics/Government,6,23.0,121,0.0,0.0,0.008,0.141,0.033,0.008,0.81,0.471,0.521,0.008,,0.207,0.141
class_size,2021,01620305,Lunenburg Middle School,School,Communications and Audio/Visual Technology,0,0.0,0,0.0,0.0,0.0,0.0,0.0,0.0,0.0,0.0,0.0,0.0,,0.0,0.0
class_size,2021,01620305,Lunenburg Middle School,School,Computer and Information Sciences,6,19.5,115,0.0,0.0,0.009,0.139,0.026,0.009,0.817,0.452,0.539,0.009,,0.217,0.157
class_size,2021,01620305,Lunenburg Middle School,School,Core-All Subjects,32,21.4,260,0.0,0.015,0.008,0.069,0.05,0.008,0.85,0.519,0.481,0.004,,0.215,0.104
class_size,2021,01620305,Lunenburg Middle School,School,Economics,0,0.0,0,0.0,0.0,0.0,0.0,0.0,0.0,0.0,0.0,0.0,0.0,,0.0,0.0
class_size,2021,01620305,Lunenburg Middle School,School,Engineering and Technology,0,0.0,0,0.0,0.0,0.0,0.0,0.0,0.0,0.0,0.0,0.0,0.0,,0.0,0.0
class_size,2021,01620305,Lunenburg Middle School,School,English/Language Arts,17,25.2,392,0.0,0.01,0.008,0.097,0.043,0.01,0.832,0.5,0.497,0.003,,0.212,0.115
class_size,2021,01620305,Lunenburg Middle School,School,Foreign Language,11,22.9,247,0.0,0.016,0.008,0.085,0.036,0.012,0.842,0.482,0.514,0.004,,0.223,0.073
class_size,2021,01620305,Lunenburg Middle School,School,Geography,0,0.0,0,0.0,0.0,0.0,0.0,0.0,0.0,0.0,0.0,0.0,0.0,,0.0,0.0
class_size,2021,01620305,Lunenburg Middle School,School,Health Care Sciences,0,0.0,0,0.0,0.0,0.0,0.0,0.0,0.0,0.0,0.0,0.0,0.0,,0.0,0.0
class_size,2021,01620305,Lunenburg Middle School,School,History,0,0.0,0,0.0,0.0,0.0,0.0,0.0,0.0,0.0,0.0,0.0,0.0,,0.0,0.0
class_size,2021,01620305,Lunenburg Middle School,School,Hospitality and Tourism,0,0.0,0,0.0,0.0,0.0,0.0,0.0,0.0,0.0,0.0,0.0,0.0,,0.0,0.0
class_size,2021,01620305,Lunenburg Middle School,School,Human Services,0,0.0,0,0.0,0.0,0.0,0.0,0.0,0.0,0.0,0.0,0.0,0.0,,0.0,0.0
class_size,2021,01620305,Lunenburg Middle School,School,Manufacturing,0,0.0,0,0.0,0.0,0.0,0.0,0.0,0.0,0.0,0.0,0.0,0.0,,0.0,0.0
class_size,2021,01620305,Lunenburg Middle School,School,Mathematics,19,22.6,390,0.0,0.01,0.008,0.095,0.044,0.01,0.833,0.5,0.497,0.003,,0.213,0.118
class_size,2021,01620305,Lunenburg Middle School,School,Military Science,0,0.0,0,0.0,0.0,0.0,0.0,0.0,0.0,0.0,0.0,0.0,0.0,,0.0,0.0
class_size,2021,01620305,Lunenburg Middle School,School,Miscellaneous,0,0.0,0,0.0,0.0,0.0,0.0,0.0,0.0,0.0,0.0,0.0,0.0,,0.0,0.0
class_size,2021,01620305,Lunenburg Middle School,School,"Physical, Health, and Safety Education",54,21.6,387,0.0,0.01,0.008,0.093,0.044,0.01,0.835,0.504,0.494,0.003,,0.217,0.121
class_size,2021,01620305,Lunenburg Middle School,School,"Public, Protective, and Government Service",0,0.0,0,0.0,0.0,0.0,0.0,0.0,0.0,0.0,0.0,0.0,0.0,,0.0,0.0
class_size,2021,01620305,Lunenburg Middle School,School,Reading,0,0.0,0,0.0,0.0,0.0,0.0,0.0,0.0,0.0,0.0,0.0,0.0,,0.0,0.0
class_size,2021,01620305,Lunenburg Middle School,School,Religious Education and Theology,0,0.0,0,0.0,0.0,0.0,0.0,0.0,0.0,0.0,0.0,0.0,0.0,,0.0,0.0
class_size,2021,01620305,Lunenburg Middle School,School,Science,17,25.2,391,0.0,0.01,0.008,0.097,0.044,0.01,0.831,0.499,0.499,0.003,,0.215,0.118
class_size,2021,01620305,Lunenburg Middle School,School,Social Studies/Social Sciences,12,23.9,269,0.0,0.015,0.007,0.078,0.048,0.011,0.84,0.513,0.487,0.004,,0.219,0.108
class_size,2021,01620305,Lunenburg Middle School,School,"Transportation, Distribution and Logistics",0,0.0,0,0.0,0.0,0.0,0.0,0.0,0.0,0.0,0.0,0.0,0.0,,0.0,0.0
class_size,2021,01620305,Lunenburg Middle School,School,CH74 - Agriculture and Natural Resources,0,0.0,0,0.0,0.0,0.0,0.0,0.0,0.0,0.0,0.0,0.0,0.0,,0.0,0.0
class_size,2021,01620305,Lunenburg Middle School,School,CH74 - Arts and Communications Services,0,0.0,0,0.0,0.0,0.0,0.0,0.0,0.0,0.0,0.0,0.0,0.0,,0.0,0.0
class_size,2021,01620305,Lunenburg Middle School,School,CH74 - Business and Consumer Services,0,0.0,0,0.0,0.0,0.0,0.0,0.0,0.0,0.0,0.0,0.0,0.0,,0.0,0.0
class_size,2021,01620305,Lunenburg Middle School,School,CH74 - Construction,0,0.0,0,0.0,0.0,0.0,0.0,0.0,0.0,0.0,0.0,0.0,0.0,,0.0,0.0
class_size,2021,01620305,Lunenburg Middle School,School,CH74 - Exploratory,0,0.0,0,0.0,0.0,0.0,0.0,0.0,0.0,0.0,0.0,0.0,0.0,,0.0,0.0
class_size,2021,01620305,Lunenburg Middle School,School,CH74 - Health,0,0.0,0,0.0,0.0,0.0,0.0,0.0,0.0,0.0,0.0,0.0,0.0,,0.0,0.0
class_size,2021,01620305,Lunenburg Middle School,School,CH74 - Hospitality and Tourism,0,0.0,0,0.0,0.0,0.0,0.0,0.0,0.0,0.0,0.0,0.0,0.0,,0.0,0.0
class_size,2021,01620305,Lunenburg Middle School,School,CH74 - Human Services and Education,0,0.0,0,0.0,0.0,0.0,0.0,0.0,0.0,0.0,0.0,0.0,0.0,,0.0,0.0
class_size,2021,01620305,Lunenburg Middle School,School,CH74 - Information Technology Services,0,0.0,0,0.0,0.0,0.0,0.0,0.0,0.0,0.0,0.0,0.0,0.0,,0.0,0.0
class_size,2021,01620305,Lunenburg Middle School,School,CH74 - Transportation,0,0.0,0,0.0,0.0,0.0,0.0,0.0,0.0,0.0,0.0,0.0,0.0,,0.0,0.0
class_size,2021,01620305,Lunenburg Middle School,School,"CH74 - Manufacturing, Engineering and Technology",0,0.0,0,0.0,0.0,0.0,0.0,0.0,0.0,0.0,0.0,0.0,0.0,,0.0,0.0
class_size,2021,01620305,Lunenburg Middle School,School,Architecture and Construction,0,0.0,0,0.0,0.0,0.0,0.0,0.0,0.0,0.0,0.0,0.0,0.0,,0.0,0.0
class_size,2021,01620010,Lunenburg Primary School,School,All,178,19.7,382,0.0,0.005,0.026,0.1,0.034,0.005,0.83,0.461,0.539,0.026,,0.262,0.22
class_size,2021,01620010,Lunenburg Primary School,School,"Agriculture, Food and Natural Resources",0,0.0,0,0.0,0.0,0.0,0.0,0.0,0.0,0.0,0.0,0.0,0.0,,0.0,0.0
class_size,2021,01620010,Lunenburg Primary School,School,Arts,5,134.4,343,0.0,0.003,0.026,0.093,0.035,0.006,0.837,0.478,0.522,0.029,,0.248,0.163
class_size,2021,01620010,Lunenburg Primary School,School,Business and Marketing,0,0.0,0,0.0,0.0,0.0,0.0,0.0,0.0,0.0,0.0,0.0,0.0,,0.0,0.0
class_size,2021,01620010,Lunenburg Primary School,School,Civics/Government,0,0.0,0,0.0,0.0,0.0,0.0,0.0,0.0,0.0,0.0,0.0,0.0,,0.0,0.0
class_size,2021,01620010,Lunenburg Primary School,School,Communications and Audio/Visual Technology,2,172.5,341,0.0,0.003,0.026,0.091,0.035,0.006,0.839,0.481,0.519,0.029,,0.246,0.158
class_size,2021,01620010,Lunenburg Primary School,School,Computer and Information Sciences,0,0.0,0,0.0,0.0,0.0,0.0,0.0,0.0,0.0,0.0,0.0,0.0,,0.0,0.0
class_size,2021,01620010,Lunenburg Primary School,School,Core-All Subjects,10,37.7,373,0.0,0.005,0.027,0.099,0.035,0.005,0.828,0.467,0.534,0.027,,0.263,0.209
class_size,2021,01620010,Lunenburg Primary School,School,Economics,0,0.0,0,0.0,0.0,0.0,0.0,0.0,0.0,0.0,0.0,0.0,0.0,,0.0,0.0
class_size,2021,01620010,Lunenburg Primary School,School,Engineering and Technology,0,0.0,0,0.0,0.0,0.0,0.0,0.0,0.0,0.0,0.0,0.0,0.0,,0.0,0.0
class_size,2021,01620010,Lunenburg Primary School,School,English/Language Arts,31,11.3,341,0.0,0.003,0.026,0.091,0.035,0.006,0.839,0.481,0.519,0.029,,0.246,0.158
class_size,2021,01620010,Lunenburg Primary School,School,Foreign Language,0,0.0,0,0.0,0.0,0.0,0.0,0.0,0.0,0.0,0.0,0.0,0.0,,0.0,0.0
class_size,2021,01620010,Lunenburg Primary School,School,Geography,0,0.0,0,0.0,0.0,0.0,0.0,0.0,0.0,0.0,0.0,0.0,0.0,,0.0,0.0
class_size,2021,01620010,Lunenburg Primary School,School,Health Care Sciences,0,0.0,0,0.0,0.0,0.0,0.0,0.0,0.0,0.0,0.0,0.0,0.0,,0.0,0.0
class_size,2021,01620010,Lunenburg Primary School,School,History,0,0.0,0,0.0,0.0,0.0,0.0,0.0,0.0,0.0,0.0,0.0,0.0,,0.0,0.0
class_size,2021,01620010,Lunenburg Primary School,School,Hospitality and Tourism,0,0.0,0,0.0,0.0,0.0,0.0,0.0,0.0,0.0,0.0,0.0,0.0,,0.0,0.0
class_size,2021,01620010,Lunenburg Primary School,School,Human Services,0,0.0,0,0.0,0.0,0.0,0.0,0.0,0.0,0.0,0.0,0.0,0.0,,0.0,0.0
class_size,2021,01620010,Lunenburg Primary School,School,Manufacturing,0,0.0,0,0.0,0.0,0.0,0.0,0.0,0.0,0.0,0.0,0.0,0.0,,0.0,0.0
class_size,2021,01620010,Lunenburg Primary School,School,Mathematics,31,11.2,338,0.0,0.003,0.027,0.092,0.036,0.006,0.837,0.485,0.515,0.03,,0.243,0.154
class_size,2021,01620010,Lunenburg Primary School,School,Military Science,0,0.0,0,0.0,0.0,0.0,0.0,0.0,0.0,0.0,0.0,0.0,0.0,,0.0,0.0
class_size,2021,01620010,Lunenburg Primary School,School,Miscellaneous,2,6.0,12,0.0,0.0,0.167,0.0,0.0,0.0,0.833,0.25,0.75,0.167,,0.75,1.0
class_size,2021,01620010,Lunenburg Primary School,School,"Physical, Health, and Safety Education",4,87.5,347,0.0,0.003,0.026,0.089,0.035,0.006,0.842,0.476,0.525,0.029,,0.245,0.167
class_size,2021,01620010,Lunenburg Primary School,School,"Public, Protective, and Government Service",0,0.0,0,0.0,0.0,0.0,0.0,0.0,0.0,0.0,0.0,0.0,0.0,,0.0,0.0
class_size,2021,01620010,Lunenburg Primary School,School,Reading,31,11.2,339,0.0,0.003,0.027,0.091,0.035,0.006,0.838,0.481,0.519,0.03,,0.248,0.156
class_size,2021,01620010,Lunenburg Primary School,School,Religious Education and Theology,0,0.0,0,0.0,0.0,0.0,0.0,0.0,0.0,0.0,0.0,0.0,0.0,,0.0,0.0
class_size,2021,01620010,Lunenburg Primary School,School,Science,31,11.3,339,0.0,0.003,0.027,0.091,0.035,0.006,0.838,0.484,0.516,0.03,,0.242,0.153
class_size,2021,01620010,Lunenburg Primary School,School,Social Studies/Social Sciences,31,11.2,339,0.0,0.003,0.027,0.091,0.035,0.006,0.838,0.484,0.516,0.03,,0.242,0.153
class_size,2021,01620010,Lunenburg Primary School,School,"Transportation, Distribution and Logistics",0,0.0,0,0.0,0.0,0.0,0.0,0.0,0.0,0.0,0.0,0.0,0.0,,0.0,0.0
class_size,2021,01620010,Lunenburg Primary School,School,CH74 - Agriculture and Natural Resources,0,0.0,0,0.0,0.0,0.0,0.0,0.0,0.0,0.0,0.0,0.0,0.0,,0.0,0.0
class_size,2021,01620010,Lunenburg Primary School,School,CH74 - Arts and Communications Services,0,0.0,0,0.0,0.0,0.0,0.0,0.0,0.0,0.0,0.0,0.0,0.0,,0.0,0.0
class_size,2021,01620010,Lunenburg Primary School,School,CH74 - Business and Consumer Services,0,0.0,0,0.0,0.0,0.0,0.0,0.0,0.0,0.0,0.0,0.0,0.0,,0.0,0.0
class_size,2021,01620010,Lunenburg Primary School,School,CH74 - Construction,0,0.0,0,0.0,0.0,0.0,0.0,0.0,0.0,0.0,0.0,0.0,0.0,,0.0,0.0
class_size,2021,01620010,Lunenburg Primary School,School,CH74 - Exploratory,0,0.0,0,0.0,0.0,0.0,0.0,0.0,0.0,0.0,0.0,0.0,0.0,,0.0,0.0
class_size,2021,01620010,Lunenburg Primary School,School,CH74 - Health,0,0.0,0,0.0,0.0,0.0,0.0,0.0,0.0,0.0,0.0,0.0,0.0,,0.0,0.0
class_size,2021,01620010,Lunenburg Primary School,School,CH74 - Hospitality and Tourism,0,0.0,0,0.0,0.0,0.0,0.0,0.0,0.0,0.0,0.0,0.0,0.0,,0.0,0.0
class_size,2021,01620010,Lunenburg Primary School,School,CH74 - Human Services and Education,0,0.0,0,0.0,0.0,0.0,0.0,0.0,0.0,0.0,0.0,0.0,0.0,,0.0,0.0
class_size,2021,01620010,Lunenburg Primary School,School,CH74 - Information Technology Services,0,0.0,0,0.0,0.0,0.0,0.0,0.0,0.0,0.0,0.0,0.0,0.0,,0.0,0.0
class_size,2021,01620010,Lunenburg Primary School,School,CH74 - Transportation,0,0.0,0,0.0,0.0,0.0,0.0,0.0,0.0,0.0,0.0,0.0,0.0,,0.0,0.0
class_size,2021,01620010,Lunenburg Primary School,School,"CH74 - Manufacturing, Engineering and Technology",0,0.0,0,0.0,0.0,0.0,0.0,0.0,0.0,0.0,0.0,0.0,0.0,,0.0,0.0
class_size,2021,01620010,Lunenburg Primary School,School,Architecture and Construction,0,0.0,0,0.0,0.0,0.0,0.0,0.0,0.0,0.0,0.0,0.0,0.0,,0.0,0.0
class_size,2021,01620025,Turkey Hill Elementary School,School,All,208,16.1,345,0.0,0.032,0.035,0.096,0.015,0.0,0.823,0.499,0.501,0.015,,0.212,0.177
class_size,2021,01620025,Turkey Hill Elementary School,School,"Agriculture, Food and Natural Resources",0,0.0,0,0.0,0.0,0.0,0.0,0.0,0.0,0.0,0.0,0.0,0.0,,0.0,0.0
class_size,2021,01620025,Turkey Hill Elementary School,School,Arts,32,21.1,343,0.0,0.032,0.035,0.096,0.015,0.0,0.822,0.502,0.499,0.015,,0.21,0.172
class_size,2021,01620025,Turkey Hill Elementary School,School,Business and Marketing,0,0.0,0,0.0,0.0,0.0,0.0,0.0,0.0,0.0,0.0,0.0,0.0,,0.0,0.0
class_size,2021,01620025,Turkey Hill Elementary School,School,Civics/Government,0,0.0,0,0.0,0.0,0.0,0.0,0.0,0.0,0.0,0.0,0.0,0.0,,0.0,0.0
class_size,2021,01620025,Turkey Hill Elementary School,School,Communications and Audio/Visual Technology,0,0.0,0,0.0,0.0,0.0,0.0,0.0,0.0,0.0,0.0,0.0,0.0,,0.0,0.0
class_size,2021,01620025,Turkey Hill Elementary School,School,Computer and Information Sciences,0,0.0,0,0.0,0.0,0.0,0.0,0.0,0.0,0.0,0.0,0.0,0.0,,0.0,0.0
class_size,2021,01620025,Turkey Hill Elementary School,School,Core-All Subjects,30,22.8,342,0.0,0.032,0.035,0.094,0.015,0.0,0.825,0.497,0.503,0.015,,0.208,0.175
class_size,2021,01620025,Turkey Hill Elementary School,School,Economics,0,0.0,0,0.0,0.0,0.0,0.0,0.0,0.0,0.0,0.0,0.0,0.0,,0.0,0.0
class_size,2021,01620025,Turkey Hill Elementary School,School,Engineering and Technology,0,0.0,0,0.0,0.0,0.0,0.0,0.0,0.0,0.0,0.0,0.0,0.0,,0.0,0.0
class_size,2021,01620025,Turkey Hill Elementary School,School,English/Language Arts,36,12.4,342,0.0,0.032,0.035,0.094,0.015,0.0,0.825,0.497,0.503,0.015,,0.211,0.178
class_size,2021,01620025,Turkey Hill Elementary School,School,Foreign Language,0,0.0,0,0.0,0.0,0.0,0.0,0.0,0.0,0.0,0.0,0.0,0.0,,0.0,0.0
class_size,2021,01620025,Turkey Hill Elementary School,School,Geography,0,0.0,0,0.0,0.0,0.0,0.0,0.0,0.0,0.0,0.0,0.0,0.0,,0.0,0.0
class_size,2021,01620025,Turkey Hill Elementary School,School,Health Care Sciences,0,0.0,0,0.0,0.0,0.0,0.0,0.0,0.0,0.0,0.0,0.0,0.0,,0.0,0.0
class_size,2021,01620025,Turkey Hill Elementary School,School,History,0,0.0,0,0.0,0.0,0.0,0.0,0.0,0.0,0.0,0.0,0.0,0.0,,0.0,0.0
class_size,2021,01620025,Turkey Hill Elementary School,School,Hospitality and Tourism,0,0.0,0,0.0,0.0,0.0,0.0,0.0,0.0,0.0,0.0,0.0,0.0,,0.0,0.0
class_size,2021,01620025,Turkey Hill Elementary School,School,Human Services,0,0.0,0,0.0,0.0,0.0,0.0,0.0,0.0,0.0,0.0,0.0,0.0,,0.0,0.0
class_size,2021,01620025,Turkey Hill Elementary School,School,Manufacturing,0,0.0,0,0.0,0.0,0.0,0.0,0.0,0.0,0.0,0.0,0.0,0.0,,0.0,0.0
class_size,2021,01620025,Turkey Hill Elementary School,School,Mathematics,29,12.4,342,0.0,0.032,0.035,0.094,0.015,0.0,0.825,0.497,0.503,0.015,,0.211,0.175
class_size,2021,01620025,Turkey Hill Elementary School,School,Military Science,0,0.0,0,0.0,0.0,0.0,0.0,0.0,0.0,0.0,0.0,0.0,0.0,,0.0,0.0
class_size,2021,01620025,Turkey Hill Elementary School,School,Miscellaneous,0,0.0,0,0.0,0.0,0.0,0.0,0.0,0.0,0.0,0.0,0.0,0.0,,0.0,0.0
class_size,2021,01620025,Turkey Hill Elementary School,School,"Physical, Health, and Safety Education",16,21.4,342,0.0,0.032,0.035,0.094,0.015,0.0,0.825,0.497,0.503,0.015,,0.208,0.175
class_size,2021,01620025,Turkey Hill Elementary School,School,"Public, Protective, and Government Service",0,0.0,0,0.0,0.0,0.0,0.0,0.0,0.0,0.0,0.0,0.0,0.0,,0.0,0.0
class_size,2021,01620025,Turkey Hill Elementary School,School,Reading,10,12.4,120,0.0,0.017,0.042,0.083,0.008,0.0,0.85,0.533,0.467,0.017,,0.25,0.225
class_size,2021,01620025,Turkey Hill Elementary School,School,Religious Education and Theology,0,0.0,0,0.0,0.0,0.0,0.0,0.0,0.0,0.0,0.0,0.0,0.0,,0.0,0.0
class_size,2021,01620025,Turkey Hill Elementary School,School,Science,27,13.0,341,0.0,0.032,0.035,0.094,0.015,0.0,0.824,0.499,0.502,0.015,,0.208,0.173
class_size,2021,01620025,Turkey Hill Elementary School,School,Social Studies/Social Sciences,28,12.9,341,0.0,0.032,0.035,0.094,0.015,0.0,0.824,0.499,0.502,0.015,,0.208,0.173
class_size,2021,01620025,Turkey Hill Elementary School,School,"Transportation, Distribution and Logistics",0,0.0,0,0.0,0.0,0.0,0.0,0.0,0.0,0.0,0.0,0.0,0.0,,0.0,0.0
class_size,2021,01620025,Turkey Hill Elementary School,School,CH74 - Agriculture and Natural Resources,0,0.0,0,0.0,0.0,0.0,0.0,0.0,0.0,0.0,0.0,0.0,0.0,,0.0,0.0
class_size,2021,01620025,Turkey Hill Elementary School,School,CH74 - Arts and Communications Services,0,0.0,0,0.0,0.0,0.0,0.0,0.0,0.0,0.0,0.0,0.0,0.0,,0.0,0.0
class_size,2021,01620025,Turkey Hill Elementary School,School,CH74 - Business and Consumer Services,0,0.0,0,0.0,0.0,0.0,0.0,0.0,0.0,0.0,0.0,0.0,0.0,,0.0,0.0
class_size,2021,01620025,Turkey Hill Elementary School,School,CH74 - Construction,0,0.0,0,0.0,0.0,0.0,0.0,0.0,0.0,0.0,0.0,0.0,0.0,,0.0,0.0
class_size,2021,01620025,Turkey Hill Elementary School,School,CH74 - Exploratory,0,0.0,0,0.0,0.0,0.0,0.0,0.0,0.0,0.0,0.0,0.0,0.0,,0.0,0.0
class_size,2021,01620025,Turkey Hill Elementary School,School,CH74 - Health,0,0.0,0,0.0,0.0,0.0,0.0,0.0,0.0,0.0,0.0,0.0,0.0,,0.0,0.0
class_size,2021,01620025,Turkey Hill Elementary School,School,CH74 - Hospitality and Tourism,0,0.0,0,0.0,0.0,0.0,0.0,0.0,0.0,0.0,0.0,0.0,0.0,,0.0,0.0
class_size,2021,01620025,Turkey Hill Elementary School,School,CH74 - Human Services and Education,0,0.0,0,0.0,0.0,0.0,0.0,0.0,0.0,0.0,0.0,0.0,0.0,,0.0,0.0
class_size,2021,01620025,Turkey Hill Elementary School,School,CH74 - Information Technology Services,0,0.0,0,0.0,0.0,0.0,0.0,0.0,0.0,0.0,0.0,0.0,0.0,,0.0,0.0
class_size,2021,01620025,Turkey Hill Elementary School,School,CH74 - Transportation,0,0.0,0,0.0,0.0,0.0,0.0,0.0,0.0,0.0,0.0,0.0,0.0,,0.0,0.0
class_size,2021,01620025,Turkey Hill Elementary School,School,"CH74 - Manufacturing, Engineering and Technology",0,0.0,0,0.0,0.0,0.0,0.0,0.0,0.0,0.0,0.0,0.0,0.0,,0.0,0.0
class_size,2021,01620025,Turkey Hill Elementary School,School,Architecture and Construction,0,0.0,0,0.0,0.0,0.0,0.0,0.0,0.0,0.0,0.0,0.0,0.0,,0.0,0.0
class_size,2020,01620605,Advanced Community Experience Program,School,All,1,4.0,4,0.0,0.0,0.0,0.0,0.0,0.0,1.0,0.75,0.25,0.75,,1.0,0.0
class_size,2020,01620605,Advanced Community Experience Program,School,"Agriculture, Food and Natural Resources",0,0.0,0,0.0,0.0,0.0,0.0,0.0,0.0,0.0,0.0,0.0,0.0,,0.0,0.0
class_size,2020,01620605,Advanced Community Experience Program,School,Arts,0,0.0,0,0.0,0.0,0.0,0.0,0.0,0.0,0.0,0.0,0.0,0.0,,0.0,0.0
class_size,2020,01620605,Advanced Community Experience Program,School,Business and Marketing,0,0.0,0,0.0,0.0,0.0,0.0,0.0,0.0,0.0,0.0,0.0,0.0,,0.0,0.0
class_size,2020,01620605,Advanced Community Experience Program,School,Civics/Government,0,0.0,0,0.0,0.0,0.0,0.0,0.0,0.0,0.0,0.0,0.0,0.0,,0.0,0.0
class_size,2020,01620605,Advanced Community Experience Program,School,Communications and Audio/Visual Technology,0,0.0,0,0.0,0.0,0.0,0.0,0.0,0.0,0.0,0.0,0.0,0.0,,0.0,0.0
class_size,2020,01620605,Advanced Community Experience Program,School,Computer and Information Sciences,0,0.0,0,0.0,0.0,0.0,0.0,0.0,0.0,0.0,0.0,0.0,0.0,,0.0,0.0
class_size,2020,01620605,Advanced Community Experience Program,School,Core-All Subjects,0,0.0,0,0.0,0.0,0.0,0.0,0.0,0.0,0.0,0.0,0.0,0.0,,0.0,0.0
class_size,2020,01620605,Advanced Community Experience Program,School,Economics,0,0.0,0,0.0,0.0,0.0,0.0,0.0,0.0,0.0,0.0,0.0,0.0,,0.0,0.0
class_size,2020,01620605,Advanced Community Experience Program,School,Engineering and Technology,0,0.0,0,0.0,0.0,0.0,0.0,0.0,0.0,0.0,0.0,0.0,0.0,,0.0,0.0
class_size,2020,01620605,Advanced Community Experience Program,School,English/Language Arts,0,0.0,0,0.0,0.0,0.0,0.0,0.0,0.0,0.0,0.0,0.0,0.0,,0.0,0.0
class_size,2020,01620605,Advanced Community Experience Program,School,Foreign Language,0,0.0,0,0.0,0.0,0.0,0.0,0.0,0.0,0.0,0.0,0.0,0.0,,0.0,0.0
class_size,2020,01620605,Advanced Community Experience Program,School,Geography,0,0.0,0,0.0,0.0,0.0,0.0,0.0,0.0,0.0,0.0,0.0,0.0,,0.0,0.0
class_size,2020,01620605,Advanced Community Experience Program,School,Health Care Sciences,0,0.0,0,0.0,0.0,0.0,0.0,0.0,0.0,0.0,0.0,0.0,0.0,,0.0,0.0
class_size,2020,01620605,Advanced Community Experience Program,School,History,0,0.0,0,0.0,0.0,0.0,0.0,0.0,0.0,0.0,0.0,0.0,0.0,,0.0,0.0
class_size,2020,01620605,Advanced Community Experience Program,School,Hospitality and Tourism,0,0.0,0,0.0,0.0,0.0,0.0,0.0,0.0,0.0,0.0,0.0,0.0,,0.0,0.0
class_size,2020,01620605,Advanced Community Experience Program,School,Human Services,0,0.0,0,0.0,0.0,0.0,0.0,0.0,0.0,0.0,0.0,0.0,0.0,,0.0,0.0
class_size,2020,01620605,Advanced Community Experience Program,School,Manufacturing,0,0.0,0,0.0,0.0,0.0,0.0,0.0,0.0,0.0,0.0,0.0,0.0,,0.0,0.0
class_size,2020,01620605,Advanced Community Experience Program,School,Mathematics,0,0.0,0,0.0,0.0,0.0,0.0,0.0,0.0,0.0,0.0,0.0,0.0,,0.0,0.0
class_size,2020,01620605,Advanced Community Experience Program,School,Military Science,0,0.0,0,0.0,0.0,0.0,0.0,0.0,0.0,0.0,0.0,0.0,0.0,,0.0,0.0
class_size,2020,01620605,Advanced Community Experience Program,School,Miscellaneous,1,4.0,4,0.0,0.0,0.0,0.0,0.0,0.0,1.0,0.75,0.25,0.75,,1.0,0.0
class_size,2020,01620605,Advanced Community Experience Program,School,"Physical, Health, and Safety Education",0,0.0,0,0.0,0.0,0.0,0.0,0.0,0.0,0.0,0.0,0.0,0.0,,0.0,0.0
class_size,2020,01620605,Advanced Community Experience Program,School,"Public, Protective, and Government Service",0,0.0,0,0.0,0.0,0.0,0.0,0.0,0.0,0.0,0.0,0.0,0.0,,0.0,0.0
class_size,2020,01620605,Advanced Community Experience Program,School,Reading,0,0.0,0,0.0,0.0,0.0,0.0,0.0,0.0,0.0,0.0,0.0,0.0,,0.0,0.0
class_size,2020,01620605,Advanced Community Experience Program,School,Religious Education and Theology,0,0.0,0,0.0,0.0,0.0,0.0,0.0,0.0,0.0,0.0,0.0,0.0,,0.0,0.0
class_size,2020,01620605,Advanced Community Experience Program,School,Science,0,0.0,0,0.0,0.0,0.0,0.0,0.0,0.0,0.0,0.0,0.0,0.0,,0.0,0.0
class_size,2020,01620605,Advanced Community Experience Program,School,Social Studies/Social Sciences,0,0.0,0,0.0,0.0,0.0,0.0,0.0,0.0,0.0,0.0,0.0,0.0,,0.0,0.0
class_size,2020,01620605,Advanced Community Experience Program,School,"Transportation, Distribution and Logistics",0,0.0,0,0.0,0.0,0.0,0.0,0.0,0.0,0.0,0.0,0.0,0.0,,0.0,0.0
class_size,2020,01620605,Advanced Community Experience Program,School,CH74 - Agriculture and Natural Resources,0,0.0,0,0.0,0.0,0.0,0.0,0.0,0.0,0.0,0.0,0.0,0.0,,0.0,0.0
class_size,2020,01620605,Advanced Community Experience Program,School,CH74 - Arts and Communications Services,0,0.0,0,0.0,0.0,0.0,0.0,0.0,0.0,0.0,0.0,0.0,0.0,,0.0,0.0
class_size,2020,01620605,Advanced Community Experience Program,School,CH74 - Business and Consumer Services,0,0.0,0,0.0,0.0,0.0,0.0,0.0,0.0,0.0,0.0,0.0,0.0,,0.0,0.0
class_size,2020,01620605,Advanced Community Experience Program,School,CH74 - Construction,0,0.0,0,0.0,0.0,0.0,0.0,0.0,0.0,0.0,0.0,0.0,0.0,,0.0,0.0
class_size,2020,01620605,Advanced Community Experience Program,School,CH74 - Exploratory,0,0.0,0,0.0,0.0,0.0,0.0,0.0,0.0,0.0,0.0,0.0,0.0,,0.0,0.0
class_size,2020,01620605,Advanced Community Experience Program,School,CH74 - Health,0,0.0,0,0.0,0.0,0.0,0.0,0.0,0.0,0.0,0.0,0.0,0.0,,0.0,0.0
class_size,2020,01620605,Advanced Community Experience Program,School,CH74 - Hospitality and Tourism,0,0.0,0,0.0,0.0,0.0,0.0,0.0,0.0,0.0,0.0,0.0,0.0,,0.0,0.0
class_size,2020,01620605,Advanced Community Experience Program,School,CH74 - Human Services and Education,0,0.0,0,0.0,0.0,0.0,0.0,0.0,0.0,0.0,0.0,0.0,0.0,,0.0,0.0
class_size,2020,01620605,Advanced Community Experience Program,School,CH74 - Information Technology Services,0,0.0,0,0.0,0.0,0.0,0.0,0.0,0.0,0.0,0.0,0.0,0.0,,0.0,0.0
class_size,2020,01620605,Advanced Community Experience Program,School,CH74 - Transportation,0,0.0,0,0.0,0.0,0.0,0.0,0.0,0.0,0.0,0.0,0.0,0.0,,0.0,0.0
class_size,2020,01620605,Advanced Community Experience Program,School,"CH74 - Manufacturing, Engineering and Technology",0,0.0,0,0.0,0.0,0.0,0.0,0.0,0.0,0.0,0.0,0.0,0.0,,0.0,0.0
class_size,2020,01620605,Advanced Community Experience Program,School,Architecture and Construction,0,0.0,0,0.0,0.0,0.0,0.0,0.0,0.0,0.0,0.0,0.0,0.0,,0.0,0.0
class_size,2020,01620000,Lunenburg,District,All,793,20.5,1677,0.004,0.019,0.024,0.084,0.024,0.004,0.842,0.485,0.515,0.181,,0.16,0.011
class_size,2020,01620000,Lunenburg,District,"Agriculture, Food and Natural Resources",2,21.5,23,0.044,0.0,0.0,0.044,0.044,0.0,0.87,0.565,0.435,0.217,,0.391,0.0
class_size,2020,01620000,Lunenburg,District,Arts,124,22.4,1402,0.004,0.019,0.023,0.082,0.026,0.004,0.842,0.495,0.505,0.182,,0.148,0.012
class_size,2020,01620000,Lunenburg,District,Business and Marketing,1,2.0,2,0.0,0.0,0.0,0.0,0.0,0.0,1.0,0.0,1.0,0.0,,0.0,0.0
class_size,2020,01620000,Lunenburg,District,Civics/Government,4,14.3,57,0.0,0.035,0.07,0.018,0.035,0.0,0.842,0.421,0.579,0.053,,0.07,0.0
class_size,2020,01620000,Lunenburg,District,Communications and Audio/Visual Technology,22,21.0,450,0.002,0.013,0.033,0.087,0.018,0.002,0.844,0.478,0.522,0.211,,0.202,0.02
class_size,2020,01620000,Lunenburg,District,Computer and Information Sciences,6,23.5,141,0.014,0.014,0.014,0.057,0.021,0.0,0.879,0.468,0.532,0.177,,0.142,0.0
class_size,2020,01620000,Lunenburg,District,Core-All Subjects,81,22.7,1062,0.0,0.019,0.024,0.092,0.028,0.005,0.832,0.486,0.514,0.196,,0.189,0.015
class_size,2020,01620000,Lunenburg,District,Economics,2,21.5,43,0.0,0.07,0.0,0.047,0.0,0.0,0.884,0.395,0.605,0.14,,0.047,0.0
class_size,2020,01620000,Lunenburg,District,Engineering and Technology,4,12.3,47,0.0,0.043,0.021,0.021,0.0,0.0,0.915,0.234,0.766,0.085,,0.128,0.021
class_size,2020,01620000,Lunenburg,District,English/Language Arts,81,20.2,1605,0.004,0.019,0.022,0.084,0.024,0.004,0.843,0.487,0.513,0.175,,0.142,0.011
class_size,2020,01620000,Lunenburg,District,Foreign Language,31,14.7,452,0.013,0.016,0.022,0.069,0.018,0.004,0.858,0.48,0.52,0.124,,0.06,0.004
class_size,2020,01620000,Lunenburg,District,Geography,0,0.0,0,0.0,0.0,0.0,0.0,0.0,0.0,0.0,0.0,0.0,0.0,,0.0,0.0
class_size,2020,01620000,Lunenburg,District,Health Care Sciences,1,12.0,12,0.0,0.0,0.0,0.0,0.0,0.0,1.0,0.417,0.583,0.167,,0.0,0.0
class_size,2020,01620000,Lunenburg,District,History,22,18.1,370,0.011,0.016,0.016,0.084,0.019,0.005,0.849,0.473,0.527,0.13,,0.097,0.005
class_size,2020,01620000,Lunenburg,District,Hospitality and Tourism,0,0.0,0,0.0,0.0,0.0,0.0,0.0,0.0,0.0,0.0,0.0,0.0,,0.0,0.0
class_size,2020,01620000,Lunenburg,District,Human Services,0,0.0,0,0.0,0.0,0.0,0.0,0.0,0.0,0.0,0.0,0.0,0.0,,0.0,0.0
class_size,2020,01620000,Lunenburg,District,Manufacturing,0,0.0,0,0.0,0.0,0.0,0.0,0.0,0.0,0.0,0.0,0.0,0.0,,0.0,0.0
class_size,2020,01620000,Lunenburg,District,Mathematics,80,20.5,1608,0.004,0.019,0.023,0.084,0.024,0.004,0.842,0.489,0.511,0.177,,0.141,0.011
class_size,2020,01620000,Lunenburg,District,Military Science,0,0.0,0,0.0,0.0,0.0,0.0,0.0,0.0,0.0,0.0,0.0,0.0,,0.0,0.0
class_size,2020,01620000,Lunenburg,District,Miscellaneous,39,5.0,116,0.0,0.017,0.026,0.052,0.0,0.0,0.905,0.535,0.466,0.302,,0.5,0.017
class_size,2020,01620000,Lunenburg,District,"Physical, Health, and Safety Education",130,23.1,1490,0.003,0.018,0.024,0.085,0.024,0.004,0.842,0.485,0.515,0.182,,0.148,0.011
class_size,2020,01620000,Lunenburg,District,"Public, Protective, and Government Service",0,0.0,0,0.0,0.0,0.0,0.0,0.0,0.0,0.0,0.0,0.0,0.0,,0.0,0.0
class_size,2020,01620000,Lunenburg,District,Reading,30,21.6,641,0.0,0.027,0.031,0.094,0.019,0.003,0.827,0.487,0.513,0.208,,0.198,0.022
class_size,2020,01620000,Lunenburg,District,Religious Education and Theology,0,0.0,0,0.0,0.0,0.0,0.0,0.0,0.0,0.0,0.0,0.0,0.0,,0.0,0.0
class_size,2020,01620000,Lunenburg,District,Science,80,20.9,1575,0.004,0.019,0.024,0.085,0.023,0.004,0.841,0.487,0.513,0.175,,0.137,0.011
class_size,2020,01620000,Lunenburg,District,Social Studies/Social Sciences,53,23.0,1210,0.003,0.02,0.023,0.086,0.026,0.004,0.838,0.489,0.511,0.193,,0.158,0.013
class_size,2020,01620000,Lunenburg,District,"Transportation, Distribution and Logistics",0,0.0,0,0.0,0.0,0.0,0.0,0.0,0.0,0.0,0.0,0.0,0.0,,0.0,0.0
class_size,2020,01620000,Lunenburg,District,CH74 - Agriculture and Natural Resources,0,0.0,0,0.0,0.0,0.0,0.0,0.0,0.0,0.0,0.0,0.0,0.0,,0.0,0.0
class_size,2020,01620000,Lunenburg,District,CH74 - Arts and Communications Services,0,0.0,0,0.0,0.0,0.0,0.0,0.0,0.0,0.0,0.0,0.0,0.0,,0.0,0.0
class_size,2020,01620000,Lunenburg,District,CH74 - Business and Consumer Services,0,0.0,0,0.0,0.0,0.0,0.0,0.0,0.0,0.0,0.0,0.0,0.0,,0.0,0.0
class_size,2020,01620000,Lunenburg,District,CH74 - Construction,0,0.0,0,0.0,0.0,0.0,0.0,0.0,0.0,0.0,0.0,0.0,0.0,,0.0,0.0
class_size,2020,01620000,Lunenburg,District,CH74 - Exploratory,0,0.0,0,0.0,0.0,0.0,0.0,0.0,0.0,0.0,0.0,0.0,0.0,,0.0,0.0
class_size,2020,01620000,Lunenburg,District,CH74 - Health,0,0.0,0,0.0,0.0,0.0,0.0,0.0,0.0,0.0,0.0,0.0,0.0,,0.0,0.0
class_size,2020,01620000,Lunenburg,District,CH74 - Hospitality and Tourism,0,0.0,0,0.0,0.0,0.0,0.0,0.0,0.0,0.0,0.0,0.0,0.0,,0.0,0.0
class_size,2020,01620000,Lunenburg,District,CH74 - Human Services and Education,0,0.0,0,0.0,0.0,0.0,0.0,0.0,0.0,0.0,0.0,0.0,0.0,,0.0,0.0
class_size,2020,01620000,Lunenburg,District,CH74 - Information Technology Services,0,0.0,0,0.0,0.0,0.0,0.0,0.0,0.0,0.0,0.0,0.0,0.0,,0.0,0.0
class_size,2020,01620000,Lunenburg,District,CH74 - Transportation,0,0.0,0,0.0,0.0,0.0,0.0,0.0,0.0,0.0,0.0,0.0,0.0,,0.0,0.0
class_size,2020,01620000,Lunenburg,District,"CH74 - Manufacturing, Engineering and Technology",0,0.0,0,0.0,0.0,0.0,0.0,0.0,0.0,0.0,0.0,0.0,0.0,,0.0,0.0
class_size,2020,01620000,Lunenburg,District,Architecture and Construction,0,0.0,0,0.0,0.0,0.0,0.0,0.0,0.0,0.0,0.0,0.0,0.0,,0.0,0.0
class_size,2020,01620505,Lunenburg High,School,All,242,14.6,459,0.009,0.02,0.026,0.07,0.017,0.004,0.854,0.49,0.51,0.135,,0.092,0.004
class_size,2020,01620505,Lunenburg High,School,"Agriculture, Food and Natural Resources",2,21.5,23,0.044,0.0,0.0,0.044,0.044,0.0,0.87,0.565,0.435,0.217,,0.391,0.0
class_size,2020,01620505,Lunenburg High,School,Arts,20,17.2,242,0.012,0.021,0.025,0.054,0.021,0.004,0.864,0.529,0.471,0.124,,0.087,0.004
class_size,2020,01620505,Lunenburg High,School,Business and Marketing,1,2.0,2,0.0,0.0,0.0,0.0,0.0,0.0,1.0,0.0,1.0,0.0,,0.0,0.0
class_size,2020,01620505,Lunenburg High,School,Civics/Government,4,14.3,57,0.0,0.035,0.07,0.018,0.035,0.0,0.842,0.421,0.579,0.053,,0.07,0.0
class_size,2020,01620505,Lunenburg High,School,Communications and Audio/Visual Technology,5,13.0,62,0.016,0.0,0.048,0.048,0.016,0.0,0.871,0.452,0.548,0.145,,0.097,0.0
class_size,2020,01620505,Lunenburg High,School,Computer and Information Sciences,0,0.0,0,0.0,0.0,0.0,0.0,0.0,0.0,0.0,0.0,0.0,0.0,,0.0,0.0
class_size,2020,01620505,Lunenburg High,School,Core-All Subjects,0,0.0,0,0.0,0.0,0.0,0.0,0.0,0.0,0.0,0.0,0.0,0.0,,0.0,0.0
class_size,2020,01620505,Lunenburg High,School,Economics,2,21.5,43,0.0,0.07,0.0,0.047,0.0,0.0,0.884,0.395,0.605,0.14,,0.047,0.0
class_size,2020,01620505,Lunenburg High,School,Engineering and Technology,4,12.3,47,0.0,0.043,0.021,0.021,0.0,0.0,0.915,0.234,0.766,0.085,,0.128,0.021
class_size,2020,01620505,Lunenburg High,School,English/Language Arts,29,16.1,441,0.009,0.018,0.023,0.073,0.016,0.005,0.857,0.488,0.513,0.127,,0.091,0.005
class_size,2020,01620505,Lunenburg High,School,Foreign Language,26,12.4,321,0.013,0.016,0.028,0.078,0.016,0.006,0.844,0.477,0.523,0.115,,0.062,0.006
class_size,2020,01620505,Lunenburg High,School,Geography,0,0.0,0,0.0,0.0,0.0,0.0,0.0,0.0,0.0,0.0,0.0,0.0,,0.0,0.0
class_size,2020,01620505,Lunenburg High,School,Health Care Sciences,1,12.0,12,0.0,0.0,0.0,0.0,0.0,0.0,1.0,0.417,0.583,0.167,,0.0,0.0
class_size,2020,01620505,Lunenburg High,School,History,22,18.1,370,0.011,0.016,0.016,0.084,0.019,0.005,0.849,0.473,0.527,0.13,,0.097,0.005
class_size,2020,01620505,Lunenburg High,School,Hospitality and Tourism,0,0.0,0,0.0,0.0,0.0,0.0,0.0,0.0,0.0,0.0,0.0,0.0,,0.0,0.0
class_size,2020,01620505,Lunenburg High,School,Human Services,0,0.0,0,0.0,0.0,0.0,0.0,0.0,0.0,0.0,0.0,0.0,0.0,,0.0,0.0
class_size,2020,01620505,Lunenburg High,School,Manufacturing,0,0.0,0,0.0,0.0,0.0,0.0,0.0,0.0,0.0,0.0,0.0,0.0,,0.0,0.0
class_size,2020,01620505,Lunenburg High,School,Mathematics,27,17.7,451,0.009,0.02,0.022,0.071,0.016,0.004,0.858,0.495,0.506,0.129,,0.093,0.004
class_size,2020,01620505,Lunenburg High,School,Military Science,0,0.0,0,0.0,0.0,0.0,0.0,0.0,0.0,0.0,0.0,0.0,0.0,,0.0,0.0
class_size,2020,01620505,Lunenburg High,School,Miscellaneous,36,4.8,97,0.0,0.021,0.01,0.052,0.0,0.0,0.918,0.577,0.423,0.237,,0.402,0.01
class_size,2020,01620505,Lunenburg High,School,"Physical, Health, and Safety Education",27,19.0,325,0.006,0.015,0.028,0.074,0.015,0.003,0.859,0.477,0.523,0.139,,0.099,0.003
class_size,2020,01620505,Lunenburg High,School,"Public, Protective, and Government Service",0,0.0,0,0.0,0.0,0.0,0.0,0.0,0.0,0.0,0.0,0.0,0.0,,0.0,0.0
class_size,2020,01620505,Lunenburg High,School,Reading,3,4.3,8,0.0,0.0,0.0,0.25,0.0,0.0,0.75,0.625,0.375,0.375,,1.0,0.0
class_size,2020,01620505,Lunenburg High,School,Religious Education and Theology,0,0.0,0,0.0,0.0,0.0,0.0,0.0,0.0,0.0,0.0,0.0,0.0,,0.0,0.0
class_size,2020,01620505,Lunenburg High,School,Science,30,16.6,408,0.01,0.02,0.025,0.076,0.012,0.005,0.853,0.485,0.515,0.12,,0.066,0.005
class_size,2020,01620505,Lunenburg High,School,Social Studies/Social Sciences,3,16.0,44,0.023,0.046,0.023,0.023,0.023,0.0,0.864,0.546,0.455,0.136,,0.046,0.0
class_size,2020,01620505,Lunenburg High,School,"Transportation, Distribution and Logistics",0,0.0,0,0.0,0.0,0.0,0.0,0.0,0.0,0.0,0.0,0.0,0.0,,0.0,0.0
class_size,2020,01620505,Lunenburg High,School,CH74 - Agriculture and Natural Resources,0,0.0,0,0.0,0.0,0.0,0.0,0.0,0.0,0.0,0.0,0.0,0.0,,0.0,0.0
class_size,2020,01620505,Lunenburg High,School,CH74 - Arts and Communications Services,0,0.0,0,0.0,0.0,0.0,0.0,0.0,0.0,0.0,0.0,0.0,0.0,,0.0,0.0
class_size,2020,01620505,Lunenburg High,School,CH74 - Business and Consumer Services,0,0.0,0,0.0,0.0,0.0,0.0,0.0,0.0,0.0,0.0,0.0,0.0,,0.0,0.0
class_size,2020,01620505,Lunenburg High,School,CH74 - Construction,0,0.0,0,0.0,0.0,0.0,0.0,0.0,0.0,0.0,0.0,0.0,0.0,,0.0,0.0
class_size,2020,01620505,Lunenburg High,School,CH74 - Exploratory,0,0.0,0,0.0,0.0,0.0,0.0,0.0,0.0,0.0,0.0,0.0,0.0,,0.0,0.0
class_size,2020,01620505,Lunenburg High,School,CH74 - Health,0,0.0,0,0.0,0.0,0.0,0.0,0.0,0.0,0.0,0.0,0.0,0.0,,0.0,0.0
class_size,2020,01620505,Lunenburg High,School,CH74 - Hospitality and Tourism,0,0.0,0,0.0,0.0,0.0,0.0,0.0,0.0,0.0,0.0,0.0,0.0,,0.0,0.0
class_size,2020,01620505,Lunenburg High,School,CH74 - Human Services and Education,0,0.0,0,0.0,0.0,0.0,0.0,0.0,0.0,0.0,0.0,0.0,0.0,,0.0,0.0
class_size,2020,01620505,Lunenburg High,School,CH74 - Information Technology Services,0,0.0,0,0.0,0.0,0.0,0.0,0.0,0.0,0.0,0.0,0.0,0.0,,0.0,0.0
class_size,2020,01620505,Lunenburg High,School,CH74 - Transportation,0,0.0,0,0.0,0.0,0.0,0.0,0.0,0.0,0.0,0.0,0.0,0.0,,0.0,0.0
class_size,2020,01620505,Lunenburg High,School,"CH74 - Manufacturing, Engineering and Technology",0,0.0,0,0.0,0.0,0.0,0.0,0.0,0.0,0.0,0.0,0.0,0.0,,0.0,0.0
class_size,2020,01620505,Lunenburg High,School,Architecture and Construction,0,0.0,0,0.0,0.0,0.0,0.0,0.0,0.0,0.0,0.0,0.0,0.0,,0.0,0.0
class_size,2020,01620305,Lunenburg Middle School,School,All,207,23.5,416,0.005,0.012,0.014,0.082,0.029,0.005,0.853,0.476,0.524,0.192,,0.123,0.005
class_size,2020,01620305,Lunenburg Middle School,School,"Agriculture, Food and Natural Resources",0,0.0,0,0.0,0.0,0.0,0.0,0.0,0.0,0.0,0.0,0.0,0.0,,0.0,0.0
class_size,2020,01620305,Lunenburg Middle School,School,Arts,40,22.8,408,0.005,0.012,0.012,0.081,0.029,0.005,0.855,0.478,0.522,0.191,,0.12,0.005
class_size,2020,01620305,Lunenburg Middle School,School,Business and Marketing,0,0.0,0,0.0,0.0,0.0,0.0,0.0,0.0,0.0,0.0,0.0,0.0,,0.0,0.0
class_size,2020,01620305,Lunenburg Middle School,School,Civics/Government,0,0.0,0,0.0,0.0,0.0,0.0,0.0,0.0,0.0,0.0,0.0,0.0,,0.0,0.0
class_size,2020,01620305,Lunenburg Middle School,School,Communications and Audio/Visual Technology,0,0.0,0,0.0,0.0,0.0,0.0,0.0,0.0,0.0,0.0,0.0,0.0,,0.0,0.0
class_size,2020,01620305,Lunenburg Middle School,School,Computer and Information Sciences,6,23.5,141,0.014,0.014,0.014,0.057,0.021,0.0,0.879,0.468,0.532,0.177,,0.142,0.0
class_size,2020,01620305,Lunenburg Middle School,School,Core-All Subjects,27,24.5,266,0.0,0.011,0.015,0.09,0.034,0.008,0.842,0.481,0.519,0.196,,0.113,0.008
class_size,2020,01620305,Lunenburg Middle School,School,Economics,0,0.0,0,0.0,0.0,0.0,0.0,0.0,0.0,0.0,0.0,0.0,0.0,,0.0,0.0
class_size,2020,01620305,Lunenburg Middle School,School,Engineering and Technology,0,0.0,0,0.0,0.0,0.0,0.0,0.0,0.0,0.0,0.0,0.0,0.0,,0.0,0.0
class_size,2020,01620305,Lunenburg Middle School,School,English/Language Arts,19,22.0,413,0.005,0.012,0.015,0.082,0.029,0.005,0.852,0.477,0.523,0.191,,0.121,0.005
class_size,2020,01620305,Lunenburg Middle School,School,Foreign Language,5,26.4,131,0.015,0.015,0.008,0.046,0.023,0.0,0.893,0.489,0.512,0.145,,0.053,0.0
class_size,2020,01620305,Lunenburg Middle School,School,Geography,0,0.0,0,0.0,0.0,0.0,0.0,0.0,0.0,0.0,0.0,0.0,0.0,,0.0,0.0
class_size,2020,01620305,Lunenburg Middle School,School,Health Care Sciences,0,0.0,0,0.0,0.0,0.0,0.0,0.0,0.0,0.0,0.0,0.0,0.0,,0.0,0.0
class_size,2020,01620305,Lunenburg Middle School,School,History,0,0.0,0,0.0,0.0,0.0,0.0,0.0,0.0,0.0,0.0,0.0,0.0,,0.0,0.0
class_size,2020,01620305,Lunenburg Middle School,School,Hospitality and Tourism,0,0.0,0,0.0,0.0,0.0,0.0,0.0,0.0,0.0,0.0,0.0,0.0,,0.0,0.0
class_size,2020,01620305,Lunenburg Middle School,School,Human Services,0,0.0,0,0.0,0.0,0.0,0.0,0.0,0.0,0.0,0.0,0.0,0.0,,0.0,0.0
class_size,2020,01620305,Lunenburg Middle School,School,Manufacturing,0,0.0,0,0.0,0.0,0.0,0.0,0.0,0.0,0.0,0.0,0.0,0.0,,0.0,0.0
class_size,2020,01620305,Lunenburg Middle School,School,Mathematics,20,21.1,416,0.005,0.012,0.014,0.082,0.029,0.005,0.853,0.476,0.524,0.192,,0.123,0.005
class_size,2020,01620305,Lunenburg Middle School,School,Military Science,0,0.0,0,0.0,0.0,0.0,0.0,0.0,0.0,0.0,0.0,0.0,0.0,,0.0,0.0
class_size,2020,01620305,Lunenburg Middle School,School,Miscellaneous,0,0.0,0,0.0,0.0,0.0,0.0,0.0,0.0,0.0,0.0,0.0,0.0,,0.0,0.0
class_size,2020,01620305,Lunenburg Middle School,School,"Physical, Health, and Safety Education",54,24.7,413,0.005,0.012,0.012,0.082,0.029,0.005,0.855,0.477,0.523,0.191,,0.121,0.005
class_size,2020,01620305,Lunenburg Middle School,School,"Public, Protective, and Government Service",0,0.0,0,0.0,0.0,0.0,0.0,0.0,0.0,0.0,0.0,0.0,0.0,,0.0,0.0
class_size,2020,01620305,Lunenburg Middle School,School,Reading,0,0.0,0,0.0,0.0,0.0,0.0,0.0,0.0,0.0,0.0,0.0,0.0,,0.0,0.0
class_size,2020,01620305,Lunenburg Middle School,School,Religious Education and Theology,0,0.0,0,0.0,0.0,0.0,0.0,0.0,0.0,0.0,0.0,0.0,0.0,,0.0,0.0
class_size,2020,01620305,Lunenburg Middle School,School,Science,18,23.5,415,0.005,0.012,0.015,0.082,0.029,0.005,0.853,0.477,0.523,0.193,,0.123,0.005
class_size,2020,01620305,Lunenburg Middle School,School,Social Studies/Social Sciences,18,23.2,414,0.005,0.012,0.015,0.082,0.029,0.005,0.853,0.476,0.524,0.193,,0.123,0.005
class_size,2020,01620305,Lunenburg Middle School,School,"Transportation, Distribution and Logistics",0,0.0,0,0.0,0.0,0.0,0.0,0.0,0.0,0.0,0.0,0.0,0.0,,0.0,0.0
class_size,2020,01620305,Lunenburg Middle School,School,CH74 - Agriculture and Natural Resources,0,0.0,0,0.0,0.0,0.0,0.0,0.0,0.0,0.0,0.0,0.0,0.0,,0.0,0.0
class_size,2020,01620305,Lunenburg Middle School,School,CH74 - Arts and Communications Services,0,0.0,0,0.0,0.0,0.0,0.0,0.0,0.0,0.0,0.0,0.0,0.0,,0.0,0.0
class_size,2020,01620305,Lunenburg Middle School,School,CH74 - Business and Consumer Services,0,0.0,0,0.0,0.0,0.0,0.0,0.0,0.0,0.0,0.0,0.0,0.0,,0.0,0.0
class_size,2020,01620305,Lunenburg Middle School,School,CH74 - Construction,0,0.0,0,0.0,0.0,0.0,0.0,0.0,0.0,0.0,0.0,0.0,0.0,,0.0,0.0
class_size,2020,01620305,Lunenburg Middle School,School,CH74 - Exploratory,0,0.0,0,0.0,0.0,0.0,0.0,0.0,0.0,0.0,0.0,0.0,0.0,,0.0,0.0
class_size,2020,01620305,Lunenburg Middle School,School,CH74 - Health,0,0.0,0,0.0,0.0,0.0,0.0,0.0,0.0,0.0,0.0,0.0,0.0,,0.0,0.0
class_size,2020,01620305,Lunenburg Middle School,School,CH74 - Hospitality and Tourism,0,0.0,0,0.0,0.0,0.0,0.0,0.0,0.0,0.0,0.0,0.0,0.0,,0.0,0.0
class_size,2020,01620305,Lunenburg Middle School,School,CH74 - Human Services and Education,0,0.0,0,0.0,0.0,0.0,0.0,0.0,0.0,0.0,0.0,0.0,0.0,,0.0,0.0
class_size,2020,01620305,Lunenburg Middle School,School,CH74 - Information Technology Services,0,0.0,0,0.0,0.0,0.0,0.0,0.0,0.0,0.0,0.0,0.0,0.0,,0.0,0.0
class_size,2020,01620305,Lunenburg Middle School,School,CH74 - Transportation,0,0.0,0,0.0,0.0,0.0,0.0,0.0,0.0,0.0,0.0,0.0,0.0,,0.0,0.0
class_size,2020,01620305,Lunenburg Middle School,School,"CH74 - Manufacturing, Engineering and Technology",0,0.0,0,0.0,0.0,0.0,0.0,0.0,0.0,0.0,0.0,0.0,0.0,,0.0,0.0
class_size,2020,01620305,Lunenburg Middle School,School,Architecture and Construction,0,0.0,0,0.0,0.0,0.0,0.0,0.0,0.0,0.0,0.0,0.0,0.0,,0.0,0.0
class_size,2020,01620010,Lunenburg Primary School,School,All,196,22.4,434,0.0,0.014,0.03,0.095,0.021,0.002,0.839,0.47,0.53,0.224,,0.274,0.021
class_size,2020,01620010,Lunenburg Primary School,School,"Agriculture, Food and Natural Resources",0,0.0,0,0.0,0.0,0.0,0.0,0.0,0.0,0.0,0.0,0.0,0.0,,0.0,0.0
class_size,2020,01620010,Lunenburg Primary School,School,Arts,34,23.4,388,0.0,0.016,0.031,0.093,0.018,0.003,0.84,0.482,0.518,0.222,,0.219,0.023
class_size,2020,01620010,Lunenburg Primary School,School,Business and Marketing,0,0.0,0,0.0,0.0,0.0,0.0,0.0,0.0,0.0,0.0,0.0,0.0,,0.0,0.0
class_size,2020,01620010,Lunenburg Primary School,School,Civics/Government,0,0.0,0,0.0,0.0,0.0,0.0,0.0,0.0,0.0,0.0,0.0,0.0,,0.0,0.0
class_size,2020,01620010,Lunenburg Primary School,School,Communications and Audio/Visual Technology,17,23.4,388,0.0,0.016,0.031,0.093,0.018,0.003,0.84,0.482,0.518,0.222,,0.219,0.023
class_size,2020,01620010,Lunenburg Primary School,School,Computer and Information Sciences,0,0.0,0,0.0,0.0,0.0,0.0,0.0,0.0,0.0,0.0,0.0,0.0,,0.0,0.0
class_size,2020,01620010,Lunenburg Primary School,School,Core-All Subjects,24,18.8,432,0.0,0.014,0.028,0.095,0.021,0.002,0.84,0.472,0.528,0.22,,0.273,0.021
class_size,2020,01620010,Lunenburg Primary School,School,Economics,0,0.0,0,0.0,0.0,0.0,0.0,0.0,0.0,0.0,0.0,0.0,0.0,,0.0,0.0
class_size,2020,01620010,Lunenburg Primary School,School,Engineering and Technology,0,0.0,0,0.0,0.0,0.0,0.0,0.0,0.0,0.0,0.0,0.0,0.0,,0.0,0.0
class_size,2020,01620010,Lunenburg Primary School,School,English/Language Arts,17,22.9,388,0.0,0.016,0.031,0.093,0.018,0.003,0.84,0.482,0.518,0.222,,0.219,0.023
class_size,2020,01620010,Lunenburg Primary School,School,Foreign Language,0,0.0,0,0.0,0.0,0.0,0.0,0.0,0.0,0.0,0.0,0.0,0.0,,0.0,0.0
class_size,2020,01620010,Lunenburg Primary School,School,Geography,0,0.0,0,0.0,0.0,0.0,0.0,0.0,0.0,0.0,0.0,0.0,0.0,,0.0,0.0
class_size,2020,01620010,Lunenburg Primary School,School,Health Care Sciences,0,0.0,0,0.0,0.0,0.0,0.0,0.0,0.0,0.0,0.0,0.0,0.0,,0.0,0.0
class_size,2020,01620010,Lunenburg Primary School,School,History,0,0.0,0,0.0,0.0,0.0,0.0,0.0,0.0,0.0,0.0,0.0,0.0,,0.0,0.0
class_size,2020,01620010,Lunenburg Primary School,School,Hospitality and Tourism,0,0.0,0,0.0,0.0,0.0,0.0,0.0,0.0,0.0,0.0,0.0,0.0,,0.0,0.0
class_size,2020,01620010,Lunenburg Primary School,School,Human Services,0,0.0,0,0.0,0.0,0.0,0.0,0.0,0.0,0.0,0.0,0.0,0.0,,0.0,0.0
class_size,2020,01620010,Lunenburg Primary School,School,Manufacturing,0,0.0,0,0.0,0.0,0.0,0.0,0.0,0.0,0.0,0.0,0.0,0.0,,0.0,0.0
class_size,2020,01620010,Lunenburg Primary School,School,Mathematics,17,22.2,377,0.0,0.016,0.032,0.096,0.019,0.003,0.836,0.483,0.517,0.228,,0.215,0.024
class_size,2020,01620010,Lunenburg Primary School,School,Military Science,0,0.0,0,0.0,0.0,0.0,0.0,0.0,0.0,0.0,0.0,0.0,0.0,,0.0,0.0
class_size,2020,01620010,Lunenburg Primary School,School,Miscellaneous,2,9.0,15,0.0,0.0,0.133,0.067,0.0,0.0,0.8,0.2,0.8,0.6,,1.0,0.067
class_size,2020,01620010,Lunenburg Primary School,School,"Physical, Health, and Safety Education",34,23.4,388,0.0,0.016,0.031,0.093,0.018,0.003,0.84,0.482,0.518,0.222,,0.219,0.023
class_size,2020,01620010,Lunenburg Primary School,School,"Public, Protective, and Government Service",0,0.0,0,0.0,0.0,0.0,0.0,0.0,0.0,0.0,0.0,0.0,0.0,,0.0,0.0
class_size,2020,01620010,Lunenburg Primary School,School,Reading,17,22.9,388,0.0,0.016,0.031,0.093,0.018,0.003,0.84,0.482,0.518,0.222,,0.219,0.023
class_size,2020,01620010,Lunenburg Primary School,School,Religious Education and Theology,0,0.0,0,0.0,0.0,0.0,0.0,0.0,0.0,0.0,0.0,0.0,0.0,,0.0,0.0
class_size,2020,01620010,Lunenburg Primary School,School,Science,17,22.9,388,0.0,0.016,0.031,0.093,0.018,0.003,0.84,0.482,0.518,0.222,,0.219,0.023
class_size,2020,01620010,Lunenburg Primary School,School,Social Studies/Social Sciences,17,22.9,388,0.0,0.016,0.031,0.093,0.018,0.003,0.84,0.482,0.518,0.222,,0.219,0.023
class_size,2020,01620010,Lunenburg Primary School,School,"Transportation, Distribution and Logistics",0,0.0,0,0.0,0.0,0.0,0.0,0.0,0.0,0.0,0.0,0.0,0.0,,0.0,0.0
class_size,2020,01620010,Lunenburg Primary School,School,CH74 - Agriculture and Natural Resources,0,0.0,0,0.0,0.0,0.0,0.0,0.0,0.0,0.0,0.0,0.0,0.0,,0.0,0.0
class_size,2020,01620010,Lunenburg Primary School,School,CH74 - Arts and Communications Services,0,0.0,0,0.0,0.0,0.0,0.0,0.0,0.0,0.0,0.0,0.0,0.0,,0.0,0.0
class_size,2020,01620010,Lunenburg Primary School,School,CH74 - Business and Consumer Services,0,0.0,0,0.0,0.0,0.0,0.0,0.0,0.0,0.0,0.0,0.0,0.0,,0.0,0.0
class_size,2020,01620010,Lunenburg Primary School,School,CH74 - Construction,0,0.0,0,0.0,0.0,0.0,0.0,0.0,0.0,0.0,0.0,0.0,0.0,,0.0,0.0
class_size,2020,01620010,Lunenburg Primary School,School,CH74 - Exploratory,0,0.0,0,0.0,0.0,0.0,0.0,0.0,0.0,0.0,0.0,0.0,0.0,,0.0,0.0
class_size,2020,01620010,Lunenburg Primary School,School,CH74 - Health,0,0.0,0,0.0,0.0,0.0,0.0,0.0,0.0,0.0,0.0,0.0,0.0,,0.0,0.0
class_size,2020,01620010,Lunenburg Primary School,School,CH74 - Hospitality and Tourism,0,0.0,0,0.0,0.0,0.0,0.0,0.0,0.0,0.0,0.0,0.0,0.0,,0.0,0.0
class_size,2020,01620010,Lunenburg Primary School,School,CH74 - Human Services and Education,0,0.0,0,0.0,0.0,0.0,0.0,0.0,0.0,0.0,0.0,0.0,0.0,,0.0,0.0
class_size,2020,01620010,Lunenburg Primary School,School,CH74 - Information Technology Services,0,0.0,0,0.0,0.0,0.0,0.0,0.0,0.0,0.0,0.0,0.0,0.0,,0.0,0.0
class_size,2020,01620010,Lunenburg Primary School,School,CH74 - Transportation,0,0.0,0,0.0,0.0,0.0,0.0,0.0,0.0,0.0,0.0,0.0,0.0,,0.0,0.0
class_size,2020,01620010,Lunenburg Primary School,School,"CH74 - Manufacturing, Engineering and Technology",0,0.0,0,0.0,0.0,0.0,0.0,0.0,0.0,0.0,0.0,0.0,0.0,,0.0,0.0
class_size,2020,01620010,Lunenburg Primary School,School,Architecture and Construction,0,0.0,0,0.0,0.0,0.0,0.0,0.0,0.0,0.0,0.0,0.0,0.0,,0.0,0.0
class_size,2020,01620025,Turkey Hill Elementary School,School,All,147,24.0,364,0.0,0.03,0.025,0.091,0.033,0.006,0.816,0.506,0.495,0.168,,0.146,0.014
class_size,2020,01620025,Turkey Hill Elementary School,School,"Agriculture, Food and Natural Resources",0,0.0,0,0.0,0.0,0.0,0.0,0.0,0.0,0.0,0.0,0.0,0.0,,0.0,0.0
class_size,2020,01620025,Turkey Hill Elementary School,School,Arts,30,24.3,364,0.0,0.03,0.025,0.091,0.033,0.006,0.816,0.506,0.495,0.168,,0.146,0.014
class_size,2020,01620025,Turkey Hill Elementary School,School,Business and Marketing,0,0.0,0,0.0,0.0,0.0,0.0,0.0,0.0,0.0,0.0,0.0,0.0,,0.0,0.0
class_size,2020,01620025,Turkey Hill Elementary School,School,Civics/Government,0,0.0,0,0.0,0.0,0.0,0.0,0.0,0.0,0.0,0.0,0.0,0.0,,0.0,0.0
class_size,2020,01620025,Turkey Hill Elementary School,School,Communications and Audio/Visual Technology,0,0.0,0,0.0,0.0,0.0,0.0,0.0,0.0,0.0,0.0,0.0,0.0,,0.0,0.0
class_size,2020,01620025,Turkey Hill Elementary School,School,Computer and Information Sciences,0,0.0,0,0.0,0.0,0.0,0.0,0.0,0.0,0.0,0.0,0.0,0.0,,0.0,0.0
class_size,2020,01620025,Turkey Hill Elementary School,School,Core-All Subjects,30,24.3,364,0.0,0.03,0.025,0.091,0.033,0.006,0.816,0.506,0.495,0.168,,0.146,0.014
class_size,2020,01620025,Turkey Hill Elementary School,School,Economics,0,0.0,0,0.0,0.0,0.0,0.0,0.0,0.0,0.0,0.0,0.0,0.0,,0.0,0.0
class_size,2020,01620025,Turkey Hill Elementary School,School,Engineering and Technology,0,0.0,0,0.0,0.0,0.0,0.0,0.0,0.0,0.0,0.0,0.0,0.0,,0.0,0.0
class_size,2020,01620025,Turkey Hill Elementary School,School,English/Language Arts,16,22.8,363,0.0,0.03,0.022,0.091,0.033,0.006,0.818,0.504,0.496,0.165,,0.146,0.014
class_size,2020,01620025,Turkey Hill Elementary School,School,Foreign Language,0,0.0,0,0.0,0.0,0.0,0.0,0.0,0.0,0.0,0.0,0.0,0.0,,0.0,0.0
class_size,2020,01620025,Turkey Hill Elementary School,School,Geography,0,0.0,0,0.0,0.0,0.0,0.0,0.0,0.0,0.0,0.0,0.0,0.0,,0.0,0.0
class_size,2020,01620025,Turkey Hill Elementary School,School,Health Care Sciences,0,0.0,0,0.0,0.0,0.0,0.0,0.0,0.0,0.0,0.0,0.0,0.0,,0.0,0.0
class_size,2020,01620025,Turkey Hill Elementary School,School,History,0,0.0,0,0.0,0.0,0.0,0.0,0.0,0.0,0.0,0.0,0.0,0.0,,0.0,0.0
class_size,2020,01620025,Turkey Hill Elementary School,School,Hospitality and Tourism,0,0.0,0,0.0,0.0,0.0,0.0,0.0,0.0,0.0,0.0,0.0,0.0,,0.0,0.0
class_size,2020,01620025,Turkey Hill Elementary School,School,Human Services,0,0.0,0,0.0,0.0,0.0,0.0,0.0,0.0,0.0,0.0,0.0,0.0,,0.0,0.0
class_size,2020,01620025,Turkey Hill Elementary School,School,Manufacturing,0,0.0,0,0.0,0.0,0.0,0.0,0.0,0.0,0.0,0.0,0.0,0.0,,0.0,0.0
class_size,2020,01620025,Turkey Hill Elementary School,School,Mathematics,16,22.9,364,0.0,0.03,0.025,0.091,0.033,0.006,0.816,0.506,0.495,0.168,,0.146,0.014
class_size,2020,01620025,Turkey Hill Elementary School,School,Military Science,0,0.0,0,0.0,0.0,0.0,0.0,0.0,0.0,0.0,0.0,0.0,0.0,,0.0,0.0
class_size,2020,01620025,Turkey Hill Elementary School,School,Miscellaneous,0,0.0,0,0.0,0.0,0.0,0.0,0.0,0.0,0.0,0.0,0.0,0.0,,0.0,0.0
class_size,2020,01620025,Turkey Hill Elementary School,School,"Physical, Health, and Safety Education",15,24.3,364,0.0,0.03,0.025,0.091,0.033,0.006,0.816,0.506,0.495,0.168,,0.146,0.014
class_size,2020,01620025,Turkey Hill Elementary School,School,"Public, Protective, and Government Service",0,0.0,0,0.0,0.0,0.0,0.0,0.0,0.0,0.0,0.0,0.0,0.0,,0.0,0.0
class_size,2020,01620025,Turkey Hill Elementary School,School,Reading,10,24.5,245,0.0,0.045,0.033,0.09,0.02,0.004,0.808,0.49,0.51,0.18,,0.139,0.02
class_size,2020,01620025,Turkey Hill Elementary School,School,Religious Education and Theology,0,0.0,0,0.0,0.0,0.0,0.0,0.0,0.0,0.0,0.0,0.0,0.0,,0.0,0.0
class_size,2020,01620025,Turkey Hill Elementary School,School,Science,15,24.3,364,0.0,0.03,0.025,0.091,0.033,0.006,0.816,0.506,0.495,0.168,,0.146,0.014
class_size,2020,01620025,Turkey Hill Elementary School,School,Social Studies/Social Sciences,15,24.3,364,0.0,0.03,0.025,0.091,0.033,0.006,0.816,0.506,0.495,0.168,,0.146,0.014
class_size,2020,01620025,Turkey Hill Elementary School,School,"Transportation, Distribution and Logistics",0,0.0,0,0.0,0.0,0.0,0.0,0.0,0.0,0.0,0.0,0.0,0.0,,0.0,0.0
class_size,2020,01620025,Turkey Hill Elementary School,School,CH74 - Agriculture and Natural Resources,0,0.0,0,0.0,0.0,0.0,0.0,0.0,0.0,0.0,0.0,0.0,0.0,,0.0,0.0
class_size,2020,01620025,Turkey Hill Elementary School,School,CH74 - Arts and Communications Services,0,0.0,0,0.0,0.0,0.0,0.0,0.0,0.0,0.0,0.0,0.0,0.0,,0.0,0.0
class_size,2020,01620025,Turkey Hill Elementary School,School,CH74 - Business and Consumer Services,0,0.0,0,0.0,0.0,0.0,0.0,0.0,0.0,0.0,0.0,0.0,0.0,,0.0,0.0
class_size,2020,01620025,Turkey Hill Elementary School,School,CH74 - Construction,0,0.0,0,0.0,0.0,0.0,0.0,0.0,0.0,0.0,0.0,0.0,0.0,,0.0,0.0
class_size,2020,01620025,Turkey Hill Elementary School,School,CH74 - Exploratory,0,0.0,0,0.0,0.0,0.0,0.0,0.0,0.0,0.0,0.0,0.0,0.0,,0.0,0.0
class_size,2020,01620025,Turkey Hill Elementary School,School,CH74 - Health,0,0.0,0,0.0,0.0,0.0,0.0,0.0,0.0,0.0,0.0,0.0,0.0,,0.0,0.0
class_size,2020,01620025,Turkey Hill Elementary School,School,CH74 - Hospitality and Tourism,0,0.0,0,0.0,0.0,0.0,0.0,0.0,0.0,0.0,0.0,0.0,0.0,,0.0,0.0
class_size,2020,01620025,Turkey Hill Elementary School,School,CH74 - Human Services and Education,0,0.0,0,0.0,0.0,0.0,0.0,0.0,0.0,0.0,0.0,0.0,0.0,,0.0,0.0
class_size,2020,01620025,Turkey Hill Elementary School,School,CH74 - Information Technology Services,0,0.0,0,0.0,0.0,0.0,0.0,0.0,0.0,0.0,0.0,0.0,0.0,,0.0,0.0
class_size,2020,01620025,Turkey Hill Elementary School,School,CH74 - Transportation,0,0.0,0,0.0,0.0,0.0,0.0,0.0,0.0,0.0,0.0,0.0,0.0,,0.0,0.0
class_size,2020,01620025,Turkey Hill Elementary School,School,"CH74 - Manufacturing, Engineering and Technology",0,0.0,0,0.0,0.0,0.0,0.0,0.0,0.0,0.0,0.0,0.0,0.0,,0.0,0.0
class_size,2020,01620025,Turkey Hill Elementary School,School,Architecture and Construction,0,0.0,0,0.0,0.0,0.0,0.0,0.0,0.0,0.0,0.0,0.0,0.0,,0.0,0.0
class_size,2019,01620605,Advanced Community Experience Program,School,All,1,4.0,4,0.0,0.0,0.0,0.0,0.0,0.0,1.0,0.75,0.25,0.0,,1.0,1.0
class_size,2019,01620605,Advanced Community Experience Program,School,"Agriculture, Food and Natural Resources",0,0.0,0,0.0,0.0,0.0,0.0,0.0,0.0,0.0,0.0,0.0,0.0,,0.0,0.0
class_size,2019,01620605,Advanced Community Experience Program,School,Arts,0,0.0,0,0.0,0.0,0.0,0.0,0.0,0.0,0.0,0.0,0.0,0.0,,0.0,0.0
class_size,2019,01620605,Advanced Community Experience Program,School,Business and Marketing,0,0.0,0,0.0,0.0,0.0,0.0,0.0,0.0,0.0,0.0,0.0,0.0,,0.0,0.0
class_size,2019,01620605,Advanced Community Experience Program,School,Civics/Government,0,0.0,0,0.0,0.0,0.0,0.0,0.0,0.0,0.0,0.0,0.0,0.0,,0.0,0.0
class_size,2019,01620605,Advanced Community Experience Program,School,Communications and Audio/Visual Technology,0,0.0,0,0.0,0.0,0.0,0.0,0.0,0.0,0.0,0.0,0.0,0.0,,0.0,0.0
class_size,2019,01620605,Advanced Community Experience Program,School,Computer and Information Sciences,0,0.0,0,0.0,0.0,0.0,0.0,0.0,0.0,0.0,0.0,0.0,0.0,,0.0,0.0
class_size,2019,01620605,Advanced Community Experience Program,School,Core-All Subjects,0,0.0,0,0.0,0.0,0.0,0.0,0.0,0.0,0.0,0.0,0.0,0.0,,0.0,0.0
class_size,2019,01620605,Advanced Community Experience Program,School,Economics,0,0.0,0,0.0,0.0,0.0,0.0,0.0,0.0,0.0,0.0,0.0,0.0,,0.0,0.0
class_size,2019,01620605,Advanced Community Experience Program,School,Engineering and Technology,0,0.0,0,0.0,0.0,0.0,0.0,0.0,0.0,0.0,0.0,0.0,0.0,,0.0,0.0
class_size,2019,01620605,Advanced Community Experience Program,School,English/Language Arts,0,0.0,0,0.0,0.0,0.0,0.0,0.0,0.0,0.0,0.0,0.0,0.0,,0.0,0.0
class_size,2019,01620605,Advanced Community Experience Program,School,Foreign Language,0,0.0,0,0.0,0.0,0.0,0.0,0.0,0.0,0.0,0.0,0.0,0.0,,0.0,0.0
class_size,2019,01620605,Advanced Community Experience Program,School,Geography,0,0.0,0,0.0,0.0,0.0,0.0,0.0,0.0,0.0,0.0,0.0,0.0,,0.0,0.0
class_size,2019,01620605,Advanced Community Experience Program,School,Health Care Sciences,0,0.0,0,0.0,0.0,0.0,0.0,0.0,0.0,0.0,0.0,0.0,0.0,,0.0,0.0
class_size,2019,01620605,Advanced Community Experience Program,School,History,0,0.0,0,0.0,0.0,0.0,0.0,0.0,0.0,0.0,0.0,0.0,0.0,,0.0,0.0
class_size,2019,01620605,Advanced Community Experience Program,School,Hospitality and Tourism,0,0.0,0,0.0,0.0,0.0,0.0,0.0,0.0,0.0,0.0,0.0,0.0,,0.0,0.0
class_size,2019,01620605,Advanced Community Experience Program,School,Human Services,0,0.0,0,0.0,0.0,0.0,0.0,0.0,0.0,0.0,0.0,0.0,0.0,,0.0,0.0
class_size,2019,01620605,Advanced Community Experience Program,School,Manufacturing,0,0.0,0,0.0,0.0,0.0,0.0,0.0,0.0,0.0,0.0,0.0,0.0,,0.0,0.0
class_size,2019,01620605,Advanced Community Experience Program,School,Mathematics,0,0.0,0,0.0,0.0,0.0,0.0,0.0,0.0,0.0,0.0,0.0,0.0,,0.0,0.0
class_size,2019,01620605,Advanced Community Experience Program,School,Military Science,0,0.0,0,0.0,0.0,0.0,0.0,0.0,0.0,0.0,0.0,0.0,0.0,,0.0,0.0
class_size,2019,01620605,Advanced Community Experience Program,School,Miscellaneous,1,4.0,4,0.0,0.0,0.0,0.0,0.0,0.0,1.0,0.75,0.25,0.0,,1.0,1.0
class_size,2019,01620605,Advanced Community Experience Program,School,"Physical, Health, and Safety Education",0,0.0,0,0.0,0.0,0.0,0.0,0.0,0.0,0.0,0.0,0.0,0.0,,0.0,0.0
class_size,2019,01620605,Advanced Community Experience Program,School,"Public, Protective, and Government Service",0,0.0,0,0.0,0.0,0.0,0.0,0.0,0.0,0.0,0.0,0.0,0.0,,0.0,0.0
class_size,2019,01620605,Advanced Community Experience Program,School,Reading,0,0.0,0,0.0,0.0,0.0,0.0,0.0,0.0,0.0,0.0,0.0,0.0,,0.0,0.0
class_size,2019,01620605,Advanced Community Experience Program,School,Religious Education and Theology,0,0.0,0,0.0,0.0,0.0,0.0,0.0,0.0,0.0,0.0,0.0,0.0,,0.0,0.0
class_size,2019,01620605,Advanced Community Experience Program,School,Science,0,0.0,0,0.0,0.0,0.0,0.0,0.0,0.0,0.0,0.0,0.0,0.0,,0.0,0.0
class_size,2019,01620605,Advanced Community Experience Program,School,Social Studies/Social Sciences,0,0.0,0,0.0,0.0,0.0,0.0,0.0,0.0,0.0,0.0,0.0,0.0,,0.0,0.0
class_size,2019,01620605,Advanced Community Experience Program,School,"Transportation, Distribution and Logistics",0,0.0,0,0.0,0.0,0.0,0.0,0.0,0.0,0.0,0.0,0.0,0.0,,0.0,0.0
class_size,2019,01620605,Advanced Community Experience Program,School,CH74 - Agriculture and Natural Resources,0,0.0,0,0.0,0.0,0.0,0.0,0.0,0.0,0.0,0.0,0.0,0.0,,0.0,0.0
class_size,2019,01620605,Advanced Community Experience Program,School,CH74 - Arts and Communications Services,0,0.0,0,0.0,0.0,0.0,0.0,0.0,0.0,0.0,0.0,0.0,0.0,,0.0,0.0
class_size,2019,01620605,Advanced Community Experience Program,School,CH74 - Business and Consumer Services,0,0.0,0,0.0,0.0,0.0,0.0,0.0,0.0,0.0,0.0,0.0,0.0,,0.0,0.0
class_size,2019,01620605,Advanced Community Experience Program,School,CH74 - Construction,0,0.0,0,0.0,0.0,0.0,0.0,0.0,0.0,0.0,0.0,0.0,0.0,,0.0,0.0
class_size,2019,01620605,Advanced Community Experience Program,School,CH74 - Exploratory,0,0.0,0,0.0,0.0,0.0,0.0,0.0,0.0,0.0,0.0,0.0,0.0,,0.0,0.0
class_size,2019,01620605,Advanced Community Experience Program,School,CH74 - Health,0,0.0,0,0.0,0.0,0.0,0.0,0.0,0.0,0.0,0.0,0.0,0.0,,0.0,0.0
class_size,2019,01620605,Advanced Community Experience Program,School,CH74 - Hospitality and Tourism,0,0.0,0,0.0,0.0,0.0,0.0,0.0,0.0,0.0,0.0,0.0,0.0,,0.0,0.0
class_size,2019,01620605,Advanced Community Experience Program,School,CH74 - Human Services and Education,0,0.0,0,0.0,0.0,0.0,0.0,0.0,0.0,0.0,0.0,0.0,0.0,,0.0,0.0
class_size,2019,01620605,Advanced Community Experience Program,School,CH74 - Information Technology Services,0,0.0,0,0.0,0.0,0.0,0.0,0.0,0.0,0.0,0.0,0.0,0.0,,0.0,0.0
class_size,2019,01620605,Advanced Community Experience Program,School,CH74 - Transportation,0,0.0,0,0.0,0.0,0.0,0.0,0.0,0.0,0.0,0.0,0.0,0.0,,0.0,0.0
class_size,2019,01620605,Advanced Community Experience Program,School,"CH74 - Manufacturing, Engineering and Technology",0,0.0,0,0.0,0.0,0.0,0.0,0.0,0.0,0.0,0.0,0.0,0.0,,0.0,0.0
class_size,2019,01620605,Advanced Community Experience Program,School,Architecture and Construction,0,0.0,0,0.0,0.0,0.0,0.0,0.0,0.0,0.0,0.0,0.0,0.0,,0.0,0.0
class_size,2019,01620000,Lunenburg,District,All,813,20.3,1666,0.004,0.02,0.02,0.071,0.022,0.004,0.86,0.486,0.514,0.014,,0.163,0.153
class_size,2019,01620000,Lunenburg,District,"Agriculture, Food and Natural Resources",2,15.0,21,0.0,0.048,0.0,0.0,0.0,0.0,0.952,0.667,0.333,0.0,,0.191,0.333
class_size,2019,01620000,Lunenburg,District,Arts,125,21.8,1375,0.004,0.02,0.019,0.073,0.024,0.004,0.856,0.496,0.504,0.018,,0.163,0.141
class_size,2019,01620000,Lunenburg,District,Business and Marketing,1,2.0,2,0.0,0.0,0.0,0.0,0.0,0.0,1.0,0.5,0.5,0.0,,0.0,0.0
class_size,2019,01620000,Lunenburg,District,Civics/Government,2,18.5,37,0.0,0.054,0.0,0.0,0.0,0.027,0.919,0.405,0.595,0.0,,0.027,0.027
class_size,2019,01620000,Lunenburg,District,Communications and Audio/Visual Technology,20,22.2,437,0.002,0.023,0.028,0.076,0.021,0.0,0.851,0.497,0.503,0.023,,0.165,0.167
class_size,2019,01620000,Lunenburg,District,Computer and Information Sciences,22,22.7,499,0.0,0.02,0.014,0.076,0.034,0.004,0.852,0.463,0.537,0.024,,0.166,0.134
class_size,2019,01620000,Lunenburg,District,Core-All Subjects,91,21.4,1064,0.002,0.016,0.021,0.077,0.027,0.003,0.854,0.485,0.515,0.021,,0.178,0.178
class_size,2019,01620000,Lunenburg,District,Economics,2,15.0,30,0.067,0.033,0.033,0.0,0.0,0.0,0.867,0.433,0.567,0.0,,0.167,0.0
class_size,2019,01620000,Lunenburg,District,Engineering and Technology,5,17.8,83,0.0,0.036,0.0,0.012,0.0,0.012,0.94,0.193,0.807,0.0,,0.108,0.133
class_size,2019,01620000,Lunenburg,District,English/Language Arts,81,20.3,1603,0.004,0.021,0.02,0.07,0.022,0.004,0.86,0.489,0.512,0.015,,0.158,0.131
class_size,2019,01620000,Lunenburg,District,Foreign Language,42,16.9,706,0.007,0.016,0.02,0.077,0.017,0.003,0.861,0.486,0.514,0.006,,0.15,0.088
class_size,2019,01620000,Lunenburg,District,Geography,0,0.0,0,0.0,0.0,0.0,0.0,0.0,0.0,0.0,0.0,0.0,0.0,,0.0,0.0
class_size,2019,01620000,Lunenburg,District,Health Care Sciences,2,13.5,27,0.0,0.074,0.037,0.0,0.0,0.0,0.889,0.63,0.37,0.0,,0.037,0.037
class_size,2019,01620000,Lunenburg,District,History,20,17.8,352,0.011,0.017,0.023,0.051,0.011,0.006,0.881,0.494,0.506,0.0,,0.131,0.082
class_size,2019,01620000,Lunenburg,District,Hospitality and Tourism,0,0.0,0,0.0,0.0,0.0,0.0,0.0,0.0,0.0,0.0,0.0,0.0,,0.0,0.0
class_size,2019,01620000,Lunenburg,District,Human Services,0,0.0,0,0.0,0.0,0.0,0.0,0.0,0.0,0.0,0.0,0.0,0.0,,0.0,0.0
class_size,2019,01620000,Lunenburg,District,Manufacturing,0,0.0,0,0.0,0.0,0.0,0.0,0.0,0.0,0.0,0.0,0.0,0.0,,0.0,0.0
class_size,2019,01620000,Lunenburg,District,Mathematics,81,20.6,1608,0.004,0.021,0.02,0.07,0.022,0.004,0.86,0.488,0.512,0.015,,0.157,0.133
class_size,2019,01620000,Lunenburg,District,Military Science,0,0.0,0,0.0,0.0,0.0,0.0,0.0,0.0,0.0,0.0,0.0,0.0,,0.0,0.0
class_size,2019,01620000,Lunenburg,District,Miscellaneous,41,4.9,112,0.009,0.036,0.018,0.018,0.0,0.009,0.911,0.491,0.509,0.0,,0.17,0.482
class_size,2019,01620000,Lunenburg,District,"Physical, Health, and Safety Education",117,22.4,1495,0.005,0.017,0.019,0.074,0.021,0.003,0.862,0.478,0.522,0.015,,0.163,0.138
class_size,2019,01620000,Lunenburg,District,"Public, Protective, and Government Service",1,2.0,2,0.0,0.0,0.0,0.0,0.0,0.0,1.0,0.5,0.5,0.0,,0.5,0.0
class_size,2019,01620000,Lunenburg,District,Reading,29,21.6,622,0.0,0.021,0.024,0.08,0.026,0.002,0.847,0.5,0.5,0.029,,0.174,0.183
class_size,2019,01620000,Lunenburg,District,Religious Education and Theology,0,0.0,0,0.0,0.0,0.0,0.0,0.0,0.0,0.0,0.0,0.0,0.0,,0.0,0.0
class_size,2019,01620000,Lunenburg,District,Science,78,21.1,1550,0.005,0.02,0.021,0.071,0.023,0.004,0.857,0.49,0.51,0.016,,0.156,0.127
class_size,2019,01620000,Lunenburg,District,Social Studies/Social Sciences,51,23.5,1197,0.003,0.019,0.02,0.079,0.026,0.003,0.851,0.488,0.512,0.02,,0.168,0.141
class_size,2019,01620000,Lunenburg,District,"Transportation, Distribution and Logistics",0,0.0,0,0.0,0.0,0.0,0.0,0.0,0.0,0.0,0.0,0.0,0.0,,0.0,0.0
class_size,2019,01620000,Lunenburg,District,CH74 - Agriculture and Natural Resources,0,0.0,0,0.0,0.0,0.0,0.0,0.0,0.0,0.0,0.0,0.0,0.0,,0.0,0.0
class_size,2019,01620000,Lunenburg,District,CH74 - Arts and Communications Services,0,0.0,0,0.0,0.0,0.0,0.0,0.0,0.0,0.0,0.0,0.0,0.0,,0.0,0.0
class_size,2019,01620000,Lunenburg,District,CH74 - Business and Consumer Services,0,0.0,0,0.0,0.0,0.0,0.0,0.0,0.0,0.0,0.0,0.0,0.0,,0.0,0.0
class_size,2019,01620000,Lunenburg,District,CH74 - Construction,0,0.0,0,0.0,0.0,0.0,0.0,0.0,0.0,0.0,0.0,0.0,0.0,,0.0,0.0
class_size,2019,01620000,Lunenburg,District,CH74 - Exploratory,0,0.0,0,0.0,0.0,0.0,0.0,0.0,0.0,0.0,0.0,0.0,0.0,,0.0,0.0
class_size,2019,01620000,Lunenburg,District,CH74 - Health,0,0.0,0,0.0,0.0,0.0,0.0,0.0,0.0,0.0,0.0,0.0,0.0,,0.0,0.0
class_size,2019,01620000,Lunenburg,District,CH74 - Hospitality and Tourism,0,0.0,0,0.0,0.0,0.0,0.0,0.0,0.0,0.0,0.0,0.0,0.0,,0.0,0.0
class_size,2019,01620000,Lunenburg,District,CH74 - Human Services and Education,0,0.0,0,0.0,0.0,0.0,0.0,0.0,0.0,0.0,0.0,0.0,0.0,,0.0,0.0
class_size,2019,01620000,Lunenburg,District,CH74 - Information Technology Services,0,0.0,0,0.0,0.0,0.0,0.0,0.0,0.0,0.0,0.0,0.0,0.0,,0.0,0.0
class_size,2019,01620000,Lunenburg,District,CH74 - Transportation,0,0.0,0,0.0,0.0,0.0,0.0,0.0,0.0,0.0,0.0,0.0,0.0,,0.0,0.0
class_size,2019,01620000,Lunenburg,District,"CH74 - Manufacturing, Engineering and Technology",0,0.0,0,0.0,0.0,0.0,0.0,0.0,0.0,0.0,0.0,0.0,0.0,,0.0,0.0
class_size,2019,01620000,Lunenburg,District,Architecture and Construction,0,0.0,0,0.0,0.0,0.0,0.0,0.0,0.0,0.0,0.0,0.0,0.0,,0.0,0.0
class_size,2019,01620505,Lunenburg High,School,All,240,15.0,463,0.011,0.03,0.019,0.045,0.009,0.007,0.879,0.503,0.497,0.0,,0.121,0.095
class_size,2019,01620505,Lunenburg High,School,"Agriculture, Food and Natural Resources",2,15.0,21,0.0,0.048,0.0,0.0,0.0,0.0,0.952,0.667,0.333,0.0,,0.191,0.333
class_size,2019,01620505,Lunenburg High,School,Arts,19,17.9,234,0.017,0.039,0.017,0.039,0.013,0.009,0.868,0.564,0.436,0.0,,0.115,0.107
class_size,2019,01620505,Lunenburg High,School,Business and Marketing,1,2.0,2,0.0,0.0,0.0,0.0,0.0,0.0,1.0,0.5,0.5,0.0,,0.0,0.0
class_size,2019,01620505,Lunenburg High,School,Civics/Government,2,18.5,37,0.0,0.054,0.0,0.0,0.0,0.027,0.919,0.405,0.595,0.0,,0.027,0.027
class_size,2019,01620505,Lunenburg High,School,Communications and Audio/Visual Technology,4,16.3,60,0.017,0.033,0.0,0.033,0.017,0.0,0.9,0.433,0.567,0.0,,0.1,0.1
class_size,2019,01620505,Lunenburg High,School,Computer and Information Sciences,0,0.0,0,0.0,0.0,0.0,0.0,0.0,0.0,0.0,0.0,0.0,0.0,,0.0,0.0
class_size,2019,01620505,Lunenburg High,School,Core-All Subjects,0,0.0,0,0.0,0.0,0.0,0.0,0.0,0.0,0.0,0.0,0.0,0.0,,0.0,0.0
class_size,2019,01620505,Lunenburg High,School,Economics,2,15.0,30,0.067,0.033,0.033,0.0,0.0,0.0,0.867,0.433,0.567,0.0,,0.167,0.0
class_size,2019,01620505,Lunenburg High,School,Engineering and Technology,5,17.8,83,0.0,0.036,0.0,0.012,0.0,0.012,0.94,0.193,0.807,0.0,,0.108,0.133
class_size,2019,01620505,Lunenburg High,School,English/Language Arts,29,16.7,455,0.011,0.031,0.02,0.046,0.009,0.007,0.877,0.503,0.497,0.0,,0.121,0.09
class_size,2019,01620505,Lunenburg High,School,Foreign Language,25,12.6,314,0.01,0.026,0.026,0.061,0.01,0.006,0.863,0.51,0.49,0.0,,0.121,0.045
class_size,2019,01620505,Lunenburg High,School,Geography,0,0.0,0,0.0,0.0,0.0,0.0,0.0,0.0,0.0,0.0,0.0,0.0,,0.0,0.0
class_size,2019,01620505,Lunenburg High,School,Health Care Sciences,2,13.5,27,0.0,0.074,0.037,0.0,0.0,0.0,0.889,0.63,0.37,0.0,,0.037,0.037
class_size,2019,01620505,Lunenburg High,School,History,20,17.8,352,0.011,0.017,0.023,0.051,0.011,0.006,0.881,0.494,0.506,0.0,,0.131,0.082
class_size,2019,01620505,Lunenburg High,School,Hospitality and Tourism,0,0.0,0,0.0,0.0,0.0,0.0,0.0,0.0,0.0,0.0,0.0,0.0,,0.0,0.0
class_size,2019,01620505,Lunenburg High,School,Human Services,0,0.0,0,0.0,0.0,0.0,0.0,0.0,0.0,0.0,0.0,0.0,0.0,,0.0,0.0
class_size,2019,01620505,Lunenburg High,School,Manufacturing,0,0.0,0,0.0,0.0,0.0,0.0,0.0,0.0,0.0,0.0,0.0,0.0,,0.0,0.0
class_size,2019,01620505,Lunenburg High,School,Mathematics,28,18.1,459,0.011,0.031,0.02,0.046,0.009,0.007,0.878,0.503,0.497,0.0,,0.12,0.096
class_size,2019,01620505,Lunenburg High,School,Military Science,0,0.0,0,0.0,0.0,0.0,0.0,0.0,0.0,0.0,0.0,0.0,0.0,,0.0,0.0
class_size,2019,01620505,Lunenburg High,School,Miscellaneous,39,4.9,102,0.01,0.039,0.01,0.02,0.0,0.01,0.912,0.51,0.49,0.0,,0.147,0.431
class_size,2019,01620505,Lunenburg High,School,"Physical, Health, and Safety Education",27,21.0,355,0.014,0.017,0.017,0.051,0.006,0.006,0.89,0.465,0.535,0.0,,0.135,0.104
class_size,2019,01620505,Lunenburg High,School,"Public, Protective, and Government Service",1,2.0,2,0.0,0.0,0.0,0.0,0.0,0.0,1.0,0.5,0.5,0.0,,0.5,0.0
class_size,2019,01620505,Lunenburg High,School,Reading,3,4.0,8,0.0,0.0,0.0,0.0,0.0,0.0,1.0,0.625,0.375,0.0,,0.375,1.0
class_size,2019,01620505,Lunenburg High,School,Religious Education and Theology,0,0.0,0,0.0,0.0,0.0,0.0,0.0,0.0,0.0,0.0,0.0,0.0,,0.0,0.0
class_size,2019,01620505,Lunenburg High,School,Science,29,16.8,402,0.012,0.03,0.022,0.045,0.01,0.008,0.873,0.51,0.49,0.0,,0.112,0.072
class_size,2019,01620505,Lunenburg High,School,Social Studies/Social Sciences,2,25.0,50,0.02,0.08,0.02,0.04,0.0,0.0,0.84,0.6,0.4,0.0,,0.1,0.04
class_size,2019,01620505,Lunenburg High,School,"Transportation, Distribution and Logistics",0,0.0,0,0.0,0.0,0.0,0.0,0.0,0.0,0.0,0.0,0.0,0.0,,0.0,0.0
class_size,2019,01620505,Lunenburg High,School,CH74 - Agriculture and Natural Resources,0,0.0,0,0.0,0.0,0.0,0.0,0.0,0.0,0.0,0.0,0.0,0.0,,0.0,0.0
class_size,2019,01620505,Lunenburg High,School,CH74 - Arts and Communications Services,0,0.0,0,0.0,0.0,0.0,0.0,0.0,0.0,0.0,0.0,0.0,0.0,,0.0,0.0
class_size,2019,01620505,Lunenburg High,School,CH74 - Business and Consumer Services,0,0.0,0,0.0,0.0,0.0,0.0,0.0,0.0,0.0,0.0,0.0,0.0,,0.0,0.0
class_size,2019,01620505,Lunenburg High,School,CH74 - Construction,0,0.0,0,0.0,0.0,0.0,0.0,0.0,0.0,0.0,0.0,0.0,0.0,,0.0,0.0
class_size,2019,01620505,Lunenburg High,School,CH74 - Exploratory,0,0.0,0,0.0,0.0,0.0,0.0,0.0,0.0,0.0,0.0,0.0,0.0,,0.0,0.0
class_size,2019,01620505,Lunenburg High,School,CH74 - Health,0,0.0,0,0.0,0.0,0.0,0.0,0.0,0.0,0.0,0.0,0.0,0.0,,0.0,0.0
class_size,2019,01620505,Lunenburg High,School,CH74 - Hospitality and Tourism,0,0.0,0,0.0,0.0,0.0,0.0,0.0,0.0,0.0,0.0,0.0,0.0,,0.0,0.0
class_size,2019,01620505,Lunenburg High,School,CH74 - Human Services and Education,0,0.0,0,0.0,0.0,0.0,0.0,0.0,0.0,0.0,0.0,0.0,0.0,,0.0,0.0
class_size,2019,01620505,Lunenburg High,School,CH74 - Information Technology Services,0,0.0,0,0.0,0.0,0.0,0.0,0.0,0.0,0.0,0.0,0.0,0.0,,0.0,0.0
class_size,2019,01620505,Lunenburg High,School,CH74 - Transportation,0,0.0,0,0.0,0.0,0.0,0.0,0.0,0.0,0.0,0.0,0.0,0.0,,0.0,0.0
class_size,2019,01620505,Lunenburg High,School,"CH74 - Manufacturing, Engineering and Technology",0,0.0,0,0.0,0.0,0.0,0.0,0.0,0.0,0.0,0.0,0.0,0.0,,0.0,0.0
class_size,2019,01620505,Lunenburg High,School,Architecture and Construction,0,0.0,0,0.0,0.0,0.0,0.0,0.0,0.0,0.0,0.0,0.0,0.0,,0.0,0.0
class_size,2019,01620305,Lunenburg Middle School,School,All,203,22.0,401,0.005,0.008,0.015,0.092,0.022,0.003,0.855,0.466,0.534,0.01,,0.177,0.132
class_size,2019,01620305,Lunenburg Middle School,School,"Agriculture, Food and Natural Resources",0,0.0,0,0.0,0.0,0.0,0.0,0.0,0.0,0.0,0.0,0.0,0.0,,0.0,0.0
class_size,2019,01620305,Lunenburg Middle School,School,Arts,42,21.3,397,0.005,0.008,0.015,0.093,0.023,0.003,0.854,0.464,0.537,0.01,,0.176,0.131
class_size,2019,01620305,Lunenburg Middle School,School,Business and Marketing,0,0.0,0,0.0,0.0,0.0,0.0,0.0,0.0,0.0,0.0,0.0,0.0,,0.0,0.0
class_size,2019,01620305,Lunenburg Middle School,School,Civics/Government,0,0.0,0,0.0,0.0,0.0,0.0,0.0,0.0,0.0,0.0,0.0,0.0,,0.0,0.0
class_size,2019,01620305,Lunenburg Middle School,School,Communications and Audio/Visual Technology,0,0.0,0,0.0,0.0,0.0,0.0,0.0,0.0,0.0,0.0,0.0,0.0,,0.0,0.0
class_size,2019,01620305,Lunenburg Middle School,School,Computer and Information Sciences,6,21.2,127,0.0,0.016,0.016,0.11,0.024,0.0,0.835,0.417,0.583,0.016,,0.165,0.126
class_size,2019,01620305,Lunenburg Middle School,School,Core-All Subjects,23,22.1,270,0.007,0.004,0.015,0.085,0.022,0.004,0.863,0.485,0.515,0.007,,0.182,0.133
class_size,2019,01620305,Lunenburg Middle School,School,Economics,0,0.0,0,0.0,0.0,0.0,0.0,0.0,0.0,0.0,0.0,0.0,0.0,,0.0,0.0
class_size,2019,01620305,Lunenburg Middle School,School,Engineering and Technology,0,0.0,0,0.0,0.0,0.0,0.0,0.0,0.0,0.0,0.0,0.0,0.0,,0.0,0.0
class_size,2019,01620305,Lunenburg Middle School,School,English/Language Arts,19,21.4,398,0.005,0.008,0.015,0.091,0.023,0.003,0.857,0.465,0.535,0.01,,0.176,0.128
class_size,2019,01620305,Lunenburg Middle School,School,Foreign Language,17,23.1,392,0.005,0.008,0.015,0.089,0.023,0.0,0.86,0.467,0.533,0.01,,0.174,0.122
class_size,2019,01620305,Lunenburg Middle School,School,Geography,0,0.0,0,0.0,0.0,0.0,0.0,0.0,0.0,0.0,0.0,0.0,0.0,,0.0,0.0
class_size,2019,01620305,Lunenburg Middle School,School,Health Care Sciences,0,0.0,0,0.0,0.0,0.0,0.0,0.0,0.0,0.0,0.0,0.0,0.0,,0.0,0.0
class_size,2019,01620305,Lunenburg Middle School,School,History,0,0.0,0,0.0,0.0,0.0,0.0,0.0,0.0,0.0,0.0,0.0,0.0,,0.0,0.0
class_size,2019,01620305,Lunenburg Middle School,School,Hospitality and Tourism,0,0.0,0,0.0,0.0,0.0,0.0,0.0,0.0,0.0,0.0,0.0,0.0,,0.0,0.0
class_size,2019,01620305,Lunenburg Middle School,School,Human Services,0,0.0,0,0.0,0.0,0.0,0.0,0.0,0.0,0.0,0.0,0.0,0.0,,0.0,0.0
class_size,2019,01620305,Lunenburg Middle School,School,Manufacturing,0,0.0,0,0.0,0.0,0.0,0.0,0.0,0.0,0.0,0.0,0.0,0.0,,0.0,0.0
class_size,2019,01620305,Lunenburg Middle School,School,Mathematics,20,20.5,399,0.005,0.008,0.015,0.093,0.023,0.003,0.855,0.464,0.536,0.01,,0.175,0.128
class_size,2019,01620305,Lunenburg Middle School,School,Military Science,0,0.0,0,0.0,0.0,0.0,0.0,0.0,0.0,0.0,0.0,0.0,0.0,,0.0,0.0
class_size,2019,01620305,Lunenburg Middle School,School,Miscellaneous,0,0.0,0,0.0,0.0,0.0,0.0,0.0,0.0,0.0,0.0,0.0,0.0,,0.0,0.0
class_size,2019,01620305,Lunenburg Middle School,School,"Physical, Health, and Safety Education",42,22.1,396,0.005,0.008,0.015,0.093,0.023,0.0,0.856,0.465,0.535,0.01,,0.174,0.131
class_size,2019,01620305,Lunenburg Middle School,School,"Public, Protective, and Government Service",0,0.0,0,0.0,0.0,0.0,0.0,0.0,0.0,0.0,0.0,0.0,0.0,,0.0,0.0
class_size,2019,01620305,Lunenburg Middle School,School,Reading,0,0.0,0,0.0,0.0,0.0,0.0,0.0,0.0,0.0,0.0,0.0,0.0,,0.0,0.0
class_size,2019,01620305,Lunenburg Middle School,School,Religious Education and Theology,0,0.0,0,0.0,0.0,0.0,0.0,0.0,0.0,0.0,0.0,0.0,0.0,,0.0,0.0
class_size,2019,01620305,Lunenburg Middle School,School,Science,17,23.8,398,0.005,0.008,0.015,0.093,0.023,0.003,0.854,0.465,0.535,0.01,,0.173,0.126
class_size,2019,01620305,Lunenburg Middle School,School,Social Studies/Social Sciences,17,23.5,398,0.005,0.008,0.015,0.093,0.023,0.003,0.854,0.465,0.535,0.01,,0.173,0.126
class_size,2019,01620305,Lunenburg Middle School,School,"Transportation, Distribution and Logistics",0,0.0,0,0.0,0.0,0.0,0.0,0.0,0.0,0.0,0.0,0.0,0.0,,0.0,0.0
class_size,2019,01620305,Lunenburg Middle School,School,CH74 - Agriculture and Natural Resources,0,0.0,0,0.0,0.0,0.0,0.0,0.0,0.0,0.0,0.0,0.0,0.0,,0.0,0.0
class_size,2019,01620305,Lunenburg Middle School,School,CH74 - Arts and Communications Services,0,0.0,0,0.0,0.0,0.0,0.0,0.0,0.0,0.0,0.0,0.0,0.0,,0.0,0.0
class_size,2019,01620305,Lunenburg Middle School,School,CH74 - Business and Consumer Services,0,0.0,0,0.0,0.0,0.0,0.0,0.0,0.0,0.0,0.0,0.0,0.0,,0.0,0.0
class_size,2019,01620305,Lunenburg Middle School,School,CH74 - Construction,0,0.0,0,0.0,0.0,0.0,0.0,0.0,0.0,0.0,0.0,0.0,0.0,,0.0,0.0
class_size,2019,01620305,Lunenburg Middle School,School,CH74 - Exploratory,0,0.0,0,0.0,0.0,0.0,0.0,0.0,0.0,0.0,0.0,0.0,0.0,,0.0,0.0
class_size,2019,01620305,Lunenburg Middle School,School,CH74 - Health,0,0.0,0,0.0,0.0,0.0,0.0,0.0,0.0,0.0,0.0,0.0,0.0,,0.0,0.0
class_size,2019,01620305,Lunenburg Middle School,School,CH74 - Hospitality and Tourism,0,0.0,0,0.0,0.0,0.0,0.0,0.0,0.0,0.0,0.0,0.0,0.0,,0.0,0.0
class_size,2019,01620305,Lunenburg Middle School,School,CH74 - Human Services and Education,0,0.0,0,0.0,0.0,0.0,0.0,0.0,0.0,0.0,0.0,0.0,0.0,,0.0,0.0
class_size,2019,01620305,Lunenburg Middle School,School,CH74 - Information Technology Services,0,0.0,0,0.0,0.0,0.0,0.0,0.0,0.0,0.0,0.0,0.0,0.0,,0.0,0.0
class_size,2019,01620305,Lunenburg Middle School,School,CH74 - Transportation,0,0.0,0,0.0,0.0,0.0,0.0,0.0,0.0,0.0,0.0,0.0,0.0,,0.0,0.0
class_size,2019,01620305,Lunenburg Middle School,School,"CH74 - Manufacturing, Engineering and Technology",0,0.0,0,0.0,0.0,0.0,0.0,0.0,0.0,0.0,0.0,0.0,0.0,,0.0,0.0
class_size,2019,01620305,Lunenburg Middle School,School,Architecture and Construction,0,0.0,0,0.0,0.0,0.0,0.0,0.0,0.0,0.0,0.0,0.0,0.0,,0.0,0.0
class_size,2019,01620010,Lunenburg Primary School,School,All,185,22.8,426,0.0,0.019,0.031,0.085,0.021,0.0,0.845,0.488,0.512,0.024,,0.185,0.242
class_size,2019,01620010,Lunenburg Primary School,School,"Agriculture, Food and Natural Resources",0,0.0,0,0.0,0.0,0.0,0.0,0.0,0.0,0.0,0.0,0.0,0.0,,0.0,0.0
class_size,2019,01620010,Lunenburg Primary School,School,Arts,32,23.6,377,0.0,0.021,0.032,0.082,0.021,0.0,0.844,0.507,0.493,0.027,,0.175,0.178
class_size,2019,01620010,Lunenburg Primary School,School,Business and Marketing,0,0.0,0,0.0,0.0,0.0,0.0,0.0,0.0,0.0,0.0,0.0,0.0,,0.0,0.0
class_size,2019,01620010,Lunenburg Primary School,School,Civics/Government,0,0.0,0,0.0,0.0,0.0,0.0,0.0,0.0,0.0,0.0,0.0,0.0,,0.0,0.0
class_size,2019,01620010,Lunenburg Primary School,School,Communications and Audio/Visual Technology,16,23.6,377,0.0,0.021,0.032,0.082,0.021,0.0,0.844,0.507,0.493,0.027,,0.175,0.178
class_size,2019,01620010,Lunenburg Primary School,School,Computer and Information Sciences,0,0.0,0,0.0,0.0,0.0,0.0,0.0,0.0,0.0,0.0,0.0,0.0,,0.0,0.0
class_size,2019,01620010,Lunenburg Primary School,School,Core-All Subjects,24,18.1,425,0.0,0.019,0.031,0.085,0.021,0.0,0.845,0.489,0.511,0.024,,0.186,0.242
class_size,2019,01620010,Lunenburg Primary School,School,Economics,0,0.0,0,0.0,0.0,0.0,0.0,0.0,0.0,0.0,0.0,0.0,0.0,,0.0,0.0
class_size,2019,01620010,Lunenburg Primary School,School,Engineering and Technology,0,0.0,0,0.0,0.0,0.0,0.0,0.0,0.0,0.0,0.0,0.0,0.0,,0.0,0.0
class_size,2019,01620010,Lunenburg Primary School,School,English/Language Arts,16,23.6,378,0.0,0.021,0.032,0.082,0.021,0.0,0.844,0.505,0.495,0.027,,0.175,0.177
class_size,2019,01620010,Lunenburg Primary School,School,Foreign Language,0,0.0,0,0.0,0.0,0.0,0.0,0.0,0.0,0.0,0.0,0.0,0.0,,0.0,0.0
class_size,2019,01620010,Lunenburg Primary School,School,Geography,0,0.0,0,0.0,0.0,0.0,0.0,0.0,0.0,0.0,0.0,0.0,0.0,,0.0,0.0
class_size,2019,01620010,Lunenburg Primary School,School,Health Care Sciences,0,0.0,0,0.0,0.0,0.0,0.0,0.0,0.0,0.0,0.0,0.0,0.0,,0.0,0.0
class_size,2019,01620010,Lunenburg Primary School,School,History,0,0.0,0,0.0,0.0,0.0,0.0,0.0,0.0,0.0,0.0,0.0,0.0,,0.0,0.0
class_size,2019,01620010,Lunenburg Primary School,School,Hospitality and Tourism,0,0.0,0,0.0,0.0,0.0,0.0,0.0,0.0,0.0,0.0,0.0,0.0,,0.0,0.0
class_size,2019,01620010,Lunenburg Primary School,School,Human Services,0,0.0,0,0.0,0.0,0.0,0.0,0.0,0.0,0.0,0.0,0.0,0.0,,0.0,0.0
class_size,2019,01620010,Lunenburg Primary School,School,Manufacturing,0,0.0,0,0.0,0.0,0.0,0.0,0.0,0.0,0.0,0.0,0.0,0.0,,0.0,0.0
class_size,2019,01620010,Lunenburg Primary School,School,Mathematics,16,23.6,378,0.0,0.021,0.032,0.082,0.021,0.0,0.844,0.505,0.495,0.027,,0.175,0.177
class_size,2019,01620010,Lunenburg Primary School,School,Military Science,0,0.0,0,0.0,0.0,0.0,0.0,0.0,0.0,0.0,0.0,0.0,0.0,,0.0,0.0
class_size,2019,01620010,Lunenburg Primary School,School,Miscellaneous,1,6.0,6,0.0,0.0,0.167,0.0,0.0,0.0,0.833,0.0,1.0,0.0,,0.0,1.0
class_size,2019,01620010,Lunenburg Primary School,School,"Physical, Health, and Safety Education",32,23.6,377,0.0,0.021,0.032,0.082,0.021,0.0,0.844,0.507,0.493,0.027,,0.175,0.178
class_size,2019,01620010,Lunenburg Primary School,School,"Public, Protective, and Government Service",0,0.0,0,0.0,0.0,0.0,0.0,0.0,0.0,0.0,0.0,0.0,0.0,,0.0,0.0
class_size,2019,01620010,Lunenburg Primary School,School,Reading,16,23.6,378,0.0,0.021,0.032,0.082,0.021,0.0,0.844,0.505,0.495,0.027,,0.175,0.177
class_size,2019,01620010,Lunenburg Primary School,School,Religious Education and Theology,0,0.0,0,0.0,0.0,0.0,0.0,0.0,0.0,0.0,0.0,0.0,0.0,,0.0,0.0
class_size,2019,01620010,Lunenburg Primary School,School,Science,16,23.6,378,0.0,0.021,0.032,0.082,0.021,0.0,0.844,0.505,0.495,0.027,,0.175,0.177
class_size,2019,01620010,Lunenburg Primary School,School,Social Studies/Social Sciences,16,23.6,378,0.0,0.021,0.032,0.082,0.021,0.0,0.844,0.505,0.495,0.027,,0.175,0.177
class_size,2019,01620010,Lunenburg Primary School,School,"Transportation, Distribution and Logistics",0,0.0,0,0.0,0.0,0.0,0.0,0.0,0.0,0.0,0.0,0.0,0.0,,0.0,0.0
class_size,2019,01620010,Lunenburg Primary School,School,CH74 - Agriculture and Natural Resources,0,0.0,0,0.0,0.0,0.0,0.0,0.0,0.0,0.0,0.0,0.0,0.0,,0.0,0.0
class_size,2019,01620010,Lunenburg Primary School,School,CH74 - Arts and Communications Services,0,0.0,0,0.0,0.0,0.0,0.0,0.0,0.0,0.0,0.0,0.0,0.0,,0.0,0.0
class_size,2019,01620010,Lunenburg Primary School,School,CH74 - Business and Consumer Services,0,0.0,0,0.0,0.0,0.0,0.0,0.0,0.0,0.0,0.0,0.0,0.0,,0.0,0.0
class_size,2019,01620010,Lunenburg Primary School,School,CH74 - Construction,0,0.0,0,0.0,0.0,0.0,0.0,0.0,0.0,0.0,0.0,0.0,0.0,,0.0,0.0
class_size,2019,01620010,Lunenburg Primary School,School,CH74 - Exploratory,0,0.0,0,0.0,0.0,0.0,0.0,0.0,0.0,0.0,0.0,0.0,0.0,,0.0,0.0
class_size,2019,01620010,Lunenburg Primary School,School,CH74 - Health,0,0.0,0,0.0,0.0,0.0,0.0,0.0,0.0,0.0,0.0,0.0,0.0,,0.0,0.0
class_size,2019,01620010,Lunenburg Primary School,School,CH74 - Hospitality and Tourism,0,0.0,0,0.0,0.0,0.0,0.0,0.0,0.0,0.0,0.0,0.0,0.0,,0.0,0.0
class_size,2019,01620010,Lunenburg Primary School,School,CH74 - Human Services and Education,0,0.0,0,0.0,0.0,0.0,0.0,0.0,0.0,0.0,0.0,0.0,0.0,,0.0,0.0
class_size,2019,01620010,Lunenburg Primary School,School,CH74 - Information Technology Services,0,0.0,0,0.0,0.0,0.0,0.0,0.0,0.0,0.0,0.0,0.0,0.0,,0.0,0.0
class_size,2019,01620010,Lunenburg Primary School,School,CH74 - Transportation,0,0.0,0,0.0,0.0,0.0,0.0,0.0,0.0,0.0,0.0,0.0,0.0,,0.0,0.0
class_size,2019,01620010,Lunenburg Primary School,School,"CH74 - Manufacturing, Engineering and Technology",0,0.0,0,0.0,0.0,0.0,0.0,0.0,0.0,0.0,0.0,0.0,0.0,,0.0,0.0
class_size,2019,01620010,Lunenburg Primary School,School,Architecture and Construction,0,0.0,0,0.0,0.0,0.0,0.0,0.0,0.0,0.0,0.0,0.0,0.0,,0.0,0.0
class_size,2019,01620025,Turkey Hill Elementary School,School,All,184,22.9,372,0.0,0.022,0.013,0.065,0.038,0.005,0.858,0.479,0.522,0.027,,0.167,0.137
class_size,2019,01620025,Turkey Hill Elementary School,School,"Agriculture, Food and Natural Resources",0,0.0,0,0.0,0.0,0.0,0.0,0.0,0.0,0.0,0.0,0.0,0.0,,0.0,0.0
class_size,2019,01620025,Turkey Hill Elementary School,School,Arts,32,22.9,367,0.0,0.022,0.011,0.063,0.035,0.005,0.864,0.477,0.523,0.027,,0.166,0.136
class_size,2019,01620025,Turkey Hill Elementary School,School,Business and Marketing,0,0.0,0,0.0,0.0,0.0,0.0,0.0,0.0,0.0,0.0,0.0,0.0,,0.0,0.0
class_size,2019,01620025,Turkey Hill Elementary School,School,Civics/Government,0,0.0,0,0.0,0.0,0.0,0.0,0.0,0.0,0.0,0.0,0.0,0.0,,0.0,0.0
class_size,2019,01620025,Turkey Hill Elementary School,School,Communications and Audio/Visual Technology,0,0.0,0,0.0,0.0,0.0,0.0,0.0,0.0,0.0,0.0,0.0,0.0,,0.0,0.0
class_size,2019,01620025,Turkey Hill Elementary School,School,Computer and Information Sciences,16,23.3,372,0.0,0.022,0.013,0.065,0.038,0.005,0.858,0.479,0.522,0.027,,0.167,0.137
class_size,2019,01620025,Turkey Hill Elementary School,School,Core-All Subjects,44,22.9,369,0.0,0.022,0.014,0.062,0.038,0.005,0.859,0.48,0.52,0.027,,0.165,0.136
class_size,2019,01620025,Turkey Hill Elementary School,School,Economics,0,0.0,0,0.0,0.0,0.0,0.0,0.0,0.0,0.0,0.0,0.0,0.0,,0.0,0.0
class_size,2019,01620025,Turkey Hill Elementary School,School,Engineering and Technology,0,0.0,0,0.0,0.0,0.0,0.0,0.0,0.0,0.0,0.0,0.0,0.0,,0.0,0.0
class_size,2019,01620025,Turkey Hill Elementary School,School,English/Language Arts,17,22.2,372,0.0,0.022,0.013,0.065,0.038,0.005,0.858,0.479,0.522,0.027,,0.167,0.137
class_size,2019,01620025,Turkey Hill Elementary School,School,Foreign Language,0,0.0,0,0.0,0.0,0.0,0.0,0.0,0.0,0.0,0.0,0.0,0.0,,0.0,0.0
class_size,2019,01620025,Turkey Hill Elementary School,School,Geography,0,0.0,0,0.0,0.0,0.0,0.0,0.0,0.0,0.0,0.0,0.0,0.0,,0.0,0.0
class_size,2019,01620025,Turkey Hill Elementary School,School,Health Care Sciences,0,0.0,0,0.0,0.0,0.0,0.0,0.0,0.0,0.0,0.0,0.0,0.0,,0.0,0.0
class_size,2019,01620025,Turkey Hill Elementary School,School,History,0,0.0,0,0.0,0.0,0.0,0.0,0.0,0.0,0.0,0.0,0.0,0.0,,0.0,0.0
class_size,2019,01620025,Turkey Hill Elementary School,School,Hospitality and Tourism,0,0.0,0,0.0,0.0,0.0,0.0,0.0,0.0,0.0,0.0,0.0,0.0,,0.0,0.0
class_size,2019,01620025,Turkey Hill Elementary School,School,Human Services,0,0.0,0,0.0,0.0,0.0,0.0,0.0,0.0,0.0,0.0,0.0,0.0,,0.0,0.0
class_size,2019,01620025,Turkey Hill Elementary School,School,Manufacturing,0,0.0,0,0.0,0.0,0.0,0.0,0.0,0.0,0.0,0.0,0.0,0.0,,0.0,0.0
class_size,2019,01620025,Turkey Hill Elementary School,School,Mathematics,17,22.1,372,0.0,0.022,0.013,0.065,0.038,0.005,0.858,0.479,0.522,0.027,,0.167,0.137
class_size,2019,01620025,Turkey Hill Elementary School,School,Military Science,0,0.0,0,0.0,0.0,0.0,0.0,0.0,0.0,0.0,0.0,0.0,0.0,,0.0,0.0
class_size,2019,01620025,Turkey Hill Elementary School,School,Miscellaneous,0,0.0,0,0.0,0.0,0.0,0.0,0.0,0.0,0.0,0.0,0.0,0.0,,0.0,0.0
class_size,2019,01620025,Turkey Hill Elementary School,School,"Physical, Health, and Safety Education",16,23.0,367,0.0,0.022,0.011,0.065,0.035,0.005,0.861,0.474,0.526,0.025,,0.164,0.136
class_size,2019,01620025,Turkey Hill Elementary School,School,"Public, Protective, and Government Service",0,0.0,0,0.0,0.0,0.0,0.0,0.0,0.0,0.0,0.0,0.0,0.0,,0.0,0.0
class_size,2019,01620025,Turkey Hill Elementary School,School,Reading,10,23.6,236,0.0,0.021,0.013,0.081,0.034,0.004,0.848,0.487,0.513,0.034,,0.165,0.165
class_size,2019,01620025,Turkey Hill Elementary School,School,Religious Education and Theology,0,0.0,0,0.0,0.0,0.0,0.0,0.0,0.0,0.0,0.0,0.0,0.0,,0.0,0.0
class_size,2019,01620025,Turkey Hill Elementary School,School,Science,16,23.3,372,0.0,0.022,0.013,0.065,0.038,0.005,0.858,0.479,0.522,0.027,,0.167,0.137
class_size,2019,01620025,Turkey Hill Elementary School,School,Social Studies/Social Sciences,16,23.2,371,0.0,0.022,0.014,0.065,0.038,0.005,0.857,0.48,0.52,0.027,,0.164,0.135
class_size,2019,01620025,Turkey Hill Elementary School,School,"Transportation, Distribution and Logistics",0,0.0,0,0.0,0.0,0.0,0.0,0.0,0.0,0.0,0.0,0.0,0.0,,0.0,0.0
class_size,2019,01620025,Turkey Hill Elementary School,School,CH74 - Agriculture and Natural Resources,0,0.0,0,0.0,0.0,0.0,0.0,0.0,0.0,0.0,0.0,0.0,0.0,,0.0,0.0
class_size,2019,01620025,Turkey Hill Elementary School,School,CH74 - Arts and Communications Services,0,0.0,0,0.0,0.0,0.0,0.0,0.0,0.0,0.0,0.0,0.0,0.0,,0.0,0.0
class_size,2019,01620025,Turkey Hill Elementary School,School,CH74 - Business and Consumer Services,0,0.0,0,0.0,0.0,0.0,0.0,0.0,0.0,0.0,0.0,0.0,0.0,,0.0,0.0
class_size,2019,01620025,Turkey Hill Elementary School,School,CH74 - Construction,0,0.0,0,0.0,0.0,0.0,0.0,0.0,0.0,0.0,0.0,0.0,0.0,,0.0,0.0
class_size,2019,01620025,Turkey Hill Elementary School,School,CH74 - Exploratory,0,0.0,0,0.0,0.0,0.0,0.0,0.0,0.0,0.0,0.0,0.0,0.0,,0.0,0.0
class_size,2019,01620025,Turkey Hill Elementary School,School,CH74 - Health,0,0.0,0,0.0,0.0,0.0,0.0,0.0,0.0,0.0,0.0,0.0,0.0,,0.0,0.0
class_size,2019,01620025,Turkey Hill Elementary School,School,CH74 - Hospitality and Tourism,0,0.0,0,0.0,0.0,0.0,0.0,0.0,0.0,0.0,0.0,0.0,0.0,,0.0,0.0
class_size,2019,01620025,Turkey Hill Elementary School,School,CH74 - Human Services and Education,0,0.0,0,0.0,0.0,0.0,0.0,0.0,0.0,0.0,0.0,0.0,0.0,,0.0,0.0
class_size,2019,01620025,Turkey Hill Elementary School,School,CH74 - Information Technology Services,0,0.0,0,0.0,0.0,0.0,0.0,0.0,0.0,0.0,0.0,0.0,0.0,,0.0,0.0
class_size,2019,01620025,Turkey Hill Elementary School,School,CH74 - Transportation,0,0.0,0,0.0,0.0,0.0,0.0,0.0,0.0,0.0,0.0,0.0,0.0,,0.0,0.0
class_size,2019,01620025,Turkey Hill Elementary School,School,"CH74 - Manufacturing, Engineering and Technology",0,0.0,0,0.0,0.0,0.0,0.0,0.0,0.0,0.0,0.0,0.0,0.0,,0.0,0.0
class_size,2019,01620025,Turkey Hill Elementary School,School,Architecture and Construction,0,0.0,0,0.0,0.0,0.0,0.0,0.0,0.0,0.0,0.0,0.0,0.0,,0.0,0.0
class_size,2018,01620605,Advanced Community Experience Program,School,All,0,0.0,0,0.0,0.0,0.0,0.0,0.0,0.0,0.0,0.0,0.0,0.0,,0.0,0.0
class_size,2018,01620605,Advanced Community Experience Program,School,"Agriculture, Food and Natural Resources",0,0.0,0,0.0,0.0,0.0,0.0,0.0,0.0,0.0,0.0,0.0,0.0,,0.0,0.0
class_size,2018,01620605,Advanced Community Experience Program,School,Arts,0,0.0,0,0.0,0.0,0.0,0.0,0.0,0.0,0.0,0.0,0.0,0.0,,0.0,0.0
class_size,2018,01620605,Advanced Community Experience Program,School,Business and Marketing,0,0.0,0,0.0,0.0,0.0,0.0,0.0,0.0,0.0,0.0,0.0,0.0,,0.0,0.0
class_size,2018,01620605,Advanced Community Experience Program,School,Civics/Government,0,0.0,0,0.0,0.0,0.0,0.0,0.0,0.0,0.0,0.0,0.0,0.0,,0.0,0.0
class_size,2018,01620605,Advanced Community Experience Program,School,Communications and Audio/Visual Technology,0,0.0,0,0.0,0.0,0.0,0.0,0.0,0.0,0.0,0.0,0.0,0.0,,0.0,0.0
class_size,2018,01620605,Advanced Community Experience Program,School,Computer and Information Sciences,0,0.0,0,0.0,0.0,0.0,0.0,0.0,0.0,0.0,0.0,0.0,0.0,,0.0,0.0
class_size,2018,01620605,Advanced Community Experience Program,School,Core-All Subjects,0,0.0,0,0.0,0.0,0.0,0.0,0.0,0.0,0.0,0.0,0.0,0.0,,0.0,0.0
class_size,2018,01620605,Advanced Community Experience Program,School,Economics,0,0.0,0,0.0,0.0,0.0,0.0,0.0,0.0,0.0,0.0,0.0,0.0,,0.0,0.0
class_size,2018,01620605,Advanced Community Experience Program,School,Engineering and Technology,0,0.0,0,0.0,0.0,0.0,0.0,0.0,0.0,0.0,0.0,0.0,0.0,,0.0,0.0
class_size,2018,01620605,Advanced Community Experience Program,School,English/Language Arts,0,0.0,0,0.0,0.0,0.0,0.0,0.0,0.0,0.0,0.0,0.0,0.0,,0.0,0.0
class_size,2018,01620605,Advanced Community Experience Program,School,Foreign Language,0,0.0,0,0.0,0.0,0.0,0.0,0.0,0.0,0.0,0.0,0.0,0.0,,0.0,0.0
class_size,2018,01620605,Advanced Community Experience Program,School,Geography,0,0.0,0,0.0,0.0,0.0,0.0,0.0,0.0,0.0,0.0,0.0,0.0,,0.0,0.0
class_size,2018,01620605,Advanced Community Experience Program,School,Health Care Sciences,0,0.0,0,0.0,0.0,0.0,0.0,0.0,0.0,0.0,0.0,0.0,0.0,,0.0,0.0
class_size,2018,01620605,Advanced Community Experience Program,School,History,0,0.0,0,0.0,0.0,0.0,0.0,0.0,0.0,0.0,0.0,0.0,0.0,,0.0,0.0
class_size,2018,01620605,Advanced Community Experience Program,School,Hospitality and Tourism,0,0.0,0,0.0,0.0,0.0,0.0,0.0,0.0,0.0,0.0,0.0,0.0,,0.0,0.0
class_size,2018,01620605,Advanced Community Experience Program,School,Human Services,0,0.0,0,0.0,0.0,0.0,0.0,0.0,0.0,0.0,0.0,0.0,0.0,,0.0,0.0
class_size,2018,01620605,Advanced Community Experience Program,School,Manufacturing,0,0.0,0,0.0,0.0,0.0,0.0,0.0,0.0,0.0,0.0,0.0,0.0,,0.0,0.0
class_size,2018,01620605,Advanced Community Experience Program,School,Mathematics,0,0.0,0,0.0,0.0,0.0,0.0,0.0,0.0,0.0,0.0,0.0,0.0,,0.0,0.0
class_size,2018,01620605,Advanced Community Experience Program,School,Military Science,0,0.0,0,0.0,0.0,0.0,0.0,0.0,0.0,0.0,0.0,0.0,0.0,,0.0,0.0
class_size,2018,01620605,Advanced Community Experience Program,School,Miscellaneous,0,0.0,0,0.0,0.0,0.0,0.0,0.0,0.0,0.0,0.0,0.0,0.0,,0.0,0.0
class_size,2018,01620605,Advanced Community Experience Program,School,"Physical, Health, and Safety Education",0,0.0,0,0.0,0.0,0.0,0.0,0.0,0.0,0.0,0.0,0.0,0.0,,0.0,0.0
class_size,2018,01620605,Advanced Community Experience Program,School,"Public, Protective, and Government Service",0,0.0,0,0.0,0.0,0.0,0.0,0.0,0.0,0.0,0.0,0.0,0.0,,0.0,0.0
class_size,2018,01620605,Advanced Community Experience Program,School,Reading,0,0.0,0,0.0,0.0,0.0,0.0,0.0,0.0,0.0,0.0,0.0,0.0,,0.0,0.0
class_size,2018,01620605,Advanced Community Experience Program,School,Religious Education and Theology,0,0.0,0,0.0,0.0,0.0,0.0,0.0,0.0,0.0,0.0,0.0,0.0,,0.0,0.0
class_size,2018,01620605,Advanced Community Experience Program,School,Science,0,0.0,0,0.0,0.0,0.0,0.0,0.0,0.0,0.0,0.0,0.0,0.0,,0.0,0.0
class_size,2018,01620605,Advanced Community Experience Program,School,Social Studies/Social Sciences,0,0.0,0,0.0,0.0,0.0,0.0,0.0,0.0,0.0,0.0,0.0,0.0,,0.0,0.0
class_size,2018,01620605,Advanced Community Experience Program,School,"Transportation, Distribution and Logistics",0,0.0,0,0.0,0.0,0.0,0.0,0.0,0.0,0.0,0.0,0.0,0.0,,0.0,0.0
class_size,2018,01620605,Advanced Community Experience Program,School,CH74 - Agriculture and Natural Resources,0,0.0,0,0.0,0.0,0.0,0.0,0.0,0.0,0.0,0.0,0.0,0.0,,0.0,0.0
class_size,2018,01620605,Advanced Community Experience Program,School,CH74 - Arts and Communications Services,0,0.0,0,0.0,0.0,0.0,0.0,0.0,0.0,0.0,0.0,0.0,0.0,,0.0,0.0
class_size,2018,01620605,Advanced Community Experience Program,School,CH74 - Business and Consumer Services,0,0.0,0,0.0,0.0,0.0,0.0,0.0,0.0,0.0,0.0,0.0,0.0,,0.0,0.0
class_size,2018,01620605,Advanced Community Experience Program,School,CH74 - Construction,0,0.0,0,0.0,0.0,0.0,0.0,0.0,0.0,0.0,0.0,0.0,0.0,,0.0,0.0
class_size,2018,01620605,Advanced Community Experience Program,School,CH74 - Exploratory,0,0.0,0,0.0,0.0,0.0,0.0,0.0,0.0,0.0,0.0,0.0,0.0,,0.0,0.0
class_size,2018,01620605,Advanced Community Experience Program,School,CH74 - Health,0,0.0,0,0.0,0.0,0.0,0.0,0.0,0.0,0.0,0.0,0.0,0.0,,0.0,0.0
class_size,2018,01620605,Advanced Community Experience Program,School,CH74 - Hospitality and Tourism,0,0.0,0,0.0,0.0,0.0,0.0,0.0,0.0,0.0,0.0,0.0,0.0,,0.0,0.0
class_size,2018,01620605,Advanced Community Experience Program,School,CH74 - Human Services and Education,0,0.0,0,0.0,0.0,0.0,0.0,0.0,0.0,0.0,0.0,0.0,0.0,,0.0,0.0
class_size,2018,01620605,Advanced Community Experience Program,School,CH74 - Information Technology Services,0,0.0,0,0.0,0.0,0.0,0.0,0.0,0.0,0.0,0.0,0.0,0.0,,0.0,0.0
class_size,2018,01620605,Advanced Community Experience Program,School,CH74 - Transportation,0,0.0,0,0.0,0.0,0.0,0.0,0.0,0.0,0.0,0.0,0.0,0.0,,0.0,0.0
class_size,2018,01620605,Advanced Community Experience Program,School,"CH74 - Manufacturing, Engineering and Technology",0,0.0,0,0.0,0.0,0.0,0.0,0.0,0.0,0.0,0.0,0.0,0.0,,0.0,0.0
class_size,2018,01620605,Advanced Community Experience Program,School,Architecture and Construction,0,0.0,0,0.0,0.0,0.0,0.0,0.0,0.0,0.0,0.0,0.0,0.0,,0.0,0.0
class_size,2018,01620000,Lunenburg,District,All,807,20.2,1643,0.004,0.023,0.021,0.071,0.02,0.004,0.858,0.479,0.521,0.023,,0.142,0.158
class_size,2018,01620000,Lunenburg,District,"Agriculture, Food and Natural Resources",4,12.5,39,0.0,0.026,0.026,0.051,0.0,0.0,0.897,0.487,0.513,0.051,,0.154,0.385
class_size,2018,01620000,Lunenburg,District,Arts,130,21.1,1392,0.004,0.024,0.017,0.071,0.023,0.004,0.858,0.495,0.505,0.024,,0.141,0.142
class_size,2018,01620000,Lunenburg,District,Business and Marketing,0,0.0,0,0.0,0.0,0.0,0.0,0.0,0.0,0.0,0.0,0.0,0.0,,0.0,0.0
class_size,2018,01620000,Lunenburg,District,Civics/Government,2,21.5,43,0.0,0.023,0.023,0.047,0.0,0.0,0.907,0.372,0.628,0.0,,0.047,0.047
class_size,2018,01620000,Lunenburg,District,Communications and Audio/Visual Technology,20,21.0,414,0.002,0.036,0.022,0.072,0.017,0.0,0.85,0.493,0.507,0.039,,0.15,0.164
class_size,2018,01620000,Lunenburg,District,Computer and Information Sciences,7,21.3,149,0.013,0.013,0.027,0.087,0.007,0.02,0.832,0.456,0.544,0.007,,0.134,0.114
class_size,2018,01620000,Lunenburg,District,Core-All Subjects,95,22.0,1191,0.003,0.018,0.021,0.084,0.024,0.004,0.846,0.472,0.528,0.028,,0.148,0.175
class_size,2018,01620000,Lunenburg,District,Economics,2,18.5,37,0.0,0.054,0.0,0.054,0.0,0.0,0.892,0.324,0.676,0.0,,0.108,0.027
class_size,2018,01620000,Lunenburg,District,Engineering and Technology,2,13.0,24,0.0,0.125,0.042,0.0,0.0,0.0,0.833,0.208,0.792,0.0,,0.125,0.042
class_size,2018,01620000,Lunenburg,District,English/Language Arts,80,20.1,1578,0.004,0.023,0.019,0.07,0.021,0.004,0.859,0.482,0.518,0.023,,0.139,0.137
class_size,2018,01620000,Lunenburg,District,Foreign Language,42,17.4,721,0.008,0.022,0.022,0.065,0.012,0.004,0.865,0.484,0.516,0.012,,0.135,0.089
class_size,2018,01620000,Lunenburg,District,Geography,0,0.0,0,0.0,0.0,0.0,0.0,0.0,0.0,0.0,0.0,0.0,0.0,,0.0,0.0
class_size,2018,01620000,Lunenburg,District,Health Care Sciences,1,9.0,9,0.0,0.0,0.0,0.0,0.0,0.0,1.0,0.556,0.444,0.0,,0.0,0.0
class_size,2018,01620000,Lunenburg,District,History,19,17.9,341,0.006,0.038,0.023,0.026,0.009,0.003,0.894,0.493,0.507,0.003,,0.138,0.109
class_size,2018,01620000,Lunenburg,District,Hospitality and Tourism,0,0.0,0,0.0,0.0,0.0,0.0,0.0,0.0,0.0,0.0,0.0,0.0,,0.0,0.0
class_size,2018,01620000,Lunenburg,District,Human Services,0,0.0,0,0.0,0.0,0.0,0.0,0.0,0.0,0.0,0.0,0.0,0.0,,0.0,0.0
class_size,2018,01620000,Lunenburg,District,Manufacturing,0,0.0,0,0.0,0.0,0.0,0.0,0.0,0.0,0.0,0.0,0.0,0.0,,0.0,0.0
class_size,2018,01620000,Lunenburg,District,Mathematics,80,20.4,1585,0.004,0.023,0.019,0.07,0.021,0.004,0.86,0.483,0.517,0.023,,0.14,0.141
class_size,2018,01620000,Lunenburg,District,Military Science,0,0.0,0,0.0,0.0,0.0,0.0,0.0,0.0,0.0,0.0,0.0,0.0,,0.0,0.0
class_size,2018,01620000,Lunenburg,District,Miscellaneous,31,4.8,87,0.0,0.011,0.0,0.034,0.011,0.0,0.943,0.425,0.575,0.011,,0.149,0.552
class_size,2018,01620000,Lunenburg,District,"Physical, Health, and Safety Education",130,22.0,1494,0.004,0.023,0.019,0.073,0.022,0.004,0.855,0.473,0.527,0.023,,0.144,0.145
class_size,2018,01620000,Lunenburg,District,"Public, Protective, and Government Service",0,0.0,0,0.0,0.0,0.0,0.0,0.0,0.0,0.0,0.0,0.0,0.0,,0.0,0.0
class_size,2018,01620000,Lunenburg,District,Reading,29,20.7,601,0.0,0.025,0.017,0.075,0.033,0.003,0.847,0.496,0.504,0.033,,0.158,0.175
class_size,2018,01620000,Lunenburg,District,Religious Education and Theology,0,0.0,0,0.0,0.0,0.0,0.0,0.0,0.0,0.0,0.0,0.0,0.0,,0.0,0.0
class_size,2018,01620000,Lunenburg,District,Science,79,20.8,1553,0.004,0.023,0.019,0.07,0.021,0.004,0.859,0.481,0.519,0.023,,0.14,0.136
class_size,2018,01620000,Lunenburg,District,Social Studies/Social Sciences,54,22.1,1184,0.003,0.018,0.018,0.082,0.025,0.004,0.85,0.486,0.514,0.029,,0.141,0.152
class_size,2018,01620000,Lunenburg,District,"Transportation, Distribution and Logistics",0,0.0,0,0.0,0.0,0.0,0.0,0.0,0.0,0.0,0.0,0.0,0.0,,0.0,0.0
class_size,2018,01620000,Lunenburg,District,CH74 - Agriculture and Natural Resources,0,0.0,0,0.0,0.0,0.0,0.0,0.0,0.0,0.0,0.0,0.0,0.0,,0.0,0.0
class_size,2018,01620000,Lunenburg,District,CH74 - Arts and Communications Services,0,0.0,0,0.0,0.0,0.0,0.0,0.0,0.0,0.0,0.0,0.0,0.0,,0.0,0.0
class_size,2018,01620000,Lunenburg,District,CH74 - Business and Consumer Services,0,0.0,0,0.0,0.0,0.0,0.0,0.0,0.0,0.0,0.0,0.0,0.0,,0.0,0.0
class_size,2018,01620000,Lunenburg,District,CH74 - Construction,0,0.0,0,0.0,0.0,0.0,0.0,0.0,0.0,0.0,0.0,0.0,0.0,,0.0,0.0
class_size,2018,01620000,Lunenburg,District,CH74 - Exploratory,0,0.0,0,0.0,0.0,0.0,0.0,0.0,0.0,0.0,0.0,0.0,0.0,,0.0,0.0
class_size,2018,01620000,Lunenburg,District,CH74 - Health,0,0.0,0,0.0,0.0,0.0,0.0,0.0,0.0,0.0,0.0,0.0,0.0,,0.0,0.0
class_size,2018,01620000,Lunenburg,District,CH74 - Hospitality and Tourism,0,0.0,0,0.0,0.0,0.0,0.0,0.0,0.0,0.0,0.0,0.0,0.0,,0.0,0.0
class_size,2018,01620000,Lunenburg,District,CH74 - Human Services and Education,0,0.0,0,0.0,0.0,0.0,0.0,0.0,0.0,0.0,0.0,0.0,0.0,,0.0,0.0
class_size,2018,01620000,Lunenburg,District,CH74 - Information Technology Services,0,0.0,0,0.0,0.0,0.0,0.0,0.0,0.0,0.0,0.0,0.0,0.0,,0.0,0.0
class_size,2018,01620000,Lunenburg,District,CH74 - Transportation,0,0.0,0,0.0,0.0,0.0,0.0,0.0,0.0,0.0,0.0,0.0,0.0,,0.0,0.0
class_size,2018,01620000,Lunenburg,District,"CH74 - Manufacturing, Engineering and Technology",0,0.0,0,0.0,0.0,0.0,0.0,0.0,0.0,0.0,0.0,0.0,0.0,,0.0,0.0
class_size,2018,01620000,Lunenburg,District,Architecture and Construction,0,0.0,0,0.0,0.0,0.0,0.0,0.0,0.0,0.0,0.0,0.0,0.0,,0.0,0.0
class_size,2018,01620505,Lunenburg High,School,All,220,15.5,446,0.004,0.036,0.022,0.031,0.009,0.002,0.895,0.498,0.502,0.009,,0.126,0.108
class_size,2018,01620505,Lunenburg High,School,"Agriculture, Food and Natural Resources",4,12.5,39,0.0,0.026,0.026,0.051,0.0,0.0,0.897,0.487,0.513,0.051,,0.154,0.385
class_size,2018,01620505,Lunenburg High,School,Arts,22,16.6,256,0.004,0.047,0.016,0.027,0.012,0.0,0.895,0.574,0.426,0.012,,0.117,0.094
class_size,2018,01620505,Lunenburg High,School,Business and Marketing,0,0.0,0,0.0,0.0,0.0,0.0,0.0,0.0,0.0,0.0,0.0,0.0,,0.0,0.0
class_size,2018,01620505,Lunenburg High,School,Civics/Government,2,21.5,43,0.0,0.023,0.023,0.047,0.0,0.0,0.907,0.372,0.628,0.0,,0.047,0.047
class_size,2018,01620505,Lunenburg High,School,Communications and Audio/Visual Technology,4,18.0,66,0.015,0.03,0.0,0.0,0.0,0.0,0.955,0.5,0.5,0.0,,0.106,0.121
class_size,2018,01620505,Lunenburg High,School,Computer and Information Sciences,0,0.0,0,0.0,0.0,0.0,0.0,0.0,0.0,0.0,0.0,0.0,0.0,,0.0,0.0
class_size,2018,01620505,Lunenburg High,School,Core-All Subjects,0,0.0,0,0.0,0.0,0.0,0.0,0.0,0.0,0.0,0.0,0.0,0.0,,0.0,0.0
class_size,2018,01620505,Lunenburg High,School,Economics,2,18.5,37,0.0,0.054,0.0,0.054,0.0,0.0,0.892,0.324,0.676,0.0,,0.108,0.027
class_size,2018,01620505,Lunenburg High,School,Engineering and Technology,2,13.0,24,0.0,0.125,0.042,0.0,0.0,0.0,0.833,0.208,0.792,0.0,,0.125,0.042
class_size,2018,01620505,Lunenburg High,School,English/Language Arts,27,16.6,434,0.005,0.035,0.023,0.032,0.009,0.002,0.894,0.498,0.502,0.007,,0.122,0.092
class_size,2018,01620505,Lunenburg High,School,Foreign Language,24,13.3,310,0.006,0.035,0.026,0.032,0.01,0.003,0.887,0.529,0.471,0.006,,0.139,0.055
class_size,2018,01620505,Lunenburg High,School,Geography,0,0.0,0,0.0,0.0,0.0,0.0,0.0,0.0,0.0,0.0,0.0,0.0,,0.0,0.0
class_size,2018,01620505,Lunenburg High,School,Health Care Sciences,1,9.0,9,0.0,0.0,0.0,0.0,0.0,0.0,1.0,0.556,0.444,0.0,,0.0,0.0
class_size,2018,01620505,Lunenburg High,School,History,19,17.9,341,0.006,0.038,0.023,0.026,0.009,0.003,0.894,0.493,0.507,0.003,,0.138,0.109
class_size,2018,01620505,Lunenburg High,School,Hospitality and Tourism,0,0.0,0,0.0,0.0,0.0,0.0,0.0,0.0,0.0,0.0,0.0,0.0,,0.0,0.0
class_size,2018,01620505,Lunenburg High,School,Human Services,0,0.0,0,0.0,0.0,0.0,0.0,0.0,0.0,0.0,0.0,0.0,0.0,,0.0,0.0
class_size,2018,01620505,Lunenburg High,School,Manufacturing,0,0.0,0,0.0,0.0,0.0,0.0,0.0,0.0,0.0,0.0,0.0,0.0,,0.0,0.0
class_size,2018,01620505,Lunenburg High,School,Mathematics,25,19.0,440,0.005,0.034,0.023,0.032,0.009,0.002,0.895,0.502,0.498,0.007,,0.125,0.105
class_size,2018,01620505,Lunenburg High,School,Military Science,0,0.0,0,0.0,0.0,0.0,0.0,0.0,0.0,0.0,0.0,0.0,0.0,,0.0,0.0
class_size,2018,01620505,Lunenburg High,School,Miscellaneous,30,4.8,83,0.0,0.012,0.0,0.036,0.012,0.0,0.94,0.446,0.554,0.012,,0.157,0.53
class_size,2018,01620505,Lunenburg High,School,"Physical, Health, and Safety Education",27,20.3,350,0.006,0.04,0.023,0.037,0.011,0.003,0.88,0.463,0.537,0.009,,0.137,0.111
class_size,2018,01620505,Lunenburg High,School,"Public, Protective, and Government Service",0,0.0,0,0.0,0.0,0.0,0.0,0.0,0.0,0.0,0.0,0.0,0.0,,0.0,0.0
class_size,2018,01620505,Lunenburg High,School,Reading,2,5.0,10,0.0,0.0,0.0,0.0,0.0,0.0,1.0,0.8,0.2,0.0,,0.2,0.9
class_size,2018,01620505,Lunenburg High,School,Religious Education and Theology,0,0.0,0,0.0,0.0,0.0,0.0,0.0,0.0,0.0,0.0,0.0,0.0,,0.0,0.0
class_size,2018,01620505,Lunenburg High,School,Science,27,17.9,406,0.005,0.037,0.022,0.027,0.01,0.002,0.897,0.498,0.502,0.005,,0.123,0.079
class_size,2018,01620505,Lunenburg High,School,Social Studies/Social Sciences,2,19.0,38,0.0,0.0,0.026,0.0,0.026,0.0,0.947,0.789,0.211,0.026,,0.0,0.053
class_size,2018,01620505,Lunenburg High,School,"Transportation, Distribution and Logistics",0,0.0,0,0.0,0.0,0.0,0.0,0.0,0.0,0.0,0.0,0.0,0.0,,0.0,0.0
class_size,2018,01620505,Lunenburg High,School,CH74 - Agriculture and Natural Resources,0,0.0,0,0.0,0.0,0.0,0.0,0.0,0.0,0.0,0.0,0.0,0.0,,0.0,0.0
class_size,2018,01620505,Lunenburg High,School,CH74 - Arts and Communications Services,0,0.0,0,0.0,0.0,0.0,0.0,0.0,0.0,0.0,0.0,0.0,0.0,,0.0,0.0
class_size,2018,01620505,Lunenburg High,School,CH74 - Business and Consumer Services,0,0.0,0,0.0,0.0,0.0,0.0,0.0,0.0,0.0,0.0,0.0,0.0,,0.0,0.0
class_size,2018,01620505,Lunenburg High,School,CH74 - Construction,0,0.0,0,0.0,0.0,0.0,0.0,0.0,0.0,0.0,0.0,0.0,0.0,,0.0,0.0
class_size,2018,01620505,Lunenburg High,School,CH74 - Exploratory,0,0.0,0,0.0,0.0,0.0,0.0,0.0,0.0,0.0,0.0,0.0,0.0,,0.0,0.0
class_size,2018,01620505,Lunenburg High,School,CH74 - Health,0,0.0,0,0.0,0.0,0.0,0.0,0.0,0.0,0.0,0.0,0.0,0.0,,0.0,0.0
class_size,2018,01620505,Lunenburg High,School,CH74 - Hospitality and Tourism,0,0.0,0,0.0,0.0,0.0,0.0,0.0,0.0,0.0,0.0,0.0,0.0,,0.0,0.0
class_size,2018,01620505,Lunenburg High,School,CH74 - Human Services and Education,0,0.0,0,0.0,0.0,0.0,0.0,0.0,0.0,0.0,0.0,0.0,0.0,,0.0,0.0
class_size,2018,01620505,Lunenburg High,School,CH74 - Information Technology Services,0,0.0,0,0.0,0.0,0.0,0.0,0.0,0.0,0.0,0.0,0.0,0.0,,0.0,0.0
class_size,2018,01620505,Lunenburg High,School,CH74 - Transportation,0,0.0,0,0.0,0.0,0.0,0.0,0.0,0.0,0.0,0.0,0.0,0.0,,0.0,0.0
class_size,2018,01620505,Lunenburg High,School,"CH74 - Manufacturing, Engineering and Technology",0,0.0,0,0.0,0.0,0.0,0.0,0.0,0.0,0.0,0.0,0.0,0.0,,0.0,0.0
class_size,2018,01620505,Lunenburg High,School,Architecture and Construction,0,0.0,0,0.0,0.0,0.0,0.0,0.0,0.0,0.0,0.0,0.0,0.0,,0.0,0.0
class_size,2018,01620305,Lunenburg Middle School,School,All,245,22.3,433,0.009,0.012,0.018,0.092,0.014,0.007,0.848,0.448,0.552,0.023,,0.132,0.143
class_size,2018,01620305,Lunenburg Middle School,School,"Agriculture, Food and Natural Resources",0,0.0,0,0.0,0.0,0.0,0.0,0.0,0.0,0.0,0.0,0.0,0.0,,0.0,0.0
class_size,2018,01620305,Lunenburg Middle School,School,Arts,44,21.6,422,0.009,0.012,0.019,0.081,0.014,0.007,0.858,0.453,0.547,0.019,,0.133,0.135
class_size,2018,01620305,Lunenburg Middle School,School,Business and Marketing,0,0.0,0,0.0,0.0,0.0,0.0,0.0,0.0,0.0,0.0,0.0,0.0,,0.0,0.0
class_size,2018,01620305,Lunenburg Middle School,School,Civics/Government,0,0.0,0,0.0,0.0,0.0,0.0,0.0,0.0,0.0,0.0,0.0,0.0,,0.0,0.0
class_size,2018,01620305,Lunenburg Middle School,School,Communications and Audio/Visual Technology,0,0.0,0,0.0,0.0,0.0,0.0,0.0,0.0,0.0,0.0,0.0,0.0,,0.0,0.0
class_size,2018,01620305,Lunenburg Middle School,School,Computer and Information Sciences,7,21.3,149,0.013,0.013,0.027,0.087,0.007,0.02,0.832,0.456,0.544,0.007,,0.134,0.114
class_size,2018,01620305,Lunenburg Middle School,School,Core-All Subjects,41,23.3,427,0.009,0.012,0.019,0.089,0.014,0.007,0.85,0.447,0.553,0.023,,0.131,0.138
class_size,2018,01620305,Lunenburg Middle School,School,Economics,0,0.0,0,0.0,0.0,0.0,0.0,0.0,0.0,0.0,0.0,0.0,0.0,,0.0,0.0
class_size,2018,01620305,Lunenburg Middle School,School,Engineering and Technology,0,0.0,0,0.0,0.0,0.0,0.0,0.0,0.0,0.0,0.0,0.0,0.0,,0.0,0.0
class_size,2018,01620305,Lunenburg Middle School,School,English/Language Arts,20,21.9,430,0.009,0.012,0.019,0.091,0.014,0.007,0.849,0.449,0.551,0.023,,0.133,0.137
class_size,2018,01620305,Lunenburg Middle School,School,Foreign Language,18,22.8,411,0.01,0.012,0.019,0.09,0.015,0.005,0.849,0.45,0.55,0.017,,0.131,0.114
class_size,2018,01620305,Lunenburg Middle School,School,Geography,0,0.0,0,0.0,0.0,0.0,0.0,0.0,0.0,0.0,0.0,0.0,0.0,,0.0,0.0
class_size,2018,01620305,Lunenburg Middle School,School,Health Care Sciences,0,0.0,0,0.0,0.0,0.0,0.0,0.0,0.0,0.0,0.0,0.0,0.0,,0.0,0.0
class_size,2018,01620305,Lunenburg Middle School,School,History,0,0.0,0,0.0,0.0,0.0,0.0,0.0,0.0,0.0,0.0,0.0,0.0,,0.0,0.0
class_size,2018,01620305,Lunenburg Middle School,School,Hospitality and Tourism,0,0.0,0,0.0,0.0,0.0,0.0,0.0,0.0,0.0,0.0,0.0,0.0,,0.0,0.0
class_size,2018,01620305,Lunenburg Middle School,School,Human Services,0,0.0,0,0.0,0.0,0.0,0.0,0.0,0.0,0.0,0.0,0.0,0.0,,0.0,0.0
class_size,2018,01620305,Lunenburg Middle School,School,Manufacturing,0,0.0,0,0.0,0.0,0.0,0.0,0.0,0.0,0.0,0.0,0.0,0.0,,0.0,0.0
class_size,2018,01620305,Lunenburg Middle School,School,Mathematics,22,19.8,431,0.009,0.012,0.019,0.09,0.014,0.007,0.849,0.448,0.552,0.023,,0.132,0.139
class_size,2018,01620305,Lunenburg Middle School,School,Military Science,0,0.0,0,0.0,0.0,0.0,0.0,0.0,0.0,0.0,0.0,0.0,0.0,,0.0,0.0
class_size,2018,01620305,Lunenburg Middle School,School,Miscellaneous,0,0.0,0,0.0,0.0,0.0,0.0,0.0,0.0,0.0,0.0,0.0,0.0,,0.0,0.0
class_size,2018,01620305,Lunenburg Middle School,School,"Physical, Health, and Safety Education",55,22.8,430,0.009,0.012,0.019,0.088,0.014,0.007,0.851,0.449,0.551,0.021,,0.133,0.14
class_size,2018,01620305,Lunenburg Middle School,School,"Public, Protective, and Government Service",0,0.0,0,0.0,0.0,0.0,0.0,0.0,0.0,0.0,0.0,0.0,0.0,,0.0,0.0
class_size,2018,01620305,Lunenburg Middle School,School,Reading,0,0.0,0,0.0,0.0,0.0,0.0,0.0,0.0,0.0,0.0,0.0,0.0,,0.0,0.0
class_size,2018,01620305,Lunenburg Middle School,School,Religious Education and Theology,0,0.0,0,0.0,0.0,0.0,0.0,0.0,0.0,0.0,0.0,0.0,0.0,,0.0,0.0
class_size,2018,01620305,Lunenburg Middle School,School,Science,19,23.2,433,0.009,0.012,0.018,0.092,0.014,0.007,0.848,0.448,0.552,0.023,,0.132,0.143
class_size,2018,01620305,Lunenburg Middle School,School,Social Studies/Social Sciences,19,22.8,432,0.009,0.012,0.019,0.09,0.014,0.007,0.85,0.449,0.551,0.023,,0.132,0.141
class_size,2018,01620305,Lunenburg Middle School,School,"Transportation, Distribution and Logistics",0,0.0,0,0.0,0.0,0.0,0.0,0.0,0.0,0.0,0.0,0.0,0.0,,0.0,0.0
class_size,2018,01620305,Lunenburg Middle School,School,CH74 - Agriculture and Natural Resources,0,0.0,0,0.0,0.0,0.0,0.0,0.0,0.0,0.0,0.0,0.0,0.0,,0.0,0.0
class_size,2018,01620305,Lunenburg Middle School,School,CH74 - Arts and Communications Services,0,0.0,0,0.0,0.0,0.0,0.0,0.0,0.0,0.0,0.0,0.0,0.0,,0.0,0.0
class_size,2018,01620305,Lunenburg Middle School,School,CH74 - Business and Consumer Services,0,0.0,0,0.0,0.0,0.0,0.0,0.0,0.0,0.0,0.0,0.0,0.0,,0.0,0.0
class_size,2018,01620305,Lunenburg Middle School,School,CH74 - Construction,0,0.0,0,0.0,0.0,0.0,0.0,0.0,0.0,0.0,0.0,0.0,0.0,,0.0,0.0
class_size,2018,01620305,Lunenburg Middle School,School,CH74 - Exploratory,0,0.0,0,0.0,0.0,0.0,0.0,0.0,0.0,0.0,0.0,0.0,0.0,,0.0,0.0
class_size,2018,01620305,Lunenburg Middle School,School,CH74 - Health,0,0.0,0,0.0,0.0,0.0,0.0,0.0,0.0,0.0,0.0,0.0,0.0,,0.0,0.0
class_size,2018,01620305,Lunenburg Middle School,School,CH74 - Hospitality and Tourism,0,0.0,0,0.0,0.0,0.0,0.0,0.0,0.0,0.0,0.0,0.0,0.0,,0.0,0.0
class_size,2018,01620305,Lunenburg Middle School,School,CH74 - Human Services and Education,0,0.0,0,0.0,0.0,0.0,0.0,0.0,0.0,0.0,0.0,0.0,0.0,,0.0,0.0
class_size,2018,01620305,Lunenburg Middle School,School,CH74 - Information Technology Services,0,0.0,0,0.0,0.0,0.0,0.0,0.0,0.0,0.0,0.0,0.0,0.0,,0.0,0.0
class_size,2018,01620305,Lunenburg Middle School,School,CH74 - Transportation,0,0.0,0,0.0,0.0,0.0,0.0,0.0,0.0,0.0,0.0,0.0,0.0,,0.0,0.0
class_size,2018,01620305,Lunenburg Middle School,School,"CH74 - Manufacturing, Engineering and Technology",0,0.0,0,0.0,0.0,0.0,0.0,0.0,0.0,0.0,0.0,0.0,0.0,,0.0,0.0
class_size,2018,01620305,Lunenburg Middle School,School,Architecture and Construction,0,0.0,0,0.0,0.0,0.0,0.0,0.0,0.0,0.0,0.0,0.0,0.0,,0.0,0.0
class_size,2018,01620010,Lunenburg Primary School,School,All,183,21.2,398,0.0,0.033,0.035,0.085,0.018,0.0,0.829,0.48,0.52,0.04,,0.163,0.234
class_size,2018,01620010,Lunenburg Primary School,School,"Agriculture, Food and Natural Resources",0,0.0,0,0.0,0.0,0.0,0.0,0.0,0.0,0.0,0.0,0.0,0.0,,0.0,0.0
class_size,2018,01620010,Lunenburg Primary School,School,Arts,32,21.8,348,0.0,0.037,0.026,0.086,0.02,0.0,0.83,0.491,0.509,0.046,,0.158,0.172
class_size,2018,01620010,Lunenburg Primary School,School,Business and Marketing,0,0.0,0,0.0,0.0,0.0,0.0,0.0,0.0,0.0,0.0,0.0,0.0,,0.0,0.0
class_size,2018,01620010,Lunenburg Primary School,School,Civics/Government,0,0.0,0,0.0,0.0,0.0,0.0,0.0,0.0,0.0,0.0,0.0,0.0,,0.0,0.0
class_size,2018,01620010,Lunenburg Primary School,School,Communications and Audio/Visual Technology,16,21.8,348,0.0,0.037,0.026,0.086,0.02,0.0,0.83,0.491,0.509,0.046,,0.158,0.172
class_size,2018,01620010,Lunenburg Primary School,School,Computer and Information Sciences,0,0.0,0,0.0,0.0,0.0,0.0,0.0,0.0,0.0,0.0,0.0,0.0,,0.0,0.0
class_size,2018,01620010,Lunenburg Primary School,School,Core-All Subjects,22,18.2,398,0.0,0.033,0.035,0.085,0.018,0.0,0.829,0.48,0.52,0.04,,0.163,0.234
class_size,2018,01620010,Lunenburg Primary School,School,Economics,0,0.0,0,0.0,0.0,0.0,0.0,0.0,0.0,0.0,0.0,0.0,0.0,,0.0,0.0
class_size,2018,01620010,Lunenburg Primary School,School,Engineering and Technology,0,0.0,0,0.0,0.0,0.0,0.0,0.0,0.0,0.0,0.0,0.0,0.0,,0.0,0.0
class_size,2018,01620010,Lunenburg Primary School,School,English/Language Arts,16,21.8,348,0.0,0.037,0.026,0.086,0.02,0.0,0.83,0.491,0.509,0.046,,0.158,0.172
class_size,2018,01620010,Lunenburg Primary School,School,Foreign Language,0,0.0,0,0.0,0.0,0.0,0.0,0.0,0.0,0.0,0.0,0.0,0.0,,0.0,0.0
class_size,2018,01620010,Lunenburg Primary School,School,Geography,0,0.0,0,0.0,0.0,0.0,0.0,0.0,0.0,0.0,0.0,0.0,0.0,,0.0,0.0
class_size,2018,01620010,Lunenburg Primary School,School,Health Care Sciences,0,0.0,0,0.0,0.0,0.0,0.0,0.0,0.0,0.0,0.0,0.0,0.0,,0.0,0.0
class_size,2018,01620010,Lunenburg Primary School,School,History,0,0.0,0,0.0,0.0,0.0,0.0,0.0,0.0,0.0,0.0,0.0,0.0,,0.0,0.0
class_size,2018,01620010,Lunenburg Primary School,School,Hospitality and Tourism,0,0.0,0,0.0,0.0,0.0,0.0,0.0,0.0,0.0,0.0,0.0,0.0,,0.0,0.0
class_size,2018,01620010,Lunenburg Primary School,School,Human Services,0,0.0,0,0.0,0.0,0.0,0.0,0.0,0.0,0.0,0.0,0.0,0.0,,0.0,0.0
class_size,2018,01620010,Lunenburg Primary School,School,Manufacturing,0,0.0,0,0.0,0.0,0.0,0.0,0.0,0.0,0.0,0.0,0.0,0.0,,0.0,0.0
class_size,2018,01620010,Lunenburg Primary School,School,Mathematics,16,21.8,348,0.0,0.037,0.026,0.086,0.02,0.0,0.83,0.491,0.509,0.046,,0.158,0.172
class_size,2018,01620010,Lunenburg Primary School,School,Military Science,0,0.0,0,0.0,0.0,0.0,0.0,0.0,0.0,0.0,0.0,0.0,0.0,,0.0,0.0
class_size,2018,01620010,Lunenburg Primary School,School,Miscellaneous,1,4.0,4,0.0,0.0,0.0,0.0,0.0,0.0,1.0,0.0,1.0,0.0,,0.0,1.0
class_size,2018,01620010,Lunenburg Primary School,School,"Physical, Health, and Safety Education",32,21.8,348,0.0,0.037,0.026,0.086,0.02,0.0,0.83,0.491,0.509,0.046,,0.158,0.172
class_size,2018,01620010,Lunenburg Primary School,School,"Public, Protective, and Government Service",0,0.0,0,0.0,0.0,0.0,0.0,0.0,0.0,0.0,0.0,0.0,0.0,,0.0,0.0
class_size,2018,01620010,Lunenburg Primary School,School,Reading,16,21.8,348,0.0,0.037,0.026,0.086,0.02,0.0,0.83,0.491,0.509,0.046,,0.158,0.172
class_size,2018,01620010,Lunenburg Primary School,School,Religious Education and Theology,0,0.0,0,0.0,0.0,0.0,0.0,0.0,0.0,0.0,0.0,0.0,0.0,,0.0,0.0
class_size,2018,01620010,Lunenburg Primary School,School,Science,16,21.8,348,0.0,0.037,0.026,0.086,0.02,0.0,0.83,0.491,0.509,0.046,,0.158,0.172
class_size,2018,01620010,Lunenburg Primary School,School,Social Studies/Social Sciences,16,21.8,348,0.0,0.037,0.026,0.086,0.02,0.0,0.83,0.491,0.509,0.046,,0.158,0.172
class_size,2018,01620010,Lunenburg Primary School,School,"Transportation, Distribution and Logistics",0,0.0,0,0.0,0.0,0.0,0.0,0.0,0.0,0.0,0.0,0.0,0.0,,0.0,0.0
class_size,2018,01620010,Lunenburg Primary School,School,CH74 - Agriculture and Natural Resources,0,0.0,0,0.0,0.0,0.0,0.0,0.0,0.0,0.0,0.0,0.0,0.0,,0.0,0.0
class_size,2018,01620010,Lunenburg Primary School,School,CH74 - Arts and Communications Services,0,0.0,0,0.0,0.0,0.0,0.0,0.0,0.0,0.0,0.0,0.0,0.0,,0.0,0.0
class_size,2018,01620010,Lunenburg Primary School,School,CH74 - Business and Consumer Services,0,0.0,0,0.0,0.0,0.0,0.0,0.0,0.0,0.0,0.0,0.0,0.0,,0.0,0.0
class_size,2018,01620010,Lunenburg Primary School,School,CH74 - Construction,0,0.0,0,0.0,0.0,0.0,0.0,0.0,0.0,0.0,0.0,0.0,0.0,,0.0,0.0
class_size,2018,01620010,Lunenburg Primary School,School,CH74 - Exploratory,0,0.0,0,0.0,0.0,0.0,0.0,0.0,0.0,0.0,0.0,0.0,0.0,,0.0,0.0
class_size,2018,01620010,Lunenburg Primary School,School,CH74 - Health,0,0.0,0,0.0,0.0,0.0,0.0,0.0,0.0,0.0,0.0,0.0,0.0,,0.0,0.0
class_size,2018,01620010,Lunenburg Primary School,School,CH74 - Hospitality and Tourism,0,0.0,0,0.0,0.0,0.0,0.0,0.0,0.0,0.0,0.0,0.0,0.0,,0.0,0.0
class_size,2018,01620010,Lunenburg Primary School,School,CH74 - Human Services and Education,0,0.0,0,0.0,0.0,0.0,0.0,0.0,0.0,0.0,0.0,0.0,0.0,,0.0,0.0
class_size,2018,01620010,Lunenburg Primary School,School,CH74 - Information Technology Services,0,0.0,0,0.0,0.0,0.0,0.0,0.0,0.0,0.0,0.0,0.0,0.0,,0.0,0.0
class_size,2018,01620010,Lunenburg Primary School,School,CH74 - Transportation,0,0.0,0,0.0,0.0,0.0,0.0,0.0,0.0,0.0,0.0,0.0,0.0,,0.0,0.0
class_size,2018,01620010,Lunenburg Primary School,School,"CH74 - Manufacturing, Engineering and Technology",0,0.0,0,0.0,0.0,0.0,0.0,0.0,0.0,0.0,0.0,0.0,0.0,,0.0,0.0
class_size,2018,01620010,Lunenburg Primary School,School,Architecture and Construction,0,0.0,0,0.0,0.0,0.0,0.0,0.0,0.0,0.0,0.0,0.0,0.0,,0.0,0.0
class_size,2018,01620025,Turkey Hill Elementary School,School,All,159,22.4,366,0.0,0.008,0.008,0.077,0.044,0.005,0.858,0.492,0.508,0.019,,0.15,0.156
class_size,2018,01620025,Turkey Hill Elementary School,School,"Agriculture, Food and Natural Resources",0,0.0,0,0.0,0.0,0.0,0.0,0.0,0.0,0.0,0.0,0.0,0.0,,0.0,0.0
class_size,2018,01620025,Turkey Hill Elementary School,School,Arts,32,22.9,366,0.0,0.008,0.008,0.077,0.044,0.005,0.858,0.492,0.508,0.019,,0.15,0.156
class_size,2018,01620025,Turkey Hill Elementary School,School,Business and Marketing,0,0.0,0,0.0,0.0,0.0,0.0,0.0,0.0,0.0,0.0,0.0,0.0,,0.0,0.0
class_size,2018,01620025,Turkey Hill Elementary School,School,Civics/Government,0,0.0,0,0.0,0.0,0.0,0.0,0.0,0.0,0.0,0.0,0.0,0.0,,0.0,0.0
class_size,2018,01620025,Turkey Hill Elementary School,School,Communications and Audio/Visual Technology,0,0.0,0,0.0,0.0,0.0,0.0,0.0,0.0,0.0,0.0,0.0,0.0,,0.0,0.0
class_size,2018,01620025,Turkey Hill Elementary School,School,Computer and Information Sciences,0,0.0,0,0.0,0.0,0.0,0.0,0.0,0.0,0.0,0.0,0.0,0.0,,0.0,0.0
class_size,2018,01620025,Turkey Hill Elementary School,School,Core-All Subjects,32,22.9,366,0.0,0.008,0.008,0.077,0.044,0.005,0.858,0.492,0.508,0.019,,0.15,0.156
class_size,2018,01620025,Turkey Hill Elementary School,School,Economics,0,0.0,0,0.0,0.0,0.0,0.0,0.0,0.0,0.0,0.0,0.0,0.0,,0.0,0.0
class_size,2018,01620025,Turkey Hill Elementary School,School,Engineering and Technology,0,0.0,0,0.0,0.0,0.0,0.0,0.0,0.0,0.0,0.0,0.0,0.0,,0.0,0.0
class_size,2018,01620025,Turkey Hill Elementary School,School,English/Language Arts,17,21.9,366,0.0,0.008,0.008,0.077,0.044,0.005,0.858,0.492,0.508,0.019,,0.15,0.156
class_size,2018,01620025,Turkey Hill Elementary School,School,Foreign Language,0,0.0,0,0.0,0.0,0.0,0.0,0.0,0.0,0.0,0.0,0.0,0.0,,0.0,0.0
class_size,2018,01620025,Turkey Hill Elementary School,School,Geography,0,0.0,0,0.0,0.0,0.0,0.0,0.0,0.0,0.0,0.0,0.0,0.0,,0.0,0.0
class_size,2018,01620025,Turkey Hill Elementary School,School,Health Care Sciences,0,0.0,0,0.0,0.0,0.0,0.0,0.0,0.0,0.0,0.0,0.0,0.0,,0.0,0.0
class_size,2018,01620025,Turkey Hill Elementary School,School,History,0,0.0,0,0.0,0.0,0.0,0.0,0.0,0.0,0.0,0.0,0.0,0.0,,0.0,0.0
class_size,2018,01620025,Turkey Hill Elementary School,School,Hospitality and Tourism,0,0.0,0,0.0,0.0,0.0,0.0,0.0,0.0,0.0,0.0,0.0,0.0,,0.0,0.0
class_size,2018,01620025,Turkey Hill Elementary School,School,Human Services,0,0.0,0,0.0,0.0,0.0,0.0,0.0,0.0,0.0,0.0,0.0,0.0,,0.0,0.0
class_size,2018,01620025,Turkey Hill Elementary School,School,Manufacturing,0,0.0,0,0.0,0.0,0.0,0.0,0.0,0.0,0.0,0.0,0.0,0.0,,0.0,0.0
class_size,2018,01620025,Turkey Hill Elementary School,School,Mathematics,17,21.9,366,0.0,0.008,0.008,0.077,0.044,0.005,0.858,0.492,0.508,0.019,,0.15,0.156
class_size,2018,01620025,Turkey Hill Elementary School,School,Military Science,0,0.0,0,0.0,0.0,0.0,0.0,0.0,0.0,0.0,0.0,0.0,0.0,,0.0,0.0
class_size,2018,01620025,Turkey Hill Elementary School,School,Miscellaneous,0,0.0,0,0.0,0.0,0.0,0.0,0.0,0.0,0.0,0.0,0.0,0.0,,0.0,0.0
class_size,2018,01620025,Turkey Hill Elementary School,School,"Physical, Health, and Safety Education",16,22.9,366,0.0,0.008,0.008,0.077,0.044,0.005,0.858,0.492,0.508,0.019,,0.15,0.156
class_size,2018,01620025,Turkey Hill Elementary School,School,"Public, Protective, and Government Service",0,0.0,0,0.0,0.0,0.0,0.0,0.0,0.0,0.0,0.0,0.0,0.0,,0.0,0.0
class_size,2018,01620025,Turkey Hill Elementary School,School,Reading,11,22.1,243,0.0,0.008,0.004,0.062,0.053,0.008,0.864,0.49,0.51,0.016,,0.156,0.148
class_size,2018,01620025,Turkey Hill Elementary School,School,Religious Education and Theology,0,0.0,0,0.0,0.0,0.0,0.0,0.0,0.0,0.0,0.0,0.0,0.0,,0.0,0.0
class_size,2018,01620025,Turkey Hill Elementary School,School,Science,17,21.9,366,0.0,0.008,0.008,0.077,0.044,0.005,0.858,0.492,0.508,0.019,,0.15,0.156
class_size,2018,01620025,Turkey Hill Elementary School,School,Social Studies/Social Sciences,17,21.9,366,0.0,0.008,0.008,0.077,0.044,0.005,0.858,0.492,0.508,0.019,,0.15,0.156
class_size,2018,01620025,Turkey Hill Elementary School,School,"Transportation, Distribution and Logistics",0,0.0,0,0.0,0.0,0.0,0.0,0.0,0.0,0.0,0.0,0.0,0.0,,0.0,0.0
class_size,2018,01620025,Turkey Hill Elementary School,School,CH74 - Agriculture and Natural Resources,0,0.0,0,0.0,0.0,0.0,0.0,0.0,0.0,0.0,0.0,0.0,0.0,,0.0,0.0
class_size,2018,01620025,Turkey Hill Elementary School,School,CH74 - Arts and Communications Services,0,0.0,0,0.0,0.0,0.0,0.0,0.0,0.0,0.0,0.0,0.0,0.0,,0.0,0.0
class_size,2018,01620025,Turkey Hill Elementary School,School,CH74 - Business and Consumer Services,0,0.0,0,0.0,0.0,0.0,0.0,0.0,0.0,0.0,0.0,0.0,0.0,,0.0,0.0
class_size,2018,01620025,Turkey Hill Elementary School,School,CH74 - Construction,0,0.0,0,0.0,0.0,0.0,0.0,0.0,0.0,0.0,0.0,0.0,0.0,,0.0,0.0
class_size,2018,01620025,Turkey Hill Elementary School,School,CH74 - Exploratory,0,0.0,0,0.0,0.0,0.0,0.0,0.0,0.0,0.0,0.0,0.0,0.0,,0.0,0.0
class_size,2018,01620025,Turkey Hill Elementary School,School,CH74 - Health,0,0.0,0,0.0,0.0,0.0,0.0,0.0,0.0,0.0,0.0,0.0,0.0,,0.0,0.0
class_size,2018,01620025,Turkey Hill Elementary School,School,CH74 - Hospitality and Tourism,0,0.0,0,0.0,0.0,0.0,0.0,0.0,0.0,0.0,0.0,0.0,0.0,,0.0,0.0
class_size,2018,01620025,Turkey Hill Elementary School,School,CH74 - Human Services and Education,0,0.0,0,0.0,0.0,0.0,0.0,0.0,0.0,0.0,0.0,0.0,0.0,,0.0,0.0
class_size,2018,01620025,Turkey Hill Elementary School,School,CH74 - Information Technology Services,0,0.0,0,0.0,0.0,0.0,0.0,0.0,0.0,0.0,0.0,0.0,0.0,,0.0,0.0
class_size,2018,01620025,Turkey Hill Elementary School,School,CH74 - Transportation,0,0.0,0,0.0,0.0,0.0,0.0,0.0,0.0,0.0,0.0,0.0,0.0,,0.0,0.0
class_size,2018,01620025,Turkey Hill Elementary School,School,"CH74 - Manufacturing, Engineering and Technology",0,0.0,0,0.0,0.0,0.0,0.0,0.0,0.0,0.0,0.0,0.0,0.0,,0.0,0.0
class_size,2018,01620025,Turkey Hill Elementary School,School,Architecture and Construction,0,0.0,0,0.0,0.0,0.0,0.0,0.0,0.0,0.0,0.0,0.0,0.0,,0.0,0.0
class_size,2017,01620000,Lunenburg,District,All,769,19.8,1635,0.004,0.023,0.018,0.063,0.021,0.004,0.867,0.482,0.518,0.017,,0.15,0.166
class_size,2017,01620000,Lunenburg,District,"Agriculture, Food and Natural Resources",2,18.5,23,0.0,0.0,0.0,0.043,0.0,0.0,0.957,0.478,0.522,0.0,,0.087,0.13
class_size,2017,01620000,Lunenburg,District,Arts,121,22.0,1422,0.004,0.023,0.015,0.067,0.023,0.004,0.864,0.493,0.507,0.017,,0.148,0.148
class_size,2017,01620000,Lunenburg,District,Business and Marketing,0,0.0,0,0.0,0.0,0.0,0.0,0.0,0.0,0.0,0.0,0.0,0.0,,0.0,0.0
class_size,2017,01620000,Lunenburg,District,Civics/Government,6,23.0,138,0.007,0.0,0.029,0.022,0.014,0.0,0.928,0.399,0.601,0.0,,0.101,0.065
class_size,2017,01620000,Lunenburg,District,Communications and Audio/Visual Technology,17,21.9,370,0.003,0.027,0.014,0.076,0.038,0.003,0.841,0.505,0.495,0.03,,0.154,0.189
class_size,2017,01620000,Lunenburg,District,Computer and Information Sciences,8,14.8,118,0.008,0.0,0.008,0.042,0.0,0.0,0.941,0.424,0.576,0.0,,0.161,0.136
class_size,2017,01620000,Lunenburg,District,Core-All Subjects,69,23.5,1069,0.004,0.017,0.014,0.079,0.025,0.006,0.856,0.475,0.525,0.02,,0.158,0.182
class_size,2017,01620000,Lunenburg,District,Economics,2,9.5,19,0.0,0.0,0.158,0.0,0.0,0.0,0.842,0.316,0.684,0.0,,0.053,0.0
class_size,2017,01620000,Lunenburg,District,Engineering and Technology,5,13.2,62,0.016,0.065,0.032,0.048,0.016,0.0,0.823,0.29,0.71,0.016,,0.081,0.081
class_size,2017,01620000,Lunenburg,District,English/Language Arts,87,19.6,1564,0.004,0.024,0.018,0.061,0.021,0.004,0.867,0.487,0.513,0.017,,0.143,0.148
class_size,2017,01620000,Lunenburg,District,Foreign Language,40,13.7,545,0.007,0.037,0.022,0.048,0.009,0.007,0.87,0.49,0.51,0.011,,0.117,0.075
class_size,2017,01620000,Lunenburg,District,Geography,0,0.0,0,0.0,0.0,0.0,0.0,0.0,0.0,0.0,0.0,0.0,0.0,,0.0,0.0
class_size,2017,01620000,Lunenburg,District,Health Care Sciences,1,15.0,15,0.0,0.0,0.067,0.0,0.0,0.0,0.933,0.6,0.4,0.0,,0.067,0.067
class_size,2017,01620000,Lunenburg,District,History,17,19.2,326,0.003,0.055,0.028,0.025,0.012,0.003,0.874,0.518,0.482,0.018,,0.117,0.12
class_size,2017,01620000,Lunenburg,District,Hospitality and Tourism,0,0.0,0,0.0,0.0,0.0,0.0,0.0,0.0,0.0,0.0,0.0,0.0,,0.0,0.0
class_size,2017,01620000,Lunenburg,District,Human Services,0,0.0,0,0.0,0.0,0.0,0.0,0.0,0.0,0.0,0.0,0.0,0.0,,0.0,0.0
class_size,2017,01620000,Lunenburg,District,Manufacturing,0,0.0,0,0.0,0.0,0.0,0.0,0.0,0.0,0.0,0.0,0.0,0.0,,0.0,0.0
class_size,2017,01620000,Lunenburg,District,Mathematics,81,19.7,1569,0.004,0.024,0.018,0.062,0.021,0.004,0.867,0.487,0.513,0.017,,0.145,0.151
class_size,2017,01620000,Lunenburg,District,Military Science,0,0.0,0,0.0,0.0,0.0,0.0,0.0,0.0,0.0,0.0,0.0,0.0,,0.0,0.0
class_size,2017,01620000,Lunenburg,District,Miscellaneous,36,5.8,126,0.008,0.032,0.032,0.032,0.008,0.0,0.889,0.468,0.532,0.0,,0.198,0.46
class_size,2017,01620000,Lunenburg,District,"Physical, Health, and Safety Education",112,21.3,1469,0.005,0.022,0.018,0.062,0.022,0.005,0.867,0.486,0.514,0.018,,0.148,0.155
class_size,2017,01620000,Lunenburg,District,"Public, Protective, and Government Service",0,0.0,0,0.0,0.0,0.0,0.0,0.0,0.0,0.0,0.0,0.0,0.0,,0.0,0.0
class_size,2017,01620000,Lunenburg,District,Reading,28,21.9,611,0.0,0.021,0.013,0.079,0.038,0.003,0.846,0.502,0.498,0.028,,0.16,0.178
class_size,2017,01620000,Lunenburg,District,Religious Education and Theology,0,0.0,0,0.0,0.0,0.0,0.0,0.0,0.0,0.0,0.0,0.0,0.0,,0.0,0.0
class_size,2017,01620000,Lunenburg,District,Science,80,20.3,1553,0.005,0.023,0.018,0.062,0.021,0.005,0.867,0.487,0.513,0.017,,0.145,0.151
class_size,2017,01620000,Lunenburg,District,Social Studies/Social Sciences,57,21.1,1201,0.004,0.015,0.015,0.076,0.023,0.005,0.862,0.473,0.527,0.017,,0.156,0.16
class_size,2017,01620000,Lunenburg,District,"Transportation, Distribution and Logistics",0,0.0,0,0.0,0.0,0.0,0.0,0.0,0.0,0.0,0.0,0.0,0.0,,0.0,0.0
class_size,2017,01620000,Lunenburg,District,CH74 - Agriculture and Natural Resources,0,0.0,0,0.0,0.0,0.0,0.0,0.0,0.0,0.0,0.0,0.0,0.0,,0.0,0.0
class_size,2017,01620000,Lunenburg,District,CH74 - Arts and Communications Services,0,0.0,0,0.0,0.0,0.0,0.0,0.0,0.0,0.0,0.0,0.0,0.0,,0.0,0.0
class_size,2017,01620000,Lunenburg,District,CH74 - Business and Consumer Services,0,0.0,0,0.0,0.0,0.0,0.0,0.0,0.0,0.0,0.0,0.0,0.0,,0.0,0.0
class_size,2017,01620000,Lunenburg,District,CH74 - Construction,0,0.0,0,0.0,0.0,0.0,0.0,0.0,0.0,0.0,0.0,0.0,0.0,,0.0,0.0
class_size,2017,01620000,Lunenburg,District,CH74 - Exploratory,0,0.0,0,0.0,0.0,0.0,0.0,0.0,0.0,0.0,0.0,0.0,0.0,,0.0,0.0
class_size,2017,01620000,Lunenburg,District,CH74 - Health,0,0.0,0,0.0,0.0,0.0,0.0,0.0,0.0,0.0,0.0,0.0,0.0,,0.0,0.0
class_size,2017,01620000,Lunenburg,District,CH74 - Hospitality and Tourism,0,0.0,0,0.0,0.0,0.0,0.0,0.0,0.0,0.0,0.0,0.0,0.0,,0.0,0.0
class_size,2017,01620000,Lunenburg,District,CH74 - Human Services and Education,0,0.0,0,0.0,0.0,0.0,0.0,0.0,0.0,0.0,0.0,0.0,0.0,,0.0,0.0
class_size,2017,01620000,Lunenburg,District,CH74 - Information Technology Services,0,0.0,0,0.0,0.0,0.0,0.0,0.0,0.0,0.0,0.0,0.0,0.0,,0.0,0.0
class_size,2017,01620000,Lunenburg,District,CH74 - Transportation,0,0.0,0,0.0,0.0,0.0,0.0,0.0,0.0,0.0,0.0,0.0,0.0,,0.0,0.0
class_size,2017,01620000,Lunenburg,District,"CH74 - Manufacturing, Engineering and Technology",0,0.0,0,0.0,0.0,0.0,0.0,0.0,0.0,0.0,0.0,0.0,0.0,,0.0,0.0
class_size,2017,01620000,Lunenburg,District,Architecture and Construction,0,0.0,0,0.0,0.0,0.0,0.0,0.0,0.0,0.0,0.0,0.0,0.0,,0.0,0.0
class_size,2017,01620505,Lunenburg High,School,All,225,14.7,435,0.005,0.044,0.03,0.025,0.016,0.002,0.878,0.517,0.483,0.014,,0.122,0.126
class_size,2017,01620505,Lunenburg High,School,"Agriculture, Food and Natural Resources",2,18.5,23,0.0,0.0,0.0,0.043,0.0,0.0,0.957,0.478,0.522,0.0,,0.087,0.13
class_size,2017,01620505,Lunenburg High,School,Arts,21,17.5,274,0.004,0.051,0.026,0.033,0.022,0.0,0.865,0.569,0.431,0.011,,0.099,0.077
class_size,2017,01620505,Lunenburg High,School,Business and Marketing,0,0.0,0,0.0,0.0,0.0,0.0,0.0,0.0,0.0,0.0,0.0,0.0,,0.0,0.0
class_size,2017,01620505,Lunenburg High,School,Civics/Government,2,19.5,39,0.0,0.0,0.077,0.0,0.051,0.0,0.872,0.41,0.59,0.0,,0.0,0.0
class_size,2017,01620505,Lunenburg High,School,Communications and Audio/Visual Technology,2,8.5,17,0.059,0.059,0.0,0.0,0.0,0.0,0.882,0.706,0.294,0.0,,0.059,0.059
class_size,2017,01620505,Lunenburg High,School,Computer and Information Sciences,0,0.0,0,0.0,0.0,0.0,0.0,0.0,0.0,0.0,0.0,0.0,0.0,,0.0,0.0
class_size,2017,01620505,Lunenburg High,School,Core-All Subjects,0,0.0,0,0.0,0.0,0.0,0.0,0.0,0.0,0.0,0.0,0.0,0.0,,0.0,0.0
class_size,2017,01620505,Lunenburg High,School,Economics,2,9.5,19,0.0,0.0,0.158,0.0,0.0,0.0,0.842,0.316,0.684,0.0,,0.053,0.0
class_size,2017,01620505,Lunenburg High,School,Engineering and Technology,5,13.2,62,0.016,0.065,0.032,0.048,0.016,0.0,0.823,0.29,0.71,0.016,,0.081,0.081
class_size,2017,01620505,Lunenburg High,School,English/Language Arts,25,17.6,418,0.005,0.045,0.031,0.022,0.014,0.002,0.88,0.524,0.476,0.014,,0.098,0.098
class_size,2017,01620505,Lunenburg High,School,Foreign Language,28,10.9,305,0.003,0.059,0.026,0.026,0.013,0.003,0.869,0.528,0.472,0.02,,0.108,0.092
class_size,2017,01620505,Lunenburg High,School,Geography,0,0.0,0,0.0,0.0,0.0,0.0,0.0,0.0,0.0,0.0,0.0,0.0,,0.0,0.0
class_size,2017,01620505,Lunenburg High,School,Health Care Sciences,1,15.0,15,0.0,0.0,0.067,0.0,0.0,0.0,0.933,0.6,0.4,0.0,,0.067,0.067
class_size,2017,01620505,Lunenburg High,School,History,17,19.2,326,0.003,0.055,0.028,0.025,0.012,0.003,0.874,0.518,0.482,0.018,,0.117,0.12
class_size,2017,01620505,Lunenburg High,School,Hospitality and Tourism,0,0.0,0,0.0,0.0,0.0,0.0,0.0,0.0,0.0,0.0,0.0,0.0,,0.0,0.0
class_size,2017,01620505,Lunenburg High,School,Human Services,0,0.0,0,0.0,0.0,0.0,0.0,0.0,0.0,0.0,0.0,0.0,0.0,,0.0,0.0
class_size,2017,01620505,Lunenburg High,School,Manufacturing,0,0.0,0,0.0,0.0,0.0,0.0,0.0,0.0,0.0,0.0,0.0,0.0,,0.0,0.0
class_size,2017,01620505,Lunenburg High,School,Mathematics,25,17.8,422,0.005,0.045,0.031,0.024,0.014,0.002,0.879,0.526,0.474,0.014,,0.104,0.109
class_size,2017,01620505,Lunenburg High,School,Military Science,0,0.0,0,0.0,0.0,0.0,0.0,0.0,0.0,0.0,0.0,0.0,0.0,,0.0,0.0
class_size,2017,01620505,Lunenburg High,School,Miscellaneous,35,5.8,120,0.008,0.033,0.033,0.033,0.008,0.0,0.883,0.483,0.517,0.0,,0.2,0.433
class_size,2017,01620505,Lunenburg High,School,"Physical, Health, and Safety Education",27,18.6,326,0.006,0.043,0.034,0.018,0.015,0.003,0.88,0.531,0.469,0.018,,0.117,0.113
class_size,2017,01620505,Lunenburg High,School,"Public, Protective, and Government Service",0,0.0,0,0.0,0.0,0.0,0.0,0.0,0.0,0.0,0.0,0.0,0.0,,0.0,0.0
class_size,2017,01620505,Lunenburg High,School,Reading,2,3.5,7,0.0,0.0,0.0,0.0,0.0,0.0,1.0,0.571,0.429,0.0,,0.429,1.0
class_size,2017,01620505,Lunenburg High,School,Religious Education and Theology,0,0.0,0,0.0,0.0,0.0,0.0,0.0,0.0,0.0,0.0,0.0,0.0,,0.0,0.0
class_size,2017,01620505,Lunenburg High,School,Science,27,17.5,406,0.005,0.044,0.032,0.022,0.015,0.002,0.879,0.527,0.473,0.012,,0.103,0.106
class_size,2017,01620505,Lunenburg High,School,Social Studies/Social Sciences,4,13.5,54,0.0,0.0,0.056,0.074,0.019,0.0,0.852,0.481,0.519,0.0,,0.074,0.019
class_size,2017,01620505,Lunenburg High,School,"Transportation, Distribution and Logistics",0,0.0,0,0.0,0.0,0.0,0.0,0.0,0.0,0.0,0.0,0.0,0.0,,0.0,0.0
class_size,2017,01620505,Lunenburg High,School,CH74 - Agriculture and Natural Resources,0,0.0,0,0.0,0.0,0.0,0.0,0.0,0.0,0.0,0.0,0.0,0.0,,0.0,0.0
class_size,2017,01620505,Lunenburg High,School,CH74 - Arts and Communications Services,0,0.0,0,0.0,0.0,0.0,0.0,0.0,0.0,0.0,0.0,0.0,0.0,,0.0,0.0
class_size,2017,01620505,Lunenburg High,School,CH74 - Business and Consumer Services,0,0.0,0,0.0,0.0,0.0,0.0,0.0,0.0,0.0,0.0,0.0,0.0,,0.0,0.0
class_size,2017,01620505,Lunenburg High,School,CH74 - Construction,0,0.0,0,0.0,0.0,0.0,0.0,0.0,0.0,0.0,0.0,0.0,0.0,,0.0,0.0
class_size,2017,01620505,Lunenburg High,School,CH74 - Exploratory,0,0.0,0,0.0,0.0,0.0,0.0,0.0,0.0,0.0,0.0,0.0,0.0,,0.0,0.0
class_size,2017,01620505,Lunenburg High,School,CH74 - Health,0,0.0,0,0.0,0.0,0.0,0.0,0.0,0.0,0.0,0.0,0.0,0.0,,0.0,0.0
class_size,2017,01620505,Lunenburg High,School,CH74 - Hospitality and Tourism,0,0.0,0,0.0,0.0,0.0,0.0,0.0,0.0,0.0,0.0,0.0,0.0,,0.0,0.0
class_size,2017,01620505,Lunenburg High,School,CH74 - Human Services and Education,0,0.0,0,0.0,0.0,0.0,0.0,0.0,0.0,0.0,0.0,0.0,0.0,,0.0,0.0
class_size,2017,01620505,Lunenburg High,School,CH74 - Information Technology Services,0,0.0,0,0.0,0.0,0.0,0.0,0.0,0.0,0.0,0.0,0.0,0.0,,0.0,0.0
class_size,2017,01620505,Lunenburg High,School,CH74 - Transportation,0,0.0,0,0.0,0.0,0.0,0.0,0.0,0.0,0.0,0.0,0.0,0.0,,0.0,0.0
class_size,2017,01620505,Lunenburg High,School,"CH74 - Manufacturing, Engineering and Technology",0,0.0,0,0.0,0.0,0.0,0.0,0.0,0.0,0.0,0.0,0.0,0.0,,0.0,0.0
class_size,2017,01620505,Lunenburg High,School,Architecture and Construction,0,0.0,0,0.0,0.0,0.0,0.0,0.0,0.0,0.0,0.0,0.0,0.0,,0.0,0.0
class_size,2017,01620305,Lunenburg Middle School,School,All,203,20.2,397,0.008,0.01,0.015,0.081,0.008,0.008,0.872,0.431,0.569,0.005,,0.164,0.149
class_size,2017,01620305,Lunenburg Middle School,School,"Agriculture, Food and Natural Resources",0,0.0,0,0.0,0.0,0.0,0.0,0.0,0.0,0.0,0.0,0.0,0.0,,0.0,0.0
class_size,2017,01620305,Lunenburg Middle School,School,Arts,36,21.7,394,0.008,0.01,0.015,0.079,0.008,0.008,0.873,0.431,0.569,0.005,,0.165,0.145
class_size,2017,01620305,Lunenburg Middle School,School,Business and Marketing,0,0.0,0,0.0,0.0,0.0,0.0,0.0,0.0,0.0,0.0,0.0,0.0,,0.0,0.0
class_size,2017,01620305,Lunenburg Middle School,School,Civics/Government,4,24.8,99,0.01,0.0,0.01,0.03,0.0,0.0,0.949,0.394,0.606,0.0,,0.141,0.091
class_size,2017,01620305,Lunenburg Middle School,School,Communications and Audio/Visual Technology,0,0.0,0,0.0,0.0,0.0,0.0,0.0,0.0,0.0,0.0,0.0,0.0,,0.0,0.0
class_size,2017,01620305,Lunenburg Middle School,School,Computer and Information Sciences,8,14.8,118,0.008,0.0,0.008,0.042,0.0,0.0,0.941,0.424,0.576,0.0,,0.161,0.136
class_size,2017,01620305,Lunenburg Middle School,School,Core-All Subjects,17,24.2,267,0.007,0.015,0.019,0.094,0.011,0.011,0.843,0.434,0.566,0.007,,0.157,0.146
class_size,2017,01620305,Lunenburg Middle School,School,Economics,0,0.0,0,0.0,0.0,0.0,0.0,0.0,0.0,0.0,0.0,0.0,0.0,,0.0,0.0
class_size,2017,01620305,Lunenburg Middle School,School,Engineering and Technology,0,0.0,0,0.0,0.0,0.0,0.0,0.0,0.0,0.0,0.0,0.0,0.0,,0.0,0.0
class_size,2017,01620305,Lunenburg Middle School,School,English/Language Arts,28,18.2,393,0.008,0.01,0.015,0.079,0.008,0.008,0.873,0.427,0.573,0.005,,0.16,0.145
class_size,2017,01620305,Lunenburg Middle School,School,Foreign Language,12,20.1,240,0.013,0.008,0.017,0.075,0.004,0.013,0.871,0.442,0.558,0.0,,0.129,0.054
class_size,2017,01620305,Lunenburg Middle School,School,Geography,0,0.0,0,0.0,0.0,0.0,0.0,0.0,0.0,0.0,0.0,0.0,0.0,,0.0,0.0
class_size,2017,01620305,Lunenburg Middle School,School,Health Care Sciences,0,0.0,0,0.0,0.0,0.0,0.0,0.0,0.0,0.0,0.0,0.0,0.0,,0.0,0.0
class_size,2017,01620305,Lunenburg Middle School,School,History,0,0.0,0,0.0,0.0,0.0,0.0,0.0,0.0,0.0,0.0,0.0,0.0,,0.0,0.0
class_size,2017,01620305,Lunenburg Middle School,School,Hospitality and Tourism,0,0.0,0,0.0,0.0,0.0,0.0,0.0,0.0,0.0,0.0,0.0,0.0,,0.0,0.0
class_size,2017,01620305,Lunenburg Middle School,School,Human Services,0,0.0,0,0.0,0.0,0.0,0.0,0.0,0.0,0.0,0.0,0.0,0.0,,0.0,0.0
class_size,2017,01620305,Lunenburg Middle School,School,Manufacturing,0,0.0,0,0.0,0.0,0.0,0.0,0.0,0.0,0.0,0.0,0.0,0.0,,0.0,0.0
class_size,2017,01620305,Lunenburg Middle School,School,Mathematics,22,17.9,393,0.008,0.01,0.015,0.079,0.008,0.008,0.873,0.427,0.573,0.005,,0.16,0.145
class_size,2017,01620305,Lunenburg Middle School,School,Military Science,0,0.0,0,0.0,0.0,0.0,0.0,0.0,0.0,0.0,0.0,0.0,0.0,,0.0,0.0
class_size,2017,01620305,Lunenburg Middle School,School,Miscellaneous,0,0.0,0,0.0,0.0,0.0,0.0,0.0,0.0,0.0,0.0,0.0,0.0,,0.0,0.0
class_size,2017,01620305,Lunenburg Middle School,School,"Physical, Health, and Safety Education",38,20.3,390,0.008,0.01,0.015,0.077,0.008,0.008,0.874,0.428,0.572,0.005,,0.156,0.149
class_size,2017,01620305,Lunenburg Middle School,School,"Public, Protective, and Government Service",0,0.0,0,0.0,0.0,0.0,0.0,0.0,0.0,0.0,0.0,0.0,0.0,,0.0,0.0
class_size,2017,01620305,Lunenburg Middle School,School,Reading,0,0.0,0,0.0,0.0,0.0,0.0,0.0,0.0,0.0,0.0,0.0,0.0,,0.0,0.0
class_size,2017,01620305,Lunenburg Middle School,School,Religious Education and Theology,0,0.0,0,0.0,0.0,0.0,0.0,0.0,0.0,0.0,0.0,0.0,0.0,,0.0,0.0
class_size,2017,01620305,Lunenburg Middle School,School,Science,19,20.7,393,0.008,0.01,0.015,0.079,0.008,0.008,0.873,0.427,0.573,0.005,,0.16,0.145
class_size,2017,01620305,Lunenburg Middle School,School,Social Studies/Social Sciences,19,20.7,393,0.008,0.01,0.015,0.079,0.008,0.008,0.873,0.427,0.573,0.005,,0.16,0.145
class_size,2017,01620305,Lunenburg Middle School,School,"Transportation, Distribution and Logistics",0,0.0,0,0.0,0.0,0.0,0.0,0.0,0.0,0.0,0.0,0.0,0.0,,0.0,0.0
class_size,2017,01620305,Lunenburg Middle School,School,CH74 - Agriculture and Natural Resources,0,0.0,0,0.0,0.0,0.0,0.0,0.0,0.0,0.0,0.0,0.0,0.0,,0.0,0.0
class_size,2017,01620305,Lunenburg Middle School,School,CH74 - Arts and Communications Services,0,0.0,0,0.0,0.0,0.0,0.0,0.0,0.0,0.0,0.0,0.0,0.0,,0.0,0.0
class_size,2017,01620305,Lunenburg Middle School,School,CH74 - Business and Consumer Services,0,0.0,0,0.0,0.0,0.0,0.0,0.0,0.0,0.0,0.0,0.0,0.0,,0.0,0.0
class_size,2017,01620305,Lunenburg Middle School,School,CH74 - Construction,0,0.0,0,0.0,0.0,0.0,0.0,0.0,0.0,0.0,0.0,0.0,0.0,,0.0,0.0
class_size,2017,01620305,Lunenburg Middle School,School,CH74 - Exploratory,0,0.0,0,0.0,0.0,0.0,0.0,0.0,0.0,0.0,0.0,0.0,0.0,,0.0,0.0
class_size,2017,01620305,Lunenburg Middle School,School,CH74 - Health,0,0.0,0,0.0,0.0,0.0,0.0,0.0,0.0,0.0,0.0,0.0,0.0,,0.0,0.0
class_size,2017,01620305,Lunenburg Middle School,School,CH74 - Hospitality and Tourism,0,0.0,0,0.0,0.0,0.0,0.0,0.0,0.0,0.0,0.0,0.0,0.0,,0.0,0.0
class_size,2017,01620305,Lunenburg Middle School,School,CH74 - Human Services and Education,0,0.0,0,0.0,0.0,0.0,0.0,0.0,0.0,0.0,0.0,0.0,0.0,,0.0,0.0
class_size,2017,01620305,Lunenburg Middle School,School,CH74 - Information Technology Services,0,0.0,0,0.0,0.0,0.0,0.0,0.0,0.0,0.0,0.0,0.0,0.0,,0.0,0.0
class_size,2017,01620305,Lunenburg Middle School,School,CH74 - Transportation,0,0.0,0,0.0,0.0,0.0,0.0,0.0,0.0,0.0,0.0,0.0,0.0,,0.0,0.0
class_size,2017,01620305,Lunenburg Middle School,School,"CH74 - Manufacturing, Engineering and Technology",0,0.0,0,0.0,0.0,0.0,0.0,0.0,0.0,0.0,0.0,0.0,0.0,,0.0,0.0
class_size,2017,01620305,Lunenburg Middle School,School,Architecture and Construction,0,0.0,0,0.0,0.0,0.0,0.0,0.0,0.0,0.0,0.0,0.0,0.0,,0.0,0.0
class_size,2017,01620010,Lunenburg Primary School,School,All,169,23.4,402,0.0,0.022,0.015,0.08,0.035,0.002,0.846,0.48,0.52,0.027,,0.159,0.229
class_size,2017,01620010,Lunenburg Primary School,School,"Agriculture, Food and Natural Resources",0,0.0,0,0.0,0.0,0.0,0.0,0.0,0.0,0.0,0.0,0.0,0.0,,0.0,0.0
class_size,2017,01620010,Lunenburg Primary School,School,Arts,30,23.7,354,0.0,0.025,0.014,0.079,0.04,0.003,0.839,0.497,0.503,0.031,,0.158,0.195
class_size,2017,01620010,Lunenburg Primary School,School,Business and Marketing,0,0.0,0,0.0,0.0,0.0,0.0,0.0,0.0,0.0,0.0,0.0,0.0,,0.0,0.0
class_size,2017,01620010,Lunenburg Primary School,School,Civics/Government,0,0.0,0,0.0,0.0,0.0,0.0,0.0,0.0,0.0,0.0,0.0,0.0,,0.0,0.0
class_size,2017,01620010,Lunenburg Primary School,School,Communications and Audio/Visual Technology,15,23.7,353,0.0,0.025,0.014,0.079,0.04,0.003,0.839,0.496,0.504,0.031,,0.159,0.195
class_size,2017,01620010,Lunenburg Primary School,School,Computer and Information Sciences,0,0.0,0,0.0,0.0,0.0,0.0,0.0,0.0,0.0,0.0,0.0,0.0,,0.0,0.0
class_size,2017,01620010,Lunenburg Primary School,School,Core-All Subjects,18,22.7,402,0.0,0.022,0.015,0.08,0.035,0.002,0.846,0.48,0.52,0.027,,0.159,0.229
class_size,2017,01620010,Lunenburg Primary School,School,Economics,0,0.0,0,0.0,0.0,0.0,0.0,0.0,0.0,0.0,0.0,0.0,0.0,,0.0,0.0
class_size,2017,01620010,Lunenburg Primary School,School,Engineering and Technology,0,0.0,0,0.0,0.0,0.0,0.0,0.0,0.0,0.0,0.0,0.0,0.0,,0.0,0.0
class_size,2017,01620010,Lunenburg Primary School,School,English/Language Arts,15,23.5,352,0.0,0.026,0.014,0.08,0.04,0.003,0.838,0.497,0.503,0.031,,0.159,0.193
class_size,2017,01620010,Lunenburg Primary School,School,Foreign Language,0,0.0,0,0.0,0.0,0.0,0.0,0.0,0.0,0.0,0.0,0.0,0.0,,0.0,0.0
class_size,2017,01620010,Lunenburg Primary School,School,Geography,0,0.0,0,0.0,0.0,0.0,0.0,0.0,0.0,0.0,0.0,0.0,0.0,,0.0,0.0
class_size,2017,01620010,Lunenburg Primary School,School,Health Care Sciences,0,0.0,0,0.0,0.0,0.0,0.0,0.0,0.0,0.0,0.0,0.0,0.0,,0.0,0.0
class_size,2017,01620010,Lunenburg Primary School,School,History,0,0.0,0,0.0,0.0,0.0,0.0,0.0,0.0,0.0,0.0,0.0,0.0,,0.0,0.0
class_size,2017,01620010,Lunenburg Primary School,School,Hospitality and Tourism,0,0.0,0,0.0,0.0,0.0,0.0,0.0,0.0,0.0,0.0,0.0,0.0,,0.0,0.0
class_size,2017,01620010,Lunenburg Primary School,School,Human Services,0,0.0,0,0.0,0.0,0.0,0.0,0.0,0.0,0.0,0.0,0.0,0.0,,0.0,0.0
class_size,2017,01620010,Lunenburg Primary School,School,Manufacturing,0,0.0,0,0.0,0.0,0.0,0.0,0.0,0.0,0.0,0.0,0.0,0.0,,0.0,0.0
class_size,2017,01620010,Lunenburg Primary School,School,Mathematics,15,23.6,353,0.0,0.025,0.014,0.079,0.04,0.003,0.839,0.496,0.504,0.031,,0.159,0.195
class_size,2017,01620010,Lunenburg Primary School,School,Military Science,0,0.0,0,0.0,0.0,0.0,0.0,0.0,0.0,0.0,0.0,0.0,0.0,,0.0,0.0
class_size,2017,01620010,Lunenburg Primary School,School,Miscellaneous,1,6.0,6,0.0,0.0,0.0,0.0,0.0,0.0,1.0,0.167,0.833,0.0,,0.167,1.0
class_size,2017,01620010,Lunenburg Primary School,School,"Physical, Health, and Safety Education",30,23.7,353,0.0,0.025,0.014,0.079,0.04,0.003,0.839,0.496,0.504,0.031,,0.159,0.195
class_size,2017,01620010,Lunenburg Primary School,School,"Public, Protective, and Government Service",0,0.0,0,0.0,0.0,0.0,0.0,0.0,0.0,0.0,0.0,0.0,0.0,,0.0,0.0
class_size,2017,01620010,Lunenburg Primary School,School,Reading,15,23.6,353,0.0,0.025,0.014,0.079,0.04,0.003,0.839,0.496,0.504,0.031,,0.159,0.195
class_size,2017,01620010,Lunenburg Primary School,School,Religious Education and Theology,0,0.0,0,0.0,0.0,0.0,0.0,0.0,0.0,0.0,0.0,0.0,0.0,,0.0,0.0
class_size,2017,01620010,Lunenburg Primary School,School,Science,15,23.6,353,0.0,0.025,0.014,0.079,0.04,0.003,0.839,0.496,0.504,0.031,,0.159,0.195
class_size,2017,01620010,Lunenburg Primary School,School,Social Studies/Social Sciences,15,23.6,353,0.0,0.025,0.014,0.079,0.04,0.003,0.839,0.496,0.504,0.031,,0.159,0.195
class_size,2017,01620010,Lunenburg Primary School,School,"Transportation, Distribution and Logistics",0,0.0,0,0.0,0.0,0.0,0.0,0.0,0.0,0.0,0.0,0.0,0.0,,0.0,0.0
class_size,2017,01620010,Lunenburg Primary School,School,CH74 - Agriculture and Natural Resources,0,0.0,0,0.0,0.0,0.0,0.0,0.0,0.0,0.0,0.0,0.0,0.0,,0.0,0.0
class_size,2017,01620010,Lunenburg Primary School,School,CH74 - Arts and Communications Services,0,0.0,0,0.0,0.0,0.0,0.0,0.0,0.0,0.0,0.0,0.0,0.0,,0.0,0.0
class_size,2017,01620010,Lunenburg Primary School,School,CH74 - Business and Consumer Services,0,0.0,0,0.0,0.0,0.0,0.0,0.0,0.0,0.0,0.0,0.0,0.0,,0.0,0.0
class_size,2017,01620010,Lunenburg Primary School,School,CH74 - Construction,0,0.0,0,0.0,0.0,0.0,0.0,0.0,0.0,0.0,0.0,0.0,0.0,,0.0,0.0
class_size,2017,01620010,Lunenburg Primary School,School,CH74 - Exploratory,0,0.0,0,0.0,0.0,0.0,0.0,0.0,0.0,0.0,0.0,0.0,0.0,,0.0,0.0
class_size,2017,01620010,Lunenburg Primary School,School,CH74 - Health,0,0.0,0,0.0,0.0,0.0,0.0,0.0,0.0,0.0,0.0,0.0,0.0,,0.0,0.0
class_size,2017,01620010,Lunenburg Primary School,School,CH74 - Hospitality and Tourism,0,0.0,0,0.0,0.0,0.0,0.0,0.0,0.0,0.0,0.0,0.0,0.0,,0.0,0.0
class_size,2017,01620010,Lunenburg Primary School,School,CH74 - Human Services and Education,0,0.0,0,0.0,0.0,0.0,0.0,0.0,0.0,0.0,0.0,0.0,0.0,,0.0,0.0
class_size,2017,01620010,Lunenburg Primary School,School,CH74 - Information Technology Services,0,0.0,0,0.0,0.0,0.0,0.0,0.0,0.0,0.0,0.0,0.0,0.0,,0.0,0.0
class_size,2017,01620010,Lunenburg Primary School,School,CH74 - Transportation,0,0.0,0,0.0,0.0,0.0,0.0,0.0,0.0,0.0,0.0,0.0,0.0,,0.0,0.0
class_size,2017,01620010,Lunenburg Primary School,School,"CH74 - Manufacturing, Engineering and Technology",0,0.0,0,0.0,0.0,0.0,0.0,0.0,0.0,0.0,0.0,0.0,0.0,,0.0,0.0
class_size,2017,01620010,Lunenburg Primary School,School,Architecture and Construction,0,0.0,0,0.0,0.0,0.0,0.0,0.0,0.0,0.0,0.0,0.0,0.0,,0.0,0.0
class_size,2017,01620025,Turkey Hill Elementary School,School,All,172,22.4,401,0.005,0.012,0.01,0.07,0.025,0.005,0.873,0.496,0.504,0.02,,0.16,0.162
class_size,2017,01620025,Turkey Hill Elementary School,School,"Agriculture, Food and Natural Resources",0,0.0,0,0.0,0.0,0.0,0.0,0.0,0.0,0.0,0.0,0.0,0.0,,0.0,0.0
class_size,2017,01620025,Turkey Hill Elementary School,School,Arts,34,23.5,400,0.005,0.013,0.01,0.068,0.025,0.005,0.875,0.498,0.503,0.02,,0.158,0.16
class_size,2017,01620025,Turkey Hill Elementary School,School,Business and Marketing,0,0.0,0,0.0,0.0,0.0,0.0,0.0,0.0,0.0,0.0,0.0,0.0,,0.0,0.0
class_size,2017,01620025,Turkey Hill Elementary School,School,Civics/Government,0,0.0,0,0.0,0.0,0.0,0.0,0.0,0.0,0.0,0.0,0.0,0.0,,0.0,0.0
class_size,2017,01620025,Turkey Hill Elementary School,School,Communications and Audio/Visual Technology,0,0.0,0,0.0,0.0,0.0,0.0,0.0,0.0,0.0,0.0,0.0,0.0,,0.0,0.0
class_size,2017,01620025,Turkey Hill Elementary School,School,Computer and Information Sciences,0,0.0,0,0.0,0.0,0.0,0.0,0.0,0.0,0.0,0.0,0.0,0.0,,0.0,0.0
class_size,2017,01620025,Turkey Hill Elementary School,School,Core-All Subjects,34,23.5,400,0.005,0.013,0.01,0.068,0.025,0.005,0.875,0.498,0.503,0.02,,0.158,0.16
class_size,2017,01620025,Turkey Hill Elementary School,School,Economics,0,0.0,0,0.0,0.0,0.0,0.0,0.0,0.0,0.0,0.0,0.0,0.0,,0.0,0.0
class_size,2017,01620025,Turkey Hill Elementary School,School,Engineering and Technology,0,0.0,0,0.0,0.0,0.0,0.0,0.0,0.0,0.0,0.0,0.0,0.0,,0.0,0.0
class_size,2017,01620025,Turkey Hill Elementary School,School,English/Language Arts,19,21.1,401,0.005,0.012,0.01,0.07,0.025,0.005,0.873,0.496,0.504,0.02,,0.16,0.162
class_size,2017,01620025,Turkey Hill Elementary School,School,Foreign Language,0,0.0,0,0.0,0.0,0.0,0.0,0.0,0.0,0.0,0.0,0.0,0.0,,0.0,0.0
class_size,2017,01620025,Turkey Hill Elementary School,School,Geography,0,0.0,0,0.0,0.0,0.0,0.0,0.0,0.0,0.0,0.0,0.0,0.0,,0.0,0.0
class_size,2017,01620025,Turkey Hill Elementary School,School,Health Care Sciences,0,0.0,0,0.0,0.0,0.0,0.0,0.0,0.0,0.0,0.0,0.0,0.0,,0.0,0.0
class_size,2017,01620025,Turkey Hill Elementary School,School,History,0,0.0,0,0.0,0.0,0.0,0.0,0.0,0.0,0.0,0.0,0.0,0.0,,0.0,0.0
class_size,2017,01620025,Turkey Hill Elementary School,School,Hospitality and Tourism,0,0.0,0,0.0,0.0,0.0,0.0,0.0,0.0,0.0,0.0,0.0,0.0,,0.0,0.0
class_size,2017,01620025,Turkey Hill Elementary School,School,Human Services,0,0.0,0,0.0,0.0,0.0,0.0,0.0,0.0,0.0,0.0,0.0,0.0,,0.0,0.0
class_size,2017,01620025,Turkey Hill Elementary School,School,Manufacturing,0,0.0,0,0.0,0.0,0.0,0.0,0.0,0.0,0.0,0.0,0.0,0.0,,0.0,0.0
class_size,2017,01620025,Turkey Hill Elementary School,School,Mathematics,19,21.1,401,0.005,0.012,0.01,0.07,0.025,0.005,0.873,0.496,0.504,0.02,,0.16,0.162
class_size,2017,01620025,Turkey Hill Elementary School,School,Military Science,0,0.0,0,0.0,0.0,0.0,0.0,0.0,0.0,0.0,0.0,0.0,0.0,,0.0,0.0
class_size,2017,01620025,Turkey Hill Elementary School,School,Miscellaneous,0,0.0,0,0.0,0.0,0.0,0.0,0.0,0.0,0.0,0.0,0.0,0.0,,0.0,0.0
class_size,2017,01620025,Turkey Hill Elementary School,School,"Physical, Health, and Safety Education",17,23.5,400,0.005,0.013,0.01,0.068,0.025,0.005,0.875,0.498,0.503,0.02,,0.158,0.16
class_size,2017,01620025,Turkey Hill Elementary School,School,"Public, Protective, and Government Service",0,0.0,0,0.0,0.0,0.0,0.0,0.0,0.0,0.0,0.0,0.0,0.0,,0.0,0.0
class_size,2017,01620025,Turkey Hill Elementary School,School,Reading,11,22.8,251,0.0,0.016,0.012,0.08,0.036,0.004,0.853,0.51,0.49,0.024,,0.155,0.131
class_size,2017,01620025,Turkey Hill Elementary School,School,Religious Education and Theology,0,0.0,0,0.0,0.0,0.0,0.0,0.0,0.0,0.0,0.0,0.0,0.0,,0.0,0.0
class_size,2017,01620025,Turkey Hill Elementary School,School,Science,19,21.1,401,0.005,0.012,0.01,0.07,0.025,0.005,0.873,0.496,0.504,0.02,,0.16,0.162
class_size,2017,01620025,Turkey Hill Elementary School,School,Social Studies/Social Sciences,19,21.1,401,0.005,0.012,0.01,0.07,0.025,0.005,0.873,0.496,0.504,0.02,,0.16,0.162
class_size,2017,01620025,Turkey Hill Elementary School,School,"Transportation, Distribution and Logistics",0,0.0,0,0.0,0.0,0.0,0.0,0.0,0.0,0.0,0.0,0.0,0.0,,0.0,0.0
class_size,2017,01620025,Turkey Hill Elementary School,School,CH74 - Agriculture and Natural Resources,0,0.0,0,0.0,0.0,0.0,0.0,0.0,0.0,0.0,0.0,0.0,0.0,,0.0,0.0
class_size,2017,01620025,Turkey Hill Elementary School,School,CH74 - Arts and Communications Services,0,0.0,0,0.0,0.0,0.0,0.0,0.0,0.0,0.0,0.0,0.0,0.0,,0.0,0.0
class_size,2017,01620025,Turkey Hill Elementary School,School,CH74 - Business and Consumer Services,0,0.0,0,0.0,0.0,0.0,0.0,0.0,0.0,0.0,0.0,0.0,0.0,,0.0,0.0
class_size,2017,01620025,Turkey Hill Elementary School,School,CH74 - Construction,0,0.0,0,0.0,0.0,0.0,0.0,0.0,0.0,0.0,0.0,0.0,0.0,,0.0,0.0
class_size,2017,01620025,Turkey Hill Elementary School,School,CH74 - Exploratory,0,0.0,0,0.0,0.0,0.0,0.0,0.0,0.0,0.0,0.0,0.0,0.0,,0.0,0.0
class_size,2017,01620025,Turkey Hill Elementary School,School,CH74 - Health,0,0.0,0,0.0,0.0,0.0,0.0,0.0,0.0,0.0,0.0,0.0,0.0,,0.0,0.0
class_size,2017,01620025,Turkey Hill Elementary School,School,CH74 - Hospitality and Tourism,0,0.0,0,0.0,0.0,0.0,0.0,0.0,0.0,0.0,0.0,0.0,0.0,,0.0,0.0
class_size,2017,01620025,Turkey Hill Elementary School,School,CH74 - Human Services and Education,0,0.0,0,0.0,0.0,0.0,0.0,0.0,0.0,0.0,0.0,0.0,0.0,,0.0,0.0
class_size,2017,01620025,Turkey Hill Elementary School,School,CH74 - Information Technology Services,0,0.0,0,0.0,0.0,0.0,0.0,0.0,0.0,0.0,0.0,0.0,0.0,,0.0,0.0
class_size,2017,01620025,Turkey Hill Elementary School,School,CH74 - Transportation,0,0.0,0,0.0,0.0,0.0,0.0,0.0,0.0,0.0,0.0,0.0,0.0,,0.0,0.0
class_size,2017,01620025,Turkey Hill Elementary School,School,"CH74 - Manufacturing, Engineering and Technology",0,0.0,0,0.0,0.0,0.0,0.0,0.0,0.0,0.0,0.0,0.0,0.0,,0.0,0.0
class_size,2017,01620025,Turkey Hill Elementary School,School,Architecture and Construction,0,0.0,0,0.0,0.0,0.0,0.0,0.0,0.0,0.0,0.0,0.0,0.0,,0.0,0.0
class_size,2016,01620000,Lunenburg,District,All,727,19.1,1577,0.006,0.016,0.016,0.065,0.02,0.005,0.872,0.474,0.526,0.018,,0.143,0.178
class_size,2016,01620000,Lunenburg,District,"Agriculture, Food and Natural Resources",2,16.0,23,0.0,0.087,0.0,0.13,0.043,0.0,0.739,0.348,0.652,0.0,,0.13,0.304
class_size,2016,01620000,Lunenburg,District,Arts,110,22.1,1351,0.005,0.013,0.016,0.07,0.023,0.006,0.866,0.493,0.507,0.019,,0.14,0.164
class_size,2016,01620000,Lunenburg,District,Business and Marketing,0,0.0,0,0.0,0.0,0.0,0.0,0.0,0.0,0.0,0.0,0.0,0.0,,0.0,0.0
class_size,2016,01620000,Lunenburg,District,Civics/Government,4,21.3,85,0.0,0.024,0.035,0.0,0.012,0.0,0.929,0.424,0.576,0.0,,0.129,0.129
class_size,2016,01620000,Lunenburg,District,Communications and Audio/Visual Technology,18,22.5,403,0.002,0.017,0.01,0.077,0.047,0.007,0.839,0.526,0.474,0.035,,0.164,0.191
class_size,2016,01620000,Lunenburg,District,Computer and Information Sciences,8,14.9,119,0.0,0.017,0.034,0.025,0.017,0.0,0.908,0.462,0.538,0.008,,0.151,0.185
class_size,2016,01620000,Lunenburg,District,Core-All Subjects,52,23.1,686,0.009,0.006,0.015,0.08,0.012,0.006,0.873,0.448,0.552,0.013,,0.149,0.208
class_size,2016,01620000,Lunenburg,District,Economics,2,19.0,38,0.0,0.0,0.0,0.026,0.053,0.0,0.921,0.447,0.553,0.0,,0.079,0.026
class_size,2016,01620000,Lunenburg,District,Engineering and Technology,7,13.1,77,0.013,0.039,0.026,0.013,0.013,0.0,0.896,0.117,0.883,0.0,,0.091,0.052
class_size,2016,01620000,Lunenburg,District,English/Language Arts,84,19.3,1509,0.006,0.017,0.017,0.062,0.021,0.005,0.873,0.48,0.52,0.019,,0.137,0.159
class_size,2016,01620000,Lunenburg,District,Foreign Language,39,10.5,405,0.002,0.03,0.032,0.03,0.01,0.002,0.894,0.536,0.464,0.005,,0.089,0.062
class_size,2016,01620000,Lunenburg,District,Geography,0,0.0,0,0.0,0.0,0.0,0.0,0.0,0.0,0.0,0.0,0.0,0.0,,0.0,0.0
class_size,2016,01620000,Lunenburg,District,Health Care Sciences,1,16.0,16,0.0,0.0,0.0,0.063,0.0,0.0,0.938,0.688,0.313,0.0,,0.063,0.063
class_size,2016,01620000,Lunenburg,District,History,17,18.8,317,0.006,0.035,0.025,0.035,0.009,0.003,0.886,0.527,0.473,0.013,,0.098,0.095
class_size,2016,01620000,Lunenburg,District,Hospitality and Tourism,0,0.0,0,0.0,0.0,0.0,0.0,0.0,0.0,0.0,0.0,0.0,0.0,,0.0,0.0
class_size,2016,01620000,Lunenburg,District,Human Services,0,0.0,0,0.0,0.0,0.0,0.0,0.0,0.0,0.0,0.0,0.0,0.0,,0.0,0.0
class_size,2016,01620000,Lunenburg,District,Manufacturing,0,0.0,0,0.0,0.0,0.0,0.0,0.0,0.0,0.0,0.0,0.0,0.0,,0.0,0.0
class_size,2016,01620000,Lunenburg,District,Mathematics,79,19.3,1515,0.006,0.017,0.017,0.063,0.02,0.005,0.873,0.481,0.519,0.018,,0.138,0.163
class_size,2016,01620000,Lunenburg,District,Military Science,0,0.0,0,0.0,0.0,0.0,0.0,0.0,0.0,0.0,0.0,0.0,0.0,,0.0,0.0
class_size,2016,01620000,Lunenburg,District,Miscellaneous,29,5.9,99,0.01,0.0,0.01,0.061,0.01,0.0,0.909,0.485,0.515,0.0,,0.202,0.535
class_size,2016,01620000,Lunenburg,District,"Physical, Health, and Safety Education",114,18.4,1427,0.006,0.016,0.015,0.068,0.022,0.006,0.867,0.474,0.526,0.02,,0.142,0.168
class_size,2016,01620000,Lunenburg,District,"Public, Protective, and Government Service",0,0.0,0,0.0,0.0,0.0,0.0,0.0,0.0,0.0,0.0,0.0,0.0,,0.0,0.0
class_size,2016,01620000,Lunenburg,District,Reading,29,21.6,620,0.005,0.011,0.008,0.082,0.035,0.005,0.853,0.49,0.51,0.032,,0.16,0.206
class_size,2016,01620000,Lunenburg,District,Religious Education and Theology,0,0.0,0,0.0,0.0,0.0,0.0,0.0,0.0,0.0,0.0,0.0,0.0,,0.0,0.0
class_size,2016,01620000,Lunenburg,District,Science,79,19.7,1494,0.006,0.016,0.017,0.064,0.02,0.005,0.872,0.484,0.516,0.019,,0.135,0.161
class_size,2016,01620000,Lunenburg,District,Social Studies/Social Sciences,53,21.8,1146,0.006,0.01,0.014,0.072,0.025,0.006,0.866,0.469,0.531,0.021,,0.147,0.176
class_size,2016,01620000,Lunenburg,District,"Transportation, Distribution and Logistics",0,0.0,0,0.0,0.0,0.0,0.0,0.0,0.0,0.0,0.0,0.0,0.0,,0.0,0.0
class_size,2016,01620000,Lunenburg,District,CH74 - Agriculture and Natural Resources,0,0.0,0,0.0,0.0,0.0,0.0,0.0,0.0,0.0,0.0,0.0,0.0,,0.0,0.0
class_size,2016,01620000,Lunenburg,District,CH74 - Arts and Communications Services,0,0.0,0,0.0,0.0,0.0,0.0,0.0,0.0,0.0,0.0,0.0,0.0,,0.0,0.0
class_size,2016,01620000,Lunenburg,District,CH74 - Business and Consumer Services,0,0.0,0,0.0,0.0,0.0,0.0,0.0,0.0,0.0,0.0,0.0,0.0,,0.0,0.0
class_size,2016,01620000,Lunenburg,District,CH74 - Construction,0,0.0,0,0.0,0.0,0.0,0.0,0.0,0.0,0.0,0.0,0.0,0.0,,0.0,0.0
class_size,2016,01620000,Lunenburg,District,CH74 - Exploratory,0,0.0,0,0.0,0.0,0.0,0.0,0.0,0.0,0.0,0.0,0.0,0.0,,0.0,0.0
class_size,2016,01620000,Lunenburg,District,CH74 - Health,0,0.0,0,0.0,0.0,0.0,0.0,0.0,0.0,0.0,0.0,0.0,0.0,,0.0,0.0
class_size,2016,01620000,Lunenburg,District,CH74 - Hospitality and Tourism,0,0.0,0,0.0,0.0,0.0,0.0,0.0,0.0,0.0,0.0,0.0,0.0,,0.0,0.0
class_size,2016,01620000,Lunenburg,District,CH74 - Human Services and Education,0,0.0,0,0.0,0.0,0.0,0.0,0.0,0.0,0.0,0.0,0.0,0.0,,0.0,0.0
class_size,2016,01620000,Lunenburg,District,CH74 - Information Technology Services,0,0.0,0,0.0,0.0,0.0,0.0,0.0,0.0,0.0,0.0,0.0,0.0,,0.0,0.0
class_size,2016,01620000,Lunenburg,District,CH74 - Transportation,0,0.0,0,0.0,0.0,0.0,0.0,0.0,0.0,0.0,0.0,0.0,0.0,,0.0,0.0
class_size,2016,01620000,Lunenburg,District,"CH74 - Manufacturing, Engineering and Technology",0,0.0,0,0.0,0.0,0.0,0.0,0.0,0.0,0.0,0.0,0.0,0.0,,0.0,0.0
class_size,2016,01620000,Lunenburg,District,Architecture and Construction,0,0.0,0,0.0,0.0,0.0,0.0,0.0,0.0,0.0,0.0,0.0,0.0,,0.0,0.0
class_size,2016,01620505,Lunenburg High,School,All,287,15.3,538,0.004,0.03,0.026,0.037,0.011,0.002,0.89,0.498,0.502,0.009,,0.119,0.128
class_size,2016,01620505,Lunenburg High,School,"Agriculture, Food and Natural Resources",2,16.0,23,0.0,0.087,0.0,0.13,0.043,0.0,0.739,0.348,0.652,0.0,,0.13,0.304
class_size,2016,01620505,Lunenburg High,School,Arts,26,17.0,360,0.0,0.025,0.031,0.044,0.017,0.003,0.881,0.558,0.442,0.006,,0.108,0.108
class_size,2016,01620505,Lunenburg High,School,Business and Marketing,0,0.0,0,0.0,0.0,0.0,0.0,0.0,0.0,0.0,0.0,0.0,0.0,,0.0,0.0
class_size,2016,01620505,Lunenburg High,School,Civics/Government,4,21.3,85,0.0,0.024,0.035,0.0,0.012,0.0,0.929,0.424,0.576,0.0,,0.129,0.129
class_size,2016,01620505,Lunenburg High,School,Communications and Audio/Visual Technology,3,17.7,53,0.0,0.038,0.038,0.075,0.019,0.0,0.83,0.755,0.245,0.0,,0.17,0.189
class_size,2016,01620505,Lunenburg High,School,Computer and Information Sciences,8,14.9,119,0.0,0.017,0.034,0.025,0.017,0.0,0.908,0.462,0.538,0.008,,0.151,0.185
class_size,2016,01620505,Lunenburg High,School,Core-All Subjects,0,0.0,0,0.0,0.0,0.0,0.0,0.0,0.0,0.0,0.0,0.0,0.0,,0.0,0.0
class_size,2016,01620505,Lunenburg High,School,Economics,2,19.0,38,0.0,0.0,0.0,0.026,0.053,0.0,0.921,0.447,0.553,0.0,,0.079,0.026
class_size,2016,01620505,Lunenburg High,School,Engineering and Technology,7,13.1,77,0.013,0.039,0.026,0.013,0.013,0.0,0.896,0.117,0.883,0.0,,0.091,0.052
class_size,2016,01620505,Lunenburg High,School,English/Language Arts,38,16.6,521,0.004,0.031,0.027,0.031,0.012,0.002,0.894,0.501,0.499,0.01,,0.106,0.109
class_size,2016,01620505,Lunenburg High,School,Foreign Language,39,10.5,405,0.002,0.03,0.032,0.03,0.01,0.002,0.894,0.536,0.464,0.005,,0.089,0.062
class_size,2016,01620505,Lunenburg High,School,Geography,0,0.0,0,0.0,0.0,0.0,0.0,0.0,0.0,0.0,0.0,0.0,0.0,,0.0,0.0
class_size,2016,01620505,Lunenburg High,School,Health Care Sciences,1,16.0,16,0.0,0.0,0.0,0.063,0.0,0.0,0.938,0.688,0.313,0.0,,0.063,0.063
class_size,2016,01620505,Lunenburg High,School,History,17,18.8,317,0.006,0.035,0.025,0.035,0.009,0.003,0.886,0.527,0.473,0.013,,0.098,0.095
class_size,2016,01620505,Lunenburg High,School,Hospitality and Tourism,0,0.0,0,0.0,0.0,0.0,0.0,0.0,0.0,0.0,0.0,0.0,0.0,,0.0,0.0
class_size,2016,01620505,Lunenburg High,School,Human Services,0,0.0,0,0.0,0.0,0.0,0.0,0.0,0.0,0.0,0.0,0.0,0.0,,0.0,0.0
class_size,2016,01620505,Lunenburg High,School,Manufacturing,0,0.0,0,0.0,0.0,0.0,0.0,0.0,0.0,0.0,0.0,0.0,0.0,,0.0,0.0
class_size,2016,01620505,Lunenburg High,School,Mathematics,32,16.5,523,0.004,0.031,0.027,0.031,0.011,0.002,0.895,0.501,0.499,0.01,,0.113,0.119
class_size,2016,01620505,Lunenburg High,School,Military Science,0,0.0,0,0.0,0.0,0.0,0.0,0.0,0.0,0.0,0.0,0.0,0.0,,0.0,0.0
class_size,2016,01620505,Lunenburg High,School,Miscellaneous,28,5.9,94,0.011,0.0,0.011,0.053,0.011,0.0,0.915,0.5,0.5,0.0,,0.181,0.511
class_size,2016,01620505,Lunenburg High,School,"Physical, Health, and Safety Education",35,20.9,439,0.005,0.032,0.025,0.041,0.014,0.002,0.882,0.483,0.517,0.011,,0.123,0.132
class_size,2016,01620505,Lunenburg High,School,"Public, Protective, and Government Service",0,0.0,0,0.0,0.0,0.0,0.0,0.0,0.0,0.0,0.0,0.0,0.0,,0.0,0.0
class_size,2016,01620505,Lunenburg High,School,Reading,3,4.7,12,0.0,0.0,0.0,0.25,0.0,0.0,0.75,0.417,0.583,0.0,,0.417,1.0
class_size,2016,01620505,Lunenburg High,School,Religious Education and Theology,0,0.0,0,0.0,0.0,0.0,0.0,0.0,0.0,0.0,0.0,0.0,0.0,,0.0,0.0
class_size,2016,01620505,Lunenburg High,School,Science,34,16.5,502,0.004,0.03,0.028,0.032,0.01,0.002,0.894,0.512,0.488,0.01,,0.104,0.11
class_size,2016,01620505,Lunenburg High,School,Social Studies/Social Sciences,8,19.3,154,0.0,0.019,0.032,0.026,0.026,0.0,0.896,0.468,0.532,0.006,,0.117,0.11
class_size,2016,01620505,Lunenburg High,School,"Transportation, Distribution and Logistics",0,0.0,0,0.0,0.0,0.0,0.0,0.0,0.0,0.0,0.0,0.0,0.0,,0.0,0.0
class_size,2016,01620505,Lunenburg High,School,CH74 - Agriculture and Natural Resources,0,0.0,0,0.0,0.0,0.0,0.0,0.0,0.0,0.0,0.0,0.0,0.0,,0.0,0.0
class_size,2016,01620505,Lunenburg High,School,CH74 - Arts and Communications Services,0,0.0,0,0.0,0.0,0.0,0.0,0.0,0.0,0.0,0.0,0.0,0.0,,0.0,0.0
class_size,2016,01620505,Lunenburg High,School,CH74 - Business and Consumer Services,0,0.0,0,0.0,0.0,0.0,0.0,0.0,0.0,0.0,0.0,0.0,0.0,,0.0,0.0
class_size,2016,01620505,Lunenburg High,School,CH74 - Construction,0,0.0,0,0.0,0.0,0.0,0.0,0.0,0.0,0.0,0.0,0.0,0.0,,0.0,0.0
class_size,2016,01620505,Lunenburg High,School,CH74 - Exploratory,0,0.0,0,0.0,0.0,0.0,0.0,0.0,0.0,0.0,0.0,0.0,0.0,,0.0,0.0
class_size,2016,01620505,Lunenburg High,School,CH74 - Health,0,0.0,0,0.0,0.0,0.0,0.0,0.0,0.0,0.0,0.0,0.0,0.0,,0.0,0.0
class_size,2016,01620505,Lunenburg High,School,CH74 - Hospitality and Tourism,0,0.0,0,0.0,0.0,0.0,0.0,0.0,0.0,0.0,0.0,0.0,0.0,,0.0,0.0
class_size,2016,01620505,Lunenburg High,School,CH74 - Human Services and Education,0,0.0,0,0.0,0.0,0.0,0.0,0.0,0.0,0.0,0.0,0.0,0.0,,0.0,0.0
class_size,2016,01620505,Lunenburg High,School,CH74 - Information Technology Services,0,0.0,0,0.0,0.0,0.0,0.0,0.0,0.0,0.0,0.0,0.0,0.0,,0.0,0.0
class_size,2016,01620505,Lunenburg High,School,CH74 - Transportation,0,0.0,0,0.0,0.0,0.0,0.0,0.0,0.0,0.0,0.0,0.0,0.0,,0.0,0.0
class_size,2016,01620505,Lunenburg High,School,"CH74 - Manufacturing, Engineering and Technology",0,0.0,0,0.0,0.0,0.0,0.0,0.0,0.0,0.0,0.0,0.0,0.0,,0.0,0.0
class_size,2016,01620505,Lunenburg High,School,Architecture and Construction,0,0.0,0,0.0,0.0,0.0,0.0,0.0,0.0,0.0,0.0,0.0,0.0,,0.0,0.0
class_size,2016,01620010,Lunenburg Primary School,School,All,215,23.6,519,0.002,0.013,0.01,0.081,0.042,0.006,0.846,0.48,0.52,0.035,,0.17,0.231
class_size,2016,01620010,Lunenburg Primary School,School,"Agriculture, Food and Natural Resources",0,0.0,0,0.0,0.0,0.0,0.0,0.0,0.0,0.0,0.0,0.0,0.0,,0.0,0.0
class_size,2016,01620010,Lunenburg Primary School,School,Arts,40,23.8,473,0.002,0.015,0.008,0.082,0.044,0.006,0.841,0.497,0.503,0.038,,0.165,0.197
class_size,2016,01620010,Lunenburg Primary School,School,Business and Marketing,0,0.0,0,0.0,0.0,0.0,0.0,0.0,0.0,0.0,0.0,0.0,0.0,,0.0,0.0
class_size,2016,01620010,Lunenburg Primary School,School,Civics/Government,0,0.0,0,0.0,0.0,0.0,0.0,0.0,0.0,0.0,0.0,0.0,0.0,,0.0,0.0
class_size,2016,01620010,Lunenburg Primary School,School,Communications and Audio/Visual Technology,15,23.5,350,0.003,0.014,0.006,0.077,0.051,0.009,0.84,0.491,0.509,0.04,,0.163,0.191
class_size,2016,01620010,Lunenburg Primary School,School,Computer and Information Sciences,0,0.0,0,0.0,0.0,0.0,0.0,0.0,0.0,0.0,0.0,0.0,0.0,,0.0,0.0
class_size,2016,01620010,Lunenburg Primary School,School,Core-All Subjects,24,22.6,168,0.0,0.012,0.018,0.089,0.024,0.0,0.857,0.458,0.542,0.024,,0.179,0.315
class_size,2016,01620010,Lunenburg Primary School,School,Economics,0,0.0,0,0.0,0.0,0.0,0.0,0.0,0.0,0.0,0.0,0.0,0.0,,0.0,0.0
class_size,2016,01620010,Lunenburg Primary School,School,Engineering and Technology,0,0.0,0,0.0,0.0,0.0,0.0,0.0,0.0,0.0,0.0,0.0,0.0,,0.0,0.0
class_size,2016,01620010,Lunenburg Primary School,School,English/Language Arts,20,23.6,469,0.002,0.015,0.009,0.083,0.045,0.004,0.842,0.497,0.503,0.038,,0.166,0.196
class_size,2016,01620010,Lunenburg Primary School,School,Foreign Language,0,0.0,0,0.0,0.0,0.0,0.0,0.0,0.0,0.0,0.0,0.0,0.0,,0.0,0.0
class_size,2016,01620010,Lunenburg Primary School,School,Geography,0,0.0,0,0.0,0.0,0.0,0.0,0.0,0.0,0.0,0.0,0.0,0.0,,0.0,0.0
class_size,2016,01620010,Lunenburg Primary School,School,Health Care Sciences,0,0.0,0,0.0,0.0,0.0,0.0,0.0,0.0,0.0,0.0,0.0,0.0,,0.0,0.0
class_size,2016,01620010,Lunenburg Primary School,School,History,0,0.0,0,0.0,0.0,0.0,0.0,0.0,0.0,0.0,0.0,0.0,0.0,,0.0,0.0
class_size,2016,01620010,Lunenburg Primary School,School,Hospitality and Tourism,0,0.0,0,0.0,0.0,0.0,0.0,0.0,0.0,0.0,0.0,0.0,0.0,,0.0,0.0
class_size,2016,01620010,Lunenburg Primary School,School,Human Services,0,0.0,0,0.0,0.0,0.0,0.0,0.0,0.0,0.0,0.0,0.0,0.0,,0.0,0.0
class_size,2016,01620010,Lunenburg Primary School,School,Manufacturing,0,0.0,0,0.0,0.0,0.0,0.0,0.0,0.0,0.0,0.0,0.0,0.0,,0.0,0.0
class_size,2016,01620010,Lunenburg Primary School,School,Mathematics,20,23.8,472,0.002,0.015,0.008,0.083,0.044,0.006,0.841,0.498,0.502,0.038,,0.163,0.197
class_size,2016,01620010,Lunenburg Primary School,School,Military Science,0,0.0,0,0.0,0.0,0.0,0.0,0.0,0.0,0.0,0.0,0.0,0.0,,0.0,0.0
class_size,2016,01620010,Lunenburg Primary School,School,Miscellaneous,1,5.0,5,0.0,0.0,0.0,0.2,0.0,0.0,0.8,0.2,0.8,0.0,,0.6,1.0
class_size,2016,01620010,Lunenburg Primary School,School,"Physical, Health, and Safety Education",35,24.3,472,0.002,0.015,0.008,0.083,0.044,0.006,0.841,0.498,0.502,0.038,,0.163,0.197
class_size,2016,01620010,Lunenburg Primary School,School,"Public, Protective, and Government Service",0,0.0,0,0.0,0.0,0.0,0.0,0.0,0.0,0.0,0.0,0.0,0.0,,0.0,0.0
class_size,2016,01620010,Lunenburg Primary School,School,Reading,20,23.8,472,0.002,0.015,0.008,0.083,0.044,0.006,0.841,0.498,0.502,0.038,,0.163,0.197
class_size,2016,01620010,Lunenburg Primary School,School,Religious Education and Theology,0,0.0,0,0.0,0.0,0.0,0.0,0.0,0.0,0.0,0.0,0.0,0.0,,0.0,0.0
class_size,2016,01620010,Lunenburg Primary School,School,Science,20,23.8,472,0.002,0.015,0.008,0.083,0.044,0.006,0.841,0.498,0.502,0.038,,0.163,0.197
class_size,2016,01620010,Lunenburg Primary School,School,Social Studies/Social Sciences,20,23.8,472,0.002,0.015,0.008,0.083,0.044,0.006,0.841,0.498,0.502,0.038,,0.163,0.197
class_size,2016,01620010,Lunenburg Primary School,School,"Transportation, Distribution and Logistics",0,0.0,0,0.0,0.0,0.0,0.0,0.0,0.0,0.0,0.0,0.0,0.0,,0.0,0.0
class_size,2016,01620010,Lunenburg Primary School,School,CH74 - Agriculture and Natural Resources,0,0.0,0,0.0,0.0,0.0,0.0,0.0,0.0,0.0,0.0,0.0,0.0,,0.0,0.0
class_size,2016,01620010,Lunenburg Primary School,School,CH74 - Arts and Communications Services,0,0.0,0,0.0,0.0,0.0,0.0,0.0,0.0,0.0,0.0,0.0,0.0,,0.0,0.0
class_size,2016,01620010,Lunenburg Primary School,School,CH74 - Business and Consumer Services,0,0.0,0,0.0,0.0,0.0,0.0,0.0,0.0,0.0,0.0,0.0,0.0,,0.0,0.0
class_size,2016,01620010,Lunenburg Primary School,School,CH74 - Construction,0,0.0,0,0.0,0.0,0.0,0.0,0.0,0.0,0.0,0.0,0.0,0.0,,0.0,0.0
class_size,2016,01620010,Lunenburg Primary School,School,CH74 - Exploratory,0,0.0,0,0.0,0.0,0.0,0.0,0.0,0.0,0.0,0.0,0.0,0.0,,0.0,0.0
class_size,2016,01620010,Lunenburg Primary School,School,CH74 - Health,0,0.0,0,0.0,0.0,0.0,0.0,0.0,0.0,0.0,0.0,0.0,0.0,,0.0,0.0
class_size,2016,01620010,Lunenburg Primary School,School,CH74 - Hospitality and Tourism,0,0.0,0,0.0,0.0,0.0,0.0,0.0,0.0,0.0,0.0,0.0,0.0,,0.0,0.0
class_size,2016,01620010,Lunenburg Primary School,School,CH74 - Human Services and Education,0,0.0,0,0.0,0.0,0.0,0.0,0.0,0.0,0.0,0.0,0.0,0.0,,0.0,0.0
class_size,2016,01620010,Lunenburg Primary School,School,CH74 - Information Technology Services,0,0.0,0,0.0,0.0,0.0,0.0,0.0,0.0,0.0,0.0,0.0,0.0,,0.0,0.0
class_size,2016,01620010,Lunenburg Primary School,School,CH74 - Transportation,0,0.0,0,0.0,0.0,0.0,0.0,0.0,0.0,0.0,0.0,0.0,0.0,,0.0,0.0
class_size,2016,01620010,Lunenburg Primary School,School,"CH74 - Manufacturing, Engineering and Technology",0,0.0,0,0.0,0.0,0.0,0.0,0.0,0.0,0.0,0.0,0.0,0.0,,0.0,0.0
class_size,2016,01620010,Lunenburg Primary School,School,Architecture and Construction,0,0.0,0,0.0,0.0,0.0,0.0,0.0,0.0,0.0,0.0,0.0,0.0,,0.0,0.0
class_size,2016,01620020,Turkey Hill Middle,School,All,225,19.7,520,0.012,0.004,0.013,0.077,0.008,0.008,0.879,0.444,0.556,0.01,,0.14,0.177
class_size,2016,01620020,Turkey Hill Middle,School,"Agriculture, Food and Natural Resources",0,0.0,0,0.0,0.0,0.0,0.0,0.0,0.0,0.0,0.0,0.0,0.0,,0.0,0.0
class_size,2016,01620020,Turkey Hill Middle,School,Arts,44,23.5,518,0.012,0.004,0.014,0.077,0.008,0.008,0.878,0.444,0.556,0.01,,0.139,0.174
class_size,2016,01620020,Turkey Hill Middle,School,Business and Marketing,0,0.0,0,0.0,0.0,0.0,0.0,0.0,0.0,0.0,0.0,0.0,0.0,,0.0,0.0
class_size,2016,01620020,Turkey Hill Middle,School,Civics/Government,0,0.0,0,0.0,0.0,0.0,0.0,0.0,0.0,0.0,0.0,0.0,0.0,,0.0,0.0
class_size,2016,01620020,Turkey Hill Middle,School,Communications and Audio/Visual Technology,0,0.0,0,0.0,0.0,0.0,0.0,0.0,0.0,0.0,0.0,0.0,0.0,,0.0,0.0
class_size,2016,01620020,Turkey Hill Middle,School,Computer and Information Sciences,0,0.0,0,0.0,0.0,0.0,0.0,0.0,0.0,0.0,0.0,0.0,0.0,,0.0,0.0
class_size,2016,01620020,Turkey Hill Middle,School,Core-All Subjects,28,23.5,518,0.012,0.004,0.014,0.077,0.008,0.008,0.878,0.444,0.556,0.01,,0.139,0.174
class_size,2016,01620020,Turkey Hill Middle,School,Economics,0,0.0,0,0.0,0.0,0.0,0.0,0.0,0.0,0.0,0.0,0.0,0.0,,0.0,0.0
class_size,2016,01620020,Turkey Hill Middle,School,Engineering and Technology,0,0.0,0,0.0,0.0,0.0,0.0,0.0,0.0,0.0,0.0,0.0,0.0,,0.0,0.0
class_size,2016,01620020,Turkey Hill Middle,School,English/Language Arts,26,20.0,519,0.012,0.004,0.013,0.075,0.008,0.008,0.881,0.445,0.555,0.01,,0.141,0.175
class_size,2016,01620020,Turkey Hill Middle,School,Foreign Language,0,0.0,0,0.0,0.0,0.0,0.0,0.0,0.0,0.0,0.0,0.0,0.0,,0.0,0.0
class_size,2016,01620020,Turkey Hill Middle,School,Geography,0,0.0,0,0.0,0.0,0.0,0.0,0.0,0.0,0.0,0.0,0.0,0.0,,0.0,0.0
class_size,2016,01620020,Turkey Hill Middle,School,Health Care Sciences,0,0.0,0,0.0,0.0,0.0,0.0,0.0,0.0,0.0,0.0,0.0,0.0,,0.0,0.0
class_size,2016,01620020,Turkey Hill Middle,School,History,0,0.0,0,0.0,0.0,0.0,0.0,0.0,0.0,0.0,0.0,0.0,0.0,,0.0,0.0
class_size,2016,01620020,Turkey Hill Middle,School,Hospitality and Tourism,0,0.0,0,0.0,0.0,0.0,0.0,0.0,0.0,0.0,0.0,0.0,0.0,,0.0,0.0
class_size,2016,01620020,Turkey Hill Middle,School,Human Services,0,0.0,0,0.0,0.0,0.0,0.0,0.0,0.0,0.0,0.0,0.0,0.0,,0.0,0.0
class_size,2016,01620020,Turkey Hill Middle,School,Manufacturing,0,0.0,0,0.0,0.0,0.0,0.0,0.0,0.0,0.0,0.0,0.0,0.0,,0.0,0.0
class_size,2016,01620020,Turkey Hill Middle,School,Mathematics,27,19.3,520,0.012,0.004,0.013,0.077,0.008,0.008,0.879,0.444,0.556,0.01,,0.14,0.177
class_size,2016,01620020,Turkey Hill Middle,School,Military Science,0,0.0,0,0.0,0.0,0.0,0.0,0.0,0.0,0.0,0.0,0.0,0.0,,0.0,0.0
class_size,2016,01620020,Turkey Hill Middle,School,Miscellaneous,0,0.0,0,0.0,0.0,0.0,0.0,0.0,0.0,0.0,0.0,0.0,0.0,,0.0,0.0
class_size,2016,01620020,Turkey Hill Middle,School,"Physical, Health, and Safety Education",44,11.8,516,0.012,0.004,0.014,0.078,0.008,0.008,0.878,0.444,0.556,0.01,,0.14,0.172
class_size,2016,01620020,Turkey Hill Middle,School,"Public, Protective, and Government Service",0,0.0,0,0.0,0.0,0.0,0.0,0.0,0.0,0.0,0.0,0.0,0.0,,0.0,0.0
class_size,2016,01620020,Turkey Hill Middle,School,Reading,6,22.7,136,0.015,0.0,0.007,0.066,0.007,0.0,0.904,0.471,0.529,0.015,,0.125,0.169
class_size,2016,01620020,Turkey Hill Middle,School,Religious Education and Theology,0,0.0,0,0.0,0.0,0.0,0.0,0.0,0.0,0.0,0.0,0.0,0.0,,0.0,0.0
class_size,2016,01620020,Turkey Hill Middle,School,Science,25,20.9,520,0.012,0.004,0.013,0.077,0.008,0.008,0.879,0.444,0.556,0.01,,0.14,0.177
class_size,2016,01620020,Turkey Hill Middle,School,Social Studies/Social Sciences,25,21.0,520,0.012,0.004,0.013,0.077,0.008,0.008,0.879,0.444,0.556,0.01,,0.14,0.177
class_size,2016,01620020,Turkey Hill Middle,School,"Transportation, Distribution and Logistics",0,0.0,0,0.0,0.0,0.0,0.0,0.0,0.0,0.0,0.0,0.0,0.0,,0.0,0.0
class_size,2016,01620020,Turkey Hill Middle,School,CH74 - Agriculture and Natural Resources,0,0.0,0,0.0,0.0,0.0,0.0,0.0,0.0,0.0,0.0,0.0,0.0,,0.0,0.0
class_size,2016,01620020,Turkey Hill Middle,School,CH74 - Arts and Communications Services,0,0.0,0,0.0,0.0,0.0,0.0,0.0,0.0,0.0,0.0,0.0,0.0,,0.0,0.0
class_size,2016,01620020,Turkey Hill Middle,School,CH74 - Business and Consumer Services,0,0.0,0,0.0,0.0,0.0,0.0,0.0,0.0,0.0,0.0,0.0,0.0,,0.0,0.0
class_size,2016,01620020,Turkey Hill Middle,School,CH74 - Construction,0,0.0,0,0.0,0.0,0.0,0.0,0.0,0.0,0.0,0.0,0.0,0.0,,0.0,0.0
class_size,2016,01620020,Turkey Hill Middle,School,CH74 - Exploratory,0,0.0,0,0.0,0.0,0.0,0.0,0.0,0.0,0.0,0.0,0.0,0.0,,0.0,0.0
class_size,2016,01620020,Turkey Hill Middle,School,CH74 - Health,0,0.0,0,0.0,0.0,0.0,0.0,0.0,0.0,0.0,0.0,0.0,0.0,,0.0,0.0
class_size,2016,01620020,Turkey Hill Middle,School,CH74 - Hospitality and Tourism,0,0.0,0,0.0,0.0,0.0,0.0,0.0,0.0,0.0,0.0,0.0,0.0,,0.0,0.0
class_size,2016,01620020,Turkey Hill Middle,School,CH74 - Human Services and Education,0,0.0,0,0.0,0.0,0.0,0.0,0.0,0.0,0.0,0.0,0.0,0.0,,0.0,0.0
class_size,2016,01620020,Turkey Hill Middle,School,CH74 - Information Technology Services,0,0.0,0,0.0,0.0,0.0,0.0,0.0,0.0,0.0,0.0,0.0,0.0,,0.0,0.0
class_size,2016,01620020,Turkey Hill Middle,School,CH74 - Transportation,0,0.0,0,0.0,0.0,0.0,0.0,0.0,0.0,0.0,0.0,0.0,0.0,,0.0,0.0
class_size,2016,01620020,Turkey Hill Middle,School,"CH74 - Manufacturing, Engineering and Technology",0,0.0,0,0.0,0.0,0.0,0.0,0.0,0.0,0.0,0.0,0.0,0.0,,0.0,0.0
class_size,2016,01620020,Turkey Hill Middle,School,Architecture and Construction,0,0.0,0,0.0,0.0,0.0,0.0,0.0,0.0,0.0,0.0,0.0,0.0,,0.0,0.0
class_size,2015,01620000,Lunenburg,District,All,697,19.4,1564,0.006,0.013,0.015,0.054,0.015,0.004,0.893,0.471,0.529,0.011,,0.148,0.181
class_size,2015,01620000,Lunenburg,District,"Agriculture, Food and Natural Resources",2,17.5,22,0.0,0.0,0.0,0.0,0.045,0.045,0.909,0.182,0.818,0.0,,0.045,0.273
class_size,2015,01620000,Lunenburg,District,Arts,106,22.7,1336,0.005,0.014,0.014,0.053,0.017,0.004,0.891,0.49,0.51,0.011,,0.145,0.165
class_size,2015,01620000,Lunenburg,District,Business and Marketing,0,0.0,0,0.0,0.0,0.0,0.0,0.0,0.0,0.0,0.0,0.0,0.0,,0.0,0.0
class_size,2015,01620000,Lunenburg,District,Civics/Government,2,18.5,37,0.0,0.0,0.0,0.027,0.0,0.0,0.973,0.432,0.568,0.0,,0.027,0.0
class_size,2015,01620000,Lunenburg,District,Communications and Audio/Visual Technology,17,22.8,388,0.003,0.005,0.003,0.057,0.041,0.003,0.889,0.503,0.497,0.015,,0.183,0.188
class_size,2015,01620000,Lunenburg,District,Computer and Information Sciences,6,20.2,121,0.017,0.066,0.017,0.058,0.0,0.008,0.835,0.479,0.521,0.017,,0.116,0.174
class_size,2015,01620000,Lunenburg,District,Core-All Subjects,46,22.8,667,0.006,0.006,0.015,0.067,0.007,0.004,0.894,0.43,0.57,0.012,,0.163,0.219
class_size,2015,01620000,Lunenburg,District,Economics,2,16.5,33,0.0,0.03,0.061,0.03,0.0,0.0,0.879,0.303,0.697,0.0,,0.061,0.061
class_size,2015,01620000,Lunenburg,District,Engineering and Technology,5,16.4,73,0.0,0.014,0.027,0.027,0.0,0.014,0.918,0.11,0.89,0.0,,0.082,0.151
class_size,2015,01620000,Lunenburg,District,English/Language Arts,80,19.8,1488,0.005,0.013,0.013,0.05,0.016,0.004,0.897,0.479,0.521,0.011,,0.144,0.165
class_size,2015,01620000,Lunenburg,District,Foreign Language,39,11.1,426,0.009,0.028,0.021,0.033,0.007,0.005,0.897,0.54,0.46,0.002,,0.094,0.082
class_size,2015,01620000,Lunenburg,District,Geography,0,0.0,0,0.0,0.0,0.0,0.0,0.0,0.0,0.0,0.0,0.0,0.0,,0.0,0.0
class_size,2015,01620000,Lunenburg,District,Health Care Sciences,1,12.0,12,0.0,0.083,0.0,0.0,0.0,0.0,0.917,0.417,0.583,0.0,,0.0,0.083
class_size,2015,01620000,Lunenburg,District,History,17,17.8,302,0.003,0.017,0.023,0.03,0.013,0.0,0.914,0.523,0.477,0.003,,0.126,0.109
class_size,2015,01620000,Lunenburg,District,Hospitality and Tourism,0,0.0,0,0.0,0.0,0.0,0.0,0.0,0.0,0.0,0.0,0.0,0.0,,0.0,0.0
class_size,2015,01620000,Lunenburg,District,Human Services,0,0.0,0,0.0,0.0,0.0,0.0,0.0,0.0,0.0,0.0,0.0,0.0,,0.0,0.0
class_size,2015,01620000,Lunenburg,District,Manufacturing,0,0.0,0,0.0,0.0,0.0,0.0,0.0,0.0,0.0,0.0,0.0,0.0,,0.0,0.0
class_size,2015,01620000,Lunenburg,District,Mathematics,75,20.0,1484,0.005,0.013,0.013,0.051,0.016,0.004,0.897,0.481,0.519,0.011,,0.144,0.162
class_size,2015,01620000,Lunenburg,District,Military Science,0,0.0,0,0.0,0.0,0.0,0.0,0.0,0.0,0.0,0.0,0.0,0.0,,0.0,0.0
class_size,2015,01620000,Lunenburg,District,Miscellaneous,34,6.1,126,0.008,0.0,0.0,0.063,0.0,0.0,0.929,0.46,0.54,0.008,,0.183,0.484
class_size,2015,01620000,Lunenburg,District,"Physical, Health, and Safety Education",113,18.5,1400,0.004,0.011,0.014,0.055,0.017,0.004,0.894,0.476,0.524,0.011,,0.148,0.173
class_size,2015,01620000,Lunenburg,District,"Public, Protective, and Government Service",0,0.0,0,0.0,0.0,0.0,0.0,0.0,0.0,0.0,0.0,0.0,0.0,,0.0,0.0
class_size,2015,01620000,Lunenburg,District,Reading,28,21.8,610,0.003,0.003,0.007,0.07,0.03,0.002,0.885,0.474,0.526,0.02,,0.18,0.207
class_size,2015,01620000,Lunenburg,District,Religious Education and Theology,0,0.0,0,0.0,0.0,0.0,0.0,0.0,0.0,0.0,0.0,0.0,0.0,,0.0,0.0
class_size,2015,01620000,Lunenburg,District,Science,75,20.4,1458,0.005,0.014,0.013,0.051,0.016,0.004,0.896,0.484,0.516,0.011,,0.143,0.158
class_size,2015,01620000,Lunenburg,District,Social Studies/Social Sciences,49,22.9,1124,0.005,0.013,0.01,0.057,0.018,0.004,0.892,0.464,0.536,0.013,,0.156,0.181
class_size,2015,01620000,Lunenburg,District,"Transportation, Distribution and Logistics",0,0.0,0,0.0,0.0,0.0,0.0,0.0,0.0,0.0,0.0,0.0,0.0,,0.0,0.0
class_size,2015,01620000,Lunenburg,District,CH74 - Agriculture and Natural Resources,0,0.0,0,0.0,0.0,0.0,0.0,0.0,0.0,0.0,0.0,0.0,0.0,,0.0,0.0
class_size,2015,01620000,Lunenburg,District,CH74 - Arts and Communications Services,0,0.0,0,0.0,0.0,0.0,0.0,0.0,0.0,0.0,0.0,0.0,0.0,,0.0,0.0
class_size,2015,01620000,Lunenburg,District,CH74 - Business and Consumer Services,0,0.0,0,0.0,0.0,0.0,0.0,0.0,0.0,0.0,0.0,0.0,0.0,,0.0,0.0
class_size,2015,01620000,Lunenburg,District,CH74 - Construction,0,0.0,0,0.0,0.0,0.0,0.0,0.0,0.0,0.0,0.0,0.0,0.0,,0.0,0.0
class_size,2015,01620000,Lunenburg,District,CH74 - Exploratory,0,0.0,0,0.0,0.0,0.0,0.0,0.0,0.0,0.0,0.0,0.0,0.0,,0.0,0.0
class_size,2015,01620000,Lunenburg,District,CH74 - Health,0,0.0,0,0.0,0.0,0.0,0.0,0.0,0.0,0.0,0.0,0.0,0.0,,0.0,0.0
class_size,2015,01620000,Lunenburg,District,CH74 - Hospitality and Tourism,0,0.0,0,0.0,0.0,0.0,0.0,0.0,0.0,0.0,0.0,0.0,0.0,,0.0,0.0
class_size,2015,01620000,Lunenburg,District,CH74 - Human Services and Education,0,0.0,0,0.0,0.0,0.0,0.0,0.0,0.0,0.0,0.0,0.0,0.0,,0.0,0.0
class_size,2015,01620000,Lunenburg,District,CH74 - Information Technology Services,0,0.0,0,0.0,0.0,0.0,0.0,0.0,0.0,0.0,0.0,0.0,0.0,,0.0,0.0
class_size,2015,01620000,Lunenburg,District,CH74 - Transportation,0,0.0,0,0.0,0.0,0.0,0.0,0.0,0.0,0.0,0.0,0.0,0.0,,0.0,0.0
class_size,2015,01620000,Lunenburg,District,"CH74 - Manufacturing, Engineering and Technology",0,0.0,0,0.0,0.0,0.0,0.0,0.0,0.0,0.0,0.0,0.0,0.0,,0.0,0.0
class_size,2015,01620000,Lunenburg,District,Architecture and Construction,0,0.0,0,0.0,0.0,0.0,0.0,0.0,0.0,0.0,0.0,0.0,0.0,,0.0,0.0
class_size,2015,01620505,Lunenburg High,School,All,287,15.3,545,0.007,0.026,0.024,0.039,0.007,0.004,0.894,0.505,0.495,0.006,,0.105,0.139
class_size,2015,01620505,Lunenburg High,School,"Agriculture, Food and Natural Resources",2,17.5,22,0.0,0.0,0.0,0.0,0.045,0.045,0.909,0.182,0.818,0.0,,0.045,0.273
class_size,2015,01620505,Lunenburg High,School,Arts,26,18.2,368,0.008,0.035,0.024,0.033,0.008,0.005,0.886,0.565,0.435,0.005,,0.09,0.106
class_size,2015,01620505,Lunenburg High,School,Business and Marketing,0,0.0,0,0.0,0.0,0.0,0.0,0.0,0.0,0.0,0.0,0.0,0.0,,0.0,0.0
class_size,2015,01620505,Lunenburg High,School,Civics/Government,2,18.5,37,0.0,0.0,0.0,0.027,0.0,0.0,0.973,0.432,0.568,0.0,,0.027,0.0
class_size,2015,01620505,Lunenburg High,School,Communications and Audio/Visual Technology,2,14.5,29,0.0,0.0,0.0,0.069,0.034,0.0,0.897,0.586,0.414,0.0,,0.138,0.138
class_size,2015,01620505,Lunenburg High,School,Computer and Information Sciences,6,20.2,121,0.017,0.066,0.017,0.058,0.0,0.008,0.835,0.479,0.521,0.017,,0.116,0.174
class_size,2015,01620505,Lunenburg High,School,Core-All Subjects,2,4.5,8,0.0,0.0,0.0,0.25,0.0,0.0,0.75,0.5,0.5,0.0,,0.25,1.0
class_size,2015,01620505,Lunenburg High,School,Economics,2,16.5,33,0.0,0.03,0.061,0.03,0.0,0.0,0.879,0.303,0.697,0.0,,0.061,0.061
class_size,2015,01620505,Lunenburg High,School,Engineering and Technology,5,16.4,73,0.0,0.014,0.027,0.027,0.0,0.014,0.918,0.11,0.89,0.0,,0.082,0.151
class_size,2015,01620505,Lunenburg High,School,English/Language Arts,36,17.1,521,0.008,0.027,0.019,0.031,0.008,0.004,0.904,0.511,0.489,0.006,,0.104,0.121
class_size,2015,01620505,Lunenburg High,School,Foreign Language,39,11.1,426,0.009,0.028,0.021,0.033,0.007,0.005,0.897,0.54,0.46,0.002,,0.094,0.082
class_size,2015,01620505,Lunenburg High,School,Geography,0,0.0,0,0.0,0.0,0.0,0.0,0.0,0.0,0.0,0.0,0.0,0.0,,0.0,0.0
class_size,2015,01620505,Lunenburg High,School,Health Care Sciences,1,12.0,12,0.0,0.083,0.0,0.0,0.0,0.0,0.917,0.417,0.583,0.0,,0.0,0.083
class_size,2015,01620505,Lunenburg High,School,History,17,17.8,302,0.003,0.017,0.023,0.03,0.013,0.0,0.914,0.523,0.477,0.003,,0.126,0.109
class_size,2015,01620505,Lunenburg High,School,Hospitality and Tourism,0,0.0,0,0.0,0.0,0.0,0.0,0.0,0.0,0.0,0.0,0.0,0.0,,0.0,0.0
class_size,2015,01620505,Lunenburg High,School,Human Services,0,0.0,0,0.0,0.0,0.0,0.0,0.0,0.0,0.0,0.0,0.0,0.0,,0.0,0.0
class_size,2015,01620505,Lunenburg High,School,Manufacturing,0,0.0,0,0.0,0.0,0.0,0.0,0.0,0.0,0.0,0.0,0.0,0.0,,0.0,0.0
class_size,2015,01620505,Lunenburg High,School,Mathematics,31,17.1,516,0.008,0.027,0.019,0.031,0.008,0.004,0.903,0.516,0.484,0.006,,0.103,0.116
class_size,2015,01620505,Lunenburg High,School,Military Science,0,0.0,0,0.0,0.0,0.0,0.0,0.0,0.0,0.0,0.0,0.0,0.0,,0.0,0.0
class_size,2015,01620505,Lunenburg High,School,Miscellaneous,33,6.1,121,0.008,0.0,0.0,0.05,0.0,0.0,0.942,0.463,0.537,0.008,,0.174,0.463
class_size,2015,01620505,Lunenburg High,School,"Physical, Health, and Safety Education",38,19.9,432,0.005,0.023,0.023,0.042,0.009,0.002,0.896,0.509,0.491,0.005,,0.106,0.139
class_size,2015,01620505,Lunenburg High,School,"Public, Protective, and Government Service",0,0.0,0,0.0,0.0,0.0,0.0,0.0,0.0,0.0,0.0,0.0,0.0,,0.0,0.0
class_size,2015,01620505,Lunenburg High,School,Reading,3,3.0,9,0.0,0.0,0.0,0.222,0.0,0.0,0.778,0.444,0.556,0.0,,0.333,1.0
class_size,2015,01620505,Lunenburg High,School,Religious Education and Theology,0,0.0,0,0.0,0.0,0.0,0.0,0.0,0.0,0.0,0.0,0.0,0.0,,0.0,0.0
class_size,2015,01620505,Lunenburg High,School,Science,34,16.6,491,0.008,0.029,0.018,0.031,0.008,0.004,0.902,0.527,0.473,0.006,,0.098,0.102
class_size,2015,01620505,Lunenburg High,School,Social Studies/Social Sciences,8,19.6,157,0.013,0.057,0.006,0.032,0.0,0.006,0.885,0.484,0.516,0.013,,0.089,0.14
class_size,2015,01620505,Lunenburg High,School,"Transportation, Distribution and Logistics",0,0.0,0,0.0,0.0,0.0,0.0,0.0,0.0,0.0,0.0,0.0,0.0,,0.0,0.0
class_size,2015,01620505,Lunenburg High,School,CH74 - Agriculture and Natural Resources,0,0.0,0,0.0,0.0,0.0,0.0,0.0,0.0,0.0,0.0,0.0,0.0,,0.0,0.0
class_size,2015,01620505,Lunenburg High,School,CH74 - Arts and Communications Services,0,0.0,0,0.0,0.0,0.0,0.0,0.0,0.0,0.0,0.0,0.0,0.0,,0.0,0.0
class_size,2015,01620505,Lunenburg High,School,CH74 - Business and Consumer Services,0,0.0,0,0.0,0.0,0.0,0.0,0.0,0.0,0.0,0.0,0.0,0.0,,0.0,0.0
class_size,2015,01620505,Lunenburg High,School,CH74 - Construction,0,0.0,0,0.0,0.0,0.0,0.0,0.0,0.0,0.0,0.0,0.0,0.0,,0.0,0.0
class_size,2015,01620505,Lunenburg High,School,CH74 - Exploratory,0,0.0,0,0.0,0.0,0.0,0.0,0.0,0.0,0.0,0.0,0.0,0.0,,0.0,0.0
class_size,2015,01620505,Lunenburg High,School,CH74 - Health,0,0.0,0,0.0,0.0,0.0,0.0,0.0,0.0,0.0,0.0,0.0,0.0,,0.0,0.0
class_size,2015,01620505,Lunenburg High,School,CH74 - Hospitality and Tourism,0,0.0,0,0.0,0.0,0.0,0.0,0.0,0.0,0.0,0.0,0.0,0.0,,0.0,0.0
class_size,2015,01620505,Lunenburg High,School,CH74 - Human Services and Education,0,0.0,0,0.0,0.0,0.0,0.0,0.0,0.0,0.0,0.0,0.0,0.0,,0.0,0.0
class_size,2015,01620505,Lunenburg High,School,CH74 - Information Technology Services,0,0.0,0,0.0,0.0,0.0,0.0,0.0,0.0,0.0,0.0,0.0,0.0,,0.0,0.0
class_size,2015,01620505,Lunenburg High,School,CH74 - Transportation,0,0.0,0,0.0,0.0,0.0,0.0,0.0,0.0,0.0,0.0,0.0,0.0,,0.0,0.0
class_size,2015,01620505,Lunenburg High,School,"CH74 - Manufacturing, Engineering and Technology",0,0.0,0,0.0,0.0,0.0,0.0,0.0,0.0,0.0,0.0,0.0,0.0,,0.0,0.0
class_size,2015,01620505,Lunenburg High,School,Architecture and Construction,0,0.0,0,0.0,0.0,0.0,0.0,0.0,0.0,0.0,0.0,0.0,0.0,,0.0,0.0
class_size,2015,01620010,Lunenburg Primary School,School,All,215,24.1,537,0.006,0.004,0.006,0.06,0.03,0.002,0.894,0.471,0.529,0.017,,0.182,0.218
class_size,2015,01620010,Lunenburg Primary School,School,"Agriculture, Food and Natural Resources",0,0.0,0,0.0,0.0,0.0,0.0,0.0,0.0,0.0,0.0,0.0,0.0,,0.0,0.0
class_size,2015,01620010,Lunenburg Primary School,School,Arts,40,24.3,487,0.004,0.004,0.004,0.057,0.033,0.002,0.895,0.491,0.509,0.016,,0.175,0.189
class_size,2015,01620010,Lunenburg Primary School,School,Business and Marketing,0,0.0,0,0.0,0.0,0.0,0.0,0.0,0.0,0.0,0.0,0.0,0.0,,0.0,0.0
class_size,2015,01620010,Lunenburg Primary School,School,Civics/Government,0,0.0,0,0.0,0.0,0.0,0.0,0.0,0.0,0.0,0.0,0.0,0.0,,0.0,0.0
class_size,2015,01620010,Lunenburg Primary School,School,Communications and Audio/Visual Technology,15,23.9,359,0.003,0.006,0.003,0.056,0.042,0.003,0.889,0.496,0.504,0.017,,0.187,0.192
class_size,2015,01620010,Lunenburg Primary School,School,Computer and Information Sciences,0,0.0,0,0.0,0.0,0.0,0.0,0.0,0.0,0.0,0.0,0.0,0.0,,0.0,0.0
class_size,2015,01620010,Lunenburg Primary School,School,Core-All Subjects,24,23.3,178,0.011,0.0,0.011,0.067,0.006,0.0,0.904,0.421,0.579,0.017,,0.174,0.27
class_size,2015,01620010,Lunenburg Primary School,School,Economics,0,0.0,0,0.0,0.0,0.0,0.0,0.0,0.0,0.0,0.0,0.0,0.0,,0.0,0.0
class_size,2015,01620010,Lunenburg Primary School,School,Engineering and Technology,0,0.0,0,0.0,0.0,0.0,0.0,0.0,0.0,0.0,0.0,0.0,0.0,,0.0,0.0
class_size,2015,01620010,Lunenburg Primary School,School,English/Language Arts,20,24.3,485,0.004,0.004,0.004,0.058,0.033,0.002,0.895,0.491,0.509,0.016,,0.173,0.19
class_size,2015,01620010,Lunenburg Primary School,School,Foreign Language,0,0.0,0,0.0,0.0,0.0,0.0,0.0,0.0,0.0,0.0,0.0,0.0,,0.0,0.0
class_size,2015,01620010,Lunenburg Primary School,School,Geography,0,0.0,0,0.0,0.0,0.0,0.0,0.0,0.0,0.0,0.0,0.0,0.0,,0.0,0.0
class_size,2015,01620010,Lunenburg Primary School,School,Health Care Sciences,0,0.0,0,0.0,0.0,0.0,0.0,0.0,0.0,0.0,0.0,0.0,0.0,,0.0,0.0
class_size,2015,01620010,Lunenburg Primary School,School,History,0,0.0,0,0.0,0.0,0.0,0.0,0.0,0.0,0.0,0.0,0.0,0.0,,0.0,0.0
class_size,2015,01620010,Lunenburg Primary School,School,Hospitality and Tourism,0,0.0,0,0.0,0.0,0.0,0.0,0.0,0.0,0.0,0.0,0.0,0.0,,0.0,0.0
class_size,2015,01620010,Lunenburg Primary School,School,Human Services,0,0.0,0,0.0,0.0,0.0,0.0,0.0,0.0,0.0,0.0,0.0,0.0,,0.0,0.0
class_size,2015,01620010,Lunenburg Primary School,School,Manufacturing,0,0.0,0,0.0,0.0,0.0,0.0,0.0,0.0,0.0,0.0,0.0,0.0,,0.0,0.0
class_size,2015,01620010,Lunenburg Primary School,School,Mathematics,20,24.4,487,0.004,0.004,0.004,0.057,0.033,0.002,0.895,0.491,0.509,0.016,,0.175,0.189
class_size,2015,01620010,Lunenburg Primary School,School,Military Science,0,0.0,0,0.0,0.0,0.0,0.0,0.0,0.0,0.0,0.0,0.0,0.0,,0.0,0.0
class_size,2015,01620010,Lunenburg Primary School,School,Miscellaneous,1,5.0,5,0.0,0.0,0.0,0.4,0.0,0.0,0.6,0.4,0.6,0.0,,0.4,1.0
class_size,2015,01620010,Lunenburg Primary School,School,"Physical, Health, and Safety Education",35,24.2,487,0.004,0.004,0.004,0.057,0.033,0.002,0.895,0.491,0.509,0.016,,0.175,0.189
class_size,2015,01620010,Lunenburg Primary School,School,"Public, Protective, and Government Service",0,0.0,0,0.0,0.0,0.0,0.0,0.0,0.0,0.0,0.0,0.0,0.0,,0.0,0.0
class_size,2015,01620010,Lunenburg Primary School,School,Reading,20,24.4,487,0.004,0.004,0.004,0.057,0.033,0.002,0.895,0.491,0.509,0.016,,0.175,0.189
class_size,2015,01620010,Lunenburg Primary School,School,Religious Education and Theology,0,0.0,0,0.0,0.0,0.0,0.0,0.0,0.0,0.0,0.0,0.0,0.0,,0.0,0.0
class_size,2015,01620010,Lunenburg Primary School,School,Science,20,24.4,487,0.004,0.004,0.004,0.057,0.033,0.002,0.895,0.491,0.509,0.016,,0.175,0.189
class_size,2015,01620010,Lunenburg Primary School,School,Social Studies/Social Sciences,20,24.4,487,0.004,0.004,0.004,0.057,0.033,0.002,0.895,0.491,0.509,0.016,,0.175,0.189
class_size,2015,01620010,Lunenburg Primary School,School,"Transportation, Distribution and Logistics",0,0.0,0,0.0,0.0,0.0,0.0,0.0,0.0,0.0,0.0,0.0,0.0,,0.0,0.0
class_size,2015,01620010,Lunenburg Primary School,School,CH74 - Agriculture and Natural Resources,0,0.0,0,0.0,0.0,0.0,0.0,0.0,0.0,0.0,0.0,0.0,0.0,,0.0,0.0
class_size,2015,01620010,Lunenburg Primary School,School,CH74 - Arts and Communications Services,0,0.0,0,0.0,0.0,0.0,0.0,0.0,0.0,0.0,0.0,0.0,0.0,,0.0,0.0
class_size,2015,01620010,Lunenburg Primary School,School,CH74 - Business and Consumer Services,0,0.0,0,0.0,0.0,0.0,0.0,0.0,0.0,0.0,0.0,0.0,0.0,,0.0,0.0
class_size,2015,01620010,Lunenburg Primary School,School,CH74 - Construction,0,0.0,0,0.0,0.0,0.0,0.0,0.0,0.0,0.0,0.0,0.0,0.0,,0.0,0.0
class_size,2015,01620010,Lunenburg Primary School,School,CH74 - Exploratory,0,0.0,0,0.0,0.0,0.0,0.0,0.0,0.0,0.0,0.0,0.0,0.0,,0.0,0.0
class_size,2015,01620010,Lunenburg Primary School,School,CH74 - Health,0,0.0,0,0.0,0.0,0.0,0.0,0.0,0.0,0.0,0.0,0.0,0.0,,0.0,0.0
class_size,2015,01620010,Lunenburg Primary School,School,CH74 - Hospitality and Tourism,0,0.0,0,0.0,0.0,0.0,0.0,0.0,0.0,0.0,0.0,0.0,0.0,,0.0,0.0
class_size,2015,01620010,Lunenburg Primary School,School,CH74 - Human Services and Education,0,0.0,0,0.0,0.0,0.0,0.0,0.0,0.0,0.0,0.0,0.0,0.0,,0.0,0.0
class_size,2015,01620010,Lunenburg Primary School,School,CH74 - Information Technology Services,0,0.0,0,0.0,0.0,0.0,0.0,0.0,0.0,0.0,0.0,0.0,0.0,,0.0,0.0
class_size,2015,01620010,Lunenburg Primary School,School,CH74 - Transportation,0,0.0,0,0.0,0.0,0.0,0.0,0.0,0.0,0.0,0.0,0.0,0.0,,0.0,0.0
class_size,2015,01620010,Lunenburg Primary School,School,"CH74 - Manufacturing, Engineering and Technology",0,0.0,0,0.0,0.0,0.0,0.0,0.0,0.0,0.0,0.0,0.0,0.0,,0.0,0.0
class_size,2015,01620010,Lunenburg Primary School,School,Architecture and Construction,0,0.0,0,0.0,0.0,0.0,0.0,0.0,0.0,0.0,0.0,0.0,0.0,,0.0,0.0
class_size,2015,01620020,Turkey Hill Middle,School,All,195,20.3,482,0.004,0.008,0.017,0.064,0.008,0.006,0.892,0.434,0.566,0.01,,0.158,0.187
class_size,2015,01620020,Turkey Hill Middle,School,"Agriculture, Food and Natural Resources",0,0.0,0,0.0,0.0,0.0,0.0,0.0,0.0,0.0,0.0,0.0,0.0,,0.0,0.0
class_size,2015,01620020,Turkey Hill Middle,School,Arts,40,24.0,481,0.004,0.008,0.017,0.064,0.008,0.006,0.892,0.432,0.568,0.01,,0.158,0.187
class_size,2015,01620020,Turkey Hill Middle,School,Business and Marketing,0,0.0,0,0.0,0.0,0.0,0.0,0.0,0.0,0.0,0.0,0.0,0.0,,0.0,0.0
class_size,2015,01620020,Turkey Hill Middle,School,Civics/Government,0,0.0,0,0.0,0.0,0.0,0.0,0.0,0.0,0.0,0.0,0.0,0.0,,0.0,0.0
class_size,2015,01620020,Turkey Hill Middle,School,Communications and Audio/Visual Technology,0,0.0,0,0.0,0.0,0.0,0.0,0.0,0.0,0.0,0.0,0.0,0.0,,0.0,0.0
class_size,2015,01620020,Turkey Hill Middle,School,Computer and Information Sciences,0,0.0,0,0.0,0.0,0.0,0.0,0.0,0.0,0.0,0.0,0.0,0.0,,0.0,0.0
class_size,2015,01620020,Turkey Hill Middle,School,Core-All Subjects,20,24.1,481,0.004,0.008,0.017,0.064,0.008,0.006,0.892,0.432,0.568,0.01,,0.158,0.187
class_size,2015,01620020,Turkey Hill Middle,School,Economics,0,0.0,0,0.0,0.0,0.0,0.0,0.0,0.0,0.0,0.0,0.0,0.0,,0.0,0.0
class_size,2015,01620020,Turkey Hill Middle,School,Engineering and Technology,0,0.0,0,0.0,0.0,0.0,0.0,0.0,0.0,0.0,0.0,0.0,0.0,,0.0,0.0
class_size,2015,01620020,Turkey Hill Middle,School,English/Language Arts,24,20.1,482,0.004,0.008,0.017,0.064,0.008,0.006,0.892,0.434,0.566,0.01,,0.158,0.187
class_size,2015,01620020,Turkey Hill Middle,School,Foreign Language,0,0.0,0,0.0,0.0,0.0,0.0,0.0,0.0,0.0,0.0,0.0,0.0,,0.0,0.0
class_size,2015,01620020,Turkey Hill Middle,School,Geography,0,0.0,0,0.0,0.0,0.0,0.0,0.0,0.0,0.0,0.0,0.0,0.0,,0.0,0.0
class_size,2015,01620020,Turkey Hill Middle,School,Health Care Sciences,0,0.0,0,0.0,0.0,0.0,0.0,0.0,0.0,0.0,0.0,0.0,0.0,,0.0,0.0
class_size,2015,01620020,Turkey Hill Middle,School,History,0,0.0,0,0.0,0.0,0.0,0.0,0.0,0.0,0.0,0.0,0.0,0.0,,0.0,0.0
class_size,2015,01620020,Turkey Hill Middle,School,Hospitality and Tourism,0,0.0,0,0.0,0.0,0.0,0.0,0.0,0.0,0.0,0.0,0.0,0.0,,0.0,0.0
class_size,2015,01620020,Turkey Hill Middle,School,Human Services,0,0.0,0,0.0,0.0,0.0,0.0,0.0,0.0,0.0,0.0,0.0,0.0,,0.0,0.0
class_size,2015,01620020,Turkey Hill Middle,School,Manufacturing,0,0.0,0,0.0,0.0,0.0,0.0,0.0,0.0,0.0,0.0,0.0,0.0,,0.0,0.0
class_size,2015,01620020,Turkey Hill Middle,School,Mathematics,24,20.1,481,0.004,0.008,0.017,0.064,0.008,0.006,0.892,0.435,0.565,0.01,,0.156,0.185
class_size,2015,01620020,Turkey Hill Middle,School,Military Science,0,0.0,0,0.0,0.0,0.0,0.0,0.0,0.0,0.0,0.0,0.0,0.0,,0.0,0.0
class_size,2015,01620020,Turkey Hill Middle,School,Miscellaneous,0,0.0,0,0.0,0.0,0.0,0.0,0.0,0.0,0.0,0.0,0.0,0.0,,0.0,0.0
class_size,2015,01620020,Turkey Hill Middle,School,"Physical, Health, and Safety Education",40,12.1,481,0.004,0.008,0.017,0.064,0.008,0.006,0.892,0.432,0.568,0.01,,0.158,0.187
class_size,2015,01620020,Turkey Hill Middle,School,"Public, Protective, and Government Service",0,0.0,0,0.0,0.0,0.0,0.0,0.0,0.0,0.0,0.0,0.0,0.0,,0.0,0.0
class_size,2015,01620020,Turkey Hill Middle,School,Reading,5,22.8,114,0.0,0.0,0.018,0.114,0.018,0.0,0.851,0.404,0.596,0.035,,0.193,0.219
class_size,2015,01620020,Turkey Hill Middle,School,Religious Education and Theology,0,0.0,0,0.0,0.0,0.0,0.0,0.0,0.0,0.0,0.0,0.0,0.0,,0.0,0.0
class_size,2015,01620020,Turkey Hill Middle,School,Science,21,22.9,480,0.004,0.008,0.017,0.065,0.008,0.006,0.892,0.431,0.569,0.01,,0.158,0.185
class_size,2015,01620020,Turkey Hill Middle,School,Social Studies/Social Sciences,21,22.9,480,0.004,0.008,0.017,0.065,0.008,0.006,0.892,0.431,0.569,0.01,,0.158,0.185
class_size,2015,01620020,Turkey Hill Middle,School,"Transportation, Distribution and Logistics",0,0.0,0,0.0,0.0,0.0,0.0,0.0,0.0,0.0,0.0,0.0,0.0,,0.0,0.0
class_size,2015,01620020,Turkey Hill Middle,School,CH74 - Agriculture and Natural Resources,0,0.0,0,0.0,0.0,0.0,0.0,0.0,0.0,0.0,0.0,0.0,0.0,,0.0,0.0
class_size,2015,01620020,Turkey Hill Middle,School,CH74 - Arts and Communications Services,0,0.0,0,0.0,0.0,0.0,0.0,0.0,0.0,0.0,0.0,0.0,0.0,,0.0,0.0
class_size,2015,01620020,Turkey Hill Middle,School,CH74 - Business and Consumer Services,0,0.0,0,0.0,0.0,0.0,0.0,0.0,0.0,0.0,0.0,0.0,0.0,,0.0,0.0
class_size,2015,01620020,Turkey Hill Middle,School,CH74 - Construction,0,0.0,0,0.0,0.0,0.0,0.0,0.0,0.0,0.0,0.0,0.0,0.0,,0.0,0.0
class_size,2015,01620020,Turkey Hill Middle,School,CH74 - Exploratory,0,0.0,0,0.0,0.0,0.0,0.0,0.0,0.0,0.0,0.0,0.0,0.0,,0.0,0.0
class_size,2015,01620020,Turkey Hill Middle,School,CH74 - Health,0,0.0,0,0.0,0.0,0.0,0.0,0.0,0.0,0.0,0.0,0.0,0.0,,0.0,0.0
class_size,2015,01620020,Turkey Hill Middle,School,CH74 - Hospitality and Tourism,0,0.0,0,0.0,0.0,0.0,0.0,0.0,0.0,0.0,0.0,0.0,0.0,,0.0,0.0
class_size,2015,01620020,Turkey Hill Middle,School,CH74 - Human Services and Education,0,0.0,0,0.0,0.0,0.0,0.0,0.0,0.0,0.0,0.0,0.0,0.0,,0.0,0.0
class_size,2015,01620020,Turkey Hill Middle,School,CH74 - Information Technology Services,0,0.0,0,0.0,0.0,0.0,0.0,0.0,0.0,0.0,0.0,0.0,0.0,,0.0,0.0
class_size,2015,01620020,Turkey Hill Middle,School,CH74 - Transportation,0,0.0,0,0.0,0.0,0.0,0.0,0.0,0.0,0.0,0.0,0.0,0.0,,0.0,0.0
class_size,2015,01620020,Turkey Hill Middle,School,"CH74 - Manufacturing, Engineering and Technology",0,0.0,0,0.0,0.0,0.0,0.0,0.0,0.0,0.0,0.0,0.0,0.0,,0.0,0.0
class_size,2015,01620020,Turkey Hill Middle,School,Architecture and Construction,0,0.0,0,0.0,0.0,0.0,0.0,0.0,0.0,0.0,0.0,0.0,0.0,,0.0,0.0
class_size,2014,01620000,Lunenburg,District,All,709,19.2,1571,0.006,0.012,0.02,0.048,0.013,0.004,0.896,0.475,0.525,0.013,17.9,,0.177
class_size,2014,01620000,Lunenburg,District,"Agriculture, Food and Natural Resources",2,22.0,28,0.0,0.0,0.0,0.071,0.0,0.0,0.929,0.571,0.429,0.036,35.7,,0.25
class_size,2014,01620000,Lunenburg,District,Arts,108,22.6,1362,0.007,0.013,0.018,0.05,0.015,0.004,0.894,0.488,0.512,0.014,18.1,,0.162
class_size,2014,01620000,Lunenburg,District,Business and Marketing,0,0.0,0,0.0,0.0,0.0,0.0,0.0,0.0,0.0,0.0,0.0,0.0,0.0,,0.0
class_size,2014,01620000,Lunenburg,District,Civics/Government,1,21.0,21,0.0,0.0,0.0,0.0,0.0,0.0,1.0,0.333,0.667,0.0,4.8,,0.0
class_size,2014,01620000,Lunenburg,District,Communications and Audio/Visual Technology,16,23.4,375,0.008,0.003,0.008,0.067,0.032,0.0,0.883,0.504,0.496,0.029,17.6,,0.184
class_size,2014,01620000,Lunenburg,District,Computer and Information Sciences,8,16.8,134,0.0,0.022,0.007,0.03,0.0,0.007,0.933,0.5,0.5,0.015,16.4,,0.142
class_size,2014,01620000,Lunenburg,District,Core-All Subjects,45,21.3,632,0.008,0.014,0.021,0.052,0.006,0.008,0.891,0.434,0.566,0.009,17.7,,0.21
class_size,2014,01620000,Lunenburg,District,Economics,2,10.5,21,0.0,0.048,0.0,0.0,0.0,0.0,0.952,0.333,0.667,0.0,9.5,,0.048
class_size,2014,01620000,Lunenburg,District,Engineering and Technology,6,12.7,63,0.0,0.0,0.0,0.0,0.016,0.016,0.968,0.095,0.905,0.0,6.3,,0.079
class_size,2014,01620000,Lunenburg,District,English/Language Arts,83,19.5,1506,0.007,0.013,0.019,0.047,0.013,0.004,0.898,0.48,0.52,0.013,17.5,,0.158
class_size,2014,01620000,Lunenburg,District,Foreign Language,43,11.0,455,0.002,0.013,0.031,0.035,0.007,0.004,0.908,0.53,0.47,0.002,16.0,,0.09
class_size,2014,01620000,Lunenburg,District,Geography,0,0.0,0,0.0,0.0,0.0,0.0,0.0,0.0,0.0,0.0,0.0,0.0,0.0,,0.0
class_size,2014,01620000,Lunenburg,District,Health Care Sciences,1,8.0,8,0.0,0.0,0.0,0.0,0.0,0.0,1.0,0.625,0.375,0.0,12.5,,0.25
class_size,2014,01620000,Lunenburg,District,History,18,19.4,342,0.006,0.018,0.035,0.026,0.009,0.003,0.904,0.5,0.5,0.0,16.4,,0.111
class_size,2014,01620000,Lunenburg,District,Hospitality and Tourism,0,0.0,0,0.0,0.0,0.0,0.0,0.0,0.0,0.0,0.0,0.0,0.0,0.0,,0.0
class_size,2014,01620000,Lunenburg,District,Human Services,0,0.0,0,0.0,0.0,0.0,0.0,0.0,0.0,0.0,0.0,0.0,0.0,0.0,,0.0
class_size,2014,01620000,Lunenburg,District,Manufacturing,0,0.0,0,0.0,0.0,0.0,0.0,0.0,0.0,0.0,0.0,0.0,0.0,0.0,,0.0
class_size,2014,01620000,Lunenburg,District,Mathematics,75,20.1,1496,0.007,0.013,0.018,0.047,0.013,0.004,0.898,0.479,0.521,0.013,17.3,,0.16
class_size,2014,01620000,Lunenburg,District,Military Science,0,0.0,0,0.0,0.0,0.0,0.0,0.0,0.0,0.0,0.0,0.0,0.0,0.0,,0.0
class_size,2014,01620000,Lunenburg,District,Miscellaneous,31,5.7,115,0.009,0.0,0.017,0.043,0.0,0.0,0.93,0.522,0.478,0.017,23.5,,0.452
class_size,2014,01620000,Lunenburg,District,"Physical, Health, and Safety Education",114,18.4,1394,0.007,0.014,0.018,0.052,0.014,0.004,0.891,0.473,0.527,0.014,18.2,,0.163
class_size,2014,01620000,Lunenburg,District,"Public, Protective, and Government Service",0,0.0,0,0.0,0.0,0.0,0.0,0.0,0.0,0.0,0.0,0.0,0.0,0.0,,0.0
class_size,2014,01620000,Lunenburg,District,Reading,26,22.9,596,0.007,0.005,0.015,0.079,0.025,0.005,0.864,0.47,0.53,0.027,18.5,,0.185
class_size,2014,01620000,Lunenburg,District,Religious Education and Theology,0,0.0,0,0.0,0.0,0.0,0.0,0.0,0.0,0.0,0.0,0.0,0.0,0.0,,0.0
class_size,2014,01620000,Lunenburg,District,Science,77,20.2,1488,0.006,0.013,0.019,0.048,0.013,0.004,0.897,0.48,0.52,0.013,17.2,,0.158
class_size,2014,01620000,Lunenburg,District,Social Studies/Social Sciences,53,21.6,1142,0.007,0.011,0.016,0.053,0.014,0.004,0.894,0.465,0.535,0.016,18.3,,0.173
class_size,2014,01620000,Lunenburg,District,"Transportation, Distribution and Logistics",0,0.0,0,0.0,0.0,0.0,0.0,0.0,0.0,0.0,0.0,0.0,0.0,0.0,,0.0
class_size,2014,01620000,Lunenburg,District,CH74 - Agriculture and Natural Resources,0,0.0,0,0.0,0.0,0.0,0.0,0.0,0.0,0.0,0.0,0.0,0.0,0.0,,0.0
class_size,2014,01620000,Lunenburg,District,CH74 - Arts and Communications Services,0,0.0,0,0.0,0.0,0.0,0.0,0.0,0.0,0.0,0.0,0.0,0.0,0.0,,0.0
class_size,2014,01620000,Lunenburg,District,CH74 - Business and Consumer Services,0,0.0,0,0.0,0.0,0.0,0.0,0.0,0.0,0.0,0.0,0.0,0.0,0.0,,0.0
class_size,2014,01620000,Lunenburg,District,CH74 - Construction,0,0.0,0,0.0,0.0,0.0,0.0,0.0,0.0,0.0,0.0,0.0,0.0,0.0,,0.0
class_size,2014,01620000,Lunenburg,District,CH74 - Exploratory,0,0.0,0,0.0,0.0,0.0,0.0,0.0,0.0,0.0,0.0,0.0,0.0,0.0,,0.0
class_size,2014,01620000,Lunenburg,District,CH74 - Health,0,0.0,0,0.0,0.0,0.0,0.0,0.0,0.0,0.0,0.0,0.0,0.0,0.0,,0.0
class_size,2014,01620000,Lunenburg,District,CH74 - Hospitality and Tourism,0,0.0,0,0.0,0.0,0.0,0.0,0.0,0.0,0.0,0.0,0.0,0.0,0.0,,0.0
class_size,2014,01620000,Lunenburg,District,CH74 - Human Services and Education,0,0.0,0,0.0,0.0,0.0,0.0,0.0,0.0,0.0,0.0,0.0,0.0,0.0,,0.0
class_size,2014,01620000,Lunenburg,District,CH74 - Information Technology Services,0,0.0,0,0.0,0.0,0.0,0.0,0.0,0.0,0.0,0.0,0.0,0.0,0.0,,0.0
class_size,2014,01620000,Lunenburg,District,CH74 - Transportation,0,0.0,0,0.0,0.0,0.0,0.0,0.0,0.0,0.0,0.0,0.0,0.0,0.0,,0.0
class_size,2014,01620000,Lunenburg,District,"CH74 - Manufacturing, Engineering and Technology",0,0.0,0,0.0,0.0,0.0,0.0,0.0,0.0,0.0,0.0,0.0,0.0,0.0,,0.0
class_size,2014,01620000,Lunenburg,District,Architecture and Construction,0,0.0,0,0.0,0.0,0.0,0.0,0.0,0.0,0.0,0.0,0.0,0.0,0.0,,0.0
class_size,2014,01620505,Lunenburg High,School,All,298,15.8,577,0.003,0.016,0.028,0.031,0.007,0.003,0.912,0.511,0.489,0.007,17.7,,0.13
class_size,2014,01620505,Lunenburg High,School,"Agriculture, Food and Natural Resources",2,22.0,28,0.0,0.0,0.0,0.071,0.0,0.0,0.929,0.571,0.429,0.036,35.7,,0.25
class_size,2014,01620505,Lunenburg High,School,Arts,28,19.8,414,0.005,0.019,0.024,0.031,0.01,0.002,0.908,0.548,0.452,0.007,18.4,,0.111
class_size,2014,01620505,Lunenburg High,School,Business and Marketing,0,0.0,0,0.0,0.0,0.0,0.0,0.0,0.0,0.0,0.0,0.0,0.0,0.0,,0.0
class_size,2014,01620505,Lunenburg High,School,Civics/Government,1,21.0,21,0.0,0.0,0.0,0.0,0.0,0.0,1.0,0.333,0.667,0.0,4.8,,0.0
class_size,2014,01620505,Lunenburg High,School,Communications and Audio/Visual Technology,1,14.0,14,0.0,0.0,0.071,0.0,0.0,0.0,0.929,0.786,0.214,0.0,0.0,,0.0
class_size,2014,01620505,Lunenburg High,School,Computer and Information Sciences,8,16.8,134,0.0,0.022,0.007,0.03,0.0,0.007,0.933,0.5,0.5,0.015,16.4,,0.142
class_size,2014,01620505,Lunenburg High,School,Core-All Subjects,0,0.0,0,0.0,0.0,0.0,0.0,0.0,0.0,0.0,0.0,0.0,0.0,0.0,,0.0
class_size,2014,01620505,Lunenburg High,School,Economics,2,10.5,21,0.0,0.048,0.0,0.0,0.0,0.0,0.952,0.333,0.667,0.0,9.5,,0.048
class_size,2014,01620505,Lunenburg High,School,Engineering and Technology,6,12.7,63,0.0,0.0,0.0,0.0,0.016,0.016,0.968,0.095,0.905,0.0,6.3,,0.079
class_size,2014,01620505,Lunenburg High,School,English/Language Arts,40,16.8,560,0.004,0.016,0.027,0.029,0.005,0.004,0.916,0.513,0.488,0.005,16.6,,0.114
class_size,2014,01620505,Lunenburg High,School,Foreign Language,43,11.0,455,0.002,0.013,0.031,0.035,0.007,0.004,0.908,0.53,0.47,0.002,16.0,,0.09
class_size,2014,01620505,Lunenburg High,School,Geography,0,0.0,0,0.0,0.0,0.0,0.0,0.0,0.0,0.0,0.0,0.0,0.0,0.0,,0.0
class_size,2014,01620505,Lunenburg High,School,Health Care Sciences,1,8.0,8,0.0,0.0,0.0,0.0,0.0,0.0,1.0,0.625,0.375,0.0,12.5,,0.25
class_size,2014,01620505,Lunenburg High,School,History,18,19.4,342,0.006,0.018,0.035,0.026,0.009,0.003,0.904,0.5,0.5,0.0,16.4,,0.111
class_size,2014,01620505,Lunenburg High,School,Hospitality and Tourism,0,0.0,0,0.0,0.0,0.0,0.0,0.0,0.0,0.0,0.0,0.0,0.0,0.0,,0.0
class_size,2014,01620505,Lunenburg High,School,Human Services,0,0.0,0,0.0,0.0,0.0,0.0,0.0,0.0,0.0,0.0,0.0,0.0,0.0,,0.0
class_size,2014,01620505,Lunenburg High,School,Manufacturing,0,0.0,0,0.0,0.0,0.0,0.0,0.0,0.0,0.0,0.0,0.0,0.0,0.0,,0.0
class_size,2014,01620505,Lunenburg High,School,Mathematics,32,17.7,551,0.004,0.016,0.024,0.029,0.005,0.004,0.918,0.508,0.492,0.005,16.3,,0.122
class_size,2014,01620505,Lunenburg High,School,Military Science,0,0.0,0,0.0,0.0,0.0,0.0,0.0,0.0,0.0,0.0,0.0,0.0,0.0,,0.0
class_size,2014,01620505,Lunenburg High,School,Miscellaneous,31,5.7,115,0.009,0.0,0.017,0.043,0.0,0.0,0.93,0.522,0.478,0.017,23.5,,0.452
class_size,2014,01620505,Lunenburg High,School,"Physical, Health, and Safety Education",39,20.1,450,0.004,0.02,0.024,0.038,0.009,0.004,0.9,0.5,0.5,0.009,19.1,,0.124
class_size,2014,01620505,Lunenburg High,School,"Public, Protective, and Government Service",0,0.0,0,0.0,0.0,0.0,0.0,0.0,0.0,0.0,0.0,0.0,0.0,0.0,,0.0
class_size,2014,01620505,Lunenburg High,School,Reading,1,2.0,2,0.0,0.0,0.0,0.5,0.0,0.0,0.5,0.0,1.0,0.5,50.0,,1.0
class_size,2014,01620505,Lunenburg High,School,Religious Education and Theology,0,0.0,0,0.0,0.0,0.0,0.0,0.0,0.0,0.0,0.0,0.0,0.0,0.0,,0.0
class_size,2014,01620505,Lunenburg High,School,Science,35,17.5,541,0.004,0.017,0.026,0.03,0.007,0.004,0.913,0.512,0.488,0.006,15.9,,0.113
class_size,2014,01620505,Lunenburg High,School,Social Studies/Social Sciences,10,19.5,195,0.0,0.015,0.021,0.031,0.0,0.005,0.928,0.482,0.518,0.01,20.5,,0.123
class_size,2014,01620505,Lunenburg High,School,"Transportation, Distribution and Logistics",0,0.0,0,0.0,0.0,0.0,0.0,0.0,0.0,0.0,0.0,0.0,0.0,0.0,,0.0
class_size,2014,01620505,Lunenburg High,School,CH74 - Agriculture and Natural Resources,0,0.0,0,0.0,0.0,0.0,0.0,0.0,0.0,0.0,0.0,0.0,0.0,0.0,,0.0
class_size,2014,01620505,Lunenburg High,School,CH74 - Arts and Communications Services,0,0.0,0,0.0,0.0,0.0,0.0,0.0,0.0,0.0,0.0,0.0,0.0,0.0,,0.0
class_size,2014,01620505,Lunenburg High,School,CH74 - Business and Consumer Services,0,0.0,0,0.0,0.0,0.0,0.0,0.0,0.0,0.0,0.0,0.0,0.0,0.0,,0.0
class_size,2014,01620505,Lunenburg High,School,CH74 - Construction,0,0.0,0,0.0,0.0,0.0,0.0,0.0,0.0,0.0,0.0,0.0,0.0,0.0,,0.0
class_size,2014,01620505,Lunenburg High,School,CH74 - Exploratory,0,0.0,0,0.0,0.0,0.0,0.0,0.0,0.0,0.0,0.0,0.0,0.0,0.0,,0.0
class_size,2014,01620505,Lunenburg High,School,CH74 - Health,0,0.0,0,0.0,0.0,0.0,0.0,0.0,0.0,0.0,0.0,0.0,0.0,0.0,,0.0
class_size,2014,01620505,Lunenburg High,School,CH74 - Hospitality and Tourism,0,0.0,0,0.0,0.0,0.0,0.0,0.0,0.0,0.0,0.0,0.0,0.0,0.0,,0.0
class_size,2014,01620505,Lunenburg High,School,CH74 - Human Services and Education,0,0.0,0,0.0,0.0,0.0,0.0,0.0,0.0,0.0,0.0,0.0,0.0,0.0,,0.0
class_size,2014,01620505,Lunenburg High,School,CH74 - Information Technology Services,0,0.0,0,0.0,0.0,0.0,0.0,0.0,0.0,0.0,0.0,0.0,0.0,0.0,,0.0
class_size,2014,01620505,Lunenburg High,School,CH74 - Transportation,0,0.0,0,0.0,0.0,0.0,0.0,0.0,0.0,0.0,0.0,0.0,0.0,0.0,,0.0
class_size,2014,01620505,Lunenburg High,School,"CH74 - Manufacturing, Engineering and Technology",0,0.0,0,0.0,0.0,0.0,0.0,0.0,0.0,0.0,0.0,0.0,0.0,0.0,,0.0
class_size,2014,01620505,Lunenburg High,School,Architecture and Construction,0,0.0,0,0.0,0.0,0.0,0.0,0.0,0.0,0.0,0.0,0.0,0.0,0.0,,0.0
class_size,2014,01620010,Lunenburg Primary School,School,All,214,23.1,514,0.006,0.002,0.014,0.072,0.027,0.004,0.875,0.455,0.545,0.031,19.3,,0.23
class_size,2014,01620010,Lunenburg Primary School,School,"Agriculture, Food and Natural Resources",0,0.0,0,0.0,0.0,0.0,0.0,0.0,0.0,0.0,0.0,0.0,0.0,0.0,,0.0
class_size,2014,01620010,Lunenburg Primary School,School,Arts,40,23.3,468,0.006,0.002,0.013,0.073,0.03,0.002,0.874,0.468,0.532,0.032,19.2,,0.192
class_size,2014,01620010,Lunenburg Primary School,School,Business and Marketing,0,0.0,0,0.0,0.0,0.0,0.0,0.0,0.0,0.0,0.0,0.0,0.0,0.0,,0.0
class_size,2014,01620010,Lunenburg Primary School,School,Civics/Government,0,0.0,0,0.0,0.0,0.0,0.0,0.0,0.0,0.0,0.0,0.0,0.0,0.0,,0.0
class_size,2014,01620010,Lunenburg Primary School,School,Communications and Audio/Visual Technology,15,24.1,361,0.008,0.003,0.006,0.069,0.033,0.0,0.881,0.493,0.507,0.03,18.3,,0.191
class_size,2014,01620010,Lunenburg Primary School,School,Computer and Information Sciences,0,0.0,0,0.0,0.0,0.0,0.0,0.0,0.0,0.0,0.0,0.0,0.0,0.0,,0.0
class_size,2014,01620010,Lunenburg Primary School,School,Core-All Subjects,24,19.9,153,0.0,0.0,0.033,0.078,0.013,0.013,0.863,0.366,0.634,0.033,21.6,,0.32
class_size,2014,01620010,Lunenburg Primary School,School,Economics,0,0.0,0,0.0,0.0,0.0,0.0,0.0,0.0,0.0,0.0,0.0,0.0,0.0,,0.0
class_size,2014,01620010,Lunenburg Primary School,School,Engineering and Technology,0,0.0,0,0.0,0.0,0.0,0.0,0.0,0.0,0.0,0.0,0.0,0.0,0.0,,0.0
class_size,2014,01620010,Lunenburg Primary School,School,English/Language Arts,20,23.4,467,0.006,0.002,0.013,0.073,0.03,0.002,0.874,0.469,0.531,0.032,19.3,,0.193
class_size,2014,01620010,Lunenburg Primary School,School,Foreign Language,0,0.0,0,0.0,0.0,0.0,0.0,0.0,0.0,0.0,0.0,0.0,0.0,0.0,,0.0
class_size,2014,01620010,Lunenburg Primary School,School,Geography,0,0.0,0,0.0,0.0,0.0,0.0,0.0,0.0,0.0,0.0,0.0,0.0,0.0,,0.0
class_size,2014,01620010,Lunenburg Primary School,School,Health Care Sciences,0,0.0,0,0.0,0.0,0.0,0.0,0.0,0.0,0.0,0.0,0.0,0.0,0.0,,0.0
class_size,2014,01620010,Lunenburg Primary School,School,History,0,0.0,0,0.0,0.0,0.0,0.0,0.0,0.0,0.0,0.0,0.0,0.0,0.0,,0.0
class_size,2014,01620010,Lunenburg Primary School,School,Hospitality and Tourism,0,0.0,0,0.0,0.0,0.0,0.0,0.0,0.0,0.0,0.0,0.0,0.0,0.0,,0.0
class_size,2014,01620010,Lunenburg Primary School,School,Human Services,0,0.0,0,0.0,0.0,0.0,0.0,0.0,0.0,0.0,0.0,0.0,0.0,0.0,,0.0
class_size,2014,01620010,Lunenburg Primary School,School,Manufacturing,0,0.0,0,0.0,0.0,0.0,0.0,0.0,0.0,0.0,0.0,0.0,0.0,0.0,,0.0
class_size,2014,01620010,Lunenburg Primary School,School,Mathematics,20,23.4,468,0.006,0.002,0.013,0.073,0.03,0.002,0.874,0.468,0.532,0.032,19.2,,0.192
class_size,2014,01620010,Lunenburg Primary School,School,Military Science,0,0.0,0,0.0,0.0,0.0,0.0,0.0,0.0,0.0,0.0,0.0,0.0,0.0,,0.0
class_size,2014,01620010,Lunenburg Primary School,School,Miscellaneous,0,0.0,0,0.0,0.0,0.0,0.0,0.0,0.0,0.0,0.0,0.0,0.0,0.0,,0.0
class_size,2014,01620010,Lunenburg Primary School,School,"Physical, Health, and Safety Education",35,23.7,468,0.006,0.002,0.013,0.073,0.03,0.002,0.874,0.468,0.532,0.032,19.2,,0.192
class_size,2014,01620010,Lunenburg Primary School,School,"Public, Protective, and Government Service",0,0.0,0,0.0,0.0,0.0,0.0,0.0,0.0,0.0,0.0,0.0,0.0,0.0,,0.0
class_size,2014,01620010,Lunenburg Primary School,School,Reading,20,23.4,468,0.006,0.002,0.013,0.073,0.03,0.002,0.874,0.468,0.532,0.032,19.2,,0.192
class_size,2014,01620010,Lunenburg Primary School,School,Religious Education and Theology,0,0.0,0,0.0,0.0,0.0,0.0,0.0,0.0,0.0,0.0,0.0,0.0,0.0,,0.0
class_size,2014,01620010,Lunenburg Primary School,School,Science,20,23.5,468,0.006,0.002,0.013,0.073,0.03,0.002,0.874,0.468,0.532,0.032,19.2,,0.192
class_size,2014,01620010,Lunenburg Primary School,School,Social Studies/Social Sciences,20,23.5,468,0.006,0.002,0.013,0.073,0.03,0.002,0.874,0.468,0.532,0.032,19.2,,0.192
class_size,2014,01620010,Lunenburg Primary School,School,"Transportation, Distribution and Logistics",0,0.0,0,0.0,0.0,0.0,0.0,0.0,0.0,0.0,0.0,0.0,0.0,0.0,,0.0
class_size,2014,01620010,Lunenburg Primary School,School,CH74 - Agriculture and Natural Resources,0,0.0,0,0.0,0.0,0.0,0.0,0.0,0.0,0.0,0.0,0.0,0.0,0.0,,0.0
class_size,2014,01620010,Lunenburg Primary School,School,CH74 - Arts and Communications Services,0,0.0,0,0.0,0.0,0.0,0.0,0.0,0.0,0.0,0.0,0.0,0.0,0.0,,0.0
class_size,2014,01620010,Lunenburg Primary School,School,CH74 - Business and Consumer Services,0,0.0,0,0.0,0.0,0.0,0.0,0.0,0.0,0.0,0.0,0.0,0.0,0.0,,0.0
class_size,2014,01620010,Lunenburg Primary School,School,CH74 - Construction,0,0.0,0,0.0,0.0,0.0,0.0,0.0,0.0,0.0,0.0,0.0,0.0,0.0,,0.0
class_size,2014,01620010,Lunenburg Primary School,School,CH74 - Exploratory,0,0.0,0,0.0,0.0,0.0,0.0,0.0,0.0,0.0,0.0,0.0,0.0,0.0,,0.0
class_size,2014,01620010,Lunenburg Primary School,School,CH74 - Health,0,0.0,0,0.0,0.0,0.0,0.0,0.0,0.0,0.0,0.0,0.0,0.0,0.0,,0.0
class_size,2014,01620010,Lunenburg Primary School,School,CH74 - Hospitality and Tourism,0,0.0,0,0.0,0.0,0.0,0.0,0.0,0.0,0.0,0.0,0.0,0.0,0.0,,0.0
class_size,2014,01620010,Lunenburg Primary School,School,CH74 - Human Services and Education,0,0.0,0,0.0,0.0,0.0,0.0,0.0,0.0,0.0,0.0,0.0,0.0,0.0,,0.0
class_size,2014,01620010,Lunenburg Primary School,School,CH74 - Information Technology Services,0,0.0,0,0.0,0.0,0.0,0.0,0.0,0.0,0.0,0.0,0.0,0.0,0.0,,0.0
class_size,2014,01620010,Lunenburg Primary School,School,CH74 - Transportation,0,0.0,0,0.0,0.0,0.0,0.0,0.0,0.0,0.0,0.0,0.0,0.0,0.0,,0.0
class_size,2014,01620010,Lunenburg Primary School,School,"CH74 - Manufacturing, Engineering and Technology",0,0.0,0,0.0,0.0,0.0,0.0,0.0,0.0,0.0,0.0,0.0,0.0,0.0,,0.0
class_size,2014,01620010,Lunenburg Primary School,School,Architecture and Construction,0,0.0,0,0.0,0.0,0.0,0.0,0.0,0.0,0.0,0.0,0.0,0.0,0.0,,0.0
class_size,2014,01620020,Turkey Hill Middle,School,All,197,20.1,480,0.01,0.019,0.017,0.044,0.004,0.006,0.9,0.454,0.546,0.002,16.7,,0.177
class_size,2014,01620020,Turkey Hill Middle,School,"Agriculture, Food and Natural Resources",0,0.0,0,0.0,0.0,0.0,0.0,0.0,0.0,0.0,0.0,0.0,0.0,0.0,,0.0
class_size,2014,01620020,Turkey Hill Middle,School,Arts,40,24.0,480,0.01,0.019,0.017,0.044,0.004,0.006,0.9,0.454,0.546,0.002,16.7,,0.177
class_size,2014,01620020,Turkey Hill Middle,School,Business and Marketing,0,0.0,0,0.0,0.0,0.0,0.0,0.0,0.0,0.0,0.0,0.0,0.0,0.0,,0.0
class_size,2014,01620020,Turkey Hill Middle,School,Civics/Government,0,0.0,0,0.0,0.0,0.0,0.0,0.0,0.0,0.0,0.0,0.0,0.0,0.0,,0.0
class_size,2014,01620020,Turkey Hill Middle,School,Communications and Audio/Visual Technology,0,0.0,0,0.0,0.0,0.0,0.0,0.0,0.0,0.0,0.0,0.0,0.0,0.0,,0.0
class_size,2014,01620020,Turkey Hill Middle,School,Computer and Information Sciences,0,0.0,0,0.0,0.0,0.0,0.0,0.0,0.0,0.0,0.0,0.0,0.0,0.0,,0.0
class_size,2014,01620020,Turkey Hill Middle,School,Core-All Subjects,21,22.9,479,0.01,0.019,0.017,0.044,0.004,0.006,0.9,0.455,0.545,0.002,16.5,,0.175
class_size,2014,01620020,Turkey Hill Middle,School,Economics,0,0.0,0,0.0,0.0,0.0,0.0,0.0,0.0,0.0,0.0,0.0,0.0,0.0,,0.0
class_size,2014,01620020,Turkey Hill Middle,School,Engineering and Technology,0,0.0,0,0.0,0.0,0.0,0.0,0.0,0.0,0.0,0.0,0.0,0.0,0.0,,0.0
class_size,2014,01620020,Turkey Hill Middle,School,English/Language Arts,23,20.8,479,0.01,0.019,0.017,0.044,0.004,0.006,0.9,0.453,0.547,0.002,16.7,,0.175
class_size,2014,01620020,Turkey Hill Middle,School,Foreign Language,0,0.0,0,0.0,0.0,0.0,0.0,0.0,0.0,0.0,0.0,0.0,0.0,0.0,,0.0
class_size,2014,01620020,Turkey Hill Middle,School,Geography,0,0.0,0,0.0,0.0,0.0,0.0,0.0,0.0,0.0,0.0,0.0,0.0,0.0,,0.0
class_size,2014,01620020,Turkey Hill Middle,School,Health Care Sciences,0,0.0,0,0.0,0.0,0.0,0.0,0.0,0.0,0.0,0.0,0.0,0.0,0.0,,0.0
class_size,2014,01620020,Turkey Hill Middle,School,History,0,0.0,0,0.0,0.0,0.0,0.0,0.0,0.0,0.0,0.0,0.0,0.0,0.0,,0.0
class_size,2014,01620020,Turkey Hill Middle,School,Hospitality and Tourism,0,0.0,0,0.0,0.0,0.0,0.0,0.0,0.0,0.0,0.0,0.0,0.0,0.0,,0.0
class_size,2014,01620020,Turkey Hill Middle,School,Human Services,0,0.0,0,0.0,0.0,0.0,0.0,0.0,0.0,0.0,0.0,0.0,0.0,0.0,,0.0
class_size,2014,01620020,Turkey Hill Middle,School,Manufacturing,0,0.0,0,0.0,0.0,0.0,0.0,0.0,0.0,0.0,0.0,0.0,0.0,0.0,,0.0
class_size,2014,01620020,Turkey Hill Middle,School,Mathematics,23,20.7,477,0.01,0.019,0.017,0.044,0.004,0.006,0.899,0.455,0.545,0.002,16.6,,0.172
class_size,2014,01620020,Turkey Hill Middle,School,Military Science,0,0.0,0,0.0,0.0,0.0,0.0,0.0,0.0,0.0,0.0,0.0,0.0,0.0,,0.0
class_size,2014,01620020,Turkey Hill Middle,School,Miscellaneous,0,0.0,0,0.0,0.0,0.0,0.0,0.0,0.0,0.0,0.0,0.0,0.0,0.0,,0.0
class_size,2014,01620020,Turkey Hill Middle,School,"Physical, Health, and Safety Education",40,12.0,476,0.011,0.019,0.017,0.044,0.004,0.006,0.899,0.454,0.546,0.002,16.4,,0.17
class_size,2014,01620020,Turkey Hill Middle,School,"Public, Protective, and Government Service",0,0.0,0,0.0,0.0,0.0,0.0,0.0,0.0,0.0,0.0,0.0,0.0,0.0,,0.0
class_size,2014,01620020,Turkey Hill Middle,School,Reading,5,25.2,126,0.008,0.016,0.024,0.095,0.008,0.016,0.833,0.484,0.516,0.0,15.1,,0.143
class_size,2014,01620020,Turkey Hill Middle,School,Religious Education and Theology,0,0.0,0,0.0,0.0,0.0,0.0,0.0,0.0,0.0,0.0,0.0,0.0,0.0,,0.0
class_size,2014,01620020,Turkey Hill Middle,School,Science,22,21.8,479,0.008,0.019,0.017,0.044,0.004,0.006,0.902,0.455,0.545,0.002,16.7,,0.175
class_size,2014,01620020,Turkey Hill Middle,School,Social Studies/Social Sciences,23,20.8,479,0.01,0.019,0.017,0.044,0.004,0.006,0.9,0.455,0.545,0.002,16.5,,0.175
class_size,2014,01620020,Turkey Hill Middle,School,"Transportation, Distribution and Logistics",0,0.0,0,0.0,0.0,0.0,0.0,0.0,0.0,0.0,0.0,0.0,0.0,0.0,,0.0
class_size,2014,01620020,Turkey Hill Middle,School,CH74 - Agriculture and Natural Resources,0,0.0,0,0.0,0.0,0.0,0.0,0.0,0.0,0.0,0.0,0.0,0.0,0.0,,0.0
class_size,2014,01620020,Turkey Hill Middle,School,CH74 - Arts and Communications Services,0,0.0,0,0.0,0.0,0.0,0.0,0.0,0.0,0.0,0.0,0.0,0.0,0.0,,0.0
class_size,2014,01620020,Turkey Hill Middle,School,CH74 - Business and Consumer Services,0,0.0,0,0.0,0.0,0.0,0.0,0.0,0.0,0.0,0.0,0.0,0.0,0.0,,0.0
class_size,2014,01620020,Turkey Hill Middle,School,CH74 - Construction,0,0.0,0,0.0,0.0,0.0,0.0,0.0,0.0,0.0,0.0,0.0,0.0,0.0,,0.0
class_size,2014,01620020,Turkey Hill Middle,School,CH74 - Exploratory,0,0.0,0,0.0,0.0,0.0,0.0,0.0,0.0,0.0,0.0,0.0,0.0,0.0,,0.0
class_size,2014,01620020,Turkey Hill Middle,School,CH74 - Health,0,0.0,0,0.0,0.0,0.0,0.0,0.0,0.0,0.0,0.0,0.0,0.0,0.0,,0.0
class_size,2014,01620020,Turkey Hill Middle,School,CH74 - Hospitality and Tourism,0,0.0,0,0.0,0.0,0.0,0.0,0.0,0.0,0.0,0.0,0.0,0.0,0.0,,0.0
class_size,2014,01620020,Turkey Hill Middle,School,CH74 - Human Services and Education,0,0.0,0,0.0,0.0,0.0,0.0,0.0,0.0,0.0,0.0,0.0,0.0,0.0,,0.0
class_size,2014,01620020,Turkey Hill Middle,School,CH74 - Information Technology Services,0,0.0,0,0.0,0.0,0.0,0.0,0.0,0.0,0.0,0.0,0.0,0.0,0.0,,0.0
class_size,2014,01620020,Turkey Hill Middle,School,CH74 - Transportation,0,0.0,0,0.0,0.0,0.0,0.0,0.0,0.0,0.0,0.0,0.0,0.0,0.0,,0.0
class_size,2014,01620020,Turkey Hill Middle,School,"CH74 - Manufacturing, Engineering and Technology",0,0.0,0,0.0,0.0,0.0,0.0,0.0,0.0,0.0,0.0,0.0,0.0,0.0,,0.0
class_size,2014,01620020,Turkey Hill Middle,School,Architecture and Construction,0,0.0,0,0.0,0.0,0.0,0.0,0.0,0.0,0.0,0.0,0.0,0.0,0.0,,0.0
class_size,2013,01620000,Lunenburg,District,All,711,19.5,1590,0.009,0.011,0.023,0.043,0.008,0.003,0.903,0.477,0.523,0.011,16.5,,0.175
class_size,2013,01620000,Lunenburg,District,"Agriculture, Food and Natural Resources",1,22.0,22,0.0,0.0,0.045,0.091,0.0,0.0,0.864,0.455,0.545,0.045,22.7,,0.318
class_size,2013,01620000,Lunenburg,District,Arts,95,22.0,1343,0.009,0.01,0.022,0.042,0.007,0.003,0.907,0.486,0.514,0.012,16.8,,0.159
class_size,2013,01620000,Lunenburg,District,Business and Marketing,0,0.0,0,0.0,0.0,0.0,0.0,0.0,0.0,0.0,0.0,0.0,0.0,0.0,,0.0
class_size,2013,01620000,Lunenburg,District,Civics/Government,2,10.5,21,0.0,0.0,0.048,0.048,0.0,0.0,0.905,0.571,0.429,0.0,14.3,,0.0
class_size,2013,01620000,Lunenburg,District,Communications and Audio/Visual Technology,18,21.2,377,0.005,0.005,0.021,0.061,0.013,0.0,0.894,0.493,0.507,0.029,18.6,,0.196
class_size,2013,01620000,Lunenburg,District,Computer and Information Sciences,5,23.8,119,0.008,0.008,0.05,0.034,0.0,0.0,0.899,0.513,0.487,0.0,13.4,,0.168
class_size,2013,01620000,Lunenburg,District,Core-All Subjects,81,22.2,801,0.01,0.011,0.021,0.039,0.007,0.005,0.906,0.466,0.534,0.005,16.6,,0.196
class_size,2013,01620000,Lunenburg,District,Economics,2,13.5,27,0.037,0.037,0.037,0.0,0.0,0.0,0.889,0.407,0.593,0.0,7.4,,0.074
class_size,2013,01620000,Lunenburg,District,Engineering and Technology,3,11.3,33,0.03,0.0,0.0,0.0,0.0,0.03,0.939,0.242,0.758,0.0,12.1,,0.152
class_size,2013,01620000,Lunenburg,District,English/Language Arts,72,20.9,1500,0.009,0.012,0.023,0.039,0.007,0.003,0.907,0.486,0.514,0.01,15.9,,0.148
class_size,2013,01620000,Lunenburg,District,Foreign Language,32,15.3,472,0.008,0.019,0.03,0.03,0.002,0.002,0.909,0.523,0.477,0.002,12.3,,0.07
class_size,2013,01620000,Lunenburg,District,Geography,0,0.0,0,0.0,0.0,0.0,0.0,0.0,0.0,0.0,0.0,0.0,0.0,0.0,,0.0
class_size,2013,01620000,Lunenburg,District,Health Care Sciences,1,14.0,14,0.0,0.0,0.143,0.071,0.0,0.0,0.786,0.429,0.571,0.0,14.3,,0.0
class_size,2013,01620000,Lunenburg,District,History,21,18.1,370,0.014,0.019,0.03,0.03,0.003,0.003,0.903,0.489,0.511,0.003,14.3,,0.097
class_size,2013,01620000,Lunenburg,District,Hospitality and Tourism,0,0.0,0,0.0,0.0,0.0,0.0,0.0,0.0,0.0,0.0,0.0,0.0,0.0,,0.0
class_size,2013,01620000,Lunenburg,District,Human Services,0,0.0,0,0.0,0.0,0.0,0.0,0.0,0.0,0.0,0.0,0.0,0.0,0.0,,0.0
class_size,2013,01620000,Lunenburg,District,Manufacturing,0,0.0,0,0.0,0.0,0.0,0.0,0.0,0.0,0.0,0.0,0.0,0.0,0.0,,0.0
class_size,2013,01620000,Lunenburg,District,Mathematics,71,21.2,1494,0.009,0.012,0.023,0.039,0.007,0.003,0.907,0.487,0.513,0.01,15.9,,0.145
class_size,2013,01620000,Lunenburg,District,Military Science,0,0.0,0,0.0,0.0,0.0,0.0,0.0,0.0,0.0,0.0,0.0,0.0,0.0,,0.0
class_size,2013,01620000,Lunenburg,District,Miscellaneous,33,5.2,107,0.009,0.009,0.047,0.056,0.0,0.0,0.879,0.467,0.533,0.009,25.2,,0.664
class_size,2013,01620000,Lunenburg,District,"Physical, Health, and Safety Education",123,16.7,1429,0.009,0.012,0.022,0.043,0.007,0.003,0.904,0.48,0.52,0.011,16.4,,0.159
class_size,2013,01620000,Lunenburg,District,"Public, Protective, and Government Service",0,0.0,0,0.0,0.0,0.0,0.0,0.0,0.0,0.0,0.0,0.0,0.0,0.0,,0.0
class_size,2013,01620000,Lunenburg,District,Reading,25,23.0,574,0.009,0.007,0.014,0.061,0.016,0.003,0.89,0.462,0.538,0.023,17.2,,0.179
class_size,2013,01620000,Lunenburg,District,Religious Education and Theology,0,0.0,0,0.0,0.0,0.0,0.0,0.0,0.0,0.0,0.0,0.0,0.0,0.0,,0.0
class_size,2013,01620000,Lunenburg,District,Science,78,20.5,1497,0.009,0.012,0.022,0.041,0.007,0.003,0.905,0.486,0.514,0.011,16.0,,0.152
class_size,2013,01620000,Lunenburg,District,Social Studies/Social Sciences,48,23.2,1113,0.01,0.01,0.023,0.044,0.008,0.004,0.901,0.48,0.52,0.013,16.5,,0.168
class_size,2013,01620000,Lunenburg,District,"Transportation, Distribution and Logistics",0,0.0,0,0.0,0.0,0.0,0.0,0.0,0.0,0.0,0.0,0.0,0.0,0.0,,0.0
class_size,2013,01620000,Lunenburg,District,CH74 - Agriculture and Natural Resources,0,0.0,0,0.0,0.0,0.0,0.0,0.0,0.0,0.0,0.0,0.0,0.0,0.0,,0.0
class_size,2013,01620000,Lunenburg,District,CH74 - Arts and Communications Services,0,0.0,0,0.0,0.0,0.0,0.0,0.0,0.0,0.0,0.0,0.0,0.0,0.0,,0.0
class_size,2013,01620000,Lunenburg,District,CH74 - Business and Consumer Services,0,0.0,0,0.0,0.0,0.0,0.0,0.0,0.0,0.0,0.0,0.0,0.0,0.0,,0.0
class_size,2013,01620000,Lunenburg,District,CH74 - Construction,0,0.0,0,0.0,0.0,0.0,0.0,0.0,0.0,0.0,0.0,0.0,0.0,0.0,,0.0
class_size,2013,01620000,Lunenburg,District,CH74 - Exploratory,0,0.0,0,0.0,0.0,0.0,0.0,0.0,0.0,0.0,0.0,0.0,0.0,0.0,,0.0
class_size,2013,01620000,Lunenburg,District,CH74 - Health,0,0.0,0,0.0,0.0,0.0,0.0,0.0,0.0,0.0,0.0,0.0,0.0,0.0,,0.0
class_size,2013,01620000,Lunenburg,District,CH74 - Hospitality and Tourism,0,0.0,0,0.0,0.0,0.0,0.0,0.0,0.0,0.0,0.0,0.0,0.0,0.0,,0.0
class_size,2013,01620000,Lunenburg,District,CH74 - Human Services and Education,0,0.0,0,0.0,0.0,0.0,0.0,0.0,0.0,0.0,0.0,0.0,0.0,0.0,,0.0
class_size,2013,01620000,Lunenburg,District,CH74 - Information Technology Services,0,0.0,0,0.0,0.0,0.0,0.0,0.0,0.0,0.0,0.0,0.0,0.0,0.0,,0.0
class_size,2013,01620000,Lunenburg,District,CH74 - Transportation,0,0.0,0,0.0,0.0,0.0,0.0,0.0,0.0,0.0,0.0,0.0,0.0,0.0,,0.0
class_size,2013,01620000,Lunenburg,District,"CH74 - Manufacturing, Engineering and Technology",0,0.0,0,0.0,0.0,0.0,0.0,0.0,0.0,0.0,0.0,0.0,0.0,0.0,,0.0
class_size,2013,01620000,Lunenburg,District,Architecture and Construction,0,0.0,0,0.0,0.0,0.0,0.0,0.0,0.0,0.0,0.0,0.0,0.0,0.0,,0.0
class_size,2013,01620505,Lunenburg High,School,All,281,17.0,576,0.01,0.016,0.036,0.033,0.002,0.002,0.901,0.507,0.493,0.003,14.4,,0.127
class_size,2013,01620505,Lunenburg High,School,"Agriculture, Food and Natural Resources",1,22.0,22,0.0,0.0,0.045,0.091,0.0,0.0,0.864,0.455,0.545,0.045,22.7,,0.318
class_size,2013,01620505,Lunenburg High,School,Arts,26,20.0,392,0.01,0.013,0.038,0.031,0.0,0.0,0.908,0.526,0.474,0.005,15.1,,0.11
class_size,2013,01620505,Lunenburg High,School,Business and Marketing,0,0.0,0,0.0,0.0,0.0,0.0,0.0,0.0,0.0,0.0,0.0,0.0,0.0,,0.0
class_size,2013,01620505,Lunenburg High,School,Civics/Government,2,10.5,21,0.0,0.0,0.048,0.048,0.0,0.0,0.905,0.571,0.429,0.0,14.3,,0.0
class_size,2013,01620505,Lunenburg High,School,Communications and Audio/Visual Technology,3,16.7,46,0.022,0.022,0.043,0.022,0.0,0.0,0.891,0.63,0.37,0.0,21.7,,0.13
class_size,2013,01620505,Lunenburg High,School,Computer and Information Sciences,5,23.8,119,0.008,0.008,0.05,0.034,0.0,0.0,0.899,0.513,0.487,0.0,13.4,,0.168
class_size,2013,01620505,Lunenburg High,School,Core-All Subjects,10,23.8,120,0.008,0.008,0.058,0.033,0.0,0.0,0.892,0.525,0.475,0.0,13.3,,0.167
class_size,2013,01620505,Lunenburg High,School,Economics,2,13.5,27,0.037,0.037,0.037,0.0,0.0,0.0,0.889,0.407,0.593,0.0,7.4,,0.074
class_size,2013,01620505,Lunenburg High,School,Engineering and Technology,3,11.3,33,0.03,0.0,0.0,0.0,0.0,0.03,0.939,0.242,0.758,0.0,12.1,,0.152
class_size,2013,01620505,Lunenburg High,School,English/Language Arts,31,18.2,560,0.011,0.016,0.034,0.029,0.002,0.002,0.907,0.513,0.488,0.002,13.6,,0.111
class_size,2013,01620505,Lunenburg High,School,Foreign Language,32,15.3,472,0.008,0.019,0.03,0.03,0.002,0.002,0.909,0.523,0.477,0.002,12.3,,0.07
class_size,2013,01620505,Lunenburg High,School,Geography,0,0.0,0,0.0,0.0,0.0,0.0,0.0,0.0,0.0,0.0,0.0,0.0,0.0,,0.0
class_size,2013,01620505,Lunenburg High,School,Health Care Sciences,1,14.0,14,0.0,0.0,0.143,0.071,0.0,0.0,0.786,0.429,0.571,0.0,14.3,,0.0
class_size,2013,01620505,Lunenburg High,School,History,21,18.1,370,0.014,0.019,0.03,0.03,0.003,0.003,0.903,0.489,0.511,0.003,14.3,,0.097
class_size,2013,01620505,Lunenburg High,School,Hospitality and Tourism,0,0.0,0,0.0,0.0,0.0,0.0,0.0,0.0,0.0,0.0,0.0,0.0,0.0,,0.0
class_size,2013,01620505,Lunenburg High,School,Human Services,0,0.0,0,0.0,0.0,0.0,0.0,0.0,0.0,0.0,0.0,0.0,0.0,0.0,,0.0
class_size,2013,01620505,Lunenburg High,School,Manufacturing,0,0.0,0,0.0,0.0,0.0,0.0,0.0,0.0,0.0,0.0,0.0,0.0,0.0,,0.0
class_size,2013,01620505,Lunenburg High,School,Mathematics,30,18.9,557,0.011,0.016,0.034,0.027,0.002,0.002,0.908,0.513,0.487,0.002,13.5,,0.11
class_size,2013,01620505,Lunenburg High,School,Military Science,0,0.0,0,0.0,0.0,0.0,0.0,0.0,0.0,0.0,0.0,0.0,0.0,0.0,,0.0
class_size,2013,01620505,Lunenburg High,School,Miscellaneous,26,5.4,96,0.01,0.01,0.052,0.052,0.0,0.0,0.875,0.469,0.531,0.01,24.0,,0.625
class_size,2013,01620505,Lunenburg High,School,"Physical, Health, and Safety Education",44,17.6,479,0.01,0.017,0.033,0.035,0.002,0.002,0.9,0.499,0.501,0.004,14.4,,0.119
class_size,2013,01620505,Lunenburg High,School,"Public, Protective, and Government Service",0,0.0,0,0.0,0.0,0.0,0.0,0.0,0.0,0.0,0.0,0.0,0.0,0.0,,0.0
class_size,2013,01620505,Lunenburg High,School,Reading,0,0.0,0,0.0,0.0,0.0,0.0,0.0,0.0,0.0,0.0,0.0,0.0,0.0,,0.0
class_size,2013,01620505,Lunenburg High,School,Religious Education and Theology,0,0.0,0,0.0,0.0,0.0,0.0,0.0,0.0,0.0,0.0,0.0,0.0,0.0,,0.0
class_size,2013,01620505,Lunenburg High,School,Science,37,17.6,549,0.011,0.016,0.033,0.033,0.002,0.002,0.903,0.515,0.485,0.004,13.8,,0.109
class_size,2013,01620505,Lunenburg High,School,Social Studies/Social Sciences,7,24.0,168,0.018,0.012,0.065,0.03,0.0,0.0,0.875,0.542,0.458,0.0,12.5,,0.137
class_size,2013,01620505,Lunenburg High,School,"Transportation, Distribution and Logistics",0,0.0,0,0.0,0.0,0.0,0.0,0.0,0.0,0.0,0.0,0.0,0.0,0.0,,0.0
class_size,2013,01620505,Lunenburg High,School,CH74 - Agriculture and Natural Resources,0,0.0,0,0.0,0.0,0.0,0.0,0.0,0.0,0.0,0.0,0.0,0.0,0.0,,0.0
class_size,2013,01620505,Lunenburg High,School,CH74 - Arts and Communications Services,0,0.0,0,0.0,0.0,0.0,0.0,0.0,0.0,0.0,0.0,0.0,0.0,0.0,,0.0
class_size,2013,01620505,Lunenburg High,School,CH74 - Business and Consumer Services,0,0.0,0,0.0,0.0,0.0,0.0,0.0,0.0,0.0,0.0,0.0,0.0,0.0,,0.0
class_size,2013,01620505,Lunenburg High,School,CH74 - Construction,0,0.0,0,0.0,0.0,0.0,0.0,0.0,0.0,0.0,0.0,0.0,0.0,0.0,,0.0
class_size,2013,01620505,Lunenburg High,School,CH74 - Exploratory,0,0.0,0,0.0,0.0,0.0,0.0,0.0,0.0,0.0,0.0,0.0,0.0,0.0,,0.0
class_size,2013,01620505,Lunenburg High,School,CH74 - Health,0,0.0,0,0.0,0.0,0.0,0.0,0.0,0.0,0.0,0.0,0.0,0.0,0.0,,0.0
class_size,2013,01620505,Lunenburg High,School,CH74 - Hospitality and Tourism,0,0.0,0,0.0,0.0,0.0,0.0,0.0,0.0,0.0,0.0,0.0,0.0,0.0,,0.0
class_size,2013,01620505,Lunenburg High,School,CH74 - Human Services and Education,0,0.0,0,0.0,0.0,0.0,0.0,0.0,0.0,0.0,0.0,0.0,0.0,0.0,,0.0
class_size,2013,01620505,Lunenburg High,School,CH74 - Information Technology Services,0,0.0,0,0.0,0.0,0.0,0.0,0.0,0.0,0.0,0.0,0.0,0.0,0.0,,0.0
class_size,2013,01620505,Lunenburg High,School,CH74 - Transportation,0,0.0,0,0.0,0.0,0.0,0.0,0.0,0.0,0.0,0.0,0.0,0.0,0.0,,0.0
class_size,2013,01620505,Lunenburg High,School,"CH74 - Manufacturing, Engineering and Technology",0,0.0,0,0.0,0.0,0.0,0.0,0.0,0.0,0.0,0.0,0.0,0.0,0.0,,0.0
class_size,2013,01620505,Lunenburg High,School,Architecture and Construction,0,0.0,0,0.0,0.0,0.0,0.0,0.0,0.0,0.0,0.0,0.0,0.0,0.0,,0.0
class_size,2013,01620010,Lunenburg Primary School,School,All,200,22.8,518,0.006,0.006,0.017,0.071,0.017,0.004,0.878,0.454,0.546,0.027,17.6,,0.239
class_size,2013,01620010,Lunenburg Primary School,School,"Agriculture, Food and Natural Resources",0,0.0,0,0.0,0.0,0.0,0.0,0.0,0.0,0.0,0.0,0.0,0.0,0.0,,0.0
class_size,2013,01620010,Lunenburg Primary School,School,Arts,25,23.2,456,0.007,0.007,0.018,0.068,0.015,0.004,0.882,0.474,0.526,0.029,17.3,,0.197
class_size,2013,01620010,Lunenburg Primary School,School,Business and Marketing,0,0.0,0,0.0,0.0,0.0,0.0,0.0,0.0,0.0,0.0,0.0,0.0,0.0,,0.0
class_size,2013,01620010,Lunenburg Primary School,School,Civics/Government,0,0.0,0,0.0,0.0,0.0,0.0,0.0,0.0,0.0,0.0,0.0,0.0,0.0,,0.0
class_size,2013,01620010,Lunenburg Primary School,School,Communications and Audio/Visual Technology,15,22.1,331,0.003,0.003,0.018,0.066,0.015,0.0,0.894,0.474,0.526,0.033,18.1,,0.205
class_size,2013,01620010,Lunenburg Primary School,School,Computer and Information Sciences,0,0.0,0,0.0,0.0,0.0,0.0,0.0,0.0,0.0,0.0,0.0,0.0,0.0,,0.0
class_size,2013,01620010,Lunenburg Primary School,School,Core-All Subjects,25,22.5,186,0.011,0.011,0.016,0.075,0.022,0.011,0.855,0.425,0.575,0.016,16.1,,0.301
class_size,2013,01620010,Lunenburg Primary School,School,Economics,0,0.0,0,0.0,0.0,0.0,0.0,0.0,0.0,0.0,0.0,0.0,0.0,0.0,,0.0
class_size,2013,01620010,Lunenburg Primary School,School,Engineering and Technology,0,0.0,0,0.0,0.0,0.0,0.0,0.0,0.0,0.0,0.0,0.0,0.0,0.0,,0.0
class_size,2013,01620010,Lunenburg Primary School,School,English/Language Arts,20,22.8,456,0.007,0.007,0.018,0.068,0.015,0.004,0.882,0.474,0.526,0.029,17.3,,0.197
class_size,2013,01620010,Lunenburg Primary School,School,Foreign Language,0,0.0,0,0.0,0.0,0.0,0.0,0.0,0.0,0.0,0.0,0.0,0.0,0.0,,0.0
class_size,2013,01620010,Lunenburg Primary School,School,Geography,0,0.0,0,0.0,0.0,0.0,0.0,0.0,0.0,0.0,0.0,0.0,0.0,0.0,,0.0
class_size,2013,01620010,Lunenburg Primary School,School,Health Care Sciences,0,0.0,0,0.0,0.0,0.0,0.0,0.0,0.0,0.0,0.0,0.0,0.0,0.0,,0.0
class_size,2013,01620010,Lunenburg Primary School,School,History,0,0.0,0,0.0,0.0,0.0,0.0,0.0,0.0,0.0,0.0,0.0,0.0,0.0,,0.0
class_size,2013,01620010,Lunenburg Primary School,School,Hospitality and Tourism,0,0.0,0,0.0,0.0,0.0,0.0,0.0,0.0,0.0,0.0,0.0,0.0,0.0,,0.0
class_size,2013,01620010,Lunenburg Primary School,School,Human Services,0,0.0,0,0.0,0.0,0.0,0.0,0.0,0.0,0.0,0.0,0.0,0.0,0.0,,0.0
class_size,2013,01620010,Lunenburg Primary School,School,Manufacturing,0,0.0,0,0.0,0.0,0.0,0.0,0.0,0.0,0.0,0.0,0.0,0.0,0.0,,0.0
class_size,2013,01620010,Lunenburg Primary School,School,Mathematics,20,22.9,457,0.007,0.007,0.018,0.068,0.015,0.004,0.882,0.473,0.527,0.028,17.3,,0.197
class_size,2013,01620010,Lunenburg Primary School,School,Military Science,0,0.0,0,0.0,0.0,0.0,0.0,0.0,0.0,0.0,0.0,0.0,0.0,0.0,,0.0
class_size,2013,01620010,Lunenburg Primary School,School,Miscellaneous,0,0.0,0,0.0,0.0,0.0,0.0,0.0,0.0,0.0,0.0,0.0,0.0,0.0,,0.0
class_size,2013,01620010,Lunenburg Primary School,School,"Physical, Health, and Safety Education",35,22.6,456,0.007,0.007,0.018,0.068,0.015,0.004,0.882,0.474,0.526,0.029,17.3,,0.197
class_size,2013,01620010,Lunenburg Primary School,School,"Public, Protective, and Government Service",0,0.0,0,0.0,0.0,0.0,0.0,0.0,0.0,0.0,0.0,0.0,0.0,0.0,,0.0
class_size,2013,01620010,Lunenburg Primary School,School,Reading,20,22.9,458,0.007,0.007,0.017,0.07,0.015,0.004,0.88,0.472,0.528,0.028,17.5,,0.199
class_size,2013,01620010,Lunenburg Primary School,School,Religious Education and Theology,0,0.0,0,0.0,0.0,0.0,0.0,0.0,0.0,0.0,0.0,0.0,0.0,0.0,,0.0
class_size,2013,01620010,Lunenburg Primary School,School,Science,20,22.9,457,0.007,0.007,0.018,0.068,0.015,0.004,0.882,0.473,0.527,0.028,17.3,,0.197
class_size,2013,01620010,Lunenburg Primary School,School,Social Studies/Social Sciences,20,22.9,457,0.007,0.007,0.018,0.068,0.015,0.004,0.882,0.473,0.527,0.028,17.3,,0.197
class_size,2013,01620010,Lunenburg Primary School,School,"Transportation, Distribution and Logistics",0,0.0,0,0.0,0.0,0.0,0.0,0.0,0.0,0.0,0.0,0.0,0.0,0.0,,0.0
class_size,2013,01620010,Lunenburg Primary School,School,CH74 - Agriculture and Natural Resources,0,0.0,0,0.0,0.0,0.0,0.0,0.0,0.0,0.0,0.0,0.0,0.0,0.0,,0.0
class_size,2013,01620010,Lunenburg Primary School,School,CH74 - Arts and Communications Services,0,0.0,0,0.0,0.0,0.0,0.0,0.0,0.0,0.0,0.0,0.0,0.0,0.0,,0.0
class_size,2013,01620010,Lunenburg Primary School,School,CH74 - Business and Consumer Services,0,0.0,0,0.0,0.0,0.0,0.0,0.0,0.0,0.0,0.0,0.0,0.0,0.0,,0.0
class_size,2013,01620010,Lunenburg Primary School,School,CH74 - Construction,0,0.0,0,0.0,0.0,0.0,0.0,0.0,0.0,0.0,0.0,0.0,0.0,0.0,,0.0
class_size,2013,01620010,Lunenburg Primary School,School,CH74 - Exploratory,0,0.0,0,0.0,0.0,0.0,0.0,0.0,0.0,0.0,0.0,0.0,0.0,0.0,,0.0
class_size,2013,01620010,Lunenburg Primary School,School,CH74 - Health,0,0.0,0,0.0,0.0,0.0,0.0,0.0,0.0,0.0,0.0,0.0,0.0,0.0,,0.0
class_size,2013,01620010,Lunenburg Primary School,School,CH74 - Hospitality and Tourism,0,0.0,0,0.0,0.0,0.0,0.0,0.0,0.0,0.0,0.0,0.0,0.0,0.0,,0.0
class_size,2013,01620010,Lunenburg Primary School,School,CH74 - Human Services and Education,0,0.0,0,0.0,0.0,0.0,0.0,0.0,0.0,0.0,0.0,0.0,0.0,0.0,,0.0
class_size,2013,01620010,Lunenburg Primary School,School,CH74 - Information Technology Services,0,0.0,0,0.0,0.0,0.0,0.0,0.0,0.0,0.0,0.0,0.0,0.0,0.0,,0.0
class_size,2013,01620010,Lunenburg Primary School,School,CH74 - Transportation,0,0.0,0,0.0,0.0,0.0,0.0,0.0,0.0,0.0,0.0,0.0,0.0,0.0,,0.0
class_size,2013,01620010,Lunenburg Primary School,School,"CH74 - Manufacturing, Engineering and Technology",0,0.0,0,0.0,0.0,0.0,0.0,0.0,0.0,0.0,0.0,0.0,0.0,0.0,,0.0
class_size,2013,01620010,Lunenburg Primary School,School,Architecture and Construction,0,0.0,0,0.0,0.0,0.0,0.0,0.0,0.0,0.0,0.0,0.0,0.0,0.0,,0.0
class_size,2013,01620020,Turkey Hill Middle,School,All,230,19.9,496,0.01,0.012,0.014,0.026,0.004,0.004,0.929,0.466,0.534,0.002,17.7,,0.165
class_size,2013,01620020,Turkey Hill Middle,School,"Agriculture, Food and Natural Resources",0,0.0,0,0.0,0.0,0.0,0.0,0.0,0.0,0.0,0.0,0.0,0.0,0.0,,0.0
class_size,2013,01620020,Turkey Hill Middle,School,Arts,44,22.5,495,0.01,0.012,0.014,0.026,0.004,0.004,0.929,0.467,0.533,0.002,17.6,,0.164
class_size,2013,01620020,Turkey Hill Middle,School,Business and Marketing,0,0.0,0,0.0,0.0,0.0,0.0,0.0,0.0,0.0,0.0,0.0,0.0,0.0,,0.0
class_size,2013,01620020,Turkey Hill Middle,School,Civics/Government,0,0.0,0,0.0,0.0,0.0,0.0,0.0,0.0,0.0,0.0,0.0,0.0,0.0,,0.0
class_size,2013,01620020,Turkey Hill Middle,School,Communications and Audio/Visual Technology,0,0.0,0,0.0,0.0,0.0,0.0,0.0,0.0,0.0,0.0,0.0,0.0,0.0,,0.0
class_size,2013,01620020,Turkey Hill Middle,School,Computer and Information Sciences,0,0.0,0,0.0,0.0,0.0,0.0,0.0,0.0,0.0,0.0,0.0,0.0,0.0,,0.0
class_size,2013,01620020,Turkey Hill Middle,School,Core-All Subjects,46,21.7,495,0.01,0.012,0.014,0.026,0.004,0.004,0.929,0.467,0.533,0.002,17.6,,0.164
class_size,2013,01620020,Turkey Hill Middle,School,Economics,0,0.0,0,0.0,0.0,0.0,0.0,0.0,0.0,0.0,0.0,0.0,0.0,0.0,,0.0
class_size,2013,01620020,Turkey Hill Middle,School,Engineering and Technology,0,0.0,0,0.0,0.0,0.0,0.0,0.0,0.0,0.0,0.0,0.0,0.0,0.0,,0.0
class_size,2013,01620020,Turkey Hill Middle,School,English/Language Arts,21,23.0,484,0.01,0.012,0.014,0.025,0.004,0.004,0.93,0.467,0.533,0.002,17.4,,0.145
class_size,2013,01620020,Turkey Hill Middle,School,Foreign Language,0,0.0,0,0.0,0.0,0.0,0.0,0.0,0.0,0.0,0.0,0.0,0.0,0.0,,0.0
class_size,2013,01620020,Turkey Hill Middle,School,Geography,0,0.0,0,0.0,0.0,0.0,0.0,0.0,0.0,0.0,0.0,0.0,0.0,0.0,,0.0
class_size,2013,01620020,Turkey Hill Middle,School,Health Care Sciences,0,0.0,0,0.0,0.0,0.0,0.0,0.0,0.0,0.0,0.0,0.0,0.0,0.0,,0.0
class_size,2013,01620020,Turkey Hill Middle,School,History,0,0.0,0,0.0,0.0,0.0,0.0,0.0,0.0,0.0,0.0,0.0,0.0,0.0,,0.0
class_size,2013,01620020,Turkey Hill Middle,School,Hospitality and Tourism,0,0.0,0,0.0,0.0,0.0,0.0,0.0,0.0,0.0,0.0,0.0,0.0,0.0,,0.0
class_size,2013,01620020,Turkey Hill Middle,School,Human Services,0,0.0,0,0.0,0.0,0.0,0.0,0.0,0.0,0.0,0.0,0.0,0.0,0.0,,0.0
class_size,2013,01620020,Turkey Hill Middle,School,Manufacturing,0,0.0,0,0.0,0.0,0.0,0.0,0.0,0.0,0.0,0.0,0.0,0.0,0.0,,0.0
class_size,2013,01620020,Turkey Hill Middle,School,Mathematics,21,22.9,480,0.01,0.013,0.015,0.025,0.004,0.004,0.929,0.469,0.531,0.002,17.3,,0.138
class_size,2013,01620020,Turkey Hill Middle,School,Military Science,0,0.0,0,0.0,0.0,0.0,0.0,0.0,0.0,0.0,0.0,0.0,0.0,0.0,,0.0
class_size,2013,01620020,Turkey Hill Middle,School,Miscellaneous,7,4.3,11,0.0,0.0,0.0,0.091,0.0,0.0,0.909,0.455,0.545,0.0,36.4,,1.0
class_size,2013,01620020,Turkey Hill Middle,School,"Physical, Health, and Safety Education",44,11.2,494,0.01,0.012,0.014,0.026,0.004,0.004,0.929,0.468,0.532,0.002,17.4,,0.162
class_size,2013,01620020,Turkey Hill Middle,School,"Public, Protective, and Government Service",0,0.0,0,0.0,0.0,0.0,0.0,0.0,0.0,0.0,0.0,0.0,0.0,0.0,,0.0
class_size,2013,01620020,Turkey Hill Middle,School,Reading,5,23.2,116,0.017,0.009,0.0,0.026,0.017,0.0,0.931,0.422,0.578,0.0,16.4,,0.103
class_size,2013,01620020,Turkey Hill Middle,School,Religious Education and Theology,0,0.0,0,0.0,0.0,0.0,0.0,0.0,0.0,0.0,0.0,0.0,0.0,0.0,,0.0
class_size,2013,01620020,Turkey Hill Middle,School,Science,21,23.4,491,0.01,0.012,0.014,0.026,0.004,0.004,0.929,0.466,0.534,0.002,17.3,,0.157
class_size,2013,01620020,Turkey Hill Middle,School,Social Studies/Social Sciences,21,23.2,488,0.01,0.012,0.014,0.027,0.004,0.004,0.928,0.465,0.535,0.002,17.2,,0.152
class_size,2013,01620020,Turkey Hill Middle,School,"Transportation, Distribution and Logistics",0,0.0,0,0.0,0.0,0.0,0.0,0.0,0.0,0.0,0.0,0.0,0.0,0.0,,0.0
class_size,2013,01620020,Turkey Hill Middle,School,CH74 - Agriculture and Natural Resources,0,0.0,0,0.0,0.0,0.0,0.0,0.0,0.0,0.0,0.0,0.0,0.0,0.0,,0.0
class_size,2013,01620020,Turkey Hill Middle,School,CH74 - Arts and Communications Services,0,0.0,0,0.0,0.0,0.0,0.0,0.0,0.0,0.0,0.0,0.0,0.0,0.0,,0.0
class_size,2013,01620020,Turkey Hill Middle,School,CH74 - Business and Consumer Services,0,0.0,0,0.0,0.0,0.0,0.0,0.0,0.0,0.0,0.0,0.0,0.0,0.0,,0.0
class_size,2013,01620020,Turkey Hill Middle,School,CH74 - Construction,0,0.0,0,0.0,0.0,0.0,0.0,0.0,0.0,0.0,0.0,0.0,0.0,0.0,,0.0
class_size,2013,01620020,Turkey Hill Middle,School,CH74 - Exploratory,0,0.0,0,0.0,0.0,0.0,0.0,0.0,0.0,0.0,0.0,0.0,0.0,0.0,,0.0
class_size,2013,01620020,Turkey Hill Middle,School,CH74 - Health,0,0.0,0,0.0,0.0,0.0,0.0,0.0,0.0,0.0,0.0,0.0,0.0,0.0,,0.0
class_size,2013,01620020,Turkey Hill Middle,School,CH74 - Hospitality and Tourism,0,0.0,0,0.0,0.0,0.0,0.0,0.0,0.0,0.0,0.0,0.0,0.0,0.0,,0.0
class_size,2013,01620020,Turkey Hill Middle,School,CH74 - Human Services and Education,0,0.0,0,0.0,0.0,0.0,0.0,0.0,0.0,0.0,0.0,0.0,0.0,0.0,,0.0
class_size,2013,01620020,Turkey Hill Middle,School,CH74 - Information Technology Services,0,0.0,0,0.0,0.0,0.0,0.0,0.0,0.0,0.0,0.0,0.0,0.0,0.0,,0.0
class_size,2013,01620020,Turkey Hill Middle,School,CH74 - Transportation,0,0.0,0,0.0,0.0,0.0,0.0,0.0,0.0,0.0,0.0,0.0,0.0,0.0,,0.0
class_size,2013,01620020,Turkey Hill Middle,School,"CH74 - Manufacturing, Engineering and Technology",0,0.0,0,0.0,0.0,0.0,0.0,0.0,0.0,0.0,0.0,0.0,0.0,0.0,,0.0
class_size,2013,01620020,Turkey Hill Middle,School,Architecture and Construction,0,0.0,0,0.0,0.0,0.0,0.0,0.0,0.0,0.0,0.0,0.0,0.0,0.0,,0.0
class_size,2012,01620000,Lunenburg,District,All,768,20.8,1634,0.009,0.015,0.02,0.03,0.005,0.004,0.917,0.485,0.515,0.006,8.9,,0.172
class_size,2012,01620000,Lunenburg,District,"Agriculture, Food and Natural Resources",1,10.0,10,0.0,0.0,0.0,0.0,0.0,0.0,1.0,0.6,0.4,0.0,10.0,,0.3
class_size,2012,01620000,Lunenburg,District,Arts,104,22.9,1316,0.009,0.017,0.02,0.031,0.005,0.004,0.915,0.501,0.499,0.007,8.6,,0.169
class_size,2012,01620000,Lunenburg,District,Business and Marketing,0,0.0,0,0.0,0.0,0.0,0.0,0.0,0.0,0.0,0.0,0.0,0.0,0.0,,0.0
class_size,2012,01620000,Lunenburg,District,Civics/Government,1,14.0,14,0.0,0.0,0.0,0.0,0.0,0.0,1.0,0.571,0.429,0.0,0.0,,0.0
class_size,2012,01620000,Lunenburg,District,Communications and Audio/Visual Technology,17,22.4,380,0.008,0.011,0.016,0.055,0.005,0.005,0.9,0.476,0.524,0.018,4.5,,0.176
class_size,2012,01620000,Lunenburg,District,Computer and Information Sciences,0,0.0,0,0.0,0.0,0.0,0.0,0.0,0.0,0.0,0.0,0.0,0.0,0.0,,0.0
class_size,2012,01620000,Lunenburg,District,Core-All Subjects,153,22.3,1121,0.008,0.014,0.019,0.036,0.006,0.005,0.912,0.465,0.535,0.008,8.1,,0.195
class_size,2012,01620000,Lunenburg,District,Economics,1,17.0,17,0.0,0.059,0.0,0.0,0.0,0.0,0.941,0.471,0.529,0.0,17.6,,0.0
class_size,2012,01620000,Lunenburg,District,Engineering and Technology,3,8.7,26,0.038,0.0,0.038,0.038,0.0,0.0,0.885,0.192,0.808,0.038,23.1,,0.154
class_size,2012,01620000,Lunenburg,District,English/Language Arts,74,21.4,1577,0.009,0.016,0.018,0.03,0.004,0.004,0.919,0.488,0.512,0.006,8.9,,0.157
class_size,2012,01620000,Lunenburg,District,Foreign Language,30,17.4,509,0.01,0.028,0.022,0.022,0.0,0.002,0.917,0.538,0.462,0.002,9.6,,0.065
class_size,2012,01620000,Lunenburg,District,Geography,0,0.0,0,0.0,0.0,0.0,0.0,0.0,0.0,0.0,0.0,0.0,0.0,0.0,,0.0
class_size,2012,01620000,Lunenburg,District,Health Care Sciences,0,0.0,0,0.0,0.0,0.0,0.0,0.0,0.0,0.0,0.0,0.0,0.0,0.0,,0.0
class_size,2012,01620000,Lunenburg,District,History,21,19.7,401,0.01,0.015,0.02,0.02,0.0,0.002,0.933,0.514,0.486,0.002,10.2,,0.105
class_size,2012,01620000,Lunenburg,District,Hospitality and Tourism,0,0.0,0,0.0,0.0,0.0,0.0,0.0,0.0,0.0,0.0,0.0,0.0,0.0,,0.0
class_size,2012,01620000,Lunenburg,District,Human Services,0,0.0,0,0.0,0.0,0.0,0.0,0.0,0.0,0.0,0.0,0.0,0.0,0.0,,0.0
class_size,2012,01620000,Lunenburg,District,Manufacturing,1,15.0,15,0.0,0.0,0.0,0.0,0.0,0.0,1.0,0.133,0.867,0.0,0.0,,0.067
class_size,2012,01620000,Lunenburg,District,Mathematics,73,21.7,1569,0.009,0.016,0.018,0.03,0.004,0.004,0.919,0.488,0.512,0.006,8.8,,0.155
class_size,2012,01620000,Lunenburg,District,Military Science,0,0.0,0,0.0,0.0,0.0,0.0,0.0,0.0,0.0,0.0,0.0,0.0,0.0,,0.0
class_size,2012,01620000,Lunenburg,District,Miscellaneous,23,6.0,111,0.009,0.009,0.009,0.027,0.009,0.0,0.937,0.55,0.45,0.009,16.2,,0.586
class_size,2012,01620000,Lunenburg,District,"Physical, Health, and Safety Education",112,17.8,1334,0.008,0.015,0.022,0.034,0.004,0.004,0.912,0.476,0.524,0.007,9.5,,0.181
class_size,2012,01620000,Lunenburg,District,"Public, Protective, and Government Service",0,0.0,0,0.0,0.0,0.0,0.0,0.0,0.0,0.0,0.0,0.0,0.0,0.0,,0.0
class_size,2012,01620000,Lunenburg,District,Reading,30,23.5,700,0.011,0.013,0.016,0.04,0.009,0.006,0.906,0.45,0.55,0.011,6.3,,0.197
class_size,2012,01620000,Lunenburg,District,Religious Education and Theology,0,0.0,0,0.0,0.0,0.0,0.0,0.0,0.0,0.0,0.0,0.0,0.0,0.0,,0.0
class_size,2012,01620000,Lunenburg,District,Science,74,22.1,1546,0.009,0.016,0.018,0.03,0.004,0.004,0.919,0.483,0.517,0.006,8.6,,0.158
class_size,2012,01620000,Lunenburg,District,Social Studies/Social Sciences,48,23.0,1102,0.008,0.015,0.019,0.034,0.005,0.005,0.914,0.474,0.526,0.007,8.2,,0.185
class_size,2012,01620000,Lunenburg,District,"Transportation, Distribution and Logistics",0,0.0,0,0.0,0.0,0.0,0.0,0.0,0.0,0.0,0.0,0.0,0.0,0.0,,0.0
class_size,2012,01620000,Lunenburg,District,CH74 - Agriculture and Natural Resources,0,0.0,0,0.0,0.0,0.0,0.0,0.0,0.0,0.0,0.0,0.0,0.0,0.0,,0.0
class_size,2012,01620000,Lunenburg,District,CH74 - Arts and Communications Services,0,0.0,0,0.0,0.0,0.0,0.0,0.0,0.0,0.0,0.0,0.0,0.0,0.0,,0.0
class_size,2012,01620000,Lunenburg,District,CH74 - Business and Consumer Services,0,0.0,0,0.0,0.0,0.0,0.0,0.0,0.0,0.0,0.0,0.0,0.0,0.0,,0.0
class_size,2012,01620000,Lunenburg,District,CH74 - Construction,0,0.0,0,0.0,0.0,0.0,0.0,0.0,0.0,0.0,0.0,0.0,0.0,0.0,,0.0
class_size,2012,01620000,Lunenburg,District,CH74 - Exploratory,0,0.0,0,0.0,0.0,0.0,0.0,0.0,0.0,0.0,0.0,0.0,0.0,0.0,,0.0
class_size,2012,01620000,Lunenburg,District,CH74 - Health,0,0.0,0,0.0,0.0,0.0,0.0,0.0,0.0,0.0,0.0,0.0,0.0,0.0,,0.0
class_size,2012,01620000,Lunenburg,District,CH74 - Hospitality and Tourism,0,0.0,0,0.0,0.0,0.0,0.0,0.0,0.0,0.0,0.0,0.0,0.0,0.0,,0.0
class_size,2012,01620000,Lunenburg,District,CH74 - Human Services and Education,0,0.0,0,0.0,0.0,0.0,0.0,0.0,0.0,0.0,0.0,0.0,0.0,0.0,,0.0
class_size,2012,01620000,Lunenburg,District,CH74 - Information Technology Services,0,0.0,0,0.0,0.0,0.0,0.0,0.0,0.0,0.0,0.0,0.0,0.0,0.0,,0.0
class_size,2012,01620000,Lunenburg,District,CH74 - Transportation,0,0.0,0,0.0,0.0,0.0,0.0,0.0,0.0,0.0,0.0,0.0,0.0,0.0,,0.0
class_size,2012,01620000,Lunenburg,District,"CH74 - Manufacturing, Engineering and Technology",0,0.0,0,0.0,0.0,0.0,0.0,0.0,0.0,0.0,0.0,0.0,0.0,0.0,,0.0
class_size,2012,01620000,Lunenburg,District,Architecture and Construction,2,15.5,31,0.0,0.0,0.0,0.065,0.0,0.0,0.935,0.194,0.806,0.0,16.1,,0.129
class_size,2012,01620505,Lunenburg High,School,All,181,17.7,507,0.01,0.018,0.022,0.018,0.0,0.002,0.931,0.531,0.469,0.002,10.7,,0.11
class_size,2012,01620505,Lunenburg High,School,"Agriculture, Food and Natural Resources",1,10.0,10,0.0,0.0,0.0,0.0,0.0,0.0,1.0,0.6,0.4,0.0,10.0,,0.3
class_size,2012,01620505,Lunenburg High,School,Arts,12,23.5,232,0.013,0.026,0.022,0.009,0.0,0.0,0.931,0.651,0.349,0.0,9.9,,0.073
class_size,2012,01620505,Lunenburg High,School,Business and Marketing,0,0.0,0,0.0,0.0,0.0,0.0,0.0,0.0,0.0,0.0,0.0,0.0,0.0,,0.0
class_size,2012,01620505,Lunenburg High,School,Civics/Government,1,14.0,14,0.0,0.0,0.0,0.0,0.0,0.0,1.0,0.571,0.429,0.0,0.0,,0.0
class_size,2012,01620505,Lunenburg High,School,Communications and Audio/Visual Technology,2,17.5,35,0.0,0.029,0.0,0.0,0.0,0.0,0.971,0.657,0.343,0.0,5.7,,0.114
class_size,2012,01620505,Lunenburg High,School,Computer and Information Sciences,0,0.0,0,0.0,0.0,0.0,0.0,0.0,0.0,0.0,0.0,0.0,0.0,0.0,,0.0
class_size,2012,01620505,Lunenburg High,School,Core-All Subjects,0,0.0,0,0.0,0.0,0.0,0.0,0.0,0.0,0.0,0.0,0.0,0.0,0.0,,0.0
class_size,2012,01620505,Lunenburg High,School,Economics,1,17.0,17,0.0,0.059,0.0,0.0,0.0,0.0,0.941,0.471,0.529,0.0,17.6,,0.0
class_size,2012,01620505,Lunenburg High,School,Engineering and Technology,3,8.7,26,0.038,0.0,0.038,0.038,0.0,0.0,0.885,0.192,0.808,0.038,23.1,,0.154
class_size,2012,01620505,Lunenburg High,School,English/Language Arts,27,18.6,498,0.01,0.018,0.018,0.018,0.0,0.002,0.934,0.532,0.468,0.002,10.2,,0.094
class_size,2012,01620505,Lunenburg High,School,Foreign Language,25,16.3,396,0.013,0.023,0.02,0.023,0.0,0.003,0.919,0.545,0.455,0.003,9.6,,0.056
class_size,2012,01620505,Lunenburg High,School,Geography,0,0.0,0,0.0,0.0,0.0,0.0,0.0,0.0,0.0,0.0,0.0,0.0,0.0,,0.0
class_size,2012,01620505,Lunenburg High,School,Health Care Sciences,0,0.0,0,0.0,0.0,0.0,0.0,0.0,0.0,0.0,0.0,0.0,0.0,0.0,,0.0
class_size,2012,01620505,Lunenburg High,School,History,21,19.7,401,0.01,0.015,0.02,0.02,0.0,0.002,0.933,0.514,0.486,0.002,10.2,,0.105
class_size,2012,01620505,Lunenburg High,School,Hospitality and Tourism,0,0.0,0,0.0,0.0,0.0,0.0,0.0,0.0,0.0,0.0,0.0,0.0,0.0,,0.0
class_size,2012,01620505,Lunenburg High,School,Human Services,0,0.0,0,0.0,0.0,0.0,0.0,0.0,0.0,0.0,0.0,0.0,0.0,0.0,,0.0
class_size,2012,01620505,Lunenburg High,School,Manufacturing,1,15.0,15,0.0,0.0,0.0,0.0,0.0,0.0,1.0,0.133,0.867,0.0,0.0,,0.067
class_size,2012,01620505,Lunenburg High,School,Mathematics,25,20.2,493,0.01,0.018,0.018,0.018,0.0,0.002,0.933,0.531,0.469,0.002,10.1,,0.091
class_size,2012,01620505,Lunenburg High,School,Military Science,0,0.0,0,0.0,0.0,0.0,0.0,0.0,0.0,0.0,0.0,0.0,0.0,0.0,,0.0
class_size,2012,01620505,Lunenburg High,School,Miscellaneous,16,6.4,91,0.011,0.011,0.0,0.011,0.0,0.0,0.967,0.593,0.407,0.0,15.4,,0.495
class_size,2012,01620505,Lunenburg High,School,"Physical, Health, and Safety Education",16,16.7,252,0.008,0.016,0.032,0.024,0.0,0.004,0.917,0.504,0.496,0.004,14.7,,0.143
class_size,2012,01620505,Lunenburg High,School,"Public, Protective, and Government Service",0,0.0,0,0.0,0.0,0.0,0.0,0.0,0.0,0.0,0.0,0.0,0.0,0.0,,0.0
class_size,2012,01620505,Lunenburg High,School,Reading,0,0.0,0,0.0,0.0,0.0,0.0,0.0,0.0,0.0,0.0,0.0,0.0,0.0,,0.0
class_size,2012,01620505,Lunenburg High,School,Religious Education and Theology,0,0.0,0,0.0,0.0,0.0,0.0,0.0,0.0,0.0,0.0,0.0,0.0,0.0,,0.0
class_size,2012,01620505,Lunenburg High,School,Science,27,20.4,465,0.011,0.017,0.017,0.019,0.0,0.002,0.933,0.516,0.484,0.002,9.5,,0.088
class_size,2012,01620505,Lunenburg High,School,Social Studies/Social Sciences,1,21.0,21,0.0,0.0,0.048,0.0,0.0,0.0,0.952,0.714,0.286,0.0,4.8,,0.048
class_size,2012,01620505,Lunenburg High,School,"Transportation, Distribution and Logistics",0,0.0,0,0.0,0.0,0.0,0.0,0.0,0.0,0.0,0.0,0.0,0.0,0.0,,0.0
class_size,2012,01620505,Lunenburg High,School,CH74 - Agriculture and Natural Resources,0,0.0,0,0.0,0.0,0.0,0.0,0.0,0.0,0.0,0.0,0.0,0.0,0.0,,0.0
class_size,2012,01620505,Lunenburg High,School,CH74 - Arts and Communications Services,0,0.0,0,0.0,0.0,0.0,0.0,0.0,0.0,0.0,0.0,0.0,0.0,0.0,,0.0
class_size,2012,01620505,Lunenburg High,School,CH74 - Business and Consumer Services,0,0.0,0,0.0,0.0,0.0,0.0,0.0,0.0,0.0,0.0,0.0,0.0,0.0,,0.0
class_size,2012,01620505,Lunenburg High,School,CH74 - Construction,0,0.0,0,0.0,0.0,0.0,0.0,0.0,0.0,0.0,0.0,0.0,0.0,0.0,,0.0
class_size,2012,01620505,Lunenburg High,School,CH74 - Exploratory,0,0.0,0,0.0,0.0,0.0,0.0,0.0,0.0,0.0,0.0,0.0,0.0,0.0,,0.0
class_size,2012,01620505,Lunenburg High,School,CH74 - Health,0,0.0,0,0.0,0.0,0.0,0.0,0.0,0.0,0.0,0.0,0.0,0.0,0.0,,0.0
class_size,2012,01620505,Lunenburg High,School,CH74 - Hospitality and Tourism,0,0.0,0,0.0,0.0,0.0,0.0,0.0,0.0,0.0,0.0,0.0,0.0,0.0,,0.0
class_size,2012,01620505,Lunenburg High,School,CH74 - Human Services and Education,0,0.0,0,0.0,0.0,0.0,0.0,0.0,0.0,0.0,0.0,0.0,0.0,0.0,,0.0
class_size,2012,01620505,Lunenburg High,School,CH74 - Information Technology Services,0,0.0,0,0.0,0.0,0.0,0.0,0.0,0.0,0.0,0.0,0.0,0.0,0.0,,0.0
class_size,2012,01620505,Lunenburg High,School,CH74 - Transportation,0,0.0,0,0.0,0.0,0.0,0.0,0.0,0.0,0.0,0.0,0.0,0.0,0.0,,0.0
class_size,2012,01620505,Lunenburg High,School,"CH74 - Manufacturing, Engineering and Technology",0,0.0,0,0.0,0.0,0.0,0.0,0.0,0.0,0.0,0.0,0.0,0.0,0.0,,0.0
class_size,2012,01620505,Lunenburg High,School,Architecture and Construction,2,15.5,31,0.0,0.0,0.0,0.065,0.0,0.0,0.935,0.194,0.806,0.0,16.1,,0.129
class_size,2012,01620010,Lunenburg Primary School,School,All,167,22.8,386,0.008,0.008,0.016,0.057,0.01,0.008,0.894,0.448,0.552,0.018,4.1,,0.207
class_size,2012,01620010,Lunenburg Primary School,School,"Agriculture, Food and Natural Resources",0,0.0,0,0.0,0.0,0.0,0.0,0.0,0.0,0.0,0.0,0.0,0.0,0.0,,0.0
class_size,2012,01620010,Lunenburg Primary School,School,Arts,29,23.0,345,0.009,0.009,0.017,0.061,0.006,0.006,0.893,0.458,0.542,0.02,4.3,,0.183
class_size,2012,01620010,Lunenburg Primary School,School,Business and Marketing,0,0.0,0,0.0,0.0,0.0,0.0,0.0,0.0,0.0,0.0,0.0,0.0,0.0,,0.0
class_size,2012,01620010,Lunenburg Primary School,School,Civics/Government,0,0.0,0,0.0,0.0,0.0,0.0,0.0,0.0,0.0,0.0,0.0,0.0,0.0,,0.0
class_size,2012,01620010,Lunenburg Primary School,School,Communications and Audio/Visual Technology,15,23.0,345,0.009,0.009,0.017,0.061,0.006,0.006,0.893,0.458,0.542,0.02,4.3,,0.183
class_size,2012,01620010,Lunenburg Primary School,School,Computer and Information Sciences,0,0.0,0,0.0,0.0,0.0,0.0,0.0,0.0,0.0,0.0,0.0,0.0,0.0,,0.0
class_size,2012,01620010,Lunenburg Primary School,School,Core-All Subjects,17,22.5,382,0.008,0.008,0.016,0.058,0.008,0.008,0.895,0.448,0.552,0.018,4.2,,0.199
class_size,2012,01620010,Lunenburg Primary School,School,Economics,0,0.0,0,0.0,0.0,0.0,0.0,0.0,0.0,0.0,0.0,0.0,0.0,0.0,,0.0
class_size,2012,01620010,Lunenburg Primary School,School,Engineering and Technology,0,0.0,0,0.0,0.0,0.0,0.0,0.0,0.0,0.0,0.0,0.0,0.0,0.0,,0.0
class_size,2012,01620010,Lunenburg Primary School,School,English/Language Arts,15,23.0,345,0.009,0.009,0.017,0.061,0.006,0.006,0.893,0.458,0.542,0.02,4.3,,0.183
class_size,2012,01620010,Lunenburg Primary School,School,Foreign Language,0,0.0,0,0.0,0.0,0.0,0.0,0.0,0.0,0.0,0.0,0.0,0.0,0.0,,0.0
class_size,2012,01620010,Lunenburg Primary School,School,Geography,0,0.0,0,0.0,0.0,0.0,0.0,0.0,0.0,0.0,0.0,0.0,0.0,0.0,,0.0
class_size,2012,01620010,Lunenburg Primary School,School,Health Care Sciences,0,0.0,0,0.0,0.0,0.0,0.0,0.0,0.0,0.0,0.0,0.0,0.0,0.0,,0.0
class_size,2012,01620010,Lunenburg Primary School,School,History,0,0.0,0,0.0,0.0,0.0,0.0,0.0,0.0,0.0,0.0,0.0,0.0,0.0,,0.0
class_size,2012,01620010,Lunenburg Primary School,School,Hospitality and Tourism,0,0.0,0,0.0,0.0,0.0,0.0,0.0,0.0,0.0,0.0,0.0,0.0,0.0,,0.0
class_size,2012,01620010,Lunenburg Primary School,School,Human Services,0,0.0,0,0.0,0.0,0.0,0.0,0.0,0.0,0.0,0.0,0.0,0.0,0.0,,0.0
class_size,2012,01620010,Lunenburg Primary School,School,Manufacturing,0,0.0,0,0.0,0.0,0.0,0.0,0.0,0.0,0.0,0.0,0.0,0.0,0.0,,0.0
class_size,2012,01620010,Lunenburg Primary School,School,Mathematics,15,23.0,345,0.009,0.009,0.017,0.061,0.006,0.006,0.893,0.458,0.542,0.02,4.3,,0.183
class_size,2012,01620010,Lunenburg Primary School,School,Military Science,0,0.0,0,0.0,0.0,0.0,0.0,0.0,0.0,0.0,0.0,0.0,0.0,0.0,,0.0
class_size,2012,01620010,Lunenburg Primary School,School,Miscellaneous,1,4.0,4,0.0,0.0,0.0,0.0,0.25,0.0,0.75,0.5,0.5,0.0,0.0,,1.0
class_size,2012,01620010,Lunenburg Primary School,School,"Physical, Health, and Safety Education",30,23.0,345,0.009,0.009,0.017,0.061,0.006,0.006,0.893,0.458,0.542,0.02,4.3,,0.183
class_size,2012,01620010,Lunenburg Primary School,School,"Public, Protective, and Government Service",0,0.0,0,0.0,0.0,0.0,0.0,0.0,0.0,0.0,0.0,0.0,0.0,0.0,,0.0
class_size,2012,01620010,Lunenburg Primary School,School,Reading,15,23.0,345,0.009,0.009,0.017,0.061,0.006,0.006,0.893,0.458,0.542,0.02,4.3,,0.183
class_size,2012,01620010,Lunenburg Primary School,School,Religious Education and Theology,0,0.0,0,0.0,0.0,0.0,0.0,0.0,0.0,0.0,0.0,0.0,0.0,0.0,,0.0
class_size,2012,01620010,Lunenburg Primary School,School,Science,15,23.0,345,0.009,0.009,0.017,0.061,0.006,0.006,0.893,0.458,0.542,0.02,4.3,,0.183
class_size,2012,01620010,Lunenburg Primary School,School,Social Studies/Social Sciences,15,23.0,345,0.009,0.009,0.017,0.061,0.006,0.006,0.893,0.458,0.542,0.02,4.3,,0.183
class_size,2012,01620010,Lunenburg Primary School,School,"Transportation, Distribution and Logistics",0,0.0,0,0.0,0.0,0.0,0.0,0.0,0.0,0.0,0.0,0.0,0.0,0.0,,0.0
class_size,2012,01620010,Lunenburg Primary School,School,CH74 - Agriculture and Natural Resources,0,0.0,0,0.0,0.0,0.0,0.0,0.0,0.0,0.0,0.0,0.0,0.0,0.0,,0.0
class_size,2012,01620010,Lunenburg Primary School,School,CH74 - Arts and Communications Services,0,0.0,0,0.0,0.0,0.0,0.0,0.0,0.0,0.0,0.0,0.0,0.0,0.0,,0.0
class_size,2012,01620010,Lunenburg Primary School,School,CH74 - Business and Consumer Services,0,0.0,0,0.0,0.0,0.0,0.0,0.0,0.0,0.0,0.0,0.0,0.0,0.0,,0.0
class_size,2012,01620010,Lunenburg Primary School,School,CH74 - Construction,0,0.0,0,0.0,0.0,0.0,0.0,0.0,0.0,0.0,0.0,0.0,0.0,0.0,,0.0
class_size,2012,01620010,Lunenburg Primary School,School,CH74 - Exploratory,0,0.0,0,0.0,0.0,0.0,0.0,0.0,0.0,0.0,0.0,0.0,0.0,0.0,,0.0
class_size,2012,01620010,Lunenburg Primary School,School,CH74 - Health,0,0.0,0,0.0,0.0,0.0,0.0,0.0,0.0,0.0,0.0,0.0,0.0,0.0,,0.0
class_size,2012,01620010,Lunenburg Primary School,School,CH74 - Hospitality and Tourism,0,0.0,0,0.0,0.0,0.0,0.0,0.0,0.0,0.0,0.0,0.0,0.0,0.0,,0.0
class_size,2012,01620010,Lunenburg Primary School,School,CH74 - Human Services and Education,0,0.0,0,0.0,0.0,0.0,0.0,0.0,0.0,0.0,0.0,0.0,0.0,0.0,,0.0
class_size,2012,01620010,Lunenburg Primary School,School,CH74 - Information Technology Services,0,0.0,0,0.0,0.0,0.0,0.0,0.0,0.0,0.0,0.0,0.0,0.0,0.0,,0.0
class_size,2012,01620010,Lunenburg Primary School,School,CH74 - Transportation,0,0.0,0,0.0,0.0,0.0,0.0,0.0,0.0,0.0,0.0,0.0,0.0,0.0,,0.0
class_size,2012,01620010,Lunenburg Primary School,School,"CH74 - Manufacturing, Engineering and Technology",0,0.0,0,0.0,0.0,0.0,0.0,0.0,0.0,0.0,0.0,0.0,0.0,0.0,,0.0
class_size,2012,01620010,Lunenburg Primary School,School,Architecture and Construction,0,0.0,0,0.0,0.0,0.0,0.0,0.0,0.0,0.0,0.0,0.0,0.0,0.0,,0.0
class_size,2012,01620015,Thomas C Passios Elementary,School,All,196,23.9,355,0.014,0.017,0.014,0.02,0.011,0.006,0.918,0.442,0.558,0.003,8.2,,0.211
class_size,2012,01620015,Thomas C Passios Elementary,School,"Agriculture, Food and Natural Resources",0,0.0,0,0.0,0.0,0.0,0.0,0.0,0.0,0.0,0.0,0.0,0.0,0.0,,0.0
class_size,2012,01620015,Thomas C Passios Elementary,School,Arts,30,24.1,355,0.014,0.017,0.014,0.02,0.011,0.006,0.918,0.442,0.558,0.003,8.2,,0.211
class_size,2012,01620015,Thomas C Passios Elementary,School,Business and Marketing,0,0.0,0,0.0,0.0,0.0,0.0,0.0,0.0,0.0,0.0,0.0,0.0,0.0,,0.0
class_size,2012,01620015,Thomas C Passios Elementary,School,Civics/Government,0,0.0,0,0.0,0.0,0.0,0.0,0.0,0.0,0.0,0.0,0.0,0.0,0.0,,0.0
class_size,2012,01620015,Thomas C Passios Elementary,School,Communications and Audio/Visual Technology,0,0.0,0,0.0,0.0,0.0,0.0,0.0,0.0,0.0,0.0,0.0,0.0,0.0,,0.0
class_size,2012,01620015,Thomas C Passios Elementary,School,Computer and Information Sciences,0,0.0,0,0.0,0.0,0.0,0.0,0.0,0.0,0.0,0.0,0.0,0.0,0.0,,0.0
class_size,2012,01620015,Thomas C Passios Elementary,School,Core-All Subjects,76,23.8,355,0.014,0.017,0.014,0.02,0.011,0.006,0.918,0.442,0.558,0.003,8.2,,0.211
class_size,2012,01620015,Thomas C Passios Elementary,School,Economics,0,0.0,0,0.0,0.0,0.0,0.0,0.0,0.0,0.0,0.0,0.0,0.0,0.0,,0.0
class_size,2012,01620015,Thomas C Passios Elementary,School,Engineering and Technology,0,0.0,0,0.0,0.0,0.0,0.0,0.0,0.0,0.0,0.0,0.0,0.0,0.0,,0.0
class_size,2012,01620015,Thomas C Passios Elementary,School,English/Language Arts,15,23.9,355,0.014,0.017,0.014,0.02,0.011,0.006,0.918,0.442,0.558,0.003,8.2,,0.211
class_size,2012,01620015,Thomas C Passios Elementary,School,Foreign Language,0,0.0,0,0.0,0.0,0.0,0.0,0.0,0.0,0.0,0.0,0.0,0.0,0.0,,0.0
class_size,2012,01620015,Thomas C Passios Elementary,School,Geography,0,0.0,0,0.0,0.0,0.0,0.0,0.0,0.0,0.0,0.0,0.0,0.0,0.0,,0.0
class_size,2012,01620015,Thomas C Passios Elementary,School,Health Care Sciences,0,0.0,0,0.0,0.0,0.0,0.0,0.0,0.0,0.0,0.0,0.0,0.0,0.0,,0.0
class_size,2012,01620015,Thomas C Passios Elementary,School,History,0,0.0,0,0.0,0.0,0.0,0.0,0.0,0.0,0.0,0.0,0.0,0.0,0.0,,0.0
class_size,2012,01620015,Thomas C Passios Elementary,School,Hospitality and Tourism,0,0.0,0,0.0,0.0,0.0,0.0,0.0,0.0,0.0,0.0,0.0,0.0,0.0,,0.0
class_size,2012,01620015,Thomas C Passios Elementary,School,Human Services,0,0.0,0,0.0,0.0,0.0,0.0,0.0,0.0,0.0,0.0,0.0,0.0,0.0,,0.0
class_size,2012,01620015,Thomas C Passios Elementary,School,Manufacturing,0,0.0,0,0.0,0.0,0.0,0.0,0.0,0.0,0.0,0.0,0.0,0.0,0.0,,0.0
class_size,2012,01620015,Thomas C Passios Elementary,School,Mathematics,15,23.9,355,0.014,0.017,0.014,0.02,0.011,0.006,0.918,0.442,0.558,0.003,8.2,,0.211
class_size,2012,01620015,Thomas C Passios Elementary,School,Military Science,0,0.0,0,0.0,0.0,0.0,0.0,0.0,0.0,0.0,0.0,0.0,0.0,0.0,,0.0
class_size,2012,01620015,Thomas C Passios Elementary,School,Miscellaneous,0,0.0,0,0.0,0.0,0.0,0.0,0.0,0.0,0.0,0.0,0.0,0.0,0.0,,0.0
class_size,2012,01620015,Thomas C Passios Elementary,School,"Physical, Health, and Safety Education",15,24.1,355,0.014,0.017,0.014,0.02,0.011,0.006,0.918,0.442,0.558,0.003,8.2,,0.211
class_size,2012,01620015,Thomas C Passios Elementary,School,"Public, Protective, and Government Service",0,0.0,0,0.0,0.0,0.0,0.0,0.0,0.0,0.0,0.0,0.0,0.0,0.0,,0.0
class_size,2012,01620015,Thomas C Passios Elementary,School,Reading,15,23.9,355,0.014,0.017,0.014,0.02,0.011,0.006,0.918,0.442,0.558,0.003,8.2,,0.211
class_size,2012,01620015,Thomas C Passios Elementary,School,Religious Education and Theology,0,0.0,0,0.0,0.0,0.0,0.0,0.0,0.0,0.0,0.0,0.0,0.0,0.0,,0.0
class_size,2012,01620015,Thomas C Passios Elementary,School,Science,15,23.9,355,0.014,0.017,0.014,0.02,0.011,0.006,0.918,0.442,0.558,0.003,8.2,,0.211
class_size,2012,01620015,Thomas C Passios Elementary,School,Social Studies/Social Sciences,15,23.9,355,0.014,0.017,0.014,0.02,0.011,0.006,0.918,0.442,0.558,0.003,8.2,,0.211
class_size,2012,01620015,Thomas C Passios Elementary,School,"Transportation, Distribution and Logistics",0,0.0,0,0.0,0.0,0.0,0.0,0.0,0.0,0.0,0.0,0.0,0.0,0.0,,0.0
class_size,2012,01620015,Thomas C Passios Elementary,School,CH74 - Agriculture and Natural Resources,0,0.0,0,0.0,0.0,0.0,0.0,0.0,0.0,0.0,0.0,0.0,0.0,0.0,,0.0
class_size,2012,01620015,Thomas C Passios Elementary,School,CH74 - Arts and Communications Services,0,0.0,0,0.0,0.0,0.0,0.0,0.0,0.0,0.0,0.0,0.0,0.0,0.0,,0.0
class_size,2012,01620015,Thomas C Passios Elementary,School,CH74 - Business and Consumer Services,0,0.0,0,0.0,0.0,0.0,0.0,0.0,0.0,0.0,0.0,0.0,0.0,0.0,,0.0
class_size,2012,01620015,Thomas C Passios Elementary,School,CH74 - Construction,0,0.0,0,0.0,0.0,0.0,0.0,0.0,0.0,0.0,0.0,0.0,0.0,0.0,,0.0
class_size,2012,01620015,Thomas C Passios Elementary,School,CH74 - Exploratory,0,0.0,0,0.0,0.0,0.0,0.0,0.0,0.0,0.0,0.0,0.0,0.0,0.0,,0.0
class_size,2012,01620015,Thomas C Passios Elementary,School,CH74 - Health,0,0.0,0,0.0,0.0,0.0,0.0,0.0,0.0,0.0,0.0,0.0,0.0,0.0,,0.0
class_size,2012,01620015,Thomas C Passios Elementary,School,CH74 - Hospitality and Tourism,0,0.0,0,0.0,0.0,0.0,0.0,0.0,0.0,0.0,0.0,0.0,0.0,0.0,,0.0
class_size,2012,01620015,Thomas C Passios Elementary,School,CH74 - Human Services and Education,0,0.0,0,0.0,0.0,0.0,0.0,0.0,0.0,0.0,0.0,0.0,0.0,0.0,,0.0
class_size,2012,01620015,Thomas C Passios Elementary,School,CH74 - Information Technology Services,0,0.0,0,0.0,0.0,0.0,0.0,0.0,0.0,0.0,0.0,0.0,0.0,0.0,,0.0
class_size,2012,01620015,Thomas C Passios Elementary,School,CH74 - Transportation,0,0.0,0,0.0,0.0,0.0,0.0,0.0,0.0,0.0,0.0,0.0,0.0,0.0,,0.0
class_size,2012,01620015,Thomas C Passios Elementary,School,"CH74 - Manufacturing, Engineering and Technology",0,0.0,0,0.0,0.0,0.0,0.0,0.0,0.0,0.0,0.0,0.0,0.0,0.0,,0.0
class_size,2012,01620015,Thomas C Passios Elementary,School,Architecture and Construction,0,0.0,0,0.0,0.0,0.0,0.0,0.0,0.0,0.0,0.0,0.0,0.0,0.0,,0.0
class_size,2012,01620020,Turkey Hill Middle,School,All,224,19.0,386,0.003,0.018,0.026,0.028,0.0,0.003,0.922,0.503,0.497,0.003,11.9,,0.181
class_size,2012,01620020,Turkey Hill Middle,School,"Agriculture, Food and Natural Resources",0,0.0,0,0.0,0.0,0.0,0.0,0.0,0.0,0.0,0.0,0.0,0.0,0.0,,0.0
class_size,2012,01620020,Turkey Hill Middle,School,Arts,33,21.4,384,0.003,0.018,0.026,0.029,0.0,0.003,0.922,0.503,0.497,0.003,12.0,,0.177
class_size,2012,01620020,Turkey Hill Middle,School,Business and Marketing,0,0.0,0,0.0,0.0,0.0,0.0,0.0,0.0,0.0,0.0,0.0,0.0,0.0,,0.0
class_size,2012,01620020,Turkey Hill Middle,School,Civics/Government,0,0.0,0,0.0,0.0,0.0,0.0,0.0,0.0,0.0,0.0,0.0,0.0,0.0,,0.0
class_size,2012,01620020,Turkey Hill Middle,School,Communications and Audio/Visual Technology,0,0.0,0,0.0,0.0,0.0,0.0,0.0,0.0,0.0,0.0,0.0,0.0,0.0,,0.0
class_size,2012,01620020,Turkey Hill Middle,School,Computer and Information Sciences,0,0.0,0,0.0,0.0,0.0,0.0,0.0,0.0,0.0,0.0,0.0,0.0,0.0,,0.0
class_size,2012,01620020,Turkey Hill Middle,School,Core-All Subjects,60,20.3,384,0.003,0.018,0.026,0.029,0.0,0.003,0.922,0.503,0.497,0.003,12.0,,0.177
class_size,2012,01620020,Turkey Hill Middle,School,Economics,0,0.0,0,0.0,0.0,0.0,0.0,0.0,0.0,0.0,0.0,0.0,0.0,0.0,,0.0
class_size,2012,01620020,Turkey Hill Middle,School,Engineering and Technology,0,0.0,0,0.0,0.0,0.0,0.0,0.0,0.0,0.0,0.0,0.0,0.0,0.0,,0.0
class_size,2012,01620020,Turkey Hill Middle,School,English/Language Arts,17,22.3,379,0.003,0.018,0.024,0.026,0.0,0.003,0.926,0.501,0.499,0.0,11.9,,0.166
class_size,2012,01620020,Turkey Hill Middle,School,Foreign Language,5,22.6,113,0.0,0.044,0.027,0.018,0.0,0.0,0.912,0.513,0.487,0.0,9.7,,0.097
class_size,2012,01620020,Turkey Hill Middle,School,Geography,0,0.0,0,0.0,0.0,0.0,0.0,0.0,0.0,0.0,0.0,0.0,0.0,0.0,,0.0
class_size,2012,01620020,Turkey Hill Middle,School,Health Care Sciences,0,0.0,0,0.0,0.0,0.0,0.0,0.0,0.0,0.0,0.0,0.0,0.0,0.0,,0.0
class_size,2012,01620020,Turkey Hill Middle,School,History,0,0.0,0,0.0,0.0,0.0,0.0,0.0,0.0,0.0,0.0,0.0,0.0,0.0,,0.0
class_size,2012,01620020,Turkey Hill Middle,School,Hospitality and Tourism,0,0.0,0,0.0,0.0,0.0,0.0,0.0,0.0,0.0,0.0,0.0,0.0,0.0,,0.0
class_size,2012,01620020,Turkey Hill Middle,School,Human Services,0,0.0,0,0.0,0.0,0.0,0.0,0.0,0.0,0.0,0.0,0.0,0.0,0.0,,0.0
class_size,2012,01620020,Turkey Hill Middle,School,Manufacturing,0,0.0,0,0.0,0.0,0.0,0.0,0.0,0.0,0.0,0.0,0.0,0.0,0.0,,0.0
class_size,2012,01620020,Turkey Hill Middle,School,Mathematics,18,20.9,376,0.003,0.019,0.024,0.027,0.0,0.003,0.926,0.5,0.5,0.0,11.7,,0.16
class_size,2012,01620020,Turkey Hill Middle,School,Military Science,0,0.0,0,0.0,0.0,0.0,0.0,0.0,0.0,0.0,0.0,0.0,0.0,0.0,,0.0
class_size,2012,01620020,Turkey Hill Middle,School,Miscellaneous,6,5.3,16,0.0,0.0,0.063,0.125,0.0,0.0,0.813,0.313,0.688,0.063,25.0,,1.0
class_size,2012,01620020,Turkey Hill Middle,School,"Physical, Health, and Safety Education",51,13.3,382,0.003,0.018,0.026,0.029,0.0,0.003,0.921,0.505,0.495,0.003,12.0,,0.178
class_size,2012,01620020,Turkey Hill Middle,School,"Public, Protective, and Government Service",0,0.0,0,0.0,0.0,0.0,0.0,0.0,0.0,0.0,0.0,0.0,0.0,0.0,,0.0
class_size,2012,01620020,Turkey Hill Middle,School,Reading,0,0.0,0,0.0,0.0,0.0,0.0,0.0,0.0,0.0,0.0,0.0,0.0,0.0,,0.0
class_size,2012,01620020,Turkey Hill Middle,School,Religious Education and Theology,0,0.0,0,0.0,0.0,0.0,0.0,0.0,0.0,0.0,0.0,0.0,0.0,0.0,,0.0
class_size,2012,01620020,Turkey Hill Middle,School,Science,17,22.4,381,0.003,0.018,0.024,0.026,0.0,0.003,0.927,0.504,0.496,0.0,11.8,,0.171
class_size,2012,01620020,Turkey Hill Middle,School,Social Studies/Social Sciences,17,22.4,381,0.003,0.018,0.024,0.026,0.0,0.003,0.927,0.504,0.496,0.0,11.8,,0.171
class_size,2012,01620020,Turkey Hill Middle,School,"Transportation, Distribution and Logistics",0,0.0,0,0.0,0.0,0.0,0.0,0.0,0.0,0.0,0.0,0.0,0.0,0.0,,0.0
class_size,2012,01620020,Turkey Hill Middle,School,CH74 - Agriculture and Natural Resources,0,0.0,0,0.0,0.0,0.0,0.0,0.0,0.0,0.0,0.0,0.0,0.0,0.0,,0.0
class_size,2012,01620020,Turkey Hill Middle,School,CH74 - Arts and Communications Services,0,0.0,0,0.0,0.0,0.0,0.0,0.0,0.0,0.0,0.0,0.0,0.0,0.0,,0.0
class_size,2012,01620020,Turkey Hill Middle,School,CH74 - Business and Consumer Services,0,0.0,0,0.0,0.0,0.0,0.0,0.0,0.0,0.0,0.0,0.0,0.0,0.0,,0.0
class_size,2012,01620020,Turkey Hill Middle,School,CH74 - Construction,0,0.0,0,0.0,0.0,0.0,0.0,0.0,0.0,0.0,0.0,0.0,0.0,0.0,,0.0
class_size,2012,01620020,Turkey Hill Middle,School,CH74 - Exploratory,0,0.0,0,0.0,0.0,0.0,0.0,0.0,0.0,0.0,0.0,0.0,0.0,0.0,,0.0
class_size,2012,01620020,Turkey Hill Middle,School,CH74 - Health,0,0.0,0,0.0,0.0,0.0,0.0,0.0,0.0,0.0,0.0,0.0,0.0,0.0,,0.0
class_size,2012,01620020,Turkey Hill Middle,School,CH74 - Hospitality and Tourism,0,0.0,0,0.0,0.0,0.0,0.0,0.0,0.0,0.0,0.0,0.0,0.0,0.0,,0.0
class_size,2012,01620020,Turkey Hill Middle,School,CH74 - Human Services and Education,0,0.0,0,0.0,0.0,0.0,0.0,0.0,0.0,0.0,0.0,0.0,0.0,0.0,,0.0
class_size,2012,01620020,Turkey Hill Middle,School,CH74 - Information Technology Services,0,0.0,0,0.0,0.0,0.0,0.0,0.0,0.0,0.0,0.0,0.0,0.0,0.0,,0.0
class_size,2012,01620020,Turkey Hill Middle,School,CH74 - Transportation,0,0.0,0,0.0,0.0,0.0,0.0,0.0,0.0,0.0,0.0,0.0,0.0,0.0,,0.0
class_size,2012,01620020,Turkey Hill Middle,School,"CH74 - Manufacturing, Engineering and Technology",0,0.0,0,0.0,0.0,0.0,0.0,0.0,0.0,0.0,0.0,0.0,0.0,0.0,,0.0
class_size,2012,01620020,Turkey Hill Middle,School,Architecture and Construction,0,0.0,0,0.0,0.0,0.0,0.0,0.0,0.0,0.0,0.0,0.0,0.0,0.0,,0.0
class_size,2011,01620000,Lunenburg,District,All,439,24.7,1633,0.005,0.015,0.012,0.022,0.013,0.003,0.93,0.49,0.51,0.005,10.0,,0.157
class_size,2011,01620000,Lunenburg,District,"Agriculture, Food and Natural Resources",1,20.0,20,0.0,0.0,0.0,0.0,0.05,0.0,0.95,0.6,0.4,0.0,25.0,,0.25
class_size,2011,01620000,Lunenburg,District,Arts,71,30.8,1253,0.005,0.015,0.014,0.022,0.016,0.003,0.925,0.5,0.5,0.006,8.8,,0.162
class_size,2011,01620000,Lunenburg,District,Business and Marketing,0,0.0,0,0.0,0.0,0.0,0.0,0.0,0.0,0.0,0.0,0.0,0.0,0.0,,0.0
class_size,2011,01620000,Lunenburg,District,Civics/Government,1,13.0,13,0.0,0.154,0.0,0.0,0.0,0.0,0.846,0.308,0.692,0.0,15.4,,0.0
class_size,2011,01620000,Lunenburg,District,Communications and Audio/Visual Technology,3,10.0,30,0.0,0.067,0.0,0.0,0.0,0.0,0.933,0.467,0.533,0.0,10.0,,0.033
class_size,2011,01620000,Lunenburg,District,Computer and Information Sciences,0,0.0,0,0.0,0.0,0.0,0.0,0.0,0.0,0.0,0.0,0.0,0.0,0.0,,0.0
class_size,2011,01620000,Lunenburg,District,Core-All Subjects,38,28.1,734,0.005,0.01,0.008,0.03,0.018,0.005,0.924,0.459,0.541,0.01,8.4,,0.198
class_size,2011,01620000,Lunenburg,District,Economics,0,0.0,0,0.0,0.0,0.0,0.0,0.0,0.0,0.0,0.0,0.0,0.0,0.0,,0.0
class_size,2011,01620000,Lunenburg,District,Engineering and Technology,20,19.8,395,0.003,0.023,0.02,0.015,0.005,0.0,0.934,0.496,0.504,0.0,10.4,,0.167
class_size,2011,01620000,Lunenburg,District,English/Language Arts,31,29.0,885,0.005,0.019,0.015,0.016,0.01,0.001,0.934,0.516,0.484,0.001,10.8,,0.112
class_size,2011,01620000,Lunenburg,District,Foreign Language,30,18.1,526,0.006,0.019,0.01,0.017,0.013,0.002,0.933,0.536,0.464,0.002,10.5,,0.057
class_size,2011,01620000,Lunenburg,District,Geography,4,31.0,124,0.0,0.048,0.024,0.024,0.0,0.0,0.903,0.476,0.524,0.0,10.5,,0.169
class_size,2011,01620000,Lunenburg,District,Health Care Sciences,0,0.0,0,0.0,0.0,0.0,0.0,0.0,0.0,0.0,0.0,0.0,0.0,0.0,,0.0
class_size,2011,01620000,Lunenburg,District,History,27,21.0,558,0.005,0.016,0.007,0.016,0.013,0.002,0.941,0.516,0.484,0.002,10.9,,0.088
class_size,2011,01620000,Lunenburg,District,Hospitality and Tourism,0,0.0,0,0.0,0.0,0.0,0.0,0.0,0.0,0.0,0.0,0.0,0.0,0.0,,0.0
class_size,2011,01620000,Lunenburg,District,Human Services,0,0.0,0,0.0,0.0,0.0,0.0,0.0,0.0,0.0,0.0,0.0,0.0,0.0,,0.0
class_size,2011,01620000,Lunenburg,District,Manufacturing,0,0.0,0,0.0,0.0,0.0,0.0,0.0,0.0,0.0,0.0,0.0,0.0,0.0,,0.0
class_size,2011,01620000,Lunenburg,District,Mathematics,34,26.3,878,0.005,0.021,0.015,0.016,0.01,0.001,0.933,0.518,0.482,0.001,10.8,,0.115
class_size,2011,01620000,Lunenburg,District,Military Science,0,0.0,0,0.0,0.0,0.0,0.0,0.0,0.0,0.0,0.0,0.0,0.0,0.0,,0.0
class_size,2011,01620000,Lunenburg,District,Miscellaneous,49,17.9,487,0.004,0.016,0.018,0.014,0.006,0.0,0.94,0.53,0.47,0.0,12.3,,0.236
class_size,2011,01620000,Lunenburg,District,"Physical, Health, and Safety Education",83,25.1,1365,0.006,0.012,0.013,0.022,0.015,0.004,0.927,0.494,0.506,0.006,10.0,,0.16
class_size,2011,01620000,Lunenburg,District,"Public, Protective, and Government Service",0,0.0,0,0.0,0.0,0.0,0.0,0.0,0.0,0.0,0.0,0.0,0.0,0.0,,0.0
class_size,2011,01620000,Lunenburg,District,Reading,0,0.0,0,0.0,0.0,0.0,0.0,0.0,0.0,0.0,0.0,0.0,0.0,0.0,,0.0
class_size,2011,01620000,Lunenburg,District,Religious Education and Theology,0,0.0,0,0.0,0.0,0.0,0.0,0.0,0.0,0.0,0.0,0.0,0.0,0.0,,0.0
class_size,2011,01620000,Lunenburg,District,Science,36,26.1,856,0.005,0.02,0.015,0.016,0.011,0.001,0.932,0.514,0.486,0.001,10.4,,0.112
class_size,2011,01620000,Lunenburg,District,Social Studies/Social Sciences,8,20.0,159,0.006,0.013,0.031,0.013,0.006,0.0,0.931,0.509,0.491,0.0,10.7,,0.157
class_size,2011,01620000,Lunenburg,District,"Transportation, Distribution and Logistics",0,0.0,0,0.0,0.0,0.0,0.0,0.0,0.0,0.0,0.0,0.0,0.0,0.0,,0.0
class_size,2011,01620000,Lunenburg,District,CH74 - Agriculture and Natural Resources,0,0.0,0,0.0,0.0,0.0,0.0,0.0,0.0,0.0,0.0,0.0,0.0,0.0,,0.0
class_size,2011,01620000,Lunenburg,District,CH74 - Arts and Communications Services,0,0.0,0,0.0,0.0,0.0,0.0,0.0,0.0,0.0,0.0,0.0,0.0,0.0,,0.0
class_size,2011,01620000,Lunenburg,District,CH74 - Business and Consumer Services,0,0.0,0,0.0,0.0,0.0,0.0,0.0,0.0,0.0,0.0,0.0,0.0,0.0,,0.0
class_size,2011,01620000,Lunenburg,District,CH74 - Construction,0,0.0,0,0.0,0.0,0.0,0.0,0.0,0.0,0.0,0.0,0.0,0.0,0.0,,0.0
class_size,2011,01620000,Lunenburg,District,CH74 - Exploratory,0,0.0,0,0.0,0.0,0.0,0.0,0.0,0.0,0.0,0.0,0.0,0.0,0.0,,0.0
class_size,2011,01620000,Lunenburg,District,CH74 - Health,0,0.0,0,0.0,0.0,0.0,0.0,0.0,0.0,0.0,0.0,0.0,0.0,0.0,,0.0
class_size,2011,01620000,Lunenburg,District,CH74 - Hospitality and Tourism,0,0.0,0,0.0,0.0,0.0,0.0,0.0,0.0,0.0,0.0,0.0,0.0,0.0,,0.0
class_size,2011,01620000,Lunenburg,District,CH74 - Human Services and Education,0,0.0,0,0.0,0.0,0.0,0.0,0.0,0.0,0.0,0.0,0.0,0.0,0.0,,0.0
class_size,2011,01620000,Lunenburg,District,CH74 - Information Technology Services,0,0.0,0,0.0,0.0,0.0,0.0,0.0,0.0,0.0,0.0,0.0,0.0,0.0,,0.0
class_size,2011,01620000,Lunenburg,District,CH74 - Transportation,0,0.0,0,0.0,0.0,0.0,0.0,0.0,0.0,0.0,0.0,0.0,0.0,0.0,,0.0
class_size,2011,01620000,Lunenburg,District,"CH74 - Manufacturing, Engineering and Technology",0,0.0,0,0.0,0.0,0.0,0.0,0.0,0.0,0.0,0.0,0.0,0.0,0.0,,0.0
class_size,2011,01620000,Lunenburg,District,Architecture and Construction,3,14.3,40,0.0,0.0,0.0,0.0,0.025,0.0,0.975,0.075,0.925,0.0,2.5,,0.1
class_size,2011,01620505,Lunenburg High,School,All,176,18.8,529,0.006,0.019,0.011,0.013,0.013,0.002,0.936,0.526,0.474,0.002,12.1,,0.096
class_size,2011,01620505,Lunenburg High,School,"Agriculture, Food and Natural Resources",1,20.0,20,0.0,0.0,0.0,0.0,0.05,0.0,0.95,0.6,0.4,0.0,25.0,,0.25
class_size,2011,01620505,Lunenburg High,School,Arts,9,22.9,192,0.005,0.026,0.021,0.01,0.026,0.0,0.911,0.625,0.375,0.0,7.8,,0.078
class_size,2011,01620505,Lunenburg High,School,Business and Marketing,0,0.0,0,0.0,0.0,0.0,0.0,0.0,0.0,0.0,0.0,0.0,0.0,0.0,,0.0
class_size,2011,01620505,Lunenburg High,School,Civics/Government,1,13.0,13,0.0,0.154,0.0,0.0,0.0,0.0,0.846,0.308,0.692,0.0,15.4,,0.0
class_size,2011,01620505,Lunenburg High,School,Communications and Audio/Visual Technology,3,10.0,30,0.0,0.067,0.0,0.0,0.0,0.0,0.933,0.467,0.533,0.0,10.0,,0.033
class_size,2011,01620505,Lunenburg High,School,Computer and Information Sciences,0,0.0,0,0.0,0.0,0.0,0.0,0.0,0.0,0.0,0.0,0.0,0.0,0.0,,0.0
class_size,2011,01620505,Lunenburg High,School,Core-All Subjects,0,0.0,0,0.0,0.0,0.0,0.0,0.0,0.0,0.0,0.0,0.0,0.0,0.0,,0.0
class_size,2011,01620505,Lunenburg High,School,Economics,0,0.0,0,0.0,0.0,0.0,0.0,0.0,0.0,0.0,0.0,0.0,0.0,0.0,,0.0
class_size,2011,01620505,Lunenburg High,School,Engineering and Technology,2,11.5,23,0.0,0.043,0.0,0.0,0.0,0.0,0.957,0.304,0.696,0.0,17.4,,0.043
class_size,2011,01620505,Lunenburg High,School,English/Language Arts,25,21.2,516,0.006,0.019,0.01,0.014,0.014,0.002,0.936,0.527,0.473,0.002,11.2,,0.078
class_size,2011,01620505,Lunenburg High,School,Foreign Language,24,18.0,416,0.007,0.022,0.012,0.017,0.014,0.002,0.925,0.536,0.464,0.002,10.8,,0.065
class_size,2011,01620505,Lunenburg High,School,Geography,0,0.0,0,0.0,0.0,0.0,0.0,0.0,0.0,0.0,0.0,0.0,0.0,0.0,,0.0
class_size,2011,01620505,Lunenburg High,School,Health Care Sciences,0,0.0,0,0.0,0.0,0.0,0.0,0.0,0.0,0.0,0.0,0.0,0.0,0.0,,0.0
class_size,2011,01620505,Lunenburg High,School,History,22,20.0,432,0.007,0.019,0.009,0.016,0.014,0.002,0.933,0.514,0.486,0.002,11.1,,0.069
class_size,2011,01620505,Lunenburg High,School,Hospitality and Tourism,0,0.0,0,0.0,0.0,0.0,0.0,0.0,0.0,0.0,0.0,0.0,0.0,0.0,,0.0
class_size,2011,01620505,Lunenburg High,School,Human Services,0,0.0,0,0.0,0.0,0.0,0.0,0.0,0.0,0.0,0.0,0.0,0.0,0.0,,0.0
class_size,2011,01620505,Lunenburg High,School,Manufacturing,0,0.0,0,0.0,0.0,0.0,0.0,0.0,0.0,0.0,0.0,0.0,0.0,0.0,,0.0
class_size,2011,01620505,Lunenburg High,School,Mathematics,26,20.0,507,0.006,0.02,0.01,0.014,0.014,0.002,0.935,0.531,0.469,0.002,11.2,,0.077
class_size,2011,01620505,Lunenburg High,School,Military Science,0,0.0,0,0.0,0.0,0.0,0.0,0.0,0.0,0.0,0.0,0.0,0.0,0.0,,0.0
class_size,2011,01620505,Lunenburg High,School,Miscellaneous,13,9.7,110,0.009,0.0,0.009,0.0,0.0,0.0,0.982,0.627,0.373,0.0,19.1,,0.436
class_size,2011,01620505,Lunenburg High,School,"Physical, Health, and Safety Education",17,18.7,303,0.01,0.01,0.013,0.017,0.02,0.003,0.927,0.551,0.449,0.003,13.9,,0.099
class_size,2011,01620505,Lunenburg High,School,"Public, Protective, and Government Service",0,0.0,0,0.0,0.0,0.0,0.0,0.0,0.0,0.0,0.0,0.0,0.0,0.0,,0.0
class_size,2011,01620505,Lunenburg High,School,Reading,0,0.0,0,0.0,0.0,0.0,0.0,0.0,0.0,0.0,0.0,0.0,0.0,0.0,,0.0
class_size,2011,01620505,Lunenburg High,School,Religious Education and Theology,0,0.0,0,0.0,0.0,0.0,0.0,0.0,0.0,0.0,0.0,0.0,0.0,0.0,,0.0
class_size,2011,01620505,Lunenburg High,School,Science,28,20.1,481,0.006,0.019,0.01,0.015,0.015,0.002,0.933,0.524,0.476,0.002,10.6,,0.064
class_size,2011,01620505,Lunenburg High,School,Social Studies/Social Sciences,2,17.5,34,0.0,0.029,0.0,0.0,0.0,0.0,0.971,0.471,0.529,0.0,14.7,,0.0
class_size,2011,01620505,Lunenburg High,School,"Transportation, Distribution and Logistics",0,0.0,0,0.0,0.0,0.0,0.0,0.0,0.0,0.0,0.0,0.0,0.0,0.0,,0.0
class_size,2011,01620505,Lunenburg High,School,CH74 - Agriculture and Natural Resources,0,0.0,0,0.0,0.0,0.0,0.0,0.0,0.0,0.0,0.0,0.0,0.0,0.0,,0.0
class_size,2011,01620505,Lunenburg High,School,CH74 - Arts and Communications Services,0,0.0,0,0.0,0.0,0.0,0.0,0.0,0.0,0.0,0.0,0.0,0.0,0.0,,0.0
class_size,2011,01620505,Lunenburg High,School,CH74 - Business and Consumer Services,0,0.0,0,0.0,0.0,0.0,0.0,0.0,0.0,0.0,0.0,0.0,0.0,0.0,,0.0
class_size,2011,01620505,Lunenburg High,School,CH74 - Construction,0,0.0,0,0.0,0.0,0.0,0.0,0.0,0.0,0.0,0.0,0.0,0.0,0.0,,0.0
class_size,2011,01620505,Lunenburg High,School,CH74 - Exploratory,0,0.0,0,0.0,0.0,0.0,0.0,0.0,0.0,0.0,0.0,0.0,0.0,0.0,,0.0
class_size,2011,01620505,Lunenburg High,School,CH74 - Health,0,0.0,0,0.0,0.0,0.0,0.0,0.0,0.0,0.0,0.0,0.0,0.0,0.0,,0.0
class_size,2011,01620505,Lunenburg High,School,CH74 - Hospitality and Tourism,0,0.0,0,0.0,0.0,0.0,0.0,0.0,0.0,0.0,0.0,0.0,0.0,0.0,,0.0
class_size,2011,01620505,Lunenburg High,School,CH74 - Human Services and Education,0,0.0,0,0.0,0.0,0.0,0.0,0.0,0.0,0.0,0.0,0.0,0.0,0.0,,0.0
class_size,2011,01620505,Lunenburg High,School,CH74 - Information Technology Services,0,0.0,0,0.0,0.0,0.0,0.0,0.0,0.0,0.0,0.0,0.0,0.0,0.0,,0.0
class_size,2011,01620505,Lunenburg High,School,CH74 - Transportation,0,0.0,0,0.0,0.0,0.0,0.0,0.0,0.0,0.0,0.0,0.0,0.0,0.0,,0.0
class_size,2011,01620505,Lunenburg High,School,"CH74 - Manufacturing, Engineering and Technology",0,0.0,0,0.0,0.0,0.0,0.0,0.0,0.0,0.0,0.0,0.0,0.0,0.0,,0.0
class_size,2011,01620505,Lunenburg High,School,Architecture and Construction,3,14.3,40,0.0,0.0,0.0,0.0,0.025,0.0,0.975,0.075,0.925,0.0,2.5,,0.1
class_size,2011,01620010,Lunenburg Primary School,School,All,23,87.1,369,0.003,0.011,0.011,0.046,0.016,0.003,0.911,0.431,0.569,0.011,8.4,,0.225
class_size,2011,01620010,Lunenburg Primary School,School,"Agriculture, Food and Natural Resources",0,0.0,0,0.0,0.0,0.0,0.0,0.0,0.0,0.0,0.0,0.0,0.0,0.0,,0.0
class_size,2011,01620010,Lunenburg Primary School,School,Arts,2,327.0,327,0.003,0.012,0.012,0.04,0.018,0.003,0.911,0.44,0.56,0.012,8.0,,0.205
class_size,2011,01620010,Lunenburg Primary School,School,Business and Marketing,0,0.0,0,0.0,0.0,0.0,0.0,0.0,0.0,0.0,0.0,0.0,0.0,0.0,,0.0
class_size,2011,01620010,Lunenburg Primary School,School,Civics/Government,0,0.0,0,0.0,0.0,0.0,0.0,0.0,0.0,0.0,0.0,0.0,0.0,0.0,,0.0
class_size,2011,01620010,Lunenburg Primary School,School,Communications and Audio/Visual Technology,0,0.0,0,0.0,0.0,0.0,0.0,0.0,0.0,0.0,0.0,0.0,0.0,0.0,,0.0
class_size,2011,01620010,Lunenburg Primary School,School,Computer and Information Sciences,0,0.0,0,0.0,0.0,0.0,0.0,0.0,0.0,0.0,0.0,0.0,0.0,0.0,,0.0
class_size,2011,01620010,Lunenburg Primary School,School,Core-All Subjects,19,36.6,369,0.003,0.011,0.011,0.046,0.016,0.003,0.911,0.431,0.569,0.011,8.4,,0.225
class_size,2011,01620010,Lunenburg Primary School,School,Economics,0,0.0,0,0.0,0.0,0.0,0.0,0.0,0.0,0.0,0.0,0.0,0.0,0.0,,0.0
class_size,2011,01620010,Lunenburg Primary School,School,Engineering and Technology,0,0.0,0,0.0,0.0,0.0,0.0,0.0,0.0,0.0,0.0,0.0,0.0,0.0,,0.0
class_size,2011,01620010,Lunenburg Primary School,School,English/Language Arts,0,0.0,0,0.0,0.0,0.0,0.0,0.0,0.0,0.0,0.0,0.0,0.0,0.0,,0.0
class_size,2011,01620010,Lunenburg Primary School,School,Foreign Language,0,0.0,0,0.0,0.0,0.0,0.0,0.0,0.0,0.0,0.0,0.0,0.0,0.0,,0.0
class_size,2011,01620010,Lunenburg Primary School,School,Geography,0,0.0,0,0.0,0.0,0.0,0.0,0.0,0.0,0.0,0.0,0.0,0.0,0.0,,0.0
class_size,2011,01620010,Lunenburg Primary School,School,Health Care Sciences,0,0.0,0,0.0,0.0,0.0,0.0,0.0,0.0,0.0,0.0,0.0,0.0,0.0,,0.0
class_size,2011,01620010,Lunenburg Primary School,School,History,0,0.0,0,0.0,0.0,0.0,0.0,0.0,0.0,0.0,0.0,0.0,0.0,0.0,,0.0
class_size,2011,01620010,Lunenburg Primary School,School,Hospitality and Tourism,0,0.0,0,0.0,0.0,0.0,0.0,0.0,0.0,0.0,0.0,0.0,0.0,0.0,,0.0
class_size,2011,01620010,Lunenburg Primary School,School,Human Services,0,0.0,0,0.0,0.0,0.0,0.0,0.0,0.0,0.0,0.0,0.0,0.0,0.0,,0.0
class_size,2011,01620010,Lunenburg Primary School,School,Manufacturing,0,0.0,0,0.0,0.0,0.0,0.0,0.0,0.0,0.0,0.0,0.0,0.0,0.0,,0.0
class_size,2011,01620010,Lunenburg Primary School,School,Mathematics,0,0.0,0,0.0,0.0,0.0,0.0,0.0,0.0,0.0,0.0,0.0,0.0,0.0,,0.0
class_size,2011,01620010,Lunenburg Primary School,School,Military Science,0,0.0,0,0.0,0.0,0.0,0.0,0.0,0.0,0.0,0.0,0.0,0.0,0.0,,0.0
class_size,2011,01620010,Lunenburg Primary School,School,Miscellaneous,0,0.0,0,0.0,0.0,0.0,0.0,0.0,0.0,0.0,0.0,0.0,0.0,0.0,,0.0
class_size,2011,01620010,Lunenburg Primary School,School,"Physical, Health, and Safety Education",2,327.0,327,0.003,0.012,0.012,0.04,0.018,0.003,0.911,0.44,0.56,0.012,8.0,,0.205
class_size,2011,01620010,Lunenburg Primary School,School,"Public, Protective, and Government Service",0,0.0,0,0.0,0.0,0.0,0.0,0.0,0.0,0.0,0.0,0.0,0.0,0.0,,0.0
class_size,2011,01620010,Lunenburg Primary School,School,Reading,0,0.0,0,0.0,0.0,0.0,0.0,0.0,0.0,0.0,0.0,0.0,0.0,0.0,,0.0
class_size,2011,01620010,Lunenburg Primary School,School,Religious Education and Theology,0,0.0,0,0.0,0.0,0.0,0.0,0.0,0.0,0.0,0.0,0.0,0.0,0.0,,0.0
class_size,2011,01620010,Lunenburg Primary School,School,Science,0,0.0,0,0.0,0.0,0.0,0.0,0.0,0.0,0.0,0.0,0.0,0.0,0.0,,0.0
class_size,2011,01620010,Lunenburg Primary School,School,Social Studies/Social Sciences,0,0.0,0,0.0,0.0,0.0,0.0,0.0,0.0,0.0,0.0,0.0,0.0,0.0,,0.0
class_size,2011,01620010,Lunenburg Primary School,School,"Transportation, Distribution and Logistics",0,0.0,0,0.0,0.0,0.0,0.0,0.0,0.0,0.0,0.0,0.0,0.0,0.0,,0.0
class_size,2011,01620010,Lunenburg Primary School,School,CH74 - Agriculture and Natural Resources,0,0.0,0,0.0,0.0,0.0,0.0,0.0,0.0,0.0,0.0,0.0,0.0,0.0,,0.0
class_size,2011,01620010,Lunenburg Primary School,School,CH74 - Arts and Communications Services,0,0.0,0,0.0,0.0,0.0,0.0,0.0,0.0,0.0,0.0,0.0,0.0,0.0,,0.0
class_size,2011,01620010,Lunenburg Primary School,School,CH74 - Business and Consumer Services,0,0.0,0,0.0,0.0,0.0,0.0,0.0,0.0,0.0,0.0,0.0,0.0,0.0,,0.0
class_size,2011,01620010,Lunenburg Primary School,School,CH74 - Construction,0,0.0,0,0.0,0.0,0.0,0.0,0.0,0.0,0.0,0.0,0.0,0.0,0.0,,0.0
class_size,2011,01620010,Lunenburg Primary School,School,CH74 - Exploratory,0,0.0,0,0.0,0.0,0.0,0.0,0.0,0.0,0.0,0.0,0.0,0.0,0.0,,0.0
class_size,2011,01620010,Lunenburg Primary School,School,CH74 - Health,0,0.0,0,0.0,0.0,0.0,0.0,0.0,0.0,0.0,0.0,0.0,0.0,0.0,,0.0
class_size,2011,01620010,Lunenburg Primary School,School,CH74 - Hospitality and Tourism,0,0.0,0,0.0,0.0,0.0,0.0,0.0,0.0,0.0,0.0,0.0,0.0,0.0,,0.0
class_size,2011,01620010,Lunenburg Primary School,School,CH74 - Human Services and Education,0,0.0,0,0.0,0.0,0.0,0.0,0.0,0.0,0.0,0.0,0.0,0.0,0.0,,0.0
class_size,2011,01620010,Lunenburg Primary School,School,CH74 - Information Technology Services,0,0.0,0,0.0,0.0,0.0,0.0,0.0,0.0,0.0,0.0,0.0,0.0,0.0,,0.0
class_size,2011,01620010,Lunenburg Primary School,School,CH74 - Transportation,0,0.0,0,0.0,0.0,0.0,0.0,0.0,0.0,0.0,0.0,0.0,0.0,0.0,,0.0
class_size,2011,01620010,Lunenburg Primary School,School,"CH74 - Manufacturing, Engineering and Technology",0,0.0,0,0.0,0.0,0.0,0.0,0.0,0.0,0.0,0.0,0.0,0.0,0.0,,0.0
class_size,2011,01620010,Lunenburg Primary School,School,Architecture and Construction,0,0.0,0,0.0,0.0,0.0,0.0,0.0,0.0,0.0,0.0,0.0,0.0,0.0,,0.0
class_size,2011,01620015,Thomas C Passios Elementary,School,All,64,22.3,357,0.008,0.006,0.006,0.014,0.017,0.008,0.941,0.485,0.515,0.008,8.4,,0.151
class_size,2011,01620015,Thomas C Passios Elementary,School,"Agriculture, Food and Natural Resources",0,0.0,0,0.0,0.0,0.0,0.0,0.0,0.0,0.0,0.0,0.0,0.0,0.0,,0.0
class_size,2011,01620015,Thomas C Passios Elementary,School,Arts,32,22.3,357,0.008,0.006,0.006,0.014,0.017,0.008,0.941,0.485,0.515,0.008,8.4,,0.151
class_size,2011,01620015,Thomas C Passios Elementary,School,Business and Marketing,0,0.0,0,0.0,0.0,0.0,0.0,0.0,0.0,0.0,0.0,0.0,0.0,0.0,,0.0
class_size,2011,01620015,Thomas C Passios Elementary,School,Civics/Government,0,0.0,0,0.0,0.0,0.0,0.0,0.0,0.0,0.0,0.0,0.0,0.0,0.0,,0.0
class_size,2011,01620015,Thomas C Passios Elementary,School,Communications and Audio/Visual Technology,0,0.0,0,0.0,0.0,0.0,0.0,0.0,0.0,0.0,0.0,0.0,0.0,0.0,,0.0
class_size,2011,01620015,Thomas C Passios Elementary,School,Computer and Information Sciences,0,0.0,0,0.0,0.0,0.0,0.0,0.0,0.0,0.0,0.0,0.0,0.0,0.0,,0.0
class_size,2011,01620015,Thomas C Passios Elementary,School,Core-All Subjects,16,22.3,357,0.008,0.006,0.006,0.014,0.017,0.008,0.941,0.485,0.515,0.008,8.4,,0.151
class_size,2011,01620015,Thomas C Passios Elementary,School,Economics,0,0.0,0,0.0,0.0,0.0,0.0,0.0,0.0,0.0,0.0,0.0,0.0,0.0,,0.0
class_size,2011,01620015,Thomas C Passios Elementary,School,Engineering and Technology,0,0.0,0,0.0,0.0,0.0,0.0,0.0,0.0,0.0,0.0,0.0,0.0,0.0,,0.0
class_size,2011,01620015,Thomas C Passios Elementary,School,English/Language Arts,0,0.0,0,0.0,0.0,0.0,0.0,0.0,0.0,0.0,0.0,0.0,0.0,0.0,,0.0
class_size,2011,01620015,Thomas C Passios Elementary,School,Foreign Language,0,0.0,0,0.0,0.0,0.0,0.0,0.0,0.0,0.0,0.0,0.0,0.0,0.0,,0.0
class_size,2011,01620015,Thomas C Passios Elementary,School,Geography,0,0.0,0,0.0,0.0,0.0,0.0,0.0,0.0,0.0,0.0,0.0,0.0,0.0,,0.0
class_size,2011,01620015,Thomas C Passios Elementary,School,Health Care Sciences,0,0.0,0,0.0,0.0,0.0,0.0,0.0,0.0,0.0,0.0,0.0,0.0,0.0,,0.0
class_size,2011,01620015,Thomas C Passios Elementary,School,History,0,0.0,0,0.0,0.0,0.0,0.0,0.0,0.0,0.0,0.0,0.0,0.0,0.0,,0.0
class_size,2011,01620015,Thomas C Passios Elementary,School,Hospitality and Tourism,0,0.0,0,0.0,0.0,0.0,0.0,0.0,0.0,0.0,0.0,0.0,0.0,0.0,,0.0
class_size,2011,01620015,Thomas C Passios Elementary,School,Human Services,0,0.0,0,0.0,0.0,0.0,0.0,0.0,0.0,0.0,0.0,0.0,0.0,0.0,,0.0
class_size,2011,01620015,Thomas C Passios Elementary,School,Manufacturing,0,0.0,0,0.0,0.0,0.0,0.0,0.0,0.0,0.0,0.0,0.0,0.0,0.0,,0.0
class_size,2011,01620015,Thomas C Passios Elementary,School,Mathematics,0,0.0,0,0.0,0.0,0.0,0.0,0.0,0.0,0.0,0.0,0.0,0.0,0.0,,0.0
class_size,2011,01620015,Thomas C Passios Elementary,School,Military Science,0,0.0,0,0.0,0.0,0.0,0.0,0.0,0.0,0.0,0.0,0.0,0.0,0.0,,0.0
class_size,2011,01620015,Thomas C Passios Elementary,School,Miscellaneous,0,0.0,0,0.0,0.0,0.0,0.0,0.0,0.0,0.0,0.0,0.0,0.0,0.0,,0.0
class_size,2011,01620015,Thomas C Passios Elementary,School,"Physical, Health, and Safety Education",16,22.3,357,0.008,0.006,0.006,0.014,0.017,0.008,0.941,0.485,0.515,0.008,8.4,,0.151
class_size,2011,01620015,Thomas C Passios Elementary,School,"Public, Protective, and Government Service",0,0.0,0,0.0,0.0,0.0,0.0,0.0,0.0,0.0,0.0,0.0,0.0,0.0,,0.0
class_size,2011,01620015,Thomas C Passios Elementary,School,Reading,0,0.0,0,0.0,0.0,0.0,0.0,0.0,0.0,0.0,0.0,0.0,0.0,0.0,,0.0
class_size,2011,01620015,Thomas C Passios Elementary,School,Religious Education and Theology,0,0.0,0,0.0,0.0,0.0,0.0,0.0,0.0,0.0,0.0,0.0,0.0,0.0,,0.0
class_size,2011,01620015,Thomas C Passios Elementary,School,Science,0,0.0,0,0.0,0.0,0.0,0.0,0.0,0.0,0.0,0.0,0.0,0.0,0.0,,0.0
class_size,2011,01620015,Thomas C Passios Elementary,School,Social Studies/Social Sciences,0,0.0,0,0.0,0.0,0.0,0.0,0.0,0.0,0.0,0.0,0.0,0.0,0.0,,0.0
class_size,2011,01620015,Thomas C Passios Elementary,School,"Transportation, Distribution and Logistics",0,0.0,0,0.0,0.0,0.0,0.0,0.0,0.0,0.0,0.0,0.0,0.0,0.0,,0.0
class_size,2011,01620015,Thomas C Passios Elementary,School,CH74 - Agriculture and Natural Resources,0,0.0,0,0.0,0.0,0.0,0.0,0.0,0.0,0.0,0.0,0.0,0.0,0.0,,0.0
class_size,2011,01620015,Thomas C Passios Elementary,School,CH74 - Arts and Communications Services,0,0.0,0,0.0,0.0,0.0,0.0,0.0,0.0,0.0,0.0,0.0,0.0,0.0,,0.0
class_size,2011,01620015,Thomas C Passios Elementary,School,CH74 - Business and Consumer Services,0,0.0,0,0.0,0.0,0.0,0.0,0.0,0.0,0.0,0.0,0.0,0.0,0.0,,0.0
class_size,2011,01620015,Thomas C Passios Elementary,School,CH74 - Construction,0,0.0,0,0.0,0.0,0.0,0.0,0.0,0.0,0.0,0.0,0.0,0.0,0.0,,0.0
class_size,2011,01620015,Thomas C Passios Elementary,School,CH74 - Exploratory,0,0.0,0,0.0,0.0,0.0,0.0,0.0,0.0,0.0,0.0,0.0,0.0,0.0,,0.0
class_size,2011,01620015,Thomas C Passios Elementary,School,CH74 - Health,0,0.0,0,0.0,0.0,0.0,0.0,0.0,0.0,0.0,0.0,0.0,0.0,0.0,,0.0
class_size,2011,01620015,Thomas C Passios Elementary,School,CH74 - Hospitality and Tourism,0,0.0,0,0.0,0.0,0.0,0.0,0.0,0.0,0.0,0.0,0.0,0.0,0.0,,0.0
class_size,2011,01620015,Thomas C Passios Elementary,School,CH74 - Human Services and Education,0,0.0,0,0.0,0.0,0.0,0.0,0.0,0.0,0.0,0.0,0.0,0.0,0.0,,0.0
class_size,2011,01620015,Thomas C Passios Elementary,School,CH74 - Information Technology Services,0,0.0,0,0.0,0.0,0.0,0.0,0.0,0.0,0.0,0.0,0.0,0.0,0.0,,0.0
class_size,2011,01620015,Thomas C Passios Elementary,School,CH74 - Transportation,0,0.0,0,0.0,0.0,0.0,0.0,0.0,0.0,0.0,0.0,0.0,0.0,0.0,,0.0
class_size,2011,01620015,Thomas C Passios Elementary,School,"CH74 - Manufacturing, Engineering and Technology",0,0.0,0,0.0,0.0,0.0,0.0,0.0,0.0,0.0,0.0,0.0,0.0,0.0,,0.0
class_size,2011,01620015,Thomas C Passios Elementary,School,Architecture and Construction,0,0.0,0,0.0,0.0,0.0,0.0,0.0,0.0,0.0,0.0,0.0,0.0,0.0,,0.0
class_size,2011,01620020,Turkey Hill Middle,School,All,176,23.3,378,0.003,0.021,0.021,0.019,0.008,0.0,0.929,0.503,0.497,0.0,10.3,,0.18
class_size,2011,01620020,Turkey Hill Middle,School,"Agriculture, Food and Natural Resources",0,0.0,0,0.0,0.0,0.0,0.0,0.0,0.0,0.0,0.0,0.0,0.0,0.0,,0.0
class_size,2011,01620020,Turkey Hill Middle,School,Arts,28,21.8,377,0.003,0.021,0.021,0.019,0.008,0.0,0.928,0.501,0.499,0.0,10.3,,0.178
class_size,2011,01620020,Turkey Hill Middle,School,Business and Marketing,0,0.0,0,0.0,0.0,0.0,0.0,0.0,0.0,0.0,0.0,0.0,0.0,0.0,,0.0
class_size,2011,01620020,Turkey Hill Middle,School,Civics/Government,0,0.0,0,0.0,0.0,0.0,0.0,0.0,0.0,0.0,0.0,0.0,0.0,0.0,,0.0
class_size,2011,01620020,Turkey Hill Middle,School,Communications and Audio/Visual Technology,0,0.0,0,0.0,0.0,0.0,0.0,0.0,0.0,0.0,0.0,0.0,0.0,0.0,,0.0
class_size,2011,01620020,Turkey Hill Middle,School,Computer and Information Sciences,0,0.0,0,0.0,0.0,0.0,0.0,0.0,0.0,0.0,0.0,0.0,0.0,0.0,,0.0
class_size,2011,01620020,Turkey Hill Middle,School,Core-All Subjects,3,5.3,8,0.0,0.125,0.0,0.0,0.125,0.0,0.75,0.625,0.375,0.0,12.5,,1.0
class_size,2011,01620020,Turkey Hill Middle,School,Economics,0,0.0,0,0.0,0.0,0.0,0.0,0.0,0.0,0.0,0.0,0.0,0.0,0.0,,0.0
class_size,2011,01620020,Turkey Hill Middle,School,Engineering and Technology,18,20.7,372,0.003,0.022,0.022,0.016,0.005,0.0,0.933,0.508,0.492,0.0,9.9,,0.175
class_size,2011,01620020,Turkey Hill Middle,School,English/Language Arts,6,61.5,369,0.003,0.019,0.022,0.019,0.005,0.0,0.932,0.501,0.499,0.0,10.3,,0.16
class_size,2011,01620020,Turkey Hill Middle,School,Foreign Language,6,18.3,110,0.0,0.009,0.0,0.018,0.009,0.0,0.964,0.536,0.464,0.0,9.1,,0.027
class_size,2011,01620020,Turkey Hill Middle,School,Geography,4,31.0,124,0.0,0.048,0.024,0.024,0.0,0.0,0.903,0.476,0.524,0.0,10.5,,0.169
class_size,2011,01620020,Turkey Hill Middle,School,Health Care Sciences,0,0.0,0,0.0,0.0,0.0,0.0,0.0,0.0,0.0,0.0,0.0,0.0,0.0,,0.0
class_size,2011,01620020,Turkey Hill Middle,School,History,5,25.2,126,0.0,0.008,0.0,0.016,0.008,0.0,0.968,0.524,0.476,0.0,10.3,,0.151
class_size,2011,01620020,Turkey Hill Middle,School,Hospitality and Tourism,0,0.0,0,0.0,0.0,0.0,0.0,0.0,0.0,0.0,0.0,0.0,0.0,0.0,,0.0
class_size,2011,01620020,Turkey Hill Middle,School,Human Services,0,0.0,0,0.0,0.0,0.0,0.0,0.0,0.0,0.0,0.0,0.0,0.0,0.0,,0.0
class_size,2011,01620020,Turkey Hill Middle,School,Manufacturing,0,0.0,0,0.0,0.0,0.0,0.0,0.0,0.0,0.0,0.0,0.0,0.0,0.0,,0.0
class_size,2011,01620020,Turkey Hill Middle,School,Mathematics,8,46.5,371,0.003,0.022,0.022,0.019,0.005,0.0,0.93,0.501,0.499,0.0,10.2,,0.167
class_size,2011,01620020,Turkey Hill Middle,School,Military Science,0,0.0,0,0.0,0.0,0.0,0.0,0.0,0.0,0.0,0.0,0.0,0.0,0.0,,0.0
class_size,2011,01620020,Turkey Hill Middle,School,Miscellaneous,36,20.9,377,0.003,0.021,0.021,0.019,0.008,0.0,0.928,0.501,0.499,0.0,10.3,,0.178
class_size,2011,01620020,Turkey Hill Middle,School,"Physical, Health, and Safety Education",48,15.7,378,0.003,0.021,0.021,0.019,0.008,0.0,0.929,0.503,0.497,0.0,10.3,,0.18
class_size,2011,01620020,Turkey Hill Middle,School,"Public, Protective, and Government Service",0,0.0,0,0.0,0.0,0.0,0.0,0.0,0.0,0.0,0.0,0.0,0.0,0.0,,0.0
class_size,2011,01620020,Turkey Hill Middle,School,Reading,0,0.0,0,0.0,0.0,0.0,0.0,0.0,0.0,0.0,0.0,0.0,0.0,0.0,,0.0
class_size,2011,01620020,Turkey Hill Middle,School,Religious Education and Theology,0,0.0,0,0.0,0.0,0.0,0.0,0.0,0.0,0.0,0.0,0.0,0.0,0.0,,0.0
class_size,2011,01620020,Turkey Hill Middle,School,Science,8,46.9,375,0.003,0.021,0.021,0.019,0.005,0.0,0.931,0.501,0.499,0.0,10.1,,0.173
class_size,2011,01620020,Turkey Hill Middle,School,Social Studies/Social Sciences,6,20.8,125,0.008,0.008,0.04,0.016,0.008,0.0,0.92,0.52,0.48,0.0,9.6,,0.2
class_size,2011,01620020,Turkey Hill Middle,School,"Transportation, Distribution and Logistics",0,0.0,0,0.0,0.0,0.0,0.0,0.0,0.0,0.0,0.0,0.0,0.0,0.0,,0.0
class_size,2011,01620020,Turkey Hill Middle,School,CH74 - Agriculture and Natural Resources,0,0.0,0,0.0,0.0,0.0,0.0,0.0,0.0,0.0,0.0,0.0,0.0,0.0,,0.0
class_size,2011,01620020,Turkey Hill Middle,School,CH74 - Arts and Communications Services,0,0.0,0,0.0,0.0,0.0,0.0,0.0,0.0,0.0,0.0,0.0,0.0,0.0,,0.0
class_size,2011,01620020,Turkey Hill Middle,School,CH74 - Business and Consumer Services,0,0.0,0,0.0,0.0,0.0,0.0,0.0,0.0,0.0,0.0,0.0,0.0,0.0,,0.0
class_size,2011,01620020,Turkey Hill Middle,School,CH74 - Construction,0,0.0,0,0.0,0.0,0.0,0.0,0.0,0.0,0.0,0.0,0.0,0.0,0.0,,0.0
class_size,2011,01620020,Turkey Hill Middle,School,CH74 - Exploratory,0,0.0,0,0.0,0.0,0.0,0.0,0.0,0.0,0.0,0.0,0.0,0.0,0.0,,0.0
class_size,2011,01620020,Turkey Hill Middle,School,CH74 - Health,0,0.0,0,0.0,0.0,0.0,0.0,0.0,0.0,0.0,0.0,0.0,0.0,0.0,,0.0
class_size,2011,01620020,Turkey Hill Middle,School,CH74 - Hospitality and Tourism,0,0.0,0,0.0,0.0,0.0,0.0,0.0,0.0,0.0,0.0,0.0,0.0,0.0,,0.0
class_size,2011,01620020,Turkey Hill Middle,School,CH74 - Human Services and Education,0,0.0,0,0.0,0.0,0.0,0.0,0.0,0.0,0.0,0.0,0.0,0.0,0.0,,0.0
class_size,2011,01620020,Turkey Hill Middle,School,CH74 - Information Technology Services,0,0.0,0,0.0,0.0,0.0,0.0,0.0,0.0,0.0,0.0,0.0,0.0,0.0,,0.0
class_size,2011,01620020,Turkey Hill Middle,School,CH74 - Transportation,0,0.0,0,0.0,0.0,0.0,0.0,0.0,0.0,0.0,0.0,0.0,0.0,0.0,,0.0
class_size,2011,01620020,Turkey Hill Middle,School,"CH74 - Manufacturing, Engineering and Technology",0,0.0,0,0.0,0.0,0.0,0.0,0.0,0.0,0.0,0.0,0.0,0.0,0.0,,0.0
class_size,2011,01620020,Turkey Hill Middle,School,Architecture and Construction,0,0.0,0,0.0,0.0,0.0,0.0,0.0,0.0,0.0,0.0,0.0,0.0,0.0,,0.0
