dataset,fy,edition,page,panel,group,label,label_missing,kind,row_check,derived_cell,table_family,line_no,columns_as_printed,v1,v2,v3,v4,v5,v6,v7,v8,n_values,ruler_spanned,repaired_cells,unparsed_cells,column_meaning,status,reconciliation
elections,2011,FY2011,79,1,,SATURDAY MAY,,row,not a full row — not checked,,,,trailing figures,21,2011,,,,,,,2,,0,,,check failed,"2 full rows tie, 8 do not; 6 partial not checked"
elections,2011,FY2011,79,1,,** Thomas A. Alonzo,,row,not a full row — not checked,,,,trailing figures,19,20,32,30,101,,,,5,,0,,,check failed,"2 full rows tie, 8 do not; 6 partial not checked"
elections,2011,FY2011,79,1,,** David J. Matthews,,row,"parts sum to 71, total printed 104",,,,trailing figures,20,21,30,104,,,,,4,,0,,,check failed,"2 full rows tie, 8 do not; 6 partial not checked"
elections,2011,FY2011,79,1,,Blanks,,row,"parts sum to 28, total printed 31",,,,trailing figures,7,11,10,31,,,,,4,,0,,,check failed,"2 full rows tie, 8 do not; 6 partial not checked"
elections,2011,FY2011,79,1,,TOTAL,,subtotal,"parts sum to 168, total printed 236",,,,trailing figures,46,52,70,236,,,,,4,,0,,,check failed,"2 full rows tie, 8 do not; 6 partial not checked"
elections,2011,FY2011,79,1,,** John J. Simeone,,row,"parts sum to 79, total printed 104",,,,trailing figures,19,33,27,104,,,,,4,,0,,,check failed,"2 full rows tie, 8 do not; 6 partial not checked"
elections,2011,FY2011,79,1,,Blanks,,row,"parts sum to 13, total printed 14",,,,trailing figures,4,1,8,14,,,,,4,,0,,,check failed,"2 full rows tie, 8 do not; 6 partial not checked"
elections,2011,FY2011,79,1,,TOTAL,,subtotal,"parts sum to 83, total printed 118",,,,trailing figures,23,26,34,118,,,,,4,,0,,,check failed,"2 full rows tie, 8 do not; 6 partial not checked"
elections,2011,FY2011,79,1,,** Perry R. Jewell,,row,not a full row — not checked,,,,trailing figures,17,21,32,27,97,,,,5,,0,,,check failed,"2 full rows tie, 8 do not; 6 partial not checked"
elections,2011,FY2011,79,1,,** John T. Rabbitt,,row,"parts sum to 81, total printed 104",,,,trailing figures,20,32,29,104,,,,,4,,0,,,check failed,"2 full rows tie, 8 do not; 6 partial not checked"
elections,2011,FY2011,79,1,,Blanks,,row,not a full row — not checked,,,,trailing figures,9,8,4,14,35,,,,5,,0,,,check failed,"2 full rows tie, 8 do not; 6 partial not checked"
elections,2011,FY2011,79,1,,TOTAL,,subtotal,"parts sum to 184, total printed 236",,,,trailing figures,46,68,70,236,,,,,4,,0,,,check failed,"2 full rows tie, 8 do not; 6 partial not checked"
elections,2011,FY2011,80,1,,TOTAL,,subtotal,parts sum to the printed total,,,,trailing figures,23,26,34,35,118,,,,5,,0,,,check failed,"2 full rows tie, 8 do not; 6 partial not checked"
elections,2011,FY2011,80,1,,HOUSING AUTHORITY MEMBER - For 5 years / Vote for One,,row,parts sum to the printed total,,,,trailing figures,4,2,3,2,11,,,,5,,0,,,check failed,"2 full rows tie, 8 do not; 6 partial not checked"
elections,2011,FY2011,80,1,,* Amaryllis D. Leet,,row,one cell short — the missing value is derivable from the printed total,one cell missing; from this row's own printed total it must be 33,,,trailing figures,19,24,31,107,,,,,4,,0,,,check failed,"2 full rows tie, 8 do not; 6 partial not checked"
elections,2011,FY2011,80,1,,Blanks,,row,one cell short — the missing value is derivable from the printed total,one cell missing; from this row's own printed total it must be 23,,,trailing figures,26,34,35,118,,,,,4,,0,,,check failed,"2 full rows tie, 8 do not; 6 partial not checked"
elections,2012,FY2012,102,1,,TUESDAY MARCH,,row,not a full row — not checked,,,,trailing figures,6,2012,,,,,,,2,,0,,,check failed,"77 full rows tie, 7 do not; 27 partial not checked"
elections,2012,FY2012,102,1,,BARAK OBAMA,,row,"parts sum to 67, total printed 90",,,,trailing figures,22,21,24,90,,,,,4,,0,,,check failed,"77 full rows tie, 7 do not; 27 partial not checked"
elections,2012,FY2012,102,1,,BLANKS,,row,not a full row — not checked,,,,trailing figures,4,13,,,,,,,2,,0,,,check failed,"77 full rows tie, 7 do not; 27 partial not checked"
elections,2012,FY2012,102,1,,TOTAL,,subtotal,"parts sum to 81, total printed 110",,,,trailing figures,29,23,29,110,,,,,4,,0,,,check failed,"77 full rows tie, 7 do not; 27 partial not checked"
elections,2012,FY2012,102,1,,"HAROLD P. NAUGHTON, JR",,row,"parts sum to 63, total printed 24",,,,trailing figures,21,16,26,24,,,,,4,,0,,,check failed,"77 full rows tie, 7 do not; 27 partial not checked"
elections,2012,FY2012,102,1,,BLANKS                                                    • ∞0,,row,not a full row — not checked,,,,trailing figures,5,23,,,,,,,2,,0,,,check failed,"77 full rows tie, 7 do not; 27 partial not checked"
elections,2012,FY2012,102,1,,TOTAL,,subtotal,not a full row — not checked,,,,trailing figures,29,23,29,29,110,,,,5,,0,,,check failed,"77 full rows tie, 7 do not; 27 partial not checked"
elections,2012,FY2012,102,1,,MARY H. WHITNEY,,row,"parts sum to 62, total printed 89",,,,trailing figures,22,15,25,89,,,,,4,,0,,,check failed,"77 full rows tie, 7 do not; 27 partial not checked"
elections,2012,FY2012,103,1,,ELAINE D. DECELL,,row,not a full row — not checked,,,,trailing figures,474,4,,,,,,,2,,0,,,check failed,"77 full rows tie, 7 do not; 27 partial not checked"
elections,2012,FY2012,103,1,,TOTAL,,subtotal,"parts sum to 10047, total printed 6070",,,,trailing figures,5172,4875,6070,,,,,,3,,0,,,check failed,"77 full rows tie, 7 do not; 27 partial not checked"
elections,2012,FY2012,103,1,,STATE COMMITTEE MAN,,row,not a full row — not checked,,,,trailing figures,2,3,,,,,,,2,,0,,,check failed,"77 full rows tie, 7 do not; 27 partial not checked"
elections,2012,FY2012,103,1,,NO CANDIDATES -BLANKS,,row,not a full row — not checked,,,,trailing figures,2,3,,,,,,,2,,0,,,check failed,"77 full rows tie, 7 do not; 27 partial not checked"
elections,2012,FY2012,103,1,,NO CANDIDATES - BLANKS,,row,not a full row — not checked,,,,trailing figures,2,3,,,,,,,2,,0,,,check failed,"77 full rows tie, 7 do not; 27 partial not checked"
elections,2012,FY2012,104,1,,** Timothy W. Murphy,,row,parts sum to the printed total,,,,trailing figures,681,566,631,684,2562,,,,5,,0,,,check failed,"77 full rows tie, 7 do not; 27 partial not checked"
elections,2012,FY2012,104,1,,Blanks,,row,parts sum to the printed total,,,,trailing figures,239,152,209,212,812,,,,5,,0,,,check failed,"77 full rows tie, 7 do not; 27 partial not checked"
elections,2012,FY2012,104,1,,TOTAL,,subtotal,one cell short — the missing value is derivable from the printed total,one cell missing; from this row's own printed total it must be 718,,,trailing figures,920,840,896,3374,,,,,4,,0,,,check failed,"77 full rows tie, 7 do not; 27 partial not checked"
elections,2012,FY2012,104,1,,** Paula J. Bertram,,row,parts sum to the printed total,,,,trailing figures,652,538,588,656,2434,,,,5,,0,,,check failed,"77 full rows tie, 7 do not; 27 partial not checked"
elections,2012,FY2012,104,1,,Blanks,,row,parts sum to the printed total,,,,trailing figures,268,180,252,240,940,,,,5,,0,,,check failed,"77 full rows tie, 7 do not; 27 partial not checked"
elections,2012,FY2012,104,1,,TOTAL,,subtotal,parts sum to the printed total,,,,trailing figures,920,718,840,896,3374,,,,5,,0,,,check failed,"77 full rows tie, 7 do not; 27 partial not checked"
elections,2012,FY2012,104,1,,** David V. MacDonald,,row,parts sum to the printed total,,,,trailing figures,612,489,516,562,2179,,,,5,,0,,,check failed,"77 full rows tie, 7 do not; 27 partial not checked"
elections,2012,FY2012,104,1,,** Amedeo E. Bilotta,,row,parts sum to the printed total,,,,trailing figures,560,479,531,528,2098,,,,5,,0,,,check failed,"77 full rows tie, 7 do not; 27 partial not checked"
elections,2012,FY2012,104,1,,Blanks,,row,parts sum to the printed total,,,,trailing figures,668,468,633,702,2471,,,,5,,0,,,check failed,"77 full rows tie, 7 do not; 27 partial not checked"
elections,2012,FY2012,104,1,,TOTAL,,subtotal,parts sum to the printed total,,,,trailing figures,1840,1436,1680,1792,6748,,,,5,,0,,,check failed,"77 full rows tie, 7 do not; 27 partial not checked"
elections,2012,FY2012,104,1,,** George L. Emond Jr.,,row,parts sum to the printed total,,,,trailing figures,567,475,518,544,2104,,,,5,,0,,,check failed,"77 full rows tie, 7 do not; 27 partial not checked"
elections,2012,FY2012,104,1,,* David M. Passios,,row,parts sum to the printed total,,,,trailing figures,600,492,512,564,2168,,,,5,,0,,,check failed,"77 full rows tie, 7 do not; 27 partial not checked"
elections,2012,FY2012,104,1,,Blanks,,row,parts sum to the printed total,,,,trailing figures,673,469,650,684,2476,,,,5,,0,,,check failed,"77 full rows tie, 7 do not; 27 partial not checked"
elections,2012,FY2012,104,1,,TOTAL,,subtotal,parts sum to the printed total,,,,trailing figures,1840,1436,1680,1792,6748,,,,5,,0,,,check failed,"77 full rows tie, 7 do not; 27 partial not checked"
elections,2012,FY2012,104,1,,** Christopher M. Comeau,,row,parts sum to the printed total,,,,trailing figures,617,531,579,602,2329,,,,5,,0,,,check failed,"77 full rows tie, 7 do not; 27 partial not checked"
elections,2012,FY2012,104,1,,Blanks,,row,parts sum to the printed total,,,,trailing figures,303,187,261,294,1045,,,,5,,0,,,check failed,"77 full rows tie, 7 do not; 27 partial not checked"
elections,2012,FY2012,104,1,,TOTAL,,subtotal,parts sum to the printed total,,,,trailing figures,920,718,840,896,3374,,,,5,,0,,,check failed,"77 full rows tie, 7 do not; 27 partial not checked"
elections,2012,FY2012,104,1,,Blanks,,row,not a full row — not checked,,,,trailing figures,713,895,3359,,,,,,3,,0,,,check failed,"77 full rows tie, 7 do not; 27 partial not checked"
elections,2012,FY2012,104,1,,TOTAL,,subtotal,parts sum to the printed total,,,,trailing figures,920,718,840,896,3374,,,,5,,0,,,check failed,"77 full rows tie, 7 do not; 27 partial not checked"
elections,2012,FY2012,104,1,,** Michael D. Masciarelli,,row,parts sum to the printed total,,,,trailing figures,650,543,590,630,2413,,,,5,,0,,,check failed,"77 full rows tie, 7 do not; 27 partial not checked"
elections,2012,FY2012,104,1,,Blanks,,row,parts sum to the printed total,,,,trailing figures,270,175,250,266,961,,,,5,,0,,,check failed,"77 full rows tie, 7 do not; 27 partial not checked"
elections,2012,FY2012,104,1,,TOTAL,,subtotal,parts sum to the printed total,,,,trailing figures,920,718,840,896,3374,,,,5,,0,,,check failed,"77 full rows tie, 7 do not; 27 partial not checked"
elections,2012,FY2012,104,1,,** Michael D. Gale,,row,parts sum to the printed total,,,,trailing figures,619,526,580,598,2323,,,,5,,0,,,check failed,"77 full rows tie, 7 do not; 27 partial not checked"
elections,2012,FY2012,104,1,,Blanks,,row,parts sum to the printed total,,,,trailing figures,301,192,260,298,1051,,,,5,,0,,,check failed,"77 full rows tie, 7 do not; 27 partial not checked"
elections,2012,FY2012,104,1,,TOTAL,,subtotal,parts sum to the printed total,,,,trailing figures,920,718,840,896,3374,,,,5,,0,,,check failed,"77 full rows tie, 7 do not; 27 partial not checked"
elections,2012,FY2012,104,1,,** Darrell J. Demers,,row,parts sum to the printed total,,,,trailing figures,646,534,575,620,2375,,,,5,,0,,,check failed,"77 full rows tie, 7 do not; 27 partial not checked"
elections,2012,FY2012,104,1,,Blanks,,row,parts sum to the printed total,,,,trailing figures,274,184,265,276,999,,,,5,,0,,,check failed,"77 full rows tie, 7 do not; 27 partial not checked"
elections,2012,FY2012,104,1,,TOTAL,,subtotal,parts sum to the printed total,,,,trailing figures,920,718,840,896,3374,,,,5,,0,,,check failed,"77 full rows tie, 7 do not; 27 partial not checked"
elections,2012,FY2012,105,1,,Leonard C. Smetana,,row,parts sum to the printed total,,,,trailing figures,309,247,267,299,1122,,,,5,,0,,,check failed,"77 full rows tie, 7 do not; 27 partial not checked"
elections,2012,FY2012,105,1,,** Robin F. Venezia,,row,parts sum to the printed total,,,,trailing figures,363,267,318,397,1345,,,,5,,0,,,check failed,"77 full rows tie, 7 do not; 27 partial not checked"
elections,2012,FY2012,105,1,,** Lars H. Widstrand,,row,parts sum to the printed total,,,,trailing figures,362,318,312,365,1357,,,,5,,0,,,check failed,"77 full rows tie, 7 do not; 27 partial not checked"
elections,2012,FY2012,105,1,,Blanks,,row,parts sum to the printed total,,,,trailing figures,869,623,901,763,3156,,,,5,,0,,,check failed,"77 full rows tie, 7 do not; 27 partial not checked"
elections,2012,FY2012,105,1,,TOTAL,,subtotal,parts sum to the printed total,,,,trailing figures,2760,2154,2520,2688,10122,,,,5,,0,,,check failed,"77 full rows tie, 7 do not; 27 partial not checked"
elections,2012,FY2012,105,1,,** Joanna L. Bilotta-Simeone,,row,parts sum to the printed total,,,,trailing figures,602,517,585,582,2286,,,,5,,0,,,check failed,"77 full rows tie, 7 do not; 27 partial not checked"
elections,2012,FY2012,105,1,,Blanks,,row,parts sum to the printed total,,,,trailing figures,318,201,255,314,1088,,,,5,,0,,,check failed,"77 full rows tie, 7 do not; 27 partial not checked"
elections,2012,FY2012,105,1,,TOTAL,,subtotal,parts sum to the printed total,,,,trailing figures,920,718,840,896,3374,,,,5,,0,,,check failed,"77 full rows tie, 7 do not; 27 partial not checked"
elections,2012,FY2012,105,1,,** Paul J. Doherty,,row,parts sum to the printed total,,,,trailing figures,631,516,574,595,2316,,,,5,,0,,,check failed,"77 full rows tie, 7 do not; 27 partial not checked"
elections,2012,FY2012,105,1,,Blanks,,row,parts sum to the printed total,,,,trailing figures,289,202,266,301,1058,,,,5,,0,,,check failed,"77 full rows tie, 7 do not; 27 partial not checked"
elections,2012,FY2012,105,1,,TOTAL,,subtotal,parts sum to the printed total,,,,trailing figures,920,718,840,896,3374,,,,5,,0,,,check failed,"77 full rows tie, 7 do not; 27 partial not checked"
elections,2012,FY2012,105,1,,YES,,row,parts sum to the printed total,,,,trailing figures,290,191,246,357,1084,,,,5,,0,,,check failed,"77 full rows tie, 7 do not; 27 partial not checked"
elections,2012,FY2012,105,1,,NO,,row,parts sum to the printed total,,,,trailing figures,620,527,594,534,2275,,,,5,,0,,,check failed,"77 full rows tie, 7 do not; 27 partial not checked"
elections,2012,FY2012,105,1,,BLANKS,,row,not a full row — not checked,,,,trailing figures,10,5,,,,,,,2,,0,,,check failed,"77 full rows tie, 7 do not; 27 partial not checked"
elections,2012,FY2012,105,1,,TOTAL,,subtotal,parts sum to the printed total,,,,trailing figures,920,718,840,896,3374,,,,5,,0,,,check failed,"77 full rows tie, 7 do not; 27 partial not checked"
elections,2012,FY2012,106,1,,SEPTEMBER,,row,not a full row — not checked,,,,trailing figures,6,2012,,,,,,,2,,0,,,check failed,"77 full rows tie, 7 do not; 27 partial not checked"
elections,2012,FY2012,106,1,,ELIZABETH A. WARREN,,row,parts sum to the printed total,,,,trailing figures,32,38,24,29,123,,,,5,,0,,,check failed,"77 full rows tie, 7 do not; 27 partial not checked"
elections,2012,FY2012,106,1,,BLANKS,,row,one cell short — the missing value is derivable from the printed total,one cell missing; from this row's own printed total it must be 4,,,trailing figures,2,3,4,13,,,,,4,,0,,,check failed,"77 full rows tie, 7 do not; 27 partial not checked"
elections,2012,FY2012,106,1,,TOTAL,,subtotal,not a full row — not checked,,,,trailing figures,42,27,136,,,,,,3,,0,,,check failed,"77 full rows tie, 7 do not; 27 partial not checked"
elections,2012,FY2012,106,1,,NICOLA S.TSONGAS,,row,parts sum to the printed total,,,,trailing figures,34,40,26,30,130,,,,5,,0,,,check failed,"77 full rows tie, 7 do not; 27 partial not checked"
elections,2012,FY2012,106,1,,BLANKS,,row,one cell short — the missing value is derivable from the printed total,one cell missing; from this row's own printed total it must be 2,,,trailing figures,0,1,3,6,,,,,4,,0,,,check failed,"77 full rows tie, 7 do not; 27 partial not checked"
elections,2012,FY2012,106,1,,TOTAL,,subtotal,parts sum to the printed total,,,,trailing figures,34,42,27,33,136,,,,5,,0,,,check failed,"77 full rows tie, 7 do not; 27 partial not checked"
elections,2012,FY2012,106,1,,BLANKS,,row,parts sum to the printed total,,,,trailing figures,34,42,27,33,136,,,,5,,0,,,check failed,"77 full rows tie, 7 do not; 27 partial not checked"
elections,2012,FY2012,107,1,,TOTAL,,subtotal,parts sum to the printed total,,,,trailing figures,34,42,27,33,136,,,,5,,0,,,check failed,"77 full rows tie, 7 do not; 27 partial not checked"
elections,2012,FY2012,108,1,,WORCESTER COUNTY,,row,"parts sum to 192, total printed 245",,,,trailing figures,70,57,65,245,,,,,4,,0,,,check failed,"77 full rows tie, 7 do not; 27 partial not checked"
elections,2012,FY2012,108,1,,WORCESTER NORTHERN DISTRICT,,row,"parts sum to 175, total printed 245",,,,trailing figures,53,57,65,245,,,,,4,,0,,,check failed,"77 full rows tie, 7 do not; 27 partial not checked"
elections,2012,FY2012,109,1,,TUESDAY NOVEMBER,,row,not a full row — not checked,,,,trailing figures,6,2012,,,,,,,2,,0,,,check failed,"77 full rows tie, 7 do not; 27 partial not checked"
elections,2012,FY2012,109,1,,JOHNSON /GRAY               Libertarian,,row,parts sum to the printed total,,,,trailing figures,23,13,21,16,73,,,,5,,0,,,check failed,"77 full rows tie, 7 do not; 27 partial not checked"
elections,2012,FY2012,109,1,,OBAMA/BIDEN                  Democratic,,row,parts sum to the printed total,,,,trailing figures,701,682,678,690,2751,,,,5,,0,,,check failed,"77 full rows tie, 7 do not; 27 partial not checked"
elections,2012,FY2012,109,1,,ROMMEY / RYAN                Republican,,row,parts sum to the printed total,,,,trailing figures,843,626,822,749,3040,,,,5,,0,,,check failed,"77 full rows tie, 7 do not; 27 partial not checked"
elections,2012,FY2012,109,1,,STEIN / HONKALA              Green-Rainbow,,row,parts sum to the printed total,,,,trailing figures,10,8,10,8,36,,,,5,,0,,,check failed,"77 full rows tie, 7 do not; 27 partial not checked"
elections,2012,FY2012,109,1,,BLANKS,,row,parts sum to the printed total,,,,trailing figures,12,12,12,12,48,,,,5,,0,,,check failed,"77 full rows tie, 7 do not; 27 partial not checked"
elections,2012,FY2012,109,1,,TOTAL,,subtotal,parts sum to the printed total,,,,trailing figures,1589,1341,1543,1475,5948,,,,5,,0,,,check failed,"77 full rows tie, 7 do not; 27 partial not checked"
elections,2012,FY2012,109,1,,SCOTT P. BROWN              Republican,,row,not a full row — not checked,,,,trailing figures,981,745,977,892,,,,,4,,0,,,check failed,"77 full rows tie, 7 do not; 27 partial not checked"
elections,2012,FY2012,109,1,,ELIZABETH A. WARREN '       Democrat,,row,parts sum to the printed total,,,,trailing figures,600,589,554,573,2316,,,,5,,0,,,check failed,"77 full rows tie, 7 do not; 27 partial not checked"
elections,2012,FY2012,109,1,,BLANKS,,row,parts sum to the printed total,,,,trailing figures,8,7,12,10,37,,,,5,,0,,,check failed,"77 full rows tie, 7 do not; 27 partial not checked"
elections,2012,FY2012,109,1,,TOTAL,,subtotal,parts sum to the printed total,,,,trailing figures,1589,1341,1543,1475,5948,,,,5,,0,,,check failed,"77 full rows tie, 7 do not; 27 partial not checked"
elections,2012,FY2012,109,1,,REPRESENTATIVE IN CONGRESS / Third District,,row,one cell short — the missing value is derivable from the printed total,one cell missing; from this row's own printed total it must be 807,,,trailing figures,780,791,784,3162,,,,,4,,0,,,check failed,"77 full rows tie, 7 do not; 27 partial not checked"
elections,2012,FY2012,109,1,,JONATHAN A. GOLNIK            Republican,,row,parts sum to the printed total,,,,trailing figures,732,510,688,630,2560,,,,5,,0,,,check failed,"77 full rows tie, 7 do not; 27 partial not checked"
elections,2012,FY2012,109,1,,BLANKS,,row,parts sum to the printed total,,,,trailing figures,50,51,64,61,226,,,,5,,0,,,check failed,"77 full rows tie, 7 do not; 27 partial not checked"
elections,2012,FY2012,109,1,,TOTAL,,subtotal,parts sum to the printed total,,,,trailing figures,1589,1341,1543,1475,5948,,,,5,,0,,,check failed,"77 full rows tie, 7 do not; 27 partial not checked"
elections,2012,FY2012,109,1,,COUNCILLOR / Seventh District,,row,not a full row — not checked,,,,trailing figures,1090,1001,4172,,,,,,3,,0,,,check failed,"77 full rows tie, 7 do not; 27 partial not checked"
elections,2012,FY2012,109,1,,JENNIE L. CAISSIE            Republican,,row,not a full row — not checked,,,,trailing figures,1138,943,,,,,,,2,,0,,,check failed,"77 full rows tie, 7 do not; 27 partial not checked"
elections,2012,FY2012,109,1,,BLANKS,,row,parts sum to the printed total,,,,trailing figures,451,398,453,474,1776,,,,5,,0,,,check failed,"77 full rows tie, 7 do not; 27 partial not checked"
elections,2012,FY2012,109,1,,TOTAL,,subtotal,parts sum to the printed total,,,,trailing figures,1589,1341,1543,1475,5948,,,,5,,0,,,check failed,"77 full rows tie, 7 do not; 27 partial not checked"
elections,2012,FY2012,109,1,,JENNIFER L. FLANAGAN         Democratic,,row,not a full row — not checked,,,,trailing figures,1179,1037,1133,1050,,,,,4,,0,,,check failed,"77 full rows tie, 7 do not; 27 partial not checked"
elections,2012,FY2012,109,1,,BLANKS,,row,parts sum to the printed total,,,,trailing figures,410,304,410,425,1549,,,,5,,0,,,check failed,"77 full rows tie, 7 do not; 27 partial not checked"
elections,2012,FY2012,109,1,,TOTAL,,subtotal,parts sum to the printed total,,,,trailing figures,1589,1341,1543,1475,5948,,,,5,,0,,,check failed,"77 full rows tie, 7 do not; 27 partial not checked"
elections,2012,FY2012,109,1,,JENNIFER E. BENSON         Democratic,,row,not a full row — not checked,,,,trailing figures,1167,1124,1069,3360,,,,,4,,0,,,check failed,"77 full rows tie, 7 do not; 27 partial not checked"
elections,2012,FY2012,109,1,,BLANKS,,row,not a full row — not checked,,,,trailing figures,422,419,406,1247,,,,,4,,0,,,check failed,"77 full rows tie, 7 do not; 27 partial not checked"
elections,2012,FY2012,109,1,,TOTAL                                                             1589          :,,subtotal,not a full row — not checked,,,,trailing figures,1543,1475,4607,,,,,,3,,0,,,check failed,"77 full rows tie, 7 do not; 27 partial not checked"
elections,2012,FY2012,109,1,,STEPHEN L. DiNATALE          Democratic,,row,not a full row — not checked,,,,trailing figures,1023,1023,,,,,,,2,,0,,,check failed,"77 full rows tie, 7 do not; 27 partial not checked"
elections,2012,FY2012,109,1,,BLANKS,,row,not a full row — not checked,,,,trailing figures,318,318,,,,,,,2,,0,,,check failed,"77 full rows tie, 7 do not; 27 partial not checked"
elections,2012,FY2012,109,1,,TOTAL,,subtotal,not a full row — not checked,,,,trailing figures,1341,1341,,,,,,,2,,0,,,check failed,"77 full rows tie, 7 do not; 27 partial not checked"
elections,2012,FY2012,110,1,,KATHLEEN REYNOLDS DAIGNEAULT           Democratic,,row,parts sum to the printed total,,,,trailing figures,789,754,841,722,3106,,,,5,,0,,,check failed,"77 full rows tie, 7 do not; 27 partial not checked"
elections,2012,FY2012,110,1,,PATRICIA BUCKLEY MALCOLMSON             Unenrolled,,row,parts sum to the printed total,,,,trailing figures,501,373,435,456,1765,,,,5,,0,,,check failed,"77 full rows tie, 7 do not; 27 partial not checked"
elections,2012,FY2012,110,1,,BLANKS,,row,parts sum to the printed total,,,,trailing figures,299,214,267,297,1077,,,,5,,0,,,check failed,"77 full rows tie, 7 do not; 27 partial not checked"
elections,2012,FY2012,110,1,,TOTAL,,subtotal,parts sum to the printed total,,,,trailing figures,1589,1341,1543,1475,5948,,,,5,,0,,,check failed,"77 full rows tie, 7 do not; 27 partial not checked"
elections,2012,FY2012,110,1,,YES,,row,parts sum to the printed total,,,,trailing figures,1256,1086,1188,1182,4712,,,,5,,0,,,check failed,"77 full rows tie, 7 do not; 27 partial not checked"
elections,2012,FY2012,110,1,,NO,,row,parts sum to the printed total,,,,trailing figures,181,153,214,184,732,,,,5,,0,,,check failed,"77 full rows tie, 7 do not; 27 partial not checked"
elections,2012,FY2012,110,1,,BLANKS,,row,parts sum to the printed total,,,,trailing figures,152,102,141,109,504,,,,5,,0,,,check failed,"77 full rows tie, 7 do not; 27 partial not checked"
elections,2012,FY2012,110,1,,TOTAL,,subtotal,parts sum to the printed total,,,,trailing figures,1589,1341,1543,1475,5948,,,,5,,0,,,check failed,"77 full rows tie, 7 do not; 27 partial not checked"
elections,2012,FY2012,110,1,,YES,,row,parts sum to the printed total,,,,trailing figures,760,623,741,695,2819,,,,5,,0,,,check failed,"77 full rows tie, 7 do not; 27 partial not checked"
elections,2012,FY2012,110,1,,NO,,row,parts sum to the printed total,,,,trailing figures,793,673,740,739,2945,,,,5,,0,,,check failed,"77 full rows tie, 7 do not; 27 partial not checked"
elections,2012,FY2012,110,1,,BLANKS,,row,parts sum to the printed total,,,,trailing figures,36,45,62,41,184,,,,5,,0,,,check failed,"77 full rows tie, 7 do not; 27 partial not checked"
elections,2012,FY2012,110,1,,TOTAL,,subtotal,parts sum to the printed total,,,,trailing figures,1589,1341,1543,1475,5948,,,,5,,0,,,check failed,"77 full rows tie, 7 do not; 27 partial not checked"
elections,2012,FY2012,111,1,,YES,,row,parts sum to the printed total,,,,trailing figures,960,830,955,885,3630,,,,5,,0,,,check failed,"77 full rows tie, 7 do not; 27 partial not checked"
elections,2012,FY2012,111,1,,NO,,row,parts sum to the printed total,,,,trailing figures,588,462,532,538,2120,,,,5,,0,,,check failed,"77 full rows tie, 7 do not; 27 partial not checked"
elections,2012,FY2012,111,1,,BLANKS,,row,parts sum to the printed total,,,,trailing figures,41,49,56,52,198,,,,5,,0,,,check failed,"77 full rows tie, 7 do not; 27 partial not checked"
elections,2012,FY2012,111,1,,TOTAL,,subtotal,parts sum to the printed total,,,,trailing figures,1589,1341,1543,1475,5948,,,,5,,0,,,check failed,"77 full rows tie, 7 do not; 27 partial not checked"
elections,2013,FY2013,91,1,,** James E. Toale,,row,not a full row — not checked,,,,trailing figures,325,222,255,347,,,,,4,,0,,,checked,32 full rows: parts sum to their printed total; 17 partial not checked
elections,2013,FY2013,91,1,,Joanna L. Bilotta-Simeone,,row,not a full row — not checked,,,,trailing figures,317,1149,,,,,,,2,,0,,,checked,32 full rows: parts sum to their printed total; 17 partial not checked
elections,2013,FY2013,91,1,,** Robert J. Ebersole,,row,one cell short — the missing value is derivable from the printed total,one cell missing; from this row's own printed total it must be 317,,,trailing figures,264,264,250,1095,,,,,4,,0,,,checked,32 full rows: parts sum to their printed total; 17 partial not checked
elections,2013,FY2013,91,1,,Blanks,,row,parts sum to the printed total,,,,trailing figures,308,240,277,317,1142,,,,5,,0,,,checked,32 full rows: parts sum to their printed total; 17 partial not checked
elections,2013,FY2013,91,1,,TOTAL,,subtotal,parts sum to the printed total,,,,trailing figures,178,146,168,156,648,,,,5,,0,,,checked,32 full rows: parts sum to their printed total; 17 partial not checked
elections,2013,FY2013,91,1,,** Michael J. Nault,,row,not a full row — not checked,,,,trailing figures,363,279,297,,,,,,3,,0,,,checked,32 full rows: parts sum to their printed total; 17 partial not checked
elections,2013,FY2013,91,1,,** Carl A. Luck,,row,not a full row — not checked,,,,trailing figures,362,354,1293,,,,,,3,,0,,,checked,32 full rows: parts sum to their printed total; 17 partial not checked
elections,2013,FY2013,91,1,,Blanks,,row,one cell short — the missing value is derivable from the printed total,one cell missing; from this row's own printed total it must be 362,,,trailing figures,289,281,335,1267,,,,,4,,0,,,checked,32 full rows: parts sum to their printed total; 17 partial not checked
elections,2013,FY2013,91,1,,TOTAL,,subtotal,parts sum to the printed total,,,,trailing figures,403,304,386,381,1474,,,,5,,0,,,checked,32 full rows: parts sum to their printed total; 17 partial not checked
elections,2013,FY2013,91,1,,Blanks,,row,parts sum to the printed total,,,,trailing figures,415,337,340,425,1517,,,,5,,0,,,checked,32 full rows: parts sum to their printed total; 17 partial not checked
elections,2013,FY2013,91,1,,TOTAL,,subtotal,parts sum to the printed total,,,,trailing figures,149,99,142,110,500,,,,5,,0,,,checked,32 full rows: parts sum to their printed total; 17 partial not checked
elections,2013,FY2013,91,1,,"** Matthew J. Papini, Sr.",,row,parts sum to the printed total,,,,trailing figures,389,323,325,386,1423,,,,5,,0,,,checked,32 full rows: parts sum to their printed total; 17 partial not checked
elections,2013,FY2013,91,1,,Blanks,,row,not a full row — not checked,,,,trailing figures,175,113,157,,,,,,3,,0,,,checked,32 full rows: parts sum to their printed total; 17 partial not checked
elections,2013,FY2013,91,1,,TOTAL,,subtotal,not a full row — not checked,,,,trailing figures,564,149,594,,,,,,3,,0,,,checked,32 full rows: parts sum to their printed total; 17 partial not checked
elections,2013,FY2013,91,1,,Troy A. Daniels,,row,not a full row — not checked,,,,trailing figures,200,153,184,215,,,,,4,,0,,,checked,32 full rows: parts sum to their printed total; 17 partial not checked
elections,2013,FY2013,91,1,,** Kathryn M. Herrick,,row,not a full row — not checked,,,,trailing figures,352,752,,,,,,,2,,0,,,checked,32 full rows: parts sum to their printed total; 17 partial not checked
elections,2013,FY2013,91,1,,Blanks,,row,not a full row — not checked,,,,trailing figures,275,305,1211,,,,,,3,,0,,,checked,32 full rows: parts sum to their printed total; 17 partial not checked
elections,2013,FY2013,91,1,,TOTAL,,subtotal,one cell short — the missing value is derivable from the printed total,one cell missing; from this row's own printed total it must be 19,,,trailing figures,12,8,15,54,,,,,4,,0,,,checked,32 full rows: parts sum to their printed total; 17 partial not checked
elections,2013,FY2013,91,1,,** John E. Baker Blanks,,row,parts sum to the printed total,,,,trailing figures,419,332,345,405,1501,,,,5,,0,,,checked,32 full rows: parts sum to their printed total; 17 partial not checked
elections,2013,FY2013,91,1,,TOTAL,,subtotal,parts sum to the printed total,,,,trailing figures,145,104,137,130,516,,,,5,,0,,,checked,32 full rows: parts sum to their printed total; 17 partial not checked
elections,2013,FY2013,91,1,,** Colleen M. Shapiro,,row,parts sum to the printed total,,,,trailing figures,352,275,305,362,1294,,,,5,,0,,,checked,32 full rows: parts sum to their printed total; 17 partial not checked
elections,2013,FY2013,91,1,,** Gregory D. Berthiaume,,row,parts sum to the printed total,,,,trailing figures,324,267,268,312,1171,,,,5,,0,,,checked,32 full rows: parts sum to their printed total; 17 partial not checked
elections,2013,FY2013,91,1,,Robert H. Meek-Laveck,,row,not a full row — not checked,,,,trailing figures,195,192,712,,,,,,3,,0,,,checked,32 full rows: parts sum to their printed total; 17 partial not checked
elections,2013,FY2013,91,1,,TOTAL,,subtotal,not a full row — not checked,,,,trailing figures,204,857,,,,,,,2,,0,,,checked,32 full rows: parts sum to their printed total; 17 partial not checked
elections,2013,FY2013,91,1,,**Todd P. Blake,,row,parts sum to the printed total,,,,trailing figures,397,316,325,383,1421,,,,5,,0,,,checked,32 full rows: parts sum to their printed total; 17 partial not checked
elections,2013,FY2013,91,1,,Blanks,,row,not a full row — not checked,,,,trailing figures,167,120,157,,,,,,3,,0,,,checked,32 full rows: parts sum to their printed total; 17 partial not checked
elections,2013,FY2013,91,1,,TOTAL,,subtotal,not a full row — not checked,,,,trailing figures,152,596,,,,,,,2,,0,,,checked,32 full rows: parts sum to their printed total; 17 partial not checked
elections,2013,FY2013,92,1,,Dlatino                                                       200       40%,,row,not a full row — not checked,,,,trailing figures,410,244,1981,,,,,,3,,0,,,checked,32 full rows: parts sum to their printed total; 17 partial not checked
elections,2013,FY2013,92,1,,TOTAL,,subtotal,parts sum to the printed total,,,,trailing figures,564,436,482,535,2017,,,,5,,0,,,checked,32 full rows: parts sum to their printed total; 17 partial not checked
elections,2013,FY2013,92,1,,** Jean E. Storrs,,row,parts sum to the printed total,,,,trailing figures,413,336,336,397,1482,,,,5,,0,,,checked,32 full rows: parts sum to their printed total; 17 partial not checked
elections,2013,FY2013,92,1,,Blanks,,row,parts sum to the printed total,,,,trailing figures,151,100,146,138,535,,,,5,,0,,,checked,32 full rows: parts sum to their printed total; 17 partial not checked
elections,2013,FY2013,92,1,,TOTAL,,subtotal,parts sum to the printed total,,,,trailing figures,564,436,482,535,2017,,,,5,,0,,,checked,32 full rows: parts sum to their printed total; 17 partial not checked
elections,2013,FY2013,92,1,,** Lance D. May,,row,parts sum to the printed total,,,,trailing figures,414,339,336,389,1478,,,,5,,0,,,checked,32 full rows: parts sum to their printed total; 17 partial not checked
elections,2013,FY2013,92,1,,Blanks,,row,parts sum to the printed total,,,,trailing figures,150,97,146,146,539,,,,5,,0,,,checked,32 full rows: parts sum to their printed total; 17 partial not checked
elections,2013,FY2013,92,1,,TOTAL,,subtotal,parts sum to the printed total,,,,trailing figures,564,436,482,535,2017,,,,5,,0,,,checked,32 full rows: parts sum to their printed total; 17 partial not checked
elections,2013,FY2013,92,1,,** Richard N. Mailloux,,row,parts sum to the printed total,,,,trailing figures,400,332,328,380,1440,,,,5,,0,,,checked,32 full rows: parts sum to their printed total; 17 partial not checked
elections,2013,FY2013,92,1,,** Joanne M. McQuaid,,row,parts sum to the printed total,,,,trailing figures,10,4,9,23,46,,,,5,,0,,,checked,32 full rows: parts sum to their printed total; 17 partial not checked
elections,2013,FY2013,92,1,,Karin L. Menard,,row,parts sum to the printed total,,,,trailing figures,4,1,2,11,18,,,,5,,0,,,checked,32 full rows: parts sum to their printed total; 17 partial not checked
elections,2013,FY2013,92,1,,Blanks,,row,parts sum to the printed total,,,,trailing figures,714,535,625,656,2530,,,,5,,0,,,checked,32 full rows: parts sum to their printed total; 17 partial not checked
elections,2013,FY2013,92,1,,TOTAL,,subtotal,parts sum to the printed total,,,,trailing figures,1128,872,964,1070,4034,,,,5,,0,,,checked,32 full rows: parts sum to their printed total; 17 partial not checked
elections,2013,FY2013,92,1,,** Damon J. McQuaid,,row,parts sum to the printed total,,,,trailing figures,392,319,330,385,1426,,,,5,,0,,,checked,32 full rows: parts sum to their printed total; 17 partial not checked
elections,2013,FY2013,92,1,,Blanks,,row,parts sum to the printed total,,,,trailing figures,172,117,152,150,591,,,,5,,0,,,checked,32 full rows: parts sum to their printed total; 17 partial not checked
elections,2013,FY2013,92,1,,TOTAL,,subtotal,parts sum to the printed total,,,,trailing figures,564,436,482,535,2017,,,,5,,0,,,checked,32 full rows: parts sum to their printed total; 17 partial not checked
elections,2013,FY2013,92,1,,** Matthew A. Allison,,row,parts sum to the printed total,,,,trailing figures,386,315,323,382,1406,,,,5,,0,,,checked,32 full rows: parts sum to their printed total; 17 partial not checked
elections,2013,FY2013,92,1,,Blanks,,row,parts sum to the printed total,,,,trailing figures,178,121,159,153,611,,,,5,,0,,,checked,32 full rows: parts sum to their printed total; 17 partial not checked
elections,2013,FY2013,92,1,,TOTAL,,subtotal,parts sum to the printed total,,,,trailing figures,564,436,482,535,2017,,,,5,,0,,,checked,32 full rows: parts sum to their printed total; 17 partial not checked
elections,2013,FY2013,92,1,,** Deborah Herrick-Christen,,row,parts sum to the printed total,,,,trailing figures,399,328,328,373,1428,,,,5,,0,,,checked,32 full rows: parts sum to their printed total; 17 partial not checked
elections,2013,FY2013,92,1,,Blanks,,row,parts sum to the printed total,,,,trailing figures,165,108,154,162,589,,,,5,,0,,,checked,32 full rows: parts sum to their printed total; 17 partial not checked
elections,2013,FY2013,92,1,,TOTAL,,subtotal,parts sum to the printed total,,,,trailing figures,564,436,482,535,2017,,,,5,,0,,,checked,32 full rows: parts sum to their printed total; 17 partial not checked
elections,2014,FY2014,153,1,,SATURDAY MAY,,row,not a full row — not checked,,,,trailing figures,17,2014,,,,,,,2,,0,,,check failed,"181 full rows tie, 1 do not; 28 partial not checked"
elections,2014,FY2014,153,1,,**  Thomas A. Alonzo,,row,parts sum to the printed total,,,,trailing figures,227,158,221,257,863,,,,5,,0,,,check failed,"181 full rows tie, 1 do not; 28 partial not checked"
elections,2014,FY2014,153,1,,**  Phyllis M. Luck,,row,parts sum to the printed total,,,,trailing figures,178,123,147,192,640,,,,5,,0,,,check failed,"181 full rows tie, 1 do not; 28 partial not checked"
elections,2014,FY2014,153,1,,Joanna L. Bilotta-Simeone,,row,parts sum to the printed total,,,,trailing figures,181,137,174,136,628,,,,5,,0,,,check failed,"181 full rows tie, 1 do not; 28 partial not checked"
elections,2014,FY2014,153,1,,Blanks,,row,parts sum to the printed total,,,,trailing figures,105,63,102,88,358,,,,5,,0,,,check failed,"181 full rows tie, 1 do not; 28 partial not checked"
elections,2014,FY2014,153,1,,Write-Ins,,row,parts sum to the printed total,,,,trailing figures,3,1,2,1,7,,,,5,,0,,,check failed,"181 full rows tie, 1 do not; 28 partial not checked"
elections,2014,FY2014,153,1,,TOTAL,,subtotal,parts sum to the printed total,,,,trailing figures,694,482,646,674,2496,,,,5,,0,,,check failed,"181 full rows tie, 1 do not; 28 partial not checked"
elections,2014,FY2014,153,1,,Blanks,,row,parts sum to the printed total,,,,trailing figures,327,232,310,330,1199,,,,5,,0,,,check failed,"181 full rows tie, 1 do not; 28 partial not checked"
elections,2014,FY2014,153,1,,Write-Ins,,row,parts sum to the printed total,,,,trailing figures,14,5,12,7,38,,,,5,,0,,,check failed,"181 full rows tie, 1 do not; 28 partial not checked"
elections,2014,FY2014,153,1,,TOTAL,,subtotal,parts sum to the printed total,,,,trailing figures,347,241,323,337,1248,,,,5,,0,,,check failed,"181 full rows tie, 1 do not; 28 partial not checked"
elections,2014,FY2014,153,1,,**  Paul J. Fortin,,row,parts sum to the printed total,,,,trailing figures,214,158,187,207,766,,,,5,,0,,,check failed,"181 full rows tie, 1 do not; 28 partial not checked"
elections,2014,FY2014,153,1,,**  Perry R. Jewell,,row,parts sum to the printed total,,,,trailing figures,200,159,209,193,761,,,,5,,0,,,check failed,"181 full rows tie, 1 do not; 28 partial not checked"
elections,2014,FY2014,153,1,,Blanks,,row,parts sum to the printed total,,,,trailing figures,279,165,250,272,966,,,,5,,0,,,check failed,"181 full rows tie, 1 do not; 28 partial not checked"
elections,2014,FY2014,153,1,,Write-Ins 1 - -,,row,not a full row — not checked,,,,trailing figures,2,3,,,,,,,2,,0,,,check failed,"181 full rows tie, 1 do not; 28 partial not checked"
elections,2014,FY2014,153,1,,TOTAL,,subtotal,parts sum to the printed total,,,,trailing figures,694,482,646,674,2496,,,,5,,0,,,check failed,"181 full rows tie, 1 do not; 28 partial not checked"
elections,2014,FY2014,153,1,,**  Louis J. Franco,,row,parts sum to the printed total,,,,trailing figures,217,169,199,224,809,,,,5,,0,,,check failed,"181 full rows tie, 1 do not; 28 partial not checked"
elections,2014,FY2014,153,1,,Blanks,,row,parts sum to the printed total,,,,trailing figures,130,71,122,113,436,,,,5,,0,,,check failed,"181 full rows tie, 1 do not; 28 partial not checked"
elections,2014,FY2014,153,1,,TOTAL,,subtotal,parts sum to the printed total,,,,trailing figures,347,241,323,337,1248,,,,5,,0,,,check failed,"181 full rows tie, 1 do not; 28 partial not checked"
elections,2014,FY2014,153,1,,**  Heather A. Sroka,,row,parts sum to the printed total,,,,trailing figures,207,146,188,205,746,,,,5,,0,,,check failed,"181 full rows tie, 1 do not; 28 partial not checked"
elections,2014,FY2014,153,1,,**  Michael J. Mackin,,row,parts sum to the printed total,,,,trailing figures,190,132,184,204,710,,,,5,,0,,,check failed,"181 full rows tie, 1 do not; 28 partial not checked"
elections,2014,FY2014,153,1,,Zachary W. Bos,,row,parts sum to the printed total,,,,trailing figures,133,91,111,111,446,,,,5,,0,,,check failed,"181 full rows tie, 1 do not; 28 partial not checked"
elections,2014,FY2014,153,1,,Blanks,,row,parts sum to the printed total,,,,trailing figures,162,113,160,152,587,,,,5,,0,,,check failed,"181 full rows tie, 1 do not; 28 partial not checked"
elections,2014,FY2014,153,1,,Write-Ins 2 -,,row,not a full row — not checked,,,,trailing figures,3,2,7,,,,,,3,,0,,,check failed,"181 full rows tie, 1 do not; 28 partial not checked"
elections,2014,FY2014,153,1,,TOTAL,,subtotal,parts sum to the printed total,,,,trailing figures,694,482,646,674,2496,,,,5,,0,,,check failed,"181 full rows tie, 1 do not; 28 partial not checked"
elections,2014,FY2014,153,1,,**  Robert Robuccio,,row,parts sum to the printed total,,,,trailing figures,184,130,154,155,623,,,,5,,0,,,check failed,"181 full rows tie, 1 do not; 28 partial not checked"
elections,2014,FY2014,153,1,,Karin L. Menard,,row,parts sum to the printed total,,,,trailing figures,109,78,115,124,426,,,,5,,0,,,check failed,"181 full rows tie, 1 do not; 28 partial not checked"
elections,2014,FY2014,153,1,,Blanks,,row,parts sum to the printed total,,,,trailing figures,54,33,54,58,199,,,,5,,0,,,check failed,"181 full rows tie, 1 do not; 28 partial not checked"
elections,2014,FY2014,153,1,,TOTAL,,subtotal,parts sum to the printed total,,,,trailing figures,347,241,323,337,1248,,,,5,,0,,,check failed,"181 full rows tie, 1 do not; 28 partial not checked"
elections,2014,FY2014,154,1,,**  Karen M. Ullo,,row,parts sum to the printed total,,,,trailing figures,210,164,205,220,799,,,,5,,0,,,check failed,"181 full rows tie, 1 do not; 28 partial not checked"
elections,2014,FY2014,154,1,,Blanks,,row,parts sum to the printed total,,,,trailing figures,136,77,117,117,447,,,,5,,0,,,check failed,"181 full rows tie, 1 do not; 28 partial not checked"
elections,2014,FY2014,154,1,,TOTAL,,subtotal,parts sum to the printed total,,,,trailing figures,347,241,323,337,1248,,,,5,,0,,,check failed,"181 full rows tie, 1 do not; 28 partial not checked"
elections,2014,FY2014,154,1,,**  G. Stephen Schaff,,row,parts sum to the printed total,,,,trailing figures,247,173,216,234,870,,,,5,,0,,,check failed,"181 full rows tie, 1 do not; 28 partial not checked"
elections,2014,FY2014,154,1,,Blanks,,row,parts sum to the printed total,,,,trailing figures,100,67,107,103,377,,,,5,,0,,,check failed,"181 full rows tie, 1 do not; 28 partial not checked"
elections,2014,FY2014,154,1,,TOTAL,,subtotal,parts sum to the printed total,,,,trailing figures,347,241,323,337,1248,,,,5,,0,,,check failed,"181 full rows tie, 1 do not; 28 partial not checked"
elections,2014,FY2014,154,1,,**  Susan A. Visser,,row,parts sum to the printed total,,,,trailing figures,220,166,212,209,807,,,,5,,0,,,check failed,"181 full rows tie, 1 do not; 28 partial not checked"
elections,2014,FY2014,154,1,,**  Harry M. Kubetz,,row,parts sum to the printed total,,,,trailing figures,210,156,191,194,751,,,,5,,0,,,check failed,"181 full rows tie, 1 do not; 28 partial not checked"
elections,2014,FY2014,154,1,,Blanks,,row,parts sum to the printed total,,,,trailing figures,264,160,243,271,938,,,,5,,0,,,check failed,"181 full rows tie, 1 do not; 28 partial not checked"
elections,2014,FY2014,154,1,,TOTAL,,subtotal,parts sum to the printed total,,,,trailing figures,694,482,646,674,2496,,,,5,,0,,,check failed,"181 full rows tie, 1 do not; 28 partial not checked"
elections,2014,FY2014,154,1,,**   Kenneth J. Chenis,,row,parts sum to the printed total,,,,trailing figures,168,109,131,163,571,,,,5,,0,,,check failed,"181 full rows tie, 1 do not; 28 partial not checked"
elections,2014,FY2014,154,1,,Matthew A. Allison,,row,parts sum to the printed total,,,,trailing figures,105,87,135,110,437,,,,5,,0,,,check failed,"181 full rows tie, 1 do not; 28 partial not checked"
elections,2014,FY2014,154,1,,Blanks,,row,parts sum to the printed total,,,,trailing figures,74,45,56,60,235,,,,5,,0,,,check failed,"181 full rows tie, 1 do not; 28 partial not checked"
elections,2014,FY2014,154,1,,Write-Ins - -,,row,not a full row — not checked,,,,trailing figures,1,4,5,,,,,,3,,0,,,check failed,"181 full rows tie, 1 do not; 28 partial not checked"
elections,2014,FY2014,154,1,,TOTAL,,subtotal,parts sum to the printed total,,,,trailing figures,347,241,323,337,1248,,,,5,,0,,,check failed,"181 full rows tie, 1 do not; 28 partial not checked"
elections,2014,FY2014,154,1,,** Caroline S. Fortin,,row,parts sum to the printed total,,,,trailing figures,225,171,206,217,819,,,,5,,0,,,check failed,"181 full rows tie, 1 do not; 28 partial not checked"
elections,2014,FY2014,154,1,,Blanks,,row,parts sum to the printed total,,,,trailing figures,120,70,117,119,426,,,,5,,0,,,check failed,"181 full rows tie, 1 do not; 28 partial not checked"
elections,2014,FY2014,154,1,,Write-Ins 2 - -,,row,not a full row — not checked,,,,trailing figures,1,3,,,,,,,2,,0,,,check failed,"181 full rows tie, 1 do not; 28 partial not checked"
elections,2014,FY2014,154,1,,TOTAL,,subtotal,parts sum to the printed total,,,,trailing figures,347,241,323,337,1248,,,,5,,0,,,check failed,"181 full rows tie, 1 do not; 28 partial not checked"
elections,2014,FY2014,155,1,,SEPTEMBER,,row,not a full row — not checked,,,,trailing figures,9,2014,,,,,,,2,,0,,,check failed,"181 full rows tie, 1 do not; 28 partial not checked"
elections,2014,FY2014,155,1,,EDWARD J. MARKEY **,,row,parts sum to the printed total,,,,trailing figures,107,106,87,98,398,,,,5,,0,,,check failed,"181 full rows tie, 1 do not; 28 partial not checked"
elections,2014,FY2014,155,1,,BLANKS,,row,parts sum to the printed total,,,,trailing figures,46,39,46,51,182,,,,5,,0,,,check failed,"181 full rows tie, 1 do not; 28 partial not checked"
elections,2014,FY2014,155,1,,TOTAL,,subtotal,parts sum to the printed total,,,,trailing figures,159,145,133,149,586,,,,5,,0,,,check failed,"181 full rows tie, 1 do not; 28 partial not checked"
elections,2014,FY2014,155,1,,DONALD M. BERWICK,,row,parts sum to the printed total,,,,trailing figures,36,16,19,28,99,,,,5,,0,,,check failed,"181 full rows tie, 1 do not; 28 partial not checked"
elections,2014,FY2014,155,1,,MARTHA COAKLEY,,row,parts sum to the printed total,,,,trailing figures,57,70,55,59,241,,,,5,,0,,,check failed,"181 full rows tie, 1 do not; 28 partial not checked"
elections,2014,FY2014,155,1,,STEVEN GROSSMAN,,row,parts sum to the printed total,,,,trailing figures,66,59,58,58,241,,,,5,,0,,,check failed,"181 full rows tie, 1 do not; 28 partial not checked"
elections,2014,FY2014,155,1,,BLANKS - -,,row,not a full row — not checked,,,,trailing figures,1,4,5,,,,,,3,,0,,,check failed,"181 full rows tie, 1 do not; 28 partial not checked"
elections,2014,FY2014,155,1,,TOTAL,,subtotal,parts sum to the printed total,,,,trailing figures,159,145,133,149,586,,,,5,,0,,,check failed,"181 full rows tie, 1 do not; 28 partial not checked"
elections,2014,FY2014,155,1,,LELAND CHEUNG,,row,parts sum to the printed total,,,,trailing figures,17,10,12,16,55,,,,5,,0,,,check failed,"181 full rows tie, 1 do not; 28 partial not checked"
elections,2014,FY2014,155,1,,STEPHEN J. KERRIGAN **,,row,parts sum to the printed total,,,,trailing figures,108,107,94,97,406,,,,5,,0,,,check failed,"181 full rows tie, 1 do not; 28 partial not checked"
elections,2014,FY2014,155,1,,MICHAEL E. LAKE,,row,parts sum to the printed total,,,,trailing figures,8,14,13,15,50,,,,5,,0,,,check failed,"181 full rows tie, 1 do not; 28 partial not checked"
elections,2014,FY2014,155,1,,BLANKS,,row,parts sum to the printed total,,,,trailing figures,26,14,14,21,75,,,,5,,0,,,check failed,"181 full rows tie, 1 do not; 28 partial not checked"
elections,2014,FY2014,155,1,,TOTAL,,subtotal,parts sum to the printed total,,,,trailing figures,159,145,133,149,586,,,,5,,0,,,check failed,"181 full rows tie, 1 do not; 28 partial not checked"
elections,2014,FY2014,155,1,,MAURA HEALEY **,,row,parts sum to the printed total,,,,trailing figures,106,101,87,102,396,,,,5,,0,,,check failed,"181 full rows tie, 1 do not; 28 partial not checked"
elections,2014,FY2014,155,1,,WARREN E. TOLMAN,,row,parts sum to the printed total,,,,trailing figures,50,39,41,38,168,,,,5,,0,,,check failed,"181 full rows tie, 1 do not; 28 partial not checked"
elections,2014,FY2014,155,1,,BLANKS,,row,parts sum to the printed total,,,,trailing figures,3,5,5,9,22,,,,5,,0,,,check failed,"181 full rows tie, 1 do not; 28 partial not checked"
elections,2014,FY2014,155,1,,TOTAL,,subtotal,parts sum to the printed total,,,,trailing figures,159,145,133,149,586,,,,5,,0,,,check failed,"181 full rows tie, 1 do not; 28 partial not checked"
elections,2014,FY2014,155,1,,WILLIAM FRANICIS GALVIN **,,row,parts sum to the printed total,,,,trailing figures,121,115,104,103,443,,,,5,,0,,,check failed,"181 full rows tie, 1 do not; 28 partial not checked"
elections,2014,FY2014,155,1,,BLANKS,,row,parts sum to the printed total,,,,trailing figures,38,30,29,46,143,,,,5,,0,,,check failed,"181 full rows tie, 1 do not; 28 partial not checked"
elections,2014,FY2014,155,1,,TOTAL,,subtotal,parts sum to the printed total,,,,trailing figures,159,145,133,149,586,,,,5,,0,,,check failed,"181 full rows tie, 1 do not; 28 partial not checked"
elections,2014,FY2014,155,1,,THOMAS P. CONROY,,row,parts sum to the printed total,,,,trailing figures,40,33,35,30,138,,,,5,,0,,,check failed,"181 full rows tie, 1 do not; 28 partial not checked"
elections,2014,FY2014,155,1,,BARRY R. FINEGOLD,,row,parts sum to the printed total,,,,trailing figures,48,49,47,56,200,,,,5,,0,,,check failed,"181 full rows tie, 1 do not; 28 partial not checked"
elections,2014,FY2014,155,1,,DEBORAH B. GOLDBERG **,,row,parts sum to the printed total,,,,trailing figures,59,56,39,49,203,,,,5,,0,,,check failed,"181 full rows tie, 1 do not; 28 partial not checked"
elections,2014,FY2014,155,1,,BLANKS,,row,parts sum to the printed total,,,,trailing figures,12,7,12,14,45,,,,5,,0,,,check failed,"181 full rows tie, 1 do not; 28 partial not checked"
elections,2014,FY2014,155,1,,TOTAL,,subtotal,parts sum to the printed total,,,,trailing figures,159,145,133,149,586,,,,5,,0,,,check failed,"181 full rows tie, 1 do not; 28 partial not checked"
elections,2014,FY2014,156,1,,SUZANNE M. BUMP **,,row,parts sum to the printed total,,,,trailing figures,104,106,98,92,400,,,,5,,0,,,check failed,"181 full rows tie, 1 do not; 28 partial not checked"
elections,2014,FY2014,156,1,,BLANKS,,row,parts sum to the printed total,,,,trailing figures,55,39,35,57,186,,,,5,,0,,,check failed,"181 full rows tie, 1 do not; 28 partial not checked"
elections,2014,FY2014,156,1,,TOTAL,,subtotal,parts sum to the printed total,,,,trailing figures,159,145,133,149,586,,,,5,,0,,,check failed,"181 full rows tie, 1 do not; 28 partial not checked"
elections,2014,FY2014,156,1,,NICOLA S. TSONGAS **,,row,parts sum to the printed total,,,,trailing figures,112,111,102,104,429,,,,5,,0,,,check failed,"181 full rows tie, 1 do not; 28 partial not checked"
elections,2014,FY2014,156,1,,BLANKS,,row,parts sum to the printed total,,,,trailing figures,47,34,31,45,157,,,,5,,0,,,check failed,"181 full rows tie, 1 do not; 28 partial not checked"
elections,2014,FY2014,156,1,,TOTAL,,subtotal,parts sum to the printed total,,,,trailing figures,159,145,133,149,586,,,,5,,0,,,check failed,"181 full rows tie, 1 do not; 28 partial not checked"
elections,2014,FY2014,156,1,,BLANKS,,row,parts sum to the printed total,,,,trailing figures,159,145,133,149,586,,,,5,,0,,,check failed,"181 full rows tie, 1 do not; 28 partial not checked"
elections,2014,FY2014,156,1,,TOTAL,,subtotal,parts sum to the printed total,,,,trailing figures,159,145,133,149,586,,,,5,,0,,,check failed,"181 full rows tie, 1 do not; 28 partial not checked"
elections,2014,FY2014,156,1,,JENNIFER FLANAGAN **,,row,parts sum to the printed total,,,,trailing figures,70,36,32,39,177,,,,5,,0,,,check failed,"181 full rows tie, 1 do not; 28 partial not checked"
elections,2014,FY2014,156,1,,BLANKS,,row,parts sum to the printed total,,,,trailing figures,89,109,101,110,409,,,,5,,0,,,check failed,"181 full rows tie, 1 do not; 28 partial not checked"
elections,2014,FY2014,156,1,,TOTAL,,subtotal,parts sum to the printed total,,,,trailing figures,159,145,133,149,586,,,,5,,0,,,check failed,"181 full rows tie, 1 do not; 28 partial not checked"
elections,2014,FY2014,156,1,,JENNIFER E. BENSON ** 123 -,,row,not a full row — not checked,,,,trailing figures,108,114,345,,,,,,3,,0,,,check failed,"181 full rows tie, 1 do not; 28 partial not checked"
elections,2014,FY2014,156,1,,BLANKS,,row,parts sum to the printed total,,,,trailing figures,36,39,25,35,135,,,,5,,0,,,check failed,"181 full rows tie, 1 do not; 28 partial not checked"
elections,2014,FY2014,156,1,,TOTAL,,subtotal,parts sum to the printed total,,,,trailing figures,159,145,133,149,586,,,,5,,0,,,check failed,"181 full rows tie, 1 do not; 28 partial not checked"
elections,2014,FY2014,156,1,,JOSEPH D. EARLY JR **,,row,parts sum to the printed total,,,,trailing figures,112,114,93,99,418,,,,5,,0,,,check failed,"181 full rows tie, 1 do not; 28 partial not checked"
elections,2014,FY2014,156,1,,BLANKS,,row,parts sum to the printed total,,,,trailing figures,47,31,40,50,168,,,,5,,0,,,check failed,"181 full rows tie, 1 do not; 28 partial not checked"
elections,2014,FY2014,156,1,,TOTAL,,subtotal,parts sum to the printed total,,,,trailing figures,159,145,133,149,586,,,,5,,0,,,check failed,"181 full rows tie, 1 do not; 28 partial not checked"
elections,2014,FY2014,156,1,,STEPHEN G. ABRAHAM **,,row,parts sum to the printed total,,,,trailing figures,106,102,92,88,388,,,,5,,0,,,check failed,"181 full rows tie, 1 do not; 28 partial not checked"
elections,2014,FY2014,156,1,,BLANKS,,row,parts sum to the printed total,,,,trailing figures,53,43,41,61,198,,,,5,,0,,,check failed,"181 full rows tie, 1 do not; 28 partial not checked"
elections,2014,FY2014,156,1,,TOTAL,,subtotal,parts sum to the printed total,,,,trailing figures,159,145,133,149,586,,,,5,,0,,,check failed,"181 full rows tie, 1 do not; 28 partial not checked"
elections,2014,FY2014,156,1,,BRIAN J. HERR **,,row,parts sum to the printed total,,,,trailing figures,71,59,58,47,235,,,,5,,0,,,check failed,"181 full rows tie, 1 do not; 28 partial not checked"
elections,2014,FY2014,156,1,,BLANKS,,row,parts sum to the printed total,,,,trailing figures,18,15,16,17,66,,,,5,,0,,,check failed,"181 full rows tie, 1 do not; 28 partial not checked"
elections,2014,FY2014,156,1,,TOTAL,,subtotal,parts sum to the printed total,,,,trailing figures,89,74,74,64,301,,,,5,,0,,,check failed,"181 full rows tie, 1 do not; 28 partial not checked"
elections,2014,FY2014,157,1,,CHARLES D. BAKER **,,row,parts sum to the printed total,,,,trailing figures,70,55,48,46,219,,,,5,,0,,,check failed,"181 full rows tie, 1 do not; 28 partial not checked"
elections,2014,FY2014,157,1,,MARK R. FISHER,,row,parts sum to the printed total,,,,trailing figures,19,19,26,18,82,,,,5,,0,,,check failed,"181 full rows tie, 1 do not; 28 partial not checked"
elections,2014,FY2014,157,1,,TOTAL,,subtotal,parts sum to the printed total,,,,trailing figures,89,74,74,64,301,,,,5,,0,,,check failed,"181 full rows tie, 1 do not; 28 partial not checked"
elections,2014,FY2014,157,1,,KAREN E. POLITO **,,row,parts sum to the printed total,,,,trailing figures,79,67,63,52,261,,,,5,,0,,,check failed,"181 full rows tie, 1 do not; 28 partial not checked"
elections,2014,FY2014,157,1,,BLANKS,,row,parts sum to the printed total,,,,trailing figures,10,7,11,12,40,,,,5,,0,,,check failed,"181 full rows tie, 1 do not; 28 partial not checked"
elections,2014,FY2014,157,1,,TOTAL,,subtotal,parts sum to the printed total,,,,trailing figures,89,74,74,64,301,,,,5,,0,,,check failed,"181 full rows tie, 1 do not; 28 partial not checked"
elections,2014,FY2014,157,1,,JOHN B. MILLER **,,row,parts sum to the printed total,,,,trailing figures,73,61,61,51,246,,,,5,,0,,,check failed,"181 full rows tie, 1 do not; 28 partial not checked"
elections,2014,FY2014,157,1,,BLANKS,,row,parts sum to the printed total,,,,trailing figures,16,13,13,13,55,,,,5,,0,,,check failed,"181 full rows tie, 1 do not; 28 partial not checked"
elections,2014,FY2014,157,1,,TOTAL,,subtotal,parts sum to the printed total,,,,trailing figures,89,74,74,64,301,,,,5,,0,,,check failed,"181 full rows tie, 1 do not; 28 partial not checked"
elections,2014,FY2014,157,1,,DAVID D’ARCANGELO **,,row,parts sum to the printed total,,,,trailing figures,74,60,55,47,236,,,,5,,0,,,check failed,"181 full rows tie, 1 do not; 28 partial not checked"
elections,2014,FY2014,157,1,,BLANKS,,row,parts sum to the printed total,,,,trailing figures,15,14,19,17,65,,,,5,,0,,,check failed,"181 full rows tie, 1 do not; 28 partial not checked"
elections,2014,FY2014,157,1,,TOTAL,,subtotal,parts sum to the printed total,,,,trailing figures,89,74,74,64,301,,,,5,,0,,,check failed,"181 full rows tie, 1 do not; 28 partial not checked"
elections,2014,FY2014,157,1,,MICHAEL JAMES HEFFERNAN **,,row,parts sum to the printed total,,,,trailing figures,72,61,58,50,241,,,,5,,0,,,check failed,"181 full rows tie, 1 do not; 28 partial not checked"
elections,2014,FY2014,157,1,,BLANKS,,row,parts sum to the printed total,,,,trailing figures,17,13,16,14,60,,,,5,,0,,,check failed,"181 full rows tie, 1 do not; 28 partial not checked"
elections,2014,FY2014,157,1,,TOTAL,,subtotal,parts sum to the printed total,,,,trailing figures,89,74,74,64,301,,,,5,,0,,,check failed,"181 full rows tie, 1 do not; 28 partial not checked"
elections,2014,FY2014,157,1,,PATRICIA S. SAINT AUBIN **,,row,parts sum to the printed total,,,,trailing figures,73,60,53,49,235,,,,5,,0,,,check failed,"181 full rows tie, 1 do not; 28 partial not checked"
elections,2014,FY2014,157,1,,BLANKS,,row,parts sum to the printed total,,,,trailing figures,16,14,21,15,66,,,,5,,0,,,check failed,"181 full rows tie, 1 do not; 28 partial not checked"
elections,2014,FY2014,157,1,,TOTAL,,subtotal,parts sum to the printed total,,,,trailing figures,89,74,74,64,301,,,,5,,0,,,check failed,"181 full rows tie, 1 do not; 28 partial not checked"
elections,2014,FY2014,157,1,,ROSEANN L. EHRHARD WOFFORD **,,row,parts sum to the printed total,,,,trailing figures,73,59,57,49,238,,,,5,,0,,,check failed,"181 full rows tie, 1 do not; 28 partial not checked"
elections,2014,FY2014,157,1,,BLANKS,,row,parts sum to the printed total,,,,trailing figures,16,15,17,15,63,,,,5,,0,,,check failed,"181 full rows tie, 1 do not; 28 partial not checked"
elections,2014,FY2014,157,1,,TOTAL,,subtotal,parts sum to the printed total,,,,trailing figures,89,74,74,64,301,,,,5,,0,,,check failed,"181 full rows tie, 1 do not; 28 partial not checked"
elections,2014,FY2014,157,1,,JENNIE L. CAISSIE **,,row,parts sum to the printed total,,,,trailing figures,72,53,52,47,224,,,,5,,0,,,check failed,"181 full rows tie, 1 do not; 28 partial not checked"
elections,2014,FY2014,157,1,,BLANKS,,row,parts sum to the printed total,,,,trailing figures,17,21,22,17,77,,,,5,,0,,,check failed,"181 full rows tie, 1 do not; 28 partial not checked"
elections,2014,FY2014,157,1,,TOTAL,,subtotal,parts sum to the printed total,,,,trailing figures,89,74,74,64,301,,,,5,,0,,,check failed,"181 full rows tie, 1 do not; 28 partial not checked"
elections,2014,FY2014,157,1,,RICHARD M. BASTIEN ** 9 -,,row,not a full row — not checked,,,,trailing figures,9,7,25,,,,,,3,,0,,,check failed,"181 full rows tie, 1 do not; 28 partial not checked"
elections,2014,FY2014,157,1,,BLANKS,,row,parts sum to the printed total,,,,trailing figures,80,74,65,57,276,,,,5,,0,,,check failed,"181 full rows tie, 1 do not; 28 partial not checked"
elections,2014,FY2014,157,1,,TOTAL,,subtotal,parts sum to the printed total,,,,trailing figures,89,74,74,64,301,,,,5,,0,,,check failed,"181 full rows tie, 1 do not; 28 partial not checked"
elections,2014,FY2014,158,1,,RICHARD M. BASTIEN   1 -,,row,not a full row — not checked,,,,trailing figures,11,7,19,,,,,,3,,0,,,check failed,"181 full rows tie, 1 do not; 28 partial not checked"
elections,2014,FY2014,158,1,,BLANKS,,row,parts sum to the printed total,,,,trailing figures,88,74,63,57,282,,,,5,,0,,,check failed,"181 full rows tie, 1 do not; 28 partial not checked"
elections,2014,FY2014,158,1,,TOTAL,,subtotal,parts sum to the printed total,,,,trailing figures,89,74,74,64,301,,,,5,,0,,,check failed,"181 full rows tie, 1 do not; 28 partial not checked"
elections,2014,FY2014,158,1,,BLANKS,,row,parts sum to the printed total,,,,trailing figures,89,74,74,64,301,,,,5,,0,,,check failed,"181 full rows tie, 1 do not; 28 partial not checked"
elections,2014,FY2014,158,1,,TOTAL,,subtotal,parts sum to the printed total,,,,trailing figures,89,74,74,64,301,,,,5,,0,,,check failed,"181 full rows tie, 1 do not; 28 partial not checked"
elections,2014,FY2014,158,1,,STEPHANIE K. FATTMAN **,,row,parts sum to the printed total,,,,trailing figures,72,61,52,46,231,,,,5,,0,,,check failed,"181 full rows tie, 1 do not; 28 partial not checked"
elections,2014,FY2014,158,1,,BLANKS,,row,parts sum to the printed total,,,,trailing figures,17,13,22,18,70,,,,5,,0,,,check failed,"181 full rows tie, 1 do not; 28 partial not checked"
elections,2014,FY2014,158,1,,TOTAL,,subtotal,parts sum to the printed total,,,,trailing figures,89,74,74,64,301,,,,5,,0,,,check failed,"181 full rows tie, 1 do not; 28 partial not checked"
elections,2014,FY2014,159,1,,STATE ELECTION – NOVEMBER,,row,not a full row — not checked,,,,trailing figures,4,2014,,,,,,,2,,0,,,check failed,"181 full rows tie, 1 do not; 28 partial not checked"
elections,2014,FY2014,159,1,,EDWARD J. MARKEY,,row,parts sum to the printed total,,,,trailing figures,547,474,465,473,1959,,,,5,,0,,,check failed,"181 full rows tie, 1 do not; 28 partial not checked"
elections,2014,FY2014,159,1,,BRIAN J. HERR,,row,parts sum to the printed total,,,,trailing figures,592,448,556,539,2135,,,,5,,0,,,check failed,"181 full rows tie, 1 do not; 28 partial not checked"
elections,2014,FY2014,159,1,,BLANKS,,row,parts sum to the printed total,,,,trailing figures,48,33,32,40,153,,,,5,,0,,,check failed,"181 full rows tie, 1 do not; 28 partial not checked"
elections,2014,FY2014,159,1,,TOTAL,,subtotal,parts sum to the printed total,,,,trailing figures,1187,955,1053,1052,4247,,,,5,,0,,,check failed,"181 full rows tie, 1 do not; 28 partial not checked"
elections,2014,FY2014,159,1,,BAKER & POLITO,,row,parts sum to the printed total,,,,trailing figures,726,561,653,635,2575,,,,5,,0,,,check failed,"181 full rows tie, 1 do not; 28 partial not checked"
elections,2014,FY2014,159,1,,COAKLEY & KERRIGAN,,row,parts sum to the printed total,,,,trailing figures,398,344,349,347,1438,,,,5,,0,,,check failed,"181 full rows tie, 1 do not; 28 partial not checked"
elections,2014,FY2014,159,1,,FALCHUK & JENNINGS,,row,parts sum to the printed total,,,,trailing figures,30,25,33,41,129,,,,5,,0,,,check failed,"181 full rows tie, 1 do not; 28 partial not checked"
elections,2014,FY2014,159,1,,LIVELY & SAUNDERS,,row,parts sum to the printed total,,,,trailing figures,11,10,6,18,45,,,,5,,0,,,check failed,"181 full rows tie, 1 do not; 28 partial not checked"
elections,2014,FY2014,159,1,,McCORMICK & POST,,row,parts sum to the printed total,,,,trailing figures,8,4,4,5,21,,,,5,,0,,,check failed,"181 full rows tie, 1 do not; 28 partial not checked"
elections,2014,FY2014,159,1,,BLANKS,,row,parts sum to the printed total,,,,trailing figures,14,11,8,6,39,,,,5,,0,,,check failed,"181 full rows tie, 1 do not; 28 partial not checked"
elections,2014,FY2014,159,1,,TOTAL,,subtotal,parts sum to the printed total,,,,trailing figures,1187,955,1053,1052,4247,,,,5,,0,,,check failed,"181 full rows tie, 1 do not; 28 partial not checked"
elections,2014,FY2014,159,1,,MAURA HEALEY,,row,parts sum to the printed total,,,,trailing figures,540,475,469,492,1976,,,,5,,0,,,check failed,"181 full rows tie, 1 do not; 28 partial not checked"
elections,2014,FY2014,159,1,,JOHN B. MILLER,,row,parts sum to the printed total,,,,trailing figures,603,442,546,513,2104,,,,5,,0,,,check failed,"181 full rows tie, 1 do not; 28 partial not checked"
elections,2014,FY2014,159,1,,BLANKS,,row,parts sum to the printed total,,,,trailing figures,44,38,38,47,167,,,,5,,0,,,check failed,"181 full rows tie, 1 do not; 28 partial not checked"
elections,2014,FY2014,159,1,,TOTAL,,subtotal,parts sum to the printed total,,,,trailing figures,1187,955,1053,1052,4247,,,,5,,0,,,check failed,"181 full rows tie, 1 do not; 28 partial not checked"
elections,2014,FY2014,159,1,,WILLIAM FRANCIS GALVIN,,row,parts sum to the printed total,,,,trailing figures,626,532,543,559,2260,,,,5,,0,,,check failed,"181 full rows tie, 1 do not; 28 partial not checked"
elections,2014,FY2014,159,1,,DAVID D’ARCANGELO,,row,parts sum to the printed total,,,,trailing figures,468,345,419,404,1636,,,,5,,0,,,check failed,"181 full rows tie, 1 do not; 28 partial not checked"
elections,2014,FY2014,159,1,,DANIEL L. FACTOR,,row,parts sum to the printed total,,,,trailing figures,47,38,48,39,172,,,,5,,0,,,check failed,"181 full rows tie, 1 do not; 28 partial not checked"
elections,2014,FY2014,159,1,,BLANKS,,row,parts sum to the printed total,,,,trailing figures,46,40,43,50,179,,,,5,,0,,,check failed,"181 full rows tie, 1 do not; 28 partial not checked"
elections,2014,FY2014,159,1,,TOTAL,,subtotal,parts sum to the printed total,,,,trailing figures,1187,955,1053,1052,4247,,,,5,,0,,,check failed,"181 full rows tie, 1 do not; 28 partial not checked"
elections,2014,FY2014,159,1,,DEBORAH B. GOLDBERG,,row,parts sum to the printed total,,,,trailing figures,459,421,396,404,1680,,,,5,,0,,,check failed,"181 full rows tie, 1 do not; 28 partial not checked"
elections,2014,FY2014,159,1,,MICHAEL JAMES HEFFERNAN,,row,parts sum to the printed total,,,,trailing figures,612,439,560,537,2148,,,,5,,0,,,check failed,"181 full rows tie, 1 do not; 28 partial not checked"
elections,2014,FY2014,159,1,,IAN T. JACKSON,,row,parts sum to the printed total,,,,trailing figures,41,34,39,43,157,,,,5,,0,,,check failed,"181 full rows tie, 1 do not; 28 partial not checked"
elections,2014,FY2014,159,1,,BLANKS,,row,parts sum to the printed total,,,,trailing figures,75,61,58,68,262,,,,5,,0,,,check failed,"181 full rows tie, 1 do not; 28 partial not checked"
elections,2014,FY2014,159,1,,TOTAL,,subtotal,parts sum to the printed total,,,,trailing figures,1187,955,1053,1052,4247,,,,5,,0,,,check failed,"181 full rows tie, 1 do not; 28 partial not checked"
elections,2014,FY2014,160,1,,SUZANNE M. BUMP,,row,parts sum to the printed total,,,,trailing figures,486,452,437,436,1811,,,,5,,0,,,check failed,"181 full rows tie, 1 do not; 28 partial not checked"
elections,2014,FY2014,160,1,,PATRICIA S. SAINT AUBIN,,row,parts sum to the printed total,,,,trailing figures,559,403,499,486,1947,,,,5,,0,,,check failed,"181 full rows tie, 1 do not; 28 partial not checked"
elections,2014,FY2014,160,1,,MK MERELICE,,row,parts sum to the printed total,,,,trailing figures,47,32,44,43,166,,,,5,,0,,,check failed,"181 full rows tie, 1 do not; 28 partial not checked"
elections,2014,FY2014,160,1,,BLANKS,,row,parts sum to the printed total,,,,trailing figures,95,68,73,87,323,,,,5,,0,,,check failed,"181 full rows tie, 1 do not; 28 partial not checked"
elections,2014,FY2014,160,1,,TOTAL,,subtotal,one cell short — the missing value is derivable from the printed total,one cell missing; from this row's own printed total it must be 955,,,trailing figures,1187,1053,1052,4247,,,,,4,,0,,,check failed,"181 full rows tie, 1 do not; 28 partial not checked"
elections,2014,FY2014,160,1,,NICOLA S. TSONGAS,,row,parts sum to the printed total,,,,trailing figures,588,526,514,536,2164,,,,5,,0,,,check failed,"181 full rows tie, 1 do not; 28 partial not checked"
elections,2014,FY2014,160,1,,ROSEANN L. EHRHARD WOFFORD,,row,parts sum to the printed total,,,,trailing figures,548,387,501,474,1910,,,,5,,0,,,check failed,"181 full rows tie, 1 do not; 28 partial not checked"
elections,2014,FY2014,160,1,,BLANKS,,row,parts sum to the printed total,,,,trailing figures,51,42,38,42,173,,,,5,,0,,,check failed,"181 full rows tie, 1 do not; 28 partial not checked"
elections,2014,FY2014,160,1,,TOTAL,,subtotal,parts sum to the printed total,,,,trailing figures,1187,955,1053,1052,4247,,,,5,,0,,,check failed,"181 full rows tie, 1 do not; 28 partial not checked"
elections,2014,FY2014,160,1,,JENNIE L. CAISSIE,,row,parts sum to the printed total,,,,trailing figures,851,686,755,712,3004,,,,5,,0,,,check failed,"181 full rows tie, 1 do not; 28 partial not checked"
elections,2014,FY2014,160,1,,BLANKS,,row,parts sum to the printed total,,,,trailing figures,336,269,298,340,1243,,,,5,,0,,,check failed,"181 full rows tie, 1 do not; 28 partial not checked"
elections,2014,FY2014,160,1,,TOTAL,,subtotal,one cell short — the missing value is derivable from the printed total,one cell missing; from this row's own printed total it must be 955,,,trailing figures,1187,1053,1052,4247,,,,,4,,0,,,check failed,"181 full rows tie, 1 do not; 28 partial not checked"
elections,2014,FY2014,160,1,,JENNIFER L. FLANAGAN,,row,parts sum to the printed total,,,,trailing figures,625,543,547,569,2284,,,,5,,0,,,check failed,"181 full rows tie, 1 do not; 28 partial not checked"
elections,2014,FY2014,160,1,,RICHARD M. BASTIEN,,row,parts sum to the printed total,,,,trailing figures,510,374,462,435,1781,,,,5,,0,,,check failed,"181 full rows tie, 1 do not; 28 partial not checked"
elections,2014,FY2014,160,1,,BLANKS,,row,parts sum to the printed total,,,,trailing figures,52,38,44,48,182,,,,5,,0,,,check failed,"181 full rows tie, 1 do not; 28 partial not checked"
elections,2014,FY2014,160,1,,TOTAL,,subtotal,one cell short — the missing value is derivable from the printed total,one cell missing; from this row's own printed total it must be 955,,,trailing figures,1187,1053,1052,4247,,,,,4,,0,,,check failed,"181 full rows tie, 1 do not; 28 partial not checked"
elections,2014,FY2014,160,1,,JENNIFER E. BENSON,,row,not a full row — not checked,,,,trailing figures,837,718,743,2298,,,,,4,,0,,,check failed,"181 full rows tie, 1 do not; 28 partial not checked"
elections,2014,FY2014,160,1,,BLANKS,,row,not a full row — not checked,,,,trailing figures,350,335,309,994,,,,,4,,0,,,check failed,"181 full rows tie, 1 do not; 28 partial not checked"
elections,2014,FY2014,160,1,,TOTAL,,subtotal,not a full row — not checked,,,,trailing figures,1187,1053,1052,3292,,,,,4,,0,,,check failed,"181 full rows tie, 1 do not; 28 partial not checked"
elections,2014,FY2014,160,1,,STEPHEN L. D'NATALE,,row,not a full row — not checked,,,,trailing figures,678,678,,,,,,,2,,0,,,check failed,"181 full rows tie, 1 do not; 28 partial not checked"
elections,2014,FY2014,160,1,,TOTAL                                                                                    -,,subtotal,not a full row — not checked,,,,trailing figures,955,955,,,,,,,2,,0,,,check failed,"181 full rows tie, 1 do not; 28 partial not checked"
elections,2014,FY2014,160,1,,"JOSEPH D. EARLEY, JR.",,row,parts sum to the printed total,,,,trailing figures,808,662,689,689,2848,,,,5,,0,,,check failed,"181 full rows tie, 1 do not; 28 partial not checked"
elections,2014,FY2014,160,1,,BLANKS,,row,parts sum to the printed total,,,,trailing figures,379,293,364,363,1399,,,,5,,0,,,check failed,"181 full rows tie, 1 do not; 28 partial not checked"
elections,2014,FY2014,160,1,,TOTAL,,subtotal,parts sum to the printed total,,,,trailing figures,1187,955,1053,1052,4247,,,,5,,0,,,check failed,"181 full rows tie, 1 do not; 28 partial not checked"
elections,2014,FY2014,160,1,,STEPHEN G. ABRAHAM,,row,parts sum to the printed total,,,,trailing figures,467,426,409,408,1710,,,,5,,0,,,check failed,"181 full rows tie, 1 do not; 28 partial not checked"
elections,2014,FY2014,160,1,,STEPHANIE K. FATTMAN,,row,parts sum to the printed total,,,,trailing figures,630,465,566,563,2224,,,,5,,0,,,check failed,"181 full rows tie, 1 do not; 28 partial not checked"
elections,2014,FY2014,160,1,,BLANKS,,row,parts sum to the printed total,,,,trailing figures,90,64,78,81,313,,,,5,,0,,,check failed,"181 full rows tie, 1 do not; 28 partial not checked"
elections,2014,FY2014,160,1,,TOTAL,,subtotal,parts sum to the printed total,,,,trailing figures,1187,955,1053,1052,4247,,,,5,,0,,,check failed,"181 full rows tie, 1 do not; 28 partial not checked"
elections,2014,FY2014,161,1,,YES,,row,parts sum to the printed total,,,,trailing figures,698,539,635,626,2498,,,,5,,0,,,check failed,"181 full rows tie, 1 do not; 28 partial not checked"
elections,2014,FY2014,161,1,,NO,,row,parts sum to the printed total,,,,trailing figures,456,395,399,401,1651,,,,5,,0,,,check failed,"181 full rows tie, 1 do not; 28 partial not checked"
elections,2014,FY2014,161,1,,BLANKS,,row,parts sum to the printed total,,,,trailing figures,33,21,19,25,98,,,,5,,0,,,check failed,"181 full rows tie, 1 do not; 28 partial not checked"
elections,2014,FY2014,161,1,,TOTAL,,subtotal,parts sum to the printed total,,,,trailing figures,1187,955,1053,1052,4247,,,,5,,0,,,check failed,"181 full rows tie, 1 do not; 28 partial not checked"
elections,2014,FY2014,161,1,,marked as being refundable in Massachusetts.  The proposed law would take effect on April,,row,not a full row — not checked,,,,trailing figures,22,,,,,,,,1,,0,,,check failed,"181 full rows tie, 1 do not; 28 partial not checked"
elections,2014,FY2014,161,1,,YES,,row,"parts sum to 734, total printed 732",,,,trailing figures,208,152,176,198,732,,,,5,,0,,,check failed,"181 full rows tie, 1 do not; 28 partial not checked"
elections,2014,FY2014,161,1,,NO,,row,parts sum to the printed total,,,,trailing figures,969,792,872,848,3481,,,,5,,0,,,check failed,"181 full rows tie, 1 do not; 28 partial not checked"
elections,2014,FY2014,161,1,,BLANKS,,row,parts sum to the printed total,,,,trailing figures,10,13,5,6,34,,,,5,,0,,,check failed,"181 full rows tie, 1 do not; 28 partial not checked"
elections,2014,FY2014,161,1,,TOTAL,,subtotal,parts sum to the printed total,,,,trailing figures,1187,955,1053,1052,4247,,,,5,,0,,,check failed,"181 full rows tie, 1 do not; 28 partial not checked"
elections,2014,FY2014,162,1,,YES,,row,parts sum to the printed total,,,,trailing figures,386,280,340,340,1346,,,,5,,0,,,check failed,"181 full rows tie, 1 do not; 28 partial not checked"
elections,2014,FY2014,162,1,,NO,,row,parts sum to the printed total,,,,trailing figures,785,652,702,698,2837,,,,5,,0,,,check failed,"181 full rows tie, 1 do not; 28 partial not checked"
elections,2014,FY2014,162,1,,BLANKS,,row,parts sum to the printed total,,,,trailing figures,16,23,11,14,64,,,,5,,0,,,check failed,"181 full rows tie, 1 do not; 28 partial not checked"
elections,2014,FY2014,162,1,,TOTAL,,subtotal,parts sum to the printed total,,,,trailing figures,1187,955,1053,1052,4247,,,,5,,0,,,check failed,"181 full rows tie, 1 do not; 28 partial not checked"
elections,2014,FY2014,163,1,,YES,,row,parts sum to the printed total,,,,trailing figures,581,484,485,504,2054,,,,5,,0,,,check failed,"181 full rows tie, 1 do not; 28 partial not checked"
elections,2014,FY2014,163,1,,NO,,row,parts sum to the printed total,,,,trailing figures,581,444,555,530,2110,,,,5,,0,,,check failed,"181 full rows tie, 1 do not; 28 partial not checked"
elections,2014,FY2014,163,1,,BLANKS,,row,parts sum to the printed total,,,,trailing figures,25,27,13,18,83,,,,5,,0,,,check failed,"181 full rows tie, 1 do not; 28 partial not checked"
elections,2014,FY2014,163,1,,TOTAL,,subtotal,parts sum to the printed total,,,,trailing figures,1187,955,1053,1052,4247,,,,5,,0,,,check failed,"181 full rows tie, 1 do not; 28 partial not checked"
elections,2014,FY2014,163,1,,YES,,row,not a full row — not checked,,,,trailing figures,585,585,,,,,,,2,,0,,,check failed,"181 full rows tie, 1 do not; 28 partial not checked"
elections,2014,FY2014,163,1,,NO,,row,not a full row — not checked,,,,trailing figures,221,221,,,,,,,2,,0,,,check failed,"181 full rows tie, 1 do not; 28 partial not checked"
elections,2014,FY2014,163,1,,BLANKS,,row,not a full row — not checked,,,,trailing figures,149,149,,,,,,,2,,0,,,check failed,"181 full rows tie, 1 do not; 28 partial not checked"
elections,2014,FY2014,163,1,,TOTAL,,subtotal,not a full row — not checked,,,,trailing figures,955,955,,,,,,,2,,0,,,check failed,"181 full rows tie, 1 do not; 28 partial not checked"
elections,2014,FY2014,163,1,,YES,,row,not a full row — not checked,,,,trailing figures,581,581,,,,,,,2,,0,,,check failed,"181 full rows tie, 1 do not; 28 partial not checked"
elections,2014,FY2014,163,1,,NO,,row,not a full row — not checked,,,,trailing figures,242,242,,,,,,,2,,0,,,check failed,"181 full rows tie, 1 do not; 28 partial not checked"
elections,2014,FY2014,163,1,,BLANKS,,row,not a full row — not checked,,,,trailing figures,132,132,,,,,,,2,,0,,,check failed,"181 full rows tie, 1 do not; 28 partial not checked"
elections,2014,FY2014,163,1,,TOTAL,,subtotal,not a full row — not checked,,,,trailing figures,955,955,,,,,,,2,,0,,,check failed,"181 full rows tie, 1 do not; 28 partial not checked"
elections,2015,FY2015,201,1,,SATURDAY MAY,,row,not a full row — not checked,,,,trailing figures,16,2015,,,,,,,2,,0,,,check failed,"49 full rows tie, 2 do not; 8 partial not checked"
elections,2015,FY2015,201,1,,**  Timothy W. Murphy,,row,parts sum to the printed total,,,,trailing figures,63,49,37,73,222,,,,5,,0,,,check failed,"49 full rows tie, 2 do not; 8 partial not checked"
elections,2015,FY2015,201,1,,Blanks,,row,parts sum to the printed total,,,,trailing figures,9,7,2,7,25,,,,5,,0,,,check failed,"49 full rows tie, 2 do not; 8 partial not checked"
elections,2015,FY2015,201,1,,TOTAL,,subtotal,parts sum to the printed total,,,,trailing figures,72,56,39,80,247,,,,5,,0,,,check failed,"49 full rows tie, 2 do not; 8 partial not checked"
elections,2015,FY2015,201,1,,**  Paula J. Bertram,,row,parts sum to the printed total,,,,trailing figures,55,43,36,69,203,,,,5,,0,,,check failed,"49 full rows tie, 2 do not; 8 partial not checked"
elections,2015,FY2015,201,1,,All Others 1 - -,,row,not a full row — not checked,,,,trailing figures,1,2,,,,,,,2,,0,,,check failed,"49 full rows tie, 2 do not; 8 partial not checked"
elections,2015,FY2015,201,1,,Blanks,,row,"parts sum to 43, total printed 44",,,,trailing figures,16,13,3,11,44,,,,5,,0,,,check failed,"49 full rows tie, 2 do not; 8 partial not checked"
elections,2015,FY2015,201,1,,TOTAL,,subtotal,parts sum to the printed total,,,,trailing figures,72,56,39,80,247,,,,5,,0,,,check failed,"49 full rows tie, 2 do not; 8 partial not checked"
elections,2015,FY2015,201,1,,Wendy L. Bertrand –Declined,,row,parts sum to the printed total,,,,trailing figures,45,26,22,37,130,,,,5,,0,,,check failed,"49 full rows tie, 2 do not; 8 partial not checked"
elections,2015,FY2015,201,1,,** Susan Bunish,,row,parts sum to the printed total,,,,trailing figures,11,10,3,10,34,,,,5,,0,,,check failed,"49 full rows tie, 2 do not; 8 partial not checked"
elections,2015,FY2015,201,1,,Blanks,,row,parts sum to the printed total,,,,trailing figures,87,76,53,113,329,,,,5,,0,,,check failed,"49 full rows tie, 2 do not; 8 partial not checked"
elections,2015,FY2015,201,1,,TOTAL,,subtotal,parts sum to the printed total,,,,trailing figures,144,112,78,160,494,,,,5,,0,,,check failed,"49 full rows tie, 2 do not; 8 partial not checked"
elections,2015,FY2015,201,1,,** David M. Passios,,row,parts sum to the printed total,,,,trailing figures,60,44,34,61,199,,,,5,,0,,,check failed,"49 full rows tie, 2 do not; 8 partial not checked"
elections,2015,FY2015,201,1,,** George L. Emond Jr.,,row,parts sum to the printed total,,,,trailing figures,2,5,3,4,14,,,,5,,0,,,check failed,"49 full rows tie, 2 do not; 8 partial not checked"
elections,2015,FY2015,201,1,,Blanks,,row,parts sum to the printed total,,,,trailing figures,77,63,41,94,275,,,,5,,0,,,check failed,"49 full rows tie, 2 do not; 8 partial not checked"
elections,2015,FY2015,201,1,,TOTAL,,subtotal,parts sum to the printed total,,,,trailing figures,144,112,78,160,494,,,,5,,0,,,check failed,"49 full rows tie, 2 do not; 8 partial not checked"
elections,2015,FY2015,201,1,,** Richard J. Letarte,,row,parts sum to the printed total,,,,trailing figures,8,6,4,13,31,,,,5,,0,,,check failed,"49 full rows tie, 2 do not; 8 partial not checked"
elections,2015,FY2015,201,1,,Blanks,,row,parts sum to the printed total,,,,trailing figures,63,50,35,67,215,,,,5,,0,,,check failed,"49 full rows tie, 2 do not; 8 partial not checked"
elections,2015,FY2015,201,1,,TOTAL,,subtotal,parts sum to the printed total,,,,trailing figures,72,56,39,80,247,,,,5,,0,,,check failed,"49 full rows tie, 2 do not; 8 partial not checked"
elections,2015,FY2015,201,1,,** Wendy L. Bertrand,,row,parts sum to the printed total,,,,trailing figures,15,17,13,21,66,,,,5,,0,,,check failed,"49 full rows tie, 2 do not; 8 partial not checked"
elections,2015,FY2015,201,1,,All Others 3 -,,row,not a full row — not checked,,,,trailing figures,1,2,6,,,,,,3,,0,,,check failed,"49 full rows tie, 2 do not; 8 partial not checked"
elections,2015,FY2015,201,1,,Blanks,,row,parts sum to the printed total,,,,trailing figures,54,39,25,57,175,,,,5,,0,,,check failed,"49 full rows tie, 2 do not; 8 partial not checked"
elections,2015,FY2015,201,1,,TOTAL,,subtotal,parts sum to the printed total,,,,trailing figures,1128,872,964,1070,4034,,,,5,,0,,,check failed,"49 full rows tie, 2 do not; 8 partial not checked"
elections,2015,FY2015,201,1,,** Paul F. Scheipers- Declined,,row,parts sum to the printed total,,,,trailing figures,7,1,1,4,13,,,,5,,0,,,check failed,"49 full rows tie, 2 do not; 8 partial not checked"
elections,2015,FY2015,201,1,,All Others 3 3 -,,row,not a full row — not checked,,,,trailing figures,4,10,,,,,,,2,,0,,,check failed,"49 full rows tie, 2 do not; 8 partial not checked"
elections,2015,FY2015,201,1,,Blanks,,row,parts sum to the printed total,,,,trailing figures,62,52,38,72,224,,,,5,,0,,,check failed,"49 full rows tie, 2 do not; 8 partial not checked"
elections,2015,FY2015,201,1,,TOTAL,,subtotal,parts sum to the printed total,,,,trailing figures,72,56,39,80,247,,,,5,,0,,,check failed,"49 full rows tie, 2 do not; 8 partial not checked"
elections,2015,FY2015,201,1,,**  Paul F. Scheipers 8 1 -,,row,not a full row — not checked,,,,trailing figures,3,12,,,,,,,2,,0,,,check failed,"49 full rows tie, 2 do not; 8 partial not checked"
elections,2015,FY2015,201,1,,All Others,,row,parts sum to the printed total,,,,trailing figures,4,2,1,3,10,,,,5,,0,,,check failed,"49 full rows tie, 2 do not; 8 partial not checked"
elections,2015,FY2015,201,1,,Blanks,,row,"parts sum to 226, total printed 225",,,,trailing figures,60,53,39,74,225,,,,5,,0,,,check failed,"49 full rows tie, 2 do not; 8 partial not checked"
elections,2015,FY2015,201,1,,TOTAL,,subtotal,parts sum to the printed total,,,,trailing figures,72,56,39,80,247,,,,5,,0,,,check failed,"49 full rows tie, 2 do not; 8 partial not checked"
elections,2015,FY2015,202,1,,** Michael D. Gale,,row,parts sum to the printed total,,,,trailing figures,53,37,33,62,185,,,,5,,0,,,check failed,"49 full rows tie, 2 do not; 8 partial not checked"
elections,2015,FY2015,202,1,,Blanks,,row,parts sum to the printed total,,,,trailing figures,18,19,6,18,61,,,,5,,0,,,check failed,"49 full rows tie, 2 do not; 8 partial not checked"
elections,2015,FY2015,202,1,,TOTAL,,subtotal,parts sum to the printed total,,,,trailing figures,72,56,39,80,247,,,,5,,0,,,check failed,"49 full rows tie, 2 do not; 8 partial not checked"
elections,2015,FY2015,202,1,,** Lorraine Mendoza,,row,parts sum to the printed total,,,,trailing figures,414,339,336,389,1478,,,,5,,0,,,check failed,"49 full rows tie, 2 do not; 8 partial not checked"
elections,2015,FY2015,202,1,,Blanks,,row,parts sum to the printed total,,,,trailing figures,18,21,5,24,68,,,,5,,0,,,check failed,"49 full rows tie, 2 do not; 8 partial not checked"
elections,2015,FY2015,202,1,,TOTAL,,subtotal,parts sum to the printed total,,,,trailing figures,72,56,39,80,247,,,,5,,0,,,check failed,"49 full rows tie, 2 do not; 8 partial not checked"
elections,2015,FY2015,202,1,,** Lars H. Widstrand,,row,parts sum to the printed total,,,,trailing figures,53,38,33,64,188,,,,5,,0,,,check failed,"49 full rows tie, 2 do not; 8 partial not checked"
elections,2015,FY2015,202,1,,** Gare F. Thompson,,row,parts sum to the printed total,,,,trailing figures,53,38,32,65,188,,,,5,,0,,,check failed,"49 full rows tie, 2 do not; 8 partial not checked"
elections,2015,FY2015,202,1,,Blanks,,row,parts sum to the printed total,,,,trailing figures,103,91,51,111,356,,,,5,,0,,,check failed,"49 full rows tie, 2 do not; 8 partial not checked"
elections,2015,FY2015,202,1,,TOTAL,,subtotal,parts sum to the printed total,,,,trailing figures,216,168,117,240,741,,,,5,,0,,,check failed,"49 full rows tie, 2 do not; 8 partial not checked"
elections,2015,FY2015,202,1,,All Others,,row,parts sum to the printed total,,,,trailing figures,3,1,1,2,7,,,,5,,0,,,check failed,"49 full rows tie, 2 do not; 8 partial not checked"
elections,2015,FY2015,202,1,,Blanks,,row,parts sum to the printed total,,,,trailing figures,69,55,38,78,240,,,,5,,0,,,check failed,"49 full rows tie, 2 do not; 8 partial not checked"
elections,2015,FY2015,202,1,,TOTAL,,subtotal,parts sum to the printed total,,,,trailing figures,72,56,39,80,247,,,,5,,0,,,check failed,"49 full rows tie, 2 do not; 8 partial not checked"
elections,2015,FY2015,202,1,,** Matthew A. Allison,,row,parts sum to the printed total,,,,trailing figures,49,32,29,54,164,,,,5,,0,,,check failed,"49 full rows tie, 2 do not; 8 partial not checked"
elections,2015,FY2015,202,1,,All Others 4 -,,row,not a full row — not checked,,,,trailing figures,2,4,10,,,,,,3,,0,,,check failed,"49 full rows tie, 2 do not; 8 partial not checked"
elections,2015,FY2015,202,1,,Blanks,,row,parts sum to the printed total,,,,trailing figures,19,24,8,21,72,,,,5,,0,,,check failed,"49 full rows tie, 2 do not; 8 partial not checked"
elections,2015,FY2015,202,1,,TOTAL,,subtotal,parts sum to the printed total,,,,trailing figures,72,56,39,80,247,,,,5,,0,,,check failed,"49 full rows tie, 2 do not; 8 partial not checked"
elections,2015,FY2015,202,1,,**  Gregory P. Bittner,,row,parts sum to the printed total,,,,trailing figures,5,10,4,13,32,,,,5,,0,,,check failed,"49 full rows tie, 2 do not; 8 partial not checked"
elections,2015,FY2015,202,1,,All Others 3 9 -,,row,not a full row — not checked,,,,trailing figures,2,14,,,,,,,2,,0,,,check failed,"49 full rows tie, 2 do not; 8 partial not checked"
elections,2015,FY2015,202,1,,Blanks,,row,parts sum to the printed total,,,,trailing figures,64,37,35,65,201,,,,5,,0,,,check failed,"49 full rows tie, 2 do not; 8 partial not checked"
elections,2015,FY2015,202,1,,TOTAL,,subtotal,parts sum to the printed total,,,,trailing figures,72,56,39,80,247,,,,5,,0,,,check failed,"49 full rows tie, 2 do not; 8 partial not checked"
elections,2015,FY2015,202,1,,** David Prokowiew,,row,parts sum to the printed total,,,,trailing figures,5,9,4,13,31,,,,5,,0,,,check failed,"49 full rows tie, 2 do not; 8 partial not checked"
elections,2015,FY2015,202,1,,All Others 1 3 -,,row,not a full row — not checked,,,,trailing figures,2,6,,,,,,,2,,0,,,check failed,"49 full rows tie, 2 do not; 8 partial not checked"
elections,2015,FY2015,202,1,,Blanks,,row,parts sum to the printed total,,,,trailing figures,66,44,35,65,210,,,,5,,0,,,check failed,"49 full rows tie, 2 do not; 8 partial not checked"
elections,2015,FY2015,202,1,,TOTAL,,subtotal,parts sum to the printed total,,,,trailing figures,72,56,39,80,247,,,,5,,0,,,check failed,"49 full rows tie, 2 do not; 8 partial not checked"
elections,2015,FY2015,202,1,,** Paul J. Doherty,,row,parts sum to the printed total,,,,trailing figures,52,41,33,65,191,,,,5,,0,,,check failed,"49 full rows tie, 2 do not; 8 partial not checked"
elections,2015,FY2015,202,1,,Blanks,,row,parts sum to the printed total,,,,trailing figures,20,15,6,15,56,,,,5,,0,,,check failed,"49 full rows tie, 2 do not; 8 partial not checked"
elections,2015,FY2015,202,1,,TOTAL,,subtotal,parts sum to the printed total,,,,trailing figures,72,56,39,80,247,,,,5,,0,,,check failed,"49 full rows tie, 2 do not; 8 partial not checked"
elections,2016,FY2016,192,1,,SATURDAY MAY,,row,not a full row — not checked,,,,trailing figures,21,2016,,,,,,,2,,0,,,checked,57 full rows: parts sum to their printed total; 1 partial not checked
elections,2016,FY2016,192,1,,**  Robert J. Ebersole,,row,parts sum to the printed total,,,,trailing figures,80,43,58,73,254,,,,5,,0,,,checked,57 full rows: parts sum to their printed total; 1 partial not checked
elections,2016,FY2016,192,1,,**  James E. Toale,,row,parts sum to the printed total,,,,trailing figures,84,51,63,85,283,,,,5,,0,,,checked,57 full rows: parts sum to their printed total; 1 partial not checked
elections,2016,FY2016,192,1,,Blanks,,row,parts sum to the printed total,,,,trailing figures,46,54,35,54,189,,,,5,,0,,,checked,57 full rows: parts sum to their printed total; 1 partial not checked
elections,2016,FY2016,192,1,,TOTAL,,subtotal,parts sum to the printed total,,,,trailing figures,210,148,156,212,726,,,,5,,0,,,checked,57 full rows: parts sum to their printed total; 1 partial not checked
elections,2016,FY2016,192,1,,** John Reynolds,,row,parts sum to the printed total,,,,trailing figures,82,52,65,88,287,,,,5,,0,,,checked,57 full rows: parts sum to their printed total; 1 partial not checked
elections,2016,FY2016,192,1,,** Carl A. Luck,,row,parts sum to the printed total,,,,trailing figures,71,38,53,69,231,,,,5,,0,,,checked,57 full rows: parts sum to their printed total; 1 partial not checked
elections,2016,FY2016,192,1,,Blanks,,row,parts sum to the printed total,,,,trailing figures,57,58,38,55,208,,,,5,,0,,,checked,57 full rows: parts sum to their printed total; 1 partial not checked
elections,2016,FY2016,192,1,,TOTAL,,subtotal,parts sum to the printed total,,,,trailing figures,210,148,156,212,726,,,,5,,0,,,checked,57 full rows: parts sum to their printed total; 1 partial not checked
elections,2016,FY2016,192,1,,Blanks,,row,parts sum to the printed total,,,,trailing figures,105,74,78,106,363,,,,5,,0,,,checked,57 full rows: parts sum to their printed total; 1 partial not checked
elections,2016,FY2016,192,1,,TOTAL,,subtotal,parts sum to the printed total,,,,trailing figures,105,74,78,106,363,,,,5,,0,,,checked,57 full rows: parts sum to their printed total; 1 partial not checked
elections,2016,FY2016,192,1,,Blanks,,row,parts sum to the printed total,,,,trailing figures,105,74,78,106,363,,,,5,,0,,,checked,57 full rows: parts sum to their printed total; 1 partial not checked
elections,2016,FY2016,192,1,,TOTAL,,subtotal,parts sum to the printed total,,,,trailing figures,105,74,78,106,363,,,,5,,0,,,checked,57 full rows: parts sum to their printed total; 1 partial not checked
elections,2016,FY2016,192,1,,**  James J. Auge,,row,parts sum to the printed total,,,,trailing figures,75,52,60,74,261,,,,5,,0,,,checked,57 full rows: parts sum to their printed total; 1 partial not checked
elections,2016,FY2016,192,1,,Blanks,,row,parts sum to the printed total,,,,trailing figures,30,22,18,32,102,,,,5,,0,,,checked,57 full rows: parts sum to their printed total; 1 partial not checked
elections,2016,FY2016,192,1,,TOTAL,,subtotal,parts sum to the printed total,,,,trailing figures,105,74,78,106,363,,,,5,,0,,,checked,57 full rows: parts sum to their printed total; 1 partial not checked
elections,2016,FY2016,192,1,,**Rena Swezey,,row,parts sum to the printed total,,,,trailing figures,10,8,5,13,36,,,,5,,0,,,checked,57 full rows: parts sum to their printed total; 1 partial not checked
elections,2016,FY2016,192,1,,Blanks,,row,parts sum to the printed total,,,,trailing figures,95,66,73,93,327,,,,5,,0,,,checked,57 full rows: parts sum to their printed total; 1 partial not checked
elections,2016,FY2016,192,1,,TOTAL,,subtotal,parts sum to the printed total,,,,trailing figures,105,74,78,106,363,,,,5,,0,,,checked,57 full rows: parts sum to their printed total; 1 partial not checked
elections,2016,FY2016,192,1,,** Kathryn M. Herrick,,row,parts sum to the printed total,,,,trailing figures,88,62,71,87,308,,,,5,,0,,,checked,57 full rows: parts sum to their printed total; 1 partial not checked
elections,2016,FY2016,192,1,,Blanks,,row,parts sum to the printed total,,,,trailing figures,17,12,7,19,55,,,,5,,0,,,checked,57 full rows: parts sum to their printed total; 1 partial not checked
elections,2016,FY2016,192,1,,TOTAL,,subtotal,parts sum to the printed total,,,,trailing figures,105,74,78,106,363,,,,5,,0,,,checked,57 full rows: parts sum to their printed total; 1 partial not checked
elections,2016,FY2016,192,1,,** John E. Baker,,row,parts sum to the printed total,,,,trailing figures,80,53,60,85,278,,,,5,,0,,,checked,57 full rows: parts sum to their printed total; 1 partial not checked
elections,2016,FY2016,192,1,,Blanks,,row,parts sum to the printed total,,,,trailing figures,25,21,18,21,85,,,,5,,0,,,checked,57 full rows: parts sum to their printed total; 1 partial not checked
elections,2016,FY2016,192,1,,TOTAL,,subtotal,parts sum to the printed total,,,,trailing figures,105,74,78,106,363,,,,5,,0,,,checked,57 full rows: parts sum to their printed total; 1 partial not checked
elections,2016,FY2016,192,1,,** Meredith A. Weiss,,row,parts sum to the printed total,,,,trailing figures,78,47,53,76,254,,,,5,,0,,,checked,57 full rows: parts sum to their printed total; 1 partial not checked
elections,2016,FY2016,192,1,,** Dawnmarie Ayles,,row,parts sum to the printed total,,,,trailing figures,77,48,54,80,259,,,,5,,0,,,checked,57 full rows: parts sum to their printed total; 1 partial not checked
elections,2016,FY2016,192,1,,Blanks,,row,parts sum to the printed total,,,,trailing figures,55,53,49,56,213,,,,5,,0,,,checked,57 full rows: parts sum to their printed total; 1 partial not checked
elections,2016,FY2016,192,1,,TOTAL,,subtotal,parts sum to the printed total,,,,trailing figures,210,148,156,212,726,,,,5,,0,,,checked,57 full rows: parts sum to their printed total; 1 partial not checked
elections,2016,FY2016,193,1,,**Dennis Mannone,,row,parts sum to the printed total,,,,trailing figures,6,0,0,11,17,,,,5,,0,,,checked,57 full rows: parts sum to their printed total; 1 partial not checked
elections,2016,FY2016,193,1,,Blanks,,row,parts sum to the printed total,,,,trailing figures,99,74,78,95,346,,,,5,,0,,,checked,57 full rows: parts sum to their printed total; 1 partial not checked
elections,2016,FY2016,193,1,,TOTAL,,subtotal,parts sum to the printed total,,,,trailing figures,105,74,78,106,363,,,,5,,0,,,checked,57 full rows: parts sum to their printed total; 1 partial not checked
elections,2016,FY2016,193,1,,**  Karin Menard,,row,parts sum to the printed total,,,,trailing figures,76,49,64,73,262,,,,5,,0,,,checked,57 full rows: parts sum to their printed total; 1 partial not checked
elections,2016,FY2016,193,1,,Blanks,,row,parts sum to the printed total,,,,trailing figures,29,25,14,33,101,,,,5,,0,,,checked,57 full rows: parts sum to their printed total; 1 partial not checked
elections,2016,FY2016,193,1,,TOTAL,,subtotal,parts sum to the printed total,,,,trailing figures,105,74,78,106,363,,,,5,,0,,,checked,57 full rows: parts sum to their printed total; 1 partial not checked
elections,2016,FY2016,193,1,,**Robert Herrick,,row,parts sum to the printed total,,,,trailing figures,1,1,0,1,3,,,,5,,0,,,checked,57 full rows: parts sum to their printed total; 1 partial not checked
elections,2016,FY2016,193,1,,Blanks,,row,parts sum to the printed total,,,,trailing figures,104,73,78,105,360,,,,5,,0,,,checked,57 full rows: parts sum to their printed total; 1 partial not checked
elections,2016,FY2016,193,1,,TOTAL,,subtotal,parts sum to the printed total,,,,trailing figures,105,74,78,106,363,,,,5,,0,,,checked,57 full rows: parts sum to their printed total; 1 partial not checked
elections,2016,FY2016,193,1,,** Lance D. May,,row,parts sum to the printed total,,,,trailing figures,77,56,62,79,274,,,,5,,0,,,checked,57 full rows: parts sum to their printed total; 1 partial not checked
elections,2016,FY2016,193,1,,Blanks,,row,parts sum to the printed total,,,,trailing figures,28,18,16,27,89,,,,5,,0,,,checked,57 full rows: parts sum to their printed total; 1 partial not checked
elections,2016,FY2016,193,1,,TOTAL,,subtotal,parts sum to the printed total,,,,trailing figures,105,74,78,106,363,,,,5,,0,,,checked,57 full rows: parts sum to their printed total; 1 partial not checked
elections,2016,FY2016,193,1,,** Donna R. Saiia,,row,parts sum to the printed total,,,,trailing figures,77,49,63,80,269,,,,5,,0,,,checked,57 full rows: parts sum to their printed total; 1 partial not checked
elections,2016,FY2016,193,1,,** Richard N. Mailloux,,row,parts sum to the printed total,,,,trailing figures,74,48,60,79,261,,,,5,,0,,,checked,57 full rows: parts sum to their printed total; 1 partial not checked
elections,2016,FY2016,193,1,,Blanks,,row,parts sum to the printed total,,,,trailing figures,59,51,33,53,196,,,,5,,0,,,checked,57 full rows: parts sum to their printed total; 1 partial not checked
elections,2016,FY2016,193,1,,TOTAL,,subtotal,parts sum to the printed total,,,,trailing figures,210,148,156,212,726,,,,5,,0,,,checked,57 full rows: parts sum to their printed total; 1 partial not checked
elections,2016,FY2016,193,1,,** Kiirja Paananen,,row,parts sum to the printed total,,,,trailing figures,76,50,62,80,268,,,,5,,0,,,checked,57 full rows: parts sum to their printed total; 1 partial not checked
elections,2016,FY2016,193,1,,Blank,,row,parts sum to the printed total,,,,trailing figures,29,24,16,26,95,,,,5,,0,,,checked,57 full rows: parts sum to their printed total; 1 partial not checked
elections,2016,FY2016,193,1,,TOTAL,,subtotal,parts sum to the printed total,,,,trailing figures,105,74,78,106,363,,,,5,,0,,,checked,57 full rows: parts sum to their printed total; 1 partial not checked
elections,2016,FY2016,193,1,,** David Prokowiew,,row,parts sum to the printed total,,,,trailing figures,76,51,59,77,263,,,,5,,0,,,checked,57 full rows: parts sum to their printed total; 1 partial not checked
elections,2016,FY2016,193,1,,Blanks,,row,parts sum to the printed total,,,,trailing figures,29,23,19,29,100,,,,5,,0,,,checked,57 full rows: parts sum to their printed total; 1 partial not checked
elections,2016,FY2016,193,1,,TOTAL,,subtotal,parts sum to the printed total,,,,trailing figures,105,74,78,106,363,,,,5,,0,,,checked,57 full rows: parts sum to their printed total; 1 partial not checked
elections,2016,FY2016,193,1,,** Linda  M. McDonald,,row,parts sum to the printed total,,,,trailing figures,76,53,59,86,274,,,,5,,0,,,checked,57 full rows: parts sum to their printed total; 1 partial not checked
elections,2016,FY2016,193,1,,Blanks,,row,parts sum to the printed total,,,,trailing figures,29,21,19,20,89,,,,5,,0,,,checked,57 full rows: parts sum to their printed total; 1 partial not checked
elections,2016,FY2016,193,1,,TOTAL,,subtotal,parts sum to the printed total,,,,trailing figures,105,74,78,106,363,,,,5,,0,,,checked,57 full rows: parts sum to their printed total; 1 partial not checked
elections,2016,FY2016,193,1,,Yes,,row,parts sum to the printed total,,,,trailing figures,58,27,34,62,181,,,,5,,0,,,checked,57 full rows: parts sum to their printed total; 1 partial not checked
elections,2016,FY2016,193,1,,No,,row,parts sum to the printed total,,,,trailing figures,28,36,32,31,127,,,,5,,0,,,checked,57 full rows: parts sum to their printed total; 1 partial not checked
elections,2016,FY2016,193,1,,Blanks,,row,parts sum to the printed total,,,,trailing figures,19,11,12,13,55,,,,5,,0,,,checked,57 full rows: parts sum to their printed total; 1 partial not checked
elections,2016,FY2016,193,1,,TOTAL,,subtotal,parts sum to the printed total,,,,trailing figures,105,74,78,106,363,,,,5,,0,,,checked,57 full rows: parts sum to their printed total; 1 partial not checked
elections,2016,FY2016,195,1,,STATE ELECTION - NOVEMBER,,row,not a full row — not checked,,,,trailing figures,8,2016,,,,,,,2,,0,,,checked,37 full rows: parts sum to their printed total; 6 partial not checked
elections,2016,FY2016,195,1,,CLINTON / KAINE,,row,parts sum to the printed total,,,,trailing figures,753,723,753,709,2938,,,,5,,0,,,checked,37 full rows: parts sum to their printed total; 6 partial not checked
elections,2016,FY2016,195,1,,JOHNSON / WELD,,row,parts sum to the printed total,,,,trailing figures,106,87,106,87,386,,,,5,,0,,,checked,37 full rows: parts sum to their printed total; 6 partial not checked
elections,2016,FY2016,195,1,,STEIN / BARAKA,,row,parts sum to the printed total,,,,trailing figures,19,22,16,22,79,,,,5,,0,,,checked,37 full rows: parts sum to their printed total; 6 partial not checked
elections,2016,FY2016,195,1,,TRUMP / PENCE,,row,parts sum to the printed total,,,,trailing figures,727,600,799,676,2802,,,,5,,0,,,checked,37 full rows: parts sum to their printed total; 6 partial not checked
elections,2016,FY2016,195,1,,BLANKS,,row,parts sum to the printed total,,,,trailing figures,39,33,42,32,146,,,,5,,0,,,checked,37 full rows: parts sum to their printed total; 6 partial not checked
elections,2016,FY2016,195,1,,Write-ins,,row,parts sum to the printed total,,,,trailing figures,31,13,21,24,89,,,,5,,0,,,checked,37 full rows: parts sum to their printed total; 6 partial not checked
elections,2016,FY2016,195,1,,TOTAL,,subtotal,parts sum to the printed total,,,,trailing figures,1675,1478,1737,1550,6440,,,,5,,0,,,checked,37 full rows: parts sum to their printed total; 6 partial not checked
elections,2016,FY2016,195,1,,NICOLA S. TSONGAS,,row,parts sum to the printed total,,,,trailing figures,930,903,932,889,3654,,,,5,,0,,,checked,37 full rows: parts sum to their printed total; 6 partial not checked
elections,2016,FY2016,195,1,,ANN WOFFORD,,row,parts sum to the printed total,,,,trailing figures,683,511,730,594,2518,,,,5,,0,,,checked,37 full rows: parts sum to their printed total; 6 partial not checked
elections,2016,FY2016,195,1,,BLANKS,,row,parts sum to the printed total,,,,trailing figures,61,63,75,67,266,,,,5,,0,,,checked,37 full rows: parts sum to their printed total; 6 partial not checked
elections,2016,FY2016,195,1,,Write-ins,,row,not a full row — not checked,,,,trailing figures,1,1,2,,,,,,3,,0,,,checked,37 full rows: parts sum to their printed total; 6 partial not checked
elections,2016,FY2016,195,1,,TOTAL,,subtotal,parts sum to the printed total,,,,trailing figures,1675,1478,1737,1550,6440,,,,5,,0,,,checked,37 full rows: parts sum to their printed total; 6 partial not checked
elections,2016,FY2016,195,1,,JENNIE L. CAISSIE,,row,parts sum to the printed total,,,,trailing figures,890,680,936,786,3292,,,,5,,0,,,checked,37 full rows: parts sum to their printed total; 6 partial not checked
elections,2016,FY2016,195,1,,MATTHEW CJ VANCE,,row,parts sum to the printed total,,,,trailing figures,638,687,649,601,2575,,,,5,,0,,,checked,37 full rows: parts sum to their printed total; 6 partial not checked
elections,2016,FY2016,195,1,,BLANKS,,row,parts sum to the printed total,,,,trailing figures,147,111,152,163,573,,,,5,,0,,,checked,37 full rows: parts sum to their printed total; 6 partial not checked
elections,2016,FY2016,195,1,,TOTAL,,subtotal,parts sum to the printed total,,,,trailing figures,1675,1478,1737,1550,6440,,,,5,,0,,,checked,37 full rows: parts sum to their printed total; 6 partial not checked
elections,2016,FY2016,195,1,,JENNIFER L. FLANAGAN,,row,parts sum to the printed total,,,,trailing figures,1248,1121,1259,1132,4760,,,,5,,0,,,checked,37 full rows: parts sum to their printed total; 6 partial not checked
elections,2016,FY2016,195,1,,BLANKS,,row,parts sum to the printed total,,,,trailing figures,426,357,478,418,1679,,,,5,,0,,,checked,37 full rows: parts sum to their printed total; 6 partial not checked
elections,2016,FY2016,195,1,,Write-ins,,row,not a full row — not checked,,,,trailing figures,1,1,,,,,,,2,,0,,,checked,37 full rows: parts sum to their printed total; 6 partial not checked
elections,2016,FY2016,195,1,,TOTAL,,subtotal,parts sum to the printed total,,,,trailing figures,1675,1478,1737,1550,6440,,,,5,,0,,,checked,37 full rows: parts sum to their printed total; 6 partial not checked
elections,2016,FY2016,195,1,,JENNIFER E. BENSON,,row,not a full row — not checked,,,,trailing figures,1255,1267,1144,3666,,,,,4,,0,,,checked,37 full rows: parts sum to their printed total; 6 partial not checked
elections,2016,FY2016,195,1,,BLANKS                                                                          420                :,,row,not a full row — not checked,,,,trailing figures,470,406,1296,,,,,,3,,0,,,checked,37 full rows: parts sum to their printed total; 6 partial not checked
elections,2016,FY2016,195,1,,TOTAL,,subtotal,not a full row — not checked,,,,trailing figures,1675,1737,1550,4962,,,,,4,,0,,,checked,37 full rows: parts sum to their printed total; 6 partial not checked
elections,2016,FY2016,196,1,,LEWIS G. EVANGELIDIS,,row,parts sum to the printed total,,,,trailing figures,1274,1107,1312,1156,4849,,,,5,,0,,,checked,37 full rows: parts sum to their printed total; 6 partial not checked
elections,2016,FY2016,196,1,,BLANKS,,row,parts sum to the printed total,,,,trailing figures,401,371,425,394,1591,,,,5,,0,,,checked,37 full rows: parts sum to their printed total; 6 partial not checked
elections,2016,FY2016,196,1,,TOTAL,,subtotal,parts sum to the printed total,,,,trailing figures,1675,1478,1737,1550,6440,,,,5,,0,,,checked,37 full rows: parts sum to their printed total; 6 partial not checked
elections,2016,FY2016,196,1,,YES,,row,parts sum to the printed total,,,,trailing figures,721,677,791,651,2840,,,,5,,0,,,checked,37 full rows: parts sum to their printed total; 6 partial not checked
elections,2016,FY2016,196,1,,NO,,row,parts sum to the printed total,,,,trailing figures,897,736,895,850,3378,,,,5,,0,,,checked,37 full rows: parts sum to their printed total; 6 partial not checked
elections,2016,FY2016,196,1,,BLANKS,,row,parts sum to the printed total,,,,trailing figures,57,65,51,49,222,,,,5,,0,,,checked,37 full rows: parts sum to their printed total; 6 partial not checked
elections,2016,FY2016,196,1,,TOTAL,,subtotal,parts sum to the printed total,,,,trailing figures,1675,1478,1737,1550,6440,,,,5,,0,,,checked,37 full rows: parts sum to their printed total; 6 partial not checked
elections,2016,FY2016,196,1,,YES,,row,parts sum to the printed total,,,,trailing figures,646,503,714,611,2474,,,,5,,0,,,checked,37 full rows: parts sum to their printed total; 6 partial not checked
elections,2016,FY2016,196,1,,NO,,row,parts sum to the printed total,,,,trailing figures,1001,854,993,912,3760,,,,5,,0,,,checked,37 full rows: parts sum to their printed total; 6 partial not checked
elections,2016,FY2016,196,1,,BLANKS,,row,parts sum to the printed total,,,,trailing figures,28,121,30,27,206,,,,5,,0,,,checked,37 full rows: parts sum to their printed total; 6 partial not checked
elections,2016,FY2016,196,1,,TOTAL,,subtotal,parts sum to the printed total,,,,trailing figures,1675,1478,1737,1550,6440,,,,5,,0,,,checked,37 full rows: parts sum to their printed total; 6 partial not checked
elections,2016,FY2016,196,1,,YES,,row,parts sum to the printed total,,,,trailing figures,1185,1066,1255,1118,4624,,,,5,,0,,,checked,37 full rows: parts sum to their printed total; 6 partial not checked
elections,2016,FY2016,196,1,,NO,,row,parts sum to the printed total,,,,trailing figures,460,371,449,407,1687,,,,5,,0,,,checked,37 full rows: parts sum to their printed total; 6 partial not checked
elections,2016,FY2016,196,1,,BLANKS,,row,parts sum to the printed total,,,,trailing figures,30,41,33,25,129,,,,5,,0,,,checked,37 full rows: parts sum to their printed total; 6 partial not checked
elections,2016,FY2016,196,1,,TOTAL,,subtotal,parts sum to the printed total,,,,trailing figures,1675,1478,1737,1550,6440,,,,5,,0,,,checked,37 full rows: parts sum to their printed total; 6 partial not checked
elections,2016,FY2016,196,1,,YES,,row,parts sum to the printed total,,,,trailing figures,879,806,914,778,3377,,,,5,,0,,,checked,37 full rows: parts sum to their printed total; 6 partial not checked
elections,2016,FY2016,196,1,,NO,,row,parts sum to the printed total,,,,trailing figures,769,641,804,757,2971,,,,5,,0,,,checked,37 full rows: parts sum to their printed total; 6 partial not checked
elections,2016,FY2016,196,1,,BLANKS,,row,parts sum to the printed total,,,,trailing figures,27,31,19,15,92,,,,5,,0,,,checked,37 full rows: parts sum to their printed total; 6 partial not checked
elections,2016,FY2016,196,1,,TOTAL,,subtotal,parts sum to the printed total,,,,trailing figures,1675,1478,1737,1550,6440,,,,5,,0,,,checked,37 full rows: parts sum to their printed total; 6 partial not checked
elections,2017,FY2017,186,1,,TOTAL REGISTERED VOTERS,,subtotal,parts sum to the printed total,,,,trailing figures,1956,1813,1989,1862,7620,,,,5,,0,,,check failed,"42 full rows tie, 5 do not; 12 partial not checked"
elections,2017,FY2017,186,1,,BALLOTS  CAST,,row,parts sum to the printed total,,,,trailing figures,181,97,126,180,584,,,,5,,0,,,check failed,"42 full rows tie, 5 do not; 12 partial not checked"
elections,2017,FY2017,186,1,,PHYLLIS M. LUCK**,,row,parts sum to the printed total,,,,trailing figures,96,45,72,91,304,,,,5,,0,,,check failed,"42 full rows tie, 5 do not; 12 partial not checked"
elections,2017,FY2017,186,1,,DAMON J McQUAID**,,row,parts sum to the printed total,,,,trailing figures,112,51,80,118,361,,,,5,,0,,,check failed,"42 full rows tie, 5 do not; 12 partial not checked"
elections,2017,FY2017,186,1,,KATEY ADAMS,,row,parts sum to the printed total,,,,trailing figures,82,47,44,75,248,,,,5,,0,,,check failed,"42 full rows tie, 5 do not; 12 partial not checked"
elections,2017,FY2017,186,1,,JOANNA BILOTTA-SIMEONE,,row,parts sum to the printed total,,,,trailing figures,7,2,7,3,19,,,,5,,0,,,check failed,"42 full rows tie, 5 do not; 12 partial not checked"
elections,2017,FY2017,186,1,,ALL OTHERS 2 - -,,row,not a full row — not checked,,,,trailing figures,2,4,,,,,,,2,,0,,,check failed,"42 full rows tie, 5 do not; 12 partial not checked"
elections,2017,FY2017,186,1,,BLANKS,,row,parts sum to the printed total,,,,trailing figures,63,49,49,71,232,,,,5,,0,,,check failed,"42 full rows tie, 5 do not; 12 partial not checked"
elections,2017,FY2017,186,1,,TOTAL,,subtotal,parts sum to the printed total,,,,trailing figures,362,194,252,360,1168,,,,5,,0,,,check failed,"42 full rows tie, 5 do not; 12 partial not checked"
elections,2017,FY2017,186,1,,JOAN M. PEASE**,,row,parts sum to the printed total,,,,trailing figures,134,72,91,128,425,,,,5,,0,,,check failed,"42 full rows tie, 5 do not; 12 partial not checked"
elections,2017,FY2017,186,1,,JOSEPH ANDERSON** -,,row,not a full row — not checked,,,,trailing figures,3,3,3,9,,,,,4,,0,,,check failed,"42 full rows tie, 5 do not; 12 partial not checked"
elections,2017,FY2017,186,1,,ALL OTHERS,,row,parts sum to the printed total,,,,trailing figures,2,2,2,5,11,,,,5,,0,,,check failed,"42 full rows tie, 5 do not; 12 partial not checked"
elections,2017,FY2017,186,1,,BLANKS,,row,parts sum to the printed total,,,,trailing figures,226,117,156,224,723,,,,5,,0,,,check failed,"42 full rows tie, 5 do not; 12 partial not checked"
elections,2017,FY2017,186,1,,TOTAL,,subtotal,parts sum to the printed total,,,,trailing figures,362,194,252,360,1168,,,,5,,0,,,check failed,"42 full rows tie, 5 do not; 12 partial not checked"
elections,2017,FY2017,186,1,,TROY DANIELS* 1 - -,,row,not a full row — not checked,,,,trailing figures,2,3,,,,,,,2,,0,,,check failed,"42 full rows tie, 5 do not; 12 partial not checked"
elections,2017,FY2017,186,1,,ALL OTHERS,,row,parts sum to the printed total,,,,trailing figures,9,1,2,5,17,,,,5,,0,,,check failed,"42 full rows tie, 5 do not; 12 partial not checked"
elections,2017,FY2017,186,1,,BLANKS,,row,parts sum to the printed total,,,,trailing figures,171,96,124,173,564,,,,5,,0,,,check failed,"42 full rows tie, 5 do not; 12 partial not checked"
elections,2017,FY2017,186,1,,TOTAL,,subtotal,parts sum to the printed total,,,,trailing figures,181,97,126,180,584,,,,5,,0,,,check failed,"42 full rows tie, 5 do not; 12 partial not checked"
elections,2017,FY2017,186,1,,PERRY R. JEWELL**,,row,parts sum to the printed total,,,,trailing figures,125,72,86,119,402,,,,5,,0,,,check failed,"42 full rows tie, 5 do not; 12 partial not checked"
elections,2017,FY2017,186,1,,PAUL J. FORTIN**,,row,parts sum to the printed total,,,,trailing figures,132,67,85,128,412,,,,5,,0,,,check failed,"42 full rows tie, 5 do not; 12 partial not checked"
elections,2017,FY2017,186,1,,BLANKS,,row,parts sum to the printed total,,,,trailing figures,104,55,80,113,352,,,,5,,0,,,check failed,"42 full rows tie, 5 do not; 12 partial not checked"
elections,2017,FY2017,186,1,,TOTAL,,subtotal,parts sum to the printed total,,,,trailing figures,362,194,252,360,1168,,,,5,,0,,,check failed,"42 full rows tie, 5 do not; 12 partial not checked"
elections,2017,FY2017,186,1,,"Saturday, May",,row,not a full row — not checked,,,,trailing figures,20,2017,,,,,,,2,,0,,,check failed,"42 full rows tie, 5 do not; 12 partial not checked"
elections,2017,FY2017,187,1,,LOUIS J. FRANCO**,,row,parts sum to the printed total,,,,trailing figures,129,73,89,131,422,,,,5,,0,,,check failed,"42 full rows tie, 5 do not; 12 partial not checked"
elections,2017,FY2017,187,1,,BLANKS,,row,parts sum to the printed total,,,,trailing figures,52,24,37,49,162,,,,5,,0,,,check failed,"42 full rows tie, 5 do not; 12 partial not checked"
elections,2017,FY2017,187,1,,TOTAL,,subtotal,parts sum to the printed total,,,,trailing figures,181,97,126,180,584,,,,5,,0,,,check failed,"42 full rows tie, 5 do not; 12 partial not checked"
elections,2017,FY2017,187,1,,HEATHER A. SROKA**,,row,parts sum to the printed total,,,,trailing figures,98,54,63,90,305,,,,5,,0,,,check failed,"42 full rows tie, 5 do not; 12 partial not checked"
elections,2017,FY2017,187,1,,JAMES W. LaVECK II**,,row,parts sum to the printed total,,,,trailing figures,110,64,78,113,365,,,,5,,0,,,check failed,"42 full rows tie, 5 do not; 12 partial not checked"
elections,2017,FY2017,187,1,,RHONDA E. JARDINE-YEATS,,row,parts sum to the printed total,,,,trailing figures,80,46,65,92,283,,,,5,,0,,,check failed,"42 full rows tie, 5 do not; 12 partial not checked"
elections,2017,FY2017,187,1,,BLANKS,,row,"parts sum to 212, total printed 211",,,,trailing figures,71,30,46,65,211,,,,5,,0,,,check failed,"42 full rows tie, 5 do not; 12 partial not checked"
elections,2017,FY2017,187,1,,TOTAL,,subtotal,parts sum to the printed total,,,,trailing figures,362,194,252,360,1168,,,,5,,0,,,check failed,"42 full rows tie, 5 do not; 12 partial not checked"
elections,2017,FY2017,187,1,,PETER McCAULIFF**,,row,parts sum to the printed total,,,,trailing figures,129,70,85,131,415,,,,5,,0,,,check failed,"42 full rows tie, 5 do not; 12 partial not checked"
elections,2017,FY2017,187,1,,BLANKS,,row,parts sum to the printed total,,,,trailing figures,50,27,40,49,166,,,,5,,0,,,check failed,"42 full rows tie, 5 do not; 12 partial not checked"
elections,2017,FY2017,187,1,,TOTAL,,subtotal,parts sum to the printed total,,,,trailing figures,181,97,126,180,584,,,,5,,0,,,check failed,"42 full rows tie, 5 do not; 12 partial not checked"
elections,2017,FY2017,187,1,,KAREN M. ULLO**,,row,parts sum to the printed total,,,,trailing figures,131,72,82,128,413,,,,5,,0,,,check failed,"42 full rows tie, 5 do not; 12 partial not checked"
elections,2017,FY2017,187,1,,ALL OTHERS - - -,,row,not a full row — not checked,,,,trailing figures,1,1,,,,,,,2,,0,,,check failed,"42 full rows tie, 5 do not; 12 partial not checked"
elections,2017,FY2017,187,1,,BLANKS,,row,parts sum to the printed total,,,,trailing figures,50,25,44,51,170,,,,5,,0,,,check failed,"42 full rows tie, 5 do not; 12 partial not checked"
elections,2017,FY2017,187,1,,TOTAL,,subtotal,parts sum to the printed total,,,,trailing figures,181,97,126,180,584,,,,5,,0,,,check failed,"42 full rows tie, 5 do not; 12 partial not checked"
elections,2017,FY2017,187,1,,G. STEPHEN SCHAFF**,,row,parts sum to the printed total,,,,trailing figures,140,74,85,143,442,,,,5,,0,,,check failed,"42 full rows tie, 5 do not; 12 partial not checked"
elections,2017,FY2017,187,1,,BLANKS,,row,parts sum to the printed total,,,,trailing figures,40,23,41,37,141,,,,5,,0,,,check failed,"42 full rows tie, 5 do not; 12 partial not checked"
elections,2017,FY2017,187,1,,TOTAL,,subtotal,parts sum to the printed total,,,,trailing figures,181,97,126,180,584,,,,5,,0,,,check failed,"42 full rows tie, 5 do not; 12 partial not checked"
elections,2017,FY2017,188,1,,HARRY M. KUBETZ**,,row,parts sum to the printed total,,,,trailing figures,129,66,81,117,393,,,,5,,0,,,check failed,"42 full rows tie, 5 do not; 12 partial not checked"
elections,2017,FY2017,188,1,,KATHLEEN l. McCARRON**,,row,parts sum to the printed total,,,,trailing figures,139,71,90,138,438,,,,5,,0,,,check failed,"42 full rows tie, 5 do not; 12 partial not checked"
elections,2017,FY2017,188,1,,BLANKS,,row,parts sum to the printed total,,,,trailing figures,94,57,81,105,337,,,,5,,0,,,check failed,"42 full rows tie, 5 do not; 12 partial not checked"
elections,2017,FY2017,188,1,,TOTAL,,subtotal,parts sum to the printed total,,,,trailing figures,362,194,252,360,1168,,,,5,,0,,,check failed,"42 full rows tie, 5 do not; 12 partial not checked"
elections,2017,FY2017,188,1,,GREGORY P. BITTNER**,,row,parts sum to the printed total,,,,trailing figures,132,79,88,122,421,,,,5,,0,,,check failed,"42 full rows tie, 5 do not; 12 partial not checked"
elections,2017,FY2017,188,1,,ALL OTHERS - -,,row,not a full row — not checked,,,,trailing figures,1,3,4,,,,,,3,,0,,,check failed,"42 full rows tie, 5 do not; 12 partial not checked"
elections,2017,FY2017,188,1,,BLANKS,,row,parts sum to the printed total,,,,trailing figures,49,18,37,55,159,,,,5,,0,,,check failed,"42 full rows tie, 5 do not; 12 partial not checked"
elections,2017,FY2017,188,1,,TOTAL,,subtotal,parts sum to the printed total,,,,trailing figures,181,97,126,180,584,,,,5,,0,,,check failed,"42 full rows tie, 5 do not; 12 partial not checked"
elections,2017,FY2017,189,1,,NOVEMBER,,row,not a full row — not checked,,,,trailing figures,5,2017,,,,,,,2,,0,,,check failed,"42 full rows tie, 5 do not; 12 partial not checked"
elections,2017,FY2017,189,1,,SUSAN A. CHALIFOUX-ZEPHIR,,row,"parts sum to 207, total printed 65",,,,trailing figures,73,71,63,65,,,,,4,,0,,,check failed,"42 full rows tie, 5 do not; 12 partial not checked"
elections,2017,FY2017,189,1,,MICHAEL P. KUSHMEREK,,row,"parts sum to 84, total printed 28",,,,trailing figures,32,37,15,28,,,,,4,,0,,,check failed,"42 full rows tie, 5 do not; 12 partial not checked"
elections,2017,FY2017,189,1,,MICHAEL A. MAHAN,,row,not a full row — not checked,,,,trailing figures,20,25,34,12,91,,,,5,,0,,,check failed,"42 full rows tie, 5 do not; 12 partial not checked"
elections,2017,FY2017,189,1,,DEAN A. TRAN,,row,"parts sum to 189, total printed 257",,,,trailing figures,63,63,63,257,,,,,4,,0,,,check failed,"42 full rows tie, 5 do not; 12 partial not checked"
elections,2017,FY2017,189,1,,BLANKS,,row,"parts sum to 7, total printed 8",,,,trailing figures,3,2,2,8,,,,,4,,0,,,check failed,"42 full rows tie, 5 do not; 12 partial not checked"
elections,2017,FY2017,189,1,,TOTAL                                         ' °,,subtotal,one cell short — the missing value is derivable from the printed total,one cell missing; from this row's own printed total it must be 134,,,trailing figures,66,65,265,,,,,,3,,0,,,check failed,"42 full rows tie, 5 do not; 12 partial not checked"
elections,2017,FY2017,189,1,,DECEMBER,,row,not a full row — not checked,,,,trailing figures,7,2017,,,,,,,2,,0,,,check failed,"42 full rows tie, 5 do not; 12 partial not checked"
elections,2017,FY2017,189,1,,SUSAN A. CHALIFOUX-ZEPHIR,,row,not a full row — not checked,,,,trailing figures,133,127,95,126,481,,,,5,,0,,,check failed,"42 full rows tie, 5 do not; 12 partial not checked"
elections,2017,FY2017,189,1,,DEAN A. TRAN,,row,not a full row — not checked,,,,trailing figures,190,145,164,143,642,,,,5,,0,,,check failed,"42 full rows tie, 5 do not; 12 partial not checked"
elections,2018,FY2018,234,1,,TOTAL REGISTERED VOTERS,,subtotal,parts sum to the printed total,,,,trailing figures,1947,1856,2141,1855,7799,,,,5,,0,,,check failed,"292 full rows tie, 4 do not; 22 partial not checked"
elections,2018,FY2018,234,1,,BALLOTS  CAST (PER BALLOT BOX),,subtotal,parts sum to the printed total,,,,trailing figures,378,221,240,362,1201,,,,5,,0,,,check failed,"292 full rows tie, 4 do not; 22 partial not checked"
elections,2018,FY2018,234,1,,TIMOTHY W. MURPHY,,row,parts sum to the printed total,,,,trailing figures,297,178,189,301,965,,,,5,,0,,,check failed,"292 full rows tie, 4 do not; 22 partial not checked"
elections,2018,FY2018,234,1,,ALL OTHERS,,row,parts sum to the printed total,,,,trailing figures,6,0,2,2,10,,,,5,,0,,,check failed,"292 full rows tie, 4 do not; 22 partial not checked"
elections,2018,FY2018,234,1,,BLANKS,,row,parts sum to the printed total,,,,trailing figures,75,43,49,59,226,,,,5,,0,,,check failed,"292 full rows tie, 4 do not; 22 partial not checked"
elections,2018,FY2018,234,1,,TOTAL,,subtotal,parts sum to the printed total,,,,trailing figures,378,221,240,362,1201,,,,5,,0,,,check failed,"292 full rows tie, 4 do not; 22 partial not checked"
elections,2018,FY2018,234,1,,MICHAEL R. JEFFREYS,,row,parts sum to the printed total,,,,trailing figures,169,94,102,168,533,,,,5,,0,,,check failed,"292 full rows tie, 4 do not; 22 partial not checked"
elections,2018,FY2018,234,1,,KATEY ADAMS,,row,parts sum to the printed total,,,,trailing figures,162,101,121,162,546,,,,5,,0,,,check failed,"292 full rows tie, 4 do not; 22 partial not checked"
elections,2018,FY2018,234,1,,DAVID M. PASSIOS,,row,parts sum to the printed total,,,,trailing figures,43,25,15,32,115,,,,5,,0,,,check failed,"292 full rows tie, 4 do not; 22 partial not checked"
elections,2018,FY2018,234,1,,ALL OTHERS,,row,parts sum to the printed total,,,,trailing figures,0,0,1,0,1,,,,5,,0,,,check failed,"292 full rows tie, 4 do not; 22 partial not checked"
elections,2018,FY2018,234,1,,BLANKS,,row,parts sum to the printed total,,,,trailing figures,4,1,1,0,6,,,,5,,0,,,check failed,"292 full rows tie, 4 do not; 22 partial not checked"
elections,2018,FY2018,234,1,,TOTAL,,subtotal,parts sum to the printed total,,,,trailing figures,378,221,240,362,1201,,,,5,,0,,,check failed,"292 full rows tie, 4 do not; 22 partial not checked"
elections,2018,FY2018,234,1,,RYAN L. STOBER,,row,parts sum to the printed total,,,,trailing figures,267,171,167,270,875,,,,5,,0,,,check failed,"292 full rows tie, 4 do not; 22 partial not checked"
elections,2018,FY2018,234,1,,ALL OTHERS,,row,parts sum to the printed total,,,,trailing figures,17,4,0,15,36,,,,5,,0,,,check failed,"292 full rows tie, 4 do not; 22 partial not checked"
elections,2018,FY2018,234,1,,BLANKS,,row,parts sum to the printed total,,,,trailing figures,94,46,73,77,290,,,,5,,0,,,check failed,"292 full rows tie, 4 do not; 22 partial not checked"
elections,2018,FY2018,234,1,,TOTAL,,subtotal,parts sum to the printed total,,,,trailing figures,378,221,240,362,1201,,,,5,,0,,,check failed,"292 full rows tie, 4 do not; 22 partial not checked"
elections,2018,FY2018,234,1,,DAVID M. PASSIOS,,row,parts sum to the printed total,,,,trailing figures,244,155,152,253,804,,,,5,,0,,,check failed,"292 full rows tie, 4 do not; 22 partial not checked"
elections,2018,FY2018,234,1,,"WARREN E. MAYHEW, JR.",,row,parts sum to the printed total,,,,trailing figures,234,143,139,224,740,,,,5,,0,,,check failed,"292 full rows tie, 4 do not; 22 partial not checked"
elections,2018,FY2018,234,1,,ALL OTHERS,,row,parts sum to the printed total,,,,trailing figures,1,0,0,1,2,,,,5,,0,,,check failed,"292 full rows tie, 4 do not; 22 partial not checked"
elections,2018,FY2018,234,1,,BLANKS,,row,parts sum to the printed total,,,,trailing figures,277,144,189,246,856,,,,5,,0,,,check failed,"292 full rows tie, 4 do not; 22 partial not checked"
elections,2018,FY2018,234,1,,TOTAL,,subtotal,parts sum to the printed total,,,,trailing figures,756,442,480,724,2402,,,,5,,0,,,check failed,"292 full rows tie, 4 do not; 22 partial not checked"
elections,2018,FY2018,234,1,,"GEORGE L. EMOND, JR",,row,parts sum to the printed total,,,,trailing figures,273,166,166,273,878,,,,5,,0,,,check failed,"292 full rows tie, 4 do not; 22 partial not checked"
elections,2018,FY2018,234,1,,ALL OTHERS,,row,parts sum to the printed total,,,,trailing figures,0,0,2,2,4,,,,5,,0,,,check failed,"292 full rows tie, 4 do not; 22 partial not checked"
elections,2018,FY2018,234,1,,BLANKS,,row,parts sum to the printed total,,,,trailing figures,105,55,72,87,319,,,,5,,0,,,check failed,"292 full rows tie, 4 do not; 22 partial not checked"
elections,2018,FY2018,234,1,,TOTAL,,subtotal,parts sum to the printed total,,,,trailing figures,378,221,240,362,1201,,,,5,,0,,,check failed,"292 full rows tie, 4 do not; 22 partial not checked"
elections,2018,FY2018,234,1,,"Saturday, May",,row,not a full row — not checked,,,,trailing figures,19,2018,,,,,,,2,,0,,,check failed,"292 full rows tie, 4 do not; 22 partial not checked"
elections,2018,FY2018,235,1,,RICHARD H. LETARTE,,row,parts sum to the printed total,,,,trailing figures,287,174,182,295,938,,,,5,,0,,,check failed,"292 full rows tie, 4 do not; 22 partial not checked"
elections,2018,FY2018,235,1,,ALL OTHERS,,row,parts sum to the printed total,,,,trailing figures,1,1,0,1,3,,,,5,,0,,,check failed,"292 full rows tie, 4 do not; 22 partial not checked"
elections,2018,FY2018,235,1,,BLANKS,,row,parts sum to the printed total,,,,trailing figures,90,46,58,66,260,,,,5,,0,,,check failed,"292 full rows tie, 4 do not; 22 partial not checked"
elections,2018,FY2018,235,1,,TOTAL,,subtotal,parts sum to the printed total,,,,trailing figures,378,221,240,362,1201,,,,5,,0,,,check failed,"292 full rows tie, 4 do not; 22 partial not checked"
elections,2018,FY2018,235,1,,WENDY BERTRAND,,row,parts sum to the printed total,,,,trailing figures,278,167,174,281,900,,,,5,,0,,,check failed,"292 full rows tie, 4 do not; 22 partial not checked"
elections,2018,FY2018,235,1,,ALL OTHERS,,row,parts sum to the printed total,,,,trailing figures,2,4,4,1,11,,,,5,,0,,,check failed,"292 full rows tie, 4 do not; 22 partial not checked"
elections,2018,FY2018,235,1,,BLANKS,,row,parts sum to the printed total,,,,trailing figures,98,50,62,80,290,,,,5,,0,,,check failed,"292 full rows tie, 4 do not; 22 partial not checked"
elections,2018,FY2018,235,1,,TOTAL,,subtotal,parts sum to the printed total,,,,trailing figures,378,221,240,362,1201,,,,5,,0,,,check failed,"292 full rows tie, 4 do not; 22 partial not checked"
elections,2018,FY2018,235,1,,KARIN L. MENARD,,row,parts sum to the printed total,,,,trailing figures,272,165,162,268,867,,,,5,,0,,,check failed,"292 full rows tie, 4 do not; 22 partial not checked"
elections,2018,FY2018,235,1,,ALL OTHERS,,row,parts sum to the printed total,,,,trailing figures,4,1,2,3,10,,,,5,,0,,,check failed,"292 full rows tie, 4 do not; 22 partial not checked"
elections,2018,FY2018,235,1,,BLANKS,,row,parts sum to the printed total,,,,trailing figures,102,55,76,91,324,,,,5,,0,,,check failed,"292 full rows tie, 4 do not; 22 partial not checked"
elections,2018,FY2018,235,1,,TOTAL,,subtotal,parts sum to the printed total,,,,trailing figures,378,221,240,362,1201,,,,5,,0,,,check failed,"292 full rows tie, 4 do not; 22 partial not checked"
elections,2018,FY2018,235,1,,CATHY A. HENNESSY,,row,parts sum to the printed total,,,,trailing figures,272,169,167,269,877,,,,5,,0,,,check failed,"292 full rows tie, 4 do not; 22 partial not checked"
elections,2018,FY2018,235,1,,ALL OTHERS,,row,parts sum to the printed total,,,,trailing figures,0,0,0,1,1,,,,5,,0,,,check failed,"292 full rows tie, 4 do not; 22 partial not checked"
elections,2018,FY2018,235,1,,BLANKS,,row,parts sum to the printed total,,,,trailing figures,106,52,73,92,323,,,,5,,0,,,check failed,"292 full rows tie, 4 do not; 22 partial not checked"
elections,2018,FY2018,235,1,,TOTAL,,subtotal,parts sum to the printed total,,,,trailing figures,378,221,240,362,1201,,,,5,,0,,,check failed,"292 full rows tie, 4 do not; 22 partial not checked"
elections,2018,FY2018,235,1,,LORRAINE MENDOZA,,row,parts sum to the printed total,,,,trailing figures,279,169,173,279,900,,,,5,,0,,,check failed,"292 full rows tie, 4 do not; 22 partial not checked"
elections,2018,FY2018,235,1,,ALL OTHERS,,row,parts sum to the printed total,,,,trailing figures,1,0,0,1,2,,,,5,,0,,,check failed,"292 full rows tie, 4 do not; 22 partial not checked"
elections,2018,FY2018,235,1,,BLANKS,,row,parts sum to the printed total,,,,trailing figures,98,52,67,82,299,,,,5,,0,,,check failed,"292 full rows tie, 4 do not; 22 partial not checked"
elections,2018,FY2018,235,1,,TOTAL,,subtotal,parts sum to the printed total,,,,trailing figures,378,221,240,362,1201,,,,5,,0,,,check failed,"292 full rows tie, 4 do not; 22 partial not checked"
elections,2018,FY2018,235,1,,WILLIAM E. TYLER,,row,parts sum to the printed total,,,,trailing figures,273,174,164,267,878,,,,5,,0,,,check failed,"292 full rows tie, 4 do not; 22 partial not checked"
elections,2018,FY2018,235,1,,ALL OTHERS,,row,parts sum to the printed total,,,,trailing figures,0,0,0,1,1,,,,5,,0,,,check failed,"292 full rows tie, 4 do not; 22 partial not checked"
elections,2018,FY2018,235,1,,BLANKS,,row,parts sum to the printed total,,,,trailing figures,105,47,76,94,322,,,,5,,0,,,check failed,"292 full rows tie, 4 do not; 22 partial not checked"
elections,2018,FY2018,235,1,,TOTAL,,subtotal,parts sum to the printed total,,,,trailing figures,378,221,240,362,1201,,,,5,,0,,,check failed,"292 full rows tie, 4 do not; 22 partial not checked"
elections,2018,FY2018,236,1,,LARS H. WIDSTRAND,,row,parts sum to the printed total,,,,trailing figures,255,146,154,251,806,,,,5,,0,,,check failed,"292 full rows tie, 4 do not; 22 partial not checked"
elections,2018,FY2018,236,1,,MAIA CE WENTRUP,,row,parts sum to the printed total,,,,trailing figures,246,152,146,226,770,,,,5,,0,,,check failed,"292 full rows tie, 4 do not; 22 partial not checked"
elections,2018,FY2018,236,1,,ROBERT M. CONROY,,row,parts sum to the printed total,,,,trailing figures,233,139,139,223,734,,,,5,,0,,,check failed,"292 full rows tie, 4 do not; 22 partial not checked"
elections,2018,FY2018,236,1,,ALL OTHERS,,row,parts sum to the printed total,,,,trailing figures,1,2,2,4,9,,,,5,,0,,,check failed,"292 full rows tie, 4 do not; 22 partial not checked"
elections,2018,FY2018,236,1,,BLANKS,,row,parts sum to the printed total,,,,trailing figures,399,224,279,382,1284,,,,5,,0,,,check failed,"292 full rows tie, 4 do not; 22 partial not checked"
elections,2018,FY2018,236,1,,TOTAL,,subtotal,parts sum to the printed total,,,,trailing figures,1134,663,720,1086,3603,,,,5,,0,,,check failed,"292 full rows tie, 4 do not; 22 partial not checked"
elections,2018,FY2018,236,1,,TANNER S. COLE,,row,parts sum to the printed total,,,,trailing figures,297,170,183,284,934,,,,5,,0,,,check failed,"292 full rows tie, 4 do not; 22 partial not checked"
elections,2018,FY2018,236,1,,ALL OTHERS,,row,parts sum to the printed total,,,,trailing figures,1,1,0,2,4,,,,5,,0,,,check failed,"292 full rows tie, 4 do not; 22 partial not checked"
elections,2018,FY2018,236,1,,BLANKS,,row,parts sum to the printed total,,,,trailing figures,80,50,57,76,263,,,,5,,0,,,check failed,"292 full rows tie, 4 do not; 22 partial not checked"
elections,2018,FY2018,236,1,,TOTAL,,subtotal,parts sum to the printed total,,,,trailing figures,378,221,240,362,1201,,,,5,,0,,,check failed,"292 full rows tie, 4 do not; 22 partial not checked"
elections,2018,FY2018,237,1,,SEPTEMBER,,row,not a full row — not checked,,,,trailing figures,4,2018,,,,,,,2,,0,,,check failed,"292 full rows tie, 4 do not; 22 partial not checked"
elections,2018,FY2018,237,1,,ELIZABETH A. WARREN,,row,parts sum to the printed total,,,,trailing figures,220,232,194,207,853,,,,5,,0,,,check failed,"292 full rows tie, 4 do not; 22 partial not checked"
elections,2018,FY2018,237,1,,BLANKS,,row,parts sum to the printed total,,,,trailing figures,29,28,27,23,107,,,,5,,0,,,check failed,"292 full rows tie, 4 do not; 22 partial not checked"
elections,2018,FY2018,237,1,,Write-ins:,,row,parts sum to the printed total,,,,trailing figures,5,4,2,5,16,,,,5,,0,,,check failed,"292 full rows tie, 4 do not; 22 partial not checked"
elections,2018,FY2018,237,1,,TOTAL,,subtotal,parts sum to the printed total,,,,trailing figures,254,264,223,235,976,,,,5,,0,,,check failed,"292 full rows tie, 4 do not; 22 partial not checked"
elections,2018,FY2018,237,1,,JAY M. GONZALEZ,,row,parts sum to the printed total,,,,trailing figures,112,134,107,112,465,,,,5,,0,,,check failed,"292 full rows tie, 4 do not; 22 partial not checked"
elections,2018,FY2018,237,1,,BOB MASSIE,,row,parts sum to the printed total,,,,trailing figures,66,78,67,68,279,,,,5,,0,,,check failed,"292 full rows tie, 4 do not; 22 partial not checked"
elections,2018,FY2018,237,1,,BLANKS,,row,parts sum to the printed total,,,,trailing figures,69,49,44,48,210,,,,5,,0,,,check failed,"292 full rows tie, 4 do not; 22 partial not checked"
elections,2018,FY2018,237,1,,Write-ins:,,row,parts sum to the printed total,,,,trailing figures,7,3,5,7,22,,,,5,,0,,,check failed,"292 full rows tie, 4 do not; 22 partial not checked"
elections,2018,FY2018,237,1,,TOTAL,,subtotal,parts sum to the printed total,,,,trailing figures,254,264,223,235,976,,,,5,,0,,,check failed,"292 full rows tie, 4 do not; 22 partial not checked"
elections,2018,FY2018,237,1,,QUENTIN PALFREY,,row,parts sum to the printed total,,,,trailing figures,120,132,115,118,485,,,,5,,0,,,check failed,"292 full rows tie, 4 do not; 22 partial not checked"
elections,2018,FY2018,237,1,,JIMMY TINGLE,,row,parts sum to the printed total,,,,trailing figures,61,76,57,65,259,,,,5,,0,,,check failed,"292 full rows tie, 4 do not; 22 partial not checked"
elections,2018,FY2018,237,1,,BLANKS,,row,parts sum to the printed total,,,,trailing figures,73,56,50,50,229,,,,5,,0,,,check failed,"292 full rows tie, 4 do not; 22 partial not checked"
elections,2018,FY2018,237,1,,Write-ins:,,row,parts sum to the printed total,,,,trailing figures,0,0,1,2,3,,,,5,,0,,,check failed,"292 full rows tie, 4 do not; 22 partial not checked"
elections,2018,FY2018,237,1,,TOTAL,,subtotal,parts sum to the printed total,,,,trailing figures,254,264,223,235,976,,,,5,,0,,,check failed,"292 full rows tie, 4 do not; 22 partial not checked"
elections,2018,FY2018,237,1,,MAURA HEALEY,,row,parts sum to the printed total,,,,trailing figures,229,234,201,214,878,,,,5,,0,,,check failed,"292 full rows tie, 4 do not; 22 partial not checked"
elections,2018,FY2018,237,1,,BLANKS,,row,parts sum to the printed total,,,,trailing figures,23,28,22,21,94,,,,5,,0,,,check failed,"292 full rows tie, 4 do not; 22 partial not checked"
elections,2018,FY2018,237,1,,Write-ins:,,row,parts sum to the printed total,,,,trailing figures,2,2,0,0,4,,,,5,,0,,,check failed,"292 full rows tie, 4 do not; 22 partial not checked"
elections,2018,FY2018,237,1,,TOTAL,,subtotal,parts sum to the printed total,,,,trailing figures,254,264,223,235,976,,,,5,,0,,,check failed,"292 full rows tie, 4 do not; 22 partial not checked"
elections,2018,FY2018,237,1,,WILLIAM FRANCIS GALVIN,,row,parts sum to the printed total,,,,trailing figures,166,178,149,172,665,,,,5,,0,,,check failed,"292 full rows tie, 4 do not; 22 partial not checked"
elections,2018,FY2018,237,1,,JOSH ZAKIM,,row,parts sum to the printed total,,,,trailing figures,72,74,65,56,267,,,,5,,0,,,check failed,"292 full rows tie, 4 do not; 22 partial not checked"
elections,2018,FY2018,237,1,,BLANKS,,row,parts sum to the printed total,,,,trailing figures,15,12,9,7,43,,,,5,,0,,,check failed,"292 full rows tie, 4 do not; 22 partial not checked"
elections,2018,FY2018,237,1,,Write-ins:,,row,parts sum to the printed total,,,,trailing figures,1,0,0,0,1,,,,5,,0,,,check failed,"292 full rows tie, 4 do not; 22 partial not checked"
elections,2018,FY2018,237,1,,TOTAL,,subtotal,parts sum to the printed total,,,,trailing figures,254,264,223,235,976,,,,5,,0,,,check failed,"292 full rows tie, 4 do not; 22 partial not checked"
elections,2018,FY2018,238,1,,DEBORAH B. GOLDBERG,,row,parts sum to the printed total,,,,trailing figures,188,218,175,193,774,,,,5,,0,,,check failed,"292 full rows tie, 4 do not; 22 partial not checked"
elections,2018,FY2018,238,1,,BLANKS,,row,parts sum to the printed total,,,,trailing figures,66,44,48,42,200,,,,5,,0,,,check failed,"292 full rows tie, 4 do not; 22 partial not checked"
elections,2018,FY2018,238,1,,Write-ins:,,row,parts sum to the printed total,,,,trailing figures,0,2,0,0,2,,,,5,,0,,,check failed,"292 full rows tie, 4 do not; 22 partial not checked"
elections,2018,FY2018,238,1,,TOTAL,,subtotal,parts sum to the printed total,,,,trailing figures,254,264,223,235,976,,,,5,,0,,,check failed,"292 full rows tie, 4 do not; 22 partial not checked"
elections,2018,FY2018,238,1,,SUZANNE M. BUMP,,row,parts sum to the printed total,,,,trailing figures,188,220,176,186,770,,,,5,,0,,,check failed,"292 full rows tie, 4 do not; 22 partial not checked"
elections,2018,FY2018,238,1,,BLANKS,,row,parts sum to the printed total,,,,trailing figures,66,42,47,48,203,,,,5,,0,,,check failed,"292 full rows tie, 4 do not; 22 partial not checked"
elections,2018,FY2018,238,1,,Write-ins:,,row,parts sum to the printed total,,,,trailing figures,0,2,0,1,3,,,,5,,0,,,check failed,"292 full rows tie, 4 do not; 22 partial not checked"
elections,2018,FY2018,238,1,,TOTAL,,subtotal,parts sum to the printed total,,,,trailing figures,254,264,223,235,976,,,,5,,0,,,check failed,"292 full rows tie, 4 do not; 22 partial not checked"
elections,2018,FY2018,238,1,,JEFFREY D. BALLINGER,,row,parts sum to the printed total,,,,trailing figures,5,8,2,1,16,,,,5,,0,,,check failed,"292 full rows tie, 4 do not; 22 partial not checked"
elections,2018,FY2018,238,1,,ALEXANDRA E. CHANDLER,,row,parts sum to the printed total,,,,trailing figures,7,8,9,5,29,,,,5,,0,,,check failed,"292 full rows tie, 4 do not; 22 partial not checked"
elections,2018,FY2018,238,1,,BEEJ DAS,,row,parts sum to the printed total,,,,trailing figures,2,2,2,3,9,,,,5,,0,,,check failed,"292 full rows tie, 4 do not; 22 partial not checked"
elections,2018,FY2018,238,1,,RUFUS GIFFORD,,row,parts sum to the printed total,,,,trailing figures,74,72,66,63,275,,,,5,,0,,,check failed,"292 full rows tie, 4 do not; 22 partial not checked"
elections,2018,FY2018,238,1,,LEONARD H. GOLDER,,row,parts sum to the printed total,,,,trailing figures,2,2,3,1,8,,,,5,,0,,,check failed,"292 full rows tie, 4 do not; 22 partial not checked"
elections,2018,FY2018,238,1,,DANIEL ARRIGG KOH**,,row,parts sum to the printed total,,,,trailing figures,52,73,45,57,227,,,,5,,0,,,check failed,"292 full rows tie, 4 do not; 22 partial not checked"
elections,2018,FY2018,238,1,,BARBARA A. L’ITALIEN,,row,parts sum to the printed total,,,,trailing figures,43,37,32,40,152,,,,5,,0,,,check failed,"292 full rows tie, 4 do not; 22 partial not checked"
elections,2018,FY2018,238,1,,BOPHA MALONE,,row,parts sum to the printed total,,,,trailing figures,3,1,0,0,4,,,,5,,0,,,check failed,"292 full rows tie, 4 do not; 22 partial not checked"
elections,2018,FY2018,238,1,,JUANA B. MATIAS,,row,parts sum to the printed total,,,,trailing figures,9,12,12,18,51,,,,5,,0,,,check failed,"292 full rows tie, 4 do not; 22 partial not checked"
elections,2018,FY2018,238,1,,LORI LOUREIRO TRAHAN**,,row,parts sum to the printed total,,,,trailing figures,38,39,46,41,164,,,,5,,0,,,check failed,"292 full rows tie, 4 do not; 22 partial not checked"
elections,2018,FY2018,238,1,,BLANKS,,row,parts sum to the printed total,,,,trailing figures,16,9,6,5,36,,,,5,,0,,,check failed,"292 full rows tie, 4 do not; 22 partial not checked"
elections,2018,FY2018,238,1,,Write-ins:,,row,parts sum to the printed total,,,,trailing figures,3,1,0,1,5,,,,5,,0,,,check failed,"292 full rows tie, 4 do not; 22 partial not checked"
elections,2018,FY2018,238,1,,TOTAL,,subtotal,parts sum to the printed total,,,,trailing figures,254,264,223,235,976,,,,5,,0,,,check failed,"292 full rows tie, 4 do not; 22 partial not checked"
elections,2018,FY2018,238,1,,PAUL M. DEPALO,,row,parts sum to the printed total,,,,trailing figures,184,210,167,174,735,,,,5,,0,,,check failed,"292 full rows tie, 4 do not; 22 partial not checked"
elections,2018,FY2018,238,1,,BLANKS,,row,parts sum to the printed total,,,,trailing figures,70,52,55,61,238,,,,5,,0,,,check failed,"292 full rows tie, 4 do not; 22 partial not checked"
elections,2018,FY2018,238,1,,Write-ins:,,row,parts sum to the printed total,,,,trailing figures,0,2,1,0,3,,,,5,,0,,,check failed,"292 full rows tie, 4 do not; 22 partial not checked"
elections,2018,FY2018,238,1,,TOTAL,,subtotal,parts sum to the printed total,,,,trailing figures,254,264,223,235,976,,,,5,,0,,,check failed,"292 full rows tie, 4 do not; 22 partial not checked"
elections,2018,FY2018,238,1,,SUSAN A. CHALIFOUX-ZEPHIR,,row,parts sum to the printed total,,,,trailing figures,205,218,180,194,797,,,,5,,0,,,check failed,"292 full rows tie, 4 do not; 22 partial not checked"
elections,2018,FY2018,238,1,,BLANKS,,row,parts sum to the printed total,,,,trailing figures,45,45,40,39,169,,,,5,,0,,,check failed,"292 full rows tie, 4 do not; 22 partial not checked"
elections,2018,FY2018,238,1,,Write-ins:,,row,parts sum to the printed total,,,,trailing figures,4,1,3,2,10,,,,5,,0,,,check failed,"292 full rows tie, 4 do not; 22 partial not checked"
elections,2018,FY2018,238,1,,TOTAL,,subtotal,parts sum to the printed total,,,,trailing figures,254,264,223,235,976,,,,5,,0,,,check failed,"292 full rows tie, 4 do not; 22 partial not checked"
elections,2018,FY2018,239,1,,JENNIFER E. BENSON 222 ---,,row,not a full row — not checked,,,,trailing figures,195,211,628,,,,,,3,,0,,,check failed,"292 full rows tie, 4 do not; 22 partial not checked"
elections,2018,FY2018,239,1,,BLANKS 29 ---,,row,not a full row — not checked,,,,trailing figures,28,22,79,,,,,,3,,0,,,check failed,"292 full rows tie, 4 do not; 22 partial not checked"
elections,2018,FY2018,239,1,,Write-ins: 3 ---,,row,not a full row — not checked,,,,trailing figures,0,2,5,,,,,,3,,0,,,check failed,"292 full rows tie, 4 do not; 22 partial not checked"
elections,2018,FY2018,239,1,,TOTAL 254 ---,,subtotal,not a full row — not checked,,,,trailing figures,223,235,712,,,,,,3,,0,,,check failed,"292 full rows tie, 4 do not; 22 partial not checked"
elections,2018,FY2018,239,1,,JOSEPH D. EARLY JR.,,row,parts sum to the printed total,,,,trailing figures,196,219,183,194,792,,,,5,,0,,,check failed,"292 full rows tie, 4 do not; 22 partial not checked"
elections,2018,FY2018,239,1,,BLANKS,,row,parts sum to the printed total,,,,trailing figures,55,43,39,39,176,,,,5,,0,,,check failed,"292 full rows tie, 4 do not; 22 partial not checked"
elections,2018,FY2018,239,1,,Write-ins:,,row,"parts sum to 8, total printed 6",,,,trailing figures,3,2,1,2,6,,,,5,,0,,,check failed,"292 full rows tie, 4 do not; 22 partial not checked"
elections,2018,FY2018,239,1,,TOTAL,,subtotal,parts sum to the printed total,,,,trailing figures,254,264,223,235,976,,,,5,,0,,,check failed,"292 full rows tie, 4 do not; 22 partial not checked"
elections,2018,FY2018,239,1,,DENNIS P. MCMANUS,,row,parts sum to the printed total,,,,trailing figures,185,212,175,186,758,,,,5,,0,,,check failed,"292 full rows tie, 4 do not; 22 partial not checked"
elections,2018,FY2018,239,1,,BLANKS,,row,parts sum to the printed total,,,,trailing figures,69,51,47,49,216,,,,5,,0,,,check failed,"292 full rows tie, 4 do not; 22 partial not checked"
elections,2018,FY2018,239,1,,Write-ins:,,row,parts sum to the printed total,,,,trailing figures,0,1,1,0,2,,,,5,,0,,,check failed,"292 full rows tie, 4 do not; 22 partial not checked"
elections,2018,FY2018,239,1,,TOTAL,,subtotal,parts sum to the printed total,,,,trailing figures,254,264,223,235,976,,,,5,,0,,,check failed,"292 full rows tie, 4 do not; 22 partial not checked"
elections,2018,FY2018,239,1,,KATHLEEN REYNOLDS DAIGNEAULT,,row,parts sum to the printed total,,,,trailing figures,132,158,111,133,534,,,,5,,0,,,check failed,"292 full rows tie, 4 do not; 22 partial not checked"
elections,2018,FY2018,239,1,,DAVID R. CORMIER,,row,parts sum to the printed total,,,,trailing figures,25,34,42,22,123,,,,5,,0,,,check failed,"292 full rows tie, 4 do not; 22 partial not checked"
elections,2018,FY2018,239,1,,PATRICIA BUCKLEY MALCOLMSON,,row,parts sum to the printed total,,,,trailing figures,53,58,53,46,210,,,,5,,0,,,check failed,"292 full rows tie, 4 do not; 22 partial not checked"
elections,2018,FY2018,239,1,,BLANKS,,row,parts sum to the printed total,,,,trailing figures,43,14,17,34,108,,,,5,,0,,,check failed,"292 full rows tie, 4 do not; 22 partial not checked"
elections,2018,FY2018,239,1,,Write-ins:,,row,parts sum to the printed total,,,,trailing figures,1,0,0,0,1,,,,5,,0,,,check failed,"292 full rows tie, 4 do not; 22 partial not checked"
elections,2018,FY2018,239,1,,TOTAL,,subtotal,parts sum to the printed total,,,,trailing figures,254,264,223,235,976,,,,5,,0,,,check failed,"292 full rows tie, 4 do not; 22 partial not checked"
elections,2018,FY2018,240,1,,GEOFF DIEHL,,row,parts sum to the printed total,,,,trailing figures,85,58,95,69,307,,,,5,,0,,,check failed,"292 full rows tie, 4 do not; 22 partial not checked"
elections,2018,FY2018,240,1,,JOHN KINGSTON,,row,parts sum to the printed total,,,,trailing figures,61,51,32,40,184,,,,5,,0,,,check failed,"292 full rows tie, 4 do not; 22 partial not checked"
elections,2018,FY2018,240,1,,BETH JOYCE LINDSTROM,,row,parts sum to the printed total,,,,trailing figures,44,48,63,43,198,,,,5,,0,,,check failed,"292 full rows tie, 4 do not; 22 partial not checked"
elections,2018,FY2018,240,1,,BLANKS,,row,parts sum to the printed total,,,,trailing figures,14,11,7,11,43,,,,5,,0,,,check failed,"292 full rows tie, 4 do not; 22 partial not checked"
elections,2018,FY2018,240,1,,Write-ins:,,row,parts sum to the printed total,,,,trailing figures,1,1,1,0,3,,,,5,,0,,,check failed,"292 full rows tie, 4 do not; 22 partial not checked"
elections,2018,FY2018,240,1,,TOTAL,,subtotal,parts sum to the printed total,,,,trailing figures,205,169,198,163,735,,,,5,,0,,,check failed,"292 full rows tie, 4 do not; 22 partial not checked"
elections,2018,FY2018,240,1,,CHARLES D. BAKER,,row,parts sum to the printed total,,,,trailing figures,134,111,114,92,451,,,,5,,0,,,check failed,"292 full rows tie, 4 do not; 22 partial not checked"
elections,2018,FY2018,240,1,,SCOTT D. LIVELY,,row,parts sum to the printed total,,,,trailing figures,69,57,80,70,276,,,,5,,0,,,check failed,"292 full rows tie, 4 do not; 22 partial not checked"
elections,2018,FY2018,240,1,,BLANKS,,row,parts sum to the printed total,,,,trailing figures,2,1,4,1,8,,,,5,,0,,,check failed,"292 full rows tie, 4 do not; 22 partial not checked"
elections,2018,FY2018,240,1,,Write-ins:,,row,parts sum to the printed total,,,,trailing figures,0,0,0,0,0,,,,5,,0,,,check failed,"292 full rows tie, 4 do not; 22 partial not checked"
elections,2018,FY2018,240,1,,TOTAL,,subtotal,parts sum to the printed total,,,,trailing figures,205,169,198,163,735,,,,5,,0,,,check failed,"292 full rows tie, 4 do not; 22 partial not checked"
elections,2018,FY2018,240,1,,KARYN E. POLITO,,row,parts sum to the printed total,,,,trailing figures,158,134,150,125,567,,,,5,,0,,,check failed,"292 full rows tie, 4 do not; 22 partial not checked"
elections,2018,FY2018,240,1,,BLANKS,,row,parts sum to the printed total,,,,trailing figures,44,34,47,37,162,,,,5,,0,,,check failed,"292 full rows tie, 4 do not; 22 partial not checked"
elections,2018,FY2018,240,1,,Write-ins:,,row,parts sum to the printed total,,,,trailing figures,3,1,1,1,6,,,,5,,0,,,check failed,"292 full rows tie, 4 do not; 22 partial not checked"
elections,2018,FY2018,240,1,,TOTAL,,subtotal,parts sum to the printed total,,,,trailing figures,205,169,198,163,735,,,,5,,0,,,check failed,"292 full rows tie, 4 do not; 22 partial not checked"
elections,2018,FY2018,240,1,,"JAMES R. MCMAHON, III",,row,parts sum to the printed total,,,,trailing figures,97,78,100,82,357,,,,5,,0,,,check failed,"292 full rows tie, 4 do not; 22 partial not checked"
elections,2018,FY2018,240,1,,DANIEL L. SHORES,,row,parts sum to the printed total,,,,trailing figures,67,49,58,49,223,,,,5,,0,,,check failed,"292 full rows tie, 4 do not; 22 partial not checked"
elections,2018,FY2018,240,1,,BLANKS,,row,parts sum to the printed total,,,,trailing figures,40,39,39,32,150,,,,5,,0,,,check failed,"292 full rows tie, 4 do not; 22 partial not checked"
elections,2018,FY2018,240,1,,Write-ins:,,row,parts sum to the printed total,,,,trailing figures,1,3,1,0,5,,,,5,,0,,,check failed,"292 full rows tie, 4 do not; 22 partial not checked"
elections,2018,FY2018,240,1,,TOTAL,,subtotal,parts sum to the printed total,,,,trailing figures,205,169,198,163,735,,,,5,,0,,,check failed,"292 full rows tie, 4 do not; 22 partial not checked"
elections,2018,FY2018,240,1,,ANTHONY M. AMORE,,row,parts sum to the printed total,,,,trailing figures,144,117,143,116,520,,,,5,,0,,,check failed,"292 full rows tie, 4 do not; 22 partial not checked"
elections,2018,FY2018,240,1,,BLANKS,,row,"parts sum to 211, total printed 212",,,,trailing figures,61,52,52,46,212,,,,5,,0,,,check failed,"292 full rows tie, 4 do not; 22 partial not checked"
elections,2018,FY2018,240,1,,Write-ins:,,row,parts sum to the printed total,,,,trailing figures,0,0,3,1,4,,,,5,,0,,,check failed,"292 full rows tie, 4 do not; 22 partial not checked"
elections,2018,FY2018,240,1,,TOTAL,,subtotal,parts sum to the printed total,,,,trailing figures,205,169,198,163,735,,,,5,,0,,,check failed,"292 full rows tie, 4 do not; 22 partial not checked"
elections,2018,FY2018,240,1,,KEIKO M. ORRALL,,row,parts sum to the printed total,,,,trailing figures,136,117,141,112,506,,,,5,,0,,,check failed,"292 full rows tie, 4 do not; 22 partial not checked"
elections,2018,FY2018,240,1,,BLANKS,,row,"parts sum to 225, total printed 224",,,,trailing figures,67,52,56,50,224,,,,5,,0,,,check failed,"292 full rows tie, 4 do not; 22 partial not checked"
elections,2018,FY2018,240,1,,Write-ins:,,row,"parts sum to 4, total printed 5",,,,trailing figures,2,0,1,1,5,,,,5,,0,,,check failed,"292 full rows tie, 4 do not; 22 partial not checked"
elections,2018,FY2018,240,1,,TOTAL,,subtotal,parts sum to the printed total,,,,trailing figures,205,169,198,163,735,,,,5,,0,,,check failed,"292 full rows tie, 4 do not; 22 partial not checked"
elections,2018,FY2018,240,1,,HELEN BRADY,,row,parts sum to the printed total,,,,trailing figures,142,113,139,114,508,,,,5,,0,,,check failed,"292 full rows tie, 4 do not; 22 partial not checked"
elections,2018,FY2018,240,1,,BLANKS,,row,parts sum to the printed total,,,,trailing figures,62,56,58,48,224,,,,5,,0,,,check failed,"292 full rows tie, 4 do not; 22 partial not checked"
elections,2018,FY2018,240,1,,Write-ins:,,row,parts sum to the printed total,,,,trailing figures,1,0,1,1,3,,,,5,,0,,,check failed,"292 full rows tie, 4 do not; 22 partial not checked"
elections,2018,FY2018,240,1,,TOTAL,,subtotal,parts sum to the printed total,,,,trailing figures,205,169,198,163,735,,,,5,,0,,,check failed,"292 full rows tie, 4 do not; 22 partial not checked"
elections,2018,FY2018,241,1,,RICK GREEN,,row,parts sum to the printed total,,,,trailing figures,147,129,149,119,544,,,,5,,0,,,check failed,"292 full rows tie, 4 do not; 22 partial not checked"
elections,2018,FY2018,241,1,,BLANKS,,row,parts sum to the printed total,,,,trailing figures,58,40,49,44,191,,,,5,,0,,,check failed,"292 full rows tie, 4 do not; 22 partial not checked"
elections,2018,FY2018,241,1,,Write-ins:,,row,parts sum to the printed total,,,,trailing figures,0,0,0,0,0,,,,5,,0,,,check failed,"292 full rows tie, 4 do not; 22 partial not checked"
elections,2018,FY2018,241,1,,TOTAL,,subtotal,parts sum to the printed total,,,,trailing figures,205,169,198,163,735,,,,5,,0,,,check failed,"292 full rows tie, 4 do not; 22 partial not checked"
elections,2018,FY2018,241,1,,JENNIE L. CASSIE,,row,parts sum to the printed total,,,,trailing figures,133,111,138,108,490,,,,5,,0,,,check failed,"292 full rows tie, 4 do not; 22 partial not checked"
elections,2018,FY2018,241,1,,BLANKS,,row,parts sum to the printed total,,,,trailing figures,72,58,59,54,243,,,,5,,0,,,check failed,"292 full rows tie, 4 do not; 22 partial not checked"
elections,2018,FY2018,241,1,,Write-ins:,,row,parts sum to the printed total,,,,trailing figures,0,0,1,1,2,,,,5,,0,,,check failed,"292 full rows tie, 4 do not; 22 partial not checked"
elections,2018,FY2018,241,1,,TOTAL,,subtotal,parts sum to the printed total,,,,trailing figures,205,169,198,163,735,,,,5,,0,,,check failed,"292 full rows tie, 4 do not; 22 partial not checked"
elections,2018,FY2018,241,1,,DEAN A. TRAN,,row,parts sum to the printed total,,,,trailing figures,178,154,172,138,642,,,,5,,0,,,check failed,"292 full rows tie, 4 do not; 22 partial not checked"
elections,2018,FY2018,241,1,,BLANKS,,row,parts sum to the printed total,,,,trailing figures,26,15,24,24,89,,,,5,,0,,,check failed,"292 full rows tie, 4 do not; 22 partial not checked"
elections,2018,FY2018,241,1,,Write-ins:,,row,parts sum to the printed total,,,,trailing figures,1,0,2,1,4,,,,5,,0,,,check failed,"292 full rows tie, 4 do not; 22 partial not checked"
elections,2018,FY2018,241,1,,TOTAL,,subtotal,parts sum to the printed total,,,,trailing figures,205,169,198,163,735,,,,5,,0,,,check failed,"292 full rows tie, 4 do not; 22 partial not checked"
elections,2018,FY2018,241,1,,BLANKS 174 ---,,row,not a full row — not checked,,,,trailing figures,167,151,492,,,,,,3,,0,,,check failed,"292 full rows tie, 4 do not; 22 partial not checked"
elections,2018,FY2018,241,1,,Write-ins: 31 ---,,row,not a full row — not checked,,,,trailing figures,31,12,74,,,,,,3,,0,,,check failed,"292 full rows tie, 4 do not; 22 partial not checked"
elections,2018,FY2018,241,1,,TOTAL 205 ---,,subtotal,not a full row — not checked,,,,trailing figures,198,163,566,,,,,,3,,0,,,check failed,"292 full rows tie, 4 do not; 22 partial not checked"
elections,2018,FY2018,241,1,,BLANKS,,row,parts sum to the printed total,,,,trailing figures,181,145,180,153,659,,,,5,,0,,,check failed,"292 full rows tie, 4 do not; 22 partial not checked"
elections,2018,FY2018,241,1,,Write-ins:,,row,parts sum to the printed total,,,,trailing figures,24,24,18,10,76,,,,5,,0,,,check failed,"292 full rows tie, 4 do not; 22 partial not checked"
elections,2018,FY2018,241,1,,TOTAL,,subtotal,parts sum to the printed total,,,,trailing figures,205,169,198,163,735,,,,5,,0,,,check failed,"292 full rows tie, 4 do not; 22 partial not checked"
elections,2018,FY2018,241,1,,JOANNE E. POWELL,,row,parts sum to the printed total,,,,trailing figures,132,113,130,100,475,,,,5,,0,,,check failed,"292 full rows tie, 4 do not; 22 partial not checked"
elections,2018,FY2018,241,1,,BLANKS,,row,parts sum to the printed total,,,,trailing figures,73,56,67,63,259,,,,5,,0,,,check failed,"292 full rows tie, 4 do not; 22 partial not checked"
elections,2018,FY2018,241,1,,Write-ins:,,row,parts sum to the printed total,,,,trailing figures,0,0,1,0,1,,,,5,,0,,,check failed,"292 full rows tie, 4 do not; 22 partial not checked"
elections,2018,FY2018,241,1,,TOTAL,,subtotal,parts sum to the printed total,,,,trailing figures,205,169,198,163,735,,,,5,,0,,,check failed,"292 full rows tie, 4 do not; 22 partial not checked"
elections,2018,FY2018,242,1,,BLANKS,,row,parts sum to the printed total,,,,trailing figures,182,154,180,159,675,,,,5,,0,,,check failed,"292 full rows tie, 4 do not; 22 partial not checked"
elections,2018,FY2018,242,1,,Write-ins:,,row,parts sum to the printed total,,,,trailing figures,23,15,18,4,60,,,,5,,0,,,check failed,"292 full rows tie, 4 do not; 22 partial not checked"
elections,2018,FY2018,242,1,,TOTAL,,subtotal,parts sum to the printed total,,,,trailing figures,205,169,198,163,735,,,,5,,0,,,check failed,"292 full rows tie, 4 do not; 22 partial not checked"
elections,2018,FY2018,242,1,,SENATOR IN CONGRESS           BLANKS,,row,parts sum to the printed total,,,,trailing figures,0,3,1,0,4,,,,5,,0,,,check failed,"292 full rows tie, 4 do not; 22 partial not checked"
elections,2018,FY2018,242,1,,Write-ins:,,row,parts sum to the printed total,,,,trailing figures,0,0,0,0,0,,,,5,,0,,,check failed,"292 full rows tie, 4 do not; 22 partial not checked"
elections,2018,FY2018,242,1,,TOTAL,,subtotal,parts sum to the printed total,,,,trailing figures,0,3,1,0,4,,,,5,,0,,,check failed,"292 full rows tie, 4 do not; 22 partial not checked"
elections,2018,FY2018,242,1,,BLANKS,,row,parts sum to the printed total,,,,trailing figures,0,3,1,0,4,,,,5,,0,,,check failed,"292 full rows tie, 4 do not; 22 partial not checked"
elections,2018,FY2018,242,1,,Write-ins:,,row,parts sum to the printed total,,,,trailing figures,0,0,0,0,0,,,,5,,0,,,check failed,"292 full rows tie, 4 do not; 22 partial not checked"
elections,2018,FY2018,242,1,,TOTAL,,subtotal,parts sum to the printed total,,,,trailing figures,0,3,1,0,4,,,,5,,0,,,check failed,"292 full rows tie, 4 do not; 22 partial not checked"
elections,2018,FY2018,242,1,,BLANKS,,row,parts sum to the printed total,,,,trailing figures,0,3,1,0,4,,,,5,,0,,,check failed,"292 full rows tie, 4 do not; 22 partial not checked"
elections,2018,FY2018,242,1,,Write-ins:,,row,parts sum to the printed total,,,,trailing figures,0,0,0,0,0,,,,5,,0,,,check failed,"292 full rows tie, 4 do not; 22 partial not checked"
elections,2018,FY2018,242,1,,TOTAL,,subtotal,parts sum to the printed total,,,,trailing figures,0,3,1,0,4,,,,5,,0,,,check failed,"292 full rows tie, 4 do not; 22 partial not checked"
elections,2018,FY2018,242,1,,BLANKS,,row,parts sum to the printed total,,,,trailing figures,0,3,1,0,4,,,,5,,0,,,check failed,"292 full rows tie, 4 do not; 22 partial not checked"
elections,2018,FY2018,242,1,,Write-ins:,,row,parts sum to the printed total,,,,trailing figures,0,0,0,0,0,,,,5,,0,,,check failed,"292 full rows tie, 4 do not; 22 partial not checked"
elections,2018,FY2018,242,1,,TOTAL,,subtotal,parts sum to the printed total,,,,trailing figures,0,3,1,0,4,,,,5,,0,,,check failed,"292 full rows tie, 4 do not; 22 partial not checked"
elections,2018,FY2018,242,1,,BLANKS,,row,parts sum to the printed total,,,,trailing figures,0,3,1,0,4,,,,5,,0,,,check failed,"292 full rows tie, 4 do not; 22 partial not checked"
elections,2018,FY2018,242,1,,Write-ins:,,row,parts sum to the printed total,,,,trailing figures,0,0,0,0,0,,,,5,,0,,,check failed,"292 full rows tie, 4 do not; 22 partial not checked"
elections,2018,FY2018,242,1,,TOTAL,,subtotal,parts sum to the printed total,,,,trailing figures,0,3,1,0,4,,,,5,,0,,,check failed,"292 full rows tie, 4 do not; 22 partial not checked"
elections,2018,FY2018,242,1,,BLANKS,,row,parts sum to the printed total,,,,trailing figures,0,3,1,0,4,,,,5,,0,,,check failed,"292 full rows tie, 4 do not; 22 partial not checked"
elections,2018,FY2018,242,1,,Write-ins:,,subtotal,parts sum to the printed total,,,,trailing figures,0,0,0,0,0,,,,5,,0,,,check failed,"292 full rows tie, 4 do not; 22 partial not checked"
elections,2018,FY2018,242,1,,TOTAL,,subtotal,parts sum to the printed total,,,,trailing figures,0,3,1,0,4,,,,5,,0,,,check failed,"292 full rows tie, 4 do not; 22 partial not checked"
elections,2018,FY2018,242,1,,DANIEL FISHMAN,,subtotal,parts sum to the printed total,,,,trailing figures,0,2,1,0,3,,,,5,,0,,,check failed,"292 full rows tie, 4 do not; 22 partial not checked"
elections,2018,FY2018,242,1,,BLANKS,,subtotal,parts sum to the printed total,,,,trailing figures,0,1,0,0,1,,,,5,,0,,,check failed,"292 full rows tie, 4 do not; 22 partial not checked"
elections,2018,FY2018,242,1,,Write-ins:,,subtotal,parts sum to the printed total,,,,trailing figures,0,0,0,0,0,,,,5,,0,,,check failed,"292 full rows tie, 4 do not; 22 partial not checked"
elections,2018,FY2018,242,1,,TOTAL,,subtotal,parts sum to the printed total,,,,trailing figures,0,3,1,0,4,,,,5,,0,,,check failed,"292 full rows tie, 4 do not; 22 partial not checked"
elections,2018,FY2018,243,1,,BLANKS,,subtotal,parts sum to the printed total,,,,trailing figures,0,3,1,0,4,,,,5,,0,,,check failed,"292 full rows tie, 4 do not; 22 partial not checked"
elections,2018,FY2018,243,1,,Write-ins:,,subtotal,parts sum to the printed total,,,,trailing figures,0,0,0,0,0,,,,5,,0,,,check failed,"292 full rows tie, 4 do not; 22 partial not checked"
elections,2018,FY2018,243,1,,TOTAL,,subtotal,parts sum to the printed total,,,,trailing figures,0,3,1,0,4,,,,5,,0,,,check failed,"292 full rows tie, 4 do not; 22 partial not checked"
elections,2018,FY2018,243,1,,BLANKS,,subtotal,parts sum to the printed total,,,,trailing figures,0,3,1,0,4,,,,5,,0,,,check failed,"292 full rows tie, 4 do not; 22 partial not checked"
elections,2018,FY2018,243,1,,Write-ins:,,subtotal,parts sum to the printed total,,,,trailing figures,0,0,0,0,0,,,,5,,0,,,check failed,"292 full rows tie, 4 do not; 22 partial not checked"
elections,2018,FY2018,243,1,,TOTAL,,subtotal,parts sum to the printed total,,,,trailing figures,0,3,1,0,4,,,,5,,0,,,check failed,"292 full rows tie, 4 do not; 22 partial not checked"
elections,2018,FY2018,243,1,,BLANKS,,subtotal,parts sum to the printed total,,,,trailing figures,0,3,1,0,4,,,,5,,0,,,check failed,"292 full rows tie, 4 do not; 22 partial not checked"
elections,2018,FY2018,243,1,,Write-ins:,,subtotal,parts sum to the printed total,,,,trailing figures,0,0,0,0,0,,,,5,,0,,,check failed,"292 full rows tie, 4 do not; 22 partial not checked"
elections,2018,FY2018,243,1,,TOTAL,,subtotal,parts sum to the printed total,,,,trailing figures,0,3,1,0,4,,,,5,,0,,,check failed,"292 full rows tie, 4 do not; 22 partial not checked"
elections,2018,FY2018,243,1,,37TH MIDDLESEX DISTRICT           BLANKS 0 ---,,row,not a full row — not checked,,,,trailing figures,1,0,1,,,,,,3,,0,,,check failed,"292 full rows tie, 4 do not; 22 partial not checked"
elections,2018,FY2018,243,1,,Write-ins: 0 ---,,row,not a full row — not checked,,,,trailing figures,0,0,0,,,,,,3,,0,,,check failed,"292 full rows tie, 4 do not; 22 partial not checked"
elections,2018,FY2018,243,1,,TOTAL 0 ---,,subtotal,not a full row — not checked,,,,trailing figures,1,0,1,,,,,,3,,0,,,check failed,"292 full rows tie, 4 do not; 22 partial not checked"
elections,2018,FY2018,243,1,,BLANKS,,row,parts sum to the printed total,,,,trailing figures,0,3,1,0,4,,,,5,,0,,,check failed,"292 full rows tie, 4 do not; 22 partial not checked"
elections,2018,FY2018,243,1,,Write-ins:,,row,parts sum to the printed total,,,,trailing figures,0,0,0,0,0,,,,5,,0,,,check failed,"292 full rows tie, 4 do not; 22 partial not checked"
elections,2018,FY2018,243,1,,TOTAL,,subtotal,parts sum to the printed total,,,,trailing figures,0,3,1,0,4,,,,5,,0,,,check failed,"292 full rows tie, 4 do not; 22 partial not checked"
elections,2018,FY2018,243,1,,BLANKS,,row,parts sum to the printed total,,,,trailing figures,0,3,0,0,3,,,,5,,0,,,check failed,"292 full rows tie, 4 do not; 22 partial not checked"
elections,2018,FY2018,243,1,,Write-ins:,,row,parts sum to the printed total,,,,trailing figures,0,0,1,0,1,,,,5,,0,,,check failed,"292 full rows tie, 4 do not; 22 partial not checked"
elections,2018,FY2018,243,1,,TOTAL,,subtotal,parts sum to the printed total,,,,trailing figures,0,3,1,0,4,,,,5,,0,,,check failed,"292 full rows tie, 4 do not; 22 partial not checked"
elections,2018,FY2018,243,1,,BLANKS,,row,parts sum to the printed total,,,,trailing figures,0,3,1,0,4,,,,5,,0,,,check failed,"292 full rows tie, 4 do not; 22 partial not checked"
elections,2018,FY2018,243,1,,Write-ins:,,row,parts sum to the printed total,,,,trailing figures,0,0,0,0,0,,,,5,,0,,,check failed,"292 full rows tie, 4 do not; 22 partial not checked"
elections,2018,FY2018,243,1,,TOTAL,,subtotal,parts sum to the printed total,,,,trailing figures,0,3,1,0,4,,,,5,,0,,,check failed,"292 full rows tie, 4 do not; 22 partial not checked"
elections,2018,FY2018,244,1,,Elizabeth A. Warren,,row,parts sum to the printed total,,,,trailing figures,684,615,614,614,2527,,,,5,,0,,,check failed,"292 full rows tie, 4 do not; 22 partial not checked"
elections,2018,FY2018,244,1,,Geoff Diehl,,row,parts sum to the printed total,,,,trailing figures,651,541,722,603,2517,,,,5,,0,,,check failed,"292 full rows tie, 4 do not; 22 partial not checked"
elections,2018,FY2018,244,1,,Shiva Ayyadurai,,row,parts sum to the printed total,,,,trailing figures,58,39,56,40,193,,,,5,,0,,,check failed,"292 full rows tie, 4 do not; 22 partial not checked"
elections,2018,FY2018,244,1,,Write in,,row,parts sum to the printed total,,,,trailing figures,2,5,5,0,12,,,,5,,0,,,check failed,"292 full rows tie, 4 do not; 22 partial not checked"
elections,2018,FY2018,244,1,,Blank,,row,parts sum to the printed total,,,,trailing figures,24,20,18,23,85,,,,5,,0,,,check failed,"292 full rows tie, 4 do not; 22 partial not checked"
elections,2018,FY2018,244,1,,Totals,,subtotal,parts sum to the printed total,,,,trailing figures,1419,1220,1415,1280,5334,,,,5,,0,,,check failed,"292 full rows tie, 4 do not; 22 partial not checked"
elections,2018,FY2018,244,1,,Baker and Polito,,row,parts sum to the printed total,,,,trailing figures,1058,877,1100,949,3984,,,,5,,0,,,check failed,"292 full rows tie, 4 do not; 22 partial not checked"
elections,2018,FY2018,244,1,,Gonzalez and Palfrey,,row,parts sum to the printed total,,,,trailing figures,307,315,270,287,1179,,,,5,,0,,,check failed,"292 full rows tie, 4 do not; 22 partial not checked"
elections,2018,FY2018,244,1,,Write In,,row,parts sum to the printed total,,,,trailing figures,12,9,11,6,38,,,,5,,0,,,check failed,"292 full rows tie, 4 do not; 22 partial not checked"
elections,2018,FY2018,244,1,,Blanks,,row,parts sum to the printed total,,,,trailing figures,42,19,34,38,133,,,,5,,0,,,check failed,"292 full rows tie, 4 do not; 22 partial not checked"
elections,2018,FY2018,244,1,,Totals,,subtotal,parts sum to the printed total,,,,trailing figures,1419,1220,1415,1280,5334,,,,5,,0,,,check failed,"292 full rows tie, 4 do not; 22 partial not checked"
elections,2018,FY2018,244,1,,Maura Healey,,row,parts sum to the printed total,,,,trailing figures,821,743,771,747,3082,,,,5,,0,,,check failed,"292 full rows tie, 4 do not; 22 partial not checked"
elections,2018,FY2018,244,1,,"James R. McMahon, III",,row,parts sum to the printed total,,,,trailing figures,566,457,617,512,2152,,,,5,,0,,,check failed,"292 full rows tie, 4 do not; 22 partial not checked"
elections,2018,FY2018,244,1,,Write In,,row,parts sum to the printed total,,,,trailing figures,1,1,1,0,3,,,,5,,0,,,check failed,"292 full rows tie, 4 do not; 22 partial not checked"
elections,2018,FY2018,244,1,,Blanks,,row,parts sum to the printed total,,,,trailing figures,31,19,26,21,97,,,,5,,0,,,check failed,"292 full rows tie, 4 do not; 22 partial not checked"
elections,2018,FY2018,244,1,,Totals,,subtotal,parts sum to the printed total,,,,trailing figures,1419,1220,1415,1280,5334,,,,5,,0,,,check failed,"292 full rows tie, 4 do not; 22 partial not checked"
elections,2018,FY2018,244,1,,William Francis Galvin,,row,parts sum to the printed total,,,,trailing figures,857,768,810,775,3210,,,,5,,0,,,check failed,"292 full rows tie, 4 do not; 22 partial not checked"
elections,2018,FY2018,244,1,,Anthony M. Amore,,row,parts sum to the printed total,,,,trailing figures,468,389,513,428,1798,,,,5,,0,,,check failed,"292 full rows tie, 4 do not; 22 partial not checked"
elections,2018,FY2018,244,1,,"Juan G. Sanchez, Jr",,row,parts sum to the printed total,,,,trailing figures,55,33,40,36,164,,,,5,,0,,,check failed,"292 full rows tie, 4 do not; 22 partial not checked"
elections,2018,FY2018,244,1,,Write In,,row,parts sum to the printed total,,,,trailing figures,0,1,2,1,4,,,,5,,0,,,check failed,"292 full rows tie, 4 do not; 22 partial not checked"
elections,2018,FY2018,244,1,,Blanks,,row,parts sum to the printed total,,,,trailing figures,39,29,50,40,158,,,,5,,0,,,check failed,"292 full rows tie, 4 do not; 22 partial not checked"
elections,2018,FY2018,244,1,,Totals,,subtotal,parts sum to the printed total,,,,trailing figures,1419,1220,1415,1280,5334,,,,5,,0,,,check failed,"292 full rows tie, 4 do not; 22 partial not checked"
elections,2018,FY2018,244,1,,STATE ELECTION - November,,row,not a full row — not checked,,,,trailing figures,6,2018,,,,,,,2,,0,,,check failed,"292 full rows tie, 4 do not; 22 partial not checked"
elections,2018,FY2018,245,1,,Deborah B. Goldberg,,row,parts sum to the printed total,,,,trailing figures,785,705,723,706,2919,,,,5,,0,,,check failed,"292 full rows tie, 4 do not; 22 partial not checked"
elections,2018,FY2018,245,1,,Keiko M. Orrall,,row,parts sum to the printed total,,,,trailing figures,524,421,578,468,1991,,,,5,,0,,,check failed,"292 full rows tie, 4 do not; 22 partial not checked"
elections,2018,FY2018,245,1,,Jamie M. Guerin,,row,parts sum to the printed total,,,,trailing figures,43,49,46,44,182,,,,5,,0,,,check failed,"292 full rows tie, 4 do not; 22 partial not checked"
elections,2018,FY2018,245,1,,Write In,,row,parts sum to the printed total,,,,trailing figures,0,1,2,0,3,,,,5,,0,,,check failed,"292 full rows tie, 4 do not; 22 partial not checked"
elections,2018,FY2018,245,1,,Blank,,row,parts sum to the printed total,,,,trailing figures,67,44,66,62,239,,,,5,,0,,,check failed,"292 full rows tie, 4 do not; 22 partial not checked"
elections,2018,FY2018,245,1,,Totals,,subtotal,parts sum to the printed total,,,,trailing figures,1419,1220,1415,1280,5334,,,,5,,0,,,check failed,"292 full rows tie, 4 do not; 22 partial not checked"
elections,2018,FY2018,245,1,,Suzanne M. Bump,,row,parts sum to the printed total,,,,trailing figures,671,610,624,614,2519,,,,5,,0,,,check failed,"292 full rows tie, 4 do not; 22 partial not checked"
elections,2018,FY2018,245,1,,Helen Brady,,row,parts sum to the printed total,,,,trailing figures,570,478,620,499,2167,,,,5,,0,,,check failed,"292 full rows tie, 4 do not; 22 partial not checked"
elections,2018,FY2018,245,1,,Daniel Fishman,,row,parts sum to the printed total,,,,trailing figures,70,49,67,63,249,,,,5,,0,,,check failed,"292 full rows tie, 4 do not; 22 partial not checked"
elections,2018,FY2018,245,1,,Edward Stamas,,row,parts sum to the printed total,,,,trailing figures,35,26,25,34,120,,,,5,,0,,,check failed,"292 full rows tie, 4 do not; 22 partial not checked"
elections,2018,FY2018,245,1,,Write In,,row,parts sum to the printed total,,,,trailing figures,0,1,1,1,3,,,,5,,0,,,check failed,"292 full rows tie, 4 do not; 22 partial not checked"
elections,2018,FY2018,245,1,,Blank,,row,parts sum to the printed total,,,,trailing figures,73,56,78,69,276,,,,5,,0,,,check failed,"292 full rows tie, 4 do not; 22 partial not checked"
elections,2018,FY2018,245,1,,Totals,,subtotal,parts sum to the printed total,,,,trailing figures,1419,1220,1415,1280,5334,,,,5,,0,,,check failed,"292 full rows tie, 4 do not; 22 partial not checked"
elections,2018,FY2018,245,1,,Rick Green,,row,parts sum to the printed total,,,,trailing figures,580,482,641,535,2238,,,,5,,0,,,check failed,"292 full rows tie, 4 do not; 22 partial not checked"
elections,2018,FY2018,245,1,,Lori Loureiro Trahan,,row,parts sum to the printed total,,,,trailing figures,739,656,660,652,2707,,,,5,,0,,,check failed,"292 full rows tie, 4 do not; 22 partial not checked"
elections,2018,FY2018,245,1,,Michael P. Mullen,,row,parts sum to the printed total,,,,trailing figures,65,58,63,60,246,,,,5,,0,,,check failed,"292 full rows tie, 4 do not; 22 partial not checked"
elections,2018,FY2018,245,1,,Write In,,row,parts sum to the printed total,,,,trailing figures,0,0,1,0,1,,,,5,,0,,,check failed,"292 full rows tie, 4 do not; 22 partial not checked"
elections,2018,FY2018,245,1,,Blank,,row,parts sum to the printed total,,,,trailing figures,35,24,50,33,142,,,,5,,0,,,check failed,"292 full rows tie, 4 do not; 22 partial not checked"
elections,2018,FY2018,245,1,,Totals,,subtotal,parts sum to the printed total,,,,trailing figures,1419,1220,1415,1280,5334,,,,5,,0,,,check failed,"292 full rows tie, 4 do not; 22 partial not checked"
elections,2018,FY2018,246,1,,"Joseph D. Early, Jr.",,row,parts sum to the printed total,,,,trailing figures,887,804,832,768,3291,,,,5,,0,,,check failed,"292 full rows tie, 4 do not; 22 partial not checked"
elections,2018,FY2018,246,1,,Blake J. Rubin,,row,parts sum to the printed total,,,,trailing figures,394,342,425,372,1533,,,,5,,0,,,check failed,"292 full rows tie, 4 do not; 22 partial not checked"
elections,2018,FY2018,246,1,,Write In,,row,parts sum to the printed total,,,,trailing figures,3,3,9,4,19,,,,5,,0,,,check failed,"292 full rows tie, 4 do not; 22 partial not checked"
elections,2018,FY2018,246,1,,Blank,,row,parts sum to the printed total,,,,trailing figures,135,71,149,136,491,,,,5,,0,,,check failed,"292 full rows tie, 4 do not; 22 partial not checked"
elections,2018,FY2018,246,1,,Totals,,subtotal,parts sum to the printed total,,,,trailing figures,1419,1220,1415,1280,5334,,,,5,,0,,,check failed,"292 full rows tie, 4 do not; 22 partial not checked"
elections,2018,FY2018,246,1,,Dennis P. McManus,,row,parts sum to the printed total,,,,trailing figures,772,698,728,718,2916,,,,5,,0,,,check failed,"292 full rows tie, 4 do not; 22 partial not checked"
elections,2018,FY2018,246,1,,Joanne E. Powell,,row,parts sum to the printed total,,,,trailing figures,558,457,602,486,2103,,,,5,,0,,,check failed,"292 full rows tie, 4 do not; 22 partial not checked"
elections,2018,FY2018,246,1,,Write In,,row,parts sum to the printed total,,,,trailing figures,0,3,2,2,7,,,,5,,0,,,check failed,"292 full rows tie, 4 do not; 22 partial not checked"
elections,2018,FY2018,246,1,,Blank,,row,parts sum to the printed total,,,,trailing figures,89,62,83,74,308,,,,5,,0,,,check failed,"292 full rows tie, 4 do not; 22 partial not checked"
elections,2018,FY2018,246,1,,Totals,,subtotal,parts sum to the printed total,,,,trailing figures,1419,1220,1415,1280,5334,,,,5,,0,,,check failed,"292 full rows tie, 4 do not; 22 partial not checked"
elections,2018,FY2018,246,1,,KATHLEEN R. DAIGNEAULT,,row,parts sum to the printed total,,,,trailing figures,977,872,941,887,3677,,,,5,,0,,,check failed,"292 full rows tie, 4 do not; 22 partial not checked"
elections,2018,FY2018,246,1,,Write In,,row,parts sum to the printed total,,,,trailing figures,82,79,78,63,302,,,,5,,0,,,check failed,"292 full rows tie, 4 do not; 22 partial not checked"
elections,2018,FY2018,246,1,,Blank,,row,parts sum to the printed total,,,,trailing figures,360,269,396,330,1355,,,,5,,0,,,check failed,"292 full rows tie, 4 do not; 22 partial not checked"
elections,2018,FY2018,246,1,,Totals,,subtotal,parts sum to the printed total,,,,trailing figures,1419,1220,1415,1280,5334,,,,5,,0,,,check failed,"292 full rows tie, 4 do not; 22 partial not checked"
elections,2018,FY2018,246,1,,Question #1      -                YES,,row,parts sum to the printed total,,,,trailing figures,410,367,335,358,1470,,,,5,,0,,,check failed,"292 full rows tie, 4 do not; 22 partial not checked"
elections,2018,FY2018,246,1,,Patient Safety                  NO,,row,parts sum to the printed total,,,,trailing figures,950,806,1038,886,3680,,,,5,,0,,,check failed,"292 full rows tie, 4 do not; 22 partial not checked"
elections,2018,FY2018,246,1,,Blank,,row,parts sum to the printed total,,,,trailing figures,59,47,42,36,184,,,,5,,0,,,check failed,"292 full rows tie, 4 do not; 22 partial not checked"
elections,2018,FY2018,246,1,,Total,,subtotal,parts sum to the printed total,,,,trailing figures,1419,1220,1415,1280,5334,,,,5,,0,,,check failed,"292 full rows tie, 4 do not; 22 partial not checked"
elections,2018,FY2018,246,1,,Question #2      -               YES,,row,parts sum to the printed total,,,,trailing figures,908,821,936,857,3522,,,,5,,0,,,check failed,"292 full rows tie, 4 do not; 22 partial not checked"
elections,2018,FY2018,246,1,,Citizen Commission       NO,,row,parts sum to the printed total,,,,trailing figures,462,358,436,375,1631,,,,5,,0,,,check failed,"292 full rows tie, 4 do not; 22 partial not checked"
elections,2018,FY2018,246,1,,Blank,,row,parts sum to the printed total,,,,trailing figures,49,41,43,48,181,,,,5,,0,,,check failed,"292 full rows tie, 4 do not; 22 partial not checked"
elections,2018,FY2018,246,1,,Total,,subtotal,parts sum to the printed total,,,,trailing figures,1419,1220,1415,1280,5334,,,,5,,0,,,check failed,"292 full rows tie, 4 do not; 22 partial not checked"
elections,2018,FY2018,246,1,,Question #3   -                    YES,,row,parts sum to the printed total,,,,trailing figures,864,753,818,788,3223,,,,5,,0,,,check failed,"292 full rows tie, 4 do not; 22 partial not checked"
elections,2018,FY2018,246,1,,Anti-Discrimination        NO,,row,parts sum to the printed total,,,,trailing figures,512,427,566,453,1958,,,,5,,0,,,check failed,"292 full rows tie, 4 do not; 22 partial not checked"
elections,2018,FY2018,246,1,,Blank,,row,parts sum to the printed total,,,,trailing figures,43,40,31,39,153,,,,5,,0,,,check failed,"292 full rows tie, 4 do not; 22 partial not checked"
elections,2018,FY2018,246,1,,Total,,subtotal,parts sum to the printed total,,,,trailing figures,1419,1220,1415,1280,5334,,,,5,,0,,,check failed,"292 full rows tie, 4 do not; 22 partial not checked"
elections,2018,FY2018,247,1,,Jennie L. Cassie,,row,parts sum to the printed total,,,,trailing figures,698,571,744,646,2659,,,,5,,0,,,check failed,"292 full rows tie, 4 do not; 22 partial not checked"
elections,2018,FY2018,247,1,,Paul M. DePalo,,row,parts sum to the printed total,,,,trailing figures,637,580,588,559,2364,,,,5,,0,,,check failed,"292 full rows tie, 4 do not; 22 partial not checked"
elections,2018,FY2018,247,1,,Write In,,row,parts sum to the printed total,,,,trailing figures,0,2,1,1,4,,,,5,,0,,,check failed,"292 full rows tie, 4 do not; 22 partial not checked"
elections,2018,FY2018,247,1,,Blank,,row,parts sum to the printed total,,,,trailing figures,84,67,82,74,307,,,,5,,0,,,check failed,"292 full rows tie, 4 do not; 22 partial not checked"
elections,2018,FY2018,247,1,,Totals,,subtotal,parts sum to the printed total,,,,trailing figures,1419,1220,1415,1280,5334,,,,5,,0,,,check failed,"292 full rows tie, 4 do not; 22 partial not checked"
elections,2018,FY2018,247,1,,Dean A. Tran,,row,parts sum to the printed total,,,,trailing figures,798,650,833,719,3000,,,,5,,0,,,check failed,"292 full rows tie, 4 do not; 22 partial not checked"
elections,2018,FY2018,247,1,,Susan A. Chalifoux-Zephir,,row,parts sum to the printed total,,,,trailing figures,581,543,540,533,2197,,,,5,,0,,,check failed,"292 full rows tie, 4 do not; 22 partial not checked"
elections,2018,FY2018,247,1,,Write In,,row,parts sum to the printed total,,,,trailing figures,0,2,1,1,4,,,,5,,0,,,check failed,"292 full rows tie, 4 do not; 22 partial not checked"
elections,2018,FY2018,247,1,,Blank,,row,parts sum to the printed total,,,,trailing figures,40,25,41,27,133,,,,5,,0,,,check failed,"292 full rows tie, 4 do not; 22 partial not checked"
elections,2018,FY2018,247,1,,Totals,,subtotal,parts sum to the printed total,,,,trailing figures,1419,1220,1415,1280,5334,,,,5,,0,,,check failed,"292 full rows tie, 4 do not; 22 partial not checked"
elections,2018,FY2018,247,1,,Jennifer E. Benson,,row,not a full row — not checked,,,,trailing figures,1059,1001,951,3011,,,,,4,,0,,,check failed,"292 full rows tie, 4 do not; 22 partial not checked"
elections,2018,FY2018,247,1,,Write In,,row,not a full row — not checked,,,,trailing figures,26,49,28,103,,,,,4,,0,,,check failed,"292 full rows tie, 4 do not; 22 partial not checked"
elections,2018,FY2018,247,1,,Blank,,row,not a full row — not checked,,,,trailing figures,334,365,301,1000,,,,,4,,0,,,check failed,"292 full rows tie, 4 do not; 22 partial not checked"
elections,2018,FY2018,247,1,,Totals,,subtotal,not a full row — not checked,,,,trailing figures,1419,1415,1280,4114,,,,,4,,0,,,check failed,"292 full rows tie, 4 do not; 22 partial not checked"
elections,2018,FY2018,247,1,,Stephan Hay,,subtotal,not a full row — not checked,,,,trailing figures,0,758,0,758,,,,,4,,0,,,check failed,"292 full rows tie, 4 do not; 22 partial not checked"
elections,2018,FY2018,247,1,,Elmer Eubanks-Archbold,,subtotal,not a full row — not checked,,,,trailing figures,0,416,0,416,,,,,4,,0,,,check failed,"292 full rows tie, 4 do not; 22 partial not checked"
elections,2018,FY2018,247,1,,Write In,,subtotal,not a full row — not checked,,,,trailing figures,0,0,0,0,,,,,4,,0,,,check failed,"292 full rows tie, 4 do not; 22 partial not checked"
elections,2018,FY2018,247,1,,Blank,,subtotal,not a full row — not checked,,,,trailing figures,0,46,0,46,,,,,4,,0,,,check failed,"292 full rows tie, 4 do not; 22 partial not checked"
elections,2018,FY2018,247,1,,Totals,,subtotal,not a full row — not checked,,,,trailing figures,1220,1220,,,,,,,2,,0,,,check failed,"292 full rows tie, 4 do not; 22 partial not checked"
elections,2019,FY2019,193,1,,TOTAL REGISTERED VOTERS,,subtotal,parts sum to the printed total,,,,trailing figures,1943,1850,2203,1840,7836,,,,5,,0,,,checked,48 full rows: parts sum to their printed total; 15 partial not checked
elections,2019,FY2019,193,1,,BALLOTS CAST (PER BALLOT BOX),,row,parts sum to the printed total,,,,trailing figures,131,65,95,132,423,,,,5,,0,,,checked,48 full rows: parts sum to their printed total; 15 partial not checked
elections,2019,FY2019,193,1,,MICHAEL RAY JEFFREYS,,row,parts sum to the printed total,,,,trailing figures,98,48,79,104,329,,,,5,,0,,,checked,48 full rows: parts sum to their printed total; 15 partial not checked
elections,2019,FY2019,193,1,,THOMAS A. ALONZO,,row,parts sum to the printed total,,,,trailing figures,100,56,88,116,360,,,,5,,0,,,checked,48 full rows: parts sum to their printed total; 15 partial not checked
elections,2019,FY2019,193,1,,ALL OTHERS,,row,parts sum to the printed total,,,,trailing figures,10,3,4,7,24,,,,5,,0,,,checked,48 full rows: parts sum to their printed total; 15 partial not checked
elections,2019,FY2019,193,1,,BLANKS,,row,parts sum to the printed total,,,,trailing figures,54,23,19,37,133,,,,5,,0,,,checked,48 full rows: parts sum to their printed total; 15 partial not checked
elections,2019,FY2019,193,1,,TOTAL,,subtotal,parts sum to the printed total,,,,trailing figures,262,130,190,264,846,,,,5,,0,,,checked,48 full rows: parts sum to their printed total; 15 partial not checked
elections,2019,FY2019,193,1,,JOHN D. REYNOLDS,,row,parts sum to the printed total,,,,trailing figures,103,54,78,105,340,,,,5,,0,,,checked,48 full rows: parts sum to their printed total; 15 partial not checked
elections,2019,FY2019,193,1,,CARL A. LUCK,,row,parts sum to the printed total,,,,trailing figures,85,42,73,89,289,,,,5,,0,,,checked,48 full rows: parts sum to their printed total; 15 partial not checked
elections,2019,FY2019,193,1,,ALL OTHERS,,row,not a full row — not checked,,,,trailing figures,1,1,2,4,,,,,4,,0,,,checked,48 full rows: parts sum to their printed total; 15 partial not checked
elections,2019,FY2019,193,1,,BLANKS,,row,parts sum to the printed total,,,,trailing figures,73,34,38,68,213,,,,5,,0,,,checked,48 full rows: parts sum to their printed total; 15 partial not checked
elections,2019,FY2019,193,1,,TOTAL,,subtotal,parts sum to the printed total,,,,trailing figures,262,130,190,264,846,,,,5,,0,,,checked,48 full rows: parts sum to their printed total; 15 partial not checked
elections,2019,FY2019,193,1,,"GEORGE L. EMOND, JR",,row,parts sum to the printed total,,,,trailing figures,96,52,80,103,331,,,,5,,0,,,checked,48 full rows: parts sum to their printed total; 15 partial not checked
elections,2019,FY2019,193,1,,ALL OTHERS,,row,not a full row — not checked,,,,trailing figures,0,0,0,,,,,,3,,0,,,checked,48 full rows: parts sum to their printed total; 15 partial not checked
elections,2019,FY2019,193,1,,BLANKS,,row,not a full row — not checked,,,,trailing figures,35,29,92,,,,,,3,,0,,,checked,48 full rows: parts sum to their printed total; 15 partial not checked
elections,2019,FY2019,193,1,,TOTAL,,subtotal,parts sum to the printed total,,,,trailing figures,131,65,95,132,423,,,,5,,0,,,checked,48 full rows: parts sum to their printed total; 15 partial not checked
elections,2019,FY2019,193,1,,RENA E. SWEZEY,,row,one cell short — the missing value is derivable from the printed total,one cell missing; from this row's own printed total it must be 92,,,trailing figures,51,79,99,321,,,,,4,,0,,,checked,48 full rows: parts sum to their printed total; 15 partial not checked
elections,2019,FY2019,193,1,,BLANKS,,row,parts sum to the printed total,,,,trailing figures,39,14,16,33,102,,,,5,,0,,,checked,48 full rows: parts sum to their printed total; 15 partial not checked
elections,2019,FY2019,193,1,,TOTAL,,subtotal,parts sum to the printed total,,,,trailing figures,131,65,95,132,423,,,,5,,0,,,checked,48 full rows: parts sum to their printed total; 15 partial not checked
elections,2019,FY2019,194,1,,BLANKS,,row,parts sum to the printed total,,,,trailing figures,20,13,15,28,76,,,,5,,0,,,checked,48 full rows: parts sum to their printed total; 15 partial not checked
elections,2019,FY2019,194,1,,TOTAL,,subtotal,parts sum to the printed total,,,,trailing figures,131,65,95,132,423,,,,5,,0,,,checked,48 full rows: parts sum to their printed total; 15 partial not checked
elections,2019,FY2019,194,1,,JOHN E. BAKER,,row,parts sum to the printed total,,,,trailing figures,103,52,79,106,340,,,,5,,0,,,checked,48 full rows: parts sum to their printed total; 15 partial not checked
elections,2019,FY2019,194,1,,BLANKS,,row,parts sum to the printed total,,,,trailing figures,28,13,16,26,83,,,,5,,0,,,checked,48 full rows: parts sum to their printed total; 15 partial not checked
elections,2019,FY2019,194,1,,TOTAL,,subtotal,parts sum to the printed total,,,,trailing figures,131,65,95,132,423,,,,5,,0,,,checked,48 full rows: parts sum to their printed total; 15 partial not checked
elections,2019,FY2019,194,1,,CAROL A. ARCHAMBAULT,,row,one cell short — the missing value is derivable from the printed total,one cell missing; from this row's own printed total it must be 82,,,trailing figures,96,39,108,325,,,,,4,,0,,,checked,48 full rows: parts sum to their printed total; 15 partial not checked
elections,2019,FY2019,194,1,,CYNTHIA A. DAUKANTAS,,row,parts sum to the printed total,,,,trailing figures,68,33,42,63,206,,,,5,,0,,,checked,48 full rows: parts sum to their printed total; 15 partial not checked
elections,2019,FY2019,194,1,,BRIAN J. LEHTINEN,,row,parts sum to the printed total,,,,trailing figures,66,40,48,69,223,,,,5,,0,,,checked,48 full rows: parts sum to their printed total; 15 partial not checked
elections,2019,FY2019,194,1,,ALL OTHERS,,row,parts sum to the printed total,,,,trailing figures,0,0,1,1,2,,,,5,,0,,,checked,48 full rows: parts sum to their printed total; 15 partial not checked
elections,2019,FY2019,194,1,,BLANKS,,row,parts sum to the printed total,,,,trailing figures,32,18,17,23,90,,,,5,,0,,,checked,48 full rows: parts sum to their printed total; 15 partial not checked
elections,2019,FY2019,194,1,,TOTAL,,subtotal,parts sum to the printed total,,,,trailing figures,262,130,190,264,846,,,,5,,0,,,checked,48 full rows: parts sum to their printed total; 15 partial not checked
elections,2019,FY2019,194,1,,SUSANNA I. JEWELL,,row,parts sum to the printed total,,,,trailing figures,98,53,79,103,333,,,,5,,0,,,checked,48 full rows: parts sum to their printed total; 15 partial not checked
elections,2019,FY2019,194,1,,ALL OTHERS,,row,not a full row — not checked,,,,trailing figures,0,1,1,2,,,,,4,,0,,,checked,48 full rows: parts sum to their printed total; 15 partial not checked
elections,2019,FY2019,194,1,,BLANKS,,row,not a full row — not checked,,,,trailing figures,33,15,88,,,,,,3,,0,,,checked,48 full rows: parts sum to their printed total; 15 partial not checked
elections,2019,FY2019,194,1,,TOTAL,,subtotal,one cell short — the missing value is derivable from the printed total,one cell missing; from this row's own printed total it must be 65,,,trailing figures,131,95,132,423,,,,,4,,0,,,checked,48 full rows: parts sum to their printed total; 15 partial not checked
elections,2019,FY2019,194,1,,JOHN R. PALUMBO,,row,parts sum to the printed total,,,,trailing figures,97,52,83,100,332,,,,5,,0,,,checked,48 full rows: parts sum to their printed total; 15 partial not checked
elections,2019,FY2019,194,1,,BLANKS,,row,one cell short — the missing value is derivable from the printed total,one cell missing; from this row's own printed total it must be 13,,,trailing figures,34,12,32,91,,,,,4,,0,,,checked,48 full rows: parts sum to their printed total; 15 partial not checked
elections,2019,FY2019,194,1,,TOTAL,,subtotal,parts sum to the printed total,,,,trailing figures,131,65,95,132,423,,,,5,,0,,,checked,48 full rows: parts sum to their printed total; 15 partial not checked
elections,2019,FY2019,195,1,,TOTAL,,subtotal,parts sum to the printed total,,,,trailing figures,131,65,95,132,423,,,,5,,0,,,checked,48 full rows: parts sum to their printed total; 15 partial not checked
elections,2019,FY2019,195,1,,JAMES BESARKARSKI,,row,one cell short — the missing value is derivable from the printed total,one cell missing; from this row's own printed total it must be 81,,,trailing figures,96,54,108,339,,,,,4,,0,,,checked,48 full rows: parts sum to their printed total; 15 partial not checked
elections,2019,FY2019,195,1,,ALL OTHERS,,row,not a full row — not checked,,,,trailing figures,0,0,0,,,,,,3,,0,,,checked,48 full rows: parts sum to their printed total; 15 partial not checked
elections,2019,FY2019,195,1,,BLANKS,,row,parts sum to the printed total,,,,trailing figures,35,11,14,24,84,,,,5,,0,,,checked,48 full rows: parts sum to their printed total; 15 partial not checked
elections,2019,FY2019,195,1,,TOTAL,,subtotal,parts sum to the printed total,,,,trailing figures,131,65,95,132,423,,,,5,,0,,,checked,48 full rows: parts sum to their printed total; 15 partial not checked
elections,2019,FY2019,195,1,,NANCY FOSS YASKO,,row,parts sum to the printed total,,,,trailing figures,96,51,77,103,327,,,,5,,0,,,checked,48 full rows: parts sum to their printed total; 15 partial not checked
elections,2019,FY2019,195,1,,ALL OTHERS,,row,not a full row — not checked,,,,trailing figures,1,0,0,1,,,,,4,,0,,,checked,48 full rows: parts sum to their printed total; 15 partial not checked
elections,2019,FY2019,195,1,,BLANKS,,row,one cell short — the missing value is derivable from the printed total,one cell missing; from this row's own printed total it must be 34,,,trailing figures,14,18,29,95,,,,,4,,0,,,checked,48 full rows: parts sum to their printed total; 15 partial not checked
elections,2019,FY2019,195,1,,TOTAL,,subtotal,parts sum to the printed total,,,,trailing figures,131,65,95,132,423,,,,5,,0,,,checked,48 full rows: parts sum to their printed total; 15 partial not checked
elections,2019,FY2019,195,1,,DONNA G. SAIIA,,row,parts sum to the printed total,,,,trailing figures,96,51,81,109,337,,,,5,,0,,,checked,48 full rows: parts sum to their printed total; 15 partial not checked
elections,2019,FY2019,195,1,,RICHARD N. MAILLOUX,,row,parts sum to the printed total,,,,trailing figures,96,54,79,107,336,,,,5,,0,,,checked,48 full rows: parts sum to their printed total; 15 partial not checked
elections,2019,FY2019,195,1,,BLANKS,,row,parts sum to the printed total,,,,trailing figures,70,25,30,48,173,,,,5,,0,,,checked,48 full rows: parts sum to their printed total; 15 partial not checked
elections,2019,FY2019,195,1,,TOTAL,,subtotal,parts sum to the printed total,,,,trailing figures,262,130,190,264,846,,,,5,,0,,,checked,48 full rows: parts sum to their printed total; 15 partial not checked
elections,2019,FY2019,195,1,,GREGORY P. BITTNER,,row,parts sum to the printed total,,,,trailing figures,89,54,79,103,325,,,,5,,0,,,checked,48 full rows: parts sum to their printed total; 15 partial not checked
elections,2019,FY2019,195,1,,ALL OTHERS,,row,parts sum to the printed total,,,,trailing figures,1,0,1,1,3,,,,5,,0,,,checked,48 full rows: parts sum to their printed total; 15 partial not checked
elections,2019,FY2019,195,1,,BLANKS,,row,one cell short — the missing value is derivable from the printed total,one cell missing; from this row's own printed total it must be 41,,,trailing figures,11,15,28,95,,,,,4,,0,,,checked,48 full rows: parts sum to their printed total; 15 partial not checked
elections,2019,FY2019,195,1,,TOTAL,,subtotal,parts sum to the printed total,,,,trailing figures,131,65,95,132,423,,,,5,,0,,,checked,48 full rows: parts sum to their printed total; 15 partial not checked
elections,2019,FY2019,196,1,,TOTAL,,subtotal,parts sum to the printed total,,,,trailing figures,131,65,95,132,423,,,,5,,0,,,checked,48 full rows: parts sum to their printed total; 15 partial not checked
elections,2019,FY2019,196,1,,RHONDA J. LISIO,,row,parts sum to the printed total,,,,trailing figures,89,50,78,88,305,,,,5,,0,,,checked,48 full rows: parts sum to their printed total; 15 partial not checked
elections,2019,FY2019,196,1,,ALL OTHERS,,row,parts sum to the printed total,,,,trailing figures,1,0,0,2,3,,,,5,,0,,,checked,48 full rows: parts sum to their printed total; 15 partial not checked
elections,2019,FY2019,196,1,,BLANKS,,row,parts sum to the printed total,,,,trailing figures,41,15,17,42,115,,,,5,,0,,,checked,48 full rows: parts sum to their printed total; 15 partial not checked
elections,2019,FY2019,196,1,,TOTAL,,subtotal,parts sum to the printed total,,,,trailing figures,131,65,95,132,423,,,,5,,0,,,checked,48 full rows: parts sum to their printed total; 15 partial not checked
elections,2019,FY2019,196,1,,KARIN L. MENARD,,row,parts sum to the printed total,,,,trailing figures,97,49,77,102,325,,,,5,,0,,,checked,48 full rows: parts sum to their printed total; 15 partial not checked
elections,2019,FY2019,196,1,,ALL OTHERS,,row,not a full row — not checked,,,,trailing figures,2,1,0,3,,,,,4,,0,,,checked,48 full rows: parts sum to their printed total; 15 partial not checked
elections,2019,FY2019,196,1,,BLANKS,,row,parts sum to the printed total,,,,trailing figures,32,16,17,30,95,,,,5,,0,,,checked,48 full rows: parts sum to their printed total; 15 partial not checked
elections,2019,FY2019,196,1,,TOTAL,,subtotal,parts sum to the printed total,,,,trailing figures,131,65,95,132,423,,,,5,,0,,,checked,48 full rows: parts sum to their printed total; 15 partial not checked
elections,2020,FY2020,188,1,,SPECIAL STATE PRIMARY ELECTION - MARCH,,row,not a full row — not checked,,,,trailing figures,3,2020,,,,,,,2,,0,,,check failed,"256 full rows tie, 4 do not; 55 partial not checked"
elections,2020,FY2020,188,1,,MALENA CHASTAIN,,row,parts sum to the printed total,,,,trailing figures,91,81,68,240,,,,,4,,0,,,check failed,"256 full rows tie, 4 do not; 55 partial not checked"
elections,2020,FY2020,188,1,,CATHERINE J. CLARK                                                               199               :,,row,one cell short — the missing value is derivable from the printed total,one cell missing; from this row's own printed total it must be 199,,,trailing figures,205,164,568,,,,,,3,,0,,,check failed,"256 full rows tie, 4 do not; 55 partial not checked"
elections,2020,FY2020,188,1,,Write-ins,,row,not a full row — not checked,,,,trailing figures,1,1,,,,,,,2,,0,,,check failed,"256 full rows tie, 4 do not; 55 partial not checked"
elections,2020,FY2020,188,1,,Blanks,,row,one cell short — the missing value is derivable from the printed total,one cell missing; from this row's own printed total it must be 2,,,trailing figures,3,2,7,,,,,,3,,0,,,check failed,"256 full rows tie, 4 do not; 55 partial not checked"
elections,2020,FY2020,188,1,,TOTAL,,subtotal,parts sum to the printed total,,,,trailing figures,293,289,234,816,,,,,4,,0,,,check failed,"256 full rows tie, 4 do not; 55 partial not checked"
elections,2020,FY2020,188,1,,DINA M. SANFIELD,,row,parts sum to the printed total,,,,trailing figures,310,319,357,986,,,,,4,,0,,,check failed,"256 full rows tie, 4 do not; 55 partial not checked"
elections,2020,FY2020,188,1,,DANILLO A. SENA,,row,parts sum to the printed total,,,,trailing figures,153,137,121,411,,,,,4,,0,,,check failed,"256 full rows tie, 4 do not; 55 partial not checked"
elections,2020,FY2020,188,1,,Write-ins,,row,parts sum to the printed total,,,,trailing figures,4,6,3,13,,,,,4,,0,,,check failed,"256 full rows tie, 4 do not; 55 partial not checked"
elections,2020,FY2020,188,1,,Blanks,,row,parts sum to the printed total,,,,trailing figures,11,26,23,60,,,,,4,,0,,,check failed,"256 full rows tie, 4 do not; 55 partial not checked"
elections,2020,FY2020,188,1,,TOTAL,,subtotal,parts sum to the printed total,,,,trailing figures,478,488,504,1470,,,,,4,,0,,,check failed,"256 full rows tie, 4 do not; 55 partial not checked"
elections,2020,FY2020,188,1,,Write-ins,,row,not a full row — not checked,,,,trailing figures,1,3,4,,,,,,3,,0,,,check failed,"256 full rows tie, 4 do not; 55 partial not checked"
elections,2020,FY2020,188,1,,"March31, 2020 TO June",,row,not a full row — not checked,,,,trailing figures,2,2020,,,,,,,2,,0,,,check failed,"256 full rows tie, 4 do not; 55 partial not checked"
elections,2020,FY2020,188,1,,CATHERINE J. CLARK,,row,parts sum to the printed total,,,,trailing figures,185,134,164,483,,,,,4,,0,,,check failed,"256 full rows tie, 4 do not; 55 partial not checked"
elections,2020,FY2020,188,1,,DANILLO A. SENA,,row,parts sum to the printed total,,,,trailing figures,180,116,157,453,,,,,4,,0,,,check failed,"256 full rows tie, 4 do not; 55 partial not checked"
elections,2020,FY2020,188,1,,Blanks                                                                                                         -,,row,not a full row — not checked,,,,trailing figures,2,2,,,,,,,2,,0,,,check failed,"256 full rows tie, 4 do not; 55 partial not checked"
elections,2020,FY2020,188,1,,TOTAL,,subtotal,one cell short — the missing value is derivable from the printed total,one cell missing; from this row's own printed total it must be 366,,,trailing figures,253,323,942,,,,,,3,,0,,,check failed,"256 full rows tie, 4 do not; 55 partial not checked"
elections,2020,FY2020,189,1,,STEPHANIE J. QUINN,,row,parts sum to the printed total,,,,trailing figures,337,305,317,309,1268,,,,5,,0,,,check failed,"256 full rows tie, 4 do not; 55 partial not checked"
elections,2020,FY2020,189,1,,PATRICIA A. PISTONE,,row,parts sum to the printed total,,,,trailing figures,323,288,298,301,1210,,,,5,,0,,,check failed,"256 full rows tie, 4 do not; 55 partial not checked"
elections,2020,FY2020,189,1,,DAVID J. GENDRON,,row,parts sum to the printed total,,,,trailing figures,307,294,298,299,1198,,,,5,,0,,,check failed,"256 full rows tie, 4 do not; 55 partial not checked"
elections,2020,FY2020,189,1,,SANDRA ORNI,,row,parts sum to the printed total,,,,trailing figures,319,299,304,309,1231,,,,5,,0,,,check failed,"256 full rows tie, 4 do not; 55 partial not checked"
elections,2020,FY2020,189,1,,DAVID A. NIOSE,,row,parts sum to the printed total,,,,trailing figures,314,286,298,311,1209,,,,5,,0,,,check failed,"256 full rows tie, 4 do not; 55 partial not checked"
elections,2020,FY2020,189,1,,MARIANNE E. MASCARI,,row,parts sum to the printed total,,,,trailing figures,315,293,287,296,1191,,,,5,,0,,,check failed,"256 full rows tie, 4 do not; 55 partial not checked"
elections,2020,FY2020,189,1,,JENNIFER E. BENSON,,row,parts sum to the printed total,,,,trailing figures,397,359,393,395,1544,,,,5,,0,,,check failed,"256 full rows tie, 4 do not; 55 partial not checked"
elections,2020,FY2020,189,1,,BRENT W. BENSON,,row,parts sum to the printed total,,,,trailing figures,310,300,307,316,1233,,,,5,,0,,,check failed,"256 full rows tie, 4 do not; 55 partial not checked"
elections,2020,FY2020,189,1,,AMANDA LEHTINEN,,row,parts sum to the printed total,,,,trailing figures,307,298,290,297,1192,,,,5,,0,,,check failed,"256 full rows tie, 4 do not; 55 partial not checked"
elections,2020,FY2020,189,1,,BRIAN JOSEPH LEHTINEN,,row,parts sum to the printed total,,,,trailing figures,301,289,285,296,1171,,,,5,,0,,,check failed,"256 full rows tie, 4 do not; 55 partial not checked"
elections,2020,FY2020,189,1,,MAYA J. BENSON,,row,parts sum to the printed total,,,,trailing figures,315,304,312,326,1257,,,,5,,0,,,check failed,"256 full rows tie, 4 do not; 55 partial not checked"
elections,2020,FY2020,189,1,,MICHAEL J. MACKIN,,row,parts sum to the printed total,,,,trailing figures,311,293,302,313,1219,,,,5,,0,,,check failed,"256 full rows tie, 4 do not; 55 partial not checked"
elections,2020,FY2020,189,1,,CARRIE A. AYERS,,row,parts sum to the printed total,,,,trailing figures,308,291,294,293,1186,,,,5,,0,,,check failed,"256 full rows tie, 4 do not; 55 partial not checked"
elections,2020,FY2020,189,1,,JENNIFER GENDRON,,row,parts sum to the printed total,,,,trailing figures,319,294,308,304,1225,,,,5,,0,,,check failed,"256 full rows tie, 4 do not; 55 partial not checked"
elections,2020,FY2020,189,1,,GROUP,,row,parts sum to the printed total,,,,trailing figures,283,276,272,280,1111,,,,5,,0,,,check failed,"256 full rows tie, 4 do not; 55 partial not checked"
elections,2020,FY2020,189,1,,Write-ins 20 10 -,,row,not a full row — not checked,,,,trailing figures,1,31,,,,,,,2,,0,,,check failed,"256 full rows tie, 4 do not; 55 partial not checked"
elections,2020,FY2020,189,1,,Blanks,,row,parts sum to the printed total,,,,trailing figures,10397,9852,10432,10334,41015,,,,5,,0,,,check failed,"256 full rows tie, 4 do not; 55 partial not checked"
elections,2020,FY2020,189,1,,TOTAL,,subtotal,parts sum to the printed total,,,,trailing figures,15183,14331,14997,14980,59491,,,,5,,0,,,check failed,"256 full rows tie, 4 do not; 55 partial not checked"
elections,2020,FY2020,189,1,,WILLIAM F. WELD,,row,parts sum to the printed total,,,,trailing figures,24,16,23,25,88,,,,5,,0,,,check failed,"256 full rows tie, 4 do not; 55 partial not checked"
elections,2020,FY2020,189,1,,DONALD J. TRUMP,,row,parts sum to the printed total,,,,trailing figures,200,137,186,151,674,,,,5,,0,,,check failed,"256 full rows tie, 4 do not; 55 partial not checked"
elections,2020,FY2020,189,1,,ROQUE “ROCKY” DE LA FUENTE - 1 -,,row,not a full row — not checked,,,,trailing figures,1,2,,,,,,,2,,0,,,check failed,"256 full rows tie, 4 do not; 55 partial not checked"
elections,2020,FY2020,189,1,,NO PREFERENCE,,row,parts sum to the printed total,,,,trailing figures,5,2,1,5,13,,,,5,,0,,,check failed,"256 full rows tie, 4 do not; 55 partial not checked"
elections,2020,FY2020,189,1,,Write-ins 5 -,,row,not a full row — not checked,,,,trailing figures,4,3,12,,,,,,3,,0,,,check failed,"256 full rows tie, 4 do not; 55 partial not checked"
elections,2020,FY2020,189,1,,Blanks 1 -,,row,not a full row — not checked,,,,trailing figures,5,3,9,,,,,,3,,0,,,check failed,"256 full rows tie, 4 do not; 55 partial not checked"
elections,2020,FY2020,189,1,,TOTAL,,subtotal,parts sum to the printed total,,,,trailing figures,239,156,220,188,803,,,,5,,0,,,check failed,"256 full rows tie, 4 do not; 55 partial not checked"
elections,2020,FY2020,189,1,,THOMAS F. ARDINGER,,row,parts sum to the printed total,,,,trailing figures,186,124,175,126,611,,,,5,,0,,,check failed,"256 full rows tie, 4 do not; 55 partial not checked"
elections,2020,FY2020,189,1,,Write-ins,,row,parts sum to the printed total,,,,trailing figures,4,1,3,2,10,,,,5,,0,,,check failed,"256 full rows tie, 4 do not; 55 partial not checked"
elections,2020,FY2020,189,1,,Blanks,,row,parts sum to the printed total,,,,trailing figures,49,31,42,60,182,,,,5,,0,,,check failed,"256 full rows tie, 4 do not; 55 partial not checked"
elections,2020,FY2020,189,1,,TOTAL,,subtotal,parts sum to the printed total,,,,trailing figures,239,156,220,188,803,,,,5,,0,,,check failed,"256 full rows tie, 4 do not; 55 partial not checked"
elections,2020,FY2020,189,1,,SUSAN E. SMILEY,,row,parts sum to the printed total,,,,trailing figures,170,125,158,119,572,,,,5,,0,,,check failed,"256 full rows tie, 4 do not; 55 partial not checked"
elections,2020,FY2020,189,1,,Write-ins,,row,parts sum to the printed total,,,,trailing figures,1,2,5,2,10,,,,5,,0,,,check failed,"256 full rows tie, 4 do not; 55 partial not checked"
elections,2020,FY2020,189,1,,Blanks,,row,parts sum to the printed total,,,,trailing figures,68,29,57,67,221,,,,5,,0,,,check failed,"256 full rows tie, 4 do not; 55 partial not checked"
elections,2020,FY2020,189,1,,TOTAL,,subtotal,parts sum to the printed total,,,,trailing figures,239,156,220,188,803,,,,5,,0,,,check failed,"256 full rows tie, 4 do not; 55 partial not checked"
elections,2020,FY2020,189,1,,ANNE SHATTUCK,,row,parts sum to the printed total,,,,trailing figures,113,74,111,87,385,,,,5,,0,,,check failed,"256 full rows tie, 4 do not; 55 partial not checked"
elections,2020,FY2020,189,1,,JOHN B. TATA,,row,parts sum to the printed total,,,,trailing figures,114,69,110,74,367,,,,5,,0,,,check failed,"256 full rows tie, 4 do not; 55 partial not checked"
elections,2020,FY2020,189,1,,CATHERINE J. CLARK,,row,parts sum to the printed total,,,,trailing figures,179,108,158,137,582,,,,5,,0,,,check failed,"256 full rows tie, 4 do not; 55 partial not checked"
elections,2020,FY2020,189,1,,LOIS F. FILIAU,,row,parts sum to the printed total,,,,trailing figures,105,73,103,73,354,,,,5,,0,,,check failed,"256 full rows tie, 4 do not; 55 partial not checked"
elections,2020,FY2020,189,1,,MICHAEL P. CLARK,,row,parts sum to the printed total,,,,trailing figures,124,66,111,78,379,,,,5,,0,,,check failed,"256 full rows tie, 4 do not; 55 partial not checked"
elections,2020,FY2020,189,1,,LORRAINE MENDOZA,,row,parts sum to the printed total,,,,trailing figures,112,72,104,74,362,,,,5,,0,,,check failed,"256 full rows tie, 4 do not; 55 partial not checked"
elections,2020,FY2020,190,1,,GROUP,,row,parts sum to the printed total,,,,trailing figures,85,57,86,63,291,,,,5,,0,,,check failed,"256 full rows tie, 4 do not; 55 partial not checked"
elections,2020,FY2020,190,1,,Write-ins,,row,parts sum to the printed total,,,,trailing figures,4,4,2,8,18,,,,5,,0,,,check failed,"256 full rows tie, 4 do not; 55 partial not checked"
elections,2020,FY2020,190,1,,Blanks,,row,parts sum to the printed total,,,,trailing figures,7614,5064,6967,6049,25694,,,,5,,0,,,check failed,"256 full rows tie, 4 do not; 55 partial not checked"
elections,2020,FY2020,190,1,,TOTAL,,subtotal,parts sum to the printed total,,,,trailing figures,8450,5587,7752,6643,28432,,,,5,,0,,,check failed,"256 full rows tie, 4 do not; 55 partial not checked"
elections,2020,FY2020,191,1,,Blanks,,row,not a full row — not checked,,,,trailing figures,3,2,,,,,,,2,,0,,,check failed,"256 full rows tie, 4 do not; 55 partial not checked"
elections,2020,FY2020,191,1,,TOTAL,,subtotal,"parts sum to 50, total printed 40",,,,trailing figures,30,20,40,,,,,,3,,0,,,check failed,"256 full rows tie, 4 do not; 55 partial not checked"
elections,2020,FY2020,192,1,,TUESDAY MARCH,,row,not a full row — not checked,,,,trailing figures,3,2020,,,,,,,2,,0,,,check failed,"256 full rows tie, 4 do not; 55 partial not checked"
elections,2020,FY2020,192,1,,DEVAL PATRICK -,,row,not a full row — not checked,,,,trailing figures,1,1,1,3,,,,,4,,0,,,check failed,"256 full rows tie, 4 do not; 55 partial not checked"
elections,2020,FY2020,192,1,,AMY KLOBUCHAR,,row,parts sum to the printed total,,,,trailing figures,10,11,9,11,41,,,,5,,0,,,check failed,"256 full rows tie, 4 do not; 55 partial not checked"
elections,2020,FY2020,192,1,,ELIZABETH WARREN,,row,parts sum to the printed total,,,,trailing figures,106,76,95,122,399,,,,5,,0,,,check failed,"256 full rows tie, 4 do not; 55 partial not checked"
elections,2020,FY2020,192,1,,MICHAEL BENNET - 2 -,,row,not a full row — not checked,,,,trailing figures,1,3,,,,,,,2,,0,,,check failed,"256 full rows tie, 4 do not; 55 partial not checked"
elections,2020,FY2020,192,1,,MICHAEL R. BLOOMBERG,,row,parts sum to the printed total,,,,trailing figures,76,49,76,67,268,,,,5,,0,,,check failed,"256 full rows tie, 4 do not; 55 partial not checked"
elections,2020,FY2020,192,1,,TULSI GABBARD,,row,parts sum to the printed total,,,,trailing figures,8,5,4,7,24,,,,5,,0,,,check failed,"256 full rows tie, 4 do not; 55 partial not checked"
elections,2020,FY2020,192,1,,CORY BOOKER 1 - -,,row,not a full row — not checked,,,,trailing figures,1,2,,,,,,,2,,0,,,check failed,"256 full rows tie, 4 do not; 55 partial not checked"
elections,2020,FY2020,192,1,,TOM STEYER,,row,parts sum to the printed total,,,,trailing figures,5,3,7,4,19,,,,5,,0,,,check failed,"256 full rows tie, 4 do not; 55 partial not checked"
elections,2020,FY2020,192,1,,BERNIE SANDERS,,row,parts sum to the printed total,,,,trailing figures,159,185,150,149,643,,,,5,,0,,,check failed,"256 full rows tie, 4 do not; 55 partial not checked"
elections,2020,FY2020,192,1,,JOSEPH R. BIDEN,,row,parts sum to the printed total,,,,trailing figures,210,213,223,202,848,,,,5,,0,,,check failed,"256 full rows tie, 4 do not; 55 partial not checked"
elections,2020,FY2020,192,1,,PETE BUTTIGIEG,,row,parts sum to the printed total,,,,trailing figures,18,13,19,19,69,,,,5,,0,,,check failed,"256 full rows tie, 4 do not; 55 partial not checked"
elections,2020,FY2020,192,1,,NO PREFERENCE -,,row,not a full row — not checked,,,,trailing figures,3,2,3,8,,,,,4,,0,,,check failed,"256 full rows tie, 4 do not; 55 partial not checked"
elections,2020,FY2020,192,1,,Blanks 1 2 -,,row,not a full row — not checked,,,,trailing figures,1,4,,,,,,,2,,0,,,check failed,"256 full rows tie, 4 do not; 55 partial not checked"
elections,2020,FY2020,192,1,,TOTAL,,subtotal,parts sum to the printed total,,,,trailing figures,597,566,590,588,2341,,,,5,,0,,,check failed,"256 full rows tie, 4 do not; 55 partial not checked"
elections,2020,FY2020,192,1,,PATRICK G. HAVERTY,,row,parts sum to the printed total,,,,trailing figures,425,411,411,412,1659,,,,5,,0,,,check failed,"256 full rows tie, 4 do not; 55 partial not checked"
elections,2020,FY2020,192,1,,Blanks,,row,parts sum to the printed total,,,,trailing figures,169,151,178,176,674,,,,5,,0,,,check failed,"256 full rows tie, 4 do not; 55 partial not checked"
elections,2020,FY2020,192,1,,TOTAL,,subtotal,parts sum to the printed total,,,,trailing figures,597,566,590,588,2341,,,,5,,0,,,check failed,"256 full rows tie, 4 do not; 55 partial not checked"
elections,2020,FY2020,192,1,,NATALIE HIGGINS,,row,parts sum to the printed total,,,,trailing figures,442,430,418,432,1722,,,,5,,0,,,check failed,"256 full rows tie, 4 do not; 55 partial not checked"
elections,2020,FY2020,192,1,,Blanks,,row,parts sum to the printed total,,,,trailing figures,154,132,172,156,614,,,,5,,0,,,check failed,"256 full rows tie, 4 do not; 55 partial not checked"
elections,2020,FY2020,192,1,,TOTAL,,subtotal,parts sum to the printed total,,,,trailing figures,597,566,590,588,2341,,,,5,,0,,,check failed,"256 full rows tie, 4 do not; 55 partial not checked"
elections,2020,FY2020,193,1,,STEPHANIE J. QUINN,,row,parts sum to the printed total,,,,trailing figures,337,305,317,309,1268,,,,5,,0,,,check failed,"256 full rows tie, 4 do not; 55 partial not checked"
elections,2020,FY2020,193,1,,PATRICIA A. PISTONE,,row,parts sum to the printed total,,,,trailing figures,323,288,298,301,1210,,,,5,,0,,,check failed,"256 full rows tie, 4 do not; 55 partial not checked"
elections,2020,FY2020,193,1,,DAVID J. GENDRON,,row,parts sum to the printed total,,,,trailing figures,307,294,298,299,1198,,,,5,,0,,,check failed,"256 full rows tie, 4 do not; 55 partial not checked"
elections,2020,FY2020,193,1,,SANDRA ORNI,,row,parts sum to the printed total,,,,trailing figures,319,299,304,309,1231,,,,5,,0,,,check failed,"256 full rows tie, 4 do not; 55 partial not checked"
elections,2020,FY2020,193,1,,DAVID A. NIOSE,,row,parts sum to the printed total,,,,trailing figures,314,286,298,311,1209,,,,5,,0,,,check failed,"256 full rows tie, 4 do not; 55 partial not checked"
elections,2020,FY2020,193,1,,MARIANNE E. MASCARI,,row,parts sum to the printed total,,,,trailing figures,315,293,287,296,1191,,,,5,,0,,,check failed,"256 full rows tie, 4 do not; 55 partial not checked"
elections,2020,FY2020,193,1,,JENNIFER E. BENSON,,row,parts sum to the printed total,,,,trailing figures,397,359,393,395,1544,,,,5,,0,,,check failed,"256 full rows tie, 4 do not; 55 partial not checked"
elections,2020,FY2020,193,1,,BRENT W. BENSON,,row,parts sum to the printed total,,,,trailing figures,310,300,307,316,1233,,,,5,,0,,,check failed,"256 full rows tie, 4 do not; 55 partial not checked"
elections,2020,FY2020,193,1,,AMANDA LEHTINEN,,row,parts sum to the printed total,,,,trailing figures,307,298,290,297,1192,,,,5,,0,,,check failed,"256 full rows tie, 4 do not; 55 partial not checked"
elections,2020,FY2020,193,1,,BRIAN JOSEPH LEHTINEN,,row,parts sum to the printed total,,,,trailing figures,301,289,285,296,1171,,,,5,,0,,,check failed,"256 full rows tie, 4 do not; 55 partial not checked"
elections,2020,FY2020,193,1,,MAYA J. BENSON,,row,parts sum to the printed total,,,,trailing figures,315,304,312,326,1257,,,,5,,0,,,check failed,"256 full rows tie, 4 do not; 55 partial not checked"
elections,2020,FY2020,193,1,,MICHAEL J. MACKIN,,row,parts sum to the printed total,,,,trailing figures,311,293,302,313,1219,,,,5,,0,,,check failed,"256 full rows tie, 4 do not; 55 partial not checked"
elections,2020,FY2020,193,1,,CARRIE A. AYERS,,row,parts sum to the printed total,,,,trailing figures,308,291,294,293,1186,,,,5,,0,,,check failed,"256 full rows tie, 4 do not; 55 partial not checked"
elections,2020,FY2020,193,1,,JENNIFER GENDRON,,row,parts sum to the printed total,,,,trailing figures,319,294,308,304,1225,,,,5,,0,,,check failed,"256 full rows tie, 4 do not; 55 partial not checked"
elections,2020,FY2020,193,1,,GROUP,,row,parts sum to the printed total,,,,trailing figures,283,276,272,280,1111,,,,5,,0,,,check failed,"256 full rows tie, 4 do not; 55 partial not checked"
elections,2020,FY2020,193,1,,Write-ins 20 10 -,,row,not a full row — not checked,,,,trailing figures,1,31,,,,,,,2,,0,,,check failed,"256 full rows tie, 4 do not; 55 partial not checked"
elections,2020,FY2020,193,1,,Blanks,,row,parts sum to the printed total,,,,trailing figures,10397,9852,10432,10334,41015,,,,5,,0,,,check failed,"256 full rows tie, 4 do not; 55 partial not checked"
elections,2020,FY2020,193,1,,TOTAL,,subtotal,parts sum to the printed total,,,,trailing figures,15183,14331,14997,14980,59491,,,,5,,0,,,check failed,"256 full rows tie, 4 do not; 55 partial not checked"
elections,2020,FY2020,193,1,,WILLIAM F. WELD,,row,parts sum to the printed total,,,,trailing figures,24,16,23,25,88,,,,5,,0,,,check failed,"256 full rows tie, 4 do not; 55 partial not checked"
elections,2020,FY2020,193,1,,DONALD J. TRUMP,,row,parts sum to the printed total,,,,trailing figures,200,137,186,151,674,,,,5,,0,,,check failed,"256 full rows tie, 4 do not; 55 partial not checked"
elections,2020,FY2020,193,1,,ROQUE “ROCKY” DE LA FUENTE - 1 -,,row,not a full row — not checked,,,,trailing figures,1,2,,,,,,,2,,0,,,check failed,"256 full rows tie, 4 do not; 55 partial not checked"
elections,2020,FY2020,193,1,,NO PREFERENCE,,row,parts sum to the printed total,,,,trailing figures,5,2,1,5,13,,,,5,,0,,,check failed,"256 full rows tie, 4 do not; 55 partial not checked"
elections,2020,FY2020,193,1,,Write-ins 5 -,,row,not a full row — not checked,,,,trailing figures,4,3,12,,,,,,3,,0,,,check failed,"256 full rows tie, 4 do not; 55 partial not checked"
elections,2020,FY2020,193,1,,Blanks 1 -,,row,not a full row — not checked,,,,trailing figures,5,3,9,,,,,,3,,0,,,check failed,"256 full rows tie, 4 do not; 55 partial not checked"
elections,2020,FY2020,193,1,,TOTAL,,subtotal,parts sum to the printed total,,,,trailing figures,239,156,220,188,803,,,,5,,0,,,check failed,"256 full rows tie, 4 do not; 55 partial not checked"
elections,2020,FY2020,193,1,,THOMAS F. ARDINGER,,row,parts sum to the printed total,,,,trailing figures,186,124,175,126,611,,,,5,,0,,,check failed,"256 full rows tie, 4 do not; 55 partial not checked"
elections,2020,FY2020,193,1,,Write-ins,,row,parts sum to the printed total,,,,trailing figures,4,1,3,2,10,,,,5,,0,,,check failed,"256 full rows tie, 4 do not; 55 partial not checked"
elections,2020,FY2020,193,1,,Blanks,,row,parts sum to the printed total,,,,trailing figures,49,31,42,60,182,,,,5,,0,,,check failed,"256 full rows tie, 4 do not; 55 partial not checked"
elections,2020,FY2020,193,1,,TOTAL,,subtotal,parts sum to the printed total,,,,trailing figures,239,156,220,188,803,,,,5,,0,,,check failed,"256 full rows tie, 4 do not; 55 partial not checked"
elections,2020,FY2020,193,1,,SUSAN E. SMILEY,,row,parts sum to the printed total,,,,trailing figures,170,125,158,119,572,,,,5,,0,,,check failed,"256 full rows tie, 4 do not; 55 partial not checked"
elections,2020,FY2020,193,1,,Write-ins,,row,parts sum to the printed total,,,,trailing figures,1,2,5,2,10,,,,5,,0,,,check failed,"256 full rows tie, 4 do not; 55 partial not checked"
elections,2020,FY2020,193,1,,Blanks,,row,parts sum to the printed total,,,,trailing figures,68,29,57,67,221,,,,5,,0,,,check failed,"256 full rows tie, 4 do not; 55 partial not checked"
elections,2020,FY2020,193,1,,TOTAL,,subtotal,parts sum to the printed total,,,,trailing figures,239,156,220,188,803,,,,5,,0,,,check failed,"256 full rows tie, 4 do not; 55 partial not checked"
elections,2020,FY2020,193,1,,ANNE SHATTUCK,,row,parts sum to the printed total,,,,trailing figures,113,74,111,87,385,,,,5,,0,,,check failed,"256 full rows tie, 4 do not; 55 partial not checked"
elections,2020,FY2020,193,1,,JOHN B. TATA,,row,parts sum to the printed total,,,,trailing figures,114,69,110,74,367,,,,5,,0,,,check failed,"256 full rows tie, 4 do not; 55 partial not checked"
elections,2020,FY2020,193,1,,CATHERINE J. CLARK,,row,parts sum to the printed total,,,,trailing figures,179,108,158,137,582,,,,5,,0,,,check failed,"256 full rows tie, 4 do not; 55 partial not checked"
elections,2020,FY2020,193,1,,LOIS F. FILIAU,,row,parts sum to the printed total,,,,trailing figures,105,73,103,73,354,,,,5,,0,,,check failed,"256 full rows tie, 4 do not; 55 partial not checked"
elections,2020,FY2020,193,1,,MICHAEL P. CLARK,,row,parts sum to the printed total,,,,trailing figures,124,66,111,78,379,,,,5,,0,,,check failed,"256 full rows tie, 4 do not; 55 partial not checked"
elections,2020,FY2020,193,1,,LORRAINE MENDOZA,,row,parts sum to the printed total,,,,trailing figures,112,72,104,74,362,,,,5,,0,,,check failed,"256 full rows tie, 4 do not; 55 partial not checked"
elections,2020,FY2020,194,1,,GROUP,,row,parts sum to the printed total,,,,trailing figures,85,57,86,63,291,,,,5,,0,,,check failed,"256 full rows tie, 4 do not; 55 partial not checked"
elections,2020,FY2020,194,1,,Write-ins,,row,parts sum to the printed total,,,,trailing figures,4,4,2,8,18,,,,5,,0,,,check failed,"256 full rows tie, 4 do not; 55 partial not checked"
elections,2020,FY2020,194,1,,Blanks,,row,parts sum to the printed total,,,,trailing figures,7614,5064,6967,6049,25694,,,,5,,0,,,check failed,"256 full rows tie, 4 do not; 55 partial not checked"
elections,2020,FY2020,194,1,,TOTAL,,subtotal,parts sum to the printed total,,,,trailing figures,8450,5587,7752,6643,28432,,,,5,,0,,,check failed,"256 full rows tie, 4 do not; 55 partial not checked"
elections,2020,FY2020,194,1,,Write-ins,,row,not a full row — not checked,,,,trailing figures,1,1,,,,,,,2,,0,,,check failed,"256 full rows tie, 4 do not; 55 partial not checked"
elections,2020,FY2020,194,1,,NO CANDIDATES - BLANKS,,row,not a full row — not checked,,,,trailing figures,10,10,,,,,,,2,,0,,,check failed,"256 full rows tie, 4 do not; 55 partial not checked"
elections,2020,FY2020,195,1,,Write-ins,,row,not a full row — not checked,,,,trailing figures,2,2,,,,,,,2,,0,,,check failed,"256 full rows tie, 4 do not; 55 partial not checked"
elections,2020,FY2020,195,1,,Blanks,,row,"parts sum to 5, total printed 7",,,,trailing figures,3,2,7,,,,,,3,,0,,,check failed,"256 full rows tie, 4 do not; 55 partial not checked"
elections,2020,FY2020,195,1,,Write-ins,,row,not a full row — not checked,,,,trailing figures,1,1,,,,,,,2,,0,,,check failed,"256 full rows tie, 4 do not; 55 partial not checked"
elections,2020,FY2020,195,1,,Blanks,,row,not a full row — not checked,,,,trailing figures,30,20,39,89,,,,,4,,0,,,check failed,"256 full rows tie, 4 do not; 55 partial not checked"
elections,2020,FY2020,196,1,,TOTAL REGISTERED VOTERS,,subtotal,parts sum to the printed total,,,,trailing figures,1999,1953,2250,1886,8088,,,,5,,0,,,check failed,"256 full rows tie, 4 do not; 55 partial not checked"
elections,2020,FY2020,196,1,,BALLOTS  CAST,,row,parts sum to the printed total,,,,trailing figures,164,75,123,162,524,,,,5,,0,,,check failed,"256 full rows tie, 4 do not; 55 partial not checked"
elections,2020,FY2020,196,1,,TODD D. DWYER**,,row,parts sum to the printed total,,,,trailing figures,132,66,104,125,427,,,,5,,0,,,check failed,"256 full rows tie, 4 do not; 55 partial not checked"
elections,2020,FY2020,196,1,,JAMES P. MARINO**,,row,parts sum to the printed total,,,,trailing figures,146,68,110,137,461,,,,5,,0,,,check failed,"256 full rows tie, 4 do not; 55 partial not checked"
elections,2020,FY2020,196,1,,ALL OTHERS,,row,parts sum to the printed total,,,,trailing figures,3,3,2,9,17,,,,5,,0,,,check failed,"256 full rows tie, 4 do not; 55 partial not checked"
elections,2020,FY2020,196,1,,BLANKS,,row,parts sum to the printed total,,,,trailing figures,47,13,30,53,143,,,,5,,0,,,check failed,"256 full rows tie, 4 do not; 55 partial not checked"
elections,2020,FY2020,196,1,,TOTAL,,subtotal,parts sum to the printed total,,,,trailing figures,328,150,246,324,1048,,,,5,,0,,,check failed,"256 full rows tie, 4 do not; 55 partial not checked"
elections,2020,FY2020,196,1,,MICHAEL DEVEIKIS**,,row,parts sum to the printed total,,,,trailing figures,84,40,57,77,258,,,,5,,0,,,check failed,"256 full rows tie, 4 do not; 55 partial not checked"
elections,2020,FY2020,196,1,,BRETT RAMSDEN**,,row,parts sum to the printed total,,,,trailing figures,89,38,59,78,264,,,,5,,0,,,check failed,"256 full rows tie, 4 do not; 55 partial not checked"
elections,2020,FY2020,196,1,,ALL OTHERS,,row,parts sum to the printed total,,,,trailing figures,14,7,6,16,43,,,,5,,0,,,check failed,"256 full rows tie, 4 do not; 55 partial not checked"
elections,2020,FY2020,196,1,,BLANKS,,row,parts sum to the printed total,,,,trailing figures,141,65,124,153,483,,,,5,,0,,,check failed,"256 full rows tie, 4 do not; 55 partial not checked"
elections,2020,FY2020,196,1,,TOTAL,,subtotal,parts sum to the printed total,,,,trailing figures,328,150,246,324,1048,,,,5,,0,,,check failed,"256 full rows tie, 4 do not; 55 partial not checked"
elections,2020,FY2020,196,1,,JOHN REYNOLDS**,,row,parts sum to the printed total,,,,trailing figures,85,35,51,67,238,,,,5,,0,,,check failed,"256 full rows tie, 4 do not; 55 partial not checked"
elections,2020,FY2020,196,1,,ALL OTHERS,,row,parts sum to the printed total,,,,trailing figures,11,9,5,14,39,,,,5,,0,,,check failed,"256 full rows tie, 4 do not; 55 partial not checked"
elections,2020,FY2020,196,1,,BLANKS,,row,parts sum to the printed total,,,,trailing figures,69,31,67,80,247,,,,5,,0,,,check failed,"256 full rows tie, 4 do not; 55 partial not checked"
elections,2020,FY2020,196,1,,TOTAL,,subtotal,parts sum to the printed total,,,,trailing figures,164,75,123,162,524,,,,5,,0,,,check failed,"256 full rows tie, 4 do not; 55 partial not checked"
elections,2020,FY2020,196,1,,DAVID V. MACDONALD**,,row,parts sum to the printed total,,,,trailing figures,89,33,56,74,252,,,,5,,0,,,check failed,"256 full rows tie, 4 do not; 55 partial not checked"
elections,2020,FY2020,196,1,,ALL OTHERS 13 8 -,,row,not a full row — not checked,,,,trailing figures,8,29,,,,,,,2,,0,,,check failed,"256 full rows tie, 4 do not; 55 partial not checked"
elections,2020,FY2020,196,1,,BLANKS,,row,parts sum to the printed total,,,,trailing figures,62,34,67,80,243,,,,5,,0,,,check failed,"256 full rows tie, 4 do not; 55 partial not checked"
elections,2020,FY2020,196,1,,TOTAL,,subtotal,parts sum to the printed total,,,,trailing figures,164,75,123,162,524,,,,5,,0,,,check failed,"256 full rows tie, 4 do not; 55 partial not checked"
elections,2020,FY2020,196,1,,"Saturday, June",,row,not a full row — not checked,,,,trailing figures,20,2020,,,,,,,2,,0,,,check failed,"256 full rows tie, 4 do not; 55 partial not checked"
elections,2020,FY2020,197,1,,PERRY R. JEWELL**,,row,parts sum to the printed total,,,,trailing figures,51,17,42,50,160,,,,5,,0,,,check failed,"256 full rows tie, 4 do not; 55 partial not checked"
elections,2020,FY2020,197,1,,EVAN J. WATTERS**,,row,parts sum to the printed total,,,,trailing figures,58,28,39,62,187,,,,5,,0,,,check failed,"256 full rows tie, 4 do not; 55 partial not checked"
elections,2020,FY2020,197,1,,PAUL J. FORTIN,,row,parts sum to the printed total,,,,trailing figures,54,24,31,42,151,,,,5,,0,,,check failed,"256 full rows tie, 4 do not; 55 partial not checked"
elections,2020,FY2020,197,1,,BLANKS,,row,parts sum to the printed total,,,,trailing figures,156,79,134,170,539,,,,5,,0,,,check failed,"256 full rows tie, 4 do not; 55 partial not checked"
elections,2020,FY2020,197,1,,TOTAL,,subtotal,parts sum to the printed total,,,,trailing figures,328,150,246,324,1048,,,,5,,0,,,check failed,"256 full rows tie, 4 do not; 55 partial not checked"
elections,2020,FY2020,197,1,,LOUIS J. FRANCO**,,row,parts sum to the printed total,,,,trailing figures,81,30,43,71,225,,,,5,,0,,,check failed,"256 full rows tie, 4 do not; 55 partial not checked"
elections,2020,FY2020,197,1,,ERIK A. TORGERSEN,,row,parts sum to the printed total,,,,trailing figures,8,7,1,16,32,,,,5,,0,,,check failed,"256 full rows tie, 4 do not; 55 partial not checked"
elections,2020,FY2020,197,1,,BLANKS,,row,parts sum to the printed total,,,,trailing figures,73,37,70,75,255,,,,5,,0,,,check failed,"256 full rows tie, 4 do not; 55 partial not checked"
elections,2020,FY2020,197,1,,TOTAL,,subtotal,parts sum to the printed total,,,,trailing figures,164,75,123,162,524,,,,5,,0,,,check failed,"256 full rows tie, 4 do not; 55 partial not checked"
elections,2020,FY2020,197,1,,LAURA F. KELLY**,,row,parts sum to the printed total,,,,trailing figures,120,52,67,100,339,,,,5,,0,,,check failed,"256 full rows tie, 4 do not; 55 partial not checked"
elections,2020,FY2020,197,1,,SOPHIE ANN SHAPIRO**,,row,parts sum to the printed total,,,,trailing figures,59,35,49,71,214,,,,5,,0,,,check failed,"256 full rows tie, 4 do not; 55 partial not checked"
elections,2020,FY2020,197,1,,LAURA Q. BRZOZOSKI,,row,parts sum to the printed total,,,,trailing figures,55,26,32,54,167,,,,5,,0,,,check failed,"256 full rows tie, 4 do not; 55 partial not checked"
elections,2020,FY2020,197,1,,MICHAEL J. MACKIN,,row,parts sum to the printed total,,,,trailing figures,23,8,31,36,98,,,,5,,0,,,check failed,"256 full rows tie, 4 do not; 55 partial not checked"
elections,2020,FY2020,197,1,,ALL OTHERS 9 1 -,,row,not a full row — not checked,,,,trailing figures,3,13,,,,,,,2,,0,,,check failed,"256 full rows tie, 4 do not; 55 partial not checked"
elections,2020,FY2020,197,1,,BLANKS,,row,parts sum to the printed total,,,,trailing figures,62,28,67,60,217,,,,5,,0,,,check failed,"256 full rows tie, 4 do not; 55 partial not checked"
elections,2020,FY2020,197,1,,TOTAL,,subtotal,parts sum to the printed total,,,,trailing figures,328,150,246,324,1048,,,,5,,0,,,check failed,"256 full rows tie, 4 do not; 55 partial not checked"
elections,2020,FY2020,197,1,,DAVID M. PASSIOS**,,row,parts sum to the printed total,,,,trailing figures,138,63,102,132,435,,,,5,,0,,,check failed,"256 full rows tie, 4 do not; 55 partial not checked"
elections,2020,FY2020,197,1,,ALL OTHERS 3 1 -,,row,not a full row — not checked,,,,trailing figures,2,6,,,,,,,2,,0,,,check failed,"256 full rows tie, 4 do not; 55 partial not checked"
elections,2020,FY2020,197,1,,BLANKS,,row,parts sum to the printed total,,,,trailing figures,23,11,21,28,83,,,,5,,0,,,check failed,"256 full rows tie, 4 do not; 55 partial not checked"
elections,2020,FY2020,197,1,,TOTAL,,subtotal,parts sum to the printed total,,,,trailing figures,164,75,123,162,524,,,,5,,0,,,check failed,"256 full rows tie, 4 do not; 55 partial not checked"
elections,2020,FY2020,198,1,,CORINNE C. SCOUTEN**,,row,parts sum to the printed total,,,,trailing figures,26,7,19,23,75,,,,5,,0,,,check failed,"256 full rows tie, 4 do not; 55 partial not checked"
elections,2020,FY2020,198,1,,ALL OTHERS,,row,parts sum to the printed total,,,,trailing figures,13,7,6,13,39,,,,5,,0,,,check failed,"256 full rows tie, 4 do not; 55 partial not checked"
elections,2020,FY2020,198,1,,BLANKS,,row,parts sum to the printed total,,,,trailing figures,125,61,98,126,410,,,,5,,0,,,check failed,"256 full rows tie, 4 do not; 55 partial not checked"
elections,2020,FY2020,198,1,,TOTAL,,subtotal,"parts sum to 526, total printed 524",,,,trailing figures,164,75,123,164,524,,,,5,,0,,,check failed,"256 full rows tie, 4 do not; 55 partial not checked"
elections,2020,FY2020,198,1,,WILLIAM E. TYLER**,,row,"parts sum to 301, total printed 300",,,,trailing figures,90,47,66,98,300,,,,5,,0,,,check failed,"256 full rows tie, 4 do not; 55 partial not checked"
elections,2020,FY2020,198,1,,ALL OTHERS 8 2 -,,row,not a full row — not checked,,,,trailing figures,2,12,,,,,,,2,,0,,,check failed,"256 full rows tie, 4 do not; 55 partial not checked"
elections,2020,FY2020,198,1,,BLANKS,,row,parts sum to the printed total,,,,trailing figures,66,26,57,63,212,,,,5,,0,,,check failed,"256 full rows tie, 4 do not; 55 partial not checked"
elections,2020,FY2020,198,1,,TOTAL,,subtotal,parts sum to the printed total,,,,trailing figures,164,75,123,162,524,,,,5,,0,,,check failed,"256 full rows tie, 4 do not; 55 partial not checked"
elections,2020,FY2020,198,1,,KATHLEEN l. McCARRON**,,row,parts sum to the printed total,,,,trailing figures,140,70,99,143,452,,,,5,,0,,,check failed,"256 full rows tie, 4 do not; 55 partial not checked"
elections,2020,FY2020,198,1,,HARRY M. KUBETZ**,,row,parts sum to the printed total,,,,trailing figures,132,70,94,134,430,,,,5,,0,,,check failed,"256 full rows tie, 4 do not; 55 partial not checked"
elections,2020,FY2020,198,1,,ALL OTHERS - -,,row,not a full row — not checked,,,,trailing figures,1,4,5,,,,,,3,,0,,,check failed,"256 full rows tie, 4 do not; 55 partial not checked"
elections,2020,FY2020,198,1,,BLANKS,,row,parts sum to the printed total,,,,trailing figures,56,10,52,43,161,,,,5,,0,,,check failed,"256 full rows tie, 4 do not; 55 partial not checked"
elections,2020,FY2020,198,1,,TOTAL,,subtotal,parts sum to the printed total,,,,trailing figures,328,150,246,324,1048,,,,5,,0,,,check failed,"256 full rows tie, 4 do not; 55 partial not checked"
elections,2020,FY2020,198,1,,MATTHEW A. ALLISON**,,row,parts sum to the printed total,,,,trailing figures,75,34,51,71,231,,,,5,,0,,,check failed,"256 full rows tie, 4 do not; 55 partial not checked"
elections,2020,FY2020,198,1,,ALL OTHERS,,row,parts sum to the printed total,,,,trailing figures,13,9,6,13,41,,,,5,,0,,,check failed,"256 full rows tie, 4 do not; 55 partial not checked"
elections,2020,FY2020,198,1,,BLANKS,,row,parts sum to the printed total,,,,trailing figures,76,32,66,78,252,,,,5,,0,,,check failed,"256 full rows tie, 4 do not; 55 partial not checked"
elections,2020,FY2020,198,1,,TOTAL,,subtotal,parts sum to the printed total,,,,trailing figures,164,75,123,162,524,,,,5,,0,,,check failed,"256 full rows tie, 4 do not; 55 partial not checked"
elections,2020,FY2020,198,1,,ERIK A. TORGERSEN**,,row,parts sum to the printed total,,,,trailing figures,69,30,45,68,212,,,,5,,0,,,check failed,"256 full rows tie, 4 do not; 55 partial not checked"
elections,2020,FY2020,198,1,,ALL OTHERS,,row,parts sum to the printed total,,,,trailing figures,12,8,8,12,40,,,,5,,0,,,check failed,"256 full rows tie, 4 do not; 55 partial not checked"
elections,2020,FY2020,198,1,,BLANKS,,row,parts sum to the printed total,,,,trailing figures,83,37,70,82,272,,,,5,,0,,,check failed,"256 full rows tie, 4 do not; 55 partial not checked"
elections,2020,FY2020,198,1,,TOTAL,,subtotal,parts sum to the printed total,,,,trailing figures,164,75,123,162,524,,,,5,,0,,,check failed,"256 full rows tie, 4 do not; 55 partial not checked"
elections,2020,FY2020,199,1,,MATTHEW J. BRENNER**,,row,parts sum to the printed total,,,,trailing figures,76,32,46,68,222,,,,5,,0,,,check failed,"256 full rows tie, 4 do not; 55 partial not checked"
elections,2020,FY2020,199,1,,ALL OTHERS,,row,parts sum to the printed total,,,,trailing figures,6,2,4,10,22,,,,5,,0,,,check failed,"256 full rows tie, 4 do not; 55 partial not checked"
elections,2020,FY2020,199,1,,BLANKS,,row,parts sum to the printed total,,,,trailing figures,82,41,73,84,280,,,,5,,0,,,check failed,"256 full rows tie, 4 do not; 55 partial not checked"
elections,2020,FY2020,199,1,,TOTAL,,subtotal,parts sum to the printed total,,,,trailing figures,164,75,123,162,524,,,,5,,0,,,check failed,"256 full rows tie, 4 do not; 55 partial not checked"
elections,2020,FY2020,199,1,,JON DAVID HOGUE**,,row,parts sum to the printed total,,,,trailing figures,86,38,55,75,254,,,,5,,0,,,check failed,"256 full rows tie, 4 do not; 55 partial not checked"
elections,2020,FY2020,199,1,,ALL OTHERS 3 1 -,,row,not a full row — not checked,,,,trailing figures,2,6,,,,,,,2,,0,,,check failed,"256 full rows tie, 4 do not; 55 partial not checked"
elections,2020,FY2020,199,1,,BLANKS,,row,parts sum to the printed total,,,,trailing figures,75,36,68,85,264,,,,5,,0,,,check failed,"256 full rows tie, 4 do not; 55 partial not checked"
elections,2020,FY2020,199,1,,TOTAL,,subtotal,parts sum to the printed total,,,,trailing figures,164,75,123,162,524,,,,5,,0,,,check failed,"256 full rows tie, 4 do not; 55 partial not checked"
elections,2020,FY2020,199,1,,CAROL Z. HATCH**,,row,parts sum to the printed total,,,,trailing figures,49,15,29,45,138,,,,5,,0,,,check failed,"256 full rows tie, 4 do not; 55 partial not checked"
elections,2020,FY2020,199,1,,ALL OTHERS,,row,parts sum to the printed total,,,,trailing figures,8,3,2,8,21,,,,5,,0,,,check failed,"256 full rows tie, 4 do not; 55 partial not checked"
elections,2020,FY2020,199,1,,BLANKS,,row,parts sum to the printed total,,,,trailing figures,107,57,92,109,365,,,,5,,0,,,check failed,"256 full rows tie, 4 do not; 55 partial not checked"
elections,2020,FY2020,199,1,,TOTAL,,subtotal,parts sum to the printed total,,,,trailing figures,164,75,123,162,524,,,,5,,0,,,check failed,"256 full rows tie, 4 do not; 55 partial not checked"
elections,2020,FY2020,200,1,,TUESDAY SEPTEMBER,,row,not a full row — not checked,,,,trailing figures,1,2020,,,,,,,2,,0,,,check failed,"256 full rows tie, 4 do not; 55 partial not checked"
elections,2020,FY2020,200,1,,TOTAL REGISTERED VOTERS,,subtotal,parts sum to the printed total,,,,trailing figures,2012,1979,2296,1929,8216,,,,5,,0,,,check failed,"256 full rows tie, 4 do not; 55 partial not checked"
elections,2020,FY2020,200,1,,BALLOTS CAST,,row,parts sum to the printed total,,,,trailing figures,549,513,530,520,2112,,,,5,,0,,,check failed,"256 full rows tie, 4 do not; 55 partial not checked"
elections,2020,FY2020,200,1,,EDWARD J. MARKEY,,row,parts sum to the printed total,,,,trailing figures,311,280,277,289,1157,,,,5,,0,,,check failed,"256 full rows tie, 4 do not; 55 partial not checked"
elections,2020,FY2020,200,1,,"JOSEPH P. KENNEDY, III",,row,parts sum to the printed total,,,,trailing figures,236,228,252,231,947,,,,5,,0,,,check failed,"256 full rows tie, 4 do not; 55 partial not checked"
elections,2020,FY2020,200,1,,TOTAL,,subtotal,parts sum to the printed total,,,,trailing figures,549,513,530,520,2112,,,,5,,0,,,check failed,"256 full rows tie, 4 do not; 55 partial not checked"
elections,2020,FY2020,200,1,,LORI LOUREIRO TRAHAN,,row,parts sum to the printed total,,,,trailing figures,484,450,464,450,1848,,,,5,,0,,,check failed,"256 full rows tie, 4 do not; 55 partial not checked"
elections,2020,FY2020,200,1,,Blanks,,row,parts sum to the printed total,,,,trailing figures,62,59,63,70,254,,,,5,,0,,,check failed,"256 full rows tie, 4 do not; 55 partial not checked"
elections,2020,FY2020,200,1,,TOTAL,,subtotal,parts sum to the printed total,,,,trailing figures,549,513,530,520,2112,,,,5,,0,,,check failed,"256 full rows tie, 4 do not; 55 partial not checked"
elections,2020,FY2020,200,1,,PAUL M. DePALO,,row,parts sum to the printed total,,,,trailing figures,322,298,321,284,1225,,,,5,,0,,,check failed,"256 full rows tie, 4 do not; 55 partial not checked"
elections,2020,FY2020,200,1,,PADRAIC RAFFERTY,,row,parts sum to the printed total,,,,trailing figures,143,152,147,150,592,,,,5,,0,,,check failed,"256 full rows tie, 4 do not; 55 partial not checked"
elections,2020,FY2020,200,1,,Blanks,,row,parts sum to the printed total,,,,trailing figures,80,63,62,86,291,,,,5,,0,,,check failed,"256 full rows tie, 4 do not; 55 partial not checked"
elections,2020,FY2020,200,1,,TOTAL,,subtotal,parts sum to the printed total,,,,trailing figures,549,513,530,520,2112,,,,5,,0,,,check failed,"256 full rows tie, 4 do not; 55 partial not checked"
elections,2020,FY2020,200,1,,JOHN J. CRONIN,,row,parts sum to the printed total,,,,trailing figures,477,445,459,459,1840,,,,5,,0,,,check failed,"256 full rows tie, 4 do not; 55 partial not checked"
elections,2020,FY2020,200,1,,Blanks,,row,parts sum to the printed total,,,,trailing figures,70,67,68,61,266,,,,5,,0,,,check failed,"256 full rows tie, 4 do not; 55 partial not checked"
elections,2020,FY2020,200,1,,TOTAL,,subtotal,parts sum to the printed total,,,,trailing figures,549,513,530,520,2112,,,,5,,0,,,check failed,"256 full rows tie, 4 do not; 55 partial not checked"
elections,2020,FY2020,200,1,,DANILLO A. SENA 462 -,,row,not a full row — not checked,,,,trailing figures,446,429,1337,,,,,,3,,0,,,check failed,"256 full rows tie, 4 do not; 55 partial not checked"
elections,2020,FY2020,200,1,,Write-ins 2 -,,row,not a full row — not checked,,,,trailing figures,6,1,9,,,,,,3,,0,,,check failed,"256 full rows tie, 4 do not; 55 partial not checked"
elections,2020,FY2020,200,1,,Blanks  85 -,,row,not a full row — not checked,,,,trailing figures,78,90,253,,,,,,3,,0,,,check failed,"256 full rows tie, 4 do not; 55 partial not checked"
elections,2020,FY2020,200,1,,TOTAL 549 -,,subtotal,not a full row — not checked,,,,trailing figures,530,520,1599,,,,,,3,,0,,,check failed,"256 full rows tie, 4 do not; 55 partial not checked"
elections,2020,FY2020,201,1,,"JOHN B. DOLAN, III",,row,parts sum to the printed total,,,,trailing figures,242,232,227,211,912,,,,5,,0,,,check failed,"256 full rows tie, 4 do not; 55 partial not checked"
elections,2020,FY2020,201,1,,KASIA WENNERBERG,,row,parts sum to the printed total,,,,trailing figures,223,211,246,230,910,,,,5,,0,,,check failed,"256 full rows tie, 4 do not; 55 partial not checked"
elections,2020,FY2020,201,1,,Blanks,,row,parts sum to the printed total,,,,trailing figures,83,69,57,79,288,,,,5,,0,,,check failed,"256 full rows tie, 4 do not; 55 partial not checked"
elections,2020,FY2020,201,1,,TOTAL,,subtotal,parts sum to the printed total,,,,trailing figures,549,513,530,520,2112,,,,5,,0,,,check failed,"256 full rows tie, 4 do not; 55 partial not checked"
elections,2020,FY2020,201,1,,SHIVA AYYADURAI,,row,parts sum to the printed total,,,,trailing figures,78,52,92,76,298,,,,5,,0,,,check failed,"256 full rows tie, 4 do not; 55 partial not checked"
elections,2020,FY2020,201,1,,KEVIN J. O’CONNOR,,row,parts sum to the printed total,,,,trailing figures,98,102,123,86,409,,,,5,,0,,,check failed,"256 full rows tie, 4 do not; 55 partial not checked"
elections,2020,FY2020,201,1,,Blanks,,row,parts sum to the printed total,,,,trailing figures,3,3,5,5,16,,,,5,,0,,,check failed,"256 full rows tie, 4 do not; 55 partial not checked"
elections,2020,FY2020,201,1,,TOTAL,,subtotal,parts sum to the printed total,,,,trailing figures,180,157,220,167,724,,,,5,,0,,,check failed,"256 full rows tie, 4 do not; 55 partial not checked"
elections,2020,FY2020,201,1,,Write-ins,,row,parts sum to the printed total,,,,trailing figures,24,14,22,11,71,,,,5,,0,,,check failed,"256 full rows tie, 4 do not; 55 partial not checked"
elections,2020,FY2020,201,1,,Blanks,,row,parts sum to the printed total,,,,trailing figures,156,143,198,156,653,,,,5,,0,,,check failed,"256 full rows tie, 4 do not; 55 partial not checked"
elections,2020,FY2020,201,1,,TOTAL,,subtotal,parts sum to the printed total,,,,trailing figures,180,157,220,167,724,,,,5,,0,,,check failed,"256 full rows tie, 4 do not; 55 partial not checked"
elections,2020,FY2020,201,1,,Write-ins,,row,parts sum to the printed total,,,,trailing figures,20,8,13,9,50,,,,5,,0,,,check failed,"256 full rows tie, 4 do not; 55 partial not checked"
elections,2020,FY2020,201,1,,Blanks,,row,parts sum to the printed total,,,,trailing figures,160,149,207,158,674,,,,5,,0,,,check failed,"256 full rows tie, 4 do not; 55 partial not checked"
elections,2020,FY2020,201,1,,TOTAL,,subtotal,parts sum to the printed total,,,,trailing figures,180,157,220,167,724,,,,5,,0,,,check failed,"256 full rows tie, 4 do not; 55 partial not checked"
elections,2020,FY2020,201,1,,DEAN A. TRAN,,row,parts sum to the printed total,,,,trailing figures,172,143,201,151,667,,,,5,,0,,,check failed,"256 full rows tie, 4 do not; 55 partial not checked"
elections,2020,FY2020,201,1,,Write-ins,,row,parts sum to the printed total,,,,trailing figures,1,2,1,1,5,,,,5,,0,,,check failed,"256 full rows tie, 4 do not; 55 partial not checked"
elections,2020,FY2020,201,1,,Blanks,,row,parts sum to the printed total,,,,trailing figures,7,12,18,15,52,,,,5,,0,,,check failed,"256 full rows tie, 4 do not; 55 partial not checked"
elections,2020,FY2020,201,1,,TOTAL,,subtotal,parts sum to the printed total,,,,trailing figures,180,157,220,167,724,,,,5,,0,,,check failed,"256 full rows tie, 4 do not; 55 partial not checked"
elections,2020,FY2020,201,1,,CATHERINE J. CLARK 167 -,,row,not a full row — not checked,,,,trailing figures,192,151,510,,,,,,3,,0,,,check failed,"256 full rows tie, 4 do not; 55 partial not checked"
elections,2020,FY2020,201,1,,Write-ins 4 -,,row,not a full row — not checked,,,,trailing figures,1,1,6,,,,,,3,,0,,,check failed,"256 full rows tie, 4 do not; 55 partial not checked"
elections,2020,FY2020,201,1,,Blanks 9 -,,row,not a full row — not checked,,,,trailing figures,27,15,51,,,,,,3,,0,,,check failed,"256 full rows tie, 4 do not; 55 partial not checked"
elections,2020,FY2020,201,1,,TOTAL 180 -,,subtotal,not a full row — not checked,,,,trailing figures,220,167,567,,,,,,3,,0,,,check failed,"256 full rows tie, 4 do not; 55 partial not checked"
elections,2020,FY2020,202,1,,STEPHANIE K. FATTMAN,,row,parts sum to the printed total,,,,trailing figures,152,134,178,137,601,,,,5,,0,,,check failed,"256 full rows tie, 4 do not; 55 partial not checked"
elections,2020,FY2020,202,1,,Write-ins -,,row,not a full row — not checked,,,,trailing figures,1,2,2,5,,,,,4,,0,,,check failed,"256 full rows tie, 4 do not; 55 partial not checked"
elections,2020,FY2020,202,1,,Blanks,,row,parts sum to the printed total,,,,trailing figures,28,22,40,28,118,,,,5,,0,,,check failed,"256 full rows tie, 4 do not; 55 partial not checked"
elections,2020,FY2020,202,1,,TOTAL,,subtotal,parts sum to the printed total,,,,trailing figures,180,157,220,167,724,,,,5,,0,,,check failed,"256 full rows tie, 4 do not; 55 partial not checked"
elections,2020,FY2020,202,1,,Write-ins,,row,parts sum to the printed total,,,,trailing figures,2,1,1,0,4,,,,5,,0,,,check failed,"256 full rows tie, 4 do not; 55 partial not checked"
elections,2020,FY2020,202,1,,Blanks -,,row,not a full row — not checked,,,,trailing figures,1,1,2,,,,,,3,,0,,,check failed,"256 full rows tie, 4 do not; 55 partial not checked"
elections,2020,FY2020,203,1,,Write-ins,,row,parts sum to the printed total,,,,trailing figures,5,3,5,1,14,,,,5,,0,,,check failed,"256 full rows tie, 4 do not; 55 partial not checked"
elections,2020,FY2020,203,1,,TOTAL,,subtotal,parts sum to the printed total,,,,trailing figures,7,5,5,1,18,,,,5,,0,,,check failed,"256 full rows tie, 4 do not; 55 partial not checked"
elections,2020,FY2020,203,1,,Write-ins,,row,parts sum to the printed total,,,,trailing figures,4,1,4,1,10,,,,5,,0,,,check failed,"256 full rows tie, 4 do not; 55 partial not checked"
elections,2020,FY2020,203,1,,Blanks,,row,parts sum to the printed total,,,,trailing figures,3,4,1,0,8,,,,5,,0,,,check failed,"256 full rows tie, 4 do not; 55 partial not checked"
elections,2020,FY2020,203,1,,TOTAL,,subtotal,parts sum to the printed total,,,,trailing figures,7,5,5,1,18,,,,5,,0,,,check failed,"256 full rows tie, 4 do not; 55 partial not checked"
elections,2020,FY2020,203,1,,Write-ins,,row,parts sum to the printed total,,,,trailing figures,4,2,3,1,10,,,,5,,0,,,check failed,"256 full rows tie, 4 do not; 55 partial not checked"
elections,2020,FY2020,203,1,,TOTAL,,subtotal,parts sum to the printed total,,,,trailing figures,7,5,5,1,18,,,,5,,0,,,check failed,"256 full rows tie, 4 do not; 55 partial not checked"
elections,2020,FY2020,203,1,,Write-ins,,row,parts sum to the printed total,,,,trailing figures,4,1,4,1,10,,,,5,,0,,,check failed,"256 full rows tie, 4 do not; 55 partial not checked"
elections,2020,FY2020,203,1,,Blank,,row,parts sum to the printed total,,,,trailing figures,3,4,1,0,8,,,,5,,0,,,check failed,"256 full rows tie, 4 do not; 55 partial not checked"
elections,2020,FY2020,203,1,,TOTAL,,subtotal,parts sum to the printed total,,,,trailing figures,7,5,5,1,18,,,,5,,0,,,check failed,"256 full rows tie, 4 do not; 55 partial not checked"
elections,2020,FY2020,203,1,,Write-ins 4 -,,row,not a full row — not checked,,,,trailing figures,5,1,10,,,,,,3,,0,,,check failed,"256 full rows tie, 4 do not; 55 partial not checked"
elections,2020,FY2020,203,1,,TOTAL 7 -,,subtotal,not a full row — not checked,,,,trailing figures,5,1,13,,,,,,3,,0,,,check failed,"256 full rows tie, 4 do not; 55 partial not checked"
elections,2020,FY2020,204,1,,Write-ins,,row,parts sum to the printed total,,,,trailing figures,4,2,3,1,10,,,,5,,0,,,check failed,"256 full rows tie, 4 do not; 55 partial not checked"
elections,2020,FY2020,204,1,,TOTAL,,subtotal,parts sum to the printed total,,,,trailing figures,7,5,5,1,18,,,,5,,0,,,check failed,"256 full rows tie, 4 do not; 55 partial not checked"
elections,2020,FY2020,205,1,,STATE ELECTION – NOVEMBER,,row,not a full row — not checked,,,,trailing figures,3,2020,,,,,,,2,,0,,,check failed,"256 full rows tie, 4 do not; 55 partial not checked"
elections,2020,FY2020,205,1,,BIDEN / HARRIS,,row,parts sum to the printed total,,,,trailing figures,1014,955,1078,980,4027,,,,5,,0,,,check failed,"256 full rows tie, 4 do not; 55 partial not checked"
elections,2020,FY2020,205,1,,HAWKINS / WALKER,,row,parts sum to the printed total,,,,trailing figures,12,9,10,12,43,,,,5,,0,,,check failed,"256 full rows tie, 4 do not; 55 partial not checked"
elections,2020,FY2020,205,1,,JORGENSEN / COHEN,,row,parts sum to the printed total,,,,trailing figures,39,32,29,42,142,,,,5,,0,,,check failed,"256 full rows tie, 4 do not; 55 partial not checked"
elections,2020,FY2020,205,1,,TRUMP / PENCE,,row,parts sum to the printed total,,,,trailing figures,735,670,857,674,2936,,,,5,,0,,,check failed,"256 full rows tie, 4 do not; 55 partial not checked"
elections,2020,FY2020,205,1,,BLANKS,,row,parts sum to the printed total,,,,trailing figures,10,6,6,10,32,,,,5,,0,,,check failed,"256 full rows tie, 4 do not; 55 partial not checked"
elections,2020,FY2020,205,1,,Write-ins,,row,parts sum to the printed total,,,,trailing figures,13,10,10,11,44,,,,5,,0,,,check failed,"256 full rows tie, 4 do not; 55 partial not checked"
elections,2020,FY2020,205,1,,TOTAL,,subtotal,parts sum to the printed total,,,,trailing figures,1823,1682,1990,1729,7224,,,,5,,0,,,check failed,"256 full rows tie, 4 do not; 55 partial not checked"
elections,2020,FY2020,205,1,,EDWARD J. MARKEY,,row,parts sum to the printed total,,,,trailing figures,983,964,1041,952,3940,,,,5,,0,,,check failed,"256 full rows tie, 4 do not; 55 partial not checked"
elections,2020,FY2020,205,1,,KEVIN J. O’CONNOR,,row,parts sum to the printed total,,,,trailing figures,764,658,868,728,3018,,,,5,,0,,,check failed,"256 full rows tie, 4 do not; 55 partial not checked"
elections,2020,FY2020,205,1,,SHIVA AYYADURAI,,row,parts sum to the printed total,,,,trailing figures,37,10,40,20,107,,,,5,,0,,,check failed,"256 full rows tie, 4 do not; 55 partial not checked"
elections,2020,FY2020,205,1,,BLANKS,,row,parts sum to the printed total,,,,trailing figures,31,40,39,21,131,,,,5,,0,,,check failed,"256 full rows tie, 4 do not; 55 partial not checked"
elections,2020,FY2020,205,1,,Write-ins,,row,parts sum to the printed total,,,,trailing figures,8,10,2,8,28,,,,5,,0,,,check failed,"256 full rows tie, 4 do not; 55 partial not checked"
elections,2020,FY2020,205,1,,TOTAL,,subtotal,parts sum to the printed total,,,,trailing figures,1823,1682,1990,1729,7224,,,,5,,0,,,check failed,"256 full rows tie, 4 do not; 55 partial not checked"
elections,2020,FY2020,205,1,,LORI LOUREIRO TRAHAN,,row,parts sum to the printed total,,,,trailing figures,1306,1231,1368,1233,5138,,,,5,,0,,,check failed,"256 full rows tie, 4 do not; 55 partial not checked"
elections,2020,FY2020,205,1,,BLANKS,,row,parts sum to the printed total,,,,trailing figures,427,386,515,423,1751,,,,5,,0,,,check failed,"256 full rows tie, 4 do not; 55 partial not checked"
elections,2020,FY2020,205,1,,Write-ins,,row,parts sum to the printed total,,,,trailing figures,90,65,107,73,335,,,,5,,0,,,check failed,"256 full rows tie, 4 do not; 55 partial not checked"
elections,2020,FY2020,205,1,,TOTAL,,subtotal,parts sum to the printed total,,,,trailing figures,1823,1682,1990,1729,7224,,,,5,,0,,,check failed,"256 full rows tie, 4 do not; 55 partial not checked"
elections,2020,FY2020,205,1,,PAUL M. DePALO,,row,parts sum to the printed total,,,,trailing figures,1269,1172,1323,1197,4961,,,,5,,0,,,check failed,"256 full rows tie, 4 do not; 55 partial not checked"
elections,2020,FY2020,205,1,,BLANKS,,row,parts sum to the printed total,,,,trailing figures,502,475,609,482,2068,,,,5,,0,,,check failed,"256 full rows tie, 4 do not; 55 partial not checked"
elections,2020,FY2020,205,1,,Write-ins,,row,parts sum to the printed total,,,,trailing figures,52,35,58,50,195,,,,5,,0,,,check failed,"256 full rows tie, 4 do not; 55 partial not checked"
elections,2020,FY2020,205,1,,TOTAL,,subtotal,parts sum to the printed total,,,,trailing figures,1823,1682,1990,1729,7224,,,,5,,0,,,check failed,"256 full rows tie, 4 do not; 55 partial not checked"
elections,2020,FY2020,205,1,,DEANA. TRAN,,row,parts sum to the printed total,,,,trailing figures,806,742,923,742,3213,,,,5,,0,,,check failed,"256 full rows tie, 4 do not; 55 partial not checked"
elections,2020,FY2020,205,1,,JOHN J. CRONIN,,row,parts sum to the printed total,,,,trailing figures,962,888,1003,941,3794,,,,5,,0,,,check failed,"256 full rows tie, 4 do not; 55 partial not checked"
elections,2020,FY2020,205,1,,BLANKS,,row,parts sum to the printed total,,,,trailing figures,52,51,53,41,197,,,,5,,0,,,check failed,"256 full rows tie, 4 do not; 55 partial not checked"
elections,2020,FY2020,205,1,,Write-ins,,row,parts sum to the printed total,,,,trailing figures,3,1,11,5,20,,,,5,,0,,,check failed,"256 full rows tie, 4 do not; 55 partial not checked"
elections,2020,FY2020,205,1,,TOTAL,,subtotal,parts sum to the printed total,,,,trailing figures,1823,1682,1990,1729,7224,,,,5,,0,,,check failed,"256 full rows tie, 4 do not; 55 partial not checked"
elections,2020,FY2020,205,1,,TOTAL REGISTERED VOTERS,,subtotal,parts sum to the printed total,,,,trailing figures,2092,2101,2367,2006,8566,,,,5,,0,,,check failed,"256 full rows tie, 4 do not; 55 partial not checked"
elections,2020,FY2020,205,1,,BALLOTS CAST,,row,parts sum to the printed total,,,,trailing figures,1823,1682,1990,1729,7224,,,,5,,0,,,check failed,"256 full rows tie, 4 do not; 55 partial not checked"
elections,2020,FY2020,206,1,,DANILLO A. SENA 803 -,,row,not a full row — not checked,,,,trailing figures,772,740,2315,,,,,,3,,0,,,check failed,"256 full rows tie, 4 do not; 55 partial not checked"
elections,2020,FY2020,206,1,,CATHERINE J. CLARK,,row,not a full row — not checked,,,,trailing figures,948,1120,922,2990,,,,,4,,0,,,check failed,"256 full rows tie, 4 do not; 55 partial not checked"
elections,2020,FY2020,206,1,,BLANKS 65 -,,row,not a full row — not checked,,,,trailing figures,97,64,226,,,,,,3,,0,,,check failed,"256 full rows tie, 4 do not; 55 partial not checked"
elections,2020,FY2020,206,1,,Write-ins,,row,not a full row — not checked,,,,trailing figures,7,1,3,11,,,,,4,,0,,,check failed,"256 full rows tie, 4 do not; 55 partial not checked"
elections,2020,FY2020,206,1,,TOTAL 1823 -,,subtotal,not a full row — not checked,,,,trailing figures,1990,1729,5542,,,,,,3,,0,,,check failed,"256 full rows tie, 4 do not; 55 partial not checked"
elections,2020,FY2020,206,1,,MICHAEL P. KUSHMEREK,,row,not a full row — not checked,,,,trailing figures,837,837,,,,,,,2,,0,,,check failed,"256 full rows tie, 4 do not; 55 partial not checked"
elections,2020,FY2020,206,1,,STEPHANIE K. FATTMAN,,row,parts sum to the printed total,,,,trailing figures,940,822,1054,888,3704,,,,5,,0,,,check failed,"256 full rows tie, 4 do not; 55 partial not checked"
elections,2020,FY2020,206,1,,"JOHN B. DOLAN, III",,row,parts sum to the printed total,,,,trailing figures,681,669,702,667,2719,,,,5,,0,,,check failed,"256 full rows tie, 4 do not; 55 partial not checked"
elections,2020,FY2020,206,1,,BLANKS,,row,parts sum to the printed total,,,,trailing figures,202,189,229,174,794,,,,5,,0,,,check failed,"256 full rows tie, 4 do not; 55 partial not checked"
elections,2020,FY2020,206,1,,TOTAL,,subtotal,parts sum to the printed total,,,,trailing figures,1823,1682,1990,1729,7224,,,,5,,0,,,check failed,"256 full rows tie, 4 do not; 55 partial not checked"
elections,2020,FY2020,206,1,,YES,,row,parts sum to the printed total,,,,trailing figures,1348,1268,1481,1332,5429,,,,5,,0,,,check failed,"256 full rows tie, 4 do not; 55 partial not checked"
elections,2020,FY2020,206,1,,NO,,row,parts sum to the printed total,,,,trailing figures,417,399,469,359,1644,,,,5,,0,,,check failed,"256 full rows tie, 4 do not; 55 partial not checked"
elections,2020,FY2020,206,1,,BLANKS,,row,parts sum to the printed total,,,,trailing figures,58,15,40,38,151,,,,5,,0,,,check failed,"256 full rows tie, 4 do not; 55 partial not checked"
elections,2020,FY2020,206,1,,TOTAL,,subtotal,parts sum to the printed total,,,,trailing figures,1823,1682,1990,1729,7224,,,,5,,0,,,check failed,"256 full rows tie, 4 do not; 55 partial not checked"
elections,2020,FY2020,206,1,,YES,,row,parts sum to the printed total,,,,trailing figures,692,660,737,734,2823,,,,5,,0,,,check failed,"256 full rows tie, 4 do not; 55 partial not checked"
elections,2020,FY2020,206,1,,NO,,row,parts sum to the printed total,,,,trailing figures,1081,984,1201,947,4213,,,,5,,0,,,check failed,"256 full rows tie, 4 do not; 55 partial not checked"
elections,2020,FY2020,206,1,,BLANKS,,row,parts sum to the printed total,,,,trailing figures,50,38,52,48,188,,,,5,,0,,,check failed,"256 full rows tie, 4 do not; 55 partial not checked"
elections,2020,FY2020,206,1,,TOTAL,,subtotal,parts sum to the printed total,,,,trailing figures,1823,1682,1990,1729,7224,,,,5,,0,,,check failed,"256 full rows tie, 4 do not; 55 partial not checked"
elections,2021,FY2021,6,,,,,row,not a full row — not checked,,,,ANNUAL TOWN ELECTION- 3RD SATURDAY IN MAY | ANNUAL TOWN MEETING- 1ST SATURDAY IN MAY | ROAD MILES-ABOUT 100 | Lunenburg was settled in 1718 and incorporated in 1728. It occupies a land area of approxi,5,,,,,,,,1,,0,,,no check,no total printed
elections,2021,FY2021,157,1,,*TIMOTHY W. MURPHY,,row,parts sum to the printed total,,,,ANNUAL TOWN ELECTION- 3RD SATURDAY IN MAY | ANNUAL TOWN MEETING- 1ST SATURDAY IN MAY | ROAD MILES-ABOUT 100 | Lunenburg was settled in 1718 and incorporated in 1728. It occupies a land area of approxi,19,29,29,94,171,,,,5,,0,,,checked,41 full rows: parts sum to their printed total; 17 partial not checked
elections,2021,FY2021,157,1,,ALL OTHERS,,row,parts sum to the printed total,,,,ANNUAL TOWN ELECTION- 3RD SATURDAY IN MAY | ANNUAL TOWN MEETING- 1ST SATURDAY IN MAY | ROAD MILES-ABOUT 100 | Lunenburg was settled in 1718 and incorporated in 1728. It occupies a land area of approxi,3,2,4,4,13,,,,5,,0,,,checked,41 full rows: parts sum to their printed total; 17 partial not checked
elections,2021,FY2021,157,1,,BLANKS,,row,parts sum to the printed total,,,,ANNUAL TOWN ELECTION- 3RD SATURDAY IN MAY | ANNUAL TOWN MEETING- 1ST SATURDAY IN MAY | ROAD MILES-ABOUT 100 | Lunenburg was settled in 1718 and incorporated in 1728. It occupies a land area of approxi,256,89,107,189,641,,,,5,,0,,,checked,41 full rows: parts sum to their printed total; 17 partial not checked
elections,2021,FY2021,157,1,,TOTAL,,subtotal,parts sum to the printed total,,,,ANNUAL TOWN ELECTION- 3RD SATURDAY IN MAY | ANNUAL TOWN MEETING- 1ST SATURDAY IN MAY | ROAD MILES-ABOUT 100 | Lunenburg was settled in 1718 and incorporated in 1728. It occupies a land area of approxi,278,120,140,287,825,,,,5,,0,,,checked,41 full rows: parts sum to their printed total; 17 partial not checked
elections,2021,FY2021,157,1,,KATHRYN E. ADAMS,,row,parts sum to the printed total,,,,ANNUAL TOWN ELECTION- 3RD SATURDAY IN MAY | ANNUAL TOWN MEETING- 1ST SATURDAY IN MAY | ROAD MILES-ABOUT 100 | Lunenburg was settled in 1718 and incorporated in 1728. It occupies a land area of approxi,120,54,51,104,329,,,,5,,0,,,checked,41 full rows: parts sum to their printed total; 17 partial not checked
elections,2021,FY2021,157,1,,**LOUIS J. FRANCO,,row,parts sum to the printed total,,,,ANNUAL TOWN ELECTION- 3RD SATURDAY IN MAY | ANNUAL TOWN MEETING- 1ST SATURDAY IN MAY | ROAD MILES-ABOUT 100 | Lunenburg was settled in 1718 and incorporated in 1728. It occupies a land area of approxi,143,61,83,178,465,,,,5,,0,,,checked,41 full rows: parts sum to their printed total; 17 partial not checked
elections,2021,FY2021,157,1,,ALL OTHERS,,row,not a full row — not checked,,,,ANNUAL TOWN ELECTION- 3RD SATURDAY IN MAY | ANNUAL TOWN MEETING- 1ST SATURDAY IN MAY | ROAD MILES-ABOUT 100 | Lunenburg was settled in 1718 and incorporated in 1728. It occupies a land area of approxi,6,0,6,,,,,,3,,0,,,checked,41 full rows: parts sum to their printed total; 17 partial not checked
elections,2021,FY2021,157,1,,BLANKS,,row,parts sum to the printed total,,,,ANNUAL TOWN ELECTION- 3RD SATURDAY IN MAY | ANNUAL TOWN MEETING- 1ST SATURDAY IN MAY | ROAD MILES-ABOUT 100 | Lunenburg was settled in 1718 and incorporated in 1728. It occupies a land area of approxi,9,5,6,5,25,,,,5,,0,,,checked,41 full rows: parts sum to their printed total; 17 partial not checked
elections,2021,FY2021,157,1,,TOTAL,,subtotal,parts sum to the printed total,,,,ANNUAL TOWN ELECTION- 3RD SATURDAY IN MAY | ANNUAL TOWN MEETING- 1ST SATURDAY IN MAY | ROAD MILES-ABOUT 100 | Lunenburg was settled in 1718 and incorporated in 1728. It occupies a land area of approxi,278,120,140,287,825,,,,5,,0,,,checked,41 full rows: parts sum to their printed total; 17 partial not checked
elections,2021,FY2021,157,1,,**DAVID V.,,row,parts sum to the printed total,,,,ANNUAL TOWN ELECTION- 3RD SATURDAY IN MAY | ANNUAL TOWN MEETING- 1ST SATURDAY IN MAY | ROAD MILES-ABOUT 100 | Lunenburg was settled in 1718 and incorporated in 1728. It occupies a land area of approxi,208,87,96,212,603,,,,5,,0,,,checked,41 full rows: parts sum to their printed total; 17 partial not checked
elections,2021,FY2021,157,1,,ALL OTHERS,,row,parts sum to the printed total,,,,ANNUAL TOWN ELECTION- 3RD SATURDAY IN MAY | ANNUAL TOWN MEETING- 1ST SATURDAY IN MAY | ROAD MILES-ABOUT 100 | Lunenburg was settled in 1718 and incorporated in 1728. It occupies a land area of approxi,4,2,3,1,10,,,,5,,0,,,checked,41 full rows: parts sum to their printed total; 17 partial not checked
elections,2021,FY2021,157,1,,BLANKS,,row,not a full row — not checked,,,,ANNUAL TOWN ELECTION- 3RD SATURDAY IN MAY | ANNUAL TOWN MEETING- 1ST SATURDAY IN MAY | ROAD MILES-ABOUT 100 | Lunenburg was settled in 1718 and incorporated in 1728. It occupies a land area of approxi,66,31,41,74,,,,,4,,0,,,checked,41 full rows: parts sum to their printed total; 17 partial not checked
elections,2021,FY2021,157,1,,TOTAL,,subtotal,parts sum to the printed total,,,,ANNUAL TOWN ELECTION- 3RD SATURDAY IN MAY | ANNUAL TOWN MEETING- 1ST SATURDAY IN MAY | ROAD MILES-ABOUT 100 | Lunenburg was settled in 1718 and incorporated in 1728. It occupies a land area of approxi,278,120,140,287,825,,,,5,,0,,,checked,41 full rows: parts sum to their printed total; 17 partial not checked
elections,2021,FY2021,157,1,,**MICHAEL J. NAULT,,row,parts sum to the printed total,,,,ANNUAL TOWN ELECTION- 3RD SATURDAY IN MAY | ANNUAL TOWN MEETING- 1ST SATURDAY IN MAY | ROAD MILES-ABOUT 100 | Lunenburg was settled in 1718 and incorporated in 1728. It occupies a land area of approxi,208,82,97,211,598,,,,5,,0,,,checked,41 full rows: parts sum to their printed total; 17 partial not checked
elections,2021,FY2021,157,1,,ALL OTHERS,,row,not a full row — not checked,,,,ANNUAL TOWN ELECTION- 3RD SATURDAY IN MAY | ANNUAL TOWN MEETING- 1ST SATURDAY IN MAY | ROAD MILES-ABOUT 100 | Lunenburg was settled in 1718 and incorporated in 1728. It occupies a land area of approxi,4,1,6,,,,,,3,,0,,,checked,41 full rows: parts sum to their printed total; 17 partial not checked
elections,2021,FY2021,157,1,,BLANKS,,row,one cell short — the missing value is derivable from the printed total,one cell missing; from this row's own printed total it must be 66,,,ANNUAL TOWN ELECTION- 3RD SATURDAY IN MAY | ANNUAL TOWN MEETING- 1ST SATURDAY IN MAY | ROAD MILES-ABOUT 100 | Lunenburg was settled in 1718 and incorporated in 1728. It occupies a land area of approxi,38,42,75,221,,,,,4,,0,,,checked,41 full rows: parts sum to their printed total; 17 partial not checked
elections,2021,FY2021,157,1,,TOTAL,,subtotal,parts sum to the printed total,,,,ANNUAL TOWN ELECTION- 3RD SATURDAY IN MAY | ANNUAL TOWN MEETING- 1ST SATURDAY IN MAY | ROAD MILES-ABOUT 100 | Lunenburg was settled in 1718 and incorporated in 1728. It occupies a land area of approxi,278,120,140,287,825,,,,5,,0,,,checked,41 full rows: parts sum to their printed total; 17 partial not checked
elections,2021,FY2021,157,1,,**PAUL J. FORTIN,,row,one cell short — the missing value is derivable from the printed total,one cell missing; from this row's own printed total it must be 86,,,ANNUAL TOWN ELECTION- 3RD SATURDAY IN MAY | ANNUAL TOWN MEETING- 1ST SATURDAY IN MAY | ROAD MILES-ABOUT 100 | Lunenburg was settled in 1718 and incorporated in 1728. It occupies a land area of approxi,182,81,187,536,,,,,4,,0,,,checked,41 full rows: parts sum to their printed total; 17 partial not checked
elections,2021,FY2021,157,1,,**LISA A. NORMANDIN,,row,one cell short — the missing value is derivable from the printed total,one cell missing; from this row's own printed total it must be 78,,,ANNUAL TOWN ELECTION- 3RD SATURDAY IN MAY | ANNUAL TOWN MEETING- 1ST SATURDAY IN MAY | ROAD MILES-ABOUT 100 | Lunenburg was settled in 1718 and incorporated in 1728. It occupies a land area of approxi,,23,30,70,201,,,,4,,0,,,checked,41 full rows: parts sum to their printed total; 17 partial not checked
elections,2021,FY2021,157,1,,ALL OTHERS,,row,one cell short — the missing value is derivable from the printed total,one cell missing; from this row's own printed total it must be 5,,,ANNUAL TOWN ELECTION- 3RD SATURDAY IN MAY | ANNUAL TOWN MEETING- 1ST SATURDAY IN MAY | ROAD MILES-ABOUT 100 | Lunenburg was settled in 1718 and incorporated in 1728. It occupies a land area of approxi,1,2,2,10,,,,,4,,0,,,checked,41 full rows: parts sum to their printed total; 17 partial not checked
elections,2021,FY2021,158,1,,BLANKS,,row,parts sum to the printed total,,,,ANNUAL TOWN ELECTION- 3RD SATURDAY IN MAY | ANNUAL TOWN MEETING- 1ST SATURDAY IN MAY | ROAD MILES-ABOUT 100 | Lunenburg was settled in 1718 and incorporated in 1728. It occupies a land area of approxi,247,112,123,238,720,,,,5,,0,,,checked,41 full rows: parts sum to their printed total; 17 partial not checked
elections,2021,FY2021,158,1,,TOTAL,,subtotal,parts sum to the printed total,,,,ANNUAL TOWN ELECTION- 3RD SATURDAY IN MAY | ANNUAL TOWN MEETING- 1ST SATURDAY IN MAY | ROAD MILES-ABOUT 100 | Lunenburg was settled in 1718 and incorporated in 1728. It occupies a land area of approxi,278,120,140,287,825,,,,5,,0,,,checked,41 full rows: parts sum to their printed total; 17 partial not checked
elections,2021,FY2021,158,1,,ALL OTHERS,,row,one cell short — the missing value is derivable from the printed total,one cell missing; from this row's own printed total it must be 1,,,ANNUAL TOWN ELECTION- 3RD SATURDAY IN MAY | ANNUAL TOWN MEETING- 1ST SATURDAY IN MAY | ROAD MILES-ABOUT 100 | Lunenburg was settled in 1718 and incorporated in 1728. It occupies a land area of approxi,2,4,2,9,,,,,4,,0,,,checked,41 full rows: parts sum to their printed total; 17 partial not checked
elections,2021,FY2021,158,1,,BLANKS,,row,parts sum to the printed total,,,,ANNUAL TOWN ELECTION- 3RD SATURDAY IN MAY | ANNUAL TOWN MEETING- 1ST SATURDAY IN MAY | ROAD MILES-ABOUT 100 | Lunenburg was settled in 1718 and incorporated in 1728. It occupies a land area of approxi,277,119,136,284,816,,,,5,,0,,,checked,41 full rows: parts sum to their printed total; 17 partial not checked
elections,2021,FY2021,158,1,,TOTAL,,subtotal,parts sum to the printed total,,,,ANNUAL TOWN ELECTION- 3RD SATURDAY IN MAY | ANNUAL TOWN MEETING- 1ST SATURDAY IN MAY | ROAD MILES-ABOUT 100 | Lunenburg was settled in 1718 and incorporated in 1728. It occupies a land area of approxi,278,121,140,286,825,,,,5,,0,,,checked,41 full rows: parts sum to their printed total; 17 partial not checked
elections,2021,FY2021,158,1,,**SEAMUS KELLY,,row,one cell short — the missing value is derivable from the printed total,one cell missing; from this row's own printed total it must be 2,,,ANNUAL TOWN ELECTION- 3RD SATURDAY IN MAY | ANNUAL TOWN MEETING- 1ST SATURDAY IN MAY | ROAD MILES-ABOUT 100 | Lunenburg was settled in 1718 and incorporated in 1728. It occupies a land area of approxi,7,4,17,30,,,,,4,,0,,,checked,41 full rows: parts sum to their printed total; 17 partial not checked
elections,2021,FY2021,158,1,,ALL OTHERS,,row,parts sum to the printed total,,,,ANNUAL TOWN ELECTION- 3RD SATURDAY IN MAY | ANNUAL TOWN MEETING- 1ST SATURDAY IN MAY | ROAD MILES-ABOUT 100 | Lunenburg was settled in 1718 and incorporated in 1728. It occupies a land area of approxi,12,2,6,10,30,,,,5,,0,,,checked,41 full rows: parts sum to their printed total; 17 partial not checked
elections,2021,FY2021,158,1,,BLANKS,,row,parts sum to the printed total,,,,ANNUAL TOWN ELECTION- 3RD SATURDAY IN MAY | ANNUAL TOWN MEETING- 1ST SATURDAY IN MAY | ROAD MILES-ABOUT 100 | Lunenburg was settled in 1718 and incorporated in 1728. It occupies a land area of approxi,259,116,130,260,765,,,,5,,0,,,checked,41 full rows: parts sum to their printed total; 17 partial not checked
elections,2021,FY2021,158,1,,TOTAL,,subtotal,parts sum to the printed total,,,,ANNUAL TOWN ELECTION- 3RD SATURDAY IN MAY | ANNUAL TOWN MEETING- 1ST SATURDAY IN MAY | ROAD MILES-ABOUT 100 | Lunenburg was settled in 1718 and incorporated in 1728. It occupies a land area of approxi,278,120,140,287,825,,,,5,,0,,,checked,41 full rows: parts sum to their printed total; 17 partial not checked
elections,2021,FY2021,158,1,,**CHRISTOPER J. SULLIVAN,,row,parts sum to the printed total,,,,ANNUAL TOWN ELECTION- 3RD SATURDAY IN MAY | ANNUAL TOWN MEETING- 1ST SATURDAY IN MAY | ROAD MILES-ABOUT 100 | Lunenburg was settled in 1718 and incorporated in 1728. It occupies a land area of approxi,202,90,98,203,593,,,,5,,0,,,checked,41 full rows: parts sum to their printed total; 17 partial not checked
elections,2021,FY2021,158,1,,ALL OTHERS,,row,not a full row — not checked,,,,ANNUAL TOWN ELECTION- 3RD SATURDAY IN MAY | ANNUAL TOWN MEETING- 1ST SATURDAY IN MAY | ROAD MILES-ABOUT 100 | Lunenburg was settled in 1718 and incorporated in 1728. It occupies a land area of approxi,2,1,3,,,,,,3,,0,,,checked,41 full rows: parts sum to their printed total; 17 partial not checked
elections,2021,FY2021,158,1,,BLANKS,,row,one cell short — the missing value is derivable from the printed total,one cell missing; from this row's own printed total it must be 42,,,ANNUAL TOWN ELECTION- 3RD SATURDAY IN MAY | ANNUAL TOWN MEETING- 1ST SATURDAY IN MAY | ROAD MILES-ABOUT 100 | Lunenburg was settled in 1718 and incorporated in 1728. It occupies a land area of approxi,74,29,84,229,,,,,4,,0,,,checked,41 full rows: parts sum to their printed total; 17 partial not checked
elections,2021,FY2021,158,1,,TOTAL,,subtotal,parts sum to the printed total,,,,ANNUAL TOWN ELECTION- 3RD SATURDAY IN MAY | ANNUAL TOWN MEETING- 1ST SATURDAY IN MAY | ROAD MILES-ABOUT 100 | Lunenburg was settled in 1718 and incorporated in 1728. It occupies a land area of approxi,278,120,140,287,825,,,,5,,0,,,checked,41 full rows: parts sum to their printed total; 17 partial not checked
elections,2021,FY2021,158,1,,**KARIN L. MENARD,,row,parts sum to the printed total,,,,ANNUAL TOWN ELECTION- 3RD SATURDAY IN MAY | ANNUAL TOWN MEETING- 1ST SATURDAY IN MAY | ROAD MILES-ABOUT 100 | Lunenburg was settled in 1718 and incorporated in 1728. It occupies a land area of approxi,197,88,98,197,580,,,,5,,0,,,checked,41 full rows: parts sum to their printed total; 17 partial not checked
elections,2021,FY2021,158,1,,ALL OTHERS,,row,not a full row — not checked,,,,ANNUAL TOWN ELECTION- 3RD SATURDAY IN MAY | ANNUAL TOWN MEETING- 1ST SATURDAY IN MAY | ROAD MILES-ABOUT 100 | Lunenburg was settled in 1718 and incorporated in 1728. It occupies a land area of approxi,6,1,1,8,,,,,4,,0,,,checked,41 full rows: parts sum to their printed total; 17 partial not checked
elections,2021,FY2021,158,1,,BLANKS,,row,one cell short — the missing value is derivable from the printed total,one cell missing; from this row's own printed total it must be 41,,,ANNUAL TOWN ELECTION- 3RD SATURDAY IN MAY | ANNUAL TOWN MEETING- 1ST SATURDAY IN MAY | ROAD MILES-ABOUT 100 | Lunenburg was settled in 1718 and incorporated in 1728. It occupies a land area of approxi,75,32,89,237,,,,,4,,0,,,checked,41 full rows: parts sum to their printed total; 17 partial not checked
elections,2021,FY2021,158,1,,TOTAL,,subtotal,parts sum to the printed total,,,,ANNUAL TOWN ELECTION- 3RD SATURDAY IN MAY | ANNUAL TOWN MEETING- 1ST SATURDAY IN MAY | ROAD MILES-ABOUT 100 | Lunenburg was settled in 1718 and incorporated in 1728. It occupies a land area of approxi,278,120,140,287,825,,,,5,,0,,,checked,41 full rows: parts sum to their printed total; 17 partial not checked
elections,2021,FY2021,159,1,,ALL OTHERS,,row,parts sum to the printed total,,,,ANNUAL TOWN ELECTION- 3RD SATURDAY IN MAY | ANNUAL TOWN MEETING- 1ST SATURDAY IN MAY | ROAD MILES-ABOUT 100 | Lunenburg was settled in 1718 and incorporated in 1728. It occupies a land area of approxi,3,2,4,6,15,,,,5,,0,,,checked,41 full rows: parts sum to their printed total; 17 partial not checked
elections,2021,FY2021,159,1,,BLANKS,,row,parts sum to the printed total,,,,ANNUAL TOWN ELECTION- 3RD SATURDAY IN MAY | ANNUAL TOWN MEETING- 1ST SATURDAY IN MAY | ROAD MILES-ABOUT 100 | Lunenburg was settled in 1718 and incorporated in 1728. It occupies a land area of approxi,275,118,136,281,810,,,,5,,0,,,checked,41 full rows: parts sum to their printed total; 17 partial not checked
elections,2021,FY2021,159,1,,TOTAL,,subtotal,parts sum to the printed total,,,,ANNUAL TOWN ELECTION- 3RD SATURDAY IN MAY | ANNUAL TOWN MEETING- 1ST SATURDAY IN MAY | ROAD MILES-ABOUT 100 | Lunenburg was settled in 1718 and incorporated in 1728. It occupies a land area of approxi,278,120,140,287,825,,,,5,,0,,,checked,41 full rows: parts sum to their printed total; 17 partial not checked
elections,2021,FY2021,159,1,,**DAVID H. DORREN,,row,parts sum to the printed total,,,,ANNUAL TOWN ELECTION- 3RD SATURDAY IN MAY | ANNUAL TOWN MEETING- 1ST SATURDAY IN MAY | ROAD MILES-ABOUT 100 | Lunenburg was settled in 1718 and incorporated in 1728. It occupies a land area of approxi,210,87,97,205,599,,,,5,,0,,,checked,41 full rows: parts sum to their printed total; 17 partial not checked
elections,2021,FY2021,159,1,,ALL OTHERS,,row,not a full row — not checked,,,,ANNUAL TOWN ELECTION- 3RD SATURDAY IN MAY | ANNUAL TOWN MEETING- 1ST SATURDAY IN MAY | ROAD MILES-ABOUT 100 | Lunenburg was settled in 1718 and incorporated in 1728. It occupies a land area of approxi,1,1,2,,,,,,3,,0,,,checked,41 full rows: parts sum to their printed total; 17 partial not checked
elections,2021,FY2021,159,1,,BLANKS,,row,parts sum to the printed total,,,,ANNUAL TOWN ELECTION- 3RD SATURDAY IN MAY | ANNUAL TOWN MEETING- 1ST SATURDAY IN MAY | ROAD MILES-ABOUT 100 | Lunenburg was settled in 1718 and incorporated in 1728. It occupies a land area of approxi,67,32,43,82,224,,,,5,,0,,,checked,41 full rows: parts sum to their printed total; 17 partial not checked
elections,2021,FY2021,159,1,,TOTAL,,subtotal,parts sum to the printed total,,,,ANNUAL TOWN ELECTION- 3RD SATURDAY IN MAY | ANNUAL TOWN MEETING- 1ST SATURDAY IN MAY | ROAD MILES-ABOUT 100 | Lunenburg was settled in 1718 and incorporated in 1728. It occupies a land area of approxi,278,120,140,287,825,,,,5,,0,,,checked,41 full rows: parts sum to their printed total; 17 partial not checked
elections,2021,FY2021,159,1,,**MAIA CE WENTRUP,,row,parts sum to the printed total,,,,ANNUAL TOWN ELECTION- 3RD SATURDAY IN MAY | ANNUAL TOWN MEETING- 1ST SATURDAY IN MAY | ROAD MILES-ABOUT 100 | Lunenburg was settled in 1718 and incorporated in 1728. It occupies a land area of approxi,201,89,92,200,582,,,,5,,0,,,checked,41 full rows: parts sum to their printed total; 17 partial not checked
elections,2021,FY2021,159,1,,**ROBERT M. CONROY,,row,parts sum to the printed total,,,,ANNUAL TOWN ELECTION- 3RD SATURDAY IN MAY | ANNUAL TOWN MEETING- 1ST SATURDAY IN MAY | ROAD MILES-ABOUT 100 | Lunenburg was settled in 1718 and incorporated in 1728. It occupies a land area of approxi,198,87,96,207,588,,,,5,,0,,,checked,41 full rows: parts sum to their printed total; 17 partial not checked
elections,2021,FY2021,159,1,,**LAURA J. BOUSSOM,,row,one cell short — the missing value is derivable from the printed total,one cell missing; from this row's own printed total it must be 87,,,ANNUAL TOWN ELECTION- 3RD SATURDAY IN MAY | ANNUAL TOWN MEETING- 1ST SATURDAY IN MAY | ROAD MILES-ABOUT 100 | Lunenburg was settled in 1718 and incorporated in 1728. It occupies a land area of approxi,210,98,210,605,,,,,4,,0,,,checked,41 full rows: parts sum to their printed total; 17 partial not checked
elections,2021,FY2021,159,1,,ALL OTHERS,,row,not a full row — not checked,,,,ANNUAL TOWN ELECTION- 3RD SATURDAY IN MAY | ANNUAL TOWN MEETING- 1ST SATURDAY IN MAY | ROAD MILES-ABOUT 100 | Lunenburg was settled in 1718 and incorporated in 1728. It occupies a land area of approxi,0,0,3,3,,,,,4,,0,,,checked,41 full rows: parts sum to their printed total; 17 partial not checked
elections,2021,FY2021,159,1,,BLANKS,,row,one cell short — the missing value is derivable from the printed total,one cell missing; from this row's own printed total it must be 97,,,ANNUAL TOWN ELECTION- 3RD SATURDAY IN MAY | ANNUAL TOWN MEETING- 1ST SATURDAY IN MAY | ROAD MILES-ABOUT 100 | Lunenburg was settled in 1718 and incorporated in 1728. It occupies a land area of approxi,225,134,241,697,,,,,4,,0,,,checked,41 full rows: parts sum to their printed total; 17 partial not checked
elections,2021,FY2021,159,1,,TOTAL,,subtotal,parts sum to the printed total,,,,ANNUAL TOWN ELECTION- 3RD SATURDAY IN MAY | ANNUAL TOWN MEETING- 1ST SATURDAY IN MAY | ROAD MILES-ABOUT 100 | Lunenburg was settled in 1718 and incorporated in 1728. It occupies a land area of approxi,834,360,420,861,2475,,,,5,,0,,,checked,41 full rows: parts sum to their printed total; 17 partial not checked
elections,2021,FY2021,159,1,,**MATTHEW J. BRENNER,,row,parts sum to the printed total,,,,ANNUAL TOWN ELECTION- 3RD SATURDAY IN MAY | ANNUAL TOWN MEETING- 1ST SATURDAY IN MAY | ROAD MILES-ABOUT 100 | Lunenburg was settled in 1718 and incorporated in 1728. It occupies a land area of approxi,203,87,99,209,598,,,,5,,0,,,checked,41 full rows: parts sum to their printed total; 17 partial not checked
elections,2021,FY2021,159,1,,ALL OTHERS,,row,parts sum to the printed total,,,,ANNUAL TOWN ELECTION- 3RD SATURDAY IN MAY | ANNUAL TOWN MEETING- 1ST SATURDAY IN MAY | ROAD MILES-ABOUT 100 | Lunenburg was settled in 1718 and incorporated in 1728. It occupies a land area of approxi,1,0,1,0,2,,,,5,,0,,,checked,41 full rows: parts sum to their printed total; 17 partial not checked
elections,2021,FY2021,159,1,,BLANKS,,row,parts sum to the printed total,,,,ANNUAL TOWN ELECTION- 3RD SATURDAY IN MAY | ANNUAL TOWN MEETING- 1ST SATURDAY IN MAY | ROAD MILES-ABOUT 100 | Lunenburg was settled in 1718 and incorporated in 1728. It occupies a land area of approxi,74,33,40,78,225,,,,5,,0,,,checked,41 full rows: parts sum to their printed total; 17 partial not checked
elections,2021,FY2021,159,1,,TOTAL,,subtotal,parts sum to the printed total,,,,ANNUAL TOWN ELECTION- 3RD SATURDAY IN MAY | ANNUAL TOWN MEETING- 1ST SATURDAY IN MAY | ROAD MILES-ABOUT 100 | Lunenburg was settled in 1718 and incorporated in 1728. It occupies a land area of approxi,278,120,140,287,825,,,,5,,0,,,checked,41 full rows: parts sum to their printed total; 17 partial not checked
elections,2021,FY2021,159,1,,**CATHERINE J. CLARK,,row,parts sum to the printed total,,,,ANNUAL TOWN ELECTION- 3RD SATURDAY IN MAY | ANNUAL TOWN MEETING- 1ST SATURDAY IN MAY | ROAD MILES-ABOUT 100 | Lunenburg was settled in 1718 and incorporated in 1728. It occupies a land area of approxi,200,86,102,203,591,,,,5,,0,,,checked,41 full rows: parts sum to their printed total; 17 partial not checked
elections,2021,FY2021,159,1,,ALL OTHERS,,row,parts sum to the printed total,,,,ANNUAL TOWN ELECTION- 3RD SATURDAY IN MAY | ANNUAL TOWN MEETING- 1ST SATURDAY IN MAY | ROAD MILES-ABOUT 100 | Lunenburg was settled in 1718 and incorporated in 1728. It occupies a land area of approxi,0,1,2,2,5,,,,5,,0,,,checked,41 full rows: parts sum to their printed total; 17 partial not checked
elections,2021,FY2021,159,1,,BLANKS,,row,parts sum to the printed total,,,,ANNUAL TOWN ELECTION- 3RD SATURDAY IN MAY | ANNUAL TOWN MEETING- 1ST SATURDAY IN MAY | ROAD MILES-ABOUT 100 | Lunenburg was settled in 1718 and incorporated in 1728. It occupies a land area of approxi,78,33,36,82,229,,,,5,,0,,,checked,41 full rows: parts sum to their printed total; 17 partial not checked
elections,2021,FY2021,159,1,,TOTAL,,subtotal,parts sum to the printed total,,,,ANNUAL TOWN ELECTION- 3RD SATURDAY IN MAY | ANNUAL TOWN MEETING- 1ST SATURDAY IN MAY | ROAD MILES-ABOUT 100 | Lunenburg was settled in 1718 and incorporated in 1728. It occupies a land area of approxi,278,120,140,287,825,,,,5,,0,,,checked,41 full rows: parts sum to their printed total; 17 partial not checked
elections,2022,FY2022,174,1,,TOTAL REGISTERED VOTERS,,subtotal,"parts sum to 8900, total printed 8903",,,,trailing figures,2098,2300,2201,2301,8903,,,,5,,0,,,check failed,"231 full rows tie, 9 do not; 31 partial not checked"
elections,2022,FY2022,174,1,,BALLOTS  CAST (PER BALLOT BOX),,row,parts sum to the printed total,,,,trailing figures,52,28,29,68,177,,,,5,,0,,,check failed,"231 full rows tie, 9 do not; 31 partial not checked"
elections,2022,FY2022,174,1,,**MICHAEL RAY JEFFREYS,,row,parts sum to the printed total,,,,trailing figures,40,22,28,52,142,,,,5,,0,,,check failed,"231 full rows tie, 9 do not; 31 partial not checked"
elections,2022,FY2022,174,1,,**THOMAS A. ALONZO,,row,parts sum to the printed total,,,,trailing figures,36,24,25,62,147,,,,5,,0,,,check failed,"231 full rows tie, 9 do not; 31 partial not checked"
elections,2022,FY2022,174,1,,ALL OTHERS,,row,parts sum to the printed total,,,,trailing figures,0,0,0,2,2,,,,5,,0,,,check failed,"231 full rows tie, 9 do not; 31 partial not checked"
elections,2022,FY2022,174,1,,BLANKS,,row,parts sum to the printed total,,,,trailing figures,28,10,5,20,63,,,,5,,0,,,check failed,"231 full rows tie, 9 do not; 31 partial not checked"
elections,2022,FY2022,174,1,,TOTAL,,subtotal,parts sum to the printed total,,,,trailing figures,104,56,58,136,354,,,,5,,0,,,check failed,"231 full rows tie, 9 do not; 31 partial not checked"
elections,2022,FY2022,174,1,,**HEATHER A. SROKA,,row,parts sum to the printed total,,,,trailing figures,46,27,24,60,157,,,,5,,0,,,check failed,"231 full rows tie, 9 do not; 31 partial not checked"
elections,2022,FY2022,174,1,,ALL OTHERS,,row,parts sum to the printed total,,,,trailing figures,0,1,1,1,3,,,,5,,0,,,check failed,"231 full rows tie, 9 do not; 31 partial not checked"
elections,2022,FY2022,174,1,,BLANKS,,row,parts sum to the printed total,,,,trailing figures,6,0,4,7,17,,,,5,,0,,,check failed,"231 full rows tie, 9 do not; 31 partial not checked"
elections,2022,FY2022,174,1,,TOTAL,,subtotal,parts sum to the printed total,,,,trailing figures,52,28,29,68,177,,,,5,,0,,,check failed,"231 full rows tie, 9 do not; 31 partial not checked"
elections,2022,FY2022,174,1,,**JOHN D. REYNOLDS,,row,parts sum to the printed total,,,,trailing figures,35,24,25,56,140,,,,5,,0,,,check failed,"231 full rows tie, 9 do not; 31 partial not checked"
elections,2022,FY2022,174,1,,**MICHAEL J. NAULT,,row,parts sum to the printed total,,,,trailing figures,38,22,25,62,147,,,,5,,0,,,check failed,"231 full rows tie, 9 do not; 31 partial not checked"
elections,2022,FY2022,174,1,,ALL OTHERS,,row,parts sum to the printed total,,,,trailing figures,0,0,0,0,0,,,,5,,0,,,check failed,"231 full rows tie, 9 do not; 31 partial not checked"
elections,2022,FY2022,174,1,,BLANKS,,row,parts sum to the printed total,,,,trailing figures,31,10,8,18,67,,,,5,,0,,,check failed,"231 full rows tie, 9 do not; 31 partial not checked"
elections,2022,FY2022,174,1,,TOTAL,,subtotal,parts sum to the printed total,,,,trailing figures,104,56,58,136,354,,,,5,,0,,,check failed,"231 full rows tie, 9 do not; 31 partial not checked"
elections,2022,FY2022,174,1,,"**GEORGE L. EMOND, JR.",,row,parts sum to the printed total,,,,trailing figures,41,23,26,58,148,,,,5,,0,,,check failed,"231 full rows tie, 9 do not; 31 partial not checked"
elections,2022,FY2022,174,1,,ALL OTHERS,,row,parts sum to the printed total,,,,trailing figures,0,0,0,0,0,,,,5,,0,,,check failed,"231 full rows tie, 9 do not; 31 partial not checked"
elections,2022,FY2022,174,1,,BLANKS,,row,parts sum to the printed total,,,,trailing figures,11,5,3,10,29,,,,5,,0,,,check failed,"231 full rows tie, 9 do not; 31 partial not checked"
elections,2022,FY2022,174,1,,TOTAL,,subtotal,parts sum to the printed total,,,,trailing figures,52,28,29,68,177,,,,5,,0,,,check failed,"231 full rows tie, 9 do not; 31 partial not checked"
elections,2022,FY2022,174,1,,"Saturday, May",,row,not a full row — not checked,,,,trailing figures,21,2022,,,,,,,2,,0,,,check failed,"231 full rows tie, 9 do not; 31 partial not checked"
elections,2022,FY2022,175,1,,**KATHRYN M. HERRICK,,row,parts sum to the printed total,,,,trailing figures,44,26,27,63,160,,,,5,,0,,,check failed,"231 full rows tie, 9 do not; 31 partial not checked"
elections,2022,FY2022,175,1,,ALL OTHERS,,row,parts sum to the printed total,,,,trailing figures,0,0,0,0,0,,,,5,,0,,,check failed,"231 full rows tie, 9 do not; 31 partial not checked"
elections,2022,FY2022,175,1,,BLANKS,,row,parts sum to the printed total,,,,trailing figures,8,2,2,5,17,,,,5,,0,,,check failed,"231 full rows tie, 9 do not; 31 partial not checked"
elections,2022,FY2022,175,1,,TOTAL,,subtotal,parts sum to the printed total,,,,trailing figures,52,28,29,68,177,,,,5,,0,,,check failed,"231 full rows tie, 9 do not; 31 partial not checked"
elections,2022,FY2022,175,1,,**JOHN E. BAKER,,row,parts sum to the printed total,,,,trailing figures,40,23,26,59,148,,,,5,,0,,,check failed,"231 full rows tie, 9 do not; 31 partial not checked"
elections,2022,FY2022,175,1,,ALL OTHERS,,row,parts sum to the printed total,,,,trailing figures,1,0,0,1,2,,,,5,,0,,,check failed,"231 full rows tie, 9 do not; 31 partial not checked"
elections,2022,FY2022,175,1,,BLANKS,,row,parts sum to the printed total,,,,trailing figures,11,5,3,8,27,,,,5,,0,,,check failed,"231 full rows tie, 9 do not; 31 partial not checked"
elections,2022,FY2022,175,1,,TOTAL,,subtotal,parts sum to the printed total,,,,trailing figures,52,28,29,68,177,,,,5,,0,,,check failed,"231 full rows tie, 9 do not; 31 partial not checked"
elections,2022,FY2022,175,1,,**BRIAN J. LEHTINEN,,subtotal,parts sum to the printed total,,,,trailing figures,35,21,24,57,137,,,,5,,0,,,check failed,"231 full rows tie, 9 do not; 31 partial not checked"
elections,2022,FY2022,175,1,,**CAROL A. ARCHAMBAULT,,row,parts sum to the printed total,,,,trailing figures,35,21,24,57,137,,,,5,,0,,,check failed,"231 full rows tie, 9 do not; 31 partial not checked"
elections,2022,FY2022,175,1,,ALL OTHERS,,row,parts sum to the printed total,,,,trailing figures,1,0,0,1,2,,,,5,,0,,,check failed,"231 full rows tie, 9 do not; 31 partial not checked"
elections,2022,FY2022,175,1,,BLANKS,,row,parts sum to the printed total,,,,trailing figures,33,14,10,21,78,,,,5,,0,,,check failed,"231 full rows tie, 9 do not; 31 partial not checked"
elections,2022,FY2022,175,1,,TOTAL,,subtotal,parts sum to the printed total,,,,trailing figures,104,56,58,136,354,,,,5,,0,,,check failed,"231 full rows tie, 9 do not; 31 partial not checked"
elections,2022,FY2022,175,1,,**ANTHONY FRANKSCULIMBRENE II,,row,parts sum to the printed total,,,,trailing figures,38,23,22,56,139,,,,5,,0,,,check failed,"231 full rows tie, 9 do not; 31 partial not checked"
elections,2022,FY2022,175,1,,ALL OTHERS,,row,parts sum to the printed total,,,,trailing figures,0,0,0,0,0,,,,5,,0,,,check failed,"231 full rows tie, 9 do not; 31 partial not checked"
elections,2022,FY2022,175,1,,BLANKS,,row,parts sum to the printed total,,,,trailing figures,14,5,7,12,38,,,,5,,0,,,check failed,"231 full rows tie, 9 do not; 31 partial not checked"
elections,2022,FY2022,175,1,,TOTAL,,subtotal,parts sum to the printed total,,,,trailing figures,52,28,29,68,177,,,,5,,0,,,check failed,"231 full rows tie, 9 do not; 31 partial not checked"
elections,2022,FY2022,176,1,,**ANTHONY FRANK SCULIMBRENE II,,row,parts sum to the printed total,,,,trailing figures,38,23,22,56,139,,,,5,,0,,,check failed,"231 full rows tie, 9 do not; 31 partial not checked"
elections,2022,FY2022,176,1,,ALL OTHERS,,row,parts sum to the printed total,,,,trailing figures,0,0,0,0,0,,,,5,,0,,,check failed,"231 full rows tie, 9 do not; 31 partial not checked"
elections,2022,FY2022,176,1,,BLANKS,,row,parts sum to the printed total,,,,trailing figures,14,5,7,12,38,,,,5,,0,,,check failed,"231 full rows tie, 9 do not; 31 partial not checked"
elections,2022,FY2022,176,1,,TOTAL,,subtotal,parts sum to the printed total,,,,trailing figures,52,28,29,68,177,,,,5,,0,,,check failed,"231 full rows tie, 9 do not; 31 partial not checked"
elections,2022,FY2022,176,1,,**ANA F. LOCKWOOD,,row,parts sum to the printed total,,,,trailing figures,41,23,26,58,148,,,,5,,0,,,check failed,"231 full rows tie, 9 do not; 31 partial not checked"
elections,2022,FY2022,176,1,,**PATRICK A. HAKEY,,row,parts sum to the printed total,,,,trailing figures,36,21,23,61,141,,,,5,,0,,,check failed,"231 full rows tie, 9 do not; 31 partial not checked"
elections,2022,FY2022,176,1,,ALL OTHERS,,row,parts sum to the printed total,,,,trailing figures,0,0,0,0,0,,,,5,,0,,,check failed,"231 full rows tie, 9 do not; 31 partial not checked"
elections,2022,FY2022,176,1,,BLANKS,,row,parts sum to the printed total,,,,trailing figures,27,12,9,17,65,,,,5,,0,,,check failed,"231 full rows tie, 9 do not; 31 partial not checked"
elections,2022,FY2022,176,1,,TOTAL,,subtotal,parts sum to the printed total,,,,trailing figures,104,56,58,136,354,,,,5,,0,,,check failed,"231 full rows tie, 9 do not; 31 partial not checked"
elections,2022,FY2022,176,1,,**ELAINA R. CORCORAN,,row,parts sum to the printed total,,,,trailing figures,37,24,23,60,144,,,,5,,0,,,check failed,"231 full rows tie, 9 do not; 31 partial not checked"
elections,2022,FY2022,176,1,,ALL OTHERS,,row,parts sum to the printed total,,,,trailing figures,0,0,0,0,0,,,,5,,0,,,check failed,"231 full rows tie, 9 do not; 31 partial not checked"
elections,2022,FY2022,176,1,,BLANKS,,row,parts sum to the printed total,,,,trailing figures,15,4,6,8,33,,,,5,,0,,,check failed,"231 full rows tie, 9 do not; 31 partial not checked"
elections,2022,FY2022,176,1,,TOTAL,,subtotal,parts sum to the printed total,,,,trailing figures,52,28,29,68,177,,,,5,,0,,,check failed,"231 full rows tie, 9 do not; 31 partial not checked"
elections,2022,FY2022,176,1,,**NICOLE WATERS,,row,parts sum to the printed total,,,,trailing figures,37,24,22,57,140,,,,5,,0,,,check failed,"231 full rows tie, 9 do not; 31 partial not checked"
elections,2022,FY2022,176,1,,ALL OTHERS,,row,parts sum to the printed total,,,,trailing figures,0,0,0,0,0,,,,5,,0,,,check failed,"231 full rows tie, 9 do not; 31 partial not checked"
elections,2022,FY2022,176,1,,BLANKS,,row,parts sum to the printed total,,,,trailing figures,15,4,7,11,37,,,,5,,0,,,check failed,"231 full rows tie, 9 do not; 31 partial not checked"
elections,2022,FY2022,176,1,,TOTAL,,subtotal,parts sum to the printed total,,,,trailing figures,52,28,29,68,177,,,,5,,0,,,check failed,"231 full rows tie, 9 do not; 31 partial not checked"
elections,2022,FY2022,176,1,,**NANCY FOSS YASKO,,row,parts sum to the printed total,,,,trailing figures,40,22,25,55,142,,,,5,,0,,,check failed,"231 full rows tie, 9 do not; 31 partial not checked"
elections,2022,FY2022,176,1,,ALL OTHERS,,row,parts sum to the printed total,,,,trailing figures,0,0,0,2,2,,,,5,,0,,,check failed,"231 full rows tie, 9 do not; 31 partial not checked"
elections,2022,FY2022,176,1,,BLANKS,,row,parts sum to the printed total,,,,trailing figures,12,6,4,11,33,,,,5,,0,,,check failed,"231 full rows tie, 9 do not; 31 partial not checked"
elections,2022,FY2022,176,1,,TOTAL,,subtotal,parts sum to the printed total,,,,trailing figures,52,28,29,68,177,,,,5,,0,,,check failed,"231 full rows tie, 9 do not; 31 partial not checked"
elections,2022,FY2022,177,1,,**DONNA G. SAIIA,,row,parts sum to the printed total,,,,trailing figures,37,25,28,60,150,,,,5,,0,,,check failed,"231 full rows tie, 9 do not; 31 partial not checked"
elections,2022,FY2022,177,1,,**RICHARD N. MAILLOUX,,row,parts sum to the printed total,,,,trailing figures,37,23,25,58,143,,,,5,,0,,,check failed,"231 full rows tie, 9 do not; 31 partial not checked"
elections,2022,FY2022,177,1,,ALL OTHERS,,row,parts sum to the printed total,,,,trailing figures,0,0,0,0,0,,,,5,,0,,,check failed,"231 full rows tie, 9 do not; 31 partial not checked"
elections,2022,FY2022,177,1,,BLANKS,,row,parts sum to the printed total,,,,trailing figures,30,8,5,18,61,,,,5,,0,,,check failed,"231 full rows tie, 9 do not; 31 partial not checked"
elections,2022,FY2022,177,1,,TOTAL,,subtotal,parts sum to the printed total,,,,trailing figures,104,56,58,136,354,,,,5,,0,,,check failed,"231 full rows tie, 9 do not; 31 partial not checked"
elections,2022,FY2022,177,1,,**AMANDA REID,,row,parts sum to the printed total,,,,trailing figures,0,0,0,2,2,,,,5,,0,,,check failed,"231 full rows tie, 9 do not; 31 partial not checked"
elections,2022,FY2022,177,1,,ALL OTHERS,,row,parts sum to the printed total,,,,trailing figures,5,3,1,4,13,,,,5,,0,,,check failed,"231 full rows tie, 9 do not; 31 partial not checked"
elections,2022,FY2022,177,1,,BLANKS,,row,parts sum to the printed total,,,,trailing figures,47,25,28,62,162,,,,5,,0,,,check failed,"231 full rows tie, 9 do not; 31 partial not checked"
elections,2022,FY2022,177,1,,TOTAL,,subtotal,parts sum to the printed total,,,,trailing figures,52,28,29,68,177,,,,5,,0,,,check failed,"231 full rows tie, 9 do not; 31 partial not checked"
elections,2022,FY2022,177,1,,**DALE PROULX,,row,parts sum to the printed total,,,,trailing figures,35,22,24,57,138,,,,5,,0,,,check failed,"231 full rows tie, 9 do not; 31 partial not checked"
elections,2022,FY2022,177,1,,ALL OTHERS,,row,parts sum to the printed total,,,,trailing figures,0,0,0,0,0,,,,5,,0,,,check failed,"231 full rows tie, 9 do not; 31 partial not checked"
elections,2022,FY2022,177,1,,BLANKS,,row,parts sum to the printed total,,,,trailing figures,17,6,5,11,39,,,,5,,0,,,check failed,"231 full rows tie, 9 do not; 31 partial not checked"
elections,2022,FY2022,177,1,,TOTAL,,subtotal,parts sum to the printed total,,,,trailing figures,52,28,29,68,177,,,,5,,0,,,check failed,"231 full rows tie, 9 do not; 31 partial not checked"
elections,2022,FY2022,178,1,,"TUESDAY, SEPTEMBER",,row,not a full row — not checked,,,,trailing figures,6,2022,,,,,,,2,,0,,,check failed,"231 full rows tie, 9 do not; 31 partial not checked"
elections,2022,FY2022,178,1,,TOTAL REGISTERED VOTERS,,subtotal,parts sum to the printed total,,,,trailing figures,2119,93,2196,23,2207,2327,8965,,7,,0,,,check failed,"231 full rows tie, 9 do not; 31 partial not checked"
elections,2022,FY2022,178,1,,BALLOTS CAST,,row,parts sum to the printed total,,,,trailing figures,537,22,466,4,508,587,2124,,7,,0,,,check failed,"231 full rows tie, 9 do not; 31 partial not checked"
elections,2022,FY2022,178,1,,SONIA ROSA CHANG-DIAZ,,row,parts sum to the printed total,,,,trailing figures,37,2,37,1,27,37,141,,7,,0,,,check failed,"231 full rows tie, 9 do not; 31 partial not checked"
elections,2022,FY2022,178,1,,MAURA HEALEY,,row,parts sum to the printed total,,,,trailing figures,258,13,251,3,237,285,1047,,7,,0,,,check failed,"231 full rows tie, 9 do not; 31 partial not checked"
elections,2022,FY2022,178,1,,Write-ins,,row,parts sum to the printed total,,,,trailing figures,2,0,0,0,1,0,3,,7,,0,,,check failed,"231 full rows tie, 9 do not; 31 partial not checked"
elections,2022,FY2022,178,1,,Blanks,,row,parts sum to the printed total,,,,trailing figures,1,0,1,0,4,2,8,,7,,0,,,check failed,"231 full rows tie, 9 do not; 31 partial not checked"
elections,2022,FY2022,178,1,,TOTAL,,subtotal,parts sum to the printed total,,,,trailing figures,298,15,289,4,269,324,1199,,7,,0,,,check failed,"231 full rows tie, 9 do not; 31 partial not checked"
elections,2022,FY2022,178,1,,KIMBERLEY DRISCOLL,,row,parts sum to the printed total,,,,trailing figures,130,6,111,3,103,136,489,,7,,0,,,check failed,"231 full rows tie, 9 do not; 31 partial not checked"
elections,2022,FY2022,178,1,,TAMI GOUVEIA,,row,parts sum to the printed total,,,,trailing figures,75,6,84,0,72,83,320,,7,,0,,,check failed,"231 full rows tie, 9 do not; 31 partial not checked"
elections,2022,FY2022,178,1,,ERIC P. LESSER,,row,parts sum to the printed total,,,,trailing figures,83,3,85,1,80,87,339,,7,,0,,,check failed,"231 full rows tie, 9 do not; 31 partial not checked"
elections,2022,FY2022,178,1,,Write-ins,,row,parts sum to the printed total,,,,trailing figures,0,0,0,0,0,0,0,,7,,0,,,check failed,"231 full rows tie, 9 do not; 31 partial not checked"
elections,2022,FY2022,178,1,,Blanks,,row,parts sum to the printed total,,,,trailing figures,10,0,9,0,14,18,51,,7,,0,,,check failed,"231 full rows tie, 9 do not; 31 partial not checked"
elections,2022,FY2022,178,1,,TOTAL,,subtotal,parts sum to the printed total,,,,trailing figures,298,15,289,4,269,324,1199,,7,,0,,,check failed,"231 full rows tie, 9 do not; 31 partial not checked"
elections,2022,FY2022,178,1,,ANDREA JOY CAMPBELL,,row,parts sum to the printed total,,,,trailing figures,127,3,124,2,93,146,495,,7,,0,,,check failed,"231 full rows tie, 9 do not; 31 partial not checked"
elections,2022,FY2022,178,1,,SHANNON ERICKA LISS-RIORDAN,,subtotal,parts sum to the printed total,,,,trailing figures,107,6,104,1,105,120,443,,7,,0,,,check failed,"231 full rows tie, 9 do not; 31 partial not checked"
elections,2022,FY2022,178,1,,QUENTIN PALFREY,,row,parts sum to the printed total,,,,trailing figures,56,5,56,1,58,48,224,,7,,0,,,check failed,"231 full rows tie, 9 do not; 31 partial not checked"
elections,2022,FY2022,178,1,,Write-ins,,row,parts sum to the printed total,,,,trailing figures,0,0,0,0,0,0,0,,7,,0,,,check failed,"231 full rows tie, 9 do not; 31 partial not checked"
elections,2022,FY2022,178,1,,Blanks,,row,parts sum to the printed total,,,,trailing figures,8,1,5,0,13,10,37,,7,,0,,,check failed,"231 full rows tie, 9 do not; 31 partial not checked"
elections,2022,FY2022,178,1,,TOTAL,,subtotal,parts sum to the printed total,,,,trailing figures,298,15,289,4,269,324,1199,,7,,0,,,check failed,"231 full rows tie, 9 do not; 31 partial not checked"
elections,2022,FY2022,178,1,,WILLIAM FRANCIS GALVIN,,row,parts sum to the printed total,,,,trailing figures,214,14,210,2,202,241,883,,7,,0,,,check failed,"231 full rows tie, 9 do not; 31 partial not checked"
elections,2022,FY2022,178,1,,TANISHA M. SULLIVAN,,row,parts sum to the printed total,,,,trailing figures,81,1,72,2,57,79,292,,7,,0,,,check failed,"231 full rows tie, 9 do not; 31 partial not checked"
elections,2022,FY2022,178,1,,Write-ins,,row,parts sum to the printed total,,,,trailing figures,0,0,0,0,1,0,1,,7,,0,,,check failed,"231 full rows tie, 9 do not; 31 partial not checked"
elections,2022,FY2022,178,1,,Blanks,,row,parts sum to the printed total,,,,trailing figures,3,0,7,0,9,4,23,,7,,0,,,check failed,"231 full rows tie, 9 do not; 31 partial not checked"
elections,2022,FY2022,178,1,,TOTAL,,subtotal,parts sum to the printed total,,,,trailing figures,298,15,289,4,269,324,1199,,7,,0,,,check failed,"231 full rows tie, 9 do not; 31 partial not checked"
elections,2022,FY2022,178,1,,DEBORAH B. GOLDBERG,,row,parts sum to the printed total,,,,trailing figures,264,14,262,4,230,286,1060,,7,,0,,,check failed,"231 full rows tie, 9 do not; 31 partial not checked"
elections,2022,FY2022,178,1,,Write-ins,,row,parts sum to the printed total,,,,trailing figures,1,0,0,0,1,0,2,,7,,0,,,check failed,"231 full rows tie, 9 do not; 31 partial not checked"
elections,2022,FY2022,178,1,,Blanks,,row,parts sum to the printed total,,,,trailing figures,33,1,27,0,38,38,137,,7,,0,,,check failed,"231 full rows tie, 9 do not; 31 partial not checked"
elections,2022,FY2022,178,1,,TOTAL,,subtotal,parts sum to the printed total,,,,trailing figures,298,15,289,4,269,324,1199,,7,,0,,,check failed,"231 full rows tie, 9 do not; 31 partial not checked"
elections,2022,FY2022,179,1,,CHRISTOPHER S. DEMPSEY,,row,parts sum to the printed total,,,,trailing figures,106,5,79,0,89,105,384,,7,,0,,,check failed,"231 full rows tie, 9 do not; 31 partial not checked"
elections,2022,FY2022,179,1,,DIANA DIZOGLIO,,row,parts sum to the printed total,,,,trailing figures,173,9,193,4,161,190,730,,7,,0,,,check failed,"231 full rows tie, 9 do not; 31 partial not checked"
elections,2022,FY2022,179,1,,Write-ins,,row,parts sum to the printed total,,,,trailing figures,0,0,0,0,0,0,0,,7,,0,,,check failed,"231 full rows tie, 9 do not; 31 partial not checked"
elections,2022,FY2022,179,1,,Blanks,,row,parts sum to the printed total,,,,trailing figures,19,1,17,0,19,29,85,,7,,0,,,check failed,"231 full rows tie, 9 do not; 31 partial not checked"
elections,2022,FY2022,179,1,,TOTAL,,subtotal,parts sum to the printed total,,,,trailing figures,298,15,289,4,269,324,1199,,7,,0,,,check failed,"231 full rows tie, 9 do not; 31 partial not checked"
elections,2022,FY2022,179,1,,LORI LOUREIRO TRAHAN,,row,parts sum to the printed total,,,,trailing figures,267,14,266,4,230,290,1071,,7,,0,,,check failed,"231 full rows tie, 9 do not; 31 partial not checked"
elections,2022,FY2022,179,1,,Write-ins,,row,parts sum to the printed total,,,,trailing figures,0,0,0,0,3,0,3,,7,,0,,,check failed,"231 full rows tie, 9 do not; 31 partial not checked"
elections,2022,FY2022,179,1,,Blanks,,row,parts sum to the printed total,,,,trailing figures,31,1,23,0,36,34,125,,7,,0,,,check failed,"231 full rows tie, 9 do not; 31 partial not checked"
elections,2022,FY2022,179,1,,TOTAL,,subtotal,parts sum to the printed total,,,,trailing figures,298,15,289,4,269,324,1199,,7,,0,,,check failed,"231 full rows tie, 9 do not; 31 partial not checked"
elections,2022,FY2022,179,1,,PAUL M. DEPALO,,row,parts sum to the printed total,,,,trailing figures,249,14,254,4,223,278,1022,,7,,0,,,check failed,"231 full rows tie, 9 do not; 31 partial not checked"
elections,2022,FY2022,179,1,,Write-ins,,row,parts sum to the printed total,,,,trailing figures,0,0,0,0,1,0,1,,7,,0,,,check failed,"231 full rows tie, 9 do not; 31 partial not checked"
elections,2022,FY2022,179,1,,Blanks,,row,parts sum to the printed total,,,,trailing figures,49,1,35,0,45,46,176,,7,,0,,,check failed,"231 full rows tie, 9 do not; 31 partial not checked"
elections,2022,FY2022,179,1,,TOTAL,,subtotal,parts sum to the printed total,,,,trailing figures,298,15,289,4,269,324,1199,,7,,0,,,check failed,"231 full rows tie, 9 do not; 31 partial not checked"
elections,2022,FY2022,179,1,,JOHN J. CRONIN,,row,parts sum to the printed total,,,,trailing figures,270,15,264,4,233,304,1090,,7,,0,,,check failed,"231 full rows tie, 9 do not; 31 partial not checked"
elections,2022,FY2022,179,1,,Write-ins,,row,parts sum to the printed total,,,,trailing figures,0,0,0,0,0,0,0,,7,,0,,,check failed,"231 full rows tie, 9 do not; 31 partial not checked"
elections,2022,FY2022,179,1,,Blanks,,row,parts sum to the printed total,,,,trailing figures,28,0,25,0,36,20,109,,7,,0,,,check failed,"231 full rows tie, 9 do not; 31 partial not checked"
elections,2022,FY2022,179,1,,TOTAL,,subtotal,parts sum to the printed total,,,,trailing figures,298,15,289,4,269,324,1199,,7,,0,,,check failed,"231 full rows tie, 9 do not; 31 partial not checked"
elections,2022,FY2022,179,1,,MARGARET R. SCARSDALE,,row,not a full row — not checked,,,,trailing figures,256,13,227,294,790,,,,5,,0,,,check failed,"231 full rows tie, 9 do not; 31 partial not checked"
elections,2022,FY2022,179,1,,Write-ins,,row,not a full row — not checked,,,,trailing figures,1,0,1,0,2,,,,5,,0,,,check failed,"231 full rows tie, 9 do not; 31 partial not checked"
elections,2022,FY2022,179,1,,Blanks,,row,not a full row — not checked,,,,trailing figures,41,2,41,30,114,,,,5,,0,,,check failed,"231 full rows tie, 9 do not; 31 partial not checked"
elections,2022,FY2022,179,1,,TOTAL,,subtotal,not a full row — not checked,,,,trailing figures,298,15,269,324,906,,,,5,,0,,,check failed,"231 full rows tie, 9 do not; 31 partial not checked"
elections,2022,FY2022,179,1,,MICHAEL P. KUSHMEREK,,row,not a full row — not checked,,,,trailing figures,257,4,261,,,,,,3,,0,,,check failed,"231 full rows tie, 9 do not; 31 partial not checked"
elections,2022,FY2022,179,1,,Write-ins,,row,not a full row — not checked,,,,trailing figures,0,0,0,,,,,,3,,0,,,check failed,"231 full rows tie, 9 do not; 31 partial not checked"
elections,2022,FY2022,179,1,,Blanks,,row,not a full row — not checked,,,,trailing figures,32,0,32,,,,,,3,,0,,,check failed,"231 full rows tie, 9 do not; 31 partial not checked"
elections,2022,FY2022,179,1,,TOTAL,,subtotal,not a full row — not checked,,,,trailing figures,289,4,293,,,,,,3,,0,,,check failed,"231 full rows tie, 9 do not; 31 partial not checked"
elections,2022,FY2022,179,1,,"JOSEPH D. EARLY, JR.",,row,parts sum to the printed total,,,,trailing figures,258,14,264,4,227,289,1056,,7,,0,,,check failed,"231 full rows tie, 9 do not; 31 partial not checked"
elections,2022,FY2022,179,1,,Write-ins,,row,parts sum to the printed total,,,,trailing figures,1,0,0,0,1,1,3,,7,,0,,,check failed,"231 full rows tie, 9 do not; 31 partial not checked"
elections,2022,FY2022,179,1,,Blanks,,row,parts sum to the printed total,,,,trailing figures,39,1,25,0,41,34,140,,7,,0,,,check failed,"231 full rows tie, 9 do not; 31 partial not checked"
elections,2022,FY2022,179,1,,TOTAL,,subtotal,parts sum to the printed total,,,,trailing figures,298,15,289,4,269,324,1199,,7,,0,,,check failed,"231 full rows tie, 9 do not; 31 partial not checked"
elections,2022,FY2022,179,1,,DAVID M. FONTAINE,,row,parts sum to the printed total,,,,trailing figures,251,11,260,4,223,281,1030,,7,,0,,,check failed,"231 full rows tie, 9 do not; 31 partial not checked"
elections,2022,FY2022,180,1,,Write-ins,,row,parts sum to the printed total,,,,trailing figures,1,1,1,0,1,0,4,,7,,0,,,check failed,"231 full rows tie, 9 do not; 31 partial not checked"
elections,2022,FY2022,180,1,,Blanks,,row,parts sum to the printed total,,,,trailing figures,46,3,28,0,45,43,165,,7,,0,,,check failed,"231 full rows tie, 9 do not; 31 partial not checked"
elections,2022,FY2022,180,1,,TOTAL,,subtotal,parts sum to the printed total,,,,trailing figures,298,15,289,4,269,324,1199,,7,,0,,,check failed,"231 full rows tie, 9 do not; 31 partial not checked"
elections,2022,FY2022,180,1,,GEOFF DIEHL,,row,parts sum to the printed total,,,,trailing figures,134,6,101,0,124,139,504,,7,,0,,,check failed,"231 full rows tie, 9 do not; 31 partial not checked"
elections,2022,FY2022,180,1,,CHRIS DOUGHTY,,row,parts sum to the printed total,,,,trailing figures,102,1,73,0,108,108,392,,7,,0,,,check failed,"231 full rows tie, 9 do not; 31 partial not checked"
elections,2022,FY2022,180,1,,Write-ins,,row,parts sum to the printed total,,,,trailing figures,1,0,0,0,1,1,3,,7,,0,,,check failed,"231 full rows tie, 9 do not; 31 partial not checked"
elections,2022,FY2022,180,1,,Blanks,,row,parts sum to the printed total,,,,trailing figures,2,0,3,0,6,15,26,,7,,0,,,check failed,"231 full rows tie, 9 do not; 31 partial not checked"
elections,2022,FY2022,180,1,,TOTAL,,subtotal,parts sum to the printed total,,,,trailing figures,239,7,177,0,239,263,925,,7,,0,,,check failed,"231 full rows tie, 9 do not; 31 partial not checked"
elections,2022,FY2022,180,1,,LEAH V. ALLEN,,row,parts sum to the printed total,,,,trailing figures,103,6,71,0,96,116,392,,7,,0,,,check failed,"231 full rows tie, 9 do not; 31 partial not checked"
elections,2022,FY2022,180,1,,KATE CAMPANALE,,row,parts sum to the printed total,,,,trailing figures,122,1,96,0,120,113,452,,7,,0,,,check failed,"231 full rows tie, 9 do not; 31 partial not checked"
elections,2022,FY2022,180,1,,Write-ins,,row,parts sum to the printed total,,,,trailing figures,1,0,0,0,0,1,2,,7,,0,,,check failed,"231 full rows tie, 9 do not; 31 partial not checked"
elections,2022,FY2022,180,1,,Blanks,,row,parts sum to the printed total,,,,trailing figures,13,0,10,0,23,33,79,,7,,0,,,check failed,"231 full rows tie, 9 do not; 31 partial not checked"
elections,2022,FY2022,180,1,,TOTAL,,subtotal,parts sum to the printed total,,,,trailing figures,239,7,177,0,239,263,925,,7,,0,,,check failed,"231 full rows tie, 9 do not; 31 partial not checked"
elections,2022,FY2022,180,1,,"JAMES R. MCMAHON, III",,row,parts sum to the printed total,,,,trailing figures,199,4,146,0,196,203,748,,7,,0,,,check failed,"231 full rows tie, 9 do not; 31 partial not checked"
elections,2022,FY2022,180,1,,Write-ins,,row,parts sum to the printed total,,,,trailing figures,0,0,0,0,1,0,1,,7,,0,,,check failed,"231 full rows tie, 9 do not; 31 partial not checked"
elections,2022,FY2022,180,1,,Blanks,,row,parts sum to the printed total,,,,trailing figures,40,3,31,0,42,60,176,,7,,0,,,check failed,"231 full rows tie, 9 do not; 31 partial not checked"
elections,2022,FY2022,180,1,,TOTAL,,subtotal,parts sum to the printed total,,,,trailing figures,239,7,177,0,239,263,925,,7,,0,,,check failed,"231 full rows tie, 9 do not; 31 partial not checked"
elections,2022,FY2022,180,1,,RAYLA CAMPBELL,,row,parts sum to the printed total,,,,trailing figures,192,4,148,0,186,198,728,,7,,0,,,check failed,"231 full rows tie, 9 do not; 31 partial not checked"
elections,2022,FY2022,180,1,,Write-ins,,row,parts sum to the printed total,,,,trailing figures,2,0,0,0,3,0,5,,7,,0,,,check failed,"231 full rows tie, 9 do not; 31 partial not checked"
elections,2022,FY2022,180,1,,Blanks,,row,parts sum to the printed total,,,,trailing figures,45,3,29,0,50,65,192,,7,,0,,,check failed,"231 full rows tie, 9 do not; 31 partial not checked"
elections,2022,FY2022,180,1,,TOTAL,,subtotal,parts sum to the printed total,,,,trailing figures,239,7,177,0,239,263,925,,7,,0,,,check failed,"231 full rows tie, 9 do not; 31 partial not checked"
elections,2022,FY2022,180,1,,Write-ins,,row,parts sum to the printed total,,,,trailing figures,17,0,8,0,12,21,58,,7,,0,,,check failed,"231 full rows tie, 9 do not; 31 partial not checked"
elections,2022,FY2022,180,1,,Blanks,,row,parts sum to the printed total,,,,trailing figures,222,7,169,0,227,242,867,,7,,0,,,check failed,"231 full rows tie, 9 do not; 31 partial not checked"
elections,2022,FY2022,180,1,,TOTAL,,subtotal,parts sum to the printed total,,,,trailing figures,239,7,177,0,239,263,925,,7,,0,,,check failed,"231 full rows tie, 9 do not; 31 partial not checked"
elections,2022,FY2022,180,1,,ANTHONY AMORE,,row,"parts sum to 719, total printed 718",,,,trailing figures,193,4,144,0,188,190,718,,7,,0,,,check failed,"231 full rows tie, 9 do not; 31 partial not checked"
elections,2022,FY2022,180,1,,Write-ins,,row,parts sum to the printed total,,,,trailing figures,1,0,0,0,2,0,3,,7,,0,,,check failed,"231 full rows tie, 9 do not; 31 partial not checked"
elections,2022,FY2022,180,1,,Blanks,,row,"parts sum to 203, total printed 204",,,,trailing figures,45,3,33,0,49,73,204,,7,,0,,,check failed,"231 full rows tie, 9 do not; 31 partial not checked"
elections,2022,FY2022,180,1,,TOTAL,,subtotal,parts sum to the printed total,,,,trailing figures,239,7,177,0,239,263,925,,7,,0,,,check failed,"231 full rows tie, 9 do not; 31 partial not checked"
elections,2022,FY2022,180,1,,DEAN A. TRAN,,row,parts sum to the printed total,,,,trailing figures,199,6,155,0,192,208,760,,7,,0,,,check failed,"231 full rows tie, 9 do not; 31 partial not checked"
elections,2022,FY2022,180,1,,Write-ins,,row,parts sum to the printed total,,,,trailing figures,0,0,3,0,4,0,7,,7,,0,,,check failed,"231 full rows tie, 9 do not; 31 partial not checked"
elections,2022,FY2022,180,1,,Blanks,,row,parts sum to the printed total,,,,trailing figures,40,1,19,0,43,55,158,,7,,0,,,check failed,"231 full rows tie, 9 do not; 31 partial not checked"
elections,2022,FY2022,180,1,,TOTAL,,subtotal,parts sum to the printed total,,,,trailing figures,239,7,177,0,239,263,925,,7,,0,,,check failed,"231 full rows tie, 9 do not; 31 partial not checked"
elections,2022,FY2022,180,1,,GARY GALONEK,,row,parts sum to the printed total,,,,trailing figures,187,4,138,0,175,188,692,,7,,0,,,check failed,"231 full rows tie, 9 do not; 31 partial not checked"
elections,2022,FY2022,180,1,,Write-ins,,row,parts sum to the printed total,,,,trailing figures,0,0,0,0,2,0,2,,7,,0,,,check failed,"231 full rows tie, 9 do not; 31 partial not checked"
elections,2022,FY2022,180,1,,Blanks,,row,parts sum to the printed total,,,,trailing figures,52,3,39,0,62,75,231,,7,,0,,,check failed,"231 full rows tie, 9 do not; 31 partial not checked"
elections,2022,FY2022,180,1,,TOTAL,,subtotal,parts sum to the printed total,,,,trailing figures,239,7,177,0,239,263,925,,7,,0,,,check failed,"231 full rows tie, 9 do not; 31 partial not checked"
elections,2022,FY2022,181,1,,KENNETH B. HOYT,,row,parts sum to the printed total,,,,trailing figures,191,4,144,0,182,195,716,,7,,0,,,check failed,"231 full rows tie, 9 do not; 31 partial not checked"
elections,2022,FY2022,181,1,,Write-ins,,row,parts sum to the printed total,,,,trailing figures,0,0,0,0,3,0,3,,7,,0,,,check failed,"231 full rows tie, 9 do not; 31 partial not checked"
elections,2022,FY2022,181,1,,Blanks,,row,parts sum to the printed total,,,,trailing figures,48,3,33,0,54,68,206,,7,,0,,,check failed,"231 full rows tie, 9 do not; 31 partial not checked"
elections,2022,FY2022,181,1,,TOTAL,,subtotal,parts sum to the printed total,,,,trailing figures,239,7,177,0,239,263,925,,7,,0,,,check failed,"231 full rows tie, 9 do not; 31 partial not checked"
elections,2022,FY2022,181,1,,LYNNE E. ARCHAMBAULT,,row,not a full row — not checked,,,,trailing figures,91,4,90,113,298,,,,5,,0,,,check failed,"231 full rows tie, 9 do not; 31 partial not checked"
elections,2022,FY2022,181,1,,ANDREW JAMES SHEPHERD,,row,not a full row — not checked,,,,trailing figures,141,3,142,144,430,,,,5,,0,,,check failed,"231 full rows tie, 9 do not; 31 partial not checked"
elections,2022,FY2022,181,1,,Write-ins,,row,not a full row — not checked,,,,trailing figures,2,0,0,0,2,,,,5,,0,,,check failed,"231 full rows tie, 9 do not; 31 partial not checked"
elections,2022,FY2022,181,1,,Blanks,,row,not a full row — not checked,,,,trailing figures,5,0,7,6,18,,,,5,,0,,,check failed,"231 full rows tie, 9 do not; 31 partial not checked"
elections,2022,FY2022,181,1,,TOTAL,,subtotal,not a full row — not checked,,,,trailing figures,239,7,239,263,748,,,,5,,0,,,check failed,"231 full rows tie, 9 do not; 31 partial not checked"
elections,2022,FY2022,181,1,,AARON L. PACKARD,,row,not a full row — not checked,,,,trailing figures,143,0,143,,,,,,3,,0,,,check failed,"231 full rows tie, 9 do not; 31 partial not checked"
elections,2022,FY2022,181,1,,Write-ins,,row,not a full row — not checked,,,,trailing figures,0,0,0,,,,,,3,,0,,,check failed,"231 full rows tie, 9 do not; 31 partial not checked"
elections,2022,FY2022,181,1,,Blanks,,row,not a full row — not checked,,,,trailing figures,34,0,34,,,,,,3,,0,,,check failed,"231 full rows tie, 9 do not; 31 partial not checked"
elections,2022,FY2022,181,1,,TOTAL,,subtotal,not a full row — not checked,,,,trailing figures,177,0,177,,,,,,3,,0,,,check failed,"231 full rows tie, 9 do not; 31 partial not checked"
elections,2022,FY2022,181,1,,Write-ins,,row,parts sum to the printed total,,,,trailing figures,27,0,15,0,20,28,90,,7,,0,,,check failed,"231 full rows tie, 9 do not; 31 partial not checked"
elections,2022,FY2022,181,1,,Blanks,,row,parts sum to the printed total,,,,trailing figures,212,7,162,0,219,235,835,,7,,0,,,check failed,"231 full rows tie, 9 do not; 31 partial not checked"
elections,2022,FY2022,181,1,,TOTAL,,subtotal,parts sum to the printed total,,,,trailing figures,239,7,177,0,239,263,925,,7,,0,,,check failed,"231 full rows tie, 9 do not; 31 partial not checked"
elections,2022,FY2022,181,1,,LEWIS G. EVANGELIDIS,,row,parts sum to the printed total,,,,trailing figures,194,4,151,0,197,201,747,,7,,0,,,check failed,"231 full rows tie, 9 do not; 31 partial not checked"
elections,2022,FY2022,181,1,,Write-ins,,row,parts sum to the printed total,,,,trailing figures,2,0,0,0,1,0,3,,7,,0,,,check failed,"231 full rows tie, 9 do not; 31 partial not checked"
elections,2022,FY2022,181,1,,Blanks,,row,parts sum to the printed total,,,,trailing figures,43,3,26,0,41,62,175,,7,,0,,,check failed,"231 full rows tie, 9 do not; 31 partial not checked"
elections,2022,FY2022,181,1,,TOTAL,,subtotal,parts sum to the printed total,,,,trailing figures,239,7,177,0,239,263,925,,7,,0,,,check failed,"231 full rows tie, 9 do not; 31 partial not checked"
elections,2022,FY2022,182,1,,"TUESDAY, NOVEMBER",,row,not a full row — not checked,,,,trailing figures,8,2022,,,,,,,2,,0,,,check failed,"231 full rows tie, 9 do not; 31 partial not checked"
elections,2022,FY2022,182,1,,TOTAL REGISTERED VOTERS,,subtotal,parts sum to the printed total,,,,trailing figures,2134,93,2241,23,2201,2349,9041,,7,,0,,,check failed,"231 full rows tie, 9 do not; 31 partial not checked"
elections,2022,FY2022,182,1,,TOTAL BALLOTS CAST,,subtotal,parts sum to the printed total,,,,trailing figures,1333,64,1194,10,1278,1456,5335,,7,,0,,,check failed,"231 full rows tie, 9 do not; 31 partial not checked"
elections,2022,FY2022,182,1,,DIEHL and ALLEN,,row,parts sum to the printed total,,,,trailing figures,583,28,483,6,592,623,2315,,7,,0,,,check failed,"231 full rows tie, 9 do not; 31 partial not checked"
elections,2022,FY2022,182,1,,HEALEY and DRISCOLL,,row,parts sum to the printed total,,,,trailing figures,684,35,678,4,647,783,2831,,7,,0,,,check failed,"231 full rows tie, 9 do not; 31 partial not checked"
elections,2022,FY2022,182,1,,REED and EVERETT,,row,parts sum to the printed total,,,,trailing figures,30,1,19,0,29,37,116,,7,,0,,,check failed,"231 full rows tie, 9 do not; 31 partial not checked"
elections,2022,FY2022,182,1,,Write-ins,,row,parts sum to the printed total,,,,trailing figures,1,0,1,0,0,2,4,,7,,0,,,check failed,"231 full rows tie, 9 do not; 31 partial not checked"
elections,2022,FY2022,182,1,,Blanks,,row,parts sum to the printed total,,,,trailing figures,35,0,13,0,10,11,69,,7,,0,,,check failed,"231 full rows tie, 9 do not; 31 partial not checked"
elections,2022,FY2022,182,1,,TOTAL,,subtotal,parts sum to the printed total,,,,trailing figures,1333,64,1194,10,1278,1456,5335,,7,,0,,,check failed,"231 full rows tie, 9 do not; 31 partial not checked"
elections,2022,FY2022,182,1,,ANDREA JOY CAMPBELL,,row,parts sum to the printed total,,,,trailing figures,675,35,649,5,633,756,2753,,7,,0,,,check failed,"231 full rows tie, 9 do not; 31 partial not checked"
elections,2022,FY2022,182,1,,"JAMES R. McMAHON, III",,row,parts sum to the printed total,,,,trailing figures,607,28,519,5,618,676,2453,,7,,0,,,check failed,"231 full rows tie, 9 do not; 31 partial not checked"
elections,2022,FY2022,182,1,,Write-ins,,row,parts sum to the printed total,,,,trailing figures,1,0,0,0,2,1,4,,7,,0,,,check failed,"231 full rows tie, 9 do not; 31 partial not checked"
elections,2022,FY2022,182,1,,Blanks,,row,parts sum to the printed total,,,,trailing figures,50,1,26,0,25,23,125,,7,,0,,,check failed,"231 full rows tie, 9 do not; 31 partial not checked"
elections,2022,FY2022,182,1,,TOTAL,,subtotal,parts sum to the printed total,,,,trailing figures,1333,64,1194,10,1278,1456,5335,,7,,0,,,check failed,"231 full rows tie, 9 do not; 31 partial not checked"
elections,2022,FY2022,182,1,,WILLIAM FRANCIS GALVIN,,row,parts sum to the printed total,,,,trailing figures,762,39,733,5,721,859,3119,,7,,0,,,check failed,"231 full rows tie, 9 do not; 31 partial not checked"
elections,2022,FY2022,182,1,,RAYLA CAMPBELL,,row,parts sum to the printed total,,,,trailing figures,500,25,420,4,520,537,2006,,7,,0,,,check failed,"231 full rows tie, 9 do not; 31 partial not checked"
elections,2022,FY2022,182,1,,JUAN SANCHEZ,,row,parts sum to the printed total,,,,trailing figures,27,0,21,1,23,34,106,,7,,0,,,check failed,"231 full rows tie, 9 do not; 31 partial not checked"
elections,2022,FY2022,182,1,,Write-ins,,row,parts sum to the printed total,,,,trailing figures,1,0,0,0,0,1,2,,7,,0,,,check failed,"231 full rows tie, 9 do not; 31 partial not checked"
elections,2022,FY2022,182,1,,Blanks,,row,parts sum to the printed total,,,,trailing figures,43,0,20,0,14,25,102,,7,,0,,,check failed,"231 full rows tie, 9 do not; 31 partial not checked"
elections,2022,FY2022,182,1,,TOTAL,,subtotal,parts sum to the printed total,,,,trailing figures,1333,64,1194,10,1278,1456,5335,,7,,0,,,check failed,"231 full rows tie, 9 do not; 31 partial not checked"
elections,2022,FY2022,182,1,,DEBORAH B. GOLDBERG,,row,parts sum to the printed total,,,,trailing figures,777,35,741,6,748,893,3200,,7,,0,,,check failed,"231 full rows tie, 9 do not; 31 partial not checked"
elections,2022,FY2022,182,1,,CRISTINA CRAWFORD,,row,parts sum to the printed total,,,,trailing figures,384,21,318,4,373,411,1511,,7,,0,,,check failed,"231 full rows tie, 9 do not; 31 partial not checked"
elections,2022,FY2022,182,1,,Write-ins,,row,parts sum to the printed total,,,,trailing figures,9,3,5,0,11,10,38,,7,,0,,,check failed,"231 full rows tie, 9 do not; 31 partial not checked"
elections,2022,FY2022,182,1,,Blanks,,row,parts sum to the printed total,,,,trailing figures,163,5,130,0,146,142,586,,7,,0,,,check failed,"231 full rows tie, 9 do not; 31 partial not checked"
elections,2022,FY2022,182,1,,TOTAL,,subtotal,parts sum to the printed total,,,,trailing figures,1333,64,1194,10,1278,1456,5335,,7,,0,,,check failed,"231 full rows tie, 9 do not; 31 partial not checked"
elections,2022,FY2022,182,1,,ANTHONY AMORE,,row,parts sum to the printed total,,,,trailing figures,584,29,493,4,609,627,2346,,7,,0,,,check failed,"231 full rows tie, 9 do not; 31 partial not checked"
elections,2022,FY2022,182,1,,DIANA DiZOGLIO,,row,parts sum to the printed total,,,,trailing figures,588,30,562,3,541,649,2373,,7,,0,,,check failed,"231 full rows tie, 9 do not; 31 partial not checked"
elections,2022,FY2022,182,1,,GLORIA A. CABALLERO-ROCA,,row,parts sum to the printed total,,,,trailing figures,29,0,31,1,31,45,137,,7,,0,,,check failed,"231 full rows tie, 9 do not; 31 partial not checked"
elections,2022,FY2022,182,1,,"DOMINIC GIANNONE, III",,row,parts sum to the printed total,,,,trailing figures,23,1,22,2,13,34,95,,7,,0,,,check failed,"231 full rows tie, 9 do not; 31 partial not checked"
elections,2022,FY2022,182,1,,DANIEL RIEK,,subtotal,parts sum to the printed total,,,,trailing figures,36,2,33,0,41,42,154,,7,,0,,,check failed,"231 full rows tie, 9 do not; 31 partial not checked"
elections,2022,FY2022,182,1,,Write-ins,,row,parts sum to the printed total,,,,trailing figures,0,0,1,0,0,0,1,,7,,0,,,check failed,"231 full rows tie, 9 do not; 31 partial not checked"
elections,2022,FY2022,182,1,,Blanks,,row,parts sum to the printed total,,,,trailing figures,73,2,52,0,43,59,229,,7,,0,,,check failed,"231 full rows tie, 9 do not; 31 partial not checked"
elections,2022,FY2022,182,1,,TOTAL,,subtotal,parts sum to the printed total,,,,trailing figures,1333,64,1194,10,1278,1456,5335,,7,,0,,,check failed,"231 full rows tie, 9 do not; 31 partial not checked"
elections,2022,FY2022,183,1,,LORI LOUREIRO TRAHAN,,row,"parts sum to 2830, total printed 2829",,,,trailing figures,707,36,656,5,642,784,2829,,7,,0,,,check failed,"231 full rows tie, 9 do not; 31 partial not checked"
elections,2022,FY2022,183,1,,DEAN A. TRAN,,row,"parts sum to 2379, total printed 2380",,,,trailing figures,580,27,510,5,611,646,2380,,7,,0,,,check failed,"231 full rows tie, 9 do not; 31 partial not checked"
elections,2022,FY2022,183,1,,Write-ins,,row,parts sum to the printed total,,,,trailing figures,0,0,1,0,1,1,3,,7,,0,,,check failed,"231 full rows tie, 9 do not; 31 partial not checked"
elections,2022,FY2022,183,1,,Blanks,,row,parts sum to the printed total,,,,trailing figures,46,1,27,0,24,25,123,,7,,0,,,check failed,"231 full rows tie, 9 do not; 31 partial not checked"
elections,2022,FY2022,183,1,,TOTAL,,subtotal,parts sum to the printed total,,,,trailing figures,1333,64,1194,10,1278,1456,5335,,7,,0,,,check failed,"231 full rows tie, 9 do not; 31 partial not checked"
elections,2022,FY2022,183,1,,PAUL M. DePALO,,row,parts sum to the printed total,,,,trailing figures,699,33,664,5,655,792,2848,,7,,0,,,check failed,"231 full rows tie, 9 do not; 31 partial not checked"
elections,2022,FY2022,183,1,,GARY GALONEK,,row,parts sum to the printed total,,,,trailing figures,565,29,477,5,577,610,2263,,7,,0,,,check failed,"231 full rows tie, 9 do not; 31 partial not checked"
elections,2022,FY2022,183,1,,Write-ins,,row,parts sum to the printed total,,,,trailing figures,0,0,0,0,2,0,2,,7,,0,,,check failed,"231 full rows tie, 9 do not; 31 partial not checked"
elections,2022,FY2022,183,1,,Blanks,,row,parts sum to the printed total,,,,trailing figures,69,2,53,0,44,54,222,,7,,0,,,check failed,"231 full rows tie, 9 do not; 31 partial not checked"
elections,2022,FY2022,183,1,,TOTAL,,subtotal,parts sum to the printed total,,,,trailing figures,1333,64,1194,10,1278,1456,5335,,7,,0,,,check failed,"231 full rows tie, 9 do not; 31 partial not checked"
elections,2022,FY2022,183,1,,JOHN J. CRONIN,,row,parts sum to the printed total,,,,trailing figures,781,38,737,5,727,866,3154,,7,,0,,,check failed,"231 full rows tie, 9 do not; 31 partial not checked"
elections,2022,FY2022,183,1,,KENNETH B. HOYT,,row,parts sum to the printed total,,,,trailing figures,504,25,428,5,527,560,2049,,7,,0,,,check failed,"231 full rows tie, 9 do not; 31 partial not checked"
elections,2022,FY2022,183,1,,Write-ins,,row,parts sum to the printed total,,,,trailing figures,0,0,0,0,1,1,2,,7,,0,,,check failed,"231 full rows tie, 9 do not; 31 partial not checked"
elections,2022,FY2022,183,1,,Blanks,,row,parts sum to the printed total,,,,trailing figures,48,1,29,0,23,29,130,,7,,0,,,check failed,"231 full rows tie, 9 do not; 31 partial not checked"
elections,2022,FY2022,183,1,,TOTAL,,subtotal,parts sum to the printed total,,,,trailing figures,1333,64,1194,10,1278,1456,5335,,7,,0,,,check failed,"231 full rows tie, 9 do not; 31 partial not checked"
elections,2022,FY2022,183,1,,MARGARET R. SCARSDALE,,row,not a full row — not checked,,,,trailing figures,598,46,551,668,1863,,,,5,,0,,,check failed,"231 full rows tie, 9 do not; 31 partial not checked"
elections,2022,FY2022,183,1,,ANDREW JAMES SHEPHERD,,row,not a full row — not checked,,,,trailing figures,649,59,614,678,2000,,,,5,,0,,,check failed,"231 full rows tie, 9 do not; 31 partial not checked"
elections,2022,FY2022,183,1,,CATHERINE LUNDEEN,,row,not a full row — not checked,,,,trailing figures,59,5,52,78,194,,,,5,,0,,,check failed,"231 full rows tie, 9 do not; 31 partial not checked"
elections,2022,FY2022,183,1,,Write-ins,,row,not a full row — not checked,,,,trailing figures,1,0,0,0,1,,,,5,,0,,,check failed,"231 full rows tie, 9 do not; 31 partial not checked"
elections,2022,FY2022,183,1,,Blanks,,row,not a full row — not checked,,,,trailing figures,26,0,21,26,73,,,,5,,0,,,check failed,"231 full rows tie, 9 do not; 31 partial not checked"
elections,2022,FY2022,183,1,,TOTAL 1333        *110,,subtotal,not a full row — not checked,,,,trailing figures,1238,1450,4131,,,,,,3,,0,,,check failed,"231 full rows tie, 9 do not; 31 partial not checked"
elections,2022,FY2022,183,1,,MICHAEL P. KUSHMEREK,,row,not a full row — not checked,,,,trailing figures,700,5,705,,,,,,3,,0,,,check failed,"231 full rows tie, 9 do not; 31 partial not checked"
elections,2022,FY2022,183,1,,AARON L. PACKARD,,row,not a full row — not checked,,,,trailing figures,456,5,461,,,,,,3,,0,,,check failed,"231 full rows tie, 9 do not; 31 partial not checked"
elections,2022,FY2022,183,1,,Write-ins,,row,not a full row — not checked,,,,trailing figures,0,0,0,,,,,,3,,0,,,check failed,"231 full rows tie, 9 do not; 31 partial not checked"
elections,2022,FY2022,183,1,,Blanks,,row,not a full row — not checked,,,,trailing figures,38,0,38,,,,,,3,,0,,,check failed,"231 full rows tie, 9 do not; 31 partial not checked"
elections,2022,FY2022,183,1,,TOTAL,,subtotal,not a full row — not checked,,,,trailing figures,1194,10,1204,,,,,,3,,0,,,check failed,"231 full rows tie, 9 do not; 31 partial not checked"
elections,2022,FY2022,183,1,,"JOSEPH D. EARLY, JR.",,row,parts sum to the printed total,,,,trailing figures,938,41,875,8,881,1041,3784,,7,,0,,,check failed,"231 full rows tie, 9 do not; 31 partial not checked"
elections,2022,FY2022,183,1,,Write-ins,,row,parts sum to the printed total,,,,trailing figures,44,6,28,1,34,39,152,,7,,0,,,check failed,"231 full rows tie, 9 do not; 31 partial not checked"
elections,2022,FY2022,183,1,,Blanks,,row,parts sum to the printed total,,,,trailing figures,351,17,291,1,363,376,1399,,7,,0,,,check failed,"231 full rows tie, 9 do not; 31 partial not checked"
elections,2022,FY2022,183,1,,TOTAL,,subtotal,parts sum to the printed total,,,,trailing figures,1333,64,1194,10,1278,1456,5335,,7,,0,,,check failed,"231 full rows tie, 9 do not; 31 partial not checked"
elections,2022,FY2022,183,1,,LEWIS G. EVANGELIDIS,,row,parts sum to the printed total,,,,trailing figures,748,40,644,6,770,810,3018,,7,,0,,,check failed,"231 full rows tie, 9 do not; 31 partial not checked"
elections,2022,FY2022,183,1,,DAVID M. FONTAINE,,row,parts sum to the printed total,,,,trailing figures,523,23,507,4,465,600,2122,,7,,0,,,check failed,"231 full rows tie, 9 do not; 31 partial not checked"
elections,2022,FY2022,183,1,,Write-ins,,row,parts sum to the printed total,,,,trailing figures,1,0,2,0,2,1,6,,7,,0,,,check failed,"231 full rows tie, 9 do not; 31 partial not checked"
elections,2022,FY2022,183,1,,Blanks,,row,"parts sum to 183, total printed 189",,,,trailing figures,61,1,41,0,41,39,189,,7,,0,,,check failed,"231 full rows tie, 9 do not; 31 partial not checked"
elections,2022,FY2022,183,1,,TOTAL,,subtotal,"parts sum to 5329, total printed 5335",,,,trailing figures,1333,64,1194,10,1278,1450,5335,,7,,0,,,check failed,"231 full rows tie, 9 do not; 31 partial not checked"
elections,2022,FY2022,184,1,,YES,,row,parts sum to the printed total,,,,trailing figures,583,22,606,6,558,664,2439,,7,,0,,,check failed,"231 full rows tie, 9 do not; 31 partial not checked"
elections,2022,FY2022,184,1,,NO,,row,parts sum to the printed total,,,,trailing figures,693,40,548,4,672,750,2707,,7,,0,,,check failed,"231 full rows tie, 9 do not; 31 partial not checked"
elections,2022,FY2022,184,1,,Blanks,,row,parts sum to the printed total,,,,trailing figures,57,2,40,0,48,42,189,,7,,0,,,check failed,"231 full rows tie, 9 do not; 31 partial not checked"
elections,2022,FY2022,184,1,,TOTAL,,subtotal,parts sum to the printed total,,,,trailing figures,1333,64,1194,10,1278,1456,5335,,7,,0,,,check failed,"231 full rows tie, 9 do not; 31 partial not checked"
elections,2022,FY2022,184,1,,YES,,row,parts sum to the printed total,,,,trailing figures,875,38,810,8,824,953,3508,,7,,0,,,check failed,"231 full rows tie, 9 do not; 31 partial not checked"
elections,2022,FY2022,184,1,,NO,,row,parts sum to the printed total,,,,trailing figures,398,24,335,2,406,455,1620,,7,,0,,,check failed,"231 full rows tie, 9 do not; 31 partial not checked"
elections,2022,FY2022,184,1,,Blanks,,row,parts sum to the printed total,,,,trailing figures,60,2,49,0,48,48,207,,7,,0,,,check failed,"231 full rows tie, 9 do not; 31 partial not checked"
elections,2022,FY2022,184,1,,TOTAL,,subtotal,parts sum to the printed total,,,,trailing figures,1333,64,1194,10,1278,1456,5335,,7,,0,,,check failed,"231 full rows tie, 9 do not; 31 partial not checked"
elections,2022,FY2022,184,1,,YES,,row,parts sum to the printed total,,,,trailing figures,506,22,482,6,503,601,2120,,7,,0,,,check failed,"231 full rows tie, 9 do not; 31 partial not checked"
elections,2022,FY2022,184,1,,NO,,row,"parts sum to 2942, total printed 2943",,,,trailing figures,745,40,652,4,708,793,2943,,7,,0,,,check failed,"231 full rows tie, 9 do not; 31 partial not checked"
elections,2022,FY2022,184,1,,Blanks,,row,parts sum to the printed total,,,,trailing figures,82,2,59,0,67,62,272,,7,,0,,,check failed,"231 full rows tie, 9 do not; 31 partial not checked"
elections,2022,FY2022,184,1,,TOTAL,,subtotal,parts sum to the printed total,,,,trailing figures,1333,64,1194,10,1278,1456,5335,,7,,0,,,check failed,"231 full rows tie, 9 do not; 31 partial not checked"
elections,2022,FY2022,184,1,,YES,,row,parts sum to the printed total,,,,trailing figures,576,28,567,6,530,644,2351,,7,,0,,,check failed,"231 full rows tie, 9 do not; 31 partial not checked"
elections,2022,FY2022,184,1,,NO,,row,"parts sum to 2786, total printed 2787",,,,trailing figures,691,34,584,4,699,774,2787,,7,,0,,,check failed,"231 full rows tie, 9 do not; 31 partial not checked"
elections,2022,FY2022,184,1,,Blanks,,row,parts sum to the printed total,,,,trailing figures,66,2,42,0,49,38,197,,7,,0,,,check failed,"231 full rows tie, 9 do not; 31 partial not checked"
elections,2022,FY2022,184,1,,TOTAL,,subtotal,parts sum to the printed total,,,,trailing figures,1333,64,1194,10,1278,1456,5335,,7,,0,,,check failed,"231 full rows tie, 9 do not; 31 partial not checked"
elections,2023,FY2023,186,1,,"Saturday, May",,row,not a full row — not checked,,,,trailing figures,20,2023,,,,,,,2,,0,,,checked,40 full rows: parts sum to their printed total; 12 partial not checked
elections,2023,FY2023,186,1,,RENEE EMKEY**,,row,parts sum to the printed total,,,,trailing figures,161,37,68,126,392,,,,5,,0,,,checked,40 full rows: parts sum to their printed total; 12 partial not checked
elections,2023,FY2023,186,1,,CAESAR J. NUZZOLO**,,row,parts sum to the printed total,,,,trailing figures,114,62,60,129,365,,,,5,,0,,,checked,40 full rows: parts sum to their printed total; 12 partial not checked
elections,2023,FY2023,186,1,,HEATHER A. SROKA,,row,parts sum to the printed total,,,,trailing figures,96,63,68,123,350,,,,5,,0,,,checked,40 full rows: parts sum to their printed total; 12 partial not checked
elections,2023,FY2023,186,1,,All Others,,row,parts sum to the printed total,,,,trailing figures,3,3,2,1,9,,,,5,,0,,,checked,40 full rows: parts sum to their printed total; 12 partial not checked
elections,2023,FY2023,186,1,,BLANKS,,row,parts sum to the printed total,,,,trailing figures,50,31,34,45,160,,,,5,,0,,,checked,40 full rows: parts sum to their printed total; 12 partial not checked
elections,2023,FY2023,186,1,,TOTAL,,subtotal,parts sum to the printed total,,,,trailing figures,424,196,232,424,1276,,,,5,,0,,,checked,40 full rows: parts sum to their printed total; 12 partial not checked
elections,2023,FY2023,186,1,,BRETT D. RAMSDEN**,,row,parts sum to the printed total,,,,trailing figures,168,83,88,174,513,,,,5,,0,,,checked,40 full rows: parts sum to their printed total; 12 partial not checked
elections,2023,FY2023,186,1,,All Others,,row,parts sum to the printed total,,,,trailing figures,6,4,5,4,19,,,,5,,0,,,checked,40 full rows: parts sum to their printed total; 12 partial not checked
elections,2023,FY2023,186,1,,BLANKS,,row,parts sum to the printed total,,,,trailing figures,250,109,139,246,744,,,,5,,0,,,checked,40 full rows: parts sum to their printed total; 12 partial not checked
elections,2023,FY2023,186,1,,TOTAL,,subtotal,parts sum to the printed total,,,,trailing figures,424,196,232,424,1276,,,,5,,0,,,checked,40 full rows: parts sum to their printed total; 12 partial not checked
elections,2023,FY2023,186,1,,PERRY R. JEWELL**,,row,parts sum to the printed total,,,,trailing figures,157,78,86,169,490,,,,5,,0,,,checked,40 full rows: parts sum to their printed total; 12 partial not checked
elections,2023,FY2023,186,1,,EVAN J. WATTERS**,,row,parts sum to the printed total,,,,trailing figures,150,80,85,165,480,,,,5,,0,,,checked,40 full rows: parts sum to their printed total; 12 partial not checked
elections,2023,FY2023,186,1,,All Others,,row,not a full row — not checked,,,,trailing figures,4,0,0,4,,,,,4,,0,,,checked,40 full rows: parts sum to their printed total; 12 partial not checked
elections,2023,FY2023,186,1,,BLANKS,,row,parts sum to the printed total,,,,trailing figures,113,38,61,90,302,,,,5,,0,,,checked,40 full rows: parts sum to their printed total; 12 partial not checked
elections,2023,FY2023,186,1,,TOTAL,,subtotal,parts sum to the printed total,,,,trailing figures,424,196,232,424,1276,,,,5,,0,,,checked,40 full rows: parts sum to their printed total; 12 partial not checked
elections,2023,FY2023,186,1,,JOHN T. RABBITT**,,row,parts sum to the printed total,,,,trailing figures,167,81,84,172,504,,,,5,,0,,,checked,40 full rows: parts sum to their printed total; 12 partial not checked
elections,2023,FY2023,186,1,,All Others,,row,not a full row — not checked,,,,trailing figures,3,1,3,7,,,,,4,,0,,,checked,40 full rows: parts sum to their printed total; 12 partial not checked
elections,2023,FY2023,186,1,,BLANKS,,row,parts sum to the printed total,,,,trailing figures,42,17,31,37,127,,,,5,,0,,,checked,40 full rows: parts sum to their printed total; 12 partial not checked
elections,2023,FY2023,186,1,,TOTAL,,subtotal,parts sum to the printed total,,,,trailing figures,212,98,116,212,638,,,,5,,0,,,checked,40 full rows: parts sum to their printed total; 12 partial not checked
elections,2023,FY2023,186,1,,PETER M. BEARDMORE**,,row,one cell short — the missing value is derivable from the printed total,one cell missing; from this row's own printed total it must be 79,,,trailing figures,153,89,168,489,,,,,4,,0,,,checked,40 full rows: parts sum to their printed total; 12 partial not checked
elections,2023,FY2023,186,1,,[LAURA Q. BRZOZOSKI**,,row,parts sum to the printed total,,,,trailing figures,160,82,88,168,498,,,,5,,0,,,checked,40 full rows: parts sum to their printed total; 12 partial not checked
elections,2023,FY2023,186,1,,All Others,,row,parts sum to the printed total,,,,trailing figures,3,0,0,0,3,,,,5,,0,,,checked,40 full rows: parts sum to their printed total; 12 partial not checked
elections,2023,FY2023,186,1,,BLANKS,,row,one cell short — the missing value is derivable from the printed total,one cell missing; from this row's own printed total it must be 35,,,trailing figures,108,55,88,286,,,,,4,,0,,,checked,40 full rows: parts sum to their printed total; 12 partial not checked
elections,2023,FY2023,186,1,,TOTAL,,subtotal,parts sum to the printed total,,,,trailing figures,424,196,232,424,1276,,,,5,,0,,,checked,40 full rows: parts sum to their printed total; 12 partial not checked
elections,2023,FY2023,187,1,,"Saturday, May",,row,not a full row — not checked,,,,trailing figures,20,2023,,,,,,,2,,0,,,checked,40 full rows: parts sum to their printed total; 12 partial not checked
elections,2023,FY2023,187,1,,KARIN L. MENARD**,,row,parts sum to the printed total,,,,trailing figures,151,75,83,153,462,,,,5,,0,,,checked,40 full rows: parts sum to their printed total; 12 partial not checked
elections,2023,FY2023,187,1,,COLLEEN M. SHAPIRO**,,row,parts sum to the printed total,,,,trailing figures,152,81,82,157,472,,,,5,,0,,,checked,40 full rows: parts sum to their printed total; 12 partial not checked
elections,2023,FY2023,187,1,,All Others,,row,not a full row — not checked,,,,trailing figures,4,3,,,,,,,2,,0,,,checked,40 full rows: parts sum to their printed total; 12 partial not checked
elections,2023,FY2023,187,1,,BLANKS,,row,parts sum to the printed total,,,,trailing figures,117,40,67,111,335,,,,5,,0,,,checked,40 full rows: parts sum to their printed total; 12 partial not checked
elections,2023,FY2023,187,1,,TOTAL,,subtotal,parts sum to the printed total,,,,trailing figures,424,196,232,424,1276,,,,5,,0,,,checked,40 full rows: parts sum to their printed total; 12 partial not checked
elections,2023,FY2023,187,1,,CORINNE C. SCOUTEN**,,row,parts sum to the printed total,,,,trailing figures,154,84,86,180,504,,,,5,,0,,,checked,40 full rows: parts sum to their printed total; 12 partial not checked
elections,2023,FY2023,187,1,,All Others,,row,not a full row — not checked,,,,trailing figures,1,0,0,1,,,,,4,,0,,,checked,40 full rows: parts sum to their printed total; 12 partial not checked
elections,2023,FY2023,187,1,,BLANKS,,row,one cell short — the missing value is derivable from the printed total,one cell missing; from this row's own printed total it must be 32,,,trailing figures,57,14,30,133,,,,,4,,0,,,checked,40 full rows: parts sum to their printed total; 12 partial not checked
elections,2023,FY2023,187,1,,TOTAL,,subtotal,parts sum to the printed total,,,,trailing figures,212,98,116,212,638,,,,5,,0,,,checked,40 full rows: parts sum to their printed total; 12 partial not checked
elections,2023,FY2023,187,1,,STANLEY W. BARNEY**,,row,parts sum to the printed total,,,,trailing figures,172,85,91,186,534,,,,5,,0,,,checked,40 full rows: parts sum to their printed total; 12 partial not checked
elections,2023,FY2023,187,1,,All Others,,row,parts sum to the printed total,,,,trailing figures,0,0,0,0,0,,,,5,,0,,,checked,40 full rows: parts sum to their printed total; 12 partial not checked
elections,2023,FY2023,187,1,,BLANKS,,row,parts sum to the printed total,,,,trailing figures,40,13,25,26,104,,,,5,,0,,,checked,40 full rows: parts sum to their printed total; 12 partial not checked
elections,2023,FY2023,187,1,,TOTAL,,subtotal,parts sum to the printed total,,,,trailing figures,212,98,116,212,638,,,,5,,0,,,checked,40 full rows: parts sum to their printed total; 12 partial not checked
elections,2023,FY2023,187,1,,JANALEE GERMAINE BALISH**,,row,parts sum to the printed total,,,,trailing figures,157,84,85,166,492,,,,5,,0,,,checked,40 full rows: parts sum to their printed total; 12 partial not checked
elections,2023,FY2023,187,1,,HARRY M. KUBETZ**,,row,parts sum to the printed total,,,,trailing figures,150,77,84,166,477,,,,5,,0,,,checked,40 full rows: parts sum to their printed total; 12 partial not checked
elections,2023,FY2023,187,1,,All Others,,row,not a full row — not checked,,,,trailing figures,2,0,0,2,,,,,4,,0,,,checked,40 full rows: parts sum to their printed total; 12 partial not checked
elections,2023,FY2023,187,1,,BLANKS,,row,parts sum to the printed total,,,,trailing figures,115,35,63,92,305,,,,5,,0,,,checked,40 full rows: parts sum to their printed total; 12 partial not checked
elections,2023,FY2023,187,1,,TOTAL,,subtotal,parts sum to the printed total,,,,trailing figures,424,196,232,424,1276,,,,5,,0,,,checked,40 full rows: parts sum to their printed total; 12 partial not checked
elections,2023,FY2023,187,1,,TIMOTHY RUSSELL WILLSMER**,,row,one cell short — the missing value is derivable from the printed total,one cell missing; from this row's own printed total it must be 78,,,trailing figures,154,86,162,480,,,,,4,,0,,,checked,40 full rows: parts sum to their printed total; 12 partial not checked
elections,2023,FY2023,187,1,,All Others,,row,parts sum to the printed total,,,,trailing figures,2,0,0,0,2,,,,5,,0,,,checked,40 full rows: parts sum to their printed total; 12 partial not checked
elections,2023,FY2023,187,1,,BLANKS,,row,one cell short — the missing value is derivable from the printed total,one cell missing; from this row's own printed total it must be 50,,,trailing figures,56,20,30,156,,,,,4,,0,,,checked,40 full rows: parts sum to their printed total; 12 partial not checked
elections,2023,FY2023,187,1,,TOTAL,,subtotal,parts sum to the printed total,,,,trailing figures,212,98,116,212,638,,,,5,,0,,,checked,40 full rows: parts sum to their printed total; 12 partial not checked
elections,2023,FY2023,187,1,,NICOLE WATERS**,,row,parts sum to the printed total,,,,trailing figures,165,80,86,171,502,,,,5,,0,,,checked,40 full rows: parts sum to their printed total; 12 partial not checked
elections,2023,FY2023,187,1,,All Others,,row,parts sum to the printed total,,,,trailing figures,1,0,0,1,2,,,,5,,0,,,checked,40 full rows: parts sum to their printed total; 12 partial not checked
elections,2023,FY2023,187,1,,BLANKS,,row,parts sum to the printed total,,,,trailing figures,46,18,30,40,134,,,,5,,0,,,checked,40 full rows: parts sum to their printed total; 12 partial not checked
elections,2023,FY2023,187,1,,TOTAL,,subtotal,parts sum to the printed total,,,,trailing figures,212,98,116,212,638,,,,5,,0,,,checked,40 full rows: parts sum to their printed total; 12 partial not checked
elections,2024,FY2024,172,1,,"Saturday, May",,row,not a full row — not checked,,,,trailing figures,18,2024,,,,,,,2,,0,,,check failed,"96 full rows tie, 14 do not; 124 partial not checked"
elections,2024,FY2024,172,1,,TOTAL REGISTERED VOTERS                     2243        2398/94       2208/23,,subtotal,not a full row — not checked,,,,trailing figures,2420,9386,,,,,,,2,,0,,,check failed,"96 full rows tie, 14 do not; 124 partial not checked"
elections,2024,FY2024,172,1,,BALLOTS CAST (PER BALLOT BOX)[,,row,parts sum to the printed total,,,,trailing figures,386,267,337,442,1432,,,,5,,0,,,check failed,"96 full rows tie, 14 do not; 124 partial not checked"
elections,2024,FY2024,172,1,,**TIMOTHY W. MURPHY,,row,one cell short — the missing value is derivable from the printed total,one cell missing; from this row's own printed total it must be 189,,,trailing figures,296,262,336,1083,,,,,4,,0,,,check failed,"96 full rows tie, 14 do not; 124 partial not checked"
elections,2024,FY2024,172,1,,ALL OTHERS,,row,not a full row — not checked,,,,trailing figures,10,5,24,,,,,,3,,0,,,check failed,"96 full rows tie, 14 do not; 124 partial not checked"
elections,2024,FY2024,172,1,,BLANKS,,row,one cell short — the missing value is derivable from the printed total,one cell missing; from this row's own printed total it must be 52,,,trailing figures,54,60,78,244,,,,,4,,0,,,check failed,"96 full rows tie, 14 do not; 124 partial not checked"
elections,2024,FY2024,172,1,,TOTAL,,subtotal,one cell short — the missing value is derivable from the printed total,one cell missing; from this row's own printed total it must be 267,,,trailing figures,386,337,442,1432,,,,,4,,0,,,check failed,"96 full rows tie, 14 do not; 124 partial not checked"
elections,2024,FY2024,172,1,,**AMANDA J. MOORE,,row,parts sum to the printed total,,,,trailing figures,293,191,262,329,1075,,,,5,,0,,,check failed,"96 full rows tie, 14 do not; 124 partial not checked"
elections,2024,FY2024,172,1,,ALL OTHERS,,row,not a full row — not checked,,,,trailing figures,4,1,4,,,,,,3,,0,,,check failed,"96 full rows tie, 14 do not; 124 partial not checked"
elections,2024,FY2024,172,1,,TOTAL,,subtotal,parts sum to the printed total,,,,trailing figures,386,267,337,442,1432,,,,5,,0,,,check failed,"96 full rows tie, 14 do not; 124 partial not checked"
elections,2024,FY2024,172,1,,**MICHAEL J. MACKIN,,row,parts sum to the printed total,,,,trailing figures,296,186,260,332,1074,,,,5,,0,,,check failed,"96 full rows tie, 14 do not; 124 partial not checked"
elections,2024,FY2024,172,1,,DANIEL BURNS,,row,not a full row — not checked,,,,trailing figures,1,3,,,,,,,2,,0,,,check failed,"96 full rows tie, 14 do not; 124 partial not checked"
elections,2024,FY2024,172,1,,ALL OTHERS,,row,"parts sum to 38, total printed 39",,,,trailing figures,8,14,2,14,39,,,,5,,0,,,check failed,"96 full rows tie, 14 do not; 124 partial not checked"
elections,2024,FY2024,172,1,,BLANKS,,row,parts sum to the printed total,,,,trailing figures,468,333,410,538,1749,,,,5,,0,,,check failed,"96 full rows tie, 14 do not; 124 partial not checked"
elections,2024,FY2024,172,1,,TOTAL,,subtotal,parts sum to the printed total,,,,trailing figures,772,534,674,884,2864,,,,5,,0,,,check failed,"96 full rows tie, 14 do not; 124 partial not checked"
elections,2024,FY2024,172,1,,**PAUL J. FORTIN,,row,parts sum to the printed total,,,,trailing figures,292,189,262,317,1060,,,,5,,0,,,check failed,"96 full rows tie, 14 do not; 124 partial not checked"
elections,2024,FY2024,172,1,,MATT PROCTOR,,row,not a full row — not checked,,,,trailing figures,2,9,,,,,,,2,,0,,,check failed,"96 full rows tie, 14 do not; 124 partial not checked"
elections,2024,FY2024,172,1,,ALL OTHERS,,row,parts sum to the printed total,,,,trailing figures,5,9,2,9,25,,,,5,,0,,,check failed,"96 full rows tie, 14 do not; 124 partial not checked"
elections,2024,FY2024,172,1,,BLANKS,,row,parts sum to the printed total,,,,trailing figures,468,336,410,556,1770,,,,5,,0,,,check failed,"96 full rows tie, 14 do not; 124 partial not checked"
elections,2024,FY2024,172,1,,TOTAL,,subtotal,one cell short — the missing value is derivable from the printed total,one cell missing; from this row's own printed total it must be 884,,,trailing figures,772,534,674,2864,,,,,4,,0,,,check failed,"96 full rows tie, 14 do not; 124 partial not checked"
elections,2024,FY2024,173,1,,ALL OTHERS,,row,parts sum to the printed total,,,,trailing figures,35,33,28,35,131,,,,5,,0,,,check failed,"96 full rows tie, 14 do not; 124 partial not checked"
elections,2024,FY2024,173,1,,BLANKS,,row,parts sum to the printed total,,,,trailing figures,351,234,309,407,1301,,,,5,,0,,,check failed,"96 full rows tie, 14 do not; 124 partial not checked"
elections,2024,FY2024,173,1,,TOTAL,,subtotal,parts sum to the printed total,,,,trailing figures,386,267,337,442,1432,,,,5,,0,,,check failed,"96 full rows tie, 14 do not; 124 partial not checked"
elections,2024,FY2024,173,1,,**DAVID H. DORREN,,row,parts sum to the printed total,,,,trailing figures,277,184,249,311,1021,,,,5,,0,,,check failed,"96 full rows tie, 14 do not; 124 partial not checked"
elections,2024,FY2024,173,1,,JOHN BOWEN,,row,parts sum to the printed total,,,,trailing figures,8,4,3,10,25,,,,5,,0,,,check failed,"96 full rows tie, 14 do not; 124 partial not checked"
elections,2024,FY2024,173,1,,ALL OTHERS,,row,parts sum to the printed total,,,,trailing figures,2,2,1,7,12,,,,5,,0,,,check failed,"96 full rows tie, 14 do not; 124 partial not checked"
elections,2024,FY2024,173,1,,BLANKS,,row,parts sum to the printed total,,,,trailing figures,99,77,84,114,374,,,,5,,0,,,check failed,"96 full rows tie, 14 do not; 124 partial not checked"
elections,2024,FY2024,173,1,,TOTAL,,subtotal,parts sum to the printed total,,,,trailing figures,386,267,337,442,1432,,,,5,,0,,,check failed,"96 full rows tie, 14 do not; 124 partial not checked"
elections,2024,FY2024,173,1,,**MICHAEL P. CLARK,,row,parts sum to the printed total,,,,trailing figures,300,181,255,323,1059,,,,5,,0,,,check failed,"96 full rows tie, 14 do not; 124 partial not checked"
elections,2024,FY2024,173,1,,JOHN BOWEN,,row,not a full row — not checked,,,,trailing figures,2,3,4,9,,,,,4,,0,,,check failed,"96 full rows tie, 14 do not; 124 partial not checked"
elections,2024,FY2024,173,1,,ALL OTHERS,,row,parts sum to the printed total,,,,trailing figures,3,4,5,4,16,,,,5,,0,,,check failed,"96 full rows tie, 14 do not; 124 partial not checked"
elections,2024,FY2024,173,1,,BLANKS,,row,parts sum to the printed total,,,,trailing figures,81,79,77,111,348,,,,5,,0,,,check failed,"96 full rows tie, 14 do not; 124 partial not checked"
elections,2024,FY2024,173,1,,TOTAL,,subtotal,parts sum to the printed total,,,,trailing figures,386,267,337,442,1432,,,,5,,0,,,check failed,"96 full rows tie, 14 do not; 124 partial not checked"
elections,2024,FY2024,173,1,,**MAIA CE WENTRUP,,row,parts sum to the printed total,,,,trailing figures,264,186,246,306,1002,,,,5,,0,,,check failed,"96 full rows tie, 14 do not; 124 partial not checked"
elections,2024,FY2024,173,1,,**ROBERT M. CONROY,,row,parts sum to the printed total,,,,trailing figures,265,183,240,313,1001,,,,5,,0,,,check failed,"96 full rows tie, 14 do not; 124 partial not checked"
elections,2024,FY2024,173,1,,**LAURA J. BOUSSOM,,row,parts sum to the printed total,,,,trailing figures,279,187,241,308,1015,,,,5,,0,,,check failed,"96 full rows tie, 14 do not; 124 partial not checked"
elections,2024,FY2024,173,1,,ALL OTHERS,,row,not a full row — not checked,,,,trailing figures,6,2,1,9,,,,,4,,0,,,check failed,"96 full rows tie, 14 do not; 124 partial not checked"
elections,2024,FY2024,173,1,,BLANKS,,row,parts sum to the printed total,,,,trailing figures,344,243,283,399,1269,,,,5,,0,,,check failed,"96 full rows tie, 14 do not; 124 partial not checked"
elections,2024,FY2024,173,1,,TOTAL,,subtotal,parts sum to the printed total,,,,trailing figures,1158,801,1011,1326,4296,,,,5,,0,,,check failed,"96 full rows tie, 14 do not; 124 partial not checked"
elections,2024,FY2024,173,1,,GLEN MCLEOD,,row,one cell short — the missing value is derivable from the printed total,one cell missing; from this row's own printed total it must be 1,,,trailing figures,1,3,5,10,,,,,4,,0,,,check failed,"96 full rows tie, 14 do not; 124 partial not checked"
elections,2024,FY2024,173,1,,BLANKS,,row,parts sum to the printed total,,,,trailing figures,344,240,313,403,1300,,,,5,,0,,,check failed,"96 full rows tie, 14 do not; 124 partial not checked"
elections,2024,FY2024,173,1,,TOTAL,,subtotal,parts sum to the printed total,,,,trailing figures,386,267,337,442,1432,,,,5,,0,,,check failed,"96 full rows tie, 14 do not; 124 partial not checked"
elections,2024,FY2024,174,1,,**LINDA M. MCDONALD,,row,parts sum to the printed total,,,,trailing figures,291,186,256,313,1046,,,,5,,0,,,check failed,"96 full rows tie, 14 do not; 124 partial not checked"
elections,2024,FY2024,174,1,,ALL OTHERS,,row,parts sum to the printed total,,,,trailing figures,2,4,1,1,8,,,,5,,0,,,check failed,"96 full rows tie, 14 do not; 124 partial not checked"
elections,2024,FY2024,174,1,,BLANKS,,row,parts sum to the printed total,,,,trailing figures,93,77,80,128,378,,,,5,,0,,,check failed,"96 full rows tie, 14 do not; 124 partial not checked"
elections,2024,FY2024,174,1,,TOTAL,,subtotal,parts sum to the printed total,,,,trailing figures,386,267,337,442,1432,,,,5,,0,,,check failed,"96 full rows tie, 14 do not; 124 partial not checked"
elections,2024,FY2024,174,1,,YES,,row,parts sum to the printed total,,,,trailing figures,189,149,157,258,753,,,,5,,0,,,check failed,"96 full rows tie, 14 do not; 124 partial not checked"
elections,2024,FY2024,174,1,,NO,,row,parts sum to the printed total,,,,trailing figures,195,118,175,176,664,,,,5,,0,,,check failed,"96 full rows tie, 14 do not; 124 partial not checked"
elections,2024,FY2024,174,1,,BLANKS,,row,not a full row — not checked,,,,trailing figures,5,8,15,,,,,,3,,0,,,check failed,"96 full rows tie, 14 do not; 124 partial not checked"
elections,2024,FY2024,174,1,,TOTAL|,,subtotal,parts sum to the printed total,,,,trailing figures,386,267,337,442,1432,,,,5,,0,,,check failed,"96 full rows tie, 14 do not; 124 partial not checked"
elections,2024,FY2024,175,1,,TUESDAY SEPTEMBER,,row,not a full row — not checked,,,,trailing figures,3,2024,,,,,,,2,,0,,,check failed,"96 full rows tie, 14 do not; 124 partial not checked"
elections,2024,FY2024,175,1,,ALL OTHERS,,row,"parts sum to 4, total printed 6",,,,trailing figures,0,4,6,,,,,,3,,0,,,check failed,"96 full rows tie, 14 do not; 124 partial not checked"
elections,2024,FY2024,175,1,,BLANKS,,row,not a full row — not checked,,,,trailing figures,4,5,,,,,,,2,,0,,,check failed,"96 full rows tie, 14 do not; 124 partial not checked"
elections,2024,FY2024,175,1,,TOTAL,,subtotal,"parts sum to 16, total printed 18",,,,trailing figures,3,13,18,,,,,,3,,0,,,check failed,"96 full rows tie, 14 do not; 124 partial not checked"
elections,2024,FY2024,175,1,,LORI LOUREIRO TRAHAN,,row,not a full row — not checked,,,,trailing figures,1,3,,,,,,,2,,0,,,check failed,"96 full rows tie, 14 do not; 124 partial not checked"
elections,2024,FY2024,175,1,,BLANKS,,row,not a full row — not checked,,,,trailing figures,9,11,,,,,,,2,,0,,,check failed,"96 full rows tie, 14 do not; 124 partial not checked"
elections,2024,FY2024,175,1,,TOTAL                                                                            =- m,,subtotal,not a full row — not checked,,,,trailing figures,13,18,,,,,,,2,,0,,,check failed,"96 full rows tie, 14 do not; 124 partial not checked"
elections,2024,FY2024,175,1,,ALL OTHERS,,row,not a full row — not checked,,,,trailing figures,2,2,,,,,,,2,,0,,,check failed,"96 full rows tie, 14 do not; 124 partial not checked"
elections,2024,FY2024,175,1,,TOTAL                                                                            -ONM,,subtotal,not a full row — not checked,,,,trailing figures,13,18,,,,,,,2,,0,,,check failed,"96 full rows tie, 14 do not; 124 partial not checked"
elections,2024,FY2024,175,1,,ALL OTHERS,,row,not a full row — not checked,,,,trailing figures,3,3,,,,,,,2,,0,,,check failed,"96 full rows tie, 14 do not; 124 partial not checked"
elections,2024,FY2024,175,1,,BLANKS,,row,"parts sum to 11, total printed 12",,,,trailing figures,2,9,12,,,,,,3,,0,,,check failed,"96 full rows tie, 14 do not; 124 partial not checked"
elections,2024,FY2024,175,1,,TOTAL,,subtotal,not a full row — not checked,,,,trailing figures,13,18,,,,,,,2,,0,,,check failed,"96 full rows tie, 14 do not; 124 partial not checked"
elections,2024,FY2024,175,1,,BLANKS,,row,"parts sum to 10, total printed 11",,,,trailing figures,2,8,11,,,,,,3,,0,,,check failed,"96 full rows tie, 14 do not; 124 partial not checked"
elections,2024,FY2024,175,1,,TOTAL,,subtotal,"parts sum to 16, total printed 17",,,,trailing figures,3,13,17,,,,,,3,,0,,,check failed,"96 full rows tie, 14 do not; 124 partial not checked"
elections,2024,FY2024,175,1,,BLANKS,,row,not a full row — not checked,,,,trailing figures,13,16,,,,,,,2,,0,,,check failed,"96 full rows tie, 14 do not; 124 partial not checked"
elections,2024,FY2024,175,1,,TOTAL,,subtotal,not a full row — not checked,,,,trailing figures,13,18,,,,,,,2,,0,,,check failed,"96 full rows tie, 14 do not; 124 partial not checked"
elections,2024,FY2024,175,1,,ALL OTHERS,,row,not a full row — not checked,,,,trailing figures,2,4,,,,,,,2,,0,,,check failed,"96 full rows tie, 14 do not; 124 partial not checked"
elections,2024,FY2024,175,1,,BLANKS,,row,parts sum to the printed total,,,,trailing figures,2,10,12,,,,,,3,,0,,,check failed,"96 full rows tie, 14 do not; 124 partial not checked"
elections,2024,FY2024,175,1,,TOTAL,,subtotal,"parts sum to 16, total printed 18",,,,trailing figures,3,13,18,,,,,,3,,0,,,check failed,"96 full rows tie, 14 do not; 124 partial not checked"
elections,2024,FY2024,176,1,,"TUESDAY, MARCH",,row,not a full row — not checked,,,,trailing figures,5,2024,,,,,,,2,,0,,,check failed,"96 full rows tie, 14 do not; 124 partial not checked"
elections,2024,FY2024,176,1,,DEAN PHILLIPS,,row,not a full row — not checked,,,,trailing figures,18,13,19,62,,,,,4,,0,,,check failed,"96 full rows tie, 14 do not; 124 partial not checked"
elections,2024,FY2024,176,1,,JOSEPH R. BIDEN,,row,parts sum to the printed total,,,,trailing figures,217,11,223,2,200,224,877,,7,,0,,,check failed,"96 full rows tie, 14 do not; 124 partial not checked"
elections,2024,FY2024,176,1,,MARIANNE WILLIAMSON,,row,not a full row — not checked,,,,trailing figures,6,10,5,7,28,,,,5,,0,,,check failed,"96 full rows tie, 14 do not; 124 partial not checked"
elections,2024,FY2024,176,1,,NO PREFERENCE,,row,not a full row — not checked,,,,trailing figures,19,21,10,21,71,,,,5,,0,,,check failed,"96 full rows tie, 14 do not; 124 partial not checked"
elections,2024,FY2024,176,1,,WRITE-INS,,row,not a full row — not checked,,,,trailing figures,1,2,2,3,8,,,,5,,0,,,check failed,"96 full rows tie, 14 do not; 124 partial not checked"
elections,2024,FY2024,176,1,,ELIZABETH WARREN,,row,not a full row — not checked,,,,trailing figures,1,1,,,,,,,2,,0,,,check failed,"96 full rows tie, 14 do not; 124 partial not checked"
elections,2024,FY2024,176,1,,BERNIE SANDERS,,row,not a full row — not checked,,,,trailing figures,1,1,,,,,,,2,,0,,,check failed,"96 full rows tie, 14 do not; 124 partial not checked"
elections,2024,FY2024,176,1,,BLANKS,,row,not a full row — not checked,,,,trailing figures,1,4,4,4,13,,,,5,,0,,,check failed,"96 full rows tie, 14 do not; 124 partial not checked"
elections,2024,FY2024,176,1,,TOTAL,,subtotal,parts sum to the printed total,,,,trailing figures,256,11,278,2,235,279,1061,,7,,0,,,check failed,"96 full rows tie, 14 do not; 124 partial not checked"
elections,2024,FY2024,176,1,,WRITE-INS,,row,not a full row — not checked,,,,trailing figures,11,2,14,10,11,48,,,6,,0,,,check failed,"96 full rows tie, 14 do not; 124 partial not checked"
elections,2024,FY2024,176,1,,AL HORFORD,,row,not a full row — not checked,,,,trailing figures,1,1,,,,,,,2,,0,,,check failed,"96 full rows tie, 14 do not; 124 partial not checked"
elections,2024,FY2024,176,1,,DAVID FEINBERG,,row,not a full row — not checked,,,,trailing figures,1,1,,,,,,,2,,0,,,check failed,"96 full rows tie, 14 do not; 124 partial not checked"
elections,2024,FY2024,176,1,,GEORGE ALLARA,,row,not a full row — not checked,,,,trailing figures,1,1,,,,,,,2,,0,,,check failed,"96 full rows tie, 14 do not; 124 partial not checked"
elections,2024,FY2024,176,1,,DYLAN CLARK,,row,not a full row — not checked,,,,trailing figures,1,1,,,,,,,2,,0,,,check failed,"96 full rows tie, 14 do not; 124 partial not checked"
elections,2024,FY2024,176,1,,KEVIN FISH,,row,not a full row — not checked,,,,trailing figures,1,1,,,,,,,2,,0,,,check failed,"96 full rows tie, 14 do not; 124 partial not checked"
elections,2024,FY2024,176,1,,NATHAN W. SMITH,,row,not a full row — not checked,,,,trailing figures,1,1,,,,,,,2,,0,,,check failed,"96 full rows tie, 14 do not; 124 partial not checked"
elections,2024,FY2024,176,1,,MATHEW GILMAN,,row,not a full row — not checked,,,,trailing figures,1,1,,,,,,,2,,0,,,check failed,"96 full rows tie, 14 do not; 124 partial not checked"
elections,2024,FY2024,176,1,,DAMIEN RIPPLE,,row,not a full row — not checked,,,,trailing figures,1,1,,,,,,,2,,0,,,check failed,"96 full rows tie, 14 do not; 124 partial not checked"
elections,2024,FY2024,176,1,,TRACY GRANT,,row,not a full row — not checked,,,,trailing figures,1,1,,,,,,,2,,0,,,check failed,"96 full rows tie, 14 do not; 124 partial not checked"
elections,2024,FY2024,176,1,,BLANKS,,row,parts sum to the printed total,,,,trailing figures,243,9,259,2,224,267,1004,,7,,0,,,check failed,"96 full rows tie, 14 do not; 124 partial not checked"
elections,2024,FY2024,176,1,,TOTAL,,subtotal,parts sum to the printed total,,,,trailing figures,256,11,278,2,235,279,1061,,7,,0,,,check failed,"96 full rows tie, 14 do not; 124 partial not checked"
elections,2024,FY2024,176,1,,MEGHAN K. KILCOYNE,,row,one cell short — the missing value is derivable from the printed total,one cell missing; from this row's own printed total it must be 2,,,trailing figures,201,10,232,175,209,829,,,6,,0,,,check failed,"96 full rows tie, 14 do not; 124 partial not checked"
elections,2024,FY2024,176,1,,BLANKS,,row,not a full row — not checked,,,,trailing figures,55,1,46,60,68,230,,,6,,0,,,check failed,"96 full rows tie, 14 do not; 124 partial not checked"
elections,2024,FY2024,176,1,,TOTAL:,,subtotal,parts sum to the printed total,,,,trailing figures,256,11,278,2,235,279,1061,,7,,0,,,check failed,"96 full rows tie, 14 do not; 124 partial not checked"
elections,2024,FY2024,177,1,,"TUESDAY, MARCH",,row,not a full row — not checked,,,,trailing figures,5,2024,,,,,,,2,,0,,,check failed,"96 full rows tie, 14 do not; 124 partial not checked"
elections,2024,FY2024,177,1,,CARRIE A. AYERS,,row,parts sum to the printed total,,,,trailing figures,182,6,199,2,158,177,724,,7,,0,,,check failed,"96 full rows tie, 14 do not; 124 partial not checked"
elections,2024,FY2024,177,1,,MARIANNE E. MASCARI,,row,parts sum to the printed total,,,,trailing figures,185,5,195,2,158,177,722,,7,,0,,,check failed,"96 full rows tie, 14 do not; 124 partial not checked"
elections,2024,FY2024,177,1,,BRIAN JOSEPH LEHTINEN,,row,parts sum to the printed total,,,,trailing figures,186,5,193,2,155,181,722,,7,,0,,,check failed,"96 full rows tie, 14 do not; 124 partial not checked"
elections,2024,FY2024,177,1,,AMANDA B. LEHTINEN,,row,parts sum to the printed total,,,,trailing figures,185,5,196,2,156,178,722,,7,,0,,,check failed,"96 full rows tie, 14 do not; 124 partial not checked"
elections,2024,FY2024,177,1,,SCOTT E. BARNEY,,row,parts sum to the printed total,,,,trailing figures,183,6,203,2,158,185,737,,7,,0,,,check failed,"96 full rows tie, 14 do not; 124 partial not checked"
elections,2024,FY2024,177,1,,STEPHANIE L TRUDEL,,row,parts sum to the printed total,,,,trailing figures,183,5,196,2,157,175,718,,7,,0,,,check failed,"96 full rows tie, 14 do not; 124 partial not checked"
elections,2024,FY2024,177,1,,"MICHAEL D. TRUDEL, SR.",,row,parts sum to the printed total,,,,trailing figures,178,5,189,2,158,171,703,,7,,0,,,check failed,"96 full rows tie, 14 do not; 124 partial not checked"
elections,2024,FY2024,177,1,,JOHN A. RAUDONAT,,row,one cell short — the missing value is derivable from the printed total,one cell missing; from this row's own printed total it must be 5,,,trailing figures,179,190,2,157,179,712,,,6,,0,,,check failed,"96 full rows tie, 14 do not; 124 partial not checked"
elections,2024,FY2024,177,1,,MICHELE P. RAUDONAT,,row,"parts sum to 722, total printed 122",,,,trailing figures,183,5,192,2,159,181,122,,7,,0,,,check failed,"96 full rows tie, 14 do not; 124 partial not checked"
elections,2024,FY2024,177,1,,MICHAEL J. MACKIN,,row,parts sum to the printed total,,,,trailing figures,182,6,198,2,161,194,743,,7,,0,,,check failed,"96 full rows tie, 14 do not; 124 partial not checked"
elections,2024,FY2024,177,1,,LISA M. HARRISON,,row,parts sum to the printed total,,,,trailing figures,190,6,200,2,167,180,745,,7,,0,,,check failed,"96 full rows tie, 14 do not; 124 partial not checked"
elections,2024,FY2024,177,1,,"JAMES W. LAVECK, II",,row,parts sum to the printed total,,,,trailing figures,183,6,194,2,162,183,730,,7,,0,,,check failed,"96 full rows tie, 14 do not; 124 partial not checked"
elections,2024,FY2024,177,1,,REGINA F. RABOIN,,row,parts sum to the printed total,,,,trailing figures,189,6,203,2,165,195,760,,7,,0,,,check failed,"96 full rows tie, 14 do not; 124 partial not checked"
elections,2024,FY2024,177,1,,WRITE-INS,,subtotal,not a full row — not checked,,,,trailing figures,1,3,1,10,,,,,4,,0,,,check failed,"96 full rows tie, 14 do not; 124 partial not checked"
elections,2024,FY2024,177,1,,KEVIN FISH,,row,not a full row — not checked,,,,trailing figures,1,1,,,,,,,2,,0,,,check failed,"96 full rows tie, 14 do not; 124 partial not checked"
elections,2024,FY2024,177,1,,JAMES COONEY,,row,not a full row — not checked,,,,trailing figures,2,2,,,,,,,2,,0,,,check failed,"96 full rows tie, 14 do not; 124 partial not checked"
elections,2024,FY2024,177,1,,BLANKS,,row,parts sum to the printed total,,,,trailing figures,4011,204,4397,24,2945,4610,16191,,7,,0,,,check failed,"96 full rows tie, 14 do not; 124 partial not checked"
elections,2024,FY2024,177,1,,GROUP,,row,parts sum to the printed total,,,,trailing figures,173,5,182,2,148,160,670,,7,,0,,,check failed,"96 full rows tie, 14 do not; 124 partial not checked"
elections,2024,FY2024,177,1,,BLANKS,,row,not a full row — not checked,,,,trailing figures,83,6,96,87,119,391,,,6,,0,,,check failed,"96 full rows tie, 14 do not; 124 partial not checked"
elections,2024,FY2024,177,1,,TOTAL:,,subtotal,parts sum to the printed total,,,,trailing figures,256,11,278,2,235,279,1061,,7,,0,,,check failed,"96 full rows tie, 14 do not; 124 partial not checked"
elections,2024,FY2024,178,1,,"TUESDAY, MARCH",,row,not a full row — not checked,,,,trailing figures,5,2024,,,,,,,2,,0,,,check failed,"96 full rows tie, 14 do not; 124 partial not checked"
elections,2024,FY2024,178,1,,CHRIS CHRISTIE,,row,one cell short — the missing value is derivable from the printed total,one cell missing; from this row's own printed total it must be 2,,,trailing figures,9,0,1,2,8,22,,,6,,0,,,check failed,"96 full rows tie, 14 do not; 124 partial not checked"
elections,2024,FY2024,178,1,,RYAN BINKLEY,,row,not a full row — not checked,,,,trailing figures,0,3,3,,,,,,3,,0,,,check failed,"96 full rows tie, 14 do not; 124 partial not checked"
elections,2024,FY2024,178,1,,VIVEK RAMASWAMY,,row,not a full row — not checked,,,,trailing figures,0,2,1,2,5,,,,5,,0,,,check failed,"96 full rows tie, 14 do not; 124 partial not checked"
elections,2024,FY2024,178,1,,ASA HUTCHINSON,,row,not a full row — not checked,,,,trailing figures,2,1,4,,,,,,3,,0,,,check failed,"96 full rows tie, 14 do not; 124 partial not checked"
elections,2024,FY2024,178,1,,DONALD J. TRUMP,,row,one cell short — the missing value is derivable from the printed total,one cell missing; from this row's own printed total it must be 244,,,trailing figures,9,206,1,189,260,909,,,6,,0,,,check failed,"96 full rows tie, 14 do not; 124 partial not checked"
elections,2024,FY2024,178,1,,RON DESANTIS,,row,not a full row — not checked,,,,trailing figures,0,3,2,1,13,,,,5,,0,,,check failed,"96 full rows tie, 14 do not; 124 partial not checked"
elections,2024,FY2024,178,1,,NIKKI HALEY,,row,not a full row — not checked,,,,trailing figures,3,119,162,173,611,,,,5,,0,,,check failed,"96 full rows tie, 14 do not; 124 partial not checked"
elections,2024,FY2024,178,1,,NO PREFERENCE,,row,parts sum to the printed total,,,,trailing figures,3,0,9,0,8,3,23,,7,,0,,,check failed,"96 full rows tie, 14 do not; 124 partial not checked"
elections,2024,FY2024,178,1,,BLANKS,,row,not a full row — not checked,,,,trailing figures,1,2,1,4,,,,,4,,0,,,check failed,"96 full rows tie, 14 do not; 124 partial not checked"
elections,2024,FY2024,178,1,,TOTAL,,subtotal,parts sum to the printed total,,,,trailing figures,419,12,346,2,367,448,1594,,7,,0,,,check failed,"96 full rows tie, 14 do not; 124 partial not checked"
elections,2024,FY2024,178,1,,DENNIS J. GALVIN,,row,parts sum to the printed total,,,,trailing figures,134,3,101,1,99,168,506,,7,,0,,,check failed,"96 full rows tie, 14 do not; 124 partial not checked"
elections,2024,FY2024,178,1,,MARK C. BODANZA,,row,parts sum to the printed total,,,,trailing figures,224,7,197,1,212,216,857,,7,,0,,,check failed,"96 full rows tie, 14 do not; 124 partial not checked"
elections,2024,FY2024,178,1,,WRITE-INS,,row,not a full row — not checked,,,,trailing figures,1,1,,,,,,,2,,0,,,check failed,"96 full rows tie, 14 do not; 124 partial not checked"
elections,2024,FY2024,178,1,,BLANKS,,row,not a full row — not checked,,,,trailing figures,60,2,48,56,63,229,,,6,,0,,,check failed,"96 full rows tie, 14 do not; 124 partial not checked"
elections,2024,FY2024,178,1,,TOTAL,,subtotal,parts sum to the printed total,,,,trailing figures,419,12,346,2,367,448,1594,,7,,0,,,check failed,"96 full rows tie, 14 do not; 124 partial not checked"
elections,2024,FY2024,178,1,,KATHLEEN LYNCH,,row,parts sum to the printed total,,,,trailing figures,200,6,146,2,155,193,702,,7,,0,,,check failed,"96 full rows tie, 14 do not; 124 partial not checked"
elections,2024,FY2024,178,1,,BETH JOYCE LINDSTROM,,row,not a full row — not checked,,,,trailing figures,152,5,141,140,180,618,,,6,,0,,,check failed,"96 full rows tie, 14 do not; 124 partial not checked"
elections,2024,FY2024,178,1,,WRITE-INS,,row,not a full row — not checked,,,,trailing figures,1,2,,,,,,,2,,0,,,check failed,"96 full rows tie, 14 do not; 124 partial not checked"
elections,2024,FY2024,178,1,,BLANKS,,row,not a full row — not checked,,,,trailing figures,66,1,59,72,74,272,,,6,,0,,,check failed,"96 full rows tie, 14 do not; 124 partial not checked"
elections,2024,FY2024,178,1,,TOTAL:,,subtotal,parts sum to the printed total,,,,trailing figures,419,12,346,2,367,448,1594,,7,,0,,,check failed,"96 full rows tie, 14 do not; 124 partial not checked"
elections,2024,FY2024,179,1,,"TUESDAY, MARCH",,row,not a full row — not checked,,,,trailing figures,5,2024,,,,,,,2,,0,,,check failed,"96 full rows tie, 14 do not; 124 partial not checked"
elections,2024,FY2024,179,1,,CATHERINE J. CLARK,,row,not a full row — not checked,,,,trailing figures,247,7,192,1,212,,,,5,,0,,,check failed,"96 full rows tie, 14 do not; 124 partial not checked"
elections,2024,FY2024,179,1,,"MICHAEL P. CLARK, JR.",,row,not a full row — not checked,,,,trailing figures,217,176,182,,,,,,3,,0,,,check failed,"96 full rows tie, 14 do not; 124 partial not checked"
elections,2024,FY2024,179,1,,DONNA C. MAY,,row,one cell short — the missing value is derivable from the printed total,one cell missing; from this row's own printed total it must be 1,,,trailing figures,181,0,182,,,,,,3,,0,,,check failed,"96 full rows tie, 14 do not; 124 partial not checked"
elections,2024,FY2024,179,1,,ANNE SHATTUCK,,row,not a full row — not checked,,,,trailing figures,210,6,189,1,181,,,,5,,0,,,check failed,"96 full rows tie, 14 do not; 124 partial not checked"
elections,2024,FY2024,179,1,,LORRAINE MENDOZA,,row,"parts sum to 387, total printed 182",,,,trailing figures,207,7,173,182,,,,,4,,0,,,check failed,"96 full rows tie, 14 do not; 124 partial not checked"
elections,2024,FY2024,179,1,,LORRAINE P. RUDD,,row,"parts sum to 374, total printed 178",,,,trailing figures,201,6,167,178,,,,,4,,0,,,check failed,"96 full rows tie, 14 do not; 124 partial not checked"
elections,2024,FY2024,179,1,,HEATHER A. SOKA,,row,not a full row — not checked,,,,trailing figures,230,175,187,,,,,,3,,0,,,check failed,"96 full rows tie, 14 do not; 124 partial not checked"
elections,2024,FY2024,179,1,,LAURA Q. BRZOZOSKI,,row,"parts sum to 374, total printed 181",,,,trailing figures,201,6,167,181,,,,,4,,0,,,check failed,"96 full rows tie, 14 do not; 124 partial not checked"
elections,2024,FY2024,179,1,,MICHAEL P. CLARK,,row,"parts sum to 391, total printed 184",,,,trailing figures,212,7,172,184,,,,,4,,0,,,check failed,"96 full rows tie, 14 do not; 124 partial not checked"
elections,2024,FY2024,179,1,,JOHN TATA,,subtotal,not a full row — not checked,,,,trailing figures,2,3,,,,,,,2,,0,,,check failed,"96 full rows tie, 14 do not; 124 partial not checked"
elections,2024,FY2024,179,1,,ROBERT RUDD,,row,not a full row — not checked,,,,trailing figures,1,2,,,,,,,2,,0,,,check failed,"96 full rows tie, 14 do not; 124 partial not checked"
elections,2024,FY2024,179,1,,RUTH ANDERSON,,row,"parts sum to 5, total printed 10",,,,trailing figures,1,1,3,10,,,,,4,,0,,,check failed,"96 full rows tie, 14 do not; 124 partial not checked"
elections,2024,FY2024,179,1,,MATT STRAIGHT,,row,not a full row — not checked,,,,trailing figures,4,2,,,,,,,2,,0,,,check failed,"96 full rows tie, 14 do not; 124 partial not checked"
elections,2024,FY2024,179,1,,DAVE SEIPOLD,,row,not a full row — not checked,,,,trailing figures,1,1,,,,,,,2,,0,,,check failed,"96 full rows tie, 14 do not; 124 partial not checked"
elections,2024,FY2024,179,1,,BLANKS,,row,not a full row — not checked,,,,trailing figures,12280,346,10162,65,10807,13047,46707,,7,,0,,,check failed,"96 full rows tie, 14 do not; 124 partial not checked"
elections,2024,FY2024,179,1,,TOTAL,,subtotal,not a full row — not checked,,,,trailing figures,14665,420,12110,70,12845,15680,55790,,7,,0,,,check failed,"96 full rows tie, 14 do not; 124 partial not checked"
elections,2024,FY2024,179,1,,GROUP,,row,not a full row — not checked,,,,trailing figures,181,6,157,161,207,712,,,6,,0,,,check failed,"96 full rows tie, 14 do not; 124 partial not checked"
elections,2024,FY2024,179,1,,BLANKS,,row,not a full row — not checked,,,,trailing figures,238,6,189,2,206,241,882,,7,,0,,,check failed,"96 full rows tie, 14 do not; 124 partial not checked"
elections,2024,FY2024,179,1,,TOTAL:,,subtotal,not a full row — not checked,,,,trailing figures,419,12,346,2,367,448,1594,,7,,0,,,check failed,"96 full rows tie, 14 do not; 124 partial not checked"
elections,2024,FY2024,180,1,,"TUESDAY, MARCH",,row,not a full row — not checked,,,,trailing figures,5,2024,,,,,,,2,,0,,,check failed,"96 full rows tie, 14 do not; 124 partial not checked"
elections,2024,FY2024,180,1,,WRITE-INS,,row,not a full row — not checked,,,,trailing figures,2,4,7,,,,,,3,,0,,,check failed,"96 full rows tie, 14 do not; 124 partial not checked"
elections,2024,FY2024,180,1,,BLANKS,,row,parts sum to the printed total,,,,trailing figures,1,0,1,1,3,,,,5,,0,,,check failed,"96 full rows tie, 14 do not; 124 partial not checked"
elections,2024,FY2024,180,1,,TOTAL,,subtotal,parts sum to the printed total,,,,trailing figures,3,4,8,11,26,,,,5,,0,,,check failed,"96 full rows tie, 14 do not; 124 partial not checked"
elections,2024,FY2024,180,1,,BLANKS,,row,not a full row — not checked,,,,trailing figures,3,0,4,0,8,10,25,,7,,0,,,check failed,"96 full rows tie, 14 do not; 124 partial not checked"
elections,2024,FY2024,180,1,,TOTAL,,subtotal,parts sum to the printed total,,,,trailing figures,3,4,8,11,26,,,,5,,0,,,check failed,"96 full rows tie, 14 do not; 124 partial not checked"
elections,2024,FY2024,180,1,,WRITE-INS,,row,not a full row — not checked,,,,trailing figures,0,0,,,,,,,2,,0,,,check failed,"96 full rows tie, 14 do not; 124 partial not checked"
elections,2024,FY2024,180,1,,BLANKS,,row,not a full row — not checked,,,,trailing figures,3,0,4,8,10,25,,,6,,0,,,check failed,"96 full rows tie, 14 do not; 124 partial not checked"
elections,2024,FY2024,180,1,,TOTAL:,,subtotal,not a full row — not checked,,,,trailing figures,3,0,4,8,11,26,,,6,,0,,,check failed,"96 full rows tie, 14 do not; 124 partial not checked"
elections,2024,FY2024,181,1,,"TUESDAY, MARCH",,row,not a full row — not checked,,,,trailing figures,5,2024,,,,,,,2,,0,,,check failed,"96 full rows tie, 14 do not; 124 partial not checked"
elections,2024,FY2024,181,1,,BLANKS,,row,parts sum to the printed total,,,,trailing figures,3,4,8,11,26,,,,5,,0,,,check failed,"96 full rows tie, 14 do not; 124 partial not checked"
elections,2024,FY2024,181,1,,TOTAL,,subtotal,parts sum to the printed total,,,,trailing figures,3,4,8,11,26,,,,5,,0,,,check failed,"96 full rows tie, 14 do not; 124 partial not checked"
elections,2024,FY2024,182,1,,"Tuesday, November",,row,not a full row — not checked,,,,trailing figures,5,2024,,,,,,,2,,0,,,check failed,"96 full rows tie, 14 do not; 124 partial not checked"
elections,2024,FY2024,182,1,,AYYADURAI & ELLIS,,row,one cell short — the missing value is derivable from the printed total,one cell missing; from this row's own printed total it must be 5,,,trailing figures,11,9,0,0,12,37,,,6,,0,,,check failed,"96 full rows tie, 14 do not; 124 partial not checked"
elections,2024,FY2024,182,1,,DE LA CRUZ & GARCIA,,row,not a full row — not checked,,,,trailing figures,1,5,4,17,,,,,4,,0,,,check failed,"96 full rows tie, 14 do not; 124 partial not checked"
elections,2024,FY2024,182,1,,HARRIS & WALZ,,row,parts sum to the printed total,,,,trailing figures,961,912,42,887,9,1055,3866,,7,,0,,,check failed,"96 full rows tie, 14 do not; 124 partial not checked"
elections,2024,FY2024,182,1,,OLIVER & TER MAAT,,row,not a full row — not checked,,,,trailing figures,24,0,15,0,,,,,4,,0,,,check failed,"96 full rows tie, 14 do not; 124 partial not checked"
elections,2024,FY2024,182,1,,STEIN & CABALLERO-ROG,,row,parts sum to the printed total,,,,trailing figures,4,5,0,9,0,17,35,,7,,0,,,check failed,"96 full rows tie, 14 do not; 124 partial not checked"
elections,2024,FY2024,182,1,,TRUMP & VANCE,,row,parts sum to the printed total,,,,trailing figures,788,769,37,777,4,832,3207,,7,,0,,,check failed,"96 full rows tie, 14 do not; 124 partial not checked"
elections,2024,FY2024,182,1,,ALL OTHERS|,,row,one cell short — the missing value is derivable from the printed total,one cell missing; from this row's own printed total it must be 9,,,trailing figures,1,0,1,0,4,15,,,6,,0,,,check failed,"96 full rows tie, 14 do not; 124 partial not checked"
elections,2024,FY2024,182,1,,BLANKS,,row,parts sum to the printed total,,,,trailing figures,26,19,2,24,0,23,94,,7,,0,,,check failed,"96 full rows tie, 14 do not; 124 partial not checked"
elections,2024,FY2024,182,1,,TOTAL,,subtotal,parts sum to the printed total,,,,trailing figures,1813,1744,81,1725,13,1965,7341,,7,,0,,,check failed,"96 full rows tie, 14 do not; 124 partial not checked"
elections,2024,FY2024,182,1,,ELIZABETH ANN WARREN,,row,parts sum to the printed total,,,,trailing figures,885,878,40,811,8,992,3614,,7,,0,,,check failed,"96 full rows tie, 14 do not; 124 partial not checked"
elections,2024,FY2024,182,1,,JOHN DEATON,,row,parts sum to the printed total,,,,trailing figures,891,826,39,884,5,929,3574,,7,,0,,,check failed,"96 full rows tie, 14 do not; 124 partial not checked"
elections,2024,FY2024,182,1,,ALL OTHERS,,row,not a full row — not checked,,,,trailing figures,1,1,0,4,6,,,,5,,0,,,check failed,"96 full rows tie, 14 do not; 124 partial not checked"
elections,2024,FY2024,182,1,,BLANKS,,row,not a full row — not checked,,,,trailing figures,39,2,29,40,147,,,,5,,0,,,check failed,"96 full rows tie, 14 do not; 124 partial not checked"
elections,2024,FY2024,182,1,,TOTAL,,subtotal,parts sum to the printed total,,,,trailing figures,1813,1744,81,1725,13,1965,7341,,7,,0,,,check failed,"96 full rows tie, 14 do not; 124 partial not checked"
elections,2024,FY2024,182,1,,LORI LOUREIRO TRAHAN,,row,parts sum to the printed total,,,,trailing figures,1305,1241,46,1174,11,1366,5143,,7,,0,,,check failed,"96 full rows tie, 14 do not; 124 partial not checked"
elections,2024,FY2024,182,1,,ALL OTHERS,,row,not a full row — not checked,,,,trailing figures,21,18,2,19,28,88,,,6,,0,,,check failed,"96 full rows tie, 14 do not; 124 partial not checked"
elections,2024,FY2024,182,1,,BLANKS,,row,parts sum to the printed total,,,,trailing figures,487,485,33,532,2,571,2110,,7,,0,,,check failed,"96 full rows tie, 14 do not; 124 partial not checked"
elections,2024,FY2024,182,1,,TOTALL,,subtotal,parts sum to the printed total,,,,trailing figures,1813,1744,81,1725,13,1965,7341,,7,,0,,,check failed,"96 full rows tie, 14 do not; 124 partial not checked"
elections,2024,FY2024,182,1,,PAUL M DePALO,,row,one cell short — the missing value is derivable from the printed total,one cell missing; from this row's own printed total it must be 35,,,trailing figures,859,842,771,9,964,3480,,,6,,0,,,check failed,"96 full rows tie, 14 do not; 124 partial not checked"
elections,2024,FY2024,182,1,,ANDREW J COUTURE,,row,parts sum to the printed total,,,,trailing figures,840,799,36,829,4,878,3386,,7,,0,,,check failed,"96 full rows tie, 14 do not; 124 partial not checked"
elections,2024,FY2024,182,1,,ALL OTHERS,,row,not a full row — not checked,,,,trailing figures,0,2,0,3,,,,,4,,0,,,check failed,"96 full rows tie, 14 do not; 124 partial not checked"
elections,2024,FY2024,182,1,,BLANKS,,row,not a full row — not checked,,,,trailing figures,114,101,10,125,122,472,,,6,,0,,,check failed,"96 full rows tie, 14 do not; 124 partial not checked"
elections,2024,FY2024,182,1,,TOTAL,,subtotal,one cell short — the missing value is derivable from the printed total,one cell missing; from this row's own printed total it must be 13,,,trailing figures,1813,1744,81,1725,1965,7341,,,6,,0,,,check failed,"96 full rows tie, 14 do not; 124 partial not checked"
elections,2024,FY2024,183,1,,JOHN CRONIN,,row,not a full row — not checked,,,,trailing figures,936,899,817,8,1012,3715,,,6,,0,,,check failed,"96 full rows tie, 14 do not; 124 partial not checked"
elections,2024,FY2024,183,1,,NICHOLAS A PIRRO III,,row,"parts sum to 2515, total printed 3381",,,,trailing figures,783,843,5,884,3381,,,,5,,0,,,check failed,"96 full rows tie, 14 do not; 124 partial not checked"
elections,2024,FY2024,183,1,,ALL OTHERS,,row,not a full row — not checked,,,,trailing figures,1,4,0,0,0,5,,,6,,0,,,check failed,"96 full rows tie, 14 do not; 124 partial not checked"
elections,2024,FY2024,183,1,,BLANKS,,row,not a full row — not checked,,,,trailing figures,45,58,3,65,0,69,240,,7,,0,,,check failed,"96 full rows tie, 14 do not; 124 partial not checked"
elections,2024,FY2024,183,1,,TOTAL,,subtotal,not a full row — not checked,,,,trailing figures,1813,1744,81,1725,1965,7341,,,6,,0,,,check failed,"96 full rows tie, 14 do not; 124 partial not checked"
elections,2024,FY2024,183,1,,MARGARET R SCARSDALI,,row,parts sum to the printed total,,,,trailing figures,891,40,799,985,2715,,,,5,,0,,,check failed,"96 full rows tie, 14 do not; 124 partial not checked"
elections,2024,FY2024,183,1,,[LYNNE E ARCHAMBAULT,,row,parts sum to the printed total,,,,trailing figures,850,33,819,905,2607,,,,5,,0,,,check failed,"96 full rows tie, 14 do not; 124 partial not checked"
elections,2024,FY2024,183,1,,ALL OTHERS,,row,parts sum to the printed total,,,,trailing figures,3,0,1,1,5,,,,5,,0,,,check failed,"96 full rows tie, 14 do not; 124 partial not checked"
elections,2024,FY2024,183,1,,BLANKS,,row,parts sum to the printed total,,,,trailing figures,69,8,106,74,257,,,,5,,0,,,check failed,"96 full rows tie, 14 do not; 124 partial not checked"
elections,2024,FY2024,183,1,,TOTAL,,subtotal,parts sum to the printed total,,,,trailing figures,1813,81,1725,1965,5584,,,,5,,0,,,check failed,"96 full rows tie, 14 do not; 124 partial not checked"
elections,2024,FY2024,183,1,,MICHAEL P KUSHMEREK,,row,not a full row — not checked,,,,trailing figures,1236,11,1247,,,,,,3,,0,,,check failed,"96 full rows tie, 14 do not; 124 partial not checked"
elections,2024,FY2024,183,1,,ALL OTHERS,,row,not a full row — not checked,,,,trailing figures,21,0,21,,,,,,3,,0,,,check failed,"96 full rows tie, 14 do not; 124 partial not checked"
elections,2024,FY2024,183,1,,BLANKS,,row,not a full row — not checked,,,,trailing figures,487,2,489,,,,,,3,,0,,,check failed,"96 full rows tie, 14 do not; 124 partial not checked"
elections,2024,FY2024,183,1,,TOTAL,,subtotal,not a full row — not checked,,,,trailing figures,1744,13,1757,,,,,,3,,0,,,check failed,"96 full rows tie, 14 do not; 124 partial not checked"
elections,2024,FY2024,183,1,,DENNIS P MCMANUS,,row,not a full row — not checked,,,,trailing figures,1300,1246,44,1171,11,1362,5134,,7,,0,,,check failed,"96 full rows tie, 14 do not; 124 partial not checked"
elections,2024,FY2024,183,1,,ALL OTHERS,,row,not a full row — not checked,,,,trailing figures,10,11,4,19,17,61,,,6,,0,,,check failed,"96 full rows tie, 14 do not; 124 partial not checked"
elections,2024,FY2024,183,1,,BLANKS,,row,not a full row — not checked,,,,trailing figures,503,487,33,535,2,586,2146,,7,,0,,,check failed,"96 full rows tie, 14 do not; 124 partial not checked"
elections,2024,FY2024,183,1,,TOTAL,,subtotal,not a full row — not checked,,,,trailing figures,1813,1744,81,1725,13,1965,7341,,7,,0,,,check failed,"96 full rows tie, 14 do not; 124 partial not checked"
elections,2024,FY2024,183,1,,KATHLEEN REYNOLDS DA,,row,not a full row — not checked,,,,trailing figures,1299,1240,46,1183,1350,5129,,,6,,0,,,check failed,"96 full rows tie, 14 do not; 124 partial not checked"
elections,2024,FY2024,183,1,,ALL OTHERS_,,row,not a full row — not checked,,,,trailing figures,12,1,,,,,,,2,,0,,,check failed,"96 full rows tie, 14 do not; 124 partial not checked"
elections,2024,FY2024,183,1,,BLANKS,,row,not a full row — not checked,,,,trailing figures,504,492,34,522,2,601,2155,,7,,0,,,check failed,"96 full rows tie, 14 do not; 124 partial not checked"
elections,2024,FY2024,183,1,,TOTAL,,subtotal,not a full row — not checked,,,,trailing figures,1813,1744,81,1725,13,1965,7341,,7,,0,,,check failed,"96 full rows tie, 14 do not; 124 partial not checked"
elections,2024,FY2024,184,1,,YES,,row,not a full row — not checked,,,,trailing figures,1184,1238,1099,1321,4902,,,,5,,0,,,check failed,"96 full rows tie, 14 do not; 124 partial not checked"
elections,2024,FY2024,184,1,,NO,,row,parts sum to the printed total,,,,trailing figures,521,426,28,565,3,542,2085,,7,,0,,,check failed,"96 full rows tie, 14 do not; 124 partial not checked"
elections,2024,FY2024,184,1,,BLANKS,,row,not a full row — not checked,,,,trailing figures,108,3,0,102,354,,,,5,,0,,,check failed,"96 full rows tie, 14 do not; 124 partial not checked"
elections,2024,FY2024,184,1,,TOTAL|,,subtotal,one cell short — the missing value is derivable from the printed total,one cell missing; from this row's own printed total it must be 81,,,trailing figures,1813,1744,1725,13,1965,7341,,,6,,0,,,check failed,"96 full rows tie, 14 do not; 124 partial not checked"
elections,2024,FY2024,184,1,,YES,,row,parts sum to the printed total,,,,trailing figures,1064,1101,38,975,6,1212,4396,,7,,0,,,check failed,"96 full rows tie, 14 do not; 124 partial not checked"
elections,2024,FY2024,184,1,,NO,,row,parts sum to the printed total,,,,trailing figures,703,613,42,711,7,723,2799,,7,,0,,,check failed,"96 full rows tie, 14 do not; 124 partial not checked"
elections,2024,FY2024,184,1,,BLANKS,,row,not a full row — not checked,,,,trailing figures,46,30,1,39,30,146,,,6,,0,,,check failed,"96 full rows tie, 14 do not; 124 partial not checked"
elections,2024,FY2024,184,1,,TOTAL,,subtotal,parts sum to the printed total,,,,trailing figures,1813,1744,81,1725,13,1965,7341,,7,,0,,,check failed,"96 full rows tie, 14 do not; 124 partial not checked"
elections,2024,FY2024,184,1,,YES,,row,parts sum to the printed total,,,,trailing figures,832,871,29,744,10,904,3390,,7,,0,,,check failed,"96 full rows tie, 14 do not; 124 partial not checked"
elections,2024,FY2024,184,1,,NO,,row,parts sum to the printed total,,,,trailing figures,892,790,48,903,3,961,3597,,7,,0,,,check failed,"96 full rows tie, 14 do not; 124 partial not checked"
elections,2024,FY2024,184,1,,BLANKS,,row,parts sum to the printed total,,,,trailing figures,89,83,4,78,0,100,354,,7,,0,,,check failed,"96 full rows tie, 14 do not; 124 partial not checked"
elections,2024,FY2024,184,1,,TOTAL,,subtotal,parts sum to the printed total,,,,trailing figures,1813,1744,81,1725,13,1965,7341,,7,,0,,,check failed,"96 full rows tie, 14 do not; 124 partial not checked"
elections,2024,FY2024,184,1,,YES,,row,one cell short — the missing value is derivable from the printed total,one cell missing; from this row's own printed total it must be 31,,,trailing figures,764,748,699,9,866,3117,,,6,,0,,,check failed,"96 full rows tie, 14 do not; 124 partial not checked"
elections,2024,FY2024,184,1,,NO,,row,parts sum to the printed total,,,,trailing figures,997,941,50,972,4,1040,4004,,7,,0,,,check failed,"96 full rows tie, 14 do not; 124 partial not checked"
elections,2024,FY2024,184,1,,BLANKS,,row,not a full row — not checked,,,,trailing figures,52,55,54,0,59,220,,,6,,0,,,check failed,"96 full rows tie, 14 do not; 124 partial not checked"
elections,2024,FY2024,184,1,,TOTAL,,subtotal,one cell short — the missing value is derivable from the printed total,one cell missing; from this row's own printed total it must be 81,,,trailing figures,1813,1744,1725,13,1965,7341,,,6,,0,,,check failed,"96 full rows tie, 14 do not; 124 partial not checked"
elections,2024,FY2024,184,1,,YES,,row,parts sum to the printed total,,,,trailing figures,492,521,17,413,4,477,1924,,7,,0,,,check failed,"96 full rows tie, 14 do not; 124 partial not checked"
elections,2024,FY2024,184,1,,NO,,row,parts sum to the printed total,,,,trailing figures,1270,1180,63,1262,9,1434,5218,,7,,0,,,check failed,"96 full rows tie, 14 do not; 124 partial not checked"
elections,2024,FY2024,184,1,,BLANKS,,row,parts sum to the printed total,,,,trailing figures,51,43,1,50,0,54,199,,7,,0,,,check failed,"96 full rows tie, 14 do not; 124 partial not checked"
elections,2024,FY2024,184,1,,TOTAL,,subtotal,one cell short — the missing value is derivable from the printed total,one cell missing; from this row's own printed total it must be 81,,,trailing figures,1813,1744,1725,13,1965,7341,,,6,,0,,,check failed,"96 full rows tie, 14 do not; 124 partial not checked"
elections,2025,FY2025,171,1,,"Saturday, May",,row,not a full row — not checked,,,,trailing figures,17,2025,,,,,,,2,,0,,,check failed,"92 full rows tie, 1 do not; 2 partial not checked"
elections,2025,FY2025,171,1,,TOTAL REGISTERED VOTERS,,subtotal,parts sum to the printed total,,,,trailing figures,2304,2541,2260,2503,9608,,,,5,,0,,,check failed,"92 full rows tie, 1 do not; 2 partial not checked"
elections,2025,FY2025,171,1,,BALLOTS  CAST (PER BALLOT BOX),,row,parts sum to the printed total,,,,trailing figures,208,154,158,246,766,,,,5,,0,,,check failed,"92 full rows tie, 1 do not; 2 partial not checked"
elections,2025,FY2025,171,1,,**BRIAN J. LEHTINEN,,row,parts sum to the printed total,,,,trailing figures,135,90,84,155,464,,,,5,,0,,,check failed,"92 full rows tie, 1 do not; 2 partial not checked"
elections,2025,FY2025,171,1,,**GLENN L. MCLEOD,,row,parts sum to the printed total,,,,trailing figures,104,71,94,114,383,,,,5,,0,,,check failed,"92 full rows tie, 1 do not; 2 partial not checked"
elections,2025,FY2025,171,1,,SAMUEL E. SMITH,,row,"parts sum to 316, total printed 209",,,,trailing figures,80,75,54,107,209,,,,5,,0,,,check failed,"92 full rows tie, 1 do not; 2 partial not checked"
elections,2025,FY2025,171,1,,ALL OTHERS,,row,parts sum to the printed total,,,,trailing figures,3,0,2,0,5,,,,5,,0,,,check failed,"92 full rows tie, 1 do not; 2 partial not checked"
elections,2025,FY2025,171,1,,BLANKS,,row,parts sum to the printed total,,,,trailing figures,94,72,82,116,364,,,,5,,0,,,check failed,"92 full rows tie, 1 do not; 2 partial not checked"
elections,2025,FY2025,171,1,,TOTAL,,subtotal,parts sum to the printed total,,,,trailing figures,416,308,316,492,1532,,,,5,,0,,,check failed,"92 full rows tie, 1 do not; 2 partial not checked"
elections,2025,FY2025,171,1,,**SCOTT A. DALL,,row,parts sum to the printed total,,,,trailing figures,168,109,108,185,570,,,,5,,0,,,check failed,"92 full rows tie, 1 do not; 2 partial not checked"
elections,2025,FY2025,171,1,,ALL OTHERS,,row,parts sum to the printed total,,,,trailing figures,7,5,3,10,25,,,,5,,0,,,check failed,"92 full rows tie, 1 do not; 2 partial not checked"
elections,2025,FY2025,171,1,,BLANKS,,row,parts sum to the printed total,,,,trailing figures,241,194,205,297,937,,,,5,,0,,,check failed,"92 full rows tie, 1 do not; 2 partial not checked"
elections,2025,FY2025,172,1,,TOTAL,,subtotal,parts sum to the printed total,,,,trailing figures,416,308,316,492,1532,,,,5,,0,,,check failed,"92 full rows tie, 1 do not; 2 partial not checked"
elections,2025,FY2025,172,1,,ALL OTHERS,,row,parts sum to the printed total,,,,trailing figures,10,10,4,11,35,,,,5,,0,,,check failed,"92 full rows tie, 1 do not; 2 partial not checked"
elections,2025,FY2025,172,1,,BLANKS,,row,parts sum to the printed total,,,,trailing figures,406,298,312,481,1497,,,,5,,0,,,check failed,"92 full rows tie, 1 do not; 2 partial not checked"
elections,2025,FY2025,172,1,,TOTAL,,subtotal,parts sum to the printed total,,,,trailing figures,416,308,316,492,1532,,,,5,,0,,,check failed,"92 full rows tie, 1 do not; 2 partial not checked"
elections,2025,FY2025,172,1,,**NICHOLAS A. PIRRO III,,row,parts sum to the printed total,,,,trailing figures,153,116,103,171,543,,,,5,,0,,,check failed,"92 full rows tie, 1 do not; 2 partial not checked"
elections,2025,FY2025,172,1,,ALL OTHERS,,row,parts sum to the printed total,,,,trailing figures,2,2,7,4,15,,,,5,,0,,,check failed,"92 full rows tie, 1 do not; 2 partial not checked"
elections,2025,FY2025,172,1,,BLANKS,,row,parts sum to the printed total,,,,trailing figures,53,36,48,71,208,,,,5,,0,,,check failed,"92 full rows tie, 1 do not; 2 partial not checked"
elections,2025,FY2025,172,1,,TOTAL,,subtotal,parts sum to the printed total,,,,trailing figures,208,154,158,246,766,,,,5,,0,,,check failed,"92 full rows tie, 1 do not; 2 partial not checked"
elections,2025,FY2025,172,1,,**LORRAINE P. RUDD,,row,parts sum to the printed total,,,,trailing figures,161,112,107,173,553,,,,5,,0,,,check failed,"92 full rows tie, 1 do not; 2 partial not checked"
elections,2025,FY2025,172,1,,ALL OTHERS,,row,parts sum to the printed total,,,,trailing figures,1,2,0,1,4,,,,5,,0,,,check failed,"92 full rows tie, 1 do not; 2 partial not checked"
elections,2025,FY2025,172,1,,BLANKS,,row,parts sum to the printed total,,,,trailing figures,46,40,51,72,209,,,,5,,0,,,check failed,"92 full rows tie, 1 do not; 2 partial not checked"
elections,2025,FY2025,172,1,,TOTAL,,subtotal,parts sum to the printed total,,,,trailing figures,208,154,158,246,766,,,,5,,0,,,check failed,"92 full rows tie, 1 do not; 2 partial not checked"
elections,2025,FY2025,172,1,,ALL OTHERS,,row,parts sum to the printed total,,,,trailing figures,10,8,3,7,28,,,,5,,0,,,check failed,"92 full rows tie, 1 do not; 2 partial not checked"
elections,2025,FY2025,172,1,,BLANKS,,row,parts sum to the printed total,,,,trailing figures,198,146,155,239,738,,,,5,,0,,,check failed,"92 full rows tie, 1 do not; 2 partial not checked"
elections,2025,FY2025,172,1,,TOTAL,,subtotal,parts sum to the printed total,,,,trailing figures,208,154,158,246,766,,,,5,,0,,,check failed,"92 full rows tie, 1 do not; 2 partial not checked"
elections,2025,FY2025,172,1,,**BRIAN P. LAFFOND,,row,parts sum to the printed total,,,,trailing figures,147,110,108,175,540,,,,5,,0,,,check failed,"92 full rows tie, 1 do not; 2 partial not checked"
elections,2025,FY2025,172,1,,ALL OTHERS,,row,parts sum to the printed total,,,,trailing figures,2,1,1,1,5,,,,5,,0,,,check failed,"92 full rows tie, 1 do not; 2 partial not checked"
elections,2025,FY2025,172,1,,BLANKS,,row,parts sum to the printed total,,,,trailing figures,59,43,49,70,221,,,,5,,0,,,check failed,"92 full rows tie, 1 do not; 2 partial not checked"
elections,2025,FY2025,172,1,,TOTAL,,subtotal,parts sum to the printed total,,,,trailing figures,208,154,158,246,766,,,,5,,0,,,check failed,"92 full rows tie, 1 do not; 2 partial not checked"
elections,2025,FY2025,173,1,,**KATHRYN M. HERRICK,,row,parts sum to the printed total,,,,trailing figures,180,130,130,190,630,,,,5,,0,,,check failed,"92 full rows tie, 1 do not; 2 partial not checked"
elections,2025,FY2025,173,1,,ALL OTHERS,,row,parts sum to the printed total,,,,trailing figures,1,1,0,2,4,,,,5,,0,,,check failed,"92 full rows tie, 1 do not; 2 partial not checked"
elections,2025,FY2025,173,1,,BLANKS,,row,parts sum to the printed total,,,,trailing figures,27,23,28,54,132,,,,5,,0,,,check failed,"92 full rows tie, 1 do not; 2 partial not checked"
elections,2025,FY2025,173,1,,TOTAL,,subtotal,parts sum to the printed total,,,,trailing figures,208,154,158,246,766,,,,5,,0,,,check failed,"92 full rows tie, 1 do not; 2 partial not checked"
elections,2025,FY2025,173,1,,**MICHAEL RAY JEFFREYS,,row,parts sum to the printed total,,,,trailing figures,16,5,8,24,53,,,,5,,0,,,check failed,"92 full rows tie, 1 do not; 2 partial not checked"
elections,2025,FY2025,173,1,,ALL OTHERS,,row,parts sum to the printed total,,,,trailing figures,17,13,9,13,52,,,,5,,0,,,check failed,"92 full rows tie, 1 do not; 2 partial not checked"
elections,2025,FY2025,173,1,,BLANKS,,row,parts sum to the printed total,,,,trailing figures,175,136,141,209,661,,,,5,,0,,,check failed,"92 full rows tie, 1 do not; 2 partial not checked"
elections,2025,FY2025,173,1,,TOTAL,,subtotal,parts sum to the printed total,,,,trailing figures,208,154,158,246,766,,,,5,,0,,,check failed,"92 full rows tie, 1 do not; 2 partial not checked"
elections,2025,FY2025,173,1,,**GEORGE E. YAPP,,row,parts sum to the printed total,,,,trailing figures,150,95,93,164,502,,,,5,,0,,,check failed,"92 full rows tie, 1 do not; 2 partial not checked"
elections,2025,FY2025,173,1,,**AMANDA GILMAN,,row,parts sum to the printed total,,,,trailing figures,147,107,103,170,527,,,,5,,0,,,check failed,"92 full rows tie, 1 do not; 2 partial not checked"
elections,2025,FY2025,173,1,,ALL OTHERS,,row,parts sum to the printed total,,,,trailing figures,2,3,4,0,9,,,,5,,0,,,check failed,"92 full rows tie, 1 do not; 2 partial not checked"
elections,2025,FY2025,173,1,,BLANKS,,row,parts sum to the printed total,,,,trailing figures,117,103,116,158,494,,,,5,,0,,,check failed,"92 full rows tie, 1 do not; 2 partial not checked"
elections,2025,FY2025,173,1,,TOTAL,,subtotal,parts sum to the printed total,,,,trailing figures,416,308,316,492,1532,,,,5,,0,,,check failed,"92 full rows tie, 1 do not; 2 partial not checked"
elections,2025,FY2025,173,1,,**EMILY D. YOUNG,,row,parts sum to the printed total,,,,trailing figures,152,108,103,177,540,,,,5,,0,,,check failed,"92 full rows tie, 1 do not; 2 partial not checked"
elections,2025,FY2025,173,1,,ALL OTHERS,,row,parts sum to the printed total,,,,trailing figures,0,2,1,1,4,,,,5,,0,,,check failed,"92 full rows tie, 1 do not; 2 partial not checked"
elections,2025,FY2025,173,1,,BLANKS,,row,parts sum to the printed total,,,,trailing figures,56,44,54,68,222,,,,5,,0,,,check failed,"92 full rows tie, 1 do not; 2 partial not checked"
elections,2025,FY2025,173,1,,TOTAL,,subtotal,parts sum to the printed total,,,,trailing figures,208,154,158,246,766,,,,5,,0,,,check failed,"92 full rows tie, 1 do not; 2 partial not checked"
elections,2025,FY2025,173,1,,**ANITA SCHEIPERS,,row,parts sum to the printed total,,,,trailing figures,141,104,102,160,507,,,,5,,0,,,check failed,"92 full rows tie, 1 do not; 2 partial not checked"
elections,2025,FY2025,173,1,,**MARIANNE MASCARI,,row,parts sum to the printed total,,,,trailing figures,151,105,96,171,523,,,,5,,0,,,check failed,"92 full rows tie, 1 do not; 2 partial not checked"
elections,2025,FY2025,173,1,,ALL OTHERS,,row,parts sum to the printed total,,,,trailing figures,2,2,0,4,8,,,,5,,0,,,check failed,"92 full rows tie, 1 do not; 2 partial not checked"
elections,2025,FY2025,173,1,,BLANKS,,row,parts sum to the printed total,,,,trailing figures,122,97,118,157,494,,,,5,,0,,,check failed,"92 full rows tie, 1 do not; 2 partial not checked"
elections,2025,FY2025,173,1,,TOTAL,,subtotal,parts sum to the printed total,,,,trailing figures,416,308,316,492,1532,,,,5,,0,,,check failed,"92 full rows tie, 1 do not; 2 partial not checked"
elections,2025,FY2025,174,1,,ALL OTHERS,,row,parts sum to the printed total,,,,trailing figures,8,10,2,7,27,,,,5,,0,,,check failed,"92 full rows tie, 1 do not; 2 partial not checked"
elections,2025,FY2025,174,1,,BLANKS,,row,parts sum to the printed total,,,,trailing figures,200,144,156,239,739,,,,5,,0,,,check failed,"92 full rows tie, 1 do not; 2 partial not checked"
elections,2025,FY2025,174,1,,TOTAL,,subtotal,parts sum to the printed total,,,,trailing figures,208,154,158,246,766,,,,5,,0,,,check failed,"92 full rows tie, 1 do not; 2 partial not checked"
elections,2025,FY2025,174,1,,**JOHN P. BOWEN,,row,parts sum to the printed total,,,,trailing figures,2,0,0,0,2,,,,5,,0,,,check failed,"92 full rows tie, 1 do not; 2 partial not checked"
elections,2025,FY2025,174,1,,ALL OTHERS,,row,parts sum to the printed total,,,,trailing figures,4,8,2,5,19,,,,5,,0,,,check failed,"92 full rows tie, 1 do not; 2 partial not checked"
elections,2025,FY2025,174,1,,BLANKS,,row,parts sum to the printed total,,,,trailing figures,202,146,156,241,745,,,,5,,0,,,check failed,"92 full rows tie, 1 do not; 2 partial not checked"
elections,2025,FY2025,174,1,,TOTAL,,subtotal,parts sum to the printed total,,,,trailing figures,208,154,158,246,766,,,,5,,0,,,check failed,"92 full rows tie, 1 do not; 2 partial not checked"
elections,2025,FY2025,174,1,,**RICHARD HOWARD,,row,parts sum to the printed total,,,,trailing figures,4,1,1,3,9,,,,5,,0,,,check failed,"92 full rows tie, 1 do not; 2 partial not checked"
elections,2025,FY2025,174,1,,ALL OTHERS,,row,parts sum to the printed total,,,,trailing figures,5,7,2,8,22,,,,5,,0,,,check failed,"92 full rows tie, 1 do not; 2 partial not checked"
elections,2025,FY2025,174,1,,BLANKS,,row,parts sum to the printed total,,,,trailing figures,199,146,155,235,735,,,,5,,0,,,check failed,"92 full rows tie, 1 do not; 2 partial not checked"
elections,2025,FY2025,174,1,,TOTAL,,subtotal,parts sum to the printed total,,,,trailing figures,208,154,158,246,766,,,,5,,0,,,check failed,"92 full rows tie, 1 do not; 2 partial not checked"
elections,2025,FY2025,174,1,,JOHN P. BOWEN,,row,parts sum to the printed total,,,,trailing figures,29,13,22,19,83,,,,5,,0,,,check failed,"92 full rows tie, 1 do not; 2 partial not checked"
elections,2025,FY2025,174,1,,**DONNA L. LANDRY,,row,parts sum to the printed total,,,,trailing figures,166,128,125,219,638,,,,5,,0,,,check failed,"92 full rows tie, 1 do not; 2 partial not checked"
elections,2025,FY2025,174,1,,ALL OTHERS,,row,parts sum to the printed total,,,,trailing figures,2,2,0,0,4,,,,5,,0,,,check failed,"92 full rows tie, 1 do not; 2 partial not checked"
elections,2025,FY2025,174,1,,BLANKS,,row,parts sum to the printed total,,,,trailing figures,11,11,11,8,41,,,,5,,0,,,check failed,"92 full rows tie, 1 do not; 2 partial not checked"
elections,2025,FY2025,174,1,,TOTAL,,subtotal,parts sum to the printed total,,,,trailing figures,208,154,158,246,766,,,,5,,0,,,check failed,"92 full rows tie, 1 do not; 2 partial not checked"
elections,2025,FY2025,174,1,,**DAVID A. NIOSE,,row,parts sum to the printed total,,,,trailing figures,155,106,105,173,539,,,,5,,0,,,check failed,"92 full rows tie, 1 do not; 2 partial not checked"
elections,2025,FY2025,174,1,,**STEPHANIE L. TRUDEL,,row,parts sum to the printed total,,,,trailing figures,155,108,103,175,541,,,,5,,0,,,check failed,"92 full rows tie, 1 do not; 2 partial not checked"
elections,2025,FY2025,174,1,,ALL OTHERS,,row,parts sum to the printed total,,,,trailing figures,2,3,0,2,7,,,,5,,0,,,check failed,"92 full rows tie, 1 do not; 2 partial not checked"
elections,2025,FY2025,174,1,,BLANKS,,row,parts sum to the printed total,,,,trailing figures,104,91,108,142,445,,,,5,,0,,,check failed,"92 full rows tie, 1 do not; 2 partial not checked"
elections,2025,FY2025,174,1,,TOTAL,,subtotal,parts sum to the printed total,,,,trailing figures,416,308,316,492,1532,,,,5,,0,,,check failed,"92 full rows tie, 1 do not; 2 partial not checked"
elections,2025,FY2025,175,1,,**ROBIN F. VENEZIA,,row,parts sum to the printed total,,,,trailing figures,170,117,110,179,576,,,,5,,0,,,check failed,"92 full rows tie, 1 do not; 2 partial not checked"
elections,2025,FY2025,175,1,,ALL OTHERS,,row,parts sum to the printed total,,,,trailing figures,1,1,0,1,3,,,,5,,0,,,check failed,"92 full rows tie, 1 do not; 2 partial not checked"
elections,2025,FY2025,175,1,,BLANKS,,row,parts sum to the printed total,,,,trailing figures,37,36,48,66,187,,,,5,,0,,,check failed,"92 full rows tie, 1 do not; 2 partial not checked"
elections,2025,FY2025,175,1,,TOTAL,,subtotal,parts sum to the printed total,,,,trailing figures,208,154,158,246,766,,,,5,,0,,,check failed,"92 full rows tie, 1 do not; 2 partial not checked"
elections,2025,FY2025,175,1,,**MATTHEW A. ALLISON,,row,parts sum to the printed total,,,,trailing figures,160,112,107,172,551,,,,5,,0,,,check failed,"92 full rows tie, 1 do not; 2 partial not checked"
elections,2025,FY2025,175,1,,ALL OTHERS,,row,parts sum to the printed total,,,,trailing figures,1,1,0,1,3,,,,5,,0,,,check failed,"92 full rows tie, 1 do not; 2 partial not checked"
elections,2025,FY2025,175,1,,BLANKS,,row,parts sum to the printed total,,,,trailing figures,47,41,51,73,212,,,,5,,0,,,check failed,"92 full rows tie, 1 do not; 2 partial not checked"
elections,2025,FY2025,175,1,,TOTAL,,subtotal,parts sum to the printed total,,,,trailing figures,208,154,158,246,766,,,,5,,0,,,check failed,"92 full rows tie, 1 do not; 2 partial not checked"
elections,2025,FY2025,175,1,,**DALE PROULX,,row,parts sum to the printed total,,,,trailing figures,150,111,106,171,538,,,,5,,0,,,check failed,"92 full rows tie, 1 do not; 2 partial not checked"
elections,2025,FY2025,175,1,,ALL OTHERS,,row,parts sum to the printed total,,,,trailing figures,1,1,0,1,3,,,,5,,0,,,check failed,"92 full rows tie, 1 do not; 2 partial not checked"
elections,2025,FY2025,175,1,,BLANKS,,row,parts sum to the printed total,,,,trailing figures,57,42,52,74,225,,,,5,,0,,,check failed,"92 full rows tie, 1 do not; 2 partial not checked"
elections,2025,FY2025,175,1,,TOTAL,,subtotal,parts sum to the printed total,,,,trailing figures,208,154,158,246,766,,,,5,,0,,,check failed,"92 full rows tie, 1 do not; 2 partial not checked"
elections,2025,FY2025,175,1,,Annual Town Election Continued May,,row,not a full row — not checked,,,,trailing figures,17,2025,,,,,,,2,,0,,,check failed,"92 full rows tie, 1 do not; 2 partial not checked"
elections,2025,FY2025,175,1,,YES,,row,parts sum to the printed total,,,,trailing figures,49,36,30,59,174,,,,5,,0,,,check failed,"92 full rows tie, 1 do not; 2 partial not checked"
elections,2025,FY2025,175,1,,NO,,row,parts sum to the printed total,,,,trailing figures,150,113,113,177,553,,,,5,,0,,,check failed,"92 full rows tie, 1 do not; 2 partial not checked"
elections,2025,FY2025,175,1,,BLANK,,row,parts sum to the printed total,,,,trailing figures,9,5,15,10,39,,,,5,,0,,,check failed,"92 full rows tie, 1 do not; 2 partial not checked"
elections,2025,FY2025,175,1,,TOTAL,,subtotal,parts sum to the printed total,,,,trailing figures,208,154,158,246,766,,,,5,,0,,,check failed,"92 full rows tie, 1 do not; 2 partial not checked"
elections,2025,FY2025,175,1,,YES,,row,parts sum to the printed total,,,,trailing figures,75,50,33,101,259,,,,5,,0,,,check failed,"92 full rows tie, 1 do not; 2 partial not checked"
elections,2025,FY2025,175,1,,NO,,row,parts sum to the printed total,,,,trailing figures,124,99,108,138,469,,,,5,,0,,,check failed,"92 full rows tie, 1 do not; 2 partial not checked"
elections,2025,FY2025,175,1,,BLANK,,row,parts sum to the printed total,,,,trailing figures,9,5,17,7,38,,,,5,,0,,,check failed,"92 full rows tie, 1 do not; 2 partial not checked"
elections,2025,FY2025,175,1,,TOTAL,,subtotal,parts sum to the printed total,,,,trailing figures,208,154,158,246,766,,,,5,,0,,,check failed,"92 full rows tie, 1 do not; 2 partial not checked"
