===SHEET Sheet1===
===SHEET TOWN BUDGET 3.23.26===
TOWN OF LUNENBURG,,,,,,,,,,,,,,,,,,,,,,,,,,,,,,,,,,,,,,,,,,,,,,,,,,,,,,,,,,,,,,,,,,,,,,,,
BUDGET FY27,,,,,,,,,,,,,,,,,,,,,,,,,,,,,,,,,,,,,,,,,,,,,,,,,,,,,,,,,,,,,,,,,,,,,,,,
3-20-2026,,,,,,,,,,,,,,,,,,,,,,,,,,,,,,,,,,,,,,,,,,,,,,,,,,,,,,,,,,,,,,,,,,,,,,,,
,,,,,,NO COLA HAS BEEN APPLIED- SALARY RESERVE,,,,,,,,,,,,,,,,,,,,,,,,,,,,,,,,,,,,,,,,,,,,,,,,,,,,,,,,,,,,,,,,,,
,,,,,,NOT BUDGETED YET OR ISSUE WITH BUDGETING,,,,,,,,,,,,,,,,,,,,,,,,,,,,,,,,,,,,,,,,,,,,,,,,,,,,,,,,,,,,,,,,,,
,,,,,,ABOVE LEVEL,,,,,,,,,,,,,,,,,,,,,,,,,,,,,,,,,,,,,,,,,,,,,,,,,,,,,,,,,,,,,,,,,,
,,,,,,BUDGET FINALIZED,,,,,,,,,,,,,,,,,,,,,,,,,,,,,,,,,,,,,,,,,,,,,,,,,,,,,,,,,,,,,,,,,,
,,,,,,DEPARTMENTAL TOTAL BUDGET,,,,,,,,,,,,,,,,,,,,,,,,,,,,,,,,,,,,,,,,,,,,,,,,,,,,,,,,,,,,,,,,,,
,,,,,,,,,,,,,,FY2026 EXPENDED,,,,,,,,,,,,,,,,,,,,,,,,,,,,,,,,,,,,,,,,,,,,,,,,,,,,,,,,,,
LINK,BUDGET CATEGORY,ORG,OBJ,PROJECT,ACCOUNT,DESCRIPTION,FY24 BUDGET,FY24 ACTUAL,FY25 BUDGET,FY25 ACTUAL,FY26 BUDGET,TRANS/ADJ,FY26 REVISED BUD,YEAR TO DATE, BALANCED- NO OVERRIDE,$ Change over FY26,%Change over FY26,TIER 1,Change from Balanced,$ Change over FY26,%Change over FY26,TIER 2,Change from Balanced,Change from Tier 1,$ Change over FY26,%Change over FY26,,,,,,,,,,,,,,,,,,,,,,,,,,,,,,,,,,,,,,,,,,,,,,
View,,11221,511000,,0100-1-122-0000-00-0-00-1-511000,ASSISTANT TOWN MANAGER,84017.86,89157.12,86960.72,97427.44,97427.44,2903,100330.44,59059.68,100257.41,2829.970000000001,0.02904695022264776,100257.41,0,2829.970000000001,0.02904695022264776,100257.41,0,0,2829.970000000001,0.02904695022264776,,,,,,,,,,,,,,,,,,,,,,,,,,,,,,,,,,,,,,,,,,,,,,
View,,11221,511001,,0100-1-122-0000-00-0-00-1-511001,P/R EXECUTIVE ASSISTANT,58005.32,67281.64,49306.96,45249.2,56978.88,1685,58665,22482.36,65881.92,8903.04,0.15625157953262686,65881.92,0,8903.04,0.15625157953262686,65881.92,0,0,8903.04,0.15625157953262686,,,,,,,,,,,,,,,,,,,,,,,,,,,,,,,,,,,,,,,,,,,,,,
View,,11221,511003,,0100-1-122-0000-00-0-00-1-511003,P/R BOARD/COMMITTEE CLERK,9432.8,7928.16,5125,3822.99,5574,190,5764,1971.95,6000,426,0.07642626480086114,6000,0,426,0.07642626480086114,12000,6000,6000,6426,1.1528525296017222,,,,,,,,,,,,,,,,,,,,,,,,,,,,,,,,,,,,,,,,,,,,,,
,,,,,,     TOTAL SALARIES -SELECT BOARD,151455.97999999998,164366.92,141392.68,146499.63,159980.32,4778,164759.44,83513.99,172139.33000000002,12159.01000000001,0.07600316088878938,172139.33000000002,0,12159.01000000001,0.07600316088878938,178139.33000000002,6000,6000,18159.01000000001,0.11350777395619667,,,,,,,,,,,,,,,,,,,,,,,,,,,,,,,,,,,,,,,,,,,,,,
,,11222,531003,,,CONTRACTED SERVICES,0,0,0,20497.5,6000,0,6000,5838,6000,0,0,13500,7500,7500,1.25,13500,7500,0,7500,1.25,,,,,,,,,,,,,,,,,,,,,,,,,,,,,,,,,,,,,,,,,,,,,,
View,,11222,534300,,0100-1-122-0000-00-0-00-2-534300,PARKING CLERK-SELECT BOARD,100,0,100,0,100,0,100,0,100,0,0,100,0,0,0,100,0,0,0,0,,,,,,,,,,,,,,,,,,,,,,,,,,,,,,,,,,,,,,,,,,,,,,
View,,11222,534500,,0100-1-122-0000-00-0-00-2-534500,ADVERTISING-SELECT BOARD,1040,1315,2000,2315,2000,0,2000,1790,3000,1000,0.5,3000,0,1000,0.5,3000,0,0,1000,0.5,,,,,,,,,,,,,,,,,,,,,,,,,,,,,,,,,,,,,,,,,,,,,,
View,,11222,540000,,0100-1-122-0000-00-0-00-2-540000,OFFICE SUPPLIES-SELECT BOARD,2000,1786.82,2000,1984.11,2000,0,2000,1206.18,2200,200,0.1,2200,0,200,0.1,2200,0,0,200,0.1,,,,,,,,,,,,,,,,,,,,,,,,,,,,,,,,,,,,,,,,,,,,,,
View,,11222,573000,,0100-1-122-0000-00-0-00-2-573000,DUES/MEMBERSHIP-SELECT BOARD,3000,2987,3000,3587,3000,0,3000,2708,3200,200,0.06666666666666667,3200,0,200,0.06666666666666667,3200,0,0,200,0.06666666666666667,,,,,,,,,,,,,,,,,,,,,,,,,,,,,,,,,,,,,,,,,,,,,,
View,,11222,573100,,0100-1-122-0000-00-0-00-2-573100,MEETINGS/SCHOOL SELECT BD,2600,80,3700,2757.6,3700,0,3700,56.7,2756,-944,-0.25513513513513514,2756,0,-944,-0.25513513513513514,2756,0,0,-944,-0.25513513513513514,,,,,,,,,,,,,,,,,,,,,,,,,,,,,,,,,,,,,,,,,,,,,,
,,11222,573600,,,STAFF DEVELOPMENT,0,0,0,0,3500,0,3500,3256.4,5000,1500,0.42857142857142855,5000,0,1500,0.42857142857142855,5000,0,0,1500,0.42857142857142855,,,,,,,,,,,,,,,,,,,,,,,,,,,,,,,,,,,,,,,,,,,,,,
,,,,,,     TOTAL EXPENSES -BOARD OF SELECTMEN,8740,6168.82,10800,31141.21,20300,0,20300,14855.28,22256,1956,0.09635467980295566,29756,7500,9456,0.46581280788177337,29756,7500,0,9456,0.46581280788177337,,,,,,,,,,,,,,,,,,,,,,,,,,,,,,,,,,,,,,,,,,,,,,
,Gen. Gov.,,,,,TOTAL SELECT BOARD,160195.97999999998,170535.74000000002,152192.68,177640.84,180280.32,4778,185059.44,98369.27,194395.33000000002,14115.01000000001,0.07829479113416267,201895.33000000002,7500,21615.01000000001,0.11989666980844059,207895.33000000002,13500,6000,27615.01000000001,0.15317817274786294,,,,,,,,,,,,,,,,,,,,,,,,,,,,,,,,,,,,,,,,,,,,,,
View,,11261,511000,,0100-1-126-0000-00-0-00-1-511000,TOWN MANAGER SALARY,157715,158928.19,157715,120368.24,169125,0,169125,99789.91,173353,4228,0.024999260901699925,173353,0,4228,0.024999260901699925,173353,0,0,4228,0.024999260901699925,,,,,,,,,,,,,,,,,,,,,,,,,,,,,,,,,,,,,,,,,,,,,,
,,11261,TBD,,,ASST TOWN MANAGER (FULL YEAR),0,0,0,0,0,0,0,0,120000,120000,#DIV/0!,120000,0,120000,0,120000,0,0,120000,#DIV/0!,,,,,,,,,,,,,,,,,,,,,,,,,,,,,,,,,,,,,,,,,,,,,,
,,11261,517000,,0100-1-126-0000-00-0-00-1-517000,RETIREMENT STIPEND,6308.6,6308.6,6308.6,6308.6,0,0,0,0,0,0,#DIV/0!,0,0,0,0,0,0,0,0,#DIV/0!,,,,,,,,,,,,,,,,,,,,,,,,,,,,,,,,,,,,,,,,,,,,,,
,,11261,519011,,0100-1-126-0000-00-0-00-1-519011,CELL PHONE STIPEND,1020,1020,1020,170,0,0,0,0,0,0,#DIV/0!,0,0,0,0,0,0,0,0,#DIV/0!,,,,,,,,,,,,,,,,,,,,,,,,,,,,,,,,,,,,,,,,,,,,,,
,Gen. Gov.,,,,,     TOTAL SALARY - TOWN MANAGER,165043.6,166256.79,165043.6,126846.84000000001,169125,0,169125,99789.91,293353,124228,0.7345336289726534,293353,0,124228,0.7345336289726534,293353,0,0,124228,0.7345336289726534,,,,,,,,,,,,,,,,,,,,,,,,,,,,,,,,,,,,,,,,,,,,,,
View,,11262,531003,,0100-1-126-0000-00-0-00-2-531003,CONTRACTED SERVICES,10000,13335.9,10000,1575,10000,0,10000,6490,6000,-4000,-0.4,10000,4000,0,0,10000,4000,0,0,0,,,,,,,,,,,,,,,,,,,,,,,,,,,,,,,,,,,,,,,,,,,,,,
,,11262,531078,,,GRANT WRITER,0,0,50000,24091.84,0,0,0,59703.52,0,0,#DIV/0!,0,0,0,0,0,0,0,0,#DIV/0!,,,,,,,,,,,,,,,,,,,,,,,,,,,,,,,,,,,,,,,,,,,,,,
View,,11262,531005,,0100-1-126-0000-00-0-00-2-531005,LEGAL EXPENSES,110000,118734.28,110000,110000,120000,0,120000,0,135000,15000,0.125,135000,0,15000,0.125,135000,0,0,15000,0.125,,,,,,,,,,,,,,,,,,,,,,,,,,,,,,,,,,,,,,,,,,,,,,
View,,11262,571000,,0100-1-126-0000-00-0-00-2-571000,MILEAGE REIMBURSEMENT,1000,191.62,1000,800,1000,0,1000,0,500,-500,-0.5,500,0,-500,-0.5,500,0,0,-500,-0.5,,,,,,,,,,,,,,,,,,,,,,,,,,,,,,,,,,,,,,,,,,,,,,
View,,11262,573000,,0100-1-126-0000-00-0-00-2-573000,DUES/MEMBERSHIP-TOWN MANAGER,2500,2459.5,2700,1066.15,2700,0,2700,339,1500,-1200,-0.4444444444444444,1500,0,-1200,-0.4444444444444444,1500,0,0,-1200,-0.4444444444444444,,,,,,,,,,,,,,,,,,,,,,,,,,,,,,,,,,,,,,,,,,,,,,
View,,11262,573100,,0100-1-126-0000-00-0-00-2-573100,MEETINGS/SCHOOL-TOWN MANAGER,2500,1254.91,2500,819.34,2500,0,2500,40,2000,-500,-0.2,2000,0,-500,-0.2,2000,0,0,-500,-0.2,,,,,,,,,,,,,,,,,,,,,,,,,,,,,,,,,,,,,,,,,,,,,,
,Gen. Gov.,,,,,    TOTAL EXPENSES - TOWN MANAGER,126000,135976.21,176200,138352.33,136200,0,136200,66572.51999999999,145000,8800,0.06461086637298091,149000,4000,12800,0.09397944199706314,149000,4000,0,12800,0.09397944199706314,,,,,,,,,,,,,,,,,,,,,,,,,,,,,,,,,,,,,,,,,,,,,,
,,,,,,TOTAL TOWN MANAGER,291043.6,302233,341243.6,265199.17,305325,0,305325,166362.43,438353,133028,0.4356931138950299,442353,4000,137028,0.44879390813068043,442353,4000,0,137028,0.44879390813068043,,,,,,,,,,,,,,,,,,,,,,,,,,,,,,,,,,,,,,,,,,,,,,
View,,11312,534500,,0100-1-131-0000-00-0-00-2-534500,ADVERTISING,100,97.35,100,90,100,0,100,35,125,25,0.25,125,0,25,0.25,125,0,0,25,0.25,,,,,,,,,,,,,,,,,,,,,,,,,,,,,,,,,,,,,,,,,,,,,,
View,,11312,573000,,0100-1-131-0000-00-0-00-2-573000,DUES/MEMBERSHIP,200,190,200,196,200,0,200,200,200,0,0,200,0,0,0,200,0,0,0,0,,,,,,,,,,,,,,,,,,,,,,,,,,,,,,,,,,,,,,,,,,,,,,
View,,11312,573100,,0100-1-131-0000-00-0-00-2-573100,MEETINGS/SCHOOL,1000,1326.42,1500,214.27,1500,0,1500,26,1250,-250,-0.16666666666666666,1250,0,-250,-0.16666666666666666,1250,0,0,-250,-0.16666666666666666,,,,,,,,,,,,,,,,,,,,,,,,,,,,,,,,,,,,,,,,,,,,,,
,Gen. Gov.,,,,,     TOTAL EXPENSE - FINANCE COMMITTEE,1300,1613.77,1800,500.27,1800,0,1800,261,1575,-225,-0.125,1575,0,-225,-0.125,1575,0,0,-225,-0.125,,,,,,,,,,,,,,,,,,,,,,,,,,,,,,,,,,,,,,,,,,,,,,
View,,11322,578000,,0100-1-132-0000-00-0-00-2-578000,RESERVE FUND TRANSFERS,75000,0,200000,0,185000,0,185000,0,185000,0,0,185000,0,0,0,185000,0,0,0,0,,,,,,,,,,,,,,,,,,,,,,,,,,,,,,,,,,,,,,,,,,,,,,
,Gen. Gov.,,,,,     TOTAL EXPENSE - RESERVE FUND TRFR,75000,0,200000,0,185000,0,185000,0,185000,0,0,185000,0,0,0,185000,0,0,0,0,,,,,,,,,,,,,,,,,,,,,,,,,,,,,,,,,,,,,,,,,,,,,,
View,,11332,517000,,0100-1-133-0000-00-0-00-2-517000,RETIREMENT BUYBACKS,30000,31811.34,30000,16642.8,30000,0,30000,0,30000,0,0,30000,0,0,0,30000,0,0,0,0,,,,,,,,,,,,,,,,,,,,,,,,,,,,,,,,,,,,,,,,,,,,,,
View,,11332,578000,,0100-1-133-0000-00-0-00-2-578000,SALARY RESERVE FUND TRANSFERS,35861.83,0,155000,0,180000,-128954,51046,0,180000,0,0,180000,0,0,0,180000,0,0,0,0,,,,,,,,,,,,,,,,,,,,,,,,,,,,,,,,,,,,,,,,,,,,,,
,Gen. Gov.,,,,,     TOTAL SALARY - RESERVE TRANSFER,65861.83,31811.34,185000,16642.8,210000,-128954,81046,0,210000,0,0,210000,0,0,0,210000,0,0,0,0,,,,,,,,,,,,,,,,,,,,,,,,,,,,,,,,,,,,,,,,,,,,,,
View,,11351,511000,,0100-1-135-0000-00-0-00-1-511000,TOWN ACCOUNTANT SALARY,108050,125984.05,123600,123600,127308,21093,148401,89610.37,148625,21317,0.167444308291702,148625,0,21317,0.167444308291702,148625,0,0,21317,0.167444308291702,,,,,,,,,,,,,,,,,,,,,,,,,,,,,,,,,,,,,,,,,,,,,,
View,,11351,511001,,0100-1-135-0000-00-0-00-1-511001,TOWN ACCOUNTANT CLERICAL,129449,112567.26,129344.93,139443.76,143525.62,12206,155731.62,69951.69,128249.68,-15275.940000000002,-0.10643354127297971,128249.68,0,-15275.940000000002,-0.10643354127297971,128249.68,0,0,-15275.940000000002,-0.10643354127297971,,,,,,,,,,,,,,,,,,,,,,,,,,,,,,,,,,,,,,,,,,,,,,
View,,11351,514002,,0100-1-135-0000-00-0-00-1-514002,LONGEVITY PAY,1629.89,1772.99,1677.08,1878.78,1880.58,99,1979.58,11935.16,0,-1880.58,-1,0,0,-1880.58,-1,0,0,0,-1880.58,-1,,,,,,,,,,,,,,,,,,,,,,,,,,,,,,,,,,,,,,,,,,,,,,
View,,11351,519011,,0100-1-135-0000-00-0-00-1-519011,CELL PHONE STIPEND,480,240,480,480,480,0,480,240,480,0,0,480,0,0,0,480,0,0,0,0,,,,,,,,,,,,,,,,,,,,,,,,,,,,,,,,,,,,,,,,,,,,,,
,,,,,,     TOTAL SALARY - TOWN ACCOUNTANT,239608.89,240564.3,255102.00999999998,265402.54000000004,273194.2,33398,306592.2,171737.22,277354.68,4160.479999999981,0.015229020235422205,277354.68,0,4160.479999999981,0.015229020235422205,277354.68,0,0,4160.479999999981,0.015229020235422205,,,,,,,,,,,,,,,,,,,,,,,,,,,,,,,,,,,,,,,,,,,,,,
,,11352,531020,,0100-1-136-0000-00-0-00-2-531020,AUDIT COSTS,40000,40000,40000,31500,40000,23500,63500,0,65000,25000,0.625,65000,0,25000,0.625,65000,0,0,25000,0.625,,,,,,,,,,,,,,,,,,,,,,,,,,,,,,,,,,,,,,,,,,,,,,
,,11352,531050,,0100-1-136-0000-00-0-00-2-531050,GASB 45 VALUATION,4100,4100,4100,0,4100,225,4325,0,4500,400,0.0975609756097561,4500,0,400,0.0975609756097561,4500,0,0,400,0.0975609756097561,,,,,,,,,,,,,,,,,,,,,,,,,,,,,,,,,,,,,,,,,,,,,,
View,,11352,534500,,0100-1-135-0000-00-0-00-2-534500,ADVERTISING,375,375,200,0,0,0,0,0,0,0,#DIV/0!,0,0,0,#DIV/0!,0,0,0,0,#DIV/0!,,,,,,,,,,,,,,,,,,,,,,,,,,,,,,,,,,,,,,,,,,,,,,
View,,11352,535006,,0100-1-135-0000-00-0-00-2-535006,CONTRACTED SERVICES,150,40451.5,200,0,250,114758,115008,76594.40000000001,3000,2750,11,3000,0,2750,11,3000,0,0,2750,11,,,,,,,,,,,,,,,,,,,,,,,,,,,,,,,,,,,,,,,,,,,,,,
View,,11352,540000,,0100-1-135-0000-00-0-00-2-540000,OFFICE SUPPLIES-TOWN ACCOUNTAN,2000,1990.83,2000,1673.28,2500,0,2500,711.15,1000,-1500,-0.6,1000,0,-1500,-0.6,1000,0,0,-1500,-0.6,,,,,,,,,,,,,,,,,,,,,,,,,,,,,,,,,,,,,,,,,,,,,,
View,,11352,571000,,0100-1-135-0000-00-0-00-2-571000,MILEAGE REIMB-TOWN ACCOUNTANT,250,295.2,250,250,350,0,350,0,300,-50,-0.14285714285714285,300,0,-50,-0.14285714285714285,300,0,0,-50,-0.14285714285714285,,,,,,,,,,,,,,,,,,,,,,,,,,,,,,,,,,,,,,,,,,,,,,
View,,11352,573000,,0100-1-135-0000-00-0-00-2-573000,DUES/MEMBERSHIP-ACCOUNTANT,350,125,350,350,350,0,350,230,350,0,0,350,0,0,0,350,0,0,0,0,,,,,,,,,,,,,,,,,,,,,,,,,,,,,,,,,,,,,,,,,,,,,,
View,,11352,573100,,0100-1-135-0000-00-0-00-2-573100,MEETINGS/SCHOOL-ACCOUNTANT,1000,0,2000,931.56,2500,0,2500,80,1000,-1500,-0.6,1000,0,-1500,-0.6,1000,0,0,-1500,-0.6,,,,,,,,,,,,,,,,,,,,,,,,,,,,,,,,,,,,,,,,,,,,,,
,,,,,,     TOTAL EXPENSE - TOWN ACCOUNTANT,48225,87337.53,49100,34704.84,50050,138483,188533,77615.55,75150,25100,0.5014985014985015,75150,0,25100,0.5014985014985015,75150,0,0,25100,0.5014985014985015,,,,,,,,,,,,,,,,,,,,,,,,,,,,,,,,,,,,,,,,,,,,,,
,Gen. Gov.,,,,,TOTAL ACCOUNTANT,287833.89,327901.82999999996,304202.01,300107.38,323244.2,171881,495125.2,249352.77000000002,352504.68,29260.47999999998,0.09052128390857432,352504.68,0,29260.47999999998,0.09052128390857432,352504.68,0,0,29260.47999999998,0.09052128390857432,,,,,,,,,,,,,,,,,,,,,,,,,,,,,,,,,,,,,,,,,,,,,,
View,,11411,511000,,0100-1-141-0000-00-0-00-1-511000,SALARY ASSISTANT ASSESSOR,43197.44,36223.72,49792.16,27165.6,45320,0,45320,26468.8,46678.72,1358.7200000000012,0.02998058252427187,46678.72,0,1358.7200000000012,0.02998058252427187,46678.72,0,0,1358.7200000000012,0.02998058252427187,,,,,,,,,,,,,,,,,,,,,,,,,,,,,,,,,,,,,,,,,,,,,,
View,,11411,511001,,0100-1-141-0000-00-0-00-1-511001,ASSESSOR'S DATA COLLECTOR,0,0,25000,23219.3,28076.73,847,28923.73,16966.39,29780.41,1703.6800000000003,0.060679430973621225,29780.41,0,1703.6800000000003,0.060679430973621225,29780.41,0,0,1703.6800000000003,0.060679430973621225,,,,,,,,,,,,,,,,,,,,,,,,,,,,,,,,,,,,,,,,,,,,,,
View,,11411,511028,,0100-1-141-0000-00-0-00-1-511028,SALARIES PRINCIPAL ASSESSOR,88179.52,79313.77,110250,110250,115762.5,0,115762.5,68304.24,118656.56,2894.0599999999977,0.024999978404060017,118656.56,0,2894.0599999999977,0.024999978404060017,118656.56,0,0,2894.0599999999977,0.024999978404060017,,,,,,,,,,,,,,,,,,,,,,,,,,,,,,,,,,,,,,,,,,,,,,
View,,11411,512203,,0100-1-141-0000-00-0-00-1-512203,SPECIAL ASST TO ASSESSOR TEMPORARY,0,0,0,0,0,27500,27500,0,0,0,#DIV/0!,0,0,0,#DIV/0!,0,0,0,0,#DIV/0!,,,,,,,,,,,,,,,,,,,,,,,,,,,,,,,,,,,,,,,,,,,,,,
View,,11411,514002,,0100-1-141-0000-00-0-00-1-514002,LONGEVITY PAY,1350,1350,1350,0,0,0,0,0,0,0,#DIV/0!,0,0,0,#DIV/0!,0,0,0,0,#DIV/0!,,,,,,,,,,,,,,,,,,,,,,,,,,,,,,,,,,,,,,,,,,,,,,
View,,11411,519024,,0100-1-141-0000-00-0-00-1-519024,CERTIFICATION STIPEND,0,0,1000,1000,1000,0,1000,666.64,1000,0,0,1000,0,0,0,1000,0,0,0,0,,,,,,,,,,,,,,,,,,,,,,,,,,,,,,,,,,,,,,,,,,,,,,
,,,,,,     TOTAL SALARY - ASSESSORS,132726.96000000002,116887.49,187392.16,161634.9,190159.22999999998,28347,218506.22999999998,112406.07,196115.69,5956.460000000021,0.03132353869964672,196115.69,0,5956.460000000021,0.03132353869964672,196115.69,0,0,5956.460000000021,0.03132353869964672,,,,,,,,,,,,,,,,,,,,,,,,,,,,,,,,,,,,,,,,,,,,,,
View,,11412,530600,,0100-1-141-0000-00-0-00-2-530600,MEASURE & LIST ANNUAL PROGRAM,45000,44361.45,45000,39475.5,52049,-250,51799,36421.18,46325,-5724,-0.10997329439566562,46325,0,-5724,-0.10997329439566562,46325,0,0,-5724,-0.10997329439566562,,,,,,,,,,,,,,,,,,,,,,,,,,,,,,,,,,,,,,,,,,,,,,
View,,11412,531003,,0100-1-141-0000-00-0-00-2-531003,CONTRACTED SERVICES,48430,73185,48430,47253.1,41200,0,41200,24718.5,41200,0,0,41200,0,0,0,41200,0,0,0,0,,,,,,,,,,,,,,,,,,,,,,,,,,,,,,,,,,,,,,,,,,,,,,
View,,11412,531010,,0100-1-141-0000-00-0-00-2-531010,UPDATE MAPS,3800,4600,4200,6400,7400,0,7400,6900,7400,0,0,7400,0,0,0,7400,0,0,0,0,,,,,,,,,,,,,,,,,,,,,,,,,,,,,,,,,,,,,,,,,,,,,,
View,,11412,534500,,0100-1-141-0000-00-0-00-2-534500,ADVERTISING,0,150,0,0,0,0,0,0,0,0,#DIV/0!,0,0,0,#DIV/0!,0,0,0,0,#DIV/0!,,,,,,,,,,,,,,,,,,,,,,,,,,,,,,,,,,,,,,,,,,,,,,
View,,11412,540000,,0100-1-141-0000-00-0-00-2-540000,OFFICE SUPPLIES-ASSESSOR'S ADM,1450,493.62,1450,2307.89,1850,0,1850,0,1850,0,0,1850,0,0,0,1850,0,0,0,0,,,,,,,,,,,,,,,,,,,,,,,,,,,,,,,,,,,,,,,,,,,,,,
View,,11412,571000,,0100-1-141-0000-00-0-00-2-571000,MILEAGE REIMB-ASSESSOR'S ADMIN,150,529.5,350,738.67,900,0,900,820,1800,900,1,1800,0,900,1,1800,0,0,900,1,,,,,,,,,,,,,,,,,,,,,,,,,,,,,,,,,,,,,,,,,,,,,,
View,,11412,573000,,0100-1-141-0000-00-0-00-2-573000,DUES/MEMBERSHIP-ASSESSOR'S ADM,150,75,500,700,750,250,1000,790.37,750,0,0,750,0,0,0,750,0,0,0,0,,,,,,,,,,,,,,,,,,,,,,,,,,,,,,,,,,,,,,,,,,,,,,
View,,11412,573100,,0100-1-141-0000-00-0-00-2-573100,MEETINGS-ASSESSOR'S ADMIN,1000,775,2000,1783,3000,0,3000,1412.59,2000,-1000,-0.3333333333333333,2000,0,-1000,-0.3333333333333333,2000,0,0,-1000,-0.3333333333333333,,,,,,,,,,,,,,,,,,,,,,,,,,,,,,,,,,,,,,,,,,,,,,
,,,,,,     TOTAL EXPENSE - ASSESSORS,99980,124169.56999999999,101930,98658.16,107149,0,107149,71062.63999999998,101325,-5824,-0.05435421702489057,101325,0,-5824,-0.05435421702489057,101325,0,0,-5824,-0.05435421702489057,,,,,,,,,,,,,,,,,,,,,,,,,,,,,,,,,,,,,,,,,,,,,,
,Gen. Gov.,,,,,TOTAL ASSESSORS,232706.96000000002,241057.06,289322.16000000003,260293.06,297308.23,28347,325655.23,183468.71,297440.69,132.46000000002095,0.0004455308889364447,297440.69,0,132.46000000002095,0.0004455308889364447,297440.69,0,0,132.46000000002095,0.0004455308889364447,,,,,,,,,,,,,,,,,,,,,,,,,,,,,,,,,,,,,,,,,,,,,,
View,,11451,511000,,0100-1-145-0000-00-0-00-1-511000,TREASURER'S SALARY,45543.18,48308,45695.88,51197.76,51197.76,1517,52714.76,32696.12,52732.44,1534.6800000000003,0.029975530179445355,52732.44,0,1534.6800000000003,0.029975530179445355,52732.44,0,0,1534.6800000000003,0.029975530179445355,,,,,,,,,,,,,,,,,,,,,,,,,,,,,,,,,,,,,,,,,,,,,,
View,,11451,511002,,0100-1-145-0000-00-0-00-1-511002,ASSISTANT TREASURER SALARY,46114.2,50068.5,54480.6,54699.3,54757.8,0,54757.8,34930.84,62197.33,7439.529999999999,0.13586247073476287,62197.33,0,7439.529999999999,0.13586247073476287,62197.33,0,0,7439.529999999999,0.13586247073476287,,,,,,,,,,,,,,,,,,,,,,,,,,,,,,,,,,,,,,,,,,,,,,
View,,11451,514002,,0100-1-145-0000-00-0-00-1-514002,LONGEVITY PAY,999.18,1207.7,1142.4,1279.94,1535.93,46,1581.93,0,1581.97,46.039999999999964,0.02997532439629408,1581.97,0,46.039999999999964,0.02997532439629408,1581.97,0,0,46.039999999999964,0.02997532439629408,,,,,,,,,,,,,,,,,,,,,,,,,,,,,,,,,,,,,,,,,,,,,,
,,,,,,     TOTAL SALARY - TREASURER,92656.56,99584.2,101318.87999999999,107177,107491.48999999999,1563,109054.48999999999,67626.95999999999,116511.74,9020.250000000015,0.08391594534599917,116511.74,0,9020.250000000015,0.08391594534599917,116511.74,0,0,9020.250000000015,0.08391594534599917,,,,,,,,,,,,,,,,,,,,,,,,,,,,,,,,,,,,,,,,,,,,,,
View,,11452,531003,,0100-1-145-0000-00-0-00-2-531003,CONTRACTED SERVICES,5500,950,5500,432.54,5500,0,5500,200,2000,-3500,-0.6363636363636364,2000,0,-3500,-0.6363636363636364,2000,0,0,-3500,-0.6363636363636364,,,,,,,,,,,,,,,,,,,,,,,,,,,,,,,,,,,,,,,,,,,,,,
,,11452,531004,,,BANKING CHARGES,0,0,3150,0,1000,0,1000,0,0,-1000,-1,0,0,-1000,-1,0,0,0,-1000,-1,,,,,,,,,,,,,,,,,,,,,,,,,,,,,,,,,,,,,,,,,,,,,,
View,,11452,531014,,0100-1-145-0000-00-0-00-2-531014,BOND ISSUANCE COSTS,2500,650,2500,0,2500,0,2500,0,2500,0,0,2500,0,0,0,2500,0,0,0,0,,,,,,,,,,,,,,,,,,,,,,,,,,,,,,,,,,,,,,,,,,,,,,
View,,11452,540000,,0100-1-145-0000-00-0-00-2-540000,OFFICE SUPPLIES-TREASURER,1075,1007.59,1075,2442.67,1075,0,1075,354.71,1075,0,0,1075,0,0,0,1075,0,0,0,0,,,,,,,,,,,,,,,,,,,,,,,,,,,,,,,,,,,,,,,,,,,,,,
View,,11452,571000,,0100-1-145-0000-00-0-00-2-571000,MILEAGE REIMB-TREASURER,300,76.06,300,66.33,300,0,300,90,600,300,1,600,0,300,1,600,0,0,300,1,,,,,,,,,,,,,,,,,,,,,,,,,,,,,,,,,,,,,,,,,,,,,,
View,,11452,573000,,0100-1-145-0000-00-0-00-2-573000,DUES/MEMBERSHIP-TREASURERS ADM,350,75,350,75,350,-20,330,175,450,100,0.2857142857142857,450,0,100,0.2857142857142857,450,0,0,100,0.2857142857142857,,,,,,,,,,,,,,,,,,,,,,,,,,,,,,,,,,,,,,,,,,,,,,
View,,11452,573100,,0100-1-145-0000-00-0-00-2-573100,MEETINGS/SCHOOL TREASURER,750,95,750,165,750,0,750,150,750,0,0,750,0,0,0,750,0,0,0,0,,,,,,,,,,,,,,,,,,,,,,,,,,,,,,,,,,,,,,,,,,,,,,
,,,,,,     TOTAL EXPENSE - TREASURER,10475,2853.65,13625,3181.54,11475,-20,11455,969.71,7375,-4100,-0.3572984749455338,7375,0,-4100,-0.3572984749455338,7375,0,0,-4100,-0.3572984749455338,,,,,,,,,,,,,,,,,,,,,,,,,,,,,,,,,,,,,,,,,,,,,,
,Gen. Gov.,,,,,TOTAL TREASURER,103131.56,102437.84999999999,114943.87999999999,110358.54,118966.48999999999,1543,120509.48999999999,68596.67,123886.74,4920.250000000015,0.04135828500950154,123886.74,0,4920.250000000015,0.04135828500950154,123886.74,0,0,4920.250000000015,0.04135828500950154,,,,,,,,,,,,,,,,,,,,,,,,,,,,,,,,,,,,,,,,,,,,,,
View,,11461,511000,,0100-1-146-0000-00-0-00-1-511000,TAX COLLECTOR'S SALARY,45543.18,48308,45695.88,51197.76,51197.76,1517,52714.76,32696.15,52732.44,1534.6800000000003,0.029975530179445355,52732.44,0,1534.6800000000003,0.029975530179445355,52732.44,0,0,1534.6800000000003,0.029975530179445355,,,,,,,,,,,,,,,,,,,,,,,,,,,,,,,,,,,,,,,,,,,,,,
View,,11461,511001,,0100-1-146-0000-00-0-00-1-511001,CLERICAL SALARIES TAX COLLECTO,40422.88,43351.01,48861.2,48034.71,59084.3,0,59084.3,31323.16,54697.69,-4386.610000000001,-0.07424324228263685,54697.69,0,-4386.610000000001,-0.07424324228263685,54697.69,0,0,-4386.610000000001,-0.07424324228263685,,,,,,,,,,,,,,,,,,,,,,,,,,,,,,,,,,,,,,,,,,,,,,
View,,11461,514002,,0100-1-146-0000-00-0-00-1-514002,LONGEVITY PAY,999.18,1207.7,1142.4,1279.95,1535.93,46,1581.93,0,1581.97,46.039999999999964,0.02997532439629408,1581.97,0,46.039999999999964,0.02997532439629408,1581.97,0,0,46.039999999999964,0.02997532439629408,,,,,,,,,,,,,,,,,,,,,,,,,,,,,,,,,,,,,,,,,,,,,,
,,11461,,,,CERTIFICATION STIPEND,0,0,0,0,0,0,0,0,500,500,#DIV/0!,500,0,500,0,500,0,0,500,#DIV/0!,,,,,,,,,,,,,,,,,,,,,,,,,,,,,,,,,,,,,,,,,,,,,,
,,,,,,     TOTAL SALARY - TAX COLLECTOR,86965.23999999999,92866.71,95699.47999999998,100512.42,111817.98999999999,1563,113380.98999999999,64019.31,109512.1,-2305.889999999985,-0.02062181586344009,109512.1,0,-2305.889999999985,-0.02062181586344009,109512.1,0,0,-2305.889999999985,-0.02062181586344009,,,,,,,,,,,,,,,,,,,,,,,,,,,,,,,,,,,,,,,,,,,,,,
View,,11462,531003,,0100-1-146-0000-00-0-00-2-531003,CONTRACTED SERVICES,17000,8601.86,17000,6195.58,17000,0,17000,3500,10000,-7000,-0.4117647058823529,10000,0,-7000,-0.4117647058823529,10000,0,0,-7000,-0.4117647058823529,,,,,,,,,,,,,,,,,,,,,,,,,,,,,,,,,,,,,,,,,,,,,,
View,,11462,540000,,0100-1-146-0000-00-0-00-2-540000,OFFICE SUPPLIES-TAX COLLECTOR,750,355.12,750,550.41,750,0,750,354.71,750,0,0,750,0,0,0,750,0,0,0,0,,,,,,,,,,,,,,,,,,,,,,,,,,,,,,,,,,,,,,,,,,,,,,
View,,11462,571000,,0100-1-146-0000-00-0-00-2-571000,MILEAGE REIMB-TAX COLLECTOR,300,147.81,300,66.33,300,0,300,350.03,200,-100,-0.3333333333333333,200,0,-100,-0.3333333333333333,200,0,0,-100,-0.3333333333333333,,,,,,,,,,,,,,,,,,,,,,,,,,,,,,,,,,,,,,,,,,,,,,
View,,11462,573000,,0100-1-146-0000-00-0-00-2-573000,DUES/MEMBERSHIP-TAX COLLECTOR,100,50,100,75,100,20,120,120,200,100,1,200,0,100,1,200,0,0,100,1,,,,,,,,,,,,,,,,,,,,,,,,,,,,,,,,,,,,,,,,,,,,,,
View,,11462,573100,,0100-1-146-0000-00-0-00-2-573100,MEETINGS/SCHOOL TAX COLLECTOR,750,95,750,0,750,0,750,250,0,-750,-1,0,0,-750,-1,0,0,0,-750,-1,,,,,,,,,,,,,,,,,,,,,,,,,,,,,,,,,,,,,,,,,,,,,,
,,,,,,     TOTAL EXPENSE - TAX  COLLECTOR,18900,9249.79,18900,6887.32,18900,20,18920,4574.74,11150,-7750,-0.41005291005291006,11150,0,-7750,-0.41005291005291006,11150,0,0,-7750,-0.41005291005291006,,,,,,,,,,,,,,,,,,,,,,,,,,,,,,,,,,,,,,,,,,,,,,
,Gen. Gov.,,,,,TOTAL COLLECTOR,105865.23999999999,102116.5,114599.47999999998,107399.73999999999,130717.98999999999,1583,132300.99,68594.05,120662.1,-10055.889999999985,-0.07692812596032103,120662.1,0,-10055.889999999985,-0.07692812596032103,120662.1,0,0,-10055.889999999985,-0.07692812596032103,,,,,,,,,,,,,,,,,,,,,,,,,,,,,,,,,,,,,,,,,,,,,,
,,,,,,TOTAL TREASURER/COLLECTOR,208996.8,204554.34999999998,229543.36,217758.27999999997,249684.47999999998,3126,252810.47999999998,137190.72,244548.84000000003,-5135.639999999956,-0.020568519116606513,244548.84000000003,0,-5135.639999999956,-0.020568519116606513,244548.84000000003,0,0,-5135.639999999956,-0.020568519116606513,,,,,,,,,,,,,,,,,,,,,,,,,,,,,,,,,,,,,,,,,,,,,,
View,,11551,511002,,0100-1-155-0000-00-0-00-1-511002,TECHNOLOGY SUPPORT SALARIES,76432.2,80028,79030.8,0,0,2291,2291,0,0,0,#DIV/0!,0,0,0,0,0,0,0,0,0,,,,,,,,,,,,,,,,,,,,,,,,,,,,,,,,,,,,,,,,,,,,,,
View,,11551,511003,,0100-1-155-0000-00-0-00-1-511003,TECH ADMIN SUPPORT SALARIES,24529.15,25314.04,25516.3,28821.8,48655.36,8291,56946.36,33498.33,0,-48655.36,-1,35192.56,35192.56,-13462.800000000003,-0.27669716142270867,59459.33,59459.33,24266.770000000004,10803.970000000001,0.22205097239029783,,,,,,,,,,,,,,,,,,,,,,,,,,,,,,,,,,,,,,,,,,,,,,
,,11551,514002,,0100-1-155-0000-00-0-00-1-514002,LONGEVITY PAY,0,0,1580.62,0,0,0,0,0,0,0,#DIV/0!,0,0,0,0,0,0,0,0,0,,,,,,,,,,,,,,,,,,,,,,,,,,,,,,,,,,,,,,,,,,,,,,
,,11551,519991,,0100-1-155-0000-00-0-00-1-519991,P/R REMOTE MEETING COORDINATOR,5000,0,0,0,0,0,0,0,0,0,#DIV/0!,0,0,0,0,0,0,0,0,0,,,,,,,,,,,,,,,,,,,,,,,,,,,,,,,,,,,,,,,,,,,,,,
,,,,,,     TOTAL PAYROLL - IT,105961.35,105342.04000000001,106127.72,28821.8,48655.36,10582,59237.36,33498.33,0,-48655.36,-1,35192.56,35192.56,-13462.800000000003,-0.27669716142270867,59459.33,59459.33,24266.770000000004,10803.970000000001,0.22205097239029783,,,,,,,,,,,,,,,,,,,,,,,,,,,,,,,,,,,,,,,,,,,,,,
View,,11552,521001,,0100-1-155-0000-00-0-00-2-521001,HARDWARE MAINTENANCE,70500,54124.47,53500,51611.83,38500,0,38500,8064.26,38500,0,0,38500,0,0,0,38500,0,0,0,0,,,,,,,,,,,,,,,,,,,,,,,,,,,,,,,,,,,,,,,,,,,,,,
,,11552,521014,,,TELEPHONE CHARGES,40000,50211.34,40000,53235.45,40000,0,0,0,56500,16500,0.4125,56500,0,16500,0.4125,56500,0,0,16500,0.4125,,,,,,,,,,,,,,,,,,,,,,,,,,,,,,,,,,,,,,,,,,,,,,
View,,11552,531006,,0100-1-155-0000-00-0-00-2-531006,PURCHASE OF SERVICE,162140,154495.4,173314.53,160411.37,204871.06,9800,214671.06,47925.29,240000,35128.94,0.171468532451582,240000,0,35128.94,0.171468532451582,240000,0,0,35128.94,0.171468532451582,,,,,,,,,,,,,,,,,,,,,,,,,,,,,,,,,,,,,,,,,,,,,,
View,,11552,531007,,0100-1-155-0000-00-0-00-2-531007,WEB SITE HOSTING,10000,18337.93,10000,9774.6,0,-9800,-9800,144673.87000000002,0,0,#DIV/0!,0,0,0,0,0,0,0,0,#DIV/0!,,,,,,,,,,,,,,,,,,,,,,,,,,,,,,,,,,,,,,,,,,,,,,
View,,11552,531021,,0100-1-155-0000-00-0-00-2-531021,INTERNET ACCESS,29280,19079.5,29280,22547.76,0,0,0,0,0,0,#DIV/0!,0,0,0,0,0,0,0,0,#DIV/0!,,,,,,,,,,,,,,,,,,,,,,,,,,,,,,,,,,,,,,,,,,,,,,
View,,11552,535006,,0100-1-155-0000-00-0-00-2-535006,CONTRACTED SERVICES,25000,32641.85,25000,132407.5,159285,0,159285,155262.7,141000,-18285,-0.11479423674545626,141000,0,-18285,-0.11479423674545626,141000,0,0,-18285,-0.11479423674545626,,,,,,,,,,,,,,,,,,,,,,,,,,,,,,,,,,,,,,,,,,,,,,
,,,,,,     TOTAL EXPENSE - IT,336920,328890.49,331094.53,429988.51,442656.06,0,402656.06,355926.12000000005,476000,33343.94,0.075326970560394,476000,0,33343.94,0.075326970560394,476000,0,0,33343.94,0.075326970560394,,,,,,,,,,,,,,,,,,,,,,,,,,,,,,,,,,,,,,,,,,,,,,
,Gen. Gov.,,,,,TOTAL IT,442881.35,434232.53,437222.25,458810.31,491311.42,10582,461893.42,389424.45000000007,476000,-15311.419999999984,-0.031164388566420835,511192.56,35192.56,19881.140000000014,0.040465454680455044,535459.33,59459.32999999996,24266.76999999996,44147.909999999974,0.08985728440832899,,,,,,,,,,,,,,,,,,,,,,,,,,,,,,,,,,,,,,,,,,,,,,
View,,11582,531006,,0100-1-158-0000-00-0-00-2-531006,PURCHASE OF SERVICE,20500,10982.67,20500,6219.13,22000,0,22000,5210,22000,0,0,22000,0,0,0,22000,0,0,0,0,,,,,,,,,,,,,,,,,,,,,,,,,,,,,,,,,,,,,,,,,,,,,,
View,,11582,531007,,0100-1-158-0000-00-0-00-2-531007,RECORDINGS-REGISTRY OF DEEDS,7000,2205,7000,525,7000,0,7000,0,4000,-3000,-0.42857142857142855,4000,0,-3000,-0.42857142857142855,4000,0,0,-3000,-0.42857142857142855,,,,,,,,,,,,,,,,,,,,,,,,,,,,,,,,,,,,,,,,,,,,,,
View,,11582,534500,,0100-1-158-0000-00-0-00-2-534500,ADVERTISING-TAX TITLE,1500,350,1500,400,1500,0,1500,0,1500,0,0,1500,0,0,0,1500,0,0,0,0,,,,,,,,,,,,,,,,,,,,,,,,,,,,,,,,,,,,,,,,,,,,,,
,,,,,,     TOTAL EXPENSE - TAX TITLE,29000,13537.67,29000,7144.13,30500,0,30500,5210,27500,-3000,-0.09836065573770492,27500,0,-3000,-0.09836065573770492,27500,0,0,-3000,-0.09836065573770492,,,,,,,,,,,,,,,,,,,,,,,,,,,,,,,,,,,,,,,,,,,,,,
,Tax Title,,,,,TOTAL TAX TITLE,29000,13537.67,29000,7144.13,30500,0,30500,5210,27500,-3000,-0.09836065573770492,27500,0,-3000,-0.09836065573770492,27500,0,0,-3000,-0.09836065573770492,,,,,,,,,,,,,,,,,,,,,,,,,,,,,,,,,,,,,,,,,,,,,,
View,,11611,511002,,0100-1-161-0000-00-0-00-1-511002,ASSISTANT TOWN CLERK SALARY,40381.6,43463.68,47484.8,47484.8,51648.08,0,51648.08,30395.77,53186.32,1538.239999999998,0.029783101327290343,53186.32,0,1538.239999999998,0.029783101327290343,53186.32,0,0,1538.239999999998,0.029783101327290343,,,,,,,,,,,,,,,,,,,,,,,,,,,,,,,,,,,,,,,,,,,,,,
,,11611,512000,,,SALARIES ELECTED OFFICIALS,77500,77500,79438,79437.5,80629,0,80629,47574.14,82644.73,2015.729999999996,0.02500006201242724,82644.73,0,2015.729999999996,0.02500006201242724,82644.73,0,0,2015.729999999996,0.02500006201242724,,,,,,,,,,,,,,,,,,,,,,,,,,,,,,,,,,,,,,,,,,,,,,
,,11611,514002,,,LONGEVITY PAY,0,850,0,850,850,0,850,850,850,0,0,850,0,0,0,850,0,0,0,0,,,,,,,,,,,,,,,,,,,,,,,,,,,,,,,,,,,,,,,,,,,,,,
View,,11611,519007,,0100-1-161-0000-00-0-00-1-519007,RECORDING VITAL STATISTICS FEE,375,242,375,245,375,0,375,0,375,0,0,375,0,0,0,375,0,0,0,0,,,,,,,,,,,,,,,,,,,,,,,,,,,,,,,,,,,,,,,,,,,,,,
,,,,,,     TOTAL SALARY - TOWN CLERK,118256.6,122055.68,127297.8,128017.3,133502.08000000002,0,133502.08000000002,78819.91,137056.05,3553.969999999972,0.026621083356903292,137056.05,0,3553.969999999972,0.026621083356903292,137056.05,0,0,3553.969999999972,0.026621083356903292,,,,,,,,,,,,,,,,,,,,,,,,,,,,,,,,,,,,,,,,,,,,,,
View,,11612,531003,,0100-1-161-0000-00-0-00-2-531003,CONTRACTED SERVICES,3167.66,2700,1500,2700,1200,0,1200,1200,2000,800,0.6666666666666666,2000,0,800,0.6666666666666666,2000,0,0,800,0.6666666666666666,,,,,,,,,,,,,,,,,,,,,,,,,,,,,,,,,,,,,,,,,,,,,,
View,,11612,531056,,0100-1-161-0000-00-0-00-2-531056,CODE UPDATES,8174.6,5644.75,8500,5000,7000,0,7000,6195,7000,0,0,7000,0,0,0,7000,0,0,0,0,,,,,,,,,,,,,,,,,,,,,,,,,,,,,,,,,,,,,,,,,,,,,,
View,,11612,540000,,0100-1-161-0000-00-0-00-2-540000,OFFICE SUPPLIES-TOWN CLERK,740.82,206.42,750,1335.04,750,0,750,350,750,0,0,750,0,0,0,750,0,0,0,0,,,,,,,,,,,,,,,,,,,,,,,,,,,,,,,,,,,,,,,,,,,,,,
View,,11612,571000,,0100-1-161-0000-00-0-00-2-571000,MILEAGE-TOWN CLERK'S ADMIN,408.73,0,200,144.9,200,0,200,0,200,0,0,200,0,0,0,200,0,0,0,0,,,,,,,,,,,,,,,,,,,,,,,,,,,,,,,,,,,,,,,,,,,,,,
View,,11612,573000,,0100-1-161-0000-00-0-00-2-573000,DUES/MEMBERSHIP-TOWN CLERK,153.27,125,150,125,150,0,150,125,150,0,0,150,0,0,0,150,0,0,0,0,,,,,,,,,,,,,,,,,,,,,,,,,,,,,,,,,,,,,,,,,,,,,,
View,,11612,573100,,0100-1-161-0000-00-0-00-2-573100,MEETINGS/SCHOOL-TOWN CLERK,613.09,0,800,60,800,0,800,230,800,0,0,800,0,0,0,800,0,0,0,0,,,,,,,,,,,,,,,,,,,,,,,,,,,,,,,,,,,,,,,,,,,,,,
,,,,,,     TOWN EXPENSE - TOWN CLERK EXP,13258.17,8676.17,11900,9364.94,10100,0,10100,8100,10900,800,0.07920792079207921,10900,0,800,0.07920792079207921,10900,0,0,800,0.07920792079207921,,,,,,,,,,,,,,,,,,,,,,,,,,,,,,,,,,,,,,,,,,,,,,
,Gen. Gov.,,,,,TOTAL TOWN CLERK,131514.77000000002,130731.84999999999,139197.8,137382.24,143602.08000000002,0,143602.08000000002,86919.91,147956.05,4353.969999999972,0.030319686177247375,147956.05,0,4353.969999999972,0.030319686177247375,147956.05,0,0,4353.969999999972,0.030319686177247375,,,,,,,,,,,,,,,,,,,,,,,,,,,,,,,,,,,,,,,,,,,,,,
View,,11621,512100,,0100-1-162-0000-00-0-00-1-512100,SALARIES ELECTION WORKERS,8825,7873.57,8825,8825,3900,0,3900,180,8825,4925,1.2628205128205128,8825,0,4925,1.2628205128205128,8825,0,0,4925,1.2628205128205128,,,,,,,,,,,,,,,,,,,,,,,,,,,,,,,,,,,,,,,,,,,,,,
,,,,,,     TOTAL SALARY - ELECTION WORKERS,8825,7873.57,8825,8825,3900,0,3900,180,8825,4925,1.2628205128205128,8825,0,4925,1.2628205128205128,8825,0,0,4925,1.2628205128205128,,,,,,,,,,,,,,,,,,,,,,,,,,,,,,,,,,,,,,,,,,,,,,
,,11622,531003,,,CONTRACTED SERVICES,0,0,2500,0,3000,0,3000,2100,4000,1000,0.3333333333333333,4000,0,1000,0.3333333333333333,4000,0,0,1000,0.3333333333333333,,,,,,,,,,,,,,,,,,,,,,,,,,,,,,,,,,,,,,,,,,,,,,
View,,11622,531008,,0100-1-162-0000-00-0-00-2-531008,POLICE/CUSTODIANS ELECTIONS,2500,0,2500,2500,1000,0,1000,0,2500,1500,1.5,2500,0,1500,1.5,2500,0,0,1500,1.5,,,,,,,,,,,,,,,,,,,,,,,,,,,,,,,,,,,,,,,,,,,,,,
View,,11622,534200,,0100-1-162-0000-00-0-00-2-534200,PRINTING-ELECTIONS,4500,5238.65,5100,5100,2600,0,2600,0,5100,2500,0.9615384615384616,5100,0,2500,0.9615384615384616,5100,0,0,2500,0.9615384615384616,,,,,,,,,,,,,,,,,,,,,,,,,,,,,,,,,,,,,,,,,,,,,,
View,,11622,540000,,0100-1-162-0000-00-0-00-2-540000,OFFICE SUPPLIES-ELECTIONS,450,1826.43,550,174.78,300,0,300,0,550,250,0.8333333333333334,550,0,250,0.8333333333333334,550,0,0,250,0.8333333333333334,,,,,,,,,,,,,,,,,,,,,,,,,,,,,,,,,,,,,,,,,,,,,,
View,,11622,549000,,0100-1-162-0000-00-0-00-2-549000,LUNCHES-ELECTIONS,260,439.74,550,550,300,0,300,0,600,300,1,600,0,300,1,600,0,0,300,1,,,,,,,,,,,,,,,,,,,,,,,,,,,,,,,,,,,,,,,,,,,,,,
,,,,,,     TOTAL EXPENSE - ELECTIONS,7710,7504.82,11200,8324.779999999999,7200,0,7200,2100,12750,5550,0.7708333333333334,12750,0,5550,0.7708333333333334,12750,0,0,5550,0.7708333333333334,,,,,,,,,,,,,,,,,,,,,,,,,,,,,,,,,,,,,,,,,,,,,,
,Gen. Gov.,,,,,TOTAL ELECTIONS,16535,15378.39,20025,17149.78,11100,0,11100,2280,21575,10475,0.9436936936936937,21575,0,10475,0.9436936936936937,21575,0,0,10475,0.9436936936936937,,,,,,,,,,,,,,,,,,,,,,,,,,,,,,,,,,,,,,,,,,,,,,
View,,11631,512100,,0100-1-163-0000-00-0-00-1-512100,SALARIES REGISTRATION & CENSUS,19000,16233.75,19000,16890,19000,0,19000,4110,19000,0,0,19000,0,0,0,19000,0,0,0,0,,,,,,,,,,,,,,,,,,,,,,,,,,,,,,,,,,,,,,,,,,,,,,
View,,11631,519000,,0100-1-163-0000-00-0-00-1-519000,REGISTRAR'S FEE-REG & CENSUS,400,507.75,400,562.75,400,0,400,0,400,0,0,400,0,0,0,400,0,0,0,0,,,,,,,,,,,,,,,,,,,,,,,,,,,,,,,,,,,,,,,,,,,,,,
,,,,,,     TOTAL SALARY - REGISTRAR - CENSUS,19400,16741.5,19400,17452.75,19400,0,19400,4110,19400,0,0,19400,0,0,0,19400,0,0,0,0,,,,,,,,,,,,,,,,,,,,,,,,,,,,,,,,,,,,,,,,,,,,,,
View,,11632,531003,,0100-1-163-0000-00-0-00-2-531003,CONTRACTED SERVICES,500,5063.88,500,3560.34,500,0,500,350,1000,500,1,1000,0,500,1,1000,0,0,500,1,,,,,,,,,,,,,,,,,,,,,,,,,,,,,,,,,,,,,,,,,,,,,,
View,,11632,531016,,0100-1-163-0000-00-0-00-2-531016,STREET LISTS,600,812.5,600,350,600,0,600,375,600,0,0,600,0,0,0,600,0,0,0,0,,,,,,,,,,,,,,,,,,,,,,,,,,,,,,,,,,,,,,,,,,,,,,
View,,11632,540000,,0100-1-163-0000-00-0-00-2-540000,OFFICE SUPPLIES-REG & CENSUS,250,0,250,153.22,250,0,250,0,250,0,0,250,0,0,0,250,0,0,0,0,,,,,,,,,,,,,,,,,,,,,,,,,,,,,,,,,,,,,,,,,,,,,,
View,,11632,571000,,0100-1-163-0000-00-0-00-2-571000,MILEAGE REIMBURSEMENT,200,0,200,0,200,0,200,0,200,0,0,200,0,0,0,200,0,0,0,0,,,,,,,,,,,,,,,,,,,,,,,,,,,,,,,,,,,,,,,,,,,,,,
,,,,,,     TOTAL EXPENSE - REGISTRATION & CENSUS,1550,5876.38,1550,4063.56,1550,0,1550,725,2050,500,0.3225806451612903,2050,0,500,0.3225806451612903,2050,0,0,500,0.3225806451612903,,,,,,,,,,,,,,,,,,,,,,,,,,,,,,,,,,,,,,,,,,,,,,
,Gen. Gov.,,,,,TOTAL REGISTRATION & CENSUS,20950,22617.88,20950,21516.31,20950,0,20950,4835,21450,500,0.02386634844868735,21450,0,500,0.02386634844868735,21450,0,0,500,0.02386634844868735,,,,,,,,,,,,,,,,,,,,,,,,,,,,,,,,,,,,,,,,,,,,,,
,,,,,,TOTAL TOWN CLERK,168999.77000000002,168728.12,180172.8,176048.33,175652.08000000002,0,175652.08000000002,94034.91,190981.05,15328.969999999972,0.08726893527249988,190981.05,0,15328.969999999972,0.08726893527249988,190981.05,0,0,15328.969999999972,0.08726893527249988,,,,,,,,,,,,,,,,,,,,,,,,,,,,,,,,,,,,,,,,,,,,,,
View,,11701,511000,,0100-1-170-0000-00-0-00-1-511000,PLANNING BOARD DIRECTOR,108177.68,39736.8,108177.68,70272,106374.8,-585,105789.8,0,112723,6348.199999999997,0.05967766801911728,112723,0,6348.199999999997,0.05967766801911728,112723,0,0,6348.199999999997,0.05967766801911728,,,,,,,,,,,,,,,,,,,,,,,,,,,,,,,,,,,,,,,,,,,,,,
View,,11701,511001,,0100-1-170-0000-00-0-00-1-511001,SALARIES CLERICAL,112217.39,101330.31,118436.46,47471.76,130563.67,-288,130275.67,71630.86,105955.79000000001,-24607.87999999999,-0.18847417509020686,105955.79000000001,0,-24607.87999999999,-0.18847417509020686,105955.79000000001,0,0,-24607.87999999999,-0.18847417509020686,,,,,,,,,,,,,,,,,,,,,,,,,,,,,,,,,,,,,,,,,,,,,,
View,,11701,511003,,0100-1-170-0000-00-0-00-1-511003,SALARIES STAFF,5000,222.75,5000,893.62,5000,0,5000,681.78,5000,0,0,5000,0,0,0,5000,0,0,0,0,,,,,,,,,,,,,,,,,,,,,,,,,,,,,,,,,,,,,,,,,,,,,,
View,,11701,511105,,0100-1-170-0000-00-0-00-1-511105,BUILDING COMMISSIONER,97359.91,89665.17,87148.04,113818.52,100681.88,2994,103675.88,66158.62,106636.83,5954.949999999997,0.05914619393281092,106636.83,0,5954.949999999997,0.05914619393281092,106636.83,0,0,5954.949999999997,0.05914619393281092,,,,,,,,,,,,,,,,,,,,,,,,,,,,,,,,,,,,,,,,,,,,,,
View,,11701,511106,,0100-1-170-0000-00-0-00-1-511106,CONSERVATION ADMINISTRATOR,48095.56,45101.33,68262,63175.58,72137.06,399,72536.06,20848.37,80684.43,8547.369999999995,0.11848791730630547,80684.43,0,8547.369999999995,0.11848791730630547,80684.43,0,0,8547.369999999995,0.11848791730630547,,,,,,,,,,,,,,,,,,,,,,,,,,,,,,,,,,,,,,,,,,,,,,
View,,11701,514002,,0100-1-170-0000-00-0-00-1-514002,LONGEVITY PAY,4700,2350,2350,2350,2350,0,2350,2350,0,-2350,-1,0,0,-2350,-1,0,0,0,-2350,-1,,,,,,,,,,,,,,,,,,,,,,,,,,,,,,,,,,,,,,,,,,,,,,
View,,11701,519008,,0100-1-170-0000-00-0-00-1-519008,MILEAGE STIPEND,7500,7499.96,7500,7500,7500,0,7500,4615.36,7500,0,0,7500,0,0,0,7500,0,0,0,0,,,,,,,,,,,,,,,,,,,,,,,,,,,,,,,,,,,,,,,,,,,,,,
,,,,,,     TOTAL SALARY - LAND USE,383050.54,285906.32,396874.18,305481.48000000004,424607.41,2520,427127.41,166284.99,418500.05,-6107.359999999986,-0.014383545496768383,418500.05,0,-6107.359999999986,-0.014383545496768383,418500.05,0,0,-6107.359999999986,-0.014383545496768383,,,,,,,,,,,,,,,,,,,,,,,,,,,,,,,,,,,,,,,,,,,,,,
View,,11702,531007,,0100-1-170-0000-00-0-00-2-531007,RECORDINGS-REGISTRY OF DEEDS,150,0,150,0,150,0,150,0,150,0,0,150,0,0,0,150,0,0,0,0,,,,,,,,,,,,,,,,,,,,,,,,,,,,,,,,,,,,,,,,,,,,,,
View,,11702,531013,,0100-1-170-0000-00-0-00-2-531013,CONSULTANT,,,,,0,3993,3993,2852.5,0,0,#DIV/0!,0,0,0,0,0,0,0,0,#DIV/0!,,,,,,,,,,,,,,,,,,,,,,,,,,,,,,,,,,,,,,,,,,,,,,
View,,11702,531017,,0100-1-170-0000-00-0-00-2-531017,PUBLICATIONS,2100,1002.41,2100,786.45,2100,0,2100,468,2100,0,0,2100,0,0,0,2100,0,0,0,0,,,,,,,,,,,,,,,,,,,,,,,,,,,,,,,,,,,,,,,,,,,,,,
,,11702,534200,,,PRINTING-PLANNING,300,110,300,80,0,0,0,0,0,0,#DIV/0!,0,0,0,0,0,0,0,0,#DIV/0!,,,,,,,,,,,,,,,,,,,,,,,,,,,,,,,,,,,,,,,,,,,,,,
,,,534400,,,PURCHASE OF SERVICE,650,61,650,0,0,0,625,0,2000,2000,#DIV/0!,2000,0,2000,0,2000,0,0,2000,#DIV/0!,,,,,,,,,,,,,,,,,,,,,,,,,,,,,,,,,,,,,,,,,,,,,,
,,,534500,,,ADVERTISING,2250,3681.27,3750,1290,2250,0,750,0,2250,0,0,2250,0,0,0,2250,0,0,0,0,,,,,,,,,,,,,,,,,,,,,,,,,,,,,,,,,,,,,,,,,,,,,,
,,,540000,,,OFFICE SUPPLIES - CONSERVATION,,,,,0,0,650,0,0,0,#DIV/0!,0,0,0,0,0,0,0,0,#DIV/0!,,,,,,,,,,,,,,,,,,,,,,,,,,,,,,,,,,,,,,,,,,,,,,
View,,11702,558000,,0100-1-170-0000-00-0-00-2-558000,OFFICE SUPPLIES,2560,1581.15,2660,369.37,2600,0,2600,390,2600,0,0,2600,0,0,0,2600,0,0,0,0,,,,,,,,,,,,,,,,,,,,,,,,,,,,,,,,,,,,,,,,,,,,,,
View,,11702,571000,,0100-1-170-0000-00-0-00-2-571000,UNIFORM ALLOWANCE REIMBURSEMEN,360,336,360,350,900,0,900,450,900,0,0,900,0,0,0,900,0,0,0,0,,,,,,,,,,,,,,,,,,,,,,,,,,,,,,,,,,,,,,,,,,,,,,
View,,11702,573000,,0100-1-170-0000-00-0-00-2-573000,MILEAGE REIMBURSEMENT,285,241.51,850,692.52,1350,0,1350,0,1350,0,0,1350,0,0,0,1350,0,0,0,0,,,,,,,,,,,,,,,,,,,,,,,,,,,,,,,,,,,,,,,,,,,,,,
View,,11702,573100,,0100-1-170-0000-00-0-00-2-573100,DUES/MEMBERSHIP,1066,325,1066,371,1150,0,1150,1021.9000000000001,1150,0,0,1150,0,0,0,1150,0,0,0,0,,,,,,,,,,,,,,,,,,,,,,,,,,,,,,,,,,,,,,,,,,,,,,
,,11702,573100,,,MEETINGS/SCHOOL,3409,1235.14,3409,2134,5050,0,5050,1475,3500,-1550,-0.3069306930693069,5050,1550,0,0,5050,1550,0,0,0,,,,,,,,,,,,,,,,,,,,,,,,,,,,,,,,,,,,,,,,,,,,,,
,,,,,,     TOTAL EXPENSE - LAND USE,13130,8573.48,15295,6073.34,15550,3993,19318,6657.4,16000,450,0.028938906752411574,17550,1550,2000,0.12861736334405144,17550,1550,0,2000,0.12861736334405144,,,,,,,,,,,,,,,,,,,,,,,,,,,,,,,,,,,,,,,,,,,,,,
,Gen. Gov.,,,,,TOTAL LAND USE,396180.54,294479.8,412169.18,311554.82000000007,440157.41,6513,446445.41,172942.38999999998,434500.05,-5657.359999999986,-0.012853038189224137,436050.05,1550,-4107.359999999986,-0.009331570721483448,436050.05,1550,0,-4107.359999999986,-0.009331570721483448,,,,,,,,,,,,,,,,,,,,,,,,,,,,,,,,,,,,,,,,,,,,,,
,,N/A,N/A,,,ECONOMIC DEVELOPMENT EXPENSES,0,0,0,0,0,,,,0,0,#DIV/0!,3100,3100,3100,1,3100,3100,0,3100,#DIV/0!,,,,,,,,,,,,,,,,,,,,,,,,,,,,,,,,,,,,,,,,,,,,,,
,,,,,,TOTAL ECONOMIC DEVELOPMENT,0,0,0,0,0,,,,3100,3100,#DIV/0!,3100,0,3100,1,3100,0,0,3100,#DIV/0!,,,,,,,,,,,,,,,,,,,,,,,,,,,,,,,,,,,,,,,,,,,,,,
View,,11782,531070,,0100-1-178-0000-00-0-00-2-531070,APDC EXPENSES,5000,40,5000,0,500,0,500,0,0,-500,-1,500,500,0,0,500,500,0,0,0,,,,,,,,,,,,,,,,,,,,,,,,,,,,,,,,,,,,,,,,,,,,,,
,Gen. Gov.,,,,,TOTAL APDC,5000,40,5000,0,500,0,500,0,0,-500,-1,500,500,0,0,500,500,0,0,0,,,,,,,,,,,,,,,,,,,,,,,,,,,,,,,,,,,,,,,,,,,,,,
View,,11922,521011,,0100-1-192-0000-00-0-00-2-521011,ELECTRICITY CHARGES,100000,91926.86,100000,95738.85999999999,100000,0,100000,34911.91,100000,0,0,100000,0,0,0,100000,0,0,0,0,,,,,,,,,,,,,,,,,,,,,,,,,,,,,,,,,,,,,,,,,,,,,,
View,,11922,521012,,0100-1-192-0000-00-0-00-2-521012,HEATING CHARGES/FUEL OIL,34861,38861,34861,33573.58,39000,0,39000,37000,39000,0,0,39000,0,0,0,39000,0,0,0,0,,,,,,,,,,,,,,,,,,,,,,,,,,,,,,,,,,,,,,,,,,,,,,
View,,11922,521013,,0100-1-192-0000-00-0-00-2-521013,RUBBISH REMOVAL CHARGES,17100,18521.41,18000,21758.76,19000,0,19000,9673.5,19000,0,0,19000,0,0,0,19000,0,0,0,0,,,,,,,,,,,,,,,,,,,,,,,,,,,,,,,,,,,,,,,,,,,,,,
View,,11922,521025,,0100-1-192-0000-00-0-00-2-521025,HEATING CHARGES/NATURAL GAS,37040,38319.07,37040,42198.7,38500,0,38500,38500,38500,0,0,38500,0,0,0,38500,0,0,0,0,,,,,,,,,,,,,,,,,,,,,,,,,,,,,,,,,,,,,,,,,,,,,,
View,,11922,523001,,0100-1-192-0000-00-0-00-2-523001,WATER CHARGES,6695,8095,6695,15563.22,14000,0,14000,13849.3,15000,1000,0.07142857142857142,15000,0,1000,0.07142857142857142,15000,0,0,1000,0.07142857142857142,,,,,,,,,,,,,,,,,,,,,,,,,,,,,,,,,,,,,,,,,,,,,,
View,,11922,523003,,0100-1-192-0000-00-0-00-2-523003,SEWER USEAGE FEE,9857.1,9857.1,9857.1,11621.31,9857.1,0,9857.1,12657.34,10000,142.89999999999964,0.01449716448042524,10000,0,142.89999999999964,0.01449716448042524,10000,0,0,142.89999999999964,0.01449716448042524,,,,,,,,,,,,,,,,,,,,,,,,,,,,,,,,,,,,,,,,,,,,,,
,,11922,541019,,,FUEL CHARGES,0,0,0,0,1000,0,1000,0,1000,0,0,1000,0,0,0,1000,0,0,0,0,,,,,,,,,,,,,,,,,,,,,,,,,,,,,,,,,,,,,,,,,,,,,,
,Facilities,,,,,     TOTAL EXPENSE - PUBLIC BUILDINGS,205553.1,205580.44,206453.1,220454.42999999996,221357.1,0,221357.1,146592.05,222500,1142.8999999999942,0.005163150402675108,222500,0,1142.8999999999942,0.005163150402675108,222500,0,0,1142.8999999999942,0.005163150402675108,,,,,,,,,,,,,,,,,,,,,,,,,,,,,,,,,,,,,,,,,,,,,,
View,,11931,511000,,0100-4-193-0000-00-0-00-1-511000,FACILITIES MANAGER,68701.98,68659.46,67284.13,67284.23,75466.22,0,75466.22,40692.66,70690.28,-4775.940000000002,-0.06328579859969138,70690.28,0,-4775.940000000002,-0.06328579859969138,70690.28,0,0,-4775.940000000002,-0.06328579859969138,,,,,,,,,,,,,,,,,,,,,,,,,,,,,,,,,,,,,,,,,,,,,,
View,,11931,511003,,0100-4-193-0000-00-0-00-1-511003,SALARIES FACILITIES STAFF,48576.74,48576.74,48576.74,49588.26,52512.99,0,52512.99,30884.05,52512.99,0,0,52512.99,0,0,0,52512.99,0,0,0,0,,,,,,,,,,,,,,,,,,,,,,,,,,,,,,,,,,,,,,,,,,,,,,
View,,11931,511013,,0100-4-193-0000-00-0-00-1-511013,SALARY FACILITIES DIRECTOR,100251.56,106440.64,103694.48,116164.56,119654.96,3570,123224.96,71872.64,125321.76,5666.799999999988,0.0473595077044862,125321.76,0,5666.799999999988,0.0473595077044862,125321.76,0,0,5666.799999999988,0.0473595077044862,,,,,,,,,,,,,,,,,,,,,,,,,,,,,,,,,,,,,,,,,,,,,,
View,,11931,513000,,0100-4-193-0000-00-0-00-1-513000,SALARIES OVERTIME,2082.53,2082.53,2082.53,0,2082.53,0,2082.53,0,2082.53,0,0,2082.53,0,0,0,2082.53,0,0,0,0,,,,,,,,,,,,,,,,,,,,,,,,,,,,,,,,,,,,,,,,,,,,,,
View,,11931,514002,,0100-4-193-0000-00-0-00-1-514002,LONGEVITY PAY,1350,1350,1350,0,1350,0,1350,1600,850,-500,-0.37037037037037035,850,0,-500,-0.37037037037037035,850,0,0,-500,-0.37037037037037035,,,,,,,,,,,,,,,,,,,,,,,,,,,,,,,,,,,,,,,,,,,,,,
View,,11931,519005,,0100-4-193-0000-00-0-00-1-519005,ON-CALL STIPEND,6500,6500,6500,6500,6500,0,6500,4000,6500,0,0,6500,0,0,0,6500,0,0,0,0,,,,,,,,,,,,,,,,,,,,,,,,,,,,,,,,,,,,,,,,,,,,,,
View,,11931,519010,,0100-4-193-0000-00-0-00-1-519010,CONTRACT EVALUATION STIPEND,1600,1600,1600,800,1600,0,1600,0,1600,0,0,1600,0,0,0,1600,0,0,0,0,,,,,,,,,,,,,,,,,,,,,,,,,,,,,,,,,,,,,,,,,,,,,,
,,,,,,     TOTAL PAYROLL - FACILITIES & GROUNDS,229062.81,235209.37000000002,231087.87999999998,240337.05,259166.69999999998,3570,262736.69999999995,149049.35,259557.55999999997,390.85999999998603,0.001508141285126469,259557.55999999997,0,390.85999999998603,0.001508141285126469,259557.55999999997,0,0,390.85999999998603,0.001508141285126469,,,,,,,,,,,,,,,,,,,,,,,,,,,,,,,,,,,,,,,,,,,,,,
View,,11932,523005,,0100-4-193-0000-00-0-00-2-523005,TOWN BETTERMENT COSTS,71209,71209,71209,69379,67547,0,67547,0,65717,-1830,-0.027092246879950255,65717,0,-1830,-0.027092246879950255,65717,0,0,-1830,-0.027092246879950255,,,,,,,,,,,,,,,,,,,,,,,,,,,,,,,,,,,,,,,,,,,,,,
View,,11932,531003,,0100-4-193-0000-00-0-00-2-531003,CONTRACTED SERVICES,240000,227635.86,90000,87530.25,90000,0,90000,61476.49,90000,0,0,90000,0,0,0,90000,0,0,0,0,,,,,,,,,,,,,,,,,,,,,,,,,,,,,,,,,,,,,,,,,,,,,,
View,,11932,531006,,0100-4-193-0000-00-0-00-2-531006,PURCHASE OF SERVICE,0,2500,150000,176607.28,150000,-5000,145000,28050.57,165000,15000,0.1,165000,0,15000,0.1,165000,0,0,15000,0.1,,,,,,,,,,,,,,,,,,,,,,,,,,,,,,,,,,,,,,,,,,,,,,
View,,11932,531041,,0100-4-193-0000-00-0-00-2-531041,CONTRACTUAL TEEN CTR EXPENSES,10000,27114.3,10000,12603.58,10000,5000,15000,14353.5,12000,2000,0.2,12000,0,2000,0.2,12000,0,0,2000,0.2,,,,,,,,,,,,,,,,,,,,,,,,,,,,,,,,,,,,,,,,,,,,,,
View,,11932,531042,,0100-4-193-0000-00-0-00-2-531042,CONTRACTED CLEANING SERVICES,86000,86000,86000,65782.44,80000,0,80000,80000,80000,0,0,80000,0,0,0,80000,0,0,0,0,,,,,,,,,,,,,,,,,,,,,,,,,,,,,,,,,,,,,,,,,,,,,,
View,,11932,531043,,0100-4-193-0000-00-0-00-2-531043,DEPARTMENT EXPENSES,5492,5492,5492,4507.55,5492,0,5492,4416.04,5500,8,0.0014566642388929353,5500,0,8,0.0014566642388929353,5500,0,0,8,0.0014566642388929353,,,,,,,,,,,,,,,,,,,,,,,,,,,,,,,,,,,,,,,,,,,,,,
,,11932,531079,,,TCP EXPENSES,0,0,0,0,27000,0,27000,26665.66,0,-27000,-1,0,0,-27000,-1,0,0,0,-27000,-1,,,,,,,,,,,,,,,,,,,,,,,,,,,,,,,,,,,,,,,,,,,,,,
View,,11932,541001,,0100-4-193-0000-00-0-00-2-541001,CUSTODIAL SUPPLIES,7166,8166,7166,9431.46,8200,0,8200,8200.060000000001,8200,0,0,8200,0,0,0,8200,0,0,0,0,,,,,,,,,,,,,,,,,,,,,,,,,,,,,,,,,,,,,,,,,,,,,,
View,,11932,541002,,0100-4-193-0000-00-0-00-2-541002,BUILDING MTC SUPPLIES,15856.5,12960.93,15856.5,27256.08,12000,0,12000,11753,18000,6000,0.5,18000,0,6000,0.5,18000,0,0,6000,0.5,,,,,,,,,,,,,,,,,,,,,,,,,,,,,,,,,,,,,,,,,,,,,,
View,,11932,558000,,0100-4-193-0000-00-0-00-2-558000,UNIFORM ALLOWANCE REIMBURSEMEN,2200,2200,2200,982.08,2200,0,2200,1650,2200,0,0,2200,0,0,0,2200,0,0,0,0,,,,,,,,,,,,,,,,,,,,,,,,,,,,,,,,,,,,,,,,,,,,,,
,,,,,,NEW LINE: VEHICLE ALLOWANCE,,,,,,,,,7500,7500,#DIV/0!,7500,0,7500,1,7500,0,0,7500,#DIV/0!,,,,,,,,,,,,,,,,,,,,,,,,,,,,,,,,,,,,,,,,,,,,,,
,,,,,,     TOTAL EXPENSE - FACILITIES & GROUNDS,437923.5,443278.08999999997,437923.5,454079.7200000001,452439,0,452439,236565.32,454117,1678,0.0037087872619292325,454117,0,1678,0.0037087872619292325,454117,0,0,1678,0.0037087872619292325,,,,,,,,,,,,,,,,,,,,,,,,,,,,,,,,,,,,,,,,,,,,,,
,Facilities,,,,,TOTAL FACILITIES & GROUNDS,666986.31,678487.46,669011.38,694416.77,711605.7,3570,715175.7,385614.67000000004,713674.5599999999,2068.859999999986,0.0029073122938728375,713674.5599999999,0,2068.859999999986,0.0029073122938728375,713674.5599999999,0,0,2068.859999999986,0.0029073122938728375,,,,,,,,,,,,,,,,,,,,,,,,,,,,,,,,,,,,,,,,,,,,,,
View,,11952,534200,,0100-1-195-0000-00-0-00-2-534200,PRINTING TOWN REPORTS,7000,12646.77,7000,14405.68,7000,0,7000,5952.53,16000,9000,1.2857142857142858,16000,0,9000,1.2857142857142858,16000,0,0,9000,1.2857142857142858,,,,,,,,,,,,,,,,,,,,,,,,,,,,,,,,,,,,,,,,,,,,,,
,Gen. Gov.,,,,,     TOTAL EXPENSE - TOWN REPORT,7000,12646.77,7000,14405.68,7000,0,7000,5952.53,16000,9000,1.2857142857142858,16000,0,9000,1.2857142857142858,16000,0,0,9000,1.2857142857142858,,,,,,,,,,,,,,,,,,,,,,,,,,,,,,,,,,,,,,,,,,,,,,
View,,11992,521001,,0100-1-199-0000-00-0-00-2-521001,OFFICE EQUIPMENT MTC,7500,5892.9,7500,3853.83,7500,0,7500,1603.55,6500,-1000,-0.13333333333333333,7500,1000,0,0,7500,1000,0,0,0,,,,,,,,,,,,,,,,,,,,,,,,,,,,,,,,,,,,,,,,,,,,,,
View,,11992,521007,,0100-1-199-0000-00-0-00-2-521007,EQUIPMENT MTC,3000,130,3000,0,7000,0,7000,1058.96,4000,-3000,-0.42857142857142855,7000,3000,0,0,7000,3000,0,0,0,,,,,,,,,,,,,,,,,,,,,,,,,,,,,,,,,,,,,,,,,,,,,,
View,,11992,531057,,0100-1-199-0000-00-0-00-2-531057,MANAGED PRINT SERVICES,26800,19240.16,26800,25564.75,27000,0,27000,25628.72,27000,0,0,27000,0,0,0,27000,0,0,0,0,,,,,,,,,,,,,,,,,,,,,,,,,,,,,,,,,,,,,,,,,,,,,,
View,,11992,534400,,0100-1-199-0000-00-0-00-2-534400,POSTAGE,33202,28143.55,41164.29,32606.260000000002,50000,0,50000,33029.26,50000,0,0,50000,0,0,0,50000,0,0,0,0,,,,,,,,,,,,,,,,,,,,,,,,,,,,,,,,,,,,,,,,,,,,,,
,Gen. Gov.,,,,,     TOTAL EXPENSE - CENTRAL PURCHASING,70502,53406.61,78464.29000000001,62024.840000000004,91500,0,91500,61320.490000000005,87500,-4000,-0.04371584699453552,91500,4000,0,0,91500,4000,0,0,0,,,,,,,,,,,,,,,,,,,,,,,,,,,,,,,,,,,,,,,,,,,,,,
View,,12101,511000,,0100-2-210-0000-00-0-00-1-511000,POLICE CHIEF SALARY,115005,122000,125050,137258.43,125050,19950,145000,85555.62,148625,23575,0.1885245901639344,148625,0,23575,0.1885245901639344,148625,0,0,23575,0.1885245901639344,,,,,,,,,,,,,,,,,,,,,,,,,,,,,,,,,,,,,,,,,,,,,,
View,,12101,511001,,0100-2-210-0000-00-0-00-1-511001,SALARIES ADMINISTRATIVE ASST,62878.4,66234.29,71681.04,58902.48,60927.84,1799,62726.84,36886.08,62726.67,1798.8300000000017,0.029523941764552985,62726.67,0,1798.8300000000017,0.029523941764552985,62726.67,0,0,1798.8300000000017,0.029523941764552985,,,,,,,,,,,,,,,,,,,,,,,,,,,,,,,,,,,,,,,,,,,,,,
View,,12101,511003,,0100-2-210-0000-00-0-00-1-511003,SALARIES CLERK,8873.28,17782.32,18362.08,19401.04,21185.92,644,21829.92,12470.4,0,-21185.92,-1,0,0,-21185.92,-1,22485,22485,22485,1299.0800000000017,0.061318082953206746,,,,,,,,,,,,,,,,,,,,,,,,,,,,,,,,,,,,,,,,,,,,,,
View,,12101,511004,,0100-2-210-0000-00-0-00-1-511004,POLICE SARGENTS SALARIES,335682.88,308892.8,345397.8,263450.4,345397.8,0,345397.8,150752.4,273771.42,-71626.38,-0.20737358489255,273771.42,0,-71626.38,-0.20737358489255,365028.56,91257.14000000001,91257.14000000001,19630.76000000001,0.056835220143266724,,,,,,,,,,,,,,,,,,,,,,,,,,,,,,,,,,,,,,,,,,,,,,
View,,12101,511005,,0100-2-210-0000-00-0-00-1-511005,POLICE LIEUTENANTS SALARIES,96508.67,96508.63,99301.94,87126.96,99301.94,0,99301.94,59276.82,104956.09,5654.149999999994,0.05693896816114563,104956.09,0,5654.149999999994,0.05693896816114563,104956.09,0,0,5654.149999999994,0.05693896816114563,,,,,,,,,,,,,,,,,,,,,,,,,,,,,,,,,,,,,,,,,,,,,,
View,,12101,511006,,0100-2-210-0000-00-0-00-1-511006,POLICE PATROLMAN SALARIES,903129.75,900013.35,938871.76,917897.91,940383.58,0,940383.58,556760.98,891887.37,-48496.20999999996,-0.05157066864140691,891887.37,0,-48496.20999999996,-0.05157066864140691,1034612.09,142724.71999999997,142724.71999999997,94228.51000000001,0.10020220684840117,,,,,,,,,,,,,,,,,,,,,,,,,,,,,,,,,,,,,,,,,,,,,,
View,,12101,511021,,0100-2-210-0000-00-0-00-1-511021,COURT OFFICERS STIPEND,3100,3100,3100,3100,3100,0,3100,3100,3100,0,0,3100,0,0,0,3100,0,0,0,0,,,,,,,,,,,,,,,,,,,,,,,,,,,,,,,,,,,,,,,,,,,,,,
View,,12101,511030,,0100-2-210-0000-00-0-00-1-511030,SALARY DETECTIVE/SERGEANT/PATR,78347.36,78347.36,80614.97,80615.07,80614.97,0,80614.97,48121.93,170393.48,89778.51000000001,1.1136704510340947,170393.48,0,89778.51000000001,1.1136704510340947,170393.48,0,0,89778.51000000001,1.1136704510340947,,,,,,,,,,,,,,,,,,,,,,,,,,,,,,,,,,,,,,,,,,,,,,
View,,12101,513000,,0100-2-210-0000-00-0-00-1-513000,OVERTIME POLICE DEPT,175470.77,150616.27,176849.31,204720.99,165000,0,165000,98047.64,160000,-5000,-0.030303030303030304,165000,5000,0,0,165000,5000,0,0,0,,,,,,,,,,,,,,,,,,,,,,,,,,,,,,,,,,,,,,,,,,,,,,
View,,12101,513004,,0100-2-210-0000-00-0-00-1-513004,COMMUNITY POLICING,12995.18,13916.43,13999.84,10822.98,14319.31,0,14319.31,8613.27,14748.89,429.5799999999999,0.030000048885037055,14748.89,0,429.5799999999999,0.030000048885037055,14748.89,0,0,429.5799999999999,0.030000048885037055,,,,,,,,,,,,,,,,,,,,,,,,,,,,,,,,,,,,,,,,,,,,,,
View,,12101,513006,,0100-2-210-0000-00-0-00-1-513006,K9 CARE OVERTIME,19095.09,18782.88,19095.1,19571.3,39144.94,0,39144.94,23327.08,40319.29,1174.3499999999985,0.030000045982954592,40319.29,0,1174.3499999999985,0.030000045982954592,40319.29,0,0,1174.3499999999985,0.030000045982954592,,,,,,,,,,,,,,,,,,,,,,,,,,,,,,,,,,,,,,,,,,,,,,
View,,12101,514000,,0100-2-210-0000-00-0-00-1-514000,POLICE SHIFT DIFFERENTIAL,31848.02,28265.92,33169.16,29425.91,31019.51,0,31019.51,16331.28,31950.1,930.5900000000001,0.030000151517544933,31950.1,0,930.5900000000001,0.030000151517544933,31950.1,0,0,930.5900000000001,0.030000151517544933,,,,,,,,,,,,,,,,,,,,,,,,,,,,,,,,,,,,,,,,,,,,,,
View,,12101,514001,,0100-2-210-0000-00-0-00-1-514001,POLICE HOLIDAY PAY,54993.64,45983.41,56705.45,31987.58,54846.95,0,54846.95,14597.53,48150.42,-6696.529999999999,-0.122094847571287,48150.42,0,-6696.529999999999,-0.122094847571287,58593.6,10443.18,10443.18,3746.6500000000015,0.06831099997356282,,,,,,,,,,,,,,,,,,,,,,,,,,,,,,,,,,,,,,,,,,,,,,
View,,12101,514002,,0100-2-210-0000-00-0-00-1-514002,POLICE LONGEVITY PAY,15552.28,11730,11730,9600,10717.47,0,10717.47,5760,6400,-4317.469999999999,-0.4028441413878462,6400,0,-4317.469999999999,-0.4028441413878462,6400,0,0,-4317.469999999999,-0.4028441413878462,,,,,,,,,,,,,,,,,,,,,,,,,,,,,,,,,,,,,,,,,,,,,,
View,,12101,514003,,0100-2-210-0000-00-0-00-1-514003,POLICE COURT TIME,15800,10262.09,12626.64,3630.59,12626.71,0,12626.71,3752.58,10000,-2626.709999999999,-0.2080280611497373,10000,0,-2626.709999999999,-0.2080280611497373,13005.51,3005.51,3005.51,378.8000000000011,0.029999897043648038,,,,,,,,,,,,,,,,,,,,,,,,,,,,,,,,,,,,,,,,,,,,,,
View,,12101,514004,,0100-2-210-0000-00-0-00-1-514004,INVESTIGATIVE FIELD SERVICES,36695.72,38755.23,37879.91,35181.51,37880.12,0,37880.12,19206.05,39016.52,1136.3999999999942,0.029999904963342094,39016.52,0,1136.3999999999942,0.029999904963342094,39016.52,0,0,1136.3999999999942,0.029999904963342094,,,,,,,,,,,,,,,,,,,,,,,,,,,,,,,,,,,,,,,,,,,,,,
View,,12101,514005,,0100-2-210-0000-00-0-00-1-514005,FIELD TRNG OFFICER DIFFERENTIA,600,488,600,168,600,0,600,882,618,18,0.03,618,0,18,0.03,618,0,0,18,0.03,,,,,,,,,,,,,,,,,,,,,,,,,,,,,,,,,,,,,,,,,,,,,,
View,,12101,514006,,0100-2-210-0000-00-0-00-1-514006,OFFICER IN CHARGE DIFFERENTIAL,1440,1266,1440,5254,2000,0,2000,3752,4500,2500,1.25,4500,0,2500,1.25,4500,0,0,2500,1.25,,,,,,,,,,,,,,,,,,,,,,,,,,,,,,,,,,,,,,,,,,,,,,
,,12101,515001,,,VACATION BUYOUT,0,0,0,0,0,6766,6766,0,0,0,#DIV/0!,0,0,0,0,0,0,0,0,#DIV/0!,,,,,,,,,,,,,,,,,,,,,,,,,,,,,,,,,,,,,,,,,,,,,,
View,,12101,517000,,0100-2-210-0000-00-0-00-1-517000,RETIREMENTS,0,0,0,0,0,0,0,0,0,0,#DIV/0!,0,0,0,0,0,0,0,0,#DIV/0!,,,,,,,,,,,,,,,,,,,,,,,,,,,,,,,,,,,,,,,,,,,,,,
View,,12101,519001,,0100-2-210-0000-00-0-00-1-519001,POLICE UNIFORM ALLOWANCE,31000,31000,31000,30225,31000,0,31000,29450,29450,-1550,-0.05,31000,1550,0,0,31000,1550,0,0,0,,,,,,,,,,,,,,,,,,,,,,,,,,,,,,,,,,,,,,,,,,,,,,
View,,12101,519002,,0100-2-210-0000-00-0-00-1-519002,POLICE EDUCATIONAL INCENTIVE,122651.37,117250.87,141685.19,114357.19,142205.19,35109,177314.19,175096.22,216000,73794.81,0.5189319039621549,216000,0,73794.81,0.5189319039621549,246386.04,30386.040000000008,30386.040000000008,104180.85,0.7326093372541467,,,,,,,,,,,,,,,,,,,,,,,,,,,,,,,,,,,,,,,,,,,,,,
View,,12101,519003,,0100-2-210-0000-00-0-00-1-519003,POLICE TRAINING FIREARMS QUALI,16309.21,18185.27,16835.52,10606.47,13179.82,0,13179.82,2489.34,13575.21,395.3899999999994,0.029999650981576337,13575.21,0,395.3899999999994,0.029999650981576337,13575.21,0,0,395.3899999999994,0.029999650981576337,,,,,,,,,,,,,,,,,,,,,,,,,,,,,,,,,,,,,,,,,,,,,,
View,,12101,519009,,0100-2-210-0000-00-0-00-1-519009,IN-SERV/SPECIALIZED TRAINING,71352.79,58584.81,73655.38,67898.75,70000,0,70000,35642.91,60000,-10000,-0.14285714285714285,70000,10000,0,0,70000,10000,0,0,0,,,,,,,,,,,,,,,,,,,,,,,,,,,,,,,,,,,,,,,,,,,,,,
View,,12101,519020,,0100-2-210-0000-00-0-00-1-519020,POLICE LESS LETHAL TRAINING,8154.6,3534.51,8417.76,3726.86,8417.8,0,8417.8,2089.6,7000,-1417.7999999999993,-0.16842880562617304,7000,0,-1417.7999999999993,-0.16842880562617304,8670.33,1670.33,1670.33,252.53000000000065,0.029999524816460437,,,,,,,,,,,,,,,,,,,,,,,,,,,,,,,,,,,,,,,,,,,,,,
View,,12101,519021,,0100-2-210-0000-00-0-00-1-519021,SCHOOL RESOURCE STIPEND,2000,2000,4000,3400,6800,0,6800,6800,3400,-3400,-0.5,3400,0,-3400,-0.5,6800,3400,3400,0,0,,,,,,,,,,,,,,,,,,,,,,,,,,,,,,,,,,,,,,,,,,,,,,
View,,12101,519022,,0100-2-210-0000-00-0-00-1-519022,TRAFFIC OFFICER STIPEND,2000,2000,2000,2000,2000,0,2000,4000,2000,0,0,2000,0,0,0,2000,0,0,0,0,,,,,,,,,,,,,,,,,,,,,,,,,,,,,,,,,,,,,,,,,,,,,,
,,12101,519025,ACCREDITATION MANAGER STIPEND,,ACCREDIDATION MANAGER STIPEND,0,0,0,0,0,3400,3400,3400,3400,3400,#DIV/0!,3400,0,3400,1,3400,0,0,3400,#DIV/0!,,,,,,,,,,,,,,,,,,,,,,,,,,,,,,,,,,,,,,,,,,,,,,
,,12101,519026,TRANSLATOR STIPEND,,TRANSLATOR STIPEND,0,0,0,0,0,2000,2000,0,2000,2000,#DIV/0!,2000,0,2000,1,2000,0,0,2000,#DIV/0!,,,,,,,,,,,,,,,,,,,,,,,,,,,,,,,,,,,,,,,,,,,,,,
,,12101,519027,PUBLIC INFORMATION OFFICER STIPEND,,PUBLIC INFORMATION OFFICER STIPEND,0,0,0,0,0,2000,2000,2000,2000,2000,#DIV/0!,2000,0,2000,1,2000,0,0,2000,#DIV/0!,,,,,,,,,,,,,,,,,,,,,,,,,,,,,,,,,,,,,,,,,,,,,,
,,,,,,     TOTAL PAYROLL - POLICE,2221484.0100000002,2145500.44,2324068.8499999996,2150329.4200000004,2317719.8699999996,71668,2389387.8699999996,1408161.7300000004,2349988.46,32268.590000000317,0.013922558294329297,2366538.46,16550,48818.59000000032,0.021063196908261535,2671910.38,321921.9199999999,305371.9199999999,354190.51000000024,0.15281851555252893,,,,,,,,,,,,,,,,,,,,,,,,,,,,,,,,,,,,,,,,,,,,,,
View,,12102,521007,,0100-2-210-0000-00-0-00-2-521007,EQUIPMENT MTC,12700,8626.31,12700,13864.58,12700,0,12700,12438.05,12700,0,0,12700,0,0,0,12700,0,0,0,0,,,,,,,,,,,,,,,,,,,,,,,,,,,,,,,,,,,,,,,,,,,,,,
View,,12102,531058,,0100-2-210-0000-00-0-00-2-531058,DETAIL SOFTWARE ANNUAL FEE,4080,4560,4800,4440,4800,0,4800,4400,4800,0,0,4800,0,0,0,4800,0,0,0,0,,,,,,,,,,,,,,,,,,,,,,,,,,,,,,,,,,,,,,,,,,,,,,
View,,12102,534200,,0100-2-210-0000-00-0-00-2-534200,PRINTING-POLICE,3500,4109.03,3500,1081.69,3500,0,3500,2139.6,3500,0,0,3500,0,0,0,3500,0,0,0,0,,,,,,,,,,,,,,,,,,,,,,,,,,,,,,,,,,,,,,,,,,,,,,
View,,12102,540000,,0100-2-210-0000-00-0-00-2-540000,OFFICE SUPPLIES-POLICE ADMIN,5600,7194.03,5600,6645.55,5600,0,5600,4182.84,5600,0,0,5600,0,0,0,5600,0,0,0,0,,,,,,,,,,,,,,,,,,,,,,,,,,,,,,,,,,,,,,,,,,,,,,
View,,12102,551001,,0100-2-210-0000-00-0-00-2-551001,SUPPLIES FIREARMS QUALIFICATIO,15000,25115.75,18000,11106.27,21600,0,21600,2978.38,19100,-2500,-0.11574074074074074,19100,0,-2500,-0.11574074074074074,22248,3148,3148,648,0.03,,,,,,,,,,,,,,,,,,,,,,,,,,,,,,,,,,,,,,,,,,,,,,
View,,12102,551002,,0100-2-210-0000-00-0-00-2-551002,BADGES,1050,1063.24,1050,947.23,1050,0,1050,776.58,1050,0,0,1050,0,0,0,1050,0,0,0,0,,,,,,,,,,,,,,,,,,,,,,,,,,,,,,,,,,,,,,,,,,,,,,
,,12102,tbd,,,OFFICER BODY ARMOR,0,0,0,0,0,0,0,0,6000,6000,1,6000,0,6000,1,6000,0,0,6000,#DIV/0!,,,,,,,,,,,,,,,,,,,,,,,,,,,,,,,,,,,,,,,,,,,,,,
,,12102,tbd,,,BUILDING/DEPT SOFTWARE,0,0,5000,5000,0,0,0,0,1350,1350,1,1350,0,1350,1,1350,0,0,1350,#DIV/0!,,,,,,,,,,,,,,,,,,,,,,,,,,,,,,,,,,,,,,,,,,,,,,
View,,12102,555060,,0100-2-210-0000-00-0-00-2-555060,MOTORCYCLE LEASE,5000,5000,0,0,0,0,0,0,0,0,0,0,0,0,0,0,0,0,0,#DIV/0!,,,,,,,,,,,,,,,,,,,,,,,,,,,,,,,,,,,,,,,,,,,,,,
View,,12102,558700,,0100-2-210-0000-00-0-00-2-558700,K-9 EXPENSES,8000,10782.79,8000,8812.73,8987.6,0,8987.6,6494.82,9250,262.39999999999964,0.0291957808536205,9250,0,262.39999999999964,0.0291957808536205,9250,0,0,262.39999999999964,0.0291957808536205,,,,,,,,,,,,,,,,,,,,,,,,,,,,,,,,,,,,,,,,,,,,,,
View,,12102,573000,,0100-2-210-0000-00-0-00-2-573000,DUES/MEMBERSHIP-POLICE,6000,4850,6300,5619.52,6615,0,6615,4679,5900,-715,-0.10808767951625095,5900,0,-715,-0.10808767951625095,5900,0,0,-715,-0.10808767951625095,,,,,,,,,,,,,,,,,,,,,,,,,,,,,,,,,,,,,,,,,,,,,,
View,,12102,573200,,0100-2-210-0000-00-0-00-2-573200,TRAINING COURSE FEES,23600,26727.31,23600,18474.37,23600,0,23600,19273.93,23600,0,0,23600,0,0,0,23600,0,0,0,0,,,,,,,,,,,,,,,,,,,,,,,,,,,,,,,,,,,,,,,,,,,,,,
,,,,,,     TOTAL EXPENSE - POLICE,84530,98028.45999999999,88550,75991.94,88452.6,0,88452.6,57363.200000000004,92850,4397.399999999994,0.049714762482956906,92850,0,4397.399999999994,0.049714762482956906,95998,3148,3148,7545.399999999994,0.08530444554484541,,,,,,,,,,,,,,,,,,,,,,,,,,,,,,,,,,,,,,,,,,,,,,
,Public Safety,,,,,TOTAL POLICE,2306014.0100000002,2243528.9,2412618.8499999996,2226321.3600000003,2406172.4699999997,71668,2477840.4699999997,1465524.9300000004,2442838.46,36665.99000000022,0.015238305008119483,2459388.46,16550,53215.99000000022,0.022116448701617896,2767908.38,325069.9199999999,308519.9199999999,361735.91000000015,0.15033665063917892,,,,,,,,,,,,,,,,,,,,,,,,,,,,,,,,,,,,,,,,,,,,,,
View,,12131,511014,,0100-2-213-0000-00-0-00-1-511014,PAYROLL LOCK-UP,20000,7269.33,15000,16155.17,15000,0,15000,10881.44,15000,0,0,15000,0,0,0,15000,0,0,0,0,,,,,,,,,,,,,,,,,,,,,,,,,,,,,,,,,,,,,,,,,,,,,,
,,,,,,     TOTAL  PAYROLL - LOCK UP,20000,7269.33,15000,16155.17,15000,0,15000,10881.44,15000,0,0,15000,0,0,0,15000,0,0,0,0,,,,,,,,,,,,,,,,,,,,,,,,,,,,,,,,,,,,,,,,,,,,,,
View,,12132,531006,,0100-2-213-0000-00-0-00-2-531006,PURCHASE OF SERVICE,2800,1918.03,2800,678.77,2800,0,2800,1500,2800,0,0,2800,0,0,0,2800,0,0,0,0,,,,,,,,,,,,,,,,,,,,,,,,,,,,,,,,,,,,,,,,,,,,,,
View,,12132,540000,,0100-2-213-0000-00-0-00-2-540000,SUPPLIES-LOCK UP,2800,1962.77,2800,1098.08,2800,0,2800,297,2800,0,0,2800,0,0,0,2800,0,0,0,0,,,,,,,,,,,,,,,,,,,,,,,,,,,,,,,,,,,,,,,,,,,,,,
,,,,,,     TOTAL EXPENSE - LOCK UP,5600,3880.8,5600,1776.85,5600,0,5600,1797,5600,0,0,5600,0,0,0,5600,0,0,0,0,,,,,,,,,,,,,,,,,,,,,,,,,,,,,,,,,,,,,,,,,,,,,,
,Public Safety,,,,,TOTAL POLICE LOCK UP,25600,11150.130000000001,20600,17932.02,20600,0,20600,12678.44,20600,0,0,20600,0,,,20600,0,0,0,0,,,,,,,,,,,,,,,,,,,,,,,,,,,,,,,,,,,,,,,,,,,,,,
View,,12141,515000,,0100-2-214-0000-00-0-00-1-515000,POLICE/FIRE INJURY LEAVE,4000,445.12,4000,0,4000,0,4000,528.33,4000,0,0,4000,0,0,0,4000,0,0,0,0,,,,,,,,,,,,,,,,,,,,,,,,,,,,,,,,,,,,,,,,,,,,,,
,Public Safety,,,,,     TOTAL EXPENSE - POLICE/FIRE INJURY,4000,445.12,4000,0,4000,0,4000,528.33,4000,0,0,4000,0,0,0,4000,0,0,0,0,,,,,,,,,,,,,,,,,,,,,,,,,,,,,,,,,,,,,,,,,,,,,,
View,,12201,511000,,0100-2-220-0000-00-0-00-1-511000,FIRE CHIEF SALARY,106446,107946,106446,114036,116758,0,116758,68891.75,118139,1381,0.01182788331420545,118139,0,1381,0.01182788331420545,118139,0,0,1381,0.01182788331420545,,,,,,,,,,,,,,,,,,,,,,,,,,,,,,,,,,,,,,,,,,,,,,
View,,12201,511001,,0100-2-220-0000-00-0-00-1-511001,FIRE DEPT CLERICAL SALARIES,64489.66,68411.2,64707.12,72495.36,72495.36,2174,74669.36,44056.32,74666.87999999999,2171.5199999999895,0.0299539170506911,74666.87999999999,0,2171.5199999999895,0.0299539170506911,74666.87999999999,0,0,2171.5199999999895,0.0299539170506911,,,,,,,,,,,,,,,,,,,,,,,,,,,,,,,,,,,,,,,,,,,,,,
View,,12201,511007,,0100-2-220-0000-00-0-00-1-511007,CAREER FIREFIGHTERS SALARIES,708455.42,708740.09,735398.9,736711.57,760304.69,0,760304.69,450028.69,981393.04,221088.3500000001,0.290789144020669,981393.04,0,221088.3500000001,0.290789144020669,981393.04,0,0,221088.3500000001,0.290789144020669,,,,,,,,,,,,,,,,,,,,,,,,,,,,,,,,,,,,,,,,,,,,,,
View,,12201,511008,,0100-2-220-0000-00-0-00-1-511008,AMBULANCE DIRECTOR SALARY,1500,1500,2500,2500,2500,0,2500,2500,2500,0,0,2500,0,0,0,2500,0,0,0,0,,,,,,,,,,,,,,,,,,,,,,,,,,,,,,,,,,,,,,,,,,,,,,
View,,12201,511010,,0100-2-220-0000-00-0-00-1-511010,FIREFIGHTERS SALARIES,200659.92,203210.43,200659.92,236737.84,291070.34,0,291070.34,120666.25,225000,-66070.34000000003,-0.2269909740717657,291070.34,66070.34000000003,0,0,291070.34,66070.34000000003,0,0,0,,,,,,,,,,,,,,,,,,,,,,,,,,,,,,,,,,,,,,,,,,,,,,
View,,12201,511011,,0100-2-220-0000-00-0-00-1-511011,EMT'S SALARIES,70469.7,34385.04,70469.7,36640.48,0,0,0,0,0,0,#DIV/0!,0,0,0,0,0,0,0,0,#DIV/0!,,,,,,,,,,,,,,,,,,,,,,,,,,,,,,,,,,,,,,,,,,,,,,
View,,12201,511031,,0100-2-220-0000-00-0-00-1-511031,OUT OF GRADE PAY,5000,1309,5000,1529,5000,0,5000,766,3000,-2000,-0.4,5000,2000,0,0,5000,2000,0,0,0,,,,,,,,,,,,,,,,,,,,,,,,,,,,,,,,,,,,,,,,,,,,,,
View,,12201,513000,,0100-2-220-0000-00-0-00-1-513000,DAYMEN OVERTIME,171113.85,185777.27,171113.85,201481.03,175291.7,0,175291.7,126246.1,255677.72,80386.01999999999,0.45858429121287536,255677.72,0,80386.01999999999,0.45858429121287536,255677.72,0,0,80386.01999999999,0.45858429121287536,,,,,,,,,,,,,,,,,,,,,,,,,,,,,,,,,,,,,,,,,,,,,,
View,,12201,514001,,0100-2-220-0000-00-0-00-1-514001,HOLIDAY PAY,43545.26,44186.72,45793.8,45902.8,47247.31,0,47247.31,32777.71,69572.64,22325.33,0.47252065778982977,69572.64,0,22325.33,0.47252065778982977,69572.64,0,0,22325.33,0.47252065778982977,,,,,,,,,,,,,,,,,,,,,,,,,,,,,,,,,,,,,,,,,,,,,,
View,,12201,514002,,0100-2-220-0000-00-0-00-1-514002,LONGEVITY PAY,12451.96,9390.28,9297.68,10772.38,9492.38,0,9492.38,12746.67,9546.672,54.29200000000128,0.0057195350375776445,9546.672,0,54.29200000000128,0.0057195350375776445,9546.672,0,0,54.29200000000128,0.0057195350375776445,,,,,,,,,,,,,,,,,,,,,,,,,,,,,,,,,,,,,,,,,,,,,,
View,,12201,519001,,0100-2-220-0000-00-0-00-1-519001,DAYMEN UNIFORM ALLOWANCE,9900,9900,9900,9900,9900,0,9900,9900,13200,3300,0.3333333333333333,13200,0,3300,0.3333333333333333,13200,0,0,3300,0.3333333333333333,,,,,,,,,,,,,,,,,,,,,,,,,,,,,,,,,,,,,,,,,,,,,,
View,,12201,519002,,0100-2-220-0000-00-0-00-1-519002,EDUCATIONAL INCENTIVE F.F.,5000,5000,5000,5000,5000,0,5000,5000,10000,5000,1,10000,0,5000,1,10000,0,0,5000,1,,,,,,,,,,,,,,,,,,,,,,,,,,,,,,,,,,,,,,,,,,,,,,
View,,12201,519003,,0100-2-220-0000-00-0-00-1-519003,TRAINING FIREFIGHTERS,50473.13,25901.33,50473.13,10870.43,50473.13,0,50473.13,7050.27,25000,-25473.129999999997,-0.5046869492738016,50473.13,25473.129999999997,0,0,50473.13,25473.129999999997,0,0,0,,,,,,,,,,,,,,,,,,,,,,,,,,,,,,,,,,,,,,,,,,,,,,
View,,12201,519004,,0100-2-220-0000-00-0-00-1-519004,EMT BASIC/INTERMEDIATE STIPEND,10500,6500,10500,5500,10500,0,10500,3000,10500,0,0,10500,0,0,0,10500,0,0,0,0,,,,,,,,,,,,,,,,,,,,,,,,,,,,,,,,,,,,,,,,,,,,,,
View,,12201,519005,,0100-2-220-0000-00-0-00-1-519005,WEEKEND ON CALL STIPEND,5200,5050,5200,5200,5200,0,5200,2950,0,-5200,-1,0,0,-5200,-1,0,0,0,-5200,-1,,,,,,,,,,,,,,,,,,,,,,,,,,,,,,,,,,,,,,,,,,,,,,
View,,12201,519011,,0100-2-220-0000-00-0-00-1-519011,CELL PHONE STIPEND,720,720,720,720,720,0,720,480,720,0,0,720,0,0,0,720,0,0,0,0,,,,,,,,,,,,,,,,,,,,,,,,,,,,,,,,,,,,,,,,,,,,,,
View,,12201,519017,,0100-2-220-0000-00-0-00-1-519017,TRAINING OFFICER STIPEND,1500,1500,1500,1500,1500,0,1500,150,1500,0,0,1500,0,0,0,1500,0,0,0,0,,,,,,,,,,,,,,,,,,,,,,,,,,,,,,,,,,,,,,,,,,,,,,
View,,12201,519018,,0100-2-220-0000-00-0-00-1-519018,ALS STIPEND,1500,2500,2500,2500,2500,0,2500,2500,2500,0,0,2500,0,0,0,2500,0,0,0,0,,,,,,,,,,,,,,,,,,,,,,,,,,,,,,,,,,,,,,,,,,,,,,
View,,12201,519019,,0100-2-220-0000-00-0-00-1-519019,FIRE PREVENTION OFC STIPEND,3000,3000,3000,3000,3000,0,3000,3000,3000,0,0,3000,0,0,0,3000,0,0,0,0,,,,,,,,,,,,,,,,,,,,,,,,,,,,,,,,,,,,,,,,,,,,,,
View,,12201,519023,,0100-2-220-0000-00-0-00-1-519023,SAFE COORDINATOR STIPEND,1000,1000,1000,1000,1000,0,1000,1000,1000,0,0,1000,0,0,0,1000,0,0,0,0,,,,,,,,,,,,,,,,,,,,,,,,,,,,,,,,,,,,,,,,,,,,,,
,,,,,,CERTIFICATION STIPENDS,0,0,0,0,0,0,0,0,7200,7200,#DIV/0!,7200,0,7200,1,7200,0,0,7200,#DIV/0!,,,,,,,,,,,,,,,,,,,,,,,,,,,,,,,,,,,,,,,,,,,,,,
,,,,,,      TOTAL SALARY - FIRE DEPARTMENT 42 HR WK,1472924.9,1425927.36,1501180.0999999999,1503996.89,1569952.9099999997,2174,1572126.9099999997,893709.76,1814115.9519999998,244163.04200000013,0.15552252583168255,1907659.4219999998,93543.46999999997,337706.5120000001,0.2151061409861014,1907659.4219999998,93543.46999999997,0,337706.5120000001,0.2151061409861014,,,,,,,,,,,,,,,,,,,,,,,,,,,,,,,,,,,,,,,,,,,,,,
View,,12202,521004,,0100-2-220-0000-00-0-00-2-521004,BLDG REPAIRS & MTC,1500,1642.88,1500,4997.64,1500,0,1500,1500,1500,0,0,1500,0,0,0,1500,0,0,0,0,,,,,,,,,,,,,,,,,,,,,,,,,,,,,,,,,,,,,,,,,,,,,,
View,,12202,521008,,0100-2-220-0000-00-0-00-2-521008,EQUIPMENT MTC - EMS (combined with EMS supplies- formerly 12202-541004),32000,41970.31,39000,35880.450000000004,34000,8000,42000,36863.39,45000,11000,0.3235294117647059,46000,1000,12000,0.35294117647058826,46000,1000,0,12000,0.35294117647058826,,,,,,,,,,,,,,,,,,,,,,,,,,,,,,,,,,,,,,,,,,,,,,
View,,12202,521009,,0100-2-220-0000-00-0-00-2-521009,EQUIPMENT MTC - FIREFIGHTERS,10170,10387.49,10170,9833.91,10170,0,10170,9084.47,10170,0,0,10170,0,0,0,10170,0,0,0,0,,,,,,,,,,,,,,,,,,,,,,,,,,,,,,,,,,,,,,,,,,,,,,
View,,12202,531022,,0100-2-220-0000-00-0-00-2-531022,OUTSIDE TRAINING - EMS,21000,9286.81,21000,10265.5,21000,-4000,17000,11742,15000,-6000,-0.2857142857142857,21000,6000,0,0,21000,6000,0,0,0,,,,,,,,,,,,,,,,,,,,,,,,,,,,,,,,,,,,,,,,,,,,,,
View,,12202,531023,,0100-2-220-0000-00-0-00-2-531023,RECERTIFICATION - EMS,3150,1531.94,3150,1688.61,3150,0,3150,2400,2000,-1150,-0.36507936507936506,3150,1150,0,0,3150,1150,0,0,0,,,,,,,,,,,,,,,,,,,,,,,,,,,,,,,,,,,,,,,,,,,,,,
View,,12202,531024,,0100-2-220-0000-00-0-00-2-531024,FEES/LICENSES EMS,15400,12786.53,15400,14145.59,15400,-4000,11400,9952.65,15400,0,0,15400,0,0,0,15400,0,0,0,0,,,,,,,,,,,,,,,,,,,,,,,,,,,,,,,,,,,,,,,,,,,,,,
View,,12202,531071,,0100-2-220-0000-00-0-00-2-531071,FIRE IT SOFTWARE,9000,0,10000,256.62,11000,0,11000,2261.57,11000,0,0,11000,0,0,0,11000,0,0,0,0,,,,,,,,,,,,,,,,,,,,,,,,,,,,,,,,,,,,,,,,,,,,,,
View,,12202,540000,,0100-2-220-0000-00-0-00-2-540000,OFFICE SUPPLIES,2500,1465.55,2500,2459.63,2500,0,2500,2261.57,2500,0,0,2500,0,0,0,2500,0,0,0,0,,,,,,,,,,,,,,,,,,,,,,,,,,,,,,,,,,,,,,,,,,,,,,
View,,12202,541003,,0100-2-220-0000-00-0-00-2-541003,FIREFIGHTING/TRAINING SUPPLIES,7000,5336.94,7000,3856.38,7000,0,7000,4210,5000,-2000,-0.2857142857142857,7000,2000,0,0,7000,2000,0,0,0,,,,,,,,,,,,,,,,,,,,,,,,,,,,,,,,,,,,,,,,,,,,,,
View,,12202,541004,,0100-2-220-0000-00-0-00-2-541004,EMS SUPPLIES,0,0,0,0,0,0,0,0,0,0,#DIV/0!,0,0,0,0,0,0,0,0,#DIV/0!,,,,,,,,,,,,,,,,,,,,,,,,,,,,,,,,,,,,,,,,,,,,,,
View,,12202,541006,,0100-2-220-0000-00-0-00-2-541006,FOOD AT FIRES,350,0,350,587.67,350,0,350,345.04,350,0,0,350,0,0,0,350,0,0,0,0,,,,,,,,,,,,,,,,,,,,,,,,,,,,,,,,,,,,,,,,,,,,,,
View,,12202,573000,,0100-2-220-0000-00-0-00-2-573000,DUES/MEMBERSHIP,2000,1857.96,2000,1757.92,2000,0,2000,1974.94,2000,0,0,2000,0,0,0,2000,0,0,0,0,,,,,,,,,,,,,,,,,,,,,,,,,,,,,,,,,,,,,,,,,,,,,,
View,,12202,573001,,0100-2-220-0000-00-0-00-2-573001,MEETINGS/SCHOOL FIREFIGHTERS,6565,3638.12,6565,2493.1,6565,0,6565,4067,4000,-2565,-0.3907083015993907,6565,2565,0,0,6565,2565,0,0,0,,,,,,,,,,,,,,,,,,,,,,,,,,,,,,,,,,,,,,,,,,,,,,
View,,12202,573100,,0100-2-220-0000-00-0-00-2-573100,MEETINGS/SCHOOL,1400,675,1400,675,1400,0,1400,950,800,-600,-0.42857142857142855,1400,600,0,0,1400,600,0,0,0,,,,,,,,,,,,,,,,,,,,,,,,,,,,,,,,,,,,,,,,,,,,,,
,,,,,,     TOTAL EXPENSE - FIRE DEPARTMENT,112035,90579.53,120035,88898.02,116035,0,116035,87612.63,114720,-1315,-0.011332787521006592,128035,13315,12000,0.10341707243504115,128035,13315,0,12000,0.10341707243504115,,,,,,,,,,,,,,,,,,,,,,,,,,,,,,,,,,,,,,,,,,,,,,
View,,12202,582001,,0100-2-220-0000-00-0-00-2-582001,CAPITAL PROTECTIVE EQUIPMENT,20000,17858.73,20000,15260.63,20000,0,20000,12500,18000,-2000,-0.1,20000,2000,0,0,20000,2000,0,0,0,,,,,,,,,,,,,,,,,,,,,,,,,,,,,,,,,,,,,,,,,,,,,,
View,,12202,582002,,0100-2-220-0000-00-0-00-2-582002,CAPITAL REPLACEMENT EQUIPMENT,10000,8286.48,10000,9011.34,11600,0,11600,10660.27,11600,0,0,15000,3400,3400,0.29310344827586204,15000,3400,0,3400,0.29310344827586204,,,,,,,,,,,,,,,,,,,,,,,,,,,,,,,,,,,,,,,,,,,,,,
,,,,,,     TOTAL CAPITAL - FIRE DEPARTMENT,30000,26145.21,30000,24271.97,31600,0,31600,23160.27,29600,-2000,-0.06329113924050633,35000,5400,3400,0.10759493670886076,35000,5400,0,3400,0.10759493670886076,,,,,,,,,,,,,,,,,,,,,,,,,,,,,,,,,,,,,,,,,,,,,,
,Public Safety,,,,,TOTAL FIRE DEPARTMENT,1614959.9,1542652.1,1651215.0999999999,1617166.88,1717587.9099999997,2174,1719761.9099999997,1004482.66,1958435.9519999998,240848.04200000013,0.14022457924730047,2070694.4219999998,112258.46999999997,353106.5120000001,0.20558278848155154,2070694.4219999998,112258.46999999997,0,353106.5120000001,0.20558278848155154,,,,,,,,,,,,,,,,,,,,,,,,,,,,,,,,,,,,,,,,,,,,,,
View,,12232,523002,,0100-2-223-0000-00-0-00-2-523002,HYDRANT EXPENSE,17000,30000,17000,17000,17000,0,17000,17000,17000,0,0,17000,0,0,0,17000,0,0,0,0,,,,,,,,,,,,,,,,,,,,,,,,,,,,,,,,,,,,,,,,,,,,,,
,Public Safety,,,,,     TOTAL EXPENSE - FIRE HYDRANT,17000,30000,17000,17000,17000,0,17000,17000,17000,0,0,17000,0,0,0,17000,0,0,0,0,,,,,,,,,,,,,,,,,,,,,,,,,,,,,,,,,,,,,,,,,,,,,,
View,,12272,521007,,0100-2-227-0000-00-0-00-2-521007,EQUIPMENT MTC,10000,6964.82,10000,7406.1,10000,0,10000,9922.31,10000,0,0,15000,5000,5000,0.5,15000,5000,0,5000,0.5,,,,,,,,,,,,,,,,,,,,,,,,,,,,,,,,,,,,,,,,,,,,,,
,Public Safety,,,,,     TOTAL EXPENSE - MTC TOWN RADIOS,10000,6964.82,10000,7406.1,10000,0,10000,9922.31,10000,0,0,15000,5000,5000,0.5,15000,5000,0,5000,0.5,,,,,,,,,,,,,,,,,,,,,,,,,,,,,,,,,,,,,,,,,,,,,,
View,,12281,511001,,0100-2-228-0000-00-0-00-1-511001,SALARIES CLERICAL (RADIO WATCH),49068.8,48111.76,56501.76,44088.57,56865.92,,56865.92,33383.68,56865.92,0,0,56865.92,0,0,0,56865.92,0,0,0,0,,,,,,,,,,,,,,,,,,,,,,,,,,,,,,,,,,,,,,,,,,,,,,
View,,12281,512103,,0100-2-228-0000-00-0-00-1-512103,SALARIES RESERVES/CALL FF,46729.74,48372.39,47897.98,39767.42,47897.98,-1000,46897.98,22881.86,22976,-24921.980000000003,-0.5203138002896991,47898,24922,0.01999999999679858,4.175541431350253e-07,47898,24922,0,0.01999999999679858,4.175541431350253e-07,,,,,,,,,,,,,,,,,,,,,,,,,,,,,,,,,,,,,,,,,,,,,,
,,,,,,     TOTAL SALARY - CALL FIRE FIGHTERS,95798.54000000001,96484.15,104399.74,83855.98999999999,104763.9,-1000,103763.9,56265.54,79841.92,-24921.979999999996,-0.23788709660484192,104763.92,24922,0.020000000004074536,1.9090545506681728e-07,104763.92,24922,0,0.020000000004074536,1.9090545506681728e-07,,,,,,,,,,,,,,,,,,,,,,,,,,,,,,,,,,,,,,,,,,,,,,
View,,12282,573300,,0100-2-228-0000-00-0-00-2-573300,NVRDD ASSESSMENT,212921.42,212921.42,200913.97,200913.96,206000,1000,207000,207000,208000,2000,0.009708737864077669,208000,0,2000,0.009708737864077669,208000,0,0,2000,0.009708737864077669,,,,,,,,,,,,,,,,,,,,,,,,,,,,,,,,,,,,,,,,,,,,,,
,,,,,,     TOTAL EXPENSE - DISPATCH,212921.42,212921.42,200913.97,200913.96,206000,1000,207000,207000,208000,2000,0.009708737864077669,208000,0,2000,0.009708737864077669,208000,0,0,2000,0.009708737864077669,,,,,,,,,,,,,,,,,,,,,,,,,,,,,,,,,,,,,,,,,,,,,,
,Public Safety,,,,,TOTAL RADIO WATCH,308719.96,309405.57,305313.71,284769.94999999995,310763.9,0,310763.9,263265.54,287841.92,-22921.98000000004,-0.07376011177617489,312763.92,24922,2000.0199999999604,0.006435818317378435,312763.92,24922,0,2000.0199999999604,0.006435818317378435,,,,,,,,,,,,,,,,,,,,,,,,,,,,,,,,,,,,,,,,,,,,,,
View,,12441,511000,,0100-2-244-0000-00-0-00-1-511000,INS WEIGHTS & MEASURERS SALARY,3500,3500,3500,0,3500,,3500,,11363,7863,2.2465714285714284,11363,0,7863,2.2465714285714284,11363,0,0,7863,2.2465714285714284,,,,,,,,,,,,,,,,,,,,,,,,,,,,,,,,,,,,,,,,,,,,,,
View,,12441,519008,,0100-2-244-0000-00-0-00-1-519008,MILEAGE STIPEND,500,500,500,0,500,,500,,0,-500,-1,0,0,-500,-1,0,0,0,-500,-1,,,,,,,,,,,,,,,,,,,,,,,,,,,,,,,,,,,,,,,,,,,,,,
,,,,,,     TOTAL SALARY - WEIGHTS & MEASURES,4000,4000,4000,0,4000,0,4000,0,11363,7363,1.84075,11363,0,7363,1.84075,11363,0,0,7363,1.84075,,,,,,,,,,,,,,,,,,,,,,,,,,,,,,,,,,,,,,,,,,,,,,
View,,12442,540000,,0100-2-244-0000-00-0-00-2-540000,OFFICE SUPPLIES,300,274.5,300,0,300,,300,,0,-300,-1,0,0,-300,-1,0,0,0,-300,-1,,,,,,,,,,,,,,,,,,,,,,,,,,,,,,,,,,,,,,,,,,,,,,
,,12442,573000,,0100-2-243-0000-00-0-00-2-573000,DUES/MEMBERSHIP,0,135,0,0,300,0,300,,0,-300,-1,0,0,-300,-1,0,0,0,-300,-1,,,,,,,,,,,,,,,,,,,,,,,,,,,,,,,,,,,,,,,,,,,,,,
,,,,,,     TOTAL EXPENSE - WEIGHTS & MEASURES,300,409.5,300,0,600,0,600,0,0,-600,-1,0,0,-600,-1,0,0,0,-600,-1,,,,,,,,,,,,,,,,,,,,,,,,,,,,,,,,,,,,,,,,,,,,,,
,Public Safety,,,,,TOTAL WEIGHTS AND MEASURES,4300,4409.5,4300,0,4600,0,4600,0,11363,6763,1.470217391304348,11363,0,6763,1.470217391304348,11363,0,0,6763,1.470217391304348,,,,,,,,,,,,,,,,,,,,,,,,,,,,,,,,,,,,,,,,,,,,,,
View,,12911,511000,,0100-2-291-0000-00-0-00-1-511000,EMER MANAGEMENT DIR SALARY,5000,5000,5000,5000,5000,,5000,3333.28,5000,0,0,5000,0,0,0,5000,0,0,0,0,,,,,,,,,,,,,,,,,,,,,,,,,,,,,,,,,,,,,,,,,,,,,,
,,,,,,     TOTAL SALARY - EMER MANAGEMENT,5000,5000,5000,5000,5000,0,5000,3333.28,5000,0,0,5000,0,0,0,5000,0,0,0,0,,,,,,,,,,,,,,,,,,,,,,,,,,,,,,,,,,,,,,,,,,,,,,
View,,12912,521007,,0100-2-291-0000-00-0-00-2-521007,EQUIPMENT MTC,1000,0,1000,681.92,1000,,1000,997,1000,0,0,1000,0,0,0,1000,0,0,0,0,,,,,,,,,,,,,,,,,,,,,,,,,,,,,,,,,,,,,,,,,,,,,,
View,,12912,540000,,0100-2-291-0000-00-0-00-2-540000,OFFICE SUPPLIES,1000,0,1000,508.93,1000,,1000,920,1000,0,0,1000,0,0,0,1000,0,0,0,0,,,,,,,,,,,,,,,,,,,,,,,,,,,,,,,,,,,,,,,,,,,,,,
,,,,,,     TOTAL EXPENSE - EMER MANAGEMENT,2000,0,2000,1190.85,2000,0,2000,1917,2000,0,0,2000,0,0,0,2000,0,0,0,0,,,,,,,,,,,,,,,,,,,,,,,,,,,,,,,,,,,,,,,,,,,,,,
,Public Safety,,,,,TOTAL EMERGENCY MANAGEMENT,7000,5000,7000,6190.85,7000,0,7000,5250.280000000001,7000,0,0,7000,0,0,0,7000,0,0,0,0,,,,,,,,,,,,,,,,,,,,,,,,,,,,,,,,,,,,,,,,,,,,,,
View,,12921,511000,,0100-2-292-0000-00-0-00-1-511000,ANIMAL CONTROL OFFICER SALARY,20000,20000,35000,35000,35000,,35000,22874.95,35000,0,0,35000,0,0,0,35000,0,0,0,0,,,,,,,,,,,,,,,,,,,,,,,,,,,,,,,,,,,,,,,,,,,,,,
,,12921,511107,,,INSPECTOR OF ANIMALS SALARY,0,0,0,0,1000,,1000,,1000,0,0,1000,0,0,0,1000,0,0,0,0,,,,,,,,,,,,,,,,,,,,,,,,,,,,,,,,,,,,,,,,,,,,,,
,,,,,,     TOTAL SALARY - ANIMAL CONTROL,20000,20000,35000,35000,36000,0,36000,22874.95,36000,0,0,36000,0,0,0,36000,0,0,0,0,,,,,,,,,,,,,,,,,,,,,,,,,,,,,,,,,,,,,,,,,,,,,,
View,,12922,531025,,0100-2-292-0000-00-0-00-2-531025,VETERINARY CHARGES,6000,5734.37,6000,5996.44,6000,,6000,2495,6000,0,0,6000,0,0,0,6000,0,0,0,0,,,,,,,,,,,,,,,,,,,,,,,,,,,,,,,,,,,,,,,,,,,,,,
View,,12922,531026,,0100-2-292-0000-00-0-00-2-531026,CARE AND CUSTODY,15000,15000,0,0,0,,0,0,0,0,#DIV/0!,0,0,0,0,0,0,0,0,#DIV/0!,,,,,,,,,,,,,,,,,,,,,,,,,,,,,,,,,,,,,,,,,,,,,,
,,12922,534200,,,PRINTING,500,611.2,625,0,625,,,,0,-625,-1,0,0,-625,-1,0,0,0,-625,-1,,,,,,,,,,,,,,,,,,,,,,,,,,,,,,,,,,,,,,,,,,,,,,
View,,12922,540000,,0100-2-292-0000-00-0-00-2-540000,OFFICE SUPPLIES,3500,5690.44,3500,2360.13,3500,,3500,947.04,3500,0,0,3500,0,0,0,3500,0,0,0,0,,,,,,,,,,,,,,,,,,,,,,,,,,,,,,,,,,,,,,,,,,,,,,
View,,12922,540003,,0100-2-292-0000-00-0-00-2-540003,KENNEL AT PUBLIC SAFETY BLDG,4000,3974,0,0,0,,0,,0,0,#DIV/0!,0,0,0,0,0,0,0,0,#DIV/0!,,,,,,,,,,,,,,,,,,,,,,,,,,,,,,,,,,,,,,,,,,,,,,
,,,,,,     TOTAL EXPENSE - ANIMAL CONTROL,29000,31010.01,10125,8356.57,10125,0,9500,3442.04,9500,-625,-0.06172839506172839,9500,0,-625,-0.06172839506172839,9500,0,0,-625,-0.06172839506172839,,,,,,,,,,,,,,,,,,,,,,,,,,,,,,,,,,,,,,,,,,,,,,
,Public Safety,,,,,TOTAL ANIMAL CONTROL,49000,51010.009999999995,45125,43356.57,46125,0,45500,26316.99,45500,-625,-0.013550135501355014,45500,0,-625,-0.013550135501355014,80000,34500,34500,33875,0.7344173441734417,,,,,,,,,,,,,,,,,,,,,,,,,,,,,,,,,,,,,,,,,,,,,,
View,,12941,513000,,0100-2-294-0000-00-0-00-1-513000,OVERTIME TREE REMOVAL,3000,1432.66,3000,3724.19,3000,,3000,873.75,4000,1000,0.3333333333333333,4000,0,1000,0.3333333333333333,4000,0,0,1000,0.3333333333333333,,,,,,,,,,,,,,,,,,,,,,,,,,,,,,,,,,,,,,,,,,,,,,
,,,,,,     TOTAL SALARY - TREE REMOVAL,3000,1432.66,3000,3724.19,3000,0,3000,873.75,4000,1000,0.3333333333333333,4000,0,1000,0.3333333333333333,4000,0,0,1000,0.3333333333333333,,,,,,,,,,,,,,,,,,,,,,,,,,,,,,,,,,,,,,,,,,,,,,
View,,12942,531006,,0100-2-294-0000-00-0-00-2-531006,PURCHASE OF SERVICE,30000,44792,35000,33785,35000,,35000,34999.99,35000,0,0,35000,0,0,0,35000,0,0,0,0,,,,,,,,,,,,,,,,,,,,,,,,,,,,,,,,,,,,,,,,,,,,,,
View,,12942,541018,,0100-2-294-0000-00-0-00-2-541018,SUPPLIES,500,0,500,0,500,,500,,500,0,0,500,0,0,0,500,0,0,0,0,,,,,,,,,,,,,,,,,,,,,,,,,,,,,,,,,,,,,,,,,,,,,,
,,,,,,     TOTAL EXPENSE - TREE REMOVAL,30500,44792,35500,33785,35500,0,35500,34999.99,35500,0,0,35500,0,0,0,35500,0,0,0,0,,,,,,,,,,,,,,,,,,,,,,,,,,,,,,,,,,,,,,,,,,,,,,
,DPW,,,,,TOTAL TREE REMOVAL,33500,46224.66,38500,37509.19,38500,0,38500,35873.74,39500,1000,0.025974025974025976,39500,0,1000,0.025974025974025976,39500,0,0,1000,0.025974025974025976,,,,,,,,,,,,,,,,,,,,,,,,,,,,,,,,,,,,,,,,,,,,,,
View,,,,,0100-3-301-2110-99-0-99-2-555027,LUNENBURG PUBLIC SCHOOLS,22901128,22700360.21,24883376,24387809.71,25787474,,,,26572288.07,784814.0700000003,0.03043392578893149,28172288.07,1600000,2384814.0700000003,0.09247955305742626,28520815.07,1948527,348527,2733341.0700000003,0.10599491326680544,,,,,,,,,,,,,,,,,,,,,,,,,,,,,,,,,,,,,,,,,,,,,,
,SCHOOLS,,,,,     TOTAL LUNENBURG PUBLIC SCHOOLS,22901128,22700360.21,24883376,24387809.71,25787474,0,0,0,26572288.07,784814.0700000003,0.03043392578893149,28172288.07,1600000,2384814.0700000003,0.09247955305742626,28520815.07,1948527,348527,2733341.0700000003,0.10599491326680544,,,,,,,,,,,,,,,,,,,,,,,,,,,,,,,,,,,,,,,,,,,,,,
View,,13102,532000,,0100-3-310-9500-00-0-00-2-532000,MONTY TECH ASSESSMENT,1181390,1181390.18,1225646,1224162,1334521,,1334521,1000890,1452426,117905,0.08835005219101086,1452426,0,117905,0.08835005219101086,1452426,0,0,117905,0.08835005219101086,,,,,,,,,,,,,,,,,,,,,,,,,,,,,,,,,,,,,,,,,,,,,,
,SCHOOLS,,,,,     TOTAL ASSESSMENT - MONTY TECH,1181390,1181390.18,1225646,1224162,1334521,0,1334521,1000890,1452426,117905,0.08835005219101086,1452426,0,117905,0.08835005219101086,1452426,0,0,117905,0.08835005219101086,,,,,,,,,,,,,,,,,,,,,,,,,,,,,,,,,,,,,,,,,,,,,,
View,,14112,521016,,0100-4-411-0000-00-0-00-2-521016,HIRED EQUIPMENT,750,377.17,750,19.58,750,,750,0,750,0,0,750,0,0,0,750,0,0,0,0,,,,,,,,,,,,,,,,,,,,,,,,,,,,,,,,,,,,,,,,,,,,,,
View,,14112,521017,,0100-4-411-0000-00-0-00-2-521017,DRAINAGE,50000,82241.05,60000,102945.53,75000,,75000,31004.89,83000,8000,0.10666666666666667,100000,17000,25000,0.3333333333333333,100000,17000,0,25000,0.3333333333333333,,,,,,,,,,,,,,,,,,,,,,,,,,,,,,,,,,,,,,,,,,,,,,
View,,14112,531006,,0100-4-411-0000-00-0-00-2-531006,PURCHASE OF SERVICE,40000,32156.68,45000,18963.23,45000,,45000,19460.47,45000,0,0,45000,0,0,0,45000,0,0,0,0,,,,,,,,,,,,,,,,,,,,,,,,,,,,,,,,,,,,,,,,,,,,,,
View,,14112,531039,,0100-4-411-0000-00-0-00-2-531039,LANDFILL MONITORING COSTS,7500,9495,7500,8452.5,9000,,9000,3245,9000,0,0,9000,0,0,0,9000,0,0,0,0,,,,,,,,,,,,,,,,,,,,,,,,,,,,,,,,,,,,,,,,,,,,,,
View,,14112,531061,,0100-4-411-0000-00-0-00-2-531061,ENGINEERING SERVICES,10000,0,10000,2387.54,10000,,10000,15999.18,10000,0,0,10000,0,0,0,10000,0,0,0,0,,,,,,,,,,,,,,,,,,,,,,,,,,,,,,,,,,,,,,,,,,,,,,
View,,14112,531072,,0100-4-411-0000-00-0-00-2-531072,LAKE SHIRLEY DAM,10000,7576.72,10000,0,10000,,10000,9125,10000,0,0,10000,0,0,0,10000,0,0,0,0,,,,,,,,,,,,,,,,,,,,,,,,,,,,,,,,,,,,,,,,,,,,,,
View,,14112,531073,,0100-4-411-0000-00-0-00-2-531073,STREETLIGHTS,30000,30486.51,30000,35380.97,30000,,30000,19639.03,36000,6000,0.2,36000,0,6000,0.2,36000,0,0,6000,0.2,,,,,,,,,,,,,,,,,,,,,,,,,,,,,,,,,,,,,,,,,,,,,,
View,,14112,535052,,0100-4-411-0000-00-0-00-2-535052,STORMWATER MANAGEMENT PROJECTS,100000,133825.18,110000,59110.15,110000,,110000,93055.54,100000,-10000,-0.09090909090909091,110000,10000,0,0,110000,10000,0,0,0,,,,,,,,,,,,,,,,,,,,,,,,,,,,,,,,,,,,,,,,,,,,,,
View,,14112,535069,,0100-4-411-0000-00-0-00-2-535069,ADA PUBLIC RIGHTS OF WAY,30000,0,30000,0,30000,,30000,0,30000,0,0,30000,0,0,0,30000,0,0,0,0,,,,,,,,,,,,,,,,,,,,,,,,,,,,,,,,,,,,,,,,,,,,,,
,,14112,540000,,,OFFICE SUPPLIES,,,0,,1100,,1100,224.66,1100,0,0,1100,0,0,0,1100,0,0,0,0,,,,,,,,,,,,,,,,,,,,,,,,,,,,,,,,,,,,,,,,,,,,,,
View,,14112,541018,,0100-4-411-0000-00-0-00-2-541018,SUPPLIES,35000,17962.98,35000,25426.12,35000,,35000,8306.99,25000,-10000,-0.2857142857142857,35000,10000,0,0,35000,10000,0,0,0,,,,,,,,,,,,,,,,,,,,,,,,,,,,,,,,,,,,,,,,,,,,,,
View,,14112,587046,,0100-4-411-0000-00-0-00-2-587046,PAVEMENT MANAGEMENT PLAN,550000,453353.25,550000,593976.81,279000,,279000,257887.15,50000,-229000,-0.8207885304659498,282000,232000,3000,0.010752688172043012,282000,232000,0,3000,0.010752688172043012,,,,,,,,,,,,,,,,,,,,,,,,,,,,,,,,,,,,,,,,,,,,,,
,DPW,,,,,     TOTAL EXPENSE - HIGHWAY CONST & MAIN,863250,767474.54,888250,846662.43,634850,0,634850,457947.91,399850,-235000,-0.3701661809876349,668850,269000,34000,0.05355595810033866,668850,269000,0,34000,0.05355595810033866,,,,,,,,,,,,,,,,,,,,,,,,,,,,,,,,,,,,,,,,,,,,,,
View,,14211,511000,,0100-4-421-0000-00-0-00-1-511000,HIGHWAY SUPERVISOR SALARY,68701.98,68701.88,68966.22,68966.12,68966.22,,68966.22,40692.66,68966.22,0,0,68966.22,0,0,0,68966.22,0,0,0,0,,,,,,,,,,,,,,,,,,,,,,,,,,,,,,,,,,,,,,,,,,,,,,
,,,,,,"""NEW"" FY27 JR. ENG./PRJ. MGR.",,,,,,,,,,,,86000,86000,86000,1,86000,86000,0,86000,1,,,,,,,,,,,,,,,,,,,,,,,,,,,,,,,,,,,,,,,,,,,,,,
View,,14211,511001,,0100-4-421-0000-00-0-00-1-511001,HIGHWAY CLERICAL SALARIES,54604.16,60533.36,65058.72,65058.72,68683.12,,68683.12,40760.09,71272.56,2589.4400000000023,0.037701257601576665,71272.56,0,2589.4400000000023,0.037701257601576665,71272.56,0,0,2589.4400000000023,0.037701257601576665,,,,,,,,,,,,,,,,,,,,,,,,,,,,,,,,,,,,,,,,,,,,,,
,,,,,,"""NEW"" FY27 PT ADMIN",,,,,,,,,13000,13000,#DIV/0!,24150.33,11150.330000000002,24150.33,1,24150.33,11150.330000000002,0,24150.33,#DIV/0!,,,,,,,,,,,,,,,,,,,,,,,,,,,,,,,,,,,,,,,,,,,,,,
View,,14211,511003,,0100-4-421-0000-00-0-00-1-511003,HIGHWAY LABOR SALARIES,339717.46,288564.98,344918.39,328224.24,344925.91,,344925.91,183944.98,352331.42,7405.510000000009,0.021469857106414563,352331.42,0,7405.510000000009,0.021469857106414563,352331.42,0,0,7405.510000000009,0.021469857106414563,,,,,,,,,,,,,,,,,,,,,,,,,,,,,,,,,,,,,,,,,,,,,,
View,,14211,511013,,0100-4-421-0000-00-0-00-1-511013,DPW DIRECTOR SALARY,101973.56,108222.4,105423.12,118118.16,121667.76,3627,125294.76,75952.8,136576.08,14908.319999999992,0.12253303586751324,136576.08,0,14908.319999999992,0.12253303586751324,136576.08,0,0,14908.319999999992,0.12253303586751324,,,,,,,,,,,,,,,,,,,,,,,,,,,,,,,,,,,,,,,,,,,,,,
,,14211,51300,,,SALARIES OVERTIME,12000,17653.91,12000,9214.24,15000,,15000,6399.36,17500,2500,0.16666666666666666,17500,0,2500,0.16666666666666666,17500,0,0,2500,0.16666666666666666,,,,,,,,,,,,,,,,,,,,,,,,,,,,,,,,,,,,,,,,,,,,,,
View,,14211,514002,,0100-4-421-0000-00-0-00-1-514002,LONGEVITY PAY,4050,4050,4900,4900,5400,,5400,4050,5700,300,0.05555555555555555,5700,0,300,0.05555555555555555,5700,0,0,300,0.05555555555555555,,,,,,,,,,,,,,,,,,,,,,,,,,,,,,,,,,,,,,,,,,,,,,
View,,14211,519005,,0100-4-421-0000-00-0-00-1-519005,ON-CALL STIPEND,6500,6500,6500,6500,6500,,6500,4000,7800,1300,0.2,7800,0,1300,0.2,7800,0,0,1300,0.2,,,,,,,,,,,,,,,,,,,,,,,,,,,,,,,,,,,,,,,,,,,,,,
View,,14211,519010,,0100-4-421-0000-00-0-00-1-519010,CONTRACT EVALUATION STIPEND,6400,4800,5600,4550,5600,,5600,3200,6300,700,0.125,6300,0,700,0.125,6300,0,0,700,0.125,,,,,,,,,,,,,,,,,,,,,,,,,,,,,,,,,,,,,,,,,,,,,,
,,,,,,     TOTAL SALARY - HIGHWAY ADMIN,593947.16,559026.53,613366.45,605531.48,636743.01,3627,640370.01,358999.88999999996,679446.2799999999,42703.2699999999,0.06706515710317715,776596.61,97150.33000000007,139853.59999999998,0.21963900318277538,776596.61,97150.33000000007,0,139853.59999999998,0.21963900318277538,,,,,,,,,,,,,,,,,,,,,,,,,,,,,,,,,,,,,,,,,,,,,,
View,,14212,558000,,0100-4-421-0000-00-0-00-2-558000,UNIFORM ALLOWANCE REIMBURSEMEN,7700,8388.9,7700,7408.2,7700,,7700,7350,8400,700,0.09090909090909091,8400,0,700,0.09090909090909091,8400,0,0,700,0.09090909090909091,,,,,,,,,,,,,,,,,,,,,,,,,,,,,,,,,,,,,,,,,,,,,,
,,,,,,     TOTAL EXPENSE - HIGHWAY ADMIN,7700,8388.9,7700,7408.2,7700,0,7700,7350,8400,700,0.09090909090909091,8400,0,700,0.09090909090909091,8400,0,0,700,0.09090909090909091,,,,,,,,,,,,,,,,,,,,,,,,,,,,,,,,,,,,,,,,,,,,,,
,DPW,,,,,TOTAL HIGHWAY ADMINISTRATION,601647.16,567415.43,621066.45,612939.6799999999,644443.01,3627,648070.01,366349.88999999996,687846.2799999999,43403.2699999999,0.06735005163606306,784996.61,97150.33000000007,140553.59999999998,0.21810089925562226,784996.61,97150.33000000007,0,140553.59999999998,0.21810089925562226,,,,,,,,,,,,,,,,,,,,,,,,,,,,,,,,,,,,,,,,,,,,,,
View,,14231,513000,,0100-4-423-0000-00-0-00-1-513000,SNOW REMOVAL OVERTIME,22849.16,48591.87,22849.16,75992.24,23420.39,,23420.39,83668.87,24005.9,585.510000000002,0.025000010674459394,24005.9,0,585.510000000002,0.025000010674459394,24005.9,0,0,585.510000000002,0.025000010674459394,,,,,,,,,,,,,,,,,,,,,,,,,,,,,,,,,,,,,,,,,,,,,,
,,,,,,     TOTAL SALARY - SNOW REMOVAL,22849.16,48591.87,22849.16,75992.24,23420.39,0,23420.39,83668.87,24005.9,585.510000000002,0.025000010674459394,24005.9,0,585.510000000002,0.025000010674459394,24005.9,0,0,585.510000000002,0.025000010674459394,,,,,,,,,,,,,,,,,,,,,,,,,,,,,,,,,,,,,,,,,,,,,,
View,,14232,531003,,0100-4-423-0000-00-0-00-2-531003,CONTRACTED SERVICES,114500,273155.22,114500,400802.3,114500,,114500,279111.9,117362.5,2862.5,0.025,117362.5,0,2862.5,0.025,117362.5,0,0,2862.5,0.025,,,,,,,,,,,,,,,,,,,,,,,,,,,,,,,,,,,,,,,,,,,,,,
View,,14232,531006,,0100-4-423-0000-00-0-00-2-531006,PURCHASE OF SERVICE,5000,26271.64,5000,2713,5000,,5000,3319.62,5125,125,0.025,5125,0,125,0.025,5125,0,0,125,0.025,,,,,,,,,,,,,,,,,,,,,,,,,,,,,,,,,,,,,,,,,,,,,,
View,,14232,531029,,0100-4-423-0000-00-0-00-2-531029,SUPPLIES SNOW,205151,220570.39,205151,267633.76,205151,,205151,184276.57,210279.78,5128.779999999999,0.025000024372291624,210279.78,0,5128.779999999999,0.025000024372291624,210279.78,0,0,5128.779999999999,0.025000024372291624,,,,,,,,,,,,,,,,,,,,,,,,,,,,,,,,,,,,,,,,,,,,,,
View,,14232,531030,,0100-4-423-0000-00-0-00-2-531030,HIRED EQUIPMENT SNOW,7500,0,7500,16331.22,7500,,7500,,7687.5,187.5,0.025,7687.5,0,187.5,0.025,7687.5,0,0,187.5,0.025,,,,,,,,,,,,,,,,,,,,,,,,,,,,,,,,,,,,,,,,,,,,,,
,,,,,,     TOTAL EXPENSE - SNOW REMOVAL,332151,519997.25,332151,687480.28,332151,0,332151,466708.09,340454.78,8303.780000000028,0.025000015053394473,340454.78,0,8303.780000000028,0.025000015053394473,340454.78,0,0,8303.780000000028,0.025000015053394473,,,,,,,,,,,,,,,,,,,,,,,,,,,,,,,,,,,,,,,,,,,,,,
,DPW,,,,,TOTAL SNOW REMOVAL EXPENSE,355000.16,568589.12,355000.16,763472.52,355571.39,0,355571.39,550376.96,364460.68000000005,8889.290000000037,0.025000014764967556,364460.68000000005,0,8889.290000000037,0.025000014764967556,364460.68000000005,0,0,8889.290000000037,0.025000014764967556,,,,,,,,,,,,,,,,,,,,,,,,,,,,,,,,,,,,,,,,,,,,,,
View,,14252,521011,,0100-4-425-0000-00-0-00-2-521011,ELECTRICITY CHARGES,1000,931.39,1000,1176.17,1000,,1000,572.06,1300,300,0.3,1300,0,300,0.3,1300,0,0,300,0.3,,,,,,,,,,,,,,,,,,,,,,,,,,,,,,,,,,,,,,,,,,,,,,
,,14252,531006,,,PURCHASE OF SERVICES,,,9700,0,,,,,,0,#DIV/0!,,0,0,0,,0,0,0,#DIV/0!,,,,,,,,,,,,,,,,,,,,,,,,,,,,,,,,,,,,,,,,,,,,,,
View,,14252,521018,,0100-4-425-0000-00-0-00-2-521018,LINE PAINTING,17500,0,17500,0,17500,,17500,0,5500,-12000,-0.6857142857142857,5500,0,-12000,-0.6857142857142857,5500,0,0,-12000,-0.6857142857142857,,,,,,,,,,,,,,,,,,,,,,,,,,,,,,,,,,,,,,,,,,,,,,
View,,14252,541018,,0100-4-425-0000-00-0-00-2-541018,SUPPLIES,10000,5809.94,10000,11705.53,10000,,10000,9232.4,10000,0,0,10000,0,0,0,10000,0,0,0,0,,,,,,,,,,,,,,,,,,,,,,,,,,,,,,,,,,,,,,,,,,,,,,
,DPW,,,,,     TOTAL EXPENSE - TRAFFIC SIGNAL/DEVICES,28500,6741.33,38200,12881.7,28500,0,28500,9804.46,16800,-11700,-0.4105263157894737,16800,0,-11700,-0.4105263157894737,16800,0,0,-11700,-0.4105263157894737,,,,,,,,,,,,,,,,,,,,,,,,,,,,,,,,,,,,,,,,,,,,,,
View,,14292102,531006,,0100-4-429-0210-00-0-00-2-531006,PURCHASE OF SERVICE,9000,9563.22,9000,2566.26,9000,,9000,3171,9000,0,0,9000,0,0,0,9000,0,0,0,0,,,,,,,,,,,,,,,,,,,,,,,,,,,,,,,,,,,,,,,,,,,,,,
View,,14292102,541018,,0100-4-429-0210-00-0-00-2-541018,VEHICLE MAINTENANCE SUPPLIES POLICE,18000,17189.7,18000,16170.3,18000,,18000,3422.8999999999996,18000,0,0,18000,0,0,0,18000,0,0,0,0,,,,,,,,,,,,,,,,,,,,,,,,,,,,,,,,,,,,,,,,,,,,,,
View,,14292102,541019,,0100-4-429-0210-00-0-00-2-541019,FUEL CHARGES POLICE,40000,35139.54,40000,28936.72,40000,,40000,6614.72,40000,0,0,40000,0,0,0,40000,0,0,0,0,,,,,,,,,,,,,,,,,,,,,,,,,,,,,,,,,,,,,,,,,,,,,,
,DPW,,,,,     TOTAL EXPENSES - VEHICLE MTC POLICE DEPT,67000,61892.46,67000,47673.28,67000,0,67000,13208.619999999999,67000,0,0,67000,0,0,0,67000,0,0,0,0,,,,,,,,,,,,,,,,,,,,,,,,,,,,,,,,,,,,,,,,,,,,,,
View,,14292202,531006,,0100-4-429-0220-00-0-00-2-531006,PURCHASE OF SERVICE - FIRE,17000,11247.26,17000,28238.52,17000,1200,18200,13168.52,27000,10000,0.5882352941176471,27000,0,10000,0.5882352941176471,27000,0,0,10000,0.5882352941176471,,,,,,,,,,,,,,,,,,,,,,,,,,,,,,,,,,,,,,,,,,,,,,
View,,14292202,541018,,0100-4-429-0220-00-0-00-2-541018,VEHICLE MAINTENANCE SUPPLIES FIRE,10000,6831.12,10000,9513.85,15000,95,15095,7871.48,15000,0,0,15000,0,0,0,15000,0,0,0,0,,,,,,,,,,,,,,,,,,,,,,,,,,,,,,,,,,,,,,,,,,,,,,
View,,14292202,541019,,0100-4-429-0220-00-0-00-2-541019,FUEL CHARGES FIRE,18000,15475.64,18000,15429.89,18000,-1295,16705,3233.17,18000,0,0,18000,0,0,0,18000,0,0,0,0,,,,,,,,,,,,,,,,,,,,,,,,,,,,,,,,,,,,,,,,,,,,,,
,DPW,,,,,TOTAL EXPENSES VEHICLE MTC FIRE DEPT,45000,33554.020000000004,45000,53182.26,50000,0,50000,24273.17,60000,10000,0.2,60000,0,10000,0.2,60000,0,0,10000,0.2,,,,,,,,,,,,,,,,,,,,,,,,,,,,,,,,,,,,,,,,,,,,,,
View,,14294002,531006,,0100-4-429-0400-00-0-00-2-531006,PURCHASE OF SERVICE,5000,3668.88,5000,20122.03,5000,,5000,1142.26,10000,5000,1,10000,0,5000,1,10000,0,0,5000,1,,,,,,,,,,,,,,,,,,,,,,,,,,,,,,,,,,,,,,,,,,,,,,
View,,14294002,541011,,0100-4-429-0400-00-0-00-2-541011,TOOLS VEHICLE MAINTENANCE,750,649.99,750,667.98,750,,750,919.97,750,0,0,750,0,0,0,750,0,0,0,0,,,,,,,,,,,,,,,,,,,,,,,,,,,,,,,,,,,,,,,,,,,,,,
View,,14294002,541018,,0100-4-429-0400-00-0-00-2-541018,SUPPLIES,25000,25840.12,25000,23563.77,25000,,25000,12680.31,25000,0,0,25000,0,0,0,25000,0,0,0,0,,,,,,,,,,,,,,,,,,,,,,,,,,,,,,,,,,,,,,,,,,,,,,
View,,14294002,541019,,0100-4-429-0400-00-0-00-2-541019,FUEL CHARGES,32000,25681.26,32000,24111.66,32000,,32000,41678.98,32000,0,0,32000,0,0,0,32000,0,0,0,0,,,,,,,,,,,,,,,,,,,,,,,,,,,,,,,,,,,,,,,,,,,,,,
,DPW,,,,,     TOTAL EXPENSE - VEHICLE MTC DPW,62750,55840.25,62750,68465.44,62750,0,62750,56421.520000000004,67750,5000,0.0796812749003984,67750,0,5000,0.0796812749003984,67750,0,0,5000,0.0796812749003984,,,,,,,,,,,,,,,,,,,,,,,,,,,,,,,,,,,,,,,,,,,,,,
View,,14332,521023,,0100-4-433-0000-00-0-00-2-521023,EXPENSES RECYCLING PROGRAM,340000,356265.7,457000,322327.66,456757,,456757,166772.19,350000,-106757,-0.23372821872461724,350000,0,-106757,-0.23372821872461724,350000,0,0,-106757,-0.23372821872461724,,,,,,,,,,,,,,,,,,,,,,,,,,,,,,,,,,,,,,,,,,,,,,
View,,14332,521026,,0100-4-433-0000-00-0-00-2-521026,HOUSEHOLD HAZARDOUS WASTE,5600,5354,5600,5404,5889,,5889,5889,6000,111,0.018848700967906265,6000,0,111,0.018848700967906265,6000,0,0,111,0.018848700967906265,,,,,,,,,,,,,,,,,,,,,,,,,,,,,,,,,,,,,,,,,,,,,,
View,,14332,573000,,0100-4-433-0000-00-0-00-2-573000,DUES/MEMBERSHIP,7175,7175,7175,7354,7354,,7354,7354,7354,0,0,7354,0,0,0,7354,0,0,0,0,,,,,,,,,,,,,,,,,,,,,,,,,,,,,,,,,,,,,,,,,,,,,,
,DPW,,,,,     TOTAL EXPENSE - RECYCLING PROG,352775,368794.7,469775,335085.66,470000,0,470000,180015.19,363354,-106646,-0.2269063829787234,363354,0,-106646,-0.2269063829787234,363354,0,0,-106646,-0.2269063829787234,,,,,,,,,,,,,,,,,,,,,,,,,,,,,,,,,,,,,,,,,,,,,,
View,,14911,511000,,0100-4-491-0000-00-0-00-1-511000,CEMETERY SUPERVISOR SALARY,65391.66,65391.56,67284.13,67284.23,74012.54,,74012.54,40692.66,68966.22,-5046.319999999992,-0.06818195943552259,68966.22,0,-5046.319999999992,-0.06818195943552259,68966.22,0,0,-5046.319999999992,-0.06818195943552259,,,,,,,,,,,,,,,,,,,,,,,,,,,,,,,,,,,,,,,,,,,,,,
View,,14911,512106,,0100-4-491-0000-00-0-00-1-512106,SEASONAL SALARIES,11785.82,1804,14476.35,14169.36,14476.35,,14476.35,8935.36,15000,523.6499999999996,0.03617279217482305,15000,0,523.6499999999996,0.03617279217482305,15000,0,0,523.6499999999996,0.03617279217482305,,,,,,,,,,,,,,,,,,,,,,,,,,,,,,,,,,,,,,,,,,,,,,
View,,14911,513000,,0100-4-491-0000-00-0-00-1-513000,OVERTIME CEMETERY SUPERVISOR,3500,4479.98,3500,2948.54,4000,,4000,1837.24,3500,-500,-0.125,3500,0,-500,-0.125,3500,0,0,-500,-0.125,,,,,,,,,,,,,,,,,,,,,,,,,,,,,,,,,,,,,,,,,,,,,,
View,,14911,514002,,0100-4-491-0000-00-0-00-1-514002,LONGEVITY PAY,850,850,1350,850,1350,,1350,0,1400,50,0.037037037037037035,1400,0,50,0.037037037037037035,1400,0,0,50,0.037037037037037035,,,,,,,,,,,,,,,,,,,,,,,,,,,,,,,,,,,,,,,,,,,,,,
View,,14911,519010,,0100-4-491-0000-00-0-00-1-519010,CONTRACT EVALUATION STIPEND,800,0,800,800,800,,800,0,900,100,0.125,900,0,100,0.125,900,0,0,100,0.125,,,,,,,,,,,,,,,,,,,,,,,,,,,,,,,,,,,,,,,,,,,,,,
,,,,,,     TOTAL SALARY - CEMETERY,82327.48000000001,72525.54,87410.48000000001,86052.12999999999,94638.89,0,94638.89,51465.26,89766.22,-4872.669999999998,-0.05148697327282683,89766.22,0,-4872.669999999998,-0.05148697327282683,89766.22,0,0,-4872.669999999998,-0.05148697327282683,,,,,,,,,,,,,,,,,,,,,,,,,,,,,,,,,,,,,,,,,,,,,,
View,,14912,531006,,0100-4-491-0000-00-0-00-2-531006,PURCHASE OF SERVICE,22000,29278.41,22000,12470.04,22000,,22000,8860,22000,0,0,22000,0,0,0,22000,0,0,0,0,,,,,,,,,,,,,,,,,,,,,,,,,,,,,,,,,,,,,,,,,,,,,,
View,,14912,541018,,0100-4-491-0000-00-0-00-2-541018,SUPPLIES,3000,6384.01,3000,5653.8,3000,,3000,7250.63,5500,2500,0.8333333333333334,5500,0,2500,0.8333333333333334,5500,0,0,2500,0.8333333333333334,,,,,,,,,,,,,,,,,,,,,,,,,,,,,,,,,,,,,,,,,,,,,,
View,,14912,541019,,0100-4-491-0000-00-0-00-2-541019,FUEL CHARGES,3500,3215.71,3500,1752.01,3500,,3500,1101.55,2500,-1000,-0.2857142857142857,2500,0,-1000,-0.2857142857142857,2500,0,0,-1000,-0.2857142857142857,,,,,,,,,,,,,,,,,,,,,,,,,,,,,,,,,,,,,,,,,,,,,,
View,,14912,558000,,0100-4-491-0000-00-0-00-2-558000,UNIFORM ALLOWANCE REIMBURSEMEN,2200,764.13,2200,1046.01,2200,,2200,1500,2200,0,0,2200,0,0,0,2200,0,0,0,0,,,,,,,,,,,,,,,,,,,,,,,,,,,,,,,,,,,,,,,,,,,,,,
,,,,,,     TOTAL EXPENSE - CEMETERY,30700,39642.259999999995,30700,20921.859999999997,30700,0,30700,18712.18,32200,1500,0.048859934853420196,32200,0,1500,0.048859934853420196,32200,0,0,1500,0.048859934853420196,,,,,,,,,,,,,,,,,,,,,,,,,,,,,,,,,,,,,,,,,,,,,,
,DPW,,,,,TOTAL CEMETERY ,113027.48000000001,112167.79999999999,118110.48000000001,106973.98999999999,125338.89,0,125338.89,70177.44,121966.22,-3372.6699999999983,-0.026908408076695096,121966.22,0,-3372.6699999999983,-0.026908408076695096,121966.22,0,0,-3372.6699999999983,-0.026908408076695096,,,,,,,,,,,,,,,,,,,,,,,,,,,,,,,,,,,,,,,,,,,,,,
View,,15121,511000,,0100-5-512-0000-00-0-00-1-511000,ADMIN ASSISTANT BOH SALARY,43197.44,46947.65,49792.16,49792.16,52630.56,,52630.56,30936.96,31182.19,-21448.37,-0.4075269197211658,31182.19,0,-21448.37,-0.4075269197211658,31182.19,0,0,-21448.37,-0.4075269197211658,,,,,,,,,,,,,,,,,,,,,,,,,,,,,,,,,,,,,,,,,,,,,,
View,,15121,514002,,0100-5-512-0000-00-0-00-1-514002,LONGEVITY PAY,1350,1350,1850,1850,1850,,1850,1850,1850,0,0,1850,0,0,0,1850,0,0,0,0,,,,,,,,,,,,,,,,,,,,,,,,,,,,,,,,,,,,,,,,,,,,,,
,,,,,,     TOTAL SALARY - BOARD OF HEALTH,44547.44,48297.65,51642.16,51642.16,54480.56,0,54480.56,32786.96,33032.19,-21448.369999999995,-0.39368850099925545,33032.19,0,-21448.369999999995,-0.39368850099925545,33032.19,0,0,-21448.369999999995,-0.39368850099925545,,,,,,,,,,,,,,,,,,,,,,,,,,,,,,,,,,,,,,,,,,,,,,
View,,15122,531006,,0100-5-512-0000-00-0-00-2-531006,PURCHASE OF SERVICE,75,0,75,0,75,,75,,0,-75,-1,75,75,0,0,75,75,0,0,0,,,,,,,,,,,,,,,,,,,,,,,,,,,,,,,,,,,,,,,,,,,,,,
View,,15122,531012,,0100-5-512-0000-00-0-00-2-531012,TRAINING,0,0,0,0,0,,0,,0,0,#DIV/0!,0,0,0,0,0,0,0,0,#DIV/0!,,,,,,,,,,,,,,,,,,,,,,,,,,,,,,,,,,,,,,,,,,,,,,
View,,15122,531031,,0100-5-512-0000-00-0-00-2-531031,RABID ANIMAL CONTROL,400,0,400,0,400,,400,,0,-400,-1,0,0,-400,-1,0,0,0,-400,-1,,,,,,,,,,,,,,,,,,,,,,,,,,,,,,,,,,,,,,,,,,,,,,
View,,15122,540000,,0100-5-512-0000-00-0-00-2-540000,OFFICE SUPPLIES,650,235.91,650,156.94,650,,650,,350,-300,-0.46153846153846156,350,0,-300,-0.46153846153846156,350,0,0,-300,-0.46153846153846156,,,,,,,,,,,,,,,,,,,,,,,,,,,,,,,,,,,,,,,,,,,,,,
View,,15122,541023,,0100-5-512-0000-00-0-00-2-541023,EMER PREPAREDNESS SUPPLIES,500,0,500,0,500,,500,,500,0,0,500,0,0,0,500,0,0,0,0,,,,,,,,,,,,,,,,,,,,,,,,,,,,,,,,,,,,,,,,,,,,,,
View,,15122,571000,,0100-5-512-0000-00-0-00-2-571000,MILEAGE REIMBURSEMENT,25,0,25,0,25,,25,,25,0,0,25,0,0,0,25,0,0,0,0,,,,,,,,,,,,,,,,,,,,,,,,,,,,,,,,,,,,,,,,,,,,,,
View,,15122,573100,,0100-5-512-0000-00-0-00-2-573100,MEETINGS/SCHOOL,50,0,50,0,500,,500,,50,-450,-0.9,50,0,-450,-0.9,50,0,0,-450,-0.9,,,,,,,,,,,,,,,,,,,,,,,,,,,,,,,,,,,,,,,,,,,,,,
,,,,,,     TOTAL EXPENSE - BOARD OF HEALTH,1700,235.91,1700,156.94,2150,0,2150,0,925,-1225,-0.5697674418604651,1000,75,-1150,-0.5348837209302325,1000,75,0,-1150,-0.5348837209302325,,,,,,,,,,,,,,,,,,,,,,,,,,,,,,,,,,,,,,,,,,,,,,
,Human Services,,,,,TOTAL GENERAL HEALTH EXPENSE,46247.44,48533.560000000005,53342.16,51799.100000000006,56630.56,0,56630.56,32786.96,33957.19,-22673.369999999995,-0.4003734026292517,34032.19,75,-22598.369999999995,-0.3990490293580003,34032.19,75,0,-22598.369999999995,-0.3990490293580003,,,,,,,,,,,,,,,,,,,,,,,,,,,,,,,,,,,,,,,,,,,,,,
View,,15212,560010,,0100-5-521-0000-00-0-00-2-560010,NASHOBA HEALTH,39516.83,39516.83,43468.51,43468.51,47815.37,,47815.37,47815.36,62159.97,14344.599999999999,0.29999976994844957,62159.97,0,14344.599999999999,0.29999976994844957,62159.97,0,0,14344.599999999999,0.29999976994844957,,,,,,,,,,,,,,,,,,,,,,,,,,,,,,,,,,,,,,,,,,,,,,
,Human Services,,,,,     TOTAL  ASSESSMENT - NASHOBA HEALTH,39516.83,39516.83,43468.51,43468.51,47815.37,0,47815.37,47815.36,62159.97,14344.599999999999,0.29999976994844957,62159.97,0,14344.599999999999,0.29999976994844957,62159.97,0,0,14344.599999999999,0.29999976994844957,,,,,,,,,,,,,,,,,,,,,,,,,,,,,,,,,,,,,,,,,,,,,,
View,,15222,560011,,0100-5-522-0000-00-0-00-2-560011,NASHOBA NURSING,18111.88,18111.88,19923.07,19923.07,21915.37,,21915.37,21915.37,28489.99,6574.620000000003,0.30000041067068467,28489.99,0,6574.620000000003,0.30000041067068467,28489.99,0,0,6574.620000000003,0.30000041067068467,,,,,,,,,,,,,,,,,,,,,,,,,,,,,,,,,,,,,,,,,,,,,,
,Human Services,,,,,     TOTAL ASSESSMENT - NASHOBA NURSING,18111.88,18111.88,19923.07,19923.07,21915.37,0,21915.37,21915.37,28489.99,6574.620000000003,0.30000041067068467,28489.99,0,6574.620000000003,0.30000041067068467,28489.99,0,0,6574.620000000003,0.30000041067068467,,,,,,,,,,,,,,,,,,,,,,,,,,,,,,,,,,,,,,,,,,,,,,
View,Public Safety,15242,531035,,0100-5-524-0000-00-0-00-2-531035,MEDICAL EXPENSES,4000,1475,4000,2262,4000,,4000,1150,6000,2000,0.5,6000,0,2000,0.5,6000,0,0,2000,0.5,,,,,,,,,,,,,,,,,,,,,,,,,,,,,,,,,,,,,,,,,,,,,,
View,Gen. Gov.,15252,531034,,0100-5-525-0000-00-0-00-2-531034,PHYSICALS,3500,3734,3500,3500,3500,,3500,3266,6000,2500,0.7142857142857143,6000,0,2500,0.7142857142857143,6000,0,0,2500,0.7142857142857143,,,,,,,,,,,,,,,,,,,,,,,,,,,,,,,,,,,,,,,,,,,,,,
,,,,,,     TOTAL EXPENSE - MEDICAL EXPENSES,7500,5209,7500,5762,7500,0,7500,4416,12000,4500,0.6,12000,0,4500,0.6,12000,0,0,4500,0.6,,,,,,,,,,,,,,,,,,,,,,,,,,,,,,,,,,,,,,,,,,,,,,
View,,15411,511000,,0100-5-541-0000-00-0-00-1-511000,SENIOR CENTER DIRECTOR SALARY,82489.69,87478.4,82219.68,100552.43,87053.04,2583,89637.04,52283,87053.04,0,0,87053.04,0,0,0,87053.04,0,0,0,0,,,,,,,,,,,,,,,,,,,,,,,,,,,,,,,,,,,,,,,,,,,,,,
View,,15411,511001,,0100-5-541-0000-00-0-00-1-511001,COUNCIL ON AGING CLERICAL,37797.76,36995.02,37774.86,37658.04,41064.36,,41064.36,24142.44,41064.36,0,0,41064.36,0,0,0,41064.36,0,0,0,0,,,,,,,,,,,,,,,,,,,,,,,,,,,,,,,,,,,,,,,,,,,,,,
View,,15411,511002,,0100-5-541-0000-00-0-00-1-511002,SALARY ASST MEAL SITE MANAGER,20416.32,9759.28,19807.88,12110.24,19825.74,1254,21079.74,607.88,0,-19825.74,-1,19825.74,19825.74,0,0,19825.74,19825.74,0,0,0,,,,,,,,,,,,,,,,,,,,,,,,,,,,,,,,,,,,,,,,,,,,,,
View,,15411,511003,,0100-5-541-0000-00-0-00-1-511003,MEAL SITE MANAGER SALARY,20278.12,18470.49,20278.12,15858.48,44254.08,719,44973.08,12809.75,47200.56,2946.479999999996,0.06658097965204554,47200.56,0,2946.479999999996,0.06658097965204554,47200.56,0,0,2946.479999999996,0.06658097965204554,,,,,,,,,,,,,,,,,,,,,,,,,,,,,,,,,,,,,,,,,,,,,,
View,,15411,511015,,0100-5-541-0000-00-0-00-1-511015,OUTREACH WORKER,43380.4,45789.12,44626.25,49912.75,51785.24,1568,53353.24,27471.1,50290,-1495.239999999998,-0.028873864444772256,50290,0,-1495.239999999998,-0.028873864444772256,50290,0,0,-1495.239999999998,-0.028873864444772256,,,,,,,,,,,,,,,,,,,,,,,,,,,,,,,,,,,,,,,,,,,,,,
View,,15411,512207,,0100-5-541-0000-00-0-00-1-512207,P/R ASST OUTREACH WORKER,9063.6,7773.6,9632.85,9956.08,0,,0,,,0,#DIV/0!,,0,0,0,,0,0,0,#DIV/0!,,,,,,,,,,,,,,,,,,,,,,,,,,,,,,,,,,,,,,,,,,,,,,
View,,15411,514002,,0100-5-541-0000-00-0-00-1-514002,LONGEVITY PAY,2367.46,2575.25,2509.36,2811.28,0,,0,,,0,#DIV/0!,,0,0,0,,0,0,0,#DIV/0!,,,,,,,,,,,,,,,,,,,,,,,,,,,,,,,,,,,,,,,,,,,,,,
View,,15411,519010,,0100-5-541-0000-00-0-00-1-519010,CONTRACT EVALUATION STIPEND,0,0,0,0,0,,0,,,0,#DIV/0!,,0,0,0,,0,0,0,#DIV/0!,,,,,,,,,,,,,,,,,,,,,,,,,,,,,,,,,,,,,,,,,,,,,,
,,,,,,     TOTAL PAYROLL - SENIOR CENTER,215793.35,208841.15999999997,216848.99999999997,228859.3,243982.45999999996,6124,250107.45999999996,117314.17000000001,225607.96,-18374.49999999997,-0.0753107416000313,245433.69999999998,19825.73999999999,1451.2400000000198,0.0059481325010003585,245433.69999999998,19825.73999999999,0,1451.2400000000198,0.0059481325010003585,,,,,,,,,,,,,,,,,,,,,,,,,,,,,,,,,,,,,,,,,,,,,,
View,,15412,530000,,0100-5-541-0000-00-0-00-2-530000,PROGRAMS COA,5000,4350,5000,4532.38,8000,,8000,2900,6000,-2000,-0.25,8000,2000,0,0,8000,2000,0,0,0,,,,,,,,,,,,,,,,,,,,,,,,,,,,,,,,,,,,,,,,,,,,,,
View,,15412,530100,,0100-5-541-0000-00-0-00-2-530100,MOC NUTRITION,300,300,300,300,500,,500,400,500,0,0,500,0,0,0,500,0,0,0,0,,,,,,,,,,,,,,,,,,,,,,,,,,,,,,,,,,,,,,,,,,,,,,
View,,15412,531012,,0100-5-541-0000-00-0-00-2-531012,TRAINING,300,30,300,215,800,,800,19.95,500,-300,-0.375,500,0,-300,-0.375,500,0,0,-300,-0.375,,,,,,,,,,,,,,,,,,,,,,,,,,,,,,,,,,,,,,,,,,,,,,
View,,15412,534500,,0100-5-541-0000-00-0-00-2-534500,ADVERTISING,500,466,500,0,500,,500,30,0,-500,-1,0,0,-500,-1,0,0,0,-500,-1,,,,,,,,,,,,,,,,,,,,,,,,,,,,,,,,,,,,,,,,,,,,,,
View,,15412,540000,,0100-5-541-0000-00-0-00-2-540000,OFFICE SUPPLIES,2600,2322.6,2600,3074.18,3600,,3600,1042.226,3600,0,0,3600,0,0,0,3600,0,0,0,0,,,,,,,,,,,,,,,,,,,,,,,,,,,,,,,,,,,,,,,,,,,,,,
,,15412,TBD,,,KITCHEN SUPPLIES,0,0,0,0,0,,0,0,0,0,#DIV/0!,1500,1500,1500,1,1500,1500,0,1500,#DIV/0!,,,,,,,,,,,,,,,,,,,,,,,,,,,,,,,,,,,,,,,,,,,,,,
View,,15412,571000,,0100-5-541-0000-00-0-00-2-571000,MILEAGE REIMBURSEMENT,3674,3656.71,3674,2739.68,3800,,3800,0,1000,-2800,-0.7368421052631579,1000,0,-2800,-0.7368421052631579,1000,0,0,-2800,-0.7368421052631579,,,,,,,,,,,,,,,,,,,,,,,,,,,,,,,,,,,,,,,,,,,,,,
View,,15412,573100,,0100-5-541-0000-00-0-00-2-573100,MEETINGS/SCHOOL,500,320,0,0,0,,0,0,0,0,#DIV/0!,0,0,0,0,0,0,0,0,#DIV/0!,,,,,,,,,,,,,,,,,,,,,,,,,,,,,,,,,,,,,,,,,,,,,,
,,,,,,     TOTAL EXPENSE - SENIOR CENTER,12874,11445.310000000001,12374,10861.24,17200,0,17200,4392.1759999999995,11600,-5600,-0.32558139534883723,15100,3500,-2100,-0.12209302325581395,15100,3500,0,-2100,-0.12209302325581395,,,,,,,,,,,,,,,,,,,,,,,,,,,,,,,,,,,,,,,,,,,,,,
,Human Services,,,,,TOTAL COUNCIL ON AGING,228667.35,220286.46999999997,229222.99999999997,239720.53999999998,261182.45999999996,6124,267307.45999999996,121706.34600000002,237207.96,-23974.49999999997,-0.09179215173943907,260533.69999999998,23325.73999999999,-648.7599999999802,-0.002483934028341644,260533.69999999998,23325.73999999999,0,-648.7599999999802,-0.002483934028341644,,,,,,,,,,,,,,,,,,,,,,,,,,,,,,,,,,,,,,,,,,,,,,
View,,15431,511000,,0100-5-543-0000-00-0-00-1-511000,VETERAN'S AGENT SALARY,10000,8846.26,10000,10500,11000,,11000,6769.12,11000,0,0,11000,0,0,0,11000,0,0,0,0,,,,,,,,,,,,,,,,,,,,,,,,,,,,,,,,,,,,,,,,,,,,,,
,,,,,,     TOTAL PAYROLL - VETERANS SALARY,10000,8846.26,10000,10500,11000,0,11000,6769.12,11000,0,0,11000,0,0,0,11000,0,0,0,0,,,,,,,,,,,,,,,,,,,,,,,,,,,,,,,,,,,,,,,,,,,,,,
View,,15432,531003,,0100-5-543-0000-00-0-00-2-531003,CONTRACTED SERVICES,0,449,0,449,449,,449,0,500,51,0.11358574610244988,500,0,51,0.11358574610244988,500,0,0,51,0.11358574610244988,,,,,,,,,,,,,,,,,,,,,,,,,,,,,,,,,,,,,,,,,,,,,,
View,,15432,540000,,0100-5-543-0000-00-0-00-2-540000,OFFICE SUPPLIES,250,191.39,250,200,500,,500,525.94,500,0,0,500,0,0,0,500,0,0,0,0,,,,,,,,,,,,,,,,,,,,,,,,,,,,,,,,,,,,,,,,,,,,,,
,,15432,541018,,,VETERANS GRAVES/MEMORIAL DAY SUPPLIES,1250,0,1250,,1750,,,,1750,0,0,1750,0,0,0,1750,0,0,0,0,,,,,,,,,,,,,,,,,,,,,,,,,,,,,,,,,,,,,,,,,,,,,,
,,,,,,     TOTAL EXPENSE - VETERANS EXPENSE,1500,640.39,1500,649,2699,0,949,525.94,2750,51,0.018895887365690995,2750,0,51,0.018895887365690995,2750,0,0,51,0.018895887365690995,,,,,,,,,,,,,,,,,,,,,,,,,,,,,,,,,,,,,,,,,,,,,,
View,,15432,577001,,0100-5-544-0000-00-0-00-2-577001,VETERANS BENEFITS,99275,54476.97,99275,45344.38,77000,,77000,42803.22,77000,0,0,77000,0,0,0,77000,0,0,0,0,,,,,,,,,,,,,,,,,,,,,,,,,,,,,,,,,,,,,,,,,,,,,,
,,,,,,     TOTAL EXPENSE - VETERANS BENEFITS,99275,54476.97,99275,45344.38,77000,0,77000,42803.22,77000,0,0,77000,0,0,0,77000,0,0,0,0,,,,,,,,,,,,,,,,,,,,,,,,,,,,,,,,,,,,,,,,,,,,,,
,Human Services,,,,,TOTAL VETERANS ADMINISTRATION,110775,63963.62,110775,56493.38,90699,0,88949,50098.280000000006,90750,51,0.0005622994740846095,90750,0,51,0.0005622994740846095,90750,0,0,51,0.0005622994740846095,,,,,,,,,,,,,,,,,,,,,,,,,,,,,,,,,,,,,,,,,,,,,,
View,,16101,511000,,0100-6-610-0000-00-0-00-1-511000,LIBRARY DIRECTOR SALARY,85590.23,85590.23,90725.64,90725.64,97076.43,,97076.43,57278.76,104842.55,7766.12000000001,0.08000005768650548,104842.55,0,7766.12000000001,0.08000005768650548,104842.55,0,0,7766.12000000001,0.08000005768650548,,,,,,,,,,,,,,,,,,,,,,,,,,,,,,,,,,,,,,,,,,,,,,
View,,16101,511002,,0100-6-610-0000-00-0-00-1-511002,ASST LIBRARY DIRECTOR SALARY,60485.62,59546.31,64023.26,63730.96,69626.75,,69626.75,42483.76,72533.86,2907.1100000000006,0.04175277461607788,72533.86,0,2907.1100000000006,0.04175277461607788,72533.86,0,0,2907.1100000000006,0.04175277461607788,,,,,,,,,,,,,,,,,,,,,,,,,,,,,,,,,,,,,,,,,,,,,,
View,,16101,511003,,0100-6-610-0000-00-0-00-1-511003,LIBRARY STAFF SALARIES,218674.13,200078.41,234810.87,249570.38,269512.58,3245,272757.58,149391.46,226077.79,-43434.79000000001,-0.16116052913003173,269048.833,42971.042999999976,-463.74700000003213,-0.0017206877690088978,269048.833,42971.042999999976,0,-463.74700000003213,-0.0017206877690088978,,,,,,,,,,,,,,,,,,,,,,,,,,,,,,,,,,,,,,,,,,,,,,
,,16101,514002,,,LONGEVITY PAY,,,,,,,,850,,0,#DIV/0!,,0,0,0,,0,0,0,#DIV/0!,,,,,,,,,,,,,,,,,,,,,,,,,,,,,,,,,,,,,,,,,,,,,,
,,,,,,     TOTAL PAYROLL - LIBRARY,364749.98,345214.94999999995,389559.77,404026.98,436215.76,3245,439460.76,249153.97999999998,403454.2,-32761.559999999998,-0.07510402650284803,446425.243,42971.043000000005,10209.483000000007,0.023404663325323247,446425.243,42971.043000000005,0,10209.483000000007,0.023404663325323247,,,,,,,,,,,,,,,,,,,,,,,,,,,,,,,,,,,,,,,,,,,,,,
View,,16102,521006,,0100-6-610-0000-00-0-00-2-521006,SEWERAGE DISPOSAL,1000,819.6,1000,1585,1300,,1300,475.5,1300,0,0,1300,0,0,0,1300,0,0,0,0,,,,,,,,,,,,,,,,,,,,,,,,,,,,,,,,,,,,,,,,,,,,,,
View,,16102,521011,,0100-6-610-0000-00-0-00-2-521011,ELECTRICITY CHARGES,22500,15490.84,22500,19123.33,22500,,22500,1180.24,22500,0,0,22500,0,0,0,22500,0,0,0,0,,,,,,,,,,,,,,,,,,,,,,,,,,,,,,,,,,,,,,,,,,,,,,
View,,16102,521025,,0100-6-610-0000-00-0-00-2-521025,HEATING CHARGES/NATURAL GAS,18500,14145.88,18500,13059.25,18500,,18500,5753.5,18500,0,0,18500,0,0,0,18500,0,0,0,0,,,,,,,,,,,,,,,,,,,,,,,,,,,,,,,,,,,,,,,,,,,,,,
View,,16102,523001,,0100-6-610-0000-00-0-00-2-523001,WATER CHARGES,1000,865.96,1000,1199.96,1150,,1150,573.6,1200,50,0.043478260869565216,1200,0,50,0.043478260869565216,1200,0,0,50,0.043478260869565216,,,,,,,,,,,,,,,,,,,,,,,,,,,,,,,,,,,,,,,,,,,,,,
View,,16102,524300,,0100-6-610-0000-00-0-00-2-524300,NETWORK MAINTENANCE,500,239.4,500,498.52,500,,500,139.65,500,0,0,500,0,0,0,500,0,0,0,0,,,,,,,,,,,,,,,,,,,,,,,,,,,,,,,,,,,,,,,,,,,,,,
View,,16102,524400,,0100-6-610-0000-00-0-00-2-524400,BOOK SERVICE,4500,3294,4500,4500,4500,,4500,4476,0,-4500,-1,0,0,-4500,-1,0,0,0,-4500,-1,,,,,,,,,,,,,,,,,,,,,,,,,,,,,,,,,,,,,,,,,,,,,,
View,,16102,530000,,0100-6-610-0000-00-0-00-2-530000,PROGRAMS,11000,10970.58,15000,15000,16000,,16000,7274.57,19500,3500,0.21875,21000,1500,5000,0.3125,21000,1500,0,5000,0.3125,,,,,,,,,,,,,,,,,,,,,,,,,,,,,,,,,,,,,,,,,,,,,,
View,,16102,531003,,0100-6-610-0000-00-0-00-2-531003,CONTRACTED SERVICES,2500,4745.04,2500,2454.96,2500,,2500,,2500,0,0,2500,0,0,0,2500,0,0,0,0,,,,,,,,,,,,,,,,,,,,,,,,,,,,,,,,,,,,,,,,,,,,,,
View,,16102,531021,,0100-6-610-0000-00-0-00-2-531021,CWMARS NETWORK,19880,19880,22630,22630,20571,,20571,20571,21006,435,0.02114627388070585,21006,0,435,0.02114627388070585,21006,0,0,435,0.02114627388070585,,,,,,,,,,,,,,,,,,,,,,,,,,,,,,,,,,,,,,,,,,,,,,
View,,16102,540000,,0100-6-610-0000-00-0-00-2-540000,OFFICE SUPPLIES,6000,11434.42,7000,15865.6,8000,,8000,0,8000,0,0,8000,0,0,0,8000,0,0,0,0,,,,,,,,,,,,,,,,,,,,,,,,,,,,,,,,,,,,,,,,,,,,,,
View,,16102,541001,,0100-6-610-0000-00-0-00-2-541001,CUSTODIAL SUPPLIES,300,199.53,300,305.68,300,,300,232.72,300,0,0,300,0,0,0,300,0,0,0,0,,,,,,,,,,,,,,,,,,,,,,,,,,,,,,,,,,,,,,,,,,,,,,
View,,16102,551000,,0100-6-610-0000-00-0-00-2-551000,LIBRARY MATERIAL,85500,126451.86,94000,95303,96000,,96000,2088.47,96200,200,0.0020833333333333333,106937,10737,10937,0.11392708333333333,106937,10737,0,10937,0.11392708333333333,,,,,,,,,,,,,,,,,,,,,,,,,,,,,,,,,,,,,,,,,,,,,,
View,,16102,571000,,0100-6-610-0000-00-0-00-2-571000,MILEAGE REIMBURSEMENT,2000,522.02,4000,3999.3,4000,,4000,278,1000,-3000,-0.75,1000,0,-3000,-0.75,1000,0,0,-3000,-0.75,,,,,,,,,,,,,,,,,,,,,,,,,,,,,,,,,,,,,,,,,,,,,,
View,,16102,573000,,0100-6-610-0000-00-0-00-2-573000,PROFESSIONAL DEVELOPMENT,0,0,0,0,0,,0,,3000,3000,#DIV/0!,3000,0,3000,1,3000,0,0,3000,#DIV/0!,,,,,,,,,,,,,,,,,,,,,,,,,,,,,,,,,,,,,,,,,,,,,,
,,,,,,     TOTAL EXPENSE - LIBRARY,175180,209059.12999999998,193430,195524.59999999998,195821,0,195821,43043.25,195506,-315,-0.0016086119466247235,207743,12237,11922,0.06088213215130144,207743,12237,0,11922,0.06088213215130144,,,,,,,,,,,,,,,,,,,,,,,,,,,,,,,,,,,,,,,,,,,,,,
,Culture and Rec,,,,,TOTAL LIBRARY ,539929.98,554274.08,582989.77,599551.58,632036.76,3245,635281.76,292197.23,598960.2,-33076.560000000056,-0.052333285171577766,654168.243,55208.04300000006,22131.483000000007,0.03501613260595793,654168.243,55208.04300000006,0,22131.483000000007,0.03501613260595793,,,,,,,,,,,,,,,,,,,,,,,,,,,,,,,,,,,,,,,,,,,,,,
View,,16501,511000,,0100-4-650-0000-00-0-00-1-511000,PARK SUPERVISOR SALARY,24412.3,25929.54,25346.64,28315.01,29033.6,871,29904.6,6346.24,0,-29033.6,-1,30919.54,30919.54,1885.9400000000023,0.06495715309159052,75000,75000,44080.46,45966.4,1.5832139314449467,,,,,,,,,,,,,,,,,,,,,,,,,,,,,,,,,,,,,,,,,,,,,,
View,,16501,512100,,0100-4-650-0000-00-0-00-1-512100,TOWN BEACH SALARIES,20500,30431.27,20500,26583.82,24000,,24000,24347.27,15000,-9000,-0.375,25000,10000,1000,0.041666666666666664,25000,10000,0,1000,0.041666666666666664,,,,,,,,,,,,,,,,,,,,,,,,,,,,,,,,,,,,,,,,,,,,,,
View,,16501,512107,,0100-4-650-0000-00-0-00-1-512107,SALARIES PROGRAMMING,5000,3519.7,5000,497,5000,,5000,0,0,-5000,-1,5000,5000,0,0,5000,5000,0,0,0,,,,,,,,,,,,,,,,,,,,,,,,,,,,,,,,,,,,,,,,,,,,,,
,,,,,,     TOTAL SALARY - PARKS & RECREATION,49912.3,59880.509999999995,50846.64,55395.83,58033.6,871,58904.6,30693.510000000002,15000,-43033.6,-0.7415290452427559,60919.54,45919.54,2885.9400000000023,0.04972877781147477,105000,90000,44080.46,46966.4,0.8092966833007086,,,,,,,,,,,,,,,,,,,,,,,,,,,,,,,,,,,,,,,,,,,,,,
View,,16502,531006,,0100-4-650-0000-00-0-00-2-531006,PURCHASE OF SERVICE,55000,46962.39,60000,51727.16,70000,,70000,70000,60000,-10000,-0.14285714285714285,80000,20000,10000,0.14285714285714285,80000,20000,0,10000,0.14285714285714285,,,,,,,,,,,,,,,,,,,,,,,,,,,,,,,,,,,,,,,,,,,,,,
View,,16502,531043,,0100-4-650-0000-00-0-00-2-531043,DEPARTMENT EXPENSES,6400,8561.53,6400,2979.41,6400,,6400,3000,6000,-400,-0.0625,6400,400,0,0,6400,400,0,0,0,,,,,,,,,,,,,,,,,,,,,,,,,,,,,,,,,,,,,,,,,,,,,,
,,,,,,     TOTAL EXPENSE - PARKS & RECREATION,61400,55523.92,66400,54706.57000000001,76400,0,76400,73000,66000,-10400,-0.13612565445026178,86400,20400,10000,0.13089005235602094,86400,20400,0,10000,0.13089005235602094,,,,,,,,,,,,,,,,,,,,,,,,,,,,,,,,,,,,,,,,,,,,,,
,Facilities,,,,,TOTAL PARK DEPARTMENT,111312.3,115404.43,117246.64,110102.40000000001,134433.6,871,135304.6,103693.51000000001,81000,-53433.600000000006,-0.39747206055628953,147319.54,66319.54000000001,12885.940000000002,0.0958535663703122,191400,110400,44080.45999999999,56966.399999999994,0.4237512050558788,,,,,,,,,,,,,,,,,,,,,,,,,,,,,,,,,,,,,,,,,,,,,,
View,,16912,521001,,0100-6-691-0000-00-0-00-2-521001,OFFICE EQUIPMENT MTC,2500,0,2500,2500,500,,500,,0,-500,-1,500,500,0,0,500,500,0,0,0,,,,,,,,,,,,,,,,,,,,,,,,,,,,,,,,,,,,,,,,,,,,,,
View,,16912,540000,,0100-6-691-0000-00-0-00-2-540000,OFFICE SUPPLIES,500,30,500,499.92,500,,500,,0,-500,-1,500,500,0,0,500,500,0,0,0,,,,,,,,,,,,,,,,,,,,,,,,,,,,,,,,,,,,,,,,,,,,,,
,Culture and Rec,,,,,     TOTAL EXPENSE - HISTORICAL COMMISSION,3000,30,3000,2999.92,1000,0,1000,0,0,-1000,-1,1000,1000,0,0,1000,1000,0,0,0,,,,,,,,,,,,,,,,,,,,,,,,,,,,,,,,,,,,,,,,,,,,,,
View,,16932,520000,,0100-6-693-0000-00-0-00-2-520000,BAND CONCERT,6000,6000,6000,6000,6000,,6000,6000,0,-6000,-1,6000,6000,0,0,6000,6000,0,0,0,,,,,,,,,,,,,,,,,,,,,,,,,,,,,,,,,,,,,,,,,,,,,,
,Culture and Rec,,,,,     TOTAL EXPENSE - BAND CONCERTS,6000,6000,6000,6000,6000,0,6000,6000,0,-6000,-1,6000,6000,0,0,6000,6000,0,0,0,,,,,,,,,,,,,,,,,,,,,,,,,,,,,,,,,,,,,,,,,,,,,,
View,,17102,590001,,0100-7-710-0000-00-0-00-2-590001,SERIAL LOANS PRINCIPLE,2335199.75,2335199.76,1832252.62,1832252.62,1506369.41,,1506369.41,971369.41,1553018.66,46649.25,0.030968001401462344,1553018.66,0,46649.25,0.030968001401462344,1553018.66,0,0,46649.25,0.030968001401462344,,,,,,,,,,,,,,,,,,,,,,,,,,,,,,,,,,,,,,,,,,,,,,
,Mat. Debt,,,,,     TOTAL EXPENSE - PRINCIPLE,2335199.75,2335199.76,1832252.62,1832252.62,1506369.41,0,1506369.41,971369.41,1553018.66,46649.25,0.030968001401462344,1553018.66,0,46649.25,0.030968001401462344,1553018.66,0,0,46649.25,0.030968001401462344,,,,,,,,,,,,,,,,,,,,,,,,,,,,,,,,,,,,,,,,,,,,,,
View,,17512,590002,,0100-7-751-0000-00-0-00-2-590002,SERIAL LOANS INTEREST,1169576.83,1169576.83,1101717.02,1101717.02,1039840.48,,1039840.48,828652.98,983466.57,-56373.91000000003,-0.05421399828558322,983466.57,0,-56373.91000000003,-0.05421399828558322,983466.57,0,0,-56373.91000000003,-0.05421399828558322,,,,,,,,,,,,,,,,,,,,,,,,,,,,,,,,,,,,,,,,,,,,,,
,Mat. Debt,,,,,     TOTAL EXPENSE - INTEREST,1169576.83,1169576.83,1101717.02,1101717.02,1039840.48,0,1039840.48,828652.98,983466.57,-56373.91000000003,-0.05421399828558322,983466.57,0,-56373.91000000003,-0.05421399828558322,983466.57,0,0,-56373.91000000003,-0.05421399828558322,,,,,,,,,,,,,,,,,,,,,,,,,,,,,,,,,,,,,,,,,,,,,,
View,,17522,590003,,0100-7-752-0000-00-0-00-2-590003,TEMPORARY LOAN INTEREST,11405.65,11405.65,5986.48,5986.48,0,,0,,0,0,#DIV/0!,0,0,0,0,0,0,0,0,#DIV/0!,,,,,,,,,,,,,,,,,,,,,,,,,,,,,,,,,,,,,,,,,,,,,,
,Mat. Debt,,,,,     TOTAL EXPENSE - TEMP INTEREST,11405.65,11405.65,5986.48,5986.48,0,0,0,0,0,0,#DIV/0!,0,0,0,0,0,0,0,0,#DIV/0!,,,,,,,,,,,,,,,,,,,,,,,,,,,,,,,,,,,,,,,,,,,,,,
View,,17542,531040,,0100-7-754-0000-00-0-00-2-531040,LOAN ADMINISTRATIVE FEES,1830.58,1830.58,1365.38,1365.38,1230.47,,1230.47,1230.47,1093.13,-137.33999999999992,-0.11161588661243257,1093.13,0,-137.33999999999992,-0.11161588661243257,1093.13,0,0,-137.33999999999992,-0.11161588661243257,,,,,,,,,,,,,,,,,,,,,,,,,,,,,,,,,,,,,,,,,,,,,,
,Mat. Debt,,,,,      TOTAL -  LOAN FEES,1830.58,1830.58,1365.38,1365.38,1230.47,0,1230.47,1230.47,1093.13,-137.33999999999992,-0.11161588661243257,1093.13,0,-137.33999999999992,-0.11161588661243257,1093.13,0,0,-137.33999999999992,-0.11161588661243257,,,,,,,,,,,,,,,,,,,,,,,,,,,,,,,,,,,,,,,,,,,,,,
,,,,,,TOTAL MATURING DEBT,3518012.81,3518012.82,2941321.5,2941321.5,2547440.36,0,2547440.36,1801252.86,2537578.36,-9862,-0.0038713369525165253,2537578.36,0,-9862,-0.0038713369525165253,2537578.36,0,0,-9862,-0.0038713369525165253,,,,,,,,,,,,,,,,,,,,,,,,,,,,,,,,,,,,,,,,,,,,,,
View,,18202,560001,,0100-8-820-0000-00-0-00-2-560001,COUNTY RETIREMENT,1917969,1917969,2127801,2127801,2392572,,2392572,2392575,2630750,238178,0.09954893729425907,2630750,0,238178,0.09954893729425907,2630750,0,0,238178,0.09954893729425907,,,,,,,,,,,,,,,,,,,,,,,,,,,,,,,,,,,,,,,,,,,,,,
,Intergovernmental,,,,,     TOTAL - WORCESTER COUNTY ASSESSMENT,1917969,1917969,2127801,2127801,2392572,0,2392572,2392575,2630750,238178,0.09954893729425907,2630750,0,238178,0.09954893729425907,2630750,0,0,238178,0.09954893729425907,,,,,,,,,,,,,,,,,,,,,,,,,,,,,,,,,,,,,,,,,,,,,,
View,,18252,560002,,0100-8-825-0000-00-0-00-2-560002,MVE SURCHARGE,7640,7640,9120,13920,14920,,14920,4640,13920,-1000,-0.06702412868632708,13920,0,-1000,-0.06702412868632708,13920,0,0,-1000,-0.06702412868632708,,,,,,,,,,,,,,,,,,,,,,,,,,,,,,,,,,,,,,,,,,,,,,
View,,18252,560003,,0100-8-825-0000-00-0-00-2-560003,MOSQUITO CONTROL,81723,81714,87659,85601,89897,,89897,29960,89873,-24,-0.00026697220151951676,89873,0,-24,-0.00026697220151951676,89873,0,0,-24,-0.00026697220151951676,,,,,,,,,,,,,,,,,,,,,,,,,,,,,,,,,,,,,,,,,,,,,,
View,,18252,560004,,0100-8-825-0000-00-0-00-2-560004,AIR POLLUTION CONTROL,3723,3723,3816,3821,3968,,3968,1324,3968,0,0,3968,0,0,0,3968,0,0,0,0,,,,,,,,,,,,,,,,,,,,,,,,,,,,,,,,,,,,,,,,,,,,,,
View,,18252,560005,,0100-8-825-0000-00-0-00-2-560005,REGIONAL TRANSIT,71033,71033,75171,65471,77917,,77917,25976,12394,-65523,-0.8409333008201034,12394,0,-65523,-0.8409333008201034,12394,0,0,-65523,-0.8409333008201034,,,,,,,,,,,,,,,,,,,,,,,,,,,,,,,,,,,,,,,,,,,,,,
,,18252,560006,,,SPECIAL EDUCATION,,,0,12524,,,,0,,0,#DIV/0!,,0,0,0,,0,0,0,#DIV/0!,,,,,,,,,,,,,,,,,,,,,,,,,,,,,,,,,,,,,,,,,,,,,,
View,,18252,560007,,0100-8-825-0000-00-0-00-2-560007,MASS BAY TRANSPORTATION,15390,15390,17172,14310,12394,,12394,4132,77917,65523,5.286670969824108,77917,0,65523,5.286670969824108,77917,0,0,65523,5.286670969824108,,,,,,,,,,,,,,,,,,,,,,,,,,,,,,,,,,,,,,,,,,,,,,
View,,18252,560013,,0100-8-825-0000-00-0-00-2-560013,CHOICE TUITION ASSESSMENT,441197,401724,386030,399365,361043,,361043,153428,460282,99239,0.2748675365538177,460282,0,99239,0.2748675365538177,460282,0,0,99239,0.2748675365538177,,,,,,,,,,,,,,,,,,,,,,,,,,,,,,,,,,,,,,,,,,,,,,
View,,18252,560014,,0100-8-825-0000-00-0-00-2-560014,CHARTER TUITION ASSESSMENT,493750,436987,479120,399092,468390,,468390,114968,344897,-123493,-0.26365421977411985,344897,0,-123493,-0.26365421977411985,344897,0,0,-123493,-0.26365421977411985,,,,,,,,,,,,,,,,,,,,,,,,,,,,,,,,,,,,,,,,,,,,,,
,Intergovernmental,,,,,     TOTAL STATE - ASSESSMENTS,1114456,1018211,1058088,994104,1028529,0,1028529,334428,1003251,-25278,-0.024576847128277374,1003251,0,-25278,-0.024576847128277374,1003251,0,0,-25278,-0.024576847128277374,,,,,,,,,,,,,,,,,,,,,,,,,,,,,,,,,,,,,,,,,,,,,,
View,,18412,570007,,0100-8-841-0000-00-0-00-2-570007,MONTACHUSETT PLANNING COMM,4262.2,4262.2,4368.76,4368.76,4477.98,,4477.98,4477.98,4589.93,111.95000000000073,0.025000111657488586,4589.93,0,111.95000000000073,0.025000111657488586,4589.93,0,0,111.95000000000073,0.025000111657488586,,,,,,,,,,,,,,,,,,,,,,,,,,,,,,,,,,,,,,,,,,,,,,
,Intergovernmental,,,,,     TOTAL - MONTACHUSETT PLANNING,4262.2,4262.2,4368.76,4368.76,4477.98,0,4477.98,4477.98,4589.93,111.95000000000073,0.025000111657488586,4589.93,0,111.95000000000073,0.025000111657488586,4589.93,0,0,111.95000000000073,0.025000111657488586,,,,,,,,,,,,,,,,,,,,,,,,,,,,,,,,,,,,,,,,,,,,,,
View,,19122,570005,,0100-9-912-0000-00-0-00-2-570005,WORKERS COMPENSATION,161882.28,122983,169976.39,118079.95,145000,,145000,123489,135000,-10000,-0.06896551724137931,135000,0,-10000,-0.06896551724137931,135000,0,0,-10000,-0.06896551724137931,,,,,,,,,,,,,,,,,,,,,,,,,,,,,,,,,,,,,,,,,,,,,,
,Unclassified,,,,,     TOTAL - WORKERS COMPENSATION,161882.28,122983,169976.39,118079.95,145000,0,145000,123489,135000,-10000,-0.06896551724137931,135000,0,-10000,-0.06896551724137931,135000,0,0,-10000,-0.06896551724137931,,,,,,,,,,,,,,,,,,,,,,,,,,,,,,,,,,,,,,,,,,,,,,
View,,19132,570008,,0100-9-913-0000-00-0-00-2-570008,UNEMPLOYMENT COMPENSATION,10000,11196,10000,217.87,10000,,10000,,10000,0,0,10000,0,0,0,10000,0,0,0,0,,,,,,,,,,,,,,,,,,,,,,,,,,,,,,,,,,,,,,,,,,,,,,
,Unclassified,,,,,     TOTAL - UNEMPLOYMENT COMPENSATION,10000,11196,10000,217.87,10000,0,10000,0,10000,0,0,10000,0,0,0,10000,0,0,0,0,,,,,,,,,,,,,,,,,,,,,,,,,,,,,,,,,,,,,,,,,,,,,,
View,,19142,570001,,0100-9-914-0000-00-0-00-2-570001,TOWN ACTIVE HEALTH INSURANCE,1158835.62,923118.18,1219887,1012709.23,1315270.06,,1315270.06,1282395.82,1454862.61,139592.55000000005,0.10613223416641905,1479862.61,25000,164592.55000000005,0.12513973746197798,1604862.61,150000,125000,289592.55000000005,0.22017725393977267,,,,,,,,,,,,,,,,,,,,,,,,,,,,,,,,,,,,,,,,,,,,,,
View,,19142,570004,,0100-9-914-0000-00-0-00-2-570004,INSURANCE COST CONTROL,8000,8000,8000,8000,8000,,8000,4000,9500,1500,0.1875,9500,0,1500,0.1875,9500,0,0,1500,0.1875,,,,,,,,,,,,,,,,,,,,,,,,,,,,,,,,,,,,,,,,,,,,,,
View,,19142,570009,,0100-9-914-0000-00-0-00-2-570009,TOWN RETIREES HEALTH INSURANCE,432251.47,384372.97,420343.79,436174.55,453214.67,,453214.67,233989.64,570000,116785.33000000002,0.25768214872656264,570000,0,116785.33000000002,0.25768214872656264,570000,0,0,116785.33000000002,0.25768214872656264,,,,,,,,,,,,,,,,,,,,,,,,,,,,,,,,,,,,,,,,,,,,,,
View,,19142,570016,,0100-9-914-0000-00-0-00-2-570016,PEC CHAPTER 32B EXPENSES,500,0,500,0,500,,500,0,500,0,0,500,0,0,0,500,0,0,0,0,,,,,,,,,,,,,,,,,,,,,,,,,,,,,,,,,,,,,,,,,,,,,,
View,,19142,570018,,0100-9-914-0000-00-0-00-2-570018,SCHOOL RETIREES HLTH INSURANCE,1357882.44,1221147.84,1411181.22,1316507.51,1521535.59,,1521535.59,625713.82,1655000,133464.40999999992,0.08771691630295675,1655000,0,133464.40999999992,0.08771691630295675,1655000,0,0,133464.40999999992,0.08771691630295675,,,,,,,,,,,,,,,,,,,,,,,,,,,,,,,,,,,,,,,,,,,,,,
,Unclassified,,,,,     TOTAL - GROUP HEALTH INSURANCE,2957469.5300000003,2536638.99,3059912.01,2773391.29,3298520.3200000003,0,3298520.3200000003,2146099.28,3689862.6100000003,391342.29000000004,0.1186417702589748,3714862.6100000003,25000,416342.29000000004,0.12622092623640407,3839862.6100000003,150000,125000,541342.29,0.16411670612355056,,,,,,,,,,,,,,,,,,,,,,,,,,,,,,,,,,,,,,,,,,,,,,
View,,19142,570002,,0100-9-914-0000-00-0-00-2-570002,LIFE INSURANCE,15000,15401.19,15000,17556.06,15000,,15000,7402.15,20000,5000,0.3333333333333333,20000,0,5000,0.3333333333333333,20000,0,0,5000,0.3333333333333333,,,,,,,,,,,,,,,,,,,,,,,,,,,,,,,,,,,,,,,,,,,,,,
,Unclassified,,,,,TOTAL GROUP LIFE,15000,15401.19,15000,17556.06,15000,0,15000,7402.15,20000,5000,0.3333333333333333,20000,0,5000,0.3333333333333333,20000,0,0,5000,0.3333333333333333,,,,,,,,,,,,,,,,,,,,,,,,,,,,,,,,,,,,,,,,,,,,,,
View,,19142,570003,,0100-9-914-0000-00-0-00-2-570003,MEDICARE,341070,342349.51,375177,346827.88,400000,,400000,205310.5,410000,10000,0.025,410000,0,10000,0.025,410000,0,0,10000,0.025,,,,,,,,,,,,,,,,,,,,,,,,,,,,,,,,,,,,,,,,,,,,,,
,Unclassified,,,,,TOTAL MEDICARE- TOWN SHARE,341070,342349.51,375177,346827.88,400000,0,400000,205310.5,410000,10000,0.025,410000,0,10000,0.025,410000,0,0,10000,0.025,,,,,,,,,,,,,,,,,,,,,,,,,,,,,,,,,,,,,,,,,,,,,,
View,,19452,570010,,0100-9-945-0000-00-0-00-2-570010,LIABILITY INSURANCE,233986.44,221076.91,234188.81,231635.91,234188.81,,234188.81,229840.11,225000,-9188.809999999998,-0.03923675943355277,225000,0,-9188.809999999998,-0.03923675943355277,225000,0,0,-9188.809999999998,-0.03923675943355277,,,,,,,,,,,,,,,,,,,,,,,,,,,,,,,,,,,,,,,,,,,,,,
View,,19452,573100,,0100-9-945-0000-00-0-00-2-573100,TRAINING,15000,5436.74,15000,2000,5000,,5000,,5000,0,0,5000,0,0,0,5000,0,0,0,0,,,,,,,,,,,,,,,,,,,,,,,,,,,,,,,,,,,,,,,,,,,,,,
,Unclassified,,,,,     TOTAL - LIABILITY INSURANCE,248986.44,226513.65,249188.81,233635.91,239188.81,0,239188.81,229840.11,230000,-9188.809999999998,-0.03841655468748725,230000,0,-9188.809999999998,-0.03841655468748725,230000,0,0,-9188.809999999998,-0.03841655468748725,,,,,,,,,,,,,,,,,,,,,,,,,,,,,,,,,,,,,,,,,,,,,,
View,,19932,570012,,0100-9-993-0000-00-0-00-2-570012,TRANSFER TO CAPITAL PROJECT,1049058,1049058.07,1016722,1016722.36,1052500,4617,1057117,1057111.32,,,,,,,,,,,,,,,,,,,,,,,,,,,,,,,,,,,,,,,,,,,,,,,,,,,,,,,,,,
View,,19962,570013,,0100-9-996-0000-00-0-00-2-570013,TRANSFER TO STABILIZATION FUND,717595,717595.25,537061,537061,232500,,232500,232500,,,,,,,,,,,,,,,,,,,,,,,,,,,,,,,,,,,,,,,,,,,,,,,,,,,,,,,,,,
,,,,,,     TOTAL TRANSFERS,1766653,1766653.32,1553783,1553783.3599999999,1285000,4617,1289617,1289611.32,0,,,0,,,,0,,,,,,,,,,,,,,,,,,,,,,,,,,,,,,,,,,,,,,,,,,,,,,,,,,
,,,,,,     TOTAL GENERAL FUND BUDGET,47444831.49000001,46378783.54000001,49761714.65999999,48152857.260000005,50689965.1,192169,25052062.22,16881520.025999997,50928950.992,238985.8919999972,0.004714658838855606,53283502.675,,,,54139896.824999996,,,,,,,,,,,,,,,,,,,,,,,,,,,,,,,,,,,,,,,,,,,,,,,,,,
,,,,,,     TOTAL SCHOOL BUDGET,610186.5099999905,81592.82999999047,841089.340000011,331062.70999999344,,,,,,,,,,,,,,,,,,,,,,,,,,,,,,,,,,,,,,,,,,,,,,,,,,,,,,,,,,,,,,
,,,,,,,,,,,,,,,Balance,Increase Over FY26,% Increase,TIER 1,Change from Balanced,Increase Over FY26,% Increase,TIER 2,Change from Balanced,Change from Tier 1,$ Change over FY26,%Change over FY26,,,,,,,,,,,,,,,,,,,,,,,,,,,,,,,,,,,,,,,,,,,,,,
,,,,,,TOTAL MATURING DEBT,3518012.81,3518012.82,2941321.5,2941321.5,2547440.36,0,2547440.36,1801252.86,2537578.36,-9862,-0.0038713369525165253,2537578.36,0,-9862,-0.0038713369525165253,2537578.36,0,0,-9862,-0.0038713369525165253,,,,,,,,,,,,,,,,,,,,,,,,,,,,,,,,,,,,,,,,,,,,,,
,,,,,,TOTAL GENERAL GOVERNMENT UNCLASSIFIED,3734408.25,3255082.3400000003,3879254.21,3489708.96,4107709.1300000004,0,4107709.1300000004,2712141.0399999996,4494862.61,387153.48,0.09425046120536776,4519862.61,25000,412153.48,0.10033657860287687,4644862.61,150000,125000,537153.48,0.1307671655904224,,,,,,,,,,,,,,,,,,,,,,,,,,,,,,,,,,,,,,,,,,,,,,
,,,,,,TOTAL GENERAL GOVERNMENT,2417002.72,2246974.92,2826832.33,2264485.7800000003,2962263.14,96273,3018312.2600000002,1561945.67,3137898.6399999997,175635.49999999953,0.059290985202617594,3190641.1999999997,52742.560000000056,228378.0599999996,0.07709580452734513,3220907.9699999997,83009.33000000007,30266.77000000002,258644.8299999996,0.08731325266397488,,,,,,,,,,,,,,,,,,,,,,,,,,,,,,,,,,,,,,,,,,,,,,
,,,,,,TOTAL PUBLIC SAFETY,4350593.87,4206041.15,4481172.659999999,4222405.73,4547849.279999999,73842,4621066.279999999,2806119.4800000004,4810579.332,262730.0520000011,0.057770175708197855,4969309.801999999,158730.4699999988,421460.5219999999,0.09267249111650418,5312329.721999999,501750.38999999873,343019.9199999999,764480.4419999998,0.16809713667555842,,,,,,,,,,,,,,,,,,,,,,,,,,,,,,,,,,,,,,,,,,,,,,
,,,,,,TOTAL DPW,2522449.8000000003,2588694.31,2703652.09,2884846.1500000004,2476953.29,3627,2480580.29,1764448.9,2188527.18,-288426.10999999987,-0.11644390355055903,2554677.5100000002,366150.3300000001,77724.2200000002,0.03137896072315526,2554677.5100000002,366150.3300000001,0,77724.2200000002,0.03137896072315526,,,,,,,,,,,,,,,,,,,,,,,,,,,,,,,,,,,,,,,,,,,,,,
,,,,,,TOTAL FACILITIES AND BUILDINGS,983851.7100000001,999472.3299999998,992711.12,1024973.6,1067396.4,4441,1071837.4,635900.23,1017174.5599999999,-50221.83999999997,-0.047050786380767234,1083494.1,66319.54000000015,16097.700000000186,0.015081276271870682,1127574.56,110400.00000000012,44080.45999999996,60178.16000000015,0.056378455089412104,,,,,,,,,,,,,,,,,,,,,,,,,,,,,,,,,,,,,,,,,,,,,,
,,,,,,TOTAL HUMAN SERVICES,443318.5,390412.36,456731.74,411404.6,478242.75999999995,6124,482617.75999999995,274322.31600000005,452565.11,-25677.649999999965,-0.05369166487747764,475965.85,23400.73999999999,-2276.9099999999744,-0.004760992095311541,475965.85,23400.73999999999,0,-2276.9099999999744,-0.004760992095311541,,,,,,,,,,,,,,,,,,,,,,,,,,,,,,,,,,,,,,,,,,,,,,
,,,,,,TOTAL SCHOOLS,24082518,23881750.39,26109022,25611971.71,27121995,0,1334521,1000890,28024714.07,902719.0700000003,0.033283652990865914,29624714.07,1600000,2502719.0700000003,0.09227636351971898,29973241.07,1948527,348527,2851246.0700000003,0.10512670878377495,,,,,,,,,,,,,,,,,,,,,,,,,,,,,,,,,,,,,,,,,,,,,,
,,,,,,TOTAL CULTURE AND RECREATION,548929.98,560304.08,591989.77,608551.5,639036.76,3245,642281.76,298197.23,598960.2,-40076.560000000056,-0.06271401350995842,661168.243,62208.04300000006,22131.483000000007,0.03463256636441385,661168.243,62208.04300000006,0,22131.483000000007,0.03463256636441385,,,,,,,,,,,,,,,,,,,,,,,,,,,,,,,,,,,,,,,,,,,,,,
,,,,,,TOTAL INTERGOVERNMENTAL ASSESSMENTS,3036687.2,2940442.2,3190257.76,3126273.76,3425578.98,0,3425578.98,2731480.98,3638590.93,213011.9500000002,0.062182758372717535,3638590.93,0,213011.9500000002,0.062182758372717535,3638590.93,0,0,213011.9500000002,0.062182758372717535,,,,,,,,,,,,,,,,,,,,,,,,,,,,,,,,,,,,,,,,,,,,,,
,,,,,,TOTAL INTERGOVERNMENTAL w/o STATE ASSES,1922231.2,1922231.2,2132169.76,2132169.76,2397049.98,0,2397049.98,2397052.98,2635339.93,238289.9500000002,0.0994096710490785,2635339.93,0,238289.9500000002,0.0994096710490785,2635339.93,0,0,238289.9500000002,0.0994096710490785,,,,,,,,,,,,,,,,,,,,,,,,,,,,,,,,,,,,,,,,,,,,,,
,,,,,,TAX TITLE,29000,13537.67,29000,7144.13,30500,0,30500,5210,27500,-3000,-0.09836065573770492,27500,0,,,27500,0,0,-3000,-0.09836065573770492,,,,,,,,,,,,,,,,,,,,,,,,,,,,,,,,,,,,,,,,,,,,,,
,,,,,,,,,,,,,,,,,,,0,,,,0,0,0,,,,,,,,,,,,,,,,,,,,,,,,,,,,,,,,,,,,,,,,,,,,,,,
,,,,,,TOTAL,45666772.84,44600724.57000001,48201945.18,46593087.42,49404965.099999994,187552,23762445.220000003,15591908.706000002,50928950.992000006,1523985.892000012,0.030846816487276746,53283502.675000004,2354551.6829999983,3878537.5750000104,0.07850501598674363,54174396.825,3245445.832999997,890894.1499999985,4769431.725000009,0.0965374981106911,,,,,,,,,,,,,,,,,,,,,,,,,,,,,,,,,,,,,,,,,,,,,,
,,,,,,TOTAL WITHOUT STATE ASSESSMENTS,44552316.84,43582513.57000001,47143857.18,45598983.42,48376436.099999994,187552,22733916.220000003,15257480.706000002,49925699.992000006,1549263.892000012,0.03202517624071138,52280251.675000004,2354551.6829999983,3903815.5750000104,0.08069663434756433,53171145.825,3245445.832999997,890894.1499999985,4794709.725000009,0.09911250417638784,,,,,,,,,,,,,,,,,,,,,,,,,,,,,,,,,,,,,,,,,,,,,,
View,,,,,,,,,,,,,,,0,,,-7.450580596923828e-09,,,,,,,,,,,,,,,,,,,,,,,,,,,,,,,,,,,,,,,,,,,,,,,,,,,,,,
View,,,,,,,,,,,,,,,,New Revenue,,,,New Revenue,,,,,,,,,,,,,,,,,,,,,,,,,,,,,,,,,,,,,,,,,,,,,,,,,,,,
View,,,,,,,,,,,,,,,,1549263.89000001,,,,1549263.89000001,,34500.00000000745,,,,,,,,,,,,,,,,,,,,,,,,,,,,,,,,,,,,,,,,,,,,,,,,,,
View,,,,,,,,,,,,,,,,,,,,,,,,,,,,,,,,,,,,,,,,,,,,,,,,,,,,,,,,,,,,,,,,,,,,,,,,
View,,,,,,,,,,,,,,,,,,,,,,6000,,,,,,,,,,,,,,,,,,,,,,,,,,,,,,,,,,,,,,,,,,,,,,,,,,
View,,,,,,,,,,,,,0,,,,,,,,,,,,,,,,,,,,,,,,,,,,,,,,,,,,,,,,,,,,,,,,,,,,,,,,,,,
View,,,,,,,,,,,,,,,,,,,,,,,,,,,,,,,,,,,,,,,,,,,,,,,,,,,,,,,,,,,,,,,,,,,,,,,,
View,,,,,,,,,,,,,,,,FY27 Town inc. MT,23353411.922,,,FY27 Town inc. MT,24107963.605000004,,,FY27 Town inc. MT,24650330.755000003,,,,,,,,,,,,,,,,,,,,,,,,,,,,,,,,,,,,,,,,,,,,,,,
View,,,,,,,,,,,,,,,,FY26 Town inc. MT,22588962.099999994,,,FY26 Town inc. MT,22588962.099999994,,,FY26 Town inc. MT,22588962.099999994,,,,,,,,,,,,,,,,,,,,,,,,,,,,,,,,,,,,,,,,,,,,,,,
View,,,,,,,,,,,,,,,,FY27 Increase,764449.8220000044,,,FY27 Increase,1519001.5050000101,,,FY27 Increase,2061368.6550000086,,,,,,,,,,,,,,,,,,,,,,,,,,,,,,,,,,,,,,,,,,,,,,,
View,,,,,,,,,,,,,646544.82,,,FY27 New Town Only Revenue,646544.82,,,FY27 New Town Only Revenue,646544.82,,,FY27 New Town Only Revenue,646544.82,,,,,,,,,,,,,,,,,,,,,,,,,,,,,,,,,,,,,,,,,,,,,,,
View,,,,,,,,,,,,,,,,FY27 New Revenue Sweep to MT,117905,,,FY27 New Revenue Sweep to MT,117905,,,FY27 New Revenue Sweep to MT,117905,,,,,,,,,,,,,,,,,,,,,,,,,,,,,,,,,,,,,,,,,,,,,,,
View,,,,,,,,,,,,,,,,FY27 Deficit,0.00200000440236181,,,Tier 1 Deficit Town,754551.6850000102,,,Tier 2 Deficit Town,1296918.8350000088,,,,,,,,,,,,,,,,,,,,,,,,,,,,,,,,,,,,,,,,,,,,,,,
View,,,,,,,,,,,,,,,,,,,,Tier 1 Deficit School,1600000,,,Delta b/w Tiers Town,542367.1499999986,,,,,,,,,,,,,,,,,,,,,,,,,,,,,,,,,,,,,,,,,,,,,,,
View,,,,,,,,,,,,,,,,,,,,Tier 1 Override,2354551.6850000103,,,Tier 2 School,1948527,,,,,,,,,,,,,,,,,,,,,,,,,,,,,,,,,,,,,,,,,,,,,,,
View,,,,,,,,,,,,0,,,,,,,,,,,,Delta b/w Tiers School,348527,,,,,,,,,,,,,,,,,,,,,,,,,,,,,,,,,,,,,,,,,,,,,,,
,,,,,,,,,,,,,,,,,,,,,,,,Total Delta,890894.1499999986,,,,,,,,,,,,,,,,,,,,,,,,,,,,,,,,,,,,,,,,,,,,,,,
View,,,,,,,,,,,,,1649623.93,,,,,,,,,,,Tier 2 Override,3245445.835000009,,,,,,,,,,,,,,,,,,,,,,,,,,,,,,,,,,,,,,,,,,,,,,,
View,,,,,,,,,,,,,896305.93,,,,,,,,,,,,,,,,,,,,,,,,,,,,,,,,,,,,,,,,,,,,,,,,,,,,,,,,,,,
View,,,,,,,,,,,,,,,,,,,,,,,,,,,,,,,,,,,,,,,,,,,,,,,,,,,,,,,,,,,,,,,,,,,,,,,,
View,,,,,,,,,,,,,,,,,,,,,,,,,,,,,,,,,,,,,,,,,,,,,,,,,,,,,,,,,,,,,,,,,,,,,,,,
View,,,,,,,,,,,,,,,,,,,,,,,,,,,,,,,,,,,,,,,,,,,,,,,,,,,,,,,,,,,,,,,,,,,,,,,,
View,,,,,,,,,,,,,,,,,,,,,,,,,,,,,,,,,,,,,,,,,,,,,,,,,,,,,,,,,,,,,,,,,,,,,,,,
View,,,,,,,,,,,,,,,,,,,,,,,,,,,,,,,,,,,,,,,,,,,,,,,,,,,,,,,,,,,,,,,,,,,,,,,,
View,,,,,,,,,,,,,,,,,,,,,,,,,,,,,,,,,,,,,,,,,,,,,,,,,,,,,,,,,,,,,,,,,,,,,,,,
View,,,,,,,,,,,,,,,,,,,,,,,,,,,,,,,,,,,,,,,,,,,,,,,,,,,,,,,,,,,,,,,,,,,,,,,,
View,,,,,,,,,,,,24107963.605000004,,,,,,,,,,,,,,,,,,,,,,,,,,,,,,,,,,,,,,,,,,,,,,,,,,,,,,,,,,,,
View,,,,,,,,,,,,,,,,,,,,,,,,,,,,,,,,,,,,,,,,,,,,,,,,,,,,,,,,,,,,,,,,,,,,,,,,
View,,,,,,,,,,,,,,,,,,,,,,,,,,,,,,,,,,,,,,,,,,,,,,,,,,,,,,,,,,,,,,,,,,,,,,,,
View,,,,,,,,,,,,,,,,,,,,,,,,,,,,,,,,,,,,,,,,,,,,,,,,,,,,,,,,,,,,,,,,,,,,,,,,
View,,,,,,,,,,,,,,,,,,,,,,,,,,,,,,,,,,,,,,,,,,,,,,,,,,,,,,,,,,,,,,,,,,,,,,,,
View,,,,,,,,,,,,,,,,,,,,,,,,,,,,,,,,,,,,,,,,,,,,,,,,,,,,,,,,,,,,,,,,,,,,,,,,
View,,,,,,,,,,,,,,,,,,,,,,,,,,,,,,,,,,,,,,,,,,,,,,,,,,,,,,,,,,,,,,,,,,,,,,,,
View,,,,,,,,,,,,,,,,,,,,,,,,,,,,,,,,,,,,,,,,,,,,,,,,,,,,,,,,,,,,,,,,,,,,,,,,
View,,,,,,,,,,,,,,,,,,,,,,,,,,,,,,,,,,,,,,,,,,,,,,,,,,,,,,,,,,,,,,,,,,,,,,,,
View,,,,,,,,,,,,,,,,,,,,,,,,,,,,,,,,,,,,,,,,,,,,,,,,,,,,,,,,,,,,,,,,,,,,,,,,
View,,,,,,,,,,,,,,,,,,,,,,,,,,,,,,,,,,,,,,,,,,,,,,,,,,,,,,,,,,,,,,,,,,,,,,,,
View,,,,,,,,,,,,,,,,,,,,,,,,,,,,,,,,,,,,,,,,,,,,,,,,,,,,,,,,,,,,,,,,,,,,,,,,
View,,,,,,,,,,,,,,,,,,,,,,,,,,,,,,,,,,,,,,,,,,,,,,,,,,,,,,,,,,,,,,,,,,,,,,,,
View,,,,,,,,,,,,,,,,,,,,,,,,,,,,,,,,,,,,,,,,,,,,,,,,,,,,,,,,,,,,,,,,,,,,,,,,
View,,,,,,,,,,,,,,,,,,,,,,,,,,,,,,,,,,,,,,,,,,,,,,,,,,,,,,,,,,,,,,,,,,,,,,,,
View,,,,,,,,,,,,,,,,,,,,,,,,,,,,,,,,,,,,,,,,,,,,,,,,,,,,,,,,,,,,,,,,,,,,,,,,
View,,,,,,,,,,,,,,,,,,,,,,,,,,,,,,,,,,,,,,,,,,,,,,,,,,,,,,,,,,,,,,,,,,,,,,,,
View,,,,,,,,,,,,,,,,,,,,,,,,,,,,,,,,,,,,,,,,,,,,,,,,,,,,,,,,,,,,,,,,,,,,,,,,
View,,,,,,,,,,,,,,,,,,,,,,,,,,,,,,,,,,,,,,,,,,,,,,,,,,,,,,,,,,,,,,,,,,,,,,,,
View,,,,,,,,,,,,,,,,,,,,,,,,,,,,,,,,,,,,,,,,,,,,,,,,,,,,,,,,,,,,,,,,,,,,,,,,
View,,,,,,,,,,,,,,,,,,,,,,,,,,,,,,,,,,,,,,,,,,,,,,,,,,,,,,,,,,,,,,,,,,,,,,,,
View,,,,,,,,,,,,,,,,,,,,,,,,,,,,,,,,,,,,,,,,,,,,,,,,,,,,,,,,,,,,,,,,,,,,,,,,
View,,,,,,,,,,,,,,,,,,,,,,,,,,,,,,,,,,,,,,,,,,,,,,,,,,,,,,,,,,,,,,,,,,,,,,,,
