===SHEET Sheet1===
===SHEET TOWN BUDGET 3.3.26===
TOWN OF LUNENBURG,,,,,,,,,,,,,,,,,,,,,,,,,,,,,,,,,,,,,,,,,,,,,,,,,,,,,,,,,,,,,,,,,,,,,,,,,,,
BUDGET FY27,,,,,,,,,,,,,,,,,,,,,,,,,,,,,,,,,,,,,,,,,,,,,,,,,,,,,,,,,,,,,,,,,,,,,,,,,,,
3-3-2026,,,,,,,,,,,,,,,,,,,,,,,,,,,,,,,,,,,,,,,,,,,,,,,,,,,,,,,,,,,,,,,,,,,,,,,,,,,
,,,,,,NO COLA HAS BEEN APPLIED- SALARY RESERVE,,,,,,,,,,,,,,,,,,,,,,,,,,,,,,,,,,,,,,,,,,,,,,,,,,,,,,,,,,,,,,,,,,,,,
,,,,,,NOT BUDGETED YET OR ISSUE WITH BUDGETING,,,,,,,,,,,,,,,,,,,,,,,,,,,,,,,,,,,,,,,,,,,,,,,,,,,,,,,,,,,,,,,,,,,,,
,,,,,,ABOVE LEVEL,,,,,,,,,,,,,,,,,,,,,,,,,,,,,,,,,,,,,,,,,,,,,,,,,,,,,,,,,,,,,,,,,,,,,
,,,,,,BUDGET FINALIZED,,,,,,,,,,,,,,,,,,,,,,,,,,,,,,,,,,,,,,,,,,,,,,,,,,,,,,,,,,,,,,,,,,,,,
,,,,,,DEPARTMENTAL TOTAL BUDGET,,,,,,,,,,,,,,,,,,,,,,,,,,,,,,,,,,,,,,,,,,,,,,,,,,,,,,,,,,,,,,,,,,,,,
,,,,,,,,,,,,,,,,,,,,,,,,,BUDGET ,,,,,,,,,,,,,,,,,,,,,,,,,,,,,,,,,,,,,,,,,,,,,,,,,,
,,,,,,,,,,,,,,,,,,,,,,,,FY2026 EXPENDED,REQUEST,,,,,,,,,,,,,,,,,,,,,,,,,,,,,,,,,,,,,,,,,,,,,,,,,,
LINK,BUDGET CATEGORY,ORG,OBJ,PROJECT,ACCOUNT,DESCRIPTION,ROLLUP,TYPE,CY ORIG BUD,CY REV BUD,CY ADJ BUD,CY ADJ ACT,CY ACT LESS CFWD,CY ENCUMB/REQ,CY ENC/REQ LESS CFWD,CY AVAIL BUD,FY24 BUDGET,FY24 ACTUAL,FY25 BUDGET,FY25 ACTUAL,FY26 BUDGET,TRANS/ADJ,FY26 REVISED BUD,YEAR TO DATE,FY2027,$ Change,%Change,,,,,,,,,,,,,,,,,,,,,,,,,,,,,,,,,,,,,,,,,,,,,,,,
View,,11221,511000,,0100-1-122-0000-00-0-00-1-511000,ASSISTANT TOWN MANAGER,,E,86960.72,97427.44,97427.44,97427.44,97427.44,0,0,0,84017.86,89157.12,86960.72,97427.44,97427.44,2903,100330.44,59059.68,100257.41,2829.970000000001,0.02904695022264776,,,,,,,,,,,,,,,,,,,,,,,,,,,,,,,,,,,,,,,,,,,,,,,,
View,,11221,511001,,0100-1-122-0000-00-0-00-1-511001,P/R EXECUTIVE ASSISTANT,,E,49306.96,55253.64,55253.64,45249.2,45249.2,0,0,10004.44,58005.32,67281.64,49306.96,45249.2,56978.88,1685,58665,22482.36,65881.92,8903.04,0.15625157953262686,,,,,,,,,,,,,,,,,,,,,,,,,,,,,,,,,,,,,,,,,,,,,,,,
View,,11221,511003,,0100-1-122-0000-00-0-00-1-511003,P/R BOARD/COMMITTEE CLERK,,E,5125,5573.69,5573.69,3822.99,3822.99,0,0,1750.7,9432.8,7928.16,5125,3822.99,5574,190,5764,1971.95,6000,426,0.07642626480086114,,,,,,,,,,,,,,,,,,,,,,,,,,,,,,,,,,,,,,,,,,,,,,,,
,,,,,,     TOTAL SALARIES -SELECT BOARD,,,,,,,,,,,151455.97999999998,164366.92,141392.68,146499.63,159980.32,4778,164759.44,83513.99,172139.33000000002,12159.01000000001,0.07600316088878938,,,,,,,,,,,,,,,,,,,,,,,,,,,,,,,,,,,,,,,,,,,,,,,,
,,11222,531003,,,CONTRACTED SERVICES,,,,,,,,,,,0,0,0,20497.5,6000,0,6000,5838,13500,7500,1.25,,,,,,,,,,,,,,,,,,,,,,,,,,,,,,,,,,,,,,,,,,,,,,,,
View,,11222,534300,,0100-1-122-0000-00-0-00-2-534300,PARKING CLERK-SELECT BOARD,,E,100,100,100,0,0,0,0,100,100,0,100,0,100,0,100,0,100,0,0,,,,,,,,,,,,,,,,,,,,,,,,,,,,,,,,,,,,,,,,,,,,,,,,
View,,11222,534500,,0100-1-122-0000-00-0-00-2-534500,ADVERTISING-SELECT BOARD,,E,2000,2315,2315,2315,2315,0,0,0,1040,1315,2000,2315,2000,0,2000,1790,3000,1000,0.5,,,,,,,,,,,,,,,,,,,,,,,,,,,,,,,,,,,,,,,,,,,,,,,,
View,,11222,540000,,0100-1-122-0000-00-0-00-2-540000,OFFICE SUPPLIES-SELECT BOARD,,E,2000,1984.11,1984.11,1984.11,1984.11,0,0,0,2000,1786.82,2000,1984.11,2000,0,2000,1206.18,2200,200,0.1,,,,,,,,,,,,,,,,,,,,,,,,,,,,,,,,,,,,,,,,,,,,,,,,
View,,11222,573000,,0100-1-122-0000-00-0-00-2-573000,DUES/MEMBERSHIP-SELECT BOARD,,E,3000,3587,3587,3587,3587,0,0,0,3000,2987,3000,3587,3000,0,3000,2708,3200,200,0.06666666666666667,,,,,,,,,,,,,,,,,,,,,,,,,,,,,,,,,,,,,,,,,,,,,,,,
View,,11222,573100,,0100-1-122-0000-00-0-00-2-573100,MEETINGS/SCHOOL SELECT BD,,E,3700,2797.93,2797.93,2757.6,2757.6,0,0,40.33,2600,80,3700,2757.6,3700,0,3700,56.7,2756,-944,-0.25513513513513514,,,,,,,,,,,,,,,,,,,,,,,,,,,,,,,,,,,,,,,,,,,,,,,,
,,11222,573600,,,STAFF DEVELOPMENT,,,,,,,,,,,0,0,0,0,3500,0,3500,3256.4,5000,1500,0.42857142857142855,,,,,,,,,,,,,,,,,,,,,,,,,,,,,,,,,,,,,,,,,,,,,,,,
,,,,,,     TOTAL EXPENSES -BOARD OF SELECTMEN,,,,,,,,,,,8740,6168.82,10800,31141.21,20300,0,20300,14855.28,29756,9456,0.46581280788177337,,,,,,,,,,,,,,,,,,,,,,,,,,,,,,,,,,,,,,,,,,,,,,,,
,Gen. Gov.,,,,,TOTAL SELECT BOARD,,,,,,,,,,,160195.97999999998,170535.74000000002,152192.68,177640.84,180280.32,4778,185059.44,98369.27,201895.33000000002,21615.01000000001,0.11989666980844059,,,,,,,,,,,,,,,,,,,,,,,,,,,,,,,,,,,,,,,,,,,,,,,,
View,,11261,511000,,0100-1-126-0000-00-0-00-1-511000,TOWN MANAGER SALARY,,E,157715,146907.5,146907.5,120368.24,120368.24,0,0,26539.26,157715,158928.19,157715,120368.24,169125,0,169125,99789.91,173353,4228,0.024999260901699925,,,,,,,,,,,,,,,,,,,,,,,,,,,,,,,,,,,,,,,,,,,,,,,,
,,11261,TBD,,,ASST TOWN MANAGER (1/2 YEAR),,,,,,,,,,,0,0,0,0,0,0,0,0,60000,60000,0,,,,,,,,,,,,,,,,,,,,,,,,,,,,,,,,,,,,,,,,,,,,,,,,
,,11261,517000,,0100-1-126-0000-00-0-00-1-517000,RETIREMENT STIPEND,,E,6308.6,6308.6,6308.6,6308.6,6308.6,0,0,0,6308.6,6308.6,6308.6,6308.6,0,0,0,0,0,0,0,,,,,,,,,,,,,,,,,,,,,,,,,,,,,,,,,,,,,,,,,,,,,,,,
,,11261,519011,,0100-1-126-0000-00-0-00-1-519011,CELL PHONE STIPEND,,E,1020,1020,1020,170,170,0,0,850,1020,1020,1020,170,0,0,0,0,0,0,0,,,,,,,,,,,,,,,,,,,,,,,,,,,,,,,,,,,,,,,,,,,,,,,,
,Gen. Gov.,,,,,     TOTAL SALARY - TOWN MANAGER,,,,,,,,,,,165043.6,166256.79,165043.6,126846.84000000001,169125,0,169125,99789.91,233353,64228,0.37976644493717665,,,,,,,,,,,,,,,,,,,,,,,,,,,,,,,,,,,,,,,,,,,,,,,,
View,,11262,531003,,0100-1-126-0000-00-0-00-2-531003,CONTRACTED SERVICES,,E,10000,1856.92,1856.92,1575,1575,0,0,281.92,10000,13335.9,10000,1575,10000,0,10000,6490,10000,0,0,,,,,,,,,,,,,,,,,,,,,,,,,,,,,,,,,,,,,,,,,,,,,,,,
,,11262,531078,,,GRANT WRITER,,,,,,,,,,,0,0,50000,24091.84,0,0,0,59703.52,0,0,0,,,,,,,,,,,,,,,,,,,,,,,,,,,,,,,,,,,,,,,,,,,,,,,,
View,,11262,531005,,0100-1-126-0000-00-0-00-2-531005,LEGAL EXPENSES,,E,0,0,0,0,0,0,0,0,110000,118734.28,110000,110000,120000,0,120000,0,135000,15000,0.125,,,,,,,,,,,,,,,,,,,,,,,,,,,,,,,,,,,,,,,,,,,,,,,,
View,,11262,571000,,0100-1-126-0000-00-0-00-2-571000,MILEAGE REIMBURSEMENT,,E,1000,1000,1000,800,800,0,0,200,1000,191.62,1000,800,1000,0,1000,0,500,-500,-0.5,,,,,,,,,,,,,,,,,,,,,,,,,,,,,,,,,,,,,,,,,,,,,,,,
View,,11262,573000,,0100-1-126-0000-00-0-00-2-573000,DUES/MEMBERSHIP-TOWN MANAGER,,E,2700,2700,2700,1066.15,1066.15,0,0,1633.85,2500,2459.5,2700,1066.15,2700,0,2700,339,1500,-1200,-0.4444444444444444,,,,,,,,,,,,,,,,,,,,,,,,,,,,,,,,,,,,,,,,,,,,,,,,
View,,11262,573100,,0100-1-126-0000-00-0-00-2-573100,MEETINGS/SCHOOL-TOWN MANAGER,,E,2500,2500,2500,819.34,819.34,0,0,1680.66,2500,1254.91,2500,819.34,2500,0,2500,40,2000,-500,-0.2,,,,,,,,,,,,,,,,,,,,,,,,,,,,,,,,,,,,,,,,,,,,,,,,
,Gen. Gov.,,,,,    TOTAL EXPENSES - TOWN MANAGER,,,,,,,,,,,126000,135976.21,176200,138352.33,136200,0,136200,66572.51999999999,149000,12800,0.09397944199706314,,,,,,,,,,,,,,,,,,,,,,,,,,,,,,,,,,,,,,,,,,,,,,,,
,,,,,,TOTAL TOWN MANAGER,,,,,,,,,,,291043.6,302233,341243.6,265199.17,305325,0,305325,166362.43,382353,77028,0.2522819945959224,,,,,,,,,,,,,,,,,,,,,,,,,,,,,,,,,,,,,,,,,,,,,,,,
View,,11312,534500,,0100-1-131-0000-00-0-00-2-534500,ADVERTISING,,E,100,100,100,90,90,0,0,10,100,97.35,100,90,100,0,100,35,125,25,0.25,,,,,,,,,,,,,,,,,,,,,,,,,,,,,,,,,,,,,,,,,,,,,,,,
View,,11312,573000,,0100-1-131-0000-00-0-00-2-573000,DUES/MEMBERSHIP,,E,200,200,200,196,196,0,0,4,200,190,200,196,200,0,200,200,200,0,0,,,,,,,,,,,,,,,,,,,,,,,,,,,,,,,,,,,,,,,,,,,,,,,,
View,,11312,573100,,0100-1-131-0000-00-0-00-2-573100,MEETINGS/SCHOOL,,E,1500,1300.22,1300.22,214.27,214.27,0,0,1085.95,1000,1326.42,1500,214.27,1500,0,1500,26,1250,-250,-0.16666666666666666,,,,,,,,,,,,,,,,,,,,,,,,,,,,,,,,,,,,,,,,,,,,,,,,
,Gen. Gov.,,,,,     TOTAL EXPENSE - FINANCE COMMITTEE,,,,,,,,,,,1300,1613.77,1800,500.27,1800,0,1800,261,1575,-225,-0.125,,,,,,,,,,,,,,,,,,,,,,,,,,,,,,,,,,,,,,,,,,,,,,,,
View,,11322,578000,,0100-1-132-0000-00-0-00-2-578000,RESERVE FUND TRANSFERS,,E,200000,107425.35,107425.35,0,0,0,0,107425.35,75000,0,200000,0,185000,0,185000,0,185000,0,0,,,,,,,,,,,,,,,,,,,,,,,,,,,,,,,,,,,,,,,,,,,,,,,,
,Gen. Gov.,,,,,     TOTAL EXPENSE - RESERVE FUND TRFR,,,,,,,,,,,75000,0,200000,0,185000,0,185000,0,185000,0,0,,,,,,,,,,,,,,,,,,,,,,,,,,,,,,,,,,,,,,,,,,,,,,,,
View,,11332,517000,,0100-1-133-0000-00-0-00-2-517000,RETIREMENT BUYBACKS,,E,30000,30000,30000,16642.8,16642.8,0,0,13357.2,30000,31811.34,30000,16642.8,30000,0,30000,0,30000,0,0,,,,,,,,,,,,,,,,,,,,,,,,,,,,,,,,,,,,,,,,,,,,,,,,
View,,11332,578000,,0100-1-133-0000-00-0-00-2-578000,SALARY RESERVE FUND TRANSFERS,,E,155000,38051.13,38051.13,0,0,0,0,38051.13,35861.83,0,155000,0,180000,-128954,51046,0,180000,0,0,,,,,,,,,,,,,,,,,,,,,,,,,,,,,,,,,,,,,,,,,,,,,,,,
,Gen. Gov.,,,,,     TOTAL SALARY - RESERVE TRANSFER,,,,,,,,,,,65861.83,31811.34,185000,16642.8,210000,-128954,81046,0,210000,0,0,,,,,,,,,,,,,,,,,,,,,,,,,,,,,,,,,,,,,,,,,,,,,,,,
View,,11351,511000,,0100-1-135-0000-00-0-00-1-511000,TOWN ACCOUNTANT SALARY,,E,123600,123600,123600,123600,123600,0,0,0,108050,125984.05,123600,123600,127308,21093,148401,89610.37,148625,21317,0.167444308291702,,,,,,,,,,,,,,,,,,,,,,,,,,,,,,,,,,,,,,,,,,,,,,,,
View,,11351,511001,,0100-1-135-0000-00-0-00-1-511001,TOWN ACCOUNTANT CLERICAL,,E,129344.93,139444.25,139444.25,139443.76,139443.76,0,0,0.49,129449,112567.26,129344.93,139443.76,143525.62,12206,155731.62,69951.69,128249.68,-15275.940000000002,-0.10643354127297971,,,,,,,,,,,,,,,,,,,,,,,,,,,,,,,,,,,,,,,,,,,,,,,,
View,,11351,514002,,0100-1-135-0000-00-0-00-1-514002,LONGEVITY PAY,,E,1677.08,1878.78,1878.78,1878.78,1878.78,0,0,0,1629.89,1772.99,1677.08,1878.78,1880.58,99,1979.58,11935.16,0,-1880.58,-1,,,,,,,,,,,,,,,,,,,,,,,,,,,,,,,,,,,,,,,,,,,,,,,,
View,,11351,519011,,0100-1-135-0000-00-0-00-1-519011,CELL PHONE STIPEND,,E,480,480,480,480,480,0,0,0,480,240,480,480,480,0,480,240,480,0,0,,,,,,,,,,,,,,,,,,,,,,,,,,,,,,,,,,,,,,,,,,,,,,,,
,,,,,,     TOTAL SALARY - TOWN ACCOUNTANT,,,,,,,,,,,239608.89,240564.3,255102.00999999998,265402.54000000004,273194.2,33398,306592.2,171737.22,277354.68,4160.479999999981,0.015229020235422205,,,,,,,,,,,,,,,,,,,,,,,,,,,,,,,,,,,,,,,,,,,,,,,,
,,11352,531020,,0100-1-136-0000-00-0-00-2-531020,AUDIT COSTS,,E,40000,40000,40000,31500,31500,0,0,8500,40000,40000,40000,31500,40000,23500,63500,0,65000,25000,0.625,,,,,,,,,,,,,,,,,,,,,,,,,,,,,,,,,,,,,,,,,,,,,,,,
,,11352,531050,,0100-1-136-0000-00-0-00-2-531050,GASB 45 VALUATION,,E,4100,4100,4100,0,0,0,0,4100,4100,4100,4100,0,4100,225,4325,0,4500,400,0.0975609756097561,,,,,,,,,,,,,,,,,,,,,,,,,,,,,,,,,,,,,,,,,,,,,,,,
View,,11352,534500,,0100-1-135-0000-00-0-00-2-534500,ADVERTISING,,E,0,0,0,0,0,0,0,0,375,375,200,0,0,0,0,0,0,0,0,,,,,,,,,,,,,,,,,,,,,,,,,,,,,,,,,,,,,,,,,,,,,,,,
View,,11352,535006,,0100-1-135-0000-00-0-00-2-535006,CONTRACTED SERVICES,,E,200,200,200,0,0,0,0,200,150,40451.5,200,0,250,114758,115008,76594.40000000001,5000,4750,19,,,,,,,,,,,,,,,,,,,,,,,,,,,,,,,,,,,,,,,,,,,,,,,,
View,,11352,540000,,0100-1-135-0000-00-0-00-2-540000,OFFICE SUPPLIES-TOWN ACCOUNTAN,,E,2000,1680.02,1680.02,1673.28,1673.28,0,0,6.74,2000,1990.83,2000,1673.28,2500,0,2500,711.15,2000,-500,-0.2,,,,,,,,,,,,,,,,,,,,,,,,,,,,,,,,,,,,,,,,,,,,,,,,
View,,11352,571000,,0100-1-135-0000-00-0-00-2-571000,MILEAGE REIMB-TOWN ACCOUNTANT,,E,250,250,250,250,250,0,0,0,250,295.2,250,250,350,0,350,0,300,-50,-0.14285714285714285,,,,,,,,,,,,,,,,,,,,,,,,,,,,,,,,,,,,,,,,,,,,,,,,
View,,11352,573000,,0100-1-135-0000-00-0-00-2-573000,DUES/MEMBERSHIP-ACCOUNTANT,,E,350,350,350,350,350,0,0,0,350,125,350,350,350,0,350,230,350,0,0,,,,,,,,,,,,,,,,,,,,,,,,,,,,,,,,,,,,,,,,,,,,,,,,
View,,11352,573100,,0100-1-135-0000-00-0-00-2-573100,MEETINGS/SCHOOL-ACCOUNTANT,,E,2000,1904.09,1904.09,931.56,931.56,843.63,843.63,128.9,1000,0,2000,931.56,2500,0,2500,80,2000,-500,-0.2,,,,,,,,,,,,,,,,,,,,,,,,,,,,,,,,,,,,,,,,,,,,,,,,
,,,,,,     TOTAL EXPENSE - TOWN ACCOUNTANT,,,,,,,,,,,48225,87337.53,49100,34704.84,50050,138483,188533,77615.55,79150,29100,0.5814185814185814,,,,,,,,,,,,,,,,,,,,,,,,,,,,,,,,,,,,,,,,,,,,,,,,
,Gen. Gov.,,,,,TOTAL ACCOUNTANT,,,,,,,,,,,287833.89,327901.82999999996,304202.01,300107.38,323244.2,171881,495125.2,249352.77000000002,356504.68,33260.47999999998,0.10289582922137498,,,,,,,,,,,,,,,,,,,,,,,,,,,,,,,,,,,,,,,,,,,,,,,,
View,,11411,511000,,0100-1-141-0000-00-0-00-1-511000,SALARY ASSISTANT ASSESSOR,,E,49792.16,49792.16,49792.16,27165.6,27165.6,0,0,22626.56,43197.44,36223.72,49792.16,27165.6,45320,0,45320,26468.8,46678.72,1358.7200000000012,0.02998058252427187,,,,,,,,,,,,,,,,,,,,,,,,,,,,,,,,,,,,,,,,,,,,,,,,
View,,11411,511001,,0100-1-141-0000-00-0-00-1-511001,ASSESSOR'S DATA COLLECTOR,,E,25000,25000,25000,23219.3,23219.3,0,0,1780.7,0,0,25000,23219.3,28076.73,847,28923.73,16966.39,29780.41,1703.6800000000003,0.060679430973621225,,,,,,,,,,,,,,,,,,,,,,,,,,,,,,,,,,,,,,,,,,,,,,,,
View,,11411,511028,,0100-1-141-0000-00-0-00-1-511028,SALARIES PRINCIPAL ASSESSOR,,E,110250,110250,110250,110250,110250,0,0,0,88179.52,79313.77,110250,110250,115762.5,0,115762.5,68304.24,118656.56,2894.0599999999977,0.024999978404060017,,,,,,,,,,,,,,,,,,,,,,,,,,,,,,,,,,,,,,,,,,,,,,,,
View,,11411,512203,,0100-1-141-0000-00-0-00-1-512203,SPECIAL ASST TO ASSESSOR TEMPORARY,,E,0,0,0,0,0,0,0,0,0,0,0,0,0,27500,27500,0,27500,27500,1,,,,,,,,,,,,,,,,,,,,,,,,,,,,,,,,,,,,,,,,,,,,,,,,
View,,11411,514002,,0100-1-141-0000-00-0-00-1-514002,LONGEVITY PAY,,E,1350,1350,1350,0,0,0,0,1350,1350,1350,1350,0,0,0,0,0,0,0,0,,,,,,,,,,,,,,,,,,,,,,,,,,,,,,,,,,,,,,,,,,,,,,,,
View,,11411,519024,,0100-1-141-0000-00-0-00-1-519024,CERTIFICATION STIPEND,,E,1000,1000,1000,1000,1000,0,0,0,0,0,1000,1000,1000,0,1000,666.64,1000,0,0,,,,,,,,,,,,,,,,,,,,,,,,,,,,,,,,,,,,,,,,,,,,,,,,
,,,,,,     TOTAL SALARY - ASSESSORS,,,,,,,,,,,132726.96000000002,116887.49,187392.16,161634.9,190159.22999999998,28347,218506.22999999998,112406.07,223615.69,33456.46000000002,0.17593918528172428,,,,,,,,,,,,,,,,,,,,,,,,,,,,,,,,,,,,,,,,,,,,,,,,
View,,11412,530600,,0100-1-141-0000-00-0-00-2-530600,MEASURE & LIST ANNUAL PROGRAM,,E,45000,40240.43,40240.43,37875.5,37875.5,1600,1600,764.93,45000,44361.45,45000,39475.5,52049,-250,51799,36421.18,46325,-5724,-0.10997329439566562,,,,,,,,,,,,,,,,,,,,,,,,,,,,,,,,,,,,,,,,,,,,,,,,
View,,11412,531003,,0100-1-141-0000-00-0-00-2-531003,CONTRACTED SERVICES,,E,48430,48305,48305,47253.1,47253.1,0,0,1051.9,48430,73185,48430,47253.1,41200,0,41200,24718.5,41200,0,0,,,,,,,,,,,,,,,,,,,,,,,,,,,,,,,,,,,,,,,,,,,,,,,,
View,,11412,531010,,0100-1-141-0000-00-0-00-2-531010,UPDATE MAPS,,E,4200,6400,6400,6400,6400,0,0,0,3800,4600,4200,6400,7400,0,7400,6900,7400,0,0,,,,,,,,,,,,,,,,,,,,,,,,,,,,,,,,,,,,,,,,,,,,,,,,
View,,11412,534500,,0100-1-141-0000-00-0-00-2-534500,ADVERTISING,,E,0,0,0,0,0,0,0,0,0,150,0,0,0,0,0,0,0,0,0,,,,,,,,,,,,,,,,,,,,,,,,,,,,,,,,,,,,,,,,,,,,,,,,
View,,11412,540000,,0100-1-141-0000-00-0-00-2-540000,OFFICE SUPPLIES-ASSESSOR'S ADM,,E,1450,1875,1875,2307.89,2307.89,0,0,0,1450,493.62,1450,2307.89,1850,0,1850,0,1850,0,0,,,,,,,,,,,,,,,,,,,,,,,,,,,,,,,,,,,,,,,,,,,,,,,,
View,,11412,571000,,0100-1-141-0000-00-0-00-2-571000,MILEAGE REIMB-ASSESSOR'S ADMIN,,E,350,960,960,738.67,738.67,0,0,221.33,150,529.5,350,738.67,900,0,900,820,1800,900,1,,,,,,,,,,,,,,,,,,,,,,,,,,,,,,,,,,,,,,,,,,,,,,,,
View,,11412,573000,,0100-1-141-0000-00-0-00-2-573000,DUES/MEMBERSHIP-ASSESSOR'S ADM,,E,500,1000,1000,700,700,0,0,300,150,75,500,700,750,250,1000,790.37,750,0,0,,,,,,,,,,,,,,,,,,,,,,,,,,,,,,,,,,,,,,,,,,,,,,,,
View,,11412,573100,,0100-1-141-0000-00-0-00-2-573100,MEETINGS-ASSESSOR'S ADMIN,,E,2000,2000,2000,1783,1783,0,0,217,1000,775,2000,1783,3000,0,3000,1412.59,2000,-1000,-0.3333333333333333,,,,,,,,,,,,,,,,,,,,,,,,,,,,,,,,,,,,,,,,,,,,,,,,
,,,,,,     TOTAL EXPENSE - ASSESSORS,,,,,,,,,,,99980,124169.56999999999,101930,98658.16,107149,0,107149,71062.63999999998,101325,-5824,-0.05435421702489057,,,,,,,,,,,,,,,,,,,,,,,,,,,,,,,,,,,,,,,,,,,,,,,,
,Gen. Gov.,,,,,TOTAL ASSESSORS,,,,,,,,,,,232706.96000000002,241057.06,289322.16000000003,260293.06,297308.23,28347,325655.23,183468.71,324940.69,27632.46000000002,0.092942129452656,,,,,,,,,,,,,,,,,,,,,,,,,,,,,,,,,,,,,,,,,,,,,,,,
View,,11451,511000,,0100-1-145-0000-00-0-00-1-511000,TREASURER'S SALARY,,E,45695.88,48588.2,48588.2,51197.76,51197.76,0,0,0,45543.18,48308,45695.88,51197.76,51197.76,1517,52714.76,32696.12,52732.44,1534.6800000000003,0.029975530179445355,,,,,,,,,,,,,,,,,,,,,,,,,,,,,,,,,,,,,,,,,,,,,,,,
View,,11451,511002,,0100-1-145-0000-00-0-00-1-511002,ASSISTANT TREASURER SALARY,,E,54480.6,54480.6,54480.6,54699.3,54699.3,0,0,0,46114.2,50068.5,54480.6,54699.3,54757.8,0,54757.8,34930.84,62197.33,7439.529999999999,0.13586247073476287,,,,,,,,,,,,,,,,,,,,,,,,,,,,,,,,,,,,,,,,,,,,,,,,
View,,11451,514002,,0100-1-145-0000-00-0-00-1-514002,LONGEVITY PAY,,E,1142.4,1212.08,1212.08,1279.94,1279.94,0,0,0,999.18,1207.7,1142.4,1279.94,1535.93,46,1581.93,0,1581.97,46.039999999999964,0.02997532439629408,,,,,,,,,,,,,,,,,,,,,,,,,,,,,,,,,,,,,,,,,,,,,,,,
,,,,,,     TOTAL SALARY - TREASURER,,,,,,,,,,,92656.56,99584.2,101318.87999999999,107177,107491.48999999999,1563,109054.48999999999,67626.95999999999,116511.74,9020.250000000015,0.08391594534599917,,,,,,,,,,,,,,,,,,,,,,,,,,,,,,,,,,,,,,,,,,,,,,,,
View,,11452,531003,,0100-1-145-0000-00-0-00-2-531003,CONTRACTED SERVICES,,E,5500,2500,2500,432.54,432.54,0,0,2067.46,5500,950,5500,432.54,5500,0,5500,200,5500,0,0,,,,,,,,,,,,,,,,,,,,,,,,,,,,,,,,,,,,,,,,,,,,,,,,
,,11452,531004,,,BANKING CHARGES,,,,,,,,,,,0,0,3150,0,1000,0,1000,0,1000,0,0,,,,,,,,,,,,,,,,,,,,,,,,,,,,,,,,,,,,,,,,,,,,,,,,
View,,11452,531014,,0100-1-145-0000-00-0-00-2-531014,BOND ISSUANCE COSTS,,E,2500,3150,2500,0,0,0,0,3150,2500,650,2500,0,2500,0,2500,0,2500,0,0,,,,,,,,,,,,,,,,,,,,,,,,,,,,,,,,,,,,,,,,,,,,,,,,
View,,11452,540000,,0100-1-145-0000-00-0-00-2-540000,OFFICE SUPPLIES-TREASURER,,E,1075,2575,2575,2176.67,2176.67,266,266,132.33,1075,1007.59,1075,2442.67,1075,0,1075,354.71,1075,0,0,,,,,,,,,,,,,,,,,,,,,,,,,,,,,,,,,,,,,,,,,,,,,,,,
View,,11452,571000,,0100-1-145-0000-00-0-00-2-571000,MILEAGE REIMB-TREASURER,,E,300,300,300,66.33,66.33,0,0,233.67,300,76.06,300,66.33,300,0,300,90,600,300,1,,,,,,,,,,,,,,,,,,,,,,,,,,,,,,,,,,,,,,,,,,,,,,,,
View,,11452,573000,,0100-1-145-0000-00-0-00-2-573000,DUES/MEMBERSHIP-TREASURERS ADM,,E,350,350,350,75,75,0,0,275,350,75,350,75,350,-20,330,175,450,100,0.2857142857142857,,,,,,,,,,,,,,,,,,,,,,,,,,,,,,,,,,,,,,,,,,,,,,,,
View,,11452,573100,,0100-1-145-0000-00-0-00-2-573100,MEETINGS/SCHOOL TREASURER,,E,750,750,750,165,165,0,0,585,750,95,750,165,750,0,750,150,900,150,0.2,,,,,,,,,,,,,,,,,,,,,,,,,,,,,,,,,,,,,,,,,,,,,,,,
,,,,,,     TOTAL EXPENSE - TREASURER,,,,,,,,,,,10475,2853.65,13625,3181.54,11475,-20,11455,969.71,12025,550,0.04793028322440087,,,,,,,,,,,,,,,,,,,,,,,,,,,,,,,,,,,,,,,,,,,,,,,,
,Gen. Gov.,,,,,TOTAL TREASURER,,,,,,,,,,,103131.56,102437.84999999999,114943.87999999999,110358.54,118966.48999999999,1543,120509.48999999999,68596.67,128536.74,9570.250000000015,0.08044492192717474,,,,,,,,,,,,,,,,,,,,,,,,,,,,,,,,,,,,,,,,,,,,,,,,
View,,11461,511000,,0100-1-146-0000-00-0-00-1-511000,TAX COLLECTOR'S SALARY,,E,45695.88,48588.2,48588.2,51197.76,51197.76,0,0,0,45543.18,48308,45695.88,51197.76,51197.76,1517,52714.76,32696.15,52732.44,1534.6800000000003,0.029975530179445355,,,,,,,,,,,,,,,,,,,,,,,,,,,,,,,,,,,,,,,,,,,,,,,,
View,,11461,511001,,0100-1-146-0000-00-0-00-1-511001,CLERICAL SALARIES TAX COLLECTO,,E,48861.2,48861.2,48861.2,48034.71,48034.71,0,0,826.49,40422.88,43351.01,48861.2,48034.71,59084.3,0,59084.3,31323.16,54697.69,-4386.610000000001,-0.07424324228263685,,,,,,,,,,,,,,,,,,,,,,,,,,,,,,,,,,,,,,,,,,,,,,,,
View,,11461,514002,,0100-1-146-0000-00-0-00-1-514002,LONGEVITY PAY,,E,1142.4,1212.08,1212.08,1279.95,1279.95,0,0,0,999.18,1207.7,1142.4,1279.95,1535.93,46,1581.93,0,1581.97,46.039999999999964,0.02997532439629408,,,,,,,,,,,,,,,,,,,,,,,,,,,,,,,,,,,,,,,,,,,,,,,,
,,11461,,,,CERTIFICATION STIPEND,,,,,,,,,,,0,0,0,0,0,0,0,0,500,500,0,,,,,,,,,,,,,,,,,,,,,,,,,,,,,,,,,,,,,,,,,,,,,,,,
,,,,,,     TOTAL SALARY - TAX COLLECTOR,,,,,,,,,,,86965.23999999999,92866.71,95699.47999999998,100512.42,111817.98999999999,1563,113380.98999999999,64019.31,109512.1,-2305.889999999985,-0.02062181586344009,,,,,,,,,,,,,,,,,,,,,,,,,,,,,,,,,,,,,,,,,,,,,,,,
View,,11462,531003,,0100-1-146-0000-00-0-00-2-531003,CONTRACTED SERVICES,,E,17000,14018.64,9500,6195.58,6195.58,1054.42,1054.42,6768.64,17000,8601.86,17000,6195.58,17000,0,17000,3500,17000,0,0,,,,,,,,,,,,,,,,,,,,,,,,,,,,,,,,,,,,,,,,,,,,,,,,
View,,11462,540000,,0100-1-146-0000-00-0-00-2-540000,OFFICE SUPPLIES-TAX COLLECTOR,,E,750,1095.34,750,550.41,435.91,0,0,544.93,750,355.12,750,550.41,750,0,750,354.71,750,0,0,,,,,,,,,,,,,,,,,,,,,,,,,,,,,,,,,,,,,,,,,,,,,,,,
View,,11462,571000,,0100-1-146-0000-00-0-00-2-571000,MILEAGE REIMB-TAX COLLECTOR,,E,300,300,300,66.33,66.33,0,0,233.67,300,147.81,300,66.33,300,0,300,350.03,600,300,1,,,,,,,,,,,,,,,,,,,,,,,,,,,,,,,,,,,,,,,,,,,,,,,,
View,,11462,573000,,0100-1-146-0000-00-0-00-2-573000,DUES/MEMBERSHIP-TAX COLLECTOR,,E,100,100,100,75,75,0,0,25,100,50,100,75,100,20,120,120,200,100,1,,,,,,,,,,,,,,,,,,,,,,,,,,,,,,,,,,,,,,,,,,,,,,,,
View,,11462,573100,,0100-1-146-0000-00-0-00-2-573100,MEETINGS/SCHOOL TAX COLLECTOR,,E,750,750,750,0,0,0,0,750,750,95,750,0,750,0,750,250,900,150,0.2,,,,,,,,,,,,,,,,,,,,,,,,,,,,,,,,,,,,,,,,,,,,,,,,
,,,,,,     TOTAL EXPENSE - TAX  COLLECTOR,,,,,,,,,,,18900,9249.79,18900,6887.32,18900,20,18920,4574.74,19450,550,0.0291005291005291,,,,,,,,,,,,,,,,,,,,,,,,,,,,,,,,,,,,,,,,,,,,,,,,
,Gen. Gov.,,,,,TOTAL COLLECTOR,,,,,,,,,,,105865.23999999999,102116.5,114599.47999999998,107399.73999999999,130717.98999999999,1583,132300.99,68594.05,128962.1,-1755.8899999999849,-0.013432657585998568,,,,,,,,,,,,,,,,,,,,,,,,,,,,,,,,,,,,,,,,,,,,,,,,
,,,,,,TOTAL TREASURER/COLLECTOR,,,,,,,,,,,208996.8,204554.34999999998,229543.36,217758.27999999997,249684.47999999998,3126,252810.47999999998,137190.72,257498.84000000003,7814.360000000044,0.03129693924107756,,,,,,,,,,,,,,,,,,,,,,,,,,,,,,,,,,,,,,,,,,,,,,,,
View,,11551,511002,,0100-1-155-0000-00-0-00-1-511002,TECHNOLOGY SUPPORT SALARIES,,E,79030.8,0,0,0,0,0,0,0,76432.2,80028,79030.8,0,0,2291,2291,0,0,0,0,,,,,,,,,,,,,,,,,,,,,,,,,,,,,,,,,,,,,,,,,,,,,,,,
View,,11551,511003,,0100-1-155-0000-00-0-00-1-511003,TECH ADMIN SUPPORT SALARIES,,E,25516.3,28587.03,28587.03,28821.8,28821.8,0,0,0,24529.15,25314.04,25516.3,28821.8,48655.36,8291,56946.36,33498.33,59459.33,10803.970000000001,0.22205097239029783,,,,,,,,,,,,,,,,,,,,,,,,,,,,,,,,,,,,,,,,,,,,,,,,
,,11551,514002,,0100-1-155-0000-00-0-00-1-514002,LONGEVITY PAY,,E,1580.62,1580.62,1580.62,0,0,0,0,1580.62,0,0,1580.62,0,0,0,0,0,0,0,0,,,,,,,,,,,,,,,,,,,,,,,,,,,,,,,,,,,,,,,,,,,,,,,,
,,11551,519991,,0100-1-155-0000-00-0-00-1-519991,P/R REMOTE MEETING COORDINATOR,,E,5000,0,0,0,0,0,0,0,5000,0,0,0,0,0,0,0,0,0,0,,,,,,,,,,,,,,,,,,,,,,,,,,,,,,,,,,,,,,,,,,,,,,,,
,,,,,,     TOTAL PAYROLL - IT,,,,,,,,,,,105961.35,105342.04000000001,106127.72,28821.8,48655.36,10582,59237.36,33498.33,59459.33,10803.970000000001,0.22205097239029783,,,,,,,,,,,,,,,,,,,,,,,,,,,,,,,,,,,,,,,,,,,,,,,,
View,,11552,521001,,0100-1-155-0000-00-0-00-2-521001,HARDWARE MAINTENANCE,,E,53500,63312.32,51721.5,41217.68,41217.68,10394.15,10394.15,11700.49,70500,54124.47,53500,51611.83,38500,0,38500,8064.26,38500,0,0,,,,,,,,,,,,,,,,,,,,,,,,,,,,,,,,,,,,,,,,,,,,,,,,
,,11552,521014,,,TELEPHONE CHARGES,,,,,,,,,,,40000,50211.34,40000,53235.45,40000,0,0,0,56500,16500,0.4125,,,,,,,,,,,,,,,,,,,,,,,,,,,,,,,,,,,,,,,,,,,,,,,,
View,,11552,531006,,0100-1-155-0000-00-0-00-2-531006,PURCHASE OF SERVICE,,E,173314.53,161265.89,161265.89,158411.37,158411.37,2000,2000,854.52,162140,154495.4,173314.53,160411.37,204871.06,9800,214671.06,47925.29,240000,35128.94,0.171468532451582,,,,,,,,,,,,,,,,,,,,,,,,,,,,,,,,,,,,,,,,,,,,,,,,
View,,11552,531007,,0100-1-155-0000-00-0-00-2-531007,WEB SITE HOSTING,,E,10000,10000,10000,9774.6,9774.6,0,0,225.4,10000,18337.93,10000,9774.6,0,-9800,-9800,144673.87000000002,0,0,0,,,,,,,,,,,,,,,,,,,,,,,,,,,,,,,,,,,,,,,,,,,,,,,,
View,,11552,531021,,0100-1-155-0000-00-0-00-2-531021,INTERNET ACCESS,,E,29280,23915,23915,22547.76,22547.76,0,0,1367.24,29280,19079.5,29280,22547.76,0,0,0,0,0,0,0,,,,,,,,,,,,,,,,,,,,,,,,,,,,,,,,,,,,,,,,,,,,,,,,
View,,11552,535006,,0100-1-155-0000-00-0-00-2-535006,CONTRACTED SERVICES,,E,25000,132407.57,132407.57,132407.57,132407.57,0,0,0,25000,32641.85,25000,132407.5,159285,0,159285,155262.7,141000,-18285,-0.11479423674545626,,,,,,,,,,,,,,,,,,,,,,,,,,,,,,,,,,,,,,,,,,,,,,,,
,,,,,,     TOTAL EXPENSE - IT,,,,,,,,,,,336920,328890.49,331094.53,429988.51,442656.06,0,402656.06,355926.12000000005,476000,33343.94,0.075326970560394,,,,,,,,,,,,,,,,,,,,,,,,,,,,,,,,,,,,,,,,,,,,,,,,
,Gen. Gov.,,,,,TOTAL IT,,,,,,,,,,,442881.35,434232.53,437222.25,458810.31,491311.42,10582,461893.42,389424.45000000007,535459.33,44147.909999999974,0.08985728440832899,,,,,,,,,,,,,,,,,,,,,,,,,,,,,,,,,,,,,,,,,,,,,,,,
View,,11582,531006,,0100-1-158-0000-00-0-00-2-531006,PURCHASE OF SERVICE,,E,20500,30017.33,20500,6219.13,6219.13,4460.87,4460.87,19337.33,20500,10982.67,20500,6219.13,22000,0,22000,5210,22000,0,0,,,,,,,,,,,,,,,,,,,,,,,,,,,,,,,,,,,,,,,,,,,,,,,,
View,,11582,531007,,0100-1-158-0000-00-0-00-2-531007,RECORDINGS-REGISTRY OF DEEDS,,E,7000,7705,7000,525,525,0,0,7180,7000,2205,7000,525,7000,0,7000,0,7000,0,0,,,,,,,,,,,,,,,,,,,,,,,,,,,,,,,,,,,,,,,,,,,,,,,,
View,,11582,534500,,0100-1-158-0000-00-0-00-2-534500,ADVERTISING-TAX TITLE,,E,1500,1500,1500,400,400,0,0,1100,1500,350,1500,400,1500,0,1500,0,1500,0,0,,,,,,,,,,,,,,,,,,,,,,,,,,,,,,,,,,,,,,,,,,,,,,,,
,,,,,,     TOTAL EXPENSE - TAX TITLE,,,,,,,,,,,29000,13537.67,29000,7144.13,30500,0,30500,5210,30500,0,0,,,,,,,,,,,,,,,,,,,,,,,,,,,,,,,,,,,,,,,,,,,,,,,,
,Tax Title,,,,,TOTAL TAX TITLE,,,,,,,,,,,29000,13537.67,29000,7144.13,30500,0,30500,5210,30500,0,0,,,,,,,,,,,,,,,,,,,,,,,,,,,,,,,,,,,,,,,,,,,,,,,,
,,,,,,,,,,,,,,,,,,,,,,,,,,0,0,,,,,,,,,,,,,,,,,,,,,,,,,,,,,,,,,,,,,,,,,,,,,,,,
View,,11611,511002,,0100-1-161-0000-00-0-00-1-511002,ASSISTANT TOWN CLERK SALARY,,E,47484.8,47484.8,47484.8,47484.8,47484.8,0,0,0,40381.6,43463.68,47484.8,47484.8,51648.08,0,51648.08,30395.77,53186.32,1538.239999999998,0.029783101327290343,,,,,,,,,,,,,,,,,,,,,,,,,,,,,,,,,,,,,,,,,,,,,,,,
,,11611,512000,,,SALARIES ELECTED OFFICIALS,,,,,,,,,,,77500,77500,79438,79437.5,80629,0,80629,47574.14,82644.73,2015.729999999996,0.02500006201242724,,,,,,,,,,,,,,,,,,,,,,,,,,,,,,,,,,,,,,,,,,,,,,,,
,,11611,514002,,,LONGEVITY PAY,,,,,,,,,,,0,850,0,850,850,0,850,850,850,0,0,,,,,,,,,,,,,,,,,,,,,,,,,,,,,,,,,,,,,,,,,,,,,,,,
View,,11611,519007,,0100-1-161-0000-00-0-00-1-519007,RECORDING VITAL STATISTICS FEE,,E,375,375,375,245,245,0,0,130,375,242,375,245,375,0,375,0,375,0,0,,,,,,,,,,,,,,,,,,,,,,,,,,,,,,,,,,,,,,,,,,,,,,,,
,,,,,,     TOTAL SALARY - TOWN CLERK,,,,,,,,,,,118256.6,122055.68,127297.8,128017.3,133502.08000000002,0,133502.08000000002,78819.91,137056.05,3553.969999999972,0.026621083356903292,,,,,,,,,,,,,,,,,,,,,,,,,,,,,,,,,,,,,,,,,,,,,,,,
View,,11612,531003,,0100-1-161-0000-00-0-00-2-531003,CONTRACTED SERVICES,,E,1500,3000,3000,2700,2700,0,0,300,3167.66,2700,1500,2700,1200,0,1200,1200,2000,800,0.6666666666666666,,,,,,,,,,,,,,,,,,,,,,,,,,,,,,,,,,,,,,,,,,,,,,,,
View,,11612,531056,,0100-1-161-0000-00-0-00-2-531056,CODE UPDATES,,E,8500,7000,7000,4100,4100,900,900,2000,8174.6,5644.75,8500,5000,7000,0,7000,6195,7000,0,0,,,,,,,,,,,,,,,,,,,,,,,,,,,,,,,,,,,,,,,,,,,,,,,,
View,,11612,540000,,0100-1-161-0000-00-0-00-2-540000,OFFICE SUPPLIES-TOWN CLERK,,E,750,696.81,696.81,1335.04,1335.04,0,0,0,740.82,206.42,750,1335.04,750,0,750,350,750,0,0,,,,,,,,,,,,,,,,,,,,,,,,,,,,,,,,,,,,,,,,,,,,,,,,
View,,11612,571000,,0100-1-161-0000-00-0-00-2-571000,MILEAGE-TOWN CLERK'S ADMIN,,E,200,144.9,144.9,144.9,144.9,0,0,0,408.73,0,200,144.9,200,0,200,0,200,0,0,,,,,,,,,,,,,,,,,,,,,,,,,,,,,,,,,,,,,,,,,,,,,,,,
View,,11612,573000,,0100-1-161-0000-00-0-00-2-573000,DUES/MEMBERSHIP-TOWN CLERK,,E,150,150,150,125,125,0,0,25,153.27,125,150,125,150,0,150,125,150,0,0,,,,,,,,,,,,,,,,,,,,,,,,,,,,,,,,,,,,,,,,,,,,,,,,
View,,11612,573100,,0100-1-161-0000-00-0-00-2-573100,MEETINGS/SCHOOL-TOWN CLERK,,E,800,655.1,655.1,60,60,0,0,595.1,613.09,0,800,60,800,0,800,230,800,0,0,,,,,,,,,,,,,,,,,,,,,,,,,,,,,,,,,,,,,,,,,,,,,,,,
,,,,,,     TOWN EXPENSE - TOWN CLERK EXP,,,,,,,,,,,13258.17,8676.17,11900,9364.94,10100,0,10100,8100,10900,800,0.07920792079207921,,,,,,,,,,,,,,,,,,,,,,,,,,,,,,,,,,,,,,,,,,,,,,,,
,Gen. Gov.,,,,,TOTAL TOWN CLERK,,,,,,,,,,,131514.77000000002,130731.84999999999,139197.8,137382.24,143602.08000000002,0,143602.08000000002,86919.91,147956.05,4353.969999999972,0.030319686177247375,,,,,,,,,,,,,,,,,,,,,,,,,,,,,,,,,,,,,,,,,,,,,,,,
View,,11621,512100,,0100-1-162-0000-00-0-00-1-512100,SALARIES ELECTION WORKERS,,E,8825,8825,8825,8825,8825,0,0,0,8825,7873.57,8825,8825,3900,0,3900,180,8825,4925,1.2628205128205128,,,,,,,,,,,,,,,,,,,,,,,,,,,,,,,,,,,,,,,,,,,,,,,,
,,,,,,     TOTAL SALARY - ELECTION WORKERS,,,,,,,,,,,8825,7873.57,8825,8825,3900,0,3900,180,8825,4925,1.2628205128205128,,,,,,,,,,,,,,,,,,,,,,,,,,,,,,,,,,,,,,,,,,,,,,,,
,,11622,531003,,,CONTRACTED SERVICES,,,,,,,,,,,0,0,2500,0,3000,0,3000,2100,4000,1000,0.3333333333333333,,,,,,,,,,,,,,,,,,,,,,,,,,,,,,,,,,,,,,,,,,,,,,,,
View,,11622,531008,,0100-1-162-0000-00-0-00-2-531008,POLICE/CUSTODIANS ELECTIONS,,E,2500,2500,2500,2500,2500,0,0,0,2500,0,2500,2500,1000,0,1000,0,2500,1500,1.5,,,,,,,,,,,,,,,,,,,,,,,,,,,,,,,,,,,,,,,,,,,,,,,,
View,,11622,534200,,0100-1-162-0000-00-0-00-2-534200,PRINTING-ELECTIONS,,E,5100,5100,5100,5100,5100,0,0,0,4500,5238.65,5100,5100,2600,0,2600,0,5100,2500,0.9615384615384616,,,,,,,,,,,,,,,,,,,,,,,,,,,,,,,,,,,,,,,,,,,,,,,,
View,,11622,540000,,0100-1-162-0000-00-0-00-2-540000,OFFICE SUPPLIES-ELECTIONS,,E,550,550,550,174.78,174.78,0,0,375.22,450,1826.43,550,174.78,300,0,300,0,550,250,0.8333333333333334,,,,,,,,,,,,,,,,,,,,,,,,,,,,,,,,,,,,,,,,,,,,,,,,
View,,11622,549000,,0100-1-162-0000-00-0-00-2-549000,LUNCHES-ELECTIONS,,E,550,550,550,550,550,0,0,0,260,439.74,550,550,300,0,300,0,600,300,1,,,,,,,,,,,,,,,,,,,,,,,,,,,,,,,,,,,,,,,,,,,,,,,,
,,,,,,     TOTAL EXPENSE - ELECTIONS,,,,,,,,,,,7710,7504.82,11200,8324.779999999999,7200,0,7200,2100,12750,5550,0.7708333333333334,,,,,,,,,,,,,,,,,,,,,,,,,,,,,,,,,,,,,,,,,,,,,,,,
,Gen. Gov.,,,,,TOTAL ELECTIONS,,,,,,,,,,,16535,15378.39,20025,17149.78,11100,0,11100,2280,21575,10475,0.9436936936936937,,,,,,,,,,,,,,,,,,,,,,,,,,,,,,,,,,,,,,,,,,,,,,,,
View,,11631,512100,,0100-1-163-0000-00-0-00-1-512100,SALARIES REGISTRATION & CENSUS,,E,19000,19000,19000,16890,16890,0,0,2110,19000,16233.75,19000,16890,19000,0,19000,4110,19000,0,0,,,,,,,,,,,,,,,,,,,,,,,,,,,,,,,,,,,,,,,,,,,,,,,,
View,,11631,519000,,0100-1-163-0000-00-0-00-1-519000,REGISTRAR'S FEE-REG & CENSUS,,E,400,400,400,562.75,562.75,0,0,0,400,507.75,400,562.75,400,0,400,0,400,0,0,,,,,,,,,,,,,,,,,,,,,,,,,,,,,,,,,,,,,,,,,,,,,,,,
,,,,,,     TOTAL SALARY - REGISTRAR - CENSUS,,,,,,,,,,,19400,16741.5,19400,17452.75,19400,0,19400,4110,19400,0,0,,,,,,,,,,,,,,,,,,,,,,,,,,,,,,,,,,,,,,,,,,,,,,,,
View,,11632,531003,,0100-1-163-0000-00-0-00-2-531003,CONTRACTED SERVICES,,E,500,1495,1495,3560.34,3560.34,0,0,0,500,5063.88,500,3560.34,500,0,500,350,1000,500,1,,,,,,,,,,,,,,,,,,,,,,,,,,,,,,,,,,,,,,,,,,,,,,,,
View,,11632,531016,,0100-1-163-0000-00-0-00-2-531016,STREET LISTS,,E,600,350,350,350,350,0,0,0,600,812.5,600,350,600,0,600,375,600,0,0,,,,,,,,,,,,,,,,,,,,,,,,,,,,,,,,,,,,,,,,,,,,,,,,
View,,11632,540000,,0100-1-163-0000-00-0-00-2-540000,OFFICE SUPPLIES-REG & CENSUS,,E,250,250,250,153.22,153.22,0,0,96.78,250,0,250,153.22,250,0,250,0,250,0,0,,,,,,,,,,,,,,,,,,,,,,,,,,,,,,,,,,,,,,,,,,,,,,,,
View,,11632,571000,,0100-1-163-0000-00-0-00-2-571000,MILEAGE REIMBURSEMENT,,E,200,80,80,0,0,0,0,80,200,0,200,0,200,0,200,0,200,0,0,,,,,,,,,,,,,,,,,,,,,,,,,,,,,,,,,,,,,,,,,,,,,,,,
,,,,,,     TOTAL EXPENSE - REGISTRATION & CENSUS,,,,,,,,,,,1550,5876.38,1550,4063.56,1550,0,1550,725,2050,500,0.3225806451612903,,,,,,,,,,,,,,,,,,,,,,,,,,,,,,,,,,,,,,,,,,,,,,,,
,Gen. Gov.,,,,,TOTAL REGISTRATION & CENSUS,,,,,,,,,,,20950,22617.88,20950,21516.31,20950,0,20950,4835,21450,500,0.02386634844868735,,,,,,,,,,,,,,,,,,,,,,,,,,,,,,,,,,,,,,,,,,,,,,,,
,,,,,,TOTAL TOWN CLERK,,,,,,,,,,,168999.77000000002,168728.12,180172.8,176048.33,175652.08000000002,0,175652.08000000002,94034.91,190981.05,15328.969999999972,0.08726893527249988,,,,,,,,,,,,,,,,,,,,,,,,,,,,,,,,,,,,,,,,,,,,,,,,
View,,11701,511000,,0100-1-170-0000-00-0-00-1-511000,PLANNING BOARD DIRECTOR,,E,0,0,0,0,0,0,0,0,108177.68,39736.8,108177.68,70272,106374.8,-585,105789.8,0,112723,6348.199999999997,0.05967766801911728,,,,,,,,,,,,,,,,,,,,,,,,,,,,,,,,,,,,,,,,,,,,,,,,
View,,11701,511001,,0100-1-170-0000-00-0-00-1-511001,SALARIES CLERICAL,,E,0,0,0,0,0,0,0,0,112217.39,101330.31,118436.46,47471.76,130563.67,-288,130275.67,71630.86,117869.07,-12694.599999999991,-0.0972291909380304,,,,,,,,,,,,,,,,,,,,,,,,,,,,,,,,,,,,,,,,,,,,,,,,
View,,11701,511003,,0100-1-170-0000-00-0-00-1-511003,SALARIES STAFF,,E,0,0,0,0,0,0,0,0,5000,222.75,5000,893.62,5000,0,5000,681.78,5000,0,0,,,,,,,,,,,,,,,,,,,,,,,,,,,,,,,,,,,,,,,,,,,,,,,,
View,,11701,511105,,0100-1-170-0000-00-0-00-1-511105,BUILDING COMMISSIONER,,E,0,0,0,0,0,0,0,0,97359.91,89665.17,87148.04,113818.52,100681.88,2994,103675.88,66158.62,106636.83,5954.949999999997,0.05914619393281092,,,,,,,,,,,,,,,,,,,,,,,,,,,,,,,,,,,,,,,,,,,,,,,,
View,,11701,511106,,0100-1-170-0000-00-0-00-1-511106,CONSERVATION ADMINISTRATOR,,E,0,0,0,0,0,0,0,0,48095.56,45101.33,68262,63175.58,72137.06,399,72536.06,20848.37,80684.43,8547.369999999995,0.11848791730630547,,,,,,,,,,,,,,,,,,,,,,,,,,,,,,,,,,,,,,,,,,,,,,,,
View,,11701,514002,,0100-1-170-0000-00-0-00-1-514002,LONGEVITY PAY,,E,0,0,0,0,0,0,0,0,4700,2350,2350,2350,2350,0,2350,2350,0,-2350,-1,,,,,,,,,,,,,,,,,,,,,,,,,,,,,,,,,,,,,,,,,,,,,,,,
View,,11701,519008,,0100-1-170-0000-00-0-00-1-519008,MILEAGE STIPEND,,E,0,0,0,0,0,0,0,0,7500,7499.96,7500,7500,7500,0,7500,4615.36,7500,0,0,,,,,,,,,,,,,,,,,,,,,,,,,,,,,,,,,,,,,,,,,,,,,,,,
,,,,,,     TOTAL SALARY - LAND USE,,,,,,,,,,,383050.54,285906.32,396874.18,305481.48000000004,424607.41,2520,427127.41,166284.99,430413.33,5805.920000000042,0.013673619120307021,,,,,,,,,,,,,,,,,,,,,,,,,,,,,,,,,,,,,,,,,,,,,,,,
View,,11702,531007,,0100-1-170-0000-00-0-00-2-531007,RECORDINGS-REGISTRY OF DEEDS,,E,0,0,0,0,0,0,0,0,150,0,150,0,150,0,150,0,150,0,0,,,,,,,,,,,,,,,,,,,,,,,,,,,,,,,,,,,,,,,,,,,,,,,,
View,,11702,531013,,0100-1-170-0000-00-0-00-2-531013,CONSULTANT,,E,0,0,0,0,0,0,0,0,,,,,0,3993,3993,2852.5,0,0,0,,,,,,,,,,,,,,,,,,,,,,,,,,,,,,,,,,,,,,,,,,,,,,,,
View,,11702,531017,,0100-1-170-0000-00-0-00-2-531017,PUBLICATIONS,,E,0,0,0,0,0,0,0,0,2100,1002.41,2100,786.45,2100,0,2100,468,2100,0,0,,,,,,,,,,,,,,,,,,,,,,,,,,,,,,,,,,,,,,,,,,,,,,,,
,,11702,534200,,,PRINTING-PLANNING,,,,,,,,,,,300,110,300,80,0,0,0,0,0,0,0,,,,,,,,,,,,,,,,,,,,,,,,,,,,,,,,,,,,,,,,,,,,,,,,
,,,534400,,,PURCHASE OF SERVICE,,,,,,,,,,,650,61,650,0,0,0,625,0,2000,2000,1,,,,,,,,,,,,,,,,,,,,,,,,,,,,,,,,,,,,,,,,,,,,,,,,
,,,534500,,,ADVERTISING,,,,,,,,,,,2250,3681.27,3750,1290,2250,0,750,0,2250,0,0,,,,,,,,,,,,,,,,,,,,,,,,,,,,,,,,,,,,,,,,,,,,,,,,
View,,11702,558000,,0100-1-170-0000-00-0-00-2-558000,OFFICE SUPPLIES,,E,0,0,0,0,0,0,0,0,2560,1581.15,2660,369.37,2600,0,2600,390,2600,0,0,,,,,,,,,,,,,,,,,,,,,,,,,,,,,,,,,,,,,,,,,,,,,,,,
View,,11702,571000,,0100-1-170-0000-00-0-00-2-571000,UNIFORM ALLOWANCE REIMBURSEMEN,,E,0,0,0,0,0,0,0,0,360,336,360,350,900,0,900,450,900,0,0,,,,,,,,,,,,,,,,,,,,,,,,,,,,,,,,,,,,,,,,,,,,,,,,
View,,11702,573000,,0100-1-170-0000-00-0-00-2-573000,MILEAGE REIMBURSEMENT,,E,0,0,0,0,0,0,0,0,285,241.51,850,692.52,1350,0,1350,0,1350,0,0,,,,,,,,,,,,,,,,,,,,,,,,,,,,,,,,,,,,,,,,,,,,,,,,
View,,11702,573100,,0100-1-170-0000-00-0-00-2-573100,DUES/MEMBERSHIP,,E,0,0,0,0,0,0,0,0,1066,325,1066,371,1150,0,1150,1021.9000000000001,1150,0,0,,,,,,,,,,,,,,,,,,,,,,,,,,,,,,,,,,,,,,,,,,,,,,,,
,,11702,573100,,,MEETINGS/SCHOOL,,,,,,,,,,,3409,1235.14,3409,2134,5050,0,5050,1475,5050,0,0,,,,,,,,,,,,,,,,,,,,,,,,,,,,,,,,,,,,,,,,,,,,,,,,
,,,,,,     TOTAL EXPENSE - LAND USE,,,,,,,,,,,13130,8573.48,15295,6073.34,15550,3993,18668,6657.4,17550,2000,0.12861736334405144,,,,,,,,,,,,,,,,,,,,,,,,,,,,,,,,,,,,,,,,,,,,,,,,
,Gen. Gov.,,,,,TOTAL LAND USE,,,,,,,,,,,396180.54,294479.8,412169.18,311554.82000000007,440157.41,6513,445795.41,172942.38999999998,447963.33,7805.920000000042,0.01773438279728164,,,,,,,,,,,,,,,,,,,,,,,,,,,,,,,,,,,,,,,,,,,,,,,,
View,,11782,531070,,0100-1-178-0000-00-0-00-2-531070,APDC EXPENSES,,E,5000,5000,5000,0,0,0,0,5000,5000,40,5000,0,500,0,500,0,500,0,0,,,,,,,,,,,,,,,,,,,,,,,,,,,,,,,,,,,,,,,,,,,,,,,,
,Gen. Gov.,,,,,TOTAL APDC,,,,,,,,,,,5000,40,5000,0,500,0,500,0,500,0,0,,,,,,,,,,,,,,,,,,,,,,,,,,,,,,,,,,,,,,,,,,,,,,,,
View,,11922,521011,,0100-1-192-0000-00-0-00-2-521011,ELECTRICITY CHARGES,,E,100000,101591.81,89654.26,91830.43,80782.17,3908.43,3908.43,5852.95,100000,91926.86,100000,95738.85999999999,100000,0,100000,34911.91,117000,17000,0.17,,,,,,,,,,,,,,,,,,,,,,,,,,,,,,,,,,,,,,,,,,,,,,,,
View,,11922,521012,,0100-1-192-0000-00-0-00-2-521012,HEATING CHARGES/FUEL OIL,,E,34861,34861,34861,33573.58,33573.58,0,0,1287.42,34861,38861,34861,33573.58,39000,0,39000,37000,39000,0,0,,,,,,,,,,,,,,,,,,,,,,,,,,,,,,,,,,,,,,,,,,,,,,,,
View,,11922,521013,,0100-1-192-0000-00-0-00-2-521013,RUBBISH REMOVAL CHARGES,,E,18000,21758.76,21758.76,21758.76,21758.76,0,0,0,17100,18521.41,18000,21758.76,19000,0,19000,9673.5,24000,5000,0.2631578947368421,,,,,,,,,,,,,,,,,,,,,,,,,,,,,,,,,,,,,,,,,,,,,,,,
View,,11922,521025,,0100-1-192-0000-00-0-00-2-521025,HEATING CHARGES/NATURAL GAS,,E,37040,42198.7,41977.77,42198.7,41987.48,0,0,0,37040,38319.07,37040,42198.7,38500,0,38500,38500,74500,36000,0.935064935064935,,,,,,,,,,,,,,,,,,,,,,,,,,,,,,,,,,,,,,,,,,,,,,,,
View,,11922,523001,,0100-1-192-0000-00-0-00-2-523001,WATER CHARGES,,E,6695,14500,14500,15563.22,15563.22,0,0,0,6695,8095,6695,15563.22,14000,0,14000,13849.3,17000,3000,0.21428571428571427,,,,,,,,,,,,,,,,,,,,,,,,,,,,,,,,,,,,,,,,,,,,,,,,
View,,11922,523003,,0100-1-192-0000-00-0-00-2-523003,SEWER USEAGE FEE,,E,9857.1,11621.31,11621.31,11621.31,11621.31,0,0,0,9857.1,9857.1,9857.1,11621.31,9857.1,0,9857.1,12657.34,15000,5142.9,0.5217457467206379,,,,,,,,,,,,,,,,,,,,,,,,,,,,,,,,,,,,,,,,,,,,,,,,
,,11922,541019,,,FUEL CHARGES,,,,,,,,,,,0,0,0,0,1000,0,1000,0,1000,0,0,,,,,,,,,,,,,,,,,,,,,,,,,,,,,,,,,,,,,,,,,,,,,,,,
,Facilities,,,,,     TOTAL EXPENSE - PUBLIC BUILDINGS,,,,,,,,,,,205553.1,205580.44,206453.1,220454.42999999996,221357.1,0,221357.1,146592.05,287500,66142.9,0.29880631793604084,,,,,,,,,,,,,,,,,,,,,,,,,,,,,,,,,,,,,,,,,,,,,,,,
View,,11931,511000,,0100-4-193-0000-00-0-00-1-511000,FACILITIES MANAGER,,E,67284.13,67284.23,67284.23,67284.23,67284.23,0,0,0,68701.98,68659.46,67284.13,67284.23,75466.22,0,75466.22,40692.66,70690.28,-4775.940000000002,-0.06328579859969138,,,,,,,,,,,,,,,,,,,,,,,,,,,,,,,,,,,,,,,,,,,,,,,,
View,,11931,511003,,0100-4-193-0000-00-0-00-1-511003,SALARIES FACILITIES STAFF,,E,48576.74,49588.26,49588.26,49588.26,49588.26,0,0,0,48576.74,48576.74,48576.74,49588.26,52512.99,0,52512.99,30884.05,52512.99,0,0,,,,,,,,,,,,,,,,,,,,,,,,,,,,,,,,,,,,,,,,,,,,,,,,
View,,11931,511013,,0100-4-193-0000-00-0-00-1-511013,SALARY FACILITIES DIRECTOR,,E,103694.48,116164.56,116164.56,116164.56,116164.56,0,0,0,100251.56,106440.64,103694.48,116164.56,119654.96,3570,123224.96,71872.64,125321.76,5666.799999999988,0.0473595077044862,,,,,,,,,,,,,,,,,,,,,,,,,,,,,,,,,,,,,,,,,,,,,,,,
View,,11931,513000,,0100-4-193-0000-00-0-00-1-513000,SALARIES OVERTIME,,E,2082.53,0,0,0,0,0,0,0,2082.53,2082.53,2082.53,0,2082.53,0,2082.53,0,2082.53,0,0,,,,,,,,,,,,,,,,,,,,,,,,,,,,,,,,,,,,,,,,,,,,,,,,
View,,11931,514002,,0100-4-193-0000-00-0-00-1-514002,LONGEVITY PAY,,E,1350,1350,1350,0,0,0,0,1350,1350,1350,1350,0,1350,0,1350,1600,850,-500,-0.37037037037037035,,,,,,,,,,,,,,,,,,,,,,,,,,,,,,,,,,,,,,,,,,,,,,,,
View,,11931,519005,,0100-4-193-0000-00-0-00-1-519005,ON-CALL STIPEND,,E,6500,6500,6500,6500,6500,0,0,0,6500,6500,6500,6500,6500,0,6500,4000,6500,0,0,,,,,,,,,,,,,,,,,,,,,,,,,,,,,,,,,,,,,,,,,,,,,,,,
View,,11931,519010,,0100-4-193-0000-00-0-00-1-519010,CONTRACT EVALUATION STIPEND,,E,1600,1600,1600,800,800,0,0,800,1600,1600,1600,800,1600,0,1600,0,1600,0,0,,,,,,,,,,,,,,,,,,,,,,,,,,,,,,,,,,,,,,,,,,,,,,,,
,,,,,,     TOTAL PAYROLL - FACILITIES & GROUNDS,,,,,,,,,,,229062.81,235209.37000000002,231087.87999999998,240337.05,259166.69999999998,3570,262736.69999999995,149049.35,259557.55999999997,390.85999999998603,0.001508141285126469,,,,,,,,,,,,,,,,,,,,,,,,,,,,,,,,,,,,,,,,,,,,,,,,
View,,11932,523005,,0100-4-193-0000-00-0-00-2-523005,TOWN BETTERMENT COSTS,,E,71209,69379,69379,69379,69379,0,0,0,71209,71209,71209,69379,67547,0,67547,0,65717,-1830,-0.027092246879950255,,,,,,,,,,,,,,,,,,,,,,,,,,,,,,,,,,,,,,,,,,,,,,,,
View,,11932,531003,,0100-4-193-0000-00-0-00-2-531003,CONTRACTED SERVICES,,E,90000,87530.25,87530.25,87530.25,87530.25,0,0,0,240000,227635.86,90000,87530.25,90000,0,90000,61476.49,100000,10000,0.1111111111111111,,,,,,,,,,,,,,,,,,,,,,,,,,,,,,,,,,,,,,,,,,,,,,,,
View,,11932,531006,,0100-4-193-0000-00-0-00-2-531006,PURCHASE OF SERVICE,,E,150000,181164.25,181164.25,176607.28,176607.28,0,0,4556.97,0,2500,150000,176607.28,150000,-5000,145000,28050.57,175000,25000,0.16666666666666666,,,,,,,,,,,,,,,,,,,,,,,,,,,,,,,,,,,,,,,,,,,,,,,,
View,,11932,531041,,0100-4-193-0000-00-0-00-2-531041,CONTRACTUAL TEEN CTR EXPENSES,,E,10000,13013.58,12287.94,12603.58,12039.26,0,0,410,10000,27114.3,10000,12603.58,10000,5000,15000,14353.5,12000,2000,0.2,,,,,,,,,,,,,,,,,,,,,,,,,,,,,,,,,,,,,,,,,,,,,,,,
View,,11932,531042,,0100-4-193-0000-00-0-00-2-531042,CONTRACTED CLEANING SERVICES,,E,86000,65782.44,65782.44,51455,51455,14327.44,14327.44,0,86000,86000,86000,65782.44,80000,0,80000,80000,86000,6000,0.075,,,,,,,,,,,,,,,,,,,,,,,,,,,,,,,,,,,,,,,,,,,,,,,,
View,,11932,531043,,0100-4-193-0000-00-0-00-2-531043,DEPARTMENT EXPENSES,,E,5492,4507.55,4507.55,4507.55,4507.55,0,0,0,5492,5492,5492,4507.55,5492,0,5492,4416.04,5500,8,0.0014566642388929353,,,,,,,,,,,,,,,,,,,,,,,,,,,,,,,,,,,,,,,,,,,,,,,,
,,11932,531079,,,TCP EXPENSES,,,,,,,,,,,0,0,0,0,27000,0,27000,26665.66,27000,0,0,,,,,,,,,,,,,,,,,,,,,,,,,,,,,,,,,,,,,,,,,,,,,,,,
View,,11932,541001,,0100-4-193-0000-00-0-00-2-541001,CUSTODIAL SUPPLIES,,E,7166,9431.46,9431.46,9431.46,9431.46,0,0,0,7166,8166,7166,9431.46,8200,0,8200,8200.060000000001,10000,1800,0.21951219512195122,,,,,,,,,,,,,,,,,,,,,,,,,,,,,,,,,,,,,,,,,,,,,,,,
View,,11932,541002,,0100-4-193-0000-00-0-00-2-541002,BUILDING MTC SUPPLIES,,E,15856.5,27256.08,27256.08,27256.08,27256.08,0,0,0,15856.5,12960.93,15856.5,27256.08,12000,0,12000,11753,20000,8000,0.6666666666666666,,,,,,,,,,,,,,,,,,,,,,,,,,,,,,,,,,,,,,,,,,,,,,,,
View,,11932,558000,,0100-4-193-0000-00-0-00-2-558000,UNIFORM ALLOWANCE REIMBURSEMEN,,E,2200,982.88,982.88,982.88,982.88,0,0,0,2200,2200,2200,982.08,2200,0,2200,1650,2200,0,0,,,,,,,,,,,,,,,,,,,,,,,,,,,,,,,,,,,,,,,,,,,,,,,,
,,,,,,NEW LINE: VEHICLE ALLOWANCE,,,,,,,,,,,,,,,,,,,7500,7500,1,,,,,,,,,,,,,,,,,,,,,,,,,,,,,,,,,,,,,,,,,,,,,,,,
,,,,,,     TOTAL EXPENSE - FACILITIES & GROUNDS,,,,,,,,,,,437923.5,443278.08999999997,437923.5,454079.7200000001,452439,0,452439,236565.32,510917,58478,0.12925057300542173,,,,,,,,,,,,,,,,,,,,,,,,,,,,,,,,,,,,,,,,,,,,,,,,
,Facilities,,,,,TOTAL FACILITIES & GROUNDS,,,,,,,,,,,666986.31,678487.46,669011.38,694416.77,711605.7,3570,715175.7,385614.67000000004,770474.5599999999,58868.859999999986,0.08272679659536171,,,,,,,,,,,,,,,,,,,,,,,,,,,,,,,,,,,,,,,,,,,,,,,,
View,,11952,534200,,0100-1-195-0000-00-0-00-2-534200,PRINTING TOWN REPORTS,,E,7000,14442.85,14442.85,14405.68,14405.68,0,0,37.17,7000,12646.77,7000,14405.68,7000,0,7000,5952.53,16000,9000,1.2857142857142858,,,,,,,,,,,,,,,,,,,,,,,,,,,,,,,,,,,,,,,,,,,,,,,,
,Gen. Gov.,,,,,     TOTAL EXPENSE - TOWN REPORT,,,,,,,,,,,7000,12646.77,7000,14405.68,7000,0,7000,5952.53,16000,9000,1.2857142857142858,,,,,,,,,,,,,,,,,,,,,,,,,,,,,,,,,,,,,,,,,,,,,,,,
,,,,,,,,,,,,,,,,,,,,,,,,,,,,,,,,,-,,,,,,,,,,,,,,,,,,,,,,,,,,,,,,,,,,,,,,,,,,
View,,11992,521001,,0100-1-199-0000-00-0-00-2-521001,OFFICE EQUIPMENT MTC,,E,7500,3666,3666,3853.83,3853.83,0,0,0,7500,5892.9,7500,3853.83,7500,0,7500,1603.55,7500,0,0,,,,,,,,,,,,,,,,,,,,,,,,,,,,,,,,,,,,,,,,,,,,,,,,
View,,11992,521007,,0100-1-199-0000-00-0-00-2-521007,EQUIPMENT MTC,,E,3000,0,0,0,0,0,0,0,3000,130,3000,0,7000,0,7000,1058.96,7000,0,0,,,,,,,,,,,,,,,,,,,,,,,,,,,,,,,,,,,,,,,,,,,,,,,,
View,,11992,531057,,0100-1-199-0000-00-0-00-2-531057,MANAGED PRINT SERVICES,,E,26800,26364.52,26364.52,25564.75,25564.75,0,0,799.77,26800,19240.16,26800,25564.75,27000,0,27000,25628.72,27000,0,0,,,,,,,,,,,,,,,,,,,,,,,,,,,,,,,,,,,,,,,,,,,,,,,,
View,,11992,534400,,0100-1-199-0000-00-0-00-2-534400,POSTAGE,,E,3000,10946.54,10946.54,8332.1,8332.1,0,0,2614.44,33202,28143.55,41164.29,32606.260000000002,50000,0,50000,33029.26,50000,0,0,,,,,,,,,,,,,,,,,,,,,,,,,,,,,,,,,,,,,,,,,,,,,,,,
,Gen. Gov.,,,,,     TOTAL EXPENSE - CENTRAL PURCHASING,,,,,,,,,,,70502,53406.61,78464.29000000001,62024.840000000004,91500,0,91500,61320.490000000005,91500,0,0,,,,,,,,,,,,,,,,,,,,,,,,,,,,,,,,,,,,,,,,,,,,,,,,
View,,12101,511000,,0100-2-210-0000-00-0-00-1-511000,POLICE CHIEF SALARY,,E,125050,137365,137365,137258.43,137258.43,0,0,106.57,115005,122000,125050,137258.43,125050,19950,145000,85555.62,148625,23575,0.1885245901639344,,,,,,,,,,,,,,,,,,,,,,,,,,,,,,,,,,,,,,,,,,,,,,,,
View,,12101,511001,,0100-2-210-0000-00-0-00-1-511001,SALARIES ADMINISTRATIVE ASST,,E,71681.04,59366.04,59366.04,58902.48,58902.48,0,0,463.56,62878.4,66234.29,71681.04,58902.48,60927.84,1799,62726.84,36886.08,62726.67,1798.8300000000017,0.029523941764552985,,,,,,,,,,,,,,,,,,,,,,,,,,,,,,,,,,,,,,,,,,,,,,,,
View,,12101,511003,,0100-2-210-0000-00-0-00-1-511003,SALARIES CLERK,,E,18362.08,20126.32,20126.32,19401.04,19401.04,0,0,725.28,8873.28,17782.32,18362.08,19401.04,21185.92,644,21829.92,12470.4,21829.52,643.6000000000022,0.030378666586110124,,,,,,,,,,,,,,,,,,,,,,,,,,,,,,,,,,,,,,,,,,,,,,,,
View,,12101,511004,,0100-2-210-0000-00-0-00-1-511004,POLICE SARGENTS SALARIES,,E,345397.8,308045.8,308045.8,263450.4,263450.4,0,0,44595.4,335682.88,308892.8,345397.8,263450.4,345397.8,0,345397.8,150752.4,273771.42,-71626.38,-0.20737358489255,,,,,,,,,,,,,,,,,,,,,,,,,,,,,,,,,,,,,,,,,,,,,,,,
View,,12101,511005,,0100-2-210-0000-00-0-00-1-511005,POLICE LIEUTENANTS SALARIES,,E,99301.94,99301.94,99301.94,87126.96,87126.96,0,0,12174.98,96508.67,96508.63,99301.94,87126.96,99301.94,0,99301.94,59276.82,104956.09,5654.149999999994,0.05693896816114563,,,,,,,,,,,,,,,,,,,,,,,,,,,,,,,,,,,,,,,,,,,,,,,,
View,,12101,511006,,0100-2-210-0000-00-0-00-1-511006,POLICE PATROLMAN SALARIES,,E,938871.76,938871.76,938871.76,917897.91,917897.91,0,0,20973.85,903129.75,900013.35,938871.76,917897.91,940383.58,0,940383.58,556760.98,970742.32,30358.73999999999,0.032283358244090135,,,,,,,,,,,,,,,,,,,,,,,,,,,,,,,,,,,,,,,,,,,,,,,,
View,,12101,511021,,0100-2-210-0000-00-0-00-1-511021,COURT OFFICERS STIPEND,,E,3100,3100,3100,3100,3100,0,0,0,3100,3100,3100,3100,3100,0,3100,3100,3100,0,0,,,,,,,,,,,,,,,,,,,,,,,,,,,,,,,,,,,,,,,,,,,,,,,,
View,,12101,511030,,0100-2-210-0000-00-0-00-1-511030,SALARY DETECTIVE/SERGEANT/PATR,,E,80614.97,80615.97,80615.97,80615.07,80615.07,0,0,0.9,78347.36,78347.36,80614.97,80615.07,80614.97,0,80614.97,48121.93,170393.48,89778.51000000001,1.1136704510340947,,,,,,,,,,,,,,,,,,,,,,,,,,,,,,,,,,,,,,,,,,,,,,,,
View,,12101,513000,,0100-2-210-0000-00-0-00-1-513000,OVERTIME POLICE DEPT,,E,176849.31,206849.31,206849.31,204720.99,204720.99,0,0,2128.32,175470.77,150616.27,176849.31,204720.99,165000,0,165000,98047.64,165000,0,0,,,,,,,,,,,,,,,,,,,,,,,,,,,,,,,,,,,,,,,,,,,,,,,,
View,,12101,513004,,0100-2-210-0000-00-0-00-1-513004,COMMUNITY POLICING,,E,13999.84,13999.84,13999.84,10822.98,10822.98,0,0,3176.86,12995.18,13916.43,13999.84,10822.98,14319.31,0,14319.31,8613.27,14748.89,429.5799999999999,0.030000048885037055,,,,,,,,,,,,,,,,,,,,,,,,,,,,,,,,,,,,,,,,,,,,,,,,
View,,12101,513006,,0100-2-210-0000-00-0-00-1-513006,K9 CARE OVERTIME,,E,19095.1,19095.1,19095.1,19571.3,19571.3,0,0,0,19095.09,18782.88,19095.1,19571.3,39144.94,0,39144.94,23327.08,40319.29,1174.3499999999985,0.030000045982954592,,,,,,,,,,,,,,,,,,,,,,,,,,,,,,,,,,,,,,,,,,,,,,,,
View,,12101,514000,,0100-2-210-0000-00-0-00-1-514000,POLICE SHIFT DIFFERENTIAL,,E,33169.16,33169.16,33169.16,29425.91,29425.91,0,0,3743.25,31848.02,28265.92,33169.16,29425.91,31019.51,0,31019.51,16331.28,31950.1,930.5900000000001,0.030000151517544933,,,,,,,,,,,,,,,,,,,,,,,,,,,,,,,,,,,,,,,,,,,,,,,,
View,,12101,514001,,0100-2-210-0000-00-0-00-1-514001,POLICE HOLIDAY PAY,,E,56705.45,56705.45,56705.45,28775.94,28775.94,0,0,27929.51,54993.64,45983.41,56705.45,31987.58,54846.95,0,54846.95,14597.53,61523.02,6676.07,0.1217218095080948,,,,,,,,,,,,,,,,,,,,,,,,,,,,,,,,,,,,,,,,,,,,,,,,
View,,12101,514002,,0100-2-210-0000-00-0-00-1-514002,POLICE LONGEVITY PAY,,E,11730,11730,11730,9600,9600,0,0,2130,15552.28,11730,11730,9600,10717.47,0,10717.47,5760,6400,-4317.469999999999,-0.4028441413878462,,,,,,,,,,,,,,,,,,,,,,,,,,,,,,,,,,,,,,,,,,,,,,,,
View,,12101,514003,,0100-2-210-0000-00-0-00-1-514003,POLICE COURT TIME,,E,12626.64,12626.64,12626.64,3630.59,3630.59,0,0,8996.05,15800,10262.09,12626.64,3630.59,12626.71,0,12626.71,3752.58,13005.51,378.8000000000011,0.029999897043648038,,,,,,,,,,,,,,,,,,,,,,,,,,,,,,,,,,,,,,,,,,,,,,,,
View,,12101,514004,,0100-2-210-0000-00-0-00-1-514004,INVESTIGATIVE FIELD SERVICES,,E,37879.91,37879.91,37879.91,35181.51,35181.51,0,0,2698.4,36695.72,38755.23,37879.91,35181.51,37880.12,0,37880.12,19206.05,39016.52,1136.3999999999942,0.029999904963342094,,,,,,,,,,,,,,,,,,,,,,,,,,,,,,,,,,,,,,,,,,,,,,,,
View,,12101,514005,,0100-2-210-0000-00-0-00-1-514005,FIELD TRNG OFFICER DIFFERENTIA,,E,600,600,600,168,168,0,0,432,600,488,600,168,600,0,600,882,618,18,0.03,,,,,,,,,,,,,,,,,,,,,,,,,,,,,,,,,,,,,,,,,,,,,,,,
View,,12101,514006,,0100-2-210-0000-00-0-00-1-514006,OFFICER IN CHARGE DIFFERENTIAL,,E,1440,7440,7440,5254,5254,0,0,2186,1440,1266,1440,5254,2000,0,2000,3752,4500,2500,1.25,,,,,,,,,,,,,,,,,,,,,,,,,,,,,,,,,,,,,,,,,,,,,,,,
,,12101,515001,,,VACATION BUYOUT,,,,,,,,,,,0,0,0,0,0,6766,6766,0,0,0,0,,,,,,,,,,,,,,,,,,,,,,,,,,,,,,,,,,,,,,,,,,,,,,,,
View,,12101,517000,,0100-2-210-0000-00-0-00-1-517000,RETIREMENTS,,E,0,0,0,0,0,0,0,0,0,0,0,0,0,0,0,0,0,0,0,,,,,,,,,,,,,,,,,,,,,,,,,,,,,,,,,,,,,,,,,,,,,,,,
View,,12101,519001,,0100-2-210-0000-00-0-00-1-519001,POLICE UNIFORM ALLOWANCE,,E,31000,31000,31000,30225,30225,0,0,775,31000,31000,31000,30225,31000,0,31000,29450,31000,0,0,,,,,,,,,,,,,,,,,,,,,,,,,,,,,,,,,,,,,,,,,,,,,,,,
View,,12101,519002,,0100-2-210-0000-00-0-00-1-519002,POLICE EDUCATIONAL INCENTIVE,,E,141685.19,141685.19,141685.19,114357.19,114357.19,0,0,27328,122651.37,117250.87,141685.19,114357.19,142205.19,35109,177314.19,175096.22,215367.87,73162.68,0.5144867075526568,,,,,,,,,,,,,,,,,,,,,,,,,,,,,,,,,,,,,,,,,,,,,,,,
View,,12101,519003,,0100-2-210-0000-00-0-00-1-519003,POLICE TRAINING FIREARMS QUALI,,E,16835.52,16835.52,16835.52,10606.47,10606.47,0,0,6229.05,16309.21,18185.27,16835.52,10606.47,13179.82,0,13179.82,2489.34,13575.21,395.3899999999994,0.029999650981576337,,,,,,,,,,,,,,,,,,,,,,,,,,,,,,,,,,,,,,,,,,,,,,,,
View,,12101,519009,,0100-2-210-0000-00-0-00-1-519009,IN-SERV/SPECIALIZED TRAINING,,E,73655.38,73655.38,73655.38,67898.75,67898.75,0,0,5756.63,71352.79,58584.81,73655.38,67898.75,70000,0,70000,35642.91,70000,0,0,,,,,,,,,,,,,,,,,,,,,,,,,,,,,,,,,,,,,,,,,,,,,,,,
View,,12101,519020,,0100-2-210-0000-00-0-00-1-519020,POLICE LESS LETHAL TRAINING,,E,8417.76,8417.76,8417.76,3726.86,3726.86,0,0,4690.9,8154.6,3534.51,8417.76,3726.86,8417.8,0,8417.8,2089.6,8670.33,252.53000000000065,0.029999524816460437,,,,,,,,,,,,,,,,,,,,,,,,,,,,,,,,,,,,,,,,,,,,,,,,
View,,12101,519021,,0100-2-210-0000-00-0-00-1-519021,SCHOOL RESOURCE STIPEND,,E,4000,4000,4000,3400,3400,0,0,600,2000,2000,4000,3400,6800,0,6800,6800,3400,-3400,-0.5,,,,,,,,,,,,,,,,,,,,,,,,,,,,,,,,,,,,,,,,,,,,,,,,
View,,12101,519022,,0100-2-210-0000-00-0-00-1-519022,TRAFFIC OFFICER STIPEND,,E,2000,2000,2000,2000,2000,0,0,0,2000,2000,2000,2000,2000,0,2000,4000,2000,0,0,,,,,,,,,,,,,,,,,,,,,,,,,,,,,,,,,,,,,,,,,,,,,,,,
,,12101,519025,ACCREDITATION MANAGER STIPEND,,ACCREDIDATION MANAGER STIPEND,,,,,,,,,,,0,0,0,0,0,3400,3400,3400,3400,3400,1,,,,,,,,,,,,,,,,,,,,,,,,,,,,,,,,,,,,,,,,,,,,,,,,
,,12101,519026,TRANSLATOR STIPEND,,TRANSLATOR STIPEND,,,,,,,,,,,0,0,0,0,0,2000,2000,0,2000,2000,1,,,,,,,,,,,,,,,,,,,,,,,,,,,,,,,,,,,,,,,,,,,,,,,,
,,12101,519027,PUBLIC INFORMATION OFFICER STIPEND,,PUBLIC INFORMATION OFFICER STIPEND,,,,,,,,,,,0,0,0,0,0,2000,2000,2000,2000,2000,1,,,,,,,,,,,,,,,,,,,,,,,,,,,,,,,,,,,,,,,,,,,,,,,,
,,,,,,     TOTAL PAYROLL - POLICE,,,,,,,,,,,2221484.0100000002,2145500.44,2324068.8499999996,2150329.4200000004,2317719.8699999996,71668,2389387.8699999996,1408161.7300000004,2484639.24,166919.37000000058,0.07201878542811155,,,,,,,,,,,,,,,,,,,,,,,,,,,,,,,,,,,,,,,,,,,,,,,,
View,,12102,521007,,0100-2-210-0000-00-0-00-2-521007,EQUIPMENT MTC,,E,12700,14200,14200,13864.58,13864.58,0,0,335.42,12700,8626.31,12700,13864.58,12700,0,12700,12438.05,12700,0,0,,,,,,,,,,,,,,,,,,,,,,,,,,,,,,,,,,,,,,,,,,,,,,,,
View,,12102,531058,,0100-2-210-0000-00-0-00-2-531058,DETAIL SOFTWARE ANNUAL FEE,,E,4800,4800,4800,4440,4440,0,0,360,4080,4560,4800,4440,4800,0,4800,4400,4800,0,0,,,,,,,,,,,,,,,,,,,,,,,,,,,,,,,,,,,,,,,,,,,,,,,,
View,,12102,534200,,0100-2-210-0000-00-0-00-2-534200,PRINTING-POLICE,,E,3500,3500,3500,1081.69,1081.69,0,0,2418.31,3500,4109.03,3500,1081.69,3500,0,3500,2139.6,3500,0,0,,,,,,,,,,,,,,,,,,,,,,,,,,,,,,,,,,,,,,,,,,,,,,,,
View,,12102,540000,,0100-2-210-0000-00-0-00-2-540000,OFFICE SUPPLIES-POLICE ADMIN,,E,5600,7650,7650,6645.55,6645.55,0,0,1004.45,5600,7194.03,5600,6645.55,5600,0,5600,4182.84,5600,0,0,,,,,,,,,,,,,,,,,,,,,,,,,,,,,,,,,,,,,,,,,,,,,,,,
View,,12102,551001,,0100-2-210-0000-00-0-00-2-551001,SUPPLIES FIREARMS QUALIFICATIO,,E,18000,11242,11242,11106.27,11106.27,0,0,135.73,15000,25115.75,18000,11106.27,21600,0,21600,2978.38,22248,648,0.03,,,,,,,,,,,,,,,,,,,,,,,,,,,,,,,,,,,,,,,,,,,,,,,,
View,,12102,551002,,0100-2-210-0000-00-0-00-2-551002,BADGES,,E,1050,1050,1050,947.23,947.23,0,0,102.77,1050,1063.24,1050,947.23,1050,0,1050,776.58,1050,0,0,,,,,,,,,,,,,,,,,,,,,,,,,,,,,,,,,,,,,,,,,,,,,,,,
,,12102,tbd,,,OFFICER BODY ARMOR,,,,,,,,,,,0,0,0,0,0,0,0,0,6000,6000,1,,,,,,,,,,,,,,,,,,,,,,,,,,,,,,,,,,,,,,,,,,,,,,,,
,,12102,tbd,,,BUILDING/DEPT SOFTWARE,,,,,,,,,,,0,0,5000,5000,0,0,0,0,1350,1350,1,,,,,,,,,,,,,,,,,,,,,,,,,,,,,,,,,,,,,,,,,,,,,,,,
View,,12102,555060,,0100-2-210-0000-00-0-00-2-555060,MOTORCYCLE LEASE,,E,5000,5000,5000,5000,5000,0,0,0,5000,5000,0,0,0,0,0,0,0,0,0,,,,,,,,,,,,,,,,,,,,,,,,,,,,,,,,,,,,,,,,,,,,,,,,
View,,12102,558700,,0100-2-210-0000-00-0-00-2-558700,K-9 EXPENSES,,E,8000,12451,12451,8812.73,8812.73,0,0,3638.27,8000,10782.79,8000,8812.73,8987.6,0,8987.6,6494.82,9257.23,269.6299999999992,0.030000222528817393,,,,,,,,,,,,,,,,,,,,,,,,,,,,,,,,,,,,,,,,,,,,,,,,
View,,12102,573000,,0100-2-210-0000-00-0-00-2-573000,DUES/MEMBERSHIP-POLICE,,E,6300,6300,6300,5619.52,5619.52,0,0,680.48,6000,4850,6300,5619.52,6615,0,6615,4679,6813.45,198.44999999999982,0.02999999999999997,,,,,,,,,,,,,,,,,,,,,,,,,,,,,,,,,,,,,,,,,,,,,,,,
View,,12102,573200,,0100-2-210-0000-00-0-00-2-573200,TRAINING COURSE FEES,,E,23600,23458,23458,18474.37,18474.37,0,0,4983.63,23600,26727.31,23600,18474.37,23600,0,23600,19273.93,23600,0,0,,,,,,,,,,,,,,,,,,,,,,,,,,,,,,,,,,,,,,,,,,,,,,,,
,,,,,,     TOTAL EXPENSE - POLICE,,,,,,,,,,,84530,98028.45999999999,88550,75991.94,88452.6,0,88452.6,57363.200000000004,96918.68,8466.079999999987,0.09571318423652879,,,,,,,,,,,,,,,,,,,,,,,,,,,,,,,,,,,,,,,,,,,,,,,,
,Public Safety,,,,,TOTAL POLICE,,,,,,,,,,,2306014.0100000002,2243528.9,2412618.8499999996,2226321.3600000003,2406172.4699999997,71668,2477840.4699999997,1465524.9300000004,2581557.9200000004,175385.45000000065,0.07288980826881486,,,,,,,,,,,,,,,,,,,,,,,,,,,,,,,,,,,,,,,,,,,,,,,,
View,,12131,511014,,0100-2-213-0000-00-0-00-1-511014,PAYROLL LOCK-UP,,E,15000,15800,15800,16155.17,16155.17,0,0,0,20000,7269.33,15000,16155.17,15000,0,15000,10881.44,15000,0,0,,,,,,,,,,,,,,,,,,,,,,,,,,,,,,,,,,,,,,,,,,,,,,,,
,,,,,,     TOTAL  PAYROLL - LOCK UP,,,,,,,,,,,20000,7269.33,15000,16155.17,15000,0,15000,10881.44,15000,0,0,,,,,,,,,,,,,,,,,,,,,,,,,,,,,,,,,,,,,,,,,,,,,,,,
View,,12132,531006,,0100-2-213-0000-00-0-00-2-531006,PURCHASE OF SERVICE,,E,2800,2800,2800,678.77,678.77,0,0,2121.23,2800,1918.03,2800,678.77,2800,0,2800,1500,2800,0,0,,,,,,,,,,,,,,,,,,,,,,,,,,,,,,,,,,,,,,,,,,,,,,,,
View,,12132,540000,,0100-2-213-0000-00-0-00-2-540000,SUPPLIES-LOCK UP,,E,2800,2250,2250,1098.08,1098.08,0,0,1151.92,2800,1962.77,2800,1098.08,2800,0,2800,297,2800,0,0,,,,,,,,,,,,,,,,,,,,,,,,,,,,,,,,,,,,,,,,,,,,,,,,
,,,,,,     TOTAL EXPENSE - LOCK UP,,,,,,,,,,,5600,3880.8,5600,1776.85,5600,0,5600,1797,5600,0,0,,,,,,,,,,,,,,,,,,,,,,,,,,,,,,,,,,,,,,,,,,,,,,,,
,Public Safety,,,,,TOTAL POLICE LOCK UP,,,,,,,,,,,25600,11150.130000000001,20600,17932.02,20600,0,20600,12678.44,20600,,,,,,,,,,,,,,,,,,,,,,,,,,,,,,,,,,,,,,,,,,,,,,,,,,
View,,12141,515000,,0100-2-214-0000-00-0-00-1-515000,POLICE/FIRE INJURY LEAVE,,E,4000,4000,4000,0,0,0,0,4000,4000,445.12,4000,0,4000,0,4000,528.33,4000,0,0,,,,,,,,,,,,,,,,,,,,,,,,,,,,,,,,,,,,,,,,,,,,,,,,
,Public Safety,,,,,     TOTAL EXPENSE - POLICE/FIRE INJURY,,,,,,,,,,,4000,445.12,4000,0,4000,0,4000,528.33,4000,0,0,,,,,,,,,,,,,,,,,,,,,,,,,,,,,,,,,,,,,,,,,,,,,,,,
View,,12201,511000,,0100-2-220-0000-00-0-00-1-511000,FIRE CHIEF SALARY,,E,106446,112446,112446,114036,114036,0,0,0,106446,107946,106446,114036,116758,0,116758,68891.75,145000,28242,0.24188492437349046,,,,,,,,,,,,,,,,,,,,,,,,,,,,,,,,,,,,,,,,,,,,,,,,
View,,12201,511001,,0100-2-220-0000-00-0-00-1-511001,FIRE DEPT CLERICAL SALARIES,,E,64707.12,72587.96,72587.96,72495.36,72495.36,0,0,92.6,64489.66,68411.2,64707.12,72495.36,72495.36,2174,74669.36,44056.32,74666.87999999999,2171.5199999999895,0.0299539170506911,,,,,,,,,,,,,,,,,,,,,,,,,,,,,,,,,,,,,,,,,,,,,,,,
View,,12201,511007,,0100-2-220-0000-00-0-00-1-511007,CAREER FIREFIGHTERS SALARIES,,E,735398.9,735398.9,735398.9,736711.57,736711.57,0,0,0,708455.42,708740.09,735398.9,736711.57,760304.69,0,760304.69,450028.69,981393.04,221088.3500000001,0.290789144020669,,,,,,,,,,,,,,,,,,,,,,,,,,,,,,,,,,,,,,,,,,,,,,,,
View,,12201,511008,,0100-2-220-0000-00-0-00-1-511008,AMBULANCE DIRECTOR SALARY,,E,2500,2500,2500,2500,2500,0,0,0,1500,1500,2500,2500,2500,0,2500,2500,2500,0,0,,,,,,,,,,,,,,,,,,,,,,,,,,,,,,,,,,,,,,,,,,,,,,,,
View,,12201,511010,,0100-2-220-0000-00-0-00-1-511010,FIREFIGHTERS SALARIES,,E,200659.92,220600.64,220600.64,236737.84,236737.84,0,0,0,200659.92,203210.43,200659.92,236737.84,291070.34,0,291070.34,120666.25,291070.34,0,0,,,,,,,,,,,,,,,,,,,,,,,,,,,,,,,,,,,,,,,,,,,,,,,,
View,,12201,511011,,0100-2-220-0000-00-0-00-1-511011,EMT'S SALARIES,,E,70469.7,70469.7,70469.7,36640.48,36640.48,0,0,33829.22,70469.7,34385.04,70469.7,36640.48,0,0,0,0,0,0,0,,,,,,,,,,,,,,,,,,,,,,,,,,,,,,,,,,,,,,,,,,,,,,,,
View,,12201,511031,,0100-2-220-0000-00-0-00-1-511031,OUT OF GRADE PAY,,E,5000,5000,5000,1529,1529,0,0,3471,5000,1309,5000,1529,5000,0,5000,766,5000,0,0,,,,,,,,,,,,,,,,,,,,,,,,,,,,,,,,,,,,,,,,,,,,,,,,
View,,12201,513000,,0100-2-220-0000-00-0-00-1-513000,DAYMEN OVERTIME,,E,171113.85,171113.85,171113.85,201481.03,201481.03,0,0,0,171113.85,185777.27,171113.85,201481.03,175291.7,0,175291.7,126246.1,255677.72,80386.01999999999,0.45858429121287536,,,,,,,,,,,,,,,,,,,,,,,,,,,,,,,,,,,,,,,,,,,,,,,,
View,,12201,514001,,0100-2-220-0000-00-0-00-1-514001,HOLIDAY PAY,,E,45793.8,45793.8,45793.8,45902.8,45902.8,0,0,0,43545.26,44186.72,45793.8,45902.8,47247.31,0,47247.31,32777.71,69572.64,22325.33,0.47252065778982977,,,,,,,,,,,,,,,,,,,,,,,,,,,,,,,,,,,,,,,,,,,,,,,,
View,,12201,514002,,0100-2-220-0000-00-0-00-1-514002,LONGEVITY PAY,,E,9297.68,9399.78,9399.78,10772.38,10772.38,0,0,0,12451.96,9390.28,9297.68,10772.38,9492.38,0,9492.38,12746.67,9546.672,54.29200000000128,0.0057195350375776445,,,,,,,,,,,,,,,,,,,,,,,,,,,,,,,,,,,,,,,,,,,,,,,,
View,,12201,519001,,0100-2-220-0000-00-0-00-1-519001,DAYMEN UNIFORM ALLOWANCE,,E,9900,9900,9900,9900,9900,0,0,0,9900,9900,9900,9900,9900,0,9900,9900,13200,3300,0.3333333333333333,,,,,,,,,,,,,,,,,,,,,,,,,,,,,,,,,,,,,,,,,,,,,,,,
View,,12201,519002,,0100-2-220-0000-00-0-00-1-519002,EDUCATIONAL INCENTIVE F.F.,,E,5000,5000,5000,5000,5000,0,0,0,5000,5000,5000,5000,5000,0,5000,5000,10000,5000,1,,,,,,,,,,,,,,,,,,,,,,,,,,,,,,,,,,,,,,,,,,,,,,,,
View,,12201,519003,,0100-2-220-0000-00-0-00-1-519003,TRAINING FIREFIGHTERS,,E,50473.13,50473.13,50473.13,10870.43,10870.43,0,0,39602.7,50473.13,25901.33,50473.13,10870.43,50473.13,0,50473.13,7050.27,50473.13,0,0,,,,,,,,,,,,,,,,,,,,,,,,,,,,,,,,,,,,,,,,,,,,,,,,
View,,12201,519004,,0100-2-220-0000-00-0-00-1-519004,EMT BASIC/INTERMEDIATE STIPEND,,E,10500,10500,10500,5500,5500,0,0,5000,10500,6500,10500,5500,10500,0,10500,3000,10500,0,0,,,,,,,,,,,,,,,,,,,,,,,,,,,,,,,,,,,,,,,,,,,,,,,,
View,,12201,519005,,0100-2-220-0000-00-0-00-1-519005,WEEKEND ON CALL STIPEND,,E,5200,5200,5200,5200,5200,0,0,0,5200,5050,5200,5200,5200,0,5200,2950,0,-5200,-1,,,,,,,,,,,,,,,,,,,,,,,,,,,,,,,,,,,,,,,,,,,,,,,,
View,,12201,519011,,0100-2-220-0000-00-0-00-1-519011,CELL PHONE STIPEND,,E,720,720,720,720,720,0,0,0,720,720,720,720,720,0,720,480,720,0,0,,,,,,,,,,,,,,,,,,,,,,,,,,,,,,,,,,,,,,,,,,,,,,,,
View,,12201,519017,,0100-2-220-0000-00-0-00-1-519017,TRAINING OFFICER STIPEND,,E,1500,1500,1500,1500,1500,0,0,0,1500,1500,1500,1500,1500,0,1500,150,1500,0,0,,,,,,,,,,,,,,,,,,,,,,,,,,,,,,,,,,,,,,,,,,,,,,,,
View,,12201,519018,,0100-2-220-0000-00-0-00-1-519018,ALS STIPEND,,E,2500,2500,2500,2500,2500,0,0,0,1500,2500,2500,2500,2500,0,2500,2500,2500,0,0,,,,,,,,,,,,,,,,,,,,,,,,,,,,,,,,,,,,,,,,,,,,,,,,
View,,12201,519019,,0100-2-220-0000-00-0-00-1-519019,FIRE PREVENTION OFC STIPEND,,E,3000,3000,3000,3000,3000,0,0,0,3000,3000,3000,3000,3000,0,3000,3000,3000,0,0,,,,,,,,,,,,,,,,,,,,,,,,,,,,,,,,,,,,,,,,,,,,,,,,
View,,12201,519023,,0100-2-220-0000-00-0-00-1-519023,SAFE COORDINATOR STIPEND,,E,1000,1000,1000,1000,1000,0,0,0,1000,1000,1000,1000,1000,0,1000,1000,1000,0,0,,,,,,,,,,,,,,,,,,,,,,,,,,,,,,,,,,,,,,,,,,,,,,,,
,,,,,,CERTIFICATION STIPENDS,,,,,,,,,,,0,0,0,0,0,0,0,0,7200,7200,1,,,,,,,,,,,,,,,,,,,,,,,,,,,,,,,,,,,,,,,,,,,,,,,,
,,,,,,      TOTAL SALARY - FIRE DEPARTMENT 42 HR WK,,,,,,,,,,,1472924.9,1425927.36,1501180.0999999999,1503996.89,1569952.9099999997,2174,1572126.9099999997,893709.76,1934520.4219999998,364567.5120000001,0.23221557135748752,,,,,,,,,,,,,,,,,,,,,,,,,,,,,,,,,,,,,,,,,,,,,,,,
View,,12202,521004,,0100-2-220-0000-00-0-00-2-521004,BLDG REPAIRS & MTC,,E,1500,5100,5100,4997.64,4997.64,15.07,15.07,87.29,1500,1642.88,1500,4997.64,1500,0,1500,1500,1500,0,0,,,,,,,,,,,,,,,,,,,,,,,,,,,,,,,,,,,,,,,,,,,,,,,,
View,,12202,521008,,0100-2-220-0000-00-0-00-2-521008,EQUIPMENT MTC - EMS,,E,14000,10894.4,10894.4,5807.3,5807.3,0,0,5087.1,14000,6954.66,14000,5807.3,34000,8000,42000,36863.39,46000,12000,0.35294117647058826,,,,,,,,,,,,,,,,,,,,,,,,,,,,,,,,,,,,,,,,,,,,,,,,
View,,12202,521009,,0100-2-220-0000-00-0-00-2-521009,EQUIPMENT MTC - FIREFIGHTERS,,E,10170,15170,15170,9833.91,9833.91,0,0,5336.09,10170,10387.49,10170,9833.91,10170,0,10170,9084.47,10170,0,0,,,,,,,,,,,,,,,,,,,,,,,,,,,,,,,,,,,,,,,,,,,,,,,,
View,,12202,531022,,0100-2-220-0000-00-0-00-2-531022,OUTSIDE TRAINING - EMS,,E,21000,15000,15000,10265.5,10265.5,0,0,4734.5,21000,9286.81,21000,10265.5,21000,-4000,17000,11742,21000,0,0,,,,,,,,,,,,,,,,,,,,,,,,,,,,,,,,,,,,,,,,,,,,,,,,
View,,12202,531023,,0100-2-220-0000-00-0-00-2-531023,RECERTIFICATION - EMS,,E,3150,3150,3150,1688.61,1688.61,0,0,1461.39,3150,1531.94,3150,1688.61,3150,0,3150,2400,3150,0,0,,,,,,,,,,,,,,,,,,,,,,,,,,,,,,,,,,,,,,,,,,,,,,,,
View,,12202,531024,,0100-2-220-0000-00-0-00-2-531024,FEES/LICENSES EMS,,E,15400,15400,15400,14145.59,14145.59,0,0,1254.41,15400,12786.53,15400,14145.59,15400,-4000,11400,9952.65,15400,0,0,,,,,,,,,,,,,,,,,,,,,,,,,,,,,,,,,,,,,,,,,,,,,,,,
View,,12202,531071,,0100-2-220-0000-00-0-00-2-531071,FIRE IT SOFTWARE,,E,10000,5000,5000,256.62,256.62,0,0,4743.38,9000,0,10000,256.62,11000,0,11000,2261.57,11000,0,0,,,,,,,,,,,,,,,,,,,,,,,,,,,,,,,,,,,,,,,,,,,,,,,,
View,,12202,540000,,0100-2-220-0000-00-0-00-2-540000,OFFICE SUPPLIES,,E,2500,3191.42,2500,2459.63,2459.63,0,0,731.79,2500,1465.55,2500,2459.63,2500,0,2500,2261.57,2500,0,0,,,,,,,,,,,,,,,,,,,,,,,,,,,,,,,,,,,,,,,,,,,,,,,,
View,,12202,541003,,0100-2-220-0000-00-0-00-2-541003,FIREFIGHTING/TRAINING SUPPLIES,,E,7000,4227.22,4227.22,3856.38,3856.38,400,400,0,7000,5336.94,7000,3856.38,7000,0,7000,4210,7000,0,0,,,,,,,,,,,,,,,,,,,,,,,,,,,,,,,,,,,,,,,,,,,,,,,,
View,,12202,541004,,0100-2-220-0000-00-0-00-2-541004,EMS SUPPLIES,,E,25000,33752.54,33752.54,30073.15,30073.15,1309.77,1309.77,2369.62,18000,35015.65,25000,30073.15,0,0,0,0,0,0,0,,,,,,,,,,,,,,,,,,,,,,,,,,,,,,,,,,,,,,,,,,,,,,,,
View,,12202,541006,,0100-2-220-0000-00-0-00-2-541006,FOOD AT FIRES,,E,350,650,650,587.67,587.67,0,0,62.33,350,0,350,587.67,350,0,350,345.04,350,0,0,,,,,,,,,,,,,,,,,,,,,,,,,,,,,,,,,,,,,,,,,,,,,,,,
View,,12202,573000,,0100-2-220-0000-00-0-00-2-573000,DUES/MEMBERSHIP,,E,2000,2000,2000,1757.92,1757.92,0,0,242.08,2000,1857.96,2000,1757.92,2000,0,2000,1974.94,2000,0,0,,,,,,,,,,,,,,,,,,,,,,,,,,,,,,,,,,,,,,,,,,,,,,,,
View,,12202,573001,,0100-2-220-0000-00-0-00-2-573001,MEETINGS/SCHOOL FIREFIGHTERS,,E,6565,3190.84,3190.84,2493.1,2493.1,0,0,697.74,6565,3638.12,6565,2493.1,6565,0,6565,4067,6565,0,0,,,,,,,,,,,,,,,,,,,,,,,,,,,,,,,,,,,,,,,,,,,,,,,,
View,,12202,573100,,0100-2-220-0000-00-0-00-2-573100,MEETINGS/SCHOOL,,E,1400,1400,1400,675,675,0,0,725,1400,675,1400,675,1400,0,1400,950,1400,0,0,,,,,,,,,,,,,,,,,,,,,,,,,,,,,,,,,,,,,,,,,,,,,,,,
,,,,,,     TOTAL EXPENSE - FIRE DEPARTMENT,,,,,,,,,,,112035,90579.53000000001,120035,88898.02,116035,0,116035,87612.63,128035,12000,0.10341707243504115,,,,,,,,,,,,,,,,,,,,,,,,,,,,,,,,,,,,,,,,,,,,,,,,
View,,12202,582001,,0100-2-220-0000-00-0-00-2-582001,CAPITAL PROTECTIVE EQUIPMENT,,E,20000,20000,20000,15260.63,15260.63,0,0,4739.37,20000,17858.73,20000,15260.63,20000,0,20000,12500,20000,0,0,,,,,,,,,,,,,,,,,,,,,,,,,,,,,,,,,,,,,,,,,,,,,,,,
View,,12202,582002,,0100-2-220-0000-00-0-00-2-582002,CAPITAL REPLACEMENT EQUIPMENT,,E,10000,11600,11600,9011.34,9011.34,0,0,2588.66,10000,8286.48,10000,9011.34,11600,0,11600,10660.27,15000,3400,0.29310344827586204,,,,,,,,,,,,,,,,,,,,,,,,,,,,,,,,,,,,,,,,,,,,,,,,
,,,,,,     TOTAL CAPITAL - FIRE DEPARTMENT,,,,,,,,,,,30000,26145.21,30000,24271.97,31600,0,31600,23160.27,35000,3400,0.10759493670886076,,,,,,,,,,,,,,,,,,,,,,,,,,,,,,,,,,,,,,,,,,,,,,,,
,Public Safety,,,,,TOTAL FIRE DEPARTMENT,,,,,,,,,,,1614959.9,1542652.1,1651215.0999999999,1617166.88,1717587.9099999997,2174,1719761.9099999997,1004482.66,2097555.422,379967.5120000001,0.22122158044300635,,,,,,,,,,,,,,,,,,,,,,,,,,,,,,,,,,,,,,,,,,,,,,,,
View,,12232,523002,,0100-2-223-0000-00-0-00-2-523002,HYDRANT EXPENSE,,E,17000,17000,17000,17000,17000,0,0,0,17000,30000,17000,17000,17000,0,17000,17000,17000,0,0,,,,,,,,,,,,,,,,,,,,,,,,,,,,,,,,,,,,,,,,,,,,,,,,
,Public Safety,,,,,     TOTAL EXPENSE - FIRE HYDRANT,,,,,,,,,,,17000,30000,17000,17000,17000,0,17000,17000,17000,0,0,,,,,,,,,,,,,,,,,,,,,,,,,,,,,,,,,,,,,,,,,,,,,,,,
View,,12272,521007,,0100-2-227-0000-00-0-00-2-521007,EQUIPMENT MTC,,E,10000,10000,10000,7406.1,7406.1,1001.04,1001.04,1592.86,10000,6964.82,10000,7406.1,10000,0,10000,9922.31,15000,5000,0.5,,,,,,,,,,,,,,,,,,,,,,,,,,,,,,,,,,,,,,,,,,,,,,,,
,Public Safety,,,,,     TOTAL EXPENSE - MTC TOWN RADIOS,,,,,,,,,,,10000,6964.82,10000,7406.1,10000,0,10000,9922.31,15000,5000,0.5,,,,,,,,,,,,,,,,,,,,,,,,,,,,,,,,,,,,,,,,,,,,,,,,
View,,12281,511001,,0100-2-228-0000-00-0-00-1-511001,SALARIES CLERICAL (RADIO WATCH),,E,56501.76,56501.76,56501.76,44088.57,44088.57,0,0,12413.19,49068.8,48111.76,56501.76,44088.57,56865.92,,56865.92,33383.68,56865.92,0,0,,,,,,,,,,,,,,,,,,,,,,,,,,,,,,,,,,,,,,,,,,,,,,,,
View,,12281,512103,,0100-2-228-0000-00-0-00-1-512103,SALARIES RESERVES/CALL FF,,E,47897.98,47897.98,47897.98,39767.42,39767.42,0,0,8130.56,46729.74,48372.39,47897.98,39767.42,47897.98,-1000,46897.98,22881.86,47898,0.01999999999679858,4.175541431350253e-07,,,,,,,,,,,,,,,,,,,,,,,,,,,,,,,,,,,,,,,,,,,,,,,,
,,,,,,     TOTAL SALARY - CALL FIRE FIGHTERS,,,,,,,,,,,95798.54000000001,96484.15,104399.74,83855.98999999999,104763.9,-1000,103763.9,56265.54,104763.92,0.020000000004074536,1.9090545506681728e-07,,,,,,,,,,,,,,,,,,,,,,,,,,,,,,,,,,,,,,,,,,,,,,,,
View,,12282,573300,,0100-2-228-0000-00-0-00-2-573300,NVRDD ASSESSMENT,,E,200913.97,200913.97,200913.97,200913.96,200913.96,0,0,0.01,212921.42,212921.42,200913.97,200913.96,206000,1000,207000,207000,208000,2000,0.009708737864077669,,,,,,,,,,,,,,,,,,,,,,,,,,,,,,,,,,,,,,,,,,,,,,,,
,,,,,,     TOTAL EXPENSE - DISPATCH,,,,,,,,,,,212921.42,212921.42,200913.97,200913.96,206000,1000,207000,207000,208000,2000,0.009708737864077669,,,,,,,,,,,,,,,,,,,,,,,,,,,,,,,,,,,,,,,,,,,,,,,,
,Public Safety,,,,,TOTAL RADIO WATCH,,,,,,,,,,,308719.96,309405.57,305313.71,284769.94999999995,310763.9,0,310763.9,263265.54,312763.92,2000.0199999999604,0.006435818317378435,,,,,,,,,,,,,,,,,,,,,,,,,,,,,,,,,,,,,,,,,,,,,,,,
View,,12441,511000,,0100-2-244-0000-00-0-00-1-511000,INS WEIGHTS & MEASURERS SALARY,,E,3500,3500,3500,0,0,0,0,3500,3500,3500,3500,0,3500,,3500,,11363,7863,2.2465714285714284,,,,,,,,,,,,,,,,,,,,,,,,,,,,,,,,,,,,,,,,,,,,,,,,
View,,12441,519008,,0100-2-244-0000-00-0-00-1-519008,MILEAGE STIPEND,,E,500,500,500,0,0,0,0,500,500,500,500,0,500,,500,,0,-500,-1,,,,,,,,,,,,,,,,,,,,,,,,,,,,,,,,,,,,,,,,,,,,,,,,
,,,,,,     TOTAL SALARY - WEIGHTS & MEASURES,,,,,,,,,,,4000,4000,4000,0,4000,0,4000,0,11363,7363,1.84075,,,,,,,,,,,,,,,,,,,,,,,,,,,,,,,,,,,,,,,,,,,,,,,,
View,,12442,540000,,0100-2-244-0000-00-0-00-2-540000,OFFICE SUPPLIES,,E,300,300,300,0,0,0,0,300,300,274.5,300,0,300,,300,,0,-300,-1,,,,,,,,,,,,,,,,,,,,,,,,,,,,,,,,,,,,,,,,,,,,,,,,
,,12442,573000,,0100-2-243-0000-00-0-00-2-573000,DUES/MEMBERSHIP,,,,,,,,,,,0,135,0,0,300,0,300,,0,-300,-1,,,,,,,,,,,,,,,,,,,,,,,,,,,,,,,,,,,,,,,,,,,,,,,,
,,,,,,     TOTAL EXPENSE - WEIGHTS & MEASURES,,,,,,,,,,,300,409.5,300,0,600,0,600,0,0,-600,-1,,,,,,,,,,,,,,,,,,,,,,,,,,,,,,,,,,,,,,,,,,,,,,,,
,Public Safety,,,,,TOTAL WEIGHTS AND MEASURES,,,,,,,,,,,4300,4409.5,4300,0,4600,0,4600,0,11363,6763,1.470217391304348,,,,,,,,,,,,,,,,,,,,,,,,,,,,,,,,,,,,,,,,,,,,,,,,
View,,12911,511000,,0100-2-291-0000-00-0-00-1-511000,EMER MANAGEMENT DIR SALARY,,E,5000,5000,5000,5000,5000,0,0,0,5000,5000,5000,5000,5000,,5000,3333.28,5000,0,0,,,,,,,,,,,,,,,,,,,,,,,,,,,,,,,,,,,,,,,,,,,,,,,,
,,,,,,     TOTAL SALARY - EMER MANAGEMENT,,,,,,,,,,,5000,5000,5000,5000,5000,0,5000,3333.28,5000,0,0,,,,,,,,,,,,,,,,,,,,,,,,,,,,,,,,,,,,,,,,,,,,,,,,
View,,12912,521007,,0100-2-291-0000-00-0-00-2-521007,EQUIPMENT MTC,,E,1000,1000,1000,681.62,681.62,0,0,318.38,1000,0,1000,681.92,1000,,1000,997,1000,0,0,,,,,,,,,,,,,,,,,,,,,,,,,,,,,,,,,,,,,,,,,,,,,,,,
View,,12912,540000,,0100-2-291-0000-00-0-00-2-540000,OFFICE SUPPLIES,,E,1000,1000,1000,508.93,508.93,0.07,0.07,491,1000,0,1000,508.93,1000,,1000,920,1000,0,0,,,,,,,,,,,,,,,,,,,,,,,,,,,,,,,,,,,,,,,,,,,,,,,,
,,,,,,     TOTAL EXPENSE - EMER MANAGEMENT,,,,,,,,,,,2000,0,2000,1190.85,2000,0,2000,1917,2000,0,0,,,,,,,,,,,,,,,,,,,,,,,,,,,,,,,,,,,,,,,,,,,,,,,,
,Public Safety,,,,,TOTAL EMERGENCY MANAGEMENT,,,,,,,,,,,7000,5000,7000,6190.85,7000,0,7000,5250.280000000001,7000,0,0,,,,,,,,,,,,,,,,,,,,,,,,,,,,,,,,,,,,,,,,,,,,,,,,
View,,12921,511000,,0100-2-292-0000-00-0-00-1-511000,ANIMAL CONTROL OFFICER SALARY,,E,35000,35000,35000,35000,35000,0,0,0,20000,20000,35000,35000,35000,,35000,22874.95,35000,0,0,,,,,,,,,,,,,,,,,,,,,,,,,,,,,,,,,,,,,,,,,,,,,,,,
,,12921,511107,,,INSPECTOR OF ANIMALS SALARY,,,,,,,,,,,0,0,0,0,1000,,1000,,1000,0,0,,,,,,,,,,,,,,,,,,,,,,,,,,,,,,,,,,,,,,,,,,,,,,,,
,,,,,,     TOTAL SALARY - ANIMAL CONTROL,,,,,,,,,,,20000,20000,35000,35000,36000,0,36000,22874.95,36000,0,0,,,,,,,,,,,,,,,,,,,,,,,,,,,,,,,,,,,,,,,,,,,,,,,,
View,,12922,531025,,0100-2-292-0000-00-0-00-2-531025,VETERINARY CHARGES,,E,6000,6000,6000,5996.44,5996.44,0,0,3.56,6000,5734.37,6000,5996.44,6000,,6000,2495,6000,0,0,,,,,,,,,,,,,,,,,,,,,,,,,,,,,,,,,,,,,,,,,,,,,,,,
View,,12922,531026,,0100-2-292-0000-00-0-00-2-531026,CARE AND CUSTODY,,E,0,0,0,0,0,0,0,0,15000,15000,0,0,0,,0,0,0,0,0,,,,,,,,,,,,,,,,,,,,,,,,,,,,,,,,,,,,,,,,,,,,,,,,
,,12922,534200,,,PRINTING,,,,,,,,,,,500,611.2,625,0,625,,,,625,0,0,,,,,,,,,,,,,,,,,,,,,,,,,,,,,,,,,,,,,,,,,,,,,,,,
View,,12922,540000,,0100-2-292-0000-00-0-00-2-540000,OFFICE SUPPLIES,,E,3500,3500,3500,2360.13,2360.13,0,0,1139.87,3500,5690.44,3500,2360.13,3500,,3500,947.04,3500,0,0,,,,,,,,,,,,,,,,,,,,,,,,,,,,,,,,,,,,,,,,,,,,,,,,
View,,12922,540003,,0100-2-292-0000-00-0-00-2-540003,KENNEL AT PUBLIC SAFETY BLDG,,E,0,0,0,0,0,0,0,0,4000,3974,0,0,0,,0,,0,0,0,,,,,,,,,,,,,,,,,,,,,,,,,,,,,,,,,,,,,,,,,,,,,,,,
,,,,,,     TOTAL EXPENSE - ANIMAL CONTROL,,,,,,,,,,,29000,31010.01,10125,8356.57,10125,0,9500,3442.04,10125,0,0,,,,,,,,,,,,,,,,,,,,,,,,,,,,,,,,,,,,,,,,,,,,,,,,
,Public Safety,,,,,TOTAL ANIMAL CONTROL,,,,,,,,,,,49000,51010.009999999995,45125,43356.57,46125,0,45500,26316.99,46125,0,0,,,,,,,,,,,,,,,,,,,,,,,,,,,,,,,,,,,,,,,,,,,,,,,,
View,,12941,513000,,0100-2-294-0000-00-0-00-1-513000,OVERTIME TREE REMOVAL,,E,3000,3724.19,3724.19,3724.19,3724.19,0,0,0,3000,1432.66,3000,3724.19,3000,,3000,873.75,4000,1000,0.3333333333333333,,,,,,,,,,,,,,,,,,,,,,,,,,,,,,,,,,,,,,,,,,,,,,,,
,,,,,,     TOTAL SALARY - TREE REMOVAL,,,,,,,,,,,3000,1432.66,3000,3724.19,3000,0,3000,873.75,4000,1000,0.3333333333333333,,,,,,,,,,,,,,,,,,,,,,,,,,,,,,,,,,,,,,,,,,,,,,,,
View,,12942,531006,,0100-2-294-0000-00-0-00-2-531006,PURCHASE OF SERVICE,,E,35000,34275.81,34275.81,33785,33785,0,0,490.81,30000,44792,35000,33785,35000,,35000,34999.99,35000,0,0,,,,,,,,,,,,,,,,,,,,,,,,,,,,,,,,,,,,,,,,,,,,,,,,
View,,12942,541018,,0100-2-294-0000-00-0-00-2-541018,SUPPLIES,,E,500,500,500,0,0,0,0,500,500,0,500,0,500,,500,,500,0,0,,,,,,,,,,,,,,,,,,,,,,,,,,,,,,,,,,,,,,,,,,,,,,,,
,,,,,,     TOTAL EXPENSE - TREE REMOVAL,,,,,,,,,,,30500,44792,35500,33785,35500,0,35500,34999.99,35500,0,0,,,,,,,,,,,,,,,,,,,,,,,,,,,,,,,,,,,,,,,,,,,,,,,,
,DPW,,,,,TOTAL TREE REMOVAL,,,,,,,,,,,33500,46224.66,38500,37509.19,38500,0,38500,35873.74,39500,1000,0.025974025974025976,,,,,,,,,,,,,,,,,,,,,,,,,,,,,,,,,,,,,,,,,,,,,,,,
View,,,,,0100-3-301-2110-99-0-99-2-555027,LUNENBURG PUBLIC SCHOOLS,,E,17686,6056.6,0,6056.6,0,0,0,0,22901128,22700360.21,24883376,24387809.71,25787474,,,,28454840,2667366,0.1034364978904099,,,,,,,,,,,,,,,,,,,,,,,,,,,,,,,,,,,,,,,,,,,,,,,,
,SCHOOLS,,,,,     TOTAL LUNENBURG PUBLIC SCHOOLS,,,,,,,,,,,22901128,22700360.21,24883376,24387809.71,25787474,0,0,0,28454840,2667366,0.1034364978904099,,,,,,,,,,,,,,,,,,,,,,,,,,,,,,,,,,,,,,,,,,,,,,,,
View,,13102,532000,,0100-3-310-9500-00-0-00-2-532000,MONTY TECH ASSESSMENT,,E,1225646,1225646,1225646,1224162,1224162,0,0,1484,1181390,1181390.18,1225646,1224162,1334521,,1334521,1000890,1452379,117858,0.08831483356200465,,,,,,,,,,,,,,,,,,,,,,,,,,,,,,,,,,,,,,,,,,,,,,,,
,SCHOOLS,,,,,     TOTAL ASSESSMENT - MONTY TECH,,,,,,,,,,,1181390,1181390.18,1225646,1224162,1334521,0,1334521,1000890,1452379,117858,0.08831483356200465,,,,,,,,,,,,,,,,,,,,,,,,,,,,,,,,,,,,,,,,,,,,,,,,
View,,14112,521016,,0100-4-411-0000-00-0-00-2-521016,HIRED EQUIPMENT,,E,750,19.58,19.58,19.58,19.58,0,0,0,750,377.17,750,19.58,750,,750,0,750,0,0,,,,,,,,,,,,,,,,,,,,,,,,,,,,,,,,,,,,,,,,,,,,,,,,
View,,14112,521017,,0100-4-411-0000-00-0-00-2-521017,DRAINAGE,,E,60000,107619.42,107619.42,102945.53,102945.53,0,0,4673.89,50000,82241.05,60000,102945.53,75000,,75000,31004.89,100000,25000,0.3333333333333333,,,,,,,,,,,,,,,,,,,,,,,,,,,,,,,,,,,,,,,,,,,,,,,,
View,,14112,531006,,0100-4-411-0000-00-0-00-2-531006,PURCHASE OF SERVICE,,E,45000,30300,30300,18963.23,18963.23,0,0,11336.77,40000,32156.68,45000,18963.23,45000,,45000,19460.47,45000,0,0,,,,,,,,,,,,,,,,,,,,,,,,,,,,,,,,,,,,,,,,,,,,,,,,
View,,14112,531039,,0100-4-411-0000-00-0-00-2-531039,LANDFILL MONITORING COSTS,,E,7500,8452.5,8452.5,8452.5,8452.5,0,0,0,7500,9495,7500,8452.5,9000,,9000,3245,9000,0,0,,,,,,,,,,,,,,,,,,,,,,,,,,,,,,,,,,,,,,,,,,,,,,,,
View,,14112,531061,,0100-4-411-0000-00-0-00-2-531061,ENGINEERING SERVICES,,E,10000,5058.5,5058.5,2387.54,2387.54,0,0,2670.96,10000,0,10000,2387.54,10000,,10000,15999.18,10000,0,0,,,,,,,,,,,,,,,,,,,,,,,,,,,,,,,,,,,,,,,,,,,,,,,,
View,,14112,531072,,0100-4-411-0000-00-0-00-2-531072,LAKE SHIRLEY DAM,,E,10000,2423.28,0,0,0,0,0,2423.28,10000,7576.72,10000,0,10000,,10000,9125,10000,0,0,,,,,,,,,,,,,,,,,,,,,,,,,,,,,,,,,,,,,,,,,,,,,,,,
View,,14112,531073,,0100-4-411-0000-00-0-00-2-531073,STREETLIGHTS,,E,30000,38543.78,35600,35380.97,35380.97,0,0,3162.81,30000,30486.51,30000,35380.97,30000,,30000,19639.03,36000,6000,0.2,,,,,,,,,,,,,,,,,,,,,,,,,,,,,,,,,,,,,,,,,,,,,,,,
View,,14112,535052,,0100-4-411-0000-00-0-00-2-535052,STORMWATER MANAGEMENT PROJECTS,,E,110000,117801.9,110000,59110.15,51308.25,0,0,58691.75,100000,133825.18,110000,59110.15,110000,,110000,93055.54,450000,340000,3.090909090909091,,,,,,,,,,,,,,,,,,,,,,,,,,,,,,,,,,,,,,,,,,,,,,,,
View,,14112,535069,,0100-4-411-0000-00-0-00-2-535069,ADA PUBLIC RIGHTS OF WAY,,E,30000,0,0,0,0,0,0,0,30000,0,30000,0,30000,,30000,0,30000,0,0,,,,,,,,,,,,,,,,,,,,,,,,,,,,,,,,,,,,,,,,,,,,,,,,
,,14112,540000,,,OFFICE SUPPLIES,,,,,,,,,,,,,0,,1100,,1100,224.66,1100,0,0,,,,,,,,,,,,,,,,,,,,,,,,,,,,,,,,,,,,,,,,,,,,,,,,
View,,14112,541018,,0100-4-411-0000-00-0-00-2-541018,SUPPLIES,,E,35000,28300,28300,25426.12,25426.12,0,0,2873.88,35000,17962.98,35000,25426.12,35000,,35000,8306.99,35000,0,0,,,,,,,,,,,,,,,,,,,,,,,,,,,,,,,,,,,,,,,,,,,,,,,,
View,,14112,587046,,0100-4-411-0000-00-0-00-2-587046,PAVEMENT MANAGEMENT PLAN,,E,550000,654146.75,550000,593976.81,489830.06,6051.83,6051.83,54118.11,550000,453353.25,550000,593976.81,279000,,279000,257887.15,279000,0,0,,,,,,,,,,,,,,,,,,,,,,,,,,,,,,,,,,,,,,,,,,,,,,,,
,DPW,,,,,     TOTAL EXPENSE - HIGHWAY CONST & MAIN,,,,,,,,,,,863250,767474.54,888250,846662.43,634850,0,634850,457947.91,1005850,371000,0.5843900133889895,,,,,,,,,,,,,,,,,,,,,,,,,,,,,,,,,,,,,,,,,,,,,,,,
View,,14211,511000,,0100-4-421-0000-00-0-00-1-511000,HIGHWAY SUPERVISOR SALARY,,E,68966.22,68966.22,68966.22,68966.12,68966.12,0,0,0.1,68701.98,68701.88,68966.22,68966.12,68966.22,,68966.22,40692.66,68966.22,0,0,,,,,,,,,,,,,,,,,,,,,,,,,,,,,,,,,,,,,,,,,,,,,,,,
View,,14211,511001,,0100-4-421-0000-00-0-00-1-511001,HIGHWAY CLERICAL SALARIES,,E,65058.72,65058.72,65058.72,65058.72,65058.72,0,0,0,54604.16,60533.36,65058.72,65058.72,68683.12,,68683.12,40760.09,71272.56,2589.4400000000023,0.037701257601576665,,,,,,,,,,,,,,,,,,,,,,,,,,,,,,,,,,,,,,,,,,,,,,,,
,,,,,,"""NEW"" FY27 PT ADMIN",,,,,,,,,,,,,,,,,,,24150.33,24150.33,1,,,,,,,,,,,,,,,,,,,,,,,,,,,,,,,,,,,,,,,,,,,,,,,,
View,,14211,511003,,0100-4-421-0000-00-0-00-1-511003,HIGHWAY LABOR SALARIES,,E,344918.39,342119.11,342119.11,328224.24,328224.24,0,0,13894.87,339717.46,288564.98,344918.39,328224.24,344925.91,,344925.91,183944.98,352331.42,7405.510000000009,0.021469857106414563,,,,,,,,,,,,,,,,,,,,,,,,,,,,,,,,,,,,,,,,,,,,,,,,
View,,14211,511013,,0100-4-421-0000-00-0-00-1-511013,DPW DIRECTOR SALARY,,E,105423.12,118118.16,118118.16,118118.16,118118.16,0,0,0,101973.56,108222.4,105423.12,118118.16,121667.76,3627,125294.76,75952.8,136576.08,14908.319999999992,0.12253303586751324,,,,,,,,,,,,,,,,,,,,,,,,,,,,,,,,,,,,,,,,,,,,,,,,
,,14211,51300,,,SALARIES OVERTIME,,,,,,,,,,,12000,17653.91,12000,9214.24,15000,,15000,6399.36,17500,2500,0.16666666666666666,,,,,,,,,,,,,,,,,,,,,,,,,,,,,,,,,,,,,,,,,,,,,,,,
View,,14211,514002,,0100-4-421-0000-00-0-00-1-514002,LONGEVITY PAY,,E,4900,4900,4900,4900,4900,0,0,0,4050,4050,4900,4900,5400,,5400,4050,5700,300,0.05555555555555555,,,,,,,,,,,,,,,,,,,,,,,,,,,,,,,,,,,,,,,,,,,,,,,,
View,,14211,519005,,0100-4-421-0000-00-0-00-1-519005,ON-CALL STIPEND,,E,6500,6500,6500,6500,6500,0,0,0,6500,6500,6500,6500,6500,,6500,4000,7800,1300,0.2,,,,,,,,,,,,,,,,,,,,,,,,,,,,,,,,,,,,,,,,,,,,,,,,
View,,14211,519010,,0100-4-421-0000-00-0-00-1-519010,CONTRACT EVALUATION STIPEND,,E,5600,5600,5600,4550,4550,0,0,1050,6400,4800,5600,4550,5600,,5600,3200,6300,700,0.125,,,,,,,,,,,,,,,,,,,,,,,,,,,,,,,,,,,,,,,,,,,,,,,,
,,,,,,     TOTAL SALARY - HIGHWAY ADMIN,,,,,,,,,,,593947.16,559026.53,613366.45,605531.48,636743.01,3627,640370.01,358999.88999999996,690596.61,53853.59999999998,0.08457666461073515,,,,,,,,,,,,,,,,,,,,,,,,,,,,,,,,,,,,,,,,,,,,,,,,
View,,14212,558000,,0100-4-421-0000-00-0-00-2-558000,UNIFORM ALLOWANCE REIMBURSEMEN,,E,7700,7900,7700,7408.2,7408.2,0,0,491.8,7700,8388.9,7700,7408.2,7700,,7700,7350,8400,700,0.09090909090909091,,,,,,,,,,,,,,,,,,,,,,,,,,,,,,,,,,,,,,,,,,,,,,,,
,,,,,,     TOTAL EXPENSE - HIGHWAY ADMIN,,,,,,,,,,,7700,8388.9,7700,7408.2,7700,0,7700,7350,8400,700,0.09090909090909091,,,,,,,,,,,,,,,,,,,,,,,,,,,,,,,,,,,,,,,,,,,,,,,,
,DPW,,,,,TOTAL HIGHWAY ADMINISTRATION,,,,,,,,,,,601647.16,567415.43,621066.45,612939.6799999999,644443.01,3627,648070.01,366349.88999999996,698996.61,54553.59999999998,0.08465232635543674,,,,,,,,,,,,,,,,,,,,,,,,,,,,,,,,,,,,,,,,,,,,,,,,
View,,14231,513000,,0100-4-423-0000-00-0-00-1-513000,SNOW REMOVAL OVERTIME,,E,22849.16,75992.24,75992.24,75992.24,75992.24,0,0,0,22849.16,48591.87,22849.16,75992.24,23420.39,,23420.39,83668.87,24005.9,585.510000000002,0.025000010674459394,,,,,,,,,,,,,,,,,,,,,,,,,,,,,,,,,,,,,,,,,,,,,,,,
,,,,,,     TOTAL SALARY - SNOW REMOVAL,,,,,,,,,,,22849.16,48591.87,22849.16,75992.24,23420.39,0,23420.39,83668.87,24005.9,585.510000000002,0.025000010674459394,,,,,,,,,,,,,,,,,,,,,,,,,,,,,,,,,,,,,,,,,,,,,,,,
View,,14232,531003,,0100-4-423-0000-00-0-00-2-531003,CONTRACTED SERVICES,,E,114500,400802.3,400802.3,400802.3,400802.3,0,0,0,114500,273155.22,114500,400802.3,114500,,114500,279111.9,117362.5,2862.5,0.025,,,,,,,,,,,,,,,,,,,,,,,,,,,,,,,,,,,,,,,,,,,,,,,,
View,,14232,531006,,0100-4-423-0000-00-0-00-2-531006,PURCHASE OF SERVICE,,E,5000,2713,2713,2713,2713,0,0,0,5000,26271.64,5000,2713,5000,,5000,3319.62,5125,125,0.025,,,,,,,,,,,,,,,,,,,,,,,,,,,,,,,,,,,,,,,,,,,,,,,,
View,,14232,531029,,0100-4-423-0000-00-0-00-2-531029,SUPPLIES SNOW,,E,205151,267633.76,267633.76,267633.76,267633.76,0,0,0,205151,220570.39,205151,267633.76,205151,,205151,184276.57,210279.78,5128.779999999999,0.025000024372291624,,,,,,,,,,,,,,,,,,,,,,,,,,,,,,,,,,,,,,,,,,,,,,,,
View,,14232,531030,,0100-4-423-0000-00-0-00-2-531030,HIRED EQUIPMENT SNOW,,E,7500,16331.22,16331.22,16331.22,16331.22,0,0,0,7500,0,7500,16331.22,7500,,7500,,7687.5,187.5,0.025,,,,,,,,,,,,,,,,,,,,,,,,,,,,,,,,,,,,,,,,,,,,,,,,
,,,,,,     TOTAL EXPENSE - SNOW REMOVAL,,,,,,,,,,,332151,519997.25,332151,687480.28,332151,0,332151,466708.09,340454.78,8303.780000000028,0.025000015053394473,,,,,,,,,,,,,,,,,,,,,,,,,,,,,,,,,,,,,,,,,,,,,,,,
,DPW,,,,,TOTAL SNOW REMOVAL EXPENSE,,,,,,,,,,,355000.16,568589.12,355000.16,763472.52,355571.39,0,355571.39,550376.96,364460.68000000005,8889.290000000037,0.025000014764967556,,,,,,,,,,,,,,,,,,,,,,,,,,,,,,,,,,,,,,,,,,,,,,,,
View,,14252,521011,,0100-4-425-0000-00-0-00-2-521011,ELECTRICITY CHARGES,,E,1000,2722.73,2500,1176.17,995.14,0,0,1546.56,1000,931.39,1000,1176.17,1000,,1000,572.06,1300,300,0.3,,,,,,,,,,,,,,,,,,,,,,,,,,,,,,,,,,,,,,,,,,,,,,,,
,,14252,531006,,,PURCHASE OF SERVICES,,,,,,,,,,,,,9700,0,,,,,,0,0,,,,,,,,,,,,,,,,,,,,,,,,,,,,,,,,,,,,,,,,,,,,,,,,
View,,14252,521018,,0100-4-425-0000-00-0-00-2-521018,LINE PAINTING,,E,17500,9700,9700,0,0,0,0,9700,17500,0,17500,0,17500,,17500,0,5500,-12000,-0.6857142857142857,,,,,,,,,,,,,,,,,,,,,,,,,,,,,,,,,,,,,,,,,,,,,,,,
View,,14252,541018,,0100-4-425-0000-00-0-00-2-541018,SUPPLIES,,E,10000,12000,12000,11705.53,11705.53,0,0,294.47,10000,5809.94,10000,11705.53,10000,,10000,9232.4,10000,0,0,,,,,,,,,,,,,,,,,,,,,,,,,,,,,,,,,,,,,,,,,,,,,,,,
,DPW,,,,,     TOTAL EXPENSE - TRAFFIC SIGNAL/DEVICES,,,,,,,,,,,28500,6741.33,38200,12881.7,28500,0,28500,9804.46,16800,-11700,-0.4105263157894737,,,,,,,,,,,,,,,,,,,,,,,,,,,,,,,,,,,,,,,,,,,,,,,,
View,,14292102,531006,,0100-4-429-0210-00-0-00-2-531006,PURCHASE OF SERVICE,,E,9000,9192,9000,2566.26,2566.26,0,0,6625.74,9000,9563.22,9000,2566.26,9000,,9000,3171,9000,0,0,,,,,,,,,,,,,,,,,,,,,,,,,,,,,,,,,,,,,,,,,,,,,,,,
View,,14292102,541018,,0100-4-429-0210-00-0-00-2-541018,VEHICLE MAINTENANCE SUPPLIES POLICE,,E,18000,18000,18000,16170.3,16170.3,0,0,1829.7,18000,17189.7,18000,16170.3,18000,,18000,3422.8999999999996,18000,0,0,,,,,,,,,,,,,,,,,,,,,,,,,,,,,,,,,,,,,,,,,,,,,,,,
View,,14292102,541019,,0100-4-429-0210-00-0-00-2-541019,FUEL CHARGES POLICE,,E,40000,40000,40000,28936.72,28936.72,0,0,11063.28,40000,35139.54,40000,28936.72,40000,,40000,6614.72,40000,0,0,,,,,,,,,,,,,,,,,,,,,,,,,,,,,,,,,,,,,,,,,,,,,,,,
,DPW,,,,,     TOTAL EXPENSES - VEHICLE MTC POLICE DEPT,,,,,,,,,,,67000,61892.46,67000,47673.28,67000,0,67000,13208.619999999999,67000,0,0,,,,,,,,,,,,,,,,,,,,,,,,,,,,,,,,,,,,,,,,,,,,,,,,
View,,14292202,531006,,0100-4-429-0220-00-0-00-2-531006,PURCHASE OF SERVICE - FIRE,,E,17000,33900,33900,28238.52,28238.52,0,0,5661.48,17000,11247.26,17000,28238.52,17000,1200,18200,13168.52,27000,10000,0.5882352941176471,,,,,,,,,,,,,,,,,,,,,,,,,,,,,,,,,,,,,,,,,,,,,,,,
View,,14292202,541018,,0100-4-429-0220-00-0-00-2-541018,VEHICLE MAINTENANCE SUPPLIES FIRE,,E,10000,11000,11000,9513.85,9513.85,0,0,1486.15,10000,6831.12,10000,9513.85,15000,95,15095,7871.48,15000,0,0,,,,,,,,,,,,,,,,,,,,,,,,,,,,,,,,,,,,,,,,,,,,,,,,
View,,14292202,541019,,0100-4-429-0220-00-0-00-2-541019,FUEL CHARGES FIRE,,E,18000,13100,13100,15429.89,15429.89,0,0,0,18000,15475.64,18000,15429.89,18000,-1295,16705,3233.17,18000,0,0,,,,,,,,,,,,,,,,,,,,,,,,,,,,,,,,,,,,,,,,,,,,,,,,
,DPW,,,,,TOTAL EXPENSES VEHICLE MTC FIRE DEPT,,,,,,,,,,,45000,33554.020000000004,45000,53182.26,50000,0,50000,24273.17,60000,10000,0.2,,,,,,,,,,,,,,,,,,,,,,,,,,,,,,,,,,,,,,,,,,,,,,,,
View,,14294002,531006,,0100-4-429-0400-00-0-00-2-531006,PURCHASE OF SERVICE,,E,5000,21900,21900,20122.03,20122.03,0,0,1777.97,5000,3668.88,5000,20122.03,5000,,5000,1142.26,10000,5000,1,,,,,,,,,,,,,,,,,,,,,,,,,,,,,,,,,,,,,,,,,,,,,,,,
View,,14294002,541011,,0100-4-429-0400-00-0-00-2-541011,TOOLS VEHICLE MAINTENANCE,,E,750,750,750,667.98,667.98,0,0,82.02,750,649.99,750,667.98,750,,750,919.97,750,0,0,,,,,,,,,,,,,,,,,,,,,,,,,,,,,,,,,,,,,,,,,,,,,,,,
View,,14294002,541018,,0100-4-429-0400-00-0-00-2-541018,SUPPLIES,,E,25000,25000,25000,23563.77,23563.77,0,0,1436.23,25000,25840.12,25000,23563.77,25000,,25000,12680.31,25000,0,0,,,,,,,,,,,,,,,,,,,,,,,,,,,,,,,,,,,,,,,,,,,,,,,,
View,,14294002,541019,,0100-4-429-0400-00-0-00-2-541019,FUEL CHARGES,,E,32000,32000,32000,25307.53,25307.53,0,0,6692.47,32000,25681.26,32000,24111.66,32000,,32000,41678.98,32000,0,0,,,,,,,,,,,,,,,,,,,,,,,,,,,,,,,,,,,,,,,,,,,,,,,,
,DPW,,,,,     TOTAL EXPENSE - VEHICLE MTC DPW,,,,,,,,,,,62750,55840.25,62750,68465.44,62750,0,62750,56421.520000000004,67750,5000,0.0796812749003984,,,,,,,,,,,,,,,,,,,,,,,,,,,,,,,,,,,,,,,,,,,,,,,,
View,,14332,521023,,0100-4-433-0000-00-0-00-2-521023,EXPENSES RECYCLING PROGRAM,,E,457000,457000,457000,322327.66,322327.66,0,0,134672.34,340000,356265.7,457000,322327.66,456757,,456757,166772.19,350000,-106757,-0.23372821872461724,,,,,,,,,,,,,,,,,,,,,,,,,,,,,,,,,,,,,,,,,,,,,,,,
View,,14332,521026,,0100-4-433-0000-00-0-00-2-521026,HOUSEHOLD HAZARDOUS WASTE,,E,5600,5421,5421,5404,5404,0,0,17,5600,5354,5600,5404,5889,,5889,5889,6000,111,0.018848700967906265,,,,,,,,,,,,,,,,,,,,,,,,,,,,,,,,,,,,,,,,,,,,,,,,
View,,14332,573000,,0100-4-433-0000-00-0-00-2-573000,DUES/MEMBERSHIP,,E,7175,7354,7354,7354,7354,0,0,0,7175,7175,7175,7354,7354,,7354,7354,7354,0,0,,,,,,,,,,,,,,,,,,,,,,,,,,,,,,,,,,,,,,,,,,,,,,,,
,DPW,,,,,     TOTAL EXPENSE - RECYCLING PROG,,,,,,,,,,,352775,368794.7,469775,335085.66,470000,0,470000,180015.19,363354,-106646,-0.2269063829787234,,,,,,,,,,,,,,,,,,,,,,,,,,,,,,,,,,,,,,,,,,,,,,,,
View,,14911,511000,,0100-4-491-0000-00-0-00-1-511000,CEMETERY SUPERVISOR SALARY,,E,67284.13,67284.23,67284.23,67284.23,67284.23,0,0,0,65391.66,65391.56,67284.13,67284.23,74012.54,,74012.54,40692.66,68966.22,-5046.319999999992,-0.06818195943552259,,,,,,,,,,,,,,,,,,,,,,,,,,,,,,,,,,,,,,,,,,,,,,,,
View,,14911,512106,,0100-4-491-0000-00-0-00-1-512106,SEASONAL SALARIES,,E,14476.35,14476.25,14476.25,14169.36,14169.36,0,0,306.89,11785.82,1804,14476.35,14169.36,14476.35,,14476.35,8935.36,15000,523.6499999999996,0.03617279217482305,,,,,,,,,,,,,,,,,,,,,,,,,,,,,,,,,,,,,,,,,,,,,,,,
View,,14911,513000,,0100-4-491-0000-00-0-00-1-513000,OVERTIME CEMETERY SUPERVISOR,,E,3500,3500,3500,2948.54,2948.54,0,0,551.46,3500,4479.98,3500,2948.54,4000,,4000,1837.24,4000,0,0,,,,,,,,,,,,,,,,,,,,,,,,,,,,,,,,,,,,,,,,,,,,,,,,
View,,14911,514002,,0100-4-491-0000-00-0-00-1-514002,LONGEVITY PAY,,E,1350,1350,1350,850,850,0,0,500,850,850,1350,850,1350,,1350,0,1400,50,0.037037037037037035,,,,,,,,,,,,,,,,,,,,,,,,,,,,,,,,,,,,,,,,,,,,,,,,
View,,14911,519010,,0100-4-491-0000-00-0-00-1-519010,CONTRACT EVALUATION STIPEND,,E,800,800,800,800,800,0,0,0,800,0,800,800,800,,800,0,900,100,0.125,,,,,,,,,,,,,,,,,,,,,,,,,,,,,,,,,,,,,,,,,,,,,,,,
,,,,,,     TOTAL SALARY - CEMETERY,,,,,,,,,,,82327.48000000001,72525.54,87410.48000000001,86052.12999999999,94638.89,0,94638.89,51465.26,90266.22,-4372.669999999998,-0.04620373294741727,,,,,,,,,,,,,,,,,,,,,,,,,,,,,,,,,,,,,,,,,,,,,,,,
View,,14912,531006,,0100-4-491-0000-00-0-00-2-531006,PURCHASE OF SERVICE,,E,22000,19000,19000,12470.04,12470.04,0,0,6529.96,22000,29278.41,22000,12470.04,22000,,22000,8860,22000,0,0,,,,,,,,,,,,,,,,,,,,,,,,,,,,,,,,,,,,,,,,,,,,,,,,
View,,14912,541018,,0100-4-491-0000-00-0-00-2-541018,SUPPLIES,,E,3000,6000,6000,5653.8,5653.8,0,0,346.2,3000,6384.01,3000,5653.8,3000,,3000,7250.63,5500,2500,0.8333333333333334,,,,,,,,,,,,,,,,,,,,,,,,,,,,,,,,,,,,,,,,,,,,,,,,
View,,14912,541019,,0100-4-491-0000-00-0-00-2-541019,FUEL CHARGES,,E,3500,3500,3500,1752.01,1752.01,0,0,1747.99,3500,3215.71,3500,1752.01,3500,,3500,1101.55,3500,0,0,,,,,,,,,,,,,,,,,,,,,,,,,,,,,,,,,,,,,,,,,,,,,,,,
View,,14912,558000,,0100-4-491-0000-00-0-00-2-558000,UNIFORM ALLOWANCE REIMBURSEMEN,,E,2200,2200,2200,1046.01,1046.01,0,0,1153.99,2200,764.13,2200,1046.01,2200,,2200,1500,2200,0,0,,,,,,,,,,,,,,,,,,,,,,,,,,,,,,,,,,,,,,,,,,,,,,,,
,,,,,,     TOTAL EXPENSE - CEMETERY,,,,,,,,,,,30700,39642.259999999995,30700,20921.859999999997,30700,0,30700,18712.18,33200,2500,0.08143322475570032,,,,,,,,,,,,,,,,,,,,,,,,,,,,,,,,,,,,,,,,,,,,,,,,
,DPW,,,,,TOTAL CEMETERY ,,,,,,,,,,,113027.48000000001,112167.79999999999,118110.48000000001,106973.98999999999,125338.89,0,125338.89,70177.44,123466.22,-1872.6699999999983,-0.014940853553115065,,,,,,,,,,,,,,,,,,,,,,,,,,,,,,,,,,,,,,,,,,,,,,,,
View,,15121,511000,,0100-5-512-0000-00-0-00-1-511000,ADMIN ASSISTANT BOH SALARY,,E,49792.16,49792.16,49792.16,49792.16,49792.16,0,0,0,43197.44,46947.65,49792.16,49792.16,52630.56,,52630.56,30936.96,54204.12,1573.560000000005,0.029898218829516633,,,,,,,,,,,,,,,,,,,,,,,,,,,,,,,,,,,,,,,,,,,,,,,,
View,,15121,514002,,0100-5-512-0000-00-0-00-1-514002,LONGEVITY PAY,,E,1850,1850,1850,1850,1850,0,0,0,1350,1350,1850,1850,1850,,1850,1850,1850,0,0,,,,,,,,,,,,,,,,,,,,,,,,,,,,,,,,,,,,,,,,,,,,,,,,
,,,,,,     TOTAL SALARY - BOARD OF HEALTH,,,,,,,,,,,44547.44,48297.65,51642.16,51642.16,54480.56,0,54480.56,32786.96,56054.12,1573.560000000005,0.02888296302387503,,,,,,,,,,,,,,,,,,,,,,,,,,,,,,,,,,,,,,,,,,,,,,,,
View,,15122,531006,,0100-5-512-0000-00-0-00-2-531006,PURCHASE OF SERVICE,,E,75,75,75,0,0,0,0,75,75,0,75,0,75,,75,,75,0,0,,,,,,,,,,,,,,,,,,,,,,,,,,,,,,,,,,,,,,,,,,,,,,,,
View,,15122,531012,,0100-5-512-0000-00-0-00-2-531012,TRAINING,,E,0,0,0,0,0,0,0,0,0,0,0,0,0,,0,,0,0,0,,,,,,,,,,,,,,,,,,,,,,,,,,,,,,,,,,,,,,,,,,,,,,,,
View,,15122,531031,,0100-5-512-0000-00-0-00-2-531031,RABID ANIMAL CONTROL,,E,400,400,400,0,0,0,0,400,400,0,400,0,400,,400,,400,0,0,,,,,,,,,,,,,,,,,,,,,,,,,,,,,,,,,,,,,,,,,,,,,,,,
View,,15122,540000,,0100-5-512-0000-00-0-00-2-540000,OFFICE SUPPLIES,,E,650,650,650,156.94,156.94,0,0,493.06,650,235.91,650,156.94,650,,650,,650,0,0,,,,,,,,,,,,,,,,,,,,,,,,,,,,,,,,,,,,,,,,,,,,,,,,
View,,15122,541023,,0100-5-512-0000-00-0-00-2-541023,EMER PREPAREDNESS SUPPLIES,,E,500,500,500,0,0,0,0,500,500,0,500,0,500,,500,,500,0,0,,,,,,,,,,,,,,,,,,,,,,,,,,,,,,,,,,,,,,,,,,,,,,,,
View,,15122,571000,,0100-5-512-0000-00-0-00-2-571000,MILEAGE REIMBURSEMENT,,E,25,25,25,0,0,0,0,25,25,0,25,0,25,,25,,25,0,0,,,,,,,,,,,,,,,,,,,,,,,,,,,,,,,,,,,,,,,,,,,,,,,,
View,,15122,573100,,0100-5-512-0000-00-0-00-2-573100,MEETINGS/SCHOOL,,E,50,50,50,0,0,0,0,50,50,0,50,0,500,,500,,50,-450,-0.9,,,,,,,,,,,,,,,,,,,,,,,,,,,,,,,,,,,,,,,,,,,,,,,,
,,,,,,     TOTAL EXPENSE - BOARD OF HEALTH,,,,,,,,,,,1700,235.91,1700,156.94,2150,0,2150,0,1700,-450,-0.20930232558139536,,,,,,,,,,,,,,,,,,,,,,,,,,,,,,,,,,,,,,,,,,,,,,,,
,Human Services,,,,,TOTAL GENERAL HEALTH EXPENSE,,,,,,,,,,,46247.44,48533.560000000005,53342.16,51799.100000000006,56630.56,0,56630.56,32786.96,57754.12,1123.560000000005,0.01984017110196341,,,,,,,,,,,,,,,,,,,,,,,,,,,,,,,,,,,,,,,,,,,,,,,,
View,,15212,560010,,0100-5-521-0000-00-0-00-2-560010,NASHOBA HEALTH,,E,43468.51,43468.51,43468.51,43468.51,43468.51,0,0,0,39516.83,39516.83,43468.51,43468.51,47815.37,,47815.37,47815.36,62159.97,14344.599999999999,0.29999976994844957,,,,,,,,,,,,,,,,,,,,,,,,,,,,,,,,,,,,,,,,,,,,,,,,
,Human Services,,,,,     TOTAL  ASSESSMENT - NASHOBA HEALTH,,,,,,,,,,,39516.83,39516.83,43468.51,43468.51,47815.37,0,47815.37,47815.36,62159.97,14344.599999999999,0.29999976994844957,,,,,,,,,,,,,,,,,,,,,,,,,,,,,,,,,,,,,,,,,,,,,,,,
View,,15222,560011,,0100-5-522-0000-00-0-00-2-560011,NASHOBA NURSING,,E,19923.07,19923.07,19923.07,19923.07,19923.07,0,0,0,18111.88,18111.88,19923.07,19923.07,21915.37,,21915.37,21915.37,28489.99,6574.620000000003,0.30000041067068467,,,,,,,,,,,,,,,,,,,,,,,,,,,,,,,,,,,,,,,,,,,,,,,,
,Human Services,,,,,     TOTAL ASSESSMENT - NASHOBA NURSING,,,,,,,,,,,18111.88,18111.88,19923.07,19923.07,21915.37,0,21915.37,21915.37,28489.99,6574.620000000003,0.30000041067068467,,,,,,,,,,,,,,,,,,,,,,,,,,,,,,,,,,,,,,,,,,,,,,,,
View,Public Safety,15242,531035,,0100-5-524-0000-00-0-00-2-531035,MEDICAL EXPENSES,,E,4000,4000,4000,2262,2262,0,0,1738,4000,1475,4000,2262,4000,,4000,1150,6000,2000,0.5,,,,,,,,,,,,,,,,,,,,,,,,,,,,,,,,,,,,,,,,,,,,,,,,
View,Gen. Gov.,15252,531034,,0100-5-525-0000-00-0-00-2-531034,PHYSICALS,,E,3500,3500,3500,3500,3500,0,0,0,3500,3734,3500,3500,3500,,3500,3266,6000,2500,0.7142857142857143,,,,,,,,,,,,,,,,,,,,,,,,,,,,,,,,,,,,,,,,,,,,,,,,
,,,,,,     TOTAL EXPENSE - MEDICAL EXPENSES,,,,,,,,,,,7500,5209,7500,5762,7500,0,7500,4416,12000,4500,0.6,,,,,,,,,,,,,,,,,,,,,,,,,,,,,,,,,,,,,,,,,,,,,,,,
View,,15411,511000,,0100-5-541-0000-00-0-00-1-511000,SENIOR CENTER DIRECTOR SALARY,,E,82219.68,90221.92,90221.92,100552.43,100552.43,0,0,0,82489.69,87478.4,82219.68,100552.43,87053.04,2583,89637.04,52283,87053.04,0,0,,,,,,,,,,,,,,,,,,,,,,,,,,,,,,,,,,,,,,,,,,,,,,,,
View,,15411,511001,,0100-5-541-0000-00-0-00-1-511001,COUNCIL ON AGING CLERICAL,,E,37774.86,37774.86,37774.86,37658.04,37658.04,0,0,116.82,37797.76,36995.02,37774.86,37658.04,41064.36,,41064.36,24142.44,41064.36,0,0,,,,,,,,,,,,,,,,,,,,,,,,,,,,,,,,,,,,,,,,,,,,,,,,
View,,15411,511002,,0100-5-541-0000-00-0-00-1-511002,SALARY ASST MEAL SITE MANAGER,,E,19807.88,19668.42,19668.42,12110.24,12110.24,0,0,7558.18,20416.32,9759.28,19807.88,12110.24,19825.74,1254,21079.74,607.88,,-19825.74,-1,,,,,,,,,,,,,,,,,,,,,,,,,,,,,,,,,,,,,,,,,,,,,,,,
View,,15411,511003,,0100-5-541-0000-00-0-00-1-511003,MEAL SITE MANAGER SALARY,,E,20278.12,22825.78,22825.78,15858.48,15858.48,0,0,6967.3,20278.12,18470.49,20278.12,15858.48,44254.08,719,44973.08,12809.75,47200.56,2946.479999999996,0.06658097965204554,,,,,,,,,,,,,,,,,,,,,,,,,,,,,,,,,,,,,,,,,,,,,,,,
View,,15411,511015,,0100-5-541-0000-00-0-00-1-511015,OUTREACH WORKER,,E,44626.25,44872.63,44872.63,49912.75,49912.75,0,0,0,43380.4,45789.12,44626.25,49912.75,51785.24,1568,53353.24,27471.1,50290,-1495.239999999998,-0.028873864444772256,,,,,,,,,,,,,,,,,,,,,,,,,,,,,,,,,,,,,,,,,,,,,,,,
View,,15411,512207,,0100-5-541-0000-00-0-00-1-512207,P/R ASST OUTREACH WORKER,,E,9632.85,9632.85,9632.85,9956.08,9956.08,0,0,0,9063.6,7773.6,9632.85,9956.08,0,,0,,,0,0,,,,,,,,,,,,,,,,,,,,,,,,,,,,,,,,,,,,,,,,,,,,,,,,
View,,15411,514002,,0100-5-541-0000-00-0-00-1-514002,LONGEVITY PAY,,E,2509.36,2811.28,2811.28,2811.28,2811.28,0,0,0,2367.46,2575.25,2509.36,2811.28,0,,0,,,0,0,,,,,,,,,,,,,,,,,,,,,,,,,,,,,,,,,,,,,,,,,,,,,,,,
View,,15411,519010,,0100-5-541-0000-00-0-00-1-519010,CONTRACT EVALUATION STIPEND,,E,0,0,0,0,0,0,0,0,0,0,0,0,0,,0,,,0,0,,,,,,,,,,,,,,,,,,,,,,,,,,,,,,,,,,,,,,,,,,,,,,,,
,,,,,,     TOTAL PAYROLL - SENIOR CENTER,,,,,,,,,,,215793.35,208841.15999999997,216848.99999999997,228859.3,243982.45999999996,6124,250107.45999999996,117314.17000000001,225607.96,-18374.49999999997,-0.0753107416000313,,,,,,,,,,,,,,,,,,,,,,,,,,,,,,,,,,,,,,,,,,,,,,,,
View,,15412,530000,,0100-5-541-0000-00-0-00-2-530000,PROGRAMS COA,,E,5000,5500,5500,4532.38,4532.38,0,0,967.62,5000,4350,5000,4532.38,8000,,8000,2900,8000,0,0,,,,,,,,,,,,,,,,,,,,,,,,,,,,,,,,,,,,,,,,,,,,,,,,
View,,15412,530100,,0100-5-541-0000-00-0-00-2-530100,MOC NUTRITION,,E,300,300,300,300,300,0,0,0,300,300,300,300,500,,500,400,500,0,0,,,,,,,,,,,,,,,,,,,,,,,,,,,,,,,,,,,,,,,,,,,,,,,,
View,,15412,531012,,0100-5-541-0000-00-0-00-2-531012,TRAINING,,E,300,300,300,215,215,0,0,85,300,30,300,215,800,,800,19.95,800,0,0,,,,,,,,,,,,,,,,,,,,,,,,,,,,,,,,,,,,,,,,,,,,,,,,
View,,15412,534500,,0100-5-541-0000-00-0-00-2-534500,ADVERTISING,,E,500,0,0,0,0,0,0,0,500,466,500,0,500,,500,30,0,-500,-1,,,,,,,,,,,,,,,,,,,,,,,,,,,,,,,,,,,,,,,,,,,,,,,,
View,,15412,540000,,0100-5-541-0000-00-0-00-2-540000,OFFICE SUPPLIES,,E,2600,3100,3100,3074.18,3074.18,0,0,25.82,2600,2322.6,2600,3074.18,3600,,3600,1042.226,3600,0,0,,,,,,,,,,,,,,,,,,,,,,,,,,,,,,,,,,,,,,,,,,,,,,,,
,,15412,TBD,,,KITCHEN SUPPLIES,,,,,,,,,,,0,0,0,0,0,,0,0,1500,1500,1,,,,,,,,,,,,,,,,,,,,,,,,,,,,,,,,,,,,,,,,,,,,,,,,
View,,15412,571000,,0100-5-541-0000-00-0-00-2-571000,MILEAGE REIMBURSEMENT,,E,3674,3674,3674,2739.68,2739.68,0,0,934.32,3674,3656.71,3674,2739.68,3800,,3800,0,1000,-2800,-0.7368421052631579,,,,,,,,,,,,,,,,,,,,,,,,,,,,,,,,,,,,,,,,,,,,,,,,
View,,15412,573100,,0100-5-541-0000-00-0-00-2-573100,MEETINGS/SCHOOL,,E,500,0,0,0,0,0,0,0,500,320,0,0,0,,0,0,0,0,0,,,,,,,,,,,,,,,,,,,,,,,,,,,,,,,,,,,,,,,,,,,,,,,,
,,,,,,     TOTAL EXPENSE - SENIOR CENTER,,,,,,,,,,,12874,11445.310000000001,12374,10861.24,17200,0,17200,4392.1759999999995,15400,-1800,-0.10465116279069768,,,,,,,,,,,,,,,,,,,,,,,,,,,,,,,,,,,,,,,,,,,,,,,,
,Human Services,,,,,TOTAL COUNCIL ON AGING,,,,,,,,,,,228667.35,220286.46999999997,229222.99999999997,239720.53999999998,261182.45999999996,6124,267307.45999999996,121706.34600000002,241007.96,-20174.49999999997,-0.0772429358388001,,,,,,,,,,,,,,,,,,,,,,,,,,,,,,,,,,,,,,,,,,,,,,,,
View,,15431,511000,,0100-5-543-0000-00-0-00-1-511000,VETERAN'S AGENT SALARY,,E,10000,10450,10450,10500,10500,0,0,0,10000,8846.26,10000,10500,11000,,11000,6769.12,11000,0,0,,,,,,,,,,,,,,,,,,,,,,,,,,,,,,,,,,,,,,,,,,,,,,,,
,,,,,,     TOTAL PAYROLL - VETERANS SALARY,,,,,,,,,,,10000,8846.26,10000,10500,11000,0,11000,6769.12,11000,0,0,,,,,,,,,,,,,,,,,,,,,,,,,,,,,,,,,,,,,,,,,,,,,,,,
View,,15432,531003,,0100-5-543-0000-00-0-00-2-531003,CONTRACTED SERVICES,,E,0,449,449,449,449,0,0,0,0,449,0,449,449,,449,0,500,51,0.11358574610244988,,,,,,,,,,,,,,,,,,,,,,,,,,,,,,,,,,,,,,,,,,,,,,,,
View,,15432,540000,,0100-5-543-0000-00-0-00-2-540000,OFFICE SUPPLIES,,E,250,250,250,200,200,0,0,50,250,191.39,250,200,500,,500,525.94,500,0,0,,,,,,,,,,,,,,,,,,,,,,,,,,,,,,,,,,,,,,,,,,,,,,,,
,,15432,541018,,,VETERANS GRAVES/MEMORIAL DAY SUPPLIES,,,,,,,,,,,1250,0,1250,,1750,,,,1750,0,0,,,,,,,,,,,,,,,,,,,,,,,,,,,,,,,,,,,,,,,,,,,,,,,,
,,,,,,     TOTAL EXPENSE - VETERANS EXPENSE,,,,,,,,,,,1500,640.39,1500,649,2699,0,949,525.94,2750,51,0.018895887365690995,,,,,,,,,,,,,,,,,,,,,,,,,,,,,,,,,,,,,,,,,,,,,,,,
View,,15432,577001,,0100-5-544-0000-00-0-00-2-577001,VETERANS BENEFITS,,E,99275,99275,99275,45344.38,45344.38,0,0,53930.62,99275,54476.97,99275,45344.38,77000,,77000,42803.22,77000,0,0,,,,,,,,,,,,,,,,,,,,,,,,,,,,,,,,,,,,,,,,,,,,,,,,
,,,,,,     TOTAL EXPENSE - VETERANS BENEFITS,,,,,,,,,,,99275,54476.97,99275,45344.38,77000,0,77000,42803.22,77000,0,0,,,,,,,,,,,,,,,,,,,,,,,,,,,,,,,,,,,,,,,,,,,,,,,,
,Human Services,,,,,TOTAL VETERANS ADMINISTRATION,,,,,,,,,,,110775,63963.62,110775,56493.38,90699,0,88949,50098.280000000006,90750,51,0.0005622994740846095,,,,,,,,,,,,,,,,,,,,,,,,,,,,,,,,,,,,,,,,,,,,,,,,
View,,16101,511000,,0100-6-610-0000-00-0-00-1-511000,LIBRARY DIRECTOR SALARY,,E,90725.64,90725.64,90725.64,90725.64,90725.64,0,0,0,85590.23,85590.23,90725.64,90725.64,97076.43,,97076.43,57278.76,104842.55,7766.12000000001,0.08000005768650548,,,,,,,,,,,,,,,,,,,,,,,,,,,,,,,,,,,,,,,,,,,,,,,,
View,,16101,511002,,0100-6-610-0000-00-0-00-1-511002,ASST LIBRARY DIRECTOR SALARY,,E,64023.26,64023.26,64023.26,63730.96,63730.96,0,0,292.3,60485.62,59546.31,64023.26,63730.96,69626.75,,69626.75,42483.76,72533.86,2907.1100000000006,0.04175277461607788,,,,,,,,,,,,,,,,,,,,,,,,,,,,,,,,,,,,,,,,,,,,,,,,
View,,16101,511003,,0100-6-610-0000-00-0-00-1-511003,LIBRARY STAFF SALARIES,,E,234810.87,249142.09,249142.09,249570.38,249570.38,0,0,0,218674.13,200078.41,234810.87,249570.38,269512.58,3245,272757.58,149391.46,269048.833,-463.74700000003213,-0.0017206877690088978,,,,,,,,,,,,,,,,,,,,,,,,,,,,,,,,,,,,,,,,,,,,,,,,
,,16101,514002,,,LONGEVITY PAY,,,,,,,,,,,,,,,,,,850,,0,0,,,,,,,,,,,,,,,,,,,,,,,,,,,,,,,,,,,,,,,,,,,,,,,,
,,,,,,     TOTAL PAYROLL - LIBRARY,,,,,,,,,,,364749.98,345214.94999999995,389559.77,404026.98,436215.76,3245,439460.76,249153.97999999998,446425.243,10209.483000000007,0.023404663325323247,,,,,,,,,,,,,,,,,,,,,,,,,,,,,,,,,,,,,,,,,,,,,,,,
View,,16102,521006,,0100-6-610-0000-00-0-00-2-521006,SEWERAGE DISPOSAL,,E,1000,1268,1268,1585,1585,0,0,0,1000,819.6,1000,1585,1300,,1300,475.5,1300,0,0,,,,,,,,,,,,,,,,,,,,,,,,,,,,,,,,,,,,,,,,,,,,,,,,
View,,16102,521011,,0100-6-610-0000-00-0-00-2-521011,ELECTRICITY CHARGES,,E,22500,19342,19342,19123.33,19123.33,0,0,218.67,22500,15490.84,22500,19123.33,22500,,22500,1180.24,22500,0,0,,,,,,,,,,,,,,,,,,,,,,,,,,,,,,,,,,,,,,,,,,,,,,,,
View,,16102,521025,,0100-6-610-0000-00-0-00-2-521025,HEATING CHARGES/NATURAL GAS,,E,18500,15026.32,15026.32,13059.25,13059.25,31.67,31.67,1935.4,18500,14145.88,18500,13059.25,18500,,18500,5753.5,18500,0,0,,,,,,,,,,,,,,,,,,,,,,,,,,,,,,,,,,,,,,,,,,,,,,,,
View,,16102,523001,,0100-6-610-0000-00-0-00-2-523001,WATER CHARGES,,E,1000,1200,1200,1199.96,1199.96,0,0,0.04,1000,865.96,1000,1199.96,1150,,1150,573.6,1200,50,0.043478260869565216,,,,,,,,,,,,,,,,,,,,,,,,,,,,,,,,,,,,,,,,,,,,,,,,
View,,16102,524300,,0100-6-610-0000-00-0-00-2-524300,NETWORK MAINTENANCE,,E,500,500,500,498.52,498.52,0,0,1.48,500,239.4,500,498.52,500,,500,139.65,500,0,0,,,,,,,,,,,,,,,,,,,,,,,,,,,,,,,,,,,,,,,,,,,,,,,,
View,,16102,524400,,0100-6-610-0000-00-0-00-2-524400,BOOK SERVICE,,E,4500,4500,4500,4500,4500,0,0,0,4500,3294,4500,4500,4500,,4500,4476,0,-4500,-1,,,,,,,,,,,,,,,,,,,,,,,,,,,,,,,,,,,,,,,,,,,,,,,,
View,,16102,530000,,0100-6-610-0000-00-0-00-2-530000,PROGRAMS,,E,15000,15029.3,15000,15000,15000,0,0,29.3,11000,10970.58,15000,15000,16000,,16000,7274.57,21000,5000,0.3125,,,,,,,,,,,,,,,,,,,,,,,,,,,,,,,,,,,,,,,,,,,,,,,,
View,,16102,531003,,0100-6-610-0000-00-0-00-2-531003,CONTRACTED SERVICES,,E,2500,2500,2500,2454.96,2454.96,0,0,45.04,2500,4745.04,2500,2454.96,2500,,2500,,2500,0,0,,,,,,,,,,,,,,,,,,,,,,,,,,,,,,,,,,,,,,,,,,,,,,,,
View,,16102,531021,,0100-6-610-0000-00-0-00-2-531021,CWMARS NETWORK,,E,22630,22630,22630,22630,22630,0,0,0,19880,19880,22630,22630,20571,,20571,20571,21006,435,0.02114627388070585,,,,,,,,,,,,,,,,,,,,,,,,,,,,,,,,,,,,,,,,,,,,,,,,
View,,16102,540000,,0100-6-610-0000-00-0-00-2-540000,OFFICE SUPPLIES,,E,7000,19334.57,7000,15865.6,4805,2195,2195,1273.97,6000,11434.42,7000,15865.6,8000,,8000,0,8000,0,0,,,,,,,,,,,,,,,,,,,,,,,,,,,,,,,,,,,,,,,,,,,,,,,,
View,,16102,541001,,0100-6-610-0000-00-0-00-2-541001,CUSTODIAL SUPPLIES,,E,300,305.68,305.68,305.68,305.68,0,0,0,300,199.53,300,305.68,300,,300,232.72,300,0,0,,,,,,,,,,,,,,,,,,,,,,,,,,,,,,,,,,,,,,,,,,,,,,,,
View,,16102,551000,,0100-6-610-0000-00-0-00-2-551000,LIBRARY MATERIAL,,E,94000,100608.88,94000,95303,92805.83,1443.76,1443.76,3862.12,85500,126451.86,94000,95303,96000,,96000,2088.47,106937,10937,0.11392708333333333,,,,,,,,,,,,,,,,,,,,,,,,,,,,,,,,,,,,,,,,,,,,,,,,
View,,16102,571000,,0100-6-610-0000-00-0-00-2-571000,MILEAGE REIMBURSEMENT,,E,4000,4000,4000,3999.3,3999.3,0,0,0.7,2000,522.02,4000,3999.3,4000,,4000,278,1000,-3000,-0.75,,,,,,,,,,,,,,,,,,,,,,,,,,,,,,,,,,,,,,,,,,,,,,,,
View,,16102,573000,,0100-6-610-0000-00-0-00-2-573000,PROFESSIONAL DEVELOPMENT,,E,0,0,0,0,0,0,0,0,0,0,0,0,0,,0,,3000,3000,1,,,,,,,,,,,,,,,,,,,,,,,,,,,,,,,,,,,,,,,,,,,,,,,,
,,,,,,     TOTAL EXPENSE - LIBRARY,,,,,,,,,,,175180,209059.12999999998,193430,195524.59999999998,195821,0,195821,43043.25,207743,11922,0.06088213215130144,,,,,,,,,,,,,,,,,,,,,,,,,,,,,,,,,,,,,,,,,,,,,,,,
,Culture and Rec,,,,,TOTAL LIBRARY ,,,,,,,,,,,539929.98,554274.08,582989.77,599551.58,632036.76,3245,635281.76,292197.23,654168.243,22131.483000000007,0.03501613260595793,,,,,,,,,,,,,,,,,,,,,,,,,,,,,,,,,,,,,,,,,,,,,,,,
View,,16501,511000,,0100-4-650-0000-00-0-00-1-511000,PARK SUPERVISOR SALARY,,E,25346.64,28399.17,28399.17,28315.01,28315.01,0,0,84.16,24412.3,25929.54,25346.64,28315.01,29033.6,871,29904.6,6346.24,29033.6,0,0,,,,,,,,,,,,,,,,,,,,,,,,,,,,,,,,,,,,,,,,,,,,,,,,
View,,16501,512100,,0100-4-650-0000-00-0-00-1-512100,TOWN BEACH SALARIES,,E,20500,22294.78,22294.78,26583.82,26583.82,0,0,0,20500,30431.27,20500,26583.82,24000,,24000,24347.27,25000,1000,0.041666666666666664,,,,,,,,,,,,,,,,,,,,,,,,,,,,,,,,,,,,,,,,,,,,,,,,
View,,16501,512107,,0100-4-650-0000-00-0-00-1-512107,SALARIES PROGRAMMING,,E,5000,4419.05,4419.05,497,497,0,0,3922.05,5000,3519.7,5000,497,5000,,5000,0,5000,0,0,,,,,,,,,,,,,,,,,,,,,,,,,,,,,,,,,,,,,,,,,,,,,,,,
,,,,,,     TOTAL SALARY - PARKS & RECREATION,,,,,,,,,,,49912.3,59880.509999999995,50846.64,55395.83,58033.6,871,58904.6,30693.510000000002,59033.6,1000,0.01723139698381627,,,,,,,,,,,,,,,,,,,,,,,,,,,,,,,,,,,,,,,,,,,,,,,,
View,,16502,531006,,0100-4-650-0000-00-0-00-2-531006,PURCHASE OF SERVICE,,E,60000,60180.5,60000,51727.16,51717.16,4074.81,4074.81,4378.53,55000,46962.39,60000,51727.16,70000,,70000,70000,80000,10000,0.14285714285714285,,,,,,,,,,,,,,,,,,,,,,,,,,,,,,,,,,,,,,,,,,,,,,,,
View,,16502,531043,,0100-4-650-0000-00-0-00-2-531043,DEPARTMENT EXPENSES,,E,6400,6525.46,6400,2979.41,2857.92,1379.39,1379.39,2166.66,6400,8561.53,6400,2979.41,6400,,6400,3000,6400,0,0,,,,,,,,,,,,,,,,,,,,,,,,,,,,,,,,,,,,,,,,,,,,,,,,
,,,,,,     TOTAL EXPENSE - PARKS & RECREATION,,,,,,,,,,,61400,55523.92,66400,54706.57000000001,76400,0,76400,73000,86400,10000,0.13089005235602094,,,,,,,,,,,,,,,,,,,,,,,,,,,,,,,,,,,,,,,,,,,,,,,,
,Facilities,,,,,TOTAL PARK DEPARTMENT,,,,,,,,,,,111312.3,115404.43,117246.64,110102.40000000001,134433.6,871,135304.6,103693.51000000001,145433.6,11000,0.08182478189976315,,,,,,,,,,,,,,,,,,,,,,,,,,,,,,,,,,,,,,,,,,,,,,,,
View,,16912,521001,,0100-6-691-0000-00-0-00-2-521001,OFFICE EQUIPMENT MTC,,E,2500,2500,2500,2500,2500,0,0,0,2500,0,2500,2500,500,,500,,500,0,0,,,,,,,,,,,,,,,,,,,,,,,,,,,,,,,,,,,,,,,,,,,,,,,,
View,,16912,540000,,0100-6-691-0000-00-0-00-2-540000,OFFICE SUPPLIES,,E,500,500,500,499.92,499.92,0,0,0.08,500,30,500,499.92,500,,500,,500,0,0,,,,,,,,,,,,,,,,,,,,,,,,,,,,,,,,,,,,,,,,,,,,,,,,
,Culture and Rec,,,,,     TOTAL EXPENSE - HISTORICAL COMMISSION,,,,,,,,,,,3000,30,3000,2999.92,1000,0,1000,0,1000,0,0,,,,,,,,,,,,,,,,,,,,,,,,,,,,,,,,,,,,,,,,,,,,,,,,
View,,16932,520000,,0100-6-693-0000-00-0-00-2-520000,BAND CONCERT,,E,6000,6000,6000,6000,6000,0,0,0,6000,6000,6000,6000,6000,,6000,6000,6000,0,0,,,,,,,,,,,,,,,,,,,,,,,,,,,,,,,,,,,,,,,,,,,,,,,,
,Culture and Rec,,,,,     TOTAL EXPENSE - BAND CONCERTS,,,,,,,,,,,6000,6000,6000,6000,6000,0,6000,6000,6000,0,0,,,,,,,,,,,,,,,,,,,,,,,,,,,,,,,,,,,,,,,,,,,,,,,,
View,,17102,590001,,0100-7-710-0000-00-0-00-2-590001,SERIAL LOANS PRINCIPLE,,E,1832252.62,1832252.62,1832252.62,1832252.62,1832252.62,0,0,0,2335199.75,2335199.76,1832252.62,1832252.62,1506369.41,,1506369.41,971369.41,1553018.66,46649.25,0.030968001401462344,,,,,,,,,,,,,,,,,,,,,,,,,,,,,,,,,,,,,,,,,,,,,,,,
,Mat. Debt,,,,,     TOTAL EXPENSE - PRINCIPLE,,,,,,,,,,,2335199.75,2335199.76,1832252.62,1832252.62,1506369.41,0,1506369.41,971369.41,1553018.66,46649.25,0.030968001401462344,,,,,,,,,,,,,,,,,,,,,,,,,,,,,,,,,,,,,,,,,,,,,,,,
View,,17512,590002,,0100-7-751-0000-00-0-00-2-590002,SERIAL LOANS INTEREST,,E,1101717.02,1101717.02,1101717.02,1101717.02,1101717.02,0,0,0,1169576.83,1169576.83,1101717.02,1101717.02,1039840.48,,1039840.48,828652.98,983466.57,-56373.91000000003,-0.05421399828558322,,,,,,,,,,,,,,,,,,,,,,,,,,,,,,,,,,,,,,,,,,,,,,,,
,Mat. Debt,,,,,     TOTAL EXPENSE - INTEREST,,,,,,,,,,,1169576.83,1169576.83,1101717.02,1101717.02,1039840.48,0,1039840.48,828652.98,983466.57,-56373.91000000003,-0.05421399828558322,,,,,,,,,,,,,,,,,,,,,,,,,,,,,,,,,,,,,,,,,,,,,,,,
View,,17522,590003,,0100-7-752-0000-00-0-00-2-590003,TEMPORARY LOAN INTEREST,,E,5986.48,5986.48,5986.48,5986.48,5986.48,0,0,0,11405.65,11405.65,5986.48,5986.48,0,,0,,0,0,0,,,,,,,,,,,,,,,,,,,,,,,,,,,,,,,,,,,,,,,,,,,,,,,,
,Mat. Debt,,,,,     TOTAL EXPENSE - TEMP INTEREST,,,,,,,,,,,11405.65,11405.65,5986.48,5986.48,0,0,0,0,0,0,0,,,,,,,,,,,,,,,,,,,,,,,,,,,,,,,,,,,,,,,,,,,,,,,,
View,,17542,531040,,0100-7-754-0000-00-0-00-2-531040,LOAN ADMINISTRATIVE FEES,,E,1365.38,1365.38,1365.38,1365.38,1365.38,0,0,0,1830.58,1830.58,1365.38,1365.38,1230.47,,1230.47,1230.47,1093.13,-137.33999999999992,-0.11161588661243257,,,,,,,,,,,,,,,,,,,,,,,,,,,,,,,,,,,,,,,,,,,,,,,,
,Mat. Debt,,,,,      TOTAL -  LOAN FEES,,,,,,,,,,,1830.58,1830.58,1365.38,1365.38,1230.47,0,1230.47,1230.47,1093.13,-137.33999999999992,-0.11161588661243257,,,,,,,,,,,,,,,,,,,,,,,,,,,,,,,,,,,,,,,,,,,,,,,,
,,,,,,TOTAL MATURING DEBT,,,,,,,,,,,3518012.81,3518012.82,2941321.5,2941321.5,2547440.36,0,2547440.36,1801252.86,2537578.36,-9862,-0.0038713369525165253,,,,,,,,,,,,,,,,,,,,,,,,,,,,,,,,,,,,,,,,,,,,,,,,
View,,18202,560001,,0100-8-820-0000-00-0-00-2-560001,COUNTY RETIREMENT,,E,2127801,2127801,2127801,2127801,2127801,0,0,0,1917969,1917969,2127801,2127801,2392572,,2392572,2392575,2630750,238178,0.09954893729425907,,,,,,,,,,,,,,,,,,,,,,,,,,,,,,,,,,,,,,,,,,,,,,,,
,Intergovernmental,,,,,     TOTAL - WORCESTER COUNTY ASSESSMENT,,,,,,,,,,,1917969,1917969,2127801,2127801,2392572,0,2392572,2392575,2630750,238178,0.09954893729425907,,,,,,,,,,,,,,,,,,,,,,,,,,,,,,,,,,,,,,,,,,,,,,,,
View,,18252,560002,,0100-8-825-0000-00-0-00-2-560002,MVE SURCHARGE,,E,9120,9120,9120,13920,13920,0,0,0,7640,7640,9120,13920,14920,,14920,4640,13920,-1000,-0.06702412868632708,,,,,,,,,,,,,,,,,,,,,,,,,,,,,,,,,,,,,,,,,,,,,,,,
View,,18252,560003,,0100-8-825-0000-00-0-00-2-560003,MOSQUITO CONTROL,,E,87659,87659,87659,85601,85601,0,0,2058,81723,81714,87659,85601,89897,,89897,29960,89873,-24,-0.00026697220151951676,,,,,,,,,,,,,,,,,,,,,,,,,,,,,,,,,,,,,,,,,,,,,,,,
View,,18252,560004,,0100-8-825-0000-00-0-00-2-560004,AIR POLLUTION CONTROL,,E,3816,3816,3816,3821,3821,0,0,0,3723,3723,3816,3821,3968,,3968,1324,3968,0,0,,,,,,,,,,,,,,,,,,,,,,,,,,,,,,,,,,,,,,,,,,,,,,,,
View,,18252,560005,,0100-8-825-0000-00-0-00-2-560005,REGIONAL TRANSIT,,E,75171,75171,75171,65471,65471,0,0,9700,71033,71033,75171,65471,77917,,77917,25976,12394,-65523,-0.8409333008201034,,,,,,,,,,,,,,,,,,,,,,,,,,,,,,,,,,,,,,,,,,,,,,,,
,,18252,560006,,,SPECIAL EDUCATION,,,,,,,,,,,,,0,12524,,,,0,,0,0,,,,,,,,,,,,,,,,,,,,,,,,,,,,,,,,,,,,,,,,,,,,,,,,
View,,18252,560007,,0100-8-825-0000-00-0-00-2-560007,MASS BAY TRANSPORTATION,,E,17172,17172,17172,14310,14310,0,0,2862,15390,15390,17172,14310,12394,,12394,4132,77917,65523,5.286670969824108,,,,,,,,,,,,,,,,,,,,,,,,,,,,,,,,,,,,,,,,,,,,,,,,
View,,18252,560013,,0100-8-825-0000-00-0-00-2-560013,CHOICE TUITION ASSESSMENT,,E,386030,386030,386030,399365,399365,0,0,0,441197,401724,386030,399365,361043,,361043,153428,460282,99239,0.2748675365538177,,,,,,,,,,,,,,,,,,,,,,,,,,,,,,,,,,,,,,,,,,,,,,,,
View,,18252,560014,,0100-8-825-0000-00-0-00-2-560014,CHARTER TUITION ASSESSMENT,,E,479120,479120,479120,399092,399092,0,0,80028,493750,436987,479120,399092,468390,,468390,114968,344897,-123493,-0.26365421977411985,,,,,,,,,,,,,,,,,,,,,,,,,,,,,,,,,,,,,,,,,,,,,,,,
,Intergovernmental,,,,,     TOTAL STATE - ASSESSMENTS,,,,,,,,,,,1114456,1018211,1058088,994104,1028529,0,1028529,334428,1003251,-25278,-0.024576847128277374,,,,,,,,,,,,,,,,,,,,,,,,,,,,,,,,,,,,,,,,,,,,,,,,
View,,18412,570007,,0100-8-841-0000-00-0-00-2-570007,MONTACHUSETT PLANNING COMM,,E,4368.76,4368.76,4368.76,4368.76,4368.76,0,0,0,4262.2,4262.2,4368.76,4368.76,4477.98,,4477.98,4477.98,4589.93,111.95000000000073,0.025000111657488586,,,,,,,,,,,,,,,,,,,,,,,,,,,,,,,,,,,,,,,,,,,,,,,,
,Intergovernmental,,,,,     TOTAL - MONTACHUSETT PLANNING,,,,,,,,,,,4262.2,4262.2,4368.76,4368.76,4477.98,0,4477.98,4477.98,4589.93,111.95000000000073,0.025000111657488586,,,,,,,,,,,,,,,,,,,,,,,,,,,,,,,,,,,,,,,,,,,,,,,,
View,,19122,570005,,0100-9-912-0000-00-0-00-2-570005,WORKERS COMPENSATION,,E,169976.39,169976.39,169976.39,118079.95,118079.95,0,0,51896.44,161882.28,122983,169976.39,118079.95,145000,,145000,123489,135000,-10000,-0.06896551724137931,,,,,,,,,,,,,,,,,,,,,,,,,,,,,,,,,,,,,,,,,,,,,,,,
,Unclassified,,,,,     TOTAL - WORKERS COMPENSATION,,,,,,,,,,,161882.28,122983,169976.39,118079.95,145000,0,145000,123489,135000,-10000,-0.06896551724137931,,,,,,,,,,,,,,,,,,,,,,,,,,,,,,,,,,,,,,,,,,,,,,,,
View,,19132,570008,,0100-9-913-0000-00-0-00-2-570008,UNEMPLOYMENT COMPENSATION,,E,10000,10000,10000,217.87,217.87,0,0,9782.13,10000,11196,10000,217.87,10000,,10000,,10000,0,0,,,,,,,,,,,,,,,,,,,,,,,,,,,,,,,,,,,,,,,,,,,,,,,,
,Unclassified,,,,,     TOTAL - UNEMPLOYMENT COMPENSATION,,,,,,,,,,,10000,11196,10000,217.87,10000,0,10000,0,10000,0,0,,,,,,,,,,,,,,,,,,,,,,,,,,,,,,,,,,,,,,,,,,,,,,,,
View,,19142,570001,,0100-9-914-0000-00-0-00-2-570001,TOWN ACTIVE HEALTH INSURANCE,,E,1219887,1219887,1219887,1012709.23,1012709.23,0,0,207177.77,1158835.62,923118.18,1219887,1012709.23,1315270.06,,1315270.06,1282395.82,1460424.5936,145154.53359999997,0.11036101103069279,,,,,,,,,,,,,,,,,,,,,,,,,,,,,,,,,,,,,,,,,,,,,,,,
View,,19142,570004,,0100-9-914-0000-00-0-00-2-570004,INSURANCE COST CONTROL,,E,8000,8000,8000,8000,8000,0,0,0,8000,8000,8000,8000,8000,,8000,4000,9500,1500,0.1875,,,,,,,,,,,,,,,,,,,,,,,,,,,,,,,,,,,,,,,,,,,,,,,,
View,,19142,570009,,0100-9-914-0000-00-0-00-2-570009,TOWN RETIREES HEALTH INSURANCE,,E,420343.79,420343.79,420343.79,436174.55,436174.55,0,0,0,432251.47,384372.97,420343.79,436174.55,453214.67,,453214.67,233989.64,500000,46785.330000000016,0.10322995502330058,,,,,,,,,,,,,,,,,,,,,,,,,,,,,,,,,,,,,,,,,,,,,,,,
View,,19142,570016,,0100-9-914-0000-00-0-00-2-570016,PEC CHAPTER 32B EXPENSES,,E,500,500,500,0,0,0,0,500,500,0,500,0,500,,500,0,500,0,0,,,,,,,,,,,,,,,,,,,,,,,,,,,,,,,,,,,,,,,,,,,,,,,,
View,,19142,570018,,0100-9-914-0000-00-0-00-2-570018,SCHOOL RETIREES HLTH INSURANCE,,E,1411181.22,1411181.22,1411181.22,1316507.51,1316507.51,0,0,94673.71,1357882.44,1221147.84,1411181.22,1316507.51,1521535.59,,1521535.59,625713.82,1521536,0.40999999991618097,2.694646136513842e-07,,,,,,,,,,,,,,,,,,,,,,,,,,,,,,,,,,,,,,,,,,,,,,,,
,Unclassified,,,,,     TOTAL - GROUP HEALTH INSURANCE,,,,,,,,,,,2957469.5300000003,2536638.99,3059912.01,2773391.29,3298520.3200000003,0,3298520.3200000003,2146099.28,3491960.5936000003,193440.27359999996,0.058644560237239934,,,,,,,,,,,,,,,,,,,,,,,,,,,,,,,,,,,,,,,,,,,,,,,,
View,,19142,570002,,0100-9-914-0000-00-0-00-2-570002,LIFE INSURANCE,,E,15000,15000,15000,17556.06,17556.06,0,0,0,15000,15401.19,15000,17556.06,15000,,15000,7402.15,20000,5000,0.3333333333333333,,,,,,,,,,,,,,,,,,,,,,,,,,,,,,,,,,,,,,,,,,,,,,,,
,Unclassified,,,,,TOTAL GROUP LIFE,,,,,,,,,,,15000,15401.19,15000,17556.06,15000,0,15000,7402.15,20000,5000,0.3333333333333333,,,,,,,,,,,,,,,,,,,,,,,,,,,,,,,,,,,,,,,,,,,,,,,,
View,,19142,570003,,0100-9-914-0000-00-0-00-2-570003,MEDICARE,,E,375177,375177,375177,346827.88,346827.88,0,0,28349.12,341070,342349.51,375177,346827.88,400000,,400000,205310.5,410000,10000,0.025,,,,,,,,,,,,,,,,,,,,,,,,,,,,,,,,,,,,,,,,,,,,,,,,
,Unclassified,,,,,TOTAL MEDICARE- TOWN SHARE,,,,,,,,,,,341070,342349.51,375177,346827.88,400000,0,400000,205310.5,410000,10000,0.025,,,,,,,,,,,,,,,,,,,,,,,,,,,,,,,,,,,,,,,,,,,,,,,,
View,,19452,570010,,0100-9-945-0000-00-0-00-2-570010,LIABILITY INSURANCE,,E,234188.81,234188.81,234188.81,231635.91,231635.91,0,0,2552.9,233986.44,221076.91,234188.81,231635.91,234188.81,,234188.81,229840.11,240043.53,5854.720000000001,0.024999998932485293,,,,,,,,,,,,,,,,,,,,,,,,,,,,,,,,,,,,,,,,,,,,,,,,
View,,19452,573100,,0100-9-945-0000-00-0-00-2-573100,TRAINING,,E,15000,15000,15000,2000,2000,0,0,13000,15000,5436.74,15000,2000,5000,,5000,,5000,0,0,,,,,,,,,,,,,,,,,,,,,,,,,,,,,,,,,,,,,,,,,,,,,,,,
,Unclassified,,,,,     TOTAL - LIABILITY INSURANCE,,,,,,,,,,,248986.44,226513.65,249188.81,233635.91,239188.81,0,239188.81,229840.11,245043.53,5854.720000000001,0.0244773992562612,,,,,,,,,,,,,,,,,,,,,,,,,,,,,,,,,,,,,,,,,,,,,,,,
View,,19932,570012,,0100-9-993-0000-00-0-00-2-570012,TRANSFER TO CAPITAL PROJECT,,E,1360500,1016722.36,1016722.36,1016722.36,1016722.36,0,0,0,1049058,1049058.07,1016722,1016722.36,1052500,4617,1057117,1057111.32,,,,,,,,,,,,,,,,,,,,,,,,,,,,,,,,,,,,,,,,,,,,,,,,,,,
View,,19962,570013,,0100-9-996-0000-00-0-00-2-570013,TRANSFER TO STABILIZATION FUND,,E,717595.25,537061.25,537061.25,537061,537061,0,0,0.25,717595,717595.25,537061,537061,232500,,232500,232500,,,,,,,,,,,,,,,,,,,,,,,,,,,,,,,,,,,,,,,,,,,,,,,,,,,
,,,,,,,,,,,,,,,,,,,,,,,,,,,,,New Revenue,Override or Cut,,,FY27 Expense,52901693.8786,,,,,,,,,,,,,,,,,,,,,,,,,,,,,,,,,,,,,,,,,
,,,,,,TOTAL MATURING DEBT,,,,,,,,,,,3518012.81,3518012.82,2941321.5,2941321.5,2547440.36,0,2547440.36,1801252.86,2537578.36,-9862,-0.0038713369525165253,,1374263.89,-3150993.8886000076,,,FY27 Budget Avail for Approp,49750699.99,,,,,,,,,,,,,,,,,,,,,,,,,,,,,,,,,,,,,,,,,
,,,,,,TOTAL GENERAL GOVERNMENT UNCLASSIFIED,,,,,,,,,,,3734408.25,3255082.3400000003,3879254.21,3489708.96,4107709.1300000004,0,4107709.1300000004,2712141.0399999996,4312004.1236000005,204294.99360000016,0.04973453259091891,,,,,,Deficit,3150993.8885999992,,,,,,,,,,,,,,,,,,,,,,,,,,,,,,,,,,,,,,,,,
,,,,,,TOTAL GENERAL GOVERNMENT,,,,,,,,,,,2417002.72,2246974.92,2826832.33,2264485.7800000003,2962263.14,96273,3017662.2600000002,1561945.67,3208171.25,245908.10999999987,0.0830135941265501,,,,,,,,,,,,,,,,,,,,,,,,,,,,,,,,,,,,,,,,,,,,,,,,
,,,,,,TOTAL PUBLIC SAFETY,,,,,,,,,,,4350593.87,4206041.15,4481172.659999999,4222405.73,4547849.279999999,73842,4621066.279999999,2806119.4800000004,5118965.262,571115.9820000008,0.12557935561136294,,,,,,,,,,,,,,,,,,,,,,,,,,,,,,,,,,,,,,,,,,,,,,,,
,,,,,,TOTAL DPW,,,,,,,,,,,2522449.8000000003,2588694.31,2703652.09,2884846.1500000004,2476953.29,3627,2480580.29,1764448.9,2807177.5100000002,330224.2200000002,0.13331871106862908,,,,,,25787474,FY26 School,,,,,,,,,,,,,,,,,,,,,,,,,,,,,,,,,,,,,,,,,
,,,,,,TOTAL FACILITIES AND BUILDINGS,,,,,,,,,,,983851.7100000001,999472.3299999998,992711.12,1024973.6,1067396.4,4441,1071837.4,635900.23,1203408.16,136011.76,0.12742385115782667,,,,,,689059.28,New Revenue Proportional ,,,,,,,,,,,,,,,,,,,,,,,,,,,,,,,,,,,,,,,,,
,,,,,,TOTAL HUMAN SERVICES,,,,,,,,,,,443318.5,390412.36,456731.74,411404.6,478242.75999999995,6124,482617.75999999995,274322.31600000005,480162.04,1919.280000000028,0.004013191961337853,,,,,,26476533.28,FY27 Available Reve,,,,,,,,,,,,,,,,,,,,,,,,,,,,,,,,,,,,,,,,,
,,,,,,TOTAL SCHOOLS,,,,,,,,,,,24082518,23881750.39,26109022,25611971.71,27121995,0,1334521,1000890,29907219,2785224,0.1026924457437589,,,,,,28663186,FY27 Presented Budget at 2.19.26,,,,,,,,,,,,,,,,,,,,,,,,,,,,,,,,,,,,,,,,,
,,,,,,TOTAL CULTURE AND RECREATION,,,,,,,,,,,548929.98,560304.08,591989.77,608551.5,639036.76,3245,642281.76,298197.23,661168.243,22131.483000000007,0.03463256636441385,,,,,,28454840,FY27 Updated School Budget,,,,,,,,,,,,,,,,,,,,,,,,,,,,,,,,,,,,,,,,,
,,,,,,TOTAL INTERGOVERNMENTAL ASSESSMENTS,,,,,,,,,,,3036687.2,2940442.2,3190257.76,3126273.76,3425578.98,0,3425578.98,2731480.98,3638590.93,213011.9500000002,0.062182758372717535,,,,,,,,,,,,,,,,,,,,,,,,,,,,,,,,,,,,,,,,,,,,,,,,
,,,,,,TOTAL INTERGOVERNMENTAL w/o STATE ASSES,,,,,,,,,,,1922231.2,1922231.2,2132169.76,2132169.76,2397049.98,0,2397049.98,2397052.98,2635339.93,238289.9500000002,0.0994096710490785,,,,,,,,,,,,,,,,,,,,,,,,,,,,,,,,,,,,,,,,,,,,,,,,
,,,,,,TAX TITLE,,,,,,,,,,,29000,13537.67,29000,7144.13,30500,0,30500,5210,30500,,,,,,,,2186652.719999999,School Gap at Prelim,,,,,,,,,,,,,,,,,,,,,,,,,,,,,,,,,,,,,,,,,
,,,,,,,,,,,,,,,,,,,,,,,,,,,,,,,,,1978306.7199999988,School Gap Updated,,,,,,,,,,,,,,,,,,,,,,,,,,,,,,,,,,,,,,,,,
,,,,,,TOTAL,,,,,,,,,,,45666772.84,44600724.57000001,48201945.18,46593087.42,49404965.099999994,187552,23761795.220000003,15591908.706000002,53904944.8786,4499979.778600007,0.09108355343418728,,,,,,,,,,,,,,,,,,,,,,,,,,,,,,,,,,,,,,,,,,,,,,,,
,,,,,,TOTAL WITHOUT STATE ASSESSMENTS,,,,,,,,,,,44552316.84,43582513.57000001,47143857.18,45598983.42,48376436.099999994,187552,22733266.220000003,15257480.706000002,52901693.8786,4525257.778600007,0.09354260345358528,,,,,,,,,,,,,,,,,,,,,,,,,,,,,,,,,,,,,,,,,,,,,,,,
View,,60001,511000,,6000-4-411-0000-00-0-00-1-511000,P/R SEWER BUSINESS MANAGER,,E,59683.44,59683.44,59683.44,50517.78,50517.78,0,0,9165.66,57732.48,61264.32,59683.44,61264.32,59683.44,,59683.44,,,,,,,,,,,,,,,,,,,,,,,,,,,,,,,,,,,,,,,,,,,,,,,,,,,,
View,,60001,511001,,6000-4-411-0000-00-0-00-1-511001,SALARIES CLERICAL,,E,23308.47,14443.47,14443.47,2467.15,2467.15,0,0,11976.32,17908.72,9351.8,23308.47,9351.8,23308.47,,23308.47,,,,,,,,,,,,,,,,,,,,,,,,,,,,,,,,,,,,,,,,,,,,,,,,,,,,
View,,60001,511003,,6000-4-411-0000-00-0-00-1-511003,P/R SEWER COMMISSION CLERK,,E,3200,3200,3200,1415.66,1415.66,0,0,1784.34,3123,1465.97,3200,1465.97,3200,,3200,,,,,,,,,,,,,,,,,,,,,,,,,,,,,,,,,,,,,,,,,,,,,,,,,,,,
View,,60001,513000,,6000-4-411-0000-00-0-00-1-513000,SALARIES OVERTIME,,E,0,1280.93,1280.93,1280.93,1280.93,0,0,0,330,329.88,0,329.88,0,,0,,,,,,,,,,,,,,,,,,,,,,,,,,,,,,,,,,,,,,,,,,,,,,,,,,,,
View,,60001,514002,,6000-4-411-0000-00-0-00-1-514002,LONGEVITY PAY,,E,1774.59,0,0,0,0,0,0,0,1563.64,1563.64,1774.59,1563.64,1774.59,,1774.59,,,,,,,,,,,,,,,,,,,,,,,,,,,,,,,,,,,,,,,,,,,,,,,,,,,,
View,,60001,517004,,6000-4-411-0000-00-0-00-1-517004,SICK LEAVE BUY BACK,,E,0,0,0,0,0,0,0,0,0,0,0,0,0,,0,,,,,,,,,,,,,,,,,,,,,,,,,,,,,,,,,,,,,,,,,,,,,,,,,,,,
View,,60001,517007,,6000-4-411-0000-00-0-00-1-517007,SEWER SALARY RESERVE,,E,4600,4600,4600,0,0,0,0,4600,307.24,0,4600,0,4600,,4600,,,,,,,,,,,,,,,,,,,,,,,,,,,,,,,,,,,,,,,,,,,,,,,,,,,,
View,,60002,521006,,6000-4-411-0000-00-0-00-2-521006,LEOM/FITCHBURG USEAGE,,E,859273.94,887963.73,883273.94,751504.59,751504.59,0,0,136459.14,804850.21,804818.35,863963.73,804818.35,863963.73,,863963.73,,,,,,,,,,,,,,,,,,,,,,,,,,,,,,,,,,,,,,,,,,,,,,,,,,,,
View,,60002,521011,,6000-4-411-0000-00-0-00-2-521011,ELECTRICITY CHARGES,,E,33600,40194.72,39483.01,40967.45,40967.45,622.08,622.08,0,46902.32,44360.08,34311.71,44360.08,34311.71,,34311.71,,,,,,,,,,,,,,,,,,,,,,,,,,,,,,,,,,,,,,,,,,,,,,,,,,,,
View,,60002,521012,,6000-4-411-0000-00-0-00-2-521012,HEATING CHARGES/DIESEL FUEL,,E,500,500,500,288.4,288.4,0,0,211.6,400,0,500,0,500,,500,,,,,,,,,,,,,,,,,,,,,,,,,,,,,,,,,,,,,,,,,,,,,,,,,,,,
View,,60002,521014,,6000-4-411-0000-00-0-00-2-521014,TELEPHONE CHARGES,,E,3738,3738,3738,3543.15,3543.15,0,0,194.85,4269.57,4128.84,3738,4128.84,3738,,3738,,,,,,,,,,,,,,,,,,,,,,,,,,,,,,,,,,,,,,,,,,,,,,,,,,,,
View,,60002,521019,,6000-4-411-0000-00-0-00-2-521019,PURCHASE SERVICE VEHICLE MAINT,,E,0,0,0,0,0,0,0,0,0,0,0,0,0,,0,,,,,,,,,,,,,,,,,,,,,,,,,,,,,,,,,,,,,,,,,,,,,,,,,,,,
View,,60002,523001,,6000-4-411-0000-00-0-00-2-523001,WATER CHARGES,,E,4830,5070,5070,5070,5070,0,0,0,5000,4875,4830,4875,4830,,4830,,,,,,,,,,,,,,,,,,,,,,,,,,,,,,,,,,,,,,,,,,,,,,,,,,,,
View,,60002,523004,,6000-4-411-0000-00-0-00-2-523004,SEWER CONNECTION FEES,,E,7725,18250,16000,0,0,0,0,18250,38246.18,38000,9975,38000,9975,,9975,,,,,,,,,,,,,,,,,,,,,,,,,,,,,,,,,,,,,,,,,,,,,,,,,,,,
View,,60002,531004,,6000-4-411-0000-00-0-00-2-531004,BANKING CHARGES,,E,0,0,0,0,0,0,0,0,0,0,0,0,0,,0,,,,,,,,,,,,,,,,,,,,,,,,,,,,,,,,,,,,,,,,,,,,,,,,,,,,
View,,60002,531005,,6000-4-411-0000-00-0-00-2-531005,LEGAL EXPENSES,,E,4000,3850,3850,0,0,0,0,3850,2319.61,480.91,4000,480.91,4000,,4000,,,,,,,,,,,,,,,,,,,,,,,,,,,,,,,,,,,,,,,,,,,,,,,,,,,,
View,,60002,531006,,6000-4-411-0000-00-0-00-2-531006,PURCHASE OF SERVICE-INFRASTRUC,,E,87600,48600,48600,37212.38,37212.38,0,0,11387.62,81650,81896.18,87600,81896.18,87600,,87600,,,,,,,,,,,,,,,,,,,,,,,,,,,,,,,,,,,,,,,,,,,,,,,,,,,,
View,,60002,531007,,6000-4-411-0000-00-0-00-2-531007,RECORDINGS-REGISTRY OF DEEDS,,E,210,210,210,0,0,0,0,210,105,0,210,0,210,,210,,,,,,,,,,,,,,,,,,,,,,,,,,,,,,,,,,,,,,,,,,,,,,,,,,,,
View,,60002,531059,,6000-4-411-0000-00-0-00-2-531059,PURCH OF SERV I/I REMEDIATION,,E,10000,10000,10000,0,0,0,0,10000,2099,2098.65,10000,2098.65,10000,,10000,,,,,,,,,,,,,,,,,,,,,,,,,,,,,,,,,,,,,,,,,,,,,,,,,,,,
View,,60002,531060,,6000-4-411-0000-00-0-00-2-531060,PURCH OF SERV-OUTSOURCING,,E,148155,142271.99,142271.99,102985.5,102985.5,0,0,39286.49,118735,110498.06,148155,110498.06,148155,,148155,,,,,,,,,,,,,,,,,,,,,,,,,,,,,,,,,,,,,,,,,,,,,,,,,,,,
View,,60002,531061,,6000-4-411-0000-00-0-00-2-531061,ENGINEERING SERVICES,,E,30000,30000,30000,9183.89,9183.89,2530,2530,18286.11,26000.85,19015.02,30000,19015.02,30000,,30000,,,,,,,,,,,,,,,,,,,,,,,,,,,,,,,,,,,,,,,,,,,,,,,,,,,,
View,,60002,534400,,6000-4-411-0000-00-0-00-2-534400,POSTAGE,,E,2415,3408.66,3408.66,3310.19,3310.19,0,0,98.47,2300,2279.52,2415,2279.52,2415,,2415,,,,,,,,,,,,,,,,,,,,,,,,,,,,,,,,,,,,,,,,,,,,,,,,,,,,
View,,60002,534500,,6000-4-411-0000-00-0-00-2-534500,ADVERTISING,,E,206,656,656,610,610,0,0,46,280,110,656,110,656,,656,,,,,,,,,,,,,,,,,,,,,,,,,,,,,,,,,,,,,,,,,,,,,,,,,,,,
View,,60002,540000,,6000-4-411-0000-00-0-00-2-540000,OFFICE SUPPLIES,,E,1030,580,580,470.44,470.44,0,0,109.56,1600,1121.59,580,1121.59,580,,580,,,,,,,,,,,,,,,,,,,,,,,,,,,,,,,,,,,,,,,,,,,,,,,,,,,,
View,,60002,541012,,6000-4-411-0000-00-0-00-2-541012,FUEL - DIESEL/GAS,,E,0,0,0,0,0,0,0,0,0,259.3,0,259.3,0,,0,,,,,,,,,,,,,,,,,,,,,,,,,,,,,,,,,,,,,,,,,,,,,,,,,,,,
View,,60002,541018,,6000-4-411-0000-00-0-00-2-541018,FIELD SUPPLIES,,E,0,0,0,0,0,0,0,0,300,0,0,0,0,,0,,,,,,,,,,,,,,,,,,,,,,,,,,,,,,,,,,,,,,,,,,,,,,,,,,,,
View,,60002,570013,,6000-4-411-0000-00-0-00-2-570013,TRANSFER TO STABILIZATION FUND,,E,36500,36500,36500,36500,36500,0,0,0,37621.37,44812.67,36500,44812.67,36500,,36500,,,,,,,,,,,,,,,,,,,,,,,,,,,,,,,,,,,,,,,,,,,,,,,,,,,,
View,,60002,571000,,6000-4-411-0000-00-0-00-2-571000,MILEAGE REIMBURSEMENT,,E,61.8,61.8,61.8,23.1,23.1,0,0,38.7,400,0,61.8,0,61.8,,61.8,,,,,,,,,,,,,,,,,,,,,,,,,,,,,,,,,,,,,,,,,,,,,,,,,,,,
View,,60002,573000,,6000-4-411-0000-00-0-00-2-573000,DUES/MEMBERSHIP,,E,103,103,103,0,0,0,0,103,100,125,103,125,103,,103,,,,,,,,,,,,,,,,,,,,,,,,,,,,,,,,,,,,,,,,,,,,,,,,,,,,
View,,60002,575004,,6000-4-411-0000-00-0-00-2-575004,INDIRECT COSTS,,E,90600.97,105600.97,105600.97,104856.61,104856.61,0,0,744.36,99551.87,99551.87,90600.97,99551.87,90600.97,,90600.97,,,,,,,,,,,,,,,,,,,,,,,,,,,,,,,,,,,,,,,,,,,,,,,,,,,,
View,,60002,583000,,6000-4-411-0000-00-0-00-2-583000,CAPITAL IMPROVEMENT COSTS,,E,57656.64,76517.64,76517.64,20957,20957,0,0,55560.64,76962.4,76115.67,76517.64,76115.67,76517.64,,76517.64,,,,,,,,,,,,,,,,,,,,,,,,,,,,,,,,,,,,,,,,,,,,,,,,,,,,
View,,60002,583200,,6000-4-411-0000-00-0-00-2-583200,CAPITAL PLAN,,E,368748.99,349887.99,349887.99,296985.4,296985.4,16823,16823,36079.59,95408.47,67690.79,349887.99,67690.79,349887.99,,349887.99,,,,,,,,,,,,,,,,,,,,,,,,,,,,,,,,,,,,,,,,,,,,,,,,,,,,
View,,61001,511001,,6100-4-411-0000-00-0-00-1-511001,SALARIES CLERICAL,,E,0,0,0,0,0,0,0,0,200,0,0,0,0,,0,,,,,,,,,,,,,,,,,,,,,,,,,,,,,,,,,,,,,,,,,,,,,,,,,,,,
View,,61002,531006,,6100-4-411-0000-00-0-00-2-531006,PURCHASE OF SERVICE,,E,45000,45000,45000,40309.65,40309.65,0,0,4690.35,24790,53693.72,45000,53693.72,45000,,45000,,,,,,,,,,,,,,,,,,,,,,,,,,,,,,,,,,,,,,,,,,,,,,,,,,,,
View,,61002,534400,,6100-4-411-0000-00-0-00-2-534400,POSTAGE,,E,0,0,0,0,0,0,0,0,10,0,0,0,0,,0,,,,,,,,,,,,,,,,,,,,,,,,,,,,,,,,,,,,,,,,,,,,,,,,,,,,
View,,62001901,511000,,6200-1-190-0000-00-0-00-1-511000,SALARIES PEG ACCESS,,E,92371.17,105371.17,105371.17,97491.14,97491.14,0,0,7880.03,89000,83623.92,92371.17,83623.92,92371.17,,92371.17,,,,,,,,,,,,,,,,,,,,,,,,,,,,,,,,,,,,,,,,,,,,,,,,,,,,
View,,62001901,512105,,6200-1-190-0000-00-0-00-1-512105,PAYROLL VIDEOGRAPHERS,,E,33000,45000,45000,40330.9,40330.9,0,0,4669.1,37000,33525.98,33000,33525.98,33000,,33000,,,,,,,,,,,,,,,,,,,,,,,,,,,,,,,,,,,,,,,,,,,,,,,,,,,,
View,,62001901,514002,,6200-1-190-0000-00-0-00-1-514002,LONGEVITY PAY,,E,1271.84,1271.84,1271.84,1377.83,1377.83,0,0,0,961,1045.69,1271.84,1045.69,1271.84,,1271.84,,,,,,,,,,,,,,,,,,,,,,,,,,,,,,,,,,,,,,,,,,,,,,,,,,,,
View,,62001902,525012,,6200-1-190-0000-00-0-00-2-525012,LEASE OFFICE SPACE/EQUIPMENT,,E,6000,6000,6000,6000,6000,0,0,0,6000,6000,6000,6000,6000,,6000,,,,,,,,,,,,,,,,,,,,,,,,,,,,,,,,,,,,,,,,,,,,,,,,,,,,
View,,62001902,531003,,6200-1-190-0000-00-0-00-2-531003,VENDOR EXPENSES,,E,500,500,500,0,0,0,0,500,1000,0,500,0,500,,500,,,,,,,,,,,,,,,,,,,,,,,,,,,,,,,,,,,,,,,,,,,,,,,,,,,,
View,,62001902,531006,,6200-1-190-0000-00-0-00-2-531006,PURCHASE OF SERVICE,,E,1400,1400,1400,682.5,682.5,0,0,717.5,1100,458.5,1400,458.5,1400,,1400,,,,,,,,,,,,,,,,,,,,,,,,,,,,,,,,,,,,,,,,,,,,,,,,,,,,
View,,62001902,531013,,6200-1-190-0000-00-0-00-2-531013,CONSULTANT,,E,500,500,500,40,40,0,0,460,1400,0,500,0,500,,500,,,,,,,,,,,,,,,,,,,,,,,,,,,,,,,,,,,,,,,,,,,,,,,,,,,,
View,,62001902,534500,,6200-1-190-0000-00-0-00-2-534500,ADVERTISING,,E,600,600,600,0,0,0,0,600,600,0,600,0,600,,600,,,,,,,,,,,,,,,,,,,,,,,,,,,,,,,,,,,,,,,,,,,,,,,,,,,,
View,,62001902,540000,,6200-1-190-0000-00-0-00-2-540000,OFFICE SUPPLIES,,E,200,200,200,0,0,0,0,200,200,0,200,0,200,,200,,,,,,,,,,,,,,,,,,,,,,,,,,,,,,,,,,,,,,,,,,,,,,,,,,,,
View,,62001902,541018,,6200-1-190-0000-00-0-00-2-541018,EQUIPMENT MTC/SUPPLIES,,E,15000,15000,15000,9458.44,9458.44,0,0,5541.56,16400,8786.55,15000,8786.55,15000,,15000,,,,,,,,,,,,,,,,,,,,,,,,,,,,,,,,,,,,,,,,,,,,,,,,,,,,
View,,62001902,555050,,6200-1-190-0000-00-0-00-2-555050,NEW EQUIPMENT,,E,30000,5000,5000,0,0,0,0,5000,9600,0,30000,0,30000,,30000,,,,,,,,,,,,,,,,,,,,,,,,,,,,,,,,,,,,,,,,,,,,,,,,,,,,
View,,62001902,575004,,6200-1-190-0000-00-0-00-2-575004,INDIRECT COSTS,,E,27929.97,27929.97,27929.97,27929.97,27929.97,0,0,0,47503,47503,27929.97,47503,27929.97,,27929.97,,,,,,,,,,,,,,,,,,,,,,,,,,,,,,,,,,,,,,,,,,,,,,,,,,,,
View,,79002,531006,,7900-4-433-0000-00-0-00-2-531006,PURCHASE OF SERVICE,,E,500000,500140,500000,477932.42,477792.42,0,0,22207.58,335936.78,503055.79,500140,503055.79,500140,,500140,,500000,,,,,,,,,,,,,,,,,,,,,,,,,,,,,,,,,,,,,,,,,,,,,,,,,,
,,,,,,GENERAL FUND BUDGET INCLUDES 48 HOUR SHIFTS,,,,,,,,,,,,,,,,,,,,,,,,,,,,,,,,,,,,,,,,,,,,,,,,,,,,,,,,,,,,,,,,,,,,,
