TOWN OF LUNENBURG
YEAR-TO-DATE BUDGET REPORT
Report generated: 09/01/2026 18:56User:             kbarrettProgram ID:       glytdbud
Page      1
                                                                                                         
  FOR 2026 12
ACCOUNTS FOR:                                 ORIGINAL    TRANFRS/     REVISED                                    AVAILABLE    PCT0100     GENERAL FUND                          APPROP     ADJSTMTS      BUDGET   YTD EXPENDED   ENCUMBRANCES        BUDGET      USED
122 SELECT BOARD                          
11221 511000  EXEC SECRE                        97,427       2,926     100,353     100,353.44            .00            .00  100.0%11221 511001  EXECASST                          56,979       1,663      58,641      49,270.76            .00       9,370.73   84.0%11221 511003  BOARDCLK                           5,574         190       5,764       5,168.12            .00         595.62   89.7%11222 531003  CONTR SERV                         6,000           0       6,000       5,991.80            .00           8.20   99.9%11222 534300  PARKING CL                           100           0         100           9.00            .00          91.00    9.0%11222 534500  ADVERTISIN                         2,000         570       2,570       2,570.00            .00            .00  100.0%11222 540000  OFF SUPPLI                         2,000           0       2,000       1,612.69            .00         387.31   80.6%11222 573000  DUES/MBRSH                         3,000           0       3,000       2,808.00            .00         192.00   93.6%11222 573100  MEETINGS                           3,700        -345       3,355         190.20            .00       3,164.80    5.7%11222 573600  STAFF DEV                          3,500           0       3,500       2,995.36            .04         504.60   85.6%
     TOTAL SELECT BOARD                        180,280       5,003     185,284     170,969.37            .04      14,314.26   92.3%
126 TOWN MANAGER                          
11261 511000  TNMANSALAR                       169,125           0     169,125     169,125.00            .00            .00  100.0%11262 531003  CONTR SERV                        10,000         580      10,580      10,580.00            .00            .00  100.0%11262 531005  LEGAL EXPE                       120,000        -580     119,420     122,671.88      15,013.92     -18,265.80  115.3%11262 571000  MILEAGE                            1,000        -417         583        -290.00            .00         873.47  -49.7%11262 573000  DUES/MBRSH                         2,700      -1,971         729         729.00            .00            .00  100.0%11262 573100  MEETINGS                           2,500        -750       1,750       1,221.65          75.00         453.35   74.1%
     TOTAL TOWN MANAGER                        305,325      -3,138     302,187     304,037.53      15,088.92     -16,938.98  105.6%
131 FINANCE COMMITTEE                     
11312 534500  ADVERTISIN                           100           0         100          80.00            .00          20.00   80.0%11312 573000  DUES/MBRSH                           200           0         200         200.00            .00            .00  100.0%11312 573100  MTGS/SCHOO                         1,500           0       1,500          26.00            .00       1,474.00    1.7%
     TOTAL FINANCE COMMITTEE                     1,800           0       1,800         306.00            .00       1,494.00   17.0%
132 RESERVE FUND                          
11322 578000  RES FUND                         185,000           0     185,000            .00            .00     185,000.00     .0%
===PAGE===
TOWN OF LUNENBURG
YEAR-TO-DATE BUDGET REPORT
Report generated: 09/01/2026 18:56User:             kbarrettProgram ID:       glytdbud
Page      2
                                                                                                         
  FOR 2026 12
ACCOUNTS FOR:                                 ORIGINAL    TRANFRS/     REVISED                                    AVAILABLE    PCT0100     GENERAL FUND                          APPROP     ADJSTMTS      BUDGET   YTD EXPENDED   ENCUMBRANCES        BUDGET      USED
     TOTAL RESERVE FUND                        185,000           0     185,000            .00            .00     185,000.00     .0%
133 SALARY RESERVE                        
11332 517000  RETIRE/BUY                        30,000           0      30,000            .00            .00      30,000.00     .0%11332 578000  RES FUND                         180,000    -128,954      51,046      51,046.33            .00            .00  100.0%
     TOTAL SALARY RESERVE                      210,000    -128,954      81,046      51,046.33            .00      30,000.00   63.0%
135 TOWN ACCOUNTANT                       
11351 511000  TN ACC SAL                       127,308      45,188     172,496     164,954.57            .00       7,540.99   95.6%11351 511001  TN ACC CLE                       143,526     -11,888     131,637     118,366.25            .00      13,270.88   89.9%11351 514002  LONGEVITY                          1,881          99       1,979       1,935.16            .00          44.33   97.8%11351 519011  CELLPHONE                            480           0         480         240.00            .00         240.00   50.0%11352 531020  AUDIT COST                        40,000      23,500      63,500      26,000.00            .00      37,500.00   40.9%11352 531050  GASB45VALU                         4,100         225       4,325            .00            .00       4,325.00     .0%11352 535006  CONT SERV                            250     114,758     115,008     112,471.87            .00       2,535.88   97.8%11352 540000  OFF SUPPLI                         2,500         173       2,673       2,611.48            .00          61.78   97.7%11352 571000  MILEAGE RE                           350           0         350            .00            .00         350.00     .0%11352 573000  DUES/MBRSH                           350         600         950         505.00            .00         445.00   53.2%11352 573100  MEETINGS                           2,500          70       2,570         923.63            .00       1,646.74   35.9%
     TOTAL TOWN ACCOUNTANT                     323,244     172,724     495,969     428,007.96            .00      67,960.60   86.3%
136 ANNUAL AUDIT                          
11362 531020  AUDIT COST                             0       8,500       8,500       8,500.00            .00            .00  100.0%11362 531050  GASB45VALU                             0       4,100       4,100       4,100.00            .00            .00  100.0%
     TOTAL ANNUAL AUDIT                              0      12,600      12,600      12,600.00            .00            .00  100.0%
141 ASSESSOR'S ADMINISTRATION             
11411 511000  ASST ASSES                        45,320           0      45,320      45,320.00            .00            .00  100.0%
===PAGE===
TOWN OF LUNENBURG
YEAR-TO-DATE BUDGET REPORT
Report generated: 09/01/2026 18:56User:             kbarrettProgram ID:       glytdbud
Page      3
                                                                                                         
  FOR 2026 12
ACCOUNTS FOR:                                 ORIGINAL    TRANFRS/     REVISED                                    AVAILABLE    PCT0100     GENERAL FUND                          APPROP     ADJSTMTS      BUDGET   YTD EXPENDED   ENCUMBRANCES        BUDGET      USED
11411 511001  DATA COLL                         28,077         847      28,924      28,910.93            .00          13.19  100.0%11411 511028  SALPRINCAS                       115,763      14,153     129,915     129,915.43            .00            .00  100.0%11411 512203  TEMP SALAR                             0      13,347      13,347       4,276.20            .00       9,070.87   32.0%11411 519024  CERTSTIP                           1,000           0       1,000         999.96            .00            .04  100.0%11412 530600  MEASLISTAN                        52,049       1,350      53,399      36,421.18       1,600.00      15,377.82   71.2%11412 531003  CONTR SERV                        41,200      -1,480      39,720      26,813.50            .00      12,906.24   67.5%11412 531010  UPDATE MAP                         7,400         600       8,000       7,400.00         600.00            .00  100.0%11412 540000  OFF SUPPLI                         1,850          80       1,930       1,930.26            .00            .00  100.0%11412 571000  MILEAGE                              900         800       1,700       1,593.94            .00         106.06   93.8%11412 573000  DUES/MBRSH                           750         250       1,000         925.37            .00          74.63   92.5%11412 573100  MEETINGS                           3,000           0       3,000       2,513.85            .00         486.15   83.8%
     TOTAL ASSESSOR'S ADMINISTRATION           297,308      29,947     327,256     287,020.62       2,200.00      38,035.00   88.4%
145 TREASURER'S ADMINISTRATION            
11451 511000  TREAS SAL                         51,198       3,571      54,769      54,768.99            .00            .00  100.0%11451 511002  A TREAS SA                        54,758       4,291      59,049      60,612.49            .00      -1,563.45  102.6%11451 514002  LONGEVITY                          1,536          28       1,563            .00            .00       1,563.45     .0%11452 531003  CONTR SERV                         5,500      -2,827       2,673         700.00            .00       1,972.95   26.2%11452 531004  BANKING CH                         1,000      -1,000           0            .00            .00            .00     .0%11452 531014  BOND ISSUA                         2,500      -2,500           0            .00            .00            .00     .0%11452 540000  OFF SUPPLI                         1,075         266       1,341         598.52         505.79         236.69   82.3%11452 571000  MILEAGE                              300           0         300         131.60         147.43          20.97   93.0%11452 573000  DUES/MBRSH                           350         -20         330         175.00            .00         155.00   53.0%11452 573100  MEETINGS                             750           0         750         150.00            .00         600.00   20.0%
     TOTAL TREASURER'S ADMINISTRATION          118,966       1,809     120,775     117,136.60         653.22       2,985.61   97.5%
146 TAX COLLECTOR'S ADMINISTRATION        
11461 511000  TAX COLL                          51,198       1,702      52,900      52,900.15            .00            .00  100.0%11461 511001  CLER TAX                          59,084        -185      58,899      53,204.14            .00       5,695.19   90.3%11461 514002  LONGEVITY                          1,536          46       1,581            .00            .00       1,581.45     .0%11462 531003  CONTR SERV                        17,000       1,054      18,054       3,868.86       4,997.08       9,188.48   49.1%11462 534400  POSTAGE                                0       1,250       1,250            .00       1,250.16            .00  100.0%11462 540000  OFF SUPPLI                           750           0         750         314.75         300.00         135.25   82.0%11462 571000  MILEAGE                              300           0         300         253.03            .00          46.97   84.3%11462 573000  DUES/MBRSH                           100          20         120         120.00            .00            .00  100.0%11462 573100  MEET/SCHOO                           750           0         750         250.00            .00         500.00   33.3%
===PAGE===
TOWN OF LUNENBURG
YEAR-TO-DATE BUDGET REPORT
Report generated: 09/01/2026 18:56User:             kbarrettProgram ID:       glytdbud
Page      4
                                                                                                         
  FOR 2026 12
ACCOUNTS FOR:                                 ORIGINAL    TRANFRS/     REVISED                                    AVAILABLE    PCT0100     GENERAL FUND                          APPROP     ADJSTMTS      BUDGET   YTD EXPENDED   ENCUMBRANCES        BUDGET      USED
     TOTAL TAX COLLECTOR'S ADMINISTRATION      130,718       3,888     134,606     110,910.93       6,547.24      17,147.34   87.3%
155 INFORMATION TECHNOLOGY DEPT           
11551 511002  TECH SUPPO                             0         291         291            .00            .00         290.66     .0%11551 511003  TECHSUPPOR                        48,655      10,291      58,947      58,946.69            .00            .00  100.0%11552 521001  HARDWMTC                          38,500       6,043      44,543      29,352.11            .00      15,191.19   65.9%11552 521014  TEL CHGS                          40,000       9,800      49,800      47,588.81       3,153.86        -942.67  101.9%11552 531006  PURCH SERV                       204,871        -449     204,422     185,198.37      13,761.00       5,462.54   97.3%11552 535006  CONT SERV                        159,285           0     159,285     148,870.00            .00      10,415.00   93.5%
     TOTAL INFORMATION TECHNOLOGY DEPT         491,311      25,976     517,288     469,955.98      16,914.86      30,416.72   94.1%
158 TAX TITLE REDEMP/FORECLOSURE          
11582 531006  PURCH SERV                        22,000       4,461      26,461      18,435.31       8,025.56            .00  100.0%11582 531007  REC REGIST                         7,000           0       7,000       1,260.00       2,740.00       3,000.00   57.1%11582 534500  ADV TAX TI                         1,500           0       1,500            .00       1,585.00         -85.00  105.7%
     TOTAL TAX TITLE REDEMP/FORECLOSURE         30,500       4,461      34,961      19,695.31      12,350.56       2,915.00   91.7%
161 TOWN CLERK'S ADMINISTRATION           
11611 511002  ASST CLERK                        51,648           0      51,648      51,400.97            .00         247.11   99.5%11611 512000  SAL ELECTE                        80,629     -78,466       2,163       2,162.56            .00            .00  100.0%11611 514002  LONGEVITY                            850           0         850         850.00            .00            .00  100.0%11611 519007  VITALS FEE                           375           0         375            .00            .00         375.00     .0%11612 531003  CONTR SERV                         1,200         400       1,600       1,200.00            .00         400.00   75.0%11612 531056  CODEUPDATE                         7,000       2,361       9,361       7,496.00         900.00         964.58   89.7%11612 540000  OFF SUPPLI                           750          14         764         668.02          96.40            .00  100.0%11612 571000  MILEAGE                              200           0         200            .00            .00         200.00     .0%11612 573000  DUES/MBRSH                           150           0         150         125.00            .00          25.00   83.3%11612 573100  MTGS/SCHOO                           800        -400         400         115.00            .00         285.00   28.8%
     TOTAL TOWN CLERK'S ADMINISTRATION         143,602     -76,091      67,511      64,017.55         996.40       2,496.69   96.3%
162 ELECTIONS                             
11621 512100  SALS ELECT                         3,900        -105       3,795       3,795.00            .00            .00  100.0%
===PAGE===
TOWN OF LUNENBURG
YEAR-TO-DATE BUDGET REPORT
Report generated: 09/01/2026 18:56User:             kbarrettProgram ID:       glytdbud
Page      5
                                                                                                         
  FOR 2026 12
ACCOUNTS FOR:                                 ORIGINAL    TRANFRS/     REVISED                                    AVAILABLE    PCT0100     GENERAL FUND                          APPROP     ADJSTMTS      BUDGET   YTD EXPENDED   ENCUMBRANCES        BUDGET      USED
11622 531003  CONTR SERV                         3,000        -900       2,100       2,100.00            .00            .00  100.0%11622 531008  POL/CUST                           1,000         139       1,139       1,138.91            .00            .00  100.0%11622 534200  PRINTING                           2,600       2,414       5,014       4,008.27            .00       1,006.22   79.9%11622 540000  OFF SUP EL                           300           0         300         300.00            .00            .00  100.0%11622 549000  LUNCHES                              300        -120         180            .00         180.00            .00  100.0%
     TOTAL ELECTIONS                            11,100       1,428      12,528      11,342.18         180.00       1,006.22   92.0%
163 REGISTRATION & CENSUS                 
11631 512100  SALS REG                          19,000      -6,061      12,939      11,711.25            .00       1,227.79   90.5%11631 519000  REG FEE                              400           0         400            .00            .00         400.00     .0%11632 531003  CONTR SERV                           500       1,645       2,145       1,745.00         400.00            .00  100.0%11632 531016  ST LISTS                             600        -200         400         375.00            .00          25.00   93.8%11632 540000  OFF SUPPLI                           250        -250           0            .00            .00            .00     .0%11632 571000  MILEAGE                              200        -200           0            .00            .00            .00     .0%
     TOTAL REGISTRATION & CENSUS                20,950      -5,066      15,884      13,831.25         400.00       1,652.79   89.6%
164 TOWN CLERK'S SALARY                   
11641 512000  TN CLK SAL                             0      80,629      80,629      78,466.44            .00       2,162.56   97.3%
     TOTAL TOWN CLERK'S SALARY                       0      80,629      80,629      78,466.44            .00       2,162.56   97.3%
170 LAND USE                              
11701 511000  PB DIR                           106,375      -1,464     104,911      28,792.80            .00      76,117.94   27.4%11701 511001  SAL CLERIC                       130,564      -4,388     126,176     117,757.76            .00       8,418.41   93.3%11701 511003  SAL STAFF                          5,000           0       5,000         711.78            .00       4,288.22   14.2%11701 511105  BUILD COM                        100,682       8,435     109,117     109,117.24            .00            .00  100.0%11701 511106  CONS ADMIN                        72,137      -5,043      67,094      52,883.75            .00      14,209.91   78.8%11701 514002  LONGEVITY                          2,350           0       2,350       2,350.00            .00            .00  100.0%11701 519008  MILEAGE                            7,500           0       7,500       7,499.96            .00            .04  100.0%11702 531007  REC REGIST                           150           0         150         105.00            .00          45.00   70.0%11702 531013  CONSULTANT                             0       8,971       8,971       8,187.54         650.00         133.71   98.5%11702 531017  PUBLICATIO                         2,100           0       2,100         681.96            .00       1,418.04   32.5%11702 534500  ADVERTISIN                         2,250           0       2,250         766.77          90.00       1,393.23   38.1%
===PAGE===
TOWN OF LUNENBURG
YEAR-TO-DATE BUDGET REPORT
Report generated: 09/01/2026 18:56User:             kbarrettProgram ID:       glytdbud
Page      6
                                                                                                         
  FOR 2026 12
ACCOUNTS FOR:                                 ORIGINAL    TRANFRS/     REVISED                                    AVAILABLE    PCT0100     GENERAL FUND                          APPROP     ADJSTMTS      BUDGET   YTD EXPENDED   ENCUMBRANCES        BUDGET      USED
11702 540000  OFF SUPPLI                         2,600           0       2,600       2,170.79          62.96         366.25   85.9%11702 558000  UNIFORM AL                           900           0         900         815.00            .00          85.00   90.6%11702 571000  MILEAGE                            1,350           0       1,350         342.42         438.12         569.46   57.8%11702 573000  DUES/MBRSH                         1,150           0       1,150         703.45         318.45         128.10   88.9%11702 573100  MTGS/SCHOO                         5,050           0       5,050       2,437.50         462.00       2,150.50   57.4%
     TOTAL LAND USE                            440,157       6,512     446,669     335,323.72       2,021.53     109,323.81   75.5%
175 PLANNING BOARD                        
11751 511000  PLANN DIR                              0           0           0      12,796.80            .00     -12,796.80  100.0%11751 511001  PLAN CLERI                             0           0           0     -12,796.80            .00      12,796.80  100.0%
     TOTAL PLANNING BOARD                            0           0           0            .00            .00            .00     .0%
178 ARCHITECTURAL PRESERVATION DIS        
11782 531070  APDC EXP                             500           0         500            .00            .00         500.00     .0%
     TOTAL ARCHITECTURAL PRESERVATION DIS          500           0         500            .00            .00         500.00     .0%
192 PUBLIC BUILDINGS                      
11922 521011  ELEC CHGS                        100,000        -827      99,173      72,373.19         200.55      26,599.73   73.2%11922 521012  FUEL OIL                          39,000           0      39,000      38,339.18            .00         660.82   98.3%11922 521013  RUBBH CHG                         19,000       5,000      24,000      23,105.30            .00         894.70   96.3%11922 521025  NAT GAS                           38,500      20,435      58,935      52,325.19            .00       6,609.77   88.8%11922 523001  WATER CHGS                        14,000           0      14,000      11,507.60         436.00       2,056.40   85.3%11922 523003  SEWER USEA                         9,857           0       9,857       7,423.49            .00       2,433.61   75.3%11922 541019  FUEL CHARG                         1,000           0       1,000            .00            .00       1,000.00     .0%
     TOTAL PUBLIC BUILDINGS                    221,357      24,608     245,966     205,073.95         636.55      40,255.03   83.6%
193 FACILITIES & GROUNDS                  
11931 511000  DIR FAC SA                        75,466      -6,500      68,966      68,966.14            .00            .00  100.0%
===PAGE===
TOWN OF LUNENBURG
YEAR-TO-DATE BUDGET REPORT
Report generated: 09/01/2026 18:56User:             kbarrettProgram ID:       glytdbud
Page      7
                                                                                                         
  FOR 2026 12
ACCOUNTS FOR:                                 ORIGINAL    TRANFRS/     REVISED                                    AVAILABLE    PCT0100     GENERAL FUND                          APPROP     ADJSTMTS      BUDGET   YTD EXPENDED   ENCUMBRANCES        BUDGET      USED
11931 511003  SAL STAFF                         52,513      -5,741      46,772      46,772.13            .00            .00  100.0%11931 511013  SALFACDIRE                       119,655       3,595     123,250     123,249.76            .00            .00  100.0%11931 513000  SAL OVERTI                         2,083      -2,083           0            .00            .00            .00     .0%11931 514002  LONGEVITY                          1,350         250       1,600       1,600.00            .00            .00  100.0%11931 519005  ON-CALL ST                         6,500           0       6,500       6,500.00            .00            .00  100.0%11931 519010  EVAL STIPE                         1,600      -1,600           0            .00            .00            .00     .0%11932 523005  BETTCOSTS                         67,547           0      67,547      67,547.00            .00            .00  100.0%11932 531003  CONTR SERV                        90,000      -4,619      85,381      85,086.84            .00         293.67   99.7%11932 531006  PURCH SERV                       150,000     -37,978     112,022     100,925.28       2,724.58       8,371.99   92.5%11932 531041  TEEN CTR E                        10,000       9,443      19,443      18,338.75         111.47         993.17   94.9%11932 531042  CONT CLEAN                        80,000      -1,050      78,950      75,663.75            .00       3,286.25   95.8%11932 531043  DEPT EXP                           5,492      -2,356       3,136       2,540.77            .00         595.18   81.0%11932 531079  TCP EXPENS                        27,000      36,136      63,136      63,329.17            .00        -192.68  100.3%11932 541001  CUST SUPPL                         8,200       1,200       9,400       9,178.25            .00         221.75   97.6%11932 541002  BLDG MTC                          12,000       8,500      20,500      18,158.85         126.12       2,215.03   89.2%11932 558000  UNIFORM AL                         2,200           0       2,200         729.88            .00       1,470.12   33.2%
     TOTAL FACILITIES & GROUNDS                711,606      -2,802     708,803     688,586.57       2,962.17      17,254.48   97.6%
195 TOWN REPORTS                          
11952 534200  PRINTING                           7,000       2,913       9,913       8,932.53       7,880.17      -6,900.17  169.6%
     TOTAL TOWN REPORTS                          7,000       2,913       9,913       8,932.53       7,880.17      -6,900.17  169.6%
199 CENTRAL PURCHASING                    
11992 521001  OFFICE EQU                         7,500           0       7,500       5,140.34            .00       2,359.66   68.5%11992 521007  EQUIP MTC                          7,000           0       7,000       4,438.89            .00       2,561.11   63.4%11992 521014  TEL CHGS                               0         105         105            .00            .00         105.44     .0%11992 531057  MANPRINTSE                        27,000      -3,000      24,000      22,004.98         179.36       1,815.66   92.4%11992 534400  POSTAGE                           50,000           0      50,000      37,654.68       4,386.80       7,958.52   84.1%
     TOTAL CENTRAL PURCHASING                   91,500      -2,895      88,605      69,238.89       4,566.16      14,800.39   83.3%
210 POLICE DEPARTMENT                     
12101 511000  POL CHIEF                        125,050      19,199     144,249     142,777.89            .00       1,471.50   99.0%
===PAGE===
TOWN OF LUNENBURG
YEAR-TO-DATE BUDGET REPORT
Report generated: 09/01/2026 18:56User:             kbarrettProgram ID:       glytdbud
Page      8
                                                                                                         
  FOR 2026 12
ACCOUNTS FOR:                                 ORIGINAL    TRANFRS/     REVISED                                    AVAILABLE    PCT0100     GENERAL FUND                          APPROP     ADJSTMTS      BUDGET   YTD EXPENDED   ENCUMBRANCES        BUDGET      USED
12101 511001  SALADMASSI                        60,928       2,549      63,477      63,477.28            .00            .00  100.0%12101 511003  SALCLERK                          21,186         644      21,830      21,625.40            .00         204.12   99.1%12101 511004  SARG SALAR                       345,398     -16,315     329,083     267,994.08            .00      61,088.72   81.4%12101 511005  LIEUT SALA                        99,302         282      99,584      98,073.13            .00       1,510.81   98.5%12101 511006  PATROL SAL                       940,384           0     940,384     887,243.16            .00      53,140.42   94.3%12101 511021  COURTOFFIC                         3,100           0       3,100       3,100.00            .00            .00  100.0%12101 511030  SALDETSERP                        80,615         593      81,208      81,208.07            .00            .00  100.0%12101 513000  POL OVERTI                       165,000     -16,030     148,970     146,878.22            .00       2,092.22   98.6%12101 513004  COMMPOLICI                        14,319           0      14,319      13,747.95            .00         571.36   96.0%12101 513006  K9CAREOT                          39,145           0      39,145      38,791.62            .00         353.32   99.1%12101 514000  POL SH DIF                        31,020           0      31,020      27,549.83            .00       3,469.68   88.8%12101 514001  POL HOLIDA                        54,847      15,436      70,283      70,283.41            .00            .00  100.0%12101 514002  POL LONG                          10,717           0      10,717       5,760.00            .00       4,957.47   53.7%12101 514003  POL COURT                         12,627        -286      12,341       6,586.00            .00       5,755.09   53.4%12101 514004  IFS                               37,880         286      38,166      38,165.74            .00            .00  100.0%12101 514005  FLDDIFFERE                           600         282         882         882.00            .00            .00  100.0%12101 514006  OFFINCHGDI                         2,000       3,920       5,920       5,920.00            .00            .00  100.0%12101 515001  VACATION                               0       6,484       6,484            .00            .00       6,483.80     .0%12101 519001  POL UNIFOR                        31,000           0      31,000      30,987.00            .00          13.00  100.0%12101 519002  POL ED INC                       142,205      35,111     177,316     175,096.22            .00       2,219.60   98.7%12101 519003  FIREARMS                          13,180           0      13,180       9,460.79            .00       3,718.78   71.8%12101 519009  INSERV/SPE                        70,000       6,060      76,060      76,060.25            .00            .00  100.0%12101 519020  LESSLETHAL                         8,418           0       8,418       6,044.31            .00       2,373.49   71.8%12101 519021  SCHRESSTIP                         6,800           0       6,800       6,800.00            .00            .00  100.0%12101 519022  TRAFFOFFST                         2,000       2,000       4,000       4,000.00            .00            .00  100.0%12101 519025  ACCMGR                                 0       3,400       3,400       3,400.00            .00            .00  100.0%12101 519027  PUBINSTI                               0       2,000       2,000       2,000.00            .00            .00  100.0%12102 521007  EQUIP MTC                         12,700        -638      12,062      10,374.33            .00       1,687.96   86.0%12102 531058  DETAILSOFT                         4,800           0       4,800       4,400.00            .00         400.00   91.7%12102 534200  PRINTING                           3,500           0       3,500       2,492.89            .00       1,007.11   71.2%12102 540000  OFF SUPPLI                         5,600           0       5,600       4,433.27            .00       1,166.73   79.2%12102 551001  SUPP FIREA                        21,600         350      21,950      21,624.40            .00         325.60   98.5%12102 551002  BADGES                             1,050           0       1,050         743.58            .00         306.42   70.8%12102 558700  K-9 EXPENS                         8,988           0       8,988       6,625.94            .00       2,361.66   73.7%12102 573000  DUES/MBRSH                         6,615           0       6,615       6,299.00            .00         316.00   95.2%12102 573200  TRNG COURS                        23,600         287      23,887      22,986.79            .00         900.46   96.2%
     TOTAL POLICE DEPARTMENT                 2,406,172      65,615   2,471,788   2,313,892.55            .00     157,895.32   93.6%
213 POLICE LOCK UP                        
12131 511014  LOCKUP                            15,000       6,053      21,053      21,053.46            .00            .00  100.0%
===PAGE===
TOWN OF LUNENBURG
YEAR-TO-DATE BUDGET REPORT
Report generated: 09/01/2026 18:56User:             kbarrettProgram ID:       glytdbud
Page      9
                                                                                                         
  FOR 2026 12
ACCOUNTS FOR:                                 ORIGINAL    TRANFRS/     REVISED                                    AVAILABLE    PCT0100     GENERAL FUND                          APPROP     ADJSTMTS      BUDGET   YTD EXPENDED   ENCUMBRANCES        BUDGET      USED
12132 531006  PURCH SERV                         2,800           0       2,800         753.00            .00       2,047.00   26.9%12132 540000  SUPPLIES                           2,800           0       2,800       2,638.25          50.00         111.75   96.0%
     TOTAL POLICE LOCK UP                       20,600       6,053      26,653      24,444.71          50.00       2,158.75   91.9%
214 INJURY LEAVE                          
12141 515000  INJURY LVE                         4,000           0       4,000         285.99            .00       3,714.01    7.1%
     TOTAL INJURY LEAVE                          4,000           0       4,000         285.99            .00       3,714.01    7.1%
220 FIRE DEPARTMENT                       
12201 511000  FIRE CHIEF                       116,758           0     116,758     115,916.69            .00         841.31   99.3%12201 511001  FIRE CLERI                        72,495       2,121      74,616      74,666.88            .00         -50.98  100.1%12201 511007  CAREERFFSA                       760,305      14,374     774,679     774,627.82            .00          50.98  100.0%12201 511008  AMB DIR SA                         2,500           0       2,500       2,500.00            .00            .00  100.0%12201 511010  FIREFI SAL                       291,070     -93,216     197,855     197,854.50            .00            .00  100.0%12201 511031  OOGPAY                             5,000       1,094       6,094       6,094.00            .00            .00  100.0%12201 513000  DAY OVERTI                       175,292      73,715     249,007     249,006.90            .00            .00  100.0%12201 514001  HOLIDAY                           47,247       9,254      56,501      56,501.40            .00            .00  100.0%12201 514002  LONGEVITY                          9,492       9,014      18,507      18,506.67            .00            .00  100.0%12201 519001  DAYMEN ALL                         9,900       2,200      12,100      12,100.00            .00            .00  100.0%12201 519002  EDINCFF                            5,000       2,500       7,500       7,500.00            .00            .00  100.0%12201 519003  TRNG F FIG                        50,473     -33,943      16,530       9,347.52            .00       7,182.77   56.5%12201 519004  EMT STIPEN                        10,500           0      10,500       5,000.00            .00       5,500.00   47.6%12201 519005  WE CALL ST                         5,200           0       5,200       4,950.00            .00         250.00   95.2%12201 519011  CELLPHONE                            720           0         720         720.00            .00            .00  100.0%12201 519017  TRAINOFFST                         1,500         750       2,250       2,250.00            .00            .00  100.0%12201 519018  ALSSTIPEND                         2,500       1,250       3,750       3,750.00            .00            .00  100.0%12201 519019  FIREPREVST                         3,000           0       3,000       3,000.00            .00            .00  100.0%12201 519023  SAFECOORST                         1,000         500       1,500       1,500.00            .00            .00  100.0%12202 521004  BLDG REP                           1,500       1,015       2,515       2,089.73         425.34            .00  100.0%12202 521008  EQUIP MTC                         34,000      16,502      50,502      47,781.82       2,338.28         381.90   99.2%12202 521009  EQUIP MTC                         10,170       3,488      13,658      12,193.28         197.57       1,267.15   90.7%12202 531022  TRAIN EMS                         21,000      -7,980      13,020      12,092.00            .00         928.00   92.9%12202 531023  RECERT EMS                         3,150        -750       2,400       1,251.78       1,120.00          28.22   98.8%12202 531024  FEES/LICEN                        15,400      -6,972       8,428       8,092.58         182.64         152.78   98.2%12202 531071  FIREITSOFT                        11,000      -1,047       9,953       9,952.65            .00            .00  100.0%12202 540000  OFF SUPPLI                         2,500       2,000       4,500       1,489.61         932.87       2,077.52   53.8%
===PAGE===
TOWN OF LUNENBURG
YEAR-TO-DATE BUDGET REPORT
Report generated: 09/01/2026 18:56User:             kbarrettProgram ID:       glytdbud
Page     10
                                                                                                         
  FOR 2026 12
ACCOUNTS FOR:                                 ORIGINAL    TRANFRS/     REVISED                                    AVAILABLE    PCT0100     GENERAL FUND                          APPROP     ADJSTMTS      BUDGET   YTD EXPENDED   ENCUMBRANCES        BUDGET      USED
12202 541003  FF/TRNG SU                         7,000      -2,388       4,612       4,145.84         313.16         153.00   96.7%12202 541004  EMS SUPPLI                             0       1,310       1,310            .00       1,309.77            .00  100.0%12202 541006  FOOD/FIRES                           350           0         350         186.25         158.79           4.96   98.6%12202 573000  DUES/MBRSH                         2,000           0       2,000       1,906.32            .00          93.68   95.3%12202 573001  MTG/SCH FF                         6,565         160       6,725       5,881.31         142.96         700.73   89.6%12202 573100  MTGS/SCHOO                         1,400           0       1,400       1,235.00            .00         165.00   88.2%12202 582001  CAP EQUIP                         20,000           0      20,000      18,761.66         760.38         477.96   97.6%12202 582002  REP EQUIP                         11,600       1,047      12,647       8,995.01       3,230.70         421.64   96.7%
     TOTAL FIRE DEPARTMENT                   1,717,588      -4,002   1,713,586   1,681,847.22      11,112.46      20,626.62   98.8%
223 FIRE HYDRANT EXPENSE                  
12232 523002  HYDRANT EX                        17,000           0      17,000      17,000.00            .00            .00  100.0%
     TOTAL FIRE HYDRANT EXPENSE                 17,000           0      17,000      17,000.00            .00            .00  100.0%
227 MTC OF TOWN RADIOS                    
12272 521007  EQUIP MTC                         10,000       1,801      11,801      10,204.65       1,537.26          59.13   99.5%
     TOTAL MTC OF TOWN RADIOS                   10,000       1,801      11,801      10,204.65       1,537.26          59.13   99.5%
228 RADIO WATCH                           
12281 511001  SAL CLERIC                        56,866           0      56,866      56,872.32            .00          -6.40  100.0%12281 512103  RESERVE/FF                        47,898      -1,000      46,898      42,017.21            .00       4,880.77   89.6%12282 573300  NVRDDASSES                       206,000       1,000     207,000     207,000.00            .00            .00  100.0%
     TOTAL RADIO WATCH                         310,764           0     310,764     305,889.53            .00       4,874.37   98.4%
244 INSPECTOR OF WGHTS & MEASURES         
12441 511000  WGHT & MEA                         3,500           0       3,500       5,681.50            .00      -2,181.50  162.3%12441 519008  MILEAGE                              500           0         500            .00            .00         500.00     .0%12442 540000  OFF SUPPLI                           300       5,682       5,982       5,681.50            .00         300.00   95.0%
===PAGE===
TOWN OF LUNENBURG
YEAR-TO-DATE BUDGET REPORT
Report generated: 09/01/2026 18:56User:             kbarrettProgram ID:       glytdbud
Page     11
                                                                                                         
  FOR 2026 12
ACCOUNTS FOR:                                 ORIGINAL    TRANFRS/     REVISED                                    AVAILABLE    PCT0100     GENERAL FUND                          APPROP     ADJSTMTS      BUDGET   YTD EXPENDED   ENCUMBRANCES        BUDGET      USED
12442 573000  DUES/MBRSH                           300           0         300            .00            .00         300.00     .0%
     TOTAL INSPECTOR OF WGHTS & MEASURES         4,600       5,682      10,282      11,363.00            .00      -1,081.50  110.5%
291 EMERGENCY MANAGEMENT                  
12911 511000  EMERG MANA                         5,000           0       5,000       4,999.92            .00            .08  100.0%12912 521007  EQUIP MTC                          1,000           0       1,000         997.00            .00           3.00   99.7%12912 540000  SUPPLIES                           1,000           0       1,000         920.00          80.00            .07  100.0%
     TOTAL EMERGENCY MANAGEMENT                  7,000           0       7,000       6,916.92          80.00           3.15  100.0%
292 ANIMAL CONTROL                        
12921 511000  ANIMAL CON                        35,000       1,000      36,000      37,458.25            .00      -1,458.33  104.1%12921 511107  SAL AN INS                         1,000           0       1,000       1,000.00            .00            .00  100.0%12922 531025  VET CHGS                           6,000           0       6,000       5,805.00            .00         195.00   96.8%12922 534200  PRINTING                             625           0         625         158.00            .00         467.00   25.3%12922 540000  OFF SUPPLI                         3,500      -1,000       2,500       1,971.48            .00         528.60   78.9%
     TOTAL ANIMAL CONTROL                       46,125           0      46,125      46,392.73            .00        -267.73  100.6%
294 TREE REMOVAL                          
12941 513000  TREE OVERT                         3,000           0       3,000       1,549.32            .00       1,450.68   51.6%12942 531006  PURCH SERV                        35,000      20,795      55,795      55,794.56            .00            .00  100.0%12942 541018  SUPPLIES                             500        -295         205            .00            .00         205.44     .0%
     TOTAL TREE REMOVAL                         38,500      20,500      59,000      57,343.88            .00       1,656.12   97.2%
300 SCHOOL DEPARTMENT                     
S0011742 535006  CONT SERV                     257,000      31,291     288,291     203,782.93       8,848.00      75,660.20   73.8%S0055632 535016  TRANSPORTA                      1,000           0       1,000         902.50            .00          97.50   90.3%S0066632 535016  TRANSPORTA                      3,000           0       3,000       3,000.00            .00            .00  100.0%S0511061 519015  HOMEHOSTUR                      1,000           0       1,000            .00            .00       1,000.00     .0%
===PAGE===
TOWN OF LUNENBURG
YEAR-TO-DATE BUDGET REPORT
Report generated: 09/01/2026 18:56User:             kbarrettProgram ID:       glytdbud
Page     12
                                                                                                         
  FOR 2026 12
ACCOUNTS FOR:                                 ORIGINAL    TRANFRS/     REVISED                                    AVAILABLE    PCT0100     GENERAL FUND                          APPROP     ADJSTMTS      BUDGET   YTD EXPENDED   ENCUMBRANCES        BUDGET      USED
S0511061 519016  CONTSERV                        1,000           0       1,000            .00            .00       1,000.00     .0%S0511062 535019  SPED PRIVA                    988,630           0     988,630     466,000.82            .00     522,629.18   47.1%S0990991 517006  SCHSALRESE                     90,770     -90,770           0            .00            .00            .00     .0%S0991742 541002  BLDG MTC                       80,000         229      80,229      51,533.71       9,146.80      19,548.87   75.6%S0991742 545004  EMERG EXP                      30,000           0      30,000       9,000.00            .00      21,000.00   30.0%S1011012 535002  ORIENTATIO                      1,000           0       1,000            .00            .00       1,000.00     .0%S1011012 535003  DUES/MTGS                       6,500      13,500      20,000       6,311.00            .00      13,689.00   31.6%S1011012 535005  CLASS ADS                       1,000           0       1,000       1,160.38            .00        -160.38  116.0%S1011012 545001  GEN SUPPLI                        100           0         100          54.55            .00          45.45   54.6%S1011021 511001  SUPT SALAR                    177,000           0     177,000     174,000.00            .00       3,000.00   98.3%S1011021 511002  ASST/SECRE                    161,879      15,155     177,034     189,509.64            .00     -12,475.88  107.0%S1011021 513002  BH SEC OT                         800           0         800            .00            .00         800.00     .0%S1011022 534400  POSTAGE                         5,350       1,000       6,350          58.07       5,291.93       1,000.00   84.3%S1011022 535003  DUES/MTGS                       8,000      -3,585       4,415       3,521.00            .00         894.20   79.7%S1011022 545001  GEN SUPPLI                      1,500       3,655       5,155         490.20         149.38       4,515.45   12.4%S1011031 511001  BUS MAN SA                    110,000           0     110,000     102,068.96            .00       7,931.04   92.8%S1011031 511002  BUS OFF SA                    106,500           0     106,500     105,334.66            .00       1,165.34   98.9%S1011032 535006  CONT SERV                       7,000           0       7,000      27,768.75         975.00     -21,743.75  410.6%S1011032 535030  TECH SUPPO                      1,600         218       1,818       1,265.24            .00         552.40   69.6%S1011032 545001  GEN SUPPLI                      2,000           0       2,000         234.00       5,600.00      -3,834.00  291.7%S1011521 511003  SAL STAFF                     114,250           0     114,250     117,100.00            .00      -2,850.00  102.5%S1011521 519003  WEBSTIPEND                     11,200           0      11,200       9,380.00            .00       1,820.00   83.8%S1511062 535011  HOSP TUTOR                     10,000       7,999      17,999      12,076.23       5,923.13            .00  100.0%S1511062 535012  CONT SERV                     103,000       2,500     105,500     204,757.65       1,262.40    -100,520.05  195.3%S1511062 535013  CONTR EVAL                      5,000      -1,842       3,158       2,900.00            .00         258.27   91.8%S1990522 535006  CONT SERV                     156,950     -13,500     143,450     132,418.30            .00      11,031.70   92.3%S1990522 545001  GEN SUPPLI                      3,000           0       3,000            .00            .00       3,000.00     .0%S1990991 519103  STIPENDS                       30,561           0      30,561      32,867.00            .00      -2,306.00  107.5%S1991742 521012  FUEL OIL                        4,200           0       4,200       1,719.56            .00       2,480.44   40.9%S1991742 521025  NAT GAS                       145,000      11,024     156,024      92,495.36      17,968.44      45,560.42   70.8%S2011051 511001  STUD SERV                     150,162           0     150,162     150,162.00            .00            .00  100.0%S2014081 511001  ES PRINCIP                    241,000           0     241,000     243,938.70            .00      -2,938.70  101.2%S2014081 511002  ES ADM SEC                     60,783           0      60,783      59,534.44            .00       1,248.91   97.9%S2014081 511102  ES CLERK/T                          0           0           0         549.40            .00        -549.40  100.0%S2014081 513002  ES SEC OVE                        800           0         800            .00            .00         800.00     .0%S2014082 545002  OFF SUPP                        3,450           0       3,450       3,442.91            .00           7.09   99.8%S2015081 511001  MS PRINCIP                    187,875           0     187,875     190,005.50            .00      -2,130.50  101.1%S2015081 511002  MS ADM SEC                     51,973      -9,664      42,309      37,816.35            .00       4,492.70   89.4%S2015081 511102  MS CLK/TYP                     18,623           0      18,623      18,682.14            .00         -58.81  100.3%S2015081 513002  MS SEC OVE                        800           0         800            .00            .00         800.00     .0%S2015082 545002  OFF SUPP                        2,518           0       2,518         799.97            .00       1,718.03   31.8%S2016081 511001  HS PRINCIP                    187,437       9,664     197,101     203,235.50            .00      -6,134.55  103.1%S2016081 511002  HS ADM SEC                     51,973           0      51,973      38,249.03            .00      13,723.97   73.6%S2016081 511102  HS CLK/TYP                     18,623           0      18,623      18,249.55            .00         373.78   98.0%
===PAGE===
TOWN OF LUNENBURG
YEAR-TO-DATE BUDGET REPORT
Report generated: 09/01/2026 18:56User:             kbarrettProgram ID:       glytdbud
Page     13
                                                                                                         
  FOR 2026 12
ACCOUNTS FOR:                                 ORIGINAL    TRANFRS/     REVISED                                    AVAILABLE    PCT0100     GENERAL FUND                          APPROP     ADJSTMTS      BUDGET   YTD EXPENDED   ENCUMBRANCES        BUDGET      USED
S2016081 513002  HS SEC OVE                        800           0         800            .00            .00         800.00     .0%S2016082 535003  DUES/MTGS                       2,400         -28       2,372            .00            .00       2,371.77     .0%S2016082 545002  OFF SUPP                        2,938          28       2,966       2,905.93            .00          60.30   98.0%S2022711 511003  PS LONG SU                     15,000      -7,075       7,925      10,265.00            .00      -2,340.00  129.5%S2022711 512103  PS SUBS                         4,000      15,733      19,733      20,375.48            .00        -642.80  103.3%S2032101 511001  KIND TEACH                    446,662           0     446,662     401,693.69            .00      44,968.31   89.9%S2032121 511103  KINDAIDREG                          0           0           0      93,691.03            .00     -93,691.03  100.0%S2032131 511203  KINDPARREG                          0           0           0       5,373.12            .00      -5,373.12  100.0%S2032711 511003  KIND LONG                      15,000     -15,000           0            .00            .00            .00     .0%S2032711 512103  KIND SUBS                       4,000      -1,601       2,399       2,399.00            .00            .00  100.0%S2042412 555006  ART SUPPLI                        795          -8         787         787.26            .00            .06  100.0%S2044061 511023  PSYCHSALAR                     98,784           0      98,784     101,510.00            .00      -2,726.00  102.8%S2044101 511001  ES TEACHER                  1,552,471           0   1,552,471   1,556,544.17            .00      -4,073.17  100.3%S2044102 545001  GEN SUPPLI                     11,034           0      11,034      10,966.29            .00          67.71   99.4%S2044282 555001  WORKBOOKS                      11,341           0      11,341       9,067.58            .00       2,273.42   80.0%S2044302 555004  READ SUPPL                        609           0         609         549.63            .00          59.37   90.3%S2044312 555003  MATH SUPPL                         44           0          44          26.64            .00          17.36   60.5%S2044332 555002  SCI SUPP                        5,484           0       5,484      11,932.23            .00      -6,448.23  217.6%S2044352 555014  SOC STUDIE                        123           0         123         106.98            .00          16.02   87.0%S2044412 555006  ART SUPPLI                      1,094        -550         544         399.47            .00         144.53   73.4%S2044522 535006  CONT SERV                      22,775           0      22,775      24,671.33            .00      -1,896.33  108.3%S2044591 511001  ES LIBRARI                     50,555           0      50,555      50,555.00            .00            .00  100.0%S2044592 555039  LIBR EXP                        2,080           0       2,080            .00            .00       2,080.00     .0%S2044602 555041  AV SUPPLIE                      1,150           0       1,150         962.49            .00         187.51   83.7%S2044622 555005  PHYS ED SU                          0         550         550         527.08            .00          22.92   95.8%S2044651 511024  SOCWORKSAL                     92,939           0      92,939      92,939.00            .00            .00  100.0%S2044652 555044  GUID SUPPL                        495           0         495         372.23            .00         122.77   75.2%S2044711 511003  ES LONG TE                      3,000      15,496      18,496      18,496.00            .00            .00  100.0%S2044711 512103  ES REG SUB                     12,000       9,223      21,223      22,703.32            .00      -1,480.65  107.0%S2055061 511023  PSYCHSALAR                     45,106           0      45,106      45,305.97            .00        -199.97  100.4%S2055101 511001  MS TEACHER                  2,038,757           0   2,038,757   2,022,044.44            .00      16,712.56   99.2%S2055102 545001  GEN SUPPLI                      6,439           0       6,439       4,543.03            .00       1,895.97   70.6%S2055282 555001  WORKBOOKS                         375           0         375         296.35            .00          78.65   79.0%S2055292 555053  ENG SUPP                          962           0         962         834.06            .00         127.94   86.7%S2055312 555003  MATH SUPPL                      1,576           0       1,576       1,211.89            .00         364.11   76.9%S2055332 555002  SCI SUPP                        1,521           0       1,521         817.04            .00         703.96   53.7%S2055352 555014  SOC STUDIE                      6,082           0       6,082       4,559.52            .00       1,522.48   75.0%S2055402 555009  TECH ED SU                        239           0         239         199.65            .00          39.35   83.5%S2055412 555006  ART SUPPLI                      8,000           0       8,000       7,145.98            .00         854.02   89.3%S2055452 535014  REGRS ACAD                      1,000           0       1,000       1,000.00            .00            .00  100.0%S2055522 535006  CONT SERV                       2,074           0       2,074            .00            .00       2,073.79     .0%S2055572 555012  HLTH SUPPL                        397           0         397         389.79            .00           7.21   98.2%S2055582 555011  PERIODICAL                      1,275           0       1,275       1,252.68            .00          22.32   98.2%S2055591 511001  MS LIBRARI                     53,405           0      53,405      53,924.99            .00        -519.99  101.0%
===PAGE===
TOWN OF LUNENBURG
YEAR-TO-DATE BUDGET REPORT
Report generated: 09/01/2026 18:56User:             kbarrettProgram ID:       glytdbud
Page     14
                                                                                                         
  FOR 2026 12
ACCOUNTS FOR:                                 ORIGINAL    TRANFRS/     REVISED                                    AVAILABLE    PCT0100     GENERAL FUND                          APPROP     ADJSTMTS      BUDGET   YTD EXPENDED   ENCUMBRANCES        BUDGET      USED
S2055592 555039  LIBR EXP                          354           0         354         351.61            .00           2.39   99.3%S2055632 555008  BAND/MUSIC                      1,300           0       1,300       1,293.73            .00           6.27   99.5%S2055651 511001  MS GUIDANC                    147,680     -16,170     131,509      97,988.36            .00      33,520.77   74.5%S2055651 511024  SOCWORKSAL                     92,939           0      92,939      63,214.00            .00      29,725.00   68.0%S2055652 555044  GUID SUPPL                        264           0         264            .00            .00         264.00     .0%S2055711 511003  MS LONG TE                      3,000       3,235       6,235       7,273.00            .00      -1,038.00  116.6%S2055711 512103  MS REG SUB                     11,000      21,230      32,230      33,726.45            .00      -1,496.00  104.6%S2066061 511023  PSYCHSALAR                     45,106           0      45,106      45,306.03            .00        -200.03  100.4%S2066081 511019  SAL SCH ST                          0           0           0       1,249.00            .00      -1,249.00  100.0%S2066082 535008  GRAD EXP                       10,378         -45      10,333      10,017.87         275.00          40.13   99.6%S2066082 535009  ACCRED EXP                      4,700          45       4,745       4,745.00            .00            .00  100.0%S2066101 511001  HS TEACHER                  2,719,099           0   2,719,099   2,791,452.42            .00     -72,353.42  102.7%S2066102 545001  GEN SUPPLI                     11,281           0      11,281      10,709.40            .00         571.60   94.9%S2066292 555023  ENG PERIOD                         86           0          86          84.00            .00           2.00   97.7%S2066292 555053  ENG SUPP                        1,254           0       1,254       1,205.72            .00          48.28   96.1%S2066312 535020  DUES/FEES                       1,687           0       1,687         626.10            .00       1,060.90   37.1%S2066312 555003  MATH SUPPL                      1,019           0       1,019         935.39            .00          83.61   91.8%S2066332 555002  SCI SUPP                       15,985           0      15,985      14,542.33            .00       1,442.67   91.0%S2066352 555014  SOC STUDIE                      1,376           0       1,376       1,105.82            .00         270.18   80.4%S2066362 555022  WRLD LANG                         633           0         633         606.00            .00          27.00   95.7%S2066362 555026  WRLD LANGU                        271           0         271         222.67            .00          48.33   82.2%S2066402 555017  IND ART SU                      2,875           0       2,875       2,678.35            .00         196.65   93.2%S2066412 555006  ART SUPPLI                     19,090           0      19,090      18,831.51            .00         258.49   98.6%S2066432 555032  ENG BOOKS                       2,875           0       2,875       2,311.94            .00         563.06   80.4%S2066432 555034  WRLD LANG                       1,206           0       1,206       1,020.21            .00         185.79   84.6%S2066502 535015  PD EXPENSE                      1,800           0       1,800            .00            .00       1,800.00     .0%S2066511 519103  HS DEPT HD                     28,187           0      28,187      25,375.40            .00       2,811.60   90.0%S2066522 535006  CONT SERV                      17,752           0      17,752      17,751.97            .00            .03  100.0%S2066552 555015  HLTH/HUMAN                      2,713           0       2,713       2,686.94            .00          26.06   99.0%S2066552 555025  HLTH PERIO                        115           0         115            .00            .00         115.00     .0%S2066591 511001  HS LIBRARI                     53,405           0      53,405      53,925.01            .00        -520.01  101.0%S2066592 555039  LIBR EXP                          500           0         500         499.79            .00            .21  100.0%S2066602 555041  AV SUPPLIE                        299           0         299         272.94            .00          26.06   91.3%S2066602 555043  WRLD LANG                       1,230           0       1,230       1,138.74            .00          91.26   92.6%S2066632 535020  DUES/FEES                       1,438           0       1,438         925.00            .00         513.00   64.3%S2066632 555028  MUSIC BAND                          0           4           4            .00            .00           4.06     .0%S2066651 511001  HS GUIDANC                    209,884       9,253     219,137     258,980.00            .00     -39,843.06  118.2%S2066651 511002  HS GUID SE                          0      42,967      42,967      43,980.44            .00      -1,013.52  102.4%S2066651 511003  HS SUM GUI                      5,592           0       5,592       1,812.47            .00       3,779.95   32.4%S2066651 511024  SOCWORKSAL                     90,212           0      90,212      20,876.74            .00      69,335.26   23.1%S2066652 555044  GUID SUPPL                      6,954        -246       6,708       6,217.33            .00         490.94   92.7%S2066652 555045  LSE SOFTWA                     13,800         246      14,046      14,045.73            .00            .00  100.0%S2066711 511003  HS LONG TE                      3,000      -2,956          44            .00            .00          44.00     .0%S2066711 512103  HS REG SUB                     27,000       2,708      29,708      29,708.35            .00            .00  100.0%
===PAGE===
TOWN OF LUNENBURG
YEAR-TO-DATE BUDGET REPORT
Report generated: 09/01/2026 18:56User:             kbarrettProgram ID:       glytdbud
Page     15
                                                                                                         
  FOR 2026 12
ACCOUNTS FOR:                                 ORIGINAL    TRANFRS/     REVISED                                    AVAILABLE    PCT0100     GENERAL FUND                          APPROP     ADJSTMTS      BUDGET   YTD EXPENDED   ENCUMBRANCES        BUDGET      USED
S2072061 511023  PSYCHSALAR                     98,784           0      98,784            .00            .00      98,784.00     .0%S2072081 511001  PS PRINC                      210,898           0     210,898     210,898.00            .00            .00  100.0%S2072081 511002  PS ADM SEC                     59,967           0      59,967      59,577.25            .00         390.11   99.3%S2072081 513002  PS SEC OVE                        800           0         800            .00            .00         800.00     .0%S2072082 545002  OFF SUPP                        3,703           0       3,703       2,717.98         983.18           1.84  100.0%S2072101 511001  PS TEACH R                  1,172,728           0   1,172,728   1,095,292.39            .00      77,436.07   93.4%S2072102 545001  GEN SUPPLI                     14,152        -100      14,052      14,051.94            .00            .24  100.0%S2072282 555001  WORKBOOKS                       8,104       4,223      12,326      12,326.24            .00            .00  100.0%S2072302 555004  READ SUPPL                      1,260       2,000       3,260       3,120.54         134.67           5.19   99.8%S2072312 555003  MATH SUPPL                        109        -109           0            .00            .00            .00     .0%S2072332 555002  SCI SUPP                        5,222      -2,000       3,222       3,217.66            .00           4.34   99.9%S2072522 535006  CONT SERV                      28,252           0      28,252      27,883.03         366.84           2.13  100.0%S2072592 555011  PERIODICAL                         69         -69           0            .00            .00            .00     .0%S2072592 555039  LIBR EXP                          288         -68         219         219.36            .00            .00  100.0%S2072651 511024  SOCWORKSAL                     92,939           0      92,939      92,939.00            .00            .00  100.0%S2072652 555044  GUID SUPPL                        242          -2         239         208.43            .00          31.01   87.0%S2077591 511003  PSLIBRARIA                     50,555           0      50,555      50,555.00            .00            .00  100.0%S2510042 545001  GEN SUPPLI                      8,000           0       8,000       3,070.06          16.95       4,912.99   38.6%S2510061 511001  DWSPECIALI                    185,878           0     185,878     183,151.00            .00       2,727.00   98.5%S2511051 511002  SPED CLERI                     68,171           0      68,171      77,975.80            .00      -9,804.56  114.4%S2511052 545001  GEN SUPPLI                        800           0         800         739.67            .00          60.33   92.5%S2511061 511001  SPEC SAL                      195,946           0     195,946     179,825.18            .00      16,120.82   91.8%S2511061 511003  SUMMER SAL                     70,050           0      70,050      69,795.64            .00         254.36   99.6%S2511061 511025  ACERESROOM                     95,659           0      95,659      92,939.00            .00       2,720.00   97.2%S2511062 511001  SAL CLERIC                     16,800           0      16,800      11,986.00            .00       4,814.00   71.3%S2511062 531067  COMPCONTSE                      6,000           0       6,000       4,892.73            .00       1,107.27   81.5%S2511062 535004  COUNS/LEGA                     25,000           0      25,000       5,025.00            .00      19,975.00   20.1%S2511062 535007  COLL FEES                       2,500           0       2,500       2,500.00            .00            .00  100.0%S2511062 545001  ACESUPPLIE                     12,000           0      12,000       3,333.30         377.94       8,288.76   30.9%S2511131 511203  PARAPROFES                     43,742      19,199      62,941      68,314.44            .00      -5,373.12  108.5%S2512052 555055  SPEDINSTRM                      1,531         462       1,993       1,923.38            .00          69.34   96.5%S2512061 511001  PS SPED TE                    635,488           0     635,488     574,904.55            .00      60,583.45   90.5%S2512131 511203  PSSPEDPARA                    424,416      16,913     441,328     464,971.36            .00     -23,642.94  105.4%S2512711 512103  PS SPED SU                     20,000         -89      19,911      21,311.10            .00      -1,400.50  107.0%S2514052 555055  SPEDINSTRM                          0           0           0       1,310.96            .00      -1,310.96  100.0%S2514061 511001  ES SPED RE                    344,938           0     344,938     339,902.21            .00       5,035.79   98.5%S2514131 511203  ESSPEDPARA                    225,152      33,623     258,776     286,937.53            .00     -28,162.02  110.9%S2514711 511003  ES LONG TE                          0         600         600            .00            .00         600.00     .0%S2514711 512203  ES SPED SU                     15,500       2,893      18,393      10,696.63            .00       7,696.21   58.2%S2515052 555055  SPEDINSTRM                      1,896           0       1,896          22.20            .00       1,873.80    1.2%S2515061 511001  MS SPED RE                    453,676           0     453,676     439,142.35            .00      14,533.65   96.8%S2515131 511203  MSSPEDPARA                    373,590      -4,220     369,370     394,175.83            .00     -24,806.28  106.7%S2515711 512203  MS SPED SU                      8,500      -1,643       6,857       6,680.35            .00         176.45   97.4%S2516052 555055  SPEDINSTRM                      3,144           0       3,144            .00            .00       3,144.00     .0%
===PAGE===
TOWN OF LUNENBURG
YEAR-TO-DATE BUDGET REPORT
Report generated: 09/01/2026 18:56User:             kbarrettProgram ID:       glytdbud
Page     16
                                                                                                         
  FOR 2026 12
ACCOUNTS FOR:                                 ORIGINAL    TRANFRS/     REVISED                                    AVAILABLE    PCT0100     GENERAL FUND                          APPROP     ADJSTMTS      BUDGET   YTD EXPENDED   ENCUMBRANCES        BUDGET      USED
S2516061 511001  HS SPED RE                    449,087     -81,076     368,011     364,666.67            .00       3,344.37   99.1%S2516131 511203  HSSPEDPARA                    275,473       7,562     283,034     312,067.53            .00     -29,033.22  110.3%S2516711 511003  HS SPED LT                          0           0           0       1,500.00            .00      -1,500.00  100.0%S2516711 512203  HS SPED SU                      8,500           0       8,500       8,907.65            .00        -407.65  104.8%S2991502 535015  PD EXPENSE                     40,000           0      40,000      49,738.20         475.00     -10,213.20  125.5%S2991522 535006  CONT SERV                       4,276           0       4,276       2,457.00            .00       1,819.00   57.5%S2991522 555038  COMP SUPP                      10,006           0      10,006       3,610.35         266.39       6,129.26   38.7%S2991742 545003  GRNDS SUPP                     59,000      -9,063      49,937      38,554.77            .00      11,381.78   77.2%S2991992 571000  MILEAGE                           500           0         500       2,976.80            .00      -2,476.80  595.4%S2996101 511001  INST SE DI                    128,000       5,507     133,507     137,931.31            .00      -4,423.88  103.3%S2996101 511033  CCLT/CCL                        6,048           0       6,048            .00            .00       6,048.00     .0%S3042561 511003  PS NURSES                      74,510           0      74,510      74,510.00            .00            .00  100.0%S3044561 511003  ES NURSES                      79,028           0      79,028      79,028.00            .00            .00  100.0%S3055561 511003  MS NURSES                      73,153           0      73,153      81,286.00            .00      -8,133.00  111.1%S3066561 511003  HS NURSES                      75,412           0      75,412      75,412.00            .00            .00  100.0%S3066671 511026  ADSALARY                       74,406           0      74,406      74,406.00            .00            .00  100.0%S3066671 511029  ATHTRAINER                     66,200           0      66,200      66,199.91            .00            .09  100.0%S3066671 511032  ATHSEC                         20,407           0      20,407            .00            .00      20,407.00     .0%S3066671 514003  SPEC DETAI                      7,100       2,514       9,614       9,614.04            .00            .00  100.0%S3066671 519003  ATH COACHE                    159,444           0     159,444     145,882.00            .00      13,562.00   91.5%S3066671 519104  UNIFSPORTS                      3,812           0       3,812       1,103.00            .00       2,709.00   28.9%S3066672 535016  TRANSPORTA                    127,550     -12,479     115,071      87,126.00      23,523.50       4,421.01   96.2%S3066672 535018  ATH INS                        29,000     -20,000       9,000       8,980.00            .00          20.00   99.8%S3066672 535020  DUES/FEES                           0      29,965      29,965      21,481.00            .00       8,484.45   71.7%S3066672 555048  EQUIP RECO                     10,000      -1,708       8,292       3,649.30            .00       4,642.76   44.0%S3066672 555050  NEW EQUIP                       6,000       1,708       7,708       6,391.00            .00       1,316.94   82.9%S3066681 519003  FRESH COAC                     14,415           0      14,415      14,678.00            .00        -263.00  101.8%S3066701 519003  HS ADVISOR                     11,334           0      11,334      14,729.00            .00      -3,395.00  130.0%S3511062 545001  GEN SUPPLI                      3,000           0       3,000            .00            .00       3,000.00     .0%S3512061 511001  PS PATH SA                    148,028           0     148,028     148,027.76            .00           -.16  100.0%S3514061 511001  ES SPEECH                      81,483           0      81,483      81,482.72            .00            .08  100.0%S3515061 511001  MS SPEECH                      36,085           0      36,085      36,084.76            .00            .04  100.0%S3516061 511001  HS PATHOLO                     36,085           0      36,085      36,084.76            .00            .04  100.0%S3991561 519005  COOR STIPE                      3,154           0       3,154       2,341.56            .00         812.44   74.2%S3991562 531006  PURCH SERV                      7,115           0       7,115            .00            .00       7,115.00     .0%S3991562 535017  PHYS STIPE                      3,500           0       3,500       3,500.00            .00            .00  100.0%S3991562 545002  OFF SUPP                        4,300           0       4,300       4,293.77            .00           6.23   99.9%S3991562 575001  TRAV/OTHER                        620           0         620         620.00            .00            .00  100.0%S3991692 535025  REG TRANS                     965,500      11,000     976,500     976,500.00            .00            .00  100.0%S3991692 535026  SPED TRANS                    565,734           1     565,735     620,025.37      13,265.28     -67,555.39  111.9%S3991742 521006  SEWER DISP                     50,000           0      50,000      23,396.82            .00      26,603.18   46.8%S3991742 521011  ELEC CHGS                     265,000       6,132     271,132     319,108.72      62,362.13    -110,338.43  140.7%S3991742 521013  RUBBH CHG                      26,000           0      26,000      20,944.15       1,928.00       3,127.85   88.0%S3991742 521014  TEL CHGS                       21,700         373      22,073      14,788.61            .00       7,284.26   67.0%
===PAGE===
TOWN OF LUNENBURG
YEAR-TO-DATE BUDGET REPORT
Report generated: 09/01/2026 18:56User:             kbarrettProgram ID:       glytdbud
Page     17
                                                                                                         
  FOR 2026 12
ACCOUNTS FOR:                                 ORIGINAL    TRANFRS/     REVISED                                    AVAILABLE    PCT0100     GENERAL FUND                          APPROP     ADJSTMTS      BUDGET   YTD EXPENDED   ENCUMBRANCES        BUDGET      USED
S3991742 523001  WATER CHGS                     35,000           0      35,000      27,290.15       5,770.00       1,939.85   94.5%S3991742 535051  TELE MTC                        1,550           0       1,550            .00            .00       1,550.00     .0%S4011012 535004  COUNS/LEGA                     35,000         411      35,411      13,094.16       8,287.50      14,029.59   60.4%S4011742 535006  CONT SERV                      21,730      16,598      38,328      34,336.02            .00       3,992.43   89.6%S4044741 511003  ES CUSTODI                    108,378       6,720     115,097     118,282.04            .00      -3,184.97  102.8%S4044741 513003  OVERTIME                        6,500           0       6,500       3,050.42            .00       3,449.58   46.9%S4055632 525001  REP MUSIC                       1,800           0       1,800       1,177.00            .00         623.00   65.4%S4055741 511003  MS CUSTODI                    132,659      -6,720     125,940     123,965.33            .00       1,974.51   98.4%S4055741 513003  OT MS CUST                      6,500           0       6,500       4,489.99            .00       2,010.01   69.1%S4066622 525010  REPPEEQUIP                      1,150           0       1,150         981.42            .00         168.58   85.3%S4066632 525001  REP MUSIC                       1,000           0       1,000         890.00            .00         110.00   89.0%S4066741 511003  HS CUSTODI                    137,940      -7,231     130,708     125,379.10            .00       5,329.39   95.9%S4066741 513003  OT HS CUST                      6,500           0       6,500       4,490.18            .00       2,009.82   69.1%S4072322 525003  REP OFF MA                        690        -105         585         584.86            .00            .00  100.0%S4072741 511003  PRIM CUSTO                     92,480       7,231      99,711     102,732.75            .00      -3,022.01  103.0%S4072741 513003  PS OVERTIM                      6,500           0       6,500       3,343.67            .00       3,156.33   51.4%S4990522 535006  CONT SERV                      72,158           0      72,158      53,518.24          75.00      18,564.76   74.3%S4991522 525008  COMP MTC                        4,500           0       4,500         964.00            .00       3,536.00   21.4%S4991741 511003  MTC SYSTEM                    261,826        -115     261,711     262,081.88            .00        -370.50  100.1%S4991741 513003  MTC OVERTI                     13,000          73      13,073      13,072.58            .00            .00  100.0%S4991741 519003  CLOTH ALLO                      6,278          42       6,320       6,320.00            .00            .00  100.0%S4991742 541001  CUST SUPPL                     75,000           0      75,000      58,405.71            .00      16,594.29   77.9%S4991762 524100  VEH MTC                        19,000           0      19,000      15,323.50            .00       3,676.50   80.7%S5511062 535023  COLL TUITI                    302,663           0     302,663     678,062.05      58,708.07    -434,107.56  243.4%S5991742 525009  FIRE/FURNI                     24,005           0      24,005       5,358.00            .00      18,647.00   22.3%S5991742 525011  REP EQ MTC                      5,000           0       5,000       2,569.21            .00       2,430.79   51.4%S5991992 570001  HEALTH INS                  3,701,195           0   3,701,195   3,622,881.65            .00      78,313.35   97.9%S5991992 570008  UNEMPLOY C                     51,063           0      51,063      22,373.00            .00      28,690.00   43.8%S7511062 585001  SPED EQUIP                      7,000           0       7,000      17,682.19            .00     -10,682.19  252.6%S7991082 525012  MTC & LEAS                     85,000       1,116      86,116      65,907.83         938.94      19,268.95   77.6%S7991102 585003  NEW EQ/SYS                     26,045           0      26,045      40,420.79       2,450.19     -16,825.98  164.6%S7991522 525013  COMP LEASE                    243,450       1,108     244,558     251,338.16       1,414.23      -8,194.14  103.4%S7991742 585004  CAP IMPROV                     45,000           0      45,000      45,000.00            .00            .00  100.0%S8511062 555007  TEST MATER                      7,575           0       7,575       6,280.63            .00       1,294.37   82.9%
     TOTAL SCHOOL DEPARTMENT                26,247,474      85,090  26,332,564  25,613,679.23     236,783.89     482,101.12   98.2%
301 SCHOOL NON-RECURRING EXPENSES         
13012 555027  CURR ADOPT                        40,000      -4,223      35,777      43,639.08      10,000.00     -17,861.67  149.9%
     TOTAL SCHOOL NON-RECURRING EXPENSES        40,000      -4,223      35,777      43,639.08      10,000.00     -17,861.67  149.9%
310 MONTY TECH ASSESSMENT                 
===PAGE===
TOWN OF LUNENBURG
YEAR-TO-DATE BUDGET REPORT
Report generated: 09/01/2026 18:56User:             kbarrettProgram ID:       glytdbud
Page     18
                                                                                                         
  FOR 2026 12
ACCOUNTS FOR:                                 ORIGINAL    TRANFRS/     REVISED                                    AVAILABLE    PCT0100     GENERAL FUND                          APPROP     ADJSTMTS      BUDGET   YTD EXPENDED   ENCUMBRANCES        BUDGET      USED
13102 532000  MONTY TECH                     1,334,521           0   1,334,521   1,334,521.00            .00            .00  100.0%
     TOTAL MONTY TECH ASSESSMENT             1,334,521           0   1,334,521   1,334,521.00            .00            .00  100.0%
411  HIGHWAY CONSTRUCTION & MAINTE        
14112 521016  HIRED EQUI                           750        -750           0            .00            .00            .00     .0%14112 521017  DRAINAGE                          75,000      17,571      92,571      89,070.68       3,500.00            .00  100.0%14112 531006  PURCH SERV                        45,000     -16,583      28,417      23,898.27       4,518.50            .00  100.0%14112 531039  LANDFILL M                         9,000         820       9,820       9,820.00            .00            .00  100.0%14112 531061  ENG SERV                          10,000       5,999      15,999      15,999.18            .00            .00  100.0%14112 531072  LAKESHIRLE                        10,000        -875       9,125       9,125.00            .00            .00  100.0%14112 531073  STLIGHTS                          30,000      -5,603      24,397      24,397.24            .00            .00  100.0%14112 535052  STORMWATER                       110,000      -4,834     105,166     105,166.38            .00            .00  100.0%14112 535069  ADAPROW                           30,000     -30,000           0            .00            .00            .00     .0%14112 540000  OFF SUPPLI                         1,100           0       1,100         392.19         523.31         184.50   83.2%14112 541018  SUPPLIES                          35,000     -15,838      19,162      18,432.38         730.03            .00  100.0%14112 587046  PAVEPLAN                         279,000      24,412     303,412     301,725.76       1,686.09            .00  100.0%
     TOTAL  HIGHWAY CONSTRUCTION & MAINTE      634,850     -25,680     609,170     598,027.08      10,957.93         184.50  100.0%
421 HIGHWAY ADMINISTRATION                
14211 511000  HIGH SUPER                        68,966           0      68,966      67,644.95            .00       1,321.27   98.1%14211 511001  HIGH CLERI                        68,683         897      69,580      69,579.66            .00            .00  100.0%14211 511003  HGHY LABOR                       344,926     -13,088     331,838     319,800.08            .00      12,037.85   96.4%14211 511013  DPW DIR SA                       121,668       7,127     128,794     128,725.20            .00          69.20   99.9%14211 513000  SAL OVERTI                        15,000      -1,090      13,910      11,170.74            .00       2,739.28   80.3%14211 514002  LONGEVITY                          5,400           0       5,400       5,400.00            .00            .00  100.0%14211 519005  ON CALL ST                         6,500       1,090       7,590       7,589.98            .00            .00  100.0%14211 519010  EVAL STIPE                         5,600           0       5,600       4,550.00            .00       1,050.00   81.3%14212 558000  UNIFORM AL                         7,700        -199       7,501       6,859.47         527.81         114.19   98.5%
     TOTAL HIGHWAY ADMINISTRATION              644,443      -5,263     639,180     621,320.08         527.81      17,331.79   97.3%
423 SNOW REMOVAL                          
14231 513000  SNOW REMOV                        23,420           0      23,420     126,286.35            .00    -102,865.96  539.2%
===PAGE===
TOWN OF LUNENBURG
YEAR-TO-DATE BUDGET REPORT
Report generated: 09/01/2026 18:56User:             kbarrettProgram ID:       glytdbud
Page     19
                                                                                                         
  FOR 2026 12
ACCOUNTS FOR:                                 ORIGINAL    TRANFRS/     REVISED                                    AVAILABLE    PCT0100     GENERAL FUND                          APPROP     ADJSTMTS      BUDGET   YTD EXPENDED   ENCUMBRANCES        BUDGET      USED
14232 531003  CONTR SERV                       114,500     381,730     496,230     496,230.00            .00            .00  100.0%14232 531006  PURCH SERV                         5,000        -319       4,681       4,362.42            .00         318.79   93.2%14232 531029  SUPP SNOW                        205,151     138,589     343,740     402,039.54            .00     -58,299.75  117.0%14232 531030  HIRED SNOW                         7,500           0       7,500       9,174.15            .00      -1,674.15  122.3%
     TOTAL SNOW REMOVAL                        355,571     520,000     875,571   1,038,092.46            .00    -162,521.07  118.6%
425 TRAFFIC SIGNS & DEVICES               
14252 521011  ELEC CHGS                          1,000         349       1,349       1,094.31          16.34         238.20   82.3%14252 521018  LINE PAINT                        17,500     -17,500           0            .00            .00            .00     .0%14252 531006  PURCH SERV                             0           3           3           2.59            .00            .00  100.0%14252 541018  SUPPLIES                          10,000       6,284      16,284      15,738.16         546.10            .00  100.0%
     TOTAL TRAFFIC SIGNS & DEVICES              28,500     -10,864      17,636      16,835.06         562.44         238.20   98.6%
429 VEHICLE MAINTENANCE                   
14292102 531006  PURCH SERV                      9,000        -210       8,790       8,011.28            .00         778.84   91.1%14292102 541018  SUPPLIES                       18,000           0      18,000      13,660.01            .00       4,339.99   75.9%14292102 541019  FUEL CHARG                     40,000           0      40,000      32,089.20            .00       7,910.80   80.2%14292202 531006  PURCH SERV                     17,000       2,500      19,500      16,761.02       1,272.80       1,466.18   92.5%14292202 541018  SUPPLIES                       15,000       5,495      20,495      14,823.03       2,830.13       2,841.84   86.1%14292202 541019  FUEL CHARG                     18,000      -1,976      16,024      16,024.25            .00            .00  100.0%14294002 531006  PURCH SERV                      5,000      25,274      30,274       5,931.23      26,247.13      -1,904.38  106.3%14294002 541011  VEH TOOLS                         750         199         949         949.37            .00            .00  100.0%14294002 541018  SUPPLIES                       25,000      -1,251      23,749      23,749.40            .00            .00  100.0%14294002 541019  FUEL CHARG                     32,000       7,132      39,132      26,872.69       7,620.94       4,638.16   88.1%
     TOTAL VEHICLE MAINTENANCE                 179,750      37,164     216,914     158,871.48      37,971.00      20,071.43   90.7%
433 RECYCLING PROGRAM                     
14332 521023  RECYCLING                        456,757           0     456,757     331,303.37     124,077.83       1,375.80   99.7%14332 521026  HOUSEWASTE                         5,889           0       5,889       5,889.00            .00            .00  100.0%14332 573000  DUES/MBRSH                         7,354           0       7,354       7,354.00            .00            .00  100.0%
     TOTAL RECYCLING PROGRAM                   470,000           0     470,000     344,546.37     124,077.83       1,375.80   99.7%
491 CEMETERY DEPARTMENT                   
===PAGE===
TOWN OF LUNENBURG
YEAR-TO-DATE BUDGET REPORT
Report generated: 09/01/2026 18:56User:             kbarrettProgram ID:       glytdbud
Page     20
                                                                                                         
  FOR 2026 12
ACCOUNTS FOR:                                 ORIGINAL    TRANFRS/     REVISED                                    AVAILABLE    PCT0100     GENERAL FUND                          APPROP     ADJSTMTS      BUDGET   YTD EXPENDED   ENCUMBRANCES        BUDGET      USED
14911 511000  CEM SALARY                        74,013        -961      73,052      68,966.13            .00       4,085.78   94.4%14911 512106  SEASONALSA                        14,476      -3,314      11,162      11,099.58            .00          62.46   99.4%14911 513000  O/T CEM SU                         4,000       1,800       5,800       5,427.24            .00         372.76   93.6%14911 514002  LONGEVITY                          1,350           0       1,350       1,350.00            .00            .00  100.0%14911 519010  EVAL STIPE                           800           0         800         800.00            .00            .00  100.0%14912 531006  PURCH SERV                        22,000      -3,365      18,635      17,935.01         700.00            .00  100.0%14912 541018  SUPPLIES                           3,000       9,428      12,428      12,428.40            .00            .00  100.0%14912 541019  FUEL CHARG                         3,500        -596       2,904       2,904.22            .00            .00  100.0%14912 558000  UNIFORM AL                         2,200        -575       1,625       1,624.99            .00            .00  100.0%
     TOTAL CEMETERY DEPARTMENT                 125,339       2,418     127,757     122,535.57         700.00       4,521.00   96.5%
512 GENERAL HEALTH EXPENSE                
15121 511000  BOH SALARI                        52,631           0      52,631      52,630.56            .00            .00  100.0%15121 514002  LONGEVITY                          1,850           0       1,850       1,850.00            .00            .00  100.0%15122 531006  PURCH SERV                            75           0          75            .00            .00          75.00     .0%15122 531031  RABID CONT                           400           0         400            .00            .00         400.00     .0%15122 540000  OFF SUPPLI                           650           0         650         142.99            .00         507.01   22.0%15122 541023  EMER PREP                            500           0         500            .00            .00         500.00     .0%15122 571000  MILEAGE                               25           0          25            .00            .00          25.00     .0%15122 573100  MTGS/SCHOO                           500           0         500            .00            .00         500.00     .0%
     TOTAL GENERAL HEALTH EXPENSE               56,631           0      56,631      54,623.55            .00       2,007.01   96.5%
521 NASHOBA HEALTH                        
15212 560010  NASH HLTH                         47,815           0      47,815      47,815.36            .00            .01  100.0%
     TOTAL NASHOBA HEALTH                       47,815           0      47,815      47,815.36            .00            .01  100.0%
522 NASHOBA NURSING                       
15222 560011  NASH NURS                         21,915           0      21,915      21,915.37            .00            .00  100.0%
     TOTAL NASHOBA NURSING                      21,915           0      21,915      21,915.37            .00            .00  100.0%
524 POLICE/FIRE MEDICAL                   
15242 531035  MED EXP                            4,000         105       4,105       4,104.98            .00            .00  100.0%
===PAGE===
TOWN OF LUNENBURG
YEAR-TO-DATE BUDGET REPORT
Report generated: 09/01/2026 18:56User:             kbarrettProgram ID:       glytdbud
Page     21
                                                                                                         
  FOR 2026 12
ACCOUNTS FOR:                                 ORIGINAL    TRANFRS/     REVISED                                    AVAILABLE    PCT0100     GENERAL FUND                          APPROP     ADJSTMTS      BUDGET   YTD EXPENDED   ENCUMBRANCES        BUDGET      USED
     TOTAL POLICE/FIRE MEDICAL                   4,000         105       4,105       4,104.98            .00            .00  100.0%
525 PHYSICALS                             
15252 531034  PHYSICALS                          3,500        -105       3,395         416.00            .00       2,979.02   12.3%
     TOTAL PHYSICALS                             3,500        -105       3,395         416.00            .00       2,979.02   12.3%
541 COUNCIL ON AGING                      
15411 511000  SNR CTR DI                        87,053       2,583      89,636      88,881.80            .00         754.11   99.2%15411 511001  COA CLERIC                        41,064           0      41,064      40,284.28            .00         780.08   98.1%15411 511002  SALASSTMEA                        19,826       1,254      21,080       4,146.60            .00      16,933.07   19.7%15411 511003  MEAL SITE                         44,254         719      44,973      30,867.35            .00      14,106.10   68.6%15411 511015  OUT WORKER                        51,785      -9,156      42,629      28,909.78            .00      13,719.57   67.8%15412 530000  PROG COA                           8,000       1,500       9,500       7,574.25         577.56       1,348.19   85.8%15412 530100  MOC NUTRIT                           500           0         500         400.00            .00         100.00   80.0%15412 531012  TRAINING                             800           0         800          19.95            .00         780.05    2.5%15412 534500  ADVERTISIN                           500           0         500          30.00            .00         470.00    6.0%15412 540000  OFF SUPPLI                         3,600      12,224      15,824       3,114.11       7,432.09       5,277.84   66.6%15412 571000  MILEAGE                            3,800      -3,000         800            .00            .00         800.00     .0%
     TOTAL COUNCIL ON AGING                    261,182       6,124     267,307     204,228.12       8,009.65      55,069.01   79.4%
543  VETERAN'S SERVICES                   
15431 511000  VET AGENT                         11,000         423      11,423      11,422.89            .00            .00  100.0%15432 531003  CONTR SERV                           449        -423          26            .00            .00          26.11     .0%15432 540000  OFF SUPPLI                           500           0         500         165.98            .00         334.02   33.2%15432 541018  SUPPLIES                           1,750           0       1,750         475.94            .00       1,274.06   27.2%15432 577001  VET BENEFI                        77,000           0      77,000      63,598.36            .00      13,401.64   82.6%
     TOTAL  VETERAN'S SERVICES                  90,699           0      90,699      75,663.17            .00      15,035.83   83.4%
610 LUNENBURG PUBLIC LIBRARY              
16101 511000  LIB DIR SA                        97,076           0      97,076      95,640.04            .00       1,436.39   98.5%
===PAGE===
TOWN OF LUNENBURG
YEAR-TO-DATE BUDGET REPORT
Report generated: 09/01/2026 18:56User:             kbarrettProgram ID:       glytdbud
Page     22
                                                                                                         
  FOR 2026 12
ACCOUNTS FOR:                                 ORIGINAL    TRANFRS/     REVISED                                    AVAILABLE    PCT0100     GENERAL FUND                          APPROP     ADJSTMTS      BUDGET   YTD EXPENDED   ENCUMBRANCES        BUDGET      USED
16101 511002  ASST LIB D                        69,627           0      69,627      66,770.21            .00       2,856.54   95.9%16101 511003  LIB STAFF                        269,513     -19,605     249,907     249,522.99            .00         384.19   99.8%16101 514002  LONGEVITY                              0         850         850         850.00            .00            .00  100.0%16102 521006  SEWER DISP                         1,300           0       1,300         951.00         349.00            .00  100.0%16102 521011  ELEC CHGS                         22,500       7,500      30,000      28,389.59            .00       1,610.41   94.6%16102 521025  NAT GAS                           18,500      -2,468      16,032      14,247.46       1,213.31         570.90   96.4%16102 523001  WATER CHGS                         1,150           0       1,150       1,003.20            .00         146.80   87.2%16102 524300  NETWK MAIN                           500           0         500         239.40            .00         260.60   47.9%16102 524400  BOOK SERV                          4,500           0       4,500       4,476.00            .00          24.00   99.5%16102 530000  PROGRAMS                          16,000           0      16,000      14,144.81       1,771.64          83.55   99.5%16102 531003  CONTR SERV                         2,500           0       2,500       2,095.18            .00         404.82   83.8%16102 531021  CWMARS                            20,571           0      20,571      20,571.00            .00            .00  100.0%16102 540000  OFF SUPPLI                         8,000      14,195      22,195      21,999.83            .00         195.17   99.1%16102 541001  CUST SUPPL                           300           0         300         293.85            .00           6.15   98.0%16102 551000  LIB MATERI                        96,000       6,444     102,444      96,303.03       5,955.25         185.48   99.8%16102 571000  MILEAGE                            4,000           0       4,000       3,946.00            .00          54.00   98.7%
     TOTAL LUNENBURG PUBLIC LIBRARY            632,037       6,915     638,952     621,443.59       9,289.20       8,219.00   98.7%
650 PARKS & RECREATION                    
16501 511000  PARK SUPER                        29,034      -5,826      23,208      13,029.28            .00      10,178.64   56.1%16501 512100  TN BEACH                          24,000       3,540      27,540      27,540.45            .00            .00  100.0%16501 512107  SALPROGRAM                         5,000        -851       4,149            .00            .00       4,148.73     .0%16502 531006  PURCH SERV                        70,000       9,126      79,126      71,415.59       2,889.01       4,821.14   93.9%16502 531043  DEPT EXP                           6,400         337       6,737       1,364.88       1,379.39       3,992.32   40.7%
     TOTAL PARKS & RECREATION                  134,434       6,326     140,759     113,350.20       4,268.40      23,140.83   83.6%
691 HISTORICAL COMMISSION                 
16912 521001  OFFICE EQU                           500           0         500            .00            .00         500.00     .0%16912 540000  OFF SUPPLI                           500           0         500            .00            .00         500.00     .0%
     TOTAL HISTORICAL COMMISSION                 1,000           0       1,000            .00            .00       1,000.00     .0%
693 BAND CONCERTS                         
16932 520000  BAND CONCT                         6,000           0       6,000       6,000.00            .00            .00  100.0%
===PAGE===
TOWN OF LUNENBURG
YEAR-TO-DATE BUDGET REPORT
Report generated: 09/01/2026 18:56User:             kbarrettProgram ID:       glytdbud
Page     23
                                                                                                         
  FOR 2026 12
ACCOUNTS FOR:                                 ORIGINAL    TRANFRS/     REVISED                                    AVAILABLE    PCT0100     GENERAL FUND                          APPROP     ADJSTMTS      BUDGET   YTD EXPENDED   ENCUMBRANCES        BUDGET      USED
     TOTAL BAND CONCERTS                         6,000           0       6,000       6,000.00            .00            .00  100.0%
710 PRINCIPAL SERIAL LOANS                
17102 590001  SER LOAN P                     1,506,369           0   1,506,369   1,506,369.41            .00            .00  100.0%
     TOTAL PRINCIPAL SERIAL LOANS            1,506,369           0   1,506,369   1,506,369.41            .00            .00  100.0%
751 INTEREST SERIAL LOANS                 
17512 590002  SER LOAN I                     1,039,840           0   1,039,840   1,039,840.48            .00            .00  100.0%
     TOTAL INTEREST SERIAL LOANS             1,039,840           0   1,039,840   1,039,840.48            .00            .00  100.0%
754 LOAN ADMINISTRATIVE FEES              
17542 531040  ADMIN FEES                         1,230           0       1,230       1,230.47            .00            .00  100.0%
     TOTAL LOAN ADMINISTRATIVE FEES              1,230           0       1,230       1,230.47            .00            .00  100.0%
820 WRRS ASSESSMENT                       
18202 560001  COUNTY RET                     2,392,572           0   2,392,572   2,392,572.00            .00            .00  100.0%
     TOTAL WRRS ASSESSMENT                   2,392,572           0   2,392,572   2,392,572.00            .00            .00  100.0%
825 STATE ASSESSMENTS                     
18252 560002  MVE SURCHG                        14,920      -1,000      13,920      13,920.00            .00            .00  100.0%18252 560003  MOSQUITO C                        89,897         -24      89,873      89,873.00            .00            .00  100.0%18252 560004  AIR POLLUT                         3,968           0       3,968       3,968.00            .00            .00  100.0%18252 560005  REG TRANS                         77,917           0      77,917      77,917.00            .00            .00  100.0%18252 560007  MBTA                              12,394           0      12,394      12,394.00            .00            .00  100.0%
===PAGE===
TOWN OF LUNENBURG
YEAR-TO-DATE BUDGET REPORT
Report generated: 09/01/2026 18:56User:             kbarrettProgram ID:       glytdbud
Page     24
                                                                                                         
  FOR 2026 12
ACCOUNTS FOR:                                 ORIGINAL    TRANFRS/     REVISED                                    AVAILABLE    PCT0100     GENERAL FUND                          APPROP     ADJSTMTS      BUDGET   YTD EXPENDED   ENCUMBRANCES        BUDGET      USED
18252 560013  CHOICE                           361,043     -36,550     324,493     324,493.00            .00            .00  100.0%18252 560014  CHARTER                          468,390     -55,112     413,278     413,278.00            .00            .00  100.0%
     TOTAL STATE ASSESSMENTS                 1,028,529     -92,686     935,843     935,843.00            .00            .00  100.0%
841 MONTACHUSETT PLANNING COMM            
18412 570007  MONT COMM                          4,478           0       4,478       4,477.98            .00            .00  100.0%
     TOTAL MONTACHUSETT PLANNING COMM            4,478           0       4,478       4,477.98            .00            .00  100.0%
912 WORKERS COMPENSATION                  
19122 570005  WORK COMP                        145,000      -1,800     143,200     123,489.00            .00      19,711.00   86.2%
     TOTAL WORKERS COMPENSATION                145,000      -1,800     143,200     123,489.00            .00      19,711.00   86.2%
913 UNEMPLOYMENT COMPENSATION             
19132 570008  UNEMPLOY C                        10,000       1,800      11,800      22,758.00            .00     -10,958.00  192.9%
     TOTAL UNEMPLOYMENT COMPENSATION            10,000       1,800      11,800      22,758.00            .00     -10,958.00  192.9%
914 INSURANCE                             
19142 570001  HEALTH INS                     1,315,270           0   1,315,270   1,376,557.17            .00     -61,287.11  104.7%19142 570002  LIFE INS                          15,000           0      15,000      12,864.84            .00       2,135.16   85.8%19142 570003  MEDI                             400,000           0     400,000     345,848.60            .00      54,151.40   86.5%19142 570004  INS COST C                         8,000           0       8,000       8,000.00            .00            .00  100.0%19142 570009  TNRETHLTHI                       453,215           0     453,215     593,088.85            .00    -139,874.18  130.9%19142 570016  PEC EXPENS                           500           0         500          49.98            .00         450.02   10.0%19142 570018  SCHRETHLTH                     1,521,536           0   1,521,536   1,262,376.00            .00     259,159.59   83.0%
     TOTAL INSURANCE                         3,713,520           0   3,713,520   3,598,785.44            .00     114,734.88   96.9%
917 PRIOR YEAR EXPENSE                    
19172 575006  PRIORYREXP                             0         266         266         266.00            .00            .00  100.0%
===PAGE===
TOWN OF LUNENBURG
YEAR-TO-DATE BUDGET REPORT
Report generated: 09/01/2026 18:56User:             kbarrettProgram ID:       glytdbud
Page     25
                                                                                                         
  FOR 2026 12
ACCOUNTS FOR:                                 ORIGINAL    TRANFRS/     REVISED                                    AVAILABLE    PCT0100     GENERAL FUND                          APPROP     ADJSTMTS      BUDGET   YTD EXPENDED   ENCUMBRANCES        BUDGET      USED
     TOTAL PRIOR YEAR EXPENSE                        0         266         266         266.00            .00            .00  100.0%
945 LIABILITY INSURANCE                   
19452 570010  LIAB INS                         234,189       5,000     239,189     238,387.11            .00         801.70   99.7%19452 573100  TRAINING                           5,000      -5,000           0            .00            .00            .00     .0%
     TOTAL LIABILITY INSURANCE                 239,189           0     239,189     238,387.11            .00         801.70   99.7%
992 TRANSFER TO SPECIAL REVENUE FD        
19922 570011  TR SPE REV                             0      15,000      15,000      15,000.00            .00            .00  100.0%
     TOTAL TRANSFER TO SPECIAL REVENUE FD            0      15,000      15,000      15,000.00            .00            .00  100.0%
993 TRANSFER TO CAPITAL PROJECT FD        
19932 570012  TR CAP PRO                     1,052,500   1,240,820   2,293,320   2,293,320.32            .00            .00  100.0%
     TOTAL TRANSFER TO CAPITAL PROJECT FD    1,052,500   1,240,820   2,293,320   2,293,320.32            .00            .00  100.0%
996 TRANSFER TO TRUST FUNDS               
19962 570013  TR STAB FD                       232,500     795,437   1,027,937   1,027,937.00            .00            .00  100.0%
     TOTAL TRANSFER TO TRUST FUNDS             232,500     795,437   1,027,937   1,027,937.00            .00            .00  100.0%
     TOTAL GENERAL FUND                     51,189,965   2,826,046  54,016,012  52,163,984.85     529,325.69   1,322,700.98   97.6%
                           TOTAL EXPENSES   51,189,965   2,826,046  54,016,012  52,163,984.85     529,325.69   1,322,700.98
===PAGE===
TOWN OF LUNENBURG
YEAR-TO-DATE BUDGET REPORT
Report generated: 09/01/2026 18:56User:             kbarrettProgram ID:       glytdbud
Page     26
                                                                                                         
  FOR 2026 12
                                              ORIGINAL    TRANFRS/     REVISED                                    AVAILABLE    PCT                                               APPROP     ADJSTMTS      BUDGET   YTD EXPENDED   ENCUMBRANCES        BUDGET      USED
                              GRAND TOTAL   51,189,965   2,826,046  54,016,012  52,163,984.85     529,325.69   1,322,700.98   97.6%
                                          ** END OF REPORT - Generated by Karen Barrett **                                          
===PAGE===
TOWN OF LUNENBURG
YEAR-TO-DATE BUDGET REPORT
Report generated: 09/01/2026 18:56User:             kbarrettProgram ID:       glytdbud
Page     27
                                                                                                         
                                                          REPORT OPTIONS                          
               Field #     Total  Page Break  Sequence 1       1         Y        Y  Sequence 2       3         Y        N  Sequence 3       0         N        N  Sequence 4       0         N        N
  Report title:    YEAR-TO-DATE BUDGET REPORT              
  Includes accounts exceeding   0% of budget.  Print totals only: N                          Year/Period: 2026/12  Print Full or Short description: S            Print MTD Version: N  Print full GL account: N  Format type: 1                                Roll projects to object: N  Double space: N                               Carry forward code: 1  Suppress zero bal accts: Y  Include requisition amount: N  Print Revenues-Version headings: N  Print revenue as credit: Y  Print revenue budgets as zero: N  Include Fund Balance: N  Print journal detail: N      From Yr/Per: 2027/ 1         To Yr/Per: 2027/12  Include budget entries: Y  Incl encumb/liq entries: Y  Sort by JE # or PO #: J  Detail format option: 1  Include additional JE comments: N  Multiyear view: D  Amounts/totals exceed 999 million dollars: N
         Find CriteriaField Name         Field Value
Fund               0100Function           Department         Sch DOE Code       Sch Level          Sch Location       Sch Program        Exp Category       Character Code     Org                Object             Account type       ExpenseAccount status     
===PAGE===
TOWN OF LUNENBURG
YEAR-TO-DATE BUDGET REPORT
Report generated: 09/01/2026 18:56User:             kbarrettProgram ID:       glytdbud
Page     28
                                                                                                         
                                                          REPORT OPTIONS                          
Rollup Code                           