===SHEET General Fund  FY10 - FY25===
DEPARTMENT  ,Segment Code,Dept Description,ORG,DESC,OBJECT,FULL ACCT,  2025 ORIGINAL BUDGET ,  2025 TRANSFERS IN ,  2025 TRANSFERS OUT ,  2025 REVISED BUDGET ,  2025 ACTUAL ,  2024 ORIGINAL BUDGET ,  2024 TRANSFERS IN ,  2024 TRANSFERS OUT ,  2024 REVISED BUDGET ,  2024 ACTUAL ,  2023 ORIGINAL BUDGET ,  2023 TRANSFERS IN ,  2023 TRANSFERS OUT ,  2023 REVISED BUDGET ,  2023 ACTUAL ,  2022 ORIGINAL BUDGET ,  2022 TRANSFERS IN ,  2022 TRANSFERS OUT ,  2022 REVISED BUDGET ,  2022 ACTUAL ,  2021 ORIGINAL BUDGET ,  2021 TRANSFERS IN ,  2021 TRANSFERS OUT ,  2021 REVISED BUDGET ,  2021 ACTUAL ,  2020 ORIGINAL BUDGET ,  2020 TRANSFERS IN ,  2020 TRANSFERS OUT ,  2020 REVISED BUDGET ,  2020 ACTUAL ,  2019 ORIGINAL BUDGET ,  2019 TRANSFERS IN ,  2019 TRANSFERS OUT ,  2019 REVISED BUDGET ,  2019 ACTUAL ,  2018 ORIGINAL BUDGET ,  2018 TRANSFERS IN ,  2018 TRANSFERS OUT ,  2018 REVISED BUDGET ,  2018 ACTUAL ,  2017 ORIGINAL BUDGET ,  2017 TRANSFERS IN ,  2017 TRANSFERS OUT ,  2017 REVISED BUDGET ,  2017 ACTUAL ,  2016 ORIGINAL BUDGET ,  2016 TRANSFERS IN ,  2016 TRANSFERS OUT ,  2016 REVISED BUDGET ,  2016 ACTUAL ,  2015 ORIGINAL BUDGET ,  2015 TRANSFERS IN ,  2015 TRANSFERS OUT ,  2015 REVISED BUDGET ,  2015 ACTUAL ,  2014 ORIGINAL BUDGET ,  2014 TRANSFERS IN ,  2014 TRANSFERS OUT ,  2014 REVISED BUDGET ,  2014 ACTUAL ,  2013 ORIGINAL BUDGET ,  2013 TRANSFERS IN ,  2013 TRANSFERS OUT ,  2013 REVISED BUDGET ,  2013 ACTUAL ,  2012 ORIGINAL BUDGET ,  2012 TRANSFERS IN ,  2012 TRANSFERS OUT ,  2012 REVISED BUDGET ,  2012 ACTUAL ,  2011 ORIGINAL BUDGET ,  2011 TRANSFERS IN ,  2011 TRANSFERS OUT ,  2011 REVISED BUDGET ,  2011 ACTUAL ,  2010 ORIGINAL BUDGET ,  2010 TRANSFERS IN ,  2010 TRANSFERS OUT ,  2010 REVISED BUDGET ,  2010 ACTUAL ,
122,122,SELECT BOARD,11221,SALARIES DIVISION/DEPT HEADS,511000,0100-1-122-0000-00-0-00-1-511000,86960.72,10915.41,-448.69,97427.44,57803.84,84017.86,5141.76,0,89159.62,89157.12,69640.48,0,0,69640.48,69640.48,66522.61,0,0,66522.61,66522.61,63333.27,0,0,63333.27,63333.27,60000,0,0,60000,40447.62,0,0,0,0,0,0,0,0,0,0,0,0,0,0,0,0,0,0,0,0,15000,0,-15000,0,0,0,0,0,0,0,2500,0,0,2500,6000.98,63553,4598.64,0,68151.64,74188.14,61702,0,0,61702,61701.97,63553,6,-1187,62372,62371.03,
122,122,SELECT BOARD,11221,SALARIES CLERICAL,511001,0100-1-122-0000-00-0-00-1-511001,49306.96,5946.68,0,55253.64,32841.83,58005.32,9276.32,0,67281.64,67281.64,56590.56,0,0,56590.56,56590.56,54728.24,0,0,54728.24,54737.04,52065.6,0,0,52065.6,52031.76,48837.06,977.94,0,49815,49815,46962.36,0,0,46962.36,46962.36,44703.36,0,0,44703.36,44667.29,39157,781.2,0,39938.2,39936.96,39312,0,-634.5,38677.5,38677.5,34780,6426.8,-5441.07,35765.73,35765.73,34742,0,0,34742,34742.4,35131,0,0,35131,32937.84,37163,0,0,37163,37395.93,36081,348.72,0,36429.72,37529.92,53897,4044.24,-986,56955.24,57381.94,
122,122,SELECT BOARD,11221,SALARIES STAFF,511003,0100-1-122-0000-00-0-00-1-511003,5125,448.69,0,5573.69,2545.01,5125,2761.54,0,7886.54,7928.16,9432.8,0,-890.76,8542.04,3508.55,9432.8,0,0,9432.8,4094.38,0,0,0,0,0,0,0,0,0,0,0,0,0,0,0,0,0,0,0,0,0,0,0,0,0,0,0,0,0,0,5000,12,-4160.8,851.2,851.6,5000,0,-3.85,4996.15,4995.75,0,0,0,0,0,0,0,0,0,0,0,0,0,0,0,0,0,0,0,0,
122,122,SELECT BOARD,11221,SALARIES ELECTED OFFICIALS,512000,0100-1-122-0000-00-0-00-1-512000,0,0,0,0,0,0,0,0,0,0,0,0,0,0,0,0,0,0,0,0,0,0,0,0,0,0,0,0,0,0,0,0,0,0,0,500,0,0,500,500,500,0,0,500,500,500,0,0,500,500,500,0,0,500,500,500,0,0,500,500,500,0,0,500,500,500,0,0,500,500,500,0,0,500,500,500,0,0,500,500,
122,122,SELECT BOARD,11221,LONGEVITY PAY,514002,0100-1-122-0000-00-0-00-1-514002,0,0,0,0,0,0,0,0,0,0,0,0,0,0,0,0,0,0,0,0,0,0,0,0,0,0,0,0,0,0,0,0,0,0,0,0,0,0,0,0,0,0,0,0,0,0,0,0,0,0,1043,0,-1043,0,0,1042,0,-173.81,868.19,868.19,961,0,0,961,839.59,2831,0,0,2831,2882.69,2753,0,0,2753,2753.08,0,0,0,0,0,
122,122,SELECT BOARD,11222,METER RENTAL,527500,0100-1-122-0000-00-0-00-2-527500,0,0,0,0,0,0,0,0,0,0,0,0,0,0,0,0,0,0,0,0,0,0,0,0,0,0,0,0,0,0,0,0,0,0,0,0,0,0,0,0,0,0,0,0,0,0,0,0,0,0,0,0,0,0,0,0,0,0,0,0,0,0,0,0,0,250,0,0,250,0,250,0,0,250,205,250,0,0,250,225.5,
122,122,SELECT BOARD,11222,CONTRACTED SERVICES,531003,0100-1-122-0000-00-0-00-2-531003,0,15000,0,15000,6497.5,0,0,0,0,0,0,0,0,0,0,0,0,0,0,0,0,0,0,0,0,0,0,0,0,0,0,0,0,0,0,0,0,0,0,0,0,0,0,0,0,0,0,0,0,0,0,0,0,0,0,0,0,0,0,0,0,0,0,0,0,0,0,0,0,0,0,0,0,0,0,0,0,0,0,0,
122,122,SELECT BOARD,11222,PURCHASE OF SERVICE,531006,0100-1-122-0000-00-0-00-2-531006,0,0,0,0,0,0,0,0,0,0,0,0,0,0,0,0,0,0,0,0,0,0,0,0,0,0,0,0,0,900,0,0,0,0,0,0,0,0,0,0,0,0,0,0,0,0,0,0,0,0,0,0,0,0,0,0,0,0,0,0,0,0,0,0,0,0,0,0,0,0,250,0,0,250,0,0,0,0,900,900,
122,122,SELECT BOARD,11222,PRINTING,534200,0100-1-122-0000-00-0-00-2-534200,0,0,0,0,0,0,0,0,0,0,0,0,0,0,0,0,0,0,0,0,0,0,0,0,0,0,0,0,0,0,0,0,0,0,0,0,0,0,0,0,0,0,0,0,0,0,0,0,0,0,0,0,0,0,0,0,0,0,0,0,0,0,0,0,0,0,0,0,0,0,0,0,0,0,0,0,0,0,0,0,
122,122,SELECT BOARD,11222,PARKING CLERK,534300,0100-1-122-0000-00-0-00-2-534300,100,0,0,100,0,100,0,-100,0,0,100,0,0,100,0,100,0,0,100,0,100,0,0,100,21,100,0,0,100,33,100,0,0,100,57,100,0,0,100,51,104,0,0,104,63,100,0,-16.02,83.98,83.98,100,0,-40.87,59.13,58.73,100,0,-53.63,46.37,46.37,100,0,0,100,45.09,100,0,0,100,33.88,100,0,0,100,91.74,100,0,0,100,90.64,
122,122,SELECT BOARD,11222,POSTAGE,534400,0100-1-122-0000-00-0-00-2-534400,600,0,-600,0,0,600,0,-567.44,32.56,32.56,600,0,-100,500,330,600,0,0,600,493.2,600,0,0,600,513.12,600,0,0,600,416.69,600,0,0,600,511,520,100,0,620,605.86,520,7.98,-50,477.98,477.07,500,0,-138.7,361.3,361.3,500,31.87,0,531.87,531.59,500,0,-131.63,368.37,368.37,500,0,0,500,347.58,900,0,0,900,286.62,900,0,0,900,103.8,900,0,0,900,604.19,
122,122,SELECT BOARD,11222,ADVERTISING,534500,0100-1-122-0000-00-0-00-2-534500,2000,0,0,2000,1255,1040,200,0,1315,1315,1040,658,-100,1643,1265,1040,330,0,1370,1325,1040,0,0,1040,940,1040,0,-30,1010,925,1040,0,0,1040,372.36,1040,0,-431.63,608.37,294.92,1040,2247.99,-13.14,3274.85,2955.09,1000,697.43,-0.86,1696.57,1696.57,1000,114.54,0,1114.54,1125.5,1000,0,-686.7,313.3,313.3,1000,0,0,1000,1760.54,500,4000,0,4500,2350.72,500,0,0,500,426.2,500,0,0,500,160.2,
122,122,SELECT BOARD,11222,OFFICE SUPPLIES,540000,0100-1-122-0000-00-0-00-2-540000,2000,0,0,2000,1617.66,2000,0,-152.06,1847.94,1786.82,2000,0,-1388,612,601.35,2000,0,-130,1870,726.77,2000,0,0,2000,1118.25,2000,0,-579.99,1726.12,1648.89,2000,800,-510,2290,1955.77,1000,300,0,1300,1201.65,520,464.39,0,984.39,873.35,500,110.08,-114.58,495.5,495.5,500,0,-94.12,405.88,395.2,500,329.99,-62.2,767.79,767.79,500,0,0,500,501.13,1000,0,0,1000,265.71,500,0,0,500,367.21,200,0,0,200,178.58,
122,122,SELECT BOARD,11222,DUES/MEMBERSHIP,573000,0100-1-122-0000-00-0-00-2-573000,3000,587,0,3587,3587,3000,0,0,3000,2987,3000,0,-58,2942,2937,3000,0,0,3000,2739,3000,0,0,3000,2590,3000,0,0,3000,2585,3000,0,0,3000,2519,2709,0,0,2709,2364,2809,0,-874,1935,1935,2700,0,-708,1992,1992,2700,0,-1007,1693,1693,2700,0,-965,1735,1735,2700,0,0,2700,1685,2700,0,0,2700,1903.55,2000,0,0,2000,2213.55,2500,0,-715,1785,2118.16,
122,122,SELECT BOARD,11222,MEETINGS/SCHOOL,573100,0100-1-122-0000-00-0-00-2-573100,3700,0,-587,3113,2041.7,2600,0,-2520,80,80,2600,988,0,3588,3670.82,2600,0,-200,2400,2251.61,2600,0,0,2600,1449.97,2600,0,-180.44,2419.56,2291.51,2600,0,0,2600,2168.08,2600,0,-400,2200,1787.14,2500,956.41,0,3456.41,3436.65,2300,55.63,0,2355.63,2355.63,2500,0,-1850.78,649.22,649.22,2500,0,-1688.95,811.05,811.05,1000,0,-274.25,725.75,0,2500,0,0,2500,788.4,500,0,0,500,492.25,243,0,0,243,175,
,,SELECT BOARD Total,,,,,152792.68,,,,108189.54,156488.18,,,,170568.30000000002,145003.84,,,,138543.76,140023.65000000002,,,,132889.61,124738.87,,,,121997.37,118177.06,,,,99062.70999999999,56302.36,,,,54545.57,53172.36,,,,51471.86,47150,,,,50177.119999999995,46912,,,,46162.48,63623,,,,41570.57,48584,,,,45148.220000000016,44892,,,,44617.749999999985,111997,,,,120595.64000000001,106036,,,,106384.72000000002,122643,,,,124705.24,
123,123,CHARTER REVIEW COMMITTEE,11232,PURCHASE OF SERVICE,531006,0100-1-123-0000-00-0-00-2-531006,0,0,0,0,0,0,0,0,0,0,0,0,0,0,0,0,0,0,0,0,0,0,0,0,0,0,0,0,0,0,0,0,0,0,0,0,0,0,0,0,0,0,0,0,0,0,0,0,0,0,0,0,0,0,0,0,0,0,0,0,0,0,0,0,0,0,0,0,0,0,0,0,0,0,0,0,0,0,0,0,
,,CHARTER REVIEW COMMITTEE Total,,,,,0,,,,0,0,,,,0,0,,,,0,0,,,,0,0,,,,0,0,,,,0,0,,,,0,0,,,,0,0,,,,0,0,,,,0,0,,,,0,0,,,,0,0,,,,0,0,,,,0,0,,,,0,0,,,,0,
126,126,TOWN MANAGER,11261,SALARIES DIVISION/DEPT HEADS,511000,0100-1-126-0000-00-0-00-1-511000,157715,0,-500,157215,38638.75,157715,1213.19,0,158928.19,158928.19,150204,0,0,150204,150779.49,134955.6,10836.86,0,145792.46,145792.46,129765,5190.6,0,134955.6,134955.6,126600,3786.61,0,130386.61,131993.79,123600,3000,0,126600,126600,120000,1419,0,121419,121418.89,125000,0,-6340,118660,117900.78,125000,199.24,0,125199.24,125199.24,125000,2701,0,127701,127700.79,122039,6563.97,0,128602.97,128602.97,120641,0,0,120641,120640.23,117300,1100.29,0,118400.29,118400.29,115000,1340,0,116340,116339.43,115000,735,-2212,113523,113230.85,
126,126,TOWN MANAGER,11261,SALARIES CLERICAL,511001,0100-1-126-0000-00-0-00-1-511001,0,0,0,0,0,0,0,0,0,0,0,0,0,0,0,0,0,0,0,0,0,0,0,0,0,0,0,0,0,0,0,0,0,0,0,0,0,0,0,0,0,0,0,0,0,0,0,0,0,0,0,0,0,0,0,0,0,0,0,0,0,0,0,0,0,0,0,0,0,0,0,0,0,0,0,0,165.68,0,165.68,742.5,
126,126,TOWN MANAGER,11261,RETIREMENT/LONGEVITY STIPENDS,517000,0100-1-126-0000-00-0-00-1-517000,6308.6,0,0,6308.6,6308.6,6308.6,0,0,6308.6,6308.6,6008.16,0,0,6008.16,6008.16,0,5722.08,0,5722.08,5722.08,0,0,0,0,0,0,0,0,0,0,0,0,0,0,0,0,0,0,0,0,2500,0,-2500,0,0,2500,0,0,2500,2500,0,0,0,0,0,0,0,0,0,0,0,0,0,0,0,0,0,0,0,0,0,0,0,0,0,0,0,0,0,0,
126,126,TOWN MANAGER,11261,CONTRACT EVALUATION STIPEND,519010,0100-1-126-0000-00-0-00-1-519010,0,0,0,0,0,0,0,0,0,0,0,0,0,0,0,4087,0,-4087,0,0,3893,0,-3893,0,0,3798,0,-3165,633,0,3000,0,-3000,0,0,3000,0,-2139,861,0,0,0,0,0,0,0,3125,0,3125,3125,0,2780.77,0,2780.77,3125,0,0,0,0,0,0,0,0,0,0,0,0,0,0,0,0,0,0,0,0,0,0,0,0,0,
126,126,TOWN MANAGER,11261,CELL PHONE STIPEND,519011,0100-1-126-0000-00-0-00-1-519011,1020,0,0,1020,170,1020,0,0,1020,1020,1020,0,0,1020,1020,720,300,0,1020,1020,720,0,0,720,720,720,0,0,720,720,720,0,0,720,720,0,720,0,720,720,0,0,0,0,330,0,0,0,0,0,0,0,0,0,0,0,0,0,0,0,0,0,0,0,0,0,0,0,0,0,0,0,0,0,0,0,0,0,0,0,
126,126,TOWN MANAGER,11262,CONTRACTED SERVICES,531003,0100-1-126-0000-00-0-00-2-531003,10000,0,-8143.08,1856.92,0,10000,3600,-264.1,13335.9,13335.9,0,10000,0,10000,10000,0,0,0,0,0,0,0,0,0,0,0,0,0,0,0,0,0,0,0,0,0,0,0,0,0,0,0,0,0,0,0,0,0,0,0,0,0,0,0,0,0,0,0,0,0,0,0,0,0,0,0,1000,0,1000,1049.5,0,0,0,0,0,0,0,0,0,0,
126,126,TOWN MANAGER,11262,GRANT WRITING,531078,0100-1-126-0000-00-0-00-2-531078,50000,0,0,50000,0,0,0,0,0,0,0,0,0,0,0,0,0,0,0,0,0,0,0,0,0,0,0,0,0,0,0,0,0,0,0,0,0,0,0,0,0,0,0,0,0,0,0,0,0,0,0,0,0,0,0,0,0,0,0,0,0,0,0,0,0,0,0,0,0,0,0,0,0,0,0,0,0,0,0,0,
126,126,TOWN MANAGER,11262,POSTAGE,534400,0100-1-126-0000-00-0-00-2-534400,0,40.78,-40.78,0,0,0,0,0,0,0,0,0,0,0,0,0,0,0,0,0,0,0,0,0,0,0,0,0,0,0,0,0,0,0,0,0,0,0,0,0,0,0,0,0,0,0,0,0,0,0,0,0,0,0,0,0,0,0,0,0,0,0,0,0,0,0,0,0,0,42.53,0,0,0,0,0,100,0,0,100,0,
126,126,TOWN MANAGER,11262,ADVERTISING,534500,0100-1-126-0000-00-0-00-2-534500,0,0,0,0,0,0,0,0,0,0,0,0,0,0,0,0,0,0,0,0,0,0,0,0,0,0,0,0,0,0,0,0,0,0,0,0,0,0,0,0,0,0,0,0,0,0,0,0,0,0,0,1318.3,0,1318.3,2164,0,0,0,0,0,0,0,0,0,0,0,0,0,0,0,0,0,0,0,0,0,0,0,0,0,
126,126,TOWN MANAGER,11262,OFFICE SUPPLIES,540000,0100-1-126-0000-00-0-00-2-540000,0,0,0,0,0,0,0,0,0,0,0,0,0,0,0,0,0,0,0,0,0,0,0,0,0,0,0,0,0,0,0,0,0,0,0,0,0,0,0,0,0,0,0,0,0,0,117.49,0,117.49,117.49,250,0,0,250,192.94,0,105.98,0,105.98,105.98,250,0,0,250,11.92,250,0,0,250,202.49,450,0,-415,35,35,500,0,-350,150,100,
126,126,TOWN MANAGER,11262,MILEAGE REIMBURSEMENT,571000,0100-1-126-0000-00-0-00-2-571000,1000,0,0,1000,800,1000,0,-808.38,191.62,191.62,1000,0,0,1000,186.02,1000,0,-530.87,469.13,115.25,1000,0,0,1000,0,1000,0,0,1000,328.16,500,922,0,1422,1421.72,500,633.5,0,1133.5,1133.5,500,0,-274.76,225.24,160.63,350,268.13,-259.86,358.27,358.27,0,0,0,0,0,0,0,0,0,0,0,0,0,0,0,0,0,0,0,0,0,0,0,0,0,0,0,0,0,0,
126,126,TOWN MANAGER,11262,DUES/MEMBERSHIP,573000,0100-1-126-0000-00-0-00-2-573000,2700,0,0,2700,1066.15,2500,0,-37.38,2462.62,2459.5,2500,0,0,2500,2300.01,2500,0,-888.93,1611.07,1611.07,2500,0,0,2500,1490.77,2500,0,-456,2044,1270.8,2500,0,-650,1850,1436.7,2500,0,-633.5,1866.5,1360,2500,0,-124.98,2375.02,1540,2500,0,-575.5,1924.5,1924.5,2500,0,0,2500,1666.25,2500,394,0,2894,2894,2500,0,0,2500,2628,2500,0,-103.92,2396.08,2134.35,1750,200,-180.18,1769.82,1389.9,2500,0,-1040,1460,1367.5,
126,126,TOWN MANAGER,11262,MEETINGS/SCHOOL,573100,0100-1-126-0000-00-0-00-2-573100,2500,0,0,2500,64.4,2500,0,-1245.09,1254.91,1254.91,2500,0,0,2500,2385.64,2500,0,-1320.66,1179.34,1179.34,2500,0,0,2500,269.42,2500,456,0,2956,2690.65,2500,0,-272,2228,2071.78,2500,0,0,2500,1962.52,2500,0,-297.03,2202.97,1788.68,2500,488.45,-40,2948.45,2948.45,2500,0,-1318.3,1181.7,882.79,2500,204.73,0,2704.73,2704.73,2500,1555.99,0,4055.99,4166.84,2500,0,-996.37,1503.63,1503.63,1250,395.18,0,1645.18,1958.56,2500,0,-2000,500,457.83,
,,TOWN MANAGER Total,,,,,231243.6,,,,47047.9,181043.6,,,,183498.72,163232.16,,,,172679.32,145762.6,,,,155440.19999999998,140378,,,,137435.79,137118,,,,137003.4,132820,,,,132250.2,128500,,,,126594.91,133000,,,,121720.09,132850,,,,136172.95,130250,,,,135731.77,127039,,,,134307.68000000002,125891,,,,127446.98999999999,122550,,,,123332.79000000001,118450,,,,119722.88999999998,120600,,,,115898.68000000001,
131,131,FINANCE COMMITTEE,11312,ADVERTISING,534500,0100-1-131-0000-00-0-00-2-534500,100,0,0,100,0,100,0,0,100,97.35,100,0,0,100,90,100,0,0,100,95,100,0,0,100,60,100,30,-60,70,40,100,0,0,100,113.35,100,0,0,100,58.65,100,0,-11.82,88.18,16.8,100,0,-82.9,17.1,17.1,100,0,-100,0,0,100,0,-100,0,0,100,0,-100,0,0,100,0,0,100,0,100,0,0,100,0,90,0,-90,0,0,
131,131,FINANCE COMMITTEE,11312,DUES/MEMBERSHIP,573000,0100-1-131-0000-00-0-00-2-573000,200,0,0,200,196,200,0,0,200,190,200,0,0,200,184,200,0,0,200,180,200,0,0,200,180,200,0,-20,180,180,200,0,0,200,180,200,0,0,200,180,200,0,0,200,176,200,0,-24,176,176,250,0,-74,176,176,250,0,-74,176,176,250,0,-77,173,173,250,0,0,250,173,200,0,0,200,173,170,0,0,170,173,
131,131,FINANCE COMMITTEE,11312,MEETINGS/SCHOOL,573100,0100-1-131-0000-00-0-00-2-573100,1500,0,0,1500,25,1000,585,0,1585,1326.42,500,0,0,500,376.94,500,0,0,500,68.98,500,0,0,500,140.99,500,260.44,0,760.44,760.07,500,0,0,500,13.56,500,0,0,500,19.7,500,0,0,500,259.1,500,0,-289.47,210.53,210.53,500,0,-400,100,100,500,0,-355,145,145,500,0,-500,0,0,500,0,0,500,0,200,0,0,200,80,240,0,-237,3,0,
,,FINANCE COMMITTEE Total,,,,,1800,,,,221,1300,,,,1613.77,800,,,,650.94,800,,,,343.98,800,,,,380.99,800,,,,980.07,800,,,,306.91,800,,,,258.35,800,,,,451.90000000000003,800,,,,403.63,850,,,,276,850,,,,321,850,,,,173,850,,,,173,500,,,,253,500,,,,173,
132,132,RESERVE FUND,11322,RESERVE FUND TRANSFERS,578000,0100-1-132-0000-00-0-00-2-578000,200000,0,-80574.65,119425.35,0,75000,200000,-239573.73,35426.27,0,75000,0,-75000,0,0,75000,0,-20000,55000,0,75000,0,0,75000,0,75000,0,-16890,58110,0,75000,0,-75000,0,0,75000,0,-75000,0,0,50000,86980.55,-136980.55,0,0,50000,39116,-85000,4116,0,50000,0,-50000,0,0,50000,0,-50000,0,0,50000,0,-50000,0,0,50000,0,-50000,0,0,50000,0,-50000,0,0,50000,0,-50000,0,0,
,,RESERVE FUND Total,,,,,200000,,,,0,75000,,,,0,75000,,,,0,75000,,,,0,75000,,,,0,75000,,,,0,75000,,,,0,75000,,,,0,50000,,,,0,50000,,,,0,50000,,,,0,50000,,,,0,50000,,,,0,50000,,,,0,50000,,,,0,50000,,,,0,
133,133,SALARY RESERVE,11332,RETIREMENT/LONGEVITY STIPENDS,517000,0100-1-133-0000-00-0-00-2-517000,30000,0,0,30000,16642.8,30000,1811.34,0,31811.34,31811.34,29379.78,0,0,29379.78,13379.78,30000,0,-20094.99,9905.01,3400.19,30000,0,0,30000,17542.8,30000,0,0,30000,0,30000,0,0,30000,4841.36,30000,0,-30000,0,0,30000,0,0,30000,12808.8,20000,5181.09,0,25181.09,30900.83,23000,0,0,23000,20809.11,19020,0,-3371,15649,15648.88,0,107260.58,0,107260.58,112449.99,0,0,0,0,0,0,0,0,0,0,0,0,0,0,0,
133,133,SALARY RESERVE,11332,RESERVE FUND TRANSFERS,578000,0100-1-133-0000-00-0-00-2-578000,155000,0,-116948.87,38051.13,0,35861.83,119568.73,-155430.56,0,0,0,0,-16000,-16000,0,64000,28893.68,-99398.5,-6504.82,0,64000,0,-31150.6,32849.4,0,64000,0,-34402.04,29597.96,0,64000,0,-31855.6,32144.4,0,63999,0,-63999,0,0,63996,0,-79453.22,-15457.22,0,25000,15000,-31443.18,8556.82,0,20000,0,-22190,-2190,0,25000,3371,-28371,0,0,46878,0,-39858,7020,1830.59,19547.74,26485,-37867.5,8165.24,1794.69,30000,0,-27316.51,2683.49,1759.5,49474,0,-49474,0,0,
,,SALARY RESERVE Total,,,,,185000,,,,16642.8,65861.83,,,,31811.34,29379.78,,,,13379.78,94000,,,,3400.19,94000,,,,17542.8,94000,,,,0,94000,,,,4841.36,93999,,,,0,93996,,,,12808.8,45000,,,,30900.83,43000,,,,20809.11,44020,,,,15648.88,46878,,,,114280.58,19547.74,,,,1794.69,30000,,,,1759.5,49474,,,,0,
135,135,TOWN ACCOUNTANT,11351,SALARIES DIVISION/DEPT HEADS,511000,0100-1-135-0000-00-0-00-1-511000,123600,0,0,123600,73402.28,108050,19406.76,-1815.95,125640.81,125984.05,108050,0,0,108050,108877.97,104901.07,0,0,104901.07,104900,101845.7,0,0,101845.7,101845.7,98155.68,3307.8,0,101463.48,101463.48,97406.4,0,0,97406.4,97406.4,80000,15492.8,0,95492.8,95492.8,80000,8259.76,0,88259.76,88259.76,78686,1314,0,80000,80000,69015,1726,0,70741,70740.3,69015,0,-0.07,69014.93,69014.93,67662,0,0,67662,67661.7,66661,0,0,66661,65085.4,62833,1886,0,64719,64717,64718,0,-1245,63473,63513,
135,135,TOWN ACCOUNTANT,11351,SALARIES CLERICAL,511001,0100-1-135-0000-00-0-00-1-511001,129344.93,5289.32,0,134634.25,82537.84,129449,9107.91,-25989.65,112567.26,112567.26,126411.73,0,0,126411.73,110491.63,110222.78,5596.6,0,115819.38,114083.22,105700.44,613.48,0,106313.92,106313.92,101250.32,1403.44,0,102653.76,102653.76,97661.44,0,-805.73,96855.71,96855.71,93531.34,575.33,-288,93818.67,93817.76,85652,2176.7,0,87828.7,88863.79,84208,21.6,0,84229.6,84229.6,70190,5693,0,75883,75882.7,69418,0,-602.28,68815.72,68815.72,71701,0,-8363.08,63337.92,63337.92,74311,0,-24908.58,49402.42,47714.49,73486,0,-6526.93,66959.07,60769.72,81584,4634.1,-1517,84701.1,84784.97,
135,135,TOWN ACCOUNTANT,11351,LONGEVITY PAY,514002,0100-1-135-0000-00-0-00-1-514002,1677.08,105.79,0,1782.87,1878.78,1629.89,246.34,0,1876.23,1772.99,7033.02,0,0,7033.02,7033.02,7651.45,0,0,7651.45,7656.4,3905.37,0,0,3905.37,3905.37,3794.67,59.11,0,3853.78,3853.78,3772.19,0,0,3772.19,3772.19,3407,0,-542,2865,2864.78,3407,247.79,0,3654.79,2647.79,3593,278,-614.2,3256.8,3256.8,2900,64,0,2964,2962.95,2860,0,-1.04,2858.96,2858.96,2785,0,0,2785,2785.01,2729,0,0,2729,2722.19,2359,57,0,2416,2415.32,0,0,0,0,0,
135,135,TOWN ACCOUNTANT,11351,SICK LEAVE BUY BACK,517004,0100-1-135-0000-00-0-00-1-517004,0,0,0,0,0,0,0,0,0,0,0,0,0,0,0,0,0,0,0,0,0,0,0,0,0,0,0,0,0,0,0,0,0,0,0,0,0,0,0,0,0,0,0,0,0,0,5316.25,0,5316.25,5316.25,0,0,0,0,0,0,0,0,0,0,0,0,0,0,0,0,0,0,0,0,0,0,0,0,0,0,0,0,0,0,
135,135,TOWN ACCOUNTANT,11351,CONTRACT EVALUATION STIPEND,519010,0100-1-135-0000-00-0-00-1-519010,0,0,0,0,0,0,0,0,0,0,0,0,0,0,0,0,0,0,0,0,0,0,0,0,0,0,0,0,0,0,0,0,0,0,0,0,0,0,0,0,0,0,0,0,0,0,0,0,0,0,0,0,0,0,0,0,0,0,0,0,0,0,0,0,0,0,0,0,0,0,0,0,0,0,0,0,0,0,0,0,
135,135,TOWN ACCOUNTANT,11351,CELL PHONE STIPEND,519011,0100-1-135-0000-00-0-00-1-519011,480,0,0,480,320,480,0,0,480,240,480,0,0,480,480,480,0,0,480,480,480,0,0,480,480,480,0,0,480,480,480,0,0,480,480,0,480,0,480,480,0,480,0,480,480,0,0,0,0,0,0,0,0,0,0,0,0,0,0,0,0,0,0,0,0,0,0,0,0,0,0,0,0,0,0,0,0,0,0,0,
135,135,TOWN ACCOUNTANT,11352,POSTAGE,534400,0100-1-135-0000-00-0-00-2-534400,900,0,-252.61,647.39,0,800,0,-462.23,337.77,337.77,800,0,0,800,803.06,800,352,0,1152,1142.28,800,0,0,800,22.55,800,0,0,800,470.75,800,90.92,0,890.92,890.92,800,0,0,800,794.73,800,0,0,800,232.34,800,39.13,-351.6,487.53,487.53,1000,0,-370.69,629.31,647.14,800,0,-14.08,785.92,785.92,800,0,-555.23,244.77,285.91,800,300,-400,700,590.3,800,0,-111.25,688.75,688.75,800,0,-5,795,762.63,
135,135,TOWN ACCOUNTANT,11352,ADVERTISING,534500,0100-1-135-0000-00-0-00-2-534500,0,0,0,0,0,0,1000,-700,375,375,0,0,0,0,235,0,110,0,110,110,0,0,0,0,0,0,0,0,0,0,0,0,0,0,0,0,0,0,0,0,0,0,0,0,0,0,0,0,0,0,0,0,0,0,0,0,0,0,0,0,0,0,0,0,0,0,0,0,0,0,0,0,0,0,0,0,0,0,0,0,
135,135,TOWN ACCOUNTANT,11352,CONTRACTED SERVICES,535006,0100-1-135-0000-00-0-00-2-535006,200,0,0,200,0,150,39851.5,0,40451.5,40451.5,150,0,0,150,129,150,0,0,150,129,150,0,0,150,129,0,129,0,129,129,0,0,0,0,0,0,0,0,0,0,0,0,0,0,0,0,0,0,0,0,0,0,0,0,0,0,0,0,637.5,0,0,1275,0,1275,637.5,0,0,0,5000,0,0,1460.65,0,1460.65,1460.65,0,0,0,0,0,
135,135,TOWN ACCOUNTANT,11352,OFFICE SUPPLIES,540000,0100-1-135-0000-00-0-00-2-540000,2000,0,0,2000,1243.88,2000,0,-9.17,1990.83,1990.83,1600,0,0,1852.36,1861.78,1400,0,0,1820.62,892.26,1400,0,0,1823.17,2236,1300,0,-129,2228.28,1964.33,1300,1365.53,-50.92,2614.61,1557.33,500,2030,0,3027.95,3027.43,500,0,0,1160,2179.46,500,1369.71,-38.94,1830.77,1170.77,1000,370.69,0,1370.69,1370.69,576,1269,-233.43,1611.57,1611.57,500,555.23,0,1055.23,1055.23,500,620,0,1120,1087.57,500,461.25,0,961.25,736.09,700,120,-200,620,528.5,
135,135,TOWN ACCOUNTANT,11352,MILEAGE REIMBURSEMENT,571000,0100-1-135-0000-00-0-00-2-571000,250,0,0,250,0,250,83,-37.8,295.2,295.2,250,0,0,250,0,250,0,0,250,0,250,0,0,339.69,89.69,250,0,0,250,0,250,55.2,0,305.2,305.2,250,0,-230,20,19.74,250,0,0,250,0,250,200,-38.11,411.89,411.89,200,270,0,470,470.61,150,131,-0.37,280.63,280.63,150,0,0,150,129.7,150,0,-150,0,67.86,150,0,0,150,14.38,100,0,-100,0,0,
135,135,TOWN ACCOUNTANT,11352,DUES/MEMBERSHIP,573000,0100-1-135-0000-00-0-00-2-573000,350,0,0,350,125,350,0,-225,125,125,350,0,0,350,80,350,0,0,350,80,350,0,0,350,80,350,0,0,350,80,350,0,-270,80,80,350,0,-270,80,80,350,0,0,350,80,350,0,-270,80,80,150,0,-70,80,80,150,0,-70,80,80,150,0,-50,100,100,150,0,-70,80,70,150,0,-50,100,100,100,0,-20,80,80,
135,135,TOWN ACCOUNTANT,11352,MEETINGS/SCHOOL,573100,0100-1-135-0000-00-0-00-2-573100,2000,0,0,2000,0,1000,0,-1000,0,0,1000,0,0,1000,0,750,0,-462,288,0,750,0,0,750,0,750,0,0,750,0,750,0,-385,365,365,750,0,-700,50,0,750,0,0,750,0,750,0,-320,430,430,2313,0,-261.61,2051.39,2035,1000,0,-801,199,199,300,2501.21,-39.45,2761.76,2741.21,300,0,-300,0,30,300,0,-300,0,0,937,5,-687,255,255,
135,135,TOWN ACCOUNTANT,11352,REPLACE OFFICE FURNITURE/EQUIP,587041,0100-1-135-0000-00-0-00-2-587041,0,0,0,0,0,0,0,0,0,0,0,0,0,0,0,0,0,0,0,0,0,0,0,0,0,0,0,0,0,0,0,0,0,0,0,0,0,0,0,0,0,0,0,0,0,0,0,0,0,0,0,0,0,0,0,0,0,0,0,0,0,0,0,0,0,0,500,0,500,500,0,0,0,0,0,0,0,0,0,0,
,,TOWN ACCOUNTANT Total,,,,,260802.00999999998,,,,159507.78,244158.89,,,,284139.6,246124.74999999997,,,,229991.46,226955.30000000002,,,,229473.16,215631.51,,,,215102.22999999998,207130.67,,,,211095.09999999998,202770.03,,,,201712.75,179588.34,,,,196577.24,171709,,,,182743.13999999998,169137,,,,175382.84,146768,,,,154189.39,143969,,,,143646.73,144048,,,,138734.18000000002,145601,,,,117867.81000000001,140578,,,,130901.91,148939,,,,149924.1,
136,136,ANNUAL AUDIT,11362,AUDIT COSTS,531020,0100-1-136-0000-00-0-00-2-531020,40000,0,0,40000,19700,40000,0,0,40000,40000,38000,0,0,38000,38000,38000,0,0,38000,38000,38000,0,0,38000,38000,38000,3000,0,41000,41000,37000,0,0,37000,37000,37000,0,0,37000,37000,37000,0,0,37000,37000,35000,0,0,35000,35000,43000,0,-1650,41350,41350,35000,0,0,35000,35000,35875,0,-3875,32000,32000,35000,0,-4000,31000,31000,30000,0,0,30000,30000,30000,0,0,30000,30000,
136,136,ANNUAL AUDIT,11362,GASB 45 FUNDING CONSULTATION,531049,0100-1-136-0000-00-0-00-2-531049,0,0,0,0,0,0,0,0,0,0,0,0,0,0,0,0,0,0,0,0,0,0,0,0,0,0,0,0,0,0,0,0,0,0,0,0,0,0,0,0,3000,0,-3000,0,0,0,0,0,0,0,0,0,0,0,0,0,0,0,0,0,0,0,0,0,0,0,0,0,0,0,0,0,0,0,0,0,0,0,0,0,
136,136,ANNUAL AUDIT,11362,GASB 45 VALUATION,531050,0100-1-136-0000-00-0-00-2-531050,4100,0,0,4100,0,4100,0,0,4100,4100,4100,0,0,4100,4100,3900,0,0,3900,3900,3900,0,0,3900,3900,3750,0,0,3750,3750,6500,0,0,6500,3750,0,0,0,1250,1250,6500,1250,0,7750,6500,0,0,0,0,0,0,0,0,0,0,0,0,0,0,0,0,0,0,0,0,0,0,0,0,0,0,0,0,0,0,0,0,0,0,0,
,,ANNUAL AUDIT Total,,,,,44100,,,,19700,44100,,,,44100,42100,,,,42100,41900,,,,41900,41900,,,,41900,41750,,,,44750,43500,,,,40750,37000,,,,38250,46500,,,,43500,35000,,,,35000,43000,,,,41350,35000,,,,35000,35875,,,,32000,35000,,,,31000,30000,,,,30000,30000,,,,30000,
141,141,ASSESSOR'S ADMINISTRATION,11411,SALARIES DIVISION/DEPT HEADS,511000,0100-1-141-0000-00-0-00-1-511000,49792.16,0,0,49792.16,10029.6,43197.44,3744,0,46941.44,36223.72,43197.44,0,0,43197.44,44990.96,41716.4,836,0,42552.4,41927.6,40897.12,0,0,40897.12,40291.88,41141.72,8894.31,0,50036.03,51045.29,39902.72,0,0,39902.72,39902.72,38739,767.1,0,39506.1,39504.19,38739,0,0,38739,38740.23,37353,1299.37,0,38652.37,38488.18,37264,558,-0.96,37821.04,37821.04,36851,0,-0.12,36850.88,36850.88,34561,0.28,0,34561.28,34561.28,33380,0,0,33380,33379.84,32512,0,0,32512,32512.12,31699,188,-535.42,31351.58,31351.58,
141,141,ASSESSOR'S ADMINISTRATION,11411,SALARIES CLERICAL,511001,0100-1-141-0000-00-0-00-1-511001,25000,0,0,25000,12222.86,0,0,0,0,0,0,0,0,0,0,0,0,0,0,0,25937.16,0,-23260.65,2676.51,0,26076.18,5098.62,0,31174.8,31174.8,25311,0,0,25311,25311,24580,486.72,0,25066.72,25060.36,24580,0,0,24580,24580.3,18983,0,0,18983,19362,18706,282,-0.35,18987.65,18987.65,17807,0,-0.2,17806.8,17806.8,17035,0,0,17035,16789.5,16463,0.2,0,16463.2,16463.2,16052,0,0,16052,16051.2,17727,0,-2775.14,14951.86,14951.86,
141,141,ASSESSOR'S ADMINISTRATION,11411,SALARIES PRINCIPAL ASSESSOR,511028,0100-1-141-0000-00-0-00-1-511028,110250,0,0,110250,65474.17,88179.52,3197.4,-11132.98,80243.94,79313.77,96736,0,0,96736,100959.87,87236.57,0,0,87236.57,78664.27,0,77414.65,0,77414.65,77414.64,0,0,0,0,0,0,0,0,0,0,0,0,0,0,0,0,0,0,0,0,0,0,0,0,0,0,0,0,0,0,0,0,0,0,0,0,0,0,0,0,0,0,0,0,0,0,0,0,0,0,0,0,0,0,0,
141,141,ASSESSOR'S ADMINISTRATION,11411,SALARIES ELECTED OFFICIALS,512000,0100-1-141-0000-00-0-00-1-512000,0,0,0,0,0,0,0,0,0,0,0,0,0,0,0,0,0,0,0,0,0,0,0,0,0,0,0,0,0,0,0,0,0,0,0,0,0,0,0,0,0,0,0,0,0,0,0,0,0,0,0,0,0,0,0,0,0,0,0,0,0,0,0,0,0,0,0,0,0,0,300,0,-300,0,0,300,0,0,300,300,
141,141,ASSESSOR'S ADMINISTRATION,11411,SALARIES TEMPORARY POSITIONS,512100,0100-1-141-0000-00-0-00-1-512100,0,0,0,0,0,0,0,0,0,0,0,0,0,0,0,0,0,0,0,0,0,0,0,0,0,0,0,0,0,0,0,0,0,0,0,0,0,0,0,0,0,0,0,0,0,0,0,0,0,0,0,0,0,0,0,0,0,0,0,0,0,0,0,0,0,0,0,0,0,0,0,0,0,0,0,0,0,0,0,0,
141,141,ASSESSOR'S ADMINISTRATION,11411,LONGEVITY PAY,514002,0100-1-141-0000-00-0-00-1-514002,1350,0,0,1350,0,1350,0,0,1350,1350,1350,0,0,1350,1350,1350,0,0,1350,1350,3200,0,0,3200,850,3200,0,0,3200,3200,3200,0,0,3200,3200,2405,795.52,0,3200.52,3200,2405,0,0,2405,2413.73,1293,0,0,1293,1332.8,1291,19,-2.17,1307.83,1307.83,1290,0,-1.45,1288.55,1288.55,1210,0,0,1210,1209.64,1168,4.79,0,1172.79,1172.79,975,1.18,0,976.18,976.18,0,0,0,0,0,
141,141,ASSESSOR'S ADMINISTRATION,11411,SICK LEAVE BUY BACK,517004,0100-1-141-0000-00-0-00-1-517004,0,0,0,0,0,0,0,0,0,0,0,0,0,0,0,0,0,0,0,0,0,0,0,0,0,0,0,0,0,0,0,0,0,0,0,0,0,0,0,0,0,0,0,0,0,0,17702.4,0,17702.4,17702.4,0,0,0,0,0,0,0,0,0,0,0,0,0,0,0,0,0,0,0,0,0,0,0,0,0,0,0,0,0,0,
141,141,ASSESSOR'S ADMINISTRATION,11411,CONTRACT EVALUATION STIPEND,519010,0100-1-141-0000-00-0-00-1-519010,0,0,0,0,0,0,0,0,0,0,0,0,0,0,0,0,0,0,0,0,0,0,0,0,0,0,0,0,0,0,0,0,0,0,0,0,0,0,0,0,0,0,0,0,0,0,0,0,0,0,0,0,0,0,0,0,0,0,0,0,0,0,0,0,0,0,0,0,0,0,0,0,0,0,0,0,0,0,0,0,
141,141,ASSESSOR'S ADMINISTRATION,11411,CERTIFICATION STIPEND,519024,0100-1-141-0000-00-0-00-1-519024,1000,0,0,1000,666.64,0,0,0,0,0,0,0,0,0,0,0,0,0,0,0,0,0,0,0,0,0,0,0,0,0,0,0,0,0,0,0,0,0,0,0,0,0,0,0,0,0,0,0,0,0,0,0,0,0,0,0,0,0,0,0,0,0,0,0,0,0,0,0,0,0,0,0,0,0,0,0,0,0,0,0,
141,141,ASSESSOR'S ADMINISTRATION,11412,OFFICE EQUIPMENT MTC,521001,0100-1-141-0000-00-0-00-2-521001,0,0,0,0,0,0,0,0,0,0,0,0,0,0,0,0,0,0,0,0,0,0,0,0,0,0,0,0,0,0,0,0,0,0,0,0,0,0,0,0,0,0,0,0,0,0,0,0,0,0,0,0,0,0,0,0,0,0,0,0,0,0,0,0,0,0,0,0,0,0,0,0,0,0,0,0,0,0,0,0,
141,141,ASSESSOR'S ADMINISTRATION,11412,TOWNS SHARE REGIONAL ASSESSOR,530500,0100-1-141-0000-00-0-00-2-530500,0,0,0,0,0,0,0,0,0,0,0,0,0,0,0,0,0,0,0,0,72560,0,-72560,0,0,70400,0,0,70400,70400,67900,0,0,67900,67900,65400,0,0,65400,65400,65800,0,0,65800,65800,63600,0,0,63600,63600,62100,0,0,62100,62100,60500,0,0,60500,60500,57600,2.13,0,57602.13,59000,57600,0,0,57600,57600,56200,0,0,56200,56200,56200,0,0,56200,56200,
141,141,ASSESSOR'S ADMINISTRATION,11412,MEASURE & LIST ANNUAL PROGRAM,530600,0100-1-141-0000-00-0-00-2-530600,45000,0,0,45000,20100,45000,0,-89.16,44910.84,44361.45,15000,45000,0,60000,41113.51,10000,0,0,10000,7701.67,18140,0,0,18140,17398,17600,0,0,17600,17600,17600,0,0,17600,17600,17600,0,0,17600,17600,16000,0,0,16000,16000,18900,0,0,18900,18900,18900,0,0,18900,18900,18900,0,0,18900,18900,0,0,0,0,0,0,0,0,0,0,0,0,0,0,0,0,0,0,0,0,
141,141,ASSESSOR'S ADMINISTRATION,11412,BINDING VITAL RECORDS,531001,0100-1-141-0000-00-0-00-2-531001,0,0,0,0,0,0,0,0,0,0,0,0,0,0,0,0,0,0,0,0,225,0,-14,346,135,225,0,0,225,0,225,0,0,225,133,225,0,0,225,120.9,225,0,0,225,117.1,225,25,0,250,230,225,0,-4.9,220.1,220.1,200,25,-22.9,202.1,202.1,225,0,0,225,204.95,200,10,0,210,208,350,0,-160.5,189.5,189.5,350,0,-161.8,188.2,188.2,
141,141,ASSESSOR'S ADMINISTRATION,11412,CONTRACTED SERVICES,531003,0100-1-141-0000-00-0-00-2-531003,48430,0,0,48430,39516,48430,11132.98,0,73185,73185,32800,529.22,-200,39339.22,33129.22,47070,0,0,53280,43688.22,13510,18406,0,38126,31916,24590,0,-12000,12590,5380,5000,0,0,5000,5000,15000,0,0,15000,15000,0,0,0,0,0,0,0,0,0,0,0,0,0,0,0,0,0,0,0,0,0,0,0,0,0,0,0,0,0,0,0,0,0,0,0,0,0,0,0,0,
141,141,ASSESSOR'S ADMINISTRATION,11412,UPDATE MAPS,531010,0100-1-141-0000-00-0-00-2-531010,4200,0,0,4200,0,3800,800,0,4600,4600,3800,200,0,4000,4000,3800,0,0,7600,6300,3800,0,0,6600,2800,3000,0,0,3000,0,3000,0,0,3000,2650,3000,0,0,3000,2650,3000,0,0,3000,2550,2400,150,0,2550,2550,2400,0,0,2400,2400,2400,0,0,2400,2400,2400,0,0,2400,2400,2400,0,0,2400,2400,2335,65,0,2400,2400,3000,0,-2000,1000,1000,
141,141,ASSESSOR'S ADMINISTRATION,11412,DEED COPIES,531011,0100-1-141-0000-00-0-00-2-531011,0,0,0,0,0,0,0,0,0,0,0,0,0,0,0,0,0,0,0,0,0,153,0,153,153,0,0,0,0,0,0,0,0,0,0,0,0,0,0,0,0,0,0,0,0,0,0,0,0,0,0,0,0,0,0,200,0,-200,0,0,225,0,0,225,0,250,0,-4.79,245.21,0,250,0,-175,75,75,850,0,-775,75,75,
141,141,ASSESSOR'S ADMINISTRATION,11412,DATA CONVERSION,531018,0100-1-141-0000-00-0-00-2-531018,0,0,0,0,0,0,0,0,0,0,0,0,0,0,0,0,0,0,0,0,0,0,0,0,0,0,0,0,0,0,0,0,0,0,0,0,0,0,0,0,0,0,0,0,0,0,0,0,0,0,0,0,0,0,0,0,0,0,0,0,0,0,0,0,0,0,0,0,0,0,0,0,0,0,0,0,0,0,0,0,
141,141,ASSESSOR'S ADMINISTRATION,11412,POSTAGE,534400,0100-1-141-0000-00-0-00-2-534400,500,0,-104.19,395.81,17.9,500,0,0,500,10.05,500,0,-90,410,77.44,500,0,0,500,12.75,1200,0,-153,1047,65.5,1200,0,0,1200,789.55,1200,0,0,1200,1045.55,1200,50,0,1250,1150,1611,0,-400,1211,1078,1450,0,-175,1275,1214.64,1450,0,-225,1225,1225,1500,0,-96.3,1403.7,1403.7,1500,0,0,1500,1370,1500,0,0,1500,1350,1500,0,-356.51,1143.49,1030.8,1700,0,-1000,700,700,
141,141,ASSESSOR'S ADMINISTRATION,11412,ADVERTISING,534500,0100-1-141-0000-00-0-00-2-534500,0,0,0,0,0,0,75,0,150,150,0,90,0,90,90,0,0,0,0,100,52,0,0,52,0,52,150,0,202,60,52,0,0,52,0,52,0,0,52,0,52,0,0,52,0,0,0,0,0,0,50,100,-8.02,141.98,141.98,100,0,-100,0,0,200,0,0,200,0,200,0,-10,190,12.5,200,0,-100,100,0,425,0,-425,0,0,
141,141,ASSESSOR'S ADMINISTRATION,11412,OFFICE SUPPLIES,540000,0100-1-141-0000-00-0-00-2-540000,1450,0,0,1450,1213.88,1450,0,-954.5,495.5,493.62,1450,0,-679.22,770.78,425.42,1450,0,-11,1439,1266.1,1450,0,0,2652.01,1438.32,1450,0,-150,1384,181.99,1450,0,0,1450,595.23,1450,0,0,1450,1446.55,1550,0,0,1550,1548.05,1300,0,0,1300,1298.45,1300,0,-7.14,1292.86,1292.86,1300,0,-16.27,1283.73,1283.73,1300,0,-0.28,1299.72,1289.44,1300,0,0,1300,1222.08,1000,1565.83,0,2565.83,776.86,1250,0,-2.46,1247.54,1247.54,
141,141,ASSESSOR'S ADMINISTRATION,11412,MILEAGE REIMBURSEMENT,571000,0100-1-141-0000-00-0-00-2-571000,350,0,0,350,251.04,150,500,-120.5,529.5,529.5,150,0,0,250,48.21,150,0,0,150,0,150,0,0,150,0,150,0,0,150,67.74,150,0,0,150,58.04,150,0,-50,100,71.95,150,0,0,150,120.92,150,64,0,214,196.3,150,0,-108.74,41.26,41.26,250,0,-150.88,99.12,99.12,500,0,0,500,91.32,500,0,0,500,73.24,500,0,-461,39,39,500,0,-479.5,20.5,20.5,
141,141,ASSESSOR'S ADMINISTRATION,11412,DUES/MEMBERSHIP,573000,0100-1-141-0000-00-0-00-2-573000,500,0,0,500,410,150,0,-75,75,75,150,0,0,150,150,150,11,0,161,161,136,50,0,186,186,136,0,0,136,136,4090,0,0,4090,516,4090,0,0,4090,3911,3686,400,0,4086,3911,2500,0,-64,2436,2436,2400,0,-64,2336,2336,2200,0,-64,2136,2136,2200,0,0,2200,2106,2200,0,-0.2,2199.8,2093,2020,0,-32,1988,1988,2020,0,-32,1988,1988,
141,141,ASSESSOR'S ADMINISTRATION,11412,MEETINGS/SCHOOL,573100,0100-1-141-0000-00-0-00-2-573100,2000,0,0,2000,590,1000,0,-225,775,775,500,150,0,1180,1180,500,0,0,500,0,500,0,-36,464,150,500,0,0,500,65,500,0,0,500,90,500,0,0,500,0,500,0,0,500,282.5,200,0,0,200,45,200,0,-136,64,64,200,0,-90.5,109.5,109.5,200,0,0,200,136,200,0,0,200,56,200,100,-147,153,153,600,400,-913,87,87,
,,ASSESSOR'S ADMINISTRATION Total,,,,,289822.16000000003,,,,150492.09000000003,233206.96000000002,,,,241067.11,195633.44,,,,227514.63,193922.97,,,,181171.61000000002,181757.28,,,,172798.34,189720.9,,,,180100.36999999997,169580.72,,,,164001.54,174391,,,,175114.94999999998,158298,,,,157141.83000000002,148354,,,,167355.77000000002,146436,,,,146837.72000000003,143698,,,,142980.38,119156,,,,119158.13,117361,,,,116030.65,114394,,,,112391.66,116621,,,,108109.68,
145,145,TREASURER'S ADMINISTRATION,11451,SALARIES DIVISION/DEPT HEADS,511000,0100-1-145-0000-00-0-00-1-511000,45695.88,2962,-69.68,48588.2,30404.8,45543.18,2856.88,-22.38,48377.68,48308,39967.2,0,0,39967.2,39967.19,39362.03,0,0,39362.03,39362.03,37880.34,0,0,37880.34,37886.24,35545.16,710.79,0,36255.95,36255.95,34179.12,450,0,34629.12,34610.17,32536.73,0,0,32536.73,32531.57,28504,569.16,0,29073.16,29073.6,27603,0,0,27603,27940.47,30694,0,-7005.58,23688.42,23688.42,30005,0,0,30005,30004.8,29007,0,-7748.28,21258.72,21258.72,31414,0,-9688.44,21725.56,17790.71,30119,0,0,30119,30119.4,25557,1723.23,-4384,22896.23,23287.46,
145,145,TREASURER'S ADMINISTRATION,11451,SALARIES CLERICAL,511001,0100-1-145-0000-00-0-00-1-511001,0,0,0,0,0,0,0,0,0,0,0,0,0,0,0,0,0,0,0,0,0,0,0,0,0,0,0,0,0,0,0,0,0,0,0,0,0,0,0,0,0,0,0,0,0,0,0,0,0,0,0,0,0,0,0,0,0,0,0,0,0,0,0,0,0,0,0,0,0,0,0,0,0,0,0,0,0,0,0,345,
145,145,TREASURER'S ADMINISTRATION,11451,SALARIES ASSISTANTS,511002,0100-1-145-0000-00-0-00-1-511002,54480.6,0,0,54480.6,32352.3,46114.2,3989.88,0,50104.08,50068.5,44754.12,0,0,44754.12,44754.12,41958.52,843.56,0,42802.08,42802.08,39888.36,801.56,0,40689.92,40689.92,34205.36,2456.94,0,36662.3,38785.93,32268.08,0,-1000,31268.08,27611.94,30090.32,601.81,0,30692.13,30686.24,29180,0,0,29180,29363.86,27984,0,-1651.48,26332.52,25995.05,41950,319,-15956.36,26312.64,26312.64,40683,0,0,40683,40683.2,38938,0,-0.4,38937.6,38937.6,41948,0,0,41948,41897.7,40737,0,0,40737,40736.89,38635,0,-607,38028,38031.37,
145,145,TREASURER'S ADMINISTRATION,11451,LONGEVITY PAY,514002,0100-1-145-0000-00-0-00-1-514002,1142.4,69.68,0,1212.08,1279.94,999.18,138.84,0,1138.02,1207.7,999.18,0,0,999.18,999.18,982.59,0,0,982.59,982.58,935.61,0,0,935.61,935.6,695.64,13.85,0,709.49,714.94,675.42,0,0,675.42,675.42,642.85,0,0,642.85,642.84,570,11.38,0,581.38,576.73,553,0,-1.99,551.01,551.01,0,0,0,0,0,0,0,0,0,0,925,0,-925,0,0,0,0,0,0,0,0,0,0,0,0,0,0,0,0,0,
145,145,TREASURER'S ADMINISTRATION,11452,METER RENTAL,527500,0100-1-145-0000-00-0-00-2-527500,0,0,0,0,0,0,0,0,0,0,0,0,0,0,0,0,0,0,0,0,0,0,0,0,0,0,0,0,0,0,0,0,0,0,0,0,0,0,0,0,0,0,0,0,0,0,0,0,0,0,0,0,0,0,0,500,0,-500,0,0,900,0,-900,0,0,900,0,-900,0,0,900,0,-469.5,430.5,358.75,900,0,0,900,789.25,
145,145,TREASURER'S ADMINISTRATION,11452,CERTIFYING NOTES,531002,0100-1-145-0000-00-0-00-2-531002,0,0,0,0,0,0,0,0,0,0,0,0,0,0,0,0,0,0,0,0,0,0,0,0,0,0,0,0,0,0,0,0,0,0,0,0,0,0,0,0,0,0,0,0,0,0,0,0,0,0,0,0,0,0,0,0,0,0,0,0,0,0,0,0,0,0,0,0,0,0,0,0,0,0,0,0,0,0,0,0,
145,145,TREASURER'S ADMINISTRATION,11452,CONTRACTED SERVICES,531003,0100-1-145-0000-00-0-00-2-531003,5500,0,0,5500,225,5500,0,-2250,4000,950,1000,1950,0,2950,200,1000,2280,0,3280,2200,1000,3100,0,4100,3600,1000,0,0,1000,780,1000,1750,0,2750,2750,1000,1000,-900,1100,1100,1000,714.64,-1000,714.64,714.64,500,1000,0,2000,2000,500,2000,0,2500,2000,900,10037.98,0,10937.98,10937.98,0,2721.85,0,2721.85,2721.85,0,0,0,0,0,0,2000,0,2000,2000,0,0,0,0,500,
145,145,TREASURER'S ADMINISTRATION,11452,BOND ISSUANCE COSTS,531014,0100-1-145-0000-00-0-00-2-531014,2500,0,0,3150,0,2500,0,0,2500,650,2500,0,-1950,550,550,2500,0,-1200,1300,550,2500,0,-1800,700,550,2500,0,0,2500,2000,2500,0,-1750,750,0,2500,0,-462.07,2037.93,2000,0,2000,0,2000,2000,0,0,0,0,0,0,0,0,0,0,0,0,0,0,0,0,0,0,0,0,0,0,0,0,0,0,0,0,0,0,0,0,0,0,0,
145,145,TREASURER'S ADMINISTRATION,11452,PRINTING,534200,0100-1-145-0000-00-0-00-2-534200,0,0,0,0,0,0,0,0,0,0,0,0,0,0,0,0,0,0,0,0,0,0,0,0,0,0,0,0,0,0,0,0,0,0,0,0,0,0,0,0,0,0,0,0,0,0,0,0,0,0,0,0,0,0,0,0,0,0,0,0,0,0,0,0,0,0,0,0,0,0,0,0,0,0,0,0,0,0,0,0,
145,145,TREASURER'S ADMINISTRATION,11452,POSTAGE,534400,0100-1-145-0000-00-0-00-2-534400,4000,0,-3500,500,0,4000,0,-1200,2800,2388.45,4000,0,0,4000,3631.4,4000,0,0,4000,1683.4,4000,0,0,4000,3939.5,4000,0,0,4000,3835,4000,0,-1530,2470,2463.75,4000,0,0,4000,3684.13,4000,0,0,4180.82,3899.02,4000,0,-133.84,3866.16,3685.34,4000,0,-125.88,3874.12,3874.12,3500,0,-19.6,3480.4,3480.4,3500,0,-236.15,3263.85,3263.85,3500,1760,0,5260,4561.45,3500,0,0,3500,2917.66,2400,0,0,2400,2032.74,
145,145,TREASURER'S ADMINISTRATION,11452,OFFICE SUPPLIES,540000,0100-1-145-0000-00-0-00-2-540000,1075,0,0,1075,559.06,1075,0,0,1197.66,1007.59,1075,0,0,1183.99,1005.27,1075,0,0,1185.92,391.01,1075,0,0,1593.75,704.49,1075,0,0,1075,481.25,1075,0,0,1075,1060.98,1075,0,0,1075,1069.48,1075,0,0,1075,1067.52,1075,0,-45.08,1029.92,1029.92,1077,0,-240.17,836.83,836.83,750,81.07,-74.2,756.87,756.87,750,0,-133.05,616.95,616.95,750,2400,0,3150,2606.78,750,0,0,856.98,747.8,1000,0,0,1000,866.04,
145,145,TREASURER'S ADMINISTRATION,11452,MILEAGE REIMBURSEMENT,571000,0100-1-145-0000-00-0-00-2-571000,300,0,0,300,66.33,300,0,0,300,76.06,300,0,0,300,149.29,300,0,0,300,73.17,300,0,0,300,21.97,300,0,0,300,133.42,300,0,0,300,142.15,300,0,0,300,92.49,300,0,0,300,108.28,300,0,-81.63,218.37,218.37,300,0,-236.11,63.89,63.89,300,0,-15.13,284.87,284.87,350,0,-179.66,170.34,170.34,350,0,-220.53,129.47,42.07,350,0,0,350,63.5,750,0,0,750,60.39,
145,145,TREASURER'S ADMINISTRATION,11452,DUES/MEMBERSHIP,573000,0100-1-145-0000-00-0-00-2-573000,350,0,0,350,75,350,0,0,350,75,350,0,0,350,100,350,0,0,350,125,350,0,0,350,100,350,0,0,350,50,350,0,0,350,75,350,0,0,350,100,350,0,0,350,50,350,0,-300,50,50,150,0,-100,50,50,160,0,-115,45,45,200,0,-125,75,75,200,0,0,200,181.25,200,0,0,200,45,90,0,0,90,45,
145,145,TREASURER'S ADMINISTRATION,11452,MEETINGS/SCHOOL,573100,0100-1-145-0000-00-0-00-2-573100,750,0,0,750,165,750,0,0,750,95,750,0,0,750,40,750,0,0,750,95,750,0,0,750,10,750,0,0,750,47.5,750,0,-600,150,142.5,750,0,-628,122,122,750,0,-250,500,67.5,750,0,-574.5,175.5,175.5,600,0,-419.5,180.5,180.5,600,0,-164.43,435.57,435.57,300,925,-559,666,666,300,0,0,300,147.5,300,0,0,300,243.48,450,0,-220,230,230,
,,TREASURER'S ADMINISTRATION Total,,,,,115793.87999999999,,,,65127.43,107131.56,,,,104826.29999999999,95695.5,,,,91396.44999999998,92278.13999999998,,,,88264.26999999999,88679.31,,,,88437.72000000002,80421.16,,,,83083.99,77097.62000000001,,,,69531.90999999999,73244.9,,,,72028.75,65729,,,,66921.15000000001,63115,,,,61645.66000000001,79271,,,,57006.4,77398,,,,86628.68999999999,74870,,,,67710.31,79362,,,,67227.46,76856,,,,77232.48000000001,69782,,,,66187.25,
146,146,TAX COLLECTOR'S ADMINISTRATION,11461,SALARIES DIVISION/DEPT HEADS,511000,0100-1-146-0000-00-0-00-1-511000,45695.88,2962,-69.68,48588.2,30404.8,45543.18,2856.88,-22.38,48377.68,48308,39967.2,0,0,39967.2,39967.21,39362.03,0,0,39362.03,39362.03,37880.34,0,0,37880.34,37886.24,35545.16,710.79,0,36255.95,36255.95,34179.12,450,0,34629.12,34610.18,32536.73,0,0,32536.73,32531.59,28504,569.16,0,29073.16,29073.6,27603,237.31,0,27840.31,27940.51,30694,0,-7005.58,23688.42,23688.42,30005,0,-0.2,30004.8,30004.8,29007,0,-7748.28,21258.72,21258.72,31414,0,-3605.03,27808.97,17790.71,30119,0,0,30119,30119.4,25557,0,-1886.17,23670.83,23287.46,
146,146,TAX COLLECTOR'S ADMINISTRATION,11461,SALARIES CLERICAL,511001,0100-1-146-0000-00-0-00-1-511001,48861.2,0,0,48861.2,29004.84,40422.88,4317.92,0,44740.8,43351.01,39189.28,0,0,39189.28,38711.41,32803.12,659.68,0,33462.8,33462.8,31195.12,630.72,0,31825.84,31825.84,36626.22,0,-2456.94,34169.28,29362.46,34505.64,100,0,34605.64,34597.84,33173.44,567.24,-4818.28,28922.4,28922.4,32167,0,0,32167,30178.08,30169,0,0,30169,30898.96,29157,434,-0.52,29590.48,29590.48,28358,0,-520.88,27837.12,27837.12,28662,0,-1294.76,27367.24,27367.24,29251,3605.03,0,32856.03,33388.41,28886,0,-1415.08,27470.92,26611.65,38635,0,-657,37978,38361.37,
146,146,TAX COLLECTOR'S ADMINISTRATION,11461,LONGEVITY PAY,514002,0100-1-146-0000-00-0-00-1-514002,1142.4,69.68,0,1212.08,1279.95,999.18,138.84,0,1138.02,1207.7,999.18,0,0,999.18,999.18,982.59,0,0,982.59,982.59,935.61,0,0,935.61,935.61,695.64,13.85,0,709.49,714.95,675.42,0,0,675.42,675.42,642.85,0,0,642.85,642.85,570,11.38,0,581.38,576.72,553,0,0,553,551.02,0,0,0,0,0,0,0,0,0,0,1499,0,-1499,0,0,0,0,0,0,555.81,489,0,0,489,1056.78,0,0,0,0,0,
146,146,TAX COLLECTOR'S ADMINISTRATION,11461,BANKING CHARGES,531004,0100-1-146-0000-00-0-00-1-531004,0,0,0,0,0,0,0,0,0,0,0,0,0,0,0,0,0,0,0,0,0,0,0,0,0,0,0,0,0,0,0,0,0,0,0,0,0,0,0,0,0,0,0,0,0,0,0,0,0,0,0,0,0,0,0,0,0,0,0,0,0,0,0,0,0,0,0,0,0,0,0,0,0,0,0,0,0,0,0,0,
146,146,TAX COLLECTOR'S ADMINISTRATION,11462,METER RENTAL,527500,0100-1-146-0000-00-0-00-2-527500,0,0,0,0,0,0,0,0,0,0,0,0,0,0,0,0,0,0,0,0,0,0,0,0,0,0,0,0,0,0,0,0,0,0,0,0,0,0,0,0,0,0,0,0,0,0,0,0,0,0,0,0,0,0,0,600,0,-600,0,0,860,0,-860,0,0,860,0,-860,0,0,860,0,-501.25,358.75,358.75,860,1,-143.5,717.5,717.5,
146,146,TAX COLLECTOR'S ADMINISTRATION,11462,CONTRACTED SERVICES,531003,0100-1-146-0000-00-0-00-2-531003,17000,0,0,21518.64,0,17000,0,-5000,16417.89,8601.86,17000,0,-5000,17133.89,7577.11,17000,0,-4080,12920,6953.26,17000,1300,-3600,14700,4930.86,10000,0,0,13068.01,6136.77,10000,1080,0,14380,8011.99,10000,0,-1226.28,8773.72,5473.72,6300,0,-1214.64,8376.91,1779.39,6300,0,-1000,5300,2004.26,6278,0,-3362.98,2915.02,2915.02,6000,0,-2305.31,3694.69,3694.69,6500,0,-1105.83,5394.17,5394.17,6500,0,-1500,5000,3782.48,6500,0,-2826.52,3673.48,3673.48,6500,0,-4702.88,1797.12,1797.12,
146,146,TAX COLLECTOR'S ADMINISTRATION,11462,RECORDINGS-REGISTRY OF DEEDS,531007,0100-1-146-0000-00-0-00-2-531007,0,0,0,0,0,0,0,0,0,0,0,0,0,0,0,0,0,0,0,0,0,0,0,0,0,0,0,0,0,0,0,0,0,0,0,0,0,0,0,0,0,0,0,0,0,0,0,0,0,0,0,0,0,0,0,0,0,0,0,0,0,0,0,0,0,0,0,0,0,0,0,0,0,0,0,0,0,0,0,0,
146,146,TAX COLLECTOR'S ADMINISTRATION,11462,PRINTING,534200,0100-1-146-0000-00-0-00-2-534200,0,0,0,0,0,0,0,0,0,0,0,0,0,0,0,0,0,0,0,0,0,0,0,0,0,0,0,0,0,0,0,0,0,0,0,0,0,0,0,0,0,0,0,0,0,0,0,0,0,0,0,0,0,0,0,0,0,0,0,0,0,0,0,0,0,0,0,0,0,0,0,0,0,0,0,0,0,0,0,0,
146,146,TAX COLLECTOR'S ADMINISTRATION,11462,POSTAGE,534400,0100-1-146-0000-00-0-00-2-534400,12000,0,0,13602.58,8497.21,12000,7250,0,19495.23,17556.77,12000,5000,0,19831.16,14325.3,12000,3000,0,15000,11668.84,12000,1000,0,13000,11533.74,12000,0,0,13673.71,10189.05,12000,1600,0,14943.2,10810.73,12000,0,-39.8,13802.91,10617,12000,0,0,13501.69,10468.96,12000,0,0,12000,10498.3,12000,882,-2655.76,10226.24,10226.24,11000,0,-587.06,10412.94,10412.94,10000,0,-134.5,9865.5,9865.5,10000,1500,0,11500,9872.94,10000,0,-606.4,9393.6,9393.6,7600,1664.84,-81.96,9182.88,9182.88,
146,146,TAX COLLECTOR'S ADMINISTRATION,11462,ADVERTISING,534500,0100-1-146-0000-00-0-00-2-534500,0,0,0,0,0,0,0,0,0,0,0,0,0,0,0,0,0,0,0,0,0,0,0,0,0,0,0,0,0,0,0,0,0,0,0,0,0,0,0,0,0,0,0,0,0,0,0,0,0,0,0,0,0,0,0,600,0,-600,0,0,550,0,-550,0,0,550,0,0,550,0,550,0,-550,0,0,550,0,-418.5,131.5,131.5,
146,146,TAX COLLECTOR'S ADMINISTRATION,11462,OFFICE SUPPLIES,540000,0100-1-146-0000-00-0-00-2-540000,750,0,0,1095.34,550.41,750,0,0,750,355.12,750,0,0,868.93,684.24,750,0,0,853.08,381.07,750,0,0,1018.73,396.92,750,0,0,750,481.27,750,0,0,750,691.46,750,0,-149.24,600.76,600.76,750,0,0,750,582.13,750,0,0,750,689.99,750,0,-195.69,554.31,554.31,750,0,-210.25,539.75,539.75,750,0,-169.7,1235.9,1213.58,750,1577.08,0,2327.08,1492.6,750,0,-133.22,773.25,616.78,1000,0,0,1000,866.06,
146,146,TAX COLLECTOR'S ADMINISTRATION,11462,MILEAGE REIMBURSEMENT,571000,0100-1-146-0000-00-0-00-2-571000,300,0,0,300,66.33,300,0,0,300,147.81,300,0,0,300,149.29,300,0,0,300,205.86,300,0,0,300,21.97,300,0,0,300,185.27,300,0,0,300,246.65,300,0,-159.68,140.32,140.32,300,0,0,300,108.28,300,0,0,300,35.53,300,0,-236.11,63.89,63.89,300,0,-2.59,297.41,297.41,500,0,-329.65,170.35,170.35,500,0,0,500,116.84,500,0,-436.5,63.5,63.5,500,0,-417.54,82.46,59.93,
146,146,TAX COLLECTOR'S ADMINISTRATION,11462,DUES/MEMBERSHIP,573000,0100-1-146-0000-00-0-00-2-573000,100,0,0,100,75,100,0,0,100,50,100,0,0,100,0,100,0,0,100,0,100,0,0,100,25,100,0,0,100,25,100,0,0,100,50,100,0,-25,75,75,100,0,0,100,50,100,0,0,100,25,100,0,-75,25,25,100,0,-55,45,45,100,0,-55,45,45,100,0,0,100,45,100,0,-22.83,77.17,65,90,0,-45,45,45,
146,146,TAX COLLECTOR'S ADMINISTRATION,11462,MEETINGS/SCHOOL,573100,0100-1-146-0000-00-0-00-2-573100,750,0,0,750,0,750,0,0,750,95,750,0,0,750,95,750,0,0,750,95,750,0,0,750,0,750,0,0,750,47.5,750,0,-550,200,192.5,750,0,-479,271,271,750,0,-250,500,92.5,600,0,0,600,175.5,600,0,-547.5,52.5,52.5,600,0,-164.43,435.57,435.57,300,0,0,300,300,300,0,0,300,208.75,250,0,0,250,223.47,600,0,-470,130,130,
,,TAX COLLECTOR'S ADMINISTRATION Total,,,,,126599.47999999998,,,,69878.54,117865.23999999999,,,,119673.27,111055.65999999999,,,,102508.73999999999,104047.73999999999,,,,93111.45,100911.06999999999,,,,87556.18000000001,96767.02,,,,83398.22000000002,93260.18000000001,,,,89886.76999999999,90253.02,,,,79274.64,81441,,,,72909.66,78375,,,,72819.07,79879,,,,67115.85999999999,78313,,,,73267.28000000001,78728,,,,65614.56,80225,,,,67253.54000000001,79004,,,,72182.41,81892,,,,74578.81999999999,
149,149,BANKING CHARGES,11492,BANKING CHARGES,531004,0100-1-149-0000-00-0-00-2-531004,1000,0,0,1000,0,1000,0,0,1000,0,1000,0,0,1000,0,1000,0,0,1000,0,1000,0,0,1000,0,1000,0,0,1000,30,1000,0,0,1000,0,1000,0,-970,30,30,1000,0,0,1000,40,1000,0,-980,20,20,500,0,-380,120,120,1000,0,-361.5,638.5,638.5,1000,200.65,0,1200.65,1200.65,1000,0,0,1000,511.56,1000,0,0,1000,738.09,500,1155.46,0,1655.46,1655.46,
,,BANKING CHARGES Total,,,,,1000,,,,0,1000,,,,0,1000,,,,0,1000,,,,0,1000,,,,0,1000,,,,30,1000,,,,0,1000,,,,30,1000,,,,40,1000,,,,20,500,,,,120,1000,,,,638.5,1000,,,,1200.65,1000,,,,511.56,1000,,,,738.09,500,,,,1655.46,
151,151,LEGAL EXPENSES,11512,LEGAL EXPENSES,531005,0100-1-151-0000-00-0-00-2-531005,110000,0,0,110000,66032.36,110000,5551.6,0,118734.28,118734.28,110000,890.76,0,110890.76,107708.08,110000,0,0,110000,96410.2,110000,0,0,169260,159210.08,110000,0,0,170907.67,96008.72,110000,510,0,171611.55,110063.82,110000,34923.96,0,202923.96,140822.41,110000,0,0,172602.82,108393.93,112500,112218.95,-5570.01,222751.76,160148.94,112500,16902.31,-12500,122584.91,118982.09,125000,37625.59,0,170743.59,165060.99,125000,29576.19,0,154576.19,146458.19,125000,24323.89,-1000,148323.89,148323.89,150000,0,-51360.36,98639.64,94438.37,95000,64898.05,0,175771.32,175771.32,
,,LEGAL EXPENSES Total,,,,,110000,,,,66032.36,110000,,,,118734.28,110000,,,,107708.08,110000,,,,96410.2,110000,,,,159210.08,110000,,,,96008.72,110000,,,,110063.82,110000,,,,140822.41,110000,,,,108393.93,112500,,,,160148.94,112500,,,,118982.09,125000,,,,165060.99,125000,,,,146458.19,125000,,,,148323.89,150000,,,,94438.37,95000,,,,175771.32,
155,155,INFORMATION TECHNOLOGY DEPT,11551,SALARIES DIVISION/DEPT HEADS,511000,0100-1-155-0000-00-0-00-1-511000,0,0,0,0,0,0,0,0,0,0,0,0,0,0,0,27675,0,-21912,5763,5763,46125,0,0,46125,27675,45000,0,0,45000,45000,43902.5,0,0,43902.5,43902.49,41554.5,0,0,41554.5,41554.5,40541,0,0,40541,40541,36460,3093,0,39553,39552,35852,0,0,35852,35852.12,35131,0,0,35131,35266.32,35131,3757,0,38888,38887.83,34233,0,0,34233,34232.76,32625,0,0,32625,32625,0,41308,-16558,24750,26000,
155,155,INFORMATION TECHNOLOGY DEPT,11551,SALARIES ASSISTANTS,511002,0100-1-155-0000-00-0-00-1-511002,79030.8,7432.08,-86462.88,0,0,76432.2,4680,0,81112.2,80028,94767.01,1461.6,-23545.33,72683.28,72683.28,69133.68,0,0,69133.68,70458.08,47504.4,0,0,47504.4,26492,46227.6,0,0,46227.6,46858.4,45715.2,0,0,45715.2,45715.2,40599.36,0,0,40599.36,40599.36,39954,0,0,39954,39954,29864,0,0,29864,29864.43,32056,0,-3590.42,28465.58,28465.46,15000,0,-1638,13362,13226.68,15000,0,-6806.67,8193.33,6760.01,45748,0,-8248.64,37499.36,22647.38,44412,0,-3196.97,41215.03,41214.79,42135,872,-704,42303,41492.48,
155,155,INFORMATION TECHNOLOGY DEPT,11551,SALARIES STAFF,511003,0100-1-155-0000-00-0-00-1-511003,25516.3,3070.73,0,28587.03,16693.32,24529.15,1504.8,0,26033.95,25314.04,0,23545.33,-16099.33,7446,7470,0,0,0,0,0,0,0,0,0,0,0,0,0,0,0,0,0,0,0,0,0,0,0,0,0,0,0,0,0,0,0,0,0,0,0,0,0,0,0,0,0,0,0,0,0,0,0,0,0,0,0,0,0,0,0,0,0,0,0,0,0,0,0,0,0,
155,155,INFORMATION TECHNOLOGY DEPT,11551,LONGEVITY PAY,514002,0100-1-155-0000-00-0-00-1-514002,1580.62,0,0,1580.62,0,0,0,0,0,0,0,0,0,0,0,0,0,0,0,0,0,0,0,0,0,0,0,0,0,0,0,0,0,0,0,0,0,0,0,0,0,0,0,0,0,0,0,0,0,0,0,0,0,0,0,0,0,0,0,0,0,0,0,0,0,915,0,0,915,914.96,888,0,0,888,888.24,0,0,0,0,0,
155,155,INFORMATION TECHNOLOGY DEPT,11551,CONTRACT EVALUATION STIPEND,519010,0100-1-155-0000-00-0-00-1-519010,0,0,0,0,0,0,0,0,0,0,0,0,0,0,0,0,0,0,0,0,0,0,0,0,0,0,0,0,0,0,0,0,0,0,0,0,0,0,0,0,0,0,0,0,0,0,0,0,0,0,0,0,0,0,0,0,0,0,0,0,0,0,0,0,0,0,0,0,0,0,0,0,0,0,0,0,0,0,0,0,
155,155,INFORMATION TECHNOLOGY DEPT,11551,P/R REMOTE MEETING COORDINATOR,519991,0100-1-155-0000-00-0-00-1-519991,5000,0,0,5000,0,5000,0,0,5000,0,5000,0,-3764,1236,0,0,0,0,0,0,0,11745,0,11745,3142.5,0,0,0,0,0,0,0,0,0,0,0,0,0,0,0,0,0,0,0,0,0,0,0,0,0,0,0,0,0,0,0,0,0,0,0,0,0,0,0,0,0,0,0,0,0,0,0,0,0,0,0,0,0,0,0,
155,155,INFORMATION TECHNOLOGY DEPT,11552,OFFICE EQUIPMENT MTC,521001,0100-1-155-0000-00-0-00-2-521001,53500,0,0,65090.82,35059.63,70500,0,-13193.45,73392.81,54124.47,42500,9010,0,54706,25014.73,25100,81264,-4529.93,106080.55,98503.77,25275,0,0,25375,23756.37,25275,0,0,25863.71,23995.15,26000,0,0,27390.37,23239.68,26149,7827.07,0,33976.07,32650.74,16149,11.82,0,16723.05,16393.5,17661,0,-1637,16024,15461.77,18110,0,-5961.04,12148.96,12148.96,17542,0,-3526.12,29985.6,23299.24,17542,6145.43,-645,23042.43,11536.93,5503,0,0,5503,12330.12,62500,5096.97,0,67596.97,67689.8,60000,6486.6,-267.37,66219.23,65779.75,
155,155,INFORMATION TECHNOLOGY DEPT,11552,TELEPHONE CHARGES,521014,0100-1-155-0000-00-0-00-2-521014,0,0,0,0,0,0,0,0,0,0,0,0,0,0,0,0,0,0,0,0,0,0,0,0,0,0,0,0,0,0,0,0,0,0,0,0,0,0,0,0,0,0,0,0,0,0,0,0,0,0,0,0,0,0,0,0,0,0,0,0,0,0,0,0,0,0,0,0,0,0,0,0,0,0,0,0,0,0,0,0,
155,155,INFORMATION TECHNOLOGY DEPT,11552,PURCHASE OF SERVICE,531006,0100-1-155-0000-00-0-00-2-531006,173314.53,0,0,173314.53,138651.97,162140,0,-3600,159116.9,154495.4,126648,0,-8000,118648,113619.87,101530,11450,-34163.11,78816.89,77385.5,81230,0,0,81230,64255.93,81230,0,0,81230,66070.16,50415,25500,0,75915,67258.12,39331,900,0,40231,40895.82,39331,0,0,39331,38630.7,40335,1512,-2515.58,39331.42,41846.34,35555,0,-213.35,35341.65,35341,35555,0,-533.97,35021.03,35021.03,69475,4241.92,0,73716.92,73516.92,66821,0,0,66821,70188.5,0,1700,0,1700,1700,45000,0,-43510.02,1489.98,1489.98,
155,155,INFORMATION TECHNOLOGY DEPT,11552,RECORDINGS-REGISTRY OF DEEDS,531007,0100-1-155-0000-00-0-00-2-531007,10000,0,0,10000,9774.6,10000,0,0,18563.33,18337.93,10000,0,0,10000,9774.6,6600,1963.33,0,8563.33,8563.33,6600,0,0,6600,6600,6600,0,0,6600,6600,6500,0,0,6500,6500,6050,0,0,6050,6050,5500,0,0,5500,5500,5500,0,0,5500,3000,3000,2565.9,0,5565.9,5565.9,3000,0,-1200,1800,1800,3000,0,0,3000,0,5771,0,0,5771,3125,0,0,0,0,0,0,0,0,0,0,
155,155,INFORMATION TECHNOLOGY DEPT,11552,TRAINING,531012,0100-1-155-0000-00-0-00-2-531012,0,0,0,0,0,0,0,0,0,0,0,0,0,0,0,0,2608,0,2608,1304,0,0,0,0,0,0,0,0,0,0,3500,0,0,3500,2247.9,1500,0,0,1500,0,1500,0,0,1500,1502.32,0,0,0,0,0,0,0,0,0,0,0,0,0,0,0,0,0,0,0,0,0,0,0,0,0,1000,0,-1000,0,0,8000,0,-8000,0,0,
155,155,INFORMATION TECHNOLOGY DEPT,11552,INTERNET ACCESS,531021,0100-1-155-0000-00-0-00-2-531021,29280,0,0,29280,11496.65,29280,0,0,29280,19079.5,12107.88,3162,0,15922.85,15909.11,6410,3671.71,0,10669.75,10016.78,6410,0,0,6410,6448.44,6410,0,0,6410,6516.94,6000,0,0,6543.12,7329.55,10994,0,-4712,6282,5838.84,5924,0,0,5924,5901.33,5684,0,-131.23,5552.77,5552.77,7928,0,-2183.9,5744.1,5703.68,6967,0,-1064.24,6939.44,5902.76,5803,0,0,5803,4766.32,3597,3650,0,7247,4184.89,6000,347.22,0,6347.22,6604.39,4233,1513.4,0,5746.4,5746.4,
155,155,INFORMATION TECHNOLOGY DEPT,11552,CONTRACTED SERVICES,535006,0100-1-155-0000-00-0-00-2-535006,25000,85930.56,0,110930.56,99305.68,25000,7641.85,0,32641.85,32641.85,25000,0,0,50000,50000,0,25000,0,25000,0,0,0,0,0,0,0,0,0,0,0,0,0,0,0,0,0,0,0,0,0,0,0,0,0,0,0,0,0,0,0,0,0,0,0,0,0,0,0,0,0,0,0,0,0,0,0,0,0,0,0,0,0,0,0,0,0,0,0,0,0,
155,155,INFORMATION TECHNOLOGY DEPT,11552,OFFICE SUPPLIES,540000,0100-1-155-0000-00-0-00-2-540000,0,0,0,0,0,0,0,0,0,0,0,0,0,0,0,0,0,0,0,0,0,0,0,0,0,0,0,0,0,0,0,0,0,0,0,300,0,0,300,161.51,300,0,0,300,0,370,0,-45,325,325,921,0,-921,0,0,248,0,-35.17,212.83,212.83,300,33,-300,33,33,300,0,0,300,161,200,0,0,200,0,200,0,-31.08,168.92,168.92,
155,155,INFORMATION TECHNOLOGY DEPT,11552,LEASE OF GUIDANCE SOFTWARE,555045,0100-1-155-0000-00-0-00-2-555045,0,0,0,0,0,0,0,0,0,0,0,0,0,0,0,0,0,0,2029.11,501.6,19300,0,0,19500,15848.89,19300,0,0,20309.92,17222.62,18900,0,0,18900,14285.81,17720,0,0,17869.19,19253.67,17720,0,0,18724.2,19172.99,16606,2515.58,-29.32,19092.26,18073.71,13423,0,-1486.3,11936.7,11573.74,13572,0,-582.75,14707.63,12989.25,11423,0,0,12383.08,10671.56,8408,0,0,8408,7447.92,0,0,0,0,0,0,0,0,0,0,
155,155,INFORMATION TECHNOLOGY DEPT,11552,MILEAGE REIMBURSEMENT,571000,0100-1-155-0000-00-0-00-2-571000,0,0,0,0,0,0,0,0,0,0,0,0,0,0,0,0,0,0,0,0,0,0,0,0,0,0,0,0,0,0,0,0,0,0,0,500,0,0,500,0,500,0,0,500,500,0,0,0,0,0,0,0,0,0,0,0,0,0,0,0,200,0,-200,0,0,200,0,0,200,0,300,0,-150,150,0,300,0,-180.98,119.02,119.02,
155,155,INFORMATION TECHNOLOGY DEPT,11552,DUES/MEMBERSHIP,573000,0100-1-155-0000-00-0-00-2-573000,0,0,0,0,0,0,0,0,0,0,0,0,0,0,0,0,0,0,0,0,0,0,0,0,0,0,0,0,0,0,0,0,0,0,0,750,0,-525,225,0,750,0,0,750,750,0,0,0,0,0,750,0,-546,204,204,750,0,-546,204,204,750,0,-750,0,0,750,0,0,750,0,750,0,-750,0,0,200,0,-200,0,0,
155,155,INFORMATION TECHNOLOGY DEPT,11552,MEETINGS/SCHOOL,573100,0100-1-155-0000-00-0-00-2-573100,0,0,0,0,0,0,0,0,0,0,0,0,0,0,0,0,0,0,0,0,0,0,0,0,0,0,0,0,0,0,0,0,0,0,0,0,0,0,0,0,0,0,0,0,0,0,0,0,0,0,0,0,0,0,0,0,0,0,0,0,0,0,0,0,0,0,0,0,0,0,0,0,0,0,0,0,0,0,0,0,
,,INFORMATION TECHNOLOGY DEPT Total,,,,,402222.25,,,,310981.85,402881.35,,,,384021.19,316022.89,,,,294471.59,236448.68,,,,272496.06,232444.4,,,,174219.13,230042.6,,,,212263.27,200932.7,,,,210478.74999999997,185447.86,,,,187004.44,168169,,,,168845.84,152480,,,,153676.02,147595,,,,134854.86,127765,,,,127922.11,158624,,,,146172.57,172246,,,,155232.53000000003,148675,,,,150722.22000000003,160068,,,,140796.55000000002,
158,158,TAX TITLE REDEMP/FORECLOSURE,11581,SALARIES CLERICAL,511001,0100-1-158-0000-00-0-00-1-511001,0,0,0,0,0,0,0,0,0,0,0,0,0,0,0,0,0,0,0,0,0,0,0,0,0,0,0,0,0,0,0,0,0,0,0,0,0,0,0,0,0,0,0,0,0,0,0,0,0,0,0,0,0,0,0,0,0,0,0,0,0,0,0,0,0,0,0,0,0,0,0,0,0,0,0,0,0,0,0,0,
158,158,TAX TITLE REDEMP/FORECLOSURE,11582,PURCHASE OF SERVICE,531006,0100-1-158-0000-00-0-00-2-531006,20500,0,0,30017.33,3717.08,20500,0,0,24775.53,10982.67,20500,0,0,20500,15724.47,20500,860,0,21360,21298.12,20500,0,-150,23872.84,22377.6,10500,10000,-615,20855,17332.16,9000,0,0,9000,7655.62,6500,0,-425,9289.4,9282.75,6500,0,-875,5625,2239.63,6500,0,-350,6150,1282.92,8000,0,-400,7600,3261.67,4000,0,0,4000,5152.4,4000,0,0,4000,5001.1,4000,0,-400,3600,0,4000,0,0,4000,370,2500,0,0,2500,1340,
158,158,TAX TITLE REDEMP/FORECLOSURE,11582,RECORDINGS-REGISTRY OF DEEDS,531007,0100-1-158-0000-00-0-00-2-531007,7000,0,0,7705,0,7000,0,0,8785,2205,7000,0,0,7000,3885,3000,0,-1110,1890,1890,3000,150,0,3150,3150,1000,2615,0,3615,1680,1000,200,0,1200,1200,1000,425,0,1425,1425,1000,875,0,1875,1800,1000,350,0,1350,1350,2000,400,0,2400,2250,2000,0,0,2000,1275,2000,0,0,2000,1425,2000,400,0,2400,2400,1000,0,0,1000,1800,500,0,0,500,1875,
158,158,TAX TITLE REDEMP/FORECLOSURE,11582,LAND COURT,531015,0100-1-158-0000-00-0-00-2-531015,0,0,0,0,0,0,0,0,0,0,0,0,0,0,0,0,0,0,0,0,0,0,0,0,0,0,0,0,0,0,0,0,0,0,0,0,0,0,0,0,0,0,0,0,0,0,0,0,0,0,0,0,0,0,0,0,0,0,0,0,0,0,0,0,0,0,0,0,0,0,0,0,0,0,0,0,0,0,0,0,
158,158,TAX TITLE REDEMP/FORECLOSURE,11582,ADVERTISING,534500,0100-1-158-0000-00-0-00-2-534500,1500,0,0,1500,0,1500,0,0,1500,350,1500,0,0,1500,400,500,250,0,750,750,500,0,0,500,350,500,0,0,500,300,500,0,-200,300,300,500,0,0,500,475,500,0,0,500,158.25,500,0,0,500,114.6,500,0,0,500,113.5,500,0,0,500,72.6,500,0,0,500,73.9,500,0,0,500,187.4,500,0,0,500,167.2,500,0,0,500,0,
,,TAX TITLE REDEMP/FORECLOSURE Total,,,,,29000,,,,3717.08,29000,,,,13537.67,29000,,,,20009.47,24000,,,,23938.12,24000,,,,25877.6,12000,,,,19312.16,10500,,,,9155.619999999999,8000,,,,11182.75,8000,,,,4197.88,8000,,,,2747.52,10500,,,,5625.17,6500,,,,6500,6500,,,,6500,6500,,,,2587.4,5500,,,,2337.2,3500,,,,3215,
161,161,TOWN CLERK'S ADMINISTRATION,11611,SALARIES CLERICAL,511001,0100-1-161-0000-00-0-00-1-511001,0,0,0,0,0,0,0,0,0,0,0,0,0,0,0,0,0,0,0,0,0,0,0,0,0,0,0,0,0,0,0,0,0,0,0,0,0,0,0,0,0,0,0,0,0,0,0,0,0,0,0,0,0,0,0,0,0,0,0,0,0,0,0,0,0,0,0,0,0,0,0,0,0,0,0,0,0,0,0,0,
161,161,TOWN CLERK'S ADMINISTRATION,11611,SALARIES ASSISTANTS,511002,0100-1-161-0000-00-0-00-1-511002,47484.8,0,0,47484.8,28172.8,40381.6,3082.08,0,43463.68,43463.68,39222.72,0,0,39222.72,39222.72,36786.08,732.4,0,37518.48,37575.58,26254.02,672.1,0,26926.12,26925.82,25608.6,0,0,25608.6,25712.05,28766.4,0,-4054.84,24711.56,24059.58,28766.4,446.18,-9007.68,20204.9,18781.79,27369,0,0,27369,21052.8,25788,311.62,0,26099.62,27937.69,24685,374,0,25059,25059.84,24115,0.2,0,24115.2,24115.2,22240,0,0,22240,23038.08,18528,3711.36,0,22239.36,22239.36,19572,1615.44,0,21187.44,21161.48,18179,0,-2281.46,15897.54,15897.54,
161,161,TOWN CLERK'S ADMINISTRATION,11611,LONGEVITY PAY,514002,0100-1-161-0000-00-0-00-1-514002,0,0,0,0,850,0,0,0,0,850,0,269.18,0,269.18,850,0,0,0,0,0,0,0,0,0,0,0,0,0,0,0,0,0,0,0,0,0,0,0,0,0,0,0,0,0,0,0,0,0,0,0,0,0,0,0,0,0,0,0,0,0,0,0,0,0,0,0,0,0,0,0,0,0,0,0,0,0,0,0,0,0,
161,161,TOWN CLERK'S ADMINISTRATION,11611,RECORDING VITAL STATISTICS FEE,519007,0100-1-161-0000-00-0-00-1-519007,375,0,0,375,0,375,0,0,375,245,375,0,0,375,242,375,0,0,375,249,375,0,0,375,252,375,0,0,375,222,375,0,0,375,334.75,375,0,0,375,301,375,0,0,375,280.5,0,375,0,375,272.75,400,0,0,400,295,408,0,-145,263,263,400,0,0,400,242.25,400,0,0,400,659.75,400,0,0,400,250.5,400,0,-153.25,246.75,246.75,
161,161,TOWN CLERK'S ADMINISTRATION,11611,CONTRACT EVALUATION STIPEND,519010,0100-1-161-0000-00-0-00-1-519010,0,0,0,0,0,0,0,0,0,0,0,0,0,0,0,0,0,0,0,0,0,0,0,0,0,0,0,0,0,0,0,0,0,0,0,0,0,0,0,0,0,0,0,0,0,0,0,0,0,0,0,0,0,0,0,0,0,0,0,0,0,0,0,0,0,0,0,0,0,0,0,0,0,0,0,0,0,0,0,0,
161,161,TOWN CLERK'S ADMINISTRATION,11612,METER RENTAL,527500,0100-1-161-0000-00-0-00-2-527500,0,0,0,0,0,0,0,0,0,0,0,0,0,0,0,0,0,0,0,0,0,0,0,0,0,0,0,0,0,0,0,0,0,0,0,0,0,0,0,0,0,0,0,0,0,0,0,0,0,0,0,0,0,0,0,0,0,0,0,0,0,0,0,0,0,0,0,0,0,0,100,0,0,100,15.25,62,0,-62,0,0,
161,161,TOWN CLERK'S ADMINISTRATION,11612,BINDING VITAL RECORDS,531001,0100-1-161-0000-00-0-00-2-531001,0,0,0,0,0,0,0,0,0,0,0,0,0,0,0,0,0,0,0,0,0,0,0,0,0,0,0,0,0,0,0,0,0,0,0,0,0,0,0,0,0,0,0,0,0,0,0,0,0,0,0,0,0,0,0,0,0,0,0,0,0,0,0,0,0,0,0,0,0,0,0,0,0,0,0,0,0,0,0,0,
161,161,TOWN CLERK'S ADMINISTRATION,11612,CONTRACTED SERVICES,531003,0100-1-161-0000-00-0-00-2-531003,1500,1500,0,3000,2700,3167.66,0,0,3167.66,2700,3100,0,-600,2500,1500,3100,3595.4,0,6695.4,6695.4,3100,0,-538,2562,1807.41,2800,0,0,2800,1505.7,2800,0,-265,2535,2177.38,2800,1500,-85.21,6714.79,6714.79,2855,0,-369,4986,2638.7,2670,0,0,5170,2093.72,2670,2500,0,5695,1957.76,1938,0,-368,1570,1045,1900,0,-45.95,1854.05,1781.42,2000,0,0,2000,1245,2000,0,-396.23,3030.15,3030.15,3000,163.38,-1000,2163.38,737,
161,161,TOWN CLERK'S ADMINISTRATION,11612,RECORDINGS-REGISTRY OF DEEDS,531007,0100-1-161-0000-00-0-00-2-531007,0,0,0,0,0,0,0,0,0,0,0,0,0,0,0,0,0,0,0,0,0,0,0,0,0,0,0,0,0,0,0,0,0,0,0,0,0,0,0,0,0,0,0,0,0,0,0,0,0,0,0,0,0,0,0,0,0,0,0,0,0,0,0,0,0,0,0,0,0,0,0,0,0,0,0,0,0,0,0,0,
161,161,TOWN CLERK'S ADMINISTRATION,11612,CODE UPDATES,531056,0100-1-161-0000-00-0-00-2-531056,8500,0,-1500,7000,1195,8174.6,0,0,10174.6,5644.75,8000,0,0,14805,6719.16,8000,0,0,9771.65,2885.9,8000,0,0,10000,6228.35,8000,0,0,8000,2340,0,0,0,0,0,0,0,0,0,0,0,0,0,0,0,0,0,0,0,0,0,0,0,0,0,0,0,0,0,0,0,0,0,0,0,0,0,0,0,0,0,0,0,0,0,0,0,0,0,0,
161,161,TOWN CLERK'S ADMINISTRATION,11612,PRINTING,534200,0100-1-161-0000-00-0-00-2-534200,0,0,0,0,0,0,0,0,0,0,0,0,0,0,0,0,0,0,0,0,0,0,0,0,0,0,0,0,0,0,0,0,0,0,0,0,0,0,0,0,0,0,0,0,0,0,0,0,0,0,0,0,0,0,0,0,0,0,0,0,0,0,0,0,0,0,0,0,0,0,0,0,0,0,0,0,0,0,0,0,
161,161,TOWN CLERK'S ADMINISTRATION,11612,POSTAGE,534400,0100-1-161-0000-00-0-00-2-534400,1200,0,-1200,0,0,510.91,0,0,510.91,93.85,500,600,0,1100,1100,500,0,0,500,500,500,390,0,890,878.75,425,0,0,425,243.9,375,0,0,375,375,375,0,0,375,375,475,0,0,475,470,0,450,0,450,154,490,0,0,490,477.4,485,0,-152,333,333,475,0,0,475,440,450,0,0,450,274.8,350,0,-350,0,0,360,0,-314.98,45.02,45.02,
161,161,TOWN CLERK'S ADMINISTRATION,11612,OFFICE SUPPLIES,540000,0100-1-161-0000-00-0-00-2-540000,750,0,0,750,504.22,740.82,0,0,740.82,206.42,725,0,0,798.95,744.39,725,71.56,-250.24,746.32,541.27,725,0,0,725,711.29,725,0,0,725,482.44,500,265,0,765,469.46,500,1285.21,0,1785.21,1736.55,725,369,0,1094,900,675,0,0,675,515.35,673,300,-225,748,387.18,1122,700,-271.57,1550.43,1550.43,1100,0,-559.59,540.41,540.41,1100,0,0,1100,750.66,1035,0,-675.21,359.79,359.79,1157,0,-661.91,495.09,495.09,
161,161,TOWN CLERK'S ADMINISTRATION,11612,MILEAGE REIMBURSEMENT,571000,0100-1-161-0000-00-0-00-2-571000,200,0,0,200,0,408.73,0,0,408.73,0,400,0,-190.02,209.98,118.56,400,0,-400,0,0,400,0,0,400,0,400,0,0,400,191.82,400,0,0,400,364.98,400,204.52,-200,404.52,404.52,500,0,0,500,500,500,0,0,500,368.11,492,0,0,492,288.57,510,0,-300.04,209.96,209.96,500,0,0,500,423.3,505,0,0,505,332.56,500,0,-300,200,200,505,0,-146.24,358.76,358.76,
161,161,TOWN CLERK'S ADMINISTRATION,11612,DUES/MEMBERSHIP,573000,0100-1-161-0000-00-0-00-2-573000,150,0,0,150,125,153.27,0,0,153.27,125,150,0,0,150,125,150,0,-25,125,125,150,0,0,150,0,150,0,0,150,150,125,0,0,125,125,125,0,0,125,125,100,25,0,125,125,100,0,0,100,100,100,0,0,100,100,153,0,-53,100,100,150,0,0,150,125,100,0,0,100,25,100,25,0,125,100,100,0,-75,25,25,
161,161,TOWN CLERK'S ADMINISTRATION,11612,MEETINGS/SCHOOL,573100,0100-1-161-0000-00-0-00-2-573100,800,0,0,800,0,613.09,0,-477.11,135.98,0,600,190.02,0,790.02,790.02,600,0,-430,170,170,600,0,0,600,225,600,0,0,600,330,650,0,0,650,291.86,650,0,-204.52,445.48,399,650,0,-25,625,272,650,0,0,650,78,650,0,-300,350,0,740,0,-740,0,0,725,0,0,725,294,675,0,0,675,0,700,0,-403.56,296.44,40,750,0,-750,0,0,
161,161,TOWN CLERK'S ADMINISTRATION,11612,REPLACE OFFICE FURNITURE/EQUIP,587041,0100-1-161-0000-00-0-00-2-587041,0,0,0,0,0,0,0,0,0,0,0,0,0,0,0,0,0,0,0,0,0,0,0,0,0,0,0,0,0,0,0,0,0,0,0,0,0,0,0,0,0,0,0,0,0,0,0,0,0,0,0,225,0,225,225,0,0,0,0,0,0,0,0,0,0,0,0,0,0,0,0,2100,0,2100,0,0,0,0,0,0,
,,TOWN CLERK'S ADMINISTRATION Total,,,,,60959.8,,,,33547.020000000004,54525.67999999999,,,,53328.7,53072.72,,,,51411.85,50636.08,,,,48742.15,40104.020000000004,,,,37028.62,39083.6,,,,31177.91,33991.4,,,,28198.010000000002,33991.4,,,,28837.65,33049,,,,26239,30383,,,,31519.62,30160,,,,28790.75,29471,,,,27616.59,27490,,,,26884.46,23758,,,,25527.13,24757,,,,25157.170000000002,24513,,,,17805.16,
162,162,ELECTIONS,11621,SALARIES TEMPORARY POSITIONS,512100,0100-1-162-0000-00-0-00-1-512100,8825,0,0,8825,18967.5,8825,0,0,8825,7873.57,8443,0,-269.18,8173.82,2457.27,8443,0,-797,7646,1455,8443,0,0,8443,10123.02,7443,92.55,0,7535.55,7535.55,3100,83.52,0,3183.52,3183.52,2300,2523,0,4823,4822.1,5750,0,0,5750,6264.01,5200,0,0,5200,5166.71,7055,0,-74.72,6980.28,5458.87,4128,1173.04,0,5301.04,5301.04,5770,2139,0,7909,7909,4008,0,-376.85,3631.15,3563,5280,0,-1300,3980,3866.32,1986,0,-353.22,1632.78,-508.04,
162,162,ELECTIONS,11622,TELEPHONE CHARGES,521014,0100-1-162-0000-00-0-00-2-521014,0,0,0,0,0,0,0,0,0,0,0,0,0,0,0,0,0,0,0,0,0,0,0,0,0,0,0,0,0,0,0,0,0,0,0,0,0,0,0,0,0,0,0,0,0,0,0,0,0,0,0,0,0,0,0,0,0,0,0,0,0,0,0,0,0,0,0,0,0,0,0,0,0,0,0,0,0,0,0,0,
162,162,ELECTIONS,11622,POLICE/CUSTODIANS ELECTIONS,531008,0100-1-162-0000-00-0-00-2-531008,2500,0,0,2500,2397.44,2500,0,-832.5,1667.5,0,2500,0,0,2500,403.87,2500,0,0,2500,197.98,2500,0,-746.3,1753.7,-606.5,1299,1058.8,0,2357.8,2357.8,2500,0,-376.32,2123.68,2123.68,2700,0,0,2700,1829,2700,448,0,3148,2915.25,1550,0,0,1550,2657.01,2385,74.72,0,2459.72,2415.66,1700,0,0,1700,1456.31,1850,1201.96,0,3051.96,3051.96,1650,0,0,1650,1580.95,1880,0,0,1880,1743.16,825,0,-291,534,457.46,
162,162,ELECTIONS,11622,PRINTING,534200,0100-1-162-0000-00-0-00-2-534200,5100,0,0,5100,2686,4500,738.65,0,5238.65,5238.65,4500,0,0,4500,5089.73,4500,0,-1598.4,2901.6,2901.6,4500,746.3,-650,4596.3,4596.3,3500,854.44,0,4354.44,4354.44,3500,2117.91,0,5617.91,5617.91,1900,663,0,2563,3433.72,6175,0,-1434.52,4740.48,3596.51,6600,0,-1775.26,4824.74,4133.79,6600,0,0,6600,3672,2627,464.6,0,3091.6,3747.09,4100,839.35,0,4939.35,4939.35,2550,376.85,0,2926.85,2926.85,3200,1200,0,4400,3696.9,2700,0,0,2700,1597.08,
162,162,ELECTIONS,11622,POSTAGE,534400,0100-1-162-0000-00-0-00-2-534400,1000,0,0,1000,0,200,93.85,-989.12,-695.27,96,200,0,0,200,964.4,200,0,0,200,247.68,200,150,0,350,350,150,0,-105,45,45,350,0,-167.8,182.2,182.2,55,0,0,55,55,350,0,0,350,330,250,0,0,250,188.28,250,0,0,250,237.18,235,0,0,235,199,230,0,0,230,81.94,105,0,0,105,0,150,0,0,150,0,25,0,0,25,-63.3,
162,162,ELECTIONS,11622,ADVERTISING,534500,0100-1-162-0000-00-0-00-2-534500,0,0,0,0,0,0,0,0,0,0,0,0,0,0,0,0,0,0,0,0,0,0,0,0,0,0,0,0,0,0,0,0,0,0,0,0,0,0,0,0,0,0,0,0,0,0,0,0,0,0,0,0,0,0,0,0,0,0,0,0,0,0,0,0,0,0,0,0,0,0,0,0,0,0,0,0,0,0,0,0,
162,162,ELECTIONS,11622,OFFICE SUPPLIES,540000,0100-1-162-0000-00-0-00-2-540000,550,0,0,550,120.9,450,175.58,-179.74,1900.89,1826.43,450,0,0,450,527.21,450,0,-102.97,347.03,187.05,250,250,0,500,479.81,250,30.51,0,280.51,280.51,250,499,0,749,749,250,0,0,250,0,575,0,0,575,201.22,150,0,0,365,176.09,150,200,0,350,126.86,153,0,0,153,74,150,0,0,150,0,142,0,0,142,0,200,0,0,200,0,125,0,-53.54,71.46,0,
162,162,ELECTIONS,11622,LUNCHES,549000,0100-1-162-0000-00-0-00-2-549000,550,0,0,550,258.89,260,179.74,0,439.74,439.74,260,0,0,260,519.7,260,0,-63.35,196.65,196.65,460,250,0,710,628.07,260,245.77,0,505.77,505.77,500,0,-20.25,479.75,479.75,175,265,0,440,440,615,0,0,615,509.91,465,0,0,465,293.95,465,0,-200,265,164.42,383,0,0,383,86.2,375,5.59,0,380.59,678.65,230,0,0,230,202.73,350,100,0,450,331.25,140,53.54,0,193.54,214.35,
162,162,ELECTIONS,11622,VOTING BOOTHS,587068,0100-1-162-0000-00-0-00-2-587068,0,0,0,0,0,0,0,0,0,0,0,0,0,0,0,0,0,0,0,0,10300,0,0,10300,10300,0,0,0,0,0,0,0,0,0,0,0,0,0,0,0,0,0,0,0,0,0,0,0,0,0,0,0,0,0,0,0,0,0,0,0,0,0,0,0,0,0,0,0,0,0,0,0,0,0,0,0,0,0,0,0,
,,ELECTIONS Total,,,,,18525,,,,24430.73,16735,,,,15474.39,16353,,,,9962.18,16353,,,,5185.96,26653,,,,25870.699999999997,12902,,,,15079.070000000002,10200,,,,12336.060000000001,7380,,,,10579.82,16165,,,,13816.9,14215,,,,12615.830000000002,16905,,,,12074.99,9226,,,,10863.640000000001,12475,,,,16660.9,8685,,,,8273.529999999999,11060,,,,9637.630000000001,5801,,,,1697.55,
163,163,REGISTRATION & CENSUS,11631,SALARIES TEMPORARY POSITIONS,512100,0100-1-163-0000-00-0-00-1-512100,19000,0,0,19000,11212.5,19000,0,-3568.88,15431.12,16233.75,19000,0,0,19000,16742.15,13500,0,0,13500,8688.76,13500,0,0,13500,12131.14,9900,0,-2177.07,7722.93,6027.7,9000,1889.69,0,10889.69,10889.69,9000,0,0,9000,7230.95,9000,986.52,0,9986.52,10082.88,9000,0,-573.99,8426.01,8426.01,9402,0,0,9402,6948.66,9180,0,-1776.98,7403.02,6510.66,9000,349.29,0,9349.29,9349.29,9000,0,0,9000,6252.57,9600,0,-1615.44,7984.56,5345.83,10000,0,-4489.02,5510.98,4728.93,
163,163,REGISTRATION & CENSUS,11631,TUITION REIMBURSEMENT,519000,0100-1-163-0000-00-0-00-1-519000,400,0,0,400,0,400,0,0,400,507.75,400,0,0,400,509,400,0,0,400,520.25,400,0,0,400,505.25,400,0,0,400,516,400,50,0,450,450,400,0,0,400,400,400,0,0,400,400,0,400,0,400,400,0,0,0,0,400,0,0,0,0,400,400,0,0,400,400,375,0,0,375,0,0,0,0,0,400,375,0,-375,0,400,
163,163,REGISTRATION & CENSUS,11632,METER RENTAL,527500,0100-1-163-0000-00-0-00-2-527500,0,0,0,0,0,0,0,0,0,0,0,0,0,0,0,0,0,0,0,0,0,0,0,0,0,0,0,0,0,0,0,0,0,0,0,0,0,0,0,0,0,0,0,0,0,0,0,0,0,0,0,0,0,0,0,0,0,0,0,0,0,0,0,0,0,0,0,0,0,0,41,0,0,41,0,62,0,-62,0,0,
163,163,REGISTRATION & CENSUS,11632,CONTRACTED SERVICES,531003,0100-1-163-0000-00-0-00-2-531003,500,0,0,500,325,500,3870.41,0,4370.41,5063.88,500,0,0,500,0,0,0,0,0,0,0,0,0,0,0,0,0,0,0,0,0,0,0,0,0,0,0,0,0,0,0,0,0,0,0,0,0,0,0,0,0,0,0,0,0,0,0,0,0,0,0,0,0,0,0,500,437.74,-70.5,867.24,867.24,0,0,0,0,0,0,0,0,0,0,
163,163,REGISTRATION & CENSUS,11632,STREET LISTS,531016,0100-1-163-0000-00-0-00-2-531016,600,0,0,600,0,600,212.5,0,812.5,812.5,600,0,0,600,325,600,43.35,0,643.35,643.35,600,0,0,600,540,550,17.5,0,567.5,567.5,500,42.75,0,542.75,542.75,500,0,0,500,477.5,500,0,0,500,497.5,450,42.5,0,492.5,492.5,480,0,0,480,480,541,0,0,541,452.5,530,0,-84.5,445.5,445.5,440,86,0,526,510.5,413,12.5,0,425.5,425.5,450,0,-37,413,413,
163,163,REGISTRATION & CENSUS,11632,VOTING LISTS,531019,0100-1-163-0000-00-0-00-2-531019,0,0,0,0,0,0,0,0,0,0,0,0,0,0,0,0,0,0,0,0,0,0,0,0,0,0,0,0,0,0,0,0,0,0,0,0,0,0,0,0,0,0,0,0,0,0,0,0,0,0,0,0,0,0,0,0,0,0,0,0,0,0,0,0,0,0,0,0,0,0,0,0,0,0,0,0,0,0,0,0,
163,163,REGISTRATION & CENSUS,11632,PRINTING,534200,0100-1-163-0000-00-0-00-2-534200,0,0,0,0,0,0,0,0,0,0,0,0,0,0,0,0,0,0,0,0,0,0,0,0,0,0,0,0,0,0,0,0,0,0,0,0,0,0,0,0,0,0,0,0,0,0,0,0,0,0,0,0,0,0,0,0,0,0,0,0,0,0,0,0,0,0,0,0,0,0,0,0,0,0,0,0,0,0,0,0,
163,163,REGISTRATION & CENSUS,11632,POSTAGE,534400,0100-1-163-0000-00-0-00-2-534400,5000,0,-1196.98,3803.02,3109.49,3500,995,-1207,3288,2133.65,3500,0,0,3500,4989.02,3100,0,0,3100,3031.43,2900,0,0,2900,2897.39,2500,0,-17.5,2482.5,2331.44,2450,0,0,2450,2450,2450,0,0,2450,2449.37,2500,0,0,2500,2489.64,2300,85,-20.54,2364.46,2364.46,2324,0,-79.39,2813.01,2807.95,2142,0,0,2142,1840.46,2100,99.35,0,2199.35,2199.35,2100,0,-437.74,1662.26,1479.25,1900,0,0,1900,1306.5,1900,0,0,1900,2201.65,
163,163,REGISTRATION & CENSUS,11632,OFFICE SUPPLIES,540000,0100-1-163-0000-00-0-00-2-540000,250,0,0,250,0,250,0,-0.5,249.5,0,250,0,0,250,0,250,0,0,250,0,250,0,0,250,139.1,250,0,0,250,144.51,200,60,-19.68,240.32,240.32,200,0,0,200,200,386,0,0,386,323.69,450,0,-301.07,148.93,148.93,425,79.39,0,504.39,504.39,510,0,0,510,830,500,48.1,-14.85,533.25,557.84,500,0,-15.5,484.5,273.9,485,0,-12.5,615.7,395.72,612,0,-328.8,283.2,140,
163,163,REGISTRATION & CENSUS,11632,MILEAGE REIMBURSEMENT,571000,0100-1-163-0000-00-0-00-2-571000,200,0,0,200,0,200,0,0,200,0,200,0,0,200,0,200,0,-43.35,156.65,0,200,0,0,200,0,200,0,0,200,0,250,0,-103.98,146.02,146.02,250,0,0,250,200,260,0,0,260,238.81,275,0,-29.6,245.4,245.4,275,0,0,275,259.62,281,0,0,281,275,275,0,0,275,250.41,200,0,0,200,199.8,200,0,0,200,252.17,300,0,-100,200,280.4,
,,REGISTRATION & CENSUS Total,,,,,25950,,,,14646.99,24450,,,,24751.530000000002,24450,,,,22565.170000000002,18050,,,,12883.79,17850,,,,16212.88,13800,,,,9587.15,12800,,,,14718.78,12800,,,,10957.82,13046,,,,14032.519999999999,12475,,,,12077.300000000001,12906,,,,11400.62,12654,,,,10308.619999999999,12805,,,,13202.390000000001,13115,,,,9583.259999999998,12639,,,,8125.72,13699,,,,8163.98,
164,164,TOWN CLERK'S SALARY,11641,SALARIES ELECTED OFFICIALS,512000,0100-1-164-0000-00-0-00-1-512000,79437.5,0,0,79437.5,47175.49,57500,20000,0,77500,77500,54560,0,0,54560,54560,53228.8,0,0,53228.8,53228.8,51678.45,0,0,51678.45,51678.45,50418,0,0,50418,50418,49430.22,0,0,49430.22,49430.16,48461,0,0,48461,48461,47511,0,0,47511,47511,46579,0,0,46579,46579,45666,0,0,45666,45666,43465,0,0,43465,43465,42405,0,0,42405,42405,41371,0,0,41371,41371,40560,0,0,40560,40560,40560,0,-780,39780,39780,
,,TOWN CLERK'S SALARY Total,,,,,79437.5,,,,47175.49,57500,,,,77500,54560,,,,54560,53228.8,,,,53228.8,51678.45,,,,51678.45,50418,,,,50418,49430.22,,,,49430.16,48461,,,,48461,47511,,,,47511,46579,,,,46579,45666,,,,45666,43465,,,,43465,42405,,,,42405,41371,,,,41371,40560,,,,40560,40560,,,,39780,
171,171,CONSERVATION COMMISSION,11711,SALARIES DIVISION/DEPT HEADS,511000,0100-1-171-0000-00-0-00-1-511000,68262.8,0,0,68262.8,40521.96,48095.56,0,-1502.06,46593.5,45101.33,59230.08,0,-3719.65,55510.43,43584.8,56850.48,2871.5,0,59721.98,62127.7,53214.24,1066.92,0,54281.16,54226.64,51908.86,0,0,51908.86,51910.5,48927.06,0,0,48927.06,48928.56,46020.96,890.98,0,46911.94,46599.04,45000,0,-3299.65,41700.35,39661.2,0,0,0,0,0,0,0,0,0,0,0,0,0,0,0,0,0,0,0,0,0,0,0,0,0,0,0,0,0,0,0,0,0,0,0,
171,171,CONSERVATION COMMISSION,11711,SALARIES CLERICAL,511001,0100-1-171-0000-00-0-00-1-511001,11700.5,0,0,11700.5,7334.12,12023.15,2243.54,0,14266.69,13574.39,10116.36,0,0,10116.36,8760.54,0,0,0,0,0,0,0,0,0,0,0,0,0,0,0,0,0,0,0,0,0,0,0,0,0,0,299.65,0,299.65,299.65,32399,0,-8587,23812,23084.72,30694,454,0,31148,31147.27,29801,0,0,29801,29801.31,21601,4827.84,0,26428.84,28508.48,31608,0,0,31608,31466.24,30689,0,0,30689,30688.74,29087,0,-639,28448,28693.43,
171,171,CONSERVATION COMMISSION,11711,LONGEVITY PAY,514002,0100-1-171-0000-00-0-00-1-514002,0,0,0,0,0,0,0,0,0,0,0,0,0,0,0,0,0,0,0,0,0,0,0,0,0,0,0,0,0,0,0,0,0,0,0,0,0,0,0,0,0,0,0,0,0,647,0,0,647,666.4,0,9,0,9,622.34,0,0,0,0,0,0,0,0,0,0,0,0,0,0,0,0,0,0,0,0,0,0,0,0,0,
171,171,CONSERVATION COMMISSION,11712,BRIDGE REPAIR & MTC,521003,0100-1-171-0000-00-0-00-2-521003,0,0,0,0,0,0,0,0,0,0,0,0,0,0,0,0,0,0,0,0,0,0,0,0,0,0,0,0,0,0,0,0,0,0,0,0,0,0,0,0,0,0,0,0,0,0,0,0,0,0,0,0,0,0,0,0,0,0,0,0,0,0,0,0,0,0,0,0,0,0,0,0,0,0,0,500,0,-500,0,0,
171,171,CONSERVATION COMMISSION,11712,PURCHASE OF SERVICE,531006,0100-1-171-0000-00-0-00-2-531006,650,0,-25,625,0,650,0,-560,90,61,650,0,-610,40,0,650,0,0,650,0,650,0,-450,1054.1,854.1,650,150,-300,500,0,650,0,-100,550,0,750,0,-442.99,307.01,712.01,750,0,-750,0,0,750,0,0,750,461.63,750,0,-262.5,487.5,0,750,0,-491.26,258.74,258.43,750,0,0,750,0,750,0,0,750,348.75,750,150,-250,650,563.73,2000,0,-1500,500,500,
171,171,CONSERVATION COMMISSION,11712,RECORDINGS-REGISTRY OF DEEDS,531007,0100-1-171-0000-00-0-00-2-531007,150,0,0,150,0,150,0,-150,0,0,150,0,-150,0,0,150,0,0,150,0,150,0,0,150,0,150,0,0,150,0,150,0,-150,0,0,150,0,-150,0,0,150,0,-150,0,0,150,0,0,150,0,150,0,0,150,0,150,0,-150,0,0,150,0,0,150,0,150,0,0,150,0,150,0,-150,0,0,300,0,-150,150,0,
171,171,CONSERVATION COMMISSION,11712,EDUCATIONAL MATERIALS,531009,0100-1-171-0000-00-0-00-2-531009,0,0,0,0,0,0,0,0,0,0,0,0,0,0,0,0,0,0,0,0,0,0,0,0,0,0,0,0,0,0,0,0,0,0,0,0,0,0,0,0,0,0,0,0,0,0,0,0,0,0,0,0,0,0,0,0,0,0,0,0,0,0,0,0,0,0,0,0,0,0,0,0,0,0,0,0,0,0,0,0,
171,171,CONSERVATION COMMISSION,11712,TRAINING,531012,0100-1-171-0000-00-0-00-2-531012,0,0,0,0,0,0,0,0,0,0,0,0,0,0,0,0,0,0,0,0,0,0,0,0,0,0,0,0,0,0,0,0,0,0,0,0,0,0,0,0,0,0,0,0,0,250,0,0,250,0,250,0,0,250,0,250,0,-250,0,0,250,0,0,250,0,250,0,-250,0,0,250,0,0,250,0,500,0,-500,0,0,
171,171,CONSERVATION COMMISSION,11712,CONSULTANT,531013,0100-1-171-0000-00-0-00-2-531013,0,0,0,0,0,0,0,0,0,0,0,0,0,0,0,0,0,0,0,0,0,0,0,0,0,0,0,0,0,0,0,0,0,0,0,0,0,0,0,0,0,3000,0,3000,3000,12000,8634.75,0,20634.75,22525,12000,0,0,12000,12000,12000,0,0,12000,12000,12000,0,0,12000,12000,12000,0,0,12000,12000,12000,0,0,12000,12000,11324,0,0,12307.2,12781.6,
171,171,CONSERVATION COMMISSION,11712,POSTAGE,534400,0100-1-171-0000-00-0-00-2-534400,500,0,-207.12,292.88,0,500,0,-246.46,253.54,0,500,0,0,500,220.86,500,0,0,500,116.76,650,0,0,650,200,650,0,-400,250,135.61,650,0,0,650,147.79,650,0,0,650,175.18,650,0,-450,200,161.8,650,0,-305.8,344.2,344.2,650,0,0,650,407.74,450,0,-100.72,349.28,349.28,450,0,0,450,307.36,450,0,0,450,260.42,450,250,0,700,477.96,750,0,0,869.93,311.25,
171,171,CONSERVATION COMMISSION,11712,ADVERTISING,534500,0100-1-171-0000-00-0-00-2-534500,750,0,0,750,85,750,425,-180,995,955,750,685,0,1435,1432.53,750,500,0,1250,1150.6,750,1400,0,2150,1790,750,700,0,1450,1520,750,100,0,850,767.6,650,622.99,0,1272.99,1244.6,650,392.44,0,1170.68,1170.68,650,372.21,0,1022.21,924.11,650,262.5,0,912.5,727.9,450,0,-100.4,349.6,349.6,450,0,0,564.5,449.7,450,0,0,450,378.3,450,0,0,450,392.2,1500,0,-1081.05,418.95,407.8,
171,171,CONSERVATION COMMISSION,11712,OFFICE SUPPLIES,540000,0100-1-171-0000-00-0-00-2-540000,650,0,0,650,0,650,0,-78.19,571.81,491.43,650,0,-185,465,296.08,650,0,0,650,208.92,500,0,0,500,197.07,500,0,0,500,237.62,500,250,-100,650,460.6,500,1000,0,1500,447.63,500,2300,-122.44,2677.56,1636.43,500,0,0,500,265.86,500,0,0,500,266.23,550,0,-75.44,474.56,474.56,350,0,0,350,346.8,350,250,0,600,375.81,350,0,0,350,339.6,400,0,-129.11,270.89,270.89,
171,171,CONSERVATION COMMISSION,11712,MILEAGE REIMBURSEMENT,571000,0100-1-171-0000-00-0-00-2-571000,500,0,0,500,450.74,0,310,0,310,241.51,0,200,0,200,0,0,0,0,0,0,0,0,0,0,0,0,0,0,0,0,0,0,0,0,0,0,0,0,0,0,0,0,0,0,0,0,0,0,0,0,0,0,0,0,0,0,0,0,0,0,0,0,0,0,0,0,0,0,0,0,0,0,0,0,0,0,0,0,0,0,
171,171,CONSERVATION COMMISSION,11712,DUES/MEMBERSHIP,573000,0100-1-171-0000-00-0-00-2-573000,366,25,0,391,371,366,180,-100,446,325,366,169,0,535,524,366,0,0,366,293,366,0,0,366,293,366,0,0,366,347,275,91,0,366,356,1600,0,-1030,570,275,1600,0,-1220,380,380,1000,0,-600,400,365,1000,0,0,1000,320,1000,0,-648,352,352,1000,0,0,1000,331,1000,0,0,1000,324,500,0,0,500,318,500,0,-187,313,313,
171,171,CONSERVATION COMMISSION,11712,MEETINGS/SCHOOL,573100,0100-1-171-0000-00-0-00-2-573100,1209,0,0,1209,595,1209,230,-200,1239,970.14,1209,0,-109,1100,1100,1209,0,-500,709,100,1209,250,-1200,259,235,1209,0,-150,1059,115,1300,0,-91,1209,470,0,0,0,0,0,0,0,0,0,0,0,600,0,600,345,0,0,0,0,0,0,0,0,0,0,0,0,0,0,0,0,0,0,0,0,0,0,0,0,0,0,0,0,0,0,
,,CONSERVATION COMMISSION Total,,,,,84738.3,,,,49357.82,64393.71,,,,61719.8,73621.44,,,,55918.810000000005,61125.48,,,,63996.979999999996,57489.24,,,,57795.81,56183.86,,,,54265.73,53202.06,,,,51130.549999999996,50320.96,,,,49453.46,49300,,,,46309.76,48996,,,,48981.92,46644,,,,45491.48,45401,,,,43585.18,37001,,,,41943.34,47008,,,,45153.520000000004,45589,,,,44780.229999999996,46861,,,,43277.97,
175,175,PLANNING BOARD,11751,SALARIES DIVISION/DEPT HEADS,511000,0100-1-175-0000-00-0-00-1-511000,108177.68,0,-6810,101367.68,39040,108177.68,2416.8,-22520,88074.48,39736.8,105539.2,0,0,105539.2,107568.8,103873,0,0,103873,103873,101845.7,0,0,101845.7,101845.7,98343,1974,0,100317,100317,97406.4,0,0,97406.4,97406.4,95492.8,0,0,95492.8,95492.8,90628,1805.52,0,92433.52,92079.3,88333,0,0,88333,88587.46,85000,0,-21082.36,63917.64,62869.64,51888,0,-13585.95,38302.05,37207.56,50170,0,-0.4,50169.6,50169.6,54330,0,0,54330,54238.69,51926,0,0,51926,51926.43,51917,13,-998.33,50931.67,50931.67,
175,175,PLANNING BOARD,11751,SALARIES CLERICAL,511001,0100-1-175-0000-00-0-00-1-511001,48949.56,0,0,48949.56,28123.2,48597.12,0,-6180,42417.12,33451.66,48597.12,3719.65,0,52316.77,58157.76,46955.9,941,0,47896.9,47896.9,45984.8,921.2,0,46906,46906,46229.4,0,0,46229.4,46229.4,44890.56,0,0,44890.56,44890.56,43581.1,862.99,0,44444.09,44442.22,43581,0,0,43581,43582.76,41656,651.96,0,42307.96,42921.9,39484,587,0,40071,40248.75,38296,0,0,38296,39390.49,36654,0,-39.4,36614.6,36614.6,39484,0,0,39484,39427.36,35931,2109.88,0,38040.88,38262.24,41703,1115,-545.86,42272.14,42272.14,
175,175,PLANNING BOARD,11751,LONGEVITY PAY,514002,0100-1-175-0000-00-0-00-1-514002,0,0,0,0,0,2350,0,0,2350,0,2350,0,0,2350,2350,1850,0,0,1850,1850,1850,0,0,1850,1850,1850,0,0,1850,1850,1850,0,0,1850,1850,1510.24,339.76,0,1850,1850,1247,0,0,1247,1299.47,1247,0,0,1247,1285.2,1185,17,0,1202,1200.24,1149,0,-0.62,1148.38,1148.38,1221,0,-121.39,1099.61,1099.61,790,0,0,790,789.68,919,0,0,919,766.71,0,0,0,0,0,
175,175,PLANNING BOARD,11751,SICK LEAVE BUY BACK,517004,0100-1-175-0000-00-0-00-1-517004,0,0,0,0,0,0,0,0,0,0,0,0,0,0,0,0,0,0,0,0,0,0,0,0,0,0,0,0,0,0,0,0,0,0,0,0,0,0,0,0,0,0,0,0,0,0,10732.08,0,10732.08,10732.08,0,0,0,0,0,0,0,0,0,0,0,0,0,0,0,0,0,0,0,0,0,0,0,0,0,0,0,0,0,0,
175,175,PLANNING BOARD,11751,CONTRACT EVALUATION STIPEND,519010,0100-1-175-0000-00-0-00-1-519010,0,0,0,0,0,0,0,0,0,0,0,0,0,0,0,0,0,0,0,0,0,0,0,0,0,0,0,0,0,0,0,0,0,0,0,0,0,0,0,0,0,0,0,0,0,0,0,0,0,0,0,0,0,0,0,0,0,0,0,0,0,0,0,0,0,0,0,0,0,0,0,0,0,0,0,0,0,0,0,0,
175,175,PLANNING BOARD,11752,OFFICE EQUIPMENT MTC,521001,0100-1-175-0000-00-0-00-2-521001,0,0,0,0,0,0,0,0,0,0,0,0,0,0,0,0,0,0,0,0,0,0,0,0,0,0,400,0,400,0,0,0,0,0,0,0,0,0,0,0,0,0,0,0,0,0,0,0,0,0,400,0,-400,0,0,400,0,-119.5,280.5,280.5,400,0,-400,0,0,400,0,-400,0,0,2000,321.21,0,2321.21,2320.88,2000,100,-143.94,1956.06,1956.06,
175,175,PLANNING BOARD,11752,OFFICE EQUIPMENT RENTAL,521002,0100-1-175-0000-00-0-00-2-521002,0,0,0,0,0,0,0,0,0,0,0,0,0,0,0,0,0,0,0,0,0,0,0,0,0,0,0,0,0,0,0,0,0,0,0,0,0,0,0,0,0,0,0,0,0,0,0,0,0,0,0,0,0,0,0,0,0,0,0,0,0,0,0,0,0,0,0,0,0,0,0,0,0,0,0,0,0,0,0,0,
175,175,PLANNING BOARD,11752,UPDATE MAPS,531010,0100-1-175-0000-00-0-00-2-531010,0,0,0,0,0,0,0,0,0,0,0,0,0,0,0,0,0,0,0,0,210,0,-110,100,0,360,0,-174,186,186,250,110,0,360,360,250,0,-250,0,0,250,0,0,250,98,500,0,0,500,260.5,250,150,0,400,400,250,0,-250,0,0,250,0,-250,0,0,250,0,-250,0,0,0,315.53,0,315.53,314.7,1000,252,-1002,250,250,
175,175,PLANNING BOARD,11752,CONSULTANT,531013,0100-1-175-0000-00-0-00-2-531013,0,6810,0,6810,6810,0,28980,0,28980,28980,0,0,0,0,0,0,0,0,0,0,0,0,0,0,0,0,0,0,0,0,0,0,0,0,0,0,0,0,0,0,0,0,0,0,0,0,0,0,0,0,0,8127.36,-2780.77,7701.96,6983.06,2000,10032.8,-4299.84,7732.96,5377.59,2000,0,-1632.5,367.5,367.5,2000,0,-832,1168,1057.64,0,0,0,0,0,0,0,0,0,0,
175,175,PLANNING BOARD,11752,PUBLICATIONS,531017,0100-1-175-0000-00-0-00-2-531017,500,0,0,500,0,500,0,0,500,0,700,0,0,700,40,700,0,-581.42,118.58,96,515,0,0,515,440.17,515,0,0,515,337.21,500,15,0,515,512.95,846,0,-350,496,210,846,0,-200,646,285.7,420,0,-30,390,382.91,339,15,0,354,353.08,394,350,-68.52,675.48,675.48,275,279.48,0,554.48,554.48,275,0,0,275,257.96,200,110,-2.33,307.67,307.67,400,170,-214,356,356,
175,175,PLANNING BOARD,11752,MASTER PLAN CONSULTING FEES,531036,0100-1-175-0000-00-0-00-2-531036,0,0,0,0,0,0,0,0,0,0,0,0,0,0,0,0,0,0,0,0,0,0,0,0,0,0,0,0,0,0,0,0,0,0,0,0,0,0,0,0,0,0,0,0,0,0,0,0,0,0,0,0,0,6169,0,4000,2169,0,10621.38,4452.38,2000,2993.5,0,9402.38,4950,2000,2408.88,0,4408.88,0,0,0,0,0,0,4000,0,-4000,25,0,
175,175,PLANNING BOARD,11752,APDC EXPENSES,531070,0100-1-175-0000-00-0-00-2-531070,0,0,0,0,0,0,0,0,0,0,0,5000,0,5000,0,0,0,0,0,0,0,0,0,0,0,0,0,0,0,0,0,0,0,0,0,0,0,0,0,0,0,0,0,0,0,0,0,0,0,0,0,0,0,0,0,0,0,0,0,0,0,0,0,0,0,0,0,0,0,0,0,0,0,0,0,0,0,0,0,0,
175,175,PLANNING BOARD,11752,PRINTING,534200,0100-1-175-0000-00-0-00-2-534200,300,0,-66.27,233.73,80,300,0,0,300,110,100,0,0,100,0,100,0,0,100,0,285,0,0,285,0,285,0,0,285,0,300,0,-15,285,0,0,0,0,0,0,0,0,0,0,0,0,0,0,0,0,0,0,0,0,0,0,0,0,0,0,0,0,0,0,0,0,0,0,0,0,0,0,0,0,0,0,0,0,0,0,
175,175,PLANNING BOARD,11752,POSTAGE,534400,0100-1-175-0000-00-0-00-2-534400,200,0,-33.11,166.89,0,200,0,0,200,0,200,0,0,200,33.84,200,0,0,200,159.28,200,0,0,200,137.45,200,0,-60,140,91.3,310,0,-110,200,90.41,312,0,0,382.63,50.08,312,0,0,312,227.37,300,0,0,300,279.54,300,0,0,300,287.09,250,0,-105.91,144.09,144.09,300,0,-8.33,291.67,291.67,300,0,0,300,295.06,500,0,-300,200,198.63,500,0,-214.61,285.39,285.39,
175,175,PLANNING BOARD,11752,ADVERTISING,534500,0100-1-175-0000-00-0-00-2-534500,1000,66.27,0,1066.27,350,900,0,0,900,966.27,900,163.91,0,1063.91,961.91,900,0,0,900,778.56,700,110,0,810,801.04,400,254,0,654,543.22,400,900,0,1300,1244.61,400,250,0,650,346.8,400,538.16,0,1030.92,928.08,420,30,0,450,357.24,420,380,0,800,787.76,300,0,-107.64,192.36,192.36,400,62.9,-9.48,453.42,453.42,400,0,-76.88,323.12,323.12,400,0,-273.56,126.44,126.44,400,0,-107.88,292.12,292.12,
175,175,PLANNING BOARD,11752,OFFICE SUPPLIES,540000,0100-1-175-0000-00-0-00-2-540000,1500,0,0,1500,361.9,1500,0,-280,1220,218.88,1500,0,-102,1421.56,1001.57,1500,0,0,1500,574.88,1500,1150,0,2650,1942.59,1500,0,0,1500,454.61,1500,0,0,1500,1291.11,1500,0,-220,1332.11,1092.09,1500,500,0,2450,1994.29,1500,580,0,2080,1602.56,1457,1699.25,0,3156.25,2584.36,1200,0,-212.11,987.89,987.89,1400,8,-11.06,1396.94,1396.94,1400,175,0,1575,1624.7,1400,0,-205.43,1194.57,1132.15,1600,155.02,-224.97,1530.05,1530.05,
175,175,PLANNING BOARD,11752,MILEAGE REIMBURSEMENT,571000,0100-1-175-0000-00-0-00-2-571000,350,0,0,350,156.89,285,0,0,285,0,285,0,-61.91,223.09,34.65,285,0,0,285,0,275,0,0,275,0,275,0,-20,255,67.16,275,0,-120,155,41.88,271,150,0,421,255.58,271,0,0,271,223.26,260,0,0,260,255.43,260,0,-159.14,100.86,100.86,150,0,-125.42,24.58,24.58,250,0,-201.13,48.87,48.87,250,0,-175,75,44.29,250,0,-152.42,97.58,93.08,250,0,-54.45,195.55,195.55,
175,175,PLANNING BOARD,11752,DUES/MEMBERSHIP,573000,0100-1-175-0000-00-0-00-2-573000,700,0,0,700,0,700,0,0,700,0,550,0,0,550,416,550,0,0,550,416,550,0,0,550,416,400,20,0,420,416,350,50,0,400,397,350,200,0,550,540,350,0,0,350,330,379,0,0,379,330,360,0,-360,0,0,249,0,-249,0,0,350,0,-350,0,0,350,0,-350,0,0,350,0,-275,75,75,350,0,-275,75,75,
175,175,PLANNING BOARD,11752,MEETINGS/SCHOOL,573100,0100-1-175-0000-00-0-00-2-573100,1000,0,0,1000,175,1000,0,0,1000,0,1150,0,0,1150,50,1150,0,-1150,0,0,1150,0,-1150,0,0,1450,0,-420,1030,471.67,1500,0,-830,670,510.31,1500,0,-1280,220,220,1500,0,-838.16,661.84,585.9,1500,0,-580,920,355,1500,0,-1325.11,174.89,174.89,1000,0,-820,180,180,500,0,-500,0,0,500,0,-500,0,0,500,462,0,962,961.95,2400,0,-2400,0,0,
,,PLANNING BOARD Total,,,,,162677.24,,,,75096.98999999999,164509.8,,,,103463.61000000002,161871.32,,,,170614.53,158063.9,,,,155644.62,155065.5,,,,154338.95000000004,151807.4,,,,150963.56999999998,149531.96,,,,148595.22999999998,146013.13999999998,,,,144499.56999999998,140885,,,,141634.13,136515,,,,147349.82,130955,,,,115989.73,101526,,,,90061.29999999999,96170,,,,95946.68999999999,102729,,,,98058.49999999999,94376,,,,96485.88,106520,,,,98143.98,
176,176,ZONING BOARD OF APPEALS,11761,SALARIES CLERICAL,511001,0100-1-176-0000-00-0-00-1-511001,1800,0,0,1800,826.4,3000,0,-1200,1800,1495.14,3000,0,-421.84,2578.16,1349.92,3000,0,0,3000,509,3000,0,0,3000,835.83,3000,0,0,3000,856.1,3000,0,0,3000,1642.64,2500,0,0,2500,2098.26,2500,58.59,0,2558.59,2679.6,2500,0,-1285,1215,1215,1800,12,0,1812,973.1,1800,0,-191.08,1608.92,1608.92,1800,0,-804.9,995.1,995.1,1800,0,0,1800,662.6,1800,0,-324.37,1475.63,511.53,1700,0,-993.3,706.7,706.7,
176,176,ZONING BOARD OF APPEALS,11762,CONTRACTED SERVICES,531003,0100-1-176-0000-00-0-00-2-531003,0,0,0,0,0,0,0,0,0,0,0,0,0,0,0,0,0,0,0,0,0,0,0,0,0,0,0,0,0,0,0,0,0,0,0,0,0,0,0,0,0,0,0,0,0,0,0,0,0,0,0,0,0,0,0,0,0,0,0,0,0,0,0,0,0,0,0,0,0,0,0,0,0,0,0,0,0,0,0,0,
176,176,ZONING BOARD OF APPEALS,11762,CONSULTANT,531013,0100-1-176-0000-00-0-00-2-531013,0,0,0,0,0,0,0,0,0,0,0,0,0,0,0,0,0,0,0,0,0,0,0,0,0,0,0,0,0,0,0,0,0,0,0,0,0,0,0,0,0,0,0,0,0,0,0,0,0,0,0,0,0,0,0,0,0,0,0,0,0,0,0,0,0,0,0,0,0,0,0,0,0,0,0,0,0,0,0,0,
176,176,ZONING BOARD OF APPEALS,11762,PRINTING,534200,0100-1-176-0000-00-0-00-2-534200,300,0,-300,0,0,0,0,0,0,0,0,0,0,0,0,0,0,0,0,0,0,0,0,0,0,0,0,0,0,0,0,0,0,0,0,25,0,0,25,11.1,25,136,-150.94,10.06,0,25,0,-25,0,0,25,0,0,25,0,25,0,-25,0,0,25,0,0,25,0,25,0,0,25,0,25,0,0,25,0,25,0,-25,0,0,
176,176,ZONING BOARD OF APPEALS,11762,POSTAGE,534400,0100-1-176-0000-00-0-00-2-534400,0,300,-172.3,127.7,0,0,200,0,200,183.71,0,0,0,0,145,0,0,0,0,89.8,0,0,0,0,68.2,0,0,0,0,110,0,0,0,0,23.3,500,0,0,500,500,500,0,0,500,276.11,500,0,-203.33,296.67,296.67,500,0,0,500,381.37,500,0,-204.55,295.45,295.45,500,0,-192.83,307.17,301.18,500,0,0,544,272.39,500,0,0,500,203.73,500,0,-262.1,237.9,237.9,
176,176,ZONING BOARD OF APPEALS,11762,ADVERTISING,534500,0100-1-176-0000-00-0-00-2-534500,2000,0,0,2000,630,600,840,0,1760,1760,600,381.84,0,981.84,1161.84,600,0,0,630,530,600,260,0,860,1220,600,0,0,600,440,600,0,0,600,1279.4,600,235.9,0,835.9,901.3,600,92.35,0,692.35,743.05,600,286.88,-29.03,895.05,895.05,600,0,0,600,471.8,600,350,-11.8,938.2,938.2,600,0,0,600,668.92,600,33.28,0,633.28,671.48,603,155.9,0,758.9,670.5,603,0,-428.2,174.8,174.8,
176,176,ZONING BOARD OF APPEALS,11762,OFFICE SUPPLIES,540000,0100-1-176-0000-00-0-00-2-540000,100,0,0,100,0,0,200,-40,171.11,25.39,0,40,0,61.29,49.07,0,100,0,100,74.69,0,0,0,0,0,0,0,0,0,55,0,0,0,0,66.1,100,0,0,100,98.7,100,0,0,100,161,100,0,-86.88,13.12,13.12,100,0,0,100,100,100,50,-12.83,137.17,137.17,100,110.02,0,210.02,228.15,100,0,0,154.87,136.79,100,168.47,0,268.47,213.6,100,0,-90.06,9.94,9.94,
176,176,ZONING BOARD OF APPEALS,11762,MILEAGE REIMBURSEMENT,571000,0100-1-176-0000-00-0-00-2-571000,0,0,0,0,0,0,0,0,0,0,0,0,0,0,0,0,0,0,0,0,0,0,0,0,0,0,0,0,0,0,0,0,0,0,0,0,0,0,0,0,0,0,0,0,0,0,0,0,0,0,0,0,0,0,0,0,0,0,0,0,0,0,0,0,0,0,0,0,0,0,0,0,0,0,0,0,0,0,0,0,
176,176,ZONING BOARD OF APPEALS,11762,DUES/MEMBERSHIP,573000,0100-1-176-0000-00-0-00-2-573000,0,0,0,0,0,0,0,0,0,0,0,0,0,0,0,0,0,0,0,0,0,0,0,0,0,0,0,0,0,0,0,0,0,0,0,0,0,0,0,0,0,0,0,0,0,0,0,0,0,0,0,0,0,0,0,0,0,0,0,0,50,0,0,50,0,50,0,-33.28,16.72,0,50,0,0,50,0,50,0,-50,0,0,
176,176,ZONING BOARD OF APPEALS,11762,MEETINGS/SCHOOL,573100,0100-1-176-0000-00-0-00-2-573100,300,0,0,300,0,300,0,0,300,165,300,0,0,300,190,300,0,-100,200,0,300,0,-260,40,0,300,0,0,300,0,300,0,0,300,150,250,0,-235.9,14.1,0,250,0,-136,114,70,250,0,-15,235,235,250,0,0,250,105,250,0,-250,0,0,250,100,0,350,343.94,250,0,0,250,0,250,0,0,250,85,250,0,-170,80,80,
,,ZONING BOARD OF APPEALS Total,,,,,4500,,,,1456.4,3900,,,,3629.2400000000002,3900,,,,2895.8300000000004,3900,,,,1203.49,3900,,,,2124.03,3900,,,,1461.1,3900,,,,3161.44,3975,,,,3609.3599999999997,3975,,,,3929.76,3975,,,,2654.84,3275,,,,2031.27,3275,,,,2979.7400000000002,3325,,,,2537.29,3325,,,,1743.26,3328,,,,1684.36,3228,,,,1209.3400000000001,
178,178,ARCHITECTURAL PRESERVATION DIS,11782,APDC EXPENSES,531070,0100-1-178-0000-00-0-00-2-531070,5000,0,0,5000,0,5000,0,0,5000,40,0,0,0,0,0,0,0,0,0,0,0,0,0,0,0,0,0,0,0,0,0,0,0,0,0,0,0,0,0,0,0,0,0,0,0,0,0,0,0,0,0,0,0,0,0,0,0,0,0,0,0,0,0,0,0,0,0,0,0,0,0,0,0,0,0,0,0,0,0,0,
,,ARCHITECTURAL PRESERVATION DIS Total,,,,,5000,,,,0,5000,,,,40,0,,,,0,0,,,,0,0,,,,0,0,,,,0,0,,,,0,0,,,,0,0,,,,0,0,,,,0,0,,,,0,0,,,,0,0,,,,0,0,,,,0,0,,,,0,0,,,,0,
192,192,PUBLIC BUILDINGS,11922,ELECTRICITY CHARGES,521011,0100-1-192-0000-00-0-00-2-521011,100000,0,-6805,105132.55,60542.74,100000,2622.11,-5500,106486.52,91926.86,130000,0,-4020.85,133009.01,119178.94,130000,8930.17,0,143826.23,136675.69,130000,9000,0,143500,128776.82,138000,0,0,138000,118723.6,138000,0,0,142074,123236.58,138000,7392.13,-6540.38,140847.6,134777.75,138000,15572.31,0,153572.31,151533.09,138000,14239.39,-393.09,151846.3,151846.3,134900,13311.16,0,148211.16,148211.16,141830,0,-13466.78,128363.22,128363.22,59400,4141.17,0,63541.17,68384.22,54000,6765.09,0,60765.09,65509.71,52839,10000,0,62839,66471.51,58710,0,0,58710,65748.07,
192,192,PUBLIC BUILDINGS,11922,HEATING CHARGES/FUEL OIL,521012,0100-1-192-0000-00-0-00-2-521012,34861,0,0,34861,14982.33,34861,4000,0,38861,38861,34861,2720.85,0,37581.85,37581.85,34861,2000,-1000,35861,35682.89,34861,0,-12500,22361,21805.04,39861,0,-2500,37361,20998.35,39861,0,-5000,34861,29603.37,39861,0,-16929.48,22931.52,22931.52,38700,0,-19008.42,19691.58,19691.58,43000,0,-28239.39,14760.61,14760.61,40000,0,-13777.86,26222.14,26222.14,6050,36229.41,-6180.43,36098.98,36098.98,5500,0,0,5500,0,5000,0,0,5000,0,5000,0,0,5000,0,5000,0,-3719.96,1280.04,0,
192,192,PUBLIC BUILDINGS,11922,RUBBISH REMOVAL CHARGES,521013,0100-1-192-0000-00-0-00-2-521013,18000,0,0,18000,12289.23,17100,0,0,18521.41,18521.41,17100,0,0,18521.41,17056.92,17100,0,0,17100,15635.51,17100,0,0,17100,15984.48,17100,0,0,17100,15655.68,17100,0,0,17100,15199.68,17100,0,-2258.72,14841.28,14841.28,17100,0,-980.35,16119.65,16119.65,17100,0,-2634,14466,14466,17100,0,-2861.56,15414.38,15414.18,17100,0,-2000,15100,12935.34,0,0,0,0,0,0,0,0,0,0,0,0,0,0,0,0,0,0,0,0,
192,192,PUBLIC BUILDINGS,11922,HEATING CHARGES/NATURAL GAS,521025,0100-1-192-0000-00-0-00-2-521025,37040,0,0,37260.93,19990.82,37040,1500,0,38540,38319.07,37040,0,0,37040,30346.84,37040,0,-4800,32240,32155.08,37040,0,-450,36590,28432.96,32040,2500,0,35240,28805.26,32040,5000,0,37143.72,30063.02,32040,4500,-1411.24,35172.13,35068.41,32040,1242.89,0,33282.89,33282.89,35600,0,-6183.37,29416.63,29416.63,32696,4022.56,0,36718.56,36708.56,62215,0,-29370.17,32844.83,32844.83,11000,0,0,11000,14797.1,10000,0,0,10000,13121.92,12550,0,0,12899.22,15220.19,12550,2349.22,0,14899.22,12892.33,
192,192,PUBLIC BUILDINGS,11922,ADDITIONAL UTILITIES-LIBRARY,521027,0100-1-192-0000-00-0-00-2-521027,0,0,0,0,0,0,0,0,0,0,0,0,0,0,0,0,0,0,0,0,0,0,0,0,0,0,0,0,0,0,0,0,0,0,0,0,0,0,0,0,0,0,0,0,0,0,14251,0,14251,0,0,0,0,0,0,0,0,0,0,0,0,0,0,0,0,0,0,0,0,0,0,0,0,0,0,0,0,0,0,0,
192,192,PUBLIC BUILDINGS,11922,WATER CHARGES,523001,0100-1-192-0000-00-0-00-2-523001,6695,6805,0,13500,11103.58,6695,1400,0,8095,8095,6695,1300,0,7995,7951.62,6695,0,-1900,4795,4750.59,6695,450,0,7145,6805.1,6695,0,0,6695,4503.69,6695,0,0,6695,4310.85,6695,0,-175.97,6519.03,6519.03,6500,0,-550.47,5949.53,5949.53,6500,0,-1155.04,5344.96,5344.96,8224,0,-3024.3,5199.7,5199.7,8224,0,-2865.6,5358.4,5098.35,5000,0,0,5000,2222.49,5000,0,0,5000,2350.36,5000,0,0,5000,1964.3,5000,0,0,5000,1578.89,
192,192,PUBLIC BUILDINGS,11922,SEWER USAGE FEE,523003,0100-1-192-0000-00-0-00-2-523003,9857.1,0,0,9857.1,7430.68,9857.1,0,0,9857.1,9857.1,9857.1,0,0,9857.1,7855.78,9857.1,0,-3200,6657.1,6466.8,9857.1,0,0,9857.1,8104.41,9857.1,0,0,9857.1,6282.79,9857.1,0,0,9857.1,5080.5,9857.1,0,-413.12,9443.98,9443.98,9570,0,-1648.66,7921.34,7921.34,11000,0,-1547.48,9452.52,9452.52,8700,90.96,0,8790.96,8790.96,8700,1865.6,-1397.1,9168.5,9168.5,3000,0,0,3000,2637.36,3000,0,0,3000,2033.1,2000,0,0,2000,2094.43,2000,600,0,2600,2220.75,
192,192,PUBLIC BUILDINGS,11922,SEWER CONNECTION FEES,523004,0100-1-192-0000-00-0-00-2-523004,0,0,0,0,0,0,0,0,0,0,0,0,0,0,0,0,0,0,0,0,0,0,0,0,0,0,0,0,0,0,0,0,0,0,0,0,0,0,0,0,0,0,0,0,0,0,0,0,0,0,0,0,0,0,0,0,0,0,0,0,0,0,0,0,0,0,0,0,0,0,0,0,0,0,0,0,0,0,0,0,
192,192,PUBLIC BUILDINGS,11922,REPAIRS & MAINTENANCE,524100,0100-1-192-0000-00-0-00-2-524100,0,0,0,0,0,0,0,0,0,0,0,0,0,0,0,0,0,0,0,0,0,0,0,0,0,0,0,0,0,0,0,0,0,0,0,0,0,0,0,0,0,0,0,0,0,0,0,0,0,0,0,0,0,0,0,0,0,0,0,0,0,0,0,0,0,0,0,0,0,750,300,0,0,300,819.93,300,0,0,300,0,
192,192,PUBLIC BUILDINGS,11922,ENG SERV - NEW LIBRARY ROOF,531037,0100-1-192-0000-00-0-00-2-531037,0,0,0,0,0,0,0,0,0,0,0,0,0,0,0,0,0,0,0,0,0,0,0,0,0,0,0,0,0,0,0,0,0,0,0,0,0,0,0,0,0,0,0,0,0,0,0,0,0,0,0,0,0,0,0,0,0,0,0,0,0,0,0,0,0,0,0,0,0,0,0,0,0,0,0,0,0,0,0,0,
192,192,PUBLIC BUILDINGS,11922,RENO & SPACE NEEDS ANALYSIS,531038,0100-1-192-0000-00-0-00-2-531038,0,0,0,0,0,0,0,0,0,0,0,0,0,0,0,0,0,0,0,0,0,0,0,0,0,0,0,0,0,0,0,0,0,0,0,0,0,0,0,0,0,0,0,0,0,0,0,0,0,0,0,0,0,0,0,0,0,0,0,0,0,0,0,0,0,0,0,0,0,0,0,0,0,0,0,0,0,0,0,0,
192,192,PUBLIC BUILDINGS,11922,LANDSCAPE ARCHITECTURAL SERV,531051,0100-1-192-0000-00-0-00-2-531051,0,0,0,0,0,0,0,0,0,0,0,0,0,0,0,0,0,0,0,0,0,0,0,0,0,0,0,0,0,0,0,0,0,0,0,0,0,0,0,0,0,0,0,10000,10000,0,0,0,0,0,0,0,0,0,0,0,0,0,0,0,0,0,0,0,0,0,0,0,0,0,0,0,0,0,0,0,0,0,0,0,
192,192,PUBLIC BUILDINGS,11922,OFFICE SUPPLIES,540000,0100-1-192-0000-00-0-00-2-540000,0,0,0,0,0,0,0,0,0,0,0,0,0,0,0,0,0,0,0,0,0,0,0,0,0,0,0,0,0,0,0,0,0,0,0,0,0,0,0,0,0,0,0,0,0,0,0,0,0,0,0,0,0,0,0,0,0,0,0,0,0,0,0,0,0,0,0,0,0,0,0,0,0,0,0,0,0,0,0,0,
192,192,PUBLIC BUILDINGS,11922,REPLACE OFFICE FURNITURE/EQUIP,587041,0100-1-192-0000-00-0-00-2-587041,0,0,0,0,0,0,0,0,0,0,0,0,0,0,0,0,0,0,0,0,0,0,0,0,0,0,0,0,0,0,0,0,0,0,0,0,0,0,0,0,0,0,0,0,0,0,0,0,0,0,0,0,0,0,0,0,0,0,0,0,0,0,0,0,0,0,0,0,0,0,0,3342.93,0,3342.93,0,0,0,0,0,0,
,,PUBLIC BUILDINGS Total,,,,,206453.1,,,,126339.38,205553.1,,,,205580.44,235553.1,,,,219971.95,235553.1,,,,231366.56000000003,235553.1,,,,209908.81000000003,243553.1,,,,194969.37000000002,243553.1,,,,207494,243553.1,,,,223581.97,241910,,,,244498.07999999996,251200,,,,225287.01999999996,241620,,,,240546.69999999998,244119,,,,224509.22,83900,,,,88041.17000000001,77000,,,,83765.09000000001,77689,,,,86570.35999999999,83560,,,,82440.04000000001,
193,193,DIRECTOR OF FACILITIES & GROUN,11931,SALARIES DIVISION/DEPT HEADS,511000,0100-4-193-0000-00-0-00-1-511000,67284.13,9717.52,-9717.52,67284.13,39958.07,68701.98,0,0,68701.98,68659.46,65642.96,23795.15,0,89438.11,89438.11,60956.03,1523.9,0,62479.93,62243.49,59469.58,0.05,0,59469.63,59469.63,57099.44,0,0,57099.44,52522.81,61620,296.55,0,61916.55,11603.52,61620,0,0,61620,61620,59155,2021.46,0,61176.46,61176.46,59665,0,-1731.82,57933.18,57933.18,52961,5307.63,0,58268.63,58268.63,51903,916.84,0,52819.84,52819.84,51704,12.02,0,51716.02,51716.02,50886,0,-150.13,50735.87,50735.87,38180,11707.28,0,49887.28,49887.28,38180,0,-732.32,37447.68,37447.68,
193,193,DIRECTOR OF FACILITIES & GROUN,11931,SALARIES STAFF,511003,0100-4-193-0000-00-0-00-1-511003,48576.74,9717.52,-9717.52,48576.74,29272.04,48576.74,0,0,48576.74,48576.74,46413.94,0,-10795.15,35618.79,18672.26,50000,0,0,50000,34677.57,0,0,0,0,0,0,0,0,0,0,0,0,0,0,0,0,0,0,0,0,0,0,0,0,0,0,0,0,0,0,0,0,0,0,0,0,0,0,0,0,0,0,0,0,0,0,0,0,0,0,0,0,0,0,0,0,0,0,0,0,
193,193,DIRECTOR OF FACILITIES & GROUN,11931,CUSTODIAL & MTC SALARIES,511012,0100-4-193-0000-00-0-00-1-511012,0,0,0,0,0,0,0,0,0,0,0,0,0,0,0,0,0,0,0,0,0,0,0,0,0,0,3931.47,0,3931.47,3931.47,44658.64,893.16,0,45551.8,45551.76,44658.64,0.04,0,44658.68,44658.68,41827,1263.84,0,43090.84,43090.84,40904,1286.56,0,42190.56,42190.56,39181,1796.5,0,40977.5,40977.5,37674,144.34,-144.56,37673.78,37673.78,18082,14365,-4.38,32442.62,32442.62,17555,0,-9364.33,8190.67,8190.67,0,1910.05,0,1910.05,1910.05,33904,595,-1224.19,33274.81,33274.81,
193,193,DIRECTOR OF FACILITIES & GROUN,11931,SALARIES DIRECTORS,511013,0100-4-193-0000-00-0-00-1-511013,103694.48,12470.08,0,116164.56,68193.2,100251.56,6146.56,0,106398.12,106440.64,85000,0,0,85000,65865.32,0,0,0,0,0,0,0,0,0,0,0,0,0,0,0,0,0,0,0,0,0,0,0,0,0,0,0,0,0,0,0,0,0,0,0,0,0,0,0,0,0,0,0,0,0,0,0,0,0,0,0,0,0,0,0,0,0,0,0,0,0,0,0,0,0,
193,193,DIRECTOR OF FACILITIES & GROUN,11931,SALARIES OVERTIME,513000,0100-4-193-0000-00-0-00-1-513000,2082.53,0,0,2082.53,0,2082.53,0,0,2082.53,2082.53,2082.53,0,0,2082.53,749.69,2082.53,82.57,0,2165.1,987.93,2082.53,0,-0.05,2082.48,1495.93,2082.53,0,0,2082.53,1993.31,2082.53,0,0,2082.53,1872.44,2082.53,440.97,0,2523.5,2523.5,2000,2.43,-275.58,1726.85,737.53,2000,339.08,0,2339.08,2339.08,2000,391.4,0,2391.4,2391.4,2122,0,-956.97,1165.03,757.81,2060,1172,-183.85,3048.15,3048.15,2000,0,-314.58,1685.42,1685.42,2000,0,-976.04,1023.96,1023.96,1000,1285.63,0,2285.63,2285.63,
193,193,DIRECTOR OF FACILITIES & GROUN,11931,LONGEVITY PAY,514002,0100-4-193-0000-00-0-00-1-514002,1350,0,0,1350,0,1350,0,0,1350,1350,1350,0,0,1350,1350,850,0,0,850,850,850,0,0,850,850,850,0,0,850,850,3835.69,403.41,0,4239.1,850,3835.69,0,-1694.55,2141.14,2141.14,1627,48.93,0,1675.93,1675.93,1196,107.5,0,1303.5,1303.5,1192,119.16,0,1311.16,1311.16,1187,4.64,0,1191.64,1191.64,1145,18.34,0,1163.34,1163.34,1145,0,0,1145,1144.91,487,0,-487,0,0,763,75.13,0,838.13,838.13,
193,193,DIRECTOR OF FACILITIES & GROUN,11931,UNIFORM ALLOWANCE,519001,0100-4-193-0000-00-0-00-1-519001,0,0,0,0,0,0,0,0,0,0,0,0,0,0,0,0,0,0,0,0,0,0,0,0,0,0,0,0,0,0,0,0,0,0,0,0,0,0,0,0,1300,700,0,2000,2000,1300,0,0,1300,1300,1300,0,0,1300,1300,1300,0,0,1300,1300,1300,0,0,1300,1300,1300,0,-614.37,685.63,650,488,162,0,650,650,1138,0,-0.5,1137.5,1137.5,
193,193,DIRECTOR OF FACILITIES & GROUN,11931,STIPENDS,519005,0100-4-193-0000-00-0-00-1-519005,6500,0,0,6500,4000,6500,0,0,6500,6500,6500,0,0,6500,6500,6500,0,0,6500,6500,6500,0,0,6500,6500,6500,0,0,6500,6500,6500,0,0,6500,6500,6500,0,0,6500,6500,6500,0,0,6500,6500,6500,125,0,6625,6625,6500,0,-35.71,6464.29,6464.29,6500,35.71,0,6535.71,6535.71,6500,0,0,6500,6500,6500,0,0,6500,6535.72,6500,39.3,0,6539.3,6539.3,6500,0,0,6500,6500,
193,193,DIRECTOR OF FACILITIES & GROUN,11931,CONTRACT EVALUATION STIPEND,519010,0100-4-193-0000-00-0-00-1-519010,1600,0,0,1600,800,1600,0,0,1600,1600,1600,0,0,1600,1600,1600,0,0,1600,800,800,0,0,800,800,800,0,0,800,800,0,0,0,0,0,0,0,0,0,0,0,0,0,0,0,0,0,0,0,0,0,0,0,0,0,0,0,0,0,0,0,0,0,0,0,0,0,0,0,0,0,0,0,0,0,0,0,0,0,0,
193,193,DIRECTOR OF FACILITIES & GROUN,11932,SALARIES STAFF,511003,0100-4-193-0000-00-0-00-2-511003,0,0,0,0,0,0,0,0,0,0,0,0,0,0,0,0,0,0,0,0,0,0,0,0,0,0,0,0,0,0,0,0,0,0,0,0,0,0,0,0,0,0,0,0,0,0,0,0,0,0,0,0,0,0,0,0,0,0,0,0,0,0,0,0,0,0,0,0,0,0,0,0,0,0,0,0,0,0,0,0,
193,193,DIRECTOR OF FACILITIES & GROUN,11932,BLDG REPAIRS & MTC,521004,0100-4-193-0000-00-0-00-2-521004,0,0,0,0,0,0,0,0,0,0,0,0,0,0,0,0,0,0,0,0,0,0,0,0,0,0,0,0,0,0,0,0,0,0,0,0,0,0,0,0,0,0,0,0,0,0,0,0,0,0,0,0,0,0,0,0,0,0,0,0,0,0,0,0,0,0,0,0,0,0,0,0,0,0,0,0,0,0,0,0,
193,193,DIRECTOR OF FACILITIES & GROUN,11932,SEWERAGE DISPOSAL,521006,0100-4-193-0000-00-0-00-2-521006,0,0,0,0,0,0,0,0,0,0,0,0,0,0,0,0,0,0,0,0,0,0,0,0,0,0,0,0,0,0,0,0,0,0,0,0,0,0,0,0,0,0,0,0,0,0,0,0,0,0,0,0,0,0,0,0,0,0,0,0,0,0,0,0,0,0,0,0,0,0,0,0,0,0,0,0,0,0,0,0,
193,193,DIRECTOR OF FACILITIES & GROUN,11932,ADDITIONAL UTILITIES-LIBRARY,521027,0100-4-193-0000-00-0-00-2-521027,0,0,0,0,0,0,0,0,0,0,0,0,0,0,0,0,0,0,0,0,0,0,0,0,0,0,0,0,0,0,0,0,0,0,0,0,0,0,0,0,0,0,0,0,0,14251,0,-14251,0,0,0,0,0,0,0,0,0,0,0,0,0,0,0,0,0,0,0,0,0,0,0,0,0,0,0,0,0,0,0,0,
193,193,DIRECTOR OF FACILITIES & GROUN,11932,TOWN BETTERMENT COSTS,523005,0100-4-193-0000-00-0-00-2-523005,71209,0,0,71209,0,71209,0,0,71209,71209,76701,0,0,76701,73039,76701,0,0,76701,74870,76701,0,0,76701,76701,78531,0,0,78531,78531,80362,0,0,80362,76161.32,82193,0,0,82193,82193,84023,0,0,84023,84023,85854,0,0,85854,85854,87684,0,0,87684,87684,89516,0,0,89516,89516,0,0,0,0,0,0,0,0,0,0,0,0,0,0,0,0,0,0,0,0,
193,193,DIRECTOR OF FACILITIES & GROUN,11932,NEW EQUIPMENT MTC,524200,0100-4-193-0000-00-0-00-2-524200,0,0,0,0,0,0,0,0,0,0,0,0,0,0,0,0,0,0,0,0,0,0,0,0,0,0,0,0,0,0,0,0,0,0,0,0,0,0,0,0,0,0,0,0,0,0,0,0,0,0,0,0,0,0,0,0,0,0,0,0,0,0,0,0,0,0,0,0,0,0,1140,0,-1140,0,0,2000,0,-2000,0,0,
193,193,DIRECTOR OF FACILITIES & GROUN,11932,CONTRACTED SERVICES,531003,0100-4-193-0000-00-0-00-2-531003,90000,0,0,90000,60606.17,240000,6928.51,-22400,229496.01,227635.86,225000,0,0,225620.5,226704.61,225000,0,-13000,236940,192336.94,225000,0,-76002.64,172364.36,142471.47,205000,3000,-6186.04,201813.96,140212.7,115717.23,0,-41308.19,90421.65,90664.65,74717.23,23012.61,-402.48,142947.62,126935.01,72541,39992.83,0,112533.83,66913.57,70000,15500,-22.31,85477.69,85477.69,69724,295,-2133.84,67885.16,67885.16,60000,0,-1837.96,63962.04,63707.04,80000,1019.41,-5500,75519.41,69719.41,80000,0,-4755.12,81744.88,81744.88,72900,0,-6510.49,70732.01,63732.01,95000,0,-3737.59,91262.41,86919.91,
193,193,DIRECTOR OF FACILITIES & GROUN,11932,PURCHASE OF SERVICE,531006,0100-4-193-0000-00-0-00-2-531006,150000,0,-10000,140000,53025.52,0,0,0,2500,2500,10000,0,0,10000,0,10000,0,0,10000,5700,10000,0,0,10000,0,10000,0,0,10000,5250,10000,0,-7000,3000,3000,10000,0,-5000,5000,5000,10000,0,-10000,0,0,10000,0,-5200,4800,4800,5000,0,-5000,0,0,5000,1600,0,6600,6600,10000,0,-9766.39,233.61,233.61,10000,0,-9759.2,6440.8,3840.8,10000,0,0,18000,11800,10000,0,-2000,17520,5750,
193,193,DIRECTOR OF FACILITIES & GROUN,11932,LANDFILL MONITORING COSTS,531039,0100-4-193-0000-00-0-00-2-531039,0,0,0,0,0,0,0,0,0,0,7500,0,0,7500,6965,7500,0,0,7500,6965,7500,7000,0,14500,8765,7500,2690,0,10190,10190,7500,25,0,7525,7525,7500,630,0,8130,8130,7500,0,-575,6925,6925,7500,360,0,7860,7860,8000,0,-245,7755,7755,8000,0,0,8000,7700,8000,2102,-1172,8930,8930,8000,355,0,13955,13955,7500,0,0,9225.29,895,2500,600,0,6900,5174.71,
193,193,DIRECTOR OF FACILITIES & GROUN,11932,CONTRACTUAL TEEN CTR EXPENSES,531041,0100-4-193-0000-00-0-00-2-531041,10000,10000,0,20725.64,8265.67,10000,20033.64,0,30033.64,27114.3,10000,0,0,10172.47,8044.91,10000,3500,0,13500,12893.16,10000,0,0,10834.83,7261.8,10000,3000,-3000,10000,9064.84,10000,5000,-2847.39,12152.61,12152.61,10000,2000,-554.67,11445.33,11445.33,10000,0,-2622.13,7377.87,6916.34,10000,0,-1951.95,8048.05,8048.05,10592,0,-2601.97,7990.03,7990.03,10592,0,0,10592,9458.46,10592,0,-3746.31,6845.69,6845.69,9629,0,-2793.43,6835.57,6835.57,9170,0,-1174.63,7995.37,7995.37,9170,0,-3165.31,6004.69,6004.69,
193,193,DIRECTOR OF FACILITIES & GROUN,11932,CONTRACTED CLEANING SERVICES,531042,0100-4-193-0000-00-0-00-2-531042,86000,0,-2752.56,83247.44,40195,86000,0,0,86000,86000,86000,0,0,86000,71173.75,86000,0,0,86000,63257.5,62000,24000,0,86000,75301.71,62000,496.04,0,62496.04,62178.44,62000,1148.04,-4906.7,58241.34,58241.34,46818,15000,-3241.8,58576.2,58576.2,46818,0,-593,46225,46225,45000,0,-1393.2,43606.8,43606.8,45000,34,0,45034,45034,47250,0,-3737,43513,43513,45000,2048,-560,46488,46488,45000,0,-812,44188,44188,45000,0,-1872,43128,43128,0,0,0,0,0,
193,193,DIRECTOR OF FACILITIES & GROUN,11932,DEPARTMENT EXPENSES,531043,0100-4-193-0000-00-0-00-2-531043,5492,0,0,5492,3044.92,5492,0,0,5492,5492,0,0,0,0,0,0,0,0,0,0,0,0,0,0,0,0,0,0,0,0,0,0,0,0,0,0,0,0,0,0,0,0,0,0,0,0,0,0,0,0,0,0,0,0,0,0,0,0,0,0,0,0,0,0,0,0,0,0,0,0,0,0,0,0,0,0,0,0,0,0,
193,193,DIRECTOR OF FACILITIES & GROUN,11932,BUILDING CONDITION ASSESSMENT,531053,0100-4-193-0000-00-0-00-2-531053,0,0,0,0,0,0,0,0,0,0,0,0,0,0,0,0,0,0,0,0,0,0,0,0,0,0,0,0,0,0,0,0,0,0,0,0,53317.2,0,53317.2,53317.2,0,0,0,0,0,0,0,0,0,0,0,0,0,0,0,0,0,0,0,0,0,0,0,0,0,0,0,0,0,0,0,0,0,0,0,0,0,0,0,0,
193,193,DIRECTOR OF FACILITIES & GROUN,11932,TOWN HALL REMEDIATION PROJECT,531054,0100-4-193-0000-00-0-00-2-531054,0,0,0,0,0,0,0,0,0,0,0,0,0,0,0,0,0,0,0,0,0,0,0,0,0,0,0,0,7650,7650,0,7650,0,26150,0,0,65722,-15791.81,49930.19,31430.19,0,0,0,0,0,0,0,0,0,0,0,0,0,0,0,0,0,0,0,0,0,0,0,0,0,0,0,0,0,0,0,0,0,0,0,0,0,0,0,0,
193,193,DIRECTOR OF FACILITIES & GROUN,11932,CUSTODIAL SUPPLIES,541001,0100-4-193-0000-00-0-00-2-541001,7166,0,0,7166,5661.33,7166,1000,0,8166,8166,7166,0,0,7166,6641.76,7166,1500,-30.17,8635.83,8497.07,7166,0,0,7166,3371.22,7166,0,0,7166,6568.35,7166,2062.11,0,9228.11,9228.11,7166,0,-3833.74,3332.26,3332.26,7166,0,-317.6,6848.4,6848.4,6500,0,-1592.53,4907.47,4907.47,6500,0,-3423.42,3076.58,3076.58,6500,0,-1600,4900,4602.92,6500,0,-1613.83,4886.17,4886.17,6500,0,-78.46,6421.54,6421.54,6500,0,-427.43,6072.57,6072.57,6458,101.15,-824.95,5734.2,5734.2,
193,193,DIRECTOR OF FACILITIES & GROUN,11932,BUILDING MTC SUPPLIES,541002,0100-4-193-0000-00-0-00-2-541002,15856.5,0,0,15856.5,15434.47,15856.5,0,0,15869.23,12960.93,15856.5,0,0,16356.5,12482.85,15856.5,8000,0,23985.5,16660.67,15856.5,0,0,16086.5,12703.34,15856.5,0,0,15856.5,13551.65,15856.5,5000,-2138.89,18717.61,18400.57,14850,0,-3954.84,10895.16,10895.16,14850,1883.61,0,16733.61,16750.44,13500,0,-4097.28,9402.72,9402.72,13500,201.45,0,13701.45,13701.45,13500,0,0,13500,12697.74,7500,5500,-2089.99,10910.01,10910.01,7500,4000,-409.84,11090.16,11090.16,7500,0,-1047.72,6452.28,6452.28,7500,0,-1563.42,6172.73,6172.73,
193,193,DIRECTOR OF FACILITIES & GROUN,11932,COVID PPE SUPPLIES,541026,0100-4-193-0000-00-0-00-2-541026,0,0,0,0,0,0,0,0,0,0,0,0,0,0,0,0,0,0,0,0,0,9000,0,9000,7000.84,0,0,0,0,0,0,0,0,0,0,0,0,0,0,0,0,0,0,0,0,0,0,0,0,0,0,0,0,0,0,0,0,0,0,0,0,0,0,0,0,0,0,0,0,0,0,0,0,0,0,0,0,0,0,0,
193,193,DIRECTOR OF FACILITIES & GROUN,11932,RITTER DRAINAGE SYSTEM,543012,0100-4-193-0000-00-0-00-2-543012,0,0,0,0,0,0,0,0,0,0,0,0,0,0,0,0,0,0,0,0,0,0,0,0,0,0,0,0,0,0,0,0,0,0,0,0,2000,-52.48,1947.52,1947.52,0,0,0,0,0,0,0,0,0,0,0,0,0,0,0,0,0,0,0,0,0,0,0,0,0,0,0,0,0,0,0,0,0,0,0,0,0,0,0,0,
193,193,DIRECTOR OF FACILITIES & GROUN,11932,EAGLE HOUSE HEATING SYSTEM,543013,0100-4-193-0000-00-0-00-2-543013,0,0,0,0,0,0,0,0,0,0,0,0,0,0,0,0,0,0,0,0,0,0,0,0,0,0,0,0,0,0,0,0,0,0,0,0,5000,-1823,3177,3177,0,0,0,0,0,0,0,0,0,0,0,0,0,0,0,0,0,0,0,0,0,0,0,0,0,0,0,0,0,0,0,0,0,0,0,0,0,0,0,0,
193,193,DIRECTOR OF FACILITIES & GROUN,11932,UNIFORM ALLOWANCE REIMBURSEMEN,558000,0100-4-193-0000-00-0-00-2-558000,2200,0,0,2200,0,2200,0,0,2200,2200,2200,0,0,2200,1901.67,2200,0,0,2200,1685.54,1100,0,0,1100,1061.78,1100,0,0,1100,1033.65,0,0,0,0,0,0,0,0,0,0,0,0,0,0,0,0,0,0,0,0,0,0,0,0,0,0,0,0,0,0,0,0,0,0,0,0,0,0,0,0,0,0,0,0,0,0,0,0,0,0,
193,193,DIRECTOR OF FACILITIES & GROUN,11932,SITE IMPROVEMENTS,584000,0100-4-193-0000-00-0-00-2-584000,0,0,0,0,0,0,0,0,0,0,0,0,0,0,0,0,0,0,0,0,0,0,0,0,0,0,0,0,0,0,0,0,0,0,0,0,0,0,0,0,0,0,0,0,0,0,0,0,0,0,0,0,0,0,0,0,0,0,0,0,0,0,0,0,0,0,0,0,0,0,0,0,0,0,0,0,0,0,0,0,
193,193,DIRECTOR OF FACILITIES & GROUN,11932,RENOVATE RITTER MEM'L LIBRARY,584200,0100-4-193-0000-00-0-00-2-584200,0,0,0,0,0,0,0,0,0,0,0,0,0,0,0,0,0,0,0,0,0,0,0,0,0,0,0,0,0,0,0,0,0,0,0,0,0,0,0,0,0,0,0,0,0,0,0,0,0,0,0,0,0,0,0,0,0,0,0,0,0,0,0,0,0,0,0,0,0,0,0,0,0,0,0,0,0,0,0,0,
193,193,DIRECTOR OF FACILITIES & GROUN,11932,PURCHASE MOWER,587028,0100-4-193-0000-00-0-00-2-587028,0,0,0,0,0,0,0,0,0,0,0,0,0,0,0,0,0,0,0,0,0,0,0,0,0,0,0,0,0,0,0,0,0,0,0,0,0,0,0,0,0,0,0,0,0,0,0,0,0,0,0,0,0,0,0,0,0,0,0,0,0,0,0,0,0,0,0,0,0,0,0,0,0,0,0,0,0,0,0,0,
193,193,DIRECTOR OF FACILITIES & GROUN,11932,ROOF REPAIRS,587043,0100-4-193-0000-00-0-00-2-587043,0,0,0,0,0,0,0,0,0,0,0,0,0,0,0,0,0,0,0,0,0,0,0,0,0,0,0,0,0,0,0,0,0,0,0,0,0,0,0,0,0,0,0,0,0,0,0,0,0,0,0,0,0,0,0,0,0,0,0,0,0,0,0,0,0,0,0,0,0,0,0,0,0,0,0,0,0,0,0,0,
,,DIRECTOR OF FACILITIES & GROUN Total,,,,,669011.38,,,,328456.38999999996,666986.31,,,,678487.4600000001,649012.93,,,,591128.9299999999,562412.06,,,,488924.86999999994,485025.61,,,,403753.7200000001,464485.47,,,,400828.2200000001,427298.58999999997,,,,341751.32,371941.08999999997,,,,513822.19000000006,365307,,,,349782.51,374170,,,,361648.04999999993,349134,,,,343839.20000000007,341044,,,,338073.94,248383,,,,244183.02,246015,,,,237018.54,207365,,,,200085.82,214113,,,,197239.99000000002,
195,195,TOWN REPORTS,11951,SALARIES CLERICAL,511001,0100-1-195-0000-00-0-00-1-511001,0,0,0,0,0,0,0,0,0,0,0,0,0,0,0,0,0,0,0,0,0,0,0,0,0,0,0,0,0,0,0,0,0,0,0,0,0,0,0,0,0,0,0,0,0,0,0,0,0,0,0,0,0,0,0,0,0,0,0,0,0,0,0,0,0,1500,0,0,1500,179.4,1500,0,-784.54,715.46,60,0,0,0,0,0,
195,195,TOWN REPORTS,11952,PRINTING,534200,0100-1-195-0000-00-0-00-2-534200,7000,0,0,7000,0,7000,7096.77,0,14096.77,12646.77,7000,1861.38,-1180,7681.38,7676.38,7000,2500,-565,8935,8918.02,7000,0,0,7000,6722.78,7000,0,0,7000,5821.16,7000,0,-800,6200,4873.93,7000,0,-648.57,6351.43,6348.7,7000,0,-202.86,6797.14,4518.53,3500,8181.92,-5581.78,6723.64,6723.64,3500,2338.86,-1546.8,5392.06,4767.56,3500,1500,0,6061.53,4311.02,3500,0,-390.76,3109.24,2247.71,3500,0,0,3500,4471.78,3500,0,0,4312,3717.28,4500,0,-1595.06,2904.94,2092.94,
195,195,TOWN REPORTS,11952,POSTAGE,534400,0100-1-195-0000-00-0-00-2-534400,5000,0,0,5000,3876.95,5000,2032,0,7032,7031.02,5000,1180,-12.26,6167.74,6167.74,5000,565,0,5565,5562.67,5000,0,0,5000,4911.7,5000,0,0,5000,4590.8,5000,0,0,5000,4353.88,5000,1279.2,0,6279.2,6276.78,5000,0,0,5000,4056.47,1500,2486.93,-2,3984.93,3984.93,1500,546.8,0,2046.8,2046.8,1500,0,0,1500,1747.73,1500,390.76,0,1890.76,1690.76,1500,0,0,1500,1474.76,1500,0,0,1500,2042.62,1200,0,-4.11,1195.89,1195.89,
,,TOWN REPORTS Total,,,,,12000,,,,3876.95,12000,,,,19677.79,12000,,,,13844.119999999999,12000,,,,14480.69,12000,,,,11634.48,12000,,,,10411.96,12000,,,,9227.810000000001,12000,,,,12625.48,12000,,,,8575,5000,,,,10708.57,5000,,,,6814.360000000001,5000,,,,6058.75,5000,,,,3938.4700000000003,6500,,,,6125.94,6500,,,,5819.9,5700,,,,3288.83,
199,199,CENTRAL PURCHASING,11992,OFFICE EQUIPMENT MTC,521001,0100-1-199-0000-00-0-00-2-521001,7500,0,0,7500,3666,7500,0,0,7500,5892.9,7500,0,-1849.12,6000.87,5752.91,7500,0,0,7500,2923.14,7500,0,-1300.71,6199.29,3417.94,5306,3563.98,0,8869.98,8727.34,5306,1000,0,6306,6437.71,5306,0,0,7086.52,5056.98,5306,0,-36,5270,2510.84,5100,0,0,5100,3274.15,5100,0,0,5100,3169.84,5100,0,0,5100,2909.11,5000,0,0,5000,3567.4,5000,0,0,5000,1824.66,4750,0,0,4750,2976.83,4750,0,0,4750,4176.89,
199,199,CENTRAL PURCHASING,11992,SEWERAGE DISPOSAL,521006,0100-1-199-0000-00-0-00-2-521006,0,0,0,0,0,0,0,0,0,0,0,0,0,0,0,0,0,0,0,0,0,0,0,0,0,0,0,0,0,0,0,0,0,0,0,0,0,0,0,0,0,0,0,0,0,0,0,0,0,0,0,0,0,0,0,0,0,0,0,0,0,0,0,0,0,0,0,0,0,0,0,0,0,0,0,0,0,0,0,0,
199,199,CENTRAL PURCHASING,11992,EQUIPMENT MTC,521007,0100-1-199-0000-00-0-00-2-521007,3000,0,0,3000,0,3000,0,0,3000,130,3000,0,0,3000,809.25,3000,0,-2500,500,0,3000,0,0,3000,257.95,5306,0,-2983.99,2322.01,379.9,5306,0,-1410.53,3895.47,1080.6,5306,0,0,5306,199.99,5306,0,0,5306,0,5100,0,0,5100,0,5100,0,0,10200,5503.54,5100,0,0,5100,0,5000,0,0,5000,1849.7,5000,0,0,5000,2680.07,5000,0,0,5000,2280.06,5000,0,-3597.44,1402.56,1402.56,
199,199,CENTRAL PURCHASING,11992,ELECTRICITY CHARGES,521011,0100-1-199-0000-00-0-00-2-521011,0,0,0,0,0,0,2622.11,-2622.11,0,0,0,0,0,0,0,0,0,0,0,0,0,0,0,0,0,0,0,0,0,0,0,0,0,0,0,0,0,0,0,0,0,0,0,0,0,0,0,0,0,0,0,0,0,0,0,0,0,0,0,0,0,0,0,0,-91.91,0,0,0,0,3954.26,0,0,0,0,0,0,0,0,0,0,
199,199,CENTRAL PURCHASING,11992,HEATING CHARGES/FUEL OIL,521012,0100-1-199-0000-00-0-00-2-521012,0,0,0,0,0,0,0,0,0,0,0,0,0,0,0,0,0,0,0,0,0,0,0,0,0,0,0,0,0,0,0,0,0,0,0,0,0,0,0,0,0,0,0,0,0,0,0,0,0,0,0,0,0,0,0,0,0,0,0,0,0,0,0,0,0,0,0,0,0,0,0,0,0,0,0,0,0,0,0,0,
199,199,CENTRAL PURCHASING,11992,RUBBISH REMOVAL CHARGES,521013,0100-1-199-0000-00-0-00-2-521013,0,0,0,0,0,0,0,0,0,0,0,0,0,0,0,0,0,0,0,0,0,0,0,0,0,0,0,0,0,0,0,0,0,0,0,0,0,0,0,0,0,0,0,0,0,0,0,0,0,0,0,0,0,0,0,0,0,0,2451.81,2451.81,2000,6000,0,8000,13260.96,1750,6407.81,0,8157.81,10243.84,1650,0,0,1650,1701.25,1612,0,0,1612,1616.38,
199,199,CENTRAL PURCHASING,11992,TELEPHONE CHARGES,521014,0100-1-199-0000-00-0-00-2-521014,40000,0,0,40000,30760.27,40000,0,0,52000,50211.34,40000,0,0,40000,32652.79,40000,0,0,40000,36181.69,40000,0,0,40000,35280.83,43911,0,0,43911,38400.88,43911,410.53,-7640,36681.53,36881.21,43911,0,0,43967.01,37476.41,43911,0,0,43959.55,37981.49,42000,0,0,43738.11,43063.36,42000,0,-2950,41199.29,36455,43050,0,0,43160.78,33742.54,42000,0,0,43142.9,32765.4,30000,14745.01,0,48566.64,47423.74,30000,8699.2,-3513.21,35185.99,35563.22,30000,12526.42,0,42526.42,42595.15,
199,199,CENTRAL PURCHASING,11992,HEATING CHARGES/NATURAL GAS,521025,0100-1-199-0000-00-0-00-2-521025,0,0,0,0,0,0,0,0,0,0,0,0,0,0,0,0,0,0,0,0,0,0,0,0,0,0,0,0,0,0,0,0,0,0,0,0,0,0,0,0,0,0,0,0,0,0,0,0,0,0,0,0,0,0,0,0,0,0,0,0,0,0,0,0,40.76,0,0,0,0,0,0,0,0,0,0,0,0,0,0,500,
199,199,CENTRAL PURCHASING,11992,WATER CHARGES,523001,0100-1-199-0000-00-0-00-2-523001,0,0,0,0,0,0,0,0,0,0,0,0,0,0,0,0,0,0,0,0,0,0,0,0,0,0,0,0,0,0,0,0,0,0,0,0,0,0,0,0,0,0,0,0,0,0,0,0,0,0,0,0,0,0,0,0,0,0,0,0,500,0,0,500,0,500,0,0,500,0,0,0,0,0,228,0,0,0,0,0,
199,199,CENTRAL PURCHASING,11992,PURCHASE OF SERVICE,531006,0100-1-199-0000-00-0-00-2-531006,0,0,0,0,0,0,0,0,0,0,0,0,0,0,0,0,0,0,0,0,0,0,0,0,0,0,0,0,0,0,0,7640,0,7640,8563.06,0,0,0,273.04,273.04,0,0,0,3602.82,3329.78,0,0,0,13057.82,9455,0,0,0,5682.6,2079.78,0,0,0,8118,2435.4,0,0,0,0,0,0,0,0,0,0,0,0,0,0,0,0,0,0,0,0,
199,199,CENTRAL PURCHASING,11992,MANAGED PRINT SERVICES,531057,0100-1-199-0000-00-0-00-2-531057,26800,0,0,26800,14239.94,26800,0,-7096.77,19980.12,19240.16,24300,0,0,24300,22439.06,24300,0,0,24300,22257.17,5000,1300.71,0,6300.71,6300.71,5000,0,0,5000,812.5,0,0,0,0,0,0,0,0,0,0,0,0,0,0,0,0,0,0,0,0,0,0,0,0,0,0,0,0,0,0,0,0,0,0,0,0,0,0,0,0,0,0,0,0,0,0,0,0,0,0,
199,199,CENTRAL PURCHASING,11992,POSTAGE,534400,0100-1-199-0000-00-0-00-2-534400,3000,6322.29,0,9322.29,6535.92,3000,1496.49,0,4496.49,3938.77,3000,0,0,3000,722,780,0,0,780,687,780,0,0,780,611,780,0,0,780,606,780,0,0,780,591,780,0,-199,581,581,780,36,0,816,573,750,0,0,750,659.82,750,0,0,750,562,765,0,0,765,330,750,0,0,750,320,500,0,0,500,454.98,250,0,0,250,265,250,0,0,250,250,
,,CENTRAL PURCHASING Total,,,,,80300,,,,55202.130000000005,80300,,,,79413.17,77800,,,,62376.009999999995,75580,,,,62049,56280,,,,45868.43,60303,,,,48926.619999999995,55303,,,,53553.579999999994,55303,,,,43587.420000000006,55303,,,,44395.11,52950,,,,56452.33,52950,,,,47770.16,54015,,,,41868.86,55250,,,,51712.310000000005,42750,,,,66581.55,41650,,,,43014.36,41612,,,,50540.98,
210,210,POLICE DEPARTMENT,12101,SALARIES DIVISION/DEPT HEADS,511000,0100-2-210-0000-00-0-00-1-511000,125050,0,0,125050,86379.67,115005,13990,-6995,122000,122000,115005,0,0,115005,115005,112200,0,0,112200,112200,114563,3372.41,0,117935.41,117935.4,114563,0,0,114563,114563,101891,7672,0,109563,109563,101891,0,0,101891,101891,98206,0,0,98206,98206,89304,5308,0,94612,94611,89304,0,0,89304,89303.13,84869,2258,0,87127,87125,84869,0,0,84869,81118.36,82397,0,0,82397,82086.25,72540,7457,0,79997,79997,72541,0,0,72541,72540.47,
210,210,POLICE DEPARTMENT,12101,SALARIES CLERICAL,511001,0100-2-210-0000-00-0-00-1-511001,71681.04,0,0,71681.04,34980.4,62878.4,6780.2,0,69658.6,66234.29,71182.32,0,-5246.88,65935.44,65935.44,60677.28,1211.04,0,61888.32,61888.32,57312.24,2677.24,-1107.88,58881.6,58881.6,54780.32,0,0,54780.32,54780.32,53750.24,0,-1980,51770.24,51770.24,49007.46,1157.32,-3131.61,47033.17,47033.17,49007,0,0,49007,49009.33,48661,90,0,48751,48750.55,46418,1383,0,47801,47798.76,45060,2036,0,47096,47095.84,45060,0,0,45060,45059.04,43733,0,0,43733,43512.37,42454,0,0,42454,42521.88,38565,0,0,38565,41711.23,
210,210,POLICE DEPARTMENT,12101,SALARIES STAFF,511003,0100-2-210-0000-00-0-00-1-511003,18362.08,1764.24,0,20126.32,10976,8873.28,9103.92,0,17977.2,17782.32,0,0,0,0,0,0,0,0,0,0,0,0,0,0,0,0,0,0,0,0,0,0,0,0,0,0,0,0,0,0,0,0,0,0,0,0,0,0,0,0,0,0,0,0,0,0,0,0,0,0,0,0,0,0,0,0,0,0,0,0,0,0,0,0,0,0,0,0,0,0,
210,210,POLICE DEPARTMENT,12101,SARGENTS SALARIES,511004,0100-2-210-0000-00-0-00-1-511004,345397.8,0,-3000,342397.8,161551.38,335682.88,0,-9612.34,326070.54,308892.8,316920.82,0,-16264.94,300655.88,300655.9,316920.82,0,-35362.65,281558.17,247180.28,310706.93,0,-15258.66,295448.27,290469.31,296668.68,17477.75,0,314146.43,314146.42,294404.03,21317.43,0,315721.46,315721.46,288631.62,554.64,0,289186.26,289186.26,270535,13927.7,0,284462.7,284177.49,271571,0,-4900,266671,265352.2,202959,55000,0,257959,253529.76,253929,0,0,253929,193354.65,181734,8713,0,190447,184801.6,181272,3989,0,185261,170869.86,181272,0,0,181272,181735.47,174268,7602,0,181870,182229.71,
210,210,POLICE DEPARTMENT,12101,LIEUTENANTS SALARIES,511005,0100-2-210-0000-00-0-00-1-511005,99301.94,0,0,99301.94,46797.46,96508.67,0,0,96508.67,96508.63,91114.89,1822.22,0,92937.11,92937.1,91114.89,130.86,0,91245.75,91245.75,89706.93,0,0,89706.93,89462.23,85292.32,2619.95,0,87912.27,87912.27,84641.23,4557.56,0,89198.79,89198.79,82981.6,0,0,82981.6,82981.6,77779,4007.88,0,81786.88,81786.52,78077,0,0,78077,78076.53,76254,0,0,76254,76253.5,73004,0,0,73004,74403.73,69488,3516,0,73004,63359.97,69488,1704,0,71192,71458.16,69489,0,0,69489,69754.58,63924,5831,0,69755,69828.8,
210,210,POLICE DEPARTMENT,12101,PATROLMAN SALARIES,511006,0100-2-210-0000-00-0-00-1-511006,938871.76,0,0,938871.76,564055.31,903129.75,0,0,903129.75,900013.35,795317.27,47413.93,-4117.07,838614.13,838614.14,805837.28,27074.7,0,832911.98,832911.98,700320,32785,-15685.53,717419.47,698236.49,684244.82,0,-17039.81,667205.01,639852.87,627964.55,356.09,-37473.71,590846.93,590846.93,558881.9,0,-60819.2,498062.7,498062.7,470355,24170.39,0,494525.39,495354.86,468629,0,-870,467759,467453.63,507730,3000,-55680,455050,454657.76,436030,12885,0,448915,522700.7,500150,0,-9440,490710,492081.21,477174,11890,0,489064,493834.29,424539,0,0,424539,430114.7,405650,15145,0,420795,421776.34,
210,210,POLICE DEPARTMENT,12101,COURT OFFICERS STIPEND,511021,0100-2-210-0000-00-0-00-1-511021,3100,0,0,3100,3100,3100,0,0,3100,3100,3100,0,0,3100,3100,3100,0,0,3100,3100,3100,3100,0,6200,6200,3100,0,0,3100,3100,3100,0,0,3100,3100,3100,0,0,3100,3100,3100,0,0,3100,3100,3100,0,0,3100,3100,3100,0,0,3100,3100,0,0,0,0,3100,0,0,0,0,0,0,0,0,0,0,0,0,0,0,0,0,0,0,0,0,
210,210,POLICE DEPARTMENT,12101,ADDITIONAL DESK COVERAGE,511022,0100-2-210-0000-00-0-00-1-511022,0,0,0,0,0,0,0,0,0,0,0,0,0,0,0,0,0,0,0,0,0,0,0,0,0,0,0,0,0,0,0,0,0,0,0,0,0,0,0,0,0,0,0,0,0,26000,0,-26000,0,0,0,0,0,0,0,0,0,0,0,0,0,0,0,0,0,0,0,0,0,0,0,0,0,0,0,0,0,0,0,0,
210,210,POLICE DEPARTMENT,12101,SALARY DETECTIVE/SERGEANT/PATR,511030,0100-2-210-0000-00-0-00-1-511030,80614.97,0,0,80614.97,47874.85,78347.36,0,0,78347.36,78347.36,74407.55,2617.07,-32243.29,44781.33,44781.35,0,0,0,0,0,0,0,0,0,0,0,0,0,0,0,0,0,0,0,0,0,0,0,0,0,0,0,0,0,0,0,0,0,0,0,0,0,0,0,0,0,0,0,0,0,0,0,0,0,0,0,0,0,0,0,0,0,0,0,0,0,0,0,0,0,
210,210,POLICE DEPARTMENT,12101,SALARIES CLERICAL,511102,0100-2-210-0000-00-0-00-1-511102,0,0,0,0,0,0,0,0,0,0,0,0,0,0,0,0,0,0,0,0,0,0,0,0,0,0,0,0,0,0,0,0,0,0,0,0,0,0,0,0,0,0,0,0,0,0,0,0,0,0,0,0,0,0,0,0,0,0,0,0,0,0,0,0,0,0,0,0,0,0,0,0,0,0,0,0,0,0,0,0,
210,210,POLICE DEPARTMENT,12101,SALARIES OVERTIME,513000,0100-2-210-0000-00-0-00-1-513000,176849.31,0,0,176849.31,106819.25,175470.77,0,-9723.8,165746.97,150616.27,175449.51,16000,-12000.55,179448.96,157635.96,148083.74,5278.24,0,153361.98,153361.98,148083.74,14910.53,-5000,157994.27,157994.27,135087.15,0,-18552.51,116534.64,105339.79,132773.15,18687.41,0,151460.56,146991.36,107967,49826.35,0,157793.35,157793.35,95180,20423.45,0,115603.45,128663.49,90584,8006.94,0,98590.94,128924.39,90000,0,0,90000,100411.03,90000,13602.16,0,103602.16,103867.22,90000,1616.56,0,91616.56,104841.85,90000,6025.06,0,96025.06,127620.4,90000,0,0,90000,104259.81,90000,12774.17,-9000,93774.17,109234.65,
210,210,POLICE DEPARTMENT,12101,OVERTIME,513003,0100-2-210-0000-00-0-00-1-513003,0,0,0,0,0,0,0,0,0,0,0,0,0,0,0,0,0,0,0,0,0,0,0,0,0,0,0,0,0,0,0,0,0,0,0,0,0,0,0,0,0,0,0,0,0,0,0,0,0,0,0,0,0,0,0,0,0,0,0,0,0,0,0,0,0,0,0,0,0,0,0,0,0,0,0,0,0,0,0,0,
210,210,POLICE DEPARTMENT,12101,COMMUNITY POLICING,513004,0100-2-210-0000-00-0-00-1-513004,13999.84,0,0,13999.84,6139.32,12995.18,922,0,13917.18,13916.43,7722,2596.84,0,10318.84,10318.84,7722,2263.41,0,9985.41,9985.41,6599,529,-189.26,6938.74,5917.41,3623,5808.27,0,9431.27,9431.27,3623,5000,-1687.41,6935.59,6935.59,3623,0,-59.23,3563.77,2944.31,3500,51.97,0,3551.97,3867.71,3500,0,0,3500,3336.89,0,0,0,0,0,0,0,0,0,0,3000,0,-3000,0,0,3000,56,0,3056,3027.3,0,0,0,0,0,0,0,0,0,0,
210,210,POLICE DEPARTMENT,12101,K9 CARE OVERTIME,513006,0100-2-210-0000-00-0-00-1-513006,19095.1,0,0,19095.1,11581.92,19095.09,0,0,19095.09,18782.88,0,0,0,0,0,0,0,0,0,0,0,0,0,0,0,0,0,0,0,0,0,0,0,0,0,0,0,0,0,0,0,0,0,0,0,0,0,0,0,0,0,0,0,0,0,0,0,0,0,0,0,0,0,0,0,0,0,0,0,0,0,0,0,0,0,0,0,0,0,0,
210,210,POLICE DEPARTMENT,12101,SHIFT DIFFERENTIAL,514000,0100-2-210-0000-00-0-00-1-514000,33169.16,0,0,33169.16,17425.71,31848.02,0,0,31848.02,28265.92,27336.27,2500,0,29836.27,29186.28,27000,0,0,27000,24060.35,16903,6000,0,22903,22135.74,27681,0,0,27681,19361.95,25926,0,0,25926,15627.68,21552,0,0,21552,15594.56,16685,374.09,0,17059.09,16661.67,16685,0,0,16685,16668.7,16525,0,0,16525,16313.41,14481,0,0,14481,11842.38,13644,837,0,14481,10867.79,13664,296,0,13960,14628.53,12899,0,0,12899,11185.52,12899,0,0,12899,11323.69,
210,210,POLICE DEPARTMENT,12101,HOLIDAY PAY,514001,0100-2-210-0000-00-0-00-1-514001,56705.45,0,0,56705.45,13478.39,54993.64,0,0,54993.64,45983.41,49559.84,0,0,49559.84,44253.5,48474,0,0,48474,42742.42,45900,0,0,45900,44204.61,45900,0,0,45900,43323.45,42840,0,-5356.09,37483.91,33452.28,42000,59.23,0,42059.23,42059.23,33800,437.13,0,34237.13,37332.76,33800,0,0,33800,34186.31,33800,0,0,33800,34558.16,28600,0,0,28600,20469.37,26200,2400,0,28600,28591.07,26200,579,0,26779,27439.56,24000,0,0,24000,24303.28,27288,0,0,27288,23180.39,
210,210,POLICE DEPARTMENT,12101,LONGEVITY PAY,514002,0100-2-210-0000-00-0-00-1-514002,11730,0,0,11730,8320,15552.28,0,0,15552.28,11730,14272.28,0,0,14272.28,14272.28,11712.28,0,0,11712.28,11712.28,12128.15,0,-5105.87,7022.28,7022.28,15219.94,0,0,15219.94,12187.8,15427.49,383.6,0,15811.09,14348.46,17651.01,0,-2426.13,15224.88,15224.88,16841,238.04,0,17079.04,17248.03,14298,266,0,14564,15313.19,14133,35,0,14168,14148.96,15817,0,0,15817,14021.57,18200,0,-1648,16552,19990.79,19427,331,0,19758,18437.19,22990,0,-3627,19363,19372.71,17000,0,0,17000,17466.01,
210,210,POLICE DEPARTMENT,12101,COURT TIME,514003,0100-2-210-0000-00-0-00-1-514003,12626.64,0,0,12626.64,2476.31,15800,0,0,15800,10262.09,15800,0,0,15800,10520.28,15800,0,-5000,10800,9677.21,15800,0,0,15800,3557.8,20696,0,-3000,17696,5554.03,20696,0,0,20696,8249.46,20696,0,-6445.76,14250.24,14250.24,20000,290.59,0,20290.59,16789.33,20000,0,0,20000,14713.35,18410,0,0,18410,17872.61,19000,0,0,19000,13125.65,19931,0,-2124,17807,11739.62,19931,354,0,20285,17041.47,19931,0,-5701.62,14229.38,13443.52,19931,0,-5000,14931,16808.98,
210,210,POLICE DEPARTMENT,12101,INVESTIGATIVE FIELD SERVICES,514004,0100-2-210-0000-00-0-00-1-514004,37879.91,0,0,37879.91,21109.35,36695.72,2785,0,39480.72,38755.23,26954.85,2000,0,28954.85,28535.64,25668,0,0,25668,23941.8,23953,1261.26,-5000,20214.26,20214.26,22726,15744.24,0,38470.24,38470.24,20660,6000,0,26660,26603.91,20660,1086.12,0,21746.12,21746.12,20000,254.15,0,20254.15,18662.19,20000,0,0,20000,17684.18,19000,7866,0,26866,32094.26,19000,0,0,19000,27889.46,19000,0,0,19000,19166.32,19000,393,0,19393,19995.59,19000,0,0,19000,19020.74,19000,0,-3000,16000,14650.19,
210,210,POLICE DEPARTMENT,12101,FIELD TRNG OFFICER DIFFERENTIA,514005,0100-2-210-0000-00-0-00-1-514005,600,0,0,600,0,600,0,0,600,488,0,0,0,0,0,0,0,0,0,0,0,0,0,0,0,0,0,0,0,0,0,0,0,0,0,0,0,0,0,0,0,0,0,0,0,0,0,0,0,0,0,0,0,0,0,0,0,0,0,0,0,0,0,0,0,0,0,0,0,0,0,0,0,0,0,0,0,0,0,0,
210,210,POLICE DEPARTMENT,12101,OFFICER IN CHARGE DIFFERENTIAL,514006,0100-2-210-0000-00-0-00-1-514006,1440,3000,0,4440,2909,1440,0,0,1440,1266,0,0,0,0,0,0,0,0,0,0,0,0,0,0,0,0,0,0,0,0,0,0,0,0,0,0,0,0,0,0,0,0,0,0,0,0,0,0,0,0,0,0,0,0,0,0,0,0,0,0,0,0,0,0,0,0,0,0,0,0,0,0,0,0,0,0,0,0,0,0,
210,210,POLICE DEPARTMENT,12101,RETIREMENT/LONGEVITY STIPENDS,517000,0100-2-210-0000-00-0-00-1-517000,0,0,0,0,0,0,0,0,0,0,11004.2,0,0,11004.2,0,0,0,0,0,0,0,0,0,0,0,0,0,0,0,0,0,0,0,0,0,4666,388.4,0,5054.4,5054.4,0,0,0,0,0,0,0,0,0,0,0,0,0,0,0,0,0,0,0,0,0,0,0,0,4012.9,0,7503.5,0,7503.5,7503.53,0,0,0,0,0,0,0,0,0,0,
210,210,POLICE DEPARTMENT,12101,SICK LEAVE BUY BACK,517004,0100-2-210-0000-00-0-00-1-517004,0,0,0,0,0,0,0,0,0,0,0,0,0,0,0,0,0,0,0,0,0,0,0,0,0,0,0,0,0,0,0,0,0,0,0,0,0,0,0,0,0,0,0,0,0,0,22394.88,0,22394.88,22394.88,0,0,0,0,0,0,0,0,0,0,0,0,0,0,0,0,0,0,0,0,0,0,0,0,0,0,0,0,0,0,
210,210,POLICE DEPARTMENT,12101,UNIFORM ALLOWANCE,519001,0100-2-210-0000-00-0-00-1-519001,31000,0,0,31000,30225,31000,0,0,31000,31000,31000,0,-182.55,30817.45,29837.5,28675,0,0,28675,27125,26350,1550,0,27900,27900,26350,0,0,26350,24800,24800,0,0,24800,24025,23250,0,0,23250,23250,21700,0,0,21700,21700,21700,0,0,21700,21700,21700,0,0,21700,21700,21700,0,0,21700,20150,20150,1550,-2325,19375,19375,20150,0,0,20150,20150,20100,0,-1500,18600,17566.68,19800,0,0,19800,19175,
210,210,POLICE DEPARTMENT,12101,CAREER INCENTIVE,519002,0100-2-210-0000-00-0-00-1-519002,141685.19,0,0,141685.19,114357.19,122651.37,0,-5400.5,117250.87,117250.87,107136.66,182.55,0,107319.21,107319.21,106856.49,0,0,106856.49,100756.49,88979.7,0,-11534.92,77444.78,77444.78,64136.34,0,-3057.89,61078.45,61078.45,67491.91,959,0,68450.91,57774.8,66743.29,0,0,66743.29,61218.3,58411,0,0,58411,60164.88,50053,7301,0,57354,58095.79,58951,0,-7866,51085,51084.95,60727,0,0,60727,54814.68,68400,2433,-1482,69351,69350.31,70853,1823,0,72676,73046.3,76695,746,0,77441,76331.25,133405,0,-50348,83057,82837.34,
210,210,POLICE DEPARTMENT,12101,TRAINING,519003,0100-2-210-0000-00-0-00-1-519003,16835.52,0,0,16835.52,4611.89,16309.21,1877,0,18186.21,18185.27,16828.03,10000,-4000,22828.03,21800.89,15722,0,0,15722,11951.81,15722,0,0,15722,13848.55,19178.87,0,0,19178.87,10068.82,18508.87,0,-9421.28,9087.59,3773.46,17838.87,0,-6525.08,11313.79,6369.58,16624,220.97,0,16844.97,7625.96,16000,0,0,16000,6713.78,12000,0,0,12000,11990.72,15470,0,0,15470,4507.03,19900,0,-9230,10670,6972.68,20770,44,0,20814,5399.55,20328,0,-1162,19166,2110.15,20328,0,-5000,15328,7396.41,
210,210,POLICE DEPARTMENT,12101,TRAINING,519004,0100-2-210-0000-00-0-00-1-519004,0,0,0,0,0,0,0,0,0,0,0,0,0,0,0,0,0,0,0,0,0,0,0,0,0,0,0,0,0,0,0,0,0,0,0,0,2515.96,0,2515.96,2515.96,0,0,0,0,0,0,0,0,0,0,0,0,0,0,0,6173,0,0,6173,2780.57,0,0,0,0,0,5720,32,0,5752,2261.73,5425,0,0,5425,0,5425,0,0,5425,4642.8,
210,210,POLICE DEPARTMENT,12101,IN-SERV/SPECIALIZED TRAINING,519009,0100-2-210-0000-00-0-00-1-519009,73655.38,0,0,73655.38,43225.41,71352.79,0,-6144,65208.79,58584.81,57660.74,9675.79,-10000,57336.53,57519.7,56507,10615.44,0,67122.44,67122.44,56507,0,-8000,48507,46172.2,56507,0,0,56507,37426.09,54832,0,0,54832,53492.05,53158,0,-2515.96,50642.04,38962.44,36000,539.31,0,36539.31,37147.46,36000,0,0,36000,30031.31,17500,0,0,17500,17689.82,7500,0,0,7500,26176.9,7500,0,0,7500,16406.76,15000,168,0,15168,15146.31,15000,0,0,15000,20379.68,21356,0,-8000,13356,15202.03,
210,210,POLICE DEPARTMENT,12101,CONTRACT EVALUATION STIPEND,519010,0100-2-210-0000-00-0-00-1-519010,0,0,0,0,0,0,0,0,0,0,0,0,0,0,0,0,0,0,0,0,0,0,0,0,0,0,0,0,0,0,0,0,0,0,0,0,0,0,0,0,0,0,0,0,0,0,0,0,0,0,0,0,0,0,0,0,0,0,0,0,0,0,0,0,0,0,0,0,0,0,0,0,0,0,0,0,0,0,0,0,
210,210,POLICE DEPARTMENT,12101,FIREARMS QUALIFICATION TRNG,519012,0100-2-210-0000-00-0-00-1-519012,0,0,0,0,0,0,0,0,0,0,0,0,0,0,0,0,0,0,0,0,0,0,0,0,0,0,0,0,0,24.38,0,0,0,0,0,0,0,0,0,0,0,220.97,-220.97,0,0,0,0,0,0,0,0,0,0,0,0,0,0,0,0,0,0,0,0,0,0,0,0,0,0,0,0,0,0,0,0,0,0,0,0,0,
210,210,POLICE DEPARTMENT,12101,POLICE CPR TRAINING,519013,0100-2-210-0000-00-0-00-1-519013,0,0,0,0,0,0,0,0,0,0,0,0,0,0,0,0,0,0,0,0,0,0,0,0,0,0,0,0,0,0,0,0,0,0,0,0,0,0,0,0,0,0,0,0,0,0,0,0,0,0,0,0,0,0,0,0,0,0,0,0,0,0,0,0,0,0,0,0,0,0,0,0,0,0,0,0,0,0,0,0,
210,210,POLICE DEPARTMENT,12101,POLICE LESS LETHAL TRAINING,519020,0100-2-210-0000-00-0-00-1-519020,8417.76,0,0,8417.76,1914.77,8154.6,0,0,8154.6,3534.51,0,0,0,0,0,0,0,0,0,0,0,0,0,0,0,0,0,0,0,0,0,0,0,0,0,0,0,0,0,0,0,0,0,0,0,0,0,0,0,0,0,0,0,0,0,0,0,0,0,0,0,0,0,0,0,0,0,0,0,0,0,0,0,0,0,0,0,0,0,0,
210,210,POLICE DEPARTMENT,12101,SCHOOL RESOURCE STIPEND,519021,0100-2-210-0000-00-0-00-1-519021,4000,0,0,4000,3400,2000,0,0,2000,2000,0,0,0,0,0,0,0,0,0,0,0,0,0,0,0,0,0,0,0,0,0,0,0,0,0,0,0,0,0,0,0,0,0,0,0,0,0,0,0,0,0,0,0,0,0,0,0,0,0,0,0,0,0,0,0,0,0,0,0,0,0,0,0,0,0,0,0,0,0,0,
210,210,POLICE DEPARTMENT,12101,TRAFFIC OFFICER STIPEND,519022,0100-2-210-0000-00-0-00-1-519022,2000,0,0,2000,2000,2000,0,0,2000,2000,0,0,0,0,0,0,0,0,0,0,0,0,0,0,0,0,0,0,0,0,0,0,0,0,0,0,0,0,0,0,0,0,0,0,0,0,0,0,0,0,0,0,0,0,0,0,0,0,0,0,0,0,0,0,0,0,0,0,0,0,0,0,0,0,0,0,0,0,0,0,
210,210,POLICE DEPARTMENT,12102,BLDG REPAIRS & MTC,521004,0100-2-210-0000-00-0-00-2-521004,0,0,0,0,0,0,0,0,0,0,0,0,0,0,0,0,0,0,0,0,0,0,0,0,0,0,0,0,0,0,0,0,0,0,0,0,0,0,0,0,0,0,0,0,0,0,0,0,0,0,0,0,0,0,0,0,0,0,0,0,0,0,0,0,0,0,0,0,0,0,0,0,0,0,0,0,0,0,0,0,
210,210,POLICE DEPARTMENT,12102,EQUIPMENT MTC,521007,0100-2-210-0000-00-0-00-2-521007,12700,0,0,12700,12154.38,12700,0,-1399,16313.61,8626.31,12700,0,-2980,9755,4526.7,12700,1000,-1104.39,20206.41,20002.22,12700,9667,-2369.7,19997.3,10198.87,12700,0,-2340.3,25131.28,13948.14,12700,28492.98,0,46267.94,29889.75,6700,23029.46,0,29729.46,24654.5,5610,2888.8,0,8498.8,7910.31,5500,0,0,5500,3464.73,5015,1033,0,6048,5640.37,5015,400,0,5415,4586.28,5015,0,-360,4655,2345.29,5015,0,0,5015,4745.07,5015,0,-188,4827,4063.53,5015,0,-307,4708,3599.21,
210,210,POLICE DEPARTMENT,12102,ELECTRICITY CHARGES,521011,0100-2-210-0000-00-0-00-2-521011,0,0,0,0,0,0,0,0,0,0,0,0,0,0,0,0,0,0,0,0,0,0,0,0,0,0,0,0,0,0,0,0,0,0,0,0,0,0,0,0,0,0,0,0,0,0,0,0,0,0,0,0,0,0,0,0,0,0,0,0,60705,0,-6984,53721,54761.57,60705,0,0,60705,59741.33,57600,0,0,57600,64283.87,64000,0,0,64000,63762.58,
210,210,POLICE DEPARTMENT,12102,HEATING CHARGES/FUEL OIL,521012,0100-2-210-0000-00-0-00-2-521012,0,0,0,0,0,0,0,0,0,0,0,0,0,0,0,0,0,0,0,0,0,0,0,0,0,0,0,0,0,0,0,0,0,0,0,0,0,0,0,0,0,0,0,0,0,0,0,0,0,0,0,0,0,0,0,0,0,0,0,0,28350,6984,0,35334,37991.48,28350,0,0,28350,29444.89,27000,0,0,27000,27471.22,24147,0,0,24147,21386.44,
210,210,POLICE DEPARTMENT,12102,WATER CHARGES,523001,0100-2-210-0000-00-0-00-2-523001,0,0,0,0,0,0,0,0,0,0,0,0,0,0,0,0,0,0,0,0,0,0,0,0,0,0,0,0,0,0,0,0,0,0,0,0,0,0,0,0,0,0,0,0,0,0,0,0,0,0,0,0,0,0,0,0,0,0,0,0,1824,0,-550,1274,1217.6,840,0,0,840,1181.6,800,188,0,988,987.2,800,307,0,1107,1106.5,
210,210,POLICE DEPARTMENT,12102,SEWER USAGE FEE,523003,0100-2-210-0000-00-0-00-2-523003,0,0,0,0,0,0,0,0,0,0,0,0,0,0,0,0,0,0,0,0,0,0,0,0,0,0,0,0,0,0,0,0,0,0,0,0,0,0,0,0,0,0,0,0,0,0,0,0,0,0,0,0,0,0,0,0,0,0,0,0,2300,0,0,2300,2332.8,1890,0,0,1890,1944,1800,0,0,1800,1699.5,0,0,0,0,0,
210,210,POLICE DEPARTMENT,12102,PURCHASE OF SERVICE,531006,0100-2-210-0000-00-0-00-2-531006,0,0,0,0,0,0,0,0,0,0,0,0,0,0,0,0,0,0,0,0,0,0,0,0,0,0,0,0,0,0,0,0,0,0,0,0,0,0,0,0,0,0,0,0,0,0,0,0,0,0,0,0,0,0,0,0,0,0,0,0,0,0,0,0,0,0,0,0,0,0,0,0,0,0,0,0,0,0,0,0,
210,210,POLICE DEPARTMENT,12102,DETAIL SOFTWARE ANNUAL FEE,531058,0100-2-210-0000-00-0-00-2-531058,4800,0,0,4800,4440,4080,480,0,4560,4560,3720,480,0,4200,4200,3720,0,0,3720,3480,3720,0,0,3720,3120,3720,0,0,3720,3720,0,0,0,0,0,0,0,0,0,0,0,0,0,0,0,0,0,0,0,0,0,0,0,0,0,0,0,0,0,0,0,0,0,0,0,0,0,0,0,0,0,0,0,0,0,0,0,0,0,0,
210,210,POLICE DEPARTMENT,12102,PRINTING,534200,0100-2-210-0000-00-0-00-2-534200,3500,0,0,3500,266.45,3500,800,0,4300,4109.03,3500,0,0,3520,1929.22,4500,0,-1000,3500,2394.11,4500,1129.03,0,5629.03,5629.03,4500,749.18,0,5249.18,5096.18,4500,2552.98,0,8552.98,7052.98,4500,1651.54,0,6151.54,4651.54,4080,0,0,4080,3714.63,4000,0,0,4000,4106.55,4000,0,0,4000,3641.17,3600,0,0,3600,3012.74,3600,0,0,3600,3574.54,3600,0,0,3600,3723.8,3600,0,0,3600,2874.32,3600,0,0,3600,3597.51,
210,210,POLICE DEPARTMENT,12102,POSTAGE,534400,0100-2-210-0000-00-0-00-2-534400,750,0,0,750,559.02,750,0,0,750,384.45,750,0,-425,325,15.1,750,0,0,750,453.35,750,0,0,750,677.25,750,0,0,750,350.8,750,700,-170.52,1279.48,1279.48,750,0,-237.94,512.06,512.06,750,0,0,750,675.38,750,0,0,750,748.32,600,0,0,600,596.71,550,0,0,550,551.47,550,0,0,550,545.28,550,0,0,550,462.34,550,51,0,601,599.93,550,0,0,550,546.33,
210,210,POLICE DEPARTMENT,12102,OFFICE SUPPLIES,540000,0100-2-210-0000-00-0-00-2-540000,5600,550,0,6150,5668.52,5600,0,0,7596.5,7194.03,5600,0,0,6221.66,3436.32,4600,0,-608.05,4233.41,3697.21,4600,0,0,5394.12,4400.29,4600,1591.12,0,6191.12,5321.87,4600,0,-1305.36,3294.64,3294.64,4600,885.85,0,5485.85,5485.85,4080,0,0,4080,3535.95,4000,0,0,4000,4134.32,3000,0,0,3038.2,2598.49,2800,0,0,2800,2353.76,2800,840,0,3640,3501.58,2800,0,0,2800,2271,2800,0,-51,2749,1526.58,2800,0,0,2800,1339.1,
210,210,POLICE DEPARTMENT,12102,BULLET PROOF VESTS,541022,0100-2-210-0000-00-0-00-2-541022,0,0,0,0,0,0,0,0,0,0,0,0,0,0,0,0,0,0,0,0,0,0,0,0,0,0,0,0,0,0,0,0,0,0,0,0,0,0,0,0,0,0,0,0,0,3600,0,0,3600,7046.4,0,0,0,0,0,0,0,0,0,0,0,0,0,0,0,0,0,0,0,0,0,0,0,0,0,0,0,0,0,0,
210,210,POLICE DEPARTMENT,12102,RADAR UNIT,543003,0100-2-210-0000-00-0-00-2-543003,0,0,0,0,0,0,0,0,0,0,2200,0,-199,2001,2001,2200,0,0,2200,2155,2200,0,-367,1833,1833,2200,0,0,2200,2099,0,0,0,0,0,2200,0,-4,2196,2196,0,0,0,0,0,0,0,0,0,0,0,0,0,0,0,0,0,0,0,0,0,0,0,0,0,0,0,0,0,0,0,0,0,0,0,0,0,0,0,0,
210,210,POLICE DEPARTMENT,12102,SUPPLIES FIREARMS QUALIFICATIO,551001,0100-2-210-0000-00-0-00-2-551001,18000,0,0,18000,7499,15000,6016.8,0,25536.77,25115.75,12500,5000,-43.12,17456.88,11087.64,11000,2215.05,0,13215.05,13215.05,11000,29725.22,-14777.61,25947.61,25947.61,11000,0,0,11750,10634.28,11000,121.19,-2300,9465.19,8715.19,11000,6525.08,0,17525.08,16881.08,9700,0,0,9700,8960,7000,0,0,7000,6999.27,7000,0,0,7000,6956.88,6000,0,0,6000,5995.6,5000,3290,0,8290,8244.95,5000,0,0,5000,5019.05,5000,1162,0,6162,6161.76,5000,0,0,5000,4833.15,
210,210,POLICE DEPARTMENT,12102,BADGES,551002,0100-2-210-0000-00-0-00-2-551002,1050,0,0,1050,855.23,1050,0,0,1651.2,1063.24,1050,43.12,0,1093.12,491.92,2550,0,-1698.7,2327.89,2218.95,2550,0,0,4150,2030.19,2550,0,0,2550,862.83,2550,0,-182.44,2367.56,2367.56,2550,0,-163.92,2386.08,2386.08,2550,0,0,2550,2326.78,2500,0,0,2500,1201.45,2000,0,0,2000,1846.49,1000,0,0,1000,737.86,1000,0,0,1000,963.99,1000,0,-160,840,840.33,1000,0,-320,680,293,1000,0,0,1000,725.95,
210,210,POLICE DEPARTMENT,12102,MOTORCYCLE LEASE,555060,0100-2-210-0000-00-0-00-2-555060,5000,0,0,5000,5000,5000,0,0,5000,5000,5000,0,0,5000,5000,0,0,0,0,0,0,0,0,0,0,0,0,0,0,0,0,0,0,0,0,0,0,0,0,0,0,0,0,0,0,0,0,0,0,0,0,0,0,0,0,0,0,0,0,0,0,0,0,0,0,0,0,0,0,0,0,0,0,0,0,0,0,0,0,0,
210,210,POLICE DEPARTMENT,12102,K-9 EXPENSES,558700,0100-2-210-0000-00-0-00-2-558700,8000,0,0,8000,5530.68,8000,119,0,12203.42,10782.79,8000,7476.09,0,15476.09,15335.31,5000,1703.09,0,6703.09,6414.61,5000,1370.67,0,6370.67,5620.53,5000,0,0,5000,4894.44,5000,0,-299.65,6751.69,6751.69,5000,1131.95,0,6131.95,4080.61,0,0,0,0,0,0,0,0,0,0,0,0,0,0,0,0,0,0,0,0,0,0,0,0,0,0,0,0,0,0,0,0,0,0,0,0,0,0,0,0,
210,210,POLICE DEPARTMENT,12102,MILEAGE REIMBURSEMENT,571000,0100-2-210-0000-00-0-00-2-571000,0,0,0,0,0,0,0,0,0,0,0,0,0,0,0,0,0,0,0,0,0,0,0,0,0,0,0,0,0,0,0,0,0,0,0,0,0,0,0,0,0,0,0,0,0,0,0,0,0,0,0,0,0,0,0,0,0,0,0,0,0,0,0,0,0,0,0,0,0,0,0,0,0,0,0,0,0,0,0,0,
210,210,POLICE DEPARTMENT,12102,DUES/MEMBERSHIP,573000,0100-2-210-0000-00-0-00-2-573000,6300,0,0,6300,5569.52,6000,0,0,6000,4850,4400,2500,-1399.51,5500.49,5500.49,4400,493,0,4893,4708,4400,0,-300,4100,3915,4400,0,0,4400,4236,4400,0,-1372.59,3027.41,3027.41,4400,0,-1611.94,2788.06,2409.12,4400,0,0,4400,2609.94,4370,0,-1000,3370,2516,4370,0,0,4370,1497.15,4370,0,-400,3970,1860.5,4370,0,-1670,2700,2414.21,4370,0,0,4370,4097.76,1870,0,0,1870,1193.5,1870,0,0,1870,1276.36,
210,210,POLICE DEPARTMENT,12102,MEETINGS/SCHOOL,573100,0100-2-210-0000-00-0-00-2-573100,0,0,0,0,0,0,0,0,0,0,0,0,0,0,0,0,0,0,0,0,0,0,0,0,0,0,0,0,0,0,0,0,0,0,0,0,0,0,0,0,0,0,0,0,0,0,0,0,0,0,0,0,0,0,0,0,0,0,0,0,0,0,0,0,0,0,0,0,0,0,0,0,0,0,0,0,0,0,0,0,
210,210,POLICE DEPARTMENT,12102,TRAINING COURSE FEES,573200,0100-2-210-0000-00-0-00-2-573200,23600,0,0,23600,11489.65,23600,4267,0,29482.14,26727.31,23600,0,-9500,14100,11551.1,23600,0,0,23600,20536.15,23600,19534.92,0,43134.92,38205.3,23600,0,0,23600,20466.85,20400,0,-3704.86,16695.14,16695.14,17200,0,0,17200,15251.5,14000,0,-2888.8,11111.2,10598,13300,0,0,13300,6232.1,13300,0,-4450.11,8849.89,2144,13300,0,0,13300,12215,8000,8250,0,16250,16728,8000,160,0,8160,8157,4000,320,0,4320,1820,4000,0,0,4000,2989,
210,210,POLICE DEPARTMENT,12102,POLICE CRUISER,587003,0100-2-210-0000-00-0-00-2-587003,0,0,0,0,0,0,0,0,0,0,0,0,0,0,0,0,0,0,0,0,0,0,0,0,0,0,0,0,0,0,0,0,0,0,0,0,0,0,0,0,0,0,0,0,0,0,0,0,0,0,0,0,0,0,0,0,0,0,0,0,0,0,0,0,0,0,0,0,0,0,0,0,0,0,0,0,0,0,0,0,
,,POLICE DEPARTMENT Total,,,,,2413368.8499999996,,,,1404741.0299999996,2306764.0100000002,,,,2243913.35,2090792.2300000002,,,,2037303.81,1957090.78,,,,1910238.1700000002,1807654.69,,,,1789174.0000000005,1750774.4400000002,,,,1653051.54,1659229.47,,,,1630548.3099999994,1543198.7500000002,,,,1507746.4400000006,1352893,,,,1417828.6699999995,1352982,,,,1363555.82,1267069,,,,1267428.0899999999,1227995,,,,1258737.96,1310740,,,,1312356.56,1299899,,,,1335086.5600000008,1227697,,,,1225071.3800000001,1254162,,,,1215166.1700000002,
213,213,POLICE LOCK UP,12131,PAYROLL LOCK-UP,511014,0100-2-213-0000-00-0-00-1-511014,15000,0,0,15000,10063.83,20000,0,0,20000,7269.33,45000,0,-33184.96,11815.04,10092.4,60000,0,-7000,53000,10988.13,60000,15777.61,-38434.28,37343.33,22848.46,74460,0,0,74460,25523.4,74460,0,-20000,54460,36723.81,74460,0,-5069.33,69390.67,39211.26,73000,0,-17451.17,55548.83,55296.4,70000,0,-7420.38,62579.62,62579.62,51057,28200.4,0,79257.4,79736.14,50000,8000,-2767.55,55232.45,55232.45,47000,23500,-896.88,69603.12,69142.79,47000,1639.64,0,48639.64,48639.64,47000,15330.72,0,62330.72,62363.48,43200,982.9,-6804,37378.9,37630.52,
213,213,POLICE LOCK UP,12132,PURCHASE OF SERVICE,531006,0100-2-213-0000-00-0-00-2-531006,2800,0,0,2800,461.5,2800,0,0,2800,1918.03,2800,0,-1425,1375,990,2800,0,-1000,1800,611,2800,0,0,2800,2710.5,2800,0,0,2800,1363,2800,0,-1578.75,1221.25,587.5,2800,0,0,2800,497.73,2800,0,0,2800,517.59,2500,0,-1827.2,672.8,672.8,1250,0,0,1250,1200,1250,0,-474,776,776,1000,0,0,1000,1357.74,600,1395.41,0,1995.41,2057.96,600,150,0,750,818,600,0,0,600,435,
213,213,POLICE LOCK UP,12132,OFFICE SUPPLIES,540000,0100-2-213-0000-00-0-00-2-540000,2800,0,-550,2250,57.29,2800,0,0,3382.58,1962.77,2800,472.42,0,3272.42,2626.34,2800,2000,0,4800,2245.39,2800,1700,-300,4200,456.35,2800,0,0,2800,1985.66,2800,0,-952.98,1847.02,1636.18,2800,0,0,2800,2606.75,2800,0,0,2800,4772.12,2500,0,-1445.89,1054.11,1054.11,1600,0,0,1600,1171.26,1600,0,-575.36,1024.64,1024.64,600,0,0,600,702.59,600,0,-300,300,237.45,600,0,-150,450,349.24,600,0,0,600,513.38,
,,POLICE LOCK UP Total,,,,,20600,,,,10582.62,25600,,,,11150.130000000001,50600,,,,13708.74,65600,,,,13844.519999999999,65600,,,,26015.309999999998,80060,,,,28872.06,80060,,,,38947.49,80060,,,,42315.740000000005,78600,,,,60586.11,75000,,,,64306.530000000006,53907,,,,82107.4,52850,,,,57033.09,48600,,,,71203.12,48200,,,,50935.049999999996,48200,,,,63530.72,44400,,,,38578.899999999994,
214,214,INJURY LEAVE,12141,INJURY LEAVE,515000,0100-2-214-0000-00-0-00-1-515000,4000,0,0,4000,0,4000,0,0,4000,445.12,4000,0,-4000,0,0,4000,0,0,4000,0,4000,5179.06,0,9179.06,9179.06,4000,0,0,4000,0,4000,0,0,4000,2131.96,5623,0,0,5623,65.15,5513,0,0,5513,325.83,5000,0,-1570.51,3429.49,3429.49,5000,9576.26,-3000,11576.26,11576.26,5250,13407,-0.88,18656.12,18656.12,5000,41072.37,0,46072.37,46072.37,5000,0,-3808.97,1191.03,1191.03,5000,33537,-273.76,38263.24,38263.24,7500,56775.43,-500,63775.43,63775.43,
,,INJURY LEAVE Total,,,,,4000,,,,0,4000,,,,445.12,4000,,,,0,4000,,,,0,4000,,,,9179.06,4000,,,,0,4000,,,,2131.96,5623,,,,65.15,5513,,,,325.83,5000,,,,3429.49,5000,,,,11576.26,5250,,,,18656.12,5000,,,,46072.37,5000,,,,1191.03,5000,,,,38263.24,7500,,,,63775.43,
220,220,FIRE DEPARTMENT,12201,SALARIES DIVISION/DEPT HEADS,511000,0100-2-220-0000-00-0-00-1-511000,106446,6000,0,112446,67759.14,106446,0,0,106446,107946,103346,0,0,103346,104846,98914,1422,0,100336,101836,98914,0,0,98914,98914,96538,0,0,96538,96538,91959,2261,0,94220,94220,91959,0,0,91959,91959,90473,0,0,90473,89753,84000,3600,0,87600,87600,85500,0,0,85500,85499.98,84220,0,0,84220,83500,82639,0,0,82639,81596.36,80261,0,0,80261,80261,71201,6801.05,0,78002.05,77952,71201,0,0,71201,71107.7,
220,220,FIRE DEPARTMENT,12201,SALARIES CLERICAL,511001,0100-2-220-0000-00-0-00-1-511001,64707.12,7880.84,0,72587.96,43052.8,64489.66,4050.8,0,68540.46,68411.2,63120.24,0,0,63120.24,63120.24,61888.32,0,0,61888.32,61888.32,60677.28,0,0,60677.28,60677.28,57557.28,1149.76,0,58707.04,58673.44,55427.84,0,0,55427.84,55427.84,52754.56,0,0,52754.56,52754.56,46402,927.36,0,47329.36,47329.2,45224,0,0,45224,45223.84,44495,0,0,44495,44495.28,43556,0,0,43556,43726.48,39478,0,0,39478,42296,38482,0,0,38482,39916.08,37083,0,0,37083,35642.16,34825,0,0,34825,35714.54,
220,220,FIRE DEPARTMENT,12201,CAREER FIREFIGHTERS SALARIES,511007,0100-2-220-0000-00-0-00-1-511007,735398.9,0,0,735398.9,437845.07,708455.42,0,0,708455.42,708740.09,691698.93,0,0,691698.93,694210.99,545155.06,24529.39,0,569684.45,573836.22,421380.11,37263.3,0,458643.41,442728.89,423059.16,0,0,423059.16,422605.42,389401.16,0,0,389401.16,399657.45,264546.43,13645.38,0,278191.81,295443.36,215475,0,0,215475,214967.66,206749,6288.33,0,213037.33,213074.7,204420,0,0,204420,204437.24,201041,0,0,201041,200610.4,201577,0,0,201577,200079.36,185315,2257,0,187572,192464.84,184604,0,0,184604,185480.28,166858,8815.07,0,175673.07,178173.12,
220,220,FIRE DEPARTMENT,12201,AMBULANCE DIRECTOR SALARY,511008,0100-2-220-0000-00-0-00-1-511008,2500,0,0,2500,2500,1500,0,0,1500,1500,1500,0,0,1500,1500,1500,0,0,1500,1500,1266,0,0,1266,1266,1266,0,0,1266,1266,1266,0,0,1266,1266,1266,0,0,1266,1266,1266,0,0,1266,1266,1266,0,0,1266,1266,1266,0,0,1266,1266,1266,0,0,1266,1266,1266,0,0,1266,1266,1266,0,0,1266,1160.5,1266,0,0,1266,1160.5,1266,0,0,1266,1160.5,
220,220,FIRE DEPARTMENT,12201,FIRE OFFICERS SALARIES,511009,0100-2-220-0000-00-0-00-1-511009,0,0,0,0,0,0,0,0,0,0,0,0,0,0,0,0,0,0,0,0,0,0,0,0,0,0,0,0,0,0,0,0,0,0,0,0,0,0,0,0,0,0,0,0,0,0,0,0,0,0,0,0,0,0,0,0,0,0,0,0,0,0,0,0,0,0,0,0,0,0,0,0,0,0,250,0,0,0,0,0,
220,220,FIRE DEPARTMENT,12201,FIREFIGHTERS SALARIES,511010,0100-2-220-0000-00-0-00-1-511010,200659.92,23737.4,-3796.68,220600.64,141458.92,200659.92,12039.59,0,212699.51,203210.43,194047,0,0,194047,198538.58,190000,0,0,190000,222670.29,111353.4,0,0,111353.4,208711.71,111353.4,0,0,111353.4,216013.32,111353.4,0,0,111353.4,187866.52,111353.4,0,0,111353.4,190819.14,109170,0,0,109170,183663.58,114000,686.82,0,114686.82,160698.46,86700,28000,0,114700,133583.61,85000,16000,0,101000,114422.24,82500,10000,0,92500,115353.29,82500,27224.18,0,109724.18,110529.51,70304,32017.17,0,102321.17,106619.56,67600,9840.63,0,77440.63,89276.85,
220,220,FIRE DEPARTMENT,12201,EMT'S SALARIES,511011,0100-2-220-0000-00-0-00-1-511011,70469.7,0,0,70469.7,22207.01,70469.7,4228.18,0,74697.88,34385.04,70469.7,0,-2679.23,67790.47,32407.28,69000,0,0,69000,18283.71,147573.6,0,0,147573.6,49898.31,147573.6,0,0,147573.6,47407.33,147573.6,0,0,147573.6,29764.27,147573.6,0,0,147573.6,56375.88,144680,0,0,144680,77318.11,148656,0,-20755.76,127900.24,79191.99,103645,0,-5294.62,98350.38,81451.76,100000,0,-4679.18,95320.82,71378.8,99600,0,0,99600,66248.79,99600,0,0,99600,75946.27,87100,0,0,87100,82421.83,83750,373,0,84123,77707.54,
220,220,FIRE DEPARTMENT,12201,OUT OF GRADE PAY,511031,0100-2-220-0000-00-0-00-1-511031,5000,0,0,5000,719,5000,0,0,5000,1309,0,0,0,0,0,0,0,0,0,0,0,0,0,0,0,0,0,0,0,0,0,0,0,0,0,0,0,0,0,0,0,0,0,0,0,0,0,0,0,0,0,0,0,0,0,0,0,0,0,0,0,0,0,0,0,0,0,0,0,0,0,0,0,0,0,0,0,0,0,0,
220,220,FIRE DEPARTMENT,12201,SALARIES OVERTIME,513000,0100-2-220-0000-00-0-00-1-513000,171113.85,0,0,171113.85,106076.4,171113.85,0,0,171113.85,185777.27,162802.03,0,0,162802.03,182668.05,160930,9761.07,0,170691.07,166823.97,103611.69,8992,0,112603.69,160650.47,103611.69,0,0,103611.69,142141.22,64830,0,0,64830,112103.95,49830,0,0,49830,63280.87,35000,0,0,35000,25970.85,25000,701.76,0,25701.76,22815.32,25000,0,0,25000,33318.03,25000,0,0,25000,30784.52,25000,0,0,25000,35526.49,25000,649.13,0,25649.13,36411.78,25000,0,0,25000,29619.12,22000,0,-2200,19800,21488.68,
220,220,FIRE DEPARTMENT,12201,HOLIDAY PAY,514001,0100-2-220-0000-00-0-00-1-514001,45793.8,0,0,45793.8,31778.88,43545.26,0,0,43545.26,44186.72,42704.16,0,0,42704.16,42634.69,0,1153.63,0,1153.63,35446.04,0,0,0,0,20995.23,0,0,0,0,0,0,0,0,0,0,0,0,0,0,0,0,0,0,0,0,0,0,0,0,0,0,0,0,0,0,0,0,0,0,0,0,0,0,0,0,0,0,0,0,0,0,0,0,0,0,0,0,0,0,0,
220,220,FIRE DEPARTMENT,12201,LONGEVITY PAY,514002,0100-2-220-0000-00-0-00-1-514002,9297.68,102.1,0,9399.78,9492.38,12451.96,0,0,12451.96,9390.28,12458.01,0,0,12458.01,12458.01,10837.77,0,0,10837.77,10837.77,8277.28,2536.27,0,10813.55,10937.01,7354.11,78.81,0,7432.92,7417.87,7184.54,0,0,7184.54,7184.53,6748.1,238.84,0,6986.94,7011.89,5478,0,0,5478,5727.96,5499,180.68,0,5679.68,5664.93,4417,0,0,4417,4741.7,4343,0,0,4343,4345.59,4101,0,0,4101,4328.94,2815,46,0,2861,4158.41,6365,0,-3560.05,2804.95,2815.42,4633,0,0,4633,5064.66,
220,220,FIRE DEPARTMENT,12201,RETIREMENT/LONGEVITY STIPENDS,517000,0100-2-220-0000-00-0-00-1-517000,0,0,0,0,0,0,0,0,0,0,0,0,0,0,0,0,0,0,0,0,0,0,0,0,0,0,0,0,0,0,0,0,0,0,0,0,0,0,0,0,0,0,0,0,0,0,0,0,0,0,0,0,0,0,0,0,0,0,0,0,0,0,0,0,9535.26,0,0,0,0,0,0,0,0,0,0,0,0,0,0,0,
220,220,FIRE DEPARTMENT,12201,UNIFORM ALLOWANCE,519001,0100-2-220-0000-00-0-00-1-519001,9900,0,0,9900,9900,9900,0,0,9900,9900,9900,0,0,9900,9350,8800,0,0,8800,8800,6600,2200,0,8800,8800,6600,0,0,6600,6600,5600,0,0,5600,6600,4400,0,0,4400,4400,3300,0,0,3300,3300,3300,0,0,3300,3300,3300,0,0,3300,3300,3300,0,0,3300,3300,3300,0,0,3300,3300,3300,0,0,3300,3300,3300,0,0,3300,3300,3300,0,0,3300,3300,
220,220,FIRE DEPARTMENT,12201,CAREER INCENTIVE,519002,0100-2-220-0000-00-0-00-1-519002,5000,0,0,5000,5000,5000,0,0,5000,5000,5000,0,0,5000,5000,2000,0,0,2000,5000,0,4000,0,4000,4000,0,0,0,0,0,0,0,0,0,0,0,0,0,0,0,0,0,0,0,0,0,0,0,0,0,0,0,0,0,0,0,0,0,0,0,0,0,0,0,0,0,0,0,0,0,0,0,0,0,0,0,0,0,0,0,
220,220,FIRE DEPARTMENT,12201,TRAINING,519003,0100-2-220-0000-00-0-00-1-519003,50473.13,0,0,50473.13,6026.01,50473.13,0,0,50473.13,25901.33,50473.13,0,0,50473.13,56523.32,50000,0,0,50000,19732.51,40006,0,0,40006,28761.32,40006,0,0,40006,18908.83,25006,0,0,25006,13237.05,25006,0,0,25006,13601.5,13006,0,0,13006,11513.6,10926,0,0,10926,10640.93,10926,0,0,10926,11098.41,10712,0,0,10712,13727,10400,0,0,10400,10135.33,10400,0,0,10400,14315.02,10400,0,0,10400,12564.75,8000,0,0,8000,9376.72,
220,220,FIRE DEPARTMENT,12201,TRAINING,519004,0100-2-220-0000-00-0-00-1-519004,10500,0,0,10500,1500,10500,0,0,10500,6500,9500,0,0,9500,7500,9000,0,0,9000,5000,9000,0,-1100,7900,5500,9000,0,0,9000,5000,9000,0,-4000,5000,5000,9000,0,-3500,5500,5500,9000,0,-1500,7500,6500,10500,1000,-2000,9500,8500,10500,0,0,10500,7500,11000,0,-3000,8000,7500,10500,0,-150,10350,7000,10000,0,-650,9350,7500,9000,0,-2500,6500,6500,13000,0,-6000,7000,7000,
220,220,FIRE DEPARTMENT,12201,STIPENDS,519005,0100-2-220-0000-00-0-00-1-519005,5200,0,0,5200,3000,5200,0,0,5200,5050,5200,0,0,5200,5100,5200,0,0,5200,5300,5200,0,0,5200,5200,5200,0,0,5200,5350,13000,0,0,13000,6375,13000,0,0,13000,11325,13000,0,0,13000,14025,6500,0,0,6500,14000,6500,0,0,6500,13300,6500,0,0,6500,14200,6500,0,0,6500,13487.5,6500,3350,0,9850,9787.5,6500,0,0,6500,6175,6500,0,0,6500,6375.01,
220,220,FIRE DEPARTMENT,12201,CONTRACT EVALUATION STIPEND,519010,0100-2-220-0000-00-0-00-1-519010,0,0,0,0,0,0,0,0,0,0,0,0,0,0,0,0,0,0,0,0,0,0,0,0,0,0,0,0,0,0,0,0,0,0,0,0,0,0,0,0,0,0,0,0,0,0,0,0,0,0,0,0,0,0,0,0,0,0,0,0,0,0,0,0,0,0,0,0,0,0,0,0,0,0,0,0,0,0,0,0,
220,220,FIRE DEPARTMENT,12201,CELL PHONE STIPEND,519011,0100-2-220-0000-00-0-00-1-519011,720,0,0,720,480,720,0,0,720,720,720,0,0,720,720,720,0,0,720,720,720,0,0,720,720,720,0,0,720,720,720,0,0,720,720,720,0,0,720,720,720,0,0,720,720,720,0,0,720,720,720,0,0,720,720,720,0,0,720,720,0,0,0,0,660,0,0,0,0,0,0,0,0,0,0,0,0,0,0,0,
220,220,FIRE DEPARTMENT,12201,TRAINING OFFICER STIPEND,519017,0100-2-220-0000-00-0-00-1-519017,1500,0,0,1500,1500,1500,0,0,1500,1500,1500,0,0,1500,1500,0,1500,0,1500,1500,0,0,0,0,0,0,0,0,0,0,0,0,0,0,0,0,0,0,0,0,0,0,0,0,0,0,0,0,0,0,0,0,0,0,0,0,0,0,0,0,0,0,0,0,0,0,0,0,0,0,0,0,0,0,0,0,0,0,0,0,
220,220,FIRE DEPARTMENT,12201,ALS STIPEND,519018,0100-2-220-0000-00-0-00-1-519018,2500,0,0,2500,2500,1500,0,0,1500,2500,1500,0,0,1500,1500,1500,0,0,1500,1500,0,1500,0,1500,1500,0,0,0,0,0,0,0,0,0,0,0,0,0,0,0,0,0,0,0,0,0,0,0,0,0,0,0,0,0,0,0,0,0,0,0,0,0,0,0,0,0,0,0,0,0,0,0,0,0,0,0,0,0,0,0,
220,220,FIRE DEPARTMENT,12201,FIRE PREVENTION OFC STIPEND,519019,0100-2-220-0000-00-0-00-1-519019,3000,0,0,3000,3000,3000,0,0,3000,3000,3000,0,0,3000,3000,0,3000,0,3000,3000,0,0,0,0,0,0,0,0,0,0,0,0,0,0,0,0,0,0,0,0,0,0,0,0,0,0,0,0,0,0,0,0,0,0,0,0,0,0,0,0,0,0,0,0,0,0,0,0,0,0,0,0,0,0,0,0,0,0,0,0,
220,220,FIRE DEPARTMENT,12201,SAFE COORDINATOR STIPEND,519023,0100-2-220-0000-00-0-00-1-519023,1000,0,0,1000,1000,1000,0,0,1000,1000,0,0,0,0,0,0,0,0,0,0,0,0,0,0,0,0,0,0,0,0,0,0,0,0,0,0,0,0,0,0,0,0,0,0,0,0,0,0,0,0,0,0,0,0,0,0,0,0,0,0,0,0,0,0,0,0,0,0,0,0,0,0,0,0,0,0,0,0,0,0,
220,220,FIRE DEPARTMENT,12202,BLDG REPAIRS & MTC,521004,0100-2-220-0000-00-0-00-2-521004,1500,3100,0,4600,4355.8,1500,500,0,2086.18,1642.88,1500,0,0,1500,1135.47,1500,0,0,1508.97,733.75,1500,450,0,1975.02,1945.26,1500,1000,0,2575.98,1088.8,1500,0,0,1500,1134.96,1500,0,0,1726.55,1228.47,1500,500,0,3000,2647.69,1500,1000,0,2719.29,1353.75,1500,0,0,1500,1040.53,1500,50,0,1550,1399.86,1500,0,0,1500,1178.76,1500,497,0,2016.94,1223.75,1500,0,0,1500,1475.57,1500,0,0,2027.17,1381.62,
220,220,FIRE DEPARTMENT,12202,EQUIPMENT MTC - EMS,521008,0100-2-220-0000-00-0-00-2-521008,14000,0,0,14000,2336.91,14000,0,-3900,10100,6954.66,5000,6929.25,0,11929.25,10440.92,5000,1050,0,6050,5458.18,5000,0,0,5000,3510.23,5000,0,0,5000,2550.06,5000,0,-3038.75,1961.25,1677.21,5000,0,-3360.84,1639.16,1623,2500,0,-900,1600,1499.36,2500,220,-306.78,2413.22,2308.21,2500,20,0,2520,2515.89,2500,1000,0,3500,2760.75,2500,1000,0,3500,3140.36,2500,250,0,2750,2665.34,2500,400,0,2900,2809.19,2500,0,0,2500,2132.22,
220,220,FIRE DEPARTMENT,12202,EQUIPMENT MTC - FIREFIGHTERS,521009,0100-2-220-0000-00-0-00-2-521009,10170,0,0,10170,4165,10170,100,0,12566.58,10387.49,10170,0,-2096.25,8073.75,5634.35,10170,0,0,12337.35,10796.4,10170,6700,0,16870,6632.15,10170,0,0,10170,8843.91,5204,0,0,5686.9,3740.46,5000,6456.27,-1016.87,13274.01,12521.71,5000,733.04,0,5733.04,2898.43,5000,340,-726.89,4613.11,4501.64,5000,0,0,5000,2266.44,5000,520,0,5520,4711.15,5000,1800,0,12642.88,11754.87,5000,8770.85,-497,13273.85,6229.67,4500,0,0,4500,3611.8,4500,0,0,4500,3932.26,
220,220,FIRE DEPARTMENT,12202,OUTSIDE TRAINING - EMS,531022,0100-2-220-0000-00-0-00-2-531022,21000,0,0,21000,5932.96,21000,0,-10000,11000,9286.81,21000,0,-10000,18497.5,18405,21000,3000,0,24000,18569.5,21000,0,-6700,14300,5990,21000,0,0,21000,10605.99,0,0,0,0,0,0,0,0,0,0,0,0,0,0,0,0,0,0,0,0,0,0,0,0,0,0,0,0,0,0,0,0,0,0,0,0,0,0,0,0,0,0,0,0,0,0,0,0,0,0,
220,220,FIRE DEPARTMENT,12202,RECERTIFICATION - EMS,531023,0100-2-220-0000-00-0-00-2-531023,3150,0,0,3150,912.7,3150,0,0,3150,1531.94,3150,0,-309,2841,2220,3000,0,-1050,2075,1280,3000,0,0,3000,2395,2400,0,0,2400,1120,2436,0,-47,2389,2090,2266,0,-866,1400,1390,1650,100,0,1750,1150,2550,0,-1555,995,995,2490,0,0,2490,1215,2400,0,0,2400,1330,2250,150,0,2400,2400,2250,0,0,2250,2100,2100,0,-300,1800,1800,2100,0,-750,1350,1350,
220,220,FIRE DEPARTMENT,12202,FEES/LICENSES EMS,531024,0100-2-220-0000-00-0-00-2-531024,15400,0,0,15400,13880.81,15400,900,-3000,14746.28,12786.53,15400,450,-1511,15666.98,14067.73,15400,0,-3000,12400,10891.63,14350,0,-2750,11600,5942.27,8350,0,0,8350,8214.88,10300,966.16,-1950,9316.16,9312.46,11300,394.53,-3107.06,8587.47,8587.47,10000,0,-2259.23,7740.77,7740.77,10000,0,-5154.85,4845.15,4845.15,10000,0,-2520,7480,5240.57,10000,0,-7161.71,2838.29,2828.78,10000,0,-1000,9000,2984.53,5000,0,-2525,2475,2475,3500,0,-1330,2170,2170,3500,0,-1145,2355,2355,
220,220,FIRE DEPARTMENT,12202,FIRE IT SOFTWARE,531071,0100-2-220-0000-00-0-00-2-531071,10000,0,0,10000,0,9000,0,0,9000,0,0,0,0,0,0,0,0,0,0,0,0,0,0,0,0,0,0,0,0,0,0,0,0,0,0,0,0,0,0,0,0,0,0,0,0,0,0,0,0,0,0,0,0,0,0,0,0,0,0,0,0,0,0,0,0,0,0,0,0,0,0,0,0,0,0,0,0,0,0,0,
220,220,FIRE DEPARTMENT,12202,POSTAGE,534400,0100-2-220-0000-00-0-00-2-534400,300,0,0,300,47.1,300,0,0,345.93,117.72,300,0,0,300,78.74,300,0,0,300,57.26,300,0,0,300,132.65,300,0,0,300,102.55,300,0,0,300,179.85,300,0,0,300,219.32,300,0,0,300,212.69,300,0,0,300,168.12,300,0,0,300,183.05,300,0,0,300,285.86,300,0,0,300,219.12,300,0,0,300,294.72,250,0,0,250,213.1,250,0,0,250,248.84,
220,220,FIRE DEPARTMENT,12202,OFFICE SUPPLIES,540000,0100-2-220-0000-00-0-00-2-540000,2500,0,0,3191.42,1924.12,2500,0,0,2757.19,1465.55,2500,0,0,2502.28,1659.5,2500,0,0,2699.75,858.32,2500,0,0,2500,460.47,2500,0,0,2500,1285.39,1200,519,0,1719,1682.76,1000,1200,-200,2000,1909.2,1000,400,0,1400,1321.73,1000,0,0,1000,981.23,1000,0,0,1000,684.98,1000,25,0,1025,982.75,1000,0,0,1000,982.81,1000,0,0,1000,613.1,1000,0,0,1000,961.7,1000,0,0,1000,873.33,
220,220,FIRE DEPARTMENT,12202,BUILDING MTC SUPPLIES,541002,0100-2-220-0000-00-0-00-2-541002,0,0,0,0,0,0,0,0,0,0,0,0,0,0,0,0,0,0,0,0,0,0,0,0,0,0,0,0,0,0,0,0,0,0,0,0,0,0,0,0,0,0,0,0,0,0,0,0,0,0,0,0,0,0,0,0,0,0,0,0,0,0,0,0,0,0,0,0,0,0,0,0,0,0,0,0,0,0,0,0,
220,220,FIRE DEPARTMENT,12202,FIREFIGHTING/TRAINING SUPPLIES,541003,0100-2-220-0000-00-0-00-2-541003,7000,0,-1900,5100,3335.34,7000,0,-1000,6000,5336.94,7000,0,-1018,5982,5788.44,7000,0,0,7000,4387,7000,0,0,7000,3981.95,7000,0,0,7000,3842.2,6504,500,-2266,4738,4423,5000,1804,0,6804,6396.35,5000,0,-1112,7888,7888,5000,4700,-962.36,8737.64,4737.64,5000,0,0,5000,3861.5,5000,0,-50,4950,4336.7,5000,0,0,7500,6580.75,5000,0,-1220,5280,2568.41,4000,1500,-400,5100,1658.78,5000,0,0,5000,2393.07,
220,220,FIRE DEPARTMENT,12202,EMS SUPPLIES,541004,0100-2-220-0000-00-0-00-2-541004,25000,0,0,25000,22394.31,18000,16000,0,36561.94,35015.65,15000,10837,0,25918.24,22984.16,15000,1000,0,16000,15914.63,15000,2500,0,18450,16415.75,15000,1000,0,16000,12699.9,14916,528.75,-1906.16,13538.59,12561.2,9916,4391.34,-94.53,14212.81,14098,7000,7827.23,0,17470.08,17355.3,6000,8963.62,0,16198.37,13540.81,6000,2500,0,8500,7265.25,6000,4940,0,10940,10886.77,6000,0,0,6000,5670.93,6000,900,0,6900,6765.09,6000,0,-100,5900,5010.71,8000,0,0,8171.28,6654.38,
220,220,FIRE DEPARTMENT,12202,PUBLIC EDUCATION SUPPLIES,541005,0100-2-220-0000-00-0-00-2-541005,0,0,0,0,0,0,0,0,0,0,0,0,0,0,0,0,0,0,0,0,0,0,0,0,0,0,0,0,0,0,0,0,0,0,0,0,0,0,0,0,0,0,0,0,0,0,0,0,0,0,0,0,0,0,0,0,0,0,0,0,0,0,0,0,0,0,0,0,0,0,0,0,0,0,0,0,0,0,0,0,
220,220,FIRE DEPARTMENT,12202,FOOD AT FIRES,541006,0100-2-220-0000-00-0-00-2-541006,350,300,0,650,246.7,350,0,0,350,0,350,18,0,368,362.54,350,0,0,350,115.96,350,0,0,350,0,350,0,0,350,113.01,350,0,-100,250,107.75,350,0,-150,200,133.52,350,0,-190.94,159.06,159.06,350,0,0,450,394.38,350,0,0,350,123.05,350,0,0,350,156.9,350,0,0,350,164.05,350,0,0,350,175.3,300,0,0,300,158.26,300,0,0,300,144.85,
220,220,FIRE DEPARTMENT,12202,DUES/MEMBERSHIP,573000,0100-2-220-0000-00-0-00-2-573000,2000,0,0,2000,1564.24,2000,0,0,2025,1857.96,2000,0,0,2017.9,1856.9,2000,0,0,2000,1936.17,2000,32,0,2032,1728.63,2000,0,0,2000,1875,2000,0,-501,1499,1499,2333,300,-1218,1415,1415,2000,0,-875,1125,1125,2000,0,-921,1079,1079,2000,0,0,2000,1079,2000,0,-665,1335,1329,2000,800,0,2800,2199.5,2000,0,0,2000,1999,2000,0,0,2000,1766.5,2000,205,0,2205,1934,
220,220,FIRE DEPARTMENT,12202,MEETINGS/SCHOOL FIREFIGHTERS,573001,0100-2-220-0000-00-0-00-2-573001,6565,0,-3100,3465,730.6,6565,0,-100,6603,3638.12,6565,0,-420,6145,5210.54,6565,0,0,6869,4719.49,6565,0,-160,6405,4914.93,6565,0,0,9287,7116.42,2958.1,14105,0,17063.1,14543.73,2500,1038.06,0,3538.06,3522.25,2500,0,-1605,895,849,2500,0,-1375,1125,1125,2500,0,0,2500,0,2500,0,-700,1800,1212.06,2500,0,-428.74,2071.26,625,2500,0,-2000,500,500,1000,0,0,1000,0,4250,0,-4075,175,175,
220,220,FIRE DEPARTMENT,12202,MEETINGS/SCHOOL,573100,0100-2-220-0000-00-0-00-2-573100,1400,0,0,1400,675,1400,0,-500,900,675,1400,0,-950,450,450,1400,0,0,1400,450,1400,0,-32,1368,0,1400,0,0,1400,450,2500,290,-1100,1690,1635.5,2500,0,-1154.5,1345.5,1345.5,2500,0,-614,1886,1885.5,2500,0,-740,1760,1726.19,2500,0,0,2500,1630.5,2500,0,-620,1880,1665.5,2500,0,-2000,500,365,2500,0,-1350,1150,1142,1000,0,0,1000,650,3000,0,-1542.07,1457.93,375,
220,220,FIRE DEPARTMENT,12202,CAPITAL PROTECTIVE EQUIPMENT,582001,0100-2-220-0000-00-0-00-2-582001,20000,0,0,20000,3731.18,20000,0,0,20000,17858.73,20000,0,-5900,20873.16,16658.07,20000,0,0,20779.77,13871.25,10000,160,0,12985,12114.23,10000,0,0,18005.81,12473.59,10000,0,0,13474.15,5441.39,10000,0,-316,16214.93,9591.21,10000,0,0,14000,7133.25,10000,1100,0,17421.43,13232.18,10000,0,0,13469.84,6855.99,10000,0,-354,12841.06,9371.22,11988,0,0,27228,24032.94,10000,0,0,10126.08,578.97,8000,0,0,8000,7868.92,10000,0,0,10000,8830.83,
220,220,FIRE DEPARTMENT,12202,CAPITAL REPLACEMENT EQUIPMENT,582002,0100-2-220-0000-00-0-00-2-582002,10000,1600,0,11600,5865.92,10000,1000,0,13459.57,8286.48,10000,4420,0,14420,11257.51,10000,0,0,10000,5491.08,10000,0,-200,9800,4254.32,10000,0,0,10000,4881.43,10000,1000,0,11050,9198.89,8500,300,-350.99,9825.69,8574.81,10000,995.9,-1500,10571.39,9130.48,10000,3611,-3242.74,10368.26,9292.27,10000,0,0,15097.65,13053.23,10000,0,-764,9236,4138.35,10000,0,-1800,8200,5322.26,10000,0,-4451.85,5548.15,5352.49,8000,1330,-1014.6,8315.4,8315.4,10000,0,0,10000,6527.36,
220,220,FIRE DEPARTMENT,12202,POLICE CRUISER,587003,0100-2-220-0000-00-0-00-2-587003,0,0,0,0,0,0,0,0,0,0,0,0,0,0,0,0,0,0,0,0,0,0,0,0,0,0,0,0,0,0,0,0,0,0,0,0,0,0,0,0,0,0,0,0,0,0,0,0,0,0,0,0,0,0,0,0,0,0,0,0,0,0,0,0,0,0,0,0,0,0,0,0,0,0,0,0,0,0,0,0,
,,FIRE DEPARTMENT Total,,,,,1651515.0999999999,,,,968894.3000000002,1615259.9,,,,1542769.8199999998,1550274.1999999997,,,,1540787.03,1336630.1500000001,,,,1339205.4499999997,1124714.36,,,,1179678.0599999996,1113374.2399999998,,,,1105904.5599999996,997489.64,,,,988650.7699999999,845622.09,,,,867013.0099999999,748270,,,,745051.2199999999,723540,,,,712976.7400000001,648529,,,,671726.99,637708,,,,636876.6799999999,629749,,,,658434.2,601339,,,,610433.75,557773,,,,588970.5499999999,540833,,,,545053.0799999998,
223,223,FIRE HYDRANT EXPENSE,12232,HYDRANT EXPENSE,523002,0100-2-223-0000-00-0-00-2-523002,17000,0,0,17000,4000,17000,0,0,30000,30000,15194,1806,0,17000,4000,15194,0,0,15194,13000,15116,0,0,15116,14644,15060,61,0,15121,15121,15000,116,0,28116,28116,15000,60,0,28060,15060,15000,0,0,15000,1979,15000,0,0,15000,14952.58,15000,0,-48,14952,14952,15000,0,-48,14952,14952,15000,0,-48,14952,14952,15000,0,-252.96,14747.04,14747.04,14265,400,-6.23,14658.77,14658.77,14265,95.86,0,14360.86,14360.86,
,,FIRE HYDRANT EXPENSE Total,,,,,17000,,,,4000,17000,,,,30000,15194,,,,4000,15194,,,,13000,15116,,,,14644,15060,,,,15121,15000,,,,28116,15000,,,,15060,15000,,,,1979,15000,,,,14952.58,15000,,,,14952,15000,,,,14952,15000,,,,14952,15000,,,,14747.04,14265,,,,14658.77,14265,,,,14360.86,
227,227,MTC OF TOWN RADIOS,12272,EQUIPMENT MTC,521007,0100-2-227-0000-00-0-00-2-521007,10000,0,0,10000,3593.94,10000,0,0,10649.95,6964.82,10000,0,-450,9550,5145.91,10000,0,0,10000,6192.77,10000,0,0,10000,2105,10000,0,-61,9939,4395.01,10000,0,-2116,7884,6210.55,10000,200,-2288.45,10613.62,10126.64,10000,0,0,10000,7082.25,10000,0,-4395.93,8888.97,7965.81,10000,0,-4414.42,13313.11,9631.93,10000,0,-15,13985,6257.47,10000,0,-1648.71,8351.29,4351.29,10000,326,-218.27,13620.59,13107.73,10000,0,-4537,5463,1950.14,10000,0,-5722.93,11376.12,11376.12,
,,MTC OF TOWN RADIOS Total,,,,,10000,,,,3593.94,10000,,,,6964.82,10000,,,,5145.91,10000,,,,6192.77,10000,,,,2105,10000,,,,4395.01,10000,,,,6210.55,10000,,,,10126.64,10000,,,,7082.25,10000,,,,7965.81,10000,,,,9631.93,10000,,,,6257.47,10000,,,,4351.29,10000,,,,13107.73,10000,,,,1950.14,10000,,,,11376.12,
228,228,RADIO WATCH,12281,SALARIES CLERICAL,511001,0100-2-228-0000-00-0-00-1-511001,56501.76,0,0,56501.76,22091.45,49068.8,4273.28,-1643,51699.08,48111.76,60948.72,0,-15853.8,45094.92,45094.92,58589.28,1341,0,59930.28,59930.28,0,0,0,0,0,0,0,0,0,0,0,0,0,0,0,0,0,0,0,0,0,0,0,0,0,0,0,0,0,0,0,0,0,0,0,35000,0,0,35000,0,0,0,0,0,0,0,0,0,0,0,0,0,0,0,0,0,0,0,0,0,
228,228,RADIO WATCH,12281,SALARIES STAFF,511003,0100-2-228-0000-00-0-00-1-511003,0,0,0,0,0,0,0,0,0,0,0,0,0,0,0,0,0,0,0,0,0,0,0,0,0,0,0,0,0,0,0,0,0,0,0,0,0,0,0,0,0,0,0,0,0,0,0,0,0,0,0,0,0,0,0,0,0,0,0,0,175251,0,-4359.64,170891.36,157870.37,164763,0,-15587.14,149175.86,149175.86,158625,0,0,158625,168060.98,154887,0,-5978,148909,139381.54,
228,228,RADIO WATCH,12281,SALARIES TEMPORARY,512103,0100-2-228-0000-00-0-00-1-512103,47897.98,0,0,47897.98,22656.43,46729.74,1643,0,48372.74,48372.39,45589.99,5246.88,0,50836.87,49145.8,45589.99,0,-171.72,45418.27,44732.25,103030.87,3148.4,-1000,105179.27,104600.9,103030.87,0,0,103030.87,89758.6,100467.51,0,0,100467.51,91269.06,97246.56,323.6,-3.76,97566.4,95469.91,88600,965.2,0,89565.2,88633.59,70000,26000,-1795.76,94204.24,88539.48,62220,1054.57,0,63274.57,63284.32,26000,506.62,0,26506.62,84656.62,0,0,0,0,0,0,0,0,0,0,0,0,0,0,0,0,0,0,0,0,
228,228,RADIO WATCH,12281,SALARIES OVERTIME,513000,0100-2-228-0000-00-0-00-1-513000,0,0,0,0,0,0,0,0,0,0,0,0,0,0,0,0,0,0,0,0,0,0,0,0,0,0,0,0,0,0,0,0,0,0,0,0,3.76,0,3.76,3.76,0,0,0,0,0,0,0,0,0,0,0,0,0,0,0,0,0,0,0,0,20702,0,0,20702,34879.32,41060,0,-11637.04,29422.96,27812.79,30000,0,-14802.56,15197.44,6693.5,20548,7671.68,-9031,19188.68,30725.06,
228,228,RADIO WATCH,12281,LONGEVITY PAY,514002,0100-2-228-0000-00-0-00-1-514002,0,0,0,0,0,0,0,0,0,0,0,0,0,0,0,0,0,0,0,0,0,0,0,0,0,0,0,0,0,0,0,0,0,0,0,0,0,0,0,0,0,0,0,0,0,0,0,0,0,0,0,0,0,0,0,0,0,0,0,0,3226,0,0,3226,3475.46,0,0,0,0,3219.27,0,0,0,0,1578.94,0,0,0,0,0,
228,228,RADIO WATCH,12281,UNIFORM ALLOWANCE,519001,0100-2-228-0000-00-0-00-1-519001,0,0,0,0,0,0,0,0,0,0,1000,0,0,1000,1000,1000,0,0,1000,1000,1000,0,0,1000,1000,1000,0,0,1000,1000,1000,0,0,1000,1000,1000,0,0,1000,1000,1000,0,0,1000,1000,0,0,0,0,0,0,0,0,0,0,0,0,0,0,0,2700,0,-100,2600,2600,2700,0,0,2700,2600,2700,0,0,2700,2600,2000,600,0,2600,2600,
228,228,RADIO WATCH,12281,STIPENDS,519005,0100-2-228-0000-00-0-00-1-519005,0,0,0,0,0,0,0,0,0,0,0,0,0,0,0,0,0,0,0,0,0,0,0,0,0,0,0,0,0,0,0,0,0,0,0,0,0,0,0,0,13400,0,-13400,0,0,0,0,0,0,0,0,0,0,0,0,0,0,0,0,0,0,0,0,0,0,0,0,0,0,0,0,0,0,0,0,0,0,0,0,0,
228,228,RADIO WATCH,12282,EQUIPMENT MTC,521007,0100-2-228-0000-00-0-00-2-521007,0,0,0,0,0,0,0,0,0,0,0,0,0,0,0,0,0,0,0,0,0,0,0,0,0,0,0,0,0,0,0,0,0,0,0,0,0,0,0,0,0,0,0,0,0,0,0,0,0,0,0,0,0,0,0,0,0,0,0,0,0,0,0,0,0,0,0,0,0,0,0,0,0,0,0,0,0,0,0,0,
228,228,RADIO WATCH,12282,ADVERTISING,534500,0100-2-228-0000-00-0-00-2-534500,0,0,0,0,0,0,0,0,0,0,0,0,0,0,0,0,0,0,0,0,0,0,0,0,0,0,0,0,0,0,0,0,0,0,0,0,0,0,0,0,0,0,0,0,0,0,0,0,0,0,0,0,0,0,0,0,0,0,0,0,200,0,-200,0,0,200,0,0,200,0,200,0,0,200,0,200,0,0,200,0,
228,228,RADIO WATCH,12282,OFFICE SUPPLIES,540000,0100-2-228-0000-00-0-00-2-540000,0,0,0,0,0,0,0,0,0,0,0,0,0,0,0,0,0,0,0,0,0,0,0,0,0,0,0,0,0,0,0,0,0,0,0,0,0,0,0,0,0,0,0,0,0,0,0,0,0,0,0,0,0,0,0,0,0,0,0,0,1000,0,0,1000,0,1000,0,0,1000,0,1000,0,0,1000,189.02,1000,0,0,1000,571.08,
228,228,RADIO WATCH,12282,MEETINGS/SCHOOL,573100,0100-2-228-0000-00-0-00-2-573100,0,0,0,0,0,0,0,0,0,0,0,0,0,0,0,0,0,0,0,0,0,0,0,0,0,0,0,0,0,0,0,0,0,0,0,0,0,0,0,0,0,0,0,0,0,0,0,0,0,0,0,0,0,0,0,0,0,0,0,0,2000,300,0,2300,1894.21,2000,0,0,2000,1690.9,1400,0,0,1400,0,2000,0,-600,1400,20,
228,228,RADIO WATCH,12282,NVRDD ASSESSMENT,573300,0100-2-228-0000-00-0-00-2-573300,200913.97,0,0,200913.97,200913.96,212921.42,0,0,212921.42,212921.42,204606,0,0,204606,204606,199500,0,0,199500,199500,198530,0,0,198530,198530,189076.4,0,0,189076.4,189076.4,175000,0,0,175000,175000,157472.15,0,0,157472.15,155265,170875,0,0,170875,167597.52,191975,1600.76,0,193575.76,193575.76,187293,5000,0,192293,192283.25,187293,0,0,187293,164143,0,0,0,0,0,0,0,0,0,0,0,0,0,0,0,0,0,0,0,0,
,,RADIO WATCH Total,,,,,305313.71,,,,245661.84,308719.96,,,,309405.57,312144.70999999996,,,,299846.72,304679.27,,,,305162.53,302560.87,,,,304130.9,293107.27,,,,279835,276467.51,,,,267269.06,255718.71,,,,251738.66999999998,273875,,,,257231.11,261975,,,,282115.24,249513,,,,255567.57,248293,,,,248799.62,205079,,,,200719.36,211723,,,,184498.81999999998,193925,,,,179122.44,180635,,,,173297.68,
241,241,BUILDING INSPECTION,12411,SALARIES DIVISION/DEPT HEADS,511000,0100-2-241-0000-00-0-00-1-511000,87148.04,8240.76,0,95388.8,59566.34,97359.91,5161.3,0,102521.21,89665.17,94985.28,0,0,94985.28,89116.12,93535.4,0,0,93535.4,93535.4,91612.4,0,0,91612.4,91612.4,38946.96,34054.12,0,73001.08,72259.71,38946.96,0,0,38946.96,36075.89,72352,0,-5297.43,67054.57,61266.75,65295,1310.76,-2823.78,63781.98,63781.98,63995,0,0,63995,63995.4,61880,0,0,61880,61929.48,61814,0,-48.92,61765.08,61765.08,61551,0,-1796.76,59754.24,59754.24,64707,0,0,64707,66569.16,60364,1474.63,0,61838.63,64712.77,62473,0,-1196,61277,59207.68,
241,241,BUILDING INSPECTION,12411,SALARIES CLERICAL,511001,0100-2-241-0000-00-0-00-1-511001,55986.4,0,0,55986.4,33234.48,48597.12,4212,0,52809.12,52809.12,48597.12,0,0,48597.12,48597.12,46955.9,941,0,47896.9,47896.9,45984.8,921.2,0,46906,46007.8,46229.4,0,0,46229.4,46229.4,44890.56,0,0,44890.56,44890.56,43350.8,862.99,0,44213.79,44442.22,43581,0,0,43581,43582.76,42072,358.35,0,42430.35,43350.3,41894,627,0,42521,42520.71,41849,0,-413.8,41435.2,41435.2,40061,0,0,40061,40060.8,43138,0,0,43138,43065.77,41885,0,0,41885,41885.28,39734,0,-764,38970,41110.84,
241,241,BUILDING INSPECTION,12411,SALARIES ASSISTANTS,511002,0100-2-241-0000-00-0-00-1-511002,0,0,0,0,0,0,0,0,0,0,0,0,0,0,0,0,0,0,0,0,0,0,0,0,0,0,0,0,0,0,0,0,0,0,0,0,0,0,0,0,0,0,0,0,0,0,0,0,0,0,0,0,0,0,0,0,0,0,0,0,0,0,0,0,0,0,0,0,0,0,0,0,0,0,0,0,0,0,0,0,
241,241,BUILDING INSPECTION,12411,SALARIES STAFF,511003,0100-2-241-0000-00-0-00-1-511003,5000,0,0,5000,571.87,5000,0,0,5000,222.75,5000,0,0,5000,3348.84,0,0,0,0,2300,0,0,0,0,500,42921.9,0,-34774.12,8147.78,0,43786.08,0,0,43786.08,0,5000,0,0,5000,0,5000,0,0,5000,5599.98,5000,0,0,5000,5000,5000,0,-1904.57,3095.43,3065.12,5220,0,-1120,4100,4100,5000,0,0,5000,5200,5000,0,0,5000,5000,2500,0,0,2500,2500,2500,0,-1270,1230,0,
241,241,BUILDING INSPECTION,12411,LONGEVITY PAY,514002,0100-2-241-0000-00-0-00-1-514002,2350,0,0,2350,2350,2350,0,0,2350,2350,2350,0,0,2350,2350,2350,0,0,2350,2350,2350,0,0,2350,2350,2350,0,0,2350,2350,2350,0,0,2350,2350,2157,192.52,0,2349.52,2350,4074,39.31,-1947.53,2165.78,2165.78,3996,0,0,3996,4058.22,3931,31,0,3962,3955.52,3926,0,-1.48,3924.52,3924.52,4277,0,-481.33,3795.67,3795.67,4098,0,0,4098,4156.37,3277,0,0,3277,2094.26,0,0,0,0,1509.1,
241,241,BUILDING INSPECTION,12411,SICK LEAVE BUY BACK,517004,0100-2-241-0000-00-0-00-1-517004,0,0,0,0,0,0,0,0,0,0,0,0,0,0,0,0,0,0,0,0,0,0,0,0,0,0,0,0,0,0,0,0,0,0,0,0,0,0,0,0,0,0,0,0,0,0,19915.2,0,19915.2,19915.2,0,0,0,0,0,0,0,0,0,0,0,0,0,0,0,0,0,0,0,0,0,0,0,0,0,0,0,0,0,0,
241,241,BUILDING INSPECTION,12411,MILEAGE STIPEND,519008,0100-2-241-0000-00-0-00-1-519008,7500,0,0,7500,4615.36,7500,0,0,7500,7499.96,7500,0,0,7500,6778.77,7500,0,0,7500,7500,7500,0,0,7500,7500,7500,0,0,7500,6594.2,7500,0,0,7500,4525,5000,3200,0,8200,7300,5000,0,-850.61,4149.39,3816.62,5000,0,0,5000,5000,5000,0,0,5000,5000,5000,0,0,5000,5000,5000,0,0,5000,5000,5000,0,0,5000,4999.92,5000,0,0,5000,4999.92,5000,0,0,5000,5000,
241,241,BUILDING INSPECTION,12411,CONTRACT EVALUATION STIPEND,519010,0100-2-241-0000-00-0-00-1-519010,0,0,0,0,0,0,0,0,0,0,0,0,0,0,0,0,0,0,0,0,0,0,0,0,0,0,0,0,0,0,0,0,0,0,0,0,0,0,0,0,0,0,0,0,0,0,0,0,0,0,0,0,0,0,0,0,0,0,0,0,0,0,0,0,0,0,0,0,0,0,0,0,0,0,0,0,0,0,0,0,
241,241,BUILDING INSPECTION,12412,OFFICE EQUIPMENT MTC,521001,0100-2-241-0000-00-0-00-2-521001,0,0,0,0,0,0,0,0,0,0,0,0,0,0,0,0,0,0,0,0,0,0,0,0,0,0,0,0,0,0,0,0,0,0,0,0,0,0,0,0,0,0,0,0,0,0,0,0,0,0,0,0,0,0,0,0,0,0,0,0,200,0,0,200,0,200,0,0,200,0,200,0,0,200,0,200,0,-50,150,0,
241,241,BUILDING INSPECTION,12412,PUBLICATIONS,531017,0100-2-241-0000-00-0-00-2-531017,1600,0,0,1600,786.45,1600,0,0,1600,1002.41,1500,0,-1500,0,0,1500,0,0,1500,0,800,0,0,800,0,800,0,0,800,0,800,0,0,800,0,350,919.64,0,1269.64,1188.09,350,0,0,350,209.5,325,0,0,325,0,325,0,-325,0,0,325,0,-325,0,0,325,0,0,325,0,325,0,0,325,0,325,166.95,-5,486.95,240.66,325,0,-125,200,0,
241,241,BUILDING INSPECTION,12412,PRINTING,534200,0100-2-241-0000-00-0-00-2-534200,0,0,0,0,0,0,0,0,0,0,0,0,0,0,0,0,0,0,0,0,0,0,0,0,0,0,0,0,0,0,0,0,0,0,0,0,0,0,0,0,0,0,0,0,0,0,0,0,0,0,0,0,0,0,0,0,0,0,0,0,0,0,0,0,0,0,0,0,0,0,0,0,0,0,0,0,0,0,0,0,
241,241,BUILDING INSPECTION,12412,POSTAGE,534400,0100-2-241-0000-00-0-00-2-534400,240,0,-19.28,220.72,0,240,0,0,282.73,91.29,240,0,0,240,0,240,0,0,240,39.32,240,0,0,240,46.35,240,0,0,240,87.25,240,0,0,240,32.05,240,0,0,240,38.71,240,0,0,240,196,230,138.47,0,368.47,280.07,230,0,-54.91,175.09,175.09,230,0,-78.96,151.04,151.04,230,0,0,230,71.47,230,0,0,230,92.24,230,0,0,230,140.42,230,0,-179.84,50.16,49.54,
241,241,BUILDING INSPECTION,12412,ADVERTISING,534500,0100-2-241-0000-00-0-00-2-534500,0,0,0,0,0,0,0,0,115,115,0,40,0,40,0,0,0,0,0,0,0,0,0,0,0,0,0,0,0,0,0,0,0,0,715,0,0,0,0,0,0,0,0,0,0,0,0,0,0,0,0,0,0,0,0,0,0,0,0,0,0,0,0,0,0,0,0,0,0,0,0,0,0,0,0,0,0,0,0,0,
241,241,BUILDING INSPECTION,12412,OFFICE SUPPLIES,540000,0100-2-241-0000-00-0-00-2-540000,410,0,0,410,35.81,410,0,0,1100.61,845.45,410,1918,-40,2288,1918,410,0,0,410,401.02,410,0,0,410,0,410,400,0,810,485.51,410,0,0,410,0,410,220.93,0,630.93,373.18,410,750,0,1160,1064.49,400,0,-138.47,261.53,259.55,400,505,0,905,896.18,400,0,-185.76,214.24,199.56,400,0,-217.05,182.95,159.77,400,0,0,400,187.56,400,0,0,400,200,400,0,-349.52,50.48,50.48,
241,241,BUILDING INSPECTION,12412,UNIFORM ALLOWANCE REIMBURSEMEN,558000,0100-2-241-0000-00-0-00-2-558000,360,0,0,360,350,360,0,0,360,336,360,0,0,360,340,360,0,0,360,0,360,0,0,360,0,360,320,0,680,440,360,0,0,572.75,212.75,360,10,0,370,170,360,0,-250,110,109.69,350,400,0,750,745,350,325,0,675,671.42,350,0,0,350,364.68,350,0,0,350,347.47,350,0,0,350,249.85,350,45.87,0,395.87,280.37,350,0,-350,0,0,
241,241,BUILDING INSPECTION,12412,MILEAGE REIMBURSEMENT,571000,0100-2-241-0000-00-0-00-2-571000,0,0,0,0,0,0,0,0,0,0,0,0,0,0,0,0,0,0,0,0,0,0,0,0,0,0,0,0,0,0,0,0,0,0,0,750,0,-504.64,245.36,0,750,0,0,750,772.63,725,0,0,725,302.81,725,0,-598.53,126.47,126.47,725,0,-645,80,80,725,0,-725,0,0,725,0,0,725,0,725,0,0,725,166.95,725,0,-725,0,0,
241,241,BUILDING INSPECTION,12412,DUES/MEMBERSHIP,573000,0100-2-241-0000-00-0-00-2-573000,0,0,0,0,0,0,0,0,0,0,0,0,0,0,0,0,0,0,0,0,0,0,0,0,0,0,0,0,0,0,0,0,0,0,0,0,0,0,0,0,500,0,-500,0,0,500,0,-400,100,100,500,0,-445,55,55,330,0,-170,160,160,230,0,0,230,160,230,0,0,230,35,230,0,0,230,35,230,0,-195,35,35,
241,241,BUILDING INSPECTION,12412,MEETINGS/SCHOOL,573100,0100-2-241-0000-00-0-00-2-573100,900,0,0,900,0,900,0,-185,715,100,1000,0,-418,582,0,1000,0,0,1000,40,1000,0,0,1000,130,1000,0,0,1000,250,1000,0,0,1000,75,500,1451.5,0,1951.5,1951.5,500,0,0,500,449,500,0,0,500,360,700,0,-505,195,195,695,0,-381,314,314,500,0,0,500,295,500,0,-159.06,340.94,0,345,5,-212.82,137.18,50,345,0,-95,285,285,
,,BUILDING INSPECTION Total,,,,,161494.44,,,,101510.31,164317.03,,,,155037.15000000002,161942.4,,,,152448.84999999998,153851.3,,,,154062.63999999998,150257.2,,,,148146.55000000002,140758.26,,,,128696.07,140283.59999999998,,,,88876.25,130469.8,,,,119080.45,126060,,,,121748.43000000001,123093,,,,143366.55000000002,120935,,,,118589.98999999999,120864,,,,117494.07999999999,118849,,,,114844.42000000001,124903,,,,124355.87,115831,,,,117305.62999999998,112512,,,,107247.63999999998,
242,242,GAS INSPECTOR,12421,SALARIES DIVISION/DEPT HEADS,511000,0100-2-242-0000-00-0-00-1-511000,0,0,0,0,0,0,0,0,0,0,0,0,0,0,0,0,0,0,0,0,0,0,0,0,0,0,0,0,0,0,0,0,0,0,0,0,0,0,0,0,7500,0,-388,7112,7112,7500,0,-464,7036,7036,7500,0,-508.8,6991.2,6991.2,7500,0,-848.89,6651.11,5763.2,7500,0,0,7500,5880,7500,0,-1764,5736,5736,7500,940,0,8440,8440,4000,1612,-231.2,5380.8,5380.8,
242,242,GAS INSPECTOR,12421,SALARIES ASSISTANTS,511002,0100-2-242-0000-00-0-00-1-511002,0,0,0,0,0,0,0,0,0,0,0,0,0,0,0,0,0,0,0,0,0,0,0,0,0,0,0,0,0,0,0,0,0,0,0,0,0,0,0,0,0,0,0,0,0,0,0,0,0,0,0,0,0,0,0,0,0,0,0,0,0,0,0,0,0,0,0,0,0,0,0,0,0,0,0,0,0,0,0,0,
242,242,GAS INSPECTOR,12422,POSTAGE,534400,0100-2-242-0000-00-0-00-2-534400,0,0,0,0,0,0,0,0,0,0,0,0,0,0,0,0,0,0,0,0,0,0,0,0,0,0,0,0,0,0,0,0,0,0,0,0,0,0,0,0,0,0,0,0,0,0,0,0,0,0,0,0,0,0,0,0,0,0,0,0,0,0,0,0,0,0,0,0,0,0,0,0,0,0,0,0,0,0,0,0,
242,242,GAS INSPECTOR,12422,MILEAGE REIMBURSEMENT,571000,0100-2-242-0000-00-0-00-2-571000,0,0,0,0,0,0,0,0,0,0,0,0,0,0,0,0,0,0,0,0,0,0,0,0,0,0,0,0,0,0,0,0,0,0,0,0,0,0,0,0,0,0,0,0,0,0,0,0,0,0,0,0,0,0,0,0,0,0,0,0,0,0,0,0,0,0,0,0,0,0,0,0,0,0,0,0,0,0,0,0,
242,242,GAS INSPECTOR,12422,MEETINGS/SCHOOL,573100,0100-2-242-0000-00-0-00-2-573100,0,0,0,0,0,0,0,0,0,0,0,0,0,0,0,0,0,0,0,0,0,0,0,0,0,0,0,0,0,0,0,0,0,0,0,0,0,0,0,0,0,0,0,0,0,0,0,0,0,0,0,0,0,0,0,0,0,0,0,0,0,0,0,0,0,0,0,0,0,0,0,0,0,0,0,0,0,0,0,0,
,,GAS INSPECTOR Total,,,,,0,,,,0,0,,,,0,0,,,,0,0,,,,0,0,,,,0,0,,,,0,0,,,,0,0,,,,0,7500,,,,7112,7500,,,,7036,7500,,,,6991.2,7500,,,,5763.2,7500,,,,5880,7500,,,,5736,7500,,,,8440,4000,,,,5380.8,
243,243,PLUMBING INSPECTOR,12431,SALARIES DIVISION/DEPT HEADS,511000,0100-2-243-0000-00-0-00-1-511000,0,0,0,0,0,0,0,0,0,0,0,0,0,0,0,0,0,0,0,0,0,0,0,0,0,0,0,0,0,0,0,0,0,0,0,0,0,0,0,0,7500,3771.2,0,11271.2,11271.2,7500,2586.4,0,10086.4,10086.4,7500,3731,0,11231,11036,7500,0,0,7500,7320.8,7500,0,0,7500,7008.8,7500,0,-965,6535,6340,7500,5210.2,0,12710.2,12515.2,4000,3655.8,0,7655.8,7460.8,
243,243,PLUMBING INSPECTOR,12431,SALARIES ASSISTANTS,511002,0100-2-243-0000-00-0-00-1-511002,0,0,0,0,0,0,0,0,0,0,0,0,0,0,0,0,0,0,0,0,0,0,0,0,0,0,0,0,0,0,0,0,0,0,0,0,0,0,0,0,0,0,0,0,0,0,0,0,0,0,0,0,0,0,0,0,0,0,0,0,0,0,0,0,0,0,0,0,0,0,0,0,0,0,0,0,0,0,0,0,
243,243,PLUMBING INSPECTOR,12432,POSTAGE,534400,0100-2-243-0000-00-0-00-2-534400,0,0,0,0,0,0,0,0,0,0,0,0,0,0,0,0,0,0,0,0,0,0,0,0,0,0,0,0,0,0,0,0,0,0,0,0,0,0,0,0,0,0,0,0,0,0,0,0,0,0,0,0,0,0,0,0,0,0,0,0,0,0,0,0,0,0,0,0,0,0,0,0,0,0,0,0,0,0,0,0,
243,243,PLUMBING INSPECTOR,12432,MILEAGE REIMBURSEMENT,571000,0100-2-243-0000-00-0-00-2-571000,0,0,0,0,0,0,0,0,0,0,0,0,0,0,0,0,0,0,0,0,0,0,0,0,0,0,0,0,0,0,0,0,0,0,0,0,0,0,0,0,0,0,0,0,0,0,0,0,0,0,0,0,0,0,0,0,0,0,0,0,0,0,0,0,0,0,0,0,0,0,0,0,0,0,0,0,0,0,0,0,
243,243,PLUMBING INSPECTOR,12432,DUES/MEMBERSHIP,573000,0100-2-243-0000-00-0-00-2-573000,0,0,0,0,0,0,0,0,0,0,0,0,0,0,0,0,0,0,0,0,0,0,0,0,0,0,0,0,0,0,0,0,0,0,0,0,0,0,0,0,0,0,0,0,0,0,195,0,195,195,0,0,0,0,195,0,0,0,0,0,0,0,0,0,0,0,0,0,0,0,0,0,0,0,0,0,0,0,0,0,
243,243,PLUMBING INSPECTOR,12432,MEETINGS/SCHOOL,573100,0100-2-243-0000-00-0-00-2-573100,0,0,0,0,0,0,0,0,0,0,0,0,0,0,0,0,0,0,0,0,0,0,0,0,0,0,0,0,0,0,0,0,0,0,0,0,0,0,0,0,0,0,0,0,0,0,0,0,0,0,0,0,0,0,0,0,15.8,0,15.8,195,0,0,0,0,195,0,0,0,0,195,0,0,0,0,195,0,0,0,0,195,
,,PLUMBING INSPECTOR Total,,,,,0,,,,0,0,,,,0,0,,,,0,0,,,,0,0,,,,0,0,,,,0,0,,,,0,0,,,,0,7500,,,,11271.2,7500,,,,10281.4,7500,,,,11231,7500,,,,7515.8,7500,,,,7203.8,7500,,,,6535,7500,,,,12710.2,4000,,,,7655.8,
244,244,INSPECTOR OF WGHTS & MEASURES,12441,SALARIES DIVISION/DEPT HEADS,511000,0100-2-244-0000-00-0-00-1-511000,3500,0,0,3500,0,3500,0,0,3500,3500,3500,0,0,3500,3500,3500,0,0,3500,3500,3500,0,0,3500,3500,3500,0,0,3500,3500,3500,0,0,3500,3500,3500,0,0,3500,3500,3500,0,0,3500,3500,3500,0,0,3500,3500,3500,0,0,3500,3500,3500,0,0,3500,3500,3500,0,0,3500,3500,3250,0,0,3250,3000,3000,0,0,3000,3000,3000,0,0,3000,3000,
244,244,INSPECTOR OF WGHTS & MEASURES,12441,MILEAGE STIPEND,519008,0100-2-244-0000-00-0-00-1-519008,500,0,0,500,0,500,0,0,500,500,500,0,0,500,500,500,0,0,500,500,500,0,0,500,500,500,0,0,500,500,500,0,0,500,500,500,0,0,500,500,500,0,0,500,500,500,0,0,500,500,250,0,0,250,250,250,0,0,250,250,0,250,0,250,250,100,0,0,100,100,50,0,0,50,100,0,50,0,50,100,
244,244,INSPECTOR OF WGHTS & MEASURES,12442,OFFICE SUPPLIES,540000,0100-2-244-0000-00-0-00-2-540000,300,0,0,300,0,300,0,0,300,274.5,300,0,0,1036.88,736.88,300,436.88,0,736.88,0,300,0,0,300,0,300,0,-110,190,0,300,0,0,300,0,300,0,0,300,0,300,0,-155,145,0,100,30,0,130,130,250,24,0,274,274,250,978.16,0,2428.16,2324.41,350,1200,-350,1200,0,0,84.69,0,84.69,334.69,300,0,0,300,0,0,300,-178.71,121.29,71.29,
244,244,INSPECTOR OF WGHTS & MEASURES,12442,MILEAGE REIMBURSEMENT,571000,0100-2-244-0000-00-0-00-2-571000,0,0,0,0,0,0,0,0,0,0,0,0,0,0,0,0,0,0,0,0,0,0,0,0,0,0,0,0,0,0,0,0,0,0,0,0,0,0,0,0,0,0,0,0,0,0,0,0,0,0,0,0,0,0,0,0,0,0,0,0,250,0,-250,0,0,0,0,0,0,0,0,0,0,0,0,0,0,0,0,0,
244,244,INSPECTOR OF WGHTS & MEASURES,12442,DUES/MEMBERSHIP,573000,0100-2-244-0000-00-0-00-2-573000,0,0,0,0,0,0,135,0,135,135,0,0,0,0,0,0,0,0,0,0,0,0,0,0,0,0,60,0,60,60,0,0,0,0,125,0,0,0,0,145,0,0,0,0,145,0,185,0,185,185,0,0,0,0,0,0,130,0,260,260,0,130,0,130,0,0,0,0,0,0,0,0,0,0,0,0,0,0,0,0,
244,244,INSPECTOR OF WGHTS & MEASURES,12442,MEETINGS/SCHOOL,573100,0100-2-244-0000-00-0-00-2-573100,0,0,0,0,0,0,50,0,50,50,0,0,0,0,0,0,0,0,0,0,0,0,0,0,0,0,50,0,50,50,0,0,0,0,0,0,0,0,0,0,0,0,0,0,0,0,0,0,0,0,0,0,0,0,0,0,0,0,0,0,0,0,0,0,0,0,0,0,0,0,0,0,0,0,0,0,0,0,0,0,
,,INSPECTOR OF WGHTS & MEASURES Total,,,,,4300,,,,0,4300,,,,4459.5,4300,,,,4736.88,4300,,,,4000,4300,,,,4000,4300,,,,4110,4300,,,,4125,4300,,,,4145,4300,,,,4145,4100,,,,4315,4000,,,,4024,4000,,,,6334.41,4100,,,,3750,3350,,,,3434.69,3350,,,,3100,3000,,,,3171.29,
245,245,WIRING INSPECTOR,12451,SALARIES DIVISION/DEPT HEADS,511000,0100-2-245-0000-00-0-00-1-511000,0,0,0,0,0,0,0,0,0,0,0,0,0,0,0,0,0,0,0,0,0,0,0,0,0,0,0,0,0,0,0,0,0,0,0,0,0,0,0,0,20000,13803.54,0,33803.54,33803.54,16500,10063.36,0,26563.36,26563.36,16500,10500,-245.23,26754.77,26754.77,16500,5412.33,0,21912.33,21712.33,17500,7500,-6400.37,18599.63,18599.63,17500,0,-599.84,16900.16,16900.16,17500,7382.03,0,24882.03,24882.03,10000,7931.41,0,17931.41,17931.41,
245,245,WIRING INSPECTOR,12451,SALARIES ASSISTANTS,511002,0100-2-245-0000-00-0-00-1-511002,0,0,0,0,0,0,0,0,0,0,0,0,0,0,0,0,0,0,0,0,0,0,0,0,0,0,0,0,0,0,0,0,0,0,0,0,0,0,0,0,0,0,0,0,0,0,0,0,0,0,0,0,0,0,0,0,0,0,0,0,0,0,0,0,0,0,0,0,0,0,0,0,0,0,0,0,0,0,0,0,
245,245,WIRING INSPECTOR,12452,MEETINGS/SCHOOL,573100,0100-2-245-0000-00-0-00-2-573100,0,0,0,0,0,0,0,0,0,0,0,0,0,0,0,0,0,0,0,0,0,0,0,0,0,0,0,0,0,0,0,0,0,0,0,0,0,0,0,0,0,0,0,0,0,0,0,0,0,0,0,0,0,0,0,0,0,0,0,200,0,0,0,0,0,0,0,0,0,0,0,0,0,0,0,0,0,0,0,0,
,,WIRING INSPECTOR Total,,,,,0,,,,0,0,,,,0,0,,,,0,0,,,,0,0,,,,0,0,,,,0,0,,,,0,0,,,,0,20000,,,,33803.54,16500,,,,26563.36,16500,,,,26754.77,16500,,,,21912.33,17500,,,,18599.63,17500,,,,16900.16,17500,,,,24882.03,10000,,,,17931.41,
246,246,MUNICIPAL HEARINGS OFFICER,12461,SALARIES DIVISION/DEPT HEADS,511000,0100-2-246-0000-00-0-00-1-511000,0,0,0,0,0,0,0,0,0,0,0,0,0,0,0,0,0,0,0,0,0,0,0,0,0,0,0,0,0,0,0,0,0,0,0,0,0,0,0,0,0,0,0,0,0,0,0,0,0,0,0,0,0,0,0,0,0,0,0,0,0,0,0,0,0,0,0,0,0,0,2500,0,0,2500,2500,2500,0,0,2500,2500,
,,MUNICIPAL HEARINGS OFFICER Total,,,,,0,,,,0,0,,,,0,0,,,,0,0,,,,0,0,,,,0,0,,,,0,0,,,,0,0,,,,0,0,,,,0,0,,,,0,0,,,,0,0,,,,0,0,,,,0,0,,,,0,2500,,,,2500,2500,,,,2500,
291,291,EMERGENCY MANAGEMENT,12911,SALARIES DIVISION/DEPT HEADS,511000,0100-2-291-0000-00-0-00-1-511000,5000,0,0,5000,3333.28,5000,0,0,5000,5000,5000,0,0,5000,5000,5000,0,0,5000,5000,5000,0,0,5000,5000,5000,0,0,5000,5000,4500,500,0,5000,5000,4500,0,0,4500,4500,4500,0,0,4500,4500,4500,0,0,4500,4500,4500,0,0,4500,4500,4000,250,0,4250,4500,2500,1833.33,0,4333.33,4333.33,5000,0,0,5000,2500,2500,0,0,2500,2500,2500,0,-2500,0,0,
291,291,EMERGENCY MANAGEMENT,12911,SALARIES SCHOOL STAFF,511019,0100-2-291-0000-00-0-00-1-511019,0,0,0,0,0,0,0,0,0,0,0,0,0,0,0,0,0,0,0,0,0,0,0,0,0,0,0,0,0,0,0,0,0,0,0,0,0,0,0,0,0,0,0,0,0,0,0,0,0,0,0,0,0,0,0,0,0,0,0,0,0,0,0,0,0,0,0,0,0,0,0,0,0,0,0,0,0,0,0,0,
291,291,EMERGENCY MANAGEMENT,12911,SALARIES TOWN STAFF,511020,0100-2-291-0000-00-0-00-1-511020,0,0,0,0,0,0,0,0,0,0,0,0,0,0,0,0,0,0,0,0,0,0,0,0,0,0,0,0,0,0,0,0,0,0,0,0,0,0,0,0,0,0,0,0,0,0,0,0,0,0,0,0,0,0,0,0,0,0,0,0,0,0,0,0,0,0,0,0,0,1112.08,0,0,0,0,0,0,0,0,3888,3888,
291,291,EMERGENCY MANAGEMENT,12912,EQUIPMENT MTC,521007,0100-2-291-0000-00-0-00-2-521007,1000,0,0,1000,681.62,1000,0,0,1000,0,1000,0,-1000,0,0,1000,0,-436.88,563.12,0,1000,0,0,1000,0,1000,0,-1000,0,0,1000,0,-1000,0,0,1000,0,-1000,0,0,1000,0,-100,900,900,1000,0,-1000,0,0,2000,0,-468.96,1531.04,1531.04,250,0,0,250,0,250,0,0,250,0,250,0,0,250,0,500,0,-500,0,0,500,0,-500,0,0,
291,291,EMERGENCY MANAGEMENT,12912,PURCHASE OF SERVICE,531006,0100-2-291-0000-00-0-00-2-531006,0,0,0,0,0,0,0,0,0,0,0,0,0,0,0,0,0,0,0,0,0,0,0,0,0,0,0,0,0,0,0,0,0,0,0,0,0,0,0,0,0,0,0,0,0,0,0,0,0,0,0,0,0,0,0,0,0,0,0,0,0,14663.85,0,14663.85,15413.85,0,3959.13,0,3959.13,4638.27,0,0,0,0,0,0,0,0,70079.2,70079.2,
291,291,EMERGENCY MANAGEMENT,12912,OFFICE SUPPLIES,540000,0100-2-291-0000-00-0-00-2-540000,1000,0,0,1000,0,1000,0,0,1000,0,1000,0,-806,194,0,1000,0,-1000,0,0,1000,0,0,1000,1000,1000,0,-1000,0,0,1000,0,0,1000,0,1000,0,0,1000,0,1000,0,-905,95,95,1000,0,-1000,0,0,0,0,0,0,0,0,0,0,0,0,500,0,0,500,0,500,0,0,500,0,500,0,-500,0,0,500,0,-237.2,262.8,262.8,
291,291,EMERGENCY MANAGEMENT,12912,FUEL VEHICLE MAINT HIGHWAY,541012,0100-2-291-0000-00-0-00-2-541012,0,0,0,0,0,0,0,0,0,0,0,0,0,0,0,0,0,0,0,0,0,0,0,0,0,0,0,0,0,0,0,0,0,0,0,0,0,0,0,0,0,0,0,0,0,0,0,0,0,0,0,0,0,0,0,0,0,0,0,0,0,0,0,0,0,0,0,0,0,0,0,0,0,0,0,0,0,0,0,0,
291,291,EMERGENCY MANAGEMENT,12912,MILEAGE REIMBURSEMENT,571000,0100-2-291-0000-00-0-00-2-571000,0,0,0,0,0,0,0,0,0,0,0,0,0,0,0,0,0,0,0,0,0,0,0,0,0,0,0,0,0,0,0,0,0,0,0,0,0,0,0,0,0,0,0,0,0,0,0,0,0,0,0,0,0,0,0,0,0,0,0,0,0,0,0,0,0,0,0,0,0,0,0,0,0,0,0,0,0,0,0,0,
,,EMERGENCY MANAGEMENT Total,,,,,7000,,,,4014.9,7000,,,,5000,7000,,,,5000,7000,,,,5000,7000,,,,6000,7000,,,,5000,6500,,,,5000,6500,,,,4500,6500,,,,5495,6500,,,,4500,6500,,,,6031.04,4250,,,,4500,3250,,,,19747.18,5750,,,,8250.35,3500,,,,2500,3500,,,,74230,
292,292,ANIMAL CONTROL,12921,SALARIES DIVISION/DEPT HEADS,511000,0100-2-292-0000-00-0-00-1-511000,35000,0,0,35000,21874.95,20000,0,0,20000,20000,20000,0,0,20000,20000,15000,0,0,15000,15000,15000,0,0,15000,15000,15000,0,0,15000,15000,15000,0,0,15000,15000,15000,0,0,15000,15000,15000,0,0,15000,15000,12000,0,0,12000,12000,11580,0,0,11580,11580,11580,0,0,11580,11580,11580,0,0,11580,11580,11580,0,0,11580,11580,11580,0,0,11580,11580,11580,0,0,11580,11580,
292,292,ANIMAL CONTROL,12922,VETERINARY CHARGES,531025,0100-2-292-0000-00-0-00-2-531025,6000,0,0,6000,3787.44,6000,0,0,7300,5734.37,6000,0,0,6000,3530,6000,0,0,6000,5470,6000,0,0,6000,6000,6000,0,0,6000,4597,6000,0,0,6000,4919,6000,0,0,6293.5,6256.5,6000,293.5,0,6293.5,5781,2800,0,0,2800,2800,2800,134.63,0,2934.63,2935,2800,0,-121.09,2678.91,2659,2800,0,0,2800,2799,2800,0,0,2800,3053,2800,0,0,2800,2771,2800,0,-9,2791,2791,
292,292,ANIMAL CONTROL,12922,CARE AND CUSTODY,531026,0100-2-292-0000-00-0-00-2-531026,0,0,0,0,0,15000,0,0,15000,15000,15000,0,0,15000,15000,15000,0,0,15000,15000,15000,0,0,15000,15000,15000,0,0,15000,15000,15000,0,0,15000,15000,15000,0,0,15000,15000,15000,11195.18,0,26195.18,26200,7500,0,0,7500,7500,7500,0,0,7500,7500,7500,0,0,7500,7519.91,7500,0,0,7500,7500,7500,0,0,7500,7530,7500,0,0,7500,7920,7500,150,0,7650,7650,
292,292,ANIMAL CONTROL,12922,PRINTING,534200,0100-2-292-0000-00-0-00-2-534200,625,0,0,625,0,500,111.2,0,611.2,611.2,500,0,0,500,510.2,500,0,0,500,0,500,0,0,500,0,500,0,0,500,0,500,0,0,500,0,500,0,0,500,447.48,500,0,0,500,423.08,500,0,-500,0,0,0,0,0,0,0,0,0,0,0,0,500,0,0,500,370.73,500,0,-500,0,0,500,0,-126.89,373.11,0,100,0,-100,0,0,
292,292,ANIMAL CONTROL,12922,OFFICE SUPPLIES,540000,0100-2-292-0000-00-0-00-2-540000,3500,0,0,3500,948.83,3500,0,-111.2,5690.44,5690.44,3500,0,0,3500,2284.77,1000,2500,0,3500,4527.67,1000,624.67,0,1624.67,2124.67,1000,0,0,1000,2903,1000,0,0,1000,2500,1000,0,0,1000,1089.52,1000,0,0,1000,1291.1,1000,500,0,1500,1499.57,1250,0,0,1250,1249.63,1000,121.09,0,1121.09,1121.09,1000,0,0,1000,1121,1000,500,0,1500,1206.93,1000,0,0,1000,982.11,1000,0,-62.45,937.55,937.55,
292,292,ANIMAL CONTROL,12922,KENNEL AT PUBLIC SAFETY BLDG,540003,0100-2-292-0000-00-0-00-2-540003,0,0,0,0,0,4000,0,0,4000,3974,0,0,0,0,0,0,0,0,0,0,0,0,0,0,0,0,0,0,0,0,0,0,0,0,0,0,0,0,0,0,0,0,0,0,0,0,0,0,0,0,0,0,0,0,0,0,0,0,0,0,0,0,0,0,0,0,0,0,0,0,0,0,0,0,0,0,0,0,0,0,
292,292,ANIMAL CONTROL,12922,MILEAGE REIMBURSEMENT,571000,0100-2-292-0000-00-0-00-2-571000,0,0,0,0,0,0,0,0,0,0,0,0,0,0,0,2500,0,-2500,0,0,2500,0,-624.67,1875.33,1875.33,2500,0,0,2500,2500,2500,0,0,2500,2500,2500,0,0,2500,2500,2500,0,0,2500,2500,1500,0,0,1500,1500,1200,0,0,1200,1200,1200,0,0,1200,1200,1200,0,0,1200,1200,1200,0,0,1200,1200,1200,0,0,1200,1200,1200,0,0,1200,1200,
,,ANIMAL CONTROL Total,,,,,45125,,,,26611.22,49000,,,,51010.009999999995,45000,,,,41324.969999999994,40000,,,,39997.67,40000,,,,40000,40000,,,,40000,40000,,,,39919,40000,,,,40293.5,40000,,,,51195.18,25300,,,,25299.57,24330,,,,24464.63,24080,,,,24080,24580,,,,24570.73,24580,,,,24569.93,24580,,,,24453.11,24180,,,,24158.55,
294,294,TREE REMOVAL,12941,SALARIES STAFF,511003,0100-2-294-0000-00-0-00-1-511003,0,0,0,0,0,0,0,0,0,0,0,0,0,0,0,0,0,0,0,0,0,0,0,0,0,0,0,0,0,0,0,0,0,0,0,0,0,0,0,0,0,0,0,0,0,0,0,0,0,0,0,0,0,0,0,0,0,0,0,0,0,0,0,0,0,3000,0,-1200.57,1799.43,0,3000,0,-3000,0,0,0,0,0,0,0,
294,294,TREE REMOVAL,12941,SALARIES OVERTIME,513000,0100-2-294-0000-00-0-00-1-513000,3000,0,0,3000,2876.28,3000,0,0,3000,1432.66,3111,0,0,3111,930.15,2763.08,347.92,0,3111,1426.33,2713.08,3250,0,5963.08,4827.74,2713.08,0,0,2713.08,2213.91,2705.04,8.04,0,2713.08,2528.99,2705.04,0,-178.12,2526.92,2526.92,2601,0,0,2601,2070,2500,0,-1726.14,773.86,773.86,2500,68,-732.1,1835.9,1835.9,3183,0,-2200,983,576.81,3090,0,-1236.6,1853.4,1853.4,0,0,0,0,1899.41,0,3000,-1869.95,1130.05,1130.05,3000,73,-1901.13,1171.87,1171.87,
294,294,TREE REMOVAL,12942,PURCHASE OF SERVICE,531006,0100-2-294-0000-00-0-00-2-531006,35000,0,0,35000,8985,30000,15000,0,45000,44792,25000,3731.96,0,33789.33,29707.58,25000,287.37,-500,24787.37,19730,21000,24500,0,45500,45452.11,21000,1000,0,22000,21991.56,21000,7428.88,0,28428.88,28428.88,21000,1290,0,29090,29090,21000,0,-6815,14185,7385,15000,0,-1865,13135,13135,13500,12000,-165,25335,25335,12500,2200,-1625,13075,13075,12500,0,-555,11945,11945,12500,555,0,13055,13055,12500,0,-4425,8075,8075,10500,0,-3250,7250,7250,
294,294,TREE REMOVAL,12942,HAZARDOUS TREE SURVEY,535053,0100-2-294-0000-00-0-00-2-535053,0,0,0,0,0,0,0,0,0,0,0,0,0,0,0,0,0,0,0,0,0,0,0,0,0,0,0,0,0,0,0,0,0,0,0,0,0,0,0,0,0,0,0,0,0,12000,0,0,12000,12000,0,0,0,0,0,0,0,0,0,0,0,0,0,0,0,0,0,0,0,0,0,0,0,0,0,0,0,0,0,0,
294,294,TREE REMOVAL,12942,SUPPLIES,541018,0100-2-294-0000-00-0-00-2-541018,500,0,0,500,0,500,0,0,500,0,1031.96,0,-1031.96,0,0,1031.96,500,-287.37,1244.59,1244.59,1031.96,0,-1000,31.96,0,1031.96,0,-1000,31.96,0,1040,0,0,1040,867.84,1040,0,-893.81,146.19,146.19,1040,0,-165.69,874.31,874.31,1000,1549.74,0,2549.74,2549.74,1000,0,-719.17,280.83,280.83,1000,0,0,1000,968.75,1000,555,-866,689,689,1000,0,-555,445,345.02,1000,0,-1000,0,0,1000,0,-890,110,110,
,,TREE REMOVAL Total,,,,,38500,,,,11861.28,33500,,,,46224.66,29142.96,,,,30637.730000000003,28795.04,,,,22400.920000000002,24745.04,,,,50279.85,24745.04,,,,24205.47,24745.04,,,,31825.710000000003,24745.04,,,,31763.109999999997,24641,,,,10329.31,30500,,,,28458.6,17000,,,,27451.730000000003,16683,,,,14620.56,16590,,,,14487.4,16500,,,,15299.43,16500,,,,9205.05,14500,,,,8531.869999999999,
299,299,INSPECTOR OF ANIMALS,12991,SALARIES DIVISION/DEPT HEADS,511000,0100-2-299-0000-00-0-00-1-511000,1000,0,0,1000,1000,1000,0,0,1000,1000,1000,0,0,1000,1000,1000,0,0,1000,1000,1000,0,0,1000,1000,1000,0,0,1000,1000,1000,0,0,1000,1000,1000,0,0,1000,1000,1000,0,0,1000,1000,1000,0,0,1000,1000,600,0,0,600,600,600,0,0,600,600,600,0,0,600,600,600,0,0,600,600,600,0,0,600,600,600,0,0,600,600,
,,INSPECTOR OF ANIMALS Total,,,,,1000,,,,1000,1000,,,,1000,1000,,,,1000,1000,,,,1000,1000,,,,1000,1000,,,,1000,1000,,,,1000,1000,,,,1000,1000,,,,1000,1000,,,,1000,600,,,,600,600,,,,600,600,,,,600,600,,,,600,600,,,,600,600,,,,600,
300,300,SCHOOL DEPARTMENT,S0011742,CONTRACTED SERVICES,535006,0100-3-300-4220-01-1-74-2-535006,225643,58320,0,316390.75,125394.28,145000,14840,-10160.71,150610.6,213919.5,116850,0,0,137643.8,128844.3,116850,850,-1125,121437,117337.33,103850,28902,0,144727.04,123794.8,82000,28085,0,117955,116071.52,78000,20359,0,111290,106284.05,78000,25193,0,111193,102393.85,64000,5751,-2000,82758.78,78739.08,69000,6420,0,80845.37,64460.03,69000,4809,0,75087.47,69431.02,69000,8338.29,-1700,78696.29,79443.14,68500,2436.82,-6000,76751.82,73643.82,69000,0,0,72300,61065.64,69000,0,0,72464.16,68992.95,81000,0,-5000,76300,64753.27,
300,300,SCHOOL DEPARTMENT,S0055632,TRANSPORTATION,535016,0100-3-300-2440-05-5-63-2-535016,2000,0,0,2000,0,1000,0,0,1000,0,1000,0,0,1000,3565,1500,0,0,1500,0,1500,0,-1500,0,0,1500,0,0,1500,0,1000,0,0,1499,1069,750,0,0,750,251,750,0,-750,0,0,500,0,0,500,430,500,0,0,500,0,500,0,0,500,0,500,0,0,500,500,500,0,0,500,253,500,0,0,500,500,500,0,0,500,500,
300,300,SCHOOL DEPARTMENT,S0066632,TRANSPORTATION,535016,0100-3-300-2440-06-6-63-2-535016,6500,0,0,6500,1500,5700,0,0,5700,4205,5100,0,0,5100,4000,3600,0,0,3600,2620,3400,0,-3400,0,0,5400,0,0,5400,2900,3500,839.25,0,4850.25,5006,3500,0,0,3500,2489,3500,0,0,3500,1927,3600,0,0,3600,2041,6400,0,0,6400,2168.5,5400,0,0,5400,4417,5150,0,-550,4600,2997.5,4450,0,0,4450,1961,5000,0,0,5125,3045,4600,0,0,4600,2850,
300,300,SCHOOL DEPARTMENT,S0511061,HOME/HOSPITAL TUTORING,519015,0100-3-300-2330-51-1-06-1-519015,10000,0,0,10000,0,10000,0,-4000,6000,0,10000,0,0,10000,0,10000,0,0,10000,9099,10000,0,0,10000,10012.5,10000,0,0,10000,8791,10000,0,0,10000,7504,10000,0,0,10000,7403,0,0,0,0,0,0,0,0,0,0,0,0,0,0,0,0,0,0,0,0,0,0,0,0,0,0,0,0,0,0,0,0,0,0,0,0,0,0,0,0,
300,300,SCHOOL DEPARTMENT,S0511061,CONTRACTED SERVICES,519016,0100-3-300-2330-51-1-06-1-519016,0,0,0,0,0,0,0,0,0,0,0,0,0,0,0,0,0,0,0,0,0,0,0,0,0,0,0,0,0,0,0,0,0,0,0,1350,0,0,1350,0,0,0,0,0,0,0,0,0,0,0,0,0,0,0,0,0,0,0,0,0,0,0,0,0,0,0,0,0,0,0,0,0,0,0,0,0,0,0,0,0,
300,300,SCHOOL DEPARTMENT,S0511062,SPED TUITIONS-PRIVATE,535019,0100-3-300-9300-51-1-06-2-535019,703872,0,0,703872,377305.76,310260,0,0,310260,397529.04,303364,0,0,303364,118193.5,639156,300,-23770,615686,249556.53,589156,0,0,589156,199554.14,600016,1389.32,0,601405.32,723938.72,694480,0,0,694480,706878.78,828909,0,-128639,700270,698812.23,741203,0,-184161,560990.9,543435.92,826898,0,-9325,817573,850172.88,1203025,0,-94512,1134853.46,1141189.51,906102,0,0,906102,999063.63,712709,106396,0,819105,814688.81,650676,0,0,650676,607876.11,477374,0,0,497510.12,527086.77,165000,40214,0,205214,183734.87,
300,300,SCHOOL DEPARTMENT,S0990991,SCHOOL SALARY RESERVE,517006,0100-3-300-0300-99-0-99-4-517006,347338,31882,0,379220,0,25356,0,-25355.99,0.01,0,10996,0,-10996,0,0,271999,0,-271999,0,0,29993,0,-20702,9291,0,0,0,0,0,0,0,0,0,0,0,0,0,0,0,0,0,0,0,0,0,0,0,0,0,0,0,0,0,0,0,0,0,0,0,0,0,0,0,0,0,0,0,0,0,0,0,0,0,0,0,0,0,0,0,0,
300,300,SCHOOL DEPARTMENT,S0991742,BUILDING MTC SUPPLIES,541002,0100-3-300-4220-99-1-74-2-541002,80000,0,0,80129.84,38518,63000,0,0,63000,20752.17,61000,0,-12686,51878.46,43269.51,50000,0,0,58056.94,37810.39,50000,4449,0,61013.89,122033.03,53000,0,-6832,46168,47391.19,53000,3092,-9471,47896.01,48256.94,53000,0,-7490,45825.73,43403.33,53000,0,-10754,43936.93,43160.46,53000,0,-5526,58405.54,55641.28,53000,0,-1000,54324.46,49302.16,53000,0,-12624.44,41276.31,44060.1,53000,0,-9049.19,48184.81,43046.95,55000,0,0,56564.63,56404.57,55000,0,0,58252.9,42611.78,63035,0,0,77353.35,77156.32,
300,300,SCHOOL DEPARTMENT,S0991742,EMERGENCY EXPENDITURES,545004,0100-3-300-4220-99-1-74-2-545004,10000,0,0,10000,0,7500,0,0,7500,6216.48,10500,0,-5000,5500,5465.03,7500,0,-2000,5500,2846.6,7500,0,-6351,1149,597.97,7500,0,-4536,2964,2964.5,7500,0,-5058,2442,2441.6,5000,5300,-1557,8743,8742.77,5000,0,-2230,2770,1865.48,5000,0,-3507,1493,1165.61,2500,0,-2500,0,0,2500,0,-1400,1100,852.73,2500,0,0,2500,2500,2500,0,0,2500,0,5000,0,0,5000,0,2500,0,-2500,0,29,
300,300,SCHOOL DEPARTMENT,S1010031,SALARIES CLERICAL,511001,0100-3-300-1420-01-0-03-1-511001,77500,0,0,77500,44540.35,66000,0,0,66000,28976.83,64250,0,0,64250,64250,55167,7583,0,62750,62750.25,55167,2800,0,57967,61000.02,55167,0,0,55167,55167,53551,0,0,53551,53560,0,36000,0,36000,43295.52,0,0,0,0,0,0,0,0,0,0,0,0,0,0,0,0,0,0,0,0,0,0,0,0,0,0,0,0,0,0,0,0,0,0,0,0,0,0,0,0,
300,300,SCHOOL DEPARTMENT,S1011012,CONFERENCE EXPENSES,535001,0100-3-300-1110-01-1-01-2-535001,250,0,0,250,0,250,0,0,250,0,250,0,0,250,0,250,0,0,250,0,250,0,0,250,0,250,0,0,250,0,250,0,0,250,50,250,0,0,250,0,250,0,-250,0,0,250,0,0,250,0,250,0,0,250,0,500,0,0,500,0,500,0,-500,0,0,500,0,0,500,25,500,0,-500,364.05,364.05,700,0,0,700,440,
300,300,SCHOOL DEPARTMENT,S1011012,STAFF ORIENTATION EXPENSES,535002,0100-3-300-1110-01-1-01-2-535002,0,0,0,0,0,0,0,0,0,0,0,0,0,0,0,0,0,0,0,0,0,0,0,0,0,0,0,0,0,0,0,0,0,0,0,0,0,0,0,0,0,0,0,0,0,0,0,0,0,0,0,0,0,0,0,0,0,0,0,0,0,0,0,0,0,0,0,0,0,0,0,0,0,0,0,0,0,0,0,0,
300,300,SCHOOL DEPARTMENT,S1011012,DUES/MEETINGS,535003,0100-3-300-1110-01-1-01-2-535003,5971,0,0,5971,5971,5000,971,0,5971,0,5000,0,0,5000,3950,5000,0,0,5000,3745,5000,7747,0,12747,13047,5000,0,0,5000,5000,4500,0,0,4500,4500,4500,0,0,4500,5016,4500,407,0,4907,4907,4500,0,0,4500,4500,0,0,0,0,0,4275,0,0,4275,4472,5695,0,-1423,4272,4272,500,0,0,500,0,500,0,0,500,270,4300,500,0,4800,4478,
300,300,SCHOOL DEPARTMENT,S1011012,CLASSIFIED ADS,535005,0100-3-300-1110-01-1-01-2-535005,1000,0,0,1000,50,1000,0,0,1000,2296.19,1000,0,-180,820,996.88,500,1319,0,1819,1929.29,500,0,0,500,415,500,0,0,500,110,650,0,0,650,399,650,0,0,650,221.4,650,0,-157,493,482.09,650,0,0,650,485.61,400,0,0,400,344.3,400,0,0,400,640.39,400,72.28,0,472.28,472.28,800,0,0,800,403.29,800,0,0,865.4,271.26,5505,0,-1505,4000,3506.21,
300,300,SCHOOL DEPARTMENT,S1011012,GENERAL SUPPLIES,545001,0100-3-300-1110-01-1-01-2-545001,100,0,0,100,0,100,0,0,100,40,100,0,0,100,79.96,100,0,0,100,99.17,100,0,0,100,739.69,100,0,0,100,90.5,100,0,0,100,90,100,0,0,100,30,100,0,0,100,60,100,0,0,100,150,100,0,0,100,139.99,100,0,0,100,23,100,0,-79,21,21,100,0,0,100,0,100,0,0,100,193.01,100,0,-61,39,39,
300,300,SCHOOL DEPARTMENT,S1011021,SALARIES CLERICAL,511001,0100-3-300-1210-01-1-02-1-511001,177000,0,0,177000,105114.97,177000,0,0,177000,177000,171000,0,0,171000,171000,157000,8000,0,165000,165000,157000,0,0,157000,157000,153000,0,0,153000,153000,147846,154,0,148000,149200,147846,0,0,147846,163981.11,143540,0,0,143540,143540,139359,0,0,139359,139359,135300,0,0,135300,135300,132000,0,0,132000,132000,128000,0,0,128000,117000,122000,0,0,122000,122000,122000,0,0,122000,122000,122000,0,0,122000,122000,
300,300,SCHOOL DEPARTMENT,S1011021,SALARIES ASSISTANTS,511002,0100-3-300-1210-01-1-02-1-511002,133663,0,0,133663,123376.18,150586,0,0,150586,185201.14,125935,414,0,126349,128480.61,121700,4125,0,125825,123346.57,101743,0,0,101743,96321.37,98192,0,0,98192,85668.51,57159,0,0,57159,54741.61,49402,4900,0,54302,55507.19,47043,0,0,47043,48405.8,44955,172,0,45127,46010.19,35562,6142,0,41704,39758.43,46429,0,0,46429,40482.2,44036,742,0,44778,44778,42839,0,0,42839,42845.76,81554,0,0,81554,82515.57,101052,0,0,101052,101058.11,
300,300,SCHOOL DEPARTMENT,S1011021,OVERTIME,513002,0100-3-300-1210-01-1-02-1-513002,800,0,0,800,800,1000,0,0,1000,764.94,1000,1000,0,2000,2001.02,3100,0,0,3100,250.3,3100,0,0,3100,358.68,3100,0,0,3100,0,3100,0,0,3100,170.56,3100,0,0,3100,6423.61,3000,0,0,3000,5483.28,1576,0,0,1576,4567.13,1538,0,0,1538,2697.75,1500,0,0,1500,427.83,500,1000,0,1500,985.82,500,0,0,500,0,0,0,0,0,83,500,0,0,500,341.9,
300,300,SCHOOL DEPARTMENT,S1011021,LIFE INSURANCE STIPEND,517003,0100-3-300-1210-01-1-02-1-517003,0,0,0,0,0,0,0,0,0,0,0,0,0,0,0,0,0,0,0,0,0,0,0,0,0,0,0,0,0,0,0,0,0,0,0,0,0,0,0,0,0,0,0,0,0,0,0,0,0,0,0,0,0,0,0,0,0,0,0,0,0,0,0,0,0,1080,0,0,1080,1080,1080,0,0,1080,1080,0,1080,0,1080,1080,
300,300,SCHOOL DEPARTMENT,S1011021,SUPERINTENDENT MILEAGE,519006,0100-3-300-1210-01-1-02-1-519006,0,0,0,0,0,0,0,0,0,0,0,0,0,0,0,0,0,0,0,0,0,0,0,0,0,0,0,0,0,0,0,0,0,0,0,0,0,0,0,0,0,0,0,0,0,0,0,0,0,0,0,0,0,0,0,0,0,0,0,0,0,0,0,0,0,1050,0,0,1050,1050,1050,0,0,1050,1050,1050,0,0,1050,1050,
300,300,SCHOOL DEPARTMENT,S1011022,POSTAGE,534400,0100-3-300-1210-01-1-02-2-534400,5000,1196.98,0,6196.98,5009.68,5000,989.12,0,10989.12,5622.32,5000,0,0,5000,3872.49,5000,0,0,5000,4863.61,5000,0,0,5000,4320.91,5000,0,0,5000,3368,5000,0,0,5000,3259.31,5000,0,0,5000,4476.48,5000,0,0,5000,4901.8,5000,0,0,5000,5168.24,4000,0,0,4000,4235.54,5575,0,0,5575,5010.77,4500,1072,0,5572,5577.15,5400,0,0,5408.95,5406.49,5400,0,0,5462,5029.02,6000,0,0,6660.38,6611.59,
300,300,SCHOOL DEPARTMENT,S1011022,DUES/MEETINGS,535003,0100-3-300-1210-01-1-02-2-535003,5000,0,0,5000,3988,5000,220,0,5220,11191,5000,2753,0,7753,7752.11,0,8928,0,8928,8928.59,0,0,0,0,0,0,0,0,0,22220,0,0,0,0,0,0,0,0,0,0,0,0,0,0,0,0,0,0,0,0,0,0,0,0,0,0,0,0,0,0,0,0,0,0,0,0,0,0,0,0,0,0,0,0,0,2185,0,0,2185,2185,
300,300,SCHOOL DEPARTMENT,S1011022,GENERAL SUPPLIES,545001,0100-3-300-1210-01-1-02-2-545001,1000,0,0,1000,566.01,1000,0,0,1000,463.6,1000,0,0,1000,738.88,1000,0,0,1000,796.28,1000,0,0,1000,0,1100,0,0,1100,472.89,1100,0,0,1100,0,1100,0,0,1100,1014.5,1100,0,0,1100,1099.49,1100,0,0,1100,1100.38,1100,0,0,1100,1195.96,1100,0,0,1100,1225.42,2000,0,-1008.16,1112.74,1112.74,2400,0,0,2495.77,2058.72,2400,0,0,2543.16,1419.69,2900,0,0,2917.43,2124.49,
300,300,SCHOOL DEPARTMENT,S1011022,TRAVEL/OTHER EXPENSES,575001,0100-3-300-1210-01-1-02-2-575001,0,0,0,0,0,0,0,0,0,0,0,0,0,0,0,0,0,0,0,0,0,0,0,0,0,0,0,0,0,0,0,0,0,0,0,0,0,0,0,0,0,0,0,0,0,0,0,0,0,0,0,0,0,0,0,0,0,0,0,0,0,0,0,0,0,0,0,0,0,0,0,0,0,0,0,0,0,0,0,0,
300,300,SCHOOL DEPARTMENT,S1011031,SALARIES CLERICAL,511001,0100-3-300-1410-01-1-03-1-511001,77500,0,0,77500,44540.21,66000,0,-11892,54108,30976.82,64250,0,0,64250,64250,55167,7583,0,62750,62749.75,55167,2800,0,57967,60999.98,55167,0,0,55167,55167,53551,0,0,53551,53560,79789,0,-16842,62947,43295.53,77116,0,0,77116,89116,74520,0,0,74520,86520,72000,0,0,72000,74000,70000,0,0,70000,68000,62353,5647,0,68000,68000,61746,0,0,61746,61229.26,50598,0,0,50598,62383.35,49850,0,0,49850,49849.94,
300,300,SCHOOL DEPARTMENT,S1011031,SALARIES ASSISTANTS,511002,0100-3-300-1410-01-1-03-1-511002,87723,0,0,87723,0,13290,0,0,13290,1561,10478,0,0,10478,15032.01,8579,1199,0,9778,37800,8579,5880,0,14459,175047.64,7952,0,0,7952,159645.76,0,0,0,0,64321.99,0,0,0,0,58410.62,0,0,0,0,0,0,0,0,0,0,0,0,0,0,0,0,0,0,0,0,0,0,0,0,0,32245,0,0,32245,31875.93,0,0,0,0,0,0,0,0,0,0,
300,300,SCHOOL DEPARTMENT,S1011032,CONTRACTED SERVICES,535006,0100-3-300-1410-01-1-03-2-535006,6000,0,0,6000,5500,6000,0,0,6000,49375,6000,0,0,6000,5250,6000,9612.5,0,22612.5,34099.9,6000,6000,0,18000,15596.82,6000,0,0,12000,11386.06,6000,0,0,6000,0,6000,0,0,6000,6000,0,0,0,0,0,0,0,0,0,0,0,0,0,0,0,0,0,0,0,0,0,0,0,0,0,0,0,0,0,0,0,0,0,0,1468.16,0,1305,0,1305,1488.77,
300,300,SCHOOL DEPARTMENT,S1011032,ADMIN CONTRACTED TSA,535030,0100-3-300-1410-01-1-03-2-535030,1600,0,0,1620.68,240.64,1600,0,0,1600,1156.2,1600,0,0,1600,1533.83,1600,0,0,1600,1400.6,1600,0,0,1600,1331.04,1600,0,0,1600,1549.12,1600,0,0,2176.22,1088.27,1300,0,0,1600,993.78,1300,0,0,1600,1065.03,0,0,0,0,802.52,0,0,0,0,0,0,0,0,0,0,0,0,0,0,0,50000,0,-13671,36329,30653.78,46200,0,0,46200,44482.99,34200,3530,0,38098.66,38219.83,
300,300,SCHOOL DEPARTMENT,S1011032,GENERAL SUPPLIES,545001,0100-3-300-1410-01-1-03-2-545001,2500,0,0,2500,0,2500,0,0,2500,1274,5200,0,0,5200,5119.41,200,11554,0,11754,11135.06,200,0,0,200,0,200,0,0,200,150,200,0,0,200,50,200,0,0,200,103,200,0,0,200,160,200,0,0,200,199.51,200,0,0,200,133.73,200,0,0,200,199.89,200,0.06,0,200.06,200.06,200,0,0,200,110.84,200,0,0,216.28,177.39,220,0,0,272.44,256.16,
300,300,SCHOOL DEPARTMENT,S1011521,SALARIES STAFF,511003,0100-3-300-1450-01-1-52-1-511003,124355,0,0,124355,113310.27,143871,3965,-1191,146645,178990.24,149870,0,0,149870,162848.66,211294,1199,-52773,159720,172321.95,182145,0,0,182145,240014,201685,0,0,201685,204975.6,200068,0,0,200068,199975.81,189615,15030,0,204645,203276.38,159772,19812,0,179584,179689.01,98112,5209,0,103321,103925.29,99821,0,-7795,92026,92677.73,92569,0,0,92569,81659.59,89464,3085,0,92549,89966.59,90586,0,0,90586,82616.72,43114,0,0,43114,43834.26,95000,5000,0,100000,106216.12,
300,300,SCHOOL DEPARTMENT,S1011521,TRAINING,519003,0100-3-300-1450-01-1-52-1-519003,6152,0,0,6152,4308.5,0,0,0,0,0,6000,0,0,6000,0,6000,0,0,6000,3075.5,6000,0,0,6000,6000,6000,0,0,6000,6000,0,6000,0,6000,6000,0,0,0,0,0,0,0,0,0,0,0,0,0,0,0,0,0,0,0,0,0,0,0,0,0,0,0,0,0,0,0,0,0,0,0,0,0,0,0,0,0,0,0,0,0,
300,300,SCHOOL DEPARTMENT,S1511062,HOSPITAL TUTORING,535011,0100-3-300-2310-51-1-06-2-535011,6000,0,0,6000,5889.11,3000,4000,0,7000,6692.79,3000,3000,0,6000,6635.46,3000,0,0,3000,3519.86,3000,0,0,3000,1351.12,3000,0,0,3000,915.48,3000,3000,0,6000,2653.35,5000,0,0,5000,2040.46,15000,0,0,15000,269.99,20000,0,-925,19075,1750.28,10000,0,0,10000,1200.99,3500,0,0,4106.2,12719.5,3500,5081.44,0,8581.44,7507.56,3500,0,-1500,2000,3387.6,3500,0,0,6842.5,2967,5000,3393,-3393,5000,0,
300,300,SCHOOL DEPARTMENT,S1511062,CONTRACT RELATED SERVICES,535012,0100-3-300-2310-51-1-06-2-535012,103000,36000,0,139000,75664.51,103000,45220,0,148220,144922.03,103000,0,0,103000,117197.19,103000,0,0,103000,113345.89,103000,0,0,105000,73949.02,103000,0,0,103000,65392.98,103000,0,0,103000,86401.41,103000,0,0,104320,75466.97,110000,29150,-7000,132150,114908.44,110000,0,0,113816,95930.01,115000,0,-10000,107718.9,90598.51,92700,6543.83,0,99756.71,127526.04,90000,50604.9,0,146571.15,143406.3,90000,0,-112,91238,80897.77,0,20000,0,22028.1,15379.6,0,10855.37,0,10855.37,10855.38,
300,300,SCHOOL DEPARTMENT,S1511062,CONTRACTED EVALUATIONS,535013,0100-3-300-2310-51-1-06-2-535013,5000,0,0,5000,3872.15,6000,0,0,6000,4810.62,6000,0,0,6000,0,6000,0,0,6000,3650,6000,0,0,6000,0,6000,0,0,6000,1275.14,6000,0,0,6000,4864.14,8000,0,0,8000,1825,8000,0,0,8000,1291.86,5000,925,0,5925,5300,5000,5000,0,10000,4598.88,5000,0,0,6000,3553.08,4000,6924.02,-500,10424.02,10191.02,4000,2100,-703,5397,5549.91,4000,0,0,4000,2063.2,3500,1858,0,5358,5105.72,
300,300,SCHOOL DEPARTMENT,S1990522,CONTRACTED SERVICES,535006,0100-3-300-1450-99-1-52-2-535006,190327,0,0,190327,95315.45,186873,2173,0,189246,174976.87,202663,0,0,202663,241843.52,83530,85294,0,170637,153168.56,55418,1533,0,56951,53189.7,49919,0,0,49919,48761.06,56244,0,0,56712.99,53849.38,48829,0,0,48829,42861.9,48391,0,0,48431,44045.99,47380,0,0,47665,43937.75,39400,0,0,39520,35632.29,37284,0,0,37284,32626.48,32892,0,-13367.2,19524.8,19382.33,0,0,0,0,0,0,0,0,0,0,0,0,0,0,0,
300,300,SCHOOL DEPARTMENT,S1990522,GENERAL SUPPLIES,545001,0100-3-300-1450-99-1-52-2-545001,6000,0,0,6060,60,6000,0,-3916,2084,0,12000,2800,0,14800,3352.57,7500,7620,0,15120,14682.29,12500,0,0,12500,12329.11,12000,0,0,12000,12290.8,12000,0,0,12941.26,11299.66,12000,0,0,12000,13829.15,12000,0,0,13226.51,16502.21,23000,0,-1500,21500,20194.47,23000,0,0,23000,24165.98,22000,0,0,22080,19543.28,7200,14.74,0,7214.74,6941.66,0,0,0,0,0,0,0,0,0,0,0,0,0,0,0,
300,300,SCHOOL DEPARTMENT,S1990991,SCHOOL STIPENDS,519103,0100-3-300-1230-99-0-99-1-519103,0,0,0,0,0,18000,0,0,18000,46046,18000,937,0,18937,44656.4,58000,0,0,58000,85103.2,18000,0,0,18000,43091,8680,0,0,8680,11355,20000,5222,0,25222,25221.84,20000,0,0,20000,15941.25,15000,0,0,15000,15000,13230,0,0,13230,7680.96,0,0,0,0,0,0,0,0,0,0,0,0,0,0,0,0,0,0,0,0,0,0,0,0,0,0,0,0,0,0,
300,300,SCHOOL DEPARTMENT,S1991102,CHARTER TUITIONS,535028,0100-3-300-9120-99-1-10-2-535028,0,0,0,0,0,0,0,0,0,0,0,0,0,0,0,0,0,0,0,0,0,0,0,0,0,0,0,0,0,0,0,0,0,0,0,0,0,0,0,0,0,0,0,0,0,0,0,0,0,0,0,0,0,0,0,0,0,0,0,0,0,0,0,0,0,0,0,0,0,0,0,0,0,0,0,0,0,0,0,0,
300,300,SCHOOL DEPARTMENT,S1991742,HEATING CHARGES/FUEL OIL,521012,0100-3-300-4120-99-1-74-2-521012,4000,0,0,4000,0,1042,4858,0,5900,2077.55,1042,0,-245,797,786.55,706,0,0,706,0,706,0,0,706,711.58,500,106,0,606,605.87,500,0,-500,0,0,500,0,-61,439,438.21,300,494.56,0,794.56,674.56,582,0,-582,0,0,582,0,0,582,239.12,4026,0,-3700,326,315.61,4780,95,-4620,255,254.85,5580,0,0,5580,5194.03,5580,0,0,5580,4376.09,7290,0,-2262.5,5027.5,5145.18,
300,300,SCHOOL DEPARTMENT,S1991742,HEATING CHARGES/NATURAL GAS,521025,0100-3-300-4120-99-1-74-2-521025,120000,0,0,125607.99,55709.25,98151,0,0,114551,94479.53,98151,14500,0,112651,122623.01,83790,0,0,83790,104770.54,109229,0,-15255.83,111414.85,127151.79,97890,0,-16828,81062,107536.52,102655,0,0,104308.6,107001.41,132184,0,-10850,121334,92480.67,162645,0,-79989,82960.72,84820.42,198686,0,-43427,155259,155196.08,168500,17300,0,185800,184591.92,150192,26433,0,178181.82,178451.38,150000,7095,-95,157000,155813.74,182600,0,0,183173.35,154542.9,175000,0,0,175000,177610.54,213250,0,0,213250,190932.48,
300,300,SCHOOL DEPARTMENT,S2011051,SALARIES CLERICAL,511001,0100-3-300-2110-01-1-05-1-511001,146500,0,0,146500,87001.98,142900,0,0,142900,142900,136000,3500,0,139500,139500,136000,0,0,136000,136000,132500,0,0,132500,132500,112641,3159,0,115800,129300,112641,0,0,112641,112641,108967,0,0,108967,111967,105400,0,0,105400,108400,102500,0,0,102500,104500,97500,0,0,97500,97500,94000,0,0,94000,93500,0,0,0,0,0,90500,0,0,90500,90500,90500,0,0,90500,87296,89100,0,0,89100,89100,
300,300,SCHOOL DEPARTMENT,S2014081,SALARIES CLERICAL,511001,0100-3-300-2210-01-4-08-1-511001,208080,0,0,208080,112905.45,217880,0,0,217880,215080,221855,0,-6173,215682,217845.29,201075,7342,0,208417,208417,157425,0,0,157425,159301.82,142320,12430,0,154750,154750,142320,0,0,142320,142320,138730,0,0,138730,138730,135450,0,0,135450,135450,0,0,0,0,0,0,0,0,0,0,0,0,0,0,0,0,0,0,0,0,106570,0,-1500,105070,114284.99,106570,0,0,106570,103427.6,95800,0,0,95800,95800.01,
300,300,SCHOOL DEPARTMENT,S2014081,SALARIES ASSISTANTS,511002,0100-3-300-2210-01-4-08-1-511002,54549,0,0,54549,32401.2,50947,0,0,50947,50731.2,40051,7805,0,47856,47856.96,53609,0,-3373.6,50235.4,53144.25,52565,0,0,52565,52554.96,50269,0,0,50269,51708.32,50269,0,0,50269,50065.6,49016,0,0,49016,48838.4,45745,0,0,45745,45560.16,0,0,0,0,0,0,0,0,0,0,0,0,0,0,0,0,0,0,0,0,42915,0,0,42915,42914.66,42054,0,0,42054,42068.07,40620,0,0,40620,40611.6,
300,300,SCHOOL DEPARTMENT,S2014081,SALARIES CLERICAL,511102,0100-3-300-2210-01-4-08-1-511102,8646,0,0,8646,4963.89,8444,0,0,8444,9899.89,8565,442,0,9007,9661.84,0,6640,0,6640,7189.21,0,0,0,0,0,0,0,0,0,0,5715,0,-5715,0,0,5387,0,0,5387,0,0,4987,0,4987,0,0,0,0,0,0,0,0,0,0,0,0,0,0,0,0,0,0,0,0,0,0,0,0,0,0,0,0,0,0,0,0,0,0,0,0,
300,300,SCHOOL DEPARTMENT,S2014081,OVERTIME,513002,0100-3-300-2210-01-4-08-1-513002,800,0,0,800,0,1000,0,0,1000,0,1000,0,-600,400,0,3000,0,-2000,1000,0,3000,0,0,3000,909.9,3000,0,0,3000,1378.44,1051,1250,0,2301,2256.58,1051,0,0,1051,1197.48,1051,0,0,1051,3354.84,0,0,0,0,0,0,0,0,0,0,0,0,0,0,0,0,0,0,0,0,0,0,0,0,0,0,0,0,0,0,200,0,0,200,0,
300,300,SCHOOL DEPARTMENT,S2014082,SECRETARIAL CONTRACTED SERV,535010,0100-3-300-2210-01-4-08-2-535010,0,0,0,0,0,0,0,0,0,0,0,0,0,0,0,0,0,0,0,0,0,0,0,0,0,0,0,0,0,0,0,0,0,0,0,0,0,0,0,0,0,0,0,0,0,0,0,0,0,0,0,0,0,0,0,0,0,0,0,0,0,0,0,0,0,0,0,0,0,0,0,0,0,0,0,0,0,0,0,0,
300,300,SCHOOL DEPARTMENT,S2014082,OFFICE SUPPLIES/MATERIALS,545002,0100-3-300-2210-01-4-08-2-545002,5290,0,0,5290,1599,5605,0,0,5605,3361.37,3260,0,0,3260,2868.66,3260,0,0,3260,3246.12,3588,0,-500,3088,2627.83,3588,0,0,4149.54,2748.23,3300,0,0,3305.7,3220.33,3300,0,0,3300,3139.72,3300,0,0,3300,3300,0,0,0,0,0,0,0,0,0,0,0,0,0,0,0,0,0,0,0,0,4200,0,0,4200,3845.85,3800,0,0,4758.86,3637.79,4200,0,0,4200,2445.72,
300,300,SCHOOL DEPARTMENT,S2015081,SALARIES CLERICAL,511001,0100-3-300-2210-01-5-08-1-511001,182401,0,0,182401,108336.01,179963,0,0,179963,181024,231054,0,-37778,193276,176938,211470,0,-39701,171769,171769,167166,0,0,167166,167166,168745,0,-5312,163433,163433,188696,0,-26007,162689,167688.76,156843,36700,0,193543,183468,148877,2500,0,151377,152377,186145,0,0,186145,187345,181150,0,0,181150,181150,177100,0,0,177100,177100,129910,0,-410,129500,133000,91000,0,0,91000,92000,91000,0,0,91000,103820.58,185820,0,0,185820,185820,
300,300,SCHOOL DEPARTMENT,S2015081,SALARIES ASSISTANTS,511002,0100-3-300-2210-01-5-08-1-511002,47859,0,0,47859,28759.86,50200,0,0,50200,48492.4,48402,414,0,48816,48255.08,48402,0,0,48402,46885.92,46309,0,0,46309,45771.92,44274,0,0,44274,45208.69,44274,0,0,44274,44281.84,43420,0,0,43420,42428.85,42861,0,0,42861,41975.6,43535,0,-882,42653,42674.56,46877,0,0,46877,41519.69,45728,0,0,45728,45667.7,44005,0,0,44005,43811.04,42915,0,0,42915,43007.15,42054,0,0,42054,42108.08,40620,0,0,40620,40683.18,
300,300,SCHOOL DEPARTMENT,S2015081,SALARIES CLERICAL,511102,0100-3-300-2210-01-5-08-1-511102,18346,0,0,18346,10066.59,17993,0,0,17993,17550.72,16361,430,0,16791,16474.61,15589,0,0,15589,15197.9,15281,0,0,15281,12943.26,14443,0,0,14443,14067.41,13517,0,0,13517,12038.1,11141,0,0,11141,12061.37,10344,0,0,10344,9622.87,0,0,0,0,0,0,0,0,0,0,0,0,0,0,0,0,0,0,0,0,0,0,0,0,0,0,0,0,0,0,0,0,0,0,0,
300,300,SCHOOL DEPARTMENT,S2015081,OVERTIME,513002,0100-3-300-2210-01-5-08-1-513002,800,0,0,800,0,1000,0,0,1000,259.75,1000,0,-200,800,490.52,1100,0,0,1100,804.16,1100,0,0,1100,260.86,1100,0,0,1100,179.29,1051,0,0,1051,1213.77,1051,0,0,1051,655.62,1051,0,0,1051,439.82,1051,0,0,1051,0,1025,0,0,1025,0,1000,0,0,1000,0,0,1000,0,1000,0,0,0,0,0,0,0,0,0,0,0,350,0,0,350,175.05,
300,300,SCHOOL DEPARTMENT,S2015082,SECRETARIAL CONTRACTED SERV,535010,0100-3-300-2210-01-5-08-2-535010,0,0,0,0,0,0,0,0,0,0,0,0,0,0,0,0,0,0,0,0,0,0,0,0,0,0,0,0,0,0,0,0,0,0,0,0,0,0,0,0,0,0,0,0,0,0,0,0,0,0,0,0,0,0,0,0,0,0,0,0,0,0,0,0,0,0,0,0,0,0,0,0,0,0,0,0,0,0,0,0,
300,300,SCHOOL DEPARTMENT,S2015082,OFFICE SUPPLIES/MATERIALS,545002,0100-3-300-2210-01-5-08-2-545002,4300,0,0,4300,715.62,2500,0,0,2500,2482.9,2500,0,0,2500,2444.06,2300,0,0,2300,770.68,2300,0,0,2300,1274.31,2000,0,0,2000,579.87,2987,0,-687,3826.07,2281.18,3300,0,0,5300,3709.05,3300,0,0,3300,537.8,4400,0,0,4400,3210.04,4400,0,0,4400,3537.01,4400,0,0,4400,2841.68,5100,0,0,5100,3067.46,4600,0,-550,4050,1556.78,4050,0,0,4050,4050,4500,0,0,4500,4497.53,
300,300,SCHOOL DEPARTMENT,S2016081,SALARIES CLERICAL,511001,0100-3-300-2210-01-6-08-1-511001,269269,0,0,269269,161192.87,275817,0,0,275817,269211.9,230520,37778,0,268298,268298,213127,23730.15,0,236857.15,242006.57,165750,3600,0,169350,180336.91,167812,0,-5312,162500,163300,190221,0,-35953,154268,154268.1,163180,51500,0,214680,187305,156000,0,0,156000,158500,196000,0,0,196000,196000,190000,0,-1000,189000,189000,181675,0,0,181675,183675,182125,0,0,182125,182125,184550,12094,0,196644,190868,184550,0,0,184550,188785.62,181800,0,0,181800,181800,
300,300,SCHOOL DEPARTMENT,S2016081,SALARIES ASSISTANTS,511002,0100-3-300-2210-01-6-08-1-511002,47859,0,0,47859,28759.9,50200,0,0,50200,48474.98,48402,414,0,48816,48499.04,48402,0,0,48402,51086.13,46309,0,0,46309,58459.82,44274,0,0,44274,45209.06,44274,0,0,44274,44282.14,43420,0,0,43420,42428.85,42861,0,0,42861,41975.65,82977,0,0,82977,79406.33,67853,13130,0,80983,77952.67,79111,0,0,79111,78741.68,76371,0,0,76371,74835.7,70498,122,0,70620,70506.84,67805,0,0,67805,67005.34,64542,0,0,64542,58639.21,
300,300,SCHOOL DEPARTMENT,S2016081,SALARIES CLERICAL,511102,0100-3-300-2210-01-6-08-1-511102,18346,0,0,18346,10066.6,17993,0,0,17993,17550.73,16361,430,0,16791,16474.63,15589,0,0,15589,15197.95,15281,0,0,15281,12943.26,14443,0,0,14443,14067.41,13517,0,0,13517,12038.15,11141,0,0,11141,12061.37,10344,0,0,10344,9622.87,0,0,0,0,0,0,0,0,0,0,0,0,0,0,0,0,0,0,0,0,0,0,0,0,0,0,0,0,0,170.84,0,0,0,0,5978.3,
300,300,SCHOOL DEPARTMENT,S2016081,OVERTIME,513002,0100-3-300-2210-01-6-08-1-513002,800,0,0,800,0,1000,0,0,1000,259.75,1000,0,-100,900,563.72,1100,0,0,1100,1602.26,1100,0,0,1100,1996.65,1100,0,0,1100,311.4,1839,350,0,2189,2268.18,1839,0,0,1839,655.62,1839,0,0,1839,639.86,1839,0,0,1839,694.31,1794,0,0,1794,0,1750,0,0,1750,627.61,1750,0,0,1750,973.08,1750,0,0,1750,0,1750,0,0,1750,0,1750,0,0,1750,105.18,
300,300,SCHOOL DEPARTMENT,S2016082,DUES/MEETINGS,535003,0100-3-300-2210-01-6-08-2-535003,0,0,0,0,0,0,0,0,0,0,0,0,0,0,0,0,0,0,0,0,0,0,0,0,0,0,0,0,0,0,0,0,0,0,0,0,0,0,0,0,0,0,0,0,0,0,0,0,0,0,0,0,0,0,0,0,0,0,0,0,0,0,0,0,0,0,0,0,0,0,0,0,0,0,0,0,0,0,0,0,
300,300,SCHOOL DEPARTMENT,S2016082,SECRETARIAL CONTRACTED SERV,535010,0100-3-300-2210-01-6-08-2-535010,0,0,0,0,0,0,0,0,0,0,0,0,0,0,0,0,0,0,0,0,0,0,0,0,0,0,0,0,0,0,0,0,0,0,0,0,0,0,0,0,0,0,0,0,0,0,0,0,0,0,0,0,0,0,0,0,0,0,0,0,0,0,0,0,0,0,0,0,0,0,0,0,0,0,0,0,0,0,0,0,
300,300,SCHOOL DEPARTMENT,S2016082,OFFICE SUPPLIES/MATERIALS,545002,0100-3-300-2210-01-6-08-2-545002,7200,0,-1309.5,5892.04,2131.1,5000,0,0,5000,4836.13,5000,0,0,5000,4855.48,5000,0,-500,4500,2014.82,6200,0,0,6200,3065.36,3113,0,-480.61,2632.39,1085.86,5000,0,0,5000,4263.47,5000,400,0,6171.66,4395.08,7543,0,0,9857.12,6078.99,7688,0,0,7688,4911.83,8050,0,0,8050,3864.15,6550,0,0,6550,2957.63,8000,0,0,8000,6783.69,7400,0,0,7400,4556.77,7000,0,0,7053,3988.87,8500,0,0,8500,5874.54,
300,300,SCHOOL DEPARTMENT,S2022082,MILEAGE REIMBURSEMENT,571000,0100-3-300-2210-02-2-08-2-571000,0,0,0,0,0,0,0,0,0,0,0,0,0,0,0,0,0,0,0,0,0,0,0,0,0,0,0,0,0,0,0,0,0,0,0,0,0,0,0,0,0,0,0,0,0,0,0,0,0,0,0,0,0,0,0,0,0,0,0,0,0,0,0,0,0,0,0,0,0,0,0,0,0,0,0,0,0,0,0,0,
300,300,SCHOOL DEPARTMENT,S2022491,TRAINING,519003,0100-3-300-2357-02-2-49-1-519003,0,0,0,0,0,0,0,0,0,0,0,0,0,0,0,0,0,0,0,0,0,0,0,0,0,0,0,0,0,0,0,0,0,0,0,0,0,0,0,0,0,0,0,0,0,0,0,0,0,0,0,0,0,0,0,0,0,0,0,0,0,0,0,0,0,0,0,0,0,0,0,0,0,0,0,0,0,0,0,0,
300,300,SCHOOL DEPARTMENT,S2022501,SALARIES TEMPORARY,512103,0100-3-300-2355-02-2-50-1-512103,0,0,0,0,0,0,0,0,0,0,0,0,0,0,0,0,0,0,0,0,0,0,0,0,0,0,0,0,0,0,0,0,0,0,0,0,0,0,0,0,0,0,0,0,0,0,0,0,0,0,0,0,0,0,0,0,0,0,0,0,0,0,0,0,0,611,0,0,611,0,0,0,0,0,0,0,0,0,0,0,
300,300,SCHOOL DEPARTMENT,S2022502,PROFESSIONAL DEVELOPMENT EXP,535015,0100-3-300-2357-02-2-50-2-535015,0,0,0,0,0,0,0,0,0,0,0,0,0,0,0,0,0,0,0,0,0,0,0,0,4443.2,0,0,0,0,1352.08,7000,500,0,7500,7558.7,5000,0,0,5000,0,3000,0,0,3000,0,1500,0,0,1500,0,0,0,0,0,0,0,0,0,0,0,0,0,0,0,0,0,0,0,0,0,0,0,0,0,0,0,0,0,0,0,
300,300,SCHOOL DEPARTMENT,S2022511,TRAINING,519003,0100-3-300-2315-02-2-51-1-519003,0,0,0,0,0,0,0,0,0,0,0,0,0,0,0,0,0,0,0,0,0,0,0,0,0,0,0,0,0,0,0,0,0,0,0,0,0,0,0,0,0,0,0,0,0,0,0,0,0,0,0,0,0,0,0,0,0,0,0,0,0,0,0,0,0,0,0,0,0,0,0,0,0,0,0,0,0,0,0,0,
300,300,SCHOOL DEPARTMENT,S2022711,SALARIES STAFF,511003,0100-3-300-2325-02-2-71-1-511003,15000,0,0,15000,3020,15000,0,-15000,0,0,15000,0,-8000,7000,4320,15000,0,-5000,10000,2540,3000,0,0,3000,5500,3000,0,-3000,0,0,3000,0,0,3000,856.16,3000,0,0,3000,8750,3000,0,-2000,1000,0,4000,0,0,4000,6486.13,5125,0,0,5125,1505,5000,0,0,5000,1160.96,0,0,0,0,8637.76,0,0,0,0,0,0,0,0,0,4388.28,7700,0,0,7700,213.12,
300,300,SCHOOL DEPARTMENT,S2022711,SALARIES TEMPORARY,512103,0100-3-300-2325-02-2-71-1-512103,15000,0,0,15000,18464.3,15000,0,0,15000,17124.3,15000,0,-4000,11000,9590,15000,0,0,15000,15840,16000,0,0,16000,19305.34,10000,0,0,10000,9787.31,10000,4600,0,14600,12825.22,10000,0,0,10000,43335.23,10000,2000,0,12000,24054.81,16208,0,0,16208,40585.68,15375,0,-5000,10375,15573.07,15000,0,0,15000,19052.76,15800,4800,0,20600,19432.35,15800,0,0,15800,13484,15800,0,0,15800,11116.14,15800,0,0,15800,8348.66,
300,300,SCHOOL DEPARTMENT,S2032101,SALARIES CLERICAL,511001,0100-3-300-2305-03-2-10-1-511001,402797,0,0,402797,189883.32,362115,29240,0,391355,391359,545194,0,-56816,488378,394182,510466,0,-46869,463597,463597,435951,0,0,435951,441423.41,423588,0,0,423588,423588,350350,68319,-8746,409923,409776.74,382282,0,0,382282,375645.48,346397,36740,-16795,366342,364025.16,391016,0,-50247,340769,342858.41,358118,0,-833,357285,357284.52,344903,0,0,344903,343271,324312,4960,0,329272,329272,310291,927,0,311218,312815.28,302522,0,0,302522,308249.88,300568,0,0,300568,300568,
300,300,SCHOOL DEPARTMENT,S2032121,AIDES,511103,0100-3-300-2330-03-2-12-1-511103,0,0,0,0,0,0,0,0,0,0,0,0,0,0,0,0,0,0,0,0,0,0,0,0,0,0,0,0,0,0,0,0,0,0,0,92221,0,-92221,0,0,73626,15000,0,88626,86339.4,74872,0,-10966,63906,63762.05,53894,2497,0,56391,56547.56,51094,0,0,51094,50156.38,46665,0,-381,46284,44060.15,43137,1864,0,45001,44949.66,35074,0,0,35074,34704.29,32463,0,-246,32217,29965.92,
300,300,SCHOOL DEPARTMENT,S2032131,PARAPROFESSIONALS,511203,0100-3-300-2330-03-2-13-1-511203,73273,0,0,73273,46858.02,73273,0,0,73273,77699.88,145311,0,-55830,89481,75501.66,138063,0,-14885.95,123177.05,83939.75,119159,0,0,119159,118210.2,119499,0,-2947,116552,114140.36,93637,18979,-1483,111133,108442.26,0,92221,0,92221,87262.62,0,0,0,0,0,0,0,0,0,0,0,0,0,0,0,0,0,0,0,0,0,0,0,0,0,0,0,0,0,0,0,0,0,0,0,0,0,0,0,0,
300,300,SCHOOL DEPARTMENT,S2032491,TRAINING,519003,0100-3-300-2357-03-2-49-1-519003,0,0,0,0,0,0,0,0,0,0,0,0,0,0,0,0,0,0,0,0,0,0,0,0,0,0,0,0,0,0,0,0,0,0,0,0,0,0,0,0,0,0,0,0,0,0,0,0,0,0,0,0,0,0,0,0,0,0,0,0,0,0,0,0,0,0,0,0,0,0,0,0,0,0,0,0,0,0,0,0,
300,300,SCHOOL DEPARTMENT,S2032501,SALARIES TEMPORARY,512103,0100-3-300-2355-03-2-50-1-512103,0,0,0,0,0,0,0,0,0,0,0,0,0,0,0,0,0,0,0,0,0,0,0,0,0,0,0,0,0,0,0,0,0,0,0,0,0,0,0,0,0,0,0,0,0,0,0,0,0,0,0,0,0,0,0,0,0,0,0,0,0,0,0,0,0,350,0,0,350,0,0,0,0,0,0,0,0,0,0,0,
300,300,SCHOOL DEPARTMENT,S2032711,SALARIES STAFF,511003,0100-3-300-2325-03-2-71-1-511003,0,0,0,0,0,0,0,0,0,0,0,0,0,0,0,0,0,0,0,0,0,0,0,0,0,0,0,0,0,0,0,0,0,0,0,0,0,0,0,1750,0,0,0,0,0,0,0,0,0,0,0,0,0,0,0,0,0,0,0,0,0,0,0,0,315,0,0,0,0,0,0,0,0,0,0,0,0,0,0,0,
300,300,SCHOOL DEPARTMENT,S2032711,SALARIES TEMPORARY,512103,0100-3-300-2325-03-2-71-1-512103,4000,0,0,4000,2710,4000,0,0,4000,3570,4000,0,0,4000,2755,4000,0,0,4000,1970,5000,0,0,5000,630,7000,0,-5700,1300,1255.98,7000,0,0,7000,5930.56,7000,0,0,7000,3260.98,7000,0,0,7000,7204.6,6000,0,0,6000,12177.78,1025,0,0,1025,6633.75,1000,0,0,1000,6078.1,2000,0,0,2000,731.63,2000,0,0,2000,910,2000,0,0,2000,1845,2000,0,0,2000,0,
300,300,SCHOOL DEPARTMENT,S2042412,ART SUPPLIES,555006,0100-3-300-2415-04-2-41-2-555006,600,0,0,600,575.59,1610,0,0,1610,1427.65,1495,0,0,1495,1492,1320,0,0,1320,1178.42,1150,0,0,1150,1147.97,1265,0,0,1265,1200.62,1300,0,0,1300,1207.73,1400,0,0,1400,1341.64,1400,0,0,1400,1336.5,1840,0,0,1840,1614.01,1600,0,0,1600,1612.01,1600,0,0,1600,1534.2,1500,47,0,1547,1546.42,1500,0,0,1500,1473.29,2800,0,0,2800,2731.88,2800,0,0,2800,2781.38,
300,300,SCHOOL DEPARTMENT,S2044061,PSYCHOLOGISTS SALARIES,511023,0100-3-300-2800-04-4-06-1-511023,92693,0,0,92693,43846.11,71367,0,0,71367,9385.84,68567,950,0,69517,81165.27,40619,22588,0,63207,62176.45,40719,0,0,40719,44768.07,38504,0,0,38504,39536.52,31975,5166,0,37141,37140.5,32053,0,0,32053,41797.89,31814,0,0,31814,31814.5,0,0,0,0,0,0,0,0,0,0,0,0,0,0,0,0,0,0,0,0,0,0,0,0,0,0,0,0,0,0,0,0,0,0,0,
300,300,SCHOOL DEPARTMENT,S2044101,SALARIES CLERICAL,511001,0100-3-300-2305-04-4-10-1-511001,1506487,0,0,1506487,685231.04,1527124,19080,0,1546204,1514881.75,1469090,0,-3596,1465494,1532717.12,1393961,32733.8,-19950,1406744.8,1387499.26,1360338,0,0,1360338,1285908.98,1254491,7258,0,1261749,1256741.06,1308207,13754,-14677,1307284,1309456.9,1341969,0,-66100,1275869,1248856.52,1300255,33351,0,1333606,1325675.54,0,0,0,0,0,0,0,0,0,0,0,0,0,0,0,0,0,0,0,0,980071,111173,0,1091244,1106655.88,1167835,0,0,1167835,1176147.49,1212964,0,0,1212964,1210010.92,
300,300,SCHOOL DEPARTMENT,S2044102,GENERAL SUPPLIES,545001,0100-3-300-2430-04-4-10-2-545001,12798,0,0,12798,4829.23,12262,0,0,12262,11711.24,8211,0,0,8211,8505.84,8211,0,0,8211,8850.86,8173,0,0,8173,6609.9,8115,0,0,8115,7806.9,7994,0,0,7994,7787.63,8000,0,-300,7700,6945.22,7125,1250,0,8375,8028.03,0,0,0,0,0,0,0,0,0,0,0,0,0,0,0,0,0,0,0,0,8800,0,-154,8646,7751.4,8000,0,0,8000,7950.3,8000,0,0,8464.07,8318.88,
300,300,SCHOOL DEPARTMENT,S2044111,PARAPROFESSIONALS,511203,0100-3-300-2330-04-4-11-1-511203,0,0,0,0,0,0,0,0,0,0,9584,0,-9584,0,0,0,0,0,0,0,0,0,0,0,0,0,0,0,0,0,0,0,0,0,0,0,0,0,0,0,0,0,0,0,0,0,0,0,0,0,0,0,0,0,0,0,0,0,0,0,0,0,0,0,0,0,0,0,0,0,0,0,0,0,0,0,0,0,0,0,
300,300,SCHOOL DEPARTMENT,S2044121,AIDES,511103,0100-3-300-2330-04-4-12-1-511103,0,0,0,0,0,0,0,0,0,0,0,0,0,0,0,0,0,0,0,0,0,0,0,0,0,0,0,0,0,0,0,0,0,0,0,0,0,0,0,0,0,0,0,0,0,0,0,0,0,0,0,0,0,0,0,0,0,0,0,0,0,0,0,0,0,0,0,0,0,0,0,0,0,0,0,0,0,0,0,0,
300,300,SCHOOL DEPARTMENT,S2044131,PARAPROFESSIONALS,511203,0100-3-300-2330-04-4-13-1-511203,0,0,0,0,0,0,0,0,0,0,0,0,0,0,0,0,0,0,0,19761.5,0,0,0,0,0,0,0,0,0,0,0,0,0,0,0,0,0,0,0,0,0,0,0,0,0,0,0,0,0,0,0,0,0,0,0,0,0,0,0,0,0,0,0,0,0,0,0,0,0,0,0,0,0,0,280,0,0,0,0,0,
300,300,SCHOOL DEPARTMENT,S2044282,WORKBOOKS,555001,0100-3-300-2415-04-4-28-2-555001,12000,0,-1822.8,10177.2,0,0,0,0,0,0,0,0,0,0,0,11383,0,-766,10617,10479.58,10954,0,-768,10186,10185.23,10622,0,0,10622,9968.46,11070,0,-3750,7320,7229.28,7177,0,-210,6967,6577.29,4388,0,-3068,1320,275.1,0,0,0,0,0,0,0,0,0,0,0,0,0,0,0,0,0,0,0,0,4602,552,0,5154,10244.35,8900,0,0,8900,6359.07,9635,0,-635,9000,7816.89,
300,300,SCHOOL DEPARTMENT,S2044302,READING SUPPLIES,555004,0100-3-300-2415-04-4-30-2-555004,0,0,0,0,0,0,0,0,0,0,3264,0,-42,3222,2175.21,675,692.8,0,1367.8,1307.01,632,1313.63,0,1945.63,1704.5,1242,0,0,1242,1049.07,291,5191,0,5482,5359.99,7514,0,0,7514,7304.33,7514,0,-1250,6264,4542.89,0,0,0,0,0,0,0,0,0,0,0,0,0,0,0,0,0,0,0,0,5305,0,-12,5293,2840.79,3100,0,0,3100,590.62,4000,0,0,4000,279.23,
300,300,SCHOOL DEPARTMENT,S2044312,MATH SUPPLIES,555003,0100-3-300-2415-04-4-31-2-555003,13404,0,0,13404,3017.5,0,0,0,0,0,2401,0,-1732,669,414.88,760,0,0,760,581.71,786,0,-197,589,588.5,345,0,0,345,311.79,340,0,0,340,0,2242,0,0,2242,2382.01,3095,0,-350,2745,1818,0,0,0,0,0,0,0,0,0,0,0,0,0,0,0,0,0,0,0,0,1544,79,0,1637.3,1622.63,1000,0,0,1000,500.99,1000,0,0,1000,656.4,
300,300,SCHOOL DEPARTMENT,S2044332,SCIENCE SUPPLIES,555002,0100-3-300-2420-04-4-33-2-555002,1000,0,0,1311.61,745,7171,0,0,7171,5205.93,1043,0,-164,879,714.36,113,942.97,0,1055.97,802.35,880,0,0,880,229.47,750,0,0,750,64.95,1133,0,0,1133,1114.12,2197,300,-1077,1474,1393.08,2197,0,0,2197,1939.36,0,0,0,0,0,0,0,0,0,0,0,0,0,0,0,0,0,0,0,0,2111,0,0,2111,1662.91,2000,0,0,2000,1934.34,2300,0,0,2300,2083.43,
300,300,SCHOOL DEPARTMENT,S2044352,SOCIAL STUDIES SUPPLIES,555014,0100-3-300-2415-04-4-35-2-555014,339,0,0,339,149.59,266,0,0,266,211.34,739,0,0,739,462.38,2050,0,0,2050,1504.92,660,0,0,660,574.25,499,0,0,499,356.31,0,0,0,0,0,1500,0,0,1500,1314.23,603,0,0,603,173.5,0,0,0,0,0,0,0,0,0,0,0,0,0,0,0,0,0,0,0,0,0,0,0,0,0,0,0,0,0,0,0,0,0,0,0,
300,300,SCHOOL DEPARTMENT,S2044412,ART SUPPLIES,555006,0100-3-300-2415-04-4-41-2-555006,0,0,0,0,0,772,0,0,772,676.52,840,0,0,840,829.55,860,0,0,860,857.71,1231,0,-311,920,619.41,1407,0,0,1407,788.36,1322,0,0,1322,936.81,1146,0,0,1146,1161.2,750,0,0,750,742,0,0,0,0,0,0,0,0,0,0,0,0,0,0,0,0,0,0,0,0,2500,0,0,2500,1679.42,2500,0,0,2500,2285.99,3000,0,0,3000,2877,
300,300,SCHOOL DEPARTMENT,S2044422,TESTING MATERIALS,555007,0100-3-300-2415-04-4-42-2-555007,0,0,0,0,0,0,0,0,0,0,0,0,0,0,0,0,0,0,0,0,0,0,0,0,0,0,0,0,0,0,0,0,0,0,0,0,0,0,0,0,0,0,0,0,0,0,0,0,0,0,0,0,0,0,0,0,0,0,0,0,0,0,0,0,0,0,0,0,0,0,0,0,0,0,0,0,0,0,0,0,
300,300,SCHOOL DEPARTMENT,S2044432,TEXTBOOKS,555029,0100-3-300-2410-04-4-43-2-555029,0,0,0,0,0,0,0,0,0,0,0,0,0,0,0,8606,0,-692.8,7913.2,7364.63,0,0,0,0,0,0,0,0,0,0,0,0,0,0,0,737,0,0,737,719.15,0,0,0,0,0,0,0,0,0,0,0,0,0,0,0,0,0,0,0,0,0,0,0,0,0,1170,0,0,1170,925.8,1000,0,0,1000,367.17,2200,0,0,2926.2,2128.1,
300,300,SCHOOL DEPARTMENT,S2044491,TRAINING,519003,0100-3-300-2357-04-4-49-1-519003,0,0,0,0,0,0,0,0,0,0,0,0,0,0,0,0,0,0,0,0,0,0,0,0,0,0,0,0,0,0,0,0,0,0,0,0,0,0,0,0,0,0,0,0,0,0,0,0,0,0,0,0,0,0,0,0,0,0,0,0,0,0,0,0,0,0,0,0,0,0,0,0,0,0,0,0,0,0,0,0,
300,300,SCHOOL DEPARTMENT,S2044501,SALARIES TEMPORARY,512103,0100-3-300-2355-04-4-50-1-512103,0,0,0,0,0,0,0,0,0,0,0,0,0,0,0,0,0,0,0,0,0,0,0,0,0,0,0,0,0,0,0,0,0,0,0,0,0,0,0,0,0,0,0,0,0,0,0,0,0,0,0,0,0,0,0,0,0,0,0,0,0,0,0,0,0,963,0,0,963,0,0,0,0,0,0,0,0,0,0,0,
300,300,SCHOOL DEPARTMENT,S2044502,PROFESSIONAL DEVELOPMENT EXP,535015,0100-3-300-2357-04-4-50-2-535015,0,0,0,0,0,0,0,0,0,0,0,0,0,0,0,0,0,0,0,0,0,0,0,0,1598.57,0,0,0,0,2048.98,5000,2005,0,7281.85,11177.85,5000,0,0,5000,4612.4,0,0,0,0,0,0,0,0,0,0,0,0,0,0,0,0,0,0,0,0,0,0,0,0,0,0,0,0,0,0,0,0,0,0,0,0,0,0,0,149,
300,300,SCHOOL DEPARTMENT,S2044511,TRAINING,519003,0100-3-300-2315-04-4-51-1-519003,0,0,0,0,0,0,0,0,0,0,0,0,0,0,0,0,0,0,0,0,0,0,0,0,0,0,0,0,0,0,0,0,0,0,0,0,0,0,0,0,0,0,0,0,0,0,0,0,0,0,0,0,0,0,0,0,0,0,0,0,0,0,0,0,0,0,0,0,0,0,0,0,0,0,0,0,0,0,0,0,
300,300,SCHOOL DEPARTMENT,S2044522,CONTRACTED SERVICES,535006,0100-3-300-2451-04-4-52-2-535006,19750,1822.8,0,21572.8,21572.8,8977,0,0,8977,4540,20420,9108,0,33028,32752.1,17822,0,-942.97,16879.03,13379.03,11516,6034,0,17550,18940.89,5069,0,0,5069,4269.5,4427,0,0,4427,3892.16,0,0,0,0,0,0,0,0,0,0,0,0,0,0,0,0,0,0,0,0,0,0,0,0,0,0,0,0,0,0,0,0,0,0,0,0,0,0,0,0,0,0,0,0,0,
300,300,SCHOOL DEPARTMENT,S2044522,COMPUTER SUPPLIES,555038,0100-3-300-2451-04-4-52-2-555038,0,0,0,0,0,0,0,0,0,0,0,0,0,0,0,0,0,0,0,0,0,0,0,0,0,0,0,0,0,0,0,0,0,0,0,0,0,0,0,0,0,0,0,0,0,0,0,0,0,0,0,0,0,0,0,0,0,0,0,0,0,0,0,0,0,0,0,0,0,0,0,0,0,0,0,0,0,0,0,0,
300,300,SCHOOL DEPARTMENT,S2044541,RETIREMENT/LONGEVITY STIPENDS,517000,0100-3-300-2305-04-4-54-1-517000,0,0,0,0,0,5000,0,0,5000,5000,5000,0,0,5000,5000,0,5000,0,5000,5000,0,0,0,0,0,0,0,0,0,0,0,0,0,0,0,0,5000,0,5000,7500,5000,0,0,5000,10000,0,0,0,0,0,0,0,0,0,0,0,0,0,0,0,0,0,0,0,0,10000,0,0,10000,10000,10000,0,0,10000,10000,5000,0,0,5000,5000,
300,300,SCHOOL DEPARTMENT,S2044541,MASTER TEACHER STIPENDS,517005,0100-3-300-2305-04-4-54-1-517005,0,0,0,0,0,0,0,0,0,0,0,0,0,0,0,0,0,0,0,0,0,0,0,0,0,0,0,0,0,0,5000,0,-5000,0,0,0,0,0,0,0,0,0,0,0,0,0,0,0,0,0,0,0,0,0,0,0,0,0,0,0,0,0,0,0,0,0,0,0,0,0,0,0,0,0,0,0,0,0,0,0,
300,300,SCHOOL DEPARTMENT,S2044591,SALARIES CLERICAL,511001,0100-3-300-2340-04-4-59-1-511001,47425,0,0,47425,22435.74,46547,0,0,46547,46545,93168,0,-28509,64659,42574.5,88591,2215,0,90806,78396.6,88154,0,0,88154,88372.58,81845,0,0,81845,81845,78650,0,0,78650,78650,75904,0,0,75904,75904,72485,0,0,72485,72485,0,0,0,0,0,0,0,0,0,0,0,0,0,0,0,0,0,0,0,0,0,21216,0,21216,21942.55,20343,0,0,20343,20455.48,23685,0,0,23685,23684.5,
300,300,SCHOOL DEPARTMENT,S2044592,PERIODICALS,555011,0100-3-300-2415-04-4-59-2-555011,65,0,0,65,0,65,0,0,65,59.9,262,0,0,262,262,182,0,0,182,0,258,0,0,258,226.75,285,0,0,285,226.75,309,0,0,309,244.7,285,0,0,285,244.7,191,0,0,191,172.7,0,0,0,0,0,0,0,0,0,0,0,0,0,0,0,0,0,0,0,0,509,75,0,584,0,0,0,0,0,0,0,0,0,0,0,
300,300,SCHOOL DEPARTMENT,S2044592,LIBRARY EXPENSES,555039,0100-3-300-2415-04-4-59-2-555039,1439,0,0,1439,0,1625,0,0,1625,1543.7,860,0,-500,360,360,356,0,0,356,299.76,219,0,-219,0,0,224,0,0,224,153.22,931,0,0,931,610.49,1350,0,0,1350,1326.98,120,10,0,130,121.65,0,0,0,0,0,0,0,0,0,0,0,0,0,0,0,0,0,0,0,0,300,0,0,300,293.83,0,0,0,0,0,300,0,-300,297.83,297.31,
300,300,SCHOOL DEPARTMENT,S2044592,LIBRARY BOOKS,555040,0100-3-300-2415-04-4-59-2-555040,4600,0,0,4600,0,4600,0,0,4600,4083.76,4600,42,-2975,1667,1667,4715,0,0,4715,4231.74,3968,0,0,3968,3911.02,3450,0,0,3450,3396.13,3440,0,0,3440,3419.35,3500,0,0,3500,3383.38,4000,0,-10,3990,3960.78,0,0,0,0,0,0,0,0,0,0,0,0,0,0,0,0,0,0,0,0,2000,0,0,2000,1959.92,500,0,0,515,515,1500,0,0,1500,0,
300,300,SCHOOL DEPARTMENT,S2044602,AUDIO VISUAL SUPPLIES,555041,0100-3-300-2415-04-4-60-2-555041,873,0,0,873,0,5175,0,0,5175,4231.42,5295,0,0,5295,4979,961,766,0,1727,1726,3818,660,0,4478,4231.17,546,0,0,546,517.36,184,0,0,184,97.21,0,1077,0,1077,1077,0,0,0,0,0,0,0,0,0,0,0,0,0,0,0,0,0,0,0,0,0,0,0,0,0,1078,0,-546.26,531.74,499.08,0,0,0,0,0,200,0,-200,0,0,
300,300,SCHOOL DEPARTMENT,S2044622,PHYSICAL ED SUPPLIES,555005,0100-3-300-2420-04-4-62-2-555005,300,0,0,300,299.72,1840,0,0,1840,1458.94,1842,0,-511,1331,964.08,0,0,0,0,0,1359,0,-1313.63,45.37,0,1953,0,0,1953,1668.07,1230,0,0,1230,1098.29,1247,210,0,1457,1444.49,1500,0,0,1500,1485.91,0,0,0,0,0,0,0,0,0,0,0,0,0,0,0,0,0,0,0,0,377,6.26,0,383.26,383.26,325,0,0,325,318.45,850,0,0,850,803.44,
300,300,SCHOOL DEPARTMENT,S2044632,BAND/MUSIC SUPPLIES,555008,0100-3-300-2420-04-4-63-2-555008,4991,0,0,4991,893.24,3363,0,0,3363,1652.71,862,0,0,862,859.4,0,0,0,0,0,950,0,-950,0,0,0,0,0,0,0,1236,0,-1200,36,0,1264,0,0,1513.8,1113.28,2748,0,0,2748,2061.55,0,0,0,0,0,0,0,0,0,0,0,0,0,0,0,0,0,0,0,0,1533,0,0,1609.54,1517,2600,0,0,2600,2143.36,2400,0,0,2400,2321.25,
300,300,SCHOOL DEPARTMENT,S2044641,TRAINING,519003,0100-3-300-2315-04-4-64-1-519003,0,0,0,0,0,0,0,0,0,0,0,0,0,0,0,0,0,0,0,0,0,0,0,0,0,0,0,0,0,0,0,0,0,0,0,0,0,0,0,0,0,0,0,0,0,0,0,0,0,0,0,0,0,0,0,0,0,0,0,0,0,0,0,0,0,0,0,0,0,0,0,0,0,0,0,0,0,0,0,0,
300,300,SCHOOL DEPARTMENT,S2044642,BAND/MUSIC SUPPLIES,555008,0100-3-300-2330-04-4-64-2-555008,0,0,0,0,0,0,0,0,0,0,0,0,0,0,0,0,0,0,0,0,400,0,-400,0,0,1025,0,0,1025,0,400,0,0,400,0,400,0,0,400,400,400,0,0,400,200,0,0,0,0,0,0,0,0,0,0,0,0,0,0,0,0,0,0,0,0,0,0,0,0,0,0,0,0,0,0,400,0,0,400,400,
300,300,SCHOOL DEPARTMENT,S2044651,SALARIES CLERICAL,511001,0100-3-300-2710-04-4-65-1-511001,63738,0,0,63738,30150.44,87134,0,-139,86995,52140,85778,0,0,85778,85778,81496,2032,0,83528,83528,81092,0,0,81092,81295.34,80892,0,0,80892,81092,79896,0,0,79896,79896,79107,0,0,79107,79107,36923,0,0,36923,36923,0,0,0,0,0,0,0,0,0,0,0,0,0,0,0,0,0,0,0,0,73957,0,-13449,60508,60508,73957,0,0,73957,71777,70425,0,0,70425,70425,
300,300,SCHOOL DEPARTMENT,S2044651,SOCIAL WORKERS SALARIES,511024,0100-3-300-2710-04-4-65-1-511024,87184,0,0,87184,41244.88,0,0,0,0,0,0,0,0,0,0,0,0,0,0,0,0,0,0,0,0,0,0,0,0,0,0,0,0,0,0,0,0,0,0,0,0,0,0,0,0,0,0,0,0,0,0,0,0,0,0,0,0,0,0,0,0,0,0,0,0,0,0,0,0,0,0,0,0,0,0,0,0,0,0,0,
300,300,SCHOOL DEPARTMENT,S2044652,GUIDANCE SUPPLIES,555044,0100-3-300-2710-04-4-65-2-555044,403,0,0,403,154.95,543,0,0,543,524.4,577,0,-226,351,350.48,345,0,0,345,333.65,345,0,-345,0,0,345,0,0,345,334.64,345,351,-205,491,285.19,350,0,0,350,299.77,0,350,0,350,338.91,0,0,0,0,0,0,0,0,0,0,0,0,0,0,0,0,0,0,0,0,226,0,0,226,226.22,200,0,0,200,0,200,0,0,380,189.2,
300,300,SCHOOL DEPARTMENT,S2044711,SALARIES STAFF,511003,0100-3-300-2325-04-4-71-1-511003,3000,0,0,3000,3405,3000,0,0,3000,0,3000,0,0,3000,0,3000,2000,0,5000,23760,7000,0,0,7000,6670,0,29660,0,29660,30410,0,0,0,0,0,0,0,0,0,0,0,7203,0,7203,4290,0,0,0,0,0,0,0,0,0,0,0,0,0,0,0,0,0,0,0,0,0,0,0,0,1317.5,0,0,0,0,0,0,0,0,0,0,
300,300,SCHOOL DEPARTMENT,S2044711,SALARIES TEMPORARY,512103,0100-3-300-2325-04-4-71-1-512103,12000,0,0,12000,12799.5,12000,10000,0,22000,27487.81,12000,5000,0,17000,20367.5,12000,3000,0,15000,21880,5800,0,0,5800,17111.7,12800,0,0,12800,11987.1,12800,1800,0,14600,18948.18,12800,0,0,12800,21545.86,12800,0,0,12800,23220.66,0,0,0,0,0,0,0,0,0,0,0,0,0,0,0,14400,0,-14400,0,0,14400,0,0,14400,17191.74,14400,0,0,14400,14485.2,14400,0,0,14400,14343.42,
300,300,SCHOOL DEPARTMENT,S2055061,PSYCHOLOGISTS SALARIES,511023,0100-3-300-2800-05-5-06-1-511023,42513,0,0,42513,20109.66,42388,0,0,42388,42388,41723,0,0,41723,41722.5,39631,1186,0,40817,40616.5,39435,0,0,39435,39533.12,39235,0,0,39235,40070.73,38855,0,0,38855,38854.5,36578,0,0,36578,36578,34900,0,0,34900,33485.4,0,0,0,0,0,0,0,0,0,0,0,0,0,0,0,0,0,0,0,0,0,0,0,0,0,0,0,0,0,0,0,0,0,0,0,
300,300,SCHOOL DEPARTMENT,S2055101,SALARIES CLERICAL,511001,0100-3-300-2305-05-5-10-1-511001,1943535,0,0,1943535,910170.8,2027997,0,-73735,1954262,1981353.42,2004187,0,0,2004187,2025175.91,1895015,44731.96,0,1939746.96,1967390.29,1889196,0,0,1889196,1884902.67,1891608,0,-50371,1841237,1833276.16,1897230,7210,-30650,1873790,1870249.69,1663022,41000,0,1704022,1726276.82,1491040,5855,0,1496895,1496893.4,1777596,0,-48372,1729224,1776386,1667439,0,-3674,1663765,1663766.49,1660855,0,0,1660855,1658672.8,1807339,0,-59083,1748256,1747961.3,1351020,97994,0,1449014,1456612.19,1441538,0,0,1441538,1451062.4,1528336,0,-6450,1521886,1522009.13,
300,300,SCHOOL DEPARTMENT,S2055102,GENERAL SUPPLIES,545001,0100-3-300-2430-05-5-10-2-545001,8200,0,0,8200,4375.18,8200,0,0,8399.31,7475.99,6500,0,0,6500,6068.01,6119,0,0,6119,3362.18,7200,0,0,7200,4656.14,5500,0,0,5500,5374.45,7000,0,-881,7129.77,5401.05,8000,0,0,9533.9,7816.67,7125,0,0,7125,5084.91,9500,0,0,9500,9167.42,8000,0,0,8000,7987.42,7250,0,0,7250,6966.74,7909,0,0,7909,7853.38,9470,0,0,9470,8707.92,7000,0,0,7089.38,5747.51,7000,0,-400,6600,407.57,
300,300,SCHOOL DEPARTMENT,S2055111,PARAPROFESSIONALS,511203,0100-3-300-2330-05-5-11-1-511203,0,0,0,0,0,0,0,0,0,0,0,0,0,0,0,0,0,0,0,0,0,0,0,0,0,0,0,0,0,0,0,0,0,0,0,0,0,0,0,0,0,0,0,0,0,0,0,0,0,0,0,0,0,0,0,0,0,0,0,0,0,0,0,0,0,0,0,0,0,0,0,0,0,0,0,0,0,0,0,0,
300,300,SCHOOL DEPARTMENT,S2055121,AIDES,511103,0100-3-300-2330-05-5-12-1-511103,0,0,0,0,0,0,0,0,0,0,0,0,0,0,0,0,0,0,0,0,0,0,0,0,0,0,0,0,0,0,0,0,0,0,0,0,0,0,0,0,0,0,0,0,0,0,0,0,0,0,0,0,0,0,0,0,0,0,0,0,0,0,0,0,0,0,0,0,0,0,0,0,0,0,0,0,0,0,0,0,
300,300,SCHOOL DEPARTMENT,S2055131,PARAPROFESSIONALS,511203,0100-3-300-2330-05-5-13-1-511203,0,0,0,0,0,0,0,0,0,0,0,0,0,0,0,0,0,0,0,0,0,0,0,0,0,0,0,0,0,0,0,0,0,0,0,0,0,0,0,0,0,0,0,0,0,0,0,0,0,0,0,0,0,0,0,0,0,0,0,0,0,0,0,0,0,0,0,0,0,0,0,0,0,0,0,0,0,0,0,0,
300,300,SCHOOL DEPARTMENT,S2055282,WORKBOOKS,555001,0100-3-300-2415-05-5-28-2-555001,17435,0,0,17435,9711.25,0,0,0,0,0,973,0,0,973,973,1095,0,0,1095,0,1021,55,0,1076,981.24,1036,0,0,1036,955.92,0,0,0,0,0,1251,0,0,1251,1201.6,0,0,0,0,0,5845,0,0,5845,5474.32,6154,0,0,6154,5479.44,5837,0,0,5837,5479.91,0,0,0,0,0,0,0,0,0,0,173,0,0,173,165.21,0,0,0,0,0,
300,300,SCHOOL DEPARTMENT,S2055292,ENGLISH SUPPLIES,555053,0100-3-300-2415-05-5-29-2-555053,740,0,0,740,647.67,2987,0,0,2987,1554.82,1961,0,0,1961,616.62,3538,0,0,3538,1679,5273,0,0,5273,2958.6,1329,0,0,1329,243.18,972,0,0,1047.84,823.82,2300,0,0,2300,2132.24,0,0,0,0,0,3490,0,0,3490,2371.52,1611,0,0,1611,1306.6,2990,0,0,2990,2986.14,0,0,0,0,0,0,0,0,0,0,0,0,0,0,0,0,0,0,0,0,
300,300,SCHOOL DEPARTMENT,S2055302,READING SUPPLIES,555004,0100-3-300-2415-05-5-30-2-555004,0,0,0,0,0,0,0,0,0,0,0,0,0,0,0,0,0,0,0,0,0,0,0,0,0,0,0,0,0,0,0,0,0,0,0,0,0,0,0,0,0,0,0,0,0,0,0,0,0,0,0,0,0,0,0,0,0,0,0,0,0,0,0,0,0,0,0,0,0,0,0,0,0,0,0,0,0,0,0,0,
300,300,SCHOOL DEPARTMENT,S2055312,MATH SUPPLIES,555003,0100-3-300-2415-05-5-31-2-555003,1171,0,0,1171,538.65,1597,0,0,1597,1575.93,1447,0,0,1447,1066.68,306,0,0,306,51.76,206,0,-55,151,0,2256,0,0,2256,1969.46,2850,0,-850,2130.76,1497.71,1618,0,0,1618,1329.62,1634,0,0,1634,1506.96,1503,0,0,1503,1313.54,1634,0,0,1634,1583.73,1634,0,0,1634,1391.93,1563,0,0,1563,1501.19,1746,0,0,1746,1171.15,288,0,0,288,198.44,1549,0,-1283,266,253.34,
300,300,SCHOOL DEPARTMENT,S2055332,SCIENCE SUPPLIES,555002,0100-3-300-2420-05-5-33-2-555002,2000,0,0,2000,1569.02,2582,0,0,2582,2425.55,2638,0,0,2638,2121.05,1541,0,0,1541,665.42,1308,0,0,1308,138.91,2085,0,0,2085,1207.16,3131,0,0,3131,1347.89,2033,0,0,2033,947.54,324,10,0,334,332.21,1604,0,0,1604,1095.11,2670,0,0,2670,2670,2670,0,0,2670,2169.67,4260,0,-3.5,4256.5,4025.46,2751,0,0,2759.54,2369.29,2553,0,0,2553,2186.36,2302,0,-1150,1152,1116.68,
300,300,SCHOOL DEPARTMENT,S2055352,SOCIAL STUDIES SUPPLIES,555014,0100-3-300-2415-05-5-35-2-555014,3900,0,0,3900,3866.83,1627,0,0,1627,1597.91,1512,0,-345,1167,890.44,1414,0,0,1414,712.84,4004,0,0,4004,3747.96,173,0,0,173,117.84,526,0,0,526,519.19,1484,0,0,1484,441.72,1484,0,-10,1474,1270.84,1070,0,0,1070,1063.51,0,0,0,0,0,0,0,0,0,0,0,0,0,0,0,0,0,0,0,0,0,0,0,0,0,0,0,0,0,0,
300,300,SCHOOL DEPARTMENT,S2055382,FAMILY/CONS SCIENCE SUPPLIES,555010,0100-3-300-2415-05-5-38-2-555010,0,0,0,0,0,0,0,0,0,0,0,0,0,0,0,0,0,0,0,0,0,0,0,0,0,0,0,0,0,0,0,0,0,0,0,0,0,0,0,0,0,0,0,0,0,0,0,0,0,0,0,0,0,0,0,0,0,0,0,0,0,0,0,0,0,0,0,0,0,0,0,0,0,0,0,0,0,0,0,0,
300,300,SCHOOL DEPARTMENT,S2055402,TECH ED SUPPLIES,555009,0100-3-300-2420-05-5-40-2-555009,400,0,0,400,371.8,0,0,0,0,0,0,0,0,0,0,0,0,0,0,0,0,0,0,0,0,0,0,0,0,0,0,0,0,0,0,0,0,0,0,0,0,0,0,0,0,0,0,0,0,0,0,0,0,0,0,358,0,0,358,0,561,3.5,0,564.5,564.47,739,0,-110.33,628.67,628.67,345,0,0,345,0,0,0,0,0,0,
300,300,SCHOOL DEPARTMENT,S2055412,ART SUPPLIES,555006,0100-3-300-2415-05-5-41-2-555006,8060,0,0,8060,7480.14,8050,0,0,8050,4476.87,8050,345,0,8395,7554.65,6900,0,0,6900,6537.38,5750,0,0,5750,4836.86,5175,0,0,5175,5149.85,4500,0,-1000,3500,2663.93,2250,0,0,2708.3,1916.96,2250,0,0,2250,1745.93,3680,0,0,3680,2099.7,1000,0,0,1000,789.59,1000,0,0,1000,0,1800,0,0,1800,1054.24,3100,0,0,3190.76,2714.91,3200,0,0,3200,3109.24,3000,0,0,3000,2861.96,
300,300,SCHOOL DEPARTMENT,S2055422,TESTING MATERIALS,555007,0100-3-300-2415-05-5-42-2-555007,0,0,0,0,0,0,0,0,0,0,0,0,0,0,0,0,0,0,0,0,0,0,0,0,0,0,0,0,0,0,0,0,0,0,0,0,0,0,0,0,0,0,0,0,0,0,0,0,0,0,0,0,0,0,0,0,0,0,0,0,2500,0,0,2500,0,0,0,0,0,0,0,0,0,0,0,0,0,0,0,0,
300,300,SCHOOL DEPARTMENT,S2055432,TEXTBOOKS,555029,0100-3-300-2410-05-5-43-2-555029,0,0,0,0,0,0,0,0,0,0,0,0,0,0,0,0,0,0,0,0,0,0,0,0,0,0,0,0,0,0,0,0,0,707,638,1254,0,0,1254,546.4,0,0,0,0,0,1620,0,0,1620,0,0,0,0,0,0,0,0,0,0,0,1496,0,0,1496,1274,6509,0,-216.55,6292.45,5859.44,9731,0,0,9731,8378.27,2687,400,-2413,674,272.72,
300,300,SCHOOL DEPARTMENT,S2055452,REGRS ACADEMIC ACHIEVEMENT,535014,0100-3-300-2415-05-5-45-2-535014,5000,0,0,5000,1995.38,0,0,0,0,0,200,0,0,200,0,200,0,0,200,0,200,0,0,200,0,200,0,0,200,0,200,0,0,200,0,200,0,0,200,0,100,0,0,100,0,100,0,0,100,77.28,100,0,0,100,0,250,0,0,250,0,1532,0,0,1532,0,833,550,0,1383,445,1375,0,0,1375,668,500,0,0,500,500,
300,300,SCHOOL DEPARTMENT,S2055491,TRAINING,519003,0100-3-300-2357-05-5-49-1-519003,0,0,0,0,0,0,0,0,0,0,0,0,0,0,0,0,0,0,0,0,0,0,0,0,0,0,0,0,0,0,0,0,0,0,0,0,0,0,0,1500,0,0,0,0,0,0,0,0,0,0,0,0,0,0,0,0,0,0,0,0,0,0,0,0,0,0,0,0,0,0,0,0,0,0,0,0,0,0,0,0,
300,300,SCHOOL DEPARTMENT,S2055501,SALARIES TEMPORARY,512103,0100-3-300-2355-05-5-50-1-512103,0,0,0,0,0,0,0,0,0,0,0,0,0,0,0,0,0,0,0,0,0,0,0,0,0,0,0,0,0,0,0,0,0,0,0,0,0,0,0,0,0,0,0,0,0,0,0,0,0,0,0,0,0,0,0,0,0,0,0,0,0,0,0,0,0,963,0,0,963,0,0,0,0,0,0,0,0,0,0,630,
300,300,SCHOOL DEPARTMENT,S2055502,PROFESSIONAL DEVELOPMENT EXP,535015,0100-3-300-2357-05-5-50-2-535015,0,0,0,0,0,0,0,0,0,0,0,0,0,0,0,0,0,0,0,0,0,0,0,0,4016.92,0,0,0,0,6541.13,5000,0,-1000,4134.51,0,5000,0,0,5000,1465.49,0,0,0,0,0,0,0,0,0,0,0,0,0,0,0,0,0,0,0,0,0,0,0,0,0,0,0,0,0,0,0,0,0,6.75,0,0,0,0,0,193.25,
300,300,SCHOOL DEPARTMENT,S2055511,TRAINING,519003,0100-3-300-2315-05-5-51-1-519003,0,0,0,0,0,0,0,0,0,0,0,0,0,0,0,0,0,0,0,0,0,0,0,0,0,0,0,0,0,0,0,0,0,0,0,0,0,0,0,0,0,0,0,0,0,0,0,0,0,0,0,0,0,0,0,0,0,0,0,0,0,0,0,0,0,0,0,0,0,0,0,0,0,0,0,0,0,0,0,0,
300,300,SCHOOL DEPARTMENT,S2055522,CONTRACTED SERVICES,535006,0100-3-300-2451-05-5-52-2-535006,5510,0,0,5510,5510,5000,0,0,5000,0,4400,6145,0,10545,18420,7671,0,0,7671,25038,7671,1500,0,9171,11071.5,7270,0,0,7270,7270,7270,0,0,7270,7267,3850,0,0,3850,3634,0,0,0,0,0,0,0,0,0,0,0,0,0,0,0,0,0,0,0,0,0,0,0,0,0,0,0,0,0,0,0,0,0,0,0,0,0,0,0,0,
300,300,SCHOOL DEPARTMENT,S2055541,RETIREMENT/LONGEVITY STIPENDS,517000,0100-3-300-2305-05-5-54-1-517000,0,0,0,0,0,12500,0,0,12500,15950,12500,0,0,12500,13500,15000,0,-2500,12500,13500,15000,0,0,15000,17500,25000,0,0,25000,25000,25000,0,0,25000,20000,37500,0,-5000,32500,27500,20000,0,0,20000,15000,15000,0,0,15000,15000,15000,0,0,15000,15000,20000,0,0,20000,20000,20000,0,0,20000,20000,20000,0,0,20000,17692.31,10000,0,0,10000,10000,10000,0,0,10000,10000,
300,300,SCHOOL DEPARTMENT,S2055541,MASTER TEACHER STIPENDS,517005,0100-3-300-2305-05-5-54-1-517005,0,0,0,0,0,2500,0,-2500,0,0,0,5000,0,5000,5204,5000,0,0,5000,5000,5000,0,0,5000,4807.69,5000,2500,0,7500,7500,12500,0,-5000,7500,7500,0,0,0,0,0,0,0,0,0,0,0,0,0,0,0,0,0,0,0,0,0,0,0,0,0,0,0,0,0,0,0,0,0,0,0,0,0,0,0,0,0,0,0,0,0,
300,300,SCHOOL DEPARTMENT,S2055572,HEALTH SUPPLIES,555012,0100-3-300-2415-05-5-57-2-555012,396,0,0,396,387.55,393,0,0,393,390.71,382,0,0,382,359.8,385,0,0,385,373.91,445,0,0,445,423.07,438,0,0,438,434.61,386,0,0,386,374.61,337,0,0,337,332.64,533,0,0,533,0,266,0,0,266,115,140,0,0,140,132.59,140,0,0,140,88.94,367,0,0,367,350.89,494,0,-87.77,406.23,406.23,537,0,0,537,495.4,396,0,0,396,293.28,
300,300,SCHOOL DEPARTMENT,S2055582,PERIODICALS,555011,0100-3-300-2415-05-5-58-2-555011,1484,0,0,1484,1478.99,1482,0,0,1482,1472.96,1413,0,0,1413,1411.97,1275,0,0,1275,1219.68,1105,0,0,1105,1088.37,1105,0,0,1105,1057.04,1000,0,0,1000,757.4,1000,0,0,1000,939.51,0,0,0,0,0,1167,0,0,1167,614.41,900,0,0,900,747.45,0,0,0,0,0,1924,0,0,1924,1725.85,1978,0,0,1978,1697.25,1695,0,0,1727.38,1330.89,1162,275,-60,1377,1368.77,
300,300,SCHOOL DEPARTMENT,S2055591,SALARIES CLERICAL,511001,0100-3-300-2340-05-5-59-1-511001,49325,0,0,49325,23312.56,49200,0,0,49200,49200,48484,0,0,48484,48484,46189,1114,0,47303,47303,43815,0,0,43815,43922.25,43815,0,0,43815,43814.5,43181,0,0,43181,43181,41813,0,0,41813,41813,40993,0,0,40993,40993,66904,0,0,66904,66904,63739,0,0,63739,63739,58491,0,0,58491,52737.74,57240,0,-567,56673,56673,0,21216,0,21216,21942.45,20343,0,0,20343,20455.52,23685,0,0,23685,23684.5,
300,300,SCHOOL DEPARTMENT,S2055592,PERIODICALS,555011,0100-3-300-2415-05-5-59-2-555011,0,0,0,0,0,0,0,0,0,0,0,0,0,0,0,0,0,0,0,0,0,0,0,0,0,0,0,0,0,0,0,0,0,0,0,300,0,0,300,0,83,0,0,83,0,318,0,0,318,298.67,200,0,0,200,194.8,200,0,0,200,182.7,0,0,0,0,0,418,0,0,418,412.57,350,0,0,350,342.7,600,0,-60,540,539.55,
300,300,SCHOOL DEPARTMENT,S2055592,LIBRARY EXPENSES,555039,0100-3-300-2415-05-5-59-2-555039,400,0,0,400,379.34,288,0,0,288,287.62,200,0,0,200,196.46,218,0,0,218,0,251,0,0,251,238.19,161,0,0,161,157.89,334,0,-334,0,0,359,0,0,359,382.09,359,0,0,359,0,706,0,0,706,704.81,127,0,0,127,121.55,150,0,0,150,145.7,200,0,0,200,0,440,0,0,440,446.31,403,0,0,403,312,403,0,-403,0,0,
300,300,SCHOOL DEPARTMENT,S2055592,LIBRARY BOOKS,555040,0100-3-300-2415-05-5-59-2-555040,3000,0,0,3000,2997.5,2000,0,0,2000,1999.14,2000,0,0,2000,1994.42,1000,0,0,1000,992.85,2000,0,0,2000,1992.15,0,0,0,0,0,1000,0,0,1000,996.85,1000,0,0,1000,906.55,0,0,0,0,0,4500,0,0,4500,4406.4,1000,0,0,1000,990.95,1000,0,0,1000,983.52,0,0,0,0,0,2750,0,0,2750,2743.27,3450,0,0,3450,3425.67,2000,0,0,2000,1991.09,
300,300,SCHOOL DEPARTMENT,S2055602,AUDIO VISUAL SUPPLIES,555041,0100-3-300-2415-05-5-60-2-555041,0,0,0,0,0,0,0,0,0,0,0,0,0,0,0,0,0,0,0,0,0,0,0,0,0,0,0,0,0,0,257,0,0,257,0,120,0,0,120,100.55,0,0,0,0,0,391,0,0,391,459.98,0,0,0,0,0,0,0,0,3148,3134.63,4011,0,0,4011,862.22,3452,0,0,3780.97,3079.62,1384,0,0,1384,636.32,1000,0,-1000,0,0,
300,300,SCHOOL DEPARTMENT,S2055622,PHYSICAL ED SUPPLIES,555005,0100-3-300-2420-05-5-62-2-555005,2000,0,0,2000,1998.92,2276,0,0,2276,2214.49,1661,0,0,1661,1649.99,1666,0,0,1666,1604.38,1664,0,0,1664,1444.82,1987,0,0,1987,1761.44,2000,160,-272,1888,1701.69,1326,0,0,1483.83,1298.65,1326,0,0,1326,1143.17,575,0,0,575,512.34,550,0,0,550,444.24,550,0,0,550,394.21,1282,0,0,1282,1119.21,910,414.65,0,1324.65,1324.65,1060,0,0,1060,753.71,500,0,0,500,446.67,
300,300,SCHOOL DEPARTMENT,S2055632,BAND/MUSIC SUPPLIES,555008,0100-3-300-2420-05-5-63-2-555008,4000,0,0,4000,3643.99,3848,0,0,3848,3238.96,3541,0,0,3541,3528.01,3511,0,0,3511,3491.88,5382,0,0,5382,5030.15,4237,0,0,4237,4225.6,3500,0,0,3500,3497.43,2959,0,0,3158.71,3167.53,2209,750,0,2959,2898.17,2030,0,0,2030,964.44,1400,0,0,1400,1170.49,1400,0,0,1400,1195.38,2711,0,0,2711,2474.65,1111,0,0,1111,0,960,0,0,960,748,500,0,0,720,439,
300,300,SCHOOL DEPARTMENT,S2055651,SALARIES CLERICAL,511001,0100-3-300-2710-05-5-65-1-511001,93090,0,0,93090,44130.88,88746,0,0,88746,162553.52,99698,0,0,99698,85771,95023,2275,0,97298,97298,136325,0,0,136325,136656.86,136025,0,0,136025,136324.5,134371,0,0,134371,91332,113026,2220,0,115246,88548,109272,579,0,109851,109850.5,148819,0,0,148819,148819,144056,0,0,144056,144056,139421,0,0,139421,139421,135220,385,0,135605,135605,103306,0,0,103306,103305.5,103306,0,0,103306,103305.5,101360,0,0,101360,101360,
300,300,SCHOOL DEPARTMENT,S2055651,SOCIAL WORKERS SALARIES,511024,0100-3-300-2710-05-5-65-1-511024,78372,0,0,78372,20949.36,0,0,0,0,0,0,0,0,0,0,35478,0,-35478,0,0,34472,0,0,34472,34470.5,32252,0,0,32252,32251.5,30881,0,0,30881,30781,29492,0,0,29492,28357.69,0,0,0,0,0,0,0,0,0,0,0,0,0,0,0,0,0,0,0,0,0,0,0,0,0,0,0,0,0,0,0,0,0,0,0,0,0,0,0,0,
300,300,SCHOOL DEPARTMENT,S2055652,GUIDANCE SUPPLIES,555044,0100-3-300-2710-05-5-65-2-555044,575,0,0,575,0,950,0,0,950,784.16,800,0,0,800,800,0,0,0,0,0,0,0,0,0,0,2760,0,0,2760,353.92,1369,0,-869,698,0,198,0,0,198,0,0,0,0,0,0,460,0,0,460,228.11,233,0,0,233,219.95,233,0,0,233,238.61,233,0,0,233,168.5,222,0,0,291.95,91.12,200,0,0,200,69.95,200,0,0,200,75.9,
300,300,SCHOOL DEPARTMENT,S2055711,SALARIES STAFF,511003,0100-3-300-2325-05-5-71-1-511003,3000,0,0,3000,1840,3000,0,0,3000,0,3000,0,-1500,1500,1500,3000,0,0,3000,2790,3000,0,0,3000,2005,3000,0,-2500,500,175,3000,0,0,3000,1390,3000,0,0,3000,2345,3000,0,-2000,1000,0,2000,0,0,2000,1655,5125,0,0,5125,0,5000,0,0,5000,0,0,0,0,0,6649.5,0,0,0,0,1330,0,0,0,0,9480,0,0,0,0,0,
300,300,SCHOOL DEPARTMENT,S2055711,SALARIES TEMPORARY,512103,0100-3-300-2325-05-5-71-1-512103,11000,0,0,11000,12469.45,11000,5000,0,16000,26657.25,11000,12500,0,23500,30915,11000,0,0,11000,17190,11000,0,0,11000,15215,11000,1053,0,12053,12297.5,11000,5200,0,16200,15378.94,11000,0,0,11000,12430,11000,2000,0,13000,17432.12,17000,0,0,17000,28518.63,18450,0,0,18450,18179.24,18000,0,0,18000,17115.63,20500,4800,0,25300,20423.38,20500,0,0,20500,16168.56,20500,0,0,20500,18501.51,20500,0,0,20500,13612.79,
300,300,SCHOOL DEPARTMENT,S2066061,PSYCHOLOGISTS SALARIES,511023,0100-3-300-2800-06-6-06-1-511023,42513,0,0,42513,20109.66,42388,0,0,42388,42388,41723,0,0,41723,41722.5,39631,1186,0,40817,40616.5,39435,0,0,39435,39533.13,39235,0,0,39235,40070.74,38855,0,0,38855,38854.5,36578,0,0,36578,36578,34900,0,0,34900,33485.42,0,0,0,0,0,0,0,0,0,0,0,0,0,0,0,0,0,0,0,0,0,0,0,0,0,0,0,0,0,0,0,0,0,0,0,
300,300,SCHOOL DEPARTMENT,S2066081,SALARIES SCHOOL STAFF,511019,0100-3-300-2210-06-6-08-1-511019,0,0,0,0,0,0,0,0,0,0,0,0,0,0,0,0,0,0,0,0,0,0,0,0,0,0,2000,0,2000,2000,0,0,0,0,0,0,0,0,0,5000,0,0,0,0,0,0,0,0,0,0,0,0,0,0,0,0,0,0,0,0,0,0,0,0,0,0,0,0,0,0,0,0,0,0,0,0,0,0,0,5270,
300,300,SCHOOL DEPARTMENT,S2066082,GRADUATION EXPENSES,535008,0100-3-300-2210-06-6-08-2-535008,10000,0,0,10000,42,8500,0,0,8500,8250.65,7800,0,0,7800,7934.71,7800,0,0,7800,6180.08,7500,0,0,7500,7068.01,7230,0,0,7230,3674.94,7410,0,0,10441.22,7801.58,5410,0,0,7130,4302.2,5410,0,0,5410,4012.88,6760,0,0,8360,7017.43,6525,0,0,8025,5553.41,6525,0,0,6530,3608.61,6425,0,0,6425,5698.67,6640,0,0,6664.38,5630.53,4900,0,0,5948.29,4726.9,4910,0,0,4910,2997.95,
300,300,SCHOOL DEPARTMENT,S2066082,ACCREDITATION EXPENSES,535009,0100-3-300-2210-06-6-08-2-535009,4500,105,0,4605,0,0,0,0,0,0,0,0,0,0,0,0,0,0,0,0,2000,0,0,2000,198,0,3670,0,3670,9025.85,2000,0,0,2000,2000,0,0,0,0,244.52,0,0,0,0,0,0,0,0,0,0,0,0,0,0,0,0,0,0,0,0,0,0,0,0,0,0,0,0,0,0,0,0,0,34.67,0,20000,0,0,20125,12038.22,
300,300,SCHOOL DEPARTMENT,S2066101,SALARIES CLERICAL,511001,0100-3-300-2305-06-6-10-1-511001,2746711,0,0,2746711,1360069.44,2899395,0,-61272,2838123,2805885.92,2759159,0,0,2759159,2728900.94,2531360,70717.4,0,2602077.4,2577737.88,2508083,0,0,2508083,2472115.83,2384014,79417,-2000,2461431,2456904.11,2340387,0,-59892,2280495,2262886.57,2329502,0,-5200,2324302,2324224.24,2310919,0,-30638,2280281,2285189.5,2798252,754,0,2799006,2798236.94,2686217,53325,0,2739542,2739541,2781003,0,0,2781003,2768883.6,2593101,70209,-45239,2618071,2618071.38,1775461,5884,0,1781345,1843948.77,1597818,0,0,1597818,1571757.84,1574429,0,-74499,1499930,1615049.17,
300,300,SCHOOL DEPARTMENT,S2066101,H.S. TEACHRS REG/CHOICE OFFSET,511017,0100-3-300-2305-06-6-10-1-511017,0,0,0,0,0,0,0,0,0,0,0,0,0,0,0,0,0,0,0,0,0,0,0,0,0,0,0,0,0,0,0,0,0,0,0,0,0,0,0,0,0,0,0,0,0,0,0,0,0,0,0,0,0,0,0,0,0,0,0,0,0,0,0,0,0,0,0,0,0,0,0,0,0,0,0,0,0,0,0,4339.64,
300,300,SCHOOL DEPARTMENT,S2066102,GENERAL SUPPLIES,545001,0100-3-300-2430-06-6-10-2-545001,16000,0,0,16000,8507.43,15800,0,0,15800,12268.36,13700,0,0,13700,11835.61,13700,0,0,13700,10429.21,13700,0,0,13700,13742.09,12758,0,-286.85,12471.15,10593.28,13300,0,0,14494.95,9364.9,13300,0,-400,15877.94,10988.71,13300,0,0,13300,10243.82,13500,0,0,13500,9077.46,12500,0,0,12500,11486.48,11500,0,0,11500,11812.98,8498,0,0,9002.18,6544.22,10000,0,0,10000,9240.11,11000,0,0,11177.87,10849.44,11000,0,0,11000,10671.63,
300,300,SCHOOL DEPARTMENT,S2066111,PARAPROFESSIONALS,511203,0100-3-300-2330-06-6-11-1-511203,0,0,0,0,0,0,0,0,0,0,0,0,0,0,0,0,0,0,0,0,0,0,0,0,0,0,0,0,0,0,0,0,0,0,0,0,0,0,0,0,0,0,0,0,0,0,0,0,0,0,0,0,0,0,0,0,0,0,0,0,0,0,0,0,0,0,0,0,0,0,0,0,0,0,0,0,0,0,0,0,
300,300,SCHOOL DEPARTMENT,S2066131,PARAPROFESSIONALS,511203,0100-3-300-2330-06-6-13-1-511203,47960,0,0,47960,4785.74,53304,0,0,53304,18435.23,0,55830,0,55830,29069.89,0,50188.65,0,50188.65,49880.48,0,0,0,0,46635.75,0,0,0,0,44663.51,41428,6093,-6804,40717,40617.02,0,38892,0,38892,33098.73,0,0,0,0,0,0,0,0,0,0,0,0,0,0,0,0,0,0,0,0,0,0,0,0,0,0,0,0,0,0,39312,0,0,39312,21292.93,36256,0,-1619,34637,39329.73,
300,300,SCHOOL DEPARTMENT,S2066292,ENGLISH WORKBOOKS,555019,0100-3-300-2415-06-6-29-2-555019,0,0,0,0,0,0,0,0,0,0,0,0,0,0,0,0,0,0,0,0,0,0,0,0,0,0,0,0,0,0,120,0,0,120,0,120,0,0,120,0,120,0,0,120,0,120,0,0,120,0,0,0,0,0,0,404,0,0,404,0,0,0,0,0,0,0,0,0,0,0,0,0,0,0,0,0,0,0,0,0,
300,300,SCHOOL DEPARTMENT,S2066292,ENGLISH PERIODICALS,555023,0100-3-300-2415-06-6-29-2-555023,75,0,0,125.08,75,3155,0,0,3155,525.18,145,0,0,145,144.99,190,0,0,190,169.99,236,0,0,236,169.99,425,0,0,425,424.88,583,0,0,583,424.88,555,0,0,555,523.71,435,0,0,435,414.72,435,0,0,435,384.72,493,0,0,493,414.6,493,0,0,493,265,0,0,0,0,0,0,0,0,0,0,0,0,0,0,0,0,0,0,0,0,
300,300,SCHOOL DEPARTMENT,S2066292,ENGLISH SUPPLIES,555053,0100-3-300-2415-06-6-29-2-555053,1462,0,0,1462,340.02,1396,0,0,1396,332.48,171,0,0,171,154.15,0,0,0,0,0,285,0,0,285,280.4,300,0,-172.52,127.48,127.48,500,0,0,500,374.99,500,0,0,500,0,500,0,0,500,214.08,500,0,0,500,443.6,300,0,0,300,123.14,300,0,0,300,213.38,500,0,0,500,389.51,500,0,0,500,0,0,0,0,0,0,250,0,0,250,227.06,
300,300,SCHOOL DEPARTMENT,S2066312,DUES AND FEES,535020,0100-3-300-2415-06-6-31-2-535020,8194,24.5,0,8218.5,6943.5,6963,0,0,6963,6963,5160,0,0,5160,5000,5381,500,0,5881,5880.8,0,0,0,0,0,350,0,0,350,0,250,0,0,250,0,250,0,0,250,0,575,0,0,575,200,1000,0,-325,675,508.5,650,100,-400,350,285,375,0,0,375,231,250,0,0,250,185,250,0,0,250,210,400,0,0,400,306,250,0,0,250,105,
300,300,SCHOOL DEPARTMENT,S2066312,MATH SUPPLIES,555003,0100-3-300-2415-06-6-31-2-555003,971,0,0,971,788.95,473,0,0,473,465.95,850,0,0,850,751.31,768,0,0,768,637.13,847,0,0,847,826.59,1144,0,0,1144,1133.59,500,0,0,500,389,500,0,0,500,242.19,908,0,0,908,849.16,887,325,0,1212,742.6,780,400,0,1180,1077.31,3438,0,0,3438,3327.54,160,1500,0,1660,1422.93,160,0,0,160,151.06,300,0,-7,293,170.86,300,0,0,300,150.74,
300,300,SCHOOL DEPARTMENT,S2066322,BUSINESS ED SUPPLIES,555016,0100-3-300-2415-06-6-32-2-555016,0,0,0,0,0,0,0,0,0,0,0,0,0,0,0,0,0,0,0,0,0,0,0,0,0,0,0,0,0,0,0,0,0,0,0,0,0,0,0,0,0,0,0,0,0,0,0,0,0,0,0,0,0,0,0,600,0,-600,0,0,0,0,0,0,0,0,0,0,0,0,0,0,0,0,0,0,0,0,0,0,
300,300,SCHOOL DEPARTMENT,S2066322,BUSINESS ED WORKBOOKS,555021,0100-3-300-2415-06-6-32-2-555021,0,0,0,0,0,0,0,0,0,0,0,0,0,0,0,0,0,0,0,0,0,0,0,0,0,0,0,0,0,0,0,0,0,0,0,0,0,0,0,0,0,0,0,0,0,0,0,0,0,0,0,0,0,0,0,0,0,0,0,0,0,0,0,0,0,0,0,0,0,0,0,0,0,0,0,0,0,0,0,0,
300,300,SCHOOL DEPARTMENT,S2066332,SCIENCE SUPPLIES,555002,0100-3-300-2420-06-6-33-2-555002,14697,0,0,14697.72,10031.69,16485,0,0,16485,15587.49,13350,0,0,13350,11651.63,14553,0,0,14553,13150.73,14956,0,0,14956,12663.05,10272,0,0,10272,9860,9164,0,0,9164,8479.94,9164,0,0,9164,7444.59,9164,0,0,9164,8856.23,10008,0,0,10008,5548.07,9864,0,0,9864,5047.86,9973,0,-502,9471,8018.02,8882,0,0,9134.13,7457.36,8882,0,0,8958.84,7741.86,7211,0,0,7380.63,5489.89,8100,0,0,8100,7757.79,
300,300,SCHOOL DEPARTMENT,S2066352,SOCIAL STUDIES SUPPLIES,555014,0100-3-300-2415-06-6-35-2-555014,1884,0,0,1884,1078.98,1410,0,0,1410,1356.4,144,0,0,144,69.83,841,0,0,841,677.16,992,0,0,992,3122.05,1864,0,0,1864,1269.25,500,0,0,500,486.89,398,0,0,398,159.72,398,0,0,398,269.98,238,0,0,238,58.52,200,0,0,200,194.98,200,0,0,200,131.86,200,720,0,963.95,960.92,200,0,0,200,117.81,200,0,0,200,150.05,200,0,0,200,45.09,
300,300,SCHOOL DEPARTMENT,S2066352,SOCIAL STUDIES PERIODICALS,555024,0100-3-300-2415-06-6-35-2-555024,0,0,0,0,0,0,0,0,0,0,0,0,0,0,0,0,0,0,0,0,0,0,0,0,0,0,0,0,0,0,0,0,0,0,0,0,0,0,0,0,0,0,0,0,0,0,0,0,0,0,0,0,0,0,0,0,0,0,0,0,0,0,0,0,0,85,0,0,85,82.82,85,0,0,85,75.19,0,0,0,0,0,
300,300,SCHOOL DEPARTMENT,S2066352,AUDIO VISUAL SUPPLIES,555041,0100-3-300-2415-06-6-35-2-555041,0,0,0,0,0,0,0,0,0,0,0,0,0,0,0,0,0,0,0,0,0,0,0,0,0,0,0,0,0,0,0,0,0,0,0,0,0,0,0,0,0,0,0,0,0,0,0,0,0,0,60,0,0,60,0,0,0,0,0,0,0,0,0,0,0,55,0,0,55,54.94,0,0,0,0,0,0,0,0,0,0,
300,300,SCHOOL DEPARTMENT,S2066362,WORLD LANGUAGE WORKBOOKS,555020,0100-3-300-2415-06-6-36-2-555020,0,0,0,0,0,0,0,0,0,0,0,0,0,0,0,0,0,0,0,0,0,0,0,0,0,0,0,0,0,0,0,0,0,0,0,0,0,0,0,0,0,0,0,0,0,0,0,0,0,0,0,0,0,0,0,0,0,0,0,0,0,0,0,0,0,0,0,0,0,0,0,0,0,0,0,0,0,0,0,0,
300,300,SCHOOL DEPARTMENT,S2066362,WORLD LANG TESTING MATERIALS,555022,0100-3-300-2415-06-6-36-2-555022,400,0,0,400,0,480,0,0,480,185,400,0,0,400,340,0,0,0,0,0,0,0,0,0,0,0,0,0,0,0,500,0,0,500,0,500,0,0,500,0,500,0,0,500,465,500,0,0,500,480,655,0,0,655,566.22,1176,0,0,1176,322,888,0,-400,488,426,1617,0,0,1617,0,1617,0,0,1617,819,1500,0,-571,929,920,
300,300,SCHOOL DEPARTMENT,S2066362,WORLD LANGUAGE SUPPLIES,555026,0100-3-300-2415-06-6-36-2-555026,701,0,0,701,567.61,2175,0,0,2175,1394.49,1860,0,0,1860,1805.24,370,0,0,370,250,636,0,0,636,581.85,179,0,-44.67,134.33,134.33,164,0,0,164,157.91,164,0,0,164,164.25,1427,0,-450,977,551.64,291,199,0,490,168.4,220,0,0,220,197.44,112,0,0,112,0,200,0,-200,0,0,239,0,0,239,0,141,0,0,141,0,0,0,0,0,0,
300,300,SCHOOL DEPARTMENT,S2066372,LIABILITY INSURANCE,570010,0100-3-300-2440-06-6-37-2-570010,0,0,0,0,0,0,0,0,0,0,0,0,0,0,0,0,0,0,0,0,0,0,0,0,0,0,0,0,0,0,0,0,0,0,0,0,0,0,0,0,500,0,0,500,0,500,0,0,500,0,1000,0,0,1000,0,1000,0,0,1000,0,0,0,0,0,0,1000,0,0,1000,0,1000,0,0,1000,0,1000,0,0,1500,0,
300,300,SCHOOL DEPARTMENT,S2066372,MILEAGE REIMBURSEMENT,571000,0100-3-300-2440-06-6-37-2-571000,0,0,0,0,0,0,0,0,0,0,0,0,0,0,0,0,1125,0,1125,750,0,0,0,0,0,0,0,0,0,0,0,0,0,0,0,0,0,0,0,0,500,0,0,500,17.12,500,0,0,500,0,0,0,0,0,0,0,0,0,0,0,0,0,0,0,0,0,0,0,0,0,0,0,0,0,0,0,0,0,131.83,0,
300,300,SCHOOL DEPARTMENT,S2066391,SALARIES STAFF,511003,0100-3-300-2330-06-6-39-1-511003,0,0,0,0,0,0,0,0,0,0,0,0,0,0,0,0,0,0,0,0,0,0,0,0,0,0,0,0,0,0,7420,0,0,7420,7362.13,7000,0,0,7000,7107.03,6650,0,0,6650,5571.12,0,0,0,0,0,0,0,0,0,0,0,0,0,0,0,0,0,0,0,0,29017,0,0,29017,31350,25041,0,0,25041,25991.68,24583,0,0,24583,25195.8,
300,300,SCHOOL DEPARTMENT,S2066402,INDUSTRIAL ART SUPPLIES,555017,0100-3-300-2420-06-6-40-2-555017,2000,0,0,2000,1960.4,1783,0,0,1783,681.89,0,0,0,0,0,1725,0,0,1725,1716.16,0,0,0,0,0,1035,0,-38.16,996.84,996.84,0,0,0,0,0,1476,0,0,1798.43,973.26,0,200,0,200,0,1238,0,0,1238,1155.33,1000,0,0,1000,852.08,500,600,0,1100,1018.58,8000,0,-200,7800,6171.44,8100,0,0,8100,6062.54,8100,0,0,8239.16,8017,8100,0,-360,7740,6420.27,
300,300,SCHOOL DEPARTMENT,S2066412,ART SUPPLIES,555006,0100-3-300-2415-06-6-41-2-555006,24495,0,0,26596.02,19014.62,16560,0,0,16560,16390.83,11213,0,0,11213,10891.5,9123,0,0,9123,8994.93,13225,0,0,13225,12548.77,6900,480.61,0,7380.61,7071.13,6500,0,0,6500,6075.89,6500,0,0,6500,6334.54,6950,0,0,6950,6784.73,6750,0,0,6750,6116.75,5789,0,0,5789,5401.91,3716,0,0,3716,6639.01,5505,210,0,5715,5714.99,5505,0,0,5505,5359.69,5300,0,0,5954.3,5268.69,5564,0,0,5564,5373.8,
300,300,SCHOOL DEPARTMENT,S2066432,SCIENCE TEXTBOOKS,555030,0100-3-300-2410-06-6-43-2-555030,17250,0,0,17250,14355,0,0,0,0,0,0,0,0,0,0,0,0,0,0,0,0,0,0,0,0,0,0,0,0,0,0,0,0,0,0,1700,0,0,1700,0,0,0,0,0,0,2660,0,0,2660,772.86,3760,0,0,3760,2411.28,0,502,0,502,0,0,0,0,0,0,0,0,0,0,0,0,0,0,0,0,0,0,0,0,0,
300,300,SCHOOL DEPARTMENT,S2066432,MATH TEXTBOOKS,555031,0100-3-300-2410-06-6-43-2-555031,0,0,0,0,0,0,0,0,0,0,0,0,0,0,0,0,0,0,0,0,0,0,0,0,0,0,0,0,0,0,0,0,0,0,0,0,0,0,0,0,0,0,0,0,0,0,0,0,0,0,320,0,-100,220,76.93,320,0,0,320,0,1500,0,-1500,0,0,1500,536,0,2036,2035.1,3300,7,0,3407,3306.25,1650,0,-1650,0,0,
300,300,SCHOOL DEPARTMENT,S2066432,ENGLISH TEXTBOOKS,555032,0100-3-300-2410-06-6-43-2-555032,7340,0,0,7340,3417.36,2300,0,0,2300,2260.88,0,0,0,0,0,3721,0,0,3721,3514.7,1000,0,0,1000,933.29,2990,0,-22.59,2967.41,2967.41,3000,0,0,3000,2779.65,2500,0,0,2500,1717.47,0,0,0,0,0,6000,0,0,6000,5144.5,6000,0,0,6000,1980.45,6500,0,0,6500,4256.03,6000,1835,0,7835,7833.43,6000,0,-520,5480,5479.23,6000,0,0,6037.44,5401.06,7750,0,-289,7813.18,6021.96,
300,300,SCHOOL DEPARTMENT,S2066432,SOCIAL STUDIES TEXTBOOKS,555033,0100-3-300-2410-06-6-43-2-555033,0,0,0,0,0,0,0,0,0,0,0,0,0,0,0,0,0,0,0,0,0,0,0,0,0,823,0,0,823,0,1046,0,0,1046,1045.39,0,0,0,0,0,432,0,0,432,285.29,0,0,0,0,0,2000,0,0,2000,1862.92,2000,0,0,2000,1312.66,1984,0,-1247,737,736.69,1285,0,-16,1269,1208.52,0,0,0,0,0,0,1939,0,1939,1938.92,
300,300,SCHOOL DEPARTMENT,S2066432,WORLD LANGUAGE TEXTBOOKS,555034,0100-3-300-2410-06-6-43-2-555034,4227,0,0,4227,3042.32,1829,0,0,1829,2020.02,0,0,0,0,0,4000,0,0,4000,2220,1305,0,0,1305,1304,0,0,0,0,0,638,0,0,638,632.81,0,0,0,0,0,0,450,0,450,391.25,0,0,0,0,0,1668,0,0,1668,1606.33,1684,0,-265.53,1418.47,887.5,0,845,0,845,844.69,3605,0,-1496,2109,1049.34,1500,0,0,1500,793.81,73,0,0,73,56,
300,300,SCHOOL DEPARTMENT,S2066432,HEALTH/HUMAN DEV TEXTBOOKS,555035,0100-3-300-2410-06-6-43-2-555035,0,0,0,0,0,0,0,0,0,0,0,0,0,0,0,0,0,0,0,0,0,0,0,0,0,0,0,0,0,0,0,0,0,0,0,0,0,0,0,0,0,0,0,0,0,0,0,0,0,0,0,0,0,0,0,0,0,0,0,0,0,0,0,0,0,0,1496,0,1496,1495.58,0,0,0,0,0,0,0,0,0,0,
300,300,SCHOOL DEPARTMENT,S2066432,BUSINESS ED TEXTBOOKS,555036,0100-3-300-2410-06-6-43-2-555036,0,0,0,0,0,0,0,0,0,0,0,0,0,0,0,0,0,0,0,0,0,0,0,0,0,0,0,0,0,0,0,0,0,0,0,0,0,0,0,0,0,0,0,0,0,0,0,0,0,0,0,0,0,0,0,0,0,0,0,0,0,615,0,615,614.24,0,0,0,0,0,0,0,0,0,0,0,0,0,0,0,
300,300,SCHOOL DEPARTMENT,S2066432,INDUSTRIAL ART TEXTBOOKS,555037,0100-3-300-2410-06-6-43-2-555037,0,0,0,0,0,0,0,0,0,0,0,0,0,0,0,0,0,0,0,0,0,0,0,0,0,0,0,0,0,0,0,0,0,0,0,0,0,0,0,0,200,0,-200,0,0,200,0,0,200,0,0,0,0,0,0,0,0,0,0,0,0,0,0,0,0,0,0,0,0,0,0,0,0,8,0,0,360,0,360,351.34,
300,300,SCHOOL DEPARTMENT,S2066472,ALT ED PROGRAM SUPPLIES,555018,0100-3-300-2440-06-6-47-2-555018,0,0,0,0,0,0,0,0,0,0,0,0,0,0,0,0,0,0,0,0,0,0,0,0,0,0,0,0,0,0,0,0,0,0,0,0,0,0,0,0,0,0,0,0,0,0,0,0,0,0,0,0,0,0,0,0,0,0,0,0,0,0,0,0,0,0,0,0,0,0,0,0,0,0,0,0,0,0,0,0,
300,300,SCHOOL DEPARTMENT,S2066491,TRAINING,519003,0100-3-300-2357-06-6-49-1-519003,0,0,0,0,0,0,0,0,0,0,0,0,0,0,0,0,0,0,0,0,0,0,0,0,0,0,0,0,0,0,0,0,0,0,0,0,0,0,0,0,0,0,0,0,0,0,0,0,0,0,0,0,0,0,0,0,0,0,0,0,0,0,0,0,0,0,0,0,0,0,0,0,0,0,0,0,5900,0,5900,700,
300,300,SCHOOL DEPARTMENT,S2066501,SALARIES TEMPORARY,512103,0100-3-300-2355-06-6-50-1-512103,0,0,0,0,0,0,0,0,0,0,0,0,0,0,0,0,0,0,0,0,0,0,0,0,0,0,0,0,0,0,0,0,0,0,0,0,0,0,0,0,0,0,0,0,0,0,0,0,0,0,0,0,0,0,0,0,0,0,0,0,0,0,0,0,1741.58,963,0,0,963,1310,0,0,0,0,630,0,0,0,0,1050,
300,300,SCHOOL DEPARTMENT,S2066502,PROFESSIONAL DEVELOPMENT EXP,535015,0100-3-300-2357-06-6-50-2-535015,0,0,0,0,0,0,0,0,0,0,0,0,0,0,0,0,0,0,0,0,0,0,0,0,4406.46,0,0,0,0,16721.25,2000,0,0,2840,1090,4000,0,0,4000,2872.57,5500,0,-100,5400,3605,6500,0,0,6500,1395,2065,0,0,2065,0,0,0,0,0,0,0,0,0,0,0,0,0,0,0,0,0,0,0,16,50,0,0,0,0,444,
300,300,SCHOOL DEPARTMENT,S2066511,TRAINING,519003,0100-3-300-2315-06-6-51-1-519003,0,0,0,0,0,0,0,0,0,0,0,0,0,0,0,0,0,0,0,0,0,0,0,0,0,0,0,0,0,0,0,0,0,0,0,0,0,0,0,0,0,0,0,0,0,0,0,0,0,0,0,0,0,0,0,0,0,0,0,0,0,0,0,0,0,0,0,0,0,0,0,0,0,0,0,0,0,0,0,0,
300,300,SCHOOL DEPARTMENT,S2066511,SCHOOL STIPENDS,519103,0100-3-300-2315-06-6-51-1-519103,24965,0,0,24965,0,0,0,0,0,0,0,0,0,0,0,0,0,0,0,0,0,0,0,0,0,0,0,0,0,0,25133,0,0,25133,22184.5,25133,0,0,25133,22792,25133,0,0,25133,22496,24152,0,0,24152,24488,23678,0,0,23678,23885,22821,0,0,22821,23214,21321,0,0,21321,20576,21752,0,-2231,19521,19521,21752,0,0,21752,19732,21430,0,0,21430,19864,
300,300,SCHOOL DEPARTMENT,S2066522,CONTRACTED SERVICES,535006,0100-3-300-2451-06-6-52-2-535006,15025,0,0,15025,16399.76,13250,0,0,13250,13249.38,15350,0,0,15350,12277.48,11350,0,0,11350,11069.44,11685,3400,0,15085,12610.84,10580,0,0,10580,10578.31,10550,0,0,10550,9817.76,12699,0,0,12699,6970.41,0,0,0,0,0,0,0,0,0,0,0,0,0,0,0,0,0,0,0,0,0,0,0,0,0,0,0,0,0,0,0,0,0,0,0,0,0,0,0,0,
300,300,SCHOOL DEPARTMENT,S2066522,COMPUTER SUPPLIES,555038,0100-3-300-2451-06-6-52-2-555038,0,0,0,0,0,0,0,0,0,0,0,0,0,0,0,0,0,0,0,0,0,0,0,0,0,1400,0,-400,1000,0,0,0,0,0,0,0,0,0,0,0,0,0,0,0,0,0,0,0,0,0,0,0,0,0,0,0,0,0,0,0,0,0,0,0,0,0,0,0,0,0,0,0,0,0,0,0,0,0,0,0,
300,300,SCHOOL DEPARTMENT,S2066532,TECH PREP SUPPLIES,555013,0100-3-300-2420-06-6-53-2-555013,0,0,0,0,0,0,0,0,0,0,0,0,0,0,0,0,0,0,0,0,0,0,0,0,0,0,0,0,0,0,0,0,0,0,0,0,0,0,0,0,0,0,0,0,0,0,0,0,0,0,0,0,0,0,0,0,0,0,0,0,0,0,0,0,0,600,0,-297,303,0,0,0,0,0,0,0,0,0,0,0,
300,300,SCHOOL DEPARTMENT,S2066541,RETIREMENT/LONGEVITY STIPENDS,517000,0100-3-300-2305-06-6-54-1-517000,0,0,0,0,0,12500,0,0,12500,9000,12500,0,-5000,7500,6500,15000,0,-2500,12500,6500,15000,0,0,15000,12500,10000,0,0,10000,10000,10000,5000,0,15000,15000,52500,0,0,52500,43500.02,50000,0,0,50000,45000,60000,0,0,60000,60000,60000,0,0,60000,60000,45000,0,0,45000,37500,25000,0,0,25000,25000,20000,0,0,20000,15000,5000,0,0,5000,5000,25000,0,-5000,20000,20000,
300,300,SCHOOL DEPARTMENT,S2066541,MASTER TEACHER STIPENDS,517005,0100-3-300-2305-06-6-54-1-517005,0,0,0,0,0,7500,0,-7500,0,0,0,0,0,0,0,10000,0,-5000,5000,5000,10000,0,0,10000,4807.69,5000,2500,0,7500,7500,37500,0,-15000,22500,22500,0,0,0,0,0,0,0,0,0,0,0,0,0,0,0,0,0,0,0,0,0,0,0,0,0,0,0,0,0,0,0,0,0,0,0,0,0,0,0,0,0,0,0,0,0,
300,300,SCHOOL DEPARTMENT,S2066552,HEALTH/HUMAN DEV SUPPLIES,555015,0100-3-300-2415-06-6-55-2-555015,3202,0,0,3202,2763.35,2883,0,0,2883,2562.51,2242,0,0,2242,2229.77,2751,0,0,2751,1936.37,2450,0,0,2450,1610.65,2410,0,-53.45,2356.55,2333.55,2936,32,0,2968,2446.04,2936,0,0,2936,2615.69,2936,0,-1,3236.09,3142.6,2692,0,0,2692,2158.92,2931,0,0,2931,2640.32,2873,0,0,2873,2630.19,2706,0,-210,2496,2408.91,2632,0,0,2632,2402.42,0,0,0,23.78,0,415,0,0,415,298.92,
300,300,SCHOOL DEPARTMENT,S2066552,HEALTH/HUMAN DEV PERIODICALS,555025,0100-3-300-2415-06-6-55-2-555025,100,0,0,100,0,100,0,0,100,0,98,0,0,98,104.39,123,0,0,123,0,123,0,0,123,43.95,123,0,-63.03,59.97,59.97,123,0,0,123,103.92,123,0,0,123,84.86,114,0,0,114,15.97,107,0,0,107,103.39,82,0,0,101.97,54.42,132,0,0,132,45.66,132,0,0,132,110.81,134,0,0,192.2,121.59,126,0,0,141.97,70.09,126,0,0,126,106.32,
300,300,SCHOOL DEPARTMENT,S2066591,SALARIES CLERICAL,511001,0100-3-300-2340-06-6-59-1-511001,49325,0,0,49325,23312.56,49200,0,0,49200,49200,48484,0,0,48484,48484,46189,1114,0,47303,47303,43815,0,0,43815,43922.25,43815,0,0,43815,43814.5,43181,0,0,43181,43181,41813,0,0,41813,41813,40993,0,0,40993,40993,80378,0,0,80378,80378,78802,0,0,78802,78802,77257,0,0,77257,77257,74495,762,0,75257,75257,73757,0,0,73757,73757,73757,0,0,73757,73757,69479,0,0,69479,69479,
300,300,SCHOOL DEPARTMENT,S2066592,PERIODICALS,555011,0100-3-300-2415-06-6-59-2-555011,280,0,0,280,233.74,200,0,0,200,0,340,0,0,340,336.8,331,0,0,331,325.81,400,0,0,400,393.76,475,0,-67.25,407.75,407.75,475,0,0,475,472.68,615,0,0,615,596.38,615,0,0,615,613.38,640,0,0,640,452.55,470,0,0,470,457.55,470,0,0,470,462.5,700,0,0,700,676.58,1245,0,0,1245,1176.06,1025,0,0,1045,998.73,1015,0,0,1015,829.86,
300,300,SCHOOL DEPARTMENT,S2066592,LIBRARY EXPENSES,555039,0100-3-300-2415-06-6-59-2-555039,500,0,0,500,490.13,450,0,0,450,0,450,0,0,450,440.26,419,0,0,419,411.97,315,0,0,315,0,943,0,-0.65,942.35,942.35,1537,0,0,1537,1439.11,1788,0,0,1788,1663.1,1296,0,0,1296,1236.51,1238,0,0,1238,1077.46,1238,0,0,1238,1212.48,1222,0,0,1222,1194.06,1535,0,0,1535,1404.19,1550,0,0,1550,1541.85,1425,0,0,1425,1406.02,1460,0,0,1460,803.1,
300,300,SCHOOL DEPARTMENT,S2066592,LIBRARY BOOKS,555040,0100-3-300-2415-06-6-59-2-555040,5500,0,0,5500,5499.16,3900,0,0,3900,3849.87,3850,0,0,3850,3847.67,3800,0,0,3800,2706.38,4025,0,0,4025,3907,4000,0,-1000,3000,1758.66,6000,0,0,6000,4769.96,7000,0,0,7000,6843.26,0,0,0,0,0,11000,0,0,11000,10180.96,8000,0,0,8000,7977.56,9138,0,0,9138,9137.59,7000,0,0,7000,6999.88,7000,0,0,7000,5937.42,7200,0,0,7211.75,7073.89,10000,0,-3000,7000,6988.25,
300,300,SCHOOL DEPARTMENT,S2066602,AUDIO VISUAL SUPPLIES,555041,0100-3-300-2415-06-6-60-2-555041,102,0,0,102,99.95,98,0,0,98,96.75,100,0,0,100,0,225,0,0,225,224,237,0,0,237,0,319,0,0,319,0,300,0,0,300,20,500,0,0,500,174.37,8400,0,0,8400,8059.98,7950,0,0,7950,7808.09,7173,0,0,7173,7138.97,7173,0,0,7173,7161.4,5598,0,-990,7103.95,5552.3,8430,0,0,8430,3990.97,6335,0,0,6335,6301.59,0,6325,0,6325,6458.6,
300,300,SCHOOL DEPARTMENT,S2066602,ENGLISH AUDIO VISUAL SUPPLIES,555042,0100-3-300-2415-06-6-60-2-555042,0,0,0,0,0,0,0,0,0,0,0,0,0,0,0,0,0,0,0,0,0,0,0,0,0,150,0,0,150,0,556,0,0,556,519.79,794,0,0,794,655.84,200,0,0,200,0,200,0,0,200,0,250,0,0,250,0,336,0,0,336,0,0,0,0,0,0,0,925,0,925,925,1750,0,0,1750,0,6325,0,-6325,0,0,
300,300,SCHOOL DEPARTMENT,S2066602,WORLD LANGUAGE A.V. SUPPLIES,555043,0100-3-300-2415-06-6-60-2-555043,3083,0,0,3083,3038.43,2215,0,0,2215,2200.31,930,0,0,930,150,1680,0,0,1680,1640.85,0,0,0,0,0,680,0,-20.83,659.17,659.17,425,0,0,425,336.3,1483,0,0,1483,728.35,200,0,0,200,109.99,199,0,-199,0,0,189,0,0,189,135.42,376,265.53,0,641.53,500.93,567,0,0,567,407.87,567,0,0,567,529.97,141,0,0,141,0,300,0,0,300,0,
300,300,SCHOOL DEPARTMENT,S206661,COMPUTER SCIENCE SUPPLIES,555054,0100-3-300-2415-06-6-61-2-555054,0,0,0,0,0,0,0,0,0,0,0,0,0,0,0,0,0,0,0,0,0,0,0,0,0,0,0,0,0,0,0,0,0,0,0,0,0,0,0,0,0,0,0,0,0,0,0,0,0,0,0,0,0,0,0,0,0,0,0,0,0,0,0,0,0,0,0,0,0,0,0,0,0,0,0,0,0,0,0,0,
300,300,SCHOOL DEPARTMENT,S2066622,PHYSICAL ED SUPPLIES,555005,0100-3-300-2420-06-6-62-2-555005,3000,1180,0,4180,4176.87,7911,0,0,7911,7585.37,6924,0,0,6924,6919.76,6460,0,0,6460,6441.22,6412,0,0,6412,6260.06,2584,0,0,2584,2380.85,1500,0,0,1500,1443.84,1500,0,0,1500,1482.54,1500,1,0,1501,1500.55,5353,0,0,5353,5262.25,1981,0,0,1981,1987.24,1694,0,0,1694,1694.15,1231,200,0,1431,1430.78,2081,0,0,2081,2037.77,1500,0,0,1500,1494.41,3460,0,0,3460,2956.96,
300,300,SCHOOL DEPARTMENT,S2066632,DUES AND FEES,535020,0100-3-300-2420-06-6-63-2-535020,2500,0,-260,2240,500,1099,0,0,1099,749,1210,0,0,1210,0,800,0,0,800,450,2125,0,0,2125,0,1250,0,0,1250,950,790,0,0,790,270,790,0,0,790,0,980,0,0,980,608,450,0,-300,150,60,1296,0,0,1296,550,1265,0,0,1265,300,260,550,0,810,810,260,0,0,260,0,810,0,0,1076,924,810,0,0,810,0,
300,300,SCHOOL DEPARTMENT,S2066632,BAND/MUSIC SUPPLIES,555008,0100-3-300-2420-06-6-63-2-555008,5000,260,0,5260,4157.59,1290,0,0,1290,646.95,1179,0,0,1179,986.65,2421,0,0,2421,1587.8,1010,0,0,1010,711.36,1489,0,0,1489,855.23,2827,0,-839.25,2107.1,1947.94,2720,0,0,2826.99,930.25,2720,0,0,2720,1761.96,1845,300,0,2145,1251.58,1030,0,0,1030,215.03,3130,0,0,3130,2983.52,1980,0,0,1980,1747.78,2605,0,0,4931.55,826.87,5665,0,-1000,4960.87,1973.45,2675,0,0,2675,2199.48,
300,300,SCHOOL DEPARTMENT,S2066632,MUSIC MARCHING BAND,555028,0100-3-300-2420-06-6-63-2-555028,2070,0,0,2070,300,5859,0,0,5859,4587.26,6785,0,0,6785,4735.26,5233,0,0,5233,2160.96,6633,0,0,6633,5123.21,6814,0,-1000,5814,4487.76,3992,0,0,3992,3630.16,3450,0,0,3992.09,3647.53,3450,0,0,4295,1600.9,3625,0,0,3625,1241.43,4700,0,0,4700,0,2100,0,0,2100,1560,0,0,0,0,0,0,0,0,0,0,0,0,0,0,0,0,0,0,0,0,
300,300,SCHOOL DEPARTMENT,S2066632,NEW EQUIPMENT,555050,0100-3-300-2420-06-6-63-2-555050,3000,0,0,3000,2997.27,2434,0,0,2434,0,3220,0,0,3220,0,5632,0,0,5632,4351.39,1930,0,0,1930,1793.72,585,0,0,585,104.66,1250,0,0,1250,942.63,625,0,0,1250,190,625,0,0,625,0,2550,0,0,2550,1431.69,5950,0,0,5950,2690.7,3000,0,0,3000,2998.37,5240,0,-535,4705,1398.24,5990,0,0,5990,987.84,0,0,0,1710.58,0,5000,0,-1000,4000,2267.47,
300,300,SCHOOL DEPARTMENT,S2066651,SALARIES CLERICAL,511001,0100-3-300-2710-06-6-65-1-511001,238548,0,0,238548,112824.88,154209,0,0,154209,26266,146140,0,0,146140,145940,136260,3397,0,139657,172756.04,208978,0,0,208978,194018.01,204559,0,0,204559,205058.5,200107,0,0,200107,243146,208657,0,-2200,206457,233134,203031,578,0,203609,206135.84,232980,0,-11521,221459,221458.01,237014,0,0,237014,237014,232376,0,0,232376,232378,221864,2331,0,224195,224195,197242,21447,0,218689,214260.45,194994,0,0,194994,200426.5,152471,0,0,152471,104892,
300,300,SCHOOL DEPARTMENT,S2066651,SALARIES ASSISTANTS,511002,0100-3-300-2710-06-6-65-1-511002,38245,0,0,38245,22674.96,43897,0,0,43897,38864.72,41872,0,0,41872,38423.94,41872,0,0,41872,42014.7,41071,0,0,41071,39169,37445,0,0,37445,38091.9,35702,0,0,35702,36232.4,32969,0,0,32969,31639.19,29415,0,0,29415,29205.84,23705,0,0,23705,23408.7,29378,0,-7354,22024,23515.08,28531,0,0,28531,28435.94,27520,0,0,27520,26936.93,26834,0,0,26834,27199.12,26407,0,0,26407,26212.58,30252,178,0,30430,29385.96,
300,300,SCHOOL DEPARTMENT,S2066651,SALARIES STAFF,511003,0100-3-300-2710-06-6-65-1-511003,5144,0,0,5144,2578.67,5293,139,0,5432,5431.53,5273,0,0,5273,0,4959,4138,0,9097,6562.68,5343,0,0,5343,6420.54,5299,0,0,5299,5338.87,5194,0,0,5194,5314.65,5194,0,0,5194,5833.19,4679,0,0,4679,2176.17,3132,0,0,3132,3134.81,3071,0,0,3071,3042.16,3010,0,0,3010,1244.3,2865,70,0,2935,2889.06,2472,365,0,2837,1975.27,0,0,0,0,0,0,6639,0,6639,5365.87,
300,300,SCHOOL DEPARTMENT,S2066651,SOCIAL WORKERS SALARIES,511024,0100-3-300-2710-06-6-65-1-511024,84626,0,0,84626,40034.78,82866,0,0,82866,82866,75920,1676,0,77596,76637.99,35478,37252,0,72730,72730,34472,0,0,34472,34470.5,32252,0,0,32252,32251.5,30881,0,0,30881,30781,29492,0,0,29492,28357.69,0,0,0,0,0,0,0,0,0,0,0,0,0,0,0,0,0,0,0,0,0,0,0,0,0,0,0,0,0,0,0,0,0,0,0,0,0,0,0,0,
300,300,SCHOOL DEPARTMENT,S2066652,GUIDANCE SUPPLIES,555044,0100-3-300-2710-06-6-65-2-555044,6954,0,0,6954,1468.38,6670,0,0,6670,1992.72,6095,0,0,6095,5286.02,4370,0,0,4370,3683.22,4600,0,0,4600,2935.37,4600,0,-500,4100,702.55,280,0,0,280,277.07,5270,0,0,5270,4146.23,5270,0,0,5270,1911.75,5270,0,0,5270,1699.81,4000,0,0,4000,2589.56,4236,0,0,4671,1983.7,4229,0,0,4839,2483.51,6261,0,-925,5756,1598.07,3892,0,0,4237.98,2756.77,11977,0,-750,11227,9632.94,
300,300,SCHOOL DEPARTMENT,S2066652,LEASE OF GUIDANCE SOFTWARE,555045,0100-3-300-2710-06-6-65-2-555045,24800,0,0,24800,11654,23300,0,0,23300,13887.26,22100,0,-6145,15955,12481.38,25650,0,0,25650,20752.19,19650,0,0,19650,21714.94,10200,0,0,10200,11025,11960,0,0,11960,7730,7470,0,0,7470,7070,7470,0,0,7870,8398.96,15480,0,0,15480,15865,13800,0,0,13800,13743.42,12445,0,0,12445,11941.19,12285,0,0,12285,11410,12655,0,0,12655,11725,15125,0,0,15711.92,12100,3225,0,-254,2971,2384,
300,300,SCHOOL DEPARTMENT,S2066652,GUIDANCE TESTING MATERIALS,555046,0100-3-300-2710-06-6-65-2-555046,0,0,0,0,0,0,0,0,0,0,0,0,0,0,0,0,0,0,0,0,0,0,0,0,0,0,0,0,0,0,0,0,0,0,0,0,0,0,0,0,0,0,0,0,0,0,0,0,0,0,850,0,0,850,0,4350,0,0,4350,2674,4950,0,0,4950,3080,4850,0,0,4850,3630,4125,0,0,4125,3510,4375,0,-995,3380,3380,
300,300,SCHOOL DEPARTMENT,S2066711,SALARIES STAFF,511003,0100-3-300-2325-06-6-71-1-511003,3000,0,0,3000,900,3000,0,0,3000,0,3000,0,-1000,2000,1200,3000,0,0,3000,5145,7000,0,0,7000,35,7000,0,-5300,1700,1680,3000,3395,0,6395,4645,3000,0,0,3000,16457.5,3000,0,0,3000,21159.3,2000,0,0,2000,0,5125,0,0,5125,0,5000,0,0,5000,9231.28,0,0,0,0,22409.21,0,0,0,0,9907.32,0,0,0,0,0,0,0,0,0,0,
300,300,SCHOOL DEPARTMENT,S2066711,SALARIES TEMPORARY,512103,0100-3-300-2325-06-6-71-1-512103,27000,0,0,27000,24416.28,27000,0,0,27000,44935.63,27000,0,0,27000,26260.88,27000,0,0,27000,28980,30000,0,0,30000,15876.68,34000,0,-14213,19787,18413.44,38000,0,0,38000,22938.93,38000,0,0,38000,31765.48,38000,0,0,38000,58500.68,38000,0,0,38000,58805.79,33313,0,0,33313,40440.87,32500,0,0,32500,40014.64,28800,4800,0,33600,42475.3,28800,0,0,28800,30640.72,28800,0,0,28800,43169.47,28800,0,0,28800,24955.48,
300,300,SCHOOL DEPARTMENT,S2072061,PSYCHOLOGISTS SALARIES,511023,0100-3-300-2800-07-2-06-1-511023,85026,0,0,85026,42636.88,0,0,0,0,89887,0,0,0,0,0,40619,0,-40619,0,0,40719,0,0,40719,39511.5,38504,0,0,38504,39536.52,31975,5166,0,37141,37140.5,33430,0,0,33430,20278.27,31814,0,0,31814,31814.51,0,0,0,0,0,0,0,0,0,0,0,0,0,0,0,0,0,0,0,0,0,0,0,0,0,0,0,0,0,0,0,0,0,0,0,
300,300,SCHOOL DEPARTMENT,S2072081,SALARIES CLERICAL,511001,0100-3-300-2210-07-2-08-1-511001,214135,0,0,214135,112180.05,211254,0,0,211254,221115.01,208444,0,0,208444,202728.75,203360,0,0,203360,203360,157425,0,0,157425,156873.77,153500,1250,0,154750,154750,141500,0,0,141500,141500,155584,0,0,155584,161312.89,151352,0,0,151352,151352,189750,0,0,189750,190975,184650,0,0,184650,184650,179857,0,0,179857,180300,135500,0,-2650,132850,141147,97250,0,0,97250,98315.73,123691,0,0,123691,108759.1,103450,0,0,103450,103450,
300,300,SCHOOL DEPARTMENT,S2072081,SALARIES ASSISTANTS,511002,0100-3-300-2210-07-2-08-1-511002,57316,0,0,57316,34396.04,56167,0,0,56167,55952,53609,1341,0,54950,55353.96,51052,0,0,51052,51030.72,47606,0,0,47606,47627.28,51521,0,-1178,50343,43560.23,51521,0,0,51521,53735.58,50008,0,0,50008,49815.22,48942,0,0,48942,48792.91,47815,183,0,47998,48378.6,45756,0,0,45756,45762.1,44631,0,0,44631,44641.44,43117,0,0,43117,42952,42073,0,0,42073,42224.33,48031,0,0,48031,44070.16,41635,0,0,41635,41626.89,
300,300,SCHOOL DEPARTMENT,S2072081,SALARIES CLERICAL,511102,0100-3-300-2210-07-2-08-1-511102,8646,0,0,8646,4739.72,8444,0,0,8444,8738.31,8080,0,0,8080,9058,6916,760,0,7676,8697.09,6479,0,0,6479,7000.38,5933,1178,0,7111,7177.17,5715,4700,0,10415,10186.56,5387,0,0,5387,8352.46,0,4987,0,4987,6222.02,0,0,0,0,0,0,0,0,0,0,0,0,0,0,0,0,0,0,0,0,0,0,0,0,0,0,0,0,0,0,0,0,0,0,0,
300,300,SCHOOL DEPARTMENT,S2072081,OVERTIME,513002,0100-3-300-2210-07-2-08-1-513002,800,0,0,800,0,1000,0,0,1000,201.75,1000,0,-100,900,567.95,1051,0,0,1051,329.94,1051,0,0,1051,1069.64,1051,0,0,1051,0,1051,0,-751,300,0,1051,0,0,1051,449.06,3152,0,-2101,1051,105.15,3152,0,0,3152,68.73,3075,0,0,3075,2579.9,3000,0,0,3000,1266.77,0,3000,0,3000,3174.98,0,0,0,0,0,0,0,0,0,0,200,0,0,200,0,
300,300,SCHOOL DEPARTMENT,S2072082,SECRETARIAL CONTRACTED SERV,535010,0100-3-300-2210-07-2-08-2-535010,0,0,0,0,0,0,0,0,0,0,0,0,0,0,0,0,0,0,0,0,0,0,0,0,0,0,0,0,0,0,0,0,0,0,0,0,0,0,0,0,0,0,0,0,0,0,0,0,0,0,0,0,0,0,0,0,0,0,0,0,0,0,0,0,0,0,0,0,0,0,0,0,0,0,0,0,0,0,0,0,
300,300,SCHOOL DEPARTMENT,S2072082,OFFICE SUPPLIES/MATERIALS,545002,0100-3-300-2210-07-2-08-2-545002,6607,0,0,6607,2226.37,2243,0,0,2243,2235.57,1639,0,0,1639,1638.85,1794,0,0,1794,1759.88,1660,0,0,1660,1639.53,801,41.14,0,842.14,727.8,800,0,-458.86,341.14,74.37,800,0,0,800,758.37,1000,0,0,1000,678.8,1000,0,0,1000,572.7,1000,0,0,1000,627.77,1128,0,0,1128,1064.23,1250,0,0,1250,1193.53,750,0,0,912.55,536.65,1365,0,0,1365,1403.56,3000,0,0,3050.84,2000.07,
300,300,SCHOOL DEPARTMENT,S2072101,SALARIES CLERICAL,511001,0100-3-300-2305-07-2-10-1-511001,1093805,0,0,1093805,508880.11,1033468,33057,0,1066525,1052439.75,1033548,28509,0,1062057,1010605.7,967239,15204.5,0,982443.5,984335.76,1059734,0,0,1059734,993160.52,1125232,0,-86420,1038812,1031734.91,1083699,13363,-68319,1028743,1032508.22,1040436,0,-27000,1013436,1011222.56,974408,0,-5015,969393,967121.16,1294400,0,-9055,1285345,1287317.7,1256287,24164,0,1280451,1277292.16,1276014,0,0,1276014,1272472.9,1195904,0,-31864,1164040,1162320.72,851225,5992,0,857217,859395.29,883080,0,0,883080,827925.39,792143,0,-4250,787893,798368.63,
300,300,SCHOOL DEPARTMENT,S2072102,GENERAL SUPPLIES,545001,0100-3-300-2430-07-2-10-2-545001,17239,0,0,17239,12530.74,17754,0,0,17754,17475.57,16138,7000,0,23138,23348.98,10508,4870.69,0,15517,14829.03,11570,3586.2,0,15156.2,13949.78,11044,0,-2041.14,9002.86,5682.22,14000,458.86,0,14845.83,14086.45,14000,0,0,14454.02,10484,14000,0,0,14150,12031.94,18000,0,0,18000,13348.94,15000,0,0,15000,10640.98,10000,0,0,10000,7994.9,10000,0,0,10000,8507.88,8000,0,0,8054.49,7006.59,8900,0,0,8900,6387.08,8900,0,-1300,7600,2878.84,
300,300,SCHOOL DEPARTMENT,S2072111,AIDES,511103,0100-3-300-2330-07-2-11-1-511103,0,0,0,0,0,0,0,0,0,0,0,0,0,0,0,0,0,0,0,0,0,0,0,0,0,0,0,0,0,0,0,0,0,0,0,0,0,0,0,0,0,0,0,0,0,0,0,0,0,0,0,0,0,0,0,0,0,0,0,0,0,0,0,0,0,3656,0,0,3656,0,3506,0,0,3506,3819.08,10807,0,0,10807,0,
300,300,SCHOOL DEPARTMENT,S2072111,PARAPROFESSIONALS,511203,0100-3-300-2330-07-2-11-1-511203,0,0,0,0,0,0,0,0,0,0,9584,0,-9584,0,0,0,0,0,0,0,0,0,0,0,0,0,0,0,0,0,0,0,0,0,0,0,0,0,0,0,0,0,0,0,0,0,0,0,0,0,11690,0,-11690,0,0,0,0,0,0,0,0,0,0,0,0,0,0,0,0,3808.07,0,0,0,0,0,0,0,0,0,4499.09,
300,300,SCHOOL DEPARTMENT,S2072121,AIDES,511103,0100-3-300-2330-07-2-12-1-511103,0,0,0,0,0,0,0,0,0,0,0,0,0,0,0,0,0,0,0,0,0,0,0,0,0,0,0,0,0,0,0,0,0,0,0,0,0,0,0,0,0,0,0,0,0,0,8987,-8987,0,0,0,0,0,0,0,0,0,0,0,0,0,0,0,0,0,0,0,0,0,0,0,0,0,0,0,0,0,0,0,6012.85,
300,300,SCHOOL DEPARTMENT,S2072131,PARAPROFESSIONALS,511203,0100-3-300-2330-07-2-13-1-511203,0,0,0,0,0,0,0,0,0,0,0,0,0,0,0,0,0,0,0,0,0,0,0,0,0,0,0,0,0,0,0,0,0,0,0,0,0,0,0,0,0,0,0,0,0,11918,8987,0,20905,20489.62,0,11690,0,11690,11056.88,0,0,0,0,0,0,0,0,0,0,0,0,0,0,0,0,0,0,0,0,0,0,0,0,0,
300,300,SCHOOL DEPARTMENT,S2072282,WORKBOOKS,555001,0100-3-300-2415-07-2-28-2-555001,11000,0,-210,10790,0,14950,0,-14950,0,0,13800,0,-13800,0,0,10594,0,-4870.69,5723.31,5723.31,8763,0,-467.31,8295.69,8295.69,9252,0,0,9252,7039.49,12800,700,0,14188.66,11268.93,12100,0,0,12100,11136.67,0,0,0,0,0,14976,0,-3000,13366.21,11454.29,9060,0,0,9060,7654.49,9189,0,-2000,7189,7025.65,7499,0,-47,7452,6020.48,4700,300,0,5000,4627.5,5500,0,0,10569.4,4341.17,5795,0,-1645,4150,4149.54,
300,300,SCHOOL DEPARTMENT,S2072302,READING SUPPLIES,555004,0100-3-300-2415-07-2-30-2-555004,575,0,0,575,314.48,2990,0,0,2990,2755.17,690,0,0,690,577.41,675,0,0,675,661.86,431,0,-296.31,134.69,9774.41,1827,3501.58,0,5328.58,8389.82,2700,233,0,2933,1836.51,4065,0,0,4065,2698.63,0,0,0,0,0,1179,0,0,1179,0,0,0,0,0,0,0,2000,0,2000,1983.69,0,0,0,0,0,4700,0,0,4700,5178.88,5535,0,0,5535,4791.87,3100,0,0,3100,0,
300,300,SCHOOL DEPARTMENT,S2072312,MATH SUPPLIES,555003,0100-3-300-2415-07-2-31-2-555003,500,0,0,500,0,1265,0,0,1265,1263.24,1150,0,0,1150,1146.66,207,0,0,207,204.75,98,0,-98,0,0,0,0,0,0,0,0,200,0,200,0,0,0,0,0,0,1000,0,0,1000,0,0,0,0,0,0,650,0,0,650,0,638,0,0,638,0,450,0,0,450,0,450,0,-300,150,0,500,0,0,500,487.31,3000,0,-2532.32,467.68,446.83,
300,300,SCHOOL DEPARTMENT,S2072332,SCIENCE SUPPLIES,555002,0100-3-300-2420-07-2-33-2-555002,5290,0,0,5290,3173.01,6359,0,0,6359,6357.76,3335,0,0,3335,3329.04,3237,0,0,3237,3122.18,3817,0,-427.07,3389.93,3389.93,173,0,0,173,0,885,0,0,885,364.24,600,0,0,675,406.3,600,0,0,600,509.38,1280,0,0,1280,696.78,1280,0,0,1280,797.43,1280,0,0,1280,693.15,1280,0,0,1280,730.47,600,0,0,600,294.59,588,0,0,588,284.78,1345,0,-757,588,187.7,
300,300,SCHOOL DEPARTMENT,S2072422,TESTING MATERIALS,555007,0100-3-300-2415-07-2-42-2-555007,0,0,0,0,0,0,0,0,0,0,0,0,0,0,0,0,0,0,0,0,0,0,0,0,0,0,0,0,0,0,0,0,0,0,0,0,0,0,0,0,115,0,0,115,0,115,0,0,115,0,115,0,0,115,0,115,0,0,115,0,0,0,0,0,0,0,0,0,0,0,0,0,0,0,0,0,0,0,0,0,
300,300,SCHOOL DEPARTMENT,S2072432,TEXTBOOKS,555029,0100-3-300-2410-07-2-43-2-555029,0,0,0,0,0,0,0,0,0,0,0,0,0,0,0,0,0,0,0,0,0,0,0,0,0,0,0,0,0,0,0,0,0,0,0,0,0,0,0,0,0,0,0,0,0,0,0,0,0,0,0,0,0,0,0,0,0,0,0,0,2070,0,0,2070,0,500,0,0,785.32,0,950,0,0,950,645.35,2700,0,-2200,500,432.11,
300,300,SCHOOL DEPARTMENT,S2072522,CONTRACTED SERVICES,535006,0100-3-300-2451-07-2-52-2-535006,13900,210,0,14110,14110,1290,0,0,1290,745,2600,0,0,2600,2463.99,16654,0,0,16654,12823,14650,7475.86,-8921.91,13203.95,14703.95,4592,3375,0,7967,5186,2275,2098,0,4373,4372.45,6135,0,0,6135,0,0,0,0,0,0,0,0,0,0,0,0,0,0,0,0,0,0,0,0,0,0,0,0,0,0,0,0,0,0,0,0,0,0,0,0,0,0,0,0,0,
300,300,SCHOOL DEPARTMENT,S2072522,COMPUTER SUPPLIES,555038,0100-3-300-2451-07-2-52-2-555038,0,0,0,0,0,1035,0,0,1035,1014.84,2875,0,0,2875,2865.68,3222,0,0,3222,3170.66,2558,1539,0,4097,3934.56,1495,0,0,1495,1474.89,308,725,0,1033,0,0,0,0,0,0,0,0,0,0,0,0,0,0,0,0,0,0,0,0,0,0,0,0,0,0,0,0,0,0,0,0,0,0,0,0,0,0,0,0,0,0,0,0,0,0,
300,300,SCHOOL DEPARTMENT,S2072541,RETIREMENT/LONGEVITY STIPENDS,517000,0100-3-300-2305-07-2-54-1-517000,0,0,0,0,0,5000,0,0,5000,5000,10000,0,0,10000,10000,10000,0,0,10000,10000,10000,0,0,10000,10000,5000,0,0,5000,5000,5000,0,0,5000,5000,10000,0,0,10000,12500,15000,0,0,15000,20000,40000,0,0,40000,40000,30000,0,0,30000,30000,20000,0,0,20000,16012,10000,0,0,10000,10000,10000,0,0,10000,10000,5000,0,0,5000,5000,25000,0,0,25000,20000,
300,300,SCHOOL DEPARTMENT,S2072541,MASTER TEACHER STIPENDS,517005,0100-3-300-2305-07-2-54-1-517005,0,0,0,0,0,0,0,0,0,0,0,0,0,0,0,0,0,0,0,0,0,0,0,0,0,0,0,0,0,0,5000,0,-5000,0,0,0,0,0,0,0,0,0,0,0,0,0,0,0,0,0,0,0,0,0,0,0,0,0,0,0,0,0,0,0,0,0,0,0,0,0,0,0,0,0,0,0,0,0,0,0,
300,300,SCHOOL DEPARTMENT,S2072592,PERIODICALS,555011,0100-3-300-2415-07-2-59-2-555011,0,0,0,0,0,0,0,0,0,0,0,0,0,0,0,0,0,0,0,0,0,0,0,0,0,0,0,0,0,0,0,0,0,0,0,0,0,0,0,0,0,0,0,0,0,0,0,0,0,0,0,0,0,0,0,0,0,0,0,0,0,0,0,0,0,0,0,0,0,0,0,0,0,0,0,0,0,0,0,0,
300,300,SCHOOL DEPARTMENT,S2072592,LIBRARY EXPENSES,555039,0100-3-300-2415-07-2-59-2-555039,600,0,0,600,529.02,863,0,0,863,848.24,863,0,0,863,862.05,345,0,0,345,342.25,393,0,-393,0,0,173,0,0,173,108.83,200,0,0,200,191.67,345,0,0,345,0,345,0,0,345,0,345,0,0,345,0,0,0,0,0,0,345,0,0,345,0,300,0,0,300,0,0,0,0,0,0,373,0,0,373,309.14,288,0,0,288,273.99,
300,300,SCHOOL DEPARTMENT,S2072592,LIBRARY BOOKS,555040,0100-3-300-2415-07-2-59-2-555040,0,0,0,0,0,575,0,0,575,0,512,0,0,512,498.71,500,0,0,500,451.3,575,0,-575,0,0,498,0,0,498,403.97,500,0,0,500,464.46,1000,0,0,1000,998.12,1000,0,0,1156.33,141.34,1000,0,0,1000,843.67,0,0,0,0,0,0,0,0,0,0,0,0,0,0,0,0,0,0,0,0,0,0,0,0,0,0,0,0,0,0,
300,300,SCHOOL DEPARTMENT,S2072602,AUDIO VISUAL SUPPLIES,555041,0100-3-300-2415-07-2-60-2-555041,0,0,0,0,0,0,0,0,0,0,0,0,0,0,0,0,0,0,0,0,631,0,-55,576,576,805,0,0,805,743.71,0,0,0,0,0,0,0,0,0,0,200,0,0,200,0,3674,0,0,3674,1430,0,0,0,0,0,186,0,0,186,0,1940,0,0,1940,0,85,0,0,85,0,85,0,0,85,0,85,0,0,85,0,
300,300,SCHOOL DEPARTMENT,S2072622,PHYSICAL ED SUPPLIES,555005,0100-3-300-2420-07-2-62-2-555005,600,0,0,600,504.57,690,0,0,690,647.57,690,0,0,690,667.36,345,1526,0,1871,1830.31,0,0,0,0,0,345,0,0,345,0,300,0,0,300,0,200,0,0,200,0,200,0,0,200,0,250,0,0,250,126.8,100,0,0,100,0,360,0,0,360,231.81,311,0,0,311,0,125,0,0,125,123.4,296,0,0,296,162.42,352,0,-190,162,156.72,
300,300,SCHOOL DEPARTMENT,S2072632,BAND/MUSIC SUPPLIES,555008,0100-3-300-2420-07-2-63-2-555008,380,0,0,380,0,1150,0,0,1150,1117.41,1150,0,0,1150,1145.87,2013,0,-1300,713,643.63,1928,0,-1395.51,532.49,532.49,1295,0,0,1295,0,2000,0,0,2218.51,1419.74,2500,0,0,2500,2015.4,0,0,0,0,0,820,0,0,820,772.13,100,0,0,100,0,0,0,0,0,0,0,0,0,0,0,0,0,0,0,0,150,0,0,150,112.23,539,0,0,539,526.7,
300,300,SCHOOL DEPARTMENT,S2072651,SALARIES CLERICAL,511001,0100-3-300-2710-07-2-65-1-511001,0,0,0,0,0,0,0,0,0,0,0,0,0,0,0,0,19950,0,19950,19942.58,68734,0,0,68734,68734,66519,0,0,66519,66719,63750,0,0,63750,63750,33430,8113,0,41543,35512.97,36923,0,0,36923,36923,70911,0,0,70911,60498,81229,0,0,81229,81229,79640,0,0,79640,79640,76899,741,0,77640,77640,45684,0,0,45684,45684.09,45684,0,0,45684,38070,74706,0,0,74706,74706,
300,300,SCHOOL DEPARTMENT,S2072651,SOCIAL WORKERS SALARIES,511024,0100-3-300-2710-07-2-65-1-511024,67779,0,0,67779,41244.88,124958,0,0,124958,74781.08,62909,56618,0,119527,120726,62485,0,-2572,59913,59913,0,0,0,0,0,0,0,0,0,0,0,0,0,0,0,0,0,0,0,0,0,0,0,0,0,0,0,0,0,0,0,0,0,0,0,0,0,0,0,0,0,0,0,0,0,0,0,0,0,0,0,0,0,0,0,0,0,0,0,0,
300,300,SCHOOL DEPARTMENT,S2072652,GUIDANCE SUPPLIES,555044,0100-3-300-2710-07-2-65-2-555044,250,0,0,250,196.67,518,0,0,518,517.16,518,0,0,518,498.14,324,0,0,324,322.23,356,0,-256,100,94.89,288,0,0,288,282.58,200,0,0,200,0,1500,0,0,1500,429.84,1500,0,0,1640,431.3,1500,3000,0,4500,4026.66,150,0,0,150,135.85,320,0,0,320,203.39,256,0,0,256,238.99,0,0,0,0,0,0,0,0,0,0,350,0,-350,0,0,
300,300,SCHOOL DEPARTMENT,S2077591,SALARIES STAFF,511003,0100-3-300-2340-00-2-59-1-511003,47425,0,0,47425,22435.48,46547,0,0,46547,46545,44050,0,0,44050,42574.5,41851,0,-186.5,41664.5,41664,41660,0,0,41660,39333.13,0,39235,0,39235,39234.5,0,0,0,0,0,0,0,0,0,0,0,0,0,0,0,0,0,0,0,0,0,0,0,0,0,0,0,0,0,0,0,0,0,0,0,0,0,0,0,0,0,0,0,0,0,0,0,0,0,0,
300,300,SCHOOL DEPARTMENT,S2510042,GENERAL SUPPLIES,545001,0100-3-300-2110-51-0-04-2-545001,8000,0,0,8000,3108.54,8000,0,0,8000,4093.62,5000,0,0,5000,2642.91,5000,0,0,5000,3908.56,5000,0,0,5000,2948.02,5000,0,0,5000,4145.21,5000,0,0,5000,1435.86,5000,0,0,5000,4511.57,5000,0,0,5000,4416.04,5000,0,0,5000,2012.46,0,0,0,0,0,0,0,0,0,0,0,0,0,0,0,0,0,0,0,0,0,0,0,0,0,0,0,0,0,0,
300,300,SCHOOL DEPARTMENT,S2510061,SALARIES CLERICAL,511001,0100-3-300-2310-51-0-06-1-511001,165556,0,0,165556,81279.66,167853,0,0,167853,138476.91,168623,0,0,168623,142394.73,157722,6439,0,164161,164911,162736,0,0,162736,153532.77,160720,0,0,160720,160720,156359,0,0,156359,142997.82,0,109853,0,109853,107275.73,0,0,0,0,0,0,0,0,0,0,0,0,0,0,0,0,0,0,0,0,0,0,0,0,0,0,0,0,0,0,0,0,0,0,0,0,0,0,0,0,
300,300,SCHOOL DEPARTMENT,S2510162,GENERAL SUPPLIES,545001,0100-3-300-2110-51-0-16-2-545001,0,0,0,0,0,0,0,0,0,0,0,0,0,0,0,0,0,0,0,0,0,0,0,0,0,0,0,0,0,0,0,0,0,0,0,0,0,0,0,0,0,0,0,0,0,0,0,0,0,0,0,0,0,0,0,0,0,0,0,0,0,0,0,0,0,0,0,0,0,0,0,0,0,0,0,0,0,0,0,0,
300,300,SCHOOL DEPARTMENT,S2511051,SALARIES ASSISTANTS,511002,0100-3-300-2110-51-1-05-1-511002,65166,0,0,65166,39909.51,63845,0,0,63845,57350.8,56783,2550,0,59333,53631.29,60959,0,0,60959,68583.8,59168,0,0,59168,60636.54,56316,0,0,56316,59244.41,56316,0,0,56316,56689.64,54828,0,0,54828,54834.09,53497,0,0,53497,53579.58,52332,0,0,52332,52678.07,50869,0,0,50869,52439.13,49555,0,0,49555,46867.74,47810,56,0,47866,48106.08,32899,0,0,32899,36599.49,51873,0,0,51873,51220.75,55511,8,0,55519,55401.6,
300,300,SCHOOL DEPARTMENT,S2511052,GENERAL SUPPLIES,545001,0100-3-300-2110-51-1-05-2-545001,800,0,0,800,336.06,800,0,0,800,669.53,800,0,0,800,559.72,800,0,0,800,746.29,800,0,0,800,798.56,750,0,0,750,689.52,750,0,0,750,728.22,750,0,0,750,591.34,750,0,0,750,0,500,0,0,500,338.96,500,0,0,500,471.67,500,0,0,500,498.42,600,535,-600,535,533.27,600,0,0,600,591.06,600,0,0,600,476.8,600,0,0,600,559.39,
300,300,SCHOOL DEPARTMENT,S2511061,SALARIES CLERICAL,511001,0100-3-300-2320-51-1-06-1-511001,266157,0,-36000,230157,97907.36,255666,10240,0,265906,268307,267565,0,0,267565,255354.58,251391,5922,0,257313,258288,248551,0,-17428,231123,247376.83,236535,1264,0,237799,238384,227535,0,-14532,213003,221361.04,288319,0,-66853,221466,223329.89,330701,0,0,330701,330700,262868,33831,0,296699,293876.87,141120,51550,0,192670,192371,118956,0,0,118956,126917.37,129907,0,-8639,121268,113984.48,193127,0,-11262,181865,182228.91,99026,0,0,99026,121550,90585,0,0,90585,90581,
300,300,SCHOOL DEPARTMENT,S2511061,SALARIES STAFF,511003,0100-3-300-2320-51-1-06-1-511003,55525,0,0,55525,48689.25,41000,14525,0,55525,56749.54,41000,0,0,41000,42249.86,41000,3081.7,0,44081.7,30778.7,41000,0,-18183,22817,22816.1,42000,0,-1400,40600,31790.3,51000,0,-10843,40157,40156.03,75015,0,-31874,43141,43130.48,75015,0,0,75015,43678.26,73185,0,0,73185,39928.02,71750,0,0,71750,61525.85,70000,0,-6543.83,63456.17,63453.17,70000,0,0,70000,66085.08,70000,0,0,70000,67888.32,90000,0,-20000,70000,65057.26,70000,0,-16106.37,53893.63,50460.21,
300,300,SCHOOL DEPARTMENT,S2511061,ACE RESOURCE ROOM TEACHERS,511025,0100-3-300-2320-51-1-06-1-511025,87184,0,0,87184,41244.88,89494,0,-2560,86934,86934,75499,10079,0,85578,85578,62485,8259.89,0,70744.89,31049.15,57649,0,0,57649,60467,51191,0,0,51191,51191,110672,0,-62226,48446,48446,0,0,0,0,0,0,0,0,0,0,0,0,0,0,0,0,0,0,0,0,0,0,0,0,0,0,0,0,0,0,0,0,0,0,0,0,0,0,0,0,0,0,0,0,0,
300,300,SCHOOL DEPARTMENT,S2511062,COMPUTER CONTRACTED SERVICES,531067,0100-3-300-2110-51-1-06-2-531067,20758,0,0,20758,0,5400,1650,0,7050,26982.67,5400,0,0,5400,0,0,0,0,0,0,0,0,0,0,0,0,0,0,0,0,0,0,0,0,0,0,0,0,0,0,0,0,0,0,0,0,0,0,0,0,0,0,0,0,0,0,0,0,0,0,0,0,0,0,0,0,0,0,0,0,0,0,0,0,0,0,0,0,0,0,
300,300,SCHOOL DEPARTMENT,S2511062,COUNSEL/LEGAL EXPENSES,535004,0100-3-300-2110-51-1-06-2-535004,17000,0,0,17000,0,17000,0,-15665,1335,0,0,0,0,0,0,0,0,0,0,0,0,0,0,0,0,0,0,0,0,0,0,0,0,0,0,0,0,0,0,0,0,30208,0,30208,31175,0,0,0,0,0,0,0,0,0,0,0,0,0,0,0,0,0,0,0,0,0,0,0,0,0,0,0,0,0,0,0,0,0,0,0,
300,300,SCHOOL DEPARTMENT,S2511062,COLLABORATIVE ADMIN FEES,535007,0100-3-300-2110-51-1-06-2-535007,2500,0,0,2500,2500,2500,0,0,2500,2500,2500,0,0,2500,2500,2500,0,0,2500,2500,2500,0,0,2500,2500,2500,0,0,2500,2500,2500,0,0,2500,2500,2500,0,0,2500,2500,2500,0,0,2500,2500,2500,0,0,2500,2500,2500,0,0,2500,2500,2500,0,0,2500,2500,2500,0,0,2500,2500,2500,0,0,2500,2500,2500,0,0,2500,2500,2500,0,0,2500,2500,
300,300,SCHOOL DEPARTMENT,S2511062,GENERAL SUPPLIES,545001,0100-3-300-2110-51-1-06-2-545001,6000,0,0,6000,2230.86,6000,0,0,6000,2942.64,5000,0,0,5000,1177,0,0,0,0,0,0,0,0,0,0,0,0,0,0,0,0,0,0,0,0,0,0,0,0,0,0,0,0,0,0,0,0,0,0,0,0,0,0,0,0,0,0,0,0,0,0,0,0,0,0,0,0,0,0,0,0,0,0,0,0,0,0,0,0,0,
300,300,SCHOOL DEPARTMENT,S2511062,TRAVEL/OTHER EXPENSES,575001,0100-3-300-2110-51-1-06-2-575001,0,0,0,0,0,0,0,0,0,0,0,0,0,0,0,0,0,0,0,0,0,0,0,0,0,0,1400,0,1400,1389,0,0,0,0,0,0,0,0,0,0,0,0,0,0,0,0,0,0,0,0,0,0,0,0,0,0,0,0,0,0,5100,0,-5100,0,0,1000,0,0,1000,306,1000,0,0,1800,1740.54,1000,0,0,1000,200,
300,300,SCHOOL DEPARTMENT,S2511131,PARAPROFESSIONALS,511203,0100-3-300-2330-51-1-13-1-511203,66275,0,0,66275,39304.9,30271,3975,-5464,28782,-157886.32,26949,0,0,26949,22206.75,25810,499.4,0,26309.4,31863.77,24850,11750,0,36600,42545.91,46512,0,-22584,23928,23951.03,49790,0,0,49790,42923.76,0,0,0,0,0,0,0,0,0,0,0,0,0,0,0,0,0,0,0,0,0,0,0,0,0,0,0,0,0,0,0,0,0,0,0,0,0,0,0,0,0,0,0,0,0,
300,300,SCHOOL DEPARTMENT,S2511502,PROFESSIONAL DEVELOPMENT EXP,535015,0100-3-300-2357-51-1-50-2-535015,0,0,0,0,0,0,0,0,0,0,0,0,0,0,0,0,0,0,0,0,0,0,0,0,0,0,0,0,0,2150,5000,0,0,5000,4650,5000,0,0,5000,1374,5000,100,0,5100,5093,5000,0,0,5000,1149,5000,0,0,5000,1439,0,0,0,0,0,0,0,0,0,0,0,0,0,0,0,0,0,0,0,0,0,0,0,0,0,
300,300,SCHOOL DEPARTMENT,S2512052,SPEC ED INSTRUCTIONAL MATERIAL,555055,0100-3-300-2415-51-2-05-2-555055,1869,0,0,1869,0,1848,0,0,1848,1843.26,1702,800,0,2502,1294.48,854,0,0,854,853.02,1369,0,0,1369,1349.03,925,0,0,925,904.25,1600,0,0,2071,343.03,2100,0,0,2100,430.7,2100,0,0,2100,439.14,2340,0,0,2340,795.49,1800,0,0,1800,1567.71,2000,0,0,2000,583.76,2000,0,0,2000,1089.23,1500,0,-200,1300,1055.55,0,0,0,0,0,0,0,0,0,0,
300,300,SCHOOL DEPARTMENT,S2512061,SALARIES CLERICAL,511001,0100-3-300-2310-51-2-06-1-511001,555810,0,0,555810,275058.74,527406,9730,0,537136,538343.65,549972,0,0,549972,537722.7,510527,17657,0,528184,541721.05,516646,0,-17298,499348,488330.88,516832,0,-4036,512796,512796,457870,45716,0,503586,484200,456220,0,-8600,447620,447610,476585,0,0,476585,473861.09,517554,34529,0,552083,530926.08,518903,0,-21878,497025,497024,466550,0,0,466550,454842.77,419854,2838,-17173,405519,405519.38,377254,0,0,377254,379324.53,368397,0,0,368397,355165.69,370202,0,-27459,342743,342742,
300,300,SCHOOL DEPARTMENT,S2512121,AIDES,511103,0100-3-300-2330-51-2-12-1-511103,0,0,0,0,0,0,0,0,0,0,0,0,0,0,0,0,0,0,0,0,0,0,0,0,0,0,0,0,0,0,0,0,0,0,0,0,0,0,0,0,0,0,0,0,0,0,0,0,0,0,27229,0,-27229,0,0,27609,0,0,27609,23738.34,26183,898,0,27081,27232.95,46911,0,-22342,24569,24551.27,24901,0,0,24901,24891.93,23463,0,0,23463,25661.88,
300,300,SCHOOL DEPARTMENT,S2512131,PARAPROFESSIONALS,511203,0100-3-300-2330-51-2-13-1-511203,317143,0,0,317143,147302.01,293987,10463,0,304450,313996.49,244972,20000,0,264972,268188.47,285734,0,-25438.44,260295.56,250935.01,342946,0,-154133,188813,190710.71,325603,0,-16636,308967,299305.66,153661,13325,-5200,161786,180164.71,175727,0,0,175727,169423.54,134687,41040,0,175727,156078.16,188384,0,-3247,185137,185668.37,168754,29601,0,198355,178670.03,136744,0,0,136744,129686.38,165417,61714,0,227131,217298.04,186642,0,-51262,135380,124655.96,157555,0,0,157555,169784.34,170752,0,-10418,160334,156278.7,
300,300,SCHOOL DEPARTMENT,S2512711,SALARIES STAFF,511003,0100-3-300-2325-51-2-71-1-511003,0,0,0,0,0,0,0,0,0,0,0,0,0,0,0,0,0,0,0,0,0,0,0,0,0,0,0,0,0,0,0,0,0,0,0,0,0,0,0,0,0,0,0,0,0,0,0,0,0,0,0,0,0,0,350,0,0,0,0,0,7700,1000,0,8700,0,7700,0,0,7700,0,7700,0,0,7700,0,0,0,0,0,0,
300,300,SCHOOL DEPARTMENT,S2512711,SALARIES TEMPORARY,512103,0100-3-300-2325-51-2-71-1-512103,20000,0,0,20000,7407.56,20000,0,-10000,10000,11531.4,20000,0,-8000,12000,13457.45,20000,0,0,20000,10166.3,18500,0,0,18500,7710.95,13500,0,0,13500,6555.21,13500,73494,0,86994,62167.08,13500,0,0,13500,37536.68,13500,25000,0,38500,40532.76,22000,0,0,22000,38407.91,19885,0,0,19885,50338.99,19400,0,0,19400,24980.61,10000,2534,0,12534,25098.26,10000,0,0,10000,13001.99,10000,0,0,10000,11817.78,10000,0,0,10000,9942.45,
300,300,SCHOOL DEPARTMENT,S2512711,SALARIES TEMPORARY,512203,0100-3-300-2325-51-2-71-1-512203,0,0,0,0,0,0,0,0,0,0,0,0,0,0,0,0,0,0,0,0,0,0,0,0,373.36,0,0,0,0,0,0,0,0,0,93.34,0,0,0,0,0,0,3000,0,3000,373.36,0,0,0,0,70,0,0,0,0,750,0,0,0,0,1256.64,0,0,0,0,683.2,0,0,0,0,213.5,0,0,0,0,0,0,0,0,0,38.46,
300,300,SCHOOL DEPARTMENT,S2514052,SPEC ED INSTRUCTIONAL MATERIAL,555055,0100-3-300-2415-51-4-05-2-555055,614,0,0,614,386.04,2783,0,0,2783,792.12,3688,0,0,3688,2965.24,1666,0,0,1666,1176.51,1248,0,-598,650,649.93,1507,0,0,1507,1250.99,1551,408,-342,1617,1517.3,1865,0,0,1865,1614.63,1865,0,0,1865,1241.83,0,0,0,0,0,0,0,0,0,0,0,0,0,0,0,0,0,0,0,0,1500,0,0,1500,1493.74,0,0,0,0,0,0,0,0,0,0,
300,300,SCHOOL DEPARTMENT,S2514061,SALARIES CLERICAL,511001,0100-3-300-2310-51-4-06-1-511001,405104,0,0,405104,159547.46,377141,0,-4727,372414,288969.6,357407,4615,0,362022,366582.71,396140,0,-53628,342512,342512,362179,24600,0,386779,387233.07,291220,0,0,291220,291220,280982,0,0,280982,280982,330928,0,-60500,270428,270455,322173,0,-7714,314459,307620.44,0,0,0,0,0,0,0,0,0,0,0,0,0,0,0,0,0,0,0,0,174015,0,0,174015,179466,186009,0,0,186009,173969.11,173528,0,0,173528,173528.58,
300,300,SCHOOL DEPARTMENT,S2514121,AIDES,511103,0100-3-300-2330-51-4-12-1-511103,0,0,0,0,0,0,0,0,0,0,0,0,0,0,0,0,0,0,0,0,0,0,0,0,0,0,0,0,0,0,0,0,0,0,0,148075,0,-148075,0,0,123335,0,-123335,0,0,0,0,0,0,0,0,0,0,0,0,0,0,0,0,0,0,0,0,0,0,51557,25279,0,76836,70230.28,38330,0,0,38330,42586.43,47602,15583,0,63185,46849.75,
300,300,SCHOOL DEPARTMENT,S2514131,PARAPROFESSIONALS,511203,0100-3-300-2330-51-4-13-1-511203,312445,0,0,312445,130245.72,248846,5101,0,253947,352506.69,244753,0,-60000,184753,192692.72,231508,0,-13328.35,218179.65,256591.45,129681,102300,0,231981,231611.17,130986,0,-2489,128497,137338.04,141976,0,-34954,107022,110230.65,0,148075,-7000,141075,122049.35,0,148075,0,148075,146274.53,0,0,0,0,0,0,0,0,0,0,0,0,0,0,0,0,0,0,0,0,140332,0,-14236,126096,132406.92,115576,0,0,115576,132994.24,136699,0,-13745,122954,120706.3,
300,300,SCHOOL DEPARTMENT,S2514711,SALARIES STAFF,511003,0100-3-300-2325-51-4-71-1-511003,0,0,0,0,0,0,0,0,0,0,0,0,0,0,285,0,0,0,0,0,0,0,0,0,0,0,0,0,0,0,0,0,0,0,0,0,0,0,0,0,0,0,0,0,0,0,0,0,0,0,0,0,0,0,0,0,0,0,0,0,3100,0,-3100,0,0,3100,0,0,3100,0,3100,0,0,3100,0,3100,16935,0,20035,23633.74,
300,300,SCHOOL DEPARTMENT,S2514711,SALARIES TEMPORARY,512203,0100-3-300-2325-51-4-71-1-512203,15500,0,0,15500,9517.15,15500,10000,0,25500,33555.23,15500,0,0,15500,19540,15500,0,0,15500,13082,13500,0,0,13500,15141.39,13500,0,0,13500,9265.71,13500,0,0,13500,6505.03,13500,0,0,13500,41319.94,13500,15000,0,28500,34713.53,0,0,0,0,0,0,0,0,0,0,0,0,0,0,0,7600,0,-7600,0,0,7600,0,0,7600,9824.42,7600,0,0,7600,5730.03,7600,0,0,7600,12687.59,
300,300,SCHOOL DEPARTMENT,S2515052,SPEC ED INSTRUCTIONAL MATERIAL,555055,0100-3-300-2415-51-5-05-2-555055,2924,0,0,2924,2168.25,3890,0,0,3890,2229.24,2627,0,0,2627,2371.15,1225,0,0,1225,1022.4,3363,0,0,3363,3071.89,857,0,0,857,549.77,1655,0,0,1655,1238.57,1655,0,0,2014.83,1249.68,1655,0,0,1655,590.54,1000,0,0,1000,732.27,1000,0,0,1000,345.23,176,0,0,176,150.87,2000,0,0,2000,1021.75,1500,0,0,1500,1202.66,0,0,0,0,0,0,0,0,0,0,
300,300,SCHOOL DEPARTMENT,S2515061,SALARIES CLERICAL,511001,0100-3-300-2310-51-5-06-1-511001,458895,0,0,458895,199596.46,449451,0,-5086,444365,444365,422911,0,0,422911,437199,386808,20337,0,407145,407145,407895,0,-2046,405849,385406.15,376280,16783,0,393063,393062.99,366404,0,-14432,351972,335220.72,353507,1700,0,355207,353569.48,385391,0,-10027,375364,375364,417509,0,0,417509,433371.31,408586,0,-9645,398941,398941,404571,0,0,404571,390395,337899,0,-1530,336369,336369,284921,0,0,284921,284493,282676,0,0,282676,280496,268001,0,0,268001,268000,
300,300,SCHOOL DEPARTMENT,S2515121,AIDES,511103,0100-3-300-2330-51-5-12-1-511103,0,0,0,0,0,0,0,0,0,0,0,0,0,0,0,0,0,0,0,0,0,0,0,0,0,0,0,0,0,0,0,0,0,0,0,0,0,0,0,0,0,0,0,0,0,0,0,0,0,0,75276,0,-75276,0,0,71430,0,0,71430,69939.16,79875,836,-8070,72641,68452.15,25045,0,-9317,15728,15923.03,24583,0,0,24583,20920.58,13343,9177,0,22520,21614.36,
300,300,SCHOOL DEPARTMENT,S2515131,PARAPROFESSIONALS,511203,0100-3-300-2330-51-5-13-1-511203,323772,0,0,323772,204590.25,311657,0,-3119,308538,281867.46,249148,20000,0,269148,260470.44,267527,0,-18952.75,248574.25,254105.98,286383,0,0,286383,287118.61,254654,23848,0,278502,288120.48,216259,22420,0,238679,239851.83,169567,23000,0,192567,214030.36,180459,0,-10892,169567,160585.2,215350,0,-6378,208972,211242.26,132284,78551,0,210835,198916.89,93276,0,0,93276,92781.83,296185,0,-73548,222637,227355.5,180118,72095,0,252213,229981.19,127623,0,0,127623,172117.8,161227,0,-24426,136801,136804.77,
300,300,SCHOOL DEPARTMENT,S2515711,SALARIES STAFF,511003,0100-3-300-2325-51-5-71-1-511003,0,0,0,0,0,0,0,0,0,0,0,0,0,0,0,0,0,0,0,0,0,0,0,0,0,0,0,0,0,0,0,0,0,0,0,0,0,0,0,0,0,0,0,0,0,0,0,0,0,0,0,0,0,0,0,0,0,0,0,0,0,2100,0,2100,713.7,0,0,0,0,0,0,0,0,0,0,0,20326,0,20326,0,
300,300,SCHOOL DEPARTMENT,S2515711,SALARIES TEMPORARY,512203,0100-3-300-2325-51-5-71-1-512203,8500,0,0,8500,6405.05,8500,0,0,8500,6848.05,8500,0,0,8500,10447.5,8500,0,0,8500,7772.5,8500,0,0,8500,2741.74,13500,0,0,13500,1225.04,13500,0,0,13500,6683.22,13500,0,0,13500,3789.06,13500,0,-8000,5500,6137.28,20000,0,0,20000,33100.15,17425,0,0,17425,23583.85,17000,0,0,17000,10640.08,10000,2533,0,12533,20901.66,10000,0,0,10000,1249.45,10000,0,0,10000,515.19,10000,0,0,10000,4658.34,
300,300,SCHOOL DEPARTMENT,S2516052,SPEC ED INSTRUCTIONAL MATERIAL,555055,0100-3-300-2415-51-6-05-2-555055,1836,0,0,1836,0,3458,0,0,3458,3327.73,3073,0,0,3073,2977.3,2934,0,0,2934,193.31,2659,0,0,2659,1617.06,3273,0,0,3273,3078.27,2814,0,0,2926.69,1744.25,2311,0,0,2636.01,1397.08,2311,0,0,2442.12,1624.29,3361,0,0,3361,1945.89,596,1142,0,1738,0,0,0,0,0,3628.76,2000,0,-1178,822,821.55,1500,0,0,1500,980.96,0,0,0,0,0,0,0,0,0,0,
300,300,SCHOOL DEPARTMENT,S2516061,SALARIES CLERICAL,511001,0100-3-300-2310-51-6-06-1-511001,472165,0,0,472165,186167.59,385079,56033,0,441112,442424,470225,0,-5000,465225,382117,387222,59211.52,0,446433.52,454811.52,378784,14560,0,393344,379579.09,368998,0,0,368998,368998,347959,28067,-18442,357584,357584,409486,39000,0,448486,421252.32,395432,0,-10030,385402,380738.41,453309,7565,0,460874,460723.3,395881,43347,-19650,419578,419578,375620,0,0,375620,387047.14,151209,0,-691,150518,150518,195139,0,0,195139,192923,136613,0,0,136613,172521.52,243741,0,0,243741,295058.65,
300,300,SCHOOL DEPARTMENT,S2516121,AIDES,511103,0100-3-300-2330-51-6-12-1-511103,0,0,0,0,0,0,0,0,0,0,0,0,0,0,0,0,0,0,0,0,0,0,0,0,0,0,0,0,0,0,0,0,0,0,0,125144,0,-125144,0,0,143706,0,-143706,0,7592.82,121777,13821,-135598,0,0,64766,0,-64766,0,0,57563,0,0,57563,43284.54,41814,0,0,41814,41064.11,40532,0,0,40532,40832.96,52853,0,0,52853,39800.34,76822,0,-12889,63933,55849.36,
300,300,SCHOOL DEPARTMENT,S2516131,PARAPROFESSIONALS,511203,0100-3-300-2330-51-6-13-1-511203,347258,0,0,347258,165433.03,286180,0,-16420,269760,215465.01,248937,20000,0,268937,274513.56,161890,78953.45,0,240843.45,227509.36,136485,61500,0,197985,204209.87,109172,22837,0,132009,130563.74,99957,1862,0,101819,99699.72,0,125144,0,125144,136131.81,0,125144,0,125144,134525.75,0,145223,0,145223,141138.54,0,0,0,0,0,0,0,0,0,7534.26,107677,9083,-41386,75374,74014.86,18221,14264,0,32485,27032.37,30193,0,0,30193,37529.86,79369,0,-22003,57366,58690.9,
300,300,SCHOOL DEPARTMENT,S2516711,SALARIES STAFF,511003,0100-3-300-2325-51-6-71-1-511003,0,0,0,0,1585,0,0,0,0,0,0,9000,0,9000,11760,0,0,0,0,0,0,0,0,0,0,0,0,0,0,0,0,0,0,0,0,0,0,0,0,0,0,0,0,0,0,0,0,0,0,0,0,0,0,0,0,0,0,0,0,0,2000,0,0,2000,1730,2000,0,0,2000,0,2000,0,0,2000,0,2000,0,0,2000,0,
300,300,SCHOOL DEPARTMENT,S2516711,SALARIES TEMPORARY,512203,0100-3-300-2325-51-6-71-1-512203,8500,0,0,8500,7373.4,8500,0,0,8500,8210.4,8500,5000,0,13500,16675,8500,0,0,8500,11775,13500,0,0,13500,2216.68,13500,0,0,13500,1365.02,13500,15870,0,29370,17553.22,13500,0,0,13500,24025.8,13500,0,-7000,6500,6651.85,10698,0,0,10698,11974,14350,0,0,14350,16156.84,14000,0,0,14000,9367.39,10000,2533,0,12533,21462.68,10000,0,0,10000,8896.01,10000,0,0,10000,5896.07,10000,0,0,10000,15250.13,
300,300,SCHOOL DEPARTMENT,S2990101,PARAPROFESSIONALS,511203,0100-3-300-2310-99-0-10-1-511203,0,0,0,0,0,0,0,0,0,0,0,0,0,0,0,0,0,0,0,0,0,0,0,0,0,0,0,0,0,0,0,0,0,0,0,0,0,0,0,76,10000,0,0,10000,7035,10000,0,0,10000,9246,0,10000,0,10000,9908,0,0,0,0,0,0,0,0,0,0,0,0,0,0,0,0,0,0,0,0,0,0,0,0,0,
300,300,SCHOOL DEPARTMENT,S2990101,SALARIES TEMPORARY,512203,0100-3-300-2310-99-0-10-1-512203,0,0,0,0,0,0,0,0,0,0,0,0,0,0,0,0,0,0,0,0,0,0,0,0,0,0,0,0,0,0,0,0,0,0,0,0,0,0,0,0,1350,0,0,1350,0,1350,0,0,1350,0,0,1350,0,1350,0,0,0,0,0,0,0,0,0,0,0,0,0,0,0,0,0,0,0,0,0,0,0,0,0,0,
300,300,SCHOOL DEPARTMENT,S2991061,SALARIES CLERICAL,511001,0100-3-300-2800-99-1-06-1-511001,0,0,0,0,0,0,0,0,0,0,0,0,0,0,0,0,0,0,0,0,0,0,0,0,0,0,0,0,0,0,0,0,0,0,0,0,0,0,0,0,0,0,0,0,0,66550,0,0,66550,66550,76979,0,0,76979,76979,75477,0,0,75477,75477,38431,784,0,39215,39215,37715,0,0,37715,37715,37715,0,0,37715,37715,36363,0,0,36363,36371.87,
300,300,SCHOOL DEPARTMENT,S2991101,SALARIES CLERICAL,511001,0100-3-300-2305-99-1-10-1-511001,0,0,0,0,0,0,0,0,0,0,0,0,0,0,0,80000,0,-65239,14761,0,0,0,0,0,0,0,0,0,0,0,0,0,0,0,0,0,0,0,0,0,0,0,0,0,0,0,0,0,0,0,0,0,0,0,0,0,0,0,0,0,0,0,0,0,0,0,0,0,0,0,0,0,0,0,0,0,0,0,0,0,
300,300,SCHOOL DEPARTMENT,S2991102,CURRICULUM ADOPTION,555027,0100-3-300-2110-99-1-10-2-555027,35000,0,0,75541.94,48690.94,40000,0,0,41115.43,10639.12,40000,0,0,45857.05,43043.06,40000,0,0,40000,32769.54,40000,0,0,40000,32520.43,40000,0,0,40000,3101.22,40000,0,0,40000,33287.86,40000,0,0,40000,40000,0,0,0,26452.27,26436.22,27610,0,0,27610,299.14,11213,0,0,11213,3312.44,10000,0,-1505,28208.39,21818.83,45000,0,0,45000,20239.73,25000,0,0,25029.52,23849.16,10000,0,0,17360.41,11401.89,45000,0,-20000,28254.39,20329.28,
300,300,SCHOOL DEPARTMENT,S2991491,TRAINING,519003,0100-3-300-2357-99-1-49-1-519003,0,0,0,0,0,0,0,0,0,0,0,0,0,0,0,0,0,0,0,1000,0,0,0,0,1000,0,0,0,0,0,0,2925,0,2925,3170,0,0,0,0,0,0,0,0,0,0,6404,0,0,6404,0,6278,0,0,6278,5700,6125,0,0,6125,3500,6125,0,0,6125,5813,2000,0,0,2000,5844.29,0,0,0,0,0,0,0,0,0,6323.08,
300,300,SCHOOL DEPARTMENT,S2991502,PROFESSIONAL DEVELOPMENT EXP,535015,0100-3-300-2357-99-1-50-2-535015,35000,0,0,35000,12869.49,25000,0,0,25000,26495.16,25000,0,0,25000,15159.78,25000,6200,0,31200,48029.62,25000,0,0,25000,42681.06,25000,0,0,25000,24882.74,0,0,0,0,17496.82,0,0,0,0,0,0,0,0,0,0,0,0,0,0,3000,0,0,0,0,0,0,0,0,1295,1295,7500,0,0,7500,1700,11000,0,0,11000,7705.83,0,0,0,97.41,95.91,0,0,0,413.75,634.59,
300,300,SCHOOL DEPARTMENT,S2991502,COURSE REIMBURSEMENTS,535029,0100-3-300-2357-99-1-50-2-535029,0,0,0,0,2953.45,0,0,0,0,0,0,0,0,0,0,0,0,0,0,0,0,0,0,0,0,0,0,0,0,0,0,0,0,0,0,0,0,0,0,0,0,0,0,0,0,0,0,0,0,0,0,0,0,0,0,0,0,0,0,0,0,0,0,0,0,0,0,0,50,0,0,0,0,648,350,10000,0,0,28082,18157,
300,300,SCHOOL DEPARTMENT,S2991502,MEETINGS/SCHOOL,573100,0100-3-300-2357-99-1-50-2-573100,0,0,0,0,0,0,0,0,0,0,0,0,0,0,0,0,0,0,0,0,0,0,0,0,0,0,0,0,0,0,0,0,0,0,0,0,0,0,0,0,0,0,0,0,0,0,0,0,0,0,0,0,0,0,0,0,0,0,0,0,0,0,0,0,0,0,0,0,559,0,16000,0,0,16250,4654,6000,0,0,6000,2369,
300,300,SCHOOL DEPARTMENT,S2991522,CONTRACTED SERVICES,535006,0100-3-300-2451-99-1-52-2-535006,0,0,0,0,0,0,0,0,0,107.5,9531,0,0,9531,11592,5500,0,0,5957.89,5754.3,2000,0,0,2000,1542.11,4500,0,0,4500,4500,2000,0,0,2000,2011.49,2000,0,0,2123.17,1698.94,15230,0,0,15230,11446.16,14300,0,0,14300,8965.15,14300,0,0,14300,9245.6,15915,0,0,15915,13679,0,0,0,0,0,0,0,0,0,0,0,0,0,0,0,0,0,0,0,0,
300,300,SCHOOL DEPARTMENT,S2991522,COMPUTER SUPPLIES,555038,0100-3-300-2451-99-1-52-2-555038,19900,0,0,24120.16,3197.76,19900,0,0,19900,5128.8,10000,0,-2800,7200,8039.71,7500,0,0,9021.58,1478.8,12500,0,0,12500,10901.52,12000,0,0,12494.41,11394.93,12000,0,0,12000,11404.58,12000,0,0,12000,14172.21,12000,0,0,12000,13935.76,21200,0,-5209,15991,11773.56,8480,0,0,8480,0,48600,0,0,48600,44386.91,57204,7049.3,0,64348.24,64214.91,22000,0,0,22022.9,21498.11,22000,0,0,26306.35,22190.18,16000,0,0,19591.35,12951.38,
300,300,SCHOOL DEPARTMENT,S2991742,MTC OF GROUNDS SUPPLIES,545003,0100-3-300-4210-99-1-74-2-545003,20695,0,0,20695,20694.58,20695,0,0,21079.44,14186.11,18650,0,0,18650,8819.72,16400,0,-750,15650,9457.25,16400,0,0,16400,4106.05,7700,8006,0,15706,14909.09,7700,0,0,7700,6211.67,5925,0,0,5925,7688.98,5000,0,-1750,4353.24,4188.34,5000,0,-2312,2688,2687.7,5000,0,0,5000,2794.06,5000,0,-3000,2983.9,1749.8,5000,0,-2390.2,2609.8,1638.4,5000,0,0,5000,2179.93,3751,0,0,3751,3724.67,8751,0,0,8751,8196.03,
300,300,SCHOOL DEPARTMENT,S2991992,MILEAGE REIMBURSEMENT,571000,0100-3-300-2000-99-1-99-2-571000,1000,0,0,1000,0,1000,0,0,1000,800,1500,0,0,1500,904.82,3500,0,0,3500,1245.98,3500,0,0,3500,217.41,3000,0,0,3000,2096.45,4000,0,0,5408.31,3349.34,6500,0,0,6500,1450.69,6500,0,0,6500,2688.53,6500,0,0,6500,3446.99,1500,5000,0,6559.34,3516.33,1000,0,0,1000,1280.87,4000,535,-3786.28,748.72,753.16,2000,0,0,2015,624.77,2000,0,0,2730.71,1828.04,1000,300,0,1473.71,709.29,
300,300,SCHOOL DEPARTMENT,S2996101,SALARIES CLERICAL,511001,0100-3-300-2110-99-6-10-1-511001,125000,0,0,125000,74750.95,91960,0,0,91960,121000,70800,0,0,70800,120013.41,67589,0,0,67589,67589,0,0,0,0,0,0,0,0,0,0,0,0,0,0,0,0,0,0,0,0,0,0,0,0,0,0,0,0,0,0,0,0,0,0,0,0,0,0,0,0,0,0,0,0,0,63900,0,-16050,47850,40556.33,78510,0,0,78510,71220.98,86500,0,-625,85875,86500,
300,300,SCHOOL DEPARTMENT,S3042561,SALARIES STAFF,511003,0100-3-300-3200-04-2-56-1-511003,67779,0,0,67779,28403.67,65658,0,0,65658,65658,74454,0,-10452,64002,63954.07,67325,1683,0,69008,86145.51,57242,0,0,57242,65307,55224,0,0,55224,55224,52424,0,0,52424,52424,49935,0,0,49935,49935,47026,0,0,47026,47026,56693,0,-12480,44213,44214,68559,0,0,68559,68559,58129,0,0,58129,58129,55037,0,-908,54129,54129,47655,0,0,47655,47655,45936,0,0,45936,45936,43866,0,0,43866,43866,
300,300,SCHOOL DEPARTMENT,S3044561,SALARIES STAFF,511003,0100-3-300-3200-04-4-56-1-511003,68623,0,0,68623,30460.1,70743,0,0,70743,63070.64,67944,0,0,67944,67944,63291,1582,0,64873,79900.5,61275,0,0,61275,61275,59259,0,0,59259,59259,56396,0,0,56396,56396,53869,0,0,53869,53574.64,50887,0,0,50887,38095.73,0,0,0,0,0,0,0,0,0,0,0,0,0,0,0,0,0,0,0,0,42790,0,0,42790,42790,42149,0,0,42149,41514,40895,0,0,40895,40895,
300,300,SCHOOL DEPARTMENT,S3044701,TRAINING,519003,0100-3-300-3520-04-4-70-1-519003,0,0,0,0,0,0,0,0,0,0,0,0,0,0,0,0,0,0,0,0,0,0,0,0,0,0,0,0,0,0,0,0,0,0,0,0,0,0,0,0,0,0,0,0,0,0,0,0,0,0,0,0,0,0,0,0,0,0,0,0,0,0,0,0,0,0,0,0,0,0,0,0,0,0,0,1040,0,0,1040,1040,
300,300,SCHOOL DEPARTMENT,S3055561,SALARIES STAFF,511003,0100-3-300-3200-05-5-56-1-511003,64387,0,0,64387,31462.1,60149,0,0,60149,48746.72,63749,0,-11537,52212,60630.66,110450,6894,0,117344,83502.5,57242,0,0,57242,57242,55224,0,0,55224,55224,52424,0,0,52424,52424,49935,0,0,49935,49935,47026,0,0,47026,47026,47996,27570,0,75566,75566.52,45200,0,0,45200,45200,47952,0,0,47952,45947.03,46593,0,-461,46132,46132,50447,0,0,50447,52754.69,50447,0,0,50447,50447,48009,0,0,48009,48009,
300,300,SCHOOL DEPARTMENT,S3055701,TRAINING,519003,0100-3-300-3520-05-5-70-1-519003,0,0,0,0,0,0,0,0,0,0,0,0,0,0,0,0,0,0,0,0,0,0,0,0,0,0,0,0,0,0,0,0,0,0,0,0,0,0,0,0,0,0,0,0,0,0,0,0,0,0,0,0,0,0,0,0,0,0,0,0,0,0,0,0,0,0,0,0,0,0,0,0,0,0,0,781,0,0,781,781,
300,300,SCHOOL DEPARTMENT,S3066561,SALARIES STAFF,511003,0100-3-300-3200-06-6-56-1-511003,68623,0,0,68623,32464.1,66505,0,0,66505,56273.36,63749,0,0,63749,63749,59259,1481,0,60740,82171.25,73630,0,0,73630,57242,77430,0,0,77430,77430,76342,0,0,76342,76342,71824,0,0,71824,71823,68100,0,0,68100,68100,66765,0,0,66765,66765,65455,0,0,65455,65455,55220,0,0,55220,55220,53937,0,-534,53403,53403,51095,0,0,51095,51095,51095,0,0,51095,51095,48645,0,0,48645,48645,
300,300,SCHOOL DEPARTMENT,S3066671,ATHLETIC DIRECTOR'S SALARY,511026,0100-3-300-3510-06-6-67-1-511026,92455,0,0,92455,54932.93,90200,0,0,90200,90200,93700,0,-1934,91766,85977,93700,0,0,93700,103752.11,91800,0,0,91800,91800,82350,7650,0,90000,90000,49440,29022,0,78462,78461.52,0,0,0,0,0,0,0,0,0,0,0,0,0,0,0,0,0,0,0,0,0,0,0,0,0,0,0,0,0,0,0,0,0,0,0,0,0,0,0,0,0,0,0,0,0,
300,300,SCHOOL DEPARTMENT,S3066671,ATHLETIC TRAINER,511029,0100-3-300-3510-06-6-67-1-511029,63900,0,0,63900,29492.28,61726,0,0,61726,61800,53520,0,0,53520,51660,0,0,0,0,0,0,0,0,0,0,0,0,0,0,0,0,0,0,0,0,0,0,0,0,0,0,0,0,0,0,0,0,0,0,0,0,0,0,0,0,0,0,0,0,0,0,0,0,0,0,0,0,0,0,0,0,0,0,0,0,0,0,0,0,0,
300,300,SCHOOL DEPARTMENT,S3066671,COURT TIME,514003,0100-3-300-3510-06-6-67-1-514003,5000,0,0,5000,1887.53,5000,0,0,5000,5807,5000,0,0,5000,3705.42,5000,0,0,5000,5896.6,5000,0,0,5000,3929.23,3800,0,0,3800,9773.44,5000,0,0,5000,2967.37,5900,0,0,5900,3622.58,5000,0,0,5000,1592.11,5000,0,0,5000,138.53,5000,0,0,5000,5558.95,5000,0,0,5000,443.96,10616,0,0,10616,942.48,10616,0,-3592.35,7023.65,590.33,10616,0,0,10616,127.43,10601,0,0,10601,4443.82,
300,300,SCHOOL DEPARTMENT,S3066671,TRAINING,519003,0100-3-300-3510-06-6-67-1-519003,0,0,0,0,0,0,0,0,0,46733,98417,1934,0,100351,100350.5,139492,0,0,139492,145991.2,139492,0,0,139492,132156.4,141169.23,0,-7650,133519.23,91600.95,135636,0,-3282,132354,135259,163146,48000,0,211146,174570.46,131340,0,0,131340,130019.74,128328,0,0,128328,120645.7,121674,4138,0,125812,130661.32,99400,0,0,99400,114635.8,98295,305,-2656,95944,100574.8,98000,0,0,98000,71725.5,42135,0,0,42135,49939,88000,0,0,88000,105850,
300,300,SCHOOL DEPARTMENT,S3066671,P/R UNIFIED SPORTS COACH,519104,0100-3-300-3510-06-6-67-1-519104,3925,0,0,3925,0,3925,0,0,3925,0,3925,0,0,3925,1200,3925,0,0,3925,1200,3925,0,0,3925,1200,1425,0,0,1425,1200,0,0,0,0,0,0,0,0,0,0,0,0,0,0,0,0,0,0,0,0,0,0,0,0,0,0,0,0,0,0,0,0,0,0,0,0,0,0,0,0,0,0,0,0,0,0,0,0,0,0,
300,300,SCHOOL DEPARTMENT,S3066672,TRANSPORTATION,535016,0100-3-300-3510-06-6-67-2-535016,40000,0,0,40000,39530.5,40000,0,0,40000,40000,40000,0,0,40000,39880,45000,0,-3790,47022,54566.68,45000,0,0,45000,39703.01,38801,0,0,38801,38795,24975,12641,0,37616,36974.5,33500,0,0,33500,33500,23000,0,0,23000,23000,23000,0,0,23000,23000,21600,0,0,21600,21600,17000,0,0,17000,17000,14500,2775.5,0,17275.5,17275.5,21400,3592.35,0,24992.35,24992.35,25000,0,0,25256.28,25000,30000,0,0,30000,29743.72,
300,300,SCHOOL DEPARTMENT,S3066672,ATHLETIC INSURANCE,535018,0100-3-300-3510-06-6-67-2-535018,9000,0,0,9000,8980,9000,0,0,9000,8980,8000,890,0,8890,8980,5990,2990,0,8980,8980,5990,384,0,6374,9041.6,5990,0,0,5990,5990,5990,0,0,5990,5990,5990,0,0,5990,5990,5990,0,0,5990,5990,5990,0,0,5990,5990,6000,0,0,6000,5990,6000,0,0,6000,5990,5990,0,0,5990,5990,5980,10,0,5990,5990,5980,0,0,5980,6247,5980,0,0,5980,5980,
300,300,SCHOOL DEPARTMENT,S3066672,DUES AND FEES,535020,0100-3-300-3510-06-6-67-2-535020,20000,0,0,20000,18013,20000,0,0,20000,18486,20000,0,0,20000,22250.5,19504,0,0,19504,20789.23,20623,0,0,20623,19076.65,28694,0,0,28694,22289.75,12529,0,-3244,9285,11583,12499,0,0,12499,11170,10900,0,0,10900,10782,10500,0,0,10500,9751,10050,0,0,10050,9759,9650,0,0,9650,9519,9500,0,-229.92,9425.08,8970,8910,0,-10,8900,8143,8652,0,0,8666,7168.25,8000,0,0,8358,8971.8,
300,300,SCHOOL DEPARTMENT,S3066672,ATHLETIC OFFICIALS,535021,0100-3-300-3510-06-6-67-2-535021,0,0,0,0,0,0,0,0,0,0,0,0,0,0,1510,21200,0,0,21200,47967,21148,0,-2080,19068,30081.83,0,0,0,0,201,40117,167,0,40284,46531.38,39221,0,0,39401,40947.88,39496,0,0,39496,37879.48,38500,0,0,38500,38996.96,38500,0,0,38500,40469,36000,0,0,36000,39875.1,33000,3246,0,36246,35652,30930,4299,0,35229,35587,28896,0,0,28896,32048.5,28896,0,0,28896,26913.48,
300,300,SCHOOL DEPARTMENT,S3066672,ATHLETIC EXPENSES/SUPPLIES,555047,0100-3-300-3510-06-6-67-2-555047,0,0,0,0,0,0,0,0,0,0,0,0,0,0,0,0,800,0,2346.46,2380.18,0,0,0,0,30370.63,18498,0,-557.55,17940.45,11243.02,0,646,0,646,646.02,0,0,0,0,0,0,0,0,0,0,0,0,0,0,0,0,0,0,0,0,0,0,0,0,0,0,0,0,0,0,0,0,0,0,0,0,0,0,0,0,0,0,0,0,0,
300,300,SCHOOL DEPARTMENT,S3066672,EQUIPMENT RECONDITIONING,555048,0100-3-300-3510-06-6-67-2-555048,10000,0,0,10581.99,7189.85,10000,0,0,10000,7601.83,10000,0,-890,9110,1931.87,10000,0,0,10000,4896.81,10000,2080,0,12080,11475.42,10000,0,0,10000,5898.18,4500,0,-4500,0,4319.51,4500,0,0,4500,3364.35,4500,0,0,4500,156.67,3975,0,0,3975,5264.81,4800,0,0,4800,4361.01,4600,0,0,4600,3065.02,4400,454.42,-590,4264.42,4263.73,4200,0,0,4200,4095.51,4200,0,0,4200,2403.69,4200,0,0,4200,4584.26,
300,300,SCHOOL DEPARTMENT,S3066672,REPLACEMENT OF UNIFORMS,555049,0100-3-300-3510-06-6-67-2-555049,10000,0,0,10000,5936,10000,961,0,10961,10698.25,10000,0,0,10000,12672.37,10000,0,0,10000,1689.85,7872,0,0,7872,7872,10500,60,0,10560,10560,7872,0,-110,7762,7761.2,7872,0,0,7872,6236,8000,0,0,8000,7943.7,8000,0,0,8000,1668.56,8000,0,0,8000,4960,8000,0,0,8000,3786.8,1500,0,-1500,0,0,1800,0,-1800,0,0,6600,0,0,8595,7185,6600,0,-409,6221,1014.76,
300,300,SCHOOL DEPARTMENT,S3066672,NEW EQUIPMENT,555050,0100-3-300-3510-06-6-67-2-555050,6000,0,0,6000,2841.1,6000,0,-961,5039,5673.19,6000,0,0,6000,5648.01,6000,0,0,6000,5188.1,5850,0,0,5850,4113.71,4000,497.55,0,4497.55,4497.55,5850,0,-4787,1290.5,1290.86,5850,0,0,5850,3510,5850,0,0,5850,5150.54,7500,0,0,7500,5455.5,5000,0,0,5000,1440,5000,0,0,5000,0,1500,0,-1500,0,0,0,0,0,0,0,0,0,0,0,0,0,0,0,0,0,
300,300,SCHOOL DEPARTMENT,S3066681,TRAINING,519003,0100-3-300-3510-06-6-68-1-519003,0,0,0,0,0,0,0,0,0,0,0,0,0,0,0,0,0,0,0,0,0,0,0,0,0,0,0,0,0,0,0,0,0,0,0,0,0,0,0,0,0,0,0,0,0,0,0,0,0,0,0,0,0,0,0,0,0,0,0,0,0,0,0,0,0,7330,0,-2499,4831,4831,9800,0,0,9800,8455,9000,0,0,9000,8709,
300,300,SCHOOL DEPARTMENT,S3066701,TRAINING,519003,0100-3-300-3520-06-6-70-1-519003,0,0,0,0,3447,0,0,0,0,15295,12253,0,0,12253,15000.8,14253,0,0,14253,44201.72,14253,0,0,14253,25158.01,28500,0,0,28500,14433.01,9258,20874,0,30132,27923,4758,0,0,4758,17606,3758,0,0,3758,6357,5618,0,0,5618,5252,5508,0,0,5508,6441,5400,0,0,5400,5892,5400,0,0,5400,5047,5400,0,0,5400,5416,4724,0,0,4724,5091,5202,0,0,5202,4525,
300,300,SCHOOL DEPARTMENT,S3510692,GENERAL SUPPLIES,545001,0100-3-300-3300-51-0-69-2-545001,0,0,0,0,0,0,0,0,0,0,0,0,0,0,0,0,0,0,0,0,0,0,0,0,0,0,0,0,0,0,0,0,0,0,0,0,0,0,0,0,0,0,0,0,0,0,0,0,0,0,0,0,0,0,0,0,0,0,0,0,0,0,0,0,0,0,0,0,0,0,0,0,0,0,0,0,0,0,0,0,
300,300,SCHOOL DEPARTMENT,S3511062,GENERAL SUPPLIES,545001,0100-3-300-2430-51-1-06-2-545001,3000,0,0,3000,0,3000,0,0,3000,131.25,3000,0,0,4894.7,2269.67,3000,11600,0,14600,6213.44,3000,0,0,3000,880,5000,0,0,5000,2986.23,5000,0,0,5000,823.31,5000,0,0,5000,2093.96,5000,0,0,5000,1935.66,5000,0,0,5104.94,1921.03,6025,5000,0,11025,7775.12,0,0,0,0,0,1000,0,-1000,0,0,0,1286.89,0,1286.89,1238.48,5000,0,-730,4270,4211.53,7500,0,-2500,5025,4954.13,
300,300,SCHOOL DEPARTMENT,S3512061,SALARIES CLERICAL,511001,0100-3-300-2320-51-2-06-1-511001,138267,0,0,138267,46956.88,188547,0,-89492,99055,99055,185695,5071,0,190766,190766,174724,6888,0,181612,181612,169051,0,0,169051,165363.41,80892,77409,0,158301,134482.86,77309,0,0,77309,77309,115998,0,-10000,105998,92411.72,109164,4560,0,113724,113723,149415,0,0,149415,149415,146485,0,0,146485,146485,143613,0,0,143613,143613,81464,1656,0,83120,82658.48,67215,0,0,67215,67215,67215,0,0,67215,67215,65200,0,0,65200,65200,
300,300,SCHOOL DEPARTMENT,S3514061,SALARIES CLERICAL,511001,0100-3-300-2320-51-4-06-1-511001,75368,0,0,75368,46080,32829,64326,0,97155,97155,31455,0,0,31455,31454.28,29226,730.5,0,29956.5,29956.5,28218,0,0,28218,28217.5,74989,0,-49109,25880,23818.14,74282,0,0,74282,74281,71576,0,-2300,69276,69215,77360,0,-10274,67086,65931,0,0,0,0,0,0,0,0,0,0,0,0,0,0,0,0,0,0,0,0,49042,0,0,49042,50858,49042,0,0,49042,49042,49152,0,-2085,47067,47067.27,
300,300,SCHOOL DEPARTMENT,S3515061,SALARIES CLERICAL,511001,0100-3-300-2320-51-5-06-1-511001,33850,0,0,33850,40034.78,16415,0,-16415,0,0,15727,0,0,15727,15727.36,14613,365.25,0,14978.25,14978.25,14109,0,0,14109,14108.75,35277,0,-22337,12940,25879.07,33761,0,0,33761,33207.05,33255,0,0,33255,32443.5,41625,0,-10782,30843,30843.5,62744,0,0,62744,62744,59661,0,0,59661,59661,54492,0,0,54492,54492,53203,0,-527,52676,52676,29065,0,0,29065,29973,29065,0,0,29065,21124.08,27247,0,0,27247,27247,
300,300,SCHOOL DEPARTMENT,S3516061,SALARIES CLERICAL,511001,0100-3-300-2320-51-6-06-1-511001,33850,0,0,33850,0,16415,0,-16415,0,0,15727,0,0,15727,15727.36,14613,365.25,0,14978.25,14978.25,14109,0,0,14109,14108.75,35277,0,-22337,12940,25879.08,33761,0,0,33761,33207.05,33255,0,0,33255,32443.5,30017,826,0,30843,30843.5,34965,0,0,34965,34965,33353,0,0,33353,33353,31791,0,0,31791,31790.5,31190,0,-309,30881,30881,13493,0,-50,13443,13443,13443,0,0,13443,13493,13189,0,0,13189,13189.2,
300,300,SCHOOL DEPARTMENT,S3991061,HOME PARAPROFESSIONAL SALARIES,511018,0100-3-300-2330-99-1-06-1-511018,0,0,0,0,0,0,0,0,0,0,0,0,0,0,0,0,0,0,0,0,0,0,0,0,0,0,0,0,0,0,0,0,0,0,0,0,0,0,0,0,0,0,0,0,0,0,0,0,0,0,0,0,0,0,0,0,0,0,0,0,0,0,0,0,0,0,0,0,0,5041.51,0,0,0,0,1019.25,0,3393,0,3393,5050.5,
300,300,SCHOOL DEPARTMENT,S3991561,STIPENDS,519005,0100-3-300-3200-99-1-56-1-519005,2863,0,0,2863,1401.5,2863,0,0,2863,2957,2600,52,0,2652,3643.79,2600,0,0,2600,15882,2600,0,0,2600,2600,2600,0,0,2600,3600,1631,0,0,1631,2600,1631,0,0,1631,1664,1631,0,0,1631,1631,1599,0,0,1599,1599,1568,0,0,1568,1568,1537,0,0,1537,1537,1537,0,0,1537,1537,1537,0,0,1537,1537,1537,0,0,1537,1537,1515,0,0,1515,1515,
300,300,SCHOOL DEPARTMENT,S3991561,NURSE COORDINATOR STIPEND,519014,0100-3-300-3200-99-1-56-1-519014,0,0,0,0,0,0,0,0,0,0,0,0,0,0,0,0,0,0,0,0,0,0,0,0,0,0,0,0,0,0,0,0,0,0,0,0,0,0,0,0,0,0,0,0,0,0,0,0,0,0,0,0,0,0,0,0,0,0,0,0,0,0,0,0,0,0,0,0,0,0,0,0,0,0,0,0,0,0,0,0,
300,300,SCHOOL DEPARTMENT,S3991562,PURCHASE OF SERVICE,531006,0100-3-300-3200-99-1-56-2-531006,4315,0,0,4315,0,4315,0,0,4315,3525.9,0,0,0,459,5325,0,0,0,0,0,0,0,0,0,0,0,0,0,0,0,0,0,0,0,0,0,0,0,0,0,0,0,0,0,0,0,0,0,0,0,0,0,0,0,360.81,0,0,0,0,0,0,0,0,0,0,0,0,0,0,0,0,0,0,0,0,0,0,0,0,0,
300,300,SCHOOL DEPARTMENT,S3991562,SCHOOL PHYSICIAN STIPEND,535017,0100-3-300-3200-99-1-56-2-535017,3500,0,0,3500,3500,3500,0,0,3500,3500,3500,0,0,3500,3500,3500,0,0,3500,3500,3500,0,0,3500,3500,3500,0,0,3500,3500,3500,0,0,3500,3500,3500,0,0,3500,3500,3500,0,0,3500,3500,3588,0,-88,3500,3500,4000,0,0,4000,3500,3500,0,0,3500,3500,3500,0,0,3500,3500,3500,0,0,3500,3500,3500,0,0,3500,3500,3750,0,-250,3500,3500,
300,300,SCHOOL DEPARTMENT,S3991562,OFFICE SUPPLIES/MATERIALS,545002,0100-3-300-3200-99-1-56-2-545002,4300,0,0,4300,2108.33,4300,0,0,4300,4141.91,4300,0,0,4300,4298.56,4300,0,0,4300,4185.04,4255,0,0,4255,4182.34,4255,0,0,4255,2654.78,4260,0,-465,3872.9,3680.24,4260,0,0,4328.9,3717.35,4260,0,0,5551.22,5123.12,4172,88,0,4260,2968.78,4070,0,0,4070,2869.8,4070,0,0,4070,3981.74,4070,0,0,4070,3454.32,4300,0,0,4906.15,4097.47,4168,0,0,4462.23,3567.11,4168,0,0,4421.43,4179.46,
300,300,SCHOOL DEPARTMENT,S3991562,TRAVEL/OTHER EXPENSES,575001,0100-3-300-3200-99-1-56-2-575001,620,0,0,620,0,620,0,0,620,620,620,0,0,620,620,620,0,0,620,320,620,0,0,620,4560.25,620,0,0,620,620,155,465,0,620,620,155,0,0,155,155,155,0,0,155,155,150,0,0,150,150,150,0,0,150,150,150,0,0,150,150,150,0,0,150,150,150,0,0,150,150,150,0,0,150,150,150,0,0,150,0,
300,300,SCHOOL DEPARTMENT,S3991692,REGULAR TRANSPORTAION EXPENSES,535025,0100-3-300-3300-99-1-69-2-535025,907200,0,0,907200,362880,838800,28800,0,867600,917525,807975,0,0,807975,837900,769500,0,-26150,743350,727425,739800,0,0,833800,667775,720000,16380,0,736380,509040,696600,0,0,696600,696600,706500,0,0,706500,675000,612000,100000,-31623,680377,625500,527580,0,0,527580,527580,507920,0,0,507920,527580,476600,0,0,476600,467634,476600,31164,0,507764,507764,403200,0,0,403200,414450,424380,0,0,424380,450010.92,493020,0,-31000,464583.13,470434.16,
300,300,SCHOOL DEPARTMENT,S3991692,SPECIAL ED TRANSPORTATION,535026,0100-3-300-3300-99-1-69-2-535026,445328,0,0,445328,192609.54,335947,2890,0,338837,401402.22,329360,0,-3000,326360,320243.78,297843,0,-44500,253343,241390.18,380409,0,0,421521,260921.23,446658,0,0,446658,223350.26,417585,0,-3000,414807.79,322046.92,490000,0,-65000,425000,366183.51,489250,0,0,489250,360536.63,469046,4325,0,473371,460508.3,415488,0,0,415770.24,480818.53,395702,0,0,395702,444751.94,348060,72522.71,-2007.63,418813.87,440498.54,270000,0,0,270660,309765.9,300000,0,0,328258.77,267248.02,300000,0,-55000,249836.55,226875.91,
300,300,SCHOOL DEPARTMENT,S3991742,SEWERAGE DISPOSAL,521006,0100-3-300-4130-99-1-74-2-521006,34000,0,0,34000,13306.54,21992,0,0,21992,27338.19,21992,0,0,21992,25050.93,21992,0,0,21992,23049.29,21992,0,-6000,15992,12274.41,22702,0,-702,22000,20731.77,32500,0,-12499,20001,21511.25,32873,0,-450,32423,19076.8,27549,7451,0,35000,34882.78,29093,2000,0,31093,33043.6,29093,1852,0,30945,30944.3,25832,4950,0,30782,28379.8,25832,0,0,25832,25297.92,22840,0,0,22840,22809.6,22500,0,0,22500,21520.35,12700,8782.15,0,21482.15,20911.5,
300,300,SCHOOL DEPARTMENT,S3991742,ELECTRICITY CHARGES,521011,0100-3-300-4130-99-1-74-2-521011,230000,0,0,238968.95,156820.96,156457,3987.92,0,200359.13,262189.43,156457,0,-3700,169962.09,170089.55,156457,0,-7000,149945.79,150430.01,161580,0,-12000,155760.75,168700.64,181440,0,-26840,154600,163159.03,180400,0,-17879,166021.07,154384.9,193083,0,0,194159.48,168619.96,313154,0,-89786.56,248608.52,236085.6,243644,0,-38371,215038.16,187069.35,198691,0,-17300,182291,172267.28,199200,0,-15000,184200,180134.24,194850,1049,0,195899,198648.81,208000,0,0,210973.37,208766.96,228000,0,0,228000,217627.9,230000,0,-6000,224987.11,247835.81,
300,300,SCHOOL DEPARTMENT,S3991742,RUBBISH REMOVAL CHARGES,521013,0100-3-300-4130-99-1-74-2-521013,26000,0,0,26000,11019.75,22945,0,0,24690.25,22688.2,22945,0,0,24690.25,21083,21795,750,0,22545,20632.21,27795,0,0,27795,20515.71,21254,0,-792,20462,20084.5,21254,0,-2100,19154,19140.77,20692,0,0,20692,18462.94,19242,0,-788,24834,23391.25,19296,725,0,20021,18896.54,18766,0,0,18766,18522.19,17950,0,0,19365.5,2688.83,17950,0,-137.62,17812.38,16396.88,21520,0,0,21520,17755.96,19453,0,0,19453,16281.34,25710,0,-3770,21940,21553.27,
300,300,SCHOOL DEPARTMENT,S3991742,TELEPHONE CHARGES,521014,0100-3-300-4130-99-1-74-2-521014,14700,0,0,14700,4237.27,11904,296,0,13736,8422.51,11904,0,0,11911.46,9347.68,10224,0,0,10546.46,9980.74,10224,255.83,0,10968.06,10296.84,10620,0,-270,10350,9576.95,10620,0,-570,10194.8,10089.55,10620,0,-840,10328.71,10117.53,9840,500,0,10455.3,9840.13,12240,0,-2649,9770.78,9294,12240,0,-2333,10080.12,9305.89,12240,0,0,12288.35,11744.35,12240,0,-740,12351.03,12277.57,13800,0,0,15373.9,11244.93,22100,0,-400,23038.72,15739.31,20264,3944.25,0,24247.1,22386.55,
300,300,SCHOOL DEPARTMENT,S3991742,WATER CHARGES,523001,0100-3-300-4130-99-1-74-2-523001,28000,0,0,34361.64,28376.21,22755,5876.79,0,28631.79,25132.77,22755,245,0,23000,22491.66,22755,0,0,22755,22961.9,22755,0,-2797,19958,19123.19,21200,859,0,22059,23538.48,21200,1554,0,22754,22753.49,29650,0,-4000,25650,17689.78,14650,9350,0,24000,22296.07,15010,0,0,15010,15460.11,11350,0,0,11350,11276.89,11150,0,-663.85,10486.15,10486.15,11150,0,0,11150,10916.4,17808,0,0,17808,11295.29,17760,0,0,17760,11879.4,9620,3600,-1370.75,11849.25,11849.25,
300,300,SCHOOL DEPARTMENT,S3991742,TELEPHONE MTC/SYSTEM,535051,0100-3-300-4130-99-1-74-2-535051,1550,0,0,1550,32.5,1550,0,0,1550,0,1550,0,0,1550,1043.76,1850,0,0,1850,0,1850,0,0,1850,0,1850,365,0,2215,2214.5,1850,0,-1752,98,97.5,1850,0,-1100,750,0,1850,0,-1850,1532.5,1532.5,1850,0,0,1850,867.5,1850,0,-1220,630,629.75,1850,0,0,1850,1172.5,3000,0,-1724.15,1275.85,1274.5,1850,0,0,1850,350.45,1850,0,0,1850,1716,2950,0,-1352,1598,658.44,
300,300,SCHOOL DEPARTMENT,S3991802,SPECIAL DETAILS,512001,0100-3-300-3600-99-1-80-2-512001,0,0,0,0,0,0,0,0,0,0,0,0,0,0,0,0,0,0,0,0,0,0,0,0,0,0,0,0,0,0,0,0,0,0,0,0,0,0,0,0,0,0,0,0,0,0,0,0,0,0,0,0,0,0,0,0,0,0,0,0,0,0,0,0,0,0,0,0,0,0,0,0,0,0,0,0,0,0,0,0,
300,300,SCHOOL DEPARTMENT,S4011012,COUNSEL/LEGAL EXPENSES,535004,0100-3-300-1430-01-1-01-2-535004,28000,0,0,28975,12655,28000,0,0,31543.75,38561.25,45000,0,0,55006.25,36593.75,50000,14000,0,69560,54143.75,50000,0,0,55115,61655,50000,0,0,53520,56925,40000,0,0,41960,46310,40000,0,0,40000,77935,40000,0,0,40000,36926.25,25000,0,0,26050,63023.75,12000,15000,0,27000,31027.5,12000,0,0,12000,30712.75,50000,6724.1,-38460,18264.1,19664.21,10000,0,0,12612.5,26930,10000,6800,0,21137.5,16852.5,20000,0,-10000,10000,10452.5,
300,300,SCHOOL DEPARTMENT,S4011742,CONTRACTED SERVICES,535006,0100-3-300-4210-01-1-74-2-535006,26900,0,0,26900,11178,16900,0,0,16900,16815.3,16800,0,0,16800,14531.64,16000,0,0,16000,13745.88,2650,0,0,2650,19953.25,2650,5350,0,8000,45866.31,2650,7225,0,9875,18572.2,31450,0,-8450,27650,27381.8,12250,1000,0,15479.5,10779.5,2650,150,0,2800,2800,2650,0,-2650,0,0,0,0,0,0,0,0,0,0,0,0,3600,0,0,3600,3865,3600,0,0,3600,0,3600,0,-3600,3500,3500,
300,300,SCHOOL DEPARTMENT,S4044322,REPAIR OFFICE MACHINES,525003,0100-3-300-4230-04-4-32-2-525003,0,0,0,0,0,0,0,0,0,0,0,0,0,0,0,0,0,0,0,0,0,0,0,0,0,0,0,0,0,0,0,0,0,0,0,0,0,0,0,0,0,0,0,0,0,0,0,0,0,0,0,0,0,0,0,0,0,0,0,0,0,0,0,0,0,400,0,0,400,375,375,0,0,375,375,500,0,-125,375,375,
300,300,SCHOOL DEPARTMENT,S4044602,REPAIR AUDIO VISUAL EQUIPMENT,525002,0100-3-300-4230-04-4-60-2-525002,0,0,0,0,0,0,0,0,0,0,0,0,0,0,0,0,0,0,0,0,0,0,0,0,0,0,0,0,0,0,0,0,0,0,0,0,0,0,0,0,0,0,0,0,0,0,0,0,0,0,0,0,0,0,0,0,0,0,0,0,0,0,0,0,0,0,0,0,0,0,0,0,0,0,0,200,0,-200,0,0,
300,300,SCHOOL DEPARTMENT,S4044632,REPAIR OF MUSIC EQUIPMENT,525001,0100-3-300-4230-04-4-63-2-525001,0,0,0,0,0,0,0,0,0,0,0,0,0,0,0,0,0,0,0,0,0,0,0,0,0,0,0,0,0,0,1500,0,0,1500,0,0,0,0,0,0,0,0,0,0,0,0,0,0,0,0,0,0,0,0,0,0,0,0,0,0,0,0,0,0,0,240,0,0,240,0,300,0,0,300,300,300,0,0,300,85,
300,300,SCHOOL DEPARTMENT,S4044741,SALARIES STAFF,511003,0100-3-300-4110-04-4-74-1-511003,99829,0,0,99829,67297.64,123011,2196,0,125207,109884.77,117791,0,0,117791,124070.81,106349,6159.63,0,112508.63,112872.98,106109,0,0,106109,115477.23,105865,0,0,105865,103698.56,100732,0,0,100732,101490.45,94378,25900,0,120278,112803.27,98606,0,0,98606,94422.44,0,0,0,0,33441.09,0,0,0,0,5011.16,0,0,0,0,0,25259,0,-5919,19340,23075.65,73498,1415,0,74913,79293.1,73498,0,0,73498,73560.24,72253,0,0,72253,70978,
300,300,SCHOOL DEPARTMENT,S4044741,OVERTIME,513003,0100-3-300-4110-04-4-74-1-513003,6500,0,0,6500,1311.35,4000,6510,0,10510,7495.53,4000,1200,0,5200,5303.51,4000,0,0,4000,3880.82,4000,0,0,4000,2840.38,4000,0,0,4000,2397.98,4000,0,0,4000,1869.79,0,4000,0,4000,2743.18,0,0,0,0,2106.41,0,0,0,0,0,0,0,0,0,1548.42,0,0,0,0,304.41,0,0,0,0,0,0,0,0,0,0,0,0,0,0,5418.33,0,0,0,0,4080.95,
300,300,SCHOOL DEPARTMENT,S4055382,REPAIR FAM/CONS SCIENCE EQUIP,525004,0100-3-300-4230-05-5-38-2-525004,0,0,0,0,0,0,0,0,0,0,0,0,0,0,0,0,0,0,0,0,0,0,0,0,0,0,0,0,0,0,0,0,0,0,0,0,0,0,0,0,0,0,0,0,0,0,0,0,0,0,0,0,0,0,0,0,0,0,0,0,0,95.22,0,95.22,45.95,0,0,0,0,0,0,0,0,0,0,0,0,0,0,0,
300,300,SCHOOL DEPARTMENT,S4055602,REPAIR AUDIO VISUAL EQUIPMENT,525002,0100-3-300-4230-05-5-60-2-525002,0,0,0,0,0,0,0,0,0,0,0,0,0,0,0,0,0,0,0,0,0,0,0,0,0,0,0,0,0,0,0,0,0,0,0,0,0,0,0,0,100,0,0,100,0,100,0,0,100,0,100,0,0,100,0,100,0,0,100,0,100,0,-95.22,4.78,0,250,0,0,250,0,0,0,0,0,0,400,0,0,400,0,
300,300,SCHOOL DEPARTMENT,S4055632,REPAIR OF MUSIC EQUIPMENT,525001,0100-3-300-4230-05-5-63-2-525001,1750,0,0,1750,1718,1500,0,0,1500,644,1500,0,0,1500,450,1800,0,0,1800,1667.91,1800,0,0,1800,0,1800,0,0,1800,700,0,0,0,0,0,0,0,0,0,0,815,0,0,815,814.95,690,0,0,690,462.75,400,0,0,400,120.75,400,0,0,400,340,640,0,0,640,0,400,0,0,480,0,400,0,0,400,315,400,0,0,485,190,
300,300,SCHOOL DEPARTMENT,S4055741,SALARIES STAFF,511003,0100-3-300-4110-05-5-74-1-511003,116902,0,0,116902,54461.76,137433,660.82,0,138093.82,111460.52,138515,0,0,138515,141701.61,128572,3836.76,0,132408.76,135596.9,146268,0,0,146268,129547.63,142979,0,0,142979,127090.2,123883,0,0,123883,122291.6,105679,18800,0,124479,115304.5,115258,0,-14068,101190,95263.04,93751,0,-1615,92136,91471.96,97405,6429,0,103834,92491.26,94221,0,0,94221,93084.1,85099,6419,0,91518,91297.25,90560,1190,0,91750,97839.13,90370,0,0,90370,90783.02,87888,0,0,87888,89244.31,
300,300,SCHOOL DEPARTMENT,S4055741,OVERTIME,513003,0100-3-300-4110-05-5-74-1-513003,6500,0,0,6500,2374.39,6500,2500,0,9000,8872.19,6500,0,0,6500,3673.33,6500,6500,0,13000,13417.57,6500,0,0,6500,9074.08,6500,0,0,6500,5253.41,6500,4200,0,10700,9500.36,0,7200,0,7200,13213.81,0,0,0,0,6538.78,0,0,0,0,4904.05,0,0,0,0,5108.47,0,0,0,0,3873.43,0,0,0,0,0,0,0,0,0,0,0,0,0,0,9165.18,0,0,0,0,4087.61,
300,300,SCHOOL DEPARTMENT,S4066322,REPAIR OFFICE MACHINES,525003,0100-3-300-4230-06-6-32-2-525003,0,0,0,0,0,0,0,0,0,0,0,0,0,0,0,0,0,0,0,0,0,0,0,0,0,0,0,0,0,0,0,0,0,0,0,0,0,0,0,0,0,0,0,0,0,0,0,0,0,0,0,0,0,0,0,0,0,0,0,0,0,0,0,0,0,0,0,0,0,0,0,0,0,0,0,0,0,0,0,0,
300,300,SCHOOL DEPARTMENT,S4066332,REPAIR SCIENCE EQUIPMENT,525005,0100-3-300-4230-06-6-33-2-525005,1100,0,0,1100,0,0,0,0,0,0,800,0,0,800,635.76,0,0,0,0,0,400,0,0,400,400,0,0,0,0,0,400,0,0,400,400,0,0,0,0,0,400,0,0,400,0,400,0,0,400,0,400,0,0,400,400,200,0,0,200,0,250,0,0,250,0,100,0,0,100,0,1000,0,0,1960,193,960,0,0,960,0,
300,300,SCHOOL DEPARTMENT,S4066402,INDUSTRIAL ARTS MTC EQUIPMENT,525006,0100-3-300-4230-06-6-40-2-525006,0,0,0,0,0,0,0,0,0,0,0,0,0,0,0,0,0,0,0,0,0,0,0,0,0,500,0,0,500,0,0,0,0,0,0,0,0,0,0,0,200,0,0,200,203.4,200,0,0,200,0,0,0,0,0,0,0,0,0,0,0,1000,0,0,1000,939,1000,0,0,1000,871.55,2000,0,0,2428.32,1999.2,1000,0,0,1000,491.1,
300,300,SCHOOL DEPARTMENT,S4066602,REPAIR AUDIO VISUAL EQUIPMENT,525002,0100-3-300-4230-06-6-60-2-525002,0,0,0,0,0,0,0,0,0,0,0,0,0,0,0,0,0,0,0,0,0,0,0,0,0,0,0,0,0,0,0,0,0,0,0,0,0,0,0,0,0,0,0,0,0,0,0,0,0,0,0,0,0,0,0,0,0,0,0,0,0,0,0,0,0,0,0,0,0,0,1630,0,0,1630,1249.06,2680,0,0,2680,1106.68,
300,300,SCHOOL DEPARTMENT,S4066622,REPAIR PHYSICAL ED EQUIPMENT,525010,0100-3-300-4230-06-6-62-2-525010,0,0,0,0,0,1000,0,0,1000,1000,700,0,0,700,0,0,0,0,0,0,500,0,0,500,0,500,0,0,500,500,500,0,0,500,0,500,0,0,500,0,0,0,0,0,0,0,0,0,0,0,1000,0,0,1000,824.84,500,0,0,500,169,850,0,0,850,634,0,0,0,0,0,0,0,0,0,0,0,0,0,0,0,
300,300,SCHOOL DEPARTMENT,S4066632,REPAIR OF MUSIC EQUIPMENT,525001,0100-3-300-4230-06-6-63-2-525001,3500,0,0,3500,1012,3625,0,0,3625,2322,3750,0,0,3750,1850,1500,0,0,1500,750,1400,0,0,1400,0,1600,0,0,1600,300,800,0,0,800,1650,0,0,0,662.8,150,1750,0,0,1750,988.6,1750,0,0,1750,624.9,2650,0,0,2650,900.6,1425,0,0,1425,649.93,1125,0,0,1125,555.49,1425,0,0,2425,360,1090,1000,0,2490,653.09,1010,0,0,1010,360,
300,300,SCHOOL DEPARTMENT,S4066741,SALARIES STAFF,511003,0100-3-300-4110-06-6-74-1-511003,136888,0,0,136888,54086.82,137433,660.82,0,138093.82,113995.68,138515,0,0,138515,141754.41,128572,3836.76,0,132408.76,136594.84,146268,0,0,146268,131660.43,142979,0,0,142979,127090.2,123883,0,0,123883,125380.61,105679,17000,0,122679,115304.5,115258,0,-14068,101190,95263.09,120112,17876,0,137988,126463.98,116928,0,0,116928,120950.1,114161,0,0,114161,114109.8,169011,0,-20142,148869,121985.36,119068,0,-1414,117654,114006.82,119068,0,0,119068,129301.46,102406,0,0,102406,103754.86,
300,300,SCHOOL DEPARTMENT,S4066741,OVERTIME,513003,0100-3-300-4110-06-6-74-1-513003,6500,0,0,6500,2374.48,6500,2500,0,9000,8872.44,6500,0,0,6500,3673.73,6500,6500,0,13000,13418.02,6500,0,0,6500,9243.27,6500,0,0,6500,5253.68,6500,4200,0,10700,9500.68,0,7200,0,7200,13213.81,0,0,0,0,6813.78,0,0,0,0,4669,0,0,0,0,2189.68,0,0,0,0,2595.61,0,0,0,0,0,0,0,0,0,0,0,0,0,0,930.24,0,0,0,0,1617.89,
300,300,SCHOOL DEPARTMENT,S4072322,REPAIR OFFICE MACHINES,525003,0100-3-300-4230-07-2-32-2-525003,1058,0,0,2163,1656.76,748,0,0,748,520.46,748,0,-257,491,491,690,0,0,690,514.6,550,34,0,584,584,600,0,0,600,0,550,0,0,610.06,0,600,0,0,600,539.94,850,0,0,1349.2,1018.37,850,0,0,1330,480,480,0,0,480,0,850,0,0,850,850,850,0,0,850,494.87,450,0,0,450,458.22,450,0,0,450,0,450,32.32,0,482.32,482.32,
300,300,SCHOOL DEPARTMENT,S4072602,REPAIR AUDIO VISUAL EQUIPMENT,525002,0100-3-300-4230-07-2-60-2-525002,0,0,0,0,0,0,0,0,0,0,0,0,0,0,0,0,0,0,0,0,631,40,0,671,671,0,0,0,0,0,0,0,0,0,0,0,0,0,0,0,0,0,0,0,0,0,0,0,0,0,0,0,0,0,0,75,0,0,75,0,75,0,0,75,0,75,0,0,75,0,75,0,0,75,0,75,0,0,75,66.19,
300,300,SCHOOL DEPARTMENT,S4072632,REPAIR OF MUSIC EQUIPMENT,525001,0100-3-300-4230-07-2-63-2-525001,0,0,0,0,0,230,0,0,230,0,230,0,-230,0,0,345,0,-226,119,119,300,0,-300,0,0,200,0,0,200,141.05,100,0,-100,0,0,150,0,0,150,0,150,0,0,150,0,150,0,0,150,0,0,0,0,0,0,0,0,0,0,0,0,0,0,0,0,25,0,0,25,0,0,0,0,0,0,0,0,0,0,0,
300,300,SCHOOL DEPARTMENT,S4072741,SALARIES STAFF,511003,0100-3-300-4110-07-2-74-1-511003,151566,0,0,151566,49925.1,110326,7873.35,0,118199.35,105761.66,116277,0,0,116277,111637.95,109741,6316.23,-6000,110057.23,107353.23,106474,0,0,106474,107341.76,106074,0,0,106074,105805.38,99845,0,-2265,97580,98452.49,110246,0,-20100,90146,88714.35,93229,0,0,93229,88413.44,90202,0,-622,89580,84749.08,96205,9746,0,105951,88264,93020,0,0,93020,91857.85,83938,6419,0,90357,89754.38,87592,1108,0,88700,93315.13,87592,0,0,87592,88534.65,83456,0,0,83456,85123.55,
300,300,SCHOOL DEPARTMENT,S4072741,OVERTIME,513003,0100-3-300-4110-07-2-74-1-513003,6500,0,0,6500,2630.09,6500,0,-3510,2990,3115,6500,0,0,6500,4384.08,6500,0,0,6500,5565.31,6500,0,0,6500,2090.22,6500,0,0,6500,1895.12,6500,350,0,6850,6997.51,0,7000,0,7000,8985.66,0,0,0,0,7186.76,0,0,0,0,5278.74,0,0,0,0,9344.12,0,0,0,0,5818.06,0,0,0,0,0,0,0,0,0,0,0,0,0,0,4361.63,0,0,0,0,4871.19,
300,300,SCHOOL DEPARTMENT,S4491522,CONTRACTED SERVICES,535006,0100-3-300-4450-99-1-52-2-535006,0,0,0,0,0,0,0,0,0,0,0,0,0,0,0,0,0,0,0,0,2500,0,0,2500,25747.35,4000,0,0,4000,3088.26,7400,0,0,7400,1124.27,7400,0,0,7400,7400,7400,0,0,7400,7399,0,0,0,0,0,0,0,0,0,0,6192,0,0,6192,3634.18,0,0,0,0,0,0,0,0,0,0,0,0,0,0,0,0,0,0,0,0,
300,300,SCHOOL DEPARTMENT,S4511062,SPECIAL ED REPAIR OF EQUIP,525007,0100-3-300-4230-51-1-06-2-525007,0,0,0,0,0,0,0,0,0,0,0,0,0,0,0,0,0,0,0,0,0,0,0,0,0,0,0,0,0,0,0,0,0,0,0,0,0,0,0,0,0,0,0,0,0,0,0,0,0,0,0,0,0,0,0,0,0,0,0,0,0,0,0,0,0,0,0,0,0,0,0,0,0,0,0,0,0,0,0,0,
300,300,SCHOOL DEPARTMENT,S4990522,CONTRACTED SERVICES,535006,0100-3-300-4400-99-1-52-2-535006,21832,0,0,21832,26425.68,21832,0,0,21832,18828.5,20200,7194,0,27394,35531.08,22900,6718,0,50003.36,38788.08,17197,0,0,17197,23138.82,28471,0,0,28471,24797.82,30512,0,0,30632.22,21452.66,30512,0,0,30801.17,35985.91,30201,0,0,33386,29785.85,9989,0,0,9989,6534,12289,0,0,12289,9288.13,30976,0,0,31066,29214.4,38716,14857.04,0,53573.04,53007.75,0,0,0,0,0,0,0,0,0,0,0,0,0,0,0,
300,300,SCHOOL DEPARTMENT,S4990522,GENERAL SUPPLIES,545001,0100-3-300-4400-99-1-52-2-545001,2200,0,0,2200,1776.96,2200,0,0,2200,698.77,2200,0,0,2200,1385,2200,0,0,2200,1632.25,2500,0,0,2500,138,2500,0,0,2500,17807.54,2500,0,0,2500,2473.23,2500,0,0,2500,0,5000,0,0,5613.66,2073.66,13600,0,0,13600,12811.52,13600,0,0,13600,14138.7,13913,0,0,13913,7065.75,12800,0,-8553.88,4246.12,4246.12,0,0,0,0,0,0,0,0,0,0,0,0,0,0,0,
300,300,SCHOOL DEPARTMENT,S4991522,COMPUTER MTC/REPAIR SYSTEM,525008,0100-3-300-4230-99-1-52-2-525008,4500,0,0,4500,0,4500,0,0,4500,2547,4500,0,-1280,3220,1041.99,4500,8335,0,13023.26,9135.49,4445,0,0,4445,4021.28,4000,0,0,6284.83,5041.67,4445,0,0,4813,1907.09,4445,0,0,4485,2743.61,2200,0,0,2200,1430.06,13126,0,0,13126,11689.73,19126,0,0,19126,6125,0,0,0,0,0,5000,0,0,5000,1100,0,0,0,0,0,0,0,0,1040,1040,0,0,0,0,801.26,
300,300,SCHOOL DEPARTMENT,S4991741,SALARIES STAFF,511003,0100-3-300-4110-99-1-74-1-511003,338466,0,0,338466,139240.38,309153,0,0,309153,237421.03,314262,0,-2500,311762,296667.53,278369,38536.79,-7000,309905.79,294238.65,274993,0,-405,274588,276282.38,278396,0,0,278396,270208.22,280090,0,-25150,254940,251269.82,296878,0,-24800,272078,241941.34,206163,43013,0,249176,241851.55,200500,472,0,200972,190727.83,159291,0,-1500,157791,158807.51,155422,0,0,155422,153944.25,151409,796,0,152205,164869.27,190045,3580,0,193625,186743.15,195478,0,0,195478,174311.18,222462,0,0,222462,221098.17,
300,300,SCHOOL DEPARTMENT,S4991741,OVERTIME,513003,0100-3-300-4110-99-1-74-1-513003,13000,0,0,13000,4507.32,13000,2000,0,15000,12947.21,13000,0,0,13000,14277.9,13000,0,0,13000,12466.09,13000,0,0,13000,9688.18,13000,0,0,13000,11038.51,13000,11000,0,24000,20172.25,12923,0,0,12923,18452.37,12923,0,0,12923,19077.76,12608,0,0,12608,11672.02,12300,0,0,12300,14251.47,12000,0,0,12000,11594.27,12000,0,0,12000,0,12000,0,0,12000,0,12000,0,0,12000,7232.58,12000,0,0,12000,6299.88,
300,300,SCHOOL DEPARTMENT,S4991741,HEALTH INSURANCE STIPENDS,517002,0100-3-300-4110-99-1-74-1-517002,0,0,0,0,0,0,0,0,0,0,0,0,0,0,0,0,0,0,0,0,0,0,0,0,0,0,0,0,0,0,0,0,0,0,0,0,0,0,0,0,0,0,0,0,0,0,0,0,0,0,0,0,0,0,0,0,0,0,0,0,0,0,0,0,2520,0,0,0,0,5920,0,0,0,0,24270,0,0,0,0,0,
300,300,SCHOOL DEPARTMENT,S4991741,TRAINING,519003,0100-3-300-4110-99-1-74-1-519003,6278,0,0,6278,3645,6278,0,0,6278,5872.5,6278,1300,0,7578,6277.5,6278,0,0,6278,6277.5,5873,405,0,6278,6277.5,8100,0,0,8100,5872.5,7900,0,0,7900,5727.5,5250,0,0,5250,4723.5,5250,0,-350,4900,4200,4900,0,0,4900,3500,4200,0,0,4200,3850,4200,0,0,4200,3850,4200,0,0,4200,4200,4200,1050,0,5250,4600,4200,0,0,4200,4200,4200,0,0,4200,4200,
300,300,SCHOOL DEPARTMENT,S4991742,CUSTODIAL SUPPLIES,541001,0100-3-300-4110-99-1-74-2-541001,70675,0,0,70675,41397.68,70675,0,0,70675,75431.59,47443,0,-4000,43443,51447.24,40140,0,0,40140,53489.53,40410,0,0,99406.62,95805.08,40331,11655,0,51986,44743.56,39247,1500,0,40747,40200.21,39247,1640,0,40887,40939.4,34688,5650,0,49896.28,50099.57,36918,9253,0,46171,37692.51,36918,0,0,36918,36730.58,36479,0,0,36479,36473.75,35000,568.3,0,35568.3,35568.3,37673,0,0,37718.08,37490.01,35000,400,0,39660.75,40554.23,38474,3000,0,41474,40422.53,
300,300,SCHOOL DEPARTMENT,S4991762,REPAIRS & MAINTENANCE,524100,0100-3-300-4230-99-1-76-2-524100,19000,0,0,19000,3473.1,19000,0,0,19000,11061.84,18897,0,-7194,11703,12449.04,10897,0,0,10897,9869.49,10897,2000,0,12897,15245.11,8400,572,0,8972,8187.71,8400,0,0,9946.76,10450.45,8400,0,0,8462,5819.71,7300,1150,0,8450,9379.21,7300,0,-1723,5577,5133.21,7300,1704,0,9004,8759.8,6000,1400,0,7400,7480.1,6000,3590,0,9590,8003.93,6000,0,0,6000,6105.35,6000,0,0,6000,7555.28,0,8000,0,8000,8097.54,
300,300,SCHOOL DEPARTMENT,S5511062,COLLABORATIVE TUITIONS,535023,0100-3-300-9400-51-1-06-2-535023,460952,0,0,460952,28957,190979,0,0,190979,190979,186554,0,0,186554,186554,179560,0,-7099,172461,147676.4,130113,0,0,130113,135822.96,265730,0,-1389.32,264340.68,145617.8,60000,0,0,60000,251615.75,60000,0,0,60000,170115.44,162757,10765,-88568,84954,84953.06,162757,0,0,166381,115753.26,326380,0,0,326380,331563.44,238217,0,0,238217,236285.15,105791,31966.33,0,137757.33,135146.53,57324,0,0,57324,57324,130031,0,0,130031,121271.55,0,0,0,0,0,
300,300,SCHOOL DEPARTMENT,S5990001,ACCRUED VACATION/SICK TIME,515003,0100-3-300-5150-99-0-00-1-515003,0,0,0,0,0,0,0,0,0,0,0,0,0,0,0,0,0,0,0,0,0,0,0,0,0,0,0,0,0,0,0,0,0,0,0,0,0,0,0,22808.06,0,0,0,0,0,0,0,0,0,0,0,0,0,0,0,0,0,0,0,0,0,0,0,0,0,0,0,0,0,0,0,0,0,0,0,0,0,0,0,0,
300,300,SCHOOL DEPARTMENT,S5991542,EARLY RETIREMENT INCENTIVE,535024,0100-3-300-5100-99-1-54-2-535024,0,0,0,0,0,0,0,0,0,0,0,0,0,0,0,0,0,0,0,0,0,0,0,0,0,0,0,0,0,0,0,0,0,0,0,0,0,0,0,0,0,0,0,0,0,0,0,0,0,0,0,0,0,0,0,0,0,0,0,0,0,0,0,0,0,0,0,0,0,0,0,0,0,0,0,12143,0,0,12143,12143,
300,300,SCHOOL DEPARTMENT,S5991742,FIRE SAFETY/FURNITURE REPAIR,525009,0100-3-300-4230-99-1-74-2-525009,24005,0,0,24005,7492.39,24005,0,-2900,21105,2130,3148,10886,0,18227.57,14438.2,9148,1260,0,10408,8160,9148,0,0,9148,8124.5,9148,0,-419,8729,8721.5,9148,2000,0,14990,14925.5,8605,0,0,8605,8233.28,6665,2000,-603,9406.5,9030.95,11250,0,-2980,8765,8269.28,10113,0,0,10822.1,7179.61,13113,0,-4733,8602,6183.7,13113,0,-6102.32,7010.68,6752.68,12500,0,0,18029,15593.83,12358,0,0,12358,6815.53,12358,0,0,12908,12290.11,
300,300,SCHOOL DEPARTMENT,S5991742,REPAIR OF EQUIP/MAINTENANCE,525011,0100-3-300-4230-99-1-74-2-525011,4500,0,0,4500,1422.58,4500,0,0,4500,4280.9,4100,0,0,5071.33,27883.31,6050,0,0,6050,3707.28,6050,4000,0,10050,17182.55,6050,432,0,6482,4990.23,4150,1334,0,5484,5060.9,4150,2750,0,7321.97,8184.55,3950,0,0,3950,2879.96,3150,2735,0,5885,5855.45,3150,1338,0,5575.21,5161.02,2620,1700,0,4320,2967.46,2620,513.02,0,3133.02,3096.93,2620,0,0,2724.36,3606.14,2620,0,0,2926,2434.08,2250,750,0,3000,3198.82,
300,300,SCHOOL DEPARTMENT,S5991801,SALARIES STAFF,511003,0100-3-300-5500-99-1-80-1-511003,0,0,0,0,0,0,0,0,0,0,0,0,0,0,0,0,0,0,0,0,0,0,0,0,0,0,0,0,0,0,0,0,0,0,0,0,0,0,0,0,0,0,0,0,0,0,0,0,0,0,0,0,0,0,0,0,0,0,0,0,0,0,0,0,0,0,0,0,0,0,0,0,0,0,0,0,0,0,0,0,
300,300,SCHOOL DEPARTMENT,S5991991,HEALTH INSURANCE STIPENDS,517002,0100-3-300-5200-99-1-99-1-517002,0,0,0,0,0,0,0,0,0,0,0,0,0,0,0,0,0,0,0,0,0,0,0,0,0,0,0,0,0,0,0,0,0,0,0,0,0,0,0,0,0,0,0,0,0,0,0,0,0,0,0,0,0,0,0,0,0,0,0,0,2300,220,0,2520,2300,10740,0,0,10740,0,21260,0,0,21260,0,29040,0,-2385,26655,26655,
300,300,SCHOOL DEPARTMENT,S5991992,HEALTH INSURANCE,570001,0100-3-300-5200-99-1-99-2-570001,3140838,0,0,3140838,2199976.74,3081305,0,0,3081305,3212078.37,2845917,0,-2573,2843344,3041341.35,2507129.05,0,-63807.5,2443321.55,2593020.13,2706450,0,0,2706450,2673004.36,2826122,0,-16380,2809742,2793142.05,2850675.47,0,0,2850675.47,2854285.13,2633912,0,0,2633912,2672420.35,2155210,12853,0,2168063,2376696.86,1971518,0,0,1971518,2027585.22,1724000,0,-15000,1709000,1766882.27,1800000,0,0,1800000,1739772.36,1812276,2300,-31164,1783412,1854304.46,1794988,297,-277162,1518123,1588711.92,1592753,0,0,1592753,1644977.73,1537487,112936,0,1650423,1491291.85,
300,300,SCHOOL DEPARTMENT,S5991992,MEDICARE - TOWN'S SHARE,570003,0100-3-300-5200-99-1-99-2-570003,0,0,0,0,0,0,0,0,0,0,0,0,0,0,0,0,0,0,0,0,0,0,0,0,0,0,0,0,0,0,0,0,0,0,0,0,0,0,0,0,0,0,0,0,0,0,0,0,0,0,0,0,0,0,0,0,0,0,0,0,0,0,0,0,0,0,0,0,0,0,0,0,0,0,50000,0,0,0,0,87511.78,
300,300,SCHOOL DEPARTMENT,S5991992,WORKERS COMPENSATION,570005,0100-3-300-5200-99-1-99-2-570005,0,0,0,0,0,0,0,0,0,0,0,0,0,0,0,0,0,0,0,0,0,0,0,0,0,0,0,0,0,0,0,0,0,0,0,0,0,0,0,0,0,0,0,0,0,0,0,0,0,0,0,0,0,0,0,0,0,0,0,0,0,0,0,0,0,0,0,0,0,0,0,0,0,0,0,0,0,0,0,5771,
300,300,SCHOOL DEPARTMENT,S5991992,UNEMPLOYMENT COMPENSATION,570008,0100-3-300-5200-99-1-99-2-570008,20000,0,0,20000,15227,18000,242.21,-242.21,18639,11172.23,20500,17000,0,37500,36729.63,23000,0,-1200,21800,12147.38,75000,0,-19656,73344,48087.64,25000,0,0,25000,18713.82,20000,25285,0,45846,45781.09,20000,0,0,20000,18872,20000,0,0,20000,12495.51,20000,0,0,20000,16396.95,17000,0,0,17771,6635,20000,0,0,20000,15930.78,153646,0,-98332.94,55313.06,25511.6,10000,0,0,10000,10984.87,10000,0,0,22203,16142.97,57500,0,0,57500,54562.21,
300,300,SCHOOL DEPARTMENT,S7044102,NEW FURNITURE/EQUIPMENT,585002,0100-3-300-7300-04-4-10-2-585002,25642,0,0,25642,0,9965,0,0,9965,14857.43,3532,0,-3000,532,447.27,424,0,0,424,393.18,5102,0,-2406,2696,5198.1,5102,0,0,5102,4908.52,934,1178,0,2112,1943.97,0,0,0,0,0,0,3068,0,3068,3081.97,0,0,0,0,0,0,0,0,0,0,0,0,0,0,0,0,0,0,0,0,0,0,0,0,0,1634,0,0,1634,990,0,0,0,0,0,
300,300,SCHOOL DEPARTMENT,S7055082,REPLACEMENT EQUIP/FURNITURE,585005,0100-3-300-7300-05-5-08-2-585005,0,0,0,0,0,0,0,0,0,0,0,0,0,0,0,0,0,0,0,0,0,0,0,0,0,0,0,0,0,0,0,0,0,0,0,0,0,0,0,0,0,0,0,0,0,0,0,0,0,0,0,0,0,0,0,0,0,0,0,0,0,0,0,0,0,150,0,0,150,0,0,0,0,0,0,500,0,-500,0,0,
300,300,SCHOOL DEPARTMENT,S7055102,NEW FURNITURE/EQUIPMENT,585002,0100-3-300-7300-05-5-10-2-585002,0,0,0,0,0,0,0,0,0,0,0,0,0,0,0,0,7406,0,7406,7406.1,0,0,0,0,0,0,0,0,0,0,0,0,0,0,0,0,0,0,0,0,0,0,0,0,0,0,0,0,0,0,0,0,0,0,0,0,0,0,0,0,0,0,0,0,0,0,0,0,0,0,0,0,0,0,0,0,0,0,0,0,
300,300,SCHOOL DEPARTMENT,S7066102,NEW FURNITURE/EQUIPMENT,585002,0100-3-300-7300-06-6-10-2-585002,0,0,0,0,0,0,0,0,0,0,0,0,0,0,0,0,7406,0,7406,7406.1,0,0,0,0,0,0,0,0,0,219,0,0,0,0,0,0,0,0,0,0,0,0,0,0,0,0,0,0,0,0,0,0,0,0,0,0,0,0,0,0,0,0,0,0,0,0,0,0,0,0,0,0,0,0,0,2100,0,0,2100,0,
300,300,SCHOOL DEPARTMENT,S7072102,NEW FURNITURE/EQUIPMENT,585002,0100-3-300-7300-07-2-10-2-585002,5000,0,0,5000,2777.61,10000,0,0,10000,8008.8,920,6487,0,7407,7377.86,8138,0,0,8138,7641.55,7899,7921.91,-7411.86,8409.05,7635.67,6500,0,-4876.58,1623.42,0,0,0,0,0,0,0,0,0,0,0,0,0,0,0,0,2500,0,0,2500,0,1700,0,0,1700,1474.12,255,0,0,255,189.58,0,0,0,0,0,0,0,0,0,0,2307,0,0,2307,2173.85,3975,0,0,3975,3810.43,
300,300,SCHOOL DEPARTMENT,S7511062,SPECIAL ED EQUIPMENT,585001,0100-3-300-7300-51-1-06-2-585001,7000,0,0,7000,0,7000,0,0,7000,1848.28,7000,0,0,7000,1730.56,7000,0,0,7709,4424.05,7000,0,0,7000,3745.2,9000,0,0,9000,3083.62,9000,0,0,9184.74,5040.48,9000,0,0,9000,6448.45,4000,7000,0,11000,7429.3,2500,5000,0,7500,6514.52,2500,0,0,2500,118.48,900,1505,0,2405,2389.44,900,3861.78,-116.61,4645.17,4645.17,1500,0,-618.74,916.26,455.5,1500,0,0,1500,1426.74,1500,0,-1000,500,227.97,
300,300,SCHOOL DEPARTMENT,S7991082,EQUIPMENT-MTC & LEASE,525012,0100-3-300-7400-99-1-08-2-525012,83500,0,0,87100,68108.26,69848,0,-2173,68403.87,74742.54,30420,930,0,36559.77,96906.68,55000,19748,0,77124.69,72602.41,38900,3992,0,42892,69798.83,38900,0,0,38900,38630.04,30512,2888,0,33626.11,33579.21,30512,0,0,30512,33955.48,32000,0,0,32000,35606.33,29500,1500,0,31269.3,31689.52,34000,0,0,37371.33,31742.16,26500,0,0,26500,24760.13,30000,0,-2072.18,28127.82,27600.1,42964,0,0,43688.08,27923.05,42964,0,-6300,52945.78,39783.65,50000,0,-10000,40161.32,22752.74,
300,300,SCHOOL DEPARTMENT,S7991102,NEW EQUIPMENT/SYSTEM,585003,0100-3-300-7300-99-1-10-2-585003,26045,0,0,27979,0,6045,0,0,8131.1,3683.18,5000,350,0,5350,12017.82,6500,7000,0,13500,17983.47,3700,2797,0,10497,10496.26,3700,1789,0,5489,2064.48,2230,2765,0,4995,4994.26,2230,0,-85,2145,2144.89,900,0,0,1119.95,872.38,2400,0,-554,1846,1625.76,3300,0,0,3300,2609,1800,0,0,1800,0,1800,0,-227.48,1572.52,1572.52,3420,0,0,3420,3368.47,0,0,0,0,0,3600,0,-1812.15,1787.85,1787.85,
300,300,SCHOOL DEPARTMENT,S7991522,COMPUTERS-PURCHASE & LEASE,525013,0100-3-300-7400-99-1-52-2-525013,254638,7254.65,0,336963.65,215869.97,61780,0,0,62161.04,114574.77,39000,0,0,148973.46,186721.62,39000,6350,0,49340.19,58169.43,86850,0,0,181850,86144.18,76850,0,0,77816,90397,78244,0,0,78244,76174.86,38500,0,0,38500,37297.18,7670,0,0,7670,7563.17,7100,0,0,7100,0,0,0,0,0,0,0,0,0,0,0,0,0,0,0,0,70236,13671,0,84225.76,83906.56,48200,0,0,63116.46,59311.88,41130,0,-8630,39349.5,28949.79,
300,300,SCHOOL DEPARTMENT,S7991742,CAPITAL IMPROVEMENT/MTC,585004,0100-3-300-7300-99-1-74-2-585004,45000,0,0,45000,0,45000,14840,-14840,45000,45000,45000,0,0,45000,45000,45000,0,0,96411.97,97532.36,45000,0,0,45000,63557.76,45000,0,0,52515,52515,40000,10000,0,65000,55000,11000,0.08,-0.08,106121.58,110610.66,0,156904,0,210253.5,111950.54,0,80348,0,80348,0,2977,0,0,2977,2904.04,0,0,0,0,0,0,16739,0,16739,16739,0,0,0,29173.5,29173.5,0,0,0,4992,4992,0,0,0,31040,31040,
300,300,SCHOOL DEPARTMENT,S8511062,CONTRACTED SERVICES,535006,0100-3-300-2800-51-1-06-2-535006,0,0,0,0,0,0,0,0,0,0,0,0,0,0,0,0,0,0,0,0,0,0,0,0,0,0,0,0,0,0,0,0,0,0,0,0,0,0,0,0,0,0,0,0,0,0,0,0,0,0,0,0,0,0,0,0,0,0,0,0,0,0,0,0,0,0,0,0,0,0,0,0,0,0,0,3500,0,0,3500,0,
300,300,SCHOOL DEPARTMENT,S8511062,TESTING MATERIALS,555007,0100-3-300-2800-51-1-06-2-555007,7930,0,0,7930,3142.11,8000,0,0,8000,6663.6,10000,0,0,10000,8683.86,12000,6799,0,18799,17689.57,12000,0,0,12000,11847.26,13000,0,0,13000,10171.54,13000,0,0,13000,11049.79,13000,0,0,13000,11994.83,14666,0,0,14666,13088.84,15000,0,0,15000,14632.63,10000,0,0,10000,8876.72,8839,0,0,8839,8544,5800,0,0,5800,5783.44,1000,312,-565.15,746.85,738.55,0,730,0,730,628.75,0,0,0,0,0,
300,300,SCHOOL DEPARTMENT,S9511062,SPED TUITIONS-PUBLIC,535022,0100-3-300-9100-51-1-06-2-535022,0,0,0,0,0,0,0,0,0,0,0,0,0,0,0,0,0,0,0,0,0,0,0,0,0,0,0,0,0,0,0,0,0,0,0,0,0,0,0,0,0,13538,0,13538,13236.52,0,0,0,0,0,0,0,0,0,0,0,0,0,0,0,0,0,0,0,0,0,0,0,0,0,0,0,0,0,0,0,0,0,0,0,
300,300,SCHOOL DEPARTMENT,S9991102,CHOICE TUITIONS,535027,0100-3-300-9110-99-1-10-2-535027,0,0,0,0,0,0,0,0,0,0,0,0,0,0,0,0,0,0,0,0,0,0,0,0,0,0,0,0,0,0,0,0,0,0,0,0,0,0,0,0,0,0,0,0,0,0,0,0,0,0,0,0,0,0,0,0,0,0,0,0,0,0,0,0,0,0,0,0,0,0,0,0,0,0,0,0,0,0,0,0,
,,SCHOOL DEPARTMENT Total,,,,,25304074,,,25586798.54,12826391.269999998,22883442,,,,22743459.55000001,22325309,,,,22403863.439999994,21651692.05,,,,21548970.749999993,21123602,,,,20769932.050000004,20795863.23,,,,20357947.75000001,20190110.47,,,,20180123.740000002,19602049,,,,19613046.330000006,18330326,,,,18236017.799999993,17399092,,,,17277371.269999996,16754663,,,,16756283.36,16123122,,,,16110868.770000003,15495534,,,,15482390.170000002,14908820,,,,14892889.780000005,14413948,,,,14472809.339999994,14577320,,,,14370071.239999995,
301,301,SCHOOL NON-RECURRING EXPENSES,13012,CURRICULUM ADOPTION,555027,0100-3-301-2110-99-0-99-2-555027,17686,0,0,23742.6,6056.6,17686,0,0,17918.21,11629.4,17686,0,0,35372,32946.29,17686,0,0,17686,0,17686,0,0,17686,17686,17686,0,0,17686,17618.72,17686,0,0,31357.96,31357.96,119257,0,0,156988.57,142823.57,119257,0,0,135054.27,94166.51,116000,0,0,116000,100202.73,0,0,0,0,0,0,0,0,0,0,0,0,0,0,0,0,0,0,0,0,0,0,0,0,0,0,0,0,0,0,
,,SCHOOL NON-RECURRING EXPENSES Total,,,,,17686,,,,6056.6,17686,,,,11629.4,17686,,,,32946.29,17686,,,,0,17686,,,,17686,17686,,,,17618.72,17686,,,,31357.96,119257,,,,142823.57,119257,,,,94166.51,116000,,,,100202.73,0,,,,0,0,,,,0,0,,,,0,0,,,,0,0,,,,0,0,,,,0,
310,310,MONTY TECH ASSESSMENT,13102,MONTY TECH ASSESSMENT,532000,0100-3-310-9500-00-0-00-2-532000,1225646,0,0,1225646,918492.5,1181390,0.18,0,1181390.18,1181390.18,1054376,0,0,1054376,1054376,897448,0,-21159,876289,876289,888684,0,0,888684,876598,783987,0,0,783987,777473,824011,0,0,824011,820560,877527,0,0,877527,876380.73,899267,0,0,899267,890058,801484,0,-2006,799478,799478,710814,0,0,760058,760058,708561,49244,0,757805,708561,681078,0,0,681078,680908,628573,0,0,628573,628573,636020,0,-2896,633124,633124.01,641427,0,-3450,637977,637977,
,,MONTY TECH ASSESSMENT Total,,,,,1225646,,,,918492.5,1181390,,,,1181390.18,1054376,,,,1054376,897448,,,,876289,888684,,,,876598,783987,,,,777473,824011,,,,820560,877527,,,,876380.73,899267,,,,890058,801484,,,,799478,710814,,,,760058,708561,,,,708561,681078,,,,680908,628573,,,,628573,636020,,,,633124.01,641427,,,,637977,
411,411,GENERAL HIGHWAY MAINTENANCE,14111,SALARIES TEMPORARY POSITIONS,512100,0100-4-411-0000-00-0-00-1-512100,0,0,0,0,0,0,0,0,0,0,0,0,0,0,0,0,0,0,0,0,0,0,0,0,0,0,0,0,0,0,0,0,0,0,0,0,0,0,0,0,0,0,0,0,0,0,0,0,0,0,0,0,0,0,0,0,0,0,0,0,0,0,0,0,0,0,0,0,0,0,0,0,0,0,0,0,0,0,0,0,
411,411,GENERAL HIGHWAY MAINTENANCE,14112,HIRED EQUIPMENT,521016,0100-4-411-0000-00-0-00-2-521016,750,0,0,750,19.58,750,0,0,750,377.17,4500,0,0,4500,159.5,4500,0,-3000,1500,660.01,4500,0,-4087.74,412.26,696.3,4500,0,0,4500,466.4,4500,0,-2980.9,1519.1,1519.1,4500,0,-4412.5,87.5,87.5,4500,0,-3215,1285,1285,4500,0,-4500,0,0,4500,0,-4500,0,0,7500,0,-7497.46,2.54,0,2500,0,-315,2185,2185,2500,0,-1675,825,825,2500,0,-2325,175,175,5000,0,-5000,0,0,
411,411,GENERAL HIGHWAY MAINTENANCE,14112,DRAINAGE,521017,0100-4-411-0000-00-0-00-2-521017,60000,0,0,60000,44948.27,50000,45000,0,95000,82241.05,18000,5500,0,23500,23282.38,18000,22000,0,40185,35743.23,18000,14038.25,0,43038.25,43038.25,18000,0,0,111538.46,100178.28,18000,76638.14,0,94638.14,1098.02,18000,5000,-23000,0,0,18000,10556.19,0,28556.19,28556.19,18000,1850.2,0,19850.2,19850.2,18000,2047.47,0,20047.47,20047.44,18000,0,-6672.2,11327.8,11327.8,18000,0,-6340.96,11659.04,11659.04,18000,0,-8252.02,9747.98,9747.98,6000,4000,-1182.96,8817.04,8817.04,5850,589,-427.52,6011.48,6011.48,
411,411,GENERAL HIGHWAY MAINTENANCE,14112,PURCHASE OF SERVICE,531006,0100-4-411-0000-00-0-00-2-531006,45000,0,-7200,37800,16160.83,40000,0,-486.51,39693.49,32156.68,26000,1700,0,27700,27790.38,26000,0,-3500,44436.12,40245.05,30000,53014.19,-14350.1,68672.79,45941.32,30000,0,0,30000,8997.17,30000,0,0,30000,17661.28,30000,4000,-777.45,33259.19,33259.19,30000,0,-6557.17,23442.83,23442.83,30000,0,-15778.25,27378.06,14221.75,37810,13156.31,-27402.66,23563.65,10407.34,37810,62.1,-10735.53,28578.05,28515.95,40000,3317.3,-10225.79,59091.51,57650.03,35000,61877.25,0,110797.25,84797.25,30000,2325,-4587.94,27737.06,13817.06,30000,0,-2730.24,27339.76,27334.76,
411,411,GENERAL HIGHWAY MAINTENANCE,14112,LANDFILL MONITORING COSTS,531039,0100-4-411-0000-00-0-00-2-531039,7500,0,0,7500,1447.5,7500,1995,0,9495,9495,0,0,0,0,0,0,0,0,0,0,0,0,0,0,0,0,0,0,0,0,0,0,0,0,0,0,0,0,0,0,0,0,0,0,0,0,0,0,0,0,0,0,0,0,0,0,0,0,0,0,0,0,0,0,0,0,0,0,0,0,0,0,0,0,0,0,0,0,0,0,
411,411,GENERAL HIGHWAY MAINTENANCE,14112,ENGINEERING SERVICES,531061,0100-4-411-0000-00-0-00-2-531061,10000,0,0,10000,2058.5,10000,0,0,10000,0,35000,0,-25651,20849,3575,35000,0,-21089.94,13910.06,1868.03,0,0,0,0,0,0,0,0,0,0,0,0,0,0,0,0,0,0,0,0,0,0,0,0,0,0,0,0,0,0,0,0,0,0,0,0,0,0,0,0,0,0,0,0,0,0,0,0,0,0,0,0,0,0,0,0,0,0,0,0,
411,411,GENERAL HIGHWAY MAINTENANCE,14112,LAKE SHIRLEY DAM,531072,0100-4-411-0000-00-0-00-2-531072,10000,0,0,12423.28,0,10000,0,0,10000,7576.72,0,0,0,0,0,0,0,0,0,0,0,0,0,0,0,0,0,0,0,0,0,0,0,0,0,0,0,0,0,0,0,0,0,0,0,0,0,0,0,0,0,0,0,0,0,0,0,0,0,0,0,0,0,0,0,0,0,0,0,0,0,0,0,0,0,0,0,0,0,0,
411,411,GENERAL HIGHWAY MAINTENANCE,14112,STREETLIGHTS,531073,0100-4-411-0000-00-0-00-2-531073,30000,0,0,32943.78,19778.7,30000,486.51,0,30486.51,30486.51,0,0,0,0,0,0,0,0,0,0,0,0,0,0,0,0,0,0,0,0,0,0,0,0,0,0,0,0,0,0,0,0,0,0,0,0,0,0,0,0,0,0,0,0,0,0,0,0,0,0,0,0,0,0,0,0,0,0,0,0,0,0,0,0,0,0,0,0,0,0,
411,411,GENERAL HIGHWAY MAINTENANCE,14112,STORMWATER MANAGEMENT PROJECTS,535052,0100-4-411-0000-00-0-00-2-535052,110000,0,0,117801.9,25034.04,100000,0,0,141627.08,133825.18,100000,0,0,123612.81,48899.92,100000,0,0,117018.33,88066.19,75000,0,-3000,105765,88545.11,100000,0,0,143146.5,78163.06,40000,32018,0,72578,29431.5,40000,560,-20350,20210,19650,40000,0,-26200,13800,10770,40000,0,-37360.21,2639.79,2639.79,0,0,0,0,0,0,0,0,0,0,0,0,0,0,0,0,0,0,0,0,0,0,0,0,0,0,0,0,0,0,
411,411,GENERAL HIGHWAY MAINTENANCE,14112,ADA PUBLIC RIGHTS OF WAY,535069,0100-4-411-0000-00-0-00-2-535069,30000,0,0,30000,0,30000,0,-29995,5,0,27000,0,0,27000,27000,27000,0,0,27000,0,0,27800,0,27800,27755,0,0,0,0,0,0,0,0,0,0,0,0,0,0,0,0,0,0,0,0,0,0,0,0,0,0,0,0,0,0,0,0,0,0,0,0,0,0,0,0,0,0,0,0,0,0,0,0,0,0,0,0,0,0,0,
411,411,GENERAL HIGHWAY MAINTENANCE,14112,SUPPLIES,541018,0100-4-411-0000-00-0-00-2-541018,35000,0,0,35000,11147.31,35000,0,0,37192.81,17962.98,35000,0,0,35000,13132.39,35000,0,-3500,31500,22120.87,70000,0,-27800,42200,36069.54,70000,0,0,70000,28214.87,70000,0,-50868.44,19576.62,19576.62,70000,385.06,-38532.16,31852.9,31407.84,70000,0,-41356.43,28643.57,28643.57,70000,14000,-12297.96,71702.04,71702.04,70000,3059.42,0,73059.42,73214.67,70000,118.28,-23284.79,102527.04,102408.76,70000,66060.05,-3000,133060.05,77366.5,75000,0,-54428.67,52136.77,50226.58,75000,0,-7090.28,67909.72,36344.28,80000,0,-35928.2,54919.15,54919.15,
411,411,GENERAL HIGHWAY MAINTENANCE,14112,6 WHEEL DUMP TRUCK W/ PLOW,587017,0100-4-411-0000-00-0-00-2-587017,0,0,0,0,0,0,0,0,0,0,0,0,0,0,0,0,0,0,0,0,0,0,0,0,0,0,0,0,0,0,0,0,0,0,0,0,0,0,0,0,0,0,0,0,0,0,0,0,0,0,0,0,0,0,0,0,0,0,0,0,0,0,0,0,0,0,0,0,0,0,0,0,0,0,0,0,0,0,0,0,
411,411,GENERAL HIGHWAY MAINTENANCE,14112,ONE TON DUMP TRUCK W/ PLOW,587018,0100-4-411-0000-00-0-00-2-587018,0,0,0,0,0,0,0,0,0,0,0,0,0,0,0,0,0,0,0,0,0,0,0,0,0,0,0,0,0,0,0,0,0,0,0,0,0,0,0,0,0,0,0,0,0,0,0,0,0,0,0,0,0,0,0,0,0,0,0,0,0,0,0,0,0,0,0,0,0,0,0,0,0,0,0,0,0,0,0,0,
411,411,GENERAL HIGHWAY MAINTENANCE,14112,PAVEMENT MANAGEMENT PLAN,587046,0100-4-411-0000-00-0-00-2-587046,550000,0,0,654146.75,176922.73,550000,17500,-10000,557500,453353.25,500000,2500,-244589.16,257910.84,256052.2,450000,0,0,528141,528136.38,400000,53000,0,722602.95,644461.84,400000,0,0,400000,129837.86,350000,10876.04,0,622385.6,622385.6,300000,104763.74,-18582.37,712023.05,450463.49,250000,252260.96,0,628962.33,303089.01,250000,0,-80674.51,336862.53,210161.16,241489,60081.89,-3853,374399.7,206707.44,107215,77842.71,0,185057.71,108375.91,0,0,0,0,0,0,0,0,0,0,0,0,0,0,0,0,0,0,0,0,
411,411,GENERAL HIGHWAY MAINTENANCE,14112,SUMMER STREET DESIGN,587063,0100-4-411-0000-00-0-00-2-587063,0,0,0,0,0,0,0,0,0,0,0,0,0,0,0,0,0,0,0,0,0,0,0,0,0,0,0,0,0,0,0,0,0,12410,12410,0,51100,0,56461.58,38690,0,40200,0,236700,231338.42,0,196500,0,196500,0,0,0,0,0,0,0,0,0,0,0,0,0,0,0,0,0,0,0,0,0,0,0,0,0,0,0,0,0,0,0,
,,GENERAL HIGHWAY MAINTENANCE Total,,,,,888250,,,,297517.46,863250,,,,767474.54,745500,,,,399891.77,695500,,,,716839.76,597500,,,,886507.36,622500,,,,345857.63999999996,512500,,,,704082.12,462500,,,,573558.02,412500,,,,627125.02,412500,,,,318574.94,371799,,,,310376.89,240525,,,,250628.42,130500,,,,148860.57,130500,,,,145596.81,113500,,,,59153.38,120850,,,,88265.39,
412,412,TOWN HIGHWAY GARAGE,14122,BLDG REPAIRS & MTC,521004,0100-4-412-0000-00-0-00-2-521004,0,0,0,0,0,0,0,0,0,0,0,0,0,0,0,0,0,0,0,0,0,0,0,0,0,0,0,0,0,0,0,0,0,0,0,0,0,0,0,0,0,0,0,0,0,0,0,0,0,0,0,0,0,0,0,0,0,0,0,0,0,0,0,0,0,0,0,0,0,0,0,0,0,0,0,0,0,0,0,0,
412,412,TOWN HIGHWAY GARAGE,14122,ELECTRICITY CHARGES,521011,0100-4-412-0000-00-0-00-2-521011,0,0,0,0,0,0,0,0,0,0,0,0,0,0,0,0,0,0,0,0,0,0,0,0,0,0,0,0,0,0,0,0,0,0,0,0,0,0,0,0,0,0,0,0,0,0,0,0,0,0,0,0,0,0,0,0,0,0,0,0,5895,1881.35,0,7776.35,7315.56,5359,0,-1666.82,3692.18,3692.18,5103,1000,-1598.37,4504.63,4504.63,5670,0,-1095.09,4574.91,4574.91,
412,412,TOWN HIGHWAY GARAGE,14122,HEATING CHARGES/FUEL OIL,521012,0100-4-412-0000-00-0-00-2-521012,0,0,0,0,0,0,0,0,0,0,0,0,0,0,0,0,0,0,0,0,0,0,0,0,0,0,0,0,0,0,0,0,0,0,0,0,0,0,0,0,0,0,0,0,0,0,0,0,0,0,0,0,0,0,0,0,0,0,0,0,4632,0,-4632,0,0,4211,0,-4211,0,0,4010,0,-4010,0,0,3150,859.71,0,4009.71,4009.71,
412,412,TOWN HIGHWAY GARAGE,14122,RUBBISH REMOVAL CHARGES,521013,0100-4-412-0000-00-0-00-2-521013,0,0,0,0,0,0,0,0,0,0,0,0,0,0,0,0,0,0,0,0,0,0,0,0,0,0,0,0,0,0,0,0,0,0,0,0,0,0,0,0,0,0,0,0,0,0,0,0,0,0,0,0,0,0,0,0,0,0,2831.11,2831.11,2100,0,0,2100,0,2100,0,0,2100,2100,2100,0,-396.24,1703.76,1703.76,2100,0,-426.36,1673.64,1673.64,
412,412,TOWN HIGHWAY GARAGE,14122,HEATING CHARGES/NATURAL GAS,521025,0100-4-412-0000-00-0-00-2-521025,0,0,0,0,0,0,0,0,0,0,0,0,0,0,0,0,0,0,0,0,0,0,0,0,0,0,0,0,0,0,0,0,0,0,0,0,0,0,0,0,0,0,0,0,0,0,0,0,0,0,0,0,0,0,0,0,0,0,0,0,6064,9746.86,-3065.5,12745.36,12745.36,5513,5308.89,0,10821.89,10821.89,5250,3060.19,0,8310.19,8310.19,5250,2076.25,-0.29,7325.96,7325.96,
412,412,TOWN HIGHWAY GARAGE,14122,PURCHASE OF SERVICE,531006,0100-4-412-0000-00-0-00-2-531006,0,0,0,0,0,0,0,0,0,0,0,0,0,0,0,0,0,0,0,0,0,0,0,0,0,0,0,0,0,0,0,0,0,0,0,0,0,0,0,0,0,0,0,0,0,0,0,0,0,0,0,0,0,0,0,0,0,0,0,0,0,0,0,0,0,0,0,0,0,0,0,0,0,0,0,0,0,0,0,0,
412,412,TOWN HIGHWAY GARAGE,14122,SUPPLIES HIGHWAY,531028,0100-4-412-0000-00-0-00-2-531028,0,0,0,0,0,0,0,0,0,0,0,0,0,0,0,0,0,0,0,0,0,0,0,0,0,0,0,0,0,0,0,0,0,0,0,0,0,-6.54,-6.54,-6.54,0,0,0,0,0,0,0,0,0,0,0,0,0,0,0,1000,500,-180.38,1319.62,1298.34,1000,0,-1000,0,0,0,0,0,0,0,0,0,0,0,0,0,0,0,0,0,
412,412,TOWN HIGHWAY GARAGE,14122,POSTAGE,534400,0100-4-412-0000-00-0-00-2-534400,0,0,0,0,0,0,0,0,0,0,0,0,0,0,0,0,0,0,0,0,0,0,0,0,0,0,0,0,0,0,0,0,0,0,0,0,0,0,0,0,0,0,0,0,0,0,0,0,0,0,0,0,0,0,0,0,0,0,0,0,0,0,0,0,0,0,0,0,0,0,0,0,0,0,0,0,0,0,0,0,
412,412,TOWN HIGHWAY GARAGE,14122,OFFICE SUPPLIES,540000,0100-4-412-0000-00-0-00-2-540000,1100,0,0,1100,228.55,1100,0,0,1100,1098.73,1040,0,0,1040,919.83,1040,0,0,1049.39,1048.61,1040,0,0,1040,885.47,1040,0,0,1040,1038.11,1040,0,-51.84,988.16,988.16,1040,4.51,0,1044.51,1044.51,1040,8.66,0,1048.66,1048.66,1020,500,-16.38,1503.62,1503.62,1000,0,-480.12,519.88,519.88,0,0,0,0,0,0,1000,0,1000,729.68,1000,21.56,-482.08,517.92,517.92,1000,0,-24.22,975.78,975.78,700,61,-2,759,759,
412,412,TOWN HIGHWAY GARAGE,14122,CUSTODIAL SUPPLIES,541001,0100-4-412-0000-00-0-00-2-541001,0,0,0,0,0,0,0,0,0,0,0,0,0,0,0,0,0,0,0,0,0,0,0,0,0,0,0,0,0,0,0,0,0,0,0,0,0,0,0,0,0,0,0,0,0,0,0,0,0,0,0,0,0,0,0,0,0,0,0,0,0,0,0,0,0,0,0,0,0,0,0,0,0,0,0,0,0,0,0,0,
,,TOWN HIGHWAY GARAGE Total,,,,,1100,,,,228.55,1100,,,,1098.73,1040,,,,919.83,1040,,,,1048.61,1040,,,,885.47,1040,,,,1038.11,1040,,,,988.16,1040,,,,1037.97,1040,,,,1048.66,1020,,,,1503.62,1000,,,,519.88,1000,,,,4129.45,19691,,,,20790.600000000002,18183,,,,17131.989999999998,17463,,,,15494.360000000002,16870,,,,18343.219999999998,
420,420,HIGHWAY OVERTIME,14201,SALARIES OVERTIME,513000,0100-4-420-0000-00-0-00-1-513000,12000,0,0,12000,4517.68,12000,5653.91,0,17653.91,17653.91,10512.87,0,-1500,9012.87,8961.6,10000,512.87,0,10512.87,8864.1,6790.71,9000,-50,15740.71,11258.2,6790.71,6000,0,12790.71,10951.09,6787.06,5003.65,0,11790.71,11269.66,6787.06,2013.42,0,8800.48,8800.48,6500,3105.82,0,9605.82,9605.82,6200,2901.14,0,9101.14,9101.14,6155,404.67,0,6559.67,6559.67,3000,3391.47,0,6391.47,6391.47,3090,2900,-45.27,5944.73,5944.73,3000,5322.26,0,8322.26,8322.26,3000,3105.31,-1907.98,4197.33,4197.33,2518,1081.3,0,3599.3,3599.3,
,,HIGHWAY OVERTIME Total,,,,,12000,,,,4517.68,12000,,,,17653.91,10512.87,,,,8961.6,10000,,,,8864.1,6790.71,,,,11258.2,6790.71,,,,10951.09,6787.06,,,,11269.66,6787.06,,,,8800.48,6500,,,,9605.82,6200,,,,9101.14,6155,,,,6559.67,3000,,,,6391.47,3090,,,,5944.73,3000,,,,8322.26,3000,,,,4197.33,2518,,,,3599.3,
421,421,HIGHWAY LABOR,14211,SALARIES DIVISION/DEPT HEADS,511000,0100-4-421-0000-00-0-00-1-511000,68966.22,9895.76,-9895.76,68966.22,40956.89,68701.98,0,0,68701.98,68701.88,67284.13,0,0,67284.13,67284.23,60956.03,4687.04,0,65643.07,65642.82,60956.03,234,0,61190.03,61189.57,59989.83,0.05,0,59989.88,59989.88,55824.7,1366.65,0,57191.35,57160.23,54463.14,419.02,0,54882.16,54882.16,51009,1944.24,0,52953.24,52953.24,52948,0,-2992.46,49955.54,49955.54,46271,4251.57,0,50522.57,50522.57,46271,0,0,46271,46093.84,46271,0,0,46271,46093.84,44474,0,0,44474,45233.53,44474,0,-510.8,43963.2,43963.2,44475,0,-1023,43452,43452,
421,421,HIGHWAY LABOR,14211,SALARIES CLERICAL,511001,0100-4-421-0000-00-0-00-1-511001,65058.72,0,0,65058.72,38216.8,54604.16,5929.2,0,60533.36,60533.36,53455.52,1500,0,54955.52,53455.52,48012.24,1956.24,0,49968.48,49968.48,45693.36,916.56,-4990.8,41619.12,41281.1,44531.84,0,0,44531.84,44531.84,42061.76,0,0,42061.76,42061.76,45281.17,697.62,-7211.8,38766.99,38766.99,43989,898.12,0,44887.12,44887.12,41143,1089.32,0,42232.32,42232.32,39785,600.04,0,40385.04,40385.04,38529,0,0,38529,38517.12,37274,0,-2442.53,34831.47,34831.47,43138,43.32,-5181.96,37999.36,37239.83,41885,0.28,0,41885.28,41885.28,39734,146.8,-764,39116.8,39116.8,
421,421,HIGHWAY LABOR,14211,SALARIES STAFF,511003,0100-4-421-0000-00-0-00-1-511003,344918.39,9895.76,-9895.76,344918.39,199074.13,339717.46,0,-33216.85,306500.61,288564.98,315709.64,0,-57301.68,258407.96,250818.18,270514.38,18310.46,-1199.61,287625.23,270029.72,263896.05,0,-58535.39,205360.66,195156.89,303956.68,0,-96687.45,207269.23,162058.14,289141.16,3721.84,-34685.69,258177.31,182465.73,252101.2,0,-11405.18,240696.02,212739.02,240837,7737.38,-10440.12,238134.26,234770.42,207855,0,-14920.02,192934.98,192934.98,206215,0,-12819.27,193395.73,193395.77,200980,0,-2766.55,198213.45,198213.45,211988,14757.99,-47078.8,179667.19,179849.09,216115,0,-31237.29,184877.71,182723.68,221279,0,-21281.37,199997.63,199997.63,179156,42591.39,0,221747.39,221747.39,
421,421,HIGHWAY LABOR,14211,SALARIES DIRECTORS,511013,0100-4-421-0000-00-0-00-1-511013,105423.12,9895.76,0,115318.88,70146.8,101973.56,6248.84,0,108222.4,108222.4,102854.88,0,-5909.04,96945.84,96945.84,97822.8,0,0,97822.8,82722.81,101748.24,5078,0,106826.24,106825.94,98155.68,7702.64,0,105858.32,105858.32,97406.4,5619.6,0,103026,103026,95492.8,0,0,95492.8,95492.8,86527,1733.04,-0.28,88259.76,88259.76,87749,0,-890.76,86858.24,86858.24,73548,0,0,73548,73547.69,71400,0.2,0,71400.2,71400.2,67831,3300,0,71131,71126.26,65855,0,0,65855,67830.91,65855,0,0,65855,65855,63687,5831,-6805.69,62712.31,62712.31,
421,421,HIGHWAY LABOR,14211,LONGEVITY PAY,514002,0100-4-421-0000-00-0-00-1-514002,4900,0,0,4900,4050,4050,0,0,4050,4050,3200,0,0,3200,3200,3200,0,0,3200,3200,7102.45,0,0,7102.45,3200,4794.67,59.11,0,4853.78,4853.78,6640.32,619.8,0,7260.12,6122.19,6517.71,0,0,6517.71,6517.71,6042,155.66,0,6197.66,6197.66,6258,0,-843.4,5414.6,5414.6,5648,0,-177.96,5470.04,5409.07,4795,1370.44,0,6165.44,6165.44,7457,0,-3649.59,3807.41,3807.41,7457,0,0,7457,7274.4,7481,241.01,0,7722.01,7722.01,6637,317.21,0,6954.21,6954.21,
421,421,HIGHWAY LABOR,14211,UNIFORM ALLOWANCE,519001,0100-4-421-0000-00-0-00-1-519001,0,0,0,0,0,0,0,0,0,0,0,0,0,0,0,0,0,0,0,0,0,0,0,0,0,0,0,0,0,0,0,0,0,0,0,0,0,0,0,0,4550,2283,0,6833,6833,3900,1950,0,5850,5850,3900,650,0,4550,4550,3250,650,0,3900,3900,3575,325,0,3900,3900,3575,0,0,3575,3900,4225,0,-325,3900,3900,4800,0,-500,4300,4300,
421,421,HIGHWAY LABOR,14211,STIPENDS,519005,0100-4-421-0000-00-0-00-1-519005,6500,0,0,6500,4000,6500,0,0,6500,6500,6500,0,0,6500,6500,6500,0,0,6500,6500,6500,0,0,6500,6500,6500,0,0,6500,6500,6500,0,0,6500,6500,6500,0,0,6500,6500,6500,0,0,6500,6500,6500,125,0,6625,6625,6500,0,-285.71,6214.29,6214.29,6500,0,-75.12,6424.88,6410.71,6500,0,0,6500,6500,6500,0,0,6500,6535.72,6500,39.3,0,6539.3,6539.3,6500,0,0,6500,6500,
421,421,HIGHWAY LABOR,14211,CONTRACT EVALUATION STIPEND,519010,0100-4-421-0000-00-0-00-1-519010,5600,0,0,5600,3750,6400,0,0,6400,4800,6400,0,0,6400,3200,6400,0,0,6400,5600,6400,0,0,6400,3200,6400,0,0,6400,2400,5250,0,0,5250,3825,5250,0,-1000,4250,4250,0,5250,0,5250,5250,0,4250,0,4250,4250,0,0,0,0,0,0,0,0,0,0,0,0,0,0,0,0,0,0,0,0,0,0,0,0,0,0,0,0,0,0,
421,421,HIGHWAY LABOR,14212,PURCHASE OF SERVICE,531006,0100-4-421-0000-00-0-00-2-531006,0,0,0,0,0,0,0,0,0,0,0,0,0,0,0,0,0,0,0,0,0,0,0,0,0,0,0,0,0,0,0,6000,0,6000,6000,0,0,0,0,0,0,0,0,0,0,0,0,0,0,0,0,0,0,0,0,0,0,0,0,0,0,0,0,0,0,0,0,0,0,0,0,0,0,0,0,0,0,0,0,0,
421,421,HIGHWAY LABOR,14212,UNIFORM ALLOWANCE REIMBURSEMEN,558000,0100-4-421-0000-00-0-00-2-558000,7700,0,0,7900,4462,7700,1100,0,8800,8388.9,7700,800,0,8500,8416.58,7700,0,0,7748.74,6814.62,7700,1000,0,8700,8103.53,8800,0,0,8800,6453.81,10000,2500,0,12500,11573.53,7000,2584.63,0,9584.63,9584.63,0,0,0,0,0,0,0,0,0,0,0,0,0,0,0,0,0,0,0,0,0,0,0,0,0,0,0,0,0,0,0,0,0,0,0,0,0,0,0,0,
,,HIGHWAY LABOR Total,,,,,609066.45,,,,364656.62,589647.16,,,,549761.52,563104.17,,,,489820.35000000003,501105.45,,,,490478.45,499996.13,,,,425457.03,533128.7,,,,392645.77,512824.34,,,,418734.44000000006,472606.02,,,,428733.31,439454,,,,445651.2,406353,,,,394120.68,381867,,,,374024.43,371725,,,,370700.76000000007,380896,,,,346108.06999999995,387114,,,,350738.06999999995,391699,,,,369862.42,344989,,,,384782.71,
423,423,SNOW REMOVAL,14231,SALARIES TEMPORARY POSITIONS,512100,0100-4-423-0000-00-0-00-1-512100,0,0,0,0,0,0,0,0,0,0,0,0,0,0,0,0,0,0,0,0,0,0,0,0,0,0,0,0,0,0,0,0,0,0,0,0,0,0,0,0,0,0,0,0,0,0,0,0,0,0,0,0,0,0,0,0,0,0,0,0,0,0,0,0,0,0,0,0,0,0,0,0,0,0,0,0,0,0,0,270.38,
423,423,SNOW REMOVAL,14231,SALARIES OVERTIME,513000,0100-4-423-0000-00-0-00-1-513000,22849.16,0,0,22849.16,37844.25,22849.16,25520.86,0,48370.02,48591.87,22849.16,61549.35,0,84398.51,84398.51,18720,52088.16,0,70808.16,70808.16,18720,30793.92,0,49513.92,49513.92,18720,31458.64,0,50178.64,50178.64,18720,39380.97,0,58100.97,58100.97,18720,38810.9,0,57530.9,57530.9,18000,49148.15,0,67148.15,67148.15,18000,13365.16,0,31365.16,31365.16,18000,54266.88,0,72266.88,71673.14,18000,66107.72,0,84107.72,84107.72,18025,28370.99,0,46395.99,46395.99,17500,0,0,17500,17747.25,17500,24946,0,42446,42445.43,8000,516,0,8516,41516.15,
423,423,SNOW REMOVAL,14232,CONTRACTED SERVICES,531003,0100-4-423-0000-00-0-00-2-531003,114500,0,0,114500,255264.6,114500,158655.22,0,273155.22,273155.22,114500,249665.54,0,364165.54,364165.54,114500,37110.06,-5400,146210.06,146210.06,114500,35373.72,0,149873.72,149873.72,114500,48795.57,-9000,154295.57,154295.57,114500,14882.22,-9000,120382.22,120382.22,114500,62761.29,0,177261.29,177261.29,114500,98317.98,0,212817.98,212817.98,129500,0,-43867.91,85632.09,85632.09,114500,100170.52,-32551.64,182118.88,178292.39,55000,130303.87,0,185303.87,185303.87,55000,121345.07,0,176345.07,176345.07,55000,57433.37,0,112433.37,193440.37,55000,46684.2,0,101684.2,130067.85,52000,0,0,52000,70911.84,
423,423,SNOW REMOVAL,14232,PURCHASE OF SERVICE,531006,0100-4-423-0000-00-0-00-2-531006,5000,0,0,5000,2275,5000,46562.22,-25290.58,26271.64,26271.64,0,0,0,0,0,0,1044.19,0,1044.19,1044.19,0,835,0,835,835,0,9263.55,0,9263.55,9263.55,0,9000,-38.04,8961.96,8961.45,0,0,0,0,0,0,0,0,0,0,0,0,0,0,0,0,0,0,0,0,0,0,0,0,0,0,0,0,0,0,0,0,0,0,0,0,0,0,0,0,0,0,0,0,0,
423,423,SNOW REMOVAL,14232,SUPPLIES SNOW,531029,0100-4-423-0000-00-0-00-2-531029,205151,0,0,205151,120078.54,205151,20782.56,0,225933.56,220570.39,205151,101076.91,0,306227.91,306227.91,135000,85530.38,0,220530.38,216334,135000,11829.91,0,146829.91,146829.91,135000,7187.61,0,142187.61,142187.61,135000,17929.85,0,152929.85,152929.85,135000,37026.3,-35.74,171990.56,171990.56,135000,35182.49,0,170182.49,170182.49,120000,38779.28,0,158779.28,158779.28,120000,106850.24,0,226850.24,231270.47,170000,32588.41,0,202588.41,209648.68,170000,0,-42326.48,127673.52,127673.52,170000,0,0,170000,96245.75,170000,26.76,0,170026.76,142998.74,120000,64766.46,0,184766.46,199478.11,
423,423,SNOW REMOVAL,14232,HIRED EQUIPMENT SNOW,531030,0100-4-423-0000-00-0-00-2-531030,7500,0,0,7500,5678.45,7500,0,-230.28,7269.72,0,7500,0,-7500,0,0,7500,5400,0,12900,12042.89,7500,0,-7500,0,0,7500,0,-7500,0,0,7500,0,-7500,0,0,7500,0,-7500,0,0,7500,0,-6524.57,975.43,975.43,7500,0,-7500,0,0,7500,0,-7500,0,0,7500,0,0,7500,0,7500,0,-7500,0,0,7500,0,0,7500,0,7500,0,0,7500,6144,20000,0,0,20000,4206,
,,SNOW REMOVAL Total,,,,,355000.16000000003,,,,421140.83999999997,355000.16000000003,,,,568589.12,350000.16000000003,,,,754791.96,275720,,,,446439.30000000005,275720,,,,347052.55000000005,275720,,,,355925.37,275720,,,,340374.49,275720,,,,406782.75,275000,,,,451124.05,275000,,,,275776.53,260000,,,,481236,250500,,,,479060.26999999996,250525,,,,350414.58,250000,,,,307433.37,250000,,,,321656.02,200000,,,,316382.48,
425,425,TRAFFIC SIGNS & DEVICES,14252,ELECTRICITY CHARGES,521011,0100-4-425-0000-00-0-00-2-521011,1000,0,0,1222.73,689.79,1000,0,0,1094.01,931.39,1700,0,0,1766.06,991.11,1700,560,0,2260,1957.57,1700,0,-900,800,975.96,1700,0,0,1700,992.3,1700,0,-696.66,1003.34,1003.34,1700,0,-620.31,1079.69,1079.69,1700,0,-592.07,1107.93,1107.93,1575,0,-545.39,1029.61,1029.61,1575,0,-534.76,1040.24,1040.24,1575,0,0,1575,927.7,1575,0,-638.94,936.06,936.06,1575,0,-457.23,1117.77,1117.77,1500,0,-468.81,1031.19,1031.19,1500,0,-362.03,1137.97,1137.97,
425,425,TRAFFIC SIGNS & DEVICES,14252,LINE PAINTING,521018,0100-4-425-0000-00-0-00-2-521018,17500,0,0,17500,0,17500,0,-17500,0,0,17500,0,0,24107.04,4165,17500,0,-4560,12940,6332.96,17500,0,-11100,6400,5648.84,17500,0,0,17500,15136.99,17500,0,-9843.71,7656.29,7656.29,17500,5460.15,-93.26,22866.89,22866.89,17500,0,-17500,0,0,17425,0,-76.95,17348.05,17348.05,17425,1887.14,0,19312.14,19312.14,17000,0,-2000,15000,14933.19,17000,1200,-1088.03,17111.97,17111.97,17000,2580.72,0,23225.1,23225.1,7500,1300,-250,8550,4905.62,11250,220.69,0,11470.69,11470.69,
425,425,TRAFFIC SIGNS & DEVICES,14252,PURCHASE OF SERVICE,531006,0100-4-425-0000-00-0-00-2-531006,0,0,0,0,0,0,0,0,0,0,0,0,0,0,0,0,0,0,0,0,0,0,0,0,0,0,0,0,0,0,0,0,0,0,0,0,0,0,0,0,0,0,0,0,0,0,0,0,0,0,0,0,0,0,0,0,0,0,0,0,0,0,0,0,0,0,0,0,0,0,0,0,0,0,0,0,0,0,0,0,
425,425,TRAFFIC SIGNS & DEVICES,14252,SUPPLIES,541018,0100-4-425-0000-00-0-00-2-541018,10000,0,0,10000,3223.25,10000,0,0,10000,5809.94,9053,0,0,9053,7682.15,9053,4000,0,13053,12655.85,9053,0,-2329.91,6723.09,6628.15,9053,0,0,9053,6767.4,9053,0,-5401.13,3651.87,3651.87,9053,0,-5460.15,3592.85,3592.85,9053,0,-5450.77,3602.23,3602.23,8745,0,-4266.19,4478.81,4478.81,8000,0,-5468.18,2531.82,2531.82,8000,6027.02,0,14027.02,14026.98,8000,0,-1040.85,21759.15,21759.15,20000,0,-3134.7,16865.3,2065.3,3650,0,-1517.8,2132.2,2132.2,3650,0,-2307.58,1424.7,1424.7,
,,TRAFFIC SIGNS & DEVICES Total,,,,,28500,,,,3913.04,28500,,,,6741.33,28253,,,,12838.259999999998,28253,,,,20946.38,28253,,,,13252.95,28253,,,,22896.69,28253,,,,12311.5,28253,,,,27539.429999999997,28253,,,,4710.16,27745,,,,22856.47,27000,,,,22884.2,26575,,,,29887.870000000003,26575,,,,39807.18000000001,38575,,,,26408.17,12650,,,,8069.009999999999,16400,,,,14033.36,
429,429,VEHICLE MAINTENANCE,14292102,PURCHASE OF SERVICE,531006,0100-4-429-0210-00-0-00-2-531006,9000,0,0,9192,500.14,9000,2500,0,11535,9563.22,9000,0,0,9000,6523.53,9000,0,-1317.86,7682.14,2752.15,9000,1000,-2000,8210,8068.2,9000,0,-782.15,8217.85,6124.82,9000,3000,-883.05,11116.95,10664.33,9925,0,-2172.29,7752.71,7752.71,9925,0,0,9925,3506.43,9925,0,-8286.62,1638.38,1494.93,8000,0,-3368.38,4631.62,4237.58,8000,0,-7041.05,958.95,958.95,10000,0,-6651.79,3348.21,3348.21,10000,0,-5200,4800,576.04,10000,0,-2081.29,7918.71,4226.68,11450,0,-4099.05,7386.95,7386.95,
429,429,VEHICLE MAINTENANCE,14292102,SUPPLIES,541018,0100-4-429-0210-00-0-00-2-541018,18000,0,0,18000,8027.21,18000,0,-2500,23163.6,17189.7,18000,0,0,18000,11499.7,18000,0,0,21045.69,15914.54,18000,18000,-1000,37162.56,29307.1,18000,782.15,0,19082.15,16919.59,18000,3883.05,0,36451.09,36151.09,19750,16420.88,0,36170.88,21602.84,19750,0,0,19750,10811.42,17500,0,0,17500,15224.72,13030,9539,-44.96,22524.04,21885.64,13030,5800,-2077.39,16752.61,16752.61,11845,3000,-766.68,14078.32,14078.32,11500,5200,0,16700,16403.69,11500,0,-3193.07,8306.93,8306.93,11500,0,-1668.73,9831.27,9831.27,
429,429,VEHICLE MAINTENANCE,14292102,FUEL CHARGES,541019,0100-4-429-0210-00-0-00-2-541019,40000,0,0,40000,7894.54,40000,0,0,40000,35139.54,40000,0,0,40000,36956.57,40000,1317.86,0,41317.86,41317.86,40000,1023.09,-11000,30523.09,35104.98,40000,0,0,40000,28709.48,40000,0,-6000,34000,31239.71,46350,0,-12893.07,33456.93,33456.93,45000,0,0,45000,28913.02,45000,0,-13124.06,31875.94,29187.76,44770,634.83,0,45404.83,45096.87,44770,7352.23,0,52122.23,52122.23,40700,4320.99,0,45020.99,45020.99,37000,1525.72,0,38525.72,43045.99,34050,0,0,34050,37742.03,34050,0,-3606.06,30443.94,30443.94,
429,429,VEHICLE MAINTENANCE,14292202,PURCHASE OF SERVICE,531006,0100-4-429-0220-00-0-00-2-531006,17000,0,0,17000,9245.92,17000,0,0,17329.14,11247.26,17000,330,-59.94,17270.06,16940.92,17000,0,0,17000,12910.94,17000,0,-1278,15722,9644.95,17000,21463.71,0,38463.71,35882.96,17000,27253.19,-3789.45,40463.74,25576.14,17000,9799,0,26799,26632.86,17000,4000,0,21000,18828.74,16924,0,0,16924,11652.85,9500,11200,-4768.95,15931.05,11586.04,6000,10461.71,-6609.63,9852.08,9852.08,6000,7041.84,-1151.25,12320.26,12254.43,7000,1950,-3237.17,5712.83,5079.61,7000,0,-3632.3,3367.7,3367.7,7000,2000,-3679.42,5320.58,5320.58,
429,429,VEHICLE MAINTENANCE,14292202,SUPPLIES,541018,0100-4-429-0220-00-0-00-2-541018,10000,0,0,10000,5855.6,10000,0,0,10000,6831.12,10000,0,-2952.59,7047.41,7047.41,10000,0,0,10000,6707.77,10000,1278,0,11278,11131.7,10000,5120.75,-8944.46,6176.29,5364.56,10000,0,0,10558.31,8020.28,10000,0,-799,9201,7475.66,10000,0,-4000,6430.37,3322.69,9064,0,0,9064,8633.55,9064,4500,0,13564,13065.66,9064,200,-1870.6,7393.4,7393.4,8240,0,-3075.14,5164.86,5164.86,7000,3000,0,10000,9197.8,7000,600,-2266.94,6833.06,6833.06,7000,1100,-2146.01,5953.99,4453.99,
429,429,VEHICLE MAINTENANCE,14292202,FUEL CHARGES,541019,0100-4-429-0220-00-0-00-2-541019,18000,0,0,18000,3610.57,18000,0,0,18000,15475.64,15000,5361.76,0,20361.76,20361.76,15000,0,0,15000,16312.08,15000,0,0,15100,11121.03,15000,16890,-17640,14250,12001.78,15000,3789.45,-11622.19,7167.26,13143.51,18739.82,1479.04,-8000,12218.86,13552.03,18194,0,0,18194,11715.18,18280,0,-5587.32,12692.68,10659.89,18280,0,-7700,10580,15423.35,21780,0,-5959.54,15820.46,15820.46,19800,0,-5719.72,14080.28,14080.28,18000,0,-348.13,17651.87,15031.84,15000,0,-1365.18,13634.82,13634.82,15000,0,-4196.14,10803.86,10803.86,
429,429,VEHICLE MAINTENANCE,14293002,PURCHASE OF SERVICE,531006,0100-4-429-0300-00-0-00-2-531006,0,0,0,0,0,0,0,0,0,0,0,0,0,0,0,0,0,0,0,0,0,0,0,0,0,0,0,0,0,0,0,0,0,0,0,0,0,0,0,0,0,0,0,0,0,0,0,0,0,0,0,0,0,0,0,0,0,0,0,0,0,0,0,0,0,0,0,0,0,0,0,0,0,0,0,700,0,-700,0,0,
429,429,VEHICLE MAINTENANCE,14293002,SUPPLIES,541018,0100-4-429-0300-00-0-00-2-541018,0,0,0,0,0,0,0,0,0,0,0,0,0,0,0,0,0,0,0,0,0,0,0,0,0,0,0,0,0,0,0,0,0,0,0,0,0,0,0,0,0,0,0,0,0,0,0,0,0,0,0,0,0,0,0,0,0,0,0,0,0,0,0,0,0,0,0,0,0,0,0,0,0,0,0,1100,0,-1100,0,0,
429,429,VEHICLE MAINTENANCE,14293002,FUEL CHARGES,541019,0100-4-429-0300-00-0-00-2-541019,0,0,0,0,0,0,0,0,0,0,0,0,0,0,0,0,0,0,0,0,0,0,0,0,0,0,0,0,0,0,0,0,0,0,0,0,0,0,0,0,0,0,0,0,0,0,0,0,0,0,0,0,0,0,0,0,0,0,0,0,0,0,0,0,0,0,0,0,0,0,0,0,0,0,0,1800,0,-1800,0,0,
429,429,VEHICLE MAINTENANCE,14294002,PURCHASE OF SERVICE,531006,0100-4-429-0400-00-0-00-2-531006,5000,7200,0,12200,10742.91,5000,0,0,5200,3668.88,7850,500,0,8350,8305.45,7850,0,0,8188.3,4585.74,7850,0,-4000,3850,2960.93,7850,0,0,7850,4581.66,7850,5000,0,12850,10367.18,7850,0,-208.13,7641.87,7641.87,7850,1904.4,0,9754.4,9754.4,7843,264.67,-2277.89,5829.78,5829.78,6000,0,-1472.81,4527.19,4527.19,6000,2658.48,0,8658.48,8645.84,6000,0,-4164.29,1835.71,1835.71,9000,0,-6442.69,2557.31,2557.31,9000,0,-4784.9,4215.1,4215.1,9000,144,-0.71,9143.29,9143.29,
429,429,VEHICLE MAINTENANCE,14294002,TOOLS VEHICLE MAINTENANCE,541011,0100-4-429-0400-00-0-00-2-541011,750,0,0,750,667.98,750,0,0,750,649.99,2000,0,-500,1500,634.52,2000,0,0,2000,863.07,2000,0,-1000,1000,473.54,2000,0,0,2000,481.38,2000,2500,0,4500,1484.41,2000,0,-1921.28,78.72,78.72,2000,0,-218.57,1781.43,1781.43,2000,997.93,0,2997.93,2997.93,2000,0,-334.59,1665.41,1665.41,2000,0,-1814.66,185.34,185.34,2000,0,-1331.75,668.25,668.25,2000,0,-2000,0,0,2000,0,-2000,0,0,2000,0,-2000,0,0,
429,429,VEHICLE MAINTENANCE,14294002,SUPPLIES,541018,0100-4-429-0400-00-0-00-2-541018,25000,0,0,25000,13838.52,25000,0,0,25000,25840.12,31700,0,0,31900,24336.48,31700,0,0,31700,27687.11,31700,0,-10743.49,20956.51,20956.51,31700,0,0,31700,14458.28,31700,0,-4078,27622,21783.48,31700,1700,-1631.49,31768.51,31768.51,31700,0,-11367.1,20332.9,20332.9,30000,1279.96,-977.28,30302.68,30302.68,28817,0,-7478.63,21338.37,21338.37,27548,1814.66,-2658.48,26704.18,26565.91,25044,5720.17,-723.72,30040.45,30040.45,21315,3000,-646.81,23668.19,23668.19,20300,0,-924.38,19375.62,19375.62,20300,0,-4650.75,15649.25,15649.25,
429,429,VEHICLE MAINTENANCE,14294002,FUEL CHARGES,541019,0100-4-429-0400-00-0-00-2-541019,32000,0,0,32000,39038.35,32000,0,0,32000,25681.26,31930,7500,0,39430,29206.3,31930,0,0,36958.76,26672.66,31930,0,-20785.18,19213.3,14054.28,31930,0,0,31930,20377.22,31930,0,-12373.48,19556.52,19556.52,31930,0,-18378.35,13551.65,13551.65,31000,0,-7388.97,23611.03,23611.03,31000,0,-18798.54,12201.46,12201.46,31000,0,-12671.28,18328.72,18328.72,29040,0,-4312.16,24727.84,24727.84,26400,0,-3463.52,22936.48,22936.48,24000,5157.69,0,39157.69,39157.49,21735,0,-1039.6,20695.4,10695.4,21735,0,-7713.21,15321.79,15321.79,
429,429,VEHICLE MAINTENANCE,14294002,VEHICLE LIFT,582012,0100-4-429-0400-00-0-00-2-582012,0,0,0,0,0,0,0,0,0,0,0,0,0,0,0,0,0,0,0,0,0,0,0,0,0,0,0,0,0,0,0,0,0,0,0,0,0,0,0,0,0,15000,0,15000,14832.5,0,0,0,0,0,0,0,0,0,0,0,0,0,0,0,0,0,0,0,0,0,0,0,0,0,0,0,0,0,0,0,0,0,0,0,
429,429,VEHICLE MAINTENANCE,14294002,PURCHASE PICKUP TRUCK,587008,0100-4-429-0400-00-0-00-2-587008,0,0,0,0,0,0,0,0,0,0,0,0,0,0,0,0,0,0,0,0,0,0,0,0,0,0,0,0,0,0,0,4078,0,4078,4078,0,0,0,0,0,0,0,0,0,0,0,0,0,0,0,0,0,0,0,0,0,0,0,0,0,0,0,0,0,0,0,0,0,0,0,0,0,0,0,0,0,0,0,0,0,
,,VEHICLE MAINTENANCE Total,,,,,174750,,,,99421.73999999999,174750,,,,151286.73,182480,,,,161812.63999999998,182480,,,,155723.92,182480,,,,142823.21999999997,182480,,,,144901.73,182480,,,,182064.65,195244.82,,,,163513.78,192419,,,,147409.74,187536,,,,128185.54999999999,170461,,,,157154.83000000002,167232,,,,163024.66,156029,,,,149427.98,146815,,,,154717.96,137585,,,,108397.34,142635,,,,108354.92000000001,
433,433,RECYCLING PROGRAM,14331,SALARIES OVERTIME,513000,0100-4-433-0000-00-0-00-1-513000,0,0,0,0,0,0,0,0,0,0,0,0,0,0,0,0,0,0,0,0,0,0,0,0,0,0,0,0,0,0,0,0,0,0,0,0,0,0,0,0,0,0,0,0,0,0,0,0,0,0,0,0,0,0,0,2500,0,0,2500,0,2500,0,-2500,0,0,2500,0,-43.32,2456.68,0,0,3105.31,-3105.31,0,0,0,0,0,0,2894.4,
433,433,RECYCLING PROGRAM,14332,EXPENSES RECYCLING PROGRAM,521023,0100-4-433-0000-00-0-00-2-521023,457000,0,0,457000,187974.63,340000,0,0,368388.7,356265.7,300000,38000.46,0,358991,320280.19,342000,0,0,342000,250814.72,206000,0,0,206000,205477.78,206000,0,0,206000,195568.7,144268.8,0,0,144268.8,141188.68,141440,0,0,141440,136674.31,161400,0,0,162900,135137.14,134500,1499.12,0,135999.12,134499.12,182333,8267.27,-53754,149172.23,149172.23,165544,0,-6014,171768.48,140415.39,145592,0,-501.75,145090.25,132851.77,125000,62948.35,0,187948.35,189265.45,125000,53863.43,0,197744.43,197744.43,100000,65000,-4152.66,160847.34,139071.94,
433,433,RECYCLING PROGRAM,14332,HOUSEHOLD HAZARDOUS WASTE,521026,0100-4-433-0000-00-0-00-2-521026,5600,0,-176,5424,5404,5600,0,0,5600,5354,5600,0,0,5600,5354,5600,0,0,5600,5354,5600,0,0,5600,5354,5600,0,0,5600,5354,5461.08,0,0,5461.08,5354,5354,0,0,5354,5354,6120,0,0,6120,5354,6000,0,-646,5354,5354,5354,0,0,5354,5354,7500,0,-2146,5354,5354,0,0,0,0,0,0,0,0,0,0,0,0,0,0,0,0,0,0,0,0,
433,433,RECYCLING PROGRAM,14332,DUES/MEMBERSHIP,573000,0100-4-433-0000-00-0-00-2-573000,7175,176,0,7351,7354,7175,0,0,7175,7175,7034,0,0,7034,7034,7034,0,0,7034,7034,7034,0,0,7034,7034,6850,0,0,6850,6829,6630,0,0,6630,6630,6436,0,0,6436,6436,6630,0,0,6630,6249,6500,0,-433,6067,6067,6067,0,0,6067,6067,7548,0,-1481,6067,6067,0,0,0,0,0,0,0,0,0,0,0,0,0,0,0,0,0,0,0,0,
,,RECYCLING PROGRAM Total,,,,,469775,,,,200732.63,352775,,,,368794.7,312634,,,,332668.19,354634,,,,263202.72,218634,,,,217865.78,218450,,,,207751.7,156359.87999999998,,,,153172.68,153230,,,,148464.31,174150,,,,146740.14,147000,,,,145920.12,193754,,,,160593.23,183092,,,,151836.39,148092,,,,132851.77,127500,,,,189265.45,125000,,,,197744.43,100000,,,,141966.34,
491,491,CEMETERY DEPARTMENT,14911,SALARIES DIVISION/DEPT HEADS,511000,0100-4-491-0000-00-0-00-1-511000,67284.13,0,0,67284.13,39958.07,65391.66,0,0,65391.66,65391.56,62480.06,0,0,62480.06,62480.01,56603.8,2865.58,-341.98,59127.4,59127.4,55223.42,349.49,0,55572.91,55572.91,53022.36,607.03,0,53629.39,53629.39,49340.93,1373.91,0,50714.84,50714.84,48137.44,185.14,0,48322.58,48322.58,45085,1717.99,0,46802.99,46802.99,45772,3097.81,0,48869.81,48869.81,45598,4723,0,50321,50320.39,45598,0,0,45598,45597.74,45598,0,-174.96,45423.04,45423.04,44704,0,-128.9,44575.1,44575.1,43827,0.12,0,43827.12,43827.12,43828,0,-840.48,42987.52,42987.52,
491,491,CEMETERY DEPARTMENT,14911,SEASONAL SALARIES,512106,0100-4-491-0000-00-0-00-1-512106,14476.35,0,0,14476.35,9739.66,11785.82,0,-10324.58,1461.24,1804,11785.82,0,0,11785.82,11634.19,11785.82,2239.23,0,14025.05,14025.76,0,0,0,0,0,0,0,0,0,0,0,0,0,0,0,0,0,0,0,0,0,0,0,0,0,0,0,0,0,0,0,0,0,0,0,0,0,0,0,0,0,0,0,0,0,0,0,0,0,0,0,0,0,0,0,0,0,0,0,0,
491,491,CEMETERY DEPARTMENT,14911,SALARIES OVERTIME,513000,0100-4-491-0000-00-0-00-1-513000,3500,0,0,3500,1256.76,3500,885.66,0,4385.66,4479.98,2000,1251,0,3251,3250.19,2000,1289.62,0,3289.62,3289.62,2000,2086.22,0,4086.22,4086.22,2000,211.13,0,2211.13,2211.13,1040,0,-50,990,943.65,1040,958.94,0,1998.94,1998.94,1040,172.41,0,1212.41,1212.41,1000,0,-462.83,537.17,537.17,1000,37,-98.66,938.34,307.86,1000,0,0,1000,524.12,1030,0,-407.6,622.4,622.4,1000,0,-486.16,513.84,513.84,1000,0,-732.37,267.63,267.63,1000,0,-826.83,173.17,173.17,
491,491,CEMETERY DEPARTMENT,14911,LONGEVITY PAY,514002,0100-4-491-0000-00-0-00-1-514002,1350,0,0,1350,0,850,0,0,850,850,850,0,0,850,850,850,0,0,850,850,850,0,0,850,850,850,0,0,850,850,0,0,0,0,0,1000,0,-1000,0,0,0,0,0,0,0,1488,0,-1488,0,0,1482,49,0,1531,1626.56,1254,0,0,1254,1253.94,1254,0,-4.87,1249.13,1249.13,1230,0,-0.65,1229.35,1229.35,1205,0.25,0,1205.25,1205.25,1206,0,-5.37,1200.63,1200.63,
491,491,CEMETERY DEPARTMENT,14911,UNIFORM ALLOWANCE,519001,0100-4-491-0000-00-0-00-1-519001,0,0,0,0,0,0,0,0,0,0,0,0,0,0,0,0,0,0,0,0,0,0,0,0,0,0,0,0,0,0,0,0,0,0,0,0,0,0,0,0,650,350,0,1000,1000,650,0,0,650,650,650,0,0,650,650,650,0,0,650,650,650,0,0,650,650,650,0,0,650,650,650,0,0,650,650,650,0,0,650,650,
491,491,CEMETERY DEPARTMENT,14911,CONTRACT EVALUATION STIPEND,519010,0100-4-491-0000-00-0-00-1-519010,800,0,0,800,0,800,0,0,800,0,800,0,0,800,800,800,0,0,800,800,800,0,0,800,800,800,0,0,800,800,750,50,0,800,800,750,0,-250,500,500,0,0,0,0,0,0,0,0,0,0,0,0,0,0,0,0,0,0,0,0,0,0,0,0,0,0,0,0,0,0,0,0,0,0,0,0,0,0,0,0,
491,491,CEMETERY DEPARTMENT,14912,PURCHASE OF SERVICE,531006,0100-4-491-0000-00-0-00-2-531006,22000,0,-2000,20000,6247.06,22000,9929.26,-1000,30957.21,29278.41,7500,11200,0,18700,18691.06,7500,1209.28,-582,8127.28,8148.74,7500,0,-691.6,6808.4,6808.4,0,0,0,0,0,0,0,0,1080,1080,0,1080,0,1080,0,0,0,0,0,0,0,0,0,0,0,0,0,0,0,0,0,0,0,0,0,0,0,0,0,0,0,0,0,0,0,0,0,0,0,0,0,0,0,0,0,
491,491,CEMETERY DEPARTMENT,14912,SUPPLIES,541018,0100-4-491-0000-00-0-00-2-541018,3000,2000,0,5000,3018.54,3000,3800,0,6800,6384.01,10000,0,-8830,1170,1006.8,10000,0,-2352.06,7647.94,7625.77,0,0,0,0,0,0,0,0,0,0,0,0,0,0,0,0,0,0,0,0,0,0,0,0,0,0,0,0,0,0,0,0,0,0,0,0,0,0,0,0,0,0,0,0,0,0,0,0,0,0,0,0,0,0,0,0,0,0,0,0,
491,491,CEMETERY DEPARTMENT,14912,FUEL CHARGES,541019,0100-4-491-0000-00-0-00-2-541019,3500,0,0,3500,1097.44,3500,0,0,3500,3215.71,2500,1330,0,3830,3862.48,2500,420.34,0,2920.34,2920.34,2500,505.58,-1235.93,1769.65,1769.65,0,0,0,0,0,0,0,0,0,0,0,0,0,0,0,0,0,0,0,0,0,0,0,0,0,0,0,0,0,0,0,0,0,0,0,0,0,0,0,0,0,0,0,0,0,0,0,0,0,0,0,0,0,0,0,
491,491,CEMETERY DEPARTMENT,14912,UNIFORM ALLOWANCE REIMBURSEMEN,558000,0100-4-491-0000-00-0-00-2-558000,2200,0,0,2200,614.01,2200,0,0,2200,764.13,2200,0,0,2200,1170.87,2200,0,-444.9,1755.1,1755.1,1100,0,-108.59,991.41,991.41,1100,0,0,1100,942.2,0,0,0,0,0,0,0,0,0,0,0,0,0,0,0,0,0,0,0,0,0,0,0,0,0,0,0,0,0,0,0,0,0,0,0,0,0,0,0,0,0,0,0,0,0,0,0,0,0,0,
491,491,CEMETERY DEPARTMENT,14912,PURCHASE MOWER,587028,0100-4-491-0000-00-0-00-2-587028,0,0,0,0,0,0,0,0,0,0,0,0,0,0,0,0,9089.94,0,9089.94,9089.94,0,0,0,0,0,0,0,0,0,0,0,0,0,0,0,0,0,0,0,0,0,0,0,0,0,0,0,0,0,0,0,0,0,0,0,0,0,0,0,0,0,0,0,0,0,0,0,0,0,0,0,0,0,0,0,0,0,0,0,0,
,,CEMETERY DEPARTMENT Total,,,,,118110.48000000001,,,,61931.54,113027.48000000001,,,,112167.8,100115.88,,,,103745.59999999999,94239.62,,,,107632.67000000001,69973.42,,,,70878.59,57772.36,,,,58432.719999999994,51130.93,,,,53538.49,50927.44,,,,50821.520000000004,46775,,,,49015.4,48910,,,,50056.979999999996,48730,,,,52904.81,48502,,,,48025.8,48532,,,,47944.57,47584,,,,46968.28999999999,46682,,,,45950,46684,,,,45011.31999999999,
512,512,GENERAL HEALTH EXPENSE,15121,SALARIES DIVISION/DEPT HEADS,511000,0100-5-512-0000-00-0-00-1-511000,49792.16,0,0,49792.16,29541.76,43197.44,3744,0,46941.44,46947.65,43197.44,850,0,44047.44,43797.12,41666.5,955.48,0,42621.98,44406.98,33265.6,4483,0,37748.6,39399.63,33510.2,615.2,0,34125.4,35460.4,32420.96,0,0,32420.96,32420.96,31475.24,623.27,0,32098.51,32097.16,31475,0,0,31475,31476.43,30274,0,0,30274,31195,30313,454,0,30767,30771.54,29974,0,0,29974,29974.4,21601,7000,0,28601,28081.04,31294,0,0,31294,31293.6,30525,0,0,30525,30534.9,28933,438.26,-1043,28328.26,28520.63,
512,512,GENERAL HEALTH EXPENSE,15121,LONGEVITY PAY,514002,0100-5-512-0000-00-0-00-1-514002,1850,0,0,1850,1850,1350,0,0,1350,1350,1350,0,0,1350,1350,1350,0,0,1350,1350,1350,0,0,1350,1350,1350,0,0,1350,1350,850,0,0,850,850,623.27,226.33,0,849.6,850,623,0,0,623,625.67,601,0,0,601,618.8,600,9,0,609,607.21,0,0,0,0,0,0,0,0,0,0,0,0,0,0,0,0,0,0,0,0,0,0,0,0,0,
512,512,GENERAL HEALTH EXPENSE,15121,SICK LEAVE BUY BACK,517004,0100-5-512-0000-00-0-00-1-517004,0,0,0,0,0,0,0,0,0,0,0,0,0,0,0,0,0,0,0,0,0,0,0,0,0,0,0,0,0,0,0,0,0,0,0,0,0,0,0,0,0,0,0,0,0,0,5587.32,0,5587.32,5587.32,0,0,0,0,0,0,0,0,0,0,0,0,0,0,0,0,0,0,0,0,0,0,0,0,0,0,0,0,0,0,
512,512,GENERAL HEALTH EXPENSE,15121,CONTRACT EVALUATION STIPEND,519010,0100-5-512-0000-00-0-00-1-519010,0,0,0,0,0,0,0,0,0,0,0,0,0,0,0,0,0,0,0,0,0,0,0,0,0,0,0,0,0,0,0,0,0,0,0,0,0,0,0,0,0,0,0,0,0,0,0,0,0,0,0,0,0,0,0,0,0,0,0,0,0,0,0,0,0,0,0,0,0,0,0,0,0,0,0,0,0,0,0,0,
512,512,GENERAL HEALTH EXPENSE,15122,PURCHASE OF SERVICE,531006,0100-5-512-0000-00-0-00-2-531006,75,0,0,75,0,75,0,0,75,0,75,0,0,75,0,75,0,0,75,0,75,0,0,75,0,125,0,0,125,0,125,0,0,125,0,125,0,0,125,0,125,0,0,125,0,120,0,0,120,0,120,0,-0.16,119.84,0,120,0,-0.32,119.68,30,120,0,0,120,0,120,0,0,120,35,120,0,0,120,0,120,0,-120,0,0,
512,512,GENERAL HEALTH EXPENSE,15122,TRAINING,531012,0100-5-512-0000-00-0-00-2-531012,0,0,0,0,0,0,0,0,0,0,0,0,0,0,0,0,0,0,0,0,0,0,0,0,0,0,0,0,0,0,0,0,0,0,0,0,0,0,0,0,0,0,0,0,0,0,0,0,0,0,0,0,0,0,0,0,0,0,0,0,0,0,0,0,0,0,0,0,0,0,0,0,0,0,0,0,0,0,0,0,
512,512,GENERAL HEALTH EXPENSE,15122,RABID ANIMAL CONTROL,531031,0100-5-512-0000-00-0-00-2-531031,400,0,0,400,0,400,0,0,400,0,400,0,-400,0,0,400,0,0,400,0,500,0,0,500,0,500,0,0,1000,0,500,0,0,500,0,500,0,0,840.5,340.5,313,368.1,0,681.1,82.95,300,420,0,720,566.36,300,720,0,1020,818.34,300,0,0,300,0,200,0,0,200,0,200,0,0,200,182,200,0,0,200,60,0,200,0,200,108.2,
512,512,GENERAL HEALTH EXPENSE,15122,POSTAGE,534400,0100-5-512-0000-00-0-00-2-534400,85,0,0,85,0,85,0,0,85,0,85,0,0,85,0,85,0,0,85,0,85,0,0,85,0,85,0,0,160,0,85,0,0,85,0,85,0,0,85,0,234,0,0,234,0,225,0,-200,25,0,225,0,-200,25,0,225,0,0,225,0,225,0,0,225,46,225,0,0,225,0,225,0,0,225,0,225,0,-163,62,17.6,
512,512,GENERAL HEALTH EXPENSE,15122,ADVERTISING,534500,0100-5-512-0000-00-0-00-2-534500,0,0,0,0,0,0,0,0,0,0,0,0,0,0,0,0,0,0,0,0,0,0,0,0,0,0,0,0,0,0,0,0,0,0,0,0,0,0,0,0,0,0,0,0,0,0,0,0,0,0,0,0,0,0,0,0,0,0,0,0,0,0,0,0,0,0,0,0,0,0,0,0,0,0,0,0,0,0,0,0,
512,512,GENERAL HEALTH EXPENSE,15122,OFFICE SUPPLIES,540000,0100-5-512-0000-00-0-00-2-540000,650,0,0,650,156.94,650,0,0,650,235.91,650,0,0,650,370.76,650,0,0,650,0,650,0,0,650,112.34,500,0,0,1000,183.68,500,0,0,500,0,500,0,0,500,0,520,0,-368.1,151.9,151.9,500,0,0,500,64.16,500,0,-100,400,0,500,0,0,500,156.36,500,0,0,500,71.66,500,0,0,500,46.79,500,0,0,500,312.29,500,0,-300,200,143.83,
512,512,GENERAL HEALTH EXPENSE,15122,EMER PREPAREDNESS SUPPLIES,541023,0100-5-512-0000-00-0-00-2-541023,500,0,0,500,0,500,0,0,500,0,500,0,-450,50,0,500,0,0,500,0,400,0,0,400,0,300,0,0,300,0,300,0,0,300,0,300,0,0,300,0,312,0,0,312,0,300,0,-100,200,0,300,0,-300,0,0,300,0,0,300,0,300,0,0,300,0,300,0,0,300,0,300,0,0,300,0,500,0,-500,0,0,
512,512,GENERAL HEALTH EXPENSE,15122,MILEAGE REIMBURSEMENT,571000,0100-5-512-0000-00-0-00-2-571000,25,0,0,25,0,25,0,0,25,0,25,0,0,25,0,25,0,0,25,0,25,0,0,25,0,50,0,0,50,0,50,0,0,50,0,50,0,0,50,0,52,0,0,52,0,50,0,0,50,0,50,0,0,50,0,50,0,0,50,35.61,150,0,0,150,54.81,150,0,0,150,0,150,0,0,150,0,150,0,-150,0,0,
512,512,GENERAL HEALTH EXPENSE,15122,DUES/MEMBERSHIP,573000,0100-5-512-0000-00-0-00-2-573000,0,0,0,0,0,0,0,0,0,0,0,0,0,0,0,0,0,0,0,0,0,0,0,0,0,100,0,0,100,0,100,0,0,100,0,100,0,0,100,0,104,0,0,104,0,100,0,-0.2,99.8,0,100,0,0,100,0,100,0,0,100,0,100,0,0,100,100,100,0,0,100,100,100,0,0,100,0,100,0,-100,0,0,
512,512,GENERAL HEALTH EXPENSE,15122,MEETINGS/SCHOOL,573100,0100-5-512-0000-00-0-00-2-573100,50,0,0,50,0,50,0,0,50,0,50,0,0,50,0,50,0,0,50,0,50,0,0,50,0,125,0,0,125,0,125,0,0,125,0,125,0,0,125,0,125,0,0,125,0,120,0,-120,0,0,120,0,-120,0,0,120,0,0,120,0,120,0,0,120,60,120,0,0,120,0,120,0,0,120,128,220,0,-220,0,0,
,,GENERAL HEALTH EXPENSE Total,,,,,53427.16,,,,31548.699999999997,46332.44,,,,48533.560000000005,46332.44,,,,45517.880000000005,44801.5,,,,45756.98,36400.6,,,,40861.969999999994,36645.2,,,,36994.08,35055.96,,,,33270.96,33883.51,,,,33287.66,33883,,,,32336.95,32590,,,,38031.64,32628,,,,32197.09,31689,,,,30196.370000000003,23316,,,,28413.510000000002,33009,,,,31657.39,32240,,,,31035.190000000002,30748,,,,28790.260000000002,
521,521,NASHOBA HEALTH,15212,NASHOBA HEALTH,560010,0100-5-521-0000-00-0-00-2-560010,43468.51,0,0,43468.51,43468.51,39516.83,0,0,39516.83,39516.83,36759.84,0,0,36759.84,36759.84,30032.67,0,0,30032.67,30032.67,28602.54,0,0,28602.54,28602.52,27240.51,0,0,27240.51,27240.51,25943.35,0,0,25943.35,25943.35,24707.95,0,0,24707.95,24707.95,23532,0,0,23532,23531.4,22846,0,0,28337.83,28337.83,21967,0.32,0,21967.32,16475.49,21967,0.32,0,21967.32,21967.32,21988,0,0,21988,21967.32,25903,0,0,25903,25902,25903,0,0,25903,25902,25903,0,-1,25902,25902,
,,NASHOBA HEALTH Total,,,,,43468.51,,,,43468.51,39516.83,,,,39516.83,36759.84,,,,36759.84,30032.67,,,,30032.67,28602.54,,,,28602.52,27240.51,,,,27240.51,25943.35,,,,25943.35,24707.95,,,,24707.95,23532,,,,23531.4,22846,,,,28337.83,21967,,,,16475.49,21967,,,,21967.32,21988,,,,21967.32,25903,,,,25902,25903,,,,25902,25903,,,,25902,
522,522,NASHOBA NURSING,15222,NASHOBA NURSING,560011,0100-5-522-0000-00-0-00-2-560011,19923.07,0,0,19923.07,19923.07,18111.88,0,0,18111.88,18111.88,16848.26,0,0,16848.26,16848.26,13705.43,0,0,13705.43,13705.43,13052.79,0,0,13052.79,13052.79,12431.23,0,0,12431.23,12431.23,11839.27,0,0,11839.27,11839.27,11275.49,0,0,11275.49,11275.49,10739,0,0,10739,10738.56,10227,0.2,0,12685.66,12685.66,9834,0,-0.16,9833.84,7375.38,9834,0,0,9834,9833.84,9884,0,0,9884,9833.84,7618,0,0,7618,7618,7618,0,0,7618,7618,7618,0,0,7618,7618,
,,NASHOBA NURSING Total,,,,,19923.07,,,,19923.07,18111.88,,,,18111.88,16848.26,,,,16848.26,13705.43,,,,13705.43,13052.79,,,,13052.79,12431.23,,,,12431.23,11839.27,,,,11839.27,11275.49,,,,11275.49,10739,,,,10738.56,10227,,,,12685.66,9834,,,,7375.38,9834,,,,9833.84,9884,,,,9833.84,7618,,,,7618,7618,,,,7618,7618,,,,7618,
524,524,POLICE/FIRE MEDICAL,15242,MEDICAL EXPENSES,531035,0100-5-524-0000-00-0-00-2-531035,4000,0,0,4000,265,4000,0,0,4000,1475,4000,0,0,4000,525,4000,0,-2533,1467,1160,4000,0,-1175,2825,2500,4000,0,-1746,2254,1617.5,4000,0,-584.49,3415.51,1138.99,5000,0,-2123,2877,2082,5000,0,0,5362,362,5000,0,-1699.17,3466.74,913.71,5000,3038.85,-2500,5538.85,5372.94,5000,570,-484.15,5085.85,5085.85,5000,1133.12,0,6133.12,6133.12,4000,5606.98,-3488.69,6118.29,6118.29,2500,4543.35,0,7043.35,7043.35,2000,251,-0.03,2250.97,2250.97,
,,POLICE/FIRE MEDICAL Total,,,,,4000,,,,265,4000,,,,1475,4000,,,,525,4000,,,,1160,4000,,,,2500,4000,,,,1617.5,4000,,,,1138.99,5000,,,,2082,5000,,,,362,5000,,,,913.71,5000,,,,5372.94,5000,,,,5085.85,5000,,,,6133.12,4000,,,,6118.29,2500,,,,7043.35,2000,,,,2250.97,
525,525,PHYSICALS,15252,PHYSICALS,531034,0100-5-525-0000-00-0-00-2-531034,3500,0,0,3500,3048,3500,0,0,4564,3734,3500,0,0,3500,953,3500,2533,-21.98,6011.02,4925,3500,1175,0,5510,5410,3500,1746,0,6947.95,6112.28,3500,584.49,0,4661.67,2809.72,3500,3591,0,7091,6280.64,3500,925,0,4425,4425,3500,500,0,4000,3757,2500,1907,0,4407,4407,2500,0,-1500,1000,300,2500,1584.33,0,6079.33,6079.33,2500,766.6,0,3266.6,1271.6,2500,0,0,2500,1571.6,2200,83.02,0,2433.02,2433.02,
,,PHYSICALS Total,,,,,3500,,,,3048,3500,,,,3734,3500,,,,953,3500,,,,4925,3500,,,,5410,3500,,,,6112.28,3500,,,,2809.72,3500,,,,6280.64,3500,,,,4425,3500,,,,3757,2500,,,,4407,2500,,,,300,2500,,,,6079.33,2500,,,,1271.6,2500,,,,1571.6,2200,,,,2433.02,
541,541,COUNCIL ON AGING,15411,SALARIES DIVISION/DEPT HEADS,511000,0100-5-541-0000-00-0-00-1-511000,82219.68,8002.24,0,90221.92,67224.12,82489.69,5191.31,0,87681,87478.4,78373.92,0,0,78373.92,78373.92,74520.24,0,0,74520.24,74520.24,70933.68,0,0,70933.68,70933.68,63823.2,3443.36,0,67266.56,67266.56,63336,0,0,63336,63336,62088,0,0,62088,62088,56014,1123.6,0,57137.6,57357.36,54810,0,0,54810,49331.78,54601,1480.22,0,56081.22,57308.32,53014,0,0,53014,53014.32,51272,0,0,51272,51272,49774,0,0,49774,49882.09,43660,0,0,43660,43660.08,43250,1671,-1215.41,43705.59,42823.68,
541,541,COUNCIL ON AGING,15411,SALARIES CLERICAL,511001,0100-5-541-0000-00-0-00-1-511001,37774.86,0,0,37774.86,22367.6,37797.76,580.5,0,38378.26,36995.02,37252.86,0,0,37252.86,37255.26,34442.45,693.56,0,35136.01,35307.29,32781.7,654.01,0,33435.71,38455.1,31979.78,0,0,31979.78,31979.78,30142.56,0,0,30142.56,30142.56,23606.22,472.12,0,24078.34,24245.65,22928,3100,0,26028,22928.61,25787,0,0,25787,16072.8,19732,5615,0,25347,24408.99,19158,0,0,19158,19198.74,18327,0,0,18327,18424.78,17344,0,0,17344,18314.37,17249,0,0,17249,17561.34,10440,0,0,10440,15436.58,
541,541,COUNCIL ON AGING,15411,SALARIES ASSISTANTS,511002,0100-5-541-0000-00-0-00-1-511002,19807.88,0,0,19807.88,11469.92,20416.32,617.76,0,21034.08,9759.28,7985.25,0,0,7985.25,7141.29,0,0,0,0,0,0,0,0,0,0,0,0,0,0,0,0,0,0,0,0,0,0,0,0,0,0,0,0,0,0,0,0,0,0,0,0,0,0,0,0,0,0,0,0,0,0,0,0,0,0,0,0,0,0,0,0,0,0,0,0,0,0,0,0,0,
541,541,COUNCIL ON AGING,15411,SALARIES STAFF,511003,0100-5-541-0000-00-0-00-1-511003,20278.12,2547.66,0,22825.78,11670.11,20278.12,1239.42,0,21517.54,18470.49,19154.46,0,-1983.33,17171.13,14125.62,15570.32,0,0,15570.32,12407.36,14819.18,0,0,14819.18,12462.09,13905.92,276.48,0,14182.4,12070.3,13455.52,0,0,13455.52,11453.42,12739.36,0,0,12739.36,12195.64,11159,310.6,0,11469.6,10970.01,13000,0,0,13000,10608.78,11520,1294,0,12814,14004.15,12230,0,-1460.51,10769.49,9899.07,12230,0,0,12230,9970.65,12230,0,0,12230,11467.16,9500,0,0,9500,8480.48,9327,0,0,9327,8271.78,
541,541,COUNCIL ON AGING,15411,OUTREACH WORKER,511015,0100-5-541-0000-00-0-00-1-511015,44626.25,246.38,0,44872.63,29864.16,43380.4,2639.52,0,46019.92,45789.12,30838.08,0,0,30838.08,30510.48,29316.86,0,0,29316.86,29316.86,27915.24,0,0,27915.24,27592.41,25991.18,521.52,0,26512.7,26155.31,24710.4,421.2,0,25131.6,25140.55,26465,0,0,26465,25775.7,12870,411.84,0,13281.84,12221.1,9000,0,0,9000,8690.85,8117,295,0,8412,8412,8000,0,0,8000,8359.46,1275,0,0,1275,5941.34,15600,0,0,15600,9710.84,14550,3513.21,-5000,13063.21,9523.7,14625,0,-1122,13503,10443.55,
541,541,COUNCIL ON AGING,15411,P/R ASST OUTREACH WORKER,512207,0100-5-541-0000-00-0-00-1-512207,9632.85,0,0,9632.85,5749.6,9063.6,479.6,0,9543.2,7773.6,0,0,0,0,0,0,0,0,0,0,0,0,0,0,0,0,0,0,0,0,0,0,0,0,0,0,0,0,0,0,0,0,0,0,0,0,0,0,0,0,0,0,0,0,0,0,0,0,0,0,0,0,0,0,0,0,0,0,0,0,0,0,0,0,0,0,0,0,0,0,
541,541,COUNCIL ON AGING,15411,LONGEVITY PAY,514002,0100-5-541-0000-00-0-00-1-514002,2509.36,162.46,0,2671.82,2811.28,2367.46,0,0,2367.46,2575.25,2290.54,0,0,2290.54,2307.66,2194.28,0,0,2194.28,2194.28,2089.04,0,0,2089.04,2089.04,1914.7,38.35,0,1953.05,1953.05,1900.08,0,0,1900.08,1900.08,1552.2,0,0,1552.2,1552.2,1400,28.08,0,1428.08,1433.93,1213,0,0,1213,1249.5,592,411,0,1003,1016.87,675,0,0,675,648.62,655,0,0,655,621.08,655,0,0,655,621.76,517,0,0,517,584.62,0,0,0,0,0,
541,541,COUNCIL ON AGING,15411,CONTRACT EVALUATION STIPEND,519010,0100-5-541-0000-00-0-00-1-519010,0,0,0,0,0,0,0,0,0,0,0,0,0,0,0,0,0,0,0,0,0,0,0,0,0,0,0,0,0,0,0,0,0,0,0,0,0,0,0,0,0,0,0,0,0,0,0,0,0,0,0,0,0,0,0,0,0,0,0,0,0,0,0,0,0,0,0,0,0,0,0,0,0,0,0,0,0,0,0,0,
541,541,COUNCIL ON AGING,15412,OFFICE EQUIPMENT MTC,521001,0100-5-541-0000-00-0-00-2-521001,0,0,0,0,0,0,0,0,0,0,0,0,0,0,0,0,0,0,0,0,0,0,0,0,0,0,0,0,0,0,0,0,0,0,0,1200,0,0,1200,1200,1200,0,0,1200,1200,1200,1078,0,2278,2278,1700,0,0,1700,1420,1700,0,0,1700,0,0,0,0,0,0,0,0,0,0,0,0,0,0,0,0,0,0,0,0,0,
541,541,COUNCIL ON AGING,15412,ELECTRICITY CHARGES,521011,0100-5-541-0000-00-0-00-2-521011,0,0,0,0,0,0,0,0,0,0,0,0,0,0,0,0,0,0,0,0,0,0,0,0,0,0,0,0,0,0,0,0,0,0,0,0,0,0,0,0,0,0,0,0,0,0,0,0,0,0,0,0,0,0,0,0,0,0,0,0,9352,1561.14,-600,10313.14,6242.53,9352,1600,0,10952,6802.85,8500,0,-1000,7500,6460.99,8500,0,-2172.26,6327.74,6327.74,
541,541,COUNCIL ON AGING,15412,HEATING CHARGES/NATURAL GAS,521025,0100-5-541-0000-00-0-00-2-521025,0,0,0,0,0,0,0,0,0,0,0,0,0,0,0,0,0,0,0,0,0,0,0,0,0,0,0,0,0,0,0,0,0,0,0,0,0,0,0,0,0,0,0,0,0,0,0,0,0,0,0,0,0,0,0,0,0,0,0,0,6180,1000,-2643.14,4536.86,4409.98,6180,0,-1600,4580,4165.53,6000,1000,-400,6600,5500.96,6000,0,-498.06,5501.94,5202.23,
541,541,COUNCIL ON AGING,15412,WATER CHARGES,523001,0100-5-541-0000-00-0-00-2-523001,0,0,0,0,0,0,0,0,0,0,0,0,0,0,0,0,0,0,0,0,0,0,0,0,0,0,0,0,0,0,0,0,0,0,0,0,0,0,0,0,0,0,0,0,0,0,0,0,0,0,0,0,0,0,0,0,0,0,0,0,800,600,-400,1000,836,800,0,0,800,691.6,550,400,-59.65,890.35,702.34,550,500,0,1050,660.68,
541,541,COUNCIL ON AGING,15412,SEWER USAGE FEE,523003,0100-5-541-0000-00-0-00-2-523003,0,0,0,0,0,0,0,0,0,0,0,0,0,0,0,0,0,0,0,0,0,0,0,0,0,0,0,0,0,0,0,0,0,0,0,0,0,0,0,0,0,0,0,0,0,0,0,0,0,0,0,0,0,0,0,0,0,0,0,0,1500,1000,-518,1982,1782,1500,0,0,1500,1069.2,1200,59.65,0,2396.69,2296.69,0,0,0,0,0,
541,541,COUNCIL ON AGING,15412,PROGRAMS,530000,0100-5-541-0000-00-0-00-2-530000,5000,0,0,5000,1717,5000,0,0,5000,4350,5000,0,0,5000,4768.34,5000,0,0,5000,4569.91,5000,0,0,5000,4527.68,0,0,0,0,0,0,0,0,0,0,200,0,0,200,0,200,100,0,300,300,0,0,0,0,0,0,0,0,0,0,0,0,0,5346,0,250,0,0,250,0,250,0,0,250,0,250,0,0,250,0,250,0,0,250,0,
541,541,COUNCIL ON AGING,15412,MOC NUTRITION,530100,0100-5-541-0000-00-0-00-2-530100,300,0,0,300,300,300,0,0,300,300,300,0,0,300,300,300,0,-300,0,0,300,0,0,300,0,300,0,0,300,300,200,0,0,200,200,400,0,0,400,200,400,0,-200,200,200,500,0,-250,250,200,5000,0,-5000,0,0,0,0,0,0,0,0,0,0,0,0,0,0,0,0,0,0,0,0,0,0,0,0,0,0,0,
541,541,COUNCIL ON AGING,15412,TRAINING,531012,0100-5-541-0000-00-0-00-2-531012,300,0,0,300,215,300,0,0,300,30,300,0,0,300,250,300,0,0,300,0,300,0,0,300,0,300,0,0,300,22,300,0,0,300,300,500,0,-440,60,60,500,0,0,500,298,400,0,-328,72,55,400,0,0,400,0,400,0,0,400,0,0,0,0,0,20,0,0,0,0,0,0,0,0,0,0,0,0,0,0,0,
541,541,COUNCIL ON AGING,15412,POSTAGE,534400,0100-5-541-0000-00-0-00-2-534400,400,0,0,400,292,400,0,0,400,264,400,0,0,400,372,400,0,0,400,400,400,0,0,400,0,400,0,0,400,0,400,0,0,400,400,400,0,0,400,400,400,0,0,400,400,300,0,0,300,300,250,0,0,250,0,250,0,0,250,0,250,0,0,250,0,250,0,0,250,88,250,0,0,250,40,250,0,0,250,168.32,
541,541,COUNCIL ON AGING,15412,ADVERTISING,534500,0100-5-541-0000-00-0-00-2-534500,500,0,0,500,0,500,0,0,500,466,500,0,0,500,239.98,500,0,0,500,215,500,0,0,500,25,500,0,0,500,269.8,500,0,0,500,396.5,100,790,0,890,646.15,100,0,0,100,50.7,100,0,0,100,747.56,0,0,0,0,0,0,0,0,0,0,100,0,0,100,0,100,0,0,100,0,100,0,0,100,0,100,0,0,100,0,
541,541,COUNCIL ON AGING,15412,OFFICE SUPPLIES,540000,0100-5-541-0000-00-0-00-2-540000,2600,0,0,2600,1960.75,2600,0,0,2600,2322.6,2600,0,0,2600,2225.11,600,0,0,600,600,600,0,0,600,514.46,600,0,0,600,589.21,600,0,0,600,624.32,600,0,0,600,502.74,600,0,0,600,531.08,400,0,0,400,398.86,400,0,0,400,269.77,400,0,0,400,201.86,400,0,0,400,198.82,400,0,0,400,228.81,200,0,0,200,168.6,200,0,0,200,145.14,
541,541,COUNCIL ON AGING,15412,PURCHASE COMPUTERS,542002,0100-5-541-0000-00-0-00-2-542002,0,0,0,0,0,0,0,0,0,0,0,0,0,0,0,0,0,0,0,0,0,0,0,0,0,0,0,0,0,0,0,0,0,0,0,0,0,0,0,0,0,0,0,0,0,0,0,0,0,0,0,0,0,0,0,0,0,0,0,0,0,0,0,0,0,0,0,0,0,0,0,0,0,0,0,0,0,0,0,0,
541,541,COUNCIL ON AGING,15412,MILEAGE REIMBURSEMENT,571000,0100-5-541-0000-00-0-00-2-571000,3674,0,0,3674,1552.5,3674,0,0,3674,3656.71,3674,0,0,3674,3463.94,3674,300,0,3974,3907.97,3674,0,0,3674,3473,3674,0,0,3674,3470.99,3674,0,0,3674,3451.82,3674,0,0,3674,3168.11,3674,0,-269.75,3404.25,3147.48,4000,0,0,4000,3639.12,4000,0,-35,3965,3857.12,3500,0,0,3500,3119.78,3500,0,0,3500,1080,3500,0,-683,2817,2349.38,2500,0,0,2500,1767,2500,0,0,2500,2588.53,
541,541,COUNCIL ON AGING,15412,MEETINGS/SCHOOL,573100,0100-5-541-0000-00-0-00-2-573100,500,0,0,500,0,500,0,0,500,320,500,0,0,500,0,500,0,0,500,370,500,0,0,500,0,500,0,0,500,174.09,500,0,0,500,294.26,500,0,-350,150,105,500,100,0,600,521.08,500,0,-500,0,0,500,0,0,500,175,320,0,0,320,0,525,0,0,525,469.84,525,0,0,525,0,50,0,0,50,0,50,0,0,50,0,
,,COUNCIL ON AGING Total,,,,,230122.99999999997,,,,157194.04,229067.35,,,,220550.46999999997,189169.11000000002,,,,181333.6,167318.15,,,,163808.91,159812.84,,,,160072.46,143888.78,,,,144251.08999999997,139718.56,,,,137639.51,134024.78,,,,132139.18999999997,111945,,,,111559.34999999999,111210,,,,93572.25,106812,,,,110872.21999999999,99647,,,,94441.84999999999,106616,,,,101269.01999999999,118460,,,,105391.59,105076,,,,96746.8,96042,,,,92068.23000000001,
543,543,VETERAN'S ADMINISTRATION,15431,SALARIES DIVISION/DEPT HEADS,511000,0100-5-543-0000-00-0-00-1-511000,10000,500,-449,10051,6153.92,10000,0,-449,9551,8846.26,10000,0,-755.96,9244.04,9045.04,5000,0,0,5000,5000,5000,0,0,5000,5000,5000,0,0,5000,5000,5000,0,0,5000,5000,5000,0,0,5000,5000,5000,0,0,5000,5000,5000,0,0,5000,5000,4000,0,0,4000,4000,4000,0,0,4000,4000,4000,0,-376,3624,3624,3600,0,0,3600,3624,3600,0,0,3600,3624,3600,24,0,3624,3624,
543,543,VETERAN'S ADMINISTRATION,15432,TELEPHONE CHARGES,521014,0100-5-543-0000-00-0-00-2-521014,0,0,0,0,0,0,0,0,0,0,0,0,0,0,0,0,0,0,0,0,0,0,0,0,0,0,0,0,0,0,0,0,0,0,0,0,0,0,0,0,0,0,0,0,0,0,0,0,0,0,0,0,0,0,0,0,0,0,0,0,0,0,0,0,0,0,0,0,0,0,0,0,0,0,0,0,0,0,0,0,
543,543,VETERAN'S ADMINISTRATION,15432,CONTRACTED SERVICES,531003,0100-5-543-0000-00-0-00-2-531003,0,449,0,449,449,0,449,0,449,449,0,0,0,0,449,0,0,0,0,0,0,0,0,0,0,0,0,0,0,0,0,0,0,0,0,0,0,0,0,0,0,0,0,0,0,0,0,0,0,0,0,0,0,0,0,0,0,0,0,0,0,0,0,0,0,0,0,0,0,0,0,0,0,0,0,0,0,0,0,0,
543,543,VETERAN'S ADMINISTRATION,15432,POSTAGE,534400,0100-5-543-0000-00-0-00-2-534400,0,0,0,0,0,0,0,0,0,0,0,0,0,0,0,0,0,0,0,0,0,0,0,0,0,0,0,0,0,0,0,0,0,0,0,0,0,0,0,0,0,0,0,0,0,0,0,0,0,0,0,0,0,0,0,0,0,0,0,0,0,0,0,0,0,0,0,0,0,0,0,0,0,0,0,0,0,0,0,0,
543,543,VETERAN'S ADMINISTRATION,15432,OFFICE SUPPLIES,540000,0100-5-543-0000-00-0-00-2-540000,250,0,0,250,0,250,0,-5.6,244.4,191.39,250,0,0,250,0,250,130.15,0,380.15,380.15,250,0,0,250,0,250,0,-107.3,142.7,0,250,0,-44,206,0,250,0,0,250,0,250,0,-250,0,0,250,0,0,250,0,200,0,-200,0,0,200,0,-200,0,0,200,0,-200,0,0,200,0,0,200,100,200,0,0,200,0,200,0,-200,0,0,
543,543,VETERAN'S ADMINISTRATION,15432,MILEAGE REIMBURSEMENT,571000,0100-5-543-0000-00-0-00-2-571000,0,0,0,0,0,0,0,0,0,0,0,0,0,0,0,0,0,0,0,0,0,0,0,0,0,0,0,0,0,0,0,0,0,0,0,0,0,0,0,0,0,0,0,0,0,0,0,0,0,0,0,0,0,0,0,0,0,0,0,0,0,0,0,0,0,0,0,0,0,0,0,0,0,0,0,0,0,0,0,0,
543,543,VETERAN'S ADMINISTRATION,15432,DUES/MEMBERSHIP,573000,0100-5-543-0000-00-0-00-2-573000,0,0,0,0,0,0,0,0,0,0,0,0,0,0,0,0,0,0,0,0,0,0,0,0,0,0,35,0,35,35,0,0,0,0,35,0,0,0,0,35,0,0,0,0,0,0,0,0,0,0,50,0,-50,0,0,50,0,-15,35,35,50,0,-15,35,35,0,0,0,0,35,0,0,0,0,0,0,0,0,0,0,
543,543,VETERAN'S ADMINISTRATION,15432,MEETINGS/SCHOOL,573100,0100-5-543-0000-00-0-00-2-573100,0,0,0,0,0,0,0,0,0,0,0,0,0,0,0,0,0,0,0,0,0,0,0,0,0,0,0,0,0,0,0,0,0,0,0,0,0,0,0,0,0,0,0,0,0,0,0,0,0,0,0,0,0,0,0,0,0,0,0,0,0,0,0,0,0,0,0,0,0,0,0,0,0,0,0,0,0,0,0,0,
,,VETERAN'S ADMINISTRATION Total,,,,,10250,,,,6602.92,10250,,,,9486.65,10250,,,,9494.04,5250,,,,5380.15,5250,,,,5000,5250,,,,5035,5250,,,,5035,5250,,,,5035,5250,,,,5000,5250,,,,5000,4250,,,,4000,4250,,,,4035,4250,,,,3659,3800,,,,3759,3800,,,,3624,3800,,,,3624,
544,544,VETERANS BENEFITS,15442,VETERANS BENEFITS,577001,0100-5-544-0000-00-0-00-2-577001,99275,0,0,99275,28881.26,99275,0,0,99455.59,54476.97,99275,3239.29,-30922.8,71591.49,71410.9,99275,0,0,99275,68808.49,99275,0,0,99275,73222.19,99275,0,0,99275,83366.08,99275,0,-5286,93989,56227.51,99275,0,0,99275,47176.74,99275,1581.84,-45000,55856.84,55856.84,50000,50000,0,100000,85368.8,17500,63654.6,0,81154.6,81154.6,17500,39303.79,0,56803.79,56803.79,5000,32035,0,37035,36800.42,5000,12830.5,0,17830.5,17830.5,5000,8500,-152,13348,12204,2500,0,-2500,0,0,
,,VETERANS BENEFITS Total,,,,,99275,,,,28881.26,99275,,,,54476.97,99275,,,,71410.9,99275,,,,68808.49,99275,,,,73222.19,99275,,,,83366.08,99275,,,,56227.51,99275,,,,47176.74,99275,,,,55856.84,50000,,,,85368.8,17500,,,,81154.6,17500,,,,56803.79,5000,,,,36800.42,5000,,,,17830.5,5000,,,,12204,2500,,,,0,
545,545,REGISTRAR OF VETERANS GRAVES,15452,SUPPLIES,541018,0100-5-545-0000-00-0-00-2-541018,500,0,0,500,0,500,0,0,500,0,500,0,-500,0,0,500,0,-130.15,369.85,0,500,0,0,500,347.93,500,72.3,0,572.3,572.3,500,44,0,544,544,500,0,0,500,0,500,0,-428.06,71.94,71.94,500,0,0,500,297.12,400,0,0,400,400,360,0,-219.28,140.72,140.72,360,0,-289.09,70.91,0,360,0,0,360,0,360,0,0,360,0,360,0,-109.21,250.79,250.79,
,,REGISTRAR OF VETERANS GRAVES Total,,,,,500,,,,0,500,,,,0,500,,,,0,500,,,,0,500,,,,347.93,500,,,,572.3,500,,,,544,500,,,,0,500,,,,71.94,500,,,,297.12,400,,,,400,360,,,,140.72,360,,,,0,360,,,,0,360,,,,0,360,,,,250.79,
610,610,LUNENBURG PUBLIC LIBRARY,16101,SALARIES DIVISION/DEPT HEADS,511000,0100-6-610-0000-00-0-00-1-511000,90725.64,0,0,90725.64,53879.24,85590.23,0,0,85590.23,85590.23,80745.5,0,0,80745.5,80745.5,76175,2258.97,0,78433.97,78433.97,72800,1668.7,0,74468.7,74468.7,72547,0,-2547,70000,70000,69757,13594,0,83351,83350.36,67725,2032,0,69757,69757,64500,3225,0,67725,67725,63192,0,-710.13,62481.87,61772.01,61352,0,-10000,51352,42431.67,59225,2128,0,61353,61352.7,44740,7279,-10000,42019,41798.06,58000,0,0,58000,61302.21,53045,0,0,53045,58000,53560,0,-17.38,53542.62,53045,
610,610,LUNENBURG PUBLIC LIBRARY,16101,SALARIES ASSISTANTS,511002,0100-6-610-0000-00-0-00-1-511002,64023.26,0,0,64023.26,37479.22,60485.62,6263.4,-7202,59547.02,59546.31,51611.04,900,0,52511.04,52493.29,49846.5,1915.95,-120,51642.45,51640.82,48842.4,1719.6,0,50562,50562,49154.16,0,-2234.28,46919.88,46919.88,45234.34,2446,-11703,35977.34,35976.37,44356,3026.32,0,47382.32,47382.32,44356,1.98,0,44357.98,44357.98,42796,0,0,42796,44093.24,42606,639,0,43245,43262.01,42607,0,0,42607,42606.41,33663,4751,0,38414,38231.86,39572,0,0,39572,39593.88,38419,0,0,38419,38397.32,33774,2765,0,36539,37036.62,
610,610,LUNENBURG PUBLIC LIBRARY,16101,SALARIES STAFF,511003,0100-6-610-0000-00-0-00-1-511003,234810.87,8173.22,0,242984.09,146894.51,218674.13,14333.64,-32929,200078.77,200078.41,211119.16,0,-28729.62,182389.54,180548.24,169419.2,1564.64,-21688.25,149295.59,147413.48,172254.68,869.44,-34997.54,138126.58,138126.58,170175.9,2463.1,-12331.94,160307.06,160307.06,162562.42,1624,-4137,160049.42,160047.44,154649,1824.57,-1050.87,155422.7,155422.7,145009,1034.12,-6135.28,139907.84,140069.77,143040,0,-22000,121040,120870.08,141240,1590,0,142830,136606.22,143770,0,-5884.31,137885.69,137414.64,116194,14659,-5000,125853,118142.72,133080,423.26,0,133503.26,132282.57,133080,0,0,133080,130057.94,135858,6501,-14177.28,128181.72,128181.72,
610,610,LUNENBURG PUBLIC LIBRARY,16101,CUSTODIAL & MTC SALARIES,511012,0100-6-610-0000-00-0-00-1-511012,0,0,0,0,0,0,0,0,0,0,0,0,0,0,0,0,0,0,0,0,0,0,0,0,0,0,0,0,0,0,0,0,0,0,0,0,0,0,0,0,0,0,0,0,0,0,0,0,0,0,0,0,0,0,0,0,0,0,0,0,0,0,0,0,0,0,0,0,0,0,0,0,0,0,0,0,0,0,0,0,
610,610,LUNENBURG PUBLIC LIBRARY,16101,THES PILOT READING PROGRAM,511027,0100-6-610-0000-00-0-00-1-511027,0,0,0,0,0,0,0,0,0,0,0,0,0,0,0,0,0,0,0,0,0,0,0,0,0,0,0,0,0,0,0,7200,0,7200,2505.63,0,0,0,0,0,0,0,0,0,0,0,0,0,0,0,0,0,0,0,0,0,0,0,0,0,0,0,0,0,0,0,0,0,0,0,0,0,0,0,0,0,0,0,0,0,
610,610,LUNENBURG PUBLIC LIBRARY,16101,LONGEVITY PAY,514002,0100-6-610-0000-00-0-00-1-514002,0,0,0,0,0,0,0,0,0,0,0,0,0,0,0,0,0,0,0,0,0,0,0,0,0,0,0,0,0,0,0,0,0,0,0,2195.86,154.14,0,2350,2350,2196,8.3,0,2204.3,2204.3,2500,0,0,2500,2180.21,5383,81,0,5464,5457.18,5383,0,0,5383,5376.8,5517,52,0,5569,5046.15,5050,0,0,5050,5075.62,4780,0,0,4780,2859.26,0,0,0,0,0,
610,610,LUNENBURG PUBLIC LIBRARY,16101,SICK LEAVE BUY BACK,517004,0100-6-610-0000-00-0-00-1-517004,0,0,0,0,0,0,0,0,0,0,0,0,0,0,0,0,0,0,0,0,0,0,0,0,0,0,0,0,0,0,0,0,0,0,0,0,0,0,0,0,0,0,0,0,0,0,20269.44,0,20269.44,20269.44,0,0,0,0,0,0,0,0,0,0,0,0,0,0,0,0,0,0,0,0,0,0,0,0,0,0,0,0,0,0,
610,610,LUNENBURG PUBLIC LIBRARY,16101,CONTRACT EVALUATION STIPEND,519010,0100-6-610-0000-00-0-00-1-519010,0,0,0,0,0,0,0,0,0,0,0,0,0,0,0,0,0,0,0,0,0,0,0,0,0,0,0,0,0,0,0,0,0,0,0,0,0,0,0,0,0,0,0,0,0,0,0,0,0,0,0,0,0,0,0,0,0,0,0,0,0,0,0,0,0,0,0,0,0,0,0,0,0,0,0,0,0,0,0,0,
610,610,LUNENBURG PUBLIC LIBRARY,16102,BLDG REPAIRS & MTC,521004,0100-6-610-0000-00-0-00-2-521004,0,0,0,0,0,0,0,0,0,0,0,0,0,0,0,0,0,0,0,0,0,0,0,0,0,1000,0,-427,573,573,1000,0,-798,202,201.75,500,0,-500,0,0,500,0,-324.3,1711.7,1503.4,500,14500,-75,14925,12195.1,500,0,0,500,0,500,0,-500,0,0,1000,1500,-1745,755,755,2500,0,0,2500,0,1000,0,0,1000,766.68,1000,0,-348.07,651.93,651.93,
610,610,LUNENBURG PUBLIC LIBRARY,16102,SEWERAGE DISPOSAL,521006,0100-6-610-0000-00-0-00-2-521006,1000,0,0,1000,634,1000,0,-180,820,819.6,1000,0,0,1192.34,547.34,1000,212,-542,670,487.66,1000,0,-562.3,437.7,437.7,600,0,-25,575,575,550,25,0,575,575,600,0,-139.21,460.79,460.79,550,0,-90,460,460,500,75,0,575,575,460,0,0,460,460,400,60,0,460,460,500,0,-137,363,324,750,0,0,750,405,1000,0,0,1000,310.5,1000,0,-577.5,422.5,405,
610,610,LUNENBURG PUBLIC LIBRARY,16102,ELECTRICITY CHARGES,521011,0100-6-610-0000-00-0-00-2-521011,22500,0,0,22500,5656.02,22500,0,-4500,20262.76,15490.84,22500,1880.31,0,25880.55,23567.23,22500,0,-48,22452,20608.19,22500,0,0,24313.14,22999.36,22500,0,-3000,19500,17686.86,25000,0,-6995,20549.44,17271.83,25000,1217.95,-5361,20856.95,18312.51,30000,854.31,-7000,25176.92,25176.92,30000,0,-4152,25848,26003.23,30336,6000,0,36336,32374.68,28000,3881.68,0,31881.68,34415.87,32000,3000,-2563,32437,32436.74,31499,0,-3600,27899,24896.66,29999,0,-539.51,29459.49,28578.59,34000,0,-5138.19,28861.81,28861.81,
610,610,LUNENBURG PUBLIC LIBRARY,16102,HEATING CHARGES/NATURAL GAS,521025,0100-6-610-0000-00-0-00-2-521025,18500,0,0,18500,4418.93,18500,0,-3000,16824.26,14145.88,18500,0,-1800,16700,13175.74,17000,0,-1898.86,15698.94,14758.74,17000,0,0,17000,15914.65,12000,3000,-1315.35,14817.15,13684.65,10000,6863,-1751,15112,13979.45,10000,3500,-1866.68,11633.32,11633.32,17002,0,-5040.01,11961.99,8564.48,17002,0,-6826,10968.83,10175.95,6000,16200,-6000,16200,15407.17,9500,0,-2972,7528,5747.37,10500,0,-4900,5600,4592.34,10500,0,-2200,8300,6249.12,10000,0,-1469.25,8530.75,8530.75,10000,0,-1046.42,8953.58,8953.58,
610,610,LUNENBURG PUBLIC LIBRARY,16102,WATER CHARGES,523001,0100-6-610-0000-00-0-00-2-523001,1000,0,0,1000,852.4,1000,0,-134,866,865.96,800,0,0,800,684,800,20,0,820,670.53,800,0,0,800,624.99,650,0,-13.8,636.2,636.2,650,0,0,650,616.78,650,0,-80.8,569.2,569.2,650,0,-131.33,518.67,518.67,600,0,0,600,538.47,600,0,0,600,502.47,600,0,0,600,502.54,750,0,0,750,502.47,750,200,0,950,533.6,550,0,-58.84,491.16,491.16,550,0,0,550,567.5,
610,610,LUNENBURG PUBLIC LIBRARY,16102,NETWORK MAINTENANCE,524300,0100-6-610-0000-00-0-00-2-524300,500,0,0,500,139.65,500,0,-250,260.6,239.4,500,0,-250,250,239.4,500,0,-160.65,339.35,239.4,500,0,0,500,239.4,500,0,-260.6,239.4,239.4,500,0,-260,300.6,259.35,500,0,-219.95,280.05,219.45,1000,0,-1000,19.95,0,1000,0,-700,300,209.4,1200,0,0,1200,600,0,0,0,0,0,0,0,0,0,0,0,0,0,0,0,0,0,0,0,0,0,0,0,0,0,
610,610,LUNENBURG PUBLIC LIBRARY,16102,BOOK SERVICE,524400,0100-6-610-0000-00-0-00-2-524400,4500,0,0,4500,4476,4500,0,-1206,3294,3294,4500,0,-1206,3294,3294,4500,0,-1163.01,3336.99,3336.99,4000,0,0,4000,3177,3700,0,-3700,0,0,3600,0,-3600,0,0,3400,0,-3400,0,0,3400,0,-223,3177,3177,3200,0,0,3200,3139.2,3200,0,0,3200,3139.2,5000,0,-1860,3140,3139.2,6000,0,0,6000,5363.28,6400,0,0,6400,6064.63,5818,226.4,0,6044.4,6044.4,6400,0,-582.33,5817.67,5817.67,
610,610,LUNENBURG PUBLIC LIBRARY,16102,PROGRAMS,530000,0100-6-610-0000-00-0-00-2-530000,15000,0,0,15029.3,5235.06,11000,0,0,11000,10970.58,8000,631,0,8631,8629.58,5000,0,-410.85,4589.15,4589.15,5000,0,0,5000,4033.89,0,0,0,0,0,0,0,0,0,0,0,0,0,0,0,0,0,0,0,0,0,0,0,0,0,0,0,0,0,0,0,0,0,0,0,0,0,0,0,0,0,0,0,0,0,0,0,0,0,0,0,0,0,0,0,
610,610,LUNENBURG PUBLIC LIBRARY,16102,CONTRACTED SERVICES,531003,0100-6-610-0000-00-0-00-2-531003,2500,0,0,2500,732.24,2500,0,-1500,4800,4745.04,2500,1700,0,4200,399.98,2500,4929,0,7429,7425,5000,0,0,5000,2000,2000,0,-2000,0,0,2000,0,-525,1475,1475,2000,0,-935,1065,1065,2000,0,-801.25,1198.75,0,2000,0,-2000,0,0,2000,10000,0,12000,10804.25,1400,0,-1400,4950,1000,15000,15000,-9827,22785.7,17835.31,0,5600,0,5600,2952.6,0,0,0,0,0,0,0,0,0,0,
610,610,LUNENBURG PUBLIC LIBRARY,16102,INTERNET ACCESS,531021,0100-6-610-0000-00-0-00-2-531021,22630,0,0,22630,22630,19880,0,0,19880,19880,19880,0,-1811,18069,18069,14000,0,0,14000,14000,11000,0,0,11000,11000,11000,0,0,11000,11000,10000,2844,0,12844,12784.4,8184,0,-1145,7103.4,7098.9,7150,0,0,7150,6398.86,5737,0,-1397,4340,4340,6897,0,-697,6200,13398.2,5000,0,0,5000,5000,7000,420,-2500,4920,4920,4500,0,0,4500,4500,0,0,0,0,0,0,0,0,0,0,
610,610,LUNENBURG PUBLIC LIBRARY,16102,POSTAGE,534400,0100-6-610-0000-00-0-00-2-534400,900,0,-233.68,666.32,0,900,0,-326.72,573.28,506.51,300,101,0,401,400.05,300,64.26,0,364.26,364.26,300,80.2,0,380.2,380.2,300,0,-20.58,279.42,279.42,300,0,-300,0,0,300,0,-23.39,276.61,276.61,275,0,0,275,0,250,255.37,0,505.37,499.37,340,197,0,537,174.14,278,0,0,278,244.41,250,0,0,250,221.5,250,200,0,450,382.45,500,0,-216.84,283.16,283.16,1000,0,-505.54,494.46,494.46,
610,610,LUNENBURG PUBLIC LIBRARY,16102,OFFICE SUPPLIES,540000,0100-6-610-0000-00-0-00-2-540000,7000,0,0,19334.57,14121.67,6000,17122,0,23844.45,11434.42,4800,7725.06,0,16285.27,15546.4,4800,4475,0,11619.97,7027.19,4000,781.01,0,7746.11,5507.22,4000,1912,-300,5612,2647.2,3800,1155,-5,7050,6872.19,1200,2052.39,0,5274.69,2855.89,1000,2217.73,0,3217.73,1171.49,700,6098,-1775.37,5022.63,5022.41,500,400,0,900,757.29,1500,0,-653.37,846.63,851.6,1500,200,-735,965,964.86,1500,0,-200,1300,1483.68,1600,400,-5.39,1994.61,1994.61,1600,0,-300.35,1299.65,1299.65,
610,610,LUNENBURG PUBLIC LIBRARY,16102,CUSTODIAL SUPPLIES,541001,0100-6-610-0000-00-0-00-2-541001,300,0,0,300,237.02,300,0,0,300,199.53,300,0,0,600,389.51,300,0,0,600,0,300,0,0,300,0,300,0,-300,0,0,200,0,-200,0,0,200,0,-200,0,0,200,0,-200,0,0,200,0,-200,0,0,100,100,0,200,105.09,0,0,0,0,0,0,0,0,0,0,0,0,0,0,0,0,0,0,0,0,0,0,0,0,0,
610,610,LUNENBURG PUBLIC LIBRARY,16102,LIBRARY MATERIAL,551000,0100-6-610-0000-00-0-00-2-551000,94000,0,0,100608.88,19100,85500,33979,0,137724.3,126451.86,76000,20268,0,98834.87,80195.77,70000,13753.37,0,88444.15,84535.26,67000,33187.93,0,101419.8,94896.69,66000,23425.88,0,90955.88,89705.92,65000,8578,-2746,82623.96,80964.48,59950,6004.65,0,77192.44,65065.69,50351,14637.85,0,71251.94,56822.85,50132,22595,-4000,68727,62310.82,49791,0,0,53291,47955.86,51900,7200,0,66036.74,61102.7,37198,16593,0,56352.67,49088.44,50605,0,0,50605,47932.72,50000,0,-1626.4,48373.6,50186.8,50459,2832.03,-16798.4,36492.63,36492.63,
610,610,LUNENBURG PUBLIC LIBRARY,16102,MILEAGE REIMBURSEMENT,571000,0100-6-610-0000-00-0-00-2-571000,4000,0,0,4000,0,2000,0,0,2000,522.02,900,0.25,-409,491.25,491.25,900,0,-600,300,271.89,900,0,-900,0,0,300,300,-162.33,437.67,437.67,300,300,0,600,572.85,300,350,-351.07,373.27,316.09,600,0,0,600,221.41,500,0,-398,102,72.73,700,0,0,700,138.63,500,0,0,500,306.66,500,500,-319,681,287.97,2000,0,0,2000,1403.22,0,1000,-49.01,950.99,950.99,1000,0,-1000,0,0,
610,610,LUNENBURG PUBLIC LIBRARY,16102,DUES/MEMBERSHIP,573000,0100-6-610-0000-00-0-00-2-573000,0,0,0,0,0,0,0,0,0,0,0,1000,0,1000,1000,0,0,0,0,0,0,0,0,0,0,0,0,0,0,0,0,0,0,0,0,0,0,0,0,0,0,0,0,0,0,0,0,0,0,0,0,0,0,0,0,0,0,0,0,0,0,0,0,0,0,0,0,0,0,0,0,0,0,0,0,0,0,0,0,0,
,,LUNENBURG PUBLIC LIBRARY Total,,,,,583889.77,,,,316485.95999999996,540829.98,,,,554780.5900000001,503955.7,,,,480416.2800000001,439540.7,,,,435802.5300000001,433197.07999999996,,,,424368.38,416727.06,,,,414692.26,400453.76,,,,417452.88000000006,381709.86,,,,382785.4700000001,370739,,,,358372.1299999999,363849,,,,374266.66,353205,,,,353574.06,355563,,,,359520.8999999999,312312,,,,320510.69999999995,346956,,,,335057.95999999996,329791,,,,327452.16,330201,,,,301807.57,
650,650,PARKS & RECREATION,16501,SALARIES DIVISION/DEPT HEADS,511000,0100-4-650-0000-00-0-00-1-511000,25346.64,3052.53,0,28399.17,16686.37,24412.3,1492.26,0,25904.56,25929.54,25095.2,0,-14000,11095.2,10025.64,22807.65,0,0,22807.65,18361.6,22791.56,0,0,22791.56,23186.82,20000,0,0,20000,14725.24,0,0,0,0,0,0,0,0,0,0,0,0,0,0,0,26825,0,-26825,0,0,26825,0,-26825,0,0,15825,2697,0,18522,18522,15825,0,-5511,10314,10314,45364,0,-40769.5,4594.5,4594.5,44474,0,-9486.7,34987.3,34487.3,44475,0,0,44475,43622.4,
650,650,PARKS & RECREATION,16501,SALARIES TEMPORARY POSITIONS,512100,0100-4-650-0000-00-0-00-1-512100,20500,1794.78,0,22294.78,22377.93,20500,1230,0,21730,30431.27,21832.84,0,0,21832.84,21832.84,20000,0,0,20000,20000,20000,7000,0,27000,26206.54,20000,0,0,20000,17791.77,20000,1402.71,0,21402.71,21402.71,18450,790.13,0,19240.13,19240.13,18450,0,-105.69,18344.31,11355.86,15450,0,-3511,11939,11939,15450,0,-3701.5,11748.5,11748.5,15450,0,0,15450,11899.75,15450,0,-3319,12131,12131,15000,0,-2477,12523,12523,15000,0,-3072.5,11927.5,11927.5,16783,0,0,16783,14782.5,
650,650,PARKS & RECREATION,16501,SALARIES WINTER REC DIRECTOR,512101,0100-4-650-0000-00-0-00-1-512101,0,0,0,0,0,0,0,0,0,0,0,0,0,0,0,0,0,0,0,0,0,0,0,0,0,0,0,0,0,0,0,0,0,0,0,0,0,0,0,0,0,0,0,0,0,0,0,0,0,0,0,0,0,0,0,0,0,0,0,0,0,0,0,0,0,0,0,0,0,0,0,0,0,0,0,0,0,0,0,0,
650,650,PARKS & RECREATION,16501,SALARIES SUMMER RECREATION DIR,512102,0100-4-650-0000-00-0-00-1-512102,0,0,0,0,0,0,0,0,0,0,0,0,0,0,0,0,0,0,0,0,0,0,0,0,0,0,0,0,0,0,0,0,0,0,0,0,0,0,0,0,0,0,0,0,0,0,0,0,0,0,0,0,0,0,0,0,0,0,0,0,0,0,0,0,0,0,0,0,0,0,0,0,0,0,0,2000,0,-2000,0,0,
650,650,PARKS & RECREATION,16501,SALARIES PROGRAMMING,512107,0100-4-650-0000-00-0-00-1-512107,5000,0,-580.95,4419.05,497,5000,0,0,5000,3519.7,0,0,0,0,0,0,0,0,0,0,0,0,0,0,0,0,0,0,0,0,0,0,0,0,0,0,0,0,0,0,0,0,0,0,0,0,0,0,0,0,0,0,0,0,0,0,0,0,0,0,0,0,0,0,0,0,0,0,0,0,0,0,0,0,0,0,0,0,0,0,
650,650,PARKS & RECREATION,16501,SALARIES OVERTIME,513000,0100-4-650-0000-00-0-00-1-513000,0,0,0,0,0,0,0,0,0,0,0,0,0,0,0,0,0,0,0,0,0,0,0,0,0,0,0,0,0,0,0,0,0,0,0,0,0,0,0,0,0,105.69,0,105.69,105.69,0,1700,-295.1,1404.9,1404.9,0,897.69,0,897.69,897.69,1000,0,-1000,0,0,1030,0,-1030,0,0,1000,0,-1000,0,0,1000,0,0,1000,0,1000,0,-0.1,999.9,0,
650,650,PARKS & RECREATION,16501,LONGEVITY PAY,514002,0100-4-650-0000-00-0-00-1-514002,0,0,0,0,0,0,0,0,0,0,0,0,0,0,0,0,0,0,0,0,0,0,0,0,0,0,0,0,0,0,0,0,0,0,0,0,0,0,0,0,0,0,0,0,0,0,0,0,0,0,0,0,0,0,0,0,0,0,0,0,0,0,0,0,0,0,0,0,0,0,0,0,0,0,0,0,0,0,0,0,
650,650,PARKS & RECREATION,16501,UNIFORM ALLOWANCE,519001,0100-4-650-0000-00-0-00-1-519001,0,0,0,0,0,0,0,0,0,0,0,0,0,0,0,0,0,0,0,0,0,0,0,0,0,0,0,0,0,0,0,0,0,0,0,0,0,0,0,0,0,0,0,0,0,650,0,-650,0,0,650,0,-650,0,0,650,0,-650,0,0,650,0,-650,0,0,650,0,-650,0,0,650,0,0,650,650,650,0,0,650,650,
650,650,PARKS & RECREATION,16501,CONTRACT EVALUATION STIPEND,519010,0100-4-650-0000-00-0-00-1-519010,0,0,0,0,0,0,0,0,0,0,0,0,0,0,0,0,0,0,0,0,0,0,0,0,0,0,0,0,0,0,0,0,0,0,0,0,0,0,0,0,0,0,0,0,0,0,0,0,0,0,0,0,0,0,0,0,0,0,0,0,0,0,0,0,0,0,0,0,0,0,0,0,0,0,0,0,0,0,0,0,
650,650,PARKS & RECREATION,16502,PURCHASE OF SERVICE,531006,0100-4-650-0000-00-0-00-2-531006,60000,0,0,60180.5,26871.88,55000,0,-3000,53678.89,46962.39,46498,14000,0,60569.83,47918.64,46498,0,-2000,44956.13,37665.61,46498,0,-7000,52530,30299.39,46498,0,0,46498,26933.72,46498,0,-4002.73,42495.27,41353.48,46498,0,-9270.64,37227.36,33767.36,46498,0,-20023.5,41174.5,37029.5,22649,30843.5,0,53492.5,38792.5,21575,6640,0,28215,28215,30000,0,-9100,20900,20900,30000,0,-12250,17750,17750,0,30000,-9257.5,20742.5,20742.5,0,9400,0,9400,4525,0,0,0,0,0,
650,650,PARKS & RECREATION,16502,POLICE/CUSTODIANS ELECTIONS,531008,0100-4-650-0000-00-0-00-2-531008,0,0,0,0,0,0,0,0,0,0,0,0,0,0,0,0,0,0,0,0,0,0,0,0,0,0,0,0,0,0,0,0,0,0,0,0,0,0,0,0,0,0,0,0,0,0,0,0,0,0,0,0,0,0,0,0,0,0,0,0,0,0,0,0,0,0,0,0,0,0,0,0,0,0,0,0,0,0,0,0,
650,650,PARKS & RECREATION,16502,CONTRACTUAL WINTER BASKETBALL,531032,0100-4-650-0000-00-0-00-2-531032,0,0,0,0,0,0,0,0,0,0,0,0,0,0,0,0,0,0,0,0,0,0,0,0,0,0,0,0,0,0,0,0,0,0,0,0,0,0,0,0,0,0,0,0,0,0,0,0,0,0,0,0,0,0,0,0,0,0,0,0,0,0,0,0,0,0,0,0,0,0,6400,0,-4400,2000,2000,0,2000,0,2000,2000,
650,650,PARKS & RECREATION,16502,CONTRACTUAL BASKETBALL,531033,0100-4-650-0000-00-0-00-2-531033,0,0,0,0,0,0,0,0,0,0,0,0,0,0,0,0,0,0,0,0,0,0,0,0,0,0,0,0,0,0,0,0,0,0,0,0,0,0,0,0,0,0,0,0,0,0,0,0,0,0,0,0,0,0,0,0,0,0,0,0,0,0,0,0,0,0,0,0,0,0,0,0,0,0,0,0,1228.36,0,1228.36,5081.36,
650,650,PARKS & RECREATION,16502,CONTRACTUAL TEEN CTR EXPENSES,531041,0100-4-650-0000-00-0-00-2-531041,0,0,0,0,0,0,0,0,0,0,0,0,0,0,0,0,0,0,0,0,0,0,0,0,0,0,0,0,0,0,0,0,0,0,0,0,0,0,0,0,0,0,0,0,0,0,0,0,0,0,0,0,0,0,0,0,0,0,0,0,0,0,0,0,0,0,0,0,0,0,0,0,0,0,0,0,0,0,0,0,
650,650,PARKS & RECREATION,16502,DEPARTMENT EXPENSES,531043,0100-4-650-0000-00-0-00-2-531043,6400,0,0,6525.46,2046.46,6400,3000,0,9762.24,8561.53,6400,0,0,6400,2556.67,6400,2000,0,8400,4821.6,6400,0,0,6400,2963.62,6400,0,0,6400,4788.83,6400,2600.02,0,9000.02,9000.02,6400,5609.87,-6400,5609.87,0,6400,0,0,6400,194.4,6400,0,-5872.73,527.27,527.27,6400,3935.23,0,10335.23,10335.23,6400,0,0,6400,6400,6400,0,0,6400,6400,6400,0,-900,5500,5500,0,0,0,0,0,0,0,0,0,0,
650,650,PARKS & RECREATION,16502,UNIFORM ALLOWANCE REIMBURSEMEN,558000,0100-4-650-0000-00-0-00-2-558000,0,0,0,0,0,0,0,0,0,0,0,0,0,0,0,0,0,0,0,0,0,0,0,0,0,0,0,0,0,0,0,0,0,0,0,0,0,0,0,0,0,0,0,0,0,0,0,0,0,0,0,0,0,0,0,0,0,0,0,0,0,0,0,0,0,0,0,0,0,0,0,0,0,0,0,0,0,0,0,0,
,,PARKS & RECREATION Total,,,,,117246.64,,,,68479.64000000001,111312.3,,,,115404.43,99826.04000000001,,,,82333.79,95705.65,,,,80848.81,95689.56,,,,82656.37,92898,,,,64239.560000000005,72898,,,,71756.21,71348,,,,53007.490000000005,71348,,,,48685.450000000004,71974,,,,52663.67,70900,,,,51196.42,69325,,,,57721.75,69355,,,,46595,68414,,,,43360,67524,,,,53589.8,64908,,,,66136.26,
691,691,HISTORICAL COMMISSION,16912,OFFICE EQUIPMENT MTC,521001,0100-6-691-0000-00-0-00-2-521001,2500,0,0,2500,0,2500,0,0,2500,0,2500,0,0,2500,0,2500,0,0,2500,0,2500,0,0,2500,0,2500,0,0,2500,0,2500,0,0,2500,520.1,2500,0,0,2500,0,2500,0,0,2500,0,0,0,0,0,0,0,0,0,0,0,350,0,-350,0,0,350,0,-350,0,0,350,0,0,350,0,350,0,0,350,0,350,0,-303.67,46.33,0,
691,691,HISTORICAL COMMISSION,16912,OFFICE SUPPLIES,540000,0100-6-691-0000-00-0-00-2-540000,500,0,0,500,0,500,0,0,500,30,500,0,0,3182.01,25,500,0,0,500,317.99,500,0,0,500,40,500,0,0,500,450,500,0,0,500,805,500,0,0,3000,2291,500,0,0,1000,0,500,0,0,500,0,500,0,0,500,0,500,0,-500,0,0,500,0,-500,0,0,500,0,0,500,0,500,0,0,500,59.28,500,0,0,500,546.33,
691,691,HISTORICAL COMMISSION,16912,DUES/MEMBERSHIP,573000,0100-6-691-0000-00-0-00-2-573000,0,0,0,0,0,0,0,0,0,0,0,0,0,0,0,0,0,0,0,0,0,0,0,0,0,0,0,0,0,0,0,0,0,0,0,0,0,0,0,0,0,0,0,0,0,0,0,0,0,0,0,0,0,0,0,0,0,0,0,0,0,0,0,0,0,0,0,0,0,0,0,0,0,0,0,0,0,0,0,0,
,,HISTORICAL COMMISSION Total,,,,,3000,,,,0,3000,,,,30,3000,,,,25,3000,,,,317.99,3000,,,,40,3000,,,,450,3000,,,,1325.1,3000,,,,2291,3000,,,,0,500,,,,0,500,,,,0,850,,,,0,850,,,,0,850,,,,0,850,,,,59.28,850,,,,546.33,
692,692,MEMORIAL DAY,16922,SUPPLIES,541018,0100-6-692-0000-00-0-00-2-541018,750,0,0,750,0,750,0,0,750,0,750,0,0,750,75,750,0,0,750,70,750,0,0,750,70,750,0,0,750,750,750,0,0,750,70,750,0,0,750,131.98,750,0,-634.03,115.97,115.97,750,0,0,750,70,750,0,-477.31,272.69,272.69,750,0,0,750,750,750,0,0,750,592.24,750,0,0,750,655.2,750,0,0,750,609.97,750,0,-306.02,443.98,443.98,
,,MEMORIAL DAY Total,,,,,750,,,,0,750,,,,0,750,,,,75,750,,,,70,750,,,,70,750,,,,750,750,,,,70,750,,,,131.98,750,,,,115.97,750,,,,70,750,,,,272.69,750,,,,750,750,,,,592.24,750,,,,655.2,750,,,,609.97,750,,,,443.98,
693,693,BAND CONCERTS,16932,BAND CONCERTS,520000,0100-6-693-0000-00-0-00-2-520000,6000,0,0,6000,6000,6000,0,0,6000,6000,6000,0,0,6000,5442.5,4200,0,0,4200,4200,4200,0,0,4200,0,4200,0,0,4200,4200,4200,0,0,4200,4200,4200,0,0,4200,4200,4200,0,0,4200,4200,4200,0,0,4200,4200,4200,0,0,4200,4200,2500,0,0,2500,2500,2500,0,0,2500,2500,2500,0,0,2500,2478,2500,152,0,2652,2652,2500,0,-245,2255,2255,
,,BAND CONCERTS Total,,,,,6000,,,,6000,6000,,,,6000,6000,,,,5442.5,4200,,,,4200,4200,,,,0,4200,,,,4200,4200,,,,4200,4200,,,,4200,4200,,,,4200,4200,,,,4200,4200,,,,4200,2500,,,,2500,2500,,,,2500,2500,,,,2478,2500,,,,2652,2500,,,,2255,
710,710,PRINCIPAL SERIAL LOANS,17102,SERIAL LOANS PRINCIPAL,590001,0100-7-710-0000-00-0-00-2-590001,1832252.62,0,0,1832252.62,962925.5,2335199.75,0.01,0,2335199.76,2335199.76,3220578.72,0,0,3220578.72,3220578.72,3178668.94,0,0,3178668.94,3178668.94,3226042.07,0,0,3226042.07,3226042.07,3094373.33,571,0,3094944.33,3094944.33,3095185.66,0,0,3095185.66,3095185.66,3102790.88,0,0,3102790.88,3102454.99,3097672,0,0,3097672,3097671.53,2876260,0,-5686.85,2870573.15,2870573.15,2079853,0,0,2079853,2079852.66,2054987,0,0,2054987,2054986.73,2044821,39850,0,2084671,2084670.7,1895632,0,-25846.12,1869785.88,1869785.88,1938212,4.28,0,1938220.28,1938220.28,1773794,53043.89,-2439,1824398.89,1824394.89,
,,PRINCIPAL SERIAL LOANS Total,,,,,1832252.62,,,,962925.5,2335199.75,,,,2335199.76,3220578.72,,,,3220578.72,3178668.94,,,,3178668.94,3226042.07,,,,3226042.07,3094373.33,,,,3094944.33,3095185.66,,,,3095185.66,3102790.88,,,,3102454.99,3097672,,,,3097671.53,2876260,,,,2870573.15,2079853,,,,2079852.66,2054987,,,,2054986.73,2044821,,,,2084670.7,1895632,,,,1869785.88,1938212,,,,1938220.28,1773794,,,,1824394.89,
751,751,INTEREST SERIAL LOANS,17512,SERIAL LOANS INTEREST,590002,0100-7-751-0000-00-0-00-2-590002,1101717.02,0,0,1101717.02,959502.64,1169576.83,0,0,1169576.83,1169576.83,1272700.6,0,0,1272700.6,1272700.6,1380528.69,0,-3588.98,1376939.71,1376939.69,1469113.25,0.42,-8844.88,1460268.79,1460268.79,1538974.55,0,-15377,1523597.55,1523597.55,1623033.16,0,0,1623033.16,1623033.12,1686358.68,0,-14019.97,1672338.71,1664957.76,1742303,0,-6397.75,1735905.25,1735905.23,1674464,0,-16225.17,1658238.83,1658238.83,720264,152071,0,872335,872334.61,780664,0,0,780664,780663.63,865089,0,-22984,842105,842104.38,850236,32841.06,0,883077.06,883077.06,948614,0,0,948614,948613.89,832075,127892,-2592.58,957374.42,957374.42,
,,INTEREST SERIAL LOANS Total,,,,,1101717.02,,,,959502.64,1169576.83,,,,1169576.83,1272700.6,,,,1272700.6,1380528.69,,,,1376939.69,1469113.25,,,,1460268.79,1538974.55,,,,1523597.55,1623033.16,,,,1623033.12,1686358.68,,,,1664957.76,1742303,,,,1735905.23,1674464,,,,1658238.83,720264,,,,872334.61,780664,,,,780663.63,865089,,,,842104.38,850236,,,,883077.06,948614,,,,948613.89,832075,,,,957374.42,
752,752,INTEREST TEMPORARY LOANS,17522,TEMPORARY LOAN INTEREST,590003,0100-7-752-0000-00-0-00-2-590003,5986.48,0,0,5986.48,5986.48,11405.65,0,0,11405.65,11405.65,1824.9,0,0,1824.9,1824.9,0,3588.98,0,3588.98,3588.98,0,8844.88,-0.4,8844.48,8844.48,37800,19994.48,0,57794.48,57794.48,33491.78,0,0,33491.78,33491.78,0,31463.74,0,31463.74,31463.74,0,7731.6,0,7731.6,7729.96,0,5858.02,0,5858.02,5858.02,169938,0,-152071,17867,4664.47,18750,0,-16400.11,2349.89,749.14,10000,3454.97,0,13454.97,13454.23,20000,0,-7948.06,12051.94,12051.94,0,0,0,0,0,20000,4291.03,0,24291.03,24291.03,
,,INTEREST TEMPORARY LOANS Total,,,,,5986.48,,,,5986.48,11405.65,,,,11405.65,1824.9,,,,1824.9,0,,,,3588.98,0,,,,8844.48,37800,,,,57794.48,33491.78,,,,33491.78,0,,,,31463.74,0,,,,7729.96,0,,,,5858.02,169938,,,,4664.47,18750,,,,749.14,10000,,,,13454.23,20000,,,,12051.94,0,,,,0,20000,,,,24291.03,
753,753,BOND ISSUANCE COSTS,17532,BOND ISSUANCE COSTS,531014,0100-7-753-0000-00-0-00-2-531014,0,0,0,0,0,0,0,0,0,0,0,0,0,0,0,0,0,0,0,0,0,0,0,0,0,0,0,0,0,0,0,0,0,0,0,0,9806.23,0,9806.23,9806.23,0,0,0,0,0,0,0,0,0,0,0,0,0,0,0,0,0,0,0,0,2500,0,-2000,500,500,0,0,0,0,0,0,0,0,0,0,22482,0,-22032,450,450,
,,BOND ISSUANCE COSTS Total,,,,,0,,,,0,0,,,,0,0,,,,0,0,,,,0,0,,,,0,0,,,,0,0,,,,0,0,,,,9806.23,0,,,,0,0,,,,0,0,,,,0,0,,,,0,2500,,,,500,0,,,,0,0,,,,0,22482,,,,450,
754,754,LOAN ADMINISTRATIVE FEES,17542,LOAN ADMINISTRATIVE FEES,531040,0100-7-754-0000-00-0-00-2-531040,1365.38,0,0,1365.38,1365.38,1830.58,0,0,1830.58,1830.58,2619.13,0,0,2619.13,2619.1,3395.97,0,0,3395.97,3395.97,4366.12,0,0,4366.12,4366.12,5335.23,0,0,5335.23,5335.23,6341.9,0,0,6341.9,6341.9,7708.68,0,0,7708.68,7708.67,16856,0.15,0,16856.15,16856.15,7196,0,0,7196,7194.56,8001,0,0,8001,8000.88,8778,0.11,0,8778.11,8778.11,12000,0,-1470.97,10529.03,10529.03,10000,3173.65,0,13173.65,13173.65,10975,520.82,0,11495.82,11495.82,15797,0,-1116.61,14680.39,14680.39,
,,LOAN ADMINISTRATIVE FEES Total,,,,,1365.38,,,,1365.38,1830.58,,,,1830.58,2619.13,,,,2619.1,3395.97,,,,3395.97,4366.12,,,,4366.12,5335.23,,,,5335.23,6341.9,,,,6341.9,7708.68,,,,7708.67,16856,,,,16856.15,7196,,,,7194.56,8001,,,,8000.88,8778,,,,8778.11,12000,,,,10529.03,10000,,,,13173.65,10975,,,,11495.82,15797,,,,14680.39,
820,820,WRRS ASSESSMENT,18202,COUNTY RETIREMENT,560001,0100-8-820-0000-00-0-00-2-560001,2127801,0,0,2127801,2127801,1917969,0,0,1917969,1917969,1689147,0,0,1689147,1689147,1531070,0,0,1531070,1531070,1502144,0,0,1502144,1502144,1354353,0,0,1354353,1354353,1221814,0,0,1221814,1221814,1106982,0,0,1106982,1106982,1051795,0,0,1051795,1051795,967652,0,0,967652,967652,831727,0,0,831727,831727,725771,0,0,725771,725771,684989,0,0,684989,684989,597771,0,0,597771,597771,583808,0,0,583808,583808,528137,0,0,528137,528137,
,,WRRS ASSESSMENT Total,,,,,2127801,,,,2127801,1917969,,,,1917969,1689147,,,,1689147,1531070,,,,1531070,1502144,,,,1502144,1354353,,,,1354353,1221814,,,,1221814,1106982,,,,1106982,1051795,,,,1051795,967652,,,,967652,831727,,,,831727,725771,,,,725771,684989,,,,684989,597771,,,,597771,583808,,,,583808,528137,,,,528137,
825,825,STATE ASSESSMENTS,18252,MVE SURCHARGE,560002,0100-8-825-0000-00-0-00-2-560002,9120,0,0,9120,5320,7640,0,0,7640,7640,11700,0,0,11700,7245,13500,0,0,13500,11700,14320,0,-820,13500,13500,12460,1860,0,14320,12460,12460,0,0,12460,12460,12460,0,0,12460,12460,8080,0,0,8080,12460,8080,0,0,8080,8080,8080,0,0,8080,8080,8480,0,0,8480,8080,8560,0,0,8560,8480,10040,0,0,10040,8560,9440,0,0,9440,10040,7740,0,0,7740,9440,
825,825,STATE ASSESSMENTS,18252,MOSQUITO CONTROL,560003,0100-8-825-0000-00-0-00-2-560003,87659,0,0,87659,49938,81724,0,-1,81723,81714,81854,18,0,81872,81872,79859,0,-5,79854,79854,77163,0,-186,76977,76977,77163,0,0,77163,77239,74261,0,-3569,70692,70692,71789,0,0,71789,71789,68521,0,0,68521,68521,58254,0,0,58254,58254,62374,0,-757,61617,64312,60985,0,0,60985,62879,58523,0,-520,58003,58003,54347,0,0,54347,54347,55578,0,-1690,53888,53888,54318,0,0,54318,54318,
825,825,STATE ASSESSMENTS,18252,AIR POLLUTION CONTROL,560004,0100-8-825-0000-00-0-00-2-560004,3816,0,0,3816,2233,3723,0,0,3723,3723,3619,0,0,3619,3619,3564,0,0,3564,3564,3273,124,0,3397,3397,3273,0,0,3273,3273,3243,0,0,3243,3243,3153,0,0,3153,3153,3117,0,0,3117,3117,3041,0,0,3041,3041,3001,0,0,3001,3001,2906,0,0,2906,2906,2884,0,0,2884,2884,2813,0,0,2813,2813,2772,0,-5,2767,2767,2711,0,0,2711,2711,
825,825,STATE ASSESSMENTS,18252,REGIONAL TRANSIT,560005,0100-8-825-0000-00-0-00-2-560005,75171,0,0,75171,34172,71033,0,0,71033,71033,63313,0,0,63313,64909,61901,0,0,61901,61901,94140,0,-34720,59420,59420,94140,0,0,94140,94140,84901,0,0,84901,84901,80552,0,0,80552,80552,35677,0,0,35677,35677,33275,0,0,33275,33275,33491,0,0,33491,33491,33985,0,0,33985,33985,32759,0,0,32759,32759,32518,0,0,32518,32518,32787,0,0,32787,32787,28501,0,0,28501,28501,
825,825,STATE ASSESSMENTS,18252,SPECIAL EDUCATION,560006,0100-8-825-0000-00-0-00-2-560006,0,0,0,0,12524,0,0,0,0,0,0,0,0,0,0,382,4,0,386,0,2824,0,-2824,0,371,2824,0,0,2824,0,3720,0,0,3720,6499,6361,0,0,6361,0,8947,0,0,8947,6116,12364,0,0,12364,8603,9727,332,0,10059,11889,0,0,0,0,9862,0,0,0,0,0,0,0,0,0,0,0,0,0,0,0,619,0,0,619,0,
825,825,STATE ASSESSMENTS,18252,MASS BAY TRANSPORTATION,560007,0100-8-825-0000-00-0-00-2-560007,17172,0,0,17172,7155,15390,0,0,15390,15390,19146,0,0,19146,17550,18503,0,0,18503,18503,0,19594,0,19594,19594,0,0,0,0,0,0,0,0,0,0,0,0,0,0,0,36669,0,0,36669,36669,38626,0,0,38626,38626,37243,0,0,37243,37243,32028,0,0,32028,32028,32732,0,0,32732,32732,30616,0,0,30616,30616,30128,0,0,30128,30128,34855,0,0,34855,34855,
825,825,STATE ASSESSMENTS,18252,CHOICE TUITION ASSESSMENT,560013,0100-8-825-0000-00-0-00-2-560013,386030,0,0,386030,238929,399015,42182,0,441197,401724,461823,53898,0,515721,424393,388475,119308,0,507783,504063,513306,0,-48299,465007,469689,438986,74320,0,513306,481682,548558,54042,0,602600,523031,616683,0,0,616683,590305,495193,0,0,495193,605119,517649,0,0,517649,476902,418690,112310,0,531000,524349,475249,0,0,475249,423947,410302,50472,0,460774,475249,355494,0,0,355494,460774,266713,18245,0,284958,355494,240565,0,0,240565,274958,
825,825,STATE ASSESSMENTS,18252,CHARTER TUITION ASSESSMENT,560014,0100-8-825-0000-00-0-00-2-560014,479120,0,0,479120,287918,396097,97653,0,493750,436987,493476,0,-6587,486889,471574,414839,2398,0,417237,395491,377481,21200,0,398681,452612,383670,0,-6189,377481,376954,428544,0,-161464,267080,356805,597784,0,0,597784,339648,477603,0,0,477603,536915,631906,0,0,631906,481831,552365,0,-30040,522325,517459,548449,0,0,548449,509381,366492,99392,0,465884,441183,316112,0,0,316112,325885,325360,0,0,325360,259434,327126,0,0,327126,286054,
,,STATE ASSESSMENTS Total,,,,,1058088,,,,638189,974622,,,,1018211,1134931,,,,1071162,981023,,,,1075076,1082507,,,,1095560,1012516,,,,1045748,1155687,,,,1057631,1388782,,,,1097907,1133807,,,,1304594,1303195,,,,1108612,1124971,,,,1199824,1162082,,,,1083068,912252,,,,1051290,801940,,,,915513,722778,,,,744538,696435,,,,690837,
841,841,MONTACHUSETT PLANNING COMM,18412,MONTACHUSETT PLANNING COMM,570007,0100-8-841-0000-00-0-00-2-570007,4368.76,0,0,4368.76,4368.76,4262.2,0,0,4262.2,4262.2,4158.25,0,0,4158.25,4158.25,3708.04,0,0,3708.04,3708.04,3617.6,0,0,3617.6,3617.6,3529.37,0,0,3529.37,3529.37,3443.29,0,0,3443.29,3443.29,3359.3,0,0,3359.3,3359.3,3278,0,0,3278,3277.37,3200,0,0,3200,3197.43,3120,0,0,3120,3119.45,3044,0,0,3044,3043.36,2970,0,-0.86,2969.14,2969.14,2786,0,0,2786,2785.74,2718,0,0,2718,2717.79,2652,0,0,2652,2651.5,
,,MONTACHUSETT PLANNING COMM Total,,,,,4368.76,,,,4368.76,4262.2,,,,4262.2,4158.25,,,,4158.25,3708.04,,,,3708.04,3617.6,,,,3617.6,3529.37,,,,3529.37,3443.29,,,,3443.29,3359.3,,,,3359.3,3278,,,,3277.37,3200,,,,3197.43,3120,,,,3119.45,3044,,,,3043.36,2970,,,,2969.14,2786,,,,2785.74,2718,,,,2717.79,2652,,,,2651.5,
912,912,WORKERS COMPENSATION,19122,WORKERS COMPENSATION,570005,0100-9-912-0000-00-0-00-2-570005,169976.39,0,0,169976.39,118079.95,161882.28,0,0,161882.28,122983,154173.6,0,-29578.6,124595,124595,146832,0,-5340,141492,141492,136359,0,0,136359,115293,126527.5,0,0,126527.5,126497,126527.5,0,0,126527.5,121268,126527.5,0,0,126527.5,110585,64984,44299.35,0,109283.35,109283.35,61889,16980.65,0,78869.65,78869.65,58942,2701,-2511.74,59131.26,59131.26,58942,0,-9255,49687,49686.01,56675,0,-9815,46860,46860,56675,0,-6187.73,50487.27,50359.85,70000,0,-14707.15,55292.85,55292.85,85000,0,0,85000,85000,
,,WORKERS COMPENSATION Total,,,,,169976.39,,,,118079.95,161882.28,,,,122983,154173.6,,,,124595,146832,,,,141492,136359,,,,115293,126527.5,,,,126497,126527.5,,,,121268,126527.5,,,,110585,64984,,,,109283.35,61889,,,,78869.65,58942,,,,59131.26,58942,,,,49686.01,56675,,,,46860,56675,,,,50359.85,70000,,,,55292.85,85000,,,,85000,
913,913,UNEMPLOYMENT COMPENSATION,19132,UNEMPLOYMENT COMPENSATION,570008,0100-9-913-0000-00-0-00-2-570008,10000,0,0,10000,0,10000,1504.79,-1504.79,13970,11196,10000,2170,0,12170,8200,10000,0,-10000,0,-4352,10000,0,0,15100,10130.39,10000,0,0,10624,3276,10000,0,0,10000,3657,10000,0,0,10000,-4004,10000,0,-8000,2000,0,10000,0,-10000,0,-429,15000,0,-12757,2243,1577.68,15000,644.71,-4332,11312.71,11312.71,48202,1734.64,-39654.64,10282,10282,25000,19017.31,0,44017.31,44017.31,15000,15727.28,0,34727.28,33026.28,10000,11522,-1851,19671,15671,
,,UNEMPLOYMENT COMPENSATION Total,,,,,10000,,,,0,10000,,,,11196,10000,,,,8200,10000,,,,-4352,10000,,,,10130.39,10000,,,,3276,10000,,,,3657,10000,,,,-4004,10000,,,,0,10000,,,,-429,15000,,,,1577.68,15000,,,,11312.71,48202,,,,10282,25000,,,,44017.31,15000,,,,33026.28,10000,,,,15671,
914,914,INSURANCE,19142,HEALTH INSURANCE,570001,0100-9-914-0000-00-0-00-2-570001,1219887,0,0,1219887,1630833.52,1158835.62,0,-48018.9,1110816.72,923118.18,825255.16,92329.23,0,917584.39,917584.39,839287.76,834.42,-138255.46,701866.72,701866.72,2406826.19,0,-89049.55,2317776.64,2072164.63,2375677.8,0,-3000,2372677.8,2095153.63,2323660.11,0,-10427.95,2313232.16,2100353.26,2066125.52,0,-27702.96,2038422.56,1965483.26,1901685,0,-62976.01,1838708.99,1797968.97,1748573,0,-85803.22,1662769.78,1662769.78,1588066,0,-20696.9,1567369.1,1560744.12,1766800,0,-90033.44,1682916.56,1672215.22,2006804,0,-173832.83,1832971.17,1826821.17,1930364,0,-60677.17,1869686.83,1745689.65,1768342,0,-48322.59,1720019.41,1720019.41,1553559,86612.9,-34393,1606212.7,1606212.7,
914,914,INSURANCE,19142,LIFE INSURANCE,570002,0100-9-914-0000-00-0-00-2-570002,15000,0,0,15000,12432.7,15000,0,0,15000,15401.19,15000,0,0,15000,13709.73,15000,0,-3449.62,11550.38,11539.16,15000,0,0,15000,10523.75,15000,0,0,15000,10776.25,15000,0,0,15000,9055,15000,0,0,15000,10671.25,22635,0,-8697.53,13937.47,10073.75,22191,0,-12264.75,9926.25,9926.25,21756,0,-11694.33,10061.67,9832.5,21020,0,-10809.24,10210.76,10056.25,19066,0,-9443.5,9622.5,9622.5,18421,0,0,18421,10870.5,18060,0,-2753.08,15306.92,15306.92,16800,0,-778.26,16021.74,16021.74,
914,914,INSURANCE,19142,MEDICARE - TOWN'S SHARE,570003,0100-9-914-0000-00-0-00-2-570003,375177,0,0,375177,207892.41,341070,0,0,341070,342349.51,320560,10532.95,0,331092.95,331092.95,260700,54813.36,0,315513.36,315513.36,260700,31178.53,0,291878.53,291878.53,260700,0,0,260700,276529.29,260700,7427.95,0,268127.95,268127.95,260700,0,0,260700,260569.66,221902,22870.53,0,244772.53,244772.53,217551,21751.69,0,239302.69,239302.69,213285,5943.68,0,219228.68,219228.68,205000,2617.95,0,207617.95,207617.95,216612,0,-13696.73,202915.27,202915.27,229500,0,-24924.12,204575.88,204575.88,225000,0,-10000,215000,153218,173250,0,-51800.64,121449.36,121449.36,
914,914,INSURANCE,19142,INSURANCE COST CONTROL,570004,0100-9-914-0000-00-0-00-2-570004,8000,0,0,8000,4000,8000,0,0,8000,8000,8000,0,0,8000,8000,8000,0,0,8000,8000,8000,0,0,8000,8000,8000,0,0,8000,8000,5000,3000,0,8000,8000,5000,0,0,5000,4000,5000,3000,0,8000,8000,5000,3000,0,8000,8000,8000,0,0,8000,8000,8000,0,0,8000,8000,15000,0,-7000,8000,8000,20000,0,0,26150,14150,20000,0,0,20000,8000,9000,0,-1000,8000,8000,
914,914,INSURANCE,19142,TOWN RETIREES HEALTH INSURANCE,570009,0100-9-914-0000-00-0-00-2-570009,420343.79,0,0,420343.79,274733.6,432251.47,0,0,432251.47,384372.97,414498.34,0,-47651.68,366846.66,366198,394760.32,0,-18334.42,376425.9,365198.27,0,0,0,0,0,0,0,0,0,0,0,0,0,0,0,0,0,0,0,0,0,0,0,0,0,0,0,0,0,0,0,0,0,0,0,0,0,0,0,0,0,0,0,0,0,0,0,0,0,0,0,0,0,0,0,0,0,0,0,0,
914,914,INSURANCE,19142,PEC CHAPTER 32B EXPENSES,570016,0100-9-914-0000-00-0-00-2-570016,500,0,0,500,0,500,0,0,500,0,500,0,0,500,0,500,0,0,500,0,500,0,0,500,0,500,0,0,500,0,500,0,0,500,0,500,0,0,500,0,500,0,0,500,0,500,0,-500,0,0,500,0,-500,0,0,500,0,-500,0,0,500,0,-500,0,0,500,0,0,500,0,500,0,0,500,0,500,0,-500,0,0,
914,914,INSURANCE,19142,SCHOOL RETIREES HLTH INSURANCE,570018,0100-9-914-0000-00-0-00-2-570018,1411181.22,0,0,1411181.22,831812.58,1357882.44,0,0,1357882.44,1221147.84,1207421.49,6196.18,0,1213617.67,1213617.67,1149925.23,0,-30000,1119925.23,1095053.64,0,0,0,0,0,0,0,0,0,0,0,0,0,0,0,0,0,0,0,0,0,0,0,0,0,0,0,0,0,0,0,0,0,0,0,0,0,0,0,0,0,0,0,0,0,0,0,0,0,0,0,0,0,0,0,0,0,0,0,0,
,,INSURANCE Total,,,,,3450089.01,,,,2961704.81,3313539.5300000003,,,,2894389.69,2791234.99,,,,2850202.74,2668173.31,,,,2497171.15,2691026.19,,,,2382566.91,2659877.8,,,,2390459.17,2604860.11,,,,2385536.21,2347325.52,,,,2240724.17,2151722,,,,2060815.25,1993815,,,,1919998.72,1831607,,,,1797805.3,2001320,,,,1897889.42,2257982,,,,2047358.94,2198785,,,,1975286.0299999998,2031902,,,,1896544.3299999998,1753109,,,,1751683.8,
917,917,PRIOR YEAR EXPENSE,19172,PRIOR YEAR EXPENSE,575006,0100-9-917-0000-00-0-00-2-575006,0,4179.25,0,4179.25,4179.25,0,3368.07,0,3368.07,3331.67,0,5804.54,0,6104.54,5804.54,0,8019.7,0,8319.7,8019.7,0,795,0,1095,795,0,476.21,0,476.21,176.2,0,500,0,500,500,0,0,0,0,0,0,21410.96,0,21410.96,21410.96,0,0,0,0,0,0,1782,0,1782,1781.93,0,0,0,0,0,0,0,0,0,0,0,0,0,0,0,0,0,0,0,0,0,0,0,0,0,
,,PRIOR YEAR EXPENSE Total,,,,,0,,,,4179.25,0,,,,3331.67,0,,,,5804.54,0,,,,8019.7,0,,,,795,0,,,,176.2,0,,,,500,0,,,,0,0,,,,21410.96,0,,,,0,0,,,,1781.93,0,,,,0,0,,,,0,0,,,,0,0,,,,0,0,,,,0,
945,945,LIABILITY INSURANCE,19452,LIABILITY INSURANCE,570010,0100-9-945-0000-00-0-00-2-570010,234188.81,0,0,234188.81,219863.39,233986.44,0,0,233986.44,221076.91,222844.23,4200.83,0,227045.06,226586.9,212232.6,0,-28275.6,183957,184061,211413.6,0,0,211413.6,193224.64,230426.65,0,0,230426.65,188702.67,229584.65,0,-25500,204084.65,174851,229584.65,0,-1000,228584.65,217015,219016,10994.66,-33000,197010.66,197010.66,210364,0,-25125.53,185238.47,185238.47,203200,12177.13,-25200,190177.13,190177.13,199304,1046.58,-21147,179203.58,179203.58,193726,13909.45,0,209789.9,207635.45,143914,41642.2,0,185556.2,183401.75,122800,13997.15,0,136797.15,136797.15,140000,0,-4304.14,135695.86,135695.86,
945,945,LIABILITY INSURANCE,19452,MEETINGS/SCHOOL,573100,0100-9-945-0000-00-0-00-2-573100,15000,0,0,15000,2000,15000,0,0,15000,5436.74,2800,0,0,2800,2210,2800,0,0,2800,0,2800,0,0,2800,0,2800,0,0,2800,0,2800,0,0,2800,0,2800,0,0,2800,360,0,2790,0,2790,2790,0,299,0,299,299,0,7500,-165.91,7334.09,3379.51,0,0,0,0,0,0,0,0,0,0,0,2445,0,2445,2445,0,0,0,0,0,0,0,0,0,0,
945,945,LIABILITY INSURANCE,19452,INSURANCE DEDUCTIBLE PAYMENTS,573500,0100-9-945-0000-00-0-00-2-573500,0,0,0,0,0,0,0,0,0,0,0,0,0,0,0,0,0,0,0,0,0,0,0,0,0,0,0,0,0,0,0,0,0,0,0,0,1000,0,1000,1000,0,0,0,0,0,0,0,0,0,0,0,0,0,0,0,0,0,0,0,0,0,0,0,0,0,0,0,0,0,0,0,0,0,0,0,0,0,0,0,0,
,,LIABILITY INSURANCE Total,,,,,0,,,,221863.39,248986.44,,,,226513.65,225644.23,,,,228796.9,215032.6,,,,184061,214213.6,,,,193224.64,233226.65,,,,188702.67,232384.65,,,,174851,232384.65,,,,218375,219016,,,,199800.66,210364,,,,185537.47,203200,,,,193556.64,199304,,,,179203.58,193726,,,,207635.45,143914,,,,185846.75,122800,,,,136797.15,140000,,,,135695.86,
,,Grand Total,,,,,48629090.18999998,467266.14999999997,-431204.9,49034993.35,28452459.830000013,45505639.94999997,1745235.6000000003,-1282999.8900000001,46291732.58,44697054.73000001,44421822.92000001,1420561.6700000002,-1294428.1300000004,44908741.900000006,43999705.01000001,42400991.80999999,1732937.0800000003,-1571672.38,42875729.07,41760742.51999999,41266766.019999996,1156375.1599999997,-1114732.1600000001,42138688.289999984,40452280.64999999,40437033.29999999,862275.7699999999,-786620.0799999998,40789289.959999986,38715172.599999994,39255904.82999999,1156131.2299999997,-1266622.2299999997,39659584.800000004,38544325.58999999,38194157.69999999,1761206.42,-1596234.42,39021564.89999999,37799696.419999994,35995930,1911156.8400000003,-1623882.8400000005,36908252.38,36033826.51000001,34304742,1339508.3099999998,-1266009.6300000001,34640694.17999999,33726047.9,31046582,1471563.7100000002,-1231589.71,31516804.79,31171481.870000016,30071616,713343.7399999999,-554841.7399999999,30419775.98999999,30022158.55999999,29057582,1546656.3900000001,-1341766.14,29371472.7,29147738.599999987,27988362.740000002,1027831.37,-1000901.5499999999,28169932.41000001,27889626.58,27053493,432519.61000000016,-437582.12000000005,27242376.91000001,26935869.32,26525827,1076540.43,-1107269.4599999997,26716832.949999996,26541399.099999987,
,,,,,,,,,,405903.1600000188,,,,462235.7100000002,,786092.630000025,Original vs Revised,,,,,,,,,,,,,,,,,,,,,,,,,,,,,,,,,,,,,,,,,,,,,,,,,,,,,,,,,,,,,,,,,,,,,,
,,,,,,,,,,,FY2024 Approved Omnibus Budget,42584048.95,,,,1594677.8499999866,actual vs revised,,,,,,,,,,,,,,,,,,,,,,,,,,,,,,,,,,,,,,,,,,,,,,,,,,,,,,,,,,,,,,,,,,,,,,
,,,,,,,,,,,,,,,,2113005.7800000086,actual vs approved,,,,,,,,,,,,,,,,,,,,,,,,,,,,,,,,,,,,,,,,,,,,,,,,,,,,,,,,,,,,,,,,,,,,,,
,,,,,,,,,,,,,,,,3707683.629999995,revised vs approved,,,,,,,,,,,,,,,,,,,,,,,,,,,,,,,,,,,,,,,,,,,,,,,,,,,,,,,,,,,,,,,,,,,,,,
===SHEET School Only===
DEPARTMENT  ,Segment Code,Dept Description,ORG,DESC,OBJECT,FULL ACCT,  2025 ORIGINAL BUDGET ,  2025 TRANSFERS IN ,  2025 TRANSFERS OUT ,  2025 REVISED BUDGET ,  2025 ACTUAL ,  2024 ORIGINAL BUDGET ,  2024 TRANSFERS IN ,  2024 TRANSFERS OUT ,  2024 REVISED BUDGET ,  2024 ACTUAL ,  2023 ORIGINAL BUDGET ,  2023 TRANSFERS IN ,  2023 TRANSFERS OUT ,  2023 REVISED BUDGET ,  2023 ACTUAL ,  2022 ORIGINAL BUDGET ,  2022 TRANSFERS IN ,  2022 TRANSFERS OUT ,  2022 REVISED BUDGET ,  2022 ACTUAL ,  2021 ORIGINAL BUDGET ,  2021 TRANSFERS IN ,  2021 TRANSFERS OUT ,  2021 REVISED BUDGET ,  2021 ACTUAL ,  2020 ORIGINAL BUDGET ,  2020 TRANSFERS IN ,  2020 TRANSFERS OUT ,  2020 REVISED BUDGET ,  2020 ACTUAL ,  2019 ORIGINAL BUDGET ,  2019 TRANSFERS IN ,  2019 TRANSFERS OUT ,  2019 REVISED BUDGET ,  2019 ACTUAL ,  2018 ORIGINAL BUDGET ,  2018 TRANSFERS IN ,  2018 TRANSFERS OUT ,  2018 REVISED BUDGET ,  2018 ACTUAL ,  2017 ORIGINAL BUDGET ,  2017 TRANSFERS IN ,  2017 TRANSFERS OUT ,  2017 REVISED BUDGET ,  2017 ACTUAL ,  2016 ORIGINAL BUDGET ,  2016 TRANSFERS IN ,  2016 TRANSFERS OUT ,  2016 REVISED BUDGET ,  2016 ACTUAL ,  2015 ORIGINAL BUDGET ,  2015 TRANSFERS IN ,  2015 TRANSFERS OUT ,  2015 REVISED BUDGET ,  2015 ACTUAL ,  2014 ORIGINAL BUDGET ,  2014 TRANSFERS IN ,  2014 TRANSFERS OUT ,  2014 REVISED BUDGET ,  2014 ACTUAL ,  2013 ORIGINAL BUDGET ,  2013 TRANSFERS IN ,  2013 TRANSFERS OUT ,  2013 REVISED BUDGET ,  2013 ACTUAL ,  2012 ORIGINAL BUDGET ,  2012 TRANSFERS IN ,  2012 TRANSFERS OUT ,  2012 REVISED BUDGET ,  2012 ACTUAL ,  2011 ORIGINAL BUDGET ,  2011 TRANSFERS IN ,  2011 TRANSFERS OUT ,  2011 REVISED BUDGET ,  2011 ACTUAL ,  2010 ORIGINAL BUDGET ,  2010 TRANSFERS IN ,  2010 TRANSFERS OUT ,  2010 REVISED BUDGET ,  2010 ACTUAL ,
300,300,SCHOOL DEPARTMENT,S0011742,CONTRACTED SERVICES,535006,0100-3-300-4220-01-1-74-2-535006,225643,58320,0,316390.75,125394.28,145000,14840,-10160.71,150610.6,213919.5,116850,0,0,137643.8,128844.3,116850,850,-1125,121437,117337.33,103850,28902,0,144727.04,123794.8,82000,28085,0,117955,116071.52,78000,20359,0,111290,106284.05,78000,25193,0,111193,102393.85,64000,5751,-2000,82758.78,78739.08,69000,6420,0,80845.37,64460.03,69000,4809,0,75087.47,69431.02,69000,8338.29,-1700,78696.29,79443.14,68500,2436.82,-6000,76751.82,73643.82,69000,0,0,72300,61065.64,69000,0,0,72464.16,68992.95,81000,0,-5000,76300,64753.27,
300,300,SCHOOL DEPARTMENT,S0055632,TRANSPORTATION,535016,0100-3-300-2440-05-5-63-2-535016,2000,0,0,2000,0,1000,0,0,1000,0,1000,0,0,1000,3565,1500,0,0,1500,0,1500,0,-1500,0,0,1500,0,0,1500,0,1000,0,0,1499,1069,750,0,0,750,251,750,0,-750,0,0,500,0,0,500,430,500,0,0,500,0,500,0,0,500,0,500,0,0,500,500,500,0,0,500,253,500,0,0,500,500,500,0,0,500,500,
300,300,SCHOOL DEPARTMENT,S0066632,TRANSPORTATION,535016,0100-3-300-2440-06-6-63-2-535016,6500,0,0,6500,1500,5700,0,0,5700,4205,5100,0,0,5100,4000,3600,0,0,3600,2620,3400,0,-3400,0,0,5400,0,0,5400,2900,3500,839.25,0,4850.25,5006,3500,0,0,3500,2489,3500,0,0,3500,1927,3600,0,0,3600,2041,6400,0,0,6400,2168.5,5400,0,0,5400,4417,5150,0,-550,4600,2997.5,4450,0,0,4450,1961,5000,0,0,5125,3045,4600,0,0,4600,2850,
300,300,SCHOOL DEPARTMENT,S0511061,HOME/HOSPITAL TUTORING,519015,0100-3-300-2330-51-1-06-1-519015,10000,0,0,10000,0,10000,0,-4000,6000,0,10000,0,0,10000,0,10000,0,0,10000,9099,10000,0,0,10000,10012.5,10000,0,0,10000,8791,10000,0,0,10000,7504,10000,0,0,10000,7403,0,0,0,0,0,0,0,0,0,0,0,0,0,0,0,0,0,0,0,0,0,0,0,0,0,0,0,0,0,0,0,0,0,0,0,0,0,0,0,0,
300,300,SCHOOL DEPARTMENT,S0511061,CONTRACTED SERVICES,519016,0100-3-300-2330-51-1-06-1-519016,0,0,0,0,0,0,0,0,0,0,0,0,0,0,0,0,0,0,0,0,0,0,0,0,0,0,0,0,0,0,0,0,0,0,0,1350,0,0,1350,0,0,0,0,0,0,0,0,0,0,0,0,0,0,0,0,0,0,0,0,0,0,0,0,0,0,0,0,0,0,0,0,0,0,0,0,0,0,0,0,0,
300,300,SCHOOL DEPARTMENT,S0511062,SPED TUITIONS-PRIVATE,535019,0100-3-300-9300-51-1-06-2-535019,703872,0,0,703872,377305.76,310260,0,0,310260,397529.04,303364,0,0,303364,118193.5,639156,300,-23770,615686,249556.53,589156,0,0,589156,199554.14,600016,1389.32,0,601405.32,723938.72,694480,0,0,694480,706878.78,828909,0,-128639,700270,698812.23,741203,0,-184161,560990.9,543435.92,826898,0,-9325,817573,850172.88,1203025,0,-94512,1134853.46,1141189.51,906102,0,0,906102,999063.63,712709,106396,0,819105,814688.81,650676,0,0,650676,607876.11,477374,0,0,497510.12,527086.77,165000,40214,0,205214,183734.87,
300,300,SCHOOL DEPARTMENT,S0990991,SCHOOL SALARY RESERVE,517006,0100-3-300-0300-99-0-99-4-517006,347338,31882,0,379220,0,25356,0,-25355.99,0.01,0,10996,0,-10996,0,0,271999,0,-271999,0,0,29993,0,-20702,9291,0,0,0,0,0,0,0,0,0,0,0,0,0,0,0,0,0,0,0,0,0,0,0,0,0,0,0,0,0,0,0,0,0,0,0,0,0,0,0,0,0,0,0,0,0,0,0,0,0,0,0,0,0,0,0,0,
300,300,SCHOOL DEPARTMENT,S0991742,BUILDING MTC SUPPLIES,541002,0100-3-300-4220-99-1-74-2-541002,80000,0,0,80129.84,38518,63000,0,0,63000,20752.17,61000,0,-12686,51878.46,43269.51,50000,0,0,58056.94,37810.39,50000,4449,0,61013.89,122033.03,53000,0,-6832,46168,47391.19,53000,3092,-9471,47896.01,48256.94,53000,0,-7490,45825.73,43403.33,53000,0,-10754,43936.93,43160.46,53000,0,-5526,58405.54,55641.28,53000,0,-1000,54324.46,49302.16,53000,0,-12624.44,41276.31,44060.1,53000,0,-9049.19,48184.81,43046.95,55000,0,0,56564.63,56404.57,55000,0,0,58252.9,42611.78,63035,0,0,77353.35,77156.32,
300,300,SCHOOL DEPARTMENT,S0991742,EMERGENCY EXPENDITURES,545004,0100-3-300-4220-99-1-74-2-545004,10000,0,0,10000,0,7500,0,0,7500,6216.48,10500,0,-5000,5500,5465.03,7500,0,-2000,5500,2846.6,7500,0,-6351,1149,597.97,7500,0,-4536,2964,2964.5,7500,0,-5058,2442,2441.6,5000,5300,-1557,8743,8742.77,5000,0,-2230,2770,1865.48,5000,0,-3507,1493,1165.61,2500,0,-2500,0,0,2500,0,-1400,1100,852.73,2500,0,0,2500,2500,2500,0,0,2500,0,5000,0,0,5000,0,2500,0,-2500,0,29,
300,300,SCHOOL DEPARTMENT,S1010031,SALARIES CLERICAL,511001,0100-3-300-1420-01-0-03-1-511001,77500,0,0,77500,44540.35,66000,0,0,66000,28976.83,64250,0,0,64250,64250,55167,7583,0,62750,62750.25,55167,2800,0,57967,61000.02,55167,0,0,55167,55167,53551,0,0,53551,53560,0,36000,0,36000,43295.52,0,0,0,0,0,0,0,0,0,0,0,0,0,0,0,0,0,0,0,0,0,0,0,0,0,0,0,0,0,0,0,0,0,0,0,0,0,0,0,0,
300,300,SCHOOL DEPARTMENT,S1011012,CONFERENCE EXPENSES,535001,0100-3-300-1110-01-1-01-2-535001,250,0,0,250,0,250,0,0,250,0,250,0,0,250,0,250,0,0,250,0,250,0,0,250,0,250,0,0,250,0,250,0,0,250,50,250,0,0,250,0,250,0,-250,0,0,250,0,0,250,0,250,0,0,250,0,500,0,0,500,0,500,0,-500,0,0,500,0,0,500,25,500,0,-500,364.05,364.05,700,0,0,700,440,
300,300,SCHOOL DEPARTMENT,S1011012,STAFF ORIENTATION EXPENSES,535002,0100-3-300-1110-01-1-01-2-535002,0,0,0,0,0,0,0,0,0,0,0,0,0,0,0,0,0,0,0,0,0,0,0,0,0,0,0,0,0,0,0,0,0,0,0,0,0,0,0,0,0,0,0,0,0,0,0,0,0,0,0,0,0,0,0,0,0,0,0,0,0,0,0,0,0,0,0,0,0,0,0,0,0,0,0,0,0,0,0,0,
300,300,SCHOOL DEPARTMENT,S1011012,DUES/MEETINGS,535003,0100-3-300-1110-01-1-01-2-535003,5971,0,0,5971,5971,5000,971,0,5971,0,5000,0,0,5000,3950,5000,0,0,5000,3745,5000,7747,0,12747,13047,5000,0,0,5000,5000,4500,0,0,4500,4500,4500,0,0,4500,5016,4500,407,0,4907,4907,4500,0,0,4500,4500,0,0,0,0,0,4275,0,0,4275,4472,5695,0,-1423,4272,4272,500,0,0,500,0,500,0,0,500,270,4300,500,0,4800,4478,
300,300,SCHOOL DEPARTMENT,S1011012,CLASSIFIED ADS,535005,0100-3-300-1110-01-1-01-2-535005,1000,0,0,1000,50,1000,0,0,1000,2296.19,1000,0,-180,820,996.88,500,1319,0,1819,1929.29,500,0,0,500,415,500,0,0,500,110,650,0,0,650,399,650,0,0,650,221.4,650,0,-157,493,482.09,650,0,0,650,485.61,400,0,0,400,344.3,400,0,0,400,640.39,400,72.28,0,472.28,472.28,800,0,0,800,403.29,800,0,0,865.4,271.26,5505,0,-1505,4000,3506.21,
300,300,SCHOOL DEPARTMENT,S1011012,GENERAL SUPPLIES,545001,0100-3-300-1110-01-1-01-2-545001,100,0,0,100,0,100,0,0,100,40,100,0,0,100,79.96,100,0,0,100,99.17,100,0,0,100,739.69,100,0,0,100,90.5,100,0,0,100,90,100,0,0,100,30,100,0,0,100,60,100,0,0,100,150,100,0,0,100,139.99,100,0,0,100,23,100,0,-79,21,21,100,0,0,100,0,100,0,0,100,193.01,100,0,-61,39,39,
300,300,SCHOOL DEPARTMENT,S1011021,SALARIES CLERICAL,511001,0100-3-300-1210-01-1-02-1-511001,177000,0,0,177000,105114.97,177000,0,0,177000,177000,171000,0,0,171000,171000,157000,8000,0,165000,165000,157000,0,0,157000,157000,153000,0,0,153000,153000,147846,154,0,148000,149200,147846,0,0,147846,163981.11,143540,0,0,143540,143540,139359,0,0,139359,139359,135300,0,0,135300,135300,132000,0,0,132000,132000,128000,0,0,128000,117000,122000,0,0,122000,122000,122000,0,0,122000,122000,122000,0,0,122000,122000,
300,300,SCHOOL DEPARTMENT,S1011021,SALARIES ASSISTANTS,511002,0100-3-300-1210-01-1-02-1-511002,133663,0,0,133663,123376.18,150586,0,0,150586,185201.14,125935,414,0,126349,128480.61,121700,4125,0,125825,123346.57,101743,0,0,101743,96321.37,98192,0,0,98192,85668.51,57159,0,0,57159,54741.61,49402,4900,0,54302,55507.19,47043,0,0,47043,48405.8,44955,172,0,45127,46010.19,35562,6142,0,41704,39758.43,46429,0,0,46429,40482.2,44036,742,0,44778,44778,42839,0,0,42839,42845.76,81554,0,0,81554,82515.57,101052,0,0,101052,101058.11,
300,300,SCHOOL DEPARTMENT,S1011021,OVERTIME,513002,0100-3-300-1210-01-1-02-1-513002,800,0,0,800,800,1000,0,0,1000,764.94,1000,1000,0,2000,2001.02,3100,0,0,3100,250.3,3100,0,0,3100,358.68,3100,0,0,3100,0,3100,0,0,3100,170.56,3100,0,0,3100,6423.61,3000,0,0,3000,5483.28,1576,0,0,1576,4567.13,1538,0,0,1538,2697.75,1500,0,0,1500,427.83,500,1000,0,1500,985.82,500,0,0,500,0,0,0,0,0,83,500,0,0,500,341.9,
300,300,SCHOOL DEPARTMENT,S1011021,LIFE INSURANCE STIPEND,517003,0100-3-300-1210-01-1-02-1-517003,0,0,0,0,0,0,0,0,0,0,0,0,0,0,0,0,0,0,0,0,0,0,0,0,0,0,0,0,0,0,0,0,0,0,0,0,0,0,0,0,0,0,0,0,0,0,0,0,0,0,0,0,0,0,0,0,0,0,0,0,0,0,0,0,0,1080,0,0,1080,1080,1080,0,0,1080,1080,0,1080,0,1080,1080,
300,300,SCHOOL DEPARTMENT,S1011021,SUPERINTENDENT MILEAGE,519006,0100-3-300-1210-01-1-02-1-519006,0,0,0,0,0,0,0,0,0,0,0,0,0,0,0,0,0,0,0,0,0,0,0,0,0,0,0,0,0,0,0,0,0,0,0,0,0,0,0,0,0,0,0,0,0,0,0,0,0,0,0,0,0,0,0,0,0,0,0,0,0,0,0,0,0,1050,0,0,1050,1050,1050,0,0,1050,1050,1050,0,0,1050,1050,
300,300,SCHOOL DEPARTMENT,S1011022,POSTAGE,534400,0100-3-300-1210-01-1-02-2-534400,5000,1196.98,0,6196.98,5009.68,5000,989.12,0,10989.12,5622.32,5000,0,0,5000,3872.49,5000,0,0,5000,4863.61,5000,0,0,5000,4320.91,5000,0,0,5000,3368,5000,0,0,5000,3259.31,5000,0,0,5000,4476.48,5000,0,0,5000,4901.8,5000,0,0,5000,5168.24,4000,0,0,4000,4235.54,5575,0,0,5575,5010.77,4500,1072,0,5572,5577.15,5400,0,0,5408.95,5406.49,5400,0,0,5462,5029.02,6000,0,0,6660.38,6611.59,
300,300,SCHOOL DEPARTMENT,S1011022,DUES/MEETINGS,535003,0100-3-300-1210-01-1-02-2-535003,5000,0,0,5000,3988,5000,220,0,5220,11191,5000,2753,0,7753,7752.11,0,8928,0,8928,8928.59,0,0,0,0,0,0,0,0,0,22220,0,0,0,0,0,0,0,0,0,0,0,0,0,0,0,0,0,0,0,0,0,0,0,0,0,0,0,0,0,0,0,0,0,0,0,0,0,0,0,0,0,0,0,0,0,2185,0,0,2185,2185,
300,300,SCHOOL DEPARTMENT,S1011022,GENERAL SUPPLIES,545001,0100-3-300-1210-01-1-02-2-545001,1000,0,0,1000,566.01,1000,0,0,1000,463.6,1000,0,0,1000,738.88,1000,0,0,1000,796.28,1000,0,0,1000,0,1100,0,0,1100,472.89,1100,0,0,1100,0,1100,0,0,1100,1014.5,1100,0,0,1100,1099.49,1100,0,0,1100,1100.38,1100,0,0,1100,1195.96,1100,0,0,1100,1225.42,2000,0,-1008.16,1112.74,1112.74,2400,0,0,2495.77,2058.72,2400,0,0,2543.16,1419.69,2900,0,0,2917.43,2124.49,
300,300,SCHOOL DEPARTMENT,S1011022,TRAVEL/OTHER EXPENSES,575001,0100-3-300-1210-01-1-02-2-575001,0,0,0,0,0,0,0,0,0,0,0,0,0,0,0,0,0,0,0,0,0,0,0,0,0,0,0,0,0,0,0,0,0,0,0,0,0,0,0,0,0,0,0,0,0,0,0,0,0,0,0,0,0,0,0,0,0,0,0,0,0,0,0,0,0,0,0,0,0,0,0,0,0,0,0,0,0,0,0,0,
300,300,SCHOOL DEPARTMENT,S1011031,SALARIES CLERICAL,511001,0100-3-300-1410-01-1-03-1-511001,77500,0,0,77500,44540.21,66000,0,-11892,54108,30976.82,64250,0,0,64250,64250,55167,7583,0,62750,62749.75,55167,2800,0,57967,60999.98,55167,0,0,55167,55167,53551,0,0,53551,53560,79789,0,-16842,62947,43295.53,77116,0,0,77116,89116,74520,0,0,74520,86520,72000,0,0,72000,74000,70000,0,0,70000,68000,62353,5647,0,68000,68000,61746,0,0,61746,61229.26,50598,0,0,50598,62383.35,49850,0,0,49850,49849.94,
300,300,SCHOOL DEPARTMENT,S1011031,SALARIES ASSISTANTS,511002,0100-3-300-1410-01-1-03-1-511002,87723,0,0,87723,0,13290,0,0,13290,1561,10478,0,0,10478,15032.01,8579,1199,0,9778,37800,8579,5880,0,14459,175047.64,7952,0,0,7952,159645.76,0,0,0,0,64321.99,0,0,0,0,58410.62,0,0,0,0,0,0,0,0,0,0,0,0,0,0,0,0,0,0,0,0,0,0,0,0,0,32245,0,0,32245,31875.93,0,0,0,0,0,0,0,0,0,0,
300,300,SCHOOL DEPARTMENT,S1011032,CONTRACTED SERVICES,535006,0100-3-300-1410-01-1-03-2-535006,6000,0,0,6000,5500,6000,0,0,6000,49375,6000,0,0,6000,5250,6000,9612.5,0,22612.5,34099.9,6000,6000,0,18000,15596.82,6000,0,0,12000,11386.06,6000,0,0,6000,0,6000,0,0,6000,6000,0,0,0,0,0,0,0,0,0,0,0,0,0,0,0,0,0,0,0,0,0,0,0,0,0,0,0,0,0,0,0,0,0,0,1468.16,0,1305,0,1305,1488.77,
300,300,SCHOOL DEPARTMENT,S1011032,ADMIN CONTRACTED TSA,535030,0100-3-300-1410-01-1-03-2-535030,1600,0,0,1620.68,240.64,1600,0,0,1600,1156.2,1600,0,0,1600,1533.83,1600,0,0,1600,1400.6,1600,0,0,1600,1331.04,1600,0,0,1600,1549.12,1600,0,0,2176.22,1088.27,1300,0,0,1600,993.78,1300,0,0,1600,1065.03,0,0,0,0,802.52,0,0,0,0,0,0,0,0,0,0,0,0,0,0,0,50000,0,-13671,36329,30653.78,46200,0,0,46200,44482.99,34200,3530,0,38098.66,38219.83,
300,300,SCHOOL DEPARTMENT,S1011032,GENERAL SUPPLIES,545001,0100-3-300-1410-01-1-03-2-545001,2500,0,0,2500,0,2500,0,0,2500,1274,5200,0,0,5200,5119.41,200,11554,0,11754,11135.06,200,0,0,200,0,200,0,0,200,150,200,0,0,200,50,200,0,0,200,103,200,0,0,200,160,200,0,0,200,199.51,200,0,0,200,133.73,200,0,0,200,199.89,200,0.06,0,200.06,200.06,200,0,0,200,110.84,200,0,0,216.28,177.39,220,0,0,272.44,256.16,
300,300,SCHOOL DEPARTMENT,S1011521,SALARIES STAFF,511003,0100-3-300-1450-01-1-52-1-511003,124355,0,0,124355,113310.27,143871,3965,-1191,146645,178990.24,149870,0,0,149870,162848.66,211294,1199,-52773,159720,172321.95,182145,0,0,182145,240014,201685,0,0,201685,204975.6,200068,0,0,200068,199975.81,189615,15030,0,204645,203276.38,159772,19812,0,179584,179689.01,98112,5209,0,103321,103925.29,99821,0,-7795,92026,92677.73,92569,0,0,92569,81659.59,89464,3085,0,92549,89966.59,90586,0,0,90586,82616.72,43114,0,0,43114,43834.26,95000,5000,0,100000,106216.12,
300,300,SCHOOL DEPARTMENT,S1011521,TRAINING,519003,0100-3-300-1450-01-1-52-1-519003,6152,0,0,6152,4308.5,0,0,0,0,0,6000,0,0,6000,0,6000,0,0,6000,3075.5,6000,0,0,6000,6000,6000,0,0,6000,6000,0,6000,0,6000,6000,0,0,0,0,0,0,0,0,0,0,0,0,0,0,0,0,0,0,0,0,0,0,0,0,0,0,0,0,0,0,0,0,0,0,0,0,0,0,0,0,0,0,0,0,0,
300,300,SCHOOL DEPARTMENT,S1511062,HOSPITAL TUTORING,535011,0100-3-300-2310-51-1-06-2-535011,6000,0,0,6000,5889.11,3000,4000,0,7000,6692.79,3000,3000,0,6000,6635.46,3000,0,0,3000,3519.86,3000,0,0,3000,1351.12,3000,0,0,3000,915.48,3000,3000,0,6000,2653.35,5000,0,0,5000,2040.46,15000,0,0,15000,269.99,20000,0,-925,19075,1750.28,10000,0,0,10000,1200.99,3500,0,0,4106.2,12719.5,3500,5081.44,0,8581.44,7507.56,3500,0,-1500,2000,3387.6,3500,0,0,6842.5,2967,5000,3393,-3393,5000,0,
300,300,SCHOOL DEPARTMENT,S1511062,CONTRACT RELATED SERVICES,535012,0100-3-300-2310-51-1-06-2-535012,103000,36000,0,139000,75664.51,103000,45220,0,148220,144922.03,103000,0,0,103000,117197.19,103000,0,0,103000,113345.89,103000,0,0,105000,73949.02,103000,0,0,103000,65392.98,103000,0,0,103000,86401.41,103000,0,0,104320,75466.97,110000,29150,-7000,132150,114908.44,110000,0,0,113816,95930.01,115000,0,-10000,107718.9,90598.51,92700,6543.83,0,99756.71,127526.04,90000,50604.9,0,146571.15,143406.3,90000,0,-112,91238,80897.77,0,20000,0,22028.1,15379.6,0,10855.37,0,10855.37,10855.38,
300,300,SCHOOL DEPARTMENT,S1511062,CONTRACTED EVALUATIONS,535013,0100-3-300-2310-51-1-06-2-535013,5000,0,0,5000,3872.15,6000,0,0,6000,4810.62,6000,0,0,6000,0,6000,0,0,6000,3650,6000,0,0,6000,0,6000,0,0,6000,1275.14,6000,0,0,6000,4864.14,8000,0,0,8000,1825,8000,0,0,8000,1291.86,5000,925,0,5925,5300,5000,5000,0,10000,4598.88,5000,0,0,6000,3553.08,4000,6924.02,-500,10424.02,10191.02,4000,2100,-703,5397,5549.91,4000,0,0,4000,2063.2,3500,1858,0,5358,5105.72,
300,300,SCHOOL DEPARTMENT,S1990522,CONTRACTED SERVICES,535006,0100-3-300-1450-99-1-52-2-535006,190327,0,0,190327,95315.45,186873,2173,0,189246,174976.87,202663,0,0,202663,241843.52,83530,85294,0,170637,153168.56,55418,1533,0,56951,53189.7,49919,0,0,49919,48761.06,56244,0,0,56712.99,53849.38,48829,0,0,48829,42861.9,48391,0,0,48431,44045.99,47380,0,0,47665,43937.75,39400,0,0,39520,35632.29,37284,0,0,37284,32626.48,32892,0,-13367.2,19524.8,19382.33,0,0,0,0,0,0,0,0,0,0,0,0,0,0,0,
300,300,SCHOOL DEPARTMENT,S1990522,GENERAL SUPPLIES,545001,0100-3-300-1450-99-1-52-2-545001,6000,0,0,6060,60,6000,0,-3916,2084,0,12000,2800,0,14800,3352.57,7500,7620,0,15120,14682.29,12500,0,0,12500,12329.11,12000,0,0,12000,12290.8,12000,0,0,12941.26,11299.66,12000,0,0,12000,13829.15,12000,0,0,13226.51,16502.21,23000,0,-1500,21500,20194.47,23000,0,0,23000,24165.98,22000,0,0,22080,19543.28,7200,14.74,0,7214.74,6941.66,0,0,0,0,0,0,0,0,0,0,0,0,0,0,0,
300,300,SCHOOL DEPARTMENT,S1990991,SCHOOL STIPENDS,519103,0100-3-300-1230-99-0-99-1-519103,0,0,0,0,0,18000,0,0,18000,46046,18000,937,0,18937,44656.4,58000,0,0,58000,85103.2,18000,0,0,18000,43091,8680,0,0,8680,11355,20000,5222,0,25222,25221.84,20000,0,0,20000,15941.25,15000,0,0,15000,15000,13230,0,0,13230,7680.96,0,0,0,0,0,0,0,0,0,0,0,0,0,0,0,0,0,0,0,0,0,0,0,0,0,0,0,0,0,0,
300,300,SCHOOL DEPARTMENT,S1991102,CHARTER TUITIONS,535028,0100-3-300-9120-99-1-10-2-535028,0,0,0,0,0,0,0,0,0,0,0,0,0,0,0,0,0,0,0,0,0,0,0,0,0,0,0,0,0,0,0,0,0,0,0,0,0,0,0,0,0,0,0,0,0,0,0,0,0,0,0,0,0,0,0,0,0,0,0,0,0,0,0,0,0,0,0,0,0,0,0,0,0,0,0,0,0,0,0,0,
300,300,SCHOOL DEPARTMENT,S1991742,HEATING CHARGES/FUEL OIL,521012,0100-3-300-4120-99-1-74-2-521012,4000,0,0,4000,0,1042,4858,0,5900,2077.55,1042,0,-245,797,786.55,706,0,0,706,0,706,0,0,706,711.58,500,106,0,606,605.87,500,0,-500,0,0,500,0,-61,439,438.21,300,494.56,0,794.56,674.56,582,0,-582,0,0,582,0,0,582,239.12,4026,0,-3700,326,315.61,4780,95,-4620,255,254.85,5580,0,0,5580,5194.03,5580,0,0,5580,4376.09,7290,0,-2262.5,5027.5,5145.18,
300,300,SCHOOL DEPARTMENT,S1991742,HEATING CHARGES/NATURAL GAS,521025,0100-3-300-4120-99-1-74-2-521025,120000,0,0,125607.99,55709.25,98151,0,0,114551,94479.53,98151,14500,0,112651,122623.01,83790,0,0,83790,104770.54,109229,0,-15255.83,111414.85,127151.79,97890,0,-16828,81062,107536.52,102655,0,0,104308.6,107001.41,132184,0,-10850,121334,92480.67,162645,0,-79989,82960.72,84820.42,198686,0,-43427,155259,155196.08,168500,17300,0,185800,184591.92,150192,26433,0,178181.82,178451.38,150000,7095,-95,157000,155813.74,182600,0,0,183173.35,154542.9,175000,0,0,175000,177610.54,213250,0,0,213250,190932.48,
300,300,SCHOOL DEPARTMENT,S2011051,SALARIES CLERICAL,511001,0100-3-300-2110-01-1-05-1-511001,146500,0,0,146500,87001.98,142900,0,0,142900,142900,136000,3500,0,139500,139500,136000,0,0,136000,136000,132500,0,0,132500,132500,112641,3159,0,115800,129300,112641,0,0,112641,112641,108967,0,0,108967,111967,105400,0,0,105400,108400,102500,0,0,102500,104500,97500,0,0,97500,97500,94000,0,0,94000,93500,0,0,0,0,0,90500,0,0,90500,90500,90500,0,0,90500,87296,89100,0,0,89100,89100,
300,300,SCHOOL DEPARTMENT,S2014081,SALARIES CLERICAL,511001,0100-3-300-2210-01-4-08-1-511001,208080,0,0,208080,112905.45,217880,0,0,217880,215080,221855,0,-6173,215682,217845.29,201075,7342,0,208417,208417,157425,0,0,157425,159301.82,142320,12430,0,154750,154750,142320,0,0,142320,142320,138730,0,0,138730,138730,135450,0,0,135450,135450,0,0,0,0,0,0,0,0,0,0,0,0,0,0,0,0,0,0,0,0,106570,0,-1500,105070,114284.99,106570,0,0,106570,103427.6,95800,0,0,95800,95800.01,
300,300,SCHOOL DEPARTMENT,S2014081,SALARIES ASSISTANTS,511002,0100-3-300-2210-01-4-08-1-511002,54549,0,0,54549,32401.2,50947,0,0,50947,50731.2,40051,7805,0,47856,47856.96,53609,0,-3373.6,50235.4,53144.25,52565,0,0,52565,52554.96,50269,0,0,50269,51708.32,50269,0,0,50269,50065.6,49016,0,0,49016,48838.4,45745,0,0,45745,45560.16,0,0,0,0,0,0,0,0,0,0,0,0,0,0,0,0,0,0,0,0,42915,0,0,42915,42914.66,42054,0,0,42054,42068.07,40620,0,0,40620,40611.6,
300,300,SCHOOL DEPARTMENT,S2014081,SALARIES CLERICAL,511102,0100-3-300-2210-01-4-08-1-511102,8646,0,0,8646,4963.89,8444,0,0,8444,9899.89,8565,442,0,9007,9661.84,0,6640,0,6640,7189.21,0,0,0,0,0,0,0,0,0,0,5715,0,-5715,0,0,5387,0,0,5387,0,0,4987,0,4987,0,0,0,0,0,0,0,0,0,0,0,0,0,0,0,0,0,0,0,0,0,0,0,0,0,0,0,0,0,0,0,0,0,0,0,0,
300,300,SCHOOL DEPARTMENT,S2014081,OVERTIME,513002,0100-3-300-2210-01-4-08-1-513002,800,0,0,800,0,1000,0,0,1000,0,1000,0,-600,400,0,3000,0,-2000,1000,0,3000,0,0,3000,909.9,3000,0,0,3000,1378.44,1051,1250,0,2301,2256.58,1051,0,0,1051,1197.48,1051,0,0,1051,3354.84,0,0,0,0,0,0,0,0,0,0,0,0,0,0,0,0,0,0,0,0,0,0,0,0,0,0,0,0,0,0,200,0,0,200,0,
300,300,SCHOOL DEPARTMENT,S2014082,SECRETARIAL CONTRACTED SERV,535010,0100-3-300-2210-01-4-08-2-535010,0,0,0,0,0,0,0,0,0,0,0,0,0,0,0,0,0,0,0,0,0,0,0,0,0,0,0,0,0,0,0,0,0,0,0,0,0,0,0,0,0,0,0,0,0,0,0,0,0,0,0,0,0,0,0,0,0,0,0,0,0,0,0,0,0,0,0,0,0,0,0,0,0,0,0,0,0,0,0,0,
300,300,SCHOOL DEPARTMENT,S2014082,OFFICE SUPPLIES/MATERIALS,545002,0100-3-300-2210-01-4-08-2-545002,5290,0,0,5290,1599,5605,0,0,5605,3361.37,3260,0,0,3260,2868.66,3260,0,0,3260,3246.12,3588,0,-500,3088,2627.83,3588,0,0,4149.54,2748.23,3300,0,0,3305.7,3220.33,3300,0,0,3300,3139.72,3300,0,0,3300,3300,0,0,0,0,0,0,0,0,0,0,0,0,0,0,0,0,0,0,0,0,4200,0,0,4200,3845.85,3800,0,0,4758.86,3637.79,4200,0,0,4200,2445.72,
300,300,SCHOOL DEPARTMENT,S2015081,SALARIES CLERICAL,511001,0100-3-300-2210-01-5-08-1-511001,182401,0,0,182401,108336.01,179963,0,0,179963,181024,231054,0,-37778,193276,176938,211470,0,-39701,171769,171769,167166,0,0,167166,167166,168745,0,-5312,163433,163433,188696,0,-26007,162689,167688.76,156843,36700,0,193543,183468,148877,2500,0,151377,152377,186145,0,0,186145,187345,181150,0,0,181150,181150,177100,0,0,177100,177100,129910,0,-410,129500,133000,91000,0,0,91000,92000,91000,0,0,91000,103820.58,185820,0,0,185820,185820,
300,300,SCHOOL DEPARTMENT,S2015081,SALARIES ASSISTANTS,511002,0100-3-300-2210-01-5-08-1-511002,47859,0,0,47859,28759.86,50200,0,0,50200,48492.4,48402,414,0,48816,48255.08,48402,0,0,48402,46885.92,46309,0,0,46309,45771.92,44274,0,0,44274,45208.69,44274,0,0,44274,44281.84,43420,0,0,43420,42428.85,42861,0,0,42861,41975.6,43535,0,-882,42653,42674.56,46877,0,0,46877,41519.69,45728,0,0,45728,45667.7,44005,0,0,44005,43811.04,42915,0,0,42915,43007.15,42054,0,0,42054,42108.08,40620,0,0,40620,40683.18,
300,300,SCHOOL DEPARTMENT,S2015081,SALARIES CLERICAL,511102,0100-3-300-2210-01-5-08-1-511102,18346,0,0,18346,10066.59,17993,0,0,17993,17550.72,16361,430,0,16791,16474.61,15589,0,0,15589,15197.9,15281,0,0,15281,12943.26,14443,0,0,14443,14067.41,13517,0,0,13517,12038.1,11141,0,0,11141,12061.37,10344,0,0,10344,9622.87,0,0,0,0,0,0,0,0,0,0,0,0,0,0,0,0,0,0,0,0,0,0,0,0,0,0,0,0,0,0,0,0,0,0,0,
300,300,SCHOOL DEPARTMENT,S2015081,OVERTIME,513002,0100-3-300-2210-01-5-08-1-513002,800,0,0,800,0,1000,0,0,1000,259.75,1000,0,-200,800,490.52,1100,0,0,1100,804.16,1100,0,0,1100,260.86,1100,0,0,1100,179.29,1051,0,0,1051,1213.77,1051,0,0,1051,655.62,1051,0,0,1051,439.82,1051,0,0,1051,0,1025,0,0,1025,0,1000,0,0,1000,0,0,1000,0,1000,0,0,0,0,0,0,0,0,0,0,0,350,0,0,350,175.05,
300,300,SCHOOL DEPARTMENT,S2015082,SECRETARIAL CONTRACTED SERV,535010,0100-3-300-2210-01-5-08-2-535010,0,0,0,0,0,0,0,0,0,0,0,0,0,0,0,0,0,0,0,0,0,0,0,0,0,0,0,0,0,0,0,0,0,0,0,0,0,0,0,0,0,0,0,0,0,0,0,0,0,0,0,0,0,0,0,0,0,0,0,0,0,0,0,0,0,0,0,0,0,0,0,0,0,0,0,0,0,0,0,0,
300,300,SCHOOL DEPARTMENT,S2015082,OFFICE SUPPLIES/MATERIALS,545002,0100-3-300-2210-01-5-08-2-545002,4300,0,0,4300,715.62,2500,0,0,2500,2482.9,2500,0,0,2500,2444.06,2300,0,0,2300,770.68,2300,0,0,2300,1274.31,2000,0,0,2000,579.87,2987,0,-687,3826.07,2281.18,3300,0,0,5300,3709.05,3300,0,0,3300,537.8,4400,0,0,4400,3210.04,4400,0,0,4400,3537.01,4400,0,0,4400,2841.68,5100,0,0,5100,3067.46,4600,0,-550,4050,1556.78,4050,0,0,4050,4050,4500,0,0,4500,4497.53,
300,300,SCHOOL DEPARTMENT,S2016081,SALARIES CLERICAL,511001,0100-3-300-2210-01-6-08-1-511001,269269,0,0,269269,161192.87,275817,0,0,275817,269211.9,230520,37778,0,268298,268298,213127,23730.15,0,236857.15,242006.57,165750,3600,0,169350,180336.91,167812,0,-5312,162500,163300,190221,0,-35953,154268,154268.1,163180,51500,0,214680,187305,156000,0,0,156000,158500,196000,0,0,196000,196000,190000,0,-1000,189000,189000,181675,0,0,181675,183675,182125,0,0,182125,182125,184550,12094,0,196644,190868,184550,0,0,184550,188785.62,181800,0,0,181800,181800,
300,300,SCHOOL DEPARTMENT,S2016081,SALARIES ASSISTANTS,511002,0100-3-300-2210-01-6-08-1-511002,47859,0,0,47859,28759.9,50200,0,0,50200,48474.98,48402,414,0,48816,48499.04,48402,0,0,48402,51086.13,46309,0,0,46309,58459.82,44274,0,0,44274,45209.06,44274,0,0,44274,44282.14,43420,0,0,43420,42428.85,42861,0,0,42861,41975.65,82977,0,0,82977,79406.33,67853,13130,0,80983,77952.67,79111,0,0,79111,78741.68,76371,0,0,76371,74835.7,70498,122,0,70620,70506.84,67805,0,0,67805,67005.34,64542,0,0,64542,58639.21,
300,300,SCHOOL DEPARTMENT,S2016081,SALARIES CLERICAL,511102,0100-3-300-2210-01-6-08-1-511102,18346,0,0,18346,10066.6,17993,0,0,17993,17550.73,16361,430,0,16791,16474.63,15589,0,0,15589,15197.95,15281,0,0,15281,12943.26,14443,0,0,14443,14067.41,13517,0,0,13517,12038.15,11141,0,0,11141,12061.37,10344,0,0,10344,9622.87,0,0,0,0,0,0,0,0,0,0,0,0,0,0,0,0,0,0,0,0,0,0,0,0,0,0,0,0,0,170.84,0,0,0,0,5978.3,
300,300,SCHOOL DEPARTMENT,S2016081,OVERTIME,513002,0100-3-300-2210-01-6-08-1-513002,800,0,0,800,0,1000,0,0,1000,259.75,1000,0,-100,900,563.72,1100,0,0,1100,1602.26,1100,0,0,1100,1996.65,1100,0,0,1100,311.4,1839,350,0,2189,2268.18,1839,0,0,1839,655.62,1839,0,0,1839,639.86,1839,0,0,1839,694.31,1794,0,0,1794,0,1750,0,0,1750,627.61,1750,0,0,1750,973.08,1750,0,0,1750,0,1750,0,0,1750,0,1750,0,0,1750,105.18,
300,300,SCHOOL DEPARTMENT,S2016082,DUES/MEETINGS,535003,0100-3-300-2210-01-6-08-2-535003,0,0,0,0,0,0,0,0,0,0,0,0,0,0,0,0,0,0,0,0,0,0,0,0,0,0,0,0,0,0,0,0,0,0,0,0,0,0,0,0,0,0,0,0,0,0,0,0,0,0,0,0,0,0,0,0,0,0,0,0,0,0,0,0,0,0,0,0,0,0,0,0,0,0,0,0,0,0,0,0,
300,300,SCHOOL DEPARTMENT,S2016082,SECRETARIAL CONTRACTED SERV,535010,0100-3-300-2210-01-6-08-2-535010,0,0,0,0,0,0,0,0,0,0,0,0,0,0,0,0,0,0,0,0,0,0,0,0,0,0,0,0,0,0,0,0,0,0,0,0,0,0,0,0,0,0,0,0,0,0,0,0,0,0,0,0,0,0,0,0,0,0,0,0,0,0,0,0,0,0,0,0,0,0,0,0,0,0,0,0,0,0,0,0,
300,300,SCHOOL DEPARTMENT,S2016082,OFFICE SUPPLIES/MATERIALS,545002,0100-3-300-2210-01-6-08-2-545002,7200,0,-1309.5,5892.04,2131.1,5000,0,0,5000,4836.13,5000,0,0,5000,4855.48,5000,0,-500,4500,2014.82,6200,0,0,6200,3065.36,3113,0,-480.61,2632.39,1085.86,5000,0,0,5000,4263.47,5000,400,0,6171.66,4395.08,7543,0,0,9857.12,6078.99,7688,0,0,7688,4911.83,8050,0,0,8050,3864.15,6550,0,0,6550,2957.63,8000,0,0,8000,6783.69,7400,0,0,7400,4556.77,7000,0,0,7053,3988.87,8500,0,0,8500,5874.54,
300,300,SCHOOL DEPARTMENT,S2022082,MILEAGE REIMBURSEMENT,571000,0100-3-300-2210-02-2-08-2-571000,0,0,0,0,0,0,0,0,0,0,0,0,0,0,0,0,0,0,0,0,0,0,0,0,0,0,0,0,0,0,0,0,0,0,0,0,0,0,0,0,0,0,0,0,0,0,0,0,0,0,0,0,0,0,0,0,0,0,0,0,0,0,0,0,0,0,0,0,0,0,0,0,0,0,0,0,0,0,0,0,
300,300,SCHOOL DEPARTMENT,S2022491,TRAINING,519003,0100-3-300-2357-02-2-49-1-519003,0,0,0,0,0,0,0,0,0,0,0,0,0,0,0,0,0,0,0,0,0,0,0,0,0,0,0,0,0,0,0,0,0,0,0,0,0,0,0,0,0,0,0,0,0,0,0,0,0,0,0,0,0,0,0,0,0,0,0,0,0,0,0,0,0,0,0,0,0,0,0,0,0,0,0,0,0,0,0,0,
300,300,SCHOOL DEPARTMENT,S2022501,SALARIES TEMPORARY,512103,0100-3-300-2355-02-2-50-1-512103,0,0,0,0,0,0,0,0,0,0,0,0,0,0,0,0,0,0,0,0,0,0,0,0,0,0,0,0,0,0,0,0,0,0,0,0,0,0,0,0,0,0,0,0,0,0,0,0,0,0,0,0,0,0,0,0,0,0,0,0,0,0,0,0,0,611,0,0,611,0,0,0,0,0,0,0,0,0,0,0,
300,300,SCHOOL DEPARTMENT,S2022502,PROFESSIONAL DEVELOPMENT EXP,535015,0100-3-300-2357-02-2-50-2-535015,0,0,0,0,0,0,0,0,0,0,0,0,0,0,0,0,0,0,0,0,0,0,0,0,4443.2,0,0,0,0,1352.08,7000,500,0,7500,7558.7,5000,0,0,5000,0,3000,0,0,3000,0,1500,0,0,1500,0,0,0,0,0,0,0,0,0,0,0,0,0,0,0,0,0,0,0,0,0,0,0,0,0,0,0,0,0,0,0,
300,300,SCHOOL DEPARTMENT,S2022511,TRAINING,519003,0100-3-300-2315-02-2-51-1-519003,0,0,0,0,0,0,0,0,0,0,0,0,0,0,0,0,0,0,0,0,0,0,0,0,0,0,0,0,0,0,0,0,0,0,0,0,0,0,0,0,0,0,0,0,0,0,0,0,0,0,0,0,0,0,0,0,0,0,0,0,0,0,0,0,0,0,0,0,0,0,0,0,0,0,0,0,0,0,0,0,
300,300,SCHOOL DEPARTMENT,S2022711,SALARIES STAFF,511003,0100-3-300-2325-02-2-71-1-511003,15000,0,0,15000,3020,15000,0,-15000,0,0,15000,0,-8000,7000,4320,15000,0,-5000,10000,2540,3000,0,0,3000,5500,3000,0,-3000,0,0,3000,0,0,3000,856.16,3000,0,0,3000,8750,3000,0,-2000,1000,0,4000,0,0,4000,6486.13,5125,0,0,5125,1505,5000,0,0,5000,1160.96,0,0,0,0,8637.76,0,0,0,0,0,0,0,0,0,4388.28,7700,0,0,7700,213.12,
300,300,SCHOOL DEPARTMENT,S2022711,SALARIES TEMPORARY,512103,0100-3-300-2325-02-2-71-1-512103,15000,0,0,15000,18464.3,15000,0,0,15000,17124.3,15000,0,-4000,11000,9590,15000,0,0,15000,15840,16000,0,0,16000,19305.34,10000,0,0,10000,9787.31,10000,4600,0,14600,12825.22,10000,0,0,10000,43335.23,10000,2000,0,12000,24054.81,16208,0,0,16208,40585.68,15375,0,-5000,10375,15573.07,15000,0,0,15000,19052.76,15800,4800,0,20600,19432.35,15800,0,0,15800,13484,15800,0,0,15800,11116.14,15800,0,0,15800,8348.66,
300,300,SCHOOL DEPARTMENT,S2032101,SALARIES CLERICAL,511001,0100-3-300-2305-03-2-10-1-511001,402797,0,0,402797,189883.32,362115,29240,0,391355,391359,545194,0,-56816,488378,394182,510466,0,-46869,463597,463597,435951,0,0,435951,441423.41,423588,0,0,423588,423588,350350,68319,-8746,409923,409776.74,382282,0,0,382282,375645.48,346397,36740,-16795,366342,364025.16,391016,0,-50247,340769,342858.41,358118,0,-833,357285,357284.52,344903,0,0,344903,343271,324312,4960,0,329272,329272,310291,927,0,311218,312815.28,302522,0,0,302522,308249.88,300568,0,0,300568,300568,
300,300,SCHOOL DEPARTMENT,S2032121,AIDES,511103,0100-3-300-2330-03-2-12-1-511103,0,0,0,0,0,0,0,0,0,0,0,0,0,0,0,0,0,0,0,0,0,0,0,0,0,0,0,0,0,0,0,0,0,0,0,92221,0,-92221,0,0,73626,15000,0,88626,86339.4,74872,0,-10966,63906,63762.05,53894,2497,0,56391,56547.56,51094,0,0,51094,50156.38,46665,0,-381,46284,44060.15,43137,1864,0,45001,44949.66,35074,0,0,35074,34704.29,32463,0,-246,32217,29965.92,
300,300,SCHOOL DEPARTMENT,S2032131,PARAPROFESSIONALS,511203,0100-3-300-2330-03-2-13-1-511203,73273,0,0,73273,46858.02,73273,0,0,73273,77699.88,145311,0,-55830,89481,75501.66,138063,0,-14885.95,123177.05,83939.75,119159,0,0,119159,118210.2,119499,0,-2947,116552,114140.36,93637,18979,-1483,111133,108442.26,0,92221,0,92221,87262.62,0,0,0,0,0,0,0,0,0,0,0,0,0,0,0,0,0,0,0,0,0,0,0,0,0,0,0,0,0,0,0,0,0,0,0,0,0,0,0,0,
300,300,SCHOOL DEPARTMENT,S2032491,TRAINING,519003,0100-3-300-2357-03-2-49-1-519003,0,0,0,0,0,0,0,0,0,0,0,0,0,0,0,0,0,0,0,0,0,0,0,0,0,0,0,0,0,0,0,0,0,0,0,0,0,0,0,0,0,0,0,0,0,0,0,0,0,0,0,0,0,0,0,0,0,0,0,0,0,0,0,0,0,0,0,0,0,0,0,0,0,0,0,0,0,0,0,0,
300,300,SCHOOL DEPARTMENT,S2032501,SALARIES TEMPORARY,512103,0100-3-300-2355-03-2-50-1-512103,0,0,0,0,0,0,0,0,0,0,0,0,0,0,0,0,0,0,0,0,0,0,0,0,0,0,0,0,0,0,0,0,0,0,0,0,0,0,0,0,0,0,0,0,0,0,0,0,0,0,0,0,0,0,0,0,0,0,0,0,0,0,0,0,0,350,0,0,350,0,0,0,0,0,0,0,0,0,0,0,
300,300,SCHOOL DEPARTMENT,S2032711,SALARIES STAFF,511003,0100-3-300-2325-03-2-71-1-511003,0,0,0,0,0,0,0,0,0,0,0,0,0,0,0,0,0,0,0,0,0,0,0,0,0,0,0,0,0,0,0,0,0,0,0,0,0,0,0,1750,0,0,0,0,0,0,0,0,0,0,0,0,0,0,0,0,0,0,0,0,0,0,0,0,315,0,0,0,0,0,0,0,0,0,0,0,0,0,0,0,
300,300,SCHOOL DEPARTMENT,S2032711,SALARIES TEMPORARY,512103,0100-3-300-2325-03-2-71-1-512103,4000,0,0,4000,2710,4000,0,0,4000,3570,4000,0,0,4000,2755,4000,0,0,4000,1970,5000,0,0,5000,630,7000,0,-5700,1300,1255.98,7000,0,0,7000,5930.56,7000,0,0,7000,3260.98,7000,0,0,7000,7204.6,6000,0,0,6000,12177.78,1025,0,0,1025,6633.75,1000,0,0,1000,6078.1,2000,0,0,2000,731.63,2000,0,0,2000,910,2000,0,0,2000,1845,2000,0,0,2000,0,
300,300,SCHOOL DEPARTMENT,S2042412,ART SUPPLIES,555006,0100-3-300-2415-04-2-41-2-555006,600,0,0,600,575.59,1610,0,0,1610,1427.65,1495,0,0,1495,1492,1320,0,0,1320,1178.42,1150,0,0,1150,1147.97,1265,0,0,1265,1200.62,1300,0,0,1300,1207.73,1400,0,0,1400,1341.64,1400,0,0,1400,1336.5,1840,0,0,1840,1614.01,1600,0,0,1600,1612.01,1600,0,0,1600,1534.2,1500,47,0,1547,1546.42,1500,0,0,1500,1473.29,2800,0,0,2800,2731.88,2800,0,0,2800,2781.38,
300,300,SCHOOL DEPARTMENT,S2044061,PSYCHOLOGISTS SALARIES,511023,0100-3-300-2800-04-4-06-1-511023,92693,0,0,92693,43846.11,71367,0,0,71367,9385.84,68567,950,0,69517,81165.27,40619,22588,0,63207,62176.45,40719,0,0,40719,44768.07,38504,0,0,38504,39536.52,31975,5166,0,37141,37140.5,32053,0,0,32053,41797.89,31814,0,0,31814,31814.5,0,0,0,0,0,0,0,0,0,0,0,0,0,0,0,0,0,0,0,0,0,0,0,0,0,0,0,0,0,0,0,0,0,0,0,
300,300,SCHOOL DEPARTMENT,S2044101,SALARIES CLERICAL,511001,0100-3-300-2305-04-4-10-1-511001,1506487,0,0,1506487,685231.04,1527124,19080,0,1546204,1514881.75,1469090,0,-3596,1465494,1532717.12,1393961,32733.8,-19950,1406744.8,1387499.26,1360338,0,0,1360338,1285908.98,1254491,7258,0,1261749,1256741.06,1308207,13754,-14677,1307284,1309456.9,1341969,0,-66100,1275869,1248856.52,1300255,33351,0,1333606,1325675.54,0,0,0,0,0,0,0,0,0,0,0,0,0,0,0,0,0,0,0,0,980071,111173,0,1091244,1106655.88,1167835,0,0,1167835,1176147.49,1212964,0,0,1212964,1210010.92,
300,300,SCHOOL DEPARTMENT,S2044102,GENERAL SUPPLIES,545001,0100-3-300-2430-04-4-10-2-545001,12798,0,0,12798,4829.23,12262,0,0,12262,11711.24,8211,0,0,8211,8505.84,8211,0,0,8211,8850.86,8173,0,0,8173,6609.9,8115,0,0,8115,7806.9,7994,0,0,7994,7787.63,8000,0,-300,7700,6945.22,7125,1250,0,8375,8028.03,0,0,0,0,0,0,0,0,0,0,0,0,0,0,0,0,0,0,0,0,8800,0,-154,8646,7751.4,8000,0,0,8000,7950.3,8000,0,0,8464.07,8318.88,
300,300,SCHOOL DEPARTMENT,S2044111,PARAPROFESSIONALS,511203,0100-3-300-2330-04-4-11-1-511203,0,0,0,0,0,0,0,0,0,0,9584,0,-9584,0,0,0,0,0,0,0,0,0,0,0,0,0,0,0,0,0,0,0,0,0,0,0,0,0,0,0,0,0,0,0,0,0,0,0,0,0,0,0,0,0,0,0,0,0,0,0,0,0,0,0,0,0,0,0,0,0,0,0,0,0,0,0,0,0,0,0,
300,300,SCHOOL DEPARTMENT,S2044121,AIDES,511103,0100-3-300-2330-04-4-12-1-511103,0,0,0,0,0,0,0,0,0,0,0,0,0,0,0,0,0,0,0,0,0,0,0,0,0,0,0,0,0,0,0,0,0,0,0,0,0,0,0,0,0,0,0,0,0,0,0,0,0,0,0,0,0,0,0,0,0,0,0,0,0,0,0,0,0,0,0,0,0,0,0,0,0,0,0,0,0,0,0,0,
300,300,SCHOOL DEPARTMENT,S2044131,PARAPROFESSIONALS,511203,0100-3-300-2330-04-4-13-1-511203,0,0,0,0,0,0,0,0,0,0,0,0,0,0,0,0,0,0,0,19761.5,0,0,0,0,0,0,0,0,0,0,0,0,0,0,0,0,0,0,0,0,0,0,0,0,0,0,0,0,0,0,0,0,0,0,0,0,0,0,0,0,0,0,0,0,0,0,0,0,0,0,0,0,0,0,280,0,0,0,0,0,
300,300,SCHOOL DEPARTMENT,S2044282,WORKBOOKS,555001,0100-3-300-2415-04-4-28-2-555001,12000,0,-1822.8,10177.2,0,0,0,0,0,0,0,0,0,0,0,11383,0,-766,10617,10479.58,10954,0,-768,10186,10185.23,10622,0,0,10622,9968.46,11070,0,-3750,7320,7229.28,7177,0,-210,6967,6577.29,4388,0,-3068,1320,275.1,0,0,0,0,0,0,0,0,0,0,0,0,0,0,0,0,0,0,0,0,4602,552,0,5154,10244.35,8900,0,0,8900,6359.07,9635,0,-635,9000,7816.89,
300,300,SCHOOL DEPARTMENT,S2044302,READING SUPPLIES,555004,0100-3-300-2415-04-4-30-2-555004,0,0,0,0,0,0,0,0,0,0,3264,0,-42,3222,2175.21,675,692.8,0,1367.8,1307.01,632,1313.63,0,1945.63,1704.5,1242,0,0,1242,1049.07,291,5191,0,5482,5359.99,7514,0,0,7514,7304.33,7514,0,-1250,6264,4542.89,0,0,0,0,0,0,0,0,0,0,0,0,0,0,0,0,0,0,0,0,5305,0,-12,5293,2840.79,3100,0,0,3100,590.62,4000,0,0,4000,279.23,
300,300,SCHOOL DEPARTMENT,S2044312,MATH SUPPLIES,555003,0100-3-300-2415-04-4-31-2-555003,13404,0,0,13404,3017.5,0,0,0,0,0,2401,0,-1732,669,414.88,760,0,0,760,581.71,786,0,-197,589,588.5,345,0,0,345,311.79,340,0,0,340,0,2242,0,0,2242,2382.01,3095,0,-350,2745,1818,0,0,0,0,0,0,0,0,0,0,0,0,0,0,0,0,0,0,0,0,1544,79,0,1637.3,1622.63,1000,0,0,1000,500.99,1000,0,0,1000,656.4,
300,300,SCHOOL DEPARTMENT,S2044332,SCIENCE SUPPLIES,555002,0100-3-300-2420-04-4-33-2-555002,1000,0,0,1311.61,745,7171,0,0,7171,5205.93,1043,0,-164,879,714.36,113,942.97,0,1055.97,802.35,880,0,0,880,229.47,750,0,0,750,64.95,1133,0,0,1133,1114.12,2197,300,-1077,1474,1393.08,2197,0,0,2197,1939.36,0,0,0,0,0,0,0,0,0,0,0,0,0,0,0,0,0,0,0,0,2111,0,0,2111,1662.91,2000,0,0,2000,1934.34,2300,0,0,2300,2083.43,
300,300,SCHOOL DEPARTMENT,S2044352,SOCIAL STUDIES SUPPLIES,555014,0100-3-300-2415-04-4-35-2-555014,339,0,0,339,149.59,266,0,0,266,211.34,739,0,0,739,462.38,2050,0,0,2050,1504.92,660,0,0,660,574.25,499,0,0,499,356.31,0,0,0,0,0,1500,0,0,1500,1314.23,603,0,0,603,173.5,0,0,0,0,0,0,0,0,0,0,0,0,0,0,0,0,0,0,0,0,0,0,0,0,0,0,0,0,0,0,0,0,0,0,0,
300,300,SCHOOL DEPARTMENT,S2044412,ART SUPPLIES,555006,0100-3-300-2415-04-4-41-2-555006,0,0,0,0,0,772,0,0,772,676.52,840,0,0,840,829.55,860,0,0,860,857.71,1231,0,-311,920,619.41,1407,0,0,1407,788.36,1322,0,0,1322,936.81,1146,0,0,1146,1161.2,750,0,0,750,742,0,0,0,0,0,0,0,0,0,0,0,0,0,0,0,0,0,0,0,0,2500,0,0,2500,1679.42,2500,0,0,2500,2285.99,3000,0,0,3000,2877,
300,300,SCHOOL DEPARTMENT,S2044422,TESTING MATERIALS,555007,0100-3-300-2415-04-4-42-2-555007,0,0,0,0,0,0,0,0,0,0,0,0,0,0,0,0,0,0,0,0,0,0,0,0,0,0,0,0,0,0,0,0,0,0,0,0,0,0,0,0,0,0,0,0,0,0,0,0,0,0,0,0,0,0,0,0,0,0,0,0,0,0,0,0,0,0,0,0,0,0,0,0,0,0,0,0,0,0,0,0,
300,300,SCHOOL DEPARTMENT,S2044432,TEXTBOOKS,555029,0100-3-300-2410-04-4-43-2-555029,0,0,0,0,0,0,0,0,0,0,0,0,0,0,0,8606,0,-692.8,7913.2,7364.63,0,0,0,0,0,0,0,0,0,0,0,0,0,0,0,737,0,0,737,719.15,0,0,0,0,0,0,0,0,0,0,0,0,0,0,0,0,0,0,0,0,0,0,0,0,0,1170,0,0,1170,925.8,1000,0,0,1000,367.17,2200,0,0,2926.2,2128.1,
300,300,SCHOOL DEPARTMENT,S2044491,TRAINING,519003,0100-3-300-2357-04-4-49-1-519003,0,0,0,0,0,0,0,0,0,0,0,0,0,0,0,0,0,0,0,0,0,0,0,0,0,0,0,0,0,0,0,0,0,0,0,0,0,0,0,0,0,0,0,0,0,0,0,0,0,0,0,0,0,0,0,0,0,0,0,0,0,0,0,0,0,0,0,0,0,0,0,0,0,0,0,0,0,0,0,0,
300,300,SCHOOL DEPARTMENT,S2044501,SALARIES TEMPORARY,512103,0100-3-300-2355-04-4-50-1-512103,0,0,0,0,0,0,0,0,0,0,0,0,0,0,0,0,0,0,0,0,0,0,0,0,0,0,0,0,0,0,0,0,0,0,0,0,0,0,0,0,0,0,0,0,0,0,0,0,0,0,0,0,0,0,0,0,0,0,0,0,0,0,0,0,0,963,0,0,963,0,0,0,0,0,0,0,0,0,0,0,
300,300,SCHOOL DEPARTMENT,S2044502,PROFESSIONAL DEVELOPMENT EXP,535015,0100-3-300-2357-04-4-50-2-535015,0,0,0,0,0,0,0,0,0,0,0,0,0,0,0,0,0,0,0,0,0,0,0,0,1598.57,0,0,0,0,2048.98,5000,2005,0,7281.85,11177.85,5000,0,0,5000,4612.4,0,0,0,0,0,0,0,0,0,0,0,0,0,0,0,0,0,0,0,0,0,0,0,0,0,0,0,0,0,0,0,0,0,0,0,0,0,0,0,149,
300,300,SCHOOL DEPARTMENT,S2044511,TRAINING,519003,0100-3-300-2315-04-4-51-1-519003,0,0,0,0,0,0,0,0,0,0,0,0,0,0,0,0,0,0,0,0,0,0,0,0,0,0,0,0,0,0,0,0,0,0,0,0,0,0,0,0,0,0,0,0,0,0,0,0,0,0,0,0,0,0,0,0,0,0,0,0,0,0,0,0,0,0,0,0,0,0,0,0,0,0,0,0,0,0,0,0,
300,300,SCHOOL DEPARTMENT,S2044522,CONTRACTED SERVICES,535006,0100-3-300-2451-04-4-52-2-535006,19750,1822.8,0,21572.8,21572.8,8977,0,0,8977,4540,20420,9108,0,33028,32752.1,17822,0,-942.97,16879.03,13379.03,11516,6034,0,17550,18940.89,5069,0,0,5069,4269.5,4427,0,0,4427,3892.16,0,0,0,0,0,0,0,0,0,0,0,0,0,0,0,0,0,0,0,0,0,0,0,0,0,0,0,0,0,0,0,0,0,0,0,0,0,0,0,0,0,0,0,0,0,
300,300,SCHOOL DEPARTMENT,S2044522,COMPUTER SUPPLIES,555038,0100-3-300-2451-04-4-52-2-555038,0,0,0,0,0,0,0,0,0,0,0,0,0,0,0,0,0,0,0,0,0,0,0,0,0,0,0,0,0,0,0,0,0,0,0,0,0,0,0,0,0,0,0,0,0,0,0,0,0,0,0,0,0,0,0,0,0,0,0,0,0,0,0,0,0,0,0,0,0,0,0,0,0,0,0,0,0,0,0,0,
300,300,SCHOOL DEPARTMENT,S2044541,RETIREMENT/LONGEVITY STIPENDS,517000,0100-3-300-2305-04-4-54-1-517000,0,0,0,0,0,5000,0,0,5000,5000,5000,0,0,5000,5000,0,5000,0,5000,5000,0,0,0,0,0,0,0,0,0,0,0,0,0,0,0,0,5000,0,5000,7500,5000,0,0,5000,10000,0,0,0,0,0,0,0,0,0,0,0,0,0,0,0,0,0,0,0,0,10000,0,0,10000,10000,10000,0,0,10000,10000,5000,0,0,5000,5000,
300,300,SCHOOL DEPARTMENT,S2044541,MASTER TEACHER STIPENDS,517005,0100-3-300-2305-04-4-54-1-517005,0,0,0,0,0,0,0,0,0,0,0,0,0,0,0,0,0,0,0,0,0,0,0,0,0,0,0,0,0,0,5000,0,-5000,0,0,0,0,0,0,0,0,0,0,0,0,0,0,0,0,0,0,0,0,0,0,0,0,0,0,0,0,0,0,0,0,0,0,0,0,0,0,0,0,0,0,0,0,0,0,0,
300,300,SCHOOL DEPARTMENT,S2044591,SALARIES CLERICAL,511001,0100-3-300-2340-04-4-59-1-511001,47425,0,0,47425,22435.74,46547,0,0,46547,46545,93168,0,-28509,64659,42574.5,88591,2215,0,90806,78396.6,88154,0,0,88154,88372.58,81845,0,0,81845,81845,78650,0,0,78650,78650,75904,0,0,75904,75904,72485,0,0,72485,72485,0,0,0,0,0,0,0,0,0,0,0,0,0,0,0,0,0,0,0,0,0,21216,0,21216,21942.55,20343,0,0,20343,20455.48,23685,0,0,23685,23684.5,
300,300,SCHOOL DEPARTMENT,S2044592,PERIODICALS,555011,0100-3-300-2415-04-4-59-2-555011,65,0,0,65,0,65,0,0,65,59.9,262,0,0,262,262,182,0,0,182,0,258,0,0,258,226.75,285,0,0,285,226.75,309,0,0,309,244.7,285,0,0,285,244.7,191,0,0,191,172.7,0,0,0,0,0,0,0,0,0,0,0,0,0,0,0,0,0,0,0,0,509,75,0,584,0,0,0,0,0,0,0,0,0,0,0,
300,300,SCHOOL DEPARTMENT,S2044592,LIBRARY EXPENSES,555039,0100-3-300-2415-04-4-59-2-555039,1439,0,0,1439,0,1625,0,0,1625,1543.7,860,0,-500,360,360,356,0,0,356,299.76,219,0,-219,0,0,224,0,0,224,153.22,931,0,0,931,610.49,1350,0,0,1350,1326.98,120,10,0,130,121.65,0,0,0,0,0,0,0,0,0,0,0,0,0,0,0,0,0,0,0,0,300,0,0,300,293.83,0,0,0,0,0,300,0,-300,297.83,297.31,
300,300,SCHOOL DEPARTMENT,S2044592,LIBRARY BOOKS,555040,0100-3-300-2415-04-4-59-2-555040,4600,0,0,4600,0,4600,0,0,4600,4083.76,4600,42,-2975,1667,1667,4715,0,0,4715,4231.74,3968,0,0,3968,3911.02,3450,0,0,3450,3396.13,3440,0,0,3440,3419.35,3500,0,0,3500,3383.38,4000,0,-10,3990,3960.78,0,0,0,0,0,0,0,0,0,0,0,0,0,0,0,0,0,0,0,0,2000,0,0,2000,1959.92,500,0,0,515,515,1500,0,0,1500,0,
300,300,SCHOOL DEPARTMENT,S2044602,AUDIO VISUAL SUPPLIES,555041,0100-3-300-2415-04-4-60-2-555041,873,0,0,873,0,5175,0,0,5175,4231.42,5295,0,0,5295,4979,961,766,0,1727,1726,3818,660,0,4478,4231.17,546,0,0,546,517.36,184,0,0,184,97.21,0,1077,0,1077,1077,0,0,0,0,0,0,0,0,0,0,0,0,0,0,0,0,0,0,0,0,0,0,0,0,0,1078,0,-546.26,531.74,499.08,0,0,0,0,0,200,0,-200,0,0,
300,300,SCHOOL DEPARTMENT,S2044622,PHYSICAL ED SUPPLIES,555005,0100-3-300-2420-04-4-62-2-555005,300,0,0,300,299.72,1840,0,0,1840,1458.94,1842,0,-511,1331,964.08,0,0,0,0,0,1359,0,-1313.63,45.37,0,1953,0,0,1953,1668.07,1230,0,0,1230,1098.29,1247,210,0,1457,1444.49,1500,0,0,1500,1485.91,0,0,0,0,0,0,0,0,0,0,0,0,0,0,0,0,0,0,0,0,377,6.26,0,383.26,383.26,325,0,0,325,318.45,850,0,0,850,803.44,
300,300,SCHOOL DEPARTMENT,S2044632,BAND/MUSIC SUPPLIES,555008,0100-3-300-2420-04-4-63-2-555008,4991,0,0,4991,893.24,3363,0,0,3363,1652.71,862,0,0,862,859.4,0,0,0,0,0,950,0,-950,0,0,0,0,0,0,0,1236,0,-1200,36,0,1264,0,0,1513.8,1113.28,2748,0,0,2748,2061.55,0,0,0,0,0,0,0,0,0,0,0,0,0,0,0,0,0,0,0,0,1533,0,0,1609.54,1517,2600,0,0,2600,2143.36,2400,0,0,2400,2321.25,
300,300,SCHOOL DEPARTMENT,S2044641,TRAINING,519003,0100-3-300-2315-04-4-64-1-519003,0,0,0,0,0,0,0,0,0,0,0,0,0,0,0,0,0,0,0,0,0,0,0,0,0,0,0,0,0,0,0,0,0,0,0,0,0,0,0,0,0,0,0,0,0,0,0,0,0,0,0,0,0,0,0,0,0,0,0,0,0,0,0,0,0,0,0,0,0,0,0,0,0,0,0,0,0,0,0,0,
300,300,SCHOOL DEPARTMENT,S2044642,BAND/MUSIC SUPPLIES,555008,0100-3-300-2330-04-4-64-2-555008,0,0,0,0,0,0,0,0,0,0,0,0,0,0,0,0,0,0,0,0,400,0,-400,0,0,1025,0,0,1025,0,400,0,0,400,0,400,0,0,400,400,400,0,0,400,200,0,0,0,0,0,0,0,0,0,0,0,0,0,0,0,0,0,0,0,0,0,0,0,0,0,0,0,0,0,0,400,0,0,400,400,
300,300,SCHOOL DEPARTMENT,S2044651,SALARIES CLERICAL,511001,0100-3-300-2710-04-4-65-1-511001,63738,0,0,63738,30150.44,87134,0,-139,86995,52140,85778,0,0,85778,85778,81496,2032,0,83528,83528,81092,0,0,81092,81295.34,80892,0,0,80892,81092,79896,0,0,79896,79896,79107,0,0,79107,79107,36923,0,0,36923,36923,0,0,0,0,0,0,0,0,0,0,0,0,0,0,0,0,0,0,0,0,73957,0,-13449,60508,60508,73957,0,0,73957,71777,70425,0,0,70425,70425,
300,300,SCHOOL DEPARTMENT,S2044651,SOCIAL WORKERS SALARIES,511024,0100-3-300-2710-04-4-65-1-511024,87184,0,0,87184,41244.88,0,0,0,0,0,0,0,0,0,0,0,0,0,0,0,0,0,0,0,0,0,0,0,0,0,0,0,0,0,0,0,0,0,0,0,0,0,0,0,0,0,0,0,0,0,0,0,0,0,0,0,0,0,0,0,0,0,0,0,0,0,0,0,0,0,0,0,0,0,0,0,0,0,0,0,
300,300,SCHOOL DEPARTMENT,S2044652,GUIDANCE SUPPLIES,555044,0100-3-300-2710-04-4-65-2-555044,403,0,0,403,154.95,543,0,0,543,524.4,577,0,-226,351,350.48,345,0,0,345,333.65,345,0,-345,0,0,345,0,0,345,334.64,345,351,-205,491,285.19,350,0,0,350,299.77,0,350,0,350,338.91,0,0,0,0,0,0,0,0,0,0,0,0,0,0,0,0,0,0,0,0,226,0,0,226,226.22,200,0,0,200,0,200,0,0,380,189.2,
300,300,SCHOOL DEPARTMENT,S2044711,SALARIES STAFF,511003,0100-3-300-2325-04-4-71-1-511003,3000,0,0,3000,3405,3000,0,0,3000,0,3000,0,0,3000,0,3000,2000,0,5000,23760,7000,0,0,7000,6670,0,29660,0,29660,30410,0,0,0,0,0,0,0,0,0,0,0,7203,0,7203,4290,0,0,0,0,0,0,0,0,0,0,0,0,0,0,0,0,0,0,0,0,0,0,0,0,1317.5,0,0,0,0,0,0,0,0,0,0,
300,300,SCHOOL DEPARTMENT,S2044711,SALARIES TEMPORARY,512103,0100-3-300-2325-04-4-71-1-512103,12000,0,0,12000,12799.5,12000,10000,0,22000,27487.81,12000,5000,0,17000,20367.5,12000,3000,0,15000,21880,5800,0,0,5800,17111.7,12800,0,0,12800,11987.1,12800,1800,0,14600,18948.18,12800,0,0,12800,21545.86,12800,0,0,12800,23220.66,0,0,0,0,0,0,0,0,0,0,0,0,0,0,0,14400,0,-14400,0,0,14400,0,0,14400,17191.74,14400,0,0,14400,14485.2,14400,0,0,14400,14343.42,
300,300,SCHOOL DEPARTMENT,S2055061,PSYCHOLOGISTS SALARIES,511023,0100-3-300-2800-05-5-06-1-511023,42513,0,0,42513,20109.66,42388,0,0,42388,42388,41723,0,0,41723,41722.5,39631,1186,0,40817,40616.5,39435,0,0,39435,39533.12,39235,0,0,39235,40070.73,38855,0,0,38855,38854.5,36578,0,0,36578,36578,34900,0,0,34900,33485.4,0,0,0,0,0,0,0,0,0,0,0,0,0,0,0,0,0,0,0,0,0,0,0,0,0,0,0,0,0,0,0,0,0,0,0,
300,300,SCHOOL DEPARTMENT,S2055101,SALARIES CLERICAL,511001,0100-3-300-2305-05-5-10-1-511001,1943535,0,0,1943535,910170.8,2027997,0,-73735,1954262,1981353.42,2004187,0,0,2004187,2025175.91,1895015,44731.96,0,1939746.96,1967390.29,1889196,0,0,1889196,1884902.67,1891608,0,-50371,1841237,1833276.16,1897230,7210,-30650,1873790,1870249.69,1663022,41000,0,1704022,1726276.82,1491040,5855,0,1496895,1496893.4,1777596,0,-48372,1729224,1776386,1667439,0,-3674,1663765,1663766.49,1660855,0,0,1660855,1658672.8,1807339,0,-59083,1748256,1747961.3,1351020,97994,0,1449014,1456612.19,1441538,0,0,1441538,1451062.4,1528336,0,-6450,1521886,1522009.13,
300,300,SCHOOL DEPARTMENT,S2055102,GENERAL SUPPLIES,545001,0100-3-300-2430-05-5-10-2-545001,8200,0,0,8200,4375.18,8200,0,0,8399.31,7475.99,6500,0,0,6500,6068.01,6119,0,0,6119,3362.18,7200,0,0,7200,4656.14,5500,0,0,5500,5374.45,7000,0,-881,7129.77,5401.05,8000,0,0,9533.9,7816.67,7125,0,0,7125,5084.91,9500,0,0,9500,9167.42,8000,0,0,8000,7987.42,7250,0,0,7250,6966.74,7909,0,0,7909,7853.38,9470,0,0,9470,8707.92,7000,0,0,7089.38,5747.51,7000,0,-400,6600,407.57,
300,300,SCHOOL DEPARTMENT,S2055111,PARAPROFESSIONALS,511203,0100-3-300-2330-05-5-11-1-511203,0,0,0,0,0,0,0,0,0,0,0,0,0,0,0,0,0,0,0,0,0,0,0,0,0,0,0,0,0,0,0,0,0,0,0,0,0,0,0,0,0,0,0,0,0,0,0,0,0,0,0,0,0,0,0,0,0,0,0,0,0,0,0,0,0,0,0,0,0,0,0,0,0,0,0,0,0,0,0,0,
300,300,SCHOOL DEPARTMENT,S2055121,AIDES,511103,0100-3-300-2330-05-5-12-1-511103,0,0,0,0,0,0,0,0,0,0,0,0,0,0,0,0,0,0,0,0,0,0,0,0,0,0,0,0,0,0,0,0,0,0,0,0,0,0,0,0,0,0,0,0,0,0,0,0,0,0,0,0,0,0,0,0,0,0,0,0,0,0,0,0,0,0,0,0,0,0,0,0,0,0,0,0,0,0,0,0,
300,300,SCHOOL DEPARTMENT,S2055131,PARAPROFESSIONALS,511203,0100-3-300-2330-05-5-13-1-511203,0,0,0,0,0,0,0,0,0,0,0,0,0,0,0,0,0,0,0,0,0,0,0,0,0,0,0,0,0,0,0,0,0,0,0,0,0,0,0,0,0,0,0,0,0,0,0,0,0,0,0,0,0,0,0,0,0,0,0,0,0,0,0,0,0,0,0,0,0,0,0,0,0,0,0,0,0,0,0,0,
300,300,SCHOOL DEPARTMENT,S2055282,WORKBOOKS,555001,0100-3-300-2415-05-5-28-2-555001,17435,0,0,17435,9711.25,0,0,0,0,0,973,0,0,973,973,1095,0,0,1095,0,1021,55,0,1076,981.24,1036,0,0,1036,955.92,0,0,0,0,0,1251,0,0,1251,1201.6,0,0,0,0,0,5845,0,0,5845,5474.32,6154,0,0,6154,5479.44,5837,0,0,5837,5479.91,0,0,0,0,0,0,0,0,0,0,173,0,0,173,165.21,0,0,0,0,0,
300,300,SCHOOL DEPARTMENT,S2055292,ENGLISH SUPPLIES,555053,0100-3-300-2415-05-5-29-2-555053,740,0,0,740,647.67,2987,0,0,2987,1554.82,1961,0,0,1961,616.62,3538,0,0,3538,1679,5273,0,0,5273,2958.6,1329,0,0,1329,243.18,972,0,0,1047.84,823.82,2300,0,0,2300,2132.24,0,0,0,0,0,3490,0,0,3490,2371.52,1611,0,0,1611,1306.6,2990,0,0,2990,2986.14,0,0,0,0,0,0,0,0,0,0,0,0,0,0,0,0,0,0,0,0,
300,300,SCHOOL DEPARTMENT,S2055302,READING SUPPLIES,555004,0100-3-300-2415-05-5-30-2-555004,0,0,0,0,0,0,0,0,0,0,0,0,0,0,0,0,0,0,0,0,0,0,0,0,0,0,0,0,0,0,0,0,0,0,0,0,0,0,0,0,0,0,0,0,0,0,0,0,0,0,0,0,0,0,0,0,0,0,0,0,0,0,0,0,0,0,0,0,0,0,0,0,0,0,0,0,0,0,0,0,
300,300,SCHOOL DEPARTMENT,S2055312,MATH SUPPLIES,555003,0100-3-300-2415-05-5-31-2-555003,1171,0,0,1171,538.65,1597,0,0,1597,1575.93,1447,0,0,1447,1066.68,306,0,0,306,51.76,206,0,-55,151,0,2256,0,0,2256,1969.46,2850,0,-850,2130.76,1497.71,1618,0,0,1618,1329.62,1634,0,0,1634,1506.96,1503,0,0,1503,1313.54,1634,0,0,1634,1583.73,1634,0,0,1634,1391.93,1563,0,0,1563,1501.19,1746,0,0,1746,1171.15,288,0,0,288,198.44,1549,0,-1283,266,253.34,
300,300,SCHOOL DEPARTMENT,S2055332,SCIENCE SUPPLIES,555002,0100-3-300-2420-05-5-33-2-555002,2000,0,0,2000,1569.02,2582,0,0,2582,2425.55,2638,0,0,2638,2121.05,1541,0,0,1541,665.42,1308,0,0,1308,138.91,2085,0,0,2085,1207.16,3131,0,0,3131,1347.89,2033,0,0,2033,947.54,324,10,0,334,332.21,1604,0,0,1604,1095.11,2670,0,0,2670,2670,2670,0,0,2670,2169.67,4260,0,-3.5,4256.5,4025.46,2751,0,0,2759.54,2369.29,2553,0,0,2553,2186.36,2302,0,-1150,1152,1116.68,
300,300,SCHOOL DEPARTMENT,S2055352,SOCIAL STUDIES SUPPLIES,555014,0100-3-300-2415-05-5-35-2-555014,3900,0,0,3900,3866.83,1627,0,0,1627,1597.91,1512,0,-345,1167,890.44,1414,0,0,1414,712.84,4004,0,0,4004,3747.96,173,0,0,173,117.84,526,0,0,526,519.19,1484,0,0,1484,441.72,1484,0,-10,1474,1270.84,1070,0,0,1070,1063.51,0,0,0,0,0,0,0,0,0,0,0,0,0,0,0,0,0,0,0,0,0,0,0,0,0,0,0,0,0,0,
300,300,SCHOOL DEPARTMENT,S2055382,FAMILY/CONS SCIENCE SUPPLIES,555010,0100-3-300-2415-05-5-38-2-555010,0,0,0,0,0,0,0,0,0,0,0,0,0,0,0,0,0,0,0,0,0,0,0,0,0,0,0,0,0,0,0,0,0,0,0,0,0,0,0,0,0,0,0,0,0,0,0,0,0,0,0,0,0,0,0,0,0,0,0,0,0,0,0,0,0,0,0,0,0,0,0,0,0,0,0,0,0,0,0,0,
300,300,SCHOOL DEPARTMENT,S2055402,TECH ED SUPPLIES,555009,0100-3-300-2420-05-5-40-2-555009,400,0,0,400,371.8,0,0,0,0,0,0,0,0,0,0,0,0,0,0,0,0,0,0,0,0,0,0,0,0,0,0,0,0,0,0,0,0,0,0,0,0,0,0,0,0,0,0,0,0,0,0,0,0,0,0,358,0,0,358,0,561,3.5,0,564.5,564.47,739,0,-110.33,628.67,628.67,345,0,0,345,0,0,0,0,0,0,
300,300,SCHOOL DEPARTMENT,S2055412,ART SUPPLIES,555006,0100-3-300-2415-05-5-41-2-555006,8060,0,0,8060,7480.14,8050,0,0,8050,4476.87,8050,345,0,8395,7554.65,6900,0,0,6900,6537.38,5750,0,0,5750,4836.86,5175,0,0,5175,5149.85,4500,0,-1000,3500,2663.93,2250,0,0,2708.3,1916.96,2250,0,0,2250,1745.93,3680,0,0,3680,2099.7,1000,0,0,1000,789.59,1000,0,0,1000,0,1800,0,0,1800,1054.24,3100,0,0,3190.76,2714.91,3200,0,0,3200,3109.24,3000,0,0,3000,2861.96,
300,300,SCHOOL DEPARTMENT,S2055422,TESTING MATERIALS,555007,0100-3-300-2415-05-5-42-2-555007,0,0,0,0,0,0,0,0,0,0,0,0,0,0,0,0,0,0,0,0,0,0,0,0,0,0,0,0,0,0,0,0,0,0,0,0,0,0,0,0,0,0,0,0,0,0,0,0,0,0,0,0,0,0,0,0,0,0,0,0,2500,0,0,2500,0,0,0,0,0,0,0,0,0,0,0,0,0,0,0,0,
300,300,SCHOOL DEPARTMENT,S2055432,TEXTBOOKS,555029,0100-3-300-2410-05-5-43-2-555029,0,0,0,0,0,0,0,0,0,0,0,0,0,0,0,0,0,0,0,0,0,0,0,0,0,0,0,0,0,0,0,0,0,707,638,1254,0,0,1254,546.4,0,0,0,0,0,1620,0,0,1620,0,0,0,0,0,0,0,0,0,0,0,1496,0,0,1496,1274,6509,0,-216.55,6292.45,5859.44,9731,0,0,9731,8378.27,2687,400,-2413,674,272.72,
300,300,SCHOOL DEPARTMENT,S2055452,REGRS ACADEMIC ACHIEVEMENT,535014,0100-3-300-2415-05-5-45-2-535014,5000,0,0,5000,1995.38,0,0,0,0,0,200,0,0,200,0,200,0,0,200,0,200,0,0,200,0,200,0,0,200,0,200,0,0,200,0,200,0,0,200,0,100,0,0,100,0,100,0,0,100,77.28,100,0,0,100,0,250,0,0,250,0,1532,0,0,1532,0,833,550,0,1383,445,1375,0,0,1375,668,500,0,0,500,500,
300,300,SCHOOL DEPARTMENT,S2055491,TRAINING,519003,0100-3-300-2357-05-5-49-1-519003,0,0,0,0,0,0,0,0,0,0,0,0,0,0,0,0,0,0,0,0,0,0,0,0,0,0,0,0,0,0,0,0,0,0,0,0,0,0,0,1500,0,0,0,0,0,0,0,0,0,0,0,0,0,0,0,0,0,0,0,0,0,0,0,0,0,0,0,0,0,0,0,0,0,0,0,0,0,0,0,0,
300,300,SCHOOL DEPARTMENT,S2055501,SALARIES TEMPORARY,512103,0100-3-300-2355-05-5-50-1-512103,0,0,0,0,0,0,0,0,0,0,0,0,0,0,0,0,0,0,0,0,0,0,0,0,0,0,0,0,0,0,0,0,0,0,0,0,0,0,0,0,0,0,0,0,0,0,0,0,0,0,0,0,0,0,0,0,0,0,0,0,0,0,0,0,0,963,0,0,963,0,0,0,0,0,0,0,0,0,0,630,
300,300,SCHOOL DEPARTMENT,S2055502,PROFESSIONAL DEVELOPMENT EXP,535015,0100-3-300-2357-05-5-50-2-535015,0,0,0,0,0,0,0,0,0,0,0,0,0,0,0,0,0,0,0,0,0,0,0,0,4016.92,0,0,0,0,6541.13,5000,0,-1000,4134.51,0,5000,0,0,5000,1465.49,0,0,0,0,0,0,0,0,0,0,0,0,0,0,0,0,0,0,0,0,0,0,0,0,0,0,0,0,0,0,0,0,0,6.75,0,0,0,0,0,193.25,
300,300,SCHOOL DEPARTMENT,S2055511,TRAINING,519003,0100-3-300-2315-05-5-51-1-519003,0,0,0,0,0,0,0,0,0,0,0,0,0,0,0,0,0,0,0,0,0,0,0,0,0,0,0,0,0,0,0,0,0,0,0,0,0,0,0,0,0,0,0,0,0,0,0,0,0,0,0,0,0,0,0,0,0,0,0,0,0,0,0,0,0,0,0,0,0,0,0,0,0,0,0,0,0,0,0,0,
300,300,SCHOOL DEPARTMENT,S2055522,CONTRACTED SERVICES,535006,0100-3-300-2451-05-5-52-2-535006,5510,0,0,5510,5510,5000,0,0,5000,0,4400,6145,0,10545,18420,7671,0,0,7671,25038,7671,1500,0,9171,11071.5,7270,0,0,7270,7270,7270,0,0,7270,7267,3850,0,0,3850,3634,0,0,0,0,0,0,0,0,0,0,0,0,0,0,0,0,0,0,0,0,0,0,0,0,0,0,0,0,0,0,0,0,0,0,0,0,0,0,0,0,
300,300,SCHOOL DEPARTMENT,S2055541,RETIREMENT/LONGEVITY STIPENDS,517000,0100-3-300-2305-05-5-54-1-517000,0,0,0,0,0,12500,0,0,12500,15950,12500,0,0,12500,13500,15000,0,-2500,12500,13500,15000,0,0,15000,17500,25000,0,0,25000,25000,25000,0,0,25000,20000,37500,0,-5000,32500,27500,20000,0,0,20000,15000,15000,0,0,15000,15000,15000,0,0,15000,15000,20000,0,0,20000,20000,20000,0,0,20000,20000,20000,0,0,20000,17692.31,10000,0,0,10000,10000,10000,0,0,10000,10000,
300,300,SCHOOL DEPARTMENT,S2055541,MASTER TEACHER STIPENDS,517005,0100-3-300-2305-05-5-54-1-517005,0,0,0,0,0,2500,0,-2500,0,0,0,5000,0,5000,5204,5000,0,0,5000,5000,5000,0,0,5000,4807.69,5000,2500,0,7500,7500,12500,0,-5000,7500,7500,0,0,0,0,0,0,0,0,0,0,0,0,0,0,0,0,0,0,0,0,0,0,0,0,0,0,0,0,0,0,0,0,0,0,0,0,0,0,0,0,0,0,0,0,0,
300,300,SCHOOL DEPARTMENT,S2055572,HEALTH SUPPLIES,555012,0100-3-300-2415-05-5-57-2-555012,396,0,0,396,387.55,393,0,0,393,390.71,382,0,0,382,359.8,385,0,0,385,373.91,445,0,0,445,423.07,438,0,0,438,434.61,386,0,0,386,374.61,337,0,0,337,332.64,533,0,0,533,0,266,0,0,266,115,140,0,0,140,132.59,140,0,0,140,88.94,367,0,0,367,350.89,494,0,-87.77,406.23,406.23,537,0,0,537,495.4,396,0,0,396,293.28,
300,300,SCHOOL DEPARTMENT,S2055582,PERIODICALS,555011,0100-3-300-2415-05-5-58-2-555011,1484,0,0,1484,1478.99,1482,0,0,1482,1472.96,1413,0,0,1413,1411.97,1275,0,0,1275,1219.68,1105,0,0,1105,1088.37,1105,0,0,1105,1057.04,1000,0,0,1000,757.4,1000,0,0,1000,939.51,0,0,0,0,0,1167,0,0,1167,614.41,900,0,0,900,747.45,0,0,0,0,0,1924,0,0,1924,1725.85,1978,0,0,1978,1697.25,1695,0,0,1727.38,1330.89,1162,275,-60,1377,1368.77,
300,300,SCHOOL DEPARTMENT,S2055591,SALARIES CLERICAL,511001,0100-3-300-2340-05-5-59-1-511001,49325,0,0,49325,23312.56,49200,0,0,49200,49200,48484,0,0,48484,48484,46189,1114,0,47303,47303,43815,0,0,43815,43922.25,43815,0,0,43815,43814.5,43181,0,0,43181,43181,41813,0,0,41813,41813,40993,0,0,40993,40993,66904,0,0,66904,66904,63739,0,0,63739,63739,58491,0,0,58491,52737.74,57240,0,-567,56673,56673,0,21216,0,21216,21942.45,20343,0,0,20343,20455.52,23685,0,0,23685,23684.5,
300,300,SCHOOL DEPARTMENT,S2055592,PERIODICALS,555011,0100-3-300-2415-05-5-59-2-555011,0,0,0,0,0,0,0,0,0,0,0,0,0,0,0,0,0,0,0,0,0,0,0,0,0,0,0,0,0,0,0,0,0,0,0,300,0,0,300,0,83,0,0,83,0,318,0,0,318,298.67,200,0,0,200,194.8,200,0,0,200,182.7,0,0,0,0,0,418,0,0,418,412.57,350,0,0,350,342.7,600,0,-60,540,539.55,
300,300,SCHOOL DEPARTMENT,S2055592,LIBRARY EXPENSES,555039,0100-3-300-2415-05-5-59-2-555039,400,0,0,400,379.34,288,0,0,288,287.62,200,0,0,200,196.46,218,0,0,218,0,251,0,0,251,238.19,161,0,0,161,157.89,334,0,-334,0,0,359,0,0,359,382.09,359,0,0,359,0,706,0,0,706,704.81,127,0,0,127,121.55,150,0,0,150,145.7,200,0,0,200,0,440,0,0,440,446.31,403,0,0,403,312,403,0,-403,0,0,
300,300,SCHOOL DEPARTMENT,S2055592,LIBRARY BOOKS,555040,0100-3-300-2415-05-5-59-2-555040,3000,0,0,3000,2997.5,2000,0,0,2000,1999.14,2000,0,0,2000,1994.42,1000,0,0,1000,992.85,2000,0,0,2000,1992.15,0,0,0,0,0,1000,0,0,1000,996.85,1000,0,0,1000,906.55,0,0,0,0,0,4500,0,0,4500,4406.4,1000,0,0,1000,990.95,1000,0,0,1000,983.52,0,0,0,0,0,2750,0,0,2750,2743.27,3450,0,0,3450,3425.67,2000,0,0,2000,1991.09,
300,300,SCHOOL DEPARTMENT,S2055602,AUDIO VISUAL SUPPLIES,555041,0100-3-300-2415-05-5-60-2-555041,0,0,0,0,0,0,0,0,0,0,0,0,0,0,0,0,0,0,0,0,0,0,0,0,0,0,0,0,0,0,257,0,0,257,0,120,0,0,120,100.55,0,0,0,0,0,391,0,0,391,459.98,0,0,0,0,0,0,0,0,3148,3134.63,4011,0,0,4011,862.22,3452,0,0,3780.97,3079.62,1384,0,0,1384,636.32,1000,0,-1000,0,0,
300,300,SCHOOL DEPARTMENT,S2055622,PHYSICAL ED SUPPLIES,555005,0100-3-300-2420-05-5-62-2-555005,2000,0,0,2000,1998.92,2276,0,0,2276,2214.49,1661,0,0,1661,1649.99,1666,0,0,1666,1604.38,1664,0,0,1664,1444.82,1987,0,0,1987,1761.44,2000,160,-272,1888,1701.69,1326,0,0,1483.83,1298.65,1326,0,0,1326,1143.17,575,0,0,575,512.34,550,0,0,550,444.24,550,0,0,550,394.21,1282,0,0,1282,1119.21,910,414.65,0,1324.65,1324.65,1060,0,0,1060,753.71,500,0,0,500,446.67,
300,300,SCHOOL DEPARTMENT,S2055632,BAND/MUSIC SUPPLIES,555008,0100-3-300-2420-05-5-63-2-555008,4000,0,0,4000,3643.99,3848,0,0,3848,3238.96,3541,0,0,3541,3528.01,3511,0,0,3511,3491.88,5382,0,0,5382,5030.15,4237,0,0,4237,4225.6,3500,0,0,3500,3497.43,2959,0,0,3158.71,3167.53,2209,750,0,2959,2898.17,2030,0,0,2030,964.44,1400,0,0,1400,1170.49,1400,0,0,1400,1195.38,2711,0,0,2711,2474.65,1111,0,0,1111,0,960,0,0,960,748,500,0,0,720,439,
300,300,SCHOOL DEPARTMENT,S2055651,SALARIES CLERICAL,511001,0100-3-300-2710-05-5-65-1-511001,93090,0,0,93090,44130.88,88746,0,0,88746,162553.52,99698,0,0,99698,85771,95023,2275,0,97298,97298,136325,0,0,136325,136656.86,136025,0,0,136025,136324.5,134371,0,0,134371,91332,113026,2220,0,115246,88548,109272,579,0,109851,109850.5,148819,0,0,148819,148819,144056,0,0,144056,144056,139421,0,0,139421,139421,135220,385,0,135605,135605,103306,0,0,103306,103305.5,103306,0,0,103306,103305.5,101360,0,0,101360,101360,
300,300,SCHOOL DEPARTMENT,S2055651,SOCIAL WORKERS SALARIES,511024,0100-3-300-2710-05-5-65-1-511024,78372,0,0,78372,20949.36,0,0,0,0,0,0,0,0,0,0,35478,0,-35478,0,0,34472,0,0,34472,34470.5,32252,0,0,32252,32251.5,30881,0,0,30881,30781,29492,0,0,29492,28357.69,0,0,0,0,0,0,0,0,0,0,0,0,0,0,0,0,0,0,0,0,0,0,0,0,0,0,0,0,0,0,0,0,0,0,0,0,0,0,0,0,
300,300,SCHOOL DEPARTMENT,S2055652,GUIDANCE SUPPLIES,555044,0100-3-300-2710-05-5-65-2-555044,575,0,0,575,0,950,0,0,950,784.16,800,0,0,800,800,0,0,0,0,0,0,0,0,0,0,2760,0,0,2760,353.92,1369,0,-869,698,0,198,0,0,198,0,0,0,0,0,0,460,0,0,460,228.11,233,0,0,233,219.95,233,0,0,233,238.61,233,0,0,233,168.5,222,0,0,291.95,91.12,200,0,0,200,69.95,200,0,0,200,75.9,
300,300,SCHOOL DEPARTMENT,S2055711,SALARIES STAFF,511003,0100-3-300-2325-05-5-71-1-511003,3000,0,0,3000,1840,3000,0,0,3000,0,3000,0,-1500,1500,1500,3000,0,0,3000,2790,3000,0,0,3000,2005,3000,0,-2500,500,175,3000,0,0,3000,1390,3000,0,0,3000,2345,3000,0,-2000,1000,0,2000,0,0,2000,1655,5125,0,0,5125,0,5000,0,0,5000,0,0,0,0,0,6649.5,0,0,0,0,1330,0,0,0,0,9480,0,0,0,0,0,
300,300,SCHOOL DEPARTMENT,S2055711,SALARIES TEMPORARY,512103,0100-3-300-2325-05-5-71-1-512103,11000,0,0,11000,12469.45,11000,5000,0,16000,26657.25,11000,12500,0,23500,30915,11000,0,0,11000,17190,11000,0,0,11000,15215,11000,1053,0,12053,12297.5,11000,5200,0,16200,15378.94,11000,0,0,11000,12430,11000,2000,0,13000,17432.12,17000,0,0,17000,28518.63,18450,0,0,18450,18179.24,18000,0,0,18000,17115.63,20500,4800,0,25300,20423.38,20500,0,0,20500,16168.56,20500,0,0,20500,18501.51,20500,0,0,20500,13612.79,
300,300,SCHOOL DEPARTMENT,S2066061,PSYCHOLOGISTS SALARIES,511023,0100-3-300-2800-06-6-06-1-511023,42513,0,0,42513,20109.66,42388,0,0,42388,42388,41723,0,0,41723,41722.5,39631,1186,0,40817,40616.5,39435,0,0,39435,39533.13,39235,0,0,39235,40070.74,38855,0,0,38855,38854.5,36578,0,0,36578,36578,34900,0,0,34900,33485.42,0,0,0,0,0,0,0,0,0,0,0,0,0,0,0,0,0,0,0,0,0,0,0,0,0,0,0,0,0,0,0,0,0,0,0,
300,300,SCHOOL DEPARTMENT,S2066081,SALARIES SCHOOL STAFF,511019,0100-3-300-2210-06-6-08-1-511019,0,0,0,0,0,0,0,0,0,0,0,0,0,0,0,0,0,0,0,0,0,0,0,0,0,0,2000,0,2000,2000,0,0,0,0,0,0,0,0,0,5000,0,0,0,0,0,0,0,0,0,0,0,0,0,0,0,0,0,0,0,0,0,0,0,0,0,0,0,0,0,0,0,0,0,0,0,0,0,0,0,5270,
300,300,SCHOOL DEPARTMENT,S2066082,GRADUATION EXPENSES,535008,0100-3-300-2210-06-6-08-2-535008,10000,0,0,10000,42,8500,0,0,8500,8250.65,7800,0,0,7800,7934.71,7800,0,0,7800,6180.08,7500,0,0,7500,7068.01,7230,0,0,7230,3674.94,7410,0,0,10441.22,7801.58,5410,0,0,7130,4302.2,5410,0,0,5410,4012.88,6760,0,0,8360,7017.43,6525,0,0,8025,5553.41,6525,0,0,6530,3608.61,6425,0,0,6425,5698.67,6640,0,0,6664.38,5630.53,4900,0,0,5948.29,4726.9,4910,0,0,4910,2997.95,
300,300,SCHOOL DEPARTMENT,S2066082,ACCREDITATION EXPENSES,535009,0100-3-300-2210-06-6-08-2-535009,4500,105,0,4605,0,0,0,0,0,0,0,0,0,0,0,0,0,0,0,0,2000,0,0,2000,198,0,3670,0,3670,9025.85,2000,0,0,2000,2000,0,0,0,0,244.52,0,0,0,0,0,0,0,0,0,0,0,0,0,0,0,0,0,0,0,0,0,0,0,0,0,0,0,0,0,0,0,0,0,34.67,0,20000,0,0,20125,12038.22,
300,300,SCHOOL DEPARTMENT,S2066101,SALARIES CLERICAL,511001,0100-3-300-2305-06-6-10-1-511001,2746711,0,0,2746711,1360069.44,2899395,0,-61272,2838123,2805885.92,2759159,0,0,2759159,2728900.94,2531360,70717.4,0,2602077.4,2577737.88,2508083,0,0,2508083,2472115.83,2384014,79417,-2000,2461431,2456904.11,2340387,0,-59892,2280495,2262886.57,2329502,0,-5200,2324302,2324224.24,2310919,0,-30638,2280281,2285189.5,2798252,754,0,2799006,2798236.94,2686217,53325,0,2739542,2739541,2781003,0,0,2781003,2768883.6,2593101,70209,-45239,2618071,2618071.38,1775461,5884,0,1781345,1843948.77,1597818,0,0,1597818,1571757.84,1574429,0,-74499,1499930,1615049.17,
300,300,SCHOOL DEPARTMENT,S2066101,H.S. TEACHRS REG/CHOICE OFFSET,511017,0100-3-300-2305-06-6-10-1-511017,0,0,0,0,0,0,0,0,0,0,0,0,0,0,0,0,0,0,0,0,0,0,0,0,0,0,0,0,0,0,0,0,0,0,0,0,0,0,0,0,0,0,0,0,0,0,0,0,0,0,0,0,0,0,0,0,0,0,0,0,0,0,0,0,0,0,0,0,0,0,0,0,0,0,0,0,0,0,0,4339.64,
300,300,SCHOOL DEPARTMENT,S2066102,GENERAL SUPPLIES,545001,0100-3-300-2430-06-6-10-2-545001,16000,0,0,16000,8507.43,15800,0,0,15800,12268.36,13700,0,0,13700,11835.61,13700,0,0,13700,10429.21,13700,0,0,13700,13742.09,12758,0,-286.85,12471.15,10593.28,13300,0,0,14494.95,9364.9,13300,0,-400,15877.94,10988.71,13300,0,0,13300,10243.82,13500,0,0,13500,9077.46,12500,0,0,12500,11486.48,11500,0,0,11500,11812.98,8498,0,0,9002.18,6544.22,10000,0,0,10000,9240.11,11000,0,0,11177.87,10849.44,11000,0,0,11000,10671.63,
300,300,SCHOOL DEPARTMENT,S2066111,PARAPROFESSIONALS,511203,0100-3-300-2330-06-6-11-1-511203,0,0,0,0,0,0,0,0,0,0,0,0,0,0,0,0,0,0,0,0,0,0,0,0,0,0,0,0,0,0,0,0,0,0,0,0,0,0,0,0,0,0,0,0,0,0,0,0,0,0,0,0,0,0,0,0,0,0,0,0,0,0,0,0,0,0,0,0,0,0,0,0,0,0,0,0,0,0,0,0,
300,300,SCHOOL DEPARTMENT,S2066131,PARAPROFESSIONALS,511203,0100-3-300-2330-06-6-13-1-511203,47960,0,0,47960,4785.74,53304,0,0,53304,18435.23,0,55830,0,55830,29069.89,0,50188.65,0,50188.65,49880.48,0,0,0,0,46635.75,0,0,0,0,44663.51,41428,6093,-6804,40717,40617.02,0,38892,0,38892,33098.73,0,0,0,0,0,0,0,0,0,0,0,0,0,0,0,0,0,0,0,0,0,0,0,0,0,0,0,0,0,0,39312,0,0,39312,21292.93,36256,0,-1619,34637,39329.73,
300,300,SCHOOL DEPARTMENT,S2066292,ENGLISH WORKBOOKS,555019,0100-3-300-2415-06-6-29-2-555019,0,0,0,0,0,0,0,0,0,0,0,0,0,0,0,0,0,0,0,0,0,0,0,0,0,0,0,0,0,0,120,0,0,120,0,120,0,0,120,0,120,0,0,120,0,120,0,0,120,0,0,0,0,0,0,404,0,0,404,0,0,0,0,0,0,0,0,0,0,0,0,0,0,0,0,0,0,0,0,0,
300,300,SCHOOL DEPARTMENT,S2066292,ENGLISH PERIODICALS,555023,0100-3-300-2415-06-6-29-2-555023,75,0,0,125.08,75,3155,0,0,3155,525.18,145,0,0,145,144.99,190,0,0,190,169.99,236,0,0,236,169.99,425,0,0,425,424.88,583,0,0,583,424.88,555,0,0,555,523.71,435,0,0,435,414.72,435,0,0,435,384.72,493,0,0,493,414.6,493,0,0,493,265,0,0,0,0,0,0,0,0,0,0,0,0,0,0,0,0,0,0,0,0,
300,300,SCHOOL DEPARTMENT,S2066292,ENGLISH SUPPLIES,555053,0100-3-300-2415-06-6-29-2-555053,1462,0,0,1462,340.02,1396,0,0,1396,332.48,171,0,0,171,154.15,0,0,0,0,0,285,0,0,285,280.4,300,0,-172.52,127.48,127.48,500,0,0,500,374.99,500,0,0,500,0,500,0,0,500,214.08,500,0,0,500,443.6,300,0,0,300,123.14,300,0,0,300,213.38,500,0,0,500,389.51,500,0,0,500,0,0,0,0,0,0,250,0,0,250,227.06,
300,300,SCHOOL DEPARTMENT,S2066312,DUES AND FEES,535020,0100-3-300-2415-06-6-31-2-535020,8194,24.5,0,8218.5,6943.5,6963,0,0,6963,6963,5160,0,0,5160,5000,5381,500,0,5881,5880.8,0,0,0,0,0,350,0,0,350,0,250,0,0,250,0,250,0,0,250,0,575,0,0,575,200,1000,0,-325,675,508.5,650,100,-400,350,285,375,0,0,375,231,250,0,0,250,185,250,0,0,250,210,400,0,0,400,306,250,0,0,250,105,
300,300,SCHOOL DEPARTMENT,S2066312,MATH SUPPLIES,555003,0100-3-300-2415-06-6-31-2-555003,971,0,0,971,788.95,473,0,0,473,465.95,850,0,0,850,751.31,768,0,0,768,637.13,847,0,0,847,826.59,1144,0,0,1144,1133.59,500,0,0,500,389,500,0,0,500,242.19,908,0,0,908,849.16,887,325,0,1212,742.6,780,400,0,1180,1077.31,3438,0,0,3438,3327.54,160,1500,0,1660,1422.93,160,0,0,160,151.06,300,0,-7,293,170.86,300,0,0,300,150.74,
300,300,SCHOOL DEPARTMENT,S2066322,BUSINESS ED SUPPLIES,555016,0100-3-300-2415-06-6-32-2-555016,0,0,0,0,0,0,0,0,0,0,0,0,0,0,0,0,0,0,0,0,0,0,0,0,0,0,0,0,0,0,0,0,0,0,0,0,0,0,0,0,0,0,0,0,0,0,0,0,0,0,0,0,0,0,0,600,0,-600,0,0,0,0,0,0,0,0,0,0,0,0,0,0,0,0,0,0,0,0,0,0,
300,300,SCHOOL DEPARTMENT,S2066322,BUSINESS ED WORKBOOKS,555021,0100-3-300-2415-06-6-32-2-555021,0,0,0,0,0,0,0,0,0,0,0,0,0,0,0,0,0,0,0,0,0,0,0,0,0,0,0,0,0,0,0,0,0,0,0,0,0,0,0,0,0,0,0,0,0,0,0,0,0,0,0,0,0,0,0,0,0,0,0,0,0,0,0,0,0,0,0,0,0,0,0,0,0,0,0,0,0,0,0,0,
300,300,SCHOOL DEPARTMENT,S2066332,SCIENCE SUPPLIES,555002,0100-3-300-2420-06-6-33-2-555002,14697,0,0,14697.72,10031.69,16485,0,0,16485,15587.49,13350,0,0,13350,11651.63,14553,0,0,14553,13150.73,14956,0,0,14956,12663.05,10272,0,0,10272,9860,9164,0,0,9164,8479.94,9164,0,0,9164,7444.59,9164,0,0,9164,8856.23,10008,0,0,10008,5548.07,9864,0,0,9864,5047.86,9973,0,-502,9471,8018.02,8882,0,0,9134.13,7457.36,8882,0,0,8958.84,7741.86,7211,0,0,7380.63,5489.89,8100,0,0,8100,7757.79,
300,300,SCHOOL DEPARTMENT,S2066352,SOCIAL STUDIES SUPPLIES,555014,0100-3-300-2415-06-6-35-2-555014,1884,0,0,1884,1078.98,1410,0,0,1410,1356.4,144,0,0,144,69.83,841,0,0,841,677.16,992,0,0,992,3122.05,1864,0,0,1864,1269.25,500,0,0,500,486.89,398,0,0,398,159.72,398,0,0,398,269.98,238,0,0,238,58.52,200,0,0,200,194.98,200,0,0,200,131.86,200,720,0,963.95,960.92,200,0,0,200,117.81,200,0,0,200,150.05,200,0,0,200,45.09,
300,300,SCHOOL DEPARTMENT,S2066352,SOCIAL STUDIES PERIODICALS,555024,0100-3-300-2415-06-6-35-2-555024,0,0,0,0,0,0,0,0,0,0,0,0,0,0,0,0,0,0,0,0,0,0,0,0,0,0,0,0,0,0,0,0,0,0,0,0,0,0,0,0,0,0,0,0,0,0,0,0,0,0,0,0,0,0,0,0,0,0,0,0,0,0,0,0,0,85,0,0,85,82.82,85,0,0,85,75.19,0,0,0,0,0,
300,300,SCHOOL DEPARTMENT,S2066352,AUDIO VISUAL SUPPLIES,555041,0100-3-300-2415-06-6-35-2-555041,0,0,0,0,0,0,0,0,0,0,0,0,0,0,0,0,0,0,0,0,0,0,0,0,0,0,0,0,0,0,0,0,0,0,0,0,0,0,0,0,0,0,0,0,0,0,0,0,0,0,60,0,0,60,0,0,0,0,0,0,0,0,0,0,0,55,0,0,55,54.94,0,0,0,0,0,0,0,0,0,0,
300,300,SCHOOL DEPARTMENT,S2066362,WORLD LANGUAGE WORKBOOKS,555020,0100-3-300-2415-06-6-36-2-555020,0,0,0,0,0,0,0,0,0,0,0,0,0,0,0,0,0,0,0,0,0,0,0,0,0,0,0,0,0,0,0,0,0,0,0,0,0,0,0,0,0,0,0,0,0,0,0,0,0,0,0,0,0,0,0,0,0,0,0,0,0,0,0,0,0,0,0,0,0,0,0,0,0,0,0,0,0,0,0,0,
300,300,SCHOOL DEPARTMENT,S2066362,WORLD LANG TESTING MATERIALS,555022,0100-3-300-2415-06-6-36-2-555022,400,0,0,400,0,480,0,0,480,185,400,0,0,400,340,0,0,0,0,0,0,0,0,0,0,0,0,0,0,0,500,0,0,500,0,500,0,0,500,0,500,0,0,500,465,500,0,0,500,480,655,0,0,655,566.22,1176,0,0,1176,322,888,0,-400,488,426,1617,0,0,1617,0,1617,0,0,1617,819,1500,0,-571,929,920,
300,300,SCHOOL DEPARTMENT,S2066362,WORLD LANGUAGE SUPPLIES,555026,0100-3-300-2415-06-6-36-2-555026,701,0,0,701,567.61,2175,0,0,2175,1394.49,1860,0,0,1860,1805.24,370,0,0,370,250,636,0,0,636,581.85,179,0,-44.67,134.33,134.33,164,0,0,164,157.91,164,0,0,164,164.25,1427,0,-450,977,551.64,291,199,0,490,168.4,220,0,0,220,197.44,112,0,0,112,0,200,0,-200,0,0,239,0,0,239,0,141,0,0,141,0,0,0,0,0,0,
300,300,SCHOOL DEPARTMENT,S2066372,LIABILITY INSURANCE,570010,0100-3-300-2440-06-6-37-2-570010,0,0,0,0,0,0,0,0,0,0,0,0,0,0,0,0,0,0,0,0,0,0,0,0,0,0,0,0,0,0,0,0,0,0,0,0,0,0,0,0,500,0,0,500,0,500,0,0,500,0,1000,0,0,1000,0,1000,0,0,1000,0,0,0,0,0,0,1000,0,0,1000,0,1000,0,0,1000,0,1000,0,0,1500,0,
300,300,SCHOOL DEPARTMENT,S2066372,MILEAGE REIMBURSEMENT,571000,0100-3-300-2440-06-6-37-2-571000,0,0,0,0,0,0,0,0,0,0,0,0,0,0,0,0,1125,0,1125,750,0,0,0,0,0,0,0,0,0,0,0,0,0,0,0,0,0,0,0,0,500,0,0,500,17.12,500,0,0,500,0,0,0,0,0,0,0,0,0,0,0,0,0,0,0,0,0,0,0,0,0,0,0,0,0,0,0,0,0,131.83,0,
300,300,SCHOOL DEPARTMENT,S2066391,SALARIES STAFF,511003,0100-3-300-2330-06-6-39-1-511003,0,0,0,0,0,0,0,0,0,0,0,0,0,0,0,0,0,0,0,0,0,0,0,0,0,0,0,0,0,0,7420,0,0,7420,7362.13,7000,0,0,7000,7107.03,6650,0,0,6650,5571.12,0,0,0,0,0,0,0,0,0,0,0,0,0,0,0,0,0,0,0,0,29017,0,0,29017,31350,25041,0,0,25041,25991.68,24583,0,0,24583,25195.8,
300,300,SCHOOL DEPARTMENT,S2066402,INDUSTRIAL ART SUPPLIES,555017,0100-3-300-2420-06-6-40-2-555017,2000,0,0,2000,1960.4,1783,0,0,1783,681.89,0,0,0,0,0,1725,0,0,1725,1716.16,0,0,0,0,0,1035,0,-38.16,996.84,996.84,0,0,0,0,0,1476,0,0,1798.43,973.26,0,200,0,200,0,1238,0,0,1238,1155.33,1000,0,0,1000,852.08,500,600,0,1100,1018.58,8000,0,-200,7800,6171.44,8100,0,0,8100,6062.54,8100,0,0,8239.16,8017,8100,0,-360,7740,6420.27,
300,300,SCHOOL DEPARTMENT,S2066412,ART SUPPLIES,555006,0100-3-300-2415-06-6-41-2-555006,24495,0,0,26596.02,19014.62,16560,0,0,16560,16390.83,11213,0,0,11213,10891.5,9123,0,0,9123,8994.93,13225,0,0,13225,12548.77,6900,480.61,0,7380.61,7071.13,6500,0,0,6500,6075.89,6500,0,0,6500,6334.54,6950,0,0,6950,6784.73,6750,0,0,6750,6116.75,5789,0,0,5789,5401.91,3716,0,0,3716,6639.01,5505,210,0,5715,5714.99,5505,0,0,5505,5359.69,5300,0,0,5954.3,5268.69,5564,0,0,5564,5373.8,
300,300,SCHOOL DEPARTMENT,S2066432,SCIENCE TEXTBOOKS,555030,0100-3-300-2410-06-6-43-2-555030,17250,0,0,17250,14355,0,0,0,0,0,0,0,0,0,0,0,0,0,0,0,0,0,0,0,0,0,0,0,0,0,0,0,0,0,0,1700,0,0,1700,0,0,0,0,0,0,2660,0,0,2660,772.86,3760,0,0,3760,2411.28,0,502,0,502,0,0,0,0,0,0,0,0,0,0,0,0,0,0,0,0,0,0,0,0,0,
300,300,SCHOOL DEPARTMENT,S2066432,MATH TEXTBOOKS,555031,0100-3-300-2410-06-6-43-2-555031,0,0,0,0,0,0,0,0,0,0,0,0,0,0,0,0,0,0,0,0,0,0,0,0,0,0,0,0,0,0,0,0,0,0,0,0,0,0,0,0,0,0,0,0,0,0,0,0,0,0,320,0,-100,220,76.93,320,0,0,320,0,1500,0,-1500,0,0,1500,536,0,2036,2035.1,3300,7,0,3407,3306.25,1650,0,-1650,0,0,
300,300,SCHOOL DEPARTMENT,S2066432,ENGLISH TEXTBOOKS,555032,0100-3-300-2410-06-6-43-2-555032,7340,0,0,7340,3417.36,2300,0,0,2300,2260.88,0,0,0,0,0,3721,0,0,3721,3514.7,1000,0,0,1000,933.29,2990,0,-22.59,2967.41,2967.41,3000,0,0,3000,2779.65,2500,0,0,2500,1717.47,0,0,0,0,0,6000,0,0,6000,5144.5,6000,0,0,6000,1980.45,6500,0,0,6500,4256.03,6000,1835,0,7835,7833.43,6000,0,-520,5480,5479.23,6000,0,0,6037.44,5401.06,7750,0,-289,7813.18,6021.96,
300,300,SCHOOL DEPARTMENT,S2066432,SOCIAL STUDIES TEXTBOOKS,555033,0100-3-300-2410-06-6-43-2-555033,0,0,0,0,0,0,0,0,0,0,0,0,0,0,0,0,0,0,0,0,0,0,0,0,0,823,0,0,823,0,1046,0,0,1046,1045.39,0,0,0,0,0,432,0,0,432,285.29,0,0,0,0,0,2000,0,0,2000,1862.92,2000,0,0,2000,1312.66,1984,0,-1247,737,736.69,1285,0,-16,1269,1208.52,0,0,0,0,0,0,1939,0,1939,1938.92,
300,300,SCHOOL DEPARTMENT,S2066432,WORLD LANGUAGE TEXTBOOKS,555034,0100-3-300-2410-06-6-43-2-555034,4227,0,0,4227,3042.32,1829,0,0,1829,2020.02,0,0,0,0,0,4000,0,0,4000,2220,1305,0,0,1305,1304,0,0,0,0,0,638,0,0,638,632.81,0,0,0,0,0,0,450,0,450,391.25,0,0,0,0,0,1668,0,0,1668,1606.33,1684,0,-265.53,1418.47,887.5,0,845,0,845,844.69,3605,0,-1496,2109,1049.34,1500,0,0,1500,793.81,73,0,0,73,56,
300,300,SCHOOL DEPARTMENT,S2066432,HEALTH/HUMAN DEV TEXTBOOKS,555035,0100-3-300-2410-06-6-43-2-555035,0,0,0,0,0,0,0,0,0,0,0,0,0,0,0,0,0,0,0,0,0,0,0,0,0,0,0,0,0,0,0,0,0,0,0,0,0,0,0,0,0,0,0,0,0,0,0,0,0,0,0,0,0,0,0,0,0,0,0,0,0,0,0,0,0,0,1496,0,1496,1495.58,0,0,0,0,0,0,0,0,0,0,
300,300,SCHOOL DEPARTMENT,S2066432,BUSINESS ED TEXTBOOKS,555036,0100-3-300-2410-06-6-43-2-555036,0,0,0,0,0,0,0,0,0,0,0,0,0,0,0,0,0,0,0,0,0,0,0,0,0,0,0,0,0,0,0,0,0,0,0,0,0,0,0,0,0,0,0,0,0,0,0,0,0,0,0,0,0,0,0,0,0,0,0,0,0,615,0,615,614.24,0,0,0,0,0,0,0,0,0,0,0,0,0,0,0,
300,300,SCHOOL DEPARTMENT,S2066432,INDUSTRIAL ART TEXTBOOKS,555037,0100-3-300-2410-06-6-43-2-555037,0,0,0,0,0,0,0,0,0,0,0,0,0,0,0,0,0,0,0,0,0,0,0,0,0,0,0,0,0,0,0,0,0,0,0,0,0,0,0,0,200,0,-200,0,0,200,0,0,200,0,0,0,0,0,0,0,0,0,0,0,0,0,0,0,0,0,0,0,0,0,0,0,0,8,0,0,360,0,360,351.34,
300,300,SCHOOL DEPARTMENT,S2066472,ALT ED PROGRAM SUPPLIES,555018,0100-3-300-2440-06-6-47-2-555018,0,0,0,0,0,0,0,0,0,0,0,0,0,0,0,0,0,0,0,0,0,0,0,0,0,0,0,0,0,0,0,0,0,0,0,0,0,0,0,0,0,0,0,0,0,0,0,0,0,0,0,0,0,0,0,0,0,0,0,0,0,0,0,0,0,0,0,0,0,0,0,0,0,0,0,0,0,0,0,0,
300,300,SCHOOL DEPARTMENT,S2066491,TRAINING,519003,0100-3-300-2357-06-6-49-1-519003,0,0,0,0,0,0,0,0,0,0,0,0,0,0,0,0,0,0,0,0,0,0,0,0,0,0,0,0,0,0,0,0,0,0,0,0,0,0,0,0,0,0,0,0,0,0,0,0,0,0,0,0,0,0,0,0,0,0,0,0,0,0,0,0,0,0,0,0,0,0,0,0,0,0,0,0,5900,0,5900,700,
300,300,SCHOOL DEPARTMENT,S2066501,SALARIES TEMPORARY,512103,0100-3-300-2355-06-6-50-1-512103,0,0,0,0,0,0,0,0,0,0,0,0,0,0,0,0,0,0,0,0,0,0,0,0,0,0,0,0,0,0,0,0,0,0,0,0,0,0,0,0,0,0,0,0,0,0,0,0,0,0,0,0,0,0,0,0,0,0,0,0,0,0,0,0,1741.58,963,0,0,963,1310,0,0,0,0,630,0,0,0,0,1050,
300,300,SCHOOL DEPARTMENT,S2066502,PROFESSIONAL DEVELOPMENT EXP,535015,0100-3-300-2357-06-6-50-2-535015,0,0,0,0,0,0,0,0,0,0,0,0,0,0,0,0,0,0,0,0,0,0,0,0,4406.46,0,0,0,0,16721.25,2000,0,0,2840,1090,4000,0,0,4000,2872.57,5500,0,-100,5400,3605,6500,0,0,6500,1395,2065,0,0,2065,0,0,0,0,0,0,0,0,0,0,0,0,0,0,0,0,0,0,0,16,50,0,0,0,0,444,
300,300,SCHOOL DEPARTMENT,S2066511,TRAINING,519003,0100-3-300-2315-06-6-51-1-519003,0,0,0,0,0,0,0,0,0,0,0,0,0,0,0,0,0,0,0,0,0,0,0,0,0,0,0,0,0,0,0,0,0,0,0,0,0,0,0,0,0,0,0,0,0,0,0,0,0,0,0,0,0,0,0,0,0,0,0,0,0,0,0,0,0,0,0,0,0,0,0,0,0,0,0,0,0,0,0,0,
300,300,SCHOOL DEPARTMENT,S2066511,SCHOOL STIPENDS,519103,0100-3-300-2315-06-6-51-1-519103,24965,0,0,24965,0,0,0,0,0,0,0,0,0,0,0,0,0,0,0,0,0,0,0,0,0,0,0,0,0,0,25133,0,0,25133,22184.5,25133,0,0,25133,22792,25133,0,0,25133,22496,24152,0,0,24152,24488,23678,0,0,23678,23885,22821,0,0,22821,23214,21321,0,0,21321,20576,21752,0,-2231,19521,19521,21752,0,0,21752,19732,21430,0,0,21430,19864,
300,300,SCHOOL DEPARTMENT,S2066522,CONTRACTED SERVICES,535006,0100-3-300-2451-06-6-52-2-535006,15025,0,0,15025,16399.76,13250,0,0,13250,13249.38,15350,0,0,15350,12277.48,11350,0,0,11350,11069.44,11685,3400,0,15085,12610.84,10580,0,0,10580,10578.31,10550,0,0,10550,9817.76,12699,0,0,12699,6970.41,0,0,0,0,0,0,0,0,0,0,0,0,0,0,0,0,0,0,0,0,0,0,0,0,0,0,0,0,0,0,0,0,0,0,0,0,0,0,0,0,
300,300,SCHOOL DEPARTMENT,S2066522,COMPUTER SUPPLIES,555038,0100-3-300-2451-06-6-52-2-555038,0,0,0,0,0,0,0,0,0,0,0,0,0,0,0,0,0,0,0,0,0,0,0,0,0,1400,0,-400,1000,0,0,0,0,0,0,0,0,0,0,0,0,0,0,0,0,0,0,0,0,0,0,0,0,0,0,0,0,0,0,0,0,0,0,0,0,0,0,0,0,0,0,0,0,0,0,0,0,0,0,0,
300,300,SCHOOL DEPARTMENT,S2066532,TECH PREP SUPPLIES,555013,0100-3-300-2420-06-6-53-2-555013,0,0,0,0,0,0,0,0,0,0,0,0,0,0,0,0,0,0,0,0,0,0,0,0,0,0,0,0,0,0,0,0,0,0,0,0,0,0,0,0,0,0,0,0,0,0,0,0,0,0,0,0,0,0,0,0,0,0,0,0,0,0,0,0,0,600,0,-297,303,0,0,0,0,0,0,0,0,0,0,0,
300,300,SCHOOL DEPARTMENT,S2066541,RETIREMENT/LONGEVITY STIPENDS,517000,0100-3-300-2305-06-6-54-1-517000,0,0,0,0,0,12500,0,0,12500,9000,12500,0,-5000,7500,6500,15000,0,-2500,12500,6500,15000,0,0,15000,12500,10000,0,0,10000,10000,10000,5000,0,15000,15000,52500,0,0,52500,43500.02,50000,0,0,50000,45000,60000,0,0,60000,60000,60000,0,0,60000,60000,45000,0,0,45000,37500,25000,0,0,25000,25000,20000,0,0,20000,15000,5000,0,0,5000,5000,25000,0,-5000,20000,20000,
300,300,SCHOOL DEPARTMENT,S2066541,MASTER TEACHER STIPENDS,517005,0100-3-300-2305-06-6-54-1-517005,0,0,0,0,0,7500,0,-7500,0,0,0,0,0,0,0,10000,0,-5000,5000,5000,10000,0,0,10000,4807.69,5000,2500,0,7500,7500,37500,0,-15000,22500,22500,0,0,0,0,0,0,0,0,0,0,0,0,0,0,0,0,0,0,0,0,0,0,0,0,0,0,0,0,0,0,0,0,0,0,0,0,0,0,0,0,0,0,0,0,0,
300,300,SCHOOL DEPARTMENT,S2066552,HEALTH/HUMAN DEV SUPPLIES,555015,0100-3-300-2415-06-6-55-2-555015,3202,0,0,3202,2763.35,2883,0,0,2883,2562.51,2242,0,0,2242,2229.77,2751,0,0,2751,1936.37,2450,0,0,2450,1610.65,2410,0,-53.45,2356.55,2333.55,2936,32,0,2968,2446.04,2936,0,0,2936,2615.69,2936,0,-1,3236.09,3142.6,2692,0,0,2692,2158.92,2931,0,0,2931,2640.32,2873,0,0,2873,2630.19,2706,0,-210,2496,2408.91,2632,0,0,2632,2402.42,0,0,0,23.78,0,415,0,0,415,298.92,
300,300,SCHOOL DEPARTMENT,S2066552,HEALTH/HUMAN DEV PERIODICALS,555025,0100-3-300-2415-06-6-55-2-555025,100,0,0,100,0,100,0,0,100,0,98,0,0,98,104.39,123,0,0,123,0,123,0,0,123,43.95,123,0,-63.03,59.97,59.97,123,0,0,123,103.92,123,0,0,123,84.86,114,0,0,114,15.97,107,0,0,107,103.39,82,0,0,101.97,54.42,132,0,0,132,45.66,132,0,0,132,110.81,134,0,0,192.2,121.59,126,0,0,141.97,70.09,126,0,0,126,106.32,
300,300,SCHOOL DEPARTMENT,S2066591,SALARIES CLERICAL,511001,0100-3-300-2340-06-6-59-1-511001,49325,0,0,49325,23312.56,49200,0,0,49200,49200,48484,0,0,48484,48484,46189,1114,0,47303,47303,43815,0,0,43815,43922.25,43815,0,0,43815,43814.5,43181,0,0,43181,43181,41813,0,0,41813,41813,40993,0,0,40993,40993,80378,0,0,80378,80378,78802,0,0,78802,78802,77257,0,0,77257,77257,74495,762,0,75257,75257,73757,0,0,73757,73757,73757,0,0,73757,73757,69479,0,0,69479,69479,
300,300,SCHOOL DEPARTMENT,S2066592,PERIODICALS,555011,0100-3-300-2415-06-6-59-2-555011,280,0,0,280,233.74,200,0,0,200,0,340,0,0,340,336.8,331,0,0,331,325.81,400,0,0,400,393.76,475,0,-67.25,407.75,407.75,475,0,0,475,472.68,615,0,0,615,596.38,615,0,0,615,613.38,640,0,0,640,452.55,470,0,0,470,457.55,470,0,0,470,462.5,700,0,0,700,676.58,1245,0,0,1245,1176.06,1025,0,0,1045,998.73,1015,0,0,1015,829.86,
300,300,SCHOOL DEPARTMENT,S2066592,LIBRARY EXPENSES,555039,0100-3-300-2415-06-6-59-2-555039,500,0,0,500,490.13,450,0,0,450,0,450,0,0,450,440.26,419,0,0,419,411.97,315,0,0,315,0,943,0,-0.65,942.35,942.35,1537,0,0,1537,1439.11,1788,0,0,1788,1663.1,1296,0,0,1296,1236.51,1238,0,0,1238,1077.46,1238,0,0,1238,1212.48,1222,0,0,1222,1194.06,1535,0,0,1535,1404.19,1550,0,0,1550,1541.85,1425,0,0,1425,1406.02,1460,0,0,1460,803.1,
300,300,SCHOOL DEPARTMENT,S2066592,LIBRARY BOOKS,555040,0100-3-300-2415-06-6-59-2-555040,5500,0,0,5500,5499.16,3900,0,0,3900,3849.87,3850,0,0,3850,3847.67,3800,0,0,3800,2706.38,4025,0,0,4025,3907,4000,0,-1000,3000,1758.66,6000,0,0,6000,4769.96,7000,0,0,7000,6843.26,0,0,0,0,0,11000,0,0,11000,10180.96,8000,0,0,8000,7977.56,9138,0,0,9138,9137.59,7000,0,0,7000,6999.88,7000,0,0,7000,5937.42,7200,0,0,7211.75,7073.89,10000,0,-3000,7000,6988.25,
300,300,SCHOOL DEPARTMENT,S2066602,AUDIO VISUAL SUPPLIES,555041,0100-3-300-2415-06-6-60-2-555041,102,0,0,102,99.95,98,0,0,98,96.75,100,0,0,100,0,225,0,0,225,224,237,0,0,237,0,319,0,0,319,0,300,0,0,300,20,500,0,0,500,174.37,8400,0,0,8400,8059.98,7950,0,0,7950,7808.09,7173,0,0,7173,7138.97,7173,0,0,7173,7161.4,5598,0,-990,7103.95,5552.3,8430,0,0,8430,3990.97,6335,0,0,6335,6301.59,0,6325,0,6325,6458.6,
300,300,SCHOOL DEPARTMENT,S2066602,ENGLISH AUDIO VISUAL SUPPLIES,555042,0100-3-300-2415-06-6-60-2-555042,0,0,0,0,0,0,0,0,0,0,0,0,0,0,0,0,0,0,0,0,0,0,0,0,0,150,0,0,150,0,556,0,0,556,519.79,794,0,0,794,655.84,200,0,0,200,0,200,0,0,200,0,250,0,0,250,0,336,0,0,336,0,0,0,0,0,0,0,925,0,925,925,1750,0,0,1750,0,6325,0,-6325,0,0,
300,300,SCHOOL DEPARTMENT,S2066602,WORLD LANGUAGE A.V. SUPPLIES,555043,0100-3-300-2415-06-6-60-2-555043,3083,0,0,3083,3038.43,2215,0,0,2215,2200.31,930,0,0,930,150,1680,0,0,1680,1640.85,0,0,0,0,0,680,0,-20.83,659.17,659.17,425,0,0,425,336.3,1483,0,0,1483,728.35,200,0,0,200,109.99,199,0,-199,0,0,189,0,0,189,135.42,376,265.53,0,641.53,500.93,567,0,0,567,407.87,567,0,0,567,529.97,141,0,0,141,0,300,0,0,300,0,
300,300,SCHOOL DEPARTMENT,S206661,COMPUTER SCIENCE SUPPLIES,555054,0100-3-300-2415-06-6-61-2-555054,0,0,0,0,0,0,0,0,0,0,0,0,0,0,0,0,0,0,0,0,0,0,0,0,0,0,0,0,0,0,0,0,0,0,0,0,0,0,0,0,0,0,0,0,0,0,0,0,0,0,0,0,0,0,0,0,0,0,0,0,0,0,0,0,0,0,0,0,0,0,0,0,0,0,0,0,0,0,0,0,
300,300,SCHOOL DEPARTMENT,S2066622,PHYSICAL ED SUPPLIES,555005,0100-3-300-2420-06-6-62-2-555005,3000,1180,0,4180,4176.87,7911,0,0,7911,7585.37,6924,0,0,6924,6919.76,6460,0,0,6460,6441.22,6412,0,0,6412,6260.06,2584,0,0,2584,2380.85,1500,0,0,1500,1443.84,1500,0,0,1500,1482.54,1500,1,0,1501,1500.55,5353,0,0,5353,5262.25,1981,0,0,1981,1987.24,1694,0,0,1694,1694.15,1231,200,0,1431,1430.78,2081,0,0,2081,2037.77,1500,0,0,1500,1494.41,3460,0,0,3460,2956.96,
300,300,SCHOOL DEPARTMENT,S2066632,DUES AND FEES,535020,0100-3-300-2420-06-6-63-2-535020,2500,0,-260,2240,500,1099,0,0,1099,749,1210,0,0,1210,0,800,0,0,800,450,2125,0,0,2125,0,1250,0,0,1250,950,790,0,0,790,270,790,0,0,790,0,980,0,0,980,608,450,0,-300,150,60,1296,0,0,1296,550,1265,0,0,1265,300,260,550,0,810,810,260,0,0,260,0,810,0,0,1076,924,810,0,0,810,0,
300,300,SCHOOL DEPARTMENT,S2066632,BAND/MUSIC SUPPLIES,555008,0100-3-300-2420-06-6-63-2-555008,5000,260,0,5260,4157.59,1290,0,0,1290,646.95,1179,0,0,1179,986.65,2421,0,0,2421,1587.8,1010,0,0,1010,711.36,1489,0,0,1489,855.23,2827,0,-839.25,2107.1,1947.94,2720,0,0,2826.99,930.25,2720,0,0,2720,1761.96,1845,300,0,2145,1251.58,1030,0,0,1030,215.03,3130,0,0,3130,2983.52,1980,0,0,1980,1747.78,2605,0,0,4931.55,826.87,5665,0,-1000,4960.87,1973.45,2675,0,0,2675,2199.48,
300,300,SCHOOL DEPARTMENT,S2066632,MUSIC MARCHING BAND,555028,0100-3-300-2420-06-6-63-2-555028,2070,0,0,2070,300,5859,0,0,5859,4587.26,6785,0,0,6785,4735.26,5233,0,0,5233,2160.96,6633,0,0,6633,5123.21,6814,0,-1000,5814,4487.76,3992,0,0,3992,3630.16,3450,0,0,3992.09,3647.53,3450,0,0,4295,1600.9,3625,0,0,3625,1241.43,4700,0,0,4700,0,2100,0,0,2100,1560,0,0,0,0,0,0,0,0,0,0,0,0,0,0,0,0,0,0,0,0,
300,300,SCHOOL DEPARTMENT,S2066632,NEW EQUIPMENT,555050,0100-3-300-2420-06-6-63-2-555050,3000,0,0,3000,2997.27,2434,0,0,2434,0,3220,0,0,3220,0,5632,0,0,5632,4351.39,1930,0,0,1930,1793.72,585,0,0,585,104.66,1250,0,0,1250,942.63,625,0,0,1250,190,625,0,0,625,0,2550,0,0,2550,1431.69,5950,0,0,5950,2690.7,3000,0,0,3000,2998.37,5240,0,-535,4705,1398.24,5990,0,0,5990,987.84,0,0,0,1710.58,0,5000,0,-1000,4000,2267.47,
300,300,SCHOOL DEPARTMENT,S2066651,SALARIES CLERICAL,511001,0100-3-300-2710-06-6-65-1-511001,238548,0,0,238548,112824.88,154209,0,0,154209,26266,146140,0,0,146140,145940,136260,3397,0,139657,172756.04,208978,0,0,208978,194018.01,204559,0,0,204559,205058.5,200107,0,0,200107,243146,208657,0,-2200,206457,233134,203031,578,0,203609,206135.84,232980,0,-11521,221459,221458.01,237014,0,0,237014,237014,232376,0,0,232376,232378,221864,2331,0,224195,224195,197242,21447,0,218689,214260.45,194994,0,0,194994,200426.5,152471,0,0,152471,104892,
300,300,SCHOOL DEPARTMENT,S2066651,SALARIES ASSISTANTS,511002,0100-3-300-2710-06-6-65-1-511002,38245,0,0,38245,22674.96,43897,0,0,43897,38864.72,41872,0,0,41872,38423.94,41872,0,0,41872,42014.7,41071,0,0,41071,39169,37445,0,0,37445,38091.9,35702,0,0,35702,36232.4,32969,0,0,32969,31639.19,29415,0,0,29415,29205.84,23705,0,0,23705,23408.7,29378,0,-7354,22024,23515.08,28531,0,0,28531,28435.94,27520,0,0,27520,26936.93,26834,0,0,26834,27199.12,26407,0,0,26407,26212.58,30252,178,0,30430,29385.96,
300,300,SCHOOL DEPARTMENT,S2066651,SALARIES STAFF,511003,0100-3-300-2710-06-6-65-1-511003,5144,0,0,5144,2578.67,5293,139,0,5432,5431.53,5273,0,0,5273,0,4959,4138,0,9097,6562.68,5343,0,0,5343,6420.54,5299,0,0,5299,5338.87,5194,0,0,5194,5314.65,5194,0,0,5194,5833.19,4679,0,0,4679,2176.17,3132,0,0,3132,3134.81,3071,0,0,3071,3042.16,3010,0,0,3010,1244.3,2865,70,0,2935,2889.06,2472,365,0,2837,1975.27,0,0,0,0,0,0,6639,0,6639,5365.87,
300,300,SCHOOL DEPARTMENT,S2066651,SOCIAL WORKERS SALARIES,511024,0100-3-300-2710-06-6-65-1-511024,84626,0,0,84626,40034.78,82866,0,0,82866,82866,75920,1676,0,77596,76637.99,35478,37252,0,72730,72730,34472,0,0,34472,34470.5,32252,0,0,32252,32251.5,30881,0,0,30881,30781,29492,0,0,29492,28357.69,0,0,0,0,0,0,0,0,0,0,0,0,0,0,0,0,0,0,0,0,0,0,0,0,0,0,0,0,0,0,0,0,0,0,0,0,0,0,0,0,
300,300,SCHOOL DEPARTMENT,S2066652,GUIDANCE SUPPLIES,555044,0100-3-300-2710-06-6-65-2-555044,6954,0,0,6954,1468.38,6670,0,0,6670,1992.72,6095,0,0,6095,5286.02,4370,0,0,4370,3683.22,4600,0,0,4600,2935.37,4600,0,-500,4100,702.55,280,0,0,280,277.07,5270,0,0,5270,4146.23,5270,0,0,5270,1911.75,5270,0,0,5270,1699.81,4000,0,0,4000,2589.56,4236,0,0,4671,1983.7,4229,0,0,4839,2483.51,6261,0,-925,5756,1598.07,3892,0,0,4237.98,2756.77,11977,0,-750,11227,9632.94,
300,300,SCHOOL DEPARTMENT,S2066652,LEASE OF GUIDANCE SOFTWARE,555045,0100-3-300-2710-06-6-65-2-555045,24800,0,0,24800,11654,23300,0,0,23300,13887.26,22100,0,-6145,15955,12481.38,25650,0,0,25650,20752.19,19650,0,0,19650,21714.94,10200,0,0,10200,11025,11960,0,0,11960,7730,7470,0,0,7470,7070,7470,0,0,7870,8398.96,15480,0,0,15480,15865,13800,0,0,13800,13743.42,12445,0,0,12445,11941.19,12285,0,0,12285,11410,12655,0,0,12655,11725,15125,0,0,15711.92,12100,3225,0,-254,2971,2384,
300,300,SCHOOL DEPARTMENT,S2066652,GUIDANCE TESTING MATERIALS,555046,0100-3-300-2710-06-6-65-2-555046,0,0,0,0,0,0,0,0,0,0,0,0,0,0,0,0,0,0,0,0,0,0,0,0,0,0,0,0,0,0,0,0,0,0,0,0,0,0,0,0,0,0,0,0,0,0,0,0,0,0,850,0,0,850,0,4350,0,0,4350,2674,4950,0,0,4950,3080,4850,0,0,4850,3630,4125,0,0,4125,3510,4375,0,-995,3380,3380,
300,300,SCHOOL DEPARTMENT,S2066711,SALARIES STAFF,511003,0100-3-300-2325-06-6-71-1-511003,3000,0,0,3000,900,3000,0,0,3000,0,3000,0,-1000,2000,1200,3000,0,0,3000,5145,7000,0,0,7000,35,7000,0,-5300,1700,1680,3000,3395,0,6395,4645,3000,0,0,3000,16457.5,3000,0,0,3000,21159.3,2000,0,0,2000,0,5125,0,0,5125,0,5000,0,0,5000,9231.28,0,0,0,0,22409.21,0,0,0,0,9907.32,0,0,0,0,0,0,0,0,0,0,
300,300,SCHOOL DEPARTMENT,S2066711,SALARIES TEMPORARY,512103,0100-3-300-2325-06-6-71-1-512103,27000,0,0,27000,24416.28,27000,0,0,27000,44935.63,27000,0,0,27000,26260.88,27000,0,0,27000,28980,30000,0,0,30000,15876.68,34000,0,-14213,19787,18413.44,38000,0,0,38000,22938.93,38000,0,0,38000,31765.48,38000,0,0,38000,58500.68,38000,0,0,38000,58805.79,33313,0,0,33313,40440.87,32500,0,0,32500,40014.64,28800,4800,0,33600,42475.3,28800,0,0,28800,30640.72,28800,0,0,28800,43169.47,28800,0,0,28800,24955.48,
300,300,SCHOOL DEPARTMENT,S2072061,PSYCHOLOGISTS SALARIES,511023,0100-3-300-2800-07-2-06-1-511023,85026,0,0,85026,42636.88,0,0,0,0,89887,0,0,0,0,0,40619,0,-40619,0,0,40719,0,0,40719,39511.5,38504,0,0,38504,39536.52,31975,5166,0,37141,37140.5,33430,0,0,33430,20278.27,31814,0,0,31814,31814.51,0,0,0,0,0,0,0,0,0,0,0,0,0,0,0,0,0,0,0,0,0,0,0,0,0,0,0,0,0,0,0,0,0,0,0,
300,300,SCHOOL DEPARTMENT,S2072081,SALARIES CLERICAL,511001,0100-3-300-2210-07-2-08-1-511001,214135,0,0,214135,112180.05,211254,0,0,211254,221115.01,208444,0,0,208444,202728.75,203360,0,0,203360,203360,157425,0,0,157425,156873.77,153500,1250,0,154750,154750,141500,0,0,141500,141500,155584,0,0,155584,161312.89,151352,0,0,151352,151352,189750,0,0,189750,190975,184650,0,0,184650,184650,179857,0,0,179857,180300,135500,0,-2650,132850,141147,97250,0,0,97250,98315.73,123691,0,0,123691,108759.1,103450,0,0,103450,103450,
300,300,SCHOOL DEPARTMENT,S2072081,SALARIES ASSISTANTS,511002,0100-3-300-2210-07-2-08-1-511002,57316,0,0,57316,34396.04,56167,0,0,56167,55952,53609,1341,0,54950,55353.96,51052,0,0,51052,51030.72,47606,0,0,47606,47627.28,51521,0,-1178,50343,43560.23,51521,0,0,51521,53735.58,50008,0,0,50008,49815.22,48942,0,0,48942,48792.91,47815,183,0,47998,48378.6,45756,0,0,45756,45762.1,44631,0,0,44631,44641.44,43117,0,0,43117,42952,42073,0,0,42073,42224.33,48031,0,0,48031,44070.16,41635,0,0,41635,41626.89,
300,300,SCHOOL DEPARTMENT,S2072081,SALARIES CLERICAL,511102,0100-3-300-2210-07-2-08-1-511102,8646,0,0,8646,4739.72,8444,0,0,8444,8738.31,8080,0,0,8080,9058,6916,760,0,7676,8697.09,6479,0,0,6479,7000.38,5933,1178,0,7111,7177.17,5715,4700,0,10415,10186.56,5387,0,0,5387,8352.46,0,4987,0,4987,6222.02,0,0,0,0,0,0,0,0,0,0,0,0,0,0,0,0,0,0,0,0,0,0,0,0,0,0,0,0,0,0,0,0,0,0,0,
300,300,SCHOOL DEPARTMENT,S2072081,OVERTIME,513002,0100-3-300-2210-07-2-08-1-513002,800,0,0,800,0,1000,0,0,1000,201.75,1000,0,-100,900,567.95,1051,0,0,1051,329.94,1051,0,0,1051,1069.64,1051,0,0,1051,0,1051,0,-751,300,0,1051,0,0,1051,449.06,3152,0,-2101,1051,105.15,3152,0,0,3152,68.73,3075,0,0,3075,2579.9,3000,0,0,3000,1266.77,0,3000,0,3000,3174.98,0,0,0,0,0,0,0,0,0,0,200,0,0,200,0,
300,300,SCHOOL DEPARTMENT,S2072082,SECRETARIAL CONTRACTED SERV,535010,0100-3-300-2210-07-2-08-2-535010,0,0,0,0,0,0,0,0,0,0,0,0,0,0,0,0,0,0,0,0,0,0,0,0,0,0,0,0,0,0,0,0,0,0,0,0,0,0,0,0,0,0,0,0,0,0,0,0,0,0,0,0,0,0,0,0,0,0,0,0,0,0,0,0,0,0,0,0,0,0,0,0,0,0,0,0,0,0,0,0,
300,300,SCHOOL DEPARTMENT,S2072082,OFFICE SUPPLIES/MATERIALS,545002,0100-3-300-2210-07-2-08-2-545002,6607,0,0,6607,2226.37,2243,0,0,2243,2235.57,1639,0,0,1639,1638.85,1794,0,0,1794,1759.88,1660,0,0,1660,1639.53,801,41.14,0,842.14,727.8,800,0,-458.86,341.14,74.37,800,0,0,800,758.37,1000,0,0,1000,678.8,1000,0,0,1000,572.7,1000,0,0,1000,627.77,1128,0,0,1128,1064.23,1250,0,0,1250,1193.53,750,0,0,912.55,536.65,1365,0,0,1365,1403.56,3000,0,0,3050.84,2000.07,
300,300,SCHOOL DEPARTMENT,S2072101,SALARIES CLERICAL,511001,0100-3-300-2305-07-2-10-1-511001,1093805,0,0,1093805,508880.11,1033468,33057,0,1066525,1052439.75,1033548,28509,0,1062057,1010605.7,967239,15204.5,0,982443.5,984335.76,1059734,0,0,1059734,993160.52,1125232,0,-86420,1038812,1031734.91,1083699,13363,-68319,1028743,1032508.22,1040436,0,-27000,1013436,1011222.56,974408,0,-5015,969393,967121.16,1294400,0,-9055,1285345,1287317.7,1256287,24164,0,1280451,1277292.16,1276014,0,0,1276014,1272472.9,1195904,0,-31864,1164040,1162320.72,851225,5992,0,857217,859395.29,883080,0,0,883080,827925.39,792143,0,-4250,787893,798368.63,
300,300,SCHOOL DEPARTMENT,S2072102,GENERAL SUPPLIES,545001,0100-3-300-2430-07-2-10-2-545001,17239,0,0,17239,12530.74,17754,0,0,17754,17475.57,16138,7000,0,23138,23348.98,10508,4870.69,0,15517,14829.03,11570,3586.2,0,15156.2,13949.78,11044,0,-2041.14,9002.86,5682.22,14000,458.86,0,14845.83,14086.45,14000,0,0,14454.02,10484,14000,0,0,14150,12031.94,18000,0,0,18000,13348.94,15000,0,0,15000,10640.98,10000,0,0,10000,7994.9,10000,0,0,10000,8507.88,8000,0,0,8054.49,7006.59,8900,0,0,8900,6387.08,8900,0,-1300,7600,2878.84,
300,300,SCHOOL DEPARTMENT,S2072111,AIDES,511103,0100-3-300-2330-07-2-11-1-511103,0,0,0,0,0,0,0,0,0,0,0,0,0,0,0,0,0,0,0,0,0,0,0,0,0,0,0,0,0,0,0,0,0,0,0,0,0,0,0,0,0,0,0,0,0,0,0,0,0,0,0,0,0,0,0,0,0,0,0,0,0,0,0,0,0,3656,0,0,3656,0,3506,0,0,3506,3819.08,10807,0,0,10807,0,
300,300,SCHOOL DEPARTMENT,S2072111,PARAPROFESSIONALS,511203,0100-3-300-2330-07-2-11-1-511203,0,0,0,0,0,0,0,0,0,0,9584,0,-9584,0,0,0,0,0,0,0,0,0,0,0,0,0,0,0,0,0,0,0,0,0,0,0,0,0,0,0,0,0,0,0,0,0,0,0,0,0,11690,0,-11690,0,0,0,0,0,0,0,0,0,0,0,0,0,0,0,0,3808.07,0,0,0,0,0,0,0,0,0,4499.09,
300,300,SCHOOL DEPARTMENT,S2072121,AIDES,511103,0100-3-300-2330-07-2-12-1-511103,0,0,0,0,0,0,0,0,0,0,0,0,0,0,0,0,0,0,0,0,0,0,0,0,0,0,0,0,0,0,0,0,0,0,0,0,0,0,0,0,0,0,0,0,0,0,8987,-8987,0,0,0,0,0,0,0,0,0,0,0,0,0,0,0,0,0,0,0,0,0,0,0,0,0,0,0,0,0,0,0,6012.85,
300,300,SCHOOL DEPARTMENT,S2072131,PARAPROFESSIONALS,511203,0100-3-300-2330-07-2-13-1-511203,0,0,0,0,0,0,0,0,0,0,0,0,0,0,0,0,0,0,0,0,0,0,0,0,0,0,0,0,0,0,0,0,0,0,0,0,0,0,0,0,0,0,0,0,0,11918,8987,0,20905,20489.62,0,11690,0,11690,11056.88,0,0,0,0,0,0,0,0,0,0,0,0,0,0,0,0,0,0,0,0,0,0,0,0,0,
300,300,SCHOOL DEPARTMENT,S2072282,WORKBOOKS,555001,0100-3-300-2415-07-2-28-2-555001,11000,0,-210,10790,0,14950,0,-14950,0,0,13800,0,-13800,0,0,10594,0,-4870.69,5723.31,5723.31,8763,0,-467.31,8295.69,8295.69,9252,0,0,9252,7039.49,12800,700,0,14188.66,11268.93,12100,0,0,12100,11136.67,0,0,0,0,0,14976,0,-3000,13366.21,11454.29,9060,0,0,9060,7654.49,9189,0,-2000,7189,7025.65,7499,0,-47,7452,6020.48,4700,300,0,5000,4627.5,5500,0,0,10569.4,4341.17,5795,0,-1645,4150,4149.54,
300,300,SCHOOL DEPARTMENT,S2072302,READING SUPPLIES,555004,0100-3-300-2415-07-2-30-2-555004,575,0,0,575,314.48,2990,0,0,2990,2755.17,690,0,0,690,577.41,675,0,0,675,661.86,431,0,-296.31,134.69,9774.41,1827,3501.58,0,5328.58,8389.82,2700,233,0,2933,1836.51,4065,0,0,4065,2698.63,0,0,0,0,0,1179,0,0,1179,0,0,0,0,0,0,0,2000,0,2000,1983.69,0,0,0,0,0,4700,0,0,4700,5178.88,5535,0,0,5535,4791.87,3100,0,0,3100,0,
300,300,SCHOOL DEPARTMENT,S2072312,MATH SUPPLIES,555003,0100-3-300-2415-07-2-31-2-555003,500,0,0,500,0,1265,0,0,1265,1263.24,1150,0,0,1150,1146.66,207,0,0,207,204.75,98,0,-98,0,0,0,0,0,0,0,0,200,0,200,0,0,0,0,0,0,1000,0,0,1000,0,0,0,0,0,0,650,0,0,650,0,638,0,0,638,0,450,0,0,450,0,450,0,-300,150,0,500,0,0,500,487.31,3000,0,-2532.32,467.68,446.83,
300,300,SCHOOL DEPARTMENT,S2072332,SCIENCE SUPPLIES,555002,0100-3-300-2420-07-2-33-2-555002,5290,0,0,5290,3173.01,6359,0,0,6359,6357.76,3335,0,0,3335,3329.04,3237,0,0,3237,3122.18,3817,0,-427.07,3389.93,3389.93,173,0,0,173,0,885,0,0,885,364.24,600,0,0,675,406.3,600,0,0,600,509.38,1280,0,0,1280,696.78,1280,0,0,1280,797.43,1280,0,0,1280,693.15,1280,0,0,1280,730.47,600,0,0,600,294.59,588,0,0,588,284.78,1345,0,-757,588,187.7,
300,300,SCHOOL DEPARTMENT,S2072422,TESTING MATERIALS,555007,0100-3-300-2415-07-2-42-2-555007,0,0,0,0,0,0,0,0,0,0,0,0,0,0,0,0,0,0,0,0,0,0,0,0,0,0,0,0,0,0,0,0,0,0,0,0,0,0,0,0,115,0,0,115,0,115,0,0,115,0,115,0,0,115,0,115,0,0,115,0,0,0,0,0,0,0,0,0,0,0,0,0,0,0,0,0,0,0,0,0,
300,300,SCHOOL DEPARTMENT,S2072432,TEXTBOOKS,555029,0100-3-300-2410-07-2-43-2-555029,0,0,0,0,0,0,0,0,0,0,0,0,0,0,0,0,0,0,0,0,0,0,0,0,0,0,0,0,0,0,0,0,0,0,0,0,0,0,0,0,0,0,0,0,0,0,0,0,0,0,0,0,0,0,0,0,0,0,0,0,2070,0,0,2070,0,500,0,0,785.32,0,950,0,0,950,645.35,2700,0,-2200,500,432.11,
300,300,SCHOOL DEPARTMENT,S2072522,CONTRACTED SERVICES,535006,0100-3-300-2451-07-2-52-2-535006,13900,210,0,14110,14110,1290,0,0,1290,745,2600,0,0,2600,2463.99,16654,0,0,16654,12823,14650,7475.86,-8921.91,13203.95,14703.95,4592,3375,0,7967,5186,2275,2098,0,4373,4372.45,6135,0,0,6135,0,0,0,0,0,0,0,0,0,0,0,0,0,0,0,0,0,0,0,0,0,0,0,0,0,0,0,0,0,0,0,0,0,0,0,0,0,0,0,0,0,
300,300,SCHOOL DEPARTMENT,S2072522,COMPUTER SUPPLIES,555038,0100-3-300-2451-07-2-52-2-555038,0,0,0,0,0,1035,0,0,1035,1014.84,2875,0,0,2875,2865.68,3222,0,0,3222,3170.66,2558,1539,0,4097,3934.56,1495,0,0,1495,1474.89,308,725,0,1033,0,0,0,0,0,0,0,0,0,0,0,0,0,0,0,0,0,0,0,0,0,0,0,0,0,0,0,0,0,0,0,0,0,0,0,0,0,0,0,0,0,0,0,0,0,0,
300,300,SCHOOL DEPARTMENT,S2072541,RETIREMENT/LONGEVITY STIPENDS,517000,0100-3-300-2305-07-2-54-1-517000,0,0,0,0,0,5000,0,0,5000,5000,10000,0,0,10000,10000,10000,0,0,10000,10000,10000,0,0,10000,10000,5000,0,0,5000,5000,5000,0,0,5000,5000,10000,0,0,10000,12500,15000,0,0,15000,20000,40000,0,0,40000,40000,30000,0,0,30000,30000,20000,0,0,20000,16012,10000,0,0,10000,10000,10000,0,0,10000,10000,5000,0,0,5000,5000,25000,0,0,25000,20000,
300,300,SCHOOL DEPARTMENT,S2072541,MASTER TEACHER STIPENDS,517005,0100-3-300-2305-07-2-54-1-517005,0,0,0,0,0,0,0,0,0,0,0,0,0,0,0,0,0,0,0,0,0,0,0,0,0,0,0,0,0,0,5000,0,-5000,0,0,0,0,0,0,0,0,0,0,0,0,0,0,0,0,0,0,0,0,0,0,0,0,0,0,0,0,0,0,0,0,0,0,0,0,0,0,0,0,0,0,0,0,0,0,0,
300,300,SCHOOL DEPARTMENT,S2072592,PERIODICALS,555011,0100-3-300-2415-07-2-59-2-555011,0,0,0,0,0,0,0,0,0,0,0,0,0,0,0,0,0,0,0,0,0,0,0,0,0,0,0,0,0,0,0,0,0,0,0,0,0,0,0,0,0,0,0,0,0,0,0,0,0,0,0,0,0,0,0,0,0,0,0,0,0,0,0,0,0,0,0,0,0,0,0,0,0,0,0,0,0,0,0,0,
300,300,SCHOOL DEPARTMENT,S2072592,LIBRARY EXPENSES,555039,0100-3-300-2415-07-2-59-2-555039,600,0,0,600,529.02,863,0,0,863,848.24,863,0,0,863,862.05,345,0,0,345,342.25,393,0,-393,0,0,173,0,0,173,108.83,200,0,0,200,191.67,345,0,0,345,0,345,0,0,345,0,345,0,0,345,0,0,0,0,0,0,345,0,0,345,0,300,0,0,300,0,0,0,0,0,0,373,0,0,373,309.14,288,0,0,288,273.99,
300,300,SCHOOL DEPARTMENT,S2072592,LIBRARY BOOKS,555040,0100-3-300-2415-07-2-59-2-555040,0,0,0,0,0,575,0,0,575,0,512,0,0,512,498.71,500,0,0,500,451.3,575,0,-575,0,0,498,0,0,498,403.97,500,0,0,500,464.46,1000,0,0,1000,998.12,1000,0,0,1156.33,141.34,1000,0,0,1000,843.67,0,0,0,0,0,0,0,0,0,0,0,0,0,0,0,0,0,0,0,0,0,0,0,0,0,0,0,0,0,0,
300,300,SCHOOL DEPARTMENT,S2072602,AUDIO VISUAL SUPPLIES,555041,0100-3-300-2415-07-2-60-2-555041,0,0,0,0,0,0,0,0,0,0,0,0,0,0,0,0,0,0,0,0,631,0,-55,576,576,805,0,0,805,743.71,0,0,0,0,0,0,0,0,0,0,200,0,0,200,0,3674,0,0,3674,1430,0,0,0,0,0,186,0,0,186,0,1940,0,0,1940,0,85,0,0,85,0,85,0,0,85,0,85,0,0,85,0,
300,300,SCHOOL DEPARTMENT,S2072622,PHYSICAL ED SUPPLIES,555005,0100-3-300-2420-07-2-62-2-555005,600,0,0,600,504.57,690,0,0,690,647.57,690,0,0,690,667.36,345,1526,0,1871,1830.31,0,0,0,0,0,345,0,0,345,0,300,0,0,300,0,200,0,0,200,0,200,0,0,200,0,250,0,0,250,126.8,100,0,0,100,0,360,0,0,360,231.81,311,0,0,311,0,125,0,0,125,123.4,296,0,0,296,162.42,352,0,-190,162,156.72,
300,300,SCHOOL DEPARTMENT,S2072632,BAND/MUSIC SUPPLIES,555008,0100-3-300-2420-07-2-63-2-555008,380,0,0,380,0,1150,0,0,1150,1117.41,1150,0,0,1150,1145.87,2013,0,-1300,713,643.63,1928,0,-1395.51,532.49,532.49,1295,0,0,1295,0,2000,0,0,2218.51,1419.74,2500,0,0,2500,2015.4,0,0,0,0,0,820,0,0,820,772.13,100,0,0,100,0,0,0,0,0,0,0,0,0,0,0,0,0,0,0,0,150,0,0,150,112.23,539,0,0,539,526.7,
300,300,SCHOOL DEPARTMENT,S2072651,SALARIES CLERICAL,511001,0100-3-300-2710-07-2-65-1-511001,0,0,0,0,0,0,0,0,0,0,0,0,0,0,0,0,19950,0,19950,19942.58,68734,0,0,68734,68734,66519,0,0,66519,66719,63750,0,0,63750,63750,33430,8113,0,41543,35512.97,36923,0,0,36923,36923,70911,0,0,70911,60498,81229,0,0,81229,81229,79640,0,0,79640,79640,76899,741,0,77640,77640,45684,0,0,45684,45684.09,45684,0,0,45684,38070,74706,0,0,74706,74706,
300,300,SCHOOL DEPARTMENT,S2072651,SOCIAL WORKERS SALARIES,511024,0100-3-300-2710-07-2-65-1-511024,67779,0,0,67779,41244.88,124958,0,0,124958,74781.08,62909,56618,0,119527,120726,62485,0,-2572,59913,59913,0,0,0,0,0,0,0,0,0,0,0,0,0,0,0,0,0,0,0,0,0,0,0,0,0,0,0,0,0,0,0,0,0,0,0,0,0,0,0,0,0,0,0,0,0,0,0,0,0,0,0,0,0,0,0,0,0,0,0,0,
300,300,SCHOOL DEPARTMENT,S2072652,GUIDANCE SUPPLIES,555044,0100-3-300-2710-07-2-65-2-555044,250,0,0,250,196.67,518,0,0,518,517.16,518,0,0,518,498.14,324,0,0,324,322.23,356,0,-256,100,94.89,288,0,0,288,282.58,200,0,0,200,0,1500,0,0,1500,429.84,1500,0,0,1640,431.3,1500,3000,0,4500,4026.66,150,0,0,150,135.85,320,0,0,320,203.39,256,0,0,256,238.99,0,0,0,0,0,0,0,0,0,0,350,0,-350,0,0,
300,300,SCHOOL DEPARTMENT,S2077591,SALARIES STAFF,511003,0100-3-300-2340-00-2-59-1-511003,47425,0,0,47425,22435.48,46547,0,0,46547,46545,44050,0,0,44050,42574.5,41851,0,-186.5,41664.5,41664,41660,0,0,41660,39333.13,0,39235,0,39235,39234.5,0,0,0,0,0,0,0,0,0,0,0,0,0,0,0,0,0,0,0,0,0,0,0,0,0,0,0,0,0,0,0,0,0,0,0,0,0,0,0,0,0,0,0,0,0,0,0,0,0,0,
300,300,SCHOOL DEPARTMENT,S2510042,GENERAL SUPPLIES,545001,0100-3-300-2110-51-0-04-2-545001,8000,0,0,8000,3108.54,8000,0,0,8000,4093.62,5000,0,0,5000,2642.91,5000,0,0,5000,3908.56,5000,0,0,5000,2948.02,5000,0,0,5000,4145.21,5000,0,0,5000,1435.86,5000,0,0,5000,4511.57,5000,0,0,5000,4416.04,5000,0,0,5000,2012.46,0,0,0,0,0,0,0,0,0,0,0,0,0,0,0,0,0,0,0,0,0,0,0,0,0,0,0,0,0,0,
300,300,SCHOOL DEPARTMENT,S2510061,SALARIES CLERICAL,511001,0100-3-300-2310-51-0-06-1-511001,165556,0,0,165556,81279.66,167853,0,0,167853,138476.91,168623,0,0,168623,142394.73,157722,6439,0,164161,164911,162736,0,0,162736,153532.77,160720,0,0,160720,160720,156359,0,0,156359,142997.82,0,109853,0,109853,107275.73,0,0,0,0,0,0,0,0,0,0,0,0,0,0,0,0,0,0,0,0,0,0,0,0,0,0,0,0,0,0,0,0,0,0,0,0,0,0,0,0,
300,300,SCHOOL DEPARTMENT,S2510162,GENERAL SUPPLIES,545001,0100-3-300-2110-51-0-16-2-545001,0,0,0,0,0,0,0,0,0,0,0,0,0,0,0,0,0,0,0,0,0,0,0,0,0,0,0,0,0,0,0,0,0,0,0,0,0,0,0,0,0,0,0,0,0,0,0,0,0,0,0,0,0,0,0,0,0,0,0,0,0,0,0,0,0,0,0,0,0,0,0,0,0,0,0,0,0,0,0,0,
300,300,SCHOOL DEPARTMENT,S2511051,SALARIES ASSISTANTS,511002,0100-3-300-2110-51-1-05-1-511002,65166,0,0,65166,39909.51,63845,0,0,63845,57350.8,56783,2550,0,59333,53631.29,60959,0,0,60959,68583.8,59168,0,0,59168,60636.54,56316,0,0,56316,59244.41,56316,0,0,56316,56689.64,54828,0,0,54828,54834.09,53497,0,0,53497,53579.58,52332,0,0,52332,52678.07,50869,0,0,50869,52439.13,49555,0,0,49555,46867.74,47810,56,0,47866,48106.08,32899,0,0,32899,36599.49,51873,0,0,51873,51220.75,55511,8,0,55519,55401.6,
300,300,SCHOOL DEPARTMENT,S2511052,GENERAL SUPPLIES,545001,0100-3-300-2110-51-1-05-2-545001,800,0,0,800,336.06,800,0,0,800,669.53,800,0,0,800,559.72,800,0,0,800,746.29,800,0,0,800,798.56,750,0,0,750,689.52,750,0,0,750,728.22,750,0,0,750,591.34,750,0,0,750,0,500,0,0,500,338.96,500,0,0,500,471.67,500,0,0,500,498.42,600,535,-600,535,533.27,600,0,0,600,591.06,600,0,0,600,476.8,600,0,0,600,559.39,
300,300,SCHOOL DEPARTMENT,S2511061,SALARIES CLERICAL,511001,0100-3-300-2320-51-1-06-1-511001,266157,0,-36000,230157,97907.36,255666,10240,0,265906,268307,267565,0,0,267565,255354.58,251391,5922,0,257313,258288,248551,0,-17428,231123,247376.83,236535,1264,0,237799,238384,227535,0,-14532,213003,221361.04,288319,0,-66853,221466,223329.89,330701,0,0,330701,330700,262868,33831,0,296699,293876.87,141120,51550,0,192670,192371,118956,0,0,118956,126917.37,129907,0,-8639,121268,113984.48,193127,0,-11262,181865,182228.91,99026,0,0,99026,121550,90585,0,0,90585,90581,
300,300,SCHOOL DEPARTMENT,S2511061,SALARIES STAFF,511003,0100-3-300-2320-51-1-06-1-511003,55525,0,0,55525,48689.25,41000,14525,0,55525,56749.54,41000,0,0,41000,42249.86,41000,3081.7,0,44081.7,30778.7,41000,0,-18183,22817,22816.1,42000,0,-1400,40600,31790.3,51000,0,-10843,40157,40156.03,75015,0,-31874,43141,43130.48,75015,0,0,75015,43678.26,73185,0,0,73185,39928.02,71750,0,0,71750,61525.85,70000,0,-6543.83,63456.17,63453.17,70000,0,0,70000,66085.08,70000,0,0,70000,67888.32,90000,0,-20000,70000,65057.26,70000,0,-16106.37,53893.63,50460.21,
300,300,SCHOOL DEPARTMENT,S2511061,ACE RESOURCE ROOM TEACHERS,511025,0100-3-300-2320-51-1-06-1-511025,87184,0,0,87184,41244.88,89494,0,-2560,86934,86934,75499,10079,0,85578,85578,62485,8259.89,0,70744.89,31049.15,57649,0,0,57649,60467,51191,0,0,51191,51191,110672,0,-62226,48446,48446,0,0,0,0,0,0,0,0,0,0,0,0,0,0,0,0,0,0,0,0,0,0,0,0,0,0,0,0,0,0,0,0,0,0,0,0,0,0,0,0,0,0,0,0,0,
300,300,SCHOOL DEPARTMENT,S2511062,COMPUTER CONTRACTED SERVICES,531067,0100-3-300-2110-51-1-06-2-531067,20758,0,0,20758,0,5400,1650,0,7050,26982.67,5400,0,0,5400,0,0,0,0,0,0,0,0,0,0,0,0,0,0,0,0,0,0,0,0,0,0,0,0,0,0,0,0,0,0,0,0,0,0,0,0,0,0,0,0,0,0,0,0,0,0,0,0,0,0,0,0,0,0,0,0,0,0,0,0,0,0,0,0,0,0,
300,300,SCHOOL DEPARTMENT,S2511062,COUNSEL/LEGAL EXPENSES,535004,0100-3-300-2110-51-1-06-2-535004,17000,0,0,17000,0,17000,0,-15665,1335,0,0,0,0,0,0,0,0,0,0,0,0,0,0,0,0,0,0,0,0,0,0,0,0,0,0,0,0,0,0,0,0,30208,0,30208,31175,0,0,0,0,0,0,0,0,0,0,0,0,0,0,0,0,0,0,0,0,0,0,0,0,0,0,0,0,0,0,0,0,0,0,0,
300,300,SCHOOL DEPARTMENT,S2511062,COLLABORATIVE ADMIN FEES,535007,0100-3-300-2110-51-1-06-2-535007,2500,0,0,2500,2500,2500,0,0,2500,2500,2500,0,0,2500,2500,2500,0,0,2500,2500,2500,0,0,2500,2500,2500,0,0,2500,2500,2500,0,0,2500,2500,2500,0,0,2500,2500,2500,0,0,2500,2500,2500,0,0,2500,2500,2500,0,0,2500,2500,2500,0,0,2500,2500,2500,0,0,2500,2500,2500,0,0,2500,2500,2500,0,0,2500,2500,2500,0,0,2500,2500,
300,300,SCHOOL DEPARTMENT,S2511062,GENERAL SUPPLIES,545001,0100-3-300-2110-51-1-06-2-545001,6000,0,0,6000,2230.86,6000,0,0,6000,2942.64,5000,0,0,5000,1177,0,0,0,0,0,0,0,0,0,0,0,0,0,0,0,0,0,0,0,0,0,0,0,0,0,0,0,0,0,0,0,0,0,0,0,0,0,0,0,0,0,0,0,0,0,0,0,0,0,0,0,0,0,0,0,0,0,0,0,0,0,0,0,0,0,
300,300,SCHOOL DEPARTMENT,S2511062,TRAVEL/OTHER EXPENSES,575001,0100-3-300-2110-51-1-06-2-575001,0,0,0,0,0,0,0,0,0,0,0,0,0,0,0,0,0,0,0,0,0,0,0,0,0,0,1400,0,1400,1389,0,0,0,0,0,0,0,0,0,0,0,0,0,0,0,0,0,0,0,0,0,0,0,0,0,0,0,0,0,0,5100,0,-5100,0,0,1000,0,0,1000,306,1000,0,0,1800,1740.54,1000,0,0,1000,200,
300,300,SCHOOL DEPARTMENT,S2511131,PARAPROFESSIONALS,511203,0100-3-300-2330-51-1-13-1-511203,66275,0,0,66275,39304.9,30271,3975,-5464,28782,-157886.32,26949,0,0,26949,22206.75,25810,499.4,0,26309.4,31863.77,24850,11750,0,36600,42545.91,46512,0,-22584,23928,23951.03,49790,0,0,49790,42923.76,0,0,0,0,0,0,0,0,0,0,0,0,0,0,0,0,0,0,0,0,0,0,0,0,0,0,0,0,0,0,0,0,0,0,0,0,0,0,0,0,0,0,0,0,0,
300,300,SCHOOL DEPARTMENT,S2511502,PROFESSIONAL DEVELOPMENT EXP,535015,0100-3-300-2357-51-1-50-2-535015,0,0,0,0,0,0,0,0,0,0,0,0,0,0,0,0,0,0,0,0,0,0,0,0,0,0,0,0,0,2150,5000,0,0,5000,4650,5000,0,0,5000,1374,5000,100,0,5100,5093,5000,0,0,5000,1149,5000,0,0,5000,1439,0,0,0,0,0,0,0,0,0,0,0,0,0,0,0,0,0,0,0,0,0,0,0,0,0,
300,300,SCHOOL DEPARTMENT,S2512052,SPEC ED INSTRUCTIONAL MATERIAL,555055,0100-3-300-2415-51-2-05-2-555055,1869,0,0,1869,0,1848,0,0,1848,1843.26,1702,800,0,2502,1294.48,854,0,0,854,853.02,1369,0,0,1369,1349.03,925,0,0,925,904.25,1600,0,0,2071,343.03,2100,0,0,2100,430.7,2100,0,0,2100,439.14,2340,0,0,2340,795.49,1800,0,0,1800,1567.71,2000,0,0,2000,583.76,2000,0,0,2000,1089.23,1500,0,-200,1300,1055.55,0,0,0,0,0,0,0,0,0,0,
300,300,SCHOOL DEPARTMENT,S2512061,SALARIES CLERICAL,511001,0100-3-300-2310-51-2-06-1-511001,555810,0,0,555810,275058.74,527406,9730,0,537136,538343.65,549972,0,0,549972,537722.7,510527,17657,0,528184,541721.05,516646,0,-17298,499348,488330.88,516832,0,-4036,512796,512796,457870,45716,0,503586,484200,456220,0,-8600,447620,447610,476585,0,0,476585,473861.09,517554,34529,0,552083,530926.08,518903,0,-21878,497025,497024,466550,0,0,466550,454842.77,419854,2838,-17173,405519,405519.38,377254,0,0,377254,379324.53,368397,0,0,368397,355165.69,370202,0,-27459,342743,342742,
300,300,SCHOOL DEPARTMENT,S2512121,AIDES,511103,0100-3-300-2330-51-2-12-1-511103,0,0,0,0,0,0,0,0,0,0,0,0,0,0,0,0,0,0,0,0,0,0,0,0,0,0,0,0,0,0,0,0,0,0,0,0,0,0,0,0,0,0,0,0,0,0,0,0,0,0,27229,0,-27229,0,0,27609,0,0,27609,23738.34,26183,898,0,27081,27232.95,46911,0,-22342,24569,24551.27,24901,0,0,24901,24891.93,23463,0,0,23463,25661.88,
300,300,SCHOOL DEPARTMENT,S2512131,PARAPROFESSIONALS,511203,0100-3-300-2330-51-2-13-1-511203,317143,0,0,317143,147302.01,293987,10463,0,304450,313996.49,244972,20000,0,264972,268188.47,285734,0,-25438.44,260295.56,250935.01,342946,0,-154133,188813,190710.71,325603,0,-16636,308967,299305.66,153661,13325,-5200,161786,180164.71,175727,0,0,175727,169423.54,134687,41040,0,175727,156078.16,188384,0,-3247,185137,185668.37,168754,29601,0,198355,178670.03,136744,0,0,136744,129686.38,165417,61714,0,227131,217298.04,186642,0,-51262,135380,124655.96,157555,0,0,157555,169784.34,170752,0,-10418,160334,156278.7,
300,300,SCHOOL DEPARTMENT,S2512711,SALARIES STAFF,511003,0100-3-300-2325-51-2-71-1-511003,0,0,0,0,0,0,0,0,0,0,0,0,0,0,0,0,0,0,0,0,0,0,0,0,0,0,0,0,0,0,0,0,0,0,0,0,0,0,0,0,0,0,0,0,0,0,0,0,0,0,0,0,0,0,350,0,0,0,0,0,7700,1000,0,8700,0,7700,0,0,7700,0,7700,0,0,7700,0,0,0,0,0,0,
300,300,SCHOOL DEPARTMENT,S2512711,SALARIES TEMPORARY,512103,0100-3-300-2325-51-2-71-1-512103,20000,0,0,20000,7407.56,20000,0,-10000,10000,11531.4,20000,0,-8000,12000,13457.45,20000,0,0,20000,10166.3,18500,0,0,18500,7710.95,13500,0,0,13500,6555.21,13500,73494,0,86994,62167.08,13500,0,0,13500,37536.68,13500,25000,0,38500,40532.76,22000,0,0,22000,38407.91,19885,0,0,19885,50338.99,19400,0,0,19400,24980.61,10000,2534,0,12534,25098.26,10000,0,0,10000,13001.99,10000,0,0,10000,11817.78,10000,0,0,10000,9942.45,
300,300,SCHOOL DEPARTMENT,S2512711,SALARIES TEMPORARY,512203,0100-3-300-2325-51-2-71-1-512203,0,0,0,0,0,0,0,0,0,0,0,0,0,0,0,0,0,0,0,0,0,0,0,0,373.36,0,0,0,0,0,0,0,0,0,93.34,0,0,0,0,0,0,3000,0,3000,373.36,0,0,0,0,70,0,0,0,0,750,0,0,0,0,1256.64,0,0,0,0,683.2,0,0,0,0,213.5,0,0,0,0,0,0,0,0,0,38.46,
300,300,SCHOOL DEPARTMENT,S2514052,SPEC ED INSTRUCTIONAL MATERIAL,555055,0100-3-300-2415-51-4-05-2-555055,614,0,0,614,386.04,2783,0,0,2783,792.12,3688,0,0,3688,2965.24,1666,0,0,1666,1176.51,1248,0,-598,650,649.93,1507,0,0,1507,1250.99,1551,408,-342,1617,1517.3,1865,0,0,1865,1614.63,1865,0,0,1865,1241.83,0,0,0,0,0,0,0,0,0,0,0,0,0,0,0,0,0,0,0,0,1500,0,0,1500,1493.74,0,0,0,0,0,0,0,0,0,0,
300,300,SCHOOL DEPARTMENT,S2514061,SALARIES CLERICAL,511001,0100-3-300-2310-51-4-06-1-511001,405104,0,0,405104,159547.46,377141,0,-4727,372414,288969.6,357407,4615,0,362022,366582.71,396140,0,-53628,342512,342512,362179,24600,0,386779,387233.07,291220,0,0,291220,291220,280982,0,0,280982,280982,330928,0,-60500,270428,270455,322173,0,-7714,314459,307620.44,0,0,0,0,0,0,0,0,0,0,0,0,0,0,0,0,0,0,0,0,174015,0,0,174015,179466,186009,0,0,186009,173969.11,173528,0,0,173528,173528.58,
300,300,SCHOOL DEPARTMENT,S2514121,AIDES,511103,0100-3-300-2330-51-4-12-1-511103,0,0,0,0,0,0,0,0,0,0,0,0,0,0,0,0,0,0,0,0,0,0,0,0,0,0,0,0,0,0,0,0,0,0,0,148075,0,-148075,0,0,123335,0,-123335,0,0,0,0,0,0,0,0,0,0,0,0,0,0,0,0,0,0,0,0,0,0,51557,25279,0,76836,70230.28,38330,0,0,38330,42586.43,47602,15583,0,63185,46849.75,
300,300,SCHOOL DEPARTMENT,S2514131,PARAPROFESSIONALS,511203,0100-3-300-2330-51-4-13-1-511203,312445,0,0,312445,130245.72,248846,5101,0,253947,352506.69,244753,0,-60000,184753,192692.72,231508,0,-13328.35,218179.65,256591.45,129681,102300,0,231981,231611.17,130986,0,-2489,128497,137338.04,141976,0,-34954,107022,110230.65,0,148075,-7000,141075,122049.35,0,148075,0,148075,146274.53,0,0,0,0,0,0,0,0,0,0,0,0,0,0,0,0,0,0,0,0,140332,0,-14236,126096,132406.92,115576,0,0,115576,132994.24,136699,0,-13745,122954,120706.3,
300,300,SCHOOL DEPARTMENT,S2514711,SALARIES STAFF,511003,0100-3-300-2325-51-4-71-1-511003,0,0,0,0,0,0,0,0,0,0,0,0,0,0,285,0,0,0,0,0,0,0,0,0,0,0,0,0,0,0,0,0,0,0,0,0,0,0,0,0,0,0,0,0,0,0,0,0,0,0,0,0,0,0,0,0,0,0,0,0,3100,0,-3100,0,0,3100,0,0,3100,0,3100,0,0,3100,0,3100,16935,0,20035,23633.74,
300,300,SCHOOL DEPARTMENT,S2514711,SALARIES TEMPORARY,512203,0100-3-300-2325-51-4-71-1-512203,15500,0,0,15500,9517.15,15500,10000,0,25500,33555.23,15500,0,0,15500,19540,15500,0,0,15500,13082,13500,0,0,13500,15141.39,13500,0,0,13500,9265.71,13500,0,0,13500,6505.03,13500,0,0,13500,41319.94,13500,15000,0,28500,34713.53,0,0,0,0,0,0,0,0,0,0,0,0,0,0,0,7600,0,-7600,0,0,7600,0,0,7600,9824.42,7600,0,0,7600,5730.03,7600,0,0,7600,12687.59,
300,300,SCHOOL DEPARTMENT,S2515052,SPEC ED INSTRUCTIONAL MATERIAL,555055,0100-3-300-2415-51-5-05-2-555055,2924,0,0,2924,2168.25,3890,0,0,3890,2229.24,2627,0,0,2627,2371.15,1225,0,0,1225,1022.4,3363,0,0,3363,3071.89,857,0,0,857,549.77,1655,0,0,1655,1238.57,1655,0,0,2014.83,1249.68,1655,0,0,1655,590.54,1000,0,0,1000,732.27,1000,0,0,1000,345.23,176,0,0,176,150.87,2000,0,0,2000,1021.75,1500,0,0,1500,1202.66,0,0,0,0,0,0,0,0,0,0,
300,300,SCHOOL DEPARTMENT,S2515061,SALARIES CLERICAL,511001,0100-3-300-2310-51-5-06-1-511001,458895,0,0,458895,199596.46,449451,0,-5086,444365,444365,422911,0,0,422911,437199,386808,20337,0,407145,407145,407895,0,-2046,405849,385406.15,376280,16783,0,393063,393062.99,366404,0,-14432,351972,335220.72,353507,1700,0,355207,353569.48,385391,0,-10027,375364,375364,417509,0,0,417509,433371.31,408586,0,-9645,398941,398941,404571,0,0,404571,390395,337899,0,-1530,336369,336369,284921,0,0,284921,284493,282676,0,0,282676,280496,268001,0,0,268001,268000,
300,300,SCHOOL DEPARTMENT,S2515121,AIDES,511103,0100-3-300-2330-51-5-12-1-511103,0,0,0,0,0,0,0,0,0,0,0,0,0,0,0,0,0,0,0,0,0,0,0,0,0,0,0,0,0,0,0,0,0,0,0,0,0,0,0,0,0,0,0,0,0,0,0,0,0,0,75276,0,-75276,0,0,71430,0,0,71430,69939.16,79875,836,-8070,72641,68452.15,25045,0,-9317,15728,15923.03,24583,0,0,24583,20920.58,13343,9177,0,22520,21614.36,
300,300,SCHOOL DEPARTMENT,S2515131,PARAPROFESSIONALS,511203,0100-3-300-2330-51-5-13-1-511203,323772,0,0,323772,204590.25,311657,0,-3119,308538,281867.46,249148,20000,0,269148,260470.44,267527,0,-18952.75,248574.25,254105.98,286383,0,0,286383,287118.61,254654,23848,0,278502,288120.48,216259,22420,0,238679,239851.83,169567,23000,0,192567,214030.36,180459,0,-10892,169567,160585.2,215350,0,-6378,208972,211242.26,132284,78551,0,210835,198916.89,93276,0,0,93276,92781.83,296185,0,-73548,222637,227355.5,180118,72095,0,252213,229981.19,127623,0,0,127623,172117.8,161227,0,-24426,136801,136804.77,
300,300,SCHOOL DEPARTMENT,S2515711,SALARIES STAFF,511003,0100-3-300-2325-51-5-71-1-511003,0,0,0,0,0,0,0,0,0,0,0,0,0,0,0,0,0,0,0,0,0,0,0,0,0,0,0,0,0,0,0,0,0,0,0,0,0,0,0,0,0,0,0,0,0,0,0,0,0,0,0,0,0,0,0,0,0,0,0,0,0,2100,0,2100,713.7,0,0,0,0,0,0,0,0,0,0,0,20326,0,20326,0,
300,300,SCHOOL DEPARTMENT,S2515711,SALARIES TEMPORARY,512203,0100-3-300-2325-51-5-71-1-512203,8500,0,0,8500,6405.05,8500,0,0,8500,6848.05,8500,0,0,8500,10447.5,8500,0,0,8500,7772.5,8500,0,0,8500,2741.74,13500,0,0,13500,1225.04,13500,0,0,13500,6683.22,13500,0,0,13500,3789.06,13500,0,-8000,5500,6137.28,20000,0,0,20000,33100.15,17425,0,0,17425,23583.85,17000,0,0,17000,10640.08,10000,2533,0,12533,20901.66,10000,0,0,10000,1249.45,10000,0,0,10000,515.19,10000,0,0,10000,4658.34,
300,300,SCHOOL DEPARTMENT,S2516052,SPEC ED INSTRUCTIONAL MATERIAL,555055,0100-3-300-2415-51-6-05-2-555055,1836,0,0,1836,0,3458,0,0,3458,3327.73,3073,0,0,3073,2977.3,2934,0,0,2934,193.31,2659,0,0,2659,1617.06,3273,0,0,3273,3078.27,2814,0,0,2926.69,1744.25,2311,0,0,2636.01,1397.08,2311,0,0,2442.12,1624.29,3361,0,0,3361,1945.89,596,1142,0,1738,0,0,0,0,0,3628.76,2000,0,-1178,822,821.55,1500,0,0,1500,980.96,0,0,0,0,0,0,0,0,0,0,
300,300,SCHOOL DEPARTMENT,S2516061,SALARIES CLERICAL,511001,0100-3-300-2310-51-6-06-1-511001,472165,0,0,472165,186167.59,385079,56033,0,441112,442424,470225,0,-5000,465225,382117,387222,59211.52,0,446433.52,454811.52,378784,14560,0,393344,379579.09,368998,0,0,368998,368998,347959,28067,-18442,357584,357584,409486,39000,0,448486,421252.32,395432,0,-10030,385402,380738.41,453309,7565,0,460874,460723.3,395881,43347,-19650,419578,419578,375620,0,0,375620,387047.14,151209,0,-691,150518,150518,195139,0,0,195139,192923,136613,0,0,136613,172521.52,243741,0,0,243741,295058.65,
300,300,SCHOOL DEPARTMENT,S2516121,AIDES,511103,0100-3-300-2330-51-6-12-1-511103,0,0,0,0,0,0,0,0,0,0,0,0,0,0,0,0,0,0,0,0,0,0,0,0,0,0,0,0,0,0,0,0,0,0,0,125144,0,-125144,0,0,143706,0,-143706,0,7592.82,121777,13821,-135598,0,0,64766,0,-64766,0,0,57563,0,0,57563,43284.54,41814,0,0,41814,41064.11,40532,0,0,40532,40832.96,52853,0,0,52853,39800.34,76822,0,-12889,63933,55849.36,
300,300,SCHOOL DEPARTMENT,S2516131,PARAPROFESSIONALS,511203,0100-3-300-2330-51-6-13-1-511203,347258,0,0,347258,165433.03,286180,0,-16420,269760,215465.01,248937,20000,0,268937,274513.56,161890,78953.45,0,240843.45,227509.36,136485,61500,0,197985,204209.87,109172,22837,0,132009,130563.74,99957,1862,0,101819,99699.72,0,125144,0,125144,136131.81,0,125144,0,125144,134525.75,0,145223,0,145223,141138.54,0,0,0,0,0,0,0,0,0,7534.26,107677,9083,-41386,75374,74014.86,18221,14264,0,32485,27032.37,30193,0,0,30193,37529.86,79369,0,-22003,57366,58690.9,
300,300,SCHOOL DEPARTMENT,S2516711,SALARIES STAFF,511003,0100-3-300-2325-51-6-71-1-511003,0,0,0,0,1585,0,0,0,0,0,0,9000,0,9000,11760,0,0,0,0,0,0,0,0,0,0,0,0,0,0,0,0,0,0,0,0,0,0,0,0,0,0,0,0,0,0,0,0,0,0,0,0,0,0,0,0,0,0,0,0,0,2000,0,0,2000,1730,2000,0,0,2000,0,2000,0,0,2000,0,2000,0,0,2000,0,
300,300,SCHOOL DEPARTMENT,S2516711,SALARIES TEMPORARY,512203,0100-3-300-2325-51-6-71-1-512203,8500,0,0,8500,7373.4,8500,0,0,8500,8210.4,8500,5000,0,13500,16675,8500,0,0,8500,11775,13500,0,0,13500,2216.68,13500,0,0,13500,1365.02,13500,15870,0,29370,17553.22,13500,0,0,13500,24025.8,13500,0,-7000,6500,6651.85,10698,0,0,10698,11974,14350,0,0,14350,16156.84,14000,0,0,14000,9367.39,10000,2533,0,12533,21462.68,10000,0,0,10000,8896.01,10000,0,0,10000,5896.07,10000,0,0,10000,15250.13,
300,300,SCHOOL DEPARTMENT,S2990101,PARAPROFESSIONALS,511203,0100-3-300-2310-99-0-10-1-511203,0,0,0,0,0,0,0,0,0,0,0,0,0,0,0,0,0,0,0,0,0,0,0,0,0,0,0,0,0,0,0,0,0,0,0,0,0,0,0,76,10000,0,0,10000,7035,10000,0,0,10000,9246,0,10000,0,10000,9908,0,0,0,0,0,0,0,0,0,0,0,0,0,0,0,0,0,0,0,0,0,0,0,0,0,
300,300,SCHOOL DEPARTMENT,S2990101,SALARIES TEMPORARY,512203,0100-3-300-2310-99-0-10-1-512203,0,0,0,0,0,0,0,0,0,0,0,0,0,0,0,0,0,0,0,0,0,0,0,0,0,0,0,0,0,0,0,0,0,0,0,0,0,0,0,0,1350,0,0,1350,0,1350,0,0,1350,0,0,1350,0,1350,0,0,0,0,0,0,0,0,0,0,0,0,0,0,0,0,0,0,0,0,0,0,0,0,0,0,
300,300,SCHOOL DEPARTMENT,S2991061,SALARIES CLERICAL,511001,0100-3-300-2800-99-1-06-1-511001,0,0,0,0,0,0,0,0,0,0,0,0,0,0,0,0,0,0,0,0,0,0,0,0,0,0,0,0,0,0,0,0,0,0,0,0,0,0,0,0,0,0,0,0,0,66550,0,0,66550,66550,76979,0,0,76979,76979,75477,0,0,75477,75477,38431,784,0,39215,39215,37715,0,0,37715,37715,37715,0,0,37715,37715,36363,0,0,36363,36371.87,
300,300,SCHOOL DEPARTMENT,S2991101,SALARIES CLERICAL,511001,0100-3-300-2305-99-1-10-1-511001,0,0,0,0,0,0,0,0,0,0,0,0,0,0,0,80000,0,-65239,14761,0,0,0,0,0,0,0,0,0,0,0,0,0,0,0,0,0,0,0,0,0,0,0,0,0,0,0,0,0,0,0,0,0,0,0,0,0,0,0,0,0,0,0,0,0,0,0,0,0,0,0,0,0,0,0,0,0,0,0,0,0,
300,300,SCHOOL DEPARTMENT,S2991102,CURRICULUM ADOPTION,555027,0100-3-300-2110-99-1-10-2-555027,35000,0,0,75541.94,48690.94,40000,0,0,41115.43,10639.12,40000,0,0,45857.05,43043.06,40000,0,0,40000,32769.54,40000,0,0,40000,32520.43,40000,0,0,40000,3101.22,40000,0,0,40000,33287.86,40000,0,0,40000,40000,0,0,0,26452.27,26436.22,27610,0,0,27610,299.14,11213,0,0,11213,3312.44,10000,0,-1505,28208.39,21818.83,45000,0,0,45000,20239.73,25000,0,0,25029.52,23849.16,10000,0,0,17360.41,11401.89,45000,0,-20000,28254.39,20329.28,
300,300,SCHOOL DEPARTMENT,S2991491,TRAINING,519003,0100-3-300-2357-99-1-49-1-519003,0,0,0,0,0,0,0,0,0,0,0,0,0,0,0,0,0,0,0,1000,0,0,0,0,1000,0,0,0,0,0,0,2925,0,2925,3170,0,0,0,0,0,0,0,0,0,0,6404,0,0,6404,0,6278,0,0,6278,5700,6125,0,0,6125,3500,6125,0,0,6125,5813,2000,0,0,2000,5844.29,0,0,0,0,0,0,0,0,0,6323.08,
300,300,SCHOOL DEPARTMENT,S2991502,PROFESSIONAL DEVELOPMENT EXP,535015,0100-3-300-2357-99-1-50-2-535015,35000,0,0,35000,12869.49,25000,0,0,25000,26495.16,25000,0,0,25000,15159.78,25000,6200,0,31200,48029.62,25000,0,0,25000,42681.06,25000,0,0,25000,24882.74,0,0,0,0,17496.82,0,0,0,0,0,0,0,0,0,0,0,0,0,0,3000,0,0,0,0,0,0,0,0,1295,1295,7500,0,0,7500,1700,11000,0,0,11000,7705.83,0,0,0,97.41,95.91,0,0,0,413.75,634.59,
300,300,SCHOOL DEPARTMENT,S2991502,COURSE REIMBURSEMENTS,535029,0100-3-300-2357-99-1-50-2-535029,0,0,0,0,2953.45,0,0,0,0,0,0,0,0,0,0,0,0,0,0,0,0,0,0,0,0,0,0,0,0,0,0,0,0,0,0,0,0,0,0,0,0,0,0,0,0,0,0,0,0,0,0,0,0,0,0,0,0,0,0,0,0,0,0,0,0,0,0,0,50,0,0,0,0,648,350,10000,0,0,28082,18157,
300,300,SCHOOL DEPARTMENT,S2991502,MEETINGS/SCHOOL,573100,0100-3-300-2357-99-1-50-2-573100,0,0,0,0,0,0,0,0,0,0,0,0,0,0,0,0,0,0,0,0,0,0,0,0,0,0,0,0,0,0,0,0,0,0,0,0,0,0,0,0,0,0,0,0,0,0,0,0,0,0,0,0,0,0,0,0,0,0,0,0,0,0,0,0,0,0,0,0,559,0,16000,0,0,16250,4654,6000,0,0,6000,2369,
300,300,SCHOOL DEPARTMENT,S2991522,CONTRACTED SERVICES,535006,0100-3-300-2451-99-1-52-2-535006,0,0,0,0,0,0,0,0,0,107.5,9531,0,0,9531,11592,5500,0,0,5957.89,5754.3,2000,0,0,2000,1542.11,4500,0,0,4500,4500,2000,0,0,2000,2011.49,2000,0,0,2123.17,1698.94,15230,0,0,15230,11446.16,14300,0,0,14300,8965.15,14300,0,0,14300,9245.6,15915,0,0,15915,13679,0,0,0,0,0,0,0,0,0,0,0,0,0,0,0,0,0,0,0,0,
300,300,SCHOOL DEPARTMENT,S2991522,COMPUTER SUPPLIES,555038,0100-3-300-2451-99-1-52-2-555038,19900,0,0,24120.16,3197.76,19900,0,0,19900,5128.8,10000,0,-2800,7200,8039.71,7500,0,0,9021.58,1478.8,12500,0,0,12500,10901.52,12000,0,0,12494.41,11394.93,12000,0,0,12000,11404.58,12000,0,0,12000,14172.21,12000,0,0,12000,13935.76,21200,0,-5209,15991,11773.56,8480,0,0,8480,0,48600,0,0,48600,44386.91,57204,7049.3,0,64348.24,64214.91,22000,0,0,22022.9,21498.11,22000,0,0,26306.35,22190.18,16000,0,0,19591.35,12951.38,
300,300,SCHOOL DEPARTMENT,S2991742,MTC OF GROUNDS SUPPLIES,545003,0100-3-300-4210-99-1-74-2-545003,20695,0,0,20695,20694.58,20695,0,0,21079.44,14186.11,18650,0,0,18650,8819.72,16400,0,-750,15650,9457.25,16400,0,0,16400,4106.05,7700,8006,0,15706,14909.09,7700,0,0,7700,6211.67,5925,0,0,5925,7688.98,5000,0,-1750,4353.24,4188.34,5000,0,-2312,2688,2687.7,5000,0,0,5000,2794.06,5000,0,-3000,2983.9,1749.8,5000,0,-2390.2,2609.8,1638.4,5000,0,0,5000,2179.93,3751,0,0,3751,3724.67,8751,0,0,8751,8196.03,
300,300,SCHOOL DEPARTMENT,S2991992,MILEAGE REIMBURSEMENT,571000,0100-3-300-2000-99-1-99-2-571000,1000,0,0,1000,0,1000,0,0,1000,800,1500,0,0,1500,904.82,3500,0,0,3500,1245.98,3500,0,0,3500,217.41,3000,0,0,3000,2096.45,4000,0,0,5408.31,3349.34,6500,0,0,6500,1450.69,6500,0,0,6500,2688.53,6500,0,0,6500,3446.99,1500,5000,0,6559.34,3516.33,1000,0,0,1000,1280.87,4000,535,-3786.28,748.72,753.16,2000,0,0,2015,624.77,2000,0,0,2730.71,1828.04,1000,300,0,1473.71,709.29,
300,300,SCHOOL DEPARTMENT,S2996101,SALARIES CLERICAL,511001,0100-3-300-2110-99-6-10-1-511001,125000,0,0,125000,74750.95,91960,0,0,91960,121000,70800,0,0,70800,120013.41,67589,0,0,67589,67589,0,0,0,0,0,0,0,0,0,0,0,0,0,0,0,0,0,0,0,0,0,0,0,0,0,0,0,0,0,0,0,0,0,0,0,0,0,0,0,0,0,0,0,0,0,63900,0,-16050,47850,40556.33,78510,0,0,78510,71220.98,86500,0,-625,85875,86500,
300,300,SCHOOL DEPARTMENT,S3042561,SALARIES STAFF,511003,0100-3-300-3200-04-2-56-1-511003,67779,0,0,67779,28403.67,65658,0,0,65658,65658,74454,0,-10452,64002,63954.07,67325,1683,0,69008,86145.51,57242,0,0,57242,65307,55224,0,0,55224,55224,52424,0,0,52424,52424,49935,0,0,49935,49935,47026,0,0,47026,47026,56693,0,-12480,44213,44214,68559,0,0,68559,68559,58129,0,0,58129,58129,55037,0,-908,54129,54129,47655,0,0,47655,47655,45936,0,0,45936,45936,43866,0,0,43866,43866,
300,300,SCHOOL DEPARTMENT,S3044561,SALARIES STAFF,511003,0100-3-300-3200-04-4-56-1-511003,68623,0,0,68623,30460.1,70743,0,0,70743,63070.64,67944,0,0,67944,67944,63291,1582,0,64873,79900.5,61275,0,0,61275,61275,59259,0,0,59259,59259,56396,0,0,56396,56396,53869,0,0,53869,53574.64,50887,0,0,50887,38095.73,0,0,0,0,0,0,0,0,0,0,0,0,0,0,0,0,0,0,0,0,42790,0,0,42790,42790,42149,0,0,42149,41514,40895,0,0,40895,40895,
300,300,SCHOOL DEPARTMENT,S3044701,TRAINING,519003,0100-3-300-3520-04-4-70-1-519003,0,0,0,0,0,0,0,0,0,0,0,0,0,0,0,0,0,0,0,0,0,0,0,0,0,0,0,0,0,0,0,0,0,0,0,0,0,0,0,0,0,0,0,0,0,0,0,0,0,0,0,0,0,0,0,0,0,0,0,0,0,0,0,0,0,0,0,0,0,0,0,0,0,0,0,1040,0,0,1040,1040,
300,300,SCHOOL DEPARTMENT,S3055561,SALARIES STAFF,511003,0100-3-300-3200-05-5-56-1-511003,64387,0,0,64387,31462.1,60149,0,0,60149,48746.72,63749,0,-11537,52212,60630.66,110450,6894,0,117344,83502.5,57242,0,0,57242,57242,55224,0,0,55224,55224,52424,0,0,52424,52424,49935,0,0,49935,49935,47026,0,0,47026,47026,47996,27570,0,75566,75566.52,45200,0,0,45200,45200,47952,0,0,47952,45947.03,46593,0,-461,46132,46132,50447,0,0,50447,52754.69,50447,0,0,50447,50447,48009,0,0,48009,48009,
300,300,SCHOOL DEPARTMENT,S3055701,TRAINING,519003,0100-3-300-3520-05-5-70-1-519003,0,0,0,0,0,0,0,0,0,0,0,0,0,0,0,0,0,0,0,0,0,0,0,0,0,0,0,0,0,0,0,0,0,0,0,0,0,0,0,0,0,0,0,0,0,0,0,0,0,0,0,0,0,0,0,0,0,0,0,0,0,0,0,0,0,0,0,0,0,0,0,0,0,0,0,781,0,0,781,781,
300,300,SCHOOL DEPARTMENT,S3066561,SALARIES STAFF,511003,0100-3-300-3200-06-6-56-1-511003,68623,0,0,68623,32464.1,66505,0,0,66505,56273.36,63749,0,0,63749,63749,59259,1481,0,60740,82171.25,73630,0,0,73630,57242,77430,0,0,77430,77430,76342,0,0,76342,76342,71824,0,0,71824,71823,68100,0,0,68100,68100,66765,0,0,66765,66765,65455,0,0,65455,65455,55220,0,0,55220,55220,53937,0,-534,53403,53403,51095,0,0,51095,51095,51095,0,0,51095,51095,48645,0,0,48645,48645,
300,300,SCHOOL DEPARTMENT,S3066671,ATHLETIC DIRECTOR'S SALARY,511026,0100-3-300-3510-06-6-67-1-511026,92455,0,0,92455,54932.93,90200,0,0,90200,90200,93700,0,-1934,91766,85977,93700,0,0,93700,103752.11,91800,0,0,91800,91800,82350,7650,0,90000,90000,49440,29022,0,78462,78461.52,0,0,0,0,0,0,0,0,0,0,0,0,0,0,0,0,0,0,0,0,0,0,0,0,0,0,0,0,0,0,0,0,0,0,0,0,0,0,0,0,0,0,0,0,0,
300,300,SCHOOL DEPARTMENT,S3066671,ATHLETIC TRAINER,511029,0100-3-300-3510-06-6-67-1-511029,63900,0,0,63900,29492.28,61726,0,0,61726,61800,53520,0,0,53520,51660,0,0,0,0,0,0,0,0,0,0,0,0,0,0,0,0,0,0,0,0,0,0,0,0,0,0,0,0,0,0,0,0,0,0,0,0,0,0,0,0,0,0,0,0,0,0,0,0,0,0,0,0,0,0,0,0,0,0,0,0,0,0,0,0,0,
300,300,SCHOOL DEPARTMENT,S3066671,COURT TIME,514003,0100-3-300-3510-06-6-67-1-514003,5000,0,0,5000,1887.53,5000,0,0,5000,5807,5000,0,0,5000,3705.42,5000,0,0,5000,5896.6,5000,0,0,5000,3929.23,3800,0,0,3800,9773.44,5000,0,0,5000,2967.37,5900,0,0,5900,3622.58,5000,0,0,5000,1592.11,5000,0,0,5000,138.53,5000,0,0,5000,5558.95,5000,0,0,5000,443.96,10616,0,0,10616,942.48,10616,0,-3592.35,7023.65,590.33,10616,0,0,10616,127.43,10601,0,0,10601,4443.82,
300,300,SCHOOL DEPARTMENT,S3066671,TRAINING,519003,0100-3-300-3510-06-6-67-1-519003,0,0,0,0,0,0,0,0,0,46733,98417,1934,0,100351,100350.5,139492,0,0,139492,145991.2,139492,0,0,139492,132156.4,141169.23,0,-7650,133519.23,91600.95,135636,0,-3282,132354,135259,163146,48000,0,211146,174570.46,131340,0,0,131340,130019.74,128328,0,0,128328,120645.7,121674,4138,0,125812,130661.32,99400,0,0,99400,114635.8,98295,305,-2656,95944,100574.8,98000,0,0,98000,71725.5,42135,0,0,42135,49939,88000,0,0,88000,105850,
300,300,SCHOOL DEPARTMENT,S3066671,P/R UNIFIED SPORTS COACH,519104,0100-3-300-3510-06-6-67-1-519104,3925,0,0,3925,0,3925,0,0,3925,0,3925,0,0,3925,1200,3925,0,0,3925,1200,3925,0,0,3925,1200,1425,0,0,1425,1200,0,0,0,0,0,0,0,0,0,0,0,0,0,0,0,0,0,0,0,0,0,0,0,0,0,0,0,0,0,0,0,0,0,0,0,0,0,0,0,0,0,0,0,0,0,0,0,0,0,0,
300,300,SCHOOL DEPARTMENT,S3066672,TRANSPORTATION,535016,0100-3-300-3510-06-6-67-2-535016,40000,0,0,40000,39530.5,40000,0,0,40000,40000,40000,0,0,40000,39880,45000,0,-3790,47022,54566.68,45000,0,0,45000,39703.01,38801,0,0,38801,38795,24975,12641,0,37616,36974.5,33500,0,0,33500,33500,23000,0,0,23000,23000,23000,0,0,23000,23000,21600,0,0,21600,21600,17000,0,0,17000,17000,14500,2775.5,0,17275.5,17275.5,21400,3592.35,0,24992.35,24992.35,25000,0,0,25256.28,25000,30000,0,0,30000,29743.72,
300,300,SCHOOL DEPARTMENT,S3066672,ATHLETIC INSURANCE,535018,0100-3-300-3510-06-6-67-2-535018,9000,0,0,9000,8980,9000,0,0,9000,8980,8000,890,0,8890,8980,5990,2990,0,8980,8980,5990,384,0,6374,9041.6,5990,0,0,5990,5990,5990,0,0,5990,5990,5990,0,0,5990,5990,5990,0,0,5990,5990,5990,0,0,5990,5990,6000,0,0,6000,5990,6000,0,0,6000,5990,5990,0,0,5990,5990,5980,10,0,5990,5990,5980,0,0,5980,6247,5980,0,0,5980,5980,
300,300,SCHOOL DEPARTMENT,S3066672,DUES AND FEES,535020,0100-3-300-3510-06-6-67-2-535020,20000,0,0,20000,18013,20000,0,0,20000,18486,20000,0,0,20000,22250.5,19504,0,0,19504,20789.23,20623,0,0,20623,19076.65,28694,0,0,28694,22289.75,12529,0,-3244,9285,11583,12499,0,0,12499,11170,10900,0,0,10900,10782,10500,0,0,10500,9751,10050,0,0,10050,9759,9650,0,0,9650,9519,9500,0,-229.92,9425.08,8970,8910,0,-10,8900,8143,8652,0,0,8666,7168.25,8000,0,0,8358,8971.8,
300,300,SCHOOL DEPARTMENT,S3066672,ATHLETIC OFFICIALS,535021,0100-3-300-3510-06-6-67-2-535021,0,0,0,0,0,0,0,0,0,0,0,0,0,0,1510,21200,0,0,21200,47967,21148,0,-2080,19068,30081.83,0,0,0,0,201,40117,167,0,40284,46531.38,39221,0,0,39401,40947.88,39496,0,0,39496,37879.48,38500,0,0,38500,38996.96,38500,0,0,38500,40469,36000,0,0,36000,39875.1,33000,3246,0,36246,35652,30930,4299,0,35229,35587,28896,0,0,28896,32048.5,28896,0,0,28896,26913.48,
300,300,SCHOOL DEPARTMENT,S3066672,ATHLETIC EXPENSES/SUPPLIES,555047,0100-3-300-3510-06-6-67-2-555047,0,0,0,0,0,0,0,0,0,0,0,0,0,0,0,0,800,0,2346.46,2380.18,0,0,0,0,30370.63,18498,0,-557.55,17940.45,11243.02,0,646,0,646,646.02,0,0,0,0,0,0,0,0,0,0,0,0,0,0,0,0,0,0,0,0,0,0,0,0,0,0,0,0,0,0,0,0,0,0,0,0,0,0,0,0,0,0,0,0,0,
300,300,SCHOOL DEPARTMENT,S3066672,EQUIPMENT RECONDITIONING,555048,0100-3-300-3510-06-6-67-2-555048,10000,0,0,10581.99,7189.85,10000,0,0,10000,7601.83,10000,0,-890,9110,1931.87,10000,0,0,10000,4896.81,10000,2080,0,12080,11475.42,10000,0,0,10000,5898.18,4500,0,-4500,0,4319.51,4500,0,0,4500,3364.35,4500,0,0,4500,156.67,3975,0,0,3975,5264.81,4800,0,0,4800,4361.01,4600,0,0,4600,3065.02,4400,454.42,-590,4264.42,4263.73,4200,0,0,4200,4095.51,4200,0,0,4200,2403.69,4200,0,0,4200,4584.26,
300,300,SCHOOL DEPARTMENT,S3066672,REPLACEMENT OF UNIFORMS,555049,0100-3-300-3510-06-6-67-2-555049,10000,0,0,10000,5936,10000,961,0,10961,10698.25,10000,0,0,10000,12672.37,10000,0,0,10000,1689.85,7872,0,0,7872,7872,10500,60,0,10560,10560,7872,0,-110,7762,7761.2,7872,0,0,7872,6236,8000,0,0,8000,7943.7,8000,0,0,8000,1668.56,8000,0,0,8000,4960,8000,0,0,8000,3786.8,1500,0,-1500,0,0,1800,0,-1800,0,0,6600,0,0,8595,7185,6600,0,-409,6221,1014.76,
300,300,SCHOOL DEPARTMENT,S3066672,NEW EQUIPMENT,555050,0100-3-300-3510-06-6-67-2-555050,6000,0,0,6000,2841.1,6000,0,-961,5039,5673.19,6000,0,0,6000,5648.01,6000,0,0,6000,5188.1,5850,0,0,5850,4113.71,4000,497.55,0,4497.55,4497.55,5850,0,-4787,1290.5,1290.86,5850,0,0,5850,3510,5850,0,0,5850,5150.54,7500,0,0,7500,5455.5,5000,0,0,5000,1440,5000,0,0,5000,0,1500,0,-1500,0,0,0,0,0,0,0,0,0,0,0,0,0,0,0,0,0,
300,300,SCHOOL DEPARTMENT,S3066681,TRAINING,519003,0100-3-300-3510-06-6-68-1-519003,0,0,0,0,0,0,0,0,0,0,0,0,0,0,0,0,0,0,0,0,0,0,0,0,0,0,0,0,0,0,0,0,0,0,0,0,0,0,0,0,0,0,0,0,0,0,0,0,0,0,0,0,0,0,0,0,0,0,0,0,0,0,0,0,0,7330,0,-2499,4831,4831,9800,0,0,9800,8455,9000,0,0,9000,8709,
300,300,SCHOOL DEPARTMENT,S3066701,TRAINING,519003,0100-3-300-3520-06-6-70-1-519003,0,0,0,0,3447,0,0,0,0,15295,12253,0,0,12253,15000.8,14253,0,0,14253,44201.72,14253,0,0,14253,25158.01,28500,0,0,28500,14433.01,9258,20874,0,30132,27923,4758,0,0,4758,17606,3758,0,0,3758,6357,5618,0,0,5618,5252,5508,0,0,5508,6441,5400,0,0,5400,5892,5400,0,0,5400,5047,5400,0,0,5400,5416,4724,0,0,4724,5091,5202,0,0,5202,4525,
300,300,SCHOOL DEPARTMENT,S3510692,GENERAL SUPPLIES,545001,0100-3-300-3300-51-0-69-2-545001,0,0,0,0,0,0,0,0,0,0,0,0,0,0,0,0,0,0,0,0,0,0,0,0,0,0,0,0,0,0,0,0,0,0,0,0,0,0,0,0,0,0,0,0,0,0,0,0,0,0,0,0,0,0,0,0,0,0,0,0,0,0,0,0,0,0,0,0,0,0,0,0,0,0,0,0,0,0,0,0,
300,300,SCHOOL DEPARTMENT,S3511062,GENERAL SUPPLIES,545001,0100-3-300-2430-51-1-06-2-545001,3000,0,0,3000,0,3000,0,0,3000,131.25,3000,0,0,4894.7,2269.67,3000,11600,0,14600,6213.44,3000,0,0,3000,880,5000,0,0,5000,2986.23,5000,0,0,5000,823.31,5000,0,0,5000,2093.96,5000,0,0,5000,1935.66,5000,0,0,5104.94,1921.03,6025,5000,0,11025,7775.12,0,0,0,0,0,1000,0,-1000,0,0,0,1286.89,0,1286.89,1238.48,5000,0,-730,4270,4211.53,7500,0,-2500,5025,4954.13,
300,300,SCHOOL DEPARTMENT,S3512061,SALARIES CLERICAL,511001,0100-3-300-2320-51-2-06-1-511001,138267,0,0,138267,46956.88,188547,0,-89492,99055,99055,185695,5071,0,190766,190766,174724,6888,0,181612,181612,169051,0,0,169051,165363.41,80892,77409,0,158301,134482.86,77309,0,0,77309,77309,115998,0,-10000,105998,92411.72,109164,4560,0,113724,113723,149415,0,0,149415,149415,146485,0,0,146485,146485,143613,0,0,143613,143613,81464,1656,0,83120,82658.48,67215,0,0,67215,67215,67215,0,0,67215,67215,65200,0,0,65200,65200,
300,300,SCHOOL DEPARTMENT,S3514061,SALARIES CLERICAL,511001,0100-3-300-2320-51-4-06-1-511001,75368,0,0,75368,46080,32829,64326,0,97155,97155,31455,0,0,31455,31454.28,29226,730.5,0,29956.5,29956.5,28218,0,0,28218,28217.5,74989,0,-49109,25880,23818.14,74282,0,0,74282,74281,71576,0,-2300,69276,69215,77360,0,-10274,67086,65931,0,0,0,0,0,0,0,0,0,0,0,0,0,0,0,0,0,0,0,0,49042,0,0,49042,50858,49042,0,0,49042,49042,49152,0,-2085,47067,47067.27,
300,300,SCHOOL DEPARTMENT,S3515061,SALARIES CLERICAL,511001,0100-3-300-2320-51-5-06-1-511001,33850,0,0,33850,40034.78,16415,0,-16415,0,0,15727,0,0,15727,15727.36,14613,365.25,0,14978.25,14978.25,14109,0,0,14109,14108.75,35277,0,-22337,12940,25879.07,33761,0,0,33761,33207.05,33255,0,0,33255,32443.5,41625,0,-10782,30843,30843.5,62744,0,0,62744,62744,59661,0,0,59661,59661,54492,0,0,54492,54492,53203,0,-527,52676,52676,29065,0,0,29065,29973,29065,0,0,29065,21124.08,27247,0,0,27247,27247,
300,300,SCHOOL DEPARTMENT,S3516061,SALARIES CLERICAL,511001,0100-3-300-2320-51-6-06-1-511001,33850,0,0,33850,0,16415,0,-16415,0,0,15727,0,0,15727,15727.36,14613,365.25,0,14978.25,14978.25,14109,0,0,14109,14108.75,35277,0,-22337,12940,25879.08,33761,0,0,33761,33207.05,33255,0,0,33255,32443.5,30017,826,0,30843,30843.5,34965,0,0,34965,34965,33353,0,0,33353,33353,31791,0,0,31791,31790.5,31190,0,-309,30881,30881,13493,0,-50,13443,13443,13443,0,0,13443,13493,13189,0,0,13189,13189.2,
300,300,SCHOOL DEPARTMENT,S3991061,HOME PARAPROFESSIONAL SALARIES,511018,0100-3-300-2330-99-1-06-1-511018,0,0,0,0,0,0,0,0,0,0,0,0,0,0,0,0,0,0,0,0,0,0,0,0,0,0,0,0,0,0,0,0,0,0,0,0,0,0,0,0,0,0,0,0,0,0,0,0,0,0,0,0,0,0,0,0,0,0,0,0,0,0,0,0,0,0,0,0,0,5041.51,0,0,0,0,1019.25,0,3393,0,3393,5050.5,
300,300,SCHOOL DEPARTMENT,S3991561,STIPENDS,519005,0100-3-300-3200-99-1-56-1-519005,2863,0,0,2863,1401.5,2863,0,0,2863,2957,2600,52,0,2652,3643.79,2600,0,0,2600,15882,2600,0,0,2600,2600,2600,0,0,2600,3600,1631,0,0,1631,2600,1631,0,0,1631,1664,1631,0,0,1631,1631,1599,0,0,1599,1599,1568,0,0,1568,1568,1537,0,0,1537,1537,1537,0,0,1537,1537,1537,0,0,1537,1537,1537,0,0,1537,1537,1515,0,0,1515,1515,
300,300,SCHOOL DEPARTMENT,S3991561,NURSE COORDINATOR STIPEND,519014,0100-3-300-3200-99-1-56-1-519014,0,0,0,0,0,0,0,0,0,0,0,0,0,0,0,0,0,0,0,0,0,0,0,0,0,0,0,0,0,0,0,0,0,0,0,0,0,0,0,0,0,0,0,0,0,0,0,0,0,0,0,0,0,0,0,0,0,0,0,0,0,0,0,0,0,0,0,0,0,0,0,0,0,0,0,0,0,0,0,0,
300,300,SCHOOL DEPARTMENT,S3991562,PURCHASE OF SERVICE,531006,0100-3-300-3200-99-1-56-2-531006,4315,0,0,4315,0,4315,0,0,4315,3525.9,0,0,0,459,5325,0,0,0,0,0,0,0,0,0,0,0,0,0,0,0,0,0,0,0,0,0,0,0,0,0,0,0,0,0,0,0,0,0,0,0,0,0,0,0,360.81,0,0,0,0,0,0,0,0,0,0,0,0,0,0,0,0,0,0,0,0,0,0,0,0,0,
300,300,SCHOOL DEPARTMENT,S3991562,SCHOOL PHYSICIAN STIPEND,535017,0100-3-300-3200-99-1-56-2-535017,3500,0,0,3500,3500,3500,0,0,3500,3500,3500,0,0,3500,3500,3500,0,0,3500,3500,3500,0,0,3500,3500,3500,0,0,3500,3500,3500,0,0,3500,3500,3500,0,0,3500,3500,3500,0,0,3500,3500,3588,0,-88,3500,3500,4000,0,0,4000,3500,3500,0,0,3500,3500,3500,0,0,3500,3500,3500,0,0,3500,3500,3500,0,0,3500,3500,3750,0,-250,3500,3500,
300,300,SCHOOL DEPARTMENT,S3991562,OFFICE SUPPLIES/MATERIALS,545002,0100-3-300-3200-99-1-56-2-545002,4300,0,0,4300,2108.33,4300,0,0,4300,4141.91,4300,0,0,4300,4298.56,4300,0,0,4300,4185.04,4255,0,0,4255,4182.34,4255,0,0,4255,2654.78,4260,0,-465,3872.9,3680.24,4260,0,0,4328.9,3717.35,4260,0,0,5551.22,5123.12,4172,88,0,4260,2968.78,4070,0,0,4070,2869.8,4070,0,0,4070,3981.74,4070,0,0,4070,3454.32,4300,0,0,4906.15,4097.47,4168,0,0,4462.23,3567.11,4168,0,0,4421.43,4179.46,
300,300,SCHOOL DEPARTMENT,S3991562,TRAVEL/OTHER EXPENSES,575001,0100-3-300-3200-99-1-56-2-575001,620,0,0,620,0,620,0,0,620,620,620,0,0,620,620,620,0,0,620,320,620,0,0,620,4560.25,620,0,0,620,620,155,465,0,620,620,155,0,0,155,155,155,0,0,155,155,150,0,0,150,150,150,0,0,150,150,150,0,0,150,150,150,0,0,150,150,150,0,0,150,150,150,0,0,150,150,150,0,0,150,0,
300,300,SCHOOL DEPARTMENT,S3991692,REGULAR TRANSPORTAION EXPENSES,535025,0100-3-300-3300-99-1-69-2-535025,907200,0,0,907200,362880,838800,28800,0,867600,917525,807975,0,0,807975,837900,769500,0,-26150,743350,727425,739800,0,0,833800,667775,720000,16380,0,736380,509040,696600,0,0,696600,696600,706500,0,0,706500,675000,612000,100000,-31623,680377,625500,527580,0,0,527580,527580,507920,0,0,507920,527580,476600,0,0,476600,467634,476600,31164,0,507764,507764,403200,0,0,403200,414450,424380,0,0,424380,450010.92,493020,0,-31000,464583.13,470434.16,
300,300,SCHOOL DEPARTMENT,S3991692,SPECIAL ED TRANSPORTATION,535026,0100-3-300-3300-99-1-69-2-535026,445328,0,0,445328,192609.54,335947,2890,0,338837,401402.22,329360,0,-3000,326360,320243.78,297843,0,-44500,253343,241390.18,380409,0,0,421521,260921.23,446658,0,0,446658,223350.26,417585,0,-3000,414807.79,322046.92,490000,0,-65000,425000,366183.51,489250,0,0,489250,360536.63,469046,4325,0,473371,460508.3,415488,0,0,415770.24,480818.53,395702,0,0,395702,444751.94,348060,72522.71,-2007.63,418813.87,440498.54,270000,0,0,270660,309765.9,300000,0,0,328258.77,267248.02,300000,0,-55000,249836.55,226875.91,
300,300,SCHOOL DEPARTMENT,S3991742,SEWERAGE DISPOSAL,521006,0100-3-300-4130-99-1-74-2-521006,34000,0,0,34000,13306.54,21992,0,0,21992,27338.19,21992,0,0,21992,25050.93,21992,0,0,21992,23049.29,21992,0,-6000,15992,12274.41,22702,0,-702,22000,20731.77,32500,0,-12499,20001,21511.25,32873,0,-450,32423,19076.8,27549,7451,0,35000,34882.78,29093,2000,0,31093,33043.6,29093,1852,0,30945,30944.3,25832,4950,0,30782,28379.8,25832,0,0,25832,25297.92,22840,0,0,22840,22809.6,22500,0,0,22500,21520.35,12700,8782.15,0,21482.15,20911.5,
300,300,SCHOOL DEPARTMENT,S3991742,ELECTRICITY CHARGES,521011,0100-3-300-4130-99-1-74-2-521011,230000,0,0,238968.95,156820.96,156457,3987.92,0,200359.13,262189.43,156457,0,-3700,169962.09,170089.55,156457,0,-7000,149945.79,150430.01,161580,0,-12000,155760.75,168700.64,181440,0,-26840,154600,163159.03,180400,0,-17879,166021.07,154384.9,193083,0,0,194159.48,168619.96,313154,0,-89786.56,248608.52,236085.6,243644,0,-38371,215038.16,187069.35,198691,0,-17300,182291,172267.28,199200,0,-15000,184200,180134.24,194850,1049,0,195899,198648.81,208000,0,0,210973.37,208766.96,228000,0,0,228000,217627.9,230000,0,-6000,224987.11,247835.81,
300,300,SCHOOL DEPARTMENT,S3991742,RUBBISH REMOVAL CHARGES,521013,0100-3-300-4130-99-1-74-2-521013,26000,0,0,26000,11019.75,22945,0,0,24690.25,22688.2,22945,0,0,24690.25,21083,21795,750,0,22545,20632.21,27795,0,0,27795,20515.71,21254,0,-792,20462,20084.5,21254,0,-2100,19154,19140.77,20692,0,0,20692,18462.94,19242,0,-788,24834,23391.25,19296,725,0,20021,18896.54,18766,0,0,18766,18522.19,17950,0,0,19365.5,2688.83,17950,0,-137.62,17812.38,16396.88,21520,0,0,21520,17755.96,19453,0,0,19453,16281.34,25710,0,-3770,21940,21553.27,
300,300,SCHOOL DEPARTMENT,S3991742,TELEPHONE CHARGES,521014,0100-3-300-4130-99-1-74-2-521014,14700,0,0,14700,4237.27,11904,296,0,13736,8422.51,11904,0,0,11911.46,9347.68,10224,0,0,10546.46,9980.74,10224,255.83,0,10968.06,10296.84,10620,0,-270,10350,9576.95,10620,0,-570,10194.8,10089.55,10620,0,-840,10328.71,10117.53,9840,500,0,10455.3,9840.13,12240,0,-2649,9770.78,9294,12240,0,-2333,10080.12,9305.89,12240,0,0,12288.35,11744.35,12240,0,-740,12351.03,12277.57,13800,0,0,15373.9,11244.93,22100,0,-400,23038.72,15739.31,20264,3944.25,0,24247.1,22386.55,
300,300,SCHOOL DEPARTMENT,S3991742,WATER CHARGES,523001,0100-3-300-4130-99-1-74-2-523001,28000,0,0,34361.64,28376.21,22755,5876.79,0,28631.79,25132.77,22755,245,0,23000,22491.66,22755,0,0,22755,22961.9,22755,0,-2797,19958,19123.19,21200,859,0,22059,23538.48,21200,1554,0,22754,22753.49,29650,0,-4000,25650,17689.78,14650,9350,0,24000,22296.07,15010,0,0,15010,15460.11,11350,0,0,11350,11276.89,11150,0,-663.85,10486.15,10486.15,11150,0,0,11150,10916.4,17808,0,0,17808,11295.29,17760,0,0,17760,11879.4,9620,3600,-1370.75,11849.25,11849.25,
300,300,SCHOOL DEPARTMENT,S3991742,TELEPHONE MTC/SYSTEM,535051,0100-3-300-4130-99-1-74-2-535051,1550,0,0,1550,32.5,1550,0,0,1550,0,1550,0,0,1550,1043.76,1850,0,0,1850,0,1850,0,0,1850,0,1850,365,0,2215,2214.5,1850,0,-1752,98,97.5,1850,0,-1100,750,0,1850,0,-1850,1532.5,1532.5,1850,0,0,1850,867.5,1850,0,-1220,630,629.75,1850,0,0,1850,1172.5,3000,0,-1724.15,1275.85,1274.5,1850,0,0,1850,350.45,1850,0,0,1850,1716,2950,0,-1352,1598,658.44,
300,300,SCHOOL DEPARTMENT,S3991802,SPECIAL DETAILS,512001,0100-3-300-3600-99-1-80-2-512001,0,0,0,0,0,0,0,0,0,0,0,0,0,0,0,0,0,0,0,0,0,0,0,0,0,0,0,0,0,0,0,0,0,0,0,0,0,0,0,0,0,0,0,0,0,0,0,0,0,0,0,0,0,0,0,0,0,0,0,0,0,0,0,0,0,0,0,0,0,0,0,0,0,0,0,0,0,0,0,0,
300,300,SCHOOL DEPARTMENT,S4011012,COUNSEL/LEGAL EXPENSES,535004,0100-3-300-1430-01-1-01-2-535004,28000,0,0,28975,12655,28000,0,0,31543.75,38561.25,45000,0,0,55006.25,36593.75,50000,14000,0,69560,54143.75,50000,0,0,55115,61655,50000,0,0,53520,56925,40000,0,0,41960,46310,40000,0,0,40000,77935,40000,0,0,40000,36926.25,25000,0,0,26050,63023.75,12000,15000,0,27000,31027.5,12000,0,0,12000,30712.75,50000,6724.1,-38460,18264.1,19664.21,10000,0,0,12612.5,26930,10000,6800,0,21137.5,16852.5,20000,0,-10000,10000,10452.5,
300,300,SCHOOL DEPARTMENT,S4011742,CONTRACTED SERVICES,535006,0100-3-300-4210-01-1-74-2-535006,26900,0,0,26900,11178,16900,0,0,16900,16815.3,16800,0,0,16800,14531.64,16000,0,0,16000,13745.88,2650,0,0,2650,19953.25,2650,5350,0,8000,45866.31,2650,7225,0,9875,18572.2,31450,0,-8450,27650,27381.8,12250,1000,0,15479.5,10779.5,2650,150,0,2800,2800,2650,0,-2650,0,0,0,0,0,0,0,0,0,0,0,0,3600,0,0,3600,3865,3600,0,0,3600,0,3600,0,-3600,3500,3500,
300,300,SCHOOL DEPARTMENT,S4044322,REPAIR OFFICE MACHINES,525003,0100-3-300-4230-04-4-32-2-525003,0,0,0,0,0,0,0,0,0,0,0,0,0,0,0,0,0,0,0,0,0,0,0,0,0,0,0,0,0,0,0,0,0,0,0,0,0,0,0,0,0,0,0,0,0,0,0,0,0,0,0,0,0,0,0,0,0,0,0,0,0,0,0,0,0,400,0,0,400,375,375,0,0,375,375,500,0,-125,375,375,
300,300,SCHOOL DEPARTMENT,S4044602,REPAIR AUDIO VISUAL EQUIPMENT,525002,0100-3-300-4230-04-4-60-2-525002,0,0,0,0,0,0,0,0,0,0,0,0,0,0,0,0,0,0,0,0,0,0,0,0,0,0,0,0,0,0,0,0,0,0,0,0,0,0,0,0,0,0,0,0,0,0,0,0,0,0,0,0,0,0,0,0,0,0,0,0,0,0,0,0,0,0,0,0,0,0,0,0,0,0,0,200,0,-200,0,0,
300,300,SCHOOL DEPARTMENT,S4044632,REPAIR OF MUSIC EQUIPMENT,525001,0100-3-300-4230-04-4-63-2-525001,0,0,0,0,0,0,0,0,0,0,0,0,0,0,0,0,0,0,0,0,0,0,0,0,0,0,0,0,0,0,1500,0,0,1500,0,0,0,0,0,0,0,0,0,0,0,0,0,0,0,0,0,0,0,0,0,0,0,0,0,0,0,0,0,0,0,240,0,0,240,0,300,0,0,300,300,300,0,0,300,85,
300,300,SCHOOL DEPARTMENT,S4044741,SALARIES STAFF,511003,0100-3-300-4110-04-4-74-1-511003,99829,0,0,99829,67297.64,123011,2196,0,125207,109884.77,117791,0,0,117791,124070.81,106349,6159.63,0,112508.63,112872.98,106109,0,0,106109,115477.23,105865,0,0,105865,103698.56,100732,0,0,100732,101490.45,94378,25900,0,120278,112803.27,98606,0,0,98606,94422.44,0,0,0,0,33441.09,0,0,0,0,5011.16,0,0,0,0,0,25259,0,-5919,19340,23075.65,73498,1415,0,74913,79293.1,73498,0,0,73498,73560.24,72253,0,0,72253,70978,
300,300,SCHOOL DEPARTMENT,S4044741,OVERTIME,513003,0100-3-300-4110-04-4-74-1-513003,6500,0,0,6500,1311.35,4000,6510,0,10510,7495.53,4000,1200,0,5200,5303.51,4000,0,0,4000,3880.82,4000,0,0,4000,2840.38,4000,0,0,4000,2397.98,4000,0,0,4000,1869.79,0,4000,0,4000,2743.18,0,0,0,0,2106.41,0,0,0,0,0,0,0,0,0,1548.42,0,0,0,0,304.41,0,0,0,0,0,0,0,0,0,0,0,0,0,0,5418.33,0,0,0,0,4080.95,
300,300,SCHOOL DEPARTMENT,S4055382,REPAIR FAM/CONS SCIENCE EQUIP,525004,0100-3-300-4230-05-5-38-2-525004,0,0,0,0,0,0,0,0,0,0,0,0,0,0,0,0,0,0,0,0,0,0,0,0,0,0,0,0,0,0,0,0,0,0,0,0,0,0,0,0,0,0,0,0,0,0,0,0,0,0,0,0,0,0,0,0,0,0,0,0,0,95.22,0,95.22,45.95,0,0,0,0,0,0,0,0,0,0,0,0,0,0,0,
300,300,SCHOOL DEPARTMENT,S4055602,REPAIR AUDIO VISUAL EQUIPMENT,525002,0100-3-300-4230-05-5-60-2-525002,0,0,0,0,0,0,0,0,0,0,0,0,0,0,0,0,0,0,0,0,0,0,0,0,0,0,0,0,0,0,0,0,0,0,0,0,0,0,0,0,100,0,0,100,0,100,0,0,100,0,100,0,0,100,0,100,0,0,100,0,100,0,-95.22,4.78,0,250,0,0,250,0,0,0,0,0,0,400,0,0,400,0,
300,300,SCHOOL DEPARTMENT,S4055632,REPAIR OF MUSIC EQUIPMENT,525001,0100-3-300-4230-05-5-63-2-525001,1750,0,0,1750,1718,1500,0,0,1500,644,1500,0,0,1500,450,1800,0,0,1800,1667.91,1800,0,0,1800,0,1800,0,0,1800,700,0,0,0,0,0,0,0,0,0,0,815,0,0,815,814.95,690,0,0,690,462.75,400,0,0,400,120.75,400,0,0,400,340,640,0,0,640,0,400,0,0,480,0,400,0,0,400,315,400,0,0,485,190,
300,300,SCHOOL DEPARTMENT,S4055741,SALARIES STAFF,511003,0100-3-300-4110-05-5-74-1-511003,116902,0,0,116902,54461.76,137433,660.82,0,138093.82,111460.52,138515,0,0,138515,141701.61,128572,3836.76,0,132408.76,135596.9,146268,0,0,146268,129547.63,142979,0,0,142979,127090.2,123883,0,0,123883,122291.6,105679,18800,0,124479,115304.5,115258,0,-14068,101190,95263.04,93751,0,-1615,92136,91471.96,97405,6429,0,103834,92491.26,94221,0,0,94221,93084.1,85099,6419,0,91518,91297.25,90560,1190,0,91750,97839.13,90370,0,0,90370,90783.02,87888,0,0,87888,89244.31,
300,300,SCHOOL DEPARTMENT,S4055741,OVERTIME,513003,0100-3-300-4110-05-5-74-1-513003,6500,0,0,6500,2374.39,6500,2500,0,9000,8872.19,6500,0,0,6500,3673.33,6500,6500,0,13000,13417.57,6500,0,0,6500,9074.08,6500,0,0,6500,5253.41,6500,4200,0,10700,9500.36,0,7200,0,7200,13213.81,0,0,0,0,6538.78,0,0,0,0,4904.05,0,0,0,0,5108.47,0,0,0,0,3873.43,0,0,0,0,0,0,0,0,0,0,0,0,0,0,9165.18,0,0,0,0,4087.61,
300,300,SCHOOL DEPARTMENT,S4066322,REPAIR OFFICE MACHINES,525003,0100-3-300-4230-06-6-32-2-525003,0,0,0,0,0,0,0,0,0,0,0,0,0,0,0,0,0,0,0,0,0,0,0,0,0,0,0,0,0,0,0,0,0,0,0,0,0,0,0,0,0,0,0,0,0,0,0,0,0,0,0,0,0,0,0,0,0,0,0,0,0,0,0,0,0,0,0,0,0,0,0,0,0,0,0,0,0,0,0,0,
300,300,SCHOOL DEPARTMENT,S4066332,REPAIR SCIENCE EQUIPMENT,525005,0100-3-300-4230-06-6-33-2-525005,1100,0,0,1100,0,0,0,0,0,0,800,0,0,800,635.76,0,0,0,0,0,400,0,0,400,400,0,0,0,0,0,400,0,0,400,400,0,0,0,0,0,400,0,0,400,0,400,0,0,400,0,400,0,0,400,400,200,0,0,200,0,250,0,0,250,0,100,0,0,100,0,1000,0,0,1960,193,960,0,0,960,0,
300,300,SCHOOL DEPARTMENT,S4066402,INDUSTRIAL ARTS MTC EQUIPMENT,525006,0100-3-300-4230-06-6-40-2-525006,0,0,0,0,0,0,0,0,0,0,0,0,0,0,0,0,0,0,0,0,0,0,0,0,0,500,0,0,500,0,0,0,0,0,0,0,0,0,0,0,200,0,0,200,203.4,200,0,0,200,0,0,0,0,0,0,0,0,0,0,0,1000,0,0,1000,939,1000,0,0,1000,871.55,2000,0,0,2428.32,1999.2,1000,0,0,1000,491.1,
300,300,SCHOOL DEPARTMENT,S4066602,REPAIR AUDIO VISUAL EQUIPMENT,525002,0100-3-300-4230-06-6-60-2-525002,0,0,0,0,0,0,0,0,0,0,0,0,0,0,0,0,0,0,0,0,0,0,0,0,0,0,0,0,0,0,0,0,0,0,0,0,0,0,0,0,0,0,0,0,0,0,0,0,0,0,0,0,0,0,0,0,0,0,0,0,0,0,0,0,0,0,0,0,0,0,1630,0,0,1630,1249.06,2680,0,0,2680,1106.68,
300,300,SCHOOL DEPARTMENT,S4066622,REPAIR PHYSICAL ED EQUIPMENT,525010,0100-3-300-4230-06-6-62-2-525010,0,0,0,0,0,1000,0,0,1000,1000,700,0,0,700,0,0,0,0,0,0,500,0,0,500,0,500,0,0,500,500,500,0,0,500,0,500,0,0,500,0,0,0,0,0,0,0,0,0,0,0,1000,0,0,1000,824.84,500,0,0,500,169,850,0,0,850,634,0,0,0,0,0,0,0,0,0,0,0,0,0,0,0,
300,300,SCHOOL DEPARTMENT,S4066632,REPAIR OF MUSIC EQUIPMENT,525001,0100-3-300-4230-06-6-63-2-525001,3500,0,0,3500,1012,3625,0,0,3625,2322,3750,0,0,3750,1850,1500,0,0,1500,750,1400,0,0,1400,0,1600,0,0,1600,300,800,0,0,800,1650,0,0,0,662.8,150,1750,0,0,1750,988.6,1750,0,0,1750,624.9,2650,0,0,2650,900.6,1425,0,0,1425,649.93,1125,0,0,1125,555.49,1425,0,0,2425,360,1090,1000,0,2490,653.09,1010,0,0,1010,360,
300,300,SCHOOL DEPARTMENT,S4066741,SALARIES STAFF,511003,0100-3-300-4110-06-6-74-1-511003,136888,0,0,136888,54086.82,137433,660.82,0,138093.82,113995.68,138515,0,0,138515,141754.41,128572,3836.76,0,132408.76,136594.84,146268,0,0,146268,131660.43,142979,0,0,142979,127090.2,123883,0,0,123883,125380.61,105679,17000,0,122679,115304.5,115258,0,-14068,101190,95263.09,120112,17876,0,137988,126463.98,116928,0,0,116928,120950.1,114161,0,0,114161,114109.8,169011,0,-20142,148869,121985.36,119068,0,-1414,117654,114006.82,119068,0,0,119068,129301.46,102406,0,0,102406,103754.86,
300,300,SCHOOL DEPARTMENT,S4066741,OVERTIME,513003,0100-3-300-4110-06-6-74-1-513003,6500,0,0,6500,2374.48,6500,2500,0,9000,8872.44,6500,0,0,6500,3673.73,6500,6500,0,13000,13418.02,6500,0,0,6500,9243.27,6500,0,0,6500,5253.68,6500,4200,0,10700,9500.68,0,7200,0,7200,13213.81,0,0,0,0,6813.78,0,0,0,0,4669,0,0,0,0,2189.68,0,0,0,0,2595.61,0,0,0,0,0,0,0,0,0,0,0,0,0,0,930.24,0,0,0,0,1617.89,
300,300,SCHOOL DEPARTMENT,S4072322,REPAIR OFFICE MACHINES,525003,0100-3-300-4230-07-2-32-2-525003,1058,0,0,2163,1656.76,748,0,0,748,520.46,748,0,-257,491,491,690,0,0,690,514.6,550,34,0,584,584,600,0,0,600,0,550,0,0,610.06,0,600,0,0,600,539.94,850,0,0,1349.2,1018.37,850,0,0,1330,480,480,0,0,480,0,850,0,0,850,850,850,0,0,850,494.87,450,0,0,450,458.22,450,0,0,450,0,450,32.32,0,482.32,482.32,
300,300,SCHOOL DEPARTMENT,S4072602,REPAIR AUDIO VISUAL EQUIPMENT,525002,0100-3-300-4230-07-2-60-2-525002,0,0,0,0,0,0,0,0,0,0,0,0,0,0,0,0,0,0,0,0,631,40,0,671,671,0,0,0,0,0,0,0,0,0,0,0,0,0,0,0,0,0,0,0,0,0,0,0,0,0,0,0,0,0,0,75,0,0,75,0,75,0,0,75,0,75,0,0,75,0,75,0,0,75,0,75,0,0,75,66.19,
300,300,SCHOOL DEPARTMENT,S4072632,REPAIR OF MUSIC EQUIPMENT,525001,0100-3-300-4230-07-2-63-2-525001,0,0,0,0,0,230,0,0,230,0,230,0,-230,0,0,345,0,-226,119,119,300,0,-300,0,0,200,0,0,200,141.05,100,0,-100,0,0,150,0,0,150,0,150,0,0,150,0,150,0,0,150,0,0,0,0,0,0,0,0,0,0,0,0,0,0,0,0,25,0,0,25,0,0,0,0,0,0,0,0,0,0,0,
300,300,SCHOOL DEPARTMENT,S4072741,SALARIES STAFF,511003,0100-3-300-4110-07-2-74-1-511003,151566,0,0,151566,49925.1,110326,7873.35,0,118199.35,105761.66,116277,0,0,116277,111637.95,109741,6316.23,-6000,110057.23,107353.23,106474,0,0,106474,107341.76,106074,0,0,106074,105805.38,99845,0,-2265,97580,98452.49,110246,0,-20100,90146,88714.35,93229,0,0,93229,88413.44,90202,0,-622,89580,84749.08,96205,9746,0,105951,88264,93020,0,0,93020,91857.85,83938,6419,0,90357,89754.38,87592,1108,0,88700,93315.13,87592,0,0,87592,88534.65,83456,0,0,83456,85123.55,
300,300,SCHOOL DEPARTMENT,S4072741,OVERTIME,513003,0100-3-300-4110-07-2-74-1-513003,6500,0,0,6500,2630.09,6500,0,-3510,2990,3115,6500,0,0,6500,4384.08,6500,0,0,6500,5565.31,6500,0,0,6500,2090.22,6500,0,0,6500,1895.12,6500,350,0,6850,6997.51,0,7000,0,7000,8985.66,0,0,0,0,7186.76,0,0,0,0,5278.74,0,0,0,0,9344.12,0,0,0,0,5818.06,0,0,0,0,0,0,0,0,0,0,0,0,0,0,4361.63,0,0,0,0,4871.19,
300,300,SCHOOL DEPARTMENT,S4491522,CONTRACTED SERVICES,535006,0100-3-300-4450-99-1-52-2-535006,0,0,0,0,0,0,0,0,0,0,0,0,0,0,0,0,0,0,0,0,2500,0,0,2500,25747.35,4000,0,0,4000,3088.26,7400,0,0,7400,1124.27,7400,0,0,7400,7400,7400,0,0,7400,7399,0,0,0,0,0,0,0,0,0,0,6192,0,0,6192,3634.18,0,0,0,0,0,0,0,0,0,0,0,0,0,0,0,0,0,0,0,0,
300,300,SCHOOL DEPARTMENT,S4511062,SPECIAL ED REPAIR OF EQUIP,525007,0100-3-300-4230-51-1-06-2-525007,0,0,0,0,0,0,0,0,0,0,0,0,0,0,0,0,0,0,0,0,0,0,0,0,0,0,0,0,0,0,0,0,0,0,0,0,0,0,0,0,0,0,0,0,0,0,0,0,0,0,0,0,0,0,0,0,0,0,0,0,0,0,0,0,0,0,0,0,0,0,0,0,0,0,0,0,0,0,0,0,
300,300,SCHOOL DEPARTMENT,S4990522,CONTRACTED SERVICES,535006,0100-3-300-4400-99-1-52-2-535006,21832,0,0,21832,26425.68,21832,0,0,21832,18828.5,20200,7194,0,27394,35531.08,22900,6718,0,50003.36,38788.08,17197,0,0,17197,23138.82,28471,0,0,28471,24797.82,30512,0,0,30632.22,21452.66,30512,0,0,30801.17,35985.91,30201,0,0,33386,29785.85,9989,0,0,9989,6534,12289,0,0,12289,9288.13,30976,0,0,31066,29214.4,38716,14857.04,0,53573.04,53007.75,0,0,0,0,0,0,0,0,0,0,0,0,0,0,0,
300,300,SCHOOL DEPARTMENT,S4990522,GENERAL SUPPLIES,545001,0100-3-300-4400-99-1-52-2-545001,2200,0,0,2200,1776.96,2200,0,0,2200,698.77,2200,0,0,2200,1385,2200,0,0,2200,1632.25,2500,0,0,2500,138,2500,0,0,2500,17807.54,2500,0,0,2500,2473.23,2500,0,0,2500,0,5000,0,0,5613.66,2073.66,13600,0,0,13600,12811.52,13600,0,0,13600,14138.7,13913,0,0,13913,7065.75,12800,0,-8553.88,4246.12,4246.12,0,0,0,0,0,0,0,0,0,0,0,0,0,0,0,
300,300,SCHOOL DEPARTMENT,S4991522,COMPUTER MTC/REPAIR SYSTEM,525008,0100-3-300-4230-99-1-52-2-525008,4500,0,0,4500,0,4500,0,0,4500,2547,4500,0,-1280,3220,1041.99,4500,8335,0,13023.26,9135.49,4445,0,0,4445,4021.28,4000,0,0,6284.83,5041.67,4445,0,0,4813,1907.09,4445,0,0,4485,2743.61,2200,0,0,2200,1430.06,13126,0,0,13126,11689.73,19126,0,0,19126,6125,0,0,0,0,0,5000,0,0,5000,1100,0,0,0,0,0,0,0,0,1040,1040,0,0,0,0,801.26,
300,300,SCHOOL DEPARTMENT,S4991741,SALARIES STAFF,511003,0100-3-300-4110-99-1-74-1-511003,338466,0,0,338466,139240.38,309153,0,0,309153,237421.03,314262,0,-2500,311762,296667.53,278369,38536.79,-7000,309905.79,294238.65,274993,0,-405,274588,276282.38,278396,0,0,278396,270208.22,280090,0,-25150,254940,251269.82,296878,0,-24800,272078,241941.34,206163,43013,0,249176,241851.55,200500,472,0,200972,190727.83,159291,0,-1500,157791,158807.51,155422,0,0,155422,153944.25,151409,796,0,152205,164869.27,190045,3580,0,193625,186743.15,195478,0,0,195478,174311.18,222462,0,0,222462,221098.17,
300,300,SCHOOL DEPARTMENT,S4991741,OVERTIME,513003,0100-3-300-4110-99-1-74-1-513003,13000,0,0,13000,4507.32,13000,2000,0,15000,12947.21,13000,0,0,13000,14277.9,13000,0,0,13000,12466.09,13000,0,0,13000,9688.18,13000,0,0,13000,11038.51,13000,11000,0,24000,20172.25,12923,0,0,12923,18452.37,12923,0,0,12923,19077.76,12608,0,0,12608,11672.02,12300,0,0,12300,14251.47,12000,0,0,12000,11594.27,12000,0,0,12000,0,12000,0,0,12000,0,12000,0,0,12000,7232.58,12000,0,0,12000,6299.88,
300,300,SCHOOL DEPARTMENT,S4991741,HEALTH INSURANCE STIPENDS,517002,0100-3-300-4110-99-1-74-1-517002,0,0,0,0,0,0,0,0,0,0,0,0,0,0,0,0,0,0,0,0,0,0,0,0,0,0,0,0,0,0,0,0,0,0,0,0,0,0,0,0,0,0,0,0,0,0,0,0,0,0,0,0,0,0,0,0,0,0,0,0,0,0,0,0,2520,0,0,0,0,5920,0,0,0,0,24270,0,0,0,0,0,
300,300,SCHOOL DEPARTMENT,S4991741,TRAINING,519003,0100-3-300-4110-99-1-74-1-519003,6278,0,0,6278,3645,6278,0,0,6278,5872.5,6278,1300,0,7578,6277.5,6278,0,0,6278,6277.5,5873,405,0,6278,6277.5,8100,0,0,8100,5872.5,7900,0,0,7900,5727.5,5250,0,0,5250,4723.5,5250,0,-350,4900,4200,4900,0,0,4900,3500,4200,0,0,4200,3850,4200,0,0,4200,3850,4200,0,0,4200,4200,4200,1050,0,5250,4600,4200,0,0,4200,4200,4200,0,0,4200,4200,
300,300,SCHOOL DEPARTMENT,S4991742,CUSTODIAL SUPPLIES,541001,0100-3-300-4110-99-1-74-2-541001,70675,0,0,70675,41397.68,70675,0,0,70675,75431.59,47443,0,-4000,43443,51447.24,40140,0,0,40140,53489.53,40410,0,0,99406.62,95805.08,40331,11655,0,51986,44743.56,39247,1500,0,40747,40200.21,39247,1640,0,40887,40939.4,34688,5650,0,49896.28,50099.57,36918,9253,0,46171,37692.51,36918,0,0,36918,36730.58,36479,0,0,36479,36473.75,35000,568.3,0,35568.3,35568.3,37673,0,0,37718.08,37490.01,35000,400,0,39660.75,40554.23,38474,3000,0,41474,40422.53,
300,300,SCHOOL DEPARTMENT,S4991762,REPAIRS & MAINTENANCE,524100,0100-3-300-4230-99-1-76-2-524100,19000,0,0,19000,3473.1,19000,0,0,19000,11061.84,18897,0,-7194,11703,12449.04,10897,0,0,10897,9869.49,10897,2000,0,12897,15245.11,8400,572,0,8972,8187.71,8400,0,0,9946.76,10450.45,8400,0,0,8462,5819.71,7300,1150,0,8450,9379.21,7300,0,-1723,5577,5133.21,7300,1704,0,9004,8759.8,6000,1400,0,7400,7480.1,6000,3590,0,9590,8003.93,6000,0,0,6000,6105.35,6000,0,0,6000,7555.28,0,8000,0,8000,8097.54,
300,300,SCHOOL DEPARTMENT,S5511062,COLLABORATIVE TUITIONS,535023,0100-3-300-9400-51-1-06-2-535023,460952,0,0,460952,28957,190979,0,0,190979,190979,186554,0,0,186554,186554,179560,0,-7099,172461,147676.4,130113,0,0,130113,135822.96,265730,0,-1389.32,264340.68,145617.8,60000,0,0,60000,251615.75,60000,0,0,60000,170115.44,162757,10765,-88568,84954,84953.06,162757,0,0,166381,115753.26,326380,0,0,326380,331563.44,238217,0,0,238217,236285.15,105791,31966.33,0,137757.33,135146.53,57324,0,0,57324,57324,130031,0,0,130031,121271.55,0,0,0,0,0,
300,300,SCHOOL DEPARTMENT,S5990001,ACCRUED VACATION/SICK TIME,515003,0100-3-300-5150-99-0-00-1-515003,0,0,0,0,0,0,0,0,0,0,0,0,0,0,0,0,0,0,0,0,0,0,0,0,0,0,0,0,0,0,0,0,0,0,0,0,0,0,0,22808.06,0,0,0,0,0,0,0,0,0,0,0,0,0,0,0,0,0,0,0,0,0,0,0,0,0,0,0,0,0,0,0,0,0,0,0,0,0,0,0,0,
300,300,SCHOOL DEPARTMENT,S5991542,EARLY RETIREMENT INCENTIVE,535024,0100-3-300-5100-99-1-54-2-535024,0,0,0,0,0,0,0,0,0,0,0,0,0,0,0,0,0,0,0,0,0,0,0,0,0,0,0,0,0,0,0,0,0,0,0,0,0,0,0,0,0,0,0,0,0,0,0,0,0,0,0,0,0,0,0,0,0,0,0,0,0,0,0,0,0,0,0,0,0,0,0,0,0,0,0,12143,0,0,12143,12143,
300,300,SCHOOL DEPARTMENT,S5991742,FIRE SAFETY/FURNITURE REPAIR,525009,0100-3-300-4230-99-1-74-2-525009,24005,0,0,24005,7492.39,24005,0,-2900,21105,2130,3148,10886,0,18227.57,14438.2,9148,1260,0,10408,8160,9148,0,0,9148,8124.5,9148,0,-419,8729,8721.5,9148,2000,0,14990,14925.5,8605,0,0,8605,8233.28,6665,2000,-603,9406.5,9030.95,11250,0,-2980,8765,8269.28,10113,0,0,10822.1,7179.61,13113,0,-4733,8602,6183.7,13113,0,-6102.32,7010.68,6752.68,12500,0,0,18029,15593.83,12358,0,0,12358,6815.53,12358,0,0,12908,12290.11,
300,300,SCHOOL DEPARTMENT,S5991742,REPAIR OF EQUIP/MAINTENANCE,525011,0100-3-300-4230-99-1-74-2-525011,4500,0,0,4500,1422.58,4500,0,0,4500,4280.9,4100,0,0,5071.33,27883.31,6050,0,0,6050,3707.28,6050,4000,0,10050,17182.55,6050,432,0,6482,4990.23,4150,1334,0,5484,5060.9,4150,2750,0,7321.97,8184.55,3950,0,0,3950,2879.96,3150,2735,0,5885,5855.45,3150,1338,0,5575.21,5161.02,2620,1700,0,4320,2967.46,2620,513.02,0,3133.02,3096.93,2620,0,0,2724.36,3606.14,2620,0,0,2926,2434.08,2250,750,0,3000,3198.82,
300,300,SCHOOL DEPARTMENT,S5991801,SALARIES STAFF,511003,0100-3-300-5500-99-1-80-1-511003,0,0,0,0,0,0,0,0,0,0,0,0,0,0,0,0,0,0,0,0,0,0,0,0,0,0,0,0,0,0,0,0,0,0,0,0,0,0,0,0,0,0,0,0,0,0,0,0,0,0,0,0,0,0,0,0,0,0,0,0,0,0,0,0,0,0,0,0,0,0,0,0,0,0,0,0,0,0,0,0,
300,300,SCHOOL DEPARTMENT,S5991991,HEALTH INSURANCE STIPENDS,517002,0100-3-300-5200-99-1-99-1-517002,0,0,0,0,0,0,0,0,0,0,0,0,0,0,0,0,0,0,0,0,0,0,0,0,0,0,0,0,0,0,0,0,0,0,0,0,0,0,0,0,0,0,0,0,0,0,0,0,0,0,0,0,0,0,0,0,0,0,0,0,2300,220,0,2520,2300,10740,0,0,10740,0,21260,0,0,21260,0,29040,0,-2385,26655,26655,
300,300,SCHOOL DEPARTMENT,S5991992,HEALTH INSURANCE,570001,0100-3-300-5200-99-1-99-2-570001,3140838,0,0,3140838,2199976.74,3081305,0,0,3081305,3212078.37,2845917,0,-2573,2843344,3041341.35,2507129.05,0,-63807.5,2443321.55,2593020.13,2706450,0,0,2706450,2673004.36,2826122,0,-16380,2809742,2793142.05,2850675.47,0,0,2850675.47,2854285.13,2633912,0,0,2633912,2672420.35,2155210,12853,0,2168063,2376696.86,1971518,0,0,1971518,2027585.22,1724000,0,-15000,1709000,1766882.27,1800000,0,0,1800000,1739772.36,1812276,2300,-31164,1783412,1854304.46,1794988,297,-277162,1518123,1588711.92,1592753,0,0,1592753,1644977.73,1537487,112936,0,1650423,1491291.85,
300,300,SCHOOL DEPARTMENT,S5991992,MEDICARE - TOWN'S SHARE,570003,0100-3-300-5200-99-1-99-2-570003,0,0,0,0,0,0,0,0,0,0,0,0,0,0,0,0,0,0,0,0,0,0,0,0,0,0,0,0,0,0,0,0,0,0,0,0,0,0,0,0,0,0,0,0,0,0,0,0,0,0,0,0,0,0,0,0,0,0,0,0,0,0,0,0,0,0,0,0,0,0,0,0,0,0,50000,0,0,0,0,87511.78,
300,300,SCHOOL DEPARTMENT,S5991992,WORKERS COMPENSATION,570005,0100-3-300-5200-99-1-99-2-570005,0,0,0,0,0,0,0,0,0,0,0,0,0,0,0,0,0,0,0,0,0,0,0,0,0,0,0,0,0,0,0,0,0,0,0,0,0,0,0,0,0,0,0,0,0,0,0,0,0,0,0,0,0,0,0,0,0,0,0,0,0,0,0,0,0,0,0,0,0,0,0,0,0,0,0,0,0,0,0,5771,
300,300,SCHOOL DEPARTMENT,S5991992,UNEMPLOYMENT COMPENSATION,570008,0100-3-300-5200-99-1-99-2-570008,20000,0,0,20000,15227,18000,242.21,-242.21,18639,11172.23,20500,17000,0,37500,36729.63,23000,0,-1200,21800,12147.38,75000,0,-19656,73344,48087.64,25000,0,0,25000,18713.82,20000,25285,0,45846,45781.09,20000,0,0,20000,18872,20000,0,0,20000,12495.51,20000,0,0,20000,16396.95,17000,0,0,17771,6635,20000,0,0,20000,15930.78,153646,0,-98332.94,55313.06,25511.6,10000,0,0,10000,10984.87,10000,0,0,22203,16142.97,57500,0,0,57500,54562.21,
300,300,SCHOOL DEPARTMENT,S7044102,NEW FURNITURE/EQUIPMENT,585002,0100-3-300-7300-04-4-10-2-585002,25642,0,0,25642,0,9965,0,0,9965,14857.43,3532,0,-3000,532,447.27,424,0,0,424,393.18,5102,0,-2406,2696,5198.1,5102,0,0,5102,4908.52,934,1178,0,2112,1943.97,0,0,0,0,0,0,3068,0,3068,3081.97,0,0,0,0,0,0,0,0,0,0,0,0,0,0,0,0,0,0,0,0,0,0,0,0,0,1634,0,0,1634,990,0,0,0,0,0,
300,300,SCHOOL DEPARTMENT,S7055082,REPLACEMENT EQUIP/FURNITURE,585005,0100-3-300-7300-05-5-08-2-585005,0,0,0,0,0,0,0,0,0,0,0,0,0,0,0,0,0,0,0,0,0,0,0,0,0,0,0,0,0,0,0,0,0,0,0,0,0,0,0,0,0,0,0,0,0,0,0,0,0,0,0,0,0,0,0,0,0,0,0,0,0,0,0,0,0,150,0,0,150,0,0,0,0,0,0,500,0,-500,0,0,
300,300,SCHOOL DEPARTMENT,S7055102,NEW FURNITURE/EQUIPMENT,585002,0100-3-300-7300-05-5-10-2-585002,0,0,0,0,0,0,0,0,0,0,0,0,0,0,0,0,7406,0,7406,7406.1,0,0,0,0,0,0,0,0,0,0,0,0,0,0,0,0,0,0,0,0,0,0,0,0,0,0,0,0,0,0,0,0,0,0,0,0,0,0,0,0,0,0,0,0,0,0,0,0,0,0,0,0,0,0,0,0,0,0,0,0,
300,300,SCHOOL DEPARTMENT,S7066102,NEW FURNITURE/EQUIPMENT,585002,0100-3-300-7300-06-6-10-2-585002,0,0,0,0,0,0,0,0,0,0,0,0,0,0,0,0,7406,0,7406,7406.1,0,0,0,0,0,0,0,0,0,219,0,0,0,0,0,0,0,0,0,0,0,0,0,0,0,0,0,0,0,0,0,0,0,0,0,0,0,0,0,0,0,0,0,0,0,0,0,0,0,0,0,0,0,0,0,2100,0,0,2100,0,
300,300,SCHOOL DEPARTMENT,S7072102,NEW FURNITURE/EQUIPMENT,585002,0100-3-300-7300-07-2-10-2-585002,5000,0,0,5000,2777.61,10000,0,0,10000,8008.8,920,6487,0,7407,7377.86,8138,0,0,8138,7641.55,7899,7921.91,-7411.86,8409.05,7635.67,6500,0,-4876.58,1623.42,0,0,0,0,0,0,0,0,0,0,0,0,0,0,0,0,2500,0,0,2500,0,1700,0,0,1700,1474.12,255,0,0,255,189.58,0,0,0,0,0,0,0,0,0,0,2307,0,0,2307,2173.85,3975,0,0,3975,3810.43,
300,300,SCHOOL DEPARTMENT,S7511062,SPECIAL ED EQUIPMENT,585001,0100-3-300-7300-51-1-06-2-585001,7000,0,0,7000,0,7000,0,0,7000,1848.28,7000,0,0,7000,1730.56,7000,0,0,7709,4424.05,7000,0,0,7000,3745.2,9000,0,0,9000,3083.62,9000,0,0,9184.74,5040.48,9000,0,0,9000,6448.45,4000,7000,0,11000,7429.3,2500,5000,0,7500,6514.52,2500,0,0,2500,118.48,900,1505,0,2405,2389.44,900,3861.78,-116.61,4645.17,4645.17,1500,0,-618.74,916.26,455.5,1500,0,0,1500,1426.74,1500,0,-1000,500,227.97,
300,300,SCHOOL DEPARTMENT,S7991082,EQUIPMENT-MTC & LEASE,525012,0100-3-300-7400-99-1-08-2-525012,83500,0,0,87100,68108.26,69848,0,-2173,68403.87,74742.54,30420,930,0,36559.77,96906.68,55000,19748,0,77124.69,72602.41,38900,3992,0,42892,69798.83,38900,0,0,38900,38630.04,30512,2888,0,33626.11,33579.21,30512,0,0,30512,33955.48,32000,0,0,32000,35606.33,29500,1500,0,31269.3,31689.52,34000,0,0,37371.33,31742.16,26500,0,0,26500,24760.13,30000,0,-2072.18,28127.82,27600.1,42964,0,0,43688.08,27923.05,42964,0,-6300,52945.78,39783.65,50000,0,-10000,40161.32,22752.74,
300,300,SCHOOL DEPARTMENT,S7991102,NEW EQUIPMENT/SYSTEM,585003,0100-3-300-7300-99-1-10-2-585003,26045,0,0,27979,0,6045,0,0,8131.1,3683.18,5000,350,0,5350,12017.82,6500,7000,0,13500,17983.47,3700,2797,0,10497,10496.26,3700,1789,0,5489,2064.48,2230,2765,0,4995,4994.26,2230,0,-85,2145,2144.89,900,0,0,1119.95,872.38,2400,0,-554,1846,1625.76,3300,0,0,3300,2609,1800,0,0,1800,0,1800,0,-227.48,1572.52,1572.52,3420,0,0,3420,3368.47,0,0,0,0,0,3600,0,-1812.15,1787.85,1787.85,
300,300,SCHOOL DEPARTMENT,S7991522,COMPUTERS-PURCHASE & LEASE,525013,0100-3-300-7400-99-1-52-2-525013,254638,7254.65,0, ,215869.97,61780,0,0,62161.04,114574.77,39000,0,0,148973.46,186721.62,39000,6350,0,49340.19,58169.43,86850,0,0,181850,86144.18,76850,0,0,77816,90397,78244,0,0,78244,76174.86,38500,0,0,38500,37297.18,7670,0,0,7670,7563.17,7100,0,0,7100,0,0,0,0,0,0,0,0,0,0,0,0,0,0,0,0,70236,13671,0,84225.76,83906.56,48200,0,0,63116.46,59311.88,41130,0,-8630,39349.5,28949.79,
300,300,SCHOOL DEPARTMENT,S7991742,CAPITAL IMPROVEMENT/MTC,585004,0100-3-300-7300-99-1-74-2-585004,45000,0,0,45000,0,45000,14840,-14840,45000,45000,45000,0,0,45000,45000,45000,0,0,96411.97,97532.36,45000,0,0,45000,63557.76,45000,0,0,52515,52515,40000,10000,0,65000,55000,11000,0.08,-0.08,106121.58,110610.66,0,156904,0,210253.5,111950.54,0,80348,0,80348,0,2977,0,0,2977,2904.04,0,0,0,0,0,0,16739,0,16739,16739,0,0,0,29173.5,29173.5,0,0,0,4992,4992,0,0,0,31040,31040,
300,300,SCHOOL DEPARTMENT,S8511062,CONTRACTED SERVICES,535006,0100-3-300-2800-51-1-06-2-535006,0,0,0,0,0,0,0,0,0,0,0,0,0,0,0,0,0,0,0,0,0,0,0,0,0,0,0,0,0,0,0,0,0,0,0,0,0,0,0,0,0,0,0,0,0,0,0,0,0,0,0,0,0,0,0,0,0,0,0,0,0,0,0,0,0,0,0,0,0,0,0,0,0,0,0,3500,0,0,3500,0,
300,300,SCHOOL DEPARTMENT,S8511062,TESTING MATERIALS,555007,0100-3-300-2800-51-1-06-2-555007,7930,0,0,7930,3142.11,8000,0,0,8000,6663.6,10000,0,0,10000,8683.86,12000,6799,0,18799,17689.57,12000,0,0,12000,11847.26,13000,0,0,13000,10171.54,13000,0,0,13000,11049.79,13000,0,0,13000,11994.83,14666,0,0,14666,13088.84,15000,0,0,15000,14632.63,10000,0,0,10000,8876.72,8839,0,0,8839,8544,5800,0,0,5800,5783.44,1000,312,-565.15,746.85,738.55,0,730,0,730,628.75,0,0,0,0,0,
300,300,SCHOOL DEPARTMENT,S9511062,SPED TUITIONS-PUBLIC,535022,0100-3-300-9100-51-1-06-2-535022,0,0,0,0,0,0,0,0,0,0,0,0,0,0,0,0,0,0,0,0,0,0,0,0,0,0,0,0,0,0,0,0,0,0,0,0,0,0,0,0,0,13538,0,13538,13236.52,0,0,0,0,0,0,0,0,0,0,0,0,0,0,0,0,0,0,0,0,0,0,0,0,0,0,0,0,0,0,0,0,0,0,0,
300,300,SCHOOL DEPARTMENT,S9991102,CHOICE TUITIONS,535027,0100-3-300-9110-99-1-10-2-535027,0,0,0,0,0,0,0,0,0,0,0,0,0,0,0,0,0,0,0,0,0,0,0,0,0,0,0,0,0,0,0,0,0,0,0,0,0,0,0,0,0,0,0,0,0,0,0,0,0,0,0,0,0,0,0,0,0,0,0,0,0,0,0,0,0,0,0,0,0,0,0,0,0,0,0,0,0,0,0,0,
,,SCHOOL DEPARTMENT Total,,,,,25304074,138255.93,0,25249834.89,472899.19999999995,22883442,442590.02999999997,-441600.91000000003,22959235.83,22743459.55000001,311129,9108,-10996,443508.26,484758.10000000003,584587,7700,-274066.97,327072.22000000003,333828.11,364281,42411.86,-29623.91,486043.99000000005,329023.17,280934,35130,0,324900,296946.93000000005,277523,22457,-839.25,312191.1,285776.02,235105,25193,0,269724.99,222291.78999999998,191465,34902,-9000,232374.78,209575,199298,6720,-325,214934.37,172580.61,191661,4909,-10400,190167.37,166752.34,172474,14882.12,-1700,189227,216888.62,166461,54313.72,-6000,232555.97,225990.83,239572,13671,-112,260435.26,234351.1,130165,20000,-1000,169966.26,152487.31,154515,10855.37,-13630,159675.25,128469.69,
,,,,,,,,,,,,,,,,215776.27999999002,,,,,-41249.840000000026,,,,,,,,,,,,,,,,,,,,,,,,,,,,,,,,,,,,,,,,,,,,,,,,,,,,,,,,,,,,,,,,,,
,,,,,,,Revised budget (-) tm budget,,,399790.8900000006,,,,,,,,,,,,,,,,,,,,,,,,,,,,,,,,,,,,,,,,,,,,,,,,,,,,,,,,,,,,,,,,,,,,,,,,,,,,,
,,,,,,Ominus Budget TM Warrant - Article 7,23901908,,,,,,,,,,,,,,,,,,,,,,,,,,,,,,,,,,,,,,,,,,,,,,,,,,,,,,,,,,,,,,,,,,,,,,,,,,,,,,,,
,,,,,,Override - Article 8,948136,,,,,,,,,,,,,,,,,,,,,,,,,,,,,,,,,,,,,,,,,,,,,,,,,,,,,,,,,,,,,,,,,,,,,,,,,,,,,,,,
,,,,,,Total School Budget - FY2025,24850044,,,,,,,,,,,,,,,,,,,,,,,,,,,,,,,,,,,,,,,,,,,,,,,,,,,,,,,,,,,,,,,,,,,,,,,,,,,,,,,,
,,,,,,"""School Budget Approved 6-5-2024"" as Published Budget on School Website",24851494,,,1450,,,,,,,,,,,,,,,,,,,,,,,,,,,,,,,,,,,,,,,,,,,,,,,,,,,,,,,,,,,,,,,,,,,,,,,,,,,,,
===SHEET School Facilities Expenses Only===
DEPARTMENT  ,Segment Code,Dept Description,ORG,DESC,OBJECT,FULL ACCT,  2025 ORIGINAL BUDGET ,  2025 REVISED BUDGET ,  2025 ACTUAL ,  2024 ORIGINAL BUDGET ,  2024 REVISED BUDGET ,  2024 ACTUAL ,  2023 ORIGINAL BUDGET ,  2023 REVISED BUDGET ,  2023 ACTUAL ,  2022 ORIGINAL BUDGET ,  2022 TRANSFERS IN ,  2022 TRANSFERS OUT ,  2022 REVISED BUDGET ,  2022 ACTUAL ,  2021 ORIGINAL BUDGET ,  2021 TRANSFERS IN ,  2021 TRANSFERS OUT ,  2021 REVISED BUDGET ,  2021 ACTUAL ,  2020 ORIGINAL BUDGET ,  2020 TRANSFERS IN ,  2020 TRANSFERS OUT ,  2020 REVISED BUDGET ,  2020 ACTUAL ,  2019 ORIGINAL BUDGET ,  2019 TRANSFERS IN ,  2019 TRANSFERS OUT ,  2019 REVISED BUDGET ,  2019 ACTUAL ,  2018 ORIGINAL BUDGET ,  2018 ACTUAL ,  2017 ORIGINAL BUDGET ,  2017 TRANSFERS IN ,  2017 TRANSFERS OUT ,  2017 REVISED BUDGET ,  2017 ACTUAL ,  2016 ORIGINAL BUDGET ,  2016 TRANSFERS IN ,  2016 TRANSFERS OUT ,  2016 REVISED BUDGET ,  2016 ACTUAL ,  2015 ORIGINAL BUDGET ,  2015 TRANSFERS IN ,  2015 TRANSFERS OUT ,  2015 REVISED BUDGET ,  2015 ACTUAL ,  2014 ORIGINAL BUDGET ,  2014 TRANSFERS IN ,  2014 TRANSFERS OUT ,  2014 REVISED BUDGET ,  2014 ACTUAL ,  2013 ORIGINAL BUDGET ,  2013 TRANSFERS IN ,  2013 TRANSFERS OUT ,  2013 REVISED BUDGET ,  2013 ACTUAL ,  2012 ORIGINAL BUDGET ,  2012 TRANSFERS IN ,  2012 TRANSFERS OUT ,  2012 REVISED BUDGET ,  2012 ACTUAL ,  2011 ORIGINAL BUDGET ,  2011 TRANSFERS IN ,  2011 TRANSFERS OUT ,  2011 REVISED BUDGET ,  2011 ACTUAL ,  2010 ORIGINAL BUDGET ,  2010 TRANSFERS IN ,  2010 TRANSFERS OUT ,  2010 REVISED BUDGET ,  2010 ACTUAL ,
300,300,SCHOOL DEPARTMENT,S0011742,CONTRACTED SERVICES,535006,0100-3-300-4220-01-1-74-2-535006,225643,316390.75,125394.28,145000,150610.6,213919.5,116850,137643.8,128844.3,116850,850,-1125,121437,117337.33,103850,28902,0,144727.04,123794.8,82000,28085,0,117955,116071.52,78000,20359,0,111290,106284.05,78000,102393.85,64000,5751,-2000,82758.78,78739.08,69000,6420,0,80845.37,64460.03,69000,4809,0,75087.47,69431.02,69000,8338.29,-1700,78696.29,79443.14,68500,2436.82,-6000,76751.82,73643.82,69000,0,0,72300,61065.64,69000,0,0,72464.16,68992.95,81000,0,-5000,76300,64753.27,
300,300,SCHOOL DEPARTMENT,S0991742,BUILDING MTC SUPPLIES,541002,0100-3-300-4220-99-1-74-2-541002,80000,80129.84,38518,63000,63000,20752.17,61000,51878.46,43269.51,50000,0,0,58056.94,37810.39,50000,4449,0,61013.89,122033.03,53000,0,-6832,46168,47391.19,53000,3092,-9471,47896.01,48256.94,53000,43403.33,53000,0,-10754,43936.93,43160.46,53000,0,-5526,58405.54,55641.28,53000,0,-1000,54324.46,49302.16,53000,0,-12624.44,41276.31,44060.1,53000,0,-9049.19,48184.81,43046.95,55000,0,0,56564.63,56404.57,55000,0,0,58252.9,42611.78,63035,0,0,77353.35,77156.32,
300,300,SCHOOL DEPARTMENT,S0991742,EMERGENCY EXPENDITURES,545004,0100-3-300-4220-99-1-74-2-545004,10000,10000,0,7500,7500,6216.48,10500,5500,5465.03,7500,0,-2000,5500,2846.6,7500,0,-6351,1149,597.97,7500,0,-4536,2964,2964.5,7500,0,-5058,2442,2441.6,5000,8742.77,5000,0,-2230,2770,1865.48,5000,0,-3507,1493,1165.61,2500,0,-2500,0,0,2500,0,-1400,1100,852.73,2500,0,0,2500,2500,2500,0,0,2500,0,5000,0,0,5000,0,2500,0,-2500,0,29,
300,300,SCHOOL DEPARTMENT,S1991742,HEATING CHARGES/FUEL OIL,521012,0100-3-300-4120-99-1-74-2-521012,4000,4000,0,1042,5900,2077.55,1042,797,786.55,706,0,0,706,0,706,0,0,706,711.58,500,106,0,606,605.87,500,0,-500,0,0,500,438.21,300,494.56,0,794.56,674.56,582,0,-582,0,0,582,0,0,582,239.12,4026,0,-3700,326,315.61,4780,95,-4620,255,254.85,5580,0,0,5580,5194.03,5580,0,0,5580,4376.09,7290,0,-2262.5,5027.5,5145.18,
300,300,SCHOOL DEPARTMENT,S1991742,HEATING CHARGES/NATURAL GAS,521025,0100-3-300-4120-99-1-74-2-521025,120000,125607.99,55709.25,98151,114551,94479.53,98151,112651,122623.01,83790,0,0,83790,104770.54,109229,0,-15255.83,111414.85,127151.79,97890,0,-16828,81062,107536.52,102655,0,0,104308.6,107001.41,132184,92480.67,162645,0,-79989,82960.72,84820.42,198686,0,-43427,155259,155196.08,168500,17300,0,185800,184591.92,150192,26433,0,178181.82,178451.38,150000,7095,-95,157000,155813.74,182600,0,0,183173.35,154542.9,175000,0,0,175000,177610.54,213250,0,0,213250,190932.48,
300,300,SCHOOL DEPARTMENT,S2991742,MTC OF GROUNDS SUPPLIES,545003,0100-3-300-4210-99-1-74-2-545003,20695,20695,20694.58,20695,21079.44,14186.11,18650,18650,8819.72,16400,0,-750,15650,9457.25,16400,0,0,16400,4106.05,7700,8006,0,15706,14909.09,7700,0,0,7700,6211.67,5925,7688.98,5000,0,-1750,4353.24,4188.34,5000,0,-2312,2688,2687.7,5000,0,0,5000,2794.06,5000,0,-3000,2983.9,1749.8,5000,0,-2390.2,2609.8,1638.4,5000,0,0,5000,2179.93,3751,0,0,3751,3724.67,8751,0,0,8751,8196.03,
300,300,SCHOOL DEPARTMENT,S3991742,SEWERAGE DISPOSAL,521006,0100-3-300-4130-99-1-74-2-521006,34000,34000,13306.54,21992,21992,27338.19,21992,21992,25050.93,21992,0,0,21992,23049.29,21992,0,-6000,15992,12274.41,22702,0,-702,22000,20731.77,32500,0,-12499,20001,21511.25,32873,19076.8,27549,7451,0,35000,34882.78,29093,2000,0,31093,33043.6,29093,1852,0,30945,30944.3,25832,4950,0,30782,28379.8,25832,0,0,25832,25297.92,22840,0,0,22840,22809.6,22500,0,0,22500,21520.35,12700,8782.15,0,21482.15,20911.5,
300,300,SCHOOL DEPARTMENT,S3991742,ELECTRICITY CHARGES,521011,0100-3-300-4130-99-1-74-2-521011,230000,238968.95,156820.96,156457,200359.13,262189.43,156457,169962.09,170089.55,156457,0,-7000,149945.79,150430.01,161580,0,-12000,155760.75,168700.64,181440,0,-26840,154600,163159.03,180400,0,-17879,166021.07,154384.9,193083,168619.96,313154,0,-89786.56,248608.52,236085.6,243644,0,-38371,215038.16,187069.35,198691,0,-17300,182291,172267.28,199200,0,-15000,184200,180134.24,194850,1049,0,195899,198648.81,208000,0,0,210973.37,208766.96,228000,0,0,228000,217627.9,230000,0,-6000,224987.11,247835.81,
300,300,SCHOOL DEPARTMENT,S3991742,RUBBISH REMOVAL CHARGES,521013,0100-3-300-4130-99-1-74-2-521013,26000,26000,11019.75,22945,24690.25,22688.2,22945,24690.25,21083,21795,750,0,22545,20632.21,27795,0,0,27795,20515.71,21254,0,-792,20462,20084.5,21254,0,-2100,19154,19140.77,20692,18462.94,19242,0,-788,24834,23391.25,19296,725,0,20021,18896.54,18766,0,0,18766,18522.19,17950,0,0,19365.5,2688.83,17950,0,-137.62,17812.38,16396.88,21520,0,0,21520,17755.96,19453,0,0,19453,16281.34,25710,0,-3770,21940,21553.27,
300,300,SCHOOL DEPARTMENT,S3991742,TELEPHONE CHARGES,521014,0100-3-300-4130-99-1-74-2-521014,14700,14700,4237.27,11904,13736,8422.51,11904,11911.46,9347.68,10224,0,0,10546.46,9980.74,10224,255.83,0,10968.06,10296.84,10620,0,-270,10350,9576.95,10620,0,-570,10194.8,10089.55,10620,10117.53,9840,500,0,10455.3,9840.13,12240,0,-2649,9770.78,9294,12240,0,-2333,10080.12,9305.89,12240,0,0,12288.35,11744.35,12240,0,-740,12351.03,12277.57,13800,0,0,15373.9,11244.93,22100,0,-400,23038.72,15739.31,20264,3944.25,0,24247.1,22386.55,
300,300,SCHOOL DEPARTMENT,S3991742,WATER CHARGES,523001,0100-3-300-4130-99-1-74-2-523001,28000,34361.64,28376.21,22755,28631.79,25132.77,22755,23000,22491.66,22755,0,0,22755,22961.9,22755,0,-2797,19958,19123.19,21200,859,0,22059,23538.48,21200,1554,0,22754,22753.49,29650,17689.78,14650,9350,0,24000,22296.07,15010,0,0,15010,15460.11,11350,0,0,11350,11276.89,11150,0,-663.85,10486.15,10486.15,11150,0,0,11150,10916.4,17808,0,0,17808,11295.29,17760,0,0,17760,11879.4,9620,3600,-1370.75,11849.25,11849.25,
300,300,SCHOOL DEPARTMENT,S3991742,TELEPHONE MTC/SYSTEM,535051,0100-3-300-4130-99-1-74-2-535051,1550,1550,32.5,1550,1550,0,1550,1550,1043.76,1850,0,0,1850,0,1850,0,0,1850,0,1850,365,0,2215,2214.5,1850,0,-1752,98,97.5,1850,0,1850,0,-1850,1532.5,1532.5,1850,0,0,1850,867.5,1850,0,-1220,630,629.75,1850,0,0,1850,1172.5,3000,0,-1724.15,1275.85,1274.5,1850,0,0,1850,350.45,1850,0,0,1850,1716,2950,0,-1352,1598,658.44,
300,300,SCHOOL DEPARTMENT,S4011742,CONTRACTED SERVICES,535006,0100-3-300-4210-01-1-74-2-535006,26900,26900,11178,16900,16900,16815.3,16800,16800,14531.64,16000,0,0,16000,13745.88,2650,0,0,2650,19953.25,2650,5350,0,8000,45866.31,2650,7225,0,9875,18572.2,31450,27381.8,12250,1000,0,15479.5,10779.5,2650,150,0,2800,2800,2650,0,-2650,0,0,0,0,0,0,0,0,0,0,0,0,3600,0,0,3600,3865,3600,0,0,3600,0,3600,0,-3600,3500,3500,
300,300,SCHOOL DEPARTMENT,S4044741,SALARIES STAFF,511003,0100-3-300-4110-04-4-74-1-511003,99829,99829,67297.64,123011,125207,109884.77,117791,117791,124070.81,106349,6159.63,0,112508.63,112872.98,106109,0,0,106109,115477.23,105865,0,0,105865,103698.56,100732,0,0,100732,101490.45,94378,112803.27,98606,0,0,98606,94422.44,0,0,0,0,33441.09,0,0,0,0,5011.16,0,0,0,0,0,25259,0,-5919,19340,23075.65,73498,1415,0,74913,79293.1,73498,0,0,73498,73560.24,72253,0,0,72253,70978,
300,300,SCHOOL DEPARTMENT,S4044741,OVERTIME,513003,0100-3-300-4110-04-4-74-1-513003,6500,6500,1311.35,4000,10510,7495.53,4000,5200,5303.51,4000,0,0,4000,3880.82,4000,0,0,4000,2840.38,4000,0,0,4000,2397.98,4000,0,0,4000,1869.79,0,2743.18,0,0,0,0,2106.41,0,0,0,0,0,0,0,0,0,1548.42,0,0,0,0,304.41,0,0,0,0,0,0,0,0,0,0,0,0,0,0,5418.33,0,0,0,0,4080.95,
300,300,SCHOOL DEPARTMENT,S4055741,SALARIES STAFF,511003,0100-3-300-4110-05-5-74-1-511003,116902,116902,54461.76,137433,138093.82,111460.52,138515,138515,141701.61,128572,3836.76,0,132408.76,135596.9,146268,0,0,146268,129547.63,142979,0,0,142979,127090.2,123883,0,0,123883,122291.6,105679,115304.5,115258,0,-14068,101190,95263.04,93751,0,-1615,92136,91471.96,97405,6429,0,103834,92491.26,94221,0,0,94221,93084.1,85099,6419,0,91518,91297.25,90560,1190,0,91750,97839.13,90370,0,0,90370,90783.02,87888,0,0,87888,89244.31,
300,300,SCHOOL DEPARTMENT,S4055741,OVERTIME,513003,0100-3-300-4110-05-5-74-1-513003,6500,6500,2374.39,6500,9000,8872.19,6500,6500,3673.33,6500,6500,0,13000,13417.57,6500,0,0,6500,9074.08,6500,0,0,6500,5253.41,6500,4200,0,10700,9500.36,0,13213.81,0,0,0,0,6538.78,0,0,0,0,4904.05,0,0,0,0,5108.47,0,0,0,0,3873.43,0,0,0,0,0,0,0,0,0,0,0,0,0,0,9165.18,0,0,0,0,4087.61,
300,300,SCHOOL DEPARTMENT,S4066741,SALARIES STAFF,511003,0100-3-300-4110-06-6-74-1-511003,136888,136888,54086.82,137433,138093.82,113995.68,138515,138515,141754.41,128572,3836.76,0,132408.76,136594.84,146268,0,0,146268,131660.43,142979,0,0,142979,127090.2,123883,0,0,123883,125380.61,105679,115304.5,115258,0,-14068,101190,95263.09,120112,17876,0,137988,126463.98,116928,0,0,116928,120950.1,114161,0,0,114161,114109.8,169011,0,-20142,148869,121985.36,119068,0,-1414,117654,114006.82,119068,0,0,119068,129301.46,102406,0,0,102406,103754.86,
300,300,SCHOOL DEPARTMENT,S4066741,OVERTIME,513003,0100-3-300-4110-06-6-74-1-513003,6500,6500,2374.48,6500,9000,8872.44,6500,6500,3673.73,6500,6500,0,13000,13418.02,6500,0,0,6500,9243.27,6500,0,0,6500,5253.68,6500,4200,0,10700,9500.68,0,13213.81,0,0,0,0,6813.78,0,0,0,0,4669,0,0,0,0,2189.68,0,0,0,0,2595.61,0,0,0,0,0,0,0,0,0,0,0,0,0,0,930.24,0,0,0,0,1617.89,
300,300,SCHOOL DEPARTMENT,S4072741,SALARIES STAFF,511003,0100-3-300-4110-07-2-74-1-511003,151566,151566,49925.1,110326,118199.35,105761.66,116277,116277,111637.95,109741,6316.23,-6000,110057.23,107353.23,106474,0,0,106474,107341.76,106074,0,0,106074,105805.38,99845,0,-2265,97580,98452.49,110246,88714.35,93229,0,0,93229,88413.44,90202,0,-622,89580,84749.08,96205,9746,0,105951,88264,93020,0,0,93020,91857.85,83938,6419,0,90357,89754.38,87592,1108,0,88700,93315.13,87592,0,0,87592,88534.65,83456,0,0,83456,85123.55,
300,300,SCHOOL DEPARTMENT,S4072741,OVERTIME,513003,0100-3-300-4110-07-2-74-1-513003,6500,6500,2630.09,6500,2990,3115,6500,6500,4384.08,6500,0,0,6500,5565.31,6500,0,0,6500,2090.22,6500,0,0,6500,1895.12,6500,350,0,6850,6997.51,0,8985.66,0,0,0,0,7186.76,0,0,0,0,5278.74,0,0,0,0,9344.12,0,0,0,0,5818.06,0,0,0,0,0,0,0,0,0,0,0,0,0,0,4361.63,0,0,0,0,4871.19,
300,300,SCHOOL DEPARTMENT,S4991741,SALARIES STAFF,511003,0100-3-300-4110-99-1-74-1-511003,338466,338466,139240.38,309153,309153,237421.03,314262,311762,296667.53,278369,38536.79,-7000,309905.79,294238.65,274993,0,-405,274588,276282.38,278396,0,0,278396,270208.22,280090,0,-25150,254940,251269.82,296878,241941.34,206163,43013,0,249176,241851.55,200500,472,0,200972,190727.83,159291,0,-1500,157791,158807.51,155422,0,0,155422,153944.25,151409,796,0,152205,164869.27,190045,3580,0,193625,186743.15,195478,0,0,195478,174311.18,222462,0,0,222462,221098.17,
300,300,SCHOOL DEPARTMENT,S4991741,OVERTIME,513003,0100-3-300-4110-99-1-74-1-513003,13000,13000,4507.32,13000,15000,12947.21,13000,13000,14277.9,13000,0,0,13000,12466.09,13000,0,0,13000,9688.18,13000,0,0,13000,11038.51,13000,11000,0,24000,20172.25,12923,18452.37,12923,0,0,12923,19077.76,12608,0,0,12608,11672.02,12300,0,0,12300,14251.47,12000,0,0,12000,11594.27,12000,0,0,12000,0,12000,0,0,12000,0,12000,0,0,12000,7232.58,12000,0,0,12000,6299.88,
300,300,SCHOOL DEPARTMENT,S4991741,HEALTH INSURANCE STIPENDS,517002,0100-3-300-4110-99-1-74-1-517002,0,0,0,0,0,0,0,0,0,0,0,0,0,0,0,0,0,0,0,0,0,0,0,0,0,0,0,0,0,0,0,0,0,0,0,0,0,0,0,0,0,0,0,0,0,0,0,0,0,0,0,0,0,0,0,2520,0,0,0,0,5920,0,0,0,0,24270,0,0,0,0,0,
300,300,SCHOOL DEPARTMENT,S4991741,TRAINING,519003,0100-3-300-4110-99-1-74-1-519003,6278,6278,3645,6278,6278,5872.5,6278,7578,6277.5,6278,0,0,6278,6277.5,5873,405,0,6278,6277.5,8100,0,0,8100,5872.5,7900,0,0,7900,5727.5,5250,4723.5,5250,0,-350,4900,4200,4900,0,0,4900,3500,4200,0,0,4200,3850,4200,0,0,4200,3850,4200,0,0,4200,4200,4200,1050,0,5250,4600,4200,0,0,4200,4200,4200,0,0,4200,4200,
300,300,SCHOOL DEPARTMENT,S4991742,CUSTODIAL SUPPLIES,541001,0100-3-300-4110-99-1-74-2-541001,70675,70675,41397.68,70675,70675,75431.59,47443,43443,51447.24,40140,0,0,40140,53489.53,40410,0,0,99406.62,95805.08,40331,11655,0,51986,44743.56,39247,1500,0,40747,40200.21,39247,40939.4,34688,5650,0,49896.28,50099.57,36918,9253,0,46171,37692.51,36918,0,0,36918,36730.58,36479,0,0,36479,36473.75,35000,568.3,0,35568.3,35568.3,37673,0,0,37718.08,37490.01,35000,400,0,39660.75,40554.23,38474,3000,0,41474,40422.53,
300,300,SCHOOL DEPARTMENT,S4991762,REPAIRS & MAINTENANCE,524100,0100-3-300-4230-99-1-76-2-524100,19000,19000,3473.1,19000,19000,11061.84,18897,11703,12449.04,10897,0,0,10897,9869.49,10897,2000,0,12897,15245.11,8400,572,0,8972,8187.71,8400,0,0,9946.76,10450.45,8400,5819.71,7300,1150,0,8450,9379.21,7300,0,-1723,5577,5133.21,7300,1704,0,9004,8759.8,6000,1400,0,7400,7480.1,6000,3590,0,9590,8003.93,6000,0,0,6000,6105.35,6000,0,0,6000,7555.28,0,8000,0,8000,8097.54,
300,300,SCHOOL DEPARTMENT,S5991742,FIRE SAFETY/FURNITURE REPAIR,525009,0100-3-300-4230-99-1-74-2-525009,24005,24005,7492.39,24005,21105,2130,3148,18227.57,14438.2,9148,1260,0,10408,8160,9148,0,0,9148,8124.5,9148,0,-419,8729,8721.5,9148,2000,0,14990,14925.5,8605,8233.28,6665,2000,-603,9406.5,9030.95,11250,0,-2980,8765,8269.28,10113,0,0,10822.1,7179.61,13113,0,-4733,8602,6183.7,13113,0,-6102.32,7010.68,6752.68,12500,0,0,18029,15593.83,12358,0,0,12358,6815.53,12358,0,0,12908,12290.11,
300,300,SCHOOL DEPARTMENT,S5991742,REPAIR OF EQUIP/MAINTENANCE,525011,0100-3-300-4230-99-1-74-2-525011,4500,4500,1422.58,4500,4500,4280.9,4100,5071.33,27883.31,6050,0,0,6050,3707.28,6050,4000,0,10050,17182.55,6050,432,0,6482,4990.23,4150,1334,0,5484,5060.9,4150,8184.55,3950,0,0,3950,2879.96,3150,2735,0,5885,5855.45,3150,1338,0,5575.21,5161.02,2620,1700,0,4320,2967.46,2620,513.02,0,3133.02,3096.93,2620,0,0,2724.36,3606.14,2620,0,0,2926,2434.08,2250,750,0,3000,3198.82,
,,SCHOOL DEPARTMENT,,Facilities Expenses Only,,,959604,959604,423252.01,930809,952199.99,801130.12,915581,911581,904869.6,834521,71686.17000000001,-13000,893207.1699999999,895171.4400000001,862895,405,-405,921891.62,895328.14,861224,11655,0,872879,810347.3200000001,812080,21250,-27415,805915,792853.27,770280,776339.6900000001,681375,48663,-28486,711110.28,711236.62,558991,27601,-2237,584355,594570.26,523247,16175,-1500,537922,538546.7699999999,509503,0,0,509503,517505.52999999997,565916,14202.3,-26061,554057.3,533270.2100000001,614636,8343,-1414,621610.08,619207.3400000001,617206,400,0,621866.75,652622.7399999999,623139,3000,0,626139,635778.9400000001,
,,,,"4110 Facilities Salaries except supplies of $70,675",,,,,,,,,,,,,,,,,,,,,,,,,,,,,,,,,,,,,,,,,,,,,,,,,,,,,,,,,,,,,,,,,,,,,,,,,,


