fy,edition,group,fund,page,is_subtotal,columns_as_printed,v1,v2,v3,v4,v5,v6,n_values,ruler_spanned,row_check,derived_cell,columns_tying,status,reconciliation
2011,FY2011,,Zoning Board Consultant Revolving,66,,,11422.58,42103.27,10816.46,,,,3,,one cell missing; derivable from the row itself,"v4 = 42,709.39, from this fund's own other three columns",0,check failed,"v2: 5,575,241.30 vs printed 6,048,615.90 (-473,374.60)"
2011,FY2011,,Conservation Gift Fund-Cook Farm,66,,,148.00,,148.00,,,,2,,,,0,check failed,"v2: 5,575,241.30 vs printed 6,048,615.90 (-473,374.60)"
2011,FY2011,,Town Records Gift Fund,66,,,252.35,,252.35,,,,2,,,,0,check failed,"v2: 5,575,241.30 vs printed 6,048,615.90 (-473,374.60)"
2011,FY2011,,Scholarship Fund,66,,,217.99,,217.99,,,,2,,,,0,check failed,"v2: 5,575,241.30 vs printed 6,048,615.90 (-473,374.60)"
2011,FY2011,,Sewer Gift Fund,66,,,387.09,,387.09,,,,2,,,,0,check failed,"v2: 5,575,241.30 vs printed 6,048,615.90 (-473,374.60)"
2011,FY2011,,Insurance Recoveries,66,,,250.98,16780.00,3530.29,,,,3,,one cell missing; derivable from the row itself,"v4 = 13,500.69, from this fund's own other three columns",0,check failed,"v2: 5,575,241.30 vs printed 6,048,615.90 (-473,374.60)"
2011,FY2011,,Household Hazardous Waste.,66,,,768.76,,768.76,,,,2,,,,0,check failed,"v2: 5,575,241.30 vs printed 6,048,615.90 (-473,374.60)"
2011,FY2011,SCHOOL DEPARTMENT,School Lunch,66,,,28946.14,572008.13,12200.75,,,,3,,one cell missing; derivable from the row itself,"v4 = 588,753.52, from this fund's own other three columns",0,check failed,"v2: 5,575,241.30 vs printed 6,048,615.90 (-473,374.60)"
2011,FY2011,SCHOOL DEPARTMENT,Title | #305,66,,,20996.29,109758.29,0.00,,,,3,,one cell missing; derivable from the row itself,"v4 = 130,754.58, from this fund's own other three columns",0,check failed,"v2: 5,575,241.30 vs printed 6,048,615.90 (-473,374.60)"
2011,FY2011,SCHOOL DEPARTMENT,PL 94-142 #240,66,,,18689.83,377445.35,2240.48,,,,3,,one cell missing; derivable from the row itself,"v4 = 393,894.70, from this fund's own other three columns",0,check failed,"v2: 5,575,241.30 vs printed 6,048,615.90 (-473,374.60)"
2011,FY2011,SCHOOL DEPARTMENT,PL 99-457,66,,,1.58,1.58,0.00,,,,3,,one cell missing; derivable from the row itself,"v4 = 3.16, from this fund's own other three columns",0,check failed,"v2: 5,575,241.30 vs printed 6,048,615.90 (-473,374.60)"
2011,FY2011,SCHOOL DEPARTMENT,Chapter 188,66,,,1.37,1.37,0.00,,,,3,,one cell missing; derivable from the row itself,"v4 = 2.74, from this fund's own other three columns",0,check failed,"v2: 5,575,241.30 vs printed 6,048,615.90 (-473,374.60)"
2011,FY2011,SCHOOL DEPARTMENT,Chapter 493 Emergency Ed. Grant,66,,,3.04,3.04,0.00,,,,3,,one cell missing; derivable from the row itself,"v4 = 6.08, from this fund's own other three columns",0,check failed,"v2: 5,575,241.30 vs printed 6,048,615.90 (-473,374.60)"
2011,FY2011,SCHOOL DEPARTMENT,N.C.T.M. Standards,66,,,4.46,4.46,0.00,,,,3,,one cell missing; derivable from the row itself,"v4 = 8.92, from this fund's own other three columns",0,check failed,"v2: 5,575,241.30 vs printed 6,048,615.90 (-473,374.60)"
2011,FY2011,SCHOOL DEPARTMENT,Gov. Alliance Against Drugs #331,66,,,2222.71,2222.71,0.00,,,,3,,one cell missing; derivable from the row itself,"v4 = 4,445.42, from this fund's own other three columns",0,check failed,"v2: 5,575,241.30 vs printed 6,048,615.90 (-473,374.60)"
2011,FY2011,SCHOOL DEPARTMENT,Eisenhower Grant,66,,,567.21,567.21,0.00,,,,3,,one cell missing; derivable from the row itself,"v4 = 1,134.42, from this fund's own other three columns",0,check failed,"v2: 5,575,241.30 vs printed 6,048,615.90 (-473,374.60)"
2011,FY2011,SCHOOL DEPARTMENT,Per Pupil Aid,66,,,279.01,279.01,0.00,,,,3,,one cell missing; derivable from the row itself,"v4 = 558.02, from this fund's own other three columns",0,check failed,"v2: 5,575,241.30 vs printed 6,048,615.90 (-473,374.60)"
2011,FY2011,SCHOOL DEPARTMENT,Family Math/Science FY 93,66,,,5.15,5.15,0.00,,,,3,,one cell missing; derivable from the row itself,"v4 = 10.30, from this fund's own other three columns",0,check failed,"v2: 5,575,241.30 vs printed 6,048,615.90 (-473,374.60)"
2011,FY2011,SCHOOL DEPARTMENT,FY98 After School Program,66,,,454.59,454.59,0.00,,,,3,,one cell missing; derivable from the row itself,"v4 = 909.18, from this fund's own other three columns",0,check failed,"v2: 5,575,241.30 vs printed 6,048,615.90 (-473,374.60)"
2011,FY2011,SCHOOL DEPARTMENT,FY99 After School Program,66,,,491.58,491.58,0.00,,,,3,,one cell missing; derivable from the row itself,"v4 = 983.16, from this fund's own other three columns",0,check failed,"v2: 5,575,241.30 vs printed 6,048,615.90 (-473,374.60)"
2011,FY2011,SCHOOL DEPARTMENT,FY99 Advanced Placement,66,,,667.73,667.73,0.00,,,,3,,one cell missing; derivable from the row itself,"v4 = 1,335.46, from this fund's own other three columns",0,check failed,"v2: 5,575,241.30 vs printed 6,048,615.90 (-473,374.60)"
2011,FY2011,SCHOOL DEPARTMENT,FY99 Teen Dating Violence,66,,,257.16,257.16,0.00,,,,3,,one cell missing; derivable from the row itself,"v4 = 514.32, from this fund's own other three columns",0,check failed,"v2: 5,575,241.30 vs printed 6,048,615.90 (-473,374.60)"
2011,FY2011,SCHOOL DEPARTMENT,Palms Collaborative FY 94,66,,,0.54,0.54,0.00,,,,3,,one cell missing; derivable from the row itself,"v4 = 1.08, from this fund's own other three columns",0,check failed,"v2: 5,575,241.30 vs printed 6,048,615.90 (-473,374.60)"
2011,FY2011,SCHOOL DEPARTMENT,FY93 Health Protection,66,,,28.47,28.47,0.00,,,,3,,one cell missing; derivable from the row itself,"v4 = 56.94, from this fund's own other three columns",0,check failed,"v2: 5,575,241.30 vs printed 6,048,615.90 (-473,374.60)"
2011,FY2011,SCHOOL DEPARTMENT,"Dept, of Public Health FY 98",66,,,6.69,6.69,0.00,,,,3,,one cell missing; derivable from the row itself,"v4 = 13.38, from this fund's own other three columns",0,check failed,"v2: 5,575,241.30 vs printed 6,048,615.90 (-473,374.60)"
2011,FY2011,SCHOOL DEPARTMENT,FY98 School Based Comm Serv,66,,,2875.78,2875.78,0.00,,,,3,,one cell missing; derivable from the row itself,"v4 = 5,751.56, from this fund's own other three columns",0,check failed,"v2: 5,575,241.30 vs printed 6,048,615.90 (-473,374.60)"
2011,FY2011,SCHOOL DEPARTMENT,Dept. of Public Health FY 97,66,,,5.59,5.59,0.00,,,,3,,one cell missing; derivable from the row itself,"v4 = 11.18, from this fund's own other three columns",0,check failed,"v2: 5,575,241.30 vs printed 6,048,615.90 (-473,374.60)"
2011,FY2011,SCHOOL DEPARTMENT,Health Protection FY 99,66,,,2775.31,2775.31,,,,,2,,,,0,check failed,"v2: 5,575,241.30 vs printed 6,048,615.90 (-473,374.60)"
2011,FY2011,SCHOOL DEPARTMENT,School Linked Services FY 97.,66,,,6.99,,,,,,1,,,,0,check failed,"v2: 5,575,241.30 vs printed 6,048,615.90 (-473,374.60)"
2011,FY2011,SCHOOL DEPARTMENT,School Linked Services FY 98,66,,,0.32,,,,,,1,,,,0,check failed,"v2: 5,575,241.30 vs printed 6,048,615.90 (-473,374.60)"
2011,FY2011,SCHOOL DEPARTMENT,United Way Venture,66,,,40.42,,,,,,1,,,,0,check failed,"v2: 5,575,241.30 vs printed 6,048,615.90 (-473,374.60)"
2011,FY2011,SCHOOL DEPARTMENT,,66,,,63.00,,,,,,1,,,,0,check failed,"v2: 5,575,241.30 vs printed 6,048,615.90 (-473,374.60)"
2011,FY2011,SCHOOL DEPARTMENT,After School Activities,67,,,,217068.86,90617.14,,,,2,,,,0,check failed,"v2: 5,575,241.30 vs printed 6,048,615.90 (-473,374.60)"
2011,FY2011,SCHOOL DEPARTMENT,School Facilities Use,67,,,,8646.80,9277.00,,,,2,,,,0,check failed,"v2: 5,575,241.30 vs printed 6,048,615.90 (-473,374.60)"
2011,FY2011,SCHOOL DEPARTMENT,Non-Resident Tuition,67,,,,659451.87,-132906.80,,,,2,,,,0,check failed,"v2: 5,575,241.30 vs printed 6,048,615.90 (-473,374.60)"
2011,FY2011,SCHOOL DEPARTMENT,Adult Education,67,,,,14055.10,1933.30,,,,2,,,,0,check failed,"v2: 5,575,241.30 vs printed 6,048,615.90 (-473,374.60)"
2011,FY2011,SCHOOL DEPARTMENT,Summer School Program,67,,,-348.00,,-348.00,,,,2,,,,0,check failed,"v2: 5,575,241.30 vs printed 6,048,615.90 (-473,374.60)"
2011,FY2011,SCHOOL DEPARTMENT,School Choice,67,,,,379696.77,191468.27,,,,2,,,,0,check failed,"v2: 5,575,241.30 vs printed 6,048,615.90 (-473,374.60)"
2011,FY2011,SCHOOL DEPARTMENT,School Gift Fund,67,,,,25786.66,40058.35,,,,2,,,,0,check failed,"v2: 5,575,241.30 vs printed 6,048,615.90 (-473,374.60)"
2011,FY2011,SCHOOL DEPARTMENT,Greenthumb Revolving,67,,,,1271.20,3198.69,,,,2,,,,0,check failed,"v2: 5,575,241.30 vs printed 6,048,615.90 (-473,374.60)"
2011,FY2011,SCHOOL DEPARTMENT,Custodian Special Details,67,,,,11721.24,4961.16,,,,2,,,,0,check failed,"v2: 5,575,241.30 vs printed 6,048,615.90 (-473,374.60)"
2011,FY2011,SCHOOL DEPARTMENT,Sped Curriculum Frameworks,67,,,4570.43,4570.43,0.00,,,,3,,one cell missing; derivable from the row itself,"v4 = 9,140.86, from this fund's own other three columns",0,check failed,"v2: 5,575,241.30 vs printed 6,048,615.90 (-473,374.60)"
2011,FY2011,SCHOOL DEPARTMENT,School Linked Services,67,,,220.08,220.08,0.00,,,,3,,one cell missing; derivable from the row itself,"v4 = 440.16, from this fund's own other three columns",0,check failed,"v2: 5,575,241.30 vs printed 6,048,615.90 (-473,374.60)"
2011,FY2011,SCHOOL DEPARTMENT,Sped Early Childhood,67,,,,15412.83,0.00,,,,2,,,,0,check failed,"v2: 5,575,241.30 vs printed 6,048,615.90 (-473,374.60)"
2011,FY2011,SCHOOL DEPARTMENT,Title V (Formerly Title VI),67,,,2703.32,2703.32,0.00,,,,3,,one cell missing; derivable from the row itself,"v4 = 5,406.64, from this fund's own other three columns",0,check failed,"v2: 5,575,241.30 vs printed 6,048,615.90 (-473,374.60)"
2011,FY2011,SCHOOL DEPARTMENT,Tech Prep Consortium,67,,,1450.00,,1450.00,,,,2,,,,0,check failed,"v2: 5,575,241.30 vs printed 6,048,615.90 (-473,374.60)"
2011,FY2011,SCHOOL DEPARTMENT,Gifted & Talented,67,,,82.14,82.14,0.00,,,,3,,one cell missing; derivable from the row itself,"v4 = 164.28, from this fund's own other three columns",0,check failed,"v2: 5,575,241.30 vs printed 6,048,615.90 (-473,374.60)"
2011,FY2011,SCHOOL DEPARTMENT,BC/BS Healthy Choices,67,,,860.03,765.38,94.65,,,,3,,one cell missing; derivable from the row itself,"v4 = 1,530.76, from this fund's own other three columns",0,check failed,"v2: 5,575,241.30 vs printed 6,048,615.90 (-473,374.60)"
2011,FY2011,SCHOOL DEPARTMENT,Early Childhood Family Network,67,,,7394.08,7394.08,50000.00,,,,3,,one cell missing; derivable from the row itself,"v4 = -35,211.84, from this fund's own other three columns",0,check failed,"v2: 5,575,241.30 vs printed 6,048,615.90 (-473,374.60)"
2011,FY2011,SCHOOL DEPARTMENT,Goals 2000 Professional Development,67,,,66.89,66.89,0.00,,,,3,,one cell missing; derivable from the row itself,"v4 = 133.78, from this fund's own other three columns",0,check failed,"v2: 5,575,241.30 vs printed 6,048,615.90 (-473,374.60)"
2011,FY2011,SCHOOL DEPARTMENT,Teacher Quality,67,,,,55533.92,8894.23,,,,2,,,,0,check failed,"v2: 5,575,241.30 vs printed 6,048,615.90 (-473,374.60)"
2011,FY2011,SCHOOL DEPARTMENT,Academic Support,67,,,,8847.00,0.00,,,,2,,,,0,check failed,"v2: 5,575,241.30 vs printed 6,048,615.90 (-473,374.60)"
2011,FY2011,SCHOOL DEPARTMENT,Enhanced Ed Through Tech,67,,,4149.51,4149.51,0.00,,,,3,,one cell missing; derivable from the row itself,"v4 = 8,299.02, from this fund's own other three columns",0,check failed,"v2: 5,575,241.30 vs printed 6,048,615.90 (-473,374.60)"
2011,FY2011,SCHOOL DEPARTMENT,Academic Support,67,,,,4591.98,0.00,,,,2,,,,0,check failed,"v2: 5,575,241.30 vs printed 6,048,615.90 (-473,374.60)"
2011,FY2011,SCHOOL DEPARTMENT,50/50 Grant Sped Tuitions,67,,,,193889.42,35565.10,,,,2,,,,0,check failed,"v2: 5,575,241.30 vs printed 6,048,615.90 (-473,374.60)"
2011,FY2011,SCHOOL DEPARTMENT,Insurance Recoveries - School,67,,,,,2969.32,,,,1,,,,0,check failed,"v2: 5,575,241.30 vs printed 6,048,615.90 (-473,374.60)"
2011,FY2011,SCHOOL DEPARTMENT,Extended Day Revolving Fund,67,,,,186051.56,26139.45,,,,2,,,,0,check failed,"v2: 5,575,241.30 vs printed 6,048,615.90 (-473,374.60)"
2011,FY2011,SCHOOL DEPARTMENT,SPED Electronic Portfolio,67,,,8.55,8.55,0.00,,,,3,,one cell missing; derivable from the row itself,"v4 = 17.10, from this fund's own other three columns",0,check failed,"v2: 5,575,241.30 vs printed 6,048,615.90 (-473,374.60)"
2011,FY2011,SCHOOL DEPARTMENT,N.E. Dairy & Food Private Grant,67,,,1262.23,,1262.23,,,,2,,,,0,check failed,"v2: 5,575,241.30 vs printed 6,048,615.90 (-473,374.60)"
2011,FY2011,SCHOOL DEPARTMENT,Vending Machine Revolving,67,,,2059.65,104.94,1954.71,,,,3,,one cell missing; derivable from the row itself,"v4 = 209.88, from this fund's own other three columns",0,check failed,"v2: 5,575,241.30 vs printed 6,048,615.90 (-473,374.60)"
2011,FY2011,SCHOOL DEPARTMENT,Siate Compass School Grant,67,,,9.28,9.28,0.00,,,,3,,one cell missing; derivable from the row itself,"v4 = 18.56, from this fund's own other three columns",0,check failed,"v2: 5,575,241.30 vs printed 6,048,615.90 (-473,374.60)"
2011,FY2011,SCHOOL DEPARTMENT,Kindergarten Transition/Enhancement,67,,,,56613.92,0.00,,,,2,,,,0,check failed,"v2: 5,575,241.30 vs printed 6,048,615.90 (-473,374.60)"
2011,FY2011,SCHOOL DEPARTMENT,Monbouquette Award,67,,,3.81,,3.81,,,,2,,,,0,check failed,"v2: 5,575,241.30 vs printed 6,048,615.90 (-473,374.60)"
2011,FY2011,SCHOOL DEPARTMENT,Special Assistance/Mentoring Grant,67,,,20.58,20.58,0.00,,,,3,,one cell missing; derivable from the row itself,"v4 = 41.16, from this fund's own other three columns",0,check failed,"v2: 5,575,241.30 vs printed 6,048,615.90 (-473,374.60)"
2011,FY2011,SCHOOL DEPARTMENT,,67,,,64.00,,,,,,1,,,,0,check failed,"v2: 5,575,241.30 vs printed 6,048,615.90 (-473,374.60)"
2011,FY2011,SCHOOL DEPARTMENT,ASOST Quality #530,68,,,-2744.14,11254.00,13558.14,440.00,,,4,,"does NOT balance by -5,488.28",,0,check failed,"v2: 5,575,241.30 vs printed 6,048,615.90 (-473,374.60)"
2011,FY2011,SCHOOL DEPARTMENT,Hach Scientific Foundation Grant,68,,,90.61,,,90.61,,,2,,,,0,check failed,"v2: 5,575,241.30 vs printed 6,048,615.90 (-473,374.60)"
2011,FY2011,SCHOOL DEPARTMENT,Family Network Gift Fund,68,,,4147.54,1720.00,1062.78,4804.76,,,4,,fund balances: forward + receipts - disbursements = carried forward,,0,check failed,"v2: 5,575,241.30 vs printed 6,048,615.90 (-473,374.60)"
2011,FY2011,SCHOOL DEPARTMENT,Kindergarten Curriculum Development,68,,,16140.00,15000.00,28329.52,2810.48,,,4,,fund balances: forward + receipts - disbursements = carried forward,,0,check failed,"v2: 5,575,241.30 vs printed 6,048,615.90 (-473,374.60)"
2011,FY2011,SCHOOL DEPARTMENT,Idea Stimulus Program,68,,,20672.33,216505.00,237136.06,41.27,,,4,,fund balances: forward + receipts - disbursements = carried forward,,0,check failed,"v2: 5,575,241.30 vs printed 6,048,615.90 (-473,374.60)"
2011,FY2011,SCHOOL DEPARTMENT,Title | Stimulus Program,68,,,1927.24,45365.00,47292.24,50000.00,,,4,,"does NOT balance by -50,000.00",,0,check failed,"v2: 5,575,241.30 vs printed 6,048,615.90 (-473,374.60)"
2011,FY2011,SCHOOL DEPARTMENT,FY11 Family & Community,68,,,0.00,,29663.72,328.28,,,3,,one cell missing; derivable from the row itself,"v2 = 29,992.00, from this fund's own other three columns",0,check failed,"v2: 5,575,241.30 vs printed 6,048,615.90 (-473,374.60)"
2011,FY2011,SCHOOL DEPARTMENT,Race to the Top,68,,,0.00,9200.00,8795.00,405.00,,,4,,fund balances: forward + receipts - disbursements = carried forward,,0,check failed,"v2: 5,575,241.30 vs printed 6,048,615.90 (-473,374.60)"
2011,FY2011,SCHOOL DEPARTMENT,Early Childhood SPED ARRA,68,yes,,0.00,8439.00,8439.00,0.00,,,4,,fund balances: forward + receipts - disbursements = carried forward,,0,check failed,"v2: 5,575,241.30 vs printed 6,048,615.90 (-473,374.60)"
2011,FY2011,SCHOOL DEPARTMENT,ARRA Stabilization,68,,,0.00,24149.00,24149.00,0.00,,,4,,fund balances: forward + receipts - disbursements = carried forward,,0,check failed,"v2: 5,575,241.30 vs printed 6,048,615.90 (-473,374.60)"
2011,FY2011,SCHOOL DEPARTMENT,Community Service Learn,68,,,0.00,,5000.00,0.00,,,3,,one cell missing; derivable from the row itself,"v2 = 5,000.00, from this fund's own other three columns",0,check failed,"v2: 5,575,241.30 vs printed 6,048,615.90 (-473,374.60)"
2011,FY2011,SCHOOL DEPARTMENT,Safe & Drug Free Schools #332,68,yes,,0.00,1747.00,1747.00,0.00,,,4,,fund balances: forward + receipts - disbursements = carried forward,,0,check failed,"v2: 5,575,241.30 vs printed 6,048,615.90 (-473,374.60)"
2011,FY2011,SCHOOL DEPARTMENT,Community Service Learn #355,68,,,0.00,3250.00,2250.00,1000.00,,,4,,fund balances: forward + receipts - disbursements = carried forward,,0,check failed,"v2: 5,575,241.30 vs printed 6,048,615.90 (-473,374.60)"
2011,FY2011,SCHOOL DEPARTMENT,EECG Energy Efficiency Grant,68,,,0.00,75288.64,,75288.64,,,3,,one cell missing; derivable from the row itself,"v3 = 0.00, from this fund's own other three columns",0,check failed,"v2: 5,575,241.30 vs printed 6,048,615.90 (-473,374.60)"
2011,FY2011,PUBLIC SAFETY,Insurance Recoveries - Police,68,,,250.00,6190.98,6940.98,-500.00,,,4,,fund balances: forward + receipts - disbursements = carried forward,,0,check failed,"v2: 5,575,241.30 vs printed 6,048,615.90 (-473,374.60)"
2011,FY2011,PUBLIC SAFETY,Community Policing FY 96,68,,,6.55,,,6.55,,,2,,,,0,check failed,"v2: 5,575,241.30 vs printed 6,048,615.90 (-473,374.60)"
2011,FY2011,PUBLIC SAFETY,Community Policing FY 97,68,,,1.97,,,1.97,,,2,,,,0,check failed,"v2: 5,575,241.30 vs printed 6,048,615.90 (-473,374.60)"
2011,FY2011,PUBLIC SAFETY,Community Policing FY 98,68,,,0.66,,,0.66,,,2,,,,0,check failed,"v2: 5,575,241.30 vs printed 6,048,615.90 (-473,374.60)"
2011,FY2011,PUBLIC SAFETY,Drug Forfeiture.,68,,,5465.56,18572.00,2432.03,21605.53,,,4,,fund balances: forward + receipts - disbursements = carried forward,,0,check failed,"v2: 5,575,241.30 vs printed 6,048,615.90 (-473,374.60)"
2011,FY2011,PUBLIC SAFETY,D.A.R.E. Grant FY 97,68,,,34.85,,,34.85,,,2,,,,0,check failed,"v2: 5,575,241.30 vs printed 6,048,615.90 (-473,374.60)"
2011,FY2011,PUBLIC SAFETY,D.A.R.E. I Grant FY 97,68,,,0.25,,,0.25,,,2,,,,0,check failed,"v2: 5,575,241.30 vs printed 6,048,615.90 (-473,374.60)"
2011,FY2011,PUBLIC SAFETY,Community Policing,68,,,2291.12,,,2291.12,,,2,,,,0,check failed,"v2: 5,575,241.30 vs printed 6,048,615.90 (-473,374.60)"
2011,FY2011,PUBLIC SAFETY,Cops Universal Hiring,68,,,1289.34,,,1289.84,,,2,,,,0,check failed,"v2: 5,575,241.30 vs printed 6,048,615.90 (-473,374.60)"
2011,FY2011,PUBLIC SAFETY,Underage Alcohol Enforcement Grant,68,,,-56.19,,,-56.19,,,2,,,,0,check failed,"v2: 5,575,241.30 vs printed 6,048,615.90 (-473,374.60)"
2011,FY2011,PUBLIC SAFETY,EOPS Vest Reimbursement,68,,,1862.50,,,1862.50,,,2,,,,0,check failed,"v2: 5,575,241.30 vs printed 6,048,615.90 (-473,374.60)"
2011,FY2011,PUBLIC SAFETY,NW Drug Task Force Grant,68,,,,,,-323.52,,,1,,,,0,check failed,"v2: 5,575,241.30 vs printed 6,048,615.90 (-473,374.60)"
2011,FY2011,PUBLIC SAFETY,Protective Order Grant Program,68,,,0.00,741.40,606.25,135.15,,,4,,fund balances: forward + receipts - disbursements = carried forward,,0,check failed,"v2: 5,575,241.30 vs printed 6,048,615.90 (-473,374.60)"
2011,FY2011,PUBLIC SAFETY,Walmart Grant - Police Dept.,68,,,1000.00,,,1000.00,,,2,,,,0,check failed,"v2: 5,575,241.30 vs printed 6,048,615.90 (-473,374.60)"
2011,FY2011,PUBLIC SAFETY,Firefighter PS Equipment Grant,68,,,330.00,,,30.00,,,2,,,,0,check failed,"v2: 5,575,241.30 vs printed 6,048,615.90 (-473,374.60)"
2011,FY2011,PUBLIC SAFETY,Firefighter Safety Equipment Grant,68,,,9.84,,,9.84,,,2,,,,0,check failed,"v2: 5,575,241.30 vs printed 6,048,615.90 (-473,374.60)"
2011,FY2011,PUBLIC SAFETY,FEMA Assistance to Firefighters,68,,,0.00,146146.00,146146.00,,,,3,,one cell missing; derivable from the row itself,"v4 = 0.00, from this fund's own other three columns",0,check failed,"v2: 5,575,241.30 vs printed 6,048,615.90 (-473,374.60)"
2011,FY2011,PUBLIC SAFETY,"Police/Fire Special Details           $9,392.07   $208,417.05",69,,,208332.89,9476.23,,,,,2,,,,0,check failed,"v2: 5,575,241.30 vs printed 6,048,615.90 (-473,374.60)"
2011,FY2011,PUBLIC SAFETY,"Coastal/Patriot Ambulance Revolving    $579.06    $42,437.53",69,,,42437.53,579.06,,,,,2,,,,0,check failed,"v2: 5,575,241.30 vs printed 6,048,615.90 (-473,374.60)"
2011,FY2011,PUBLIC SAFETY,Firefighter Equipment Grant - FY05      $419.60,69,,,,419.60,,,,,1,,,,0,check failed,"v2: 5,575,241.30 vs printed 6,048,615.90 (-473,374.60)"
2011,FY2011,PUBLIC SAFETY,"Confined Space Training               $1,956.77",69,,,,1956.77,,,,,1,,,,0,check failed,"v2: 5,575,241.30 vs printed 6,048,615.90 (-473,374.60)"
2011,FY2011,PUBLIC SAFETY,Police NRA Foundation Grant              $0.10,69,,,,0.10,,,,,1,,,,0,check failed,"v2: 5,575,241.30 vs printed 6,048,615.90 (-473,374.60)"
2011,FY2011,PUBLIC SAFETY,COPS Secure Our Schools                  $0.82,69,,,,0.82,,,,,1,,,,0,check failed,"v2: 5,575,241.30 vs printed 6,048,615.90 (-473,374.60)"
2011,FY2011,PUBLIC SAFETY,GHSB Click It Or Ticket               ($1.128.77)  $4.964.54,69,,,4900.27,-1064.50,,,,,2,,,,0,check failed,"v2: 5,575,241.30 vs printed 6,048,615.90 (-473,374.60)"
2011,FY2011,PARKS & RECREATION,"Park User Fees                         $9,636.86   $16,024.33",69,,,15641.94,10019.25,,,,,2,,,,0,check failed,"v2: 5,575,241.30 vs printed 6,048,615.90 (-473,374.60)"
2011,FY2011,PARKS & RECREATION,"Park Gift Fund™                       $3,220.33   $22,886.86",69,,,24999.00,1108.19,,,,,2,,,,0,check failed,"v2: 5,575,241.30 vs printed 6,048,615.90 (-473,374.60)"
2011,FY2011,HIGHWAY DEPT.,"Chapter 90                            $16,415.89  $227.024.71",69,,,222059.92,21380.68,,,,,2,,,,0,check failed,"v2: 5,575,241.30 vs printed 6,048,615.90 (-473,374.60)"
2011,FY2011,HIGHWAY DEPT.,"FY09 FEMA Ice Storm Grant           ($150,738.49) $150,738.49",69,,,,0.00,,,,,1,,,,0,check failed,"v2: 5,575,241.30 vs printed 6,048,615.90 (-473,374.60)"
2011,FY2011,HIGHWAY DEPT.,Chapter 204/Acts of 1996                  $0.11,69,,,,0.11,,,,,1,,,,0,check failed,"v2: 5,575,241.30 vs printed 6,048,615.90 (-473,374.60)"
2011,FY2011,COUNCIL ON AGING,"C.O.A/M.A.R.T. Revolving                $786.79    $31,522.35",69,,,40051.84,,,,,,1,,,,0,check failed,"v2: 5,575,241.30 vs printed 6,048,615.90 (-473,374.60)"
2011,FY2011,COUNCIL ON AGING,"C.O.A. Formula Grant                      $0.00    $10,535.00",69,,,10449.62,85.38,,,,,2,,,,0,check failed,"v2: 5,575,241.30 vs printed 6,048,615.90 (-473,374.60)"
2011,FY2011,COUNCIL ON AGING,"E.O.C.D. Senior Center Grant          $1,680.21",69,,,,1680.21,,,,,1,,,,0,check failed,"v2: 5,575,241.30 vs printed 6,048,615.90 (-473,374.60)"
2011,FY2011,COUNCIL ON AGING,Venture Grant - Are You OK               $24.00,69,,,,24.00,,,,,1,,,,0,check failed,"v2: 5,575,241.30 vs printed 6,048,615.90 (-473,374.60)"
2011,FY2011,LIBRARY,"State Aid-Libraries                  $31,781.94    $12,620.47",69,,,11944.57,32457.84,,,,,2,,,,0,check failed,"v2: 5,575,241.30 vs printed 6,048,615.90 (-473,374.60)"
2011,FY2011,LIBRARY,Library Gift Fund                    $11.491.47      $100.00,69,,,,11591.47,,,,,1,,,,0,check failed,"v2: 5,575,241.30 vs printed 6,048,615.90 (-473,374.60)"
2011,FY2011,LIBRARY,"Library Revolving Fund                $5,176.07    $9,391.39",69,,,,4791.74,,,,,1,,,,0,check failed,"v2: 5,575,241.30 vs printed 6,048,615.90 (-473,374.60)"
2011,FY2011,LIBRARY,FY07 Public Libraries Fund             $571.17,69,,,,571.17,,,,,1,,,,0,check failed,"v2: 5,575,241.30 vs printed 6,048,615.90 (-473,374.60)"
2011,FY2011,LIBRARY,"Sale of Cemetery Lots                $162,940.32    $9,861.40",69,,,,172801.72,,,,,1,,,,0,check failed,"v2: 5,575,241.30 vs printed 6,048,615.90 (-473,374.60)"
2011,FY2011,LIBRARY,"Elderly/Disabled Fund                  $2,487.14",69,,,,2487.14,,,,,1,,,,0,check failed,"v2: 5,575,241.30 vs printed 6,048,615.90 (-473,374.60)"
2011,FY2011,LIBRARY,"Bell Tower Mtc. Fund-Town Hall         $8,856.171",69,,,1949.80,6906.37,,,,,2,,,,0,check failed,"v2: 5,575,241.30 vs printed 6,048,615.90 (-473,374.60)"
2011,FY2011,LIBRARY,Historical Comm. Gift Fund              $137.36,69,,,,137.36,,,,,1,,,,0,check failed,"v2: 5,575,241.30 vs printed 6,048,615.90 (-473,374.60)"
2011,FY2011,LIBRARY,Police Gift Fund,70,,,835.22,,835.22,,,,2,,,,0,check failed,"v2: 5,575,241.30 vs printed 6,048,615.90 (-473,374.60)"
2011,FY2011,LIBRARY,Public Safety Gift Fund,70,,,446.47,,446.47,,,,2,,,,0,check failed,"v2: 5,575,241.30 vs printed 6,048,615.90 (-473,374.60)"
2011,FY2011,LIBRARY,Council on Aging Gift Fund,70,,,,5000.00,0.00,,,,2,,,,0,check failed,"v2: 5,575,241.30 vs printed 6,048,615.90 (-473,374.60)"
2011,FY2011,LIBRARY,MWPAT Septic Repair,70,,,4079.03,,4079.03,,,,2,,,,0,check failed,"v2: 5,575,241.30 vs printed 6,048,615.90 (-473,374.60)"
2011,FY2011,LIBRARY,WPAT Septic Receipts Reserved,70,,,,10872.00,90414.65,,,,2,,,,0,check failed,"v2: 5,575,241.30 vs printed 6,048,615.90 (-473,374.60)"
2011,FY2011,LIBRARY,E.O.C.D. Septic I Grant,70,,,,357.99,95793.91,,,,2,,,,0,check failed,"v2: 5,575,241.30 vs printed 6,048,615.90 (-473,374.60)"
2011,FY2011,LIBRARY,Water Enterprise Fund,70,,,,83114.44,12380.65,,,,2,,,,0,check failed,"v2: 5,575,241.30 vs printed 6,048,615.90 (-473,374.60)"
2011,FY2011,LIBRARY,Sewer Enterprise Fund,70,,,,429894.37,644021.97,,,,2,,,,0,check failed,"v2: 5,575,241.30 vs printed 6,048,615.90 (-473,374.60)"
2011,FY2011,LIBRARY,Sewer Betterment Fund,70,,,,802490.00,841028.03,,,,2,,,,0,check failed,"v2: 5,575,241.30 vs printed 6,048,615.90 (-473,374.60)"
2011,FY2011,LIBRARY,Public Health Emergency Prepared,70,,,,954.96,12295.09,,,,2,yes,,,0,check failed,"v2: 5,575,241.30 vs printed 6,048,615.90 (-473,374.60)"
2011,FY2011,LIBRARY,CDBG Sewer Hookup Grant,70,,,-15129.87,,-15129.87,,,,2,yes,,,0,check failed,"v2: 5,575,241.30 vs printed 6,048,615.90 (-473,374.60)"
2011,FY2011,LIBRARY,DEP Pay As You Throw Grant,70,,,4720.43,,4720.43,,,,2,,,,0,check failed,"v2: 5,575,241.30 vs printed 6,048,615.90 (-473,374.60)"
2011,FY2011,LIBRARY,Recycling Outreach Fund,70,,,,,3800.00,,,,1,,,,0,check failed,"v2: 5,575,241.30 vs printed 6,048,615.90 (-473,374.60)"
2011,FY2011,LIBRARY,Repayments Sewer Hookup,70,,,9222.00,,9222.00,,,,2,,,,0,check failed,"v2: 5,575,241.30 vs printed 6,048,615.90 (-473,374.60)"
2011,FY2011,LIBRARY,Solid Waste/Recycling Enterprise,70,,,,284922.68,0.00,,,,2,,,,0,check failed,"v2: 5,575,241.30 vs printed 6,048,615.90 (-473,374.60)"
2011,FY2011,LIBRARY,CVS Volunteer Challenge Grant,70,,,500.00,,500.00,,,,2,,,,0,check failed,"v2: 5,575,241.30 vs printed 6,048,615.90 (-473,374.60)"
2011,FY2011,LIBRARY,Fields Pond Foundation,70,,,1600.00,,1600.00,,,,2,,,,0,check failed,"v2: 5,575,241.30 vs printed 6,048,615.90 (-473,374.60)"
2011,FY2011,LIBRARY,March for Parks,70,,,1617.25,,1617.25,,,,2,,,,0,check failed,"v2: 5,575,241.30 vs printed 6,048,615.90 (-473,374.60)"
2011,FY2011,LIBRARY,Lake Shirley Low Impact Grant,70,,,,,-6012.00,,,,1,,,,0,check failed,"v2: 5,575,241.30 vs printed 6,048,615.90 (-473,374.60)"
2011,FY2011,LIBRARY,Skate Park Fund,70,,,197.00,,197.00,,,,2,,,,0,check failed,"v2: 5,575,241.30 vs printed 6,048,615.90 (-473,374.60)"
2011,FY2011,LIBRARY,Weights/Measures Citation Fund,70,,,,,325.00,,,,1,,,,0,check failed,"v2: 5,575,241.30 vs printed 6,048,615.90 (-473,374.60)"
2011,FY2011,LIBRARY,Marshall Park Restoration Fund,70,,,125.00,,125.00,,,,2,,,,0,check failed,"v2: 5,575,241.30 vs printed 6,048,615.90 (-473,374.60)"
2011,FY2011,LIBRARY,Comcast Technology Capital Grant,70,,,33796.01,,39796.01,,,,2,,,,0,check failed,"v2: 5,575,241.30 vs printed 6,048,615.90 (-473,374.60)"
2011,FY2011,LIBRARY,Sale of Real Estate Fund,70,,,71987.14,71987.14,0.00,,,,3,,one cell missing; derivable from the row itself,"v4 = 143,974.28, from this fund's own other three columns",0,check failed,"v2: 5,575,241.30 vs printed 6,048,615.90 (-473,374.60)"
2011,FY2011,LIBRARY,Aris Lottery Fund,70,,,,2575.00,4308.79,,,,2,,,,0,check failed,"v2: 5,575,241.30 vs printed 6,048,615.90 (-473,374.60)"
2011,FY2011,LIBRARY,L.E.A.P. Fund,70,,,,32577.77,210321.46,,,,2,,,,0,check failed,"v2: 5,575,241.30 vs printed 6,048,615.90 (-473,374.60)"
2011,FY2011,LIBRARY,Debris Removal Gift Fund,70,,,676.00,,676.00,,,,2,,,,0,check failed,"v2: 5,575,241.30 vs printed 6,048,615.90 (-473,374.60)"
2011,FY2011,LIBRARY,Citizens Relief Fund,70,,,200.00,,200.00,,,,2,,,,0,check failed,"v2: 5,575,241.30 vs printed 6,048,615.90 (-473,374.60)"
2011,FY2011,LIBRARY,Hollis Road Revolving,70,,,,2038.90,5509.97,,,,2,,,,0,check failed,"v2: 5,575,241.30 vs printed 6,048,615.90 (-473,374.60)"
2011,FY2011,LIBRARY,,70,,,67.00,,,,,,1,,,,0,check failed,"v2: 5,575,241.30 vs printed 6,048,615.90 (-473,374.60)"
2012,FY2012,,Regional Assessor Fund,66,,,30907.25,75000.00,75000.00,30907.25,,,4,,fund balances: forward + receipts - disbursements = carried forward,,0,check failed,"v1: 2,897,297.02 vs printed 2,766,954.67 (+130,342.35) ; v2: 5,968,636.29 vs printed 5,976,644.29 (-8,008.00) ; v3: 7,574,377.17 vs printed 6,680,977.17 (+893,400.00) ; v4: 2,148,303.14 vs printed 2,062,621.79 (+85,681.35)"
2012,FY2012,,Conservation Fund,66,,,319.59,,,319.59,,,2,,,,0,check failed,"v1: 2,897,297.02 vs printed 2,766,954.67 (+130,342.35) ; v2: 5,968,636.29 vs printed 5,976,644.29 (-8,008.00) ; v3: 7,574,377.17 vs printed 6,680,977.17 (+893,400.00) ; v4: 2,148,303.14 vs printed 2,062,621.79 (+85,681.35)"
2012,FY2012,,Conservation Consultant Revolving,66,,,120.50,,,120.50,,,2,,,,0,check failed,"v1: 2,897,297.02 vs printed 2,766,954.67 (+130,342.35) ; v2: 5,968,636.29 vs printed 5,976,644.29 (-8,008.00) ; v3: 7,574,377.17 vs printed 6,680,977.17 (+893,400.00) ; v4: 2,148,303.14 vs printed 2,062,621.79 (+85,681.35)"
2012,FY2012,,Zoning Board Consultant Revolving,66,,,10816.46,130.00,,10946.46,,,3,,one cell missing; derivable from the row itself,"v3 = 0.00, from this fund's own other three columns",0,check failed,"v1: 2,897,297.02 vs printed 2,766,954.67 (+130,342.35) ; v2: 5,968,636.29 vs printed 5,976,644.29 (-8,008.00) ; v3: 7,574,377.17 vs printed 6,680,977.17 (+893,400.00) ; v4: 2,148,303.14 vs printed 2,062,621.79 (+85,681.35)"
2012,FY2012,,Conservation Gift Fund-Cook Farm,66,,,148.00,,,148.00,,,2,,,,0,check failed,"v1: 2,897,297.02 vs printed 2,766,954.67 (+130,342.35) ; v2: 5,968,636.29 vs printed 5,976,644.29 (-8,008.00) ; v3: 7,574,377.17 vs printed 6,680,977.17 (+893,400.00) ; v4: 2,148,303.14 vs printed 2,062,621.79 (+85,681.35)"
2012,FY2012,,Town Records Gift Fund,66,,,252.35,,,252.35,,,2,,,,0,check failed,"v1: 2,897,297.02 vs printed 2,766,954.67 (+130,342.35) ; v2: 5,968,636.29 vs printed 5,976,644.29 (-8,008.00) ; v3: 7,574,377.17 vs printed 6,680,977.17 (+893,400.00) ; v4: 2,148,303.14 vs printed 2,062,621.79 (+85,681.35)"
2012,FY2012,,Scholarship Fund,66,,,217.99,,,217.99,,,2,,,,0,check failed,"v1: 2,897,297.02 vs printed 2,766,954.67 (+130,342.35) ; v2: 5,968,636.29 vs printed 5,976,644.29 (-8,008.00) ; v3: 7,574,377.17 vs printed 6,680,977.17 (+893,400.00) ; v4: 2,148,303.14 vs printed 2,062,621.79 (+85,681.35)"
2012,FY2012,,Sewer Gift Fund,66,,,387.09,,,387.09,,,2,,,,0,check failed,"v1: 2,897,297.02 vs printed 2,766,954.67 (+130,342.35) ; v2: 5,968,636.29 vs printed 5,976,644.29 (-8,008.00) ; v3: 7,574,377.17 vs printed 6,680,977.17 (+893,400.00) ; v4: 2,148,303.14 vs printed 2,062,621.79 (+85,681.35)"
2012,FY2012,,Insurance Recoveries,66,,,3530.29,959.64,870.60,3619.33,,,4,,fund balances: forward + receipts - disbursements = carried forward,,0,check failed,"v1: 2,897,297.02 vs printed 2,766,954.67 (+130,342.35) ; v2: 5,968,636.29 vs printed 5,976,644.29 (-8,008.00) ; v3: 7,574,377.17 vs printed 6,680,977.17 (+893,400.00) ; v4: 2,148,303.14 vs printed 2,062,621.79 (+85,681.35)"
2012,FY2012,,Household Hazardous Waste,66,,,768.76,,,768.76,,,2,,,,0,check failed,"v1: 2,897,297.02 vs printed 2,766,954.67 (+130,342.35) ; v2: 5,968,636.29 vs printed 5,976,644.29 (-8,008.00) ; v3: 7,574,377.17 vs printed 6,680,977.17 (+893,400.00) ; v4: 2,148,303.14 vs printed 2,062,621.79 (+85,681.35)"
2012,FY2012,SCHOOL DEPARTMENT,School Lunch,66,,,12200.75,495200.46,492631.21,14770.00,,,4,,fund balances: forward + receipts - disbursements = carried forward,,0,check failed,"v1: 2,897,297.02 vs printed 2,766,954.67 (+130,342.35) ; v2: 5,968,636.29 vs printed 5,976,644.29 (-8,008.00) ; v3: 7,574,377.17 vs printed 6,680,977.17 (+893,400.00) ; v4: 2,148,303.14 vs printed 2,062,621.79 (+85,681.35)"
2012,FY2012,SCHOOL DEPARTMENT,Title | #305,66,,,0.00,116289.00,116289.00,0.00,,,4,,fund balances: forward + receipts - disbursements = carried forward,,0,check failed,"v1: 2,897,297.02 vs printed 2,766,954.67 (+130,342.35) ; v2: 5,968,636.29 vs printed 5,976,644.29 (-8,008.00) ; v3: 7,574,377.17 vs printed 6,680,977.17 (+893,400.00) ; v4: 2,148,303.14 vs printed 2,062,621.79 (+85,681.35)"
2012,FY2012,SCHOOL DEPARTMENT,PL 94-142 #240,66,,,2240.48,350554.00,345623.56,7170.92,,,4,,fund balances: forward + receipts - disbursements = carried forward,,0,check failed,"v1: 2,897,297.02 vs printed 2,766,954.67 (+130,342.35) ; v2: 5,968,636.29 vs printed 5,976,644.29 (-8,008.00) ; v3: 7,574,377.17 vs printed 6,680,977.17 (+893,400.00) ; v4: 2,148,303.14 vs printed 2,062,621.79 (+85,681.35)"
2012,FY2012,SCHOOL DEPARTMENT,United Way Venture,66,,,40.42,,,40.42,,,2,,,,0,check failed,"v1: 2,897,297.02 vs printed 2,766,954.67 (+130,342.35) ; v2: 5,968,636.29 vs printed 5,976,644.29 (-8,008.00) ; v3: 7,574,377.17 vs printed 6,680,977.17 (+893,400.00) ; v4: 2,148,303.14 vs printed 2,062,621.79 (+85,681.35)"
2012,FY2012,SCHOOL DEPARTMENT,Recovery for Lost Books,66,,,5950.44,224.00,,6174.44,,,3,,one cell missing; derivable from the row itself,"v3 = 0.00, from this fund's own other three columns",0,check failed,"v1: 2,897,297.02 vs printed 2,766,954.67 (+130,342.35) ; v2: 5,968,636.29 vs printed 5,976,644.29 (-8,008.00) ; v3: 7,574,377.17 vs printed 6,680,977.17 (+893,400.00) ; v4: 2,148,303.14 vs printed 2,062,621.79 (+85,681.35)"
2012,FY2012,SCHOOL DEPARTMENT,Chapter 658 School Athletics,66,,,60647.26,100894.75,138375.04,23166.97,,,4,,fund balances: forward + receipts - disbursements = carried forward,,0,check failed,"v1: 2,897,297.02 vs printed 2,766,954.67 (+130,342.35) ; v2: 5,968,636.29 vs printed 5,976,644.29 (-8,008.00) ; v3: 7,574,377.17 vs printed 6,680,977.17 (+893,400.00) ; v4: 2,148,303.14 vs printed 2,062,621.79 (+85,681.35)"
2012,FY2012,SCHOOL DEPARTMENT,After School Activities,66,,,90617.14,202609.08,214395.29,78830.93,,,4,,fund balances: forward + receipts - disbursements = carried forward,,0,check failed,"v1: 2,897,297.02 vs printed 2,766,954.67 (+130,342.35) ; v2: 5,968,636.29 vs printed 5,976,644.29 (-8,008.00) ; v3: 7,574,377.17 vs printed 6,680,977.17 (+893,400.00) ; v4: 2,148,303.14 vs printed 2,062,621.79 (+85,681.35)"
2012,FY2012,SCHOOL DEPARTMENT,School Facilities Use,66,,,9277.00,13716.50,3015.01,19978.49,,,4,,fund balances: forward + receipts - disbursements = carried forward,,0,check failed,"v1: 2,897,297.02 vs printed 2,766,954.67 (+130,342.35) ; v2: 5,968,636.29 vs printed 5,976,644.29 (-8,008.00) ; v3: 7,574,377.17 vs printed 6,680,977.17 (+893,400.00) ; v4: 2,148,303.14 vs printed 2,062,621.79 (+85,681.35)"
2012,FY2012,SCHOOL DEPARTMENT,Non-Resident Tuition,66,,,,444282.58,436958.07,-125582.29,,,3,,one cell missing; derivable from the row itself,"v1 = -132,906.80, from this fund's own other three columns",0,check failed,"v1: 2,897,297.02 vs printed 2,766,954.67 (+130,342.35) ; v2: 5,968,636.29 vs printed 5,976,644.29 (-8,008.00) ; v3: 7,574,377.17 vs printed 6,680,977.17 (+893,400.00) ; v4: 2,148,303.14 vs printed 2,062,621.79 (+85,681.35)"
2012,FY2012,SCHOOL DEPARTMENT,Adult Education,66,,,1933.30,2600.00,186.69,4346.61,,,4,,fund balances: forward + receipts - disbursements = carried forward,,0,check failed,"v1: 2,897,297.02 vs printed 2,766,954.67 (+130,342.35) ; v2: 5,968,636.29 vs printed 5,976,644.29 (-8,008.00) ; v3: 7,574,377.17 vs printed 6,680,977.17 (+893,400.00) ; v4: 2,148,303.14 vs printed 2,062,621.79 (+85,681.35)"
2012,FY2012,SCHOOL DEPARTMENT,Summer School Program,66,,,-348.00,4120.00,3015.88,756.12,,,4,,fund balances: forward + receipts - disbursements = carried forward,,0,check failed,"v1: 2,897,297.02 vs printed 2,766,954.67 (+130,342.35) ; v2: 5,968,636.29 vs printed 5,976,644.29 (-8,008.00) ; v3: 7,574,377.17 vs printed 6,680,977.17 (+893,400.00) ; v4: 2,148,303.14 vs printed 2,062,621.79 (+85,681.35)"
2012,FY2012,SCHOOL DEPARTMENT,School Choice,66,,,191468.27,319057.00,375941.58,134583.69,,,4,,fund balances: forward + receipts - disbursements = carried forward,,0,check failed,"v1: 2,897,297.02 vs printed 2,766,954.67 (+130,342.35) ; v2: 5,968,636.29 vs printed 5,976,644.29 (-8,008.00) ; v3: 7,574,377.17 vs printed 6,680,977.17 (+893,400.00) ; v4: 2,148,303.14 vs printed 2,062,621.79 (+85,681.35)"
2012,FY2012,SCHOOL DEPARTMENT,School Gift Fund,66,,,40058.35,38590.28,30990.11,47658.52,,,4,,fund balances: forward + receipts - disbursements = carried forward,,0,check failed,"v1: 2,897,297.02 vs printed 2,766,954.67 (+130,342.35) ; v2: 5,968,636.29 vs printed 5,976,644.29 (-8,008.00) ; v3: 7,574,377.17 vs printed 6,680,977.17 (+893,400.00) ; v4: 2,148,303.14 vs printed 2,062,621.79 (+85,681.35)"
2012,FY2012,SCHOOL DEPARTMENT,Greenthumb Revolving,66,,,3198.69,1025.50,788.66,3435.53,,,4,,fund balances: forward + receipts - disbursements = carried forward,,0,check failed,"v1: 2,897,297.02 vs printed 2,766,954.67 (+130,342.35) ; v2: 5,968,636.29 vs printed 5,976,644.29 (-8,008.00) ; v3: 7,574,377.17 vs printed 6,680,977.17 (+893,400.00) ; v4: 2,148,303.14 vs printed 2,062,621.79 (+85,681.35)"
2012,FY2012,SCHOOL DEPARTMENT,Custodian Special Details,66,,,4961.16,10982.30,10462.21,5481.25,,,4,,fund balances: forward + receipts - disbursements = carried forward,,0,check failed,"v1: 2,897,297.02 vs printed 2,766,954.67 (+130,342.35) ; v2: 5,968,636.29 vs printed 5,976,644.29 (-8,008.00) ; v3: 7,574,377.17 vs printed 6,680,977.17 (+893,400.00) ; v4: 2,148,303.14 vs printed 2,062,621.79 (+85,681.35)"
2012,FY2012,SCHOOL DEPARTMENT,Tech Prep Consortium,66,,,1450.00,,,1450.00,,,2,,,,0,check failed,"v1: 2,897,297.02 vs printed 2,766,954.67 (+130,342.35) ; v2: 5,968,636.29 vs printed 5,976,644.29 (-8,008.00) ; v3: 7,574,377.17 vs printed 6,680,977.17 (+893,400.00) ; v4: 2,148,303.14 vs printed 2,062,621.79 (+85,681.35)"
2012,FY2012,SCHOOL DEPARTMENT,,66,,,63.00,,,,,,1,,,,0,check failed,"v1: 2,897,297.02 vs printed 2,766,954.67 (+130,342.35) ; v2: 5,968,636.29 vs printed 5,976,644.29 (-8,008.00) ; v3: 7,574,377.17 vs printed 6,680,977.17 (+893,400.00) ; v4: 2,148,303.14 vs printed 2,062,621.79 (+85,681.35)"
2012,FY2012,SCHOOL DEPARTMENT,BC/BS Healthy Choices,67,,,94.65,,,83400.00,,,2,,,,0,check failed,"v1: 2,897,297.02 vs printed 2,766,954.67 (+130,342.35) ; v2: 5,968,636.29 vs printed 5,976,644.29 (-8,008.00) ; v3: 7,574,377.17 vs printed 6,680,977.17 (+893,400.00) ; v4: 2,148,303.14 vs printed 2,062,621.79 (+85,681.35)"
2012,FY2012,SCHOOL DEPARTMENT,Teacher Quality,67,,,8894.23,31439.00,39929.99,403.24,,,4,,fund balances: forward + receipts - disbursements = carried forward,,0,check failed,"v1: 2,897,297.02 vs printed 2,766,954.67 (+130,342.35) ; v2: 5,968,636.29 vs printed 5,976,644.29 (-8,008.00) ; v3: 7,574,377.17 vs printed 6,680,977.17 (+893,400.00) ; v4: 2,148,303.14 vs printed 2,062,621.79 (+85,681.35)"
2012,FY2012,SCHOOL DEPARTMENT,Academic Support,67,,,0.00,11400.00,11400.00,0.00,,,4,,fund balances: forward + receipts - disbursements = carried forward,,0,check failed,"v1: 2,897,297.02 vs printed 2,766,954.67 (+130,342.35) ; v2: 5,968,636.29 vs printed 5,976,644.29 (-8,008.00) ; v3: 7,574,377.17 vs printed 6,680,977.17 (+893,400.00) ; v4: 2,148,303.14 vs printed 2,062,621.79 (+85,681.35)"
2012,FY2012,SCHOOL DEPARTMENT,50/50 Grant Sped Tuitions,67,,,35565.10,554839.00,567150.26,23253.84,,,4,,fund balances: forward + receipts - disbursements = carried forward,,0,check failed,"v1: 2,897,297.02 vs printed 2,766,954.67 (+130,342.35) ; v2: 5,968,636.29 vs printed 5,976,644.29 (-8,008.00) ; v3: 7,574,377.17 vs printed 6,680,977.17 (+893,400.00) ; v4: 2,148,303.14 vs printed 2,062,621.79 (+85,681.35)"
2012,FY2012,SCHOOL DEPARTMENT,Insurance Recoveries - School,67,,,2969.32,942.15,1454.12,2457.35,,,4,,fund balances: forward + receipts - disbursements = carried forward,,0,check failed,"v1: 2,897,297.02 vs printed 2,766,954.67 (+130,342.35) ; v2: 5,968,636.29 vs printed 5,976,644.29 (-8,008.00) ; v3: 7,574,377.17 vs printed 6,680,977.17 (+893,400.00) ; v4: 2,148,303.14 vs printed 2,062,621.79 (+85,681.35)"
2012,FY2012,SCHOOL DEPARTMENT,Extended Day Revolving Fund,67,,,26139.45,171555.79,157905.18,39790.06,,,4,,fund balances: forward + receipts - disbursements = carried forward,,0,check failed,"v1: 2,897,297.02 vs printed 2,766,954.67 (+130,342.35) ; v2: 5,968,636.29 vs printed 5,976,644.29 (-8,008.00) ; v3: 7,574,377.17 vs printed 6,680,977.17 (+893,400.00) ; v4: 2,148,303.14 vs printed 2,062,621.79 (+85,681.35)"
2012,FY2012,SCHOOL DEPARTMENT,N.E. Dairy & Food Private Grant,67,,,1262.23,3490.00,2601.61,2150.62,,,4,,fund balances: forward + receipts - disbursements = carried forward,,0,check failed,"v1: 2,897,297.02 vs printed 2,766,954.67 (+130,342.35) ; v2: 5,968,636.29 vs printed 5,976,644.29 (-8,008.00) ; v3: 7,574,377.17 vs printed 6,680,977.17 (+893,400.00) ; v4: 2,148,303.14 vs printed 2,062,621.79 (+85,681.35)"
2012,FY2012,SCHOOL DEPARTMENT,Vending Machine Revolving,67,,,1954.71,,,1954.71,,,2,,,,0,check failed,"v1: 2,897,297.02 vs printed 2,766,954.67 (+130,342.35) ; v2: 5,968,636.29 vs printed 5,976,644.29 (-8,008.00) ; v3: 7,574,377.17 vs printed 6,680,977.17 (+893,400.00) ; v4: 2,148,303.14 vs printed 2,062,621.79 (+85,681.35)"
2012,FY2012,SCHOOL DEPARTMENT,Monbouquette Award,67,,,3.81,,,3.81,,,2,,,,0,check failed,"v1: 2,897,297.02 vs printed 2,766,954.67 (+130,342.35) ; v2: 5,968,636.29 vs printed 5,976,644.29 (-8,008.00) ; v3: 7,574,377.17 vs printed 6,680,977.17 (+893,400.00) ; v4: 2,148,303.14 vs printed 2,062,621.79 (+85,681.35)"
2012,FY2012,SCHOOL DEPARTMENT,New Technology Grant,67,,,2017.56,,2017.56,0.00,,,3,,one cell missing; derivable from the row itself,"v2 = 0.00, from this fund's own other three columns",0,check failed,"v1: 2,897,297.02 vs printed 2,766,954.67 (+130,342.35) ; v2: 5,968,636.29 vs printed 5,976,644.29 (-8,008.00) ; v3: 7,574,377.17 vs printed 6,680,977.17 (+893,400.00) ; v4: 2,148,303.14 vs printed 2,062,621.79 (+85,681.35)"
2012,FY2012,SCHOOL DEPARTMENT,Tufts University Heat Grant,67,,,113.45,,,113.45,,,2,,,,0,check failed,"v1: 2,897,297.02 vs printed 2,766,954.67 (+130,342.35) ; v2: 5,968,636.29 vs printed 5,976,644.29 (-8,008.00) ; v3: 7,574,377.17 vs printed 6,680,977.17 (+893,400.00) ; v4: 2,148,303.14 vs printed 2,062,621.79 (+85,681.35)"
2012,FY2012,SCHOOL DEPARTMENT,Underground Storage Tank Grant,67,,,1500.00,,,1500.00,,,2,,,,0,check failed,"v1: 2,897,297.02 vs printed 2,766,954.67 (+130,342.35) ; v2: 5,968,636.29 vs printed 5,976,644.29 (-8,008.00) ; v3: 7,574,377.17 vs printed 6,680,977.17 (+893,400.00) ; v4: 2,148,303.14 vs printed 2,062,621.79 (+85,681.35)"
2012,FY2012,SCHOOL DEPARTMENT,ASOST Quality #530,67,,,440.00,,440.00,0.00,,,3,,one cell missing; derivable from the row itself,"v2 = 0.00, from this fund's own other three columns",0,check failed,"v1: 2,897,297.02 vs printed 2,766,954.67 (+130,342.35) ; v2: 5,968,636.29 vs printed 5,976,644.29 (-8,008.00) ; v3: 7,574,377.17 vs printed 6,680,977.17 (+893,400.00) ; v4: 2,148,303.14 vs printed 2,062,621.79 (+85,681.35)"
2012,FY2012,SCHOOL DEPARTMENT,Hach Scientific Foundation Grant,67,,,90.61,,,90.61,,,2,,,,0,check failed,"v1: 2,897,297.02 vs printed 2,766,954.67 (+130,342.35) ; v2: 5,968,636.29 vs printed 5,976,644.29 (-8,008.00) ; v3: 7,574,377.17 vs printed 6,680,977.17 (+893,400.00) ; v4: 2,148,303.14 vs printed 2,062,621.79 (+85,681.35)"
2012,FY2012,SCHOOL DEPARTMENT,Family Network Gift Fund,67,,,4804.76,763.21,1001.23,4566.74,,,4,,fund balances: forward + receipts - disbursements = carried forward,,0,check failed,"v1: 2,897,297.02 vs printed 2,766,954.67 (+130,342.35) ; v2: 5,968,636.29 vs printed 5,976,644.29 (-8,008.00) ; v3: 7,574,377.17 vs printed 6,680,977.17 (+893,400.00) ; v4: 2,148,303.14 vs printed 2,062,621.79 (+85,681.35)"
2012,FY2012,SCHOOL DEPARTMENT,Kindergarten Curriculum Development,67,,,2810.48,,2810.48,0.00,,,3,,one cell missing; derivable from the row itself,"v2 = 0.00, from this fund's own other three columns",0,check failed,"v1: 2,897,297.02 vs printed 2,766,954.67 (+130,342.35) ; v2: 5,968,636.29 vs printed 5,976,644.29 (-8,008.00) ; v3: 7,574,377.17 vs printed 6,680,977.17 (+893,400.00) ; v4: 2,148,303.14 vs printed 2,062,621.79 (+85,681.35)"
2012,FY2012,SCHOOL DEPARTMENT,Idea Stimulus Program,67,,,41.27,,41.27,0.00,,,3,,one cell missing; derivable from the row itself,"v2 = 0.00, from this fund's own other three columns",0,check failed,"v1: 2,897,297.02 vs printed 2,766,954.67 (+130,342.35) ; v2: 5,968,636.29 vs printed 5,976,644.29 (-8,008.00) ; v3: 7,574,377.17 vs printed 6,680,977.17 (+893,400.00) ; v4: 2,148,303.14 vs printed 2,062,621.79 (+85,681.35)"
2012,FY2012,SCHOOL DEPARTMENT,Family & Community,67,,,328.28,33870.00,34090.15,108.13,,,4,,fund balances: forward + receipts - disbursements = carried forward,,0,check failed,"v1: 2,897,297.02 vs printed 2,766,954.67 (+130,342.35) ; v2: 5,968,636.29 vs printed 5,976,644.29 (-8,008.00) ; v3: 7,574,377.17 vs printed 6,680,977.17 (+893,400.00) ; v4: 2,148,303.14 vs printed 2,062,621.79 (+85,681.35)"
2012,FY2012,SCHOOL DEPARTMENT,Race to the Top,67,,,405.00,18745.00,5425.00,13725.00,,,4,,fund balances: forward + receipts - disbursements = carried forward,,0,check failed,"v1: 2,897,297.02 vs printed 2,766,954.67 (+130,342.35) ; v2: 5,968,636.29 vs printed 5,976,644.29 (-8,008.00) ; v3: 7,574,377.17 vs printed 6,680,977.17 (+893,400.00) ; v4: 2,148,303.14 vs printed 2,062,621.79 (+85,681.35)"
2012,FY2012,SCHOOL DEPARTMENT,Community Service Learn #355,67,,,1000.00,,1000.00,0.00,,,3,,one cell missing; derivable from the row itself,"v2 = 0.00, from this fund's own other three columns",0,check failed,"v1: 2,897,297.02 vs printed 2,766,954.67 (+130,342.35) ; v2: 5,968,636.29 vs printed 5,976,644.29 (-8,008.00) ; v3: 7,574,377.17 vs printed 6,680,977.17 (+893,400.00) ; v4: 2,148,303.14 vs printed 2,062,621.79 (+85,681.35)"
2012,FY2012,SCHOOL DEPARTMENT,EECG Energy Efficiency Grant,67,,,75288.64,75008.52,150000.00,297.16,,,4,,fund balances: forward + receipts - disbursements = carried forward,,0,check failed,"v1: 2,897,297.02 vs printed 2,766,954.67 (+130,342.35) ; v2: 5,968,636.29 vs printed 5,976,644.29 (-8,008.00) ; v3: 7,574,377.17 vs printed 6,680,977.17 (+893,400.00) ; v4: 2,148,303.14 vs printed 2,062,621.79 (+85,681.35)"
2012,FY2012,SCHOOL DEPARTMENT,Cooperative Services Plan Grant,67,,,0.00,29857.00,9437.10,20419.90,,,4,,fund balances: forward + receipts - disbursements = carried forward,,0,check failed,"v1: 2,897,297.02 vs printed 2,766,954.67 (+130,342.35) ; v2: 5,968,636.29 vs printed 5,976,644.29 (-8,008.00) ; v3: 7,574,377.17 vs printed 6,680,977.17 (+893,400.00) ; v4: 2,148,303.14 vs printed 2,062,621.79 (+85,681.35)"
2012,FY2012,SCHOOL DEPARTMENT,Full Day Kindergarten Grant,67,,,0.00,39382.00,37912.00,1470.00,,,4,,fund balances: forward + receipts - disbursements = carried forward,,0,check failed,"v1: 2,897,297.02 vs printed 2,766,954.67 (+130,342.35) ; v2: 5,968,636.29 vs printed 5,976,644.29 (-8,008.00) ; v3: 7,574,377.17 vs printed 6,680,977.17 (+893,400.00) ; v4: 2,148,303.14 vs printed 2,062,621.79 (+85,681.35)"
2012,FY2012,SCHOOL DEPARTMENT,Education Jobs Grant,67,yes,,0.00,299425.00,299425.00,0.00,,,4,,fund balances: forward + receipts - disbursements = carried forward,,0,check failed,"v1: 2,897,297.02 vs printed 2,766,954.67 (+130,342.35) ; v2: 5,968,636.29 vs printed 5,976,644.29 (-8,008.00) ; v3: 7,574,377.17 vs printed 6,680,977.17 (+893,400.00) ; v4: 2,148,303.14 vs printed 2,062,621.79 (+85,681.35)"
2012,FY2012,SCHOOL DEPARTMENT,Regional Dissemination Grant,67,,,0.00,26240.00,15560.90,10679.10,,,4,,fund balances: forward + receipts - disbursements = carried forward,,0,check failed,"v1: 2,897,297.02 vs printed 2,766,954.67 (+130,342.35) ; v2: 5,968,636.29 vs printed 5,976,644.29 (-8,008.00) ; v3: 7,574,377.17 vs printed 6,680,977.17 (+893,400.00) ; v4: 2,148,303.14 vs printed 2,062,621.79 (+85,681.35)"
2012,FY2012,SCHOOL DEPARTMENT,Sped Program Improvement Grant,67,,,0.00,18245.00,17931.00,314.00,,,4,,fund balances: forward + receipts - disbursements = carried forward,,0,check failed,"v1: 2,897,297.02 vs printed 2,766,954.67 (+130,342.35) ; v2: 5,968,636.29 vs printed 5,976,644.29 (-8,008.00) ; v3: 7,574,377.17 vs printed 6,680,977.17 (+893,400.00) ; v4: 2,148,303.14 vs printed 2,062,621.79 (+85,681.35)"
2012,FY2012,SCHOOL DEPARTMENT,Sped Early Childhood Grant,67,yes,,0.00,11975.00,11975.00,0.00,,,4,,fund balances: forward + receipts - disbursements = carried forward,,0,check failed,"v1: 2,897,297.02 vs printed 2,766,954.67 (+130,342.35) ; v2: 5,968,636.29 vs printed 5,976,644.29 (-8,008.00) ; v3: 7,574,377.17 vs printed 6,680,977.17 (+893,400.00) ; v4: 2,148,303.14 vs printed 2,062,621.79 (+85,681.35)"
2012,FY2012,SCHOOL DEPARTMENT,,67,,,64.00,,,,,,1,,,,0,check failed,"v1: 2,897,297.02 vs printed 2,766,954.67 (+130,342.35) ; v2: 5,968,636.29 vs printed 5,976,644.29 (-8,008.00) ; v3: 7,574,377.17 vs printed 6,680,977.17 (+893,400.00) ; v4: 2,148,303.14 vs printed 2,062,621.79 (+85,681.35)"
2012,FY2012,SCHOOL DEPARTMENT,Insurance Recoveries - Police,68,,,-500.00,11234.29,5742.66,4991.63,,,4,,fund balances: forward + receipts - disbursements = carried forward,,0,check failed,"v1: 2,897,297.02 vs printed 2,766,954.67 (+130,342.35) ; v2: 5,968,636.29 vs printed 5,976,644.29 (-8,008.00) ; v3: 7,574,377.17 vs printed 6,680,977.17 (+893,400.00) ; v4: 2,148,303.14 vs printed 2,062,621.79 (+85,681.35)"
2012,FY2012,SCHOOL DEPARTMENT,Community Policing FY 96,68,,,6.55,,,6.55,,,2,,,,0,check failed,"v1: 2,897,297.02 vs printed 2,766,954.67 (+130,342.35) ; v2: 5,968,636.29 vs printed 5,976,644.29 (-8,008.00) ; v3: 7,574,377.17 vs printed 6,680,977.17 (+893,400.00) ; v4: 2,148,303.14 vs printed 2,062,621.79 (+85,681.35)"
2012,FY2012,SCHOOL DEPARTMENT,Community Policing FY 97,68,,,1.97,,,1.97,,,2,,,,0,check failed,"v1: 2,897,297.02 vs printed 2,766,954.67 (+130,342.35) ; v2: 5,968,636.29 vs printed 5,976,644.29 (-8,008.00) ; v3: 7,574,377.17 vs printed 6,680,977.17 (+893,400.00) ; v4: 2,148,303.14 vs printed 2,062,621.79 (+85,681.35)"
2012,FY2012,SCHOOL DEPARTMENT,Community Policing FY 98,68,,,0.66,,,0.66,,,2,,,,0,check failed,"v1: 2,897,297.02 vs printed 2,766,954.67 (+130,342.35) ; v2: 5,968,636.29 vs printed 5,976,644.29 (-8,008.00) ; v3: 7,574,377.17 vs printed 6,680,977.17 (+893,400.00) ; v4: 2,148,303.14 vs printed 2,062,621.79 (+85,681.35)"
2012,FY2012,SCHOOL DEPARTMENT,Drug Forfeiture,68,,,21605.53,1450.00,3583.50,19472.03,,,4,,fund balances: forward + receipts - disbursements = carried forward,,0,check failed,"v1: 2,897,297.02 vs printed 2,766,954.67 (+130,342.35) ; v2: 5,968,636.29 vs printed 5,976,644.29 (-8,008.00) ; v3: 7,574,377.17 vs printed 6,680,977.17 (+893,400.00) ; v4: 2,148,303.14 vs printed 2,062,621.79 (+85,681.35)"
2012,FY2012,SCHOOL DEPARTMENT,D.A.R.E. Grant FY 97,68,,,34.85,,,34.85,,,2,,,,0,check failed,"v1: 2,897,297.02 vs printed 2,766,954.67 (+130,342.35) ; v2: 5,968,636.29 vs printed 5,976,644.29 (-8,008.00) ; v3: 7,574,377.17 vs printed 6,680,977.17 (+893,400.00) ; v4: 2,148,303.14 vs printed 2,062,621.79 (+85,681.35)"
2012,FY2012,SCHOOL DEPARTMENT,D.A.R.E. I Grant FY 97,68,,,0.25,,,0.25,,,2,,,,0,check failed,"v1: 2,897,297.02 vs printed 2,766,954.67 (+130,342.35) ; v2: 5,968,636.29 vs printed 5,976,644.29 (-8,008.00) ; v3: 7,574,377.17 vs printed 6,680,977.17 (+893,400.00) ; v4: 2,148,303.14 vs printed 2,062,621.79 (+85,681.35)"
2012,FY2012,SCHOOL DEPARTMENT,Community Policing,68,,,2291.12,,,2291.12,,,2,,,,0,check failed,"v1: 2,897,297.02 vs printed 2,766,954.67 (+130,342.35) ; v2: 5,968,636.29 vs printed 5,976,644.29 (-8,008.00) ; v3: 7,574,377.17 vs printed 6,680,977.17 (+893,400.00) ; v4: 2,148,303.14 vs printed 2,062,621.79 (+85,681.35)"
2012,FY2012,SCHOOL DEPARTMENT,Cops Universal Hiring,68,,,1289.84,,,1289.84,,,2,,,,0,check failed,"v1: 2,897,297.02 vs printed 2,766,954.67 (+130,342.35) ; v2: 5,968,636.29 vs printed 5,976,644.29 (-8,008.00) ; v3: 7,574,377.17 vs printed 6,680,977.17 (+893,400.00) ; v4: 2,148,303.14 vs printed 2,062,621.79 (+85,681.35)"
2012,FY2012,SCHOOL DEPARTMENT,Underage Alcohol Enforcement Grant,68,,,-56.19,,,-56.19,,,2,,,,0,check failed,"v1: 2,897,297.02 vs printed 2,766,954.67 (+130,342.35) ; v2: 5,968,636.29 vs printed 5,976,644.29 (-8,008.00) ; v3: 7,574,377.17 vs printed 6,680,977.17 (+893,400.00) ; v4: 2,148,303.14 vs printed 2,062,621.79 (+85,681.35)"
2012,FY2012,SCHOOL DEPARTMENT,EOPS Vest Reimbursement,68,,,1862.50,9450.00,9450.00,1862.50,,,4,,fund balances: forward + receipts - disbursements = carried forward,,0,check failed,"v1: 2,897,297.02 vs printed 2,766,954.67 (+130,342.35) ; v2: 5,968,636.29 vs printed 5,976,644.29 (-8,008.00) ; v3: 7,574,377.17 vs printed 6,680,977.17 (+893,400.00) ; v4: 2,148,303.14 vs printed 2,062,621.79 (+85,681.35)"
2012,FY2012,SCHOOL DEPARTMENT,NWC Drug Task Force Grant,68,,,-323.52,,,-323.52,,,2,,,,0,check failed,"v1: 2,897,297.02 vs printed 2,766,954.67 (+130,342.35) ; v2: 5,968,636.29 vs printed 5,976,644.29 (-8,008.00) ; v3: 7,574,377.17 vs printed 6,680,977.17 (+893,400.00) ; v4: 2,148,303.14 vs printed 2,062,621.79 (+85,681.35)"
2012,FY2012,SCHOOL DEPARTMENT,Protective Order Grant Program,68,,,135.15,,,135.15,,,2,,,,0,check failed,"v1: 2,897,297.02 vs printed 2,766,954.67 (+130,342.35) ; v2: 5,968,636.29 vs printed 5,976,644.29 (-8,008.00) ; v3: 7,574,377.17 vs printed 6,680,977.17 (+893,400.00) ; v4: 2,148,303.14 vs printed 2,062,621.79 (+85,681.35)"
2012,FY2012,SCHOOL DEPARTMENT,Walmart Grant - Police Dept.,68,,,1000.00,,,1000.00,,,2,,,,0,check failed,"v1: 2,897,297.02 vs printed 2,766,954.67 (+130,342.35) ; v2: 5,968,636.29 vs printed 5,976,644.29 (-8,008.00) ; v3: 7,574,377.17 vs printed 6,680,977.17 (+893,400.00) ; v4: 2,148,303.14 vs printed 2,062,621.79 (+85,681.35)"
2012,FY2012,SCHOOL DEPARTMENT,Firefighter PS Equipment Grant,68,,,30.00,,,30.00,,,2,,,,0,check failed,"v1: 2,897,297.02 vs printed 2,766,954.67 (+130,342.35) ; v2: 5,968,636.29 vs printed 5,976,644.29 (-8,008.00) ; v3: 7,574,377.17 vs printed 6,680,977.17 (+893,400.00) ; v4: 2,148,303.14 vs printed 2,062,621.79 (+85,681.35)"
2012,FY2012,SCHOOL DEPARTMENT,Firefighter Safety Equipment Grant,68,,,9.84,,,9.84,,,2,,,,0,check failed,"v1: 2,897,297.02 vs printed 2,766,954.67 (+130,342.35) ; v2: 5,968,636.29 vs printed 5,976,644.29 (-8,008.00) ; v3: 7,574,377.17 vs printed 6,680,977.17 (+893,400.00) ; v4: 2,148,303.14 vs printed 2,062,621.79 (+85,681.35)"
2012,FY2012,SCHOOL DEPARTMENT,State 911 Grant - Fire Dept,68,,,,28275.24,30989.50,-4018.50,,,3,,one cell missing; derivable from the row itself,"v1 = -1,304.24, from this fund's own other three columns",0,check failed,"v1: 2,897,297.02 vs printed 2,766,954.67 (+130,342.35) ; v2: 5,968,636.29 vs printed 5,976,644.29 (-8,008.00) ; v3: 7,574,377.17 vs printed 6,680,977.17 (+893,400.00) ; v4: 2,148,303.14 vs printed 2,062,621.79 (+85,681.35)"
2012,FY2012,SCHOOL DEPARTMENT,Police/Fire Special Details,68,,,9476.23,114414.41,110183.66,13706.98,,,4,,fund balances: forward + receipts - disbursements = carried forward,,0,check failed,"v1: 2,897,297.02 vs printed 2,766,954.67 (+130,342.35) ; v2: 5,968,636.29 vs printed 5,976,644.29 (-8,008.00) ; v3: 7,574,377.17 vs printed 6,680,977.17 (+893,400.00) ; v4: 2,148,303.14 vs printed 2,062,621.79 (+85,681.35)"
2012,FY2012,SCHOOL DEPARTMENT,Coastal/Patriot Ambulance Revolving,68,,,579.06,40899.19,40899.19,579.06,,,4,,fund balances: forward + receipts - disbursements = carried forward,,0,check failed,"v1: 2,897,297.02 vs printed 2,766,954.67 (+130,342.35) ; v2: 5,968,636.29 vs printed 5,976,644.29 (-8,008.00) ; v3: 7,574,377.17 vs printed 6,680,977.17 (+893,400.00) ; v4: 2,148,303.14 vs printed 2,062,621.79 (+85,681.35)"
2012,FY2012,SCHOOL DEPARTMENT,Firefighter Equipment Grant - FY05,68,,,419.60,,,419.60,,,2,,,,0,check failed,"v1: 2,897,297.02 vs printed 2,766,954.67 (+130,342.35) ; v2: 5,968,636.29 vs printed 5,976,644.29 (-8,008.00) ; v3: 7,574,377.17 vs printed 6,680,977.17 (+893,400.00) ; v4: 2,148,303.14 vs printed 2,062,621.79 (+85,681.35)"
2012,FY2012,SCHOOL DEPARTMENT,Confined Space Training,68,,,1956.77,,,1956.77,,,2,,,,0,check failed,"v1: 2,897,297.02 vs printed 2,766,954.67 (+130,342.35) ; v2: 5,968,636.29 vs printed 5,976,644.29 (-8,008.00) ; v3: 7,574,377.17 vs printed 6,680,977.17 (+893,400.00) ; v4: 2,148,303.14 vs printed 2,062,621.79 (+85,681.35)"
2012,FY2012,SCHOOL DEPARTMENT,Police NRA Foundation Grant,68,,,0.10,,,0.10,,,2,,,,0,check failed,"v1: 2,897,297.02 vs printed 2,766,954.67 (+130,342.35) ; v2: 5,968,636.29 vs printed 5,976,644.29 (-8,008.00) ; v3: 7,574,377.17 vs printed 6,680,977.17 (+893,400.00) ; v4: 2,148,303.14 vs printed 2,062,621.79 (+85,681.35)"
2012,FY2012,SCHOOL DEPARTMENT,COPS Secure Our Schools,68,,,0.82,,,0.82,,,2,,,,0,check failed,"v1: 2,897,297.02 vs printed 2,766,954.67 (+130,342.35) ; v2: 5,968,636.29 vs printed 5,976,644.29 (-8,008.00) ; v3: 7,574,377.17 vs printed 6,680,977.17 (+893,400.00) ; v4: 2,148,303.14 vs printed 2,062,621.79 (+85,681.35)"
2012,FY2012,SCHOOL DEPARTMENT,GHSB Click It Or Ticket,68,,,,2399.78,1313.06,22.22,,,3,,one cell missing; derivable from the row itself,"v1 = -1,064.50, from this fund's own other three columns",0,check failed,"v1: 2,897,297.02 vs printed 2,766,954.67 (+130,342.35) ; v2: 5,968,636.29 vs printed 5,976,644.29 (-8,008.00) ; v3: 7,574,377.17 vs printed 6,680,977.17 (+893,400.00) ; v4: 2,148,303.14 vs printed 2,062,621.79 (+85,681.35)"
2012,FY2012,SCHOOL DEPARTMENT,EMPG Grant,68,,,0.00,3983.99,3983.98,0.01,,,4,,fund balances: forward + receipts - disbursements = carried forward,,0,check failed,"v1: 2,897,297.02 vs printed 2,766,954.67 (+130,342.35) ; v2: 5,968,636.29 vs printed 5,976,644.29 (-8,008.00) ; v3: 7,574,377.17 vs printed 6,680,977.17 (+893,400.00) ; v4: 2,148,303.14 vs printed 2,062,621.79 (+85,681.35)"
2012,FY2012,PARKS & RECREATION,Park User Fees,68,,,10019.25,22379.73,21745.29,10653.69,,,4,,fund balances: forward + receipts - disbursements = carried forward,,0,check failed,"v1: 2,897,297.02 vs printed 2,766,954.67 (+130,342.35) ; v2: 5,968,636.29 vs printed 5,976,644.29 (-8,008.00) ; v3: 7,574,377.17 vs printed 6,680,977.17 (+893,400.00) ; v4: 2,148,303.14 vs printed 2,062,621.79 (+85,681.35)"
2012,FY2012,PARKS & RECREATION,,68,,,65.00,,,,,,1,,,,0,check failed,"v1: 2,897,297.02 vs printed 2,766,954.67 (+130,342.35) ; v2: 5,968,636.29 vs printed 5,976,644.29 (-8,008.00) ; v3: 7,574,377.17 vs printed 6,680,977.17 (+893,400.00) ; v4: 2,148,303.14 vs printed 2,062,621.79 (+85,681.35)"
2012,FY2012,PARKS & RECREATION,,69,,,,20490.46,921149.00,1857.65,,,3,,one cell missing; derivable from the row itself,"v1 = 902,516.19, from this fund's own other three columns",0,check failed,"v1: 2,897,297.02 vs printed 2,766,954.67 (+130,342.35) ; v2: 5,968,636.29 vs printed 5,976,644.29 (-8,008.00) ; v3: 7,574,377.17 vs printed 6,680,977.17 (+893,400.00) ; v4: 2,148,303.14 vs printed 2,062,621.79 (+85,681.35)"
2012,FY2012,HIGHWAY DEPT.,Chapter 90,69,,,21380.68,474630.12,474622.81,,,,3,,one cell missing; derivable from the row itself,"v4 = 21,387.99, from this fund's own other three columns",0,check failed,"v1: 2,897,297.02 vs printed 2,766,954.67 (+130,342.35) ; v2: 5,968,636.29 vs printed 5,976,644.29 (-8,008.00) ; v3: 7,574,377.17 vs printed 6,680,977.17 (+893,400.00) ; v4: 2,148,303.14 vs printed 2,062,621.79 (+85,681.35)"
2012,FY2012,HIGHWAY DEPT.,,69,,,,,,21387.99,,,1,,,,0,check failed,"v1: 2,897,297.02 vs printed 2,766,954.67 (+130,342.35) ; v2: 5,968,636.29 vs printed 5,976,644.29 (-8,008.00) ; v3: 7,574,377.17 vs printed 6,680,977.17 (+893,400.00) ; v4: 2,148,303.14 vs printed 2,062,621.79 (+85,681.35)"
2012,FY2012,HIGHWAY DEPT.,Chapter 204/Acts of 1996,69,,,0.11,,,0.11,,,2,,,,0,check failed,"v1: 2,897,297.02 vs printed 2,766,954.67 (+130,342.35) ; v2: 5,968,636.29 vs printed 5,976,644.29 (-8,008.00) ; v3: 7,574,377.17 vs printed 6,680,977.17 (+893,400.00) ; v4: 2,148,303.14 vs printed 2,062,621.79 (+85,681.35)"
2012,FY2012,COUNCIL ON AGING,C.O.A./M.A.R.T. Revolving,69,,,-7742.70,42007.19,41081.66,-6817.17,,,4,,fund balances: forward + receipts - disbursements = carried forward,,0,check failed,"v1: 2,897,297.02 vs printed 2,766,954.67 (+130,342.35) ; v2: 5,968,636.29 vs printed 5,976,644.29 (-8,008.00) ; v3: 7,574,377.17 vs printed 6,680,977.17 (+893,400.00) ; v4: 2,148,303.14 vs printed 2,062,621.79 (+85,681.35)"
2012,FY2012,COUNCIL ON AGING,C.O.A. Formula Grant,69,,,85.38,13163.00,,,,,2,,,,0,check failed,"v1: 2,897,297.02 vs printed 2,766,954.67 (+130,342.35) ; v2: 5,968,636.29 vs printed 5,976,644.29 (-8,008.00) ; v3: 7,574,377.17 vs printed 6,680,977.17 (+893,400.00) ; v4: 2,148,303.14 vs printed 2,062,621.79 (+85,681.35)"
2012,FY2012,COUNCIL ON AGING,,69,,,,,13248.38,0.00,,,2,,,,0,check failed,"v1: 2,897,297.02 vs printed 2,766,954.67 (+130,342.35) ; v2: 5,968,636.29 vs printed 5,976,644.29 (-8,008.00) ; v3: 7,574,377.17 vs printed 6,680,977.17 (+893,400.00) ; v4: 2,148,303.14 vs printed 2,062,621.79 (+85,681.35)"
2012,FY2012,COUNCIL ON AGING,E.O.C.D. Senior Center Grant,69,,,1680.21,,,1680.21,,,2,,,,0,check failed,"v1: 2,897,297.02 vs printed 2,766,954.67 (+130,342.35) ; v2: 5,968,636.29 vs printed 5,976,644.29 (-8,008.00) ; v3: 7,574,377.17 vs printed 6,680,977.17 (+893,400.00) ; v4: 2,148,303.14 vs printed 2,062,621.79 (+85,681.35)"
2012,FY2012,COUNCIL ON AGING,Venture Grant - Are You OK,69,,,24.00,,,2400.00,,,2,,,,0,check failed,"v1: 2,897,297.02 vs printed 2,766,954.67 (+130,342.35) ; v2: 5,968,636.29 vs printed 5,976,644.29 (-8,008.00) ; v3: 7,574,377.17 vs printed 6,680,977.17 (+893,400.00) ; v4: 2,148,303.14 vs printed 2,062,621.79 (+85,681.35)"
2012,FY2012,LIBRARY,State Aid-Libraries,69,,,32457.84,12562.49,7335.04,,,,3,,one cell missing; derivable from the row itself,"v4 = 37,685.29, from this fund's own other three columns",0,check failed,"v1: 2,897,297.02 vs printed 2,766,954.67 (+130,342.35) ; v2: 5,968,636.29 vs printed 5,976,644.29 (-8,008.00) ; v3: 7,574,377.17 vs printed 6,680,977.17 (+893,400.00) ; v4: 2,148,303.14 vs printed 2,062,621.79 (+85,681.35)"
2012,FY2012,LIBRARY,,69,,,,,,37685.29,,,1,,,,0,check failed,"v1: 2,897,297.02 vs printed 2,766,954.67 (+130,342.35) ; v2: 5,968,636.29 vs printed 5,976,644.29 (-8,008.00) ; v3: 7,574,377.17 vs printed 6,680,977.17 (+893,400.00) ; v4: 2,148,303.14 vs printed 2,062,621.79 (+85,681.35)"
2012,FY2012,LIBRARY,Library Gift Fund,69,,,11591.47,1015.00,,,,,2,,,,0,check failed,"v1: 2,897,297.02 vs printed 2,766,954.67 (+130,342.35) ; v2: 5,968,636.29 vs printed 5,976,644.29 (-8,008.00) ; v3: 7,574,377.17 vs printed 6,680,977.17 (+893,400.00) ; v4: 2,148,303.14 vs printed 2,062,621.79 (+85,681.35)"
2012,FY2012,LIBRARY,,69,,,,,,12606.47,,,1,,,,0,check failed,"v1: 2,897,297.02 vs printed 2,766,954.67 (+130,342.35) ; v2: 5,968,636.29 vs printed 5,976,644.29 (-8,008.00) ; v3: 7,574,377.17 vs printed 6,680,977.17 (+893,400.00) ; v4: 2,148,303.14 vs printed 2,062,621.79 (+85,681.35)"
2012,FY2012,LIBRARY,Library Revolving Fund,69,,,4791.74,8315.54,11436.86,1670.42,,,4,,fund balances: forward + receipts - disbursements = carried forward,,0,check failed,"v1: 2,897,297.02 vs printed 2,766,954.67 (+130,342.35) ; v2: 5,968,636.29 vs printed 5,976,644.29 (-8,008.00) ; v3: 7,574,377.17 vs printed 6,680,977.17 (+893,400.00) ; v4: 2,148,303.14 vs printed 2,062,621.79 (+85,681.35)"
2012,FY2012,LIBRARY,FY07 Public Libraries Fund,69,,,571.17,,,,,,1,,,,0,check failed,"v1: 2,897,297.02 vs printed 2,766,954.67 (+130,342.35) ; v2: 5,968,636.29 vs printed 5,976,644.29 (-8,008.00) ; v3: 7,574,377.17 vs printed 6,680,977.17 (+893,400.00) ; v4: 2,148,303.14 vs printed 2,062,621.79 (+85,681.35)"
2012,FY2012,LIBRARY,,69,,,,,,571.17,,,1,,,,0,check failed,"v1: 2,897,297.02 vs printed 2,766,954.67 (+130,342.35) ; v2: 5,968,636.29 vs printed 5,976,644.29 (-8,008.00) ; v3: 7,574,377.17 vs printed 6,680,977.17 (+893,400.00) ; v4: 2,148,303.14 vs printed 2,062,621.79 (+85,681.35)"
2012,FY2012,LIBRARY,Sale of Cemetery Lots,69,,,172801.72,6772.85,,179574.57,,,3,,one cell missing; derivable from the row itself,"v3 = 0.00, from this fund's own other three columns",0,check failed,"v1: 2,897,297.02 vs printed 2,766,954.67 (+130,342.35) ; v2: 5,968,636.29 vs printed 5,976,644.29 (-8,008.00) ; v3: 7,574,377.17 vs printed 6,680,977.17 (+893,400.00) ; v4: 2,148,303.14 vs printed 2,062,621.79 (+85,681.35)"
2012,FY2012,LIBRARY,Elderly/Disabled Fund,69,,,2487.14,,,2487.14,,,2,,,,0,check failed,"v1: 2,897,297.02 vs printed 2,766,954.67 (+130,342.35) ; v2: 5,968,636.29 vs printed 5,976,644.29 (-8,008.00) ; v3: 7,574,377.17 vs printed 6,680,977.17 (+893,400.00) ; v4: 2,148,303.14 vs printed 2,062,621.79 (+85,681.35)"
2012,FY2012,LIBRARY,Bell Tower Mtc. Fund-Town Hall,69,,,6906.37,,400.00,6506.37,,,3,,one cell missing; derivable from the row itself,"v2 = 0.00, from this fund's own other three columns",0,check failed,"v1: 2,897,297.02 vs printed 2,766,954.67 (+130,342.35) ; v2: 5,968,636.29 vs printed 5,976,644.29 (-8,008.00) ; v3: 7,574,377.17 vs printed 6,680,977.17 (+893,400.00) ; v4: 2,148,303.14 vs printed 2,062,621.79 (+85,681.35)"
2012,FY2012,LIBRARY,Historical Comm. Gift Fund,69,,,137.36,,,,,,1,,,,0,check failed,"v1: 2,897,297.02 vs printed 2,766,954.67 (+130,342.35) ; v2: 5,968,636.29 vs printed 5,976,644.29 (-8,008.00) ; v3: 7,574,377.17 vs printed 6,680,977.17 (+893,400.00) ; v4: 2,148,303.14 vs printed 2,062,621.79 (+85,681.35)"
2012,FY2012,LIBRARY,,69,,,,,,137.36,,,1,,,,0,check failed,"v1: 2,897,297.02 vs printed 2,766,954.67 (+130,342.35) ; v2: 5,968,636.29 vs printed 5,976,644.29 (-8,008.00) ; v3: 7,574,377.17 vs printed 6,680,977.17 (+893,400.00) ; v4: 2,148,303.14 vs printed 2,062,621.79 (+85,681.35)"
2012,FY2012,LIBRARY,Compost Bins Grant,69,,,0.00,750.00,750.00,,,,3,,one cell missing; derivable from the row itself,"v4 = 0.00, from this fund's own other three columns",0,check failed,"v1: 2,897,297.02 vs printed 2,766,954.67 (+130,342.35) ; v2: 5,968,636.29 vs printed 5,976,644.29 (-8,008.00) ; v3: 7,574,377.17 vs printed 6,680,977.17 (+893,400.00) ; v4: 2,148,303.14 vs printed 2,062,621.79 (+85,681.35)"
2012,FY2012,LIBRARY,,69,,,,,,0.00,,,1,,,,0,check failed,"v1: 2,897,297.02 vs printed 2,766,954.67 (+130,342.35) ; v2: 5,968,636.29 vs printed 5,976,644.29 (-8,008.00) ; v3: 7,574,377.17 vs printed 6,680,977.17 (+893,400.00) ; v4: 2,148,303.14 vs printed 2,062,621.79 (+85,681.35)"
2012,FY2012,LIBRARY,FEMA Grant - Hurricane Irene,69,,,0.00,7398.02,7398.02,0.00,,,4,,fund balances: forward + receipts - disbursements = carried forward,,0,check failed,"v1: 2,897,297.02 vs printed 2,766,954.67 (+130,342.35) ; v2: 5,968,636.29 vs printed 5,976,644.29 (-8,008.00) ; v3: 7,574,377.17 vs printed 6,680,977.17 (+893,400.00) ; v4: 2,148,303.14 vs printed 2,062,621.79 (+85,681.35)"
2012,FY2012,LIBRARY,FEMA Grant - October 2011 Storm,69,,,0.00,,605173.18,-605173.18,,,3,,one cell missing; derivable from the row itself,"v2 = 0.00, from this fund's own other three columns",0,check failed,"v1: 2,897,297.02 vs printed 2,766,954.67 (+130,342.35) ; v2: 5,968,636.29 vs printed 5,976,644.29 (-8,008.00) ; v3: 7,574,377.17 vs printed 6,680,977.17 (+893,400.00) ; v4: 2,148,303.14 vs printed 2,062,621.79 (+85,681.35)"
2012,FY2012,LIBRARY,,69,,,,,,4150.00,,,1,,,,0,check failed,"v1: 2,897,297.02 vs printed 2,766,954.67 (+130,342.35) ; v2: 5,968,636.29 vs printed 5,976,644.29 (-8,008.00) ; v3: 7,574,377.17 vs printed 6,680,977.17 (+893,400.00) ; v4: 2,148,303.14 vs printed 2,062,621.79 (+85,681.35)"
2012,FY2012,LIBRARY,Police Gift Fund,69,,,835.22,,,,,,1,,,,0,check failed,"v1: 2,897,297.02 vs printed 2,766,954.67 (+130,342.35) ; v2: 5,968,636.29 vs printed 5,976,644.29 (-8,008.00) ; v3: 7,574,377.17 vs printed 6,680,977.17 (+893,400.00) ; v4: 2,148,303.14 vs printed 2,062,621.79 (+85,681.35)"
2012,FY2012,LIBRARY,,69,,,,,,835.22,,,1,,,,0,check failed,"v1: 2,897,297.02 vs printed 2,766,954.67 (+130,342.35) ; v2: 5,968,636.29 vs printed 5,976,644.29 (-8,008.00) ; v3: 7,574,377.17 vs printed 6,680,977.17 (+893,400.00) ; v4: 2,148,303.14 vs printed 2,062,621.79 (+85,681.35)"
2012,FY2012,LIBRARY,Public Safety Gift Fund,69,,,446.47,,,,,,1,,,,0,check failed,"v1: 2,897,297.02 vs printed 2,766,954.67 (+130,342.35) ; v2: 5,968,636.29 vs printed 5,976,644.29 (-8,008.00) ; v3: 7,574,377.17 vs printed 6,680,977.17 (+893,400.00) ; v4: 2,148,303.14 vs printed 2,062,621.79 (+85,681.35)"
2012,FY2012,LIBRARY,,69,,,,,,446.47,,,1,,,,0,check failed,"v1: 2,897,297.02 vs printed 2,766,954.67 (+130,342.35) ; v2: 5,968,636.29 vs printed 5,976,644.29 (-8,008.00) ; v3: 7,574,377.17 vs printed 6,680,977.17 (+893,400.00) ; v4: 2,148,303.14 vs printed 2,062,621.79 (+85,681.35)"
2012,FY2012,LIBRARY,Council on Aging Gift Fund,69,,,0.00,,-3383.16,3383.16,,,3,,one cell missing; derivable from the row itself,"v2 = 0.00, from this fund's own other three columns",0,check failed,"v1: 2,897,297.02 vs printed 2,766,954.67 (+130,342.35) ; v2: 5,968,636.29 vs printed 5,976,644.29 (-8,008.00) ; v3: 7,574,377.17 vs printed 6,680,977.17 (+893,400.00) ; v4: 2,148,303.14 vs printed 2,062,621.79 (+85,681.35)"
2012,FY2012,LIBRARY,,69,,,66.00,,,,,,1,,,,0,check failed,"v1: 2,897,297.02 vs printed 2,766,954.67 (+130,342.35) ; v2: 5,968,636.29 vs printed 5,976,644.29 (-8,008.00) ; v3: 7,574,377.17 vs printed 6,680,977.17 (+893,400.00) ; v4: 2,148,303.14 vs printed 2,062,621.79 (+85,681.35)"
2012,FY2012,LIBRARY,MWPAT Septic Repair,70,,,4079.03,,,4079.03,,,2,,,,0,check failed,"v1: 2,897,297.02 vs printed 2,766,954.67 (+130,342.35) ; v2: 5,968,636.29 vs printed 5,976,644.29 (-8,008.00) ; v3: 7,574,377.17 vs printed 6,680,977.17 (+893,400.00) ; v4: 2,148,303.14 vs printed 2,062,621.79 (+85,681.35)"
2012,FY2012,LIBRARY,WPAT Septic Receipts Reserved,70,,,90414.65,17933.10,10872.00,97475.75,,,4,,fund balances: forward + receipts - disbursements = carried forward,,0,check failed,"v1: 2,897,297.02 vs printed 2,766,954.67 (+130,342.35) ; v2: 5,968,636.29 vs printed 5,976,644.29 (-8,008.00) ; v3: 7,574,377.17 vs printed 6,680,977.17 (+893,400.00) ; v4: 2,148,303.14 vs printed 2,062,621.79 (+85,681.35)"
2012,FY2012,LIBRARY,E.O.C.D. Septic | Grant,70,,,95793.91,2955.38,357.63,98391.66,,,4,,fund balances: forward + receipts - disbursements = carried forward,,0,check failed,"v1: 2,897,297.02 vs printed 2,766,954.67 (+130,342.35) ; v2: 5,968,636.29 vs printed 5,976,644.29 (-8,008.00) ; v3: 7,574,377.17 vs printed 6,680,977.17 (+893,400.00) ; v4: 2,148,303.14 vs printed 2,062,621.79 (+85,681.35)"
2012,FY2012,LIBRARY,Water Enterprise Fund,70,,,12380.65,17308.06,15950.86,13737.85,,,4,,fund balances: forward + receipts - disbursements = carried forward,,0,check failed,"v1: 2,897,297.02 vs printed 2,766,954.67 (+130,342.35) ; v2: 5,968,636.29 vs printed 5,976,644.29 (-8,008.00) ; v3: 7,574,377.17 vs printed 6,680,977.17 (+893,400.00) ; v4: 2,148,303.14 vs printed 2,062,621.79 (+85,681.35)"
2012,FY2012,LIBRARY,Sewer Enterprise Fund,70,,,644021.97,499324.58,540670.29,602676.26,,,4,,fund balances: forward + receipts - disbursements = carried forward,,0,check failed,"v1: 2,897,297.02 vs printed 2,766,954.67 (+130,342.35) ; v2: 5,968,636.29 vs printed 5,976,644.29 (-8,008.00) ; v3: 7,574,377.17 vs printed 6,680,977.17 (+893,400.00) ; v4: 2,148,303.14 vs printed 2,062,621.79 (+85,681.35)"
2012,FY2012,LIBRARY,Sewer Betterment Fund,70,,,841028.03,775805.27,803485.00,813348.30,,,4,,fund balances: forward + receipts - disbursements = carried forward,,0,check failed,"v1: 2,897,297.02 vs printed 2,766,954.67 (+130,342.35) ; v2: 5,968,636.29 vs printed 5,976,644.29 (-8,008.00) ; v3: 7,574,377.17 vs printed 6,680,977.17 (+893,400.00) ; v4: 2,148,303.14 vs printed 2,062,621.79 (+85,681.35)"
2012,FY2012,LIBRARY,Public Health Emergency Preparedness,70,,,12295.09,,,12295.09,,,2,,,,0,check failed,"v1: 2,897,297.02 vs printed 2,766,954.67 (+130,342.35) ; v2: 5,968,636.29 vs printed 5,976,644.29 (-8,008.00) ; v3: 7,574,377.17 vs printed 6,680,977.17 (+893,400.00) ; v4: 2,148,303.14 vs printed 2,062,621.79 (+85,681.35)"
2012,FY2012,LIBRARY,CDBG Sewer Hookup Grant,70,,,-15129.87,,,-15129.87,,,2,,,,0,check failed,"v1: 2,897,297.02 vs printed 2,766,954.67 (+130,342.35) ; v2: 5,968,636.29 vs printed 5,976,644.29 (-8,008.00) ; v3: 7,574,377.17 vs printed 6,680,977.17 (+893,400.00) ; v4: 2,148,303.14 vs printed 2,062,621.79 (+85,681.35)"
2012,FY2012,LIBRARY,DEP Pay As You Throw Grant,70,,,4720.43,,,4720.43,,,2,,,,0,check failed,"v1: 2,897,297.02 vs printed 2,766,954.67 (+130,342.35) ; v2: 5,968,636.29 vs printed 5,976,644.29 (-8,008.00) ; v3: 7,574,377.17 vs printed 6,680,977.17 (+893,400.00) ; v4: 2,148,303.14 vs printed 2,062,621.79 (+85,681.35)"
2012,FY2012,LIBRARY,Recycling Outreach Fund,70,,,3800.00,,,3800.00,,,2,,,,0,check failed,"v1: 2,897,297.02 vs printed 2,766,954.67 (+130,342.35) ; v2: 5,968,636.29 vs printed 5,976,644.29 (-8,008.00) ; v3: 7,574,377.17 vs printed 6,680,977.17 (+893,400.00) ; v4: 2,148,303.14 vs printed 2,062,621.79 (+85,681.35)"
2012,FY2012,LIBRARY,Repayments Sewer Hookup,70,,,9222.00,,,9222.00,,,2,,,,0,check failed,"v1: 2,897,297.02 vs printed 2,766,954.67 (+130,342.35) ; v2: 5,968,636.29 vs printed 5,976,644.29 (-8,008.00) ; v3: 7,574,377.17 vs printed 6,680,977.17 (+893,400.00) ; v4: 2,148,303.14 vs printed 2,062,621.79 (+85,681.35)"
2012,FY2012,LIBRARY,Solid Waste/Recycling Enterprise,70,,,,232915.64,232915.64,0.00,,,3,,one cell missing; derivable from the row itself,"v1 = 0.00, from this fund's own other three columns",0,check failed,"v1: 2,897,297.02 vs printed 2,766,954.67 (+130,342.35) ; v2: 5,968,636.29 vs printed 5,976,644.29 (-8,008.00) ; v3: 7,574,377.17 vs printed 6,680,977.17 (+893,400.00) ; v4: 2,148,303.14 vs printed 2,062,621.79 (+85,681.35)"
2012,FY2012,LIBRARY,CVS Volunteer Challenge Grant,70,,,500.00,,,500.00,,,2,,,,0,check failed,"v1: 2,897,297.02 vs printed 2,766,954.67 (+130,342.35) ; v2: 5,968,636.29 vs printed 5,976,644.29 (-8,008.00) ; v3: 7,574,377.17 vs printed 6,680,977.17 (+893,400.00) ; v4: 2,148,303.14 vs printed 2,062,621.79 (+85,681.35)"
2012,FY2012,LIBRARY,Fields Pond Foundation,70,,,1600.00,,,1600.00,,,2,,,,0,check failed,"v1: 2,897,297.02 vs printed 2,766,954.67 (+130,342.35) ; v2: 5,968,636.29 vs printed 5,976,644.29 (-8,008.00) ; v3: 7,574,377.17 vs printed 6,680,977.17 (+893,400.00) ; v4: 2,148,303.14 vs printed 2,062,621.79 (+85,681.35)"
2012,FY2012,LIBRARY,March for Parks,70,,,1617.25,,,1617.25,,,2,,,,0,check failed,"v1: 2,897,297.02 vs printed 2,766,954.67 (+130,342.35) ; v2: 5,968,636.29 vs printed 5,976,644.29 (-8,008.00) ; v3: 7,574,377.17 vs printed 6,680,977.17 (+893,400.00) ; v4: 2,148,303.14 vs printed 2,062,621.79 (+85,681.35)"
2012,FY2012,LIBRARY,Lake Shirley Low Impact Grant,70,,,-6012.00,,,-6012.00,,,2,,,,0,check failed,"v1: 2,897,297.02 vs printed 2,766,954.67 (+130,342.35) ; v2: 5,968,636.29 vs printed 5,976,644.29 (-8,008.00) ; v3: 7,574,377.17 vs printed 6,680,977.17 (+893,400.00) ; v4: 2,148,303.14 vs printed 2,062,621.79 (+85,681.35)"
2012,FY2012,LIBRARY,Skate Park Fund,70,,,197.00,,,197.00,,,2,,,,0,check failed,"v1: 2,897,297.02 vs printed 2,766,954.67 (+130,342.35) ; v2: 5,968,636.29 vs printed 5,976,644.29 (-8,008.00) ; v3: 7,574,377.17 vs printed 6,680,977.17 (+893,400.00) ; v4: 2,148,303.14 vs printed 2,062,621.79 (+85,681.35)"
2012,FY2012,LIBRARY,Weights/Measures Citation Fund,70,,,325.00,,,325.00,,,2,,,,0,check failed,"v1: 2,897,297.02 vs printed 2,766,954.67 (+130,342.35) ; v2: 5,968,636.29 vs printed 5,976,644.29 (-8,008.00) ; v3: 7,574,377.17 vs printed 6,680,977.17 (+893,400.00) ; v4: 2,148,303.14 vs printed 2,062,621.79 (+85,681.35)"
2012,FY2012,LIBRARY,Marshall Park Restoration Fund,70,,,125.00,,,125.00,,,2,,,,0,check failed,"v1: 2,897,297.02 vs printed 2,766,954.67 (+130,342.35) ; v2: 5,968,636.29 vs printed 5,976,644.29 (-8,008.00) ; v3: 7,574,377.17 vs printed 6,680,977.17 (+893,400.00) ; v4: 2,148,303.14 vs printed 2,062,621.79 (+85,681.35)"
2012,FY2012,LIBRARY,Comcast Technology Capital Grant,70,,,39796.01,,,39796.01,,,2,,,,0,check failed,"v1: 2,897,297.02 vs printed 2,766,954.67 (+130,342.35) ; v2: 5,968,636.29 vs printed 5,976,644.29 (-8,008.00) ; v3: 7,574,377.17 vs printed 6,680,977.17 (+893,400.00) ; v4: 2,148,303.14 vs printed 2,062,621.79 (+85,681.35)"
2012,FY2012,LIBRARY,Sale of Real Estate Fund,70,,,0.00,9925.00,,9925.00,,,3,,one cell missing; derivable from the row itself,"v3 = 0.00, from this fund's own other three columns",0,check failed,"v1: 2,897,297.02 vs printed 2,766,954.67 (+130,342.35) ; v2: 5,968,636.29 vs printed 5,976,644.29 (-8,008.00) ; v3: 7,574,377.17 vs printed 6,680,977.17 (+893,400.00) ; v4: 2,148,303.14 vs printed 2,062,621.79 (+85,681.35)"
2012,FY2012,LIBRARY,Arts Lottery Fund,70,,,4308.79,3882.72,2885.00,5306.51,,,4,,fund balances: forward + receipts - disbursements = carried forward,,0,check failed,"v1: 2,897,297.02 vs printed 2,766,954.67 (+130,342.35) ; v2: 5,968,636.29 vs printed 5,976,644.29 (-8,008.00) ; v3: 7,574,377.17 vs printed 6,680,977.17 (+893,400.00) ; v4: 2,148,303.14 vs printed 2,062,621.79 (+85,681.35)"
2012,FY2012,LIBRARY,LE.A.P. Fund,70,,,210321.46,80583.48,45155.02,245749.92,,,4,,fund balances: forward + receipts - disbursements = carried forward,,0,check failed,"v1: 2,897,297.02 vs printed 2,766,954.67 (+130,342.35) ; v2: 5,968,636.29 vs printed 5,976,644.29 (-8,008.00) ; v3: 7,574,377.17 vs printed 6,680,977.17 (+893,400.00) ; v4: 2,148,303.14 vs printed 2,062,621.79 (+85,681.35)"
2012,FY2012,LIBRARY,Debris Removal Gift Fund,70,,,676.00,,,676.00,,,2,,,,0,check failed,"v1: 2,897,297.02 vs printed 2,766,954.67 (+130,342.35) ; v2: 5,968,636.29 vs printed 5,976,644.29 (-8,008.00) ; v3: 7,574,377.17 vs printed 6,680,977.17 (+893,400.00) ; v4: 2,148,303.14 vs printed 2,062,621.79 (+85,681.35)"
2012,FY2012,LIBRARY,Citizens Relief Fund,70,,,200.00,,,200.00,,,2,,,,0,check failed,"v1: 2,897,297.02 vs printed 2,766,954.67 (+130,342.35) ; v2: 5,968,636.29 vs printed 5,976,644.29 (-8,008.00) ; v3: 7,574,377.17 vs printed 6,680,977.17 (+893,400.00) ; v4: 2,148,303.14 vs printed 2,062,621.79 (+85,681.35)"
2012,FY2012,LIBRARY,Hollis Road Revolving,70,,,5509.97,3000.00,932.34,7577.63,,,4,,fund balances: forward + receipts - disbursements = carried forward,,0,check failed,"v1: 2,897,297.02 vs printed 2,766,954.67 (+130,342.35) ; v2: 5,968,636.29 vs printed 5,976,644.29 (-8,008.00) ; v3: 7,574,377.17 vs printed 6,680,977.17 (+893,400.00) ; v4: 2,148,303.14 vs printed 2,062,621.79 (+85,681.35)"
2012,FY2012,LIBRARY,,70,,,67.00,,,,,,1,,,,0,check failed,"v1: 2,897,297.02 vs printed 2,766,954.67 (+130,342.35) ; v2: 5,968,636.29 vs printed 5,976,644.29 (-8,008.00) ; v3: 7,574,377.17 vs printed 6,680,977.17 (+893,400.00) ; v4: 2,148,303.14 vs printed 2,062,621.79 (+85,681.35)"
2013,FY2013,,Conservation Fund,71,,,319.59,,,,,,1,,,,0,check failed,"v1: 2,113,306.89 vs printed 2,062,621.79 (+50,685.10) ; v2: 5,218,326.20 vs printed 5,844,092.35 (-625,766.15) ; v3: 5,099,294.72 vs printed 5,697,713.47 (-598,418.75) ; v4: 2,121,637.16 vs printed 2,209,000.67 (-87,363.51)"
2013,FY2013,,Conservation Consultant Revolving,71,,,120.50,,,,,,1,,,,0,check failed,"v1: 2,113,306.89 vs printed 2,062,621.79 (+50,685.10) ; v2: 5,218,326.20 vs printed 5,844,092.35 (-625,766.15) ; v3: 5,099,294.72 vs printed 5,697,713.47 (-598,418.75) ; v4: 2,121,637.16 vs printed 2,209,000.67 (-87,363.51)"
2013,FY2013,,Zoning Board Consultant Revolving,71,,,10946.46,,,,,,1,,,,0,check failed,"v1: 2,113,306.89 vs printed 2,062,621.79 (+50,685.10) ; v2: 5,218,326.20 vs printed 5,844,092.35 (-625,766.15) ; v3: 5,099,294.72 vs printed 5,697,713.47 (-598,418.75) ; v4: 2,121,637.16 vs printed 2,209,000.67 (-87,363.51)"
2013,FY2013,,Conservation Gift Fund-Cook Farm,71,,,148.00,,,,,,1,,,,0,check failed,"v1: 2,113,306.89 vs printed 2,062,621.79 (+50,685.10) ; v2: 5,218,326.20 vs printed 5,844,092.35 (-625,766.15) ; v3: 5,099,294.72 vs printed 5,697,713.47 (-598,418.75) ; v4: 2,121,637.16 vs printed 2,209,000.67 (-87,363.51)"
2013,FY2013,,Town Records Gift Fund,71,,,252.35,,,,,,1,,,,0,check failed,"v1: 2,113,306.89 vs printed 2,062,621.79 (+50,685.10) ; v2: 5,218,326.20 vs printed 5,844,092.35 (-625,766.15) ; v3: 5,099,294.72 vs printed 5,697,713.47 (-598,418.75) ; v4: 2,121,637.16 vs printed 2,209,000.67 (-87,363.51)"
2013,FY2013,,Scholarship Fund,71,,,217.99,,,,,,1,,,,0,check failed,"v1: 2,113,306.89 vs printed 2,062,621.79 (+50,685.10) ; v2: 5,218,326.20 vs printed 5,844,092.35 (-625,766.15) ; v3: 5,099,294.72 vs printed 5,697,713.47 (-598,418.75) ; v4: 2,121,637.16 vs printed 2,209,000.67 (-87,363.51)"
2013,FY2013,,Sewer Gift Fund,71,,,387.09,,,,,,1,,,,0,check failed,"v1: 2,113,306.89 vs printed 2,062,621.79 (+50,685.10) ; v2: 5,218,326.20 vs printed 5,844,092.35 (-625,766.15) ; v3: 5,099,294.72 vs printed 5,697,713.47 (-598,418.75) ; v4: 2,121,637.16 vs printed 2,209,000.67 (-87,363.51)"
2013,FY2013,,Insurance Recoveries,71,,,3619.33,,,3619.33,,,2,,,,0,check failed,"v1: 2,113,306.89 vs printed 2,062,621.79 (+50,685.10) ; v2: 5,218,326.20 vs printed 5,844,092.35 (-625,766.15) ; v3: 5,099,294.72 vs printed 5,697,713.47 (-598,418.75) ; v4: 2,121,637.16 vs printed 2,209,000.67 (-87,363.51)"
2013,FY2013,,Town Hall Chimney Grant,71,,,0.00,3000.00,,3000.00,,,3,,one cell missing; derivable from the row itself,"v3 = 0.00, from this fund's own other three columns",0,check failed,"v1: 2,113,306.89 vs printed 2,062,621.79 (+50,685.10) ; v2: 5,218,326.20 vs printed 5,844,092.35 (-625,766.15) ; v3: 5,099,294.72 vs printed 5,697,713.47 (-598,418.75) ; v4: 2,121,637.16 vs printed 2,209,000.67 (-87,363.51)"
2013,FY2013,,General Government Gift Fund,71,,,0.00,1110.00,,1110.00,,,3,,one cell missing; derivable from the row itself,"v3 = 0.00, from this fund's own other three columns",0,check failed,"v1: 2,113,306.89 vs printed 2,062,621.79 (+50,685.10) ; v2: 5,218,326.20 vs printed 5,844,092.35 (-625,766.15) ; v3: 5,099,294.72 vs printed 5,697,713.47 (-598,418.75) ; v4: 2,121,637.16 vs printed 2,209,000.67 (-87,363.51)"
2013,FY2013,,Household Hazardous Waste,71,,,768.76,,,,,,1,,,,0,check failed,"v1: 2,113,306.89 vs printed 2,062,621.79 (+50,685.10) ; v2: 5,218,326.20 vs printed 5,844,092.35 (-625,766.15) ; v3: 5,099,294.72 vs printed 5,697,713.47 (-598,418.75) ; v4: 2,121,637.16 vs printed 2,209,000.67 (-87,363.51)"
2013,FY2013,SCHOOL DEPARTMENT,School Lunch,71,,,14770.00,415348.06,400539.11,29578.95,,,4,,fund balances: forward + receipts - disbursements = carried forward,,0,check failed,"v1: 2,113,306.89 vs printed 2,062,621.79 (+50,685.10) ; v2: 5,218,326.20 vs printed 5,844,092.35 (-625,766.15) ; v3: 5,099,294.72 vs printed 5,697,713.47 (-598,418.75) ; v4: 2,121,637.16 vs printed 2,209,000.67 (-87,363.51)"
2013,FY2013,SCHOOL DEPARTMENT,Title 1#305,71,,,0.00,80302.00,128562.80,-48260.80,,,4,yes,fund balances: forward + receipts - disbursements = carried forward,,0,check failed,"v1: 2,113,306.89 vs printed 2,062,621.79 (+50,685.10) ; v2: 5,218,326.20 vs printed 5,844,092.35 (-625,766.15) ; v3: 5,099,294.72 vs printed 5,697,713.47 (-598,418.75) ; v4: 2,121,637.16 vs printed 2,209,000.67 (-87,363.51)"
2013,FY2013,SCHOOL DEPARTMENT,PL 94-142 #240,71,,,7170.92,345467.00,350675.70,1962.22,,,4,,fund balances: forward + receipts - disbursements = carried forward,,0,check failed,"v1: 2,113,306.89 vs printed 2,062,621.79 (+50,685.10) ; v2: 5,218,326.20 vs printed 5,844,092.35 (-625,766.15) ; v3: 5,099,294.72 vs printed 5,697,713.47 (-598,418.75) ; v4: 2,121,637.16 vs printed 2,209,000.67 (-87,363.51)"
2013,FY2013,SCHOOL DEPARTMENT,United Way Venture,71,,,40.42,,,40.42,,,2,,,,0,check failed,"v1: 2,113,306.89 vs printed 2,062,621.79 (+50,685.10) ; v2: 5,218,326.20 vs printed 5,844,092.35 (-625,766.15) ; v3: 5,099,294.72 vs printed 5,697,713.47 (-598,418.75) ; v4: 2,121,637.16 vs printed 2,209,000.67 (-87,363.51)"
2013,FY2013,SCHOOL DEPARTMENT,Recovery for Lost Books,71,,,6174.44,119.00,,6293.44,,,3,,one cell missing; derivable from the row itself,"v3 = 0.00, from this fund's own other three columns",0,check failed,"v1: 2,113,306.89 vs printed 2,062,621.79 (+50,685.10) ; v2: 5,218,326.20 vs printed 5,844,092.35 (-625,766.15) ; v3: 5,099,294.72 vs printed 5,697,713.47 (-598,418.75) ; v4: 2,121,637.16 vs printed 2,209,000.67 (-87,363.51)"
2013,FY2013,SCHOOL DEPARTMENT,Chapter 658 School Athletics,71,,,23166.97,110474.27,125710.86,7930.38,,,4,,fund balances: forward + receipts - disbursements = carried forward,,0,check failed,"v1: 2,113,306.89 vs printed 2,062,621.79 (+50,685.10) ; v2: 5,218,326.20 vs printed 5,844,092.35 (-625,766.15) ; v3: 5,099,294.72 vs printed 5,697,713.47 (-598,418.75) ; v4: 2,121,637.16 vs printed 2,209,000.67 (-87,363.51)"
2013,FY2013,SCHOOL DEPARTMENT,After School Activities,71,,,78830.93,206621.40,211066.40,74385.93,,,4,,fund balances: forward + receipts - disbursements = carried forward,,0,check failed,"v1: 2,113,306.89 vs printed 2,062,621.79 (+50,685.10) ; v2: 5,218,326.20 vs printed 5,844,092.35 (-625,766.15) ; v3: 5,099,294.72 vs printed 5,697,713.47 (-598,418.75) ; v4: 2,121,637.16 vs printed 2,209,000.67 (-87,363.51)"
2013,FY2013,SCHOOL DEPARTMENT,School Facilities Use,71,,,19978.49,48968.42,53251.88,15695.03,,,4,,fund balances: forward + receipts - disbursements = carried forward,,0,check failed,"v1: 2,113,306.89 vs printed 2,062,621.79 (+50,685.10) ; v2: 5,218,326.20 vs printed 5,844,092.35 (-625,766.15) ; v3: 5,099,294.72 vs printed 5,697,713.47 (-598,418.75) ; v4: 2,121,637.16 vs printed 2,209,000.67 (-87,363.51)"
2013,FY2013,SCHOOL DEPARTMENT,Non-Resident Tuition,71,,,,301116.97,206417.55,-30882.87,,,3,yes,one cell missing; derivable from the row itself,"v1 = -125,582.29, from this fund's own other three columns",0,check failed,"v1: 2,113,306.89 vs printed 2,062,621.79 (+50,685.10) ; v2: 5,218,326.20 vs printed 5,844,092.35 (-625,766.15) ; v3: 5,099,294.72 vs printed 5,697,713.47 (-598,418.75) ; v4: 2,121,637.16 vs printed 2,209,000.67 (-87,363.51)"
2013,FY2013,SCHOOL DEPARTMENT,Adult Education,71,,,4346.61,,,4346.61,,,2,,,,0,check failed,"v1: 2,113,306.89 vs printed 2,062,621.79 (+50,685.10) ; v2: 5,218,326.20 vs printed 5,844,092.35 (-625,766.15) ; v3: 5,099,294.72 vs printed 5,697,713.47 (-598,418.75) ; v4: 2,121,637.16 vs printed 2,209,000.67 (-87,363.51)"
2013,FY2013,SCHOOL DEPARTMENT,Summer School Program,71,,,756.12,1560.00,2316.12,0.00,,,4,,fund balances: forward + receipts - disbursements = carried forward,,0,check failed,"v1: 2,113,306.89 vs printed 2,062,621.79 (+50,685.10) ; v2: 5,218,326.20 vs printed 5,844,092.35 (-625,766.15) ; v3: 5,099,294.72 vs printed 5,697,713.47 (-598,418.75) ; v4: 2,121,637.16 vs printed 2,209,000.67 (-87,363.51)"
2013,FY2013,SCHOOL DEPARTMENT,School Choice,71,,,134583.69,298593.00,371532.36,61644.33,,,4,,fund balances: forward + receipts - disbursements = carried forward,,0,check failed,"v1: 2,113,306.89 vs printed 2,062,621.79 (+50,685.10) ; v2: 5,218,326.20 vs printed 5,844,092.35 (-625,766.15) ; v3: 5,099,294.72 vs printed 5,697,713.47 (-598,418.75) ; v4: 2,121,637.16 vs printed 2,209,000.67 (-87,363.51)"
2013,FY2013,SCHOOL DEPARTMENT,School Gift Fund,71,,,47658.52,49457.05,51252.33,45863.24,,,4,,fund balances: forward + receipts - disbursements = carried forward,,0,check failed,"v1: 2,113,306.89 vs printed 2,062,621.79 (+50,685.10) ; v2: 5,218,326.20 vs printed 5,844,092.35 (-625,766.15) ; v3: 5,099,294.72 vs printed 5,697,713.47 (-598,418.75) ; v4: 2,121,637.16 vs printed 2,209,000.67 (-87,363.51)"
2013,FY2013,SCHOOL DEPARTMENT,Greenthumb Revolving,71,,,3435.53,6836.05,,10271.58,,,3,,one cell missing; derivable from the row itself,"v3 = 0.00, from this fund's own other three columns",0,check failed,"v1: 2,113,306.89 vs printed 2,062,621.79 (+50,685.10) ; v2: 5,218,326.20 vs printed 5,844,092.35 (-625,766.15) ; v3: 5,099,294.72 vs printed 5,697,713.47 (-598,418.75) ; v4: 2,121,637.16 vs printed 2,209,000.67 (-87,363.51)"
2013,FY2013,SCHOOL DEPARTMENT,,71,,,67.00,,,,,,1,,,,0,check failed,"v1: 2,113,306.89 vs printed 2,062,621.79 (+50,685.10) ; v2: 5,218,326.20 vs printed 5,844,092.35 (-625,766.15) ; v3: 5,099,294.72 vs printed 5,697,713.47 (-598,418.75) ; v4: 2,121,637.16 vs printed 2,209,000.67 (-87,363.51)"
2013,FY2013,SCHOOL DEPARTMENT,Tech Prep Consortium,72,,,1450.00,,,,,,1,,,,0,check failed,"v1: 2,113,306.89 vs printed 2,062,621.79 (+50,685.10) ; v2: 5,218,326.20 vs printed 5,844,092.35 (-625,766.15) ; v3: 5,099,294.72 vs printed 5,697,713.47 (-598,418.75) ; v4: 2,121,637.16 vs printed 2,209,000.67 (-87,363.51)"
2013,FY2013,SCHOOL DEPARTMENT,BC/BS Healthy Choices,72,,,94.65,,,94.65,,,2,,,,0,check failed,"v1: 2,113,306.89 vs printed 2,062,621.79 (+50,685.10) ; v2: 5,218,326.20 vs printed 5,844,092.35 (-625,766.15) ; v3: 5,099,294.72 vs printed 5,697,713.47 (-598,418.75) ; v4: 2,121,637.16 vs printed 2,209,000.67 (-87,363.51)"
2013,FY2013,SCHOOL DEPARTMENT,Teacher Quality,72,,,403.24,31706.00,25128.24,6981.00,,,4,,fund balances: forward + receipts - disbursements = carried forward,,0,check failed,"v1: 2,113,306.89 vs printed 2,062,621.79 (+50,685.10) ; v2: 5,218,326.20 vs printed 5,844,092.35 (-625,766.15) ; v3: 5,099,294.72 vs printed 5,697,713.47 (-598,418.75) ; v4: 2,121,637.16 vs printed 2,209,000.67 (-87,363.51)"
2013,FY2013,SCHOOL DEPARTMENT,50/50 Grant Sped Tuitions,72,,,23253.84,445423.00,605088.81,-136411.97,,,4,,fund balances: forward + receipts - disbursements = carried forward,,0,check failed,"v1: 2,113,306.89 vs printed 2,062,621.79 (+50,685.10) ; v2: 5,218,326.20 vs printed 5,844,092.35 (-625,766.15) ; v3: 5,099,294.72 vs printed 5,697,713.47 (-598,418.75) ; v4: 2,121,637.16 vs printed 2,209,000.67 (-87,363.51)"
2013,FY2013,SCHOOL DEPARTMENT,Insurance Recoveries - School,72,,,2457.35,,,2457.35,,,2,,,,0,check failed,"v1: 2,113,306.89 vs printed 2,062,621.79 (+50,685.10) ; v2: 5,218,326.20 vs printed 5,844,092.35 (-625,766.15) ; v3: 5,099,294.72 vs printed 5,697,713.47 (-598,418.75) ; v4: 2,121,637.16 vs printed 2,209,000.67 (-87,363.51)"
2013,FY2013,SCHOOL DEPARTMENT,Extended Day Revolving Fund,72,,,39790.06,179026.71,174477.12,44339.65,,,4,,fund balances: forward + receipts - disbursements = carried forward,,0,check failed,"v1: 2,113,306.89 vs printed 2,062,621.79 (+50,685.10) ; v2: 5,218,326.20 vs printed 5,844,092.35 (-625,766.15) ; v3: 5,099,294.72 vs printed 5,697,713.47 (-598,418.75) ; v4: 2,121,637.16 vs printed 2,209,000.67 (-87,363.51)"
2013,FY2013,SCHOOL DEPARTMENT,N.E. Dairy & Food Private Grant,72,,,2150.62,3579.00,3973.11,1756.51,,,4,,fund balances: forward + receipts - disbursements = carried forward,,0,check failed,"v1: 2,113,306.89 vs printed 2,062,621.79 (+50,685.10) ; v2: 5,218,326.20 vs printed 5,844,092.35 (-625,766.15) ; v3: 5,099,294.72 vs printed 5,697,713.47 (-598,418.75) ; v4: 2,121,637.16 vs printed 2,209,000.67 (-87,363.51)"
2013,FY2013,SCHOOL DEPARTMENT,Vending Machine Revolving,72,,,1954.71,,,1954.71,,,2,,,,0,check failed,"v1: 2,113,306.89 vs printed 2,062,621.79 (+50,685.10) ; v2: 5,218,326.20 vs printed 5,844,092.35 (-625,766.15) ; v3: 5,099,294.72 vs printed 5,697,713.47 (-598,418.75) ; v4: 2,121,637.16 vs printed 2,209,000.67 (-87,363.51)"
2013,FY2013,SCHOOL DEPARTMENT,Monbouquette Award,72,,,3.81,,,3.81,,,2,,,,0,check failed,"v1: 2,113,306.89 vs printed 2,062,621.79 (+50,685.10) ; v2: 5,218,326.20 vs printed 5,844,092.35 (-625,766.15) ; v3: 5,099,294.72 vs printed 5,697,713.47 (-598,418.75) ; v4: 2,121,637.16 vs printed 2,209,000.67 (-87,363.51)"
2013,FY2013,SCHOOL DEPARTMENT,Tufts University Heat Grant,72,,,113.45,,,113.45,,,2,,,,0,check failed,"v1: 2,113,306.89 vs printed 2,062,621.79 (+50,685.10) ; v2: 5,218,326.20 vs printed 5,844,092.35 (-625,766.15) ; v3: 5,099,294.72 vs printed 5,697,713.47 (-598,418.75) ; v4: 2,121,637.16 vs printed 2,209,000.67 (-87,363.51)"
2013,FY2013,SCHOOL DEPARTMENT,Underground Storage Tank Grant,72,,,1500.00,,,1500.00,,,2,,,,0,check failed,"v1: 2,113,306.89 vs printed 2,062,621.79 (+50,685.10) ; v2: 5,218,326.20 vs printed 5,844,092.35 (-625,766.15) ; v3: 5,099,294.72 vs printed 5,697,713.47 (-598,418.75) ; v4: 2,121,637.16 vs printed 2,209,000.67 (-87,363.51)"
2013,FY2013,SCHOOL DEPARTMENT,Hach Scientific Foundation Grant,72,,,90.61,,,90.61,,,2,,,,0,check failed,"v1: 2,113,306.89 vs printed 2,062,621.79 (+50,685.10) ; v2: 5,218,326.20 vs printed 5,844,092.35 (-625,766.15) ; v3: 5,099,294.72 vs printed 5,697,713.47 (-598,418.75) ; v4: 2,121,637.16 vs printed 2,209,000.67 (-87,363.51)"
2013,FY2013,SCHOOL DEPARTMENT,,72,,,4566.74,,635.88,3930.86,,,3,,one cell missing; derivable from the row itself,"v2 = 0.00, from this fund's own other three columns",0,check failed,"v1: 2,113,306.89 vs printed 2,062,621.79 (+50,685.10) ; v2: 5,218,326.20 vs printed 5,844,092.35 (-625,766.15) ; v3: 5,099,294.72 vs printed 5,697,713.47 (-598,418.75) ; v4: 2,121,637.16 vs printed 2,209,000.67 (-87,363.51)"
2013,FY2013,SCHOOL DEPARTMENT,Family & Community,72,,,108.13,33870.00,35057.13,-1079.00,,,4,,fund balances: forward + receipts - disbursements = carried forward,,0,check failed,"v1: 2,113,306.89 vs printed 2,062,621.79 (+50,685.10) ; v2: 5,218,326.20 vs printed 5,844,092.35 (-625,766.15) ; v3: 5,099,294.72 vs printed 5,697,713.47 (-598,418.75) ; v4: 2,121,637.16 vs printed 2,209,000.67 (-87,363.51)"
2013,FY2013,SCHOOL DEPARTMENT,Race to the Top,72,,,13725.00,21511.00,29699.00,5537.00,,,4,,fund balances: forward + receipts - disbursements = carried forward,,0,check failed,"v1: 2,113,306.89 vs printed 2,062,621.79 (+50,685.10) ; v2: 5,218,326.20 vs printed 5,844,092.35 (-625,766.15) ; v3: 5,099,294.72 vs printed 5,697,713.47 (-598,418.75) ; v4: 2,121,637.16 vs printed 2,209,000.67 (-87,363.51)"
2013,FY2013,SCHOOL DEPARTMENT,EECG Energy Efficiency Grant,72,,,297.16,0.18,,297.34,,,3,,one cell missing; derivable from the row itself,"v3 = 0.00, from this fund's own other three columns",0,check failed,"v1: 2,113,306.89 vs printed 2,062,621.79 (+50,685.10) ; v2: 5,218,326.20 vs printed 5,844,092.35 (-625,766.15) ; v3: 5,099,294.72 vs printed 5,697,713.47 (-598,418.75) ; v4: 2,121,637.16 vs printed 2,209,000.67 (-87,363.51)"
2013,FY2013,SCHOOL DEPARTMENT,Cooperative Services Plan Grant,72,,,20419.90,,20419.90,0.00,,,3,,one cell missing; derivable from the row itself,"v2 = 0.00, from this fund's own other three columns",0,check failed,"v1: 2,113,306.89 vs printed 2,062,621.79 (+50,685.10) ; v2: 5,218,326.20 vs printed 5,844,092.35 (-625,766.15) ; v3: 5,099,294.72 vs printed 5,697,713.47 (-598,418.75) ; v4: 2,121,637.16 vs printed 2,209,000.67 (-87,363.51)"
2013,FY2013,SCHOOL DEPARTMENT,Full Day Kindergarten Grant,72,,,1470.00,48382.00,49852.00,0.00,,,4,,fund balances: forward + receipts - disbursements = carried forward,,0,check failed,"v1: 2,113,306.89 vs printed 2,062,621.79 (+50,685.10) ; v2: 5,218,326.20 vs printed 5,844,092.35 (-625,766.15) ; v3: 5,099,294.72 vs printed 5,697,713.47 (-598,418.75) ; v4: 2,121,637.16 vs printed 2,209,000.67 (-87,363.51)"
2013,FY2013,SCHOOL DEPARTMENT,Regional Dissemination Grant,72,,,10679.10,,42522.10,35.00,,,3,,one cell missing; derivable from the row itself,"v2 = 31,878.00, from this fund's own other three columns",0,check failed,"v1: 2,113,306.89 vs printed 2,062,621.79 (+50,685.10) ; v2: 5,218,326.20 vs printed 5,844,092.35 (-625,766.15) ; v3: 5,099,294.72 vs printed 5,697,713.47 (-598,418.75) ; v4: 2,121,637.16 vs printed 2,209,000.67 (-87,363.51)"
2013,FY2013,SCHOOL DEPARTMENT,Sped Program Improvement Grant,72,,,314.00,13048.00,13362.00,0.00,,,4,,fund balances: forward + receipts - disbursements = carried forward,,0,check failed,"v1: 2,113,306.89 vs printed 2,062,621.79 (+50,685.10) ; v2: 5,218,326.20 vs printed 5,844,092.35 (-625,766.15) ; v3: 5,099,294.72 vs printed 5,697,713.47 (-598,418.75) ; v4: 2,121,637.16 vs printed 2,209,000.67 (-87,363.51)"
2013,FY2013,SCHOOL DEPARTMENT,Academic Support Grant,72,,,0.00,3050.00,3050.00,0.00,,,4,,fund balances: forward + receipts - disbursements = carried forward,,0,check failed,"v1: 2,113,306.89 vs printed 2,062,621.79 (+50,685.10) ; v2: 5,218,326.20 vs printed 5,844,092.35 (-625,766.15) ; v3: 5,099,294.72 vs printed 5,697,713.47 (-598,418.75) ; v4: 2,121,637.16 vs printed 2,209,000.67 (-87,363.51)"
2013,FY2013,SCHOOL DEPARTMENT,Sped Early Childhood Grant,72,,,0.00,11935.00,11935.00,0.00,,,4,,fund balances: forward + receipts - disbursements = carried forward,,0,check failed,"v1: 2,113,306.89 vs printed 2,062,621.79 (+50,685.10) ; v2: 5,218,326.20 vs printed 5,844,092.35 (-625,766.15) ; v3: 5,099,294.72 vs printed 5,697,713.47 (-598,418.75) ; v4: 2,121,637.16 vs printed 2,209,000.67 (-87,363.51)"
2013,FY2013,PUBLIC SAFETY,Insurance Recoveries - Police,72,,,4991.63,,3452.06,1539.57,,,3,,one cell missing; derivable from the row itself,"v2 = -0.00, from this fund's own other three columns",0,check failed,"v1: 2,113,306.89 vs printed 2,062,621.79 (+50,685.10) ; v2: 5,218,326.20 vs printed 5,844,092.35 (-625,766.15) ; v3: 5,099,294.72 vs printed 5,697,713.47 (-598,418.75) ; v4: 2,121,637.16 vs printed 2,209,000.67 (-87,363.51)"
2013,FY2013,PUBLIC SAFETY,Community Policing FY 96,72,,,6.56,,,6.55,,,2,,,,0,check failed,"v1: 2,113,306.89 vs printed 2,062,621.79 (+50,685.10) ; v2: 5,218,326.20 vs printed 5,844,092.35 (-625,766.15) ; v3: 5,099,294.72 vs printed 5,697,713.47 (-598,418.75) ; v4: 2,121,637.16 vs printed 2,209,000.67 (-87,363.51)"
2013,FY2013,PUBLIC SAFETY,Community Policing FY 97,72,,,51.97,,,1.97,,,2,,,,0,check failed,"v1: 2,113,306.89 vs printed 2,062,621.79 (+50,685.10) ; v2: 5,218,326.20 vs printed 5,844,092.35 (-625,766.15) ; v3: 5,099,294.72 vs printed 5,697,713.47 (-598,418.75) ; v4: 2,121,637.16 vs printed 2,209,000.67 (-87,363.51)"
2013,FY2013,PUBLIC SAFETY,Community Policing FY 98,72,,,0.66,,,0.66,,,2,,,,0,check failed,"v1: 2,113,306.89 vs printed 2,062,621.79 (+50,685.10) ; v2: 5,218,326.20 vs printed 5,844,092.35 (-625,766.15) ; v3: 5,099,294.72 vs printed 5,697,713.47 (-598,418.75) ; v4: 2,121,637.16 vs printed 2,209,000.67 (-87,363.51)"
2013,FY2013,PUBLIC SAFETY,,72,,,68.00,,,,,,1,,,,0,check failed,"v1: 2,113,306.89 vs printed 2,062,621.79 (+50,685.10) ; v2: 5,218,326.20 vs printed 5,844,092.35 (-625,766.15) ; v3: 5,099,294.72 vs printed 5,697,713.47 (-598,418.75) ; v4: 2,121,637.16 vs printed 2,209,000.67 (-87,363.51)"
2013,FY2013,PUBLIC SAFETY,D.A.R.E. 1 Grant FY 97,73,,,0.25,,,0.25,,,2,,,,0,check failed,"v1: 2,113,306.89 vs printed 2,062,621.79 (+50,685.10) ; v2: 5,218,326.20 vs printed 5,844,092.35 (-625,766.15) ; v3: 5,099,294.72 vs printed 5,697,713.47 (-598,418.75) ; v4: 2,121,637.16 vs printed 2,209,000.67 (-87,363.51)"
2013,FY2013,PUBLIC SAFETY,Community Policing,73,,,2291.12,,,2291.12,,,2,,,,0,check failed,"v1: 2,113,306.89 vs printed 2,062,621.79 (+50,685.10) ; v2: 5,218,326.20 vs printed 5,844,092.35 (-625,766.15) ; v3: 5,099,294.72 vs printed 5,697,713.47 (-598,418.75) ; v4: 2,121,637.16 vs printed 2,209,000.67 (-87,363.51)"
2013,FY2013,PUBLIC SAFETY,Cops Universal Hiring,73,,,1289.84,,,1289.84,,,2,,,,0,check failed,"v1: 2,113,306.89 vs printed 2,062,621.79 (+50,685.10) ; v2: 5,218,326.20 vs printed 5,844,092.35 (-625,766.15) ; v3: 5,099,294.72 vs printed 5,697,713.47 (-598,418.75) ; v4: 2,121,637.16 vs printed 2,209,000.67 (-87,363.51)"
2013,FY2013,PUBLIC SAFETY,Underage Alcohol Enforcement Grant,73,,,-56.19,,,-56.19,,,2,,,,0,check failed,"v1: 2,113,306.89 vs printed 2,062,621.79 (+50,685.10) ; v2: 5,218,326.20 vs printed 5,844,092.35 (-625,766.15) ; v3: 5,099,294.72 vs printed 5,697,713.47 (-598,418.75) ; v4: 2,121,637.16 vs printed 2,209,000.67 (-87,363.51)"
2013,FY2013,PUBLIC SAFETY,EOPS Vest Reimbursement,73,,,1862.50,,,1862.50,,,2,,,,0,check failed,"v1: 2,113,306.89 vs printed 2,062,621.79 (+50,685.10) ; v2: 5,218,326.20 vs printed 5,844,092.35 (-625,766.15) ; v3: 5,099,294.72 vs printed 5,697,713.47 (-598,418.75) ; v4: 2,121,637.16 vs printed 2,209,000.67 (-87,363.51)"
2013,FY2013,PUBLIC SAFETY,NWC Drug Task Force Grant,73,,,-323.52,,,-323.52,,,2,,,,0,check failed,"v1: 2,113,306.89 vs printed 2,062,621.79 (+50,685.10) ; v2: 5,218,326.20 vs printed 5,844,092.35 (-625,766.15) ; v3: 5,099,294.72 vs printed 5,697,713.47 (-598,418.75) ; v4: 2,121,637.16 vs printed 2,209,000.67 (-87,363.51)"
2013,FY2013,PUBLIC SAFETY,Protective Order Grant Program,73,,,135.15,,,135.15,,,2,,,,0,check failed,"v1: 2,113,306.89 vs printed 2,062,621.79 (+50,685.10) ; v2: 5,218,326.20 vs printed 5,844,092.35 (-625,766.15) ; v3: 5,099,294.72 vs printed 5,697,713.47 (-598,418.75) ; v4: 2,121,637.16 vs printed 2,209,000.67 (-87,363.51)"
2013,FY2013,PUBLIC SAFETY,Walmart Grant - Police Dept.,73,,,1000.00,,,1000.00,,,2,,,,0,check failed,"v1: 2,113,306.89 vs printed 2,062,621.79 (+50,685.10) ; v2: 5,218,326.20 vs printed 5,844,092.35 (-625,766.15) ; v3: 5,099,294.72 vs printed 5,697,713.47 (-598,418.75) ; v4: 2,121,637.16 vs printed 2,209,000.67 (-87,363.51)"
2013,FY2013,PUBLIC SAFETY,Firefighter PS Equipment Grant,73,,,30.00,,,30.00,,,2,,,,0,check failed,"v1: 2,113,306.89 vs printed 2,062,621.79 (+50,685.10) ; v2: 5,218,326.20 vs printed 5,844,092.35 (-625,766.15) ; v3: 5,099,294.72 vs printed 5,697,713.47 (-598,418.75) ; v4: 2,121,637.16 vs printed 2,209,000.67 (-87,363.51)"
2013,FY2013,PUBLIC SAFETY,Firefighter Safety Equipment Grant,73,,,9.84,,,9.84,,,2,,,,0,check failed,"v1: 2,113,306.89 vs printed 2,062,621.79 (+50,685.10) ; v2: 5,218,326.20 vs printed 5,844,092.35 (-625,766.15) ; v3: 5,099,294.72 vs printed 5,697,713.47 (-598,418.75) ; v4: 2,121,637.16 vs printed 2,209,000.67 (-87,363.51)"
2013,FY2013,PUBLIC SAFETY,State 911 Grant - Fire Dept,73,,,-4018.50,2552.38,27802.18,-29268.30,,,4,,fund balances: forward + receipts - disbursements = carried forward,,0,check failed,"v1: 2,113,306.89 vs printed 2,062,621.79 (+50,685.10) ; v2: 5,218,326.20 vs printed 5,844,092.35 (-625,766.15) ; v3: 5,099,294.72 vs printed 5,697,713.47 (-598,418.75) ; v4: 2,121,637.16 vs printed 2,209,000.67 (-87,363.51)"
2013,FY2013,PUBLIC SAFETY,Police/Fire Special Details,73,,,13706.98,216755.89,216816.86,13646.01,,,4,,fund balances: forward + receipts - disbursements = carried forward,,0,check failed,"v1: 2,113,306.89 vs printed 2,062,621.79 (+50,685.10) ; v2: 5,218,326.20 vs printed 5,844,092.35 (-625,766.15) ; v3: 5,099,294.72 vs printed 5,697,713.47 (-598,418.75) ; v4: 2,121,637.16 vs printed 2,209,000.67 (-87,363.51)"
2013,FY2013,PUBLIC SAFETY,Coastal/Patriot Ambulance Revolving,73,,,579.06,62552.53,62552.53,579.06,,,4,,fund balances: forward + receipts - disbursements = carried forward,,0,check failed,"v1: 2,113,306.89 vs printed 2,062,621.79 (+50,685.10) ; v2: 5,218,326.20 vs printed 5,844,092.35 (-625,766.15) ; v3: 5,099,294.72 vs printed 5,697,713.47 (-598,418.75) ; v4: 2,121,637.16 vs printed 2,209,000.67 (-87,363.51)"
2013,FY2013,PUBLIC SAFETY,Firefighter Equipment Grant - FY05,73,,,419.60,,,419.60,,,2,,,,0,check failed,"v1: 2,113,306.89 vs printed 2,062,621.79 (+50,685.10) ; v2: 5,218,326.20 vs printed 5,844,092.35 (-625,766.15) ; v3: 5,099,294.72 vs printed 5,697,713.47 (-598,418.75) ; v4: 2,121,637.16 vs printed 2,209,000.67 (-87,363.51)"
2013,FY2013,PUBLIC SAFETY,Confined Space Training,73,,,1956.77,,,1956.77,,,2,,,,0,check failed,"v1: 2,113,306.89 vs printed 2,062,621.79 (+50,685.10) ; v2: 5,218,326.20 vs printed 5,844,092.35 (-625,766.15) ; v3: 5,099,294.72 vs printed 5,697,713.47 (-598,418.75) ; v4: 2,121,637.16 vs printed 2,209,000.67 (-87,363.51)"
2013,FY2013,PUBLIC SAFETY,Police NRA Foundation Grant,73,,,0.10,,,0.10,,,2,,,,0,check failed,"v1: 2,113,306.89 vs printed 2,062,621.79 (+50,685.10) ; v2: 5,218,326.20 vs printed 5,844,092.35 (-625,766.15) ; v3: 5,099,294.72 vs printed 5,697,713.47 (-598,418.75) ; v4: 2,121,637.16 vs printed 2,209,000.67 (-87,363.51)"
2013,FY2013,PUBLIC SAFETY,COPS Secure Our Schools,73,,,0.82,,,0.82,,,2,,,,0,check failed,"v1: 2,113,306.89 vs printed 2,062,621.79 (+50,685.10) ; v2: 5,218,326.20 vs printed 5,844,092.35 (-625,766.15) ; v3: 5,099,294.72 vs printed 5,697,713.47 (-598,418.75) ; v4: 2,121,637.16 vs printed 2,209,000.67 (-87,363.51)"
2013,FY2013,PUBLIC SAFETY,GHSB Click It Or Ticket,73,,,22.22,1219.60,1859.19,-617.37,,,4,,fund balances: forward + receipts - disbursements = carried forward,,0,check failed,"v1: 2,113,306.89 vs printed 2,062,621.79 (+50,685.10) ; v2: 5,218,326.20 vs printed 5,844,092.35 (-625,766.15) ; v3: 5,099,294.72 vs printed 5,697,713.47 (-598,418.75) ; v4: 2,121,637.16 vs printed 2,209,000.67 (-87,363.51)"
2013,FY2013,PUBLIC SAFETY,Commonwealth Security Trust Fund Grant,73,,,0.00,19812.05,19812.05,0.00,,,4,,fund balances: forward + receipts - disbursements = carried forward,,0,check failed,"v1: 2,113,306.89 vs printed 2,062,621.79 (+50,685.10) ; v2: 5,218,326.20 vs printed 5,844,092.35 (-625,766.15) ; v3: 5,099,294.72 vs printed 5,697,713.47 (-598,418.75) ; v4: 2,121,637.16 vs printed 2,209,000.67 (-87,363.51)"
2013,FY2013,PUBLIC SAFETY,Child Protective Safety Grant,73,,,0.00,1486.35,1487.35,-1.00,,,4,,fund balances: forward + receipts - disbursements = carried forward,,0,check failed,"v1: 2,113,306.89 vs printed 2,062,621.79 (+50,685.10) ; v2: 5,218,326.20 vs printed 5,844,092.35 (-625,766.15) ; v3: 5,099,294.72 vs printed 5,697,713.47 (-598,418.75) ; v4: 2,121,637.16 vs printed 2,209,000.67 (-87,363.51)"
2013,FY2013,PUBLIC SAFETY,Federal Drug Forfeiture,73,yes,,0.00,3843.27,,3843.27,,,3,,subtotal: equals the 2 rows above it,,0,check failed,"v1: 2,113,306.89 vs printed 2,062,621.79 (+50,685.10) ; v2: 5,218,326.20 vs printed 5,844,092.35 (-625,766.15) ; v3: 5,099,294.72 vs printed 5,697,713.47 (-598,418.75) ; v4: 2,121,637.16 vs printed 2,209,000.67 (-87,363.51)"
2013,FY2013,PUBLIC SAFETY,EMPG Grant,73,,,0.01,,6075.55,-6075.54,,,3,,one cell missing; derivable from the row itself,"v2 = 0.00, from this fund's own other three columns",0,check failed,"v1: 2,113,306.89 vs printed 2,062,621.79 (+50,685.10) ; v2: 5,218,326.20 vs printed 5,844,092.35 (-625,766.15) ; v3: 5,099,294.72 vs printed 5,697,713.47 (-598,418.75) ; v4: 2,121,637.16 vs printed 2,209,000.67 (-87,363.51)"
2013,FY2013,PARKS & RECREATION,Park User Fees,73,,,10653.69,10453.42,15534.30,5572.81,,,4,,fund balances: forward + receipts - disbursements = carried forward,,0,check failed,"v1: 2,113,306.89 vs printed 2,062,621.79 (+50,685.10) ; v2: 5,218,326.20 vs printed 5,844,092.35 (-625,766.15) ; v3: 5,099,294.72 vs printed 5,697,713.47 (-598,418.75) ; v4: 2,121,637.16 vs printed 2,209,000.67 (-87,363.51)"
2013,FY2013,PARKS & RECREATION,Park Gift Fund,73,,,1857.65,23141.35,24999.00,0.00,,,4,,fund balances: forward + receipts - disbursements = carried forward,,0,check failed,"v1: 2,113,306.89 vs printed 2,062,621.79 (+50,685.10) ; v2: 5,218,326.20 vs printed 5,844,092.35 (-625,766.15) ; v3: 5,099,294.72 vs printed 5,697,713.47 (-598,418.75) ; v4: 2,121,637.16 vs printed 2,209,000.67 (-87,363.51)"
2013,FY2013,PARKS & RECREATION,,73,,,69.00,,,,,,1,,,,0,check failed,"v1: 2,113,306.89 vs printed 2,062,621.79 (+50,685.10) ; v2: 5,218,326.20 vs printed 5,844,092.35 (-625,766.15) ; v3: 5,099,294.72 vs printed 5,697,713.47 (-598,418.75) ; v4: 2,121,637.16 vs printed 2,209,000.67 (-87,363.51)"
2013,FY2013,PARKS & RECREATION,,74,,,0.00,3330.00,,3330.00,,,3,,one cell missing; derivable from the row itself,"v3 = 0.00, from this fund's own other three columns",0,check failed,"v1: 2,113,306.89 vs printed 2,062,621.79 (+50,685.10) ; v2: 5,218,326.20 vs printed 5,844,092.35 (-625,766.15) ; v3: 5,099,294.72 vs printed 5,697,713.47 (-598,418.75) ; v4: 2,121,637.16 vs printed 2,209,000.67 (-87,363.51)"
2013,FY2013,DPW Roads Gift Fund,,74,,,0.00,100.00,100.00,0.00,,,4,,fund balances: forward + receipts - disbursements = carried forward,,0,check failed,"v1: 2,113,306.89 vs printed 2,062,621.79 (+50,685.10) ; v2: 5,218,326.20 vs printed 5,844,092.35 (-625,766.15) ; v3: 5,099,294.72 vs printed 5,697,713.47 (-598,418.75) ; v4: 2,121,637.16 vs printed 2,209,000.67 (-87,363.51)"
2013,FY2013,Highway Insurance Recoveries,,74,,,0.11,,,0.11,,,2,,,,0,check failed,"v1: 2,113,306.89 vs printed 2,062,621.79 (+50,685.10) ; v2: 5,218,326.20 vs printed 5,844,092.35 (-625,766.15) ; v3: 5,099,294.72 vs printed 5,697,713.47 (-598,418.75) ; v4: 2,121,637.16 vs printed 2,209,000.67 (-87,363.51)"
2013,FY2013,COUNCIL ON AGING,,74,,,,39349.10,37937.21,-5405.28,,,3,,one cell missing; derivable from the row itself,"v1 = -6,817.17, from this fund's own other three columns",0,check failed,"v1: 2,113,306.89 vs printed 2,062,621.79 (+50,685.10) ; v2: 5,218,326.20 vs printed 5,844,092.35 (-625,766.15) ; v3: 5,099,294.72 vs printed 5,697,713.47 (-598,418.75) ; v4: 2,121,637.16 vs printed 2,209,000.67 (-87,363.51)"
2013,FY2013,COUNCIL ON AGING,,74,,,,14742.00,14742.00,0.00,,,3,,one cell missing; derivable from the row itself,"v1 = 0.00, from this fund's own other three columns",0,check failed,"v1: 2,113,306.89 vs printed 2,062,621.79 (+50,685.10) ; v2: 5,218,326.20 vs printed 5,844,092.35 (-625,766.15) ; v3: 5,099,294.72 vs printed 5,697,713.47 (-598,418.75) ; v4: 2,121,637.16 vs printed 2,209,000.67 (-87,363.51)"
2013,FY2013,COUNCIL ON AGING,,74,,,1680.21,,,1680.21,,,2,,,,0,check failed,"v1: 2,113,306.89 vs printed 2,062,621.79 (+50,685.10) ; v2: 5,218,326.20 vs printed 5,844,092.35 (-625,766.15) ; v3: 5,099,294.72 vs printed 5,697,713.47 (-598,418.75) ; v4: 2,121,637.16 vs printed 2,209,000.67 (-87,363.51)"
2013,FY2013,COUNCIL ON AGING,,74,,,24.00,,,24.00,,,2,,,,0,check failed,"v1: 2,113,306.89 vs printed 2,062,621.79 (+50,685.10) ; v2: 5,218,326.20 vs printed 5,844,092.35 (-625,766.15) ; v3: 5,099,294.72 vs printed 5,697,713.47 (-598,418.75) ; v4: 2,121,637.16 vs printed 2,209,000.67 (-87,363.51)"
2013,FY2013,LIBRARY,,74,,,37685.29,11708.70,8321.13,41072.86,,,4,,fund balances: forward + receipts - disbursements = carried forward,,0,check failed,"v1: 2,113,306.89 vs printed 2,062,621.79 (+50,685.10) ; v2: 5,218,326.20 vs printed 5,844,092.35 (-625,766.15) ; v3: 5,099,294.72 vs printed 5,697,713.47 (-598,418.75) ; v4: 2,121,637.16 vs printed 2,209,000.67 (-87,363.51)"
2013,FY2013,LIBRARY,,74,,,12606.47,3640.00,150.00,16096.47,,,4,,fund balances: forward + receipts - disbursements = carried forward,,0,check failed,"v1: 2,113,306.89 vs printed 2,062,621.79 (+50,685.10) ; v2: 5,218,326.20 vs printed 5,844,092.35 (-625,766.15) ; v3: 5,099,294.72 vs printed 5,697,713.47 (-598,418.75) ; v4: 2,121,637.16 vs printed 2,209,000.67 (-87,363.51)"
2013,FY2013,Library Gift Fund,,74,,,1670.42,7045.24,7370.69,1344.97,,,4,,fund balances: forward + receipts - disbursements = carried forward,,0,check failed,"v1: 2,113,306.89 vs printed 2,062,621.79 (+50,685.10) ; v2: 5,218,326.20 vs printed 5,844,092.35 (-625,766.15) ; v3: 5,099,294.72 vs printed 5,697,713.47 (-598,418.75) ; v4: 2,121,637.16 vs printed 2,209,000.67 (-87,363.51)"
2013,FY2013,Library Revolving Fund,FYO7 Public Libraries Fund,74,,,571.17,,,571.17,,,2,,,,0,check failed,"v1: 2,113,306.89 vs printed 2,062,621.79 (+50,685.10) ; v2: 5,218,326.20 vs printed 5,844,092.35 (-625,766.15) ; v3: 5,099,294.72 vs printed 5,697,713.47 (-598,418.75) ; v4: 2,121,637.16 vs printed 2,209,000.67 (-87,363.51)"
2013,FY2013,Library Revolving Fund,,74,,,179574.57,4787.35,,184361.92,,,3,,one cell missing; derivable from the row itself,"v3 = 0.00, from this fund's own other three columns",0,check failed,"v1: 2,113,306.89 vs printed 2,062,621.79 (+50,685.10) ; v2: 5,218,326.20 vs printed 5,844,092.35 (-625,766.15) ; v3: 5,099,294.72 vs printed 5,697,713.47 (-598,418.75) ; v4: 2,121,637.16 vs printed 2,209,000.67 (-87,363.51)"
2013,FY2013,Library Revolving Fund,Elderly/Disabled Fund,74,,,2487.14,,,2487.14,,,2,,,,0,check failed,"v1: 2,113,306.89 vs printed 2,062,621.79 (+50,685.10) ; v2: 5,218,326.20 vs printed 5,844,092.35 (-625,766.15) ; v3: 5,099,294.72 vs printed 5,697,713.47 (-598,418.75) ; v4: 2,121,637.16 vs printed 2,209,000.67 (-87,363.51)"
2013,FY2013,Library Revolving Fund,,74,,,6506.37,,300.00,6206.37,,,3,,one cell missing; derivable from the row itself,"v2 = 0.00, from this fund's own other three columns",0,check failed,"v1: 2,113,306.89 vs printed 2,062,621.79 (+50,685.10) ; v2: 5,218,326.20 vs printed 5,844,092.35 (-625,766.15) ; v3: 5,099,294.72 vs printed 5,697,713.47 (-598,418.75) ; v4: 2,121,637.16 vs printed 2,209,000.67 (-87,363.51)"
2013,FY2013,Library Revolving Fund,,74,,,137.36,,,137.36,,,2,,,,0,check failed,"v1: 2,113,306.89 vs printed 2,062,621.79 (+50,685.10) ; v2: 5,218,326.20 vs printed 5,844,092.35 (-625,766.15) ; v3: 5,099,294.72 vs printed 5,697,713.47 (-598,418.75) ; v4: 2,121,637.16 vs printed 2,209,000.67 (-87,363.51)"
2013,FY2013,Library Revolving Fund,FEMA Grant - October 2011 Storm,74,,,-605173.18,490483.63,-3209.47,-111480.08,,,4,,fund balances: forward + receipts - disbursements = carried forward,,0,check failed,"v1: 2,113,306.89 vs printed 2,062,621.79 (+50,685.10) ; v2: 5,218,326.20 vs printed 5,844,092.35 (-625,766.15) ; v3: 5,099,294.72 vs printed 5,697,713.47 (-598,418.75) ; v4: 2,121,637.16 vs printed 2,209,000.67 (-87,363.51)"
2013,FY2013,Library Revolving Fund,Mass Historical Comm Grant-Town,74,,,,,,4150.00,,,1,,,,0,check failed,"v1: 2,113,306.89 vs printed 2,062,621.79 (+50,685.10) ; v2: 5,218,326.20 vs printed 5,844,092.35 (-625,766.15) ; v3: 5,099,294.72 vs printed 5,697,713.47 (-598,418.75) ; v4: 2,121,637.16 vs printed 2,209,000.67 (-87,363.51)"
2013,FY2013,Library Revolving Fund,Police Gift Fund,74,,,835.22,,,835.22,,,2,,,,0,check failed,"v1: 2,113,306.89 vs printed 2,062,621.79 (+50,685.10) ; v2: 5,218,326.20 vs printed 5,844,092.35 (-625,766.15) ; v3: 5,099,294.72 vs printed 5,697,713.47 (-598,418.75) ; v4: 2,121,637.16 vs printed 2,209,000.67 (-87,363.51)"
2013,FY2013,Library Revolving Fund,,74,,,446.47,2300.00,2079.09,667.38,,,4,,fund balances: forward + receipts - disbursements = carried forward,,0,check failed,"v1: 2,113,306.89 vs printed 2,062,621.79 (+50,685.10) ; v2: 5,218,326.20 vs printed 5,844,092.35 (-625,766.15) ; v3: 5,099,294.72 vs printed 5,697,713.47 (-598,418.75) ; v4: 2,121,637.16 vs printed 2,209,000.67 (-87,363.51)"
2013,FY2013,Public Safety Gift Fund,,74,,,3383.16,1816.95,,5200.11,,,3,,one cell missing; derivable from the row itself,"v3 = 0.00, from this fund's own other three columns",0,check failed,"v1: 2,113,306.89 vs printed 2,062,621.79 (+50,685.10) ; v2: 5,218,326.20 vs printed 5,844,092.35 (-625,766.15) ; v3: 5,099,294.72 vs printed 5,697,713.47 (-598,418.75) ; v4: 2,121,637.16 vs printed 2,209,000.67 (-87,363.51)"
2013,FY2013,Council on Aging Gift Fund,,74,,,4079.03,,,4079.03,,,2,,,,0,check failed,"v1: 2,113,306.89 vs printed 2,062,621.79 (+50,685.10) ; v2: 5,218,326.20 vs printed 5,844,092.35 (-625,766.15) ; v3: 5,099,294.72 vs printed 5,697,713.47 (-598,418.75) ; v4: 2,121,637.16 vs printed 2,209,000.67 (-87,363.51)"
2013,FY2013,Council on Aging Gift Fund,WPAT Septic Receipts Reserved,74,,,97475.75,7363.32,10872.00,93967.07,,,4,,fund balances: forward + receipts - disbursements = carried forward,,0,check failed,"v1: 2,113,306.89 vs printed 2,062,621.79 (+50,685.10) ; v2: 5,218,326.20 vs printed 5,844,092.35 (-625,766.15) ; v3: 5,099,294.72 vs printed 5,697,713.47 (-598,418.75) ; v4: 2,121,637.16 vs printed 2,209,000.67 (-87,363.51)"
2013,FY2013,Council on Aging Gift Fund,,74,,,70.00,,,,,,1,,,,0,check failed,"v1: 2,113,306.89 vs printed 2,062,621.79 (+50,685.10) ; v2: 5,218,326.20 vs printed 5,844,092.35 (-625,766.15) ; v3: 5,099,294.72 vs printed 5,697,713.47 (-598,418.75) ; v4: 2,121,637.16 vs printed 2,209,000.67 (-87,363.51)"
2013,FY2013,Council on Aging Gift Fund,E.O.C.D. Septic i Grant,75,,,98391.66,906.34,357.29,98940.71,,,4,,fund balances: forward + receipts - disbursements = carried forward,,0,check failed,"v1: 2,113,306.89 vs printed 2,062,621.79 (+50,685.10) ; v2: 5,218,326.20 vs printed 5,844,092.35 (-625,766.15) ; v3: 5,099,294.72 vs printed 5,697,713.47 (-598,418.75) ; v4: 2,121,637.16 vs printed 2,209,000.67 (-87,363.51)"
2013,FY2013,Council on Aging Gift Fund,Water Enterprise Fund,75,,,13737.85,23827.52,14996.83,22568.54,,,4,,fund balances: forward + receipts - disbursements = carried forward,,0,check failed,"v1: 2,113,306.89 vs printed 2,062,621.79 (+50,685.10) ; v2: 5,218,326.20 vs printed 5,844,092.35 (-625,766.15) ; v3: 5,099,294.72 vs printed 5,697,713.47 (-598,418.75) ; v4: 2,121,637.16 vs printed 2,209,000.67 (-87,363.51)"
2013,FY2013,Council on Aging Gift Fund,Sewer Enterprise Fund,75,,,602676.26,580561.43,584848.90,598388.79,,,4,,fund balances: forward + receipts - disbursements = carried forward,,0,check failed,"v1: 2,113,306.89 vs printed 2,062,621.79 (+50,685.10) ; v2: 5,218,326.20 vs printed 5,844,092.35 (-625,766.15) ; v3: 5,099,294.72 vs printed 5,697,713.47 (-598,418.75) ; v4: 2,121,637.16 vs printed 2,209,000.67 (-87,363.51)"
2013,FY2013,Council on Aging Gift Fund,Sewer Betterment Fund,75,,,813348.30,668010.34,781319.00,700039.64,,,4,,fund balances: forward + receipts - disbursements = carried forward,,0,check failed,"v1: 2,113,306.89 vs printed 2,062,621.79 (+50,685.10) ; v2: 5,218,326.20 vs printed 5,844,092.35 (-625,766.15) ; v3: 5,099,294.72 vs printed 5,697,713.47 (-598,418.75) ; v4: 2,121,637.16 vs printed 2,209,000.67 (-87,363.51)"
2013,FY2013,Council on Aging Gift Fund,Public Health Emergency Preparedness,75,,,12295.09,,,12295.09,,,2,,,,0,check failed,"v1: 2,113,306.89 vs printed 2,062,621.79 (+50,685.10) ; v2: 5,218,326.20 vs printed 5,844,092.35 (-625,766.15) ; v3: 5,099,294.72 vs printed 5,697,713.47 (-598,418.75) ; v4: 2,121,637.16 vs printed 2,209,000.67 (-87,363.51)"
2013,FY2013,Council on Aging Gift Fund,CDBG Sewer Hookup Grant,75,,,-15129.87,,,-15129.87,,,2,,,,0,check failed,"v1: 2,113,306.89 vs printed 2,062,621.79 (+50,685.10) ; v2: 5,218,326.20 vs printed 5,844,092.35 (-625,766.15) ; v3: 5,099,294.72 vs printed 5,697,713.47 (-598,418.75) ; v4: 2,121,637.16 vs printed 2,209,000.67 (-87,363.51)"
2013,FY2013,Council on Aging Gift Fund,DEP Pay As You Throw Grant,75,,,4720.43,,,4720.43,,,2,,,,0,check failed,"v1: 2,113,306.89 vs printed 2,062,621.79 (+50,685.10) ; v2: 5,218,326.20 vs printed 5,844,092.35 (-625,766.15) ; v3: 5,099,294.72 vs printed 5,697,713.47 (-598,418.75) ; v4: 2,121,637.16 vs printed 2,209,000.67 (-87,363.51)"
2013,FY2013,Council on Aging Gift Fund,Recycling Outreach Fund,75,,,3800.00,,,3800.00,,,2,,,,0,check failed,"v1: 2,113,306.89 vs printed 2,062,621.79 (+50,685.10) ; v2: 5,218,326.20 vs printed 5,844,092.35 (-625,766.15) ; v3: 5,099,294.72 vs printed 5,697,713.47 (-598,418.75) ; v4: 2,121,637.16 vs printed 2,209,000.67 (-87,363.51)"
2013,FY2013,Council on Aging Gift Fund,Repayments Sewer Hookup,75,,,9222.00,,,9222.00,,,2,,,,0,check failed,"v1: 2,113,306.89 vs printed 2,062,621.79 (+50,685.10) ; v2: 5,218,326.20 vs printed 5,844,092.35 (-625,766.15) ; v3: 5,099,294.72 vs printed 5,697,713.47 (-598,418.75) ; v4: 2,121,637.16 vs printed 2,209,000.67 (-87,363.51)"
2013,FY2013,Council on Aging Gift Fund,Solid Waste/Recycling Enterprise,75,,,,263163.84,248685.61,14478.23,,,3,,one cell missing; derivable from the row itself,"v1 = -0.00, from this fund's own other three columns",0,check failed,"v1: 2,113,306.89 vs printed 2,062,621.79 (+50,685.10) ; v2: 5,218,326.20 vs printed 5,844,092.35 (-625,766.15) ; v3: 5,099,294.72 vs printed 5,697,713.47 (-598,418.75) ; v4: 2,121,637.16 vs printed 2,209,000.67 (-87,363.51)"
2013,FY2013,Council on Aging Gift Fund,CVS Volunteer Challerige Grant,75,,,500.00,,,500.00,,,2,,,,0,check failed,"v1: 2,113,306.89 vs printed 2,062,621.79 (+50,685.10) ; v2: 5,218,326.20 vs printed 5,844,092.35 (-625,766.15) ; v3: 5,099,294.72 vs printed 5,697,713.47 (-598,418.75) ; v4: 2,121,637.16 vs printed 2,209,000.67 (-87,363.51)"
2013,FY2013,Council on Aging Gift Fund,Fields Pond Foundation,75,,,1600.00,,,1600.00,,,2,,,,0,check failed,"v1: 2,113,306.89 vs printed 2,062,621.79 (+50,685.10) ; v2: 5,218,326.20 vs printed 5,844,092.35 (-625,766.15) ; v3: 5,099,294.72 vs printed 5,697,713.47 (-598,418.75) ; v4: 2,121,637.16 vs printed 2,209,000.67 (-87,363.51)"
2013,FY2013,Council on Aging Gift Fund,March for Parks,75,,,1617.25,,,1617.25,,,2,,,,0,check failed,"v1: 2,113,306.89 vs printed 2,062,621.79 (+50,685.10) ; v2: 5,218,326.20 vs printed 5,844,092.35 (-625,766.15) ; v3: 5,099,294.72 vs printed 5,697,713.47 (-598,418.75) ; v4: 2,121,637.16 vs printed 2,209,000.67 (-87,363.51)"
2013,FY2013,Council on Aging Gift Fund,Lake Shirley Low Impact Grant,75,,,-6012.00,,,-6012.00,,,2,,,,0,check failed,"v1: 2,113,306.89 vs printed 2,062,621.79 (+50,685.10) ; v2: 5,218,326.20 vs printed 5,844,092.35 (-625,766.15) ; v3: 5,099,294.72 vs printed 5,697,713.47 (-598,418.75) ; v4: 2,121,637.16 vs printed 2,209,000.67 (-87,363.51)"
2013,FY2013,Council on Aging Gift Fund,Skate Park Fund,75,,,197.00,,,197.00,,,2,,,,0,check failed,"v1: 2,113,306.89 vs printed 2,062,621.79 (+50,685.10) ; v2: 5,218,326.20 vs printed 5,844,092.35 (-625,766.15) ; v3: 5,099,294.72 vs printed 5,697,713.47 (-598,418.75) ; v4: 2,121,637.16 vs printed 2,209,000.67 (-87,363.51)"
2013,FY2013,Council on Aging Gift Fund,Weights/Measures Citation Fund,75,,,325.00,,,325.00,,,2,,,,0,check failed,"v1: 2,113,306.89 vs printed 2,062,621.79 (+50,685.10) ; v2: 5,218,326.20 vs printed 5,844,092.35 (-625,766.15) ; v3: 5,099,294.72 vs printed 5,697,713.47 (-598,418.75) ; v4: 2,121,637.16 vs printed 2,209,000.67 (-87,363.51)"
2013,FY2013,Council on Aging Gift Fund,Marshall Park Restoration Fund,75,,,125.00,,,125.00,,,2,,,,0,check failed,"v1: 2,113,306.89 vs printed 2,062,621.79 (+50,685.10) ; v2: 5,218,326.20 vs printed 5,844,092.35 (-625,766.15) ; v3: 5,099,294.72 vs printed 5,697,713.47 (-598,418.75) ; v4: 2,121,637.16 vs printed 2,209,000.67 (-87,363.51)"
2013,FY2013,Council on Aging Gift Fund,Comcast Technology Capital Grant,75,,,39796.01,,,39796.01,,,2,,,,0,check failed,"v1: 2,113,306.89 vs printed 2,062,621.79 (+50,685.10) ; v2: 5,218,326.20 vs printed 5,844,092.35 (-625,766.15) ; v3: 5,099,294.72 vs printed 5,697,713.47 (-598,418.75) ; v4: 2,121,637.16 vs printed 2,209,000.67 (-87,363.51)"
2013,FY2013,Council on Aging Gift Fund,Sale of Real Estate Fund,75,,,9925.00,,,9925.00,,,2,,,,0,check failed,"v1: 2,113,306.89 vs printed 2,062,621.79 (+50,685.10) ; v2: 5,218,326.20 vs printed 5,844,092.35 (-625,766.15) ; v3: 5,099,294.72 vs printed 5,697,713.47 (-598,418.75) ; v4: 2,121,637.16 vs printed 2,209,000.67 (-87,363.51)"
2013,FY2013,Council on Aging Gift Fund,Arts Lottery Fund,75,,,5306.51,3879.07,3420.00,5765.58,,,4,,fund balances: forward + receipts - disbursements = carried forward,,0,check failed,"v1: 2,113,306.89 vs printed 2,062,621.79 (+50,685.10) ; v2: 5,218,326.20 vs printed 5,844,092.35 (-625,766.15) ; v3: 5,099,294.72 vs printed 5,697,713.47 (-598,418.75) ; v4: 2,121,637.16 vs printed 2,209,000.67 (-87,363.51)"
2013,FY2013,Council on Aging Gift Fund,LE.A.P. Fund,75,,,245749.92,85490.42,90087.97,241152.37,,,4,,fund balances: forward + receipts - disbursements = carried forward,,0,check failed,"v1: 2,113,306.89 vs printed 2,062,621.79 (+50,685.10) ; v2: 5,218,326.20 vs printed 5,844,092.35 (-625,766.15) ; v3: 5,099,294.72 vs printed 5,697,713.47 (-598,418.75) ; v4: 2,121,637.16 vs printed 2,209,000.67 (-87,363.51)"
2013,FY2013,Council on Aging Gift Fund,Debris Removal Gift Fund,75,,,,,,676.00,,,1,,,,0,check failed,"v1: 2,113,306.89 vs printed 2,062,621.79 (+50,685.10) ; v2: 5,218,326.20 vs printed 5,844,092.35 (-625,766.15) ; v3: 5,099,294.72 vs printed 5,697,713.47 (-598,418.75) ; v4: 2,121,637.16 vs printed 2,209,000.67 (-87,363.51)"
2013,FY2013,Council on Aging Gift Fund,Citizens Relief Fund,75,,,200.00,,,200.00,,,2,,,,0,check failed,"v1: 2,113,306.89 vs printed 2,062,621.79 (+50,685.10) ; v2: 5,218,326.20 vs printed 5,844,092.35 (-625,766.15) ; v3: 5,099,294.72 vs printed 5,697,713.47 (-598,418.75) ; v4: 2,121,637.16 vs printed 2,209,000.67 (-87,363.51)"
2013,FY2013,Council on Aging Gift Fund,Hollis Road Revolving,75,,,7577.63,3500.00,,11077.63,,,3,,one cell missing; derivable from the row itself,"v3 = 0.00, from this fund's own other three columns",0,check failed,"v1: 2,113,306.89 vs printed 2,062,621.79 (+50,685.10) ; v2: 5,218,326.20 vs printed 5,844,092.35 (-625,766.15) ; v3: 5,099,294.72 vs printed 5,697,713.47 (-598,418.75) ; v4: 2,121,637.16 vs printed 2,209,000.67 (-87,363.51)"
2013,FY2013,Council on Aging Gift Fund,,75,,,71.00,,,,,,1,,,,0,check failed,"v1: 2,113,306.89 vs printed 2,062,621.79 (+50,685.10) ; v2: 5,218,326.20 vs printed 5,844,092.35 (-625,766.15) ; v3: 5,099,294.72 vs printed 5,697,713.47 (-598,418.75) ; v4: 2,121,637.16 vs printed 2,209,000.67 (-87,363.51)"
2014,FY2014,GENERAL GOVERNMENT,Regional Assessor Fund,29,,FISCAL YEAR ENDING 6/30/14 ; FORWARD | TOTAL | TOTAL | BALANCE FWD ; PROGRAM NAME | 7/1/2013 | RECEIPTS | DISBURSEMENTS | 7/1/2014 ; GENERAL GOVERNMENT,30907.25,,,30907.25,,,2,,,,1,check failed,"v1: 2,242,812.24 vs printed 2,209,000.67 (+33,811.57) ; v2: 5,443,975.18 vs printed 5,443,849.18 (+126.00) ; v3: 4,853,456.99 vs printed 5,052,956.22 (-199,499.23) ; v4: 2,599,893.63 vs printed 2,599,893.63"
2014,FY2014,GENERAL GOVERNMENT,Conservation Fund,29,,FISCAL YEAR ENDING 6/30/14 ; FORWARD | TOTAL | TOTAL | BALANCE FWD ; PROGRAM NAME | 7/1/2013 | RECEIPTS | DISBURSEMENTS | 7/1/2014 ; GENERAL GOVERNMENT,319.59,,,319.59,,,2,,,,1,check failed,"v1: 2,242,812.24 vs printed 2,209,000.67 (+33,811.57) ; v2: 5,443,975.18 vs printed 5,443,849.18 (+126.00) ; v3: 4,853,456.99 vs printed 5,052,956.22 (-199,499.23) ; v4: 2,599,893.63 vs printed 2,599,893.63"
2014,FY2014,GENERAL GOVERNMENT,Conservation Consultant Revolving,29,,FISCAL YEAR ENDING 6/30/14 ; FORWARD | TOTAL | TOTAL | BALANCE FWD ; PROGRAM NAME | 7/1/2013 | RECEIPTS | DISBURSEMENTS | 7/1/2014 ; GENERAL GOVERNMENT,120.50,,,120.50,,,2,,,,1,check failed,"v1: 2,242,812.24 vs printed 2,209,000.67 (+33,811.57) ; v2: 5,443,975.18 vs printed 5,443,849.18 (+126.00) ; v3: 4,853,456.99 vs printed 5,052,956.22 (-199,499.23) ; v4: 2,599,893.63 vs printed 2,599,893.63"
2014,FY2014,GENERAL GOVERNMENT,Zoning Board Consultant Revolving,29,,FISCAL YEAR ENDING 6/30/14 ; FORWARD | TOTAL | TOTAL | BALANCE FWD ; PROGRAM NAME | 7/1/2013 | RECEIPTS | DISBURSEMENTS | 7/1/2014 ; GENERAL GOVERNMENT,10946.46,32200.00,26632.95,16513.51,,,4,,fund balances: forward + receipts - disbursements = carried forward,,1,check failed,"v1: 2,242,812.24 vs printed 2,209,000.67 (+33,811.57) ; v2: 5,443,975.18 vs printed 5,443,849.18 (+126.00) ; v3: 4,853,456.99 vs printed 5,052,956.22 (-199,499.23) ; v4: 2,599,893.63 vs printed 2,599,893.63"
2014,FY2014,GENERAL GOVERNMENT,Conservation Gift Fund-Cook Farm,29,,FISCAL YEAR ENDING 6/30/14 ; FORWARD | TOTAL | TOTAL | BALANCE FWD ; PROGRAM NAME | 7/1/2013 | RECEIPTS | DISBURSEMENTS | 7/1/2014 ; GENERAL GOVERNMENT,148.00,,,148.00,,,2,,,,1,check failed,"v1: 2,242,812.24 vs printed 2,209,000.67 (+33,811.57) ; v2: 5,443,975.18 vs printed 5,443,849.18 (+126.00) ; v3: 4,853,456.99 vs printed 5,052,956.22 (-199,499.23) ; v4: 2,599,893.63 vs printed 2,599,893.63"
2014,FY2014,GENERAL GOVERNMENT,Town Records Gift Fund,29,,FISCAL YEAR ENDING 6/30/14 ; FORWARD | TOTAL | TOTAL | BALANCE FWD ; PROGRAM NAME | 7/1/2013 | RECEIPTS | DISBURSEMENTS | 7/1/2014 ; GENERAL GOVERNMENT,252.35,,,252.35,,,2,,,,1,check failed,"v1: 2,242,812.24 vs printed 2,209,000.67 (+33,811.57) ; v2: 5,443,975.18 vs printed 5,443,849.18 (+126.00) ; v3: 4,853,456.99 vs printed 5,052,956.22 (-199,499.23) ; v4: 2,599,893.63 vs printed 2,599,893.63"
2014,FY2014,GENERAL GOVERNMENT,Scholarship Fund,29,,FISCAL YEAR ENDING 6/30/14 ; FORWARD | TOTAL | TOTAL | BALANCE FWD ; PROGRAM NAME | 7/1/2013 | RECEIPTS | DISBURSEMENTS | 7/1/2014 ; GENERAL GOVERNMENT,217.99,,,217.99,,,2,,,,1,check failed,"v1: 2,242,812.24 vs printed 2,209,000.67 (+33,811.57) ; v2: 5,443,975.18 vs printed 5,443,849.18 (+126.00) ; v3: 4,853,456.99 vs printed 5,052,956.22 (-199,499.23) ; v4: 2,599,893.63 vs printed 2,599,893.63"
2014,FY2014,GENERAL GOVERNMENT,Sewer Gift Fund,29,,FISCAL YEAR ENDING 6/30/14 ; FORWARD | TOTAL | TOTAL | BALANCE FWD ; PROGRAM NAME | 7/1/2013 | RECEIPTS | DISBURSEMENTS | 7/1/2014 ; GENERAL GOVERNMENT,387.09,,,387.09,,,2,,,,1,check failed,"v1: 2,242,812.24 vs printed 2,209,000.67 (+33,811.57) ; v2: 5,443,975.18 vs printed 5,443,849.18 (+126.00) ; v3: 4,853,456.99 vs printed 5,052,956.22 (-199,499.23) ; v4: 2,599,893.63 vs printed 2,599,893.63"
2014,FY2014,GENERAL GOVERNMENT,Insurance Recoveries,29,,FISCAL YEAR ENDING 6/30/14 ; FORWARD | TOTAL | TOTAL | BALANCE FWD ; PROGRAM NAME | 7/1/2013 | RECEIPTS | DISBURSEMENTS | 7/1/2014 ; GENERAL GOVERNMENT,3619.33,505.64,505.64,3619.33,,,4,,fund balances: forward + receipts - disbursements = carried forward,,1,check failed,"v1: 2,242,812.24 vs printed 2,209,000.67 (+33,811.57) ; v2: 5,443,975.18 vs printed 5,443,849.18 (+126.00) ; v3: 4,853,456.99 vs printed 5,052,956.22 (-199,499.23) ; v4: 2,599,893.63 vs printed 2,599,893.63"
2014,FY2014,GENERAL GOVERNMENT,Town Hall Chimney Grant,29,,FISCAL YEAR ENDING 6/30/14 ; FORWARD | TOTAL | TOTAL | BALANCE FWD ; PROGRAM NAME | 7/1/2013 | RECEIPTS | DISBURSEMENTS | 7/1/2014 ; GENERAL GOVERNMENT,3000.00,,,3000.00,,,2,,,,1,check failed,"v1: 2,242,812.24 vs printed 2,209,000.67 (+33,811.57) ; v2: 5,443,975.18 vs printed 5,443,849.18 (+126.00) ; v3: 4,853,456.99 vs printed 5,052,956.22 (-199,499.23) ; v4: 2,599,893.63 vs printed 2,599,893.63"
2014,FY2014,GENERAL GOVERNMENT,General Government Gift Fund,29,,FISCAL YEAR ENDING 6/30/14 ; FORWARD | TOTAL | TOTAL | BALANCE FWD ; PROGRAM NAME | 7/1/2013 | RECEIPTS | DISBURSEMENTS | 7/1/2014 ; GENERAL GOVERNMENT,1110.00,,,1110.00,,,2,,,,1,check failed,"v1: 2,242,812.24 vs printed 2,209,000.67 (+33,811.57) ; v2: 5,443,975.18 vs printed 5,443,849.18 (+126.00) ; v3: 4,853,456.99 vs printed 5,052,956.22 (-199,499.23) ; v4: 2,599,893.63 vs printed 2,599,893.63"
2014,FY2014,GENERAL GOVERNMENT,Division of Local Mandates,29,,FISCAL YEAR ENDING 6/30/14 ; FORWARD | TOTAL | TOTAL | BALANCE FWD ; PROGRAM NAME | 7/1/2013 | RECEIPTS | DISBURSEMENTS | 7/1/2014 ; GENERAL GOVERNMENT,0.00,519.00,519.00,0.00,,,4,,fund balances: forward + receipts - disbursements = carried forward,,1,check failed,"v1: 2,242,812.24 vs printed 2,209,000.67 (+33,811.57) ; v2: 5,443,975.18 vs printed 5,443,849.18 (+126.00) ; v3: 4,853,456.99 vs printed 5,052,956.22 (-199,499.23) ; v4: 2,599,893.63 vs printed 2,599,893.63"
2014,FY2014,GENERAL GOVERNMENT,Household Hazardous Waste,29,,FISCAL YEAR ENDING 6/30/14 ; FORWARD | TOTAL | TOTAL | BALANCE FWD ; PROGRAM NAME | 7/1/2013 | RECEIPTS | DISBURSEMENTS | 7/1/2014 ; GENERAL GOVERNMENT,768.76,,,768.76,,,2,,,,1,check failed,"v1: 2,242,812.24 vs printed 2,209,000.67 (+33,811.57) ; v2: 5,443,975.18 vs printed 5,443,849.18 (+126.00) ; v3: 4,853,456.99 vs printed 5,052,956.22 (-199,499.23) ; v4: 2,599,893.63 vs printed 2,599,893.63"
2014,FY2014,SCHOOL DEPARTMENT,School Lunch,29,,FISCAL YEAR ENDING 6/30/14 ; FORWARD | TOTAL | TOTAL | BALANCE FWD ; PROGRAM NAME | 7/1/2013 | RECEIPTS | DISBURSEMENTS | 7/1/2014 ; GENERAL GOVERNMENT,29578.95,429570.62,437642.03,21507.54,,,4,,fund balances: forward + receipts - disbursements = carried forward,,1,check failed,"v1: 2,242,812.24 vs printed 2,209,000.67 (+33,811.57) ; v2: 5,443,975.18 vs printed 5,443,849.18 (+126.00) ; v3: 4,853,456.99 vs printed 5,052,956.22 (-199,499.23) ; v4: 2,599,893.63 vs printed 2,599,893.63"
2014,FY2014,SCHOOL DEPARTMENT,Title | #305,29,,FISCAL YEAR ENDING 6/30/14 ; FORWARD | TOTAL | TOTAL | BALANCE FWD ; PROGRAM NAME | 7/1/2013 | RECEIPTS | DISBURSEMENTS | 7/1/2014 ; GENERAL GOVERNMENT,,198724.00,148658.20,1805.00,,,3,,one cell missing; derivable from the row itself,"v1 = -48,260.80, from this fund's own other three columns",1,check failed,"v1: 2,242,812.24 vs printed 2,209,000.67 (+33,811.57) ; v2: 5,443,975.18 vs printed 5,443,849.18 (+126.00) ; v3: 4,853,456.99 vs printed 5,052,956.22 (-199,499.23) ; v4: 2,599,893.63 vs printed 2,599,893.63"
2014,FY2014,SCHOOL DEPARTMENT,PL 94-142 #240,29,,FISCAL YEAR ENDING 6/30/14 ; FORWARD | TOTAL | TOTAL | BALANCE FWD ; PROGRAM NAME | 7/1/2013 | RECEIPTS | DISBURSEMENTS | 7/1/2014 ; GENERAL GOVERNMENT,1962.22,319675.00,336700.19,-15062.97,,,4,,fund balances: forward + receipts - disbursements = carried forward,,1,check failed,"v1: 2,242,812.24 vs printed 2,209,000.67 (+33,811.57) ; v2: 5,443,975.18 vs printed 5,443,849.18 (+126.00) ; v3: 4,853,456.99 vs printed 5,052,956.22 (-199,499.23) ; v4: 2,599,893.63 vs printed 2,599,893.63"
2014,FY2014,SCHOOL DEPARTMENT,United Way Venture,29,,FISCAL YEAR ENDING 6/30/14 ; FORWARD | TOTAL | TOTAL | BALANCE FWD ; PROGRAM NAME | 7/1/2013 | RECEIPTS | DISBURSEMENTS | 7/1/2014 ; GENERAL GOVERNMENT,40.42,,,40.42,,,2,,,,1,check failed,"v1: 2,242,812.24 vs printed 2,209,000.67 (+33,811.57) ; v2: 5,443,975.18 vs printed 5,443,849.18 (+126.00) ; v3: 4,853,456.99 vs printed 5,052,956.22 (-199,499.23) ; v4: 2,599,893.63 vs printed 2,599,893.63"
2014,FY2014,SCHOOL DEPARTMENT,Recovery for Lost Books,29,,FISCAL YEAR ENDING 6/30/14 ; FORWARD | TOTAL | TOTAL | BALANCE FWD ; PROGRAM NAME | 7/1/2013 | RECEIPTS | DISBURSEMENTS | 7/1/2014 ; GENERAL GOVERNMENT,6293.44,804.09,,7097.53,,,3,,one cell missing; derivable from the row itself,"v3 = 0.00, from this fund's own other three columns",1,check failed,"v1: 2,242,812.24 vs printed 2,209,000.67 (+33,811.57) ; v2: 5,443,975.18 vs printed 5,443,849.18 (+126.00) ; v3: 4,853,456.99 vs printed 5,052,956.22 (-199,499.23) ; v4: 2,599,893.63 vs printed 2,599,893.63"
2014,FY2014,SCHOOL DEPARTMENT,Chapter 658 School Athletics,29,,FISCAL YEAR ENDING 6/30/14 ; FORWARD | TOTAL | TOTAL | BALANCE FWD ; PROGRAM NAME | 7/1/2013 | RECEIPTS | DISBURSEMENTS | 7/1/2014 ; GENERAL GOVERNMENT,7930.38,142482.50,,42266.11,,,3,,one cell missing; derivable from the row itself,"v3 = 108,146.77, from this fund's own other three columns",1,check failed,"v1: 2,242,812.24 vs printed 2,209,000.67 (+33,811.57) ; v2: 5,443,975.18 vs printed 5,443,849.18 (+126.00) ; v3: 4,853,456.99 vs printed 5,052,956.22 (-199,499.23) ; v4: 2,599,893.63 vs printed 2,599,893.63"
2014,FY2014,SCHOOL DEPARTMENT,After School Activities,29,,FISCAL YEAR ENDING 6/30/14 ; FORWARD | TOTAL | TOTAL | BALANCE FWD ; PROGRAM NAME | 7/1/2013 | RECEIPTS | DISBURSEMENTS | 7/1/2014 ; GENERAL GOVERNMENT,74385.93,204577.58,192661.48,86302.03,,,4,,fund balances: forward + receipts - disbursements = carried forward,,1,check failed,"v1: 2,242,812.24 vs printed 2,209,000.67 (+33,811.57) ; v2: 5,443,975.18 vs printed 5,443,849.18 (+126.00) ; v3: 4,853,456.99 vs printed 5,052,956.22 (-199,499.23) ; v4: 2,599,893.63 vs printed 2,599,893.63"
2014,FY2014,SCHOOL DEPARTMENT,School Facilities Use,29,,FISCAL YEAR ENDING 6/30/14 ; FORWARD | TOTAL | TOTAL | BALANCE FWD ; PROGRAM NAME | 7/1/2013 | RECEIPTS | DISBURSEMENTS | 7/1/2014 ; GENERAL GOVERNMENT,15695.03,49347.00,64037.53,1004.50,,,4,,fund balances: forward + receipts - disbursements = carried forward,,1,check failed,"v1: 2,242,812.24 vs printed 2,209,000.67 (+33,811.57) ; v2: 5,443,975.18 vs printed 5,443,849.18 (+126.00) ; v3: 4,853,456.99 vs printed 5,052,956.22 (-199,499.23) ; v4: 2,599,893.63 vs printed 2,599,893.63"
2014,FY2014,SCHOOL DEPARTMENT,Non-Resident Tuition,29,,FISCAL YEAR ENDING 6/30/14 ; FORWARD | TOTAL | TOTAL | BALANCE FWD ; PROGRAM NAME | 7/1/2013 | RECEIPTS | DISBURSEMENTS | 7/1/2014 ; GENERAL GOVERNMENT,-30882.87,141031.13,,79041.44,,,3,,one cell missing; derivable from the row itself,"v3 = 31,106.82, from this fund's own other three columns",1,check failed,"v1: 2,242,812.24 vs printed 2,209,000.67 (+33,811.57) ; v2: 5,443,975.18 vs printed 5,443,849.18 (+126.00) ; v3: 4,853,456.99 vs printed 5,052,956.22 (-199,499.23) ; v4: 2,599,893.63 vs printed 2,599,893.63"
2014,FY2014,SCHOOL DEPARTMENT,Adult Education,29,,FISCAL YEAR ENDING 6/30/14 ; FORWARD | TOTAL | TOTAL | BALANCE FWD ; PROGRAM NAME | 7/1/2013 | RECEIPTS | DISBURSEMENTS | 7/1/2014 ; GENERAL GOVERNMENT,4346.61,,,4346.61,,,2,,,,1,check failed,"v1: 2,242,812.24 vs printed 2,209,000.67 (+33,811.57) ; v2: 5,443,975.18 vs printed 5,443,849.18 (+126.00) ; v3: 4,853,456.99 vs printed 5,052,956.22 (-199,499.23) ; v4: 2,599,893.63 vs printed 2,599,893.63"
2014,FY2014,SCHOOL DEPARTMENT,Summer School Program,29,,FISCAL YEAR ENDING 6/30/14 ; FORWARD | TOTAL | TOTAL | BALANCE FWD ; PROGRAM NAME | 7/1/2013 | RECEIPTS | DISBURSEMENTS | 7/1/2014 ; GENERAL GOVERNMENT,0.00,1580.00,1490.00,90.00,,,4,,fund balances: forward + receipts - disbursements = carried forward,,1,check failed,"v1: 2,242,812.24 vs printed 2,209,000.67 (+33,811.57) ; v2: 5,443,975.18 vs printed 5,443,849.18 (+126.00) ; v3: 4,853,456.99 vs printed 5,052,956.22 (-199,499.23) ; v4: 2,599,893.63 vs printed 2,599,893.63"
2014,FY2014,SCHOOL DEPARTMENT,School Choice,29,,FISCAL YEAR ENDING 6/30/14 ; FORWARD | TOTAL | TOTAL | BALANCE FWD ; PROGRAM NAME | 7/1/2013 | RECEIPTS | DISBURSEMENTS | 7/1/2014 ; GENERAL GOVERNMENT,61644.33,220058.00,193679.28,88023.05,,,4,,fund balances: forward + receipts - disbursements = carried forward,,1,check failed,"v1: 2,242,812.24 vs printed 2,209,000.67 (+33,811.57) ; v2: 5,443,975.18 vs printed 5,443,849.18 (+126.00) ; v3: 4,853,456.99 vs printed 5,052,956.22 (-199,499.23) ; v4: 2,599,893.63 vs printed 2,599,893.63"
2014,FY2014,SCHOOL DEPARTMENT,School Gift Fund,29,,FISCAL YEAR ENDING 6/30/14 ; FORWARD | TOTAL | TOTAL | BALANCE FWD ; PROGRAM NAME | 7/1/2013 | RECEIPTS | DISBURSEMENTS | 7/1/2014 ; GENERAL GOVERNMENT,45863.24,64838.97,,50456.57,,,3,,one cell missing; derivable from the row itself,"v3 = 60,245.64, from this fund's own other three columns",1,check failed,"v1: 2,242,812.24 vs printed 2,209,000.67 (+33,811.57) ; v2: 5,443,975.18 vs printed 5,443,849.18 (+126.00) ; v3: 4,853,456.99 vs printed 5,052,956.22 (-199,499.23) ; v4: 2,599,893.63 vs printed 2,599,893.63"
2014,FY2014,SCHOOL DEPARTMENT,Greenthumb Revolving,29,,FISCAL YEAR ENDING 6/30/14 ; FORWARD | TOTAL | TOTAL | BALANCE FWD ; PROGRAM NAME | 7/1/2013 | RECEIPTS | DISBURSEMENTS | 7/1/2014 ; GENERAL GOVERNMENT,10271.58,1691.50,4865.61,7097.47,,,4,,fund balances: forward + receipts - disbursements = carried forward,,1,check failed,"v1: 2,242,812.24 vs printed 2,209,000.67 (+33,811.57) ; v2: 5,443,975.18 vs printed 5,443,849.18 (+126.00) ; v3: 4,853,456.99 vs printed 5,052,956.22 (-199,499.23) ; v4: 2,599,893.63 vs printed 2,599,893.63"
2014,FY2014,SCHOOL DEPARTMENT,,29,,FISCAL YEAR ENDING 6/30/14 ; FORWARD | TOTAL | TOTAL | BALANCE FWD ; PROGRAM NAME | 7/1/2013 | RECEIPTS | DISBURSEMENTS | 7/1/2014 ; GENERAL GOVERNMENT,29.00,,,,,,1,,,,1,check failed,"v1: 2,242,812.24 vs printed 2,209,000.67 (+33,811.57) ; v2: 5,443,975.18 vs printed 5,443,849.18 (+126.00) ; v3: 4,853,456.99 vs printed 5,052,956.22 (-199,499.23) ; v4: 2,599,893.63 vs printed 2,599,893.63"
2014,FY2014,SCHOOL DEPARTMENT,Custodian Special Details,30,,FISCAL YEAR ENDING 6/30/14 ; FORWARD | TOTAL | TOTAL | BALANCE FWD ; PROGRAM NAME | 7/1/2013 | RECEIPTS | DISBURSEMENTS | 7/1/2014 ; GENERAL GOVERNMENT,5115.84,12401.31,13127.43,4389.72,,,4,,fund balances: forward + receipts - disbursements = carried forward,,1,check failed,"v1: 2,242,812.24 vs printed 2,209,000.67 (+33,811.57) ; v2: 5,443,975.18 vs printed 5,443,849.18 (+126.00) ; v3: 4,853,456.99 vs printed 5,052,956.22 (-199,499.23) ; v4: 2,599,893.63 vs printed 2,599,893.63"
2014,FY2014,SCHOOL DEPARTMENT,Tech Prep Consortium,30,,FISCAL YEAR ENDING 6/30/14 ; FORWARD | TOTAL | TOTAL | BALANCE FWD ; PROGRAM NAME | 7/1/2013 | RECEIPTS | DISBURSEMENTS | 7/1/2014 ; GENERAL GOVERNMENT,1450.00,,,1450.00,,,2,,,,1,check failed,"v1: 2,242,812.24 vs printed 2,209,000.67 (+33,811.57) ; v2: 5,443,975.18 vs printed 5,443,849.18 (+126.00) ; v3: 4,853,456.99 vs printed 5,052,956.22 (-199,499.23) ; v4: 2,599,893.63 vs printed 2,599,893.63"
2014,FY2014,SCHOOL DEPARTMENT,BC/BS Healthy Choices,30,,FISCAL YEAR ENDING 6/30/14 ; FORWARD | TOTAL | TOTAL | BALANCE FWD ; PROGRAM NAME | 7/1/2013 | RECEIPTS | DISBURSEMENTS | 7/1/2014 ; GENERAL GOVERNMENT,94.65,,,94.65,,,2,,,,1,check failed,"v1: 2,242,812.24 vs printed 2,209,000.67 (+33,811.57) ; v2: 5,443,975.18 vs printed 5,443,849.18 (+126.00) ; v3: 4,853,456.99 vs printed 5,052,956.22 (-199,499.23) ; v4: 2,599,893.63 vs printed 2,599,893.63"
2014,FY2014,SCHOOL DEPARTMENT,Teacher Quality,30,,FISCAL YEAR ENDING 6/30/14 ; FORWARD | TOTAL | TOTAL | BALANCE FWD ; PROGRAM NAME | 7/1/2013 | RECEIPTS | DISBURSEMENTS | 7/1/2014 ; GENERAL GOVERNMENT,6981.00,30782.00,37763.00,0.00,,,4,,fund balances: forward + receipts - disbursements = carried forward,,1,check failed,"v1: 2,242,812.24 vs printed 2,209,000.67 (+33,811.57) ; v2: 5,443,975.18 vs printed 5,443,849.18 (+126.00) ; v3: 4,853,456.99 vs printed 5,052,956.22 (-199,499.23) ; v4: 2,599,893.63 vs printed 2,599,893.63"
2014,FY2014,SCHOOL DEPARTMENT,50/50 Grant Sped Tuitions,30,,FISCAL YEAR ENDING 6/30/14 ; FORWARD | TOTAL | TOTAL | BALANCE FWD ; PROGRAM NAME | 7/1/2013 | RECEIPTS | DISBURSEMENTS | 7/1/2014 ; GENERAL GOVERNMENT,-136411.97,614230.00,590700.50,-112882.47,,,4,,fund balances: forward + receipts - disbursements = carried forward,,1,check failed,"v1: 2,242,812.24 vs printed 2,209,000.67 (+33,811.57) ; v2: 5,443,975.18 vs printed 5,443,849.18 (+126.00) ; v3: 4,853,456.99 vs printed 5,052,956.22 (-199,499.23) ; v4: 2,599,893.63 vs printed 2,599,893.63"
2014,FY2014,SCHOOL DEPARTMENT,Insurance Recoveries - School,30,,FISCAL YEAR ENDING 6/30/14 ; FORWARD | TOTAL | TOTAL | BALANCE FWD ; PROGRAM NAME | 7/1/2013 | RECEIPTS | DISBURSEMENTS | 7/1/2014 ; GENERAL GOVERNMENT,2457.35,,,2457.35,,,2,,,,1,check failed,"v1: 2,242,812.24 vs printed 2,209,000.67 (+33,811.57) ; v2: 5,443,975.18 vs printed 5,443,849.18 (+126.00) ; v3: 4,853,456.99 vs printed 5,052,956.22 (-199,499.23) ; v4: 2,599,893.63 vs printed 2,599,893.63"
2014,FY2014,SCHOOL DEPARTMENT,Extended Day Revolving Fund,30,,FISCAL YEAR ENDING 6/30/14 ; FORWARD | TOTAL | TOTAL | BALANCE FWD ; PROGRAM NAME | 7/1/2013 | RECEIPTS | DISBURSEMENTS | 7/1/2014 ; GENERAL GOVERNMENT,44339.65,243501.76,193431.82,94409.59,,,4,,fund balances: forward + receipts - disbursements = carried forward,,1,check failed,"v1: 2,242,812.24 vs printed 2,209,000.67 (+33,811.57) ; v2: 5,443,975.18 vs printed 5,443,849.18 (+126.00) ; v3: 4,853,456.99 vs printed 5,052,956.22 (-199,499.23) ; v4: 2,599,893.63 vs printed 2,599,893.63"
2014,FY2014,SCHOOL DEPARTMENT,N.E. Dairy & Food Private Grant,30,,FISCAL YEAR ENDING 6/30/14 ; FORWARD | TOTAL | TOTAL | BALANCE FWD ; PROGRAM NAME | 7/1/2013 | RECEIPTS | DISBURSEMENTS | 7/1/2014 ; GENERAL GOVERNMENT,1756.51,-1000.00,766.79,-10.28,,,4,,fund balances: forward + receipts - disbursements = carried forward,,1,check failed,"v1: 2,242,812.24 vs printed 2,209,000.67 (+33,811.57) ; v2: 5,443,975.18 vs printed 5,443,849.18 (+126.00) ; v3: 4,853,456.99 vs printed 5,052,956.22 (-199,499.23) ; v4: 2,599,893.63 vs printed 2,599,893.63"
2014,FY2014,SCHOOL DEPARTMENT,Vending Machine Revolving,30,,FISCAL YEAR ENDING 6/30/14 ; FORWARD | TOTAL | TOTAL | BALANCE FWD ; PROGRAM NAME | 7/1/2013 | RECEIPTS | DISBURSEMENTS | 7/1/2014 ; GENERAL GOVERNMENT,1954.71,,,1954.71,,,2,,,,1,check failed,"v1: 2,242,812.24 vs printed 2,209,000.67 (+33,811.57) ; v2: 5,443,975.18 vs printed 5,443,849.18 (+126.00) ; v3: 4,853,456.99 vs printed 5,052,956.22 (-199,499.23) ; v4: 2,599,893.63 vs printed 2,599,893.63"
2014,FY2014,SCHOOL DEPARTMENT,Monbouquette Award,30,,FISCAL YEAR ENDING 6/30/14 ; FORWARD | TOTAL | TOTAL | BALANCE FWD ; PROGRAM NAME | 7/1/2013 | RECEIPTS | DISBURSEMENTS | 7/1/2014 ; GENERAL GOVERNMENT,3.81,,,3.81,,,2,,,,1,check failed,"v1: 2,242,812.24 vs printed 2,209,000.67 (+33,811.57) ; v2: 5,443,975.18 vs printed 5,443,849.18 (+126.00) ; v3: 4,853,456.99 vs printed 5,052,956.22 (-199,499.23) ; v4: 2,599,893.63 vs printed 2,599,893.63"
2014,FY2014,SCHOOL DEPARTMENT,Tufts University Heat Grant,30,,FISCAL YEAR ENDING 6/30/14 ; FORWARD | TOTAL | TOTAL | BALANCE FWD ; PROGRAM NAME | 7/1/2013 | RECEIPTS | DISBURSEMENTS | 7/1/2014 ; GENERAL GOVERNMENT,113.45,,,113.45,,,2,,,,1,check failed,"v1: 2,242,812.24 vs printed 2,209,000.67 (+33,811.57) ; v2: 5,443,975.18 vs printed 5,443,849.18 (+126.00) ; v3: 4,853,456.99 vs printed 5,052,956.22 (-199,499.23) ; v4: 2,599,893.63 vs printed 2,599,893.63"
2014,FY2014,SCHOOL DEPARTMENT,Underground Storage Tank Grant,30,,FISCAL YEAR ENDING 6/30/14 ; FORWARD | TOTAL | TOTAL | BALANCE FWD ; PROGRAM NAME | 7/1/2013 | RECEIPTS | DISBURSEMENTS | 7/1/2014 ; GENERAL GOVERNMENT,1500.00,,,1500.00,,,2,,,,1,check failed,"v1: 2,242,812.24 vs printed 2,209,000.67 (+33,811.57) ; v2: 5,443,975.18 vs printed 5,443,849.18 (+126.00) ; v3: 4,853,456.99 vs printed 5,052,956.22 (-199,499.23) ; v4: 2,599,893.63 vs printed 2,599,893.63"
2014,FY2014,SCHOOL DEPARTMENT,Hach Scientific Foundation Grant,30,,FISCAL YEAR ENDING 6/30/14 ; FORWARD | TOTAL | TOTAL | BALANCE FWD ; PROGRAM NAME | 7/1/2013 | RECEIPTS | DISBURSEMENTS | 7/1/2014 ; GENERAL GOVERNMENT,90.61,,,90.61,,,2,,,,1,check failed,"v1: 2,242,812.24 vs printed 2,209,000.67 (+33,811.57) ; v2: 5,443,975.18 vs printed 5,443,849.18 (+126.00) ; v3: 4,853,456.99 vs printed 5,052,956.22 (-199,499.23) ; v4: 2,599,893.63 vs printed 2,599,893.63"
2014,FY2014,SCHOOL DEPARTMENT,Family Network Gift Fund,30,,FISCAL YEAR ENDING 6/30/14 ; FORWARD | TOTAL | TOTAL | BALANCE FWD ; PROGRAM NAME | 7/1/2013 | RECEIPTS | DISBURSEMENTS | 7/1/2014 ; GENERAL GOVERNMENT,3930.86,,186.00,3744.86,,,3,,one cell missing; derivable from the row itself,"v2 = 0.00, from this fund's own other three columns",1,check failed,"v1: 2,242,812.24 vs printed 2,209,000.67 (+33,811.57) ; v2: 5,443,975.18 vs printed 5,443,849.18 (+126.00) ; v3: 4,853,456.99 vs printed 5,052,956.22 (-199,499.23) ; v4: 2,599,893.63 vs printed 2,599,893.63"
2014,FY2014,SCHOOL DEPARTMENT,Family & Community,30,,FISCAL YEAR ENDING 6/30/14 ; FORWARD | TOTAL | TOTAL | BALANCE FWD ; PROGRAM NAME | 7/1/2013 | RECEIPTS | DISBURSEMENTS | 7/1/2014 ; GENERAL GOVERNMENT,-1079.00,39949.00,38870.00,0.00,,,4,,fund balances: forward + receipts - disbursements = carried forward,,1,check failed,"v1: 2,242,812.24 vs printed 2,209,000.67 (+33,811.57) ; v2: 5,443,975.18 vs printed 5,443,849.18 (+126.00) ; v3: 4,853,456.99 vs printed 5,052,956.22 (-199,499.23) ; v4: 2,599,893.63 vs printed 2,599,893.63"
2014,FY2014,SCHOOL DEPARTMENT,Race to the Top,30,,FISCAL YEAR ENDING 6/30/14 ; FORWARD | TOTAL | TOTAL | BALANCE FWD ; PROGRAM NAME | 7/1/2013 | RECEIPTS | DISBURSEMENTS | 7/1/2014 ; GENERAL GOVERNMENT,5537.00,45414.00,49760.10,1190.90,,,4,,fund balances: forward + receipts - disbursements = carried forward,,1,check failed,"v1: 2,242,812.24 vs printed 2,209,000.67 (+33,811.57) ; v2: 5,443,975.18 vs printed 5,443,849.18 (+126.00) ; v3: 4,853,456.99 vs printed 5,052,956.22 (-199,499.23) ; v4: 2,599,893.63 vs printed 2,599,893.63"
2014,FY2014,SCHOOL DEPARTMENT,EECBG Energy Efficiency Grant,30,,FISCAL YEAR ENDING 6/30/14 ; FORWARD | TOTAL | TOTAL | BALANCE FWD ; PROGRAM NAME | 7/1/2013 | RECEIPTS | DISBURSEMENTS | 7/1/2014 ; GENERAL GOVERNMENT,297.34,0.11,,297.45,,,3,,one cell missing; derivable from the row itself,"v3 = 0.00, from this fund's own other three columns",1,check failed,"v1: 2,242,812.24 vs printed 2,209,000.67 (+33,811.57) ; v2: 5,443,975.18 vs printed 5,443,849.18 (+126.00) ; v3: 4,853,456.99 vs printed 5,052,956.22 (-199,499.23) ; v4: 2,599,893.63 vs printed 2,599,893.63"
2014,FY2014,SCHOOL DEPARTMENT,Full Day Kindergarten Grant,30,,FISCAL YEAR ENDING 6/30/14 ; FORWARD | TOTAL | TOTAL | BALANCE FWD ; PROGRAM NAME | 7/1/2013 | RECEIPTS | DISBURSEMENTS | 7/1/2014 ; GENERAL GOVERNMENT,0.00,48382.00,48382.00,0.00,,,4,,fund balances: forward + receipts - disbursements = carried forward,,1,check failed,"v1: 2,242,812.24 vs printed 2,209,000.67 (+33,811.57) ; v2: 5,443,975.18 vs printed 5,443,849.18 (+126.00) ; v3: 4,853,456.99 vs printed 5,052,956.22 (-199,499.23) ; v4: 2,599,893.63 vs printed 2,599,893.63"
2014,FY2014,SCHOOL DEPARTMENT,Regional Dissemination Grant,30,,FISCAL YEAR ENDING 6/30/14 ; FORWARD | TOTAL | TOTAL | BALANCE FWD ; PROGRAM NAME | 7/1/2013 | RECEIPTS | DISBURSEMENTS | 7/1/2014 ; GENERAL GOVERNMENT,35.00,,,35.00,,,2,,,,1,check failed,"v1: 2,242,812.24 vs printed 2,209,000.67 (+33,811.57) ; v2: 5,443,975.18 vs printed 5,443,849.18 (+126.00) ; v3: 4,853,456.99 vs printed 5,052,956.22 (-199,499.23) ; v4: 2,599,893.63 vs printed 2,599,893.63"
2014,FY2014,SCHOOL DEPARTMENT,Sped Program Improvement Grant,30,,FISCAL YEAR ENDING 6/30/14 ; FORWARD | TOTAL | TOTAL | BALANCE FWD ; PROGRAM NAME | 7/1/2013 | RECEIPTS | DISBURSEMENTS | 7/1/2014 ; GENERAL GOVERNMENT,0.00,6824.00,6740.00,84.00,,,4,,fund balances: forward + receipts - disbursements = carried forward,,1,check failed,"v1: 2,242,812.24 vs printed 2,209,000.67 (+33,811.57) ; v2: 5,443,975.18 vs printed 5,443,849.18 (+126.00) ; v3: 4,853,456.99 vs printed 5,052,956.22 (-199,499.23) ; v4: 2,599,893.63 vs printed 2,599,893.63"
2014,FY2014,SCHOOL DEPARTMENT,Academic Support Grant,30,,FISCAL YEAR ENDING 6/30/14 ; FORWARD | TOTAL | TOTAL | BALANCE FWD ; PROGRAM NAME | 7/1/2013 | RECEIPTS | DISBURSEMENTS | 7/1/2014 ; GENERAL GOVERNMENT,0.00,5200.00,5200.00,0.00,,,4,,fund balances: forward + receipts - disbursements = carried forward,,1,check failed,"v1: 2,242,812.24 vs printed 2,209,000.67 (+33,811.57) ; v2: 5,443,975.18 vs printed 5,443,849.18 (+126.00) ; v3: 4,853,456.99 vs printed 5,052,956.22 (-199,499.23) ; v4: 2,599,893.63 vs printed 2,599,893.63"
2014,FY2014,SCHOOL DEPARTMENT,Vertical SIF Implementation,30,yes,FISCAL YEAR ENDING 6/30/14 ; FORWARD | TOTAL | TOTAL | BALANCE FWD ; PROGRAM NAME | 7/1/2013 | RECEIPTS | DISBURSEMENTS | 7/1/2014 ; GENERAL GOVERNMENT,0.00,6375.00,6375.00,0.00,,,4,,fund balances: forward + receipts - disbursements = carried forward,,1,check failed,"v1: 2,242,812.24 vs printed 2,209,000.67 (+33,811.57) ; v2: 5,443,975.18 vs printed 5,443,849.18 (+126.00) ; v3: 4,853,456.99 vs printed 5,052,956.22 (-199,499.23) ; v4: 2,599,893.63 vs printed 2,599,893.63"
2014,FY2014,SCHOOL DEPARTMENT,Early Childhood Program Improven,30,,FISCAL YEAR ENDING 6/30/14 ; FORWARD | TOTAL | TOTAL | BALANCE FWD ; PROGRAM NAME | 7/1/2013 | RECEIPTS | DISBURSEMENTS | 7/1/2014 ; GENERAL GOVERNMENT,0.00,2900.00,2246.52,653.48,,,4,,fund balances: forward + receipts - disbursements = carried forward,,1,check failed,"v1: 2,242,812.24 vs printed 2,209,000.67 (+33,811.57) ; v2: 5,443,975.18 vs printed 5,443,849.18 (+126.00) ; v3: 4,853,456.99 vs printed 5,052,956.22 (-199,499.23) ; v4: 2,599,893.63 vs printed 2,599,893.63"
2014,FY2014,SCHOOL DEPARTMENT,Sped Early Childhood Grant,30,,FISCAL YEAR ENDING 6/30/14 ; FORWARD | TOTAL | TOTAL | BALANCE FWD ; PROGRAM NAME | 7/1/2013 | RECEIPTS | DISBURSEMENTS | 7/1/2014 ; GENERAL GOVERNMENT,0.00,11522.00,11522.00,0.00,,,4,,fund balances: forward + receipts - disbursements = carried forward,,1,check failed,"v1: 2,242,812.24 vs printed 2,209,000.67 (+33,811.57) ; v2: 5,443,975.18 vs printed 5,443,849.18 (+126.00) ; v3: 4,853,456.99 vs printed 5,052,956.22 (-199,499.23) ; v4: 2,599,893.63 vs printed 2,599,893.63"
2014,FY2014,PUBLIC SAFETY,Insurance Recoveries - Police,30,,FISCAL YEAR ENDING 6/30/14 ; FORWARD | TOTAL | TOTAL | BALANCE FWD ; PROGRAM NAME | 7/1/2013 | RECEIPTS | DISBURSEMENTS | 7/1/2014 ; GENERAL GOVERNMENT,1539.57,5986.53,7663.89,-137.79,,,4,,fund balances: forward + receipts - disbursements = carried forward,,1,check failed,"v1: 2,242,812.24 vs printed 2,209,000.67 (+33,811.57) ; v2: 5,443,975.18 vs printed 5,443,849.18 (+126.00) ; v3: 4,853,456.99 vs printed 5,052,956.22 (-199,499.23) ; v4: 2,599,893.63 vs printed 2,599,893.63"
2014,FY2014,PUBLIC SAFETY,Community Policing FY 96,30,,FISCAL YEAR ENDING 6/30/14 ; FORWARD | TOTAL | TOTAL | BALANCE FWD ; PROGRAM NAME | 7/1/2013 | RECEIPTS | DISBURSEMENTS | 7/1/2014 ; GENERAL GOVERNMENT,6.55,,,6.55,,,2,,,,1,check failed,"v1: 2,242,812.24 vs printed 2,209,000.67 (+33,811.57) ; v2: 5,443,975.18 vs printed 5,443,849.18 (+126.00) ; v3: 4,853,456.99 vs printed 5,052,956.22 (-199,499.23) ; v4: 2,599,893.63 vs printed 2,599,893.63"
2014,FY2014,PUBLIC SAFETY,Community Policing FY 97,30,,FISCAL YEAR ENDING 6/30/14 ; FORWARD | TOTAL | TOTAL | BALANCE FWD ; PROGRAM NAME | 7/1/2013 | RECEIPTS | DISBURSEMENTS | 7/1/2014 ; GENERAL GOVERNMENT,1.97,,,1.97,,,2,,,,1,check failed,"v1: 2,242,812.24 vs printed 2,209,000.67 (+33,811.57) ; v2: 5,443,975.18 vs printed 5,443,849.18 (+126.00) ; v3: 4,853,456.99 vs printed 5,052,956.22 (-199,499.23) ; v4: 2,599,893.63 vs printed 2,599,893.63"
2014,FY2014,PUBLIC SAFETY,,30,,FISCAL YEAR ENDING 6/30/14 ; FORWARD | TOTAL | TOTAL | BALANCE FWD ; PROGRAM NAME | 7/1/2013 | RECEIPTS | DISBURSEMENTS | 7/1/2014 ; GENERAL GOVERNMENT,,30.00,,,,,1,,,,1,check failed,"v1: 2,242,812.24 vs printed 2,209,000.67 (+33,811.57) ; v2: 5,443,975.18 vs printed 5,443,849.18 (+126.00) ; v3: 4,853,456.99 vs printed 5,052,956.22 (-199,499.23) ; v4: 2,599,893.63 vs printed 2,599,893.63"
2014,FY2014,PUBLIC SAFETY,Community Policing FY 98,31,,FISCAL YEAR ENDING 6/30/14 ; FORWARD | TOTAL | TOTAL | BALANCE FWD ; PROGRAM NAME | 7/1/2013 | RECEIPTS | DISBURSEMENTS | 7/1/2014 ; GENERAL GOVERNMENT,0.66,,,0.66,,,2,,,,1,check failed,"v1: 2,242,812.24 vs printed 2,209,000.67 (+33,811.57) ; v2: 5,443,975.18 vs printed 5,443,849.18 (+126.00) ; v3: 4,853,456.99 vs printed 5,052,956.22 (-199,499.23) ; v4: 2,599,893.63 vs printed 2,599,893.63"
2014,FY2014,PUBLIC SAFETY,Drug Forfeiture,31,,FISCAL YEAR ENDING 6/30/14 ; FORWARD | TOTAL | TOTAL | BALANCE FWD ; PROGRAM NAME | 7/1/2013 | RECEIPTS | DISBURSEMENTS | 7/1/2014 ; GENERAL GOVERNMENT,15301.21,-288.75,4102.07,10910.39,,,4,,fund balances: forward + receipts - disbursements = carried forward,,1,check failed,"v1: 2,242,812.24 vs printed 2,209,000.67 (+33,811.57) ; v2: 5,443,975.18 vs printed 5,443,849.18 (+126.00) ; v3: 4,853,456.99 vs printed 5,052,956.22 (-199,499.23) ; v4: 2,599,893.63 vs printed 2,599,893.63"
2014,FY2014,PUBLIC SAFETY,D.A.R.E. Grant FY 97,31,,FISCAL YEAR ENDING 6/30/14 ; FORWARD | TOTAL | TOTAL | BALANCE FWD ; PROGRAM NAME | 7/1/2013 | RECEIPTS | DISBURSEMENTS | 7/1/2014 ; GENERAL GOVERNMENT,34.85,,,34.85,,,2,,,,1,check failed,"v1: 2,242,812.24 vs printed 2,209,000.67 (+33,811.57) ; v2: 5,443,975.18 vs printed 5,443,849.18 (+126.00) ; v3: 4,853,456.99 vs printed 5,052,956.22 (-199,499.23) ; v4: 2,599,893.63 vs printed 2,599,893.63"
2014,FY2014,PUBLIC SAFETY,D.A.R.E. I Grant FY 97,31,,FISCAL YEAR ENDING 6/30/14 ; FORWARD | TOTAL | TOTAL | BALANCE FWD ; PROGRAM NAME | 7/1/2013 | RECEIPTS | DISBURSEMENTS | 7/1/2014 ; GENERAL GOVERNMENT,0.25,,,0.25,,,2,,,,1,check failed,"v1: 2,242,812.24 vs printed 2,209,000.67 (+33,811.57) ; v2: 5,443,975.18 vs printed 5,443,849.18 (+126.00) ; v3: 4,853,456.99 vs printed 5,052,956.22 (-199,499.23) ; v4: 2,599,893.63 vs printed 2,599,893.63"
2014,FY2014,PUBLIC SAFETY,Community Policing,31,,FISCAL YEAR ENDING 6/30/14 ; FORWARD | TOTAL | TOTAL | BALANCE FWD ; PROGRAM NAME | 7/1/2013 | RECEIPTS | DISBURSEMENTS | 7/1/2014 ; GENERAL GOVERNMENT,2291.12,,,2291.12,,,2,,,,1,check failed,"v1: 2,242,812.24 vs printed 2,209,000.67 (+33,811.57) ; v2: 5,443,975.18 vs printed 5,443,849.18 (+126.00) ; v3: 4,853,456.99 vs printed 5,052,956.22 (-199,499.23) ; v4: 2,599,893.63 vs printed 2,599,893.63"
2014,FY2014,PUBLIC SAFETY,Cops Universal Hiring,31,,FISCAL YEAR ENDING 6/30/14 ; FORWARD | TOTAL | TOTAL | BALANCE FWD ; PROGRAM NAME | 7/1/2013 | RECEIPTS | DISBURSEMENTS | 7/1/2014 ; GENERAL GOVERNMENT,1289.84,,,1289.84,,,2,,,,1,check failed,"v1: 2,242,812.24 vs printed 2,209,000.67 (+33,811.57) ; v2: 5,443,975.18 vs printed 5,443,849.18 (+126.00) ; v3: 4,853,456.99 vs printed 5,052,956.22 (-199,499.23) ; v4: 2,599,893.63 vs printed 2,599,893.63"
2014,FY2014,PUBLIC SAFETY,Underage Alcohol Enforcement Gri,31,,FISCAL YEAR ENDING 6/30/14 ; FORWARD | TOTAL | TOTAL | BALANCE FWD ; PROGRAM NAME | 7/1/2013 | RECEIPTS | DISBURSEMENTS | 7/1/2014 ; GENERAL GOVERNMENT,-56.19,,-56.19,0.00,,,3,,one cell missing; derivable from the row itself,"v2 = 0.00, from this fund's own other three columns",1,check failed,"v1: 2,242,812.24 vs printed 2,209,000.67 (+33,811.57) ; v2: 5,443,975.18 vs printed 5,443,849.18 (+126.00) ; v3: 4,853,456.99 vs printed 5,052,956.22 (-199,499.23) ; v4: 2,599,893.63 vs printed 2,599,893.63"
2014,FY2014,PUBLIC SAFETY,EOPS Vest Reimbursement,31,,FISCAL YEAR ENDING 6/30/14 ; FORWARD | TOTAL | TOTAL | BALANCE FWD ; PROGRAM NAME | 7/1/2013 | RECEIPTS | DISBURSEMENTS | 7/1/2014 ; GENERAL GOVERNMENT,1862.50,,,1862.50,,,2,,,,1,check failed,"v1: 2,242,812.24 vs printed 2,209,000.67 (+33,811.57) ; v2: 5,443,975.18 vs printed 5,443,849.18 (+126.00) ; v3: 4,853,456.99 vs printed 5,052,956.22 (-199,499.23) ; v4: 2,599,893.63 vs printed 2,599,893.63"
2014,FY2014,PUBLIC SAFETY,NWC Drug Task Force Grant,31,,FISCAL YEAR ENDING 6/30/14 ; FORWARD | TOTAL | TOTAL | BALANCE FWD ; PROGRAM NAME | 7/1/2013 | RECEIPTS | DISBURSEMENTS | 7/1/2014 ; GENERAL GOVERNMENT,-323.52,,-323.52,0.00,,,3,,one cell missing; derivable from the row itself,"v2 = 0.00, from this fund's own other three columns",1,check failed,"v1: 2,242,812.24 vs printed 2,209,000.67 (+33,811.57) ; v2: 5,443,975.18 vs printed 5,443,849.18 (+126.00) ; v3: 4,853,456.99 vs printed 5,052,956.22 (-199,499.23) ; v4: 2,599,893.63 vs printed 2,599,893.63"
2014,FY2014,PUBLIC SAFETY,Protective Order Grant Program,31,,FISCAL YEAR ENDING 6/30/14 ; FORWARD | TOTAL | TOTAL | BALANCE FWD ; PROGRAM NAME | 7/1/2013 | RECEIPTS | DISBURSEMENTS | 7/1/2014 ; GENERAL GOVERNMENT,135.15,,,135.15,,,2,,,,1,check failed,"v1: 2,242,812.24 vs printed 2,209,000.67 (+33,811.57) ; v2: 5,443,975.18 vs printed 5,443,849.18 (+126.00) ; v3: 4,853,456.99 vs printed 5,052,956.22 (-199,499.23) ; v4: 2,599,893.63 vs printed 2,599,893.63"
2014,FY2014,PUBLIC SAFETY,Walmart Grant - Police Dept.,31,,FISCAL YEAR ENDING 6/30/14 ; FORWARD | TOTAL | TOTAL | BALANCE FWD ; PROGRAM NAME | 7/1/2013 | RECEIPTS | DISBURSEMENTS | 7/1/2014 ; GENERAL GOVERNMENT,1000.00,,,1000.00,,,2,,,,1,check failed,"v1: 2,242,812.24 vs printed 2,209,000.67 (+33,811.57) ; v2: 5,443,975.18 vs printed 5,443,849.18 (+126.00) ; v3: 4,853,456.99 vs printed 5,052,956.22 (-199,499.23) ; v4: 2,599,893.63 vs printed 2,599,893.63"
2014,FY2014,PUBLIC SAFETY,Firefighter PS Equipment Grant,31,,FISCAL YEAR ENDING 6/30/14 ; FORWARD | TOTAL | TOTAL | BALANCE FWD ; PROGRAM NAME | 7/1/2013 | RECEIPTS | DISBURSEMENTS | 7/1/2014 ; GENERAL GOVERNMENT,30.00,,,30.00,,,2,,,,1,check failed,"v1: 2,242,812.24 vs printed 2,209,000.67 (+33,811.57) ; v2: 5,443,975.18 vs printed 5,443,849.18 (+126.00) ; v3: 4,853,456.99 vs printed 5,052,956.22 (-199,499.23) ; v4: 2,599,893.63 vs printed 2,599,893.63"
2014,FY2014,PUBLIC SAFETY,Firefighter Safety Equipment Grant,31,,FISCAL YEAR ENDING 6/30/14 ; FORWARD | TOTAL | TOTAL | BALANCE FWD ; PROGRAM NAME | 7/1/2013 | RECEIPTS | DISBURSEMENTS | 7/1/2014 ; GENERAL GOVERNMENT,9.84,,,9.84,,,2,,,,1,check failed,"v1: 2,242,812.24 vs printed 2,209,000.67 (+33,811.57) ; v2: 5,443,975.18 vs printed 5,443,849.18 (+126.00) ; v3: 4,853,456.99 vs printed 5,052,956.22 (-199,499.23) ; v4: 2,599,893.63 vs printed 2,599,893.63"
2014,FY2014,PUBLIC SAFETY,State 911 Grant - Fire Dept,31,,FISCAL YEAR ENDING 6/30/14 ; FORWARD | TOTAL | TOTAL | BALANCE FWD ; PROGRAM NAME | 7/1/2013 | RECEIPTS | DISBURSEMENTS | 7/1/2014 ; GENERAL GOVERNMENT,-29268.30,28150.00,,-1118.30,,,3,,one cell missing; derivable from the row itself,"v3 = 0.00, from this fund's own other three columns",1,check failed,"v1: 2,242,812.24 vs printed 2,209,000.67 (+33,811.57) ; v2: 5,443,975.18 vs printed 5,443,849.18 (+126.00) ; v3: 4,853,456.99 vs printed 5,052,956.22 (-199,499.23) ; v4: 2,599,893.63 vs printed 2,599,893.63"
2014,FY2014,PUBLIC SAFETY,Police/Fire Special Details,31,,FISCAL YEAR ENDING 6/30/14 ; FORWARD | TOTAL | TOTAL | BALANCE FWD ; PROGRAM NAME | 7/1/2013 | RECEIPTS | DISBURSEMENTS | 7/1/2014 ; GENERAL GOVERNMENT,13646.01,180756.71,178767.35,15635.37,,,4,,fund balances: forward + receipts - disbursements = carried forward,,1,check failed,"v1: 2,242,812.24 vs printed 2,209,000.67 (+33,811.57) ; v2: 5,443,975.18 vs printed 5,443,849.18 (+126.00) ; v3: 4,853,456.99 vs printed 5,052,956.22 (-199,499.23) ; v4: 2,599,893.63 vs printed 2,599,893.63"
2014,FY2014,PUBLIC SAFETY,Coastal/Patriot Ambulance Revolvir,31,,FISCAL YEAR ENDING 6/30/14 ; FORWARD | TOTAL | TOTAL | BALANCE FWD ; PROGRAM NAME | 7/1/2013 | RECEIPTS | DISBURSEMENTS | 7/1/2014 ; GENERAL GOVERNMENT,579.06,75760.97,67583.65,8756.38,,,4,,fund balances: forward + receipts - disbursements = carried forward,,1,check failed,"v1: 2,242,812.24 vs printed 2,209,000.67 (+33,811.57) ; v2: 5,443,975.18 vs printed 5,443,849.18 (+126.00) ; v3: 4,853,456.99 vs printed 5,052,956.22 (-199,499.23) ; v4: 2,599,893.63 vs printed 2,599,893.63"
2014,FY2014,PUBLIC SAFETY,Firefighter Equipment Grant - FY05,31,,FISCAL YEAR ENDING 6/30/14 ; FORWARD | TOTAL | TOTAL | BALANCE FWD ; PROGRAM NAME | 7/1/2013 | RECEIPTS | DISBURSEMENTS | 7/1/2014 ; GENERAL GOVERNMENT,419.60,,,419.60,,,2,,,,1,check failed,"v1: 2,242,812.24 vs printed 2,209,000.67 (+33,811.57) ; v2: 5,443,975.18 vs printed 5,443,849.18 (+126.00) ; v3: 4,853,456.99 vs printed 5,052,956.22 (-199,499.23) ; v4: 2,599,893.63 vs printed 2,599,893.63"
2014,FY2014,PUBLIC SAFETY,Confined Space Training,31,,FISCAL YEAR ENDING 6/30/14 ; FORWARD | TOTAL | TOTAL | BALANCE FWD ; PROGRAM NAME | 7/1/2013 | RECEIPTS | DISBURSEMENTS | 7/1/2014 ; GENERAL GOVERNMENT,1956.77,,,1956.77,,,2,,,,1,check failed,"v1: 2,242,812.24 vs printed 2,209,000.67 (+33,811.57) ; v2: 5,443,975.18 vs printed 5,443,849.18 (+126.00) ; v3: 4,853,456.99 vs printed 5,052,956.22 (-199,499.23) ; v4: 2,599,893.63 vs printed 2,599,893.63"
2014,FY2014,PUBLIC SAFETY,Police NRA Foundation Grant,31,,FISCAL YEAR ENDING 6/30/14 ; FORWARD | TOTAL | TOTAL | BALANCE FWD ; PROGRAM NAME | 7/1/2013 | RECEIPTS | DISBURSEMENTS | 7/1/2014 ; GENERAL GOVERNMENT,0.10,,,0.10,,,2,,,,1,check failed,"v1: 2,242,812.24 vs printed 2,209,000.67 (+33,811.57) ; v2: 5,443,975.18 vs printed 5,443,849.18 (+126.00) ; v3: 4,853,456.99 vs printed 5,052,956.22 (-199,499.23) ; v4: 2,599,893.63 vs printed 2,599,893.63"
2014,FY2014,PUBLIC SAFETY,COPS Secure Our Schools,31,,FISCAL YEAR ENDING 6/30/14 ; FORWARD | TOTAL | TOTAL | BALANCE FWD ; PROGRAM NAME | 7/1/2013 | RECEIPTS | DISBURSEMENTS | 7/1/2014 ; GENERAL GOVERNMENT,0.82,,,0.82,,,2,,,,1,check failed,"v1: 2,242,812.24 vs printed 2,209,000.67 (+33,811.57) ; v2: 5,443,975.18 vs printed 5,443,849.18 (+126.00) ; v3: 4,853,456.99 vs printed 5,052,956.22 (-199,499.23) ; v4: 2,599,893.63 vs printed 2,599,893.63"
2014,FY2014,PUBLIC SAFETY,Safe Grant - Fire Department,31,,FISCAL YEAR ENDING 6/30/14 ; FORWARD | TOTAL | TOTAL | BALANCE FWD ; PROGRAM NAME | 7/1/2013 | RECEIPTS | DISBURSEMENTS | 7/1/2014 ; GENERAL GOVERNMENT,0.00,4904.00,3215.27,1688.73,,,4,,fund balances: forward + receipts - disbursements = carried forward,,1,check failed,"v1: 2,242,812.24 vs printed 2,209,000.67 (+33,811.57) ; v2: 5,443,975.18 vs printed 5,443,849.18 (+126.00) ; v3: 4,853,456.99 vs printed 5,052,956.22 (-199,499.23) ; v4: 2,599,893.63 vs printed 2,599,893.63"
2014,FY2014,PUBLIC SAFETY,GHSB Click It Or Ticket,31,,FISCAL YEAR ENDING 6/30/14 ; FORWARD | TOTAL | TOTAL | BALANCE FWD ; PROGRAM NAME | 7/1/2013 | RECEIPTS | DISBURSEMENTS | 7/1/2014 ; GENERAL GOVERNMENT,-617.37,3496.76,3999.31,-1119.92,,,4,,fund balances: forward + receipts - disbursements = carried forward,,1,check failed,"v1: 2,242,812.24 vs printed 2,209,000.67 (+33,811.57) ; v2: 5,443,975.18 vs printed 5,443,849.18 (+126.00) ; v3: 4,853,456.99 vs printed 5,052,956.22 (-199,499.23) ; v4: 2,599,893.63 vs printed 2,599,893.63"
2014,FY2014,PUBLIC SAFETY,K-9 Grant - Stanton Foundation,31,,FISCAL YEAR ENDING 6/30/14 ; FORWARD | TOTAL | TOTAL | BALANCE FWD ; PROGRAM NAME | 7/1/2013 | RECEIPTS | DISBURSEMENTS | 7/1/2014 ; GENERAL GOVERNMENT,0.00,25000.00,,25000.00,,,3,,one cell missing; derivable from the row itself,"v3 = 0.00, from this fund's own other three columns",1,check failed,"v1: 2,242,812.24 vs printed 2,209,000.67 (+33,811.57) ; v2: 5,443,975.18 vs printed 5,443,849.18 (+126.00) ; v3: 4,853,456.99 vs printed 5,052,956.22 (-199,499.23) ; v4: 2,599,893.63 vs printed 2,599,893.63"
2014,FY2014,PUBLIC SAFETY,Child Protective Safety Grant,31,,FISCAL YEAR ENDING 6/30/14 ; FORWARD | TOTAL | TOTAL | BALANCE FWD ; PROGRAM NAME | 7/1/2013 | RECEIPTS | DISBURSEMENTS | 7/1/2014 ; GENERAL GOVERNMENT,-1.00,,-1.00,0.00,,,3,,one cell missing; derivable from the row itself,"v2 = 0.00, from this fund's own other three columns",1,check failed,"v1: 2,242,812.24 vs printed 2,209,000.67 (+33,811.57) ; v2: 5,443,975.18 vs printed 5,443,849.18 (+126.00) ; v3: 4,853,456.99 vs printed 5,052,956.22 (-199,499.23) ; v4: 2,599,893.63 vs printed 2,599,893.63"
2014,FY2014,PUBLIC SAFETY,FEMA Assistance to Firefighters G,31,,FISCAL YEAR ENDING 6/30/14 ; FORWARD | TOTAL | TOTAL | BALANCE FWD ; PROGRAM NAME | 7/1/2013 | RECEIPTS | DISBURSEMENTS | 7/1/2014 ; GENERAL GOVERNMENT,0.00,50806.00,50806.00,0.00,,,4,,fund balances: forward + receipts - disbursements = carried forward,,1,check failed,"v1: 2,242,812.24 vs printed 2,209,000.67 (+33,811.57) ; v2: 5,443,975.18 vs printed 5,443,849.18 (+126.00) ; v3: 4,853,456.99 vs printed 5,052,956.22 (-199,499.23) ; v4: 2,599,893.63 vs printed 2,599,893.63"
2014,FY2014,PUBLIC SAFETY,Federal Drug Forfeiture,31,,FISCAL YEAR ENDING 6/30/14 ; FORWARD | TOTAL | TOTAL | BALANCE FWD ; PROGRAM NAME | 7/1/2013 | RECEIPTS | DISBURSEMENTS | 7/1/2014 ; GENERAL GOVERNMENT,3843.27,,,3843.27,,,2,,,,1,check failed,"v1: 2,242,812.24 vs printed 2,209,000.67 (+33,811.57) ; v2: 5,443,975.18 vs printed 5,443,849.18 (+126.00) ; v3: 4,853,456.99 vs printed 5,052,956.22 (-199,499.23) ; v4: 2,599,893.63 vs printed 2,599,893.63"
2014,FY2014,PUBLIC SAFETY,EMPG Grant,31,,FISCAL YEAR ENDING 6/30/14 ; FORWARD | TOTAL | TOTAL | BALANCE FWD ; PROGRAM NAME | 7/1/2013 | RECEIPTS | DISBURSEMENTS | 7/1/2014 ; GENERAL GOVERNMENT,-6075.54,8966.25,2788.70,102.01,,,4,,fund balances: forward + receipts - disbursements = carried forward,,1,check failed,"v1: 2,242,812.24 vs printed 2,209,000.67 (+33,811.57) ; v2: 5,443,975.18 vs printed 5,443,849.18 (+126.00) ; v3: 4,853,456.99 vs printed 5,052,956.22 (-199,499.23) ; v4: 2,599,893.63 vs printed 2,599,893.63"
2014,FY2014,PUBLIC SAFETY,,31,,FISCAL YEAR ENDING 6/30/14 ; FORWARD | TOTAL | TOTAL | BALANCE FWD ; PROGRAM NAME | 7/1/2013 | RECEIPTS | DISBURSEMENTS | 7/1/2014 ; GENERAL GOVERNMENT,,31.00,,,,,1,,,,1,check failed,"v1: 2,242,812.24 vs printed 2,209,000.67 (+33,811.57) ; v2: 5,443,975.18 vs printed 5,443,849.18 (+126.00) ; v3: 4,853,456.99 vs printed 5,052,956.22 (-199,499.23) ; v4: 2,599,893.63 vs printed 2,599,893.63"
2014,FY2014,PARKS & RECREATION,Park User Fees,32,,FISCAL YEAR ENDING 6/30/14 ; FORWARD | TOTAL | TOTAL | BALANCE FWD ; PROGRAM NAME | 7/1/2013 | RECEIPTS | DISBURSEMENTS | 7/1/2014 ; GENERAL GOVERNMENT,5572.81,16342.75,18120.30,3795.26,,,4,,fund balances: forward + receipts - disbursements = carried forward,,1,check failed,"v1: 2,242,812.24 vs printed 2,209,000.67 (+33,811.57) ; v2: 5,443,975.18 vs printed 5,443,849.18 (+126.00) ; v3: 4,853,456.99 vs printed 5,052,956.22 (-199,499.23) ; v4: 2,599,893.63 vs printed 2,599,893.63"
2014,FY2014,PARKS & RECREATION,Park Gift Fund,32,,FISCAL YEAR ENDING 6/30/14 ; FORWARD | TOTAL | TOTAL | BALANCE FWD ; PROGRAM NAME | 7/1/2013 | RECEIPTS | DISBURSEMENTS | 7/1/2014 ; GENERAL GOVERNMENT,0.00,360.00,,360.00,,,3,,one cell missing; derivable from the row itself,"v3 = 0.00, from this fund's own other three columns",1,check failed,"v1: 2,242,812.24 vs printed 2,209,000.67 (+33,811.57) ; v2: 5,443,975.18 vs printed 5,443,849.18 (+126.00) ; v3: 4,853,456.99 vs printed 5,052,956.22 (-199,499.23) ; v4: 2,599,893.63 vs printed 2,599,893.63"
2014,FY2014,HIGHWAY DEPT.,Chapter 90,32,,FISCAL YEAR ENDING 6/30/14 ; FORWARD | TOTAL | TOTAL | BALANCE FWD ; PROGRAM NAME | 7/1/2013 | RECEIPTS | DISBURSEMENTS | 7/1/2014 ; GENERAL GOVERNMENT,21393.62,98213.21,287923.88,-168317.05,,,4,,fund balances: forward + receipts - disbursements = carried forward,,1,check failed,"v1: 2,242,812.24 vs printed 2,209,000.67 (+33,811.57) ; v2: 5,443,975.18 vs printed 5,443,849.18 (+126.00) ; v3: 4,853,456.99 vs printed 5,052,956.22 (-199,499.23) ; v4: 2,599,893.63 vs printed 2,599,893.63"
2014,FY2014,HIGHWAY DEPT.,DPW Roads Gift Fund,32,,FISCAL YEAR ENDING 6/30/14 ; FORWARD | TOTAL | TOTAL | BALANCE FWD ; PROGRAM NAME | 7/1/2013 | RECEIPTS | DISBURSEMENTS | 7/1/2014 ; GENERAL GOVERNMENT,3330.00,,,3330.00,,,2,,,,1,check failed,"v1: 2,242,812.24 vs printed 2,209,000.67 (+33,811.57) ; v2: 5,443,975.18 vs printed 5,443,849.18 (+126.00) ; v3: 4,853,456.99 vs printed 5,052,956.22 (-199,499.23) ; v4: 2,599,893.63 vs printed 2,599,893.63"
2014,FY2014,HIGHWAY DEPT.,Highway Insurance Recoveries,32,,FISCAL YEAR ENDING 6/30/14 ; FORWARD | TOTAL | TOTAL | BALANCE FWD ; PROGRAM NAME | 7/1/2013 | RECEIPTS | DISBURSEMENTS | 7/1/2014 ; GENERAL GOVERNMENT,0.00,1208.91,,1208.91,,,3,,one cell missing; derivable from the row itself,"v3 = 0.00, from this fund's own other three columns",1,check failed,"v1: 2,242,812.24 vs printed 2,209,000.67 (+33,811.57) ; v2: 5,443,975.18 vs printed 5,443,849.18 (+126.00) ; v3: 4,853,456.99 vs printed 5,052,956.22 (-199,499.23) ; v4: 2,599,893.63 vs printed 2,599,893.63"
2014,FY2014,HIGHWAY DEPT.,Chapter 204/Acts of 1996,32,,FISCAL YEAR ENDING 6/30/14 ; FORWARD | TOTAL | TOTAL | BALANCE FWD ; PROGRAM NAME | 7/1/2013 | RECEIPTS | DISBURSEMENTS | 7/1/2014 ; GENERAL GOVERNMENT,0.11,,,0.11,,,2,,,,1,check failed,"v1: 2,242,812.24 vs printed 2,209,000.67 (+33,811.57) ; v2: 5,443,975.18 vs printed 5,443,849.18 (+126.00) ; v3: 4,853,456.99 vs printed 5,052,956.22 (-199,499.23) ; v4: 2,599,893.63 vs printed 2,599,893.63"
2014,FY2014,COUNCIL ON AGING,C.O.A./M.A.R.T. Revolving,32,,FISCAL YEAR ENDING 6/30/14 ; FORWARD | TOTAL | TOTAL | BALANCE FWD ; PROGRAM NAME | 7/1/2013 | RECEIPTS | DISBURSEMENTS | 7/1/2014 ; GENERAL GOVERNMENT,-5405.28,41835.40,40208.89,-3778.77,,,4,,fund balances: forward + receipts - disbursements = carried forward,,1,check failed,"v1: 2,242,812.24 vs printed 2,209,000.67 (+33,811.57) ; v2: 5,443,975.18 vs printed 5,443,849.18 (+126.00) ; v3: 4,853,456.99 vs printed 5,052,956.22 (-199,499.23) ; v4: 2,599,893.63 vs printed 2,599,893.63"
2014,FY2014,COUNCIL ON AGING,C.O.A. Formula Grant,32,,FISCAL YEAR ENDING 6/30/14 ; FORWARD | TOTAL | TOTAL | BALANCE FWD ; PROGRAM NAME | 7/1/2013 | RECEIPTS | DISBURSEMENTS | 7/1/2014 ; GENERAL GOVERNMENT,0.00,16848.00,16848.00,0.00,,,4,,fund balances: forward + receipts - disbursements = carried forward,,1,check failed,"v1: 2,242,812.24 vs printed 2,209,000.67 (+33,811.57) ; v2: 5,443,975.18 vs printed 5,443,849.18 (+126.00) ; v3: 4,853,456.99 vs printed 5,052,956.22 (-199,499.23) ; v4: 2,599,893.63 vs printed 2,599,893.63"
2014,FY2014,COUNCIL ON AGING,E.O.C.D. Senior Center Grant,32,,FISCAL YEAR ENDING 6/30/14 ; FORWARD | TOTAL | TOTAL | BALANCE FWD ; PROGRAM NAME | 7/1/2013 | RECEIPTS | DISBURSEMENTS | 7/1/2014 ; GENERAL GOVERNMENT,1680.21,0.50,,1680.71,,,3,,one cell missing; derivable from the row itself,"v3 = 0.00, from this fund's own other three columns",1,check failed,"v1: 2,242,812.24 vs printed 2,209,000.67 (+33,811.57) ; v2: 5,443,975.18 vs printed 5,443,849.18 (+126.00) ; v3: 4,853,456.99 vs printed 5,052,956.22 (-199,499.23) ; v4: 2,599,893.63 vs printed 2,599,893.63"
2014,FY2014,COUNCIL ON AGING,Venture Grant - Are You OK,32,,FISCAL YEAR ENDING 6/30/14 ; FORWARD | TOTAL | TOTAL | BALANCE FWD ; PROGRAM NAME | 7/1/2013 | RECEIPTS | DISBURSEMENTS | 7/1/2014 ; GENERAL GOVERNMENT,24.00,,,24.00,,,2,,,,1,check failed,"v1: 2,242,812.24 vs printed 2,209,000.67 (+33,811.57) ; v2: 5,443,975.18 vs printed 5,443,849.18 (+126.00) ; v3: 4,853,456.99 vs printed 5,052,956.22 (-199,499.23) ; v4: 2,599,893.63 vs printed 2,599,893.63"
2014,FY2014,LIBRARY,State Aid-Libraries,32,,FISCAL YEAR ENDING 6/30/14 ; FORWARD | TOTAL | TOTAL | BALANCE FWD ; PROGRAM NAME | 7/1/2013 | RECEIPTS | DISBURSEMENTS | 7/1/2014 ; GENERAL GOVERNMENT,41072.86,10716.89,31582.23,20207.52,,,4,,fund balances: forward + receipts - disbursements = carried forward,,1,check failed,"v1: 2,242,812.24 vs printed 2,209,000.67 (+33,811.57) ; v2: 5,443,975.18 vs printed 5,443,849.18 (+126.00) ; v3: 4,853,456.99 vs printed 5,052,956.22 (-199,499.23) ; v4: 2,599,893.63 vs printed 2,599,893.63"
2014,FY2014,LIBRARY,Library Gift Fund,32,,FISCAL YEAR ENDING 6/30/14 ; FORWARD | TOTAL | TOTAL | BALANCE FWD ; PROGRAM NAME | 7/1/2013 | RECEIPTS | DISBURSEMENTS | 7/1/2014 ; GENERAL GOVERNMENT,16096.47,3675.00,,19771.47,,,3,,one cell missing; derivable from the row itself,"v3 = 0.00, from this fund's own other three columns",1,check failed,"v1: 2,242,812.24 vs printed 2,209,000.67 (+33,811.57) ; v2: 5,443,975.18 vs printed 5,443,849.18 (+126.00) ; v3: 4,853,456.99 vs printed 5,052,956.22 (-199,499.23) ; v4: 2,599,893.63 vs printed 2,599,893.63"
2014,FY2014,LIBRARY,Library Revolving Fund,32,,FISCAL YEAR ENDING 6/30/14 ; FORWARD | TOTAL | TOTAL | BALANCE FWD ; PROGRAM NAME | 7/1/2013 | RECEIPTS | DISBURSEMENTS | 7/1/2014 ; GENERAL GOVERNMENT,1344.97,8506.36,5178.22,4673.11,,,4,,fund balances: forward + receipts - disbursements = carried forward,,1,check failed,"v1: 2,242,812.24 vs printed 2,209,000.67 (+33,811.57) ; v2: 5,443,975.18 vs printed 5,443,849.18 (+126.00) ; v3: 4,853,456.99 vs printed 5,052,956.22 (-199,499.23) ; v4: 2,599,893.63 vs printed 2,599,893.63"
2014,FY2014,LIBRARY,FY07 Public Libraries Fund,32,,FISCAL YEAR ENDING 6/30/14 ; FORWARD | TOTAL | TOTAL | BALANCE FWD ; PROGRAM NAME | 7/1/2013 | RECEIPTS | DISBURSEMENTS | 7/1/2014 ; GENERAL GOVERNMENT,571.17,,,571.17,,,2,,,,1,check failed,"v1: 2,242,812.24 vs printed 2,209,000.67 (+33,811.57) ; v2: 5,443,975.18 vs printed 5,443,849.18 (+126.00) ; v3: 4,853,456.99 vs printed 5,052,956.22 (-199,499.23) ; v4: 2,599,893.63 vs printed 2,599,893.63"
2014,FY2014,LIBRARY,Sale of Cemetery Lots,32,,FISCAL YEAR ENDING 6/30/14 ; FORWARD | TOTAL | TOTAL | BALANCE FWD ; PROGRAM NAME | 7/1/2013 | RECEIPTS | DISBURSEMENTS | 7/1/2014 ; GENERAL GOVERNMENT,184361.92,12850.10,1800.00,195412.02,,,4,,fund balances: forward + receipts - disbursements = carried forward,,1,check failed,"v1: 2,242,812.24 vs printed 2,209,000.67 (+33,811.57) ; v2: 5,443,975.18 vs printed 5,443,849.18 (+126.00) ; v3: 4,853,456.99 vs printed 5,052,956.22 (-199,499.23) ; v4: 2,599,893.63 vs printed 2,599,893.63"
2014,FY2014,LIBRARY,Elderly/Disabled Fund,32,,FISCAL YEAR ENDING 6/30/14 ; FORWARD | TOTAL | TOTAL | BALANCE FWD ; PROGRAM NAME | 7/1/2013 | RECEIPTS | DISBURSEMENTS | 7/1/2014 ; GENERAL GOVERNMENT,2487.14,,,2487.14,,,2,,,,1,check failed,"v1: 2,242,812.24 vs printed 2,209,000.67 (+33,811.57) ; v2: 5,443,975.18 vs printed 5,443,849.18 (+126.00) ; v3: 4,853,456.99 vs printed 5,052,956.22 (-199,499.23) ; v4: 2,599,893.63 vs printed 2,599,893.63"
2014,FY2014,LIBRARY,Bell Tower Mtc. Fund-Town Hall,32,,FISCAL YEAR ENDING 6/30/14 ; FORWARD | TOTAL | TOTAL | BALANCE FWD ; PROGRAM NAME | 7/1/2013 | RECEIPTS | DISBURSEMENTS | 7/1/2014 ; GENERAL GOVERNMENT,6206.37,,300.00,5906.37,,,3,,one cell missing; derivable from the row itself,"v2 = 0.00, from this fund's own other three columns",1,check failed,"v1: 2,242,812.24 vs printed 2,209,000.67 (+33,811.57) ; v2: 5,443,975.18 vs printed 5,443,849.18 (+126.00) ; v3: 4,853,456.99 vs printed 5,052,956.22 (-199,499.23) ; v4: 2,599,893.63 vs printed 2,599,893.63"
2014,FY2014,LIBRARY,Historical Comm. Gift Fund,32,,FISCAL YEAR ENDING 6/30/14 ; FORWARD | TOTAL | TOTAL | BALANCE FWD ; PROGRAM NAME | 7/1/2013 | RECEIPTS | DISBURSEMENTS | 7/1/2014 ; GENERAL GOVERNMENT,137.36,,,137.36,,,2,,,,1,check failed,"v1: 2,242,812.24 vs printed 2,209,000.67 (+33,811.57) ; v2: 5,443,975.18 vs printed 5,443,849.18 (+126.00) ; v3: 4,853,456.99 vs printed 5,052,956.22 (-199,499.23) ; v4: 2,599,893.63 vs printed 2,599,893.63"
2014,FY2014,LIBRARY,FEMA Grant - October 2011 Storm,32,,FISCAL YEAR ENDING 6/30/14 ; FORWARD | TOTAL | TOTAL | BALANCE FWD ; PROGRAM NAME | 7/1/2013 | RECEIPTS | DISBURSEMENTS | 7/1/2014 ; GENERAL GOVERNMENT,-111480.08,111480.08,,0.00,,,3,,one cell missing; derivable from the row itself,"v3 = 0.00, from this fund's own other three columns",1,check failed,"v1: 2,242,812.24 vs printed 2,209,000.67 (+33,811.57) ; v2: 5,443,975.18 vs printed 5,443,849.18 (+126.00) ; v3: 4,853,456.99 vs printed 5,052,956.22 (-199,499.23) ; v4: 2,599,893.63 vs printed 2,599,893.63"
2014,FY2014,LIBRARY,Mass Historical Comm Grant-Town,32,,FISCAL YEAR ENDING 6/30/14 ; FORWARD | TOTAL | TOTAL | BALANCE FWD ; PROGRAM NAME | 7/1/2013 | RECEIPTS | DISBURSEMENTS | 7/1/2014 ; GENERAL GOVERNMENT,4150.00,,,4150.00,,,2,,,,1,check failed,"v1: 2,242,812.24 vs printed 2,209,000.67 (+33,811.57) ; v2: 5,443,975.18 vs printed 5,443,849.18 (+126.00) ; v3: 4,853,456.99 vs printed 5,052,956.22 (-199,499.23) ; v4: 2,599,893.63 vs printed 2,599,893.63"
2014,FY2014,LIBRARY,Police Gift Fund,32,,FISCAL YEAR ENDING 6/30/14 ; FORWARD | TOTAL | TOTAL | BALANCE FWD ; PROGRAM NAME | 7/1/2013 | RECEIPTS | DISBURSEMENTS | 7/1/2014 ; GENERAL GOVERNMENT,835.22,,,835.22,,,2,,,,1,check failed,"v1: 2,242,812.24 vs printed 2,209,000.67 (+33,811.57) ; v2: 5,443,975.18 vs printed 5,443,849.18 (+126.00) ; v3: 4,853,456.99 vs printed 5,052,956.22 (-199,499.23) ; v4: 2,599,893.63 vs printed 2,599,893.63"
2014,FY2014,LIBRARY,Public Safety Gift Fund,32,,FISCAL YEAR ENDING 6/30/14 ; FORWARD | TOTAL | TOTAL | BALANCE FWD ; PROGRAM NAME | 7/1/2013 | RECEIPTS | DISBURSEMENTS | 7/1/2014 ; GENERAL GOVERNMENT,667.38,,,667.38,,,2,,,,1,check failed,"v1: 2,242,812.24 vs printed 2,209,000.67 (+33,811.57) ; v2: 5,443,975.18 vs printed 5,443,849.18 (+126.00) ; v3: 4,853,456.99 vs printed 5,052,956.22 (-199,499.23) ; v4: 2,599,893.63 vs printed 2,599,893.63"
2014,FY2014,LIBRARY,Council on Aging Gift Fund,32,,FISCAL YEAR ENDING 6/30/14 ; FORWARD | TOTAL | TOTAL | BALANCE FWD ; PROGRAM NAME | 7/1/2013 | RECEIPTS | DISBURSEMENTS | 7/1/2014 ; GENERAL GOVERNMENT,5200.11,,2128.32,3071.79,,,3,,one cell missing; derivable from the row itself,"v2 = 0.00, from this fund's own other three columns",1,check failed,"v1: 2,242,812.24 vs printed 2,209,000.67 (+33,811.57) ; v2: 5,443,975.18 vs printed 5,443,849.18 (+126.00) ; v3: 4,853,456.99 vs printed 5,052,956.22 (-199,499.23) ; v4: 2,599,893.63 vs printed 2,599,893.63"
2014,FY2014,LIBRARY,,32,,FISCAL YEAR ENDING 6/30/14 ; FORWARD | TOTAL | TOTAL | BALANCE FWD ; PROGRAM NAME | 7/1/2013 | RECEIPTS | DISBURSEMENTS | 7/1/2014 ; GENERAL GOVERNMENT,,32.00,,,,,1,,,,1,check failed,"v1: 2,242,812.24 vs printed 2,209,000.67 (+33,811.57) ; v2: 5,443,975.18 vs printed 5,443,849.18 (+126.00) ; v3: 4,853,456.99 vs printed 5,052,956.22 (-199,499.23) ; v4: 2,599,893.63 vs printed 2,599,893.63"
2014,FY2014,LIBRARY,MWPAT Septic Repair,33,,FISCAL YEAR ENDING 6/30/14 ; FORWARD | TOTAL | TOTAL | BALANCE FWD ; PROGRAM NAME | 7/1/2013 | RECEIPTS | DISBURSEMENTS | 7/1/2014 ; GENERAL GOVERNMENT,4079.03,,,4079.03,,,2,,,,1,check failed,"v1: 2,242,812.24 vs printed 2,209,000.67 (+33,811.57) ; v2: 5,443,975.18 vs printed 5,443,849.18 (+126.00) ; v3: 4,853,456.99 vs printed 5,052,956.22 (-199,499.23) ; v4: 2,599,893.63 vs printed 2,599,893.63"
2014,FY2014,LIBRARY,WPAT Septic Receipts Reserved,33,,FISCAL YEAR ENDING 6/30/14 ; FORWARD | TOTAL | TOTAL | BALANCE FWD ; PROGRAM NAME | 7/1/2013 | RECEIPTS | DISBURSEMENTS | 7/1/2014 ; GENERAL GOVERNMENT,93967.07,1801.04,10872.00,84896.11,,,4,,fund balances: forward + receipts - disbursements = carried forward,,1,check failed,"v1: 2,242,812.24 vs printed 2,209,000.67 (+33,811.57) ; v2: 5,443,975.18 vs printed 5,443,849.18 (+126.00) ; v3: 4,853,456.99 vs printed 5,052,956.22 (-199,499.23) ; v4: 2,599,893.63 vs printed 2,599,893.63"
2014,FY2014,LIBRARY,E.O.C.D. Septic | Grant,33,,FISCAL YEAR ENDING 6/30/14 ; FORWARD | TOTAL | TOTAL | BALANCE FWD ; PROGRAM NAME | 7/1/2013 | RECEIPTS | DISBURSEMENTS | 7/1/2014 ; GENERAL GOVERNMENT,98940.71,2561.53,148.77,101353.47,,,4,,fund balances: forward + receipts - disbursements = carried forward,,1,check failed,"v1: 2,242,812.24 vs printed 2,209,000.67 (+33,811.57) ; v2: 5,443,975.18 vs printed 5,443,849.18 (+126.00) ; v3: 4,853,456.99 vs printed 5,052,956.22 (-199,499.23) ; v4: 2,599,893.63 vs printed 2,599,893.63"
2014,FY2014,LIBRARY,Water Enterprise Fund,33,,FISCAL YEAR ENDING 6/30/14 ; FORWARD | TOTAL | TOTAL | BALANCE FWD ; PROGRAM NAME | 7/1/2013 | RECEIPTS | DISBURSEMENTS | 7/1/2014 ; GENERAL GOVERNMENT,22568.54,26487.46,19324.41,29731.59,,,4,,fund balances: forward + receipts - disbursements = carried forward,,1,check failed,"v1: 2,242,812.24 vs printed 2,209,000.67 (+33,811.57) ; v2: 5,443,975.18 vs printed 5,443,849.18 (+126.00) ; v3: 4,853,456.99 vs printed 5,052,956.22 (-199,499.23) ; v4: 2,599,893.63 vs printed 2,599,893.63"
2014,FY2014,LIBRARY,Sewer Enterprise Fund,33,,FISCAL YEAR ENDING 6/30/14 ; FORWARD | TOTAL | TOTAL | BALANCE FWD ; PROGRAM NAME | 7/1/2013 | RECEIPTS | DISBURSEMENTS | 7/1/2014 ; GENERAL GOVERNMENT,598388.79,755298.30,611450.23,742236.86,,,4,,fund balances: forward + receipts - disbursements = carried forward,,1,check failed,"v1: 2,242,812.24 vs printed 2,209,000.67 (+33,811.57) ; v2: 5,443,975.18 vs printed 5,443,849.18 (+126.00) ; v3: 4,853,456.99 vs printed 5,052,956.22 (-199,499.23) ; v4: 2,599,893.63 vs printed 2,599,893.63"
2014,FY2014,LIBRARY,Sewer Betterment Fund,33,,FISCAL YEAR ENDING 6/30/14 ; FORWARD | TOTAL | TOTAL | BALANCE FWD ; PROGRAM NAME | 7/1/2013 | RECEIPTS | DISBURSEMENTS | 7/1/2014 ; GENERAL GOVERNMENT,700039.64,708564.80,773045.00,635559.44,,,4,,fund balances: forward + receipts - disbursements = carried forward,,1,check failed,"v1: 2,242,812.24 vs printed 2,209,000.67 (+33,811.57) ; v2: 5,443,975.18 vs printed 5,443,849.18 (+126.00) ; v3: 4,853,456.99 vs printed 5,052,956.22 (-199,499.23) ; v4: 2,599,893.63 vs printed 2,599,893.63"
2014,FY2014,LIBRARY,Public Health Emergency Preparec,33,,FISCAL YEAR ENDING 6/30/14 ; FORWARD | TOTAL | TOTAL | BALANCE FWD ; PROGRAM NAME | 7/1/2013 | RECEIPTS | DISBURSEMENTS | 7/1/2014 ; GENERAL GOVERNMENT,12295.09,,,12295.09,,,2,,,,1,check failed,"v1: 2,242,812.24 vs printed 2,209,000.67 (+33,811.57) ; v2: 5,443,975.18 vs printed 5,443,849.18 (+126.00) ; v3: 4,853,456.99 vs printed 5,052,956.22 (-199,499.23) ; v4: 2,599,893.63 vs printed 2,599,893.63"
2014,FY2014,LIBRARY,CDBG Sewer Hookup Grant,33,,FISCAL YEAR ENDING 6/30/14 ; FORWARD | TOTAL | TOTAL | BALANCE FWD ; PROGRAM NAME | 7/1/2013 | RECEIPTS | DISBURSEMENTS | 7/1/2014 ; GENERAL GOVERNMENT,-15129.87,,-15129.87,0.00,,,3,,one cell missing; derivable from the row itself,"v2 = 0.00, from this fund's own other three columns",1,check failed,"v1: 2,242,812.24 vs printed 2,209,000.67 (+33,811.57) ; v2: 5,443,975.18 vs printed 5,443,849.18 (+126.00) ; v3: 4,853,456.99 vs printed 5,052,956.22 (-199,499.23) ; v4: 2,599,893.63 vs printed 2,599,893.63"
2014,FY2014,LIBRARY,DEP Pay As You Throw Grant,33,,FISCAL YEAR ENDING 6/30/14 ; FORWARD | TOTAL | TOTAL | BALANCE FWD ; PROGRAM NAME | 7/1/2013 | RECEIPTS | DISBURSEMENTS | 7/1/2014 ; GENERAL GOVERNMENT,4720.43,,,4720.43,,,2,,,,1,check failed,"v1: 2,242,812.24 vs printed 2,209,000.67 (+33,811.57) ; v2: 5,443,975.18 vs printed 5,443,849.18 (+126.00) ; v3: 4,853,456.99 vs printed 5,052,956.22 (-199,499.23) ; v4: 2,599,893.63 vs printed 2,599,893.63"
2014,FY2014,LIBRARY,Recycling Outreach Fund,33,,FISCAL YEAR ENDING 6/30/14 ; FORWARD | TOTAL | TOTAL | BALANCE FWD ; PROGRAM NAME | 7/1/2013 | RECEIPTS | DISBURSEMENTS | 7/1/2014 ; GENERAL GOVERNMENT,3800.00,,,3800.00,,,2,,,,1,check failed,"v1: 2,242,812.24 vs printed 2,209,000.67 (+33,811.57) ; v2: 5,443,975.18 vs printed 5,443,849.18 (+126.00) ; v3: 4,853,456.99 vs printed 5,052,956.22 (-199,499.23) ; v4: 2,599,893.63 vs printed 2,599,893.63"
2014,FY2014,LIBRARY,Repayments Sewer Hookup,33,,FISCAL YEAR ENDING 6/30/14 ; FORWARD | TOTAL | TOTAL | BALANCE FWD ; PROGRAM NAME | 7/1/2013 | RECEIPTS | DISBURSEMENTS | 7/1/2014 ; GENERAL GOVERNMENT,9222.00,,,9222.00,,,2,,,,1,check failed,"v1: 2,242,812.24 vs printed 2,209,000.67 (+33,811.57) ; v2: 5,443,975.18 vs printed 5,443,849.18 (+126.00) ; v3: 4,853,456.99 vs printed 5,052,956.22 (-199,499.23) ; v4: 2,599,893.63 vs printed 2,599,893.63"
2014,FY2014,LIBRARY,Solid Waste/Recycling Enterprise,33,,FISCAL YEAR ENDING 6/30/14 ; FORWARD | TOTAL | TOTAL | BALANCE FWD ; PROGRAM NAME | 7/1/2013 | RECEIPTS | DISBURSEMENTS | 7/1/2014 ; GENERAL GOVERNMENT,,269183.15,255011.63,28649.75,,,3,,one cell missing; derivable from the row itself,"v1 = 14,478.23, from this fund's own other three columns",1,check failed,"v1: 2,242,812.24 vs printed 2,209,000.67 (+33,811.57) ; v2: 5,443,975.18 vs printed 5,443,849.18 (+126.00) ; v3: 4,853,456.99 vs printed 5,052,956.22 (-199,499.23) ; v4: 2,599,893.63 vs printed 2,599,893.63"
2014,FY2014,LIBRARY,CVS Volunteer Challenge Grant,33,,FISCAL YEAR ENDING 6/30/14 ; FORWARD | TOTAL | TOTAL | BALANCE FWD ; PROGRAM NAME | 7/1/2013 | RECEIPTS | DISBURSEMENTS | 7/1/2014 ; GENERAL GOVERNMENT,500.00,,,500.00,,,2,,,,1,check failed,"v1: 2,242,812.24 vs printed 2,209,000.67 (+33,811.57) ; v2: 5,443,975.18 vs printed 5,443,849.18 (+126.00) ; v3: 4,853,456.99 vs printed 5,052,956.22 (-199,499.23) ; v4: 2,599,893.63 vs printed 2,599,893.63"
2014,FY2014,LIBRARY,Fields Pond Foundation,33,,FISCAL YEAR ENDING 6/30/14 ; FORWARD | TOTAL | TOTAL | BALANCE FWD ; PROGRAM NAME | 7/1/2013 | RECEIPTS | DISBURSEMENTS | 7/1/2014 ; GENERAL GOVERNMENT,1600.00,,,1600.00,,,2,,,,1,check failed,"v1: 2,242,812.24 vs printed 2,209,000.67 (+33,811.57) ; v2: 5,443,975.18 vs printed 5,443,849.18 (+126.00) ; v3: 4,853,456.99 vs printed 5,052,956.22 (-199,499.23) ; v4: 2,599,893.63 vs printed 2,599,893.63"
2014,FY2014,LIBRARY,March for Parks,33,,FISCAL YEAR ENDING 6/30/14 ; FORWARD | TOTAL | TOTAL | BALANCE FWD ; PROGRAM NAME | 7/1/2013 | RECEIPTS | DISBURSEMENTS | 7/1/2014 ; GENERAL GOVERNMENT,1617.25,,,1617.25,,,2,,,,1,check failed,"v1: 2,242,812.24 vs printed 2,209,000.67 (+33,811.57) ; v2: 5,443,975.18 vs printed 5,443,849.18 (+126.00) ; v3: 4,853,456.99 vs printed 5,052,956.22 (-199,499.23) ; v4: 2,599,893.63 vs printed 2,599,893.63"
2014,FY2014,LIBRARY,Lake Shirley Low Impact Grant,33,,FISCAL YEAR ENDING 6/30/14 ; FORWARD | TOTAL | TOTAL | BALANCE FWD ; PROGRAM NAME | 7/1/2013 | RECEIPTS | DISBURSEMENTS | 7/1/2014 ; GENERAL GOVERNMENT,-6012.00,,-6012.00,0.00,,,3,,one cell missing; derivable from the row itself,"v2 = 0.00, from this fund's own other three columns",1,check failed,"v1: 2,242,812.24 vs printed 2,209,000.67 (+33,811.57) ; v2: 5,443,975.18 vs printed 5,443,849.18 (+126.00) ; v3: 4,853,456.99 vs printed 5,052,956.22 (-199,499.23) ; v4: 2,599,893.63 vs printed 2,599,893.63"
2014,FY2014,LIBRARY,Skate Park Fund,33,,FISCAL YEAR ENDING 6/30/14 ; FORWARD | TOTAL | TOTAL | BALANCE FWD ; PROGRAM NAME | 7/1/2013 | RECEIPTS | DISBURSEMENTS | 7/1/2014 ; GENERAL GOVERNMENT,197.00,,,197.00,,,2,,,,1,check failed,"v1: 2,242,812.24 vs printed 2,209,000.67 (+33,811.57) ; v2: 5,443,975.18 vs printed 5,443,849.18 (+126.00) ; v3: 4,853,456.99 vs printed 5,052,956.22 (-199,499.23) ; v4: 2,599,893.63 vs printed 2,599,893.63"
2014,FY2014,LIBRARY,Weights/Measures Citation Fund,33,,FISCAL YEAR ENDING 6/30/14 ; FORWARD | TOTAL | TOTAL | BALANCE FWD ; PROGRAM NAME | 7/1/2013 | RECEIPTS | DISBURSEMENTS | 7/1/2014 ; GENERAL GOVERNMENT,325.00,,,325.00,,,2,,,,1,check failed,"v1: 2,242,812.24 vs printed 2,209,000.67 (+33,811.57) ; v2: 5,443,975.18 vs printed 5,443,849.18 (+126.00) ; v3: 4,853,456.99 vs printed 5,052,956.22 (-199,499.23) ; v4: 2,599,893.63 vs printed 2,599,893.63"
2014,FY2014,LIBRARY,Marshall Park Restoration Fund,33,,FISCAL YEAR ENDING 6/30/14 ; FORWARD | TOTAL | TOTAL | BALANCE FWD ; PROGRAM NAME | 7/1/2013 | RECEIPTS | DISBURSEMENTS | 7/1/2014 ; GENERAL GOVERNMENT,125.00,,,125.00,,,2,,,,1,check failed,"v1: 2,242,812.24 vs printed 2,209,000.67 (+33,811.57) ; v2: 5,443,975.18 vs printed 5,443,849.18 (+126.00) ; v3: 4,853,456.99 vs printed 5,052,956.22 (-199,499.23) ; v4: 2,599,893.63 vs printed 2,599,893.63"
2014,FY2014,LIBRARY,Comcast Technology Capital Grant,33,,FISCAL YEAR ENDING 6/30/14 ; FORWARD | TOTAL | TOTAL | BALANCE FWD ; PROGRAM NAME | 7/1/2013 | RECEIPTS | DISBURSEMENTS | 7/1/2014 ; GENERAL GOVERNMENT,39796.01,,,39796.01,,,2,,,,1,check failed,"v1: 2,242,812.24 vs printed 2,209,000.67 (+33,811.57) ; v2: 5,443,975.18 vs printed 5,443,849.18 (+126.00) ; v3: 4,853,456.99 vs printed 5,052,956.22 (-199,499.23) ; v4: 2,599,893.63 vs printed 2,599,893.63"
2014,FY2014,LIBRARY,Sale of Real Estate Fund,33,,FISCAL YEAR ENDING 6/30/14 ; FORWARD | TOTAL | TOTAL | BALANCE FWD ; PROGRAM NAME | 7/1/2013 | RECEIPTS | DISBURSEMENTS | 7/1/2014 ; GENERAL GOVERNMENT,9925.00,,,9925.00,,,2,,,,1,check failed,"v1: 2,242,812.24 vs printed 2,209,000.67 (+33,811.57) ; v2: 5,443,975.18 vs printed 5,443,849.18 (+126.00) ; v3: 4,853,456.99 vs printed 5,052,956.22 (-199,499.23) ; v4: 2,599,893.63 vs printed 2,599,893.63"
2014,FY2014,LIBRARY,Arts Lottery Fund,33,,FISCAL YEAR ENDING 6/30/14 ; FORWARD | TOTAL | TOTAL | BALANCE FWD ; PROGRAM NAME | 7/1/2013 | RECEIPTS | DISBURSEMENTS | 7/1/2014 ; GENERAL GOVERNMENT,5765.58,7462.84,4249.00,8979.42,,,4,,fund balances: forward + receipts - disbursements = carried forward,,1,check failed,"v1: 2,242,812.24 vs printed 2,209,000.67 (+33,811.57) ; v2: 5,443,975.18 vs printed 5,443,849.18 (+126.00) ; v3: 4,853,456.99 vs printed 5,052,956.22 (-199,499.23) ; v4: 2,599,893.63 vs printed 2,599,893.63"
2014,FY2014,LIBRARY,L.E.A.P. Fund,33,,FISCAL YEAR ENDING 6/30/14 ; FORWARD | TOTAL | TOTAL | BALANCE FWD ; PROGRAM NAME | 7/1/2013 | RECEIPTS | DISBURSEMENTS | 7/1/2014 ; GENERAL GOVERNMENT,241152.37,90328.18,65399.38,266081.17,,,4,,fund balances: forward + receipts - disbursements = carried forward,,1,check failed,"v1: 2,242,812.24 vs printed 2,209,000.67 (+33,811.57) ; v2: 5,443,975.18 vs printed 5,443,849.18 (+126.00) ; v3: 4,853,456.99 vs printed 5,052,956.22 (-199,499.23) ; v4: 2,599,893.63 vs printed 2,599,893.63"
2014,FY2014,LIBRARY,Debris Removal Gift Fund,33,,FISCAL YEAR ENDING 6/30/14 ; FORWARD | TOTAL | TOTAL | BALANCE FWD ; PROGRAM NAME | 7/1/2013 | RECEIPTS | DISBURSEMENTS | 7/1/2014 ; GENERAL GOVERNMENT,676.00,,,676.00,,,2,,,,1,check failed,"v1: 2,242,812.24 vs printed 2,209,000.67 (+33,811.57) ; v2: 5,443,975.18 vs printed 5,443,849.18 (+126.00) ; v3: 4,853,456.99 vs printed 5,052,956.22 (-199,499.23) ; v4: 2,599,893.63 vs printed 2,599,893.63"
2014,FY2014,LIBRARY,Citizens Relief Fund,33,,FISCAL YEAR ENDING 6/30/14 ; FORWARD | TOTAL | TOTAL | BALANCE FWD ; PROGRAM NAME | 7/1/2013 | RECEIPTS | DISBURSEMENTS | 7/1/2014 ; GENERAL GOVERNMENT,200.00,,,200.00,,,2,,,,1,check failed,"v1: 2,242,812.24 vs printed 2,209,000.67 (+33,811.57) ; v2: 5,443,975.18 vs printed 5,443,849.18 (+126.00) ; v3: 4,853,456.99 vs printed 5,052,956.22 (-199,499.23) ; v4: 2,599,893.63 vs printed 2,599,893.63"
2014,FY2014,LIBRARY,Hollis Road Revolving,33,,FISCAL YEAR ENDING 6/30/14 ; FORWARD | TOTAL | TOTAL | BALANCE FWD ; PROGRAM NAME | 7/1/2013 | RECEIPTS | DISBURSEMENTS | 7/1/2014 ; GENERAL GOVERNMENT,11077.63,2500.00,,13577.63,,,3,,one cell missing; derivable from the row itself,"v3 = 0.00, from this fund's own other three columns",1,check failed,"v1: 2,242,812.24 vs printed 2,209,000.67 (+33,811.57) ; v2: 5,443,975.18 vs printed 5,443,849.18 (+126.00) ; v3: 4,853,456.99 vs printed 5,052,956.22 (-199,499.23) ; v4: 2,599,893.63 vs printed 2,599,893.63"
2014,FY2014,LIBRARY,,33,,FISCAL YEAR ENDING 6/30/14 ; FORWARD | TOTAL | TOTAL | BALANCE FWD ; PROGRAM NAME | 7/1/2013 | RECEIPTS | DISBURSEMENTS | 7/1/2014 ; GENERAL GOVERNMENT,,33.00,,,,,1,,,,1,check failed,"v1: 2,242,812.24 vs printed 2,209,000.67 (+33,811.57) ; v2: 5,443,975.18 vs printed 5,443,849.18 (+126.00) ; v3: 4,853,456.99 vs printed 5,052,956.22 (-199,499.23) ; v4: 2,599,893.63 vs printed 2,599,893.63"
2015,FY2015,GENERAL GOVERNMENT,Regional Assessor Fund,29,,FISCAL YEAR ENDING 6/30/15 ; FORWARD | TOTAL | TOTAL | BALANCE FWD ; PROGRAM NAME | 7/1/2014 | RECEIPTS R | DISBURSEMENTS | 7/1/2015 ; GENERAL GOVERNMENT,30907.25,,,30907.25,,,2,,,,1,check failed,"v1: 2,571,243.89 vs printed 2,599,893.63 (-28,649.74) ; v2: 5,280,071.77 vs printed 5,285,016.77 (-4,945.00) ; v3: 5,164,277.78 vs printed 5,180,429.68 (-16,151.90) ; v4: 2,704,480.72 vs printed 2,704,480.72"
2015,FY2015,GENERAL GOVERNMENT,Conservation Fund,29,,FISCAL YEAR ENDING 6/30/15 ; FORWARD | TOTAL | TOTAL | BALANCE FWD ; PROGRAM NAME | 7/1/2014 | RECEIPTS R | DISBURSEMENTS | 7/1/2015 ; GENERAL GOVERNMENT,319.59,,,319.59,,,2,,,,1,check failed,"v1: 2,571,243.89 vs printed 2,599,893.63 (-28,649.74) ; v2: 5,280,071.77 vs printed 5,285,016.77 (-4,945.00) ; v3: 5,164,277.78 vs printed 5,180,429.68 (-16,151.90) ; v4: 2,704,480.72 vs printed 2,704,480.72"
2015,FY2015,GENERAL GOVERNMENT,Conservation Consultant Revolving,29,,FISCAL YEAR ENDING 6/30/15 ; FORWARD | TOTAL | TOTAL | BALANCE FWD ; PROGRAM NAME | 7/1/2014 | RECEIPTS R | DISBURSEMENTS | 7/1/2015 ; GENERAL GOVERNMENT,120.50,,,120.50,,,2,,,,1,check failed,"v1: 2,571,243.89 vs printed 2,599,893.63 (-28,649.74) ; v2: 5,280,071.77 vs printed 5,285,016.77 (-4,945.00) ; v3: 5,164,277.78 vs printed 5,180,429.68 (-16,151.90) ; v4: 2,704,480.72 vs printed 2,704,480.72"
2015,FY2015,GENERAL GOVERNMENT,Zoning Board Consultant Revolving,29,,FISCAL YEAR ENDING 6/30/15 ; FORWARD | TOTAL | TOTAL | BALANCE FWD ; PROGRAM NAME | 7/1/2014 | RECEIPTS R | DISBURSEMENTS | 7/1/2015 ; GENERAL GOVERNMENT,16513.51,13054.15,18265.70,11301.96,,,4,,fund balances: forward + receipts - disbursements = carried forward,,1,check failed,"v1: 2,571,243.89 vs printed 2,599,893.63 (-28,649.74) ; v2: 5,280,071.77 vs printed 5,285,016.77 (-4,945.00) ; v3: 5,164,277.78 vs printed 5,180,429.68 (-16,151.90) ; v4: 2,704,480.72 vs printed 2,704,480.72"
2015,FY2015,GENERAL GOVERNMENT,Conservation Gift Fund-Cook Farm,29,,FISCAL YEAR ENDING 6/30/15 ; FORWARD | TOTAL | TOTAL | BALANCE FWD ; PROGRAM NAME | 7/1/2014 | RECEIPTS R | DISBURSEMENTS | 7/1/2015 ; GENERAL GOVERNMENT,148.00,,,148.00,,,2,,,,1,check failed,"v1: 2,571,243.89 vs printed 2,599,893.63 (-28,649.74) ; v2: 5,280,071.77 vs printed 5,285,016.77 (-4,945.00) ; v3: 5,164,277.78 vs printed 5,180,429.68 (-16,151.90) ; v4: 2,704,480.72 vs printed 2,704,480.72"
2015,FY2015,GENERAL GOVERNMENT,Town Records Gift Fund,29,,FISCAL YEAR ENDING 6/30/15 ; FORWARD | TOTAL | TOTAL | BALANCE FWD ; PROGRAM NAME | 7/1/2014 | RECEIPTS R | DISBURSEMENTS | 7/1/2015 ; GENERAL GOVERNMENT,252.35,,,252.35,,,2,,,,1,check failed,"v1: 2,571,243.89 vs printed 2,599,893.63 (-28,649.74) ; v2: 5,280,071.77 vs printed 5,285,016.77 (-4,945.00) ; v3: 5,164,277.78 vs printed 5,180,429.68 (-16,151.90) ; v4: 2,704,480.72 vs printed 2,704,480.72"
2015,FY2015,GENERAL GOVERNMENT,Scholarship Fund,29,,FISCAL YEAR ENDING 6/30/15 ; FORWARD | TOTAL | TOTAL | BALANCE FWD ; PROGRAM NAME | 7/1/2014 | RECEIPTS R | DISBURSEMENTS | 7/1/2015 ; GENERAL GOVERNMENT,217.99,14.27,,232.26,,,3,,one cell missing; derivable from the row itself,"v3 = 0.00, from this fund's own other three columns",1,check failed,"v1: 2,571,243.89 vs printed 2,599,893.63 (-28,649.74) ; v2: 5,280,071.77 vs printed 5,285,016.77 (-4,945.00) ; v3: 5,164,277.78 vs printed 5,180,429.68 (-16,151.90) ; v4: 2,704,480.72 vs printed 2,704,480.72"
2015,FY2015,GENERAL GOVERNMENT,Sewer Gift Fund,29,,FISCAL YEAR ENDING 6/30/15 ; FORWARD | TOTAL | TOTAL | BALANCE FWD ; PROGRAM NAME | 7/1/2014 | RECEIPTS R | DISBURSEMENTS | 7/1/2015 ; GENERAL GOVERNMENT,387.09,,,387.09,,,2,,,,1,check failed,"v1: 2,571,243.89 vs printed 2,599,893.63 (-28,649.74) ; v2: 5,280,071.77 vs printed 5,285,016.77 (-4,945.00) ; v3: 5,164,277.78 vs printed 5,180,429.68 (-16,151.90) ; v4: 2,704,480.72 vs printed 2,704,480.72"
2015,FY2015,GENERAL GOVERNMENT,Insurance Recoveries,29,,FISCAL YEAR ENDING 6/30/15 ; FORWARD | TOTAL | TOTAL | BALANCE FWD ; PROGRAM NAME | 7/1/2014 | RECEIPTS R | DISBURSEMENTS | 7/1/2015 ; GENERAL GOVERNMENT,3619.33,,,3619.33,,,2,,,,1,check failed,"v1: 2,571,243.89 vs printed 2,599,893.63 (-28,649.74) ; v2: 5,280,071.77 vs printed 5,285,016.77 (-4,945.00) ; v3: 5,164,277.78 vs printed 5,180,429.68 (-16,151.90) ; v4: 2,704,480.72 vs printed 2,704,480.72"
2015,FY2015,GENERAL GOVERNMENT,Town Hall Chimney Grant,29,,FISCAL YEAR ENDING 6/30/15 ; FORWARD | TOTAL | TOTAL | BALANCE FWD ; PROGRAM NAME | 7/1/2014 | RECEIPTS R | DISBURSEMENTS | 7/1/2015 ; GENERAL GOVERNMENT,3000.00,,,3000.00,,,2,,,,1,check failed,"v1: 2,571,243.89 vs printed 2,599,893.63 (-28,649.74) ; v2: 5,280,071.77 vs printed 5,285,016.77 (-4,945.00) ; v3: 5,164,277.78 vs printed 5,180,429.68 (-16,151.90) ; v4: 2,704,480.72 vs printed 2,704,480.72"
2015,FY2015,GENERAL GOVERNMENT,General Government Gift Fund,29,,FISCAL YEAR ENDING 6/30/15 ; FORWARD | TOTAL | TOTAL | BALANCE FWD ; PROGRAM NAME | 7/1/2014 | RECEIPTS R | DISBURSEMENTS | 7/1/2015 ; GENERAL GOVERNMENT,1110.00,,,1110.00,,,2,,,,1,check failed,"v1: 2,571,243.89 vs printed 2,599,893.63 (-28,649.74) ; v2: 5,280,071.77 vs printed 5,285,016.77 (-4,945.00) ; v3: 5,164,277.78 vs printed 5,180,429.68 (-16,151.90) ; v4: 2,704,480.72 vs printed 2,704,480.72"
2015,FY2015,GENERAL GOVERNMENT,Household Hazardous Waste,29,,FISCAL YEAR ENDING 6/30/15 ; FORWARD | TOTAL | TOTAL | BALANCE FWD ; PROGRAM NAME | 7/1/2014 | RECEIPTS R | DISBURSEMENTS | 7/1/2015 ; GENERAL GOVERNMENT,768.76,,,768.76,,,2,,,,1,check failed,"v1: 2,571,243.89 vs printed 2,599,893.63 (-28,649.74) ; v2: 5,280,071.77 vs printed 5,285,016.77 (-4,945.00) ; v3: 5,164,277.78 vs printed 5,180,429.68 (-16,151.90) ; v4: 2,704,480.72 vs printed 2,704,480.72"
2015,FY2015,SCHOOL DEPARTMENT,School Lunch,29,,FISCAL YEAR ENDING 6/30/15 ; FORWARD | TOTAL | TOTAL | BALANCE FWD ; PROGRAM NAME | 7/1/2014 | RECEIPTS R | DISBURSEMENTS | 7/1/2015 ; GENERAL GOVERNMENT,21507.54,404847.78,400305.18,26050.14,,,4,,fund balances: forward + receipts - disbursements = carried forward,,1,check failed,"v1: 2,571,243.89 vs printed 2,599,893.63 (-28,649.74) ; v2: 5,280,071.77 vs printed 5,285,016.77 (-4,945.00) ; v3: 5,164,277.78 vs printed 5,180,429.68 (-16,151.90) ; v4: 2,704,480.72 vs printed 2,704,480.72"
2015,FY2015,SCHOOL DEPARTMENT,Title I #305,29,,FISCAL YEAR ENDING 6/30/15 ; FORWARD | TOTAL | TOTAL | BALANCE FWD ; PROGRAM NAME | 7/1/2014 | RECEIPTS R | DISBURSEMENTS | 7/1/2015 ; GENERAL GOVERNMENT,1805.00,103436.40,132348.40,-27107.00,,,4,,fund balances: forward + receipts - disbursements = carried forward,,1,check failed,"v1: 2,571,243.89 vs printed 2,599,893.63 (-28,649.74) ; v2: 5,280,071.77 vs printed 5,285,016.77 (-4,945.00) ; v3: 5,164,277.78 vs printed 5,180,429.68 (-16,151.90) ; v4: 2,704,480.72 vs printed 2,704,480.72"
2015,FY2015,SCHOOL DEPARTMENT,PL 94-142 #240,29,,FISCAL YEAR ENDING 6/30/15 ; FORWARD | TOTAL | TOTAL | BALANCE FWD ; PROGRAM NAME | 7/1/2014 | RECEIPTS R | DISBURSEMENTS | 7/1/2015 ; GENERAL GOVERNMENT,-15062.97,296201.00,332885.45,-51747.42,,,4,,fund balances: forward + receipts - disbursements = carried forward,,1,check failed,"v1: 2,571,243.89 vs printed 2,599,893.63 (-28,649.74) ; v2: 5,280,071.77 vs printed 5,285,016.77 (-4,945.00) ; v3: 5,164,277.78 vs printed 5,180,429.68 (-16,151.90) ; v4: 2,704,480.72 vs printed 2,704,480.72"
2015,FY2015,SCHOOL DEPARTMENT,United Way Venture,29,,FISCAL YEAR ENDING 6/30/15 ; FORWARD | TOTAL | TOTAL | BALANCE FWD ; PROGRAM NAME | 7/1/2014 | RECEIPTS R | DISBURSEMENTS | 7/1/2015 ; GENERAL GOVERNMENT,40.42,,,40.42,,,2,,,,1,check failed,"v1: 2,571,243.89 vs printed 2,599,893.63 (-28,649.74) ; v2: 5,280,071.77 vs printed 5,285,016.77 (-4,945.00) ; v3: 5,164,277.78 vs printed 5,180,429.68 (-16,151.90) ; v4: 2,704,480.72 vs printed 2,704,480.72"
2015,FY2015,SCHOOL DEPARTMENT,Recovery for Lost Books,29,,FISCAL YEAR ENDING 6/30/15 ; FORWARD | TOTAL | TOTAL | BALANCE FWD ; PROGRAM NAME | 7/1/2014 | RECEIPTS R | DISBURSEMENTS | 7/1/2015 ; GENERAL GOVERNMENT,7097.53,140.69,23.00,7215.22,,,4,,fund balances: forward + receipts - disbursements = carried forward,,1,check failed,"v1: 2,571,243.89 vs printed 2,599,893.63 (-28,649.74) ; v2: 5,280,071.77 vs printed 5,285,016.77 (-4,945.00) ; v3: 5,164,277.78 vs printed 5,180,429.68 (-16,151.90) ; v4: 2,704,480.72 vs printed 2,704,480.72"
2015,FY2015,SCHOOL DEPARTMENT,Chapter 658 School Athletics,29,,FISCAL YEAR ENDING 6/30/15 ; FORWARD | TOTAL | TOTAL | BALANCE FWD ; PROGRAM NAME | 7/1/2014 | RECEIPTS R | DISBURSEMENTS | 7/1/2015 ; GENERAL GOVERNMENT,42266.12,125854.50,113962.65,54157.96,,,4,,fund balances: forward + receipts - disbursements = carried forward,,1,check failed,"v1: 2,571,243.89 vs printed 2,599,893.63 (-28,649.74) ; v2: 5,280,071.77 vs printed 5,285,016.77 (-4,945.00) ; v3: 5,164,277.78 vs printed 5,180,429.68 (-16,151.90) ; v4: 2,704,480.72 vs printed 2,704,480.72"
2015,FY2015,SCHOOL DEPARTMENT,After School Activities,29,,FISCAL YEAR ENDING 6/30/15 ; FORWARD | TOTAL | TOTAL | BALANCE FWD ; PROGRAM NAME | 7/1/2014 | RECEIPTS R | DISBURSEMENTS | 7/1/2015 ; GENERAL GOVERNMENT,86302.03,218034.29,204811.29,99525.03,,,4,,fund balances: forward + receipts - disbursements = carried forward,,1,check failed,"v1: 2,571,243.89 vs printed 2,599,893.63 (-28,649.74) ; v2: 5,280,071.77 vs printed 5,285,016.77 (-4,945.00) ; v3: 5,164,277.78 vs printed 5,180,429.68 (-16,151.90) ; v4: 2,704,480.72 vs printed 2,704,480.72"
2015,FY2015,SCHOOL DEPARTMENT,School Facilities Use,29,,FISCAL YEAR ENDING 6/30/15 ; FORWARD | TOTAL | TOTAL | BALANCE FWD ; PROGRAM NAME | 7/1/2014 | RECEIPTS R | DISBURSEMENTS | 7/1/2015 ; GENERAL GOVERNMENT,1004.50,52392.50,52542.05,854.95,,,4,,fund balances: forward + receipts - disbursements = carried forward,,1,check failed,"v1: 2,571,243.89 vs printed 2,599,893.63 (-28,649.74) ; v2: 5,280,071.77 vs printed 5,285,016.77 (-4,945.00) ; v3: 5,164,277.78 vs printed 5,180,429.68 (-16,151.90) ; v4: 2,704,480.72 vs printed 2,704,480.72"
2015,FY2015,SCHOOL DEPARTMENT,Non-Resident Tuition,29,,FISCAL YEAR ENDING 6/30/15 ; FORWARD | TOTAL | TOTAL | BALANCE FWD ; PROGRAM NAME | 7/1/2014 | RECEIPTS R | DISBURSEMENTS | 7/1/2015 ; GENERAL GOVERNMENT,79041.44,63695.30,98022.01,44714.73,,,4,,fund balances: forward + receipts - disbursements = carried forward,,1,check failed,"v1: 2,571,243.89 vs printed 2,599,893.63 (-28,649.74) ; v2: 5,280,071.77 vs printed 5,285,016.77 (-4,945.00) ; v3: 5,164,277.78 vs printed 5,180,429.68 (-16,151.90) ; v4: 2,704,480.72 vs printed 2,704,480.72"
2015,FY2015,SCHOOL DEPARTMENT,Adult Education,29,,FISCAL YEAR ENDING 6/30/15 ; FORWARD | TOTAL | TOTAL | BALANCE FWD ; PROGRAM NAME | 7/1/2014 | RECEIPTS R | DISBURSEMENTS | 7/1/2015 ; GENERAL GOVERNMENT,4346.61,,,4346.61,,,2,,,,1,check failed,"v1: 2,571,243.89 vs printed 2,599,893.63 (-28,649.74) ; v2: 5,280,071.77 vs printed 5,285,016.77 (-4,945.00) ; v3: 5,164,277.78 vs printed 5,180,429.68 (-16,151.90) ; v4: 2,704,480.72 vs printed 2,704,480.72"
2015,FY2015,SCHOOL DEPARTMENT,Summer School Program,29,,FISCAL YEAR ENDING 6/30/15 ; FORWARD | TOTAL | TOTAL | BALANCE FWD ; PROGRAM NAME | 7/1/2014 | RECEIPTS R | DISBURSEMENTS | 7/1/2015 ; GENERAL GOVERNMENT,90.00,,,90.00,,,2,,,,1,check failed,"v1: 2,571,243.89 vs printed 2,599,893.63 (-28,649.74) ; v2: 5,280,071.77 vs printed 5,285,016.77 (-4,945.00) ; v3: 5,164,277.78 vs printed 5,180,429.68 (-16,151.90) ; v4: 2,704,480.72 vs printed 2,704,480.72"
2015,FY2015,SCHOOL DEPARTMENT,School Choice,29,,FISCAL YEAR ENDING 6/30/15 ; FORWARD | TOTAL | TOTAL | BALANCE FWD ; PROGRAM NAME | 7/1/2014 | RECEIPTS R | DISBURSEMENTS | 7/1/2015 ; GENERAL GOVERNMENT,88023.05,248973.00,82483.82,254512.23,,,4,,fund balances: forward + receipts - disbursements = carried forward,,1,check failed,"v1: 2,571,243.89 vs printed 2,599,893.63 (-28,649.74) ; v2: 5,280,071.77 vs printed 5,285,016.77 (-4,945.00) ; v3: 5,164,277.78 vs printed 5,180,429.68 (-16,151.90) ; v4: 2,704,480.72 vs printed 2,704,480.72"
2015,FY2015,SCHOOL DEPARTMENT,School Gift Fund,29,,FISCAL YEAR ENDING 6/30/15 ; FORWARD | TOTAL | TOTAL | BALANCE FWD ; PROGRAM NAME | 7/1/2014 | RECEIPTS R | DISBURSEMENTS | 7/1/2015 ; GENERAL GOVERNMENT,50456.57,48253.81,26495.16,72215.22,,,4,,fund balances: forward + receipts - disbursements = carried forward,,1,check failed,"v1: 2,571,243.89 vs printed 2,599,893.63 (-28,649.74) ; v2: 5,280,071.77 vs printed 5,285,016.77 (-4,945.00) ; v3: 5,164,277.78 vs printed 5,180,429.68 (-16,151.90) ; v4: 2,704,480.72 vs printed 2,704,480.72"
2015,FY2015,SCHOOL DEPARTMENT,,29,,FISCAL YEAR ENDING 6/30/15 ; FORWARD | TOTAL | TOTAL | BALANCE FWD ; PROGRAM NAME | 7/1/2014 | RECEIPTS R | DISBURSEMENTS | 7/1/2015 ; GENERAL GOVERNMENT,,29.00,,,,,1,,,,1,check failed,"v1: 2,571,243.89 vs printed 2,599,893.63 (-28,649.74) ; v2: 5,280,071.77 vs printed 5,285,016.77 (-4,945.00) ; v3: 5,164,277.78 vs printed 5,180,429.68 (-16,151.90) ; v4: 2,704,480.72 vs printed 2,704,480.72"
2015,FY2015,SCHOOL DEPARTMENT,Greenthumb Revolving,30,,FISCAL YEAR ENDING 6/30/15 ; FORWARD | TOTAL | TOTAL | BALANCE FWD ; PROGRAM NAME | 7/1/2014 | RECEIPTS R | DISBURSEMENTS | 7/1/2015 ; GENERAL GOVERNMENT,7097.47,1617.00,4940.46,3774.01,,,4,,fund balances: forward + receipts - disbursements = carried forward,,1,check failed,"v1: 2,571,243.89 vs printed 2,599,893.63 (-28,649.74) ; v2: 5,280,071.77 vs printed 5,285,016.77 (-4,945.00) ; v3: 5,164,277.78 vs printed 5,180,429.68 (-16,151.90) ; v4: 2,704,480.72 vs printed 2,704,480.72"
2015,FY2015,SCHOOL DEPARTMENT,Custodian Special Details,30,,FISCAL YEAR ENDING 6/30/15 ; FORWARD | TOTAL | TOTAL | BALANCE FWD ; PROGRAM NAME | 7/1/2014 | RECEIPTS R | DISBURSEMENTS | 7/1/2015 ; GENERAL GOVERNMENT,4389.72,12382.34,12050.96,4721.10,,,4,,fund balances: forward + receipts - disbursements = carried forward,,1,check failed,"v1: 2,571,243.89 vs printed 2,599,893.63 (-28,649.74) ; v2: 5,280,071.77 vs printed 5,285,016.77 (-4,945.00) ; v3: 5,164,277.78 vs printed 5,180,429.68 (-16,151.90) ; v4: 2,704,480.72 vs printed 2,704,480.72"
2015,FY2015,SCHOOL DEPARTMENT,Tech Prep Consortium,30,,FISCAL YEAR ENDING 6/30/15 ; FORWARD | TOTAL | TOTAL | BALANCE FWD ; PROGRAM NAME | 7/1/2014 | RECEIPTS R | DISBURSEMENTS | 7/1/2015 ; GENERAL GOVERNMENT,1450.00,,,1450.00,,,2,,,,1,check failed,"v1: 2,571,243.89 vs printed 2,599,893.63 (-28,649.74) ; v2: 5,280,071.77 vs printed 5,285,016.77 (-4,945.00) ; v3: 5,164,277.78 vs printed 5,180,429.68 (-16,151.90) ; v4: 2,704,480.72 vs printed 2,704,480.72"
2015,FY2015,SCHOOL DEPARTMENT,BC/BS Healthy Choices,30,,FISCAL YEAR ENDING 6/30/15 ; FORWARD | TOTAL | TOTAL | BALANCE FWD ; PROGRAM NAME | 7/1/2014 | RECEIPTS R | DISBURSEMENTS | 7/1/2015 ; GENERAL GOVERNMENT,94.65,,,94.65,,,2,,,,1,check failed,"v1: 2,571,243.89 vs printed 2,599,893.63 (-28,649.74) ; v2: 5,280,071.77 vs printed 5,285,016.77 (-4,945.00) ; v3: 5,164,277.78 vs printed 5,180,429.68 (-16,151.90) ; v4: 2,704,480.72 vs printed 2,704,480.72"
2015,FY2015,SCHOOL DEPARTMENT,50/50 Grant Sped Tuitions,30,,FISCAL YEAR ENDING 6/30/15 ; FORWARD | TOTAL | TOTAL | BALANCE FWD ; PROGRAM NAME | 7/1/2014 | RECEIPTS R | DISBURSEMENTS | 7/1/2015 ; GENERAL GOVERNMENT,-112882.47,637765.00,644776.54,-119894.01,,,4,,fund balances: forward + receipts - disbursements = carried forward,,1,check failed,"v1: 2,571,243.89 vs printed 2,599,893.63 (-28,649.74) ; v2: 5,280,071.77 vs printed 5,285,016.77 (-4,945.00) ; v3: 5,164,277.78 vs printed 5,180,429.68 (-16,151.90) ; v4: 2,704,480.72 vs printed 2,704,480.72"
2015,FY2015,SCHOOL DEPARTMENT,Insurance Recoveries - School,30,,FISCAL YEAR ENDING 6/30/15 ; FORWARD | TOTAL | TOTAL | BALANCE FWD ; PROGRAM NAME | 7/1/2014 | RECEIPTS R | DISBURSEMENTS | 7/1/2015 ; GENERAL GOVERNMENT,2457.35,,,2457.35,,,2,,,,1,check failed,"v1: 2,571,243.89 vs printed 2,599,893.63 (-28,649.74) ; v2: 5,280,071.77 vs printed 5,285,016.77 (-4,945.00) ; v3: 5,164,277.78 vs printed 5,180,429.68 (-16,151.90) ; v4: 2,704,480.72 vs printed 2,704,480.72"
2015,FY2015,SCHOOL DEPARTMENT,Extended Day Revolving Fund,30,,FISCAL YEAR ENDING 6/30/15 ; FORWARD | TOTAL | TOTAL | BALANCE FWD ; PROGRAM NAME | 7/1/2014 | RECEIPTS R | DISBURSEMENTS | 7/1/2015 ; GENERAL GOVERNMENT,94409.59,237398.55,218924.04,112884.10,,,4,,fund balances: forward + receipts - disbursements = carried forward,,1,check failed,"v1: 2,571,243.89 vs printed 2,599,893.63 (-28,649.74) ; v2: 5,280,071.77 vs printed 5,285,016.77 (-4,945.00) ; v3: 5,164,277.78 vs printed 5,180,429.68 (-16,151.90) ; v4: 2,704,480.72 vs printed 2,704,480.72"
2015,FY2015,SCHOOL DEPARTMENT,N.E. Dairy & Food Private Grant,30,,FISCAL YEAR ENDING 6/30/15 ; FORWARD | TOTAL | TOTAL | BALANCE FWD ; PROGRAM NAME | 7/1/2014 | RECEIPTS R | DISBURSEMENTS | 7/1/2015 ; GENERAL GOVERNMENT,-10.28,,-10.28,0.00,,,3,,one cell missing; derivable from the row itself,"v2 = 0.00, from this fund's own other three columns",1,check failed,"v1: 2,571,243.89 vs printed 2,599,893.63 (-28,649.74) ; v2: 5,280,071.77 vs printed 5,285,016.77 (-4,945.00) ; v3: 5,164,277.78 vs printed 5,180,429.68 (-16,151.90) ; v4: 2,704,480.72 vs printed 2,704,480.72"
2015,FY2015,SCHOOL DEPARTMENT,Vending Machine Revolving,30,,FISCAL YEAR ENDING 6/30/15 ; FORWARD | TOTAL | TOTAL | BALANCE FWD ; PROGRAM NAME | 7/1/2014 | RECEIPTS R | DISBURSEMENTS | 7/1/2015 ; GENERAL GOVERNMENT,1954.71,,,1954.71,,,2,,,,1,check failed,"v1: 2,571,243.89 vs printed 2,599,893.63 (-28,649.74) ; v2: 5,280,071.77 vs printed 5,285,016.77 (-4,945.00) ; v3: 5,164,277.78 vs printed 5,180,429.68 (-16,151.90) ; v4: 2,704,480.72 vs printed 2,704,480.72"
2015,FY2015,SCHOOL DEPARTMENT,Monbouquette Award,30,,FISCAL YEAR ENDING 6/30/15 ; FORWARD | TOTAL | TOTAL | BALANCE FWD ; PROGRAM NAME | 7/1/2014 | RECEIPTS R | DISBURSEMENTS | 7/1/2015 ; GENERAL GOVERNMENT,3.81,,,3.81,,,2,,,,1,check failed,"v1: 2,571,243.89 vs printed 2,599,893.63 (-28,649.74) ; v2: 5,280,071.77 vs printed 5,285,016.77 (-4,945.00) ; v3: 5,164,277.78 vs printed 5,180,429.68 (-16,151.90) ; v4: 2,704,480.72 vs printed 2,704,480.72"
2015,FY2015,SCHOOL DEPARTMENT,Tufts University Heat Grant,30,,FISCAL YEAR ENDING 6/30/15 ; FORWARD | TOTAL | TOTAL | BALANCE FWD ; PROGRAM NAME | 7/1/2014 | RECEIPTS R | DISBURSEMENTS | 7/1/2015 ; GENERAL GOVERNMENT,113.45,,,113.45,,,2,,,,1,check failed,"v1: 2,571,243.89 vs printed 2,599,893.63 (-28,649.74) ; v2: 5,280,071.77 vs printed 5,285,016.77 (-4,945.00) ; v3: 5,164,277.78 vs printed 5,180,429.68 (-16,151.90) ; v4: 2,704,480.72 vs printed 2,704,480.72"
2015,FY2015,SCHOOL DEPARTMENT,Underground Storage Tank Grant,30,,FISCAL YEAR ENDING 6/30/15 ; FORWARD | TOTAL | TOTAL | BALANCE FWD ; PROGRAM NAME | 7/1/2014 | RECEIPTS R | DISBURSEMENTS | 7/1/2015 ; GENERAL GOVERNMENT,1500.00,,,1500.00,,,2,,,,1,check failed,"v1: 2,571,243.89 vs printed 2,599,893.63 (-28,649.74) ; v2: 5,280,071.77 vs printed 5,285,016.77 (-4,945.00) ; v3: 5,164,277.78 vs printed 5,180,429.68 (-16,151.90) ; v4: 2,704,480.72 vs printed 2,704,480.72"
2015,FY2015,SCHOOL DEPARTMENT,Hach Scientific Foundation Grant,30,,FISCAL YEAR ENDING 6/30/15 ; FORWARD | TOTAL | TOTAL | BALANCE FWD ; PROGRAM NAME | 7/1/2014 | RECEIPTS R | DISBURSEMENTS | 7/1/2015 ; GENERAL GOVERNMENT,90.61,,,90.61,,,2,,,,1,check failed,"v1: 2,571,243.89 vs printed 2,599,893.63 (-28,649.74) ; v2: 5,280,071.77 vs printed 5,285,016.77 (-4,945.00) ; v3: 5,164,277.78 vs printed 5,180,429.68 (-16,151.90) ; v4: 2,704,480.72 vs printed 2,704,480.72"
2015,FY2015,SCHOOL DEPARTMENT,Family Network Gift Fund,30,,FISCAL YEAR ENDING 6/30/15 ; FORWARD | TOTAL | TOTAL | BALANCE FWD ; PROGRAM NAME | 7/1/2014 | RECEIPTS R | DISBURSEMENTS | 7/1/2015 ; GENERAL GOVERNMENT,3744.86,,168.00,3576.86,,,3,,one cell missing; derivable from the row itself,"v2 = 0.00, from this fund's own other three columns",1,check failed,"v1: 2,571,243.89 vs printed 2,599,893.63 (-28,649.74) ; v2: 5,280,071.77 vs printed 5,285,016.77 (-4,945.00) ; v3: 5,164,277.78 vs printed 5,180,429.68 (-16,151.90) ; v4: 2,704,480.72 vs printed 2,704,480.72"
2015,FY2015,SCHOOL DEPARTMENT,Family & Community,30,,FISCAL YEAR ENDING 6/30/15 ; FORWARD | TOTAL | TOTAL | BALANCE FWD ; PROGRAM NAME | 7/1/2014 | RECEIPTS R | DISBURSEMENTS | 7/1/2015 ; GENERAL GOVERNMENT,0.00,37500.00,37500.00,0.00,,,4,,fund balances: forward + receipts - disbursements = carried forward,,1,check failed,"v1: 2,571,243.89 vs printed 2,599,893.63 (-28,649.74) ; v2: 5,280,071.77 vs printed 5,285,016.77 (-4,945.00) ; v3: 5,164,277.78 vs printed 5,180,429.68 (-16,151.90) ; v4: 2,704,480.72 vs printed 2,704,480.72"
2015,FY2015,SCHOOL DEPARTMENT,Race to the Top,30,,FISCAL YEAR ENDING 6/30/15 ; FORWARD | TOTAL | TOTAL | BALANCE FWD ; PROGRAM NAME | 7/1/2014 | RECEIPTS R | DISBURSEMENTS | 7/1/2015 ; GENERAL GOVERNMENT,1190.90,14961.00,,0.00,,,3,,one cell missing; derivable from the row itself,"v3 = 16,151.90, from this fund's own other three columns",1,check failed,"v1: 2,571,243.89 vs printed 2,599,893.63 (-28,649.74) ; v2: 5,280,071.77 vs printed 5,285,016.77 (-4,945.00) ; v3: 5,164,277.78 vs printed 5,180,429.68 (-16,151.90) ; v4: 2,704,480.72 vs printed 2,704,480.72"
2015,FY2015,SCHOOL DEPARTMENT,EECG Energy Efficiency Grant,30,,FISCAL YEAR ENDING 6/30/15 ; FORWARD | TOTAL | TOTAL | BALANCE FWD ; PROGRAM NAME | 7/1/2014 | RECEIPTS R | DISBURSEMENTS | 7/1/2015 ; GENERAL GOVERNMENT,297.45,0.12,,297.57,,,3,,one cell missing; derivable from the row itself,"v3 = 0.00, from this fund's own other three columns",1,check failed,"v1: 2,571,243.89 vs printed 2,599,893.63 (-28,649.74) ; v2: 5,280,071.77 vs printed 5,285,016.77 (-4,945.00) ; v3: 5,164,277.78 vs printed 5,180,429.68 (-16,151.90) ; v4: 2,704,480.72 vs printed 2,704,480.72"
2015,FY2015,SCHOOL DEPARTMENT,Full Day Kindergarten Grant,30,,FISCAL YEAR ENDING 6/30/15 ; FORWARD | TOTAL | TOTAL | BALANCE FWD ; PROGRAM NAME | 7/1/2014 | RECEIPTS R | DISBURSEMENTS | 7/1/2015 ; GENERAL GOVERNMENT,0.00,36740.00,36740.00,0.00,,,4,,fund balances: forward + receipts - disbursements = carried forward,,1,check failed,"v1: 2,571,243.89 vs printed 2,599,893.63 (-28,649.74) ; v2: 5,280,071.77 vs printed 5,285,016.77 (-4,945.00) ; v3: 5,164,277.78 vs printed 5,180,429.68 (-16,151.90) ; v4: 2,704,480.72 vs printed 2,704,480.72"
2015,FY2015,SCHOOL DEPARTMENT,Regional Dissemination Grant,30,,FISCAL YEAR ENDING 6/30/15 ; FORWARD | TOTAL | TOTAL | BALANCE FWD ; PROGRAM NAME | 7/1/2014 | RECEIPTS R | DISBURSEMENTS | 7/1/2015 ; GENERAL GOVERNMENT,35.00,,,35.00,,,2,,,,1,check failed,"v1: 2,571,243.89 vs printed 2,599,893.63 (-28,649.74) ; v2: 5,280,071.77 vs printed 5,285,016.77 (-4,945.00) ; v3: 5,164,277.78 vs printed 5,180,429.68 (-16,151.90) ; v4: 2,704,480.72 vs printed 2,704,480.72"
2015,FY2015,SCHOOL DEPARTMENT,Sped Program Improvement Grant,30,,FISCAL YEAR ENDING 6/30/15 ; FORWARD | TOTAL | TOTAL | BALANCE FWD ; PROGRAM NAME | 7/1/2014 | RECEIPTS R | DISBURSEMENTS | 7/1/2015 ; GENERAL GOVERNMENT,84.00,13069.00,12922.28,230.72,,,4,,fund balances: forward + receipts - disbursements = carried forward,,1,check failed,"v1: 2,571,243.89 vs printed 2,599,893.63 (-28,649.74) ; v2: 5,280,071.77 vs printed 5,285,016.77 (-4,945.00) ; v3: 5,164,277.78 vs printed 5,180,429.68 (-16,151.90) ; v4: 2,704,480.72 vs printed 2,704,480.72"
2015,FY2015,SCHOOL DEPARTMENT,Early Childhood Program Improvemer,30,,FISCAL YEAR ENDING 6/30/15 ; FORWARD | TOTAL | TOTAL | BALANCE FWD ; PROGRAM NAME | 7/1/2014 | RECEIPTS R | DISBURSEMENTS | 7/1/2015 ; GENERAL GOVERNMENT,653.48,1026.00,1253.48,426.00,,,4,,fund balances: forward + receipts - disbursements = carried forward,,1,check failed,"v1: 2,571,243.89 vs printed 2,599,893.63 (-28,649.74) ; v2: 5,280,071.77 vs printed 5,285,016.77 (-4,945.00) ; v3: 5,164,277.78 vs printed 5,180,429.68 (-16,151.90) ; v4: 2,704,480.72 vs printed 2,704,480.72"
2015,FY2015,SCHOOL DEPARTMENT,Sped Early Childhood Grant,30,,FISCAL YEAR ENDING 6/30/15 ; FORWARD | TOTAL | TOTAL | BALANCE FWD ; PROGRAM NAME | 7/1/2014 | RECEIPTS R | DISBURSEMENTS | 7/1/2015 ; GENERAL GOVERNMENT,0.00,11917.00,11917.00,0.00,,,4,,fund balances: forward + receipts - disbursements = carried forward,,1,check failed,"v1: 2,571,243.89 vs printed 2,599,893.63 (-28,649.74) ; v2: 5,280,071.77 vs printed 5,285,016.77 (-4,945.00) ; v3: 5,164,277.78 vs printed 5,180,429.68 (-16,151.90) ; v4: 2,704,480.72 vs printed 2,704,480.72"
2015,FY2015,SCHOOL DEPARTMENT,Teacher Quality,30,,FISCAL YEAR ENDING 6/30/15 ; FORWARD | TOTAL | TOTAL | BALANCE FWD ; PROGRAM NAME | 7/1/2014 | RECEIPTS R | DISBURSEMENTS | 7/1/2015 ; GENERAL GOVERNMENT,0.00,19639.00,29576.00,-9937.00,,,4,,fund balances: forward + receipts - disbursements = carried forward,,1,check failed,"v1: 2,571,243.89 vs printed 2,599,893.63 (-28,649.74) ; v2: 5,280,071.77 vs printed 5,285,016.77 (-4,945.00) ; v3: 5,164,277.78 vs printed 5,180,429.68 (-16,151.90) ; v4: 2,704,480.72 vs printed 2,704,480.72"
2015,FY2015,SCHOOL DEPARTMENT,Student Transportation Offset Fund,30,yes,FISCAL YEAR ENDING 6/30/15 ; FORWARD | TOTAL | TOTAL | BALANCE FWD ; PROGRAM NAME | 7/1/2014 | RECEIPTS R | DISBURSEMENTS | 7/1/2015 ; GENERAL GOVERNMENT,0.00,33222.00,33222.00,0.00,,,4,,fund balances: forward + receipts - disbursements = carried forward,,1,check failed,"v1: 2,571,243.89 vs printed 2,599,893.63 (-28,649.74) ; v2: 5,280,071.77 vs printed 5,285,016.77 (-4,945.00) ; v3: 5,164,277.78 vs printed 5,180,429.68 (-16,151.90) ; v4: 2,704,480.72 vs printed 2,704,480.72"
2015,FY2015,PUBLIC SAFETY,Insurance Recoveries - Police,30,,FISCAL YEAR ENDING 6/30/15 ; FORWARD | TOTAL | TOTAL | BALANCE FWD ; PROGRAM NAME | 7/1/2014 | RECEIPTS R | DISBURSEMENTS | 7/1/2015 ; GENERAL GOVERNMENT,-137.79,5525.02,3890.98,1496.25,,,4,,fund balances: forward + receipts - disbursements = carried forward,,1,check failed,"v1: 2,571,243.89 vs printed 2,599,893.63 (-28,649.74) ; v2: 5,280,071.77 vs printed 5,285,016.77 (-4,945.00) ; v3: 5,164,277.78 vs printed 5,180,429.68 (-16,151.90) ; v4: 2,704,480.72 vs printed 2,704,480.72"
2015,FY2015,PUBLIC SAFETY,Community Policing FY 96,30,,FISCAL YEAR ENDING 6/30/15 ; FORWARD | TOTAL | TOTAL | BALANCE FWD ; PROGRAM NAME | 7/1/2014 | RECEIPTS R | DISBURSEMENTS | 7/1/2015 ; GENERAL GOVERNMENT,6.55,,,6.55,,,2,,,,1,check failed,"v1: 2,571,243.89 vs printed 2,599,893.63 (-28,649.74) ; v2: 5,280,071.77 vs printed 5,285,016.77 (-4,945.00) ; v3: 5,164,277.78 vs printed 5,180,429.68 (-16,151.90) ; v4: 2,704,480.72 vs printed 2,704,480.72"
2015,FY2015,PUBLIC SAFETY,,30,,FISCAL YEAR ENDING 6/30/15 ; FORWARD | TOTAL | TOTAL | BALANCE FWD ; PROGRAM NAME | 7/1/2014 | RECEIPTS R | DISBURSEMENTS | 7/1/2015 ; GENERAL GOVERNMENT,,30.00,,,,,1,,,,1,check failed,"v1: 2,571,243.89 vs printed 2,599,893.63 (-28,649.74) ; v2: 5,280,071.77 vs printed 5,285,016.77 (-4,945.00) ; v3: 5,164,277.78 vs printed 5,180,429.68 (-16,151.90) ; v4: 2,704,480.72 vs printed 2,704,480.72"
2015,FY2015,PUBLIC SAFETY,Community Policing FY 97,31,,FISCAL YEAR ENDING 6/30/15 ; FORWARD | TOTAL | TOTAL | BALANCE FWD ; PROGRAM NAME | 7/1/2014 | RECEIPTS R | DISBURSEMENTS | 7/1/2015 ; GENERAL GOVERNMENT,1.97,,,1.97,,,2,,,,1,check failed,"v1: 2,571,243.89 vs printed 2,599,893.63 (-28,649.74) ; v2: 5,280,071.77 vs printed 5,285,016.77 (-4,945.00) ; v3: 5,164,277.78 vs printed 5,180,429.68 (-16,151.90) ; v4: 2,704,480.72 vs printed 2,704,480.72"
2015,FY2015,PUBLIC SAFETY,Community Policing FY 98,31,,FISCAL YEAR ENDING 6/30/15 ; FORWARD | TOTAL | TOTAL | BALANCE FWD ; PROGRAM NAME | 7/1/2014 | RECEIPTS R | DISBURSEMENTS | 7/1/2015 ; GENERAL GOVERNMENT,0.66,,,0.66,,,2,,,,1,check failed,"v1: 2,571,243.89 vs printed 2,599,893.63 (-28,649.74) ; v2: 5,280,071.77 vs printed 5,285,016.77 (-4,945.00) ; v3: 5,164,277.78 vs printed 5,180,429.68 (-16,151.90) ; v4: 2,704,480.72 vs printed 2,704,480.72"
2015,FY2015,PUBLIC SAFETY,Drug Forfeiture,31,,FISCAL YEAR ENDING 6/30/15 ; FORWARD | TOTAL | TOTAL | BALANCE FWD ; PROGRAM NAME | 7/1/2014 | RECEIPTS R | DISBURSEMENTS | 7/1/2015 ; GENERAL GOVERNMENT,10910.39,,3683.14,7227.25,,,3,,one cell missing; derivable from the row itself,"v2 = 0.00, from this fund's own other three columns",1,check failed,"v1: 2,571,243.89 vs printed 2,599,893.63 (-28,649.74) ; v2: 5,280,071.77 vs printed 5,285,016.77 (-4,945.00) ; v3: 5,164,277.78 vs printed 5,180,429.68 (-16,151.90) ; v4: 2,704,480.72 vs printed 2,704,480.72"
2015,FY2015,PUBLIC SAFETY,D.A.R.E. Grant FY 97,31,,FISCAL YEAR ENDING 6/30/15 ; FORWARD | TOTAL | TOTAL | BALANCE FWD ; PROGRAM NAME | 7/1/2014 | RECEIPTS R | DISBURSEMENTS | 7/1/2015 ; GENERAL GOVERNMENT,34.85,,,34.85,,,2,,,,1,check failed,"v1: 2,571,243.89 vs printed 2,599,893.63 (-28,649.74) ; v2: 5,280,071.77 vs printed 5,285,016.77 (-4,945.00) ; v3: 5,164,277.78 vs printed 5,180,429.68 (-16,151.90) ; v4: 2,704,480.72 vs printed 2,704,480.72"
2015,FY2015,PUBLIC SAFETY,D.A.R.E. I Grant FY 97,31,,FISCAL YEAR ENDING 6/30/15 ; FORWARD | TOTAL | TOTAL | BALANCE FWD ; PROGRAM NAME | 7/1/2014 | RECEIPTS R | DISBURSEMENTS | 7/1/2015 ; GENERAL GOVERNMENT,0.25,,,0.25,,,2,,,,1,check failed,"v1: 2,571,243.89 vs printed 2,599,893.63 (-28,649.74) ; v2: 5,280,071.77 vs printed 5,285,016.77 (-4,945.00) ; v3: 5,164,277.78 vs printed 5,180,429.68 (-16,151.90) ; v4: 2,704,480.72 vs printed 2,704,480.72"
2015,FY2015,PUBLIC SAFETY,Community Policing,31,,FISCAL YEAR ENDING 6/30/15 ; FORWARD | TOTAL | TOTAL | BALANCE FWD ; PROGRAM NAME | 7/1/2014 | RECEIPTS R | DISBURSEMENTS | 7/1/2015 ; GENERAL GOVERNMENT,2291.12,,,2291.12,,,2,,,,1,check failed,"v1: 2,571,243.89 vs printed 2,599,893.63 (-28,649.74) ; v2: 5,280,071.77 vs printed 5,285,016.77 (-4,945.00) ; v3: 5,164,277.78 vs printed 5,180,429.68 (-16,151.90) ; v4: 2,704,480.72 vs printed 2,704,480.72"
2015,FY2015,PUBLIC SAFETY,Cops Universal Hiring,31,,FISCAL YEAR ENDING 6/30/15 ; FORWARD | TOTAL | TOTAL | BALANCE FWD ; PROGRAM NAME | 7/1/2014 | RECEIPTS R | DISBURSEMENTS | 7/1/2015 ; GENERAL GOVERNMENT,1289.84,,,1289.84,,,2,,,,1,check failed,"v1: 2,571,243.89 vs printed 2,599,893.63 (-28,649.74) ; v2: 5,280,071.77 vs printed 5,285,016.77 (-4,945.00) ; v3: 5,164,277.78 vs printed 5,180,429.68 (-16,151.90) ; v4: 2,704,480.72 vs printed 2,704,480.72"
2015,FY2015,PUBLIC SAFETY,EOPS Vest Reimbursement,31,,FISCAL YEAR ENDING 6/30/15 ; FORWARD | TOTAL | TOTAL | BALANCE FWD ; PROGRAM NAME | 7/1/2014 | RECEIPTS R | DISBURSEMENTS | 7/1/2015 ; GENERAL GOVERNMENT,1862.50,,,1862.50,,,2,,,,1,check failed,"v1: 2,571,243.89 vs printed 2,599,893.63 (-28,649.74) ; v2: 5,280,071.77 vs printed 5,285,016.77 (-4,945.00) ; v3: 5,164,277.78 vs printed 5,180,429.68 (-16,151.90) ; v4: 2,704,480.72 vs printed 2,704,480.72"
2015,FY2015,PUBLIC SAFETY,Protective Order Grant Program,31,,FISCAL YEAR ENDING 6/30/15 ; FORWARD | TOTAL | TOTAL | BALANCE FWD ; PROGRAM NAME | 7/1/2014 | RECEIPTS R | DISBURSEMENTS | 7/1/2015 ; GENERAL GOVERNMENT,135.15,,,135.15,,,2,,,,1,check failed,"v1: 2,571,243.89 vs printed 2,599,893.63 (-28,649.74) ; v2: 5,280,071.77 vs printed 5,285,016.77 (-4,945.00) ; v3: 5,164,277.78 vs printed 5,180,429.68 (-16,151.90) ; v4: 2,704,480.72 vs printed 2,704,480.72"
2015,FY2015,PUBLIC SAFETY,Walmart Grant - Police Dept.,31,,FISCAL YEAR ENDING 6/30/15 ; FORWARD | TOTAL | TOTAL | BALANCE FWD ; PROGRAM NAME | 7/1/2014 | RECEIPTS R | DISBURSEMENTS | 7/1/2015 ; GENERAL GOVERNMENT,1000.00,,,1000.00,,,2,,,,1,check failed,"v1: 2,571,243.89 vs printed 2,599,893.63 (-28,649.74) ; v2: 5,280,071.77 vs printed 5,285,016.77 (-4,945.00) ; v3: 5,164,277.78 vs printed 5,180,429.68 (-16,151.90) ; v4: 2,704,480.72 vs printed 2,704,480.72"
2015,FY2015,PUBLIC SAFETY,Firefighter PS Equipment Grant,31,,FISCAL YEAR ENDING 6/30/15 ; FORWARD | TOTAL | TOTAL | BALANCE FWD ; PROGRAM NAME | 7/1/2014 | RECEIPTS R | DISBURSEMENTS | 7/1/2015 ; GENERAL GOVERNMENT,30.00,,,30.00,,,2,,,,1,check failed,"v1: 2,571,243.89 vs printed 2,599,893.63 (-28,649.74) ; v2: 5,280,071.77 vs printed 5,285,016.77 (-4,945.00) ; v3: 5,164,277.78 vs printed 5,180,429.68 (-16,151.90) ; v4: 2,704,480.72 vs printed 2,704,480.72"
2015,FY2015,PUBLIC SAFETY,Firefighter Safety Equipment Grant,31,,FISCAL YEAR ENDING 6/30/15 ; FORWARD | TOTAL | TOTAL | BALANCE FWD ; PROGRAM NAME | 7/1/2014 | RECEIPTS R | DISBURSEMENTS | 7/1/2015 ; GENERAL GOVERNMENT,9.84,,,9.84,,,2,,,,1,check failed,"v1: 2,571,243.89 vs printed 2,599,893.63 (-28,649.74) ; v2: 5,280,071.77 vs printed 5,285,016.77 (-4,945.00) ; v3: 5,164,277.78 vs printed 5,180,429.68 (-16,151.90) ; v4: 2,704,480.72 vs printed 2,704,480.72"
2015,FY2015,PUBLIC SAFETY,State 911 Grant - Fire Dept,31,,FISCAL YEAR ENDING 6/30/15 ; FORWARD | TOTAL | TOTAL | BALANCE FWD ; PROGRAM NAME | 7/1/2014 | RECEIPTS R | DISBURSEMENTS | 7/1/2015 ; GENERAL GOVERNMENT,-1118.30,3464.36,2339.06,7.00,,,4,,fund balances: forward + receipts - disbursements = carried forward,,1,check failed,"v1: 2,571,243.89 vs printed 2,599,893.63 (-28,649.74) ; v2: 5,280,071.77 vs printed 5,285,016.77 (-4,945.00) ; v3: 5,164,277.78 vs printed 5,180,429.68 (-16,151.90) ; v4: 2,704,480.72 vs printed 2,704,480.72"
2015,FY2015,PUBLIC SAFETY,Police/Fire Special Details,31,,FISCAL YEAR ENDING 6/30/15 ; FORWARD | TOTAL | TOTAL | BALANCE FWD ; PROGRAM NAME | 7/1/2014 | RECEIPTS R | DISBURSEMENTS | 7/1/2015 ; GENERAL GOVERNMENT,15635.37,243444.76,242197.04,16883.09,,,4,,fund balances: forward + receipts - disbursements = carried forward,,1,check failed,"v1: 2,571,243.89 vs printed 2,599,893.63 (-28,649.74) ; v2: 5,280,071.77 vs printed 5,285,016.77 (-4,945.00) ; v3: 5,164,277.78 vs printed 5,180,429.68 (-16,151.90) ; v4: 2,704,480.72 vs printed 2,704,480.72"
2015,FY2015,PUBLIC SAFETY,Coastal/Patriot Ambulance Revolving,31,,FISCAL YEAR ENDING 6/30/15 ; FORWARD | TOTAL | TOTAL | BALANCE FWD ; PROGRAM NAME | 7/1/2014 | RECEIPTS R | DISBURSEMENTS | 7/1/2015 ; GENERAL GOVERNMENT,8756.38,80430.79,88608.11,579.06,,,4,,fund balances: forward + receipts - disbursements = carried forward,,1,check failed,"v1: 2,571,243.89 vs printed 2,599,893.63 (-28,649.74) ; v2: 5,280,071.77 vs printed 5,285,016.77 (-4,945.00) ; v3: 5,164,277.78 vs printed 5,180,429.68 (-16,151.90) ; v4: 2,704,480.72 vs printed 2,704,480.72"
2015,FY2015,PUBLIC SAFETY,Firefighter Equipment Grant - FY05,31,,FISCAL YEAR ENDING 6/30/15 ; FORWARD | TOTAL | TOTAL | BALANCE FWD ; PROGRAM NAME | 7/1/2014 | RECEIPTS R | DISBURSEMENTS | 7/1/2015 ; GENERAL GOVERNMENT,419.60,,,419.60,,,2,,,,1,check failed,"v1: 2,571,243.89 vs printed 2,599,893.63 (-28,649.74) ; v2: 5,280,071.77 vs printed 5,285,016.77 (-4,945.00) ; v3: 5,164,277.78 vs printed 5,180,429.68 (-16,151.90) ; v4: 2,704,480.72 vs printed 2,704,480.72"
2015,FY2015,PUBLIC SAFETY,Confined Space Training,31,,FISCAL YEAR ENDING 6/30/15 ; FORWARD | TOTAL | TOTAL | BALANCE FWD ; PROGRAM NAME | 7/1/2014 | RECEIPTS R | DISBURSEMENTS | 7/1/2015 ; GENERAL GOVERNMENT,1956.77,,,1956.77,,,2,,,,1,check failed,"v1: 2,571,243.89 vs printed 2,599,893.63 (-28,649.74) ; v2: 5,280,071.77 vs printed 5,285,016.77 (-4,945.00) ; v3: 5,164,277.78 vs printed 5,180,429.68 (-16,151.90) ; v4: 2,704,480.72 vs printed 2,704,480.72"
2015,FY2015,PUBLIC SAFETY,Police NRA Foundation Grant,31,,FISCAL YEAR ENDING 6/30/15 ; FORWARD | TOTAL | TOTAL | BALANCE FWD ; PROGRAM NAME | 7/1/2014 | RECEIPTS R | DISBURSEMENTS | 7/1/2015 ; GENERAL GOVERNMENT,0.10,,,0.10,,,2,,,,1,check failed,"v1: 2,571,243.89 vs printed 2,599,893.63 (-28,649.74) ; v2: 5,280,071.77 vs printed 5,285,016.77 (-4,945.00) ; v3: 5,164,277.78 vs printed 5,180,429.68 (-16,151.90) ; v4: 2,704,480.72 vs printed 2,704,480.72"
2015,FY2015,PUBLIC SAFETY,COPS Secure Our Schools,31,,FISCAL YEAR ENDING 6/30/15 ; FORWARD | TOTAL | TOTAL | BALANCE FWD ; PROGRAM NAME | 7/1/2014 | RECEIPTS R | DISBURSEMENTS | 7/1/2015 ; GENERAL GOVERNMENT,0.82,,,0.82,,,2,,,,1,check failed,"v1: 2,571,243.89 vs printed 2,599,893.63 (-28,649.74) ; v2: 5,280,071.77 vs printed 5,285,016.77 (-4,945.00) ; v3: 5,164,277.78 vs printed 5,180,429.68 (-16,151.90) ; v4: 2,704,480.72 vs printed 2,704,480.72"
2015,FY2015,PUBLIC SAFETY,Safe Grant - Fire Department,31,,FISCAL YEAR ENDING 6/30/15 ; FORWARD | TOTAL | TOTAL | BALANCE FWD ; PROGRAM NAME | 7/1/2014 | RECEIPTS R | DISBURSEMENTS | 7/1/2015 ; GENERAL GOVERNMENT,1688.73,7218.00,2320.08,6586.65,,,4,,fund balances: forward + receipts - disbursements = carried forward,,1,check failed,"v1: 2,571,243.89 vs printed 2,599,893.63 (-28,649.74) ; v2: 5,280,071.77 vs printed 5,285,016.77 (-4,945.00) ; v3: 5,164,277.78 vs printed 5,180,429.68 (-16,151.90) ; v4: 2,704,480.72 vs printed 2,704,480.72"
2015,FY2015,PUBLIC SAFETY,GHSB Click It Or Ticket,31,,FISCAL YEAR ENDING 6/30/15 ; FORWARD | TOTAL | TOTAL | BALANCE FWD ; PROGRAM NAME | 7/1/2014 | RECEIPTS R | DISBURSEMENTS | 7/1/2015 ; GENERAL GOVERNMENT,-1119.92,8602.39,8590.63,-1108.16,,,4,,fund balances: forward + receipts - disbursements = carried forward,,1,check failed,"v1: 2,571,243.89 vs printed 2,599,893.63 (-28,649.74) ; v2: 5,280,071.77 vs printed 5,285,016.77 (-4,945.00) ; v3: 5,164,277.78 vs printed 5,180,429.68 (-16,151.90) ; v4: 2,704,480.72 vs printed 2,704,480.72"
2015,FY2015,PUBLIC SAFETY,K-9 Grant - Stanton Foundation,31,,FISCAL YEAR ENDING 6/30/15 ; FORWARD | TOTAL | TOTAL | BALANCE FWD ; PROGRAM NAME | 7/1/2014 | RECEIPTS R | DISBURSEMENTS | 7/1/2015 ; GENERAL GOVERNMENT,25000.00,14000.00,12147.82,26852.18,,,4,,fund balances: forward + receipts - disbursements = carried forward,,1,check failed,"v1: 2,571,243.89 vs printed 2,599,893.63 (-28,649.74) ; v2: 5,280,071.77 vs printed 5,285,016.77 (-4,945.00) ; v3: 5,164,277.78 vs printed 5,180,429.68 (-16,151.90) ; v4: 2,704,480.72 vs printed 2,704,480.72"
2015,FY2015,PUBLIC SAFETY,Federal Drug Forfeiture,31,,FISCAL YEAR ENDING 6/30/15 ; FORWARD | TOTAL | TOTAL | BALANCE FWD ; PROGRAM NAME | 7/1/2014 | RECEIPTS R | DISBURSEMENTS | 7/1/2015 ; GENERAL GOVERNMENT,3843.27,8534.97,13517.74,-1139.50,,,4,,fund balances: forward + receipts - disbursements = carried forward,,1,check failed,"v1: 2,571,243.89 vs printed 2,599,893.63 (-28,649.74) ; v2: 5,280,071.77 vs printed 5,285,016.77 (-4,945.00) ; v3: 5,164,277.78 vs printed 5,180,429.68 (-16,151.90) ; v4: 2,704,480.72 vs printed 2,704,480.72"
2015,FY2015,PUBLIC SAFETY,EMPG Grant,31,,FISCAL YEAR ENDING 6/30/15 ; FORWARD | TOTAL | TOTAL | BALANCE FWD ; PROGRAM NAME | 7/1/2014 | RECEIPTS R | DISBURSEMENTS | 7/1/2015 ; GENERAL GOVERNMENT,102.01,,,102.01,,,2,,,,1,check failed,"v1: 2,571,243.89 vs printed 2,599,893.63 (-28,649.74) ; v2: 5,280,071.77 vs printed 5,285,016.77 (-4,945.00) ; v3: 5,164,277.78 vs printed 5,180,429.68 (-16,151.90) ; v4: 2,704,480.72 vs printed 2,704,480.72"
2015,FY2015,PARKS & RECREATION,Park User Fees,31,,FISCAL YEAR ENDING 6/30/15 ; FORWARD | TOTAL | TOTAL | BALANCE FWD ; PROGRAM NAME | 7/1/2014 | RECEIPTS R | DISBURSEMENTS | 7/1/2015 ; GENERAL GOVERNMENT,3795.26,13068.50,16863.76,0.00,,,4,,fund balances: forward + receipts - disbursements = carried forward,,1,check failed,"v1: 2,571,243.89 vs printed 2,599,893.63 (-28,649.74) ; v2: 5,280,071.77 vs printed 5,285,016.77 (-4,945.00) ; v3: 5,164,277.78 vs printed 5,180,429.68 (-16,151.90) ; v4: 2,704,480.72 vs printed 2,704,480.72"
2015,FY2015,PARKS & RECREATION,Park Gift Fund,31,,FISCAL YEAR ENDING 6/30/15 ; FORWARD | TOTAL | TOTAL | BALANCE FWD ; PROGRAM NAME | 7/1/2014 | RECEIPTS R | DISBURSEMENTS | 7/1/2015 ; GENERAL GOVERNMENT,360.00,1400.00,,1760.00,,,3,,one cell missing; derivable from the row itself,"v3 = 0.00, from this fund's own other three columns",1,check failed,"v1: 2,571,243.89 vs printed 2,599,893.63 (-28,649.74) ; v2: 5,280,071.77 vs printed 5,285,016.77 (-4,945.00) ; v3: 5,164,277.78 vs printed 5,180,429.68 (-16,151.90) ; v4: 2,704,480.72 vs printed 2,704,480.72"
2015,FY2015,PARKS & RECREATION,,31,,FISCAL YEAR ENDING 6/30/15 ; FORWARD | TOTAL | TOTAL | BALANCE FWD ; PROGRAM NAME | 7/1/2014 | RECEIPTS R | DISBURSEMENTS | 7/1/2015 ; GENERAL GOVERNMENT,,31.00,,,,,1,,,,1,check failed,"v1: 2,571,243.89 vs printed 2,599,893.63 (-28,649.74) ; v2: 5,280,071.77 vs printed 5,285,016.77 (-4,945.00) ; v3: 5,164,277.78 vs printed 5,180,429.68 (-16,151.90) ; v4: 2,704,480.72 vs printed 2,704,480.72"
2015,FY2015,HIGHWAY DEPT.,Chapter 90,32,,FISCAL YEAR ENDING 6/30/15 ; FORWARD | TOTAL | TOTAL | BALANCE FWD ; PROGRAM NAME | 7/1/2014 | RECEIPTS R | DISBURSEMENTS | 7/1/2015 ; GENERAL GOVERNMENT,-168317.05,342314.39,252774.26,-78776.92,,,4,,fund balances: forward + receipts - disbursements = carried forward,,1,check failed,"v1: 2,571,243.89 vs printed 2,599,893.63 (-28,649.74) ; v2: 5,280,071.77 vs printed 5,285,016.77 (-4,945.00) ; v3: 5,164,277.78 vs printed 5,180,429.68 (-16,151.90) ; v4: 2,704,480.72 vs printed 2,704,480.72"
2015,FY2015,HIGHWAY DEPT.,DPW Roads Gift Fund,32,,FISCAL YEAR ENDING 6/30/15 ; FORWARD | TOTAL | TOTAL | BALANCE FWD ; PROGRAM NAME | 7/1/2014 | RECEIPTS R | DISBURSEMENTS | 7/1/2015 ; GENERAL GOVERNMENT,3330.00,,,3330.00,,,2,,,,1,check failed,"v1: 2,571,243.89 vs printed 2,599,893.63 (-28,649.74) ; v2: 5,280,071.77 vs printed 5,285,016.77 (-4,945.00) ; v3: 5,164,277.78 vs printed 5,180,429.68 (-16,151.90) ; v4: 2,704,480.72 vs printed 2,704,480.72"
2015,FY2015,HIGHWAY DEPT.,Highway Insurance Recoveries,32,,FISCAL YEAR ENDING 6/30/15 ; FORWARD | TOTAL | TOTAL | BALANCE FWD ; PROGRAM NAME | 7/1/2014 | RECEIPTS R | DISBURSEMENTS | 7/1/2015 ; GENERAL GOVERNMENT,1208.91,,,1208.91,,,2,,,,1,check failed,"v1: 2,571,243.89 vs printed 2,599,893.63 (-28,649.74) ; v2: 5,280,071.77 vs printed 5,285,016.77 (-4,945.00) ; v3: 5,164,277.78 vs printed 5,180,429.68 (-16,151.90) ; v4: 2,704,480.72 vs printed 2,704,480.72"
2015,FY2015,HIGHWAY DEPT.,Chapter 204/Acts of 1996,32,,FISCAL YEAR ENDING 6/30/15 ; FORWARD | TOTAL | TOTAL | BALANCE FWD ; PROGRAM NAME | 7/1/2014 | RECEIPTS R | DISBURSEMENTS | 7/1/2015 ; GENERAL GOVERNMENT,0.11,,,0.11,,,2,,,,1,check failed,"v1: 2,571,243.89 vs printed 2,599,893.63 (-28,649.74) ; v2: 5,280,071.77 vs printed 5,285,016.77 (-4,945.00) ; v3: 5,164,277.78 vs printed 5,180,429.68 (-16,151.90) ; v4: 2,704,480.72 vs printed 2,704,480.72"
2015,FY2015,COUNCIL ON AGING,C.O.A./M.A.R.T. Revolving,32,,FISCAL YEAR ENDING 6/30/15 ; FORWARD | TOTAL | TOTAL | BALANCE FWD ; PROGRAM NAME | 7/1/2014 | RECEIPTS R | DISBURSEMENTS | 7/1/2015 ; GENERAL GOVERNMENT,-3778.77,36432.04,40982.55,-8329.28,,,4,,fund balances: forward + receipts - disbursements = carried forward,,1,check failed,"v1: 2,571,243.89 vs printed 2,599,893.63 (-28,649.74) ; v2: 5,280,071.77 vs printed 5,285,016.77 (-4,945.00) ; v3: 5,164,277.78 vs printed 5,180,429.68 (-16,151.90) ; v4: 2,704,480.72 vs printed 2,704,480.72"
2015,FY2015,COUNCIL ON AGING,C.O.A. Formula Grant,32,,FISCAL YEAR ENDING 6/30/15 ; FORWARD | TOTAL | TOTAL | BALANCE FWD ; PROGRAM NAME | 7/1/2014 | RECEIPTS R | DISBURSEMENTS | 7/1/2015 ; GENERAL GOVERNMENT,0.00,16848.00,16848.00,0.00,,,4,,fund balances: forward + receipts - disbursements = carried forward,,1,check failed,"v1: 2,571,243.89 vs printed 2,599,893.63 (-28,649.74) ; v2: 5,280,071.77 vs printed 5,285,016.77 (-4,945.00) ; v3: 5,164,277.78 vs printed 5,180,429.68 (-16,151.90) ; v4: 2,704,480.72 vs printed 2,704,480.72"
2015,FY2015,COUNCIL ON AGING,E.O.C.D. Senior Center Grant,32,,FISCAL YEAR ENDING 6/30/15 ; FORWARD | TOTAL | TOTAL | BALANCE FWD ; PROGRAM NAME | 7/1/2014 | RECEIPTS R | DISBURSEMENTS | 7/1/2015 ; GENERAL GOVERNMENT,1680.71,0.83,,1681.54,,,3,,one cell missing; derivable from the row itself,"v3 = 0.00, from this fund's own other three columns",1,check failed,"v1: 2,571,243.89 vs printed 2,599,893.63 (-28,649.74) ; v2: 5,280,071.77 vs printed 5,285,016.77 (-4,945.00) ; v3: 5,164,277.78 vs printed 5,180,429.68 (-16,151.90) ; v4: 2,704,480.72 vs printed 2,704,480.72"
2015,FY2015,COUNCIL ON AGING,Venture Grant - Are You OK,32,,FISCAL YEAR ENDING 6/30/15 ; FORWARD | TOTAL | TOTAL | BALANCE FWD ; PROGRAM NAME | 7/1/2014 | RECEIPTS R | DISBURSEMENTS | 7/1/2015 ; GENERAL GOVERNMENT,24.00,,,24.00,,,2,,,,1,check failed,"v1: 2,571,243.89 vs printed 2,599,893.63 (-28,649.74) ; v2: 5,280,071.77 vs printed 5,285,016.77 (-4,945.00) ; v3: 5,164,277.78 vs printed 5,180,429.68 (-16,151.90) ; v4: 2,704,480.72 vs printed 2,704,480.72"
2015,FY2015,LIBRARY,State Aid-Libraries,32,,FISCAL YEAR ENDING 6/30/15 ; FORWARD | TOTAL | TOTAL | BALANCE FWD ; PROGRAM NAME | 7/1/2014 | RECEIPTS R | DISBURSEMENTS | 7/1/2015 ; GENERAL GOVERNMENT,20207.52,14312.84,9786.23,24734.13,,,4,,fund balances: forward + receipts - disbursements = carried forward,,1,check failed,"v1: 2,571,243.89 vs printed 2,599,893.63 (-28,649.74) ; v2: 5,280,071.77 vs printed 5,285,016.77 (-4,945.00) ; v3: 5,164,277.78 vs printed 5,180,429.68 (-16,151.90) ; v4: 2,704,480.72 vs printed 2,704,480.72"
2015,FY2015,LIBRARY,Library Gift Fund,32,,FISCAL YEAR ENDING 6/30/15 ; FORWARD | TOTAL | TOTAL | BALANCE FWD ; PROGRAM NAME | 7/1/2014 | RECEIPTS R | DISBURSEMENTS | 7/1/2015 ; GENERAL GOVERNMENT,19771.47,310.00,912.93,19168.54,,,4,,fund balances: forward + receipts - disbursements = carried forward,,1,check failed,"v1: 2,571,243.89 vs printed 2,599,893.63 (-28,649.74) ; v2: 5,280,071.77 vs printed 5,285,016.77 (-4,945.00) ; v3: 5,164,277.78 vs printed 5,180,429.68 (-16,151.90) ; v4: 2,704,480.72 vs printed 2,704,480.72"
2015,FY2015,LIBRARY,Library Revolving Fund,32,,FISCAL YEAR ENDING 6/30/15 ; FORWARD | TOTAL | TOTAL | BALANCE FWD ; PROGRAM NAME | 7/1/2014 | RECEIPTS R | DISBURSEMENTS | 7/1/2015 ; GENERAL GOVERNMENT,4673.11,6427.84,3434.72,7666.23,,,4,,fund balances: forward + receipts - disbursements = carried forward,,1,check failed,"v1: 2,571,243.89 vs printed 2,599,893.63 (-28,649.74) ; v2: 5,280,071.77 vs printed 5,285,016.77 (-4,945.00) ; v3: 5,164,277.78 vs printed 5,180,429.68 (-16,151.90) ; v4: 2,704,480.72 vs printed 2,704,480.72"
2015,FY2015,LIBRARY,FY07 Public Libraries Fund,32,,FISCAL YEAR ENDING 6/30/15 ; FORWARD | TOTAL | TOTAL | BALANCE FWD ; PROGRAM NAME | 7/1/2014 | RECEIPTS R | DISBURSEMENTS | 7/1/2015 ; GENERAL GOVERNMENT,571.17,,,571.17,,,2,,,,1,check failed,"v1: 2,571,243.89 vs printed 2,599,893.63 (-28,649.74) ; v2: 5,280,071.77 vs printed 5,285,016.77 (-4,945.00) ; v3: 5,164,277.78 vs printed 5,180,429.68 (-16,151.90) ; v4: 2,704,480.72 vs printed 2,704,480.72"
2015,FY2015,LIBRARY,Sale of Cemetery Lots,32,,FISCAL YEAR ENDING 6/30/15 ; FORWARD | TOTAL | TOTAL | BALANCE FWD ; PROGRAM NAME | 7/1/2014 | RECEIPTS R | DISBURSEMENTS | 7/1/2015 ; GENERAL GOVERNMENT,195412.02,5124.24,6371.98,194164.28,,,4,,fund balances: forward + receipts - disbursements = carried forward,,1,check failed,"v1: 2,571,243.89 vs printed 2,599,893.63 (-28,649.74) ; v2: 5,280,071.77 vs printed 5,285,016.77 (-4,945.00) ; v3: 5,164,277.78 vs printed 5,180,429.68 (-16,151.90) ; v4: 2,704,480.72 vs printed 2,704,480.72"
2015,FY2015,LIBRARY,Elderly/Disabled Fund,32,,FISCAL YEAR ENDING 6/30/15 ; FORWARD | TOTAL | TOTAL | BALANCE FWD ; PROGRAM NAME | 7/1/2014 | RECEIPTS R | DISBURSEMENTS | 7/1/2015 ; GENERAL GOVERNMENT,2487.14,,,2487.14,,,2,,,,1,check failed,"v1: 2,571,243.89 vs printed 2,599,893.63 (-28,649.74) ; v2: 5,280,071.77 vs printed 5,285,016.77 (-4,945.00) ; v3: 5,164,277.78 vs printed 5,180,429.68 (-16,151.90) ; v4: 2,704,480.72 vs printed 2,704,480.72"
2015,FY2015,LIBRARY,Green Communities Grant,32,,FISCAL YEAR ENDING 6/30/15 ; FORWARD | TOTAL | TOTAL | BALANCE FWD ; PROGRAM NAME | 7/1/2014 | RECEIPTS R | DISBURSEMENTS | 7/1/2015 ; GENERAL GOVERNMENT,0.00,39306.25,24321.42,14984.83,,,4,,fund balances: forward + receipts - disbursements = carried forward,,1,check failed,"v1: 2,571,243.89 vs printed 2,599,893.63 (-28,649.74) ; v2: 5,280,071.77 vs printed 5,285,016.77 (-4,945.00) ; v3: 5,164,277.78 vs printed 5,180,429.68 (-16,151.90) ; v4: 2,704,480.72 vs printed 2,704,480.72"
2015,FY2015,LIBRARY,Agricultural Commission Grant,32,,FISCAL YEAR ENDING 6/30/15 ; FORWARD | TOTAL | TOTAL | BALANCE FWD ; PROGRAM NAME | 7/1/2014 | RECEIPTS R | DISBURSEMENTS | 7/1/2015 ; GENERAL GOVERNMENT,0.00,675.00,,675.00,,,3,,one cell missing; derivable from the row itself,"v3 = 0.00, from this fund's own other three columns",1,check failed,"v1: 2,571,243.89 vs printed 2,599,893.63 (-28,649.74) ; v2: 5,280,071.77 vs printed 5,285,016.77 (-4,945.00) ; v3: 5,164,277.78 vs printed 5,180,429.68 (-16,151.90) ; v4: 2,704,480.72 vs printed 2,704,480.72"
2015,FY2015,LIBRARY,Bell Tower Mtc. Fund-Town Hall,32,,FISCAL YEAR ENDING 6/30/15 ; FORWARD | TOTAL | TOTAL | BALANCE FWD ; PROGRAM NAME | 7/1/2014 | RECEIPTS R | DISBURSEMENTS | 7/1/2015 ; GENERAL GOVERNMENT,5906.37,,300.00,5606.37,,,3,,one cell missing; derivable from the row itself,"v2 = 0.00, from this fund's own other three columns",1,check failed,"v1: 2,571,243.89 vs printed 2,599,893.63 (-28,649.74) ; v2: 5,280,071.77 vs printed 5,285,016.77 (-4,945.00) ; v3: 5,164,277.78 vs printed 5,180,429.68 (-16,151.90) ; v4: 2,704,480.72 vs printed 2,704,480.72"
2015,FY2015,LIBRARY,Historical Comm. Gift Fund,32,,FISCAL YEAR ENDING 6/30/15 ; FORWARD | TOTAL | TOTAL | BALANCE FWD ; PROGRAM NAME | 7/1/2014 | RECEIPTS R | DISBURSEMENTS | 7/1/2015 ; GENERAL GOVERNMENT,137.36,,,137.36,,,2,,,,1,check failed,"v1: 2,571,243.89 vs printed 2,599,893.63 (-28,649.74) ; v2: 5,280,071.77 vs printed 5,285,016.77 (-4,945.00) ; v3: 5,164,277.78 vs printed 5,180,429.68 (-16,151.90) ; v4: 2,704,480.72 vs printed 2,704,480.72"
2015,FY2015,LIBRARY,FEMA Grant - January 2015 Blizzard,32,,FISCAL YEAR ENDING 6/30/15 ; FORWARD | TOTAL | TOTAL | BALANCE FWD ; PROGRAM NAME | 7/1/2014 | RECEIPTS R | DISBURSEMENTS | 7/1/2015 ; GENERAL GOVERNMENT,0.00,,43262.20,-43262.20,,,3,,one cell missing; derivable from the row itself,"v2 = 0.00, from this fund's own other three columns",1,check failed,"v1: 2,571,243.89 vs printed 2,599,893.63 (-28,649.74) ; v2: 5,280,071.77 vs printed 5,285,016.77 (-4,945.00) ; v3: 5,164,277.78 vs printed 5,180,429.68 (-16,151.90) ; v4: 2,704,480.72 vs printed 2,704,480.72"
2015,FY2015,LIBRARY,Mass Historical Comm Grant-Town Ha,32,,FISCAL YEAR ENDING 6/30/15 ; FORWARD | TOTAL | TOTAL | BALANCE FWD ; PROGRAM NAME | 7/1/2014 | RECEIPTS R | DISBURSEMENTS | 7/1/2015 ; GENERAL GOVERNMENT,4150.00,,,4150.00,,,2,,,,1,check failed,"v1: 2,571,243.89 vs printed 2,599,893.63 (-28,649.74) ; v2: 5,280,071.77 vs printed 5,285,016.77 (-4,945.00) ; v3: 5,164,277.78 vs printed 5,180,429.68 (-16,151.90) ; v4: 2,704,480.72 vs printed 2,704,480.72"
2015,FY2015,LIBRARY,Police Gift Fund,32,,FISCAL YEAR ENDING 6/30/15 ; FORWARD | TOTAL | TOTAL | BALANCE FWD ; PROGRAM NAME | 7/1/2014 | RECEIPTS R | DISBURSEMENTS | 7/1/2015 ; GENERAL GOVERNMENT,835.22,,835.22,0.00,,,3,,one cell missing; derivable from the row itself,"v2 = 0.00, from this fund's own other three columns",1,check failed,"v1: 2,571,243.89 vs printed 2,599,893.63 (-28,649.74) ; v2: 5,280,071.77 vs printed 5,285,016.77 (-4,945.00) ; v3: 5,164,277.78 vs printed 5,180,429.68 (-16,151.90) ; v4: 2,704,480.72 vs printed 2,704,480.72"
2015,FY2015,LIBRARY,,32,,FISCAL YEAR ENDING 6/30/15 ; FORWARD | TOTAL | TOTAL | BALANCE FWD ; PROGRAM NAME | 7/1/2014 | RECEIPTS R | DISBURSEMENTS | 7/1/2015 ; GENERAL GOVERNMENT,,32.00,,,,,1,,,,1,check failed,"v1: 2,571,243.89 vs printed 2,599,893.63 (-28,649.74) ; v2: 5,280,071.77 vs printed 5,285,016.77 (-4,945.00) ; v3: 5,164,277.78 vs printed 5,180,429.68 (-16,151.90) ; v4: 2,704,480.72 vs printed 2,704,480.72"
2015,FY2015,LIBRARY,Public Safety Gift Fund,33,,FISCAL YEAR ENDING 6/30/15 ; FORWARD | TOTAL | TOTAL | BALANCE FWD ; PROGRAM NAME | 7/1/2014 | RECEIPTS R | DISBURSEMENTS | 7/1/2015 ; GENERAL GOVERNMENT,667.38,,,667.38,,,2,,,,1,check failed,"v1: 2,571,243.89 vs printed 2,599,893.63 (-28,649.74) ; v2: 5,280,071.77 vs printed 5,285,016.77 (-4,945.00) ; v3: 5,164,277.78 vs printed 5,180,429.68 (-16,151.90) ; v4: 2,704,480.72 vs printed 2,704,480.72"
2015,FY2015,LIBRARY,Council on Aging Gift Fund,33,,FISCAL YEAR ENDING 6/30/15 ; FORWARD | TOTAL | TOTAL | BALANCE FWD ; PROGRAM NAME | 7/1/2014 | RECEIPTS R | DISBURSEMENTS | 7/1/2015 ; GENERAL GOVERNMENT,3071.79,,,3071.79,,,2,,,,1,check failed,"v1: 2,571,243.89 vs printed 2,599,893.63 (-28,649.74) ; v2: 5,280,071.77 vs printed 5,285,016.77 (-4,945.00) ; v3: 5,164,277.78 vs printed 5,180,429.68 (-16,151.90) ; v4: 2,704,480.72 vs printed 2,704,480.72"
2015,FY2015,LIBRARY,MWPAT Septic Repair,33,,FISCAL YEAR ENDING 6/30/15 ; FORWARD | TOTAL | TOTAL | BALANCE FWD ; PROGRAM NAME | 7/1/2014 | RECEIPTS R | DISBURSEMENTS | 7/1/2015 ; GENERAL GOVERNMENT,4079.03,,,4079.03,,,2,,,,1,check failed,"v1: 2,571,243.89 vs printed 2,599,893.63 (-28,649.74) ; v2: 5,280,071.77 vs printed 5,285,016.77 (-4,945.00) ; v3: 5,164,277.78 vs printed 5,180,429.68 (-16,151.90) ; v4: 2,704,480.72 vs printed 2,704,480.72"
2015,FY2015,LIBRARY,WPAT Septic Receipts Reserved,33,,FISCAL YEAR ENDING 6/30/15 ; FORWARD | TOTAL | TOTAL | BALANCE FWD ; PROGRAM NAME | 7/1/2014 | RECEIPTS R | DISBURSEMENTS | 7/1/2015 ; GENERAL GOVERNMENT,84896.11,980.39,10868.00,75008.50,,,4,,fund balances: forward + receipts - disbursements = carried forward,,1,check failed,"v1: 2,571,243.89 vs printed 2,599,893.63 (-28,649.74) ; v2: 5,280,071.77 vs printed 5,285,016.77 (-4,945.00) ; v3: 5,164,277.78 vs printed 5,180,429.68 (-16,151.90) ; v4: 2,704,480.72 vs printed 2,704,480.72"
2015,FY2015,LIBRARY,E.O.C.D. Septic | Grant,33,,FISCAL YEAR ENDING 6/30/15 ; FORWARD | TOTAL | TOTAL | BALANCE FWD ; PROGRAM NAME | 7/1/2014 | RECEIPTS R | DISBURSEMENTS | 7/1/2015 ; GENERAL GOVERNMENT,101353.47,951.32,,102304.79,,,3,,one cell missing; derivable from the row itself,"v3 = 0.00, from this fund's own other three columns",1,check failed,"v1: 2,571,243.89 vs printed 2,599,893.63 (-28,649.74) ; v2: 5,280,071.77 vs printed 5,285,016.77 (-4,945.00) ; v3: 5,164,277.78 vs printed 5,180,429.68 (-16,151.90) ; v4: 2,704,480.72 vs printed 2,704,480.72"
2015,FY2015,LIBRARY,Water Enterprise Fund,33,,FISCAL YEAR ENDING 6/30/15 ; FORWARD | TOTAL | TOTAL | BALANCE FWD ; PROGRAM NAME | 7/1/2014 | RECEIPTS R | DISBURSEMENTS | 7/1/2015 ; GENERAL GOVERNMENT,29731.59,27370.02,20866.76,36234.85,,,4,,fund balances: forward + receipts - disbursements = carried forward,,1,check failed,"v1: 2,571,243.89 vs printed 2,599,893.63 (-28,649.74) ; v2: 5,280,071.77 vs printed 5,285,016.77 (-4,945.00) ; v3: 5,164,277.78 vs printed 5,180,429.68 (-16,151.90) ; v4: 2,704,480.72 vs printed 2,704,480.72"
2015,FY2015,LIBRARY,Sewer Enterprise Fund,33,,FISCAL YEAR ENDING 6/30/15 ; FORWARD | TOTAL | TOTAL | BALANCE FWD ; PROGRAM NAME | 7/1/2014 | RECEIPTS R | DISBURSEMENTS | 7/1/2015 ; GENERAL GOVERNMENT,742236.86,761569.31,659731.97,844074.20,,,4,,fund balances: forward + receipts - disbursements = carried forward,,1,check failed,"v1: 2,571,243.89 vs printed 2,599,893.63 (-28,649.74) ; v2: 5,280,071.77 vs printed 5,285,016.77 (-4,945.00) ; v3: 5,164,277.78 vs printed 5,180,429.68 (-16,151.90) ; v4: 2,704,480.72 vs printed 2,704,480.72"
2015,FY2015,LIBRARY,Sewer Betterment Fund,33,,FISCAL YEAR ENDING 6/30/15 ; FORWARD | TOTAL | TOTAL | BALANCE FWD ; PROGRAM NAME | 7/1/2014 | RECEIPTS R | DISBURSEMENTS | 7/1/2015 ; GENERAL GOVERNMENT,635559.44,645542.85,770439.00,510663.29,,,4,,fund balances: forward + receipts - disbursements = carried forward,,1,check failed,"v1: 2,571,243.89 vs printed 2,599,893.63 (-28,649.74) ; v2: 5,280,071.77 vs printed 5,285,016.77 (-4,945.00) ; v3: 5,164,277.78 vs printed 5,180,429.68 (-16,151.90) ; v4: 2,704,480.72 vs printed 2,704,480.72"
2015,FY2015,LIBRARY,Public Health Emergency Preparedne,33,,FISCAL YEAR ENDING 6/30/15 ; FORWARD | TOTAL | TOTAL | BALANCE FWD ; PROGRAM NAME | 7/1/2014 | RECEIPTS R | DISBURSEMENTS | 7/1/2015 ; GENERAL GOVERNMENT,12295.09,,,12295.09,,,2,,,,1,check failed,"v1: 2,571,243.89 vs printed 2,599,893.63 (-28,649.74) ; v2: 5,280,071.77 vs printed 5,285,016.77 (-4,945.00) ; v3: 5,164,277.78 vs printed 5,180,429.68 (-16,151.90) ; v4: 2,704,480.72 vs printed 2,704,480.72"
2015,FY2015,LIBRARY,DEP Pay As You Throw Grant,33,,FISCAL YEAR ENDING 6/30/15 ; FORWARD | TOTAL | TOTAL | BALANCE FWD ; PROGRAM NAME | 7/1/2014 | RECEIPTS R | DISBURSEMENTS | 7/1/2015 ; GENERAL GOVERNMENT,4720.43,,,4720.43,,,2,,,,1,check failed,"v1: 2,571,243.89 vs printed 2,599,893.63 (-28,649.74) ; v2: 5,280,071.77 vs printed 5,285,016.77 (-4,945.00) ; v3: 5,164,277.78 vs printed 5,180,429.68 (-16,151.90) ; v4: 2,704,480.72 vs printed 2,704,480.72"
2015,FY2015,LIBRARY,Recycling Outreach Fund,33,,FISCAL YEAR ENDING 6/30/15 ; FORWARD | TOTAL | TOTAL | BALANCE FWD ; PROGRAM NAME | 7/1/2014 | RECEIPTS R | DISBURSEMENTS | 7/1/2015 ; GENERAL GOVERNMENT,3800.00,,,3800.00,,,2,,,,1,check failed,"v1: 2,571,243.89 vs printed 2,599,893.63 (-28,649.74) ; v2: 5,280,071.77 vs printed 5,285,016.77 (-4,945.00) ; v3: 5,164,277.78 vs printed 5,180,429.68 (-16,151.90) ; v4: 2,704,480.72 vs printed 2,704,480.72"
2015,FY2015,LIBRARY,Repayments Sewer Hookup,33,,FISCAL YEAR ENDING 6/30/15 ; FORWARD | TOTAL | TOTAL | BALANCE FWD ; PROGRAM NAME | 7/1/2014 | RECEIPTS R | DISBURSEMENTS | 7/1/2015 ; GENERAL GOVERNMENT,9222.00,,,9222.00,,,2,,,,1,check failed,"v1: 2,571,243.89 vs printed 2,599,893.63 (-28,649.74) ; v2: 5,280,071.77 vs printed 5,285,016.77 (-4,945.00) ; v3: 5,164,277.78 vs printed 5,180,429.68 (-16,151.90) ; v4: 2,704,480.72 vs printed 2,704,480.72"
2015,FY2015,LIBRARY,Solid Waste/Recycling Enterprise,33,,FISCAL YEAR ENDING 6/30/15 ; FORWARD | TOTAL | TOTAL | BALANCE FWD ; PROGRAM NAME | 7/1/2014 | RECEIPTS R | DISBURSEMENTS | 7/1/2015 ; GENERAL GOVERNMENT,,268078.20,296727.95,0.00,,,3,yes,one cell missing; derivable from the row itself,"v1 = 28,649.75, from this fund's own other three columns",1,check failed,"v1: 2,571,243.89 vs printed 2,599,893.63 (-28,649.74) ; v2: 5,280,071.77 vs printed 5,285,016.77 (-4,945.00) ; v3: 5,164,277.78 vs printed 5,180,429.68 (-16,151.90) ; v4: 2,704,480.72 vs printed 2,704,480.72"
2015,FY2015,LIBRARY,CVS Volunteer Challenge Grant,33,,FISCAL YEAR ENDING 6/30/15 ; FORWARD | TOTAL | TOTAL | BALANCE FWD ; PROGRAM NAME | 7/1/2014 | RECEIPTS R | DISBURSEMENTS | 7/1/2015 ; GENERAL GOVERNMENT,500.00,,,500.00,,,2,,,,1,check failed,"v1: 2,571,243.89 vs printed 2,599,893.63 (-28,649.74) ; v2: 5,280,071.77 vs printed 5,285,016.77 (-4,945.00) ; v3: 5,164,277.78 vs printed 5,180,429.68 (-16,151.90) ; v4: 2,704,480.72 vs printed 2,704,480.72"
2015,FY2015,LIBRARY,Fields Pond Foundation,33,,FISCAL YEAR ENDING 6/30/15 ; FORWARD | TOTAL | TOTAL | BALANCE FWD ; PROGRAM NAME | 7/1/2014 | RECEIPTS R | DISBURSEMENTS | 7/1/2015 ; GENERAL GOVERNMENT,1600.00,,,1600.00,,,2,,,,1,check failed,"v1: 2,571,243.89 vs printed 2,599,893.63 (-28,649.74) ; v2: 5,280,071.77 vs printed 5,285,016.77 (-4,945.00) ; v3: 5,164,277.78 vs printed 5,180,429.68 (-16,151.90) ; v4: 2,704,480.72 vs printed 2,704,480.72"
2015,FY2015,LIBRARY,March for Parks,33,,FISCAL YEAR ENDING 6/30/15 ; FORWARD | TOTAL | TOTAL | BALANCE FWD ; PROGRAM NAME | 7/1/2014 | RECEIPTS R | DISBURSEMENTS | 7/1/2015 ; GENERAL GOVERNMENT,1617.25,,,1617.25,,,2,,,,1,check failed,"v1: 2,571,243.89 vs printed 2,599,893.63 (-28,649.74) ; v2: 5,280,071.77 vs printed 5,285,016.77 (-4,945.00) ; v3: 5,164,277.78 vs printed 5,180,429.68 (-16,151.90) ; v4: 2,704,480.72 vs printed 2,704,480.72"
2015,FY2015,LIBRARY,Skate Park Fund,33,,FISCAL YEAR ENDING 6/30/15 ; FORWARD | TOTAL | TOTAL | BALANCE FWD ; PROGRAM NAME | 7/1/2014 | RECEIPTS R | DISBURSEMENTS | 7/1/2015 ; GENERAL GOVERNMENT,197.00,,,197.00,,,2,,,,1,check failed,"v1: 2,571,243.89 vs printed 2,599,893.63 (-28,649.74) ; v2: 5,280,071.77 vs printed 5,285,016.77 (-4,945.00) ; v3: 5,164,277.78 vs printed 5,180,429.68 (-16,151.90) ; v4: 2,704,480.72 vs printed 2,704,480.72"
2015,FY2015,LIBRARY,Weights/Measures Citation Fund,33,,FISCAL YEAR ENDING 6/30/15 ; FORWARD | TOTAL | TOTAL | BALANCE FWD ; PROGRAM NAME | 7/1/2014 | RECEIPTS R | DISBURSEMENTS | 7/1/2015 ; GENERAL GOVERNMENT,325.00,,,325.00,,,2,,,,1,check failed,"v1: 2,571,243.89 vs printed 2,599,893.63 (-28,649.74) ; v2: 5,280,071.77 vs printed 5,285,016.77 (-4,945.00) ; v3: 5,164,277.78 vs printed 5,180,429.68 (-16,151.90) ; v4: 2,704,480.72 vs printed 2,704,480.72"
2015,FY2015,LIBRARY,Marshall Park Restoration Fund,33,,FISCAL YEAR ENDING 6/30/15 ; FORWARD | TOTAL | TOTAL | BALANCE FWD ; PROGRAM NAME | 7/1/2014 | RECEIPTS R | DISBURSEMENTS | 7/1/2015 ; GENERAL GOVERNMENT,125.00,,,125.00,,,2,,,,1,check failed,"v1: 2,571,243.89 vs printed 2,599,893.63 (-28,649.74) ; v2: 5,280,071.77 vs printed 5,285,016.77 (-4,945.00) ; v3: 5,164,277.78 vs printed 5,180,429.68 (-16,151.90) ; v4: 2,704,480.72 vs printed 2,704,480.72"
2015,FY2015,LIBRARY,Comcast Technology Capital Grant,33,,FISCAL YEAR ENDING 6/30/15 ; FORWARD | TOTAL | TOTAL | BALANCE FWD ; PROGRAM NAME | 7/1/2014 | RECEIPTS R | DISBURSEMENTS | 7/1/2015 ; GENERAL GOVERNMENT,39796.01,,,39796.01,,,2,,,,1,check failed,"v1: 2,571,243.89 vs printed 2,599,893.63 (-28,649.74) ; v2: 5,280,071.77 vs printed 5,285,016.77 (-4,945.00) ; v3: 5,164,277.78 vs printed 5,180,429.68 (-16,151.90) ; v4: 2,704,480.72 vs printed 2,704,480.72"
2015,FY2015,LIBRARY,Sale of Real Estate Fund,33,,FISCAL YEAR ENDING 6/30/15 ; FORWARD | TOTAL | TOTAL | BALANCE FWD ; PROGRAM NAME | 7/1/2014 | RECEIPTS R | DISBURSEMENTS | 7/1/2015 ; GENERAL GOVERNMENT,9925.00,,,9925.00,,,2,,,,1,check failed,"v1: 2,571,243.89 vs printed 2,599,893.63 (-28,649.74) ; v2: 5,280,071.77 vs printed 5,285,016.77 (-4,945.00) ; v3: 5,164,277.78 vs printed 5,180,429.68 (-16,151.90) ; v4: 2,704,480.72 vs printed 2,704,480.72"
2015,FY2015,LIBRARY,Arts Lottery Fund,33,,FISCAL YEAR ENDING 6/30/15 ; FORWARD | TOTAL | TOTAL | BALANCE FWD ; PROGRAM NAME | 7/1/2014 | RECEIPTS R | DISBURSEMENTS | 7/1/2015 ; GENERAL GOVERNMENT,8979.42,1113.98,3191.00,6902.40,,,4,,fund balances: forward + receipts - disbursements = carried forward,,1,check failed,"v1: 2,571,243.89 vs printed 2,599,893.63 (-28,649.74) ; v2: 5,280,071.77 vs printed 5,285,016.77 (-4,945.00) ; v3: 5,164,277.78 vs printed 5,180,429.68 (-16,151.90) ; v4: 2,704,480.72 vs printed 2,704,480.72"
2015,FY2015,LIBRARY,L.E.A.P. Fund,33,,FISCAL YEAR ENDING 6/30/15 ; FORWARD | TOTAL | TOTAL | BALANCE FWD ; PROGRAM NAME | 7/1/2014 | RECEIPTS R | DISBURSEMENTS | 7/1/2015 ; GENERAL GOVERNMENT,266081.17,94735.78,94846.84,265970.11,,,4,,fund balances: forward + receipts - disbursements = carried forward,,1,check failed,"v1: 2,571,243.89 vs printed 2,599,893.63 (-28,649.74) ; v2: 5,280,071.77 vs printed 5,285,016.77 (-4,945.00) ; v3: 5,164,277.78 vs printed 5,180,429.68 (-16,151.90) ; v4: 2,704,480.72 vs printed 2,704,480.72"
2015,FY2015,LIBRARY,Debris Removal Gift Fund,33,,FISCAL YEAR ENDING 6/30/15 ; FORWARD | TOTAL | TOTAL | BALANCE FWD ; PROGRAM NAME | 7/1/2014 | RECEIPTS R | DISBURSEMENTS | 7/1/2015 ; GENERAL GOVERNMENT,676.00,,,676.00,,,2,,,,1,check failed,"v1: 2,571,243.89 vs printed 2,599,893.63 (-28,649.74) ; v2: 5,280,071.77 vs printed 5,285,016.77 (-4,945.00) ; v3: 5,164,277.78 vs printed 5,180,429.68 (-16,151.90) ; v4: 2,704,480.72 vs printed 2,704,480.72"
2015,FY2015,LIBRARY,Citizens Relief Fund,33,,FISCAL YEAR ENDING 6/30/15 ; FORWARD | TOTAL | TOTAL | BALANCE FWD ; PROGRAM NAME | 7/1/2014 | RECEIPTS R | DISBURSEMENTS | 7/1/2015 ; GENERAL GOVERNMENT,200.00,,,200.00,,,2,,,,1,check failed,"v1: 2,571,243.89 vs printed 2,599,893.63 (-28,649.74) ; v2: 5,280,071.77 vs printed 5,285,016.77 (-4,945.00) ; v3: 5,164,277.78 vs printed 5,180,429.68 (-16,151.90) ; v4: 2,704,480.72 vs printed 2,704,480.72"
2015,FY2015,LIBRARY,Hollis Road Revolving,33,,FISCAL YEAR ENDING 6/30/15 ; FORWARD | TOTAL | TOTAL | BALANCE FWD ; PROGRAM NAME | 7/1/2014 | RECEIPTS R | DISBURSEMENTS | 7/1/2015 ; GENERAL GOVERNMENT,13577.63,,7493.20,11184.43,,,3,,one cell missing; derivable from the row itself,"v2 = 5,100.00, from this fund's own other three columns",1,check failed,"v1: 2,571,243.89 vs printed 2,599,893.63 (-28,649.74) ; v2: 5,280,071.77 vs printed 5,285,016.77 (-4,945.00) ; v3: 5,164,277.78 vs printed 5,180,429.68 (-16,151.90) ; v4: 2,704,480.72 vs printed 2,704,480.72"
2015,FY2015,LIBRARY,,33,,FISCAL YEAR ENDING 6/30/15 ; FORWARD | TOTAL | TOTAL | BALANCE FWD ; PROGRAM NAME | 7/1/2014 | RECEIPTS R | DISBURSEMENTS | 7/1/2015 ; GENERAL GOVERNMENT,,33.00,,,,,1,,,,1,check failed,"v1: 2,571,243.89 vs printed 2,599,893.63 (-28,649.74) ; v2: 5,280,071.77 vs printed 5,285,016.77 (-4,945.00) ; v3: 5,164,277.78 vs printed 5,180,429.68 (-16,151.90) ; v4: 2,704,480.72 vs printed 2,704,480.72"
2016,FY2016,GENERAL GOVERNMENT,Regional Assessor Fund,31,,FISCAL YEAR ENDING 6/30/16 ; FORWARD | TOTAL | TOTAL | BALANCE FWD ; PROGRAM NAME | 711/2015 | RECEIPTS | DISBURSEMENTS | 7/1/2016 ; GENERAL GOVERNMENT,30907.25,,,30907.25,,,2,,,,0,check failed,"v1: 2,711,371.31 vs printed 2,704,480.72 (+6,890.59) ; v2: 7,995,835.53 vs printed 6,543,358.01 (+1,452,477.52) ; v3: 7,083,504.22 vs printed 6,074,216.03 (+1,009,288.19) ; v4: 3,586,984.69 vs printed 3,173,622.70 (+413,361.99)"
2016,FY2016,GENERAL GOVERNMENT,Conservation Fund,31,,FISCAL YEAR ENDING 6/30/16 ; FORWARD | TOTAL | TOTAL | BALANCE FWD ; PROGRAM NAME | 711/2015 | RECEIPTS | DISBURSEMENTS | 7/1/2016 ; GENERAL GOVERNMENT,319.59,,,319.59,,,2,,,,0,check failed,"v1: 2,711,371.31 vs printed 2,704,480.72 (+6,890.59) ; v2: 7,995,835.53 vs printed 6,543,358.01 (+1,452,477.52) ; v3: 7,083,504.22 vs printed 6,074,216.03 (+1,009,288.19) ; v4: 3,586,984.69 vs printed 3,173,622.70 (+413,361.99)"
2016,FY2016,GENERAL GOVERNMENT,Conservation Consultant Revolving,31,,FISCAL YEAR ENDING 6/30/16 ; FORWARD | TOTAL | TOTAL | BALANCE FWD ; PROGRAM NAME | 711/2015 | RECEIPTS | DISBURSEMENTS | 7/1/2016 ; GENERAL GOVERNMENT,120.50,,,120.50,,,2,,,,0,check failed,"v1: 2,711,371.31 vs printed 2,704,480.72 (+6,890.59) ; v2: 7,995,835.53 vs printed 6,543,358.01 (+1,452,477.52) ; v3: 7,083,504.22 vs printed 6,074,216.03 (+1,009,288.19) ; v4: 3,586,984.69 vs printed 3,173,622.70 (+413,361.99)"
2016,FY2016,GENERAL GOVERNMENT,Zoning Board Consultant Revolving,31,,FISCAL YEAR ENDING 6/30/16 ; FORWARD | TOTAL | TOTAL | BALANCE FWD ; PROGRAM NAME | 711/2015 | RECEIPTS | DISBURSEMENTS | 7/1/2016 ; GENERAL GOVERNMENT,11301.96,,,11301.96,,,2,,,,0,check failed,"v1: 2,711,371.31 vs printed 2,704,480.72 (+6,890.59) ; v2: 7,995,835.53 vs printed 6,543,358.01 (+1,452,477.52) ; v3: 7,083,504.22 vs printed 6,074,216.03 (+1,009,288.19) ; v4: 3,586,984.69 vs printed 3,173,622.70 (+413,361.99)"
2016,FY2016,GENERAL GOVERNMENT,Conservation Gift Fund-Cook Farm,31,,FISCAL YEAR ENDING 6/30/16 ; FORWARD | TOTAL | TOTAL | BALANCE FWD ; PROGRAM NAME | 711/2015 | RECEIPTS | DISBURSEMENTS | 7/1/2016 ; GENERAL GOVERNMENT,148.00,,,148.00,,,2,,,,0,check failed,"v1: 2,711,371.31 vs printed 2,704,480.72 (+6,890.59) ; v2: 7,995,835.53 vs printed 6,543,358.01 (+1,452,477.52) ; v3: 7,083,504.22 vs printed 6,074,216.03 (+1,009,288.19) ; v4: 3,586,984.69 vs printed 3,173,622.70 (+413,361.99)"
2016,FY2016,GENERAL GOVERNMENT,Town Records Gift Fund,31,,FISCAL YEAR ENDING 6/30/16 ; FORWARD | TOTAL | TOTAL | BALANCE FWD ; PROGRAM NAME | 711/2015 | RECEIPTS | DISBURSEMENTS | 7/1/2016 ; GENERAL GOVERNMENT,252.35,,,252.35,,,2,,,,0,check failed,"v1: 2,711,371.31 vs printed 2,704,480.72 (+6,890.59) ; v2: 7,995,835.53 vs printed 6,543,358.01 (+1,452,477.52) ; v3: 7,083,504.22 vs printed 6,074,216.03 (+1,009,288.19) ; v4: 3,586,984.69 vs printed 3,173,622.70 (+413,361.99)"
2016,FY2016,GENERAL GOVERNMENT,Scholarship Fund,31,,FISCAL YEAR ENDING 6/30/16 ; FORWARD | TOTAL | TOTAL | BALANCE FWD ; PROGRAM NAME | 711/2015 | RECEIPTS | DISBURSEMENTS | 7/1/2016 ; GENERAL GOVERNMENT,232.26,,,232.26,,,2,,,,0,check failed,"v1: 2,711,371.31 vs printed 2,704,480.72 (+6,890.59) ; v2: 7,995,835.53 vs printed 6,543,358.01 (+1,452,477.52) ; v3: 7,083,504.22 vs printed 6,074,216.03 (+1,009,288.19) ; v4: 3,586,984.69 vs printed 3,173,622.70 (+413,361.99)"
2016,FY2016,GENERAL GOVERNMENT,Sewer Gift Fund,31,,FISCAL YEAR ENDING 6/30/16 ; FORWARD | TOTAL | TOTAL | BALANCE FWD ; PROGRAM NAME | 711/2015 | RECEIPTS | DISBURSEMENTS | 7/1/2016 ; GENERAL GOVERNMENT,387.09,,,387.09,,,2,,,,0,check failed,"v1: 2,711,371.31 vs printed 2,704,480.72 (+6,890.59) ; v2: 7,995,835.53 vs printed 6,543,358.01 (+1,452,477.52) ; v3: 7,083,504.22 vs printed 6,074,216.03 (+1,009,288.19) ; v4: 3,586,984.69 vs printed 3,173,622.70 (+413,361.99)"
2016,FY2016,GENERAL GOVERNMENT,Insurance Recoveries,31,,FISCAL YEAR ENDING 6/30/16 ; FORWARD | TOTAL | TOTAL | BALANCE FWD ; PROGRAM NAME | 711/2015 | RECEIPTS | DISBURSEMENTS | 7/1/2016 ; GENERAL GOVERNMENT,3619.33,34502.25,4414.00,33707.58,,,4,,fund balances: forward + receipts - disbursements = carried forward,,0,check failed,"v1: 2,711,371.31 vs printed 2,704,480.72 (+6,890.59) ; v2: 7,995,835.53 vs printed 6,543,358.01 (+1,452,477.52) ; v3: 7,083,504.22 vs printed 6,074,216.03 (+1,009,288.19) ; v4: 3,586,984.69 vs printed 3,173,622.70 (+413,361.99)"
2016,FY2016,GENERAL GOVERNMENT,Town Hall Chimney Grant,31,,FISCAL YEAR ENDING 6/30/16 ; FORWARD | TOTAL | TOTAL | BALANCE FWD ; PROGRAM NAME | 711/2015 | RECEIPTS | DISBURSEMENTS | 7/1/2016 ; GENERAL GOVERNMENT,3000.00,,,3000.00,,,2,,,,0,check failed,"v1: 2,711,371.31 vs printed 2,704,480.72 (+6,890.59) ; v2: 7,995,835.53 vs printed 6,543,358.01 (+1,452,477.52) ; v3: 7,083,504.22 vs printed 6,074,216.03 (+1,009,288.19) ; v4: 3,586,984.69 vs printed 3,173,622.70 (+413,361.99)"
2016,FY2016,GENERAL GOVERNMENT,General Government Gift Fund,31,,FISCAL YEAR ENDING 6/30/16 ; FORWARD | TOTAL | TOTAL | BALANCE FWD ; PROGRAM NAME | 711/2015 | RECEIPTS | DISBURSEMENTS | 7/1/2016 ; GENERAL GOVERNMENT,1110.00,,,1110.00,,,2,,,,0,check failed,"v1: 2,711,371.31 vs printed 2,704,480.72 (+6,890.59) ; v2: 7,995,835.53 vs printed 6,543,358.01 (+1,452,477.52) ; v3: 7,083,504.22 vs printed 6,074,216.03 (+1,009,288.19) ; v4: 3,586,984.69 vs printed 3,173,622.70 (+413,361.99)"
2016,FY2016,GENERAL GOVERNMENT,Household Hazardous Waste,31,,FISCAL YEAR ENDING 6/30/16 ; FORWARD | TOTAL | TOTAL | BALANCE FWD ; PROGRAM NAME | 711/2015 | RECEIPTS | DISBURSEMENTS | 7/1/2016 ; GENERAL GOVERNMENT,768.76,,,768.76,,,2,,,,0,check failed,"v1: 2,711,371.31 vs printed 2,704,480.72 (+6,890.59) ; v2: 7,995,835.53 vs printed 6,543,358.01 (+1,452,477.52) ; v3: 7,083,504.22 vs printed 6,074,216.03 (+1,009,288.19) ; v4: 3,586,984.69 vs printed 3,173,622.70 (+413,361.99)"
2016,FY2016,SCHOOL DEPARTMENT,School Lunch,31,,FISCAL YEAR ENDING 6/30/16 ; FORWARD | TOTAL | TOTAL | BALANCE FWD ; PROGRAM NAME | 711/2015 | RECEIPTS | DISBURSEMENTS | 7/1/2016 ; GENERAL GOVERNMENT,26050.14,396270.67,410580.86,11739.95,,,4,,fund balances: forward + receipts - disbursements = carried forward,,0,check failed,"v1: 2,711,371.31 vs printed 2,704,480.72 (+6,890.59) ; v2: 7,995,835.53 vs printed 6,543,358.01 (+1,452,477.52) ; v3: 7,083,504.22 vs printed 6,074,216.03 (+1,009,288.19) ; v4: 3,586,984.69 vs printed 3,173,622.70 (+413,361.99)"
2016,FY2016,SCHOOL DEPARTMENT,Title | #305,31,,FISCAL YEAR ENDING 6/30/16 ; FORWARD | TOTAL | TOTAL | BALANCE FWD ; PROGRAM NAME | 711/2015 | RECEIPTS | DISBURSEMENTS | 7/1/2016 ; GENERAL GOVERNMENT,-27107.00,328796.00,293566.79,8122.21,,,4,,fund balances: forward + receipts - disbursements = carried forward,,0,check failed,"v1: 2,711,371.31 vs printed 2,704,480.72 (+6,890.59) ; v2: 7,995,835.53 vs printed 6,543,358.01 (+1,452,477.52) ; v3: 7,083,504.22 vs printed 6,074,216.03 (+1,009,288.19) ; v4: 3,586,984.69 vs printed 3,173,622.70 (+413,361.99)"
2016,FY2016,SCHOOL DEPARTMENT,PL 94-142 #240,31,,FISCAL YEAR ENDING 6/30/16 ; FORWARD | TOTAL | TOTAL | BALANCE FWD ; PROGRAM NAME | 711/2015 | RECEIPTS | DISBURSEMENTS | 7/1/2016 ; GENERAL GOVERNMENT,-51747.42,398638.00,338722.24,8168.34,,,4,,fund balances: forward + receipts - disbursements = carried forward,,0,check failed,"v1: 2,711,371.31 vs printed 2,704,480.72 (+6,890.59) ; v2: 7,995,835.53 vs printed 6,543,358.01 (+1,452,477.52) ; v3: 7,083,504.22 vs printed 6,074,216.03 (+1,009,288.19) ; v4: 3,586,984.69 vs printed 3,173,622.70 (+413,361.99)"
2016,FY2016,SCHOOL DEPARTMENT,United Way Venture,31,,FISCAL YEAR ENDING 6/30/16 ; FORWARD | TOTAL | TOTAL | BALANCE FWD ; PROGRAM NAME | 711/2015 | RECEIPTS | DISBURSEMENTS | 7/1/2016 ; GENERAL GOVERNMENT,40.42,,,40.42,,,2,,,,0,check failed,"v1: 2,711,371.31 vs printed 2,704,480.72 (+6,890.59) ; v2: 7,995,835.53 vs printed 6,543,358.01 (+1,452,477.52) ; v3: 7,083,504.22 vs printed 6,074,216.03 (+1,009,288.19) ; v4: 3,586,984.69 vs printed 3,173,622.70 (+413,361.99)"
2016,FY2016,SCHOOL DEPARTMENT,Recovery for Lost Books,31,,FISCAL YEAR ENDING 6/30/16 ; FORWARD | TOTAL | TOTAL | BALANCE FWD ; PROGRAM NAME | 711/2015 | RECEIPTS | DISBURSEMENTS | 7/1/2016 ; GENERAL GOVERNMENT,7215.22,391.99,88.24,7518.97,,,4,,fund balances: forward + receipts - disbursements = carried forward,,0,check failed,"v1: 2,711,371.31 vs printed 2,704,480.72 (+6,890.59) ; v2: 7,995,835.53 vs printed 6,543,358.01 (+1,452,477.52) ; v3: 7,083,504.22 vs printed 6,074,216.03 (+1,009,288.19) ; v4: 3,586,984.69 vs printed 3,173,622.70 (+413,361.99)"
2016,FY2016,SCHOOL DEPARTMENT,Chapter 658 School Athletics,31,,FISCAL YEAR ENDING 6/30/16 ; FORWARD | TOTAL | TOTAL | BALANCE FWD ; PROGRAM NAME | 711/2015 | RECEIPTS | DISBURSEMENTS | 7/1/2016 ; GENERAL GOVERNMENT,54157.96,109350.98,113818.68,49690.26,,,4,,fund balances: forward + receipts - disbursements = carried forward,,0,check failed,"v1: 2,711,371.31 vs printed 2,704,480.72 (+6,890.59) ; v2: 7,995,835.53 vs printed 6,543,358.01 (+1,452,477.52) ; v3: 7,083,504.22 vs printed 6,074,216.03 (+1,009,288.19) ; v4: 3,586,984.69 vs printed 3,173,622.70 (+413,361.99)"
2016,FY2016,SCHOOL DEPARTMENT,After School Activities,31,,FISCAL YEAR ENDING 6/30/16 ; FORWARD | TOTAL | TOTAL | BALANCE FWD ; PROGRAM NAME | 711/2015 | RECEIPTS | DISBURSEMENTS | 7/1/2016 ; GENERAL GOVERNMENT,99525.03,201225.05,191032.36,109717.72,,,4,,fund balances: forward + receipts - disbursements = carried forward,,0,check failed,"v1: 2,711,371.31 vs printed 2,704,480.72 (+6,890.59) ; v2: 7,995,835.53 vs printed 6,543,358.01 (+1,452,477.52) ; v3: 7,083,504.22 vs printed 6,074,216.03 (+1,009,288.19) ; v4: 3,586,984.69 vs printed 3,173,622.70 (+413,361.99)"
2016,FY2016,SCHOOL DEPARTMENT,School Facilities Use,31,,FISCAL YEAR ENDING 6/30/16 ; FORWARD | TOTAL | TOTAL | BALANCE FWD ; PROGRAM NAME | 711/2015 | RECEIPTS | DISBURSEMENTS | 7/1/2016 ; GENERAL GOVERNMENT,854.95,33108.96,19489.63,14474.28,,,4,,fund balances: forward + receipts - disbursements = carried forward,,0,check failed,"v1: 2,711,371.31 vs printed 2,704,480.72 (+6,890.59) ; v2: 7,995,835.53 vs printed 6,543,358.01 (+1,452,477.52) ; v3: 7,083,504.22 vs printed 6,074,216.03 (+1,009,288.19) ; v4: 3,586,984.69 vs printed 3,173,622.70 (+413,361.99)"
2016,FY2016,SCHOOL DEPARTMENT,Non-Resident Tuition,31,,FISCAL YEAR ENDING 6/30/16 ; FORWARD | TOTAL | TOTAL | BALANCE FWD ; PROGRAM NAME | 711/2015 | RECEIPTS | DISBURSEMENTS | 7/1/2016 ; GENERAL GOVERNMENT,44714.73,18372.00,0.00,63086.73,,,4,,fund balances: forward + receipts - disbursements = carried forward,,0,check failed,"v1: 2,711,371.31 vs printed 2,704,480.72 (+6,890.59) ; v2: 7,995,835.53 vs printed 6,543,358.01 (+1,452,477.52) ; v3: 7,083,504.22 vs printed 6,074,216.03 (+1,009,288.19) ; v4: 3,586,984.69 vs printed 3,173,622.70 (+413,361.99)"
2016,FY2016,SCHOOL DEPARTMENT,Adult Education,31,,FISCAL YEAR ENDING 6/30/16 ; FORWARD | TOTAL | TOTAL | BALANCE FWD ; PROGRAM NAME | 711/2015 | RECEIPTS | DISBURSEMENTS | 7/1/2016 ; GENERAL GOVERNMENT,4346.61,500.90,300.00,4547.51,,,4,,fund balances: forward + receipts - disbursements = carried forward,,0,check failed,"v1: 2,711,371.31 vs printed 2,704,480.72 (+6,890.59) ; v2: 7,995,835.53 vs printed 6,543,358.01 (+1,452,477.52) ; v3: 7,083,504.22 vs printed 6,074,216.03 (+1,009,288.19) ; v4: 3,586,984.69 vs printed 3,173,622.70 (+413,361.99)"
2016,FY2016,SCHOOL DEPARTMENT,Summer School Program,31,,FISCAL YEAR ENDING 6/30/16 ; FORWARD | TOTAL | TOTAL | BALANCE FWD ; PROGRAM NAME | 711/2015 | RECEIPTS | DISBURSEMENTS | 7/1/2016 ; GENERAL GOVERNMENT,90.00,,,90.00,,,2,,,,0,check failed,"v1: 2,711,371.31 vs printed 2,704,480.72 (+6,890.59) ; v2: 7,995,835.53 vs printed 6,543,358.01 (+1,452,477.52) ; v3: 7,083,504.22 vs printed 6,074,216.03 (+1,009,288.19) ; v4: 3,586,984.69 vs printed 3,173,622.70 (+413,361.99)"
2016,FY2016,SCHOOL DEPARTMENT,School Choice,31,,FISCAL YEAR ENDING 6/30/16 ; FORWARD | TOTAL | TOTAL | BALANCE FWD ; PROGRAM NAME | 711/2015 | RECEIPTS | DISBURSEMENTS | 7/1/2016 ; GENERAL GOVERNMENT,254512.23,286673.00,144315.65,396869.58,,,4,,fund balances: forward + receipts - disbursements = carried forward,,0,check failed,"v1: 2,711,371.31 vs printed 2,704,480.72 (+6,890.59) ; v2: 7,995,835.53 vs printed 6,543,358.01 (+1,452,477.52) ; v3: 7,083,504.22 vs printed 6,074,216.03 (+1,009,288.19) ; v4: 3,586,984.69 vs printed 3,173,622.70 (+413,361.99)"
2016,FY2016,SCHOOL DEPARTMENT,School Gift Fund,31,,FISCAL YEAR ENDING 6/30/16 ; FORWARD | TOTAL | TOTAL | BALANCE FWD ; PROGRAM NAME | 711/2015 | RECEIPTS | DISBURSEMENTS | 7/1/2016 ; GENERAL GOVERNMENT,72215.22,77373.34,54019.74,95568.82,,,4,,fund balances: forward + receipts - disbursements = carried forward,,0,check failed,"v1: 2,711,371.31 vs printed 2,704,480.72 (+6,890.59) ; v2: 7,995,835.53 vs printed 6,543,358.01 (+1,452,477.52) ; v3: 7,083,504.22 vs printed 6,074,216.03 (+1,009,288.19) ; v4: 3,586,984.69 vs printed 3,173,622.70 (+413,361.99)"
2016,FY2016,SCHOOL DEPARTMENT,Greenthumb Revolving,31,,FISCAL YEAR ENDING 6/30/16 ; FORWARD | TOTAL | TOTAL | BALANCE FWD ; PROGRAM NAME | 711/2015 | RECEIPTS | DISBURSEMENTS | 7/1/2016 ; GENERAL GOVERNMENT,3774.01,1395.90,5148.38,21.53,,,4,,fund balances: forward + receipts - disbursements = carried forward,,0,check failed,"v1: 2,711,371.31 vs printed 2,704,480.72 (+6,890.59) ; v2: 7,995,835.53 vs printed 6,543,358.01 (+1,452,477.52) ; v3: 7,083,504.22 vs printed 6,074,216.03 (+1,009,288.19) ; v4: 3,586,984.69 vs printed 3,173,622.70 (+413,361.99)"
2016,FY2016,SCHOOL DEPARTMENT,Custodian Special Details,31,,FISCAL YEAR ENDING 6/30/16 ; FORWARD | TOTAL | TOTAL | BALANCE FWD ; PROGRAM NAME | 711/2015 | RECEIPTS | DISBURSEMENTS | 7/1/2016 ; GENERAL GOVERNMENT,4721.10,13269.67,14673.98,3316.79,,,4,,fund balances: forward + receipts - disbursements = carried forward,,0,check failed,"v1: 2,711,371.31 vs printed 2,704,480.72 (+6,890.59) ; v2: 7,995,835.53 vs printed 6,543,358.01 (+1,452,477.52) ; v3: 7,083,504.22 vs printed 6,074,216.03 (+1,009,288.19) ; v4: 3,586,984.69 vs printed 3,173,622.70 (+413,361.99)"
2016,FY2016,SCHOOL DEPARTMENT,,31,,FISCAL YEAR ENDING 6/30/16 ; FORWARD | TOTAL | TOTAL | BALANCE FWD ; PROGRAM NAME | 711/2015 | RECEIPTS | DISBURSEMENTS | 7/1/2016 ; GENERAL GOVERNMENT,31.00,,,,,,1,,,,0,check failed,"v1: 2,711,371.31 vs printed 2,704,480.72 (+6,890.59) ; v2: 7,995,835.53 vs printed 6,543,358.01 (+1,452,477.52) ; v3: 7,083,504.22 vs printed 6,074,216.03 (+1,009,288.19) ; v4: 3,586,984.69 vs printed 3,173,622.70 (+413,361.99)"
2016,FY2016,SCHOOL DEPARTMENT,Tech Prep Consortium,32,,FISCAL YEAR ENDING 6/30/16 ; FORWARD | TOTAL | TOTAL | BALANCE FWD ; PROGRAM NAME | 711/2015 | RECEIPTS | DISBURSEMENTS | 7/1/2016 ; GENERAL GOVERNMENT,1450.00,,,1450.00,,,2,,,,0,check failed,"v1: 2,711,371.31 vs printed 2,704,480.72 (+6,890.59) ; v2: 7,995,835.53 vs printed 6,543,358.01 (+1,452,477.52) ; v3: 7,083,504.22 vs printed 6,074,216.03 (+1,009,288.19) ; v4: 3,586,984.69 vs printed 3,173,622.70 (+413,361.99)"
2016,FY2016,SCHOOL DEPARTMENT,BC/BS Healthy Choices,32,,FISCAL YEAR ENDING 6/30/16 ; FORWARD | TOTAL | TOTAL | BALANCE FWD ; PROGRAM NAME | 711/2015 | RECEIPTS | DISBURSEMENTS | 7/1/2016 ; GENERAL GOVERNMENT,94.65,,,94.65,,,2,,,,0,check failed,"v1: 2,711,371.31 vs printed 2,704,480.72 (+6,890.59) ; v2: 7,995,835.53 vs printed 6,543,358.01 (+1,452,477.52) ; v3: 7,083,504.22 vs printed 6,074,216.03 (+1,009,288.19) ; v4: 3,586,984.69 vs printed 3,173,622.70 (+413,361.99)"
2016,FY2016,SCHOOL DEPARTMENT,50/50 Grant Sped Tuitions,32,,FISCAL YEAR ENDING 6/30/16 ; FORWARD | TOTAL | TOTAL | BALANCE FWD ; PROGRAM NAME | 711/2015 | RECEIPTS | DISBURSEMENTS | 7/1/2016 ; GENERAL GOVERNMENT,-119894.01,962816.00,586891.16,256030.83,,,4,,fund balances: forward + receipts - disbursements = carried forward,,0,check failed,"v1: 2,711,371.31 vs printed 2,704,480.72 (+6,890.59) ; v2: 7,995,835.53 vs printed 6,543,358.01 (+1,452,477.52) ; v3: 7,083,504.22 vs printed 6,074,216.03 (+1,009,288.19) ; v4: 3,586,984.69 vs printed 3,173,622.70 (+413,361.99)"
2016,FY2016,SCHOOL DEPARTMENT,Insurance Recoveries - School,32,,FISCAL YEAR ENDING 6/30/16 ; FORWARD | TOTAL | TOTAL | BALANCE FWD ; PROGRAM NAME | 711/2015 | RECEIPTS | DISBURSEMENTS | 7/1/2016 ; GENERAL GOVERNMENT,2457.35,,,2457.35,,,2,,,,0,check failed,"v1: 2,711,371.31 vs printed 2,704,480.72 (+6,890.59) ; v2: 7,995,835.53 vs printed 6,543,358.01 (+1,452,477.52) ; v3: 7,083,504.22 vs printed 6,074,216.03 (+1,009,288.19) ; v4: 3,586,984.69 vs printed 3,173,622.70 (+413,361.99)"
2016,FY2016,SCHOOL DEPARTMENT,Extended Day Revolving Fund,32,,FISCAL YEAR ENDING 6/30/16 ; FORWARD | TOTAL | TOTAL | BALANCE FWD ; PROGRAM NAME | 711/2015 | RECEIPTS | DISBURSEMENTS | 7/1/2016 ; GENERAL GOVERNMENT,112884.10,300590.66,246943.94,166530.82,,,4,,fund balances: forward + receipts - disbursements = carried forward,,0,check failed,"v1: 2,711,371.31 vs printed 2,704,480.72 (+6,890.59) ; v2: 7,995,835.53 vs printed 6,543,358.01 (+1,452,477.52) ; v3: 7,083,504.22 vs printed 6,074,216.03 (+1,009,288.19) ; v4: 3,586,984.69 vs printed 3,173,622.70 (+413,361.99)"
2016,FY2016,SCHOOL DEPARTMENT,Vending Machine Revolving,32,,FISCAL YEAR ENDING 6/30/16 ; FORWARD | TOTAL | TOTAL | BALANCE FWD ; PROGRAM NAME | 711/2015 | RECEIPTS | DISBURSEMENTS | 7/1/2016 ; GENERAL GOVERNMENT,1954.71,,,1954.71,,,2,,,,0,check failed,"v1: 2,711,371.31 vs printed 2,704,480.72 (+6,890.59) ; v2: 7,995,835.53 vs printed 6,543,358.01 (+1,452,477.52) ; v3: 7,083,504.22 vs printed 6,074,216.03 (+1,009,288.19) ; v4: 3,586,984.69 vs printed 3,173,622.70 (+413,361.99)"
2016,FY2016,SCHOOL DEPARTMENT,Monbouquette Award,32,,FISCAL YEAR ENDING 6/30/16 ; FORWARD | TOTAL | TOTAL | BALANCE FWD ; PROGRAM NAME | 711/2015 | RECEIPTS | DISBURSEMENTS | 7/1/2016 ; GENERAL GOVERNMENT,3.81,,,3.81,,,2,,,,0,check failed,"v1: 2,711,371.31 vs printed 2,704,480.72 (+6,890.59) ; v2: 7,995,835.53 vs printed 6,543,358.01 (+1,452,477.52) ; v3: 7,083,504.22 vs printed 6,074,216.03 (+1,009,288.19) ; v4: 3,586,984.69 vs printed 3,173,622.70 (+413,361.99)"
2016,FY2016,SCHOOL DEPARTMENT,Tufts University Heat Grant,32,,FISCAL YEAR ENDING 6/30/16 ; FORWARD | TOTAL | TOTAL | BALANCE FWD ; PROGRAM NAME | 711/2015 | RECEIPTS | DISBURSEMENTS | 7/1/2016 ; GENERAL GOVERNMENT,113.45,,,113.45,,,2,,,,0,check failed,"v1: 2,711,371.31 vs printed 2,704,480.72 (+6,890.59) ; v2: 7,995,835.53 vs printed 6,543,358.01 (+1,452,477.52) ; v3: 7,083,504.22 vs printed 6,074,216.03 (+1,009,288.19) ; v4: 3,586,984.69 vs printed 3,173,622.70 (+413,361.99)"
2016,FY2016,SCHOOL DEPARTMENT,Underground Storage Tank Grant,32,,FISCAL YEAR ENDING 6/30/16 ; FORWARD | TOTAL | TOTAL | BALANCE FWD ; PROGRAM NAME | 711/2015 | RECEIPTS | DISBURSEMENTS | 7/1/2016 ; GENERAL GOVERNMENT,1500.00,,,1500.00,,,2,,,,0,check failed,"v1: 2,711,371.31 vs printed 2,704,480.72 (+6,890.59) ; v2: 7,995,835.53 vs printed 6,543,358.01 (+1,452,477.52) ; v3: 7,083,504.22 vs printed 6,074,216.03 (+1,009,288.19) ; v4: 3,586,984.69 vs printed 3,173,622.70 (+413,361.99)"
2016,FY2016,SCHOOL DEPARTMENT,Hach Scientific Foundation Grant,32,,FISCAL YEAR ENDING 6/30/16 ; FORWARD | TOTAL | TOTAL | BALANCE FWD ; PROGRAM NAME | 711/2015 | RECEIPTS | DISBURSEMENTS | 7/1/2016 ; GENERAL GOVERNMENT,90.61,,,90.61,,,2,,,,0,check failed,"v1: 2,711,371.31 vs printed 2,704,480.72 (+6,890.59) ; v2: 7,995,835.53 vs printed 6,543,358.01 (+1,452,477.52) ; v3: 7,083,504.22 vs printed 6,074,216.03 (+1,009,288.19) ; v4: 3,586,984.69 vs printed 3,173,622.70 (+413,361.99)"
2016,FY2016,SCHOOL DEPARTMENT,Family Network Gift Fund,32,,FISCAL YEAR ENDING 6/30/16 ; FORWARD | TOTAL | TOTAL | BALANCE FWD ; PROGRAM NAME | 711/2015 | RECEIPTS | DISBURSEMENTS | 7/1/2016 ; GENERAL GOVERNMENT,3576.86,,120.00,3456.86,,,3,,one cell missing; derivable from the row itself,"v2 = 0.00, from this fund's own other three columns",0,check failed,"v1: 2,711,371.31 vs printed 2,704,480.72 (+6,890.59) ; v2: 7,995,835.53 vs printed 6,543,358.01 (+1,452,477.52) ; v3: 7,083,504.22 vs printed 6,074,216.03 (+1,009,288.19) ; v4: 3,586,984.69 vs printed 3,173,622.70 (+413,361.99)"
2016,FY2016,SCHOOL DEPARTMENT,EECG Energy Efficiency Grant,32,,FISCAL YEAR ENDING 6/30/16 ; FORWARD | TOTAL | TOTAL | BALANCE FWD ; PROGRAM NAME | 711/2015 | RECEIPTS | DISBURSEMENTS | 7/1/2016 ; GENERAL GOVERNMENT,297.57,0.12,,297.69,,,3,,one cell missing; derivable from the row itself,"v3 = 0.00, from this fund's own other three columns",0,check failed,"v1: 2,711,371.31 vs printed 2,704,480.72 (+6,890.59) ; v2: 7,995,835.53 vs printed 6,543,358.01 (+1,452,477.52) ; v3: 7,083,504.22 vs printed 6,074,216.03 (+1,009,288.19) ; v4: 3,586,984.69 vs printed 3,173,622.70 (+413,361.99)"
2016,FY2016,SCHOOL DEPARTMENT,Full Day Kindergarten Grant,32,,FISCAL YEAR ENDING 6/30/16 ; FORWARD | TOTAL | TOTAL | BALANCE FWD ; PROGRAM NAME | 711/2015 | RECEIPTS | DISBURSEMENTS | 7/1/2016 ; GENERAL GOVERNMENT,0.00,36740.00,36740.00,0.00,,,4,,fund balances: forward + receipts - disbursements = carried forward,,0,check failed,"v1: 2,711,371.31 vs printed 2,704,480.72 (+6,890.59) ; v2: 7,995,835.53 vs printed 6,543,358.01 (+1,452,477.52) ; v3: 7,083,504.22 vs printed 6,074,216.03 (+1,009,288.19) ; v4: 3,586,984.69 vs printed 3,173,622.70 (+413,361.99)"
2016,FY2016,SCHOOL DEPARTMENT,Regional Dissemination Grant,32,,FISCAL YEAR ENDING 6/30/16 ; FORWARD | TOTAL | TOTAL | BALANCE FWD ; PROGRAM NAME | 711/2015 | RECEIPTS | DISBURSEMENTS | 7/1/2016 ; GENERAL GOVERNMENT,35.00,,,35.00,,,2,,,,0,check failed,"v1: 2,711,371.31 vs printed 2,704,480.72 (+6,890.59) ; v2: 7,995,835.53 vs printed 6,543,358.01 (+1,452,477.52) ; v3: 7,083,504.22 vs printed 6,074,216.03 (+1,009,288.19) ; v4: 3,586,984.69 vs printed 3,173,622.70 (+413,361.99)"
2016,FY2016,SCHOOL DEPARTMENT,Sped Early Childhood Grant,32,,FISCAL YEAR ENDING 6/30/16 ; FORWARD | TOTAL | TOTAL | BALANCE FWD ; PROGRAM NAME | 711/2015 | RECEIPTS | DISBURSEMENTS | 7/1/2016 ; GENERAL GOVERNMENT,0.00,11907.00,11907.00,0.00,,,4,,fund balances: forward + receipts - disbursements = carried forward,,0,check failed,"v1: 2,711,371.31 vs printed 2,704,480.72 (+6,890.59) ; v2: 7,995,835.53 vs printed 6,543,358.01 (+1,452,477.52) ; v3: 7,083,504.22 vs printed 6,074,216.03 (+1,009,288.19) ; v4: 3,586,984.69 vs printed 3,173,622.70 (+413,361.99)"
2016,FY2016,SCHOOL DEPARTMENT,Family & Community Grant,32,,FISCAL YEAR ENDING 6/30/16 ; FORWARD | TOTAL | TOTAL | BALANCE FWD ; PROGRAM NAME | 711/2015 | RECEIPTS | DISBURSEMENTS | 7/1/2016 ; GENERAL GOVERNMENT,0.00,37500.00,37500.00,0.00,,,4,,fund balances: forward + receipts - disbursements = carried forward,,0,check failed,"v1: 2,711,371.31 vs printed 2,704,480.72 (+6,890.59) ; v2: 7,995,835.53 vs printed 6,543,358.01 (+1,452,477.52) ; v3: 7,083,504.22 vs printed 6,074,216.03 (+1,009,288.19) ; v4: 3,586,984.69 vs printed 3,173,622.70 (+413,361.99)"
2016,FY2016,SCHOOL DEPARTMENT,Early Childhood Sped Program Improvements,32,yes,FISCAL YEAR ENDING 6/30/16 ; FORWARD | TOTAL | TOTAL | BALANCE FWD ; PROGRAM NAME | 711/2015 | RECEIPTS | DISBURSEMENTS | 7/1/2016 ; GENERAL GOVERNMENT,0.00,2000.00,2000.00,0.00,,,4,,fund balances: forward + receipts - disbursements = carried forward,,0,check failed,"v1: 2,711,371.31 vs printed 2,704,480.72 (+6,890.59) ; v2: 7,995,835.53 vs printed 6,543,358.01 (+1,452,477.52) ; v3: 7,083,504.22 vs printed 6,074,216.03 (+1,009,288.19) ; v4: 3,586,984.69 vs printed 3,173,622.70 (+413,361.99)"
2016,FY2016,SCHOOL DEPARTMENT,Secondary Transition Grant,32,,FISCAL YEAR ENDING 6/30/16 ; FORWARD | TOTAL | TOTAL | BALANCE FWD ; PROGRAM NAME | 711/2015 | RECEIPTS | DISBURSEMENTS | 7/1/2016 ; GENERAL GOVERNMENT,0.00,2000.00,670.88,1329.12,,,4,,fund balances: forward + receipts - disbursements = carried forward,,0,check failed,"v1: 2,711,371.31 vs printed 2,704,480.72 (+6,890.59) ; v2: 7,995,835.53 vs printed 6,543,358.01 (+1,452,477.52) ; v3: 7,083,504.22 vs printed 6,074,216.03 (+1,009,288.19) ; v4: 3,586,984.69 vs printed 3,173,622.70 (+413,361.99)"
2016,FY2016,SCHOOL DEPARTMENT,Sped Program Improvement Grant,32,,FISCAL YEAR ENDING 6/30/16 ; FORWARD | TOTAL | TOTAL | BALANCE FWD ; PROGRAM NAME | 711/2015 | RECEIPTS | DISBURSEMENTS | 7/1/2016 ; GENERAL GOVERNMENT,230.72,12818.00,13015.71,33.01,,,4,,fund balances: forward + receipts - disbursements = carried forward,,0,check failed,"v1: 2,711,371.31 vs printed 2,704,480.72 (+6,890.59) ; v2: 7,995,835.53 vs printed 6,543,358.01 (+1,452,477.52) ; v3: 7,083,504.22 vs printed 6,074,216.03 (+1,009,288.19) ; v4: 3,586,984.69 vs printed 3,173,622.70 (+413,361.99)"
2016,FY2016,SCHOOL DEPARTMENT,Early Childhood Program Improvement,32,,FISCAL YEAR ENDING 6/30/16 ; FORWARD | TOTAL | TOTAL | BALANCE FWD ; PROGRAM NAME | 711/2015 | RECEIPTS | DISBURSEMENTS | 7/1/2016 ; GENERAL GOVERNMENT,426.00,4574.00,5000.00,0.00,,,4,,fund balances: forward + receipts - disbursements = carried forward,,0,check failed,"v1: 2,711,371.31 vs printed 2,704,480.72 (+6,890.59) ; v2: 7,995,835.53 vs printed 6,543,358.01 (+1,452,477.52) ; v3: 7,083,504.22 vs printed 6,074,216.03 (+1,009,288.19) ; v4: 3,586,984.69 vs printed 3,173,622.70 (+413,361.99)"
2016,FY2016,SCHOOL DEPARTMENT,Teacher Quality,32,,FISCAL YEAR ENDING 6/30/16 ; FORWARD | TOTAL | TOTAL | BALANCE FWD ; PROGRAM NAME | 711/2015 | RECEIPTS | DISBURSEMENTS | 7/1/2016 ; GENERAL GOVERNMENT,,41900.00,31963.00,0.00,,,3,,one cell missing; derivable from the row itself,"v1 = -9,937.00, from this fund's own other three columns",0,check failed,"v1: 2,711,371.31 vs printed 2,704,480.72 (+6,890.59) ; v2: 7,995,835.53 vs printed 6,543,358.01 (+1,452,477.52) ; v3: 7,083,504.22 vs printed 6,074,216.03 (+1,009,288.19) ; v4: 3,586,984.69 vs printed 3,173,622.70 (+413,361.99)"
2016,FY2016,SCHOOL DEPARTMENT,SBIRT Grant,32,,FISCAL YEAR ENDING 6/30/16 ; FORWARD | TOTAL | TOTAL | BALANCE FWD ; PROGRAM NAME | 711/2015 | RECEIPTS | DISBURSEMENTS | 7/1/2016 ; GENERAL GOVERNMENT,0.00,2612.00,2612.00,0.00,,,4,,fund balances: forward + receipts - disbursements = carried forward,,0,check failed,"v1: 2,711,371.31 vs printed 2,704,480.72 (+6,890.59) ; v2: 7,995,835.53 vs printed 6,543,358.01 (+1,452,477.52) ; v3: 7,083,504.22 vs printed 6,074,216.03 (+1,009,288.19) ; v4: 3,586,984.69 vs printed 3,173,622.70 (+413,361.99)"
2016,FY2016,SCHOOL DEPARTMENT,LS Innovation Award,32,,FISCAL YEAR ENDING 6/30/16 ; FORWARD | TOTAL | TOTAL | BALANCE FWD ; PROGRAM NAME | 711/2015 | RECEIPTS | DISBURSEMENTS | 7/1/2016 ; GENERAL GOVERNMENT,0.00,1000.00,1000.00,0.00,,,4,,fund balances: forward + receipts - disbursements = carried forward,,0,check failed,"v1: 2,711,371.31 vs printed 2,704,480.72 (+6,890.59) ; v2: 7,995,835.53 vs printed 6,543,358.01 (+1,452,477.52) ; v3: 7,083,504.22 vs printed 6,074,216.03 (+1,009,288.19) ; v4: 3,586,984.69 vs printed 3,173,622.70 (+413,361.99)"
2016,FY2016,SCHOOL DEPARTMENT,Student Transportation Offset Fund,32,yes,FISCAL YEAR ENDING 6/30/16 ; FORWARD | TOTAL | TOTAL | BALANCE FWD ; PROGRAM NAME | 711/2015 | RECEIPTS | DISBURSEMENTS | 7/1/2016 ; GENERAL GOVERNMENT,0.00,32163.50,32163.50,0.00,,,4,,fund balances: forward + receipts - disbursements = carried forward,,0,check failed,"v1: 2,711,371.31 vs printed 2,704,480.72 (+6,890.59) ; v2: 7,995,835.53 vs printed 6,543,358.01 (+1,452,477.52) ; v3: 7,083,504.22 vs printed 6,074,216.03 (+1,009,288.19) ; v4: 3,586,984.69 vs printed 3,173,622.70 (+413,361.99)"
2016,FY2016,PUBLIC SAFETY,Insurance Recoveries - Police,32,,FISCAL YEAR ENDING 6/30/16 ; FORWARD | TOTAL | TOTAL | BALANCE FWD ; PROGRAM NAME | 711/2015 | RECEIPTS | DISBURSEMENTS | 7/1/2016 ; GENERAL GOVERNMENT,1496.25,3856.24,761.00,4591.49,,,4,,fund balances: forward + receipts - disbursements = carried forward,,0,check failed,"v1: 2,711,371.31 vs printed 2,704,480.72 (+6,890.59) ; v2: 7,995,835.53 vs printed 6,543,358.01 (+1,452,477.52) ; v3: 7,083,504.22 vs printed 6,074,216.03 (+1,009,288.19) ; v4: 3,586,984.69 vs printed 3,173,622.70 (+413,361.99)"
2016,FY2016,PUBLIC SAFETY,Community Policing FY 96,32,,FISCAL YEAR ENDING 6/30/16 ; FORWARD | TOTAL | TOTAL | BALANCE FWD ; PROGRAM NAME | 711/2015 | RECEIPTS | DISBURSEMENTS | 7/1/2016 ; GENERAL GOVERNMENT,6.55,,,6.55,,,2,,,,0,check failed,"v1: 2,711,371.31 vs printed 2,704,480.72 (+6,890.59) ; v2: 7,995,835.53 vs printed 6,543,358.01 (+1,452,477.52) ; v3: 7,083,504.22 vs printed 6,074,216.03 (+1,009,288.19) ; v4: 3,586,984.69 vs printed 3,173,622.70 (+413,361.99)"
2016,FY2016,PUBLIC SAFETY,Community Policing FY 97,32,,FISCAL YEAR ENDING 6/30/16 ; FORWARD | TOTAL | TOTAL | BALANCE FWD ; PROGRAM NAME | 711/2015 | RECEIPTS | DISBURSEMENTS | 7/1/2016 ; GENERAL GOVERNMENT,1.97,,,1.97,,,2,,,,0,check failed,"v1: 2,711,371.31 vs printed 2,704,480.72 (+6,890.59) ; v2: 7,995,835.53 vs printed 6,543,358.01 (+1,452,477.52) ; v3: 7,083,504.22 vs printed 6,074,216.03 (+1,009,288.19) ; v4: 3,586,984.69 vs printed 3,173,622.70 (+413,361.99)"
2016,FY2016,PUBLIC SAFETY,,32,,FISCAL YEAR ENDING 6/30/16 ; FORWARD | TOTAL | TOTAL | BALANCE FWD ; PROGRAM NAME | 711/2015 | RECEIPTS | DISBURSEMENTS | 7/1/2016 ; GENERAL GOVERNMENT,32.00,,,,,,1,,,,0,check failed,"v1: 2,711,371.31 vs printed 2,704,480.72 (+6,890.59) ; v2: 7,995,835.53 vs printed 6,543,358.01 (+1,452,477.52) ; v3: 7,083,504.22 vs printed 6,074,216.03 (+1,009,288.19) ; v4: 3,586,984.69 vs printed 3,173,622.70 (+413,361.99)"
2016,FY2016,SCHOOL DEPARTMENT,Tech Prep Consortium,33,,FISCAL YEAR ENDING 6/30/16 ; FORWARD | TOTAL | TOTAL | BALANCE FWD ; PROGRAM NAME | 711/2015 | RECEIPTS | DISBURSEMENTS | 7/1/2016 ; GENERAL GOVERNMENT,1450.00,,,1450.00,,,2,,,,0,check failed,"v1: 2,711,371.31 vs printed 2,704,480.72 (+6,890.59) ; v2: 7,995,835.53 vs printed 6,543,358.01 (+1,452,477.52) ; v3: 7,083,504.22 vs printed 6,074,216.03 (+1,009,288.19) ; v4: 3,586,984.69 vs printed 3,173,622.70 (+413,361.99)"
2016,FY2016,SCHOOL DEPARTMENT,BC/BS Healthy Choices,33,,FISCAL YEAR ENDING 6/30/16 ; FORWARD | TOTAL | TOTAL | BALANCE FWD ; PROGRAM NAME | 711/2015 | RECEIPTS | DISBURSEMENTS | 7/1/2016 ; GENERAL GOVERNMENT,94.65,,,94.65,,,2,,,,0,check failed,"v1: 2,711,371.31 vs printed 2,704,480.72 (+6,890.59) ; v2: 7,995,835.53 vs printed 6,543,358.01 (+1,452,477.52) ; v3: 7,083,504.22 vs printed 6,074,216.03 (+1,009,288.19) ; v4: 3,586,984.69 vs printed 3,173,622.70 (+413,361.99)"
2016,FY2016,SCHOOL DEPARTMENT,50/50 Grant Sped Tuitions,33,,FISCAL YEAR ENDING 6/30/16 ; FORWARD | TOTAL | TOTAL | BALANCE FWD ; PROGRAM NAME | 711/2015 | RECEIPTS | DISBURSEMENTS | 7/1/2016 ; GENERAL GOVERNMENT,-119894.01,962816.00,586891.16,256030.83,,,4,,fund balances: forward + receipts - disbursements = carried forward,,0,check failed,"v1: 2,711,371.31 vs printed 2,704,480.72 (+6,890.59) ; v2: 7,995,835.53 vs printed 6,543,358.01 (+1,452,477.52) ; v3: 7,083,504.22 vs printed 6,074,216.03 (+1,009,288.19) ; v4: 3,586,984.69 vs printed 3,173,622.70 (+413,361.99)"
2016,FY2016,SCHOOL DEPARTMENT,Insurance Recoveries - School,33,,FISCAL YEAR ENDING 6/30/16 ; FORWARD | TOTAL | TOTAL | BALANCE FWD ; PROGRAM NAME | 711/2015 | RECEIPTS | DISBURSEMENTS | 7/1/2016 ; GENERAL GOVERNMENT,2457.35,,,2457.35,,,2,,,,0,check failed,"v1: 2,711,371.31 vs printed 2,704,480.72 (+6,890.59) ; v2: 7,995,835.53 vs printed 6,543,358.01 (+1,452,477.52) ; v3: 7,083,504.22 vs printed 6,074,216.03 (+1,009,288.19) ; v4: 3,586,984.69 vs printed 3,173,622.70 (+413,361.99)"
2016,FY2016,SCHOOL DEPARTMENT,Extended Day Revolving Fund,33,,FISCAL YEAR ENDING 6/30/16 ; FORWARD | TOTAL | TOTAL | BALANCE FWD ; PROGRAM NAME | 711/2015 | RECEIPTS | DISBURSEMENTS | 7/1/2016 ; GENERAL GOVERNMENT,112884.10,300590.66,246943.94,166530.82,,,4,,fund balances: forward + receipts - disbursements = carried forward,,0,check failed,"v1: 2,711,371.31 vs printed 2,704,480.72 (+6,890.59) ; v2: 7,995,835.53 vs printed 6,543,358.01 (+1,452,477.52) ; v3: 7,083,504.22 vs printed 6,074,216.03 (+1,009,288.19) ; v4: 3,586,984.69 vs printed 3,173,622.70 (+413,361.99)"
2016,FY2016,SCHOOL DEPARTMENT,Vending Machine Revolving,33,,FISCAL YEAR ENDING 6/30/16 ; FORWARD | TOTAL | TOTAL | BALANCE FWD ; PROGRAM NAME | 711/2015 | RECEIPTS | DISBURSEMENTS | 7/1/2016 ; GENERAL GOVERNMENT,1954.71,,,1954.71,,,2,,,,0,check failed,"v1: 2,711,371.31 vs printed 2,704,480.72 (+6,890.59) ; v2: 7,995,835.53 vs printed 6,543,358.01 (+1,452,477.52) ; v3: 7,083,504.22 vs printed 6,074,216.03 (+1,009,288.19) ; v4: 3,586,984.69 vs printed 3,173,622.70 (+413,361.99)"
2016,FY2016,SCHOOL DEPARTMENT,Monbouquette Award,33,,FISCAL YEAR ENDING 6/30/16 ; FORWARD | TOTAL | TOTAL | BALANCE FWD ; PROGRAM NAME | 711/2015 | RECEIPTS | DISBURSEMENTS | 7/1/2016 ; GENERAL GOVERNMENT,3.81,,,3.81,,,2,,,,0,check failed,"v1: 2,711,371.31 vs printed 2,704,480.72 (+6,890.59) ; v2: 7,995,835.53 vs printed 6,543,358.01 (+1,452,477.52) ; v3: 7,083,504.22 vs printed 6,074,216.03 (+1,009,288.19) ; v4: 3,586,984.69 vs printed 3,173,622.70 (+413,361.99)"
2016,FY2016,SCHOOL DEPARTMENT,Tufts University Heat Grant,33,,FISCAL YEAR ENDING 6/30/16 ; FORWARD | TOTAL | TOTAL | BALANCE FWD ; PROGRAM NAME | 711/2015 | RECEIPTS | DISBURSEMENTS | 7/1/2016 ; GENERAL GOVERNMENT,113.45,,,113.45,,,2,,,,0,check failed,"v1: 2,711,371.31 vs printed 2,704,480.72 (+6,890.59) ; v2: 7,995,835.53 vs printed 6,543,358.01 (+1,452,477.52) ; v3: 7,083,504.22 vs printed 6,074,216.03 (+1,009,288.19) ; v4: 3,586,984.69 vs printed 3,173,622.70 (+413,361.99)"
2016,FY2016,SCHOOL DEPARTMENT,Underground Storage Tank Grant,33,,FISCAL YEAR ENDING 6/30/16 ; FORWARD | TOTAL | TOTAL | BALANCE FWD ; PROGRAM NAME | 711/2015 | RECEIPTS | DISBURSEMENTS | 7/1/2016 ; GENERAL GOVERNMENT,1500.00,,,1500.00,,,2,,,,0,check failed,"v1: 2,711,371.31 vs printed 2,704,480.72 (+6,890.59) ; v2: 7,995,835.53 vs printed 6,543,358.01 (+1,452,477.52) ; v3: 7,083,504.22 vs printed 6,074,216.03 (+1,009,288.19) ; v4: 3,586,984.69 vs printed 3,173,622.70 (+413,361.99)"
2016,FY2016,SCHOOL DEPARTMENT,Hach Scientific Foundation Grant,33,,FISCAL YEAR ENDING 6/30/16 ; FORWARD | TOTAL | TOTAL | BALANCE FWD ; PROGRAM NAME | 711/2015 | RECEIPTS | DISBURSEMENTS | 7/1/2016 ; GENERAL GOVERNMENT,90.61,,,90.61,,,2,,,,0,check failed,"v1: 2,711,371.31 vs printed 2,704,480.72 (+6,890.59) ; v2: 7,995,835.53 vs printed 6,543,358.01 (+1,452,477.52) ; v3: 7,083,504.22 vs printed 6,074,216.03 (+1,009,288.19) ; v4: 3,586,984.69 vs printed 3,173,622.70 (+413,361.99)"
2016,FY2016,SCHOOL DEPARTMENT,Family Network Gift Fund,33,,FISCAL YEAR ENDING 6/30/16 ; FORWARD | TOTAL | TOTAL | BALANCE FWD ; PROGRAM NAME | 711/2015 | RECEIPTS | DISBURSEMENTS | 7/1/2016 ; GENERAL GOVERNMENT,3576.86,,120.00,3456.86,,,3,,one cell missing; derivable from the row itself,"v2 = 0.00, from this fund's own other three columns",0,check failed,"v1: 2,711,371.31 vs printed 2,704,480.72 (+6,890.59) ; v2: 7,995,835.53 vs printed 6,543,358.01 (+1,452,477.52) ; v3: 7,083,504.22 vs printed 6,074,216.03 (+1,009,288.19) ; v4: 3,586,984.69 vs printed 3,173,622.70 (+413,361.99)"
2016,FY2016,SCHOOL DEPARTMENT,EECG Energy Efficiency Grant,33,,FISCAL YEAR ENDING 6/30/16 ; FORWARD | TOTAL | TOTAL | BALANCE FWD ; PROGRAM NAME | 711/2015 | RECEIPTS | DISBURSEMENTS | 7/1/2016 ; GENERAL GOVERNMENT,297.57,0.12,,297.69,,,3,,one cell missing; derivable from the row itself,"v3 = 0.00, from this fund's own other three columns",0,check failed,"v1: 2,711,371.31 vs printed 2,704,480.72 (+6,890.59) ; v2: 7,995,835.53 vs printed 6,543,358.01 (+1,452,477.52) ; v3: 7,083,504.22 vs printed 6,074,216.03 (+1,009,288.19) ; v4: 3,586,984.69 vs printed 3,173,622.70 (+413,361.99)"
2016,FY2016,SCHOOL DEPARTMENT,Full Day Kindergarten Grant,33,,FISCAL YEAR ENDING 6/30/16 ; FORWARD | TOTAL | TOTAL | BALANCE FWD ; PROGRAM NAME | 711/2015 | RECEIPTS | DISBURSEMENTS | 7/1/2016 ; GENERAL GOVERNMENT,0.00,36740.00,36740.00,0.00,,,4,,fund balances: forward + receipts - disbursements = carried forward,,0,check failed,"v1: 2,711,371.31 vs printed 2,704,480.72 (+6,890.59) ; v2: 7,995,835.53 vs printed 6,543,358.01 (+1,452,477.52) ; v3: 7,083,504.22 vs printed 6,074,216.03 (+1,009,288.19) ; v4: 3,586,984.69 vs printed 3,173,622.70 (+413,361.99)"
2016,FY2016,SCHOOL DEPARTMENT,Regional Dissemination Grant,33,,FISCAL YEAR ENDING 6/30/16 ; FORWARD | TOTAL | TOTAL | BALANCE FWD ; PROGRAM NAME | 711/2015 | RECEIPTS | DISBURSEMENTS | 7/1/2016 ; GENERAL GOVERNMENT,35.00,,,35.00,,,2,,,,0,check failed,"v1: 2,711,371.31 vs printed 2,704,480.72 (+6,890.59) ; v2: 7,995,835.53 vs printed 6,543,358.01 (+1,452,477.52) ; v3: 7,083,504.22 vs printed 6,074,216.03 (+1,009,288.19) ; v4: 3,586,984.69 vs printed 3,173,622.70 (+413,361.99)"
2016,FY2016,SCHOOL DEPARTMENT,Sped Early Childhood Grant,33,,FISCAL YEAR ENDING 6/30/16 ; FORWARD | TOTAL | TOTAL | BALANCE FWD ; PROGRAM NAME | 711/2015 | RECEIPTS | DISBURSEMENTS | 7/1/2016 ; GENERAL GOVERNMENT,0.00,11907.00,11907.00,0.00,,,4,,fund balances: forward + receipts - disbursements = carried forward,,0,check failed,"v1: 2,711,371.31 vs printed 2,704,480.72 (+6,890.59) ; v2: 7,995,835.53 vs printed 6,543,358.01 (+1,452,477.52) ; v3: 7,083,504.22 vs printed 6,074,216.03 (+1,009,288.19) ; v4: 3,586,984.69 vs printed 3,173,622.70 (+413,361.99)"
2016,FY2016,SCHOOL DEPARTMENT,Family & Community Grant,33,,FISCAL YEAR ENDING 6/30/16 ; FORWARD | TOTAL | TOTAL | BALANCE FWD ; PROGRAM NAME | 711/2015 | RECEIPTS | DISBURSEMENTS | 7/1/2016 ; GENERAL GOVERNMENT,0.00,37500.00,37500.00,0.00,,,4,,fund balances: forward + receipts - disbursements = carried forward,,0,check failed,"v1: 2,711,371.31 vs printed 2,704,480.72 (+6,890.59) ; v2: 7,995,835.53 vs printed 6,543,358.01 (+1,452,477.52) ; v3: 7,083,504.22 vs printed 6,074,216.03 (+1,009,288.19) ; v4: 3,586,984.69 vs printed 3,173,622.70 (+413,361.99)"
2016,FY2016,SCHOOL DEPARTMENT,Early Childhood Sped Program Improvements,33,yes,FISCAL YEAR ENDING 6/30/16 ; FORWARD | TOTAL | TOTAL | BALANCE FWD ; PROGRAM NAME | 711/2015 | RECEIPTS | DISBURSEMENTS | 7/1/2016 ; GENERAL GOVERNMENT,0.00,2000.00,2000.00,0.00,,,4,,fund balances: forward + receipts - disbursements = carried forward,,0,check failed,"v1: 2,711,371.31 vs printed 2,704,480.72 (+6,890.59) ; v2: 7,995,835.53 vs printed 6,543,358.01 (+1,452,477.52) ; v3: 7,083,504.22 vs printed 6,074,216.03 (+1,009,288.19) ; v4: 3,586,984.69 vs printed 3,173,622.70 (+413,361.99)"
2016,FY2016,SCHOOL DEPARTMENT,Secondary Transition Grant,33,,FISCAL YEAR ENDING 6/30/16 ; FORWARD | TOTAL | TOTAL | BALANCE FWD ; PROGRAM NAME | 711/2015 | RECEIPTS | DISBURSEMENTS | 7/1/2016 ; GENERAL GOVERNMENT,0.00,2000.00,670.88,1329.12,,,4,,fund balances: forward + receipts - disbursements = carried forward,,0,check failed,"v1: 2,711,371.31 vs printed 2,704,480.72 (+6,890.59) ; v2: 7,995,835.53 vs printed 6,543,358.01 (+1,452,477.52) ; v3: 7,083,504.22 vs printed 6,074,216.03 (+1,009,288.19) ; v4: 3,586,984.69 vs printed 3,173,622.70 (+413,361.99)"
2016,FY2016,SCHOOL DEPARTMENT,Sped Program Improvement Grant,33,,FISCAL YEAR ENDING 6/30/16 ; FORWARD | TOTAL | TOTAL | BALANCE FWD ; PROGRAM NAME | 711/2015 | RECEIPTS | DISBURSEMENTS | 7/1/2016 ; GENERAL GOVERNMENT,230.72,12818.00,13015.71,33.01,,,4,,fund balances: forward + receipts - disbursements = carried forward,,0,check failed,"v1: 2,711,371.31 vs printed 2,704,480.72 (+6,890.59) ; v2: 7,995,835.53 vs printed 6,543,358.01 (+1,452,477.52) ; v3: 7,083,504.22 vs printed 6,074,216.03 (+1,009,288.19) ; v4: 3,586,984.69 vs printed 3,173,622.70 (+413,361.99)"
2016,FY2016,SCHOOL DEPARTMENT,Early Childhood Program Improvement,33,,FISCAL YEAR ENDING 6/30/16 ; FORWARD | TOTAL | TOTAL | BALANCE FWD ; PROGRAM NAME | 711/2015 | RECEIPTS | DISBURSEMENTS | 7/1/2016 ; GENERAL GOVERNMENT,426.00,4574.00,5000.00,0.00,,,4,,fund balances: forward + receipts - disbursements = carried forward,,0,check failed,"v1: 2,711,371.31 vs printed 2,704,480.72 (+6,890.59) ; v2: 7,995,835.53 vs printed 6,543,358.01 (+1,452,477.52) ; v3: 7,083,504.22 vs printed 6,074,216.03 (+1,009,288.19) ; v4: 3,586,984.69 vs printed 3,173,622.70 (+413,361.99)"
2016,FY2016,SCHOOL DEPARTMENT,Teacher Quality,33,,FISCAL YEAR ENDING 6/30/16 ; FORWARD | TOTAL | TOTAL | BALANCE FWD ; PROGRAM NAME | 711/2015 | RECEIPTS | DISBURSEMENTS | 7/1/2016 ; GENERAL GOVERNMENT,-9937.00,41900.00,31963.00,0.00,,,4,,fund balances: forward + receipts - disbursements = carried forward,,0,check failed,"v1: 2,711,371.31 vs printed 2,704,480.72 (+6,890.59) ; v2: 7,995,835.53 vs printed 6,543,358.01 (+1,452,477.52) ; v3: 7,083,504.22 vs printed 6,074,216.03 (+1,009,288.19) ; v4: 3,586,984.69 vs printed 3,173,622.70 (+413,361.99)"
2016,FY2016,SCHOOL DEPARTMENT,SBIRT Grant,33,,FISCAL YEAR ENDING 6/30/16 ; FORWARD | TOTAL | TOTAL | BALANCE FWD ; PROGRAM NAME | 711/2015 | RECEIPTS | DISBURSEMENTS | 7/1/2016 ; GENERAL GOVERNMENT,0.00,2612.00,2612.00,0.00,,,4,,fund balances: forward + receipts - disbursements = carried forward,,0,check failed,"v1: 2,711,371.31 vs printed 2,704,480.72 (+6,890.59) ; v2: 7,995,835.53 vs printed 6,543,358.01 (+1,452,477.52) ; v3: 7,083,504.22 vs printed 6,074,216.03 (+1,009,288.19) ; v4: 3,586,984.69 vs printed 3,173,622.70 (+413,361.99)"
2016,FY2016,SCHOOL DEPARTMENT,LS Innovation Award,33,,FISCAL YEAR ENDING 6/30/16 ; FORWARD | TOTAL | TOTAL | BALANCE FWD ; PROGRAM NAME | 711/2015 | RECEIPTS | DISBURSEMENTS | 7/1/2016 ; GENERAL GOVERNMENT,0.00,1000.00,1000.00,0.00,,,4,,fund balances: forward + receipts - disbursements = carried forward,,0,check failed,"v1: 2,711,371.31 vs printed 2,704,480.72 (+6,890.59) ; v2: 7,995,835.53 vs printed 6,543,358.01 (+1,452,477.52) ; v3: 7,083,504.22 vs printed 6,074,216.03 (+1,009,288.19) ; v4: 3,586,984.69 vs printed 3,173,622.70 (+413,361.99)"
2016,FY2016,SCHOOL DEPARTMENT,Student Transportation Offset Fund,33,yes,FISCAL YEAR ENDING 6/30/16 ; FORWARD | TOTAL | TOTAL | BALANCE FWD ; PROGRAM NAME | 711/2015 | RECEIPTS | DISBURSEMENTS | 7/1/2016 ; GENERAL GOVERNMENT,0.00,32163.50,32163.50,0.00,,,4,,fund balances: forward + receipts - disbursements = carried forward,,0,check failed,"v1: 2,711,371.31 vs printed 2,704,480.72 (+6,890.59) ; v2: 7,995,835.53 vs printed 6,543,358.01 (+1,452,477.52) ; v3: 7,083,504.22 vs printed 6,074,216.03 (+1,009,288.19) ; v4: 3,586,984.69 vs printed 3,173,622.70 (+413,361.99)"
2016,FY2016,PUBLIC SAFETY,Insurance Recoveries - Police,33,,FISCAL YEAR ENDING 6/30/16 ; FORWARD | TOTAL | TOTAL | BALANCE FWD ; PROGRAM NAME | 711/2015 | RECEIPTS | DISBURSEMENTS | 7/1/2016 ; GENERAL GOVERNMENT,1496.25,3856.24,761.00,4591.49,,,4,,fund balances: forward + receipts - disbursements = carried forward,,0,check failed,"v1: 2,711,371.31 vs printed 2,704,480.72 (+6,890.59) ; v2: 7,995,835.53 vs printed 6,543,358.01 (+1,452,477.52) ; v3: 7,083,504.22 vs printed 6,074,216.03 (+1,009,288.19) ; v4: 3,586,984.69 vs printed 3,173,622.70 (+413,361.99)"
2016,FY2016,PUBLIC SAFETY,Community Policing FY 96,33,,FISCAL YEAR ENDING 6/30/16 ; FORWARD | TOTAL | TOTAL | BALANCE FWD ; PROGRAM NAME | 711/2015 | RECEIPTS | DISBURSEMENTS | 7/1/2016 ; GENERAL GOVERNMENT,6.55,,,6.55,,,2,,,,0,check failed,"v1: 2,711,371.31 vs printed 2,704,480.72 (+6,890.59) ; v2: 7,995,835.53 vs printed 6,543,358.01 (+1,452,477.52) ; v3: 7,083,504.22 vs printed 6,074,216.03 (+1,009,288.19) ; v4: 3,586,984.69 vs printed 3,173,622.70 (+413,361.99)"
2016,FY2016,PUBLIC SAFETY,,33,,FISCAL YEAR ENDING 6/30/16 ; FORWARD | TOTAL | TOTAL | BALANCE FWD ; PROGRAM NAME | 711/2015 | RECEIPTS | DISBURSEMENTS | 7/1/2016 ; GENERAL GOVERNMENT,33.00,,,,,,1,,,,0,check failed,"v1: 2,711,371.31 vs printed 2,704,480.72 (+6,890.59) ; v2: 7,995,835.53 vs printed 6,543,358.01 (+1,452,477.52) ; v3: 7,083,504.22 vs printed 6,074,216.03 (+1,009,288.19) ; v4: 3,586,984.69 vs printed 3,173,622.70 (+413,361.99)"
2016,FY2016,PUBLIC SAFETY,Community Policing FY 97,34,,FISCAL YEAR ENDING 6/30/16 ; FORWARD | TOTAL | TOTAL | BALANCE FWD ; PROGRAM NAME | 711/2015 | RECEIPTS | DISBURSEMENTS | 7/1/2016 ; GENERAL GOVERNMENT,1.97,,,1.97,,,2,,,,0,check failed,"v1: 2,711,371.31 vs printed 2,704,480.72 (+6,890.59) ; v2: 7,995,835.53 vs printed 6,543,358.01 (+1,452,477.52) ; v3: 7,083,504.22 vs printed 6,074,216.03 (+1,009,288.19) ; v4: 3,586,984.69 vs printed 3,173,622.70 (+413,361.99)"
2016,FY2016,PUBLIC SAFETY,Community Policing FY 98,34,,FISCAL YEAR ENDING 6/30/16 ; FORWARD | TOTAL | TOTAL | BALANCE FWD ; PROGRAM NAME | 711/2015 | RECEIPTS | DISBURSEMENTS | 7/1/2016 ; GENERAL GOVERNMENT,0.66,,,0.66,,,2,,,,0,check failed,"v1: 2,711,371.31 vs printed 2,704,480.72 (+6,890.59) ; v2: 7,995,835.53 vs printed 6,543,358.01 (+1,452,477.52) ; v3: 7,083,504.22 vs printed 6,074,216.03 (+1,009,288.19) ; v4: 3,586,984.69 vs printed 3,173,622.70 (+413,361.99)"
2016,FY2016,PUBLIC SAFETY,Drug Forfeiture,34,,FISCAL YEAR ENDING 6/30/16 ; FORWARD | TOTAL | TOTAL | BALANCE FWD ; PROGRAM NAME | 711/2015 | RECEIPTS | DISBURSEMENTS | 7/1/2016 ; GENERAL GOVERNMENT,7227.25,3738.00,6149.13,4816.12,,,4,,fund balances: forward + receipts - disbursements = carried forward,,0,check failed,"v1: 2,711,371.31 vs printed 2,704,480.72 (+6,890.59) ; v2: 7,995,835.53 vs printed 6,543,358.01 (+1,452,477.52) ; v3: 7,083,504.22 vs printed 6,074,216.03 (+1,009,288.19) ; v4: 3,586,984.69 vs printed 3,173,622.70 (+413,361.99)"
2016,FY2016,PUBLIC SAFETY,D.A.R.E. Grant FY 97,34,,FISCAL YEAR ENDING 6/30/16 ; FORWARD | TOTAL | TOTAL | BALANCE FWD ; PROGRAM NAME | 711/2015 | RECEIPTS | DISBURSEMENTS | 7/1/2016 ; GENERAL GOVERNMENT,34.85,,,34.85,,,2,,,,0,check failed,"v1: 2,711,371.31 vs printed 2,704,480.72 (+6,890.59) ; v2: 7,995,835.53 vs printed 6,543,358.01 (+1,452,477.52) ; v3: 7,083,504.22 vs printed 6,074,216.03 (+1,009,288.19) ; v4: 3,586,984.69 vs printed 3,173,622.70 (+413,361.99)"
2016,FY2016,PUBLIC SAFETY,D.A.R.E. I Grant FY 97,34,,FISCAL YEAR ENDING 6/30/16 ; FORWARD | TOTAL | TOTAL | BALANCE FWD ; PROGRAM NAME | 711/2015 | RECEIPTS | DISBURSEMENTS | 7/1/2016 ; GENERAL GOVERNMENT,0.25,,,0.25,,,2,,,,0,check failed,"v1: 2,711,371.31 vs printed 2,704,480.72 (+6,890.59) ; v2: 7,995,835.53 vs printed 6,543,358.01 (+1,452,477.52) ; v3: 7,083,504.22 vs printed 6,074,216.03 (+1,009,288.19) ; v4: 3,586,984.69 vs printed 3,173,622.70 (+413,361.99)"
2016,FY2016,PUBLIC SAFETY,Community Policing,34,,FISCAL YEAR ENDING 6/30/16 ; FORWARD | TOTAL | TOTAL | BALANCE FWD ; PROGRAM NAME | 711/2015 | RECEIPTS | DISBURSEMENTS | 7/1/2016 ; GENERAL GOVERNMENT,2291.12,,,2291.12,,,2,,,,0,check failed,"v1: 2,711,371.31 vs printed 2,704,480.72 (+6,890.59) ; v2: 7,995,835.53 vs printed 6,543,358.01 (+1,452,477.52) ; v3: 7,083,504.22 vs printed 6,074,216.03 (+1,009,288.19) ; v4: 3,586,984.69 vs printed 3,173,622.70 (+413,361.99)"
2016,FY2016,PUBLIC SAFETY,Cops Universal Hiring,34,,FISCAL YEAR ENDING 6/30/16 ; FORWARD | TOTAL | TOTAL | BALANCE FWD ; PROGRAM NAME | 711/2015 | RECEIPTS | DISBURSEMENTS | 7/1/2016 ; GENERAL GOVERNMENT,1289.84,,,1289.84,,,2,,,,0,check failed,"v1: 2,711,371.31 vs printed 2,704,480.72 (+6,890.59) ; v2: 7,995,835.53 vs printed 6,543,358.01 (+1,452,477.52) ; v3: 7,083,504.22 vs printed 6,074,216.03 (+1,009,288.19) ; v4: 3,586,984.69 vs printed 3,173,622.70 (+413,361.99)"
2016,FY2016,PUBLIC SAFETY,EOPS Vest Reimbursement,34,,FISCAL YEAR ENDING 6/30/16 ; FORWARD | TOTAL | TOTAL | BALANCE FWD ; PROGRAM NAME | 711/2015 | RECEIPTS | DISBURSEMENTS | 7/1/2016 ; GENERAL GOVERNMENT,1862.50,,1800.00,62.50,,,3,,one cell missing; derivable from the row itself,"v2 = 0.00, from this fund's own other three columns",0,check failed,"v1: 2,711,371.31 vs printed 2,704,480.72 (+6,890.59) ; v2: 7,995,835.53 vs printed 6,543,358.01 (+1,452,477.52) ; v3: 7,083,504.22 vs printed 6,074,216.03 (+1,009,288.19) ; v4: 3,586,984.69 vs printed 3,173,622.70 (+413,361.99)"
2016,FY2016,PUBLIC SAFETY,Protective Order Grant Program,34,,FISCAL YEAR ENDING 6/30/16 ; FORWARD | TOTAL | TOTAL | BALANCE FWD ; PROGRAM NAME | 711/2015 | RECEIPTS | DISBURSEMENTS | 7/1/2016 ; GENERAL GOVERNMENT,135.15,,,135.15,,,2,,,,0,check failed,"v1: 2,711,371.31 vs printed 2,704,480.72 (+6,890.59) ; v2: 7,995,835.53 vs printed 6,543,358.01 (+1,452,477.52) ; v3: 7,083,504.22 vs printed 6,074,216.03 (+1,009,288.19) ; v4: 3,586,984.69 vs printed 3,173,622.70 (+413,361.99)"
2016,FY2016,PUBLIC SAFETY,Walmart Grant - Police Dept.,34,,FISCAL YEAR ENDING 6/30/16 ; FORWARD | TOTAL | TOTAL | BALANCE FWD ; PROGRAM NAME | 711/2015 | RECEIPTS | DISBURSEMENTS | 7/1/2016 ; GENERAL GOVERNMENT,1000.00,,,1000.00,,,2,,,,0,check failed,"v1: 2,711,371.31 vs printed 2,704,480.72 (+6,890.59) ; v2: 7,995,835.53 vs printed 6,543,358.01 (+1,452,477.52) ; v3: 7,083,504.22 vs printed 6,074,216.03 (+1,009,288.19) ; v4: 3,586,984.69 vs printed 3,173,622.70 (+413,361.99)"
2016,FY2016,PUBLIC SAFETY,Firefighter PS Equipment Grant,34,,FISCAL YEAR ENDING 6/30/16 ; FORWARD | TOTAL | TOTAL | BALANCE FWD ; PROGRAM NAME | 711/2015 | RECEIPTS | DISBURSEMENTS | 7/1/2016 ; GENERAL GOVERNMENT,30.00,,,30.00,,,2,,,,0,check failed,"v1: 2,711,371.31 vs printed 2,704,480.72 (+6,890.59) ; v2: 7,995,835.53 vs printed 6,543,358.01 (+1,452,477.52) ; v3: 7,083,504.22 vs printed 6,074,216.03 (+1,009,288.19) ; v4: 3,586,984.69 vs printed 3,173,622.70 (+413,361.99)"
2016,FY2016,PUBLIC SAFETY,Firefighter Safety Equipment Grant,34,,FISCAL YEAR ENDING 6/30/16 ; FORWARD | TOTAL | TOTAL | BALANCE FWD ; PROGRAM NAME | 711/2015 | RECEIPTS | DISBURSEMENTS | 7/1/2016 ; GENERAL GOVERNMENT,9.84,,,9.84,,,2,,,,0,check failed,"v1: 2,711,371.31 vs printed 2,704,480.72 (+6,890.59) ; v2: 7,995,835.53 vs printed 6,543,358.01 (+1,452,477.52) ; v3: 7,083,504.22 vs printed 6,074,216.03 (+1,009,288.19) ; v4: 3,586,984.69 vs printed 3,173,622.70 (+413,361.99)"
2016,FY2016,PUBLIC SAFETY,State 911 Grant - Fire Dept,34,,FISCAL YEAR ENDING 6/30/16 ; FORWARD | TOTAL | TOTAL | BALANCE FWD ; PROGRAM NAME | 711/2015 | RECEIPTS | DISBURSEMENTS | 7/1/2016 ; GENERAL GOVERNMENT,7.00,,,7.00,,,2,,,,0,check failed,"v1: 2,711,371.31 vs printed 2,704,480.72 (+6,890.59) ; v2: 7,995,835.53 vs printed 6,543,358.01 (+1,452,477.52) ; v3: 7,083,504.22 vs printed 6,074,216.03 (+1,009,288.19) ; v4: 3,586,984.69 vs printed 3,173,622.70 (+413,361.99)"
2016,FY2016,PUBLIC SAFETY,Police/Fire Special Details,34,,FISCAL YEAR ENDING 6/30/16 ; FORWARD | TOTAL | TOTAL | BALANCE FWD ; PROGRAM NAME | 711/2015 | RECEIPTS | DISBURSEMENTS | 7/1/2016 ; GENERAL GOVERNMENT,16883.09,269132.26,277281.69,8733.66,,,4,,fund balances: forward + receipts - disbursements = carried forward,,0,check failed,"v1: 2,711,371.31 vs printed 2,704,480.72 (+6,890.59) ; v2: 7,995,835.53 vs printed 6,543,358.01 (+1,452,477.52) ; v3: 7,083,504.22 vs printed 6,074,216.03 (+1,009,288.19) ; v4: 3,586,984.69 vs printed 3,173,622.70 (+413,361.99)"
2016,FY2016,PUBLIC SAFETY,Coastal/Patriot Ambulance Revolving,34,,FISCAL YEAR ENDING 6/30/16 ; FORWARD | TOTAL | TOTAL | BALANCE FWD ; PROGRAM NAME | 711/2015 | RECEIPTS | DISBURSEMENTS | 7/1/2016 ; GENERAL GOVERNMENT,579.06,93377.33,93377.33,579.06,,,4,,fund balances: forward + receipts - disbursements = carried forward,,0,check failed,"v1: 2,711,371.31 vs printed 2,704,480.72 (+6,890.59) ; v2: 7,995,835.53 vs printed 6,543,358.01 (+1,452,477.52) ; v3: 7,083,504.22 vs printed 6,074,216.03 (+1,009,288.19) ; v4: 3,586,984.69 vs printed 3,173,622.70 (+413,361.99)"
2016,FY2016,PUBLIC SAFETY,Firefighter Equipment Grant - FY05,34,,FISCAL YEAR ENDING 6/30/16 ; FORWARD | TOTAL | TOTAL | BALANCE FWD ; PROGRAM NAME | 711/2015 | RECEIPTS | DISBURSEMENTS | 7/1/2016 ; GENERAL GOVERNMENT,419.60,,,419.60,,,2,,,,0,check failed,"v1: 2,711,371.31 vs printed 2,704,480.72 (+6,890.59) ; v2: 7,995,835.53 vs printed 6,543,358.01 (+1,452,477.52) ; v3: 7,083,504.22 vs printed 6,074,216.03 (+1,009,288.19) ; v4: 3,586,984.69 vs printed 3,173,622.70 (+413,361.99)"
2016,FY2016,PUBLIC SAFETY,Confined Space Training,34,,FISCAL YEAR ENDING 6/30/16 ; FORWARD | TOTAL | TOTAL | BALANCE FWD ; PROGRAM NAME | 711/2015 | RECEIPTS | DISBURSEMENTS | 7/1/2016 ; GENERAL GOVERNMENT,1956.77,,,1956.77,,,2,,,,0,check failed,"v1: 2,711,371.31 vs printed 2,704,480.72 (+6,890.59) ; v2: 7,995,835.53 vs printed 6,543,358.01 (+1,452,477.52) ; v3: 7,083,504.22 vs printed 6,074,216.03 (+1,009,288.19) ; v4: 3,586,984.69 vs printed 3,173,622.70 (+413,361.99)"
2016,FY2016,PUBLIC SAFETY,Police NRA Foundation Grant,34,,FISCAL YEAR ENDING 6/30/16 ; FORWARD | TOTAL | TOTAL | BALANCE FWD ; PROGRAM NAME | 711/2015 | RECEIPTS | DISBURSEMENTS | 7/1/2016 ; GENERAL GOVERNMENT,0.10,,,0.10,,,2,,,,0,check failed,"v1: 2,711,371.31 vs printed 2,704,480.72 (+6,890.59) ; v2: 7,995,835.53 vs printed 6,543,358.01 (+1,452,477.52) ; v3: 7,083,504.22 vs printed 6,074,216.03 (+1,009,288.19) ; v4: 3,586,984.69 vs printed 3,173,622.70 (+413,361.99)"
2016,FY2016,PUBLIC SAFETY,COPS Secure Our Schools,34,,FISCAL YEAR ENDING 6/30/16 ; FORWARD | TOTAL | TOTAL | BALANCE FWD ; PROGRAM NAME | 711/2015 | RECEIPTS | DISBURSEMENTS | 7/1/2016 ; GENERAL GOVERNMENT,0.82,,,0.82,,,2,,,,0,check failed,"v1: 2,711,371.31 vs printed 2,704,480.72 (+6,890.59) ; v2: 7,995,835.53 vs printed 6,543,358.01 (+1,452,477.52) ; v3: 7,083,504.22 vs printed 6,074,216.03 (+1,009,288.19) ; v4: 3,586,984.69 vs printed 3,173,622.70 (+413,361.99)"
2016,FY2016,PUBLIC SAFETY,Safe Grant - Fire Department,34,,FISCAL YEAR ENDING 6/30/16 ; FORWARD | TOTAL | TOTAL | BALANCE FWD ; PROGRAM NAME | 711/2015 | RECEIPTS | DISBURSEMENTS | 7/1/2016 ; GENERAL GOVERNMENT,6586.65,6953.00,6194.18,7345.47,,,4,,fund balances: forward + receipts - disbursements = carried forward,,0,check failed,"v1: 2,711,371.31 vs printed 2,704,480.72 (+6,890.59) ; v2: 7,995,835.53 vs printed 6,543,358.01 (+1,452,477.52) ; v3: 7,083,504.22 vs printed 6,074,216.03 (+1,009,288.19) ; v4: 3,586,984.69 vs printed 3,173,622.70 (+413,361.99)"
2016,FY2016,PUBLIC SAFETY,GHSB Click It Or Ticket,34,,FISCAL YEAR ENDING 6/30/16 ; FORWARD | TOTAL | TOTAL | BALANCE FWD ; PROGRAM NAME | 711/2015 | RECEIPTS | DISBURSEMENTS | 7/1/2016 ; GENERAL GOVERNMENT,-1108.16,6648.47,7504.36,-1964.05,,,4,,fund balances: forward + receipts - disbursements = carried forward,,0,check failed,"v1: 2,711,371.31 vs printed 2,704,480.72 (+6,890.59) ; v2: 7,995,835.53 vs printed 6,543,358.01 (+1,452,477.52) ; v3: 7,083,504.22 vs printed 6,074,216.03 (+1,009,288.19) ; v4: 3,586,984.69 vs printed 3,173,622.70 (+413,361.99)"
2016,FY2016,PUBLIC SAFETY,K-9 Grant - Stanton Foundation,34,,FISCAL YEAR ENDING 6/30/16 ; FORWARD | TOTAL | TOTAL | BALANCE FWD ; PROGRAM NAME | 711/2015 | RECEIPTS | DISBURSEMENTS | 7/1/2016 ; GENERAL GOVERNMENT,26852.18,,11522.69,15329.49,,,3,,one cell missing; derivable from the row itself,"v2 = 0.00, from this fund's own other three columns",0,check failed,"v1: 2,711,371.31 vs printed 2,704,480.72 (+6,890.59) ; v2: 7,995,835.53 vs printed 6,543,358.01 (+1,452,477.52) ; v3: 7,083,504.22 vs printed 6,074,216.03 (+1,009,288.19) ; v4: 3,586,984.69 vs printed 3,173,622.70 (+413,361.99)"
2016,FY2016,PUBLIC SAFETY,Federal Drug Forfeiture,34,,FISCAL YEAR ENDING 6/30/16 ; FORWARD | TOTAL | TOTAL | BALANCE FWD ; PROGRAM NAME | 711/2015 | RECEIPTS | DISBURSEMENTS | 7/1/2016 ; GENERAL GOVERNMENT,-1139.50,30387.70,24044.16,5204.04,,,4,,fund balances: forward + receipts - disbursements = carried forward,,0,check failed,"v1: 2,711,371.31 vs printed 2,704,480.72 (+6,890.59) ; v2: 7,995,835.53 vs printed 6,543,358.01 (+1,452,477.52) ; v3: 7,083,504.22 vs printed 6,074,216.03 (+1,009,288.19) ; v4: 3,586,984.69 vs printed 3,173,622.70 (+413,361.99)"
2016,FY2016,PUBLIC SAFETY,Underage Alcohol Enforcement,34,,FISCAL YEAR ENDING 6/30/16 ; FORWARD | TOTAL | TOTAL | BALANCE FWD ; PROGRAM NAME | 711/2015 | RECEIPTS | DISBURSEMENTS | 7/1/2016 ; GENERAL GOVERNMENT,0.00,,686.66,-686.66,,,3,,one cell missing; derivable from the row itself,"v2 = 0.00, from this fund's own other three columns",0,check failed,"v1: 2,711,371.31 vs printed 2,704,480.72 (+6,890.59) ; v2: 7,995,835.53 vs printed 6,543,358.01 (+1,452,477.52) ; v3: 7,083,504.22 vs printed 6,074,216.03 (+1,009,288.19) ; v4: 3,586,984.69 vs printed 3,173,622.70 (+413,361.99)"
2016,FY2016,PUBLIC SAFETY,EMPG Grant,34,,FISCAL YEAR ENDING 6/30/16 ; FORWARD | TOTAL | TOTAL | BALANCE FWD ; PROGRAM NAME | 711/2015 | RECEIPTS | DISBURSEMENTS | 7/1/2016 ; GENERAL GOVERNMENT,102.01,,5955.00,-5852.99,,,3,,one cell missing; derivable from the row itself,"v2 = 0.00, from this fund's own other three columns",0,check failed,"v1: 2,711,371.31 vs printed 2,704,480.72 (+6,890.59) ; v2: 7,995,835.53 vs printed 6,543,358.01 (+1,452,477.52) ; v3: 7,083,504.22 vs printed 6,074,216.03 (+1,009,288.19) ; v4: 3,586,984.69 vs printed 3,173,622.70 (+413,361.99)"
2016,FY2016,PUBLIC SAFETY,,34,,FISCAL YEAR ENDING 6/30/16 ; FORWARD | TOTAL | TOTAL | BALANCE FWD ; PROGRAM NAME | 711/2015 | RECEIPTS | DISBURSEMENTS | 7/1/2016 ; GENERAL GOVERNMENT,34.00,,,,,,1,,,,0,check failed,"v1: 2,711,371.31 vs printed 2,704,480.72 (+6,890.59) ; v2: 7,995,835.53 vs printed 6,543,358.01 (+1,452,477.52) ; v3: 7,083,504.22 vs printed 6,074,216.03 (+1,009,288.19) ; v4: 3,586,984.69 vs printed 3,173,622.70 (+413,361.99)"
2016,FY2016,PARKS & RECREATION,Park User Fees,35,,FISCAL YEAR ENDING 6/30/16 ; FORWARD | TOTAL | TOTAL | BALANCE FWD ; PROGRAM NAME | 711/2015 | RECEIPTS | DISBURSEMENTS | 7/1/2016 ; GENERAL GOVERNMENT,0.00,11721.25,11721.25,0.00,,,4,,fund balances: forward + receipts - disbursements = carried forward,,0,check failed,"v1: 2,711,371.31 vs printed 2,704,480.72 (+6,890.59) ; v2: 7,995,835.53 vs printed 6,543,358.01 (+1,452,477.52) ; v3: 7,083,504.22 vs printed 6,074,216.03 (+1,009,288.19) ; v4: 3,586,984.69 vs printed 3,173,622.70 (+413,361.99)"
2016,FY2016,PARKS & RECREATION,Park Gift Fund,35,,FISCAL YEAR ENDING 6/30/16 ; FORWARD | TOTAL | TOTAL | BALANCE FWD ; PROGRAM NAME | 711/2015 | RECEIPTS | DISBURSEMENTS | 7/1/2016 ; GENERAL GOVERNMENT,1760.00,,1008.00,752.00,,,3,,one cell missing; derivable from the row itself,"v2 = 0.00, from this fund's own other three columns",0,check failed,"v1: 2,711,371.31 vs printed 2,704,480.72 (+6,890.59) ; v2: 7,995,835.53 vs printed 6,543,358.01 (+1,452,477.52) ; v3: 7,083,504.22 vs printed 6,074,216.03 (+1,009,288.19) ; v4: 3,586,984.69 vs printed 3,173,622.70 (+413,361.99)"
2016,FY2016,HIGHWAY DEPT.,Chapter 90,35,,FISCAL YEAR ENDING 6/30/16 ; FORWARD | TOTAL | TOTAL | BALANCE FWD ; PROGRAM NAME | 711/2015 | RECEIPTS | DISBURSEMENTS | 7/1/2016 ; GENERAL GOVERNMENT,-78776.92,635611.88,1057321.85,-500486.89,,,4,,fund balances: forward + receipts - disbursements = carried forward,,0,check failed,"v1: 2,711,371.31 vs printed 2,704,480.72 (+6,890.59) ; v2: 7,995,835.53 vs printed 6,543,358.01 (+1,452,477.52) ; v3: 7,083,504.22 vs printed 6,074,216.03 (+1,009,288.19) ; v4: 3,586,984.69 vs printed 3,173,622.70 (+413,361.99)"
2016,FY2016,HIGHWAY DEPT.,DPW Roads Gift Fund,35,,FISCAL YEAR ENDING 6/30/16 ; FORWARD | TOTAL | TOTAL | BALANCE FWD ; PROGRAM NAME | 711/2015 | RECEIPTS | DISBURSEMENTS | 7/1/2016 ; GENERAL GOVERNMENT,3330.00,,,3330.00,,,2,,,,0,check failed,"v1: 2,711,371.31 vs printed 2,704,480.72 (+6,890.59) ; v2: 7,995,835.53 vs printed 6,543,358.01 (+1,452,477.52) ; v3: 7,083,504.22 vs printed 6,074,216.03 (+1,009,288.19) ; v4: 3,586,984.69 vs printed 3,173,622.70 (+413,361.99)"
2016,FY2016,HIGHWAY DEPT.,Highway Insurance Recoveries,35,,FISCAL YEAR ENDING 6/30/16 ; FORWARD | TOTAL | TOTAL | BALANCE FWD ; PROGRAM NAME | 711/2015 | RECEIPTS | DISBURSEMENTS | 7/1/2016 ; GENERAL GOVERNMENT,1208.91,,,1208.91,,,2,,,,0,check failed,"v1: 2,711,371.31 vs printed 2,704,480.72 (+6,890.59) ; v2: 7,995,835.53 vs printed 6,543,358.01 (+1,452,477.52) ; v3: 7,083,504.22 vs printed 6,074,216.03 (+1,009,288.19) ; v4: 3,586,984.69 vs printed 3,173,622.70 (+413,361.99)"
2016,FY2016,HIGHWAY DEPT.,Chapter 204/Acts of 1996,35,,FISCAL YEAR ENDING 6/30/16 ; FORWARD | TOTAL | TOTAL | BALANCE FWD ; PROGRAM NAME | 711/2015 | RECEIPTS | DISBURSEMENTS | 7/1/2016 ; GENERAL GOVERNMENT,0.11,,,0.11,,,2,,,,0,check failed,"v1: 2,711,371.31 vs printed 2,704,480.72 (+6,890.59) ; v2: 7,995,835.53 vs printed 6,543,358.01 (+1,452,477.52) ; v3: 7,083,504.22 vs printed 6,074,216.03 (+1,009,288.19) ; v4: 3,586,984.69 vs printed 3,173,622.70 (+413,361.99)"
2016,FY2016,COUNCIL ON AGING,C.O.A./M.A.R.T. Revolving,35,,FISCAL YEAR ENDING 6/30/16 ; FORWARD | TOTAL | TOTAL | BALANCE FWD ; PROGRAM NAME | 711/2015 | RECEIPTS | DISBURSEMENTS | 7/1/2016 ; GENERAL GOVERNMENT,-8329.28,41493.33,39654.31,-6490.26,,,4,,fund balances: forward + receipts - disbursements = carried forward,,0,check failed,"v1: 2,711,371.31 vs printed 2,704,480.72 (+6,890.59) ; v2: 7,995,835.53 vs printed 6,543,358.01 (+1,452,477.52) ; v3: 7,083,504.22 vs printed 6,074,216.03 (+1,009,288.19) ; v4: 3,586,984.69 vs printed 3,173,622.70 (+413,361.99)"
2016,FY2016,COUNCIL ON AGING,C.O.A. Formula Grant,35,,FISCAL YEAR ENDING 6/30/16 ; FORWARD | TOTAL | TOTAL | BALANCE FWD ; PROGRAM NAME | 711/2015 | RECEIPTS | DISBURSEMENTS | 7/1/2016 ; GENERAL GOVERNMENT,0.00,18954.00,18954.00,0.00,,,4,,fund balances: forward + receipts - disbursements = carried forward,,0,check failed,"v1: 2,711,371.31 vs printed 2,704,480.72 (+6,890.59) ; v2: 7,995,835.53 vs printed 6,543,358.01 (+1,452,477.52) ; v3: 7,083,504.22 vs printed 6,074,216.03 (+1,009,288.19) ; v4: 3,586,984.69 vs printed 3,173,622.70 (+413,361.99)"
2016,FY2016,COUNCIL ON AGING,E.O.C.D. Senior Center Grant,35,,FISCAL YEAR ENDING 6/30/16 ; FORWARD | TOTAL | TOTAL | BALANCE FWD ; PROGRAM NAME | 711/2015 | RECEIPTS | DISBURSEMENTS | 7/1/2016 ; GENERAL GOVERNMENT,1681.54,0.84,,1682.38,,,3,,one cell missing; derivable from the row itself,"v3 = -0.00, from this fund's own other three columns",0,check failed,"v1: 2,711,371.31 vs printed 2,704,480.72 (+6,890.59) ; v2: 7,995,835.53 vs printed 6,543,358.01 (+1,452,477.52) ; v3: 7,083,504.22 vs printed 6,074,216.03 (+1,009,288.19) ; v4: 3,586,984.69 vs printed 3,173,622.70 (+413,361.99)"
2016,FY2016,COUNCIL ON AGING,Venture Grant - Are You OK,35,,FISCAL YEAR ENDING 6/30/16 ; FORWARD | TOTAL | TOTAL | BALANCE FWD ; PROGRAM NAME | 711/2015 | RECEIPTS | DISBURSEMENTS | 7/1/2016 ; GENERAL GOVERNMENT,24.00,,,24.00,,,2,,,,0,check failed,"v1: 2,711,371.31 vs printed 2,704,480.72 (+6,890.59) ; v2: 7,995,835.53 vs printed 6,543,358.01 (+1,452,477.52) ; v3: 7,083,504.22 vs printed 6,074,216.03 (+1,009,288.19) ; v4: 3,586,984.69 vs printed 3,173,622.70 (+413,361.99)"
2016,FY2016,LIBRARY,State Aid-Libraries,35,,FISCAL YEAR ENDING 6/30/16 ; FORWARD | TOTAL | TOTAL | BALANCE FWD ; PROGRAM NAME | 711/2015 | RECEIPTS | DISBURSEMENTS | 7/1/2016 ; GENERAL GOVERNMENT,24734.13,14718.15,13114.76,26337.52,,,4,,fund balances: forward + receipts - disbursements = carried forward,,0,check failed,"v1: 2,711,371.31 vs printed 2,704,480.72 (+6,890.59) ; v2: 7,995,835.53 vs printed 6,543,358.01 (+1,452,477.52) ; v3: 7,083,504.22 vs printed 6,074,216.03 (+1,009,288.19) ; v4: 3,586,984.69 vs printed 3,173,622.70 (+413,361.99)"
2016,FY2016,LIBRARY,Library Gift Fund,35,,FISCAL YEAR ENDING 6/30/16 ; FORWARD | TOTAL | TOTAL | BALANCE FWD ; PROGRAM NAME | 711/2015 | RECEIPTS | DISBURSEMENTS | 7/1/2016 ; GENERAL GOVERNMENT,19168.54,650.00,,19818.54,,,3,,one cell missing; derivable from the row itself,"v3 = 0.00, from this fund's own other three columns",0,check failed,"v1: 2,711,371.31 vs printed 2,704,480.72 (+6,890.59) ; v2: 7,995,835.53 vs printed 6,543,358.01 (+1,452,477.52) ; v3: 7,083,504.22 vs printed 6,074,216.03 (+1,009,288.19) ; v4: 3,586,984.69 vs printed 3,173,622.70 (+413,361.99)"
2016,FY2016,LIBRARY,Library Revolving Fund,35,,FISCAL YEAR ENDING 6/30/16 ; FORWARD | TOTAL | TOTAL | BALANCE FWD ; PROGRAM NAME | 711/2015 | RECEIPTS | DISBURSEMENTS | 7/1/2016 ; GENERAL GOVERNMENT,7666.23,6891.42,5624.39,8933.26,,,4,,fund balances: forward + receipts - disbursements = carried forward,,0,check failed,"v1: 2,711,371.31 vs printed 2,704,480.72 (+6,890.59) ; v2: 7,995,835.53 vs printed 6,543,358.01 (+1,452,477.52) ; v3: 7,083,504.22 vs printed 6,074,216.03 (+1,009,288.19) ; v4: 3,586,984.69 vs printed 3,173,622.70 (+413,361.99)"
2016,FY2016,LIBRARY,FY07 Public Libraries Fund,35,,FISCAL YEAR ENDING 6/30/16 ; FORWARD | TOTAL | TOTAL | BALANCE FWD ; PROGRAM NAME | 711/2015 | RECEIPTS | DISBURSEMENTS | 7/1/2016 ; GENERAL GOVERNMENT,571.17,,,571.17,,,2,,,,0,check failed,"v1: 2,711,371.31 vs printed 2,704,480.72 (+6,890.59) ; v2: 7,995,835.53 vs printed 6,543,358.01 (+1,452,477.52) ; v3: 7,083,504.22 vs printed 6,074,216.03 (+1,009,288.19) ; v4: 3,586,984.69 vs printed 3,173,622.70 (+413,361.99)"
2016,FY2016,LIBRARY,Sale of Cemetery Lots,35,,FISCAL YEAR ENDING 6/30/16 ; FORWARD | TOTAL | TOTAL | BALANCE FWD ; PROGRAM NAME | 711/2015 | RECEIPTS | DISBURSEMENTS | 7/1/2016 ; GENERAL GOVERNMENT,194164.28,9780.33,16828.02,187116.59,,,4,,fund balances: forward + receipts - disbursements = carried forward,,0,check failed,"v1: 2,711,371.31 vs printed 2,704,480.72 (+6,890.59) ; v2: 7,995,835.53 vs printed 6,543,358.01 (+1,452,477.52) ; v3: 7,083,504.22 vs printed 6,074,216.03 (+1,009,288.19) ; v4: 3,586,984.69 vs printed 3,173,622.70 (+413,361.99)"
2016,FY2016,LIBRARY,Elderly/Disabled Fund,35,,FISCAL YEAR ENDING 6/30/16 ; FORWARD | TOTAL | TOTAL | BALANCE FWD ; PROGRAM NAME | 711/2015 | RECEIPTS | DISBURSEMENTS | 7/1/2016 ; GENERAL GOVERNMENT,2487.14,,,,,,1,,,,0,check failed,"v1: 2,711,371.31 vs printed 2,704,480.72 (+6,890.59) ; v2: 7,995,835.53 vs printed 6,543,358.01 (+1,452,477.52) ; v3: 7,083,504.22 vs printed 6,074,216.03 (+1,009,288.19) ; v4: 3,586,984.69 vs printed 3,173,622.70 (+413,361.99)"
2016,FY2016,LIBRARY,Green Communities Grant,35,,FISCAL YEAR ENDING 6/30/16 ; FORWARD | TOTAL | TOTAL | BALANCE FWD ; PROGRAM NAME | 711/2015 | RECEIPTS | DISBURSEMENTS | 7/1/2016 ; GENERAL GOVERNMENT,14984.83,,,,,,1,,,,0,check failed,"v1: 2,711,371.31 vs printed 2,704,480.72 (+6,890.59) ; v2: 7,995,835.53 vs printed 6,543,358.01 (+1,452,477.52) ; v3: 7,083,504.22 vs printed 6,074,216.03 (+1,009,288.19) ; v4: 3,586,984.69 vs printed 3,173,622.70 (+413,361.99)"
2016,FY2016,LIBRARY,Agricultural Commission Grant,35,,FISCAL YEAR ENDING 6/30/16 ; FORWARD | TOTAL | TOTAL | BALANCE FWD ; PROGRAM NAME | 711/2015 | RECEIPTS | DISBURSEMENTS | 7/1/2016 ; GENERAL GOVERNMENT,675.00,300.00,650.00,325.00,,,4,,fund balances: forward + receipts - disbursements = carried forward,,0,check failed,"v1: 2,711,371.31 vs printed 2,704,480.72 (+6,890.59) ; v2: 7,995,835.53 vs printed 6,543,358.01 (+1,452,477.52) ; v3: 7,083,504.22 vs printed 6,074,216.03 (+1,009,288.19) ; v4: 3,586,984.69 vs printed 3,173,622.70 (+413,361.99)"
2016,FY2016,LIBRARY,Bell Tower Mtc. Fund-Town Hall,35,,FISCAL YEAR ENDING 6/30/16 ; FORWARD | TOTAL | TOTAL | BALANCE FWD ; PROGRAM NAME | 711/2015 | RECEIPTS | DISBURSEMENTS | 7/1/2016 ; GENERAL GOVERNMENT,5606.37,,600.00,5006.37,,,3,,one cell missing; derivable from the row itself,"v2 = 0.00, from this fund's own other three columns",0,check failed,"v1: 2,711,371.31 vs printed 2,704,480.72 (+6,890.59) ; v2: 7,995,835.53 vs printed 6,543,358.01 (+1,452,477.52) ; v3: 7,083,504.22 vs printed 6,074,216.03 (+1,009,288.19) ; v4: 3,586,984.69 vs printed 3,173,622.70 (+413,361.99)"
2016,FY2016,LIBRARY,Historical Comm. Gift Fund,35,,FISCAL YEAR ENDING 6/30/16 ; FORWARD | TOTAL | TOTAL | BALANCE FWD ; PROGRAM NAME | 711/2015 | RECEIPTS | DISBURSEMENTS | 7/1/2016 ; GENERAL GOVERNMENT,137.36,,,,,,1,,,,0,check failed,"v1: 2,711,371.31 vs printed 2,704,480.72 (+6,890.59) ; v2: 7,995,835.53 vs printed 6,543,358.01 (+1,452,477.52) ; v3: 7,083,504.22 vs printed 6,074,216.03 (+1,009,288.19) ; v4: 3,586,984.69 vs printed 3,173,622.70 (+413,361.99)"
2016,FY2016,LIBRARY,FEMA Grant - January 2015 Blizzard,35,,FISCAL YEAR ENDING 6/30/16 ; FORWARD | TOTAL | TOTAL | BALANCE FWD ; PROGRAM NAME | 711/2015 | RECEIPTS | DISBURSEMENTS | 7/1/2016 ; GENERAL GOVERNMENT,-43262.20,43262.20,,,,,2,,,,0,check failed,"v1: 2,711,371.31 vs printed 2,704,480.72 (+6,890.59) ; v2: 7,995,835.53 vs printed 6,543,358.01 (+1,452,477.52) ; v3: 7,083,504.22 vs printed 6,074,216.03 (+1,009,288.19) ; v4: 3,586,984.69 vs printed 3,173,622.70 (+413,361.99)"
2016,FY2016,LIBRARY,Mass Historical Comm Grant-Town Hall,35,,FISCAL YEAR ENDING 6/30/16 ; FORWARD | TOTAL | TOTAL | BALANCE FWD ; PROGRAM NAME | 711/2015 | RECEIPTS | DISBURSEMENTS | 7/1/2016 ; GENERAL GOVERNMENT,4150.00,,,4150.00,,,2,,,,0,check failed,"v1: 2,711,371.31 vs printed 2,704,480.72 (+6,890.59) ; v2: 7,995,835.53 vs printed 6,543,358.01 (+1,452,477.52) ; v3: 7,083,504.22 vs printed 6,074,216.03 (+1,009,288.19) ; v4: 3,586,984.69 vs printed 3,173,622.70 (+413,361.99)"
2016,FY2016,LIBRARY,Public Safety Gift Fund,35,,FISCAL YEAR ENDING 6/30/16 ; FORWARD | TOTAL | TOTAL | BALANCE FWD ; PROGRAM NAME | 711/2015 | RECEIPTS | DISBURSEMENTS | 7/1/2016 ; GENERAL GOVERNMENT,667.38,,447.00,,,,2,,,,0,check failed,"v1: 2,711,371.31 vs printed 2,704,480.72 (+6,890.59) ; v2: 7,995,835.53 vs printed 6,543,358.01 (+1,452,477.52) ; v3: 7,083,504.22 vs printed 6,074,216.03 (+1,009,288.19) ; v4: 3,586,984.69 vs printed 3,173,622.70 (+413,361.99)"
2016,FY2016,LIBRARY,Council on Aging Gift Fund,35,,FISCAL YEAR ENDING 6/30/16 ; FORWARD | TOTAL | TOTAL | BALANCE FWD ; PROGRAM NAME | 711/2015 | RECEIPTS | DISBURSEMENTS | 7/1/2016 ; GENERAL GOVERNMENT,3071.79,,79.00,0.00,,,3,yes,one cell missing; derivable from the row itself,"v2 = -2,992.79, from this fund's own other three columns",0,check failed,"v1: 2,711,371.31 vs printed 2,704,480.72 (+6,890.59) ; v2: 7,995,835.53 vs printed 6,543,358.01 (+1,452,477.52) ; v3: 7,083,504.22 vs printed 6,074,216.03 (+1,009,288.19) ; v4: 3,586,984.69 vs printed 3,173,622.70 (+413,361.99)"
2016,FY2016,LIBRARY,MWPAT Septic Repair,35,,FISCAL YEAR ENDING 6/30/16 ; FORWARD | TOTAL | TOTAL | BALANCE FWD ; PROGRAM NAME | 711/2015 | RECEIPTS | DISBURSEMENTS | 7/1/2016 ; GENERAL GOVERNMENT,4079.03,,,4079.03,,,2,,,,0,check failed,"v1: 2,711,371.31 vs printed 2,704,480.72 (+6,890.59) ; v2: 7,995,835.53 vs printed 6,543,358.01 (+1,452,477.52) ; v3: 7,083,504.22 vs printed 6,074,216.03 (+1,009,288.19) ; v4: 3,586,984.69 vs printed 3,173,622.70 (+413,361.99)"
2016,FY2016,LIBRARY,WPAT Septic Receipts Reserved,35,,FISCAL YEAR ENDING 6/30/16 ; FORWARD | TOTAL | TOTAL | BALANCE FWD ; PROGRAM NAME | 711/2015 | RECEIPTS | DISBURSEMENTS | 7/1/2016 ; GENERAL GOVERNMENT,75008.50,1439.06,10868.00,65579.56,,,4,,fund balances: forward + receipts - disbursements = carried forward,,0,check failed,"v1: 2,711,371.31 vs printed 2,704,480.72 (+6,890.59) ; v2: 7,995,835.53 vs printed 6,543,358.01 (+1,452,477.52) ; v3: 7,083,504.22 vs printed 6,074,216.03 (+1,009,288.19) ; v4: 3,586,984.69 vs printed 3,173,622.70 (+413,361.99)"
2016,FY2016,LIBRARY,E.O.C.D. Septic | Grant,35,,FISCAL YEAR ENDING 6/30/16 ; FORWARD | TOTAL | TOTAL | BALANCE FWD ; PROGRAM NAME | 711/2015 | RECEIPTS | DISBURSEMENTS | 7/1/2016 ; GENERAL GOVERNMENT,102304.79,1768.17,823.24,103249.72,,,4,,fund balances: forward + receipts - disbursements = carried forward,,0,check failed,"v1: 2,711,371.31 vs printed 2,704,480.72 (+6,890.59) ; v2: 7,995,835.53 vs printed 6,543,358.01 (+1,452,477.52) ; v3: 7,083,504.22 vs printed 6,074,216.03 (+1,009,288.19) ; v4: 3,586,984.69 vs printed 3,173,622.70 (+413,361.99)"
2016,FY2016,LIBRARY,Water Enterprise Fund,35,,FISCAL YEAR ENDING 6/30/16 ; FORWARD | TOTAL | TOTAL | BALANCE FWD ; PROGRAM NAME | 711/2015 | RECEIPTS | DISBURSEMENTS | 7/1/2016 ; GENERAL GOVERNMENT,36234.85,33189.15,23971.75,45452.25,,,4,,fund balances: forward + receipts - disbursements = carried forward,,0,check failed,"v1: 2,711,371.31 vs printed 2,704,480.72 (+6,890.59) ; v2: 7,995,835.53 vs printed 6,543,358.01 (+1,452,477.52) ; v3: 7,083,504.22 vs printed 6,074,216.03 (+1,009,288.19) ; v4: 3,586,984.69 vs printed 3,173,622.70 (+413,361.99)"
2016,FY2016,LIBRARY,Sewer Enterprise Fund,35,,FISCAL YEAR ENDING 6/30/16 ; FORWARD | TOTAL | TOTAL | BALANCE FWD ; PROGRAM NAME | 711/2015 | RECEIPTS | DISBURSEMENTS | 7/1/2016 ; GENERAL GOVERNMENT,844074.20,884909.64,669012.79,1059971.05,,,4,,fund balances: forward + receipts - disbursements = carried forward,,0,check failed,"v1: 2,711,371.31 vs printed 2,704,480.72 (+6,890.59) ; v2: 7,995,835.53 vs printed 6,543,358.01 (+1,452,477.52) ; v3: 7,083,504.22 vs printed 6,074,216.03 (+1,009,288.19) ; v4: 3,586,984.69 vs printed 3,173,622.70 (+413,361.99)"
2016,FY2016,LIBRARY,Sewer Betterment Fund,35,,FISCAL YEAR ENDING 6/30/16 ; FORWARD | TOTAL | TOTAL | BALANCE FWD ; PROGRAM NAME | 711/2015 | RECEIPTS | DISBURSEMENTS | 7/1/2016 ; GENERAL GOVERNMENT,510663.29,678366.00,756877.88,432151.41,,,4,,fund balances: forward + receipts - disbursements = carried forward,,0,check failed,"v1: 2,711,371.31 vs printed 2,704,480.72 (+6,890.59) ; v2: 7,995,835.53 vs printed 6,543,358.01 (+1,452,477.52) ; v3: 7,083,504.22 vs printed 6,074,216.03 (+1,009,288.19) ; v4: 3,586,984.69 vs printed 3,173,622.70 (+413,361.99)"
2016,FY2016,LIBRARY,Public Health Emergency Preparedness,35,,FISCAL YEAR ENDING 6/30/16 ; FORWARD | TOTAL | TOTAL | BALANCE FWD ; PROGRAM NAME | 711/2015 | RECEIPTS | DISBURSEMENTS | 7/1/2016 ; GENERAL GOVERNMENT,12295.09,,,12295.09,,,2,,,,0,check failed,"v1: 2,711,371.31 vs printed 2,704,480.72 (+6,890.59) ; v2: 7,995,835.53 vs printed 6,543,358.01 (+1,452,477.52) ; v3: 7,083,504.22 vs printed 6,074,216.03 (+1,009,288.19) ; v4: 3,586,984.69 vs printed 3,173,622.70 (+413,361.99)"
2016,FY2016,LIBRARY,DEP Pay As You Throw Grant,35,,FISCAL YEAR ENDING 6/30/16 ; FORWARD | TOTAL | TOTAL | BALANCE FWD ; PROGRAM NAME | 711/2015 | RECEIPTS | DISBURSEMENTS | 7/1/2016 ; GENERAL GOVERNMENT,4720.43,,,,,,1,,,,0,check failed,"v1: 2,711,371.31 vs printed 2,704,480.72 (+6,890.59) ; v2: 7,995,835.53 vs printed 6,543,358.01 (+1,452,477.52) ; v3: 7,083,504.22 vs printed 6,074,216.03 (+1,009,288.19) ; v4: 3,586,984.69 vs printed 3,173,622.70 (+413,361.99)"
2016,FY2016,LIBRARY,Recycling Outreach Fund,35,,FISCAL YEAR ENDING 6/30/16 ; FORWARD | TOTAL | TOTAL | BALANCE FWD ; PROGRAM NAME | 711/2015 | RECEIPTS | DISBURSEMENTS | 7/1/2016 ; GENERAL GOVERNMENT,3800.00,,,3800.00,,,2,,,,0,check failed,"v1: 2,711,371.31 vs printed 2,704,480.72 (+6,890.59) ; v2: 7,995,835.53 vs printed 6,543,358.01 (+1,452,477.52) ; v3: 7,083,504.22 vs printed 6,074,216.03 (+1,009,288.19) ; v4: 3,586,984.69 vs printed 3,173,622.70 (+413,361.99)"
2016,FY2016,LIBRARY,Repayments Sewer Hookup,35,,FISCAL YEAR ENDING 6/30/16 ; FORWARD | TOTAL | TOTAL | BALANCE FWD ; PROGRAM NAME | 711/2015 | RECEIPTS | DISBURSEMENTS | 7/1/2016 ; GENERAL GOVERNMENT,9222.00,,,9222.00,,,2,,,,0,check failed,"v1: 2,711,371.31 vs printed 2,704,480.72 (+6,890.59) ; v2: 7,995,835.53 vs printed 6,543,358.01 (+1,452,477.52) ; v3: 7,083,504.22 vs printed 6,074,216.03 (+1,009,288.19) ; v4: 3,586,984.69 vs printed 3,173,622.70 (+413,361.99)"
2016,FY2016,LIBRARY,Solid Waste/Recycling Enterprise Fund,35,,FISCAL YEAR ENDING 6/30/16 ; FORWARD | TOTAL | TOTAL | BALANCE FWD ; PROGRAM NAME | 711/2015 | RECEIPTS | DISBURSEMENTS | 7/1/2016 ; GENERAL GOVERNMENT,0.00,276361.53,267974.92,8386.61,,,4,,fund balances: forward + receipts - disbursements = carried forward,,0,check failed,"v1: 2,711,371.31 vs printed 2,704,480.72 (+6,890.59) ; v2: 7,995,835.53 vs printed 6,543,358.01 (+1,452,477.52) ; v3: 7,083,504.22 vs printed 6,074,216.03 (+1,009,288.19) ; v4: 3,586,984.69 vs printed 3,173,622.70 (+413,361.99)"
2016,FY2016,LIBRARY,CVS Volunteer Challenge Grant,35,,FISCAL YEAR ENDING 6/30/16 ; FORWARD | TOTAL | TOTAL | BALANCE FWD ; PROGRAM NAME | 711/2015 | RECEIPTS | DISBURSEMENTS | 7/1/2016 ; GENERAL GOVERNMENT,500.00,,,500.00,,,2,,,,0,check failed,"v1: 2,711,371.31 vs printed 2,704,480.72 (+6,890.59) ; v2: 7,995,835.53 vs printed 6,543,358.01 (+1,452,477.52) ; v3: 7,083,504.22 vs printed 6,074,216.03 (+1,009,288.19) ; v4: 3,586,984.69 vs printed 3,173,622.70 (+413,361.99)"
2016,FY2016,LIBRARY,Fields Pond Foundation,35,,FISCAL YEAR ENDING 6/30/16 ; FORWARD | TOTAL | TOTAL | BALANCE FWD ; PROGRAM NAME | 711/2015 | RECEIPTS | DISBURSEMENTS | 7/1/2016 ; GENERAL GOVERNMENT,1600.00,,,1600.00,,,2,,,,0,check failed,"v1: 2,711,371.31 vs printed 2,704,480.72 (+6,890.59) ; v2: 7,995,835.53 vs printed 6,543,358.01 (+1,452,477.52) ; v3: 7,083,504.22 vs printed 6,074,216.03 (+1,009,288.19) ; v4: 3,586,984.69 vs printed 3,173,622.70 (+413,361.99)"
2016,FY2016,LIBRARY,March for Parks,35,,FISCAL YEAR ENDING 6/30/16 ; FORWARD | TOTAL | TOTAL | BALANCE FWD ; PROGRAM NAME | 711/2015 | RECEIPTS | DISBURSEMENTS | 7/1/2016 ; GENERAL GOVERNMENT,1617.25,,,1617.25,,,2,,,,0,check failed,"v1: 2,711,371.31 vs printed 2,704,480.72 (+6,890.59) ; v2: 7,995,835.53 vs printed 6,543,358.01 (+1,452,477.52) ; v3: 7,083,504.22 vs printed 6,074,216.03 (+1,009,288.19) ; v4: 3,586,984.69 vs printed 3,173,622.70 (+413,361.99)"
2016,FY2016,LIBRARY,Skate Park Fund,35,,FISCAL YEAR ENDING 6/30/16 ; FORWARD | TOTAL | TOTAL | BALANCE FWD ; PROGRAM NAME | 711/2015 | RECEIPTS | DISBURSEMENTS | 7/1/2016 ; GENERAL GOVERNMENT,197.00,,,,,,1,,,,0,check failed,"v1: 2,711,371.31 vs printed 2,704,480.72 (+6,890.59) ; v2: 7,995,835.53 vs printed 6,543,358.01 (+1,452,477.52) ; v3: 7,083,504.22 vs printed 6,074,216.03 (+1,009,288.19) ; v4: 3,586,984.69 vs printed 3,173,622.70 (+413,361.99)"
2016,FY2016,LIBRARY,Weights/Measures Citation Fund,35,,FISCAL YEAR ENDING 6/30/16 ; FORWARD | TOTAL | TOTAL | BALANCE FWD ; PROGRAM NAME | 711/2015 | RECEIPTS | DISBURSEMENTS | 7/1/2016 ; GENERAL GOVERNMENT,325.00,,,325.00,,,2,,,,0,check failed,"v1: 2,711,371.31 vs printed 2,704,480.72 (+6,890.59) ; v2: 7,995,835.53 vs printed 6,543,358.01 (+1,452,477.52) ; v3: 7,083,504.22 vs printed 6,074,216.03 (+1,009,288.19) ; v4: 3,586,984.69 vs printed 3,173,622.70 (+413,361.99)"
2016,FY2016,LIBRARY,Marshall Park Restoration Fund,35,,FISCAL YEAR ENDING 6/30/16 ; FORWARD | TOTAL | TOTAL | BALANCE FWD ; PROGRAM NAME | 711/2015 | RECEIPTS | DISBURSEMENTS | 7/1/2016 ; GENERAL GOVERNMENT,125.00,,,125.00,,,2,,,,0,check failed,"v1: 2,711,371.31 vs printed 2,704,480.72 (+6,890.59) ; v2: 7,995,835.53 vs printed 6,543,358.01 (+1,452,477.52) ; v3: 7,083,504.22 vs printed 6,074,216.03 (+1,009,288.19) ; v4: 3,586,984.69 vs printed 3,173,622.70 (+413,361.99)"
2016,FY2016,LIBRARY,Comcast Technology Capital Grant,35,,FISCAL YEAR ENDING 6/30/16 ; FORWARD | TOTAL | TOTAL | BALANCE FWD ; PROGRAM NAME | 711/2015 | RECEIPTS | DISBURSEMENTS | 7/1/2016 ; GENERAL GOVERNMENT,39796.01,,,39796.01,,,2,,,,0,check failed,"v1: 2,711,371.31 vs printed 2,704,480.72 (+6,890.59) ; v2: 7,995,835.53 vs printed 6,543,358.01 (+1,452,477.52) ; v3: 7,083,504.22 vs printed 6,074,216.03 (+1,009,288.19) ; v4: 3,586,984.69 vs printed 3,173,622.70 (+413,361.99)"
2016,FY2016,LIBRARY,Sale of Real Estate Fund,35,,FISCAL YEAR ENDING 6/30/16 ; FORWARD | TOTAL | TOTAL | BALANCE FWD ; PROGRAM NAME | 711/2015 | RECEIPTS | DISBURSEMENTS | 7/1/2016 ; GENERAL GOVERNMENT,9925.00,,,9925.00,,,2,,,,0,check failed,"v1: 2,711,371.31 vs printed 2,704,480.72 (+6,890.59) ; v2: 7,995,835.53 vs printed 6,543,358.01 (+1,452,477.52) ; v3: 7,083,504.22 vs printed 6,074,216.03 (+1,009,288.19) ; v4: 3,586,984.69 vs printed 3,173,622.70 (+413,361.99)"
2016,FY2016,LIBRARY,Arts Lottery Fund,35,,FISCAL YEAR ENDING 6/30/16 ; FORWARD | TOTAL | TOTAL | BALANCE FWD ; PROGRAM NAME | 711/2015 | RECEIPTS | DISBURSEMENTS | 7/1/2016 ; GENERAL GOVERNMENT,6902.40,4726.35,4318.00,7310.75,,,4,,fund balances: forward + receipts - disbursements = carried forward,,0,check failed,"v1: 2,711,371.31 vs printed 2,704,480.72 (+6,890.59) ; v2: 7,995,835.53 vs printed 6,543,358.01 (+1,452,477.52) ; v3: 7,083,504.22 vs printed 6,074,216.03 (+1,009,288.19) ; v4: 3,586,984.69 vs printed 3,173,622.70 (+413,361.99)"
2016,FY2016,LIBRARY,L.E.A.P. Fund,35,,FISCAL YEAR ENDING 6/30/16 ; FORWARD | TOTAL | TOTAL | BALANCE FWD ; PROGRAM NAME | 711/2015 | RECEIPTS | DISBURSEMENTS | 7/1/2016 ; GENERAL GOVERNMENT,265970.11,99831.72,95566.13,270235.70,,,4,,fund balances: forward + receipts - disbursements = carried forward,,0,check failed,"v1: 2,711,371.31 vs printed 2,704,480.72 (+6,890.59) ; v2: 7,995,835.53 vs printed 6,543,358.01 (+1,452,477.52) ; v3: 7,083,504.22 vs printed 6,074,216.03 (+1,009,288.19) ; v4: 3,586,984.69 vs printed 3,173,622.70 (+413,361.99)"
2016,FY2016,LIBRARY,Debris Removal Gift Fund,35,,FISCAL YEAR ENDING 6/30/16 ; FORWARD | TOTAL | TOTAL | BALANCE FWD ; PROGRAM NAME | 711/2015 | RECEIPTS | DISBURSEMENTS | 7/1/2016 ; GENERAL GOVERNMENT,676.00,,,,,,1,,,,0,check failed,"v1: 2,711,371.31 vs printed 2,704,480.72 (+6,890.59) ; v2: 7,995,835.53 vs printed 6,543,358.01 (+1,452,477.52) ; v3: 7,083,504.22 vs printed 6,074,216.03 (+1,009,288.19) ; v4: 3,586,984.69 vs printed 3,173,622.70 (+413,361.99)"
2016,FY2016,LIBRARY,Citizens Relief Fund,35,,FISCAL YEAR ENDING 6/30/16 ; FORWARD | TOTAL | TOTAL | BALANCE FWD ; PROGRAM NAME | 711/2015 | RECEIPTS | DISBURSEMENTS | 7/1/2016 ; GENERAL GOVERNMENT,200.00,,,,,,1,,,,0,check failed,"v1: 2,711,371.31 vs printed 2,704,480.72 (+6,890.59) ; v2: 7,995,835.53 vs printed 6,543,358.01 (+1,452,477.52) ; v3: 7,083,504.22 vs printed 6,074,216.03 (+1,009,288.19) ; v4: 3,586,984.69 vs printed 3,173,622.70 (+413,361.99)"
2016,FY2016,LIBRARY,Hollis Road Revolving,35,,FISCAL YEAR ENDING 6/30/16 ; FORWARD | TOTAL | TOTAL | BALANCE FWD ; PROGRAM NAME | 711/2015 | RECEIPTS | DISBURSEMENTS | 7/1/2016 ; GENERAL GOVERNMENT,11184.43,10200.00,267.80,21116.63,,,4,,fund balances: forward + receipts - disbursements = carried forward,,0,check failed,"v1: 2,711,371.31 vs printed 2,704,480.72 (+6,890.59) ; v2: 7,995,835.53 vs printed 6,543,358.01 (+1,452,477.52) ; v3: 7,083,504.22 vs printed 6,074,216.03 (+1,009,288.19) ; v4: 3,586,984.69 vs printed 3,173,622.70 (+413,361.99)"
2016,FY2016,LIBRARY,Municipal Energy Technical Assistance,35,,FISCAL YEAR ENDING 6/30/16 ; FORWARD | TOTAL | TOTAL | BALANCE FWD ; PROGRAM NAME | 711/2015 | RECEIPTS | DISBURSEMENTS | 7/1/2016 ; GENERAL GOVERNMENT,,,8175.00,-8175.00,,,2,,,,0,check failed,"v1: 2,711,371.31 vs printed 2,704,480.72 (+6,890.59) ; v2: 7,995,835.53 vs printed 6,543,358.01 (+1,452,477.52) ; v3: 7,083,504.22 vs printed 6,074,216.03 (+1,009,288.19) ; v4: 3,586,984.69 vs printed 3,173,622.70 (+413,361.99)"
2016,FY2016,LIBRARY,Water Infrastructure Planning Grant,35,,FISCAL YEAR ENDING 6/30/16 ; FORWARD | TOTAL | TOTAL | BALANCE FWD ; PROGRAM NAME | 711/2015 | RECEIPTS | DISBURSEMENTS | 7/1/2016 ; GENERAL GOVERNMENT,0.00,,30000.00,-30000.00,,,3,,one cell missing; derivable from the row itself,"v2 = 0.00, from this fund's own other three columns",0,check failed,"v1: 2,711,371.31 vs printed 2,704,480.72 (+6,890.59) ; v2: 7,995,835.53 vs printed 6,543,358.01 (+1,452,477.52) ; v3: 7,083,504.22 vs printed 6,074,216.03 (+1,009,288.19) ; v4: 3,586,984.69 vs printed 3,173,622.70 (+413,361.99)"
2016,FY2016,LIBRARY,Recycling Dividends Program Grant,35,,FISCAL YEAR ENDING 6/30/16 ; FORWARD | TOTAL | TOTAL | BALANCE FWD ; PROGRAM NAME | 711/2015 | RECEIPTS | DISBURSEMENTS | 7/1/2016 ; GENERAL GOVERNMENT,0.00,3600.00,3600.00,0.00,,,4,,fund balances: forward + receipts - disbursements = carried forward,,0,check failed,"v1: 2,711,371.31 vs printed 2,704,480.72 (+6,890.59) ; v2: 7,995,835.53 vs printed 6,543,358.01 (+1,452,477.52) ; v3: 7,083,504.22 vs printed 6,074,216.03 (+1,009,288.19) ; v4: 3,586,984.69 vs printed 3,173,622.70 (+413,361.99)"
2016,FY2016,LIBRARY,RUOK Program Grant,35,yes,FISCAL YEAR ENDING 6/30/16 ; FORWARD | TOTAL | TOTAL | BALANCE FWD ; PROGRAM NAME | 711/2015 | RECEIPTS | DISBURSEMENTS | 7/1/2016 ; GENERAL GOVERNMENT,0.00,3000.00,2784.00,216.00,,,4,,fund balances: forward + receipts - disbursements = carried forward,,0,check failed,"v1: 2,711,371.31 vs printed 2,704,480.72 (+6,890.59) ; v2: 7,995,835.53 vs printed 6,543,358.01 (+1,452,477.52) ; v3: 7,083,504.22 vs printed 6,074,216.03 (+1,009,288.19) ; v4: 3,586,984.69 vs printed 3,173,622.70 (+413,361.99)"
2016,FY2016,LIBRARY,,35,,FISCAL YEAR ENDING 6/30/16 ; FORWARD | TOTAL | TOTAL | BALANCE FWD ; PROGRAM NAME | 711/2015 | RECEIPTS | DISBURSEMENTS | 7/1/2016 ; GENERAL GOVERNMENT,35.00,,,,,,1,,,,0,check failed,"v1: 2,711,371.31 vs printed 2,704,480.72 (+6,890.59) ; v2: 7,995,835.53 vs printed 6,543,358.01 (+1,452,477.52) ; v3: 7,083,504.22 vs printed 6,074,216.03 (+1,009,288.19) ; v4: 3,586,984.69 vs printed 3,173,622.70 (+413,361.99)"
2016,FY2016-addendum,,Conservation Fund,2,,,319.59,,,319.59,,,2,,,,0,check failed,"v1: 2,681,299.89 vs printed 2,704,480.72 (-23,180.83) ; v2: 6,402,239.96 vs printed 6,543,358.01 (-141,118.05) ; v3: 5,009,921.81 vs printed 6,074,216.03 (-1,064,294.22) ; v4: 3,530,355.84 vs printed 3,173,622.70 (+356,733.14)"
2016,FY2016-addendum,,Conservation Consultant Revolving,2,,,120.50,,,120.50,,,2,,,,0,check failed,"v1: 2,681,299.89 vs printed 2,704,480.72 (-23,180.83) ; v2: 6,402,239.96 vs printed 6,543,358.01 (-141,118.05) ; v3: 5,009,921.81 vs printed 6,074,216.03 (-1,064,294.22) ; v4: 3,530,355.84 vs printed 3,173,622.70 (+356,733.14)"
2016,FY2016-addendum,,Zoning Board Consultant Revolving,2,,,11301.96,,,11301.96,,,2,,,,0,check failed,"v1: 2,681,299.89 vs printed 2,704,480.72 (-23,180.83) ; v2: 6,402,239.96 vs printed 6,543,358.01 (-141,118.05) ; v3: 5,009,921.81 vs printed 6,074,216.03 (-1,064,294.22) ; v4: 3,530,355.84 vs printed 3,173,622.70 (+356,733.14)"
2016,FY2016-addendum,,Conservation Gift Fund-Cook Farm,2,,,148.00,,,148.00,,,2,,,,0,check failed,"v1: 2,681,299.89 vs printed 2,704,480.72 (-23,180.83) ; v2: 6,402,239.96 vs printed 6,543,358.01 (-141,118.05) ; v3: 5,009,921.81 vs printed 6,074,216.03 (-1,064,294.22) ; v4: 3,530,355.84 vs printed 3,173,622.70 (+356,733.14)"
2016,FY2016-addendum,,Town Records Gift Fund,2,,,252.35,,,252.35,,,2,,,,0,check failed,"v1: 2,681,299.89 vs printed 2,704,480.72 (-23,180.83) ; v2: 6,402,239.96 vs printed 6,543,358.01 (-141,118.05) ; v3: 5,009,921.81 vs printed 6,074,216.03 (-1,064,294.22) ; v4: 3,530,355.84 vs printed 3,173,622.70 (+356,733.14)"
2016,FY2016-addendum,,Scholarship Fund,2,,,232.26,,,232.26,,,2,,,,0,check failed,"v1: 2,681,299.89 vs printed 2,704,480.72 (-23,180.83) ; v2: 6,402,239.96 vs printed 6,543,358.01 (-141,118.05) ; v3: 5,009,921.81 vs printed 6,074,216.03 (-1,064,294.22) ; v4: 3,530,355.84 vs printed 3,173,622.70 (+356,733.14)"
2016,FY2016-addendum,,Sewer Gift Fund,2,,,387.09,,,387.09,,,2,,,,0,check failed,"v1: 2,681,299.89 vs printed 2,704,480.72 (-23,180.83) ; v2: 6,402,239.96 vs printed 6,543,358.01 (-141,118.05) ; v3: 5,009,921.81 vs printed 6,074,216.03 (-1,064,294.22) ; v4: 3,530,355.84 vs printed 3,173,622.70 (+356,733.14)"
2016,FY2016-addendum,,Insurance Recoveries,2,,,3619.33,34502.25,4414.00,33707.58,,,4,,fund balances: forward + receipts - disbursements = carried forward,,0,check failed,"v1: 2,681,299.89 vs printed 2,704,480.72 (-23,180.83) ; v2: 6,402,239.96 vs printed 6,543,358.01 (-141,118.05) ; v3: 5,009,921.81 vs printed 6,074,216.03 (-1,064,294.22) ; v4: 3,530,355.84 vs printed 3,173,622.70 (+356,733.14)"
2016,FY2016-addendum,,Town Hall Chimney Grant,2,,,3000.00,,,3000.00,,,2,,,,0,check failed,"v1: 2,681,299.89 vs printed 2,704,480.72 (-23,180.83) ; v2: 6,402,239.96 vs printed 6,543,358.01 (-141,118.05) ; v3: 5,009,921.81 vs printed 6,074,216.03 (-1,064,294.22) ; v4: 3,530,355.84 vs printed 3,173,622.70 (+356,733.14)"
2016,FY2016-addendum,,General Government Gift Fund,2,,,1110.00,,,1110.00,,,2,,,,0,check failed,"v1: 2,681,299.89 vs printed 2,704,480.72 (-23,180.83) ; v2: 6,402,239.96 vs printed 6,543,358.01 (-141,118.05) ; v3: 5,009,921.81 vs printed 6,074,216.03 (-1,064,294.22) ; v4: 3,530,355.84 vs printed 3,173,622.70 (+356,733.14)"
2016,FY2016-addendum,,Household Hazardous Waste,2,,,768.76,,,768.76,,,2,,,,0,check failed,"v1: 2,681,299.89 vs printed 2,704,480.72 (-23,180.83) ; v2: 6,402,239.96 vs printed 6,543,358.01 (-141,118.05) ; v3: 5,009,921.81 vs printed 6,074,216.03 (-1,064,294.22) ; v4: 3,530,355.84 vs printed 3,173,622.70 (+356,733.14)"
2016,FY2016-addendum,SCHOOL DEPARTMENT,,2,,,26050.14,396270.67,410580.86,11739.95,,,4,,fund balances: forward + receipts - disbursements = carried forward,,0,check failed,"v1: 2,681,299.89 vs printed 2,704,480.72 (-23,180.83) ; v2: 6,402,239.96 vs printed 6,543,358.01 (-141,118.05) ; v3: 5,009,921.81 vs printed 6,074,216.03 (-1,064,294.22) ; v4: 3,530,355.84 vs printed 3,173,622.70 (+356,733.14)"
2016,FY2016-addendum,SCHOOL DEPARTMENT,Title I #305,2,,,-27107.00,328796.00,293566.79,8122.21,,,4,,fund balances: forward + receipts - disbursements = carried forward,,0,check failed,"v1: 2,681,299.89 vs printed 2,704,480.72 (-23,180.83) ; v2: 6,402,239.96 vs printed 6,543,358.01 (-141,118.05) ; v3: 5,009,921.81 vs printed 6,074,216.03 (-1,064,294.22) ; v4: 3,530,355.84 vs printed 3,173,622.70 (+356,733.14)"
2016,FY2016-addendum,SCHOOL DEPARTMENT,PL 94-142 #240,2,,,-51747.42,398638.00,338722.24,8168.34,,,4,,fund balances: forward + receipts - disbursements = carried forward,,0,check failed,"v1: 2,681,299.89 vs printed 2,704,480.72 (-23,180.83) ; v2: 6,402,239.96 vs printed 6,543,358.01 (-141,118.05) ; v3: 5,009,921.81 vs printed 6,074,216.03 (-1,064,294.22) ; v4: 3,530,355.84 vs printed 3,173,622.70 (+356,733.14)"
2016,FY2016-addendum,SCHOOL DEPARTMENT,United Way Venture,2,,,40.42,,,40.42,,,2,,,,0,check failed,"v1: 2,681,299.89 vs printed 2,704,480.72 (-23,180.83) ; v2: 6,402,239.96 vs printed 6,543,358.01 (-141,118.05) ; v3: 5,009,921.81 vs printed 6,074,216.03 (-1,064,294.22) ; v4: 3,530,355.84 vs printed 3,173,622.70 (+356,733.14)"
2016,FY2016-addendum,SCHOOL DEPARTMENT,Recovery for Lost Books,2,,,7215.22,391.99,88.24,7518.97,,,4,,fund balances: forward + receipts - disbursements = carried forward,,0,check failed,"v1: 2,681,299.89 vs printed 2,704,480.72 (-23,180.83) ; v2: 6,402,239.96 vs printed 6,543,358.01 (-141,118.05) ; v3: 5,009,921.81 vs printed 6,074,216.03 (-1,064,294.22) ; v4: 3,530,355.84 vs printed 3,173,622.70 (+356,733.14)"
2016,FY2016-addendum,SCHOOL DEPARTMENT,Chapter 658 School Athletics,2,,,54157.96,109350.98,113818.68,49690.26,,,4,,fund balances: forward + receipts - disbursements = carried forward,,0,check failed,"v1: 2,681,299.89 vs printed 2,704,480.72 (-23,180.83) ; v2: 6,402,239.96 vs printed 6,543,358.01 (-141,118.05) ; v3: 5,009,921.81 vs printed 6,074,216.03 (-1,064,294.22) ; v4: 3,530,355.84 vs printed 3,173,622.70 (+356,733.14)"
2016,FY2016-addendum,SCHOOL DEPARTMENT,After School Activities,2,,,99525.03,201225.05,191032.36,109717.72,,,4,,fund balances: forward + receipts - disbursements = carried forward,,0,check failed,"v1: 2,681,299.89 vs printed 2,704,480.72 (-23,180.83) ; v2: 6,402,239.96 vs printed 6,543,358.01 (-141,118.05) ; v3: 5,009,921.81 vs printed 6,074,216.03 (-1,064,294.22) ; v4: 3,530,355.84 vs printed 3,173,622.70 (+356,733.14)"
2016,FY2016-addendum,SCHOOL DEPARTMENT,School Facilities Use,2,,,854.95,533108.96,19489.63,14474.28,,,4,,"does NOT balance by +500,000.00",,0,check failed,"v1: 2,681,299.89 vs printed 2,704,480.72 (-23,180.83) ; v2: 6,402,239.96 vs printed 6,543,358.01 (-141,118.05) ; v3: 5,009,921.81 vs printed 6,074,216.03 (-1,064,294.22) ; v4: 3,530,355.84 vs printed 3,173,622.70 (+356,733.14)"
2016,FY2016-addendum,SCHOOL DEPARTMENT,Non-Resident Tuition,2,,,44714.73,18372.00,0.00,63086.73,,,4,,fund balances: forward + receipts - disbursements = carried forward,,0,check failed,"v1: 2,681,299.89 vs printed 2,704,480.72 (-23,180.83) ; v2: 6,402,239.96 vs printed 6,543,358.01 (-141,118.05) ; v3: 5,009,921.81 vs printed 6,074,216.03 (-1,064,294.22) ; v4: 3,530,355.84 vs printed 3,173,622.70 (+356,733.14)"
2016,FY2016-addendum,SCHOOL DEPARTMENT,Adult Education,2,,,4346.61,500.90,300.00,4547.51,,,4,,fund balances: forward + receipts - disbursements = carried forward,,0,check failed,"v1: 2,681,299.89 vs printed 2,704,480.72 (-23,180.83) ; v2: 6,402,239.96 vs printed 6,543,358.01 (-141,118.05) ; v3: 5,009,921.81 vs printed 6,074,216.03 (-1,064,294.22) ; v4: 3,530,355.84 vs printed 3,173,622.70 (+356,733.14)"
2016,FY2016-addendum,SCHOOL DEPARTMENT,,2,,,90.00,,,90.00,,,2,,,,0,check failed,"v1: 2,681,299.89 vs printed 2,704,480.72 (-23,180.83) ; v2: 6,402,239.96 vs printed 6,543,358.01 (-141,118.05) ; v3: 5,009,921.81 vs printed 6,074,216.03 (-1,064,294.22) ; v4: 3,530,355.84 vs printed 3,173,622.70 (+356,733.14)"
2016,FY2016-addendum,SCHOOL DEPARTMENT,,2,,,254512.23,286673.00,144315.65,396869.58,,,4,,fund balances: forward + receipts - disbursements = carried forward,,0,check failed,"v1: 2,681,299.89 vs printed 2,704,480.72 (-23,180.83) ; v2: 6,402,239.96 vs printed 6,543,358.01 (-141,118.05) ; v3: 5,009,921.81 vs printed 6,074,216.03 (-1,064,294.22) ; v4: 3,530,355.84 vs printed 3,173,622.70 (+356,733.14)"
2016,FY2016-addendum,SCHOOL DEPARTMENT,School Gift Fund,2,,,72215.22,77373.34,54019.74,95568.82,,,4,,fund balances: forward + receipts - disbursements = carried forward,,0,check failed,"v1: 2,681,299.89 vs printed 2,704,480.72 (-23,180.83) ; v2: 6,402,239.96 vs printed 6,543,358.01 (-141,118.05) ; v3: 5,009,921.81 vs printed 6,074,216.03 (-1,064,294.22) ; v4: 3,530,355.84 vs printed 3,173,622.70 (+356,733.14)"
2016,FY2016-addendum,SCHOOL DEPARTMENT,Greenthumb Revolving,2,,,3774.01,1395.90,5148.38,21.53,,,4,,fund balances: forward + receipts - disbursements = carried forward,,0,check failed,"v1: 2,681,299.89 vs printed 2,704,480.72 (-23,180.83) ; v2: 6,402,239.96 vs printed 6,543,358.01 (-141,118.05) ; v3: 5,009,921.81 vs printed 6,074,216.03 (-1,064,294.22) ; v4: 3,530,355.84 vs printed 3,173,622.70 (+356,733.14)"
2016,FY2016-addendum,SCHOOL DEPARTMENT,Custodian Special Details,2,,,4721.10,13269.67,14673.98,3316.79,,,4,,fund balances: forward + receipts - disbursements = carried forward,,0,check failed,"v1: 2,681,299.89 vs printed 2,704,480.72 (-23,180.83) ; v2: 6,402,239.96 vs printed 6,543,358.01 (-141,118.05) ; v3: 5,009,921.81 vs printed 6,074,216.03 (-1,064,294.22) ; v4: 3,530,355.84 vs printed 3,173,622.70 (+356,733.14)"
2016,FY2016-addendum,SCHOOL DEPARTMENT,,3,,,94.65,,,94.65,,,2,,,,0,check failed,"v1: 2,681,299.89 vs printed 2,704,480.72 (-23,180.83) ; v2: 6,402,239.96 vs printed 6,543,358.01 (-141,118.05) ; v3: 5,009,921.81 vs printed 6,074,216.03 (-1,064,294.22) ; v4: 3,530,355.84 vs printed 3,173,622.70 (+356,733.14)"
2016,FY2016-addendum,SCHOOL DEPARTMENT,50/50 Grant Sped Tuitions,3,,,-119894.01,962816.00,586891.16,256030.83,,,4,,fund balances: forward + receipts - disbursements = carried forward,,0,check failed,"v1: 2,681,299.89 vs printed 2,704,480.72 (-23,180.83) ; v2: 6,402,239.96 vs printed 6,543,358.01 (-141,118.05) ; v3: 5,009,921.81 vs printed 6,074,216.03 (-1,064,294.22) ; v4: 3,530,355.84 vs printed 3,173,622.70 (+356,733.14)"
2016,FY2016-addendum,SCHOOL DEPARTMENT,Insurance Recoveries - School,3,,,2457.35,,,2457.35,,,2,,,,0,check failed,"v1: 2,681,299.89 vs printed 2,704,480.72 (-23,180.83) ; v2: 6,402,239.96 vs printed 6,543,358.01 (-141,118.05) ; v3: 5,009,921.81 vs printed 6,074,216.03 (-1,064,294.22) ; v4: 3,530,355.84 vs printed 3,173,622.70 (+356,733.14)"
2016,FY2016-addendum,SCHOOL DEPARTMENT,Extended Day Revolving Fund,3,,,112884.10,300590.66,246943.94,166530.82,,,4,,fund balances: forward + receipts - disbursements = carried forward,,0,check failed,"v1: 2,681,299.89 vs printed 2,704,480.72 (-23,180.83) ; v2: 6,402,239.96 vs printed 6,543,358.01 (-141,118.05) ; v3: 5,009,921.81 vs printed 6,074,216.03 (-1,064,294.22) ; v4: 3,530,355.84 vs printed 3,173,622.70 (+356,733.14)"
2016,FY2016-addendum,SCHOOL DEPARTMENT,Vending Machine Revolving,3,,,1954.71,,,1954.71,,,2,,,,0,check failed,"v1: 2,681,299.89 vs printed 2,704,480.72 (-23,180.83) ; v2: 6,402,239.96 vs printed 6,543,358.01 (-141,118.05) ; v3: 5,009,921.81 vs printed 6,074,216.03 (-1,064,294.22) ; v4: 3,530,355.84 vs printed 3,173,622.70 (+356,733.14)"
2016,FY2016-addendum,SCHOOL DEPARTMENT,Monbouquette Award,3,,,3.81,,,3.81,,,2,,,,0,check failed,"v1: 2,681,299.89 vs printed 2,704,480.72 (-23,180.83) ; v2: 6,402,239.96 vs printed 6,543,358.01 (-141,118.05) ; v3: 5,009,921.81 vs printed 6,074,216.03 (-1,064,294.22) ; v4: 3,530,355.84 vs printed 3,173,622.70 (+356,733.14)"
2016,FY2016-addendum,SCHOOL DEPARTMENT,Tufts University Heat Grant,3,,,113.45,,,113.45,,,2,,,,0,check failed,"v1: 2,681,299.89 vs printed 2,704,480.72 (-23,180.83) ; v2: 6,402,239.96 vs printed 6,543,358.01 (-141,118.05) ; v3: 5,009,921.81 vs printed 6,074,216.03 (-1,064,294.22) ; v4: 3,530,355.84 vs printed 3,173,622.70 (+356,733.14)"
2016,FY2016-addendum,SCHOOL DEPARTMENT,Underground Storage Tank Grant,3,,,1500.00,,,1500.00,,,2,,,,0,check failed,"v1: 2,681,299.89 vs printed 2,704,480.72 (-23,180.83) ; v2: 6,402,239.96 vs printed 6,543,358.01 (-141,118.05) ; v3: 5,009,921.81 vs printed 6,074,216.03 (-1,064,294.22) ; v4: 3,530,355.84 vs printed 3,173,622.70 (+356,733.14)"
2016,FY2016-addendum,SCHOOL DEPARTMENT,Hach Scientific Foundation Grant,3,,,90.61,,,90.61,,,2,,,,0,check failed,"v1: 2,681,299.89 vs printed 2,704,480.72 (-23,180.83) ; v2: 6,402,239.96 vs printed 6,543,358.01 (-141,118.05) ; v3: 5,009,921.81 vs printed 6,074,216.03 (-1,064,294.22) ; v4: 3,530,355.84 vs printed 3,173,622.70 (+356,733.14)"
2016,FY2016-addendum,SCHOOL DEPARTMENT,Family Network Gift Fund,3,,,3576.86,,120.00,3456.86,,,3,,one cell missing; derivable from the row itself,"v2 = 0.00, from this fund's own other three columns",0,check failed,"v1: 2,681,299.89 vs printed 2,704,480.72 (-23,180.83) ; v2: 6,402,239.96 vs printed 6,543,358.01 (-141,118.05) ; v3: 5,009,921.81 vs printed 6,074,216.03 (-1,064,294.22) ; v4: 3,530,355.84 vs printed 3,173,622.70 (+356,733.14)"
2016,FY2016-addendum,SCHOOL DEPARTMENT,EECG Energy Efficiency Grant,3,,,297.57,0.12,,297.69,,,3,,one cell missing; derivable from the row itself,"v3 = 0.00, from this fund's own other three columns",0,check failed,"v1: 2,681,299.89 vs printed 2,704,480.72 (-23,180.83) ; v2: 6,402,239.96 vs printed 6,543,358.01 (-141,118.05) ; v3: 5,009,921.81 vs printed 6,074,216.03 (-1,064,294.22) ; v4: 3,530,355.84 vs printed 3,173,622.70 (+356,733.14)"
2016,FY2016-addendum,SCHOOL DEPARTMENT,Full Day Kindergarten Grant,3,,,0.00,36740.00,36740.00,0.00,,,4,,fund balances: forward + receipts - disbursements = carried forward,,0,check failed,"v1: 2,681,299.89 vs printed 2,704,480.72 (-23,180.83) ; v2: 6,402,239.96 vs printed 6,543,358.01 (-141,118.05) ; v3: 5,009,921.81 vs printed 6,074,216.03 (-1,064,294.22) ; v4: 3,530,355.84 vs printed 3,173,622.70 (+356,733.14)"
2016,FY2016-addendum,SCHOOL DEPARTMENT,Regional Dissemination Grant,3,,,35.00,,,35.00,,,2,,,,0,check failed,"v1: 2,681,299.89 vs printed 2,704,480.72 (-23,180.83) ; v2: 6,402,239.96 vs printed 6,543,358.01 (-141,118.05) ; v3: 5,009,921.81 vs printed 6,074,216.03 (-1,064,294.22) ; v4: 3,530,355.84 vs printed 3,173,622.70 (+356,733.14)"
2016,FY2016-addendum,SCHOOL DEPARTMENT,Sped Early Childhood Grant,3,,,0.00,11907.00,11907.00,0.00,,,4,,fund balances: forward + receipts - disbursements = carried forward,,0,check failed,"v1: 2,681,299.89 vs printed 2,704,480.72 (-23,180.83) ; v2: 6,402,239.96 vs printed 6,543,358.01 (-141,118.05) ; v3: 5,009,921.81 vs printed 6,074,216.03 (-1,064,294.22) ; v4: 3,530,355.84 vs printed 3,173,622.70 (+356,733.14)"
2016,FY2016-addendum,SCHOOL DEPARTMENT,Family & Community Grant,3,,,0.00,37500.00,37500.00,0.00,,,4,,fund balances: forward + receipts - disbursements = carried forward,,0,check failed,"v1: 2,681,299.89 vs printed 2,704,480.72 (-23,180.83) ; v2: 6,402,239.96 vs printed 6,543,358.01 (-141,118.05) ; v3: 5,009,921.81 vs printed 6,074,216.03 (-1,064,294.22) ; v4: 3,530,355.84 vs printed 3,173,622.70 (+356,733.14)"
2016,FY2016-addendum,SCHOOL DEPARTMENT,Early Childhood Sped Program Improvements,3,yes,,0.00,2000.00,2000.00,0.00,,,4,,fund balances: forward + receipts - disbursements = carried forward,,0,check failed,"v1: 2,681,299.89 vs printed 2,704,480.72 (-23,180.83) ; v2: 6,402,239.96 vs printed 6,543,358.01 (-141,118.05) ; v3: 5,009,921.81 vs printed 6,074,216.03 (-1,064,294.22) ; v4: 3,530,355.84 vs printed 3,173,622.70 (+356,733.14)"
2016,FY2016-addendum,SCHOOL DEPARTMENT,Secondary Transition Grant,3,,,0.00,2000.00,670.88,1329.12,,,4,,fund balances: forward + receipts - disbursements = carried forward,,0,check failed,"v1: 2,681,299.89 vs printed 2,704,480.72 (-23,180.83) ; v2: 6,402,239.96 vs printed 6,543,358.01 (-141,118.05) ; v3: 5,009,921.81 vs printed 6,074,216.03 (-1,064,294.22) ; v4: 3,530,355.84 vs printed 3,173,622.70 (+356,733.14)"
2016,FY2016-addendum,SCHOOL DEPARTMENT,Sped Program Improvement Grant,3,,,230.72,12818.00,13015.71,33.01,,,4,,fund balances: forward + receipts - disbursements = carried forward,,0,check failed,"v1: 2,681,299.89 vs printed 2,704,480.72 (-23,180.83) ; v2: 6,402,239.96 vs printed 6,543,358.01 (-141,118.05) ; v3: 5,009,921.81 vs printed 6,074,216.03 (-1,064,294.22) ; v4: 3,530,355.84 vs printed 3,173,622.70 (+356,733.14)"
2016,FY2016-addendum,SCHOOL DEPARTMENT,Early Childhood Program Improvement,3,,,426.00,4574.00,5000.00,0.00,,,4,,fund balances: forward + receipts - disbursements = carried forward,,0,check failed,"v1: 2,681,299.89 vs printed 2,704,480.72 (-23,180.83) ; v2: 6,402,239.96 vs printed 6,543,358.01 (-141,118.05) ; v3: 5,009,921.81 vs printed 6,074,216.03 (-1,064,294.22) ; v4: 3,530,355.84 vs printed 3,173,622.70 (+356,733.14)"
2016,FY2016-addendum,SCHOOL DEPARTMENT,Teacher Quality,3,,,-9937.00,41900.00,31963.00,0.00,,,4,,fund balances: forward + receipts - disbursements = carried forward,,0,check failed,"v1: 2,681,299.89 vs printed 2,704,480.72 (-23,180.83) ; v2: 6,402,239.96 vs printed 6,543,358.01 (-141,118.05) ; v3: 5,009,921.81 vs printed 6,074,216.03 (-1,064,294.22) ; v4: 3,530,355.84 vs printed 3,173,622.70 (+356,733.14)"
2016,FY2016-addendum,SCHOOL DEPARTMENT,SBIRT Grant,3,,,0.00,2612.00,2612.00,0.00,,,4,,fund balances: forward + receipts - disbursements = carried forward,,0,check failed,"v1: 2,681,299.89 vs printed 2,704,480.72 (-23,180.83) ; v2: 6,402,239.96 vs printed 6,543,358.01 (-141,118.05) ; v3: 5,009,921.81 vs printed 6,074,216.03 (-1,064,294.22) ; v4: 3,530,355.84 vs printed 3,173,622.70 (+356,733.14)"
2016,FY2016-addendum,SCHOOL DEPARTMENT,LS Innovation Award,3,,,0.00,1000.00,1000.00,0.00,,,4,,fund balances: forward + receipts - disbursements = carried forward,,0,check failed,"v1: 2,681,299.89 vs printed 2,704,480.72 (-23,180.83) ; v2: 6,402,239.96 vs printed 6,543,358.01 (-141,118.05) ; v3: 5,009,921.81 vs printed 6,074,216.03 (-1,064,294.22) ; v4: 3,530,355.84 vs printed 3,173,622.70 (+356,733.14)"
2016,FY2016-addendum,SCHOOL DEPARTMENT,Student Transportation Offset Fund,3,yes,,0.00,32163.50,32163.50,0.00,,,4,,fund balances: forward + receipts - disbursements = carried forward,,0,check failed,"v1: 2,681,299.89 vs printed 2,704,480.72 (-23,180.83) ; v2: 6,402,239.96 vs printed 6,543,358.01 (-141,118.05) ; v3: 5,009,921.81 vs printed 6,074,216.03 (-1,064,294.22) ; v4: 3,530,355.84 vs printed 3,173,622.70 (+356,733.14)"
2016,FY2016-addendum,PUBLIC SAFETY,Insurance Recoveries - Police,3,,,1496.25,3856.24,761.00,4591.49,,,4,,fund balances: forward + receipts - disbursements = carried forward,,0,check failed,"v1: 2,681,299.89 vs printed 2,704,480.72 (-23,180.83) ; v2: 6,402,239.96 vs printed 6,543,358.01 (-141,118.05) ; v3: 5,009,921.81 vs printed 6,074,216.03 (-1,064,294.22) ; v4: 3,530,355.84 vs printed 3,173,622.70 (+356,733.14)"
2016,FY2016-addendum,PUBLIC SAFETY,Community Policing FY 96,3,,,6.55,,,6.55,,,2,,,,0,check failed,"v1: 2,681,299.89 vs printed 2,704,480.72 (-23,180.83) ; v2: 6,402,239.96 vs printed 6,543,358.01 (-141,118.05) ; v3: 5,009,921.81 vs printed 6,074,216.03 (-1,064,294.22) ; v4: 3,530,355.84 vs printed 3,173,622.70 (+356,733.14)"
2016,FY2016-addendum,PUBLIC SAFETY,Community Policing FY 97,3,,,1.97,,,1.97,,,2,,,,0,check failed,"v1: 2,681,299.89 vs printed 2,704,480.72 (-23,180.83) ; v2: 6,402,239.96 vs printed 6,543,358.01 (-141,118.05) ; v3: 5,009,921.81 vs printed 6,074,216.03 (-1,064,294.22) ; v4: 3,530,355.84 vs printed 3,173,622.70 (+356,733.14)"
2016,FY2016-addendum,PUBLIC SAFETY,,4,,,34.85,,,34.85,,,2,,,,0,check failed,"v1: 2,681,299.89 vs printed 2,704,480.72 (-23,180.83) ; v2: 6,402,239.96 vs printed 6,543,358.01 (-141,118.05) ; v3: 5,009,921.81 vs printed 6,074,216.03 (-1,064,294.22) ; v4: 3,530,355.84 vs printed 3,173,622.70 (+356,733.14)"
2016,FY2016-addendum,PUBLIC SAFETY,D.A.R.E. | Grant FY 97,4,,,0.25,,,0.25,,,2,,,,0,check failed,"v1: 2,681,299.89 vs printed 2,704,480.72 (-23,180.83) ; v2: 6,402,239.96 vs printed 6,543,358.01 (-141,118.05) ; v3: 5,009,921.81 vs printed 6,074,216.03 (-1,064,294.22) ; v4: 3,530,355.84 vs printed 3,173,622.70 (+356,733.14)"
2016,FY2016-addendum,PUBLIC SAFETY,Community Policing,4,,,2291.12,,,2291.12,,,2,,,,0,check failed,"v1: 2,681,299.89 vs printed 2,704,480.72 (-23,180.83) ; v2: 6,402,239.96 vs printed 6,543,358.01 (-141,118.05) ; v3: 5,009,921.81 vs printed 6,074,216.03 (-1,064,294.22) ; v4: 3,530,355.84 vs printed 3,173,622.70 (+356,733.14)"
2016,FY2016-addendum,PUBLIC SAFETY,Cops Universal Hiring,4,,,1289.84,,,1289.84,,,2,,,,0,check failed,"v1: 2,681,299.89 vs printed 2,704,480.72 (-23,180.83) ; v2: 6,402,239.96 vs printed 6,543,358.01 (-141,118.05) ; v3: 5,009,921.81 vs printed 6,074,216.03 (-1,064,294.22) ; v4: 3,530,355.84 vs printed 3,173,622.70 (+356,733.14)"
2016,FY2016-addendum,PUBLIC SAFETY,EOPS Vest Reimbursement,4,,,1862.50,,1800.00,62.50,,,3,,one cell missing; derivable from the row itself,"v2 = 0.00, from this fund's own other three columns",0,check failed,"v1: 2,681,299.89 vs printed 2,704,480.72 (-23,180.83) ; v2: 6,402,239.96 vs printed 6,543,358.01 (-141,118.05) ; v3: 5,009,921.81 vs printed 6,074,216.03 (-1,064,294.22) ; v4: 3,530,355.84 vs printed 3,173,622.70 (+356,733.14)"
2016,FY2016-addendum,PUBLIC SAFETY,Protective Order Grant Program,4,,,135.15,,,135.15,,,2,,,,0,check failed,"v1: 2,681,299.89 vs printed 2,704,480.72 (-23,180.83) ; v2: 6,402,239.96 vs printed 6,543,358.01 (-141,118.05) ; v3: 5,009,921.81 vs printed 6,074,216.03 (-1,064,294.22) ; v4: 3,530,355.84 vs printed 3,173,622.70 (+356,733.14)"
2016,FY2016-addendum,PUBLIC SAFETY,Walmart Grant - Police Dept.,4,,,1000.00,,,1000.00,,,2,,,,0,check failed,"v1: 2,681,299.89 vs printed 2,704,480.72 (-23,180.83) ; v2: 6,402,239.96 vs printed 6,543,358.01 (-141,118.05) ; v3: 5,009,921.81 vs printed 6,074,216.03 (-1,064,294.22) ; v4: 3,530,355.84 vs printed 3,173,622.70 (+356,733.14)"
2016,FY2016-addendum,PUBLIC SAFETY,,4,,,30.00,,,30.00,,,2,,,,0,check failed,"v1: 2,681,299.89 vs printed 2,704,480.72 (-23,180.83) ; v2: 6,402,239.96 vs printed 6,543,358.01 (-141,118.05) ; v3: 5,009,921.81 vs printed 6,074,216.03 (-1,064,294.22) ; v4: 3,530,355.84 vs printed 3,173,622.70 (+356,733.14)"
2016,FY2016-addendum,PUBLIC SAFETY,,4,,,9.84,,,9.84,,,2,,,,0,check failed,"v1: 2,681,299.89 vs printed 2,704,480.72 (-23,180.83) ; v2: 6,402,239.96 vs printed 6,543,358.01 (-141,118.05) ; v3: 5,009,921.81 vs printed 6,074,216.03 (-1,064,294.22) ; v4: 3,530,355.84 vs printed 3,173,622.70 (+356,733.14)"
2016,FY2016-addendum,PUBLIC SAFETY,State 911 Grant - Fire Dept,4,,,7.00,,,7.00,,,2,,,,0,check failed,"v1: 2,681,299.89 vs printed 2,704,480.72 (-23,180.83) ; v2: 6,402,239.96 vs printed 6,543,358.01 (-141,118.05) ; v3: 5,009,921.81 vs printed 6,074,216.03 (-1,064,294.22) ; v4: 3,530,355.84 vs printed 3,173,622.70 (+356,733.14)"
2016,FY2016-addendum,PUBLIC SAFETY,Police/Fire Special Details,4,,,16883.09,269132.26,277281.69,8733.66,,,4,,fund balances: forward + receipts - disbursements = carried forward,,0,check failed,"v1: 2,681,299.89 vs printed 2,704,480.72 (-23,180.83) ; v2: 6,402,239.96 vs printed 6,543,358.01 (-141,118.05) ; v3: 5,009,921.81 vs printed 6,074,216.03 (-1,064,294.22) ; v4: 3,530,355.84 vs printed 3,173,622.70 (+356,733.14)"
2016,FY2016-addendum,PUBLIC SAFETY,,4,,,579.06,93377.33,93377.33,579.06,,,4,,fund balances: forward + receipts - disbursements = carried forward,,0,check failed,"v1: 2,681,299.89 vs printed 2,704,480.72 (-23,180.83) ; v2: 6,402,239.96 vs printed 6,543,358.01 (-141,118.05) ; v3: 5,009,921.81 vs printed 6,074,216.03 (-1,064,294.22) ; v4: 3,530,355.84 vs printed 3,173,622.70 (+356,733.14)"
2016,FY2016-addendum,PUBLIC SAFETY,Firefighter Equipment Grant - FY05,4,,,419.60,,,419.60,,,2,,,,0,check failed,"v1: 2,681,299.89 vs printed 2,704,480.72 (-23,180.83) ; v2: 6,402,239.96 vs printed 6,543,358.01 (-141,118.05) ; v3: 5,009,921.81 vs printed 6,074,216.03 (-1,064,294.22) ; v4: 3,530,355.84 vs printed 3,173,622.70 (+356,733.14)"
2016,FY2016-addendum,PUBLIC SAFETY,Confined Space Training,4,,,1956.77,,,1956.77,,,2,,,,0,check failed,"v1: 2,681,299.89 vs printed 2,704,480.72 (-23,180.83) ; v2: 6,402,239.96 vs printed 6,543,358.01 (-141,118.05) ; v3: 5,009,921.81 vs printed 6,074,216.03 (-1,064,294.22) ; v4: 3,530,355.84 vs printed 3,173,622.70 (+356,733.14)"
2016,FY2016-addendum,PUBLIC SAFETY,Police NRA Foundation Grant,4,,,0.10,,,0.10,,,2,,,,0,check failed,"v1: 2,681,299.89 vs printed 2,704,480.72 (-23,180.83) ; v2: 6,402,239.96 vs printed 6,543,358.01 (-141,118.05) ; v3: 5,009,921.81 vs printed 6,074,216.03 (-1,064,294.22) ; v4: 3,530,355.84 vs printed 3,173,622.70 (+356,733.14)"
2016,FY2016-addendum,PUBLIC SAFETY,COPS Secure Our Schools,4,,,0.82,,,0.82,,,2,,,,0,check failed,"v1: 2,681,299.89 vs printed 2,704,480.72 (-23,180.83) ; v2: 6,402,239.96 vs printed 6,543,358.01 (-141,118.05) ; v3: 5,009,921.81 vs printed 6,074,216.03 (-1,064,294.22) ; v4: 3,530,355.84 vs printed 3,173,622.70 (+356,733.14)"
2016,FY2016-addendum,PUBLIC SAFETY,Safe Grant - Fire Department,4,,,6586.65,6953.00,6194.18,7345.47,,,4,,fund balances: forward + receipts - disbursements = carried forward,,0,check failed,"v1: 2,681,299.89 vs printed 2,704,480.72 (-23,180.83) ; v2: 6,402,239.96 vs printed 6,543,358.01 (-141,118.05) ; v3: 5,009,921.81 vs printed 6,074,216.03 (-1,064,294.22) ; v4: 3,530,355.84 vs printed 3,173,622.70 (+356,733.14)"
2016,FY2016-addendum,PUBLIC SAFETY,CHEck or Ticket,4,,,-1108.16,6648.47,7504.36,-1964.05,,,4,,fund balances: forward + receipts - disbursements = carried forward,,0,check failed,"v1: 2,681,299.89 vs printed 2,704,480.72 (-23,180.83) ; v2: 6,402,239.96 vs printed 6,543,358.01 (-141,118.05) ; v3: 5,009,921.81 vs printed 6,074,216.03 (-1,064,294.22) ; v4: 3,530,355.84 vs printed 3,173,622.70 (+356,733.14)"
2016,FY2016-addendum,PUBLIC SAFETY,K-9 Grant - Stanton Foundation,4,,,26852.18,,11522.69,15329.49,,,3,,one cell missing; derivable from the row itself,"v2 = 0.00, from this fund's own other three columns",0,check failed,"v1: 2,681,299.89 vs printed 2,704,480.72 (-23,180.83) ; v2: 6,402,239.96 vs printed 6,543,358.01 (-141,118.05) ; v3: 5,009,921.81 vs printed 6,074,216.03 (-1,064,294.22) ; v4: 3,530,355.84 vs printed 3,173,622.70 (+356,733.14)"
2016,FY2016-addendum,PUBLIC SAFETY,Federal Drug Forfeiture,4,,,-1139.50,30387.70,24044.16,5204.04,,,4,,fund balances: forward + receipts - disbursements = carried forward,,0,check failed,"v1: 2,681,299.89 vs printed 2,704,480.72 (-23,180.83) ; v2: 6,402,239.96 vs printed 6,543,358.01 (-141,118.05) ; v3: 5,009,921.81 vs printed 6,074,216.03 (-1,064,294.22) ; v4: 3,530,355.84 vs printed 3,173,622.70 (+356,733.14)"
2016,FY2016-addendum,PUBLIC SAFETY,Underage Alcohol Enforcement,4,,,0.00,,686.66,-686.66,,,3,,one cell missing; derivable from the row itself,"v2 = 0.00, from this fund's own other three columns",0,check failed,"v1: 2,681,299.89 vs printed 2,704,480.72 (-23,180.83) ; v2: 6,402,239.96 vs printed 6,543,358.01 (-141,118.05) ; v3: 5,009,921.81 vs printed 6,074,216.03 (-1,064,294.22) ; v4: 3,530,355.84 vs printed 3,173,622.70 (+356,733.14)"
2016,FY2016-addendum,PUBLIC SAFETY,EMPG Grant,4,,,102.01,,5955.00,-5852.99,,,3,,one cell missing; derivable from the row itself,"v2 = 0.00, from this fund's own other three columns",0,check failed,"v1: 2,681,299.89 vs printed 2,704,480.72 (-23,180.83) ; v2: 6,402,239.96 vs printed 6,543,358.01 (-141,118.05) ; v3: 5,009,921.81 vs printed 6,074,216.03 (-1,064,294.22) ; v4: 3,530,355.84 vs printed 3,173,622.70 (+356,733.14)"
2016,FY2016-addendum,PARKS & RECREATION,Park User Fees,4,,,0.00,11721.25,11721.25,0.00,,,4,,fund balances: forward + receipts - disbursements = carried forward,,0,check failed,"v1: 2,681,299.89 vs printed 2,704,480.72 (-23,180.83) ; v2: 6,402,239.96 vs printed 6,543,358.01 (-141,118.05) ; v3: 5,009,921.81 vs printed 6,074,216.03 (-1,064,294.22) ; v4: 3,530,355.84 vs printed 3,173,622.70 (+356,733.14)"
2016,FY2016-addendum,PARKS & RECREATION,Park Gift Fund,4,,,1760.00,,1008.00,752.00,,,3,,one cell missing; derivable from the row itself,"v2 = 0.00, from this fund's own other three columns",0,check failed,"v1: 2,681,299.89 vs printed 2,704,480.72 (-23,180.83) ; v2: 6,402,239.96 vs printed 6,543,358.01 (-141,118.05) ; v3: 5,009,921.81 vs printed 6,074,216.03 (-1,064,294.22) ; v4: 3,530,355.84 vs printed 3,173,622.70 (+356,733.14)"
2016,FY2016-addendum,HIGHWAY DEPT,,5,,,1208.91,,,1208.91,,,2,,,,0,check failed,"v1: 2,681,299.89 vs printed 2,704,480.72 (-23,180.83) ; v2: 6,402,239.96 vs printed 6,543,358.01 (-141,118.05) ; v3: 5,009,921.81 vs printed 6,074,216.03 (-1,064,294.22) ; v4: 3,530,355.84 vs printed 3,173,622.70 (+356,733.14)"
2016,FY2016-addendum,HIGHWAY DEPT,,5,,,0.11,,,0.11,,,2,,,,0,check failed,"v1: 2,681,299.89 vs printed 2,704,480.72 (-23,180.83) ; v2: 6,402,239.96 vs printed 6,543,358.01 (-141,118.05) ; v3: 5,009,921.81 vs printed 6,074,216.03 (-1,064,294.22) ; v4: 3,530,355.84 vs printed 3,173,622.70 (+356,733.14)"
2016,FY2016-addendum,HIGHWAY DEPT,C.O.A./M.A.R.T. Revolving,5,,,-8329.28,41493.33,39654.31,-6490.26,,,4,,fund balances: forward + receipts - disbursements = carried forward,,0,check failed,"v1: 2,681,299.89 vs printed 2,704,480.72 (-23,180.83) ; v2: 6,402,239.96 vs printed 6,543,358.01 (-141,118.05) ; v3: 5,009,921.81 vs printed 6,074,216.03 (-1,064,294.22) ; v4: 3,530,355.84 vs printed 3,173,622.70 (+356,733.14)"
2016,FY2016-addendum,HIGHWAY DEPT,,5,,,0.00,18954.00,18954.00,0.00,,,4,,fund balances: forward + receipts - disbursements = carried forward,,0,check failed,"v1: 2,681,299.89 vs printed 2,704,480.72 (-23,180.83) ; v2: 6,402,239.96 vs printed 6,543,358.01 (-141,118.05) ; v3: 5,009,921.81 vs printed 6,074,216.03 (-1,064,294.22) ; v4: 3,530,355.84 vs printed 3,173,622.70 (+356,733.14)"
2016,FY2016-addendum,HIGHWAY DEPT,,5,,,1681.54,0.84,,1682.38,,,3,,one cell missing; derivable from the row itself,"v3 = -0.00, from this fund's own other three columns",0,check failed,"v1: 2,681,299.89 vs printed 2,704,480.72 (-23,180.83) ; v2: 6,402,239.96 vs printed 6,543,358.01 (-141,118.05) ; v3: 5,009,921.81 vs printed 6,074,216.03 (-1,064,294.22) ; v4: 3,530,355.84 vs printed 3,173,622.70 (+356,733.14)"
2016,FY2016-addendum,HIGHWAY DEPT,Venture Grant - Are You OK,5,,,24.00,,,24.00,,,2,,,,0,check failed,"v1: 2,681,299.89 vs printed 2,704,480.72 (-23,180.83) ; v2: 6,402,239.96 vs printed 6,543,358.01 (-141,118.05) ; v3: 5,009,921.81 vs printed 6,074,216.03 (-1,064,294.22) ; v4: 3,530,355.84 vs printed 3,173,622.70 (+356,733.14)"
2016,FY2016-addendum,HIGHWAY DEPT,,5,,,24734.13,14718.15,13114.76,26337.52,,,4,,fund balances: forward + receipts - disbursements = carried forward,,0,check failed,"v1: 2,681,299.89 vs printed 2,704,480.72 (-23,180.83) ; v2: 6,402,239.96 vs printed 6,543,358.01 (-141,118.05) ; v3: 5,009,921.81 vs printed 6,074,216.03 (-1,064,294.22) ; v4: 3,530,355.84 vs printed 3,173,622.70 (+356,733.14)"
2016,FY2016-addendum,HIGHWAY DEPT,,5,,,19168.54,650.00,,19818.54,,,3,,one cell missing; derivable from the row itself,"v3 = 0.00, from this fund's own other three columns",0,check failed,"v1: 2,681,299.89 vs printed 2,704,480.72 (-23,180.83) ; v2: 6,402,239.96 vs printed 6,543,358.01 (-141,118.05) ; v3: 5,009,921.81 vs printed 6,074,216.03 (-1,064,294.22) ; v4: 3,530,355.84 vs printed 3,173,622.70 (+356,733.14)"
2016,FY2016-addendum,HIGHWAY DEPT,,5,,,7666.23,6891.42,5624.39,8933.26,,,4,,fund balances: forward + receipts - disbursements = carried forward,,0,check failed,"v1: 2,681,299.89 vs printed 2,704,480.72 (-23,180.83) ; v2: 6,402,239.96 vs printed 6,543,358.01 (-141,118.05) ; v3: 5,009,921.81 vs printed 6,074,216.03 (-1,064,294.22) ; v4: 3,530,355.84 vs printed 3,173,622.70 (+356,733.14)"
2016,FY2016-addendum,HIGHWAY DEPT,,5,,,571.17,,,571.17,,,2,,,,0,check failed,"v1: 2,681,299.89 vs printed 2,704,480.72 (-23,180.83) ; v2: 6,402,239.96 vs printed 6,543,358.01 (-141,118.05) ; v3: 5,009,921.81 vs printed 6,074,216.03 (-1,064,294.22) ; v4: 3,530,355.84 vs printed 3,173,622.70 (+356,733.14)"
2016,FY2016-addendum,HIGHWAY DEPT,Sale of Cemetery Lots,5,,,194164.28,9780.33,16828.02,187116.59,,,4,,fund balances: forward + receipts - disbursements = carried forward,,0,check failed,"v1: 2,681,299.89 vs printed 2,704,480.72 (-23,180.83) ; v2: 6,402,239.96 vs printed 6,543,358.01 (-141,118.05) ; v3: 5,009,921.81 vs printed 6,074,216.03 (-1,064,294.22) ; v4: 3,530,355.84 vs printed 3,173,622.70 (+356,733.14)"
2016,FY2016-addendum,HIGHWAY DEPT,,5,,,2487.14,,,2487.14,,,2,,,,0,check failed,"v1: 2,681,299.89 vs printed 2,704,480.72 (-23,180.83) ; v2: 6,402,239.96 vs printed 6,543,358.01 (-141,118.05) ; v3: 5,009,921.81 vs printed 6,074,216.03 (-1,064,294.22) ; v4: 3,530,355.84 vs printed 3,173,622.70 (+356,733.14)"
2016,FY2016-addendum,HIGHWAY DEPT,Green Communities Grant,5,,,14984.83,,,14984.83,,,2,,,,0,check failed,"v1: 2,681,299.89 vs printed 2,704,480.72 (-23,180.83) ; v2: 6,402,239.96 vs printed 6,543,358.01 (-141,118.05) ; v3: 5,009,921.81 vs printed 6,074,216.03 (-1,064,294.22) ; v4: 3,530,355.84 vs printed 3,173,622.70 (+356,733.14)"
2016,FY2016-addendum,HIGHWAY DEPT,Agricultural Commission Grant,5,,,675.00,300.00,650.00,325.00,,,4,,fund balances: forward + receipts - disbursements = carried forward,,0,check failed,"v1: 2,681,299.89 vs printed 2,704,480.72 (-23,180.83) ; v2: 6,402,239.96 vs printed 6,543,358.01 (-141,118.05) ; v3: 5,009,921.81 vs printed 6,074,216.03 (-1,064,294.22) ; v4: 3,530,355.84 vs printed 3,173,622.70 (+356,733.14)"
2016,FY2016-addendum,HIGHWAY DEPT,Bell Tower Mtc. Fund-Town Hall,5,,,5606.37,,600.00,5006.37,,,3,,one cell missing; derivable from the row itself,"v2 = 0.00, from this fund's own other three columns",0,check failed,"v1: 2,681,299.89 vs printed 2,704,480.72 (-23,180.83) ; v2: 6,402,239.96 vs printed 6,543,358.01 (-141,118.05) ; v3: 5,009,921.81 vs printed 6,074,216.03 (-1,064,294.22) ; v4: 3,530,355.84 vs printed 3,173,622.70 (+356,733.14)"
2016,FY2016-addendum,HIGHWAY DEPT,Historical Comm. Gift Fund,5,,,137.36,,,137.36,,,2,,,,0,check failed,"v1: 2,681,299.89 vs printed 2,704,480.72 (-23,180.83) ; v2: 6,402,239.96 vs printed 6,543,358.01 (-141,118.05) ; v3: 5,009,921.81 vs printed 6,074,216.03 (-1,064,294.22) ; v4: 3,530,355.84 vs printed 3,173,622.70 (+356,733.14)"
2016,FY2016-addendum,HIGHWAY DEPT,FEMA Grant - January 2015 Blizzard,5,,,,43262.20,,0.00,,,2,,,,0,check failed,"v1: 2,681,299.89 vs printed 2,704,480.72 (-23,180.83) ; v2: 6,402,239.96 vs printed 6,543,358.01 (-141,118.05) ; v3: 5,009,921.81 vs printed 6,074,216.03 (-1,064,294.22) ; v4: 3,530,355.84 vs printed 3,173,622.70 (+356,733.14)"
2016,FY2016-addendum,HIGHWAY DEPT,Mass Historical Comm Grant-Town Hall,5,,,4150.00,,,4150.00,,,2,,,,0,check failed,"v1: 2,681,299.89 vs printed 2,704,480.72 (-23,180.83) ; v2: 6,402,239.96 vs printed 6,543,358.01 (-141,118.05) ; v3: 5,009,921.81 vs printed 6,074,216.03 (-1,064,294.22) ; v4: 3,530,355.84 vs printed 3,173,622.70 (+356,733.14)"
2016,FY2016-addendum,HIGHWAY DEPT,Public Safety Gift Fund,5,,,667.38,,447.00,220.38,,,3,,one cell missing; derivable from the row itself,"v2 = 0.00, from this fund's own other three columns",0,check failed,"v1: 2,681,299.89 vs printed 2,704,480.72 (-23,180.83) ; v2: 6,402,239.96 vs printed 6,543,358.01 (-141,118.05) ; v3: 5,009,921.81 vs printed 6,074,216.03 (-1,064,294.22) ; v4: 3,530,355.84 vs printed 3,173,622.70 (+356,733.14)"
2016,FY2016-addendum,HIGHWAY DEPT,Council on Aging Gift Fund,5,,,3071.79,,79.00,2992.79,,,3,,one cell missing; derivable from the row itself,"v2 = 0.00, from this fund's own other three columns",0,check failed,"v1: 2,681,299.89 vs printed 2,704,480.72 (-23,180.83) ; v2: 6,402,239.96 vs printed 6,543,358.01 (-141,118.05) ; v3: 5,009,921.81 vs printed 6,074,216.03 (-1,064,294.22) ; v4: 3,530,355.84 vs printed 3,173,622.70 (+356,733.14)"
2016,FY2016-addendum,HIGHWAY DEPT,MWPAT Septic Repair,5,,,4079.03,,,4079.03,,,2,,,,0,check failed,"v1: 2,681,299.89 vs printed 2,704,480.72 (-23,180.83) ; v2: 6,402,239.96 vs printed 6,543,358.01 (-141,118.05) ; v3: 5,009,921.81 vs printed 6,074,216.03 (-1,064,294.22) ; v4: 3,530,355.84 vs printed 3,173,622.70 (+356,733.14)"
2016,FY2016-addendum,HIGHWAY DEPT,WPAT Septic Receipts Reserved,5,,,75008.50,1439.06,10868.00,65579.56,,,4,,fund balances: forward + receipts - disbursements = carried forward,,0,check failed,"v1: 2,681,299.89 vs printed 2,704,480.72 (-23,180.83) ; v2: 6,402,239.96 vs printed 6,543,358.01 (-141,118.05) ; v3: 5,009,921.81 vs printed 6,074,216.03 (-1,064,294.22) ; v4: 3,530,355.84 vs printed 3,173,622.70 (+356,733.14)"
2016,FY2016-addendum,HIGHWAY DEPT,,6,,,36234.85,33189.15,23971.75,45452.25,,,4,,fund balances: forward + receipts - disbursements = carried forward,,0,check failed,"v1: 2,681,299.89 vs printed 2,704,480.72 (-23,180.83) ; v2: 6,402,239.96 vs printed 6,543,358.01 (-141,118.05) ; v3: 5,009,921.81 vs printed 6,074,216.03 (-1,064,294.22) ; v4: 3,530,355.84 vs printed 3,173,622.70 (+356,733.14)"
2016,FY2016-addendum,HIGHWAY DEPT,Sewer Enterprise Fund,6,,,844074.20,884909.64,669012.79,1059971.05,,,4,,fund balances: forward + receipts - disbursements = carried forward,,0,check failed,"v1: 2,681,299.89 vs printed 2,704,480.72 (-23,180.83) ; v2: 6,402,239.96 vs printed 6,543,358.01 (-141,118.05) ; v3: 5,009,921.81 vs printed 6,074,216.03 (-1,064,294.22) ; v4: 3,530,355.84 vs printed 3,173,622.70 (+356,733.14)"
2016,FY2016-addendum,HIGHWAY DEPT,Sewer Betterment Fund,6,,,510663.29,678366.00,756877.88,432151.41,,,4,,fund balances: forward + receipts - disbursements = carried forward,,0,check failed,"v1: 2,681,299.89 vs printed 2,704,480.72 (-23,180.83) ; v2: 6,402,239.96 vs printed 6,543,358.01 (-141,118.05) ; v3: 5,009,921.81 vs printed 6,074,216.03 (-1,064,294.22) ; v4: 3,530,355.84 vs printed 3,173,622.70 (+356,733.14)"
2016,FY2016-addendum,HIGHWAY DEPT,Public Health Emergency Preparedness,6,,,12295.09,,,12295.09,,,2,,,,0,check failed,"v1: 2,681,299.89 vs printed 2,704,480.72 (-23,180.83) ; v2: 6,402,239.96 vs printed 6,543,358.01 (-141,118.05) ; v3: 5,009,921.81 vs printed 6,074,216.03 (-1,064,294.22) ; v4: 3,530,355.84 vs printed 3,173,622.70 (+356,733.14)"
2016,FY2016-addendum,HIGHWAY DEPT,DEP Pay As You Throw Grant,6,,,4720.43,,,4720.43,,,2,,,,0,check failed,"v1: 2,681,299.89 vs printed 2,704,480.72 (-23,180.83) ; v2: 6,402,239.96 vs printed 6,543,358.01 (-141,118.05) ; v3: 5,009,921.81 vs printed 6,074,216.03 (-1,064,294.22) ; v4: 3,530,355.84 vs printed 3,173,622.70 (+356,733.14)"
2016,FY2016-addendum,HIGHWAY DEPT,Recycling Outreach Fund,6,,,3800.00,,,3800.00,,,2,,,,0,check failed,"v1: 2,681,299.89 vs printed 2,704,480.72 (-23,180.83) ; v2: 6,402,239.96 vs printed 6,543,358.01 (-141,118.05) ; v3: 5,009,921.81 vs printed 6,074,216.03 (-1,064,294.22) ; v4: 3,530,355.84 vs printed 3,173,622.70 (+356,733.14)"
2016,FY2016-addendum,HIGHWAY DEPT,Repayments Sewer Hookup,6,,,9222.00,,,9222.00,,,2,,,,0,check failed,"v1: 2,681,299.89 vs printed 2,704,480.72 (-23,180.83) ; v2: 6,402,239.96 vs printed 6,543,358.01 (-141,118.05) ; v3: 5,009,921.81 vs printed 6,074,216.03 (-1,064,294.22) ; v4: 3,530,355.84 vs printed 3,173,622.70 (+356,733.14)"
2016,FY2016-addendum,HIGHWAY DEPT,Solid Waste/Recycling Enterprise Fund,6,,,0.00,276361.53,267974.92,8386.61,,,4,,fund balances: forward + receipts - disbursements = carried forward,,0,check failed,"v1: 2,681,299.89 vs printed 2,704,480.72 (-23,180.83) ; v2: 6,402,239.96 vs printed 6,543,358.01 (-141,118.05) ; v3: 5,009,921.81 vs printed 6,074,216.03 (-1,064,294.22) ; v4: 3,530,355.84 vs printed 3,173,622.70 (+356,733.14)"
2016,FY2016-addendum,HIGHWAY DEPT,CVS Volunteer Challenge Grant,6,,,500.00,,,500.00,,,2,,,,0,check failed,"v1: 2,681,299.89 vs printed 2,704,480.72 (-23,180.83) ; v2: 6,402,239.96 vs printed 6,543,358.01 (-141,118.05) ; v3: 5,009,921.81 vs printed 6,074,216.03 (-1,064,294.22) ; v4: 3,530,355.84 vs printed 3,173,622.70 (+356,733.14)"
2016,FY2016-addendum,HIGHWAY DEPT,Fields Pond Foundation,6,,,1600.00,,,1600.00,,,2,,,,0,check failed,"v1: 2,681,299.89 vs printed 2,704,480.72 (-23,180.83) ; v2: 6,402,239.96 vs printed 6,543,358.01 (-141,118.05) ; v3: 5,009,921.81 vs printed 6,074,216.03 (-1,064,294.22) ; v4: 3,530,355.84 vs printed 3,173,622.70 (+356,733.14)"
2016,FY2016-addendum,HIGHWAY DEPT,March for Parks,6,,,1617.25,,,1617.25,,,2,,,,0,check failed,"v1: 2,681,299.89 vs printed 2,704,480.72 (-23,180.83) ; v2: 6,402,239.96 vs printed 6,543,358.01 (-141,118.05) ; v3: 5,009,921.81 vs printed 6,074,216.03 (-1,064,294.22) ; v4: 3,530,355.84 vs printed 3,173,622.70 (+356,733.14)"
2016,FY2016-addendum,HIGHWAY DEPT,,6,,,197.00,,,197.00,,,2,,,,0,check failed,"v1: 2,681,299.89 vs printed 2,704,480.72 (-23,180.83) ; v2: 6,402,239.96 vs printed 6,543,358.01 (-141,118.05) ; v3: 5,009,921.81 vs printed 6,074,216.03 (-1,064,294.22) ; v4: 3,530,355.84 vs printed 3,173,622.70 (+356,733.14)"
2016,FY2016-addendum,HIGHWAY DEPT,Weights/Measures Citation Fund,6,,,325.00,,,325.00,,,2,,,,0,check failed,"v1: 2,681,299.89 vs printed 2,704,480.72 (-23,180.83) ; v2: 6,402,239.96 vs printed 6,543,358.01 (-141,118.05) ; v3: 5,009,921.81 vs printed 6,074,216.03 (-1,064,294.22) ; v4: 3,530,355.84 vs printed 3,173,622.70 (+356,733.14)"
2016,FY2016-addendum,HIGHWAY DEPT,Marshall Park Restoration Fund,6,,,125.00,,,125.00,,,2,,,,0,check failed,"v1: 2,681,299.89 vs printed 2,704,480.72 (-23,180.83) ; v2: 6,402,239.96 vs printed 6,543,358.01 (-141,118.05) ; v3: 5,009,921.81 vs printed 6,074,216.03 (-1,064,294.22) ; v4: 3,530,355.84 vs printed 3,173,622.70 (+356,733.14)"
2016,FY2016-addendum,HIGHWAY DEPT,Comcast Technology Capital Grant,6,,,39796.01,,,39796.01,,,2,,,,0,check failed,"v1: 2,681,299.89 vs printed 2,704,480.72 (-23,180.83) ; v2: 6,402,239.96 vs printed 6,543,358.01 (-141,118.05) ; v3: 5,009,921.81 vs printed 6,074,216.03 (-1,064,294.22) ; v4: 3,530,355.84 vs printed 3,173,622.70 (+356,733.14)"
2016,FY2016-addendum,HIGHWAY DEPT,Sale of Real Estate Fund,6,,,9925.00,,,9925.00,,,2,,,,0,check failed,"v1: 2,681,299.89 vs printed 2,704,480.72 (-23,180.83) ; v2: 6,402,239.96 vs printed 6,543,358.01 (-141,118.05) ; v3: 5,009,921.81 vs printed 6,074,216.03 (-1,064,294.22) ; v4: 3,530,355.84 vs printed 3,173,622.70 (+356,733.14)"
2016,FY2016-addendum,HIGHWAY DEPT,Arts Lottery Fund,6,,,6902.40,4726.35,4318.00,7310.75,,,4,,fund balances: forward + receipts - disbursements = carried forward,,0,check failed,"v1: 2,681,299.89 vs printed 2,704,480.72 (-23,180.83) ; v2: 6,402,239.96 vs printed 6,543,358.01 (-141,118.05) ; v3: 5,009,921.81 vs printed 6,074,216.03 (-1,064,294.22) ; v4: 3,530,355.84 vs printed 3,173,622.70 (+356,733.14)"
2016,FY2016-addendum,HIGHWAY DEPT,L.E.A.P. Fund,6,,,265970.11,99831.72,95566.13,270235.70,,,4,,fund balances: forward + receipts - disbursements = carried forward,,0,check failed,"v1: 2,681,299.89 vs printed 2,704,480.72 (-23,180.83) ; v2: 6,402,239.96 vs printed 6,543,358.01 (-141,118.05) ; v3: 5,009,921.81 vs printed 6,074,216.03 (-1,064,294.22) ; v4: 3,530,355.84 vs printed 3,173,622.70 (+356,733.14)"
2016,FY2016-addendum,HIGHWAY DEPT,Debris Removal Gift Fund,6,,,676.00,,,676.00,,,2,,,,0,check failed,"v1: 2,681,299.89 vs printed 2,704,480.72 (-23,180.83) ; v2: 6,402,239.96 vs printed 6,543,358.01 (-141,118.05) ; v3: 5,009,921.81 vs printed 6,074,216.03 (-1,064,294.22) ; v4: 3,530,355.84 vs printed 3,173,622.70 (+356,733.14)"
2016,FY2016-addendum,HIGHWAY DEPT,Citizens Relief Fund,6,,,200.00,,,200.00,,,2,,,,0,check failed,"v1: 2,681,299.89 vs printed 2,704,480.72 (-23,180.83) ; v2: 6,402,239.96 vs printed 6,543,358.01 (-141,118.05) ; v3: 5,009,921.81 vs printed 6,074,216.03 (-1,064,294.22) ; v4: 3,530,355.84 vs printed 3,173,622.70 (+356,733.14)"
2016,FY2016-addendum,HIGHWAY DEPT,Hollis Road Revolving,6,,,11184.43,10200.00,267.80,21116.63,,,4,,fund balances: forward + receipts - disbursements = carried forward,,0,check failed,"v1: 2,681,299.89 vs printed 2,704,480.72 (-23,180.83) ; v2: 6,402,239.96 vs printed 6,543,358.01 (-141,118.05) ; v3: 5,009,921.81 vs printed 6,074,216.03 (-1,064,294.22) ; v4: 3,530,355.84 vs printed 3,173,622.70 (+356,733.14)"
2016,FY2016-addendum,HIGHWAY DEPT,Municipal Energy Technical Assistance,6,,,,,8175.00,-8175.00,,,2,,,,0,check failed,"v1: 2,681,299.89 vs printed 2,704,480.72 (-23,180.83) ; v2: 6,402,239.96 vs printed 6,543,358.01 (-141,118.05) ; v3: 5,009,921.81 vs printed 6,074,216.03 (-1,064,294.22) ; v4: 3,530,355.84 vs printed 3,173,622.70 (+356,733.14)"
2016,FY2016-addendum,HIGHWAY DEPT,Water Infrastructure Planning Grant,6,,,0.00,,30000.00,-30000.00,,,3,,one cell missing; derivable from the row itself,"v2 = 0.00, from this fund's own other three columns",0,check failed,"v1: 2,681,299.89 vs printed 2,704,480.72 (-23,180.83) ; v2: 6,402,239.96 vs printed 6,543,358.01 (-141,118.05) ; v3: 5,009,921.81 vs printed 6,074,216.03 (-1,064,294.22) ; v4: 3,530,355.84 vs printed 3,173,622.70 (+356,733.14)"
2016,FY2016-addendum,HIGHWAY DEPT,Recycling Dividends Program Grant,6,,,0.00,3600.00,3600.00,0.00,,,4,,fund balances: forward + receipts - disbursements = carried forward,,0,check failed,"v1: 2,681,299.89 vs printed 2,704,480.72 (-23,180.83) ; v2: 6,402,239.96 vs printed 6,543,358.01 (-141,118.05) ; v3: 5,009,921.81 vs printed 6,074,216.03 (-1,064,294.22) ; v4: 3,530,355.84 vs printed 3,173,622.70 (+356,733.14)"
2016,FY2016-addendum,HIGHWAY DEPT,RUOK Program Grant,6,yes,,0.00,3000.00,2784.00,216.00,,,4,,fund balances: forward + receipts - disbursements = carried forward,,0,check failed,"v1: 2,681,299.89 vs printed 2,704,480.72 (-23,180.83) ; v2: 6,402,239.96 vs printed 6,543,358.01 (-141,118.05) ; v3: 5,009,921.81 vs printed 6,074,216.03 (-1,064,294.22) ; v4: 3,530,355.84 vs printed 3,173,622.70 (+356,733.14)"
2017,FY2017,GENERAL GOVERNMENT,Regional Assessor Fund,29,,"FISCAL YEAR ENDING 6/30/17 ; FORWARD | TOTAL, | TOTAL | BALANCE FWD ; PROGRAM NAME | 7/1/2016 | RECEIPTS | DISBURSEMENTS | 7/1/2017 ; GENERAL GOVERNMENT",30907.25,,,30907.25,,,2,,,,3,check failed,"v1: 3,089,634.36 vs printed 3,173,622.70 (-83,988.34) ; v2: 6,383,702.24 vs printed 6,383,702.24 ; v3: 5,993,188.58 vs printed 5,993,188.58 ; v4: 3,564,136.36 vs printed 3,564,136.36"
2017,FY2017,GENERAL GOVERNMENT,Conservation Fund,29,,"FISCAL YEAR ENDING 6/30/17 ; FORWARD | TOTAL, | TOTAL | BALANCE FWD ; PROGRAM NAME | 7/1/2016 | RECEIPTS | DISBURSEMENTS | 7/1/2017 ; GENERAL GOVERNMENT",319.59,,,319.59,,,2,,,,3,check failed,"v1: 3,089,634.36 vs printed 3,173,622.70 (-83,988.34) ; v2: 6,383,702.24 vs printed 6,383,702.24 ; v3: 5,993,188.58 vs printed 5,993,188.58 ; v4: 3,564,136.36 vs printed 3,564,136.36"
2017,FY2017,GENERAL GOVERNMENT,Conservation Consultant Revolving,29,,"FISCAL YEAR ENDING 6/30/17 ; FORWARD | TOTAL, | TOTAL | BALANCE FWD ; PROGRAM NAME | 7/1/2016 | RECEIPTS | DISBURSEMENTS | 7/1/2017 ; GENERAL GOVERNMENT",120.50,,,120.50,,,2,,,,3,check failed,"v1: 3,089,634.36 vs printed 3,173,622.70 (-83,988.34) ; v2: 6,383,702.24 vs printed 6,383,702.24 ; v3: 5,993,188.58 vs printed 5,993,188.58 ; v4: 3,564,136.36 vs printed 3,564,136.36"
2017,FY2017,GENERAL GOVERNMENT,Zoning Board Consultant Revolving,29,,"FISCAL YEAR ENDING 6/30/17 ; FORWARD | TOTAL, | TOTAL | BALANCE FWD ; PROGRAM NAME | 7/1/2016 | RECEIPTS | DISBURSEMENTS | 7/1/2017 ; GENERAL GOVERNMENT",11301.96,10000.00,6970.00,14331.96,,,4,,fund balances: forward + receipts - disbursements = carried forward,,3,check failed,"v1: 3,089,634.36 vs printed 3,173,622.70 (-83,988.34) ; v2: 6,383,702.24 vs printed 6,383,702.24 ; v3: 5,993,188.58 vs printed 5,993,188.58 ; v4: 3,564,136.36 vs printed 3,564,136.36"
2017,FY2017,GENERAL GOVERNMENT,Conservation Gift Fund-Cook Farm,29,,"FISCAL YEAR ENDING 6/30/17 ; FORWARD | TOTAL, | TOTAL | BALANCE FWD ; PROGRAM NAME | 7/1/2016 | RECEIPTS | DISBURSEMENTS | 7/1/2017 ; GENERAL GOVERNMENT",148.00,,,148.00,,,2,,,,3,check failed,"v1: 3,089,634.36 vs printed 3,173,622.70 (-83,988.34) ; v2: 6,383,702.24 vs printed 6,383,702.24 ; v3: 5,993,188.58 vs printed 5,993,188.58 ; v4: 3,564,136.36 vs printed 3,564,136.36"
2017,FY2017,GENERAL GOVERNMENT,Town Records Gift Fund,29,,"FISCAL YEAR ENDING 6/30/17 ; FORWARD | TOTAL, | TOTAL | BALANCE FWD ; PROGRAM NAME | 7/1/2016 | RECEIPTS | DISBURSEMENTS | 7/1/2017 ; GENERAL GOVERNMENT",252.35,,,252.35,,,2,,,,3,check failed,"v1: 3,089,634.36 vs printed 3,173,622.70 (-83,988.34) ; v2: 6,383,702.24 vs printed 6,383,702.24 ; v3: 5,993,188.58 vs printed 5,993,188.58 ; v4: 3,564,136.36 vs printed 3,564,136.36"
2017,FY2017,GENERAL GOVERNMENT,Scholarship Fund,29,,"FISCAL YEAR ENDING 6/30/17 ; FORWARD | TOTAL, | TOTAL | BALANCE FWD ; PROGRAM NAME | 7/1/2016 | RECEIPTS | DISBURSEMENTS | 7/1/2017 ; GENERAL GOVERNMENT",232.26,,,232.26,,,2,,,,3,check failed,"v1: 3,089,634.36 vs printed 3,173,622.70 (-83,988.34) ; v2: 6,383,702.24 vs printed 6,383,702.24 ; v3: 5,993,188.58 vs printed 5,993,188.58 ; v4: 3,564,136.36 vs printed 3,564,136.36"
2017,FY2017,GENERAL GOVERNMENT,Sewer Gift Fund,29,,"FISCAL YEAR ENDING 6/30/17 ; FORWARD | TOTAL, | TOTAL | BALANCE FWD ; PROGRAM NAME | 7/1/2016 | RECEIPTS | DISBURSEMENTS | 7/1/2017 ; GENERAL GOVERNMENT",387.09,,,387.09,,,2,,,,3,check failed,"v1: 3,089,634.36 vs printed 3,173,622.70 (-83,988.34) ; v2: 6,383,702.24 vs printed 6,383,702.24 ; v3: 5,993,188.58 vs printed 5,993,188.58 ; v4: 3,564,136.36 vs printed 3,564,136.36"
2017,FY2017,GENERAL GOVERNMENT,Insurance Recoveries,29,,"FISCAL YEAR ENDING 6/30/17 ; FORWARD | TOTAL, | TOTAL | BALANCE FWD ; PROGRAM NAME | 7/1/2016 | RECEIPTS | DISBURSEMENTS | 7/1/2017 ; GENERAL GOVERNMENT",33707.58,36583.19,65998.13,4292.64,,,4,,fund balances: forward + receipts - disbursements = carried forward,,3,check failed,"v1: 3,089,634.36 vs printed 3,173,622.70 (-83,988.34) ; v2: 6,383,702.24 vs printed 6,383,702.24 ; v3: 5,993,188.58 vs printed 5,993,188.58 ; v4: 3,564,136.36 vs printed 3,564,136.36"
2017,FY2017,GENERAL GOVERNMENT,Town Hall Chimney Grant,29,,"FISCAL YEAR ENDING 6/30/17 ; FORWARD | TOTAL, | TOTAL | BALANCE FWD ; PROGRAM NAME | 7/1/2016 | RECEIPTS | DISBURSEMENTS | 7/1/2017 ; GENERAL GOVERNMENT",3000.00,,,3000.00,,,2,,,,3,check failed,"v1: 3,089,634.36 vs printed 3,173,622.70 (-83,988.34) ; v2: 6,383,702.24 vs printed 6,383,702.24 ; v3: 5,993,188.58 vs printed 5,993,188.58 ; v4: 3,564,136.36 vs printed 3,564,136.36"
2017,FY2017,GENERAL GOVERNMENT,General Government Gift Fund,29,,"FISCAL YEAR ENDING 6/30/17 ; FORWARD | TOTAL, | TOTAL | BALANCE FWD ; PROGRAM NAME | 7/1/2016 | RECEIPTS | DISBURSEMENTS | 7/1/2017 ; GENERAL GOVERNMENT",1110.00,,,1110.00,,,2,,,,3,check failed,"v1: 3,089,634.36 vs printed 3,173,622.70 (-83,988.34) ; v2: 6,383,702.24 vs printed 6,383,702.24 ; v3: 5,993,188.58 vs printed 5,993,188.58 ; v4: 3,564,136.36 vs printed 3,564,136.36"
2017,FY2017,GENERAL GOVERNMENT,Household Hazardous Waste,29,,"FISCAL YEAR ENDING 6/30/17 ; FORWARD | TOTAL, | TOTAL | BALANCE FWD ; PROGRAM NAME | 7/1/2016 | RECEIPTS | DISBURSEMENTS | 7/1/2017 ; GENERAL GOVERNMENT",768.76,,,768.76,,,2,,,,3,check failed,"v1: 3,089,634.36 vs printed 3,173,622.70 (-83,988.34) ; v2: 6,383,702.24 vs printed 6,383,702.24 ; v3: 5,993,188.58 vs printed 5,993,188.58 ; v4: 3,564,136.36 vs printed 3,564,136.36"
2017,FY2017,GENERAL GOVERNMENT,Town Facilities Use Account,29,,"FISCAL YEAR ENDING 6/30/17 ; FORWARD | TOTAL, | TOTAL | BALANCE FWD ; PROGRAM NAME | 7/1/2016 | RECEIPTS | DISBURSEMENTS | 7/1/2017 ; GENERAL GOVERNMENT",0.00,79500.00,46604.27,32895.73,,,4,,fund balances: forward + receipts - disbursements = carried forward,,3,check failed,"v1: 3,089,634.36 vs printed 3,173,622.70 (-83,988.34) ; v2: 6,383,702.24 vs printed 6,383,702.24 ; v3: 5,993,188.58 vs printed 5,993,188.58 ; v4: 3,564,136.36 vs printed 3,564,136.36"
2017,FY2017,GENERAL GOVERNMENT,Bond Premium Reserved for Capital,29,,"FISCAL YEAR ENDING 6/30/17 ; FORWARD | TOTAL, | TOTAL | BALANCE FWD ; PROGRAM NAME | 7/1/2016 | RECEIPTS | DISBURSEMENTS | 7/1/2017 ; GENERAL GOVERNMENT",0.00,6350.49,,6350.49,,,3,,one cell missing; derivable from the row itself,"v3 = 0.00, from this fund's own other three columns",3,check failed,"v1: 3,089,634.36 vs printed 3,173,622.70 (-83,988.34) ; v2: 6,383,702.24 vs printed 6,383,702.24 ; v3: 5,993,188.58 vs printed 5,993,188.58 ; v4: 3,564,136.36 vs printed 3,564,136.36"
2017,FY2017,GENERAL GOVERNMENT,Early Voting Incentive Grant,29,yes,"FISCAL YEAR ENDING 6/30/17 ; FORWARD | TOTAL, | TOTAL | BALANCE FWD ; PROGRAM NAME | 7/1/2016 | RECEIPTS | DISBURSEMENTS | 7/1/2017 ; GENERAL GOVERNMENT",0.00,600.00,600.00,0.00,,,4,,fund balances: forward + receipts - disbursements = carried forward,,3,check failed,"v1: 3,089,634.36 vs printed 3,173,622.70 (-83,988.34) ; v2: 6,383,702.24 vs printed 6,383,702.24 ; v3: 5,993,188.58 vs printed 5,993,188.58 ; v4: 3,564,136.36 vs printed 3,564,136.36"
2017,FY2017,GENERAL GOVERNMENT,Forest Stewardship Plan Grant,29,,"FISCAL YEAR ENDING 6/30/17 ; FORWARD | TOTAL, | TOTAL | BALANCE FWD ; PROGRAM NAME | 7/1/2016 | RECEIPTS | DISBURSEMENTS | 7/1/2017 ; GENERAL GOVERNMENT",0.00,17052.36,17052.36,0.00,,,4,,fund balances: forward + receipts - disbursements = carried forward,,3,check failed,"v1: 3,089,634.36 vs printed 3,173,622.70 (-83,988.34) ; v2: 6,383,702.24 vs printed 6,383,702.24 ; v3: 5,993,188.58 vs printed 5,993,188.58 ; v4: 3,564,136.36 vs printed 3,564,136.36"
2017,FY2017,SCHOOL DEPARTMENT,School Lunch,29,,"FISCAL YEAR ENDING 6/30/17 ; FORWARD | TOTAL, | TOTAL | BALANCE FWD ; PROGRAM NAME | 7/1/2016 | RECEIPTS | DISBURSEMENTS | 7/1/2017 ; GENERAL GOVERNMENT",11739.95,381631.08,391927.57,1443.46,,,4,,fund balances: forward + receipts - disbursements = carried forward,,3,check failed,"v1: 3,089,634.36 vs printed 3,173,622.70 (-83,988.34) ; v2: 6,383,702.24 vs printed 6,383,702.24 ; v3: 5,993,188.58 vs printed 5,993,188.58 ; v4: 3,564,136.36 vs printed 3,564,136.36"
2017,FY2017,SCHOOL DEPARTMENT,Title | #305,29,,"FISCAL YEAR ENDING 6/30/17 ; FORWARD | TOTAL, | TOTAL | BALANCE FWD ; PROGRAM NAME | 7/1/2016 | RECEIPTS | DISBURSEMENTS | 7/1/2017 ; GENERAL GOVERNMENT",8122.21,274946.00,349333.46,-66265.25,,,4,,fund balances: forward + receipts - disbursements = carried forward,,3,check failed,"v1: 3,089,634.36 vs printed 3,173,622.70 (-83,988.34) ; v2: 6,383,702.24 vs printed 6,383,702.24 ; v3: 5,993,188.58 vs printed 5,993,188.58 ; v4: 3,564,136.36 vs printed 3,564,136.36"
2017,FY2017,SCHOOL DEPARTMENT,PL 94-142 #240,29,,"FISCAL YEAR ENDING 6/30/17 ; FORWARD | TOTAL, | TOTAL | BALANCE FWD ; PROGRAM NAME | 7/1/2016 | RECEIPTS | DISBURSEMENTS | 7/1/2017 ; GENERAL GOVERNMENT",,340426.00,349432.64,-838.30,,,3,,one cell missing; derivable from the row itself,"v1 = 8,168.34, from this fund's own other three columns",3,check failed,"v1: 3,089,634.36 vs printed 3,173,622.70 (-83,988.34) ; v2: 6,383,702.24 vs printed 6,383,702.24 ; v3: 5,993,188.58 vs printed 5,993,188.58 ; v4: 3,564,136.36 vs printed 3,564,136.36"
2017,FY2017,SCHOOL DEPARTMENT,United Way Venture,29,,"FISCAL YEAR ENDING 6/30/17 ; FORWARD | TOTAL, | TOTAL | BALANCE FWD ; PROGRAM NAME | 7/1/2016 | RECEIPTS | DISBURSEMENTS | 7/1/2017 ; GENERAL GOVERNMENT",40.42,,,40.42,,,2,,,,3,check failed,"v1: 3,089,634.36 vs printed 3,173,622.70 (-83,988.34) ; v2: 6,383,702.24 vs printed 6,383,702.24 ; v3: 5,993,188.58 vs printed 5,993,188.58 ; v4: 3,564,136.36 vs printed 3,564,136.36"
2017,FY2017,SCHOOL DEPARTMENT,Recovery for Lost Books,29,,"FISCAL YEAR ENDING 6/30/17 ; FORWARD | TOTAL, | TOTAL | BALANCE FWD ; PROGRAM NAME | 7/1/2016 | RECEIPTS | DISBURSEMENTS | 7/1/2017 ; GENERAL GOVERNMENT",7518.97,,616.79,6902.18,,,3,,one cell missing; derivable from the row itself,"v2 = 0.00, from this fund's own other three columns",3,check failed,"v1: 3,089,634.36 vs printed 3,173,622.70 (-83,988.34) ; v2: 6,383,702.24 vs printed 6,383,702.24 ; v3: 5,993,188.58 vs printed 5,993,188.58 ; v4: 3,564,136.36 vs printed 3,564,136.36"
2017,FY2017,SCHOOL DEPARTMENT,Chapter 658 School Athletics,29,,"FISCAL YEAR ENDING 6/30/17 ; FORWARD | TOTAL, | TOTAL | BALANCE FWD ; PROGRAM NAME | 7/1/2016 | RECEIPTS | DISBURSEMENTS | 7/1/2017 ; GENERAL GOVERNMENT",49690.26,126620.87,135573.48,40737.65,,,4,,fund balances: forward + receipts - disbursements = carried forward,,3,check failed,"v1: 3,089,634.36 vs printed 3,173,622.70 (-83,988.34) ; v2: 6,383,702.24 vs printed 6,383,702.24 ; v3: 5,993,188.58 vs printed 5,993,188.58 ; v4: 3,564,136.36 vs printed 3,564,136.36"
2017,FY2017,SCHOOL DEPARTMENT,After School Activities,29,,"FISCAL YEAR ENDING 6/30/17 ; FORWARD | TOTAL, | TOTAL | BALANCE FWD ; PROGRAM NAME | 7/1/2016 | RECEIPTS | DISBURSEMENTS | 7/1/2017 ; GENERAL GOVERNMENT",109717.72,211897.77,218153.63,103461.86,,,4,,fund balances: forward + receipts - disbursements = carried forward,,3,check failed,"v1: 3,089,634.36 vs printed 3,173,622.70 (-83,988.34) ; v2: 6,383,702.24 vs printed 6,383,702.24 ; v3: 5,993,188.58 vs printed 5,993,188.58 ; v4: 3,564,136.36 vs printed 3,564,136.36"
2017,FY2017,SCHOOL DEPARTMENT,School Facilities Use,29,,"FISCAL YEAR ENDING 6/30/17 ; FORWARD | TOTAL, | TOTAL | BALANCE FWD ; PROGRAM NAME | 7/1/2016 | RECEIPTS | DISBURSEMENTS | 7/1/2017 ; GENERAL GOVERNMENT",14474.28,30254.89,42298.10,2431.07,,,4,,fund balances: forward + receipts - disbursements = carried forward,,3,check failed,"v1: 3,089,634.36 vs printed 3,173,622.70 (-83,988.34) ; v2: 6,383,702.24 vs printed 6,383,702.24 ; v3: 5,993,188.58 vs printed 5,993,188.58 ; v4: 3,564,136.36 vs printed 3,564,136.36"
2017,FY2017,SCHOOL DEPARTMENT,Non-Resident Tuition,29,,"FISCAL YEAR ENDING 6/30/17 ; FORWARD | TOTAL, | TOTAL | BALANCE FWD ; PROGRAM NAME | 7/1/2016 | RECEIPTS | DISBURSEMENTS | 7/1/2017 ; GENERAL GOVERNMENT",63086.73,,60893.44,2193.29,,,3,,one cell missing; derivable from the row itself,"v2 = 0.00, from this fund's own other three columns",3,check failed,"v1: 3,089,634.36 vs printed 3,173,622.70 (-83,988.34) ; v2: 6,383,702.24 vs printed 6,383,702.24 ; v3: 5,993,188.58 vs printed 5,993,188.58 ; v4: 3,564,136.36 vs printed 3,564,136.36"
2017,FY2017,SCHOOL DEPARTMENT,Adult Education,29,,"FISCAL YEAR ENDING 6/30/17 ; FORWARD | TOTAL, | TOTAL | BALANCE FWD ; PROGRAM NAME | 7/1/2016 | RECEIPTS | DISBURSEMENTS | 7/1/2017 ; GENERAL GOVERNMENT",4547.51,3638.00,6243.15,1942.36,,,4,,fund balances: forward + receipts - disbursements = carried forward,,3,check failed,"v1: 3,089,634.36 vs printed 3,173,622.70 (-83,988.34) ; v2: 6,383,702.24 vs printed 6,383,702.24 ; v3: 5,993,188.58 vs printed 5,993,188.58 ; v4: 3,564,136.36 vs printed 3,564,136.36"
2017,FY2017,SCHOOL DEPARTMENT,,29,,"FISCAL YEAR ENDING 6/30/17 ; FORWARD | TOTAL, | TOTAL | BALANCE FWD ; PROGRAM NAME | 7/1/2016 | RECEIPTS | DISBURSEMENTS | 7/1/2017 ; GENERAL GOVERNMENT",29.00,,,,,,1,,,,3,check failed,"v1: 3,089,634.36 vs printed 3,173,622.70 (-83,988.34) ; v2: 6,383,702.24 vs printed 6,383,702.24 ; v3: 5,993,188.58 vs printed 5,993,188.58 ; v4: 3,564,136.36 vs printed 3,564,136.36"
2017,FY2017,SCHOOL DEPARTMENT,Summer School Program,30,,"FISCAL YEAR ENDING 6/30/17 ; FORWARD | TOTAL, | TOTAL | BALANCE FWD ; PROGRAM NAME | 7/1/2016 | RECEIPTS | DISBURSEMENTS | 7/1/2017 ; GENERAL GOVERNMENT",90.00,,,90.00,,,2,,,,3,check failed,"v1: 3,089,634.36 vs printed 3,173,622.70 (-83,988.34) ; v2: 6,383,702.24 vs printed 6,383,702.24 ; v3: 5,993,188.58 vs printed 5,993,188.58 ; v4: 3,564,136.36 vs printed 3,564,136.36"
2017,FY2017,SCHOOL DEPARTMENT,School Choice,30,,"FISCAL YEAR ENDING 6/30/17 ; FORWARD | TOTAL, | TOTAL | BALANCE FWD ; PROGRAM NAME | 7/1/2016 | RECEIPTS | DISBURSEMENTS | 7/1/2017 ; GENERAL GOVERNMENT",396869.58,281212.00,422793.51,255288.07,,,4,,fund balances: forward + receipts - disbursements = carried forward,,3,check failed,"v1: 3,089,634.36 vs printed 3,173,622.70 (-83,988.34) ; v2: 6,383,702.24 vs printed 6,383,702.24 ; v3: 5,993,188.58 vs printed 5,993,188.58 ; v4: 3,564,136.36 vs printed 3,564,136.36"
2017,FY2017,SCHOOL DEPARTMENT,School Gift Fund,30,,"FISCAL YEAR ENDING 6/30/17 ; FORWARD | TOTAL, | TOTAL | BALANCE FWD ; PROGRAM NAME | 7/1/2016 | RECEIPTS | DISBURSEMENTS | 7/1/2017 ; GENERAL GOVERNMENT",95568.82,83310.87,121430.85,57448.84,,,4,,fund balances: forward + receipts - disbursements = carried forward,,3,check failed,"v1: 3,089,634.36 vs printed 3,173,622.70 (-83,988.34) ; v2: 6,383,702.24 vs printed 6,383,702.24 ; v3: 5,993,188.58 vs printed 5,993,188.58 ; v4: 3,564,136.36 vs printed 3,564,136.36"
2017,FY2017,SCHOOL DEPARTMENT,Greenthumb Revolving,30,,"FISCAL YEAR ENDING 6/30/17 ; FORWARD | TOTAL, | TOTAL | BALANCE FWD ; PROGRAM NAME | 7/1/2016 | RECEIPTS | DISBURSEMENTS | 7/1/2017 ; GENERAL GOVERNMENT",21.53,275.00,,296.53,,,3,,one cell missing; derivable from the row itself,"v3 = 0.00, from this fund's own other three columns",3,check failed,"v1: 3,089,634.36 vs printed 3,173,622.70 (-83,988.34) ; v2: 6,383,702.24 vs printed 6,383,702.24 ; v3: 5,993,188.58 vs printed 5,993,188.58 ; v4: 3,564,136.36 vs printed 3,564,136.36"
2017,FY2017,SCHOOL DEPARTMENT,Custodian Special Details,30,,"FISCAL YEAR ENDING 6/30/17 ; FORWARD | TOTAL, | TOTAL | BALANCE FWD ; PROGRAM NAME | 7/1/2016 | RECEIPTS | DISBURSEMENTS | 7/1/2017 ; GENERAL GOVERNMENT",3316.79,12763.65,12855.89,3224.55,,,4,,fund balances: forward + receipts - disbursements = carried forward,,3,check failed,"v1: 3,089,634.36 vs printed 3,173,622.70 (-83,988.34) ; v2: 6,383,702.24 vs printed 6,383,702.24 ; v3: 5,993,188.58 vs printed 5,993,188.58 ; v4: 3,564,136.36 vs printed 3,564,136.36"
2017,FY2017,SCHOOL DEPARTMENT,Tech Prep Consortium,30,,"FISCAL YEAR ENDING 6/30/17 ; FORWARD | TOTAL, | TOTAL | BALANCE FWD ; PROGRAM NAME | 7/1/2016 | RECEIPTS | DISBURSEMENTS | 7/1/2017 ; GENERAL GOVERNMENT",1450.00,,,1450.00,,,2,,,,3,check failed,"v1: 3,089,634.36 vs printed 3,173,622.70 (-83,988.34) ; v2: 6,383,702.24 vs printed 6,383,702.24 ; v3: 5,993,188.58 vs printed 5,993,188.58 ; v4: 3,564,136.36 vs printed 3,564,136.36"
2017,FY2017,SCHOOL DEPARTMENT,BC/BS Healthy Choices,30,,"FISCAL YEAR ENDING 6/30/17 ; FORWARD | TOTAL, | TOTAL | BALANCE FWD ; PROGRAM NAME | 7/1/2016 | RECEIPTS | DISBURSEMENTS | 7/1/2017 ; GENERAL GOVERNMENT",94.65,,,94.65,,,2,,,,3,check failed,"v1: 3,089,634.36 vs printed 3,173,622.70 (-83,988.34) ; v2: 6,383,702.24 vs printed 6,383,702.24 ; v3: 5,993,188.58 vs printed 5,993,188.58 ; v4: 3,564,136.36 vs printed 3,564,136.36"
2017,FY2017,SCHOOL DEPARTMENT,50/50 Grant Sped Tuitions,30,,"FISCAL YEAR ENDING 6/30/17 ; FORWARD | TOTAL, | TOTAL | BALANCE FWD ; PROGRAM NAME | 7/1/2016 | RECEIPTS | DISBURSEMENTS | 7/1/2017 ; GENERAL GOVERNMENT",256030.83,507832.00,525718.44,238144.39,,,4,,fund balances: forward + receipts - disbursements = carried forward,,3,check failed,"v1: 3,089,634.36 vs printed 3,173,622.70 (-83,988.34) ; v2: 6,383,702.24 vs printed 6,383,702.24 ; v3: 5,993,188.58 vs printed 5,993,188.58 ; v4: 3,564,136.36 vs printed 3,564,136.36"
2017,FY2017,SCHOOL DEPARTMENT,Insurance Recoveries - School,30,,"FISCAL YEAR ENDING 6/30/17 ; FORWARD | TOTAL, | TOTAL | BALANCE FWD ; PROGRAM NAME | 7/1/2016 | RECEIPTS | DISBURSEMENTS | 7/1/2017 ; GENERAL GOVERNMENT",2457.35,5435.00,6593.69,1298.66,,,4,,fund balances: forward + receipts - disbursements = carried forward,,3,check failed,"v1: 3,089,634.36 vs printed 3,173,622.70 (-83,988.34) ; v2: 6,383,702.24 vs printed 6,383,702.24 ; v3: 5,993,188.58 vs printed 5,993,188.58 ; v4: 3,564,136.36 vs printed 3,564,136.36"
2017,FY2017,SCHOOL DEPARTMENT,Extended Day Revolving Fund,30,,"FISCAL YEAR ENDING 6/30/17 ; FORWARD | TOTAL, | TOTAL | BALANCE FWD ; PROGRAM NAME | 7/1/2016 | RECEIPTS | DISBURSEMENTS | 7/1/2017 ; GENERAL GOVERNMENT",166530.82,295495.24,376424.26,85601.80,,,4,,fund balances: forward + receipts - disbursements = carried forward,,3,check failed,"v1: 3,089,634.36 vs printed 3,173,622.70 (-83,988.34) ; v2: 6,383,702.24 vs printed 6,383,702.24 ; v3: 5,993,188.58 vs printed 5,993,188.58 ; v4: 3,564,136.36 vs printed 3,564,136.36"
2017,FY2017,SCHOOL DEPARTMENT,Vending Machine Revolving,30,,"FISCAL YEAR ENDING 6/30/17 ; FORWARD | TOTAL, | TOTAL | BALANCE FWD ; PROGRAM NAME | 7/1/2016 | RECEIPTS | DISBURSEMENTS | 7/1/2017 ; GENERAL GOVERNMENT",1954.71,,,1954.71,,,2,,,,3,check failed,"v1: 3,089,634.36 vs printed 3,173,622.70 (-83,988.34) ; v2: 6,383,702.24 vs printed 6,383,702.24 ; v3: 5,993,188.58 vs printed 5,993,188.58 ; v4: 3,564,136.36 vs printed 3,564,136.36"
2017,FY2017,SCHOOL DEPARTMENT,Monbouquette Award,30,,"FISCAL YEAR ENDING 6/30/17 ; FORWARD | TOTAL, | TOTAL | BALANCE FWD ; PROGRAM NAME | 7/1/2016 | RECEIPTS | DISBURSEMENTS | 7/1/2017 ; GENERAL GOVERNMENT",3.81,,,3.81,,,2,,,,3,check failed,"v1: 3,089,634.36 vs printed 3,173,622.70 (-83,988.34) ; v2: 6,383,702.24 vs printed 6,383,702.24 ; v3: 5,993,188.58 vs printed 5,993,188.58 ; v4: 3,564,136.36 vs printed 3,564,136.36"
2017,FY2017,SCHOOL DEPARTMENT,Tufts University Heat Grant,30,,"FISCAL YEAR ENDING 6/30/17 ; FORWARD | TOTAL, | TOTAL | BALANCE FWD ; PROGRAM NAME | 7/1/2016 | RECEIPTS | DISBURSEMENTS | 7/1/2017 ; GENERAL GOVERNMENT",113.45,,,113.45,,,2,,,,3,check failed,"v1: 3,089,634.36 vs printed 3,173,622.70 (-83,988.34) ; v2: 6,383,702.24 vs printed 6,383,702.24 ; v3: 5,993,188.58 vs printed 5,993,188.58 ; v4: 3,564,136.36 vs printed 3,564,136.36"
2017,FY2017,SCHOOL DEPARTMENT,Underground Storage Tank Grant,30,,"FISCAL YEAR ENDING 6/30/17 ; FORWARD | TOTAL, | TOTAL | BALANCE FWD ; PROGRAM NAME | 7/1/2016 | RECEIPTS | DISBURSEMENTS | 7/1/2017 ; GENERAL GOVERNMENT",1500.00,,,1500.00,,,2,,,,3,check failed,"v1: 3,089,634.36 vs printed 3,173,622.70 (-83,988.34) ; v2: 6,383,702.24 vs printed 6,383,702.24 ; v3: 5,993,188.58 vs printed 5,993,188.58 ; v4: 3,564,136.36 vs printed 3,564,136.36"
2017,FY2017,SCHOOL DEPARTMENT,Hach Scientific Foundation Grant,30,,"FISCAL YEAR ENDING 6/30/17 ; FORWARD | TOTAL, | TOTAL | BALANCE FWD ; PROGRAM NAME | 7/1/2016 | RECEIPTS | DISBURSEMENTS | 7/1/2017 ; GENERAL GOVERNMENT",90.61,,,90.61,,,2,,,,3,check failed,"v1: 3,089,634.36 vs printed 3,173,622.70 (-83,988.34) ; v2: 6,383,702.24 vs printed 6,383,702.24 ; v3: 5,993,188.58 vs printed 5,993,188.58 ; v4: 3,564,136.36 vs printed 3,564,136.36"
2017,FY2017,SCHOOL DEPARTMENT,Family Network Gift Fund,30,,"FISCAL YEAR ENDING 6/30/17 ; FORWARD | TOTAL, | TOTAL | BALANCE FWD ; PROGRAM NAME | 7/1/2016 | RECEIPTS | DISBURSEMENTS | 7/1/2017 ; GENERAL GOVERNMENT",3456.86,,225.57,3231.29,,,3,,one cell missing; derivable from the row itself,"v2 = -0.00, from this fund's own other three columns",3,check failed,"v1: 3,089,634.36 vs printed 3,173,622.70 (-83,988.34) ; v2: 6,383,702.24 vs printed 6,383,702.24 ; v3: 5,993,188.58 vs printed 5,993,188.58 ; v4: 3,564,136.36 vs printed 3,564,136.36"
2017,FY2017,SCHOOL DEPARTMENT,EECG Energy Efficiency Grant,30,,"FISCAL YEAR ENDING 6/30/17 ; FORWARD | TOTAL, | TOTAL | BALANCE FWD ; PROGRAM NAME | 7/1/2016 | RECEIPTS | DISBURSEMENTS | 7/1/2017 ; GENERAL GOVERNMENT",297.69,0.12,,297.81,,,3,,one cell missing; derivable from the row itself,"v3 = 0.00, from this fund's own other three columns",3,check failed,"v1: 3,089,634.36 vs printed 3,173,622.70 (-83,988.34) ; v2: 6,383,702.24 vs printed 6,383,702.24 ; v3: 5,993,188.58 vs printed 5,993,188.58 ; v4: 3,564,136.36 vs printed 3,564,136.36"
2017,FY2017,SCHOOL DEPARTMENT,Regional Dissemination Grant,30,,"FISCAL YEAR ENDING 6/30/17 ; FORWARD | TOTAL, | TOTAL | BALANCE FWD ; PROGRAM NAME | 7/1/2016 | RECEIPTS | DISBURSEMENTS | 7/1/2017 ; GENERAL GOVERNMENT",35.00,,,35.00,,,2,,,,3,check failed,"v1: 3,089,634.36 vs printed 3,173,622.70 (-83,988.34) ; v2: 6,383,702.24 vs printed 6,383,702.24 ; v3: 5,993,188.58 vs printed 5,993,188.58 ; v4: 3,564,136.36 vs printed 3,564,136.36"
2017,FY2017,SCHOOL DEPARTMENT,Sped Early Childhood Grant,30,,"FISCAL YEAR ENDING 6/30/17 ; FORWARD | TOTAL, | TOTAL | BALANCE FWD ; PROGRAM NAME | 7/1/2016 | RECEIPTS | DISBURSEMENTS | 7/1/2017 ; GENERAL GOVERNMENT",0.00,12254.00,12254.00,0.00,,,4,,fund balances: forward + receipts - disbursements = carried forward,,3,check failed,"v1: 3,089,634.36 vs printed 3,173,622.70 (-83,988.34) ; v2: 6,383,702.24 vs printed 6,383,702.24 ; v3: 5,993,188.58 vs printed 5,993,188.58 ; v4: 3,564,136.36 vs printed 3,564,136.36"
2017,FY2017,SCHOOL DEPARTMENT,Secondary Transition Grant,30,,"FISCAL YEAR ENDING 6/30/17 ; FORWARD | TOTAL, | TOTAL | BALANCE FWD ; PROGRAM NAME | 7/1/2016 | RECEIPTS | DISBURSEMENTS | 7/1/2017 ; GENERAL GOVERNMENT",1329.12,6000.00,7329.12,0.00,,,4,,fund balances: forward + receipts - disbursements = carried forward,,3,check failed,"v1: 3,089,634.36 vs printed 3,173,622.70 (-83,988.34) ; v2: 6,383,702.24 vs printed 6,383,702.24 ; v3: 5,993,188.58 vs printed 5,993,188.58 ; v4: 3,564,136.36 vs printed 3,564,136.36"
2017,FY2017,SCHOOL DEPARTMENT,Sped Program Improvement Grant,30,,"FISCAL YEAR ENDING 6/30/17 ; FORWARD | TOTAL, | TOTAL | BALANCE FWD ; PROGRAM NAME | 7/1/2016 | RECEIPTS | DISBURSEMENTS | 7/1/2017 ; GENERAL GOVERNMENT",33.01,14218.00,9988.17,4262.84,,,4,,fund balances: forward + receipts - disbursements = carried forward,,3,check failed,"v1: 3,089,634.36 vs printed 3,173,622.70 (-83,988.34) ; v2: 6,383,702.24 vs printed 6,383,702.24 ; v3: 5,993,188.58 vs printed 5,993,188.58 ; v4: 3,564,136.36 vs printed 3,564,136.36"
2017,FY2017,SCHOOL DEPARTMENT,Teacher Quality,30,,"FISCAL YEAR ENDING 6/30/17 ; FORWARD | TOTAL, | TOTAL | BALANCE FWD ; PROGRAM NAME | 7/1/2016 | RECEIPTS | DISBURSEMENTS | 7/1/2017 ; GENERAL GOVERNMENT",0.00,12501.00,30548.00,-18047.00,,,4,,fund balances: forward + receipts - disbursements = carried forward,,3,check failed,"v1: 3,089,634.36 vs printed 3,173,622.70 (-83,988.34) ; v2: 6,383,702.24 vs printed 6,383,702.24 ; v3: 5,993,188.58 vs printed 5,993,188.58 ; v4: 3,564,136.36 vs printed 3,564,136.36"
2017,FY2017,SCHOOL DEPARTMENT,Family & Community Grant,30,,"FISCAL YEAR ENDING 6/30/17 ; FORWARD | TOTAL, | TOTAL | BALANCE FWD ; PROGRAM NAME | 7/1/2016 | RECEIPTS | DISBURSEMENTS | 7/1/2017 ; GENERAL GOVERNMENT",0.00,37500.00,37500.00,0.00,,,4,,fund balances: forward + receipts - disbursements = carried forward,,3,check failed,"v1: 3,089,634.36 vs printed 3,173,622.70 (-83,988.34) ; v2: 6,383,702.24 vs printed 6,383,702.24 ; v3: 5,993,188.58 vs printed 5,993,188.58 ; v4: 3,564,136.36 vs printed 3,564,136.36"
2017,FY2017,PUBLIC SAFETY,Insurance Recoveries - Police,30,,"FISCAL YEAR ENDING 6/30/17 ; FORWARD | TOTAL, | TOTAL | BALANCE FWD ; PROGRAM NAME | 7/1/2016 | RECEIPTS | DISBURSEMENTS | 7/1/2017 ; GENERAL GOVERNMENT",4591.49,3313.43,4747.41,3157.51,,,4,,fund balances: forward + receipts - disbursements = carried forward,,3,check failed,"v1: 3,089,634.36 vs printed 3,173,622.70 (-83,988.34) ; v2: 6,383,702.24 vs printed 6,383,702.24 ; v3: 5,993,188.58 vs printed 5,993,188.58 ; v4: 3,564,136.36 vs printed 3,564,136.36"
2017,FY2017,PUBLIC SAFETY,Community Policing FY 96,30,,"FISCAL YEAR ENDING 6/30/17 ; FORWARD | TOTAL, | TOTAL | BALANCE FWD ; PROGRAM NAME | 7/1/2016 | RECEIPTS | DISBURSEMENTS | 7/1/2017 ; GENERAL GOVERNMENT",6.55,,,6.55,,,2,,,,3,check failed,"v1: 3,089,634.36 vs printed 3,173,622.70 (-83,988.34) ; v2: 6,383,702.24 vs printed 6,383,702.24 ; v3: 5,993,188.58 vs printed 5,993,188.58 ; v4: 3,564,136.36 vs printed 3,564,136.36"
2017,FY2017,PUBLIC SAFETY,Community Policing FY 97,30,,"FISCAL YEAR ENDING 6/30/17 ; FORWARD | TOTAL, | TOTAL | BALANCE FWD ; PROGRAM NAME | 7/1/2016 | RECEIPTS | DISBURSEMENTS | 7/1/2017 ; GENERAL GOVERNMENT",1.97,,,1.97,,,2,,,,3,check failed,"v1: 3,089,634.36 vs printed 3,173,622.70 (-83,988.34) ; v2: 6,383,702.24 vs printed 6,383,702.24 ; v3: 5,993,188.58 vs printed 5,993,188.58 ; v4: 3,564,136.36 vs printed 3,564,136.36"
2017,FY2017,PUBLIC SAFETY,,30,,"FISCAL YEAR ENDING 6/30/17 ; FORWARD | TOTAL, | TOTAL | BALANCE FWD ; PROGRAM NAME | 7/1/2016 | RECEIPTS | DISBURSEMENTS | 7/1/2017 ; GENERAL GOVERNMENT",30.00,,,,,,1,,,,3,check failed,"v1: 3,089,634.36 vs printed 3,173,622.70 (-83,988.34) ; v2: 6,383,702.24 vs printed 6,383,702.24 ; v3: 5,993,188.58 vs printed 5,993,188.58 ; v4: 3,564,136.36 vs printed 3,564,136.36"
2017,FY2017,PUBLIC SAFETY,Community Policing FY 98,31,,"FISCAL YEAR ENDING 6/30/17 ; FORWARD | TOTAL, | TOTAL | BALANCE FWD ; PROGRAM NAME | 7/1/2016 | RECEIPTS | DISBURSEMENTS | 7/1/2017 ; GENERAL GOVERNMENT",0.66,,,0.66,,,2,,,,3,check failed,"v1: 3,089,634.36 vs printed 3,173,622.70 (-83,988.34) ; v2: 6,383,702.24 vs printed 6,383,702.24 ; v3: 5,993,188.58 vs printed 5,993,188.58 ; v4: 3,564,136.36 vs printed 3,564,136.36"
2017,FY2017,PUBLIC SAFETY,Drug Forfeiture,31,,"FISCAL YEAR ENDING 6/30/17 ; FORWARD | TOTAL, | TOTAL | BALANCE FWD ; PROGRAM NAME | 7/1/2016 | RECEIPTS | DISBURSEMENTS | 7/1/2017 ; GENERAL GOVERNMENT",4816.12,150.00,3942.19,1023.93,,,4,,fund balances: forward + receipts - disbursements = carried forward,,3,check failed,"v1: 3,089,634.36 vs printed 3,173,622.70 (-83,988.34) ; v2: 6,383,702.24 vs printed 6,383,702.24 ; v3: 5,993,188.58 vs printed 5,993,188.58 ; v4: 3,564,136.36 vs printed 3,564,136.36"
2017,FY2017,PUBLIC SAFETY,D.A.R.E. Grant FY 97,31,,"FISCAL YEAR ENDING 6/30/17 ; FORWARD | TOTAL, | TOTAL | BALANCE FWD ; PROGRAM NAME | 7/1/2016 | RECEIPTS | DISBURSEMENTS | 7/1/2017 ; GENERAL GOVERNMENT",34.85,,,34.85,,,2,,,,3,check failed,"v1: 3,089,634.36 vs printed 3,173,622.70 (-83,988.34) ; v2: 6,383,702.24 vs printed 6,383,702.24 ; v3: 5,993,188.58 vs printed 5,993,188.58 ; v4: 3,564,136.36 vs printed 3,564,136.36"
2017,FY2017,PUBLIC SAFETY,D.A.R.E. | Grant FY 97,31,,"FISCAL YEAR ENDING 6/30/17 ; FORWARD | TOTAL, | TOTAL | BALANCE FWD ; PROGRAM NAME | 7/1/2016 | RECEIPTS | DISBURSEMENTS | 7/1/2017 ; GENERAL GOVERNMENT",0.25,,,0.25,,,2,,,,3,check failed,"v1: 3,089,634.36 vs printed 3,173,622.70 (-83,988.34) ; v2: 6,383,702.24 vs printed 6,383,702.24 ; v3: 5,993,188.58 vs printed 5,993,188.58 ; v4: 3,564,136.36 vs printed 3,564,136.36"
2017,FY2017,PUBLIC SAFETY,Community Policing,31,,"FISCAL YEAR ENDING 6/30/17 ; FORWARD | TOTAL, | TOTAL | BALANCE FWD ; PROGRAM NAME | 7/1/2016 | RECEIPTS | DISBURSEMENTS | 7/1/2017 ; GENERAL GOVERNMENT",2291.12,,,2291.12,,,2,,,,3,check failed,"v1: 3,089,634.36 vs printed 3,173,622.70 (-83,988.34) ; v2: 6,383,702.24 vs printed 6,383,702.24 ; v3: 5,993,188.58 vs printed 5,993,188.58 ; v4: 3,564,136.36 vs printed 3,564,136.36"
2017,FY2017,PUBLIC SAFETY,Cops Universal Hiring,31,,"FISCAL YEAR ENDING 6/30/17 ; FORWARD | TOTAL, | TOTAL | BALANCE FWD ; PROGRAM NAME | 7/1/2016 | RECEIPTS | DISBURSEMENTS | 7/1/2017 ; GENERAL GOVERNMENT",1289.84,,,1289.84,,,2,,,,3,check failed,"v1: 3,089,634.36 vs printed 3,173,622.70 (-83,988.34) ; v2: 6,383,702.24 vs printed 6,383,702.24 ; v3: 5,993,188.58 vs printed 5,993,188.58 ; v4: 3,564,136.36 vs printed 3,564,136.36"
2017,FY2017,PUBLIC SAFETY,EOPS Vest Reimbursement,31,,"FISCAL YEAR ENDING 6/30/17 ; FORWARD | TOTAL, | TOTAL | BALANCE FWD ; PROGRAM NAME | 7/1/2016 | RECEIPTS | DISBURSEMENTS | 7/1/2017 ; GENERAL GOVERNMENT",62.50,6571.17,6633.67,0.00,,,4,,fund balances: forward + receipts - disbursements = carried forward,,3,check failed,"v1: 3,089,634.36 vs printed 3,173,622.70 (-83,988.34) ; v2: 6,383,702.24 vs printed 6,383,702.24 ; v3: 5,993,188.58 vs printed 5,993,188.58 ; v4: 3,564,136.36 vs printed 3,564,136.36"
2017,FY2017,PUBLIC SAFETY,Protective Order Grant Program,31,,"FISCAL YEAR ENDING 6/30/17 ; FORWARD | TOTAL, | TOTAL | BALANCE FWD ; PROGRAM NAME | 7/1/2016 | RECEIPTS | DISBURSEMENTS | 7/1/2017 ; GENERAL GOVERNMENT",135.15,,,135.15,,,2,,,,3,check failed,"v1: 3,089,634.36 vs printed 3,173,622.70 (-83,988.34) ; v2: 6,383,702.24 vs printed 6,383,702.24 ; v3: 5,993,188.58 vs printed 5,993,188.58 ; v4: 3,564,136.36 vs printed 3,564,136.36"
2017,FY2017,PUBLIC SAFETY,Walmart Grant - Police Dept.,31,,"FISCAL YEAR ENDING 6/30/17 ; FORWARD | TOTAL, | TOTAL | BALANCE FWD ; PROGRAM NAME | 7/1/2016 | RECEIPTS | DISBURSEMENTS | 7/1/2017 ; GENERAL GOVERNMENT",1000.00,,,1000.00,,,2,,,,3,check failed,"v1: 3,089,634.36 vs printed 3,173,622.70 (-83,988.34) ; v2: 6,383,702.24 vs printed 6,383,702.24 ; v3: 5,993,188.58 vs printed 5,993,188.58 ; v4: 3,564,136.36 vs printed 3,564,136.36"
2017,FY2017,PUBLIC SAFETY,Firefighter PS Equipment Grant,31,,"FISCAL YEAR ENDING 6/30/17 ; FORWARD | TOTAL, | TOTAL | BALANCE FWD ; PROGRAM NAME | 7/1/2016 | RECEIPTS | DISBURSEMENTS | 7/1/2017 ; GENERAL GOVERNMENT",30.00,,,30.00,,,2,,,,3,check failed,"v1: 3,089,634.36 vs printed 3,173,622.70 (-83,988.34) ; v2: 6,383,702.24 vs printed 6,383,702.24 ; v3: 5,993,188.58 vs printed 5,993,188.58 ; v4: 3,564,136.36 vs printed 3,564,136.36"
2017,FY2017,PUBLIC SAFETY,Firefighter Safety Equipment Grant,31,,"FISCAL YEAR ENDING 6/30/17 ; FORWARD | TOTAL, | TOTAL | BALANCE FWD ; PROGRAM NAME | 7/1/2016 | RECEIPTS | DISBURSEMENTS | 7/1/2017 ; GENERAL GOVERNMENT",9.84,,,9.84,,,2,,,,3,check failed,"v1: 3,089,634.36 vs printed 3,173,622.70 (-83,988.34) ; v2: 6,383,702.24 vs printed 6,383,702.24 ; v3: 5,993,188.58 vs printed 5,993,188.58 ; v4: 3,564,136.36 vs printed 3,564,136.36"
2017,FY2017,PUBLIC SAFETY,State 911 Grant - Fire Dept,31,,"FISCAL YEAR ENDING 6/30/17 ; FORWARD | TOTAL, | TOTAL | BALANCE FWD ; PROGRAM NAME | 7/1/2016 | RECEIPTS | DISBURSEMENTS | 7/1/2017 ; GENERAL GOVERNMENT",7.00,,,7.00,,,2,,,,3,check failed,"v1: 3,089,634.36 vs printed 3,173,622.70 (-83,988.34) ; v2: 6,383,702.24 vs printed 6,383,702.24 ; v3: 5,993,188.58 vs printed 5,993,188.58 ; v4: 3,564,136.36 vs printed 3,564,136.36"
2017,FY2017,PUBLIC SAFETY,Police/Fire Special Details,31,,"FISCAL YEAR ENDING 6/30/17 ; FORWARD | TOTAL, | TOTAL | BALANCE FWD ; PROGRAM NAME | 7/1/2016 | RECEIPTS | DISBURSEMENTS | 7/1/2017 ; GENERAL GOVERNMENT",8733.66,254151.47,268973.83,-6088.70,,,4,,fund balances: forward + receipts - disbursements = carried forward,,3,check failed,"v1: 3,089,634.36 vs printed 3,173,622.70 (-83,988.34) ; v2: 6,383,702.24 vs printed 6,383,702.24 ; v3: 5,993,188.58 vs printed 5,993,188.58 ; v4: 3,564,136.36 vs printed 3,564,136.36"
2017,FY2017,PUBLIC SAFETY,Coastal/Patriot Ambulance Revolving,31,,"FISCAL YEAR ENDING 6/30/17 ; FORWARD | TOTAL, | TOTAL | BALANCE FWD ; PROGRAM NAME | 7/1/2016 | RECEIPTS | DISBURSEMENTS | 7/1/2017 ; GENERAL GOVERNMENT",579.06,92587.85,92587.85,579.06,,,4,,fund balances: forward + receipts - disbursements = carried forward,,3,check failed,"v1: 3,089,634.36 vs printed 3,173,622.70 (-83,988.34) ; v2: 6,383,702.24 vs printed 6,383,702.24 ; v3: 5,993,188.58 vs printed 5,993,188.58 ; v4: 3,564,136.36 vs printed 3,564,136.36"
2017,FY2017,PUBLIC SAFETY,Firefighter Equipment Grant - FY05,31,,"FISCAL YEAR ENDING 6/30/17 ; FORWARD | TOTAL, | TOTAL | BALANCE FWD ; PROGRAM NAME | 7/1/2016 | RECEIPTS | DISBURSEMENTS | 7/1/2017 ; GENERAL GOVERNMENT",419.60,,,419.60,,,2,,,,3,check failed,"v1: 3,089,634.36 vs printed 3,173,622.70 (-83,988.34) ; v2: 6,383,702.24 vs printed 6,383,702.24 ; v3: 5,993,188.58 vs printed 5,993,188.58 ; v4: 3,564,136.36 vs printed 3,564,136.36"
2017,FY2017,PUBLIC SAFETY,Confined Space Training,31,,"FISCAL YEAR ENDING 6/30/17 ; FORWARD | TOTAL, | TOTAL | BALANCE FWD ; PROGRAM NAME | 7/1/2016 | RECEIPTS | DISBURSEMENTS | 7/1/2017 ; GENERAL GOVERNMENT",1956.77,,,1956.77,,,2,,,,3,check failed,"v1: 3,089,634.36 vs printed 3,173,622.70 (-83,988.34) ; v2: 6,383,702.24 vs printed 6,383,702.24 ; v3: 5,993,188.58 vs printed 5,993,188.58 ; v4: 3,564,136.36 vs printed 3,564,136.36"
2017,FY2017,PUBLIC SAFETY,Police NRA Foundation Grant,31,,"FISCAL YEAR ENDING 6/30/17 ; FORWARD | TOTAL, | TOTAL | BALANCE FWD ; PROGRAM NAME | 7/1/2016 | RECEIPTS | DISBURSEMENTS | 7/1/2017 ; GENERAL GOVERNMENT",0.10,,,0.10,,,2,,,,3,check failed,"v1: 3,089,634.36 vs printed 3,173,622.70 (-83,988.34) ; v2: 6,383,702.24 vs printed 6,383,702.24 ; v3: 5,993,188.58 vs printed 5,993,188.58 ; v4: 3,564,136.36 vs printed 3,564,136.36"
2017,FY2017,PUBLIC SAFETY,COPS Secure Our Schools,31,,"FISCAL YEAR ENDING 6/30/17 ; FORWARD | TOTAL, | TOTAL | BALANCE FWD ; PROGRAM NAME | 7/1/2016 | RECEIPTS | DISBURSEMENTS | 7/1/2017 ; GENERAL GOVERNMENT",0.82,,,0.82,,,2,,,,3,check failed,"v1: 3,089,634.36 vs printed 3,173,622.70 (-83,988.34) ; v2: 6,383,702.24 vs printed 6,383,702.24 ; v3: 5,993,188.58 vs printed 5,993,188.58 ; v4: 3,564,136.36 vs printed 3,564,136.36"
2017,FY2017,PUBLIC SAFETY,Safe Grant - Fire Department,31,,"FISCAL YEAR ENDING 6/30/17 ; FORWARD | TOTAL, | TOTAL | BALANCE FWD ; PROGRAM NAME | 7/1/2016 | RECEIPTS | DISBURSEMENTS | 7/1/2017 ; GENERAL GOVERNMENT",7345.47,6547.00,8609.33,5283.14,,,4,,fund balances: forward + receipts - disbursements = carried forward,,3,check failed,"v1: 3,089,634.36 vs printed 3,173,622.70 (-83,988.34) ; v2: 6,383,702.24 vs printed 6,383,702.24 ; v3: 5,993,188.58 vs printed 5,993,188.58 ; v4: 3,564,136.36 vs printed 3,564,136.36"
2017,FY2017,PUBLIC SAFETY,GHSB Click It Or Ticket,31,,"FISCAL YEAR ENDING 6/30/17 ; FORWARD | TOTAL, | TOTAL | BALANCE FWD ; PROGRAM NAME | 7/1/2016 | RECEIPTS | DISBURSEMENTS | 7/1/2017 ; GENERAL GOVERNMENT",-81964.05,7890.93,7908.21,-1981.33,,,4,,"does NOT balance by -80,000.00",,3,check failed,"v1: 3,089,634.36 vs printed 3,173,622.70 (-83,988.34) ; v2: 6,383,702.24 vs printed 6,383,702.24 ; v3: 5,993,188.58 vs printed 5,993,188.58 ; v4: 3,564,136.36 vs printed 3,564,136.36"
2017,FY2017,PUBLIC SAFETY,K-9 Grant - Stanton Foundation,31,,"FISCAL YEAR ENDING 6/30/17 ; FORWARD | TOTAL, | TOTAL | BALANCE FWD ; PROGRAM NAME | 7/1/2016 | RECEIPTS | DISBURSEMENTS | 7/1/2017 ; GENERAL GOVERNMENT",15329.49,5185.83,12881.40,7633.92,,,4,,fund balances: forward + receipts - disbursements = carried forward,,3,check failed,"v1: 3,089,634.36 vs printed 3,173,622.70 (-83,988.34) ; v2: 6,383,702.24 vs printed 6,383,702.24 ; v3: 5,993,188.58 vs printed 5,993,188.58 ; v4: 3,564,136.36 vs printed 3,564,136.36"
2017,FY2017,PUBLIC SAFETY,Federal Drug Forfeiture,31,,"FISCAL YEAR ENDING 6/30/17 ; FORWARD | TOTAL, | TOTAL | BALANCE FWD ; PROGRAM NAME | 7/1/2016 | RECEIPTS | DISBURSEMENTS | 7/1/2017 ; GENERAL GOVERNMENT",5204.04,27013.05,16772.36,15444.73,,,4,,fund balances: forward + receipts - disbursements = carried forward,,3,check failed,"v1: 3,089,634.36 vs printed 3,173,622.70 (-83,988.34) ; v2: 6,383,702.24 vs printed 6,383,702.24 ; v3: 5,993,188.58 vs printed 5,993,188.58 ; v4: 3,564,136.36 vs printed 3,564,136.36"
2017,FY2017,PUBLIC SAFETY,Underage Alcohol Enforcement,31,,"FISCAL YEAR ENDING 6/30/17 ; FORWARD | TOTAL, | TOTAL | BALANCE FWD ; PROGRAM NAME | 7/1/2016 | RECEIPTS | DISBURSEMENTS | 7/1/2017 ; GENERAL GOVERNMENT",-686.66,4986.24,4298.26,1.32,,,4,,fund balances: forward + receipts - disbursements = carried forward,,3,check failed,"v1: 3,089,634.36 vs printed 3,173,622.70 (-83,988.34) ; v2: 6,383,702.24 vs printed 6,383,702.24 ; v3: 5,993,188.58 vs printed 5,993,188.58 ; v4: 3,564,136.36 vs printed 3,564,136.36"
2017,FY2017,PUBLIC SAFETY,EMPG Grant,31,,"FISCAL YEAR ENDING 6/30/17 ; FORWARD | TOTAL, | TOTAL | BALANCE FWD ; PROGRAM NAME | 7/1/2016 | RECEIPTS | DISBURSEMENTS | 7/1/2017 ; GENERAL GOVERNMENT",-5852.99,7904.84,5169.84,-3117.99,,,4,,fund balances: forward + receipts - disbursements = carried forward,,3,check failed,"v1: 3,089,634.36 vs printed 3,173,622.70 (-83,988.34) ; v2: 6,383,702.24 vs printed 6,383,702.24 ; v3: 5,993,188.58 vs printed 5,993,188.58 ; v4: 3,564,136.36 vs printed 3,564,136.36"
2017,FY2017,PUBLIC SAFETY,ROSC CPR Purchase Grant,31,,"FISCAL YEAR ENDING 6/30/17 ; FORWARD | TOTAL, | TOTAL | BALANCE FWD ; PROGRAM NAME | 7/1/2016 | RECEIPTS | DISBURSEMENTS | 7/1/2017 ; GENERAL GOVERNMENT",0.00,11000.00,10702.37,297.63,,,4,,fund balances: forward + receipts - disbursements = carried forward,,3,check failed,"v1: 3,089,634.36 vs printed 3,173,622.70 (-83,988.34) ; v2: 6,383,702.24 vs printed 6,383,702.24 ; v3: 5,993,188.58 vs printed 5,993,188.58 ; v4: 3,564,136.36 vs printed 3,564,136.36"
2017,FY2017,PARKS & RECREATION,Park User Fees,31,,"FISCAL YEAR ENDING 6/30/17 ; FORWARD | TOTAL, | TOTAL | BALANCE FWD ; PROGRAM NAME | 7/1/2016 | RECEIPTS | DISBURSEMENTS | 7/1/2017 ; GENERAL GOVERNMENT",0.00,11899.00,7841.18,4057.82,,,4,,fund balances: forward + receipts - disbursements = carried forward,,3,check failed,"v1: 3,089,634.36 vs printed 3,173,622.70 (-83,988.34) ; v2: 6,383,702.24 vs printed 6,383,702.24 ; v3: 5,993,188.58 vs printed 5,993,188.58 ; v4: 3,564,136.36 vs printed 3,564,136.36"
2017,FY2017,PARKS & RECREATION,Park Gift Fund,31,,"FISCAL YEAR ENDING 6/30/17 ; FORWARD | TOTAL, | TOTAL | BALANCE FWD ; PROGRAM NAME | 7/1/2016 | RECEIPTS | DISBURSEMENTS | 7/1/2017 ; GENERAL GOVERNMENT",752.00,,,752.00,,,2,,,,3,check failed,"v1: 3,089,634.36 vs printed 3,173,622.70 (-83,988.34) ; v2: 6,383,702.24 vs printed 6,383,702.24 ; v3: 5,993,188.58 vs printed 5,993,188.58 ; v4: 3,564,136.36 vs printed 3,564,136.36"
2017,FY2017,PARKS & RECREATION,,31,,"FISCAL YEAR ENDING 6/30/17 ; FORWARD | TOTAL, | TOTAL | BALANCE FWD ; PROGRAM NAME | 7/1/2016 | RECEIPTS | DISBURSEMENTS | 7/1/2017 ; GENERAL GOVERNMENT",31.00,,,,,,1,,,,3,check failed,"v1: 3,089,634.36 vs printed 3,173,622.70 (-83,988.34) ; v2: 6,383,702.24 vs printed 6,383,702.24 ; v3: 5,993,188.58 vs printed 5,993,188.58 ; v4: 3,564,136.36 vs printed 3,564,136.36"
2017,FY2017,HIGHWAY DEPT.,Chapter 90,32,,"FISCAL YEAR ENDING 6/30/17 ; FORWARD | TOTAL, | TOTAL | BALANCE FWD ; PROGRAM NAME | 7/1/2016 | RECEIPTS | DISBURSEMENTS | 7/1/2017 ; GENERAL GOVERNMENT",-500486.89,522087.68,5766.24,15834.55,,,4,,fund balances: forward + receipts - disbursements = carried forward,,3,check failed,"v1: 3,089,634.36 vs printed 3,173,622.70 (-83,988.34) ; v2: 6,383,702.24 vs printed 6,383,702.24 ; v3: 5,993,188.58 vs printed 5,993,188.58 ; v4: 3,564,136.36 vs printed 3,564,136.36"
2017,FY2017,HIGHWAY DEPT.,DPW Roads Gift Fund,32,,"FISCAL YEAR ENDING 6/30/17 ; FORWARD | TOTAL, | TOTAL | BALANCE FWD ; PROGRAM NAME | 7/1/2016 | RECEIPTS | DISBURSEMENTS | 7/1/2017 ; GENERAL GOVERNMENT",3330.00,,,3330.00,,,2,,,,3,check failed,"v1: 3,089,634.36 vs printed 3,173,622.70 (-83,988.34) ; v2: 6,383,702.24 vs printed 6,383,702.24 ; v3: 5,993,188.58 vs printed 5,993,188.58 ; v4: 3,564,136.36 vs printed 3,564,136.36"
2017,FY2017,HIGHWAY DEPT.,Highway Insurance Recoveries,32,,"FISCAL YEAR ENDING 6/30/17 ; FORWARD | TOTAL, | TOTAL | BALANCE FWD ; PROGRAM NAME | 7/1/2016 | RECEIPTS | DISBURSEMENTS | 7/1/2017 ; GENERAL GOVERNMENT",1208.91,,,1208.91,,,2,,,,3,check failed,"v1: 3,089,634.36 vs printed 3,173,622.70 (-83,988.34) ; v2: 6,383,702.24 vs printed 6,383,702.24 ; v3: 5,993,188.58 vs printed 5,993,188.58 ; v4: 3,564,136.36 vs printed 3,564,136.36"
2017,FY2017,HIGHWAY DEPT.,Chapter 204/Acts of 1996,32,,"FISCAL YEAR ENDING 6/30/17 ; FORWARD | TOTAL, | TOTAL | BALANCE FWD ; PROGRAM NAME | 7/1/2016 | RECEIPTS | DISBURSEMENTS | 7/1/2017 ; GENERAL GOVERNMENT",0.11,,,0.11,,,2,,,,3,check failed,"v1: 3,089,634.36 vs printed 3,173,622.70 (-83,988.34) ; v2: 6,383,702.24 vs printed 6,383,702.24 ; v3: 5,993,188.58 vs printed 5,993,188.58 ; v4: 3,564,136.36 vs printed 3,564,136.36"
2017,FY2017,COUNCIL ON AGING,C.O.A./M.A.R.T. Revolving,32,,"FISCAL YEAR ENDING 6/30/17 ; FORWARD | TOTAL, | TOTAL | BALANCE FWD ; PROGRAM NAME | 7/1/2016 | RECEIPTS | DISBURSEMENTS | 7/1/2017 ; GENERAL GOVERNMENT",-6490.26,36978.61,41711.51,-11223.16,,,4,,fund balances: forward + receipts - disbursements = carried forward,,3,check failed,"v1: 3,089,634.36 vs printed 3,173,622.70 (-83,988.34) ; v2: 6,383,702.24 vs printed 6,383,702.24 ; v3: 5,993,188.58 vs printed 5,993,188.58 ; v4: 3,564,136.36 vs printed 3,564,136.36"
2017,FY2017,COUNCIL ON AGING,C.O.A. Formula Grant,32,,"FISCAL YEAR ENDING 6/30/17 ; FORWARD | TOTAL, | TOTAL | BALANCE FWD ; PROGRAM NAME | 7/1/2016 | RECEIPTS | DISBURSEMENTS | 7/1/2017 ; GENERAL GOVERNMENT",0.00,21060.00,21060.00,0.00,,,4,,fund balances: forward + receipts - disbursements = carried forward,,3,check failed,"v1: 3,089,634.36 vs printed 3,173,622.70 (-83,988.34) ; v2: 6,383,702.24 vs printed 6,383,702.24 ; v3: 5,993,188.58 vs printed 5,993,188.58 ; v4: 3,564,136.36 vs printed 3,564,136.36"
2017,FY2017,COUNCIL ON AGING,E. O.C.D. Senior Center Grant,32,,"FISCAL YEAR ENDING 6/30/17 ; FORWARD | TOTAL, | TOTAL | BALANCE FWD ; PROGRAM NAME | 7/1/2016 | RECEIPTS | DISBURSEMENTS | 7/1/2017 ; GENERAL GOVERNMENT",1682.38,0.83,,1683.21,,,3,,one cell missing; derivable from the row itself,"v3 = 0.00, from this fund's own other three columns",3,check failed,"v1: 3,089,634.36 vs printed 3,173,622.70 (-83,988.34) ; v2: 6,383,702.24 vs printed 6,383,702.24 ; v3: 5,993,188.58 vs printed 5,993,188.58 ; v4: 3,564,136.36 vs printed 3,564,136.36"
2017,FY2017,COUNCIL ON AGING,Venture Grant - Are You OK,32,,"FISCAL YEAR ENDING 6/30/17 ; FORWARD | TOTAL, | TOTAL | BALANCE FWD ; PROGRAM NAME | 7/1/2016 | RECEIPTS | DISBURSEMENTS | 7/1/2017 ; GENERAL GOVERNMENT",24.00,,,24.00,,,2,,,,3,check failed,"v1: 3,089,634.36 vs printed 3,173,622.70 (-83,988.34) ; v2: 6,383,702.24 vs printed 6,383,702.24 ; v3: 5,993,188.58 vs printed 5,993,188.58 ; v4: 3,564,136.36 vs printed 3,564,136.36"
2017,FY2017,LIBRARY,State Aid-Libraries,32,,"FISCAL YEAR ENDING 6/30/17 ; FORWARD | TOTAL, | TOTAL | BALANCE FWD ; PROGRAM NAME | 7/1/2016 | RECEIPTS | DISBURSEMENTS | 7/1/2017 ; GENERAL GOVERNMENT",26337.52,14669.04,15400.87,25605.69,,,4,,fund balances: forward + receipts - disbursements = carried forward,,3,check failed,"v1: 3,089,634.36 vs printed 3,173,622.70 (-83,988.34) ; v2: 6,383,702.24 vs printed 6,383,702.24 ; v3: 5,993,188.58 vs printed 5,993,188.58 ; v4: 3,564,136.36 vs printed 3,564,136.36"
2017,FY2017,LIBRARY,Library Gift Fund,32,,"FISCAL YEAR ENDING 6/30/17 ; FORWARD | TOTAL, | TOTAL | BALANCE FWD ; PROGRAM NAME | 7/1/2016 | RECEIPTS | DISBURSEMENTS | 7/1/2017 ; GENERAL GOVERNMENT",19818.54,50.00,,19868.54,,,3,,one cell missing; derivable from the row itself,"v3 = 0.00, from this fund's own other three columns",3,check failed,"v1: 3,089,634.36 vs printed 3,173,622.70 (-83,988.34) ; v2: 6,383,702.24 vs printed 6,383,702.24 ; v3: 5,993,188.58 vs printed 5,993,188.58 ; v4: 3,564,136.36 vs printed 3,564,136.36"
2017,FY2017,LIBRARY,Library Revolving Fund,32,,"FISCAL YEAR ENDING 6/30/17 ; FORWARD | TOTAL, | TOTAL | BALANCE FWD ; PROGRAM NAME | 7/1/2016 | RECEIPTS | DISBURSEMENTS | 7/1/2017 ; GENERAL GOVERNMENT",8933.26,5759.25,10599.05,4093.46,,,4,,fund balances: forward + receipts - disbursements = carried forward,,3,check failed,"v1: 3,089,634.36 vs printed 3,173,622.70 (-83,988.34) ; v2: 6,383,702.24 vs printed 6,383,702.24 ; v3: 5,993,188.58 vs printed 5,993,188.58 ; v4: 3,564,136.36 vs printed 3,564,136.36"
2017,FY2017,LIBRARY,FY07 Public Libraries Fund,32,,"FISCAL YEAR ENDING 6/30/17 ; FORWARD | TOTAL, | TOTAL | BALANCE FWD ; PROGRAM NAME | 7/1/2016 | RECEIPTS | DISBURSEMENTS | 7/1/2017 ; GENERAL GOVERNMENT",571.17,,,571.17,,,2,,,,3,check failed,"v1: 3,089,634.36 vs printed 3,173,622.70 (-83,988.34) ; v2: 6,383,702.24 vs printed 6,383,702.24 ; v3: 5,993,188.58 vs printed 5,993,188.58 ; v4: 3,564,136.36 vs printed 3,564,136.36"
2017,FY2017,LIBRARY,Sale of Cemetery Lots,32,,"FISCAL YEAR ENDING 6/30/17 ; FORWARD | TOTAL, | TOTAL | BALANCE FWD ; PROGRAM NAME | 7/1/2016 | RECEIPTS | DISBURSEMENTS | 7/1/2017 ; GENERAL GOVERNMENT",187116.59,11279.73,35000.00,163396.32,,,4,,fund balances: forward + receipts - disbursements = carried forward,,3,check failed,"v1: 3,089,634.36 vs printed 3,173,622.70 (-83,988.34) ; v2: 6,383,702.24 vs printed 6,383,702.24 ; v3: 5,993,188.58 vs printed 5,993,188.58 ; v4: 3,564,136.36 vs printed 3,564,136.36"
2017,FY2017,LIBRARY,Elderly/Disabled Fund,32,,"FISCAL YEAR ENDING 6/30/17 ; FORWARD | TOTAL, | TOTAL | BALANCE FWD ; PROGRAM NAME | 7/1/2016 | RECEIPTS | DISBURSEMENTS | 7/1/2017 ; GENERAL GOVERNMENT",2487.14,,,2487.14,,,2,,,,3,check failed,"v1: 3,089,634.36 vs printed 3,173,622.70 (-83,988.34) ; v2: 6,383,702.24 vs printed 6,383,702.24 ; v3: 5,993,188.58 vs printed 5,993,188.58 ; v4: 3,564,136.36 vs printed 3,564,136.36"
2017,FY2017,LIBRARY,Green Communities Grant,32,,"FISCAL YEAR ENDING 6/30/17 ; FORWARD | TOTAL, | TOTAL | BALANCE FWD ; PROGRAM NAME | 7/1/2016 | RECEIPTS | DISBURSEMENTS | 7/1/2017 ; GENERAL GOVERNMENT",14984.83,117918.75,132451.45,452.13,,,4,,fund balances: forward + receipts - disbursements = carried forward,,3,check failed,"v1: 3,089,634.36 vs printed 3,173,622.70 (-83,988.34) ; v2: 6,383,702.24 vs printed 6,383,702.24 ; v3: 5,993,188.58 vs printed 5,993,188.58 ; v4: 3,564,136.36 vs printed 3,564,136.36"
2017,FY2017,LIBRARY,Agricultural Commission Grant,32,,"FISCAL YEAR ENDING 6/30/17 ; FORWARD | TOTAL, | TOTAL | BALANCE FWD ; PROGRAM NAME | 7/1/2016 | RECEIPTS | DISBURSEMENTS | 7/1/2017 ; GENERAL GOVERNMENT",325.00,495.00,300.00,520.00,,,4,,fund balances: forward + receipts - disbursements = carried forward,,3,check failed,"v1: 3,089,634.36 vs printed 3,173,622.70 (-83,988.34) ; v2: 6,383,702.24 vs printed 6,383,702.24 ; v3: 5,993,188.58 vs printed 5,993,188.58 ; v4: 3,564,136.36 vs printed 3,564,136.36"
2017,FY2017,LIBRARY,Bell Tower Mtc. Fund-Town Hall,32,,"FISCAL YEAR ENDING 6/30/17 ; FORWARD | TOTAL, | TOTAL | BALANCE FWD ; PROGRAM NAME | 7/1/2016 | RECEIPTS | DISBURSEMENTS | 7/1/2017 ; GENERAL GOVERNMENT",5006.37,,600.00,4406.37,,,3,,one cell missing; derivable from the row itself,"v2 = 0.00, from this fund's own other three columns",3,check failed,"v1: 3,089,634.36 vs printed 3,173,622.70 (-83,988.34) ; v2: 6,383,702.24 vs printed 6,383,702.24 ; v3: 5,993,188.58 vs printed 5,993,188.58 ; v4: 3,564,136.36 vs printed 3,564,136.36"
2017,FY2017,LIBRARY,Historical Comm. Gift Fund,32,,"FISCAL YEAR ENDING 6/30/17 ; FORWARD | TOTAL, | TOTAL | BALANCE FWD ; PROGRAM NAME | 7/1/2016 | RECEIPTS | DISBURSEMENTS | 7/1/2017 ; GENERAL GOVERNMENT",137.36,,,137.36,,,2,,,,3,check failed,"v1: 3,089,634.36 vs printed 3,173,622.70 (-83,988.34) ; v2: 6,383,702.24 vs printed 6,383,702.24 ; v3: 5,993,188.58 vs printed 5,993,188.58 ; v4: 3,564,136.36 vs printed 3,564,136.36"
2017,FY2017,LIBRARY,Mass Historical Comm Grant-Town,32,,"FISCAL YEAR ENDING 6/30/17 ; FORWARD | TOTAL, | TOTAL | BALANCE FWD ; PROGRAM NAME | 7/1/2016 | RECEIPTS | DISBURSEMENTS | 7/1/2017 ; GENERAL GOVERNMENT",,,,4150.00,,,1,,,,3,check failed,"v1: 3,089,634.36 vs printed 3,173,622.70 (-83,988.34) ; v2: 6,383,702.24 vs printed 6,383,702.24 ; v3: 5,993,188.58 vs printed 5,993,188.58 ; v4: 3,564,136.36 vs printed 3,564,136.36"
2017,FY2017,LIBRARY,Public Safety Gift Fund,32,,"FISCAL YEAR ENDING 6/30/17 ; FORWARD | TOTAL, | TOTAL | BALANCE FWD ; PROGRAM NAME | 7/1/2016 | RECEIPTS | DISBURSEMENTS | 7/1/2017 ; GENERAL GOVERNMENT",220.38,,,220.38,,,2,,,,3,check failed,"v1: 3,089,634.36 vs printed 3,173,622.70 (-83,988.34) ; v2: 6,383,702.24 vs printed 6,383,702.24 ; v3: 5,993,188.58 vs printed 5,993,188.58 ; v4: 3,564,136.36 vs printed 3,564,136.36"
2017,FY2017,LIBRARY,Council on Aging Gift Fund,32,,"FISCAL YEAR ENDING 6/30/17 ; FORWARD | TOTAL, | TOTAL | BALANCE FWD ; PROGRAM NAME | 7/1/2016 | RECEIPTS | DISBURSEMENTS | 7/1/2017 ; GENERAL GOVERNMENT",2992.79,100.00,2412.55,680.24,,,4,,fund balances: forward + receipts - disbursements = carried forward,,3,check failed,"v1: 3,089,634.36 vs printed 3,173,622.70 (-83,988.34) ; v2: 6,383,702.24 vs printed 6,383,702.24 ; v3: 5,993,188.58 vs printed 5,993,188.58 ; v4: 3,564,136.36 vs printed 3,564,136.36"
2017,FY2017,LIBRARY,MWPAT Septic Repair,32,,"FISCAL YEAR ENDING 6/30/17 ; FORWARD | TOTAL, | TOTAL | BALANCE FWD ; PROGRAM NAME | 7/1/2016 | RECEIPTS | DISBURSEMENTS | 7/1/2017 ; GENERAL GOVERNMENT",4079.03,,,4079.03,,,2,,,,3,check failed,"v1: 3,089,634.36 vs printed 3,173,622.70 (-83,988.34) ; v2: 6,383,702.24 vs printed 6,383,702.24 ; v3: 5,993,188.58 vs printed 5,993,188.58 ; v4: 3,564,136.36 vs printed 3,564,136.36"
2017,FY2017,LIBRARY,,32,,"FISCAL YEAR ENDING 6/30/17 ; FORWARD | TOTAL, | TOTAL | BALANCE FWD ; PROGRAM NAME | 7/1/2016 | RECEIPTS | DISBURSEMENTS | 7/1/2017 ; GENERAL GOVERNMENT",32.00,,,,,,1,,,,3,check failed,"v1: 3,089,634.36 vs printed 3,173,622.70 (-83,988.34) ; v2: 6,383,702.24 vs printed 6,383,702.24 ; v3: 5,993,188.58 vs printed 5,993,188.58 ; v4: 3,564,136.36 vs printed 3,564,136.36"
2017,FY2017,LIBRARY,WPAT Septic Receipts Reserved,33,,"FISCAL YEAR ENDING 6/30/17 ; FORWARD | TOTAL, | TOTAL | BALANCE FWD ; PROGRAM NAME | 7/1/2016 | RECEIPTS | DISBURSEMENTS | 7/1/2017 ; GENERAL GOVERNMENT",65579.56,1265.70,10868.00,55977.26,,,4,,fund balances: forward + receipts - disbursements = carried forward,,3,check failed,"v1: 3,089,634.36 vs printed 3,173,622.70 (-83,988.34) ; v2: 6,383,702.24 vs printed 6,383,702.24 ; v3: 5,993,188.58 vs printed 5,993,188.58 ; v4: 3,564,136.36 vs printed 3,564,136.36"
2017,FY2017,LIBRARY,E.O.C.D. Septic | Grant,33,,"FISCAL YEAR ENDING 6/30/17 ; FORWARD | TOTAL, | TOTAL | BALANCE FWD ; PROGRAM NAME | 7/1/2016 | RECEIPTS | DISBURSEMENTS | 7/1/2017 ; GENERAL GOVERNMENT",103249.72,3354.93,15377.33,91227.32,,,4,,fund balances: forward + receipts - disbursements = carried forward,,3,check failed,"v1: 3,089,634.36 vs printed 3,173,622.70 (-83,988.34) ; v2: 6,383,702.24 vs printed 6,383,702.24 ; v3: 5,993,188.58 vs printed 5,993,188.58 ; v4: 3,564,136.36 vs printed 3,564,136.36"
2017,FY2017,LIBRARY,Water Enterprise Fund,33,,"FISCAL YEAR ENDING 6/30/17 ; FORWARD | TOTAL, | TOTAL | BALANCE FWD ; PROGRAM NAME | 7/1/2016 | RECEIPTS | DISBURSEMENTS | 7/1/2017 ; GENERAL GOVERNMENT",45452.25,23172.49,27796.60,40828.14,,,4,,fund balances: forward + receipts - disbursements = carried forward,,3,check failed,"v1: 3,089,634.36 vs printed 3,173,622.70 (-83,988.34) ; v2: 6,383,702.24 vs printed 6,383,702.24 ; v3: 5,993,188.58 vs printed 5,993,188.58 ; v4: 3,564,136.36 vs printed 3,564,136.36"
2017,FY2017,LIBRARY,Sewer Enterprise Fund,33,,"FISCAL YEAR ENDING 6/30/17 ; FORWARD | TOTAL, | TOTAL | BALANCE FWD ; PROGRAM NAME | 7/1/2016 | RECEIPTS | DISBURSEMENTS | 7/1/2017 ; GENERAL GOVERNMENT",1059971.05,859755.48,733235.91,1186490.62,,,4,,fund balances: forward + receipts - disbursements = carried forward,,3,check failed,"v1: 3,089,634.36 vs printed 3,173,622.70 (-83,988.34) ; v2: 6,383,702.24 vs printed 6,383,702.24 ; v3: 5,993,188.58 vs printed 5,993,188.58 ; v4: 3,564,136.36 vs printed 3,564,136.36"
2017,FY2017,LIBRARY,Sewer Betterment Fund,33,,"FISCAL YEAR ENDING 6/30/17 ; FORWARD | TOTAL, | TOTAL | BALANCE FWD ; PROGRAM NAME | 7/1/2016 | RECEIPTS | DISBURSEMENTS | 7/1/2017 ; GENERAL GOVERNMENT",432151.41,1079018.89,848584.76,662585.54,,,4,,fund balances: forward + receipts - disbursements = carried forward,,3,check failed,"v1: 3,089,634.36 vs printed 3,173,622.70 (-83,988.34) ; v2: 6,383,702.24 vs printed 6,383,702.24 ; v3: 5,993,188.58 vs printed 5,993,188.58 ; v4: 3,564,136.36 vs printed 3,564,136.36"
2017,FY2017,LIBRARY,Public Health Emergency Preparedness,33,,"FISCAL YEAR ENDING 6/30/17 ; FORWARD | TOTAL, | TOTAL | BALANCE FWD ; PROGRAM NAME | 7/1/2016 | RECEIPTS | DISBURSEMENTS | 7/1/2017 ; GENERAL GOVERNMENT",12295.09,,,12295.09,,,2,,,,3,check failed,"v1: 3,089,634.36 vs printed 3,173,622.70 (-83,988.34) ; v2: 6,383,702.24 vs printed 6,383,702.24 ; v3: 5,993,188.58 vs printed 5,993,188.58 ; v4: 3,564,136.36 vs printed 3,564,136.36"
2017,FY2017,LIBRARY,DEP Pay As You Throw Grant,33,,"FISCAL YEAR ENDING 6/30/17 ; FORWARD | TOTAL, | TOTAL | BALANCE FWD ; PROGRAM NAME | 7/1/2016 | RECEIPTS | DISBURSEMENTS | 7/1/2017 ; GENERAL GOVERNMENT",4720.43,,,4720.43,,,2,,,,3,check failed,"v1: 3,089,634.36 vs printed 3,173,622.70 (-83,988.34) ; v2: 6,383,702.24 vs printed 6,383,702.24 ; v3: 5,993,188.58 vs printed 5,993,188.58 ; v4: 3,564,136.36 vs printed 3,564,136.36"
2017,FY2017,LIBRARY,Recycling Outreach Fund,33,,"FISCAL YEAR ENDING 6/30/17 ; FORWARD | TOTAL, | TOTAL | BALANCE FWD ; PROGRAM NAME | 7/1/2016 | RECEIPTS | DISBURSEMENTS | 7/1/2017 ; GENERAL GOVERNMENT",3800.00,,,3800.00,,,2,,,,3,check failed,"v1: 3,089,634.36 vs printed 3,173,622.70 (-83,988.34) ; v2: 6,383,702.24 vs printed 6,383,702.24 ; v3: 5,993,188.58 vs printed 5,993,188.58 ; v4: 3,564,136.36 vs printed 3,564,136.36"
2017,FY2017,LIBRARY,Repayments Sewer Hookup,33,,"FISCAL YEAR ENDING 6/30/17 ; FORWARD | TOTAL, | TOTAL | BALANCE FWD ; PROGRAM NAME | 7/1/2016 | RECEIPTS | DISBURSEMENTS | 7/1/2017 ; GENERAL GOVERNMENT",9222.00,,,9222.00,,,2,,,,3,check failed,"v1: 3,089,634.36 vs printed 3,173,622.70 (-83,988.34) ; v2: 6,383,702.24 vs printed 6,383,702.24 ; v3: 5,993,188.58 vs printed 5,993,188.58 ; v4: 3,564,136.36 vs printed 3,564,136.36"
2017,FY2017,LIBRARY,Solid Waste/Recycling Enterprise Fund,33,,"FISCAL YEAR ENDING 6/30/17 ; FORWARD | TOTAL, | TOTAL | BALANCE FWD ; PROGRAM NAME | 7/1/2016 | RECEIPTS | DISBURSEMENTS | 7/1/2017 ; GENERAL GOVERNMENT",8386.61,292343.70,285122.03,15608.28,,,4,,fund balances: forward + receipts - disbursements = carried forward,,3,check failed,"v1: 3,089,634.36 vs printed 3,173,622.70 (-83,988.34) ; v2: 6,383,702.24 vs printed 6,383,702.24 ; v3: 5,993,188.58 vs printed 5,993,188.58 ; v4: 3,564,136.36 vs printed 3,564,136.36"
2017,FY2017,LIBRARY,CVS Volunteer Challenge Grant,33,,"FISCAL YEAR ENDING 6/30/17 ; FORWARD | TOTAL, | TOTAL | BALANCE FWD ; PROGRAM NAME | 7/1/2016 | RECEIPTS | DISBURSEMENTS | 7/1/2017 ; GENERAL GOVERNMENT",500.00,,,500.00,,,2,,,,3,check failed,"v1: 3,089,634.36 vs printed 3,173,622.70 (-83,988.34) ; v2: 6,383,702.24 vs printed 6,383,702.24 ; v3: 5,993,188.58 vs printed 5,993,188.58 ; v4: 3,564,136.36 vs printed 3,564,136.36"
2017,FY2017,LIBRARY,Fields Pond Foundation,33,,"FISCAL YEAR ENDING 6/30/17 ; FORWARD | TOTAL, | TOTAL | BALANCE FWD ; PROGRAM NAME | 7/1/2016 | RECEIPTS | DISBURSEMENTS | 7/1/2017 ; GENERAL GOVERNMENT",1600.00,,,1600.00,,,2,,,,3,check failed,"v1: 3,089,634.36 vs printed 3,173,622.70 (-83,988.34) ; v2: 6,383,702.24 vs printed 6,383,702.24 ; v3: 5,993,188.58 vs printed 5,993,188.58 ; v4: 3,564,136.36 vs printed 3,564,136.36"
2017,FY2017,LIBRARY,March for Parks,33,,"FISCAL YEAR ENDING 6/30/17 ; FORWARD | TOTAL, | TOTAL | BALANCE FWD ; PROGRAM NAME | 7/1/2016 | RECEIPTS | DISBURSEMENTS | 7/1/2017 ; GENERAL GOVERNMENT",1617.25,,,1617.25,,,2,,,,3,check failed,"v1: 3,089,634.36 vs printed 3,173,622.70 (-83,988.34) ; v2: 6,383,702.24 vs printed 6,383,702.24 ; v3: 5,993,188.58 vs printed 5,993,188.58 ; v4: 3,564,136.36 vs printed 3,564,136.36"
2017,FY2017,LIBRARY,Skate Park Fund,33,,"FISCAL YEAR ENDING 6/30/17 ; FORWARD | TOTAL, | TOTAL | BALANCE FWD ; PROGRAM NAME | 7/1/2016 | RECEIPTS | DISBURSEMENTS | 7/1/2017 ; GENERAL GOVERNMENT",197.00,,,197.00,,,2,,,,3,check failed,"v1: 3,089,634.36 vs printed 3,173,622.70 (-83,988.34) ; v2: 6,383,702.24 vs printed 6,383,702.24 ; v3: 5,993,188.58 vs printed 5,993,188.58 ; v4: 3,564,136.36 vs printed 3,564,136.36"
2017,FY2017,LIBRARY,Weights/Measures Citation Fund,33,,"FISCAL YEAR ENDING 6/30/17 ; FORWARD | TOTAL, | TOTAL | BALANCE FWD ; PROGRAM NAME | 7/1/2016 | RECEIPTS | DISBURSEMENTS | 7/1/2017 ; GENERAL GOVERNMENT",325.00,,,325.00,,,2,,,,3,check failed,"v1: 3,089,634.36 vs printed 3,173,622.70 (-83,988.34) ; v2: 6,383,702.24 vs printed 6,383,702.24 ; v3: 5,993,188.58 vs printed 5,993,188.58 ; v4: 3,564,136.36 vs printed 3,564,136.36"
2017,FY2017,LIBRARY,Marshall Park Restoration Fund,33,,"FISCAL YEAR ENDING 6/30/17 ; FORWARD | TOTAL, | TOTAL | BALANCE FWD ; PROGRAM NAME | 7/1/2016 | RECEIPTS | DISBURSEMENTS | 7/1/2017 ; GENERAL GOVERNMENT",125.00,,,125.00,,,2,,,,3,check failed,"v1: 3,089,634.36 vs printed 3,173,622.70 (-83,988.34) ; v2: 6,383,702.24 vs printed 6,383,702.24 ; v3: 5,993,188.58 vs printed 5,993,188.58 ; v4: 3,564,136.36 vs printed 3,564,136.36"
2017,FY2017,LIBRARY,Comcast Technology Capital Grant,33,,"FISCAL YEAR ENDING 6/30/17 ; FORWARD | TOTAL, | TOTAL | BALANCE FWD ; PROGRAM NAME | 7/1/2016 | RECEIPTS | DISBURSEMENTS | 7/1/2017 ; GENERAL GOVERNMENT",39796.01,,,39796.01,,,2,,,,3,check failed,"v1: 3,089,634.36 vs printed 3,173,622.70 (-83,988.34) ; v2: 6,383,702.24 vs printed 6,383,702.24 ; v3: 5,993,188.58 vs printed 5,993,188.58 ; v4: 3,564,136.36 vs printed 3,564,136.36"
2017,FY2017,LIBRARY,Sale of Real Estate Fund,33,,"FISCAL YEAR ENDING 6/30/17 ; FORWARD | TOTAL, | TOTAL | BALANCE FWD ; PROGRAM NAME | 7/1/2016 | RECEIPTS | DISBURSEMENTS | 7/1/2017 ; GENERAL GOVERNMENT",9925.00,,,9925.00,,,2,,,,3,check failed,"v1: 3,089,634.36 vs printed 3,173,622.70 (-83,988.34) ; v2: 6,383,702.24 vs printed 6,383,702.24 ; v3: 5,993,188.58 vs printed 5,993,188.58 ; v4: 3,564,136.36 vs printed 3,564,136.36"
2017,FY2017,LIBRARY,Arts Lottery Fund,33,,"FISCAL YEAR ENDING 6/30/17 ; FORWARD | TOTAL, | TOTAL | BALANCE FWD ; PROGRAM NAME | 7/1/2016 | RECEIPTS | DISBURSEMENTS | 7/1/2017 ; GENERAL GOVERNMENT",7310.75,4754.02,9156.00,2908.77,,,4,,fund balances: forward + receipts - disbursements = carried forward,,3,check failed,"v1: 3,089,634.36 vs printed 3,173,622.70 (-83,988.34) ; v2: 6,383,702.24 vs printed 6,383,702.24 ; v3: 5,993,188.58 vs printed 5,993,188.58 ; v4: 3,564,136.36 vs printed 3,564,136.36"
2017,FY2017,LIBRARY,Peg Access Committee Fund,33,,"FISCAL YEAR ENDING 6/30/17 ; FORWARD | TOTAL, | TOTAL | BALANCE FWD ; PROGRAM NAME | 7/1/2016 | RECEIPTS | DISBURSEMENTS | 7/1/2017 ; GENERAL GOVERNMENT",270235.70,107889.80,74573.96,303551.54,,,4,,fund balances: forward + receipts - disbursements = carried forward,,3,check failed,"v1: 3,089,634.36 vs printed 3,173,622.70 (-83,988.34) ; v2: 6,383,702.24 vs printed 6,383,702.24 ; v3: 5,993,188.58 vs printed 5,993,188.58 ; v4: 3,564,136.36 vs printed 3,564,136.36"
2017,FY2017,LIBRARY,Debris Removal Gift Fund,33,,"FISCAL YEAR ENDING 6/30/17 ; FORWARD | TOTAL, | TOTAL | BALANCE FWD ; PROGRAM NAME | 7/1/2016 | RECEIPTS | DISBURSEMENTS | 7/1/2017 ; GENERAL GOVERNMENT",676.00,,,676.00,,,2,,,,3,check failed,"v1: 3,089,634.36 vs printed 3,173,622.70 (-83,988.34) ; v2: 6,383,702.24 vs printed 6,383,702.24 ; v3: 5,993,188.58 vs printed 5,993,188.58 ; v4: 3,564,136.36 vs printed 3,564,136.36"
2017,FY2017,LIBRARY,Citizens Relief Fund,33,,"FISCAL YEAR ENDING 6/30/17 ; FORWARD | TOTAL, | TOTAL | BALANCE FWD ; PROGRAM NAME | 7/1/2016 | RECEIPTS | DISBURSEMENTS | 7/1/2017 ; GENERAL GOVERNMENT",200.00,,,200.00,,,2,,,,3,check failed,"v1: 3,089,634.36 vs printed 3,173,622.70 (-83,988.34) ; v2: 6,383,702.24 vs printed 6,383,702.24 ; v3: 5,993,188.58 vs printed 5,993,188.58 ; v4: 3,564,136.36 vs printed 3,564,136.36"
2017,FY2017,LIBRARY,Hollis Road Revolving,33,,"FISCAL YEAR ENDING 6/30/17 ; FORWARD | TOTAL, | TOTAL | BALANCE FWD ; PROGRAM NAME | 7/1/2016 | RECEIPTS | DISBURSEMENTS | 7/1/2017 ; GENERAL GOVERNMENT",21116.63,10200.00,12500.50,18816.13,,,4,,fund balances: forward + receipts - disbursements = carried forward,,3,check failed,"v1: 3,089,634.36 vs printed 3,173,622.70 (-83,988.34) ; v2: 6,383,702.24 vs printed 6,383,702.24 ; v3: 5,993,188.58 vs printed 5,993,188.58 ; v4: 3,564,136.36 vs printed 3,564,136.36"
2017,FY2017,LIBRARY,Municipal Energy Technical Assistance,33,,"FISCAL YEAR ENDING 6/30/17 ; FORWARD | TOTAL, | TOTAL | BALANCE FWD ; PROGRAM NAME | 7/1/2016 | RECEIPTS | DISBURSEMENTS | 7/1/2017 ; GENERAL GOVERNMENT",,8650.00,480.00,-5.00,,,3,,one cell missing; derivable from the row itself,"v1 = -8,175.00, from this fund's own other three columns",3,check failed,"v1: 3,089,634.36 vs printed 3,173,622.70 (-83,988.34) ; v2: 6,383,702.24 vs printed 6,383,702.24 ; v3: 5,993,188.58 vs printed 5,993,188.58 ; v4: 3,564,136.36 vs printed 3,564,136.36"
2017,FY2017,LIBRARY,Water Infrastructure Planning Grant,33,,"FISCAL YEAR ENDING 6/30/17 ; FORWARD | TOTAL, | TOTAL | BALANCE FWD ; PROGRAM NAME | 7/1/2016 | RECEIPTS | DISBURSEMENTS | 7/1/2017 ; GENERAL GOVERNMENT",-30000.00,30000.00,,0.00,,,3,,one cell missing; derivable from the row itself,"v3 = 0.00, from this fund's own other three columns",3,check failed,"v1: 3,089,634.36 vs printed 3,173,622.70 (-83,988.34) ; v2: 6,383,702.24 vs printed 6,383,702.24 ; v3: 5,993,188.58 vs printed 5,993,188.58 ; v4: 3,564,136.36 vs printed 3,564,136.36"
2017,FY2017,LIBRARY,Recycling Dividends Program Grant,33,,"FISCAL YEAR ENDING 6/30/17 ; FORWARD | TOTAL, | TOTAL | BALANCE FWD ; PROGRAM NAME | 7/1/2016 | RECEIPTS | DISBURSEMENTS | 7/1/2017 ; GENERAL GOVERNMENT",0.00,5400.00,3549.40,1850.60,,,4,,fund balances: forward + receipts - disbursements = carried forward,,3,check failed,"v1: 3,089,634.36 vs printed 3,173,622.70 (-83,988.34) ; v2: 6,383,702.24 vs printed 6,383,702.24 ; v3: 5,993,188.58 vs printed 5,993,188.58 ; v4: 3,564,136.36 vs printed 3,564,136.36"
2017,FY2017,LIBRARY,RUOK Program Grant,33,,"FISCAL YEAR ENDING 6/30/17 ; FORWARD | TOTAL, | TOTAL | BALANCE FWD ; PROGRAM NAME | 7/1/2016 | RECEIPTS | DISBURSEMENTS | 7/1/2017 ; GENERAL GOVERNMENT",216.00,,216.00,0.00,,,3,,one cell missing; derivable from the row itself,"v2 = 0.00, from this fund's own other three columns",3,check failed,"v1: 3,089,634.36 vs printed 3,173,622.70 (-83,988.34) ; v2: 6,383,702.24 vs printed 6,383,702.24 ; v3: 5,993,188.58 vs printed 5,993,188.58 ; v4: 3,564,136.36 vs printed 3,564,136.36"
2017,FY2017,LIBRARY,,33,,"FISCAL YEAR ENDING 6/30/17 ; FORWARD | TOTAL, | TOTAL | BALANCE FWD ; PROGRAM NAME | 7/1/2016 | RECEIPTS | DISBURSEMENTS | 7/1/2017 ; GENERAL GOVERNMENT",33.00,,,,,,1,,,,3,check failed,"v1: 3,089,634.36 vs printed 3,173,622.70 (-83,988.34) ; v2: 6,383,702.24 vs printed 6,383,702.24 ; v3: 5,993,188.58 vs printed 5,993,188.58 ; v4: 3,564,136.36 vs printed 3,564,136.36"
2018,FY2018,GENERAL GOVERNMENT,Regional Assessor Fund,35,,FISCAL YEAR ENDING 6/30/18 ; FORWARD | TOTAL | TOTAL | BALANCE FWD ; PROGRAM NAME | 7/1/2017 | RECEIPTS | DISBURSEMENTS | 7/1/2018 ; GENERAL GOVERNMENT,30907.25,,,30907.25,,,2,,,,2,check failed,"v1: 3,560,171.36 vs printed 3,564,136.36 (-3,965.00) ; v2: 6,246,072.62 vs printed 6,246,072.62 ; v3: 5,837,989.85 vs printed 5,837,989.85 ; v4: 3,922,219.13 vs printed 3,972,219.13 (-50,000.00)"
2018,FY2018,GENERAL GOVERNMENT,Conservation Fund,35,,FISCAL YEAR ENDING 6/30/18 ; FORWARD | TOTAL | TOTAL | BALANCE FWD ; PROGRAM NAME | 7/1/2017 | RECEIPTS | DISBURSEMENTS | 7/1/2018 ; GENERAL GOVERNMENT,319.59,,,319.59,,,2,,,,2,check failed,"v1: 3,560,171.36 vs printed 3,564,136.36 (-3,965.00) ; v2: 6,246,072.62 vs printed 6,246,072.62 ; v3: 5,837,989.85 vs printed 5,837,989.85 ; v4: 3,922,219.13 vs printed 3,972,219.13 (-50,000.00)"
2018,FY2018,GENERAL GOVERNMENT,Conservation Consultant Revolving,35,,FISCAL YEAR ENDING 6/30/18 ; FORWARD | TOTAL | TOTAL | BALANCE FWD ; PROGRAM NAME | 7/1/2017 | RECEIPTS | DISBURSEMENTS | 7/1/2018 ; GENERAL GOVERNMENT,120.50,,,120.50,,,2,,,,2,check failed,"v1: 3,560,171.36 vs printed 3,564,136.36 (-3,965.00) ; v2: 6,246,072.62 vs printed 6,246,072.62 ; v3: 5,837,989.85 vs printed 5,837,989.85 ; v4: 3,922,219.13 vs printed 3,972,219.13 (-50,000.00)"
2018,FY2018,GENERAL GOVERNMENT,Zoning Board Consultant Revolving,35,,FISCAL YEAR ENDING 6/30/18 ; FORWARD | TOTAL | TOTAL | BALANCE FWD ; PROGRAM NAME | 7/1/2017 | RECEIPTS | DISBURSEMENTS | 7/1/2018 ; GENERAL GOVERNMENT,14331.96,7928.97,10908.97,11351.96,,,4,,fund balances: forward + receipts - disbursements = carried forward,,2,check failed,"v1: 3,560,171.36 vs printed 3,564,136.36 (-3,965.00) ; v2: 6,246,072.62 vs printed 6,246,072.62 ; v3: 5,837,989.85 vs printed 5,837,989.85 ; v4: 3,922,219.13 vs printed 3,972,219.13 (-50,000.00)"
2018,FY2018,GENERAL GOVERNMENT,Conservation Gift Fund-Cook Farm,35,,FISCAL YEAR ENDING 6/30/18 ; FORWARD | TOTAL | TOTAL | BALANCE FWD ; PROGRAM NAME | 7/1/2017 | RECEIPTS | DISBURSEMENTS | 7/1/2018 ; GENERAL GOVERNMENT,148.00,,,148.00,,,2,,,,2,check failed,"v1: 3,560,171.36 vs printed 3,564,136.36 (-3,965.00) ; v2: 6,246,072.62 vs printed 6,246,072.62 ; v3: 5,837,989.85 vs printed 5,837,989.85 ; v4: 3,922,219.13 vs printed 3,972,219.13 (-50,000.00)"
2018,FY2018,GENERAL GOVERNMENT,Town Records Gift Fund,35,,FISCAL YEAR ENDING 6/30/18 ; FORWARD | TOTAL | TOTAL | BALANCE FWD ; PROGRAM NAME | 7/1/2017 | RECEIPTS | DISBURSEMENTS | 7/1/2018 ; GENERAL GOVERNMENT,252.35,,,252.35,,,2,,,,2,check failed,"v1: 3,560,171.36 vs printed 3,564,136.36 (-3,965.00) ; v2: 6,246,072.62 vs printed 6,246,072.62 ; v3: 5,837,989.85 vs printed 5,837,989.85 ; v4: 3,922,219.13 vs printed 3,972,219.13 (-50,000.00)"
2018,FY2018,GENERAL GOVERNMENT,Scholarship Fund,35,,FISCAL YEAR ENDING 6/30/18 ; FORWARD | TOTAL | TOTAL | BALANCE FWD ; PROGRAM NAME | 7/1/2017 | RECEIPTS | DISBURSEMENTS | 7/1/2018 ; GENERAL GOVERNMENT,232.26,,,232.26,,,2,,,,2,check failed,"v1: 3,560,171.36 vs printed 3,564,136.36 (-3,965.00) ; v2: 6,246,072.62 vs printed 6,246,072.62 ; v3: 5,837,989.85 vs printed 5,837,989.85 ; v4: 3,922,219.13 vs printed 3,972,219.13 (-50,000.00)"
2018,FY2018,GENERAL GOVERNMENT,Sewer Gift Fund,35,,FISCAL YEAR ENDING 6/30/18 ; FORWARD | TOTAL | TOTAL | BALANCE FWD ; PROGRAM NAME | 7/1/2017 | RECEIPTS | DISBURSEMENTS | 7/1/2018 ; GENERAL GOVERNMENT,387.09,,,387.09,,,2,,,,2,check failed,"v1: 3,560,171.36 vs printed 3,564,136.36 (-3,965.00) ; v2: 6,246,072.62 vs printed 6,246,072.62 ; v3: 5,837,989.85 vs printed 5,837,989.85 ; v4: 3,922,219.13 vs printed 3,972,219.13 (-50,000.00)"
2018,FY2018,GENERAL GOVERNMENT,Insurance Recoveries,35,,FISCAL YEAR ENDING 6/30/18 ; FORWARD | TOTAL | TOTAL | BALANCE FWD ; PROGRAM NAME | 7/1/2017 | RECEIPTS | DISBURSEMENTS | 7/1/2018 ; GENERAL GOVERNMENT,4292.64,4198.71,3673.32,4818.03,,,4,,fund balances: forward + receipts - disbursements = carried forward,,2,check failed,"v1: 3,560,171.36 vs printed 3,564,136.36 (-3,965.00) ; v2: 6,246,072.62 vs printed 6,246,072.62 ; v3: 5,837,989.85 vs printed 5,837,989.85 ; v4: 3,922,219.13 vs printed 3,972,219.13 (-50,000.00)"
2018,FY2018,GENERAL GOVERNMENT,Town Hall Chimney Grant,35,,FISCAL YEAR ENDING 6/30/18 ; FORWARD | TOTAL | TOTAL | BALANCE FWD ; PROGRAM NAME | 7/1/2017 | RECEIPTS | DISBURSEMENTS | 7/1/2018 ; GENERAL GOVERNMENT,3000.00,,,3000.00,,,2,,,,2,check failed,"v1: 3,560,171.36 vs printed 3,564,136.36 (-3,965.00) ; v2: 6,246,072.62 vs printed 6,246,072.62 ; v3: 5,837,989.85 vs printed 5,837,989.85 ; v4: 3,922,219.13 vs printed 3,972,219.13 (-50,000.00)"
2018,FY2018,GENERAL GOVERNMENT,General Government Gift Fund,35,,FISCAL YEAR ENDING 6/30/18 ; FORWARD | TOTAL | TOTAL | BALANCE FWD ; PROGRAM NAME | 7/1/2017 | RECEIPTS | DISBURSEMENTS | 7/1/2018 ; GENERAL GOVERNMENT,1110.00,,,1110.00,,,2,,,,2,check failed,"v1: 3,560,171.36 vs printed 3,564,136.36 (-3,965.00) ; v2: 6,246,072.62 vs printed 6,246,072.62 ; v3: 5,837,989.85 vs printed 5,837,989.85 ; v4: 3,922,219.13 vs printed 3,972,219.13 (-50,000.00)"
2018,FY2018,GENERAL GOVERNMENT,Household Hazardous Waste,35,,FISCAL YEAR ENDING 6/30/18 ; FORWARD | TOTAL | TOTAL | BALANCE FWD ; PROGRAM NAME | 7/1/2017 | RECEIPTS | DISBURSEMENTS | 7/1/2018 ; GENERAL GOVERNMENT,768.76,,,768.76,,,2,,,,2,check failed,"v1: 3,560,171.36 vs printed 3,564,136.36 (-3,965.00) ; v2: 6,246,072.62 vs printed 6,246,072.62 ; v3: 5,837,989.85 vs printed 5,837,989.85 ; v4: 3,922,219.13 vs printed 3,972,219.13 (-50,000.00)"
2018,FY2018,GENERAL GOVERNMENT,Town Facilities Use Account,35,,FISCAL YEAR ENDING 6/30/18 ; FORWARD | TOTAL | TOTAL | BALANCE FWD ; PROGRAM NAME | 7/1/2017 | RECEIPTS | DISBURSEMENTS | 7/1/2018 ; GENERAL GOVERNMENT,32895.73,104777.56,70278.87,67394.42,,,4,,fund balances: forward + receipts - disbursements = carried forward,,2,check failed,"v1: 3,560,171.36 vs printed 3,564,136.36 (-3,965.00) ; v2: 6,246,072.62 vs printed 6,246,072.62 ; v3: 5,837,989.85 vs printed 5,837,989.85 ; v4: 3,922,219.13 vs printed 3,972,219.13 (-50,000.00)"
2018,FY2018,GENERAL GOVERNMENT,Bond Premium Reserved for Capital,35,,FISCAL YEAR ENDING 6/30/18 ; FORWARD | TOTAL | TOTAL | BALANCE FWD ; PROGRAM NAME | 7/1/2017 | RECEIPTS | DISBURSEMENTS | 7/1/2018 ; GENERAL GOVERNMENT,6350.49,,,6350.49,,,2,,,,2,check failed,"v1: 3,560,171.36 vs printed 3,564,136.36 (-3,965.00) ; v2: 6,246,072.62 vs printed 6,246,072.62 ; v3: 5,837,989.85 vs printed 5,837,989.85 ; v4: 3,922,219.13 vs printed 3,972,219.13 (-50,000.00)"
2018,FY2018,SCHOOL DEPARTMENT,School Lunch,35,,FISCAL YEAR ENDING 6/30/18 ; FORWARD | TOTAL | TOTAL | BALANCE FWD ; PROGRAM NAME | 7/1/2017 | RECEIPTS | DISBURSEMENTS | 7/1/2018 ; GENERAL GOVERNMENT,1443.46,373972.90,374685.86,730.50,,,4,,fund balances: forward + receipts - disbursements = carried forward,,2,check failed,"v1: 3,560,171.36 vs printed 3,564,136.36 (-3,965.00) ; v2: 6,246,072.62 vs printed 6,246,072.62 ; v3: 5,837,989.85 vs printed 5,837,989.85 ; v4: 3,922,219.13 vs printed 3,972,219.13 (-50,000.00)"
2018,FY2018,SCHOOL DEPARTMENT,Title I #305,35,,FISCAL YEAR ENDING 6/30/18 ; FORWARD | TOTAL | TOTAL | BALANCE FWD ; PROGRAM NAME | 7/1/2017 | RECEIPTS | DISBURSEMENTS | 7/1/2018 ; GENERAL GOVERNMENT,-66265.25,338140.00,274204.79,-2330.04,,,4,,fund balances: forward + receipts - disbursements = carried forward,,2,check failed,"v1: 3,560,171.36 vs printed 3,564,136.36 (-3,965.00) ; v2: 6,246,072.62 vs printed 6,246,072.62 ; v3: 5,837,989.85 vs printed 5,837,989.85 ; v4: 3,922,219.13 vs printed 3,972,219.13 (-50,000.00)"
2018,FY2018,SCHOOL DEPARTMENT,PL 94-142 #240,35,,FISCAL YEAR ENDING 6/30/18 ; FORWARD | TOTAL | TOTAL | BALANCE FWD ; PROGRAM NAME | 7/1/2017 | RECEIPTS | DISBURSEMENTS | 7/1/2018 ; GENERAL GOVERNMENT,-838.30,362833.00,361897.28,97.42,,,4,,fund balances: forward + receipts - disbursements = carried forward,,2,check failed,"v1: 3,560,171.36 vs printed 3,564,136.36 (-3,965.00) ; v2: 6,246,072.62 vs printed 6,246,072.62 ; v3: 5,837,989.85 vs printed 5,837,989.85 ; v4: 3,922,219.13 vs printed 3,972,219.13 (-50,000.00)"
2018,FY2018,SCHOOL DEPARTMENT,United Way Venture,35,,FISCAL YEAR ENDING 6/30/18 ; FORWARD | TOTAL | TOTAL | BALANCE FWD ; PROGRAM NAME | 7/1/2017 | RECEIPTS | DISBURSEMENTS | 7/1/2018 ; GENERAL GOVERNMENT,40.42,,,40.42,,,2,,,,2,check failed,"v1: 3,560,171.36 vs printed 3,564,136.36 (-3,965.00) ; v2: 6,246,072.62 vs printed 6,246,072.62 ; v3: 5,837,989.85 vs printed 5,837,989.85 ; v4: 3,922,219.13 vs printed 3,972,219.13 (-50,000.00)"
2018,FY2018,SCHOOL DEPARTMENT,Recovery for Lost Books,35,,FISCAL YEAR ENDING 6/30/18 ; FORWARD | TOTAL | TOTAL | BALANCE FWD ; PROGRAM NAME | 7/1/2017 | RECEIPTS | DISBURSEMENTS | 7/1/2018 ; GENERAL GOVERNMENT,6902.18,2021.00,,8923.18,,,3,,one cell missing; derivable from the row itself,"v3 = 0.00, from this fund's own other three columns",2,check failed,"v1: 3,560,171.36 vs printed 3,564,136.36 (-3,965.00) ; v2: 6,246,072.62 vs printed 6,246,072.62 ; v3: 5,837,989.85 vs printed 5,837,989.85 ; v4: 3,922,219.13 vs printed 3,972,219.13 (-50,000.00)"
2018,FY2018,SCHOOL DEPARTMENT,Chapter 658 School Athletics,35,,FISCAL YEAR ENDING 6/30/18 ; FORWARD | TOTAL | TOTAL | BALANCE FWD ; PROGRAM NAME | 7/1/2017 | RECEIPTS | DISBURSEMENTS | 7/1/2018 ; GENERAL GOVERNMENT,40737.65,158475.35,142677.17,56535.83,,,4,,fund balances: forward + receipts - disbursements = carried forward,,2,check failed,"v1: 3,560,171.36 vs printed 3,564,136.36 (-3,965.00) ; v2: 6,246,072.62 vs printed 6,246,072.62 ; v3: 5,837,989.85 vs printed 5,837,989.85 ; v4: 3,922,219.13 vs printed 3,972,219.13 (-50,000.00)"
2018,FY2018,SCHOOL DEPARTMENT,After School Activities,35,,FISCAL YEAR ENDING 6/30/18 ; FORWARD | TOTAL | TOTAL | BALANCE FWD ; PROGRAM NAME | 7/1/2017 | RECEIPTS | DISBURSEMENTS | 7/1/2018 ; GENERAL GOVERNMENT,103461.86,216057.50,186014.55,133504.81,,,4,,fund balances: forward + receipts - disbursements = carried forward,,2,check failed,"v1: 3,560,171.36 vs printed 3,564,136.36 (-3,965.00) ; v2: 6,246,072.62 vs printed 6,246,072.62 ; v3: 5,837,989.85 vs printed 5,837,989.85 ; v4: 3,922,219.13 vs printed 3,972,219.13 (-50,000.00)"
2018,FY2018,SCHOOL DEPARTMENT,School Facilities Use,35,,FISCAL YEAR ENDING 6/30/18 ; FORWARD | TOTAL | TOTAL | BALANCE FWD ; PROGRAM NAME | 7/1/2017 | RECEIPTS | DISBURSEMENTS | 7/1/2018 ; GENERAL GOVERNMENT,2431.07,20361.50,26101.75,-53309.18,,,4,,"does NOT balance by +50,000.00",,2,check failed,"v1: 3,560,171.36 vs printed 3,564,136.36 (-3,965.00) ; v2: 6,246,072.62 vs printed 6,246,072.62 ; v3: 5,837,989.85 vs printed 5,837,989.85 ; v4: 3,922,219.13 vs printed 3,972,219.13 (-50,000.00)"
2018,FY2018,SCHOOL DEPARTMENT,Non-Resident Tuition,35,,FISCAL YEAR ENDING 6/30/18 ; FORWARD | TOTAL | TOTAL | BALANCE FWD ; PROGRAM NAME | 7/1/2017 | RECEIPTS | DISBURSEMENTS | 7/1/2018 ; GENERAL GOVERNMENT,2193.29,,2193.29,0.00,,,3,,one cell missing; derivable from the row itself,"v2 = 0.00, from this fund's own other three columns",2,check failed,"v1: 3,560,171.36 vs printed 3,564,136.36 (-3,965.00) ; v2: 6,246,072.62 vs printed 6,246,072.62 ; v3: 5,837,989.85 vs printed 5,837,989.85 ; v4: 3,922,219.13 vs printed 3,972,219.13 (-50,000.00)"
2018,FY2018,SCHOOL DEPARTMENT,Adult Education,35,,FISCAL YEAR ENDING 6/30/18 ; FORWARD | TOTAL | TOTAL | BALANCE FWD ; PROGRAM NAME | 7/1/2017 | RECEIPTS | DISBURSEMENTS | 7/1/2018 ; GENERAL GOVERNMENT,1942.36,9764.00,7406.31,4300.05,,,4,,fund balances: forward + receipts - disbursements = carried forward,,2,check failed,"v1: 3,560,171.36 vs printed 3,564,136.36 (-3,965.00) ; v2: 6,246,072.62 vs printed 6,246,072.62 ; v3: 5,837,989.85 vs printed 5,837,989.85 ; v4: 3,922,219.13 vs printed 3,972,219.13 (-50,000.00)"
2018,FY2018,SCHOOL DEPARTMENT,Summer School Program,35,,FISCAL YEAR ENDING 6/30/18 ; FORWARD | TOTAL | TOTAL | BALANCE FWD ; PROGRAM NAME | 7/1/2017 | RECEIPTS | DISBURSEMENTS | 7/1/2018 ; GENERAL GOVERNMENT,90.00,2450.00,2200.00,340.00,,,4,,fund balances: forward + receipts - disbursements = carried forward,,2,check failed,"v1: 3,560,171.36 vs printed 3,564,136.36 (-3,965.00) ; v2: 6,246,072.62 vs printed 6,246,072.62 ; v3: 5,837,989.85 vs printed 5,837,989.85 ; v4: 3,922,219.13 vs printed 3,972,219.13 (-50,000.00)"
2018,FY2018,SCHOOL DEPARTMENT,School Choice,35,,FISCAL YEAR ENDING 6/30/18 ; FORWARD | TOTAL | TOTAL | BALANCE FWD ; PROGRAM NAME | 7/1/2017 | RECEIPTS | DISBURSEMENTS | 7/1/2018 ; GENERAL GOVERNMENT,255288.07,241647.00,245662.47,251272.60,,,4,,fund balances: forward + receipts - disbursements = carried forward,,2,check failed,"v1: 3,560,171.36 vs printed 3,564,136.36 (-3,965.00) ; v2: 6,246,072.62 vs printed 6,246,072.62 ; v3: 5,837,989.85 vs printed 5,837,989.85 ; v4: 3,922,219.13 vs printed 3,972,219.13 (-50,000.00)"
2018,FY2018,SCHOOL DEPARTMENT,School Gift Fund,35,,FISCAL YEAR ENDING 6/30/18 ; FORWARD | TOTAL | TOTAL | BALANCE FWD ; PROGRAM NAME | 7/1/2017 | RECEIPTS | DISBURSEMENTS | 7/1/2018 ; GENERAL GOVERNMENT,57448.84,38658.52,53751.77,42355.59,,,4,,fund balances: forward + receipts - disbursements = carried forward,,2,check failed,"v1: 3,560,171.36 vs printed 3,564,136.36 (-3,965.00) ; v2: 6,246,072.62 vs printed 6,246,072.62 ; v3: 5,837,989.85 vs printed 5,837,989.85 ; v4: 3,922,219.13 vs printed 3,972,219.13 (-50,000.00)"
2018,FY2018,SCHOOL DEPARTMENT,,35,,FISCAL YEAR ENDING 6/30/18 ; FORWARD | TOTAL | TOTAL | BALANCE FWD ; PROGRAM NAME | 7/1/2017 | RECEIPTS | DISBURSEMENTS | 7/1/2018 ; GENERAL GOVERNMENT,35.00,,,,,,1,,,,2,check failed,"v1: 3,560,171.36 vs printed 3,564,136.36 (-3,965.00) ; v2: 6,246,072.62 vs printed 6,246,072.62 ; v3: 5,837,989.85 vs printed 5,837,989.85 ; v4: 3,922,219.13 vs printed 3,972,219.13 (-50,000.00)"
2018,FY2018,SCHOOL DEPARTMENT,Greenthumb Revolving,36,,FISCAL YEAR ENDING 6/30/18 ; FORWARD | TOTAL | TOTAL | BALANCE FWD ; PROGRAM NAME | 7/1/2017 | RECEIPTS | DISBURSEMENTS | 7/1/2018 ; GENERAL GOVERNMENT,296.53,980.00,539.76,736.77,,,4,,fund balances: forward + receipts - disbursements = carried forward,,2,check failed,"v1: 3,560,171.36 vs printed 3,564,136.36 (-3,965.00) ; v2: 6,246,072.62 vs printed 6,246,072.62 ; v3: 5,837,989.85 vs printed 5,837,989.85 ; v4: 3,922,219.13 vs printed 3,972,219.13 (-50,000.00)"
2018,FY2018,SCHOOL DEPARTMENT,Custodian Special Details,36,,FISCAL YEAR ENDING 6/30/18 ; FORWARD | TOTAL | TOTAL | BALANCE FWD ; PROGRAM NAME | 7/1/2017 | RECEIPTS | DISBURSEMENTS | 7/1/2018 ; GENERAL GOVERNMENT,3224.55,12910.20,14516.22,1618.53,,,4,,fund balances: forward + receipts - disbursements = carried forward,,2,check failed,"v1: 3,560,171.36 vs printed 3,564,136.36 (-3,965.00) ; v2: 6,246,072.62 vs printed 6,246,072.62 ; v3: 5,837,989.85 vs printed 5,837,989.85 ; v4: 3,922,219.13 vs printed 3,972,219.13 (-50,000.00)"
2018,FY2018,SCHOOL DEPARTMENT,Tech Prep Consortium,36,,FISCAL YEAR ENDING 6/30/18 ; FORWARD | TOTAL | TOTAL | BALANCE FWD ; PROGRAM NAME | 7/1/2017 | RECEIPTS | DISBURSEMENTS | 7/1/2018 ; GENERAL GOVERNMENT,1450.00,,,1450.00,,,2,,,,2,check failed,"v1: 3,560,171.36 vs printed 3,564,136.36 (-3,965.00) ; v2: 6,246,072.62 vs printed 6,246,072.62 ; v3: 5,837,989.85 vs printed 5,837,989.85 ; v4: 3,922,219.13 vs printed 3,972,219.13 (-50,000.00)"
2018,FY2018,SCHOOL DEPARTMENT,BC/BS Healthy Choices,36,,FISCAL YEAR ENDING 6/30/18 ; FORWARD | TOTAL | TOTAL | BALANCE FWD ; PROGRAM NAME | 7/1/2017 | RECEIPTS | DISBURSEMENTS | 7/1/2018 ; GENERAL GOVERNMENT,94.65,,,94.65,,,2,,,,2,check failed,"v1: 3,560,171.36 vs printed 3,564,136.36 (-3,965.00) ; v2: 6,246,072.62 vs printed 6,246,072.62 ; v3: 5,837,989.85 vs printed 5,837,989.85 ; v4: 3,922,219.13 vs printed 3,972,219.13 (-50,000.00)"
2018,FY2018,SCHOOL DEPARTMENT,50/50 Grant Sped Tuitions,36,,FISCAL YEAR ENDING 6/30/18 ; FORWARD | TOTAL | TOTAL | BALANCE FWD ; PROGRAM NAME | 7/1/2017 | RECEIPTS | DISBURSEMENTS | 7/1/2018 ; GENERAL GOVERNMENT,238144.39,248016.00,278232.00,207928.39,,,4,,fund balances: forward + receipts - disbursements = carried forward,,2,check failed,"v1: 3,560,171.36 vs printed 3,564,136.36 (-3,965.00) ; v2: 6,246,072.62 vs printed 6,246,072.62 ; v3: 5,837,989.85 vs printed 5,837,989.85 ; v4: 3,922,219.13 vs printed 3,972,219.13 (-50,000.00)"
2018,FY2018,SCHOOL DEPARTMENT,Insurance Recoveries - School,36,,FISCAL YEAR ENDING 6/30/18 ; FORWARD | TOTAL | TOTAL | BALANCE FWD ; PROGRAM NAME | 7/1/2017 | RECEIPTS | DISBURSEMENTS | 7/1/2018 ; GENERAL GOVERNMENT,1298.66,,,1298.66,,,2,,,,2,check failed,"v1: 3,560,171.36 vs printed 3,564,136.36 (-3,965.00) ; v2: 6,246,072.62 vs printed 6,246,072.62 ; v3: 5,837,989.85 vs printed 5,837,989.85 ; v4: 3,922,219.13 vs printed 3,972,219.13 (-50,000.00)"
2018,FY2018,SCHOOL DEPARTMENT,Extended Day Revolving Fund,36,,FISCAL YEAR ENDING 6/30/18 ; FORWARD | TOTAL | TOTAL | BALANCE FWD ; PROGRAM NAME | 7/1/2017 | RECEIPTS | DISBURSEMENTS | 7/1/2018 ; GENERAL GOVERNMENT,85601.80,311152.46,345369.27,51384.99,,,4,,fund balances: forward + receipts - disbursements = carried forward,,2,check failed,"v1: 3,560,171.36 vs printed 3,564,136.36 (-3,965.00) ; v2: 6,246,072.62 vs printed 6,246,072.62 ; v3: 5,837,989.85 vs printed 5,837,989.85 ; v4: 3,922,219.13 vs printed 3,972,219.13 (-50,000.00)"
2018,FY2018,SCHOOL DEPARTMENT,Vending Machine Revolving,36,,FISCAL YEAR ENDING 6/30/18 ; FORWARD | TOTAL | TOTAL | BALANCE FWD ; PROGRAM NAME | 7/1/2017 | RECEIPTS | DISBURSEMENTS | 7/1/2018 ; GENERAL GOVERNMENT,1954.71,,,1954.71,,,2,,,,2,check failed,"v1: 3,560,171.36 vs printed 3,564,136.36 (-3,965.00) ; v2: 6,246,072.62 vs printed 6,246,072.62 ; v3: 5,837,989.85 vs printed 5,837,989.85 ; v4: 3,922,219.13 vs printed 3,972,219.13 (-50,000.00)"
2018,FY2018,SCHOOL DEPARTMENT,Monbouquette Award,36,,FISCAL YEAR ENDING 6/30/18 ; FORWARD | TOTAL | TOTAL | BALANCE FWD ; PROGRAM NAME | 7/1/2017 | RECEIPTS | DISBURSEMENTS | 7/1/2018 ; GENERAL GOVERNMENT,3.81,,,3.81,,,2,,,,2,check failed,"v1: 3,560,171.36 vs printed 3,564,136.36 (-3,965.00) ; v2: 6,246,072.62 vs printed 6,246,072.62 ; v3: 5,837,989.85 vs printed 5,837,989.85 ; v4: 3,922,219.13 vs printed 3,972,219.13 (-50,000.00)"
2018,FY2018,SCHOOL DEPARTMENT,Tufts University Heat Grant,36,,FISCAL YEAR ENDING 6/30/18 ; FORWARD | TOTAL | TOTAL | BALANCE FWD ; PROGRAM NAME | 7/1/2017 | RECEIPTS | DISBURSEMENTS | 7/1/2018 ; GENERAL GOVERNMENT,113.45,,,113.45,,,2,,,,2,check failed,"v1: 3,560,171.36 vs printed 3,564,136.36 (-3,965.00) ; v2: 6,246,072.62 vs printed 6,246,072.62 ; v3: 5,837,989.85 vs printed 5,837,989.85 ; v4: 3,922,219.13 vs printed 3,972,219.13 (-50,000.00)"
2018,FY2018,SCHOOL DEPARTMENT,Underground Storage Tank Grant,36,,FISCAL YEAR ENDING 6/30/18 ; FORWARD | TOTAL | TOTAL | BALANCE FWD ; PROGRAM NAME | 7/1/2017 | RECEIPTS | DISBURSEMENTS | 7/1/2018 ; GENERAL GOVERNMENT,1500.00,,,1500.00,,,2,,,,2,check failed,"v1: 3,560,171.36 vs printed 3,564,136.36 (-3,965.00) ; v2: 6,246,072.62 vs printed 6,246,072.62 ; v3: 5,837,989.85 vs printed 5,837,989.85 ; v4: 3,922,219.13 vs printed 3,972,219.13 (-50,000.00)"
2018,FY2018,SCHOOL DEPARTMENT,Hach Scientific Foundation Grant,36,,FISCAL YEAR ENDING 6/30/18 ; FORWARD | TOTAL | TOTAL | BALANCE FWD ; PROGRAM NAME | 7/1/2017 | RECEIPTS | DISBURSEMENTS | 7/1/2018 ; GENERAL GOVERNMENT,90.61,,,90.61,,,2,,,,2,check failed,"v1: 3,560,171.36 vs printed 3,564,136.36 (-3,965.00) ; v2: 6,246,072.62 vs printed 6,246,072.62 ; v3: 5,837,989.85 vs printed 5,837,989.85 ; v4: 3,922,219.13 vs printed 3,972,219.13 (-50,000.00)"
2018,FY2018,SCHOOL DEPARTMENT,Family Network Gift Fund,36,,FISCAL YEAR ENDING 6/30/18 ; FORWARD | TOTAL | TOTAL | BALANCE FWD ; PROGRAM NAME | 7/1/2017 | RECEIPTS | DISBURSEMENTS | 7/1/2018 ; GENERAL GOVERNMENT,3231.29,,249.00,2982.29,,,3,,one cell missing; derivable from the row itself,"v2 = 0.00, from this fund's own other three columns",2,check failed,"v1: 3,560,171.36 vs printed 3,564,136.36 (-3,965.00) ; v2: 6,246,072.62 vs printed 6,246,072.62 ; v3: 5,837,989.85 vs printed 5,837,989.85 ; v4: 3,922,219.13 vs printed 3,972,219.13 (-50,000.00)"
2018,FY2018,SCHOOL DEPARTMENT,EECG Energy Efficiency Grant,36,,FISCAL YEAR ENDING 6/30/18 ; FORWARD | TOTAL | TOTAL | BALANCE FWD ; PROGRAM NAME | 7/1/2017 | RECEIPTS | DISBURSEMENTS | 7/1/2018 ; GENERAL GOVERNMENT,297.81,0.12,,297.93,,,3,,one cell missing; derivable from the row itself,"v3 = 0.00, from this fund's own other three columns",2,check failed,"v1: 3,560,171.36 vs printed 3,564,136.36 (-3,965.00) ; v2: 6,246,072.62 vs printed 6,246,072.62 ; v3: 5,837,989.85 vs printed 5,837,989.85 ; v4: 3,922,219.13 vs printed 3,972,219.13 (-50,000.00)"
2018,FY2018,SCHOOL DEPARTMENT,Regional Dissemination Grant,36,,FISCAL YEAR ENDING 6/30/18 ; FORWARD | TOTAL | TOTAL | BALANCE FWD ; PROGRAM NAME | 7/1/2017 | RECEIPTS | DISBURSEMENTS | 7/1/2018 ; GENERAL GOVERNMENT,35.00,,,35.00,,,2,,,,2,check failed,"v1: 3,560,171.36 vs printed 3,564,136.36 (-3,965.00) ; v2: 6,246,072.62 vs printed 6,246,072.62 ; v3: 5,837,989.85 vs printed 5,837,989.85 ; v4: 3,922,219.13 vs printed 3,972,219.13 (-50,000.00)"
2018,FY2018,SCHOOL DEPARTMENT,Sped Early Childhood Grant,36,,FISCAL YEAR ENDING 6/30/18 ; FORWARD | TOTAL | TOTAL | BALANCE FWD ; PROGRAM NAME | 7/1/2017 | RECEIPTS | DISBURSEMENTS | 7/1/2018 ; GENERAL GOVERNMENT,0.00,11653.00,11653.00,0.00,,,4,,fund balances: forward + receipts - disbursements = carried forward,,2,check failed,"v1: 3,560,171.36 vs printed 3,564,136.36 (-3,965.00) ; v2: 6,246,072.62 vs printed 6,246,072.62 ; v3: 5,837,989.85 vs printed 5,837,989.85 ; v4: 3,922,219.13 vs printed 3,972,219.13 (-50,000.00)"
2018,FY2018,SCHOOL DEPARTMENT,Sped Program Improvement Grant,36,,FISCAL YEAR ENDING 6/30/18 ; FORWARD | TOTAL | TOTAL | BALANCE FWD ; PROGRAM NAME | 7/1/2017 | RECEIPTS | DISBURSEMENTS | 7/1/2018 ; GENERAL GOVERNMENT,4262.84,,4219.84,43.00,,,3,,one cell missing; derivable from the row itself,"v2 = 0.00, from this fund's own other three columns",2,check failed,"v1: 3,560,171.36 vs printed 3,564,136.36 (-3,965.00) ; v2: 6,246,072.62 vs printed 6,246,072.62 ; v3: 5,837,989.85 vs printed 5,837,989.85 ; v4: 3,922,219.13 vs printed 3,972,219.13 (-50,000.00)"
2018,FY2018,SCHOOL DEPARTMENT,Teacher Quality,36,,FISCAL YEAR ENDING 6/30/18 ; FORWARD | TOTAL | TOTAL | BALANCE FWD ; PROGRAM NAME | 7/1/2017 | RECEIPTS | DISBURSEMENTS | 7/1/2018 ; GENERAL GOVERNMENT,-18047.00,69262.00,49246.00,1969.00,,,4,,fund balances: forward + receipts - disbursements = carried forward,,2,check failed,"v1: 3,560,171.36 vs printed 3,564,136.36 (-3,965.00) ; v2: 6,246,072.62 vs printed 6,246,072.62 ; v3: 5,837,989.85 vs printed 5,837,989.85 ; v4: 3,922,219.13 vs printed 3,972,219.13 (-50,000.00)"
2018,FY2018,SCHOOL DEPARTMENT,Family & Community Grant,36,,FISCAL YEAR ENDING 6/30/18 ; FORWARD | TOTAL | TOTAL | BALANCE FWD ; PROGRAM NAME | 7/1/2017 | RECEIPTS | DISBURSEMENTS | 7/1/2018 ; GENERAL GOVERNMENT,0.00,45700.00,45616.59,83.41,,,4,,fund balances: forward + receipts - disbursements = carried forward,,2,check failed,"v1: 3,560,171.36 vs printed 3,564,136.36 (-3,965.00) ; v2: 6,246,072.62 vs printed 6,246,072.62 ; v3: 5,837,989.85 vs printed 5,837,989.85 ; v4: 3,922,219.13 vs printed 3,972,219.13 (-50,000.00)"
2018,FY2018,SCHOOL DEPARTMENT,Displaced Students - Puerto Rico,36,,FISCAL YEAR ENDING 6/30/18 ; FORWARD | TOTAL | TOTAL | BALANCE FWD ; PROGRAM NAME | 7/1/2017 | RECEIPTS | DISBURSEMENTS | 7/1/2018 ; GENERAL GOVERNMENT,0.00,2014.00,,2014.00,,,3,,one cell missing; derivable from the row itself,"v3 = 0.00, from this fund's own other three columns",2,check failed,"v1: 3,560,171.36 vs printed 3,564,136.36 (-3,965.00) ; v2: 6,246,072.62 vs printed 6,246,072.62 ; v3: 5,837,989.85 vs printed 5,837,989.85 ; v4: 3,922,219.13 vs printed 3,972,219.13 (-50,000.00)"
2018,FY2018,SCHOOL DEPARTMENT,FY18 Title IV - Part A,36,yes,FISCAL YEAR ENDING 6/30/18 ; FORWARD | TOTAL | TOTAL | BALANCE FWD ; PROGRAM NAME | 7/1/2017 | RECEIPTS | DISBURSEMENTS | 7/1/2018 ; GENERAL GOVERNMENT,0.00,5406.00,5105.03,300.97,,,4,,fund balances: forward + receipts - disbursements = carried forward,,2,check failed,"v1: 3,560,171.36 vs printed 3,564,136.36 (-3,965.00) ; v2: 6,246,072.62 vs printed 6,246,072.62 ; v3: 5,837,989.85 vs printed 5,837,989.85 ; v4: 3,922,219.13 vs printed 3,972,219.13 (-50,000.00)"
2018,FY2018,PUBLIC SAFETY,Insurance Recoveries - Police,36,,FISCAL YEAR ENDING 6/30/18 ; FORWARD | TOTAL | TOTAL | BALANCE FWD ; PROGRAM NAME | 7/1/2017 | RECEIPTS | DISBURSEMENTS | 7/1/2018 ; GENERAL GOVERNMENT,3157.51,41911.05,42642.06,2426.50,,,4,,fund balances: forward + receipts - disbursements = carried forward,,2,check failed,"v1: 3,560,171.36 vs printed 3,564,136.36 (-3,965.00) ; v2: 6,246,072.62 vs printed 6,246,072.62 ; v3: 5,837,989.85 vs printed 5,837,989.85 ; v4: 3,922,219.13 vs printed 3,972,219.13 (-50,000.00)"
2018,FY2018,PUBLIC SAFETY,Community Policing FY 96,36,,FISCAL YEAR ENDING 6/30/18 ; FORWARD | TOTAL | TOTAL | BALANCE FWD ; PROGRAM NAME | 7/1/2017 | RECEIPTS | DISBURSEMENTS | 7/1/2018 ; GENERAL GOVERNMENT,6.55,,,6.55,,,2,,,,2,check failed,"v1: 3,560,171.36 vs printed 3,564,136.36 (-3,965.00) ; v2: 6,246,072.62 vs printed 6,246,072.62 ; v3: 5,837,989.85 vs printed 5,837,989.85 ; v4: 3,922,219.13 vs printed 3,972,219.13 (-50,000.00)"
2018,FY2018,PUBLIC SAFETY,Community Policing FY 97,36,,FISCAL YEAR ENDING 6/30/18 ; FORWARD | TOTAL | TOTAL | BALANCE FWD ; PROGRAM NAME | 7/1/2017 | RECEIPTS | DISBURSEMENTS | 7/1/2018 ; GENERAL GOVERNMENT,1.97,,,1.97,,,2,,,,2,check failed,"v1: 3,560,171.36 vs printed 3,564,136.36 (-3,965.00) ; v2: 6,246,072.62 vs printed 6,246,072.62 ; v3: 5,837,989.85 vs printed 5,837,989.85 ; v4: 3,922,219.13 vs printed 3,972,219.13 (-50,000.00)"
2018,FY2018,PUBLIC SAFETY,Community Policing FY 98,36,,FISCAL YEAR ENDING 6/30/18 ; FORWARD | TOTAL | TOTAL | BALANCE FWD ; PROGRAM NAME | 7/1/2017 | RECEIPTS | DISBURSEMENTS | 7/1/2018 ; GENERAL GOVERNMENT,0.66,,,0.66,,,2,,,,2,check failed,"v1: 3,560,171.36 vs printed 3,564,136.36 (-3,965.00) ; v2: 6,246,072.62 vs printed 6,246,072.62 ; v3: 5,837,989.85 vs printed 5,837,989.85 ; v4: 3,922,219.13 vs printed 3,972,219.13 (-50,000.00)"
2018,FY2018,PUBLIC SAFETY,Drug Forfeiture,36,,FISCAL YEAR ENDING 6/30/18 ; FORWARD | TOTAL | TOTAL | BALANCE FWD ; PROGRAM NAME | 7/1/2017 | RECEIPTS | DISBURSEMENTS | 7/1/2018 ; GENERAL GOVERNMENT,1023.93,4459.02,109.66,5373.29,,,4,,fund balances: forward + receipts - disbursements = carried forward,,2,check failed,"v1: 3,560,171.36 vs printed 3,564,136.36 (-3,965.00) ; v2: 6,246,072.62 vs printed 6,246,072.62 ; v3: 5,837,989.85 vs printed 5,837,989.85 ; v4: 3,922,219.13 vs printed 3,972,219.13 (-50,000.00)"
2018,FY2018,PUBLIC SAFETY,D.A.R.E. Grant FY 97,36,,FISCAL YEAR ENDING 6/30/18 ; FORWARD | TOTAL | TOTAL | BALANCE FWD ; PROGRAM NAME | 7/1/2017 | RECEIPTS | DISBURSEMENTS | 7/1/2018 ; GENERAL GOVERNMENT,34.85,,,34.85,,,2,,,,2,check failed,"v1: 3,560,171.36 vs printed 3,564,136.36 (-3,965.00) ; v2: 6,246,072.62 vs printed 6,246,072.62 ; v3: 5,837,989.85 vs printed 5,837,989.85 ; v4: 3,922,219.13 vs printed 3,972,219.13 (-50,000.00)"
2018,FY2018,PUBLIC SAFETY,D.A.R.E. 1 Grant FY 97,36,,FISCAL YEAR ENDING 6/30/18 ; FORWARD | TOTAL | TOTAL | BALANCE FWD ; PROGRAM NAME | 7/1/2017 | RECEIPTS | DISBURSEMENTS | 7/1/2018 ; GENERAL GOVERNMENT,0.25,,,0.25,,,2,,,,2,check failed,"v1: 3,560,171.36 vs printed 3,564,136.36 (-3,965.00) ; v2: 6,246,072.62 vs printed 6,246,072.62 ; v3: 5,837,989.85 vs printed 5,837,989.85 ; v4: 3,922,219.13 vs printed 3,972,219.13 (-50,000.00)"
2018,FY2018,PUBLIC SAFETY,,36,,FISCAL YEAR ENDING 6/30/18 ; FORWARD | TOTAL | TOTAL | BALANCE FWD ; PROGRAM NAME | 7/1/2017 | RECEIPTS | DISBURSEMENTS | 7/1/2018 ; GENERAL GOVERNMENT,36.00,,,,,,1,,,,2,check failed,"v1: 3,560,171.36 vs printed 3,564,136.36 (-3,965.00) ; v2: 6,246,072.62 vs printed 6,246,072.62 ; v3: 5,837,989.85 vs printed 5,837,989.85 ; v4: 3,922,219.13 vs printed 3,972,219.13 (-50,000.00)"
2018,FY2018,PUBLIC SAFETY,Community Policing,37,,FISCAL YEAR ENDING 6/30/18 ; FORWARD | TOTAL | TOTAL | BALANCE FWD ; PROGRAM NAME | 7/1/2017 | RECEIPTS | DISBURSEMENTS | 7/1/2018 ; GENERAL GOVERNMENT,2291.12,,,2291.12,,,2,,,,2,check failed,"v1: 3,560,171.36 vs printed 3,564,136.36 (-3,965.00) ; v2: 6,246,072.62 vs printed 6,246,072.62 ; v3: 5,837,989.85 vs printed 5,837,989.85 ; v4: 3,922,219.13 vs printed 3,972,219.13 (-50,000.00)"
2018,FY2018,PUBLIC SAFETY,Cops Universal Hiring,37,,FISCAL YEAR ENDING 6/30/18 ; FORWARD | TOTAL | TOTAL | BALANCE FWD ; PROGRAM NAME | 7/1/2017 | RECEIPTS | DISBURSEMENTS | 7/1/2018 ; GENERAL GOVERNMENT,1289.84,,,1289.84,,,2,,,,2,check failed,"v1: 3,560,171.36 vs printed 3,564,136.36 (-3,965.00) ; v2: 6,246,072.62 vs printed 6,246,072.62 ; v3: 5,837,989.85 vs printed 5,837,989.85 ; v4: 3,922,219.13 vs printed 3,972,219.13 (-50,000.00)"
2018,FY2018,PUBLIC SAFETY,Protective Order Grant Program,37,,FISCAL YEAR ENDING 6/30/18 ; FORWARD | TOTAL | TOTAL | BALANCE FWD ; PROGRAM NAME | 7/1/2017 | RECEIPTS | DISBURSEMENTS | 7/1/2018 ; GENERAL GOVERNMENT,135.15,,,135.15,,,2,,,,2,check failed,"v1: 3,560,171.36 vs printed 3,564,136.36 (-3,965.00) ; v2: 6,246,072.62 vs printed 6,246,072.62 ; v3: 5,837,989.85 vs printed 5,837,989.85 ; v4: 3,922,219.13 vs printed 3,972,219.13 (-50,000.00)"
2018,FY2018,PUBLIC SAFETY,Walmart Grant - Police Dept.,37,,FISCAL YEAR ENDING 6/30/18 ; FORWARD | TOTAL | TOTAL | BALANCE FWD ; PROGRAM NAME | 7/1/2017 | RECEIPTS | DISBURSEMENTS | 7/1/2018 ; GENERAL GOVERNMENT,1000.00,,,1000.00,,,2,,,,2,check failed,"v1: 3,560,171.36 vs printed 3,564,136.36 (-3,965.00) ; v2: 6,246,072.62 vs printed 6,246,072.62 ; v3: 5,837,989.85 vs printed 5,837,989.85 ; v4: 3,922,219.13 vs printed 3,972,219.13 (-50,000.00)"
2018,FY2018,PUBLIC SAFETY,Firefighter PS Equipment Grant,37,,FISCAL YEAR ENDING 6/30/18 ; FORWARD | TOTAL | TOTAL | BALANCE FWD ; PROGRAM NAME | 7/1/2017 | RECEIPTS | DISBURSEMENTS | 7/1/2018 ; GENERAL GOVERNMENT,30.00,,,30.00,,,2,,,,2,check failed,"v1: 3,560,171.36 vs printed 3,564,136.36 (-3,965.00) ; v2: 6,246,072.62 vs printed 6,246,072.62 ; v3: 5,837,989.85 vs printed 5,837,989.85 ; v4: 3,922,219.13 vs printed 3,972,219.13 (-50,000.00)"
2018,FY2018,PUBLIC SAFETY,Firefighter Safety Equipment Grant,37,,FISCAL YEAR ENDING 6/30/18 ; FORWARD | TOTAL | TOTAL | BALANCE FWD ; PROGRAM NAME | 7/1/2017 | RECEIPTS | DISBURSEMENTS | 7/1/2018 ; GENERAL GOVERNMENT,9.84,,,9.84,,,2,,,,2,check failed,"v1: 3,560,171.36 vs printed 3,564,136.36 (-3,965.00) ; v2: 6,246,072.62 vs printed 6,246,072.62 ; v3: 5,837,989.85 vs printed 5,837,989.85 ; v4: 3,922,219.13 vs printed 3,972,219.13 (-50,000.00)"
2018,FY2018,PUBLIC SAFETY,State 911 Grant - Fire Dept,37,,FISCAL YEAR ENDING 6/30/18 ; FORWARD | TOTAL | TOTAL | BALANCE FWD ; PROGRAM NAME | 7/1/2017 | RECEIPTS | DISBURSEMENTS | 7/1/2018 ; GENERAL GOVERNMENT,7.00,,,7.00,,,2,,,,2,check failed,"v1: 3,560,171.36 vs printed 3,564,136.36 (-3,965.00) ; v2: 6,246,072.62 vs printed 6,246,072.62 ; v3: 5,837,989.85 vs printed 5,837,989.85 ; v4: 3,922,219.13 vs printed 3,972,219.13 (-50,000.00)"
2018,FY2018,PUBLIC SAFETY,Police/Fire Special Details,37,,FISCAL YEAR ENDING 6/30/18 ; FORWARD | TOTAL | TOTAL | BALANCE FWD ; PROGRAM NAME | 7/1/2017 | RECEIPTS | DISBURSEMENTS | 7/1/2018 ; GENERAL GOVERNMENT,-6088.70,283999.12,274378.76,3531.66,,,4,,fund balances: forward + receipts - disbursements = carried forward,,2,check failed,"v1: 3,560,171.36 vs printed 3,564,136.36 (-3,965.00) ; v2: 6,246,072.62 vs printed 6,246,072.62 ; v3: 5,837,989.85 vs printed 5,837,989.85 ; v4: 3,922,219.13 vs printed 3,972,219.13 (-50,000.00)"
2018,FY2018,PUBLIC SAFETY,Coastal/Patriot Ambulance Revolving,37,,FISCAL YEAR ENDING 6/30/18 ; FORWARD | TOTAL | TOTAL | BALANCE FWD ; PROGRAM NAME | 7/1/2017 | RECEIPTS | DISBURSEMENTS | 7/1/2018 ; GENERAL GOVERNMENT,579.06,59993.59,59993.59,579.06,,,4,,fund balances: forward + receipts - disbursements = carried forward,,2,check failed,"v1: 3,560,171.36 vs printed 3,564,136.36 (-3,965.00) ; v2: 6,246,072.62 vs printed 6,246,072.62 ; v3: 5,837,989.85 vs printed 5,837,989.85 ; v4: 3,922,219.13 vs printed 3,972,219.13 (-50,000.00)"
2018,FY2018,PUBLIC SAFETY,Firefighter Equipment Grant - FY05,37,,FISCAL YEAR ENDING 6/30/18 ; FORWARD | TOTAL | TOTAL | BALANCE FWD ; PROGRAM NAME | 7/1/2017 | RECEIPTS | DISBURSEMENTS | 7/1/2018 ; GENERAL GOVERNMENT,419.60,,,419.60,,,2,,,,2,check failed,"v1: 3,560,171.36 vs printed 3,564,136.36 (-3,965.00) ; v2: 6,246,072.62 vs printed 6,246,072.62 ; v3: 5,837,989.85 vs printed 5,837,989.85 ; v4: 3,922,219.13 vs printed 3,972,219.13 (-50,000.00)"
2018,FY2018,PUBLIC SAFETY,Confined Space Training,37,,FISCAL YEAR ENDING 6/30/18 ; FORWARD | TOTAL | TOTAL | BALANCE FWD ; PROGRAM NAME | 7/1/2017 | RECEIPTS | DISBURSEMENTS | 7/1/2018 ; GENERAL GOVERNMENT,1956.77,,,1956.77,,,2,,,,2,check failed,"v1: 3,560,171.36 vs printed 3,564,136.36 (-3,965.00) ; v2: 6,246,072.62 vs printed 6,246,072.62 ; v3: 5,837,989.85 vs printed 5,837,989.85 ; v4: 3,922,219.13 vs printed 3,972,219.13 (-50,000.00)"
2018,FY2018,PUBLIC SAFETY,Police NRA Foundation Grant,37,,FISCAL YEAR ENDING 6/30/18 ; FORWARD | TOTAL | TOTAL | BALANCE FWD ; PROGRAM NAME | 7/1/2017 | RECEIPTS | DISBURSEMENTS | 7/1/2018 ; GENERAL GOVERNMENT,0.10,,,0.10,,,2,,,,2,check failed,"v1: 3,560,171.36 vs printed 3,564,136.36 (-3,965.00) ; v2: 6,246,072.62 vs printed 6,246,072.62 ; v3: 5,837,989.85 vs printed 5,837,989.85 ; v4: 3,922,219.13 vs printed 3,972,219.13 (-50,000.00)"
2018,FY2018,PUBLIC SAFETY,COPS Secure Our Schools,37,,FISCAL YEAR ENDING 6/30/18 ; FORWARD | TOTAL | TOTAL | BALANCE FWD ; PROGRAM NAME | 7/1/2017 | RECEIPTS | DISBURSEMENTS | 7/1/2018 ; GENERAL GOVERNMENT,0.82,,,0.82,,,2,,,,2,check failed,"v1: 3,560,171.36 vs printed 3,564,136.36 (-3,965.00) ; v2: 6,246,072.62 vs printed 6,246,072.62 ; v3: 5,837,989.85 vs printed 5,837,989.85 ; v4: 3,922,219.13 vs printed 3,972,219.13 (-50,000.00)"
2018,FY2018,PUBLIC SAFETY,Safe Grant - Fire Department,37,,FISCAL YEAR ENDING 6/30/18 ; FORWARD | TOTAL | TOTAL | BALANCE FWD ; PROGRAM NAME | 7/1/2017 | RECEIPTS | DISBURSEMENTS | 7/1/2018 ; GENERAL GOVERNMENT,5283.14,6123.00,5348.79,6057.35,,,4,,fund balances: forward + receipts - disbursements = carried forward,,2,check failed,"v1: 3,560,171.36 vs printed 3,564,136.36 (-3,965.00) ; v2: 6,246,072.62 vs printed 6,246,072.62 ; v3: 5,837,989.85 vs printed 5,837,989.85 ; v4: 3,922,219.13 vs printed 3,972,219.13 (-50,000.00)"
2018,FY2018,PUBLIC SAFETY,GHSB Click It Or Ticket,37,,FISCAL YEAR ENDING 6/30/18 ; FORWARD | TOTAL | TOTAL | BALANCE FWD ; PROGRAM NAME | 7/1/2017 | RECEIPTS | DISBURSEMENTS | 7/1/2018 ; GENERAL GOVERNMENT,-1981.33,4223.42,3488.85,-1246.76,,,4,,fund balances: forward + receipts - disbursements = carried forward,,2,check failed,"v1: 3,560,171.36 vs printed 3,564,136.36 (-3,965.00) ; v2: 6,246,072.62 vs printed 6,246,072.62 ; v3: 5,837,989.85 vs printed 5,837,989.85 ; v4: 3,922,219.13 vs printed 3,972,219.13 (-50,000.00)"
2018,FY2018,PUBLIC SAFETY,K-9 Grant - Stanton Foundation,37,,FISCAL YEAR ENDING 6/30/18 ; FORWARD | TOTAL | TOTAL | BALANCE FWD ; PROGRAM NAME | 7/1/2017 | RECEIPTS | DISBURSEMENTS | 7/1/2018 ; GENERAL GOVERNMENT,7633.92,,4602.66,3031.26,,,3,,one cell missing; derivable from the row itself,"v2 = 0.00, from this fund's own other three columns",2,check failed,"v1: 3,560,171.36 vs printed 3,564,136.36 (-3,965.00) ; v2: 6,246,072.62 vs printed 6,246,072.62 ; v3: 5,837,989.85 vs printed 5,837,989.85 ; v4: 3,922,219.13 vs printed 3,972,219.13 (-50,000.00)"
2018,FY2018,PUBLIC SAFETY,Federal Drug Forfeiture,37,,FISCAL YEAR ENDING 6/30/18 ; FORWARD | TOTAL | TOTAL | BALANCE FWD ; PROGRAM NAME | 7/1/2017 | RECEIPTS | DISBURSEMENTS | 7/1/2018 ; GENERAL GOVERNMENT,15444.73,32189.57,13624.28,34010.02,,,4,,fund balances: forward + receipts - disbursements = carried forward,,2,check failed,"v1: 3,560,171.36 vs printed 3,564,136.36 (-3,965.00) ; v2: 6,246,072.62 vs printed 6,246,072.62 ; v3: 5,837,989.85 vs printed 5,837,989.85 ; v4: 3,922,219.13 vs printed 3,972,219.13 (-50,000.00)"
2018,FY2018,PUBLIC SAFETY,Underage Alcohol Enforcement,37,,FISCAL YEAR ENDING 6/30/18 ; FORWARD | TOTAL | TOTAL | BALANCE FWD ; PROGRAM NAME | 7/1/2017 | RECEIPTS | DISBURSEMENTS | 7/1/2018 ; GENERAL GOVERNMENT,1.32,2491.21,2541.91,-49.38,,,4,,fund balances: forward + receipts - disbursements = carried forward,,2,check failed,"v1: 3,560,171.36 vs printed 3,564,136.36 (-3,965.00) ; v2: 6,246,072.62 vs printed 6,246,072.62 ; v3: 5,837,989.85 vs printed 5,837,989.85 ; v4: 3,922,219.13 vs printed 3,972,219.13 (-50,000.00)"
2018,FY2018,PUBLIC SAFETY,EMPG Grant,37,,FISCAL YEAR ENDING 6/30/18 ; FORWARD | TOTAL | TOTAL | BALANCE FWD ; PROGRAM NAME | 7/1/2017 | RECEIPTS | DISBURSEMENTS | 7/1/2018 ; GENERAL GOVERNMENT,-3117.99,3220.00,3219.98,-3117.97,,,4,,fund balances: forward + receipts - disbursements = carried forward,,2,check failed,"v1: 3,560,171.36 vs printed 3,564,136.36 (-3,965.00) ; v2: 6,246,072.62 vs printed 6,246,072.62 ; v3: 5,837,989.85 vs printed 5,837,989.85 ; v4: 3,922,219.13 vs printed 3,972,219.13 (-50,000.00)"
2018,FY2018,PUBLIC SAFETY,ROSC CPR Purchase Grant,37,,FISCAL YEAR ENDING 6/30/18 ; FORWARD | TOTAL | TOTAL | BALANCE FWD ; PROGRAM NAME | 7/1/2017 | RECEIPTS | DISBURSEMENTS | 7/1/2018 ; GENERAL GOVERNMENT,297.63,,297.63,0.00,,,3,,one cell missing; derivable from the row itself,"v2 = 0.00, from this fund's own other three columns",2,check failed,"v1: 3,560,171.36 vs printed 3,564,136.36 (-3,965.00) ; v2: 6,246,072.62 vs printed 6,246,072.62 ; v3: 5,837,989.85 vs printed 5,837,989.85 ; v4: 3,922,219.13 vs printed 3,972,219.13 (-50,000.00)"
2018,FY2018,PUBLIC SAFETY,Public Safety Gift Fund,37,,FISCAL YEAR ENDING 6/30/18 ; FORWARD | TOTAL | TOTAL | BALANCE FWD ; PROGRAM NAME | 7/1/2017 | RECEIPTS | DISBURSEMENTS | 7/1/2018 ; GENERAL GOVERNMENT,220.38,,,220.38,,,2,,,,2,check failed,"v1: 3,560,171.36 vs printed 3,564,136.36 (-3,965.00) ; v2: 6,246,072.62 vs printed 6,246,072.62 ; v3: 5,837,989.85 vs printed 5,837,989.85 ; v4: 3,922,219.13 vs printed 3,972,219.13 (-50,000.00)"
2018,FY2018,PUBLIC SAFETY,Police Gift Fund,37,,FISCAL YEAR ENDING 6/30/18 ; FORWARD | TOTAL | TOTAL | BALANCE FWD ; PROGRAM NAME | 7/1/2017 | RECEIPTS | DISBURSEMENTS | 7/1/2018 ; GENERAL GOVERNMENT,0.00,2369.08,,2369.08,,,3,,one cell missing; derivable from the row itself,"v3 = 0.00, from this fund's own other three columns",2,check failed,"v1: 3,560,171.36 vs printed 3,564,136.36 (-3,965.00) ; v2: 6,246,072.62 vs printed 6,246,072.62 ; v3: 5,837,989.85 vs printed 5,837,989.85 ; v4: 3,922,219.13 vs printed 3,972,219.13 (-50,000.00)"
2018,FY2018,PARKS & RECREATION,Park User Fees,37,,FISCAL YEAR ENDING 6/30/18 ; FORWARD | TOTAL | TOTAL | BALANCE FWD ; PROGRAM NAME | 7/1/2017 | RECEIPTS | DISBURSEMENTS | 7/1/2018 ; GENERAL GOVERNMENT,4057.82,12811.00,5230.54,11638.28,,,4,,fund balances: forward + receipts - disbursements = carried forward,,2,check failed,"v1: 3,560,171.36 vs printed 3,564,136.36 (-3,965.00) ; v2: 6,246,072.62 vs printed 6,246,072.62 ; v3: 5,837,989.85 vs printed 5,837,989.85 ; v4: 3,922,219.13 vs printed 3,972,219.13 (-50,000.00)"
2018,FY2018,PARKS & RECREATION,Park Gift Fund,37,,FISCAL YEAR ENDING 6/30/18 ; FORWARD | TOTAL | TOTAL | BALANCE FWD ; PROGRAM NAME | 7/1/2017 | RECEIPTS | DISBURSEMENTS | 7/1/2018 ; GENERAL GOVERNMENT,752.00,,,752.00,,,2,,,,2,check failed,"v1: 3,560,171.36 vs printed 3,564,136.36 (-3,965.00) ; v2: 6,246,072.62 vs printed 6,246,072.62 ; v3: 5,837,989.85 vs printed 5,837,989.85 ; v4: 3,922,219.13 vs printed 3,972,219.13 (-50,000.00)"
2018,FY2018,HIGHWAY DEPT.,Chapter 90,37,,FISCAL YEAR ENDING 6/30/18 ; FORWARD | TOTAL | TOTAL | BALANCE FWD ; PROGRAM NAME | 7/1/2017 | RECEIPTS | DISBURSEMENTS | 7/1/2018 ; GENERAL GOVERNMENT,15834.55,282806.17,481944.39,-183303.67,,,4,,fund balances: forward + receipts - disbursements = carried forward,,2,check failed,"v1: 3,560,171.36 vs printed 3,564,136.36 (-3,965.00) ; v2: 6,246,072.62 vs printed 6,246,072.62 ; v3: 5,837,989.85 vs printed 5,837,989.85 ; v4: 3,922,219.13 vs printed 3,972,219.13 (-50,000.00)"
2018,FY2018,HIGHWAY DEPT.,DPW Roads Gift Fund,37,,FISCAL YEAR ENDING 6/30/18 ; FORWARD | TOTAL | TOTAL | BALANCE FWD ; PROGRAM NAME | 7/1/2017 | RECEIPTS | DISBURSEMENTS | 7/1/2018 ; GENERAL GOVERNMENT,3330.00,,,3330.00,,,2,,,,2,check failed,"v1: 3,560,171.36 vs printed 3,564,136.36 (-3,965.00) ; v2: 6,246,072.62 vs printed 6,246,072.62 ; v3: 5,837,989.85 vs printed 5,837,989.85 ; v4: 3,922,219.13 vs printed 3,972,219.13 (-50,000.00)"
2018,FY2018,HIGHWAY DEPT.,Highway Insurance Recoveries,37,,FISCAL YEAR ENDING 6/30/18 ; FORWARD | TOTAL | TOTAL | BALANCE FWD ; PROGRAM NAME | 7/1/2017 | RECEIPTS | DISBURSEMENTS | 7/1/2018 ; GENERAL GOVERNMENT,1208.91,4461.91,,5670.82,,,3,,one cell missing; derivable from the row itself,"v3 = 0.00, from this fund's own other three columns",2,check failed,"v1: 3,560,171.36 vs printed 3,564,136.36 (-3,965.00) ; v2: 6,246,072.62 vs printed 6,246,072.62 ; v3: 5,837,989.85 vs printed 5,837,989.85 ; v4: 3,922,219.13 vs printed 3,972,219.13 (-50,000.00)"
2018,FY2018,HIGHWAY DEPT.,,37,,FISCAL YEAR ENDING 6/30/18 ; FORWARD | TOTAL | TOTAL | BALANCE FWD ; PROGRAM NAME | 7/1/2017 | RECEIPTS | DISBURSEMENTS | 7/1/2018 ; GENERAL GOVERNMENT,37.00,,,,,,1,,,,2,check failed,"v1: 3,560,171.36 vs printed 3,564,136.36 (-3,965.00) ; v2: 6,246,072.62 vs printed 6,246,072.62 ; v3: 5,837,989.85 vs printed 5,837,989.85 ; v4: 3,922,219.13 vs printed 3,972,219.13 (-50,000.00)"
2018,FY2018,HIGHWAY DEPT.,Chapter 204/Acts of 1996,38,,FISCAL YEAR ENDING 6/30/18 ; FORWARD | TOTAL | TOTAL | BALANCE FWD ; PROGRAM NAME | 7/1/2017 | RECEIPTS | DISBURSEMENTS | 7/1/2018 ; GENERAL GOVERNMENT,0.11,,,0.11,,,2,,,,2,check failed,"v1: 3,560,171.36 vs printed 3,564,136.36 (-3,965.00) ; v2: 6,246,072.62 vs printed 6,246,072.62 ; v3: 5,837,989.85 vs printed 5,837,989.85 ; v4: 3,922,219.13 vs printed 3,972,219.13 (-50,000.00)"
2018,FY2018,COUNCIL ON AGING,C.O.A./M.A.R.T. Revolving,38,,FISCAL YEAR ENDING 6/30/18 ; FORWARD | TOTAL | TOTAL | BALANCE FWD ; PROGRAM NAME | 7/1/2017 | RECEIPTS | DISBURSEMENTS | 7/1/2018 ; GENERAL GOVERNMENT,-11223.16,38643.27,41215.66,-13795.55,,,4,,fund balances: forward + receipts - disbursements = carried forward,,2,check failed,"v1: 3,560,171.36 vs printed 3,564,136.36 (-3,965.00) ; v2: 6,246,072.62 vs printed 6,246,072.62 ; v3: 5,837,989.85 vs printed 5,837,989.85 ; v4: 3,922,219.13 vs printed 3,972,219.13 (-50,000.00)"
2018,FY2018,COUNCIL ON AGING,C.O.A. Formula Grant,38,,FISCAL YEAR ENDING 6/30/18 ; FORWARD | TOTAL | TOTAL | BALANCE FWD ; PROGRAM NAME | 7/1/2017 | RECEIPTS | DISBURSEMENTS | 7/1/2018 ; GENERAL GOVERNMENT,0.00,20428.00,20428.00,0.00,,,4,,fund balances: forward + receipts - disbursements = carried forward,,2,check failed,"v1: 3,560,171.36 vs printed 3,564,136.36 (-3,965.00) ; v2: 6,246,072.62 vs printed 6,246,072.62 ; v3: 5,837,989.85 vs printed 5,837,989.85 ; v4: 3,922,219.13 vs printed 3,972,219.13 (-50,000.00)"
2018,FY2018,COUNCIL ON AGING,E.O.C.D. Senior Center Grant,38,,FISCAL YEAR ENDING 6/30/18 ; FORWARD | TOTAL | TOTAL | BALANCE FWD ; PROGRAM NAME | 7/1/2017 | RECEIPTS | DISBURSEMENTS | 7/1/2018 ; GENERAL GOVERNMENT,1683.21,0.83,,1684.04,,,3,,one cell missing; derivable from the row itself,"v3 = 0.00, from this fund's own other three columns",2,check failed,"v1: 3,560,171.36 vs printed 3,564,136.36 (-3,965.00) ; v2: 6,246,072.62 vs printed 6,246,072.62 ; v3: 5,837,989.85 vs printed 5,837,989.85 ; v4: 3,922,219.13 vs printed 3,972,219.13 (-50,000.00)"
2018,FY2018,COUNCIL ON AGING,Venture Grant - Are You OK,38,,FISCAL YEAR ENDING 6/30/18 ; FORWARD | TOTAL | TOTAL | BALANCE FWD ; PROGRAM NAME | 7/1/2017 | RECEIPTS | DISBURSEMENTS | 7/1/2018 ; GENERAL GOVERNMENT,24.00,,,24.00,,,2,,,,2,check failed,"v1: 3,560,171.36 vs printed 3,564,136.36 (-3,965.00) ; v2: 6,246,072.62 vs printed 6,246,072.62 ; v3: 5,837,989.85 vs printed 5,837,989.85 ; v4: 3,922,219.13 vs printed 3,972,219.13 (-50,000.00)"
2018,FY2018,COUNCIL ON AGING,Council on Aging Gift Fund,38,,FISCAL YEAR ENDING 6/30/18 ; FORWARD | TOTAL | TOTAL | BALANCE FWD ; PROGRAM NAME | 7/1/2017 | RECEIPTS | DISBURSEMENTS | 7/1/2018 ; GENERAL GOVERNMENT,680.24,3120.00,770.43,3029.81,,,4,,fund balances: forward + receipts - disbursements = carried forward,,2,check failed,"v1: 3,560,171.36 vs printed 3,564,136.36 (-3,965.00) ; v2: 6,246,072.62 vs printed 6,246,072.62 ; v3: 5,837,989.85 vs printed 5,837,989.85 ; v4: 3,922,219.13 vs printed 3,972,219.13 (-50,000.00)"
2018,FY2018,LIBRARY,State Aid-Libraries,38,,FISCAL YEAR ENDING 6/30/18 ; FORWARD | TOTAL | TOTAL | BALANCE FWD ; PROGRAM NAME | 7/1/2017 | RECEIPTS | DISBURSEMENTS | 7/1/2018 ; GENERAL GOVERNMENT,25605.69,15280.30,23552.97,17333.02,,,4,,fund balances: forward + receipts - disbursements = carried forward,,2,check failed,"v1: 3,560,171.36 vs printed 3,564,136.36 (-3,965.00) ; v2: 6,246,072.62 vs printed 6,246,072.62 ; v3: 5,837,989.85 vs printed 5,837,989.85 ; v4: 3,922,219.13 vs printed 3,972,219.13 (-50,000.00)"
2018,FY2018,LIBRARY,Library Gift Fund,38,,FISCAL YEAR ENDING 6/30/18 ; FORWARD | TOTAL | TOTAL | BALANCE FWD ; PROGRAM NAME | 7/1/2017 | RECEIPTS | DISBURSEMENTS | 7/1/2018 ; GENERAL GOVERNMENT,19868.54,1365.00,2131.00,19102.54,,,4,,fund balances: forward + receipts - disbursements = carried forward,,2,check failed,"v1: 3,560,171.36 vs printed 3,564,136.36 (-3,965.00) ; v2: 6,246,072.62 vs printed 6,246,072.62 ; v3: 5,837,989.85 vs printed 5,837,989.85 ; v4: 3,922,219.13 vs printed 3,972,219.13 (-50,000.00)"
2018,FY2018,LIBRARY,Library Revolving Fund,38,,FISCAL YEAR ENDING 6/30/18 ; FORWARD | TOTAL | TOTAL | BALANCE FWD ; PROGRAM NAME | 7/1/2017 | RECEIPTS | DISBURSEMENTS | 7/1/2018 ; GENERAL GOVERNMENT,4093.46,5806.55,7054.39,2845.62,,,4,,fund balances: forward + receipts - disbursements = carried forward,,2,check failed,"v1: 3,560,171.36 vs printed 3,564,136.36 (-3,965.00) ; v2: 6,246,072.62 vs printed 6,246,072.62 ; v3: 5,837,989.85 vs printed 5,837,989.85 ; v4: 3,922,219.13 vs printed 3,972,219.13 (-50,000.00)"
2018,FY2018,LIBRARY,FY07 Public Libraries Fund,38,,FISCAL YEAR ENDING 6/30/18 ; FORWARD | TOTAL | TOTAL | BALANCE FWD ; PROGRAM NAME | 7/1/2017 | RECEIPTS | DISBURSEMENTS | 7/1/2018 ; GENERAL GOVERNMENT,571.17,,,571.17,,,2,,,,2,check failed,"v1: 3,560,171.36 vs printed 3,564,136.36 (-3,965.00) ; v2: 6,246,072.62 vs printed 6,246,072.62 ; v3: 5,837,989.85 vs printed 5,837,989.85 ; v4: 3,922,219.13 vs printed 3,972,219.13 (-50,000.00)"
2018,FY2018,LIBRARY,Sale of Cemetery Lots,38,,FISCAL YEAR ENDING 6/30/18 ; FORWARD | TOTAL | TOTAL | BALANCE FWD ; PROGRAM NAME | 7/1/2017 | RECEIPTS | DISBURSEMENTS | 7/1/2018 ; GENERAL GOVERNMENT,163396.32,15747.16,84200.00,94943.48,,,4,,fund balances: forward + receipts - disbursements = carried forward,,2,check failed,"v1: 3,560,171.36 vs printed 3,564,136.36 (-3,965.00) ; v2: 6,246,072.62 vs printed 6,246,072.62 ; v3: 5,837,989.85 vs printed 5,837,989.85 ; v4: 3,922,219.13 vs printed 3,972,219.13 (-50,000.00)"
2018,FY2018,LIBRARY,Elderly/Disabled Fund,38,,FISCAL YEAR ENDING 6/30/18 ; FORWARD | TOTAL | TOTAL | BALANCE FWD ; PROGRAM NAME | 7/1/2017 | RECEIPTS | DISBURSEMENTS | 7/1/2018 ; GENERAL GOVERNMENT,2487.14,,,2487.14,,,2,,,,2,check failed,"v1: 3,560,171.36 vs printed 3,564,136.36 (-3,965.00) ; v2: 6,246,072.62 vs printed 6,246,072.62 ; v3: 5,837,989.85 vs printed 5,837,989.85 ; v4: 3,922,219.13 vs printed 3,972,219.13 (-50,000.00)"
2018,FY2018,LIBRARY,Green Communities Grant,38,,FISCAL YEAR ENDING 6/30/18 ; FORWARD | TOTAL | TOTAL | BALANCE FWD ; PROGRAM NAME | 7/1/2017 | RECEIPTS | DISBURSEMENTS | 7/1/2018 ; GENERAL GOVERNMENT,452.13,,,452.13,,,2,,,,2,check failed,"v1: 3,560,171.36 vs printed 3,564,136.36 (-3,965.00) ; v2: 6,246,072.62 vs printed 6,246,072.62 ; v3: 5,837,989.85 vs printed 5,837,989.85 ; v4: 3,922,219.13 vs printed 3,972,219.13 (-50,000.00)"
2018,FY2018,LIBRARY,Agricultural Commission Grant,38,,FISCAL YEAR ENDING 6/30/18 ; FORWARD | TOTAL | TOTAL | BALANCE FWD ; PROGRAM NAME | 7/1/2017 | RECEIPTS | DISBURSEMENTS | 7/1/2018 ; GENERAL GOVERNMENT,520.00,1730.00,820.00,1430.00,,,4,,fund balances: forward + receipts - disbursements = carried forward,,2,check failed,"v1: 3,560,171.36 vs printed 3,564,136.36 (-3,965.00) ; v2: 6,246,072.62 vs printed 6,246,072.62 ; v3: 5,837,989.85 vs printed 5,837,989.85 ; v4: 3,922,219.13 vs printed 3,972,219.13 (-50,000.00)"
2018,FY2018,LIBRARY,Bell Tower Mtc. Fund-Town Hall,38,,FISCAL YEAR ENDING 6/30/18 ; FORWARD | TOTAL | TOTAL | BALANCE FWD ; PROGRAM NAME | 7/1/2017 | RECEIPTS | DISBURSEMENTS | 7/1/2018 ; GENERAL GOVERNMENT,4406.37,,800.00,3606.37,,,3,,one cell missing; derivable from the row itself,"v2 = 0.00, from this fund's own other three columns",2,check failed,"v1: 3,560,171.36 vs printed 3,564,136.36 (-3,965.00) ; v2: 6,246,072.62 vs printed 6,246,072.62 ; v3: 5,837,989.85 vs printed 5,837,989.85 ; v4: 3,922,219.13 vs printed 3,972,219.13 (-50,000.00)"
2018,FY2018,LIBRARY,Historical Comm. Gift Fund,38,,FISCAL YEAR ENDING 6/30/18 ; FORWARD | TOTAL | TOTAL | BALANCE FWD ; PROGRAM NAME | 7/1/2017 | RECEIPTS | DISBURSEMENTS | 7/1/2018 ; GENERAL GOVERNMENT,137.36,,,137.36,,,2,,,,2,check failed,"v1: 3,560,171.36 vs printed 3,564,136.36 (-3,965.00) ; v2: 6,246,072.62 vs printed 6,246,072.62 ; v3: 5,837,989.85 vs printed 5,837,989.85 ; v4: 3,922,219.13 vs printed 3,972,219.13 (-50,000.00)"
2018,FY2018,LIBRARY,Mass Historical Comm Grant-Town,38,,FISCAL YEAR ENDING 6/30/18 ; FORWARD | TOTAL | TOTAL | BALANCE FWD ; PROGRAM NAME | 7/1/2017 | RECEIPTS | DISBURSEMENTS | 7/1/2018 ; GENERAL GOVERNMENT,,,,4150.00,,,1,,,,2,check failed,"v1: 3,560,171.36 vs printed 3,564,136.36 (-3,965.00) ; v2: 6,246,072.62 vs printed 6,246,072.62 ; v3: 5,837,989.85 vs printed 5,837,989.85 ; v4: 3,922,219.13 vs printed 3,972,219.13 (-50,000.00)"
2018,FY2018,LIBRARY,MWPAT Septic Repair,38,,FISCAL YEAR ENDING 6/30/18 ; FORWARD | TOTAL | TOTAL | BALANCE FWD ; PROGRAM NAME | 7/1/2017 | RECEIPTS | DISBURSEMENTS | 7/1/2018 ; GENERAL GOVERNMENT,4079.03,,,4079.03,,,2,,,,2,check failed,"v1: 3,560,171.36 vs printed 3,564,136.36 (-3,965.00) ; v2: 6,246,072.62 vs printed 6,246,072.62 ; v3: 5,837,989.85 vs printed 5,837,989.85 ; v4: 3,922,219.13 vs printed 3,972,219.13 (-50,000.00)"
2018,FY2018,LIBRARY,WAT Septic Receipts Reserved,38,,FISCAL YEAR ENDING 6/30/18 ; FORWARD | TOTAL | TOTAL | BALANCE FWD ; PROGRAM NAME | 7/1/2017 | RECEIPTS | DISBURSEMENTS | 7/1/2018 ; GENERAL GOVERNMENT,55977.26,588.33,10868.00,45697.59,,,4,,fund balances: forward + receipts - disbursements = carried forward,,2,check failed,"v1: 3,560,171.36 vs printed 3,564,136.36 (-3,965.00) ; v2: 6,246,072.62 vs printed 6,246,072.62 ; v3: 5,837,989.85 vs printed 5,837,989.85 ; v4: 3,922,219.13 vs printed 3,972,219.13 (-50,000.00)"
2018,FY2018,LIBRARY,E.O.C.D. Septic | Grant,38,,FISCAL YEAR ENDING 6/30/18 ; FORWARD | TOTAL | TOTAL | BALANCE FWD ; PROGRAM NAME | 7/1/2017 | RECEIPTS | DISBURSEMENTS | 7/1/2018 ; GENERAL GOVERNMENT,91227.32,1115.48,,92342.80,,,3,,one cell missing; derivable from the row itself,"v3 = 0.00, from this fund's own other three columns",2,check failed,"v1: 3,560,171.36 vs printed 3,564,136.36 (-3,965.00) ; v2: 6,246,072.62 vs printed 6,246,072.62 ; v3: 5,837,989.85 vs printed 5,837,989.85 ; v4: 3,922,219.13 vs printed 3,972,219.13 (-50,000.00)"
2018,FY2018,LIBRARY,Water Enterprise Fund,38,,FISCAL YEAR ENDING 6/30/18 ; FORWARD | TOTAL | TOTAL | BALANCE FWD ; PROGRAM NAME | 7/1/2017 | RECEIPTS | DISBURSEMENTS | 7/1/2018 ; GENERAL GOVERNMENT,40828.14,41903.07,30021.78,52709.43,,,4,,fund balances: forward + receipts - disbursements = carried forward,,2,check failed,"v1: 3,560,171.36 vs printed 3,564,136.36 (-3,965.00) ; v2: 6,246,072.62 vs printed 6,246,072.62 ; v3: 5,837,989.85 vs printed 5,837,989.85 ; v4: 3,922,219.13 vs printed 3,972,219.13 (-50,000.00)"
2018,FY2018,LIBRARY,Sewer Enterprise Fund,38,,FISCAL YEAR ENDING 6/30/18 ; FORWARD | TOTAL | TOTAL | BALANCE FWD ; PROGRAM NAME | 7/1/2017 | RECEIPTS | DISBURSEMENTS | 7/1/2018 ; GENERAL GOVERNMENT,1186490.62,1003802.62,844962.99,1345330.25,,,4,,fund balances: forward + receipts - disbursements = carried forward,,2,check failed,"v1: 3,560,171.36 vs printed 3,564,136.36 (-3,965.00) ; v2: 6,246,072.62 vs printed 6,246,072.62 ; v3: 5,837,989.85 vs printed 5,837,989.85 ; v4: 3,922,219.13 vs printed 3,972,219.13 (-50,000.00)"
2018,FY2018,LIBRARY,Sewer Betterment Fund,38,,FISCAL YEAR ENDING 6/30/18 ; FORWARD | TOTAL | TOTAL | BALANCE FWD ; PROGRAM NAME | 7/1/2017 | RECEIPTS | DISBURSEMENTS | 7/1/2018 ; GENERAL GOVERNMENT,662585.54,1017081.44,843548.24,836118.74,,,4,,fund balances: forward + receipts - disbursements = carried forward,,2,check failed,"v1: 3,560,171.36 vs printed 3,564,136.36 (-3,965.00) ; v2: 6,246,072.62 vs printed 6,246,072.62 ; v3: 5,837,989.85 vs printed 5,837,989.85 ; v4: 3,922,219.13 vs printed 3,972,219.13 (-50,000.00)"
2018,FY2018,LIBRARY,Public Health Emergency Preparedness,38,,FISCAL YEAR ENDING 6/30/18 ; FORWARD | TOTAL | TOTAL | BALANCE FWD ; PROGRAM NAME | 7/1/2017 | RECEIPTS | DISBURSEMENTS | 7/1/2018 ; GENERAL GOVERNMENT,12295.09,,,12295.09,,,2,,,,2,check failed,"v1: 3,560,171.36 vs printed 3,564,136.36 (-3,965.00) ; v2: 6,246,072.62 vs printed 6,246,072.62 ; v3: 5,837,989.85 vs printed 5,837,989.85 ; v4: 3,922,219.13 vs printed 3,972,219.13 (-50,000.00)"
2018,FY2018,LIBRARY,Storm Water Task Force Revolving,38,,FISCAL YEAR ENDING 6/30/18 ; FORWARD | TOTAL | TOTAL | BALANCE FWD ; PROGRAM NAME | 7/1/2017 | RECEIPTS | DISBURSEMENTS | 7/1/2018 ; GENERAL GOVERNMENT,0.00,892.00,,892.00,,,3,,one cell missing; derivable from the row itself,"v3 = 0.00, from this fund's own other three columns",2,check failed,"v1: 3,560,171.36 vs printed 3,564,136.36 (-3,965.00) ; v2: 6,246,072.62 vs printed 6,246,072.62 ; v3: 5,837,989.85 vs printed 5,837,989.85 ; v4: 3,922,219.13 vs printed 3,972,219.13 (-50,000.00)"
2018,FY2018,LIBRARY,,38,,FISCAL YEAR ENDING 6/30/18 ; FORWARD | TOTAL | TOTAL | BALANCE FWD ; PROGRAM NAME | 7/1/2017 | RECEIPTS | DISBURSEMENTS | 7/1/2018 ; GENERAL GOVERNMENT,38.00,,,,,,1,,,,2,check failed,"v1: 3,560,171.36 vs printed 3,564,136.36 (-3,965.00) ; v2: 6,246,072.62 vs printed 6,246,072.62 ; v3: 5,837,989.85 vs printed 5,837,989.85 ; v4: 3,922,219.13 vs printed 3,972,219.13 (-50,000.00)"
2018,FY2018,LIBRARY,Inspector's Revolving Fund,39,,FISCAL YEAR ENDING 6/30/18 ; FORWARD | TOTAL | TOTAL | BALANCE FWD ; PROGRAM NAME | 7/1/2017 | RECEIPTS | DISBURSEMENTS | 7/1/2018 ; GENERAL GOVERNMENT,0.00,45544.37,45379.37,165.00,,,4,,fund balances: forward + receipts - disbursements = carried forward,,2,check failed,"v1: 3,560,171.36 vs printed 3,564,136.36 (-3,965.00) ; v2: 6,246,072.62 vs printed 6,246,072.62 ; v3: 5,837,989.85 vs printed 5,837,989.85 ; v4: 3,922,219.13 vs printed 3,972,219.13 (-50,000.00)"
2018,FY2018,LIBRARY,Timber Rights Revolving,39,,FISCAL YEAR ENDING 6/30/18 ; FORWARD | TOTAL | TOTAL | BALANCE FWD ; PROGRAM NAME | 7/1/2017 | RECEIPTS | DISBURSEMENTS | 7/1/2018 ; GENERAL GOVERNMENT,0.00,34476.22,,34476.22,,,3,,one cell missing; derivable from the row itself,"v3 = 0.00, from this fund's own other three columns",2,check failed,"v1: 3,560,171.36 vs printed 3,564,136.36 (-3,965.00) ; v2: 6,246,072.62 vs printed 6,246,072.62 ; v3: 5,837,989.85 vs printed 5,837,989.85 ; v4: 3,922,219.13 vs printed 3,972,219.13 (-50,000.00)"
2018,FY2018,LIBRARY,Artificial Turf Revolving,39,yes,FISCAL YEAR ENDING 6/30/18 ; FORWARD | TOTAL | TOTAL | BALANCE FWD ; PROGRAM NAME | 7/1/2017 | RECEIPTS | DISBURSEMENTS | 7/1/2018 ; GENERAL GOVERNMENT,0.00,47500.00,,47500.00,,,3,,subtotal: equals the 2 rows above it,,2,check failed,"v1: 3,560,171.36 vs printed 3,564,136.36 (-3,965.00) ; v2: 6,246,072.62 vs printed 6,246,072.62 ; v3: 5,837,989.85 vs printed 5,837,989.85 ; v4: 3,922,219.13 vs printed 3,972,219.13 (-50,000.00)"
2018,FY2018,LIBRARY,DEP Pay As You Throw Grant,39,,FISCAL YEAR ENDING 6/30/18 ; FORWARD | TOTAL | TOTAL | BALANCE FWD ; PROGRAM NAME | 7/1/2017 | RECEIPTS | DISBURSEMENTS | 7/1/2018 ; GENERAL GOVERNMENT,4720.43,,,4720.43,,,2,,,,2,check failed,"v1: 3,560,171.36 vs printed 3,564,136.36 (-3,965.00) ; v2: 6,246,072.62 vs printed 6,246,072.62 ; v3: 5,837,989.85 vs printed 5,837,989.85 ; v4: 3,922,219.13 vs printed 3,972,219.13 (-50,000.00)"
2018,FY2018,LIBRARY,Recycling Outreach Fund,39,,FISCAL YEAR ENDING 6/30/18 ; FORWARD | TOTAL | TOTAL | BALANCE FWD ; PROGRAM NAME | 7/1/2017 | RECEIPTS | DISBURSEMENTS | 7/1/2018 ; GENERAL GOVERNMENT,3800.00,,,3800.00,,,2,,,,2,check failed,"v1: 3,560,171.36 vs printed 3,564,136.36 (-3,965.00) ; v2: 6,246,072.62 vs printed 6,246,072.62 ; v3: 5,837,989.85 vs printed 5,837,989.85 ; v4: 3,922,219.13 vs printed 3,972,219.13 (-50,000.00)"
2018,FY2018,LIBRARY,Repayments Sewer Hookup,39,,FISCAL YEAR ENDING 6/30/18 ; FORWARD | TOTAL | TOTAL | BALANCE FWD ; PROGRAM NAME | 7/1/2017 | RECEIPTS | DISBURSEMENTS | 7/1/2018 ; GENERAL GOVERNMENT,9222.00,,,9222.00,,,2,,,,2,check failed,"v1: 3,560,171.36 vs printed 3,564,136.36 (-3,965.00) ; v2: 6,246,072.62 vs printed 6,246,072.62 ; v3: 5,837,989.85 vs printed 5,837,989.85 ; v4: 3,922,219.13 vs printed 3,972,219.13 (-50,000.00)"
2018,FY2018,LIBRARY,Solid Waste/Recycling Enterprise Fund,39,,FISCAL YEAR ENDING 6/30/18 ; FORWARD | TOTAL | TOTAL | BALANCE FWD ; PROGRAM NAME | 7/1/2017 | RECEIPTS | DISBURSEMENTS | 7/1/2018 ; GENERAL GOVERNMENT,15608.28,273515.01,288037.67,1085.62,,,4,,fund balances: forward + receipts - disbursements = carried forward,,2,check failed,"v1: 3,560,171.36 vs printed 3,564,136.36 (-3,965.00) ; v2: 6,246,072.62 vs printed 6,246,072.62 ; v3: 5,837,989.85 vs printed 5,837,989.85 ; v4: 3,922,219.13 vs printed 3,972,219.13 (-50,000.00)"
2018,FY2018,LIBRARY,CVS Volunteer Challenge Grant,39,,FISCAL YEAR ENDING 6/30/18 ; FORWARD | TOTAL | TOTAL | BALANCE FWD ; PROGRAM NAME | 7/1/2017 | RECEIPTS | DISBURSEMENTS | 7/1/2018 ; GENERAL GOVERNMENT,500.00,,,500.00,,,2,,,,2,check failed,"v1: 3,560,171.36 vs printed 3,564,136.36 (-3,965.00) ; v2: 6,246,072.62 vs printed 6,246,072.62 ; v3: 5,837,989.85 vs printed 5,837,989.85 ; v4: 3,922,219.13 vs printed 3,972,219.13 (-50,000.00)"
2018,FY2018,LIBRARY,Fields Pond Foundation,39,,FISCAL YEAR ENDING 6/30/18 ; FORWARD | TOTAL | TOTAL | BALANCE FWD ; PROGRAM NAME | 7/1/2017 | RECEIPTS | DISBURSEMENTS | 7/1/2018 ; GENERAL GOVERNMENT,1600.00,,,1600.00,,,2,,,,2,check failed,"v1: 3,560,171.36 vs printed 3,564,136.36 (-3,965.00) ; v2: 6,246,072.62 vs printed 6,246,072.62 ; v3: 5,837,989.85 vs printed 5,837,989.85 ; v4: 3,922,219.13 vs printed 3,972,219.13 (-50,000.00)"
2018,FY2018,LIBRARY,March for Parks,39,,FISCAL YEAR ENDING 6/30/18 ; FORWARD | TOTAL | TOTAL | BALANCE FWD ; PROGRAM NAME | 7/1/2017 | RECEIPTS | DISBURSEMENTS | 7/1/2018 ; GENERAL GOVERNMENT,1617.25,,,1617.25,,,2,,,,2,check failed,"v1: 3,560,171.36 vs printed 3,564,136.36 (-3,965.00) ; v2: 6,246,072.62 vs printed 6,246,072.62 ; v3: 5,837,989.85 vs printed 5,837,989.85 ; v4: 3,922,219.13 vs printed 3,972,219.13 (-50,000.00)"
2018,FY2018,LIBRARY,Skate Park Fund,39,,FISCAL YEAR ENDING 6/30/18 ; FORWARD | TOTAL | TOTAL | BALANCE FWD ; PROGRAM NAME | 7/1/2017 | RECEIPTS | DISBURSEMENTS | 7/1/2018 ; GENERAL GOVERNMENT,197.00,,,197.00,,,2,,,,2,check failed,"v1: 3,560,171.36 vs printed 3,564,136.36 (-3,965.00) ; v2: 6,246,072.62 vs printed 6,246,072.62 ; v3: 5,837,989.85 vs printed 5,837,989.85 ; v4: 3,922,219.13 vs printed 3,972,219.13 (-50,000.00)"
2018,FY2018,LIBRARY,Weights/Measures Citation Fund,39,,FISCAL YEAR ENDING 6/30/18 ; FORWARD | TOTAL | TOTAL | BALANCE FWD ; PROGRAM NAME | 7/1/2017 | RECEIPTS | DISBURSEMENTS | 7/1/2018 ; GENERAL GOVERNMENT,325.00,,,325.00,,,2,,,,2,check failed,"v1: 3,560,171.36 vs printed 3,564,136.36 (-3,965.00) ; v2: 6,246,072.62 vs printed 6,246,072.62 ; v3: 5,837,989.85 vs printed 5,837,989.85 ; v4: 3,922,219.13 vs printed 3,972,219.13 (-50,000.00)"
2018,FY2018,LIBRARY,Marshall Park Restoration Fund,39,,FISCAL YEAR ENDING 6/30/18 ; FORWARD | TOTAL | TOTAL | BALANCE FWD ; PROGRAM NAME | 7/1/2017 | RECEIPTS | DISBURSEMENTS | 7/1/2018 ; GENERAL GOVERNMENT,125.00,,,125.00,,,2,,,,2,check failed,"v1: 3,560,171.36 vs printed 3,564,136.36 (-3,965.00) ; v2: 6,246,072.62 vs printed 6,246,072.62 ; v3: 5,837,989.85 vs printed 5,837,989.85 ; v4: 3,922,219.13 vs printed 3,972,219.13 (-50,000.00)"
2018,FY2018,LIBRARY,Comcast Technology Capital Grant,39,,FISCAL YEAR ENDING 6/30/18 ; FORWARD | TOTAL | TOTAL | BALANCE FWD ; PROGRAM NAME | 7/1/2017 | RECEIPTS | DISBURSEMENTS | 7/1/2018 ; GENERAL GOVERNMENT,39796.01,85000.00,,124796.01,,,3,,one cell missing; derivable from the row itself,"v3 = 0.00, from this fund's own other three columns",2,check failed,"v1: 3,560,171.36 vs printed 3,564,136.36 (-3,965.00) ; v2: 6,246,072.62 vs printed 6,246,072.62 ; v3: 5,837,989.85 vs printed 5,837,989.85 ; v4: 3,922,219.13 vs printed 3,972,219.13 (-50,000.00)"
2018,FY2018,LIBRARY,Sale of Real Estate Fund,39,,FISCAL YEAR ENDING 6/30/18 ; FORWARD | TOTAL | TOTAL | BALANCE FWD ; PROGRAM NAME | 7/1/2017 | RECEIPTS | DISBURSEMENTS | 7/1/2018 ; GENERAL GOVERNMENT,9925.00,,,9925.00,,,2,,,,2,check failed,"v1: 3,560,171.36 vs printed 3,564,136.36 (-3,965.00) ; v2: 6,246,072.62 vs printed 6,246,072.62 ; v3: 5,837,989.85 vs printed 5,837,989.85 ; v4: 3,922,219.13 vs printed 3,972,219.13 (-50,000.00)"
2018,FY2018,LIBRARY,Arts Lottery Fund,39,,FISCAL YEAR ENDING 6/30/18 ; FORWARD | TOTAL | TOTAL | BALANCE FWD ; PROGRAM NAME | 7/1/2017 | RECEIPTS | DISBURSEMENTS | 7/1/2018 ; GENERAL GOVERNMENT,2908.77,7129.69,4779.22,5259.24,,,4,,fund balances: forward + receipts - disbursements = carried forward,,2,check failed,"v1: 3,560,171.36 vs printed 3,564,136.36 (-3,965.00) ; v2: 6,246,072.62 vs printed 6,246,072.62 ; v3: 5,837,989.85 vs printed 5,837,989.85 ; v4: 3,922,219.13 vs printed 3,972,219.13 (-50,000.00)"
2018,FY2018,LIBRARY,Peg Access Committee Fund,39,,FISCAL YEAR ENDING 6/30/18 ; FORWARD | TOTAL | TOTAL | BALANCE FWD ; PROGRAM NAME | 7/1/2017 | RECEIPTS | DISBURSEMENTS | 7/1/2018 ; GENERAL GOVERNMENT,303551.54,111045.25,90582.67,324014.12,,,4,,fund balances: forward + receipts - disbursements = carried forward,,2,check failed,"v1: 3,560,171.36 vs printed 3,564,136.36 (-3,965.00) ; v2: 6,246,072.62 vs printed 6,246,072.62 ; v3: 5,837,989.85 vs printed 5,837,989.85 ; v4: 3,922,219.13 vs printed 3,972,219.13 (-50,000.00)"
2018,FY2018,LIBRARY,Debris Removal Gift Fund,39,,FISCAL YEAR ENDING 6/30/18 ; FORWARD | TOTAL | TOTAL | BALANCE FWD ; PROGRAM NAME | 7/1/2017 | RECEIPTS | DISBURSEMENTS | 7/1/2018 ; GENERAL GOVERNMENT,676.00,,,676.00,,,2,,,,2,check failed,"v1: 3,560,171.36 vs printed 3,564,136.36 (-3,965.00) ; v2: 6,246,072.62 vs printed 6,246,072.62 ; v3: 5,837,989.85 vs printed 5,837,989.85 ; v4: 3,922,219.13 vs printed 3,972,219.13 (-50,000.00)"
2018,FY2018,LIBRARY,Citizens Relief Fund,39,,FISCAL YEAR ENDING 6/30/18 ; FORWARD | TOTAL | TOTAL | BALANCE FWD ; PROGRAM NAME | 7/1/2017 | RECEIPTS | DISBURSEMENTS | 7/1/2018 ; GENERAL GOVERNMENT,200.00,,,200.00,,,2,,,,2,check failed,"v1: 3,560,171.36 vs printed 3,564,136.36 (-3,965.00) ; v2: 6,246,072.62 vs printed 6,246,072.62 ; v3: 5,837,989.85 vs printed 5,837,989.85 ; v4: 3,922,219.13 vs printed 3,972,219.13 (-50,000.00)"
2018,FY2018,LIBRARY,Hollis Road Revolving,39,,FISCAL YEAR ENDING 6/30/18 ; FORWARD | TOTAL | TOTAL | BALANCE FWD ; PROGRAM NAME | 7/1/2017 | RECEIPTS | DISBURSEMENTS | 7/1/2018 ; GENERAL GOVERNMENT,18816.13,10200.00,,29016.13,,,3,,one cell missing; derivable from the row itself,"v3 = 0.00, from this fund's own other three columns",2,check failed,"v1: 3,560,171.36 vs printed 3,564,136.36 (-3,965.00) ; v2: 6,246,072.62 vs printed 6,246,072.62 ; v3: 5,837,989.85 vs printed 5,837,989.85 ; v4: 3,922,219.13 vs printed 3,972,219.13 (-50,000.00)"
2018,FY2018,LIBRARY,Municipal Energy Technical Assistance Grant,39,,FISCAL YEAR ENDING 6/30/18 ; FORWARD | TOTAL | TOTAL | BALANCE FWD ; PROGRAM NAME | 7/1/2017 | RECEIPTS | DISBURSEMENTS | 7/1/2018 ; GENERAL GOVERNMENT,-5.00,,,-5.00,,,2,yes,,,2,check failed,"v1: 3,560,171.36 vs printed 3,564,136.36 (-3,965.00) ; v2: 6,246,072.62 vs printed 6,246,072.62 ; v3: 5,837,989.85 vs printed 5,837,989.85 ; v4: 3,922,219.13 vs printed 3,972,219.13 (-50,000.00)"
2018,FY2018,LIBRARY,TNC Per Ride Assessment Fund,39,,FISCAL YEAR ENDING 6/30/18 ; FORWARD | TOTAL | TOTAL | BALANCE FWD ; PROGRAM NAME | 7/1/2017 | RECEIPTS | DISBURSEMENTS | 7/1/2018 ; GENERAL GOVERNMENT,0.00,263.10,,263.10,,,3,,one cell missing; derivable from the row itself,"v3 = 0.00, from this fund's own other three columns",2,check failed,"v1: 3,560,171.36 vs printed 3,564,136.36 (-3,965.00) ; v2: 6,246,072.62 vs printed 6,246,072.62 ; v3: 5,837,989.85 vs printed 5,837,989.85 ; v4: 3,922,219.13 vs printed 3,972,219.13 (-50,000.00)"
2018,FY2018,LIBRARY,Recycling Dividends Program Grant,39,,FISCAL YEAR ENDING 6/30/18 ; FORWARD | TOTAL | TOTAL | BALANCE FWD ; PROGRAM NAME | 7/1/2017 | RECEIPTS | DISBURSEMENTS | 7/1/2018 ; GENERAL GOVERNMENT,1850.60,7200.00,261.25,8789.35,,,4,,fund balances: forward + receipts - disbursements = carried forward,,2,check failed,"v1: 3,560,171.36 vs printed 3,564,136.36 (-3,965.00) ; v2: 6,246,072.62 vs printed 6,246,072.62 ; v3: 5,837,989.85 vs printed 5,837,989.85 ; v4: 3,922,219.13 vs printed 3,972,219.13 (-50,000.00)"
2018,FY2018,LIBRARY,Community Compact - E-Permitting Grant,39,,FISCAL YEAR ENDING 6/30/18 ; FORWARD | TOTAL | TOTAL | BALANCE FWD ; PROGRAM NAME | 7/1/2017 | RECEIPTS | DISBURSEMENTS | 7/1/2018 ; GENERAL GOVERNMENT,0.00,40000.00,39800.00,200.00,,,4,,fund balances: forward + receipts - disbursements = carried forward,,2,check failed,"v1: 3,560,171.36 vs printed 3,564,136.36 (-3,965.00) ; v2: 6,246,072.62 vs printed 6,246,072.62 ; v3: 5,837,989.85 vs printed 5,837,989.85 ; v4: 3,922,219.13 vs printed 3,972,219.13 (-50,000.00)"
2018,FY2018,LIBRARY,Community Compact - Citizen Engagement Grant,39,,FISCAL YEAR ENDING 6/30/18 ; FORWARD | TOTAL | TOTAL | BALANCE FWD ; PROGRAM NAME | 7/1/2017 | RECEIPTS | DISBURSEMENTS | 7/1/2018 ; GENERAL GOVERNMENT,0.00,10000.00,10000.00,0.00,,,4,,fund balances: forward + receipts - disbursements = carried forward,,2,check failed,"v1: 3,560,171.36 vs printed 3,564,136.36 (-3,965.00) ; v2: 6,246,072.62 vs printed 6,246,072.62 ; v3: 5,837,989.85 vs printed 5,837,989.85 ; v4: 3,922,219.13 vs printed 3,972,219.13 (-50,000.00)"
2018,FY2018,LIBRARY,Community Compact - Storm Water Measures,39,yes,FISCAL YEAR ENDING 6/30/18 ; FORWARD | TOTAL | TOTAL | BALANCE FWD ; PROGRAM NAME | 7/1/2017 | RECEIPTS | DISBURSEMENTS | 7/1/2018 ; GENERAL GOVERNMENT,0.00,25000.00,25000.00,0.00,,,4,,fund balances: forward + receipts - disbursements = carried forward,,2,check failed,"v1: 3,560,171.36 vs printed 3,564,136.36 (-3,965.00) ; v2: 6,246,072.62 vs printed 6,246,072.62 ; v3: 5,837,989.85 vs printed 5,837,989.85 ; v4: 3,922,219.13 vs printed 3,972,219.13 (-50,000.00)"
2018,FY2018,LIBRARY,Community Compact - Syber Security Grant,39,,FISCAL YEAR ENDING 6/30/18 ; FORWARD | TOTAL | TOTAL | BALANCE FWD ; PROGRAM NAME | 7/1/2017 | RECEIPTS | DISBURSEMENTS | 7/1/2018 ; GENERAL GOVERNMENT,0.00,10000.00,9950.00,50.00,,,4,,fund balances: forward + receipts - disbursements = carried forward,,2,check failed,"v1: 3,560,171.36 vs printed 3,564,136.36 (-3,965.00) ; v2: 6,246,072.62 vs printed 6,246,072.62 ; v3: 5,837,989.85 vs printed 5,837,989.85 ; v4: 3,922,219.13 vs printed 3,972,219.13 (-50,000.00)"
2018,FY2018,LIBRARY,Community Compact - Animal Shelter Design,39,,FISCAL YEAR ENDING 6/30/18 ; FORWARD | TOTAL | TOTAL | BALANCE FWD ; PROGRAM NAME | 7/1/2017 | RECEIPTS | DISBURSEMENTS | 7/1/2018 ; GENERAL GOVERNMENT,0.00,42257.00,,42257.00,,,3,,one cell missing; derivable from the row itself,"v3 = 0.00, from this fund's own other three columns",2,check failed,"v1: 3,560,171.36 vs printed 3,564,136.36 (-3,965.00) ; v2: 6,246,072.62 vs printed 6,246,072.62 ; v3: 5,837,989.85 vs printed 5,837,989.85 ; v4: 3,922,219.13 vs printed 3,972,219.13 (-50,000.00)"
2018,FY2018,LIBRARY,,39,,FISCAL YEAR ENDING 6/30/18 ; FORWARD | TOTAL | TOTAL | BALANCE FWD ; PROGRAM NAME | 7/1/2017 | RECEIPTS | DISBURSEMENTS | 7/1/2018 ; GENERAL GOVERNMENT,39.00,,,,,,1,,,,2,check failed,"v1: 3,560,171.36 vs printed 3,564,136.36 (-3,965.00) ; v2: 6,246,072.62 vs printed 6,246,072.62 ; v3: 5,837,989.85 vs printed 5,837,989.85 ; v4: 3,922,219.13 vs printed 3,972,219.13 (-50,000.00)"
2019,FY2019,,Conservation Fund,37,,,319.59,,,,,,1,,,,0,check failed,"v1: 3,884,285.38 vs printed 3,972,219.13 (-87,933.75) ; v2: 5,882,232.89 vs printed 6,391,333.14 (-509,100.25) ; v3: 5,436,687.41 vs printed 5,787,228.70 (-350,541.29)"
2019,FY2019,,Conservation Consultant Revolving,37,,,120.50,,,,,,1,,,,0,check failed,"v1: 3,884,285.38 vs printed 3,972,219.13 (-87,933.75) ; v2: 5,882,232.89 vs printed 6,391,333.14 (-509,100.25) ; v3: 5,436,687.41 vs printed 5,787,228.70 (-350,541.29)"
2019,FY2019,,Zoning Board Consultant Revolving,37,,,11351.96,4165.38,4532.88,,,,3,,one cell missing; derivable from the row itself,"v4 = 10,984.46, from this fund's own other three columns",0,check failed,"v1: 3,884,285.38 vs printed 3,972,219.13 (-87,933.75) ; v2: 5,882,232.89 vs printed 6,391,333.14 (-509,100.25) ; v3: 5,436,687.41 vs printed 5,787,228.70 (-350,541.29)"
2019,FY2019,,Conservation Gift Fund-Cook Farm,37,,,148.00,,,,,,1,,,,0,check failed,"v1: 3,884,285.38 vs printed 3,972,219.13 (-87,933.75) ; v2: 5,882,232.89 vs printed 6,391,333.14 (-509,100.25) ; v3: 5,436,687.41 vs printed 5,787,228.70 (-350,541.29)"
2019,FY2019,,Town Records Gift Fund,37,,,5252.35,,,,,,1,,,,0,check failed,"v1: 3,884,285.38 vs printed 3,972,219.13 (-87,933.75) ; v2: 5,882,232.89 vs printed 6,391,333.14 (-509,100.25) ; v3: 5,436,687.41 vs printed 5,787,228.70 (-350,541.29)"
2019,FY2019,,Scholarship Fund,37,,,232.26,,,,,,1,,,,0,check failed,"v1: 3,884,285.38 vs printed 3,972,219.13 (-87,933.75) ; v2: 5,882,232.89 vs printed 6,391,333.14 (-509,100.25) ; v3: 5,436,687.41 vs printed 5,787,228.70 (-350,541.29)"
2019,FY2019,,Sewer Gift Fund,37,,,387.09,,,,,,1,,,,0,check failed,"v1: 3,884,285.38 vs printed 3,972,219.13 (-87,933.75) ; v2: 5,882,232.89 vs printed 6,391,333.14 (-509,100.25) ; v3: 5,436,687.41 vs printed 5,787,228.70 (-350,541.29)"
2019,FY2019,,Insurance Recoveries,37,,,4818.03,2395.00,3195.00,,,,3,,one cell missing; derivable from the row itself,"v4 = 4,018.03, from this fund's own other three columns",0,check failed,"v1: 3,884,285.38 vs printed 3,972,219.13 (-87,933.75) ; v2: 5,882,232.89 vs printed 6,391,333.14 (-509,100.25) ; v3: 5,436,687.41 vs printed 5,787,228.70 (-350,541.29)"
2019,FY2019,,Town Hall Chimney Grant,37,,,3000.00,,,,,,1,,,,0,check failed,"v1: 3,884,285.38 vs printed 3,972,219.13 (-87,933.75) ; v2: 5,882,232.89 vs printed 6,391,333.14 (-509,100.25) ; v3: 5,436,687.41 vs printed 5,787,228.70 (-350,541.29)"
2019,FY2019,,General Government Gift Fund,37,,,1110.00,,,,,,1,,,,0,check failed,"v1: 3,884,285.38 vs printed 3,972,219.13 (-87,933.75) ; v2: 5,882,232.89 vs printed 6,391,333.14 (-509,100.25) ; v3: 5,436,687.41 vs printed 5,787,228.70 (-350,541.29)"
2019,FY2019,,Household Hazardous Waste,37,,,768.76,,,,,,1,,,,0,check failed,"v1: 3,884,285.38 vs printed 3,972,219.13 (-87,933.75) ; v2: 5,882,232.89 vs printed 6,391,333.14 (-509,100.25) ; v3: 5,436,687.41 vs printed 5,787,228.70 (-350,541.29)"
2019,FY2019,,Town Facilities Use Account,37,,,67394.42,14398.00,61559.43,,,,3,,one cell missing; derivable from the row itself,"v4 = 20,232.99, from this fund's own other three columns",0,check failed,"v1: 3,884,285.38 vs printed 3,972,219.13 (-87,933.75) ; v2: 5,882,232.89 vs printed 6,391,333.14 (-509,100.25) ; v3: 5,436,687.41 vs printed 5,787,228.70 (-350,541.29)"
2019,FY2019,,Bond Premium Reserved for Capital,37,,,6350.49,,,,,,1,,,,0,check failed,"v1: 3,884,285.38 vs printed 3,972,219.13 (-87,933.75) ; v2: 5,882,232.89 vs printed 6,391,333.14 (-509,100.25) ; v3: 5,436,687.41 vs printed 5,787,228.70 (-350,541.29)"
2019,FY2019,SCHOOL DEPARTMENT,School Lunch,37,,,730.50,449823.00,391233.25,,,,3,,one cell missing; derivable from the row itself,"v4 = 59,320.25, from this fund's own other three columns",0,check failed,"v1: 3,884,285.38 vs printed 3,972,219.13 (-87,933.75) ; v2: 5,882,232.89 vs printed 6,391,333.14 (-509,100.25) ; v3: 5,436,687.41 vs printed 5,787,228.70 (-350,541.29)"
2019,FY2019,SCHOOL DEPARTMENT,Title 1#305,37,,,-2330.04,233741.00,226391.43,,,,3,,one cell missing; derivable from the row itself,"v4 = 5,019.53, from this fund's own other three columns",0,check failed,"v1: 3,884,285.38 vs printed 3,972,219.13 (-87,933.75) ; v2: 5,882,232.89 vs printed 6,391,333.14 (-509,100.25) ; v3: 5,436,687.41 vs printed 5,787,228.70 (-350,541.29)"
2019,FY2019,SCHOOL DEPARTMENT,PL 94-142 #240,37,,,97.42,355387.00,354389.79,,,,3,,one cell missing; derivable from the row itself,"v4 = 1,094.63, from this fund's own other three columns",0,check failed,"v1: 3,884,285.38 vs printed 3,972,219.13 (-87,933.75) ; v2: 5,882,232.89 vs printed 6,391,333.14 (-509,100.25) ; v3: 5,436,687.41 vs printed 5,787,228.70 (-350,541.29)"
2019,FY2019,SCHOOL DEPARTMENT,United Way Venture,37,,,40.42,,,,,,1,,,,0,check failed,"v1: 3,884,285.38 vs printed 3,972,219.13 (-87,933.75) ; v2: 5,882,232.89 vs printed 6,391,333.14 (-509,100.25) ; v3: 5,436,687.41 vs printed 5,787,228.70 (-350,541.29)"
2019,FY2019,SCHOOL DEPARTMENT,Recovery for Lost Books,37,,,8923.18,3487.67,2058.08,,,,3,,one cell missing; derivable from the row itself,"v4 = 10,352.77, from this fund's own other three columns",0,check failed,"v1: 3,884,285.38 vs printed 3,972,219.13 (-87,933.75) ; v2: 5,882,232.89 vs printed 6,391,333.14 (-509,100.25) ; v3: 5,436,687.41 vs printed 5,787,228.70 (-350,541.29)"
2019,FY2019,SCHOOL DEPARTMENT,Chapter 658 School Athletics,37,,,56535.83,137598.00,124708.43,,,,3,,one cell missing; derivable from the row itself,"v4 = 69,425.40, from this fund's own other three columns",0,check failed,"v1: 3,884,285.38 vs printed 3,972,219.13 (-87,933.75) ; v2: 5,882,232.89 vs printed 6,391,333.14 (-509,100.25) ; v3: 5,436,687.41 vs printed 5,787,228.70 (-350,541.29)"
2019,FY2019,SCHOOL DEPARTMENT,After School Activities,37,,,133504.81,223564.70,198772.99,,,,3,,one cell missing; derivable from the row itself,"v4 = 158,296.52, from this fund's own other three columns",0,check failed,"v1: 3,884,285.38 vs printed 3,972,219.13 (-87,933.75) ; v2: 5,882,232.89 vs printed 6,391,333.14 (-509,100.25) ; v3: 5,436,687.41 vs printed 5,787,228.70 (-350,541.29)"
2019,FY2019,SCHOOL DEPARTMENT,School Facilities Use,37,,,-3309.18,39944.48,7559.75,,,,3,,one cell missing; derivable from the row itself,"v4 = 29,075.55, from this fund's own other three columns",0,check failed,"v1: 3,884,285.38 vs printed 3,972,219.13 (-87,933.75) ; v2: 5,882,232.89 vs printed 6,391,333.14 (-509,100.25) ; v3: 5,436,687.41 vs printed 5,787,228.70 (-350,541.29)"
2019,FY2019,SCHOOL DEPARTMENT,Adult Education,37,,,4300.05,9165.00,7741.30,,,,3,,one cell missing; derivable from the row itself,"v4 = 5,723.75, from this fund's own other three columns",0,check failed,"v1: 3,884,285.38 vs printed 3,972,219.13 (-87,933.75) ; v2: 5,882,232.89 vs printed 6,391,333.14 (-509,100.25) ; v3: 5,436,687.41 vs printed 5,787,228.70 (-350,541.29)"
2019,FY2019,SCHOOL DEPARTMENT,Summer School Program,37,,,340.00,,,,,,1,,,,0,check failed,"v1: 3,884,285.38 vs printed 3,972,219.13 (-87,933.75) ; v2: 5,882,232.89 vs printed 6,391,333.14 (-509,100.25) ; v3: 5,436,687.41 vs printed 5,787,228.70 (-350,541.29)"
2019,FY2019,SCHOOL DEPARTMENT,School Choice,37,,,251272.60,182658.00,104424.93,,,,3,,one cell missing; derivable from the row itself,"v4 = 329,505.67, from this fund's own other three columns",0,check failed,"v1: 3,884,285.38 vs printed 3,972,219.13 (-87,933.75) ; v2: 5,882,232.89 vs printed 6,391,333.14 (-509,100.25) ; v3: 5,436,687.41 vs printed 5,787,228.70 (-350,541.29)"
2019,FY2019,SCHOOL DEPARTMENT,School Gift Fund,37,,,42355.59,22419.95,25210.40,,,,3,,one cell missing; derivable from the row itself,"v4 = 39,565.14, from this fund's own other three columns",0,check failed,"v1: 3,884,285.38 vs printed 3,972,219.13 (-87,933.75) ; v2: 5,882,232.89 vs printed 6,391,333.14 (-509,100.25) ; v3: 5,436,687.41 vs printed 5,787,228.70 (-350,541.29)"
2019,FY2019,SCHOOL DEPARTMENT,Greenthumb Revolving,37,,,736.77,1611.00,890.00,,,,3,,one cell missing; derivable from the row itself,"v4 = 1,457.77, from this fund's own other three columns",0,check failed,"v1: 3,884,285.38 vs printed 3,972,219.13 (-87,933.75) ; v2: 5,882,232.89 vs printed 6,391,333.14 (-509,100.25) ; v3: 5,436,687.41 vs printed 5,787,228.70 (-350,541.29)"
2019,FY2019,SCHOOL DEPARTMENT,Custodian Special Details,37,,,1618.53,16627.84,14892.28,,,,3,,one cell missing; derivable from the row itself,"v4 = 3,354.09, from this fund's own other three columns",0,check failed,"v1: 3,884,285.38 vs printed 3,972,219.13 (-87,933.75) ; v2: 5,882,232.89 vs printed 6,391,333.14 (-509,100.25) ; v3: 5,436,687.41 vs printed 5,787,228.70 (-350,541.29)"
2019,FY2019,SCHOOL DEPARTMENT,Tech Prep Consortium,37,,,1450.00,,,,,,1,,,,0,check failed,"v1: 3,884,285.38 vs printed 3,972,219.13 (-87,933.75) ; v2: 5,882,232.89 vs printed 6,391,333.14 (-509,100.25) ; v3: 5,436,687.41 vs printed 5,787,228.70 (-350,541.29)"
2019,FY2019,SCHOOL DEPARTMENT,,37,,,3.00,5.00,,,,,2,yes,,,0,check failed,"v1: 3,884,285.38 vs printed 3,972,219.13 (-87,933.75) ; v2: 5,882,232.89 vs printed 6,391,333.14 (-509,100.25) ; v3: 5,436,687.41 vs printed 5,787,228.70 (-350,541.29)"
2019,FY2019,SCHOOL DEPARTMENT,Extended Day Revolving Fund,38,,,51384.99,313668.28,333854.33,31198.94,,,4,,fund balances: forward + receipts - disbursements = carried forward,,0,check failed,"v1: 3,884,285.38 vs printed 3,972,219.13 (-87,933.75) ; v2: 5,882,232.89 vs printed 6,391,333.14 (-509,100.25) ; v3: 5,436,687.41 vs printed 5,787,228.70 (-350,541.29)"
2019,FY2019,SCHOOL DEPARTMENT,Vending Machine Revolving,38,,,1954.71,,,1954.71,,,2,,,,0,check failed,"v1: 3,884,285.38 vs printed 3,972,219.13 (-87,933.75) ; v2: 5,882,232.89 vs printed 6,391,333.14 (-509,100.25) ; v3: 5,436,687.41 vs printed 5,787,228.70 (-350,541.29)"
2019,FY2019,SCHOOL DEPARTMENT,Monbouquette Award,38,,,3.81,,,3.81,,,2,,,,0,check failed,"v1: 3,884,285.38 vs printed 3,972,219.13 (-87,933.75) ; v2: 5,882,232.89 vs printed 6,391,333.14 (-509,100.25) ; v3: 5,436,687.41 vs printed 5,787,228.70 (-350,541.29)"
2019,FY2019,SCHOOL DEPARTMENT,Tufts University Heat Grant,38,,,113.45,,,113.45,,,2,,,,0,check failed,"v1: 3,884,285.38 vs printed 3,972,219.13 (-87,933.75) ; v2: 5,882,232.89 vs printed 6,391,333.14 (-509,100.25) ; v3: 5,436,687.41 vs printed 5,787,228.70 (-350,541.29)"
2019,FY2019,SCHOOL DEPARTMENT,Underground Storage Tank Grant,38,,,1500.00,,,1500.00,,,2,,,,0,check failed,"v1: 3,884,285.38 vs printed 3,972,219.13 (-87,933.75) ; v2: 5,882,232.89 vs printed 6,391,333.14 (-509,100.25) ; v3: 5,436,687.41 vs printed 5,787,228.70 (-350,541.29)"
2019,FY2019,SCHOOL DEPARTMENT,Hach Scientific Foundation Grant,38,,,90.61,,,90.61,,,2,,,,0,check failed,"v1: 3,884,285.38 vs printed 3,972,219.13 (-87,933.75) ; v2: 5,882,232.89 vs printed 6,391,333.14 (-509,100.25) ; v3: 5,436,687.41 vs printed 5,787,228.70 (-350,541.29)"
2019,FY2019,SCHOOL DEPARTMENT,Family Network Gift Fund,38,,,2982.29,,268.65,2713.64,,,3,,one cell missing; derivable from the row itself,"v2 = -0.00, from this fund's own other three columns",0,check failed,"v1: 3,884,285.38 vs printed 3,972,219.13 (-87,933.75) ; v2: 5,882,232.89 vs printed 6,391,333.14 (-509,100.25) ; v3: 5,436,687.41 vs printed 5,787,228.70 (-350,541.29)"
2019,FY2019,SCHOOL DEPARTMENT,EECBG Energy Efficiency Grant,38,,,297.93,0.12,,298.05,,,3,,one cell missing; derivable from the row itself,"v3 = 0.00, from this fund's own other three columns",0,check failed,"v1: 3,884,285.38 vs printed 3,972,219.13 (-87,933.75) ; v2: 5,882,232.89 vs printed 6,391,333.14 (-509,100.25) ; v3: 5,436,687.41 vs printed 5,787,228.70 (-350,541.29)"
2019,FY2019,SCHOOL DEPARTMENT,Regional Dissemination Grant,38,,,35.00,,,35.00,,,2,,,,0,check failed,"v1: 3,884,285.38 vs printed 3,972,219.13 (-87,933.75) ; v2: 5,882,232.89 vs printed 6,391,333.14 (-509,100.25) ; v3: 5,436,687.41 vs printed 5,787,228.70 (-350,541.29)"
2019,FY2019,SCHOOL DEPARTMENT,Sped Early Childhood Grant,38,,,0.00,12026.00,12026.00,0.00,,,4,,fund balances: forward + receipts - disbursements = carried forward,,0,check failed,"v1: 3,884,285.38 vs printed 3,972,219.13 (-87,933.75) ; v2: 5,882,232.89 vs printed 6,391,333.14 (-509,100.25) ; v3: 5,436,687.41 vs printed 5,787,228.70 (-350,541.29)"
2019,FY2019,SCHOOL DEPARTMENT,Sped Program Improvement Grant,38,,,43.00,,,43.00,,,2,,,,0,check failed,"v1: 3,884,285.38 vs printed 3,972,219.13 (-87,933.75) ; v2: 5,882,232.89 vs printed 6,391,333.14 (-509,100.25) ; v3: 5,436,687.41 vs printed 5,787,228.70 (-350,541.29)"
2019,FY2019,SCHOOL DEPARTMENT,Teacher Quality,38,,,1969.00,4167.00,34807.24,-28671.24,,,4,,fund balances: forward + receipts - disbursements = carried forward,,0,check failed,"v1: 3,884,285.38 vs printed 3,972,219.13 (-87,933.75) ; v2: 5,882,232.89 vs printed 6,391,333.14 (-509,100.25) ; v3: 5,436,687.41 vs printed 5,787,228.70 (-350,541.29)"
2019,FY2019,SCHOOL DEPARTMENT,Family & Community Grant,38,,,83.41,45700.00,45783.41,0.00,,,4,,fund balances: forward + receipts - disbursements = carried forward,,0,check failed,"v1: 3,884,285.38 vs printed 3,972,219.13 (-87,933.75) ; v2: 5,882,232.89 vs printed 6,391,333.14 (-509,100.25) ; v3: 5,436,687.41 vs printed 5,787,228.70 (-350,541.29)"
2019,FY2019,SCHOOL DEPARTMENT,Displaced Students - Puerto Rico,38,,,2014.00,8646.63,,10660.63,,,3,,one cell missing; derivable from the row itself,"v3 = 0.00, from this fund's own other three columns",0,check failed,"v1: 3,884,285.38 vs printed 3,972,219.13 (-87,933.75) ; v2: 5,882,232.89 vs printed 6,391,333.14 (-509,100.25) ; v3: 5,436,687.41 vs printed 5,787,228.70 (-350,541.29)"
2019,FY2019,SCHOOL DEPARTMENT,FY18 Title IV - Part A,38,,,300.97,4863.00,8534.98,-3371.01,,,4,,fund balances: forward + receipts - disbursements = carried forward,,0,check failed,"v1: 3,884,285.38 vs printed 3,972,219.13 (-87,933.75) ; v2: 5,882,232.89 vs printed 6,391,333.14 (-509,100.25) ; v3: 5,436,687.41 vs printed 5,787,228.70 (-350,541.29)"
2019,FY2019,SCHOOL DEPARTMENT,Early Grades Literacy,38,,,0.00,650.00,6520.00,-5870.00,,,4,,fund balances: forward + receipts - disbursements = carried forward,,0,check failed,"v1: 3,884,285.38 vs printed 3,972,219.13 (-87,933.75) ; v2: 5,882,232.89 vs printed 6,391,333.14 (-509,100.25) ; v3: 5,436,687.41 vs printed 5,787,228.70 (-350,541.29)"
2019,FY2019,SCHOOL DEPARTMENT,Special Support #195 (THES Asbestos,38,,,,130000.00,130000.00,0.00,,,3,,one cell missing; derivable from the row itself,"v1 = 0.00, from this fund's own other three columns",0,check failed,"v1: 3,884,285.38 vs printed 3,972,219.13 (-87,933.75) ; v2: 5,882,232.89 vs printed 6,391,333.14 (-509,100.25) ; v3: 5,436,687.41 vs printed 5,787,228.70 (-350,541.29)"
2019,FY2019,SCHOOL DEPARTMENT,Interface Referral Gift Fund,38,,,0.00,3295.00,,3295.00,,,3,,one cell missing; derivable from the row itself,"v3 = 0.00, from this fund's own other three columns",0,check failed,"v1: 3,884,285.38 vs printed 3,972,219.13 (-87,933.75) ; v2: 5,882,232.89 vs printed 6,391,333.14 (-509,100.25) ; v3: 5,436,687.41 vs printed 5,787,228.70 (-350,541.29)"
2019,FY2019,PUBLIC SAFETY,Insurance Recoveries - Police,38,,,2426.50,3522.34,1747.79,4201.05,,,4,,fund balances: forward + receipts - disbursements = carried forward,,0,check failed,"v1: 3,884,285.38 vs printed 3,972,219.13 (-87,933.75) ; v2: 5,882,232.89 vs printed 6,391,333.14 (-509,100.25) ; v3: 5,436,687.41 vs printed 5,787,228.70 (-350,541.29)"
2019,FY2019,PUBLIC SAFETY,Community Policing FY 96,38,,,6.55,,,6.55,,,2,,,,0,check failed,"v1: 3,884,285.38 vs printed 3,972,219.13 (-87,933.75) ; v2: 5,882,232.89 vs printed 6,391,333.14 (-509,100.25) ; v3: 5,436,687.41 vs printed 5,787,228.70 (-350,541.29)"
2019,FY2019,PUBLIC SAFETY,Community Policing FY 97,38,,,1.97,,,1.97,,,2,,,,0,check failed,"v1: 3,884,285.38 vs printed 3,972,219.13 (-87,933.75) ; v2: 5,882,232.89 vs printed 6,391,333.14 (-509,100.25) ; v3: 5,436,687.41 vs printed 5,787,228.70 (-350,541.29)"
2019,FY2019,PUBLIC SAFETY,Community Policing FY 98,38,,,0.66,,,0.66,,,2,,,,0,check failed,"v1: 3,884,285.38 vs printed 3,972,219.13 (-87,933.75) ; v2: 5,882,232.89 vs printed 6,391,333.14 (-509,100.25) ; v3: 5,436,687.41 vs printed 5,787,228.70 (-350,541.29)"
2019,FY2019,PUBLIC SAFETY,Drug Forfeiture,38,,,5373.29,-5402.77,750.00,4220.52,,,4,,"does NOT balance by -5,000.00",,0,check failed,"v1: 3,884,285.38 vs printed 3,972,219.13 (-87,933.75) ; v2: 5,882,232.89 vs printed 6,391,333.14 (-509,100.25) ; v3: 5,436,687.41 vs printed 5,787,228.70 (-350,541.29)"
2019,FY2019,PUBLIC SAFETY,D.A.R.E. Grant FY 97,38,,,34.85,,,34.85,,,2,,,,0,check failed,"v1: 3,884,285.38 vs printed 3,972,219.13 (-87,933.75) ; v2: 5,882,232.89 vs printed 6,391,333.14 (-509,100.25) ; v3: 5,436,687.41 vs printed 5,787,228.70 (-350,541.29)"
2019,FY2019,PUBLIC SAFETY,D.A.R.E. I Grant FY 97,38,,,0.25,,,0.25,,,2,,,,0,check failed,"v1: 3,884,285.38 vs printed 3,972,219.13 (-87,933.75) ; v2: 5,882,232.89 vs printed 6,391,333.14 (-509,100.25) ; v3: 5,436,687.41 vs printed 5,787,228.70 (-350,541.29)"
2019,FY2019,PUBLIC SAFETY,Community Policing,38,,,2291.12,,,2291.12,,,2,,,,0,check failed,"v1: 3,884,285.38 vs printed 3,972,219.13 (-87,933.75) ; v2: 5,882,232.89 vs printed 6,391,333.14 (-509,100.25) ; v3: 5,436,687.41 vs printed 5,787,228.70 (-350,541.29)"
2019,FY2019,PUBLIC SAFETY,,38,,,36.00,,,,,,1,,,,0,check failed,"v1: 3,884,285.38 vs printed 3,972,219.13 (-87,933.75) ; v2: 5,882,232.89 vs printed 6,391,333.14 (-509,100.25) ; v3: 5,436,687.41 vs printed 5,787,228.70 (-350,541.29)"
2019,FY2019,PUBLIC SAFETY,Walmart Grant - Police Dept.,39,,,1000.00,,,,,,1,,,,0,check failed,"v1: 3,884,285.38 vs printed 3,972,219.13 (-87,933.75) ; v2: 5,882,232.89 vs printed 6,391,333.14 (-509,100.25) ; v3: 5,436,687.41 vs printed 5,787,228.70 (-350,541.29)"
2019,FY2019,PUBLIC SAFETY,Firefighter PS Equipment Gran:,39,,,30.00,,,,,,1,,,,0,check failed,"v1: 3,884,285.38 vs printed 3,972,219.13 (-87,933.75) ; v2: 5,882,232.89 vs printed 6,391,333.14 (-509,100.25) ; v3: 5,436,687.41 vs printed 5,787,228.70 (-350,541.29)"
2019,FY2019,PUBLIC SAFETY,Firefighter Safety Equipment Grant,39,,,9.84,,,,,,1,,,,0,check failed,"v1: 3,884,285.38 vs printed 3,972,219.13 (-87,933.75) ; v2: 5,882,232.89 vs printed 6,391,333.14 (-509,100.25) ; v3: 5,436,687.41 vs printed 5,787,228.70 (-350,541.29)"
2019,FY2019,PUBLIC SAFETY,State 911 Grant - Fire Dept,39,,,7.00,,,,,,1,,,,0,check failed,"v1: 3,884,285.38 vs printed 3,972,219.13 (-87,933.75) ; v2: 5,882,232.89 vs printed 6,391,333.14 (-509,100.25) ; v3: 5,436,687.41 vs printed 5,787,228.70 (-350,541.29)"
2019,FY2019,PUBLIC SAFETY,Police/Fire Special Details,39,,,3531.66,350046.90,337468.78,,,,3,,one cell missing; derivable from the row itself,"v4 = 16,109.78, from this fund's own other three columns",0,check failed,"v1: 3,884,285.38 vs printed 3,972,219.13 (-87,933.75) ; v2: 5,882,232.89 vs printed 6,391,333.14 (-509,100.25) ; v3: 5,436,687.41 vs printed 5,787,228.70 (-350,541.29)"
2019,FY2019,PUBLIC SAFETY,Coastal/Patriot Ambulance Revolving,39,,,579.06,59352.18,59352.18,,,,3,,one cell missing; derivable from the row itself,"v4 = 579.06, from this fund's own other three columns",0,check failed,"v1: 3,884,285.38 vs printed 3,972,219.13 (-87,933.75) ; v2: 5,882,232.89 vs printed 6,391,333.14 (-509,100.25) ; v3: 5,436,687.41 vs printed 5,787,228.70 (-350,541.29)"
2019,FY2019,PUBLIC SAFETY,Firefighter Equipment Grant - FY05,39,,,419.60,,,,,,1,,,,0,check failed,"v1: 3,884,285.38 vs printed 3,972,219.13 (-87,933.75) ; v2: 5,882,232.89 vs printed 6,391,333.14 (-509,100.25) ; v3: 5,436,687.41 vs printed 5,787,228.70 (-350,541.29)"
2019,FY2019,PUBLIC SAFETY,Confined Space Training,39,,,1956.77,,,,,,1,,,,0,check failed,"v1: 3,884,285.38 vs printed 3,972,219.13 (-87,933.75) ; v2: 5,882,232.89 vs printed 6,391,333.14 (-509,100.25) ; v3: 5,436,687.41 vs printed 5,787,228.70 (-350,541.29)"
2019,FY2019,PUBLIC SAFETY,Police NRA Foundation Grant,39,,,0.10,,,,,,1,,,,0,check failed,"v1: 3,884,285.38 vs printed 3,972,219.13 (-87,933.75) ; v2: 5,882,232.89 vs printed 6,391,333.14 (-509,100.25) ; v3: 5,436,687.41 vs printed 5,787,228.70 (-350,541.29)"
2019,FY2019,PUBLIC SAFETY,COPS Secure Our Schools,39,,,0.82,,,,,,1,,,,0,check failed,"v1: 3,884,285.38 vs printed 3,972,219.13 (-87,933.75) ; v2: 5,882,232.89 vs printed 6,391,333.14 (-509,100.25) ; v3: 5,436,687.41 vs printed 5,787,228.70 (-350,541.29)"
2019,FY2019,PUBLIC SAFETY,Safe Grant - Fire Department,39,,,6057.35,6154.00,8009.39,,,,3,,one cell missing; derivable from the row itself,"v4 = 4,201.96, from this fund's own other three columns",0,check failed,"v1: 3,884,285.38 vs printed 3,972,219.13 (-87,933.75) ; v2: 5,882,232.89 vs printed 6,391,333.14 (-509,100.25) ; v3: 5,436,687.41 vs printed 5,787,228.70 (-350,541.29)"
2019,FY2019,PUBLIC SAFETY,GHSB Click It Or Ticket,39,,,-1246.76,4602.60,3252.83,,,,3,,one cell missing; derivable from the row itself,"v4 = 103.01, from this fund's own other three columns",0,check failed,"v1: 3,884,285.38 vs printed 3,972,219.13 (-87,933.75) ; v2: 5,882,232.89 vs printed 6,391,333.14 (-509,100.25) ; v3: 5,436,687.41 vs printed 5,787,228.70 (-350,541.29)"
2019,FY2019,PUBLIC SAFETY,K-9 Grant - Stanton Foundation,39,,,3031.26,,2067.72,,,,2,,,,0,check failed,"v1: 3,884,285.38 vs printed 3,972,219.13 (-87,933.75) ; v2: 5,882,232.89 vs printed 6,391,333.14 (-509,100.25) ; v3: 5,436,687.41 vs printed 5,787,228.70 (-350,541.29)"
2019,FY2019,PUBLIC SAFETY,Federal Drug Forfeiture,39,,,34010.02,16068.52,23787.18,,,,3,,one cell missing; derivable from the row itself,"v4 = 26,291.36, from this fund's own other three columns",0,check failed,"v1: 3,884,285.38 vs printed 3,972,219.13 (-87,933.75) ; v2: 5,882,232.89 vs printed 6,391,333.14 (-509,100.25) ; v3: 5,436,687.41 vs printed 5,787,228.70 (-350,541.29)"
2019,FY2019,PUBLIC SAFETY,Underage Alcohol Enforcement,39,,,-49.38,,-4938.00,,,,2,,,,0,check failed,"v1: 3,884,285.38 vs printed 3,972,219.13 (-87,933.75) ; v2: 5,882,232.89 vs printed 6,391,333.14 (-509,100.25) ; v3: 5,436,687.41 vs printed 5,787,228.70 (-350,541.29)"
2019,FY2019,PUBLIC SAFETY,EMPG Grant,39,,,,6220.00,3000.00,,,,2,,,,0,check failed,"v1: 3,884,285.38 vs printed 3,972,219.13 (-87,933.75) ; v2: 5,882,232.89 vs printed 6,391,333.14 (-509,100.25) ; v3: 5,436,687.41 vs printed 5,787,228.70 (-350,541.29)"
2019,FY2019,PUBLIC SAFETY,Public Safety Gift Fund,39,,,220.38,,,,,,1,,,,0,check failed,"v1: 3,884,285.38 vs printed 3,972,219.13 (-87,933.75) ; v2: 5,882,232.89 vs printed 6,391,333.14 (-509,100.25) ; v3: 5,436,687.41 vs printed 5,787,228.70 (-350,541.29)"
2019,FY2019,PUBLIC SAFETY,Police Gift Fund,39,,,2369.08,3880.00,2059.98,,,,3,,one cell missing; derivable from the row itself,"v4 = 4,189.10, from this fund's own other three columns",0,check failed,"v1: 3,884,285.38 vs printed 3,972,219.13 (-87,933.75) ; v2: 5,882,232.89 vs printed 6,391,333.14 (-509,100.25) ; v3: 5,436,687.41 vs printed 5,787,228.70 (-350,541.29)"
2019,FY2019,PUBLIC SAFETY,JAG Local Enforcement Grant,39,,,0.00,19516.20,19516.20,,,,3,,one cell missing; derivable from the row itself,"v4 = 0.00, from this fund's own other three columns",0,check failed,"v1: 3,884,285.38 vs printed 3,972,219.13 (-87,933.75) ; v2: 5,882,232.89 vs printed 6,391,333.14 (-509,100.25) ; v3: 5,436,687.41 vs printed 5,787,228.70 (-350,541.29)"
2019,FY2019,PARKS & RECREATION,Park User Fees,39,,,11638.28,19180.00,,,,,2,,,,0,check failed,"v1: 3,884,285.38 vs printed 3,972,219.13 (-87,933.75) ; v2: 5,882,232.89 vs printed 6,391,333.14 (-509,100.25) ; v3: 5,436,687.41 vs printed 5,787,228.70 (-350,541.29)"
2019,FY2019,PARKS & RECREATION,Park Gift Fund,39,,,752.00,,,,,,1,,,,0,check failed,"v1: 3,884,285.38 vs printed 3,972,219.13 (-87,933.75) ; v2: 5,882,232.89 vs printed 6,391,333.14 (-509,100.25) ; v3: 5,436,687.41 vs printed 5,787,228.70 (-350,541.29)"
2019,FY2019,HIGHWAY DEPARTMENT,Chapter 90,39,,,,466864.37,354967.28,,,,2,,,,0,check failed,"v1: 3,884,285.38 vs printed 3,972,219.13 (-87,933.75) ; v2: 5,882,232.89 vs printed 6,391,333.14 (-509,100.25) ; v3: 5,436,687.41 vs printed 5,787,228.70 (-350,541.29)"
2019,FY2019,HIGHWAY DEPARTMENT,DPW Roads Gift Fund,39,,,3330.00,,,,,,1,,,,0,check failed,"v1: 3,884,285.38 vs printed 3,972,219.13 (-87,933.75) ; v2: 5,882,232.89 vs printed 6,391,333.14 (-509,100.25) ; v3: 5,436,687.41 vs printed 5,787,228.70 (-350,541.29)"
2019,FY2019,HIGHWAY DEPARTMENT,Highway Insurance Recoveries,39,,,5670.82,,4875.00,,,,2,,,,0,check failed,"v1: 3,884,285.38 vs printed 3,972,219.13 (-87,933.75) ; v2: 5,882,232.89 vs printed 6,391,333.14 (-509,100.25) ; v3: 5,436,687.41 vs printed 5,787,228.70 (-350,541.29)"
2019,FY2019,HIGHWAY DEPARTMENT,Chapter 204/Acts of 1996,39,,,0.11,,,,,,1,,,,0,check failed,"v1: 3,884,285.38 vs printed 3,972,219.13 (-87,933.75) ; v2: 5,882,232.89 vs printed 6,391,333.14 (-509,100.25) ; v3: 5,436,687.41 vs printed 5,787,228.70 (-350,541.29)"
2019,FY2019,HIGHWAY DEPARTMENT,Complete Streets Program,39,,,0.00,37943.00,37943.00,,,,3,,one cell missing; derivable from the row itself,"v4 = 0.00, from this fund's own other three columns",0,check failed,"v1: 3,884,285.38 vs printed 3,972,219.13 (-87,933.75) ; v2: 5,882,232.89 vs printed 6,391,333.14 (-509,100.25) ; v3: 5,436,687.41 vs printed 5,787,228.70 (-350,541.29)"
2019,FY2019,COUNCIL ON AGING,,39,,,37.00,,,,,,1,,,,0,check failed,"v1: 3,884,285.38 vs printed 3,972,219.13 (-87,933.75) ; v2: 5,882,232.89 vs printed 6,391,333.14 (-509,100.25) ; v3: 5,436,687.41 vs printed 5,787,228.70 (-350,541.29)"
2019,FY2019,COUNCIL ON AGING,E.O.C.D. Senior Center Grant,40,,,1684.04,0.83,,1684.87,,,3,,one cell missing; derivable from the row itself,"v3 = 0.00, from this fund's own other three columns",0,check failed,"v1: 3,884,285.38 vs printed 3,972,219.13 (-87,933.75) ; v2: 5,882,232.89 vs printed 6,391,333.14 (-509,100.25) ; v3: 5,436,687.41 vs printed 5,787,228.70 (-350,541.29)"
2019,FY2019,COUNCIL ON AGING,Venture Grant - Are You OK,40,,,24.00,,,24.00,,,2,,,,0,check failed,"v1: 3,884,285.38 vs printed 3,972,219.13 (-87,933.75) ; v2: 5,882,232.89 vs printed 6,391,333.14 (-509,100.25) ; v3: 5,436,687.41 vs printed 5,787,228.70 (-350,541.29)"
2019,FY2019,COUNCIL ON AGING,FY19 Earmark - Senior Center,40,,,0.00,,,-25000.00,,,2,,,,0,check failed,"v1: 3,884,285.38 vs printed 3,972,219.13 (-87,933.75) ; v2: 5,882,232.89 vs printed 6,391,333.14 (-509,100.25) ; v3: 5,436,687.41 vs printed 5,787,228.70 (-350,541.29)"
2019,FY2019,COUNCIL ON AGING,Council on Aging Gift Fund,40,,,3029.81,3730.00,2628.99,4130.82,,,4,,fund balances: forward + receipts - disbursements = carried forward,,0,check failed,"v1: 3,884,285.38 vs printed 3,972,219.13 (-87,933.75) ; v2: 5,882,232.89 vs printed 6,391,333.14 (-509,100.25) ; v3: 5,436,687.41 vs printed 5,787,228.70 (-350,541.29)"
2019,FY2019,COUNCIL ON AGING,COA Program Grant,40,,,0.00,55000.00,1071.00,3929.00,,,4,,"does NOT balance by +50,000.00",,0,check failed,"v1: 3,884,285.38 vs printed 3,972,219.13 (-87,933.75) ; v2: 5,882,232.89 vs printed 6,391,333.14 (-509,100.25) ; v3: 5,436,687.41 vs printed 5,787,228.70 (-350,541.29)"
2019,FY2019,LIBRARY,State Aid-Libraries,40,,,17333.02,15781.33,20639.81,12474.54,,,4,,fund balances: forward + receipts - disbursements = carried forward,,0,check failed,"v1: 3,884,285.38 vs printed 3,972,219.13 (-87,933.75) ; v2: 5,882,232.89 vs printed 6,391,333.14 (-509,100.25) ; v3: 5,436,687.41 vs printed 5,787,228.70 (-350,541.29)"
2019,FY2019,LIBRARY,Library Gift Fund,40,,,19102.54,1350.00,,20452.54,,,3,,one cell missing; derivable from the row itself,"v3 = 0.00, from this fund's own other three columns",0,check failed,"v1: 3,884,285.38 vs printed 3,972,219.13 (-87,933.75) ; v2: 5,882,232.89 vs printed 6,391,333.14 (-509,100.25) ; v3: 5,436,687.41 vs printed 5,787,228.70 (-350,541.29)"
2019,FY2019,LIBRARY,Library Revolving Fund,40,,,2845.62,5621.93,6128.03,2339.52,,,4,,fund balances: forward + receipts - disbursements = carried forward,,0,check failed,"v1: 3,884,285.38 vs printed 3,972,219.13 (-87,933.75) ; v2: 5,882,232.89 vs printed 6,391,333.14 (-509,100.25) ; v3: 5,436,687.41 vs printed 5,787,228.70 (-350,541.29)"
2019,FY2019,LIBRARY,FY07 Public Libraries Fund,40,,,571.17,,,571.17,,,2,,,,0,check failed,"v1: 3,884,285.38 vs printed 3,972,219.13 (-87,933.75) ; v2: 5,882,232.89 vs printed 6,391,333.14 (-509,100.25) ; v3: 5,436,687.41 vs printed 5,787,228.70 (-350,541.29)"
2019,FY2019,LIBRARY,Sale of Cemetery Lots,40,,,94943.48,9378.61,20000.00,84322.09,,,4,,fund balances: forward + receipts - disbursements = carried forward,,0,check failed,"v1: 3,884,285.38 vs printed 3,972,219.13 (-87,933.75) ; v2: 5,882,232.89 vs printed 6,391,333.14 (-509,100.25) ; v3: 5,436,687.41 vs printed 5,787,228.70 (-350,541.29)"
2019,FY2019,LIBRARY,Elderly/Disabled Fund,40,,,2487.14,,,2487.14,,,2,,,,0,check failed,"v1: 3,884,285.38 vs printed 3,972,219.13 (-87,933.75) ; v2: 5,882,232.89 vs printed 6,391,333.14 (-509,100.25) ; v3: 5,436,687.41 vs printed 5,787,228.70 (-350,541.29)"
2019,FY2019,LIBRARY,Green Communities Grant,40,,,452.13,149150.25,177912.22,,,,3,,one cell missing; derivable from the row itself,"v4 = -28,309.84, from this fund's own other three columns",0,check failed,"v1: 3,884,285.38 vs printed 3,972,219.13 (-87,933.75) ; v2: 5,882,232.89 vs printed 6,391,333.14 (-509,100.25) ; v3: 5,436,687.41 vs printed 5,787,228.70 (-350,541.29)"
2019,FY2019,LIBRARY,Agricultural Commission Grant,40,,,1430.00,1386.00,800.00,2016.00,,,4,,fund balances: forward + receipts - disbursements = carried forward,,0,check failed,"v1: 3,884,285.38 vs printed 3,972,219.13 (-87,933.75) ; v2: 5,882,232.89 vs printed 6,391,333.14 (-509,100.25) ; v3: 5,436,687.41 vs printed 5,787,228.70 (-350,541.29)"
2019,FY2019,LIBRARY,Bell Tower Mtc. Fund-Town Hall,40,,,3606.37,,450.00,3156.37,,,3,,one cell missing; derivable from the row itself,"v2 = 0.00, from this fund's own other three columns",0,check failed,"v1: 3,884,285.38 vs printed 3,972,219.13 (-87,933.75) ; v2: 5,882,232.89 vs printed 6,391,333.14 (-509,100.25) ; v3: 5,436,687.41 vs printed 5,787,228.70 (-350,541.29)"
2019,FY2019,LIBRARY,Historical Comm. Gift Fund,40,,,137.36,,,137.36,,,2,,,,0,check failed,"v1: 3,884,285.38 vs printed 3,972,219.13 (-87,933.75) ; v2: 5,882,232.89 vs printed 6,391,333.14 (-509,100.25) ; v3: 5,436,687.41 vs printed 5,787,228.70 (-350,541.29)"
2019,FY2019,LIBRARY,Mass Historical Comm Grant-Town,40,,,,,,4150.00,,,1,,,,0,check failed,"v1: 3,884,285.38 vs printed 3,972,219.13 (-87,933.75) ; v2: 5,882,232.89 vs printed 6,391,333.14 (-509,100.25) ; v3: 5,436,687.41 vs printed 5,787,228.70 (-350,541.29)"
2019,FY2019,LIBRARY,MWPAT Septic Repair,40,,,4079.03,,,4079.03,,,2,,,,0,check failed,"v1: 3,884,285.38 vs printed 3,972,219.13 (-87,933.75) ; v2: 5,882,232.89 vs printed 6,391,333.14 (-509,100.25) ; v3: 5,436,687.41 vs printed 5,787,228.70 (-350,541.29)"
2019,FY2019,LIBRARY,WPAT Septic Receipts Reserved,40,,,45697.59,1455.10,10868.00,36284.69,,,4,,fund balances: forward + receipts - disbursements = carried forward,,0,check failed,"v1: 3,884,285.38 vs printed 3,972,219.13 (-87,933.75) ; v2: 5,882,232.89 vs printed 6,391,333.14 (-509,100.25) ; v3: 5,436,687.41 vs printed 5,787,228.70 (-350,541.29)"
2019,FY2019,LIBRARY,E.O.C.D. Septic | Grant,40,,,92342.80,1101.70,,93444.50,,,3,,one cell missing; derivable from the row itself,"v3 = 0.00, from this fund's own other three columns",0,check failed,"v1: 3,884,285.38 vs printed 3,972,219.13 (-87,933.75) ; v2: 5,882,232.89 vs printed 6,391,333.14 (-509,100.25) ; v3: 5,436,687.41 vs printed 5,787,228.70 (-350,541.29)"
2019,FY2019,LIBRARY,Water Enterprise Fund,40,,,52709.43,31455.58,31137.39,53027.62,,,4,,fund balances: forward + receipts - disbursements = carried forward,,0,check failed,"v1: 3,884,285.38 vs printed 3,972,219.13 (-87,933.75) ; v2: 5,882,232.89 vs printed 6,391,333.14 (-509,100.25) ; v3: 5,436,687.41 vs printed 5,787,228.70 (-350,541.29)"
2019,FY2019,LIBRARY,Sewer Enterprise Fund,40,,,1345330.25,921903.21,905664.98,1361568.48,,,4,,fund balances: forward + receipts - disbursements = carried forward,,0,check failed,"v1: 3,884,285.38 vs printed 3,972,219.13 (-87,933.75) ; v2: 5,882,232.89 vs printed 6,391,333.14 (-509,100.25) ; v3: 5,436,687.41 vs printed 5,787,228.70 (-350,541.29)"
2019,FY2019,LIBRARY,Sewer Betterment Fund,40,,,836118.74,841706.87,812905.58,864920.03,,,4,,fund balances: forward + receipts - disbursements = carried forward,,0,check failed,"v1: 3,884,285.38 vs printed 3,972,219.13 (-87,933.75) ; v2: 5,882,232.89 vs printed 6,391,333.14 (-509,100.25) ; v3: 5,436,687.41 vs printed 5,787,228.70 (-350,541.29)"
2019,FY2019,LIBRARY,Public Health Emergency Preparedness,40,,,12295.09,,,12295.09,,,2,,,,0,check failed,"v1: 3,884,285.38 vs printed 3,972,219.13 (-87,933.75) ; v2: 5,882,232.89 vs printed 6,391,333.14 (-509,100.25) ; v3: 5,436,687.41 vs printed 5,787,228.70 (-350,541.29)"
2019,FY2019,LIBRARY,Storm Water Task Force Revolving,40,,,892.00,1388.00,,2280.00,,,3,,one cell missing; derivable from the row itself,"v3 = 0.00, from this fund's own other three columns",0,check failed,"v1: 3,884,285.38 vs printed 3,972,219.13 (-87,933.75) ; v2: 5,882,232.89 vs printed 6,391,333.14 (-509,100.25) ; v3: 5,436,687.41 vs printed 5,787,228.70 (-350,541.29)"
2019,FY2019,LIBRARY,Inspector's Revolving Fund,40,,,165.00,41221.15,39287.50,2098.65,,,4,,fund balances: forward + receipts - disbursements = carried forward,,0,check failed,"v1: 3,884,285.38 vs printed 3,972,219.13 (-87,933.75) ; v2: 5,882,232.89 vs printed 6,391,333.14 (-509,100.25) ; v3: 5,436,687.41 vs printed 5,787,228.70 (-350,541.29)"
2019,FY2019,LIBRARY,Timber Rights Revolving,40,,,34476.22,,10288.10,24188.12,,,3,,one cell missing; derivable from the row itself,"v2 = -0.00, from this fund's own other three columns",0,check failed,"v1: 3,884,285.38 vs printed 3,972,219.13 (-87,933.75) ; v2: 5,882,232.89 vs printed 6,391,333.14 (-509,100.25) ; v3: 5,436,687.41 vs printed 5,787,228.70 (-350,541.29)"
2019,FY2019,LIBRARY,,40,,,38.00,,,,,,1,,,,0,check failed,"v1: 3,884,285.38 vs printed 3,972,219.13 (-87,933.75) ; v2: 5,882,232.89 vs printed 6,391,333.14 (-509,100.25) ; v3: 5,436,687.41 vs printed 5,787,228.70 (-350,541.29)"
2019,FY2019,LIBRARY,DEP Pay As You Throw Grant,41,,,4720.43,,,,,,1,,,,0,check failed,"v1: 3,884,285.38 vs printed 3,972,219.13 (-87,933.75) ; v2: 5,882,232.89 vs printed 6,391,333.14 (-509,100.25) ; v3: 5,436,687.41 vs printed 5,787,228.70 (-350,541.29)"
2019,FY2019,LIBRARY,Recycling Outreach Fund,41,,,3800.00,3800.00,324.52,,,,3,,one cell missing; derivable from the row itself,"v4 = 7,275.48, from this fund's own other three columns",0,check failed,"v1: 3,884,285.38 vs printed 3,972,219.13 (-87,933.75) ; v2: 5,882,232.89 vs printed 6,391,333.14 (-509,100.25) ; v3: 5,436,687.41 vs printed 5,787,228.70 (-350,541.29)"
2019,FY2019,LIBRARY,Repayments Sewer Hookup,41,,,9222.00,,,,,,1,,,,0,check failed,"v1: 3,884,285.38 vs printed 3,972,219.13 (-87,933.75) ; v2: 5,882,232.89 vs printed 6,391,333.14 (-509,100.25) ; v3: 5,436,687.41 vs printed 5,787,228.70 (-350,541.29)"
2019,FY2019,LIBRARY,Solid Waste/Recycling Enterprise Fund,41,,,1085.62,295978.50,287588.18,,,,3,,one cell missing; derivable from the row itself,"v4 = 9,475.94, from this fund's own other three columns",0,check failed,"v1: 3,884,285.38 vs printed 3,972,219.13 (-87,933.75) ; v2: 5,882,232.89 vs printed 6,391,333.14 (-509,100.25) ; v3: 5,436,687.41 vs printed 5,787,228.70 (-350,541.29)"
2019,FY2019,LIBRARY,CVS Volunteer Challenge Gran!,41,,,500.00,,,,,,1,,,,0,check failed,"v1: 3,884,285.38 vs printed 3,972,219.13 (-87,933.75) ; v2: 5,882,232.89 vs printed 6,391,333.14 (-509,100.25) ; v3: 5,436,687.41 vs printed 5,787,228.70 (-350,541.29)"
2019,FY2019,LIBRARY,Fields Pond Foundation,41,,,1600.00,,,,,,1,,,,0,check failed,"v1: 3,884,285.38 vs printed 3,972,219.13 (-87,933.75) ; v2: 5,882,232.89 vs printed 6,391,333.14 (-509,100.25) ; v3: 5,436,687.41 vs printed 5,787,228.70 (-350,541.29)"
2019,FY2019,LIBRARY,March for Parks,41,,,1617.25,,,,,,1,,,,0,check failed,"v1: 3,884,285.38 vs printed 3,972,219.13 (-87,933.75) ; v2: 5,882,232.89 vs printed 6,391,333.14 (-509,100.25) ; v3: 5,436,687.41 vs printed 5,787,228.70 (-350,541.29)"
2019,FY2019,LIBRARY,Skate Park Fund,41,,,197.00,,,,,,1,,,,0,check failed,"v1: 3,884,285.38 vs printed 3,972,219.13 (-87,933.75) ; v2: 5,882,232.89 vs printed 6,391,333.14 (-509,100.25) ; v3: 5,436,687.41 vs printed 5,787,228.70 (-350,541.29)"
2019,FY2019,LIBRARY,Weights/Measures Citation Fund,41,,,325.00,,,,,,1,,,,0,check failed,"v1: 3,884,285.38 vs printed 3,972,219.13 (-87,933.75) ; v2: 5,882,232.89 vs printed 6,391,333.14 (-509,100.25) ; v3: 5,436,687.41 vs printed 5,787,228.70 (-350,541.29)"
2019,FY2019,LIBRARY,Marshall Park Restoration Fund,41,,,125.00,,,,,,1,,,,0,check failed,"v1: 3,884,285.38 vs printed 3,972,219.13 (-87,933.75) ; v2: 5,882,232.89 vs printed 6,391,333.14 (-509,100.25) ; v3: 5,436,687.41 vs printed 5,787,228.70 (-350,541.29)"
2019,FY2019,LIBRARY,Comcast Technology Capital Giant,41,,,124796.01,42500.00,,,,,2,,,,0,check failed,"v1: 3,884,285.38 vs printed 3,972,219.13 (-87,933.75) ; v2: 5,882,232.89 vs printed 6,391,333.14 (-509,100.25) ; v3: 5,436,687.41 vs printed 5,787,228.70 (-350,541.29)"
2019,FY2019,LIBRARY,Sale of Real Estate Fund,41,,,9925.00,,,,,,1,,,,0,check failed,"v1: 3,884,285.38 vs printed 3,972,219.13 (-87,933.75) ; v2: 5,882,232.89 vs printed 6,391,333.14 (-509,100.25) ; v3: 5,436,687.41 vs printed 5,787,228.70 (-350,541.29)"
2019,FY2019,LIBRARY,Arts Lottery Fund,41,,,5259.24,7320.15,3927.98,,,,3,,one cell missing; derivable from the row itself,"v4 = 8,651.41, from this fund's own other three columns",0,check failed,"v1: 3,884,285.38 vs printed 3,972,219.13 (-87,933.75) ; v2: 5,882,232.89 vs printed 6,391,333.14 (-509,100.25) ; v3: 5,436,687.41 vs printed 5,787,228.70 (-350,541.29)"
2019,FY2019,LIBRARY,Peg Access Committee Fund,41,,,324014.12,208243.11,84443.87,,,,3,,one cell missing; derivable from the row itself,"v4 = 447,813.36, from this fund's own other three columns",0,check failed,"v1: 3,884,285.38 vs printed 3,972,219.13 (-87,933.75) ; v2: 5,882,232.89 vs printed 6,391,333.14 (-509,100.25) ; v3: 5,436,687.41 vs printed 5,787,228.70 (-350,541.29)"
2019,FY2019,LIBRARY,Debris Removal Gift Fund,41,,,676.00,,,,,,1,,,,0,check failed,"v1: 3,884,285.38 vs printed 3,972,219.13 (-87,933.75) ; v2: 5,882,232.89 vs printed 6,391,333.14 (-509,100.25) ; v3: 5,436,687.41 vs printed 5,787,228.70 (-350,541.29)"
2019,FY2019,LIBRARY,Citizens Relief Fund,41,,,200.00,,,,,,1,,,,0,check failed,"v1: 3,884,285.38 vs printed 3,972,219.13 (-87,933.75) ; v2: 5,882,232.89 vs printed 6,391,333.14 (-509,100.25) ; v3: 5,436,687.41 vs printed 5,787,228.70 (-350,541.29)"
2019,FY2019,LIBRARY,Hollis Road Revolving,41,,,29016.13,10200.00,,,,,2,,,,0,check failed,"v1: 3,884,285.38 vs printed 3,972,219.13 (-87,933.75) ; v2: 5,882,232.89 vs printed 6,391,333.14 (-509,100.25) ; v3: 5,436,687.41 vs printed 5,787,228.70 (-350,541.29)"
2019,FY2019,LIBRARY,Municipal Energy Technical Assistance Grant,41,,,-5.00,,-5.00,,,,2,yes,,,0,check failed,"v1: 3,884,285.38 vs printed 3,972,219.13 (-87,933.75) ; v2: 5,882,232.89 vs printed 6,391,333.14 (-509,100.25) ; v3: 5,436,687.41 vs printed 5,787,228.70 (-350,541.29)"
2019,FY2019,LIBRARY,TNC Per Ride Assessment Fund,41,,,263.10,681.30,,,,,2,,,,0,check failed,"v1: 3,884,285.38 vs printed 3,972,219.13 (-87,933.75) ; v2: 5,882,232.89 vs printed 6,391,333.14 (-509,100.25) ; v3: 5,436,687.41 vs printed 5,787,228.70 (-350,541.29)"
2019,FY2019,LIBRARY,Recycling Dividends Program Grant,41,,,8789.35,7200.00,3430.50,,,,3,,one cell missing; derivable from the row itself,"v4 = 12,558.85, from this fund's own other three columns",0,check failed,"v1: 3,884,285.38 vs printed 3,972,219.13 (-87,933.75) ; v2: 5,882,232.89 vs printed 6,391,333.14 (-509,100.25) ; v3: 5,436,687.41 vs printed 5,787,228.70 (-350,541.29)"
2019,FY2019,LIBRARY,Community Compact - E-Permiting Grant,41,,,200.00,,,,,,1,,,,0,check failed,"v1: 3,884,285.38 vs printed 3,972,219.13 (-87,933.75) ; v2: 5,882,232.89 vs printed 6,391,333.14 (-509,100.25) ; v3: 5,436,687.41 vs printed 5,787,228.70 (-350,541.29)"
2019,FY2019,LIBRARY,Early Voting Incentive Grant,41,,,0.00,3188.00,3188.00,,,,3,,one cell missing; derivable from the row itself,"v4 = 0.00, from this fund's own other three columns",0,check failed,"v1: 3,884,285.38 vs printed 3,972,219.13 (-87,933.75) ; v2: 5,882,232.89 vs printed 6,391,333.14 (-509,100.25) ; v3: 5,436,687.41 vs printed 5,787,228.70 (-350,541.29)"
2019,FY2019,LIBRARY,Extended Polling Hours Grant,41,,,0.00,2380.00,2380.00,,,,3,,one cell missing; derivable from the row itself,"v4 = 0.00, from this fund's own other three columns",0,check failed,"v1: 3,884,285.38 vs printed 3,972,219.13 (-87,933.75) ; v2: 5,882,232.89 vs printed 6,391,333.14 (-509,100.25) ; v3: 5,436,687.41 vs printed 5,787,228.70 (-350,541.29)"
2019,FY2019,LIBRARY,Accessible Amenities Grant,41,yes,,0.00,,7500.00,,,,2,,subtotal: equals the 2 rows above it,,0,check failed,"v1: 3,884,285.38 vs printed 3,972,219.13 (-87,933.75) ; v2: 5,882,232.89 vs printed 6,391,333.14 (-509,100.25) ; v3: 5,436,687.41 vs printed 5,787,228.70 (-350,541.29)"
2019,FY2019,LIBRARY,Technology Fee Revolving Fund,41,,,0.00,8656.88,8656.88,,,,3,,one cell missing; derivable from the row itself,"v4 = 0.00, from this fund's own other three columns",0,check failed,"v1: 3,884,285.38 vs printed 3,972,219.13 (-87,933.75) ; v2: 5,882,232.89 vs printed 6,391,333.14 (-509,100.25) ; v3: 5,436,687.41 vs printed 5,787,228.70 (-350,541.29)"
2019,FY2019,LIBRARY,Lunenburg Cemetery Gift Fund,41,,,0.00,2500.00,0.00,,,,3,yes,one cell missing; derivable from the row itself,"v4 = 2,500.00, from this fund's own other three columns",0,check failed,"v1: 3,884,285.38 vs printed 3,972,219.13 (-87,933.75) ; v2: 5,882,232.89 vs printed 6,391,333.14 (-509,100.25) ; v3: 5,436,687.41 vs printed 5,787,228.70 (-350,541.29)"
2019,FY2019,LIBRARY,Community Compact - Syber Sacurity Grant,41,,,50.00,,,,,,1,,,,0,check failed,"v1: 3,884,285.38 vs printed 3,972,219.13 (-87,933.75) ; v2: 5,882,232.89 vs printed 6,391,333.14 (-509,100.25) ; v3: 5,436,687.41 vs printed 5,787,228.70 (-350,541.29)"
2019,FY2019,LIBRARY,Community Compact - Animal Shelter Design,41,,,42257.00,,42257.00,,,,2,,,,0,check failed,"v1: 3,884,285.38 vs printed 3,972,219.13 (-87,933.75) ; v2: 5,882,232.89 vs printed 6,391,333.14 (-509,100.25) ; v3: 5,436,687.41 vs printed 5,787,228.70 (-350,541.29)"
2019,FY2019,LIBRARY,,41,,,39.00,,,,,,1,,,,0,check failed,"v1: 3,884,285.38 vs printed 3,972,219.13 (-87,933.75) ; v2: 5,882,232.89 vs printed 6,391,333.14 (-509,100.25) ; v3: 5,436,687.41 vs printed 5,787,228.70 (-350,541.29)"
2020,FY2020,GENERAL GOVERNMENT,Regional Assessor Fund,31,,FISCAL YEAR ENDING 6/30/20 ; FORWARD | TOTAL | TOTAL | BALANCE FWD ; PROGRAM NAME | 7/1/2019 | RECEIPTS | DISBURSEMENTS | 7/1/2020 ; GENERAL GOVERNMENT,30907.25,,,30907.25,,,2,,,,2,check failed,"v1: 4,604,798.33 vs printed 4,576,323.49 (+28,474.84) ; v3: 5,445,461.13 vs printed 5,445,461.13 ; v4: 5,596,048.89 vs printed 5,596,048.89"
2020,FY2020,GENERAL GOVERNMENT,Conservation Fund,31,,FISCAL YEAR ENDING 6/30/20 ; FORWARD | TOTAL | TOTAL | BALANCE FWD ; PROGRAM NAME | 7/1/2019 | RECEIPTS | DISBURSEMENTS | 7/1/2020 ; GENERAL GOVERNMENT,319.59,,,319.59,,,2,,,,2,check failed,"v1: 4,604,798.33 vs printed 4,576,323.49 (+28,474.84) ; v3: 5,445,461.13 vs printed 5,445,461.13 ; v4: 5,596,048.89 vs printed 5,596,048.89"
2020,FY2020,GENERAL GOVERNMENT,Conservation Consultant Revolving,31,,FISCAL YEAR ENDING 6/30/20 ; FORWARD | TOTAL | TOTAL | BALANCE FWD ; PROGRAM NAME | 7/1/2019 | RECEIPTS | DISBURSEMENTS | 7/1/2020 ; GENERAL GOVERNMENT,120.50,,,120.50,,,2,,,,2,check failed,"v1: 4,604,798.33 vs printed 4,576,323.49 (+28,474.84) ; v3: 5,445,461.13 vs printed 5,445,461.13 ; v4: 5,596,048.89 vs printed 5,596,048.89"
2020,FY2020,GENERAL GOVERNMENT,Zoning Board Consultant Revolving,31,,FISCAL YEAR ENDING 6/30/20 ; FORWARD | TOTAL | TOTAL | BALANCE FWD ; PROGRAM NAME | 7/1/2019 | RECEIPTS | DISBURSEMENTS | 7/1/2020 ; GENERAL GOVERNMENT,10984.46,,,10984.46,,,2,,,,2,check failed,"v1: 4,604,798.33 vs printed 4,576,323.49 (+28,474.84) ; v3: 5,445,461.13 vs printed 5,445,461.13 ; v4: 5,596,048.89 vs printed 5,596,048.89"
2020,FY2020,GENERAL GOVERNMENT,Conservation Gift Fund-Cook Farm,31,,FISCAL YEAR ENDING 6/30/20 ; FORWARD | TOTAL | TOTAL | BALANCE FWD ; PROGRAM NAME | 7/1/2019 | RECEIPTS | DISBURSEMENTS | 7/1/2020 ; GENERAL GOVERNMENT,148.00,,,148.00,,,2,,,,2,check failed,"v1: 4,604,798.33 vs printed 4,576,323.49 (+28,474.84) ; v3: 5,445,461.13 vs printed 5,445,461.13 ; v4: 5,596,048.89 vs printed 5,596,048.89"
2020,FY2020,GENERAL GOVERNMENT,Town Records Gift Fund,31,,FISCAL YEAR ENDING 6/30/20 ; FORWARD | TOTAL | TOTAL | BALANCE FWD ; PROGRAM NAME | 7/1/2019 | RECEIPTS | DISBURSEMENTS | 7/1/2020 ; GENERAL GOVERNMENT,252.35,,,252.35,,,2,,,,2,check failed,"v1: 4,604,798.33 vs printed 4,576,323.49 (+28,474.84) ; v3: 5,445,461.13 vs printed 5,445,461.13 ; v4: 5,596,048.89 vs printed 5,596,048.89"
2020,FY2020,GENERAL GOVERNMENT,Scholarship Fund,31,,FISCAL YEAR ENDING 6/30/20 ; FORWARD | TOTAL | TOTAL | BALANCE FWD ; PROGRAM NAME | 7/1/2019 | RECEIPTS | DISBURSEMENTS | 7/1/2020 ; GENERAL GOVERNMENT,232.26,,,232.26,,,2,,,,2,check failed,"v1: 4,604,798.33 vs printed 4,576,323.49 (+28,474.84) ; v3: 5,445,461.13 vs printed 5,445,461.13 ; v4: 5,596,048.89 vs printed 5,596,048.89"
2020,FY2020,GENERAL GOVERNMENT,Sewer Gift Fund,31,,FISCAL YEAR ENDING 6/30/20 ; FORWARD | TOTAL | TOTAL | BALANCE FWD ; PROGRAM NAME | 7/1/2019 | RECEIPTS | DISBURSEMENTS | 7/1/2020 ; GENERAL GOVERNMENT,387.09,,,387.09,,,2,,,,2,check failed,"v1: 4,604,798.33 vs printed 4,576,323.49 (+28,474.84) ; v3: 5,445,461.13 vs printed 5,445,461.13 ; v4: 5,596,048.89 vs printed 5,596,048.89"
2020,FY2020,GENERAL GOVERNMENT,Insurance Recoveries,31,,FISCAL YEAR ENDING 6/30/20 ; FORWARD | TOTAL | TOTAL | BALANCE FWD ; PROGRAM NAME | 7/1/2019 | RECEIPTS | DISBURSEMENTS | 7/1/2020 ; GENERAL GOVERNMENT,4018.03,,,4018.03,,,2,,,,2,check failed,"v1: 4,604,798.33 vs printed 4,576,323.49 (+28,474.84) ; v3: 5,445,461.13 vs printed 5,445,461.13 ; v4: 5,596,048.89 vs printed 5,596,048.89"
2020,FY2020,GENERAL GOVERNMENT,Town Hall Chimney Grant,31,,FISCAL YEAR ENDING 6/30/20 ; FORWARD | TOTAL | TOTAL | BALANCE FWD ; PROGRAM NAME | 7/1/2019 | RECEIPTS | DISBURSEMENTS | 7/1/2020 ; GENERAL GOVERNMENT,3000.00,,,3000.00,,,2,,,,2,check failed,"v1: 4,604,798.33 vs printed 4,576,323.49 (+28,474.84) ; v3: 5,445,461.13 vs printed 5,445,461.13 ; v4: 5,596,048.89 vs printed 5,596,048.89"
2020,FY2020,GENERAL GOVERNMENT,General Government Gift Fund,31,,FISCAL YEAR ENDING 6/30/20 ; FORWARD | TOTAL | TOTAL | BALANCE FWD ; PROGRAM NAME | 7/1/2019 | RECEIPTS | DISBURSEMENTS | 7/1/2020 ; GENERAL GOVERNMENT,1110.00,,,1110.00,,,2,,,,2,check failed,"v1: 4,604,798.33 vs printed 4,576,323.49 (+28,474.84) ; v3: 5,445,461.13 vs printed 5,445,461.13 ; v4: 5,596,048.89 vs printed 5,596,048.89"
2020,FY2020,GENERAL GOVERNMENT,Household Hazardous Waste,31,,FISCAL YEAR ENDING 6/30/20 ; FORWARD | TOTAL | TOTAL | BALANCE FWD ; PROGRAM NAME | 7/1/2019 | RECEIPTS | DISBURSEMENTS | 7/1/2020 ; GENERAL GOVERNMENT,768.76,,,768.76,,,2,,,,2,check failed,"v1: 4,604,798.33 vs printed 4,576,323.49 (+28,474.84) ; v3: 5,445,461.13 vs printed 5,445,461.13 ; v4: 5,596,048.89 vs printed 5,596,048.89"
2020,FY2020,GENERAL GOVERNMENT,Town Facilities Use Account,31,,FISCAL YEAR ENDING 6/30/20 ; FORWARD | TOTAL | TOTAL | BALANCE FWD ; PROGRAM NAME | 7/1/2019 | RECEIPTS | DISBURSEMENTS | 7/1/2020 ; GENERAL GOVERNMENT,20232.99,30000.00,,50232.99,,,3,,one cell missing; derivable from the row itself,"v3 = 0.00, from this fund's own other three columns",2,check failed,"v1: 4,604,798.33 vs printed 4,576,323.49 (+28,474.84) ; v3: 5,445,461.13 vs printed 5,445,461.13 ; v4: 5,596,048.89 vs printed 5,596,048.89"
2020,FY2020,GENERAL GOVERNMENT,Bond Premium Reserved for Capital,31,,FISCAL YEAR ENDING 6/30/20 ; FORWARD | TOTAL | TOTAL | BALANCE FWD ; PROGRAM NAME | 7/1/2019 | RECEIPTS | DISBURSEMENTS | 7/1/2020 ; GENERAL GOVERNMENT,6350.49,3543.11,6350.49,3543.11,,,4,,fund balances: forward + receipts - disbursements = carried forward,,2,check failed,"v1: 4,604,798.33 vs printed 4,576,323.49 (+28,474.84) ; v3: 5,445,461.13 vs printed 5,445,461.13 ; v4: 5,596,048.89 vs printed 5,596,048.89"
2020,FY2020,GENERAL GOVERNMENT,MIlA Flex Grant,31,,FISCAL YEAR ENDING 6/30/20 ; FORWARD | TOTAL | TOTAL | BALANCE FWD ; PROGRAM NAME | 7/1/2019 | RECEIPTS | DISBURSEMENTS | 7/1/2020 ; GENERAL GOVERNMENT,0.00,6616.00,6616.00,0.00,,,4,,fund balances: forward + receipts - disbursements = carried forward,,2,check failed,"v1: 4,604,798.33 vs printed 4,576,323.49 (+28,474.84) ; v3: 5,445,461.13 vs printed 5,445,461.13 ; v4: 5,596,048.89 vs printed 5,596,048.89"
2020,FY2020,GENERAL GOVERNMENT,Continuity of Operations Grant,31,,FISCAL YEAR ENDING 6/30/20 ; FORWARD | TOTAL | TOTAL | BALANCE FWD ; PROGRAM NAME | 7/1/2019 | RECEIPTS | DISBURSEMENTS | 7/1/2020 ; GENERAL GOVERNMENT,0.00,35000.00,,35000.00,,,3,,one cell missing; derivable from the row itself,"v3 = 0.00, from this fund's own other three columns",2,check failed,"v1: 4,604,798.33 vs printed 4,576,323.49 (+28,474.84) ; v3: 5,445,461.13 vs printed 5,445,461.13 ; v4: 5,596,048.89 vs printed 5,596,048.89"
2020,FY2020,GENERAL GOVERNMENT,Financial Trend Monitoring Grant,31,yes,FISCAL YEAR ENDING 6/30/20 ; FORWARD | TOTAL | TOTAL | BALANCE FWD ; PROGRAM NAME | 7/1/2019 | RECEIPTS | DISBURSEMENTS | 7/1/2020 ; GENERAL GOVERNMENT,0.00,15000.00,,15000.00,,,3,,subtotal: equals the 2 rows above it,,2,check failed,"v1: 4,604,798.33 vs printed 4,576,323.49 (+28,474.84) ; v3: 5,445,461.13 vs printed 5,445,461.13 ; v4: 5,596,048.89 vs printed 5,596,048.89"
2020,FY2020,SCHOOL DEPARTMENT,School Lunch,31,,FISCAL YEAR ENDING 6/30/20 ; FORWARD | TOTAL | TOTAL | BALANCE FWD ; PROGRAM NAME | 7/1/2019 | RECEIPTS | DISBURSEMENTS | 7/1/2020 ; GENERAL GOVERNMENT,59320.25,372756.33,303253.98,128822.60,,,4,,fund balances: forward + receipts - disbursements = carried forward,,2,check failed,"v1: 4,604,798.33 vs printed 4,576,323.49 (+28,474.84) ; v3: 5,445,461.13 vs printed 5,445,461.13 ; v4: 5,596,048.89 vs printed 5,596,048.89"
2020,FY2020,SCHOOL DEPARTMENT,Title | #305,31,,FISCAL YEAR ENDING 6/30/20 ; FORWARD | TOTAL | TOTAL | BALANCE FWD ; PROGRAM NAME | 7/1/2019 | RECEIPTS | DISBURSEMENTS | 7/1/2020 ; GENERAL GOVERNMENT,5019.53,121983.00,124169.19,2833.34,,,4,,fund balances: forward + receipts - disbursements = carried forward,,2,check failed,"v1: 4,604,798.33 vs printed 4,576,323.49 (+28,474.84) ; v3: 5,445,461.13 vs printed 5,445,461.13 ; v4: 5,596,048.89 vs printed 5,596,048.89"
2020,FY2020,SCHOOL DEPARTMENT,PL 94-142 #240,31,,FISCAL YEAR ENDING 6/30/20 ; FORWARD | TOTAL | TOTAL | BALANCE FWD ; PROGRAM NAME | 7/1/2019 | RECEIPTS | DISBURSEMENTS | 7/1/2020 ; GENERAL GOVERNMENT,1094.63,312769.00,322593.42,-8729.79,,,4,,fund balances: forward + receipts - disbursements = carried forward,,2,check failed,"v1: 4,604,798.33 vs printed 4,576,323.49 (+28,474.84) ; v3: 5,445,461.13 vs printed 5,445,461.13 ; v4: 5,596,048.89 vs printed 5,596,048.89"
2020,FY2020,SCHOOL DEPARTMENT,United Way Venture,31,,FISCAL YEAR ENDING 6/30/20 ; FORWARD | TOTAL | TOTAL | BALANCE FWD ; PROGRAM NAME | 7/1/2019 | RECEIPTS | DISBURSEMENTS | 7/1/2020 ; GENERAL GOVERNMENT,40.42,,,40.42,,,2,,,,2,check failed,"v1: 4,604,798.33 vs printed 4,576,323.49 (+28,474.84) ; v3: 5,445,461.13 vs printed 5,445,461.13 ; v4: 5,596,048.89 vs printed 5,596,048.89"
2020,FY2020,SCHOOL DEPARTMENT,Recovery for Lost Books,31,,FISCAL YEAR ENDING 6/30/20 ; FORWARD | TOTAL | TOTAL | BALANCE FWD ; PROGRAM NAME | 7/1/2019 | RECEIPTS | DISBURSEMENTS | 7/1/2020 ; GENERAL GOVERNMENT,10352.77,2704.25,,13057.02,,,3,,one cell missing; derivable from the row itself,"v3 = 0.00, from this fund's own other three columns",2,check failed,"v1: 4,604,798.33 vs printed 4,576,323.49 (+28,474.84) ; v3: 5,445,461.13 vs printed 5,445,461.13 ; v4: 5,596,048.89 vs printed 5,596,048.89"
2020,FY2020,SCHOOL DEPARTMENT,Chapter 658 School Athletics,31,,FISCAL YEAR ENDING 6/30/20 ; FORWARD | TOTAL | TOTAL | BALANCE FWD ; PROGRAM NAME | 7/1/2019 | RECEIPTS | DISBURSEMENTS | 7/1/2020 ; GENERAL GOVERNMENT,69425.40,127865.38,98914.37,98376.41,,,4,,fund balances: forward + receipts - disbursements = carried forward,,2,check failed,"v1: 4,604,798.33 vs printed 4,576,323.49 (+28,474.84) ; v3: 5,445,461.13 vs printed 5,445,461.13 ; v4: 5,596,048.89 vs printed 5,596,048.89"
2020,FY2020,SCHOOL DEPARTMENT,After School Activities,31,,FISCAL YEAR ENDING 6/30/20 ; FORWARD | TOTAL | TOTAL | BALANCE FWD ; PROGRAM NAME | 7/1/2019 | RECEIPTS | DISBURSEMENTS | 7/1/2020 ; GENERAL GOVERNMENT,158296.52,109579.10,133557.78,134317.84,,,4,,fund balances: forward + receipts - disbursements = carried forward,,2,check failed,"v1: 4,604,798.33 vs printed 4,576,323.49 (+28,474.84) ; v3: 5,445,461.13 vs printed 5,445,461.13 ; v4: 5,596,048.89 vs printed 5,596,048.89"
2020,FY2020,SCHOOL DEPARTMENT,School Facilities Use,31,,FISCAL YEAR ENDING 6/30/20 ; FORWARD | TOTAL | TOTAL | BALANCE FWD ; PROGRAM NAME | 7/1/2019 | RECEIPTS | DISBURSEMENTS | 7/1/2020 ; GENERAL GOVERNMENT,29075.55,18632.64,5850.00,41858.19,,,4,,fund balances: forward + receipts - disbursements = carried forward,,2,check failed,"v1: 4,604,798.33 vs printed 4,576,323.49 (+28,474.84) ; v3: 5,445,461.13 vs printed 5,445,461.13 ; v4: 5,596,048.89 vs printed 5,596,048.89"
2020,FY2020,SCHOOL DEPARTMENT,Adult Education,31,,FISCAL YEAR ENDING 6/30/20 ; FORWARD | TOTAL | TOTAL | BALANCE FWD ; PROGRAM NAME | 7/1/2019 | RECEIPTS | DISBURSEMENTS | 7/1/2020 ; GENERAL GOVERNMENT,5723.75,8028.00,5059.00,8692.75,,,4,,fund balances: forward + receipts - disbursements = carried forward,,2,check failed,"v1: 4,604,798.33 vs printed 4,576,323.49 (+28,474.84) ; v3: 5,445,461.13 vs printed 5,445,461.13 ; v4: 5,596,048.89 vs printed 5,596,048.89"
2020,FY2020,SCHOOL DEPARTMENT,Summer School Program,31,,FISCAL YEAR ENDING 6/30/20 ; FORWARD | TOTAL | TOTAL | BALANCE FWD ; PROGRAM NAME | 7/1/2019 | RECEIPTS | DISBURSEMENTS | 7/1/2020 ; GENERAL GOVERNMENT,340.00,,,340.00,,,2,,,,2,check failed,"v1: 4,604,798.33 vs printed 4,576,323.49 (+28,474.84) ; v3: 5,445,461.13 vs printed 5,445,461.13 ; v4: 5,596,048.89 vs printed 5,596,048.89"
2020,FY2020,SCHOOL DEPARTMENT,School Choice,31,,FISCAL YEAR ENDING 6/30/20 ; FORWARD | TOTAL | TOTAL | BALANCE FWD ; PROGRAM NAME | 7/1/2019 | RECEIPTS | DISBURSEMENTS | 7/1/2020 ; GENERAL GOVERNMENT,329505.67,196219.00,28845.48,496879.19,,,4,,fund balances: forward + receipts - disbursements = carried forward,,2,check failed,"v1: 4,604,798.33 vs printed 4,576,323.49 (+28,474.84) ; v3: 5,445,461.13 vs printed 5,445,461.13 ; v4: 5,596,048.89 vs printed 5,596,048.89"
2020,FY2020,SCHOOL DEPARTMENT,School Gift Fund,31,,FISCAL YEAR ENDING 6/30/20 ; FORWARD | TOTAL | TOTAL | BALANCE FWD ; PROGRAM NAME | 7/1/2019 | RECEIPTS | DISBURSEMENTS | 7/1/2020 ; GENERAL GOVERNMENT,39565.14,36049.45,28754.32,46860.27,,,4,,fund balances: forward + receipts - disbursements = carried forward,,2,check failed,"v1: 4,604,798.33 vs printed 4,576,323.49 (+28,474.84) ; v3: 5,445,461.13 vs printed 5,445,461.13 ; v4: 5,596,048.89 vs printed 5,596,048.89"
2020,FY2020,SCHOOL DEPARTMENT,Greenthumb Revolving,31,,FISCAL YEAR ENDING 6/30/20 ; FORWARD | TOTAL | TOTAL | BALANCE FWD ; PROGRAM NAME | 7/1/2019 | RECEIPTS | DISBURSEMENTS | 7/1/2020 ; GENERAL GOVERNMENT,1457.77,,,1457.77,,,2,,,,2,check failed,"v1: 4,604,798.33 vs printed 4,576,323.49 (+28,474.84) ; v3: 5,445,461.13 vs printed 5,445,461.13 ; v4: 5,596,048.89 vs printed 5,596,048.89"
2020,FY2020,SCHOOL DEPARTMENT,Custodian Special Details,31,,FISCAL YEAR ENDING 6/30/20 ; FORWARD | TOTAL | TOTAL | BALANCE FWD ; PROGRAM NAME | 7/1/2019 | RECEIPTS | DISBURSEMENTS | 7/1/2020 ; GENERAL GOVERNMENT,3354.09,8670.86,8504.40,3520.55,,,4,,fund balances: forward + receipts - disbursements = carried forward,,2,check failed,"v1: 4,604,798.33 vs printed 4,576,323.49 (+28,474.84) ; v3: 5,445,461.13 vs printed 5,445,461.13 ; v4: 5,596,048.89 vs printed 5,596,048.89"
2020,FY2020,SCHOOL DEPARTMENT,,31,,FISCAL YEAR ENDING 6/30/20 ; FORWARD | TOTAL | TOTAL | BALANCE FWD ; PROGRAM NAME | 7/1/2019 | RECEIPTS | DISBURSEMENTS | 7/1/2020 ; GENERAL GOVERNMENT,31.00,,,,,,1,,,,2,check failed,"v1: 4,604,798.33 vs printed 4,576,323.49 (+28,474.84) ; v3: 5,445,461.13 vs printed 5,445,461.13 ; v4: 5,596,048.89 vs printed 5,596,048.89"
2020,FY2020,SCHOOL DEPARTMENT,Tech Prep Consortium,32,,FISCAL YEAR ENDING 6/30/20 ; FORWARD | TOTAL | TOTAL | BALANCE FWD ; PROGRAM NAME | 7/1/2019 | RECEIPTS | DISBURSEMENTS | 7/1/2020 ; GENERAL GOVERNMENT,1450.00,,,1450.00,,,2,,,,2,check failed,"v1: 4,604,798.33 vs printed 4,576,323.49 (+28,474.84) ; v3: 5,445,461.13 vs printed 5,445,461.13 ; v4: 5,596,048.89 vs printed 5,596,048.89"
2020,FY2020,SCHOOL DEPARTMENT,BC/BS Healthy Choices,32,,FISCAL YEAR ENDING 6/30/20 ; FORWARD | TOTAL | TOTAL | BALANCE FWD ; PROGRAM NAME | 7/1/2019 | RECEIPTS | DISBURSEMENTS | 7/1/2020 ; GENERAL GOVERNMENT,94.65,,,94.65,,,2,,,,2,check failed,"v1: 4,604,798.33 vs printed 4,576,323.49 (+28,474.84) ; v3: 5,445,461.13 vs printed 5,445,461.13 ; v4: 5,596,048.89 vs printed 5,596,048.89"
2020,FY2020,SCHOOL DEPARTMENT,50/50 Grant Sped Tuitions,32,,FISCAL YEAR ENDING 6/30/20 ; FORWARD | TOTAL | TOTAL | BALANCE FWD ; PROGRAM NAME | 7/1/2019 | RECEIPTS | DISBURSEMENTS | 7/1/2020 ; GENERAL GOVERNMENT,430958.00,600500.00,549454.00,482004.00,,,4,,fund balances: forward + receipts - disbursements = carried forward,,2,check failed,"v1: 4,604,798.33 vs printed 4,576,323.49 (+28,474.84) ; v3: 5,445,461.13 vs printed 5,445,461.13 ; v4: 5,596,048.89 vs printed 5,596,048.89"
2020,FY2020,SCHOOL DEPARTMENT,Insurance Recoveries - School,32,,FISCAL YEAR ENDING 6/30/20 ; FORWARD | TOTAL | TOTAL | BALANCE FWD ; PROGRAM NAME | 7/1/2019 | RECEIPTS | DISBURSEMENTS | 7/1/2020 ; GENERAL GOVERNMENT,1298.66,8889.00,8889.00,1298.66,,,4,,fund balances: forward + receipts - disbursements = carried forward,,2,check failed,"v1: 4,604,798.33 vs printed 4,576,323.49 (+28,474.84) ; v3: 5,445,461.13 vs printed 5,445,461.13 ; v4: 5,596,048.89 vs printed 5,596,048.89"
2020,FY2020,SCHOOL DEPARTMENT,Extended Day Revolving Fund,32,,FISCAL YEAR ENDING 6/30/20 ; FORWARD | TOTAL | TOTAL | BALANCE FWD ; PROGRAM NAME | 7/1/2019 | RECEIPTS | DISBURSEMENTS | 7/1/2020 ; GENERAL GOVERNMENT,31198.94,281944.55,203286.86,109856.63,,,4,,fund balances: forward + receipts - disbursements = carried forward,,2,check failed,"v1: 4,604,798.33 vs printed 4,576,323.49 (+28,474.84) ; v3: 5,445,461.13 vs printed 5,445,461.13 ; v4: 5,596,048.89 vs printed 5,596,048.89"
2020,FY2020,SCHOOL DEPARTMENT,Vending Machine Revolving,32,,FISCAL YEAR ENDING 6/30/20 ; FORWARD | TOTAL | TOTAL | BALANCE FWD ; PROGRAM NAME | 7/1/2019 | RECEIPTS | DISBURSEMENTS | 7/1/2020 ; GENERAL GOVERNMENT,1954.71,,,1954.71,,,2,,,,2,check failed,"v1: 4,604,798.33 vs printed 4,576,323.49 (+28,474.84) ; v3: 5,445,461.13 vs printed 5,445,461.13 ; v4: 5,596,048.89 vs printed 5,596,048.89"
2020,FY2020,SCHOOL DEPARTMENT,Monbouquette Award,32,,FISCAL YEAR ENDING 6/30/20 ; FORWARD | TOTAL | TOTAL | BALANCE FWD ; PROGRAM NAME | 7/1/2019 | RECEIPTS | DISBURSEMENTS | 7/1/2020 ; GENERAL GOVERNMENT,3.81,,,3.81,,,2,,,,2,check failed,"v1: 4,604,798.33 vs printed 4,576,323.49 (+28,474.84) ; v3: 5,445,461.13 vs printed 5,445,461.13 ; v4: 5,596,048.89 vs printed 5,596,048.89"
2020,FY2020,SCHOOL DEPARTMENT,Tufts University Heat Grant,32,,FISCAL YEAR ENDING 6/30/20 ; FORWARD | TOTAL | TOTAL | BALANCE FWD ; PROGRAM NAME | 7/1/2019 | RECEIPTS | DISBURSEMENTS | 7/1/2020 ; GENERAL GOVERNMENT,113.45,,,113.45,,,2,,,,2,check failed,"v1: 4,604,798.33 vs printed 4,576,323.49 (+28,474.84) ; v3: 5,445,461.13 vs printed 5,445,461.13 ; v4: 5,596,048.89 vs printed 5,596,048.89"
2020,FY2020,SCHOOL DEPARTMENT,Underground Storage Tank Grant,32,,FISCAL YEAR ENDING 6/30/20 ; FORWARD | TOTAL | TOTAL | BALANCE FWD ; PROGRAM NAME | 7/1/2019 | RECEIPTS | DISBURSEMENTS | 7/1/2020 ; GENERAL GOVERNMENT,1500.00,,,1500.00,,,2,,,,2,check failed,"v1: 4,604,798.33 vs printed 4,576,323.49 (+28,474.84) ; v3: 5,445,461.13 vs printed 5,445,461.13 ; v4: 5,596,048.89 vs printed 5,596,048.89"
2020,FY2020,SCHOOL DEPARTMENT,Hach Scientific Foundation Grant,32,,FISCAL YEAR ENDING 6/30/20 ; FORWARD | TOTAL | TOTAL | BALANCE FWD ; PROGRAM NAME | 7/1/2019 | RECEIPTS | DISBURSEMENTS | 7/1/2020 ; GENERAL GOVERNMENT,90.61,,,90.61,,,2,,,,2,check failed,"v1: 4,604,798.33 vs printed 4,576,323.49 (+28,474.84) ; v3: 5,445,461.13 vs printed 5,445,461.13 ; v4: 5,596,048.89 vs printed 5,596,048.89"
2020,FY2020,SCHOOL DEPARTMENT,Family Network Gift Fund,32,,FISCAL YEAR ENDING 6/30/20 ; FORWARD | TOTAL | TOTAL | BALANCE FWD ; PROGRAM NAME | 7/1/2019 | RECEIPTS | DISBURSEMENTS | 7/1/2020 ; GENERAL GOVERNMENT,2713.64,,245.00,2468.64,,,3,,one cell missing; derivable from the row itself,"v2 = 0.00, from this fund's own other three columns",2,check failed,"v1: 4,604,798.33 vs printed 4,576,323.49 (+28,474.84) ; v3: 5,445,461.13 vs printed 5,445,461.13 ; v4: 5,596,048.89 vs printed 5,596,048.89"
2020,FY2020,SCHOOL DEPARTMENT,EECG Energy Efficiency Grant,32,,FISCAL YEAR ENDING 6/30/20 ; FORWARD | TOTAL | TOTAL | BALANCE FWD ; PROGRAM NAME | 7/1/2019 | RECEIPTS | DISBURSEMENTS | 7/1/2020 ; GENERAL GOVERNMENT,298.05,0.12,,298.17,,,3,,one cell missing; derivable from the row itself,"v3 = 0.00, from this fund's own other three columns",2,check failed,"v1: 4,604,798.33 vs printed 4,576,323.49 (+28,474.84) ; v3: 5,445,461.13 vs printed 5,445,461.13 ; v4: 5,596,048.89 vs printed 5,596,048.89"
2020,FY2020,SCHOOL DEPARTMENT,Regional Dissemination Grant,32,,FISCAL YEAR ENDING 6/30/20 ; FORWARD | TOTAL | TOTAL | BALANCE FWD ; PROGRAM NAME | 7/1/2019 | RECEIPTS | DISBURSEMENTS | 7/1/2020 ; GENERAL GOVERNMENT,35.00,,,35.00,,,2,,,,2,check failed,"v1: 4,604,798.33 vs printed 4,576,323.49 (+28,474.84) ; v3: 5,445,461.13 vs printed 5,445,461.13 ; v4: 5,596,048.89 vs printed 5,596,048.89"
2020,FY2020,SCHOOL DEPARTMENT,Early Childhood Grant #262,32,,FISCAL YEAR ENDING 6/30/20 ; FORWARD | TOTAL | TOTAL | BALANCE FWD ; PROGRAM NAME | 7/1/2019 | RECEIPTS | DISBURSEMENTS | 7/1/2020 ; GENERAL GOVERNMENT,0.00,12303.00,12303.00,0.00,,,4,,fund balances: forward + receipts - disbursements = carried forward,,2,check failed,"v1: 4,604,798.33 vs printed 4,576,323.49 (+28,474.84) ; v3: 5,445,461.13 vs printed 5,445,461.13 ; v4: 5,596,048.89 vs printed 5,596,048.89"
2020,FY2020,SCHOOL DEPARTMENT,Program Improvement Grant #274,32,,FISCAL YEAR ENDING 6/30/20 ; FORWARD | TOTAL | TOTAL | BALANCE FWD ; PROGRAM NAME | 7/1/2019 | RECEIPTS | DISBURSEMENTS | 7/1/2020 ; GENERAL GOVERNMENT,43.00,,,43.00,,,2,,,,2,check failed,"v1: 4,604,798.33 vs printed 4,576,323.49 (+28,474.84) ; v3: 5,445,461.13 vs printed 5,445,461.13 ; v4: 5,596,048.89 vs printed 5,596,048.89"
2020,FY2020,SCHOOL DEPARTMENT,Teacher Quality #140,32,,FISCAL YEAR ENDING 6/30/20 ; FORWARD | TOTAL | TOTAL | BALANCE FWD ; PROGRAM NAME | 7/1/2019 | RECEIPTS | DISBURSEMENTS | 7/1/2020 ; GENERAL GOVERNMENT,-28671.24,60464.00,31793.00,-0.24,,,4,yes,fund balances: forward + receipts - disbursements = carried forward,,2,check failed,"v1: 4,604,798.33 vs printed 4,576,323.49 (+28,474.84) ; v3: 5,445,461.13 vs printed 5,445,461.13 ; v4: 5,596,048.89 vs printed 5,596,048.89"
2020,FY2020,SCHOOL DEPARTMENT,Family & Community Grant #237,32,,FISCAL YEAR ENDING 6/30/20 ; FORWARD | TOTAL | TOTAL | BALANCE FWD ; PROGRAM NAME | 7/1/2019 | RECEIPTS | DISBURSEMENTS | 7/1/2020 ; GENERAL GOVERNMENT,0.00,45700.00,45700.00,0.00,,,4,,fund balances: forward + receipts - disbursements = carried forward,,2,check failed,"v1: 4,604,798.33 vs printed 4,576,323.49 (+28,474.84) ; v3: 5,445,461.13 vs printed 5,445,461.13 ; v4: 5,596,048.89 vs printed 5,596,048.89"
2020,FY2020,SCHOOL DEPARTMENT,Displaced Students - Puerto Rico,32,,FISCAL YEAR ENDING 6/30/20 ; FORWARD | TOTAL | TOTAL | BALANCE FWD ; PROGRAM NAME | 7/1/2019 | RECEIPTS | DISBURSEMENTS | 7/1/2020 ; GENERAL GOVERNMENT,10660.63,,,10660.63,,,2,,,,2,check failed,"v1: 4,604,798.33 vs printed 4,576,323.49 (+28,474.84) ; v3: 5,445,461.13 vs printed 5,445,461.13 ; v4: 5,596,048.89 vs printed 5,596,048.89"
2020,FY2020,SCHOOL DEPARTMENT,Title IV - Part A #309,32,,FISCAL YEAR ENDING 6/30/20 ; FORWARD | TOTAL | TOTAL | BALANCE FWD ; PROGRAM NAME | 7/1/2019 | RECEIPTS | DISBURSEMENTS | 7/1/2020 ; GENERAL GOVERNMENT,-3371.01,21056.00,15626.30,2058.69,,,4,,fund balances: forward + receipts - disbursements = carried forward,,2,check failed,"v1: 4,604,798.33 vs printed 4,576,323.49 (+28,474.84) ; v3: 5,445,461.13 vs printed 5,445,461.13 ; v4: 5,596,048.89 vs printed 5,596,048.89"
2020,FY2020,SCHOOL DEPARTMENT,Early Grades Literacy #734,32,,FISCAL YEAR ENDING 6/30/20 ; FORWARD | TOTAL | TOTAL | BALANCE FWD ; PROGRAM NAME | 7/1/2019 | RECEIPTS | DISBURSEMENTS | 7/1/2020 ; GENERAL GOVERNMENT,-5870.00,34422.00,36833.00,-8281.00,,,4,,fund balances: forward + receipts - disbursements = carried forward,,2,check failed,"v1: 4,604,798.33 vs printed 4,576,323.49 (+28,474.84) ; v3: 5,445,461.13 vs printed 5,445,461.13 ; v4: 5,596,048.89 vs printed 5,596,048.89"
2020,FY2020,SCHOOL DEPARTMENT,Comprehensive School Health,32,,FISCAL YEAR ENDING 6/30/20 ; FORWARD | TOTAL | TOTAL | BALANCE FWD ; PROGRAM NAME | 7/1/2019 | RECEIPTS | DISBURSEMENTS | 7/1/2020 ; GENERAL GOVERNMENT,0.00,3000.00,2015.62,984.38,,,4,,fund balances: forward + receipts - disbursements = carried forward,,2,check failed,"v1: 4,604,798.33 vs printed 4,576,323.49 (+28,474.84) ; v3: 5,445,461.13 vs printed 5,445,461.13 ; v4: 5,596,048.89 vs printed 5,596,048.89"
2020,FY2020,SCHOOL DEPARTMENT,Interface Referral Gift Fund,32,,FISCAL YEAR ENDING 6/30/20 ; FORWARD | TOTAL | TOTAL | BALANCE FWD ; PROGRAM NAME | 7/1/2019 | RECEIPTS | DISBURSEMENTS | 7/1/2020 ; GENERAL GOVERNMENT,3295.00,,,3295.00,,,2,,,,2,check failed,"v1: 4,604,798.33 vs printed 4,576,323.49 (+28,474.84) ; v3: 5,445,461.13 vs printed 5,445,461.13 ; v4: 5,596,048.89 vs printed 5,596,048.89"
2020,FY2020,SCHOOL DEPARTMENT,Safer Schools Grant,32,,FISCAL YEAR ENDING 6/30/20 ; FORWARD | TOTAL | TOTAL | BALANCE FWD ; PROGRAM NAME | 7/1/2019 | RECEIPTS | DISBURSEMENTS | 7/1/2020 ; GENERAL GOVERNMENT,0.00,98968.92,48968.92,50000.00,,,4,,fund balances: forward + receipts - disbursements = carried forward,,2,check failed,"v1: 4,604,798.33 vs printed 4,576,323.49 (+28,474.84) ; v3: 5,445,461.13 vs printed 5,445,461.13 ; v4: 5,596,048.89 vs printed 5,596,048.89"
2020,FY2020,PUBLIC SAFETY,Insurance Recoveries - Police,32,,FISCAL YEAR ENDING 6/30/20 ; FORWARD | TOTAL | TOTAL | BALANCE FWD ; PROGRAM NAME | 7/1/2019 | RECEIPTS | DISBURSEMENTS | 7/1/2020 ; GENERAL GOVERNMENT,4201.05,,,4201.05,,,2,,,,2,check failed,"v1: 4,604,798.33 vs printed 4,576,323.49 (+28,474.84) ; v3: 5,445,461.13 vs printed 5,445,461.13 ; v4: 5,596,048.89 vs printed 5,596,048.89"
2020,FY2020,PUBLIC SAFETY,Community Policing FY 96,32,,FISCAL YEAR ENDING 6/30/20 ; FORWARD | TOTAL | TOTAL | BALANCE FWD ; PROGRAM NAME | 7/1/2019 | RECEIPTS | DISBURSEMENTS | 7/1/2020 ; GENERAL GOVERNMENT,6.55,,,6.55,,,2,,,,2,check failed,"v1: 4,604,798.33 vs printed 4,576,323.49 (+28,474.84) ; v3: 5,445,461.13 vs printed 5,445,461.13 ; v4: 5,596,048.89 vs printed 5,596,048.89"
2020,FY2020,PUBLIC SAFETY,Community Policing FY 97,32,,FISCAL YEAR ENDING 6/30/20 ; FORWARD | TOTAL | TOTAL | BALANCE FWD ; PROGRAM NAME | 7/1/2019 | RECEIPTS | DISBURSEMENTS | 7/1/2020 ; GENERAL GOVERNMENT,1.97,,,1.97,,,2,,,,2,check failed,"v1: 4,604,798.33 vs printed 4,576,323.49 (+28,474.84) ; v3: 5,445,461.13 vs printed 5,445,461.13 ; v4: 5,596,048.89 vs printed 5,596,048.89"
2020,FY2020,PUBLIC SAFETY,Community Policing FY 98,32,,FISCAL YEAR ENDING 6/30/20 ; FORWARD | TOTAL | TOTAL | BALANCE FWD ; PROGRAM NAME | 7/1/2019 | RECEIPTS | DISBURSEMENTS | 7/1/2020 ; GENERAL GOVERNMENT,0.66,,,0.66,,,2,,,,2,check failed,"v1: 4,604,798.33 vs printed 4,576,323.49 (+28,474.84) ; v3: 5,445,461.13 vs printed 5,445,461.13 ; v4: 5,596,048.89 vs printed 5,596,048.89"
2020,FY2020,PUBLIC SAFETY,Drug Forfeiture,32,,FISCAL YEAR ENDING 6/30/20 ; FORWARD | TOTAL | TOTAL | BALANCE FWD ; PROGRAM NAME | 7/1/2019 | RECEIPTS | DISBURSEMENTS | 7/1/2020 ; GENERAL GOVERNMENT,4220.52,,1750.00,2470.52,,,3,,one cell missing; derivable from the row itself,"v2 = -0.00, from this fund's own other three columns",2,check failed,"v1: 4,604,798.33 vs printed 4,576,323.49 (+28,474.84) ; v3: 5,445,461.13 vs printed 5,445,461.13 ; v4: 5,596,048.89 vs printed 5,596,048.89"
2020,FY2020,PUBLIC SAFETY,D.A.R.E. Grant FY 97,32,,FISCAL YEAR ENDING 6/30/20 ; FORWARD | TOTAL | TOTAL | BALANCE FWD ; PROGRAM NAME | 7/1/2019 | RECEIPTS | DISBURSEMENTS | 7/1/2020 ; GENERAL GOVERNMENT,34.85,,,34.85,,,2,,,,2,check failed,"v1: 4,604,798.33 vs printed 4,576,323.49 (+28,474.84) ; v3: 5,445,461.13 vs printed 5,445,461.13 ; v4: 5,596,048.89 vs printed 5,596,048.89"
2020,FY2020,PUBLIC SAFETY,D.A.R.E. I Grant FY 97,32,,FISCAL YEAR ENDING 6/30/20 ; FORWARD | TOTAL | TOTAL | BALANCE FWD ; PROGRAM NAME | 7/1/2019 | RECEIPTS | DISBURSEMENTS | 7/1/2020 ; GENERAL GOVERNMENT,0.25,,,0.25,,,2,,,,2,check failed,"v1: 4,604,798.33 vs printed 4,576,323.49 (+28,474.84) ; v3: 5,445,461.13 vs printed 5,445,461.13 ; v4: 5,596,048.89 vs printed 5,596,048.89"
2020,FY2020,PUBLIC SAFETY,Community Policing,32,,FISCAL YEAR ENDING 6/30/20 ; FORWARD | TOTAL | TOTAL | BALANCE FWD ; PROGRAM NAME | 7/1/2019 | RECEIPTS | DISBURSEMENTS | 7/1/2020 ; GENERAL GOVERNMENT,2291.12,,,2291.12,,,2,,,,2,check failed,"v1: 4,604,798.33 vs printed 4,576,323.49 (+28,474.84) ; v3: 5,445,461.13 vs printed 5,445,461.13 ; v4: 5,596,048.89 vs printed 5,596,048.89"
2020,FY2020,PUBLIC SAFETY,,32,,FISCAL YEAR ENDING 6/30/20 ; FORWARD | TOTAL | TOTAL | BALANCE FWD ; PROGRAM NAME | 7/1/2019 | RECEIPTS | DISBURSEMENTS | 7/1/2020 ; GENERAL GOVERNMENT,32.00,,,,,,1,,,,2,check failed,"v1: 4,604,798.33 vs printed 4,576,323.49 (+28,474.84) ; v3: 5,445,461.13 vs printed 5,445,461.13 ; v4: 5,596,048.89 vs printed 5,596,048.89"
2020,FY2020,PUBLIC SAFETY,Cops Universal Hiring,33,,FISCAL YEAR ENDING 6/30/20 ; FORWARD | TOTAL | TOTAL | BALANCE FWD ; PROGRAM NAME | 7/1/2019 | RECEIPTS | DISBURSEMENTS | 7/1/2020 ; GENERAL GOVERNMENT,1289.84,,,1289.84,,,2,,,,2,check failed,"v1: 4,604,798.33 vs printed 4,576,323.49 (+28,474.84) ; v3: 5,445,461.13 vs printed 5,445,461.13 ; v4: 5,596,048.89 vs printed 5,596,048.89"
2020,FY2020,PUBLIC SAFETY,Protective Order Grant Program,33,,FISCAL YEAR ENDING 6/30/20 ; FORWARD | TOTAL | TOTAL | BALANCE FWD ; PROGRAM NAME | 7/1/2019 | RECEIPTS | DISBURSEMENTS | 7/1/2020 ; GENERAL GOVERNMENT,135.15,,,135.15,,,2,,,,2,check failed,"v1: 4,604,798.33 vs printed 4,576,323.49 (+28,474.84) ; v3: 5,445,461.13 vs printed 5,445,461.13 ; v4: 5,596,048.89 vs printed 5,596,048.89"
2020,FY2020,PUBLIC SAFETY,Walmart Grant - Police Dept.,33,,FISCAL YEAR ENDING 6/30/20 ; FORWARD | TOTAL | TOTAL | BALANCE FWD ; PROGRAM NAME | 7/1/2019 | RECEIPTS | DISBURSEMENTS | 7/1/2020 ; GENERAL GOVERNMENT,1000.00,,,1000.00,,,2,,,,2,check failed,"v1: 4,604,798.33 vs printed 4,576,323.49 (+28,474.84) ; v3: 5,445,461.13 vs printed 5,445,461.13 ; v4: 5,596,048.89 vs printed 5,596,048.89"
2020,FY2020,PUBLIC SAFETY,Firefighter PS Equipment Grant,33,,FISCAL YEAR ENDING 6/30/20 ; FORWARD | TOTAL | TOTAL | BALANCE FWD ; PROGRAM NAME | 7/1/2019 | RECEIPTS | DISBURSEMENTS | 7/1/2020 ; GENERAL GOVERNMENT,30.00,,,30.00,,,2,,,,2,check failed,"v1: 4,604,798.33 vs printed 4,576,323.49 (+28,474.84) ; v3: 5,445,461.13 vs printed 5,445,461.13 ; v4: 5,596,048.89 vs printed 5,596,048.89"
2020,FY2020,PUBLIC SAFETY,Firefighter Safety Equipment Grant,33,,FISCAL YEAR ENDING 6/30/20 ; FORWARD | TOTAL | TOTAL | BALANCE FWD ; PROGRAM NAME | 7/1/2019 | RECEIPTS | DISBURSEMENTS | 7/1/2020 ; GENERAL GOVERNMENT,9.84,,,9.84,,,2,,,,2,check failed,"v1: 4,604,798.33 vs printed 4,576,323.49 (+28,474.84) ; v3: 5,445,461.13 vs printed 5,445,461.13 ; v4: 5,596,048.89 vs printed 5,596,048.89"
2020,FY2020,PUBLIC SAFETY,State 911 Grant - Fire Dept.,33,,FISCAL YEAR ENDING 6/30/20 ; FORWARD | TOTAL | TOTAL | BALANCE FWD ; PROGRAM NAME | 7/1/2019 | RECEIPTS | DISBURSEMENTS | 7/1/2020 ; GENERAL GOVERNMENT,7.00,,,7.00,,,2,,,,2,check failed,"v1: 4,604,798.33 vs printed 4,576,323.49 (+28,474.84) ; v3: 5,445,461.13 vs printed 5,445,461.13 ; v4: 5,596,048.89 vs printed 5,596,048.89"
2020,FY2020,PUBLIC SAFETY,Police/Fire Special Details,33,,FISCAL YEAR ENDING 6/30/20 ; FORWARD | TOTAL | TOTAL | BALANCE FWD ; PROGRAM NAME | 7/1/2019 | RECEIPTS | DISBURSEMENTS | 7/1/2020 ; GENERAL GOVERNMENT,16109.78,253803.81,258386.69,11526.90,,,4,,fund balances: forward + receipts - disbursements = carried forward,,2,check failed,"v1: 4,604,798.33 vs printed 4,576,323.49 (+28,474.84) ; v3: 5,445,461.13 vs printed 5,445,461.13 ; v4: 5,596,048.89 vs printed 5,596,048.89"
2020,FY2020,PUBLIC SAFETY,Coastal/Patriot Ambulance Revolving,33,,FISCAL YEAR ENDING 6/30/20 ; FORWARD | TOTAL | TOTAL | BALANCE FWD ; PROGRAM NAME | 7/1/2019 | RECEIPTS | DISBURSEMENTS | 7/1/2020 ; GENERAL GOVERNMENT,579.06,82870.85,82870.85,579.06,,,4,,fund balances: forward + receipts - disbursements = carried forward,,2,check failed,"v1: 4,604,798.33 vs printed 4,576,323.49 (+28,474.84) ; v3: 5,445,461.13 vs printed 5,445,461.13 ; v4: 5,596,048.89 vs printed 5,596,048.89"
2020,FY2020,PUBLIC SAFETY,Firefighter Equipment Grant - FY05,33,,FISCAL YEAR ENDING 6/30/20 ; FORWARD | TOTAL | TOTAL | BALANCE FWD ; PROGRAM NAME | 7/1/2019 | RECEIPTS | DISBURSEMENTS | 7/1/2020 ; GENERAL GOVERNMENT,419.60,,,419.60,,,2,,,,2,check failed,"v1: 4,604,798.33 vs printed 4,576,323.49 (+28,474.84) ; v3: 5,445,461.13 vs printed 5,445,461.13 ; v4: 5,596,048.89 vs printed 5,596,048.89"
2020,FY2020,PUBLIC SAFETY,Confined Space Training,33,,FISCAL YEAR ENDING 6/30/20 ; FORWARD | TOTAL | TOTAL | BALANCE FWD ; PROGRAM NAME | 7/1/2019 | RECEIPTS | DISBURSEMENTS | 7/1/2020 ; GENERAL GOVERNMENT,1956.77,,,1956.77,,,2,,,,2,check failed,"v1: 4,604,798.33 vs printed 4,576,323.49 (+28,474.84) ; v3: 5,445,461.13 vs printed 5,445,461.13 ; v4: 5,596,048.89 vs printed 5,596,048.89"
2020,FY2020,PUBLIC SAFETY,Police NRA Foundation Grant,33,,FISCAL YEAR ENDING 6/30/20 ; FORWARD | TOTAL | TOTAL | BALANCE FWD ; PROGRAM NAME | 7/1/2019 | RECEIPTS | DISBURSEMENTS | 7/1/2020 ; GENERAL GOVERNMENT,0.10,,,0.10,,,2,,,,2,check failed,"v1: 4,604,798.33 vs printed 4,576,323.49 (+28,474.84) ; v3: 5,445,461.13 vs printed 5,445,461.13 ; v4: 5,596,048.89 vs printed 5,596,048.89"
2020,FY2020,PUBLIC SAFETY,COPS Secure Our Schools,33,,FISCAL YEAR ENDING 6/30/20 ; FORWARD | TOTAL | TOTAL | BALANCE FWD ; PROGRAM NAME | 7/1/2019 | RECEIPTS | DISBURSEMENTS | 7/1/2020 ; GENERAL GOVERNMENT,0.82,,,0.82,,,2,,,,2,check failed,"v1: 4,604,798.33 vs printed 4,576,323.49 (+28,474.84) ; v3: 5,445,461.13 vs printed 5,445,461.13 ; v4: 5,596,048.89 vs printed 5,596,048.89"
2020,FY2020,PUBLIC SAFETY,Safe Grant - Fire Department,33,,FISCAL YEAR ENDING 6/30/20 ; FORWARD | TOTAL | TOTAL | BALANCE FWD ; PROGRAM NAME | 7/1/2019 | RECEIPTS | DISBURSEMENTS | 7/1/2020 ; GENERAL GOVERNMENT,4201.96,6313.00,3728.17,6786.79,,,4,,fund balances: forward + receipts - disbursements = carried forward,,2,check failed,"v1: 4,604,798.33 vs printed 4,576,323.49 (+28,474.84) ; v3: 5,445,461.13 vs printed 5,445,461.13 ; v4: 5,596,048.89 vs printed 5,596,048.89"
2020,FY2020,PUBLIC SAFETY,GHSB Click It Or Ticket,33,,FISCAL YEAR ENDING 6/30/20 ; FORWARD | TOTAL | TOTAL | BALANCE FWD ; PROGRAM NAME | 7/1/2019 | RECEIPTS | DISBURSEMENTS | 7/1/2020 ; GENERAL GOVERNMENT,103.01,7363.70,7572.23,-105.52,,,4,,fund balances: forward + receipts - disbursements = carried forward,,2,check failed,"v1: 4,604,798.33 vs printed 4,576,323.49 (+28,474.84) ; v3: 5,445,461.13 vs printed 5,445,461.13 ; v4: 5,596,048.89 vs printed 5,596,048.89"
2020,FY2020,PUBLIC SAFETY,K-9 Grant - Stanton Foundation,33,,FISCAL YEAR ENDING 6/30/20 ; FORWARD | TOTAL | TOTAL | BALANCE FWD ; PROGRAM NAME | 7/1/2019 | RECEIPTS | DISBURSEMENTS | 7/1/2020 ; GENERAL GOVERNMENT,963.54,,,963.54,,,2,,,,2,check failed,"v1: 4,604,798.33 vs printed 4,576,323.49 (+28,474.84) ; v3: 5,445,461.13 vs printed 5,445,461.13 ; v4: 5,596,048.89 vs printed 5,596,048.89"
2020,FY2020,PUBLIC SAFETY,Federal Drug Forfeiture,33,,FISCAL YEAR ENDING 6/30/20 ; FORWARD | TOTAL | TOTAL | BALANCE FWD ; PROGRAM NAME | 7/1/2019 | RECEIPTS | DISBURSEMENTS | 7/1/2020 ; GENERAL GOVERNMENT,26291.36,29228.10,4684.04,50835.42,,,4,,fund balances: forward + receipts - disbursements = carried forward,,2,check failed,"v1: 4,604,798.33 vs printed 4,576,323.49 (+28,474.84) ; v3: 5,445,461.13 vs printed 5,445,461.13 ; v4: 5,596,048.89 vs printed 5,596,048.89"
2020,FY2020,PUBLIC SAFETY,EMPG Grant,33,,FISCAL YEAR ENDING 6/30/20 ; FORWARD | TOTAL | TOTAL | BALANCE FWD ; PROGRAM NAME | 7/1/2019 | RECEIPTS | DISBURSEMENTS | 7/1/2020 ; GENERAL GOVERNMENT,102.03,3493.46,3493.46,102.03,,,4,,fund balances: forward + receipts - disbursements = carried forward,,2,check failed,"v1: 4,604,798.33 vs printed 4,576,323.49 (+28,474.84) ; v3: 5,445,461.13 vs printed 5,445,461.13 ; v4: 5,596,048.89 vs printed 5,596,048.89"
2020,FY2020,PUBLIC SAFETY,Public Safety Gift Fund,33,,FISCAL YEAR ENDING 6/30/20 ; FORWARD | TOTAL | TOTAL | BALANCE FWD ; PROGRAM NAME | 7/1/2019 | RECEIPTS | DISBURSEMENTS | 7/1/2020 ; GENERAL GOVERNMENT,220.38,,,220.38,,,2,,,,2,check failed,"v1: 4,604,798.33 vs printed 4,576,323.49 (+28,474.84) ; v3: 5,445,461.13 vs printed 5,445,461.13 ; v4: 5,596,048.89 vs printed 5,596,048.89"
2020,FY2020,PUBLIC SAFETY,Police Gift Fund,33,,FISCAL YEAR ENDING 6/30/20 ; FORWARD | TOTAL | TOTAL | BALANCE FWD ; PROGRAM NAME | 7/1/2019 | RECEIPTS | DISBURSEMENTS | 7/1/2020 ; GENERAL GOVERNMENT,4189.10,250.00,,4439.10,,,3,,one cell missing; derivable from the row itself,"v3 = 0.00, from this fund's own other three columns",2,check failed,"v1: 4,604,798.33 vs printed 4,576,323.49 (+28,474.84) ; v3: 5,445,461.13 vs printed 5,445,461.13 ; v4: 5,596,048.89 vs printed 5,596,048.89"
2020,FY2020,PUBLIC SAFETY,Firefighter Turnout Gear Grant,33,,FISCAL YEAR ENDING 6/30/20 ; FORWARD | TOTAL | TOTAL | BALANCE FWD ; PROGRAM NAME | 7/1/2019 | RECEIPTS | DISBURSEMENTS | 7/1/2020 ; GENERAL GOVERNMENT,0.00,2500.00,2500.00,0.00,,,4,,fund balances: forward + receipts - disbursements = carried forward,,2,check failed,"v1: 4,604,798.33 vs printed 4,576,323.49 (+28,474.84) ; v3: 5,445,461.13 vs printed 5,445,461.13 ; v4: 5,596,048.89 vs printed 5,596,048.89"
2020,FY2020,PUBLIC SAFETY,"State Earmark - SCBA, Fire Department",33,,FISCAL YEAR ENDING 6/30/20 ; FORWARD | TOTAL | TOTAL | BALANCE FWD ; PROGRAM NAME | 7/1/2019 | RECEIPTS | DISBURSEMENTS | 7/1/2020 ; GENERAL GOVERNMENT,0.00,100000.00,100000.00,0.00,,,4,,fund balances: forward + receipts - disbursements = carried forward,,2,check failed,"v1: 4,604,798.33 vs printed 4,576,323.49 (+28,474.84) ; v3: 5,445,461.13 vs printed 5,445,461.13 ; v4: 5,596,048.89 vs printed 5,596,048.89"
2020,FY2020,PUBLIC SAFETY,HHS Provider Relief Fund,33,yes,FISCAL YEAR ENDING 6/30/20 ; FORWARD | TOTAL | TOTAL | BALANCE FWD ; PROGRAM NAME | 7/1/2019 | RECEIPTS | DISBURSEMENTS | 7/1/2020 ; GENERAL GOVERNMENT,0.00,7035.89,,7035.89,,,3,,subtotal: equals the 2 rows above it,,2,check failed,"v1: 4,604,798.33 vs printed 4,576,323.49 (+28,474.84) ; v3: 5,445,461.13 vs printed 5,445,461.13 ; v4: 5,596,048.89 vs printed 5,596,048.89"
2020,FY2020,PUBLIC SAFETY,Medication Disposal Grant,33,,FISCAL YEAR ENDING 6/30/20 ; FORWARD | TOTAL | TOTAL | BALANCE FWD ; PROGRAM NAME | 7/1/2019 | RECEIPTS | DISBURSEMENTS | 7/1/2020 ; GENERAL GOVERNMENT,0.00,1300.00,,1300.00,,,3,,one cell missing; derivable from the row itself,"v3 = 0.00, from this fund's own other three columns",2,check failed,"v1: 4,604,798.33 vs printed 4,576,323.49 (+28,474.84) ; v3: 5,445,461.13 vs printed 5,445,461.13 ; v4: 5,596,048.89 vs printed 5,596,048.89"
2020,FY2020,PARKS & RECREATION,Park User Fees,33,,FISCAL YEAR ENDING 6/30/20 ; FORWARD | TOTAL | TOTAL | BALANCE FWD ; PROGRAM NAME | 7/1/2019 | RECEIPTS | DISBURSEMENTS | 7/1/2020 ; GENERAL GOVERNMENT,30818.28,8516.00,6871.77,32462.51,,,4,,fund balances: forward + receipts - disbursements = carried forward,,2,check failed,"v1: 4,604,798.33 vs printed 4,576,323.49 (+28,474.84) ; v3: 5,445,461.13 vs printed 5,445,461.13 ; v4: 5,596,048.89 vs printed 5,596,048.89"
2020,FY2020,PARKS & RECREATION,Park Gift Fund,33,,FISCAL YEAR ENDING 6/30/20 ; FORWARD | TOTAL | TOTAL | BALANCE FWD ; PROGRAM NAME | 7/1/2019 | RECEIPTS | DISBURSEMENTS | 7/1/2020 ; GENERAL GOVERNMENT,752.00,,,752.00,,,2,,,,2,check failed,"v1: 4,604,798.33 vs printed 4,576,323.49 (+28,474.84) ; v3: 5,445,461.13 vs printed 5,445,461.13 ; v4: 5,596,048.89 vs printed 5,596,048.89"
2020,FY2020,HIGHWAY DEPARTMENT,Chapter 90,33,,FISCAL YEAR ENDING 6/30/20 ; FORWARD | TOTAL | TOTAL | BALANCE FWD ; PROGRAM NAME | 7/1/2019 | RECEIPTS | DISBURSEMENTS | 7/1/2020 ; GENERAL GOVERNMENT,-71406.58,387211.61,294045.00,21760.03,,,4,,fund balances: forward + receipts - disbursements = carried forward,,2,check failed,"v1: 4,604,798.33 vs printed 4,576,323.49 (+28,474.84) ; v3: 5,445,461.13 vs printed 5,445,461.13 ; v4: 5,596,048.89 vs printed 5,596,048.89"
2020,FY2020,HIGHWAY DEPARTMENT,DPW Roads Gift Fund,33,,FISCAL YEAR ENDING 6/30/20 ; FORWARD | TOTAL | TOTAL | BALANCE FWD ; PROGRAM NAME | 7/1/2019 | RECEIPTS | DISBURSEMENTS | 7/1/2020 ; GENERAL GOVERNMENT,3330.00,,,3330.00,,,2,,,,2,check failed,"v1: 4,604,798.33 vs printed 4,576,323.49 (+28,474.84) ; v3: 5,445,461.13 vs printed 5,445,461.13 ; v4: 5,596,048.89 vs printed 5,596,048.89"
2020,FY2020,HIGHWAY DEPARTMENT,Highway Insurance Recoveries,33,,FISCAL YEAR ENDING 6/30/20 ; FORWARD | TOTAL | TOTAL | BALANCE FWD ; PROGRAM NAME | 7/1/2019 | RECEIPTS | DISBURSEMENTS | 7/1/2020 ; GENERAL GOVERNMENT,795.82,,,795.82,,,2,,,,2,check failed,"v1: 4,604,798.33 vs printed 4,576,323.49 (+28,474.84) ; v3: 5,445,461.13 vs printed 5,445,461.13 ; v4: 5,596,048.89 vs printed 5,596,048.89"
2020,FY2020,HIGHWAY DEPARTMENT,Chapter 204/Acts of 1996,33,,FISCAL YEAR ENDING 6/30/20 ; FORWARD | TOTAL | TOTAL | BALANCE FWD ; PROGRAM NAME | 7/1/2019 | RECEIPTS | DISBURSEMENTS | 7/1/2020 ; GENERAL GOVERNMENT,0.11,,,0.11,,,2,,,,2,check failed,"v1: 4,604,798.33 vs printed 4,576,323.49 (+28,474.84) ; v3: 5,445,461.13 vs printed 5,445,461.13 ; v4: 5,596,048.89 vs printed 5,596,048.89"
2020,FY2020,HIGHWAY DEPARTMENT,Small Bridge Program Grant,33,,FISCAL YEAR ENDING 6/30/20 ; FORWARD | TOTAL | TOTAL | BALANCE FWD ; PROGRAM NAME | 7/1/2019 | RECEIPTS | DISBURSEMENTS | 7/1/2020 ; GENERAL GOVERNMENT,0.00,,63082.61,-63082.61,,,3,,one cell missing; derivable from the row itself,"v2 = 0.00, from this fund's own other three columns",2,check failed,"v1: 4,604,798.33 vs printed 4,576,323.49 (+28,474.84) ; v3: 5,445,461.13 vs printed 5,445,461.13 ; v4: 5,596,048.89 vs printed 5,596,048.89"
2020,FY2020,HIGHWAY DEPARTMENT,State Earmark - DPW Fuel Tanks,33,,FISCAL YEAR ENDING 6/30/20 ; FORWARD | TOTAL | TOTAL | BALANCE FWD ; PROGRAM NAME | 7/1/2019 | RECEIPTS | DISBURSEMENTS | 7/1/2020 ; GENERAL GOVERNMENT,0.00,165000.00,22425.00,142575.00,,,4,,fund balances: forward + receipts - disbursements = carried forward,,2,check failed,"v1: 4,604,798.33 vs printed 4,576,323.49 (+28,474.84) ; v3: 5,445,461.13 vs printed 5,445,461.13 ; v4: 5,596,048.89 vs printed 5,596,048.89"
2020,FY2020,HIGHWAY DEPARTMENT,,33,,FISCAL YEAR ENDING 6/30/20 ; FORWARD | TOTAL | TOTAL | BALANCE FWD ; PROGRAM NAME | 7/1/2019 | RECEIPTS | DISBURSEMENTS | 7/1/2020 ; GENERAL GOVERNMENT,33.00,,,,,,1,,,,2,check failed,"v1: 4,604,798.33 vs printed 4,576,323.49 (+28,474.84) ; v3: 5,445,461.13 vs printed 5,445,461.13 ; v4: 5,596,048.89 vs printed 5,596,048.89"
2020,FY2020,COUNCIL ON AGING,C.O.A./M.A.R.T. Revolving,34,,FISCAL YEAR ENDING 6/30/20 ; FORWARD | TOTAL | TOTAL | BALANCE FWD ; PROGRAM NAME | 7/1/2019 | RECEIPTS | DISBURSEMENTS | 7/1/2020 ; GENERAL GOVERNMENT,-5942.10,34731.73,33254.23,-4464.60,,,4,,fund balances: forward + receipts - disbursements = carried forward,,2,check failed,"v1: 4,604,798.33 vs printed 4,576,323.49 (+28,474.84) ; v3: 5,445,461.13 vs printed 5,445,461.13 ; v4: 5,596,048.89 vs printed 5,596,048.89"
2020,FY2020,COUNCIL ON AGING,C.O.A. Formula Grant,34,,FISCAL YEAR ENDING 6/30/20 ; FORWARD | TOTAL | TOTAL | BALANCE FWD ; PROGRAM NAME | 7/1/2019 | RECEIPTS | DISBURSEMENTS | 7/1/2020 ; GENERAL GOVERNMENT,0.00,25272.00,24876.51,395.49,,,4,,fund balances: forward + receipts - disbursements = carried forward,,2,check failed,"v1: 4,604,798.33 vs printed 4,576,323.49 (+28,474.84) ; v3: 5,445,461.13 vs printed 5,445,461.13 ; v4: 5,596,048.89 vs printed 5,596,048.89"
2020,FY2020,COUNCIL ON AGING,E.O.C.D. Senior Center Grant,34,,FISCAL YEAR ENDING 6/30/20 ; FORWARD | TOTAL | TOTAL | BALANCE FWD ; PROGRAM NAME | 7/1/2019 | RECEIPTS | DISBURSEMENTS | 7/1/2020 ; GENERAL GOVERNMENT,1684.87,0.84,,1685.71,,,3,,one cell missing; derivable from the row itself,"v3 = -0.00, from this fund's own other three columns",2,check failed,"v1: 4,604,798.33 vs printed 4,576,323.49 (+28,474.84) ; v3: 5,445,461.13 vs printed 5,445,461.13 ; v4: 5,596,048.89 vs printed 5,596,048.89"
2020,FY2020,COUNCIL ON AGING,Venture Grant - Are You OK,34,,FISCAL YEAR ENDING 6/30/20 ; FORWARD | TOTAL | TOTAL | BALANCE FWD ; PROGRAM NAME | 7/1/2019 | RECEIPTS | DISBURSEMENTS | 7/1/2020 ; GENERAL GOVERNMENT,24.00,,,24.00,,,2,,,,2,check failed,"v1: 4,604,798.33 vs printed 4,576,323.49 (+28,474.84) ; v3: 5,445,461.13 vs printed 5,445,461.13 ; v4: 5,596,048.89 vs printed 5,596,048.89"
2020,FY2020,COUNCIL ON AGING,FY19 Earmark - Senior Center,34,,FISCAL YEAR ENDING 6/30/20 ; FORWARD | TOTAL | TOTAL | BALANCE FWD ; PROGRAM NAME | 7/1/2019 | RECEIPTS | DISBURSEMENTS | 7/1/2020 ; GENERAL GOVERNMENT,-25000.00,25000.00,,0.00,,,3,,one cell missing; derivable from the row itself,"v3 = 0.00, from this fund's own other three columns",2,check failed,"v1: 4,604,798.33 vs printed 4,576,323.49 (+28,474.84) ; v3: 5,445,461.13 vs printed 5,445,461.13 ; v4: 5,596,048.89 vs printed 5,596,048.89"
2020,FY2020,COUNCIL ON AGING,Council on Aging Gift Fund,34,,FISCAL YEAR ENDING 6/30/20 ; FORWARD | TOTAL | TOTAL | BALANCE FWD ; PROGRAM NAME | 7/1/2019 | RECEIPTS | DISBURSEMENTS | 7/1/2020 ; GENERAL GOVERNMENT,4130.82,2247.00,1802.27,4575.55,,,4,,fund balances: forward + receipts - disbursements = carried forward,,2,check failed,"v1: 4,604,798.33 vs printed 4,576,323.49 (+28,474.84) ; v3: 5,445,461.13 vs printed 5,445,461.13 ; v4: 5,596,048.89 vs printed 5,596,048.89"
2020,FY2020,COUNCIL ON AGING,Senior Center HVAC Upgrade,34,,FISCAL YEAR ENDING 6/30/20 ; FORWARD | TOTAL | TOTAL | BALANCE FWD ; PROGRAM NAME | 7/1/2019 | RECEIPTS | DISBURSEMENTS | 7/1/2020 ; GENERAL GOVERNMENT,0.00,37638.00,37638.00,0.00,,,4,,fund balances: forward + receipts - disbursements = carried forward,,2,check failed,"v1: 4,604,798.33 vs printed 4,576,323.49 (+28,474.84) ; v3: 5,445,461.13 vs printed 5,445,461.13 ; v4: 5,596,048.89 vs printed 5,596,048.89"
2020,FY2020,COUNCIL ON AGING,COA Program Grant,34,,FISCAL YEAR ENDING 6/30/20 ; FORWARD | TOTAL | TOTAL | BALANCE FWD ; PROGRAM NAME | 7/1/2019 | RECEIPTS | DISBURSEMENTS | 7/1/2020 ; GENERAL GOVERNMENT,3929.00,500.00,3825.81,603.19,,,4,,fund balances: forward + receipts - disbursements = carried forward,,2,check failed,"v1: 4,604,798.33 vs printed 4,576,323.49 (+28,474.84) ; v3: 5,445,461.13 vs printed 5,445,461.13 ; v4: 5,596,048.89 vs printed 5,596,048.89"
2020,FY2020,LIBRARY,State Aid-Libraries,34,,FISCAL YEAR ENDING 6/30/20 ; FORWARD | TOTAL | TOTAL | BALANCE FWD ; PROGRAM NAME | 7/1/2019 | RECEIPTS | DISBURSEMENTS | 7/1/2020 ; GENERAL GOVERNMENT,12474.54,16592.76,8447.51,20619.79,,,4,,fund balances: forward + receipts - disbursements = carried forward,,2,check failed,"v1: 4,604,798.33 vs printed 4,576,323.49 (+28,474.84) ; v3: 5,445,461.13 vs printed 5,445,461.13 ; v4: 5,596,048.89 vs printed 5,596,048.89"
2020,FY2020,LIBRARY,Library Gift Fund,34,,FISCAL YEAR ENDING 6/30/20 ; FORWARD | TOTAL | TOTAL | BALANCE FWD ; PROGRAM NAME | 7/1/2019 | RECEIPTS | DISBURSEMENTS | 7/1/2020 ; GENERAL GOVERNMENT,20452.54,520.00,,20972.54,,,3,,one cell missing; derivable from the row itself,"v3 = 0.00, from this fund's own other three columns",2,check failed,"v1: 4,604,798.33 vs printed 4,576,323.49 (+28,474.84) ; v3: 5,445,461.13 vs printed 5,445,461.13 ; v4: 5,596,048.89 vs printed 5,596,048.89"
2020,FY2020,LIBRARY,Library Revolving Fund,34,,FISCAL YEAR ENDING 6/30/20 ; FORWARD | TOTAL | TOTAL | BALANCE FWD ; PROGRAM NAME | 7/1/2019 | RECEIPTS | DISBURSEMENTS | 7/1/2020 ; GENERAL GOVERNMENT,2339.52,2379.66,2911.33,1807.85,,,4,,fund balances: forward + receipts - disbursements = carried forward,,2,check failed,"v1: 4,604,798.33 vs printed 4,576,323.49 (+28,474.84) ; v3: 5,445,461.13 vs printed 5,445,461.13 ; v4: 5,596,048.89 vs printed 5,596,048.89"
2020,FY2020,LIBRARY,FY07 Public Libraries Fund,34,,FISCAL YEAR ENDING 6/30/20 ; FORWARD | TOTAL | TOTAL | BALANCE FWD ; PROGRAM NAME | 7/1/2019 | RECEIPTS | DISBURSEMENTS | 7/1/2020 ; GENERAL GOVERNMENT,571.17,,,571.17,,,2,,,,2,check failed,"v1: 4,604,798.33 vs printed 4,576,323.49 (+28,474.84) ; v3: 5,445,461.13 vs printed 5,445,461.13 ; v4: 5,596,048.89 vs printed 5,596,048.89"
2020,FY2020,LIBRARY,Sale of Cemetery Lots,34,,FISCAL YEAR ENDING 6/30/20 ; FORWARD | TOTAL | TOTAL | BALANCE FWD ; PROGRAM NAME | 7/1/2019 | RECEIPTS | DISBURSEMENTS | 7/1/2020 ; GENERAL GOVERNMENT,84322.09,14875.83,35000.00,64197.92,,,4,,fund balances: forward + receipts - disbursements = carried forward,,2,check failed,"v1: 4,604,798.33 vs printed 4,576,323.49 (+28,474.84) ; v3: 5,445,461.13 vs printed 5,445,461.13 ; v4: 5,596,048.89 vs printed 5,596,048.89"
2020,FY2020,LIBRARY,Lunenburg Cemetery Gift Fund,34,,FISCAL YEAR ENDING 6/30/20 ; FORWARD | TOTAL | TOTAL | BALANCE FWD ; PROGRAM NAME | 7/1/2019 | RECEIPTS | DISBURSEMENTS | 7/1/2020 ; GENERAL GOVERNMENT,2500.00,,1778.61,721.39,,,3,,one cell missing; derivable from the row itself,"v2 = -0.00, from this fund's own other three columns",2,check failed,"v1: 4,604,798.33 vs printed 4,576,323.49 (+28,474.84) ; v3: 5,445,461.13 vs printed 5,445,461.13 ; v4: 5,596,048.89 vs printed 5,596,048.89"
2020,FY2020,LIBRARY,Elderly/Disabled Fund,34,,FISCAL YEAR ENDING 6/30/20 ; FORWARD | TOTAL | TOTAL | BALANCE FWD ; PROGRAM NAME | 7/1/2019 | RECEIPTS | DISBURSEMENTS | 7/1/2020 ; GENERAL GOVERNMENT,2487.14,,,2487.14,,,2,,,,2,check failed,"v1: 4,604,798.33 vs printed 4,576,323.49 (+28,474.84) ; v3: 5,445,461.13 vs printed 5,445,461.13 ; v4: 5,596,048.89 vs printed 5,596,048.89"
2020,FY2020,LIBRARY,Green Communities Grant,34,,FISCAL YEAR ENDING 6/30/20 ; FORWARD | TOTAL | TOTAL | BALANCE FWD ; PROGRAM NAME | 7/1/2019 | RECEIPTS | DISBURSEMENTS | 7/1/2020 ; GENERAL GOVERNMENT,,30869.75,1663.96,895.95,,,3,,one cell missing; derivable from the row itself,"v1 = -28,309.84, from this fund's own other three columns",2,check failed,"v1: 4,604,798.33 vs printed 4,576,323.49 (+28,474.84) ; v3: 5,445,461.13 vs printed 5,445,461.13 ; v4: 5,596,048.89 vs printed 5,596,048.89"
2020,FY2020,LIBRARY,Agricultural Commission Grant,34,,FISCAL YEAR ENDING 6/30/20 ; FORWARD | TOTAL | TOTAL | BALANCE FWD ; PROGRAM NAME | 7/1/2019 | RECEIPTS | DISBURSEMENTS | 7/1/2020 ; GENERAL GOVERNMENT,2016.00,370.00,1475.00,911.00,,,4,,fund balances: forward + receipts - disbursements = carried forward,,2,check failed,"v1: 4,604,798.33 vs printed 4,576,323.49 (+28,474.84) ; v3: 5,445,461.13 vs printed 5,445,461.13 ; v4: 5,596,048.89 vs printed 5,596,048.89"
2020,FY2020,LIBRARY,Bell Tower Mtc. Fund-Town Hall,34,,FISCAL YEAR ENDING 6/30/20 ; FORWARD | TOTAL | TOTAL | BALANCE FWD ; PROGRAM NAME | 7/1/2019 | RECEIPTS | DISBURSEMENTS | 7/1/2020 ; GENERAL GOVERNMENT,3156.37,,600.00,2556.37,,,3,,one cell missing; derivable from the row itself,"v2 = 0.00, from this fund's own other three columns",2,check failed,"v1: 4,604,798.33 vs printed 4,576,323.49 (+28,474.84) ; v3: 5,445,461.13 vs printed 5,445,461.13 ; v4: 5,596,048.89 vs printed 5,596,048.89"
2020,FY2020,LIBRARY,Historical Comm. Gift Fund,34,,FISCAL YEAR ENDING 6/30/20 ; FORWARD | TOTAL | TOTAL | BALANCE FWD ; PROGRAM NAME | 7/1/2019 | RECEIPTS | DISBURSEMENTS | 7/1/2020 ; GENERAL GOVERNMENT,137.36,,,137.36,,,2,,,,2,check failed,"v1: 4,604,798.33 vs printed 4,576,323.49 (+28,474.84) ; v3: 5,445,461.13 vs printed 5,445,461.13 ; v4: 5,596,048.89 vs printed 5,596,048.89"
2020,FY2020,LIBRARY,Mass Historical Comm Grant-Town Hall,34,,FISCAL YEAR ENDING 6/30/20 ; FORWARD | TOTAL | TOTAL | BALANCE FWD ; PROGRAM NAME | 7/1/2019 | RECEIPTS | DISBURSEMENTS | 7/1/2020 ; GENERAL GOVERNMENT,4150.00,,,4150.00,,,2,,,,2,check failed,"v1: 4,604,798.33 vs printed 4,576,323.49 (+28,474.84) ; v3: 5,445,461.13 vs printed 5,445,461.13 ; v4: 5,596,048.89 vs printed 5,596,048.89"
2020,FY2020,LIBRARY,MWPAT Septic Repair,34,,FISCAL YEAR ENDING 6/30/20 ; FORWARD | TOTAL | TOTAL | BALANCE FWD ; PROGRAM NAME | 7/1/2019 | RECEIPTS | DISBURSEMENTS | 7/1/2020 ; GENERAL GOVERNMENT,4079.03,,,4079.03,,,2,,,,2,check failed,"v1: 4,604,798.33 vs printed 4,576,323.49 (+28,474.84) ; v3: 5,445,461.13 vs printed 5,445,461.13 ; v4: 5,596,048.89 vs printed 5,596,048.89"
2020,FY2020,LIBRARY,WPAT Septic Receipts Reserved,34,,FISCAL YEAR ENDING 6/30/20 ; FORWARD | TOTAL | TOTAL | BALANCE FWD ; PROGRAM NAME | 7/1/2019 | RECEIPTS | DISBURSEMENTS | 7/1/2020 ; GENERAL GOVERNMENT,36284.69,205.90,,36490.59,,,3,,one cell missing; derivable from the row itself,"v3 = 0.00, from this fund's own other three columns",2,check failed,"v1: 4,604,798.33 vs printed 4,576,323.49 (+28,474.84) ; v3: 5,445,461.13 vs printed 5,445,461.13 ; v4: 5,596,048.89 vs printed 5,596,048.89"
2020,FY2020,LIBRARY,E.O.C.D. Septic | Grant,34,,FISCAL YEAR ENDING 6/30/20 ; FORWARD | TOTAL | TOTAL | BALANCE FWD ; PROGRAM NAME | 7/1/2019 | RECEIPTS | DISBURSEMENTS | 7/1/2020 ; GENERAL GOVERNMENT,93444.50,612.09,,94056.59,,,3,,one cell missing; derivable from the row itself,"v3 = 0.00, from this fund's own other three columns",2,check failed,"v1: 4,604,798.33 vs printed 4,576,323.49 (+28,474.84) ; v3: 5,445,461.13 vs printed 5,445,461.13 ; v4: 5,596,048.89 vs printed 5,596,048.89"
2020,FY2020,LIBRARY,Water Enterprise Fund,34,,FISCAL YEAR ENDING 6/30/20 ; FORWARD | TOTAL | TOTAL | BALANCE FWD ; PROGRAM NAME | 7/1/2019 | RECEIPTS | DISBURSEMENTS | 7/1/2020 ; GENERAL GOVERNMENT,53027.62,32365.19,33172.96,52219.85,,,4,,fund balances: forward + receipts - disbursements = carried forward,,2,check failed,"v1: 4,604,798.33 vs printed 4,576,323.49 (+28,474.84) ; v3: 5,445,461.13 vs printed 5,445,461.13 ; v4: 5,596,048.89 vs printed 5,596,048.89"
2020,FY2020,LIBRARY,Sewer Enterprise Fund,34,,FISCAL YEAR ENDING 6/30/20 ; FORWARD | TOTAL | TOTAL | BALANCE FWD ; PROGRAM NAME | 7/1/2019 | RECEIPTS | DISBURSEMENTS | 7/1/2020 ; GENERAL GOVERNMENT,1361568.48,981384.85,944130.68,1398822.65,,,4,,fund balances: forward + receipts - disbursements = carried forward,,2,check failed,"v1: 4,604,798.33 vs printed 4,576,323.49 (+28,474.84) ; v3: 5,445,461.13 vs printed 5,445,461.13 ; v4: 5,596,048.89 vs printed 5,596,048.89"
2020,FY2020,LIBRARY,Sewer Betterment Fund,34,,FISCAL YEAR ENDING 6/30/20 ; FORWARD | TOTAL | TOTAL | BALANCE FWD ; PROGRAM NAME | 7/1/2019 | RECEIPTS | DISBURSEMENTS | 7/1/2020 ; GENERAL GOVERNMENT,864920.03,766225.08,817901.40,813243.71,,,4,,fund balances: forward + receipts - disbursements = carried forward,,2,check failed,"v1: 4,604,798.33 vs printed 4,576,323.49 (+28,474.84) ; v3: 5,445,461.13 vs printed 5,445,461.13 ; v4: 5,596,048.89 vs printed 5,596,048.89"
2020,FY2020,LIBRARY,Public Health Emergency Preparedness,34,,FISCAL YEAR ENDING 6/30/20 ; FORWARD | TOTAL | TOTAL | BALANCE FWD ; PROGRAM NAME | 7/1/2019 | RECEIPTS | DISBURSEMENTS | 7/1/2020 ; GENERAL GOVERNMENT,12295.09,,,12295.09,,,2,,,,2,check failed,"v1: 4,604,798.33 vs printed 4,576,323.49 (+28,474.84) ; v3: 5,445,461.13 vs printed 5,445,461.13 ; v4: 5,596,048.89 vs printed 5,596,048.89"
2020,FY2020,LIBRARY,Storm Water Task Force Revolving,34,,FISCAL YEAR ENDING 6/30/20 ; FORWARD | TOTAL | TOTAL | BALANCE FWD ; PROGRAM NAME | 7/1/2019 | RECEIPTS | DISBURSEMENTS | 7/1/2020 ; GENERAL GOVERNMENT,2280.00,468.00,355.00,2393.00,,,4,,fund balances: forward + receipts - disbursements = carried forward,,2,check failed,"v1: 4,604,798.33 vs printed 4,576,323.49 (+28,474.84) ; v3: 5,445,461.13 vs printed 5,445,461.13 ; v4: 5,596,048.89 vs printed 5,596,048.89"
2020,FY2020,LIBRARY,,34,,FISCAL YEAR ENDING 6/30/20 ; FORWARD | TOTAL | TOTAL | BALANCE FWD ; PROGRAM NAME | 7/1/2019 | RECEIPTS | DISBURSEMENTS | 7/1/2020 ; GENERAL GOVERNMENT,34.00,,,,,,1,,,,2,check failed,"v1: 4,604,798.33 vs printed 4,576,323.49 (+28,474.84) ; v3: 5,445,461.13 vs printed 5,445,461.13 ; v4: 5,596,048.89 vs printed 5,596,048.89"
2020,FY2020,LIBRARY,Inspector's Revolving Fund,35,,FISCAL YEAR ENDING 6/30/20 ; FORWARD | TOTAL | TOTAL | BALANCE FWD ; PROGRAM NAME | 7/1/2019 | RECEIPTS | DISBURSEMENTS | 7/1/2020 ; GENERAL GOVERNMENT,2098.65,30369.25,30821.42,1646.48,,,4,,fund balances: forward + receipts - disbursements = carried forward,,2,check failed,"v1: 4,604,798.33 vs printed 4,576,323.49 (+28,474.84) ; v3: 5,445,461.13 vs printed 5,445,461.13 ; v4: 5,596,048.89 vs printed 5,596,048.89"
2020,FY2020,LIBRARY,Timber Rights Revolving,35,,FISCAL YEAR ENDING 6/30/20 ; FORWARD | TOTAL | TOTAL | BALANCE FWD ; PROGRAM NAME | 7/1/2019 | RECEIPTS | DISBURSEMENTS | 7/1/2020 ; GENERAL GOVERNMENT,24188.12,,-1335.00,25523.12,,,3,,one cell missing; derivable from the row itself,"v2 = 0.00, from this fund's own other three columns",2,check failed,"v1: 4,604,798.33 vs printed 4,576,323.49 (+28,474.84) ; v3: 5,445,461.13 vs printed 5,445,461.13 ; v4: 5,596,048.89 vs printed 5,596,048.89"
2020,FY2020,LIBRARY,Cares Act Funding - COVID,35,,FISCAL YEAR ENDING 6/30/20 ; FORWARD | TOTAL | TOTAL | BALANCE FWD ; PROGRAM NAME | 7/1/2019 | RECEIPTS | DISBURSEMENTS | 7/1/2020 ; GENERAL GOVERNMENT,0.00,147421.00,15428.26,131992.74,,,4,,fund balances: forward + receipts - disbursements = carried forward,,2,check failed,"v1: 4,604,798.33 vs printed 4,576,323.49 (+28,474.84) ; v3: 5,445,461.13 vs printed 5,445,461.13 ; v4: 5,596,048.89 vs printed 5,596,048.89"
2020,FY2020,LIBRARY,FEMA #4496 - COVID Grant,35,,FISCAL YEAR ENDING 6/30/20 ; FORWARD | TOTAL | TOTAL | BALANCE FWD ; PROGRAM NAME | 7/1/2019 | RECEIPTS | DISBURSEMENTS | 7/1/2020 ; GENERAL GOVERNMENT,0.00,,34094.82,-34094.82,,,3,,one cell missing; derivable from the row itself,"v2 = 0.00, from this fund's own other three columns",2,check failed,"v1: 4,604,798.33 vs printed 4,576,323.49 (+28,474.84) ; v3: 5,445,461.13 vs printed 5,445,461.13 ; v4: 5,596,048.89 vs printed 5,596,048.89"
2020,FY2020,LIBRARY,Artificial Turf Revolving,35,,FISCAL YEAR ENDING 6/30/20 ; FORWARD | TOTAL | TOTAL | BALANCE FWD ; PROGRAM NAME | 7/1/2019 | RECEIPTS | DISBURSEMENTS | 7/1/2020 ; GENERAL GOVERNMENT,50069.44,45000.00,43500.00,51569.44,,,4,,fund balances: forward + receipts - disbursements = carried forward,,2,check failed,"v1: 4,604,798.33 vs printed 4,576,323.49 (+28,474.84) ; v3: 5,445,461.13 vs printed 5,445,461.13 ; v4: 5,596,048.89 vs printed 5,596,048.89"
2020,FY2020,LIBRARY,DEP Pay As You Throw Grant,35,,FISCAL YEAR ENDING 6/30/20 ; FORWARD | TOTAL | TOTAL | BALANCE FWD ; PROGRAM NAME | 7/1/2019 | RECEIPTS | DISBURSEMENTS | 7/1/2020 ; GENERAL GOVERNMENT,4720.43,,,4720.43,,,2,,,,2,check failed,"v1: 4,604,798.33 vs printed 4,576,323.49 (+28,474.84) ; v3: 5,445,461.13 vs printed 5,445,461.13 ; v4: 5,596,048.89 vs printed 5,596,048.89"
2020,FY2020,LIBRARY,Recycling Outreach Fund,35,,FISCAL YEAR ENDING 6/30/20 ; FORWARD | TOTAL | TOTAL | BALANCE FWD ; PROGRAM NAME | 7/1/2019 | RECEIPTS | DISBURSEMENTS | 7/1/2020 ; GENERAL GOVERNMENT,7275.48,,,7275.48,,,2,,,,2,check failed,"v1: 4,604,798.33 vs printed 4,576,323.49 (+28,474.84) ; v3: 5,445,461.13 vs printed 5,445,461.13 ; v4: 5,596,048.89 vs printed 5,596,048.89"
2020,FY2020,LIBRARY,Repayments Sewer Hookup,35,,FISCAL YEAR ENDING 6/30/20 ; FORWARD | TOTAL | TOTAL | BALANCE FWD ; PROGRAM NAME | 7/1/2019 | RECEIPTS | DISBURSEMENTS | 7/1/2020 ; GENERAL GOVERNMENT,9222.00,,,9222.00,,,2,,,,2,check failed,"v1: 4,604,798.33 vs printed 4,576,323.49 (+28,474.84) ; v3: 5,445,461.13 vs printed 5,445,461.13 ; v4: 5,596,048.89 vs printed 5,596,048.89"
2020,FY2020,LIBRARY,Solid Waste/Recycling Enterprise Fund,35,,FISCAL YEAR ENDING 6/30/20 ; FORWARD | TOTAL | TOTAL | BALANCE FWD ; PROGRAM NAME | 7/1/2019 | RECEIPTS | DISBURSEMENTS | 7/1/2020 ; GENERAL GOVERNMENT,9475.94,302852.67,301938.79,10389.82,,,4,,fund balances: forward + receipts - disbursements = carried forward,,2,check failed,"v1: 4,604,798.33 vs printed 4,576,323.49 (+28,474.84) ; v3: 5,445,461.13 vs printed 5,445,461.13 ; v4: 5,596,048.89 vs printed 5,596,048.89"
2020,FY2020,LIBRARY,CVS Volunteer Challenge Grant,35,,FISCAL YEAR ENDING 6/30/20 ; FORWARD | TOTAL | TOTAL | BALANCE FWD ; PROGRAM NAME | 7/1/2019 | RECEIPTS | DISBURSEMENTS | 7/1/2020 ; GENERAL GOVERNMENT,500.00,,,500.00,,,2,,,,2,check failed,"v1: 4,604,798.33 vs printed 4,576,323.49 (+28,474.84) ; v3: 5,445,461.13 vs printed 5,445,461.13 ; v4: 5,596,048.89 vs printed 5,596,048.89"
2020,FY2020,LIBRARY,Fields Pond Foundation,35,,FISCAL YEAR ENDING 6/30/20 ; FORWARD | TOTAL | TOTAL | BALANCE FWD ; PROGRAM NAME | 7/1/2019 | RECEIPTS | DISBURSEMENTS | 7/1/2020 ; GENERAL GOVERNMENT,1600.00,,,1600.00,,,2,,,,2,check failed,"v1: 4,604,798.33 vs printed 4,576,323.49 (+28,474.84) ; v3: 5,445,461.13 vs printed 5,445,461.13 ; v4: 5,596,048.89 vs printed 5,596,048.89"
2020,FY2020,LIBRARY,March for Parks,35,,FISCAL YEAR ENDING 6/30/20 ; FORWARD | TOTAL | TOTAL | BALANCE FWD ; PROGRAM NAME | 7/1/2019 | RECEIPTS | DISBURSEMENTS | 7/1/2020 ; GENERAL GOVERNMENT,1617.25,,,1617.25,,,2,,,,2,check failed,"v1: 4,604,798.33 vs printed 4,576,323.49 (+28,474.84) ; v3: 5,445,461.13 vs printed 5,445,461.13 ; v4: 5,596,048.89 vs printed 5,596,048.89"
2020,FY2020,LIBRARY,Skate Park Fund,35,,FISCAL YEAR ENDING 6/30/20 ; FORWARD | TOTAL | TOTAL | BALANCE FWD ; PROGRAM NAME | 7/1/2019 | RECEIPTS | DISBURSEMENTS | 7/1/2020 ; GENERAL GOVERNMENT,197.00,,,197.00,,,2,,,,2,check failed,"v1: 4,604,798.33 vs printed 4,576,323.49 (+28,474.84) ; v3: 5,445,461.13 vs printed 5,445,461.13 ; v4: 5,596,048.89 vs printed 5,596,048.89"
2020,FY2020,LIBRARY,Weights/Measures Citation Fund,35,,FISCAL YEAR ENDING 6/30/20 ; FORWARD | TOTAL | TOTAL | BALANCE FWD ; PROGRAM NAME | 7/1/2019 | RECEIPTS | DISBURSEMENTS | 7/1/2020 ; GENERAL GOVERNMENT,325.00,,,325.00,,,2,,,,2,check failed,"v1: 4,604,798.33 vs printed 4,576,323.49 (+28,474.84) ; v3: 5,445,461.13 vs printed 5,445,461.13 ; v4: 5,596,048.89 vs printed 5,596,048.89"
2020,FY2020,LIBRARY,Marshall Park Restoration Fund,35,,FISCAL YEAR ENDING 6/30/20 ; FORWARD | TOTAL | TOTAL | BALANCE FWD ; PROGRAM NAME | 7/1/2019 | RECEIPTS | DISBURSEMENTS | 7/1/2020 ; GENERAL GOVERNMENT,125.00,,,125.00,,,2,,,,2,check failed,"v1: 4,604,798.33 vs printed 4,576,323.49 (+28,474.84) ; v3: 5,445,461.13 vs printed 5,445,461.13 ; v4: 5,596,048.89 vs printed 5,596,048.89"
2020,FY2020,LIBRARY,PEG Access Enterprise Fund,35,,FISCAL YEAR ENDING 6/30/20 ; FORWARD | TOTAL | TOTAL | BALANCE FWD ; PROGRAM NAME | 7/1/2019 | RECEIPTS | DISBURSEMENTS | 7/1/2020 ; GENERAL GOVERNMENT,615109.37,252062.11,116933.54,750237.94,,,4,,fund balances: forward + receipts - disbursements = carried forward,,2,check failed,"v1: 4,604,798.33 vs printed 4,576,323.49 (+28,474.84) ; v3: 5,445,461.13 vs printed 5,445,461.13 ; v4: 5,596,048.89 vs printed 5,596,048.89"
2020,FY2020,LIBRARY,Sale of Real Estate Fund,35,,FISCAL YEAR ENDING 6/30/20 ; FORWARD | TOTAL | TOTAL | BALANCE FWD ; PROGRAM NAME | 7/1/2019 | RECEIPTS | DISBURSEMENTS | 7/1/2020 ; GENERAL GOVERNMENT,9925.00,,,9925.00,,,2,,,,2,check failed,"v1: 4,604,798.33 vs printed 4,576,323.49 (+28,474.84) ; v3: 5,445,461.13 vs printed 5,445,461.13 ; v4: 5,596,048.89 vs printed 5,596,048.89"
2020,FY2020,LIBRARY,Arts Lottery Fund,35,,FISCAL YEAR ENDING 6/30/20 ; FORWARD | TOTAL | TOTAL | BALANCE FWD ; PROGRAM NAME | 7/1/2019 | RECEIPTS | DISBURSEMENTS | 7/1/2020 ; GENERAL GOVERNMENT,8651.41,6873.39,3598.00,11926.80,,,4,,fund balances: forward + receipts - disbursements = carried forward,,2,check failed,"v1: 4,604,798.33 vs printed 4,576,323.49 (+28,474.84) ; v3: 5,445,461.13 vs printed 5,445,461.13 ; v4: 5,596,048.89 vs printed 5,596,048.89"
2020,FY2020,LIBRARY,Debris Removal Gift Fund,35,,FISCAL YEAR ENDING 6/30/20 ; FORWARD | TOTAL | TOTAL | BALANCE FWD ; PROGRAM NAME | 7/1/2019 | RECEIPTS | DISBURSEMENTS | 7/1/2020 ; GENERAL GOVERNMENT,676.00,,,676.00,,,2,,,,2,check failed,"v1: 4,604,798.33 vs printed 4,576,323.49 (+28,474.84) ; v3: 5,445,461.13 vs printed 5,445,461.13 ; v4: 5,596,048.89 vs printed 5,596,048.89"
2020,FY2020,LIBRARY,Citizens Relief Fund,35,,FISCAL YEAR ENDING 6/30/20 ; FORWARD | TOTAL | TOTAL | BALANCE FWD ; PROGRAM NAME | 7/1/2019 | RECEIPTS | DISBURSEMENTS | 7/1/2020 ; GENERAL GOVERNMENT,200.00,,,200.00,,,2,,,,2,check failed,"v1: 4,604,798.33 vs printed 4,576,323.49 (+28,474.84) ; v3: 5,445,461.13 vs printed 5,445,461.13 ; v4: 5,596,048.89 vs printed 5,596,048.89"
2020,FY2020,LIBRARY,Hollis Road Revolving,35,,FISCAL YEAR ENDING 6/30/20 ; FORWARD | TOTAL | TOTAL | BALANCE FWD ; PROGRAM NAME | 7/1/2019 | RECEIPTS | DISBURSEMENTS | 7/1/2020 ; GENERAL GOVERNMENT,39216.13,10200.00,3223.24,46192.89,,,4,,fund balances: forward + receipts - disbursements = carried forward,,2,check failed,"v1: 4,604,798.33 vs printed 4,576,323.49 (+28,474.84) ; v3: 5,445,461.13 vs printed 5,445,461.13 ; v4: 5,596,048.89 vs printed 5,596,048.89"
2020,FY2020,LIBRARY,TNC Per Ride Assessment Fund,35,,FISCAL YEAR ENDING 6/30/20 ; FORWARD | TOTAL | TOTAL | BALANCE FWD ; PROGRAM NAME | 7/1/2019 | RECEIPTS | DISBURSEMENTS | 7/1/2020 ; GENERAL GOVERNMENT,944.40,932.80,,1877.20,,,3,,one cell missing; derivable from the row itself,"v3 = -0.00, from this fund's own other three columns",2,check failed,"v1: 4,604,798.33 vs printed 4,576,323.49 (+28,474.84) ; v3: 5,445,461.13 vs printed 5,445,461.13 ; v4: 5,596,048.89 vs printed 5,596,048.89"
2020,FY2020,LIBRARY,Recycling Dividends Program Grant,35,,FISCAL YEAR ENDING 6/30/20 ; FORWARD | TOTAL | TOTAL | BALANCE FWD ; PROGRAM NAME | 7/1/2019 | RECEIPTS | DISBURSEMENTS | 7/1/2020 ; GENERAL GOVERNMENT,12558.85,6600.00,365.34,18793.51,,,4,,fund balances: forward + receipts - disbursements = carried forward,,2,check failed,"v1: 4,604,798.33 vs printed 4,576,323.49 (+28,474.84) ; v3: 5,445,461.13 vs printed 5,445,461.13 ; v4: 5,596,048.89 vs printed 5,596,048.89"
2020,FY2020,LIBRARY,Community Compact - E-Permitting Grant,35,,FISCAL YEAR ENDING 6/30/20 ; FORWARD | TOTAL | TOTAL | BALANCE FWD ; PROGRAM NAME | 7/1/2019 | RECEIPTS | DISBURSEMENTS | 7/1/2020 ; GENERAL GOVERNMENT,200.00,,,200.00,,,2,,,,2,check failed,"v1: 4,604,798.33 vs printed 4,576,323.49 (+28,474.84) ; v3: 5,445,461.13 vs printed 5,445,461.13 ; v4: 5,596,048.89 vs printed 5,596,048.89"
2020,FY2020,LIBRARY,Extended Polling Hours Grant,35,,FISCAL YEAR ENDING 6/30/20 ; FORWARD | TOTAL | TOTAL | BALANCE FWD ; PROGRAM NAME | 7/1/2019 | RECEIPTS | DISBURSEMENTS | 7/1/2020 ; GENERAL GOVERNMENT,0.00,1248.80,1248.80,0.00,,,4,,fund balances: forward + receipts - disbursements = carried forward,,2,check failed,"v1: 4,604,798.33 vs printed 4,576,323.49 (+28,474.84) ; v3: 5,445,461.13 vs printed 5,445,461.13 ; v4: 5,596,048.89 vs printed 5,596,048.89"
2020,FY2020,LIBRARY,Accessible Amenities Grant,35,,FISCAL YEAR ENDING 6/30/20 ; FORWARD | TOTAL | TOTAL | BALANCE FWD ; PROGRAM NAME | 7/1/2019 | RECEIPTS | DISBURSEMENTS | 7/1/2020 ; GENERAL GOVERNMENT,-7500.00,7500.00,,0.00,,,3,,one cell missing; derivable from the row itself,"v3 = 0.00, from this fund's own other three columns",2,check failed,"v1: 4,604,798.33 vs printed 4,576,323.49 (+28,474.84) ; v3: 5,445,461.13 vs printed 5,445,461.13 ; v4: 5,596,048.89 vs printed 5,596,048.89"
2020,FY2020,LIBRARY,Technology Fee Revolving Fund,35,,FISCAL YEAR ENDING 6/30/20 ; FORWARD | TOTAL | TOTAL | BALANCE FWD ; PROGRAM NAME | 7/1/2019 | RECEIPTS | DISBURSEMENTS | 7/1/2020 ; GENERAL GOVERNMENT,0.00,14888.65,14888.65,0.00,,,4,,fund balances: forward + receipts - disbursements = carried forward,,2,check failed,"v1: 4,604,798.33 vs printed 4,576,323.49 (+28,474.84) ; v3: 5,445,461.13 vs printed 5,445,461.13 ; v4: 5,596,048.89 vs printed 5,596,048.89"
2020,FY2020,LIBRARY,Community Compact - Syber Security Grant,35,,FISCAL YEAR ENDING 6/30/20 ; FORWARD | TOTAL | TOTAL | BALANCE FWD ; PROGRAM NAME | 7/1/2019 | RECEIPTS | DISBURSEMENTS | 7/1/2020 ; GENERAL GOVERNMENT,50.00,,,50.00,,,2,,,,2,check failed,"v1: 4,604,798.33 vs printed 4,576,323.49 (+28,474.84) ; v3: 5,445,461.13 vs printed 5,445,461.13 ; v4: 5,596,048.89 vs printed 5,596,048.89"
2020,FY2020,LIBRARY,Municipal Vulnerability Grant,35,,FISCAL YEAR ENDING 6/30/20 ; FORWARD | TOTAL | TOTAL | BALANCE FWD ; PROGRAM NAME | 7/1/2019 | RECEIPTS | DISBURSEMENTS | 7/1/2020 ; GENERAL GOVERNMENT,0.00,15000.00,15000.00,0.00,,,4,,fund balances: forward + receipts - disbursements = carried forward,,2,check failed,"v1: 4,604,798.33 vs printed 4,576,323.49 (+28,474.84) ; v3: 5,445,461.13 vs printed 5,445,461.13 ; v4: 5,596,048.89 vs printed 5,596,048.89"
2020,FY2020,LIBRARY,Recycling IQ Grant,35,,FISCAL YEAR ENDING 6/30/20 ; FORWARD | TOTAL | TOTAL | BALANCE FWD ; PROGRAM NAME | 7/1/2019 | RECEIPTS | DISBURSEMENTS | 7/1/2020 ; GENERAL GOVERNMENT,0.00,10929.05,10929.05,0.00,,,4,,fund balances: forward + receipts - disbursements = carried forward,,2,check failed,"v1: 4,604,798.33 vs printed 4,576,323.49 (+28,474.84) ; v3: 5,445,461.13 vs printed 5,445,461.13 ; v4: 5,596,048.89 vs printed 5,596,048.89"
2020,FY2020,LIBRARY,State Earmark - Town Hall Ramp,35,yes,FISCAL YEAR ENDING 6/30/20 ; FORWARD | TOTAL | TOTAL | BALANCE FWD ; PROGRAM NAME | 7/1/2019 | RECEIPTS | DISBURSEMENTS | 7/1/2020 ; GENERAL GOVERNMENT,0.00,13500.00,27000.00,-13500.00,,,4,,fund balances: forward + receipts - disbursements = carried forward,,2,check failed,"v1: 4,604,798.33 vs printed 4,576,323.49 (+28,474.84) ; v3: 5,445,461.13 vs printed 5,445,461.13 ; v4: 5,596,048.89 vs printed 5,596,048.89"
2020,FY2020,LIBRARY,,35,,FISCAL YEAR ENDING 6/30/20 ; FORWARD | TOTAL | TOTAL | BALANCE FWD ; PROGRAM NAME | 7/1/2019 | RECEIPTS | DISBURSEMENTS | 7/1/2020 ; GENERAL GOVERNMENT,35.00,,,,,,1,,,,2,check failed,"v1: 4,604,798.33 vs printed 4,576,323.49 (+28,474.84) ; v3: 5,445,461.13 vs printed 5,445,461.13 ; v4: 5,596,048.89 vs printed 5,596,048.89"
2021,FY2021,,Zoning Board Consultant Revolving,32,,,10984.46,,,10984.46,,,2,,,,0,check failed,"v1: 3,896,031.10 vs printed 5,596,048.89 (-1,700,017.79) ; v3: 4,393,274.25 vs printed 6,269,397.74 (-1,876,123.49) ; v4: 4,871,373.76 vs printed 6,414,742.67 (-1,543,368.91)"
2021,FY2021,,Conservation Gift Fund-Cook Farm,32,,,148.00,,,148.00,,,2,,,,0,check failed,"v1: 3,896,031.10 vs printed 5,596,048.89 (-1,700,017.79) ; v3: 4,393,274.25 vs printed 6,269,397.74 (-1,876,123.49) ; v4: 4,871,373.76 vs printed 6,414,742.67 (-1,543,368.91)"
2021,FY2021,,Town Records Gift Fund,32,,,252.35,,,252.35,,,2,,,,0,check failed,"v1: 3,896,031.10 vs printed 5,596,048.89 (-1,700,017.79) ; v3: 4,393,274.25 vs printed 6,269,397.74 (-1,876,123.49) ; v4: 4,871,373.76 vs printed 6,414,742.67 (-1,543,368.91)"
2021,FY2021,,Scholarship Fund,32,,,232.26,,,232.26,,,2,,,,0,check failed,"v1: 3,896,031.10 vs printed 5,596,048.89 (-1,700,017.79) ; v3: 4,393,274.25 vs printed 6,269,397.74 (-1,876,123.49) ; v4: 4,871,373.76 vs printed 6,414,742.67 (-1,543,368.91)"
2021,FY2021,,Sewer Gift Fund,32,,,387.09,,,387.09,,,2,,,,0,check failed,"v1: 3,896,031.10 vs printed 5,596,048.89 (-1,700,017.79) ; v3: 4,393,274.25 vs printed 6,269,397.74 (-1,876,123.49) ; v4: 4,871,373.76 vs printed 6,414,742.67 (-1,543,368.91)"
2021,FY2021,,Insurance Recoveries,32,,,4018.03,37616.44,36386.44,5248.03,,,4,,fund balances: forward + receipts - disbursements = carried forward,,0,check failed,"v1: 3,896,031.10 vs printed 5,596,048.89 (-1,700,017.79) ; v3: 4,393,274.25 vs printed 6,269,397.74 (-1,876,123.49) ; v4: 4,871,373.76 vs printed 6,414,742.67 (-1,543,368.91)"
2021,FY2021,,Town Hall Chimney Grant,32,,,3000.00,,,3000.00,,,2,,,,0,check failed,"v1: 3,896,031.10 vs printed 5,596,048.89 (-1,700,017.79) ; v3: 4,393,274.25 vs printed 6,269,397.74 (-1,876,123.49) ; v4: 4,871,373.76 vs printed 6,414,742.67 (-1,543,368.91)"
2021,FY2021,,General Government Gift Fund,32,,,1110.00,,,1110.00,,,2,,,,0,check failed,"v1: 3,896,031.10 vs printed 5,596,048.89 (-1,700,017.79) ; v3: 4,393,274.25 vs printed 6,269,397.74 (-1,876,123.49) ; v4: 4,871,373.76 vs printed 6,414,742.67 (-1,543,368.91)"
2021,FY2021,,Household Hazardous Waste,32,,,768.76,,,768.76,,,2,,,,0,check failed,"v1: 3,896,031.10 vs printed 5,596,048.89 (-1,700,017.79) ; v3: 4,393,274.25 vs printed 6,269,397.74 (-1,876,123.49) ; v4: 4,871,373.76 vs printed 6,414,742.67 (-1,543,368.91)"
2021,FY2021,,Town Facilities Use Account,32,,,50232.99,9000.00,,59232.99,,,3,,one cell missing; derivable from the row itself,"v3 = 0.00, from this fund's own other three columns",0,check failed,"v1: 3,896,031.10 vs printed 5,596,048.89 (-1,700,017.79) ; v3: 4,393,274.25 vs printed 6,269,397.74 (-1,876,123.49) ; v4: 4,871,373.76 vs printed 6,414,742.67 (-1,543,368.91)"
2021,FY2021,,Bond Premium Reserved for Capital,32,,,3543.11,,,3543.11,,,2,,,,0,check failed,"v1: 3,896,031.10 vs printed 5,596,048.89 (-1,700,017.79) ; v3: 4,393,274.25 vs printed 6,269,397.74 (-1,876,123.49) ; v4: 4,871,373.76 vs printed 6,414,742.67 (-1,543,368.91)"
2021,FY2021,,MIIA Flex Grant,32,,,0.00,4170.00,4170.00,0.00,,,4,,fund balances: forward + receipts - disbursements = carried forward,,0,check failed,"v1: 3,896,031.10 vs printed 5,596,048.89 (-1,700,017.79) ; v3: 4,393,274.25 vs printed 6,269,397.74 (-1,876,123.49) ; v4: 4,871,373.76 vs printed 6,414,742.67 (-1,543,368.91)"
2021,FY2021,,Continuity of Operations Grant,32,,,35000.00,,10000.00,25000.00,,,3,,one cell missing; derivable from the row itself,"v2 = 0.00, from this fund's own other three columns",0,check failed,"v1: 3,896,031.10 vs printed 5,596,048.89 (-1,700,017.79) ; v3: 4,393,274.25 vs printed 6,269,397.74 (-1,876,123.49) ; v4: 4,871,373.76 vs printed 6,414,742.67 (-1,543,368.91)"
2021,FY2021,,Financial Trend Monitoring Grant,32,,,15000.00,-2500.00,,12500.00,,,3,,one cell missing; derivable from the row itself,"v3 = 0.00, from this fund's own other three columns",0,check failed,"v1: 3,896,031.10 vs printed 5,596,048.89 (-1,700,017.79) ; v3: 4,393,274.25 vs printed 6,269,397.74 (-1,876,123.49) ; v4: 4,871,373.76 vs printed 6,414,742.67 (-1,543,368.91)"
2021,FY2021,SCHOOL DEPARTMENT,School Lunch,32,,,128822.60,304342.81,297768.42,135396.99,,,4,,fund balances: forward + receipts - disbursements = carried forward,,0,check failed,"v1: 3,896,031.10 vs printed 5,596,048.89 (-1,700,017.79) ; v3: 4,393,274.25 vs printed 6,269,397.74 (-1,876,123.49) ; v4: 4,871,373.76 vs printed 6,414,742.67 (-1,543,368.91)"
2021,FY2021,SCHOOL DEPARTMENT,Title I #305,32,,,2833.34,332538.00,344047.53,-8676.19,,,4,,fund balances: forward + receipts - disbursements = carried forward,,0,check failed,"v1: 3,896,031.10 vs printed 5,596,048.89 (-1,700,017.79) ; v3: 4,393,274.25 vs printed 6,269,397.74 (-1,876,123.49) ; v4: 4,871,373.76 vs printed 6,414,742.67 (-1,543,368.91)"
2021,FY2021,SCHOOL DEPARTMENT,PL 94-142 #240,32,,,-8729.79,,187262.88,6778.33,,,3,,one cell missing; derivable from the row itself,"v2 = 202,771.00, from this fund's own other three columns",0,check failed,"v1: 3,896,031.10 vs printed 5,596,048.89 (-1,700,017.79) ; v3: 4,393,274.25 vs printed 6,269,397.74 (-1,876,123.49) ; v4: 4,871,373.76 vs printed 6,414,742.67 (-1,543,368.91)"
2021,FY2021,SCHOOL DEPARTMENT,United Way Venture,32,,,40.42,,,40.42,,,2,,,,0,check failed,"v1: 3,896,031.10 vs printed 5,596,048.89 (-1,700,017.79) ; v3: 4,393,274.25 vs printed 6,269,397.74 (-1,876,123.49) ; v4: 4,871,373.76 vs printed 6,414,742.67 (-1,543,368.91)"
2021,FY2021,SCHOOL DEPARTMENT,Recovery for Lost Books,32,,,13057.02,,,13057.02,,,2,,,,0,check failed,"v1: 3,896,031.10 vs printed 5,596,048.89 (-1,700,017.79) ; v3: 4,393,274.25 vs printed 6,269,397.74 (-1,876,123.49) ; v4: 4,871,373.76 vs printed 6,414,742.67 (-1,543,368.91)"
2021,FY2021,SCHOOL DEPARTMENT,Chapter 658 School Athletics,32,,,98376.41,91210.48,176.22,189410.67,,,4,,fund balances: forward + receipts - disbursements = carried forward,,0,check failed,"v1: 3,896,031.10 vs printed 5,596,048.89 (-1,700,017.79) ; v3: 4,393,274.25 vs printed 6,269,397.74 (-1,876,123.49) ; v4: 4,871,373.76 vs printed 6,414,742.67 (-1,543,368.91)"
2021,FY2021,SCHOOL DEPARTMENT,After School Activities,32,,,134317.84,64012.03,48239.24,150090.63,,,4,,fund balances: forward + receipts - disbursements = carried forward,,0,check failed,"v1: 3,896,031.10 vs printed 5,596,048.89 (-1,700,017.79) ; v3: 4,393,274.25 vs printed 6,269,397.74 (-1,876,123.49) ; v4: 4,871,373.76 vs printed 6,414,742.67 (-1,543,368.91)"
2021,FY2021,SCHOOL DEPARTMENT,School Facilities Use,32,,,41858.19,10381.27,,52239.46,,,3,,one cell missing; derivable from the row itself,"v3 = 0.00, from this fund's own other three columns",0,check failed,"v1: 3,896,031.10 vs printed 5,596,048.89 (-1,700,017.79) ; v3: 4,393,274.25 vs printed 6,269,397.74 (-1,876,123.49) ; v4: 4,871,373.76 vs printed 6,414,742.67 (-1,543,368.91)"
2021,FY2021,SCHOOL DEPARTMENT,Adult Education,32,,,8692.75,,,8692.75,,,2,,,,0,check failed,"v1: 3,896,031.10 vs printed 5,596,048.89 (-1,700,017.79) ; v3: 4,393,274.25 vs printed 6,269,397.74 (-1,876,123.49) ; v4: 4,871,373.76 vs printed 6,414,742.67 (-1,543,368.91)"
2021,FY2021,SCHOOL DEPARTMENT,Summer School Program,32,,,340.00,,,340.00,,,2,,,,0,check failed,"v1: 3,896,031.10 vs printed 5,596,048.89 (-1,700,017.79) ; v3: 4,393,274.25 vs printed 6,269,397.74 (-1,876,123.49) ; v4: 4,871,373.76 vs printed 6,414,742.67 (-1,543,368.91)"
2021,FY2021,SCHOOL DEPARTMENT,School Choice,32,,,496879.19,199053.00,29028.18,666904.01,,,4,,fund balances: forward + receipts - disbursements = carried forward,,0,check failed,"v1: 3,896,031.10 vs printed 5,596,048.89 (-1,700,017.79) ; v3: 4,393,274.25 vs printed 6,269,397.74 (-1,876,123.49) ; v4: 4,871,373.76 vs printed 6,414,742.67 (-1,543,368.91)"
2021,FY2021,SCHOOL DEPARTMENT,School Gift Fund,32,,,46860.27,30791.40,8450.35,69201.32,,,4,,fund balances: forward + receipts - disbursements = carried forward,,0,check failed,"v1: 3,896,031.10 vs printed 5,596,048.89 (-1,700,017.79) ; v3: 4,393,274.25 vs printed 6,269,397.74 (-1,876,123.49) ; v4: 4,871,373.76 vs printed 6,414,742.67 (-1,543,368.91)"
2021,FY2021,SCHOOL DEPARTMENT,Greenthumb Revolving,32,,,1457.77,123.00,,1580.77,,,3,,one cell missing; derivable from the row itself,"v3 = 0.00, from this fund's own other three columns",0,check failed,"v1: 3,896,031.10 vs printed 5,596,048.89 (-1,700,017.79) ; v3: 4,393,274.25 vs printed 6,269,397.74 (-1,876,123.49) ; v4: 4,871,373.76 vs printed 6,414,742.67 (-1,543,368.91)"
2021,FY2021,SCHOOL DEPARTMENT,Custodian Special Details,32,,,3520.55,1057.44,654.69,3923.30,,,4,,fund balances: forward + receipts - disbursements = carried forward,,0,check failed,"v1: 3,896,031.10 vs printed 5,596,048.89 (-1,700,017.79) ; v3: 4,393,274.25 vs printed 6,269,397.74 (-1,876,123.49) ; v4: 4,871,373.76 vs printed 6,414,742.67 (-1,543,368.91)"
2021,FY2021,SCHOOL DEPARTMENT,Tech Prep Consortium,32,,,1450.00,,,1450.00,,,2,,,,0,check failed,"v1: 3,896,031.10 vs printed 5,596,048.89 (-1,700,017.79) ; v3: 4,393,274.25 vs printed 6,269,397.74 (-1,876,123.49) ; v4: 4,871,373.76 vs printed 6,414,742.67 (-1,543,368.91)"
2021,FY2021,SCHOOL DEPARTMENT,BC/BS Healthy Choices,32,,,94.65,,,94.65,,,2,,,,0,check failed,"v1: 3,896,031.10 vs printed 5,596,048.89 (-1,700,017.79) ; v3: 4,393,274.25 vs printed 6,269,397.74 (-1,876,123.49) ; v4: 4,871,373.76 vs printed 6,414,742.67 (-1,543,368.91)"
2021,FY2021,SCHOOL DEPARTMENT,,32,,,31.00,,,,,,1,,,,0,check failed,"v1: 3,896,031.10 vs printed 5,596,048.89 (-1,700,017.79) ; v3: 4,393,274.25 vs printed 6,269,397.74 (-1,876,123.49) ; v4: 4,871,373.76 vs printed 6,414,742.67 (-1,543,368.91)"
2021,FY2021,SCHOOL DEPARTMENT,Underground Storage Tank Grant,33,,,1500.00,,,1500.00,,,2,,,,0,check failed,"v1: 3,896,031.10 vs printed 5,596,048.89 (-1,700,017.79) ; v3: 4,393,274.25 vs printed 6,269,397.74 (-1,876,123.49) ; v4: 4,871,373.76 vs printed 6,414,742.67 (-1,543,368.91)"
2021,FY2021,SCHOOL DEPARTMENT,Hach Scientific Foundation Grant,33,,,90.61,,,90.61,,,2,,,,0,check failed,"v1: 3,896,031.10 vs printed 5,596,048.89 (-1,700,017.79) ; v3: 4,393,274.25 vs printed 6,269,397.74 (-1,876,123.49) ; v4: 4,871,373.76 vs printed 6,414,742.67 (-1,543,368.91)"
2021,FY2021,SCHOOL DEPARTMENT,Family Network Gift Fund,33,,,2468.64,,,2468.64,,,2,,,,0,check failed,"v1: 3,896,031.10 vs printed 5,596,048.89 (-1,700,017.79) ; v3: 4,393,274.25 vs printed 6,269,397.74 (-1,876,123.49) ; v4: 4,871,373.76 vs printed 6,414,742.67 (-1,543,368.91)"
2021,FY2021,SCHOOL DEPARTMENT,EECG Energy Efficiency Grant,33,,,298.17,0.06,,298.23,,,3,,one cell missing; derivable from the row itself,"v3 = 0.00, from this fund's own other three columns",0,check failed,"v1: 3,896,031.10 vs printed 5,596,048.89 (-1,700,017.79) ; v3: 4,393,274.25 vs printed 6,269,397.74 (-1,876,123.49) ; v4: 4,871,373.76 vs printed 6,414,742.67 (-1,543,368.91)"
2021,FY2021,SCHOOL DEPARTMENT,Regional Dissemination Grant,33,,,35.00,,,35.00,,,2,,,,0,check failed,"v1: 3,896,031.10 vs printed 5,596,048.89 (-1,700,017.79) ; v3: 4,393,274.25 vs printed 6,269,397.74 (-1,876,123.49) ; v4: 4,871,373.76 vs printed 6,414,742.67 (-1,543,368.91)"
2021,FY2021,SCHOOL DEPARTMENT,Early Childhood Grant #262,33,,,0.00,12401.00,12401.00,0.00,,,4,,fund balances: forward + receipts - disbursements = carried forward,,0,check failed,"v1: 3,896,031.10 vs printed 5,596,048.89 (-1,700,017.79) ; v3: 4,393,274.25 vs printed 6,269,397.74 (-1,876,123.49) ; v4: 4,871,373.76 vs printed 6,414,742.67 (-1,543,368.91)"
2021,FY2021,SCHOOL DEPARTMENT,Program Improvement Grant #274,33,,,43.00,10991.00,12343.80,-1309.80,,,4,,fund balances: forward + receipts - disbursements = carried forward,,0,check failed,"v1: 3,896,031.10 vs printed 5,596,048.89 (-1,700,017.79) ; v3: 4,393,274.25 vs printed 6,269,397.74 (-1,876,123.49) ; v4: 4,871,373.76 vs printed 6,414,742.67 (-1,543,368.91)"
2021,FY2021,SCHOOL DEPARTMENT,Teacher Quality #140,33,,,-0.24,30838.00,30810.80,26.96,,,4,,fund balances: forward + receipts - disbursements = carried forward,,0,check failed,"v1: 3,896,031.10 vs printed 5,596,048.89 (-1,700,017.79) ; v3: 4,393,274.25 vs printed 6,269,397.74 (-1,876,123.49) ; v4: 4,871,373.76 vs printed 6,414,742.67 (-1,543,368.91)"
2021,FY2021,SCHOOL DEPARTMENT,Family & Community Grant #237,33,,,0.00,45700.00,45700.00,0.00,,,4,,fund balances: forward + receipts - disbursements = carried forward,,0,check failed,"v1: 3,896,031.10 vs printed 5,596,048.89 (-1,700,017.79) ; v3: 4,393,274.25 vs printed 6,269,397.74 (-1,876,123.49) ; v4: 4,871,373.76 vs printed 6,414,742.67 (-1,543,368.91)"
2021,FY2021,SCHOOL DEPARTMENT,Displaced Students - Puerto Rico,33,,,10660.63,,,10660.63,,,2,,,,0,check failed,"v1: 3,896,031.10 vs printed 5,596,048.89 (-1,700,017.79) ; v3: 4,393,274.25 vs printed 6,269,397.74 (-1,876,123.49) ; v4: 4,871,373.76 vs printed 6,414,742.67 (-1,543,368.91)"
2021,FY2021,SCHOOL DEPARTMENT,Title IV - Part A #309,33,,,2058.69,29042.00,28201.97,2898.72,,,4,,fund balances: forward + receipts - disbursements = carried forward,,0,check failed,"v1: 3,896,031.10 vs printed 5,596,048.89 (-1,700,017.79) ; v3: 4,393,274.25 vs printed 6,269,397.74 (-1,876,123.49) ; v4: 4,871,373.76 vs printed 6,414,742.67 (-1,543,368.91)"
2021,FY2021,SCHOOL DEPARTMENT,FY21 Sped Program Improvement #298,33,,,0.00,1127.00,1127.00,0.00,,,4,,fund balances: forward + receipts - disbursements = carried forward,,0,check failed,"v1: 3,896,031.10 vs printed 5,596,048.89 (-1,700,017.79) ; v3: 4,393,274.25 vs printed 6,269,397.74 (-1,876,123.49) ; v4: 4,871,373.76 vs printed 6,414,742.67 (-1,543,368.91)"
2021,FY2021,SCHOOL DEPARTMENT,Remote Learning Tech #117/118,33,,,0.00,55735.00,55735.00,0.00,,,4,,fund balances: forward + receipts - disbursements = carried forward,,0,check failed,"v1: 3,896,031.10 vs printed 5,596,048.89 (-1,700,017.79) ; v3: 4,393,274.25 vs printed 6,269,397.74 (-1,876,123.49) ; v4: 4,871,373.76 vs printed 6,414,742.67 (-1,543,368.91)"
2021,FY2021,SCHOOL DEPARTMENT,Covid Prevention Grant,33,yes,,0.00,67075.00,67075.00,0.00,,,4,,fund balances: forward + receipts - disbursements = carried forward,,0,check failed,"v1: 3,896,031.10 vs printed 5,596,048.89 (-1,700,017.79) ; v3: 4,393,274.25 vs printed 6,269,397.74 (-1,876,123.49) ; v4: 4,871,373.76 vs printed 6,414,742.67 (-1,543,368.91)"
2021,FY2021,SCHOOL DEPARTMENT,FY21 #117 Evidence Based Learning,33,,,0.00,284.00,2847.00,-2563.00,,,4,,fund balances: forward + receipts - disbursements = carried forward,,0,check failed,"v1: 3,896,031.10 vs printed 5,596,048.89 (-1,700,017.79) ; v3: 4,393,274.25 vs printed 6,269,397.74 (-1,876,123.49) ; v4: 4,871,373.76 vs printed 6,414,742.67 (-1,543,368.91)"
2021,FY2021,SCHOOL DEPARTMENT,FY21 ESSER #113,33,,,0.00,197973.00,197886.50,86.50,,,4,,fund balances: forward + receipts - disbursements = carried forward,,0,check failed,"v1: 3,896,031.10 vs printed 5,596,048.89 (-1,700,017.79) ; v3: 4,393,274.25 vs printed 6,269,397.74 (-1,876,123.49) ; v4: 4,871,373.76 vs printed 6,414,742.67 (-1,543,368.91)"
2021,FY2021,SCHOOL DEPARTMENT,FY21 School Reopening #102,33,yes,,0.00,377550.00,377528.37,21.63,,,4,,fund balances: forward + receipts - disbursements = carried forward,,0,check failed,"v1: 3,896,031.10 vs printed 5,596,048.89 (-1,700,017.79) ; v3: 4,393,274.25 vs printed 6,269,397.74 (-1,876,123.49) ; v4: 4,871,373.76 vs printed 6,414,742.67 (-1,543,368.91)"
2021,FY2021,SCHOOL DEPARTMENT,Early Grades Literacy #734,33,,,-8281.00,8281.00,,0.00,,,3,,one cell missing; derivable from the row itself,"v3 = 0.00, from this fund's own other three columns",0,check failed,"v1: 3,896,031.10 vs printed 5,596,048.89 (-1,700,017.79) ; v3: 4,393,274.25 vs printed 6,269,397.74 (-1,876,123.49) ; v4: 4,871,373.76 vs printed 6,414,742.67 (-1,543,368.91)"
2021,FY2021,SCHOOL DEPARTMENT,Comprehensive School Health,33,,,984.38,10500.00,3555.95,7928.43,,,4,,fund balances: forward + receipts - disbursements = carried forward,,0,check failed,"v1: 3,896,031.10 vs printed 5,596,048.89 (-1,700,017.79) ; v3: 4,393,274.25 vs printed 6,269,397.74 (-1,876,123.49) ; v4: 4,871,373.76 vs printed 6,414,742.67 (-1,543,368.91)"
2021,FY2021,SCHOOL DEPARTMENT,Interface Referral Gift Fund,33,,,3295.00,,,3295.00,,,2,,,,0,check failed,"v1: 3,896,031.10 vs printed 5,596,048.89 (-1,700,017.79) ; v3: 4,393,274.25 vs printed 6,269,397.74 (-1,876,123.49) ; v4: 4,871,373.76 vs printed 6,414,742.67 (-1,543,368.91)"
2021,FY2021,SCHOOL DEPARTMENT,Technology for School Children Gift,33,,,,10000.00,,10000.00,,,2,,,,0,check failed,"v1: 3,896,031.10 vs printed 5,596,048.89 (-1,700,017.79) ; v3: 4,393,274.25 vs printed 6,269,397.74 (-1,876,123.49) ; v4: 4,871,373.76 vs printed 6,414,742.67 (-1,543,368.91)"
2021,FY2021,SCHOOL DEPARTMENT,Primary School Alarm System Earmark,33,,,0.00,,25000.00,-25000.00,,,3,,one cell missing; derivable from the row itself,"v2 = 0.00, from this fund's own other three columns",0,check failed,"v1: 3,896,031.10 vs printed 5,596,048.89 (-1,700,017.79) ; v3: 4,393,274.25 vs printed 6,269,397.74 (-1,876,123.49) ; v4: 4,871,373.76 vs printed 6,414,742.67 (-1,543,368.91)"
2021,FY2021,SCHOOL DEPARTMENT,Safer Schools Grant,33,,,50000.00,,50000.00,0.00,,,3,,one cell missing; derivable from the row itself,"v2 = 0.00, from this fund's own other three columns",0,check failed,"v1: 3,896,031.10 vs printed 5,596,048.89 (-1,700,017.79) ; v3: 4,393,274.25 vs printed 6,269,397.74 (-1,876,123.49) ; v4: 4,871,373.76 vs printed 6,414,742.67 (-1,543,368.91)"
2021,FY2021,PUBLIC SAFETY,Insurance Recoveries - Police,33,,,4201.05,1488.97,,5690.02,,,3,,one cell missing; derivable from the row itself,"v3 = 0.00, from this fund's own other three columns",0,check failed,"v1: 3,896,031.10 vs printed 5,596,048.89 (-1,700,017.79) ; v3: 4,393,274.25 vs printed 6,269,397.74 (-1,876,123.49) ; v4: 4,871,373.76 vs printed 6,414,742.67 (-1,543,368.91)"
2021,FY2021,PUBLIC SAFETY,Community Policing FY 96,33,,,6.55,,,6.55,,,2,,,,0,check failed,"v1: 3,896,031.10 vs printed 5,596,048.89 (-1,700,017.79) ; v3: 4,393,274.25 vs printed 6,269,397.74 (-1,876,123.49) ; v4: 4,871,373.76 vs printed 6,414,742.67 (-1,543,368.91)"
2021,FY2021,PUBLIC SAFETY,Community Policing FY 97,33,,,1.97,,,1.97,,,2,,,,0,check failed,"v1: 3,896,031.10 vs printed 5,596,048.89 (-1,700,017.79) ; v3: 4,393,274.25 vs printed 6,269,397.74 (-1,876,123.49) ; v4: 4,871,373.76 vs printed 6,414,742.67 (-1,543,368.91)"
2021,FY2021,PUBLIC SAFETY,Community Policing FY 98,33,,,0.66,,,0.66,,,2,,,,0,check failed,"v1: 3,896,031.10 vs printed 5,596,048.89 (-1,700,017.79) ; v3: 4,393,274.25 vs printed 6,269,397.74 (-1,876,123.49) ; v4: 4,871,373.76 vs printed 6,414,742.67 (-1,543,368.91)"
2021,FY2021,PUBLIC SAFETY,,33,,,32.00,,,,,,1,,,,0,check failed,"v1: 3,896,031.10 vs printed 5,596,048.89 (-1,700,017.79) ; v3: 4,393,274.25 vs printed 6,269,397.74 (-1,876,123.49) ; v4: 4,871,373.76 vs printed 6,414,742.67 (-1,543,368.91)"
2021,FY2021,PUBLIC SAFETY,Walmart Grant - Police Dept.,34,,,1000.00,,,1000.00,,,2,,,,0,check failed,"v1: 3,896,031.10 vs printed 5,596,048.89 (-1,700,017.79) ; v3: 4,393,274.25 vs printed 6,269,397.74 (-1,876,123.49) ; v4: 4,871,373.76 vs printed 6,414,742.67 (-1,543,368.91)"
2021,FY2021,PUBLIC SAFETY,Firefighter PS Equipment Grant,34,,,30.00,,,30.00,,,2,,,,0,check failed,"v1: 3,896,031.10 vs printed 5,596,048.89 (-1,700,017.79) ; v3: 4,393,274.25 vs printed 6,269,397.74 (-1,876,123.49) ; v4: 4,871,373.76 vs printed 6,414,742.67 (-1,543,368.91)"
2021,FY2021,PUBLIC SAFETY,Firefighter Safety Equipment Grant,34,,,9.84,,,9.84,,,2,,,,0,check failed,"v1: 3,896,031.10 vs printed 5,596,048.89 (-1,700,017.79) ; v3: 4,393,274.25 vs printed 6,269,397.74 (-1,876,123.49) ; v4: 4,871,373.76 vs printed 6,414,742.67 (-1,543,368.91)"
2021,FY2021,PUBLIC SAFETY,State 911 Grant - Fire Dept,34,,,7.00,,,7.00,,,2,,,,0,check failed,"v1: 3,896,031.10 vs printed 5,596,048.89 (-1,700,017.79) ; v3: 4,393,274.25 vs printed 6,269,397.74 (-1,876,123.49) ; v4: 4,871,373.76 vs printed 6,414,742.67 (-1,543,368.91)"
2021,FY2021,PUBLIC SAFETY,Police/Fire Special Details,34,,,11526.90,175009.61,176810.30,9726.21,,,4,,fund balances: forward + receipts - disbursements = carried forward,,0,check failed,"v1: 3,896,031.10 vs printed 5,596,048.89 (-1,700,017.79) ; v3: 4,393,274.25 vs printed 6,269,397.74 (-1,876,123.49) ; v4: 4,871,373.76 vs printed 6,414,742.67 (-1,543,368.91)"
2021,FY2021,PUBLIC SAFETY,Coastal/Patriot Ambulance Revolving,34,,,579.06,71104.52,71104.52,579.06,,,4,,fund balances: forward + receipts - disbursements = carried forward,,0,check failed,"v1: 3,896,031.10 vs printed 5,596,048.89 (-1,700,017.79) ; v3: 4,393,274.25 vs printed 6,269,397.74 (-1,876,123.49) ; v4: 4,871,373.76 vs printed 6,414,742.67 (-1,543,368.91)"
2021,FY2021,PUBLIC SAFETY,Firefighter Equipment Grant - FY05,34,,,419.60,,,419.60,,,2,,,,0,check failed,"v1: 3,896,031.10 vs printed 5,596,048.89 (-1,700,017.79) ; v3: 4,393,274.25 vs printed 6,269,397.74 (-1,876,123.49) ; v4: 4,871,373.76 vs printed 6,414,742.67 (-1,543,368.91)"
2021,FY2021,PUBLIC SAFETY,Confined Space Training,34,,,1956.77,,,1956.77,,,2,,,,0,check failed,"v1: 3,896,031.10 vs printed 5,596,048.89 (-1,700,017.79) ; v3: 4,393,274.25 vs printed 6,269,397.74 (-1,876,123.49) ; v4: 4,871,373.76 vs printed 6,414,742.67 (-1,543,368.91)"
2021,FY2021,PUBLIC SAFETY,Police NRA Foundation Grant,34,,,0.10,,,0.10,,,2,,,,0,check failed,"v1: 3,896,031.10 vs printed 5,596,048.89 (-1,700,017.79) ; v3: 4,393,274.25 vs printed 6,269,397.74 (-1,876,123.49) ; v4: 4,871,373.76 vs printed 6,414,742.67 (-1,543,368.91)"
2021,FY2021,PUBLIC SAFETY,COPS Secure Our Schools,34,,,0.82,,,0.82,,,2,,,,0,check failed,"v1: 3,896,031.10 vs printed 5,596,048.89 (-1,700,017.79) ; v3: 4,393,274.25 vs printed 6,269,397.74 (-1,876,123.49) ; v4: 4,871,373.76 vs printed 6,414,742.67 (-1,543,368.91)"
2021,FY2021,PUBLIC SAFETY,Safe Grant - Fire Department,34,,,6786.79,7172.00,3386.56,10572.23,,,4,,fund balances: forward + receipts - disbursements = carried forward,,0,check failed,"v1: 3,896,031.10 vs printed 5,596,048.89 (-1,700,017.79) ; v3: 4,393,274.25 vs printed 6,269,397.74 (-1,876,123.49) ; v4: 4,871,373.76 vs printed 6,414,742.67 (-1,543,368.91)"
2021,FY2021,PUBLIC SAFETY,GHSB Click It Or Ticket,34,,,-105.52,319.36,1772.98,-1559.14,,,4,,fund balances: forward + receipts - disbursements = carried forward,,0,check failed,"v1: 3,896,031.10 vs printed 5,596,048.89 (-1,700,017.79) ; v3: 4,393,274.25 vs printed 6,269,397.74 (-1,876,123.49) ; v4: 4,871,373.76 vs printed 6,414,742.67 (-1,543,368.91)"
2021,FY2021,PUBLIC SAFETY,K-9 Grant - Stanton Foundation,34,,,963.54,,,963.54,,,2,,,,0,check failed,"v1: 3,896,031.10 vs printed 5,596,048.89 (-1,700,017.79) ; v3: 4,393,274.25 vs printed 6,269,397.74 (-1,876,123.49) ; v4: 4,871,373.76 vs printed 6,414,742.67 (-1,543,368.91)"
2021,FY2021,PUBLIC SAFETY,Federal Drug Forfeiture,34,,,50835.42,,5916.00,44919.42,,,3,,one cell missing; derivable from the row itself,"v2 = 0.00, from this fund's own other three columns",0,check failed,"v1: 3,896,031.10 vs printed 5,596,048.89 (-1,700,017.79) ; v3: 4,393,274.25 vs printed 6,269,397.74 (-1,876,123.49) ; v4: 4,871,373.76 vs printed 6,414,742.67 (-1,543,368.91)"
2021,FY2021,PUBLIC SAFETY,EMPG Grant,34,,,102.03,3500.00,3500.00,102.03,,,4,,fund balances: forward + receipts - disbursements = carried forward,,0,check failed,"v1: 3,896,031.10 vs printed 5,596,048.89 (-1,700,017.79) ; v3: 4,393,274.25 vs printed 6,269,397.74 (-1,876,123.49) ; v4: 4,871,373.76 vs printed 6,414,742.67 (-1,543,368.91)"
2021,FY2021,PUBLIC SAFETY,Public Safety Gift Fund,34,,,220.38,,,220.38,,,2,,,,0,check failed,"v1: 3,896,031.10 vs printed 5,596,048.89 (-1,700,017.79) ; v3: 4,393,274.25 vs printed 6,269,397.74 (-1,876,123.49) ; v4: 4,871,373.76 vs printed 6,414,742.67 (-1,543,368.91)"
2021,FY2021,PUBLIC SAFETY,Police Gift Fund,34,,,4439.10,,,4439.10,,,2,,,,0,check failed,"v1: 3,896,031.10 vs printed 5,596,048.89 (-1,700,017.79) ; v3: 4,393,274.25 vs printed 6,269,397.74 (-1,876,123.49) ; v4: 4,871,373.76 vs printed 6,414,742.67 (-1,543,368.91)"
2021,FY2021,PUBLIC SAFETY,Firefighter Turnout Gear Grant,34,,,0.00,,2057.82,-2057.82,,,3,,one cell missing; derivable from the row itself,"v2 = 0.00, from this fund's own other three columns",0,check failed,"v1: 3,896,031.10 vs printed 5,596,048.89 (-1,700,017.79) ; v3: 4,393,274.25 vs printed 6,269,397.74 (-1,876,123.49) ; v4: 4,871,373.76 vs printed 6,414,742.67 (-1,543,368.91)"
2021,FY2021,PUBLIC SAFETY,HHS Provider Relief Fund,34,,,7035.89,,,7035.89,,,2,,,,0,check failed,"v1: 3,896,031.10 vs printed 5,596,048.89 (-1,700,017.79) ; v3: 4,393,274.25 vs printed 6,269,397.74 (-1,876,123.49) ; v4: 4,871,373.76 vs printed 6,414,742.67 (-1,543,368.91)"
2021,FY2021,PUBLIC SAFETY,Municipal Road Safety Grant,34,,,0.00,6776.32,6000.00,776.32,,,4,,fund balances: forward + receipts - disbursements = carried forward,,0,check failed,"v1: 3,896,031.10 vs printed 5,596,048.89 (-1,700,017.79) ; v3: 4,393,274.25 vs printed 6,269,397.74 (-1,876,123.49) ; v4: 4,871,373.76 vs printed 6,414,742.67 (-1,543,368.91)"
2021,FY2021,PUBLIC SAFETY,Byrne Justice Assistance Grant,34,,,0.00,35354.00,36404.50,-1050.50,,,4,,fund balances: forward + receipts - disbursements = carried forward,,0,check failed,"v1: 3,896,031.10 vs printed 5,596,048.89 (-1,700,017.79) ; v3: 4,393,274.25 vs printed 6,269,397.74 (-1,876,123.49) ; v4: 4,871,373.76 vs printed 6,414,742.67 (-1,543,368.91)"
2021,FY2021,PUBLIC SAFETY,Medication Disposal Grant,34,,,1300.00,,,1300.00,,,2,,,,0,check failed,"v1: 3,896,031.10 vs printed 5,596,048.89 (-1,700,017.79) ; v3: 4,393,274.25 vs printed 6,269,397.74 (-1,876,123.49) ; v4: 4,871,373.76 vs printed 6,414,742.67 (-1,543,368.91)"
2021,FY2021,PARKS & RECREATION,Park User Fees,34,,,32462.51,48797.27,14816.00,66443.78,,,4,,fund balances: forward + receipts - disbursements = carried forward,,0,check failed,"v1: 3,896,031.10 vs printed 5,596,048.89 (-1,700,017.79) ; v3: 4,393,274.25 vs printed 6,269,397.74 (-1,876,123.49) ; v4: 4,871,373.76 vs printed 6,414,742.67 (-1,543,368.91)"
2021,FY2021,PARKS & RECREATION,Park Gift Fund,34,,,752.00,,,752.00,,,2,,,,0,check failed,"v1: 3,896,031.10 vs printed 5,596,048.89 (-1,700,017.79) ; v3: 4,393,274.25 vs printed 6,269,397.74 (-1,876,123.49) ; v4: 4,871,373.76 vs printed 6,414,742.67 (-1,543,368.91)"
2021,FY2021,HIGHWAY DEPARTMENT,Chapter 90,34,,,21760.03,5.16,448482.73,-426717.54,,,4,,fund balances: forward + receipts - disbursements = carried forward,,0,check failed,"v1: 3,896,031.10 vs printed 5,596,048.89 (-1,700,017.79) ; v3: 4,393,274.25 vs printed 6,269,397.74 (-1,876,123.49) ; v4: 4,871,373.76 vs printed 6,414,742.67 (-1,543,368.91)"
2021,FY2021,HIGHWAY DEPARTMENT,DPW Roads Gift Fund,34,,,3330.00,,,3330.00,,,2,,,,0,check failed,"v1: 3,896,031.10 vs printed 5,596,048.89 (-1,700,017.79) ; v3: 4,393,274.25 vs printed 6,269,397.74 (-1,876,123.49) ; v4: 4,871,373.76 vs printed 6,414,742.67 (-1,543,368.91)"
2021,FY2021,HIGHWAY DEPARTMENT,,34,,,33.00,,,,,,1,,,,0,check failed,"v1: 3,896,031.10 vs printed 5,596,048.89 (-1,700,017.79) ; v3: 4,393,274.25 vs printed 6,269,397.74 (-1,876,123.49) ; v4: 4,871,373.76 vs printed 6,414,742.67 (-1,543,368.91)"
2021,FY2021,HIGHWAY DEPARTMENT,C.O.A./M.A.R. T. Revolving,35,,,-4464.60,24966.46,23165.21,-2663.35,,,4,,fund balances: forward + receipts - disbursements = carried forward,,0,check failed,"v1: 3,896,031.10 vs printed 5,596,048.89 (-1,700,017.79) ; v3: 4,393,274.25 vs printed 6,269,397.74 (-1,876,123.49) ; v4: 4,871,373.76 vs printed 6,414,742.67 (-1,543,368.91)"
2021,FY2021,HIGHWAY DEPARTMENT,C.O.A. Formula Grant,35,,,395.49,25272.00,18509.23,7158.26,,,4,,fund balances: forward + receipts - disbursements = carried forward,,0,check failed,"v1: 3,896,031.10 vs printed 5,596,048.89 (-1,700,017.79) ; v3: 4,393,274.25 vs printed 6,269,397.74 (-1,876,123.49) ; v4: 4,871,373.76 vs printed 6,414,742.67 (-1,543,368.91)"
2021,FY2021,HIGHWAY DEPARTMENT,E.O.C.D. Senior Center Grant,35,,,1685.71,0.55,,1686.26,,,3,,one cell missing; derivable from the row itself,"v3 = 0.00, from this fund's own other three columns",0,check failed,"v1: 3,896,031.10 vs printed 5,596,048.89 (-1,700,017.79) ; v3: 4,393,274.25 vs printed 6,269,397.74 (-1,876,123.49) ; v4: 4,871,373.76 vs printed 6,414,742.67 (-1,543,368.91)"
2021,FY2021,HIGHWAY DEPARTMENT,Venture Grant - Are You OK,35,,,24.00,,,24.00,,,2,,,,0,check failed,"v1: 3,896,031.10 vs printed 5,596,048.89 (-1,700,017.79) ; v3: 4,393,274.25 vs printed 6,269,397.74 (-1,876,123.49) ; v4: 4,871,373.76 vs printed 6,414,742.67 (-1,543,368.91)"
2021,FY2021,HIGHWAY DEPARTMENT,Council on Aging Gift Fund,35,,,4575.55,1410.00,1542.58,4442.97,,,4,,fund balances: forward + receipts - disbursements = carried forward,,0,check failed,"v1: 3,896,031.10 vs printed 5,596,048.89 (-1,700,017.79) ; v3: 4,393,274.25 vs printed 6,269,397.74 (-1,876,123.49) ; v4: 4,871,373.76 vs printed 6,414,742.67 (-1,543,368.91)"
2021,FY2021,HIGHWAY DEPARTMENT,COA Program Grant,35,,,603.19,2300.00,2267.50,635.69,,,4,,fund balances: forward + receipts - disbursements = carried forward,,0,check failed,"v1: 3,896,031.10 vs printed 5,596,048.89 (-1,700,017.79) ; v3: 4,393,274.25 vs printed 6,269,397.74 (-1,876,123.49) ; v4: 4,871,373.76 vs printed 6,414,742.67 (-1,543,368.91)"
2021,FY2021,LIBRARY,State Aid-Libraries,35,,,20619.79,20624.95,10549.74,30695.00,,,4,,fund balances: forward + receipts - disbursements = carried forward,,0,check failed,"v1: 3,896,031.10 vs printed 5,596,048.89 (-1,700,017.79) ; v3: 4,393,274.25 vs printed 6,269,397.74 (-1,876,123.49) ; v4: 4,871,373.76 vs printed 6,414,742.67 (-1,543,368.91)"
2021,FY2021,LIBRARY,Library Gift Fund,35,,,20972.54,2600.00,,23572.54,,,3,,one cell missing; derivable from the row itself,"v3 = 0.00, from this fund's own other three columns",0,check failed,"v1: 3,896,031.10 vs printed 5,596,048.89 (-1,700,017.79) ; v3: 4,393,274.25 vs printed 6,269,397.74 (-1,876,123.49) ; v4: 4,871,373.76 vs printed 6,414,742.67 (-1,543,368.91)"
2021,FY2021,LIBRARY,Library Revolving Fund,35,,,1807.85,673.16,114.77,2366.24,,,4,,fund balances: forward + receipts - disbursements = carried forward,,0,check failed,"v1: 3,896,031.10 vs printed 5,596,048.89 (-1,700,017.79) ; v3: 4,393,274.25 vs printed 6,269,397.74 (-1,876,123.49) ; v4: 4,871,373.76 vs printed 6,414,742.67 (-1,543,368.91)"
2021,FY2021,LIBRARY,FY07 Public Libraries Fund,35,,,571.17,,,571.17,,,2,,,,0,check failed,"v1: 3,896,031.10 vs printed 5,596,048.89 (-1,700,017.79) ; v3: 4,393,274.25 vs printed 6,269,397.74 (-1,876,123.49) ; v4: 4,871,373.76 vs printed 6,414,742.67 (-1,543,368.91)"
2021,FY2021,LIBRARY,Sale of Cemetery Lots,35,,,64197.92,23040.79,,87238.71,,,3,,one cell missing; derivable from the row itself,"v3 = -0.00, from this fund's own other three columns",0,check failed,"v1: 3,896,031.10 vs printed 5,596,048.89 (-1,700,017.79) ; v3: 4,393,274.25 vs printed 6,269,397.74 (-1,876,123.49) ; v4: 4,871,373.76 vs printed 6,414,742.67 (-1,543,368.91)"
2021,FY2021,LIBRARY,North Cemetery Accessibility Grant,35,,,0.00,,32000.00,-32000.00,,,3,,one cell missing; derivable from the row itself,"v2 = 0.00, from this fund's own other three columns",0,check failed,"v1: 3,896,031.10 vs printed 5,596,048.89 (-1,700,017.79) ; v3: 4,393,274.25 vs printed 6,269,397.74 (-1,876,123.49) ; v4: 4,871,373.76 vs printed 6,414,742.67 (-1,543,368.91)"
2021,FY2021,LIBRARY,Lunenburg Cemetery Gift Fund,35,,,721.39,,512.00,209.39,,,3,,one cell missing; derivable from the row itself,"v2 = 0.00, from this fund's own other three columns",0,check failed,"v1: 3,896,031.10 vs printed 5,596,048.89 (-1,700,017.79) ; v3: 4,393,274.25 vs printed 6,269,397.74 (-1,876,123.49) ; v4: 4,871,373.76 vs printed 6,414,742.67 (-1,543,368.91)"
2021,FY2021,LIBRARY,Elderly/Disabled Fund,35,,,2487.14,,,2487.14,,,2,,,,0,check failed,"v1: 3,896,031.10 vs printed 5,596,048.89 (-1,700,017.79) ; v3: 4,393,274.25 vs printed 6,269,397.74 (-1,876,123.49) ; v4: 4,871,373.76 vs printed 6,414,742.67 (-1,543,368.91)"
2021,FY2021,LIBRARY,Green Communities Grant,35,,,895.95,52020.75,39609.13,13307.57,,,4,,fund balances: forward + receipts - disbursements = carried forward,,0,check failed,"v1: 3,896,031.10 vs printed 5,596,048.89 (-1,700,017.79) ; v3: 4,393,274.25 vs printed 6,269,397.74 (-1,876,123.49) ; v4: 4,871,373.76 vs printed 6,414,742.67 (-1,543,368.91)"
2021,FY2021,LIBRARY,Agricultural Commission Grant,35,,,911.00,1165.00,675.00,,,,3,,one cell missing; derivable from the row itself,"v4 = 1,401.00, from this fund's own other three columns",0,check failed,"v1: 3,896,031.10 vs printed 5,596,048.89 (-1,700,017.79) ; v3: 4,393,274.25 vs printed 6,269,397.74 (-1,876,123.49) ; v4: 4,871,373.76 vs printed 6,414,742.67 (-1,543,368.91)"
2021,FY2021,LIBRARY,,35,,,,,,1401.00,,,1,,,,0,check failed,"v1: 3,896,031.10 vs printed 5,596,048.89 (-1,700,017.79) ; v3: 4,393,274.25 vs printed 6,269,397.74 (-1,876,123.49) ; v4: 4,871,373.76 vs printed 6,414,742.67 (-1,543,368.91)"
2021,FY2021,LIBRARY,Center for Tech & Civic Life Grant,35,,,0.00,5000.00,5000.00,0.00,,,4,,fund balances: forward + receipts - disbursements = carried forward,,0,check failed,"v1: 3,896,031.10 vs printed 5,596,048.89 (-1,700,017.79) ; v3: 4,393,274.25 vs printed 6,269,397.74 (-1,876,123.49) ; v4: 4,871,373.76 vs printed 6,414,742.67 (-1,543,368.91)"
2021,FY2021,LIBRARY,MIlA Great Places to Work Grant,35,,,0.00,6800.00,6800.00,0.00,,,4,,fund balances: forward + receipts - disbursements = carried forward,,0,check failed,"v1: 3,896,031.10 vs printed 5,596,048.89 (-1,700,017.79) ; v3: 4,393,274.25 vs printed 6,269,397.74 (-1,876,123.49) ; v4: 4,871,373.76 vs printed 6,414,742.67 (-1,543,368.91)"
2021,FY2021,LIBRARY,Bell Tower Mtc. Fund-Town Hall,35,,,2556.37,,,2556.37,,,2,,,,0,check failed,"v1: 3,896,031.10 vs printed 5,596,048.89 (-1,700,017.79) ; v3: 4,393,274.25 vs printed 6,269,397.74 (-1,876,123.49) ; v4: 4,871,373.76 vs printed 6,414,742.67 (-1,543,368.91)"
2021,FY2021,LIBRARY,Historical Comm. Gift Fund,35,,,137.36,,,137.36,,,2,,,,0,check failed,"v1: 3,896,031.10 vs printed 5,596,048.89 (-1,700,017.79) ; v3: 4,393,274.25 vs printed 6,269,397.74 (-1,876,123.49) ; v4: 4,871,373.76 vs printed 6,414,742.67 (-1,543,368.91)"
2021,FY2021,LIBRARY,Mass Historical Comm Grant-Town Hall,35,,,4150.00,,,4150.00,,,2,,,,0,check failed,"v1: 3,896,031.10 vs printed 5,596,048.89 (-1,700,017.79) ; v3: 4,393,274.25 vs printed 6,269,397.74 (-1,876,123.49) ; v4: 4,871,373.76 vs printed 6,414,742.67 (-1,543,368.91)"
2021,FY2021,LIBRARY,MWPAT Septic Repair,35,,,4079.03,,,4079.03,,,2,,,,0,check failed,"v1: 3,896,031.10 vs printed 5,596,048.89 (-1,700,017.79) ; v3: 4,393,274.25 vs printed 6,269,397.74 (-1,876,123.49) ; v4: 4,871,373.76 vs printed 6,414,742.67 (-1,543,368.91)"
2021,FY2021,LIBRARY,WPAT Septic Receipts Reserved,35,,,36490.59,,,36490.59,,,2,,,,0,check failed,"v1: 3,896,031.10 vs printed 5,596,048.89 (-1,700,017.79) ; v3: 4,393,274.25 vs printed 6,269,397.74 (-1,876,123.49) ; v4: 4,871,373.76 vs printed 6,414,742.67 (-1,543,368.91)"
2021,FY2021,LIBRARY,E.O.C.D. Septic | Grant,35,,,94056.59,,,104171.03,,,2,,,,0,check failed,"v1: 3,896,031.10 vs printed 5,596,048.89 (-1,700,017.79) ; v3: 4,393,274.25 vs printed 6,269,397.74 (-1,876,123.49) ; v4: 4,871,373.76 vs printed 6,414,742.67 (-1,543,368.91)"
2021,FY2021,LIBRARY,Water Enterprise Fund,35,,,52219.85,39162.31,36838.59,54543.57,,,4,,fund balances: forward + receipts - disbursements = carried forward,,0,check failed,"v1: 3,896,031.10 vs printed 5,596,048.89 (-1,700,017.79) ; v3: 4,393,274.25 vs printed 6,269,397.74 (-1,876,123.49) ; v4: 4,871,373.76 vs printed 6,414,742.67 (-1,543,368.91)"
2021,FY2021,LIBRARY,Sewer Enterprise Fund,35,,,1398822.65,1269129.95,1042471.79,1625480.81,,,4,,fund balances: forward + receipts - disbursements = carried forward,,0,check failed,"v1: 3,896,031.10 vs printed 5,596,048.89 (-1,700,017.79) ; v3: 4,393,274.25 vs printed 6,269,397.74 (-1,876,123.49) ; v4: 4,871,373.76 vs printed 6,414,742.67 (-1,543,368.91)"
2021,FY2021,LIBRARY,,35,,,34.00,,,,,,1,,,,0,check failed,"v1: 3,896,031.10 vs printed 5,596,048.89 (-1,700,017.79) ; v3: 4,393,274.25 vs printed 6,269,397.74 (-1,876,123.49) ; v4: 4,871,373.76 vs printed 6,414,742.67 (-1,543,368.91)"
2021,FY2021,LIBRARY,FEMA #4496 - COVID Grant,36,,,-34094.82,,40816.99,-74911.81,,,3,,one cell missing; derivable from the row itself,"v2 = 0.00, from this fund's own other three columns",0,check failed,"v1: 3,896,031.10 vs printed 5,596,048.89 (-1,700,017.79) ; v3: 4,393,274.25 vs printed 6,269,397.74 (-1,876,123.49) ; v4: 4,871,373.76 vs printed 6,414,742.67 (-1,543,368.91)"
2021,FY2021,LIBRARY,ARPA Funds,36,,,0.00,614195.58,,614195.58,,,3,,one cell missing; derivable from the row itself,"v3 = 0.00, from this fund's own other three columns",0,check failed,"v1: 3,896,031.10 vs printed 5,596,048.89 (-1,700,017.79) ; v3: 4,393,274.25 vs printed 6,269,397.74 (-1,876,123.49) ; v4: 4,871,373.76 vs printed 6,414,742.67 (-1,543,368.91)"
2021,FY2021,LIBRARY,Artificial Turf Revolving,36,,,51569.44,45000.00,46473.00,50096.44,,,4,,fund balances: forward + receipts - disbursements = carried forward,,0,check failed,"v1: 3,896,031.10 vs printed 5,596,048.89 (-1,700,017.79) ; v3: 4,393,274.25 vs printed 6,269,397.74 (-1,876,123.49) ; v4: 4,871,373.76 vs printed 6,414,742.67 (-1,543,368.91)"
2021,FY2021,LIBRARY,DEP Pay As You Throw Grant,36,,,4720.43,,,4720.43,,,2,,,,0,check failed,"v1: 3,896,031.10 vs printed 5,596,048.89 (-1,700,017.79) ; v3: 4,393,274.25 vs printed 6,269,397.74 (-1,876,123.49) ; v4: 4,871,373.76 vs printed 6,414,742.67 (-1,543,368.91)"
2021,FY2021,LIBRARY,Recycling Outreach Fund,36,,,7275.48,7600.00,1695.57,13179.91,,,4,,fund balances: forward + receipts - disbursements = carried forward,,0,check failed,"v1: 3,896,031.10 vs printed 5,596,048.89 (-1,700,017.79) ; v3: 4,393,274.25 vs printed 6,269,397.74 (-1,876,123.49) ; v4: 4,871,373.76 vs printed 6,414,742.67 (-1,543,368.91)"
2021,FY2021,LIBRARY,Repayments Sewer Hookup,36,,,9222.00,,,9222.00,,,2,,,,0,check failed,"v1: 3,896,031.10 vs printed 5,596,048.89 (-1,700,017.79) ; v3: 4,393,274.25 vs printed 6,269,397.74 (-1,876,123.49) ; v4: 4,871,373.76 vs printed 6,414,742.67 (-1,543,368.91)"
2021,FY2021,LIBRARY,Solid Waste/Recycling Enterprise Fund,36,,,10389.82,434168.42,310962.35,133595.89,,,4,,fund balances: forward + receipts - disbursements = carried forward,,0,check failed,"v1: 3,896,031.10 vs printed 5,596,048.89 (-1,700,017.79) ; v3: 4,393,274.25 vs printed 6,269,397.74 (-1,876,123.49) ; v4: 4,871,373.76 vs printed 6,414,742.67 (-1,543,368.91)"
2021,FY2021,LIBRARY,CVS Volunteer Challenge Grant,36,,,500.00,,,500.00,,,2,,,,0,check failed,"v1: 3,896,031.10 vs printed 5,596,048.89 (-1,700,017.79) ; v3: 4,393,274.25 vs printed 6,269,397.74 (-1,876,123.49) ; v4: 4,871,373.76 vs printed 6,414,742.67 (-1,543,368.91)"
2021,FY2021,LIBRARY,Fields Pond Foundation,36,,,1600.00,,,1600.00,,,2,,,,0,check failed,"v1: 3,896,031.10 vs printed 5,596,048.89 (-1,700,017.79) ; v3: 4,393,274.25 vs printed 6,269,397.74 (-1,876,123.49) ; v4: 4,871,373.76 vs printed 6,414,742.67 (-1,543,368.91)"
2021,FY2021,LIBRARY,March for Parks,36,,,1617.25,,,1617.25,,,2,,,,0,check failed,"v1: 3,896,031.10 vs printed 5,596,048.89 (-1,700,017.79) ; v3: 4,393,274.25 vs printed 6,269,397.74 (-1,876,123.49) ; v4: 4,871,373.76 vs printed 6,414,742.67 (-1,543,368.91)"
2021,FY2021,LIBRARY,Skate Park Fund,36,,,197.00,,,197.00,,,2,,,,0,check failed,"v1: 3,896,031.10 vs printed 5,596,048.89 (-1,700,017.79) ; v3: 4,393,274.25 vs printed 6,269,397.74 (-1,876,123.49) ; v4: 4,871,373.76 vs printed 6,414,742.67 (-1,543,368.91)"
2021,FY2021,LIBRARY,Weights/Measures Citation Fund,36,,,325.00,,,325.00,,,2,,,,0,check failed,"v1: 3,896,031.10 vs printed 5,596,048.89 (-1,700,017.79) ; v3: 4,393,274.25 vs printed 6,269,397.74 (-1,876,123.49) ; v4: 4,871,373.76 vs printed 6,414,742.67 (-1,543,368.91)"
2021,FY2021,LIBRARY,Marshall Park Restoration Fund,36,,,125.00,,,125.00,,,2,,,,0,check failed,"v1: 3,896,031.10 vs printed 5,596,048.89 (-1,700,017.79) ; v3: 4,393,274.25 vs printed 6,269,397.74 (-1,876,123.49) ; v4: 4,871,373.76 vs printed 6,414,742.67 (-1,543,368.91)"
2021,FY2021,LIBRARY,PEG Access Enterprise Fund,36,,,750237.94,200083.14,92823.26,857497.82,,,4,,fund balances: forward + receipts - disbursements = carried forward,,0,check failed,"v1: 3,896,031.10 vs printed 5,596,048.89 (-1,700,017.79) ; v3: 4,393,274.25 vs printed 6,269,397.74 (-1,876,123.49) ; v4: 4,871,373.76 vs printed 6,414,742.67 (-1,543,368.91)"
2021,FY2021,LIBRARY,Sale of Real Estate Fund,36,,,9925.00,33250.00,,43175.00,,,3,,one cell missing; derivable from the row itself,"v3 = 0.00, from this fund's own other three columns",0,check failed,"v1: 3,896,031.10 vs printed 5,596,048.89 (-1,700,017.79) ; v3: 4,393,274.25 vs printed 6,269,397.74 (-1,876,123.49) ; v4: 4,871,373.76 vs printed 6,414,742.67 (-1,543,368.91)"
2021,FY2021,LIBRARY,Arts Lottery Fund,36,,,11926.80,7022.52,1059.29,17890.03,,,4,,fund balances: forward + receipts - disbursements = carried forward,,0,check failed,"v1: 3,896,031.10 vs printed 5,596,048.89 (-1,700,017.79) ; v3: 4,393,274.25 vs printed 6,269,397.74 (-1,876,123.49) ; v4: 4,871,373.76 vs printed 6,414,742.67 (-1,543,368.91)"
2021,FY2021,LIBRARY,Debris Removal Gift Fund,36,,,676.00,,,676.00,,,2,,,,0,check failed,"v1: 3,896,031.10 vs printed 5,596,048.89 (-1,700,017.79) ; v3: 4,393,274.25 vs printed 6,269,397.74 (-1,876,123.49) ; v4: 4,871,373.76 vs printed 6,414,742.67 (-1,543,368.91)"
2021,FY2021,LIBRARY,Citizens Relief Fund,36,,,200.00,,,200.00,,,2,,,,0,check failed,"v1: 3,896,031.10 vs printed 5,596,048.89 (-1,700,017.79) ; v3: 4,393,274.25 vs printed 6,269,397.74 (-1,876,123.49) ; v4: 4,871,373.76 vs printed 6,414,742.67 (-1,543,368.91)"
2021,FY2021,LIBRARY,Mass Trails Grant,36,,,0.00,,3734.85,-3734.85,,,3,,one cell missing; derivable from the row itself,"v2 = 0.00, from this fund's own other three columns",0,check failed,"v1: 3,896,031.10 vs printed 5,596,048.89 (-1,700,017.79) ; v3: 4,393,274.25 vs printed 6,269,397.74 (-1,876,123.49) ; v4: 4,871,373.76 vs printed 6,414,742.67 (-1,543,368.91)"
2021,FY2021,LIBRARY,Hollis Road Revolving,36,,,46192.89,10200.00,6609.10,49783.79,,,4,,fund balances: forward + receipts - disbursements = carried forward,,0,check failed,"v1: 3,896,031.10 vs printed 5,596,048.89 (-1,700,017.79) ; v3: 4,393,274.25 vs printed 6,269,397.74 (-1,876,123.49) ; v4: 4,871,373.76 vs printed 6,414,742.67 (-1,543,368.91)"
2021,FY2021,LIBRARY,TNC Per Ride Assessment Fund,36,,,1877.20,484.20,,2361.40,,,3,,one cell missing; derivable from the row itself,"v3 = 0.00, from this fund's own other three columns",0,check failed,"v1: 3,896,031.10 vs printed 5,596,048.89 (-1,700,017.79) ; v3: 4,393,274.25 vs printed 6,269,397.74 (-1,876,123.49) ; v4: 4,871,373.76 vs printed 6,414,742.67 (-1,543,368.91)"
2021,FY2021,LIBRARY,Recycling Dividends Program Grant,36,,,18793.51,7200.00,2190.00,23803.51,,,4,,fund balances: forward + receipts - disbursements = carried forward,,0,check failed,"v1: 3,896,031.10 vs printed 5,596,048.89 (-1,700,017.79) ; v3: 4,393,274.25 vs printed 6,269,397.74 (-1,876,123.49) ; v4: 4,871,373.76 vs printed 6,414,742.67 (-1,543,368.91)"
2021,FY2021,LIBRARY,Community Compact - E-Permitting Grant,36,,,200.00,,,200.00,,,2,,,,0,check failed,"v1: 3,896,031.10 vs printed 5,596,048.89 (-1,700,017.79) ; v3: 4,393,274.25 vs printed 6,269,397.74 (-1,876,123.49) ; v4: 4,871,373.76 vs printed 6,414,742.67 (-1,543,368.91)"
2021,FY2021,LIBRARY,Extended Polling Hours Grant,36,,,0.00,4282.60,4282.60,0.00,,,4,,fund balances: forward + receipts - disbursements = carried forward,,0,check failed,"v1: 3,896,031.10 vs printed 5,596,048.89 (-1,700,017.79) ; v3: 4,393,274.25 vs printed 6,269,397.74 (-1,876,123.49) ; v4: 4,871,373.76 vs printed 6,414,742.67 (-1,543,368.91)"
2021,FY2021,LIBRARY,Technology Fee Revolving Fund,36,,,0.00,15923.95,15923.95,0.00,,,4,,fund balances: forward + receipts - disbursements = carried forward,,0,check failed,"v1: 3,896,031.10 vs printed 5,596,048.89 (-1,700,017.79) ; v3: 4,393,274.25 vs printed 6,269,397.74 (-1,876,123.49) ; v4: 4,871,373.76 vs printed 6,414,742.67 (-1,543,368.91)"
2021,FY2021,LIBRARY,Community Compact - Syber Security Grant,36,,,50.00,,,50.00,,,2,,,,0,check failed,"v1: 3,896,031.10 vs printed 5,596,048.89 (-1,700,017.79) ; v3: 4,393,274.25 vs printed 6,269,397.74 (-1,876,123.49) ; v4: 4,871,373.76 vs printed 6,414,742.67 (-1,543,368.91)"
2021,FY2021,LIBRARY,State Earmark - Town Hall Ramp,36,,,-13500.00,13500.00,,0.00,,,3,,one cell missing; derivable from the row itself,"v3 = 0.00, from this fund's own other three columns",0,check failed,"v1: 3,896,031.10 vs printed 5,596,048.89 (-1,700,017.79) ; v3: 4,393,274.25 vs printed 6,269,397.74 (-1,876,123.49) ; v4: 4,871,373.76 vs printed 6,414,742.67 (-1,543,368.91)"
2021,FY2021,LIBRARY,,36,,,35.00,,,,,,1,,,,0,check failed,"v1: 3,896,031.10 vs printed 5,596,048.89 (-1,700,017.79) ; v3: 4,393,274.25 vs printed 6,269,397.74 (-1,876,123.49) ; v4: 4,871,373.76 vs printed 6,414,742.67 (-1,543,368.91)"
2022,FY2022,GENERAL GOVERNMENT,Regional Assessor Fund,33,,FISCAL YEAR ENDING 6/30/22 ; FORWARD | TOTAL | TOTAL | BALANCE FWD ; PROGRAM NAME | 7/1/2021 | RECEIPTS | DISBURSEMENTS | 7/1/2022 ; GENERAL GOVERNMENT,30907.25,,,30907.25,,,2,,,,0,check failed,"v1: 6,355,758.65 vs printed 6,414,742.67 (-58,984.02) ; v2: 9,228,323.51 vs printed 9,236,164.01 (-7,840.50) ; v3: 6,960,959.84 vs printed 7,004,408.01 (-43,448.17) ; v4: 8,675,373.35 vs printed 8,645,488.67 (+29,884.68)"
2022,FY2022,GENERAL GOVERNMENT,Conservation Fund,33,,FISCAL YEAR ENDING 6/30/22 ; FORWARD | TOTAL | TOTAL | BALANCE FWD ; PROGRAM NAME | 7/1/2021 | RECEIPTS | DISBURSEMENTS | 7/1/2022 ; GENERAL GOVERNMENT,319.59,,,319.59,,,2,,,,0,check failed,"v1: 6,355,758.65 vs printed 6,414,742.67 (-58,984.02) ; v2: 9,228,323.51 vs printed 9,236,164.01 (-7,840.50) ; v3: 6,960,959.84 vs printed 7,004,408.01 (-43,448.17) ; v4: 8,675,373.35 vs printed 8,645,488.67 (+29,884.68)"
2022,FY2022,GENERAL GOVERNMENT,Conservation Consultant Revolving,33,,FISCAL YEAR ENDING 6/30/22 ; FORWARD | TOTAL | TOTAL | BALANCE FWD ; PROGRAM NAME | 7/1/2021 | RECEIPTS | DISBURSEMENTS | 7/1/2022 ; GENERAL GOVERNMENT,120.50,,,120.50,,,2,,,,0,check failed,"v1: 6,355,758.65 vs printed 6,414,742.67 (-58,984.02) ; v2: 9,228,323.51 vs printed 9,236,164.01 (-7,840.50) ; v3: 6,960,959.84 vs printed 7,004,408.01 (-43,448.17) ; v4: 8,675,373.35 vs printed 8,645,488.67 (+29,884.68)"
2022,FY2022,GENERAL GOVERNMENT,Zoning Board Consultant Revolving,33,,FISCAL YEAR ENDING 6/30/22 ; FORWARD | TOTAL | TOTAL | BALANCE FWD ; PROGRAM NAME | 7/1/2021 | RECEIPTS | DISBURSEMENTS | 7/1/2022 ; GENERAL GOVERNMENT,10984.46,,,10984.46,,,2,,,,0,check failed,"v1: 6,355,758.65 vs printed 6,414,742.67 (-58,984.02) ; v2: 9,228,323.51 vs printed 9,236,164.01 (-7,840.50) ; v3: 6,960,959.84 vs printed 7,004,408.01 (-43,448.17) ; v4: 8,675,373.35 vs printed 8,645,488.67 (+29,884.68)"
2022,FY2022,GENERAL GOVERNMENT,Conservation Gift Fund-Cook Farm,33,,FISCAL YEAR ENDING 6/30/22 ; FORWARD | TOTAL | TOTAL | BALANCE FWD ; PROGRAM NAME | 7/1/2021 | RECEIPTS | DISBURSEMENTS | 7/1/2022 ; GENERAL GOVERNMENT,148.00,,,148.00,,,2,,,,0,check failed,"v1: 6,355,758.65 vs printed 6,414,742.67 (-58,984.02) ; v2: 9,228,323.51 vs printed 9,236,164.01 (-7,840.50) ; v3: 6,960,959.84 vs printed 7,004,408.01 (-43,448.17) ; v4: 8,675,373.35 vs printed 8,645,488.67 (+29,884.68)"
2022,FY2022,GENERAL GOVERNMENT,Town Records Gift Fund,33,,FISCAL YEAR ENDING 6/30/22 ; FORWARD | TOTAL | TOTAL | BALANCE FWD ; PROGRAM NAME | 7/1/2021 | RECEIPTS | DISBURSEMENTS | 7/1/2022 ; GENERAL GOVERNMENT,252.35,,,252.35,,,2,,,,0,check failed,"v1: 6,355,758.65 vs printed 6,414,742.67 (-58,984.02) ; v2: 9,228,323.51 vs printed 9,236,164.01 (-7,840.50) ; v3: 6,960,959.84 vs printed 7,004,408.01 (-43,448.17) ; v4: 8,675,373.35 vs printed 8,645,488.67 (+29,884.68)"
2022,FY2022,GENERAL GOVERNMENT,Scholarship Fund,33,,FISCAL YEAR ENDING 6/30/22 ; FORWARD | TOTAL | TOTAL | BALANCE FWD ; PROGRAM NAME | 7/1/2021 | RECEIPTS | DISBURSEMENTS | 7/1/2022 ; GENERAL GOVERNMENT,232.26,,,232.26,,,2,,,,0,check failed,"v1: 6,355,758.65 vs printed 6,414,742.67 (-58,984.02) ; v2: 9,228,323.51 vs printed 9,236,164.01 (-7,840.50) ; v3: 6,960,959.84 vs printed 7,004,408.01 (-43,448.17) ; v4: 8,675,373.35 vs printed 8,645,488.67 (+29,884.68)"
2022,FY2022,GENERAL GOVERNMENT,Sewer Gift Fund,33,,FISCAL YEAR ENDING 6/30/22 ; FORWARD | TOTAL | TOTAL | BALANCE FWD ; PROGRAM NAME | 7/1/2021 | RECEIPTS | DISBURSEMENTS | 7/1/2022 ; GENERAL GOVERNMENT,387.09,,,387.09,,,2,,,,0,check failed,"v1: 6,355,758.65 vs printed 6,414,742.67 (-58,984.02) ; v2: 9,228,323.51 vs printed 9,236,164.01 (-7,840.50) ; v3: 6,960,959.84 vs printed 7,004,408.01 (-43,448.17) ; v4: 8,675,373.35 vs printed 8,645,488.67 (+29,884.68)"
2022,FY2022,GENERAL GOVERNMENT,Insurance Recoveries,33,,FISCAL YEAR ENDING 6/30/22 ; FORWARD | TOTAL | TOTAL | BALANCE FWD ; PROGRAM NAME | 7/1/2021 | RECEIPTS | DISBURSEMENTS | 7/1/2022 ; GENERAL GOVERNMENT,5248.03,8787.88,10862.88,3173.03,,,4,,fund balances: forward + receipts - disbursements = carried forward,,0,check failed,"v1: 6,355,758.65 vs printed 6,414,742.67 (-58,984.02) ; v2: 9,228,323.51 vs printed 9,236,164.01 (-7,840.50) ; v3: 6,960,959.84 vs printed 7,004,408.01 (-43,448.17) ; v4: 8,675,373.35 vs printed 8,645,488.67 (+29,884.68)"
2022,FY2022,GENERAL GOVERNMENT,Town Hall Chimney Grant,33,,FISCAL YEAR ENDING 6/30/22 ; FORWARD | TOTAL | TOTAL | BALANCE FWD ; PROGRAM NAME | 7/1/2021 | RECEIPTS | DISBURSEMENTS | 7/1/2022 ; GENERAL GOVERNMENT,3000.00,,,3000.00,,,2,,,,0,check failed,"v1: 6,355,758.65 vs printed 6,414,742.67 (-58,984.02) ; v2: 9,228,323.51 vs printed 9,236,164.01 (-7,840.50) ; v3: 6,960,959.84 vs printed 7,004,408.01 (-43,448.17) ; v4: 8,675,373.35 vs printed 8,645,488.67 (+29,884.68)"
2022,FY2022,GENERAL GOVERNMENT,General Government Gift Fund,33,,FISCAL YEAR ENDING 6/30/22 ; FORWARD | TOTAL | TOTAL | BALANCE FWD ; PROGRAM NAME | 7/1/2021 | RECEIPTS | DISBURSEMENTS | 7/1/2022 ; GENERAL GOVERNMENT,1110.00,,,1110.00,,,2,,,,0,check failed,"v1: 6,355,758.65 vs printed 6,414,742.67 (-58,984.02) ; v2: 9,228,323.51 vs printed 9,236,164.01 (-7,840.50) ; v3: 6,960,959.84 vs printed 7,004,408.01 (-43,448.17) ; v4: 8,675,373.35 vs printed 8,645,488.67 (+29,884.68)"
2022,FY2022,GENERAL GOVERNMENT,Household Hazardous Waste,33,,FISCAL YEAR ENDING 6/30/22 ; FORWARD | TOTAL | TOTAL | BALANCE FWD ; PROGRAM NAME | 7/1/2021 | RECEIPTS | DISBURSEMENTS | 7/1/2022 ; GENERAL GOVERNMENT,768.76,,,768.76,,,2,,,,0,check failed,"v1: 6,355,758.65 vs printed 6,414,742.67 (-58,984.02) ; v2: 9,228,323.51 vs printed 9,236,164.01 (-7,840.50) ; v3: 6,960,959.84 vs printed 7,004,408.01 (-43,448.17) ; v4: 8,675,373.35 vs printed 8,645,488.67 (+29,884.68)"
2022,FY2022,GENERAL GOVERNMENT,Town Facilities Use Account,33,,FISCAL YEAR ENDING 6/30/22 ; FORWARD | TOTAL | TOTAL | BALANCE FWD ; PROGRAM NAME | 7/1/2021 | RECEIPTS | DISBURSEMENTS | 7/1/2022 ; GENERAL GOVERNMENT,59232.99,33000.00,70506.01,21726.98,,,4,,fund balances: forward + receipts - disbursements = carried forward,,0,check failed,"v1: 6,355,758.65 vs printed 6,414,742.67 (-58,984.02) ; v2: 9,228,323.51 vs printed 9,236,164.01 (-7,840.50) ; v3: 6,960,959.84 vs printed 7,004,408.01 (-43,448.17) ; v4: 8,675,373.35 vs printed 8,645,488.67 (+29,884.68)"
2022,FY2022,GENERAL GOVERNMENT,Bond Premium Reserved for Capital,33,,FISCAL YEAR ENDING 6/30/22 ; FORWARD | TOTAL | TOTAL | BALANCE FWD ; PROGRAM NAME | 7/1/2021 | RECEIPTS | DISBURSEMENTS | 7/1/2022 ; GENERAL GOVERNMENT,3543.11,,,3543.11,,,2,,,,0,check failed,"v1: 6,355,758.65 vs printed 6,414,742.67 (-58,984.02) ; v2: 9,228,323.51 vs printed 9,236,164.01 (-7,840.50) ; v3: 6,960,959.84 vs printed 7,004,408.01 (-43,448.17) ; v4: 8,675,373.35 vs printed 8,645,488.67 (+29,884.68)"
2022,FY2022,GENERAL GOVERNMENT,Continuity of Operations Grant,33,,FISCAL YEAR ENDING 6/30/22 ; FORWARD | TOTAL | TOTAL | BALANCE FWD ; PROGRAM NAME | 7/1/2021 | RECEIPTS | DISBURSEMENTS | 7/1/2022 ; GENERAL GOVERNMENT,25000.00,,,25000.00,,,2,,,,0,check failed,"v1: 6,355,758.65 vs printed 6,414,742.67 (-58,984.02) ; v2: 9,228,323.51 vs printed 9,236,164.01 (-7,840.50) ; v3: 6,960,959.84 vs printed 7,004,408.01 (-43,448.17) ; v4: 8,675,373.35 vs printed 8,645,488.67 (+29,884.68)"
2022,FY2022,GENERAL GOVERNMENT,Financial Trend Monitoring Grant,33,,FISCAL YEAR ENDING 6/30/22 ; FORWARD | TOTAL | TOTAL | BALANCE FWD ; PROGRAM NAME | 7/1/2021 | RECEIPTS | DISBURSEMENTS | 7/1/2022 ; GENERAL GOVERNMENT,12500.00,,,12500.00,,,2,,,,0,check failed,"v1: 6,355,758.65 vs printed 6,414,742.67 (-58,984.02) ; v2: 9,228,323.51 vs printed 9,236,164.01 (-7,840.50) ; v3: 6,960,959.84 vs printed 7,004,408.01 (-43,448.17) ; v4: 8,675,373.35 vs printed 8,645,488.67 (+29,884.68)"
2022,FY2022,SCHOOL DEPARTMENT,School Lunch,33,,FISCAL YEAR ENDING 6/30/22 ; FORWARD | TOTAL | TOTAL | BALANCE FWD ; PROGRAM NAME | 7/1/2021 | RECEIPTS | DISBURSEMENTS | 7/1/2022 ; GENERAL GOVERNMENT,135396.99,823332.15,617818.50,340910.64,,,4,,fund balances: forward + receipts - disbursements = carried forward,,0,check failed,"v1: 6,355,758.65 vs printed 6,414,742.67 (-58,984.02) ; v2: 9,228,323.51 vs printed 9,236,164.01 (-7,840.50) ; v3: 6,960,959.84 vs printed 7,004,408.01 (-43,448.17) ; v4: 8,675,373.35 vs printed 8,645,488.67 (+29,884.68)"
2022,FY2022,SCHOOL DEPARTMENT,Title I #305,33,,FISCAL YEAR ENDING 6/30/22 ; FORWARD | TOTAL | TOTAL | BALANCE FWD ; PROGRAM NAME | 7/1/2021 | RECEIPTS | DISBURSEMENTS | 7/1/2022 ; GENERAL GOVERNMENT,-8676.19,180643.00,147828.75,24138.06,,,4,,fund balances: forward + receipts - disbursements = carried forward,,0,check failed,"v1: 6,355,758.65 vs printed 6,414,742.67 (-58,984.02) ; v2: 9,228,323.51 vs printed 9,236,164.01 (-7,840.50) ; v3: 6,960,959.84 vs printed 7,004,408.01 (-43,448.17) ; v4: 8,675,373.35 vs printed 8,645,488.67 (+29,884.68)"
2022,FY2022,SCHOOL DEPARTMENT,PL 94-142 #240,33,,FISCAL YEAR ENDING 6/30/22 ; FORWARD | TOTAL | TOTAL | BALANCE FWD ; PROGRAM NAME | 7/1/2021 | RECEIPTS | DISBURSEMENTS | 7/1/2022 ; GENERAL GOVERNMENT,6778.33,276470.00,262803.24,20445.09,,,4,,fund balances: forward + receipts - disbursements = carried forward,,0,check failed,"v1: 6,355,758.65 vs printed 6,414,742.67 (-58,984.02) ; v2: 9,228,323.51 vs printed 9,236,164.01 (-7,840.50) ; v3: 6,960,959.84 vs printed 7,004,408.01 (-43,448.17) ; v4: 8,675,373.35 vs printed 8,645,488.67 (+29,884.68)"
2022,FY2022,SCHOOL DEPARTMENT,United Way Venture,33,,FISCAL YEAR ENDING 6/30/22 ; FORWARD | TOTAL | TOTAL | BALANCE FWD ; PROGRAM NAME | 7/1/2021 | RECEIPTS | DISBURSEMENTS | 7/1/2022 ; GENERAL GOVERNMENT,40.42,,,40.42,,,2,,,,0,check failed,"v1: 6,355,758.65 vs printed 6,414,742.67 (-58,984.02) ; v2: 9,228,323.51 vs printed 9,236,164.01 (-7,840.50) ; v3: 6,960,959.84 vs printed 7,004,408.01 (-43,448.17) ; v4: 8,675,373.35 vs printed 8,645,488.67 (+29,884.68)"
2022,FY2022,SCHOOL DEPARTMENT,Recovery for Lost Books,33,,FISCAL YEAR ENDING 6/30/22 ; FORWARD | TOTAL | TOTAL | BALANCE FWD ; PROGRAM NAME | 7/1/2021 | RECEIPTS | DISBURSEMENTS | 7/1/2022 ; GENERAL GOVERNMENT,13057.02,840.00,,13897.02,,,3,,one cell missing; derivable from the row itself,"v3 = 0.00, from this fund's own other three columns",0,check failed,"v1: 6,355,758.65 vs printed 6,414,742.67 (-58,984.02) ; v2: 9,228,323.51 vs printed 9,236,164.01 (-7,840.50) ; v3: 6,960,959.84 vs printed 7,004,408.01 (-43,448.17) ; v4: 8,675,373.35 vs printed 8,645,488.67 (+29,884.68)"
2022,FY2022,SCHOOL DEPARTMENT,Chapter 658 School Athletics,33,,FISCAL YEAR ENDING 6/30/22 ; FORWARD | TOTAL | TOTAL | BALANCE FWD ; PROGRAM NAME | 7/1/2021 | RECEIPTS | DISBURSEMENTS | 7/1/2022 ; GENERAL GOVERNMENT,189410.67,176475.68,69599.93,296286.42,,,4,,fund balances: forward + receipts - disbursements = carried forward,,0,check failed,"v1: 6,355,758.65 vs printed 6,414,742.67 (-58,984.02) ; v2: 9,228,323.51 vs printed 9,236,164.01 (-7,840.50) ; v3: 6,960,959.84 vs printed 7,004,408.01 (-43,448.17) ; v4: 8,675,373.35 vs printed 8,645,488.67 (+29,884.68)"
2022,FY2022,SCHOOL DEPARTMENT,After School Activities,33,,FISCAL YEAR ENDING 6/30/22 ; FORWARD | TOTAL | TOTAL | BALANCE FWD ; PROGRAM NAME | 7/1/2021 | RECEIPTS | DISBURSEMENTS | 7/1/2022 ; GENERAL GOVERNMENT,150090.63,147410.73,94460.34,203041.02,,,4,,fund balances: forward + receipts - disbursements = carried forward,,0,check failed,"v1: 6,355,758.65 vs printed 6,414,742.67 (-58,984.02) ; v2: 9,228,323.51 vs printed 9,236,164.01 (-7,840.50) ; v3: 6,960,959.84 vs printed 7,004,408.01 (-43,448.17) ; v4: 8,675,373.35 vs printed 8,645,488.67 (+29,884.68)"
2022,FY2022,SCHOOL DEPARTMENT,School Facilities Use,33,,FISCAL YEAR ENDING 6/30/22 ; FORWARD | TOTAL | TOTAL | BALANCE FWD ; PROGRAM NAME | 7/1/2021 | RECEIPTS | DISBURSEMENTS | 7/1/2022 ; GENERAL GOVERNMENT,52239.46,8684.63,258.54,60665.55,,,4,,fund balances: forward + receipts - disbursements = carried forward,,0,check failed,"v1: 6,355,758.65 vs printed 6,414,742.67 (-58,984.02) ; v2: 9,228,323.51 vs printed 9,236,164.01 (-7,840.50) ; v3: 6,960,959.84 vs printed 7,004,408.01 (-43,448.17) ; v4: 8,675,373.35 vs printed 8,645,488.67 (+29,884.68)"
2022,FY2022,SCHOOL DEPARTMENT,Adult Education,33,,FISCAL YEAR ENDING 6/30/22 ; FORWARD | TOTAL | TOTAL | BALANCE FWD ; PROGRAM NAME | 7/1/2021 | RECEIPTS | DISBURSEMENTS | 7/1/2022 ; GENERAL GOVERNMENT,8692.75,,2189.00,9833.75,,,3,,one cell missing; derivable from the row itself,"v2 = 3,330.00, from this fund's own other three columns",0,check failed,"v1: 6,355,758.65 vs printed 6,414,742.67 (-58,984.02) ; v2: 9,228,323.51 vs printed 9,236,164.01 (-7,840.50) ; v3: 6,960,959.84 vs printed 7,004,408.01 (-43,448.17) ; v4: 8,675,373.35 vs printed 8,645,488.67 (+29,884.68)"
2022,FY2022,SCHOOL DEPARTMENT,Summer School Program,33,,FISCAL YEAR ENDING 6/30/22 ; FORWARD | TOTAL | TOTAL | BALANCE FWD ; PROGRAM NAME | 7/1/2021 | RECEIPTS | DISBURSEMENTS | 7/1/2022 ; GENERAL GOVERNMENT,340.00,,,340.00,,,2,,,,0,check failed,"v1: 6,355,758.65 vs printed 6,414,742.67 (-58,984.02) ; v2: 9,228,323.51 vs printed 9,236,164.01 (-7,840.50) ; v3: 6,960,959.84 vs printed 7,004,408.01 (-43,448.17) ; v4: 8,675,373.35 vs printed 8,645,488.67 (+29,884.68)"
2022,FY2022,SCHOOL DEPARTMENT,School Choice,33,,FISCAL YEAR ENDING 6/30/22 ; FORWARD | TOTAL | TOTAL | BALANCE FWD ; PROGRAM NAME | 7/1/2021 | RECEIPTS | DISBURSEMENTS | 7/1/2022 ; GENERAL GOVERNMENT,666904.01,113539.00,247275.92,533167.09,,,4,,fund balances: forward + receipts - disbursements = carried forward,,0,check failed,"v1: 6,355,758.65 vs printed 6,414,742.67 (-58,984.02) ; v2: 9,228,323.51 vs printed 9,236,164.01 (-7,840.50) ; v3: 6,960,959.84 vs printed 7,004,408.01 (-43,448.17) ; v4: 8,675,373.35 vs printed 8,645,488.67 (+29,884.68)"
2022,FY2022,SCHOOL DEPARTMENT,School Gift Fund,33,,FISCAL YEAR ENDING 6/30/22 ; FORWARD | TOTAL | TOTAL | BALANCE FWD ; PROGRAM NAME | 7/1/2021 | RECEIPTS | DISBURSEMENTS | 7/1/2022 ; GENERAL GOVERNMENT,69201.32,21207.39,12555.13,77853.58,,,4,,fund balances: forward + receipts - disbursements = carried forward,,0,check failed,"v1: 6,355,758.65 vs printed 6,414,742.67 (-58,984.02) ; v2: 9,228,323.51 vs printed 9,236,164.01 (-7,840.50) ; v3: 6,960,959.84 vs printed 7,004,408.01 (-43,448.17) ; v4: 8,675,373.35 vs printed 8,645,488.67 (+29,884.68)"
2022,FY2022,SCHOOL DEPARTMENT,Greenthumb Revolving,33,,FISCAL YEAR ENDING 6/30/22 ; FORWARD | TOTAL | TOTAL | BALANCE FWD ; PROGRAM NAME | 7/1/2021 | RECEIPTS | DISBURSEMENTS | 7/1/2022 ; GENERAL GOVERNMENT,1580.77,285.00,,1865.77,,,3,,one cell missing; derivable from the row itself,"v3 = 0.00, from this fund's own other three columns",0,check failed,"v1: 6,355,758.65 vs printed 6,414,742.67 (-58,984.02) ; v2: 9,228,323.51 vs printed 9,236,164.01 (-7,840.50) ; v3: 6,960,959.84 vs printed 7,004,408.01 (-43,448.17) ; v4: 8,675,373.35 vs printed 8,645,488.67 (+29,884.68)"
2022,FY2022,SCHOOL DEPARTMENT,Custodian Special Details,33,,FISCAL YEAR ENDING 6/30/22 ; FORWARD | TOTAL | TOTAL | BALANCE FWD ; PROGRAM NAME | 7/1/2021 | RECEIPTS | DISBURSEMENTS | 7/1/2022 ; GENERAL GOVERNMENT,3923.30,579.72,7120.46,-2617.44,,,4,,fund balances: forward + receipts - disbursements = carried forward,,0,check failed,"v1: 6,355,758.65 vs printed 6,414,742.67 (-58,984.02) ; v2: 9,228,323.51 vs printed 9,236,164.01 (-7,840.50) ; v3: 6,960,959.84 vs printed 7,004,408.01 (-43,448.17) ; v4: 8,675,373.35 vs printed 8,645,488.67 (+29,884.68)"
2022,FY2022,SCHOOL DEPARTMENT,Tech Prep Consortium,33,,FISCAL YEAR ENDING 6/30/22 ; FORWARD | TOTAL | TOTAL | BALANCE FWD ; PROGRAM NAME | 7/1/2021 | RECEIPTS | DISBURSEMENTS | 7/1/2022 ; GENERAL GOVERNMENT,1450.00,,,1450.00,,,2,,,,0,check failed,"v1: 6,355,758.65 vs printed 6,414,742.67 (-58,984.02) ; v2: 9,228,323.51 vs printed 9,236,164.01 (-7,840.50) ; v3: 6,960,959.84 vs printed 7,004,408.01 (-43,448.17) ; v4: 8,675,373.35 vs printed 8,645,488.67 (+29,884.68)"
2022,FY2022,SCHOOL DEPARTMENT,BC/BS Healthy Choices,33,,FISCAL YEAR ENDING 6/30/22 ; FORWARD | TOTAL | TOTAL | BALANCE FWD ; PROGRAM NAME | 7/1/2021 | RECEIPTS | DISBURSEMENTS | 7/1/2022 ; GENERAL GOVERNMENT,94.65,,,94.65,,,2,,,,0,check failed,"v1: 6,355,758.65 vs printed 6,414,742.67 (-58,984.02) ; v2: 9,228,323.51 vs printed 9,236,164.01 (-7,840.50) ; v3: 6,960,959.84 vs printed 7,004,408.01 (-43,448.17) ; v4: 8,675,373.35 vs printed 8,645,488.67 (+29,884.68)"
2022,FY2022,SCHOOL DEPARTMENT,50/50 Grant Sped Tuitions,33,,FISCAL YEAR ENDING 6/30/22 ; FORWARD | TOTAL | TOTAL | BALANCE FWD ; PROGRAM NAME | 7/1/2021 | RECEIPTS | DISBURSEMENTS | 7/1/2022 ; GENERAL GOVERNMENT,455562.92,519393.00,548062.69,426893.23,,,4,,fund balances: forward + receipts - disbursements = carried forward,,0,check failed,"v1: 6,355,758.65 vs printed 6,414,742.67 (-58,984.02) ; v2: 9,228,323.51 vs printed 9,236,164.01 (-7,840.50) ; v3: 6,960,959.84 vs printed 7,004,408.01 (-43,448.17) ; v4: 8,675,373.35 vs printed 8,645,488.67 (+29,884.68)"
2022,FY2022,SCHOOL DEPARTMENT,Insurance Recoveries - School,33,,FISCAL YEAR ENDING 6/30/22 ; FORWARD | TOTAL | TOTAL | BALANCE FWD ; PROGRAM NAME | 7/1/2021 | RECEIPTS | DISBURSEMENTS | 7/1/2022 ; GENERAL GOVERNMENT,1298.66,,,1298.66,,,2,,,,0,check failed,"v1: 6,355,758.65 vs printed 6,414,742.67 (-58,984.02) ; v2: 9,228,323.51 vs printed 9,236,164.01 (-7,840.50) ; v3: 6,960,959.84 vs printed 7,004,408.01 (-43,448.17) ; v4: 8,675,373.35 vs printed 8,645,488.67 (+29,884.68)"
2022,FY2022,SCHOOL DEPARTMENT,,33,,FISCAL YEAR ENDING 6/30/22 ; FORWARD | TOTAL | TOTAL | BALANCE FWD ; PROGRAM NAME | 7/1/2021 | RECEIPTS | DISBURSEMENTS | 7/1/2022 ; GENERAL GOVERNMENT,33.00,,,,,,1,,,,0,check failed,"v1: 6,355,758.65 vs printed 6,414,742.67 (-58,984.02) ; v2: 9,228,323.51 vs printed 9,236,164.01 (-7,840.50) ; v3: 6,960,959.84 vs printed 7,004,408.01 (-43,448.17) ; v4: 8,675,373.35 vs printed 8,645,488.67 (+29,884.68)"
2022,FY2022,SCHOOL DEPARTMENT,Extended Day Revolving Fund,34,,FISCAL YEAR ENDING 6/30/22 ; FORWARD | TOTAL | TOTAL | BALANCE FWD ; PROGRAM NAME | 7/1/2021 | RECEIPTS | DISBURSEMENTS | 7/1/2022 ; GENERAL GOVERNMENT,166185.90,256958.76,231131.71,192012.95,,,4,,fund balances: forward + receipts - disbursements = carried forward,,0,check failed,"v1: 6,355,758.65 vs printed 6,414,742.67 (-58,984.02) ; v2: 9,228,323.51 vs printed 9,236,164.01 (-7,840.50) ; v3: 6,960,959.84 vs printed 7,004,408.01 (-43,448.17) ; v4: 8,675,373.35 vs printed 8,645,488.67 (+29,884.68)"
2022,FY2022,SCHOOL DEPARTMENT,Vending Machine Revolving,34,,FISCAL YEAR ENDING 6/30/22 ; FORWARD | TOTAL | TOTAL | BALANCE FWD ; PROGRAM NAME | 7/1/2021 | RECEIPTS | DISBURSEMENTS | 7/1/2022 ; GENERAL GOVERNMENT,1954.71,,,1954.71,,,2,,,,0,check failed,"v1: 6,355,758.65 vs printed 6,414,742.67 (-58,984.02) ; v2: 9,228,323.51 vs printed 9,236,164.01 (-7,840.50) ; v3: 6,960,959.84 vs printed 7,004,408.01 (-43,448.17) ; v4: 8,675,373.35 vs printed 8,645,488.67 (+29,884.68)"
2022,FY2022,SCHOOL DEPARTMENT,Monbouquette Award,34,,FISCAL YEAR ENDING 6/30/22 ; FORWARD | TOTAL | TOTAL | BALANCE FWD ; PROGRAM NAME | 7/1/2021 | RECEIPTS | DISBURSEMENTS | 7/1/2022 ; GENERAL GOVERNMENT,3.81,,,3.81,,,2,,,,0,check failed,"v1: 6,355,758.65 vs printed 6,414,742.67 (-58,984.02) ; v2: 9,228,323.51 vs printed 9,236,164.01 (-7,840.50) ; v3: 6,960,959.84 vs printed 7,004,408.01 (-43,448.17) ; v4: 8,675,373.35 vs printed 8,645,488.67 (+29,884.68)"
2022,FY2022,SCHOOL DEPARTMENT,Tufts University Heal Grant,34,,FISCAL YEAR ENDING 6/30/22 ; FORWARD | TOTAL | TOTAL | BALANCE FWD ; PROGRAM NAME | 7/1/2021 | RECEIPTS | DISBURSEMENTS | 7/1/2022 ; GENERAL GOVERNMENT,113.45,,,113.45,,,2,,,,0,check failed,"v1: 6,355,758.65 vs printed 6,414,742.67 (-58,984.02) ; v2: 9,228,323.51 vs printed 9,236,164.01 (-7,840.50) ; v3: 6,960,959.84 vs printed 7,004,408.01 (-43,448.17) ; v4: 8,675,373.35 vs printed 8,645,488.67 (+29,884.68)"
2022,FY2022,SCHOOL DEPARTMENT,Underground Storage Tank Grant,34,,FISCAL YEAR ENDING 6/30/22 ; FORWARD | TOTAL | TOTAL | BALANCE FWD ; PROGRAM NAME | 7/1/2021 | RECEIPTS | DISBURSEMENTS | 7/1/2022 ; GENERAL GOVERNMENT,1500.00,,,1500.00,,,2,,,,0,check failed,"v1: 6,355,758.65 vs printed 6,414,742.67 (-58,984.02) ; v2: 9,228,323.51 vs printed 9,236,164.01 (-7,840.50) ; v3: 6,960,959.84 vs printed 7,004,408.01 (-43,448.17) ; v4: 8,675,373.35 vs printed 8,645,488.67 (+29,884.68)"
2022,FY2022,SCHOOL DEPARTMENT,Hach Scientific Foundation Grant,34,,FISCAL YEAR ENDING 6/30/22 ; FORWARD | TOTAL | TOTAL | BALANCE FWD ; PROGRAM NAME | 7/1/2021 | RECEIPTS | DISBURSEMENTS | 7/1/2022 ; GENERAL GOVERNMENT,90.61,,,90.61,,,2,,,,0,check failed,"v1: 6,355,758.65 vs printed 6,414,742.67 (-58,984.02) ; v2: 9,228,323.51 vs printed 9,236,164.01 (-7,840.50) ; v3: 6,960,959.84 vs printed 7,004,408.01 (-43,448.17) ; v4: 8,675,373.35 vs printed 8,645,488.67 (+29,884.68)"
2022,FY2022,SCHOOL DEPARTMENT,Family Network Gift Fund,34,,FISCAL YEAR ENDING 6/30/22 ; FORWARD | TOTAL | TOTAL | BALANCE FWD ; PROGRAM NAME | 7/1/2021 | RECEIPTS | DISBURSEMENTS | 7/1/2022 ; GENERAL GOVERNMENT,,,168.00,2300.64,,,2,,,,0,check failed,"v1: 6,355,758.65 vs printed 6,414,742.67 (-58,984.02) ; v2: 9,228,323.51 vs printed 9,236,164.01 (-7,840.50) ; v3: 6,960,959.84 vs printed 7,004,408.01 (-43,448.17) ; v4: 8,675,373.35 vs printed 8,645,488.67 (+29,884.68)"
2022,FY2022,SCHOOL DEPARTMENT,EECBG Energy Efficiency Grant,34,,FISCAL YEAR ENDING 6/30/22 ; FORWARD | TOTAL | TOTAL | BALANCE FWD ; PROGRAM NAME | 7/1/2021 | RECEIPTS | DISBURSEMENTS | 7/1/2022 ; GENERAL GOVERNMENT,298.23,,,298.23,,,2,,,,0,check failed,"v1: 6,355,758.65 vs printed 6,414,742.67 (-58,984.02) ; v2: 9,228,323.51 vs printed 9,236,164.01 (-7,840.50) ; v3: 6,960,959.84 vs printed 7,004,408.01 (-43,448.17) ; v4: 8,675,373.35 vs printed 8,645,488.67 (+29,884.68)"
2022,FY2022,SCHOOL DEPARTMENT,Regional Dissemination Grant,34,,FISCAL YEAR ENDING 6/30/22 ; FORWARD | TOTAL | TOTAL | BALANCE FWD ; PROGRAM NAME | 7/1/2021 | RECEIPTS | DISBURSEMENTS | 7/1/2022 ; GENERAL GOVERNMENT,35.00,,,35.00,,,2,,,,0,check failed,"v1: 6,355,758.65 vs printed 6,414,742.67 (-58,984.02) ; v2: 9,228,323.51 vs printed 9,236,164.01 (-7,840.50) ; v3: 6,960,959.84 vs printed 7,004,408.01 (-43,448.17) ; v4: 8,675,373.35 vs printed 8,645,488.67 (+29,884.68)"
2022,FY2022,SCHOOL DEPARTMENT,Early Childhood Grant #262,34,,FISCAL YEAR ENDING 6/30/22 ; FORWARD | TOTAL | TOTAL | BALANCE FWD ; PROGRAM NAME | 7/1/2021 | RECEIPTS | DISBURSEMENTS | 7/1/2022 ; GENERAL GOVERNMENT,0.00,12500.00,12500.00,0.00,,,4,,fund balances: forward + receipts - disbursements = carried forward,,0,check failed,"v1: 6,355,758.65 vs printed 6,414,742.67 (-58,984.02) ; v2: 9,228,323.51 vs printed 9,236,164.01 (-7,840.50) ; v3: 6,960,959.84 vs printed 7,004,408.01 (-43,448.17) ; v4: 8,675,373.35 vs printed 8,645,488.67 (+29,884.68)"
2022,FY2022,SCHOOL DEPARTMENT,Program Improvement Grant #274,34,,FISCAL YEAR ENDING 6/30/22 ; FORWARD | TOTAL | TOTAL | BALANCE FWD ; PROGRAM NAME | 7/1/2021 | RECEIPTS | DISBURSEMENTS | 7/1/2022 ; GENERAL GOVERNMENT,,1643.00,,586.24,,,2,,,,0,check failed,"v1: 6,355,758.65 vs printed 6,414,742.67 (-58,984.02) ; v2: 9,228,323.51 vs printed 9,236,164.01 (-7,840.50) ; v3: 6,960,959.84 vs printed 7,004,408.01 (-43,448.17) ; v4: 8,675,373.35 vs printed 8,645,488.67 (+29,884.68)"
2022,FY2022,SCHOOL DEPARTMENT,Teacher Quality #140,34,,FISCAL YEAR ENDING 6/30/22 ; FORWARD | TOTAL | TOTAL | BALANCE FWD ; PROGRAM NAME | 7/1/2021 | RECEIPTS | DISBURSEMENTS | 7/1/2022 ; GENERAL GOVERNMENT,26.96,16138.00,16045.46,119.50,,,4,,fund balances: forward + receipts - disbursements = carried forward,,0,check failed,"v1: 6,355,758.65 vs printed 6,414,742.67 (-58,984.02) ; v2: 9,228,323.51 vs printed 9,236,164.01 (-7,840.50) ; v3: 6,960,959.84 vs printed 7,004,408.01 (-43,448.17) ; v4: 8,675,373.35 vs printed 8,645,488.67 (+29,884.68)"
2022,FY2022,SCHOOL DEPARTMENT,Family & Community Grant #237,34,,FISCAL YEAR ENDING 6/30/22 ; FORWARD | TOTAL | TOTAL | BALANCE FWD ; PROGRAM NAME | 7/1/2021 | RECEIPTS | DISBURSEMENTS | 7/1/2022 ; GENERAL GOVERNMENT,0.00,45700.00,45700.00,0.00,,,4,,fund balances: forward + receipts - disbursements = carried forward,,0,check failed,"v1: 6,355,758.65 vs printed 6,414,742.67 (-58,984.02) ; v2: 9,228,323.51 vs printed 9,236,164.01 (-7,840.50) ; v3: 6,960,959.84 vs printed 7,004,408.01 (-43,448.17) ; v4: 8,675,373.35 vs printed 8,645,488.67 (+29,884.68)"
2022,FY2022,SCHOOL DEPARTMENT,Displaced Students - Puerto Rico,34,,FISCAL YEAR ENDING 6/30/22 ; FORWARD | TOTAL | TOTAL | BALANCE FWD ; PROGRAM NAME | 7/1/2021 | RECEIPTS | DISBURSEMENTS | 7/1/2022 ; GENERAL GOVERNMENT,10660.63,,,10660.63,,,2,,,,0,check failed,"v1: 6,355,758.65 vs printed 6,414,742.67 (-58,984.02) ; v2: 9,228,323.51 vs printed 9,236,164.01 (-7,840.50) ; v3: 6,960,959.84 vs printed 7,004,408.01 (-43,448.17) ; v4: 8,675,373.35 vs printed 8,645,488.67 (+29,884.68)"
2022,FY2022,SCHOOL DEPARTMENT,Tille IV - Part A #309,34,,FISCAL YEAR ENDING 6/30/22 ; FORWARD | TOTAL | TOTAL | BALANCE FWD ; PROGRAM NAME | 7/1/2021 | RECEIPTS | DISBURSEMENTS | 7/1/2022 ; GENERAL GOVERNMENT,2898.72,3816.00,2341.00,4373.72,,,4,,fund balances: forward + receipts - disbursements = carried forward,,0,check failed,"v1: 6,355,758.65 vs printed 6,414,742.67 (-58,984.02) ; v2: 9,228,323.51 vs printed 9,236,164.01 (-7,840.50) ; v3: 6,960,959.84 vs printed 7,004,408.01 (-43,448.17) ; v4: 8,675,373.35 vs printed 8,645,488.67 (+29,884.68)"
2022,FY2022,SCHOOL DEPARTMENT,FY21 Sped Program Improvement #298,34,,FISCAL YEAR ENDING 6/30/22 ; FORWARD | TOTAL | TOTAL | BALANCE FWD ; PROGRAM NAME | 7/1/2021 | RECEIPTS | DISBURSEMENTS | 7/1/2022 ; GENERAL GOVERNMENT,0.00,1200.00,,1200.00,,,3,,one cell missing; derivable from the row itself,"v3 = 0.00, from this fund's own other three columns",0,check failed,"v1: 6,355,758.65 vs printed 6,414,742.67 (-58,984.02) ; v2: 9,228,323.51 vs printed 9,236,164.01 (-7,840.50) ; v3: 6,960,959.84 vs printed 7,004,408.01 (-43,448.17) ; v4: 8,675,373.35 vs printed 8,645,488.67 (+29,884.68)"
2022,FY2022,SCHOOL DEPARTMENT,FY21 #117 Evidence Based Learning,34,,FISCAL YEAR ENDING 6/30/22 ; FORWARD | TOTAL | TOTAL | BALANCE FWD ; PROGRAM NAME | 7/1/2021 | RECEIPTS | DISBURSEMENTS | 7/1/2022 ; GENERAL GOVERNMENT,-2563.00,15183.00,10936.38,1683.62,,,4,,fund balances: forward + receipts - disbursements = carried forward,,0,check failed,"v1: 6,355,758.65 vs printed 6,414,742.67 (-58,984.02) ; v2: 9,228,323.51 vs printed 9,236,164.01 (-7,840.50) ; v3: 6,960,959.84 vs printed 7,004,408.01 (-43,448.17) ; v4: 8,675,373.35 vs printed 8,645,488.67 (+29,884.68)"
2022,FY2022,SCHOOL DEPARTMENT,FY21 ESSER #113,34,,FISCAL YEAR ENDING 6/30/22 ; FORWARD | TOTAL | TOTAL | BALANCE FWD ; PROGRAM NAME | 7/1/2021 | RECEIPTS | DISBURSEMENTS | 7/1/2022 ; GENERAL GOVERNMENT,86.50,,186.28,-99.78,,,3,,one cell missing; derivable from the row itself,"v2 = 0.00, from this fund's own other three columns",0,check failed,"v1: 6,355,758.65 vs printed 6,414,742.67 (-58,984.02) ; v2: 9,228,323.51 vs printed 9,236,164.01 (-7,840.50) ; v3: 6,960,959.84 vs printed 7,004,408.01 (-43,448.17) ; v4: 8,675,373.35 vs printed 8,645,488.67 (+29,884.68)"
2022,FY2022,SCHOOL DEPARTMENT,FY21 School Reopening #102,34,,FISCAL YEAR ENDING 6/30/22 ; FORWARD | TOTAL | TOTAL | BALANCE FWD ; PROGRAM NAME | 7/1/2021 | RECEIPTS | DISBURSEMENTS | 7/1/2022 ; GENERAL GOVERNMENT,21.63,,,21.63,,,2,,,,0,check failed,"v1: 6,355,758.65 vs printed 6,414,742.67 (-58,984.02) ; v2: 9,228,323.51 vs printed 9,236,164.01 (-7,840.50) ; v3: 6,960,959.84 vs printed 7,004,408.01 (-43,448.17) ; v4: 8,675,373.35 vs printed 8,645,488.67 (+29,884.68)"
2022,FY2022,SCHOOL DEPARTMENT,Literacy Learning #719/730,34,,FISCAL YEAR ENDING 6/30/22 ; FORWARD | TOTAL | TOTAL | BALANCE FWD ; PROGRAM NAME | 7/1/2021 | RECEIPTS | DISBURSEMENTS | 7/1/2022 ; GENERAL GOVERNMENT,0.00,200000.00,199869.36,130.64,,,4,,fund balances: forward + receipts - disbursements = carried forward,,0,check failed,"v1: 6,355,758.65 vs printed 6,414,742.67 (-58,984.02) ; v2: 9,228,323.51 vs printed 9,236,164.01 (-7,840.50) ; v3: 6,960,959.84 vs printed 7,004,408.01 (-43,448.17) ; v4: 8,675,373.35 vs printed 8,645,488.67 (+29,884.68)"
2022,FY2022,SCHOOL DEPARTMENT,Comprehensive School Health,34,,FISCAL YEAR ENDING 6/30/22 ; FORWARD | TOTAL | TOTAL | BALANCE FWD ; PROGRAM NAME | 7/1/2021 | RECEIPTS | DISBURSEMENTS | 7/1/2022 ; GENERAL GOVERNMENT,7928.43,114000.00,99123.05,22805.38,,,4,,fund balances: forward + receipts - disbursements = carried forward,,0,check failed,"v1: 6,355,758.65 vs printed 6,414,742.67 (-58,984.02) ; v2: 9,228,323.51 vs printed 9,236,164.01 (-7,840.50) ; v3: 6,960,959.84 vs printed 7,004,408.01 (-43,448.17) ; v4: 8,675,373.35 vs printed 8,645,488.67 (+29,884.68)"
2022,FY2022,SCHOOL DEPARTMENT,Interface Referral Gift Fund,34,,FISCAL YEAR ENDING 6/30/22 ; FORWARD | TOTAL | TOTAL | BALANCE FWD ; PROGRAM NAME | 7/1/2021 | RECEIPTS | DISBURSEMENTS | 7/1/2022 ; GENERAL GOVERNMENT,3295.00,,,3295.00,,,2,,,,0,check failed,"v1: 6,355,758.65 vs printed 6,414,742.67 (-58,984.02) ; v2: 9,228,323.51 vs printed 9,236,164.01 (-7,840.50) ; v3: 6,960,959.84 vs printed 7,004,408.01 (-43,448.17) ; v4: 8,675,373.35 vs printed 8,645,488.67 (+29,884.68)"
2022,FY2022,SCHOOL DEPARTMENT,Technology for School Children Gift,34,,FISCAL YEAR ENDING 6/30/22 ; FORWARD | TOTAL | TOTAL | BALANCE FWD ; PROGRAM NAME | 7/1/2021 | RECEIPTS | DISBURSEMENTS | 7/1/2022 ; GENERAL GOVERNMENT,,,,10000.00,,,1,,,,0,check failed,"v1: 6,355,758.65 vs printed 6,414,742.67 (-58,984.02) ; v2: 9,228,323.51 vs printed 9,236,164.01 (-7,840.50) ; v3: 6,960,959.84 vs printed 7,004,408.01 (-43,448.17) ; v4: 8,675,373.35 vs printed 8,645,488.67 (+29,884.68)"
2022,FY2022,SCHOOL DEPARTMENT,Primary School Alarm System Earmark,34,,FISCAL YEAR ENDING 6/30/22 ; FORWARD | TOTAL | TOTAL | BALANCE FWD ; PROGRAM NAME | 7/1/2021 | RECEIPTS | DISBURSEMENTS | 7/1/2022 ; GENERAL GOVERNMENT,-25000.00,25000.00,,,,,2,,,,0,check failed,"v1: 6,355,758.65 vs printed 6,414,742.67 (-58,984.02) ; v2: 9,228,323.51 vs printed 9,236,164.01 (-7,840.50) ; v3: 6,960,959.84 vs printed 7,004,408.01 (-43,448.17) ; v4: 8,675,373.35 vs printed 8,645,488.67 (+29,884.68)"
2022,FY2022,SCHOOL DEPARTMENT,FY22 #530 ASOST-Q,34,,FISCAL YEAR ENDING 6/30/22 ; FORWARD | TOTAL | TOTAL | BALANCE FWD ; PROGRAM NAME | 7/1/2021 | RECEIPTS | DISBURSEMENTS | 7/1/2022 ; GENERAL GOVERNMENT,0.00,48000.00,48000.00,0.00,,,4,,fund balances: forward + receipts - disbursements = carried forward,,0,check failed,"v1: 6,355,758.65 vs printed 6,414,742.67 (-58,984.02) ; v2: 9,228,323.51 vs printed 9,236,164.01 (-7,840.50) ; v3: 6,960,959.84 vs printed 7,004,408.01 (-43,448.17) ; v4: 8,675,373.35 vs printed 8,645,488.67 (+29,884.68)"
2022,FY2022,SCHOOL DEPARTMENT,FY22 #437 Covid 19 Summer Programming,34,,FISCAL YEAR ENDING 6/30/22 ; FORWARD | TOTAL | TOTAL | BALANCE FWD ; PROGRAM NAME | 7/1/2021 | RECEIPTS | DISBURSEMENTS | 7/1/2022 ; GENERAL GOVERNMENT,0.00,14610.00,,14610.00,,,3,,one cell missing; derivable from the row itself,"v3 = 0.00, from this fund's own other three columns",0,check failed,"v1: 6,355,758.65 vs printed 6,414,742.67 (-58,984.02) ; v2: 9,228,323.51 vs printed 9,236,164.01 (-7,840.50) ; v3: 6,960,959.84 vs printed 7,004,408.01 (-43,448.17) ; v4: 8,675,373.35 vs printed 8,645,488.67 (+29,884.68)"
2022,FY2022,SCHOOL DEPARTMENT,FY22 Foundation Reserve,34,yes,FISCAL YEAR ENDING 6/30/22 ; FORWARD | TOTAL | TOTAL | BALANCE FWD ; PROGRAM NAME | 7/1/2021 | RECEIPTS | DISBURSEMENTS | 7/1/2022 ; GENERAL GOVERNMENT,0.00,18799.85,4232.85,14567.00,,,4,,fund balances: forward + receipts - disbursements = carried forward,,0,check failed,"v1: 6,355,758.65 vs printed 6,414,742.67 (-58,984.02) ; v2: 9,228,323.51 vs printed 9,236,164.01 (-7,840.50) ; v3: 6,960,959.84 vs printed 7,004,408.01 (-43,448.17) ; v4: 8,675,373.35 vs printed 8,645,488.67 (+29,884.68)"
2022,FY2022,SCHOOL DEPARTMENT,FY22 ESSER |I #115,34,,FISCAL YEAR ENDING 6/30/22 ; FORWARD | TOTAL | TOTAL | BALANCE FWD ; PROGRAM NAME | 7/1/2021 | RECEIPTS | DISBURSEMENTS | 7/1/2022 ; GENERAL GOVERNMENT,0.00,189623.00,142122.50,47500.50,,,4,,fund balances: forward + receipts - disbursements = carried forward,,0,check failed,"v1: 6,355,758.65 vs printed 6,414,742.67 (-58,984.02) ; v2: 9,228,323.51 vs printed 9,236,164.01 (-7,840.50) ; v3: 6,960,959.84 vs printed 7,004,408.01 (-43,448.17) ; v4: 8,675,373.35 vs printed 8,645,488.67 (+29,884.68)"
2022,FY2022,SCHOOL DEPARTMENT,FY22 ESSER Ill #119,34,,FISCAL YEAR ENDING 6/30/22 ; FORWARD | TOTAL | TOTAL | BALANCE FWD ; PROGRAM NAME | 7/1/2021 | RECEIPTS | DISBURSEMENTS | 7/1/2022 ; GENERAL GOVERNMENT,0.00,320879.00,214010.57,106868.43,,,4,,fund balances: forward + receipts - disbursements = carried forward,,0,check failed,"v1: 6,355,758.65 vs printed 6,414,742.67 (-58,984.02) ; v2: 9,228,323.51 vs printed 9,236,164.01 (-7,840.50) ; v3: 6,960,959.84 vs printed 7,004,408.01 (-43,448.17) ; v4: 8,675,373.35 vs printed 8,645,488.67 (+29,884.68)"
2022,FY2022,SCHOOL DEPARTMENT,FY22 ARP Idea #252,34,yes,FISCAL YEAR ENDING 6/30/22 ; FORWARD | TOTAL | TOTAL | BALANCE FWD ; PROGRAM NAME | 7/1/2021 | RECEIPTS | DISBURSEMENTS | 7/1/2022 ; GENERAL GOVERNMENT,0.00,23722.00,23513.75,208.25,,,4,,fund balances: forward + receipts - disbursements = carried forward,,0,check failed,"v1: 6,355,758.65 vs printed 6,414,742.67 (-58,984.02) ; v2: 9,228,323.51 vs printed 9,236,164.01 (-7,840.50) ; v3: 6,960,959.84 vs printed 7,004,408.01 (-43,448.17) ; v4: 8,675,373.35 vs printed 8,645,488.67 (+29,884.68)"
2022,FY2022,SCHOOL DEPARTMENT,FY22 Idea ARP #264,34,,FISCAL YEAR ENDING 6/30/22 ; FORWARD | TOTAL | TOTAL | BALANCE FWD ; PROGRAM NAME | 7/1/2021 | RECEIPTS | DISBURSEMENTS | 7/1/2022 ; GENERAL GOVERNMENT,0.00,781.00,,781.00,,,3,,one cell missing; derivable from the row itself,"v3 = 0.00, from this fund's own other three columns",0,check failed,"v1: 6,355,758.65 vs printed 6,414,742.67 (-58,984.02) ; v2: 9,228,323.51 vs printed 9,236,164.01 (-7,840.50) ; v3: 6,960,959.84 vs printed 7,004,408.01 (-43,448.17) ; v4: 8,675,373.35 vs printed 8,645,488.67 (+29,884.68)"
2022,FY2022,SCHOOL DEPARTMENT,Emergency Connectivity Fund,34,,FISCAL YEAR ENDING 6/30/22 ; FORWARD | TOTAL | TOTAL | BALANCE FWD ; PROGRAM NAME | 7/1/2021 | RECEIPTS | DISBURSEMENTS | 7/1/2022 ; GENERAL GOVERNMENT,0.00,,30865.00,,,,2,,,,0,check failed,"v1: 6,355,758.65 vs printed 6,414,742.67 (-58,984.02) ; v2: 9,228,323.51 vs printed 9,236,164.01 (-7,840.50) ; v3: 6,960,959.84 vs printed 7,004,408.01 (-43,448.17) ; v4: 8,675,373.35 vs printed 8,645,488.67 (+29,884.68)"
2022,FY2022,PUBLIC SAFETY,Insurance Recoveries - Police,34,,FISCAL YEAR ENDING 6/30/22 ; FORWARD | TOTAL | TOTAL | BALANCE FWD ; PROGRAM NAME | 7/1/2021 | RECEIPTS | DISBURSEMENTS | 7/1/2022 ; GENERAL GOVERNMENT,5690.02,22772.62,19726.17,8737.47,,,4,,does NOT balance by -1.00,,0,check failed,"v1: 6,355,758.65 vs printed 6,414,742.67 (-58,984.02) ; v2: 9,228,323.51 vs printed 9,236,164.01 (-7,840.50) ; v3: 6,960,959.84 vs printed 7,004,408.01 (-43,448.17) ; v4: 8,675,373.35 vs printed 8,645,488.67 (+29,884.68)"
2022,FY2022,PUBLIC SAFETY,Community Policing FY 96,34,,FISCAL YEAR ENDING 6/30/22 ; FORWARD | TOTAL | TOTAL | BALANCE FWD ; PROGRAM NAME | 7/1/2021 | RECEIPTS | DISBURSEMENTS | 7/1/2022 ; GENERAL GOVERNMENT,6.55,,,6.55,,,2,,,,0,check failed,"v1: 6,355,758.65 vs printed 6,414,742.67 (-58,984.02) ; v2: 9,228,323.51 vs printed 9,236,164.01 (-7,840.50) ; v3: 6,960,959.84 vs printed 7,004,408.01 (-43,448.17) ; v4: 8,675,373.35 vs printed 8,645,488.67 (+29,884.68)"
2022,FY2022,PUBLIC SAFETY,,34,,FISCAL YEAR ENDING 6/30/22 ; FORWARD | TOTAL | TOTAL | BALANCE FWD ; PROGRAM NAME | 7/1/2021 | RECEIPTS | DISBURSEMENTS | 7/1/2022 ; GENERAL GOVERNMENT,34.00,,,,,,1,,,,0,check failed,"v1: 6,355,758.65 vs printed 6,414,742.67 (-58,984.02) ; v2: 9,228,323.51 vs printed 9,236,164.01 (-7,840.50) ; v3: 6,960,959.84 vs printed 7,004,408.01 (-43,448.17) ; v4: 8,675,373.35 vs printed 8,645,488.67 (+29,884.68)"
2022,FY2022,PUBLIC SAFETY,Community Policing FY 97,35,,FISCAL YEAR ENDING 6/30/22 ; FORWARD | TOTAL | TOTAL | BALANCE FWD ; PROGRAM NAME | 7/1/2021 | RECEIPTS | DISBURSEMENTS | 7/1/2022 ; GENERAL GOVERNMENT,1.97,,,1.97,,,2,,,,0,check failed,"v1: 6,355,758.65 vs printed 6,414,742.67 (-58,984.02) ; v2: 9,228,323.51 vs printed 9,236,164.01 (-7,840.50) ; v3: 6,960,959.84 vs printed 7,004,408.01 (-43,448.17) ; v4: 8,675,373.35 vs printed 8,645,488.67 (+29,884.68)"
2022,FY2022,PUBLIC SAFETY,Community Policing FY 98,35,,FISCAL YEAR ENDING 6/30/22 ; FORWARD | TOTAL | TOTAL | BALANCE FWD ; PROGRAM NAME | 7/1/2021 | RECEIPTS | DISBURSEMENTS | 7/1/2022 ; GENERAL GOVERNMENT,0.66,,,-0.66,,,2,,,,0,check failed,"v1: 6,355,758.65 vs printed 6,414,742.67 (-58,984.02) ; v2: 9,228,323.51 vs printed 9,236,164.01 (-7,840.50) ; v3: 6,960,959.84 vs printed 7,004,408.01 (-43,448.17) ; v4: 8,675,373.35 vs printed 8,645,488.67 (+29,884.68)"
2022,FY2022,PUBLIC SAFETY,Drug Forfeiture.,35,,FISCAL YEAR ENDING 6/30/22 ; FORWARD | TOTAL | TOTAL | BALANCE FWD ; PROGRAM NAME | 7/1/2021 | RECEIPTS | DISBURSEMENTS | 7/1/2022 ; GENERAL GOVERNMENT,1720.52,,,1720.52,,,2,,,,0,check failed,"v1: 6,355,758.65 vs printed 6,414,742.67 (-58,984.02) ; v2: 9,228,323.51 vs printed 9,236,164.01 (-7,840.50) ; v3: 6,960,959.84 vs printed 7,004,408.01 (-43,448.17) ; v4: 8,675,373.35 vs printed 8,645,488.67 (+29,884.68)"
2022,FY2022,PUBLIC SAFETY,D.A.R.E. Grant FY 97,35,,FISCAL YEAR ENDING 6/30/22 ; FORWARD | TOTAL | TOTAL | BALANCE FWD ; PROGRAM NAME | 7/1/2021 | RECEIPTS | DISBURSEMENTS | 7/1/2022 ; GENERAL GOVERNMENT,34.85,,,34.85,,,2,,,,0,check failed,"v1: 6,355,758.65 vs printed 6,414,742.67 (-58,984.02) ; v2: 9,228,323.51 vs printed 9,236,164.01 (-7,840.50) ; v3: 6,960,959.84 vs printed 7,004,408.01 (-43,448.17) ; v4: 8,675,373.35 vs printed 8,645,488.67 (+29,884.68)"
2022,FY2022,PUBLIC SAFETY,D.A.R.E. I Grant FY 97,35,,FISCAL YEAR ENDING 6/30/22 ; FORWARD | TOTAL | TOTAL | BALANCE FWD ; PROGRAM NAME | 7/1/2021 | RECEIPTS | DISBURSEMENTS | 7/1/2022 ; GENERAL GOVERNMENT,,,,0.25,,,1,,,,0,check failed,"v1: 6,355,758.65 vs printed 6,414,742.67 (-58,984.02) ; v2: 9,228,323.51 vs printed 9,236,164.01 (-7,840.50) ; v3: 6,960,959.84 vs printed 7,004,408.01 (-43,448.17) ; v4: 8,675,373.35 vs printed 8,645,488.67 (+29,884.68)"
2022,FY2022,PUBLIC SAFETY,Community Policing,35,,FISCAL YEAR ENDING 6/30/22 ; FORWARD | TOTAL | TOTAL | BALANCE FWD ; PROGRAM NAME | 7/1/2021 | RECEIPTS | DISBURSEMENTS | 7/1/2022 ; GENERAL GOVERNMENT,2291.12,,,2291.12,,,2,,,,0,check failed,"v1: 6,355,758.65 vs printed 6,414,742.67 (-58,984.02) ; v2: 9,228,323.51 vs printed 9,236,164.01 (-7,840.50) ; v3: 6,960,959.84 vs printed 7,004,408.01 (-43,448.17) ; v4: 8,675,373.35 vs printed 8,645,488.67 (+29,884.68)"
2022,FY2022,PUBLIC SAFETY,Cops Universal Hiring,35,,FISCAL YEAR ENDING 6/30/22 ; FORWARD | TOTAL | TOTAL | BALANCE FWD ; PROGRAM NAME | 7/1/2021 | RECEIPTS | DISBURSEMENTS | 7/1/2022 ; GENERAL GOVERNMENT,1289.84,,,1289.84,,,2,,,,0,check failed,"v1: 6,355,758.65 vs printed 6,414,742.67 (-58,984.02) ; v2: 9,228,323.51 vs printed 9,236,164.01 (-7,840.50) ; v3: 6,960,959.84 vs printed 7,004,408.01 (-43,448.17) ; v4: 8,675,373.35 vs printed 8,645,488.67 (+29,884.68)"
2022,FY2022,PUBLIC SAFETY,Protective Order Grant Program,35,,FISCAL YEAR ENDING 6/30/22 ; FORWARD | TOTAL | TOTAL | BALANCE FWD ; PROGRAM NAME | 7/1/2021 | RECEIPTS | DISBURSEMENTS | 7/1/2022 ; GENERAL GOVERNMENT,135.15,,,136.15,,,2,,,,0,check failed,"v1: 6,355,758.65 vs printed 6,414,742.67 (-58,984.02) ; v2: 9,228,323.51 vs printed 9,236,164.01 (-7,840.50) ; v3: 6,960,959.84 vs printed 7,004,408.01 (-43,448.17) ; v4: 8,675,373.35 vs printed 8,645,488.67 (+29,884.68)"
2022,FY2022,PUBLIC SAFETY,Walmart Grant - Police Dept.,35,,FISCAL YEAR ENDING 6/30/22 ; FORWARD | TOTAL | TOTAL | BALANCE FWD ; PROGRAM NAME | 7/1/2021 | RECEIPTS | DISBURSEMENTS | 7/1/2022 ; GENERAL GOVERNMENT,1000.00,,,1000.00,,,2,,,,0,check failed,"v1: 6,355,758.65 vs printed 6,414,742.67 (-58,984.02) ; v2: 9,228,323.51 vs printed 9,236,164.01 (-7,840.50) ; v3: 6,960,959.84 vs printed 7,004,408.01 (-43,448.17) ; v4: 8,675,373.35 vs printed 8,645,488.67 (+29,884.68)"
2022,FY2022,PUBLIC SAFETY,Firefighter PS Equipment Grant,35,,FISCAL YEAR ENDING 6/30/22 ; FORWARD | TOTAL | TOTAL | BALANCE FWD ; PROGRAM NAME | 7/1/2021 | RECEIPTS | DISBURSEMENTS | 7/1/2022 ; GENERAL GOVERNMENT,30.00,,,30.00,,,2,,,,0,check failed,"v1: 6,355,758.65 vs printed 6,414,742.67 (-58,984.02) ; v2: 9,228,323.51 vs printed 9,236,164.01 (-7,840.50) ; v3: 6,960,959.84 vs printed 7,004,408.01 (-43,448.17) ; v4: 8,675,373.35 vs printed 8,645,488.67 (+29,884.68)"
2022,FY2022,PUBLIC SAFETY,Firefighter Safely Equipment Grant,35,,FISCAL YEAR ENDING 6/30/22 ; FORWARD | TOTAL | TOTAL | BALANCE FWD ; PROGRAM NAME | 7/1/2021 | RECEIPTS | DISBURSEMENTS | 7/1/2022 ; GENERAL GOVERNMENT,9.84,,,9.84,,,2,,,,0,check failed,"v1: 6,355,758.65 vs printed 6,414,742.67 (-58,984.02) ; v2: 9,228,323.51 vs printed 9,236,164.01 (-7,840.50) ; v3: 6,960,959.84 vs printed 7,004,408.01 (-43,448.17) ; v4: 8,675,373.35 vs printed 8,645,488.67 (+29,884.68)"
2022,FY2022,PUBLIC SAFETY,State 911 Grant - Fire Dept,35,,FISCAL YEAR ENDING 6/30/22 ; FORWARD | TOTAL | TOTAL | BALANCE FWD ; PROGRAM NAME | 7/1/2021 | RECEIPTS | DISBURSEMENTS | 7/1/2022 ; GENERAL GOVERNMENT,7.00,,,7.00,,,2,,,,0,check failed,"v1: 6,355,758.65 vs printed 6,414,742.67 (-58,984.02) ; v2: 9,228,323.51 vs printed 9,236,164.01 (-7,840.50) ; v3: 6,960,959.84 vs printed 7,004,408.01 (-43,448.17) ; v4: 8,675,373.35 vs printed 8,645,488.67 (+29,884.68)"
2022,FY2022,PUBLIC SAFETY,Police/Fire Special Details,35,,FISCAL YEAR ENDING 6/30/22 ; FORWARD | TOTAL | TOTAL | BALANCE FWD ; PROGRAM NAME | 7/1/2021 | RECEIPTS | DISBURSEMENTS | 7/1/2022 ; GENERAL GOVERNMENT,9726.21,146442.49,190449.49,-34280.79,,,4,,fund balances: forward + receipts - disbursements = carried forward,,0,check failed,"v1: 6,355,758.65 vs printed 6,414,742.67 (-58,984.02) ; v2: 9,228,323.51 vs printed 9,236,164.01 (-7,840.50) ; v3: 6,960,959.84 vs printed 7,004,408.01 (-43,448.17) ; v4: 8,675,373.35 vs printed 8,645,488.67 (+29,884.68)"
2022,FY2022,PUBLIC SAFETY,Coastal/Patriot Ambulance Revolving,35,,FISCAL YEAR ENDING 6/30/22 ; FORWARD | TOTAL | TOTAL | BALANCE FWD ; PROGRAM NAME | 7/1/2021 | RECEIPTS | DISBURSEMENTS | 7/1/2022 ; GENERAL GOVERNMENT,579.06,86265.36,86265.36,579.06,,,4,,fund balances: forward + receipts - disbursements = carried forward,,0,check failed,"v1: 6,355,758.65 vs printed 6,414,742.67 (-58,984.02) ; v2: 9,228,323.51 vs printed 9,236,164.01 (-7,840.50) ; v3: 6,960,959.84 vs printed 7,004,408.01 (-43,448.17) ; v4: 8,675,373.35 vs printed 8,645,488.67 (+29,884.68)"
2022,FY2022,PUBLIC SAFETY,Firefighter Equipment Grant - FY05,35,,FISCAL YEAR ENDING 6/30/22 ; FORWARD | TOTAL | TOTAL | BALANCE FWD ; PROGRAM NAME | 7/1/2021 | RECEIPTS | DISBURSEMENTS | 7/1/2022 ; GENERAL GOVERNMENT,419.60,,,419.60,,,2,,,,0,check failed,"v1: 6,355,758.65 vs printed 6,414,742.67 (-58,984.02) ; v2: 9,228,323.51 vs printed 9,236,164.01 (-7,840.50) ; v3: 6,960,959.84 vs printed 7,004,408.01 (-43,448.17) ; v4: 8,675,373.35 vs printed 8,645,488.67 (+29,884.68)"
2022,FY2022,PUBLIC SAFETY,Confined Space Training,35,,FISCAL YEAR ENDING 6/30/22 ; FORWARD | TOTAL | TOTAL | BALANCE FWD ; PROGRAM NAME | 7/1/2021 | RECEIPTS | DISBURSEMENTS | 7/1/2022 ; GENERAL GOVERNMENT,1956.77,,,1956.77,,,2,,,,0,check failed,"v1: 6,355,758.65 vs printed 6,414,742.67 (-58,984.02) ; v2: 9,228,323.51 vs printed 9,236,164.01 (-7,840.50) ; v3: 6,960,959.84 vs printed 7,004,408.01 (-43,448.17) ; v4: 8,675,373.35 vs printed 8,645,488.67 (+29,884.68)"
2022,FY2022,PUBLIC SAFETY,Police NRA Foundation Grant,35,,FISCAL YEAR ENDING 6/30/22 ; FORWARD | TOTAL | TOTAL | BALANCE FWD ; PROGRAM NAME | 7/1/2021 | RECEIPTS | DISBURSEMENTS | 7/1/2022 ; GENERAL GOVERNMENT,0.10,,,0.10,,,2,,,,0,check failed,"v1: 6,355,758.65 vs printed 6,414,742.67 (-58,984.02) ; v2: 9,228,323.51 vs printed 9,236,164.01 (-7,840.50) ; v3: 6,960,959.84 vs printed 7,004,408.01 (-43,448.17) ; v4: 8,675,373.35 vs printed 8,645,488.67 (+29,884.68)"
2022,FY2022,PUBLIC SAFETY,COPS Secure Our Schools,35,,FISCAL YEAR ENDING 6/30/22 ; FORWARD | TOTAL | TOTAL | BALANCE FWD ; PROGRAM NAME | 7/1/2021 | RECEIPTS | DISBURSEMENTS | 7/1/2022 ; GENERAL GOVERNMENT,0.82,,,0.82,,,2,,,,0,check failed,"v1: 6,355,758.65 vs printed 6,414,742.67 (-58,984.02) ; v2: 9,228,323.51 vs printed 9,236,164.01 (-7,840.50) ; v3: 6,960,959.84 vs printed 7,004,408.01 (-43,448.17) ; v4: 8,675,373.35 vs printed 8,645,488.67 (+29,884.68)"
2022,FY2022,PUBLIC SAFETY,Safe Grant - Fire Department,35,,FISCAL YEAR ENDING 6/30/22 ; FORWARD | TOTAL | TOTAL | BALANCE FWD ; PROGRAM NAME | 7/1/2021 | RECEIPTS | DISBURSEMENTS | 7/1/2022 ; GENERAL GOVERNMENT,10572.23,7430.00,4824.28,13177.95,,,4,,fund balances: forward + receipts - disbursements = carried forward,,0,check failed,"v1: 6,355,758.65 vs printed 6,414,742.67 (-58,984.02) ; v2: 9,228,323.51 vs printed 9,236,164.01 (-7,840.50) ; v3: 6,960,959.84 vs printed 7,004,408.01 (-43,448.17) ; v4: 8,675,373.35 vs printed 8,645,488.67 (+29,884.68)"
2022,FY2022,PUBLIC SAFETY,GHSB Click It Or Ticket,35,,FISCAL YEAR ENDING 6/30/22 ; FORWARD | TOTAL | TOTAL | BALANCE FWD ; PROGRAM NAME | 7/1/2021 | RECEIPTS | DISBURSEMENTS | 7/1/2022 ; GENERAL GOVERNMENT,-1559.14,388.19,588.68,-1759.63,,,4,,fund balances: forward + receipts - disbursements = carried forward,,0,check failed,"v1: 6,355,758.65 vs printed 6,414,742.67 (-58,984.02) ; v2: 9,228,323.51 vs printed 9,236,164.01 (-7,840.50) ; v3: 6,960,959.84 vs printed 7,004,408.01 (-43,448.17) ; v4: 8,675,373.35 vs printed 8,645,488.67 (+29,884.68)"
2022,FY2022,PUBLIC SAFETY,K-9 Grant - Stanton Foundation,35,,FISCAL YEAR ENDING 6/30/22 ; FORWARD | TOTAL | TOTAL | BALANCE FWD ; PROGRAM NAME | 7/1/2021 | RECEIPTS | DISBURSEMENTS | 7/1/2022 ; GENERAL GOVERNMENT,963.54,,,963.54,,,2,,,,0,check failed,"v1: 6,355,758.65 vs printed 6,414,742.67 (-58,984.02) ; v2: 9,228,323.51 vs printed 9,236,164.01 (-7,840.50) ; v3: 6,960,959.84 vs printed 7,004,408.01 (-43,448.17) ; v4: 8,675,373.35 vs printed 8,645,488.67 (+29,884.68)"
2022,FY2022,PUBLIC SAFETY,Federal Drug Forfeiture,35,,FISCAL YEAR ENDING 6/30/22 ; FORWARD | TOTAL | TOTAL | BALANCE FWD ; PROGRAM NAME | 7/1/2021 | RECEIPTS | DISBURSEMENTS | 7/1/2022 ; GENERAL GOVERNMENT,44919.42,,15000.00,29919.42,,,3,,one cell missing; derivable from the row itself,"v2 = 0.00, from this fund's own other three columns",0,check failed,"v1: 6,355,758.65 vs printed 6,414,742.67 (-58,984.02) ; v2: 9,228,323.51 vs printed 9,236,164.01 (-7,840.50) ; v3: 6,960,959.84 vs printed 7,004,408.01 (-43,448.17) ; v4: 8,675,373.35 vs printed 8,645,488.67 (+29,884.68)"
2022,FY2022,PUBLIC SAFETY,EMPG Grant,35,,FISCAL YEAR ENDING 6/30/22 ; FORWARD | TOTAL | TOTAL | BALANCE FWD ; PROGRAM NAME | 7/1/2021 | RECEIPTS | DISBURSEMENTS | 7/1/2022 ; GENERAL GOVERNMENT,102.03,3474.10,3474.10,102.03,,,4,,fund balances: forward + receipts - disbursements = carried forward,,0,check failed,"v1: 6,355,758.65 vs printed 6,414,742.67 (-58,984.02) ; v2: 9,228,323.51 vs printed 9,236,164.01 (-7,840.50) ; v3: 6,960,959.84 vs printed 7,004,408.01 (-43,448.17) ; v4: 8,675,373.35 vs printed 8,645,488.67 (+29,884.68)"
2022,FY2022,PUBLIC SAFETY,Public Safety Gift Fund,35,,FISCAL YEAR ENDING 6/30/22 ; FORWARD | TOTAL | TOTAL | BALANCE FWD ; PROGRAM NAME | 7/1/2021 | RECEIPTS | DISBURSEMENTS | 7/1/2022 ; GENERAL GOVERNMENT,220.39,,15.76,204.62,,,3,,one cell missing; derivable from the row itself,"v2 = -0.01, from this fund's own other three columns",0,check failed,"v1: 6,355,758.65 vs printed 6,414,742.67 (-58,984.02) ; v2: 9,228,323.51 vs printed 9,236,164.01 (-7,840.50) ; v3: 6,960,959.84 vs printed 7,004,408.01 (-43,448.17) ; v4: 8,675,373.35 vs printed 8,645,488.67 (+29,884.68)"
2022,FY2022,PUBLIC SAFETY,Police Gift Fund,35,,FISCAL YEAR ENDING 6/30/22 ; FORWARD | TOTAL | TOTAL | BALANCE FWD ; PROGRAM NAME | 7/1/2021 | RECEIPTS | DISBURSEMENTS | 7/1/2022 ; GENERAL GOVERNMENT,4439.10,,,4439.10,,,2,,,,0,check failed,"v1: 6,355,758.65 vs printed 6,414,742.67 (-58,984.02) ; v2: 9,228,323.51 vs printed 9,236,164.01 (-7,840.50) ; v3: 6,960,959.84 vs printed 7,004,408.01 (-43,448.17) ; v4: 8,675,373.35 vs printed 8,645,488.67 (+29,884.68)"
2022,FY2022,PUBLIC SAFETY,Firefighter Turnoul Gear Grant,35,,FISCAL YEAR ENDING 6/30/22 ; FORWARD | TOTAL | TOTAL | BALANCE FWD ; PROGRAM NAME | 7/1/2021 | RECEIPTS | DISBURSEMENTS | 7/1/2022 ; GENERAL GOVERNMENT,-2057.82,14707.82,12650.00,0.00,,,4,,fund balances: forward + receipts - disbursements = carried forward,,0,check failed,"v1: 6,355,758.65 vs printed 6,414,742.67 (-58,984.02) ; v2: 9,228,323.51 vs printed 9,236,164.01 (-7,840.50) ; v3: 6,960,959.84 vs printed 7,004,408.01 (-43,448.17) ; v4: 8,675,373.35 vs printed 8,645,488.67 (+29,884.68)"
2022,FY2022,PUBLIC SAFETY,HHS Provider Relief Fund,35,,FISCAL YEAR ENDING 6/30/22 ; FORWARD | TOTAL | TOTAL | BALANCE FWD ; PROGRAM NAME | 7/1/2021 | RECEIPTS | DISBURSEMENTS | 7/1/2022 ; GENERAL GOVERNMENT,7035.89,,,7035.89,,,2,,,,0,check failed,"v1: 6,355,758.65 vs printed 6,414,742.67 (-58,984.02) ; v2: 9,228,323.51 vs printed 9,236,164.01 (-7,840.50) ; v3: 6,960,959.84 vs printed 7,004,408.01 (-43,448.17) ; v4: 8,675,373.35 vs printed 8,645,488.67 (+29,884.68)"
2022,FY2022,PUBLIC SAFETY,Municipal Road Safety Grant,35,,FISCAL YEAR ENDING 6/30/22 ; FORWARD | TOTAL | TOTAL | BALANCE FWD ; PROGRAM NAME | 7/1/2021 | RECEIPTS | DISBURSEMENTS | 7/1/2022 ; GENERAL GOVERNMENT,776.32,,,776.32,,,2,,,,0,check failed,"v1: 6,355,758.65 vs printed 6,414,742.67 (-58,984.02) ; v2: 9,228,323.51 vs printed 9,236,164.01 (-7,840.50) ; v3: 6,960,959.84 vs printed 7,004,408.01 (-43,448.17) ; v4: 8,675,373.35 vs printed 8,645,488.67 (+29,884.68)"
2022,FY2022,PUBLIC SAFETY,Byrne Justice Assistance Grant,35,,FISCAL YEAR ENDING 6/30/22 ; FORWARD | TOTAL | TOTAL | BALANCE FWD ; PROGRAM NAME | 7/1/2021 | RECEIPTS | DISBURSEMENTS | 7/1/2022 ; GENERAL GOVERNMENT,-1050.50,1050.50,,0.00,,,3,,one cell missing; derivable from the row itself,"v3 = 0.00, from this fund's own other three columns",0,check failed,"v1: 6,355,758.65 vs printed 6,414,742.67 (-58,984.02) ; v2: 9,228,323.51 vs printed 9,236,164.01 (-7,840.50) ; v3: 6,960,959.84 vs printed 7,004,408.01 (-43,448.17) ; v4: 8,675,373.35 vs printed 8,645,488.67 (+29,884.68)"
2022,FY2022,PUBLIC SAFETY,Medication Disposal Grant,35,,FISCAL YEAR ENDING 6/30/22 ; FORWARD | TOTAL | TOTAL | BALANCE FWD ; PROGRAM NAME | 7/1/2021 | RECEIPTS | DISBURSEMENTS | 7/1/2022 ; GENERAL GOVERNMENT,1300.00,,,1300.00,,,2,,,,0,check failed,"v1: 6,355,758.65 vs printed 6,414,742.67 (-58,984.02) ; v2: 9,228,323.51 vs printed 9,236,164.01 (-7,840.50) ; v3: 6,960,959.84 vs printed 7,004,408.01 (-43,448.17) ; v4: 8,675,373.35 vs printed 8,645,488.67 (+29,884.68)"
2022,FY2022,PUBLIC SAFETY,AED Equipment Program Grant,35,,FISCAL YEAR ENDING 6/30/22 ; FORWARD | TOTAL | TOTAL | BALANCE FWD ; PROGRAM NAME | 7/1/2021 | RECEIPTS | DISBURSEMENTS | 7/1/2022 ; GENERAL GOVERNMENT,0.00,2116.91,2116.91,0.00,,,4,,fund balances: forward + receipts - disbursements = carried forward,,0,check failed,"v1: 6,355,758.65 vs printed 6,414,742.67 (-58,984.02) ; v2: 9,228,323.51 vs printed 9,236,164.01 (-7,840.50) ; v3: 6,960,959.84 vs printed 7,004,408.01 (-43,448.17) ; v4: 8,675,373.35 vs printed 8,645,488.67 (+29,884.68)"
2022,FY2022,PUBLIC SAFETY,Bridge Academy Training Grant,35,,FISCAL YEAR ENDING 6/30/22 ; FORWARD | TOTAL | TOTAL | BALANCE FWD ; PROGRAM NAME | 7/1/2021 | RECEIPTS | DISBURSEMENTS | 7/1/2022 ; GENERAL GOVERNMENT,0.00,6000.00,9000.00,-3000.00,,,4,,fund balances: forward + receipts - disbursements = carried forward,,0,check failed,"v1: 6,355,758.65 vs printed 6,414,742.67 (-58,984.02) ; v2: 9,228,323.51 vs printed 9,236,164.01 (-7,840.50) ; v3: 6,960,959.84 vs printed 7,004,408.01 (-43,448.17) ; v4: 8,675,373.35 vs printed 8,645,488.67 (+29,884.68)"
2022,FY2022,PARKS & RECREATION,Park User Fees,35,,FISCAL YEAR ENDING 6/30/22 ; FORWARD | TOTAL | TOTAL | BALANCE FWD ; PROGRAM NAME | 7/1/2021 | RECEIPTS | DISBURSEMENTS | 7/1/2022 ; GENERAL GOVERNMENT,66443.78,21152.06,21176.89,65418.95,,,4,,"does NOT balance by +1,000.00",,0,check failed,"v1: 6,355,758.65 vs printed 6,414,742.67 (-58,984.02) ; v2: 9,228,323.51 vs printed 9,236,164.01 (-7,840.50) ; v3: 6,960,959.84 vs printed 7,004,408.01 (-43,448.17) ; v4: 8,675,373.35 vs printed 8,645,488.67 (+29,884.68)"
2022,FY2022,PARKS & RECREATION,Park Gift Fund,35,,FISCAL YEAR ENDING 6/30/22 ; FORWARD | TOTAL | TOTAL | BALANCE FWD ; PROGRAM NAME | 7/1/2021 | RECEIPTS | DISBURSEMENTS | 7/1/2022 ; GENERAL GOVERNMENT,752.00,,,752.00,,,2,,,,0,check failed,"v1: 6,355,758.65 vs printed 6,414,742.67 (-58,984.02) ; v2: 9,228,323.51 vs printed 9,236,164.01 (-7,840.50) ; v3: 6,960,959.84 vs printed 7,004,408.01 (-43,448.17) ; v4: 8,675,373.35 vs printed 8,645,488.67 (+29,884.68)"
2022,FY2022,PARKS & RECREATION,,35,,FISCAL YEAR ENDING 6/30/22 ; FORWARD | TOTAL | TOTAL | BALANCE FWD ; PROGRAM NAME | 7/1/2021 | RECEIPTS | DISBURSEMENTS | 7/1/2022 ; GENERAL GOVERNMENT,35.00,,,,,,1,,,,0,check failed,"v1: 6,355,758.65 vs printed 6,414,742.67 (-58,984.02) ; v2: 9,228,323.51 vs printed 9,236,164.01 (-7,840.50) ; v3: 6,960,959.84 vs printed 7,004,408.01 (-43,448.17) ; v4: 8,675,373.35 vs printed 8,645,488.67 (+29,884.68)"
2022,FY2022,HIGHWAY DEPARTMENT,Chapter 90,36,,FISCAL YEAR ENDING 6/30/22 ; FORWARD | TOTAL | TOTAL | BALANCE FWD ; PROGRAM NAME | 7/1/2021 | RECEIPTS | DISBURSEMENTS | 7/1/2022 ; GENERAL GOVERNMENT,-426717.54,448491.72,148426.49,-126652.31,,,4,,fund balances: forward + receipts - disbursements = carried forward,,0,check failed,"v1: 6,355,758.65 vs printed 6,414,742.67 (-58,984.02) ; v2: 9,228,323.51 vs printed 9,236,164.01 (-7,840.50) ; v3: 6,960,959.84 vs printed 7,004,408.01 (-43,448.17) ; v4: 8,675,373.35 vs printed 8,645,488.67 (+29,884.68)"
2022,FY2022,HIGHWAY DEPARTMENT,DPW Roads Gift Fund,36,,FISCAL YEAR ENDING 6/30/22 ; FORWARD | TOTAL | TOTAL | BALANCE FWD ; PROGRAM NAME | 7/1/2021 | RECEIPTS | DISBURSEMENTS | 7/1/2022 ; GENERAL GOVERNMENT,3330.00,,,3330.00,,,2,,,,0,check failed,"v1: 6,355,758.65 vs printed 6,414,742.67 (-58,984.02) ; v2: 9,228,323.51 vs printed 9,236,164.01 (-7,840.50) ; v3: 6,960,959.84 vs printed 7,004,408.01 (-43,448.17) ; v4: 8,675,373.35 vs printed 8,645,488.67 (+29,884.68)"
2022,FY2022,HIGHWAY DEPARTMENT,Highway Insurance Recoveries,36,,FISCAL YEAR ENDING 6/30/22 ; FORWARD | TOTAL | TOTAL | BALANCE FWD ; PROGRAM NAME | 7/1/2021 | RECEIPTS | DISBURSEMENTS | 7/1/2022 ; GENERAL GOVERNMENT,795.82,,,795.82,,,2,,,,0,check failed,"v1: 6,355,758.65 vs printed 6,414,742.67 (-58,984.02) ; v2: 9,228,323.51 vs printed 9,236,164.01 (-7,840.50) ; v3: 6,960,959.84 vs printed 7,004,408.01 (-43,448.17) ; v4: 8,675,373.35 vs printed 8,645,488.67 (+29,884.68)"
2022,FY2022,HIGHWAY DEPARTMENT,Chapter 204/Acts of 1996,36,,FISCAL YEAR ENDING 6/30/22 ; FORWARD | TOTAL | TOTAL | BALANCE FWD ; PROGRAM NAME | 7/1/2021 | RECEIPTS | DISBURSEMENTS | 7/1/2022 ; GENERAL GOVERNMENT,0.11,,,0.11,,,2,,,,0,check failed,"v1: 6,355,758.65 vs printed 6,414,742.67 (-58,984.02) ; v2: 9,228,323.51 vs printed 9,236,164.01 (-7,840.50) ; v3: 6,960,959.84 vs printed 7,004,408.01 (-43,448.17) ; v4: 8,675,373.35 vs printed 8,645,488.67 (+29,884.68)"
2022,FY2022,HIGHWAY DEPARTMENT,Small Bridge Program Grant,36,,FISCAL YEAR ENDING 6/30/22 ; FORWARD | TOTAL | TOTAL | BALANCE FWD ; PROGRAM NAME | 7/1/2021 | RECEIPTS | DISBURSEMENTS | 7/1/2022 ; GENERAL GOVERNMENT,-50767.07,315917.39,265150.32,0.00,,,4,,fund balances: forward + receipts - disbursements = carried forward,,0,check failed,"v1: 6,355,758.65 vs printed 6,414,742.67 (-58,984.02) ; v2: 9,228,323.51 vs printed 9,236,164.01 (-7,840.50) ; v3: 6,960,959.84 vs printed 7,004,408.01 (-43,448.17) ; v4: 8,675,373.35 vs printed 8,645,488.67 (+29,884.68)"
2022,FY2022,HIGHWAY DEPARTMENT,Complete Streets Grant,36,,FISCAL YEAR ENDING 6/30/22 ; FORWARD | TOTAL | TOTAL | BALANCE FWD ; PROGRAM NAME | 7/1/2021 | RECEIPTS | DISBURSEMENTS | 7/1/2022 ; GENERAL GOVERNMENT,-1290.00,232597.35,231307.85,,,,3,,one cell missing; derivable from the row itself,"v4 = -0.50, from this fund's own other three columns",0,check failed,"v1: 6,355,758.65 vs printed 6,414,742.67 (-58,984.02) ; v2: 9,228,323.51 vs printed 9,236,164.01 (-7,840.50) ; v3: 6,960,959.84 vs printed 7,004,408.01 (-43,448.17) ; v4: 8,675,373.35 vs printed 8,645,488.67 (+29,884.68)"
2022,FY2022,COUNCIL ON AGING,[C.O.A./M.A.R.T. Revolving,36,,FISCAL YEAR ENDING 6/30/22 ; FORWARD | TOTAL | TOTAL | BALANCE FWD ; PROGRAM NAME | 7/1/2021 | RECEIPTS | DISBURSEMENTS | 7/1/2022 ; GENERAL GOVERNMENT,-2663.35,35292.79,38976.82,-6347.38,,,4,,fund balances: forward + receipts - disbursements = carried forward,,0,check failed,"v1: 6,355,758.65 vs printed 6,414,742.67 (-58,984.02) ; v2: 9,228,323.51 vs printed 9,236,164.01 (-7,840.50) ; v3: 6,960,959.84 vs printed 7,004,408.01 (-43,448.17) ; v4: 8,675,373.35 vs printed 8,645,488.67 (+29,884.68)"
2022,FY2022,COUNCIL ON AGING,C.O.A. Formula Grant,36,,FISCAL YEAR ENDING 6/30/22 ; FORWARD | TOTAL | TOTAL | BALANCE FWD ; PROGRAM NAME | 7/1/2021 | RECEIPTS | DISBURSEMENTS | 7/1/2022 ; GENERAL GOVERNMENT,7158.26,25272.00,27983.95,4446.31,,,4,,fund balances: forward + receipts - disbursements = carried forward,,0,check failed,"v1: 6,355,758.65 vs printed 6,414,742.67 (-58,984.02) ; v2: 9,228,323.51 vs printed 9,236,164.01 (-7,840.50) ; v3: 6,960,959.84 vs printed 7,004,408.01 (-43,448.17) ; v4: 8,675,373.35 vs printed 8,645,488.67 (+29,884.68)"
2022,FY2022,COUNCIL ON AGING,E.O.C.D. Senior Center Grant,36,,FISCAL YEAR ENDING 6/30/22 ; FORWARD | TOTAL | TOTAL | BALANCE FWD ; PROGRAM NAME | 7/1/2021 | RECEIPTS | DISBURSEMENTS | 7/1/2022 ; GENERAL GOVERNMENT,1686.26,0.12,,1686.38,,,3,,one cell missing; derivable from the row itself,"v3 = -0.00, from this fund's own other three columns",0,check failed,"v1: 6,355,758.65 vs printed 6,414,742.67 (-58,984.02) ; v2: 9,228,323.51 vs printed 9,236,164.01 (-7,840.50) ; v3: 6,960,959.84 vs printed 7,004,408.01 (-43,448.17) ; v4: 8,675,373.35 vs printed 8,645,488.67 (+29,884.68)"
2022,FY2022,COUNCIL ON AGING,Venture Grant - Are You OK,36,,FISCAL YEAR ENDING 6/30/22 ; FORWARD | TOTAL | TOTAL | BALANCE FWD ; PROGRAM NAME | 7/1/2021 | RECEIPTS | DISBURSEMENTS | 7/1/2022 ; GENERAL GOVERNMENT,24.00,,,24.00,,,2,,,,0,check failed,"v1: 6,355,758.65 vs printed 6,414,742.67 (-58,984.02) ; v2: 9,228,323.51 vs printed 9,236,164.01 (-7,840.50) ; v3: 6,960,959.84 vs printed 7,004,408.01 (-43,448.17) ; v4: 8,675,373.35 vs printed 8,645,488.67 (+29,884.68)"
2022,FY2022,COUNCIL ON AGING,Council on Aging Gift Fund,36,,FISCAL YEAR ENDING 6/30/22 ; FORWARD | TOTAL | TOTAL | BALANCE FWD ; PROGRAM NAME | 7/1/2021 | RECEIPTS | DISBURSEMENTS | 7/1/2022 ; GENERAL GOVERNMENT,4442.97,4600.29,3000.00,6043.26,,,4,,fund balances: forward + receipts - disbursements = carried forward,,0,check failed,"v1: 6,355,758.65 vs printed 6,414,742.67 (-58,984.02) ; v2: 9,228,323.51 vs printed 9,236,164.01 (-7,840.50) ; v3: 6,960,959.84 vs printed 7,004,408.01 (-43,448.17) ; v4: 8,675,373.35 vs printed 8,645,488.67 (+29,884.68)"
2022,FY2022,COUNCIL ON AGING,COA Program Grant,36,,FISCAL YEAR ENDING 6/30/22 ; FORWARD | TOTAL | TOTAL | BALANCE FWD ; PROGRAM NAME | 7/1/2021 | RECEIPTS | DISBURSEMENTS | 7/1/2022 ; GENERAL GOVERNMENT,635.69,8000.00,3850.83,4784.86,,,4,,fund balances: forward + receipts - disbursements = carried forward,,0,check failed,"v1: 6,355,758.65 vs printed 6,414,742.67 (-58,984.02) ; v2: 9,228,323.51 vs printed 9,236,164.01 (-7,840.50) ; v3: 6,960,959.84 vs printed 7,004,408.01 (-43,448.17) ; v4: 8,675,373.35 vs printed 8,645,488.67 (+29,884.68)"
2022,FY2022,LIBRARY,State Aid-Libraries,36,,FISCAL YEAR ENDING 6/30/22 ; FORWARD | TOTAL | TOTAL | BALANCE FWD ; PROGRAM NAME | 7/1/2021 | RECEIPTS | DISBURSEMENTS | 7/1/2022 ; GENERAL GOVERNMENT,30695.00,21997.58,9843.38,42849.20,,,4,,fund balances: forward + receipts - disbursements = carried forward,,0,check failed,"v1: 6,355,758.65 vs printed 6,414,742.67 (-58,984.02) ; v2: 9,228,323.51 vs printed 9,236,164.01 (-7,840.50) ; v3: 6,960,959.84 vs printed 7,004,408.01 (-43,448.17) ; v4: 8,675,373.35 vs printed 8,645,488.67 (+29,884.68)"
2022,FY2022,LIBRARY,Library Gift Fund,36,,FISCAL YEAR ENDING 6/30/22 ; FORWARD | TOTAL | TOTAL | BALANCE FWD ; PROGRAM NAME | 7/1/2021 | RECEIPTS | DISBURSEMENTS | 7/1/2022 ; GENERAL GOVERNMENT,23572.54,1487.50,,28060.04,,,3,,one cell missing; derivable from the row itself,"v3 = -3,000.00, from this fund's own other three columns",0,check failed,"v1: 6,355,758.65 vs printed 6,414,742.67 (-58,984.02) ; v2: 9,228,323.51 vs printed 9,236,164.01 (-7,840.50) ; v3: 6,960,959.84 vs printed 7,004,408.01 (-43,448.17) ; v4: 8,675,373.35 vs printed 8,645,488.67 (+29,884.68)"
2022,FY2022,LIBRARY,Library Revolving Fund,36,,FISCAL YEAR ENDING 6/30/22 ; FORWARD | TOTAL | TOTAL | BALANCE FWD ; PROGRAM NAME | 7/1/2021 | RECEIPTS | DISBURSEMENTS | 7/1/2022 ; GENERAL GOVERNMENT,2366.24,995.99,426.75,2935.48,,,4,,fund balances: forward + receipts - disbursements = carried forward,,0,check failed,"v1: 6,355,758.65 vs printed 6,414,742.67 (-58,984.02) ; v2: 9,228,323.51 vs printed 9,236,164.01 (-7,840.50) ; v3: 6,960,959.84 vs printed 7,004,408.01 (-43,448.17) ; v4: 8,675,373.35 vs printed 8,645,488.67 (+29,884.68)"
2022,FY2022,LIBRARY,FY07 Public Libraries Fund,36,,FISCAL YEAR ENDING 6/30/22 ; FORWARD | TOTAL | TOTAL | BALANCE FWD ; PROGRAM NAME | 7/1/2021 | RECEIPTS | DISBURSEMENTS | 7/1/2022 ; GENERAL GOVERNMENT,571.17,,,571.17,,,2,,,,0,check failed,"v1: 6,355,758.65 vs printed 6,414,742.67 (-58,984.02) ; v2: 9,228,323.51 vs printed 9,236,164.01 (-7,840.50) ; v3: 6,960,959.84 vs printed 7,004,408.01 (-43,448.17) ; v4: 8,675,373.35 vs printed 8,645,488.67 (+29,884.68)"
2022,FY2022,LIBRARY,State Earmarks - LED Lighting Library,36,,FISCAL YEAR ENDING 6/30/22 ; FORWARD | TOTAL | TOTAL | BALANCE FWD ; PROGRAM NAME | 7/1/2021 | RECEIPTS | DISBURSEMENTS | 7/1/2022 ; GENERAL GOVERNMENT,0.00,20000.00,15544.41,4455.59,,,4,,fund balances: forward + receipts - disbursements = carried forward,,0,check failed,"v1: 6,355,758.65 vs printed 6,414,742.67 (-58,984.02) ; v2: 9,228,323.51 vs printed 9,236,164.01 (-7,840.50) ; v3: 6,960,959.84 vs printed 7,004,408.01 (-43,448.17) ; v4: 8,675,373.35 vs printed 8,645,488.67 (+29,884.68)"
2022,FY2022,LIBRARY,Sale of Cemetery Lots,36,,FISCAL YEAR ENDING 6/30/22 ; FORWARD | TOTAL | TOTAL | BALANCE FWD ; PROGRAM NAME | 7/1/2021 | RECEIPTS | DISBURSEMENTS | 7/1/2022 ; GENERAL GOVERNMENT,87238.71,9956.95,15000.00,82195.66,,,4,,fund balances: forward + receipts - disbursements = carried forward,,0,check failed,"v1: 6,355,758.65 vs printed 6,414,742.67 (-58,984.02) ; v2: 9,228,323.51 vs printed 9,236,164.01 (-7,840.50) ; v3: 6,960,959.84 vs printed 7,004,408.01 (-43,448.17) ; v4: 8,675,373.35 vs printed 8,645,488.67 (+29,884.68)"
2022,FY2022,LIBRARY,North Cemetery Accessibility Grant,36,,FISCAL YEAR ENDING 6/30/22 ; FORWARD | TOTAL | TOTAL | BALANCE FWD ; PROGRAM NAME | 7/1/2021 | RECEIPTS | DISBURSEMENTS | 7/1/2022 ; GENERAL GOVERNMENT,,32000.00,,0.00,,,2,,,,0,check failed,"v1: 6,355,758.65 vs printed 6,414,742.67 (-58,984.02) ; v2: 9,228,323.51 vs printed 9,236,164.01 (-7,840.50) ; v3: 6,960,959.84 vs printed 7,004,408.01 (-43,448.17) ; v4: 8,675,373.35 vs printed 8,645,488.67 (+29,884.68)"
2022,FY2022,LIBRARY,Lunenburg Cemetery Gift Fund,36,,FISCAL YEAR ENDING 6/30/22 ; FORWARD | TOTAL | TOTAL | BALANCE FWD ; PROGRAM NAME | 7/1/2021 | RECEIPTS | DISBURSEMENTS | 7/1/2022 ; GENERAL GOVERNMENT,209.39,,,209.39,,,2,,,,0,check failed,"v1: 6,355,758.65 vs printed 6,414,742.67 (-58,984.02) ; v2: 9,228,323.51 vs printed 9,236,164.01 (-7,840.50) ; v3: 6,960,959.84 vs printed 7,004,408.01 (-43,448.17) ; v4: 8,675,373.35 vs printed 8,645,488.67 (+29,884.68)"
2022,FY2022,LIBRARY,Elderly/Disabled Fund,36,,FISCAL YEAR ENDING 6/30/22 ; FORWARD | TOTAL | TOTAL | BALANCE FWD ; PROGRAM NAME | 7/1/2021 | RECEIPTS | DISBURSEMENTS | 7/1/2022 ; GENERAL GOVERNMENT,2487.14,,,2487.14,,,2,,,,0,check failed,"v1: 6,355,758.65 vs printed 6,414,742.67 (-58,984.02) ; v2: 9,228,323.51 vs printed 9,236,164.01 (-7,840.50) ; v3: 6,960,959.84 vs printed 7,004,408.01 (-43,448.17) ; v4: 8,675,373.35 vs printed 8,645,488.67 (+29,884.68)"
2022,FY2022,LIBRARY,Green Communities Grant,36,,FISCAL YEAR ENDING 6/30/22 ; FORWARD | TOTAL | TOTAL | BALANCE FWD ; PROGRAM NAME | 7/1/2021 | RECEIPTS | DISBURSEMENTS | 7/1/2022 ; GENERAL GOVERNMENT,13307.57,5389.25,17800.87,895.95,,,4,,fund balances: forward + receipts - disbursements = carried forward,,0,check failed,"v1: 6,355,758.65 vs printed 6,414,742.67 (-58,984.02) ; v2: 9,228,323.51 vs printed 9,236,164.01 (-7,840.50) ; v3: 6,960,959.84 vs printed 7,004,408.01 (-43,448.17) ; v4: 8,675,373.35 vs printed 8,645,488.67 (+29,884.68)"
2022,FY2022,LIBRARY,Agricultural Commission Grant,36,,FISCAL YEAR ENDING 6/30/22 ; FORWARD | TOTAL | TOTAL | BALANCE FWD ; PROGRAM NAME | 7/1/2021 | RECEIPTS | DISBURSEMENTS | 7/1/2022 ; GENERAL GOVERNMENT,1401.00,1550.00,,2951.00,,,3,,one cell missing; derivable from the row itself,"v3 = 0.00, from this fund's own other three columns",0,check failed,"v1: 6,355,758.65 vs printed 6,414,742.67 (-58,984.02) ; v2: 9,228,323.51 vs printed 9,236,164.01 (-7,840.50) ; v3: 6,960,959.84 vs printed 7,004,408.01 (-43,448.17) ; v4: 8,675,373.35 vs printed 8,645,488.67 (+29,884.68)"
2022,FY2022,LIBRARY,MIlA Grant,36,,FISCAL YEAR ENDING 6/30/22 ; FORWARD | TOTAL | TOTAL | BALANCE FWD ; PROGRAM NAME | 7/1/2021 | RECEIPTS | DISBURSEMENTS | 7/1/2022 ; GENERAL GOVERNMENT,0.00,10000.00,10000.00,0.00,,,4,,fund balances: forward + receipts - disbursements = carried forward,,0,check failed,"v1: 6,355,758.65 vs printed 6,414,742.67 (-58,984.02) ; v2: 9,228,323.51 vs printed 9,236,164.01 (-7,840.50) ; v3: 6,960,959.84 vs printed 7,004,408.01 (-43,448.17) ; v4: 8,675,373.35 vs printed 8,645,488.67 (+29,884.68)"
2022,FY2022,LIBRARY,Bell Tower Mtc. Fund-Town Hall,36,,FISCAL YEAR ENDING 6/30/22 ; FORWARD | TOTAL | TOTAL | BALANCE FWD ; PROGRAM NAME | 7/1/2021 | RECEIPTS | DISBURSEMENTS | 7/1/2022 ; GENERAL GOVERNMENT,2556.37,,,2556.37,,,2,,,,0,check failed,"v1: 6,355,758.65 vs printed 6,414,742.67 (-58,984.02) ; v2: 9,228,323.51 vs printed 9,236,164.01 (-7,840.50) ; v3: 6,960,959.84 vs printed 7,004,408.01 (-43,448.17) ; v4: 8,675,373.35 vs printed 8,645,488.67 (+29,884.68)"
2022,FY2022,LIBRARY,Historical Comm. Gift Fund,36,,FISCAL YEAR ENDING 6/30/22 ; FORWARD | TOTAL | TOTAL | BALANCE FWD ; PROGRAM NAME | 7/1/2021 | RECEIPTS | DISBURSEMENTS | 7/1/2022 ; GENERAL GOVERNMENT,137.36,,,137.36,,,2,,,,0,check failed,"v1: 6,355,758.65 vs printed 6,414,742.67 (-58,984.02) ; v2: 9,228,323.51 vs printed 9,236,164.01 (-7,840.50) ; v3: 6,960,959.84 vs printed 7,004,408.01 (-43,448.17) ; v4: 8,675,373.35 vs printed 8,645,488.67 (+29,884.68)"
2022,FY2022,LIBRARY,Mass Historical Comm Grant-Town Hall,36,,FISCAL YEAR ENDING 6/30/22 ; FORWARD | TOTAL | TOTAL | BALANCE FWD ; PROGRAM NAME | 7/1/2021 | RECEIPTS | DISBURSEMENTS | 7/1/2022 ; GENERAL GOVERNMENT,4150.00,,,4150.00,,,2,,,,0,check failed,"v1: 6,355,758.65 vs printed 6,414,742.67 (-58,984.02) ; v2: 9,228,323.51 vs printed 9,236,164.01 (-7,840.50) ; v3: 6,960,959.84 vs printed 7,004,408.01 (-43,448.17) ; v4: 8,675,373.35 vs printed 8,645,488.67 (+29,884.68)"
2022,FY2022,LIBRARY,MWPAT Septic Repair,36,,FISCAL YEAR ENDING 6/30/22 ; FORWARD | TOTAL | TOTAL | BALANCE FWD ; PROGRAM NAME | 7/1/2021 | RECEIPTS | DISBURSEMENTS | 7/1/2022 ; GENERAL GOVERNMENT,4079.03,,,4079.03,,,2,,,,0,check failed,"v1: 6,355,758.65 vs printed 6,414,742.67 (-58,984.02) ; v2: 9,228,323.51 vs printed 9,236,164.01 (-7,840.50) ; v3: 6,960,959.84 vs printed 7,004,408.01 (-43,448.17) ; v4: 8,675,373.35 vs printed 8,645,488.67 (+29,884.68)"
2022,FY2022,LIBRARY,WPAT Septic Receipts Reserved,36,,FISCAL YEAR ENDING 6/30/22 ; FORWARD | TOTAL | TOTAL | BALANCE FWD ; PROGRAM NAME | 7/1/2021 | RECEIPTS | DISBURSEMENTS | 7/1/2022 ; GENERAL GOVERNMENT,36490.59,,,36490.59,,,2,,,,0,check failed,"v1: 6,355,758.65 vs printed 6,414,742.67 (-58,984.02) ; v2: 9,228,323.51 vs printed 9,236,164.01 (-7,840.50) ; v3: 6,960,959.84 vs printed 7,004,408.01 (-43,448.17) ; v4: 8,675,373.35 vs printed 8,645,488.67 (+29,884.68)"
2022,FY2022,LIBRARY,E.O.C.D. Septic | Grant,36,,FISCAL YEAR ENDING 6/30/22 ; FORWARD | TOTAL | TOTAL | BALANCE FWD ; PROGRAM NAME | 7/1/2021 | RECEIPTS | DISBURSEMENTS | 7/1/2022 ; GENERAL GOVERNMENT,104171.03,12430.58,7167.49,109434.12,,,4,,fund balances: forward + receipts - disbursements = carried forward,,0,check failed,"v1: 6,355,758.65 vs printed 6,414,742.67 (-58,984.02) ; v2: 9,228,323.51 vs printed 9,236,164.01 (-7,840.50) ; v3: 6,960,959.84 vs printed 7,004,408.01 (-43,448.17) ; v4: 8,675,373.35 vs printed 8,645,488.67 (+29,884.68)"
2022,FY2022,LIBRARY,[Water Enterprise Fund,36,,FISCAL YEAR ENDING 6/30/22 ; FORWARD | TOTAL | TOTAL | BALANCE FWD ; PROGRAM NAME | 7/1/2021 | RECEIPTS | DISBURSEMENTS | 7/1/2022 ; GENERAL GOVERNMENT,54543.57,47433.01,44436.98,57539.60,,,4,,fund balances: forward + receipts - disbursements = carried forward,,0,check failed,"v1: 6,355,758.65 vs printed 6,414,742.67 (-58,984.02) ; v2: 9,228,323.51 vs printed 9,236,164.01 (-7,840.50) ; v3: 6,960,959.84 vs printed 7,004,408.01 (-43,448.17) ; v4: 8,675,373.35 vs printed 8,645,488.67 (+29,884.68)"
2022,FY2022,LIBRARY,,36,,FISCAL YEAR ENDING 6/30/22 ; FORWARD | TOTAL | TOTAL | BALANCE FWD ; PROGRAM NAME | 7/1/2021 | RECEIPTS | DISBURSEMENTS | 7/1/2022 ; GENERAL GOVERNMENT,36.00,,,,,,1,,,,0,check failed,"v1: 6,355,758.65 vs printed 6,414,742.67 (-58,984.02) ; v2: 9,228,323.51 vs printed 9,236,164.01 (-7,840.50) ; v3: 6,960,959.84 vs printed 7,004,408.01 (-43,448.17) ; v4: 8,675,373.35 vs printed 8,645,488.67 (+29,884.68)"
2022,FY2022,LIBRARY,Sewer Enterprise Fund,37,,FISCAL YEAR ENDING 6/30/22 ; FORWARD | TOTAL | TOTAL | BALANCE FWD ; PROGRAM NAME | 7/1/2021 | RECEIPTS | DISBURSEMENTS | 7/1/2022 ; GENERAL GOVERNMENT,1625480.81,1200003.77,1218722.23,1606762.35,,,4,,fund balances: forward + receipts - disbursements = carried forward,,0,check failed,"v1: 6,355,758.65 vs printed 6,414,742.67 (-58,984.02) ; v2: 9,228,323.51 vs printed 9,236,164.01 (-7,840.50) ; v3: 6,960,959.84 vs printed 7,004,408.01 (-43,448.17) ; v4: 8,675,373.35 vs printed 8,645,488.67 (+29,884.68)"
2022,FY2022,LIBRARY,Sewer Betterment Fund,37,,FISCAL YEAR ENDING 6/30/22 ; FORWARD | TOTAL | TOTAL | BALANCE FWD ; PROGRAM NAME | 7/1/2021 | RECEIPTS | DISBURSEMENTS | 7/1/2022 ; GENERAL GOVERNMENT,740043.58,1128312.62,705876.16,1162980.04,,,4,,does NOT balance by -500.00,,0,check failed,"v1: 6,355,758.65 vs printed 6,414,742.67 (-58,984.02) ; v2: 9,228,323.51 vs printed 9,236,164.01 (-7,840.50) ; v3: 6,960,959.84 vs printed 7,004,408.01 (-43,448.17) ; v4: 8,675,373.35 vs printed 8,645,488.67 (+29,884.68)"
2022,FY2022,LIBRARY,Public Health Emergency Preparedness,37,,FISCAL YEAR ENDING 6/30/22 ; FORWARD | TOTAL | TOTAL | BALANCE FWD ; PROGRAM NAME | 7/1/2021 | RECEIPTS | DISBURSEMENTS | 7/1/2022 ; GENERAL GOVERNMENT,12295.09,,,12295.09,,,2,,,,0,check failed,"v1: 6,355,758.65 vs printed 6,414,742.67 (-58,984.02) ; v2: 9,228,323.51 vs printed 9,236,164.01 (-7,840.50) ; v3: 6,960,959.84 vs printed 7,004,408.01 (-43,448.17) ; v4: 8,675,373.35 vs printed 8,645,488.67 (+29,884.68)"
2022,FY2022,LIBRARY,Storm Water Task Force Revolving,37,,FISCAL YEAR ENDING 6/30/22 ; FORWARD | TOTAL | TOTAL | BALANCE FWD ; PROGRAM NAME | 7/1/2021 | RECEIPTS | DISBURSEMENTS | 7/1/2022 ; GENERAL GOVERNMENT,3304.00,1198.00,,4502.00,,,3,,one cell missing; derivable from the row itself,"v3 = 0.00, from this fund's own other three columns",0,check failed,"v1: 6,355,758.65 vs printed 6,414,742.67 (-58,984.02) ; v2: 9,228,323.51 vs printed 9,236,164.01 (-7,840.50) ; v3: 6,960,959.84 vs printed 7,004,408.01 (-43,448.17) ; v4: 8,675,373.35 vs printed 8,645,488.67 (+29,884.68)"
2022,FY2022,LIBRARY,inspectors Revolving Fund,37,,FISCAL YEAR ENDING 6/30/22 ; FORWARD | TOTAL | TOTAL | BALANCE FWD ; PROGRAM NAME | 7/1/2021 | RECEIPTS | DISBURSEMENTS | 7/1/2022 ; GENERAL GOVERNMENT,1678.25,33081.25,31736.25,3023.25,,,4,,fund balances: forward + receipts - disbursements = carried forward,,0,check failed,"v1: 6,355,758.65 vs printed 6,414,742.67 (-58,984.02) ; v2: 9,228,323.51 vs printed 9,236,164.01 (-7,840.50) ; v3: 6,960,959.84 vs printed 7,004,408.01 (-43,448.17) ; v4: 8,675,373.35 vs printed 8,645,488.67 (+29,884.68)"
2022,FY2022,LIBRARY,Timber Rights Revolving,37,,FISCAL YEAR ENDING 6/30/22 ; FORWARD | TOTAL | TOTAL | BALANCE FWD ; PROGRAM NAME | 7/1/2021 | RECEIPTS | DISBURSEMENTS | 7/1/2022 ; GENERAL GOVERNMENT,25523.12,,282.40,25240.72,,,3,,one cell missing; derivable from the row itself,"v2 = 0.00, from this fund's own other three columns",0,check failed,"v1: 6,355,758.65 vs printed 6,414,742.67 (-58,984.02) ; v2: 9,228,323.51 vs printed 9,236,164.01 (-7,840.50) ; v3: 6,960,959.84 vs printed 7,004,408.01 (-43,448.17) ; v4: 8,675,373.35 vs printed 8,645,488.67 (+29,884.68)"
2022,FY2022,LIBRARY,Cares Act Funding - COVID,37,,FISCAL YEAR ENDING 6/30/22 ; FORWARD | TOTAL | TOTAL | BALANCE FWD ; PROGRAM NAME | 7/1/2021 | RECEIPTS | DISBURSEMENTS | 7/1/2022 ; GENERAL GOVERNMENT,149847.49,-145539.40,-3071.11,7379.20,,,4,,fund balances: forward + receipts - disbursements = carried forward,,0,check failed,"v1: 6,355,758.65 vs printed 6,414,742.67 (-58,984.02) ; v2: 9,228,323.51 vs printed 9,236,164.01 (-7,840.50) ; v3: 6,960,959.84 vs printed 7,004,408.01 (-43,448.17) ; v4: 8,675,373.35 vs printed 8,645,488.67 (+29,884.68)"
2022,FY2022,LIBRARY,FEMA #4496 - COVID Grant,37,,FISCAL YEAR ENDING 6/30/22 ; FORWARD | TOTAL | TOTAL | BALANCE FWD ; PROGRAM NAME | 7/1/2021 | RECEIPTS | DISBURSEMENTS | 7/1/2022 ; GENERAL GOVERNMENT,-74911.81,,28124.00,-103035.81,,,3,,one cell missing; derivable from the row itself,"v2 = 0.00, from this fund's own other three columns",0,check failed,"v1: 6,355,758.65 vs printed 6,414,742.67 (-58,984.02) ; v2: 9,228,323.51 vs printed 9,236,164.01 (-7,840.50) ; v3: 6,960,959.84 vs printed 7,004,408.01 (-43,448.17) ; v4: 8,675,373.35 vs printed 8,645,488.67 (+29,884.68)"
2022,FY2022,LIBRARY,ARPA Funds,37,,FISCAL YEAR ENDING 6/30/22 ; FORWARD | TOTAL | TOTAL | BALANCE FWD ; PROGRAM NAME | 7/1/2021 | RECEIPTS | DISBURSEMENTS | 7/1/2022 ; GENERAL GOVERNMENT,614195.58,1139985.74,10779.68,1743401.64,,,4,,fund balances: forward + receipts - disbursements = carried forward,,0,check failed,"v1: 6,355,758.65 vs printed 6,414,742.67 (-58,984.02) ; v2: 9,228,323.51 vs printed 9,236,164.01 (-7,840.50) ; v3: 6,960,959.84 vs printed 7,004,408.01 (-43,448.17) ; v4: 8,675,373.35 vs printed 8,645,488.67 (+29,884.68)"
2022,FY2022,LIBRARY,Artificial Turf Revolving,37,,FISCAL YEAR ENDING 6/30/22 ; FORWARD | TOTAL | TOTAL | BALANCE FWD ; PROGRAM NAME | 7/1/2021 | RECEIPTS | DISBURSEMENTS | 7/1/2022 ; GENERAL GOVERNMENT,50096.44,45000.00,44318.18,50778.25,,,4,,fund balances: forward + receipts - disbursements = carried forward,,0,check failed,"v1: 6,355,758.65 vs printed 6,414,742.67 (-58,984.02) ; v2: 9,228,323.51 vs printed 9,236,164.01 (-7,840.50) ; v3: 6,960,959.84 vs printed 7,004,408.01 (-43,448.17) ; v4: 8,675,373.35 vs printed 8,645,488.67 (+29,884.68)"
2022,FY2022,LIBRARY,DEP Pay As You Throw Grant,37,,FISCAL YEAR ENDING 6/30/22 ; FORWARD | TOTAL | TOTAL | BALANCE FWD ; PROGRAM NAME | 7/1/2021 | RECEIPTS | DISBURSEMENTS | 7/1/2022 ; GENERAL GOVERNMENT,4720.43,,,4720.43,,,2,,,,0,check failed,"v1: 6,355,758.65 vs printed 6,414,742.67 (-58,984.02) ; v2: 9,228,323.51 vs printed 9,236,164.01 (-7,840.50) ; v3: 6,960,959.84 vs printed 7,004,408.01 (-43,448.17) ; v4: 8,675,373.35 vs printed 8,645,488.67 (+29,884.68)"
2022,FY2022,LIBRARY,Recycling Outreach Fund,37,,FISCAL YEAR ENDING 6/30/22 ; FORWARD | TOTAL | TOTAL | BALANCE FWD ; PROGRAM NAME | 7/1/2021 | RECEIPTS | DISBURSEMENTS | 7/1/2022 ; GENERAL GOVERNMENT,13179.91,3800.00,333.30,16646.61,,,4,,fund balances: forward + receipts - disbursements = carried forward,,0,check failed,"v1: 6,355,758.65 vs printed 6,414,742.67 (-58,984.02) ; v2: 9,228,323.51 vs printed 9,236,164.01 (-7,840.50) ; v3: 6,960,959.84 vs printed 7,004,408.01 (-43,448.17) ; v4: 8,675,373.35 vs printed 8,645,488.67 (+29,884.68)"
2022,FY2022,LIBRARY,Repayments Sewer Hookup,37,,FISCAL YEAR ENDING 6/30/22 ; FORWARD | TOTAL | TOTAL | BALANCE FWD ; PROGRAM NAME | 7/1/2021 | RECEIPTS | DISBURSEMENTS | 7/1/2022 ; GENERAL GOVERNMENT,9222.00,,,9222.00,,,2,,,,0,check failed,"v1: 6,355,758.65 vs printed 6,414,742.67 (-58,984.02) ; v2: 9,228,323.51 vs printed 9,236,164.01 (-7,840.50) ; v3: 6,960,959.84 vs printed 7,004,408.01 (-43,448.17) ; v4: 8,675,373.35 vs printed 8,645,488.67 (+29,884.68)"
2022,FY2022,LIBRARY,Solid Waste/Recycling Enterprise Fund,37,,FISCAL YEAR ENDING 6/30/22 ; FORWARD | TOTAL | TOTAL | BALANCE FWD ; PROGRAM NAME | 7/1/2021 | RECEIPTS | DISBURSEMENTS | 7/1/2022 ; GENERAL GOVERNMENT,133595.89,397739.12,370053.43,161281.58,,,4,,fund balances: forward + receipts - disbursements = carried forward,,0,check failed,"v1: 6,355,758.65 vs printed 6,414,742.67 (-58,984.02) ; v2: 9,228,323.51 vs printed 9,236,164.01 (-7,840.50) ; v3: 6,960,959.84 vs printed 7,004,408.01 (-43,448.17) ; v4: 8,675,373.35 vs printed 8,645,488.67 (+29,884.68)"
2022,FY2022,LIBRARY,CVS Volunteer Challenge Grant,37,,FISCAL YEAR ENDING 6/30/22 ; FORWARD | TOTAL | TOTAL | BALANCE FWD ; PROGRAM NAME | 7/1/2021 | RECEIPTS | DISBURSEMENTS | 7/1/2022 ; GENERAL GOVERNMENT,500.00,,,500.00,,,2,,,,0,check failed,"v1: 6,355,758.65 vs printed 6,414,742.67 (-58,984.02) ; v2: 9,228,323.51 vs printed 9,236,164.01 (-7,840.50) ; v3: 6,960,959.84 vs printed 7,004,408.01 (-43,448.17) ; v4: 8,675,373.35 vs printed 8,645,488.67 (+29,884.68)"
2022,FY2022,LIBRARY,Fields Pond Foundation,37,,FISCAL YEAR ENDING 6/30/22 ; FORWARD | TOTAL | TOTAL | BALANCE FWD ; PROGRAM NAME | 7/1/2021 | RECEIPTS | DISBURSEMENTS | 7/1/2022 ; GENERAL GOVERNMENT,1600.00,,,1600.00,,,2,,,,0,check failed,"v1: 6,355,758.65 vs printed 6,414,742.67 (-58,984.02) ; v2: 9,228,323.51 vs printed 9,236,164.01 (-7,840.50) ; v3: 6,960,959.84 vs printed 7,004,408.01 (-43,448.17) ; v4: 8,675,373.35 vs printed 8,645,488.67 (+29,884.68)"
2022,FY2022,LIBRARY,March for Parks,37,,FISCAL YEAR ENDING 6/30/22 ; FORWARD | TOTAL | TOTAL | BALANCE FWD ; PROGRAM NAME | 7/1/2021 | RECEIPTS | DISBURSEMENTS | 7/1/2022 ; GENERAL GOVERNMENT,1617.25,,,1617.25,,,2,,,,0,check failed,"v1: 6,355,758.65 vs printed 6,414,742.67 (-58,984.02) ; v2: 9,228,323.51 vs printed 9,236,164.01 (-7,840.50) ; v3: 6,960,959.84 vs printed 7,004,408.01 (-43,448.17) ; v4: 8,675,373.35 vs printed 8,645,488.67 (+29,884.68)"
2022,FY2022,LIBRARY,Skate Park Fund,37,,FISCAL YEAR ENDING 6/30/22 ; FORWARD | TOTAL | TOTAL | BALANCE FWD ; PROGRAM NAME | 7/1/2021 | RECEIPTS | DISBURSEMENTS | 7/1/2022 ; GENERAL GOVERNMENT,197.00,,,197.00,,,2,,,,0,check failed,"v1: 6,355,758.65 vs printed 6,414,742.67 (-58,984.02) ; v2: 9,228,323.51 vs printed 9,236,164.01 (-7,840.50) ; v3: 6,960,959.84 vs printed 7,004,408.01 (-43,448.17) ; v4: 8,675,373.35 vs printed 8,645,488.67 (+29,884.68)"
2022,FY2022,LIBRARY,Weights/Measures Citation Fund,37,,FISCAL YEAR ENDING 6/30/22 ; FORWARD | TOTAL | TOTAL | BALANCE FWD ; PROGRAM NAME | 7/1/2021 | RECEIPTS | DISBURSEMENTS | 7/1/2022 ; GENERAL GOVERNMENT,325.00,,,325.00,,,2,,,,0,check failed,"v1: 6,355,758.65 vs printed 6,414,742.67 (-58,984.02) ; v2: 9,228,323.51 vs printed 9,236,164.01 (-7,840.50) ; v3: 6,960,959.84 vs printed 7,004,408.01 (-43,448.17) ; v4: 8,675,373.35 vs printed 8,645,488.67 (+29,884.68)"
2022,FY2022,LIBRARY,Marshall Park Restoration Fund,37,,FISCAL YEAR ENDING 6/30/22 ; FORWARD | TOTAL | TOTAL | BALANCE FWD ; PROGRAM NAME | 7/1/2021 | RECEIPTS | DISBURSEMENTS | 7/1/2022 ; GENERAL GOVERNMENT,125.00,,,125.00,,,2,,,,0,check failed,"v1: 6,355,758.65 vs printed 6,414,742.67 (-58,984.02) ; v2: 9,228,323.51 vs printed 9,236,164.01 (-7,840.50) ; v3: 6,960,959.84 vs printed 7,004,408.01 (-43,448.17) ; v4: 8,675,373.35 vs printed 8,645,488.67 (+29,884.68)"
2022,FY2022,LIBRARY,PEG Access Enterprise Fund,37,,FISCAL YEAR ENDING 6/30/22 ; FORWARD | TOTAL | TOTAL | BALANCE FWD ; PROGRAM NAME | 7/1/2021 | RECEIPTS | DISBURSEMENTS | 7/1/2022 ; GENERAL GOVERNMENT,857497.82,203521.77,127191.05,933828.54,,,4,,fund balances: forward + receipts - disbursements = carried forward,,0,check failed,"v1: 6,355,758.65 vs printed 6,414,742.67 (-58,984.02) ; v2: 9,228,323.51 vs printed 9,236,164.01 (-7,840.50) ; v3: 6,960,959.84 vs printed 7,004,408.01 (-43,448.17) ; v4: 8,675,373.35 vs printed 8,645,488.67 (+29,884.68)"
2022,FY2022,LIBRARY,Sale of Real Estate Fund,37,,FISCAL YEAR ENDING 6/30/22 ; FORWARD | TOTAL | TOTAL | BALANCE FWD ; PROGRAM NAME | 7/1/2021 | RECEIPTS | DISBURSEMENTS | 7/1/2022 ; GENERAL GOVERNMENT,43175.00,,,43175.00,,,2,,,,0,check failed,"v1: 6,355,758.65 vs printed 6,414,742.67 (-58,984.02) ; v2: 9,228,323.51 vs printed 9,236,164.01 (-7,840.50) ; v3: 6,960,959.84 vs printed 7,004,408.01 (-43,448.17) ; v4: 8,675,373.35 vs printed 8,645,488.67 (+29,884.68)"
2022,FY2022,LIBRARY,Arts Lottery Fund,37,,FISCAL YEAR ENDING 6/30/22 ; FORWARD | TOTAL | TOTAL | BALANCE FWD ; PROGRAM NAME | 7/1/2021 | RECEIPTS | DISBURSEMENTS | 7/1/2022 ; GENERAL GOVERNMENT,17890.03,7753.68,3680.00,21963.71,,,4,,fund balances: forward + receipts - disbursements = carried forward,,0,check failed,"v1: 6,355,758.65 vs printed 6,414,742.67 (-58,984.02) ; v2: 9,228,323.51 vs printed 9,236,164.01 (-7,840.50) ; v3: 6,960,959.84 vs printed 7,004,408.01 (-43,448.17) ; v4: 8,675,373.35 vs printed 8,645,488.67 (+29,884.68)"
2022,FY2022,LIBRARY,Debris Removal Gift Fund,37,,FISCAL YEAR ENDING 6/30/22 ; FORWARD | TOTAL | TOTAL | BALANCE FWD ; PROGRAM NAME | 7/1/2021 | RECEIPTS | DISBURSEMENTS | 7/1/2022 ; GENERAL GOVERNMENT,676.00,,,676.00,,,2,,,,0,check failed,"v1: 6,355,758.65 vs printed 6,414,742.67 (-58,984.02) ; v2: 9,228,323.51 vs printed 9,236,164.01 (-7,840.50) ; v3: 6,960,959.84 vs printed 7,004,408.01 (-43,448.17) ; v4: 8,675,373.35 vs printed 8,645,488.67 (+29,884.68)"
2022,FY2022,LIBRARY,Citizens Relief Fund,37,,FISCAL YEAR ENDING 6/30/22 ; FORWARD | TOTAL | TOTAL | BALANCE FWD ; PROGRAM NAME | 7/1/2021 | RECEIPTS | DISBURSEMENTS | 7/1/2022 ; GENERAL GOVERNMENT,200.00,,,200.00,,,2,,,,0,check failed,"v1: 6,355,758.65 vs printed 6,414,742.67 (-58,984.02) ; v2: 9,228,323.51 vs printed 9,236,164.01 (-7,840.50) ; v3: 6,960,959.84 vs printed 7,004,408.01 (-43,448.17) ; v4: 8,675,373.35 vs printed 8,645,488.67 (+29,884.68)"
2022,FY2022,LIBRARY,Mass Trails Grant,37,,FISCAL YEAR ENDING 6/30/22 ; FORWARD | TOTAL | TOTAL | BALANCE FWD ; PROGRAM NAME | 7/1/2021 | RECEIPTS | DISBURSEMENTS | 7/1/2022 ; GENERAL GOVERNMENT,-83734.85,,16492.85,-20227.70,,,3,,one cell missing; derivable from the row itself,"v2 = 80,000.00, from this fund's own other three columns",0,check failed,"v1: 6,355,758.65 vs printed 6,414,742.67 (-58,984.02) ; v2: 9,228,323.51 vs printed 9,236,164.01 (-7,840.50) ; v3: 6,960,959.84 vs printed 7,004,408.01 (-43,448.17) ; v4: 8,675,373.35 vs printed 8,645,488.67 (+29,884.68)"
2022,FY2022,LIBRARY,Hollis Road Revoiving,37,,FISCAL YEAR ENDING 6/30/22 ; FORWARD | TOTAL | TOTAL | BALANCE FWD ; PROGRAM NAME | 7/1/2021 | RECEIPTS | DISBURSEMENTS | 7/1/2022 ; GENERAL GOVERNMENT,49783.79,10200.00,1575.46,58408.33,,,4,,fund balances: forward + receipts - disbursements = carried forward,,0,check failed,"v1: 6,355,758.65 vs printed 6,414,742.67 (-58,984.02) ; v2: 9,228,323.51 vs printed 9,236,164.01 (-7,840.50) ; v3: 6,960,959.84 vs printed 7,004,408.01 (-43,448.17) ; v4: 8,675,373.35 vs printed 8,645,488.67 (+29,884.68)"
2022,FY2022,LIBRARY,TNC Per Ride Assessment Fund,37,,FISCAL YEAR ENDING 6/30/22 ; FORWARD | TOTAL | TOTAL | BALANCE FWD ; PROGRAM NAME | 7/1/2021 | RECEIPTS | DISBURSEMENTS | 7/1/2022 ; GENERAL GOVERNMENT,2361.40,401.50,,2762.90,,,3,,one cell missing; derivable from the row itself,"v3 = 0.00, from this fund's own other three columns",0,check failed,"v1: 6,355,758.65 vs printed 6,414,742.67 (-58,984.02) ; v2: 9,228,323.51 vs printed 9,236,164.01 (-7,840.50) ; v3: 6,960,959.84 vs printed 7,004,408.01 (-43,448.17) ; v4: 8,675,373.35 vs printed 8,645,488.67 (+29,884.68)"
2022,FY2022,LIBRARY,Recycling Dividends Program Grant,37,,FISCAL YEAR ENDING 6/30/22 ; FORWARD | TOTAL | TOTAL | BALANCE FWD ; PROGRAM NAME | 7/1/2021 | RECEIPTS | DISBURSEMENTS | 7/1/2022 ; GENERAL GOVERNMENT,23803.57,6600.00,435.98,29987.53,,,4,,does NOT balance by -19.94,,0,check failed,"v1: 6,355,758.65 vs printed 6,414,742.67 (-58,984.02) ; v2: 9,228,323.51 vs printed 9,236,164.01 (-7,840.50) ; v3: 6,960,959.84 vs printed 7,004,408.01 (-43,448.17) ; v4: 8,675,373.35 vs printed 8,645,488.67 (+29,884.68)"
2022,FY2022,LIBRARY,Community Compact - E-Permitting Grant,37,,FISCAL YEAR ENDING 6/30/22 ; FORWARD | TOTAL | TOTAL | BALANCE FWD ; PROGRAM NAME | 7/1/2021 | RECEIPTS | DISBURSEMENTS | 7/1/2022 ; GENERAL GOVERNMENT,200.00,,,200.00,,,2,,,,0,check failed,"v1: 6,355,758.65 vs printed 6,414,742.67 (-58,984.02) ; v2: 9,228,323.51 vs printed 9,236,164.01 (-7,840.50) ; v3: 6,960,959.84 vs printed 7,004,408.01 (-43,448.17) ; v4: 8,675,373.35 vs printed 8,645,488.67 (+29,884.68)"
2022,FY2022,LIBRARY,Technology Fee Revolving Fund,37,,FISCAL YEAR ENDING 6/30/22 ; FORWARD | TOTAL | TOTAL | BALANCE FWD ; PROGRAM NAME | 7/1/2021 | RECEIPTS | DISBURSEMENTS | 7/1/2022 ; GENERAL GOVERNMENT,0.00,21851.10,-21851.10,0.00,,,4,,"does NOT balance by +43,702.20",,0,check failed,"v1: 6,355,758.65 vs printed 6,414,742.67 (-58,984.02) ; v2: 9,228,323.51 vs printed 9,236,164.01 (-7,840.50) ; v3: 6,960,959.84 vs printed 7,004,408.01 (-43,448.17) ; v4: 8,675,373.35 vs printed 8,645,488.67 (+29,884.68)"
2022,FY2022,LIBRARY,Community Compact - Syber Security Grant,37,,FISCAL YEAR ENDING 6/30/22 ; FORWARD | TOTAL | TOTAL | BALANCE FWD ; PROGRAM NAME | 7/1/2021 | RECEIPTS | DISBURSEMENTS | 7/1/2022 ; GENERAL GOVERNMENT,50.00,,,50.00,,,2,,,,0,check failed,"v1: 6,355,758.65 vs printed 6,414,742.67 (-58,984.02) ; v2: 9,228,323.51 vs printed 9,236,164.01 (-7,840.50) ; v3: 6,960,959.84 vs printed 7,004,408.01 (-43,448.17) ; v4: 8,675,373.35 vs printed 8,645,488.67 (+29,884.68)"
2022,FY2022,LIBRARY,Open Space Committee Gift Fund,37,,FISCAL YEAR ENDING 6/30/22 ; FORWARD | TOTAL | TOTAL | BALANCE FWD ; PROGRAM NAME | 7/1/2021 | RECEIPTS | DISBURSEMENTS | 7/1/2022 ; GENERAL GOVERNMENT,0.00,10000.00,0.00,10000.00,,,4,,fund balances: forward + receipts - disbursements = carried forward,,0,check failed,"v1: 6,355,758.65 vs printed 6,414,742.67 (-58,984.02) ; v2: 9,228,323.51 vs printed 9,236,164.01 (-7,840.50) ; v3: 6,960,959.84 vs printed 7,004,408.01 (-43,448.17) ; v4: 8,675,373.35 vs printed 8,645,488.67 (+29,884.68)"
2022,FY2022,LIBRARY,Old Primary School Hazardous Abalement,37,,FISCAL YEAR ENDING 6/30/22 ; FORWARD | TOTAL | TOTAL | BALANCE FWD ; PROGRAM NAME | 7/1/2021 | RECEIPTS | DISBURSEMENTS | 7/1/2022 ; GENERAL GOVERNMENT,0.00,,49990.00,-49990.00,,,3,,one cell missing; derivable from the row itself,"v2 = 0.00, from this fund's own other three columns",0,check failed,"v1: 6,355,758.65 vs printed 6,414,742.67 (-58,984.02) ; v2: 9,228,323.51 vs printed 9,236,164.01 (-7,840.50) ; v3: 6,960,959.84 vs printed 7,004,408.01 (-43,448.17) ; v4: 8,675,373.35 vs printed 8,645,488.67 (+29,884.68)"
2022,FY2022,LIBRARY,,37,,FISCAL YEAR ENDING 6/30/22 ; FORWARD | TOTAL | TOTAL | BALANCE FWD ; PROGRAM NAME | 7/1/2021 | RECEIPTS | DISBURSEMENTS | 7/1/2022 ; GENERAL GOVERNMENT,37.00,,,,,,1,,,,0,check failed,"v1: 6,355,758.65 vs printed 6,414,742.67 (-58,984.02) ; v2: 9,228,323.51 vs printed 9,236,164.01 (-7,840.50) ; v3: 6,960,959.84 vs printed 7,004,408.01 (-43,448.17) ; v4: 8,675,373.35 vs printed 8,645,488.67 (+29,884.68)"
2023,FY2023,GENERAL GOVERNMENT,Regional Assessor Fund,34,,FISCAL YEAR ENDING 6/30/23 ; FORWARD | TOTAL | TOTAL | BALANCE FWD ; PROGRAM NAME | 7/1/2022 | RECEIPTS | DISBURSEMENTS | 7/1/2023 ; GENERAL GOVERNMENT,30907.25,,,30907.25,,,2,,,,0,check failed,"v1: 8,790,242.22 vs printed 8,663,349.91 (+126,892.31) ; v2: 9,102,889.73 vs printed 9,102,807.73 (+82.00) ; v3: 7,663,888.79 vs printed 7,735,057.86 (-71,169.07) ; v4: 10,035,020.31 vs printed 10,031,099.78 (+3,920.53)"
2023,FY2023,GENERAL GOVERNMENT,Conservation Fund,34,,FISCAL YEAR ENDING 6/30/23 ; FORWARD | TOTAL | TOTAL | BALANCE FWD ; PROGRAM NAME | 7/1/2022 | RECEIPTS | DISBURSEMENTS | 7/1/2023 ; GENERAL GOVERNMENT,319.59,,,319.59,,,2,,,,0,check failed,"v1: 8,790,242.22 vs printed 8,663,349.91 (+126,892.31) ; v2: 9,102,889.73 vs printed 9,102,807.73 (+82.00) ; v3: 7,663,888.79 vs printed 7,735,057.86 (-71,169.07) ; v4: 10,035,020.31 vs printed 10,031,099.78 (+3,920.53)"
2023,FY2023,GENERAL GOVERNMENT,Conservation Consultant Revolving,34,,FISCAL YEAR ENDING 6/30/23 ; FORWARD | TOTAL | TOTAL | BALANCE FWD ; PROGRAM NAME | 7/1/2022 | RECEIPTS | DISBURSEMENTS | 7/1/2023 ; GENERAL GOVERNMENT,120.50,,,120.50,,,2,,,,0,check failed,"v1: 8,790,242.22 vs printed 8,663,349.91 (+126,892.31) ; v2: 9,102,889.73 vs printed 9,102,807.73 (+82.00) ; v3: 7,663,888.79 vs printed 7,735,057.86 (-71,169.07) ; v4: 10,035,020.31 vs printed 10,031,099.78 (+3,920.53)"
2023,FY2023,GENERAL GOVERNMENT,Zoning Board Consultant Revolving,34,,FISCAL YEAR ENDING 6/30/23 ; FORWARD | TOTAL | TOTAL | BALANCE FWD ; PROGRAM NAME | 7/1/2022 | RECEIPTS | DISBURSEMENTS | 7/1/2023 ; GENERAL GOVERNMENT,10984.46,8500.00,4862.67,14621.79,,,4,,fund balances: forward + receipts - disbursements = carried forward,,0,check failed,"v1: 8,790,242.22 vs printed 8,663,349.91 (+126,892.31) ; v2: 9,102,889.73 vs printed 9,102,807.73 (+82.00) ; v3: 7,663,888.79 vs printed 7,735,057.86 (-71,169.07) ; v4: 10,035,020.31 vs printed 10,031,099.78 (+3,920.53)"
2023,FY2023,GENERAL GOVERNMENT,Conservation Gift Fund-Cook Farm,34,,FISCAL YEAR ENDING 6/30/23 ; FORWARD | TOTAL | TOTAL | BALANCE FWD ; PROGRAM NAME | 7/1/2022 | RECEIPTS | DISBURSEMENTS | 7/1/2023 ; GENERAL GOVERNMENT,148.00,,,148.00,,,2,,,,0,check failed,"v1: 8,790,242.22 vs printed 8,663,349.91 (+126,892.31) ; v2: 9,102,889.73 vs printed 9,102,807.73 (+82.00) ; v3: 7,663,888.79 vs printed 7,735,057.86 (-71,169.07) ; v4: 10,035,020.31 vs printed 10,031,099.78 (+3,920.53)"
2023,FY2023,GENERAL GOVERNMENT,Town Records Gift Fund,34,,FISCAL YEAR ENDING 6/30/23 ; FORWARD | TOTAL | TOTAL | BALANCE FWD ; PROGRAM NAME | 7/1/2022 | RECEIPTS | DISBURSEMENTS | 7/1/2023 ; GENERAL GOVERNMENT,252.35,,,252.35,,,2,,,,0,check failed,"v1: 8,790,242.22 vs printed 8,663,349.91 (+126,892.31) ; v2: 9,102,889.73 vs printed 9,102,807.73 (+82.00) ; v3: 7,663,888.79 vs printed 7,735,057.86 (-71,169.07) ; v4: 10,035,020.31 vs printed 10,031,099.78 (+3,920.53)"
2023,FY2023,GENERAL GOVERNMENT,Scholarship Fund,34,,FISCAL YEAR ENDING 6/30/23 ; FORWARD | TOTAL | TOTAL | BALANCE FWD ; PROGRAM NAME | 7/1/2022 | RECEIPTS | DISBURSEMENTS | 7/1/2023 ; GENERAL GOVERNMENT,232.26,,,232.26,,,2,,,,0,check failed,"v1: 8,790,242.22 vs printed 8,663,349.91 (+126,892.31) ; v2: 9,102,889.73 vs printed 9,102,807.73 (+82.00) ; v3: 7,663,888.79 vs printed 7,735,057.86 (-71,169.07) ; v4: 10,035,020.31 vs printed 10,031,099.78 (+3,920.53)"
2023,FY2023,GENERAL GOVERNMENT,Sewer Gift Fund,34,,FISCAL YEAR ENDING 6/30/23 ; FORWARD | TOTAL | TOTAL | BALANCE FWD ; PROGRAM NAME | 7/1/2022 | RECEIPTS | DISBURSEMENTS | 7/1/2023 ; GENERAL GOVERNMENT,387.09,,,387.09,,,2,,,,0,check failed,"v1: 8,790,242.22 vs printed 8,663,349.91 (+126,892.31) ; v2: 9,102,889.73 vs printed 9,102,807.73 (+82.00) ; v3: 7,663,888.79 vs printed 7,735,057.86 (-71,169.07) ; v4: 10,035,020.31 vs printed 10,031,099.78 (+3,920.53)"
2023,FY2023,GENERAL GOVERNMENT,Insurance Recoveries,34,,FISCAL YEAR ENDING 6/30/23 ; FORWARD | TOTAL | TOTAL | BALANCE FWD ; PROGRAM NAME | 7/1/2022 | RECEIPTS | DISBURSEMENTS | 7/1/2023 ; GENERAL GOVERNMENT,3173.03,44939.19,44939.19,3173.03,,,4,,fund balances: forward + receipts - disbursements = carried forward,,0,check failed,"v1: 8,790,242.22 vs printed 8,663,349.91 (+126,892.31) ; v2: 9,102,889.73 vs printed 9,102,807.73 (+82.00) ; v3: 7,663,888.79 vs printed 7,735,057.86 (-71,169.07) ; v4: 10,035,020.31 vs printed 10,031,099.78 (+3,920.53)"
2023,FY2023,GENERAL GOVERNMENT,Town Hall Chimney Grant,34,,FISCAL YEAR ENDING 6/30/23 ; FORWARD | TOTAL | TOTAL | BALANCE FWD ; PROGRAM NAME | 7/1/2022 | RECEIPTS | DISBURSEMENTS | 7/1/2023 ; GENERAL GOVERNMENT,3000.00,,,3000.00,,,2,,,,0,check failed,"v1: 8,790,242.22 vs printed 8,663,349.91 (+126,892.31) ; v2: 9,102,889.73 vs printed 9,102,807.73 (+82.00) ; v3: 7,663,888.79 vs printed 7,735,057.86 (-71,169.07) ; v4: 10,035,020.31 vs printed 10,031,099.78 (+3,920.53)"
2023,FY2023,GENERAL GOVERNMENT,General Government Gift Fund,34,,FISCAL YEAR ENDING 6/30/23 ; FORWARD | TOTAL | TOTAL | BALANCE FWD ; PROGRAM NAME | 7/1/2022 | RECEIPTS | DISBURSEMENTS | 7/1/2023 ; GENERAL GOVERNMENT,1110.00,,,1110.00,,,2,,,,0,check failed,"v1: 8,790,242.22 vs printed 8,663,349.91 (+126,892.31) ; v2: 9,102,889.73 vs printed 9,102,807.73 (+82.00) ; v3: 7,663,888.79 vs printed 7,735,057.86 (-71,169.07) ; v4: 10,035,020.31 vs printed 10,031,099.78 (+3,920.53)"
2023,FY2023,GENERAL GOVERNMENT,Household Hazardous Waste,34,,FISCAL YEAR ENDING 6/30/23 ; FORWARD | TOTAL | TOTAL | BALANCE FWD ; PROGRAM NAME | 7/1/2022 | RECEIPTS | DISBURSEMENTS | 7/1/2023 ; GENERAL GOVERNMENT,768.76,,,768.76,,,2,,,,0,check failed,"v1: 8,790,242.22 vs printed 8,663,349.91 (+126,892.31) ; v2: 9,102,889.73 vs printed 9,102,807.73 (+82.00) ; v3: 7,663,888.79 vs printed 7,735,057.86 (-71,169.07) ; v4: 10,035,020.31 vs printed 10,031,099.78 (+3,920.53)"
2023,FY2023,GENERAL GOVERNMENT,Town Facilities Use Account,34,,FISCAL YEAR ENDING 6/30/23 ; FORWARD | TOTAL | TOTAL | BALANCE FWD ; PROGRAM NAME | 7/1/2022 | RECEIPTS | DISBURSEMENTS | 7/1/2023 ; GENERAL GOVERNMENT,21726.98,34134.00,55860.98,0.00,,,4,,fund balances: forward + receipts - disbursements = carried forward,,0,check failed,"v1: 8,790,242.22 vs printed 8,663,349.91 (+126,892.31) ; v2: 9,102,889.73 vs printed 9,102,807.73 (+82.00) ; v3: 7,663,888.79 vs printed 7,735,057.86 (-71,169.07) ; v4: 10,035,020.31 vs printed 10,031,099.78 (+3,920.53)"
2023,FY2023,GENERAL GOVERNMENT,Bond Premium Reserved for Capital,34,,FISCAL YEAR ENDING 6/30/23 ; FORWARD | TOTAL | TOTAL | BALANCE FWD ; PROGRAM NAME | 7/1/2022 | RECEIPTS | DISBURSEMENTS | 7/1/2023 ; GENERAL GOVERNMENT,3543.11,,,3543.11,,,2,,,,0,check failed,"v1: 8,790,242.22 vs printed 8,663,349.91 (+126,892.31) ; v2: 9,102,889.73 vs printed 9,102,807.73 (+82.00) ; v3: 7,663,888.79 vs printed 7,735,057.86 (-71,169.07) ; v4: 10,035,020.31 vs printed 10,031,099.78 (+3,920.53)"
2023,FY2023,GENERAL GOVERNMENT,Continuity of Operations Grant,34,,FISCAL YEAR ENDING 6/30/23 ; FORWARD | TOTAL | TOTAL | BALANCE FWD ; PROGRAM NAME | 7/1/2022 | RECEIPTS | DISBURSEMENTS | 7/1/2023 ; GENERAL GOVERNMENT,25000.00,,25000.00,0.00,,,3,,one cell missing; derivable from the row itself,"v2 = 0.00, from this fund's own other three columns",0,check failed,"v1: 8,790,242.22 vs printed 8,663,349.91 (+126,892.31) ; v2: 9,102,889.73 vs printed 9,102,807.73 (+82.00) ; v3: 7,663,888.79 vs printed 7,735,057.86 (-71,169.07) ; v4: 10,035,020.31 vs printed 10,031,099.78 (+3,920.53)"
2023,FY2023,GENERAL GOVERNMENT,Financial Trend Monitoring Grant,34,,FISCAL YEAR ENDING 6/30/23 ; FORWARD | TOTAL | TOTAL | BALANCE FWD ; PROGRAM NAME | 7/1/2022 | RECEIPTS | DISBURSEMENTS | 7/1/2023 ; GENERAL GOVERNMENT,12500.00,,12500.00,0.00,,,3,,one cell missing; derivable from the row itself,"v2 = 0.00, from this fund's own other three columns",0,check failed,"v1: 8,790,242.22 vs printed 8,663,349.91 (+126,892.31) ; v2: 9,102,889.73 vs printed 9,102,807.73 (+82.00) ; v3: 7,663,888.79 vs printed 7,735,057.86 (-71,169.07) ; v4: 10,035,020.31 vs printed 10,031,099.78 (+3,920.53)"
2023,FY2023,GENERAL GOVERNMENT,Early Voting Incentive Grant,34,,FISCAL YEAR ENDING 6/30/23 ; FORWARD | TOTAL | TOTAL | BALANCE FWD ; PROGRAM NAME | 7/1/2022 | RECEIPTS | DISBURSEMENTS | 7/1/2023 ; GENERAL GOVERNMENT,0.00,10413.72,0.00,10413.72,,,4,,fund balances: forward + receipts - disbursements = carried forward,,0,check failed,"v1: 8,790,242.22 vs printed 8,663,349.91 (+126,892.31) ; v2: 9,102,889.73 vs printed 9,102,807.73 (+82.00) ; v3: 7,663,888.79 vs printed 7,735,057.86 (-71,169.07) ; v4: 10,035,020.31 vs printed 10,031,099.78 (+3,920.53)"
2023,FY2023,GENERAL GOVERNMENT,Extended Polling Hours Grant,34,,FISCAL YEAR ENDING 6/30/23 ; FORWARD | TOTAL | TOTAL | BALANCE FWD ; PROGRAM NAME | 7/1/2022 | RECEIPTS | DISBURSEMENTS | 7/1/2023 ; GENERAL GOVERNMENT,0.00,3561.00,0.00,3561.00,,,4,,fund balances: forward + receipts - disbursements = carried forward,,0,check failed,"v1: 8,790,242.22 vs printed 8,663,349.91 (+126,892.31) ; v2: 9,102,889.73 vs printed 9,102,807.73 (+82.00) ; v3: 7,663,888.79 vs printed 7,735,057.86 (-71,169.07) ; v4: 10,035,020.31 vs printed 10,031,099.78 (+3,920.53)"
2023,FY2023,SCHOOL DEPARTMENT,School Lunch,34,,FISCAL YEAR ENDING 6/30/23 ; FORWARD | TOTAL | TOTAL | BALANCE FWD ; PROGRAM NAME | 7/1/2022 | RECEIPTS | DISBURSEMENTS | 7/1/2023 ; GENERAL GOVERNMENT,340910.64,739686.90,733055.93,347541.61,,,4,,fund balances: forward + receipts - disbursements = carried forward,,0,check failed,"v1: 8,790,242.22 vs printed 8,663,349.91 (+126,892.31) ; v2: 9,102,889.73 vs printed 9,102,807.73 (+82.00) ; v3: 7,663,888.79 vs printed 7,735,057.86 (-71,169.07) ; v4: 10,035,020.31 vs printed 10,031,099.78 (+3,920.53)"
2023,FY2023,SCHOOL DEPARTMENT,Title | #305 - FY15,34,,FISCAL YEAR ENDING 6/30/23 ; FORWARD | TOTAL | TOTAL | BALANCE FWD ; PROGRAM NAME | 7/1/2022 | RECEIPTS | DISBURSEMENTS | 7/1/2023 ; GENERAL GOVERNMENT,0.40,0.00,0.00,0.40,,,4,,fund balances: forward + receipts - disbursements = carried forward,,0,check failed,"v1: 8,790,242.22 vs printed 8,663,349.91 (+126,892.31) ; v2: 9,102,889.73 vs printed 9,102,807.73 (+82.00) ; v3: 7,663,888.79 vs printed 7,735,057.86 (-71,169.07) ; v4: 10,035,020.31 vs printed 10,031,099.78 (+3,920.53)"
2023,FY2023,SCHOOL DEPARTMENT,,34,,FISCAL YEAR ENDING 6/30/23 ; FORWARD | TOTAL | TOTAL | BALANCE FWD ; PROGRAM NAME | 7/1/2022 | RECEIPTS | DISBURSEMENTS | 7/1/2023 ; GENERAL GOVERNMENT,34.00,,,,,,1,,,,0,check failed,"v1: 8,790,242.22 vs printed 8,663,349.91 (+126,892.31) ; v2: 9,102,889.73 vs printed 9,102,807.73 (+82.00) ; v3: 7,663,888.79 vs printed 7,735,057.86 (-71,169.07) ; v4: 10,035,020.31 vs printed 10,031,099.78 (+3,920.53)"
2023,FY2023,SCHOOL DEPARTMENT,Title | #305 - FY20,35,,FISCAL YEAR ENDING 6/30/23 ; FORWARD | TOTAL | TOTAL | BALANCE FWD ; PROGRAM NAME | 7/1/2022 | RECEIPTS | DISBURSEMENTS | 7/1/2023 ; GENERAL GOVERNMENT,200.00,0.00,0.00,200.00,,,4,,fund balances: forward + receipts - disbursements = carried forward,,0,check failed,"v1: 8,790,242.22 vs printed 8,663,349.91 (+126,892.31) ; v2: 9,102,889.73 vs printed 9,102,807.73 (+82.00) ; v3: 7,663,888.79 vs printed 7,735,057.86 (-71,169.07) ; v4: 10,035,020.31 vs printed 10,031,099.78 (+3,920.53)"
2023,FY2023,SCHOOL DEPARTMENT,Title | #305 - FY21,35,,FISCAL YEAR ENDING 6/30/23 ; FORWARD | TOTAL | TOTAL | BALANCE FWD ; PROGRAM NAME | 7/1/2022 | RECEIPTS | DISBURSEMENTS | 7/1/2023 ; GENERAL GOVERNMENT,1495.98,0.00,548.47,947.51,,,4,,fund balances: forward + receipts - disbursements = carried forward,,0,check failed,"v1: 8,790,242.22 vs printed 8,663,349.91 (+126,892.31) ; v2: 9,102,889.73 vs printed 9,102,807.73 (+82.00) ; v3: 7,663,888.79 vs printed 7,735,057.86 (-71,169.07) ; v4: 10,035,020.31 vs printed 10,031,099.78 (+3,920.53)"
2023,FY2023,SCHOOL DEPARTMENT,Title | #305 - FY22,35,,FISCAL YEAR ENDING 6/30/23 ; FORWARD | TOTAL | TOTAL | BALANCE FWD ; PROGRAM NAME | 7/1/2022 | RECEIPTS | DISBURSEMENTS | 7/1/2023 ; GENERAL GOVERNMENT,23390.15,48167.00,,388.08,,,3,,one cell missing; derivable from the row itself,"v3 = 71,169.07, from this fund's own other three columns",0,check failed,"v1: 8,790,242.22 vs printed 8,663,349.91 (+126,892.31) ; v2: 9,102,889.73 vs printed 9,102,807.73 (+82.00) ; v3: 7,663,888.79 vs printed 7,735,057.86 (-71,169.07) ; v4: 10,035,020.31 vs printed 10,031,099.78 (+3,920.53)"
2023,FY2023,SCHOOL DEPARTMENT,Title | #305 - FY23,35,,FISCAL YEAR ENDING 6/30/23 ; FORWARD | TOTAL | TOTAL | BALANCE FWD ; PROGRAM NAME | 7/1/2022 | RECEIPTS | DISBURSEMENTS | 7/1/2023 ; GENERAL GOVERNMENT,0.00,139791.00,129966.41,9824.59,,,4,,fund balances: forward + receipts - disbursements = carried forward,,0,check failed,"v1: 8,790,242.22 vs printed 8,663,349.91 (+126,892.31) ; v2: 9,102,889.73 vs printed 9,102,807.73 (+82.00) ; v3: 7,663,888.79 vs printed 7,735,057.86 (-71,169.07) ; v4: 10,035,020.31 vs printed 10,031,099.78 (+3,920.53)"
2023,FY2023,SCHOOL DEPARTMENT,PL 94-142 #240 - FY21,35,,FISCAL YEAR ENDING 6/30/23 ; FORWARD | TOTAL | TOTAL | BALANCE FWD ; PROGRAM NAME | 7/1/2022 | RECEIPTS | DISBURSEMENTS | 7/1/2023 ; GENERAL GOVERNMENT,822.27,20998.00,21820.27,0.00,,,4,,fund balances: forward + receipts - disbursements = carried forward,,0,check failed,"v1: 8,790,242.22 vs printed 8,663,349.91 (+126,892.31) ; v2: 9,102,889.73 vs printed 9,102,807.73 (+82.00) ; v3: 7,663,888.79 vs printed 7,735,057.86 (-71,169.07) ; v4: 10,035,020.31 vs printed 10,031,099.78 (+3,920.53)"
2023,FY2023,SCHOOL DEPARTMENT,PL 94-142 #240 - FY22,35,,FISCAL YEAR ENDING 6/30/23 ; FORWARD | TOTAL | TOTAL | BALANCE FWD ; PROGRAM NAME | 7/1/2022 | RECEIPTS | DISBURSEMENTS | 7/1/2023 ; GENERAL GOVERNMENT,20293.49,341628.00,349959.91,11961.58,,,4,,fund balances: forward + receipts - disbursements = carried forward,,0,check failed,"v1: 8,790,242.22 vs printed 8,663,349.91 (+126,892.31) ; v2: 9,102,889.73 vs printed 9,102,807.73 (+82.00) ; v3: 7,663,888.79 vs printed 7,735,057.86 (-71,169.07) ; v4: 10,035,020.31 vs printed 10,031,099.78 (+3,920.53)"
2023,FY2023,SCHOOL DEPARTMENT,United Way Venture,35,,FISCAL YEAR ENDING 6/30/23 ; FORWARD | TOTAL | TOTAL | BALANCE FWD ; PROGRAM NAME | 7/1/2022 | RECEIPTS | DISBURSEMENTS | 7/1/2023 ; GENERAL GOVERNMENT,40.42,,,40.42,,,2,,,,0,check failed,"v1: 8,790,242.22 vs printed 8,663,349.91 (+126,892.31) ; v2: 9,102,889.73 vs printed 9,102,807.73 (+82.00) ; v3: 7,663,888.79 vs printed 7,735,057.86 (-71,169.07) ; v4: 10,035,020.31 vs printed 10,031,099.78 (+3,920.53)"
2023,FY2023,SCHOOL DEPARTMENT,Recovery for Lost Books,35,,FISCAL YEAR ENDING 6/30/23 ; FORWARD | TOTAL | TOTAL | BALANCE FWD ; PROGRAM NAME | 7/1/2022 | RECEIPTS | DISBURSEMENTS | 7/1/2023 ; GENERAL GOVERNMENT,13897.02,450.08,,14347.10,,,3,,one cell missing; derivable from the row itself,"v3 = 0.00, from this fund's own other three columns",0,check failed,"v1: 8,790,242.22 vs printed 8,663,349.91 (+126,892.31) ; v2: 9,102,889.73 vs printed 9,102,807.73 (+82.00) ; v3: 7,663,888.79 vs printed 7,735,057.86 (-71,169.07) ; v4: 10,035,020.31 vs printed 10,031,099.78 (+3,920.53)"
2023,FY2023,SCHOOL DEPARTMENT,Chapter 658 School Athletics,35,,FISCAL YEAR ENDING 6/30/23 ; FORWARD | TOTAL | TOTAL | BALANCE FWD ; PROGRAM NAME | 7/1/2022 | RECEIPTS | DISBURSEMENTS | 7/1/2023 ; GENERAL GOVERNMENT,296286.42,146406.17,316320.33,126372.26,,,4,,fund balances: forward + receipts - disbursements = carried forward,,0,check failed,"v1: 8,790,242.22 vs printed 8,663,349.91 (+126,892.31) ; v2: 9,102,889.73 vs printed 9,102,807.73 (+82.00) ; v3: 7,663,888.79 vs printed 7,735,057.86 (-71,169.07) ; v4: 10,035,020.31 vs printed 10,031,099.78 (+3,920.53)"
2023,FY2023,SCHOOL DEPARTMENT,After School Activities,35,,FISCAL YEAR ENDING 6/30/23 ; FORWARD | TOTAL | TOTAL | BALANCE FWD ; PROGRAM NAME | 7/1/2022 | RECEIPTS | DISBURSEMENTS | 7/1/2023 ; GENERAL GOVERNMENT,203041.02,197143.56,216459.56,183725.02,,,4,,fund balances: forward + receipts - disbursements = carried forward,,0,check failed,"v1: 8,790,242.22 vs printed 8,663,349.91 (+126,892.31) ; v2: 9,102,889.73 vs printed 9,102,807.73 (+82.00) ; v3: 7,663,888.79 vs printed 7,735,057.86 (-71,169.07) ; v4: 10,035,020.31 vs printed 10,031,099.78 (+3,920.53)"
2023,FY2023,SCHOOL DEPARTMENT,School Facilities Use,35,,FISCAL YEAR ENDING 6/30/23 ; FORWARD | TOTAL | TOTAL | BALANCE FWD ; PROGRAM NAME | 7/1/2022 | RECEIPTS | DISBURSEMENTS | 7/1/2023 ; GENERAL GOVERNMENT,60665.55,15115.50,68258.99,7522.06,,,4,,fund balances: forward + receipts - disbursements = carried forward,,0,check failed,"v1: 8,790,242.22 vs printed 8,663,349.91 (+126,892.31) ; v2: 9,102,889.73 vs printed 9,102,807.73 (+82.00) ; v3: 7,663,888.79 vs printed 7,735,057.86 (-71,169.07) ; v4: 10,035,020.31 vs printed 10,031,099.78 (+3,920.53)"
2023,FY2023,SCHOOL DEPARTMENT,Adult Education,35,,FISCAL YEAR ENDING 6/30/23 ; FORWARD | TOTAL | TOTAL | BALANCE FWD ; PROGRAM NAME | 7/1/2022 | RECEIPTS | DISBURSEMENTS | 7/1/2023 ; GENERAL GOVERNMENT,9833.75,7240.00,5780.00,11293.75,,,4,,fund balances: forward + receipts - disbursements = carried forward,,0,check failed,"v1: 8,790,242.22 vs printed 8,663,349.91 (+126,892.31) ; v2: 9,102,889.73 vs printed 9,102,807.73 (+82.00) ; v3: 7,663,888.79 vs printed 7,735,057.86 (-71,169.07) ; v4: 10,035,020.31 vs printed 10,031,099.78 (+3,920.53)"
2023,FY2023,SCHOOL DEPARTMENT,Summer School Program,35,,FISCAL YEAR ENDING 6/30/23 ; FORWARD | TOTAL | TOTAL | BALANCE FWD ; PROGRAM NAME | 7/1/2022 | RECEIPTS | DISBURSEMENTS | 7/1/2023 ; GENERAL GOVERNMENT,340.00,,,340.00,,,2,,,,0,check failed,"v1: 8,790,242.22 vs printed 8,663,349.91 (+126,892.31) ; v2: 9,102,889.73 vs printed 9,102,807.73 (+82.00) ; v3: 7,663,888.79 vs printed 7,735,057.86 (-71,169.07) ; v4: 10,035,020.31 vs printed 10,031,099.78 (+3,920.53)"
2023,FY2023,SCHOOL DEPARTMENT,School Choice,35,,FISCAL YEAR ENDING 6/30/23 ; FORWARD | TOTAL | TOTAL | BALANCE FWD ; PROGRAM NAME | 7/1/2022 | RECEIPTS | DISBURSEMENTS | 7/1/2023 ; GENERAL GOVERNMENT,533167.09,116976.00,311602.29,338540.80,,,4,,fund balances: forward + receipts - disbursements = carried forward,,0,check failed,"v1: 8,790,242.22 vs printed 8,663,349.91 (+126,892.31) ; v2: 9,102,889.73 vs printed 9,102,807.73 (+82.00) ; v3: 7,663,888.79 vs printed 7,735,057.86 (-71,169.07) ; v4: 10,035,020.31 vs printed 10,031,099.78 (+3,920.53)"
2023,FY2023,SCHOOL DEPARTMENT,School Gift Fund,35,,FISCAL YEAR ENDING 6/30/23 ; FORWARD | TOTAL | TOTAL | BALANCE FWD ; PROGRAM NAME | 7/1/2022 | RECEIPTS | DISBURSEMENTS | 7/1/2023 ; GENERAL GOVERNMENT,77853.58,26292.83,29166.07,74980.34,,,4,,fund balances: forward + receipts - disbursements = carried forward,,0,check failed,"v1: 8,790,242.22 vs printed 8,663,349.91 (+126,892.31) ; v2: 9,102,889.73 vs printed 9,102,807.73 (+82.00) ; v3: 7,663,888.79 vs printed 7,735,057.86 (-71,169.07) ; v4: 10,035,020.31 vs printed 10,031,099.78 (+3,920.53)"
2023,FY2023,SCHOOL DEPARTMENT,Greenthumb Revolving,35,,FISCAL YEAR ENDING 6/30/23 ; FORWARD | TOTAL | TOTAL | BALANCE FWD ; PROGRAM NAME | 7/1/2022 | RECEIPTS | DISBURSEMENTS | 7/1/2023 ; GENERAL GOVERNMENT,2372.77,,,2372.77,,,2,,,,0,check failed,"v1: 8,790,242.22 vs printed 8,663,349.91 (+126,892.31) ; v2: 9,102,889.73 vs printed 9,102,807.73 (+82.00) ; v3: 7,663,888.79 vs printed 7,735,057.86 (-71,169.07) ; v4: 10,035,020.31 vs printed 10,031,099.78 (+3,920.53)"
2023,FY2023,SCHOOL DEPARTMENT,Custodian Special Details,35,,FISCAL YEAR ENDING 6/30/23 ; FORWARD | TOTAL | TOTAL | BALANCE FWD ; PROGRAM NAME | 7/1/2022 | RECEIPTS | DISBURSEMENTS | 7/1/2023 ; GENERAL GOVERNMENT,-2617.44,10278.00,8086.72,-426.16,,,4,,fund balances: forward + receipts - disbursements = carried forward,,0,check failed,"v1: 8,790,242.22 vs printed 8,663,349.91 (+126,892.31) ; v2: 9,102,889.73 vs printed 9,102,807.73 (+82.00) ; v3: 7,663,888.79 vs printed 7,735,057.86 (-71,169.07) ; v4: 10,035,020.31 vs printed 10,031,099.78 (+3,920.53)"
2023,FY2023,SCHOOL DEPARTMENT,Tech Prep Consortium,35,,FISCAL YEAR ENDING 6/30/23 ; FORWARD | TOTAL | TOTAL | BALANCE FWD ; PROGRAM NAME | 7/1/2022 | RECEIPTS | DISBURSEMENTS | 7/1/2023 ; GENERAL GOVERNMENT,1450.00,,,1450.00,,,2,,,,0,check failed,"v1: 8,790,242.22 vs printed 8,663,349.91 (+126,892.31) ; v2: 9,102,889.73 vs printed 9,102,807.73 (+82.00) ; v3: 7,663,888.79 vs printed 7,735,057.86 (-71,169.07) ; v4: 10,035,020.31 vs printed 10,031,099.78 (+3,920.53)"
2023,FY2023,SCHOOL DEPARTMENT,BC/BS Healthy Choices,35,,FISCAL YEAR ENDING 6/30/23 ; FORWARD | TOTAL | TOTAL | BALANCE FWD ; PROGRAM NAME | 7/1/2022 | RECEIPTS | DISBURSEMENTS | 7/1/2023 ; GENERAL GOVERNMENT,94.65,,,94.65,,,2,,,,0,check failed,"v1: 8,790,242.22 vs printed 8,663,349.91 (+126,892.31) ; v2: 9,102,889.73 vs printed 9,102,807.73 (+82.00) ; v3: 7,663,888.79 vs printed 7,735,057.86 (-71,169.07) ; v4: 10,035,020.31 vs printed 10,031,099.78 (+3,920.53)"
2023,FY2023,SCHOOL DEPARTMENT,50/50 Grant Sped Tuitions,35,,FISCAL YEAR ENDING 6/30/23 ; FORWARD | TOTAL | TOTAL | BALANCE FWD ; PROGRAM NAME | 7/1/2022 | RECEIPTS | DISBURSEMENTS | 7/1/2023 ; GENERAL GOVERNMENT,426893.23,415750.00,494967.72,347675.51,,,4,,fund balances: forward + receipts - disbursements = carried forward,,0,check failed,"v1: 8,790,242.22 vs printed 8,663,349.91 (+126,892.31) ; v2: 9,102,889.73 vs printed 9,102,807.73 (+82.00) ; v3: 7,663,888.79 vs printed 7,735,057.86 (-71,169.07) ; v4: 10,035,020.31 vs printed 10,031,099.78 (+3,920.53)"
2023,FY2023,SCHOOL DEPARTMENT,Insurance Recoveries - School,35,,FISCAL YEAR ENDING 6/30/23 ; FORWARD | TOTAL | TOTAL | BALANCE FWD ; PROGRAM NAME | 7/1/2022 | RECEIPTS | DISBURSEMENTS | 7/1/2023 ; GENERAL GOVERNMENT,1298.66,,,1298.66,,,2,,,,0,check failed,"v1: 8,790,242.22 vs printed 8,663,349.91 (+126,892.31) ; v2: 9,102,889.73 vs printed 9,102,807.73 (+82.00) ; v3: 7,663,888.79 vs printed 7,735,057.86 (-71,169.07) ; v4: 10,035,020.31 vs printed 10,031,099.78 (+3,920.53)"
2023,FY2023,SCHOOL DEPARTMENT,Extended Day Revolving Fund,35,,FISCAL YEAR ENDING 6/30/23 ; FORWARD | TOTAL | TOTAL | BALANCE FWD ; PROGRAM NAME | 7/1/2022 | RECEIPTS | DISBURSEMENTS | 7/1/2023 ; GENERAL GOVERNMENT,192012.95,306342.72,259862.70,238492.97,,,4,,fund balances: forward + receipts - disbursements = carried forward,,0,check failed,"v1: 8,790,242.22 vs printed 8,663,349.91 (+126,892.31) ; v2: 9,102,889.73 vs printed 9,102,807.73 (+82.00) ; v3: 7,663,888.79 vs printed 7,735,057.86 (-71,169.07) ; v4: 10,035,020.31 vs printed 10,031,099.78 (+3,920.53)"
2023,FY2023,SCHOOL DEPARTMENT,Vending Machine Revolving,35,,FISCAL YEAR ENDING 6/30/23 ; FORWARD | TOTAL | TOTAL | BALANCE FWD ; PROGRAM NAME | 7/1/2022 | RECEIPTS | DISBURSEMENTS | 7/1/2023 ; GENERAL GOVERNMENT,1954.71,,,1954.71,,,2,,,,0,check failed,"v1: 8,790,242.22 vs printed 8,663,349.91 (+126,892.31) ; v2: 9,102,889.73 vs printed 9,102,807.73 (+82.00) ; v3: 7,663,888.79 vs printed 7,735,057.86 (-71,169.07) ; v4: 10,035,020.31 vs printed 10,031,099.78 (+3,920.53)"
2023,FY2023,SCHOOL DEPARTMENT,,35,,FISCAL YEAR ENDING 6/30/23 ; FORWARD | TOTAL | TOTAL | BALANCE FWD ; PROGRAM NAME | 7/1/2022 | RECEIPTS | DISBURSEMENTS | 7/1/2023 ; GENERAL GOVERNMENT,3.00,5.00,,,,,2,yes,,,0,check failed,"v1: 8,790,242.22 vs printed 8,663,349.91 (+126,892.31) ; v2: 9,102,889.73 vs printed 9,102,807.73 (+82.00) ; v3: 7,663,888.79 vs printed 7,735,057.86 (-71,169.07) ; v4: 10,035,020.31 vs printed 10,031,099.78 (+3,920.53)"
2023,FY2023,SCHOOL DEPARTMENT,Monbouquette Award,36,,FISCAL YEAR ENDING 6/30/23 ; FORWARD | TOTAL | TOTAL | BALANCE FWD ; PROGRAM NAME | 7/1/2022 | RECEIPTS | DISBURSEMENTS | 7/1/2023 ; GENERAL GOVERNMENT,3.81,,,3.81,,,2,,,,0,check failed,"v1: 8,790,242.22 vs printed 8,663,349.91 (+126,892.31) ; v2: 9,102,889.73 vs printed 9,102,807.73 (+82.00) ; v3: 7,663,888.79 vs printed 7,735,057.86 (-71,169.07) ; v4: 10,035,020.31 vs printed 10,031,099.78 (+3,920.53)"
2023,FY2023,SCHOOL DEPARTMENT,Tufts University Heat Grant,36,,FISCAL YEAR ENDING 6/30/23 ; FORWARD | TOTAL | TOTAL | BALANCE FWD ; PROGRAM NAME | 7/1/2022 | RECEIPTS | DISBURSEMENTS | 7/1/2023 ; GENERAL GOVERNMENT,113.45,,,113.45,,,2,,,,0,check failed,"v1: 8,790,242.22 vs printed 8,663,349.91 (+126,892.31) ; v2: 9,102,889.73 vs printed 9,102,807.73 (+82.00) ; v3: 7,663,888.79 vs printed 7,735,057.86 (-71,169.07) ; v4: 10,035,020.31 vs printed 10,031,099.78 (+3,920.53)"
2023,FY2023,SCHOOL DEPARTMENT,Underground Storage Tank Grant,36,,FISCAL YEAR ENDING 6/30/23 ; FORWARD | TOTAL | TOTAL | BALANCE FWD ; PROGRAM NAME | 7/1/2022 | RECEIPTS | DISBURSEMENTS | 7/1/2023 ; GENERAL GOVERNMENT,1500.00,,,1500.00,,,2,,,,0,check failed,"v1: 8,790,242.22 vs printed 8,663,349.91 (+126,892.31) ; v2: 9,102,889.73 vs printed 9,102,807.73 (+82.00) ; v3: 7,663,888.79 vs printed 7,735,057.86 (-71,169.07) ; v4: 10,035,020.31 vs printed 10,031,099.78 (+3,920.53)"
2023,FY2023,SCHOOL DEPARTMENT,Hach Scientific Foundation Grant,36,,FISCAL YEAR ENDING 6/30/23 ; FORWARD | TOTAL | TOTAL | BALANCE FWD ; PROGRAM NAME | 7/1/2022 | RECEIPTS | DISBURSEMENTS | 7/1/2023 ; GENERAL GOVERNMENT,90.61,,,90.61,,,2,,,,0,check failed,"v1: 8,790,242.22 vs printed 8,663,349.91 (+126,892.31) ; v2: 9,102,889.73 vs printed 9,102,807.73 (+82.00) ; v3: 7,663,888.79 vs printed 7,735,057.86 (-71,169.07) ; v4: 10,035,020.31 vs printed 10,031,099.78 (+3,920.53)"
2023,FY2023,SCHOOL DEPARTMENT,Family Network Gift Fund,36,,FISCAL YEAR ENDING 6/30/23 ; FORWARD | TOTAL | TOTAL | BALANCE FWD ; PROGRAM NAME | 7/1/2022 | RECEIPTS | DISBURSEMENTS | 7/1/2023 ; GENERAL GOVERNMENT,2300.64,,,2300.64,,,2,,,,0,check failed,"v1: 8,790,242.22 vs printed 8,663,349.91 (+126,892.31) ; v2: 9,102,889.73 vs printed 9,102,807.73 (+82.00) ; v3: 7,663,888.79 vs printed 7,735,057.86 (-71,169.07) ; v4: 10,035,020.31 vs printed 10,031,099.78 (+3,920.53)"
2023,FY2023,SCHOOL DEPARTMENT,EECBG Energy Efficiency Grant,36,,FISCAL YEAR ENDING 6/30/23 ; FORWARD | TOTAL | TOTAL | BALANCE FWD ; PROGRAM NAME | 7/1/2022 | RECEIPTS | DISBURSEMENTS | 7/1/2023 ; GENERAL GOVERNMENT,298.23,,,298.23,,,2,,,,0,check failed,"v1: 8,790,242.22 vs printed 8,663,349.91 (+126,892.31) ; v2: 9,102,889.73 vs printed 9,102,807.73 (+82.00) ; v3: 7,663,888.79 vs printed 7,735,057.86 (-71,169.07) ; v4: 10,035,020.31 vs printed 10,031,099.78 (+3,920.53)"
2023,FY2023,SCHOOL DEPARTMENT,Regional Dissemination Grant,36,,FISCAL YEAR ENDING 6/30/23 ; FORWARD | TOTAL | TOTAL | BALANCE FWD ; PROGRAM NAME | 7/1/2022 | RECEIPTS | DISBURSEMENTS | 7/1/2023 ; GENERAL GOVERNMENT,35.00,,,35.00,,,2,,,,0,check failed,"v1: 8,790,242.22 vs printed 8,663,349.91 (+126,892.31) ; v2: 9,102,889.73 vs printed 9,102,807.73 (+82.00) ; v3: 7,663,888.79 vs printed 7,735,057.86 (-71,169.07) ; v4: 10,035,020.31 vs printed 10,031,099.78 (+3,920.53)"
2023,FY2023,SCHOOL DEPARTMENT,Early Childhood Grant #262,36,,FISCAL YEAR ENDING 6/30/23 ; FORWARD | TOTAL | TOTAL | BALANCE FWD ; PROGRAM NAME | 7/1/2022 | RECEIPTS | DISBURSEMENTS | 7/1/2023 ; GENERAL GOVERNMENT,0.00,12500.00,12500.00,0.00,,,4,,fund balances: forward + receipts - disbursements = carried forward,,0,check failed,"v1: 8,790,242.22 vs printed 8,663,349.91 (+126,892.31) ; v2: 9,102,889.73 vs printed 9,102,807.73 (+82.00) ; v3: 7,663,888.79 vs printed 7,735,057.86 (-71,169.07) ; v4: 10,035,020.31 vs printed 10,031,099.78 (+3,920.53)"
2023,FY2023,SCHOOL DEPARTMENT,Program Improvement Grant #274 - FY17,36,,FISCAL YEAR ENDING 6/30/23 ; FORWARD | TOTAL | TOTAL | BALANCE FWD ; PROGRAM NAME | 7/1/2022 | RECEIPTS | DISBURSEMENTS | 7/1/2023 ; GENERAL GOVERNMENT,43.00,0.00,0.00,43.00,,,4,,fund balances: forward + receipts - disbursements = carried forward,,0,check failed,"v1: 8,790,242.22 vs printed 8,663,349.91 (+126,892.31) ; v2: 9,102,889.73 vs printed 9,102,807.73 (+82.00) ; v3: 7,663,888.79 vs printed 7,735,057.86 (-71,169.07) ; v4: 10,035,020.31 vs printed 10,031,099.78 (+3,920.53)"
2023,FY2023,SCHOOL DEPARTMENT,Program Improvement Grant #274,36,,FISCAL YEAR ENDING 6/30/23 ; FORWARD | TOTAL | TOTAL | BALANCE FWD ; PROGRAM NAME | 7/1/2022 | RECEIPTS | DISBURSEMENTS | 7/1/2023 ; GENERAL GOVERNMENT,543.24,0.00,543.24,0.00,,,4,,fund balances: forward + receipts - disbursements = carried forward,,0,check failed,"v1: 8,790,242.22 vs printed 8,663,349.91 (+126,892.31) ; v2: 9,102,889.73 vs printed 9,102,807.73 (+82.00) ; v3: 7,663,888.79 vs printed 7,735,057.86 (-71,169.07) ; v4: 10,035,020.31 vs printed 10,031,099.78 (+3,920.53)"
2023,FY2023,SCHOOL DEPARTMENT,Teacher Quality #140 - FY20,36,,FISCAL YEAR ENDING 6/30/23 ; FORWARD | TOTAL | TOTAL | BALANCE FWD ; PROGRAM NAME | 7/1/2022 | RECEIPTS | DISBURSEMENTS | 7/1/2023 ; GENERAL GOVERNMENT,433.00,269.00,200.00,502.00,,,4,,fund balances: forward + receipts - disbursements = carried forward,,0,check failed,"v1: 8,790,242.22 vs printed 8,663,349.91 (+126,892.31) ; v2: 9,102,889.73 vs printed 9,102,807.73 (+82.00) ; v3: 7,663,888.79 vs printed 7,735,057.86 (-71,169.07) ; v4: 10,035,020.31 vs printed 10,031,099.78 (+3,920.53)"
2023,FY2023,SCHOOL DEPARTMENT,Teacher Quality #140 - FY21,36,,FISCAL YEAR ENDING 6/30/23 ; FORWARD | TOTAL | TOTAL | BALANCE FWD ; PROGRAM NAME | 7/1/2022 | RECEIPTS | DISBURSEMENTS | 7/1/2023 ; GENERAL GOVERNMENT,204.00,0.00,199.45,4.55,,,4,,fund balances: forward + receipts - disbursements = carried forward,,0,check failed,"v1: 8,790,242.22 vs printed 8,663,349.91 (+126,892.31) ; v2: 9,102,889.73 vs printed 9,102,807.73 (+82.00) ; v3: 7,663,888.79 vs printed 7,735,057.86 (-71,169.07) ; v4: 10,035,020.31 vs printed 10,031,099.78 (+3,920.53)"
2023,FY2023,SCHOOL DEPARTMENT,Teacher Quality #140,36,,FISCAL YEAR ENDING 6/30/23 ; FORWARD | TOTAL | TOTAL | BALANCE FWD ; PROGRAM NAME | 7/1/2022 | RECEIPTS | DISBURSEMENTS | 7/1/2023 ; GENERAL GOVERNMENT,348.50,20388.00,16241.08,4495.42,,,4,,fund balances: forward + receipts - disbursements = carried forward,,0,check failed,"v1: 8,790,242.22 vs printed 8,663,349.91 (+126,892.31) ; v2: 9,102,889.73 vs printed 9,102,807.73 (+82.00) ; v3: 7,663,888.79 vs printed 7,735,057.86 (-71,169.07) ; v4: 10,035,020.31 vs printed 10,031,099.78 (+3,920.53)"
2023,FY2023,SCHOOL DEPARTMENT,Family & Community Grant #237,36,,FISCAL YEAR ENDING 6/30/23 ; FORWARD | TOTAL | TOTAL | BALANCE FWD ; PROGRAM NAME | 7/1/2022 | RECEIPTS | DISBURSEMENTS | 7/1/2023 ; GENERAL GOVERNMENT,0.00,0.00,0.00,0.00,,,4,,fund balances: forward + receipts - disbursements = carried forward,,0,check failed,"v1: 8,790,242.22 vs printed 8,663,349.91 (+126,892.31) ; v2: 9,102,889.73 vs printed 9,102,807.73 (+82.00) ; v3: 7,663,888.79 vs printed 7,735,057.86 (-71,169.07) ; v4: 10,035,020.31 vs printed 10,031,099.78 (+3,920.53)"
2023,FY2023,SCHOOL DEPARTMENT,Family & Community Grant #237 - FY23,36,,FISCAL YEAR ENDING 6/30/23 ; FORWARD | TOTAL | TOTAL | BALANCE FWD ; PROGRAM NAME | 7/1/2022 | RECEIPTS | DISBURSEMENTS | 7/1/2023 ; GENERAL GOVERNMENT,0.00,72737.00,71142.00,1595.00,,,4,,fund balances: forward + receipts - disbursements = carried forward,,0,check failed,"v1: 8,790,242.22 vs printed 8,663,349.91 (+126,892.31) ; v2: 9,102,889.73 vs printed 9,102,807.73 (+82.00) ; v3: 7,663,888.79 vs printed 7,735,057.86 (-71,169.07) ; v4: 10,035,020.31 vs printed 10,031,099.78 (+3,920.53)"
2023,FY2023,SCHOOL DEPARTMENT,Displaced Students - Puerto Rico,36,,FISCAL YEAR ENDING 6/30/23 ; FORWARD | TOTAL | TOTAL | BALANCE FWD ; PROGRAM NAME | 7/1/2022 | RECEIPTS | DISBURSEMENTS | 7/1/2023 ; GENERAL GOVERNMENT,10660.63,,,10660.63,,,2,,,,0,check failed,"v1: 8,790,242.22 vs printed 8,663,349.91 (+126,892.31) ; v2: 9,102,889.73 vs printed 9,102,807.73 (+82.00) ; v3: 7,663,888.79 vs printed 7,735,057.86 (-71,169.07) ; v4: 10,035,020.31 vs printed 10,031,099.78 (+3,920.53)"
2023,FY2023,SCHOOL DEPARTMENT,Title IV - Part A #309 - FY20,36,,FISCAL YEAR ENDING 6/30/23 ; FORWARD | TOTAL | TOTAL | BALANCE FWD ; PROGRAM NAME | 7/1/2022 | RECEIPTS | DISBURSEMENTS | 7/1/2023 ; GENERAL GOVERNMENT,345.03,200.00,812.03,-267.00,,,4,,fund balances: forward + receipts - disbursements = carried forward,,0,check failed,"v1: 8,790,242.22 vs printed 8,663,349.91 (+126,892.31) ; v2: 9,102,889.73 vs printed 9,102,807.73 (+82.00) ; v3: 7,663,888.79 vs printed 7,735,057.86 (-71,169.07) ; v4: 10,035,020.31 vs printed 10,031,099.78 (+3,920.53)"
2023,FY2023,SCHOOL DEPARTMENT,Title IV - Part A #309 - FY19,36,,FISCAL YEAR ENDING 6/30/23 ; FORWARD | TOTAL | TOTAL | BALANCE FWD ; PROGRAM NAME | 7/1/2022 | RECEIPTS | DISBURSEMENTS | 7/1/2023 ; GENERAL GOVERNMENT,212.69,0.00,0.00,212.69,,,4,,fund balances: forward + receipts - disbursements = carried forward,,0,check failed,"v1: 8,790,242.22 vs printed 8,663,349.91 (+126,892.31) ; v2: 9,102,889.73 vs printed 9,102,807.73 (+82.00) ; v3: 7,663,888.79 vs printed 7,735,057.86 (-71,169.07) ; v4: 10,035,020.31 vs printed 10,031,099.78 (+3,920.53)"
2023,FY2023,SCHOOL DEPARTMENT,Title IV - Part A #309 - FY21,36,,FISCAL YEAR ENDING 6/30/23 ; FORWARD | TOTAL | TOTAL | BALANCE FWD ; PROGRAM NAME | 7/1/2022 | RECEIPTS | DISBURSEMENTS | 7/1/2023 ; GENERAL GOVERNMENT,3816.00,8626.00,2094.05,10347.95,,,4,,fund balances: forward + receipts - disbursements = carried forward,,0,check failed,"v1: 8,790,242.22 vs printed 8,663,349.91 (+126,892.31) ; v2: 9,102,889.73 vs printed 9,102,807.73 (+82.00) ; v3: 7,663,888.79 vs printed 7,735,057.86 (-71,169.07) ; v4: 10,035,020.31 vs printed 10,031,099.78 (+3,920.53)"
2023,FY2023,SCHOOL DEPARTMENT,Title IV - Part A #309 - FY23,36,,FISCAL YEAR ENDING 6/30/23 ; FORWARD | TOTAL | TOTAL | BALANCE FWD ; PROGRAM NAME | 7/1/2022 | RECEIPTS | DISBURSEMENTS | 7/1/2023 ; GENERAL GOVERNMENT,0.00,1290.00,11838.00,-10548.00,,,4,,fund balances: forward + receipts - disbursements = carried forward,,0,check failed,"v1: 8,790,242.22 vs printed 8,663,349.91 (+126,892.31) ; v2: 9,102,889.73 vs printed 9,102,807.73 (+82.00) ; v3: 7,663,888.79 vs printed 7,735,057.86 (-71,169.07) ; v4: 10,035,020.31 vs printed 10,031,099.78 (+3,920.53)"
2023,FY2023,SCHOOL DEPARTMENT,FY21 Sped Program Improvement #298,36,,FISCAL YEAR ENDING 6/30/23 ; FORWARD | TOTAL | TOTAL | BALANCE FWD ; PROGRAM NAME | 7/1/2022 | RECEIPTS | DISBURSEMENTS | 7/1/2023 ; GENERAL GOVERNMENT,1200.00,,1200.00,0.00,,,3,,one cell missing; derivable from the row itself,"v2 = 0.00, from this fund's own other three columns",0,check failed,"v1: 8,790,242.22 vs printed 8,663,349.91 (+126,892.31) ; v2: 9,102,889.73 vs printed 9,102,807.73 (+82.00) ; v3: 7,663,888.79 vs printed 7,735,057.86 (-71,169.07) ; v4: 10,035,020.31 vs printed 10,031,099.78 (+3,920.53)"
2023,FY2023,SCHOOL DEPARTMENT,FY21 #117 Evidence Based Learning,36,,FISCAL YEAR ENDING 6/30/23 ; FORWARD | TOTAL | TOTAL | BALANCE FWD ; PROGRAM NAME | 7/1/2022 | RECEIPTS | DISBURSEMENTS | 7/1/2023 ; GENERAL GOVERNMENT,0.00,0.00,0.00,0.00,,,4,,fund balances: forward + receipts - disbursements = carried forward,,0,check failed,"v1: 8,790,242.22 vs printed 8,663,349.91 (+126,892.31) ; v2: 9,102,889.73 vs printed 9,102,807.73 (+82.00) ; v3: 7,663,888.79 vs printed 7,735,057.86 (-71,169.07) ; v4: 10,035,020.31 vs printed 10,031,099.78 (+3,920.53)"
2023,FY2023,SCHOOL DEPARTMENT,,36,,FISCAL YEAR ENDING 6/30/23 ; FORWARD | TOTAL | TOTAL | BALANCE FWD ; PROGRAM NAME | 7/1/2022 | RECEIPTS | DISBURSEMENTS | 7/1/2023 ; GENERAL GOVERNMENT,,36.00,,,,,1,yes,,,0,check failed,"v1: 8,790,242.22 vs printed 8,663,349.91 (+126,892.31) ; v2: 9,102,889.73 vs printed 9,102,807.73 (+82.00) ; v3: 7,663,888.79 vs printed 7,735,057.86 (-71,169.07) ; v4: 10,035,020.31 vs printed 10,031,099.78 (+3,920.53)"
2023,FY2023,SCHOOL DEPARTMENT,FY22 #117 Evidence Based Learning,37,,FISCAL YEAR ENDING 6/30/23 ; FORWARD | TOTAL | TOTAL | BALANCE FWD ; PROGRAM NAME | 7/1/2022 | RECEIPTS | DISBURSEMENTS | 7/1/2023 ; GENERAL GOVERNMENT,1683.62,0.00,1683.62,0.00,,,4,,fund balances: forward + receipts - disbursements = carried forward,,0,check failed,"v1: 8,790,242.22 vs printed 8,663,349.91 (+126,892.31) ; v2: 9,102,889.73 vs printed 9,102,807.73 (+82.00) ; v3: 7,663,888.79 vs printed 7,735,057.86 (-71,169.07) ; v4: 10,035,020.31 vs printed 10,031,099.78 (+3,920.53)"
2023,FY2023,SCHOOL DEPARTMENT,FY23 #117 Evidence Based Learning,37,,FISCAL YEAR ENDING 6/30/23 ; FORWARD | TOTAL | TOTAL | BALANCE FWD ; PROGRAM NAME | 7/1/2022 | RECEIPTS | DISBURSEMENTS | 7/1/2023 ; GENERAL GOVERNMENT,0.00,14862.00,13087.11,1774.89,,,4,,fund balances: forward + receipts - disbursements = carried forward,,0,check failed,"v1: 8,790,242.22 vs printed 8,663,349.91 (+126,892.31) ; v2: 9,102,889.73 vs printed 9,102,807.73 (+82.00) ; v3: 7,663,888.79 vs printed 7,735,057.86 (-71,169.07) ; v4: 10,035,020.31 vs printed 10,031,099.78 (+3,920.53)"
2023,FY2023,SCHOOL DEPARTMENT,FY21 ESSER #113,37,,FISCAL YEAR ENDING 6/30/23 ; FORWARD | TOTAL | TOTAL | BALANCE FWD ; PROGRAM NAME | 7/1/2022 | RECEIPTS | DISBURSEMENTS | 7/1/2023 ; GENERAL GOVERNMENT,-99.78,,,-99.78,,,2,,,,0,check failed,"v1: 8,790,242.22 vs printed 8,663,349.91 (+126,892.31) ; v2: 9,102,889.73 vs printed 9,102,807.73 (+82.00) ; v3: 7,663,888.79 vs printed 7,735,057.86 (-71,169.07) ; v4: 10,035,020.31 vs printed 10,031,099.78 (+3,920.53)"
2023,FY2023,SCHOOL DEPARTMENT,FY21 School Reopening #102,37,,FISCAL YEAR ENDING 6/30/23 ; FORWARD | TOTAL | TOTAL | BALANCE FWD ; PROGRAM NAME | 7/1/2022 | RECEIPTS | DISBURSEMENTS | 7/1/2023 ; GENERAL GOVERNMENT,21.63,,,21.63,,,2,,,,0,check failed,"v1: 8,790,242.22 vs printed 8,663,349.91 (+126,892.31) ; v2: 9,102,889.73 vs printed 9,102,807.73 (+82.00) ; v3: 7,663,888.79 vs printed 7,735,057.86 (-71,169.07) ; v4: 10,035,020.31 vs printed 10,031,099.78 (+3,920.53)"
2023,FY2023,SCHOOL DEPARTMENT,Literacy Learning #719/730 - FY22,37,,FISCAL YEAR ENDING 6/30/23 ; FORWARD | TOTAL | TOTAL | BALANCE FWD ; PROGRAM NAME | 7/1/2022 | RECEIPTS | DISBURSEMENTS | 7/1/2023 ; GENERAL GOVERNMENT,130.64,0.00,130.64,0.00,,,4,,fund balances: forward + receipts - disbursements = carried forward,,0,check failed,"v1: 8,790,242.22 vs printed 8,663,349.91 (+126,892.31) ; v2: 9,102,889.73 vs printed 9,102,807.73 (+82.00) ; v3: 7,663,888.79 vs printed 7,735,057.86 (-71,169.07) ; v4: 10,035,020.31 vs printed 10,031,099.78 (+3,920.53)"
2023,FY2023,SCHOOL DEPARTMENT,Literacy Learning #719/730 - FY23,37,,FISCAL YEAR ENDING 6/30/23 ; FORWARD | TOTAL | TOTAL | BALANCE FWD ; PROGRAM NAME | 7/1/2022 | RECEIPTS | DISBURSEMENTS | 7/1/2023 ; GENERAL GOVERNMENT,0.00,26862.00,26861.88,0.12,,,4,,fund balances: forward + receipts - disbursements = carried forward,,0,check failed,"v1: 8,790,242.22 vs printed 8,663,349.91 (+126,892.31) ; v2: 9,102,889.73 vs printed 9,102,807.73 (+82.00) ; v3: 7,663,888.79 vs printed 7,735,057.86 (-71,169.07) ; v4: 10,035,020.31 vs printed 10,031,099.78 (+3,920.53)"
2023,FY2023,SCHOOL DEPARTMENT,Comprehensive School Health,37,,FISCAL YEAR ENDING 6/30/23 ; FORWARD | TOTAL | TOTAL | BALANCE FWD ; PROGRAM NAME | 7/1/2022 | RECEIPTS | DISBURSEMENTS | 7/1/2023 ; GENERAL GOVERNMENT,22805.38,130000.00,82882.49,69922.89,,,4,,fund balances: forward + receipts - disbursements = carried forward,,0,check failed,"v1: 8,790,242.22 vs printed 8,663,349.91 (+126,892.31) ; v2: 9,102,889.73 vs printed 9,102,807.73 (+82.00) ; v3: 7,663,888.79 vs printed 7,735,057.86 (-71,169.07) ; v4: 10,035,020.31 vs printed 10,031,099.78 (+3,920.53)"
2023,FY2023,SCHOOL DEPARTMENT,Interface Referral Gift Fund,37,,FISCAL YEAR ENDING 6/30/23 ; FORWARD | TOTAL | TOTAL | BALANCE FWD ; PROGRAM NAME | 7/1/2022 | RECEIPTS | DISBURSEMENTS | 7/1/2023 ; GENERAL GOVERNMENT,3295.00,,,3295.00,,,2,,,,0,check failed,"v1: 8,790,242.22 vs printed 8,663,349.91 (+126,892.31) ; v2: 9,102,889.73 vs printed 9,102,807.73 (+82.00) ; v3: 7,663,888.79 vs printed 7,735,057.86 (-71,169.07) ; v4: 10,035,020.31 vs printed 10,031,099.78 (+3,920.53)"
2023,FY2023,SCHOOL DEPARTMENT,Technology for School Children Gift Fund,37,,FISCAL YEAR ENDING 6/30/23 ; FORWARD | TOTAL | TOTAL | BALANCE FWD ; PROGRAM NAME | 7/1/2022 | RECEIPTS | DISBURSEMENTS | 7/1/2023 ; GENERAL GOVERNMENT,10000.00,,,10000.00,,,2,,,,0,check failed,"v1: 8,790,242.22 vs printed 8,663,349.91 (+126,892.31) ; v2: 9,102,889.73 vs printed 9,102,807.73 (+82.00) ; v3: 7,663,888.79 vs printed 7,735,057.86 (-71,169.07) ; v4: 10,035,020.31 vs printed 10,031,099.78 (+3,920.53)"
2023,FY2023,SCHOOL DEPARTMENT,Primary School Alarm System Earmark,37,,FISCAL YEAR ENDING 6/30/23 ; FORWARD | TOTAL | TOTAL | BALANCE FWD ; PROGRAM NAME | 7/1/2022 | RECEIPTS | DISBURSEMENTS | 7/1/2023 ; GENERAL GOVERNMENT,0.00,0.00,,0.00,,,3,,one cell missing; derivable from the row itself,"v3 = 0.00, from this fund's own other three columns",0,check failed,"v1: 8,790,242.22 vs printed 8,663,349.91 (+126,892.31) ; v2: 9,102,889.73 vs printed 9,102,807.73 (+82.00) ; v3: 7,663,888.79 vs printed 7,735,057.86 (-71,169.07) ; v4: 10,035,020.31 vs printed 10,031,099.78 (+3,920.53)"
2023,FY2023,SCHOOL DEPARTMENT,FY22 #530 ASOST-Q,37,,FISCAL YEAR ENDING 6/30/23 ; FORWARD | TOTAL | TOTAL | BALANCE FWD ; PROGRAM NAME | 7/1/2022 | RECEIPTS | DISBURSEMENTS | 7/1/2023 ; GENERAL GOVERNMENT,0.00,0.00,0.00,0.00,,,4,,fund balances: forward + receipts - disbursements = carried forward,,0,check failed,"v1: 8,790,242.22 vs printed 8,663,349.91 (+126,892.31) ; v2: 9,102,889.73 vs printed 9,102,807.73 (+82.00) ; v3: 7,663,888.79 vs printed 7,735,057.86 (-71,169.07) ; v4: 10,035,020.31 vs printed 10,031,099.78 (+3,920.53)"
2023,FY2023,SCHOOL DEPARTMENT,FY22 #437 Covid 19 Summer Programming,37,,FISCAL YEAR ENDING 6/30/23 ; FORWARD | TOTAL | TOTAL | BALANCE FWD ; PROGRAM NAME | 7/1/2022 | RECEIPTS | DISBURSEMENTS | 7/1/2023 ; GENERAL GOVERNMENT,14610.00,0.00,,14610.00,,,3,,one cell missing; derivable from the row itself,"v3 = 0.00, from this fund's own other three columns",0,check failed,"v1: 8,790,242.22 vs printed 8,663,349.91 (+126,892.31) ; v2: 9,102,889.73 vs printed 9,102,807.73 (+82.00) ; v3: 7,663,888.79 vs printed 7,735,057.86 (-71,169.07) ; v4: 10,035,020.31 vs printed 10,031,099.78 (+3,920.53)"
2023,FY2023,SCHOOL DEPARTMENT,FY22 Foundation Reserve,37,,FISCAL YEAR ENDING 6/30/23 ; FORWARD | TOTAL | TOTAL | BALANCE FWD ; PROGRAM NAME | 7/1/2022 | RECEIPTS | DISBURSEMENTS | 7/1/2023 ; GENERAL GOVERNMENT,14567.00,0.00,14567.00,0.00,,,4,,fund balances: forward + receipts - disbursements = carried forward,,0,check failed,"v1: 8,790,242.22 vs printed 8,663,349.91 (+126,892.31) ; v2: 9,102,889.73 vs printed 9,102,807.73 (+82.00) ; v3: 7,663,888.79 vs printed 7,735,057.86 (-71,169.07) ; v4: 10,035,020.31 vs printed 10,031,099.78 (+3,920.53)"
2023,FY2023,SCHOOL DEPARTMENT,FY22 ESSER |I #115,37,,FISCAL YEAR ENDING 6/30/23 ; FORWARD | TOTAL | TOTAL | BALANCE FWD ; PROGRAM NAME | 7/1/2022 | RECEIPTS | DISBURSEMENTS | 7/1/2023 ; GENERAL GOVERNMENT,47500.50,372839.00,405986.84,14352.66,,,4,,fund balances: forward + receipts - disbursements = carried forward,,0,check failed,"v1: 8,790,242.22 vs printed 8,663,349.91 (+126,892.31) ; v2: 9,102,889.73 vs printed 9,102,807.73 (+82.00) ; v3: 7,663,888.79 vs printed 7,735,057.86 (-71,169.07) ; v4: 10,035,020.31 vs printed 10,031,099.78 (+3,920.53)"
2023,FY2023,SCHOOL DEPARTMENT,FY22 ESSER I|| #119,37,,FISCAL YEAR ENDING 6/30/23 ; FORWARD | TOTAL | TOTAL | BALANCE FWD ; PROGRAM NAME | 7/1/2022 | RECEIPTS | DISBURSEMENTS | 7/1/2023 ; GENERAL GOVERNMENT,106868.43,252821.00,356169.79,3519.64,,,4,,fund balances: forward + receipts - disbursements = carried forward,,0,check failed,"v1: 8,790,242.22 vs printed 8,663,349.91 (+126,892.31) ; v2: 9,102,889.73 vs printed 9,102,807.73 (+82.00) ; v3: 7,663,888.79 vs printed 7,735,057.86 (-71,169.07) ; v4: 10,035,020.31 vs printed 10,031,099.78 (+3,920.53)"
2023,FY2023,SCHOOL DEPARTMENT,FY22 ARP Idea #252,37,,FISCAL YEAR ENDING 6/30/23 ; FORWARD | TOTAL | TOTAL | BALANCE FWD ; PROGRAM NAME | 7/1/2022 | RECEIPTS | DISBURSEMENTS | 7/1/2023 ; GENERAL GOVERNMENT,208.25,64608.00,64816.25,0.00,,,4,,fund balances: forward + receipts - disbursements = carried forward,,0,check failed,"v1: 8,790,242.22 vs printed 8,663,349.91 (+126,892.31) ; v2: 9,102,889.73 vs printed 9,102,807.73 (+82.00) ; v3: 7,663,888.79 vs printed 7,735,057.86 (-71,169.07) ; v4: 10,035,020.31 vs printed 10,031,099.78 (+3,920.53)"
2023,FY2023,SCHOOL DEPARTMENT,FY22 Idea ARP #264,37,,FISCAL YEAR ENDING 6/30/23 ; FORWARD | TOTAL | TOTAL | BALANCE FWD ; PROGRAM NAME | 7/1/2022 | RECEIPTS | DISBURSEMENTS | 7/1/2023 ; GENERAL GOVERNMENT,781.00,7448.00,8229.00,0.00,,,4,,fund balances: forward + receipts - disbursements = carried forward,,0,check failed,"v1: 8,790,242.22 vs printed 8,663,349.91 (+126,892.31) ; v2: 9,102,889.73 vs printed 9,102,807.73 (+82.00) ; v3: 7,663,888.79 vs printed 7,735,057.86 (-71,169.07) ; v4: 10,035,020.31 vs printed 10,031,099.78 (+3,920.53)"
2023,FY2023,SCHOOL DEPARTMENT,Emergency Connectivity Fund,37,,FISCAL YEAR ENDING 6/30/23 ; FORWARD | TOTAL | TOTAL | BALANCE FWD ; PROGRAM NAME | 7/1/2022 | RECEIPTS | DISBURSEMENTS | 7/1/2023 ; GENERAL GOVERNMENT,-30865.00,,75372.00,-106237.00,,,3,,one cell missing; derivable from the row itself,"v2 = 0.00, from this fund's own other three columns",0,check failed,"v1: 8,790,242.22 vs printed 8,663,349.91 (+126,892.31) ; v2: 9,102,889.73 vs printed 9,102,807.73 (+82.00) ; v3: 7,663,888.79 vs printed 7,735,057.86 (-71,169.07) ; v4: 10,035,020.31 vs printed 10,031,099.78 (+3,920.53)"
2023,FY2023,SCHOOL DEPARTMENT,FY23 528 Grant,37,,FISCAL YEAR ENDING 6/30/23 ; FORWARD | TOTAL | TOTAL | BALANCE FWD ; PROGRAM NAME | 7/1/2022 | RECEIPTS | DISBURSEMENTS | 7/1/2023 ; GENERAL GOVERNMENT,0.00,18495.00,18679.50,-184.50,,,4,,fund balances: forward + receipts - disbursements = carried forward,,0,check failed,"v1: 8,790,242.22 vs printed 8,663,349.91 (+126,892.31) ; v2: 9,102,889.73 vs printed 9,102,807.73 (+82.00) ; v3: 7,663,888.79 vs printed 7,735,057.86 (-71,169.07) ; v4: 10,035,020.31 vs printed 10,031,099.78 (+3,920.53)"
2023,FY2023,SCHOOL DEPARTMENT,Title |I # 140 - FY23,37,,FISCAL YEAR ENDING 6/30/23 ; FORWARD | TOTAL | TOTAL | BALANCE FWD ; PROGRAM NAME | 7/1/2022 | RECEIPTS | DISBURSEMENTS | 7/1/2023 ; GENERAL GOVERNMENT,0.00,19126.00,19104.92,21.08,,,4,,fund balances: forward + receipts - disbursements = carried forward,,0,check failed,"v1: 8,790,242.22 vs printed 8,663,349.91 (+126,892.31) ; v2: 9,102,889.73 vs printed 9,102,807.73 (+82.00) ; v3: 7,663,888.79 vs printed 7,735,057.86 (-71,169.07) ; v4: 10,035,020.31 vs printed 10,031,099.78 (+3,920.53)"
2023,FY2023,SCHOOL DEPARTMENT,Deeper Learning #105 - FY23,37,yes,FISCAL YEAR ENDING 6/30/23 ; FORWARD | TOTAL | TOTAL | BALANCE FWD ; PROGRAM NAME | 7/1/2022 | RECEIPTS | DISBURSEMENTS | 7/1/2023 ; GENERAL GOVERNMENT,0.00,8920.00,8920.00,0.00,,,4,,fund balances: forward + receipts - disbursements = carried forward,,0,check failed,"v1: 8,790,242.22 vs printed 8,663,349.91 (+126,892.31) ; v2: 9,102,889.73 vs printed 9,102,807.73 (+82.00) ; v3: 7,663,888.79 vs printed 7,735,057.86 (-71,169.07) ; v4: 10,035,020.31 vs printed 10,031,099.78 (+3,920.53)"
2023,FY2023,PUBLIC SAFETY,,37,,FISCAL YEAR ENDING 6/30/23 ; FORWARD | TOTAL | TOTAL | BALANCE FWD ; PROGRAM NAME | 7/1/2022 | RECEIPTS | DISBURSEMENTS | 7/1/2023 ; GENERAL GOVERNMENT,37.00,,,,,,1,,,,0,check failed,"v1: 8,790,242.22 vs printed 8,663,349.91 (+126,892.31) ; v2: 9,102,889.73 vs printed 9,102,807.73 (+82.00) ; v3: 7,663,888.79 vs printed 7,735,057.86 (-71,169.07) ; v4: 10,035,020.31 vs printed 10,031,099.78 (+3,920.53)"
2023,FY2023,PUBLIC SAFETY,Insurance Recoveries - Police,38,,FISCAL YEAR ENDING 6/30/23 ; FORWARD | TOTAL | TOTAL | BALANCE FWD ; PROGRAM NAME | 7/1/2022 | RECEIPTS | DISBURSEMENTS | 7/1/2023 ; GENERAL GOVERNMENT,8737.47,13414.22,14965.34,7186.35,,,4,,fund balances: forward + receipts - disbursements = carried forward,,0,check failed,"v1: 8,790,242.22 vs printed 8,663,349.91 (+126,892.31) ; v2: 9,102,889.73 vs printed 9,102,807.73 (+82.00) ; v3: 7,663,888.79 vs printed 7,735,057.86 (-71,169.07) ; v4: 10,035,020.31 vs printed 10,031,099.78 (+3,920.53)"
2023,FY2023,PUBLIC SAFETY,Community Policing FY 96,38,,FISCAL YEAR ENDING 6/30/23 ; FORWARD | TOTAL | TOTAL | BALANCE FWD ; PROGRAM NAME | 7/1/2022 | RECEIPTS | DISBURSEMENTS | 7/1/2023 ; GENERAL GOVERNMENT,6.55,,,6.55,,,2,,,,0,check failed,"v1: 8,790,242.22 vs printed 8,663,349.91 (+126,892.31) ; v2: 9,102,889.73 vs printed 9,102,807.73 (+82.00) ; v3: 7,663,888.79 vs printed 7,735,057.86 (-71,169.07) ; v4: 10,035,020.31 vs printed 10,031,099.78 (+3,920.53)"
2023,FY2023,PUBLIC SAFETY,Community Policing FY 97,38,,FISCAL YEAR ENDING 6/30/23 ; FORWARD | TOTAL | TOTAL | BALANCE FWD ; PROGRAM NAME | 7/1/2022 | RECEIPTS | DISBURSEMENTS | 7/1/2023 ; GENERAL GOVERNMENT,1.97,,,1.97,,,2,,,,0,check failed,"v1: 8,790,242.22 vs printed 8,663,349.91 (+126,892.31) ; v2: 9,102,889.73 vs printed 9,102,807.73 (+82.00) ; v3: 7,663,888.79 vs printed 7,735,057.86 (-71,169.07) ; v4: 10,035,020.31 vs printed 10,031,099.78 (+3,920.53)"
2023,FY2023,PUBLIC SAFETY,Community Policing FY 98,38,,FISCAL YEAR ENDING 6/30/23 ; FORWARD | TOTAL | TOTAL | BALANCE FWD ; PROGRAM NAME | 7/1/2022 | RECEIPTS | DISBURSEMENTS | 7/1/2023 ; GENERAL GOVERNMENT,0.66,,,0.66,,,2,,,,0,check failed,"v1: 8,790,242.22 vs printed 8,663,349.91 (+126,892.31) ; v2: 9,102,889.73 vs printed 9,102,807.73 (+82.00) ; v3: 7,663,888.79 vs printed 7,735,057.86 (-71,169.07) ; v4: 10,035,020.31 vs printed 10,031,099.78 (+3,920.53)"
2023,FY2023,PUBLIC SAFETY,Drug Forfeiture,38,,FISCAL YEAR ENDING 6/30/23 ; FORWARD | TOTAL | TOTAL | BALANCE FWD ; PROGRAM NAME | 7/1/2022 | RECEIPTS | DISBURSEMENTS | 7/1/2023 ; GENERAL GOVERNMENT,1720.52,,,1720.52,,,2,,,,0,check failed,"v1: 8,790,242.22 vs printed 8,663,349.91 (+126,892.31) ; v2: 9,102,889.73 vs printed 9,102,807.73 (+82.00) ; v3: 7,663,888.79 vs printed 7,735,057.86 (-71,169.07) ; v4: 10,035,020.31 vs printed 10,031,099.78 (+3,920.53)"
2023,FY2023,PUBLIC SAFETY,D.A.R.E. Grant FY 97,38,,FISCAL YEAR ENDING 6/30/23 ; FORWARD | TOTAL | TOTAL | BALANCE FWD ; PROGRAM NAME | 7/1/2022 | RECEIPTS | DISBURSEMENTS | 7/1/2023 ; GENERAL GOVERNMENT,34.85,,,34.85,,,2,,,,0,check failed,"v1: 8,790,242.22 vs printed 8,663,349.91 (+126,892.31) ; v2: 9,102,889.73 vs printed 9,102,807.73 (+82.00) ; v3: 7,663,888.79 vs printed 7,735,057.86 (-71,169.07) ; v4: 10,035,020.31 vs printed 10,031,099.78 (+3,920.53)"
2023,FY2023,PUBLIC SAFETY,D.A.R.E. I Grant FY 97,38,,FISCAL YEAR ENDING 6/30/23 ; FORWARD | TOTAL | TOTAL | BALANCE FWD ; PROGRAM NAME | 7/1/2022 | RECEIPTS | DISBURSEMENTS | 7/1/2023 ; GENERAL GOVERNMENT,0.25,,,0.25,,,2,,,,0,check failed,"v1: 8,790,242.22 vs printed 8,663,349.91 (+126,892.31) ; v2: 9,102,889.73 vs printed 9,102,807.73 (+82.00) ; v3: 7,663,888.79 vs printed 7,735,057.86 (-71,169.07) ; v4: 10,035,020.31 vs printed 10,031,099.78 (+3,920.53)"
2023,FY2023,PUBLIC SAFETY,Community Policing,38,,FISCAL YEAR ENDING 6/30/23 ; FORWARD | TOTAL | TOTAL | BALANCE FWD ; PROGRAM NAME | 7/1/2022 | RECEIPTS | DISBURSEMENTS | 7/1/2023 ; GENERAL GOVERNMENT,2291.12,,,2291.12,,,2,,,,0,check failed,"v1: 8,790,242.22 vs printed 8,663,349.91 (+126,892.31) ; v2: 9,102,889.73 vs printed 9,102,807.73 (+82.00) ; v3: 7,663,888.79 vs printed 7,735,057.86 (-71,169.07) ; v4: 10,035,020.31 vs printed 10,031,099.78 (+3,920.53)"
2023,FY2023,PUBLIC SAFETY,Cops Universal Hiring,38,,FISCAL YEAR ENDING 6/30/23 ; FORWARD | TOTAL | TOTAL | BALANCE FWD ; PROGRAM NAME | 7/1/2022 | RECEIPTS | DISBURSEMENTS | 7/1/2023 ; GENERAL GOVERNMENT,1289.84,,,1289.84,,,2,,,,0,check failed,"v1: 8,790,242.22 vs printed 8,663,349.91 (+126,892.31) ; v2: 9,102,889.73 vs printed 9,102,807.73 (+82.00) ; v3: 7,663,888.79 vs printed 7,735,057.86 (-71,169.07) ; v4: 10,035,020.31 vs printed 10,031,099.78 (+3,920.53)"
2023,FY2023,PUBLIC SAFETY,Protective Order Grant Program,38,,FISCAL YEAR ENDING 6/30/23 ; FORWARD | TOTAL | TOTAL | BALANCE FWD ; PROGRAM NAME | 7/1/2022 | RECEIPTS | DISBURSEMENTS | 7/1/2023 ; GENERAL GOVERNMENT,135.15,,,135.15,,,2,,,,0,check failed,"v1: 8,790,242.22 vs printed 8,663,349.91 (+126,892.31) ; v2: 9,102,889.73 vs printed 9,102,807.73 (+82.00) ; v3: 7,663,888.79 vs printed 7,735,057.86 (-71,169.07) ; v4: 10,035,020.31 vs printed 10,031,099.78 (+3,920.53)"
2023,FY2023,PUBLIC SAFETY,Walmart Grant - Police Dept.,38,,FISCAL YEAR ENDING 6/30/23 ; FORWARD | TOTAL | TOTAL | BALANCE FWD ; PROGRAM NAME | 7/1/2022 | RECEIPTS | DISBURSEMENTS | 7/1/2023 ; GENERAL GOVERNMENT,1000.00,,,1000.00,,,2,,,,0,check failed,"v1: 8,790,242.22 vs printed 8,663,349.91 (+126,892.31) ; v2: 9,102,889.73 vs printed 9,102,807.73 (+82.00) ; v3: 7,663,888.79 vs printed 7,735,057.86 (-71,169.07) ; v4: 10,035,020.31 vs printed 10,031,099.78 (+3,920.53)"
2023,FY2023,PUBLIC SAFETY,Firefighter PS Equipment Grant,38,,FISCAL YEAR ENDING 6/30/23 ; FORWARD | TOTAL | TOTAL | BALANCE FWD ; PROGRAM NAME | 7/1/2022 | RECEIPTS | DISBURSEMENTS | 7/1/2023 ; GENERAL GOVERNMENT,30.00,,,30.00,,,2,,,,0,check failed,"v1: 8,790,242.22 vs printed 8,663,349.91 (+126,892.31) ; v2: 9,102,889.73 vs printed 9,102,807.73 (+82.00) ; v3: 7,663,888.79 vs printed 7,735,057.86 (-71,169.07) ; v4: 10,035,020.31 vs printed 10,031,099.78 (+3,920.53)"
2023,FY2023,PUBLIC SAFETY,Firefighter Safety Equipment Grant,38,,FISCAL YEAR ENDING 6/30/23 ; FORWARD | TOTAL | TOTAL | BALANCE FWD ; PROGRAM NAME | 7/1/2022 | RECEIPTS | DISBURSEMENTS | 7/1/2023 ; GENERAL GOVERNMENT,9.84,,,9.84,,,2,,,,0,check failed,"v1: 8,790,242.22 vs printed 8,663,349.91 (+126,892.31) ; v2: 9,102,889.73 vs printed 9,102,807.73 (+82.00) ; v3: 7,663,888.79 vs printed 7,735,057.86 (-71,169.07) ; v4: 10,035,020.31 vs printed 10,031,099.78 (+3,920.53)"
2023,FY2023,PUBLIC SAFETY,State 911 Grant - Fire Dept,38,,FISCAL YEAR ENDING 6/30/23 ; FORWARD | TOTAL | TOTAL | BALANCE FWD ; PROGRAM NAME | 7/1/2022 | RECEIPTS | DISBURSEMENTS | 7/1/2023 ; GENERAL GOVERNMENT,7.00,,,7.00,,,2,,,,0,check failed,"v1: 8,790,242.22 vs printed 8,663,349.91 (+126,892.31) ; v2: 9,102,889.73 vs printed 9,102,807.73 (+82.00) ; v3: 7,663,888.79 vs printed 7,735,057.86 (-71,169.07) ; v4: 10,035,020.31 vs printed 10,031,099.78 (+3,920.53)"
2023,FY2023,PUBLIC SAFETY,Police/Fire Special Details,38,,FISCAL YEAR ENDING 6/30/23 ; FORWARD | TOTAL | TOTAL | BALANCE FWD ; PROGRAM NAME | 7/1/2022 | RECEIPTS | DISBURSEMENTS | 7/1/2023 ; GENERAL GOVERNMENT,-34280.79,0.00,23933.35,-58214.14,,,4,,fund balances: forward + receipts - disbursements = carried forward,,0,check failed,"v1: 8,790,242.22 vs printed 8,663,349.91 (+126,892.31) ; v2: 9,102,889.73 vs printed 9,102,807.73 (+82.00) ; v3: 7,663,888.79 vs printed 7,735,057.86 (-71,169.07) ; v4: 10,035,020.31 vs printed 10,031,099.78 (+3,920.53)"
2023,FY2023,PUBLIC SAFETY,Coastal/Patriot Ambulance Revolving,38,,FISCAL YEAR ENDING 6/30/23 ; FORWARD | TOTAL | TOTAL | BALANCE FWD ; PROGRAM NAME | 7/1/2022 | RECEIPTS | DISBURSEMENTS | 7/1/2023 ; GENERAL GOVERNMENT,579.06,77555.53,77555.53,579.06,,,4,,fund balances: forward + receipts - disbursements = carried forward,,0,check failed,"v1: 8,790,242.22 vs printed 8,663,349.91 (+126,892.31) ; v2: 9,102,889.73 vs printed 9,102,807.73 (+82.00) ; v3: 7,663,888.79 vs printed 7,735,057.86 (-71,169.07) ; v4: 10,035,020.31 vs printed 10,031,099.78 (+3,920.53)"
2023,FY2023,PUBLIC SAFETY,Firefighter Equipment Grant - FY05,38,,FISCAL YEAR ENDING 6/30/23 ; FORWARD | TOTAL | TOTAL | BALANCE FWD ; PROGRAM NAME | 7/1/2022 | RECEIPTS | DISBURSEMENTS | 7/1/2023 ; GENERAL GOVERNMENT,419.60,,,419.60,,,2,,,,0,check failed,"v1: 8,790,242.22 vs printed 8,663,349.91 (+126,892.31) ; v2: 9,102,889.73 vs printed 9,102,807.73 (+82.00) ; v3: 7,663,888.79 vs printed 7,735,057.86 (-71,169.07) ; v4: 10,035,020.31 vs printed 10,031,099.78 (+3,920.53)"
2023,FY2023,PUBLIC SAFETY,Confined Space Training,38,,FISCAL YEAR ENDING 6/30/23 ; FORWARD | TOTAL | TOTAL | BALANCE FWD ; PROGRAM NAME | 7/1/2022 | RECEIPTS | DISBURSEMENTS | 7/1/2023 ; GENERAL GOVERNMENT,1956.77,,,1956.77,,,2,,,,0,check failed,"v1: 8,790,242.22 vs printed 8,663,349.91 (+126,892.31) ; v2: 9,102,889.73 vs printed 9,102,807.73 (+82.00) ; v3: 7,663,888.79 vs printed 7,735,057.86 (-71,169.07) ; v4: 10,035,020.31 vs printed 10,031,099.78 (+3,920.53)"
2023,FY2023,PUBLIC SAFETY,Police NRA Foundation Grant,38,,FISCAL YEAR ENDING 6/30/23 ; FORWARD | TOTAL | TOTAL | BALANCE FWD ; PROGRAM NAME | 7/1/2022 | RECEIPTS | DISBURSEMENTS | 7/1/2023 ; GENERAL GOVERNMENT,0.10,,,0.10,,,2,,,,0,check failed,"v1: 8,790,242.22 vs printed 8,663,349.91 (+126,892.31) ; v2: 9,102,889.73 vs printed 9,102,807.73 (+82.00) ; v3: 7,663,888.79 vs printed 7,735,057.86 (-71,169.07) ; v4: 10,035,020.31 vs printed 10,031,099.78 (+3,920.53)"
2023,FY2023,PUBLIC SAFETY,COPS Secure Our Schools,38,,FISCAL YEAR ENDING 6/30/23 ; FORWARD | TOTAL | TOTAL | BALANCE FWD ; PROGRAM NAME | 7/1/2022 | RECEIPTS | DISBURSEMENTS | 7/1/2023 ; GENERAL GOVERNMENT,0.82,,,0.82,,,2,,,,0,check failed,"v1: 8,790,242.22 vs printed 8,663,349.91 (+126,892.31) ; v2: 9,102,889.73 vs printed 9,102,807.73 (+82.00) ; v3: 7,663,888.79 vs printed 7,735,057.86 (-71,169.07) ; v4: 10,035,020.31 vs printed 10,031,099.78 (+3,920.53)"
2023,FY2023,PUBLIC SAFETY,Safe Grant - Fire Department,38,,FISCAL YEAR ENDING 6/30/23 ; FORWARD | TOTAL | TOTAL | BALANCE FWD ; PROGRAM NAME | 7/1/2022 | RECEIPTS | DISBURSEMENTS | 7/1/2023 ; GENERAL GOVERNMENT,13177.95,5858.00,5131.93,13904.02,,,4,,fund balances: forward + receipts - disbursements = carried forward,,0,check failed,"v1: 8,790,242.22 vs printed 8,663,349.91 (+126,892.31) ; v2: 9,102,889.73 vs printed 9,102,807.73 (+82.00) ; v3: 7,663,888.79 vs printed 7,735,057.86 (-71,169.07) ; v4: 10,035,020.31 vs printed 10,031,099.78 (+3,920.53)"
2023,FY2023,PUBLIC SAFETY,GHSB Click It Or Ticket,38,,FISCAL YEAR ENDING 6/30/23 ; FORWARD | TOTAL | TOTAL | BALANCE FWD ; PROGRAM NAME | 7/1/2022 | RECEIPTS | DISBURSEMENTS | 7/1/2023 ; GENERAL GOVERNMENT,-1759.63,0.00,0.00,-1759.63,,,4,,fund balances: forward + receipts - disbursements = carried forward,,0,check failed,"v1: 8,790,242.22 vs printed 8,663,349.91 (+126,892.31) ; v2: 9,102,889.73 vs printed 9,102,807.73 (+82.00) ; v3: 7,663,888.79 vs printed 7,735,057.86 (-71,169.07) ; v4: 10,035,020.31 vs printed 10,031,099.78 (+3,920.53)"
2023,FY2023,PUBLIC SAFETY,,38,,FISCAL YEAR ENDING 6/30/23 ; FORWARD | TOTAL | TOTAL | BALANCE FWD ; PROGRAM NAME | 7/1/2022 | RECEIPTS | DISBURSEMENTS | 7/1/2023 ; GENERAL GOVERNMENT,38.00,,,,,,1,,,,0,check failed,"v1: 8,790,242.22 vs printed 8,663,349.91 (+126,892.31) ; v2: 9,102,889.73 vs printed 9,102,807.73 (+82.00) ; v3: 7,663,888.79 vs printed 7,735,057.86 (-71,169.07) ; v4: 10,035,020.31 vs printed 10,031,099.78 (+3,920.53)"
2023,FY2023,PUBLIC SAFETY,K-9 Grant - Stanton Foundation,39,,FISCAL YEAR ENDING 6/30/23 ; FORWARD | TOTAL | TOTAL | BALANCE FWD ; PROGRAM NAME | 7/1/2022 | RECEIPTS | DISBURSEMENTS | 7/1/2023 ; GENERAL GOVERNMENT,963.54,,,963.54,,,2,,,,0,check failed,"v1: 8,790,242.22 vs printed 8,663,349.91 (+126,892.31) ; v2: 9,102,889.73 vs printed 9,102,807.73 (+82.00) ; v3: 7,663,888.79 vs printed 7,735,057.86 (-71,169.07) ; v4: 10,035,020.31 vs printed 10,031,099.78 (+3,920.53)"
2023,FY2023,PUBLIC SAFETY,Federal Drug Forfeiture,39,,FISCAL YEAR ENDING 6/30/23 ; FORWARD | TOTAL | TOTAL | BALANCE FWD ; PROGRAM NAME | 7/1/2022 | RECEIPTS | DISBURSEMENTS | 7/1/2023 ; GENERAL GOVERNMENT,29919.42,14700.00,,44619.42,,,3,,one cell missing; derivable from the row itself,"v3 = 0.00, from this fund's own other three columns",0,check failed,"v1: 8,790,242.22 vs printed 8,663,349.91 (+126,892.31) ; v2: 9,102,889.73 vs printed 9,102,807.73 (+82.00) ; v3: 7,663,888.79 vs printed 7,735,057.86 (-71,169.07) ; v4: 10,035,020.31 vs printed 10,031,099.78 (+3,920.53)"
2023,FY2023,PUBLIC SAFETY,EMPG Grant,39,,FISCAL YEAR ENDING 6/30/23 ; FORWARD | TOTAL | TOTAL | BALANCE FWD ; PROGRAM NAME | 7/1/2022 | RECEIPTS | DISBURSEMENTS | 7/1/2023 ; GENERAL GOVERNMENT,102.03,3484.25,3484.25,102.03,,,4,,fund balances: forward + receipts - disbursements = carried forward,,0,check failed,"v1: 8,790,242.22 vs printed 8,663,349.91 (+126,892.31) ; v2: 9,102,889.73 vs printed 9,102,807.73 (+82.00) ; v3: 7,663,888.79 vs printed 7,735,057.86 (-71,169.07) ; v4: 10,035,020.31 vs printed 10,031,099.78 (+3,920.53)"
2023,FY2023,PUBLIC SAFETY,Public Safety Gift Fund,39,,FISCAL YEAR ENDING 6/30/23 ; FORWARD | TOTAL | TOTAL | BALANCE FWD ; PROGRAM NAME | 7/1/2022 | RECEIPTS | DISBURSEMENTS | 7/1/2023 ; GENERAL GOVERNMENT,204.62,,,204.62,,,2,,,,0,check failed,"v1: 8,790,242.22 vs printed 8,663,349.91 (+126,892.31) ; v2: 9,102,889.73 vs printed 9,102,807.73 (+82.00) ; v3: 7,663,888.79 vs printed 7,735,057.86 (-71,169.07) ; v4: 10,035,020.31 vs printed 10,031,099.78 (+3,920.53)"
2023,FY2023,PUBLIC SAFETY,Police Gift Fund,39,,FISCAL YEAR ENDING 6/30/23 ; FORWARD | TOTAL | TOTAL | BALANCE FWD ; PROGRAM NAME | 7/1/2022 | RECEIPTS | DISBURSEMENTS | 7/1/2023 ; GENERAL GOVERNMENT,4439.10,,,4439.10,,,2,,,,0,check failed,"v1: 8,790,242.22 vs printed 8,663,349.91 (+126,892.31) ; v2: 9,102,889.73 vs printed 9,102,807.73 (+82.00) ; v3: 7,663,888.79 vs printed 7,735,057.86 (-71,169.07) ; v4: 10,035,020.31 vs printed 10,031,099.78 (+3,920.53)"
2023,FY2023,PUBLIC SAFETY,Firefighter Turnout Gear Grant,39,,FISCAL YEAR ENDING 6/30/23 ; FORWARD | TOTAL | TOTAL | BALANCE FWD ; PROGRAM NAME | 7/1/2022 | RECEIPTS | DISBURSEMENTS | 7/1/2023 ; GENERAL GOVERNMENT,0.00,0.00,0.00,0.00,,,4,,fund balances: forward + receipts - disbursements = carried forward,,0,check failed,"v1: 8,790,242.22 vs printed 8,663,349.91 (+126,892.31) ; v2: 9,102,889.73 vs printed 9,102,807.73 (+82.00) ; v3: 7,663,888.79 vs printed 7,735,057.86 (-71,169.07) ; v4: 10,035,020.31 vs printed 10,031,099.78 (+3,920.53)"
2023,FY2023,PUBLIC SAFETY,HHS Provider Relief Fund,39,,FISCAL YEAR ENDING 6/30/23 ; FORWARD | TOTAL | TOTAL | BALANCE FWD ; PROGRAM NAME | 7/1/2022 | RECEIPTS | DISBURSEMENTS | 7/1/2023 ; GENERAL GOVERNMENT,7035.89,,,7035.89,,,2,,,,0,check failed,"v1: 8,790,242.22 vs printed 8,663,349.91 (+126,892.31) ; v2: 9,102,889.73 vs printed 9,102,807.73 (+82.00) ; v3: 7,663,888.79 vs printed 7,735,057.86 (-71,169.07) ; v4: 10,035,020.31 vs printed 10,031,099.78 (+3,920.53)"
2023,FY2023,PUBLIC SAFETY,Municipal Road Safety Grant,39,,FISCAL YEAR ENDING 6/30/23 ; FORWARD | TOTAL | TOTAL | BALANCE FWD ; PROGRAM NAME | 7/1/2022 | RECEIPTS | DISBURSEMENTS | 7/1/2023 ; GENERAL GOVERNMENT,776.32,,,776.32,,,2,,,,0,check failed,"v1: 8,790,242.22 vs printed 8,663,349.91 (+126,892.31) ; v2: 9,102,889.73 vs printed 9,102,807.73 (+82.00) ; v3: 7,663,888.79 vs printed 7,735,057.86 (-71,169.07) ; v4: 10,035,020.31 vs printed 10,031,099.78 (+3,920.53)"
2023,FY2023,PUBLIC SAFETY,Byrne Justice Assistance Grant,39,,FISCAL YEAR ENDING 6/30/23 ; FORWARD | TOTAL | TOTAL | BALANCE FWD ; PROGRAM NAME | 7/1/2022 | RECEIPTS | DISBURSEMENTS | 7/1/2023 ; GENERAL GOVERNMENT,0.00,0.00,,0.00,,,3,,one cell missing; derivable from the row itself,"v3 = 0.00, from this fund's own other three columns",0,check failed,"v1: 8,790,242.22 vs printed 8,663,349.91 (+126,892.31) ; v2: 9,102,889.73 vs printed 9,102,807.73 (+82.00) ; v3: 7,663,888.79 vs printed 7,735,057.86 (-71,169.07) ; v4: 10,035,020.31 vs printed 10,031,099.78 (+3,920.53)"
2023,FY2023,PUBLIC SAFETY,Medication Disposal Grant,39,,FISCAL YEAR ENDING 6/30/23 ; FORWARD | TOTAL | TOTAL | BALANCE FWD ; PROGRAM NAME | 7/1/2022 | RECEIPTS | DISBURSEMENTS | 7/1/2023 ; GENERAL GOVERNMENT,1300.00,,,1300.00,,,2,,,,0,check failed,"v1: 8,790,242.22 vs printed 8,663,349.91 (+126,892.31) ; v2: 9,102,889.73 vs printed 9,102,807.73 (+82.00) ; v3: 7,663,888.79 vs printed 7,735,057.86 (-71,169.07) ; v4: 10,035,020.31 vs printed 10,031,099.78 (+3,920.53)"
2023,FY2023,PUBLIC SAFETY,AED Equipment Program Grant,39,,FISCAL YEAR ENDING 6/30/23 ; FORWARD | TOTAL | TOTAL | BALANCE FWD ; PROGRAM NAME | 7/1/2022 | RECEIPTS | DISBURSEMENTS | 7/1/2023 ; GENERAL GOVERNMENT,0.00,0.00,0.00,0.00,,,4,,fund balances: forward + receipts - disbursements = carried forward,,0,check failed,"v1: 8,790,242.22 vs printed 8,663,349.91 (+126,892.31) ; v2: 9,102,889.73 vs printed 9,102,807.73 (+82.00) ; v3: 7,663,888.79 vs printed 7,735,057.86 (-71,169.07) ; v4: 10,035,020.31 vs printed 10,031,099.78 (+3,920.53)"
2023,FY2023,PUBLIC SAFETY,Bridge Academy Training Grant,39,,FISCAL YEAR ENDING 6/30/23 ; FORWARD | TOTAL | TOTAL | BALANCE FWD ; PROGRAM NAME | 7/1/2022 | RECEIPTS | DISBURSEMENTS | 7/1/2023 ; GENERAL GOVERNMENT,-3000.00,3000.00,0.00,0.00,,,4,,fund balances: forward + receipts - disbursements = carried forward,,0,check failed,"v1: 8,790,242.22 vs printed 8,663,349.91 (+126,892.31) ; v2: 9,102,889.73 vs printed 9,102,807.73 (+82.00) ; v3: 7,663,888.79 vs printed 7,735,057.86 (-71,169.07) ; v4: 10,035,020.31 vs printed 10,031,099.78 (+3,920.53)"
2023,FY2023,PUBLIC SAFETY,Firefighter Safety Equipment Grant,39,,FISCAL YEAR ENDING 6/30/23 ; FORWARD | TOTAL | TOTAL | BALANCE FWD ; PROGRAM NAME | 7/1/2022 | RECEIPTS | DISBURSEMENTS | 7/1/2023 ; GENERAL GOVERNMENT,14869.10,0.00,0.00,14869.10,,,4,,fund balances: forward + receipts - disbursements = carried forward,,0,check failed,"v1: 8,790,242.22 vs printed 8,663,349.91 (+126,892.31) ; v2: 9,102,889.73 vs printed 9,102,807.73 (+82.00) ; v3: 7,663,888.79 vs printed 7,735,057.86 (-71,169.07) ; v4: 10,035,020.31 vs printed 10,031,099.78 (+3,920.53)"
2023,FY2023,PARKS & RECREATION,Park User Fees,39,,FISCAL YEAR ENDING 6/30/23 ; FORWARD | TOTAL | TOTAL | BALANCE FWD ; PROGRAM NAME | 7/1/2022 | RECEIPTS | DISBURSEMENTS | 7/1/2023 ; GENERAL GOVERNMENT,66418.95,36914.65,45133.99,58199.61,,,4,,fund balances: forward + receipts - disbursements = carried forward,,0,check failed,"v1: 8,790,242.22 vs printed 8,663,349.91 (+126,892.31) ; v2: 9,102,889.73 vs printed 9,102,807.73 (+82.00) ; v3: 7,663,888.79 vs printed 7,735,057.86 (-71,169.07) ; v4: 10,035,020.31 vs printed 10,031,099.78 (+3,920.53)"
2023,FY2023,PARKS & RECREATION,Park Gift Fund,39,,FISCAL YEAR ENDING 6/30/23 ; FORWARD | TOTAL | TOTAL | BALANCE FWD ; PROGRAM NAME | 7/1/2022 | RECEIPTS | DISBURSEMENTS | 7/1/2023 ; GENERAL GOVERNMENT,752.00,,,752.00,,,2,,,,0,check failed,"v1: 8,790,242.22 vs printed 8,663,349.91 (+126,892.31) ; v2: 9,102,889.73 vs printed 9,102,807.73 (+82.00) ; v3: 7,663,888.79 vs printed 7,735,057.86 (-71,169.07) ; v4: 10,035,020.31 vs printed 10,031,099.78 (+3,920.53)"
2023,FY2023,HIGHWAY DEPARTMENT,Chapter 90,39,,FISCAL YEAR ENDING 6/30/23 ; FORWARD | TOTAL | TOTAL | BALANCE FWD ; PROGRAM NAME | 7/1/2022 | RECEIPTS | DISBURSEMENTS | 7/1/2023 ; GENERAL GOVERNMENT,,148543.24,,21890.93,,,2,,,,0,check failed,"v1: 8,790,242.22 vs printed 8,663,349.91 (+126,892.31) ; v2: 9,102,889.73 vs printed 9,102,807.73 (+82.00) ; v3: 7,663,888.79 vs printed 7,735,057.86 (-71,169.07) ; v4: 10,035,020.31 vs printed 10,031,099.78 (+3,920.53)"
2023,FY2023,HIGHWAY DEPARTMENT,DPW Roads Gift Fund,39,,FISCAL YEAR ENDING 6/30/23 ; FORWARD | TOTAL | TOTAL | BALANCE FWD ; PROGRAM NAME | 7/1/2022 | RECEIPTS | DISBURSEMENTS | 7/1/2023 ; GENERAL GOVERNMENT,3330.00,,,3330.00,,,2,,,,0,check failed,"v1: 8,790,242.22 vs printed 8,663,349.91 (+126,892.31) ; v2: 9,102,889.73 vs printed 9,102,807.73 (+82.00) ; v3: 7,663,888.79 vs printed 7,735,057.86 (-71,169.07) ; v4: 10,035,020.31 vs printed 10,031,099.78 (+3,920.53)"
2023,FY2023,HIGHWAY DEPARTMENT,Highway Insurance Recoveries,39,,FISCAL YEAR ENDING 6/30/23 ; FORWARD | TOTAL | TOTAL | BALANCE FWD ; PROGRAM NAME | 7/1/2022 | RECEIPTS | DISBURSEMENTS | 7/1/2023 ; GENERAL GOVERNMENT,795.82,4851.83,,5647.65,,,3,,one cell missing; derivable from the row itself,"v3 = 0.00, from this fund's own other three columns",0,check failed,"v1: 8,790,242.22 vs printed 8,663,349.91 (+126,892.31) ; v2: 9,102,889.73 vs printed 9,102,807.73 (+82.00) ; v3: 7,663,888.79 vs printed 7,735,057.86 (-71,169.07) ; v4: 10,035,020.31 vs printed 10,031,099.78 (+3,920.53)"
2023,FY2023,HIGHWAY DEPARTMENT,Chapter 204/Acts of 1996,39,,FISCAL YEAR ENDING 6/30/23 ; FORWARD | TOTAL | TOTAL | BALANCE FWD ; PROGRAM NAME | 7/1/2022 | RECEIPTS | DISBURSEMENTS | 7/1/2023 ; GENERAL GOVERNMENT,0.11,,,0.11,,,2,,,,0,check failed,"v1: 8,790,242.22 vs printed 8,663,349.91 (+126,892.31) ; v2: 9,102,889.73 vs printed 9,102,807.73 (+82.00) ; v3: 7,663,888.79 vs printed 7,735,057.86 (-71,169.07) ; v4: 10,035,020.31 vs printed 10,031,099.78 (+3,920.53)"
2023,FY2023,HIGHWAY DEPARTMENT,Small Bridge Program Grant,39,,FISCAL YEAR ENDING 6/30/23 ; FORWARD | TOTAL | TOTAL | BALANCE FWD ; PROGRAM NAME | 7/1/2022 | RECEIPTS | DISBURSEMENTS | 7/1/2023 ; GENERAL GOVERNMENT,0.00,0.00,0.00,0.00,,,4,,fund balances: forward + receipts - disbursements = carried forward,,0,check failed,"v1: 8,790,242.22 vs printed 8,663,349.91 (+126,892.31) ; v2: 9,102,889.73 vs printed 9,102,807.73 (+82.00) ; v3: 7,663,888.79 vs printed 7,735,057.86 (-71,169.07) ; v4: 10,035,020.31 vs printed 10,031,099.78 (+3,920.53)"
2023,FY2023,HIGHWAY DEPARTMENT,,39,,FISCAL YEAR ENDING 6/30/23 ; FORWARD | TOTAL | TOTAL | BALANCE FWD ; PROGRAM NAME | 7/1/2022 | RECEIPTS | DISBURSEMENTS | 7/1/2023 ; GENERAL GOVERNMENT,,39.00,,,,,1,yes,,,0,check failed,"v1: 8,790,242.22 vs printed 8,663,349.91 (+126,892.31) ; v2: 9,102,889.73 vs printed 9,102,807.73 (+82.00) ; v3: 7,663,888.79 vs printed 7,735,057.86 (-71,169.07) ; v4: 10,035,020.31 vs printed 10,031,099.78 (+3,920.53)"
2023,FY2023,HIGHWAY DEPARTMENT,Complete Streets Grant,40,,FISCAL YEAR ENDING 6/30/23 ; FORWARD | TOTAL | TOTAL | BALANCE FWD ; PROGRAM NAME | 7/1/2022 | RECEIPTS | DISBURSEMENTS | 7/1/2023 ; GENERAL GOVERNMENT,0.00,0.00,0.00,0.00,,,4,,fund balances: forward + receipts - disbursements = carried forward,,0,check failed,"v1: 8,790,242.22 vs printed 8,663,349.91 (+126,892.31) ; v2: 9,102,889.73 vs printed 9,102,807.73 (+82.00) ; v3: 7,663,888.79 vs printed 7,735,057.86 (-71,169.07) ; v4: 10,035,020.31 vs printed 10,031,099.78 (+3,920.53)"
2023,FY2023,COUNCIL ON AGING,C.O.A./M.A.R.T. Revolving,40,,FISCAL YEAR ENDING 6/30/23 ; FORWARD | TOTAL | TOTAL | BALANCE FWD ; PROGRAM NAME | 7/1/2022 | RECEIPTS | DISBURSEMENTS | 7/1/2023 ; GENERAL GOVERNMENT,-6347.38,48910.44,45171.86,-2608.80,,,4,,fund balances: forward + receipts - disbursements = carried forward,,0,check failed,"v1: 8,790,242.22 vs printed 8,663,349.91 (+126,892.31) ; v2: 9,102,889.73 vs printed 9,102,807.73 (+82.00) ; v3: 7,663,888.79 vs printed 7,735,057.86 (-71,169.07) ; v4: 10,035,020.31 vs printed 10,031,099.78 (+3,920.53)"
2023,FY2023,COUNCIL ON AGING,C.O.A. Formula Grant,40,,FISCAL YEAR ENDING 6/30/23 ; FORWARD | TOTAL | TOTAL | BALANCE FWD ; PROGRAM NAME | 7/1/2022 | RECEIPTS | DISBURSEMENTS | 7/1/2023 ; GENERAL GOVERNMENT,4446.31,38772.00,35253.27,7965.04,,,4,,fund balances: forward + receipts - disbursements = carried forward,,0,check failed,"v1: 8,790,242.22 vs printed 8,663,349.91 (+126,892.31) ; v2: 9,102,889.73 vs printed 9,102,807.73 (+82.00) ; v3: 7,663,888.79 vs printed 7,735,057.86 (-71,169.07) ; v4: 10,035,020.31 vs printed 10,031,099.78 (+3,920.53)"
2023,FY2023,COUNCIL ON AGING,E.O.C.D. Senior Center Grant,40,,FISCAL YEAR ENDING 6/30/23 ; FORWARD | TOTAL | TOTAL | BALANCE FWD ; PROGRAM NAME | 7/1/2022 | RECEIPTS | DISBURSEMENTS | 7/1/2023 ; GENERAL GOVERNMENT,1686.38,0.12,,1686.50,,,3,,one cell missing; derivable from the row itself,"v3 = 0.00, from this fund's own other three columns",0,check failed,"v1: 8,790,242.22 vs printed 8,663,349.91 (+126,892.31) ; v2: 9,102,889.73 vs printed 9,102,807.73 (+82.00) ; v3: 7,663,888.79 vs printed 7,735,057.86 (-71,169.07) ; v4: 10,035,020.31 vs printed 10,031,099.78 (+3,920.53)"
2023,FY2023,COUNCIL ON AGING,Venture Grant - Are You OK,40,,FISCAL YEAR ENDING 6/30/23 ; FORWARD | TOTAL | TOTAL | BALANCE FWD ; PROGRAM NAME | 7/1/2022 | RECEIPTS | DISBURSEMENTS | 7/1/2023 ; GENERAL GOVERNMENT,24.00,,,24.00,,,2,,,,0,check failed,"v1: 8,790,242.22 vs printed 8,663,349.91 (+126,892.31) ; v2: 9,102,889.73 vs printed 9,102,807.73 (+82.00) ; v3: 7,663,888.79 vs printed 7,735,057.86 (-71,169.07) ; v4: 10,035,020.31 vs printed 10,031,099.78 (+3,920.53)"
2023,FY2023,COUNCIL ON AGING,Council on Aging Gift Fund,40,,FISCAL YEAR ENDING 6/30/23 ; FORWARD | TOTAL | TOTAL | BALANCE FWD ; PROGRAM NAME | 7/1/2022 | RECEIPTS | DISBURSEMENTS | 7/1/2023 ; GENERAL GOVERNMENT,6043.26,67950.00,,73993.26,,,3,,one cell missing; derivable from the row itself,"v3 = 0.00, from this fund's own other three columns",0,check failed,"v1: 8,790,242.22 vs printed 8,663,349.91 (+126,892.31) ; v2: 9,102,889.73 vs printed 9,102,807.73 (+82.00) ; v3: 7,663,888.79 vs printed 7,735,057.86 (-71,169.07) ; v4: 10,035,020.31 vs printed 10,031,099.78 (+3,920.53)"
2023,FY2023,COUNCIL ON AGING,COA Program Grant,40,,FISCAL YEAR ENDING 6/30/23 ; FORWARD | TOTAL | TOTAL | BALANCE FWD ; PROGRAM NAME | 7/1/2022 | RECEIPTS | DISBURSEMENTS | 7/1/2023 ; GENERAL GOVERNMENT,4784.86,0.00,4099.17,685.69,,,4,,fund balances: forward + receipts - disbursements = carried forward,,0,check failed,"v1: 8,790,242.22 vs printed 8,663,349.91 (+126,892.31) ; v2: 9,102,889.73 vs printed 9,102,807.73 (+82.00) ; v3: 7,663,888.79 vs printed 7,735,057.86 (-71,169.07) ; v4: 10,035,020.31 vs printed 10,031,099.78 (+3,920.53)"
2023,FY2023,LIBRARY,State Aid-Libraries,40,,FISCAL YEAR ENDING 6/30/23 ; FORWARD | TOTAL | TOTAL | BALANCE FWD ; PROGRAM NAME | 7/1/2022 | RECEIPTS | DISBURSEMENTS | 7/1/2023 ; GENERAL GOVERNMENT,42849.20,26677.76,1178.78,68348.18,,,4,,fund balances: forward + receipts - disbursements = carried forward,,0,check failed,"v1: 8,790,242.22 vs printed 8,663,349.91 (+126,892.31) ; v2: 9,102,889.73 vs printed 9,102,807.73 (+82.00) ; v3: 7,663,888.79 vs printed 7,735,057.86 (-71,169.07) ; v4: 10,035,020.31 vs printed 10,031,099.78 (+3,920.53)"
2023,FY2023,LIBRARY,Library Gift Fund,40,,FISCAL YEAR ENDING 6/30/23 ; FORWARD | TOTAL | TOTAL | BALANCE FWD ; PROGRAM NAME | 7/1/2022 | RECEIPTS | DISBURSEMENTS | 7/1/2023 ; GENERAL GOVERNMENT,28060.04,,,28060.04,,,2,,,,0,check failed,"v1: 8,790,242.22 vs printed 8,663,349.91 (+126,892.31) ; v2: 9,102,889.73 vs printed 9,102,807.73 (+82.00) ; v3: 7,663,888.79 vs printed 7,735,057.86 (-71,169.07) ; v4: 10,035,020.31 vs printed 10,031,099.78 (+3,920.53)"
2023,FY2023,LIBRARY,Library Revolving Fund,40,,FISCAL YEAR ENDING 6/30/23 ; FORWARD | TOTAL | TOTAL | BALANCE FWD ; PROGRAM NAME | 7/1/2022 | RECEIPTS | DISBURSEMENTS | 7/1/2023 ; GENERAL GOVERNMENT,2935.48,1055.29,373.78,3616.99,,,4,,fund balances: forward + receipts - disbursements = carried forward,,0,check failed,"v1: 8,790,242.22 vs printed 8,663,349.91 (+126,892.31) ; v2: 9,102,889.73 vs printed 9,102,807.73 (+82.00) ; v3: 7,663,888.79 vs printed 7,735,057.86 (-71,169.07) ; v4: 10,035,020.31 vs printed 10,031,099.78 (+3,920.53)"
2023,FY2023,LIBRARY,FY07 Public Libraries Fund,40,,FISCAL YEAR ENDING 6/30/23 ; FORWARD | TOTAL | TOTAL | BALANCE FWD ; PROGRAM NAME | 7/1/2022 | RECEIPTS | DISBURSEMENTS | 7/1/2023 ; GENERAL GOVERNMENT,571.17,,,571.17,,,2,,,,0,check failed,"v1: 8,790,242.22 vs printed 8,663,349.91 (+126,892.31) ; v2: 9,102,889.73 vs printed 9,102,807.73 (+82.00) ; v3: 7,663,888.79 vs printed 7,735,057.86 (-71,169.07) ; v4: 10,035,020.31 vs printed 10,031,099.78 (+3,920.53)"
2023,FY2023,LIBRARY,State Earmarks - LED Lighting,40,,FISCAL YEAR ENDING 6/30/23 ; FORWARD | TOTAL | TOTAL | BALANCE FWD ; PROGRAM NAME | 7/1/2022 | RECEIPTS | DISBURSEMENTS | 7/1/2023 ; GENERAL GOVERNMENT,4455.59,95544.41,103920.53,,,,3,,one cell missing; derivable from the row itself,"v4 = -3,920.53, from this fund's own other three columns",0,check failed,"v1: 8,790,242.22 vs printed 8,663,349.91 (+126,892.31) ; v2: 9,102,889.73 vs printed 9,102,807.73 (+82.00) ; v3: 7,663,888.79 vs printed 7,735,057.86 (-71,169.07) ; v4: 10,035,020.31 vs printed 10,031,099.78 (+3,920.53)"
2023,FY2023,LIBRARY,Library Serv/Tech Grant,40,,FISCAL YEAR ENDING 6/30/23 ; FORWARD | TOTAL | TOTAL | BALANCE FWD ; PROGRAM NAME | 7/1/2022 | RECEIPTS | DISBURSEMENTS | 7/1/2023 ; GENERAL GOVERNMENT,0.00,12961.00,0.00,12961.00,,,4,,fund balances: forward + receipts - disbursements = carried forward,,0,check failed,"v1: 8,790,242.22 vs printed 8,663,349.91 (+126,892.31) ; v2: 9,102,889.73 vs printed 9,102,807.73 (+82.00) ; v3: 7,663,888.79 vs printed 7,735,057.86 (-71,169.07) ; v4: 10,035,020.31 vs printed 10,031,099.78 (+3,920.53)"
2023,FY2023,LIBRARY,Sale of Cemetery Lots,40,,FISCAL YEAR ENDING 6/30/23 ; FORWARD | TOTAL | TOTAL | BALANCE FWD ; PROGRAM NAME | 7/1/2022 | RECEIPTS | DISBURSEMENTS | 7/1/2023 ; GENERAL GOVERNMENT,82195.66,5112.43,0.00,87308.09,,,4,,fund balances: forward + receipts - disbursements = carried forward,,0,check failed,"v1: 8,790,242.22 vs printed 8,663,349.91 (+126,892.31) ; v2: 9,102,889.73 vs printed 9,102,807.73 (+82.00) ; v3: 7,663,888.79 vs printed 7,735,057.86 (-71,169.07) ; v4: 10,035,020.31 vs printed 10,031,099.78 (+3,920.53)"
2023,FY2023,LIBRARY,North Cemetery Accessibility,40,,FISCAL YEAR ENDING 6/30/23 ; FORWARD | TOTAL | TOTAL | BALANCE FWD ; PROGRAM NAME | 7/1/2022 | RECEIPTS | DISBURSEMENTS | 7/1/2023 ; GENERAL GOVERNMENT,0.00,0.00,,0.00,,,3,,one cell missing; derivable from the row itself,"v3 = 0.00, from this fund's own other three columns",0,check failed,"v1: 8,790,242.22 vs printed 8,663,349.91 (+126,892.31) ; v2: 9,102,889.73 vs printed 9,102,807.73 (+82.00) ; v3: 7,663,888.79 vs printed 7,735,057.86 (-71,169.07) ; v4: 10,035,020.31 vs printed 10,031,099.78 (+3,920.53)"
2023,FY2023,LIBRARY,Lunenburg Cemetery Gift Fund,40,,FISCAL YEAR ENDING 6/30/23 ; FORWARD | TOTAL | TOTAL | BALANCE FWD ; PROGRAM NAME | 7/1/2022 | RECEIPTS | DISBURSEMENTS | 7/1/2023 ; GENERAL GOVERNMENT,209.39,,,209.39,,,2,,,,0,check failed,"v1: 8,790,242.22 vs printed 8,663,349.91 (+126,892.31) ; v2: 9,102,889.73 vs printed 9,102,807.73 (+82.00) ; v3: 7,663,888.79 vs printed 7,735,057.86 (-71,169.07) ; v4: 10,035,020.31 vs printed 10,031,099.78 (+3,920.53)"
2023,FY2023,LIBRARY,Elderly/Disabled Fund,40,,FISCAL YEAR ENDING 6/30/23 ; FORWARD | TOTAL | TOTAL | BALANCE FWD ; PROGRAM NAME | 7/1/2022 | RECEIPTS | DISBURSEMENTS | 7/1/2023 ; GENERAL GOVERNMENT,2487.14,,,2487.14,,,2,,,,0,check failed,"v1: 8,790,242.22 vs printed 8,663,349.91 (+126,892.31) ; v2: 9,102,889.73 vs printed 9,102,807.73 (+82.00) ; v3: 7,663,888.79 vs printed 7,735,057.86 (-71,169.07) ; v4: 10,035,020.31 vs printed 10,031,099.78 (+3,920.53)"
2023,FY2023,LIBRARY,Green Communities Grant,40,,FISCAL YEAR ENDING 6/30/23 ; FORWARD | TOTAL | TOTAL | BALANCE FWD ; PROGRAM NAME | 7/1/2022 | RECEIPTS | DISBURSEMENTS | 7/1/2023 ; GENERAL GOVERNMENT,452.13,0.00,0.00,452.13,,,4,,fund balances: forward + receipts - disbursements = carried forward,,0,check failed,"v1: 8,790,242.22 vs printed 8,663,349.91 (+126,892.31) ; v2: 9,102,889.73 vs printed 9,102,807.73 (+82.00) ; v3: 7,663,888.79 vs printed 7,735,057.86 (-71,169.07) ; v4: 10,035,020.31 vs printed 10,031,099.78 (+3,920.53)"
2023,FY2023,LIBRARY,,40,,FISCAL YEAR ENDING 6/30/23 ; FORWARD | TOTAL | TOTAL | BALANCE FWD ; PROGRAM NAME | 7/1/2022 | RECEIPTS | DISBURSEMENTS | 7/1/2023 ; GENERAL GOVERNMENT,40.00,,,,,,1,,,,0,check failed,"v1: 8,790,242.22 vs printed 8,663,349.91 (+126,892.31) ; v2: 9,102,889.73 vs printed 9,102,807.73 (+82.00) ; v3: 7,663,888.79 vs printed 7,735,057.86 (-71,169.07) ; v4: 10,035,020.31 vs printed 10,031,099.78 (+3,920.53)"
2023,FY2023,LIBRARY,Green Communities Grant - FY19,41,,FISCAL YEAR ENDING 6/30/23 ; FORWARD | TOTAL | TOTAL | BALANCE FWD ; PROGRAM NAME | 7/1/2022 | RECEIPTS | DISBURSEMENTS | 7/1/2023 ; GENERAL GOVERNMENT,443.82,0.00,0.00,443.82,,,4,,fund balances: forward + receipts - disbursements = carried forward,,0,check failed,"v1: 8,790,242.22 vs printed 8,663,349.91 (+126,892.31) ; v2: 9,102,889.73 vs printed 9,102,807.73 (+82.00) ; v3: 7,663,888.79 vs printed 7,735,057.86 (-71,169.07) ; v4: 10,035,020.31 vs printed 10,031,099.78 (+3,920.53)"
2023,FY2023,LIBRARY,Green Communities Grant - FY21,41,,FISCAL YEAR ENDING 6/30/23 ; FORWARD | TOTAL | TOTAL | BALANCE FWD ; PROGRAM NAME | 7/1/2022 | RECEIPTS | DISBURSEMENTS | 7/1/2023 ; GENERAL GOVERNMENT,0.00,0.00,0.00,0.00,,,4,,fund balances: forward + receipts - disbursements = carried forward,,0,check failed,"v1: 8,790,242.22 vs printed 8,663,349.91 (+126,892.31) ; v2: 9,102,889.73 vs printed 9,102,807.73 (+82.00) ; v3: 7,663,888.79 vs printed 7,735,057.86 (-71,169.07) ; v4: 10,035,020.31 vs printed 10,031,099.78 (+3,920.53)"
2023,FY2023,LIBRARY,Green Communities Grant - FY23,41,,FISCAL YEAR ENDING 6/30/23 ; FORWARD | TOTAL | TOTAL | BALANCE FWD ; PROGRAM NAME | 7/1/2022 | RECEIPTS | DISBURSEMENTS | 7/1/2023 ; GENERAL GOVERNMENT,0.00,46785.00,80042.30,-33257.30,,,4,,fund balances: forward + receipts - disbursements = carried forward,,0,check failed,"v1: 8,790,242.22 vs printed 8,663,349.91 (+126,892.31) ; v2: 9,102,889.73 vs printed 9,102,807.73 (+82.00) ; v3: 7,663,888.79 vs printed 7,735,057.86 (-71,169.07) ; v4: 10,035,020.31 vs printed 10,031,099.78 (+3,920.53)"
2023,FY2023,LIBRARY,Agricultural Commission Grant,41,,FISCAL YEAR ENDING 6/30/23 ; FORWARD | TOTAL | TOTAL | BALANCE FWD ; PROGRAM NAME | 7/1/2022 | RECEIPTS | DISBURSEMENTS | 7/1/2023 ; GENERAL GOVERNMENT,2951.00,760.00,905.00,2806.00,,,4,,fund balances: forward + receipts - disbursements = carried forward,,0,check failed,"v1: 8,790,242.22 vs printed 8,663,349.91 (+126,892.31) ; v2: 9,102,889.73 vs printed 9,102,807.73 (+82.00) ; v3: 7,663,888.79 vs printed 7,735,057.86 (-71,169.07) ; v4: 10,035,020.31 vs printed 10,031,099.78 (+3,920.53)"
2023,FY2023,LIBRARY,MIlA Grant,41,,FISCAL YEAR ENDING 6/30/23 ; FORWARD | TOTAL | TOTAL | BALANCE FWD ; PROGRAM NAME | 7/1/2022 | RECEIPTS | DISBURSEMENTS | 7/1/2023 ; GENERAL GOVERNMENT,0.00,10000.00,10000.00,0.00,,,4,,fund balances: forward + receipts - disbursements = carried forward,,0,check failed,"v1: 8,790,242.22 vs printed 8,663,349.91 (+126,892.31) ; v2: 9,102,889.73 vs printed 9,102,807.73 (+82.00) ; v3: 7,663,888.79 vs printed 7,735,057.86 (-71,169.07) ; v4: 10,035,020.31 vs printed 10,031,099.78 (+3,920.53)"
2023,FY2023,LIBRARY,MIlA Flex Grant,41,,FISCAL YEAR ENDING 6/30/23 ; FORWARD | TOTAL | TOTAL | BALANCE FWD ; PROGRAM NAME | 7/1/2022 | RECEIPTS | DISBURSEMENTS | 7/1/2023 ; GENERAL GOVERNMENT,0.00,6215.00,6215.00,0.00,,,4,,fund balances: forward + receipts - disbursements = carried forward,,0,check failed,"v1: 8,790,242.22 vs printed 8,663,349.91 (+126,892.31) ; v2: 9,102,889.73 vs printed 9,102,807.73 (+82.00) ; v3: 7,663,888.79 vs printed 7,735,057.86 (-71,169.07) ; v4: 10,035,020.31 vs printed 10,031,099.78 (+3,920.53)"
2023,FY2023,LIBRARY,Bell Tower Mtc. Fund-Town Hall,41,,FISCAL YEAR ENDING 6/30/23 ; FORWARD | TOTAL | TOTAL | BALANCE FWD ; PROGRAM NAME | 7/1/2022 | RECEIPTS | DISBURSEMENTS | 7/1/2023 ; GENERAL GOVERNMENT,2556.37,,,2556.37,,,2,,,,0,check failed,"v1: 8,790,242.22 vs printed 8,663,349.91 (+126,892.31) ; v2: 9,102,889.73 vs printed 9,102,807.73 (+82.00) ; v3: 7,663,888.79 vs printed 7,735,057.86 (-71,169.07) ; v4: 10,035,020.31 vs printed 10,031,099.78 (+3,920.53)"
2023,FY2023,LIBRARY,Historical Comm. Gift Fund,41,,FISCAL YEAR ENDING 6/30/23 ; FORWARD | TOTAL | TOTAL | BALANCE FWD ; PROGRAM NAME | 7/1/2022 | RECEIPTS | DISBURSEMENTS | 7/1/2023 ; GENERAL GOVERNMENT,137.36,,,137.36,,,2,,,,0,check failed,"v1: 8,790,242.22 vs printed 8,663,349.91 (+126,892.31) ; v2: 9,102,889.73 vs printed 9,102,807.73 (+82.00) ; v3: 7,663,888.79 vs printed 7,735,057.86 (-71,169.07) ; v4: 10,035,020.31 vs printed 10,031,099.78 (+3,920.53)"
2023,FY2023,LIBRARY,Mass Historical Comm Grant-Town Hall,41,,FISCAL YEAR ENDING 6/30/23 ; FORWARD | TOTAL | TOTAL | BALANCE FWD ; PROGRAM NAME | 7/1/2022 | RECEIPTS | DISBURSEMENTS | 7/1/2023 ; GENERAL GOVERNMENT,4150.00,,,4150.00,,,2,,,,0,check failed,"v1: 8,790,242.22 vs printed 8,663,349.91 (+126,892.31) ; v2: 9,102,889.73 vs printed 9,102,807.73 (+82.00) ; v3: 7,663,888.79 vs printed 7,735,057.86 (-71,169.07) ; v4: 10,035,020.31 vs printed 10,031,099.78 (+3,920.53)"
2023,FY2023,LIBRARY,MWPAT Septic Repair,41,,FISCAL YEAR ENDING 6/30/23 ; FORWARD | TOTAL | TOTAL | BALANCE FWD ; PROGRAM NAME | 7/1/2022 | RECEIPTS | DISBURSEMENTS | 7/1/2023 ; GENERAL GOVERNMENT,4079.03,,,4079.03,,,2,,,,0,check failed,"v1: 8,790,242.22 vs printed 8,663,349.91 (+126,892.31) ; v2: 9,102,889.73 vs printed 9,102,807.73 (+82.00) ; v3: 7,663,888.79 vs printed 7,735,057.86 (-71,169.07) ; v4: 10,035,020.31 vs printed 10,031,099.78 (+3,920.53)"
2023,FY2023,LIBRARY,WPAT Septic Receipts Reserved,41,,FISCAL YEAR ENDING 6/30/23 ; FORWARD | TOTAL | TOTAL | BALANCE FWD ; PROGRAM NAME | 7/1/2022 | RECEIPTS | DISBURSEMENTS | 7/1/2023 ; GENERAL GOVERNMENT,36490.59,,,36490.59,,,2,,,,0,check failed,"v1: 8,790,242.22 vs printed 8,663,349.91 (+126,892.31) ; v2: 9,102,889.73 vs printed 9,102,807.73 (+82.00) ; v3: 7,663,888.79 vs printed 7,735,057.86 (-71,169.07) ; v4: 10,035,020.31 vs printed 10,031,099.78 (+3,920.53)"
2023,FY2023,LIBRARY,E.O.C.D. Septic I Grant,41,,FISCAL YEAR ENDING 6/30/23 ; FORWARD | TOTAL | TOTAL | BALANCE FWD ; PROGRAM NAME | 7/1/2022 | RECEIPTS | DISBURSEMENTS | 7/1/2023 ; GENERAL GOVERNMENT,109434.12,27.22,322.50,109138.84,,,4,,fund balances: forward + receipts - disbursements = carried forward,,0,check failed,"v1: 8,790,242.22 vs printed 8,663,349.91 (+126,892.31) ; v2: 9,102,889.73 vs printed 9,102,807.73 (+82.00) ; v3: 7,663,888.79 vs printed 7,735,057.86 (-71,169.07) ; v4: 10,035,020.31 vs printed 10,031,099.78 (+3,920.53)"
2023,FY2023,LIBRARY,Water Enterprise Fund,41,,FISCAL YEAR ENDING 6/30/23 ; FORWARD | TOTAL | TOTAL | BALANCE FWD ; PROGRAM NAME | 7/1/2022 | RECEIPTS | DISBURSEMENTS | 7/1/2023 ; GENERAL GOVERNMENT,57539.60,0.00,169.26,57370.34,,,4,,fund balances: forward + receipts - disbursements = carried forward,,0,check failed,"v1: 8,790,242.22 vs printed 8,663,349.91 (+126,892.31) ; v2: 9,102,889.73 vs printed 9,102,807.73 (+82.00) ; v3: 7,663,888.79 vs printed 7,735,057.86 (-71,169.07) ; v4: 10,035,020.31 vs printed 10,031,099.78 (+3,920.53)"
2023,FY2023,LIBRARY,Sewer Enterprise Fund,41,,FISCAL YEAR ENDING 6/30/23 ; FORWARD | TOTAL | TOTAL | BALANCE FWD ; PROGRAM NAME | 7/1/2022 | RECEIPTS | DISBURSEMENTS | 7/1/2023 ; GENERAL GOVERNMENT,1606762.35,1152613.32,1222362.54,1537013.13,,,4,,fund balances: forward + receipts - disbursements = carried forward,,0,check failed,"v1: 8,790,242.22 vs printed 8,663,349.91 (+126,892.31) ; v2: 9,102,889.73 vs printed 9,102,807.73 (+82.00) ; v3: 7,663,888.79 vs printed 7,735,057.86 (-71,169.07) ; v4: 10,035,020.31 vs printed 10,031,099.78 (+3,920.53)"
2023,FY2023,LIBRARY,Sewer Betterment Fund,41,,FISCAL YEAR ENDING 6/30/23 ; FORWARD | TOTAL | TOTAL | BALANCE FWD ; PROGRAM NAME | 7/1/2022 | RECEIPTS | DISBURSEMENTS | 7/1/2023 ; GENERAL GOVERNMENT,1162980.04,581613.80,687992.32,1056601.52,,,4,,fund balances: forward + receipts - disbursements = carried forward,,0,check failed,"v1: 8,790,242.22 vs printed 8,663,349.91 (+126,892.31) ; v2: 9,102,889.73 vs printed 9,102,807.73 (+82.00) ; v3: 7,663,888.79 vs printed 7,735,057.86 (-71,169.07) ; v4: 10,035,020.31 vs printed 10,031,099.78 (+3,920.53)"
2023,FY2023,LIBRARY,Public Health Emergency Preparedness,41,,FISCAL YEAR ENDING 6/30/23 ; FORWARD | TOTAL | TOTAL | BALANCE FWD ; PROGRAM NAME | 7/1/2022 | RECEIPTS | DISBURSEMENTS | 7/1/2023 ; GENERAL GOVERNMENT,12295.09,,,12295.09,,,2,,,,0,check failed,"v1: 8,790,242.22 vs printed 8,663,349.91 (+126,892.31) ; v2: 9,102,889.73 vs printed 9,102,807.73 (+82.00) ; v3: 7,663,888.79 vs printed 7,735,057.86 (-71,169.07) ; v4: 10,035,020.31 vs printed 10,031,099.78 (+3,920.53)"
2023,FY2023,LIBRARY,Storm Water Task Force Revolving,41,,FISCAL YEAR ENDING 6/30/23 ; FORWARD | TOTAL | TOTAL | BALANCE FWD ; PROGRAM NAME | 7/1/2022 | RECEIPTS | DISBURSEMENTS | 7/1/2023 ; GENERAL GOVERNMENT,4502.00,820.00,,5322.00,,,3,,one cell missing; derivable from the row itself,"v3 = 0.00, from this fund's own other three columns",0,check failed,"v1: 8,790,242.22 vs printed 8,663,349.91 (+126,892.31) ; v2: 9,102,889.73 vs printed 9,102,807.73 (+82.00) ; v3: 7,663,888.79 vs printed 7,735,057.86 (-71,169.07) ; v4: 10,035,020.31 vs printed 10,031,099.78 (+3,920.53)"
2023,FY2023,LIBRARY,Inspector's Revolving Fund,41,,FISCAL YEAR ENDING 6/30/23 ; FORWARD | TOTAL | TOTAL | BALANCE FWD ; PROGRAM NAME | 7/1/2022 | RECEIPTS | DISBURSEMENTS | 7/1/2023 ; GENERAL GOVERNMENT,3023.25,41463.83,36987.08,7500.00,,,4,,fund balances: forward + receipts - disbursements = carried forward,,0,check failed,"v1: 8,790,242.22 vs printed 8,663,349.91 (+126,892.31) ; v2: 9,102,889.73 vs printed 9,102,807.73 (+82.00) ; v3: 7,663,888.79 vs printed 7,735,057.86 (-71,169.07) ; v4: 10,035,020.31 vs printed 10,031,099.78 (+3,920.53)"
2023,FY2023,LIBRARY,Timber Rights Revolving,41,,FISCAL YEAR ENDING 6/30/23 ; FORWARD | TOTAL | TOTAL | BALANCE FWD ; PROGRAM NAME | 7/1/2022 | RECEIPTS | DISBURSEMENTS | 7/1/2023 ; GENERAL GOVERNMENT,25240.72,5786.55,6478.20,24549.07,,,4,,fund balances: forward + receipts - disbursements = carried forward,,0,check failed,"v1: 8,790,242.22 vs printed 8,663,349.91 (+126,892.31) ; v2: 9,102,889.73 vs printed 9,102,807.73 (+82.00) ; v3: 7,663,888.79 vs printed 7,735,057.86 (-71,169.07) ; v4: 10,035,020.31 vs printed 10,031,099.78 (+3,920.53)"
2023,FY2023,LIBRARY,Cares Act Funding - COVID,41,,FISCAL YEAR ENDING 6/30/23 ; FORWARD | TOTAL | TOTAL | BALANCE FWD ; PROGRAM NAME | 7/1/2022 | RECEIPTS | DISBURSEMENTS | 7/1/2023 ; GENERAL GOVERNMENT,7379.20,0.00,7379.20,0.00,,,4,,fund balances: forward + receipts - disbursements = carried forward,,0,check failed,"v1: 8,790,242.22 vs printed 8,663,349.91 (+126,892.31) ; v2: 9,102,889.73 vs printed 9,102,807.73 (+82.00) ; v3: 7,663,888.79 vs printed 7,735,057.86 (-71,169.07) ; v4: 10,035,020.31 vs printed 10,031,099.78 (+3,920.53)"
2023,FY2023,LIBRARY,FEMA #4496 - COVID Grant,41,,FISCAL YEAR ENDING 6/30/23 ; FORWARD | TOTAL | TOTAL | BALANCE FWD ; PROGRAM NAME | 7/1/2022 | RECEIPTS | DISBURSEMENTS | 7/1/2023 ; GENERAL GOVERNMENT,-103035.81,,0.00,-103035.81,,,3,,one cell missing; derivable from the row itself,"v2 = 0.00, from this fund's own other three columns",0,check failed,"v1: 8,790,242.22 vs printed 8,663,349.91 (+126,892.31) ; v2: 9,102,889.73 vs printed 9,102,807.73 (+82.00) ; v3: 7,663,888.79 vs printed 7,735,057.86 (-71,169.07) ; v4: 10,035,020.31 vs printed 10,031,099.78 (+3,920.53)"
2023,FY2023,LIBRARY,ARPA Funds,41,,FISCAL YEAR ENDING 6/30/23 ; FORWARD | TOTAL | TOTAL | BALANCE FWD ; PROGRAM NAME | 7/1/2022 | RECEIPTS | DISBURSEMENTS | 7/1/2023 ; GENERAL GOVERNMENT,1743401.64,1804085.46,106530.77,3440956.33,,,4,,fund balances: forward + receipts - disbursements = carried forward,,0,check failed,"v1: 8,790,242.22 vs printed 8,663,349.91 (+126,892.31) ; v2: 9,102,889.73 vs printed 9,102,807.73 (+82.00) ; v3: 7,663,888.79 vs printed 7,735,057.86 (-71,169.07) ; v4: 10,035,020.31 vs printed 10,031,099.78 (+3,920.53)"
2023,FY2023,LIBRARY,Artificial Turf Revolving,41,,FISCAL YEAR ENDING 6/30/23 ; FORWARD | TOTAL | TOTAL | BALANCE FWD ; PROGRAM NAME | 7/1/2022 | RECEIPTS | DISBURSEMENTS | 7/1/2023 ; GENERAL GOVERNMENT,50778.25,45000.00,42134.74,53643.51,,,4,,fund balances: forward + receipts - disbursements = carried forward,,0,check failed,"v1: 8,790,242.22 vs printed 8,663,349.91 (+126,892.31) ; v2: 9,102,889.73 vs printed 9,102,807.73 (+82.00) ; v3: 7,663,888.79 vs printed 7,735,057.86 (-71,169.07) ; v4: 10,035,020.31 vs printed 10,031,099.78 (+3,920.53)"
2023,FY2023,LIBRARY,,41,,FISCAL YEAR ENDING 6/30/23 ; FORWARD | TOTAL | TOTAL | BALANCE FWD ; PROGRAM NAME | 7/1/2022 | RECEIPTS | DISBURSEMENTS | 7/1/2023 ; GENERAL GOVERNMENT,41.00,,,,,,1,,,,0,check failed,"v1: 8,790,242.22 vs printed 8,663,349.91 (+126,892.31) ; v2: 9,102,889.73 vs printed 9,102,807.73 (+82.00) ; v3: 7,663,888.79 vs printed 7,735,057.86 (-71,169.07) ; v4: 10,035,020.31 vs printed 10,031,099.78 (+3,920.53)"
2023,FY2023,LIBRARY,DEP Pay As You Throw Grant,42,,FISCAL YEAR ENDING 6/30/23 ; FORWARD | TOTAL | TOTAL | BALANCE FWD ; PROGRAM NAME | 7/1/2022 | RECEIPTS | DISBURSEMENTS | 7/1/2023 ; GENERAL GOVERNMENT,4720.43,,,4720.43,,,2,,,,0,check failed,"v1: 8,790,242.22 vs printed 8,663,349.91 (+126,892.31) ; v2: 9,102,889.73 vs printed 9,102,807.73 (+82.00) ; v3: 7,663,888.79 vs printed 7,735,057.86 (-71,169.07) ; v4: 10,035,020.31 vs printed 10,031,099.78 (+3,920.53)"
2023,FY2023,LIBRARY,Recycling Outreach Fund,42,,FISCAL YEAR ENDING 6/30/23 ; FORWARD | TOTAL | TOTAL | BALANCE FWD ; PROGRAM NAME | 7/1/2022 | RECEIPTS | DISBURSEMENTS | 7/1/2023 ; GENERAL GOVERNMENT,16646.61,3800.00,,20446.61,,,3,,one cell missing; derivable from the row itself,"v3 = 0.00, from this fund's own other three columns",0,check failed,"v1: 8,790,242.22 vs printed 8,663,349.91 (+126,892.31) ; v2: 9,102,889.73 vs printed 9,102,807.73 (+82.00) ; v3: 7,663,888.79 vs printed 7,735,057.86 (-71,169.07) ; v4: 10,035,020.31 vs printed 10,031,099.78 (+3,920.53)"
2023,FY2023,LIBRARY,Repayments Sewer Hookup,42,,FISCAL YEAR ENDING 6/30/23 ; FORWARD | TOTAL | TOTAL | BALANCE FWD ; PROGRAM NAME | 7/1/2022 | RECEIPTS | DISBURSEMENTS | 7/1/2023 ; GENERAL GOVERNMENT,9222.00,,,9222.00,,,2,,,,0,check failed,"v1: 8,790,242.22 vs printed 8,663,349.91 (+126,892.31) ; v2: 9,102,889.73 vs printed 9,102,807.73 (+82.00) ; v3: 7,663,888.79 vs printed 7,735,057.86 (-71,169.07) ; v4: 10,035,020.31 vs printed 10,031,099.78 (+3,920.53)"
2023,FY2023,LIBRARY,Solid Waste/Recycling Enterprise Fund,42,,FISCAL YEAR ENDING 6/30/23 ; FORWARD | TOTAL | TOTAL | BALANCE FWD ; PROGRAM NAME | 7/1/2022 | RECEIPTS | DISBURSEMENTS | 7/1/2023 ; GENERAL GOVERNMENT,161281.58,398087.98,382744.31,176625.25,,,4,,fund balances: forward + receipts - disbursements = carried forward,,0,check failed,"v1: 8,790,242.22 vs printed 8,663,349.91 (+126,892.31) ; v2: 9,102,889.73 vs printed 9,102,807.73 (+82.00) ; v3: 7,663,888.79 vs printed 7,735,057.86 (-71,169.07) ; v4: 10,035,020.31 vs printed 10,031,099.78 (+3,920.53)"
2023,FY2023,LIBRARY,CVS Volunteer Challenge Grant,42,,FISCAL YEAR ENDING 6/30/23 ; FORWARD | TOTAL | TOTAL | BALANCE FWD ; PROGRAM NAME | 7/1/2022 | RECEIPTS | DISBURSEMENTS | 7/1/2023 ; GENERAL GOVERNMENT,500.00,,,500.00,,,2,,,,0,check failed,"v1: 8,790,242.22 vs printed 8,663,349.91 (+126,892.31) ; v2: 9,102,889.73 vs printed 9,102,807.73 (+82.00) ; v3: 7,663,888.79 vs printed 7,735,057.86 (-71,169.07) ; v4: 10,035,020.31 vs printed 10,031,099.78 (+3,920.53)"
2023,FY2023,LIBRARY,Fields Pond Foundation,42,,FISCAL YEAR ENDING 6/30/23 ; FORWARD | TOTAL | TOTAL | BALANCE FWD ; PROGRAM NAME | 7/1/2022 | RECEIPTS | DISBURSEMENTS | 7/1/2023 ; GENERAL GOVERNMENT,1600.00,,,1600.00,,,2,,,,0,check failed,"v1: 8,790,242.22 vs printed 8,663,349.91 (+126,892.31) ; v2: 9,102,889.73 vs printed 9,102,807.73 (+82.00) ; v3: 7,663,888.79 vs printed 7,735,057.86 (-71,169.07) ; v4: 10,035,020.31 vs printed 10,031,099.78 (+3,920.53)"
2023,FY2023,LIBRARY,March for Parks,42,,FISCAL YEAR ENDING 6/30/23 ; FORWARD | TOTAL | TOTAL | BALANCE FWD ; PROGRAM NAME | 7/1/2022 | RECEIPTS | DISBURSEMENTS | 7/1/2023 ; GENERAL GOVERNMENT,1617.25,,,1617.25,,,2,,,,0,check failed,"v1: 8,790,242.22 vs printed 8,663,349.91 (+126,892.31) ; v2: 9,102,889.73 vs printed 9,102,807.73 (+82.00) ; v3: 7,663,888.79 vs printed 7,735,057.86 (-71,169.07) ; v4: 10,035,020.31 vs printed 10,031,099.78 (+3,920.53)"
2023,FY2023,LIBRARY,Skate Park Fund,42,,FISCAL YEAR ENDING 6/30/23 ; FORWARD | TOTAL | TOTAL | BALANCE FWD ; PROGRAM NAME | 7/1/2022 | RECEIPTS | DISBURSEMENTS | 7/1/2023 ; GENERAL GOVERNMENT,197.00,,,197.00,,,2,,,,0,check failed,"v1: 8,790,242.22 vs printed 8,663,349.91 (+126,892.31) ; v2: 9,102,889.73 vs printed 9,102,807.73 (+82.00) ; v3: 7,663,888.79 vs printed 7,735,057.86 (-71,169.07) ; v4: 10,035,020.31 vs printed 10,031,099.78 (+3,920.53)"
2023,FY2023,LIBRARY,Weights/Measures Citation Fund,42,,FISCAL YEAR ENDING 6/30/23 ; FORWARD | TOTAL | TOTAL | BALANCE FWD ; PROGRAM NAME | 7/1/2022 | RECEIPTS | DISBURSEMENTS | 7/1/2023 ; GENERAL GOVERNMENT,325.00,45.00,,370.00,,,3,,one cell missing; derivable from the row itself,"v3 = 0.00, from this fund's own other three columns",0,check failed,"v1: 8,790,242.22 vs printed 8,663,349.91 (+126,892.31) ; v2: 9,102,889.73 vs printed 9,102,807.73 (+82.00) ; v3: 7,663,888.79 vs printed 7,735,057.86 (-71,169.07) ; v4: 10,035,020.31 vs printed 10,031,099.78 (+3,920.53)"
2023,FY2023,LIBRARY,Marshall Park Restoration Fund,42,,FISCAL YEAR ENDING 6/30/23 ; FORWARD | TOTAL | TOTAL | BALANCE FWD ; PROGRAM NAME | 7/1/2022 | RECEIPTS | DISBURSEMENTS | 7/1/2023 ; GENERAL GOVERNMENT,125.00,,,125.00,,,2,,,,0,check failed,"v1: 8,790,242.22 vs printed 8,663,349.91 (+126,892.31) ; v2: 9,102,889.73 vs printed 9,102,807.73 (+82.00) ; v3: 7,663,888.79 vs printed 7,735,057.86 (-71,169.07) ; v4: 10,035,020.31 vs printed 10,031,099.78 (+3,920.53)"
2023,FY2023,LIBRARY,PEG Access Enterprise Fund,42,,FISCAL YEAR ENDING 6/30/23 ; FORWARD | TOTAL | TOTAL | BALANCE FWD ; PROGRAM NAME | 7/1/2022 | RECEIPTS | DISBURSEMENTS | 7/1/2023 ; GENERAL GOVERNMENT,933828.54,205077.16,166321.03,972584.67,,,4,,fund balances: forward + receipts - disbursements = carried forward,,0,check failed,"v1: 8,790,242.22 vs printed 8,663,349.91 (+126,892.31) ; v2: 9,102,889.73 vs printed 9,102,807.73 (+82.00) ; v3: 7,663,888.79 vs printed 7,735,057.86 (-71,169.07) ; v4: 10,035,020.31 vs printed 10,031,099.78 (+3,920.53)"
2023,FY2023,LIBRARY,Sale of Real Estate Fund,42,,FISCAL YEAR ENDING 6/30/23 ; FORWARD | TOTAL | TOTAL | BALANCE FWD ; PROGRAM NAME | 7/1/2022 | RECEIPTS | DISBURSEMENTS | 7/1/2023 ; GENERAL GOVERNMENT,43175.00,,,43175.00,,,2,,,,0,check failed,"v1: 8,790,242.22 vs printed 8,663,349.91 (+126,892.31) ; v2: 9,102,889.73 vs printed 9,102,807.73 (+82.00) ; v3: 7,663,888.79 vs printed 7,735,057.86 (-71,169.07) ; v4: 10,035,020.31 vs printed 10,031,099.78 (+3,920.53)"
2023,FY2023,LIBRARY,Arts Lottery Fund,42,,FISCAL YEAR ENDING 6/30/23 ; FORWARD | TOTAL | TOTAL | BALANCE FWD ; PROGRAM NAME | 7/1/2022 | RECEIPTS | DISBURSEMENTS | 7/1/2023 ; GENERAL GOVERNMENT,21963.71,9827.19,12670.00,19120.90,,,4,,fund balances: forward + receipts - disbursements = carried forward,,0,check failed,"v1: 8,790,242.22 vs printed 8,663,349.91 (+126,892.31) ; v2: 9,102,889.73 vs printed 9,102,807.73 (+82.00) ; v3: 7,663,888.79 vs printed 7,735,057.86 (-71,169.07) ; v4: 10,035,020.31 vs printed 10,031,099.78 (+3,920.53)"
2023,FY2023,LIBRARY,Debris Removal Gift Fund,42,,FISCAL YEAR ENDING 6/30/23 ; FORWARD | TOTAL | TOTAL | BALANCE FWD ; PROGRAM NAME | 7/1/2022 | RECEIPTS | DISBURSEMENTS | 7/1/2023 ; GENERAL GOVERNMENT,676.00,,,676.00,,,2,,,,0,check failed,"v1: 8,790,242.22 vs printed 8,663,349.91 (+126,892.31) ; v2: 9,102,889.73 vs printed 9,102,807.73 (+82.00) ; v3: 7,663,888.79 vs printed 7,735,057.86 (-71,169.07) ; v4: 10,035,020.31 vs printed 10,031,099.78 (+3,920.53)"
2023,FY2023,LIBRARY,Citizens Relief Fund,42,,FISCAL YEAR ENDING 6/30/23 ; FORWARD | TOTAL | TOTAL | BALANCE FWD ; PROGRAM NAME | 7/1/2022 | RECEIPTS | DISBURSEMENTS | 7/1/2023 ; GENERAL GOVERNMENT,200.00,,,200.00,,,2,,,,0,check failed,"v1: 8,790,242.22 vs printed 8,663,349.91 (+126,892.31) ; v2: 9,102,889.73 vs printed 9,102,807.73 (+82.00) ; v3: 7,663,888.79 vs printed 7,735,057.86 (-71,169.07) ; v4: 10,035,020.31 vs printed 10,031,099.78 (+3,920.53)"
2023,FY2023,LIBRARY,Mass Trails Grant,42,,FISCAL YEAR ENDING 6/30/23 ; FORWARD | TOTAL | TOTAL | BALANCE FWD ; PROGRAM NAME | 7/1/2022 | RECEIPTS | DISBURSEMENTS | 7/1/2023 ; GENERAL GOVERNMENT,-20227.70,21267.00,1039.30,0.00,,,4,,fund balances: forward + receipts - disbursements = carried forward,,0,check failed,"v1: 8,790,242.22 vs printed 8,663,349.91 (+126,892.31) ; v2: 9,102,889.73 vs printed 9,102,807.73 (+82.00) ; v3: 7,663,888.79 vs printed 7,735,057.86 (-71,169.07) ; v4: 10,035,020.31 vs printed 10,031,099.78 (+3,920.53)"
2023,FY2023,LIBRARY,Hollis Road Revolving,42,,FISCAL YEAR ENDING 6/30/23 ; FORWARD | TOTAL | TOTAL | BALANCE FWD ; PROGRAM NAME | 7/1/2022 | RECEIPTS | DISBURSEMENTS | 7/1/2023 ; GENERAL GOVERNMENT,58408.33,8500.00,17612.77,49295.56,,,4,,fund balances: forward + receipts - disbursements = carried forward,,0,check failed,"v1: 8,790,242.22 vs printed 8,663,349.91 (+126,892.31) ; v2: 9,102,889.73 vs printed 9,102,807.73 (+82.00) ; v3: 7,663,888.79 vs printed 7,735,057.86 (-71,169.07) ; v4: 10,035,020.31 vs printed 10,031,099.78 (+3,920.53)"
2023,FY2023,LIBRARY,TNC Per Ride Assessment Fund,42,,FISCAL YEAR ENDING 6/30/23 ; FORWARD | TOTAL | TOTAL | BALANCE FWD ; PROGRAM NAME | 7/1/2022 | RECEIPTS | DISBURSEMENTS | 7/1/2023 ; GENERAL GOVERNMENT,2762.90,560.10,,3323.00,,,3,,one cell missing; derivable from the row itself,"v3 = 0.00, from this fund's own other three columns",0,check failed,"v1: 8,790,242.22 vs printed 8,663,349.91 (+126,892.31) ; v2: 9,102,889.73 vs printed 9,102,807.73 (+82.00) ; v3: 7,663,888.79 vs printed 7,735,057.86 (-71,169.07) ; v4: 10,035,020.31 vs printed 10,031,099.78 (+3,920.53)"
2023,FY2023,LIBRARY,Recycling Dividends Program Grant,42,,FISCAL YEAR ENDING 6/30/23 ; FORWARD | TOTAL | TOTAL | BALANCE FWD ; PROGRAM NAME | 7/1/2022 | RECEIPTS | DISBURSEMENTS | 7/1/2023 ; GENERAL GOVERNMENT,29967.53,7800.00,18626.40,19141.13,,,4,,fund balances: forward + receipts - disbursements = carried forward,,0,check failed,"v1: 8,790,242.22 vs printed 8,663,349.91 (+126,892.31) ; v2: 9,102,889.73 vs printed 9,102,807.73 (+82.00) ; v3: 7,663,888.79 vs printed 7,735,057.86 (-71,169.07) ; v4: 10,035,020.31 vs printed 10,031,099.78 (+3,920.53)"
2023,FY2023,LIBRARY,Community Compact - E-Permitting Grant,42,,FISCAL YEAR ENDING 6/30/23 ; FORWARD | TOTAL | TOTAL | BALANCE FWD ; PROGRAM NAME | 7/1/2022 | RECEIPTS | DISBURSEMENTS | 7/1/2023 ; GENERAL GOVERNMENT,200.00,,,200.00,,,2,,,,0,check failed,"v1: 8,790,242.22 vs printed 8,663,349.91 (+126,892.31) ; v2: 9,102,889.73 vs printed 9,102,807.73 (+82.00) ; v3: 7,663,888.79 vs printed 7,735,057.86 (-71,169.07) ; v4: 10,035,020.31 vs printed 10,031,099.78 (+3,920.53)"
2023,FY2023,LIBRARY,Technology Fee Revolving Fund,42,,FISCAL YEAR ENDING 6/30/23 ; FORWARD | TOTAL | TOTAL | BALANCE FWD ; PROGRAM NAME | 7/1/2022 | RECEIPTS | DISBURSEMENTS | 7/1/2023 ; GENERAL GOVERNMENT,0.00,20797.50,20797.50,0.00,,,4,,fund balances: forward + receipts - disbursements = carried forward,,0,check failed,"v1: 8,790,242.22 vs printed 8,663,349.91 (+126,892.31) ; v2: 9,102,889.73 vs printed 9,102,807.73 (+82.00) ; v3: 7,663,888.79 vs printed 7,735,057.86 (-71,169.07) ; v4: 10,035,020.31 vs printed 10,031,099.78 (+3,920.53)"
2023,FY2023,LIBRARY,Community Compact - Syber Security Grant,42,,FISCAL YEAR ENDING 6/30/23 ; FORWARD | TOTAL | TOTAL | BALANCE FWD ; PROGRAM NAME | 7/1/2022 | RECEIPTS | DISBURSEMENTS | 7/1/2023 ; GENERAL GOVERNMENT,50.00,,,50.00,,,2,,,,0,check failed,"v1: 8,790,242.22 vs printed 8,663,349.91 (+126,892.31) ; v2: 9,102,889.73 vs printed 9,102,807.73 (+82.00) ; v3: 7,663,888.79 vs printed 7,735,057.86 (-71,169.07) ; v4: 10,035,020.31 vs printed 10,031,099.78 (+3,920.53)"
2023,FY2023,LIBRARY,,42,,FISCAL YEAR ENDING 6/30/23 ; FORWARD | TOTAL | TOTAL | BALANCE FWD ; PROGRAM NAME | 7/1/2022 | RECEIPTS | DISBURSEMENTS | 7/1/2023 ; GENERAL GOVERNMENT,4.00,2.00,,,,,2,yes,,,0,check failed,"v1: 8,790,242.22 vs printed 8,663,349.91 (+126,892.31) ; v2: 9,102,889.73 vs printed 9,102,807.73 (+82.00) ; v3: 7,663,888.79 vs printed 7,735,057.86 (-71,169.07) ; v4: 10,035,020.31 vs printed 10,031,099.78 (+3,920.53)"
2023,FY2023,LIBRARY,Open Space Committee Gift Fund,43,,FISCAL YEAR ENDING 6/30/23 ; FORWARD | TOTAL | TOTAL | BALANCE FWD ; PROGRAM NAME | 7/1/2022 | RECEIPTS | DISBURSEMENTS | 7/1/2023 ; GENERAL GOVERNMENT,10000.00,0.00,0.00,10000.00,,,4,,fund balances: forward + receipts - disbursements = carried forward,,0,check failed,"v1: 8,790,242.22 vs printed 8,663,349.91 (+126,892.31) ; v2: 9,102,889.73 vs printed 9,102,807.73 (+82.00) ; v3: 7,663,888.79 vs printed 7,735,057.86 (-71,169.07) ; v4: 10,035,020.31 vs printed 10,031,099.78 (+3,920.53)"
2023,FY2023,LIBRARY,Old Primary School Hazardous Abatement,43,,FISCAL YEAR ENDING 6/30/23 ; FORWARD | TOTAL | TOTAL | BALANCE FWD ; PROGRAM NAME | 7/1/2022 | RECEIPTS | DISBURSEMENTS | 7/1/2023 ; GENERAL GOVERNMENT,-49990.00,,,-49990.00,,,2,,,,0,check failed,"v1: 8,790,242.22 vs printed 8,663,349.91 (+126,892.31) ; v2: 9,102,889.73 vs printed 9,102,807.73 (+82.00) ; v3: 7,663,888.79 vs printed 7,735,057.86 (-71,169.07) ; v4: 10,035,020.31 vs printed 10,031,099.78 (+3,920.53)"
2023,FY2023,LIBRARY,Winter Recovery Assistance Grant,43,,FISCAL YEAR ENDING 6/30/23 ; FORWARD | TOTAL | TOTAL | BALANCE FWD ; PROGRAM NAME | 7/1/2022 | RECEIPTS | DISBURSEMENTS | 7/1/2023 ; GENERAL GOVERNMENT,0.00,272678.78,71083.08,201595.70,,,4,,fund balances: forward + receipts - disbursements = carried forward,,0,check failed,"v1: 8,790,242.22 vs printed 8,663,349.91 (+126,892.31) ; v2: 9,102,889.73 vs printed 9,102,807.73 (+82.00) ; v3: 7,663,888.79 vs printed 7,735,057.86 (-71,169.07) ; v4: 10,035,020.31 vs printed 10,031,099.78 (+3,920.53)"
2023,FY2023,LIBRARY,Shared Streets and Spaces Grant,43,,FISCAL YEAR ENDING 6/30/23 ; FORWARD | TOTAL | TOTAL | BALANCE FWD ; PROGRAM NAME | 7/1/2022 | RECEIPTS | DISBURSEMENTS | 7/1/2023 ; GENERAL GOVERNMENT,0.00,6708.00,0.00,6708.00,,,4,,fund balances: forward + receipts - disbursements = carried forward,,0,check failed,"v1: 8,790,242.22 vs printed 8,663,349.91 (+126,892.31) ; v2: 9,102,889.73 vs printed 9,102,807.73 (+82.00) ; v3: 7,663,888.79 vs printed 7,735,057.86 (-71,169.07) ; v4: 10,035,020.31 vs printed 10,031,099.78 (+3,920.53)"
2023,FY2023,LIBRARY,Storm Water Asset Management,43,yes,FISCAL YEAR ENDING 6/30/23 ; FORWARD | TOTAL | TOTAL | BALANCE FWD ; PROGRAM NAME | 7/1/2022 | RECEIPTS | DISBURSEMENTS | 7/1/2023 ; GENERAL GOVERNMENT,0.00,78000.00,0.00,78000.00,,,4,,fund balances: forward + receipts - disbursements = carried forward,,0,check failed,"v1: 8,790,242.22 vs printed 8,663,349.91 (+126,892.31) ; v2: 9,102,889.73 vs printed 9,102,807.73 (+82.00) ; v3: 7,663,888.79 vs printed 7,735,057.86 (-71,169.07) ; v4: 10,035,020.31 vs printed 10,031,099.78 (+3,920.53)"
2023,FY2023,LIBRARY,FY23 #240,43,,FISCAL YEAR ENDING 6/30/23 ; FORWARD | TOTAL | TOTAL | BALANCE FWD ; PROGRAM NAME | 7/1/2022 | RECEIPTS | DISBURSEMENTS | 7/1/2023 ; GENERAL GOVERNMENT,0.00,84296.00,87913.50,-3617.50,,,4,,fund balances: forward + receipts - disbursements = carried forward,,0,check failed,"v1: 8,790,242.22 vs printed 8,663,349.91 (+126,892.31) ; v2: 9,102,889.73 vs printed 9,102,807.73 (+82.00) ; v3: 7,663,888.79 vs printed 7,735,057.86 (-71,169.07) ; v4: 10,035,020.31 vs printed 10,031,099.78 (+3,920.53)"
2023,FY2023,LIBRARY,FY23 #262,43,,FISCAL YEAR ENDING 6/30/23 ; FORWARD | TOTAL | TOTAL | BALANCE FWD ; PROGRAM NAME | 7/1/2022 | RECEIPTS | DISBURSEMENTS | 7/1/2023 ; GENERAL GOVERNMENT,0.00,13083.00,13083.00,0.00,,,4,,fund balances: forward + receipts - disbursements = carried forward,,0,check failed,"v1: 8,790,242.22 vs printed 8,663,349.91 (+126,892.31) ; v2: 9,102,889.73 vs printed 9,102,807.73 (+82.00) ; v3: 7,663,888.79 vs printed 7,735,057.86 (-71,169.07) ; v4: 10,035,020.31 vs printed 10,031,099.78 (+3,920.53)"
2023,FY2023,LIBRARY,FY23 #262,43,yes,FISCAL YEAR ENDING 6/30/23 ; FORWARD | TOTAL | TOTAL | BALANCE FWD ; PROGRAM NAME | 7/1/2022 | RECEIPTS | DISBURSEMENTS | 7/1/2023 ; GENERAL GOVERNMENT,0.00,6000.00,1998.11,4001.89,,,4,,fund balances: forward + receipts - disbursements = carried forward,,0,check failed,"v1: 8,790,242.22 vs printed 8,663,349.91 (+126,892.31) ; v2: 9,102,889.73 vs printed 9,102,807.73 (+82.00) ; v3: 7,663,888.79 vs printed 7,735,057.86 (-71,169.07) ; v4: 10,035,020.31 vs printed 10,031,099.78 (+3,920.53)"
2023,FY2023,LIBRARY,,43,,FISCAL YEAR ENDING 6/30/23 ; FORWARD | TOTAL | TOTAL | BALANCE FWD ; PROGRAM NAME | 7/1/2022 | RECEIPTS | DISBURSEMENTS | 7/1/2023 ; GENERAL GOVERNMENT,43.00,,,,,,1,,,,0,check failed,"v1: 8,790,242.22 vs printed 8,663,349.91 (+126,892.31) ; v2: 9,102,889.73 vs printed 9,102,807.73 (+82.00) ; v3: 7,663,888.79 vs printed 7,735,057.86 (-71,169.07) ; v4: 10,035,020.31 vs printed 10,031,099.78 (+3,920.53)"
2024,FY2024,,1300   REC LOST BOOKS,23,,"as of June 30, 2024 ; (Unaudited) ; Accounts | Deferred | Fund Balance | Receipts thru | Remaining Deficit ; Fund Name | Receivable | Revenue | 6/30/2024 | 9/30/2024 | BAN's | 6/30/2024",0.00,14099.37,,,,,2,,,,,no check,
2024,FY2024,,1301  CHAPT 658,23,,"as of June 30, 2024 ; (Unaudited) ; Accounts | Deferred | Fund Balance | Receipts thru | Remaining Deficit ; Fund Name | Receivable | Revenue | 6/30/2024 | 9/30/2024 | BAN's | 6/30/2024",0.00,11562.99,,,,,2,,,,,no check,
2024,FY2024,,1302  ADULT ED,23,yes,"as of June 30, 2024 ; (Unaudited) ; Accounts | Deferred | Fund Balance | Receipts thru | Remaining Deficit ; Fund Name | Receivable | Revenue | 6/30/2024 | 9/30/2024 | BAN's | 6/30/2024",0.00,11163.75,,,,,2,,subtotal: equals the 2 rows above it,,,no check,
2024,FY2024,,1303 SUMMER SCHOOL PROGRAM,23,,"as of June 30, 2024 ; (Unaudited) ; Accounts | Deferred | Fund Balance | Receipts thru | Remaining Deficit ; Fund Name | Receivable | Revenue | 6/30/2024 | 9/30/2024 | BAN's | 6/30/2024",0.00,340.00,,,,,2,,,,,no check,
2024,FY2024,,1305 AFTER SCHOOL ACTIVITY FUND,23,,"as of June 30, 2024 ; (Unaudited) ; Accounts | Deferred | Fund Balance | Receipts thru | Remaining Deficit ; Fund Name | Receivable | Revenue | 6/30/2024 | 9/30/2024 | BAN's | 6/30/2024",0.00,148503.63,,,,,2,,,,,no check,
2024,FY2024,,1306 SCHOOL FAC USE,23,yes,"as of June 30, 2024 ; (Unaudited) ; Accounts | Deferred | Fund Balance | Receipts thru | Remaining Deficit ; Fund Name | Receivable | Revenue | 6/30/2024 | 9/30/2024 | BAN's | 6/30/2024",0.00,3010.67,,,,,2,,subtotal: equals the 2 rows above it,,,no check,
2024,FY2024,,1308 SCHOOL CHOICE,23,,"as of June 30, 2024 ; (Unaudited) ; Accounts | Deferred | Fund Balance | Receipts thru | Remaining Deficit ; Fund Name | Receivable | Revenue | 6/30/2024 | 9/30/2024 | BAN's | 6/30/2024",0.00,147912.14,,,,,2,,,,,no check,
2024,FY2024,,1309  REC SCHOOL,23,,"as of June 30, 2024 ; (Unaudited) ; Accounts | Deferred | Fund Balance | Receipts thru | Remaining Deficit ; Fund Name | Receivable | Revenue | 6/30/2024 | 9/30/2024 | BAN's | 6/30/2024",,1298.66,,,,,1,,,,,no check,
2024,FY2024,,1310 GREENTHUMB REV,23,,"as of June 30, 2024 ; (Unaudited) ; Accounts | Deferred | Fund Balance | Receipts thru | Remaining Deficit ; Fund Name | Receivable | Revenue | 6/30/2024 | 9/30/2024 | BAN's | 6/30/2024",0.00,2372.77,,,,,2,,,,,no check,
2024,FY2024,,1311 SCHOOL GIFT,23,,"as of June 30, 2024 ; (Unaudited) ; Accounts | Deferred | Fund Balance | Receipts thru | Remaining Deficit ; Fund Name | Receivable | Revenue | 6/30/2024 | 9/30/2024 | BAN's | 6/30/2024",0.00,75310.41,,,,,2,,,,,no check,
2024,FY2024,,1312 EXTENDED DAY REVOLVING,23,yes,"as of June 30, 2024 ; (Unaudited) ; Accounts | Deferred | Fund Balance | Receipts thru | Remaining Deficit ; Fund Name | Receivable | Revenue | 6/30/2024 | 9/30/2024 | BAN's | 6/30/2024",0.00,183356.08,,,,,2,,subtotal: equals the 2 rows above it,,,no check,
2024,FY2024,,1314 VENDING MACHINE REVOLVING,23,,"as of June 30, 2024 ; (Unaudited) ; Accounts | Deferred | Fund Balance | Receipts thru | Remaining Deficit ; Fund Name | Receivable | Revenue | 6/30/2024 | 9/30/2024 | BAN's | 6/30/2024",0.00,1954.71,,,,,2,,,,,no check,
2024,FY2024,,1315 FAMILY NETWORK GIFT FUND,23,,"as of June 30, 2024 ; (Unaudited) ; Accounts | Deferred | Fund Balance | Receipts thru | Remaining Deficit ; Fund Name | Receivable | Revenue | 6/30/2024 | 9/30/2024 | BAN's | 6/30/2024",,2300.64,,,,,1,,,,,no check,
2024,FY2024,,1500   PARK REVOLVING,23,,"as of June 30, 2024 ; (Unaudited) ; Accounts | Deferred | Fund Balance | Receipts thru | Remaining Deficit ; Fund Name | Receivable | Revenue | 6/30/2024 | 9/30/2024 | BAN's | 6/30/2024",,72564.34,,,,,1,,,,,no check,
2024,FY2024,,1501   HIGHWAY INSURANCE REC,23,,"as of June 30, 2024 ; (Unaudited) ; Accounts | Deferred | Fund Balance | Receipts thru | Remaining Deficit ; Fund Name | Receivable | Revenue | 6/30/2024 | 9/30/2024 | BAN's | 6/30/2024",,-5126.68,,,,,1,,,,,no check,
2024,FY2024,,1502  INS. RECOVERIES,23,,"as of June 30, 2024 ; (Unaudited) ; Accounts | Deferred | Fund Balance | Receipts thru | Remaining Deficit ; Fund Name | Receivable | Revenue | 6/30/2024 | 9/30/2024 | BAN's | 6/30/2024",,5537.57,,,,,1,,,,,no check,
2024,FY2024,,1503   POLICE RECOVERY,23,,"as of June 30, 2024 ; (Unaudited) ; Accounts | Deferred | Fund Balance | Receipts thru | Remaining Deficit ; Fund Name | Receivable | Revenue | 6/30/2024 | 9/30/2024 | BAN's | 6/30/2024",,60334.23,,,,,1,,,,,no check,
2024,FY2024,,1504   LIBRARY REVOLVING,23,,"as of June 30, 2024 ; (Unaudited) ; Accounts | Deferred | Fund Balance | Receipts thru | Remaining Deficit ; Fund Name | Receivable | Revenue | 6/30/2024 | 9/30/2024 | BAN's | 6/30/2024",,6841.48,,,,,1,,,,,no check,
2024,FY2024,,1506   COASTAL/PATRIOT REVOLVING,23,,"as of June 30, 2024 ; (Unaudited) ; Accounts | Deferred | Fund Balance | Receipts thru | Remaining Deficit ; Fund Name | Receivable | Revenue | 6/30/2024 | 9/30/2024 | BAN's | 6/30/2024",,579.06,,,,,1,,,,,no check,
2024,FY2024,,1507   CONSERVATION CONSULTANT REV,23,,"as of June 30, 2024 ; (Unaudited) ; Accounts | Deferred | Fund Balance | Receipts thru | Remaining Deficit ; Fund Name | Receivable | Revenue | 6/30/2024 | 9/30/2024 | BAN's | 6/30/2024",,120.50,,,,,1,,,,,no check,
2024,FY2024,,1508   DRUG FORFEITURE - STATE,23,,"as of June 30, 2024 ; (Unaudited) ; Accounts | Deferred | Fund Balance | Receipts thru | Remaining Deficit ; Fund Name | Receivable | Revenue | 6/30/2024 | 9/30/2024 | BAN's | 6/30/2024",,1720.52,,,,,1,,,,,no check,
2024,FY2024,,1511   LIBRARY GIFT FUND,23,,"as of June 30, 2024 ; (Unaudited) ; Accounts | Deferred | Fund Balance | Receipts thru | Remaining Deficit ; Fund Name | Receivable | Revenue | 6/30/2024 | 9/30/2024 | BAN's | 6/30/2024",,29060.04,,,,,1,,,,,no check,
2024,FY2024,,1513   SCHOLARSHIP FUND,23,,"as of June 30, 2024 ; (Unaudited) ; Accounts | Deferred | Fund Balance | Receipts thru | Remaining Deficit ; Fund Name | Receivable | Revenue | 6/30/2024 | 9/30/2024 | BAN's | 6/30/2024",,232.26,,,,,1,,,,,no check,
2024,FY2024,,1515   BELL TOWER MTC FUND,23,,"as of June 30, 2024 ; (Unaudited) ; Accounts | Deferred | Fund Balance | Receipts thru | Remaining Deficit ; Fund Name | Receivable | Revenue | 6/30/2024 | 9/30/2024 | BAN's | 6/30/2024",,2556.37,,,,,1,,,,,no check,
2024,FY2024,,1516   POLICE GIFT FUND,23,,"as of June 30, 2024 ; (Unaudited) ; Accounts | Deferred | Fund Balance | Receipts thru | Remaining Deficit ; Fund Name | Receivable | Revenue | 6/30/2024 | 9/30/2024 | BAN's | 6/30/2024",,4439.10,,,,,1,,,,,no check,
2024,FY2024,,1517   PUBLIC SAFETY GIFT FUND,23,,"as of June 30, 2024 ; (Unaudited) ; Accounts | Deferred | Fund Balance | Receipts thru | Remaining Deficit ; Fund Name | Receivable | Revenue | 6/30/2024 | 9/30/2024 | BAN's | 6/30/2024",,204.62,,,,,1,,,,,no check,
2024,FY2024,,1518 ELDERLY/DISABLED FUND,23,,"as of June 30, 2024 ; (Unaudited) ; Accounts | Deferred | Fund Balance | Receipts thru | Remaining Deficit ; Fund Name | Receivable | Revenue | 6/30/2024 | 9/30/2024 | BAN's | 6/30/2024",,2487.14,,,,,1,,,,,no check,
2024,FY2024,,1519  HOLLIS RD REVOLVING,23,,"as of June 30, 2024 ; (Unaudited) ; Accounts | Deferred | Fund Balance | Receipts thru | Remaining Deficit ; Fund Name | Receivable | Revenue | 6/30/2024 | 9/30/2024 | BAN's | 6/30/2024",,36477.48,,,,,1,,,,,no check,
2024,FY2024,,1520   TOWN RECORDS GIFT,23,,"as of June 30, 2024 ; (Unaudited) ; Accounts | Deferred | Fund Balance | Receipts thru | Remaining Deficit ; Fund Name | Receivable | Revenue | 6/30/2024 | 9/30/2024 | BAN's | 6/30/2024",,252.35,,,,,1,,,,,no check,
2024,FY2024,,1521   HISTORICAL COMM,23,,"as of June 30, 2024 ; (Unaudited) ; Accounts | Deferred | Fund Balance | Receipts thru | Remaining Deficit ; Fund Name | Receivable | Revenue | 6/30/2024 | 9/30/2024 | BAN's | 6/30/2024",,137.36,,,,,1,,,,,no check,
2024,FY2024,,1522  HAZARDOUS WASTE,23,,"as of June 30, 2024 ; (Unaudited) ; Accounts | Deferred | Fund Balance | Receipts thru | Remaining Deficit ; Fund Name | Receivable | Revenue | 6/30/2024 | 9/30/2024 | BAN's | 6/30/2024",,768.76,,,,,1,,,,,no check,
2024,FY2024,,1523   PARK GIFT FUND,23,,"as of June 30, 2024 ; (Unaudited) ; Accounts | Deferred | Fund Balance | Receipts thru | Remaining Deficit ; Fund Name | Receivable | Revenue | 6/30/2024 | 9/30/2024 | BAN's | 6/30/2024",,752.00,,,,,1,,,,,no check,
2024,FY2024,,1524   SEWER GIFT FUND,23,,"as of June 30, 2024 ; (Unaudited) ; Accounts | Deferred | Fund Balance | Receipts thru | Remaining Deficit ; Fund Name | Receivable | Revenue | 6/30/2024 | 9/30/2024 | BAN's | 6/30/2024",,387.09,,,,,1,,,,,no check,
2024,FY2024,,1525  CONSERVATION GIFT FUND,23,,"as of June 30, 2024 ; (Unaudited) ; Accounts | Deferred | Fund Balance | Receipts thru | Remaining Deficit ; Fund Name | Receivable | Revenue | 6/30/2024 | 9/30/2024 | BAN's | 6/30/2024",,148.00,,,,,1,,,,,no check,
2024,FY2024,,1526 CONSERVATION FUND,23,,"as of June 30, 2024 ; (Unaudited) ; Accounts | Deferred | Fund Balance | Receipts thru | Remaining Deficit ; Fund Name | Receivable | Revenue | 6/30/2024 | 9/30/2024 | BAN's | 6/30/2024",,319.59,,,,,1,,,,,no check,
2024,FY2024,,1527 ZONING BD CONSULTANT REV,23,,"as of June 30, 2024 ; (Unaudited) ; Accounts | Deferred | Fund Balance | Receipts thru | Remaining Deficit ; Fund Name | Receivable | Revenue | 6/30/2024 | 9/30/2024 | BAN's | 6/30/2024",,14621.79,,,,,1,,,,,no check,
2024,FY2024,,1528   COUNCIL ON AGING GIFT FUND,23,,"as of June 30, 2024 ; (Unaudited) ; Accounts | Deferred | Fund Balance | Receipts thru | Remaining Deficit ; Fund Name | Receivable | Revenue | 6/30/2024 | 9/30/2024 | BAN's | 6/30/2024",,8900.23,,,,,1,,,,,no check,
2024,FY2024,,1529   SKATE PARK GIFT FUND,23,,"as of June 30, 2024 ; (Unaudited) ; Accounts | Deferred | Fund Balance | Receipts thru | Remaining Deficit ; Fund Name | Receivable | Revenue | 6/30/2024 | 9/30/2024 | BAN's | 6/30/2024",,197.00,,,,,1,,,,,no check,
2024,FY2024,,1530   WGHTS/MEASURES CITATION FUND,23,,"as of June 30, 2024 ; (Unaudited) ; Accounts | Deferred | Fund Balance | Receipts thru | Remaining Deficit ; Fund Name | Receivable | Revenue | 6/30/2024 | 9/30/2024 | BAN's | 6/30/2024",,400.00,,,,,1,,,,,no check,
2024,FY2024,,1531   SALE OF REAL ESTATE REVOLVING,23,,"as of June 30, 2024 ; (Unaudited) ; Accounts | Deferred | Fund Balance | Receipts thru | Remaining Deficit ; Fund Name | Receivable | Revenue | 6/30/2024 | 9/30/2024 | BAN's | 6/30/2024",,43175.00,,,,,1,,,,,no check,
2024,FY2024,,1532   MARSHALL PARK RESTORATION FUND,23,,"as of June 30, 2024 ; (Unaudited) ; Accounts | Deferred | Fund Balance | Receipts thru | Remaining Deficit ; Fund Name | Receivable | Revenue | 6/30/2024 | 9/30/2024 | BAN's | 6/30/2024",,125.00,,,,,1,,,,,no check,
2024,FY2024,,1533   CITIZENS RELIEF FUND,23,,"as of June 30, 2024 ; (Unaudited) ; Accounts | Deferred | Fund Balance | Receipts thru | Remaining Deficit ; Fund Name | Receivable | Revenue | 6/30/2024 | 9/30/2024 | BAN's | 6/30/2024",,200.00,,,,,1,,,,,no check,
2024,FY2024,,1534   DEBRIS REMOVAL GIFT FUND,23,,"as of June 30, 2024 ; (Unaudited) ; Accounts | Deferred | Fund Balance | Receipts thru | Remaining Deficit ; Fund Name | Receivable | Revenue | 6/30/2024 | 9/30/2024 | BAN's | 6/30/2024",,676.00,,,,,1,,,,,no check,
2024,FY2024,,1535   RECYCLING OUTREACH FUND,23,,"as of June 30, 2024 ; (Unaudited) ; Accounts | Deferred | Fund Balance | Receipts thru | Remaining Deficit ; Fund Name | Receivable | Revenue | 6/30/2024 | 9/30/2024 | BAN's | 6/30/2024",,24246.61,,,,,1,,,,,no check,
2024,FY2024,,1536   DPW ROADS GIFT FUND,23,,"as of June 30, 2024 ; (Unaudited) ; Accounts | Deferred | Fund Balance | Receipts thru | Remaining Deficit ; Fund Name | Receivable | Revenue | 6/30/2024 | 9/30/2024 | BAN's | 6/30/2024",,3330.00,,,,,1,,,,,no check,
2024,FY2024,,1537   GENERAL GOVERNMENT GIFT FUND,23,,"as of June 30, 2024 ; (Unaudited) ; Accounts | Deferred | Fund Balance | Receipts thru | Remaining Deficit ; Fund Name | Receivable | Revenue | 6/30/2024 | 9/30/2024 | BAN's | 6/30/2024",,1110.00,,,,,1,,,,,no check,
2024,FY2024,,1538   FEDERAL DRUG FORFEITURE,23,,"as of June 30, 2024 ; (Unaudited) ; Accounts | Deferred | Fund Balance | Receipts thru | Remaining Deficit ; Fund Name | Receivable | Revenue | 6/30/2024 | 9/30/2024 | BAN's | 6/30/2024",,42619.42,,,,,1,,,,,no check,
2024,FY2024,,1539  TOWN FACILITIES USE ACCOUNT,23,,"as of June 30, 2024 ; (Unaudited) ; Accounts | Deferred | Fund Balance | Receipts thru | Remaining Deficit ; Fund Name | Receivable | Revenue | 6/30/2024 | 9/30/2024 | BAN's | 6/30/2024",,1278.01,,,,,1,,,,,no check,
2024,FY2024,,1540 BOND PREMIUM RESERVED FOR CAPITAL,23,,"as of June 30, 2024 ; (Unaudited) ; Accounts | Deferred | Fund Balance | Receipts thru | Remaining Deficit ; Fund Name | Receivable | Revenue | 6/30/2024 | 9/30/2024 | BAN's | 6/30/2024",,3543.11,,,,,1,,,,,no check,
2024,FY2024,,1541  SWTF BARRELS/BINS REVOLVING,23,,"as of June 30, 2024 ; (Unaudited) ; Accounts | Deferred | Fund Balance | Receipts thru | Remaining Deficit ; Fund Name | Receivable | Revenue | 6/30/2024 | 9/30/2024 | BAN's | 6/30/2024",,2408.00,,,,,1,,,,,no check,
2024,FY2024,,1542 INSPECTOR'S REVOLVING FUND,23,,"as of June 30, 2024 ; (Unaudited) ; Accounts | Deferred | Fund Balance | Receipts thru | Remaining Deficit ; Fund Name | Receivable | Revenue | 6/30/2024 | 9/30/2024 | BAN's | 6/30/2024",,6972.88,,,,,1,,,,,no check,
2024,FY2024,,1543  TIMBER RIGHTS REVOLVING,23,,"as of June 30, 2024 ; (Unaudited) ; Accounts | Deferred | Fund Balance | Receipts thru | Remaining Deficit ; Fund Name | Receivable | Revenue | 6/30/2024 | 9/30/2024 | BAN's | 6/30/2024",,17548.32,,,,,1,,,,,no check,
2024,FY2024,,1544 TECHNOLOGY FEE REVOLVING,23,,"as of June 30, 2024 ; (Unaudited) ; Accounts | Deferred | Fund Balance | Receipts thru | Remaining Deficit ; Fund Name | Receivable | Revenue | 6/30/2024 | 9/30/2024 | BAN's | 6/30/2024",,22788.89,,,,,1,,,,,no check,
2024,FY2024,,1545 ARTIFICIAL TURF REVOLVING,23,,"as of June 30, 2024 ; (Unaudited) ; Accounts | Deferred | Fund Balance | Receipts thru | Remaining Deficit ; Fund Name | Receivable | Revenue | 6/30/2024 | 9/30/2024 | BAN's | 6/30/2024",,59321.73,,,,,1,,,,,no check,
2024,FY2024,,1546 INTERFACE REFERRAL GIFT FUND,23,,"as of June 30, 2024 ; (Unaudited) ; Accounts | Deferred | Fund Balance | Receipts thru | Remaining Deficit ; Fund Name | Receivable | Revenue | 6/30/2024 | 9/30/2024 | BAN's | 6/30/2024",,3295.00,,,,,1,,,,,no check,
2024,FY2024,,1547 TNC PER RIDE ASSESSMENT FUND,23,,"as of June 30, 2024 ; (Unaudited) ; Accounts | Deferred | Fund Balance | Receipts thru | Remaining Deficit ; Fund Name | Receivable | Revenue | 6/30/2024 | 9/30/2024 | BAN's | 6/30/2024",,4152.00,,,,,1,,,,,no check,
2024,FY2024,,1548 LUNENBURG CEMETERY GIFT FUND,23,,"as of June 30, 2024 ; (Unaudited) ; Accounts | Deferred | Fund Balance | Receipts thru | Remaining Deficit ; Fund Name | Receivable | Revenue | 6/30/2024 | 9/30/2024 | BAN's | 6/30/2024",,209.39,,,,,1,,,,,no check,
2024,FY2024,,,23,,"as of June 30, 2024 ; (Unaudited) ; Accounts | Deferred | Fund Balance | Receipts thru | Remaining Deficit ; Fund Name | Receivable | Revenue | 6/30/2024 | 9/30/2024 | BAN's | 6/30/2024",23.00,,,,,,1,,,,,no check,
2024,FY2024,,1550    OPEN SPACE COMMITTEE GIFT FUND,24,,"as of June 30, 2024 ; (Unaudited) ; Accounts | Deferred | Fund Balance | Receipts thru | Remaining Deficit ; Fund Name | Receivable | Revenue | 6/30/2024 | 9/30/2024 | BAN's | 6/30/2024",0.00,10000.00,0.00,,,,3,,one cell missing; derivable from the row itself,"v4 = 10,000.00, from this fund's own other three columns",,no check,
2024,FY2024,,1551  300th ANNIVERSARY FUND,24,,"as of June 30, 2024 ; (Unaudited) ; Accounts | Deferred | Fund Balance | Receipts thru | Remaining Deficit ; Fund Name | Receivable | Revenue | 6/30/2024 | 9/30/2024 | BAN's | 6/30/2024",0.00,5000.00,0.00,,,,3,,one cell missing; derivable from the row itself,"v4 = 5,000.00, from this fund's own other three columns",,no check,
2024,FY2024,,1552  LUNENBURG TOWN BAND GIFT FUND,24,yes,"as of June 30, 2024 ; (Unaudited) ; Accounts | Deferred | Fund Balance | Receipts thru | Remaining Deficit ; Fund Name | Receivable | Revenue | 6/30/2024 | 9/30/2024 | BAN's | 6/30/2024",0.00,5000.00,0.00,,,,3,,subtotal: equals the 2 rows above it,,,no check,
2024,FY2024,,2200  LUNCH REV,24,,"as of June 30, 2024 ; (Unaudited) ; Accounts | Deferred | Fund Balance | Receipts thru | Remaining Deficit ; Fund Name | Receivable | Revenue | 6/30/2024 | 9/30/2024 | BAN's | 6/30/2024",0.00,437584.39,0.00,,,,3,,one cell missing; derivable from the row itself,"v4 = 437,584.39, from this fund's own other three columns",,no check,
2024,FY2024,,2300  HIGHWAY FUNDS (CH 90),24,,"as of June 30, 2024 ; (Unaudited) ; Accounts | Deferred | Fund Balance | Receipts thru | Remaining Deficit ; Fund Name | Receivable | Revenue | 6/30/2024 | 9/30/2024 | BAN's | 6/30/2024",0.00,-656482.78,0.00,,,,3,yes,one cell missing; derivable from the row itself,"v4 = -656,482.78, from this fund's own other three columns",,no check,
2024,FY2024,,2301  CHAPTER 204 OF 1996,24,yes,"as of June 30, 2024 ; (Unaudited) ; Accounts | Deferred | Fund Balance | Receipts thru | Remaining Deficit ; Fund Name | Receivable | Revenue | 6/30/2024 | 9/30/2024 | BAN's | 6/30/2024",0.00,0.11,0.00,,,,3,,subtotal: equals the 2 rows above it,,,no check,
2024,FY2024,,2303   DEP PAY AS YOU THROW,24,,"as of June 30, 2024 ; (Unaudited) ; Accounts | Deferred | Fund Balance | Receipts thru | Remaining Deficit ; Fund Name | Receivable | Revenue | 6/30/2024 | 9/30/2024 | BAN's | 6/30/2024",0.00,4720.43,,,,,2,,,,,no check,
2024,FY2024,,2305   WINTER RECOVERY ASSISTANCE PROGRAM,24,,"as of June 30, 2024 ; (Unaudited) ; Accounts | Deferred | Fund Balance | Receipts thru | Remaining Deficit ; Fund Name | Receivable | Revenue | 6/30/2024 | 9/30/2024 | BAN's | 6/30/2024",0.00,44874.59,,,,,2,,,,,no check,
2024,FY2024,,2306   FAIR SHARE AMENDMENT,24,,"as of June 30, 2024 ; (Unaudited) ; Accounts | Deferred | Fund Balance | Receipts thru | Remaining Deficit ; Fund Name | Receivable | Revenue | 6/30/2024 | 9/30/2024 | BAN's | 6/30/2024",,240503.00,,,,,1,,,,,no check,
2024,FY2024,,2353   GHSB CLICK IT OR TICKET,24,,"as of June 30, 2024 ; (Unaudited) ; Accounts | Deferred | Fund Balance | Receipts thru | Remaining Deficit ; Fund Name | Receivable | Revenue | 6/30/2024 | 9/30/2024 | BAN's | 6/30/2024",0.00,-1759.63,,,,,2,yes,,,,no check,
2024,FY2024,,2355   COMMUNITY POLICING FY02,24,,"as of June 30, 2024 ; (Unaudited) ; Accounts | Deferred | Fund Balance | Receipts thru | Remaining Deficit ; Fund Name | Receivable | Revenue | 6/30/2024 | 9/30/2024 | BAN's | 6/30/2024",0.00,1654.15,,,,,2,,,,,no check,
2024,FY2024,,2356  COMMUNITY POLICING FY 96/97/98,24,,"as of June 30, 2024 ; (Unaudited) ; Accounts | Deferred | Fund Balance | Receipts thru | Remaining Deficit ; Fund Name | Receivable | Revenue | 6/30/2024 | 9/30/2024 | BAN's | 6/30/2024",,9.18,,,,,1,,,,,no check,
2024,FY2024,,2357  DARE/DAREI GRANT FY 97,24,,"as of June 30, 2024 ; (Unaudited) ; Accounts | Deferred | Fund Balance | Receipts thru | Remaining Deficit ; Fund Name | Receivable | Revenue | 6/30/2024 | 9/30/2024 | BAN's | 6/30/2024",,35.10,,,,,1,,,,,no check,
2024,FY2024,,2359   COMMUNITY POLICING FY05,24,,"as of June 30, 2024 ; (Unaudited) ; Accounts | Deferred | Fund Balance | Receipts thru | Remaining Deficit ; Fund Name | Receivable | Revenue | 6/30/2024 | 9/30/2024 | BAN's | 6/30/2024",,108.11,,,,,1,,,,,no check,
2024,FY2024,,2361    COMMUNITY POLICING FYO7,24,,"as of June 30, 2024 ; (Unaudited) ; Accounts | Deferred | Fund Balance | Receipts thru | Remaining Deficit ; Fund Name | Receivable | Revenue | 6/30/2024 | 9/30/2024 | BAN's | 6/30/2024",,180.44,,,,,1,,,,,no check,
2024,FY2024,,2362   COMMUNITY POLICING FY08,24,,"as of June 30, 2024 ; (Unaudited) ; Accounts | Deferred | Fund Balance | Receipts thru | Remaining Deficit ; Fund Name | Receivable | Revenue | 6/30/2024 | 9/30/2024 | BAN's | 6/30/2024",,275.47,,,,,1,,,,,no check,
2024,FY2024,,2363   COMMUNITY POLICING FYO9,24,,"as of June 30, 2024 ; (Unaudited) ; Accounts | Deferred | Fund Balance | Receipts thru | Remaining Deficit ; Fund Name | Receivable | Revenue | 6/30/2024 | 9/30/2024 | BAN's | 6/30/2024",,72.95,,,,,1,,,,,no check,
2024,FY2024,,2367   MUNICIPAL ROAD SAFETY GRANT,24,,"as of June 30, 2024 ; (Unaudited) ; Accounts | Deferred | Fund Balance | Receipts thru | Remaining Deficit ; Fund Name | Receivable | Revenue | 6/30/2024 | 9/30/2024 | BAN's | 6/30/2024",,776.32,,,,,1,,,,,no check,
2024,FY2024,,2404   FIREFIGHTER SAFETY EQUIPMENT,24,,"as of June 30, 2024 ; (Unaudited) ; Accounts | Deferred | Fund Balance | Receipts thru | Remaining Deficit ; Fund Name | Receivable | Revenue | 6/30/2024 | 9/30/2024 | BAN's | 6/30/2024",0.00,9.84,,,,,2,,,,,no check,
2024,FY2024,,2404   FIREFIGHTER PS EQUIP GRANT,24,,"as of June 30, 2024 ; (Unaudited) ; Accounts | Deferred | Fund Balance | Receipts thru | Remaining Deficit ; Fund Name | Receivable | Revenue | 6/30/2024 | 9/30/2024 | BAN's | 6/30/2024",0.00,30.00,,,,,2,,,,,no check,
2024,FY2024,,2405   FIREFIGHTING EQUIP GRANT,24,yes,"as of June 30, 2024 ; (Unaudited) ; Accounts | Deferred | Fund Balance | Receipts thru | Remaining Deficit ; Fund Name | Receivable | Revenue | 6/30/2024 | 9/30/2024 | BAN's | 6/30/2024",0.00,419.60,,,,,2,,subtotal: equals the 2 rows above it,,,no check,
2024,FY2024,,2408   FYO9 STATE 911 GRANT - FIRE,24,,"as of June 30, 2024 ; (Unaudited) ; Accounts | Deferred | Fund Balance | Receipts thru | Remaining Deficit ; Fund Name | Receivable | Revenue | 6/30/2024 | 9/30/2024 | BAN's | 6/30/2024",,7.00,,,,,1,,,,,no check,
2024,FY2024,,2413   F.F. SAFETY EQUIPMENT GRANT,24,,"as of June 30, 2024 ; (Unaudited) ; Accounts | Deferred | Fund Balance | Receipts thru | Remaining Deficit ; Fund Name | Receivable | Revenue | 6/30/2024 | 9/30/2024 | BAN's | 6/30/2024",,-18285.62,18853.60,,,,2,,,,,no check,
2024,FY2024,,2450   COA FORMULA GRANT,24,,"as of June 30, 2024 ; (Unaudited) ; Accounts | Deferred | Fund Balance | Receipts thru | Remaining Deficit ; Fund Name | Receivable | Revenue | 6/30/2024 | 9/30/2024 | BAN's | 6/30/2024",,13157.83,,,,,1,,,,,no check,
2024,FY2024,,2451   STATE AID LIBRARIES,24,,"as of June 30, 2024 ; (Unaudited) ; Accounts | Deferred | Fund Balance | Receipts thru | Remaining Deficit ; Fund Name | Receivable | Revenue | 6/30/2024 | 9/30/2024 | BAN's | 6/30/2024",,95848.50,,,,,1,,,,,no check,
2024,FY2024,,2453    WPAT SEPTIC RECTS RESERVED,24,,"as of June 30, 2024 ; (Unaudited) ; Accounts | Deferred | Fund Balance | Receipts thru | Remaining Deficit ; Fund Name | Receivable | Revenue | 6/30/2024 | 9/30/2024 | BAN's | 6/30/2024",,36490.59,,,,,1,,,,,no check,
2024,FY2024,,2454   MASS HISTORICAL COMM GRANT,24,,"as of June 30, 2024 ; (Unaudited) ; Accounts | Deferred | Fund Balance | Receipts thru | Remaining Deficit ; Fund Name | Receivable | Revenue | 6/30/2024 | 9/30/2024 | BAN's | 6/30/2024",0.00,4150.00,,,,,2,,,,,no check,
2024,FY2024,,2457   PUBLIC LIBRARIES FUND,24,,"as of June 30, 2024 ; (Unaudited) ; Accounts | Deferred | Fund Balance | Receipts thru | Remaining Deficit ; Fund Name | Receivable | Revenue | 6/30/2024 | 9/30/2024 | BAN's | 6/30/2024",0.00,571.17,,,,,2,,,,,no check,
2024,FY2024,,2463   RECYCLING DIVIDENDS PROGRAM GRANT,24,,"as of June 30, 2024 ; (Unaudited) ; Accounts | Deferred | Fund Balance | Receipts thru | Remaining Deficit ; Fund Name | Receivable | Revenue | 6/30/2024 | 9/30/2024 | BAN's | 6/30/2024",,7491.13,,,,,1,,,,,no check,
2024,FY2024,,2466   COMM COMPACT E-PERMITTING GRANT,24,,"as of June 30, 2024 ; (Unaudited) ; Accounts | Deferred | Fund Balance | Receipts thru | Remaining Deficit ; Fund Name | Receivable | Revenue | 6/30/2024 | 9/30/2024 | BAN's | 6/30/2024",,200.00,,,,,1,,,,,no check,
2024,FY2024,,2469   COMM COMPACT SYBER SECURITY ASSESSMENT,24,,"as of June 30, 2024 ; (Unaudited) ; Accounts | Deferred | Fund Balance | Receipts thru | Remaining Deficit ; Fund Name | Receivable | Revenue | 6/30/2024 | 9/30/2024 | BAN's | 6/30/2024",,50.00,,,,,1,,,,,no check,
2024,FY2024,,2483   STATE EARMARKS,24,,"as of June 30, 2024 ; (Unaudited) ; Accounts | Deferred | Fund Balance | Receipts thru | Remaining Deficit ; Fund Name | Receivable | Revenue | 6/30/2024 | 9/30/2024 | BAN's | 6/30/2024",,5804.77,,,,,1,,,,,no check,
2024,FY2024,,2485   EOEA HANDICAP PUSH BUTTON DOOR,24,,"as of June 30, 2024 ; (Unaudited) ; Accounts | Deferred | Fund Balance | Receipts thru | Remaining Deficit ; Fund Name | Receivable | Revenue | 6/30/2024 | 9/30/2024 | BAN's | 6/30/2024",,-2898.00,2898.00,,,,2,,,,,no check,
2024,FY2024,,2486   FY24 BRIDGE ASSET MANAGEMENT,24,,"as of June 30, 2024 ; (Unaudited) ; Accounts | Deferred | Fund Balance | Receipts thru | Remaining Deficit ; Fund Name | Receivable | Revenue | 6/30/2024 | 9/30/2024 | BAN's | 6/30/2024",,3916.25,,,,,1,,,,,no check,
2024,FY2024,,2526   COPS UNIVERSAL HIRING,24,,"as of June 30, 2024 ; (Unaudited) ; Accounts | Deferred | Fund Balance | Receipts thru | Remaining Deficit ; Fund Name | Receivable | Revenue | 6/30/2024 | 9/30/2024 | BAN's | 6/30/2024",,1289.84,,,,,1,,,,,no check,
2024,FY2024,,2531   COPS SECURE OUR SCHOOLS,24,,"as of June 30, 2024 ; (Unaudited) ; Accounts | Deferred | Fund Balance | Receipts thru | Remaining Deficit ; Fund Name | Receivable | Revenue | 6/30/2024 | 9/30/2024 | BAN's | 6/30/2024",,0.82,,,,,1,,,,,no check,
2024,FY2024,,2532   EMPG GRANT,24,,"as of June 30, 2024 ; (Unaudited) ; Accounts | Deferred | Fund Balance | Receipts thru | Remaining Deficit ; Fund Name | Receivable | Revenue | 6/30/2024 | 9/30/2024 | BAN's | 6/30/2024",,102.03,,,,,1,,,,,no check,
2024,FY2024,,2533   PROTECT ORDER GRANT PROGRAM,24,,"as of June 30, 2024 ; (Unaudited) ; Accounts | Deferred | Fund Balance | Receipts thru | Remaining Deficit ; Fund Name | Receivable | Revenue | 6/30/2024 | 9/30/2024 | BAN's | 6/30/2024",0.00,135.15,,,,,2,,,,,no check,
2024,FY2024,,2535  FY24 LC LCC 1991A,24,,"as of June 30, 2024 ; (Unaudited) ; Accounts | Deferred | Fund Balance | Receipts thru | Remaining Deficit ; Fund Name | Receivable | Revenue | 6/30/2024 | 9/30/2024 | BAN's | 6/30/2024",0.00,,,,,,1,,,,,no check,
2024,FY2024,,2553 CONFINED SPACE TRAINING,24,,"as of June 30, 2024 ; (Unaudited) ; Accounts | Deferred | Fund Balance | Receipts thru | Remaining Deficit ; Fund Name | Receivable | Revenue | 6/30/2024 | 9/30/2024 | BAN's | 6/30/2024",,1956.77,,,,,1,,,,,no check,
2024,FY2024,,2572 CDBG SEWER HOOKUP GRANT,24,,"as of June 30, 2024 ; (Unaudited) ; Accounts | Deferred | Fund Balance | Receipts thru | Remaining Deficit ; Fund Name | Receivable | Revenue | 6/30/2024 | 9/30/2024 | BAN's | 6/30/2024",,0.60,,,,,1,,,,,no check,
2024,FY2024,,2573 EOCD SENIOR CTR GRANT,24,,"as of June 30, 2024 ; (Unaudited) ; Accounts | Deferred | Fund Balance | Receipts thru | Remaining Deficit ; Fund Name | Receivable | Revenue | 6/30/2024 | 9/30/2024 | BAN's | 6/30/2024",,1738.60,,,,,1,,,,,no check,
2024,FY2024,,2574  REPAYMENTS SEWER HOOKUP,24,,"as of June 30, 2024 ; (Unaudited) ; Accounts | Deferred | Fund Balance | Receipts thru | Remaining Deficit ; Fund Name | Receivable | Revenue | 6/30/2024 | 9/30/2024 | BAN's | 6/30/2024",,9222.00,,,,,1,,,,,no check,
2024,FY2024,,2575 EOCD SEPTIC I GRANT,24,,"as of June 30, 2024 ; (Unaudited) ; Accounts | Deferred | Fund Balance | Receipts thru | Remaining Deficit ; Fund Name | Receivable | Revenue | 6/30/2024 | 9/30/2024 | BAN's | 6/30/2024",,111944.22,,,,,1,,,,,no check,
2024,FY2024,,2576 MWPAT SEPTIC REPAIR,24,,"as of June 30, 2024 ; (Unaudited) ; Accounts | Deferred | Fund Balance | Receipts thru | Remaining Deficit ; Fund Name | Receivable | Revenue | 6/30/2024 | 9/30/2024 | BAN's | 6/30/2024",,4079.03,,,,,1,,,,,no check,
2024,FY2024,,2580 LIBRARY SERVICE/TECH GRANT,24,,"as of June 30, 2024 ; (Unaudited) ; Accounts | Deferred | Fund Balance | Receipts thru | Remaining Deficit ; Fund Name | Receivable | Revenue | 6/30/2024 | 9/30/2024 | BAN's | 6/30/2024",,-257.31,0.00,,,,2,yes,,,,no check,
2024,FY2024,,2582 EECBG ENERGY EFFICIENCY GRANT,24,,"as of June 30, 2024 ; (Unaudited) ; Accounts | Deferred | Fund Balance | Receipts thru | Remaining Deficit ; Fund Name | Receivable | Revenue | 6/30/2024 | 9/30/2024 | BAN's | 6/30/2024",,307.41,0.00,,,,2,,,,,no check,
2024,FY2024,,2583  GREEN COMMUNITIES GRANT,24,,"as of June 30, 2024 ; (Unaudited) ; Accounts | Deferred | Fund Balance | Receipts thru | Remaining Deficit ; Fund Name | Receivable | Revenue | 6/30/2024 | 9/30/2024 | BAN's | 6/30/2024",,452.13,0.00,,,,2,,,,,no check,
2024,FY2024,,2584 FY19 GREEN COMMUNITIES GRANT,24,,"as of June 30, 2024 ; (Unaudited) ; Accounts | Deferred | Fund Balance | Receipts thru | Remaining Deficit ; Fund Name | Receivable | Revenue | 6/30/2024 | 9/30/2024 | BAN's | 6/30/2024",,443.82,0.00,,,,2,,,,,no check,
2024,FY2024,,2590 HHS PROVIDER RELIEF FUND,24,,"as of June 30, 2024 ; (Unaudited) ; Accounts | Deferred | Fund Balance | Receipts thru | Remaining Deficit ; Fund Name | Receivable | Revenue | 6/30/2024 | 9/30/2024 | BAN's | 6/30/2024",,7035.89,0.00,,,,2,,,,,no check,
2024,FY2024,,2591 CARES ACT FUNDING,24,,"as of June 30, 2024 ; (Unaudited) ; Accounts | Deferred | Fund Balance | Receipts thru | Remaining Deficit ; Fund Name | Receivable | Revenue | 6/30/2024 | 9/30/2024 | BAN's | 6/30/2024",,7379.20,,,,,1,,,,,no check,
2024,FY2024,,2595 ARPA FUNDS,24,,"as of June 30, 2024 ; (Unaudited) ; Accounts | Deferred | Fund Balance | Receipts thru | Remaining Deficit ; Fund Name | Receivable | Revenue | 6/30/2024 | 9/30/2024 | BAN's | 6/30/2024",0.00,3171344.31,,,,,2,,,,,no check,
2024,FY2024,,2599 FEMA 4496 COVID 19,24,,"as of June 30, 2024 ; (Unaudited) ; Accounts | Deferred | Fund Balance | Receipts thru | Remaining Deficit ; Fund Name | Receivable | Revenue | 6/30/2024 | 9/30/2024 | BAN's | 6/30/2024",,-36247.18,,,,,1,yes,,,,no check,
2024,FY2024,,2640 50/50 GRANT SPED TUITIONS,24,,"as of June 30, 2024 ; (Unaudited) ; Accounts | Deferred | Fund Balance | Receipts thru | Remaining Deficit ; Fund Name | Receivable | Revenue | 6/30/2024 | 9/30/2024 | BAN's | 6/30/2024",,182968.53,,,,,1,,,,,no check,
2024,FY2024,,2649 DISPLACED STUDENTS/PUERTO RICO,24,,"as of June 30, 2024 ; (Unaudited) ; Accounts | Deferred | Fund Balance | Receipts thru | Remaining Deficit ; Fund Name | Receivable | Revenue | 6/30/2024 | 9/30/2024 | BAN's | 6/30/2024",0.00,10660.63,,,,,2,,,,,no check,
2024,FY2024,,,24,,"as of June 30, 2024 ; (Unaudited) ; Accounts | Deferred | Fund Balance | Receipts thru | Remaining Deficit ; Fund Name | Receivable | Revenue | 6/30/2024 | 9/30/2024 | BAN's | 6/30/2024",24.00,,,,,,1,,,,,no check,
2024,FY2024,,2650  UNDERGROUD STORAGE TANK GRANT,25,,"as of June 30, 2024 ; (Unaudited) ; Accounts | Deferred | Fund Balance | Receipts thru | Remaining Deficit ; Fund Name | Receivable | Revenue | 6/30/2024 | 9/30/2024 | BAN's | 6/30/2024",0.00,1500.00,,,,,2,,,,,no check,
2024,FY2024,,2653   FY24 FAMILY & COMMUNITY,25,,"as of June 30, 2024 ; (Unaudited) ; Accounts | Deferred | Fund Balance | Receipts thru | Remaining Deficit ; Fund Name | Receivable | Revenue | 6/30/2024 | 9/30/2024 | BAN's | 6/30/2024",0.00,933.70,,,,,2,,,,,no check,
2024,FY2024,,2666   FY23 FAMILY & COMMUNITY,25,yes,"as of June 30, 2024 ; (Unaudited) ; Accounts | Deferred | Fund Balance | Receipts thru | Remaining Deficit ; Fund Name | Receivable | Revenue | 6/30/2024 | 9/30/2024 | BAN's | 6/30/2024",0.00,,,,,,1,,subtotal: equals the 2 rows above it,,,no check,
2024,FY2024,,2667   FY24 #718 ARTS/CULTURAL,25,,"as of June 30, 2024 ; (Unaudited) ; Accounts | Deferred | Fund Balance | Receipts thru | Remaining Deficit ; Fund Name | Receivable | Revenue | 6/30/2024 | 9/30/2024 | BAN's | 6/30/2024",0.00,28.04,,,,,2,,,,,no check,
2024,FY2024,,2680   MONBOUQUETTE AWARD,25,,"as of June 30, 2024 ; (Unaudited) ; Accounts | Deferred | Fund Balance | Receipts thru | Remaining Deficit ; Fund Name | Receivable | Revenue | 6/30/2024 | 9/30/2024 | BAN's | 6/30/2024",0.00,3.81,,,,,2,,,,,no check,
2024,FY2024,,2681   COMPREHENSIVE SCHOOL HEALTH,25,yes,"as of June 30, 2024 ; (Unaudited) ; Accounts | Deferred | Fund Balance | Receipts thru | Remaining Deficit ; Fund Name | Receivable | Revenue | 6/30/2024 | 9/30/2024 | BAN's | 6/30/2024",0.00,,,,,,1,,subtotal: equals the 2 rows above it,,,no check,
2024,FY2024,,2685   FY22 #437 COVID 19 SUMMER PROGRAMMING,25,,"as of June 30, 2024 ; (Unaudited) ; Accounts | Deferred | Fund Balance | Receipts thru | Remaining Deficit ; Fund Name | Receivable | Revenue | 6/30/2024 | 9/30/2024 | BAN's | 6/30/2024",,14610.00,,,,,1,,,,,no check,
2024,FY2024,,,25,,"as of June 30, 2024 ; (Unaudited) ; Accounts | Deferred | Fund Balance | Receipts thru | Remaining Deficit ; Fund Name | Receivable | Revenue | 6/30/2024 | 9/30/2024 | BAN's | 6/30/2024",,0.50,,,,,1,,,,,no check,
2024,FY2024,,2689   FY24 COMPREHENSIVE SCHOOL HEALTH,25,,"as of June 30, 2024 ; (Unaudited) ; Accounts | Deferred | Fund Balance | Receipts thru | Remaining Deficit ; Fund Name | Receivable | Revenue | 6/30/2024 | 9/30/2024 | BAN's | 6/30/2024",0.00,7787.92,,,,,2,,,,,no check,
2024,FY2024,,,25,,"as of June 30, 2024 ; (Unaudited) ; Accounts | Deferred | Fund Balance | Receipts thru | Remaining Deficit ; Fund Name | Receivable | Revenue | 6/30/2024 | 9/30/2024 | BAN's | 6/30/2024",0.00,,,,,,1,,,,,no check,
2024,FY2024,,2707   FY24 SPED PROGRAM IMPROVEMENT,25,yes,"as of June 30, 2024 ; (Unaudited) ; Accounts | Deferred | Fund Balance | Receipts thru | Remaining Deficit ; Fund Name | Receivable | Revenue | 6/30/2024 | 9/30/2024 | BAN's | 6/30/2024",0.00,,,,,,1,,subtotal: equals the 2 rows above it,,,no check,
2024,FY2024,,2750  •FY24 TITLE IV PART A #309,25,,"as of June 30, 2024 ; (Unaudited) ; Accounts | Deferred | Fund Balance | Receipts thru | Remaining Deficit ; Fund Name | Receivable | Revenue | 6/30/2024 | 9/30/2024 | BAN's | 6/30/2024",,,-18.50,,,,1,,,,,no check,
2024,FY2024,,2755  FY19 TITLE IV #309,25,,"as of June 30, 2024 ; (Unaudited) ; Accounts | Deferred | Fund Balance | Receipts thru | Remaining Deficit ; Fund Name | Receivable | Revenue | 6/30/2024 | 9/30/2024 | BAN's | 6/30/2024",0.00,,,,,,1,,,,,no check,
2024,FY2024,,2765 FY20 TITLE IIA #140,25,,"as of June 30, 2024 ; (Unaudited) ; Accounts | Deferred | Fund Balance | Receipts thru | Remaining Deficit ; Fund Name | Receivable | Revenue | 6/30/2024 | 9/30/2024 | BAN's | 6/30/2024",,,-502.00,,,,1,,,,,no check,
2024,FY2024,,2766 FY20 TITLE |,25,,"as of June 30, 2024 ; (Unaudited) ; Accounts | Deferred | Fund Balance | Receipts thru | Remaining Deficit ; Fund Name | Receivable | Revenue | 6/30/2024 | 9/30/2024 | BAN's | 6/30/2024",,,-200.00,,,,1,,,,,no check,
2024,FY2024,,2767 FY20 TITLE IV #309,25,,"as of June 30, 2024 ; (Unaudited) ; Accounts | Deferred | Fund Balance | Receipts thru | Remaining Deficit ; Fund Name | Receivable | Revenue | 6/30/2024 | 9/30/2024 | BAN's | 6/30/2024",,,-267.00,,,,1,,,,,no check,
2024,FY2024,,2768 FY21 ESSER,25,,"as of June 30, 2024 ; (Unaudited) ; Accounts | Deferred | Fund Balance | Receipts thru | Remaining Deficit ; Fund Name | Receivable | Revenue | 6/30/2024 | 9/30/2024 | BAN's | 6/30/2024",,,-99.78,,,,1,,,,,no check,
2024,FY2024,,2787 FY22 TITLE IV #309,25,,"as of June 30, 2024 ; (Unaudited) ; Accounts | Deferred | Fund Balance | Receipts thru | Remaining Deficit ; Fund Name | Receivable | Revenue | 6/30/2024 | 9/30/2024 | BAN's | 6/30/2024",,886.62,,,,,1,,,,,no check,
2024,FY2024,,2788 FY22 TITLE II #140,25,,"as of June 30, 2024 ; (Unaudited) ; Accounts | Deferred | Fund Balance | Receipts thru | Remaining Deficit ; Fund Name | Receivable | Revenue | 6/30/2024 | 9/30/2024 | BAN's | 6/30/2024",,1995.42,,,,,1,,,,,no check,
2024,FY2024,,2793  SCHOOL WATER IMPROVEMENT GRANT,25,,"as of June 30, 2024 ; (Unaudited) ; Accounts | Deferred | Fund Balance | Receipts thru | Remaining Deficit ; Fund Name | Receivable | Revenue | 6/30/2024 | 9/30/2024 | BAN's | 6/30/2024",,4001.89,,,,,1,,,,,no check,
2024,FY2024,,2796   FY23 TITLE II #140,25,,"as of June 30, 2024 ; (Unaudited) ; Accounts | Deferred | Fund Balance | Receipts thru | Remaining Deficit ; Fund Name | Receivable | Revenue | 6/30/2024 | 9/30/2024 | BAN's | 6/30/2024",,,-5680.42,,,,1,,,,,no check,
2024,FY2024,,2797   FY23 ACCELERATED LITERACY,25,,"as of June 30, 2024 ; (Unaudited) ; Accounts | Deferred | Fund Balance | Receipts thru | Remaining Deficit ; Fund Name | Receivable | Revenue | 6/30/2024 | 9/30/2024 | BAN's | 6/30/2024",,0.12,,,,,1,,,,,no check,
2024,FY2024,,2798   FY23 #117 SOA EVIDENCE BASED,25,,"as of June 30, 2024 ; (Unaudited) ; Accounts | Deferred | Fund Balance | Receipts thru | Remaining Deficit ; Fund Name | Receivable | Revenue | 6/30/2024 | 9/30/2024 | BAN's | 6/30/2024",,0.00,,,,,1,,,,,no check,
2024,FY2024,,2914 HACH SCIENTIFIC FOUNDATION,25,,"as of June 30, 2024 ; (Unaudited) ; Accounts | Deferred | Fund Balance | Receipts thru | Remaining Deficit ; Fund Name | Receivable | Revenue | 6/30/2024 | 9/30/2024 | BAN's | 6/30/2024",,90.61,,,,,1,,,,,no check,
2024,FY2024,,2945 POLICE NRA FOUNDATION GRANT,25,,"as of June 30, 2024 ; (Unaudited) ; Accounts | Deferred | Fund Balance | Receipts thru | Remaining Deficit ; Fund Name | Receivable | Revenue | 6/30/2024 | 9/30/2024 | BAN's | 6/30/2024",,0.10,,,,,1,,,,,no check,
2024,FY2024,,2952 MILA FLEX GRANT,25,,"as of June 30, 2024 ; (Unaudited) ; Accounts | Deferred | Fund Balance | Receipts thru | Remaining Deficit ; Fund Name | Receivable | Revenue | 6/30/2024 | 9/30/2024 | BAN's | 6/30/2024",,,-3919.22,,,,1,,,,,no check,
2024,FY2024,,,25,,"as of June 30, 2024 ; (Unaudited) ; Accounts | Deferred | Fund Balance | Receipts thru | Remaining Deficit ; Fund Name | Receivable | Revenue | 6/30/2024 | 9/30/2024 | BAN's | 6/30/2024",25.00,,,,,,1,,,,,no check,
2024,FY2024,,as,26,,"as of June 30, 2024 ; (Unaudited) ; Accounts | Deferred | Fund Balance | Receipts thru | Remaining Deficit ; Fund Name | Receivable | Revenue | 6/30/2024 | 9/30/2024 | BAN's | 6/30/2024",,,4.00,,,,1,yes,,,,no check,
2024,FY2024,,8111   ARTS LOTTERY,26,,"as of June 30, 2024 ; (Unaudited) ; Accounts | Deferred | Fund Balance | Receipts thru | Remaining Deficit ; Fund Name | Receivable | Revenue | 6/30/2024 | 9/30/2024 | BAN's | 6/30/2024",,,13365.33,,,,1,,,,,no check,
2024,FY2024,,8115   SALE OF CEMETERY LOTS,26,,"as of June 30, 2024 ; (Unaudited) ; Accounts | Deferred | Fund Balance | Receipts thru | Remaining Deficit ; Fund Name | Receivable | Revenue | 6/30/2024 | 9/30/2024 | BAN's | 6/30/2024",,,93834.18,,,0.00,2,,,,,no check,
2024,FY2024,,9000   REGIONAL ASSESSOR,26,,"as of June 30, 2024 ; (Unaudited) ; Accounts | Deferred | Fund Balance | Receipts thru | Remaining Deficit ; Fund Name | Receivable | Revenue | 6/30/2024 | 9/30/2024 | BAN's | 6/30/2024",,,30907.25,,,,1,,,,,no check,
2024,FY2024,,9001   POLICE/FIRE DETAILS,26,,"as of June 30, 2024 ; (Unaudited) ; Accounts | Deferred | Fund Balance | Receipts thru | Remaining Deficit ; Fund Name | Receivable | Revenue | 6/30/2024 | 9/30/2024 | BAN's | 6/30/2024",,,,85765.94,,,1,,,,,no check,
2024,FY2024,,9002 CUSTODIAN DETAILS,26,,"as of June 30, 2024 ; (Unaudited) ; Accounts | Deferred | Fund Balance | Receipts thru | Remaining Deficit ; Fund Name | Receivable | Revenue | 6/30/2024 | 9/30/2024 | BAN's | 6/30/2024",,,,,,,1,,,,,no check,
2024,FY2024,,2577/2578/2579/: BOH EMERGENCY PREPAREDNESS,26,,"as of June 30, 2024 ; (Unaudited) ; Accounts | Deferred | Fund Balance | Receipts thru | Remaining Deficit ; Fund Name | Receivable | Revenue | 6/30/2024 | 9/30/2024 | BAN's | 6/30/2024",,,12295.09,,,,1,,,,,no check,
2024,FY2024,,,26,,"as of June 30, 2024 ; (Unaudited) ; Accounts | Deferred | Fund Balance | Receipts thru | Remaining Deficit ; Fund Name | Receivable | Revenue | 6/30/2024 | 9/30/2024 | BAN's | 6/30/2024",,,,,,0.00,1,,,,,no check,
2024,FY2024,,,26,,"as of June 30, 2024 ; (Unaudited) ; Accounts | Deferred | Fund Balance | Receipts thru | Remaining Deficit ; Fund Name | Receivable | Revenue | 6/30/2024 | 9/30/2024 | BAN's | 6/30/2024",,,,,,0.00,1,,,,,no check,
2024,FY2024,,Total Special Revenue Fund Balance,26,yes,"as of June 30, 2024 ; (Unaudited) ; Accounts | Deferred | Fund Balance | Receipts thru | Remaining Deficit ; Fund Name | Receivable | Revenue | 6/30/2024 | 9/30/2024 | BAN's | 6/30/2024",83.86,83.86,4963068.15,116241.96,0.00,,5,,"does NOT balance by -5,079,142.39",,,no check,
2024,FY2024,,,26,,"as of June 30, 2024 ; (Unaudited) ; Accounts | Deferred | Fund Balance | Receipts thru | Remaining Deficit ; Fund Name | Receivable | Revenue | 6/30/2024 | 9/30/2024 | BAN's | 6/30/2024",,26.00,,,,,1,,,,,no check,
2025,FY2025,,as,26,,"as of June 30, 2025 ; (unaudited) ; Fund Balance | Receipts thru | Remaining ; 6/30/2025 | 9/30/2024 | Deficits",,,25.00,,,,1,yes,,,,no check,
2025,FY2025,,1300 BOOKS/TECH,26,,"as of June 30, 2025 ; (unaudited) ; Fund Balance | Receipts thru | Remaining ; 6/30/2025 | 9/30/2024 | Deficits",0.00,15342.90,1027.65,0.00,,,4,,"does NOT balance by +14,315.25",,,no check,
2025,FY2025,,1301 CHAPT 658,26,,"as of June 30, 2025 ; (unaudited) ; Fund Balance | Receipts thru | Remaining ; 6/30/2025 | 9/30/2024 | Deficits",0.00,131239.09,63838.12,0.00,,,4,,"does NOT balance by +67,400.97",,,no check,
2025,FY2025,,1302 ADULT ED,26,yes,"as of June 30, 2025 ; (unaudited) ; Fund Balance | Receipts thru | Remaining ; 6/30/2025 | 9/30/2024 | Deficits",0.00,11623.75,1500.00,0.00,,,4,,"does NOT balance by +10,123.75",,,no check,
2025,FY2025,,1303 SUMMER SCH,26,,"as of June 30, 2025 ; (unaudited) ; Fund Balance | Receipts thru | Remaining ; 6/30/2025 | 9/30/2024 | Deficits",0.00,340.00,,0.00,,,3,,one cell missing; derivable from the row itself,"v3 = 340.00, from this fund's own other three columns",,no check,
2025,FY2025,,1305 AFTER SCH,26,,"as of June 30, 2025 ; (unaudited) ; Fund Balance | Receipts thru | Remaining ; 6/30/2025 | 9/30/2024 | Deficits",0.00,133062.89,29464.26,0.00,0.00,,5,,"does NOT balance by +103,598.63",,,no check,
2025,FY2025,,1306    SCH FAC US,26,yes,"as of June 30, 2025 ; (unaudited) ; Fund Balance | Receipts thru | Remaining ; 6/30/2025 | 9/30/2024 | Deficits",0.00,65241.82,1850.50,0.00,0.00,,5,,"does NOT balance by +63,391.32",,,no check,
2025,FY2025,,1308 SCH CHOICE,26,,"as of June 30, 2025 ; (unaudited) ; Fund Balance | Receipts thru | Remaining ; 6/30/2025 | 9/30/2024 | Deficits",0.00,266086.60,45.00,0.00,0.00,,5,,"does NOT balance by +266,041.60",,,no check,
2025,FY2025,,1309INS REC SCHOOLS,26,,"as of June 30, 2025 ; (unaudited) ; Fund Balance | Receipts thru | Remaining ; 6/30/2025 | 9/30/2024 | Deficits",0.00,1298.66,,0.00,0.00,,4,,one cell missing; derivable from the row itself,"v3 = 1,298.66, from this fund's own other three columns",,no check,
2025,FY2025,,1310 GREENTHUMB,26,yes,"as of June 30, 2025 ; (unaudited) ; Fund Balance | Receipts thru | Remaining ; 6/30/2025 | 9/30/2024 | Deficits",0.00,2390.77,,0.00,0.00,,4,,subtotal: equals the 2 rows above it,,,no check,
2025,FY2025,,1311 SCH GIFT,26,,"as of June 30, 2025 ; (unaudited) ; Fund Balance | Receipts thru | Remaining ; 6/30/2025 | 9/30/2024 | Deficits",0.00,89872.59,100.00,0.00,0.00,,5,,"does NOT balance by +89,772.59",,,no check,
2025,FY2025,,1312 EXTEN DAY,26,,"as of June 30, 2025 ; (unaudited) ; Fund Balance | Receipts thru | Remaining ; 6/30/2025 | 9/30/2024 | Deficits",0.00,98196.94,38354.01,0.00,0.00,,5,,"does NOT balance by +59,842.93",,,no check,
2025,FY2025,,1314 VEND REV,26,yes,"as of June 30, 2025 ; (unaudited) ; Fund Balance | Receipts thru | Remaining ; 6/30/2025 | 9/30/2024 | Deficits",0.00,1954.71,,0.00,0.00,,4,,subtotal: equals the 2 rows above it,,,no check,
2025,FY2025,,1315 FAM NETWOR,26,,"as of June 30, 2025 ; (unaudited) ; Fund Balance | Receipts thru | Remaining ; 6/30/2025 | 9/30/2024 | Deficits",0.00,2300.64,,0.00,0.00,,4,,one cell missing; derivable from the row itself,"v3 = 2,300.64, from this fund's own other three columns",,no check,
2025,FY2025,,1316    COAMEALREV,26,,"as of June 30, 2025 ; (unaudited) ; Fund Balance | Receipts thru | Remaining ; 6/30/2025 | 9/30/2024 | Deficits",0.00,-62.84,1932.00,0.00,0.00,,5,,"does NOT balance by -1,994.84",,,no check,
2025,FY2025,,1500 PARK REVOL,26,yes,"as of June 30, 2025 ; (unaudited) ; Fund Balance | Receipts thru | Remaining ; 6/30/2025 | 9/30/2024 | Deficits",0.00,91726.30,1955.02,0.00,0.00,,5,,"does NOT balance by +89,771.28",,,no check,
2025,FY2025,,1501 INS REC HI,26,,"as of June 30, 2025 ; (unaudited) ; Fund Balance | Receipts thru | Remaining ; 6/30/2025 | 9/30/2024 | Deficits",0.00,6157.31,,0.00,0.00,,4,,one cell missing; derivable from the row itself,"v3 = 6,157.31, from this fund's own other three columns",,no check,
2025,FY2025,,1502INS RECOVE,26,,"as of June 30, 2025 ; (unaudited) ; Fund Balance | Receipts thru | Remaining ; 6/30/2025 | 9/30/2024 | Deficits",0.00,9530.07,,0.00,0.00,,4,,one cell missing; derivable from the row itself,"v3 = 9,530.07, from this fund's own other three columns",,no check,
2025,FY2025,,1503 INS REC PO,26,yes,"as of June 30, 2025 ; (unaudited) ; Fund Balance | Receipts thru | Remaining ; 6/30/2025 | 9/30/2024 | Deficits",0.00,61104.84,,0.00,0.00,,4,,subtotal: equals the 2 rows above it,,,no check,
2025,FY2025,,1504 LIBR REV,26,,"as of June 30, 2025 ; (unaudited) ; Fund Balance | Receipts thru | Remaining ; 6/30/2025 | 9/30/2024 | Deficits",0.00,9383.21,,0.00,0.00,,4,,one cell missing; derivable from the row itself,"v3 = 9,383.21, from this fund's own other three columns",,no check,
2025,FY2025,,1505 MART REVOL,26,,"as of June 30, 2025 ; (unaudited) ; Fund Balance | Receipts thru | Remaining ; 6/30/2025 | 9/30/2024 | Deficits",0.00,3204.86,15728.92,0.00,,,4,,"does NOT balance by -12,524.06",,,no check,
2025,FY2025,,1506 COAST/PATR,26,yes,"as of June 30, 2025 ; (unaudited) ; Fund Balance | Receipts thru | Remaining ; 6/30/2025 | 9/30/2024 | Deficits",0.00,3679.24,,,0.00,,3,,subtotal: equals the 2 rows above it,,,no check,
2025,FY2025,,1507 CONS CONSU,26,,"as of June 30, 2025 ; (unaudited) ; Fund Balance | Receipts thru | Remaining ; 6/30/2025 | 9/30/2024 | Deficits",0.00,-120.50,,,-120.50,,3,,,,,no check,
2025,FY2025,,1508 DRUG FORFE,26,,"as of June 30, 2025 ; (unaudited) ; Fund Balance | Receipts thru | Remaining ; 6/30/2025 | 9/30/2024 | Deficits",0.00,-44.48,,,-44.48,,3,,,,,no check,
2025,FY2025,,1511 LIB GIFT,26,yes,"as of June 30, 2025 ; (unaudited) ; Fund Balance | Receipts thru | Remaining ; 6/30/2025 | 9/30/2024 | Deficits",0.00,28271.98,100.00,,0.00,,4,,subtotal: equals the 2 rows above it,,,no check,
2025,FY2025,,1513    SCHOLARSHI,26,,"as of June 30, 2025 ; (unaudited) ; Fund Balance | Receipts thru | Remaining ; 6/30/2025 | 9/30/2024 | Deficits",0.00,432.26,,,,,2,,,,,no check,
2025,FY2025,,1515 BELL TOWER,26,,"as of June 30, 2025 ; (unaudited) ; Fund Balance | Receipts thru | Remaining ; 6/30/2025 | 9/30/2024 | Deficits",0.00,2556.37,,,,,2,,,,,no check,
2025,FY2025,,1516 POLICE GIF,26,yes,"as of June 30, 2025 ; (unaudited) ; Fund Balance | Receipts thru | Remaining ; 6/30/2025 | 9/30/2024 | Deficits",0.00,1071.62,,,,,2,,subtotal: equals the 2 rows above it,,,no check,
2025,FY2025,,1517 PUB SAF GI,26,,"as of June 30, 2025 ; (unaudited) ; Fund Balance | Receipts thru | Remaining ; 6/30/2025 | 9/30/2024 | Deficits",0.00,204.62,,,,,2,,,,,no check,
2025,FY2025,,1518 ELD/DIS FD,26,,"as of June 30, 2025 ; (unaudited) ; Fund Balance | Receipts thru | Remaining ; 6/30/2025 | 9/30/2024 | Deficits",0.00,2487.14,,,,,2,,,,,no check,
2025,FY2025,,1519 HOLLIS RD,26,yes,"as of June 30, 2025 ; (unaudited) ; Fund Balance | Receipts thru | Remaining ; 6/30/2025 | 9/30/2024 | Deficits",0.00,30428.02,,,,,2,,subtotal: equals the 2 rows above it,,,no check,
2025,FY2025,,1520 TOWN RECOR,26,,"as of June 30, 2025 ; (unaudited) ; Fund Balance | Receipts thru | Remaining ; 6/30/2025 | 9/30/2024 | Deficits",0.00,252.35,,,,,2,,,,,no check,
2025,FY2025,,1521       HIST COMM,26,,"as of June 30, 2025 ; (unaudited) ; Fund Balance | Receipts thru | Remaining ; 6/30/2025 | 9/30/2024 | Deficits",0.00,137.36,,,,,2,,,,,no check,
2025,FY2025,,1522       HAZ WASTE,26,yes,"as of June 30, 2025 ; (unaudited) ; Fund Balance | Receipts thru | Remaining ; 6/30/2025 | 9/30/2024 | Deficits",0.00,768.76,,,,,2,,subtotal: equals the 2 rows above it,,,no check,
2025,FY2025,,1523 PARK GIFT,26,,"as of June 30, 2025 ; (unaudited) ; Fund Balance | Receipts thru | Remaining ; 6/30/2025 | 9/30/2024 | Deficits",0.00,752.00,,,,,2,,,,,no check,
2025,FY2025,,1524 SEWER GIFT,26,,"as of June 30, 2025 ; (unaudited) ; Fund Balance | Receipts thru | Remaining ; 6/30/2025 | 9/30/2024 | Deficits",0.00,387.09,,,,,2,,,,,no check,
2025,FY2025,,1525    CONS GIFT,26,yes,"as of June 30, 2025 ; (unaudited) ; Fund Balance | Receipts thru | Remaining ; 6/30/2025 | 9/30/2024 | Deficits",0.00,148.00,,,,,2,,subtotal: equals the 2 rows above it,,,no check,
2025,FY2025,,,26,,"as of June 30, 2025 ; (unaudited) ; Fund Balance | Receipts thru | Remaining ; 6/30/2025 | 9/30/2024 | Deficits",,22.00,,,,,1,,,,,no check,
2025,FY2025,,1526 CONS FUND,27,,"as of June 30, 2025 ; (unaudited) ; Fund Balance | Receipts thru | Remaining ; 6/30/2025 | 9/30/2024 | Deficits",0.00,319.59,516.00,,,,3,,one cell missing; derivable from the row itself,"v4 = -196.41, from this fund's own other three columns",,no check,
2025,FY2025,,1527 ZONING REV,27,,"as of June 30, 2025 ; (unaudited) ; Fund Balance | Receipts thru | Remaining ; 6/30/2025 | 9/30/2024 | Deficits",0.00,14621.79,,,,,2,,,,,no check,
2025,FY2025,,1528 COA GIFT,27,yes,"as of June 30, 2025 ; (unaudited) ; Fund Balance | Receipts thru | Remaining ; 6/30/2025 | 9/30/2024 | Deficits",0.00,12515.95,900.00,,,,3,,subtotal: equals the 2 rows above it,,,no check,
2025,FY2025,,1529    SKATE FUND,27,,"as of June 30, 2025 ; (unaudited) ; Fund Balance | Receipts thru | Remaining ; 6/30/2025 | 9/30/2024 | Deficits",0.00,197.00,,,,,2,,,,,no check,
2025,FY2025,,1530       WGHTS/MEAS,27,,"as of June 30, 2025 ; (unaudited) ; Fund Balance | Receipts thru | Remaining ; 6/30/2025 | 9/30/2024 | Deficits",0.00,400.00,,,,,2,,,,,no check,
2025,FY2025,,1531       SALE OF RE,27,yes,"as of June 30, 2025 ; (unaudited) ; Fund Balance | Receipts thru | Remaining ; 6/30/2025 | 9/30/2024 | Deficits",0.00,43175.00,,,,,2,,subtotal: equals the 2 rows above it,,,no check,
2025,FY2025,,1532       MARSHALL P,27,,"as of June 30, 2025 ; (unaudited) ; Fund Balance | Receipts thru | Remaining ; 6/30/2025 | 9/30/2024 | Deficits",0.00,125.00,,,,,2,,,,,no check,
2025,FY2025,,1533       CIT RELIEF,27,,"as of June 30, 2025 ; (unaudited) ; Fund Balance | Receipts thru | Remaining ; 6/30/2025 | 9/30/2024 | Deficits",0.00,200.00,,,,,2,,,,,no check,
2025,FY2025,,1534 DEBRIS REM,27,yes,"as of June 30, 2025 ; (unaudited) ; Fund Balance | Receipts thru | Remaining ; 6/30/2025 | 9/30/2024 | Deficits",0.00,676.00,,,,,2,,subtotal: equals the 2 rows above it,,,no check,
2025,FY2025,,1535    RECYOUTREA,27,,"as of June 30, 2025 ; (unaudited) ; Fund Balance | Receipts thru | Remaining ; 6/30/2025 | 9/30/2024 | Deficits",0.00,24246.61,,,,,2,,,,,no check,
2025,FY2025,,1536 DPWROADS,27,,"as of June 30, 2025 ; (unaudited) ; Fund Balance | Receipts thru | Remaining ; 6/30/2025 | 9/30/2024 | Deficits",0.00,3330.00,,,,,2,,,,,no check,
2025,FY2025,,1537 GENGOVGIFT,27,yes,"as of June 30, 2025 ; (unaudited) ; Fund Balance | Receipts thru | Remaining ; 6/30/2025 | 9/30/2024 | Deficits",0.00,1110.00,,,,,2,,subtotal: equals the 2 rows above it,,,no check,
2025,FY2025,,1538 FEDDRUG,27,,"as of June 30, 2025 ; (unaudited) ; Fund Balance | Receipts thru | Remaining ; 6/30/2025 | 9/30/2024 | Deficits",0.00,40619.42,,,,,2,,,,,no check,
2025,FY2025,,1539 TNFACUSEAC,27,,"as of June 30, 2025 ; (unaudited) ; Fund Balance | Receipts thru | Remaining ; 6/30/2025 | 9/30/2024 | Deficits",0.00,394.80,6000.00,,,,3,,one cell missing; derivable from the row itself,"v4 = -5,605.20, from this fund's own other three columns",,no check,
2025,FY2025,,1540 PREMRESCAP,27,yes,"as of June 30, 2025 ; (unaudited) ; Fund Balance | Receipts thru | Remaining ; 6/30/2025 | 9/30/2024 | Deficits",0.00,3543.11,,,,,2,,subtotal: equals the 2 rows above it,,,no check,
2025,FY2025,,1541 SWTFREVOLV,27,,"as of June 30, 2025 ; (unaudited) ; Fund Balance | Receipts thru | Remaining ; 6/30/2025 | 9/30/2024 | Deficits",0.00,2983.00,51.00,0.00,,,4,yes,"does NOT balance by +2,932.00",,,no check,
2025,FY2025,,1542 INSREVFUND,27,,"as of June 30, 2025 ; (unaudited) ; Fund Balance | Receipts thru | Remaining ; 6/30/2025 | 9/30/2024 | Deficits",0.00,18832.43,19109.70,0.00,0.00,,5,,does NOT balance by -277.27,,,no check,
2025,FY2025,,1543 TIMBERRGHT,27,yes,"as of June 30, 2025 ; (unaudited) ; Fund Balance | Receipts thru | Remaining ; 6/30/2025 | 9/30/2024 | Deficits",0.00,43130.37,,0.00,0.00,,4,,subtotal: equals the 2 rows above it,,,no check,
2025,FY2025,,1544 TECHFEEREV,27,,"as of June 30, 2025 ; (unaudited) ; Fund Balance | Receipts thru | Remaining ; 6/30/2025 | 9/30/2024 | Deficits",0.00,42974.47,4802.24,0.00,0.00,,5,,"does NOT balance by +38,172.23",,,no check,
2025,FY2025,,1545 ARTURFREV,27,,"as of June 30, 2025 ; (unaudited) ; Fund Balance | Receipts thru | Remaining ; 6/30/2025 | 9/30/2024 | Deficits",0.00,62843.30,45000.00,0.00,0.00,,5,,"does NOT balance by +17,843.30",,,no check,
2025,FY2025,,1546 INTREFGIFT,27,yes,"as of June 30, 2025 ; (unaudited) ; Fund Balance | Receipts thru | Remaining ; 6/30/2025 | 9/30/2024 | Deficits",0.00,3295.00,,0.00,0.00,,4,,subtotal: equals the 2 rows above it,,,no check,
2025,FY2025,,1547 TNCFUND,27,,"as of June 30, 2025 ; (unaudited) ; Fund Balance | Receipts thru | Remaining ; 6/30/2025 | 9/30/2024 | Deficits",0.00,5462.30,,0.00,0.00,,4,,one cell missing; derivable from the row itself,"v3 = 5,462.30, from this fund's own other three columns",,no check,
2025,FY2025,,1548 CEMETERYGI,27,,"as of June 30, 2025 ; (unaudited) ; Fund Balance | Receipts thru | Remaining ; 6/30/2025 | 9/30/2024 | Deficits",0.00,209.39,,0.00,0.00,,4,,one cell missing; derivable from the row itself,"v3 = 209.39, from this fund's own other three columns",,no check,
2025,FY2025,,1549 TECHCHILDR,27,yes,"as of June 30, 2025 ; (unaudited) ; Fund Balance | Receipts thru | Remaining ; 6/30/2025 | 9/30/2024 | Deficits",0.00,10000.00,,0.00,0.00,,4,,subtotal: equals the 2 rows above it,,,no check,
2025,FY2025,,1550 OPENSPACE,27,,"as of June 30, 2025 ; (unaudited) ; Fund Balance | Receipts thru | Remaining ; 6/30/2025 | 9/30/2024 | Deficits",0.00,10000.00,,0.00,0.00,,4,,one cell missing; derivable from the row itself,"v3 = 10,000.00, from this fund's own other three columns",,no check,
2025,FY2025,,1551      300THANNIV,27,,"as of June 30, 2025 ; (unaudited) ; Fund Balance | Receipts thru | Remaining ; 6/30/2025 | 9/30/2024 | Deficits",0.00,5000.00,,0.00,0.00,,4,,one cell missing; derivable from the row itself,"v3 = 5,000.00, from this fund's own other three columns",,no check,
2025,FY2025,,1552       BANDGIFTFU,27,yes,"as of June 30, 2025 ; (unaudited) ; Fund Balance | Receipts thru | Remaining ; 6/30/2025 | 9/30/2024 | Deficits",0.00,3403.02,400.00,0.00,0.00,,5,,"does NOT balance by +3,003.02",,,no check,
2025,FY2025,,1553    WETLANDS,27,,"as of June 30, 2025 ; (unaudited) ; Fund Balance | Receipts thru | Remaining ; 6/30/2025 | 9/30/2024 | Deficits",0.00,7565.27,1172.34,0.00,0.00,,5,,"does NOT balance by +6,392.93",,,no check,
2025,FY2025,,2200       SCH LUNCH,27,,"as of June 30, 2025 ; (unaudited) ; Fund Balance | Receipts thru | Remaining ; 6/30/2025 | 9/30/2024 | Deficits",0.00,456908.16,22560.77,0.00,0.00,,5,,"does NOT balance by +434,347.39",,,no check,
2025,FY2025,,2300       CHAPTER 90,27,yes,"as of June 30, 2025 ; (unaudited) ; Fund Balance | Receipts thru | Remaining ; 6/30/2025 | 9/30/2024 | Deficits",0.00,11840.37,3240.13,0.00,0.00,,5,,"does NOT balance by +8,600.24",,,no check,
2025,FY2025,,2301       CH 204/96,27,,"as of June 30, 2025 ; (unaudited) ; Fund Balance | Receipts thru | Remaining ; 6/30/2025 | 9/30/2024 | Deficits",0.00,0.11,0.11,0.00,0.00,,5,,fund balances: forward + receipts - disbursements = carried forward,,,no check,
2025,FY2025,,2303 DEP PAYT,27,,"as of June 30, 2025 ; (unaudited) ; Fund Balance | Receipts thru | Remaining ; 6/30/2025 | 9/30/2024 | Deficits",0.00,4720.43,4720.43,0.00,0.00,,5,,fund balances: forward + receipts - disbursements = carried forward,,,no check,
2025,FY2025,,2305 WRAPGRANT,27,yes,"as of June 30, 2025 ; (unaudited) ; Fund Balance | Receipts thru | Remaining ; 6/30/2025 | 9/30/2024 | Deficits",0.00,39304.59,,,,,2,,subtotal: equals the 2 rows above it,,,no check,
2025,FY2025,,2306 FAIR SHARE,27,,"as of June 30, 2025 ; (unaudited) ; Fund Balance | Receipts thru | Remaining ; 6/30/2025 | 9/30/2024 | Deficits",0.00,240503.00,,,,,2,,,,,no check,
2025,FY2025,,2353 CLICK/TICK,27,,"as of June 30, 2025 ; (unaudited) ; Fund Balance | Receipts thru | Remaining ; 6/30/2025 | 9/30/2024 | Deficits",0.00,-1759.63,,,-1759.63,,3,,,,,no check,
2025,FY2025,,2355 FY25 PUBSA,27,yes,"as of June 30, 2025 ; (unaudited) ; Fund Balance | Receipts thru | Remaining ; 6/30/2025 | 9/30/2024 | Deficits",0.00,4354.15,,,,,2,,subtotal: equals the 2 rows above it,,,no check,
2025,FY2025,,2356 CP 9697,27,,"as of June 30, 2025 ; (unaudited) ; Fund Balance | Receipts thru | Remaining ; 6/30/2025 | 9/30/2024 | Deficits",0.00,9.10,8.00,,,,3,yes,one cell missing; derivable from the row itself,"v4 = 1.10, from this fund's own other three columns",,no check,
2025,FY2025,,2357 97 DARE,27,,"as of June 30, 2025 ; (unaudited) ; Fund Balance | Receipts thru | Remaining ; 6/30/2025 | 9/30/2024 | Deficits",0.00,35.10,,,,,2,,,,,no check,
2025,FY2025,,2359 FY05 CP,27,yes,"as of June 30, 2025 ; (unaudited) ; Fund Balance | Receipts thru | Remaining ; 6/30/2025 | 9/30/2024 | Deficits",0.00,108.11,,,,,2,,subtotal: equals the 2 rows above it,,,no check,
2025,FY2025,,2361 FY07 CP,27,,"as of June 30, 2025 ; (unaudited) ; Fund Balance | Receipts thru | Remaining ; 6/30/2025 | 9/30/2024 | Deficits",0.00,180.44,,,,,2,,,,,no check,
2025,FY2025,,2362 08 COMM PO,27,,"as of June 30, 2025 ; (unaudited) ; Fund Balance | Receipts thru | Remaining ; 6/30/2025 | 9/30/2024 | Deficits",0.00,275.47,,,,,2,,,,,no check,
2025,FY2025,,2363 FY09 CP,27,yes,"as of June 30, 2025 ; (unaudited) ; Fund Balance | Receipts thru | Remaining ; 6/30/2025 | 9/30/2024 | Deficits",0.00,72.95,,,,,2,,subtotal: equals the 2 rows above it,,,no check,
2025,FY2025,,2367 FYMUNRDSAF,27,,"as of June 30, 2025 ; (unaudited) ; Fund Balance | Receipts thru | Remaining ; 6/30/2025 | 9/30/2024 | Deficits",0.00,776.32,,,,,2,,,,,no check,
2025,FY2025,,2403 SAFEGRANT,27,,"as of June 30, 2025 ; (unaudited) ; Fund Balance | Receipts thru | Remaining ; 6/30/2025 | 9/30/2024 | Deficits",0.00,8446.46,,,,,2,,,,,no check,
2025,FY2025,,2404 FF PS EQUI,27,yes,"as of June 30, 2025 ; (unaudited) ; Fund Balance | Receipts thru | Remaining ; 6/30/2025 | 9/30/2024 | Deficits",0.00,39.84,,,,,2,,subtotal: equals the 2 rows above it,,,no check,
2025,FY2025,,2405 05 FF EQUI,27,,"as of June 30, 2025 ; (unaudited) ; Fund Balance | Receipts thru | Remaining ; 6/30/2025 | 9/30/2024 | Deficits",0.00,419.60,,,0.00,,3,,,,,no check,
2025,FY2025,,2407 HIS PROP,27,,"as of June 30, 2025 ; (unaudited) ; Fund Balance | Receipts thru | Remaining ; 6/30/2025 | 9/30/2024 | Deficits",0.00,-5540.00,,0.00,-5540.00,,4,,one cell missing; derivable from the row itself,"v3 = -5,540.00, from this fund's own other three columns",,no check,
2025,FY2025,,2408 FY09911GRA,27,yes,"as of June 30, 2025 ; (unaudited) ; Fund Balance | Receipts thru | Remaining ; 6/30/2025 | 9/30/2024 | Deficits",0.00,7.00,,0.00,,,3,,subtotal: equals the 2 rows above it,,,no check,
2025,FY2025,,,27,,"as of June 30, 2025 ; (unaudited) ; Fund Balance | Receipts thru | Remaining ; 6/30/2025 | 9/30/2024 | Deficits",,23.00,,,,,1,,,,,no check,
2025,FY2025,,2413 FFSAFETYEQ,28,,"as of June 30, 2025 ; (unaudited) ; Fund Balance | Receipts thru | Remaining ; 6/30/2025 | 9/30/2024 | Deficits",0.00,-3777.02,,,,,2,,,,,no check,
2025,FY2025,,2450 FG COA,28,,"as of June 30, 2025 ; (unaudited) ; Fund Balance | Receipts thru | Remaining ; 6/30/2025 | 9/30/2024 | Deficits",0.00,19361.99,,,,,2,,,,,no check,
2025,FY2025,,2451LIB ST AID,28,yes,"as of June 30, 2025 ; (unaudited) ; Fund Balance | Receipts thru | Remaining ; 6/30/2025 | 9/30/2024 | Deficits",0.00,121454.26,,,,,2,,subtotal: equals the 2 rows above it,,,no check,
2025,FY2025,,2453 WPAT RECPT,28,,"as of June 30, 2025 ; (unaudited) ; Fund Balance | Receipts thru | Remaining ; 6/30/2025 | 9/30/2024 | Deficits",0.00,36574.45,,,,,2,,,,,no check,
2025,FY2025,,2454 HISTCOMM,28,,"as of June 30, 2025 ; (unaudited) ; Fund Balance | Receipts thru | Remaining ; 6/30/2025 | 9/30/2024 | Deficits",0.00,4150.00,,,,,2,,,,,no check,
2025,FY2025,,2457 PUBLIC LIB,28,yes,"as of June 30, 2025 ; (unaudited) ; Fund Balance | Receipts thru | Remaining ; 6/30/2025 | 9/30/2024 | Deficits",0.00,571.17,,,,,2,,subtotal: equals the 2 rows above it,,,no check,
2025,FY2025,,2463 RDPGRANT,28,,"as of June 30, 2025 ; (unaudited) ; Fund Balance | Receipts thru | Remaining ; 6/30/2025 | 9/30/2024 | Deficits",0.00,15891.13,,,,,2,,,,,no check,
2025,FY2025,,2466 EPERMITTIN,28,,"as of June 30, 2025 ; (unaudited) ; Fund Balance | Receipts thru | Remaining ; 6/30/2025 | 9/30/2024 | Deficits",0.00,200.00,,,,,2,,,,,no check,
2025,FY2025,,2469 SYBERSECUR,28,yes,"as of June 30, 2025 ; (unaudited) ; Fund Balance | Receipts thru | Remaining ; 6/30/2025 | 9/30/2024 | Deficits",0.00,50.00,,,,,2,,subtotal: equals the 2 rows above it,,,no check,
2025,FY2025,,2483 STATEEARMA,28,,"as of June 30, 2025 ; (unaudited) ; Fund Balance | Receipts thru | Remaining ; 6/30/2025 | 9/30/2024 | Deficits",0.00,5804.77,,,,,2,,,,,no check,
2025,FY2025,,2526 UNIV HIRIN,28,,"as of June 30, 2025 ; (unaudited) ; Fund Balance | Receipts thru | Remaining ; 6/30/2025 | 9/30/2024 | Deficits",0.00,1289.84,,,,,2,,,,,no check,
2025,FY2025,,2531    SEC SCHLS,28,yes,"as of June 30, 2025 ; (unaudited) ; Fund Balance | Receipts thru | Remaining ; 6/30/2025 | 9/30/2024 | Deficits",0.00,0.82,,,,,2,,subtotal: equals the 2 rows above it,,,no check,
2025,FY2025,,2532 EMPG GRANT,28,,"as of June 30, 2025 ; (unaudited) ; Fund Balance | Receipts thru | Remaining ; 6/30/2025 | 9/30/2024 | Deficits",0.00,102.03,,,,,2,,,,,no check,
2025,FY2025,,2533 PROTORDGRN,28,,"as of June 30, 2025 ; (unaudited) ; Fund Balance | Receipts thru | Remaining ; 6/30/2025 | 9/30/2024 | Deficits",0.00,135.15,,,,,2,,,,,no check,
2025,FY2025,,2553 CONFINED S,28,yes,"as of June 30, 2025 ; (unaudited) ; Fund Balance | Receipts thru | Remaining ; 6/30/2025 | 9/30/2024 | Deficits",0.00,1956.77,,,,,2,,subtotal: equals the 2 rows above it,,,no check,
2025,FY2025,,2572 SEWER HOOK,28,,"as of June 30, 2025 ; (unaudited) ; Fund Balance | Receipts thru | Remaining ; 6/30/2025 | 9/30/2024 | Deficits",0.00,1.46,,,,,2,,,,,no check,
2025,FY2025,,2573 SR CTR GRN,28,,"as of June 30, 2025 ; (unaudited) ; Fund Balance | Receipts thru | Remaining ; 6/30/2025 | 9/30/2024 | Deficits",0.00,11.16,,,,,2,,,,,no check,
2025,FY2025,,2574 SEWER HOOK,28,yes,"as of June 30, 2025 ; (unaudited) ; Fund Balance | Receipts thru | Remaining ; 6/30/2025 | 9/30/2024 | Deficits",0.00,9222.00,,0.00,,,3,,subtotal: equals the 2 rows above it,,,no check,
2025,FY2025,,2575    SEPTIC GRN,28,,"as of June 30, 2025 ; (unaudited) ; Fund Balance | Receipts thru | Remaining ; 6/30/2025 | 9/30/2024 | Deficits",0.00,115851.73,,0.00,,,3,,one cell missing; derivable from the row itself,"v3 = 115,851.73, from this fund's own other three columns",,no check,
2025,FY2025,,2576 MWPAT SEPT,28,,"as of June 30, 2025 ; (unaudited) ; Fund Balance | Receipts thru | Remaining ; 6/30/2025 | 9/30/2024 | Deficits",0.00,4079.03,,0.00,,,3,,one cell missing; derivable from the row itself,"v3 = 4,079.03, from this fund's own other three columns",,no check,
2025,FY2025,,2577 BOH EMERGE,28,yes,"as of June 30, 2025 ; (unaudited) ; Fund Balance | Receipts thru | Remaining ; 6/30/2025 | 9/30/2024 | Deficits",0.00,126.10,0.00,0.00,,,4,,does NOT balance by +126.10,,,no check,
2025,FY2025,,2578 PHEMERPR,28,,"as of June 30, 2025 ; (unaudited) ; Fund Balance | Receipts thru | Remaining ; 6/30/2025 | 9/30/2024 | Deficits",0.00,735.51,,0.00,,,3,,one cell missing; derivable from the row itself,"v3 = 735.51, from this fund's own other three columns",,no check,
2025,FY2025,,2579 PHEMERPR,28,,"as of June 30, 2025 ; (unaudited) ; Fund Balance | Receipts thru | Remaining ; 6/30/2025 | 9/30/2024 | Deficits",0.00,1620.15,,0.00,,,3,,one cell missing; derivable from the row itself,"v3 = 1,620.15, from this fund's own other three columns",,no check,
2025,FY2025,,2580      LSTA GRNT,28,yes,"as of June 30, 2025 ; (unaudited) ; Fund Balance | Receipts thru | Remaining ; 6/30/2025 | 9/30/2024 | Deficits",0.00,-257.31,,-257.31,,,3,,subtotal: equals the 2 rows above it,,,no check,
2025,FY2025,,2581    PHER GRNT,28,,"as of June 30, 2025 ; (unaudited) ; Fund Balance | Receipts thru | Remaining ; 6/30/2025 | 9/30/2024 | Deficits",0.00,9813.33,,0.00,,,3,,one cell missing; derivable from the row itself,"v3 = 9,813.33, from this fund's own other three columns",,no check,
2025,FY2025,,2582    EECBG ENER,28,,"as of June 30, 2025 ; (unaudited) ; Fund Balance | Receipts thru | Remaining ; 6/30/2025 | 9/30/2024 | Deficits",0.00,316.48,,0.00,,,3,,one cell missing; derivable from the row itself,"v3 = 316.48, from this fund's own other three columns",,no check,
2025,FY2025,,2583       GREENCOMMU,28,yes,"as of June 30, 2025 ; (unaudited) ; Fund Balance | Receipts thru | Remaining ; 6/30/2025 | 9/30/2024 | Deficits",0.00,56702.13,,0.00,,,3,,subtotal: equals the 2 rows above it,,,no check,
2025,FY2025,,2584 FY19GREENC,28,,"as of June 30, 2025 ; (unaudited) ; Fund Balance | Receipts thru | Remaining ; 6/30/2025 | 9/30/2024 | Deficits",0.00,443.82,,0.00,,,3,,one cell missing; derivable from the row itself,"v3 = 443.82, from this fund's own other three columns",,no check,
2025,FY2025,,2587 MASSTRAILS,28,,"as of June 30, 2025 ; (unaudited) ; Fund Balance | Receipts thru | Remaining ; 6/30/2025 | 9/30/2024 | Deficits",0.00,23564.98,,0.00,,,3,,one cell missing; derivable from the row itself,"v3 = 23,564.98, from this fund's own other three columns",,no check,
2025,FY2025,,2590 HHSPROVREL,28,yes,"as of June 30, 2025 ; (unaudited) ; Fund Balance | Receipts thru | Remaining ; 6/30/2025 | 9/30/2024 | Deficits",0.00,7035.89,,0.00,,,3,,subtotal: equals the 2 rows above it,,,no check,
2025,FY2025,,2591 CARESACTFU,28,,"as of June 30, 2025 ; (unaudited) ; Fund Balance | Receipts thru | Remaining ; 6/30/2025 | 9/30/2024 | Deficits",0.00,7379.20,0.00,0.00,,,4,,"does NOT balance by +7,379.20",,,no check,
2025,FY2025,,2595 ARPAFUNDS,28,,"as of June 30, 2025 ; (unaudited) ; Fund Balance | Receipts thru | Remaining ; 6/30/2025 | 9/30/2024 | Deficits",0.00,1118442.02,0.00,0.00,,,4,,"does NOT balance by +1,118,442.02",,,no check,
2025,FY2025,,2599 FEMA4496C1,28,yes,"as of June 30, 2025 ; (unaudited) ; Fund Balance | Receipts thru | Remaining ; 6/30/2025 | 9/30/2024 | Deficits",0.00,-36247.18,,-34310.83,,,3,yes,subtotal: equals the 2 rows above it,,,no check,
2025,FY2025,,2622 FY25 #237,28,,"as of June 30, 2025 ; (unaudited) ; Fund Balance | Receipts thru | Remaining ; 6/30/2025 | 9/30/2024 | Deficits",,74224.33,0.00,0.00,,,3,,one cell missing; derivable from the row itself,"v1 = -74,224.33, from this fund's own other three columns",,no check,
2025,FY2025,,2650 UST GRANT,28,,"as of June 30, 2025 ; (unaudited) ; Fund Balance | Receipts thru | Remaining ; 6/30/2025 | 9/30/2024 | Deficits",0.00,1500.00,0.00,,,,3,,one cell missing; derivable from the row itself,"v4 = 1,500.00, from this fund's own other three columns",,no check,
2025,FY2025,,2653 FY24237,28,,"as of June 30, 2025 ; (unaudited) ; Fund Balance | Receipts thru | Remaining ; 6/30/2025 | 9/30/2024 | Deficits",0.00,433.70,0.00,0.00,,,4,,does NOT balance by +433.70,,,no check,
2025,FY2025,,2667 FY24718,28,yes,"as of June 30, 2025 ; (unaudited) ; Fund Balance | Receipts thru | Remaining ; 6/30/2025 | 9/30/2024 | Deficits",0.00,11.10,0.00,,,,3,,subtotal: equals the 2 rows above it,,,no check,
2025,FY2025,,2668 FY25718,28,,"as of June 30, 2025 ; (unaudited) ; Fund Balance | Receipts thru | Remaining ; 6/30/2025 | 9/30/2024 | Deficits",0.00,225.00,0.00,,,,3,,one cell missing; derivable from the row itself,"v4 = 225.00, from this fund's own other three columns",,no check,
2025,FY2025,,2672 Community,28,,"as of June 30, 2025 ; (unaudited) ; Fund Balance | Receipts thru | Remaining ; 6/30/2025 | 9/30/2024 | Deficits",0.00,12122.83,0.00,,,,3,,one cell missing; derivable from the row itself,"v4 = 12,122.83, from this fund's own other three columns",,no check,
2025,FY2025,,2680 MONBOUQUET,28,yes,"as of June 30, 2025 ; (unaudited) ; Fund Balance | Receipts thru | Remaining ; 6/30/2025 | 9/30/2024 | Deficits",0.00,3.81,0.00,0.00,,,4,,does NOT balance by +3.81,,,no check,
2025,FY2025,,2685 FY22 Covid 19,28,,"as of June 30, 2025 ; (unaudited) ; Fund Balance | Receipts thru | Remaining ; 6/30/2025 | 9/30/2024 | Deficits",0.00,14610.00,0.00,0.00,,,4,,"does NOT balance by +14,610.00",,,no check,
2025,FY2025,,2687 FY23528,28,,"as of June 30, 2025 ; (unaudited) ; Fund Balance | Receipts thru | Remaining ; 6/30/2025 | 9/30/2024 | Deficits",0.00,0.50,0.00,,,,3,,one cell missing; derivable from the row itself,"v4 = 0.50, from this fund's own other three columns",,no check,
2025,FY2025,,2702 FY25 CSHS,28,yes,"as of June 30, 2025 ; (unaudited) ; Fund Balance | Receipts thru | Remaining ; 6/30/2025 | 9/30/2024 | Deficits",0.00,2937.90,0.00,0.00,,,4,,"does NOT balance by +2,937.90",,,no check,
2025,FY2025,,2709 FY12#321,28,,"as of June 30, 2025 ; (unaudited) ; Fund Balance | Receipts thru | Remaining ; 6/30/2025 | 9/30/2024 | Deficits",0.00,35.00,0.00,,,,3,,one cell missing; derivable from the row itself,"v4 = 35.00, from this fund's own other three columns",,no check,
2025,FY2025,,,28,,"as of June 30, 2025 ; (unaudited) ; Fund Balance | Receipts thru | Remaining ; 6/30/2025 | 9/30/2024 | Deficits",0.00,33867.60,0.00,,,,3,,one cell missing; derivable from the row itself,"v4 = 33,867.60, from this fund's own other three columns",,no check,
2025,FY2025,,2727 FY15#305,28,yes,"as of June 30, 2025 ; (unaudited) ; Fund Balance | Receipts thru | Remaining ; 6/30/2025 | 9/30/2024 | Deficits",0.00,0.40,0.00,0.00,,,4,,does NOT balance by +0.40,,,no check,
2025,FY2025,,,28,,"as of June 30, 2025 ; (unaudited) ; Fund Balance | Receipts thru | Remaining ; 6/30/2025 | 9/30/2024 | Deficits",,24.00,,,,,1,,,,,no check,
2025,FY2025,,2728 FY24#140,29,,"as of June 30, 2025 ; (unaudited) ; Fund Balance | Receipts thru | Remaining ; 6/30/2025 | 9/30/2024 | Deficits",0.00,8325.00,,,,,2,,,,,no check,
2025,FY2025,,2742 FY17 #274,29,,"as of June 30, 2025 ; (unaudited) ; Fund Balance | Receipts thru | Remaining ; 6/30/2025 | 9/30/2024 | Deficits",0.00,43.00,0.00,,,,3,,one cell missing; derivable from the row itself,"v4 = 43.00, from this fund's own other three columns",,no check,
2025,FY2025,,2750      FY24 #309,29,yes,"as of June 30, 2025 ; (unaudited) ; Fund Balance | Receipts thru | Remaining ; 6/30/2025 | 9/30/2024 | Deficits",0.00,18.50,0.00,,,,3,,subtotal: equals the 2 rows above it,,,no check,
2025,FY2025,,2755       FY19#309,29,,"as of June 30, 2025 ; (unaudited) ; Fund Balance | Receipts thru | Remaining ; 6/30/2025 | 9/30/2024 | Deficits",0.00,212.69,0.00,,,,3,,one cell missing; derivable from the row itself,"v4 = 212.69, from this fund's own other three columns",,no check,
2025,FY2025,,2758       FY24240,29,,"as of June 30, 2025 ; (unaudited) ; Fund Balance | Receipts thru | Remaining ; 6/30/2025 | 9/30/2024 | Deficits",0.00,9679.39,,,,,2,,,,,no check,
2025,FY2025,,2765       FY20#140,29,yes,"as of June 30, 2025 ; (unaudited) ; Fund Balance | Receipts thru | Remaining ; 6/30/2025 | 9/30/2024 | Deficits",0.00,-502.00,,,,,2,,subtotal: equals the 2 rows above it,,,no check,
2025,FY2025,,2766      FY20#305,29,,"as of June 30, 2025 ; (unaudited) ; Fund Balance | Receipts thru | Remaining ; 6/30/2025 | 9/30/2024 | Deficits",0.00,-200.00,-200.00,,,,3,,one cell missing; derivable from the row itself,"v4 = 0.00, from this fund's own other three columns",,no check,
2025,FY2025,,2767 FY20#309,29,,"as of June 30, 2025 ; (unaudited) ; Fund Balance | Receipts thru | Remaining ; 6/30/2025 | 9/30/2024 | Deficits",0.00,-267.00,-267.00,,,,3,,one cell missing; derivable from the row itself,"v4 = 0.00, from this fund's own other three columns",,no check,
2025,FY2025,,2768 FY21ESSER,29,yes,"as of June 30, 2025 ; (unaudited) ; Fund Balance | Receipts thru | Remaining ; 6/30/2025 | 9/30/2024 | Deficits",0.00,-99.78,,,,,2,yes,subtotal: equals the 2 rows above it,,,no check,
2025,FY2025,,2769 21TITLEII,29,,"as of June 30, 2025 ; (unaudited) ; Fund Balance | Receipts thru | Remaining ; 6/30/2025 | 9/30/2024 | Deficits",0.00,4.55,0.00,,,,3,,one cell missing; derivable from the row itself,"v4 = 4.55, from this fund's own other three columns",,no check,
2025,FY2025,,2770 FY25 #309,29,,"as of June 30, 2025 ; (unaudited) ; Fund Balance | Receipts thru | Remaining ; 6/30/2025 | 9/30/2024 | Deficits",0.00,1721.25,,,,,2,,,,,no check,
2025,FY2025,,2771 21TITLEI,29,yes,"as of June 30, 2025 ; (unaudited) ; Fund Balance | Receipts thru | Remaining ; 6/30/2025 | 9/30/2024 | Deficits",0.00,947.51,0.00,,,,3,,subtotal: equals the 2 rows above it,,,no check,
2025,FY2025,,2772 FY21CVRF,29,,"as of June 30, 2025 ; (unaudited) ; Fund Balance | Receipts thru | Remaining ; 6/30/2025 | 9/30/2024 | Deficits",,21.63,,,,,1,,,,,no check,
2025,FY2025,,2778 FY25117SOA,29,,"as of June 30, 2025 ; (unaudited) ; Fund Balance | Receipts thru | Remaining ; 6/30/2025 | 9/30/2024 | Deficits",,-20388.70,,,,,1,,,,,no check,
2025,FY2025,,2781 FY22119ESS,29,,"as of June 30, 2025 ; (unaudited) ; Fund Balance | Receipts thru | Remaining ; 6/30/2025 | 9/30/2024 | Deficits",,-1408.46,,,,,1,,,,,no check,
2025,FY2025,,2787 FY22IV309,29,,"as of June 30, 2025 ; (unaudited) ; Fund Balance | Receipts thru | Remaining ; 6/30/2025 | 9/30/2024 | Deficits",0.00,886.62,0.00,,,,3,,one cell missing; derivable from the row itself,"v4 = 886.62, from this fund's own other three columns",,no check,
2025,FY2025,,2788 FY22II#140,29,,"as of June 30, 2025 ; (unaudited) ; Fund Balance | Receipts thru | Remaining ; 6/30/2025 | 9/30/2024 | Deficits",0.00,1995.42,,,,,2,,,,,no check,
2025,FY2025,,2793 FY23SWIG,29,yes,"as of June 30, 2025 ; (unaudited) ; Fund Balance | Receipts thru | Remaining ; 6/30/2025 | 9/30/2024 | Deficits",0.00,-4001.89,,,,,2,,subtotal: equals the 2 rows above it,,,no check,
2025,FY2025,,2795 FY23IV309,29,,"as of June 30, 2025 ; (unaudited) ; Fund Balance | Receipts thru | Remaining ; 6/30/2025 | 9/30/2024 | Deficits",0.00,214.00,0.00,,,,3,,one cell missing; derivable from the row itself,"v4 = 214.00, from this fund's own other three columns",,no check,
2025,FY2025,,2796 FY23||140,29,,"as of June 30, 2025 ; (unaudited) ; Fund Balance | Receipts thru | Remaining ; 6/30/2025 | 9/30/2024 | Deficits",0.00,-5680.42,,,,,2,,,,,no check,
2025,FY2025,,2797 FY23719,29,yes,"as of June 30, 2025 ; (unaudited) ; Fund Balance | Receipts thru | Remaining ; 6/30/2025 | 9/30/2024 | Deficits",0.00,0.10,2.00,,,,3,yes,subtotal: equals the 2 rows above it,,,no check,
2025,FY2025,,2800 FY25 #140,29,,"as of June 30, 2025 ; (unaudited) ; Fund Balance | Receipts thru | Remaining ; 6/30/2025 | 9/30/2024 | Deficits",0.00,-2208.00,,,,,2,,,,,no check,
2025,FY2025,,2813 FY25 #240,29,,"as of June 30, 2025 ; (unaudited) ; Fund Balance | Receipts thru | Remaining ; 6/30/2025 | 9/30/2024 | Deficits",0.00,141445.37,0.00,,,,3,,one cell missing; derivable from the row itself,"v4 = 141,445.37, from this fund's own other three columns",,no check,
2025,FY2025,,2832 FY25 #274,29,yes,"as of June 30, 2025 ; (unaudited) ; Fund Balance | Receipts thru | Remaining ; 6/30/2025 | 9/30/2024 | Deficits",0.00,5427.35,,,,,2,,subtotal: equals the 2 rows above it,,,no check,
2025,FY2025,,2903 BC/BS MINI,29,,"as of June 30, 2025 ; (unaudited) ; Fund Balance | Receipts thru | Remaining ; 6/30/2025 | 9/30/2024 | Deficits",0.00,94.65,,,,,2,,,,,no check,
2025,FY2025,,2911 TECH PREP,29,,"as of June 30, 2025 ; (unaudited) ; Fund Balance | Receipts thru | Remaining ; 6/30/2025 | 9/30/2024 | Deficits",0.00,1450.00,,,,,2,,,,,no check,
2025,FY2025,,2912 TUFTS GRAN,29,yes,"as of June 30, 2025 ; (unaudited) ; Fund Balance | Receipts thru | Remaining ; 6/30/2025 | 9/30/2024 | Deficits",0.00,113.45,,,,,2,,subtotal: equals the 2 rows above it,,,no check,
2025,FY2025,,2914 HACH GRANT,29,,"as of June 30, 2025 ; (unaudited) ; Fund Balance | Receipts thru | Remaining ; 6/30/2025 | 9/30/2024 | Deficits",0.00,90.61,,,,,2,,,,,no check,
2025,FY2025,,2921 UNITED WAY,29,,"as of June 30, 2025 ; (unaudited) ; Fund Balance | Receipts thru | Remaining ; 6/30/2025 | 9/30/2024 | Deficits",0.00,40.42,,,,,2,,,,,no check,
2025,FY2025,,2940 WALMART,29,yes,"as of June 30, 2025 ; (unaudited) ; Fund Balance | Receipts thru | Remaining ; 6/30/2025 | 9/30/2024 | Deficits",0.00,1000.00,,,,,2,,subtotal: equals the 2 rows above it,,,no check,
2025,FY2025,,2941 ARE YOU OK,29,,"as of June 30, 2025 ; (unaudited) ; Fund Balance | Receipts thru | Remaining ; 6/30/2025 | 9/30/2024 | Deficits",0.00,24.00,,,,,2,,,,,no check,
2025,FY2025,,2942 FIELDS PON,29,,"as of June 30, 2025 ; (unaudited) ; Fund Balance | Receipts thru | Remaining ; 6/30/2025 | 9/30/2024 | Deficits",0.00,1600.00,,,,,2,,,,,no check,
2025,FY2025,,2943 CVS GRANT,29,yes,"as of June 30, 2025 ; (unaudited) ; Fund Balance | Receipts thru | Remaining ; 6/30/2025 | 9/30/2024 | Deficits",0.00,500.00,,,,,2,,subtotal: equals the 2 rows above it,,,no check,
2025,FY2025,,2944 MARCH PARK,29,,"as of June 30, 2025 ; (unaudited) ; Fund Balance | Receipts thru | Remaining ; 6/30/2025 | 9/30/2024 | Deficits",0.00,1617.25,0.00,,,,3,,one cell missing; derivable from the row itself,"v4 = 1,617.25, from this fund's own other three columns",,no check,
2025,FY2025,,2945 NRA GRANT,29,,"as of June 30, 2025 ; (unaudited) ; Fund Balance | Receipts thru | Remaining ; 6/30/2025 | 9/30/2024 | Deficits",0.00,0.10,0.00,,,,3,,one cell missing; derivable from the row itself,"v4 = 0.10, from this fund's own other three columns",,no check,
2025,FY2025,,2946 THCHIMNEY,29,yes,"as of June 30, 2025 ; (unaudited) ; Fund Balance | Receipts thru | Remaining ; 6/30/2025 | 9/30/2024 | Deficits",0.00,3000.00,0.00,,,,3,,subtotal: equals the 2 rows above it,,,no check,
2025,FY2025,,2947 K9GRANT,29,,"as of June 30, 2025 ; (unaudited) ; Fund Balance | Receipts thru | Remaining ; 6/30/2025 | 9/30/2024 | Deficits",0.00,963.54,0.00,,,,3,,one cell missing; derivable from the row itself,"v4 = 963.54, from this fund's own other three columns",,no check,
2025,FY2025,,2948     AGCOMMGRAN,29,,"as of June 30, 2025 ; (unaudited) ; Fund Balance | Receipts thru | Remaining ; 6/30/2025 | 9/30/2024 | Deficits",0.00,2952.88,600.00,,,,3,,one cell missing; derivable from the row itself,"v4 = 2,352.88, from this fund's own other three columns",,no check,
2025,FY2025,,2949 COA PROGRA,29,yes,"as of June 30, 2025 ; (unaudited) ; Fund Balance | Receipts thru | Remaining ; 6/30/2025 | 9/30/2024 | Deficits",0.00,685.69,,,,,2,,subtotal: equals the 2 rows above it,,,no check,
2025,FY2025,,2952 MIIAFLEXGR,29,,"as of June 30, 2025 ; (unaudited) ; Fund Balance | Receipts thru | Remaining ; 6/30/2025 | 9/30/2024 | Deficits",0.00,-3919.22,,,,,2,,,,,no check,
2025,FY2025,,2953 MEDDISPGRN,29,,"as of June 30, 2025 ; (unaudited) ; Fund Balance | Receipts thru | Remaining ; 6/30/2025 | 9/30/2024 | Deficits",0.00,1300.00,,,,,2,,,,,no check,
2025,FY2025,,FUND BALANCE,29,,"as of June 30, 2025 ; (unaudited) ; Fund Balance | Receipts thru | Remaining ; 6/30/2025 | 9/30/2024 | Deficits",,4337053.91,,,,,1,,,,,no check,
2025,FY2025,,,29,,"as of June 30, 2025 ; (unaudited) ; Fund Balance | Receipts thru | Remaining ; 6/30/2025 | 9/30/2024 | Deficits",,25.00,,,,,1,,,,,no check,
