channel_rank,video_id,title,url,uploaded,duration_s,view_count,indexed_at
0,hP8ecY6jds4,Lunenburg Remembers Kevin Szocik on Patriot Day 09.11.26,https://www.youtube.com/watch?v=hP8ecY6jds4,2026-09-11,,,2026-09-12T01:33:01Z
1,7wCeOTdyvdc,Trust Funds Commission 09.10.26,https://www.youtube.com/watch?v=7wCeOTdyvdc,2026-09-11,,,2026-09-12T01:33:01Z
2,Qimi3yNAudg,Board of Assessors 09.09.26,https://www.youtube.com/watch?v=Qimi3yNAudg,2026-09-10,,,2026-09-12T01:33:01Z
3,tKWYbMFWJtI,School Committee 09.09.26,https://www.youtube.com/watch?v=tKWYbMFWJtI,2026-09-10,,,2026-09-12T01:33:01Z
4,qp-NjUCVwuc,Open Space Committee 09.09.26,https://www.youtube.com/watch?v=qp-NjUCVwuc,2026-09-10,,,2026-09-12T01:33:01Z
5,wkIczMuIDqA,Water District 09.08.26,https://www.youtube.com/watch?v=wkIczMuIDqA,2026-09-09,,,2026-09-12T01:33:01Z
6,BgwomyYoCJk,Stormwater Task Force 09.08.26 Part 2,https://www.youtube.com/watch?v=BgwomyYoCJk,2026-09-09,,,2026-09-12T01:33:01Z
7,rGZsddKMXyM,Stormwater Task Force 09.08.26 Part 1,https://www.youtube.com/watch?v=rGZsddKMXyM,2026-09-09,,,2026-09-12T01:33:01Z
8,VMfaXMyKBII,Sewer Commission 09.08.26,https://www.youtube.com/watch?v=VMfaXMyKBII,2026-09-09,,,2026-09-12T01:33:01Z
9,f1AbB5ZEQ5Q,PACC 09.08.26,https://www.youtube.com/watch?v=f1AbB5ZEQ5Q,2026-09-09,,,2026-09-12T01:33:01Z
10,z6Wp_dJsdtA,Council on Aging  09.08.26,https://www.youtube.com/watch?v=z6Wp_dJsdtA,2026-09-08,,,2026-09-12T01:33:01Z
11,x4HDKD0Ol7c,Personnel Committee 09.03.26,https://www.youtube.com/watch?v=x4HDKD0Ol7c,2026-09-08,,,2026-09-12T01:33:01Z
12,MHKqD8QEBnU,"Open for Business - Ruby Donut, Season 1 Episode 4",https://www.youtube.com/watch?v=MHKqD8QEBnU,,207,142,2026-09-08T16:42:02Z
13,UgUpJJb4cPw,Special Town Meeting 09.03.26,https://www.youtube.com/watch?v=UgUpJJb4cPw,,7111,379,2026-09-08T16:42:02Z
14,9E1d1VRhxCs,Conservation Commission 09.02.26,https://www.youtube.com/watch?v=9E1d1VRhxCs,,4531,68,2026-09-08T16:42:02Z
15,9SuAiiwPAC0,"Book Club  - Season 1, Episode 7",https://www.youtube.com/watch?v=9SuAiiwPAC0,,1181,223,2026-09-08T16:42:02Z
16,kG4KE9VgCdY,Select Board 09.01.26,https://www.youtube.com/watch?v=kG4KE9VgCdY,,6340,297,2026-09-08T16:42:02Z
17,DcEdUB3CsCU,Personnel Committee 08.31.26,https://www.youtube.com/watch?v=DcEdUB3CsCU,,4386,111,2026-09-08T16:42:02Z
18,N5dSxGy3zZs,Stormwater Task Force 08.31.26,https://www.youtube.com/watch?v=N5dSxGy3zZs,,5833,59,2026-09-08T16:42:02Z
19,kY5j-uu0MRo,Municipal Building Design Committee 08.31.26,https://www.youtube.com/watch?v=kY5j-uu0MRo,,5400,70,2026-09-08T16:42:02Z
20,dK-gjM3mlsA,"Lunenburg Storytime - The Books We Love, Season 7 Episode 1",https://www.youtube.com/watch?v=dK-gjM3mlsA,,1990,45,2026-09-08T16:42:02Z
21,guec8XH_xQc,Touch-A-Truck 08.28.26,https://www.youtube.com/watch?v=guec8XH_xQc,,155,62,2026-09-08T16:42:02Z
22,LGdwK249dSA,Finance Committee 08.27.26,https://www.youtube.com/watch?v=LGdwK249dSA,,7308,177,2026-09-08T16:42:02Z
23,gzjEdL1J5N0,Water District 08.26.26,https://www.youtube.com/watch?v=gzjEdL1J5N0,,2402,78,2026-09-08T16:42:02Z
24,lO_rw3eY5D8,Trust Funds Commission 08.27.26,https://www.youtube.com/watch?v=lO_rw3eY5D8,,5185,179,2026-09-08T16:42:02Z
25,J_kvfs3s0UE,School Committee 08.26.26,https://www.youtube.com/watch?v=J_kvfs3s0UE,,6588,233,2026-09-08T16:42:02Z
26,myQGZh_udNc,Parks Commission 08.26.26,https://www.youtube.com/watch?v=myQGZh_udNc,,4024,53,2026-09-08T16:42:02Z
27,62qwUKHEBro,Zoning Board of Appeals 08.26.26,https://www.youtube.com/watch?v=62qwUKHEBro,,6640,108,2026-09-08T16:42:02Z
28,Ki8TszCpmCY,Sewer Commission 08.25.26,https://www.youtube.com/watch?v=Ki8TszCpmCY,,1587,26,2026-09-08T16:42:02Z
29,c6F0SZVeDMc,Kevin Szocik Golf Challenge - Scholarship Fundraiser,https://www.youtube.com/watch?v=c6F0SZVeDMc,,370,168,2026-09-08T16:42:02Z
30,vZDJ6B71qqI,Planning Board 08.24.26,https://www.youtube.com/watch?v=vZDJ6B71qqI,,4527,88,2026-09-08T16:42:02Z
31,eGwEV-6mPI0,Touch-A-Truck 2026 Promo,https://www.youtube.com/watch?v=eGwEV-6mPI0,,53,100,2026-09-08T16:42:02Z
32,9B8uWI7kA7w,Cemetery Commission 08.19.26,https://www.youtube.com/watch?v=9B8uWI7kA7w,,4079,33,2026-09-08T16:42:02Z
33,cNWQtYXh2fQ,Conservation Commission 08.19.26,https://www.youtube.com/watch?v=cNWQtYXh2fQ,,7355,73,2026-09-08T16:42:02Z
34,revUfCcR4IU,Select Board Public Hearing  -  Dog Complaint  08.18.26,https://www.youtube.com/watch?v=revUfCcR4IU,,4935,460,2026-09-08T16:42:02Z
35,YnQcT2BMWS4,Select Board 08.18.26,https://www.youtube.com/watch?v=YnQcT2BMWS4,,5433,174,2026-09-08T16:42:02Z
36,149hE7ox_cY,Municipal Building Design Committee 08.17.26,https://www.youtube.com/watch?v=149hE7ox_cY,,5111,53,2026-09-08T16:42:02Z
37,v4qvpgKlYRg,Finance Committee 08.13.26,https://www.youtube.com/watch?v=v4qvpgKlYRg,,11019,105,2026-09-08T16:42:02Z
38,ezUwmNgj3w8,Water District 08.12.26,https://www.youtube.com/watch?v=ezUwmNgj3w8,,4618,126,2026-09-08T16:42:02Z
39,gIzjXrZwjYA,Cable Advisory Committee 08.13.26,https://www.youtube.com/watch?v=gIzjXrZwjYA,,2301,40,2026-09-08T16:42:02Z
40,C7njxgJv88A,Stormwater Task Force 08.12.26,https://www.youtube.com/watch?v=C7njxgJv88A,,3451,33,2026-09-08T16:42:02Z
41,uNUrTAXxIF8,Zoning Board of Appeals 08.12.26,https://www.youtube.com/watch?v=uNUrTAXxIF8,,118,26,2026-09-08T16:42:02Z
42,mOg7SLPGUMU,Gen Nass Beach House Dedication 08.11.26,https://www.youtube.com/watch?v=mOg7SLPGUMU,,1573,268,2026-09-08T16:42:02Z
43,oZBmdfw0PB4,Jazz Band Concert 08.10.26,https://www.youtube.com/watch?v=oZBmdfw0PB4,,5213,113,2026-09-08T16:42:02Z
44,a8-FjUsW9iw,Council on Aging 08.11.26,https://www.youtube.com/watch?v=a8-FjUsW9iw,,3411,73,2026-09-08T16:42:02Z
45,7CbIQ2xhEw4,Select Board Meeting  - Site Visit to Brooks House and TCP 08.11.26,https://www.youtube.com/watch?v=7CbIQ2xhEw4,,4259,167,2026-09-08T16:42:02Z
46,ESm5-N4Curs,Sewer Commission 08.11.26,https://www.youtube.com/watch?v=ESm5-N4Curs,,2197,37,2026-09-08T16:42:02Z
47,UTAi2_3RDYU,Select Board 08.10.26,https://www.youtube.com/watch?v=UTAi2_3RDYU,,803,115,2026-09-08T16:42:02Z
48,KZf5AVu8sjQ,Planning Board 08.10.26,https://www.youtube.com/watch?v=KZf5AVu8sjQ,,1772,66,2026-09-08T16:42:02Z
49,RdQnC7CM-Dg,Senior Real Estate Tax Exemption Means Testing Presentation 08.10.26,https://www.youtube.com/watch?v=RdQnC7CM-Dg,,2842,88,2026-09-08T16:42:02Z
50,GZqWkWkz8IY,Conservation Commission 08.05.26,https://www.youtube.com/watch?v=GZqWkWkz8IY,,9699,63,2026-09-08T16:42:02Z
51,N_IaHAJniy0,Board of Assessors 08.05.26,https://www.youtube.com/watch?v=N_IaHAJniy0,,4391,46,2026-09-08T16:42:02Z
52,yz0b6T1GdWA,Select Board 08.04.26,https://www.youtube.com/watch?v=yz0b6T1GdWA,,5846,158,2026-09-08T16:42:02Z
53,QDMwtSUlVDY,Personnel Committee 08.03.26,https://www.youtube.com/watch?v=QDMwtSUlVDY,,4088,66,2026-09-08T16:42:02Z
54,YJ8CLX_0gLA,Municipal Building Design Committee 08.03.26,https://www.youtube.com/watch?v=YJ8CLX_0gLA,,5408,54,2026-09-08T16:42:02Z
55,gc8unwrEL3k,Cemetery Commission 07.30.26,https://www.youtube.com/watch?v=gc8unwrEL3k,,4019,26,2026-09-08T16:42:02Z
56,wR4gBkOqIaE,School Committee 07.29.26,https://www.youtube.com/watch?v=wR4gBkOqIaE,,7873,182,2026-09-08T16:42:02Z
57,QBqOdsKYHlA,Celebrating 100 Years  - A History of Hickory Hills Lake  07.25.26,https://www.youtube.com/watch?v=QBqOdsKYHlA,,2888,691,2026-09-08T16:42:02Z
58,88WCAj-HMbk,Sewer Commission 07.28.26,https://www.youtube.com/watch?v=88WCAj-HMbk,,3184,37,2026-09-08T16:42:02Z
59,1fNLbfV7UT4,Select Board 07.28.26,https://www.youtube.com/watch?v=1fNLbfV7UT4,,10772,134,2026-09-08T16:42:02Z
60,ax-r_7JAUZU,"Lunenburg Storytime - The Books We Love, Season 6 Episode 12",https://www.youtube.com/watch?v=ax-r_7JAUZU,,3066,32,2026-09-08T16:42:02Z
61,5v_3VPZyn6U,Select Board 07.27.26,https://www.youtube.com/watch?v=5v_3VPZyn6U,,1097,114,2026-09-08T16:42:02Z
62,2GIMJnxvJyg,Planning Board 07.27.26,https://www.youtube.com/watch?v=2GIMJnxvJyg,,2887,54,2026-09-08T16:42:02Z
63,UvO292Q4t1E,Trust Funds Commission 07.24.26,https://www.youtube.com/watch?v=UvO292Q4t1E,,3869,62,2026-09-08T16:42:02Z
64,bVxYojcK0bY,"Book Club - ""The Alchemist"" S1 Episode 6",https://www.youtube.com/watch?v=bVxYojcK0bY,,2180,65,2026-09-08T16:42:02Z
65,wKriZio5rGo,Water District 07.22.26,https://www.youtube.com/watch?v=wKriZio5rGo,,3220,93,2026-09-08T16:42:02Z
66,cUYXjTh0Jq8,Cable Advisory Committee 07.23.26,https://www.youtube.com/watch?v=cUYXjTh0Jq8,,1833,25,2026-09-08T16:42:02Z
67,KZQrOju5CWo,Finance Comittee 07.23.26,https://www.youtube.com/watch?v=KZQrOju5CWo,,9057,86,2026-09-08T16:42:02Z
68,QhMt1oE8eZo,Parks Commission 07.22.26,https://www.youtube.com/watch?v=QhMt1oE8eZo,,6670,49,2026-09-08T16:42:02Z
69,COzfPKYMWPA,Select Board 07.21.26,https://www.youtube.com/watch?v=COzfPKYMWPA,,4774,139,2026-09-08T16:42:02Z
70,Sw4V96eWV0w,Lunenburg Band Concert 07.20.26,https://www.youtube.com/watch?v=Sw4V96eWV0w,,4968,37,2026-09-08T16:42:02Z
71,FvJj-S-iEug,Planning Board 07.20.26,https://www.youtube.com/watch?v=FvJj-S-iEug,,6442,67,2026-09-08T16:42:02Z
72,uLFRcL_1gRs,Water District 07.15.26,https://www.youtube.com/watch?v=uLFRcL_1gRs,,5524,98,2026-09-08T16:42:02Z
73,Dvp2YlTJOXo,School Committee 07.15.26,https://www.youtube.com/watch?v=Dvp2YlTJOXo,,3563,453,2026-09-08T16:42:02Z
74,tlJWseLMwCE,Select Board 07.14.26,https://www.youtube.com/watch?v=tlJWseLMwCE,,7833,154,2026-09-08T16:42:02Z
75,AKgxsYGcX0s,Sewer Commission 07.14.26,https://www.youtube.com/watch?v=AKgxsYGcX0s,,2758,36,2026-09-08T16:42:02Z
76,qz_uoeyPznQ,UMass Health Alliance - Home Health and Hospice 07.14.26,https://www.youtube.com/watch?v=qz_uoeyPznQ,,837,33,2026-09-08T16:42:02Z
77,R5R3xadnDc4,Council on Aging 07.14.26,https://www.youtube.com/watch?v=R5R3xadnDc4,,3025,44,2026-09-08T16:42:02Z
78,W7mdR4klO4U,Liberty Bones Band  07.13.26,https://www.youtube.com/watch?v=W7mdR4klO4U,,3654,18,2026-09-08T16:42:02Z
79,vl9pZDQHImo,Planning Board 07.13.26,https://www.youtube.com/watch?v=vl9pZDQHImo,,6397,56,2026-09-08T16:42:02Z
80,WVuUsWyBmqA,Zoning Board of Appeals 07.08.26,https://www.youtube.com/watch?v=WVuUsWyBmqA,,1252,33,2026-09-08T16:42:02Z
81,eqCVy5g-wWE,Select Board 07.07.26,https://www.youtube.com/watch?v=eqCVy5g-wWE,,6149,184,2026-09-08T16:42:02Z
82,uMBz-Ttctic,Hickory Hills Boat Parade 2026,https://www.youtube.com/watch?v=uMBz-Ttctic,,893,179,2026-09-08T16:42:02Z
83,KVzRSrdc5pc,Personnel Committee 07.06.26,https://www.youtube.com/watch?v=KVzRSrdc5pc,,4816,68,2026-09-08T16:42:02Z
84,CqrerhpDpWk,Finance Committee Appointing Committe 07.06.26,https://www.youtube.com/watch?v=CqrerhpDpWk,,859,70,2026-09-08T16:42:02Z
85,socACxBYufE,Welcome to Lunenburg by Victoria Leger  - Lunenburg Library  July 2026,https://www.youtube.com/watch?v=socACxBYufE,,1805,129,2026-09-08T16:42:02Z
86,un0bhVKAzGs,Conservation Commission 07.01.26,https://www.youtube.com/watch?v=un0bhVKAzGs,,10950,71,2026-09-08T16:42:02Z
87,ZHueTsTeRmU,Board of Assessors 07.01.26,https://www.youtube.com/watch?v=ZHueTsTeRmU,,2806,62,2026-09-08T16:42:02Z
88,pKH3IAwM5h8,"Lunenburg Storytime - The Books We Love, Season 6 Episode 11",https://www.youtube.com/watch?v=pKH3IAwM5h8,,2013,20,2026-09-08T16:42:02Z
89,TRmRLJKYE-U,Sewer Commission 06.30.26,https://www.youtube.com/watch?v=TRmRLJKYE-U,,2478,30,2026-09-08T16:42:02Z
90,O1ypL39O-TM,Select Board 06.30.26,https://www.youtube.com/watch?v=O1ypL39O-TM,,329,88,2026-09-08T16:42:02Z
91,A3O6NwydHCs,Municipal Building Design Committee 06.29.26,https://www.youtube.com/watch?v=A3O6NwydHCs,,3253,38,2026-09-08T16:42:02Z
92,jUunqV11dU4,Cemetery Commission 06.25.26,https://www.youtube.com/watch?v=jUunqV11dU4,,6870,32,2026-09-08T16:42:02Z
93,Os3tXraX6hA,Water District 06.24.26,https://www.youtube.com/watch?v=Os3tXraX6hA,,6996,82,2026-09-08T16:42:02Z
94,ZS-tW_drdqE,School Committee 06.24.26,https://www.youtube.com/watch?v=ZS-tW_drdqE,,8131,574,2026-09-08T16:42:02Z
95,46iJXIejnrw,Stormwater Task Force 06.24.26,https://www.youtube.com/watch?v=46iJXIejnrw,,8085,44,2026-09-08T16:42:02Z
96,sYBbdYKeNe4,Parks Commission 06.24.26,https://www.youtube.com/watch?v=sYBbdYKeNe4,,4556,56,2026-09-08T16:42:02Z
97,SkWt4MhuLnA,Zoning Board of Appeals 06.24.26,https://www.youtube.com/watch?v=SkWt4MhuLnA,,1467,41,2026-09-08T16:42:02Z
98,ZpNGqXJUFec,Planning Board 06.22.26,https://www.youtube.com/watch?v=ZpNGqXJUFec,,7856,87,2026-09-08T16:42:02Z
99,rDm3pV3tJNs,Conservation Commission 06.17.26,https://www.youtube.com/watch?v=rDm3pV3tJNs,,9789,69,2026-09-08T16:42:02Z
100,dJfFYbktFzs,Select Board 06.16.26,https://www.youtube.com/watch?v=dJfFYbktFzs,,2802,151,2026-09-08T16:42:02Z
101,5gIok_72gyE,Municipal Building Design Committee 06.15.26,https://www.youtube.com/watch?v=5gIok_72gyE,,4862,48,2026-09-08T16:42:02Z
102,7k6khgLOCY8,Select Board 06.15.26,https://www.youtube.com/watch?v=7k6khgLOCY8,,4350,114,2026-09-08T16:42:02Z
103,1VEth1wrPUY,American Flag Retirement Ceremony 06.14.26,https://www.youtube.com/watch?v=1VEth1wrPUY,,1692,118,2026-09-08T16:42:02Z
104,mEbZWVdEnQU,Police/Fire Memorial 06.14.26,https://www.youtube.com/watch?v=mEbZWVdEnQU,,1664,45,2026-09-08T16:42:02Z
105,saZ3-xhIGw4,Architectural Preservation District Commission 06.11.26,https://www.youtube.com/watch?v=saZ3-xhIGw4,,1460,38,2026-09-08T16:42:02Z
106,UQXjJNVXTC8,Finance Committee 06.11.26,https://www.youtube.com/watch?v=UQXjJNVXTC8,,1963,70,2026-09-08T16:42:02Z
107,LNEq_Bcx4ac,Open Space 05.13.26,https://www.youtube.com/watch?v=LNEq_Bcx4ac,,3286,24,2026-09-08T16:42:02Z
108,4xhT6FUJXCE,Water District 06.10.26,https://www.youtube.com/watch?v=4xhT6FUJXCE,,7459,115,2026-09-08T16:42:02Z
109,4GrzmgQrIew,Zoning Board of Appeals 06.10.26,https://www.youtube.com/watch?v=4GrzmgQrIew,,3718,52,2026-09-08T16:42:02Z
110,tunb0BN9ZZI,Sewer Commission 06.09.26,https://www.youtube.com/watch?v=tunb0BN9ZZI,,2278,34,2026-09-08T16:42:02Z
111,Mpy-SIWetZk,Council on Aging 06.09.26,https://www.youtube.com/watch?v=Mpy-SIWetZk,,4855,62,2026-09-08T16:42:02Z
112,OhPV8uJN214,"""Book Club"" -  Season 1 Episode 5",https://www.youtube.com/watch?v=OhPV8uJN214,,1925,27,2026-09-08T16:42:02Z
113,KER5caW3LK0,Conservation Commission 06.03.26,https://www.youtube.com/watch?v=KER5caW3LK0,,6584,50,2026-09-08T16:42:02Z
114,0drqJ-uZ_HM,Planning Board 06.08.26,https://www.youtube.com/watch?v=0drqJ-uZ_HM,,7095,68,2026-09-08T16:42:02Z
115,CZXhc9kHajY,Lunenburg High School Graduation 2026,https://www.youtube.com/watch?v=CZXhc9kHajY,,5134,359,2026-09-08T16:42:02Z
116,7NeFtcpblz0,American Flag Retirement Ceremony 06.14.26,https://www.youtube.com/watch?v=7NeFtcpblz0,,309,121,2026-09-08T16:42:02Z
117,pwu5tQeggPU,Board of Assessors 06.03.26,https://www.youtube.com/watch?v=pwu5tQeggPU,,5527,51,2026-09-08T16:42:02Z
118,Iu4Ha9TpRKs,School Committee 06.03.26,https://www.youtube.com/watch?v=Iu4Ha9TpRKs,,6457,229,2026-09-08T16:42:02Z
119,oxtIBst2No8,Baccalaureate 06.02.26,https://www.youtube.com/watch?v=oxtIBst2No8,,3697,29,2026-09-08T16:42:02Z
120,jFhkCL7o0oE,Water District Special Meeting 06.03.26,https://www.youtube.com/watch?v=jFhkCL7o0oE,,2540,113,2026-09-08T16:42:02Z
121,zkmjpWzNB8M,Select Board 06.02.26,https://www.youtube.com/watch?v=zkmjpWzNB8M,,6914,229,2026-09-08T16:42:02Z
122,S7I_Ju-yKlg,Municipal Building Design Committee 060126,https://www.youtube.com/watch?v=S7I_Ju-yKlg,,1938,35,2026-09-08T16:42:02Z
123,9UzLLaPPoDk,Lunenburg Middle-High School - 2026 Spring Chorus and Band Concert,https://www.youtube.com/watch?v=9UzLLaPPoDk,,6636,158,2026-09-08T16:42:02Z
124,jcEcAf4m8vI,"Lunenburg Storytime - The Books We Love, Season 6 Episode 10",https://www.youtube.com/watch?v=jcEcAf4m8vI,,1648,37,2026-09-08T16:42:02Z
125,wbVcmEKBCvs,PACC 06.01.26,https://www.youtube.com/watch?v=wbVcmEKBCvs,,2071,29,2026-09-08T16:42:02Z
126,2zGkVTlKOf0,Lunenburg Spring Fair 05.31.26,https://www.youtube.com/watch?v=2zGkVTlKOf0,,1025,89,2026-09-08T16:42:02Z
127,GLNiLTdN20M,Sewer Commission 05.26.26,https://www.youtube.com/watch?v=GLNiLTdN20M,,2956,42,2026-09-08T16:42:02Z
128,ohMm6glUw-Y,Parks Commission 05.27.26,https://www.youtube.com/watch?v=ohMm6glUw-Y,,6148,59,2026-09-08T16:42:02Z
129,BUB31HGDim4,Finance Committee 05.28.26,https://www.youtube.com/watch?v=BUB31HGDim4,,3135,131,2026-09-08T16:42:02Z
130,ClRJu_ANH7s,"LMHS Jazz Concert - May 27th, 2026",https://www.youtube.com/watch?v=ClRJu_ANH7s,,2082,127,2026-09-08T16:42:02Z
131,KWEPsAqCXR4,"Lunenburg Water District Meeting - May 27th, 2026",https://www.youtube.com/watch?v=KWEPsAqCXR4,,3272,117,2026-09-08T16:42:02Z
132,_9oxsEQkjjg,Monty Tech Graduation 05.27.26,https://www.youtube.com/watch?v=_9oxsEQkjjg,,6485,452,2026-09-08T16:42:02Z
133,CvntEwH-650,Zoning Board of Appeal 05.27.26,https://www.youtube.com/watch?v=CvntEwH-650,,1471,47,2026-09-08T16:42:02Z
134,TRvFWe6rfdg,Water District 05.26.26,https://www.youtube.com/watch?v=TRvFWe6rfdg,,1326,92,2026-09-08T16:42:02Z
135,fzy3T0b0-T8,Memorial Day Ceremony 052526,https://www.youtube.com/watch?v=fzy3T0b0-T8,,2155,86,2026-09-08T16:42:02Z
136,1-I5fGSZuaI,Lions Club Cruise Night 05.20.26,https://www.youtube.com/watch?v=1-I5fGSZuaI,,282,61,2026-09-08T16:42:02Z
137,ZTudRDDxJ1Y,Conservation Commission 05.21.26,https://www.youtube.com/watch?v=ZTudRDDxJ1Y,,3313,41,2026-09-08T16:42:02Z
138,WMLR7WqrZPw,School Committee 05.20.26,https://www.youtube.com/watch?v=WMLR7WqrZPw,,9244,261,2026-09-08T16:42:02Z
139,C4Td8XQ2b-Y,Conservation Commission 05.20.26,https://www.youtube.com/watch?v=C4Td8XQ2b-Y,,6440,59,2026-09-08T16:42:02Z
140,3RS4Uf6B8Eo,Veterans Breakfast - Veteran Voices 05 15 26,https://www.youtube.com/watch?v=3RS4Uf6B8Eo,,408,37,2026-09-08T16:42:02Z
141,jcCCuDRpo-Y,Stormwater Task Force 05.18.26,https://www.youtube.com/watch?v=jcCCuDRpo-Y,,6588,25,2026-09-08T16:42:02Z
142,JnVWS4tJouo,Select Board 05.19.26,https://www.youtube.com/watch?v=JnVWS4tJouo,,3281,360,2026-09-08T16:42:02Z
143,Qdc4naoZ_CY,Water District 05.13.26,https://www.youtube.com/watch?v=Qdc4naoZ_CY,,8474,127,2026-09-08T16:42:02Z
144,fRwzTHYCHgU,Board of Assessors 05.13.26,https://www.youtube.com/watch?v=fRwzTHYCHgU,,5933,81,2026-09-08T16:42:02Z
145,hEVmercA6hg,Zoning Board of Appeals 05.13.26,https://www.youtube.com/watch?v=hEVmercA6hg,,988,55,2026-09-08T16:42:02Z
146,dKFTvMbCVeI,Economic Development Committee 05.12.26,https://www.youtube.com/watch?v=dKFTvMbCVeI,,1161,24,2026-09-08T16:42:02Z
147,6Gpr1bfx6A4,Citizens Duty to Honor Our Veterans - Flag Staking on Veteran Graves May 16th 12pm at North Cemetery,https://www.youtube.com/watch?v=6Gpr1bfx6A4,,232,143,2026-09-08T16:42:02Z
148,Vah7RuSz4_8,Sewer Commission 05.12.26,https://www.youtube.com/watch?v=Vah7RuSz4_8,,2053,34,2026-09-08T16:42:02Z
149,PB62RArjFOw,"Lunenburg Citizens for Affordable Clean Water - May 12, 2026",https://www.youtube.com/watch?v=PB62RArjFOw,,946,516,2026-09-08T16:42:02Z
150,YjJDjoakyXo,"""What to Know Before You Go"" - End of Life Planning with Mike Masciarelli  05.13.26",https://www.youtube.com/watch?v=YjJDjoakyXo,,3503,65,2026-09-08T16:42:02Z
151,pKf63jmaerU,Lincoln Pavilion Dedication 05.12.26,https://www.youtube.com/watch?v=pKf63jmaerU,,1229,161,2026-09-08T16:42:02Z
152,2sGk_OTwL_c,Council on Aging  05.12.26,https://www.youtube.com/watch?v=2sGk_OTwL_c,,3174,27,2026-09-08T16:42:02Z
153,Zm5Mx4qR6ic,Select Board 05.12.26,https://www.youtube.com/watch?v=Zm5Mx4qR6ic,,4785,213,2026-09-08T16:42:02Z
154,6xwAhcr2hOU,Planning Board 05.11.26,https://www.youtube.com/watch?v=6xwAhcr2hOU,,2549,59,2026-09-08T16:42:02Z
155,u2UNO7ASn1c,"""Welcome to Lunenburg"" - Historical Society,  S1 Ep1",https://www.youtube.com/watch?v=u2UNO7ASn1c,,1608,250,2026-09-08T16:42:02Z
156,FKFXZxfz6V0,Trust Funds Commission 05.07.26,https://www.youtube.com/watch?v=FKFXZxfz6V0,,5423,57,2026-09-08T16:42:02Z
157,x3f-Q2Db_14,School Committee 05.06.26,https://www.youtube.com/watch?v=x3f-Q2Db_14,,8274,465,2026-09-08T16:42:02Z
158,KB-QiAFS55Q,Conservation Commission 05.06.26,https://www.youtube.com/watch?v=KB-QiAFS55Q,,12942,64,2026-09-08T16:42:02Z
159,-lVXiy8aW5M,Water District 05.06.26,https://www.youtube.com/watch?v=-lVXiy8aW5M,,9732,157,2026-09-08T16:42:02Z
160,KkmAQOb3gUQ,Select Board 05.05.26,https://www.youtube.com/watch?v=KkmAQOb3gUQ,,2565,144,2026-09-08T16:42:02Z
161,V5b-aTuNs_g,Lunenburg Ace Program Interviews Work INC,https://www.youtube.com/watch?v=V5b-aTuNs_g,,992,40,2026-09-08T16:42:02Z
162,DLnX1bPMJdc,Lunenburg ACE Program Interviews Seven Hills,https://www.youtube.com/watch?v=DLnX1bPMJdc,,541,48,2026-09-08T16:42:02Z
163,ZuTuXBJ7MTQ,Lunenburg ACE Program Interviews Mass Ability,https://www.youtube.com/watch?v=ZuTuXBJ7MTQ,,865,21,2026-09-08T16:42:02Z
164,3O9RnlIVgzY,Lunenburg ACE Program Interviews Department of Developmental Services DDS,https://www.youtube.com/watch?v=3O9RnlIVgzY,,855,76,2026-09-08T16:42:02Z
165,hOtGSCdR_Rs,PACC 05.04.26,https://www.youtube.com/watch?v=hOtGSCdR_Rs,,2602,16,2026-09-08T16:42:02Z
166,90PSXCml4tU,Capital Planning Committee 04.30.26,https://www.youtube.com/watch?v=90PSXCml4tU,,2082,23,2026-09-08T16:42:02Z
167,XPu6b2OxSAE,Lunenburg Annual Town Meeting 05.02.26 (audio edited),https://www.youtube.com/watch?v=XPu6b2OxSAE,,24997,191,2026-09-08T16:42:02Z
168,F0viGd2yFSU,Annual Town Meeting 05.02.26,https://www.youtube.com/watch?v=F0viGd2yFSU,,24985,291,2026-09-08T16:42:02Z
169,Qxau0aMYpVk,Select Board 04.30.26,https://www.youtube.com/watch?v=Qxau0aMYpVk,,141,100,2026-09-08T16:42:02Z
170,rjCqM1XMcwk,Green Communities Task Force 04.27.26,https://www.youtube.com/watch?v=rjCqM1XMcwk,,2425,20,2026-09-08T16:42:02Z
171,0hk_UcqgRoQ,Sewer Commission 04.28.26,https://www.youtube.com/watch?v=0hk_UcqgRoQ,,1818,24,2026-09-08T16:42:02Z
172,-HoRiRY7JzE,Municipal Building Design Committee 04.27.26,https://www.youtube.com/watch?v=-HoRiRY7JzE,,3240,40,2026-09-08T16:42:02Z
173,GOFSb6Gi0yg,"Lunenburg Storytime - The Books We Love, Season 6 Episode 9",https://www.youtube.com/watch?v=GOFSb6Gi0yg,,2360,23,2026-09-08T16:42:02Z
174,L1lLCg6CfxU,"Book Club - ""Small Things Like These"", Season 1 Episode 4",https://www.youtube.com/watch?v=L1lLCg6CfxU,,1796,38,2026-09-08T16:42:02Z
175,5TtFDiodgeQ,Planning Board 04.27.26,https://www.youtube.com/watch?v=5TtFDiodgeQ,,5614,91,2026-09-08T16:42:02Z
176,e0-d3oo_cAI,Cemetery Commission 04.23.26,https://www.youtube.com/watch?v=e0-d3oo_cAI,,4145,48,2026-09-08T16:42:02Z
177,rj663wEGQt4,Trust Funds Commission 04.23.26,https://www.youtube.com/watch?v=rj663wEGQt4,,5516,65,2026-09-08T16:42:02Z
178,Nd3RKxyIcbg,Blues Guitar with Arthur James - Lunenburg Library 04.22.26,https://www.youtube.com/watch?v=Nd3RKxyIcbg,,3871,76,2026-09-08T16:42:02Z
179,szimFHvo_cU,Parks Commission 04.22.26,https://www.youtube.com/watch?v=szimFHvo_cU,,2139,38,2026-09-08T16:42:02Z
180,Fmn9j9fXsso,Water District 04.22.26,https://www.youtube.com/watch?v=Fmn9j9fXsso,,7606,97,2026-09-08T16:42:02Z
181,hWLWclCjbx8,Board of Assessors 04.22.26,https://www.youtube.com/watch?v=hWLWclCjbx8,,3953,40,2026-09-08T16:42:02Z
182,GYN4Rx91By4,"Committee Confidential - Open Space Committee,  Season 1 Episode 4",https://www.youtube.com/watch?v=GYN4Rx91By4,,1384,33,2026-09-08T16:42:02Z
183,bsHjW-JyBIs,925 Mass Ave - What Should it Be? Public Input 04.21.26,https://www.youtube.com/watch?v=bsHjW-JyBIs,,2297,137,2026-09-08T16:42:02Z
184,_JDMK4iDFTc,Select Board 04.21.26,https://www.youtube.com/watch?v=_JDMK4iDFTc,,2313,151,2026-09-08T16:42:02Z
185,u8GqHtL09c8,Conservation Commission 04.15.26,https://www.youtube.com/watch?v=u8GqHtL09c8,,9878,48,2026-09-08T16:42:02Z
186,a13wZYZdUzA,Are You Smarter than Our 6th Graders 04.17.26,https://www.youtube.com/watch?v=a13wZYZdUzA,,6666,57,2026-09-08T16:42:02Z
187,HCOfv6vm1J0,Stormwater Task Force 04.16.26,https://www.youtube.com/watch?v=HCOfv6vm1J0,,3838,31,2026-09-08T16:42:02Z
188,3qvTFo6yU_s,School Committee 04.15.26,https://www.youtube.com/watch?v=3qvTFo6yU_s,,6055,138,2026-09-08T16:42:02Z
189,cjRQCwRWJdU,Council on Aging 04.14.26,https://www.youtube.com/watch?v=cjRQCwRWJdU,,6548,65,2026-09-08T16:42:02Z
190,iyPSp6D0fck,Economic Development Committee 04.14.26,https://www.youtube.com/watch?v=iyPSp6D0fck,,2840,26,2026-09-08T16:42:02Z
191,Vz1CQZ97SQo,Sewer Commission 04.14.26,https://www.youtube.com/watch?v=Vz1CQZ97SQo,,1484,23,2026-09-08T16:42:02Z
192,sF7yvu2C25w,Select Board 04.14.26,https://www.youtube.com/watch?v=sF7yvu2C25w,,6151,256,2026-09-08T16:42:02Z
193,_Hswnum9XPs,Planning Board 04.13.26,https://www.youtube.com/watch?v=_Hswnum9XPs,,6346,77,2026-09-08T16:42:02Z
194,MLffR3G_jpY,Meet the Author - Carolyn Hochard 04.09.26,https://www.youtube.com/watch?v=MLffR3G_jpY,,2269,40,2026-09-08T16:42:02Z
195,nm0KqHcL6wk,Trust Funds Commission 04.09.26,https://www.youtube.com/watch?v=nm0KqHcL6wk,,5380,59,2026-09-08T16:42:02Z
196,BOHteR8Cf2U,Bone Health Presentation at the Lunenburg Adult Activity Center  04.09.26,https://www.youtube.com/watch?v=BOHteR8Cf2U,,4521,18,2026-09-08T16:42:02Z
197,oAX_AeG8ang,Water District 04.08.26,https://www.youtube.com/watch?v=oAX_AeG8ang,,8552,134,2026-09-08T16:42:02Z
198,qhcoE_wDqt8,Board of Assessors 04.08.26,https://www.youtube.com/watch?v=qhcoE_wDqt8,,4518,56,2026-09-08T16:42:02Z
199,14jMqDePWPU,Social Security and Financial Planning 04.07.26,https://www.youtube.com/watch?v=14jMqDePWPU,,4084,38,2026-09-08T16:42:02Z
200,rPW2ew89EDs,Select Board 04.07.26,https://www.youtube.com/watch?v=rPW2ew89EDs,,6247,221,2026-09-08T16:42:02Z
201,8usm4uHzje8,PACC 04.06.26,https://www.youtube.com/watch?v=8usm4uHzje8,,3926,27,2026-09-08T16:42:02Z
202,nyauVYl3zd0,Finance Committee 04.06.26,https://www.youtube.com/watch?v=nyauVYl3zd0,,5825,86,2026-09-08T16:42:02Z
203,6e1qqy-V_rk,Conservation Commission 04.01.26,https://www.youtube.com/watch?v=6e1qqy-V_rk,,12574,69,2026-09-08T16:42:02Z
204,j2TFZHcskZ0,Stormwater Task Force 03.25.26,https://www.youtube.com/watch?v=j2TFZHcskZ0,,2672,19,2026-09-08T16:42:02Z
205,erUXTd1phSg,Finance Committee 04.02.26,https://www.youtube.com/watch?v=erUXTd1phSg,,7391,107,2026-09-08T16:42:02Z
206,4ef6KsOweWs,School Committee 04.01.26,https://www.youtube.com/watch?v=4ef6KsOweWs,,6575,169,2026-09-08T16:42:02Z
207,bhPwy5BiYVI,"Lunenburg Storytime - The Books We Love, Season 6 Episode 8",https://www.youtube.com/watch?v=bhPwy5BiYVI,,2931,12,2026-09-08T16:42:02Z
208,3v5DIekiG2A,Sewer Commission 03.31.26,https://www.youtube.com/watch?v=3v5DIekiG2A,,1746,21,2026-09-08T16:42:02Z
209,ACXm07GcviI,Select Board 03.31.26,https://www.youtube.com/watch?v=ACXm07GcviI,,6265,132,2026-09-08T16:42:02Z
210,mLQwvNBhEdU,Water District Annual Meeting 03.28.26,https://www.youtube.com/watch?v=mLQwvNBhEdU,,7618,323,2026-09-08T16:42:02Z
211,0wWgYdt2FI8,Cemetery Commission 03.26.26,https://www.youtube.com/watch?v=0wWgYdt2FI8,,4616,37,2026-09-08T16:42:02Z
212,tZv6KVIYb9w,Finance Committee 03.26.26,https://www.youtube.com/watch?v=tZv6KVIYb9w,,15158,152,2026-09-08T16:42:02Z
213,IyTc8GPySz0,Trust Fund Commission 03.26.26,https://www.youtube.com/watch?v=IyTc8GPySz0,,5525,53,2026-09-08T16:42:02Z
214,7Vr3PHnsnIY,Parks Commission 03.25.26,https://www.youtube.com/watch?v=7Vr3PHnsnIY,,1508,35,2026-09-08T16:42:02Z
215,3_TRGzxM9tk,Committee Confidential - Season1 Episode 3  Select Board,https://www.youtube.com/watch?v=3_TRGzxM9tk,,981,110,2026-09-08T16:42:02Z
216,BoAeWbis_dM,Water District 03.25.26,https://www.youtube.com/watch?v=BoAeWbis_dM,,3064,207,2026-09-08T16:42:02Z
217,lq1UgU1vxNg,TriBoard 03.24.26,https://www.youtube.com/watch?v=lq1UgU1vxNg,,6117,176,2026-09-08T16:42:02Z
218,_2iNJ6SvsCs,Select Board Workshop 03.23.26,https://www.youtube.com/watch?v=_2iNJ6SvsCs,,7873,173,2026-09-08T16:42:02Z
219,3e32DKaEsMo,"Town Meeting - May 7, 2016  Part 2",https://www.youtube.com/watch?v=3e32DKaEsMo,,9718,28,2026-09-08T16:42:02Z
220,u8HHLQKOfug,"Town Meeting - May 7, 2016  Part 1",https://www.youtube.com/watch?v=u8HHLQKOfug,,11372,31,2026-09-08T16:42:02Z
221,rfgkwHS9-54,School Committee 03.23.26,https://www.youtube.com/watch?v=rfgkwHS9-54,,5963,207,2026-09-08T16:42:02Z
222,5_eJFBNX9JY,Planning Board 03.23.26,https://www.youtube.com/watch?v=5_eJFBNX9JY,,4376,64,2026-09-08T16:42:02Z
223,d8UUVRoCwoY,School Committee 03.18.26,https://www.youtube.com/watch?v=d8UUVRoCwoY,,13262,320,2026-09-08T16:42:02Z
224,L59KGHsyvWI,Beekeeping with John Hedly 03.18.26,https://www.youtube.com/watch?v=L59KGHsyvWI,,5098,21,2026-09-08T16:42:02Z
225,ZOabmf1VKjg,Finance Committee 03.19.26,https://www.youtube.com/watch?v=ZOabmf1VKjg,,845,87,2026-09-08T16:42:02Z
226,qRjZFlAZx6M,Conservation Commission 03.18.26,https://www.youtube.com/watch?v=qRjZFlAZx6M,,10422,76,2026-09-08T16:42:02Z
227,S3K-268mDJs,Select Board 03.17.26,https://www.youtube.com/watch?v=S3K-268mDJs,,6264,217,2026-09-08T16:42:02Z
228,QkqNg9jDIEM,Select Board Workshop 03.16.26,https://www.youtube.com/watch?v=QkqNg9jDIEM,,8794,258,2026-09-08T16:42:02Z
229,QzbeZsuL9KI,Architectural Preservation District Commission 03.12.26,https://www.youtube.com/watch?v=QzbeZsuL9KI,,2001,25,2026-09-08T16:42:02Z
230,bbyuOZrwZiU,Planning Board 03.16.26,https://www.youtube.com/watch?v=bbyuOZrwZiU,,10290,90,2026-09-08T16:42:02Z
231,bwTkjEJBMFc,Finance Committee 03.12.26,https://www.youtube.com/watch?v=bwTkjEJBMFc,,11938,133,2026-09-08T16:42:02Z
232,K5SV7asqOUY,Trust Funds Commission 03.12.26,https://www.youtube.com/watch?v=K5SV7asqOUY,,5586,35,2026-09-08T16:42:02Z
233,TnC0oz4QHs0,Irish Step Dancers at Lunenburg Adult Activity Center 03.12.26,https://www.youtube.com/watch?v=TnC0oz4QHs0,,1431,198,2026-09-08T16:42:02Z
234,brhngwEB2Ms,Board of Assessors Tax Exemption Presentation 03.12.26,https://www.youtube.com/watch?v=brhngwEB2Ms,,2366,57,2026-09-08T16:42:02Z
235,L6BHM4GABqE,Water District 03.11.26,https://www.youtube.com/watch?v=L6BHM4GABqE,,3694,107,2026-09-08T16:42:02Z
236,KDFCZ2cRJaA,Zoning Board of Appeals 03.11.26,https://www.youtube.com/watch?v=KDFCZ2cRJaA,,1786,39,2026-09-08T16:42:02Z
237,AibsbE20srM,Open Space Committee 03.11.26,https://www.youtube.com/watch?v=AibsbE20srM,,660,23,2026-09-08T16:42:02Z
238,Uth37yyihBA,Sewer Commission 03.10.26,https://www.youtube.com/watch?v=Uth37yyihBA,,2575,41,2026-09-08T16:42:02Z
239,J2xuwwj9eJo,TriBoard Meeting 03.10.26,https://www.youtube.com/watch?v=J2xuwwj9eJo,,8588,149,2026-09-08T16:42:02Z
240,7TS97IU0kuA,Select Board 03.10.26,https://www.youtube.com/watch?v=7TS97IU0kuA,,3748,106,2026-09-08T16:42:02Z
241,YpU62iQn_fE,Lunenburg Historical Society Presents - Meet John Adams  03.10.26,https://www.youtube.com/watch?v=YpU62iQn_fE,,4772,57,2026-09-08T16:42:02Z
242,drYl3vy4k8c,Council on Aging 03.10.26,https://www.youtube.com/watch?v=drYl3vy4k8c,,3850,27,2026-09-08T16:42:02Z
243,DNm34tmxesA,Municipal Building Design Committee 03.09.26,https://www.youtube.com/watch?v=DNm34tmxesA,,5590,36,2026-09-08T16:42:02Z
244,lQRi_5rT6ms,Kushmerek Connection -  Lunenburg Police Chief Jeffrey Thibodeau,https://www.youtube.com/watch?v=lQRi_5rT6ms,,1590,67,2026-09-08T16:42:02Z
245,x9-Dms-XqYU,Stormwater Task Force - Public Information Session 03.05.26,https://www.youtube.com/watch?v=x9-Dms-XqYU,,3395,116,2026-09-08T16:42:02Z
246,nOjhdlIY9m4,Finance Committee 03.05.26,https://www.youtube.com/watch?v=nOjhdlIY9m4,,9569,106,2026-09-08T16:42:02Z
247,nfSdiKc6yvo,School Committee 03.04.26,https://www.youtube.com/watch?v=nfSdiKc6yvo,,9238,147,2026-09-08T16:42:02Z
248,44DUODpJsBw,Parks Commission 03.04.26,https://www.youtube.com/watch?v=44DUODpJsBw,,6472,28,2026-09-08T16:42:02Z
249,uHp7Jb4xQ1E,Conservation Commission 03.04.26,https://www.youtube.com/watch?v=uHp7Jb4xQ1E,,12841,56,2026-09-08T16:42:02Z
250,UQ6B3uavl_c,Book Club - Season 1 Episode 3,https://www.youtube.com/watch?v=UQ6B3uavl_c,,1405,38,2026-09-08T16:42:02Z
251,U6Pk4Wael60,Stormwater Task Force 03.03.26,https://www.youtube.com/watch?v=U6Pk4Wael60,,4749,36,2026-09-08T16:42:02Z
252,6jXf3lDC_-U,Select Board 03.03.26,https://www.youtube.com/watch?v=6jXf3lDC_-U,,8846,135,2026-09-08T16:42:02Z
253,nNf0YeVWkus,Lunenburg Fire Department  - 4th Shift Proposal 03.02.26,https://www.youtube.com/watch?v=nNf0YeVWkus,,1488,595,2026-09-08T16:42:02Z
254,wwcwd2JgeEo,PACC 03.02.26,https://www.youtube.com/watch?v=wwcwd2JgeEo,,4781,18,2026-09-08T16:42:02Z
255,o2OE5nMjccs,"Lunenburg Storytime - The Books We Love, Season 6 Episode 7",https://www.youtube.com/watch?v=o2OE5nMjccs,,1695,53,2026-09-08T16:42:02Z
256,xZufTTLs7ug,LHS Boys Hockey vs Pentucket Regn'l HS 02.26.26,https://www.youtube.com/watch?v=xZufTTLs7ug,,4319,153,2026-09-08T16:42:02Z
257,pd81B-p34KE,Cemetery Commission 02.26.26,https://www.youtube.com/watch?v=pd81B-p34KE,,4596,30,2026-09-08T16:42:02Z
258,eCZOBl4IY94,LMHS Jazz Concert 02.26.26,https://www.youtube.com/watch?v=eCZOBl4IY94,,2062,94,2026-09-08T16:42:02Z
259,A4dDCncf5cQ,Finance Committee 02.26.26,https://www.youtube.com/watch?v=A4dDCncf5cQ,,14753,111,2026-09-08T16:42:02Z
260,cVYmZPJvgBg,School Committee 02.25.26,https://www.youtube.com/watch?v=cVYmZPJvgBg,,10737,111,2026-09-08T16:42:02Z
261,TpD4eQ-Xqr0,Lunenburg Police Officer Recovers Money From Bitcoin Scam: What You Need to Know About Scams,https://www.youtube.com/watch?v=TpD4eQ-Xqr0,,740,288,2026-09-08T16:42:02Z
262,CQkYYkNmjYI,LHS Boys Basketball vs Bromfield School 02.25.26,https://www.youtube.com/watch?v=CQkYYkNmjYI,,4703,246,2026-09-08T16:42:02Z
263,LpMw-IIdHtM,LHS Girls Basketball vs Putnam Voc/Tech HS 2.25.26,https://www.youtube.com/watch?v=LpMw-IIdHtM,,4358,74,2026-09-08T16:42:02Z
264,aDYrS5gQaPQ,Water District Special Meeting 02.25.26,https://www.youtube.com/watch?v=aDYrS5gQaPQ,,858,43,2026-09-08T16:42:02Z
265,E0Bl5XMeKDg,Board of Assessors 02.25.26,https://www.youtube.com/watch?v=E0Bl5XMeKDg,,6721,29,2026-09-08T16:42:02Z
266,CY8qGNhM1y8,Water District 02.25.26,https://www.youtube.com/watch?v=CY8qGNhM1y8,,777,41,2026-09-08T16:42:02Z
267,-Oy2emFIKUg,Master Plan Steering Committee 02.25.26,https://www.youtube.com/watch?v=-Oy2emFIKUg,,1731,17,2026-09-08T16:42:02Z
268,pwsuBm1qjGY,Sewer Commission 02.24.26,https://www.youtube.com/watch?v=pwsuBm1qjGY,,3486,31,2026-09-08T16:42:02Z
269,JVB4H7xpVUw,Select Board 02.24.26,https://www.youtube.com/watch?v=JVB4H7xpVUw,,1690,64,2026-09-08T16:42:02Z
270,zdeK5iigzNY,Finance Committee 02.19.26,https://www.youtube.com/watch?v=zdeK5iigzNY,,12026,162,2026-09-08T16:42:02Z
271,AJ_D9dIdV_0,Stormwater Task Force 02.19.26,https://www.youtube.com/watch?v=AJ_D9dIdV_0,,9098,31,2026-09-08T16:42:02Z
272,rWS_CLPpjmQ,Conservation Commission 02.18.26,https://www.youtube.com/watch?v=rWS_CLPpjmQ,,10448,46,2026-09-08T16:42:02Z
273,k2D-Ek66C_E,A Night of Scottish Music with Elizabeth Anderson and Giulia Haible Lunenburg Library 02.18.26,https://www.youtube.com/watch?v=k2D-Ek66C_E,,3369,35,2026-09-08T16:42:02Z
274,VfWvWHwTzog,Select Board 02.17.26,https://www.youtube.com/watch?v=VfWvWHwTzog,,5488,115,2026-09-08T16:42:02Z
275,4h8Kix9T4V4,Sewer Commission 02.12.26,https://www.youtube.com/watch?v=4h8Kix9T4V4,,3704,32,2026-09-08T16:42:02Z
276,PNasqLeEmzA,Architecture Preservation District Commission 02.12.26,https://www.youtube.com/watch?v=PNasqLeEmzA,,1814,20,2026-09-08T16:42:02Z
277,S7dMaZ7TkQg,LHS Boys Basketball vs Narragansett Regional HS 02.12.26,https://www.youtube.com/watch?v=S7dMaZ7TkQg,,5439,127,2026-09-08T16:42:02Z
278,iGeYk_rpnO4,Finance Committee 02.12.26,https://www.youtube.com/watch?v=iGeYk_rpnO4,,2578,87,2026-09-08T16:42:02Z
279,oBW_GZJln3g,Trust Fund Commission 02.12.26,https://www.youtube.com/watch?v=oBW_GZJln3g,,5159,391,2026-09-08T16:42:02Z
280,A57Rt-gUlPI,Water District 02.11.26,https://www.youtube.com/watch?v=A57Rt-gUlPI,,4143,49,2026-09-08T16:42:02Z
281,kjcBrgJA-ik,Capital Planning 02.11.26,https://www.youtube.com/watch?v=kjcBrgJA-ik,,4507,36,2026-09-08T16:42:02Z
282,Y8V0lXUXnPY,Open Space 02.11.26,https://www.youtube.com/watch?v=Y8V0lXUXnPY,,1426,25,2026-09-08T16:42:02Z
283,LsnjXe27Zog,LHS Boys Basketball vs Clinton HS 02.10.26,https://www.youtube.com/watch?v=LsnjXe27Zog,,2947,109,2026-09-08T16:42:02Z
284,g_Fw3bGKhWU,Select Board 02.10.26,https://www.youtube.com/watch?v=g_Fw3bGKhWU,,11572,178,2026-09-08T16:42:02Z
285,QewkKbHGmSU,Economic Development Committee 02.10.26,https://www.youtube.com/watch?v=QewkKbHGmSU,,3468,19,2026-09-08T16:42:02Z
286,tPSCWELRUPQ,"Be a Better Listener Communicating Through Dementia 02.10,26",https://www.youtube.com/watch?v=tPSCWELRUPQ,,2690,10,2026-09-08T16:42:02Z
287,2brDgGdfJD8,Council on Aging 02.10.26,https://www.youtube.com/watch?v=2brDgGdfJD8,,5580,38,2026-09-08T16:42:02Z
288,KKIGyjDI6jw,Planning Board 02.09.26,https://www.youtube.com/watch?v=KKIGyjDI6jw,,8724,70,2026-09-08T16:42:02Z
289,RwLSNRsEnUQ,LHS Hockey vs Boston Latin 02.07.26,https://www.youtube.com/watch?v=RwLSNRsEnUQ,,3982,78,2026-09-08T16:42:02Z
290,YI1nyczQT4o,LHS Boys Basketball vs Tyngsboro 02.06.26,https://www.youtube.com/watch?v=YI1nyczQT4o,,3424,108,2026-09-08T16:42:02Z
291,4EInyj0tTjk,Board of Assessors 02.04.26,https://www.youtube.com/watch?v=4EInyj0tTjk,,8660,48,2026-09-08T16:42:02Z
292,jLSVwv2caHM,Parks Commission 02.03.26,https://www.youtube.com/watch?v=jLSVwv2caHM,,4102,27,2026-09-08T16:42:02Z
293,6csHPPkKg7c,Finance Committee 02.05.26,https://www.youtube.com/watch?v=6csHPPkKg7c,,14249,180,2026-09-08T16:42:02Z
294,HsjpFotE9hc,School Committee Forum on the 2025 Budget Surplus 02.04.26,https://www.youtube.com/watch?v=HsjpFotE9hc,,5143,186,2026-09-08T16:42:02Z
295,kNyg6uCibs0,Conservation Commission 02.04.26,https://www.youtube.com/watch?v=kNyg6uCibs0,,8675,31,2026-09-08T16:42:02Z
296,akQoA2PejrQ,School Committee 02.04.26,https://www.youtube.com/watch?v=akQoA2PejrQ,,8307,72,2026-09-08T16:42:02Z
297,Y7AKUqslZ4c,Select Board 02.03.26,https://www.youtube.com/watch?v=Y7AKUqslZ4c,,3616,120,2026-09-08T16:42:02Z
298,SSscP-G5y3c,"PACC 02.02,26",https://www.youtube.com/watch?v=SSscP-G5y3c,,4634,18,2026-09-08T16:42:02Z
299,FUbm5gPK3fo,Municipal Building Design Committee 02.02.26,https://www.youtube.com/watch?v=FUbm5gPK3fo,,4155,35,2026-09-08T16:42:02Z
300,YILiAdLFKlM,Stormwater Task Force 01.29.26,https://www.youtube.com/watch?v=YILiAdLFKlM,,7306,25,2026-09-08T16:42:02Z
301,Kq_X5xbynW8,LHS Boys Basketball vs Maynard 01.30.26 Senior Night,https://www.youtube.com/watch?v=Kq_X5xbynW8,,4525,122,2026-09-08T16:42:02Z
302,MS3zVWVaf1o,"Lunenburg Storytime - The Books We Love, Season 6 Episode 6",https://www.youtube.com/watch?v=MS3zVWVaf1o,,2018,35,2026-09-08T16:42:02Z
303,NuHwTcarSGA,Trust Funds Committee 01.29.26,https://www.youtube.com/watch?v=NuHwTcarSGA,,3959,41,2026-09-08T16:42:02Z
304,Zoh6ar2gA6Y,Water District 01.28.26,https://www.youtube.com/watch?v=Zoh6ar2gA6Y,,3985,117,2026-09-08T16:42:02Z
305,qKqeCvx1xwM,Zoning Board of Appeals 01.28.26,https://www.youtube.com/watch?v=qKqeCvx1xwM,,1999,90,2026-09-08T16:42:02Z
306,5Te_8qlxzrA,Parks Commission 01.28.26,https://www.youtube.com/watch?v=5Te_8qlxzrA,,5840,47,2026-09-08T16:42:02Z
307,CUTFWd-h8d8,Conservation Commission 01.28.26,https://www.youtube.com/watch?v=CUTFWd-h8d8,,6064,45,2026-09-08T16:42:02Z
308,1ChN-tK5r2M,Sewer Commission 01.27.26,https://www.youtube.com/watch?v=1ChN-tK5r2M,,19,12,2026-09-08T16:42:02Z
309,OjbIPuR9U6k,LHS Boys Basketball vs Hudson HS  01.27.26,https://www.youtube.com/watch?v=OjbIPuR9U6k,,4063,108,2026-09-08T16:42:02Z
310,1xPyYMnz50E,TriBoard 01.27.26,https://www.youtube.com/watch?v=1xPyYMnz50E,,8494,124,2026-09-08T16:42:02Z
311,lcATvOz6Q2A,LHS Boys Basketball vs Littleton HS 01.23.26,https://www.youtube.com/watch?v=lcATvOz6Q2A,,3435,218,2026-09-08T16:42:02Z
312,NIZgbfhPwD8,School Committee 01.21.26,https://www.youtube.com/watch?v=NIZgbfhPwD8,,7813,73,2026-09-08T16:42:02Z
313,n3F_ov4fB2g,Welcome to the Lunenburg Adult Activity Center 2026,https://www.youtube.com/watch?v=n3F_ov4fB2g,,1014,343,2026-09-08T16:42:02Z
314,Tu7IBjW3FWk,Book Club Season 1 Episode 2,https://www.youtube.com/watch?v=Tu7IBjW3FWk,,1632,27,2026-09-08T16:42:02Z
315,wV6KQlQKvjY,Economic Development Committee 01.13.26,https://www.youtube.com/watch?v=wV6KQlQKvjY,,3275,25,2026-09-08T16:42:02Z
316,1o_4GCUWFzk,LHS Girls Varsity Basketball vs Quabbin HS  01.20.26,https://www.youtube.com/watch?v=1o_4GCUWFzk,,4619,81,2026-09-08T16:42:02Z
317,-iVI3pW4CUQ,LHS Girls Varsity Basketball vs Clinton HS 01.16.26,https://www.youtube.com/watch?v=-iVI3pW4CUQ,,5377,48,2026-09-08T16:42:02Z
318,6j6ipa2iR1U,LHS Hockey vs Ludlow HS 01.17.26,https://www.youtube.com/watch?v=6j6ipa2iR1U,,3805,90,2026-09-08T16:42:02Z
319,xQGBwBKALWc,LHS Girls Basketball vs Tyngsboro HS 01.13.26,https://www.youtube.com/watch?v=xQGBwBKALWc,,4437,71,2026-09-08T16:42:02Z
320,OCicNIEjS9w,Water District 01.14.26,https://www.youtube.com/watch?v=OCicNIEjS9w,,2812,50,2026-09-08T16:42:02Z
321,D34uSOZ8GkY,TriBoard Meeting 01.12.26,https://www.youtube.com/watch?v=D34uSOZ8GkY,,9869,105,2026-09-08T16:42:02Z
322,j0qmvNklmHU,Zoning Board Of Appeals 01.14.26,https://www.youtube.com/watch?v=j0qmvNklmHU,,2745,78,2026-09-08T16:42:02Z
323,dJJBSRi5z5U,Select Board 01.13.26,https://www.youtube.com/watch?v=dJJBSRi5z5U,,9783,158,2026-09-08T16:42:02Z
324,juESqeSw0c0,Council on Aging 01.13.26,https://www.youtube.com/watch?v=juESqeSw0c0,,3805,39,2026-09-08T16:42:02Z
325,_7BHr5LRYBM,Planning Board 01.12.26,https://www.youtube.com/watch?v=_7BHr5LRYBM,,6155,73,2026-09-08T16:42:02Z
326,YfDULwK9uiE,Stormwater Task Force 01.08.26,https://www.youtube.com/watch?v=YfDULwK9uiE,,6846,41,2026-09-08T16:42:02Z
327,uRcGiQxJW70,Architectural Preservation District Commission 01.08.26,https://www.youtube.com/watch?v=uRcGiQxJW70,,1832,27,2026-09-08T16:42:02Z
328,GykEFtJVvsM,Finance Committee 01.08.26,https://www.youtube.com/watch?v=GykEFtJVvsM,,8260,72,2026-09-08T16:42:02Z
329,yp9TGZV38FU,Board of Assessors 01.07.26,https://www.youtube.com/watch?v=yp9TGZV38FU,,6669,44,2026-09-08T16:42:02Z
330,pjSX2hx8kwI,School Committee 01.07.26,https://www.youtube.com/watch?v=pjSX2hx8kwI,,9565,91,2026-09-08T16:42:02Z
331,_2ZLYaepMA8,Conservation Commission 01.07.26,https://www.youtube.com/watch?v=_2ZLYaepMA8,,10210,51,2026-09-08T16:42:02Z
332,XDclBviDetw,LHS Girls Basketball vs Maynard HS 01.06.26,https://www.youtube.com/watch?v=XDclBviDetw,,5272,122,2026-09-08T16:42:02Z
333,2JrrFy4AqdI,Select Board 01.06.26,https://www.youtube.com/watch?v=2JrrFy4AqdI,,3019,104,2026-09-08T16:42:02Z
334,kMTv-3hIH9s,PACC 01.05.26,https://www.youtube.com/watch?v=kMTv-3hIH9s,,4085,23,2026-09-08T16:42:02Z
335,Lo0JzCIm3YU,"Lunenburg Storytime - The Books We Love, Season 6 Episode 5",https://www.youtube.com/watch?v=Lo0JzCIm3YU,,2477,53,2026-09-08T16:42:02Z
336,wj1Gb3xI2Io,"Committee Confidential - PACC, Season 1 Episode2",https://www.youtube.com/watch?v=wj1Gb3xI2Io,,1136,43,2026-09-08T16:42:02Z
337,2jGwJ4yXAsc,Select Board 12.30.25,https://www.youtube.com/watch?v=2jGwJ4yXAsc,,115,50,2026-09-08T16:42:02Z
338,l7tytM8FXzo,LHS Hockey vs Hudson HS 12.27.25,https://www.youtube.com/watch?v=l7tytM8FXzo,,4224,72,2026-09-08T16:42:02Z
339,-cGULehwv8c,LHS Girls Basketball vs Hudson High School 12.23.25,https://www.youtube.com/watch?v=-cGULehwv8c,,5143,186,2026-09-08T16:42:02Z
340,x-8q7CUJ8Xc,LHS Boys Basketball vs North Middlesex HS 12.22.25,https://www.youtube.com/watch?v=x-8q7CUJ8Xc,,4124,272,2026-09-08T16:42:02Z
341,_5-vbuSxt3I,LHS Girls Varsity Basketball vs Littleton 12.19.25,https://www.youtube.com/watch?v=_5-vbuSxt3I,,4288,195,2026-09-08T16:42:02Z
342,6UdQLUbaWHs,Trust Funds Commission 12.18.25,https://www.youtube.com/watch?v=6UdQLUbaWHs,,5575,33,2026-09-08T16:42:02Z
343,HqOLbOduM1I,School Committee 12.17.25,https://www.youtube.com/watch?v=HqOLbOduM1I,,8275,106,2026-09-08T16:42:02Z
344,-gLJL86tK4Y,LHS Boys Varsity Basketball vs Quabbin HS 12.17.25,https://www.youtube.com/watch?v=-gLJL86tK4Y,,4381,287,2026-09-08T16:42:02Z
345,VaoW_BLj1Nc,Parks Commission 12.17.25,https://www.youtube.com/watch?v=VaoW_BLj1Nc,,3681,30,2026-09-08T16:42:02Z
346,tYszo6SL09E,Conservation Commission 12.17.25,https://www.youtube.com/watch?v=tYszo6SL09E,,10439,40,2026-09-08T16:42:02Z
347,eyxbgWMx6To,Capital Planning 12.17.25,https://www.youtube.com/watch?v=eyxbgWMx6To,,3644,34,2026-09-08T16:42:02Z
348,gjBv5kW1lkI,Water District 12.17.25,https://www.youtube.com/watch?v=gjBv5kW1lkI,,4193,64,2026-09-08T16:42:02Z
349,VN__R5GGS8M,Select Board 12.16.25,https://www.youtube.com/watch?v=VN__R5GGS8M,,6108,133,2026-09-08T16:42:02Z
350,ODUGAMVx36k,LHS Girls Basketball vs St Bernard HS 12.15.25,https://www.youtube.com/watch?v=ODUGAMVx36k,,4256,77,2026-09-08T16:42:02Z
351,UStto3DZ0Qc,Plannng Board 12.15.25,https://www.youtube.com/watch?v=UStto3DZ0Qc,,5035,57,2026-09-08T16:42:02Z
352,bhjksjeL-rw,Green Communities Task Force 12.15.25,https://www.youtube.com/watch?v=bhjksjeL-rw,,3562,9,2026-09-08T16:42:02Z
353,Zp2ahTEZUrQ,LMHS Band and Choir Winter Concert 12.11.25,https://www.youtube.com/watch?v=Zp2ahTEZUrQ,,6409,193,2026-09-08T16:42:02Z
354,RkFFWVYDMx0,LHS Girls Basketball vs Ayer 12.13.25,https://www.youtube.com/watch?v=RkFFWVYDMx0,,3679,39,2026-09-08T16:42:02Z
355,jELMSsio9oo,Lunenburg Historical Society Presentation - Mary Surratt 12.122.5,https://www.youtube.com/watch?v=jELMSsio9oo,,3034,76,2026-09-08T16:42:02Z
356,OgM4jkrlJiE,Cemetery Commission 12.11.25,https://www.youtube.com/watch?v=OgM4jkrlJiE,,5067,31,2026-09-08T16:42:02Z
357,72k-4HnrjVc,Architectural Preservation District Commission 12.11.25,https://www.youtube.com/watch?v=72k-4HnrjVc,,2326,32,2026-09-08T16:42:02Z
358,MTlyBQEeQJc,Lunenburg Adult Activity Center's Christmas Party 12.10.25,https://www.youtube.com/watch?v=MTlyBQEeQJc,,202,137,2026-09-08T16:42:02Z
359,QuF-yGvtXGs,Master Plan Steering Committee 12.10.25,https://www.youtube.com/watch?v=QuF-yGvtXGs,,11016,39,2026-09-08T16:42:02Z
360,rNXyqXyQoKE,"Book Club - Season 1, Episode 1, December 2025",https://www.youtube.com/watch?v=rNXyqXyQoKE,,1690,55,2026-09-08T16:42:02Z
361,cVyrl-cQXJ0,Capital Planning Committee 12.10.25,https://www.youtube.com/watch?v=cVyrl-cQXJ0,,3040,35,2026-09-08T16:42:02Z
362,VPd2H3VVb1c,Open Space Committee 12.10.25,https://www.youtube.com/watch?v=VPd2H3VVb1c,,839,13,2026-09-08T16:42:02Z
363,Z87KMc--ZoY,Select Board 12.09.25,https://www.youtube.com/watch?v=Z87KMc--ZoY,,13699,142,2026-09-08T16:42:02Z
364,ItVUjvPTrvw,Economic Development Committee 12.09.25,https://www.youtube.com/watch?v=ItVUjvPTrvw,,5113,8,2026-09-08T16:42:02Z
365,gXlwSLKGakw,Sewer Commission 12.09.25,https://www.youtube.com/watch?v=gXlwSLKGakw,,1281,31,2026-09-08T16:42:02Z
366,pCETjJH_U8Y,Council on Aging 12.09.25,https://www.youtube.com/watch?v=pCETjJH_U8Y,,5890,37,2026-09-08T16:42:02Z
367,gttI1fI3dMY,Tree Lighting Ceremony 12.04.25,https://www.youtube.com/watch?v=gttI1fI3dMY,,630,92,2026-09-08T16:42:02Z
368,gAqRPg81taA,Stormwater Task Force 12.04.25,https://www.youtube.com/watch?v=gAqRPg81taA,,2266,32,2026-09-08T16:42:02Z
369,LTY4-b3yuco,"Lunenburg Storytime - The Books We Love, Season 6 Episode 4",https://www.youtube.com/watch?v=LTY4-b3yuco,,2745,27,2026-09-08T16:42:02Z
370,ORInrk0Iv4Q,Water District 12.03.25,https://www.youtube.com/watch?v=ORInrk0Iv4Q,,3781,90,2026-09-08T16:42:02Z
371,sPkm3bAUFaA,Board of Assessors 12.03.25,https://www.youtube.com/watch?v=sPkm3bAUFaA,,4586,37,2026-09-08T16:42:02Z
372,jngnUhj_mKY,Open Space Committee 11.19.25,https://www.youtube.com/watch?v=jngnUhj_mKY,,2244,7,2026-09-08T16:42:02Z
373,LAK2GHxq2is,School Committee 12.03.25,https://www.youtube.com/watch?v=LAK2GHxq2is,,8667,118,2026-09-08T16:42:02Z
374,aU56CXl_vr4,Capital Planning Committee 12.03.25,https://www.youtube.com/watch?v=aU56CXl_vr4,,3595,43,2026-09-08T16:42:02Z
375,4I5MjCAGeS8,Conservation Commission 12.03.25,https://www.youtube.com/watch?v=4I5MjCAGeS8,,5943,28,2026-09-08T16:42:02Z
376,nyRODr1VSBI,Select Board 12.02.25,https://www.youtube.com/watch?v=nyRODr1VSBI,,3790,85,2026-09-08T16:42:02Z
377,R7y4RZq5eH0,Municipal Building Design Committee 12.01.25,https://www.youtube.com/watch?v=R7y4RZq5eH0,,3095,54,2026-09-08T16:42:02Z
378,h8qlN4e-Ghg,Oakmont HS Vs Lunenburg HS - Thanksgiving Football Game 11. 26.2025,https://www.youtube.com/watch?v=h8qlN4e-Ghg,,7588,161,2026-09-08T16:42:02Z
379,IHuJoN0gDeI,Sewer Commission 11.25.25,https://www.youtube.com/watch?v=IHuJoN0gDeI,,2892,22,2026-09-08T16:42:02Z
380,fMtSuaxnd5s,Winter Fire Safety 11.26.25,https://www.youtube.com/watch?v=fMtSuaxnd5s,,1314,22,2026-09-08T16:42:02Z
381,WRTRvPgKRfs,Select Board 11.25.25,https://www.youtube.com/watch?v=WRTRvPgKRfs,,1959,89,2026-09-08T16:42:02Z
382,zLefKx0ccKE,Trust Funds Commission 11.25.25,https://www.youtube.com/watch?v=zLefKx0ccKE,,5594,37,2026-09-08T16:42:02Z
383,-J6CegBuG44,TriBoard  Meeting 11.24.25,https://www.youtube.com/watch?v=-J6CegBuG44,,9844,146,2026-09-08T16:42:02Z
384,MINgUFAwA7Y,Planning Board 11.24.25,https://www.youtube.com/watch?v=MINgUFAwA7Y,,4850,80,2026-09-08T16:42:02Z
385,BsgO6fBZabg,Thanksgiving Baskets 2025,https://www.youtube.com/watch?v=BsgO6fBZabg,,225,170,2026-09-08T16:42:02Z
386,F1ZKrpH9o-Y,Festival of Trees 11.21.25 and 11.22.25,https://www.youtube.com/watch?v=F1ZKrpH9o-Y,,969,26,2026-09-08T16:42:02Z
387,Z2CokahY-MA,School Funding Forum 11.20.25,https://www.youtube.com/watch?v=Z2CokahY-MA,,8123,37,2026-09-08T16:42:02Z
388,6PZ-J-oIAkQ,School Committee 11.19.25,https://www.youtube.com/watch?v=6PZ-J-oIAkQ,,10617,97,2026-09-08T16:42:02Z
389,xTZMIPbbOT0,Church of Asphodel Pagan Choir 11.19.25,https://www.youtube.com/watch?v=xTZMIPbbOT0,,2621,123,2026-09-08T16:42:02Z
390,ZCi29nOpCc0,Capital Planning Committee 11.19.25,https://www.youtube.com/watch?v=ZCi29nOpCc0,,4950,46,2026-09-08T16:42:02Z
391,d5iondNGPqI,Conservation Commission 11.19.25,https://www.youtube.com/watch?v=d5iondNGPqI,,6143,34,2026-09-08T16:42:02Z
392,gnQgapMVe8o,Cemetery Commission 11.19.25,https://www.youtube.com/watch?v=gnQgapMVe8o,,3297,23,2026-09-08T16:42:02Z
393,_lS9CtRzLQU,Board of Assessors 11.19.25,https://www.youtube.com/watch?v=_lS9CtRzLQU,,6220,48,2026-09-08T16:42:02Z
394,BFFsMyBVRWc,Council on Aging 11.18.25,https://www.youtube.com/watch?v=BFFsMyBVRWc,,5299,23,2026-09-08T16:42:02Z
395,yQkLNWEM-iQ,Lunenburg Special Town Meeting 11.18.25,https://www.youtube.com/watch?v=yQkLNWEM-iQ,,17372,243,2026-09-08T16:42:02Z
396,Z2UNTw5CQXA,Municipal Building Design Committee 11.17.25,https://www.youtube.com/watch?v=Z2UNTw5CQXA,,5738,35,2026-09-08T16:42:02Z
397,Nj-LozM-f1A,Select Board 11.17.25,https://www.youtube.com/watch?v=Nj-LozM-f1A,,2982,77,2026-09-08T16:42:02Z
398,h_7LM3fDzhE,Central Mass Shark Tank Business Competition 2026 (Short),https://www.youtube.com/watch?v=h_7LM3fDzhE,,32,37,2026-09-08T16:42:02Z
399,Mxvjp2gbFfk,Lunenburg Skate Park - Shark Tank Event Fundraiser,https://www.youtube.com/watch?v=Mxvjp2gbFfk,,161,118,2026-09-08T16:42:02Z
400,PsX5NWO7nAg,Architectural Preservation District Commission 11.13.25,https://www.youtube.com/watch?v=PsX5NWO7nAg,,1722,72,2026-09-08T16:42:02Z
401,qj8kSA4GSb0,Finance Committee 11.13.25,https://www.youtube.com/watch?v=qj8kSA4GSb0,,7838,63,2026-09-08T16:42:02Z
402,IipV57zB-CA,Trust Funds Commission 11.13.25,https://www.youtube.com/watch?v=IipV57zB-CA,,5506,44,2026-09-08T16:42:02Z
403,g4rpFi5wcMA,Master Plan Steering Committee 11.12.25,https://www.youtube.com/watch?v=g4rpFi5wcMA,,9546,58,2026-09-08T16:42:02Z
404,rFmSl_tAYM0,Zoning Board of Appeals 11.12.25,https://www.youtube.com/watch?v=rFmSl_tAYM0,,1336,39,2026-09-08T16:42:02Z
405,Uw0FRfO8qok,Navigating Hospice 11.12.25,https://www.youtube.com/watch?v=Uw0FRfO8qok,,1378,15,2026-09-08T16:42:02Z
406,TNDWEBs04b8,Planning Board 11.10.25,https://www.youtube.com/watch?v=TNDWEBs04b8,,4754,57,2026-09-08T16:42:02Z
407,T48Lh75vfow,LHS Football vs Quabbin HS 11.07.25,https://www.youtube.com/watch?v=T48Lh75vfow,,6475,151,2026-09-08T16:42:02Z
408,Csdrb7IzDS8,LHS Girls Soccer vs Seekonk 11.05.25,https://www.youtube.com/watch?v=Csdrb7IzDS8,,5289,69,2026-09-08T16:42:02Z
409,bwcX6Tc12o4,Capital Planning Committee 11.05.25,https://www.youtube.com/watch?v=bwcX6Tc12o4,,5412,54,2026-09-08T16:42:02Z
410,EsOj97htInE,LHS Alumni Association Reunion / Banquet 11.02.25,https://www.youtube.com/watch?v=EsOj97htInE,,2756,141,2026-09-08T16:42:02Z
411,ZSv6lnXAJ0s,Conservation Commission 11.05.25,https://www.youtube.com/watch?v=ZSv6lnXAJ0s,,9051,48,2026-09-08T16:42:02Z
412,gvMBXdLD8D4,School Committee 11.05.25,https://www.youtube.com/watch?v=gvMBXdLD8D4,,8408,93,2026-09-08T16:42:02Z
413,0Jdjy1qTm1U,"Lunenburg Storytime - The Books We Love, Season 6 Episode 3",https://www.youtube.com/watch?v=0Jdjy1qTm1U,,2625,54,2026-09-08T16:42:02Z
414,gWyHshWZC4c,Lunenburg Homecoming Parade 11.01.25,https://www.youtube.com/watch?v=gWyHshWZC4c,,1078,94,2026-09-08T16:42:02Z
415,25T0TEWN9jw,Select Board 11.04.25,https://www.youtube.com/watch?v=25T0TEWN9jw,,4220,185,2026-09-08T16:42:02Z
416,d6ubF0wyHm4,PACC 11.03.25,https://www.youtube.com/watch?v=d6ubF0wyHm4,,3684,16,2026-09-08T16:42:02Z
417,g9ESodvPtPE,Municipal Building Design Committee 11.03.25,https://www.youtube.com/watch?v=g9ESodvPtPE,,6036,32,2026-09-08T16:42:02Z
418,CMJWo-zrtDs,Board of Assessors 11.03.25,https://www.youtube.com/watch?v=CMJWo-zrtDs,,3593,58,2026-09-08T16:42:02Z
419,JHo44iDQ_qM,Capital Planning Committee 10.29.25,https://www.youtube.com/watch?v=JHo44iDQ_qM,,8176,54,2026-09-08T16:42:02Z
420,NrYYhL0Fvrg,LHS Field Hockey vs Greenfield 10.31.25,https://www.youtube.com/watch?v=NrYYhL0Fvrg,,4006,32,2026-09-08T16:42:02Z
421,vHptbLxIHd4,LHS Homecoming Football vs Littleton and Senior Ceremony 11.01.25,https://www.youtube.com/watch?v=vHptbLxIHd4,,7292,337,2026-09-08T16:42:02Z
422,C1P3G4GgZso,Cemetery Commission 10.30.25,https://www.youtube.com/watch?v=C1P3G4GgZso,,5983,50,2026-09-08T16:42:02Z
423,fRGMie5Ky4Q,Water District 10.22.25,https://www.youtube.com/watch?v=fRGMie5Ky4Q,,2732,58,2026-09-08T16:42:02Z
424,G7fiTibB8B8,Sewer Commission 10.28.25,https://www.youtube.com/watch?v=G7fiTibB8B8,,6121,46,2026-09-08T16:42:02Z
425,Yr_JfHYXDQY,Planning Board 10.27.25,https://www.youtube.com/watch?v=Yr_JfHYXDQY,,9577,74,2026-09-08T16:42:02Z
426,urKq8T4DeHA,"Committee Confidential with Lili Marble - Season 1, Episode 1",https://www.youtube.com/watch?v=urKq8T4DeHA,,546,33,2026-09-08T16:42:02Z
427,5KfadiRJLi4,LHS Girls Field Hockey vs Leicester 10.24.25,https://www.youtube.com/watch?v=5KfadiRJLi4,,4172,55,2026-09-08T16:42:02Z
428,oVWly4MA-TI,Master Plan Steering Committee - Plan Lunenburg at Smokestack Roasters 10.22.25,https://www.youtube.com/watch?v=oVWly4MA-TI,,3211,33,2026-09-08T16:42:02Z
429,OaDD8h7xzAQ,Select Board 10.24.25,https://www.youtube.com/watch?v=OaDD8h7xzAQ,,2159,90,2026-09-08T16:42:02Z
430,U8eB4FOQsQI,Stormwater Task Force 10.23.25,https://www.youtube.com/watch?v=U8eB4FOQsQI,,1650,20,2026-09-08T16:42:02Z
431,ji1JxJt4efU,Finance Committee 10.23.25,https://www.youtube.com/watch?v=ji1JxJt4efU,,6387,57,2026-09-08T16:42:02Z
432,pYUyQsENwHY,Trust Funds Commission 10.23.25,https://www.youtube.com/watch?v=pYUyQsENwHY,,5717,30,2026-09-08T16:42:02Z
433,IRQSd87FGrE,Parks Commission 10.22.25,https://www.youtube.com/watch?v=IRQSd87FGrE,,2019,30,2026-09-08T16:42:02Z
434,3GLw4gUpQBY,Advanced Care Planning 10.22.25,https://www.youtube.com/watch?v=3GLw4gUpQBY,,1641,21,2026-09-08T16:42:02Z
435,TzSzASofExE,Board of Assessors 10.22.25,https://www.youtube.com/watch?v=TzSzASofExE,,4004,34,2026-09-08T16:42:02Z
436,c8kXUyZDZc8,Zoning Board of Appeals 10.22.25,https://www.youtube.com/watch?v=c8kXUyZDZc8,,2523,34,2026-09-08T16:42:02Z
437,5o7AkUKzXo8,Select Board 10.21.25,https://www.youtube.com/watch?v=5o7AkUKzXo8,,12913,162,2026-09-08T16:42:02Z
438,m_zlIRNIONs,Lunenburg Library 20th Anniversary Celebration Kickoff and Presentation 10.03.25,https://www.youtube.com/watch?v=m_zlIRNIONs,,2923,41,2026-09-08T16:42:02Z
439,QUAohliJ6fI,Shrieks and Krieks 10.18.25,https://www.youtube.com/watch?v=QUAohliJ6fI,,530,56,2026-09-08T16:42:02Z
440,26YC1Nuj24I,LHS Girls Soccer Senior Night 10.20.25,https://www.youtube.com/watch?v=26YC1Nuj24I,,6136,153,2026-09-08T16:42:02Z
441,Ws9zywTJqIs,Municipal Building Design Committee 10.20.25,https://www.youtube.com/watch?v=Ws9zywTJqIs,,5963,42,2026-09-08T16:42:02Z
442,r1ecCkhjdp4,Architectural Preservation District Commission 10.20.25,https://www.youtube.com/watch?v=r1ecCkhjdp4,,3536,36,2026-09-08T16:42:02Z
443,275YF2yCIKw,Healthy Lifestyle Choices as We Age  10.16.25,https://www.youtube.com/watch?v=275YF2yCIKw,,3043,16,2026-09-08T16:42:02Z
444,4sOnEhLYjmo,School Committee 10.15.25,https://www.youtube.com/watch?v=4sOnEhLYjmo,,9313,82,2026-09-08T16:42:02Z
445,25liygw5YfU,Board Of Assessors 10.16.25,https://www.youtube.com/watch?v=25liygw5YfU,,5340,41,2026-09-08T16:42:02Z
446,QaFPA68URqY,Medicare Open Enrollment and New Plans Presentation 10.15.25,https://www.youtube.com/watch?v=QaFPA68URqY,,1341,27,2026-09-08T16:42:02Z
447,Lmdbk6wNKQc,Master Plan Steering Committee 10.15.25,https://www.youtube.com/watch?v=Lmdbk6wNKQc,,2948,23,2026-09-08T16:42:02Z
448,yDzKXkjJjnw,Conservation Commission 10.15.25,https://www.youtube.com/watch?v=yDzKXkjJjnw,,2855,42,2026-09-08T16:42:02Z
449,DkFQW0c9ou4,Select Board 10.14.25,https://www.youtube.com/watch?v=DkFQW0c9ou4,,8233,179,2026-09-08T16:42:02Z
450,SmlTZn1A5M4,Economic Development Committee 10.14.25,https://www.youtube.com/watch?v=SmlTZn1A5M4,,4227,26,2026-09-08T16:42:02Z
451,o28iO7hwN1I,Sewer Commission 10.14.25,https://www.youtube.com/watch?v=o28iO7hwN1I,,3505,19,2026-09-08T16:42:02Z
452,bp9W0BRL7Q0,Council on Aging 10.14.25,https://www.youtube.com/watch?v=bp9W0BRL7Q0,,5481,35,2026-09-08T16:42:02Z
453,1tpPBTzeVBg,LHS Varsity Football vs Abby Kelley Foster Regional Charter School 10.10.25,https://www.youtube.com/watch?v=1tpPBTzeVBg,,6157,417,2026-09-08T16:42:02Z
454,ij1bfNLrBiI,Finance Committee 10.09.25,https://www.youtube.com/watch?v=ij1bfNLrBiI,,3177,30,2026-09-08T16:42:02Z
455,78zFGmHjrqw,Trust Funds Commission 10.09.25,https://www.youtube.com/watch?v=78zFGmHjrqw,,5551,71,2026-09-08T16:42:02Z
456,oYTpVdA8WsY,Water District 10.08.25,https://www.youtube.com/watch?v=oYTpVdA8WsY,,4950,34,2026-09-08T16:42:02Z
457,vrnH1vUnYMg,Open Space Committee 10.08.25,https://www.youtube.com/watch?v=vrnH1vUnYMg,,982,21,2026-09-08T16:42:02Z
458,YzleYnKjpus,"Lunenburg Storytime - The Books We Love, Season 6 Episode 2",https://www.youtube.com/watch?v=YzleYnKjpus,,2378,54,2026-09-08T16:42:02Z
459,h2XwBjhMCiI,Select Board 10.07.25,https://www.youtube.com/watch?v=h2XwBjhMCiI,,9215,123,2026-09-08T16:42:02Z
460,bVOoXD9BINA,"Lunenburg Town Manager's Report for October 7th, 2025",https://www.youtube.com/watch?v=bVOoXD9BINA,,639,31,2026-09-08T16:42:02Z
461,r34bkIVlcjc,PACC 10.06.25,https://www.youtube.com/watch?v=r34bkIVlcjc,,1475,16,2026-09-08T16:42:02Z
462,pRTAXw3D3aA,Board of Assessors 10.01.25,https://www.youtube.com/watch?v=pRTAXw3D3aA,,6601,46,2026-09-08T16:42:02Z
463,9PPe7uMWAq4,School Committee 10.01.25,https://www.youtube.com/watch?v=9PPe7uMWAq4,,12106,104,2026-09-08T16:42:02Z
464,nht3nghb4DI,Conservation Commission 10.01.25,https://www.youtube.com/watch?v=nht3nghb4DI,,6827,43,2026-09-08T16:42:02Z
465,_9ChgMnlldY,George Boutwell - Hiding in Plain Sight,https://www.youtube.com/watch?v=_9ChgMnlldY,,2830,39,2026-09-08T16:42:02Z
466,TiZDcdd4iZ0,Open Space Committee 09.03.25,https://www.youtube.com/watch?v=TiZDcdd4iZ0,,3378,8,2026-09-08T16:42:02Z
467,XNXWeO5_wLI,Tri-Board 09.30.25,https://www.youtube.com/watch?v=XNXWeO5_wLI,,9306,108,2026-09-08T16:42:02Z
468,si5U6MiSnts,Sewer Commission 09.30.25,https://www.youtube.com/watch?v=si5U6MiSnts,,1475,18,2026-09-08T16:42:02Z
469,wgCT3S4TZpo,Municipal Building Design Committee 09.29.25,https://www.youtube.com/watch?v=wgCT3S4TZpo,,5231,34,2026-09-08T16:42:02Z
470,zzCAHD-g5ns,LHS Football vs Fitchburg HS 09.26.25,https://www.youtube.com/watch?v=zzCAHD-g5ns,,7710,394,2026-09-08T16:42:02Z
471,VXWowtt8CtI,Cemetery Commission 09.25.25,https://www.youtube.com/watch?v=VXWowtt8CtI,,4469,60,2026-09-08T16:42:02Z
472,hulpCXKRw6M,LHS Girls Field Hockey vs Narragansett Regnl HS 09.26.25,https://www.youtube.com/watch?v=hulpCXKRw6M,,3901,45,2026-09-08T16:42:02Z
473,GFZMeFuZuvY,Lunenburg Agricultural Fair 09.27.25,https://www.youtube.com/watch?v=GFZMeFuZuvY,,305,60,2026-09-08T16:42:02Z
474,Q-XzsLPvKeI,Stormwater Task Force 09.25.25,https://www.youtube.com/watch?v=Q-XzsLPvKeI,,3397,19,2026-09-08T16:42:02Z
475,4t1rFrF7I5A,Finance Committee 09.25.25,https://www.youtube.com/watch?v=4t1rFrF7I5A,,2917,41,2026-09-08T16:42:02Z
476,_iaoOvLJiI4,Sultana - History and Legends Through Song 09.24.25,https://www.youtube.com/watch?v=_iaoOvLJiI4,,3973,16,2026-09-08T16:42:02Z
477,tsy_zcnmhTo,Water District 09.24.25,https://www.youtube.com/watch?v=tsy_zcnmhTo,,3637,54,2026-09-08T16:42:02Z
478,pKVcHwJVQYc,Master Plan Steering Committee 09.24.25  ZOOM FILE,https://www.youtube.com/watch?v=pKVcHwJVQYc,,3856,32,2026-09-08T16:42:02Z
479,5ikJO7zsjR0,Master Plan Steering Committee 9.24.25 (See Description),https://www.youtube.com/watch?v=5ikJO7zsjR0,,8928,27,2026-09-08T16:42:02Z
480,F9NMA6GA0-g,Parks Commission 09.24.25,https://www.youtube.com/watch?v=F9NMA6GA0-g,,5964,31,2026-09-08T16:42:02Z
481,OaIlqbph2ok,Zoning Board of Appeals 09.24.25,https://www.youtube.com/watch?v=OaIlqbph2ok,,1391,41,2026-09-08T16:42:02Z
482,ykPNHF0VSko,"Lunenburg Town Manager's Report - September 23rd, 2025",https://www.youtube.com/watch?v=ykPNHF0VSko,,639,47,2026-09-08T16:42:02Z
483,ESaeqndWHmo,Select Board 09.23.25,https://www.youtube.com/watch?v=ESaeqndWHmo,,3752,142,2026-09-08T16:42:02Z
484,adjZtGS0y9g,10th Annual Tea 09.22.25,https://www.youtube.com/watch?v=adjZtGS0y9g,,1071,31,2026-09-08T16:42:02Z
485,13x_qQgcs8s,Caregivers Resource Connection 09.17.25,https://www.youtube.com/watch?v=13x_qQgcs8s,,2443,22,2026-09-08T16:42:02Z
486,yX-Mp9GAGh0,Planning Board 09.22.25,https://www.youtube.com/watch?v=yX-Mp9GAGh0,,4147,53,2026-09-08T16:42:02Z
487,3uSaNV06sxk,PACC 09.22.25,https://www.youtube.com/watch?v=3uSaNV06sxk,,3991,12,2026-09-08T16:42:02Z
488,98AtXrld0cU,LHS Blue Knights Football vs Gardner HS Wildcats 09.19.25,https://www.youtube.com/watch?v=98AtXrld0cU,,7572,407,2026-09-08T16:42:02Z
489,1fjsnvjMFEo,School Committee 09.17.25,https://www.youtube.com/watch?v=1fjsnvjMFEo,,8923,143,2026-09-08T16:42:02Z
490,TsMhItPmnFA,Conservation Commission 09.17.25,https://www.youtube.com/watch?v=TsMhItPmnFA,,8106,46,2026-09-08T16:42:02Z
491,zkc_88kf1F4,LHS Girls Soccer vs. Tyngsboro 09.16.25,https://www.youtube.com/watch?v=zkc_88kf1F4,,4997,142,2026-09-08T16:42:02Z
492,-aQaSmZD8mQ,Municipal Building Design Committee 09.15.25,https://www.youtube.com/watch?v=-aQaSmZD8mQ,,5299,89,2026-09-08T16:42:02Z
493,nl_C9W6N6mQ,Select Board (virtual) 09.15.25,https://www.youtube.com/watch?v=nl_C9W6N6mQ,,390,65,2026-09-08T16:42:02Z
494,e-FBaAUVulY,Whalom Park: 25 Years Since the Last Ride  09.13.25,https://www.youtube.com/watch?v=e-FBaAUVulY,,446,654,2026-09-08T16:42:02Z
495,tQkjCnddhTA,Water District 09.10.25,https://www.youtube.com/watch?v=tQkjCnddhTA,,1818,56,2026-09-08T16:42:02Z
496,MZfbeKuElyc,Architectural Preservation District Commission 09.11.25,https://www.youtube.com/watch?v=MZfbeKuElyc,,1124,32,2026-09-08T16:42:02Z
497,NcH3hkVJym8,Trust Funds Commission 09.11.25,https://www.youtube.com/watch?v=NcH3hkVJym8,,7553,170,2026-09-08T16:42:02Z
498,RhhyO2RUTPE,"Lunenburg Town Manager's Report - September 9th, 2025",https://www.youtube.com/watch?v=RhhyO2RUTPE,,639,27,2026-09-08T16:42:02Z
499,camm-LZ0xcw,Lunenburg Senior Center presents - Music of McCartney,https://www.youtube.com/watch?v=camm-LZ0xcw,,3713,109,2026-09-08T16:42:02Z
500,ns8QmpWDojs,PACC 09.09.25,https://www.youtube.com/watch?v=ns8QmpWDojs,,2961,16,2026-09-08T16:42:02Z
501,82AzYTx0tuc,Sewer Commission 09.09.25,https://www.youtube.com/watch?v=82AzYTx0tuc,,2494,32,2026-09-08T16:42:02Z
502,9XhNW920cTw,Select Board 09.09.25,https://www.youtube.com/watch?v=9XhNW920cTw,,2387,101,2026-09-08T16:42:02Z
503,ppoKCJKKywE,Council on Aging 09.09.25,https://www.youtube.com/watch?v=ppoKCJKKywE,,4391,39,2026-09-08T16:42:02Z
504,d65uWizxA7g,Green Community Task Force 09.08.25,https://www.youtube.com/watch?v=d65uWizxA7g,,737,12,2026-09-08T16:42:02Z
505,CWQw1uUHNTs,Planning Board 09.08.25,https://www.youtube.com/watch?v=CWQw1uUHNTs,,10038,83,2026-09-08T16:42:02Z
506,yKszwS-f1QU,"Lunenburg Storytime - The Books We Love, Season 6 Episode 1",https://www.youtube.com/watch?v=yKszwS-f1QU,,1353,18,2026-09-08T16:42:02Z
507,U_JwFy-OSJE,Conservation Commission 09.03.25,https://www.youtube.com/watch?v=U_JwFy-OSJE,,9175,57,2026-09-08T16:42:02Z
508,XpToORr4Sfw,Capital Planning Committee 09.03.25,https://www.youtube.com/watch?v=XpToORr4Sfw,,5049,60,2026-09-08T16:42:02Z
509,yL8be5Jtwis,Board of Assessors 09.03.25,https://www.youtube.com/watch?v=yL8be5Jtwis,,6594,39,2026-09-08T16:42:02Z
510,SI-irBe6ABs,School Committee 09.03.25,https://www.youtube.com/watch?v=SI-irBe6ABs,,9442,123,2026-09-08T16:42:02Z
511,MxO978UsMWo,"Lunenburg Town Manager's Report - September 2nd, 2025",https://www.youtube.com/watch?v=MxO978UsMWo,,639,40,2026-09-08T16:42:02Z
512,LsGmMsNrlQM,Planning Board 08.20.25,https://www.youtube.com/watch?v=LsGmMsNrlQM,,409,16,2026-09-08T16:42:02Z
513,9f_4zI0b8Ek,Select Board 09.02.25,https://www.youtube.com/watch?v=9f_4zI0b8Ek,,7738,137,2026-09-08T16:42:02Z
514,KovVxQrr5ao,Municipal Building Design Committee 08.28.25,https://www.youtube.com/watch?v=KovVxQrr5ao,,1604,25,2026-09-08T16:42:02Z
515,DMhMbHe-rAg,Century Club - Fran Therrien 09.02.25,https://www.youtube.com/watch?v=DMhMbHe-rAg,,1373,65,2026-09-08T16:42:02Z
516,JnkfuUp62rs,Select Board 08.05.25,https://www.youtube.com/watch?v=JnkfuUp62rs,,390,58,2026-09-08T16:42:02Z
517,YERyoEGdfBs,Trust Funds Commission 08.28.25,https://www.youtube.com/watch?v=YERyoEGdfBs,,5395,70,2026-09-08T16:42:02Z
518,cn-57IXww7g,"Lunenburg Master Plan Steering Committee - August 27th, 2025",https://www.youtube.com/watch?v=cn-57IXww7g,,5905,40,2026-09-08T16:42:02Z
519,U5uZMGQHpNw,Water District 08.27.25,https://www.youtube.com/watch?v=U5uZMGQHpNw,,4852,43,2026-09-08T16:42:02Z
520,CLeb-gUrH1Q,Zoning Board of Appeals 08.27.25,https://www.youtube.com/watch?v=CLeb-gUrH1Q,,2703,53,2026-09-08T16:42:02Z
521,j2Oz-QPAc5E,25 Years Since the Last Ride - Whalom Park,https://www.youtube.com/watch?v=j2Oz-QPAc5E,,123,360,2026-09-08T16:42:02Z
522,Fup8cteS8gc,Sewer Commission 08.26.25,https://www.youtube.com/watch?v=Fup8cteS8gc,,2566,33,2026-09-08T16:42:02Z
523,fhwV4LdIfcw,TriBoard 08.26.25,https://www.youtube.com/watch?v=fhwV4LdIfcw,,9899,184,2026-09-08T16:42:02Z
524,ut6aID46z-A,Planning Board 08.25.25,https://www.youtube.com/watch?v=ut6aID46z-A,,4543,59,2026-09-08T16:42:02Z
525,3Kw8axjG3Og,Touch-a-Truck 8.22.25,https://www.youtube.com/watch?v=3Kw8axjG3Og,,312,146,2026-09-08T16:42:02Z
526,jsY1pCwV0BM,Conservation Commission 08.20.25,https://www.youtube.com/watch?v=jsY1pCwV0BM,,9301,52,2026-09-08T16:42:02Z
527,L8eIaNZSuPs,"Lunenburg Town Manager's Report - August 19th, 2025",https://www.youtube.com/watch?v=L8eIaNZSuPs,,639,24,2026-09-08T16:42:02Z
528,OMMrt98hBss,Select Board 08.19.25,https://www.youtube.com/watch?v=OMMrt98hBss,,11314,185,2026-09-08T16:42:02Z
529,4MFVCkEmrso,Master Plan Steering Committee 08.13.25,https://www.youtube.com/watch?v=4MFVCkEmrso,,7494,510,2026-09-08T16:42:02Z
530,wxhtJTIUl80,Economic Development Committee 08.18.25,https://www.youtube.com/watch?v=wxhtJTIUl80,,4804,41,2026-09-08T16:42:02Z
531,zdrHs85N-oY,Architectural Preservation District Commission 08.14.25,https://www.youtube.com/watch?v=zdrHs85N-oY,,3630,28,2026-09-08T16:42:02Z
532,_ZqmXdoz_v0,Finance Committee 08.14.25,https://www.youtube.com/watch?v=_ZqmXdoz_v0,,9538,45,2026-09-08T16:42:02Z
533,be9O40jhkCo,Trust Funds Commission 08.14.25,https://www.youtube.com/watch?v=be9O40jhkCo,,5610,46,2026-09-08T16:42:02Z
534,GsmMO0CSIsY,Open Space Committee 08.13.25,https://www.youtube.com/watch?v=GsmMO0CSIsY,,1943,44,2026-09-08T16:42:02Z
535,itqrlOlIIno,"Lunenburg Storytime - The Books We Love, Season 5 Episode 18",https://www.youtube.com/watch?v=itqrlOlIIno,,1685,242,2026-09-08T16:42:02Z
536,eYsBXw3PibY,Board of Assessors 08.13.25,https://www.youtube.com/watch?v=eYsBXw3PibY,,5747,62,2026-09-08T16:42:02Z
537,niknc_SHOBA,Senior Real Estate Tax Exemption Presentation 08.13.25,https://www.youtube.com/watch?v=niknc_SHOBA,,1355,102,2026-09-08T16:42:02Z
538,e4Hx4R0QCEM,"Lunenburg Touch-a-Truck - Aug. 22nd, 2025",https://www.youtube.com/watch?v=e4Hx4R0QCEM,,276,205,2026-09-08T16:42:02Z
539,J4NAbAONyUo,Council on Aging 08.12.25,https://www.youtube.com/watch?v=J4NAbAONyUo,,3870,38,2026-09-08T16:42:02Z
540,NYBrya7e-YA,Sewer Commission 08.12.25,https://www.youtube.com/watch?v=NYBrya7e-YA,,3280,34,2026-09-08T16:42:02Z
541,OsN2-Vcbtrs,Stormwater Task Force 08.07.25,https://www.youtube.com/watch?v=OsN2-Vcbtrs,,5751,26,2026-09-08T16:42:02Z
542,vLuWk0suvRI,"Open for Business - Season 1, Episode 3",https://www.youtube.com/watch?v=vLuWk0suvRI,,467,179,2026-09-08T16:42:02Z
543,7VJdtRhRm_I,Conservation Commission 08.06.25,https://www.youtube.com/watch?v=7VJdtRhRm_I,,10403,60,2026-09-08T16:42:02Z
544,z6TcYF3_ICY,School Committee Workshop Meeting 08.06.25,https://www.youtube.com/watch?v=z6TcYF3_ICY,,6202,108,2026-09-08T16:42:02Z
545,0yrIPhWTyYI,PACC 08.04.25,https://www.youtube.com/watch?v=0yrIPhWTyYI,,1796,16,2026-09-08T16:42:02Z
546,1JV7OD_51JA,Cemetery Commission 07.30.25,https://www.youtube.com/watch?v=1JV7OD_51JA,,6311,59,2026-09-08T16:42:02Z
547,dCIY3fUcxeg,Parks Commission 07.30.25,https://www.youtube.com/watch?v=dCIY3fUcxeg,,5552,42,2026-09-08T16:42:02Z
548,p0UnKwx-u0Q,Sewer Commission 07.29.25,https://www.youtube.com/watch?v=p0UnKwx-u0Q,,2614,32,2026-09-08T16:42:02Z
549,TCViVohezyE,Board of Assessors 07.29.25,https://www.youtube.com/watch?v=TCViVohezyE,,4543,51,2026-09-08T16:42:02Z
550,pg8Q_MW3GaM,Planning Board 07.28.25,https://www.youtube.com/watch?v=pg8Q_MW3GaM,,4310,74,2026-09-08T16:42:02Z
551,yQohkYdlmac,Stormwater Task Force 07.24.25,https://www.youtube.com/watch?v=yQohkYdlmac,,5917,25,2026-09-08T16:42:02Z
552,D5G5CaazbQ4,Public Access Media - Building Stronger Communities,https://www.youtube.com/watch?v=D5G5CaazbQ4,,269,12,2026-09-08T16:42:02Z
553,4d4oge9ViLg,Finance Committee 07.24.25,https://www.youtube.com/watch?v=4d4oge9ViLg,,3122,55,2026-09-08T16:42:02Z
554,OEGILw_2a-0,Trust Funds Commission 07.24.25,https://www.youtube.com/watch?v=OEGILw_2a-0,,5517,98,2026-09-08T16:42:02Z
555,JUZY_wgXLX8,Master Plan Steering Committee 07.23.25,https://www.youtube.com/watch?v=JUZY_wgXLX8,,10640,25,2026-09-08T16:42:02Z
556,_wtmbArT6Ig,Water District 07.23.25,https://www.youtube.com/watch?v=_wtmbArT6Ig,,2257,34,2026-09-08T16:42:02Z
557,yBPiQ6mn24o,Zoning Board of Appeals 07.23.25,https://www.youtube.com/watch?v=yBPiQ6mn24o,,5931,89,2026-09-08T16:42:02Z
558,2B0VtOYlCsM,"Lunenburg Storytime - The Books We Love,  Season 5 Episode 17",https://www.youtube.com/watch?v=2B0VtOYlCsM,,2078,59,2026-09-08T16:42:02Z
559,KJ2OpXjkas4,Conservation Commission 07.16.25,https://www.youtube.com/watch?v=KJ2OpXjkas4,,10683,71,2026-09-08T16:42:02Z
560,yppeIFyF9Bg,Board of Assessors 07.16.25,https://www.youtube.com/watch?v=yppeIFyF9Bg,,4537,43,2026-09-08T16:42:02Z
561,BxTquKdtkck,"Lunenburg Town Manager's Report - July 15th, 2025",https://www.youtube.com/watch?v=BxTquKdtkck,,639,88,2026-09-08T16:42:02Z
562,OlIKWtH_XGI,Select Board 07.15.25,https://www.youtube.com/watch?v=OlIKWtH_XGI,,9266,184,2026-09-08T16:42:02Z
563,X1RXrG0dpls,Planning Board 07.14.25,https://www.youtube.com/watch?v=X1RXrG0dpls,,981,68,2026-09-08T16:42:02Z
564,VMYW-aigpFQ,Architectural Preservation District Commission 07.10.25,https://www.youtube.com/watch?v=VMYW-aigpFQ,,1681,48,2026-09-08T16:42:02Z
565,7MtURV6_oPs,Movie Talk: Jaws Review - Season 1 Ep. 9,https://www.youtube.com/watch?v=7MtURV6_oPs,,1012,41,2026-09-08T16:42:02Z
566,z6coQYhVzbw,Master Plan Steering Committee 07.09.25,https://www.youtube.com/watch?v=z6coQYhVzbw,,10755,52,2026-09-08T16:42:02Z
567,aaPIg-Ezxp0,Water District 07.09.25,https://www.youtube.com/watch?v=aaPIg-Ezxp0,,3493,63,2026-09-08T16:42:02Z
568,3AaufOKblk0,Finance Committee 07.10.25,https://www.youtube.com/watch?v=3AaufOKblk0,,2531,54,2026-09-08T16:42:02Z
569,EXmKZd2YoYA,Municipal Building Design Committee 07.10.25,https://www.youtube.com/watch?v=EXmKZd2YoYA,,2741,49,2026-09-08T16:42:02Z
570,fFIapkm3IOA,Trust Funds Commission 07.10.25,https://www.youtube.com/watch?v=fFIapkm3IOA,,5378,104,2026-09-08T16:42:02Z
571,RFD-kt446Ig,Cemetery Commission 07.03.25,https://www.youtube.com/watch?v=RFD-kt446Ig,,614,30,2026-09-08T16:42:02Z
572,2lcyhhYiCTk,Tri-Board 07.08.25,https://www.youtube.com/watch?v=2lcyhhYiCTk,,9120,181,2026-09-08T16:42:02Z
573,UU6V5uOZPuU,Sewer Commission 07.08.25,https://www.youtube.com/watch?v=UU6V5uOZPuU,,2914,39,2026-09-08T16:42:02Z
574,CVDLaeZb4u0,Council on Aging 07.08.25,https://www.youtube.com/watch?v=CVDLaeZb4u0,,3656,50,2026-09-08T16:42:02Z
575,bm9c-IVrpOQ,Green Community Task Force 07 07 25,https://www.youtube.com/watch?v=bm9c-IVrpOQ,,6199,26,2026-09-08T16:42:02Z
576,DI-C13WWOMY,PACC 07.07.25,https://www.youtube.com/watch?v=DI-C13WWOMY,,2718,23,2026-09-08T16:42:02Z
577,mjeRldrNQ_o,Conservation Commission 07.02.25,https://www.youtube.com/watch?v=mjeRldrNQ_o,,7083,79,2026-09-08T16:42:02Z
578,CfI2gTkmtbs,Select Board 07.01.25,https://www.youtube.com/watch?v=CfI2gTkmtbs,,6871,200,2026-09-08T16:42:02Z
579,efZ8nCPt8XE,Cemetery Commission 06.26.25,https://www.youtube.com/watch?v=efZ8nCPt8XE,,4804,49,2026-09-08T16:42:02Z
580,08NPenSkVew,"Lunenburg Storytime - The Books We Love, Season 5 Episode 16",https://www.youtube.com/watch?v=08NPenSkVew,,2424,27,2026-09-08T16:42:02Z
581,nUlUQofQQyo,Stormwater Task Force 06.26.25,https://www.youtube.com/watch?v=nUlUQofQQyo,,4505,35,2026-09-08T16:42:02Z
582,fKkBha53B0c,Master Plan Steering Committee 06.25.25,https://www.youtube.com/watch?v=fKkBha53B0c,,9658,44,2026-09-08T16:42:02Z
583,fy4cXopF-hI,Tust Fund Commission 06.26.25,https://www.youtube.com/watch?v=fy4cXopF-hI,,2387,260,2026-09-08T16:42:02Z
584,SxErtb8vxGo,Water District 06.25.25,https://www.youtube.com/watch?v=SxErtb8vxGo,,4035,159,2026-09-08T16:42:02Z
585,aYIUzoSJkyw,Best Podcast on Turf - Ep.10,https://www.youtube.com/watch?v=aYIUzoSJkyw,,2296,17,2026-09-08T16:42:02Z
586,diJWbQG58bk,Zoning Board of Appeals 06.25.25,https://www.youtube.com/watch?v=diJWbQG58bk,,1031,101,2026-09-08T16:42:02Z
587,0N1FFP0x48w,Sewer Commission 06.24.25,https://www.youtube.com/watch?v=0N1FFP0x48w,,2074,54,2026-09-08T16:42:02Z
588,gDQ9AowUxXU,Select Board 06.24.25,https://www.youtube.com/watch?v=gDQ9AowUxXU,,140,87,2026-09-08T16:42:02Z
589,IMJVWBUuYtA,Planning Board 06.23.25,https://www.youtube.com/watch?v=IMJVWBUuYtA,,8502,77,2026-09-08T16:42:02Z
590,c1A1aLXuZwU,Mark and Raianne   - Original Folk Americana 06.12.25,https://www.youtube.com/watch?v=c1A1aLXuZwU,,3811,32,2026-09-08T16:42:02Z
591,n4UFOBBGKAE,Conservation Commission 06.18.25,https://www.youtube.com/watch?v=n4UFOBBGKAE,,3081,49,2026-09-08T16:42:02Z
592,DJwxWCw84Ro,"""Nathaniel Austin, Pewterer, Loyalist or Patriot?  06.13.25",https://www.youtube.com/watch?v=DJwxWCw84Ro,,1586,44,2026-09-08T16:42:02Z
593,zYk81_dlazA,Planning Board Forum - MBTA Communities Act 06.16.25,https://www.youtube.com/watch?v=zYk81_dlazA,,6952,96,2026-09-08T16:42:02Z
594,AIhtA5pkPI0,School Committee 06.18.25,https://www.youtube.com/watch?v=AIhtA5pkPI0,,11008,105,2026-09-08T16:42:02Z
595,LfT6iRBLXog,"Lunenburg Town Manager's Report - June 17th, 2025",https://www.youtube.com/watch?v=LfT6iRBLXog,,639,19,2026-09-08T16:42:02Z
596,K646g1jJwvM,Select Board 06.17.25,https://www.youtube.com/watch?v=K646g1jJwvM,,9399,297,2026-09-08T16:42:02Z
597,XFYOVSGATZ4,Lunenburg Middle School Graduation 2025,https://www.youtube.com/watch?v=XFYOVSGATZ4,,3294,352,2026-09-08T16:42:02Z
598,Hfdv8PMP6uo,Architectural Preservation District Commission 06.12.25,https://www.youtube.com/watch?v=Hfdv8PMP6uo,,3957,52,2026-09-08T16:42:02Z
599,iRhUTui_HRY,Finance Committee 06.12.25,https://www.youtube.com/watch?v=iRhUTui_HRY,,5056,127,2026-09-08T16:42:02Z
600,W9FBuXJeA1U,Water District 06.11.25,https://www.youtube.com/watch?v=W9FBuXJeA1U,,3061,66,2026-09-08T16:42:02Z
601,Dhm8sCLAIME,Board of Assessors 06.11.25,https://www.youtube.com/watch?v=Dhm8sCLAIME,,6951,45,2026-09-08T16:42:02Z
602,FvgT0dj2O_M,Sewer Commission 06.10.25,https://www.youtube.com/watch?v=FvgT0dj2O_M,,1942,37,2026-09-08T16:42:02Z
603,vrn4Y9WZqFY,Council on Aging  06.10.25,https://www.youtube.com/watch?v=vrn4Y9WZqFY,,5989,70,2026-09-08T16:42:02Z
604,I_8yK_VGcGo,Select Board 06.09.25 - Workshop,https://www.youtube.com/watch?v=I_8yK_VGcGo,,10880,154,2026-09-08T16:42:02Z
605,6nRH1-LVvLo,Planning Board 06.09.25,https://www.youtube.com/watch?v=6nRH1-LVvLo,,12417,71,2026-09-08T16:42:02Z
606,FbucqU5g8DU,Gaming Buds: Lego Batman - Ep. 9,https://www.youtube.com/watch?v=FbucqU5g8DU,,1573,25,2026-09-08T16:42:02Z
607,qtPUVc73dOA,Conservation Commission 06.04.25,https://www.youtube.com/watch?v=qtPUVc73dOA,,6272,115,2026-09-08T16:42:02Z
608,VySnGF_Vggo,Municipal Building Design Committee 06.05.25,https://www.youtube.com/watch?v=VySnGF_Vggo,,2569,28,2026-09-08T16:42:02Z
609,j3ofHcEYMyg,Cruise Night 05.28.25,https://www.youtube.com/watch?v=j3ofHcEYMyg,,1223,71,2026-09-08T16:42:02Z
610,nklN_QTDFjg,Annual Police/Fire Memorial Ceremony 06.08.25,https://www.youtube.com/watch?v=nklN_QTDFjg,,1106,69,2026-09-08T16:42:02Z
611,1ikQDTq3icM,LHS Community Scholarship Award Ceremony 06.05.25,https://www.youtube.com/watch?v=1ikQDTq3icM,,4601,123,2026-09-08T16:42:02Z
612,f1tPF4AvRpk,Lunenburg High School Graduation 2025,https://www.youtube.com/watch?v=f1tPF4AvRpk,,4563,627,2026-09-08T16:42:02Z
613,cqx_kxzHC3c,Parks Commission 06.04.25,https://www.youtube.com/watch?v=cqx_kxzHC3c,,6394,61,2026-09-08T16:42:02Z
614,g_QmuyZKcyA,Stormwater Task Force 05.29.25,https://www.youtube.com/watch?v=g_QmuyZKcyA,,5291,29,2026-09-08T16:42:02Z
615,T4UnAG5nr70,School Committee 06.04.25,https://www.youtube.com/watch?v=T4UnAG5nr70,,5044,81,2026-09-08T16:42:02Z
616,Q5b-y0DVWNk,Baccalaureate 2025,https://www.youtube.com/watch?v=Q5b-y0DVWNk,,3427,146,2026-09-08T16:42:02Z
617,kX5ppTa9krI,"Lunenburg Town Manager's Report - June 3rd, 2025",https://www.youtube.com/watch?v=kX5ppTa9krI,,639,62,2026-09-08T16:42:02Z
618,esXb-953bjA,Select Board 06.03.25,https://www.youtube.com/watch?v=esXb-953bjA,,5643,237,2026-09-08T16:42:02Z
619,RiZCHhECr88,Boston Post Cane  and Century Club Presentation - Charles Sanderson 05.05.25,https://www.youtube.com/watch?v=RiZCHhECr88,,1857,19,2026-09-08T16:42:02Z
620,h3uIqNT5Ky4,Lunenburg Spring Concert 2025 (Partial Concert),https://www.youtube.com/watch?v=h3uIqNT5Ky4,,8224,187,2026-09-08T16:42:02Z
621,xBKv2sIPPaQ,Green Community Task Force 06.02.25,https://www.youtube.com/watch?v=xBKv2sIPPaQ,,2046,31,2026-09-08T16:42:02Z
622,wuPFnBcuxyY,PAC 06.02.25,https://www.youtube.com/watch?v=wuPFnBcuxyY,,2735,27,2026-09-08T16:42:02Z
623,gtkfbmuZkwk,Water District 05.28.25,https://www.youtube.com/watch?v=gtkfbmuZkwk,,4752,66,2026-09-08T16:42:02Z
624,NcR2P9QD2DI,"Talkin' Baseball - ""Shrine or Museum? Season 11 Episode 3",https://www.youtube.com/watch?v=NcR2P9QD2DI,,3552,95,2026-09-08T16:42:02Z
625,MmSfutwmqL0,Zoning Board 05.28.25,https://www.youtube.com/watch?v=MmSfutwmqL0,,4068,112,2026-09-08T16:42:02Z
626,jPcTuw-Wlrc,Movie Talk: Star Wars Episode 3 Review - Season 1 Ep. 8,https://www.youtube.com/watch?v=jPcTuw-Wlrc,,1794,51,2026-09-08T16:42:02Z
627,-RpITQCsAAQ,2025 Lunenburg Memorial Day Observance,https://www.youtube.com/watch?v=-RpITQCsAAQ,,1814,90,2026-09-08T16:42:02Z
628,yA9Nou_cIV4,Sewer Commission 05.27.25,https://www.youtube.com/watch?v=yA9Nou_cIV4,,2791,41,2026-09-08T16:42:02Z
629,TTLkkbHgrRk,School Committee 05.21.25,https://www.youtube.com/watch?v=TTLkkbHgrRk,,9034,94,2026-09-08T16:42:02Z
630,tTxlYzAQHd8,Cemetery Commission 05.22.25,https://www.youtube.com/watch?v=tTxlYzAQHd8,,910,77,2026-09-08T16:42:02Z
631,XoSynYiQdA4,Conservation Commission 05.21.25,https://www.youtube.com/watch?v=XoSynYiQdA4,,7162,135,2026-09-08T16:42:02Z
632,5faXjAf5Fuw,"Lunenburg Town Manager Report - May 20th, 2025",https://www.youtube.com/watch?v=5faXjAf5Fuw,,639,40,2026-09-08T16:42:02Z
633,wpttRNE3njQ,Select Board 05.20.25,https://www.youtube.com/watch?v=wpttRNE3njQ,,7655,227,2026-09-08T16:42:02Z
634,M-BfcrTMqbU,School Committee Special Meeting 05.20.25,https://www.youtube.com/watch?v=M-BfcrTMqbU,,142,63,2026-09-08T16:42:02Z
635,J6QIjbksMto,Board of Assessors 05.19.25,https://www.youtube.com/watch?v=J6QIjbksMto,,2714,50,2026-09-08T16:42:02Z
636,KmRUlqJdUcs,School Committee Special Meeting 05.15.25,https://www.youtube.com/watch?v=KmRUlqJdUcs,,781,64,2026-09-08T16:42:02Z
637,NGQVxHy1L5w,"Lunenburg Storytime - The Books We Love, Season 5 Episode 15",https://www.youtube.com/watch?v=NGQVxHy1L5w,,2066,31,2026-09-08T16:42:02Z
638,u2c8rPuVWT8,Water District 05.14.25,https://www.youtube.com/watch?v=u2c8rPuVWT8,,6714,153,2026-09-08T16:42:02Z
639,VJ0rLCk9r1o,Open Space Committee 05.14.25,https://www.youtube.com/watch?v=VJ0rLCk9r1o,,1534,30,2026-09-08T16:42:02Z
640,4WHHrkVtgr0,"Lunenburg Town Manager Report - May 13th, 2025",https://www.youtube.com/watch?v=4WHHrkVtgr0,,639,32,2026-09-08T16:42:02Z
641,1XNIOs3PXVo,Select Board 05.13.25,https://www.youtube.com/watch?v=1XNIOs3PXVo,,6817,204,2026-09-08T16:42:02Z
642,r-kUuTGPt3o,Sewer Commission 05.13.25,https://www.youtube.com/watch?v=r-kUuTGPt3o,,1754,49,2026-09-08T16:42:02Z
643,aoT70pHykbc,Council on Aging 05.13.25,https://www.youtube.com/watch?v=aoT70pHykbc,,4140,48,2026-09-08T16:42:02Z
644,IAL3PkRKdbo,Planning Board 05.12.25,https://www.youtube.com/watch?v=IAL3PkRKdbo,,8992,93,2026-09-08T16:42:02Z
645,_WDJdHhtWWw,Lunenburg All Vendor Fair - 05.10.25,https://www.youtube.com/watch?v=_WDJdHhtWWw,,1237,155,2026-09-08T16:42:02Z
646,ErjwGSDIH5s,Are You Smarter Than Our Sixth Graders - 05.09.25,https://www.youtube.com/watch?v=ErjwGSDIH5s,,6323,91,2026-09-08T16:42:02Z
647,MKuXFUEI1jg,Architectural Preservation District Commission 05.08.25,https://www.youtube.com/watch?v=MKuXFUEI1jg,,2675,32,2026-09-08T16:42:02Z
648,Tarq_Av7WLA,Finance Committee 05.08.25,https://www.youtube.com/watch?v=Tarq_Av7WLA,,3744,38,2026-09-08T16:42:02Z
649,GRGJdd9o4xQ,School Committee 05.07.25,https://www.youtube.com/watch?v=GRGJdd9o4xQ,,14869,260,2026-09-08T16:42:02Z
650,FxrJwyarBj4,Conservation Commission 05.07.25,https://www.youtube.com/watch?v=FxrJwyarBj4,,10841,123,2026-09-08T16:42:02Z
651,_Sn5J1a6bZo,Select Board 05.06.25,https://www.youtube.com/watch?v=_Sn5J1a6bZo,,9387,266,2026-09-08T16:42:02Z
652,ywVPVPUvACA,School Committee Special Meeting - Superintendent Interview Menard 05.06.25,https://www.youtube.com/watch?v=ywVPVPUvACA,,4643,254,2026-09-08T16:42:02Z
653,ksX36dVzgsA,Best Podcast on Turf - Ep. 9,https://www.youtube.com/watch?v=ksX36dVzgsA,,3487,15,2026-09-08T16:42:02Z
654,ee8wcmfVbLw,Spring Health Update 2025,https://www.youtube.com/watch?v=ee8wcmfVbLw,,999,17,2026-09-08T16:42:02Z
655,-hd-MdOucO0,School Committee Special Meeting - Superintendent Interview McCormick 05.05.25,https://www.youtube.com/watch?v=-hd-MdOucO0,,4354,670,2026-09-08T16:42:02Z
656,RkfDA8G2Txc,Board of Assessors 05.05.25,https://www.youtube.com/watch?v=RkfDA8G2Txc,,5169,51,2026-09-08T16:42:02Z
657,O-0UxP3MMM0,PACC 05.05.25,https://www.youtube.com/watch?v=O-0UxP3MMM0,,1924,25,2026-09-08T16:42:02Z
658,gOYiR_qV8yk,Town Meeting 05.03.25,https://www.youtube.com/watch?v=gOYiR_qV8yk,,28726,330,2026-09-08T16:42:02Z
659,rIJRGcl0CME,School Committee Special Meeting - Superintendent Interview - Jodi Fortuna 05.01.25,https://www.youtube.com/watch?v=rIJRGcl0CME,,4011,569,2026-09-08T16:42:02Z
660,7lr4O0moM0o,School Committee - Superintendent Interview - Brent Conway 04.30.25,https://www.youtube.com/watch?v=7lr4O0moM0o,,4923,593,2026-09-08T16:42:02Z
661,9uCZ9UgPfv8,Municipal Building Design Committee 04.30.25,https://www.youtube.com/watch?v=9uCZ9UgPfv8,,5107,49,2026-09-08T16:42:02Z
662,o4dTzF9aVgY,Sewer Commission 04.29.25,https://www.youtube.com/watch?v=o4dTzF9aVgY,,2689,50,2026-09-08T16:42:02Z
663,qg3WDCPJN9A,"Lunenburg Storytime - The Books We Love - Season 5, Episode 14",https://www.youtube.com/watch?v=qg3WDCPJN9A,,1292,99,2026-09-08T16:42:02Z
664,0zq0wcKxsdk,Lunenburg Vendor Fair - Announcement,https://www.youtube.com/watch?v=0zq0wcKxsdk,,317,234,2026-09-08T16:42:02Z
665,FVb29-qTr4o,Planning Board 04.28.25,https://www.youtube.com/watch?v=FVb29-qTr4o,,3943,155,2026-09-08T16:42:02Z
666,jEgcHjc26NI,Fire Safety 04.25.25,https://www.youtube.com/watch?v=jEgcHjc26NI,,967,34,2026-09-08T16:42:02Z
667,YhDc0ZFilHw,Finance Committee 04.24.25,https://www.youtube.com/watch?v=YhDc0ZFilHw,,7790,65,2026-09-08T16:42:02Z
668,Eg8SZL_KgUA,Stormwater Task Force 04.24.25,https://www.youtube.com/watch?v=Eg8SZL_KgUA,,2946,15,2026-09-08T16:42:02Z
669,9uQ1g08yqqE,Cemetery Commission 04.24.25,https://www.youtube.com/watch?v=9uQ1g08yqqE,,4410,88,2026-09-08T16:42:02Z
670,rmFeJGzdZvE,"Talkin' Baseball - How to Score, Season11 Ep2",https://www.youtube.com/watch?v=rmFeJGzdZvE,,3556,78,2026-09-08T16:42:02Z
671,SF1GorpjMtc,Master Plan Steering Committee 04.23.25,https://www.youtube.com/watch?v=SF1GorpjMtc,,6681,71,2026-09-08T16:42:02Z
672,oCbWhA_I5g0,Zoning Board of Appeals 04.23.25,https://www.youtube.com/watch?v=oCbWhA_I5g0,,809,64,2026-09-08T16:42:02Z
673,kA-Td4pDZ54,"Swearing In and Pinning Ceremony of Lunenburg Police Chief Jeffrey Thibodeau - April 18th, 2025",https://www.youtube.com/watch?v=kA-Td4pDZ54,,1428,75,2026-09-08T16:42:02Z
674,tHhc05LWh-0,"Lunenburg Town Manager's Report - April 22nd, 2025",https://www.youtube.com/watch?v=tHhc05LWh-0,,639,29,2026-09-08T16:42:02Z
675,P2oaRZxpxMU,Select Board 04.22.25,https://www.youtube.com/watch?v=P2oaRZxpxMU,,2954,114,2026-09-08T16:42:02Z
676,BdMsFvAAQqY,"Lunenburg Storytime - The Books We Love, Season 5 Episode 13",https://www.youtube.com/watch?v=BdMsFvAAQqY,,1589,25,2026-09-08T16:42:02Z
677,1ZVK0_sfUqw,School Committee 04.16.25,https://www.youtube.com/watch?v=1ZVK0_sfUqw,,14597,114,2026-09-08T16:42:02Z
678,1Y3M0XO4jVk,Conservation Commission 04.16.25,https://www.youtube.com/watch?v=1Y3M0XO4jVk,,9099,116,2026-09-08T16:42:02Z
679,qWh6_jTJFdU,Board of Assessors 04.16.25,https://www.youtube.com/watch?v=qWh6_jTJFdU,,7082,47,2026-09-08T16:42:02Z
680,VdyksuhJQaA,Select Board 04.15.25,https://www.youtube.com/watch?v=VdyksuhJQaA,,13588,176,2026-09-08T16:42:02Z
681,Aha56FXbwHc,Sewer Commission 04.15.25,https://www.youtube.com/watch?v=Aha56FXbwHc,,2195,43,2026-09-08T16:42:02Z
682,_QrbBHrXjrM,Kate Chadbourne - Irish Poetry and Song 04.13.25,https://www.youtube.com/watch?v=_QrbBHrXjrM,,5460,407,2026-09-08T16:42:02Z
683,8hSANOjIKj4,Planning Board 04.14.25,https://www.youtube.com/watch?v=8hSANOjIKj4,,3154,71,2026-09-08T16:42:02Z
684,4H5O7apSh2k,Architectural Preservation District Commission 04.10.25,https://www.youtube.com/watch?v=4H5O7apSh2k,,2780,56,2026-09-08T16:42:02Z
685,0IpgYZsSDuI,Parks Commission - Informational Presentation 04.09.25,https://www.youtube.com/watch?v=0IpgYZsSDuI,,3218,62,2026-09-08T16:42:02Z
686,xPggcloyvvk,Gaming Buds: Star Wars Jedi Power Battles Part 2 - Ep. 8,https://www.youtube.com/watch?v=xPggcloyvvk,,1417,58,2026-09-08T16:42:02Z
687,_sTldowbxC0,Water District 04.09.25,https://www.youtube.com/watch?v=_sTldowbxC0,,4323,65,2026-09-08T16:42:02Z
688,5D1VPfwWy6w,Master Plan Steering Committee 04.09.25,https://www.youtube.com/watch?v=5D1VPfwWy6w,,5982,41,2026-09-08T16:42:02Z
689,zCUQ1NOFTsY,"Lunenburg Town Manager's Report - April 8th, 2025",https://www.youtube.com/watch?v=zCUQ1NOFTsY,,639,42,2026-09-08T16:42:02Z
690,rYku45YUqjY,Select Board 04.08.25,https://www.youtube.com/watch?v=rYku45YUqjY,,9979,204,2026-09-08T16:42:02Z
691,RfsZWaMiMFc,Council on Aging 04.08.25,https://www.youtube.com/watch?v=RfsZWaMiMFc,,3388,36,2026-09-08T16:42:02Z
692,Zz2pe8AFKlo,Green Community Task Force 04.07.25,https://www.youtube.com/watch?v=Zz2pe8AFKlo,,5381,20,2026-09-08T16:42:02Z
693,doVw4obpwpI,School Committee Emergency Meeting 04.07.25,https://www.youtube.com/watch?v=doVw4obpwpI,,2372,115,2026-09-08T16:42:02Z
694,qoldMIdffes,Municipal Building Design Committee 04.07.25,https://www.youtube.com/watch?v=qoldMIdffes,,5149,29,2026-09-08T16:42:02Z
695,NkaP9z8r1WQ,PACC 04.07.25,https://www.youtube.com/watch?v=NkaP9z8r1WQ,,1099,22,2026-09-08T16:42:02Z
696,fYmCbmK81i0,Conservation Commission 04.02.25,https://www.youtube.com/watch?v=fYmCbmK81i0,,8940,128,2026-09-08T16:42:02Z
697,W6RsSTMjlNg,Finance Committee 04.03.25,https://www.youtube.com/watch?v=W6RsSTMjlNg,,14808,94,2026-09-08T16:42:02Z
698,bmxkPrAufrA,Board of Assessors 04.02.25,https://www.youtube.com/watch?v=bmxkPrAufrA,,4488,40,2026-09-08T16:42:02Z
699,GGygM64BwqE,School Committee 04.02.25,https://www.youtube.com/watch?v=GGygM64BwqE,,14647,125,2026-09-08T16:42:02Z
700,VKGleD1_3oI,"Lunenburg Town Manager's Report - April 1st, 2025",https://www.youtube.com/watch?v=VKGleD1_3oI,,639,70,2026-09-08T16:42:02Z
701,9_Rk909bZxk,Select Board 04.01.25,https://www.youtube.com/watch?v=9_Rk909bZxk,,11057,179,2026-09-08T16:42:02Z
702,tv5c5oJyHSc,Movie Talk: Captain America Brave New World Review - Season 1 Ep. 7,https://www.youtube.com/watch?v=tv5c5oJyHSc,,1751,40,2026-09-08T16:42:02Z
703,rX8ZIxCsMPk,"Lunenburg Storytime - The Books We Love, Season 5 Episode 12",https://www.youtube.com/watch?v=rX8ZIxCsMPk,,2154,21,2026-09-08T16:42:02Z
704,MDIjwe-YvJo,Welcome to PAC,https://www.youtube.com/watch?v=MDIjwe-YvJo,,193,32,2026-09-08T16:42:02Z
705,8akyCtwNkRo,Finance Committee - Zoom Recording 03.27.25,https://www.youtube.com/watch?v=8akyCtwNkRo,,16127,82,2026-09-08T16:42:02Z
706,cmfwASZHfPY,Water District Annual Meeting 03.29.25,https://www.youtube.com/watch?v=cmfwASZHfPY,,1868,149,2026-09-08T16:42:02Z
707,MnpK2weIOA4,Finance Committee 03.27.25,https://www.youtube.com/watch?v=MnpK2weIOA4,,16059,79,2026-09-08T16:42:02Z
708,WdsSVR5sGdQ,Economic Development Committee 03.27.25,https://www.youtube.com/watch?v=WdsSVR5sGdQ,,2555,36,2026-09-08T16:42:02Z
709,I2dt6xgNAeg,Cemetery Commission 03.27.25,https://www.youtube.com/watch?v=I2dt6xgNAeg,,4095,146,2026-09-08T16:42:02Z
710,PNQGq2Xj7DY,Parks Commission 03.26.25,https://www.youtube.com/watch?v=PNQGq2Xj7DY,,5243,55,2026-09-08T16:42:02Z
711,CRGZWKbMeZs,Water District 03.26.25,https://www.youtube.com/watch?v=CRGZWKbMeZs,,3792,85,2026-09-08T16:42:02Z
712,obxYYxhujJM,Sewer Commission 03.25.25,https://www.youtube.com/watch?v=obxYYxhujJM,,3645,50,2026-09-08T16:42:02Z
713,Cra5AAFpWp0,Planning Board 03.24.25,https://www.youtube.com/watch?v=Cra5AAFpWp0,,14142,102,2026-09-08T16:42:02Z
714,nzw-M8gcxCY,Stormwater Task Force 03.20.25,https://www.youtube.com/watch?v=nzw-M8gcxCY,,4955,21,2026-09-08T16:42:02Z
715,eF9-3YXUDdc,Capital Planning 03.20.25,https://www.youtube.com/watch?v=eF9-3YXUDdc,,5227,47,2026-09-08T16:42:02Z
716,PV-DE3N8_PU,Finance Committee 03.20.25,https://www.youtube.com/watch?v=PV-DE3N8_PU,,5124,50,2026-09-08T16:42:02Z
717,jnum9ymr6c0,Conservation Commission 03.19.25,https://www.youtube.com/watch?v=jnum9ymr6c0,,6788,73,2026-09-08T16:42:02Z
718,ET4aDT5SnGI,Board of Assessors 03.19.25,https://www.youtube.com/watch?v=ET4aDT5SnGI,,6346,39,2026-09-08T16:42:02Z
719,iRZbgdj0_rc,School Committee 03.19.25,https://www.youtube.com/watch?v=iRZbgdj0_rc,,8384,152,2026-09-08T16:42:02Z
720,hlQp1vE3RtU,Best Podcast on Turf Ep  8,https://www.youtube.com/watch?v=hlQp1vE3RtU,,2606,10,2026-09-08T16:42:02Z
721,bOw2N2ujOX8,Select Board 03.19.25,https://www.youtube.com/watch?v=bOw2N2ujOX8,,5923,127,2026-09-08T16:42:02Z
722,dy3x097pRic,Intro to Libby at LAAC  03.19.25,https://www.youtube.com/watch?v=dy3x097pRic,,1770,13,2026-09-08T16:42:02Z
723,21WOIrci-Vw,"Lunenburg Town Manager's Report - March 18th, 2025",https://www.youtube.com/watch?v=21WOIrci-Vw,,639,63,2026-09-08T16:42:02Z
724,GDJ_3KO5gZc,Select Board 03.18.25,https://www.youtube.com/watch?v=GDJ_3KO5gZc,,11940,163,2026-09-08T16:42:02Z
725,w3o0Bz7iOss,"Lunenburg Storytime - The Books We Love, Season 5 Episode 11",https://www.youtube.com/watch?v=w3o0Bz7iOss,,1995,30,2026-09-08T16:42:02Z
726,4ib-JN-ljxM,Irish Step Dancers at the Lunenburg Adult Activity Center 03.13.25,https://www.youtube.com/watch?v=4ib-JN-ljxM,,1558,149,2026-09-08T16:42:02Z
727,9wQPY1_hgvA,Finance Committee 03.13.25,https://www.youtube.com/watch?v=9wQPY1_hgvA,,12795,76,2026-09-08T16:42:02Z
728,DHXRd8YYG1g,Architectural Preservation District Commission 03.13.25,https://www.youtube.com/watch?v=DHXRd8YYG1g,,1682,33,2026-09-08T16:42:02Z
729,xDeOoUvg_-I,Water District 03.12.25,https://www.youtube.com/watch?v=xDeOoUvg_-I,,2138,37,2026-09-08T16:42:02Z
730,b7caO9Kd7VA,School Committee 03.12.25,https://www.youtube.com/watch?v=b7caO9Kd7VA,,9987,170,2026-09-08T16:42:02Z
731,Bo5dZ9kC1IY,Planning Board 03.10.25,https://www.youtube.com/watch?v=Bo5dZ9kC1IY,,11119,75,2026-09-08T16:42:02Z
732,1FjxmTSA6Zw,Board of Assessors 03.12.25,https://www.youtube.com/watch?v=1FjxmTSA6Zw,,8735,63,2026-09-08T16:42:02Z
733,lMq0o_atSrg,"Open for Business, Season 1 Episode 2",https://www.youtube.com/watch?v=lMq0o_atSrg,,438,213,2026-09-08T16:42:02Z
734,Z79AZmaTn_I,"Lunenburg Town Manager's Report - March 11th, 2025",https://www.youtube.com/watch?v=Z79AZmaTn_I,,323,45,2026-09-08T16:42:02Z
735,rJL8hrNVMWI,Sewer Commission 03.11.25,https://www.youtube.com/watch?v=rJL8hrNVMWI,,2371,31,2026-09-08T16:42:02Z
736,1aAp8uwWCRc,Select Board 03.11.25,https://www.youtube.com/watch?v=1aAp8uwWCRc,,17972,257,2026-09-08T16:42:02Z
737,UGHhgLKnRQQ,Council on Aging 03.11.25,https://www.youtube.com/watch?v=UGHhgLKnRQQ,,2618,41,2026-09-08T16:42:02Z
738,oElWSOTtjjs,"Talkin' Baseball - ""Hot Stove"", Season 11 Episode 1",https://www.youtube.com/watch?v=oElWSOTtjjs,,3545,126,2026-09-08T16:42:02Z
739,qne6hXWBxSw,Finance Committee 03.06.25,https://www.youtube.com/watch?v=qne6hXWBxSw,,13947,129,2026-09-08T16:42:02Z
740,f87u_ScvJkc,Gaming Buds Ep. 7 Star Wars Jedi Power Battles,https://www.youtube.com/watch?v=f87u_ScvJkc,,1782,40,2026-09-08T16:42:02Z
741,ABtKi_hjS0I,Conservation Commission 03.06.25,https://www.youtube.com/watch?v=ABtKi_hjS0I,,11519,75,2026-09-08T16:42:02Z
742,P02P8v2oJAE,"Lunenburg Town Manager's Report - March 4th, 2025",https://www.youtube.com/watch?v=P02P8v2oJAE,,639,21,2026-09-08T16:42:02Z
743,SzmFOHNxXAc,School Committee 03.05.25,https://www.youtube.com/watch?v=SzmFOHNxXAc,,18342,394,2026-09-08T16:42:02Z
744,46tCHjn9wZI,"Lunenburg Storytime - The Books We Love, Season 5 Episode 10",https://www.youtube.com/watch?v=46tCHjn9wZI,,2209,17,2026-09-08T16:42:02Z
745,rS9ucfkGKqw,Select Board 03.04.25,https://www.youtube.com/watch?v=rS9ucfkGKqw,,8903,144,2026-09-08T16:42:02Z
746,7nNjvq-DMsM,Green Community Task Force 03.03.25,https://www.youtube.com/watch?v=7nNjvq-DMsM,,3549,19,2026-09-08T16:42:02Z
747,CuSY8mT4NGg,Master Plan Steering Committee 03.03.25,https://www.youtube.com/watch?v=CuSY8mT4NGg,,4030,50,2026-09-08T16:42:02Z
748,iyc1fFHgLyM,Municipal Building Design Committee 03.03.25,https://www.youtube.com/watch?v=iyc1fFHgLyM,,4620,55,2026-09-08T16:42:02Z
749,FVy_VaZB-EM,PACC 03.03.25,https://www.youtube.com/watch?v=FVy_VaZB-EM,,1331,29,2026-09-08T16:42:02Z
750,7t04jX2yre0,LFD Ice Rescue Training - February 2024,https://www.youtube.com/watch?v=7t04jX2yre0,,384,68,2026-09-08T16:42:02Z
751,LFZBGudxZrA,LHS Boys Basketball vs Greenfield 02.27.25,https://www.youtube.com/watch?v=LFZBGudxZrA,,3685,402,2026-09-08T16:42:02Z
752,YN6eJW0QDi4,Water District 02.26.25,https://www.youtube.com/watch?v=YN6eJW0QDi4,,4153,51,2026-09-08T16:42:02Z
753,ELz_GSm4PVE,Finance Committee 02.27.25,https://www.youtube.com/watch?v=ELz_GSm4PVE,,18483,94,2026-09-08T16:42:02Z
754,YiQ68uncnz8,School Committee 02.26.25,https://www.youtube.com/watch?v=YiQ68uncnz8,,16882,227,2026-09-08T16:42:02Z
755,Coh-Xjmt3gQ,Cemetery Commission 02.27.25,https://www.youtube.com/watch?v=Coh-Xjmt3gQ,,2350,100,2026-09-08T16:42:02Z
756,NG51pKIBsQQ,Zoning Board of Appeals 02.26.25,https://www.youtube.com/watch?v=NG51pKIBsQQ,,847,143,2026-09-08T16:42:02Z
757,MxKuBUGm8X4,Sewer Commission 02.25.25,https://www.youtube.com/watch?v=MxKuBUGm8X4,,1970,37,2026-09-08T16:42:02Z
758,Lb2TDvCDqVE,Finance Committee 02.25.25,https://www.youtube.com/watch?v=Lb2TDvCDqVE,,9176,98,2026-09-08T16:42:02Z
759,FuuVXm_zei0,Planning Board 02.24.25,https://www.youtube.com/watch?v=FuuVXm_zei0,,10252,96,2026-09-08T16:42:02Z
760,A8WxFwxPcqc,Sewer Commission 02.11.25,https://www.youtube.com/watch?v=A8WxFwxPcqc,,1586,24,2026-09-08T16:42:02Z
761,QygcnfAUbHU,Open Space 02.12.25,https://www.youtube.com/watch?v=QygcnfAUbHU,,3680,28,2026-09-08T16:42:02Z
762,4dZnxSWZ8oE,Stormwater Task Force 02.20.25,https://www.youtube.com/watch?v=4dZnxSWZ8oE,,4269,25,2026-09-08T16:42:02Z
763,PbkkhwgRyUQ,Finance Committee Appointing Committee 02.18.25,https://www.youtube.com/watch?v=PbkkhwgRyUQ,,1980,29,2026-09-08T16:42:02Z
764,8NYmyLPpCBk,Municipal Building Design Committee 02.19.25,https://www.youtube.com/watch?v=8NYmyLPpCBk,,4136,32,2026-09-08T16:42:02Z
765,HjMsP3RKSlE,Architectural Preservation District Commission 02.13.25,https://www.youtube.com/watch?v=HjMsP3RKSlE,,3426,33,2026-09-08T16:42:02Z
766,-TBkA0IB-6M,"Lunenburg Finance Committee - February 20th,  2025",https://www.youtube.com/watch?v=-TBkA0IB-6M,,8523,65,2026-09-08T16:42:02Z
767,PrnmkZSEmT8,"Lunenburg Board of Assessors - February 19th, 2025",https://www.youtube.com/watch?v=PrnmkZSEmT8,,7201,52,2026-09-08T16:42:02Z
768,_w4nhTP9CKs,"Lunenburg Parks Commission - February 19th, 2025",https://www.youtube.com/watch?v=_w4nhTP9CKs,,4323,41,2026-09-08T16:42:02Z
769,o_tR8VveP00,"Lunenburg Conservation Commission - February 19th, 2025",https://www.youtube.com/watch?v=o_tR8VveP00,,7246,121,2026-09-08T16:42:02Z
770,TBQv1etb-Ek,"Lunenburg Town Manager's Report - February 18th, 2025",https://www.youtube.com/watch?v=TBQv1etb-Ek,,639,48,2026-09-08T16:42:02Z
771,cGnul2Pa98Q,"Lunenburg Select Board - February 18th, 2025",https://www.youtube.com/watch?v=cGnul2Pa98Q,,4695,315,2026-09-08T16:42:02Z
772,aRgNS23pU6U,"Lunenburg FinCom Appointing Committee - February 18th, 2025",https://www.youtube.com/watch?v=aRgNS23pU6U,,1625,57,2026-09-08T16:42:02Z
773,cY5HD8_Yd30,Finance Committee 02.13.25,https://www.youtube.com/watch?v=cY5HD8_Yd30,,2905,63,2026-09-08T16:42:02Z
774,pIX-RHaS1BU,Water District 02.12.25,https://www.youtube.com/watch?v=pIX-RHaS1BU,,3900,41,2026-09-08T16:42:02Z
775,j5OW8JzdWIk,Zoning Board of Appeals 02.12.25,https://www.youtube.com/watch?v=j5OW8JzdWIk,,1802,58,2026-09-08T16:42:02Z
776,O-XKInS5FEI,"Lunenburg VS  Hudson Varsity Boys Basketball - February 11th, 2025",https://www.youtube.com/watch?v=O-XKInS5FEI,,3432,208,2026-09-08T16:42:02Z
777,SswPYP5ka84,Council on Aging 02.11.25,https://www.youtube.com/watch?v=SswPYP5ka84,,4512,26,2026-09-08T16:42:02Z
778,mUq69mzNKkc,"Lunenburg Town Manager's Report February 11th, 2025",https://www.youtube.com/watch?v=mUq69mzNKkc,,639,51,2026-09-08T16:42:02Z
779,5jJJqkWgDDU,"Lunenburg Storytime - The Books We Love, Season 5 Episode 9",https://www.youtube.com/watch?v=5jJJqkWgDDU,,1674,48,2026-09-08T16:42:02Z
780,lUVF69No-Xk,Select Board 02.11.25,https://www.youtube.com/watch?v=lUVF69No-Xk,,9392,230,2026-09-08T16:42:02Z
781,LrdUqJ4sCWE,Planning Board 02.10.25,https://www.youtube.com/watch?v=LrdUqJ4sCWE,,11989,115,2026-09-08T16:42:02Z
782,1GALYskkfEU,LHS Girls Basketball vs Maynard 02.07.25,https://www.youtube.com/watch?v=1GALYskkfEU,,3210,206,2026-09-08T16:42:02Z
783,o_hxhfYPyNg,"Lunenburg VS  Littleton - Boys Varsity Basketball - February 4th, 2025",https://www.youtube.com/watch?v=o_hxhfYPyNg,,7215,342,2026-09-08T16:42:02Z
784,gaTzA3QhcDk,Board of Assessors 02.05.25,https://www.youtube.com/watch?v=gaTzA3QhcDk,,5622,54,2026-09-08T16:42:02Z
785,H-bhu3_drtc,"BOA Program ""How We Can Help"" Presentation 02.03.25",https://www.youtube.com/watch?v=H-bhu3_drtc,,6960,72,2026-09-08T16:42:02Z
786,sAX6qeo_BTM,Conservation Commission 02.05.25,https://www.youtube.com/watch?v=sAX6qeo_BTM,,5322,62,2026-09-08T16:42:02Z
787,ad6QtSaJqVU,School Committee 02.05.25,https://www.youtube.com/watch?v=ad6QtSaJqVU,,14865,249,2026-09-08T16:42:02Z
788,Wtgkh5sEnHA,"Lunenburg Town Manager Report February 4th, 2025",https://www.youtube.com/watch?v=Wtgkh5sEnHA,,639,40,2026-09-08T16:42:02Z
789,YwNTz8iSK1k,Athletic Advisory Committee 02.04.25,https://www.youtube.com/watch?v=YwNTz8iSK1k,,2826,35,2026-09-08T16:42:02Z
790,bT_7rISGSng,Select Board 02.04.25,https://www.youtube.com/watch?v=bT_7rISGSng,,13350,182,2026-09-08T16:42:02Z
791,CZ7vIkXn2W4,Green Community Task Force 02.03.25,https://www.youtube.com/watch?v=CZ7vIkXn2W4,,3462,17,2026-09-08T16:42:02Z
792,Puf7maijmm0,Lunenburg Municipal Building Design Committee 02.03.25,https://www.youtube.com/watch?v=Puf7maijmm0,,8442,77,2026-09-08T16:42:02Z
793,V-PnOYCxCvg,PACC 02.03.25,https://www.youtube.com/watch?v=V-PnOYCxCvg,,3005,21,2026-09-08T16:42:02Z
794,FxTOvbZ4Xqc,LHS Ayer Shirley Hockey vs Leominster and Senior Night 02.01.25,https://www.youtube.com/watch?v=FxTOvbZ4Xqc,,3999,206,2026-09-08T16:42:02Z
795,bs6TkJ3fIk8,Capital Planning 01.29.25,https://www.youtube.com/watch?v=bs6TkJ3fIk8,,4090,34,2026-09-08T16:42:02Z
796,szC4y9EzbGk,School Committee - Special Meeting 02.01.25,https://www.youtube.com/watch?v=szC4y9EzbGk,,1619,114,2026-09-08T16:42:02Z
797,z64yjA9JMGI,LHS Boys Varsity Basketball vs Quabbin and Senior Night 01.31.25,https://www.youtube.com/watch?v=z64yjA9JMGI,,3590,140,2026-09-08T16:42:02Z
798,60BRcqDu_PQ,School Committee - Workshop 01.29.25,https://www.youtube.com/watch?v=60BRcqDu_PQ,,3791,56,2026-09-08T16:42:02Z
799,M2p4UH1DAQM,"Ancestry Presentation with Thomas Laford, Lunenburg Library 01.25.25",https://www.youtube.com/watch?v=M2p4UH1DAQM,,3976,19,2026-09-08T16:42:02Z
800,GcNZeF4BML0,LHS Girls Varsity Basketball vs Gardner and Senior Night 01.29.25,https://www.youtube.com/watch?v=GcNZeF4BML0,,5064,186,2026-09-08T16:42:02Z
801,I6_G4jkIt_A,Best Podcast on Turf Episode 7,https://www.youtube.com/watch?v=I6_G4jkIt_A,,2196,10,2026-09-08T16:42:02Z
802,qxGO4aYouG4,Lunenburg vs Clinton - Girls Varsity Basketball - Jan. 28th 2025,https://www.youtube.com/watch?v=qxGO4aYouG4,,4348,116,2026-09-08T16:42:02Z
803,pNRrIqk_hxE,Conservation Commission 01.29.25,https://www.youtube.com/watch?v=pNRrIqk_hxE,,5632,90,2026-09-08T16:42:02Z
804,31h_vcLeNy0,Health Update Winter 2025,https://www.youtube.com/watch?v=31h_vcLeNy0,,2025,28,2026-09-08T16:42:02Z
805,mQV5oHVxkfI,Sewer Commission 01.28.25,https://www.youtube.com/watch?v=mQV5oHVxkfI,,1290,26,2026-09-08T16:42:02Z
806,jdgUJbMl95o,Select Board 01.28.25,https://www.youtube.com/watch?v=jdgUJbMl95o,,2587,254,2026-09-08T16:42:02Z
807,_tYwHQu995w,Athletic Advisory Committee 01.27.25,https://www.youtube.com/watch?v=_tYwHQu995w,,5465,26,2026-09-08T16:42:02Z
808,cMbk3X2WWn4,Conservation Commission 01.22.25,https://www.youtube.com/watch?v=cMbk3X2WWn4,,10830,87,2026-09-08T16:42:02Z
809,2s0Q-65L24k,Planning Board 01.27.25,https://www.youtube.com/watch?v=2s0Q-65L24k,,9623,80,2026-09-08T16:42:02Z
810,JBcaBcwlj6Y,Select Board 01.27.25,https://www.youtube.com/watch?v=JBcaBcwlj6Y,,61,62,2026-09-08T16:42:02Z
811,q_4CT5PGqTY,"Lunenburg Storytime - The Books We Love, Season 5 Episode 8",https://www.youtube.com/watch?v=q_4CT5PGqTY,,1458,90,2026-09-08T16:42:02Z
812,_rEhfHeqKhU,LHS Girls Varsity Basketball vs Tyngsboro 01.24.25,https://www.youtube.com/watch?v=_rEhfHeqKhU,,3591,106,2026-09-08T16:42:02Z
813,63fnQKXmvfU,Economic Development Committee 01.23.25,https://www.youtube.com/watch?v=63fnQKXmvfU,,2931,22,2026-09-08T16:42:02Z
814,TZcRDxzdrIQ,Stormwater Task Force 01.23.25,https://www.youtube.com/watch?v=TZcRDxzdrIQ,,3152,18,2026-09-08T16:42:02Z
815,TCtuISoe8iU,School Committee 01.22.25,https://www.youtube.com/watch?v=TCtuISoe8iU,,11151,124,2026-09-08T16:42:02Z
816,CAdC_nNKxiQ,Water District 01.22.25,https://www.youtube.com/watch?v=CAdC_nNKxiQ,,4323,51,2026-09-08T16:42:02Z
817,4k9TZLHj-jQ,Board of Assessors 01.22.25,https://www.youtube.com/watch?v=4k9TZLHj-jQ,,7823,75,2026-09-08T16:42:02Z
818,H8LjmPK8v0U,LHS Girls Basketball vs Notre Dame Academy 01.20.25,https://www.youtube.com/watch?v=H8LjmPK8v0U,,2451,141,2026-09-08T16:42:02Z
819,CXE_d1u9w3o,Municipal Building Design Committee 01.22.25,https://www.youtube.com/watch?v=CXE_d1u9w3o,,6015,63,2026-09-08T16:42:02Z
820,7fSKkb0g6iY,Zoning Board of Appeals 01.22.25,https://www.youtube.com/watch?v=7fSKkb0g6iY,,2028,57,2026-09-08T16:42:02Z
821,sKmeLFmRgyA,Sewer Commission 01.21.25,https://www.youtube.com/watch?v=sKmeLFmRgyA,,3922,40,2026-09-08T16:42:02Z
822,WFr0WQH7Sss,School Committee Special Meeting 01.17.25,https://www.youtube.com/watch?v=WFr0WQH7Sss,,3576,50,2026-09-08T16:42:02Z
823,r57WlcGS5l8,"Lunenburg's Town Manager Report - January 21st, 2025",https://www.youtube.com/watch?v=r57WlcGS5l8,,639,56,2026-09-08T16:42:02Z
824,W8EuCS_I4qo,Select Board 01.21.25,https://www.youtube.com/watch?v=W8EuCS_I4qo,,11113,211,2026-09-08T16:42:02Z
825,0kjKKqL9vtw,PACC 01.20.25,https://www.youtube.com/watch?v=0kjKKqL9vtw,,1620,64,2026-09-08T16:42:02Z
826,9y1bkcsYYNI,LHS Girls Varsity Basketball vs Hudson High School 01.14.25,https://www.youtube.com/watch?v=9y1bkcsYYNI,,4144,171,2026-09-08T16:42:02Z
827,bpDu97Bl-go,Architectural Preservation District Commission 01.16.27,https://www.youtube.com/watch?v=bpDu97Bl-go,,5329,43,2026-09-08T16:42:02Z
828,Sp4UokWUu7k,Select Board 01.15.25,https://www.youtube.com/watch?v=Sp4UokWUu7k,,3856,252,2026-09-08T16:42:02Z
829,SpJt3DbJlVY,Parks Commission 01.15.25,https://www.youtube.com/watch?v=SpJt3DbJlVY,,3722,69,2026-09-08T16:42:02Z
830,rEifex02efg,Select Board - Town Manager Interviews 01.14.25,https://www.youtube.com/watch?v=rEifex02efg,,13460,403,2026-09-08T16:42:02Z
831,raPBe7t6BNc,Council on Aging 01.14.25,https://www.youtube.com/watch?v=raPBe7t6BNc,,3527,75,2026-09-08T16:42:02Z
832,DMFf0UfTEe0,"Lunenburg Storytime - The Books We Love, Season 5 Episode 7",https://www.youtube.com/watch?v=DMFf0UfTEe0,,2182,28,2026-09-08T16:42:02Z
833,bPkrIrL39fk,Planning Board 01.13.25,https://www.youtube.com/watch?v=bPkrIrL39fk,,8019,101,2026-09-08T16:42:02Z
834,foSL7GFvfFU,LHS Boys Varsity Basketball vs Littleton 01.10.25,https://www.youtube.com/watch?v=foSL7GFvfFU,,3342,233,2026-09-08T16:42:02Z
835,GPU-w_bWXEY,LHS Girls Varsity Basketball vs Littleton 01.10.25,https://www.youtube.com/watch?v=GPU-w_bWXEY,,3376,155,2026-09-08T16:42:02Z
836,bPVcWDKnDF0,Water District 01.08.25,https://www.youtube.com/watch?v=bPVcWDKnDF0,,3210,52,2026-09-08T16:42:02Z
837,d-FWc0LFXoo,Finance Committee 01.09.25,https://www.youtube.com/watch?v=d-FWc0LFXoo,,1692,46,2026-09-08T16:42:02Z
838,Yz85-S-4fbc,Cemetery Commission 01.09.25,https://www.youtube.com/watch?v=Yz85-S-4fbc,,1345,231,2026-09-08T16:42:02Z
839,KKKsaovcTqQ,School Committee 01.08.25,https://www.youtube.com/watch?v=KKKsaovcTqQ,,12360,119,2026-09-08T16:42:02Z
840,g3aW1Z9lWyE,Board of Assessors 01.08.25,https://www.youtube.com/watch?v=g3aW1Z9lWyE,,4724,49,2026-09-08T16:42:02Z
841,d7h-ZV497xA,Conservation Commission 01.08.25,https://www.youtube.com/watch?v=d7h-ZV497xA,,9703,82,2026-09-08T16:42:02Z
842,7sP8gyjHevY,Open Space Committee 01.08.25,https://www.youtube.com/watch?v=7sP8gyjHevY,,1934,25,2026-09-08T16:42:02Z
843,bdirdounZd0,How Community Media is Funded,https://www.youtube.com/watch?v=bdirdounZd0,,781,17,2026-09-08T16:42:02Z
844,-5MAIYHAGmA,LHS Boys Varsity Basketball vs Clinton 01.07.25,https://www.youtube.com/watch?v=-5MAIYHAGmA,,3231,602,2026-09-08T16:42:02Z
845,ASylTGMiw38,Best Podcast on Turf: Episode 6,https://www.youtube.com/watch?v=ASylTGMiw38,,2254,7,2026-09-08T16:42:02Z
846,BVxSxpO1h4c,Movie Talk: Home Alone Review - Season 1 Episode 6,https://www.youtube.com/watch?v=BVxSxpO1h4c,,912,51,2026-09-08T16:42:02Z
847,OSDrxiSHgYw,Select Board 01.07.25,https://www.youtube.com/watch?v=OSDrxiSHgYw,,13379,195,2026-09-08T16:42:02Z
848,En_1hJdUdvQ,Municipal Building Design Committee 01.06.25,https://www.youtube.com/watch?v=En_1hJdUdvQ,,10525,99,2026-09-08T16:42:02Z
849,2X9V-HLqdRI,PACC 01.06.25,https://www.youtube.com/watch?v=2X9V-HLqdRI,,2100,33,2026-09-08T16:42:02Z
850,B83rxgEnKyU,"Lunenburg Storytime - The Books We Love, Season 5 Episode 6",https://www.youtube.com/watch?v=B83rxgEnKyU,,2065,27,2026-09-08T16:42:02Z
851,jkz2AilfB_8,LHS Girls Basketball vs Quabbin 01.03.24,https://www.youtube.com/watch?v=jkz2AilfB_8,,3913,213,2026-09-08T16:42:02Z
852,ijIWOGQGABk,"Talk of theTown - Interview with Sue Doherty, Season 1 Episode4",https://www.youtube.com/watch?v=ijIWOGQGABk,,1847,140,2026-09-08T16:42:02Z
853,pBjHJiaeaE4,LHS Girls Varsity Basketball vs North Middlesex HS 12.27.24,https://www.youtube.com/watch?v=pBjHJiaeaE4,,4655,346,2026-09-08T16:42:02Z
854,aJGGKMUGSXQ,LHS Boys Varsity Basketball vs North Middlesex HS 12.27.24,https://www.youtube.com/watch?v=aJGGKMUGSXQ,,2940,440,2026-09-08T16:42:02Z
855,s2syy-mLWZU,LHS Boys Varsity Basketball vs Maynard 12.23.2024,https://www.youtube.com/watch?v=s2syy-mLWZU,,3758,491,2026-09-08T16:42:02Z
856,0p_n3-Tsx8w,LHS Boys Varsity Basketball vs Tyngsboro 12.19.24,https://www.youtube.com/watch?v=0p_n3-Tsx8w,,3781,207,2026-09-08T16:42:02Z
857,4imjbXm0mt4,Water District 12.18.24,https://www.youtube.com/watch?v=4imjbXm0mt4,,2492,66,2026-09-08T16:42:02Z
858,v2oEg3veYK8,Finance Committee 12.19.24,https://www.youtube.com/watch?v=v2oEg3veYK8,,6837,56,2026-09-08T16:42:02Z
859,SfulwvFLx9w,School Committee 12.18.24,https://www.youtube.com/watch?v=SfulwvFLx9w,,5937,71,2026-09-08T16:42:02Z
860,0kTuXRFLfaQ,Parks Commission 12.18.24,https://www.youtube.com/watch?v=0kTuXRFLfaQ,,6525,36,2026-09-08T16:42:02Z
861,KujZPeC0l9Y,Gaming Buds - Episode 6 Spider Man,https://www.youtube.com/watch?v=KujZPeC0l9Y,,1548,4,2026-09-08T16:42:02Z
862,-1JrcQrwP30,Board of Assessors 12.18.24,https://www.youtube.com/watch?v=-1JrcQrwP30,,6617,51,2026-09-08T16:42:02Z
863,5QMBgTUGEGk,Conservation Commission 12.18.24,https://www.youtube.com/watch?v=5QMBgTUGEGk,,8999,60,2026-09-08T16:42:02Z
864,jrG1b_tADyo,Select Board 12.17.24,https://www.youtube.com/watch?v=jrG1b_tADyo,,12960,187,2026-09-08T16:42:02Z
865,i4tu-oa8wV4,LHS Boys Varisty Basketball vs Monty Tech 12.16. 24,https://www.youtube.com/watch?v=i4tu-oa8wV4,,3517,284,2026-09-08T16:42:02Z
866,8HWxmugciqA,Capital Planning Committee 12.16.24,https://www.youtube.com/watch?v=8HWxmugciqA,,2627,38,2026-09-08T16:42:02Z
867,undX21PLoLU,Budget Task Force 12.16.24,https://www.youtube.com/watch?v=undX21PLoLU,,7905,32,2026-09-08T16:42:02Z
868,cXzfYKL4d7k,Municipal Building Design Committee 12.16.24,https://www.youtube.com/watch?v=cXzfYKL4d7k,,7324,68,2026-09-08T16:42:02Z
869,oP3V90Ss2-A,Architectural Preservation District Commission 12.12.24,https://www.youtube.com/watch?v=oP3V90Ss2-A,,2732,22,2026-09-08T16:42:02Z
870,7TapYTltxww,Lunenburg School Chorus - Winter Concert 2024,https://www.youtube.com/watch?v=7TapYTltxww,,1562,169,2026-09-08T16:42:02Z
871,GRN90X_MON4,Lunenburg School Bands - Winter Concert 2024,https://www.youtube.com/watch?v=GRN90X_MON4,,4434,387,2026-09-08T16:42:02Z
872,HaylEC-Pq_c,"Lunenburg Storytime - The Books We Love, Season 5 Episode 5",https://www.youtube.com/watch?v=HaylEC-Pq_c,,2223,27,2026-09-08T16:42:02Z
873,m4wK1DkaCDA,Zoning Board of Appeals 12.11.24,https://www.youtube.com/watch?v=m4wK1DkaCDA,,878,47,2026-09-08T16:42:02Z
874,OCG0m8id4Pc,"Talk of theTown - Season 1, Episode3",https://www.youtube.com/watch?v=OCG0m8id4Pc,,1942,97,2026-09-08T16:42:02Z
875,7DZf9jK55PY,Sewer Commission 12.10.24,https://www.youtube.com/watch?v=7DZf9jK55PY,,1587,55,2026-09-08T16:42:02Z
876,09uW_d_1ytY,Council on Aging 12.10.24,https://www.youtube.com/watch?v=09uW_d_1ytY,,1924,51,2026-09-08T16:42:02Z
877,ENBmClqrHsI,Select Board 12.10.24,https://www.youtube.com/watch?v=ENBmClqrHsI,,4655,148,2026-09-08T16:42:02Z
878,6WNmVd-HwNo,Green Community Task Force 12.09.24,https://www.youtube.com/watch?v=6WNmVd-HwNo,,3679,17,2026-09-08T16:42:02Z
879,s_29eXMabkY,Planning Board 12.09.24,https://www.youtube.com/watch?v=s_29eXMabkY,,7077,55,2026-09-08T16:42:02Z
880,Qa_oSs8XtTQ,PACC 12.09.24,https://www.youtube.com/watch?v=Qa_oSs8XtTQ,,3433,23,2026-09-08T16:42:02Z
881,jeMFzKVTfnU,LAAC Holiday Luncheon and Sing-A-Long 12.05.24,https://www.youtube.com/watch?v=jeMFzKVTfnU,,978,30,2026-09-08T16:42:02Z
882,ASAvgsJHsQA,Water District 12.04.24,https://www.youtube.com/watch?v=ASAvgsJHsQA,,2149,53,2026-09-08T16:42:02Z
883,NVtAyEy89Ns,Lunenburg Annual Tree Lighting 12.05.24,https://www.youtube.com/watch?v=NVtAyEy89Ns,,1373,117,2026-09-08T16:42:02Z
884,ueNTWBYBvQk,Movie Talk: Deadpool and Wolverine Review - Season 1 Episode 5,https://www.youtube.com/watch?v=ueNTWBYBvQk,,1737,84,2026-09-08T16:42:02Z
885,sAkIiP5VByQ,Plan Lunenburg 12.04.25 - Public Session #5,https://www.youtube.com/watch?v=sAkIiP5VByQ,,4463,63,2026-09-08T16:42:02Z
886,JsViyrN-gg4,Conservation Commission 12.04.24,https://www.youtube.com/watch?v=JsViyrN-gg4,,12389,104,2026-09-08T16:42:02Z
887,r_5drbTuvSY,School Committee12.04.24,https://www.youtube.com/watch?v=r_5drbTuvSY,,10207,47,2026-09-08T16:42:02Z
888,0MLr03VKsyA,Select Board 12.03.24,https://www.youtube.com/watch?v=0MLr03VKsyA,,11298,246,2026-09-08T16:42:02Z
889,2R-D1jOtQ-g,Municipal Building Design Committee 12.02.24,https://www.youtube.com/watch?v=2R-D1jOtQ-g,,4442,40,2026-09-08T16:42:02Z
890,ujzB1Q5NRXo,Gaming Buds - Episode 5 Spider Man,https://www.youtube.com/watch?v=ujzB1Q5NRXo,,1615,23,2026-09-08T16:42:02Z
891,5BA1lZxu8h4,Capital Planning 12.02.24,https://www.youtube.com/watch?v=5BA1lZxu8h4,,7828,52,2026-09-08T16:42:02Z
892,7q65aaiSuSw,Budget Task Force 12.02.24,https://www.youtube.com/watch?v=7q65aaiSuSw,,7779,22,2026-09-08T16:42:02Z
893,ebuYLjObSeM,PAC 12.02.24,https://www.youtube.com/watch?v=ebuYLjObSeM,,3057,25,2026-09-08T16:42:02Z
894,JBheIqxWY5s,Stormwater Task Force 11.21.24,https://www.youtube.com/watch?v=JBheIqxWY5s,,1916,19,2026-09-08T16:42:02Z
895,Vud2hHNVOKE,Municipal Building Design Committee 11.25.24,https://www.youtube.com/watch?v=Vud2hHNVOKE,,1756,30,2026-09-08T16:42:02Z
896,cJhTxcvTs4c,Planning Board 11.25.24,https://www.youtube.com/watch?v=cJhTxcvTs4c,,5822,92,2026-09-08T16:42:02Z
897,HlklFvIcdn4,"Lunenburg Storytime - The Books We Love, Season 5 Episode 4",https://www.youtube.com/watch?v=HlklFvIcdn4,,3065,32,2026-09-08T16:42:02Z
898,6RtNcCiSNa4,Lunenburg Lions Turkey Baskets 2024,https://www.youtube.com/watch?v=6RtNcCiSNa4,,330,255,2026-09-08T16:42:02Z
899,8etyBgwOat4,Susan B Anthony - Historical Reenactment 11.22.24,https://www.youtube.com/watch?v=8etyBgwOat4,,2659,114,2026-09-08T16:42:02Z
900,IV7A6zf6Rk0,School Committee 11.20.24,https://www.youtube.com/watch?v=IV7A6zf6Rk0,,10347,86,2026-09-08T16:42:02Z
901,pm84ca10Xd4,Cemetery Commission 11.21.24,https://www.youtube.com/watch?v=pm84ca10Xd4,,5090,77,2026-09-08T16:42:02Z
902,WcD4lACKO0A,Best Podcast on Turf - Episode4,https://www.youtube.com/watch?v=WcD4lACKO0A,,2608,16,2026-09-08T16:42:02Z
903,Yjf05zfqoII,Municipal Building Design Committee 11.20.24,https://www.youtube.com/watch?v=Yjf05zfqoII,,3717,51,2026-09-08T16:42:02Z
904,n0Gzlu98MDc,Board of Assessors 11.20.24,https://www.youtube.com/watch?v=n0Gzlu98MDc,,5555,84,2026-09-08T16:42:02Z
905,mHjLAn7GbdQ,Select Board 11.19.24,https://www.youtube.com/watch?v=mHjLAn7GbdQ,,8533,261,2026-09-08T16:42:02Z
906,tQ2lJTPHuk8,Sewer Commission 11.19.24,https://www.youtube.com/watch?v=tQ2lJTPHuk8,,1187,32,2026-09-08T16:42:02Z
907,nZGAcnVcH4w,Budget Task Force 11.18.24,https://www.youtube.com/watch?v=nZGAcnVcH4w,,6340,32,2026-09-08T16:42:02Z
908,Eoc8kjCwglU,LHS Football vs Ayer 11.16.24,https://www.youtube.com/watch?v=Eoc8kjCwglU,,6741,164,2026-09-08T16:42:02Z
909,RC08lPgkDYI,Architectural Preservation District Commission 11.14.24,https://www.youtube.com/watch?v=RC08lPgkDYI,,1801,33,2026-09-08T16:42:02Z
910,j1okknAkAnc,Municipal Building Design Committee 11.14.24,https://www.youtube.com/watch?v=j1okknAkAnc,,3239,43,2026-09-08T16:42:02Z
911,Kp6RANXCU5E,Water District 11.13.24,https://www.youtube.com/watch?v=Kp6RANXCU5E,,4374,54,2026-09-08T16:42:02Z
912,3jKJuWsiLQA,Select Board 11.13.24,https://www.youtube.com/watch?v=3jKJuWsiLQA,,5032,249,2026-09-08T16:42:02Z
913,IfkO1p0lNDs,Zoning Board of Appeals 11.13.24,https://www.youtube.com/watch?v=IfkO1p0lNDs,,1538,66,2026-09-08T16:42:02Z
914,WdWx2IE3FeQ,Special Town Meeting 11.12.24,https://www.youtube.com/watch?v=WdWx2IE3FeQ,,11245,234,2026-09-08T16:42:02Z
915,MQvdf8JrUaw,Council on Aging 11.12.24,https://www.youtube.com/watch?v=MQvdf8JrUaw,,3940,44,2026-09-08T16:42:02Z
916,anpNaB1l9ho,Board of Assessors 11.06.27,https://www.youtube.com/watch?v=anpNaB1l9ho,,10849,67,2026-09-08T16:42:02Z
917,hH-dAWkRKAU,Conservation Commission 11.06.24,https://www.youtube.com/watch?v=hH-dAWkRKAU,,9908,119,2026-09-08T16:42:02Z
918,fDKzZIaYh7I,Parks Commission 11.06.24,https://www.youtube.com/watch?v=fDKzZIaYh7I,,5539,76,2026-09-08T16:42:02Z
919,tlRO7Qf_T20,School Committee 11.06.24,https://www.youtube.com/watch?v=tlRO7Qf_T20,,6776,55,2026-09-08T16:42:02Z
920,uAMUswsOYL4,Sewer Commission 11.05.24,https://www.youtube.com/watch?v=uAMUswsOYL4,,1650,35,2026-09-08T16:42:02Z
921,RTnXii6Ibyg,"Lunenburg Town Manager's Report - November 5th, 2024",https://www.youtube.com/watch?v=RTnXii6Ibyg,,424,63,2026-09-08T16:42:02Z
922,u9ZkLe7Hv7c,Select Board 11.05.24,https://www.youtube.com/watch?v=u9ZkLe7Hv7c,,7169,159,2026-09-08T16:42:02Z
923,OnCYxrN5S9s,Capital Planning Committee 11.04.24,https://www.youtube.com/watch?v=OnCYxrN5S9s,,9541,51,2026-09-08T16:42:02Z
924,cN3ztvUukuA,Budget Task Force 11.04.24,https://www.youtube.com/watch?v=cN3ztvUukuA,,5644,34,2026-09-08T16:42:02Z
925,78cCykPXgdA,PACC 11.04.24,https://www.youtube.com/watch?v=78cCykPXgdA,,2103,35,2026-09-08T16:42:02Z
926,dqIoFbd3jwM,MART/MRPC Safe Roads Action Plan Presentation 10.30.24 Fitchburg Town Hall,https://www.youtube.com/watch?v=dqIoFbd3jwM,,5876,37,2026-09-08T16:42:02Z
927,UGtd36ExuiM,Talk of the Town - Episode 2,https://www.youtube.com/watch?v=UGtd36ExuiM,,1790,123,2026-09-08T16:42:02Z
928,SDtsHEGWJBU,"Lunenburg Storytime - The Books We Love, Season 5 Episode 3",https://www.youtube.com/watch?v=SDtsHEGWJBU,,1487,110,2026-09-08T16:42:02Z
929,rspKwGUKQbo,Planning Board 10.28.24,https://www.youtube.com/watch?v=rspKwGUKQbo,,13371,111,2026-09-08T16:42:02Z
930,ZjVvlA066HQ,Finance Committee 10.24.24,https://www.youtube.com/watch?v=ZjVvlA066HQ,,10490,106,2026-09-08T16:42:02Z
931,FKOTnqnU8qY,Water District 10.23.24,https://www.youtube.com/watch?v=FKOTnqnU8qY,,1769,47,2026-09-08T16:42:02Z
932,d3ak0Vyy6Bk,Capital Planning Committee 10.23.24,https://www.youtube.com/watch?v=d3ak0Vyy6Bk,,5832,45,2026-09-08T16:42:02Z
933,xixCOgSllfA,Parks Commission 10.23.24,https://www.youtube.com/watch?v=xixCOgSllfA,,6977,86,2026-09-08T16:42:02Z
934,nXEpRE4_5G0,Zoning Board of Appeals 10.23.24,https://www.youtube.com/watch?v=nXEpRE4_5G0,,1494,98,2026-09-08T16:42:02Z
935,KejrtOFfFUg,"Lunenburg Town Manager's Report - October 22nd, 2024",https://www.youtube.com/watch?v=KejrtOFfFUg,,639,36,2026-09-08T16:42:02Z
936,uORIbjyMARY,Annual High Tea - Lunenburg Adult Activity Center 10.21.24,https://www.youtube.com/watch?v=uORIbjyMARY,,651,39,2026-09-08T16:42:02Z
937,BApnHswB2Z8,Select Board 10.22.24,https://www.youtube.com/watch?v=BApnHswB2Z8,,11618,231,2026-09-08T16:42:02Z
938,-VhvyNOGuKU,Sewer Commission 10.22.24,https://www.youtube.com/watch?v=-VhvyNOGuKU,,1968,18,2026-09-08T16:42:02Z
939,N2YAK12wDKI,Capital Planning Committee 10.21.24,https://www.youtube.com/watch?v=N2YAK12wDKI,,5909,26,2026-09-08T16:42:02Z
940,8PPEYQrILfY,Boys and Girls Club Shrieks and Krieks 10.18.24,https://www.youtube.com/watch?v=8PPEYQrILfY,,441,67,2026-09-08T16:42:02Z
941,f4MWvGsVzl8,Budget Task Force 10.21.24,https://www.youtube.com/watch?v=f4MWvGsVzl8,,4358,37,2026-09-08T16:42:02Z
942,uqB160ybTYw,Municipal Building Design Committee 10.21.24,https://www.youtube.com/watch?v=uqB160ybTYw,,4343,24,2026-09-08T16:42:02Z
943,l6YAu3GSAdI,Architectural Preservation District Commission 10.17.24,https://www.youtube.com/watch?v=l6YAu3GSAdI,,484,22,2026-09-08T16:42:02Z
944,LVh0OBgAFfg,Lunenburg Homecoming Parade 10.19.24,https://www.youtube.com/watch?v=LVh0OBgAFfg,,1177,178,2026-09-08T16:42:02Z
945,tbOYlBF7I4w,LHS vs Clinton Homecoming Football Game and Senior Recognition Ceremony 10.19.24,https://www.youtube.com/watch?v=tbOYlBF7I4w,,8004,189,2026-09-08T16:42:02Z
946,6ehifu2i-SE,"Lunenburg Storytime - The Books We Love, Season 5 Episode 2",https://www.youtube.com/watch?v=6ehifu2i-SE,,2776,172,2026-09-08T16:42:02Z
947,cFbtEkWsYzY,School Committee 10.16.24,https://www.youtube.com/watch?v=cFbtEkWsYzY,,11311,85,2026-09-08T16:42:02Z
948,CGoucqYKjKs,Board of Assessors 10.16.24,https://www.youtube.com/watch?v=CGoucqYKjKs,,7437,63,2026-09-08T16:42:02Z
949,TqwwQRIxrtg,Conservation Commission 10.16.24,https://www.youtube.com/watch?v=TqwwQRIxrtg,,9924,86,2026-09-08T16:42:02Z
950,GjFThVWEdnw,Sarah Cammer of the BOA - Working Session 10.15.24,https://www.youtube.com/watch?v=GjFThVWEdnw,,4917,16,2026-09-08T16:42:02Z
951,gwPCzDxpcaI,Select Board 10.15.24,https://www.youtube.com/watch?v=gwPCzDxpcaI,,9375,207,2026-09-08T16:42:02Z
952,56CEyis7CgU,State Senate Debate - Cronin Pirro 10.10.24,https://www.youtube.com/watch?v=56CEyis7CgU,,3606,289,2026-09-08T16:42:02Z
953,WLC_SdFeTv0,Parks Commission 10.10.24,https://www.youtube.com/watch?v=WLC_SdFeTv0,,2226,42,2026-09-08T16:42:02Z
954,XPr4AzVCVIc,Finance Committee 10.10.24,https://www.youtube.com/watch?v=XPr4AzVCVIc,,7824,58,2026-09-08T16:42:02Z
955,MYGhYTyg15M,Zoning Board of Appeals 10.09.24,https://www.youtube.com/watch?v=MYGhYTyg15M,,803,47,2026-09-08T16:42:02Z
956,D4gzqLF4riE,Capital Planning Committee 10.09.24,https://www.youtube.com/watch?v=D4gzqLF4riE,,4623,70,2026-09-08T16:42:02Z
957,hOJ0rDDB0M0,Town Manager's Report 10.08.24,https://www.youtube.com/watch?v=hOJ0rDDB0M0,,636,15,2026-09-08T16:42:02Z
958,DziiGnVFKu4,Sewer Commission 10.08.24,https://www.youtube.com/watch?v=DziiGnVFKu4,,2721,43,2026-09-08T16:42:02Z
959,r6nH--z2Yqc,Select Board 10.08.24,https://www.youtube.com/watch?v=r6nH--z2Yqc,,3077,162,2026-09-08T16:42:02Z
960,PLe0yjAGS8k,Budget Task Force 10.07.24,https://www.youtube.com/watch?v=PLe0yjAGS8k,,7737,45,2026-09-08T16:42:02Z
961,G1tvIj3Mm38,Town Manager Screening Committee 10.07.24,https://www.youtube.com/watch?v=G1tvIj3Mm38,,2788,53,2026-09-08T16:42:02Z
962,g3IioI90T-U,"Talkin' Baseball - Wait Till Next Year, Season 10 Episode 8",https://www.youtube.com/watch?v=g3IioI90T-U,,3312,135,2026-09-08T16:42:02Z
963,JZqBFxZMMDE,Conservation Commission 10.02.24  -  Partial Meeting,https://www.youtube.com/watch?v=JZqBFxZMMDE,,1481,49,2026-09-08T16:42:02Z
964,v1voFue_YAA,School Committee 10.02.24,https://www.youtube.com/watch?v=v1voFue_YAA,,12858,76,2026-09-08T16:42:02Z
965,W66AwWy7byA,Board of Assessors 10.02.24,https://www.youtube.com/watch?v=W66AwWy7byA,,9325,94,2026-09-08T16:42:02Z
966,s_VPBZQ6UIQ,Lunenburg Town Manager's Report Oct. 1st 2024,https://www.youtube.com/watch?v=s_VPBZQ6UIQ,,639,77,2026-09-08T16:42:02Z
967,IeSitB3QJOA,Select Board 10.01.24,https://www.youtube.com/watch?v=IeSitB3QJOA,,8194,208,2026-09-08T16:42:02Z
968,9rMtpIh77q4,"Lunenburg Storytime - The Books We Love, Season 5 Episode 1",https://www.youtube.com/watch?v=9rMtpIh77q4,,2011,40,2026-09-08T16:42:02Z
969,bwuOU08cAUQ,Budget Task Force 09.30.24,https://www.youtube.com/watch?v=bwuOU08cAUQ,,7222,59,2026-09-08T16:42:02Z
970,Gy4T6ZSY218,Lunenburg Food Pantry Expansion Ceremony 09.26.24,https://www.youtube.com/watch?v=Gy4T6ZSY218,,1064,98,2026-09-08T16:42:02Z
971,GUHNS4ZUcHQ,Finance Committee 09.26.24,https://www.youtube.com/watch?v=GUHNS4ZUcHQ,,11639,79,2026-09-08T16:42:02Z
972,NYTOkSZV88w,Water District 9.25.24,https://www.youtube.com/watch?v=NYTOkSZV88w,,2479,88,2026-09-08T16:42:02Z
973,meNlX7q0P5Y,Zoning Board of Appeals 09.25.24,https://www.youtube.com/watch?v=meNlX7q0P5Y,,3355,83,2026-09-08T16:42:02Z
974,9iRRIMw0P2Y,Adult Activity Center Volunteer Celebration Ceremony  9.20.24,https://www.youtube.com/watch?v=9iRRIMw0P2Y,,5661,34,2026-09-08T16:42:02Z
975,hpLROM1Rtk4,"Talk of the Town - Interview with GW Shaw and Son, Episode1",https://www.youtube.com/watch?v=hpLROM1Rtk4,,1642,457,2026-09-08T16:42:02Z
976,04ftw6CGOT0,Sewer Commission 09.24.24,https://www.youtube.com/watch?v=04ftw6CGOT0,,4128,47,2026-09-08T16:42:02Z
977,8BFXqn77q4M,Select Board 09.24.24,https://www.youtube.com/watch?v=8BFXqn77q4M,,8467,183,2026-09-08T16:42:02Z
978,JkerRkxZWQQ,Lunenburg Municipal Building Design Committee 09.23.24,https://www.youtube.com/watch?v=JkerRkxZWQQ,,4776,52,2026-09-08T16:42:02Z
979,fWA-johHvh4,Budget Task Force 09.23.24,https://www.youtube.com/watch?v=fWA-johHvh4,,7245,39,2026-09-08T16:42:02Z
980,fOYAUJGG-Rg,Planning Board 09.23.24,https://www.youtube.com/watch?v=fOYAUJGG-Rg,,9880,81,2026-09-08T16:42:02Z
981,43c4OlLxwlk,Gaming Buds - Episode 4,https://www.youtube.com/watch?v=43c4OlLxwlk,,1567,14,2026-09-08T16:42:02Z
982,oFBpBcmPxFQ,St. Boniface Oktoberfest 09.21.24,https://www.youtube.com/watch?v=oFBpBcmPxFQ,,440,22,2026-09-08T16:42:02Z
983,XhLypIo0zrY,Stormwater Task Force 09.19.24,https://www.youtube.com/watch?v=XhLypIo0zrY,,3862,30,2026-09-08T16:42:02Z
984,lAhuP6G8Hac,LHS Varsity Football vs Sutton HS 09.20.24,https://www.youtube.com/watch?v=lAhuP6G8Hac,,7687,270,2026-09-08T16:42:02Z
985,417lCBT65DQ,School Committee 09.18.24,https://www.youtube.com/watch?v=417lCBT65DQ,,5836,66,2026-09-08T16:42:02Z
986,Gsvig_sJHLw,Parks Commission 09.18.24,https://www.youtube.com/watch?v=Gsvig_sJHLw,,5196,44,2026-09-08T16:42:02Z
987,tL34lNUIWMM,Conservation Commission 09.18.24,https://www.youtube.com/watch?v=tL34lNUIWMM,,10139,72,2026-09-08T16:42:02Z
988,9qdv6bxoDSE,Board of Assessors 09.18.24,https://www.youtube.com/watch?v=9qdv6bxoDSE,,5466,65,2026-09-08T16:42:02Z
989,BSZeq3rCouI,Town Managers Report 09.17.24,https://www.youtube.com/watch?v=BSZeq3rCouI,,639,38,2026-09-08T16:42:02Z
990,i7zHwAlnEqM,Boston Post Cane Ceremony  9.16.24,https://www.youtube.com/watch?v=i7zHwAlnEqM,,929,44,2026-09-08T16:42:02Z
991,ZbdOp4XcPM8,Open for Business - Episode 1,https://www.youtube.com/watch?v=ZbdOp4XcPM8,,803,309,2026-09-08T16:42:02Z
992,et8rDbzGU0A,Select Board 09.17.24,https://www.youtube.com/watch?v=et8rDbzGU0A,,9795,267,2026-09-08T16:42:02Z
993,k63Lr_-ks44,Budget Task Force 09.16.24,https://www.youtube.com/watch?v=k63Lr_-ks44,,8059,50,2026-09-08T16:42:02Z
994,QiKHzyzEJAQ,Finance Committee 091224,https://www.youtube.com/watch?v=QiKHzyzEJAQ,,12572,73,2026-09-08T16:42:02Z
995,lCXUDW94iis,Architectural Preservation District Commission 09.12.24,https://www.youtube.com/watch?v=lCXUDW94iis,,3886,20,2026-09-08T16:42:02Z
996,wpcB837-iWA,Green Community Task Force 09.12.24,https://www.youtube.com/watch?v=wpcB837-iWA,,3159,14,2026-09-08T16:42:02Z
997,95L99sVr0MU,Water District 9.11.24,https://www.youtube.com/watch?v=95L99sVr0MU,,5873,63,2026-09-08T16:42:02Z
998,XkSHiKyyU2o,Town Manager Screening Committee 09.11.24,https://www.youtube.com/watch?v=XkSHiKyyU2o,,3012,47,2026-09-08T16:42:02Z
999,q-UIAuyjj38,Open Space Committee 09.11.24,https://www.youtube.com/watch?v=q-UIAuyjj38,,928,22,2026-09-08T16:42:02Z
1000,c7G5rcN2H1g,Zoning Board of Appeals 09.11.24,https://www.youtube.com/watch?v=c7G5rcN2H1g,,4488,64,2026-09-08T16:42:02Z
1001,DMgRQqhERMk,Select Board 09.10.24,https://www.youtube.com/watch?v=DMgRQqhERMk,,4038,182,2026-09-08T16:42:02Z
1002,FKX66Qf5_xA,Water District 08.28.24 - Full Meeting,https://www.youtube.com/watch?v=FKX66Qf5_xA,,5786,36,2026-09-08T16:42:02Z
1003,O5apGU3rlO8,Council on Aging 9.10.24,https://www.youtube.com/watch?v=O5apGU3rlO8,,3986,44,2026-09-08T16:42:02Z
1004,DX5UWU3jWfU,PACC 09.09.24,https://www.youtube.com/watch?v=DX5UWU3jWfU,,2000,56,2026-09-08T16:42:02Z
1005,JY488mnrzrs,Municipal Building Design Committee 09.09.24,https://www.youtube.com/watch?v=JY488mnrzrs,,3496,46,2026-09-08T16:42:02Z
1006,6UmfnngCZP8,Planning Board 09.09.24,https://www.youtube.com/watch?v=6UmfnngCZP8,,5680,92,2026-09-08T16:42:02Z
1007,rjPfHPmzPII,Conservation Commission 09.04.24,https://www.youtube.com/watch?v=rjPfHPmzPII,,5201,40,2026-09-08T16:42:02Z
1008,IJBxiciHG-g,Best Podcast on Turf -  Episode 3,https://www.youtube.com/watch?v=IJBxiciHG-g,,2438,15,2026-09-08T16:42:02Z
1009,qlBSMCGeZF0,School Committee 09.04.24,https://www.youtube.com/watch?v=qlBSMCGeZF0,,9965,53,2026-09-08T16:42:02Z
1010,XPBPrgt7Siw,"Talkin' Baseball - Hall of Fame, Season 10 Episode 7",https://www.youtube.com/watch?v=XPBPrgt7Siw,,3543,139,2026-09-08T16:42:02Z
1011,0vmhbI8OG7w,Unitil Substation Improvement Projects in Lunenburg 09.04.24,https://www.youtube.com/watch?v=0vmhbI8OG7w,,1263,54,2026-09-08T16:42:02Z
1012,uSa2d14BtmI,Board of Assessors 09.04.24,https://www.youtube.com/watch?v=uSa2d14BtmI,,8795,58,2026-09-08T16:42:02Z
1013,0qgDLg6ni4k,School Committee 09.04.24,https://www.youtube.com/watch?v=0qgDLg6ni4k,,9965,58,2026-09-08T16:42:02Z
1014,SUym2D7xXYM,Select Board 09.03.24,https://www.youtube.com/watch?v=SUym2D7xXYM,,8350,245,2026-09-08T16:42:02Z
1015,59zcS19y-Tw,Historical Society - The Arnold Litch Family  8.23.24,https://www.youtube.com/watch?v=59zcS19y-Tw,,2040,45,2026-09-08T16:42:02Z
1016,oDHHNu9Odzc,Water District 8.28.24,https://www.youtube.com/watch?v=oDHHNu9Odzc,,2395,72,2026-09-08T16:42:02Z
1017,fgYCjvNQdMU,Zoning Board of Appeals 08.28.24,https://www.youtube.com/watch?v=fgYCjvNQdMU,,3728,96,2026-09-08T16:42:02Z
1018,L0rqWqZ4FnI,Sewer Commission 08.27.24,https://www.youtube.com/watch?v=L0rqWqZ4FnI,,4052,66,2026-09-08T16:42:02Z
1019,7CtboEsw7Jk,Planning Board 08.26.24,https://www.youtube.com/watch?v=7CtboEsw7Jk,,16115,160,2026-09-08T16:42:02Z
1020,NxWpn3eRjaA,Finance Committee 08.22.24,https://www.youtube.com/watch?v=NxWpn3eRjaA,,11637,57,2026-09-08T16:42:02Z
1021,F_aoP_AXBCo,"Lunenburg Storytime - The Books We Love, Season 4 Episode 19",https://www.youtube.com/watch?v=F_aoP_AXBCo,,1862,56,2026-09-08T16:42:02Z
1022,3D6BvQeqTWc,Parks Commission 08.21.24,https://www.youtube.com/watch?v=3D6BvQeqTWc,,12397,53,2026-09-08T16:42:02Z
1023,Ks4SJlb6lwc,"Lunenburg Town Manager's Report - Aug. 20th, 2024",https://www.youtube.com/watch?v=Ks4SJlb6lwc,,639,82,2026-09-08T16:42:02Z
1024,oik5FsUDfxg,Sewer Commission 08.21.24,https://www.youtube.com/watch?v=oik5FsUDfxg,,1764,27,2026-09-08T16:42:02Z
1025,CJEQ188X8uk,Conservation Commission 08.21.24,https://www.youtube.com/watch?v=CJEQ188X8uk,,6023,57,2026-09-08T16:42:02Z
1026,MMciKy1DZ5A,Select Board 08.20.24,https://www.youtube.com/watch?v=MMciKy1DZ5A,,8177,335,2026-09-08T16:42:02Z
1027,w0NL50_mrXQ,Cardboard Boat Race 08.17.24,https://www.youtube.com/watch?v=w0NL50_mrXQ,,1117,113,2026-09-08T16:42:02Z
1028,KawFgJw93MU,Board of Assessors 08.19.24,https://www.youtube.com/watch?v=KawFgJw93MU,,5990,84,2026-09-08T16:42:02Z
1029,bQ4tpLW0DqM,Green Community Task Force 08.19.24,https://www.youtube.com/watch?v=bQ4tpLW0DqM,,3983,13,2026-09-08T16:42:02Z
1030,QZPSFS_opfA,School Committee Special Meeting 081624,https://www.youtube.com/watch?v=QZPSFS_opfA,,96,29,2026-09-08T16:42:02Z
1031,l_64JaMrAzA,Budget Task Force 08.19.24,https://www.youtube.com/watch?v=l_64JaMrAzA,,7749,42,2026-09-08T16:42:02Z
1032,UdIXf-s6Iac,Town Manager Screening Committee 08.19.24,https://www.youtube.com/watch?v=UdIXf-s6Iac,,4416,62,2026-09-08T16:42:02Z
1033,ohy-y8iAn7g,Water District 8.14.24,https://www.youtube.com/watch?v=ohy-y8iAn7g,,2127,78,2026-09-08T16:42:02Z
1034,G0-3pHLDhxQ,Sewer Commission 08.14.24,https://www.youtube.com/watch?v=G0-3pHLDhxQ,,2586,30,2026-09-08T16:42:02Z
1035,cs-405mk2bU,Parks Commission 08.14.24,https://www.youtube.com/watch?v=cs-405mk2bU,,2779,55,2026-09-08T16:42:02Z
1036,-TjPBZJGlbc,Lunenburg Town Manager's Report 081324,https://www.youtube.com/watch?v=-TjPBZJGlbc,,639,44,2026-09-08T16:42:02Z
1037,pvaQaklHi78,Select Board 08.13.24,https://www.youtube.com/watch?v=pvaQaklHi78,,7415,367,2026-09-08T16:42:02Z
1038,uUd8ne70POA,Planning Board 08.12.24,https://www.youtube.com/watch?v=uUd8ne70POA,,3162,95,2026-09-08T16:42:02Z
1039,h1cYJrs4jEE,Architectural Preservation District Commission 08.08.24,https://www.youtube.com/watch?v=h1cYJrs4jEE,,1827,31,2026-09-08T16:42:02Z
1040,NVJX1vLTenM,Finance Committee 08.08.24,https://www.youtube.com/watch?v=NVJX1vLTenM,,10343,103,2026-09-08T16:42:02Z
1041,e52PjwJitt0,School Committee 08.07.24,https://www.youtube.com/watch?v=e52PjwJitt0,,10961,365,2026-09-08T16:42:02Z
1042,1wCUXj19Wt4,Conservation Commission 08.07.24,https://www.youtube.com/watch?v=1wCUXj19Wt4,,5984,66,2026-09-08T16:42:02Z
1043,rc_fGzmDyd0,Select Board 08.06.24,https://www.youtube.com/watch?v=rc_fGzmDyd0,,8225,343,2026-09-08T16:42:02Z
1044,wW9c6kwCGN0,Budget Task Force 08.05.24,https://www.youtube.com/watch?v=wW9c6kwCGN0,,6662,67,2026-09-08T16:42:02Z
1045,rsrFmsWdv78,PACC 08.05.24,https://www.youtube.com/watch?v=rsrFmsWdv78,,3430,67,2026-09-08T16:42:02Z
1046,e_RYyxJdkIM,Parks Commission 07.31.24,https://www.youtube.com/watch?v=e_RYyxJdkIM,,8035,63,2026-09-08T16:42:02Z
1047,zLy4klE6WJw,Capital Planning Committee 07.31.24,https://www.youtube.com/watch?v=zLy4klE6WJw,,3297,40,2026-09-08T16:42:02Z
1048,iCjSdVhLOVg,Town Manager Screening Committee 07.31.24,https://www.youtube.com/watch?v=iCjSdVhLOVg,,5209,128,2026-09-08T16:42:02Z
1049,dPjb6mJP1u0,"Lunenburg Storytime - The Books We Love, Season 4 Episode 18",https://www.youtube.com/watch?v=dPjb6mJP1u0,,1210,218,2026-09-08T16:42:02Z
1050,pObF3322nfE,Closing Nashoba Valley Medical Center 07.30.24,https://www.youtube.com/watch?v=pObF3322nfE,,2987,119,2026-09-08T16:42:02Z
1051,zaKZlXSQDAg,Sewer Commission 07.30.24,https://www.youtube.com/watch?v=zaKZlXSQDAg,,2924,39,2026-09-08T16:42:02Z
1052,msr_H0y0vX4,Open Space Committee 07.30.24,https://www.youtube.com/watch?v=msr_H0y0vX4,,1583,31,2026-09-08T16:42:02Z
1053,5rEAj6RYh0I,Board of Assessors 07.29.24,https://www.youtube.com/watch?v=5rEAj6RYh0I,,6786,64,2026-09-08T16:42:02Z
1054,tP9MFTbiG1Q,Water District 7.24.24,https://www.youtube.com/watch?v=tP9MFTbiG1Q,,6081,115,2026-09-08T16:42:02Z
1055,Pb36QXiRzhE,School Committee 07.25.24,https://www.youtube.com/watch?v=Pb36QXiRzhE,,2866,66,2026-09-08T16:42:02Z
1056,gbsT-3hLZO0,"Talkin' Baseball - All Star Break, Season10 Episode 6",https://www.youtube.com/watch?v=gbsT-3hLZO0,,3602,55,2026-09-08T16:42:02Z
1057,RnTrjkRl38g,Finance Committee 07.25.24,https://www.youtube.com/watch?v=RnTrjkRl38g,,9022,76,2026-09-08T16:42:02Z
1058,ENM4Z2DMni0,Economic Development Committee 07.25.24,https://www.youtube.com/watch?v=ENM4Z2DMni0,,4294,27,2026-09-08T16:42:02Z
1059,J272NovY6VY,Cemetery Commission 07.25.24,https://www.youtube.com/watch?v=J272NovY6VY,,6505,77,2026-09-08T16:42:02Z
1060,xxfym741obU,Zoning Board 07.24.24,https://www.youtube.com/watch?v=xxfym741obU,,4454,86,2026-09-08T16:42:02Z
1061,OOjBicMeoOY,Gaming Buds - Episode 3,https://www.youtube.com/watch?v=OOjBicMeoOY,,1631,21,2026-09-08T16:42:02Z
1062,T446CI8wQGU,"Town Managers Report - July 23rd, 2024",https://www.youtube.com/watch?v=T446CI8wQGU,,1440,148,2026-09-08T16:42:02Z
1063,jATzS-kn0UA,Select Board 07.23.24,https://www.youtube.com/watch?v=jATzS-kn0UA,,8187,425,2026-09-08T16:42:02Z
1064,kzhYLA_JwDw,Conservation Commission 07.10.24,https://www.youtube.com/watch?v=kzhYLA_JwDw,,6673,54,2026-09-08T16:42:02Z
1065,xtjiu8IxLTs,Budget Task Force 07.22.24,https://www.youtube.com/watch?v=xtjiu8IxLTs,,8010,39,2026-09-08T16:42:02Z
1066,1Rx5x_-HbtA,Planning Board 07.22.24,https://www.youtube.com/watch?v=1Rx5x_-HbtA,,6619,70,2026-09-08T16:42:02Z
1067,kmCfUvqoyz0,"Lunenburg Storytime - The Books We Love, Season 4 Episode 17",https://www.youtube.com/watch?v=kmCfUvqoyz0,,2352,129,2026-09-08T16:42:02Z
1068,-7ZtazAGkKk,Town Manager Screening Committee 07.17.24,https://www.youtube.com/watch?v=-7ZtazAGkKk,,3092,69,2026-09-08T16:42:02Z
1069,SRmiYunIu5g,Town Manager Screening Committee 07.10.24,https://www.youtube.com/watch?v=SRmiYunIu5g,,4464,80,2026-09-08T16:42:02Z
1070,EYmIl21xyZY,Movietalk - Dune Part 2 Review,https://www.youtube.com/watch?v=EYmIl21xyZY,,1785,67,2026-09-08T16:42:02Z
1071,xFliMii1NhE,Conservation Commission 07.17.24,https://www.youtube.com/watch?v=xFliMii1NhE,,9396,143,2026-09-08T16:42:02Z
1072,Lnsx-Q4U58M,Select Board 07.17.24,https://www.youtube.com/watch?v=Lnsx-Q4U58M,,7585,170,2026-09-08T16:42:02Z
1073,exKS--Ch4ao,Water District 7.10.24,https://www.youtube.com/watch?v=exKS--Ch4ao,,4705,89,2026-09-08T16:42:02Z
1074,u2xeQwkOS7A,Town Managers Report 07.16.24,https://www.youtube.com/watch?v=u2xeQwkOS7A,,879,26,2026-09-08T16:42:02Z
1075,7EEY2Mndjc8,Select Board 07.16.24,https://www.youtube.com/watch?v=7EEY2Mndjc8,,11376,260,2026-09-08T16:42:02Z
1076,mSx3zqgGurk,Green Community Task Force 07.15.24,https://www.youtube.com/watch?v=mSx3zqgGurk,,2164,27,2026-09-08T16:42:02Z
1077,oSUYIkdylyw,Architectural Preservation District Commission 07.11.24,https://www.youtube.com/watch?v=oSUYIkdylyw,,3869,38,2026-09-08T16:42:02Z
1078,C9H6v6mU4RU,Finance Committee 07.11.24,https://www.youtube.com/watch?v=C9H6v6mU4RU,,9515,56,2026-09-08T16:42:02Z
1079,tXLj2kT5hUY,Budget Task Force 07.11.24,https://www.youtube.com/watch?v=tXLj2kT5hUY,,4745,45,2026-09-08T16:42:02Z
1080,XsuvvhUpGco,Capital Planning Committee 07.10.24,https://www.youtube.com/watch?v=XsuvvhUpGco,,4308,33,2026-09-08T16:42:02Z
1081,egyT-FdePIU,Open Space Committee 07.10.24,https://www.youtube.com/watch?v=egyT-FdePIU,,3858,30,2026-09-08T16:42:02Z
1082,5ONV-Xbgmfg,Planning Board 07.08.24,https://www.youtube.com/watch?v=5ONV-Xbgmfg,,13860,113,2026-09-08T16:42:02Z
1083,U3M9upTpvKY,Hickory Hills Boat Parade 2024,https://www.youtube.com/watch?v=U3M9upTpvKY,,626,160,2026-09-08T16:42:02Z
1084,_ibvI8f79QE,Select Board 07.09.24,https://www.youtube.com/watch?v=_ibvI8f79QE,,9197,272,2026-09-08T16:42:02Z
1085,kGwWOgXgxt8,PACC 07.01.24,https://www.youtube.com/watch?v=kGwWOgXgxt8,,2584,30,2026-09-08T16:42:02Z
1086,ant2Dcu8ey8,Economic Development Committee 06.27.24,https://www.youtube.com/watch?v=ant2Dcu8ey8,,2930,45,2026-09-08T16:42:02Z
1087,fnWaIehB1-8,"Talkin' Baseball - Run, Run, Run Season10 Episode 5",https://www.youtube.com/watch?v=fnWaIehB1-8,,3392,47,2026-09-08T16:42:02Z
1088,6T9AW_n9oqA,"Lunenburg Water District Meeting June 26th, 2024",https://www.youtube.com/watch?v=6T9AW_n9oqA,,4618,165,2026-09-08T16:42:02Z
1089,NcSeV3TpZxw,"Lunenburg Finance Committee - June 27th, 2024",https://www.youtube.com/watch?v=NcSeV3TpZxw,,8639,70,2026-09-08T16:42:02Z
1090,ADNePNHauu8,School Committee 06.26.24,https://www.youtube.com/watch?v=ADNePNHauu8,,10475,91,2026-09-08T16:42:02Z
1091,TcUAQbA_Jvg,Sewer Commission 06.25.24,https://www.youtube.com/watch?v=TcUAQbA_Jvg,,2252,31,2026-09-08T16:42:02Z
1092,An5ad_AbjaA,Parks Commission 06.25.24,https://www.youtube.com/watch?v=An5ad_AbjaA,,4107,45,2026-09-08T16:42:02Z
1093,YDIiIZY6i5g,Stormwater Task Force 06.20.24,https://www.youtube.com/watch?v=YDIiIZY6i5g,,888,27,2026-09-08T16:42:02Z
1094,YnVjUza2w6s,Planning Board 06.24.24,https://www.youtube.com/watch?v=YnVjUza2w6s,,7793,101,2026-09-08T16:42:02Z
1095,u0pzYAgrn84,"Lunenburg Storytime - The Books We Love, Season 4 Episode 16",https://www.youtube.com/watch?v=u0pzYAgrn84,,1911,18,2026-09-08T16:42:02Z
1096,9wMexmNYmPE,Cemetery Commission 06.20.24,https://www.youtube.com/watch?v=9wMexmNYmPE,,6847,72,2026-09-08T16:42:02Z
1097,bGyAQNXqiRQ,Select Board 06.18.24,https://www.youtube.com/watch?v=bGyAQNXqiRQ,,10540,243,2026-09-08T16:42:02Z
1098,vKVBuowKUeE,Architectural Preservation District Commission 06.13.24,https://www.youtube.com/watch?v=vKVBuowKUeE,,3718,30,2026-09-08T16:42:02Z
1099,v4cG4z1MafE,Summer Health Update 2024,https://www.youtube.com/watch?v=v4cG4z1MafE,,1774,8,2026-09-08T16:42:02Z
1100,s8wIHrcuxbY,John Hedly - Beekeeping Lunenburg Library 6.11.24,https://www.youtube.com/watch?v=s8wIHrcuxbY,,6058,12,2026-09-08T16:42:02Z
1101,G9lDlqVbghA,Water District 06.12.24,https://www.youtube.com/watch?v=G9lDlqVbghA,,5299,77,2026-09-08T16:42:02Z
1102,bRBKCpRoj9Y,Finance Committee 06.13.24,https://www.youtube.com/watch?v=bRBKCpRoj9Y,,3641,62,2026-09-08T16:42:02Z
1103,VyeLYKbCGYg,School Committee 06.12.24,https://www.youtube.com/watch?v=VyeLYKbCGYg,,3956,78,2026-09-08T16:42:02Z
1104,f8-YB67yLhE,Select Board 06.11.24,https://www.youtube.com/watch?v=f8-YB67yLhE,,12060,346,2026-09-08T16:42:02Z
1105,Xt5AE5OkCM0,Board of Assessors 06.10.24,https://www.youtube.com/watch?v=Xt5AE5OkCM0,,3786,54,2026-09-08T16:42:02Z
1106,4cIueaaiQp0,Planning Board 06.10.24,https://www.youtube.com/watch?v=4cIueaaiQp0,,4284,62,2026-09-08T16:42:02Z
1107,zkYqsW2kVZY,Best Podcast on Turf - Episode 2,https://www.youtube.com/watch?v=zkYqsW2kVZY,,2815,10,2026-09-08T16:42:02Z
1108,jXIh1vOQ190,Police/Fire Memorial Service 2024,https://www.youtube.com/watch?v=jXIh1vOQ190,,2467,58,2026-09-08T16:42:02Z
1109,2chgblFFlEk,Conservation Commission 06.05.24,https://www.youtube.com/watch?v=2chgblFFlEk,,9403,68,2026-09-08T16:42:02Z
1110,OkjMWFc2v0k,"Talkin' Baseball - #715, Season10 Episode 4",https://www.youtube.com/watch?v=OkjMWFc2v0k,,3335,49,2026-09-08T16:42:02Z
1111,4r_u6S0pv-w,Seen by Sea: An Appreciation of the New England Coast  5.15.24,https://www.youtube.com/watch?v=4r_u6S0pv-w,,3767,9,2026-09-08T16:42:02Z
1112,wHfHHwQMHoI,School Committee 06.05.24,https://www.youtube.com/watch?v=wHfHHwQMHoI,,11538,117,2026-09-08T16:42:02Z
1113,kKafFqcWwJs,"Town Manager's Report June 4th, 2024",https://www.youtube.com/watch?v=kKafFqcWwJs,,515,87,2026-09-08T16:42:02Z
1114,sYnuXOE0Yj8,Lunenburg Primary School's 2nd Grade Concert - 2024,https://www.youtube.com/watch?v=sYnuXOE0Yj8,,1047,289,2026-09-08T16:42:02Z
1115,hEPTyqswe4c,Select Board 06.04.24,https://www.youtube.com/watch?v=hEPTyqswe4c,,9232,540,2026-09-08T16:42:02Z
1116,usOT9rVMmUU,Green Community Task Force 06.03.24,https://www.youtube.com/watch?v=usOT9rVMmUU,,2796,28,2026-09-08T16:42:02Z
1117,TKqbmVdi2bM,PACC 06.03.24,https://www.youtube.com/watch?v=TKqbmVdi2bM,,2168,13,2026-09-08T16:42:02Z
1118,fbkwRTEKpcc,Board of Assessors 06.03.24,https://www.youtube.com/watch?v=fbkwRTEKpcc,,2600,49,2026-09-08T16:42:02Z
1119,UaJ613ji40Q,Master Plan Public Forum 05.30.24,https://www.youtube.com/watch?v=UaJ613ji40Q,,5078,70,2026-09-08T16:42:02Z
1120,QRjprA8sYX8,LHS Graduation 2024,https://www.youtube.com/watch?v=QRjprA8sYX8,,4192,600,2026-09-08T16:42:02Z
1121,evonVc7lxmk,2024 Baccalaureate,https://www.youtube.com/watch?v=evonVc7lxmk,,2903,61,2026-09-08T16:42:02Z
1122,fNxB41qcJ64,Personnel Committee 05 29 24,https://www.youtube.com/watch?v=fNxB41qcJ64,,4164,74,2026-09-08T16:42:02Z
1123,qY5UnvMqBVQ,Lunenburg Memorial Day 2024,https://www.youtube.com/watch?v=qY5UnvMqBVQ,,1655,136,2026-09-08T16:42:02Z
1124,AwcC2ny4D5U,Water District 05.22.24,https://www.youtube.com/watch?v=AwcC2ny4D5U,,520,60,2026-09-08T16:42:02Z
1125,yGE1_U8665E,Finance Committee 05.23.24,https://www.youtube.com/watch?v=yGE1_U8665E,,9336,70,2026-09-08T16:42:02Z
1126,4n_lCBt5j_o,School Comm 05.22.24,https://www.youtube.com/watch?v=4n_lCBt5j_o,,8169,68,2026-09-08T16:42:02Z
1127,_S8TjegB8ws,FSU Undergraduate Commencement 5.18.24-Produced by Fitchburg Public Television,https://www.youtube.com/watch?v=_S8TjegB8ws,,11306,36,2026-09-08T16:42:02Z
1128,Tq_w3Z0cPxc,Zoning Board of Appeals 05.22.24,https://www.youtube.com/watch?v=Tq_w3Z0cPxc,,745,33,2026-09-08T16:42:02Z
1129,aTM2HezUpa8,FHS vs Lunenburg Girls Lacrosse  5 14 2024 - Produced by FATV,https://www.youtube.com/watch?v=aTM2HezUpa8,,3545,30,2026-09-08T16:42:02Z
1130,uY5pZ-DHlbY,Lunenburg Spring Band Concert 2024,https://www.youtube.com/watch?v=uY5pZ-DHlbY,,3222,230,2026-09-08T16:42:02Z
1131,ddbUPQzXt_w,Select Board 05.21.24,https://www.youtube.com/watch?v=ddbUPQzXt_w,,3873,288,2026-09-08T16:42:02Z
1132,S4oOCEN4HH4,"Lunenburg Storytime - The Books We Love, Season 4 Episode 15",https://www.youtube.com/watch?v=S4oOCEN4HH4,,2459,23,2026-09-08T16:42:02Z
1133,9lAulJ7JHH4,Board of Assessors 05.20.24,https://www.youtube.com/watch?v=9lAulJ7JHH4,,2681,32,2026-09-08T16:42:02Z
1134,6NpiFgpgYRA,Stormwater Task Force 05.16.24,https://www.youtube.com/watch?v=6NpiFgpgYRA,,839,17,2026-09-08T16:42:02Z
1135,_OjFupFJZZQ,Water District Special Meeting 05.16.24,https://www.youtube.com/watch?v=_OjFupFJZZQ,,1033,170,2026-09-08T16:42:02Z
1136,WUneNpK3_KI,Lunenburg Spring Choir Concert 2024,https://www.youtube.com/watch?v=WUneNpK3_KI,,1578,150,2026-09-08T16:42:02Z
1137,trOShxlHHO0,Cemetery Commission 05.16.24,https://www.youtube.com/watch?v=trOShxlHHO0,,5688,96,2026-09-08T16:42:02Z
1138,FVvWpsTlMcM,Parks Commission 05.15.24,https://www.youtube.com/watch?v=FVvWpsTlMcM,,3251,55,2026-09-08T16:42:02Z
1139,vtRLgSbKg9M,Conservation Commission 05.15.24,https://www.youtube.com/watch?v=vtRLgSbKg9M,,10256,78,2026-09-08T16:42:02Z
1140,ECZH1UBmjng,Master Plan Steering Committee 05.15.24,https://www.youtube.com/watch?v=ECZH1UBmjng,,7623,41,2026-09-08T16:42:02Z
1141,PqWfYHfBfHM,Select Board 05.14.24,https://www.youtube.com/watch?v=PqWfYHfBfHM,,5521,210,2026-09-08T16:42:02Z
1142,FY251RQj7XM,School Committee 05.14.24,https://www.youtube.com/watch?v=FY251RQj7XM,,491,77,2026-09-08T16:42:02Z
1143,Qyw2YjpfC-E,Planning Board 05.13.24,https://www.youtube.com/watch?v=Qyw2YjpfC-E,,10364,78,2026-09-08T16:42:02Z
1144,OG1NMUPfpYc,Architectural Presevation District Commission 05.09.24,https://www.youtube.com/watch?v=OG1NMUPfpYc,,2920,20,2026-09-08T16:42:02Z
1145,6D1aCkMVG9Y,"Lunenburg Storytime - The Books We Love, Season 4 Episode 14",https://www.youtube.com/watch?v=6D1aCkMVG9Y,,1483,60,2026-09-08T16:42:02Z
1146,kHFn7wVujZs,Water District 05.08.24,https://www.youtube.com/watch?v=kHFn7wVujZs,,1414,58,2026-09-08T16:42:02Z
1147,dO7n5fBtuww,Select Board 05.08.24,https://www.youtube.com/watch?v=dO7n5fBtuww,,8574,343,2026-09-08T16:42:02Z
1148,Zx3LzdZznUM,"Talkin' Baseball - General Hospital, Season10 Episode 3",https://www.youtube.com/watch?v=Zx3LzdZznUM,,3432,59,2026-09-08T16:42:02Z
1149,vyEG_0R3EKA,Board of Assessors 05.06.24,https://www.youtube.com/watch?v=vyEG_0R3EKA,,8045,40,2026-09-08T16:42:02Z
1150,0HpUabZHw2A,Lunenburg Food Pantry - Community Events in May 2024,https://www.youtube.com/watch?v=0HpUabZHw2A,,222,119,2026-09-08T16:42:02Z
1151,aXzBiF_sShI,Green Community Task Force 05.06.24,https://www.youtube.com/watch?v=aXzBiF_sShI,,3090,14,2026-09-08T16:42:02Z
1152,GAIximluwSE,PACC 05.06.24,https://www.youtube.com/watch?v=GAIximluwSE,,3171,9,2026-09-08T16:42:02Z
1153,1E6ws5rr8E4,Annual Town Meeting 05.04.24,https://www.youtube.com/watch?v=1E6ws5rr8E4,,23403,555,2026-09-08T16:42:02Z
1154,FAc9kLhIeEk,Conservation Commission 05.01.24,https://www.youtube.com/watch?v=FAc9kLhIeEk,,9932,96,2026-09-08T16:42:02Z
1155,BZaMa3F272M,School Committee 05.01.24,https://www.youtube.com/watch?v=BZaMa3F272M,,12110,88,2026-09-08T16:42:02Z
1156,OkKAA9ng5B8,Sewer Commission 04.30.24,https://www.youtube.com/watch?v=OkKAA9ng5B8,,5105,46,2026-09-08T16:42:02Z
1157,yJPvSLgD0Jc,Select Board 04.30.24,https://www.youtube.com/watch?v=yJPvSLgD0Jc,,5188,150,2026-09-08T16:42:02Z
1158,34Cf73YukaE,Lunenburg Cultural Council - Artists In Schools Featuring Jon Hope 04.29.24,https://www.youtube.com/watch?v=34Cf73YukaE,,2780,102,2026-09-08T16:42:02Z
1159,YUiN2V-V5As,"Boys and Girls Club - ""Are You Smarter Than Our 6th Graders""  04.26.24",https://www.youtube.com/watch?v=YUiN2V-V5As,,6929,126,2026-09-08T16:42:02Z
1160,rYpKNfbACBU,Finance Committee 04.11.24,https://www.youtube.com/watch?v=rYpKNfbACBU,,8964,36,2026-09-08T16:42:02Z
1161,9vGRGqbGkX8,Planning Board 04.08.24,https://www.youtube.com/watch?v=9vGRGqbGkX8,,197,27,2026-09-08T16:42:02Z
1162,ahd8iCDNKzo,Economic Development Committee 04.25.24,https://www.youtube.com/watch?v=ahd8iCDNKzo,,2454,26,2026-09-08T16:42:02Z
1163,QFXOYqQgz70,Parks Commission 04.24.24,https://www.youtube.com/watch?v=QFXOYqQgz70,,4121,27,2026-09-08T16:42:02Z
1164,gAy4JC0EK40,Architectural Preservation District Commission 04.09.24,https://www.youtube.com/watch?v=gAy4JC0EK40,,3996,20,2026-09-08T16:42:02Z
1165,PkxDgf8YlsM,Stormwater Task Force 041824,https://www.youtube.com/watch?v=PkxDgf8YlsM,,4523,27,2026-09-08T16:42:02Z
1166,cs-yVXbbRs4,Water District PFAS Presentation 04.25.24,https://www.youtube.com/watch?v=cs-yVXbbRs4,,9647,150,2026-09-08T16:42:02Z
1167,1B3ja9iw4rs,Finance Committee 04.25.24,https://www.youtube.com/watch?v=1B3ja9iw4rs,,7135,37,2026-09-08T16:42:02Z
1168,nA2-m_4cHJ8,Cemetery Commission 04.25.24,https://www.youtube.com/watch?v=nA2-m_4cHJ8,,4944,182,2026-09-08T16:42:02Z
1169,rX9fM4Ihu-U,"Lunenburg Storytime - The Books We Love, Season 4 Episode 13",https://www.youtube.com/watch?v=rX9fM4Ihu-U,,1832,69,2026-09-08T16:42:02Z
1170,MpQNe2aaRnk,Town Manager Report 04.23.24,https://www.youtube.com/watch?v=MpQNe2aaRnk,,608,28,2026-09-08T16:42:02Z
1171,dzPxqufDNtc,Select Board 04.23.24,https://www.youtube.com/watch?v=dzPxqufDNtc,,9818,238,2026-09-08T16:42:02Z
1172,1QTLqK9aG1U,Board of Assessors 04.22.24,https://www.youtube.com/watch?v=1QTLqK9aG1U,,10980,58,2026-09-08T16:42:02Z
1173,1ose_b4ac2Y,Planning Board 04.22.24,https://www.youtube.com/watch?v=1ose_b4ac2Y,,14371,83,2026-09-08T16:42:02Z
1174,Sfxtoj9vUuA,Conservation Commission 04.17.24,https://www.youtube.com/watch?v=Sfxtoj9vUuA,,6081,82,2026-09-08T16:42:02Z
1175,rDeET0eFQCI,"Lunenburg Water District PFAS Master Plan - April 10th, 2024",https://www.youtube.com/watch?v=rDeET0eFQCI,,7131,135,2026-09-08T16:42:02Z
1176,vzRb9foxeuQ,"Water District Commissioner's Meeting April 10th, 2024",https://www.youtube.com/watch?v=vzRb9foxeuQ,,1403,50,2026-09-08T16:42:02Z
1177,5Jzd5Rb6Lrw,Lunenburg School Committee  4-10-24,https://www.youtube.com/watch?v=5Jzd5Rb6Lrw,,8753,80,2026-09-08T16:42:02Z
1178,ChcTZJ9qJC8,"Lunenburg Zoning Board of Appeals - April 10th, 2024",https://www.youtube.com/watch?v=ChcTZJ9qJC8,,691,37,2026-09-08T16:42:02Z
1179,gcuQKSW2XI4,"Lunenburg Select Board Meeting April 9th, 2024",https://www.youtube.com/watch?v=gcuQKSW2XI4,,5435,198,2026-09-08T16:42:02Z
1180,bV0-g6td6Hg,Lunenburg Sewer Commission April 9th 2024,https://www.youtube.com/watch?v=bV0-g6td6Hg,,3509,46,2026-09-08T16:42:02Z
1181,eXm-rGTENhM,Master Planning Steering Committee 04.05.24,https://www.youtube.com/watch?v=eXm-rGTENhM,,12327,66,2026-09-08T16:42:02Z
1182,_PCUMXOxLLw,Finance Committee 04.04.24,https://www.youtube.com/watch?v=_PCUMXOxLLw,,5937,37,2026-09-08T16:42:02Z
1183,cz6onv_nIJU,Conservation Commission 04.03.24 Part 2,https://www.youtube.com/watch?v=cz6onv_nIJU,,339,21,2026-09-08T16:42:02Z
1184,0LH19oUbp50,Conservation Commission 04.03.24 Part 1,https://www.youtube.com/watch?v=0LH19oUbp50,,18396,61,2026-09-08T16:42:02Z
1185,BoMEMfRTJkk,School Committee 04.03.24,https://www.youtube.com/watch?v=BoMEMfRTJkk,,7451,68,2026-09-08T16:42:02Z
1186,mYRG0Z1-GIc,Select Board 04.02.24,https://www.youtube.com/watch?v=mYRG0Z1-GIc,,6926,145,2026-09-08T16:42:02Z
1187,rX_FD6xaaNM,Board of Assessors040124,https://www.youtube.com/watch?v=rX_FD6xaaNM,,6578,78,2026-09-08T16:42:02Z
1188,9dK5_9DfhCU,Green Community Task Force 04.01.24,https://www.youtube.com/watch?v=9dK5_9DfhCU,,3851,32,2026-09-08T16:42:02Z
1189,zJbiUsvGoNM,PACC 04.01.24,https://www.youtube.com/watch?v=zJbiUsvGoNM,,3855,19,2026-09-08T16:42:02Z
1190,ZO6a0VTi0gM,Water District Annual Meeting 03.30.24,https://www.youtube.com/watch?v=ZO6a0VTi0gM,,733,33,2026-09-08T16:42:02Z
1191,RhOu9USDLak,Personnel Committee 03.28.24,https://www.youtube.com/watch?v=RhOu9USDLak,,1199,26,2026-09-08T16:42:02Z
1192,q4hRYSAmyNo,"Talkin' Baseball - Opening Day, Season 10 Episode 2",https://www.youtube.com/watch?v=q4hRYSAmyNo,,3521,63,2026-09-08T16:42:02Z
1193,DSpofLqv1T8,Cannabis & You - Lunenburg Adult Activity Center 3.28.24,https://www.youtube.com/watch?v=DSpofLqv1T8,,3747,42,2026-09-08T16:42:02Z
1194,ngIQ-Un4pTI,School Committee 03.27.24,https://www.youtube.com/watch?v=ngIQ-Un4pTI,,4391,55,2026-09-08T16:42:02Z
1195,NEBHyA_6HFk,Why is Public Access Important?  Pass Bill H74/S34,https://www.youtube.com/watch?v=NEBHyA_6HFk,,154,42,2026-09-08T16:42:02Z
1196,sR9lACvvjJo,Finance Committee 03.28.24,https://www.youtube.com/watch?v=sR9lACvvjJo,,16690,71,2026-09-08T16:42:02Z
1197,3eOik-5hkmA,Parks Commission 03.27.24,https://www.youtube.com/watch?v=3eOik-5hkmA,,9609,72,2026-09-08T16:42:02Z
1198,UMZ11C3Jn8k,Water District 03.27.24,https://www.youtube.com/watch?v=UMZ11C3Jn8k,,5560,98,2026-09-08T16:42:02Z
1199,6xiqK5AClTY,Big Head Fred's Sugar House,https://www.youtube.com/watch?v=6xiqK5AClTY,,557,174,2026-09-08T16:42:02Z
1200,Jdq7vk5yLKc,Stormwater Task Force 03.27.24,https://www.youtube.com/watch?v=Jdq7vk5yLKc,,3329,26,2026-09-08T16:42:02Z
1201,LVLlUn1mRn0,"Lunenburg Storytime - The Books We Love, Season 4 Episode 12",https://www.youtube.com/watch?v=LVLlUn1mRn0,,2001,23,2026-09-08T16:42:02Z
1202,hoXzO7CEPrQ,"""How Can We Help"" Property Tax Exemptions and Assistance for Seniors",https://www.youtube.com/watch?v=hoXzO7CEPrQ,,4869,176,2026-09-08T16:42:02Z
1203,SxNLdwFAFsc,Select Board 03.26.24,https://www.youtube.com/watch?v=SxNLdwFAFsc,,12191,227,2026-09-08T16:42:02Z
1204,_LKmx6PKAJ4,Planning Board 03.25.24,https://www.youtube.com/watch?v=_LKmx6PKAJ4,,15462,82,2026-09-08T16:42:02Z
1205,5auQ8RlmtsE,Finance Committee 03.21.24,https://www.youtube.com/watch?v=5auQ8RlmtsE,,16119,240,2026-09-08T16:42:02Z
1206,KGqFpwNbKUQ,"Roger Tincknell - Lunenburg Adult Activity Center, St. Patrick's Day Celebration 03.15.24",https://www.youtube.com/watch?v=KGqFpwNbKUQ,,4158,19,2026-09-08T16:42:02Z
1207,J77AWts1LIE,Water District 03.18.24 (Presentation View),https://www.youtube.com/watch?v=J77AWts1LIE,,3212,46,2026-09-08T16:42:02Z
1208,9gMaxzZxV2w,School Committee 03.20.24,https://www.youtube.com/watch?v=9gMaxzZxV2w,,13392,96,2026-09-08T16:42:02Z
1209,djsvmiCll7g,Parks Commission 03.20.24,https://www.youtube.com/watch?v=djsvmiCll7g,,5555,50,2026-09-08T16:42:02Z
1210,ADYe_LL5Y2I,Finance Committee 03.20.24,https://www.youtube.com/watch?v=ADYe_LL5Y2I,,16124,111,2026-09-08T16:42:02Z
1211,TYlfUkYB6EM,Water District 03.18.24 (Full),https://www.youtube.com/watch?v=TYlfUkYB6EM,,3212,221,2026-09-08T16:42:02Z
1212,N7IoCxrNyCo,Select Board 03.19.24,https://www.youtube.com/watch?v=N7IoCxrNyCo,,11308,273,2026-09-08T16:42:02Z
1213,yVm4NYMmp7o,Board of Assessors 03.18.24,https://www.youtube.com/watch?v=yVm4NYMmp7o,,5907,61,2026-09-08T16:42:02Z
1214,eCZJGy6td68,"Lunenburg Storytime - The Books We Love, Season 4 Episode 11",https://www.youtube.com/watch?v=eCZJGy6td68,,2353,17,2026-09-08T16:42:02Z
1215,holFjmBBsmM,Finance Committee 03.14.24,https://www.youtube.com/watch?v=holFjmBBsmM,,12343,111,2026-09-08T16:42:02Z
1216,oNBD7N5K32U,Water District 3.13.24,https://www.youtube.com/watch?v=oNBD7N5K32U,,1056,45,2026-09-08T16:42:02Z
1217,qmdU_7J-8IA,Lunenburg Basketball: Meet the Seniors,https://www.youtube.com/watch?v=qmdU_7J-8IA,,787,145,2026-09-08T16:42:02Z
1218,0YPuiSWG9YY,Cemetery Commission 03.14.24,https://www.youtube.com/watch?v=0YPuiSWG9YY,,2115,76,2026-09-08T16:42:02Z
1219,rEznz0ju54s,Open Space Committee 03.13.24,https://www.youtube.com/watch?v=rEznz0ju54s,,3351,47,2026-09-08T16:42:02Z
1220,hgtPGLGAiCY,Personnel Committee 03.13.24,https://www.youtube.com/watch?v=hgtPGLGAiCY,,2949,41,2026-09-08T16:42:02Z
1221,heIX4acnxRQ,Select Board 03.12.24,https://www.youtube.com/watch?v=heIX4acnxRQ,,9128,259,2026-09-08T16:42:02Z
1222,5gS4n3c5Yc0,Architectural Preservation District Commission 03.12.24,https://www.youtube.com/watch?v=5gS4n3c5Yc0,,3091,20,2026-09-08T16:42:02Z
1223,0EAiIjTDV5I,Sewer Commission 03.12.24,https://www.youtube.com/watch?v=0EAiIjTDV5I,,3127,43,2026-09-08T16:42:02Z
1224,NDfm_J4rbnU,Gaming Buds - Episode1,https://www.youtube.com/watch?v=NDfm_J4rbnU,,1682,22,2026-09-08T16:42:02Z
1225,4eJ11_7Oaaw,Lunenburg School Committee Special Meeting 03-11-2024,https://www.youtube.com/watch?v=4eJ11_7Oaaw,,1436,80,2026-09-08T16:42:02Z
1226,cCyIxI75GDU,Personnel Committee 03.11.24,https://www.youtube.com/watch?v=cCyIxI75GDU,,7145,38,2026-09-08T16:42:02Z
1227,tnGa6QMY3Qg,PACC 03.11.24,https://www.youtube.com/watch?v=tnGa6QMY3Qg,,5237,27,2026-09-08T16:42:02Z
1228,1b-Z8VfDU9U,Happiness at Any Age Seminar with David Guydan,https://www.youtube.com/watch?v=1b-Z8VfDU9U,,2522,26,2026-09-08T16:42:02Z
1229,fjkp-foV1vc,Lunenburg Health Update March 2024,https://www.youtube.com/watch?v=fjkp-foV1vc,,1125,26,2026-09-08T16:42:02Z
1230,kTg65mLWhH4,Magic Show with Eddie Raymond,https://www.youtube.com/watch?v=kTg65mLWhH4,,2171,625,2026-09-08T16:42:02Z
1231,eX3rohoCZKA,Beatrice Adams - Growing Up In Hitler's Backyard,https://www.youtube.com/watch?v=eX3rohoCZKA,,6807,598,2026-09-08T16:42:02Z
1232,U0WTv-h8CI4,Finance Committee 03.07.24,https://www.youtube.com/watch?v=U0WTv-h8CI4,,15035,109,2026-09-08T16:42:02Z
1233,E_5szEIz33k,Green Community Task Force  03 06 24,https://www.youtube.com/watch?v=E_5szEIz33k,,5266,16,2026-09-08T16:42:02Z
1234,Htw5CataAv8,Master Plan Steering Committee 03.07.24,https://www.youtube.com/watch?v=Htw5CataAv8,,2937,32,2026-09-08T16:42:02Z
1235,JV9mZXgfwdE,Cemetery Commission 03 07 24,https://www.youtube.com/watch?v=JV9mZXgfwdE,,30,31,2026-09-08T16:42:02Z
1236,YHcTadiWd5s,Conservation Commission 03.06.24,https://www.youtube.com/watch?v=YHcTadiWd5s,,15122,75,2026-09-08T16:42:02Z
1237,heS2Z7Sxa_I,School Committee 03.06.24,https://www.youtube.com/watch?v=heS2Z7Sxa_I,,13818,87,2026-09-08T16:42:02Z
1238,OKGq5s8S8Q4,"Town Manager Report - March 5th, 2024",https://www.youtube.com/watch?v=OKGq5s8S8Q4,,267,55,2026-09-08T16:42:02Z
1239,Vdj6C4kyYJw,Select Board 03.05.24,https://www.youtube.com/watch?v=Vdj6C4kyYJw,,15194,310,2026-09-08T16:42:02Z
1240,kCvpQ5HR9eo,Open Space Committee 02 28 24,https://www.youtube.com/watch?v=kCvpQ5HR9eo,,4537,22,2026-09-08T16:42:02Z
1241,AxJY1PPWVrI,Board of Assessors 03.04.24,https://www.youtube.com/watch?v=AxJY1PPWVrI,,8218,51,2026-09-08T16:42:02Z
1242,xv-Gr917kLQ,LHS Boys Hockey vs Norwell 03.02.24,https://www.youtube.com/watch?v=xv-Gr917kLQ,,3603,267,2026-09-08T16:42:02Z
1243,_kn8skA9s7I,LHSBoys Varsity Basketball vs Maimonides 02.29.24,https://www.youtube.com/watch?v=_kn8skA9s7I,,3747,285,2026-09-08T16:42:02Z
1244,Nn_PR-bll_A,"Talkin' Baseball - Truck Stop, Season 10 Episode 1",https://www.youtube.com/watch?v=Nn_PR-bll_A,,3598,58,2026-09-08T16:42:02Z
1245,pn_OXfPbl9w,School Committee 02.28.24 (Partial Meeting),https://www.youtube.com/watch?v=pn_OXfPbl9w,,10327,157,2026-09-08T16:42:02Z
1246,iYh3xB9jtts,Parks Commission 02.29.24,https://www.youtube.com/watch?v=iYh3xB9jtts,,7427,71,2026-09-08T16:42:02Z
1247,3g3xrtDvKHI,Finance Committee 02.29.24,https://www.youtube.com/watch?v=3g3xrtDvKHI,,12960,96,2026-09-08T16:42:02Z
1248,FlFVKAPCFxw,Water District 2.28.24,https://www.youtube.com/watch?v=FlFVKAPCFxw,,1015,40,2026-09-08T16:42:02Z
1249,YtZtpAj9-0M,"Lunenburg Storytime - The Books We Love, Season 4 Episode 10",https://www.youtube.com/watch?v=YtZtpAj9-0M,,1842,61,2026-09-08T16:42:02Z
1250,egSIaknI6XQ,Zoning Board of Appeals 02.28.24,https://www.youtube.com/watch?v=egSIaknI6XQ,,3847,68,2026-09-08T16:42:02Z
1251,ArfmwGbDr3E,LHS Girls Varsity Basketball vs TricCounty 02.27.24,https://www.youtube.com/watch?v=ArfmwGbDr3E,,3891,110,2026-09-08T16:42:02Z
1252,Occd_-FbOUc,Sewer Commission 02.27.24,https://www.youtube.com/watch?v=Occd_-FbOUc,,4555,65,2026-09-08T16:42:02Z
1253,ZhOp4r6EeOI,Planning Board 02.26.24,https://www.youtube.com/watch?v=ZhOp4r6EeOI,,10895,43,2026-09-08T16:42:02Z
1254,i_FU7L1A8M0,Board of Assessors 02.26.24,https://www.youtube.com/watch?v=i_FU7L1A8M0,,10749,74,2026-09-08T16:42:02Z
1255,LwJ-2IZfYGE,Personnel Committee 02.26.24,https://www.youtube.com/watch?v=LwJ-2IZfYGE,,5104,53,2026-09-08T16:42:02Z
1256,vGF2S69psTc,LHS Boys Varsity Basketball vs Gardner HS 02.22.24,https://www.youtube.com/watch?v=vGF2S69psTc,,3242,194,2026-09-08T16:42:02Z
1257,TVYdBNerM2I,A Journey through the Roots of American Popular Music,https://www.youtube.com/watch?v=TVYdBNerM2I,,4302,180,2026-09-08T16:42:02Z
1258,R_C7Zn4RY6Y,Stormwater Task Force 02.22.24,https://www.youtube.com/watch?v=R_C7Zn4RY6Y,,4984,34,2026-09-08T16:42:02Z
1259,8k8wImvZjEs,Finance Committee 02.22.24,https://www.youtube.com/watch?v=8k8wImvZjEs,,14855,108,2026-09-08T16:42:02Z
1260,iLOCQz1Xtw8,LHS Boys Varsity Basketball vs St. Paul 02.19.24,https://www.youtube.com/watch?v=iLOCQz1Xtw8,,3856,127,2026-09-08T16:42:02Z
1261,L1cTEEF-n8Y,LHSGirls Varsity Basketball vs Bay Path 02.19.24,https://www.youtube.com/watch?v=L1cTEEF-n8Y,,3905,124,2026-09-08T16:42:02Z
1262,sNt4OHjEPug,Cemetery Commission 02.22.24,https://www.youtube.com/watch?v=sNt4OHjEPug,,3104,101,2026-09-08T16:42:02Z
1263,eOuIqEoq9-A,Conservation Commission 02.21.24,https://www.youtube.com/watch?v=eOuIqEoq9-A,,14629,104,2026-09-08T16:42:02Z
1264,91s4aFl4MSo,Finance Committee 02.21.24,https://www.youtube.com/watch?v=91s4aFl4MSo,,9255,105,2026-09-08T16:42:02Z
1265,0Cgte_rlSIE,Town Manager Report - Select Board Meeting 02.20.24,https://www.youtube.com/watch?v=0Cgte_rlSIE,,307,23,2026-09-08T16:42:02Z
1266,WfxtBghfQ6k,Select Board 02.20.24,https://www.youtube.com/watch?v=WfxtBghfQ6k,,12339,275,2026-09-08T16:42:02Z
1267,mAXZ8Na1mWo,LHS Boys Varsity Basketball vs Fitchburg HS 02.17.24,https://www.youtube.com/watch?v=mAXZ8Na1mWo,,3309,107,2026-09-08T16:42:02Z
1268,viORzrbvd9U,LHSBoys Varsity Basketball vs Groton 02.15.24,https://www.youtube.com/watch?v=viORzrbvd9U,,3033,77,2026-09-08T16:42:02Z
1269,1i9UkNZlZy4,Water District 02.04.24,https://www.youtube.com/watch?v=1i9UkNZlZy4,,2047,55,2026-09-08T16:42:02Z
1270,VamtbeUNNqw,Best Podcast on Turf - Episode 1,https://www.youtube.com/watch?v=VamtbeUNNqw,,3061,29,2026-09-08T16:42:02Z
1271,cePtrdThgKc,LHS Girls Varsity Basketball vs Narragansett Regional 02.14.24,https://www.youtube.com/watch?v=cePtrdThgKc,,4421,122,2026-09-08T16:42:02Z
1272,fRFu_ac_Pa8,Zoning Board of Appeals 02.14.24,https://www.youtube.com/watch?v=fRFu_ac_Pa8,,2972,64,2026-09-08T16:42:02Z
1273,eHsGKiQYtSk,Town Manager Report - Select Board 02.13.24,https://www.youtube.com/watch?v=eHsGKiQYtSk,,452,34,2026-09-08T16:42:02Z
1274,AH01cpMKN8g,Architectural Preservation District Commission 02.13.24,https://www.youtube.com/watch?v=AH01cpMKN8g,,1539,12,2026-09-08T16:42:02Z
1275,savIPkdZcnQ,Select Board 02.13.24,https://www.youtube.com/watch?v=savIPkdZcnQ,,9762,395,2026-09-08T16:42:02Z
1276,5r6owrqeV1M,Board of Assessors 02.12.24,https://www.youtube.com/watch?v=5r6owrqeV1M,,7060,75,2026-09-08T16:42:02Z
1277,4cwC19sgSIo,Planning Board 02.12.24,https://www.youtube.com/watch?v=4cwC19sgSIo,,7317,53,2026-09-08T16:42:02Z
1278,Xlg8_rMC3QM,Personnel Committee 02.12.24,https://www.youtube.com/watch?v=Xlg8_rMC3QM,,8870,61,2026-09-08T16:42:02Z
1279,jEzDIj-_yTc,Lunenburg/Ayer/Shirley Hockey vs Fitchburg 02.10.24,https://www.youtube.com/watch?v=jEzDIj-_yTc,,3734,82,2026-09-08T16:42:02Z
1280,lJMmCjwzq_M,LHS Boys Varsity Basketball vs Hudson HS  02.09.24,https://www.youtube.com/watch?v=lJMmCjwzq_M,,3220,113,2026-09-08T16:42:02Z
1281,x9TagGoqiVs,Conservation Commission 02 07 24,https://www.youtube.com/watch?v=x9TagGoqiVs,,15290,74,2026-09-08T16:42:02Z
1282,oTrAnc3zL2E,LHS Girls Varsity Basketball vs Hudson HS  2.9.24,https://www.youtube.com/watch?v=oTrAnc3zL2E,,3390,120,2026-09-08T16:42:02Z
1283,zR_JoRQlnxY,Finance Committee 02.08.24,https://www.youtube.com/watch?v=zR_JoRQlnxY,,7638,85,2026-09-08T16:42:02Z
1284,HOOeGOFs6cQ,School Committee 02.07.24,https://www.youtube.com/watch?v=HOOeGOFs6cQ,,10010,179,2026-09-08T16:42:02Z
1285,_u8kkOOtTTI,LHS Boys Varsity Basketball vs Littleton HS 02.06.24,https://www.youtube.com/watch?v=_u8kkOOtTTI,,3414,311,2026-09-08T16:42:02Z
1286,3j5CW1GVCi8,Cardiac Health - Lunenburg Adult Activity Center 02.05.24,https://www.youtube.com/watch?v=3j5CW1GVCi8,,2162,21,2026-09-08T16:42:02Z
1287,xun4y1wGRAI,Personnel 01.31.24,https://www.youtube.com/watch?v=xun4y1wGRAI,,7545,38,2026-09-08T16:42:02Z
1288,lXg1u7q2JKw,Board of Assessors 02.05.24,https://www.youtube.com/watch?v=lXg1u7q2JKw,,9888,120,2026-09-08T16:42:02Z
1289,r6sN2RrKAGw,PACC 02.05.24,https://www.youtube.com/watch?v=r6sN2RrKAGw,,2029,9,2026-09-08T16:42:02Z
1290,JcuqGfPHcmo,"Master Plan Steering Committee ""Plan Lunenburg"" Meeting #3 02.01.24 6PM",https://www.youtube.com/watch?v=JcuqGfPHcmo,,6467,18,2026-09-08T16:42:02Z
1291,olmcCrWVl8Y,Cemetery Commission 02.05.24 (Audio starts at 5:14),https://www.youtube.com/watch?v=olmcCrWVl8Y,,3830,162,2026-09-08T16:42:02Z
1292,xDpq1pN3EKk,LHS Boys Varsity Basketball vs Clinton 02.02.24,https://www.youtube.com/watch?v=xDpq1pN3EKk,,3387,519,2026-09-08T16:42:02Z
1293,7IWTUl9gR_E,"Lunenburg Storytime - The Books We Love, Season 4 Episode 9",https://www.youtube.com/watch?v=7IWTUl9gR_E,,1674,186,2026-09-08T16:42:02Z
1294,gspzaAJWHi0,"Master Plan Steering Committee ""Plan Lunenburg"" Public Meeting #3, 4pm 02.01.24",https://www.youtube.com/watch?v=gspzaAJWHi0,,7090,53,2026-09-08T16:42:02Z
1295,K-xS42xyA0Y,Movie Talk - Top 5 Movies of 2023,https://www.youtube.com/watch?v=K-xS42xyA0Y,,1765,73,2026-09-08T16:42:02Z
1296,UCypD_J5R0k,LHS Boys Varsity Basketball vs St Bernard 01.31.24 with Senior Ceremony,https://www.youtube.com/watch?v=UCypD_J5R0k,,4362,108,2026-09-08T16:42:02Z
1297,J8dnX-XQXa8,LHS Girls Varsity Basketball vs Quabbin HS  1.30.24,https://www.youtube.com/watch?v=J8dnX-XQXa8,,3547,117,2026-09-08T16:42:02Z
1298,-bFCLHBCMLI,LHS Girls Varsity Basketball Senior Celebration 2024,https://www.youtube.com/watch?v=-bFCLHBCMLI,,1589,67,2026-09-08T16:42:02Z
1299,Y6aOJLwa-6s,LHS Boys Varsity Basketball vs Quabbin HS 01.30.24,https://www.youtube.com/watch?v=Y6aOJLwa-6s,,3347,40,2026-09-08T16:42:02Z
1300,OFl9mY69yl8,Select Board 01.30.24,https://www.youtube.com/watch?v=OFl9mY69yl8,,8278,234,2026-09-08T16:42:02Z
1301,eJgZfyiYdKE,Sewer Commission 01.30.24,https://www.youtube.com/watch?v=eJgZfyiYdKE,,6768,39,2026-09-08T16:42:02Z
1302,Mko9HXm2Yfk,Board of Assessors 01.29.24  PARTIAL MEETING (power outage),https://www.youtube.com/watch?v=Mko9HXm2Yfk,,4965,40,2026-09-08T16:42:02Z
1303,kxzQI7ktRpU,Green Community Task Force 01.29.24,https://www.youtube.com/watch?v=kxzQI7ktRpU,,5810,27,2026-09-08T16:42:02Z
1304,EGPBf-I4b90,LHS Boys Varsity Basketball vs Tyngsboro 01.26.24,https://www.youtube.com/watch?v=EGPBf-I4b90,,3074,126,2026-09-08T16:42:02Z
1305,bQ0kTXKNZ4Y,Lunenburg EMS,https://www.youtube.com/watch?v=bQ0kTXKNZ4Y,,390,129,2026-09-08T16:42:02Z
1306,FcGr1OTnPLk,Carlos Odria Duo - Lunenburg Library 01.25.24,https://www.youtube.com/watch?v=FcGr1OTnPLk,,3651,33,2026-09-08T16:42:02Z
1307,VGLkfs_4mWY,Water District 1.24.24,https://www.youtube.com/watch?v=VGLkfs_4mWY,,4583,57,2026-09-08T16:42:02Z
1308,7rregbbaVBQ,Economic Development Committee 01.25.24,https://www.youtube.com/watch?v=7rregbbaVBQ,,2824,18,2026-09-08T16:42:02Z
1309,m4hWTyvKCs4,Finance Committee 01.25.24,https://www.youtube.com/watch?v=m4hWTyvKCs4,,8841,102,2026-09-08T16:42:02Z
1310,M1ou8I8zI7o,School Committee 01 24 24,https://www.youtube.com/watch?v=M1ou8I8zI7o,,11534,199,2026-09-08T16:42:02Z
1311,PiASVAdA5Pc,Zoning Board of Appeals 01.24.24,https://www.youtube.com/watch?v=PiASVAdA5Pc,,1813,46,2026-09-08T16:42:02Z
1312,rK9J3lTlZyE,Select Board 01.23.24,https://www.youtube.com/watch?v=rK9J3lTlZyE,,4957,166,2026-09-08T16:42:02Z
1313,FyIqwfppmjU,Board of Assessors 01.22.24,https://www.youtube.com/watch?v=FyIqwfppmjU,,2831,86,2026-09-08T16:42:02Z
1314,2jkShFov8a0,Planning Board 01.22.24,https://www.youtube.com/watch?v=2jkShFov8a0,,7142,57,2026-09-08T16:42:02Z
1315,RFH7hVfEfv4,Volunteer Recognition Ceremony - Lunenburg Adult Activity Center 1.19.24,https://www.youtube.com/watch?v=RFH7hVfEfv4,,1257,19,2026-09-08T16:42:02Z
1316,wr5qNxDPicI,LHS Boys Varsity Basketball vs. Maynard HS 01.20.24,https://www.youtube.com/watch?v=wr5qNxDPicI,,2929,168,2026-09-08T16:42:02Z
1317,J5uGTLC8VHY,LHS Boys Varsity Basketball vs Hudson HS 01.17.24,https://www.youtube.com/watch?v=J5uGTLC8VHY,,3247,174,2026-09-08T16:42:02Z
1318,B4EpifU3vac,Stormwater Task Force 01.18.24,https://www.youtube.com/watch?v=B4EpifU3vac,,3217,22,2026-09-08T16:42:02Z
1319,yE-UAKGHwS0,Finance Committee 01.18.24,https://www.youtube.com/watch?v=yE-UAKGHwS0,,9663,35,2026-09-08T16:42:02Z
1320,4mzD0d0VtIo,School Committee 01.17.24,https://www.youtube.com/watch?v=4mzD0d0VtIo,,11095,180,2026-09-08T16:42:02Z
1321,SQp-o0gWxbU,Parks Commission 01.17.24,https://www.youtube.com/watch?v=SQp-o0gWxbU,,8739,94,2026-09-08T16:42:02Z
1322,noZM4bHA3ok,Conservation Commission 01.17.24,https://www.youtube.com/watch?v=noZM4bHA3ok,,5316,51,2026-09-08T16:42:02Z
1323,3nYMlbQOFn8,"Lunenburg Storytime - The Books We Love, Season 4 Episode 8",https://www.youtube.com/watch?v=3nYMlbQOFn8,,1739,33,2026-09-08T16:42:02Z
1324,BNcE1ZiMQQA,Architectural Preservation District Committee 01.16.24,https://www.youtube.com/watch?v=BNcE1ZiMQQA,,2327,15,2026-09-08T16:42:02Z
1325,vSCm-DhM_fc,Select Board 01.16.24,https://www.youtube.com/watch?v=vSCm-DhM_fc,,12494,200,2026-09-08T16:42:02Z
1326,Je5vmfnvOyQ,LHS Boys Varsity Basketball vs Littleton 01.11.24,https://www.youtube.com/watch?v=Je5vmfnvOyQ,,3537,321,2026-09-08T16:42:02Z
1327,zhmyNDYVXAA,Zoning Board of Appeals 01.10.24,https://www.youtube.com/watch?v=zhmyNDYVXAA,,1696,44,2026-09-08T16:42:02Z
1328,MLM2pdkC9mU,Water District 01.10.24 -  6pm,https://www.youtube.com/watch?v=MLM2pdkC9mU,,5335,209,2026-09-08T16:42:02Z
1329,fEuICymreGY,Finance Committee 01.11.24,https://www.youtube.com/watch?v=fEuICymreGY,,4488,22,2026-09-08T16:42:02Z
1330,xNUBaE2DI6U,LHS Boys Varisity Basketball vs Clinton 01.09.24,https://www.youtube.com/watch?v=xNUBaE2DI6U,,3042,35,2026-09-08T16:42:02Z
1331,_pWuPSP8deA,Open Space Committee 01.10.24,https://www.youtube.com/watch?v=_pWuPSP8deA,,1750,31,2026-09-08T16:42:02Z
1332,3bK40pg8v9U,Water District 01.10.24  -  4pm,https://www.youtube.com/watch?v=3bK40pg8v9U,,2591,70,2026-09-08T16:42:02Z
1333,nJVmw1MObWI,Sewer Commission 01.09.24,https://www.youtube.com/watch?v=nJVmw1MObWI,,5502,35,2026-09-08T16:42:02Z
1334,AxepNNtMdH4,Select Board 01.09.24,https://www.youtube.com/watch?v=AxepNNtMdH4,,3584,181,2026-09-08T16:42:02Z
1335,SkMZgfJfSkQ,Board of Assessors 01.08.24,https://www.youtube.com/watch?v=SkMZgfJfSkQ,,8910,50,2026-09-08T16:42:02Z
1336,9piu84WwTFw,PACC 01.08.24,https://www.youtube.com/watch?v=9piu84WwTFw,,3053,25,2026-09-08T16:42:02Z
1337,0Nk0D4kh22U,Planning Board 01.08.24,https://www.youtube.com/watch?v=0Nk0D4kh22U,,2901,55,2026-09-08T16:42:02Z
1338,KyuBR-EXgtw,Dan Kirouac - Lunenburg Adult Activity Center 1.4.24,https://www.youtube.com/watch?v=KyuBR-EXgtw,,3717,35,2026-09-08T16:42:02Z
1339,PrBtGpVM2-A,LHS Boys Varsity Basketball 01.04.24,https://www.youtube.com/watch?v=PrBtGpVM2-A,,4351,140,2026-09-08T16:42:02Z
1340,uXLT1YabV-o,Conservation Commission 010324,https://www.youtube.com/watch?v=uXLT1YabV-o,,4537,67,2026-09-08T16:42:02Z
1341,FeJUJ3HjA2s,Master Plan Steering Committee 01.04.24,https://www.youtube.com/watch?v=FeJUJ3HjA2s,,2646,35,2026-09-08T16:42:02Z
1342,tScaHNgYV_A,School Committee 01.03.24,https://www.youtube.com/watch?v=tScaHNgYV_A,,4521,147,2026-09-08T16:42:02Z
1343,juWpkLR3Mes,"Lunenburg Storytime - The Books We Love, Season 4 Episode 7",https://www.youtube.com/watch?v=juWpkLR3Mes,,1512,244,2026-09-08T16:42:02Z
1344,huOauh69M9o,Conservation Commission 12.20.23,https://www.youtube.com/watch?v=huOauh69M9o,,7363,34,2026-09-08T16:42:02Z
1345,4D9xymoojLs,Lunenburg Boys Varsity Basketball vs Tyngsboro 12 22 23,https://www.youtube.com/watch?v=4D9xymoojLs,,3081,336,2026-09-08T16:42:02Z
1346,c086dB0oGQk,Stormwater Task Force 12.28.23,https://www.youtube.com/watch?v=c086dB0oGQk,,3871,42,2026-09-08T16:42:02Z
1347,plsz3BSWjRI,LHS Girls Varsity Basketball 12 15 23,https://www.youtube.com/watch?v=plsz3BSWjRI,,5029,96,2026-09-08T16:42:02Z
1348,5u6__u1qA6M,Zoning Board of Appeals 12.27.23,https://www.youtube.com/watch?v=5u6__u1qA6M,,1700,82,2026-09-08T16:42:02Z
1349,J8_ZjFTmOyY,Capital Planning 12.21.23,https://www.youtube.com/watch?v=J8_ZjFTmOyY,,4036,37,2026-09-08T16:42:02Z
1350,q7bMLPsMfjQ,School Committee 12.20.23,https://www.youtube.com/watch?v=q7bMLPsMfjQ,,5027,86,2026-09-08T16:42:02Z
1351,-L0QyfYvmgE,CPR Overview with Chief Sullivan,https://www.youtube.com/watch?v=-L0QyfYvmgE,,429,34,2026-09-08T16:42:02Z
1352,7Nbo5eIUIBg,Conservation Commission 12.20.23,https://www.youtube.com/watch?v=7Nbo5eIUIBg,,9390,77,2026-09-08T16:42:02Z
1353,_dtV4BxcOOw,Century Club - Mario Patacchiola's 100th Birthday  12.13.23,https://www.youtube.com/watch?v=_dtV4BxcOOw,,1759,58,2026-09-08T16:42:02Z
1354,rJ32rSdKVT4,Select Board 12.19.23,https://www.youtube.com/watch?v=rJ32rSdKVT4,,6429,178,2026-09-08T16:42:02Z
1355,LCCHucGU6kQ,Capital Planning 12 18 23,https://www.youtube.com/watch?v=LCCHucGU6kQ,,5304,57,2026-09-08T16:42:02Z
1356,3Fe7kLrTC8g,Board of Assessor 12.18.23,https://www.youtube.com/watch?v=3Fe7kLrTC8g,,8269,65,2026-09-08T16:42:02Z
1357,-4rPztN8BWk,"Lunenburg Storytime - The Books We Love, Season 4 Episode 6",https://www.youtube.com/watch?v=-4rPztN8BWk,,3258,33,2026-09-08T16:42:02Z
1358,Q44el_NE95o,Lunenburg Music Dept. Winter Concert 2023,https://www.youtube.com/watch?v=Q44el_NE95o,,4700,353,2026-09-08T16:42:02Z
1359,Uz22wXLbgCc,Architectural Preservation District Committee 12.12.23,https://www.youtube.com/watch?v=Uz22wXLbgCc,,4000,17,2026-09-08T16:42:02Z
1360,JA5kV9DHBbI,Master Plan Committee 12.14.23,https://www.youtube.com/watch?v=JA5kV9DHBbI,,2767,39,2026-09-08T16:42:02Z
1361,Dkz6DOpdZAQ,Zoning Board of Appeals 12.13.23,https://www.youtube.com/watch?v=Dkz6DOpdZAQ,,5183,64,2026-09-08T16:42:02Z
1362,5CJvwt7wp6Y,Celtic Christmas featuring  Jeff Snow 12.11.23,https://www.youtube.com/watch?v=5CJvwt7wp6Y,,4959,102,2026-09-08T16:42:02Z
1363,vG8Y4juOXVU,Century Club - Fred Cuddy's 100th Birthday  12.8.23,https://www.youtube.com/watch?v=vG8Y4juOXVU,,2698,29,2026-09-08T16:42:02Z
1364,z-0FAWISPrE,Select Board 12.12.23,https://www.youtube.com/watch?v=z-0FAWISPrE,,6028,125,2026-09-08T16:42:02Z
1365,gze15lsB0fA,Sewer Commission 12.12.23,https://www.youtube.com/watch?v=gze15lsB0fA,,4026,30,2026-09-08T16:42:02Z
1366,MvJBksNpQqg,Finance Committee 12.07.23,https://www.youtube.com/watch?v=MvJBksNpQqg,,6486,38,2026-09-08T16:42:02Z
1367,tycESYMw2Gk,Parks Commission 12.06.23,https://www.youtube.com/watch?v=tycESYMw2Gk,,6809,70,2026-09-08T16:42:02Z
1368,TmXXZg7JmPk,Conservation Commission 12.6.23,https://www.youtube.com/watch?v=TmXXZg7JmPk,,10617,67,2026-09-08T16:42:02Z
1369,hgjw8ZYOfOI,School Committee 12.06.23,https://www.youtube.com/watch?v=hgjw8ZYOfOI,,10901,67,2026-09-08T16:42:02Z
1370,a8BzgkQFxXI,Select Board 12.05.23,https://www.youtube.com/watch?v=a8BzgkQFxXI,,5415,218,2026-09-08T16:42:02Z
1371,rBvnbfj4Cow,Lunenburg Tree Lighting 11. 30. 23,https://www.youtube.com/watch?v=rBvnbfj4Cow,,1461,80,2026-09-08T16:42:02Z
1372,gmR4dClldSY,Capital Planning 12.04.23,https://www.youtube.com/watch?v=gmR4dClldSY,,6400,38,2026-09-08T16:42:02Z
1373,WHnbuavDXWM,Capital Planning 11.29.23,https://www.youtube.com/watch?v=WHnbuavDXWM,,8274,34,2026-09-08T16:42:02Z
1374,1MrrXt6YZp0,Board of Assessors 12.04.23,https://www.youtube.com/watch?v=1MrrXt6YZp0,,7749,45,2026-09-08T16:42:02Z
1375,iXIMjvQp1gw,PACC 12.04.23,https://www.youtube.com/watch?v=iXIMjvQp1gw,,1727,19,2026-09-08T16:42:02Z
1376,kr9jOParkNg,Water District 11 29 23,https://www.youtube.com/watch?v=kr9jOParkNg,,5757,60,2026-09-08T16:42:02Z
1377,Ffv2aBeJOFA,Elizabeth James-Perry - Artist in Residence LHS 11.21.23,https://www.youtube.com/watch?v=Ffv2aBeJOFA,,2717,44,2026-09-08T16:42:02Z
1378,S1kXfBAh81g,Finance Committee 11.30.23,https://www.youtube.com/watch?v=S1kXfBAh81g,,5249,42,2026-09-08T16:42:02Z
1379,Z1cj9HYEH1k,Medicare Questions,https://www.youtube.com/watch?v=Z1cj9HYEH1k,,416,12,2026-09-08T16:42:02Z
1380,juGhSZJG8P8,Select Board 11.28.23,https://www.youtube.com/watch?v=juGhSZJG8P8,,8487,136,2026-09-08T16:42:02Z
1381,TcIdbA4kr4Q,"Lunenburg Storytime - The Books We Love, Season 4 Episode 5",https://www.youtube.com/watch?v=TcIdbA4kr4Q,,2503,36,2026-09-08T16:42:02Z
1382,rL9aJFE5OGQ,Planning Board 11.27.23,https://www.youtube.com/watch?v=rL9aJFE5OGQ,,8778,65,2026-09-08T16:42:02Z
1383,-6Pg5g2vyF8,AI Discussion - Lunenburg Adult Activity Center 11.20.23,https://www.youtube.com/watch?v=-6Pg5g2vyF8,,3703,14,2026-09-08T16:42:02Z
1384,_-iyfLB9eU8,"Talkin' Baseball - Season 9, Episode 8",https://www.youtube.com/watch?v=_-iyfLB9eU8,,3488,30,2026-09-08T16:42:02Z
1385,KvTS7dbZvv8,Capital Planning 11 20 23,https://www.youtube.com/watch?v=KvTS7dbZvv8,,9125,60,2026-09-08T16:42:02Z
1386,HrJoYomRJZg,Board of Assessors 11.20.23,https://www.youtube.com/watch?v=HrJoYomRJZg,,8929,84,2026-09-08T16:42:02Z
1387,ANqyvmbNiW0,School Committee 11.15.23,https://www.youtube.com/watch?v=ANqyvmbNiW0,,6563,56,2026-09-08T16:42:02Z
1388,dQS7CvGp94o,Conservation Commission 11.15.23,https://www.youtube.com/watch?v=dQS7CvGp94o,,18533,120,2026-09-08T16:42:02Z
1389,b6BJO3nP1Ig,Lunenburg Special Town Meeting 11.14.23,https://www.youtube.com/watch?v=b6BJO3nP1Ig,,14866,299,2026-09-08T16:42:02Z
1390,stV1b5a_TNQ,Voice of the People,https://www.youtube.com/watch?v=stV1b5a_TNQ,,1287,39,2026-09-08T16:42:02Z
1391,oywqF6kOzqQ,Town Meeting and You,https://www.youtube.com/watch?v=oywqF6kOzqQ,,1913,23,2026-09-08T16:42:02Z
1392,Ppe0GU6FE3c,Planning Board 11.13.23,https://www.youtube.com/watch?v=Ppe0GU6FE3c,,4270,63,2026-09-08T16:42:02Z
1393,5uVeRoP69ms,Finance Committee 11.13.23,https://www.youtube.com/watch?v=5uVeRoP69ms,,1906,23,2026-09-08T16:42:02Z
1394,Spq-RHj3B2w,Sewer Commission 11.13.23,https://www.youtube.com/watch?v=Spq-RHj3B2w,,4107,26,2026-09-08T16:42:02Z
1395,R8HGoqhZ2Gk,"Personnel Committee Part 2, 11.13.23",https://www.youtube.com/watch?v=R8HGoqhZ2Gk,,2946,24,2026-09-08T16:42:02Z
1396,iWUlBLWR0Q4,"Personnel Committee Part 1, 11.13.23",https://www.youtube.com/watch?v=iWUlBLWR0Q4,,670,14,2026-09-08T16:42:02Z
1397,rNniT8xIXkc,Water District 11.8.23,https://www.youtube.com/watch?v=rNniT8xIXkc,,1520,34,2026-09-08T16:42:02Z
1398,EsDUqAMpQf0,Capital Planning 11.08.23,https://www.youtube.com/watch?v=EsDUqAMpQf0,,6765,42,2026-09-08T16:42:02Z
1399,AITEd2GfCEU,MA Dept of Public Until Public Hearing on Unitil Proposed Gas and Electric Rate Increases 11.09.23,https://www.youtube.com/watch?v=AITEd2GfCEU,,5899,95,2026-09-08T16:42:02Z
1400,SoKbLXu-YF0,"Groton Regional Tourism Conference - November 1, 2023",https://www.youtube.com/watch?v=SoKbLXu-YF0,,6677,10,2026-09-08T16:42:02Z
1401,RM2UnEaPcKQ,School Committee - Special Meeting 11.08.23,https://www.youtube.com/watch?v=RM2UnEaPcKQ,,1951,26,2026-09-08T16:42:02Z
1402,iUnDS2ZpY_0,Municipal Building Design Committee 11.08.23,https://www.youtube.com/watch?v=iUnDS2ZpY_0,,1858,22,2026-09-08T16:42:02Z
1403,0eYabEl5714,Zoning Board of Appeals 11.08.23,https://www.youtube.com/watch?v=0eYabEl5714,,3096,26,2026-09-08T16:42:02Z
1404,pJOPgER1IH8,"Lunenburg Storytime - The Books We Love, Season 4 Episode 4",https://www.youtube.com/watch?v=pJOPgER1IH8,,2299,68,2026-09-08T16:42:02Z
1405,a0DUTNWaA0c,Architectural Preservation District  Commission 11. 08. 23,https://www.youtube.com/watch?v=a0DUTNWaA0c,,2465,15,2026-09-08T16:42:02Z
1406,tu8MZVv5gvo,Select Board 11.07.23,https://www.youtube.com/watch?v=tu8MZVv5gvo,,12112,209,2026-09-08T16:42:02Z
1407,-nL-vM2zLMQ,Sewer Commission 10.27.23,https://www.youtube.com/watch?v=-nL-vM2zLMQ,,1950,16,2026-09-08T16:42:02Z
1408,n2EtPKzMG8s,Capital Planning 11.06.23  ZOOM,https://www.youtube.com/watch?v=n2EtPKzMG8s,,6970,51,2026-09-08T16:42:02Z
1409,eUAZeg9n32E,Board of Assessors 11.06.23,https://www.youtube.com/watch?v=eUAZeg9n32E,,8842,48,2026-09-08T16:42:02Z
1410,c1wWdCrw-S0,"Problak - Artist in Residence, Lunenburg High School 10.26.23",https://www.youtube.com/watch?v=c1wWdCrw-S0,,3398,101,2026-09-08T16:42:02Z
1411,cPHmT5J83Zg,PACC 11.06.23,https://www.youtube.com/watch?v=cPHmT5J83Zg,,5072,21,2026-09-08T16:42:02Z
1412,O8kfN4LqHDM,From Gutenburg to Lunenburg - Historical Society Presentation 11.02.23,https://www.youtube.com/watch?v=O8kfN4LqHDM,,1419,27,2026-09-08T16:42:02Z
1413,Ypg5Lnz4BEU,LHS Boys Football vs St Bernards 11.03.23,https://www.youtube.com/watch?v=Ypg5Lnz4BEU,,6479,181,2026-09-08T16:42:02Z
1414,C5d_f5KxKpc,Master Plan Steering Committee Community Meeting 11.02.23,https://www.youtube.com/watch?v=C5d_f5KxKpc,,3860,48,2026-09-08T16:42:02Z
1415,P4aiNXY8tnQ,Conservation Commission 11.01.23,https://www.youtube.com/watch?v=P4aiNXY8tnQ,,9702,95,2026-09-08T16:42:02Z
1416,Ap8zhk492jM,School Committee 11.01.23,https://www.youtube.com/watch?v=Ap8zhk492jM,,9650,62,2026-09-08T16:42:02Z
1417,HPjVaROokDc,Shrieks and Krieks 10.27.23,https://www.youtube.com/watch?v=HPjVaROokDc,,569,36,2026-09-08T16:42:02Z
1418,fkmy8tjEoH4,LHS Homecoming Parade 10 28 23,https://www.youtube.com/watch?v=fkmy8tjEoH4,,1156,148,2026-09-08T16:42:02Z
1419,OP6NHeuwLRU,LHS Homecoming Football Game 10.28.23,https://www.youtube.com/watch?v=OP6NHeuwLRU,,7803,429,2026-09-08T16:42:02Z
1420,ENTQsryqo4E,Planning Board 10.30.23,https://www.youtube.com/watch?v=ENTQsryqo4E,,9912,87,2026-09-08T16:42:02Z
1421,bO-QPXNnKuQ,Town Manager's Report - Select Board Meeting 10.24.23,https://www.youtube.com/watch?v=bO-QPXNnKuQ,,170,22,2026-09-08T16:42:02Z
1422,72VHKht2GWQ,Public Health Fall 2023 Update - Nashoba Associated Boards of Health,https://www.youtube.com/watch?v=72VHKht2GWQ,,795,13,2026-09-08T16:42:02Z
1423,sV7VnhFumSA,Water District 10.25.23,https://www.youtube.com/watch?v=sV7VnhFumSA,,2988,41,2026-09-08T16:42:02Z
1424,no63d6OVYJs,Open Space Committee 10.25.23,https://www.youtube.com/watch?v=no63d6OVYJs,,4091,40,2026-09-08T16:42:02Z
1425,JBdPiyltDrA,High Tea at the Lunenburg Adult Activity Center  10.23.23,https://www.youtube.com/watch?v=JBdPiyltDrA,,1371,50,2026-09-08T16:42:02Z
1426,hIpas1URTqU,Zoning Board of Appeals 10.25.23,https://www.youtube.com/watch?v=hIpas1URTqU,,1366,39,2026-09-08T16:42:02Z
1427,s2zpFrZYrFg,"""Up in Smoke!""",https://www.youtube.com/watch?v=s2zpFrZYrFg,,197,67,2026-09-08T16:42:02Z
1428,VdtyUy9Bb1Q,LHS Varsity Football vs W. Boyleston 10.21.23,https://www.youtube.com/watch?v=VdtyUy9Bb1Q,,3598,91,2026-09-08T16:42:02Z
1429,rRLGSXO9F_4,Select Board 10.24.23,https://www.youtube.com/watch?v=rRLGSXO9F_4,,6235,154,2026-09-08T16:42:02Z
1430,7ThCK891tlg,Personnel Committee 10 24 23,https://www.youtube.com/watch?v=7ThCK891tlg,,5950,45,2026-09-08T16:42:02Z
1431,pBropFZamsY,"Lunenburg Storytime - The Books We Love, Season 4 Episode 3",https://www.youtube.com/watch?v=pBropFZamsY,,2127,31,2026-09-08T16:42:02Z
1432,QXsUNN7YtXw,UFO Discussion with Chris Torres 10.13.23,https://www.youtube.com/watch?v=QXsUNN7YtXw,,3318,85,2026-09-08T16:42:02Z
1433,CxhwWS7UO8s,Stranger Things Discussion - Lunenburg Library 10.18.23,https://www.youtube.com/watch?v=CxhwWS7UO8s,,3705,8,2026-09-08T16:42:02Z
1434,YHs6AN0UFF0,Capital Planning ZOOM 10.23.23,https://www.youtube.com/watch?v=YHs6AN0UFF0,,3696,49,2026-09-08T16:42:02Z
1435,vuviDVd15n0,Movie Talk - Barbie and Oppenheimer Review,https://www.youtube.com/watch?v=vuviDVd15n0,,1470,32,2026-09-08T16:42:02Z
1436,Su6zPCZR6Po,Capital Planning 10.23.23,https://www.youtube.com/watch?v=Su6zPCZR6Po,,3458,23,2026-09-08T16:42:02Z
1437,E470s7YnyyA,Planning Board10.23.23,https://www.youtube.com/watch?v=E470s7YnyyA,,9679,74,2026-09-08T16:42:02Z
1438,dvsqVJHkL3M,Vickery Art Exhibit - Lunenburg Library thru 11.10.23,https://www.youtube.com/watch?v=dvsqVJHkL3M,,239,65,2026-09-08T16:42:02Z
1439,YH-svlup7cc,Master Plan Steering Committee10.19.23,https://www.youtube.com/watch?v=YH-svlup7cc,,2728,35,2026-09-08T16:42:02Z
1440,_mnf0gP44Nc,Conservation Commission 10.18.23  PART 2,https://www.youtube.com/watch?v=_mnf0gP44Nc,,4086,71,2026-09-08T16:42:02Z
1441,6Rhi6QpOivw,Conservation Commission 10.18.23  PART 1,https://www.youtube.com/watch?v=6Rhi6QpOivw,,8418,93,2026-09-08T16:42:02Z
1442,TwOGk7B0s8M,School Committee 10.18.23,https://www.youtube.com/watch?v=TwOGk7B0s8M,,9619,49,2026-09-08T16:42:02Z
1443,j_e4j4cx96Y,Parks Commission 10.18.23,https://www.youtube.com/watch?v=j_e4j4cx96Y,,5054,45,2026-09-08T16:42:02Z
1444,o8j-LOuk52I,Green Community Task Force 10.17.23,https://www.youtube.com/watch?v=o8j-LOuk52I,,5249,21,2026-09-08T16:42:02Z
1445,hMNni0VXUfg,Select Board 10.17.23,https://www.youtube.com/watch?v=hMNni0VXUfg,,5831,181,2026-09-08T16:42:02Z
1446,L8DFw1sS-Ig,APDC (ZOOM) 10.10.23,https://www.youtube.com/watch?v=L8DFw1sS-Ig,,4285,15,2026-09-08T16:42:02Z
1447,SkZEupv0WE0,Personnel Committee 10.17.23,https://www.youtube.com/watch?v=SkZEupv0WE0,,3770,39,2026-09-08T16:42:02Z
1448,Tz9YPiH8CdM,Lunenburg Municipal Building Design Committee 10 16 23,https://www.youtube.com/watch?v=Tz9YPiH8CdM,,7632,50,2026-09-08T16:42:02Z
1449,gkGSolglCzY,Recycle Event 10.21.23,https://www.youtube.com/watch?v=gkGSolglCzY,,122,17,2026-09-08T16:42:02Z
1450,UvMwFt0JwWI,Matt York at Lunenburg Adult Activity Center  10. 04. 23,https://www.youtube.com/watch?v=UvMwFt0JwWI,,3571,16,2026-09-08T16:42:02Z
1451,xCdmsXLVWsA,Finance Committee10.12.23,https://www.youtube.com/watch?v=xCdmsXLVWsA,,10891,48,2026-09-08T16:42:02Z
1452,AIrlOEyzbGU,Architectural Preservation District Commission 10.10.23,https://www.youtube.com/watch?v=AIrlOEyzbGU,,4272,30,2026-09-08T16:42:02Z
1453,kj3izde5bzQ,Board of Assessors 10.11.23 - CAMERA and ZOOM,https://www.youtube.com/watch?v=kj3izde5bzQ,,8910,67,2026-09-08T16:42:02Z
1454,9_G9qswSqNU,Lunenburg Adult Activity Center - Patio Opening 10.11.23,https://www.youtube.com/watch?v=9_G9qswSqNU,,926,52,2026-09-08T16:42:02Z
1455,n4XnyI4QMYM,Board of Assessors 10.11.23 - ZOOM ONLY,https://www.youtube.com/watch?v=n4XnyI4QMYM,,8749,33,2026-09-08T16:42:02Z
1456,GZgNBXUhq5s,Sewer Commission 10.10.23,https://www.youtube.com/watch?v=GZgNBXUhq5s,,7658,26,2026-09-08T16:42:02Z
1457,Cjwna2g08_k,Select Board 10.10.23,https://www.youtube.com/watch?v=Cjwna2g08_k,,8679,196,2026-09-08T16:42:02Z
1458,9wJS-i-Sa_A,Master Planning Steering Committee 10.05.23,https://www.youtube.com/watch?v=9wJS-i-Sa_A,,2488,34,2026-09-08T16:42:02Z
1459,Tf9FcEWLjMc,Finance Committee 10.05.23,https://www.youtube.com/watch?v=Tf9FcEWLjMc,,3307,25,2026-09-08T16:42:02Z
1460,-p1kPoF_H9s,"Talkin' Baseball - Year's Over, Season 9 Episode 7",https://www.youtube.com/watch?v=-p1kPoF_H9s,,3561,34,2026-09-08T16:42:02Z
1461,9TwGmvxTjJs,Conservation Commission 10.04.23,https://www.youtube.com/watch?v=9TwGmvxTjJs,,9748,78,2026-09-08T16:42:02Z
1462,18yl7DklyJw,Personnel Committee 10.04.23,https://www.youtube.com/watch?v=18yl7DklyJw,,333,36,2026-09-08T16:42:02Z
1463,RSuhiVz9L-A,School Committee 10.04.23,https://www.youtube.com/watch?v=RSuhiVz9L-A,,4427,44,2026-09-08T16:42:02Z
1464,VsbrIn15BRM,Select Board 10.03.23,https://www.youtube.com/watch?v=VsbrIn15BRM,,10451,216,2026-09-08T16:42:02Z
1465,8j6Ex5BQvFI,Lunenburg Select Board - Town Manager Report 10 03 23,https://www.youtube.com/watch?v=8j6Ex5BQvFI,,1072,44,2026-09-08T16:42:02Z
1466,8lKZC1kAWOE,PACC 10.02.23,https://www.youtube.com/watch?v=8lKZC1kAWOE,,2870,15,2026-09-08T16:42:02Z
1467,FQxSltjdEKM,Planning Board 10.02.23,https://www.youtube.com/watch?v=FQxSltjdEKM,,5545,40,2026-09-08T16:42:02Z
1468,HYbdxZ4HoyQ,Stephen Page Jazz Concert 09.27.23,https://www.youtube.com/watch?v=HYbdxZ4HoyQ,,2486,90,2026-09-08T16:42:02Z
1469,FNUQkkXSfEM,A Journey Through Old Time Lunenburg Through the Lens of Lizzie Proctor,https://www.youtube.com/watch?v=FNUQkkXSfEM,,2665,46,2026-09-08T16:42:02Z
1470,_IEpUXa38No,Problak Interview 09.21.23,https://www.youtube.com/watch?v=_IEpUXa38No,,745,33,2026-09-08T16:42:02Z
1471,zHASYu_czN4,Water District 9.27.23,https://www.youtube.com/watch?v=zHASYu_czN4,,1923,43,2026-09-08T16:42:02Z
1472,pq7iKP5I5nI,Board of Assessors 09.27.23,https://www.youtube.com/watch?v=pq7iKP5I5nI,,9014,145,2026-09-08T16:42:02Z
1473,n6NplexKA8Y,Zoning Board of Appeals 09.27.23,https://www.youtube.com/watch?v=n6NplexKA8Y,,1991,34,2026-09-08T16:42:02Z
1474,95Dhw57bB1I,"Author Talk: Harry P  Haldt III - September 22, 2023",https://www.youtube.com/watch?v=95Dhw57bB1I,,3514,15,2026-09-08T16:42:02Z
1475,ES77suiKh3c,Personnel Committee 09 26 23,https://www.youtube.com/watch?v=ES77suiKh3c,,6427,47,2026-09-08T16:42:02Z
1476,DeaQbT8Wjfg,Sewer Commission 09.26.23,https://www.youtube.com/watch?v=DeaQbT8Wjfg,,4945,28,2026-09-08T16:42:02Z
1477,uiAplcW5f8U,Cemetery Commission 09.26.23,https://www.youtube.com/watch?v=uiAplcW5f8U,,2971,48,2026-09-08T16:42:02Z
1478,A4h0YTurd9I,"Lunenburg Storytime - The Books We Love, Season 4 Episode 2",https://www.youtube.com/watch?v=A4h0YTurd9I,,2635,39,2026-09-08T16:42:02Z
1479,pxAlbuPeROQ,School Committee 09.20.23,https://www.youtube.com/watch?v=pxAlbuPeROQ,,6638,35,2026-09-08T16:42:02Z
1480,JSMjh47R52I,Parks Commission 09.20.23,https://www.youtube.com/watch?v=JSMjh47R52I,,3375,40,2026-09-08T16:42:02Z
1481,ZcEb-p0IYUI,Conservation Commission 09.20.23,https://www.youtube.com/watch?v=ZcEb-p0IYUI,,9385,77,2026-09-08T16:42:02Z
1482,3Fgbma-8Oec,PJ Keating and Lunenburg Skate Park,https://www.youtube.com/watch?v=3Fgbma-8Oec,,232,75,2026-09-08T16:42:02Z
1483,-ixsUMpgsVY,Town Manager Report from Select Board Meeting 09.19.23,https://www.youtube.com/watch?v=-ixsUMpgsVY,,319,27,2026-09-08T16:42:02Z
1484,U1bmk22oNds,Select Board  09.19.23,https://www.youtube.com/watch?v=U1bmk22oNds,,3780,134,2026-09-08T16:42:02Z
1485,0XEPykVQQ70,Economic Development Committee 08.24.23,https://www.youtube.com/watch?v=0XEPykVQQ70,,5267,21,2026-09-08T16:42:02Z
1486,sUuUXpARock,Lunenburg Municipal Building Design Committee 09.18.23,https://www.youtube.com/watch?v=sUuUXpARock,,3301,54,2026-09-08T16:42:02Z
1487,5KGCgKLeqg4,Master Plan Steering Committee 09 18 23,https://www.youtube.com/watch?v=5KGCgKLeqg4,,2187,66,2026-09-08T16:42:02Z
1488,2roUADkkBaY,St. Boniface Oktoberfest 2023,https://www.youtube.com/watch?v=2roUADkkBaY,,463,74,2026-09-08T16:42:02Z
1489,tfTLFP1jMY0,Water District 9.13.23,https://www.youtube.com/watch?v=tfTLFP1jMY0,,4004,60,2026-09-08T16:42:02Z
1490,8SaTfs25A6E,Sewer Commission 09.12.23,https://www.youtube.com/watch?v=8SaTfs25A6E,,3235,16,2026-09-08T16:42:02Z
1491,N8r_pTD_MR4,Finance Committee 09.14.23,https://www.youtube.com/watch?v=N8r_pTD_MR4,,2912,26,2026-09-08T16:42:02Z
1492,dKXagYIu9yM,Select Board 09.14.23,https://www.youtube.com/watch?v=dKXagYIu9yM,,1431,70,2026-09-08T16:42:02Z
1493,AodIFR4FrtY,"Lunenburg Storytime - The Books We Love, Season 4 Episode 1",https://www.youtube.com/watch?v=AodIFR4FrtY,,2629,33,2026-09-08T16:42:02Z
1494,2_glBVrHHD0,Zoning Board of Appeals 09.13.23,https://www.youtube.com/watch?v=2_glBVrHHD0,,2690,41,2026-09-08T16:42:02Z
1495,bVJ0h5-DwVE,Open Space Committee 07 12 23,https://www.youtube.com/watch?v=bVJ0h5-DwVE,,2789,18,2026-09-08T16:42:02Z
1496,FQgz9UZN-nk,Architectual Preservation District Commission 9.12.23,https://www.youtube.com/watch?v=FQgz9UZN-nk,,3246,27,2026-09-08T16:42:02Z
1497,FJgAQFzutV8,Town Manager Report from Select Board Meeting 09.12.23,https://www.youtube.com/watch?v=FJgAQFzutV8,,1495,21,2026-09-08T16:42:02Z
1498,73pQUL3kFZo,Select Board 09.12.23,https://www.youtube.com/watch?v=73pQUL3kFZo,,6997,115,2026-09-08T16:42:02Z
1499,pGKD4lPXjto,Planning Board 09.11.23,https://www.youtube.com/watch?v=pGKD4lPXjto,,10609,38,2026-09-08T16:42:02Z
1500,hZr0DgnhCPk,LHS Boys Varsity Football vs Frontier Regional  09.08.23  09.09.23,https://www.youtube.com/watch?v=hZr0DgnhCPk,,5732,341,2026-09-08T16:42:02Z
1501,V2GlzAJ3ieg,Interview with Dr. Robin Chandler - Artist and New Member of the Lunenburg Cultural Council,https://www.youtube.com/watch?v=V2GlzAJ3ieg,,2780,122,2026-09-08T16:42:02Z
1502,OqjhveRDU3c,Personnel Committee 09.06.23,https://www.youtube.com/watch?v=OqjhveRDU3c,,7536,33,2026-09-08T16:42:02Z
1503,aJVr3uZVNJg,Conservation Commission 09.06.23,https://www.youtube.com/watch?v=aJVr3uZVNJg,,6580,53,2026-09-08T16:42:02Z
1504,mBfewgP6U2k,School Committee 09.06.23,https://www.youtube.com/watch?v=mBfewgP6U2k,,7628,107,2026-09-08T16:42:02Z
1505,74qRBCW2Qqc,Select Board 09.05.23,https://www.youtube.com/watch?v=74qRBCW2Qqc,,10757,176,2026-09-08T16:42:02Z
1506,DwtiNiO1RbE,Town Manager Report from Select Board Meeting 09.05.23,https://www.youtube.com/watch?v=DwtiNiO1RbE,,638,13,2026-09-08T16:42:02Z
1507,s5GA4-YCpHA,"Talkin' Baseball - Season 9, Episode",https://www.youtube.com/watch?v=s5GA4-YCpHA,,3499,43,2026-09-08T16:42:02Z
1508,dP88NWAPvUk,Capital Planning Committee 8 30 23,https://www.youtube.com/watch?v=dP88NWAPvUk,,6080,69,2026-09-08T16:42:02Z
1509,4Iol6l2XnUs,Select Board 08.30.23,https://www.youtube.com/watch?v=4Iol6l2XnUs,,1084,120,2026-09-08T16:42:02Z
1510,E5ydLKP97q8,Sewer Commission 08.29.23,https://www.youtube.com/watch?v=E5ydLKP97q8,,3878,34,2026-09-08T16:42:02Z
1511,6M2QbSd03AQ,Town Manager Report from Select Board Meeting 08.22.23,https://www.youtube.com/watch?v=6M2QbSd03AQ,,1016,44,2026-09-08T16:42:02Z
1512,uvV851hVgMw,School Committee 08.28.23,https://www.youtube.com/watch?v=uvV851hVgMw,,8984,46,2026-09-08T16:42:02Z
1513,42bMGRvUT4Q,Planning Board 08.28.23,https://www.youtube.com/watch?v=42bMGRvUT4Q,,4150,53,2026-09-08T16:42:02Z
1514,MppRpyF6K2o,Hungrytown Concert 08.23.23,https://www.youtube.com/watch?v=MppRpyF6K2o,,3335,306,2026-09-08T16:42:02Z
1515,EKZ7SbZYGMY,Water District 8.23.23,https://www.youtube.com/watch?v=EKZ7SbZYGMY,,1673,58,2026-09-08T16:42:02Z
1516,Wc348zQY9iA,Zoning Board of Appeals 08.23.23,https://www.youtube.com/watch?v=Wc348zQY9iA,,1457,50,2026-09-08T16:42:02Z
1517,m1KBjtJrEZ0,Personnel Committee 08.23.23,https://www.youtube.com/watch?v=m1KBjtJrEZ0,,7019,32,2026-09-08T16:42:02Z
1518,31ie_uTbOYw,Select Board   08.22.23,https://www.youtube.com/watch?v=31ie_uTbOYw,,13743,176,2026-09-08T16:42:02Z
1519,HHkYTI0GhAQ,Lunenburg Municipal Building Design Committee 08.21.23,https://www.youtube.com/watch?v=HHkYTI0GhAQ,,3490,48,2026-09-08T16:42:02Z
1520,qG8Mv02IVrE,Economic Development Committee 072723,https://www.youtube.com/watch?v=qG8Mv02IVrE,,2488,50,2026-09-08T16:42:02Z
1521,pMJcGfLaTVI,"Lunenburg Storytime - The Books We Love, Season 3 Episode 17",https://www.youtube.com/watch?v=pMJcGfLaTVI,,1880,70,2026-09-08T16:42:02Z
1522,Ve96UyJYHL0,"Movietalk with Matt Munroe - The ""Flash"" Review  8.17.23",https://www.youtube.com/watch?v=Ve96UyJYHL0,,1741,20,2026-09-08T16:42:02Z
1523,5AMISKRF1as,Conservation Commission 08.16.23,https://www.youtube.com/watch?v=5AMISKRF1as,,10123,82,2026-09-08T16:42:02Z
1524,KCkYHX-FH-w,Parks Commission 08.16.23,https://www.youtube.com/watch?v=KCkYHX-FH-w,,4593,28,2026-09-08T16:42:02Z
1525,E8VIKvJ22eE,Cardboard Boat Race - Lunenburg Town Beach 08.12.23,https://www.youtube.com/watch?v=E8VIKvJ22eE,,361,216,2026-09-08T16:42:02Z
1526,aea1hlFZGoY,Select Board 08.15.23,https://www.youtube.com/watch?v=aea1hlFZGoY,,7047,150,2026-09-08T16:42:02Z
1527,q6YW-u4vD-E,Kay Previte's 100th Birthday at the AAC (Eagle House) 08.11.23,https://www.youtube.com/watch?v=q6YW-u4vD-E,,1033,30,2026-09-08T16:42:02Z
1528,bwYVy_6NHT0,PACC 08.14.23,https://www.youtube.com/watch?v=bwYVy_6NHT0,,3396,17,2026-09-08T16:42:02Z
1529,1hJs3BILxQM,Birds Birthing - Part 2,https://www.youtube.com/watch?v=1hJs3BILxQM,,180,41,2026-09-08T16:42:02Z
1530,zvn0-Nf2Lns,Birds Birthing - Part 1,https://www.youtube.com/watch?v=zvn0-Nf2Lns,,190,593,2026-09-08T16:42:02Z
1531,7Jdorucbnnc,Planning Board 08.14.23,https://www.youtube.com/watch?v=7Jdorucbnnc,,2412,34,2026-09-08T16:42:02Z
1532,lEXTABtn9_Y,Water District 8. 9. 23,https://www.youtube.com/watch?v=lEXTABtn9_Y,,4619,72,2026-09-08T16:42:02Z
1533,eAM2aeD34xk,Architectural Preservation District Commission  8.8.23,https://www.youtube.com/watch?v=eAM2aeD34xk,,2270,44,2026-09-08T16:42:02Z
1534,RwebqGJe-0E,Select Board 08.08.23,https://www.youtube.com/watch?v=RwebqGJe-0E,,1796,157,2026-09-08T16:42:02Z
1535,6mtGRS7x41w,Conservation Commission 08.02.23,https://www.youtube.com/watch?v=6mtGRS7x41w,,8341,63,2026-09-08T16:42:02Z
1536,GFuln2lrMKk,"Lunenburg Storytime - The Books We Love, Season 3 Episode 16",https://www.youtube.com/watch?v=GFuln2lrMKk,,1534,37,2026-09-08T16:42:02Z
1537,LDVo6_RXXlI,"Lori Holden: Champion of Resilience ""I Never Gave Up""",https://www.youtube.com/watch?v=LDVo6_RXXlI,,1372,190,2026-09-08T16:42:02Z
1538,dDt9yjUgfi4,Our Cosmic Canvas - Astrophotography  8.1.23,https://www.youtube.com/watch?v=dDt9yjUgfi4,,3663,46,2026-09-08T16:42:02Z
1539,qPxVBuo3FcA,Select Board 08.01.23,https://www.youtube.com/watch?v=qPxVBuo3FcA,,6611,179,2026-09-08T16:42:02Z
1540,aqW8ZenG3kM,Board of Assessors 08.01.23,https://www.youtube.com/watch?v=aqW8ZenG3kM,,2697,139,2026-09-08T16:42:02Z
1541,XsNANG00SOQ,"Talkin' Baseball - Bobbleheads, Season 9 Episode 5",https://www.youtube.com/watch?v=XsNANG00SOQ,,3585,19,2026-09-08T16:42:02Z
1542,lOlM8cPsBs0,Water District 7 26 23,https://www.youtube.com/watch?v=lOlM8cPsBs0,,4757,73,2026-09-08T16:42:02Z
1543,rm53fDdeWug,Finance Committee 07.27.23,https://www.youtube.com/watch?v=rm53fDdeWug,,2823,35,2026-09-08T16:42:02Z
1544,lZFr0fz3gVw,Zoning Board of Appeals 07.26.23,https://www.youtube.com/watch?v=lZFr0fz3gVw,,2980,63,2026-09-08T16:42:02Z
1545,hbIbzEfZhW8,Board of Assessors 07.18.23,https://www.youtube.com/watch?v=hbIbzEfZhW8,,3773,87,2026-09-08T16:42:02Z
1546,uK5vgH9SYgo,Storm Water Task Force 07.20.23,https://www.youtube.com/watch?v=uK5vgH9SYgo,,2553,29,2026-09-08T16:42:02Z
1547,SFn8b8ShPXw,School Committee 06.29.23,https://www.youtube.com/watch?v=SFn8b8ShPXw,,1664,37,2026-09-08T16:42:02Z
1548,IRDZe8Eq8g4,Personnel Committee 07.19.23,https://www.youtube.com/watch?v=IRDZe8Eq8g4,,4853,32,2026-09-08T16:42:02Z
1549,y4QR6lSh6p4,Planning Board 07.24.23,https://www.youtube.com/watch?v=y4QR6lSh6p4,,5729,48,2026-09-08T16:42:02Z
1550,E3NrNUHu1nk,"Lunenburg Storytime - The Books We Love, Season 3 Episode 15",https://www.youtube.com/watch?v=E3NrNUHu1nk,,1583,30,2026-09-08T16:42:02Z
1551,q4gdHAP0i5M,Talkin' Baseball - Episode 2   Visiting Fenway Park,https://www.youtube.com/watch?v=q4gdHAP0i5M,,2348,168,2026-09-08T16:42:02Z
1552,5iJKTK87TIc,"Talkin' Baseball - Episode5   Hall of Fame, Cooperstown NY",https://www.youtube.com/watch?v=5iJKTK87TIc,,3419,151,2026-09-08T16:42:02Z
1553,-hPdZR7d9L8,Select Board 07.18.23,https://www.youtube.com/watch?v=-hPdZR7d9L8,,8575,217,2026-09-08T16:42:02Z
1554,yG2Ms6KAGUo,Crowe's Pasture Concert 06.10.23,https://www.youtube.com/watch?v=yG2Ms6KAGUo,,3602,32,2026-09-08T16:42:02Z
1555,Qo54s0In2Rs,"Earth Friendly Gardening with New England Botanic Garden at Tower Hill June 27, 2023",https://www.youtube.com/watch?v=Qo54s0In2Rs,,4088,40,2026-09-08T16:42:02Z
1556,2jmzVOKS6oY,Water District 7 12 23,https://www.youtube.com/watch?v=2jmzVOKS6oY,,227,38,2026-09-08T16:42:02Z
1557,lRu-YPIy9sw,Parks Commission 07.12.23,https://www.youtube.com/watch?v=lRu-YPIy9sw,,7081,35,2026-09-08T16:42:02Z
1558,NCBV_dIV2O4,Zoning Board of Appeals 07.12.23,https://www.youtube.com/watch?v=NCBV_dIV2O4,,2184,57,2026-09-08T16:42:02Z
1559,DpwS4V18xTQ,Sewer Commission 07 11 23,https://www.youtube.com/watch?v=DpwS4V18xTQ,,3871,32,2026-09-08T16:42:02Z
1560,0GXnYrq6Ub8,"Lunenburg Storytime - The Books We Love, Season 3 Episode 14",https://www.youtube.com/watch?v=0GXnYrq6Ub8,,1863,34,2026-09-08T16:42:02Z
1561,u059EVnf7AA,Select Board 07.11.23,https://www.youtube.com/watch?v=u059EVnf7AA,,12321,351,2026-09-08T16:42:02Z
1562,rJ6-gChA-kY,Planning Board 07.10.23,https://www.youtube.com/watch?v=rJ6-gChA-kY,,7333,57,2026-09-08T16:42:02Z
1563,J0fl3-d6tKg,PACC 07.10.23,https://www.youtube.com/watch?v=J0fl3-d6tKg,,3511,14,2026-09-08T16:42:02Z
1564,ucwgV4sT1xM,Hickory Hills Boat Parade 2023,https://www.youtube.com/watch?v=ucwgV4sT1xM,,243,103,2026-09-08T16:42:02Z
1565,UATf1fJiGmk,Conservation Commission 07.05.23,https://www.youtube.com/watch?v=UATf1fJiGmk,,11050,108,2026-09-08T16:42:02Z
1566,O8BgTx6LfWg,Personnel Committee Meeting 07.05.23,https://www.youtube.com/watch?v=O8BgTx6LfWg,,7240,121,2026-09-08T16:42:02Z
1567,KZWqVZG07lI,"Talkin' Baseball - Season9 Episode 4  ""I Got a Ball""",https://www.youtube.com/watch?v=KZWqVZG07lI,,3362,19,2026-09-08T16:42:02Z
1568,P06A2usx3aY,Water District 6 28 23,https://www.youtube.com/watch?v=P06A2usx3aY,,1878,45,2026-09-08T16:42:02Z
1569,1kPWP6EM9Ik,Board of Assessors 06.29.23,https://www.youtube.com/watch?v=1kPWP6EM9Ik,,6141,207,2026-09-08T16:42:02Z
1570,xItLPcgE8Co,Parks Commission 06 28 23,https://www.youtube.com/watch?v=xItLPcgE8Co,,7983,37,2026-09-08T16:42:02Z
1571,8woW4wx2mYY,Zoning Board of Appeals 06.28.23,https://www.youtube.com/watch?v=8woW4wx2mYY,,1068,51,2026-09-08T16:42:02Z
1572,VWqjZaWG4dI,THES Graduation/Completion 2023,https://www.youtube.com/watch?v=VWqjZaWG4dI,,3761,257,2026-09-08T16:42:02Z
1573,TbLdFYlFDtQ,Sewer Commission 06.27.23,https://www.youtube.com/watch?v=TbLdFYlFDtQ,,4578,31,2026-09-08T16:42:02Z
1574,9Mcpkm-YPG8,Planning Board 06.26.23,https://www.youtube.com/watch?v=9Mcpkm-YPG8,,5613,43,2026-09-08T16:42:02Z
1575,_JdXG_pQPJo,School Committee 06.21.23,https://www.youtube.com/watch?v=_JdXG_pQPJo,,8998,68,2026-09-08T16:42:02Z
1576,N85HSL6BnAk,Finance Committee 06.22.23,https://www.youtube.com/watch?v=N85HSL6BnAk,,2328,18,2026-09-08T16:42:02Z
1577,hYOFzs_0Y3M,Conservation Commission 06 21 23,https://www.youtube.com/watch?v=hYOFzs_0Y3M,,16396,75,2026-09-08T16:42:02Z
1578,pqOenqRbVqI,Select Board 06.20.23,https://www.youtube.com/watch?v=pqOenqRbVqI,,4065,181,2026-09-08T16:42:02Z
1579,Dq90tAZHZt4,Planning Board - Master Plan Kick Off 06.15.23,https://www.youtube.com/watch?v=Dq90tAZHZt4,,7357,52,2026-09-08T16:42:02Z
1580,Xe6RXTQ6E2Q,Medicare Overview - Lunenburg Library 06.08.23,https://www.youtube.com/watch?v=Xe6RXTQ6E2Q,,3021,34,2026-09-08T16:42:02Z
1581,0Ra8xpMzfCA,Water District 06.14.23,https://www.youtube.com/watch?v=0Ra8xpMzfCA,,3554,69,2026-09-08T16:42:02Z
1582,8-vCsAh24qo,Board of Assessors 06 15 23,https://www.youtube.com/watch?v=8-vCsAh24qo,,268,59,2026-09-08T16:42:02Z
1583,xT9JKcJslb8,Open Space Committee 06 14 23,https://www.youtube.com/watch?v=xT9JKcJslb8,,5044,24,2026-09-08T16:42:02Z
1584,U5e9naHfmyM,Zoning Board of Appeals 06.14.23,https://www.youtube.com/watch?v=U5e9naHfmyM,,3933,38,2026-09-08T16:42:02Z
1585,9UL3xdjYFGk,Sewer Commission 06 13 23,https://www.youtube.com/watch?v=9UL3xdjYFGk,,3364,12,2026-09-08T16:42:02Z
1586,etaQvDEIcJk,Select Board 06.13.23,https://www.youtube.com/watch?v=etaQvDEIcJk,,12241,193,2026-09-08T16:42:02Z
1587,juRNkjncI24,Board of Assessors 06.13.23,https://www.youtube.com/watch?v=juRNkjncI24,,541,82,2026-09-08T16:42:02Z
1588,Qh89koIUh44,PACC 06.12.23,https://www.youtube.com/watch?v=Qh89koIUh44,,4933,17,2026-09-08T16:42:02Z
1589,-WVTxPskYYw,Planning Board 06.12.23,https://www.youtube.com/watch?v=-WVTxPskYYw,,4100,46,2026-09-08T16:42:02Z
1590,a7M4zJJwARE,Police/Fire Memorial Service 2023,https://www.youtube.com/watch?v=a7M4zJJwARE,,1608,39,2026-09-08T16:42:02Z
1591,eu4KJFro7vk,School Committee 06 07 23 - Bullying Discussion,https://www.youtube.com/watch?v=eu4KJFro7vk,,3384,176,2026-09-08T16:42:02Z
1592,L7DbTVp8e08,Finance Committee 06.08.23,https://www.youtube.com/watch?v=L7DbTVp8e08,,6620,35,2026-09-08T16:42:02Z
1593,poKKF_ot4rA,Conservation Commission 06 07 23,https://www.youtube.com/watch?v=poKKF_ot4rA,,14355,168,2026-09-08T16:42:02Z
1594,VuU4v7mmtAw,Board of Assessors 06 08 23,https://www.youtube.com/watch?v=VuU4v7mmtAw,,669,65,2026-09-08T16:42:02Z
1595,DjM6LFMljYc,"Lunenburg Storytime - The Books We Love, Season 3 Episode 13",https://www.youtube.com/watch?v=DjM6LFMljYc,,2223,32,2026-09-08T16:42:02Z
1596,7XWiFPmG5SQ,School Committee 06.07.23,https://www.youtube.com/watch?v=7XWiFPmG5SQ,,9774,105,2026-09-08T16:42:02Z
1597,GNJ_OFhKISs,Select Board 06.06.23,https://www.youtube.com/watch?v=GNJ_OFhKISs,,12942,212,2026-09-08T16:42:02Z
1598,46IZjkr9SkE,Board of Assessors 06 06 23,https://www.youtube.com/watch?v=46IZjkr9SkE,,1179,113,2026-09-08T16:42:02Z
1599,1M9LIpn7p-o,LHS Baccalureate 2023,https://www.youtube.com/watch?v=1M9LIpn7p-o,,3173,47,2026-09-08T16:42:02Z
1600,MOQW1a-wNyk,Lunenburg High School Graduation 2023,https://www.youtube.com/watch?v=MOQW1a-wNyk,,3669,881,2026-09-08T16:42:02Z
1601,AyjizJjwlLo,Parks Commission 05 31 23,https://www.youtube.com/watch?v=AyjizJjwlLo,,6184,43,2026-09-08T16:42:02Z
1602,xSAkILpRK8I,Board of Assessors 05 30 23,https://www.youtube.com/watch?v=xSAkILpRK8I,,390,112,2026-09-08T16:42:02Z
1603,fBQ-VIovsXE,Sewer Commission 05 30 23,https://www.youtube.com/watch?v=fBQ-VIovsXE,,6217,26,2026-09-08T16:42:02Z
1604,1SYa-b9N84M,Board of Assessors 05 25 23,https://www.youtube.com/watch?v=1SYa-b9N84M,,298,77,2026-09-08T16:42:02Z
1605,DSnmPkla1Xs,Lunenburg Memorial Day Observation 2023,https://www.youtube.com/watch?v=DSnmPkla1Xs,,1811,169,2026-09-08T16:42:02Z
1606,W-lv7JMD3Lc,Lunenburg Water District 05.24.23,https://www.youtube.com/watch?v=W-lv7JMD3Lc,,3340,50,2026-09-08T16:42:02Z
1607,KWKVAKk7MBs,Talkin' Baseball - Season 9 Episode 3,https://www.youtube.com/watch?v=KWKVAKk7MBs,,3455,30,2026-09-08T16:42:02Z
1608,ul7FHpl4UNQ,Parks Commission 05 24 23,https://www.youtube.com/watch?v=ul7FHpl4UNQ,,9830,30,2026-09-08T16:42:02Z
1609,AcWtH11Zx-M,School Committee 05 24 23,https://www.youtube.com/watch?v=AcWtH11Zx-M,,9350,107,2026-09-08T16:42:02Z
1610,t13x5lWgMl0,Zoning Board of Appeals 05.24.23,https://www.youtube.com/watch?v=t13x5lWgMl0,,2297,41,2026-09-08T16:42:02Z
1611,ULYgwQMUStQ,Board of Assessors 05 23 23,https://www.youtube.com/watch?v=ULYgwQMUStQ,,2615,162,2026-09-08T16:42:02Z
1612,SlXt4u6Gi4o,Select Board 05.23.23,https://www.youtube.com/watch?v=SlXt4u6Gi4o,,8200,290,2026-09-08T16:42:02Z
1613,LFMLSy12R6o,Planning Board 05.22.23,https://www.youtube.com/watch?v=LFMLSy12R6o,,3162,54,2026-09-08T16:42:02Z
1614,Q7wPjw9QnDY,Avoiding Frauds and Scams 5 8 2023,https://www.youtube.com/watch?v=Q7wPjw9QnDY,,2785,48,2026-09-08T16:42:02Z
1615,sn3WtEDCuTs,Water District 5 10 2023,https://www.youtube.com/watch?v=sn3WtEDCuTs,,4114,46,2026-09-08T16:42:02Z
1616,sz8Op5yjNF0,"Lunenburg Storytime - The Books We Love, Season 3 Episode 12",https://www.youtube.com/watch?v=sz8Op5yjNF0,,2183,60,2026-09-08T16:42:02Z
1617,CaSU3VkGfCI,Conservation Commission 05.17.23,https://www.youtube.com/watch?v=CaSU3VkGfCI,,5143,60,2026-09-08T16:42:02Z
1618,R4E1CUtCdFY,Board of Assessors 05.16.23,https://www.youtube.com/watch?v=R4E1CUtCdFY,,1850,315,2026-09-08T16:42:02Z
1619,JgKmTZ1skxM,Select Board 05.16.23,https://www.youtube.com/watch?v=JgKmTZ1skxM,,8603,222,2026-09-08T16:42:02Z
1620,vTcZ0YDmbk8,Open Space Committee 05 10 23,https://www.youtube.com/watch?v=vTcZ0YDmbk8,,2787,36,2026-09-08T16:42:02Z
1621,rsrMK9kTsnI,Sewer Commission 05.09.23,https://www.youtube.com/watch?v=rsrMK9kTsnI,,4576,32,2026-09-08T16:42:02Z
1622,1ZallDTx8pw,Select Board 05.09.23,https://www.youtube.com/watch?v=1ZallDTx8pw,,10550,216,2026-09-08T16:42:02Z
1623,YXVOq-ZDqgE,PACC 05.08.23,https://www.youtube.com/watch?v=YXVOq-ZDqgE,,4426,19,2026-09-08T16:42:02Z
1624,RVBk90EkSWI,Planning Board 05.08.23,https://www.youtube.com/watch?v=RVBk90EkSWI,,4775,39,2026-09-08T16:42:02Z
1625,MDSx17v0-dU,Lunenburg Town Meeting 05.06.23,https://www.youtube.com/watch?v=MDSx17v0-dU,,11141,360,2026-09-08T16:42:02Z
1626,hKmuLR5blBc,"Lunenburg Storytime - The Books We Love, Season 3 Episode 11",https://www.youtube.com/watch?v=hKmuLR5blBc,,2397,45,2026-09-08T16:42:02Z
1627,I5B7niZeyz8,Board of Assessors 05 04 23,https://www.youtube.com/watch?v=I5B7niZeyz8,,2574,210,2026-09-08T16:42:02Z
1628,FiiaRGuRlC8,Conservation Commission 05 03 23,https://www.youtube.com/watch?v=FiiaRGuRlC8,,9735,141,2026-09-08T16:42:02Z
1629,Frj-YrqQNf0,School Committee 05.03.23,https://www.youtube.com/watch?v=Frj-YrqQNf0,,5832,88,2026-09-08T16:42:02Z
1630,cHopUkSixqk,Select Board 05.02.23,https://www.youtube.com/watch?v=cHopUkSixqk,,7699,477,2026-09-08T16:42:02Z
1631,hKXCSmhKtfI,Lunenburg Municipal Building Design Committee 05 01 23,https://www.youtube.com/watch?v=hKXCSmhKtfI,,5896,47,2026-09-08T16:42:02Z
1632,_qkI3iv0Ijc,Personnel Committee 05 01 23,https://www.youtube.com/watch?v=_qkI3iv0Ijc,,1740,25,2026-09-08T16:42:02Z
1633,CRRM35JIiYU,Are You Smarter Than Our 6th Graders 04.28.23,https://www.youtube.com/watch?v=CRRM35JIiYU,,7364,312,2026-09-08T16:42:02Z
1634,gvx6xUrM4rA,A Celebration of Lyrical Poetry featuring  Kate Chadbourne  4.19.23,https://www.youtube.com/watch?v=gvx6xUrM4rA,,3574,71,2026-09-08T16:42:02Z
1635,UiA2j1FcK8s,Water District 4.26.23,https://www.youtube.com/watch?v=UiA2j1FcK8s,,2857,37,2026-09-08T16:42:02Z
1636,CKV0XDVf_2U,Sewer Commission 04.25.23,https://www.youtube.com/watch?v=CKV0XDVf_2U,,3170,19,2026-09-08T16:42:02Z
1637,DmA1kLQW8XY,Board of Assessors 04.25.23,https://www.youtube.com/watch?v=DmA1kLQW8XY,,3816,405,2026-09-08T16:42:02Z
1638,gYKQbfcvyFQ,Select Board 04.25.23,https://www.youtube.com/watch?v=gYKQbfcvyFQ,,7446,153,2026-09-08T16:42:02Z
1639,xwh6-yxKEwE,Planning Board 04.24.23,https://www.youtube.com/watch?v=xwh6-yxKEwE,,3700,42,2026-09-08T16:42:02Z
1640,j-T-E0SmeE4,Storm Water Task Force 042023,https://www.youtube.com/watch?v=j-T-E0SmeE4,,1846,14,2026-09-08T16:42:02Z
1641,2hs44ZEB1Us,"Lunenburg Storytime - The Books We Love, Season 3 Episode 10",https://www.youtube.com/watch?v=2hs44ZEB1Us,,2517,31,2026-09-08T16:42:02Z
1642,x8DUAEiqR-A,"Talkin' Baseball - Play Ball, Season 9 Episode 2",https://www.youtube.com/watch?v=x8DUAEiqR-A,,3540,49,2026-09-08T16:42:02Z
1643,q91xlcBZgQ0,Finance Committee 04.20.23,https://www.youtube.com/watch?v=q91xlcBZgQ0,,3785,38,2026-09-08T16:42:02Z
1644,xon-NKhHvR0,Parks Commission 04.19.23,https://www.youtube.com/watch?v=xon-NKhHvR0,,9508,40,2026-09-08T16:42:02Z
1645,GSQPREtpuoo,Conservation Commission 04.19.23,https://www.youtube.com/watch?v=GSQPREtpuoo,,6111,70,2026-09-08T16:42:02Z
1646,QqTZYx3kb_U,Movie Talk,https://www.youtube.com/watch?v=QqTZYx3kb_U,,877,99,2026-09-08T16:42:02Z
1647,TSG84J7ocIs,Water District 4.12.23,https://www.youtube.com/watch?v=TSG84J7ocIs,,5217,54,2026-09-08T16:42:02Z
1648,6nlT1TwdXvY,Sewer Commission 04.11.23  FULL MEETING,https://www.youtube.com/watch?v=6nlT1TwdXvY,,9296,18,2026-09-08T16:42:02Z
1649,nysWeg9SaPo,Sewer Commission 04 11 23,https://www.youtube.com/watch?v=nysWeg9SaPo,,6135,53,2026-09-08T16:42:02Z
1650,7gATFCCm-4o,School Committee 04.12.23,https://www.youtube.com/watch?v=7gATFCCm-4o,,5759,99,2026-09-08T16:42:02Z
1651,_Mr_e_ROT9s,Open Space Committee 04.12.23,https://www.youtube.com/watch?v=_Mr_e_ROT9s,,2299,33,2026-09-08T16:42:02Z
1652,MP_8R4Icbzg,Architectural Preservation District Commission 04.11.23,https://www.youtube.com/watch?v=MP_8R4Icbzg,,4957,35,2026-09-08T16:42:02Z
1653,KP4uLZZQcgM,The Lunenburg Historical Society Presents The Peabody Family 4/6/23,https://www.youtube.com/watch?v=KP4uLZZQcgM,,3001,116,2026-09-08T16:42:02Z
1654,O64P5Pgpqkk,Select Board 04.11.23,https://www.youtube.com/watch?v=O64P5Pgpqkk,,7086,198,2026-09-08T16:42:02Z
1655,bMDWOby3QYI,Sewer Commission 04 11 23,https://www.youtube.com/watch?v=bMDWOby3QYI,,3920,11,2026-09-08T16:42:02Z
1656,wdq6dONU2mY,Conservation Commission 04.05.23,https://www.youtube.com/watch?v=wdq6dONU2mY,,4061,80,2026-09-08T16:42:02Z
1657,RF_oAZKPjAM,March Thaw,https://www.youtube.com/watch?v=RF_oAZKPjAM,,247,26,2026-09-08T16:42:02Z
1658,XUTK3hMFpe4,Planning Board 04.10.23,https://www.youtube.com/watch?v=XUTK3hMFpe4,,7696,35,2026-09-08T16:42:02Z
1659,-h748h8jZMw,PAC 04.10.23,https://www.youtube.com/watch?v=-h748h8jZMw,,3960,12,2026-09-08T16:42:02Z
1660,ckCnO-5t0t8,Finance Committee 04.06.23,https://www.youtube.com/watch?v=ckCnO-5t0t8,,5026,48,2026-09-08T16:42:02Z
1661,X7tlaGNIUhY,School Committee 04.05.23,https://www.youtube.com/watch?v=X7tlaGNIUhY,,9186,78,2026-09-08T16:42:02Z
1662,Ld6HAwskTvs,Select Board 04.04.23,https://www.youtube.com/watch?v=Ld6HAwskTvs,,15058,312,2026-09-08T16:42:02Z
1663,Ow-nI3eipPU,Finance Committee 03.30.23,https://www.youtube.com/watch?v=Ow-nI3eipPU,,12756,93,2026-09-08T16:42:02Z
1664,erYAto7Ja2w,Board of Assessors 03 28 23,https://www.youtube.com/watch?v=erYAto7Ja2w,,4286,1600,2026-09-08T16:42:02Z
1665,KWE3eUgQJyI,Parks Commission 03 22 23,https://www.youtube.com/watch?v=KWE3eUgQJyI,,7419,57,2026-09-08T16:42:02Z
1666,U1lwdVQYGu0,Personnel Committee 03 27 23,https://www.youtube.com/watch?v=U1lwdVQYGu0,,1514,32,2026-09-08T16:42:02Z
1667,IrobOu-mvBc,Historical Society - Eagle House History 3.27.23,https://www.youtube.com/watch?v=IrobOu-mvBc,,3481,53,2026-09-08T16:42:02Z
1668,c31_XZD-Lxo,Select Board 03.28.23,https://www.youtube.com/watch?v=c31_XZD-Lxo,,10037,385,2026-09-08T16:42:02Z
1669,mCPrpmGZoDw,Planning Board 03.27.23,https://www.youtube.com/watch?v=mCPrpmGZoDw,,4919,78,2026-09-08T16:42:02Z
1670,8ezvLFw4isk,Medicare Enrollment PSA,https://www.youtube.com/watch?v=8ezvLFw4isk,,583,28,2026-09-08T16:42:02Z
1671,5bH3OSAimmA,Water  District Annual Meeting 03.25.23,https://www.youtube.com/watch?v=5bH3OSAimmA,,4973,96,2026-09-08T16:42:02Z
1672,UNPMHaZsJm4,"Lunenburg Storytime - The Books We Love, Season 3 Episode 9",https://www.youtube.com/watch?v=UNPMHaZsJm4,,2609,25,2026-09-08T16:42:02Z
1673,t9Tp3u7OWqk,Finance Committee 03.23.23,https://www.youtube.com/watch?v=t9Tp3u7OWqk,,8883,69,2026-09-08T16:42:02Z
1674,jEXTOz3-UvY,Finance Committee 03.22.23,https://www.youtube.com/watch?v=jEXTOz3-UvY,,10862,54,2026-09-08T16:42:02Z
1675,vvJmOs8jbOc,School Committe 03.22.23,https://www.youtube.com/watch?v=vvJmOs8jbOc,,2559,67,2026-09-08T16:42:02Z
1676,fatemCMlWBo,Water District 03.22.23,https://www.youtube.com/watch?v=fatemCMlWBo,,3263,82,2026-09-08T16:42:02Z
1677,wau0eTh9dNQ,Select Board 03.21.23,https://www.youtube.com/watch?v=wau0eTh9dNQ,,9623,228,2026-09-08T16:42:02Z
1678,qRnMD9LpNhU,Sewer Commission 03 21 23,https://www.youtube.com/watch?v=qRnMD9LpNhU,,4573,43,2026-09-08T16:42:02Z
1679,p64tH0npzsQ,Lunenburg Municipal Building Design Committee 03.20.23,https://www.youtube.com/watch?v=p64tH0npzsQ,,3985,45,2026-09-08T16:42:02Z
1680,L10TLhdKAF8,LPD Drunk Driving PSA,https://www.youtube.com/watch?v=L10TLhdKAF8,,575,286,2026-09-08T16:42:02Z
1681,Ehb4ap4uipw,School Committee 03.13.23,https://www.youtube.com/watch?v=Ehb4ap4uipw,,451,80,2026-09-08T16:42:02Z
1682,xkzTl4oB6oY,Personnel Committee 03.14.23,https://www.youtube.com/watch?v=xkzTl4oB6oY,,2904,46,2026-09-08T16:42:02Z
1683,K55i2fjnBCQ,School Committee 03.15.23,https://www.youtube.com/watch?v=K55i2fjnBCQ,,9061,87,2026-09-08T16:42:02Z
1684,yiKFzdBlbAA,Conservation Commission 03.15.23,https://www.youtube.com/watch?v=yiKFzdBlbAA,,3640,79,2026-09-08T16:42:02Z
1685,o9Ub4aZWufg,PACC 03.13.23,https://www.youtube.com/watch?v=o9Ub4aZWufg,,3424,12,2026-09-08T16:42:02Z
1686,nhJHNcS22qo,Planning Board 03.13.23,https://www.youtube.com/watch?v=nhJHNcS22qo,,7296,66,2026-09-08T16:42:02Z
1687,62u-kCesDL0,Before Brooklyn  The Unsung Heroes Who Helped Break Baseball's Color Barrier,https://www.youtube.com/watch?v=62u-kCesDL0,,4502,28,2026-09-08T16:42:02Z
1688,oNLLrOpMLc8,Architectural Preservation District Commission 03.07.23,https://www.youtube.com/watch?v=oNLLrOpMLc8,,4385,45,2026-09-08T16:42:02Z
1689,3GKzyw9i_jM,Water District 03.08.23,https://www.youtube.com/watch?v=3GKzyw9i_jM,,4025,195,2026-09-08T16:42:02Z
1690,JfIbPstvpPU,Finance Committee 03.09.23,https://www.youtube.com/watch?v=JfIbPstvpPU,,6137,59,2026-09-08T16:42:02Z
1691,JxR0dNfTQEs,School Committee 03.08.23,https://www.youtube.com/watch?v=JxR0dNfTQEs,,1780,42,2026-09-08T16:42:02Z
1692,UXs7fpTAxRI,Open Space 02.08.23,https://www.youtube.com/watch?v=UXs7fpTAxRI,,5599,34,2026-09-08T16:42:02Z
1693,68BlVQXiLJI,Sewer Commission 02.28.23,https://www.youtube.com/watch?v=68BlVQXiLJI,,5723,15,2026-09-08T16:42:02Z
1694,9XWHsno9FSM,Parks Commission 02.15.23,https://www.youtube.com/watch?v=9XWHsno9FSM,,9958,29,2026-09-08T16:42:02Z
1695,neyT3m-Bi24,Select Board 03.07.23,https://www.youtube.com/watch?v=neyT3m-Bi24,,11549,420,2026-09-08T16:42:02Z
1696,dcBYjdoK070,Storm Water Task Force 02 16 23,https://www.youtube.com/watch?v=dcBYjdoK070,,1365,21,2026-09-08T16:42:02Z
1697,9VB9yoo9KT0,Personnel Committee 03 06 23,https://www.youtube.com/watch?v=9VB9yoo9KT0,,3070,33,2026-09-08T16:42:02Z
1698,vSRs83Qa3ss,Conservation Commission 03 01 23,https://www.youtube.com/watch?v=vSRs83Qa3ss,,6593,35,2026-09-08T16:42:02Z
1699,5r5890bd5vg,LHS Boys Varsity Basketball vs Hadley 03.02.23,https://www.youtube.com/watch?v=5r5890bd5vg,,3243,34,2026-09-08T16:42:02Z
1700,52iZmZ8WSsk,Finance Committee 03.02.23,https://www.youtube.com/watch?v=52iZmZ8WSsk,,9194,72,2026-09-08T16:42:02Z
1701,dlDnoeS5HTA,Water District 03.01.23,https://www.youtube.com/watch?v=dlDnoeS5HTA,,4873,79,2026-09-08T16:42:02Z
1702,JbyRVqHMaYE,School Committee 03.01.23,https://www.youtube.com/watch?v=JbyRVqHMaYE,,7711,110,2026-09-08T16:42:02Z
1703,BnqR4QDl_ms,"Lunenburg Storytime - The Books We Love, Season 3 Episode 8",https://www.youtube.com/watch?v=BnqR4QDl_ms,,2666,20,2026-09-08T16:42:02Z
1704,sU5s0uIrK_E,Select Board 02 28 23,https://www.youtube.com/watch?v=sU5s0uIrK_E,,10515,301,2026-09-08T16:42:02Z
1705,dF3gNYraxO4,Personnel Committee 02 27 23,https://www.youtube.com/watch?v=dF3gNYraxO4,,2355,24,2026-09-08T16:42:02Z
1706,2kHmFvQXwmU,Planning Board 02.27.23,https://www.youtube.com/watch?v=2kHmFvQXwmU,,14608,98,2026-09-08T16:42:02Z
1707,mA3U0wo2SPw,Finance Committee 02.23.23,https://www.youtube.com/watch?v=mA3U0wo2SPw,,9156,70,2026-09-08T16:42:02Z
1708,1CpChUJ_jAY,Zoning Board of Appeals 02.22.23,https://www.youtube.com/watch?v=1CpChUJ_jAY,,1663,58,2026-09-08T16:42:02Z
1709,I9BAESf41iI,Board of Assessors 02.22.23,https://www.youtube.com/watch?v=I9BAESf41iI,,2885,740,2026-09-08T16:42:02Z
1710,O_n6KcPXFZ0,Architectural Preservation District Committee 02.21.23,https://www.youtube.com/watch?v=O_n6KcPXFZ0,,6471,35,2026-09-08T16:42:02Z
1711,95QstTFldcE,Select Board 02.21.23,https://www.youtube.com/watch?v=95QstTFldcE,,6884,421,2026-09-08T16:42:02Z
1712,kv75jz3lKYA,LHS Boys Varsity Basketball vs D. Prouty 02.20.23,https://www.youtube.com/watch?v=kv75jz3lKYA,,2539,58,2026-09-08T16:42:02Z
1713,UeYi8Yt18FA,LHS Boys Varsity Basketball vs Sutton HS 02.18.23,https://www.youtube.com/watch?v=UeYi8Yt18FA,,3485,186,2026-09-08T16:42:02Z
1714,CRLse0oTxZ8,"Lunenburg Storytime - The Books We Love, Season 3 Episode 7",https://www.youtube.com/watch?v=CRLse0oTxZ8,,1362,49,2026-09-08T16:42:02Z
1715,G_gNfRE8my4,Finance Committee 02.16.23,https://www.youtube.com/watch?v=G_gNfRE8my4,,5079,102,2026-09-08T16:42:02Z
1716,eTn3p7zsfMc,School Committee 02.15.23,https://www.youtube.com/watch?v=eTn3p7zsfMc,,11922,124,2026-09-08T16:42:02Z
1717,H0LW4qrid-c,LHS Boys Varsity Basketball vs Hudson HS 02.14.23,https://www.youtube.com/watch?v=H0LW4qrid-c,,2898,51,2026-09-08T16:42:02Z
1718,kYdemkJaOQY,Conservation Commission 02.15.23,https://www.youtube.com/watch?v=kYdemkJaOQY,,1407,47,2026-09-08T16:42:02Z
1719,GthNkBgGA50,Sewer Commission 02.14.23,https://www.youtube.com/watch?v=GthNkBgGA50,,2720,29,2026-09-08T16:42:02Z
1720,jUeKVCRHA5g,LHS Girls Varsity Basketball vs Littleton HS 02.09.23,https://www.youtube.com/watch?v=jUeKVCRHA5g,,4276,76,2026-09-08T16:42:02Z
1721,ZTyQdj9njms,Capital Planning Committee 02.13.23,https://www.youtube.com/watch?v=ZTyQdj9njms,,2895,42,2026-09-08T16:42:02Z
1722,G1RxfM_M688,Planning Board 02.13.23,https://www.youtube.com/watch?v=G1RxfM_M688,,7524,62,2026-09-08T16:42:02Z
1723,ztIh7mCcWBQ,Water District 02.08.23,https://www.youtube.com/watch?v=ztIh7mCcWBQ,,3336,87,2026-09-08T16:42:02Z
1724,olcG99iRSew,Finance Committee 02.09.23,https://www.youtube.com/watch?v=olcG99iRSew,,4369,71,2026-09-08T16:42:02Z
1725,2JFZvl376X0,Open Space Committee 02.08.23,https://www.youtube.com/watch?v=2JFZvl376X0,,3487,57,2026-09-08T16:42:02Z
1726,qnK7MpFapCg,LHS Girl's Varsity Basketball Interviews,https://www.youtube.com/watch?v=qnK7MpFapCg,,428,176,2026-09-08T16:42:02Z
1727,0tObOP9QnZg,Zoning Board of Appeals 02.08.23,https://www.youtube.com/watch?v=0tObOP9QnZg,,4168,91,2026-09-08T16:42:02Z
1728,ub8VPJS7cvU,Sewer Commission 02.07.23,https://www.youtube.com/watch?v=ub8VPJS7cvU,,5330,30,2026-09-08T16:42:02Z
1729,K-XlEX5ATGQ,Lunenburg Municipal Building Design Committee 02.06.23,https://www.youtube.com/watch?v=K-XlEX5ATGQ,,961,26,2026-09-08T16:42:02Z
1730,U_lApSU6ch8,LHS Boys Varsity Basketball vs Clinton 02.07.23,https://www.youtube.com/watch?v=U_lApSU6ch8,,3100,164,2026-09-08T16:42:02Z
1731,zBOI0G0HSKQ,Select Board 02.07.23,https://www.youtube.com/watch?v=zBOI0G0HSKQ,,9160,221,2026-09-08T16:42:02Z
1732,ZnhFRnn2jQc,LHS Girls Varsity Basketball vs Quabbin HS 02.03.23,https://www.youtube.com/watch?v=ZnhFRnn2jQc,,4525,75,2026-09-08T16:42:02Z
1733,aim8jxo6IEk,LHS Boys Varsity Basketball vs Ayer Shirley HS 02.01.23,https://www.youtube.com/watch?v=aim8jxo6IEk,,3459,640,2026-09-08T16:42:02Z
1734,vxIXejMvzK4,PAC 02.06.23,https://www.youtube.com/watch?v=vxIXejMvzK4,,7549,23,2026-09-08T16:42:02Z
1735,UZzkAaY8LyA,Personnel Committee Meeting 02.06.23,https://www.youtube.com/watch?v=UZzkAaY8LyA,,3300,38,2026-09-08T16:42:02Z
1736,2FPZC8KUWNc,Russian Icons Nesting Dolls - Lunenburg Library 02.01.23,https://www.youtube.com/watch?v=2FPZC8KUWNc,,1985,21,2026-09-08T16:42:02Z
1737,_gZnL0ZnlCY,LHS Girls Basketball vs Ayer HS 02.01.23 - Gen Nass Memorial,https://www.youtube.com/watch?v=_gZnL0ZnlCY,,3935,39,2026-09-08T16:42:02Z
1738,5S0E3Rrftvg,"Talkin' Baseball - Bye, Bye COVID, Season 9 Episode 1",https://www.youtube.com/watch?v=5S0E3Rrftvg,,3537,50,2026-09-08T16:42:02Z
1739,VFKxqaRoM6Y,Conservation Commission 02.01.23,https://www.youtube.com/watch?v=VFKxqaRoM6Y,,5049,50,2026-09-08T16:42:02Z
1740,ooza8aUfPo0,"Lunenburg Storytime - The Books We Love, Season 3 Episode 6",https://www.youtube.com/watch?v=ooza8aUfPo0,,2169,83,2026-09-08T16:42:02Z
1741,XbNndKEfgho,School Committee 02.01.23,https://www.youtube.com/watch?v=XbNndKEfgho,,14283,143,2026-09-08T16:42:02Z
1742,04TTT2N6FbY,LHS Boys Varsity Basketball vsTyngsboro 01.31.23,https://www.youtube.com/watch?v=04TTT2N6FbY,,2808,65,2026-09-08T16:42:02Z
1743,CQsVUSFmSzw,Select Board 01.31.23,https://www.youtube.com/watch?v=CQsVUSFmSzw,,10888,191,2026-09-08T16:42:02Z
1744,LzO94o33VvM,Sewer Commission 01.31.23,https://www.youtube.com/watch?v=LzO94o33VvM,,3692,22,2026-09-08T16:42:02Z
1745,fECORowQCt8,Board of Assessors 01.31.23,https://www.youtube.com/watch?v=fECORowQCt8,,4376,254,2026-09-08T16:42:02Z
1746,SnDoyEtgC6Y,LHS Boys Basketball Ball vs Maynard HS 01.27.23,https://www.youtube.com/watch?v=SnDoyEtgC6Y,,3592,124,2026-09-08T16:42:02Z
1747,sLabjGOnK28,LHS Boys Varsity Basketball vs Hudson HS 01.20.23,https://www.youtube.com/watch?v=sLabjGOnK28,,3131,24,2026-09-08T16:42:02Z
1748,f3mPfSY148c,Finance Committee 01.26.23,https://www.youtube.com/watch?v=f3mPfSY148c,,4849,67,2026-09-08T16:42:02Z
1749,1x9uu7lGIts,Water District 01.25.23,https://www.youtube.com/watch?v=1x9uu7lGIts,,4525,39,2026-09-08T16:42:02Z
1750,6C0allU7Wlw,Zoning Board of Appeals 01.25.23,https://www.youtube.com/watch?v=6C0allU7Wlw,,6956,89,2026-09-08T16:42:02Z
1751,kp0VKMqhrNk,Select Board 01.24.23,https://www.youtube.com/watch?v=kp0VKMqhrNk,,856,235,2026-09-08T16:42:02Z
1752,EnQfoSyPDM4,Lunenburg Select Board at LMHS - FY23 Property Tax Assessments 01.17.23 [DATE CORRECTED],https://www.youtube.com/watch?v=EnQfoSyPDM4,,12801,326,2026-09-08T16:42:02Z
1753,r-K4E2_YKAE,Conservation Commission 01.18.23,https://www.youtube.com/watch?v=r-K4E2_YKAE,,10101,70,2026-09-08T16:42:02Z
1754,pSVPNkYi8vA,School Committee 01.18.23,https://www.youtube.com/watch?v=pSVPNkYi8vA,,4913,56,2026-09-08T16:42:02Z
1755,lh4gniGlkl4,Select Board at LMHS - Property Tax Assessments 01.17.23,https://www.youtube.com/watch?v=lh4gniGlkl4,,12801,1300,2026-09-08T16:42:02Z
1756,tPOow64a14o,Select Board 01.17.23,https://www.youtube.com/watch?v=tPOow64a14o,,2523,283,2026-09-08T16:42:02Z
1757,sJtKEXH5uVg,LHS Boys Varsity Basketball vs Littleton HS 01.13.22,https://www.youtube.com/watch?v=sJtKEXH5uVg,,2872,257,2026-09-08T16:42:02Z
1758,DuC3g7IMNAg,Lunenburg Municipal Building Design Committee 01.12.23,https://www.youtube.com/watch?v=DuC3g7IMNAg,,2458,54,2026-09-08T16:42:02Z
1759,Mz3Ww2E893I,Finance Committee 01.12.23,https://www.youtube.com/watch?v=Mz3Ww2E893I,,3042,76,2026-09-08T16:42:02Z
1760,QiK81uHGclc,Open Space Committee 01.11.23,https://www.youtube.com/watch?v=QiK81uHGclc,,4810,51,2026-09-08T16:42:02Z
1761,HN9EbW0Onl4,Water District 01.11.23,https://www.youtube.com/watch?v=HN9EbW0Onl4,,4876,73,2026-09-08T16:42:02Z
1762,KL1jXmZgHbs,Zoning Board of Appeals 01.11.23,https://www.youtube.com/watch?v=KL1jXmZgHbs,,9106,73,2026-09-08T16:42:02Z
1763,uU-HZj3Byco,LHS Boys Varsity Basketball vs Quabbin 01.10.23,https://www.youtube.com/watch?v=uU-HZj3Byco,,2794,55,2026-09-08T16:42:02Z
1764,IihrcRkqYEo,Select Board 01.10.23,https://www.youtube.com/watch?v=IihrcRkqYEo,,10590,1000,2026-09-08T16:42:02Z
1765,SNpvMt0qzPM,Sewer  Commission 01.10.23,https://www.youtube.com/watch?v=SNpvMt0qzPM,,4080,37,2026-09-08T16:42:02Z
1766,j0k_Ycm3c9w,Planning Board 01.09.23,https://www.youtube.com/watch?v=j0k_Ycm3c9w,,8359,175,2026-09-08T16:42:02Z
1767,WgKvxmCbqpM,PACC 01.09.23,https://www.youtube.com/watch?v=WgKvxmCbqpM,,4047,44,2026-09-08T16:42:02Z
1768,l94AUerRzV4,Personnel Committee 01.09.23,https://www.youtube.com/watch?v=l94AUerRzV4,,2504,39,2026-09-08T16:42:02Z
1769,dGRjCkC0XiE,Architectural Preservation District Committee 01.05.23,https://www.youtube.com/watch?v=dGRjCkC0XiE,,4203,50,2026-09-08T16:42:02Z
1770,LwHD6K-fano,LHS Girls Varsity BB vs Maynard HS 12 20 22,https://www.youtube.com/watch?v=LwHD6K-fano,,5002,125,2026-09-08T16:42:02Z
1771,yeFjHIirO9Q,LHS Boys Varsity Basketball vs N. Middlesex HS 01.04.23,https://www.youtube.com/watch?v=yeFjHIirO9Q,,3189,78,2026-09-08T16:42:02Z
1772,132F-jXSJhM,Conservation Commission 01.04.23,https://www.youtube.com/watch?v=132F-jXSJhM,,6753,107,2026-09-08T16:42:02Z
1773,JnHgjxK6_Dc,School Committee 01.04.23,https://www.youtube.com/watch?v=JnHgjxK6_Dc,,12378,128,2026-09-08T16:42:02Z
1774,iKm4ng-zJVY,Water District 01.04.23,https://www.youtube.com/watch?v=iKm4ng-zJVY,,6548,326,2026-09-08T16:42:02Z
1775,CYJr7pP6mpY,Select Board 01.03.23,https://www.youtube.com/watch?v=CYJr7pP6mpY,,4769,526,2026-09-08T16:42:02Z
1776,ssfodNxfs4E,LHS GIrls Varsity Basketball vs Oakmont 12.27.22,https://www.youtube.com/watch?v=ssfodNxfs4E,,4312,283,2026-09-08T16:42:02Z
1777,txSHgkxAlcE,Capital Planning 12.28.22,https://www.youtube.com/watch?v=txSHgkxAlcE,,1521,38,2026-09-08T16:42:02Z
1778,6crpFMpEp0c,Conservation Commission 12.21.22,https://www.youtube.com/watch?v=6crpFMpEp0c,,6102,48,2026-09-08T16:42:02Z
1779,545fYXuxUKI,LHS Boys Basketball vs Maynard 12.20.22,https://www.youtube.com/watch?v=545fYXuxUKI,,3402,157,2026-09-08T16:42:02Z
1780,SZ7HtPfqChk,Select Board 12.20.22,https://www.youtube.com/watch?v=SZ7HtPfqChk,,6935,83,2026-09-08T16:42:02Z
1781,NXRntXMtb8U,"Lunenburg Storytime - The Books We Love, Season 3 Episode 5",https://www.youtube.com/watch?v=NXRntXMtb8U,,2158,34,2026-09-08T16:42:02Z
1782,EBJrxpV6LmI,Lunenburg Municipal Building Design Committee 12.19.22,https://www.youtube.com/watch?v=EBJrxpV6LmI,,4402,27,2026-09-08T16:42:02Z
1783,oPxHQO0ZFtM,Capital Planning Committee 12.14.22,https://www.youtube.com/watch?v=oPxHQO0ZFtM,,5242,75,2026-09-08T16:42:02Z
1784,SlprUipk_K8,Water District 12.14.22,https://www.youtube.com/watch?v=SlprUipk_K8,,5373,75,2026-09-08T16:42:02Z
1785,UqKzsxWCnOo,Conservation  Commission 12.07.22,https://www.youtube.com/watch?v=UqKzsxWCnOo,,7778,62,2026-09-08T16:42:02Z
1786,u_-HtB82u7A,Green Community Task Force 12.08.22,https://www.youtube.com/watch?v=u_-HtB82u7A,,3969,8,2026-09-08T16:42:02Z
1787,mk6g4PT8X14,Parks Commission 12.14.22,https://www.youtube.com/watch?v=mk6g4PT8X14,,9394,37,2026-09-08T16:42:02Z
1788,6n850WRH4m8,Zoning Board of Appeals 12.14.22,https://www.youtube.com/watch?v=6n850WRH4m8,,797,44,2026-09-08T16:42:02Z
1789,Ftf2beTcFhw,LHS Boys Varsity Basketball vs. MontyTech 12.12.22,https://www.youtube.com/watch?v=Ftf2beTcFhw,,4258,70,2026-09-08T16:42:02Z
1790,6jNx35-m9-Q,Sewer Commission 12.13.22,https://www.youtube.com/watch?v=6jNx35-m9-Q,,3311,16,2026-09-08T16:42:02Z
1791,7WsTn3VNxN0,Select Board 12.13.22,https://www.youtube.com/watch?v=7WsTn3VNxN0,,9509,116,2026-09-08T16:42:02Z
1792,ScUBpd9urKE,Boston Post Cane Ceremony - Eagle House 12.12.22,https://www.youtube.com/watch?v=ScUBpd9urKE,,758,62,2026-09-08T16:42:02Z
1793,W-O4Wv1bsxA,Planning Board 12.12.22,https://www.youtube.com/watch?v=W-O4Wv1bsxA,,3613,23,2026-09-08T16:42:02Z
1794,cM8o1TaOIUY,School Committee 12.07.22,https://www.youtube.com/watch?v=cM8o1TaOIUY,,11317,88,2026-09-08T16:42:02Z
1795,4AlNkC8iV_A,Select Board12.06.22,https://www.youtube.com/watch?v=4AlNkC8iV_A,,5749,105,2026-09-08T16:42:02Z
1796,qwq3dSK768w,Finance Committee 11.10.22,https://www.youtube.com/watch?v=qwq3dSK768w,,2926,20,2026-09-08T16:42:02Z
1797,9sOU_AO8kjc,Capital Planning Committee 11.30.22,https://www.youtube.com/watch?v=9sOU_AO8kjc,,6531,17,2026-09-08T16:42:02Z
1798,3DtWeBgX5tE,Capital Planning Committee 12.05.22,https://www.youtube.com/watch?v=3DtWeBgX5tE,,5457,26,2026-09-08T16:42:02Z
1799,aa3vuY2HSK0,Personnel Committee 12.05.22,https://www.youtube.com/watch?v=aa3vuY2HSK0,,459,14,2026-09-08T16:42:02Z
1800,vPmumvBaqtE,PACC 12.05.22,https://www.youtube.com/watch?v=vPmumvBaqtE,,2694,7,2026-09-08T16:42:02Z
1801,oKlbfEJ5qOQ,"Lunenburg Storytime - The Books We Love, Season 3 Episode 4",https://www.youtube.com/watch?v=oKlbfEJ5qOQ,,2813,46,2026-09-08T16:42:02Z
1802,AR9Iv5AnQhs,School Committee 11.02.22,https://www.youtube.com/watch?v=AR9Iv5AnQhs,,6924,43,2026-09-08T16:42:02Z
1803,3qa8goWDWbE,Water District 11.30.22,https://www.youtube.com/watch?v=3qa8goWDWbE,,5397,88,2026-09-08T16:42:02Z
1804,Gccxlvb1OyI,Storm Water Task Force 11.17.22,https://www.youtube.com/watch?v=Gccxlvb1OyI,,869,14,2026-09-08T16:42:02Z
1805,dZtV-sOgDZM,Capital Planning Committee 11.21.22,https://www.youtube.com/watch?v=dZtV-sOgDZM,,6052,39,2026-09-08T16:42:02Z
1806,ymumPEdVnbs,Sewer Commission 11.29.22,https://www.youtube.com/watch?v=ymumPEdVnbs,,5541,35,2026-09-08T16:42:02Z
1807,CEyfRCLUmqw,Planning Board 11.28.22,https://www.youtube.com/watch?v=CEyfRCLUmqw,,9610,30,2026-09-08T16:42:02Z
1808,l4Oq2a8vXWg,Water District 11.16.22,https://www.youtube.com/watch?v=l4Oq2a8vXWg,,3150,38,2026-09-08T16:42:02Z
1809,HGnL6zrnJZ0,Lunenburg Recycling Update,https://www.youtube.com/watch?v=HGnL6zrnJZ0,,336,331,2026-09-08T16:42:02Z
1810,O1ZiYA4DN7c,Parks Commission 11.16.22,https://www.youtube.com/watch?v=O1ZiYA4DN7c,,6416,110,2026-09-08T16:42:02Z
1811,GokzpCzPLuw,School Committee 11.16.22,https://www.youtube.com/watch?v=GokzpCzPLuw,,9285,51,2026-09-08T16:42:02Z
1812,lKD5-EcsZHM,Conservation Commission 11.16.22,https://www.youtube.com/watch?v=lKD5-EcsZHM,,6041,47,2026-09-08T16:42:02Z
1813,2Mm0Wn4G_kA,Special Town Meeting 11.15.22,https://www.youtube.com/watch?v=2Mm0Wn4G_kA,,13433,165,2026-09-08T16:42:02Z
1814,vTO5XVILsfM,Planning Board 11.14.22,https://www.youtube.com/watch?v=vTO5XVILsfM,,4682,19,2026-09-08T16:42:02Z
1815,6QbeRcCOHhg,Community Foudation of North Central MA Check Presentation to the Lunenburg Skate Park 11.10.22,https://www.youtube.com/watch?v=6QbeRcCOHhg,,243,62,2026-09-08T16:42:02Z
1816,KiKQe-wQMV0,Water District 11.09.22,https://www.youtube.com/watch?v=KiKQe-wQMV0,,2923,41,2026-09-08T16:42:02Z
1817,3quxwv-W0xs,Capital Planning Committee 11.09.22,https://www.youtube.com/watch?v=3quxwv-W0xs,,9819,62,2026-09-08T16:42:02Z
1818,Ed23QMrO2uk,Zoning Board of Appeals 11.09.22,https://www.youtube.com/watch?v=Ed23QMrO2uk,,5861,77,2026-09-08T16:42:02Z
1819,FttelAnTqOM,Lunenburg Skate Park Update - November2022,https://www.youtube.com/watch?v=FttelAnTqOM,,119,63,2026-09-08T16:42:02Z
1820,fMSFNV0Bs0k,Sewer Commission 11.08.22,https://www.youtube.com/watch?v=fMSFNV0Bs0k,,1976,16,2026-09-08T16:42:02Z
1821,bXcj4Dqe2lU,Select Board 11.08.22,https://www.youtube.com/watch?v=bXcj4Dqe2lU,,11587,740,2026-09-08T16:42:02Z
1822,x9pMqxj34C4,"""Peak Peek""",https://www.youtube.com/watch?v=x9pMqxj34C4,,358,21,2026-09-08T16:42:02Z
1823,Y7R3BUz7ceI,Lunenburg Waste Pickup and Recycling Program PSA,https://www.youtube.com/watch?v=Y7R3BUz7ceI,,331,163,2026-09-08T16:42:02Z
1824,UuCZTTYVUwI,Capital Planning 11.07.22,https://www.youtube.com/watch?v=UuCZTTYVUwI,,6467,35,2026-09-08T16:42:02Z
1825,Px60qLbWQks,Personnel Committee 11.07.22,https://www.youtube.com/watch?v=Px60qLbWQks,,2259,18,2026-09-08T16:42:02Z
1826,_1CKFSAEUGo,PACC 11.07.22,https://www.youtube.com/watch?v=_1CKFSAEUGo,,3494,18,2026-09-08T16:42:02Z
1827,17VlKpPQsg4,"Lunenburg Storytime - The Books We Love, Season 3 Episode 3",https://www.youtube.com/watch?v=17VlKpPQsg4,,2713,81,2026-09-08T16:42:02Z
1828,9usOUIT4Bho,ConservationCommission110222,https://www.youtube.com/watch?v=9usOUIT4Bho,,8119,72,2026-09-08T16:42:02Z
1829,xMowisHxS0o,Select Board 11.01.22,https://www.youtube.com/watch?v=xMowisHxS0o,,8419,119,2026-09-08T16:42:02Z
1830,Z2bD3vffwBQ,Parks Commission 10.26.22,https://www.youtube.com/watch?v=Z2bD3vffwBQ,,7039,23,2026-09-08T16:42:02Z
1831,1E6f24kIwNI,Shrieks and Krieks - Boys and Girls Club 2022,https://www.youtube.com/watch?v=1E6f24kIwNI,,312,36,2026-09-08T16:42:02Z
1832,ku2qEI2uOHA,Eagle House Volunteer Appreciation and Legislative Breakfast 10.31.22,https://www.youtube.com/watch?v=ku2qEI2uOHA,,1272,18,2026-09-08T16:42:02Z
1833,JagVG8xsw0M,LHS Homecoming Parade 10.29.22,https://www.youtube.com/watch?v=JagVG8xsw0M,,1490,462,2026-09-08T16:42:02Z
1834,TZd98jtXAxA,Capital Planning Committee 10.26.22,https://www.youtube.com/watch?v=TZd98jtXAxA,,7213,37,2026-09-08T16:42:02Z
1835,D3V_P5wr9hs,LHS Homecoming Football vs. Tyngsboro HS 10.29.22,https://www.youtube.com/watch?v=D3V_P5wr9hs,,10316,709,2026-09-08T16:42:02Z
1836,7jVB15TXrd8,Third Congressional Debate,https://www.youtube.com/watch?v=7jVB15TXrd8,,3385,24,2026-09-08T16:42:02Z
1837,ET48d5viAUA,Water District 10 26 22,https://www.youtube.com/watch?v=ET48d5viAUA,,4234,150,2026-09-08T16:42:02Z
1838,mlz6ac_xOY8,Finance Committee 10.27.22,https://www.youtube.com/watch?v=mlz6ac_xOY8,,6865,34,2026-09-08T16:42:02Z
1839,6C7mGIOS7Qg,"Talkin' Baseball - Eckersley, S8 Ep10",https://www.youtube.com/watch?v=6C7mGIOS7Qg,,3550,45,2026-09-08T16:42:02Z
1840,mdaLEyVWjNg,Eagle House Annual High Tea 10.24.22,https://www.youtube.com/watch?v=mdaLEyVWjNg,,1628,55,2026-09-08T16:42:02Z
1841,j2Hg-G2h-G0,Zoning Board of Appeals 10.26.22,https://www.youtube.com/watch?v=j2Hg-G2h-G0,,4288,48,2026-09-08T16:42:02Z
1842,F9L6IJojLfg,Green Community Task Force 10.19.22,https://www.youtube.com/watch?v=F9L6IJojLfg,,3341,13,2026-09-08T16:42:02Z
1843,xMFMC22jZD0,Sewer Commission 10.25.22,https://www.youtube.com/watch?v=xMFMC22jZD0,,2716,12,2026-09-08T16:42:02Z
1844,DWL2hDv1F9o,Planning Board 10.24.22,https://www.youtube.com/watch?v=DWL2hDv1F9o,,10119,42,2026-09-08T16:42:02Z
1845,bEeDhbfKTAk,1st Middlesex District Candidate's Forum   10.21.22,https://www.youtube.com/watch?v=bEeDhbfKTAk,,4259,49,2026-09-08T16:42:02Z
1846,xvd0TLk0dT0,Parks Commission 09.28.22,https://www.youtube.com/watch?v=xvd0TLk0dT0,,3287,13,2026-09-08T16:42:02Z
1847,nmSMK8Yhy08,School Committee 10.19.22,https://www.youtube.com/watch?v=nmSMK8Yhy08,,12882,89,2026-09-08T16:42:02Z
1848,Aw1AjcfAedo,Water District 10.19.22,https://www.youtube.com/watch?v=Aw1AjcfAedo,,5412,1800,2026-09-08T16:42:02Z
1849,yR7ZLiDTlVw,Conservation Commission 10.19.22,https://www.youtube.com/watch?v=yR7ZLiDTlVw,,5897,80,2026-09-08T16:42:02Z
1850,GMA3puYMcow,Select Board 10.18.22,https://www.youtube.com/watch?v=GMA3puYMcow,,10827,69,2026-09-08T16:42:02Z
1851,VkE_rx6437k,Capital Planning 10.17.22,https://www.youtube.com/watch?v=VkE_rx6437k,,4436,31,2026-09-08T16:42:02Z
1852,g3ywHgnFGf8,LHS FOOTBALL vs CLINTON HS 10.14.22,https://www.youtube.com/watch?v=g3ywHgnFGf8,,7605,180,2026-09-08T16:42:02Z
1853,fGKNArAJBT8,Water District 10.12.22,https://www.youtube.com/watch?v=fGKNArAJBT8,,1054,45,2026-09-08T16:42:02Z
1854,mpKWLgm1S2I,"Lunenburg Storytime - The Books We Love, Season 3 Episode 2",https://www.youtube.com/watch?v=mpKWLgm1S2I,,2392,18,2026-09-08T16:42:02Z
1855,HC6Fplo95Q0,Finance Committee 10.13.22,https://www.youtube.com/watch?v=HC6Fplo95Q0,,8941,27,2026-09-08T16:42:02Z
1856,yv-WlFafkic,Zoning Board of Appeals 10.12.22,https://www.youtube.com/watch?v=yv-WlFafkic,,10766,97,2026-09-08T16:42:02Z
1857,LpOVPzsNwdc,Sewer Commission 10.11.22,https://www.youtube.com/watch?v=LpOVPzsNwdc,,2943,40,2026-09-08T16:42:02Z
1858,Af3VExFvzLg,Select Board 10.11.22,https://www.youtube.com/watch?v=Af3VExFvzLg,,12001,100,2026-09-08T16:42:02Z
1859,iZ38Q5cGgBE,Carlos Odria Concert - Lunenburg Library 09.29.22,https://www.youtube.com/watch?v=iZ38Q5cGgBE,,3774,20,2026-09-08T16:42:02Z
1860,pJRJUAKzywE,Lunenburg Skate Park Update 10.06.22,https://www.youtube.com/watch?v=pJRJUAKzywE,,90,58,2026-09-08T16:42:02Z
1861,0GtNcHOIARA,Conservation Commission 10.05.22,https://www.youtube.com/watch?v=0GtNcHOIARA,,9611,50,2026-09-08T16:42:02Z
1862,3m1Xvj_XYOo,School Committee 10.05.22,https://www.youtube.com/watch?v=3m1Xvj_XYOo,,8493,61,2026-09-08T16:42:02Z
1863,X05Axtv751M,Select Board 10.04.22,https://www.youtube.com/watch?v=X05Axtv751M,,10507,101,2026-09-08T16:42:02Z
1864,t2pI_l3ItgY,PACC 10.03.22,https://www.youtube.com/watch?v=t2pI_l3ItgY,,2704,13,2026-09-08T16:42:02Z
1865,n3tLDaLAU8I,Lunenburg Municipal Building Design Committee 10.03.22,https://www.youtube.com/watch?v=n3tLDaLAU8I,,4700,31,2026-09-08T16:42:02Z
1866,q6hUvKBRkok,Water District 09.28.22,https://www.youtube.com/watch?v=q6hUvKBRkok,,4466,28,2026-09-08T16:42:02Z
1867,l7zHJoK2bUE,LHS Football vs Littleton 09.30.22,https://www.youtube.com/watch?v=l7zHJoK2bUE,,5357,130,2026-09-08T16:42:02Z
1868,7BREOgf6gBI,Finance Committee 09.29.22,https://www.youtube.com/watch?v=7BREOgf6gBI,,6639,72,2026-09-08T16:42:02Z
1869,ML-GqnyShr4,"Talkin Baseball - Rule Changes, Season 8 Episode 9",https://www.youtube.com/watch?v=ML-GqnyShr4,,3576,14,2026-09-08T16:42:02Z
1870,fmHfcUlnR9A,Lunenburg Covid Update - September 2022,https://www.youtube.com/watch?v=fmHfcUlnR9A,,937,20,2026-09-08T16:42:02Z
1871,GW4XkPKCZW8,Zoning Board of Appeals 09.28.22,https://www.youtube.com/watch?v=GW4XkPKCZW8,,7630,37,2026-09-08T16:42:02Z
1872,kdcEqVLjFCk,Sewer Commission 09.27.22,https://www.youtube.com/watch?v=kdcEqVLjFCk,,3411,14,2026-09-08T16:42:02Z
1873,Xpn6k-yos4Y,Capital Planning Committee 09.26.22,https://www.youtube.com/watch?v=Xpn6k-yos4Y,,1917,22,2026-09-08T16:42:02Z
1874,CBkAnpqOHJA,Planning Board 09.26.22,https://www.youtube.com/watch?v=CBkAnpqOHJA,,15779,33,2026-09-08T16:42:02Z
1875,J3anHJHoC9o,Personnel Committee 09.26.22,https://www.youtube.com/watch?v=J3anHJHoC9o,,970,15,2026-09-08T16:42:02Z
1876,LhdqyE4ayWY,Green Community Task Force 09.26.22,https://www.youtube.com/watch?v=LhdqyE4ayWY,,6538,10,2026-09-08T16:42:02Z
1877,Wdfi_MU_CfU,LHS Football vs Ayer Shirley HS 09.23.22,https://www.youtube.com/watch?v=Wdfi_MU_CfU,,7801,533,2026-09-08T16:42:02Z
1878,nuXHsi3ALp8,Saint Boniface Octoberfest 2022,https://www.youtube.com/watch?v=nuXHsi3ALp8,,499,22,2026-09-08T16:42:02Z
1879,Jb8PQYctADU,School Committee 09.21.22,https://www.youtube.com/watch?v=Jb8PQYctADU,,13250,68,2026-09-08T16:42:02Z
1880,hkBwi5o0Vac,Conservation Commission 09.21.22,https://www.youtube.com/watch?v=hkBwi5o0Vac,,7214,50,2026-09-08T16:42:02Z
1881,tueMqhBF6n8,"Lunenburg Storytime - The Books We Love,  Season 3 Episode 1",https://www.youtube.com/watch?v=tueMqhBF6n8,,1956,33,2026-09-08T16:42:02Z
1882,tQdRbe4YLUc,Select Board 09.20.22,https://www.youtube.com/watch?v=tQdRbe4YLUc,,9598,109,2026-09-08T16:42:02Z
1883,gReSeDME4MQ,LHS Knights vs Panthers Football 09.16.22,https://www.youtube.com/watch?v=gReSeDME4MQ,,3393,131,2026-09-08T16:42:02Z
1884,kWeUVXqj8u0,Water District 09.14.22,https://www.youtube.com/watch?v=kWeUVXqj8u0,,4130,51,2026-09-08T16:42:02Z
1885,DUq6UA_WMt8,Finance Committee 09.15.22,https://www.youtube.com/watch?v=DUq6UA_WMt8,,3129,33,2026-09-08T16:42:02Z
1886,5NtT9u43KVU,Parks Commission 09.14.22,https://www.youtube.com/watch?v=5NtT9u43KVU,,11163,42,2026-09-08T16:42:02Z
1887,ZZ_MjjWjMEI,Zoning Board of Appeals 09.14.22,https://www.youtube.com/watch?v=ZZ_MjjWjMEI,,6219,129,2026-09-08T16:42:02Z
1888,UvXxwSg3Wjs,Sewer Commission 09.13.22 Part2,https://www.youtube.com/watch?v=UvXxwSg3Wjs,,5682,21,2026-09-08T16:42:02Z
1889,QsTON_jZmYE,Sewer Commission 09.13.22 Part1,https://www.youtube.com/watch?v=QsTON_jZmYE,,928,15,2026-09-08T16:42:02Z
1890,IwQt_f2obyU,Select Board 09.13.22,https://www.youtube.com/watch?v=IwQt_f2obyU,,9511,179,2026-09-08T16:42:02Z
1891,DzftGiZXpxA,Open Space Committee 09.08.22,https://www.youtube.com/watch?v=DzftGiZXpxA,,2185,16,2026-09-08T16:42:02Z
1892,BmWgbdYkixc,Conservation Commission 09.07.22,https://www.youtube.com/watch?v=BmWgbdYkixc,,11100,50,2026-09-08T16:42:02Z
1893,Z7PY-s9xo64,Personnel Committee 09.12.22,https://www.youtube.com/watch?v=Z7PY-s9xo64,,1438,15,2026-09-08T16:42:02Z
1894,Jnk9VPGV0A4,Personnel Committee 09.01.22,https://www.youtube.com/watch?v=Jnk9VPGV0A4,,560,16,2026-09-08T16:42:02Z
1895,_DM1xnctyIM,Planning Board 09.12.22,https://www.youtube.com/watch?v=_DM1xnctyIM,,6756,32,2026-09-08T16:42:02Z
1896,knLST-n-ts4,School Commitee 09.07.22,https://www.youtube.com/watch?v=knLST-n-ts4,,11544,63,2026-09-08T16:42:02Z
1897,vD14gmkTnlM,Select Board 09.06.22,https://www.youtube.com/watch?v=vD14gmkTnlM,,5998,134,2026-09-08T16:42:02Z
1898,gBN0VIU8qzY,New Whalom Cooperative Presentation - Lunenburg Library 09.01.22,https://www.youtube.com/watch?v=gBN0VIU8qzY,,3719,174,2026-09-08T16:42:02Z
1899,uEZxMoVzs28,"Talkin Baseball - Big Papi, S8 Ep8",https://www.youtube.com/watch?v=uEZxMoVzs28,,3603,23,2026-09-08T16:42:02Z
1900,RWhw7yqXjjk,School Committee 08.31.22,https://www.youtube.com/watch?v=RWhw7yqXjjk,,9616,77,2026-09-08T16:42:02Z
1901,H6Zpc9q4esw,Sewer Commission 08.30.22,https://www.youtube.com/watch?v=H6Zpc9q4esw,,3704,38,2026-09-08T16:42:02Z
1902,l_IJGYtOaV0,Lunenburg Municipal Building Design Committee (LMBDC) 08.29.22,https://www.youtube.com/watch?v=l_IJGYtOaV0,,6527,41,2026-09-08T16:42:02Z
1903,puhvCDf_4gU,"Lunenburg Storytime - The Books We Love, Season 2 Episode 18",https://www.youtube.com/watch?v=puhvCDf_4gU,,2349,23,2026-09-08T16:42:02Z
1904,RO3mZ0V8uk8,Finance Committee 08.25.22,https://www.youtube.com/watch?v=RO3mZ0V8uk8,,5229,23,2026-09-08T16:42:02Z
1905,ADmIAgTjV5w,Water District 08.23.22,https://www.youtube.com/watch?v=ADmIAgTjV5w,,5414,63,2026-09-08T16:42:02Z
1906,TSiumO-f0Qo,School Committee 08.24.22,https://www.youtube.com/watch?v=TSiumO-f0Qo,,8247,76,2026-09-08T16:42:02Z
1907,RDUTkgYCXmw,Band Concert 8.15.22,https://www.youtube.com/watch?v=RDUTkgYCXmw,,4684,13,2026-09-08T16:42:02Z
1908,3DFVcqKozSg,Select Board 08.23.22,https://www.youtube.com/watch?v=3DFVcqKozSg,,8431,120,2026-09-08T16:42:02Z
1909,Q4PyGKeoxL8,Planning Board 08.22.22,https://www.youtube.com/watch?v=Q4PyGKeoxL8,,5526,38,2026-09-08T16:42:02Z
1910,dtqOCqsSVtE,Parks Commission 08.17.22,https://www.youtube.com/watch?v=dtqOCqsSVtE,,7029,72,2026-09-08T16:42:02Z
1911,znFqu0KxKF4,Finance Committee 08.18.22,https://www.youtube.com/watch?v=znFqu0KxKF4,,4717,34,2026-09-08T16:42:02Z
1912,qk1namMo_HQ,Conservation Commission 08.17.22,https://www.youtube.com/watch?v=qk1namMo_HQ,,9692,68,2026-09-08T16:42:02Z
1913,2Ms-h081Kig,Select Board 08.16.22,https://www.youtube.com/watch?v=2Ms-h081Kig,,9032,107,2026-09-08T16:42:02Z
1914,ilS2kZXx6oo,Personnel Committee 08.15.22,https://www.youtube.com/watch?v=ilS2kZXx6oo,,1127,27,2026-09-08T16:42:02Z
1915,aKYNHFp3o6k,Green Community Task  Force 08.11.22,https://www.youtube.com/watch?v=aKYNHFp3o6k,,4556,14,2026-09-08T16:42:02Z
1916,r8HOC_2vt4U,Open Space Committee 08.11.22,https://www.youtube.com/watch?v=r8HOC_2vt4U,,2448,20,2026-09-08T16:42:02Z
1917,yYpsBgUHl-w,Water District 08.10.22,https://www.youtube.com/watch?v=yYpsBgUHl-w,,1195,37,2026-09-08T16:42:02Z
1918,BjkjFX2xpyM,"Lunenburg Storytime - The Books We Love, Season 2 Episode 17",https://www.youtube.com/watch?v=BjkjFX2xpyM,,2084,75,2026-09-08T16:42:02Z
1919,OOwqvKHeoyc,Sewer Commission 08.09.22,https://www.youtube.com/watch?v=OOwqvKHeoyc,,3178,23,2026-09-08T16:42:02Z
1920,rqeXtJsOz3I,Select Board 08.09.22,https://www.youtube.com/watch?v=rqeXtJsOz3I,,5874,69,2026-09-08T16:42:02Z
1921,xPIO5vsG8XA,PACC 08.08.22,https://www.youtube.com/watch?v=xPIO5vsG8XA,,4324,17,2026-09-08T16:42:02Z
1922,kqlUU5_F7gE,Capital Planning Committee 08.03.22,https://www.youtube.com/watch?v=kqlUU5_F7gE,,2231,16,2026-09-08T16:42:02Z
1923,l3MysYKZJs4,Personnel Committee 07.25.22,https://www.youtube.com/watch?v=l3MysYKZJs4,,634,12,2026-09-08T16:42:02Z
1924,HpWvs74KR5E,Conservation Commission 08.03.22,https://www.youtube.com/watch?v=HpWvs74KR5E,,6194,60,2026-09-08T16:42:02Z
1925,NtM4TekoKao,Band Concert 8.1.22,https://www.youtube.com/watch?v=NtM4TekoKao,,4721,39,2026-09-08T16:42:02Z
1926,aMDn4kaPlCc,Select Board 08.02.22,https://www.youtube.com/watch?v=aMDn4kaPlCc,,7982,130,2026-09-08T16:42:02Z
1927,Wh5JMJQ-Rxs,Band Concert 7.25.22,https://www.youtube.com/watch?v=Wh5JMJQ-Rxs,,4625,25,2026-09-08T16:42:02Z
1928,a8Hmd1U0jsQ,"Talkin Baseball - All Star Game, Season 8 Episode 7",https://www.youtube.com/watch?v=a8Hmd1U0jsQ,,3574,17,2026-09-08T16:42:02Z
1929,HVTtuq_s3mc,Resilience in Action -  Be Prepared,https://www.youtube.com/watch?v=HVTtuq_s3mc,,1402,103,2026-09-08T16:42:02Z
1930,elLD8YdBVT8,Water District 07.27.22,https://www.youtube.com/watch?v=elLD8YdBVT8,,5716,45,2026-09-08T16:42:02Z
1931,f980yUUUDSc,Lunenburg Farmer's Market 2022,https://www.youtube.com/watch?v=f980yUUUDSc,,717,81,2026-09-08T16:42:02Z
1932,y0HomxCWWZY,Finance Committee 07.28.22,https://www.youtube.com/watch?v=y0HomxCWWZY,,3241,12,2026-09-08T16:42:02Z
1933,mLOcbxF9SYM,Zoning Board of Appeals 07.27.22,https://www.youtube.com/watch?v=mLOcbxF9SYM,,5054,50,2026-09-08T16:42:02Z
1934,unmySz-PMsA,"Lunenburg Storytime-The Books We Love  Season 2, Episode 16",https://www.youtube.com/watch?v=unmySz-PMsA,,2943,10,2026-09-08T16:42:02Z
1935,cNs5WLzN_G0,Planning Board 07.25.22,https://www.youtube.com/watch?v=cNs5WLzN_G0,,4797,35,2026-09-08T16:42:02Z
1936,8jvBlfar6ZI,Finance  Committee 07.21.22,https://www.youtube.com/watch?v=8jvBlfar6ZI,,7271,22,2026-09-08T16:42:02Z
1937,hExz18m3i6A,Parks Commission 07.20.22,https://www.youtube.com/watch?v=hExz18m3i6A,,12726,41,2026-09-08T16:42:02Z
1938,dBD0xPH3auk,Conservation Commission 07.20.22,https://www.youtube.com/watch?v=dBD0xPH3auk,,14409,61,2026-09-08T16:42:02Z
1939,VthUISAvgac,Select Board 07.19.22,https://www.youtube.com/watch?v=VthUISAvgac,,6039,103,2026-09-08T16:42:02Z
1940,UDkiySRFFc4,Lunenburg Pride 2022,https://www.youtube.com/watch?v=UDkiySRFFc4,,1376,129,2026-09-08T16:42:02Z
1941,TaGkaOzGtQo,Sewer Commission 07.12.22,https://www.youtube.com/watch?v=TaGkaOzGtQo,,4376,18,2026-09-08T16:42:02Z
1942,wBPnv1yEC5c,Personnel Committee 07.11.22,https://www.youtube.com/watch?v=wBPnv1yEC5c,,751,15,2026-09-08T16:42:02Z
1943,N4J2omYgTKM,Band Concert 07.11.22,https://www.youtube.com/watch?v=N4J2omYgTKM,,5182,42,2026-09-08T16:42:02Z
1944,Z60P9NlZ4lA,Select Board 07.12.22,https://www.youtube.com/watch?v=Z60P9NlZ4lA,,11185,82,2026-09-08T16:42:02Z
1945,ZcRPrwvqnOM,"Lunenburg Storytime - The Books We Love, S2 Ep15",https://www.youtube.com/watch?v=ZcRPrwvqnOM,,2507,49,2026-09-08T16:42:02Z
1946,G2V58ShHNHg,Eagle House Promotion July 2022,https://www.youtube.com/watch?v=G2V58ShHNHg,,266,110,2026-09-08T16:42:02Z
1947,UVlzAieBRoA,Conservation Commission 07.06.22,https://www.youtube.com/watch?v=UVlzAieBRoA,,11187,52,2026-09-08T16:42:02Z
1948,BA4qe0x3ZIE,School Commmittee 07.05.22,https://www.youtube.com/watch?v=BA4qe0x3ZIE,,1737,36,2026-09-08T16:42:02Z
1949,WlEN7-Z_ffo,Hickory Hills Boat Parade 2022,https://www.youtube.com/watch?v=WlEN7-Z_ffo,,248,277,2026-09-08T16:42:02Z
1950,pD4E1nV03Og,Planning Board 06.27.22,https://www.youtube.com/watch?v=pD4E1nV03Og,,9027,28,2026-09-08T16:42:02Z
1951,H1h1Hn0aE60,Personnel Committee 06.15.22,https://www.youtube.com/watch?v=H1h1Hn0aE60,,719,26,2026-09-08T16:42:02Z
1952,vLrbSvRfXMQ,Municipal Building Design Committee 06.06.22,https://www.youtube.com/watch?v=vLrbSvRfXMQ,,8700,18,2026-09-08T16:42:02Z
1953,J8GPkhT4lyM,Parks Commission 06.15.22,https://www.youtube.com/watch?v=J8GPkhT4lyM,,12084,33,2026-09-08T16:42:02Z
1954,7Fq9AiTGe6s,School Committee 06.15.22,https://www.youtube.com/watch?v=7Fq9AiTGe6s,,6506,83,2026-09-08T16:42:02Z
1955,RxTUGRW3mhk,Water District 06.22.22,https://www.youtube.com/watch?v=RxTUGRW3mhk,,2686,20,2026-09-08T16:42:02Z
1956,P39XrzuUd9k,Turkey Hill School Graduation 2022,https://www.youtube.com/watch?v=P39XrzuUd9k,,4288,453,2026-09-08T16:42:02Z
1957,ldnLskd2_iE,"Talkin' Baseball - Talkin' Baseball Goes to Fenway Park, Season 8 Episode 6",https://www.youtube.com/watch?v=ldnLskd2_iE,,3426,28,2026-09-08T16:42:02Z
1958,8cL2iEqLKBk,"Lunenburg Storytime - The Books We Love, Season 2 Episode 14",https://www.youtube.com/watch?v=8cL2iEqLKBk,,2640,26,2026-09-08T16:42:02Z
1959,CVkZMcWM58k,Select Board 06.21.22,https://www.youtube.com/watch?v=CVkZMcWM58k,,4395,94,2026-09-08T16:42:02Z
1960,9tV-KPKs4iw,Sewer Commission 06.14.22,https://www.youtube.com/watch?v=9tV-KPKs4iw,,1923,21,2026-09-08T16:42:02Z
1961,jueieDxcVHI,"Lunenburg: Police, Fire, EMT Annual Memorial Service June 12, 2022",https://www.youtube.com/watch?v=jueieDxcVHI,,1684,60,2026-09-08T16:42:02Z
1962,kM_9MgVs7kc,Conservation Commission 06.15.22,https://www.youtube.com/watch?v=kM_9MgVs7kc,,14304,89,2026-09-08T16:42:02Z
1963,HEdJRRP7qCE,Select Board 06.14.22,https://www.youtube.com/watch?v=HEdJRRP7qCE,,8560,78,2026-09-08T16:42:02Z
1964,8RyS2owcwGQ,Planning Board 06.13.22,https://www.youtube.com/watch?v=8RyS2owcwGQ,,6561,49,2026-09-08T16:42:02Z
1965,vVr-PPBGbIE,Candlelight Vigil - Stop the Violence 06.10.22,https://www.youtube.com/watch?v=vVr-PPBGbIE,,1691,74,2026-09-08T16:42:02Z
1966,2hNfk08wBbg,Finance Committee 05 19 22,https://www.youtube.com/watch?v=2hNfk08wBbg,,6122,11,2026-09-08T16:42:02Z
1967,SNOaPOveH8Q,Finance Committee 06.09.22,https://www.youtube.com/watch?v=SNOaPOveH8Q,,5922,29,2026-09-08T16:42:02Z
1968,eCdOvz8oG3s,Open Space Committee 06.09.22,https://www.youtube.com/watch?v=eCdOvz8oG3s,,1647,7,2026-09-08T16:42:02Z
1969,PjdzirAzZZc,Conservation Commission 06.01.22,https://www.youtube.com/watch?v=PjdzirAzZZc,,14782,49,2026-09-08T16:42:02Z
1970,FjiP12DCuho,Water District 06 08 22,https://www.youtube.com/watch?v=FjiP12DCuho,,4403,21,2026-09-08T16:42:02Z
1971,4SBz4UyI_Ds,Zoning Board of Appeals 05.11.22,https://www.youtube.com/watch?v=4SBz4UyI_Ds,,2216,1,2026-09-08T16:42:02Z
1972,IosfSiVYBLQ,Sundials are Timeless - Presentation by the Lunenburg Historical Society 06.02.22,https://www.youtube.com/watch?v=IosfSiVYBLQ,,1930,45,2026-09-08T16:42:02Z
1973,bgzCkAqqUSU,Select Board 06.07.22,https://www.youtube.com/watch?v=bgzCkAqqUSU,,12093,174,2026-09-08T16:42:02Z
1974,KvKShPcx6iw,ACE Program Overview,https://www.youtube.com/watch?v=KvKShPcx6iw,,454,104,2026-09-08T16:42:02Z
1975,KNmiBci1PBY,PACC 06.06.22,https://www.youtube.com/watch?v=KNmiBci1PBY,,3614,5,2026-09-08T16:42:02Z
1976,Z4c3T2pzwzM,Municipal Building Design Committee 06.06.22,https://www.youtube.com/watch?v=Z4c3T2pzwzM,,8689,19,2026-09-08T16:42:02Z
1977,nxCb8GC1FWI,Lunenburg High School Graduation 2022,https://www.youtube.com/watch?v=nxCb8GC1FWI,,3733,853,2026-09-08T16:42:02Z
1978,CeB-3cNTQB0,LHS Baccalaureate 2022,https://www.youtube.com/watch?v=CeB-3cNTQB0,,2556,43,2026-09-08T16:42:02Z
1979,Evxl4wjlEyQ,Lunenburg Storytime - The Books We Love  S2Ep13,https://www.youtube.com/watch?v=Evxl4wjlEyQ,,2173,16,2026-09-08T16:42:02Z
1980,rL5n74ZBZuM,School Committee 06.01.22,https://www.youtube.com/watch?v=rL5n74ZBZuM,,10942,56,2026-09-08T16:42:02Z
1981,bfvCp3QR1uY,Sewer Commission 05.31.22,https://www.youtube.com/watch?v=bfvCp3QR1uY,,3468,17,2026-09-08T16:42:02Z
1982,3N5CSDuGN30,Lunenburg Memorial Day 05.30.22,https://www.youtube.com/watch?v=3N5CSDuGN30,,3159,104,2026-09-08T16:42:02Z
1983,Y9p4NXz-pgE,Water District 5 25 22,https://www.youtube.com/watch?v=Y9p4NXz-pgE,,2621,249,2026-09-08T16:42:02Z
1984,QW6CRJ3iA20,Talkin' Baseball - Announcers Season 8 Episode 5,https://www.youtube.com/watch?v=QW6CRJ3iA20,,3581,26,2026-09-08T16:42:02Z
1985,o0jNZCKnvts,Select Board 05.24.22,https://www.youtube.com/watch?v=o0jNZCKnvts,,4063,196,2026-09-08T16:42:02Z
1986,gZobnVe6GJE,Planning Board 05.23.22,https://www.youtube.com/watch?v=gZobnVe6GJE,,9196,46,2026-09-08T16:42:02Z
1987,py6CCjhPEU4,Select Board - Site Flat Hill 03.26.22,https://www.youtube.com/watch?v=py6CCjhPEU4,,3545,88,2026-09-08T16:42:02Z
1988,8xO9QFWU2XI,Parks Commission 05.18.22,https://www.youtube.com/watch?v=8xO9QFWU2XI,,10563,31,2026-09-08T16:42:02Z
1989,-VbrPGc3YaM,School Committee 05.18.22,https://www.youtube.com/watch?v=-VbrPGc3YaM,,4020,33,2026-09-08T16:42:02Z
1990,_0CuNRW7GZo,Conservation Commission 05.18.22,https://www.youtube.com/watch?v=_0CuNRW7GZo,,10907,73,2026-09-08T16:42:02Z
1991,FWOyhXL_bHQ,Select Board 05.17.22,https://www.youtube.com/watch?v=FWOyhXL_bHQ,,3852,103,2026-09-08T16:42:02Z
1992,ciRDpmwJKpU,Municipal Building Design Committee 05.16.22,https://www.youtube.com/watch?v=ciRDpmwJKpU,,7309,23,2026-09-08T16:42:02Z
1993,Mxje4WIegM4,Water District 5 .11.22,https://www.youtube.com/watch?v=Mxje4WIegM4,,976,38,2026-09-08T16:42:02Z
1994,01ZNANnu1-w,Sewer Commission 05 .10 .22,https://www.youtube.com/watch?v=01ZNANnu1-w,,2817,18,2026-09-08T16:42:02Z
1995,m5aAHFNGLfU,Lunenburg Storytime - The Books We Love  Season 2 Episode 12,https://www.youtube.com/watch?v=m5aAHFNGLfU,,2247,64,2026-09-08T16:42:02Z
1996,OaJdkeAU2qY,Select Board 05.10.22,https://www.youtube.com/watch?v=OaJdkeAU2qY,,5125,216,2026-09-08T16:42:02Z
1997,pHUlS0-Kwpc,Planning Board 05.09.22,https://www.youtube.com/watch?v=pHUlS0-Kwpc,,1292,12,2026-09-08T16:42:02Z
1998,smx_Uh68j6I,Annual Town Meeting 05.07.22,https://www.youtube.com/watch?v=smx_Uh68j6I,,22841,410,2026-09-08T16:42:02Z
1999,-K8V16bHYac,Town Meeting and You,https://www.youtube.com/watch?v=-K8V16bHYac,,1913,17,2026-09-08T16:42:02Z
2000,iCCL9l3DJR8,Voice of thePeople,https://www.youtube.com/watch?v=iCCL9l3DJR8,,1287,9,2026-09-08T16:42:02Z
2001,QSyr4zSO3lY,Conservation Commission 05.04.22,https://www.youtube.com/watch?v=QSyr4zSO3lY,,16522,76,2026-09-08T16:42:02Z
2002,sYQsHMlTeuo,School Committee 05. 04. 22,https://www.youtube.com/watch?v=sYQsHMlTeuo,,6614,33,2026-09-08T16:42:02Z
2003,eoYk1hP9OCo,Select Board 05.03.22,https://www.youtube.com/watch?v=eoYk1hP9OCo,,8310,65,2026-09-08T16:42:02Z
2004,W4wAjV3w60A,Personnel Committee 05.02.22,https://www.youtube.com/watch?v=W4wAjV3w60A,,3073,30,2026-09-08T16:42:02Z
2005,9wrQb_iVcxE,Sewer Commission 05.03.22,https://www.youtube.com/watch?v=9wrQb_iVcxE,,2426,10,2026-09-08T16:42:02Z
2006,wFVPFg2rix8,Lunenburg Lions Club - We Serve,https://www.youtube.com/watch?v=wFVPFg2rix8,,1138,43,2026-09-08T16:42:02Z
2007,_nDGqZ8Kg3Y,Eagle House Trivia - 05.02.22,https://www.youtube.com/watch?v=_nDGqZ8Kg3Y,,2183,5,2026-09-08T16:42:02Z
2008,rT32f2GVVJw,PACC 05.02.22,https://www.youtube.com/watch?v=rT32f2GVVJw,,3833,6,2026-09-08T16:42:02Z
2009,3FL9I7S8_JY,Water District 04.27.22,https://www.youtube.com/watch?v=3FL9I7S8_JY,,3020,44,2026-09-08T16:42:02Z
2010,w5L-N6S0nEk,Finance Committee 04.28.22,https://www.youtube.com/watch?v=w5L-N6S0nEk,,5733,38,2026-09-08T16:42:02Z
2011,Cr0iQTqsuz4,Zoning Board of Appeals 04.27.22,https://www.youtube.com/watch?v=Cr0iQTqsuz4,,2447,24,2026-09-08T16:42:02Z
2012,r-k_N7tKs8k,School Committee 04 27 22,https://www.youtube.com/watch?v=r-k_N7tKs8k,,15543,42,2026-09-08T16:42:02Z
2013,lrau7nJ6xPU,Parks Commission 04 13 22,https://www.youtube.com/watch?v=lrau7nJ6xPU,,7355,16,2026-09-08T16:42:02Z
2014,Mb-qbmfiUWE,Conservation Commission 04 20 22,https://www.youtube.com/watch?v=Mb-qbmfiUWE,,6489,46,2026-09-08T16:42:02Z
2015,e3XdSzvzNmc,How to De Stress Your Life at Eagle House 4.25.22,https://www.youtube.com/watch?v=e3XdSzvzNmc,,3297,5,2026-09-08T16:42:02Z
2016,0RfvHJGH1a4,Select Board 04.26.22,https://www.youtube.com/watch?v=0RfvHJGH1a4,,4703,46,2026-09-08T16:42:02Z
2017,3azKYGda9HQ,Planning Board 04.25.22,https://www.youtube.com/watch?v=3azKYGda9HQ,,6325,72,2026-09-08T16:42:02Z
2018,Es2rM5gdFOM,Storm Water Task Force 04.21.2022,https://www.youtube.com/watch?v=Es2rM5gdFOM,,6073,27,2026-09-08T16:42:02Z
2019,s4wdmAcohjQ,"Lunenburg Storytime - The Books We Love,  Season 2 Episode 11",https://www.youtube.com/watch?v=s4wdmAcohjQ,,1967,31,2026-09-08T16:42:02Z
2020,CTwKksTLxds,Talkin' Baseball - Nicknames Season 8 Episode 4,https://www.youtube.com/watch?v=CTwKksTLxds,,3550,29,2026-09-08T16:42:02Z
2021,r5CBdAUEjko,Water District 4 13,https://www.youtube.com/watch?v=r5CBdAUEjko,,6546,36,2026-09-08T16:42:02Z
2022,ktOKlrZIyCE,Finance Committee 04.14.22,https://www.youtube.com/watch?v=ktOKlrZIyCE,,6787,57,2026-09-08T16:42:02Z
2023,SmetItX0hXc,Parks Commission 04.13.22,https://www.youtube.com/watch?v=SmetItX0hXc,,7355,31,2026-09-08T16:42:02Z
2024,kn93vcgIT4Y,Sewer Commission 04.12.22,https://www.youtube.com/watch?v=kn93vcgIT4Y,,5025,12,2026-09-08T16:42:02Z
2025,f3lPiGMlbhw,Select Board 04.12.22,https://www.youtube.com/watch?v=f3lPiGMlbhw,,7720,103,2026-09-08T16:42:02Z
2026,Qh7V0qCc2ko,Lunenburg Historical Society - Mr. and Mrs. Lunenburg Presentation 04.07.22,https://www.youtube.com/watch?v=Qh7V0qCc2ko,,2793,83,2026-09-08T16:42:02Z
2027,JcikIhmMYEg,Are You Smarter Than Our Sixth Graders,https://www.youtube.com/watch?v=JcikIhmMYEg,,8829,83,2026-09-08T16:42:02Z
2028,Cil7OLmU15Q,School Committee 04.06.22,https://www.youtube.com/watch?v=Cil7OLmU15Q,,10995,15,2026-09-08T16:42:02Z
2029,PGh-1ekVUMY,Conservation Commission 04.06.22,https://www.youtube.com/watch?v=PGh-1ekVUMY,,12196,132,2026-09-08T16:42:02Z
2030,WPgrk1zpGBs,LUK Prevention Youth Art Show 03 25 22,https://www.youtube.com/watch?v=WPgrk1zpGBs,,1162,132,2026-09-08T16:42:02Z
2031,FIs3SPru3oM,Personnel Committee 04.06.22,https://www.youtube.com/watch?v=FIs3SPru3oM,,323,17,2026-09-08T16:42:02Z
2032,GSrFObt3D74,School Committee 04.06.22,https://www.youtube.com/watch?v=GSrFObt3D74,,11014,55,2026-09-08T16:42:02Z
2033,a81z_doLl2Y,Select Board 04.05.22,https://www.youtube.com/watch?v=a81z_doLl2Y,,8632,100,2026-09-08T16:42:02Z
2034,7o01qBS-cis,Municipal Building Design 04.04.22,https://www.youtube.com/watch?v=7o01qBS-cis,,8124,26,2026-09-08T16:42:02Z
2035,rM_QS1F8dR4,PACC 04.04.22,https://www.youtube.com/watch?v=rM_QS1F8dR4,,4249,11,2026-09-08T16:42:02Z
2036,VeWlx3soIIM,Finance Committee 03.31.22,https://www.youtube.com/watch?v=VeWlx3soIIM,,12385,41,2026-09-08T16:42:02Z
2037,Vo60N4eODyg,St. Patrick's Day Concert with Denya LeVine  3.23.22,https://www.youtube.com/watch?v=Vo60N4eODyg,,3416,105,2026-09-08T16:42:02Z
2038,hw3codG503I,Sewer Commission 03.29.22,https://www.youtube.com/watch?v=hw3codG503I,,2217,12,2026-09-08T16:42:02Z
2039,ZGdERr4eeJM,Parks Commission 03.29.22,https://www.youtube.com/watch?v=ZGdERr4eeJM,,11558,46,2026-09-08T16:42:02Z
2040,BClknEtNlSc,Personnel Committee 03.28.22,https://www.youtube.com/watch?v=BClknEtNlSc,,4247,24,2026-09-08T16:42:02Z
2041,nCCTFcd2SII,Planning Board 03.28.22,https://www.youtube.com/watch?v=nCCTFcd2SII,,7313,38,2026-09-08T16:42:02Z
2042,w3B0zRuW1z8,Water District 3.26.22,https://www.youtube.com/watch?v=w3B0zRuW1z8,,1824,39,2026-09-08T16:42:02Z
2043,JdupLkJ3Bx8,Water District 3.23.22,https://www.youtube.com/watch?v=JdupLkJ3Bx8,,8979,50,2026-09-08T16:42:02Z
2044,BsG7pfDGPAo,JP and Lynn - A Love Story,https://www.youtube.com/watch?v=BsG7pfDGPAo,,2850,368,2026-09-08T16:42:02Z
2045,6FyKc47eHz4,Finance Committee 03.24.22,https://www.youtube.com/watch?v=6FyKc47eHz4,,7150,28,2026-09-08T16:42:02Z
2046,vFFuPyB0kTE,"Talkin' Baseball - Baseball is Back, Season 8 Episode 3",https://www.youtube.com/watch?v=vFFuPyB0kTE,,3325,32,2026-09-08T16:42:02Z
2047,DsjaboW33P4,Zoning Board of Appeals 03.23.22,https://www.youtube.com/watch?v=DsjaboW33P4,,2115,23,2026-09-08T16:42:02Z
2048,2FyhUzpRxwU,Finance Committee 03.23.22,https://www.youtube.com/watch?v=2FyhUzpRxwU,,6435,24,2026-09-08T16:42:02Z
2049,FhF4gvCZ9nk,Select Board 03.22.22,https://www.youtube.com/watch?v=FhF4gvCZ9nk,,9593,109,2026-09-08T16:42:02Z
2050,H-91wPi4gmo,Personnel Committee 03.21.22,https://www.youtube.com/watch?v=H-91wPi4gmo,,6333,37,2026-09-08T16:42:02Z
2051,MR7pjhFZmbw,Municipal Building Design Committee 03.21.22,https://www.youtube.com/watch?v=MR7pjhFZmbw,,7001,35,2026-09-08T16:42:02Z
2052,zmQRpuVEqVo,Nashoba Associated Boards of Health (NABH)  -  Overview and  Vaccination Rates,https://www.youtube.com/watch?v=zmQRpuVEqVo,,271,14,2026-09-08T16:42:02Z
2053,7yNtfe8w2ks,Finance Committee 03.17.22,https://www.youtube.com/watch?v=7yNtfe8w2ks,,12130,29,2026-09-08T16:42:02Z
2054,WFIIZg7wcuA,Parks Commission 03.16.22,https://www.youtube.com/watch?v=WFIIZg7wcuA,,12053,65,2026-09-08T16:42:02Z
2055,VCSxA58DVOM,School Committee 03.16.22,https://www.youtube.com/watch?v=VCSxA58DVOM,,475,27,2026-09-08T16:42:02Z
2056,zgizsw2t1-8,Conservation Commission 03.16.22,https://www.youtube.com/watch?v=zgizsw2t1-8,,2657,54,2026-09-08T16:42:02Z
2057,dbFmU1Zo_VI,Select Board 03.15.22,https://www.youtube.com/watch?v=dbFmU1Zo_VI,,5729,59,2026-09-08T16:42:02Z
2058,qQ4q0XH37qo,A Celtic Celebration with Davis Bates at the Eagle House 03.11.22,https://www.youtube.com/watch?v=qQ4q0XH37qo,,3607,7,2026-09-08T16:42:02Z
2059,KFLo8tSOR3E,Planning Board 03.14.22,https://www.youtube.com/watch?v=KFLo8tSOR3E,,9662,28,2026-09-08T16:42:02Z
2060,pPvdGzwE620,"Lunenburg Storytime - The Books We Love, Season 2 Episode10",https://www.youtube.com/watch?v=pPvdGzwE620,,2695,35,2026-09-08T16:42:02Z
2061,AGHQVROpYA4,APDC 03.10.22,https://www.youtube.com/watch?v=AGHQVROpYA4,,4381,86,2026-09-08T16:42:02Z
2062,FoxlR8eOYf8,LHS Girls Varsity Basketball vs Malden Catholic 03.11.22,https://www.youtube.com/watch?v=FoxlR8eOYf8,,5321,391,2026-09-08T16:42:02Z
2063,N4qfgH7w1lQ,Water District 03.09.22,https://www.youtube.com/watch?v=N4qfgH7w1lQ,,3496,34,2026-09-08T16:42:02Z
2064,8ZnQJKNww0c,School Committee Roles and Responsibilities - Part 3,https://www.youtube.com/watch?v=8ZnQJKNww0c,,520,106,2026-09-08T16:42:02Z
2065,vSc5ybV_uRQ,Finance Committee 03.10.22,https://www.youtube.com/watch?v=vSc5ybV_uRQ,,6418,23,2026-09-08T16:42:02Z
2066,WiHv0M7McRQ,Finance Committee 03.03.22 1,https://www.youtube.com/watch?v=WiHv0M7McRQ,,8387,19,2026-09-08T16:42:02Z
2067,LDdKw605sM0,Zoning Board 03.09.22,https://www.youtube.com/watch?v=LDdKw605sM0,,1570,13,2026-09-08T16:42:02Z
2068,4czOfI0p_Cg,Personnel Committee 03.09.22,https://www.youtube.com/watch?v=4czOfI0p_Cg,,6716,21,2026-09-08T16:42:02Z
2069,3RaFgHRtjB8,Select Board 03.08.22,https://www.youtube.com/watch?v=3RaFgHRtjB8,,9582,111,2026-09-08T16:42:02Z
2070,rTlfAaDXO1c,Sewer Commission 03.08.22,https://www.youtube.com/watch?v=rTlfAaDXO1c,,4918,12,2026-09-08T16:42:02Z
2071,O7qp4ANpxVE,PACC 03.08.22,https://www.youtube.com/watch?v=O7qp4ANpxVE,,5779,5,2026-09-08T16:42:02Z
2072,ywetIzfPXQ4,Municipal Building Design Committee 03.07.22,https://www.youtube.com/watch?v=ywetIzfPXQ4,,7058,26,2026-09-08T16:42:02Z
2073,ZJdAefyD-m4,Cemetery Commission 03.01.22,https://www.youtube.com/watch?v=ZJdAefyD-m4,,2028,19,2026-09-08T16:42:02Z
2074,Bh6BTflXGmI,Personnel Committee 03.02.22,https://www.youtube.com/watch?v=Bh6BTflXGmI,,6956,24,2026-09-08T16:42:02Z
2075,BjD6Y80WYIs,School Committee 03.02.22,https://www.youtube.com/watch?v=BjD6Y80WYIs,,9145,57,2026-09-08T16:42:02Z
2076,1Odrqm7eJe8,"Lunenburg Storytime - The Books We Love, Season 2 Epidose 9",https://www.youtube.com/watch?v=1Odrqm7eJe8,,1881,42,2026-09-08T16:42:02Z
2077,iGv_FOXSB8k,Keep Safe Keep Warm,https://www.youtube.com/watch?v=iGv_FOXSB8k,,1658,127,2026-09-08T16:42:02Z
2078,HvDze8cpyuc,Finance Committee 02.24.22,https://www.youtube.com/watch?v=HvDze8cpyuc,,10308,37,2026-09-08T16:42:02Z
2079,y6GCLM_sBOA,Zoning Board of Appeals 02.23.22,https://www.youtube.com/watch?v=y6GCLM_sBOA,,3394,28,2026-09-08T16:42:02Z
2080,YZQbFdnI_qU,"Talkin' Baseball - Break Dancing, Season 8 Episode 2",https://www.youtube.com/watch?v=YZQbFdnI_qU,,3543,24,2026-09-08T16:42:02Z
2081,ON2hd0OVkWk,Water District 02.16.22,https://www.youtube.com/watch?v=ON2hd0OVkWk,,1160,32,2026-09-08T16:42:02Z
2082,0ZIyMdjowFU,Agricultural Committee 02.17.22,https://www.youtube.com/watch?v=0ZIyMdjowFU,,3279,15,2026-09-08T16:42:02Z
2083,Db0OVht7JAM,"Sewer Commission 02,22,22",https://www.youtube.com/watch?v=Db0OVht7JAM,,4240,8,2026-09-08T16:42:02Z
2084,VUvz44cf7dc,Parks Commission 02.17.22,https://www.youtube.com/watch?v=VUvz44cf7dc,,7814,30,2026-09-08T16:42:02Z
2085,XJBZKWMgUdw,"Kate Chadbourne - ""A November Visit""",https://www.youtube.com/watch?v=XJBZKWMgUdw,,1398,111,2026-09-08T16:42:02Z
2086,Qx7EgjovsNE,Finance Committee 02.17.22,https://www.youtube.com/watch?v=Qx7EgjovsNE,,8750,38,2026-09-08T16:42:02Z
2087,0_biOaw0f7w,Library Board of Trustees 02.17.22,https://www.youtube.com/watch?v=0_biOaw0f7w,,4960,12,2026-09-08T16:42:02Z
2088,aGZ72XhfcOc,Stormwater Task Force 01.20.22,https://www.youtube.com/watch?v=aGZ72XhfcOc,,8028,8,2026-09-08T16:42:02Z
2089,Qbyu6nmtbxQ,Green Community Task Force 12.15.21,https://www.youtube.com/watch?v=Qbyu6nmtbxQ,,3415,11,2026-09-08T16:42:02Z
2090,_5jIJqQ2zpQ,Green Community Task Force 02.16.22,https://www.youtube.com/watch?v=_5jIJqQ2zpQ,,4548,16,2026-09-08T16:42:02Z
2091,vk4CyiIrk54,Personne lCommittee 02.16.22,https://www.youtube.com/watch?v=vk4CyiIrk54,,5534,33,2026-09-08T16:42:02Z
2092,67jL5rqsPCI,Conservation Commission 02.16.22,https://www.youtube.com/watch?v=67jL5rqsPCI,,2722,34,2026-09-08T16:42:02Z
2093,K9CSb6MXr-U,Select Board 02.15.22,https://www.youtube.com/watch?v=K9CSb6MXr-U,,8300,76,2026-09-08T16:42:02Z
2094,vvn2RkHbxGA,Sewer Commission 02.15.22,https://www.youtube.com/watch?v=vvn2RkHbxGA,,5452,24,2026-09-08T16:42:02Z
2095,fQOVfGwQN1I,School Committee 01.20.22,https://www.youtube.com/watch?v=fQOVfGwQN1I,,1774,61,2026-09-08T16:42:02Z
2096,27tSuFTiUkQ,Public Access Cable Committee 02.14.22,https://www.youtube.com/watch?v=27tSuFTiUkQ,,6848,38,2026-09-08T16:42:02Z
2097,j4GkgGs7SpE,"School Committee - Roles and Responsibilities, Part 2",https://www.youtube.com/watch?v=j4GkgGs7SpE,,370,93,2026-09-08T16:42:02Z
2098,fv4HZskE-rA,Sewer Commission 02.08.22,https://www.youtube.com/watch?v=fv4HZskE-rA,,6604,10,2026-09-08T16:42:02Z
2099,p7W83Kus_jQ,Discovery Center Eagle House 10.22.21,https://www.youtube.com/watch?v=p7W83Kus_jQ,,3534,6,2026-09-08T16:42:02Z
2100,5SrmYGYbR2A,Water District 02.09.22,https://www.youtube.com/watch?v=5SrmYGYbR2A,,4647,25,2026-09-08T16:42:02Z
2101,qP24VmdYVFY,Town Manager's Report for 02.08.22,https://www.youtube.com/watch?v=qP24VmdYVFY,,147,45,2026-09-08T16:42:02Z
2102,CEEpaYYKukk,Open Space Committee 02.09.22,https://www.youtube.com/watch?v=CEEpaYYKukk,,4843,27,2026-09-08T16:42:02Z
2103,2PyEvKcWyzE,Zoning Board of Appeals 02.09.22,https://www.youtube.com/watch?v=2PyEvKcWyzE,,1634,18,2026-09-08T16:42:02Z
2104,UVgPlymArew,Select Board 02.08.22,https://www.youtube.com/watch?v=UVgPlymArew,,5082,69,2026-09-08T16:42:02Z
2105,gow82qkhOKM,"Lunenburg Storytime - The Books We Love, Season 2 Episode 8",https://www.youtube.com/watch?v=gow82qkhOKM,,1764,61,2026-09-08T16:42:02Z
2106,UOAw8PYjAR8,LHS  Girls Basketball vs Maynard 01.26.22 - Senior Night,https://www.youtube.com/watch?v=UOAw8PYjAR8,,4667,77,2026-09-08T16:42:02Z
2107,bylr7-02Mss,Municipa lBuiding Design Committee,https://www.youtube.com/watch?v=bylr7-02Mss,,3625,18,2026-09-08T16:42:02Z
2108,aWXW2-hHHEc,LHS Lunenburg vs Ludlow 02.05.22,https://www.youtube.com/watch?v=aWXW2-hHHEc,,5082,105,2026-09-08T16:42:02Z
2109,61j8MUbDk2g,Central MA Gubernatorial Candidates Forum 02.05.22,https://www.youtube.com/watch?v=61j8MUbDk2g,,4637,17,2026-09-08T16:42:02Z
2110,T-YO1WYWs9s,School Committee 02.02.22,https://www.youtube.com/watch?v=T-YO1WYWs9s,,11753,76,2026-09-08T16:42:02Z
2111,czNYvnzpoq4,Conservation Commission 02.02.22,https://www.youtube.com/watch?v=czNYvnzpoq4,,9648,37,2026-09-08T16:42:02Z
2112,lW9wObgu9Kg,LHS Boys Basketball vs Quabbin 02.01.22,https://www.youtube.com/watch?v=lW9wObgu9Kg,,4527,66,2026-09-08T16:42:02Z
2113,EXgiMwtYD7U,Selec tBoard 02.01.22,https://www.youtube.com/watch?v=EXgiMwtYD7U,,13389,72,2026-09-08T16:42:02Z
2114,M8uJx5-NHa4,Personnel Committee 01.31.22,https://www.youtube.com/watch?v=M8uJx5-NHa4,,6997,35,2026-09-08T16:42:02Z
2115,d6P4vV9bXu8,Conservation Trails 2022,https://www.youtube.com/watch?v=d6P4vV9bXu8,,577,61,2026-09-08T16:42:02Z
2116,icYS4PU6b7c,Safety Complex Overview 2022,https://www.youtube.com/watch?v=icYS4PU6b7c,,1453,59,2026-09-08T16:42:02Z
2117,6E3z38z9SBI,Finance Committee 01.27.22,https://www.youtube.com/watch?v=6E3z38z9SBI,,10272,32,2026-09-08T16:42:02Z
2118,FHsucZqPShs,"Talkin' Baseball - New Year, New Song Season 8 Episode 1",https://www.youtube.com/watch?v=FHsucZqPShs,,3525,60,2026-09-08T16:42:02Z
2119,Tos1AohaYwI,LHS Hockey vs St Bernards 01.26.22,https://www.youtube.com/watch?v=Tos1AohaYwI,,6200,189,2026-09-08T16:42:02Z
2120,wNuVQPj-iuI,Municipal Building Design Committee 01.26.22,https://www.youtube.com/watch?v=wNuVQPj-iuI,,5648,30,2026-09-08T16:42:02Z
2121,QXISS3Ubp_w,Sewer Commission 01.25.22,https://www.youtube.com/watch?v=QXISS3Ubp_w,,2893,13,2026-09-08T16:42:02Z
2122,wVZYM_kFz3c,Planning Board 01.24.22,https://www.youtube.com/watch?v=wVZYM_kFz3c,,1974,27,2026-09-08T16:42:02Z
2123,XfzXTyId75E,Personnel Committee 01.24.22,https://www.youtube.com/watch?v=XfzXTyId75E,,8129,21,2026-09-08T16:42:02Z
2124,cewuOgthm7Q,LHS Varsity Boys Hockey vs Fitchburg HS 01.22.22,https://www.youtube.com/watch?v=cewuOgthm7Q,,7075,117,2026-09-08T16:42:02Z
2125,yt8TdXnoMpQ,Select Board 01.18.22,https://www.youtube.com/watch?v=yt8TdXnoMpQ,,8497,53,2026-09-08T16:42:02Z
2126,vOe_gqFEgwk,Stormwater Task Force 01.20.22,https://www.youtube.com/watch?v=vOe_gqFEgwk,,7153,20,2026-09-08T16:42:02Z
2127,cxskhTs5eic,Library Board of Trustees 01.20.22,https://www.youtube.com/watch?v=cxskhTs5eic,,5936,12,2026-09-08T16:42:02Z
2128,_ersnzLBS4o,School Committee 01.20.22,https://www.youtube.com/watch?v=_ersnzLBS4o,,10820,62,2026-09-08T16:42:02Z
2129,5HN73IzepSM,Parks Commission 01.20.22,https://www.youtube.com/watch?v=5HN73IzepSM,,12986,120,2026-09-08T16:42:02Z
2130,hVwr5ZroBeA,"Storytime - The Books We Love,  Season 2 Episode 7",https://www.youtube.com/watch?v=hVwr5ZroBeA,,1839,24,2026-09-08T16:42:02Z
2131,hicqow1b8t8,LHS Boys Varsity Hockey vs Littleton 01.19.22,https://www.youtube.com/watch?v=hicqow1b8t8,,4043,198,2026-09-08T16:42:02Z
2132,oWoLkKBtq_A,Conservation Commission 01.10.22,https://www.youtube.com/watch?v=oWoLkKBtq_A,,7420,40,2026-09-08T16:42:02Z
2133,Wwd3cH-YxKw,LHS Girls Varsity Basketball vs Hudson HS 01.18.22,https://www.youtube.com/watch?v=Wwd3cH-YxKw,,3712,230,2026-09-08T16:42:02Z
2134,L2ZbyQxmgl8,School Committee - Roles and Responsibilities Part 1 with Carol Archambault,https://www.youtube.com/watch?v=L2ZbyQxmgl8,,337,154,2026-09-08T16:42:02Z
2135,TMmBa6ueRGI,Finance Committee 01.13.22,https://www.youtube.com/watch?v=TMmBa6ueRGI,,8759,62,2026-09-08T16:42:02Z
2136,O6GzcV5THgA,Zoning Board of Appeals 01.12.22,https://www.youtube.com/watch?v=O6GzcV5THgA,,2700,31,2026-09-08T16:42:02Z
2137,w0srzQNL8O4,LHS Boys Varsity Basketball vs Clinton  01.11.22,https://www.youtube.com/watch?v=w0srzQNL8O4,,4555,161,2026-09-08T16:42:02Z
2138,RT2tGlMypqs,Sewer Commission 01.11.22,https://www.youtube.com/watch?v=RT2tGlMypqs,,2811,13,2026-09-08T16:42:02Z
2139,rEmQ61YX3SA,Cemetary Commission 01.05.22,https://www.youtube.com/watch?v=rEmQ61YX3SA,,1718,19,2026-09-08T16:42:02Z
2140,E6qOq8hLTS8,Conservation Commission 01.05.22,https://www.youtube.com/watch?v=E6qOq8hLTS8,,9798,49,2026-09-08T16:42:02Z
2141,T25y_9dbQYE,Planning Board 01.10.22,https://www.youtube.com/watch?v=T25y_9dbQYE,,3847,35,2026-09-08T16:42:02Z
2142,5OUB2tO6t3s,Parks Commission 01.06.22 - Marshall Park Charrett,https://www.youtube.com/watch?v=5OUB2tO6t3s,,8235,64,2026-09-08T16:42:02Z
2143,3j04Yt4gFgo,School Committee 01.05.22,https://www.youtube.com/watch?v=3j04Yt4gFgo,,5029,45,2026-09-08T16:42:02Z
2144,UR-u1IvOIr8,LHS Boys Varsity Basketball vs Tyngsboro HS 01.04.22,https://www.youtube.com/watch?v=UR-u1IvOIr8,,5559,310,2026-09-08T16:42:02Z
2145,ElGt20ZVtPY,Select Board 01.04.22,https://www.youtube.com/watch?v=ElGt20ZVtPY,,6198,105,2026-09-08T16:42:02Z
2146,ajSeUB0GOt0,"Lunenburg Storytime- The Books We Love, Season2, Episode 6",https://www.youtube.com/watch?v=ajSeUB0GOt0,,1174,30,2026-09-08T16:42:02Z
2147,I5bW-vzgI6M,PACC 01.03.22,https://www.youtube.com/watch?v=I5bW-vzgI6M,,4222,10,2026-09-08T16:42:02Z
2148,9e7xf4km-Vk,LHS Boys Varsity Basketball vs Ayer Shirley HS 12.28.21,https://www.youtube.com/watch?v=9e7xf4km-Vk,,6226,385,2026-09-08T16:42:02Z
2149,-s6WVqfr7nM,Selec tBoard 12.21.21,https://www.youtube.com/watch?v=-s6WVqfr7nM,,9366,98,2026-09-08T16:42:02Z
2150,Bg_pRDPvGWw,Sewer Commission 12.21.21,https://www.youtube.com/watch?v=Bg_pRDPvGWw,,3799,20,2026-09-08T16:42:02Z
2151,kMu40u2W-No,Open Space Committee 12.14.21,https://www.youtube.com/watch?v=kMu40u2W-No,,4084,31,2026-09-08T16:42:02Z
2152,eqa1BOTaPbc,School Committee 12.15.21,https://www.youtube.com/watch?v=eqa1BOTaPbc,,10230,52,2026-09-08T16:42:02Z
2153,zNuZVpWHVHY,Parks Commission 12.20.21,https://www.youtube.com/watch?v=zNuZVpWHVHY,,3878,36,2026-09-08T16:42:02Z
2154,Nvfi3KsZHyw,Water District 12.15.21,https://www.youtube.com/watch?v=Nvfi3KsZHyw,,3515,25,2026-09-08T16:42:02Z
2155,7E-DC-sj4xU,Select Board 12.14.21,https://www.youtube.com/watch?v=7E-DC-sj4xU,,7696,130,2026-09-08T16:42:02Z
2156,rw53abiHXK4,Cemetery Commission 12.07.21,https://www.youtube.com/watch?v=rw53abiHXK4,,3326,13,2026-09-08T16:42:02Z
2157,nwLN5CwZSCQ,"Lunenburg Storytime - The Books We Love, Season 1, Episode 7  Re-Run",https://www.youtube.com/watch?v=nwLN5CwZSCQ,,1251,18,2026-09-08T16:42:02Z
2158,CRP66bAcDpY,Planning Board 12.13.21,https://www.youtube.com/watch?v=CRP66bAcDpY,,6079,36,2026-09-08T16:42:02Z
2159,GyLMqh66q2I,Personnel Committee 12.13.21,https://www.youtube.com/watch?v=GyLMqh66q2I,,629,24,2026-09-08T16:42:02Z
2160,ONVMRqgtQ3k,Parks Commission 12.02.21,https://www.youtube.com/watch?v=ONVMRqgtQ3k,,8590,52,2026-09-08T16:42:02Z
2161,QMBbwgHWYMA,Finance Committee 12.09.21,https://www.youtube.com/watch?v=QMBbwgHWYMA,,4116,28,2026-09-08T16:42:02Z
2162,SdANZyJTG-s,Annual Holiday Tree Lighting12.02.21,https://www.youtube.com/watch?v=SdANZyJTG-s,,2574,36,2026-09-08T16:42:02Z
2163,rh1qb-al1AM,Select Board 12.07.21,https://www.youtube.com/watch?v=rh1qb-al1AM,,7764,57,2026-09-08T16:42:02Z
2164,HR6H77R3kOY,PACC 12.06.21,https://www.youtube.com/watch?v=HR6H77R3kOY,,5368,12,2026-09-08T16:42:02Z
2165,EyMHKYC9iTw,Conservation Commission 12.01.21,https://www.youtube.com/watch?v=EyMHKYC9iTw,,14402,65,2026-09-08T16:42:02Z
2166,RCVMIJdFrgo,School Committee 12.01.21,https://www.youtube.com/watch?v=RCVMIJdFrgo,,7105,39,2026-09-08T16:42:02Z
2167,yOKUwCR3TPU,Planning Board 11.29.21,https://www.youtube.com/watch?v=yOKUwCR3TPU,,5310,37,2026-09-08T16:42:02Z
2168,fVgMfJqMPWI,LHS Varsity Football vs Oakmont HS - Thanksgiving Game 11.24.21,https://www.youtube.com/watch?v=fVgMfJqMPWI,,7634,1000,2026-09-08T16:42:02Z
2169,WyWosO--6sA,Select Board 11.23.21,https://www.youtube.com/watch?v=WyWosO--6sA,,3895,69,2026-09-08T16:42:02Z
2170,KTc7uLCgIqo,Parks Commission 11.22.21,https://www.youtube.com/watch?v=KTc7uLCgIqo,,7479,21,2026-09-08T16:42:02Z
2171,rqbc2raGGN4,Water District 11.17.21,https://www.youtube.com/watch?v=rqbc2raGGN4,,2164,14,2026-09-08T16:42:02Z
2172,ifxJL8DKiiY,Kayla's Stories S1 E4,https://www.youtube.com/watch?v=ifxJL8DKiiY,,560,23,2026-09-08T16:42:02Z
2173,_vl1gxMDEG0,"Lunenburg Storytime - The Books We Love, Season 2 Episode 5",https://www.youtube.com/watch?v=_vl1gxMDEG0,,1780,28,2026-09-08T16:42:02Z
2174,4jRo1Kg-DrM,Parks Commission 11.17.21,https://www.youtube.com/watch?v=4jRo1Kg-DrM,,10240,45,2026-09-08T16:42:02Z
2175,QUqke3IES7A,"Talkin' Baseball - Dedicated to Jerry Remy, Season 7 Episode 9",https://www.youtube.com/watch?v=QUqke3IES7A,,3363,42,2026-09-08T16:42:02Z
2176,qhe5sfqOvNs,School Committee 11.17.21,https://www.youtube.com/watch?v=qhe5sfqOvNs,,4652,40,2026-09-08T16:42:02Z
2177,XyKK0zCce9M,Conservation Commission 11.17.21,https://www.youtube.com/watch?v=XyKK0zCce9M,,11163,43,2026-09-08T16:42:02Z
2178,BcuNCgHJ8Qo,Special Town Meeting 11.16.21,https://www.youtube.com/watch?v=BcuNCgHJ8Qo,,10853,117,2026-09-08T16:42:02Z
2179,ZhNiIKISzpE,Planning Board 11.15.21  AUDIO ONLY,https://www.youtube.com/watch?v=ZhNiIKISzpE,,9213,24,2026-09-08T16:42:02Z
2180,IcCg2LnmjHg,Open Space Committee 11.09.21,https://www.youtube.com/watch?v=IcCg2LnmjHg,,3412,23,2026-09-08T16:42:02Z
2181,l0pPhBrJ69Q,TCP Building Design Committee 11.10.21,https://www.youtube.com/watch?v=l0pPhBrJ69Q,,7109,45,2026-09-08T16:42:02Z
2182,O4JGZ0unWB0,Sewer Commission 11.09.21,https://www.youtube.com/watch?v=O4JGZ0unWB0,,1521,9,2026-09-08T16:42:02Z
2183,g5mtW4gOPWk,Select Board 11.09.21,https://www.youtube.com/watch?v=g5mtW4gOPWk,,4578,67,2026-09-08T16:42:02Z
2184,xhQIMY3fMiw,"Lunenburg Storytime - The Books We Love, Season 2 Episode 4",https://www.youtube.com/watch?v=xhQIMY3fMiw,,1975,76,2026-09-08T16:42:02Z
2185,kUqJBVgp2mk,Finance Committee 11.04.21,https://www.youtube.com/watch?v=kUqJBVgp2mk,,10341,36,2026-09-08T16:42:02Z
2186,UGuehJjcTJY,"Lunenburg Historical Society-Burial Site Discovery, Lunenburg Library 11.03.21",https://www.youtube.com/watch?v=UGuehJjcTJY,,3087,454,2026-09-08T16:42:02Z
2187,4H57y3BPVh0,School Committee 11. 03. 21,https://www.youtube.com/watch?v=4H57y3BPVh0,,5474,47,2026-09-08T16:42:02Z
2188,eNevKX20RR4,Select Board 11.02.21,https://www.youtube.com/watch?v=eNevKX20RR4,,10456,101,2026-09-08T16:42:02Z
2189,kHYxErx4lno,PACC 11.01.21,https://www.youtube.com/watch?v=kHYxErx4lno,,6682,11,2026-09-08T16:42:02Z
2190,cKCE_6hsO9A,LHS Homecoming Parade 10.23.21,https://www.youtube.com/watch?v=cKCE_6hsO9A,,1935,154,2026-09-08T16:42:02Z
2191,Gp102JkcQdU,Finance Committee 10.28.21,https://www.youtube.com/watch?v=Gp102JkcQdU,,7334,57,2026-09-08T16:42:02Z
2192,wh15DKTl7b0,"Talkin' Baseball - Memories and Right Fielders, Season 7 Episode 8",https://www.youtube.com/watch?v=wh15DKTl7b0,,3563,22,2026-09-08T16:42:02Z
2193,2qUzQ4ANez4,Parks Commission 10.27.21,https://www.youtube.com/watch?v=2qUzQ4ANez4,,12500,40,2026-09-08T16:42:02Z
2194,i8JO7I5i7v0,TCP Building Design Committee 10.27.21,https://www.youtube.com/watch?v=i8JO7I5i7v0,,4212,19,2026-09-08T16:42:02Z
2195,MECy1nO1CVc,Kayla's Stories - Season 1 Episode 3,https://www.youtube.com/watch?v=MECy1nO1CVc,,809,73,2026-09-08T16:42:02Z
2196,7qll1dHSfA0,LHS Varsity Football vs West Boylston HS 10.23.21  Homecoming,https://www.youtube.com/watch?v=7qll1dHSfA0,,7964,289,2026-09-08T16:42:02Z
2197,ZiWANYcljyc,Planning Board 10.25.21,https://www.youtube.com/watch?v=ZiWANYcljyc,,4921,35,2026-09-08T16:42:02Z
2198,XKdzno_0IiQ,TCP Building Design Committee 10.20.21,https://www.youtube.com/watch?v=XKdzno_0IiQ,,3664,26,2026-09-08T16:42:02Z
2199,hShyI8G4GIQ,Select Board 10.19.21,https://www.youtube.com/watch?v=hShyI8G4GIQ,,13145,75,2026-09-08T16:42:02Z
2200,BYvQrLfOZAc,Eagle House Tea Party 10.18.21,https://www.youtube.com/watch?v=BYvQrLfOZAc,,1060,112,2026-09-08T16:42:02Z
2201,jhRTKfYiq04,"Lunenburg Storytime - The Books We Love, Season 2 Episode 3",https://www.youtube.com/watch?v=jhRTKfYiq04,,2107,45,2026-09-08T16:42:02Z
2202,bQrWKJZz-3Q,Water District 10.13.21,https://www.youtube.com/watch?v=bQrWKJZz-3Q,,1985,18,2026-09-08T16:42:02Z
2203,ueog2Zsqgtw,Finance Committee 10.14.21,https://www.youtube.com/watch?v=ueog2Zsqgtw,,6906,29,2026-09-08T16:42:02Z
2204,wkd8HZfb05w,Sewer Commission 10.12.21,https://www.youtube.com/watch?v=wkd8HZfb05w,,2209,7,2026-09-08T16:42:02Z
2205,muorV2PV6RA,TCP Building Design Committee 10.06.21,https://www.youtube.com/watch?v=muorV2PV6RA,,6805,12,2026-09-08T16:42:02Z
2206,0O1c9uX7Epo,Select Board 10.12.21,https://www.youtube.com/watch?v=0O1c9uX7Epo,,10029,59,2026-09-08T16:42:02Z
2207,ptxtOV5k_I8,LHS Varsity Football vs Gardner HS 10.08.21,https://www.youtube.com/watch?v=ptxtOV5k_I8,,6581,376,2026-09-08T16:42:02Z
2208,cmyWUZzeBS0,Finance Committee 10.07.21,https://www.youtube.com/watch?v=cmyWUZzeBS0,,4963,18,2026-09-08T16:42:02Z
2209,bCA3e54lHd8,School Committee 10.06.21,https://www.youtube.com/watch?v=bCA3e54lHd8,,6146,57,2026-09-08T16:42:02Z
2210,B1EPCEGkMMA,"Lunenburg Storytime - The Books We Love, Season 2 Episode 2",https://www.youtube.com/watch?v=B1EPCEGkMMA,,1787,18,2026-09-08T16:42:02Z
2211,uuKWaPF8_d0,Select Board 10.05.21,https://www.youtube.com/watch?v=uuKWaPF8_d0,,6879,62,2026-09-08T16:42:02Z
2212,23LAN8xu2dE,Parks Commission 09.27.21,https://www.youtube.com/watch?v=23LAN8xu2dE,,6388,18,2026-09-08T16:42:02Z
2213,r2lNTkCo33w,TCP Building Design Committee 08.25.21,https://www.youtube.com/watch?v=r2lNTkCo33w,,3216,12,2026-09-08T16:42:02Z
2214,qhNJ8lpWDyE,Sewer Commission 09.28.21,https://www.youtube.com/watch?v=qhNJ8lpWDyE,,2833,11,2026-09-08T16:42:02Z
2215,EdRVG7k40jk,School Committee Special Meeting 09.25.21,https://www.youtube.com/watch?v=EdRVG7k40jk,,311,34,2026-09-08T16:42:02Z
2216,Q_H6lu9gT-0,Uma Flowers Community Outreach Meeting 09.28.21,https://www.youtube.com/watch?v=Q_H6lu9gT-0,,3978,57,2026-09-08T16:42:02Z
2217,RTn7O7DrG8E,TCP Building Design Committee 09.08.21,https://www.youtube.com/watch?v=RTn7O7DrG8E,,5093,10,2026-09-08T16:42:02Z
2218,wKhy5PIxBJM,TCP Building Design Committee 09.22.21,https://www.youtube.com/watch?v=wKhy5PIxBJM,,8881,14,2026-09-08T16:42:02Z
2219,o5Gm3hnO8hs,Planning Board 09.27.21  Part2,https://www.youtube.com/watch?v=o5Gm3hnO8hs,,6500,36,2026-09-08T16:42:02Z
2220,enfAb9cPlto,Planning Board 09.27.21 Part1,https://www.youtube.com/watch?v=enfAb9cPlto,,3494,39,2026-09-08T16:42:02Z
2221,eZBMAxucDn0,LHS Varsity Football vs Oxford HS 09.24.21,https://www.youtube.com/watch?v=eZBMAxucDn0,,8691,567,2026-09-08T16:42:02Z
2222,gslPh-rXx9M,Finance Committee  09.23.21,https://www.youtube.com/watch?v=gslPh-rXx9M,,8518,21,2026-09-08T16:42:02Z
2223,zSCSeU_S5Ts,Lunenburg Water District 09.22.21,https://www.youtube.com/watch?v=zSCSeU_S5Ts,,1048,38,2026-09-08T16:42:02Z
2224,6lMmk5ATtgo,Eagle House Volunteer Recognition Breakfast 09.20.21,https://www.youtube.com/watch?v=6lMmk5ATtgo,,1185,39,2026-09-08T16:42:02Z
2225,AzC_NbNjg7A,Ted Reinstein at The Eagle House 09.14.21,https://www.youtube.com/watch?v=AzC_NbNjg7A,,3025,17,2026-09-08T16:42:02Z
2226,e2WD_vvIVV0,Select Board 09.21.21,https://www.youtube.com/watch?v=e2WD_vvIVV0,,4911,66,2026-09-08T16:42:02Z
2227,WslFiukVmvE,Sewer Commission 09.14.21,https://www.youtube.com/watch?v=WslFiukVmvE,,3172,18,2026-09-08T16:42:02Z
2228,i_sgrqihlyA,LHS Varsity Football vs Bartlett HS 09.10.21  FULL GAME,https://www.youtube.com/watch?v=i_sgrqihlyA,,4623,391,2026-09-08T16:42:02Z
2229,Qnl8kcVm8GM,School Committee 09.15.21,https://www.youtube.com/watch?v=Qnl8kcVm8GM,,6012,76,2026-09-08T16:42:02Z
2230,ynzScb83-P8,"Talkin' Baseball-Season 7, Episode 7",https://www.youtube.com/watch?v=ynzScb83-P8,,3604,30,2026-09-08T16:42:02Z
2231,HJFRUK7y39g,Conservation Commission 09.15.21,https://www.youtube.com/watch?v=HJFRUK7y39g,,6151,106,2026-09-08T16:42:02Z
2232,lNXaejMp3Zo,Conservation Commission 09.01.21,https://www.youtube.com/watch?v=lNXaejMp3Zo,,4751,47,2026-09-08T16:42:02Z
2233,r1xcigjMEnI,Select Board 09.14.21,https://www.youtube.com/watch?v=r1xcigjMEnI,,7250,55,2026-09-08T16:42:02Z
2234,P7YOWCV-NkE,Lance May Cemetery Garage Dedication,https://www.youtube.com/watch?v=P7YOWCV-NkE,,1371,128,2026-09-08T16:42:02Z
2235,G7LRNRLnW2k,PACC 09.13.21,https://www.youtube.com/watch?v=G7LRNRLnW2k,,4531,10,2026-09-08T16:42:02Z
2236,uiARKx_LS6A,Planning Board 09.13.21,https://www.youtube.com/watch?v=uiARKx_LS6A,,11139,121,2026-09-08T16:42:02Z
2237,wgQNBSzvL8s,LHS Varsity Football vs. Bartlett HS 09.10.21,https://www.youtube.com/watch?v=wgQNBSzvL8s,,2276,256,2026-09-08T16:42:02Z
2238,M0iE9Zp_ywY,Water District 09.08.21,https://www.youtube.com/watch?v=M0iE9Zp_ywY,,2768,18,2026-09-08T16:42:02Z
2239,KnaBTOgjiLc,Finance Committee 09.09.21,https://www.youtube.com/watch?v=KnaBTOgjiLc,,5564,44,2026-09-08T16:42:02Z
2240,TzE2p4QnqYo,"Lunenburg Storytime - The Books We Love, Season 2 Episode 1",https://www.youtube.com/watch?v=TzE2p4QnqYo,,1796,28,2026-09-08T16:42:02Z
2241,2PYQdw_bg-E,Select Board 09.07.21,https://www.youtube.com/watch?v=2PYQdw_bg-E,,6501,79,2026-09-08T16:42:02Z
2242,Of1nk60URA8,The Life and Times of Fred Cuddy - WWII Veteran 08.25.21,https://www.youtube.com/watch?v=Of1nk60URA8,,2499,580,2026-09-08T16:42:02Z
2243,yIroL4PtIuw,School Committee 09.01.21,https://www.youtube.com/watch?v=yIroL4PtIuw,,5131,88,2026-09-08T16:42:02Z
2244,tPdpklZ0snY,Finance Committee 08.26.21,https://www.youtube.com/watch?v=tPdpklZ0snY,,5473,41,2026-09-08T16:42:02Z
2245,dI8A3M0D3hg,Green Community Task Force 08.24.21,https://www.youtube.com/watch?v=dI8A3M0D3hg,,2803,24,2026-09-08T16:42:02Z
2246,Lc_hiBxmo9g,Parks Commission 08.25.21,https://www.youtube.com/watch?v=Lc_hiBxmo9g,,7135,54,2026-09-08T16:42:02Z
2247,1TdZen534xs,Select Board 08.24.21,https://www.youtube.com/watch?v=1TdZen534xs,,5752,62,2026-09-08T16:42:02Z
2248,HqsOjFoYrzI,Planning Board 08.23.21,https://www.youtube.com/watch?v=HqsOjFoYrzI,,13083,118,2026-09-08T16:42:02Z
2249,NU9-OUyRWFw,"Lunenburg Storytime-The Books We Love, Season 1 Episode18",https://www.youtube.com/watch?v=NU9-OUyRWFw,,1674,27,2026-09-08T16:42:02Z
2250,UjXpR17ajN4,School Committee 08.18.21,https://www.youtube.com/watch?v=UjXpR17ajN4,,6677,139,2026-09-08T16:42:02Z
2251,T3kBrI9807I,Conservation Commission 08.18.21,https://www.youtube.com/watch?v=T3kBrI9807I,,8651,106,2026-09-08T16:42:02Z
2252,3GiJWpjJaR0,Select Board 08.17.21,https://www.youtube.com/watch?v=3GiJWpjJaR0,,5194,74,2026-09-08T16:42:02Z
2253,ZBYyoyyTYEE,Finance Committee 08.12.21,https://www.youtube.com/watch?v=ZBYyoyyTYEE,,10260,74,2026-09-08T16:42:02Z
2254,o1ymfeGn6Rk,Lunenburg Water District 08.11.21,https://www.youtube.com/watch?v=o1ymfeGn6Rk,,2066,21,2026-09-08T16:42:02Z
2255,MutKtFEgSmk,Talkin' Baseball - Season 7  Episode 6,https://www.youtube.com/watch?v=MutKtFEgSmk,,3459,22,2026-09-08T16:42:02Z
2256,l9qBQ-Z6dMM,"Lunenburg Storytime - The Books We Love, Season 1 Episode 17",https://www.youtube.com/watch?v=l9qBQ-Z6dMM,,1630,87,2026-09-08T16:42:02Z
2257,bwgVV8HCFG8,Sewer Commission 08.10.21,https://www.youtube.com/watch?v=bwgVV8HCFG8,,2942,19,2026-09-08T16:42:02Z
2258,FrY7REt8ZTc,Select Board 08.10.21,https://www.youtube.com/watch?v=FrY7REt8ZTc,,2464,50,2026-09-08T16:42:02Z
2259,cZ_ZI33dx68,Select Board - 40B Presentation 08.03.21,https://www.youtube.com/watch?v=cZ_ZI33dx68,,7899,169,2026-09-08T16:42:02Z
2260,vJ7-PEOkUdE,Conservation Commission 08.04.21,https://www.youtube.com/watch?v=vJ7-PEOkUdE,,8676,52,2026-09-08T16:42:02Z
2261,GMPCRaSz98I,PACC 08.02.21,https://www.youtube.com/watch?v=GMPCRaSz98I,,2028,11,2026-09-08T16:42:02Z
2262,GsEbv00QEXQ,Parks Commission 07.28.21,https://www.youtube.com/watch?v=GsEbv00QEXQ,,7799,29,2026-09-08T16:42:02Z
2263,rFzF87gyWvg,Lunenburg Storytime - The Books We Love S1Ep14,https://www.youtube.com/watch?v=rFzF87gyWvg,,1298,25,2026-09-08T16:42:02Z
2264,65RB6G28I6A,Lunenburg Storytime - The Books We Love S1 Ep10,https://www.youtube.com/watch?v=65RB6G28I6A,,1324,24,2026-09-08T16:42:02Z
2265,ixqRzaiLCt4,Select Board 07.27.21,https://www.youtube.com/watch?v=ixqRzaiLCt4,,4917,58,2026-09-08T16:42:02Z
2266,cXXD9-Bd64k,Sewer Commission 07.27.21,https://www.youtube.com/watch?v=cXXD9-Bd64k,,2629,12,2026-09-08T16:42:02Z
2267,WfXwWbMaKXM,Lunenburg Storytime - The Books We Love S1 Ep16,https://www.youtube.com/watch?v=WfXwWbMaKXM,,1643,30,2026-09-08T16:42:02Z
2268,s0GMIYdr7hk,Kayla's Stories S1 Ep 2,https://www.youtube.com/watch?v=s0GMIYdr7hk,,803,19,2026-09-08T16:42:02Z
2269,jl3SOthWJHg,Planning Board 07.26.21,https://www.youtube.com/watch?v=jl3SOthWJHg,,4161,31,2026-09-08T16:42:02Z
2270,5jKVTmG37o4,Personnel Committee 07.22.21,https://www.youtube.com/watch?v=5jKVTmG37o4,,992,26,2026-09-08T16:42:02Z
2271,Ptge-y5lLTc,Finance Committe 07.22.21,https://www.youtube.com/watch?v=Ptge-y5lLTc,,2578,27,2026-09-08T16:42:02Z
2272,91EEb--f1lw,Lunenburg Water District 072121,https://www.youtube.com/watch?v=91EEb--f1lw,,1830,40,2026-09-08T16:42:02Z
2273,VCJlA5dEpnE,Lunenburg Water District 071421,https://www.youtube.com/watch?v=VCJlA5dEpnE,,2539,17,2026-09-08T16:42:02Z
2274,UDJLU3TaTiE,Conservation Commission 07.21.21,https://www.youtube.com/watch?v=UDJLU3TaTiE,,10156,60,2026-09-08T16:42:02Z
2275,MsVpVaPr_zg,Lunenburg Water District 07.14.21,https://www.youtube.com/watch?v=MsVpVaPr_zg,,2539,19,2026-09-08T16:42:02Z
2276,MNp52uaSBQw,Sewer Commission 07.13.21,https://www.youtube.com/watch?v=MNp52uaSBQw,,2194,13,2026-09-08T16:42:02Z
2277,hRCmtFn3EsI,PACC 07.15.21,https://www.youtube.com/watch?v=hRCmtFn3EsI,,3622,8,2026-09-08T16:42:02Z
2278,n5n5igiw7eU,Parks Commission 07.14.21,https://www.youtube.com/watch?v=n5n5igiw7eU,,9679,44,2026-09-08T16:42:02Z
2279,h47E2wNF1ig,"Talkin' Baseball - The F Bomb Card, Season 7 Episode 5",https://www.youtube.com/watch?v=h47E2wNF1ig,,3573,29,2026-09-08T16:42:02Z
2280,HdUOamWtx8w,Zoning Board of Appeals 07.14.21,https://www.youtube.com/watch?v=HdUOamWtx8w,,1131,20,2026-09-08T16:42:02Z
2281,WWNHQlqq5Og,Select Board 07.13.21,https://www.youtube.com/watch?v=WWNHQlqq5Og,,9605,50,2026-09-08T16:42:02Z
2282,C26B4VgDYt0,Planning Board 07.12.21,https://www.youtube.com/watch?v=C26B4VgDYt0,,9179,35,2026-09-08T16:42:02Z
2283,eK06js9owF0,Finance Committee 07.08.21,https://www.youtube.com/watch?v=eK06js9owF0,,9675,44,2026-09-08T16:42:02Z
2284,Ai6dlIk4ITs,Conservation Commission 07.07.21,https://www.youtube.com/watch?v=Ai6dlIk4ITs,,10350,47,2026-09-08T16:42:02Z
2285,oNUuzKWpLQA,Parks Commission 06.30.21,https://www.youtube.com/watch?v=oNUuzKWpLQA,,9155,39,2026-09-08T16:42:02Z
2286,yQoBTIFOVKQ,The Wall that Heals - Rememberance Ceremony 07.03.21,https://www.youtube.com/watch?v=yQoBTIFOVKQ,,2302,27,2026-09-08T16:42:02Z
2287,LHITH18_n9Q,Hickory Hills Boat Parade 2021,https://www.youtube.com/watch?v=LHITH18_n9Q,,381,259,2026-09-08T16:42:02Z
2288,ZSpzs6LggRM,Select Board 07.06.21,https://www.youtube.com/watch?v=ZSpzs6LggRM,,3221,28,2026-09-08T16:42:02Z
2289,wtvHr5NTDFY,Lunenburg Storytime - Season1 Episode 15,https://www.youtube.com/watch?v=wtvHr5NTDFY,,1450,29,2026-09-08T16:42:02Z
2290,FBqpmigsOgA,The Wall That Heals - 06.29.21,https://www.youtube.com/watch?v=FBqpmigsOgA,,225,83,2026-09-08T16:42:02Z
2291,9e_8_pG7SSM,Sewer Commission 06.29.21,https://www.youtube.com/watch?v=9e_8_pG7SSM,,2399,38,2026-09-08T16:42:02Z
2292,aZ1K5gJydx0,Planning Board 06.28.21,https://www.youtube.com/watch?v=aZ1K5gJydx0,,9181,56,2026-09-08T16:42:02Z
2293,J59e49c7rlY,School Committee 06.21.21,https://www.youtube.com/watch?v=J59e49c7rlY,,4189,66,2026-09-08T16:42:02Z
2294,-M-gk3uiUSI,"Kayla's Stories - Season 1, Episode 1",https://www.youtube.com/watch?v=-M-gk3uiUSI,,845,82,2026-09-08T16:42:02Z
2295,9-rbJ7rQdlA,Select Board 06.22.21,https://www.youtube.com/watch?v=9-rbJ7rQdlA,,3696,97,2026-09-08T16:42:02Z
2296,qropiCiLQ4w,Water District 05.12.21,https://www.youtube.com/watch?v=qropiCiLQ4w,,1040,17,2026-09-08T16:42:02Z
2297,Shvh1cVcpNk,Finance Committee 06.17.21,https://www.youtube.com/watch?v=Shvh1cVcpNk,,5612,19,2026-09-08T16:42:02Z
2298,T1fKs8Ke4-4,School Committee 06.16.21,https://www.youtube.com/watch?v=T1fKs8Ke4-4,,5719,77,2026-09-08T16:42:02Z
2299,3eCUbCKoMOs,Conservation Commission 06.16.21,https://www.youtube.com/watch?v=3eCUbCKoMOs,,13915,66,2026-09-08T16:42:02Z
2300,_om8MeGWsXM,Sewer Commission 06.08.21,https://www.youtube.com/watch?v=_om8MeGWsXM,,4579,11,2026-09-08T16:42:02Z
2301,AaY0CHW-KBQ,Planning Board 06.14.21,https://www.youtube.com/watch?v=AaY0CHW-KBQ,,6251,11,2026-09-08T16:42:02Z
2302,18Cy3lYZxTk,Zoning Board of Appeals 06.09.21,https://www.youtube.com/watch?v=18Cy3lYZxTk,,6695,13,2026-09-08T16:42:02Z
2303,dWqpWSkTvq4,Select Board 06.08.21,https://www.youtube.com/watch?v=dWqpWSkTvq4,,6992,28,2026-09-08T16:42:02Z
2304,yOGqTfgw3TY,Select Board 06.15.21,https://www.youtube.com/watch?v=yOGqTfgw3TY,,7408,47,2026-09-08T16:42:02Z
2305,q3_bXjpa-zk,Board of Health 06.07.21,https://www.youtube.com/watch?v=q3_bXjpa-zk,,2583,39,2026-09-08T16:42:02Z
2306,vqg-yKNJaFM,Personnel Committee 06.03.21,https://www.youtube.com/watch?v=vqg-yKNJaFM,,1620,33,2026-09-08T16:42:02Z
2307,IBgGHsT0idY,LHS Graduation 2021,https://www.youtube.com/watch?v=IBgGHsT0idY,,4502,821,2026-09-08T16:42:02Z
2308,B33EhfGynCY,School Committee 06.03.21,https://www.youtube.com/watch?v=B33EhfGynCY,,7491,50,2026-09-08T16:42:02Z
2309,IJlwaMljyEM,"Talkin' Baseball - Season 7, Episode 4",https://www.youtube.com/watch?v=IJlwaMljyEM,,3598,35,2026-09-08T16:42:02Z
2310,N16wpi3ZvvY,Conservation Commission 06.02.21,https://www.youtube.com/watch?v=N16wpi3ZvvY,,11612,70,2026-09-08T16:42:02Z
2311,Hb1E1VCgbEk,Select Board 06.01.21,https://www.youtube.com/watch?v=Hb1E1VCgbEk,,9468,112,2026-09-08T16:42:02Z
2312,W0URhuYEQiI,"Lunenburg Storytime, The Books We Love - Season 1 Episode 13",https://www.youtube.com/watch?v=W0URhuYEQiI,,1054,71,2026-09-08T16:42:02Z
2313,43okAkHXeuw,"Lunenburg Memorial Day Ceremony - May 31, 2021",https://www.youtube.com/watch?v=43okAkHXeuw,,2451,198,2026-09-08T16:42:02Z
2314,P-9UuHUergI,Lunenburg Water District 05.26.21,https://www.youtube.com/watch?v=P-9UuHUergI,,2940,30,2026-09-08T16:42:02Z
2315,Ld_D_xgTGbQ,Architectural Preservation District Committee 05.26.21,https://www.youtube.com/watch?v=Ld_D_xgTGbQ,,2500,22,2026-09-08T16:42:02Z
2316,U-fEZVOsZN0,TCP Building Design Committee 05.26.21,https://www.youtube.com/watch?v=U-fEZVOsZN0,,3338,23,2026-09-08T16:42:02Z
2317,KUOio9SjhOk,Parks Commission 05.26.21,https://www.youtube.com/watch?v=KUOio9SjhOk,,6613,23,2026-09-08T16:42:02Z
2318,qlZmweZHHTQ,Zoning Board of Appeals 05.26.21,https://www.youtube.com/watch?v=qlZmweZHHTQ,,998,13,2026-09-08T16:42:02Z
2319,Yp7icrEgRRU,Sewer Commission 05.26.21,https://www.youtube.com/watch?v=Yp7icrEgRRU,,5426,15,2026-09-08T16:42:02Z
2320,kw63sgCK9iE,Green Community Task Force 05.19.21,https://www.youtube.com/watch?v=kw63sgCK9iE,,5197,7,2026-09-08T16:42:02Z
2321,PwSN-BT8oes,Board of Health 05.17.21,https://www.youtube.com/watch?v=PwSN-BT8oes,,1779,13,2026-09-08T16:42:02Z
2322,aZpmdyOT8vM,Open Space Committee 05.18.21,https://www.youtube.com/watch?v=aZpmdyOT8vM,,7594,29,2026-09-08T16:42:02Z
2323,E9wfB6C9GT4,Planning Board 05.24.21,https://www.youtube.com/watch?v=E9wfB6C9GT4,,10458,193,2026-09-08T16:42:02Z
2324,ujuODq4l2e0,Library Board of Trustees 05.20.21,https://www.youtube.com/watch?v=ujuODq4l2e0,,9084,9,2026-09-08T16:42:02Z
2325,i0jbpOOlHOc,Agricultural Commission 05.20.21,https://www.youtube.com/watch?v=i0jbpOOlHOc,,3813,22,2026-09-08T16:42:02Z
2326,RtTlzOooVvc,Conservation Commission 05.19.21,https://www.youtube.com/watch?v=RtTlzOooVvc,,16267,86,2026-09-08T16:42:02Z
2327,xau0w_u2BQc,School Committee 05.19.21,https://www.youtube.com/watch?v=xau0w_u2BQc,,4546,40,2026-09-08T16:42:02Z
2328,KbuXbvoiGyw,Select Board 05.18.21,https://www.youtube.com/watch?v=KbuXbvoiGyw,,6743,92,2026-09-08T16:42:02Z
2329,05MqeNVvmeE,Finance Committee 05.13.21,https://www.youtube.com/watch?v=05MqeNVvmeE,,4260,18,2026-09-08T16:42:02Z
2330,wzNBqiYXyP4,Talkin' Baseball S7 Episode 3,https://www.youtube.com/watch?v=wzNBqiYXyP4,,3528,20,2026-09-08T16:42:02Z
2331,FVKo7gFjOBo,Lunenburg Water District 05.12.21,https://www.youtube.com/watch?v=FVKo7gFjOBo,,1040,25,2026-09-08T16:42:02Z
2332,PP5Cy9ESx48,Sewer Commission 05.11.21,https://www.youtube.com/watch?v=PP5Cy9ESx48,,2985,12,2026-09-08T16:42:02Z
2333,290veN3iYsM,Select Board Meeting 05.11.21,https://www.youtube.com/watch?v=290veN3iYsM,,3859,61,2026-09-08T16:42:02Z
2334,jc139QFTsxE,Planning Board 05.10.21,https://www.youtube.com/watch?v=jc139QFTsxE,,13289,38,2026-09-08T16:42:02Z
2335,VITUKfmTmcg,Conservation Commission 05.05.21,https://www.youtube.com/watch?v=VITUKfmTmcg,,15636,108,2026-09-08T16:42:02Z
2336,J1d9t1wu64w,School Committee 05.05.21,https://www.youtube.com/watch?v=J1d9t1wu64w,,4685,47,2026-09-08T16:42:02Z
2337,pv7i2AjCQpY,"Select Board Meeting 05,04,21",https://www.youtube.com/watch?v=pv7i2AjCQpY,,7169,64,2026-09-08T16:42:02Z
2338,O75g0MJUfBc,Board of Health 05.03.21,https://www.youtube.com/watch?v=O75g0MJUfBc,,1777,19,2026-09-08T16:42:02Z
2339,VCf34KAB55E,PACC 05.03.21,https://www.youtube.com/watch?v=VCf34KAB55E,,2856,8,2026-09-08T16:42:02Z
2340,gx1til74EIw,Town Meeting 05.01.21,https://www.youtube.com/watch?v=gx1til74EIw,,23044,223,2026-09-08T16:42:02Z
2341,uZCJDM7s_7E,Finance Committee 04.29.21,https://www.youtube.com/watch?v=uZCJDM7s_7E,,6578,19,2026-09-08T16:42:02Z
2342,SnY_JZuUfNc,Water District 04.28.21,https://www.youtube.com/watch?v=SnY_JZuUfNc,,1246,17,2026-09-08T16:42:02Z
2343,tw7cD5etR6I,Parks Commission 04.28.21,https://www.youtube.com/watch?v=tw7cD5etR6I,,8838,22,2026-09-08T16:42:02Z
2344,glwajvk5gqE,Architectural Preservation District Committee 04.28.21,https://www.youtube.com/watch?v=glwajvk5gqE,,3199,7,2026-09-08T16:42:02Z
2345,QwyFHdRbtLk,School Committee 04.28.20,https://www.youtube.com/watch?v=QwyFHdRbtLk,,6740,16,2026-09-08T16:42:02Z
2346,j0Sz5YCFizc,Voice of the People,https://www.youtube.com/watch?v=j0Sz5YCFizc,,1287,11,2026-09-08T16:42:02Z
2347,KdiUkTbz3pQ,Town Meeting and You,https://www.youtube.com/watch?v=KdiUkTbz3pQ,,1913,10,2026-09-08T16:42:02Z
2348,5mann2BRZGs,Select Board 04.27.21,https://www.youtube.com/watch?v=5mann2BRZGs,,7214,169,2026-09-08T16:42:02Z
2349,2PogH34h-jI,Planning Board 04.26.21,https://www.youtube.com/watch?v=2PogH34h-jI,,7094,24,2026-09-08T16:42:02Z
2350,M9pPlX-4-Gc,Cemetary Commission 04.22.21,https://www.youtube.com/watch?v=M9pPlX-4-Gc,,3043,17,2026-09-08T16:42:02Z
2351,texxekoncIg,Finance Committee 04.22.21,https://www.youtube.com/watch?v=texxekoncIg,,2780,16,2026-09-08T16:42:02Z
2352,yANzQRvDjx4,Conservation Commission 04.21.21,https://www.youtube.com/watch?v=yANzQRvDjx4,,12903,60,2026-09-08T16:42:02Z
2353,CUkYBRie8Og,TCP Building Design Committee 04.21.21,https://www.youtube.com/watch?v=CUkYBRie8Og,,4037,15,2026-09-08T16:42:02Z
2354,eu-L5a1cFOc,LHS Varsity Football vs Narragansett Regional HS 04.19.21,https://www.youtube.com/watch?v=eu-L5a1cFOc,,7541,363,2026-09-08T16:42:02Z
2355,we1s4NXZINc,Library Board of Trustees 04.15.21,https://www.youtube.com/watch?v=we1s4NXZINc,,4845,10,2026-09-08T16:42:02Z
2356,Bs_tC6Pp6bY,Agricultural Commission 04.15.21,https://www.youtube.com/watch?v=Bs_tC6Pp6bY,,3400,17,2026-09-08T16:42:02Z
2357,0FSpVhpM7J0,Lunenburg Water District Meeting 04.14.21,https://www.youtube.com/watch?v=0FSpVhpM7J0,,4229,135,2026-09-08T16:42:02Z
2358,FuccNZr2EKc,Zoning Board of Appeals 04.14.21,https://www.youtube.com/watch?v=FuccNZr2EKc,,9006,19,2026-09-08T16:42:02Z
2359,TvBbMEMktBE,Sewer Commission 04.13.21,https://www.youtube.com/watch?v=TvBbMEMktBE,,6107,41,2026-09-08T16:42:02Z
2360,ndD7gM_pgWA,Select Board 04.13.21,https://www.youtube.com/watch?v=ndD7gM_pgWA,,6019,49,2026-09-08T16:42:02Z
2361,_NmgeJJjUEM,Planning Board 04.12.21,https://www.youtube.com/watch?v=_NmgeJJjUEM,,7624,30,2026-09-08T16:42:02Z
2362,edK0hXcnJYQ,LHS Football vs Quabbin Regional HS 04.09.21,https://www.youtube.com/watch?v=edK0hXcnJYQ,,9922,457,2026-09-08T16:42:02Z
2363,bH8I43bC39A,Finance Committee 04.08.21,https://www.youtube.com/watch?v=bH8I43bC39A,,4503,19,2026-09-08T16:42:02Z
2364,CG8guNfRAKQ,Conservation Commission 04.08.21,https://www.youtube.com/watch?v=CG8guNfRAKQ,,16531,61,2026-09-08T16:42:02Z
2365,6bBnFmMSemQ,"Lunenburg Storytime - The Books We Love, Season 1 Episode 12",https://www.youtube.com/watch?v=6bBnFmMSemQ,,1777,109,2026-09-08T16:42:02Z
2366,aEt0JnSaVGs,TCP Building Design Committee 04.07.21,https://www.youtube.com/watch?v=aEt0JnSaVGs,,2863,10,2026-09-08T16:42:02Z
2367,yD_xTVE98Wc,School  Committee 04.07.21,https://www.youtube.com/watch?v=yD_xTVE98Wc,,9759,56,2026-09-08T16:42:02Z
2368,eaB2X8oVH3s,Board of Health 04.05.21,https://www.youtube.com/watch?v=eaB2X8oVH3s,,3862,18,2026-09-08T16:42:02Z
2369,5-qwXbzFwvw,Select Board  04.06.21,https://www.youtube.com/watch?v=5-qwXbzFwvw,,5519,63,2026-09-08T16:42:02Z
2370,nMpJYx3cvFY,Capital Planning 04.06.21,https://www.youtube.com/watch?v=nMpJYx3cvFY,,1569,5,2026-09-08T16:42:02Z
2371,f4x650CpKV8,St. Boniface Mass - Easter Vigil 2021,https://www.youtube.com/watch?v=f4x650CpKV8,,7709,16,2026-09-08T16:42:02Z
2372,_HFh4qzinZw,LHS Football vs Ayer Shirley 04.02.21,https://www.youtube.com/watch?v=_HFh4qzinZw,,7581,656,2026-09-08T16:42:02Z
2373,XLIaMgTMmpM,PACC 04.05.21,https://www.youtube.com/watch?v=XLIaMgTMmpM,,1661,7,2026-09-08T16:42:02Z
2374,a9mIz-HicK8,"Talkin' Baseball - ""They're Back"", Season 7 Episode 2",https://www.youtube.com/watch?v=a9mIz-HicK8,,3498,34,2026-09-08T16:42:02Z
2375,rXSTNCSBynM,Select Board 04.01.21,https://www.youtube.com/watch?v=rXSTNCSBynM,,597,25,2026-09-08T16:42:02Z
2376,ZDX6XQvdNAg,Water District Annual Meeting 03.27.21,https://www.youtube.com/watch?v=ZDX6XQvdNAg,,1723,42,2026-09-08T16:42:02Z
2377,bXMUbb0sCaE,Capital Planning Committee 03.30.21,https://www.youtube.com/watch?v=bXMUbb0sCaE,,1107,6,2026-09-08T16:42:02Z
2378,TwO7DRRvduc,Sewer Commission 03/30/21,https://www.youtube.com/watch?v=TwO7DRRvduc,,5508,25,2026-09-08T16:42:02Z
2379,tLFMP8RQtLg,Select Board 03-30-21,https://www.youtube.com/watch?v=tLFMP8RQtLg,,8555,50,2026-09-08T16:42:02Z
2380,vyEv5z9G5AA,Parks 3/29/21,https://www.youtube.com/watch?v=vyEv5z9G5AA,,5311,30,2026-09-08T16:42:02Z
2381,hxysCwtUdS0,Library Board of Trustees 03.25.21,https://www.youtube.com/watch?v=hxysCwtUdS0,,4656,6,2026-09-08T16:42:02Z
2382,uAiwNTjx1kQ,Historical Commission 03.25.21,https://www.youtube.com/watch?v=uAiwNTjx1kQ,,3694,13,2026-09-08T16:42:02Z
2383,7gYgK9UngKw,Finance Committee 03.25.21,https://www.youtube.com/watch?v=7gYgK9UngKw,,8828,15,2026-09-08T16:42:02Z
2384,NwICUH1STEc,APDC 03.24.21,https://www.youtube.com/watch?v=NwICUH1STEc,,3273,29,2026-09-08T16:42:02Z
2385,gsuy2DTKYHo,Lunenburg Water District 03.24.21,https://www.youtube.com/watch?v=gsuy2DTKYHo,,602,58,2026-09-08T16:42:02Z
2386,wBH6iwFJFEo,Personnel Committee 03.23.21,https://www.youtube.com/watch?v=wBH6iwFJFEo,,989,16,2026-09-08T16:42:02Z
2387,Jxfyx82u3ks,Storm Water Task Force 03.23.21,https://www.youtube.com/watch?v=Jxfyx82u3ks,,4859,34,2026-09-08T16:42:02Z
2388,AcLd1HxBA6k,Planning Board 03.22.21,https://www.youtube.com/watch?v=AcLd1HxBA6k,,8647,23,2026-09-08T16:42:02Z
2389,DHV2JkmUM7M,"Lunenburg Storytime - The Books We Love Season 1, Episode 11",https://www.youtube.com/watch?v=DHV2JkmUM7M,,1475,26,2026-09-08T16:42:02Z
2390,qD3MFRZsfDk,St. Boniface Mass 03.20.21,https://www.youtube.com/watch?v=qD3MFRZsfDk,,3155,16,2026-09-08T16:42:02Z
2391,YT93Y-l4Kg4,Agricultural Comission 03.18.21,https://www.youtube.com/watch?v=YT93Y-l4Kg4,,1814,5,2026-09-08T16:42:02Z
2392,jQAj16kJQlc,Finance Committee 03.18.21,https://www.youtube.com/watch?v=jQAj16kJQlc,,10984,12,2026-09-08T16:42:02Z
2393,8wx3dXV5Eyo,SchoolComm031721,https://www.youtube.com/watch?v=8wx3dXV5Eyo,,9959,33,2026-09-08T16:42:02Z
2394,j7DSdOb1Lew,TCP Building Design Committee 03.17.21,https://www.youtube.com/watch?v=j7DSdOb1Lew,,2851,8,2026-09-08T16:42:02Z
2395,QNjdayDLXW8,Conservation Commission 03.17.21,https://www.youtube.com/watch?v=QNjdayDLXW8,,16878,39,2026-09-08T16:42:02Z
2396,PeAdznzwsYw,Open Space Committee 03.16.21,https://www.youtube.com/watch?v=PeAdznzwsYw,,2843,8,2026-09-08T16:42:02Z
2397,ik0fTEVC4xg,Select Board Meeting 03.16.21,https://www.youtube.com/watch?v=ik0fTEVC4xg,,9079,51,2026-09-08T16:42:02Z
2398,X2msyanuRDM,Board of Health 03.15.21,https://www.youtube.com/watch?v=X2msyanuRDM,,1134,19,2026-09-08T16:42:02Z
2399,3nUdXD4mxpI,Water District 03.10.21,https://www.youtube.com/watch?v=3nUdXD4mxpI,,681,113,2026-09-08T16:42:02Z
2400,ECPjzDPjb4U,Finance Committee 03.11.21,https://www.youtube.com/watch?v=ECPjzDPjb4U,,10171,19,2026-09-08T16:42:02Z
2401,tuqHzauu1v8,Green Leaf Botanicals Community Outreach 03/10/21,https://www.youtube.com/watch?v=tuqHzauu1v8,,4668,20,2026-09-08T16:42:02Z
2402,OYpZts1FJ1c,Sewer Commission 03.09.21,https://www.youtube.com/watch?v=OYpZts1FJ1c,,3386,26,2026-09-08T16:42:02Z
2403,o6YWn4p8QFA,Select Board 03.09.21,https://www.youtube.com/watch?v=o6YWn4p8QFA,,8545,49,2026-09-08T16:42:02Z
2404,ul3VxUQbeu4,Personnel Committee 03.08.21,https://www.youtube.com/watch?v=ul3VxUQbeu4,,3538,12,2026-09-08T16:42:02Z
2405,iP-6tVuH2Ik,Planning Board 03.08.21,https://www.youtube.com/watch?v=iP-6tVuH2Ik,,10600,20,2026-09-08T16:42:02Z
2406,f7g0rqQKJwA,Select Board 03.02.21,https://www.youtube.com/watch?v=f7g0rqQKJwA,,12140,47,2026-09-08T16:42:02Z
2407,HyU6feSTUSw,St. Boniface Mass 03.06.21,https://www.youtube.com/watch?v=HyU6feSTUSw,,3120,14,2026-09-08T16:42:02Z
2408,MAUZM8kelQ4,Capital Planning Committee 03.04.21,https://www.youtube.com/watch?v=MAUZM8kelQ4,,3467,13,2026-09-08T16:42:02Z
2409,aGalb398DlQ,Conservation Commission 03.03.21,https://www.youtube.com/watch?v=aGalb398DlQ,,18318,114,2026-09-08T16:42:02Z
2410,_bPz3laZjho,Finance Committee 03.04.21,https://www.youtube.com/watch?v=_bPz3laZjho,,9874,38,2026-09-08T16:42:02Z
2411,0GK8Ylurhcw,TCP Building Design Committee 03.03.21,https://www.youtube.com/watch?v=0GK8Ylurhcw,,3706,17,2026-09-08T16:42:02Z
2412,gIBMm0OUNUw,School Committee 03.03.21,https://www.youtube.com/watch?v=gIBMm0OUNUw,,8124,83,2026-09-08T16:42:02Z
2413,35Ynk6EkD3A,Board of Health 03.01.21,https://www.youtube.com/watch?v=35Ynk6EkD3A,,4392,26,2026-09-08T16:42:02Z
2414,Wh1cRR0PT8w,Talkin' Baseball - Nouveau Hall of Fame S7 Ep1,https://www.youtube.com/watch?v=Wh1cRR0PT8w,,3549,35,2026-09-08T16:42:02Z
2415,wKH0w4CaWuw,Parks Commission 03.01.21,https://www.youtube.com/watch?v=wKH0w4CaWuw,,9912,26,2026-09-08T16:42:02Z
2416,rt3bTjKEmD8,PACC 03.01.21,https://www.youtube.com/watch?v=rt3bTjKEmD8,,3251,1,2026-09-08T16:42:02Z
2417,wFZ9zvR9wFM,Historical Commission 02.25.21,https://www.youtube.com/watch?v=wFZ9zvR9wFM,,4173,13,2026-09-08T16:42:02Z
2418,7-7OAQvuhsA,St. Boniface Mass 02.27.21,https://www.youtube.com/watch?v=7-7OAQvuhsA,,2902,6,2026-09-08T16:42:02Z
2419,MD-v74NN8GA,Finance Committee 02.25.21,https://www.youtube.com/watch?v=MD-v74NN8GA,,9945,23,2026-09-08T16:42:02Z
2420,WBe5J6-CktQ,Achitectural Preservation District Committee 02.24.21,https://www.youtube.com/watch?v=WBe5J6-CktQ,,3533,6,2026-09-08T16:42:02Z
2421,0OcYycWL1FA,School Committee 02.24.21,https://www.youtube.com/watch?v=0OcYycWL1FA,,10247,50,2026-09-08T16:42:02Z
2422,9TE9ypWIRA4,Personnel Committee 02.24.21,https://www.youtube.com/watch?v=9TE9ypWIRA4,,4061,16,2026-09-08T16:42:02Z
2423,TggNH8X-A9A,Zoning Board of Appeals 02.24.21,https://www.youtube.com/watch?v=TggNH8X-A9A,,5016,14,2026-09-08T16:42:02Z
2424,uHf_xnY5xP4,Sewer Commission 02.23.21,https://www.youtube.com/watch?v=uHf_xnY5xP4,,2963,21,2026-09-08T16:42:02Z
2425,I5VCCkSerA0,Planning Board 02.22.21,https://www.youtube.com/watch?v=I5VCCkSerA0,,5211,15,2026-09-08T16:42:02Z
2426,TNaO3e-75FQ,Finance Committee 01.28.21 (Partial Meeting),https://www.youtube.com/watch?v=TNaO3e-75FQ,,4604,16,2026-09-08T16:42:02Z
2427,0s0IbE-6U20,Library Board of Trustees 02.18.21,https://www.youtube.com/watch?v=0s0IbE-6U20,,2397,8,2026-09-08T16:42:02Z
2428,Ywo3mHKLfC8,Parks Commission 02.12.21,https://www.youtube.com/watch?v=Ywo3mHKLfC8,,9450,10,2026-09-08T16:42:02Z
2429,U7h53_4FLaU,Agricultral Committee 02.18.21,https://www.youtube.com/watch?v=U7h53_4FLaU,,4118,4,2026-09-08T16:42:02Z
2430,KWaxWmbaZJY,Finance Committee 02.18.21,https://www.youtube.com/watch?v=KWaxWmbaZJY,,9492,28,2026-09-08T16:42:02Z
2431,yVjCtTZs1e4,Open Space Committee 02.16.21,https://www.youtube.com/watch?v=yVjCtTZs1e4,,5458,16,2026-09-08T16:42:02Z
2432,ps2fu-GRfIg,TCP Building Design Committee 02.17.21,https://www.youtube.com/watch?v=ps2fu-GRfIg,,5046,19,2026-09-08T16:42:02Z
2433,HNEMV5LbRk0,Conservation Commission 02.17.21,https://www.youtube.com/watch?v=HNEMV5LbRk0,,14913,107,2026-09-08T16:42:02Z
2434,eGeR1UPrRwM,Select Board 02.16.21,https://www.youtube.com/watch?v=eGeR1UPrRwM,,4046,76,2026-09-08T16:42:02Z
2435,6tA_VC5A8JU,Lunenburg Storytime - The Books We Love Season 1 Episode 9,https://www.youtube.com/watch?v=6tA_VC5A8JU,,1321,40,2026-09-08T16:42:02Z
2436,fWf858aJd3s,Finance Committee 02.11.20,https://www.youtube.com/watch?v=fWf858aJd3s,,4960,19,2026-09-08T16:42:02Z
2437,anizkMGe4y0,Zoning Board of Appeals 02.10.21,https://www.youtube.com/watch?v=anizkMGe4y0,,1471,27,2026-09-08T16:42:02Z
2438,4Sc3b98BXDg,School Committee 02.10.21,https://www.youtube.com/watch?v=4Sc3b98BXDg,,3834,15,2026-09-08T16:42:02Z
2439,lSQvgofaf28,Capital Planning Committee 02.07.21,https://www.youtube.com/watch?v=lSQvgofaf28,,2678,8,2026-09-08T16:42:02Z
2440,DvuD1qq8YSU,Sewer Commission 02.09.21,https://www.youtube.com/watch?v=DvuD1qq8YSU,,2926,19,2026-09-08T16:42:02Z
2441,P5MWAxXT_hg,Council On Aging 02.09.21,https://www.youtube.com/watch?v=P5MWAxXT_hg,,3629,14,2026-09-08T16:42:02Z
2442,A-kYAZz23XY,Select Board 02.09.21,https://www.youtube.com/watch?v=A-kYAZz23XY,,5203,32,2026-09-08T16:42:02Z
2443,GFGSGd8hJ7o,LHS Boys Varsity Basketball vs Groton Dunstable 02.05.21,https://www.youtube.com/watch?v=GFGSGd8hJ7o,,5120,57,2026-09-08T16:42:02Z
2444,L4Nwww2-7J4,LHS Girls Varsity Basketball vs Littleton 02.08.21,https://www.youtube.com/watch?v=L4Nwww2-7J4,,3726,33,2026-09-08T16:42:02Z
2445,U5Vxmwvcdh4,Planning Board 02.08.21,https://www.youtube.com/watch?v=U5Vxmwvcdh4,,2767,18,2026-09-08T16:42:02Z
2446,8Bh77XjOFbY,"St, Boniface Mass 02.06.21",https://www.youtube.com/watch?v=8Bh77XjOFbY,,3102,17,2026-09-08T16:42:02Z
2447,N6E9X4LAudQ,Sewer Commission 02.04.21,https://www.youtube.com/watch?v=N6E9X4LAudQ,,5421,20,2026-09-08T16:42:02Z
2448,gy-7xzAqJ6M,Conservation Commission 02.03.21,https://www.youtube.com/watch?v=gy-7xzAqJ6M,,12152,60,2026-09-08T16:42:02Z
2449,BiHVmwDaYWc,School Committee 02.03.21,https://www.youtube.com/watch?v=BiHVmwDaYWc,,5571,31,2026-09-08T16:42:02Z
2450,IjCCa7oxh50,PACC 02.02.21,https://www.youtube.com/watch?v=IjCCa7oxh50,,3859,11,2026-09-08T16:42:02Z
2451,9udNFjPSuLg,Capital Planning 02.02.21,https://www.youtube.com/watch?v=9udNFjPSuLg,,2678,25,2026-09-08T16:42:02Z
2452,vju8IBIN2gY,Select Board 02.02.21,https://www.youtube.com/watch?v=vju8IBIN2gY,,5803,79,2026-09-08T16:42:02Z
2453,NrwKKjni_l0,St. Boniface Mass 01.30.21,https://www.youtube.com/watch?v=NrwKKjni_l0,,2749,9,2026-09-08T16:42:02Z
2454,q_b3Pu9qnYw,LHS Boys Varsity Basketball vs Tyngsboro HS 01.29.21,https://www.youtube.com/watch?v=q_b3Pu9qnYw,,4221,255,2026-09-08T16:42:02Z
2455,lbq4OMDBioQ,TCP Building Design Committee 01.27.21,https://www.youtube.com/watch?v=lbq4OMDBioQ,,8405,29,2026-09-08T16:42:02Z
2456,K-Xo0i2igFs,Zoning Board of Appeals 01.27.21,https://www.youtube.com/watch?v=K-Xo0i2igFs,,4327,22,2026-09-08T16:42:02Z
2457,SljZmLniKlY,Sewer Commission 01.26.21,https://www.youtube.com/watch?v=SljZmLniKlY,,5881,20,2026-09-08T16:42:02Z
2458,IK6pJToyzQw,LHS Girls Varsity Basketball vsTyngsboro HS 01.26.21,https://www.youtube.com/watch?v=IK6pJToyzQw,,5491,71,2026-09-08T16:42:02Z
2459,wj6qD_0M7Ew,Parks Commission 01.25.21,https://www.youtube.com/watch?v=wj6qD_0M7Ew,,6657,23,2026-09-08T16:42:02Z
2460,851LWvli37A,Planning Board 01.25.21,https://www.youtube.com/watch?v=851LWvli37A,,3432,35,2026-09-08T16:42:02Z
2461,WTkmNst5YZM,Architectural Preservation District Commission 01.20.21,https://www.youtube.com/watch?v=WTkmNst5YZM,,4366,27,2026-09-08T16:42:02Z
2462,WY6vCZchQEU,Historical Commission 01.21.21,https://www.youtube.com/watch?v=WY6vCZchQEU,,4771,17,2026-09-08T16:42:02Z
2463,O2ETdfLNdsk,Agricultural Commission 01.21.21,https://www.youtube.com/watch?v=O2ETdfLNdsk,,1389,8,2026-09-08T16:42:02Z
2464,dES_DXjQuFM,St. Boniface Mass 01.23.21,https://www.youtube.com/watch?v=dES_DXjQuFM,,2569,2,2026-09-08T16:42:02Z
2465,sqg7JJqFIxM,LHS Girls Varsity Basketball vs St. Bernards 01.22.21,https://www.youtube.com/watch?v=sqg7JJqFIxM,,5598,63,2026-09-08T16:42:02Z
2466,K-GBLezsdh0,Library Board of Trustees 01.21.21,https://www.youtube.com/watch?v=K-GBLezsdh0,,3836,12,2026-09-08T16:42:02Z
2467,AI853Y5UYSA,Finance Committee 01.21.21,https://www.youtube.com/watch?v=AI853Y5UYSA,,8699,24,2026-09-08T16:42:02Z
2468,e7X1Cop_ILI,School Committee 01.20.21,https://www.youtube.com/watch?v=e7X1Cop_ILI,,8213,33,2026-09-08T16:42:02Z
2469,lrCmsTjJ6KQ,Conservation Commission 01.20.21,https://www.youtube.com/watch?v=lrCmsTjJ6KQ,,4465,68,2026-09-08T16:42:02Z
2470,zjoCqKBcLLs,"Lunenburg Storytime - The Books We Love, Season1 Episode8",https://www.youtube.com/watch?v=zjoCqKBcLLs,,2018,149,2026-09-08T16:42:02Z
2471,YEtryNX5QHo,Open Space Committee 01.19.21,https://www.youtube.com/watch?v=YEtryNX5QHo,,6928,15,2026-09-08T16:42:02Z
2472,Ps8dXHtAimY,Select Board Meeting 01.19.21,https://www.youtube.com/watch?v=Ps8dXHtAimY,,9538,70,2026-09-08T16:42:02Z
2473,9QamFXALYJY,TCP Building Design Committee 01.13.21,https://www.youtube.com/watch?v=9QamFXALYJY,,10261,20,2026-09-08T16:42:02Z
2474,GYYLL76YWoQ,LHS Boys Varsity Basketball vs N. Middlesex HS 01.15.21,https://www.youtube.com/watch?v=GYYLL76YWoQ,,4609,84,2026-09-08T16:42:02Z
2475,84kAePEVf9M,Board of Health 01.04.21,https://www.youtube.com/watch?v=84kAePEVf9M,,6790,11,2026-09-08T16:42:02Z
2476,yLnM5q1OXkY,Green Community Task Force 01.14.21,https://www.youtube.com/watch?v=yLnM5q1OXkY,,3692,16,2026-09-08T16:42:02Z
2477,kdGNGJEsL34,Senior Tax Workoff Committee 01.12.21,https://www.youtube.com/watch?v=kdGNGJEsL34,,496,12,2026-09-08T16:42:02Z
2478,cLn4293Pbzc,Finance Committee 01.14.21,https://www.youtube.com/watch?v=cLn4293Pbzc,,7424,13,2026-09-08T16:42:02Z
2479,OZuREZPIQeE,Conservation Commission 01.13.21,https://www.youtube.com/watch?v=OZuREZPIQeE,,10002,63,2026-09-08T16:42:02Z
2480,XLeuWmOqGsU,Select Board Meeting 01.12.21,https://www.youtube.com/watch?v=XLeuWmOqGsU,,6928,78,2026-09-08T16:42:02Z
2481,rXWtJRlNoNo,Sewer Commission 01.12.21,https://www.youtube.com/watch?v=rXWtJRlNoNo,,5142,37,2026-09-08T16:42:02Z
2482,gQmNcgDvUNA,LHS Girls Varsity Basketball vs N. Middlesex HS 01.12.21,https://www.youtube.com/watch?v=gQmNcgDvUNA,,4952,193,2026-09-08T16:42:02Z
2483,crJ6eOTn06k,Parks Commission 01.11.21,https://www.youtube.com/watch?v=crJ6eOTn06k,,7407,26,2026-09-08T16:42:02Z
2484,fJsMy7vt4Ac,Planning Board 01.11.21,https://www.youtube.com/watch?v=fJsMy7vt4Ac,,6014,24,2026-09-08T16:42:02Z
2485,-q1nKs61AeE,School Committee Meeting 01.06.21,https://www.youtube.com/watch?v=-q1nKs61AeE,,5866,37,2026-09-08T16:42:02Z
2486,t_Jp2rzrmqQ,Select Board Meeting 01.05.21,https://www.youtube.com/watch?v=t_Jp2rzrmqQ,,6457,77,2026-09-08T16:42:02Z
2487,KRdTycfmytY,Capital Planning 01.05.21,https://www.youtube.com/watch?v=KRdTycfmytY,,2852,23,2026-09-08T16:42:02Z
2488,WLYyKHAxurc,PACC 01.05.21,https://www.youtube.com/watch?v=WLYyKHAxurc,,2471,5,2026-09-08T16:42:02Z
2489,YvqOZwZyUL4,Capital Planning 12.29.20,https://www.youtube.com/watch?v=YvqOZwZyUL4,,4322,33,2026-09-08T16:42:02Z
2490,9Y75CEH70pc,Personnel Committee 12.29.20,https://www.youtube.com/watch?v=9Y75CEH70pc,,2314,17,2026-09-08T16:42:02Z
2491,x0MBxhpocJU,Board of Assessors 12.22.20,https://www.youtube.com/watch?v=x0MBxhpocJU,,243,13,2026-09-08T16:42:02Z
2492,Q4Tzv7pj7wM,St. Boniface Mass 12.26.20,https://www.youtube.com/watch?v=Q4Tzv7pj7wM,,3307,13,2026-09-08T16:42:02Z
2493,k7fn6pujHWU,St. Boniface Christmas Mass 2020,https://www.youtube.com/watch?v=k7fn6pujHWU,,3839,14,2026-09-08T16:42:02Z
2494,rEqlqQtgljE,TCP Building Design Committee 12.17.20,https://www.youtube.com/watch?v=rEqlqQtgljE,,4971,32,2026-09-08T16:42:02Z
2495,kZrKyFaZhEc,School Committee 12.16.20,https://www.youtube.com/watch?v=kZrKyFaZhEc,,16310,32,2026-09-08T16:42:02Z
2496,pe6TXTeq5qw,Library Board of Trustees,https://www.youtube.com/watch?v=pe6TXTeq5qw,,3811,14,2026-09-08T16:42:02Z
2497,st-Jeu5PG_k,Lunenburg Storytime - The Books We Love Season 1 Episode 7,https://www.youtube.com/watch?v=st-Jeu5PG_k,,1251,54,2026-09-08T16:42:02Z
2498,XCFiZNJ6mXY,Conservation Commission 12.16.20,https://www.youtube.com/watch?v=XCFiZNJ6mXY,,14648,82,2026-09-08T16:42:02Z
2499,_2wH_j2Ihjk,Open Space Committee 12.15.20,https://www.youtube.com/watch?v=_2wH_j2Ihjk,,6867,31,2026-09-08T16:42:02Z
2500,h8wXH1cP-WA,Capital Planning 12.15.20,https://www.youtube.com/watch?v=h8wXH1cP-WA,,4107,20,2026-09-08T16:42:02Z
2501,k93hztd6Ess,Select Board 12.15.20,https://www.youtube.com/watch?v=k93hztd6Ess,,3612,37,2026-09-08T16:42:02Z
2502,vH8Iqmcycj8,TCP Building Design Committee 12.14.20,https://www.youtube.com/watch?v=vH8Iqmcycj8,,3583,22,2026-09-08T16:42:02Z
2503,ulULIFa_SRU,Parks Commission 12.14.20,https://www.youtube.com/watch?v=ulULIFa_SRU,,11471,34,2026-09-08T16:42:02Z
2504,jSviE7JB5IY,Planning Board 12.14.20,https://www.youtube.com/watch?v=jSviE7JB5IY,,8898,39,2026-09-08T16:42:02Z
2505,rWwhymjITwU,Lunenburg Storytime - The Books We Love  Season1 Episode 6,https://www.youtube.com/watch?v=rWwhymjITwU,,1142,39,2026-09-08T16:42:02Z
2506,PncYexyhR5w,St. Boniface Mass 12.12.20,https://www.youtube.com/watch?v=PncYexyhR5w,,3042,11,2026-09-08T16:42:02Z
2507,wd7hKM0vhtA,Finance Committee 12.10.20,https://www.youtube.com/watch?v=wd7hKM0vhtA,,5154,22,2026-09-08T16:42:02Z
2508,lV6sTZkxNSc,Board of Health 12.07.20,https://www.youtube.com/watch?v=lV6sTZkxNSc,,2873,12,2026-09-08T16:42:02Z
2509,vTHoe2ikgpI,Sewer Commission 12.08.20,https://www.youtube.com/watch?v=vTHoe2ikgpI,,3599,18,2026-09-08T16:42:02Z
2510,_36zp6f2Wos,Zoning Board of Appeals 12. 09. 20,https://www.youtube.com/watch?v=_36zp6f2Wos,,3034,15,2026-09-08T16:42:02Z
2511,5xVfD6vdxRY,Selectboard 12.08.20,https://www.youtube.com/watch?v=5xVfD6vdxRY,,11206,75,2026-09-08T16:42:02Z
2512,xla6fx5_lfE,PACC 12.07.20,https://www.youtube.com/watch?v=xla6fx5_lfE,,3360,11,2026-09-08T16:42:02Z
2513,Hg1NkzFSQEQ,Talkin' Baseball - Season 6 Episode 6  All-Time Teams,https://www.youtube.com/watch?v=Hg1NkzFSQEQ,,3518,24,2026-09-08T16:42:02Z
2514,oOIIv3rwW6s,Conservation Commission 12.02.20,https://www.youtube.com/watch?v=oOIIv3rwW6s,,10818,69,2026-09-08T16:42:02Z
2515,fmEs33pD9zw,School Committee 12.02.20,https://www.youtube.com/watch?v=fmEs33pD9zw,,7036,78,2026-09-08T16:42:02Z
2516,elho7jnHAMo,Select Board 12.01.20,https://www.youtube.com/watch?v=elho7jnHAMo,,9549,64,2026-09-08T16:42:02Z
2517,qj0yW1-jkI4,TCP Building Design Committee 11.30.20,https://www.youtube.com/watch?v=qj0yW1-jkI4,,3757,8,2026-09-08T16:42:02Z
2518,5RpxCvCH6Ao,St. Boniface Mass 11.28.20,https://www.youtube.com/watch?v=5RpxCvCH6Ao,,3476,8,2026-09-08T16:42:02Z
2519,RyjyHO_thc4,Parks Commission 11.09.20,https://www.youtube.com/watch?v=RyjyHO_thc4,,8486,20,2026-09-08T16:42:02Z
2520,Ooox7tRBoss,Board of Health 11.16.20,https://www.youtube.com/watch?v=Ooox7tRBoss,,2843,7,2026-09-08T16:42:02Z
2521,UJ1hjCiixUI,Board of Assessors 11.23.20,https://www.youtube.com/watch?v=UJ1hjCiixUI,,698,7,2026-09-08T16:42:02Z
2522,BCoNz53IeUU,Open Space Committee 11.24.20,https://www.youtube.com/watch?v=BCoNz53IeUU,,8306,12,2026-09-08T16:42:02Z
2523,ixufS60K7dY,Capital Planning 11.24.20,https://www.youtube.com/watch?v=ixufS60K7dY,,1815,18,2026-09-08T16:42:02Z
2524,anKZwkPHwG8,Planning Board 11.23.20,https://www.youtube.com/watch?v=anKZwkPHwG8,,5097,31,2026-09-08T16:42:02Z
2525,S1E1Jfkked0,Eagle House Thanksgiving Turkey DriveThru 2020,https://www.youtube.com/watch?v=S1E1Jfkked0,,197,13,2026-09-08T16:42:02Z
2526,v8JAqMpoEVQ,"Storytime - The Books We Love, Season 1 Episode 5",https://www.youtube.com/watch?v=v8JAqMpoEVQ,,1466,45,2026-09-08T16:42:02Z
2527,c0A94nzR4YY,St. Boniface Mass 11.21.20,https://www.youtube.com/watch?v=c0A94nzR4YY,,3721,7,2026-09-08T16:42:02Z
2528,tz6HG3fJC4E,School Committee 11.18.20,https://www.youtube.com/watch?v=tz6HG3fJC4E,,4292,53,2026-09-08T16:42:02Z
2529,k4r6D04Egtg,Conservation Commission 11.18.20,https://www.youtube.com/watch?v=k4r6D04Egtg,,14784,56,2026-09-08T16:42:02Z
2530,5jpa2wT1Ros,TCP Building Design Committee 11.09.20,https://www.youtube.com/watch?v=5jpa2wT1Ros,,4346,12,2026-09-08T16:42:02Z
2531,9A2yDcbRcIA,Capital Planning 11.10.20,https://www.youtube.com/watch?v=9A2yDcbRcIA,,2901,10,2026-09-08T16:42:02Z
2532,rENlz_9opak,"Lunenburg Special Town Meeting - November 17, 2020",https://www.youtube.com/watch?v=rENlz_9opak,,10477,215,2026-09-08T16:42:02Z
2533,dMgf1RcEZ0A,Sewer Commission 11.16.20,https://www.youtube.com/watch?v=dMgf1RcEZ0A,,5893,26,2026-09-08T16:42:02Z
2534,pDxRiPzbInA,Select Board 11.16.20,https://www.youtube.com/watch?v=pDxRiPzbInA,,883,44,2026-09-08T16:42:02Z
2535,VsmosKayqds,St. Boniface Mass 11.14.20,https://www.youtube.com/watch?v=VsmosKayqds,,3184,16,2026-09-08T16:42:02Z
2536,dTun8tk4yLs,Finance Committee 11.12.20,https://www.youtube.com/watch?v=dTun8tk4yLs,,3937,30,2026-09-08T16:42:02Z
2537,COx-r-mmTvE,Select Board 11.10.20,https://www.youtube.com/watch?v=COx-r-mmTvE,,11044,69,2026-09-08T16:42:02Z
2538,0hen-Kn5hGU,Planning Board 11.09.20,https://www.youtube.com/watch?v=0hen-Kn5hGU,,3520,25,2026-09-08T16:42:02Z
2539,SMOVVSCQCvg,St Boniface Mass 11.07.20,https://www.youtube.com/watch?v=SMOVVSCQCvg,,3181,6,2026-09-08T16:42:02Z
2540,brEM9HmJ84s,Discovery Center for Civic Engagement - Eagle House Senior Community Center  11.04.20,https://www.youtube.com/watch?v=brEM9HmJ84s,,790,119,2026-09-08T16:42:02Z
2541,yJyPu072Sn4,School Committee 11.04.20,https://www.youtube.com/watch?v=yJyPu072Sn4,,9332,50,2026-09-08T16:42:02Z
2542,oyhBt0k2lkM,Board of Health 11.02.20,https://www.youtube.com/watch?v=oyhBt0k2lkM,,4632,10,2026-09-08T16:42:02Z
2543,y75EG7jStC4,Eagle House Halloween Drive Thru 10.29.20,https://www.youtube.com/watch?v=y75EG7jStC4,,427,29,2026-09-08T16:42:02Z
2544,uE1LnbBMCH4,Select Board 11.03.20,https://www.youtube.com/watch?v=uE1LnbBMCH4,,9020,152,2026-09-08T16:42:02Z
2545,HCn9htChzHs,PACC 11.02.20,https://www.youtube.com/watch?v=HCn9htChzHs,,3741,8,2026-09-08T16:42:02Z
2546,keJM3a6VEI8,TCP Building Design Committee 11.02.20,https://www.youtube.com/watch?v=keJM3a6VEI8,,6114,21,2026-09-08T16:42:02Z
2547,6yU1geX3rn8,Personnel Committee 10.29.20,https://www.youtube.com/watch?v=6yU1geX3rn8,,653,16,2026-09-08T16:42:02Z
2548,4tNRk7MKAos,"Lunenburg Storytime - The Books We Love, Season 1 Episode 4",https://www.youtube.com/watch?v=4tNRk7MKAos,,1447,27,2026-09-08T16:42:02Z
2549,b2hSP3k0x0Y,St. Boniface Mass 10.31.20,https://www.youtube.com/watch?v=b2hSP3k0x0Y,,3297,7,2026-09-08T16:42:02Z
2550,pcc7h-g1-no,Finance Committee 10.29.20,https://www.youtube.com/watch?v=pcc7h-g1-no,,6665,26,2026-09-08T16:42:02Z
2551,8GtfYBj3fR0,WWII Letters with Corinne Smith- Eagle House 10.23.20,https://www.youtube.com/watch?v=8GtfYBj3fR0,,5227,20,2026-09-08T16:42:02Z
2552,RW-MULKkP9E,Conservation Commission 10.28.20,https://www.youtube.com/watch?v=RW-MULKkP9E,,3767,34,2026-09-08T16:42:02Z
2553,VxZVTpvadZE,Historical Commission 10.26.20,https://www.youtube.com/watch?v=VxZVTpvadZE,,3615,20,2026-09-08T16:42:02Z
2554,a2xIpTCBj1E,Sewer Commission 10.27.20,https://www.youtube.com/watch?v=a2xIpTCBj1E,,5054,11,2026-09-08T16:42:02Z
2555,hcw6tzxXJ9w,Planning Board 10.26.20,https://www.youtube.com/watch?v=hcw6tzxXJ9w,,12936,30,2026-09-08T16:42:02Z
2556,mX7nytV7uCM,School Committee Meeting 10.21.20,https://www.youtube.com/watch?v=mX7nytV7uCM,,9046,74,2026-09-08T16:42:02Z
2557,B_I_FEHm0vQ,Capital Planning Committee10.20.20,https://www.youtube.com/watch?v=B_I_FEHm0vQ,,2331,11,2026-09-08T16:42:02Z
2558,zYPvQgGDPg4,St Boniface Mass 10.24.20,https://www.youtube.com/watch?v=zYPvQgGDPg4,,2964,12,2026-09-08T16:42:02Z
2559,ul-Kd0bv7YM,TCP Building Design Committee 10.22.20,https://www.youtube.com/watch?v=ul-Kd0bv7YM,,11083,21,2026-09-08T16:42:02Z
2560,ohs-0xPXMto,Conservation Commission 10.21.20,https://www.youtube.com/watch?v=ohs-0xPXMto,,14886,52,2026-09-08T16:42:02Z
2561,2g8qKFbA6Q4,Parks Commission 10.19.20,https://www.youtube.com/watch?v=2g8qKFbA6Q4,,4259,28,2026-09-08T16:42:02Z
2562,FptyvqQxkH0,Select Board 10.20.20,https://www.youtube.com/watch?v=FptyvqQxkH0,,10616,81,2026-09-08T16:42:02Z
2563,c0B_gsdET_c,"Lunenburg Storytime - The Books We Love, Season 1 Episode 3",https://www.youtube.com/watch?v=c0B_gsdET_c,,1516,174,2026-09-08T16:42:02Z
2564,k804h3avD3c,Lofty Questions,https://www.youtube.com/watch?v=k804h3avD3c,,1846,300,2026-09-08T16:42:02Z
2565,jG7fz_xYwmQ,St Boniface Mass 10.17.20,https://www.youtube.com/watch?v=jG7fz_xYwmQ,,3053,11,2026-09-08T16:42:02Z
2566,yJpBgv_0va4,Finance Committee 10.15.20,https://www.youtube.com/watch?v=yJpBgv_0va4,,7768,26,2026-09-08T16:42:02Z
2567,0Y0umhLTU1c,Agricultural Committee 10.15.20,https://www.youtube.com/watch?v=0Y0umhLTU1c,,1571,7,2026-09-08T16:42:02Z
2568,C4TlWy99uEY,Zoning Board of Appeals 10.14.20,https://www.youtube.com/watch?v=C4TlWy99uEY,,3020,13,2026-09-08T16:42:02Z
2569,0q8IeZVI038,Open Space Ad Hoc Committee 10.13.20,https://www.youtube.com/watch?v=0q8IeZVI038,,7473,20,2026-09-08T16:42:02Z
2570,AONFJRbpoEw,Selectmen 10.13.20,https://www.youtube.com/watch?v=AONFJRbpoEw,,9220,109,2026-09-08T16:42:02Z
2571,nIwODvXPNIA,Council On Aging (COA) 10.13.20,https://www.youtube.com/watch?v=nIwODvXPNIA,,2842,20,2026-09-08T16:42:02Z
2572,JuhxflMSj3U,Sewer Commission 10.13.20,https://www.youtube.com/watch?v=JuhxflMSj3U,,5504,21,2026-09-08T16:42:02Z
2573,TPc8-qgyfck,"Talkin' Baseball - The Strange Season, Season 6 Episode 5",https://www.youtube.com/watch?v=TPc8-qgyfck,,3458,29,2026-09-08T16:42:02Z
2574,DE3rgnA4n5k,Finance Committee 10.08.20,https://www.youtube.com/watch?v=DE3rgnA4n5k,,10829,20,2026-09-08T16:42:02Z
2575,60BC7x21LJY,School Committee 10.07.20,https://www.youtube.com/watch?v=60BC7x21LJY,,11054,64,2026-09-08T16:42:02Z
2576,i8iFYz0V9Xg,Conservation Commission 10.07.20,https://www.youtube.com/watch?v=i8iFYz0V9Xg,,12530,85,2026-09-08T16:42:02Z
2577,mFD-GT6gUe0,TCP Building Design Committee 10.06.20,https://www.youtube.com/watch?v=mFD-GT6gUe0,,5809,31,2026-09-08T16:42:02Z
2578,kgHDLq7XoqY,Selectmen 10.06.20,https://www.youtube.com/watch?v=kgHDLq7XoqY,,12635,98,2026-09-08T16:42:02Z
2579,nnKCub1vkew,PACC Meeting 10.05.20,https://www.youtube.com/watch?v=nnKCub1vkew,,1878,17,2026-09-08T16:42:02Z
2580,vPvPLOH-gTI,"Lunenburg Storytime - The Books We Love Season1, Episode2",https://www.youtube.com/watch?v=vPvPLOH-gTI,,1520,169,2026-09-08T16:42:02Z
2581,7ST1-CrIpLM,St Boniface Mass 10.03.20,https://www.youtube.com/watch?v=7ST1-CrIpLM,,3002,9,2026-09-08T16:42:02Z
2582,5vJWS1jYwFs,Music at the Eagle House with Dan Kirouac,https://www.youtube.com/watch?v=5vJWS1jYwFs,,2627,103,2026-09-08T16:42:02Z
2583,ttuqXK8lEm4,TCP  BuildingDesign Committee 09.29.20,https://www.youtube.com/watch?v=ttuqXK8lEm4,,10694,26,2026-09-08T16:42:02Z
2584,S0_ciexYhPE,Sewer Commission 09.29.20,https://www.youtube.com/watch?v=S0_ciexYhPE,,3212,20,2026-09-08T16:42:02Z
2585,A3V5IF4aRS0,Open Space Committee 09.22.20,https://www.youtube.com/watch?v=A3V5IF4aRS0,,5540,7,2026-09-08T16:42:02Z
2586,HCeOG-_Rt0o,Planning Board 09.28.20,https://www.youtube.com/watch?v=HCeOG-_Rt0o,,10297,39,2026-09-08T16:42:02Z
2587,rIx3JHBLncY,Personnel Committee 09.28.20,https://www.youtube.com/watch?v=rIx3JHBLncY,,1494,37,2026-09-08T16:42:02Z
2588,UMBHx1R1-_0,"Lofty Questions, S1, Ep 4   What Stands in the Way of Me Getting What I Need",https://www.youtube.com/watch?v=UMBHx1R1-_0,,1853,335,2026-09-08T16:42:02Z
2589,AaB2arCcTng,St. Boniface Mass 09.26.20,https://www.youtube.com/watch?v=AaB2arCcTng,,2713,15,2026-09-08T16:42:02Z
2590,_o832l87lF8,Finance Committee 09.24.20,https://www.youtube.com/watch?v=_o832l87lF8,,5908,29,2026-09-08T16:42:02Z
2591,kwWWgn58JWM,Sewer Commission 09.24.20,https://www.youtube.com/watch?v=kwWWgn58JWM,,563,8,2026-09-08T16:42:02Z
2592,v1tVQvuUCzg,Conservation Commission 9.23.20,https://www.youtube.com/watch?v=v1tVQvuUCzg,,8770,41,2026-09-08T16:42:02Z
2593,ZwsgVV1s_-Y,Selectmen 09.22.20,https://www.youtube.com/watch?v=ZwsgVV1s_-Y,,8418,69,2026-09-08T16:42:02Z
2594,ANWgnK6ivdo,Capital Planning 09.22.20,https://www.youtube.com/watch?v=ANWgnK6ivdo,,1696,18,2026-09-08T16:42:02Z
2595,BVUjgYzBO3M,School Committee 09.19.20,https://www.youtube.com/watch?v=BVUjgYzBO3M,,599,30,2026-09-08T16:42:02Z
2596,gzUo7CnjfTk,Agricultural Commission 09.17.20,https://www.youtube.com/watch?v=gzUo7CnjfTk,,4642,16,2026-09-08T16:42:02Z
2597,uyIpsNbU9o8,TCP Building Design Committee 09.21.20,https://www.youtube.com/watch?v=uyIpsNbU9o8,,8516,30,2026-09-08T16:42:02Z
2598,t8tEGMAriWc,St. Boniface Mass 09.19.20,https://www.youtube.com/watch?v=t8tEGMAriWc,,2784,8,2026-09-08T16:42:02Z
2599,bs8_pZ_1uNA,"Lunenburg Storytime- The Books We Love, Season 1 Episode 1",https://www.youtube.com/watch?v=bs8_pZ_1uNA,,1882,149,2026-09-08T16:42:02Z
2600,v_1IGpd3rqw,Historical Commission 09.17.20,https://www.youtube.com/watch?v=v_1IGpd3rqw,,468,38,2026-09-08T16:42:02Z
2601,nuu4oI0FWXQ,School Committee 09.16.20,https://www.youtube.com/watch?v=nuu4oI0FWXQ,,15768,85,2026-09-08T16:42:02Z
2602,wmudlCXtVEs,Conservation Commission 09.16.20,https://www.youtube.com/watch?v=wmudlCXtVEs,,851,38,2026-09-08T16:42:02Z
2603,QjADDGAJeHY,Eagle House - Davis Bates Storyteller,https://www.youtube.com/watch?v=QjADDGAJeHY,,3623,20,2026-09-08T16:42:02Z
2604,VSg-jr7qn6I,Personnel Committee 09.14.20,https://www.youtube.com/watch?v=VSg-jr7qn6I,,2023,10,2026-09-08T16:42:02Z
2605,ubRV2tJ2Uvw,Parks Commission 09.14.20,https://www.youtube.com/watch?v=ubRV2tJ2Uvw,,4883,25,2026-09-08T16:42:02Z
2606,XweKZGXugCs,Planning Board 09.14.20,https://www.youtube.com/watch?v=XweKZGXugCs,,13760,49,2026-09-08T16:42:02Z
2607,y4uH24ZSias,Selectmen Meeting 09.15.20,https://www.youtube.com/watch?v=y4uH24ZSias,,6844,60,2026-09-08T16:42:02Z
2608,8_i2wndxl_E,Public Access Cable Committee Meeting (PACC) 09.14.20,https://www.youtube.com/watch?v=8_i2wndxl_E,,2917,19,2026-09-08T16:42:02Z
2609,h1zx0jdZoZk,Agricultural Commission 08.27.20,https://www.youtube.com/watch?v=h1zx0jdZoZk,,11075,24,2026-09-08T16:42:02Z
2610,Ol_YT1wZ0HY,St. Boniface Mass 09.12.20,https://www.youtube.com/watch?v=Ol_YT1wZ0HY,,2875,5,2026-09-08T16:42:02Z
2611,6jvT05rPsH0,"Talkin' Baseball - Mudville, Season 6 Episode 4",https://www.youtube.com/watch?v=6jvT05rPsH0,,3457,25,2026-09-08T16:42:02Z
2612,1RcfsNtryrQ,Finance Committee 09.10.20,https://www.youtube.com/watch?v=1RcfsNtryrQ,,3480,23,2026-09-08T16:42:02Z
2613,BeqiTUJpftY,TCP Bulding DesignbCommittee 09.10.20,https://www.youtube.com/watch?v=BeqiTUJpftY,,9640,32,2026-09-08T16:42:02Z
2614,hEWVZtH9EQY,Conservation Commission 09.02.20,https://www.youtube.com/watch?v=hEWVZtH9EQY,,12568,57,2026-09-08T16:42:02Z
2615,F0k2OPdJXHs,Sewer Commission 09.08.20,https://www.youtube.com/watch?v=F0k2OPdJXHs,,4989,18,2026-09-08T16:42:02Z
2616,nZDUmhi4gp8,Selectmen Meeting 09.08.20,https://www.youtube.com/watch?v=nZDUmhi4gp8,,6354,52,2026-09-08T16:42:02Z
2617,-eACNS5WIG4,School Committee 09.02.20,https://www.youtube.com/watch?v=-eACNS5WIG4,,6165,81,2026-09-08T16:42:02Z
2618,em1u5m8q3ho,Selectmen 09.01.20,https://www.youtube.com/watch?v=em1u5m8q3ho,,12618,114,2026-09-08T16:42:02Z
2619,323ie4MmMnE,Sewer Commission 09.01.20,https://www.youtube.com/watch?v=323ie4MmMnE,,3700,21,2026-09-08T16:42:02Z
2620,xWgI0XIMzI0,TCP Building Design Comm 08.31.20,https://www.youtube.com/watch?v=xWgI0XIMzI0,,5400,59,2026-09-08T16:42:02Z
2621,VrCJ5mYgFU4,Lunenburg Public Access Community News 08-28-20,https://www.youtube.com/watch?v=VrCJ5mYgFU4,,458,53,2026-09-08T16:42:02Z
2622,s8hsvX-nP0c,St. Boniface Mass 08.29.20,https://www.youtube.com/watch?v=s8hsvX-nP0c,,2968,8,2026-09-08T16:42:02Z
2623,Q299PdNLwe0,Finance Committee 08.27.20,https://www.youtube.com/watch?v=Q299PdNLwe0,,5069,29,2026-09-08T16:42:02Z
2624,lZHpriC6RHA,Parks Commission 08.25.20,https://www.youtube.com/watch?v=lZHpriC6RHA,,4289,43,2026-09-08T16:42:02Z
2625,v19nyoCU850,Lunenburg Schools - Family Forum 08.26.20,https://www.youtube.com/watch?v=v19nyoCU850,,6214,134,2026-09-08T16:42:02Z
2626,UFfwsG-x5UU,Sewer Commission 08.25.20,https://www.youtube.com/watch?v=UFfwsG-x5UU,,7878,13,2026-09-08T16:42:02Z
2627,8S5caIQmLuE,Planning Board 08.24.20,https://www.youtube.com/watch?v=8S5caIQmLuE,,13829,73,2026-09-08T16:42:02Z
2628,i4lUMAR-d4I,St Boniface Mass 08.22.20,https://www.youtube.com/watch?v=i4lUMAR-d4I,,3010,11,2026-09-08T16:42:02Z
2629,G555Poh1n-k,Open Space Committee 08.20.20,https://www.youtube.com/watch?v=G555Poh1n-k,,4755,57,2026-09-08T16:42:02Z
2630,YeLwgH6oQYU,Eagle House Brown Bag Lunch PickUp,https://www.youtube.com/watch?v=YeLwgH6oQYU,,154,50,2026-09-08T16:42:02Z
2631,NgN0P9aNLtE,Conservation Commission 08.19.20,https://www.youtube.com/watch?v=NgN0P9aNLtE,,18374,61,2026-09-08T16:42:02Z
2632,6dhvKCqlRgY,"Lofty Questions - Season1, Episode 3",https://www.youtube.com/watch?v=6dhvKCqlRgY,,1904,36,2026-09-08T16:42:02Z
2633,aU9etRwP8nM,Selectmen Meeting 08.18.20,https://www.youtube.com/watch?v=aU9etRwP8nM,,7186,93,2026-09-08T16:42:02Z
2634,drkCdaKlMT4,TCP Building Design Committee 08.17.20,https://www.youtube.com/watch?v=drkCdaKlMT4,,9889,56,2026-09-08T16:42:02Z
2635,nGo5bwYfsKs,Community News 08.14.20,https://www.youtube.com/watch?v=nGo5bwYfsKs,,479,53,2026-09-08T16:42:02Z
2636,kJEuS2Yc28I,Finance Committee 08.13.20,https://www.youtube.com/watch?v=kJEuS2Yc28I,,5638,41,2026-09-08T16:42:02Z
2637,zzVbwJsfA2s,Board of Assessors 08.10.20,https://www.youtube.com/watch?v=zzVbwJsfA2s,,393,15,2026-09-08T16:42:02Z
2638,yy5cX70RsiE,Selectmen 08.11.20,https://www.youtube.com/watch?v=yy5cX70RsiE,,9861,182,2026-09-08T16:42:02Z
2639,k_LsDiYgS_E,Sewer Commission 08.11.20,https://www.youtube.com/watch?v=k_LsDiYgS_E,,4795,17,2026-09-08T16:42:02Z
2640,pL0f2YYs13E,Planning Board 08.10.20,https://www.youtube.com/watch?v=pL0f2YYs13E,,4478,46,2026-09-08T16:42:02Z
2641,_8lX9oAJ7wk,School Committee 08.05.20,https://www.youtube.com/watch?v=_8lX9oAJ7wk,,14913,99,2026-09-08T16:42:02Z
2642,y1bN-dg34kQ,Selectmen Meeting 08.04.20,https://www.youtube.com/watch?v=y1bN-dg34kQ,,11503,181,2026-09-08T16:42:02Z
2643,Mgh7sP_fCtM,Parks Commission 08.03.20,https://www.youtube.com/watch?v=Mgh7sP_fCtM,,5079,23,2026-09-08T16:42:02Z
2644,nlV01FlmUC0,Public Access Cable Committee 08.03.20,https://www.youtube.com/watch?v=nlV01FlmUC0,,4052,22,2026-09-08T16:42:02Z
2645,1Z4dNj_-Frw,Community News 07.31.20,https://www.youtube.com/watch?v=1Z4dNj_-Frw,,472,48,2026-09-08T16:42:02Z
2646,PjcjdIJGAHE,LHS GRADUATION 2020,https://www.youtube.com/watch?v=PjcjdIJGAHE,,5276,702,2026-09-08T16:42:02Z
2647,wV7Qxj45OD0,"Talkin' Baseball - IT'S BACK, Season 6 Episode 3",https://www.youtube.com/watch?v=wV7Qxj45OD0,,3391,33,2026-09-08T16:42:02Z
2648,o9KSbGf_Oiw,TCP Building Design Committee 07.29.20,https://www.youtube.com/watch?v=o9KSbGf_Oiw,,6503,52,2026-09-08T16:42:02Z
2649,IH6v4XR9umQ,School Committee 07.29.20,https://www.youtube.com/watch?v=IH6v4XR9umQ,,5320,145,2026-09-08T16:42:02Z
2650,Dl9vnPk6_CU,Planning Board 07.27.20,https://www.youtube.com/watch?v=Dl9vnPk6_CU,,4345,43,2026-09-08T16:42:02Z
2651,Ehl9xwTWMO4,Sewer Commission 07.28.20,https://www.youtube.com/watch?v=Ehl9xwTWMO4,,3388,20,2026-09-08T16:42:02Z
2652,IdssCfgpMWA,Finance Committee 07.23.20,https://www.youtube.com/watch?v=IdssCfgpMWA,,5175,35,2026-09-08T16:42:02Z
2653,OydGtSXROkc,Finance Committee 04.30.20,https://www.youtube.com/watch?v=OydGtSXROkc,,9983,7,2026-09-08T16:42:02Z
2654,Cxq5yPxe6rA,Finance Committee 04.23.20,https://www.youtube.com/watch?v=Cxq5yPxe6rA,,3303,10,2026-09-08T16:42:02Z
2655,tMIE531YTqM,Zoning Board of Appeals 07.22.20,https://www.youtube.com/watch?v=tMIE531YTqM,,3295,29,2026-09-08T16:42:02Z
2656,sf9HW7n44LU,Selectmen Meeting 07.21.20,https://www.youtube.com/watch?v=sf9HW7n44LU,,8918,122,2026-09-08T16:42:02Z
2657,KPrszNwPyAA,St Boniface Mass 07.18.20,https://www.youtube.com/watch?v=KPrszNwPyAA,,2817,6,2026-09-08T16:42:02Z
2658,E1edQaRdCbg,Agricultural Commission 07.16.20,https://www.youtube.com/watch?v=E1edQaRdCbg,,6366,26,2026-09-08T16:42:02Z
2659,0vP874cHRoM,Sewer Commission 07.14.20,https://www.youtube.com/watch?v=0vP874cHRoM,,4974,17,2026-09-08T16:42:02Z
2660,L3Phu4sF5lk,Personnel Committee 07.15.20,https://www.youtube.com/watch?v=L3Phu4sF5lk,,912,70,2026-09-08T16:42:02Z
2661,JucgEMOJceI,Conservation Commission 07.15.20,https://www.youtube.com/watch?v=JucgEMOJceI,,12182,56,2026-09-08T16:42:02Z
2662,hk_Q40v37mE,Personnel Commitee 04.13.20,https://www.youtube.com/watch?v=hk_Q40v37mE,,1060,29,2026-09-08T16:42:02Z
2663,FYeXy015WiQ,Selectmen 07.14.20,https://www.youtube.com/watch?v=FYeXy015WiQ,,5442,118,2026-09-08T16:42:02Z
2664,N71TYlkfqeA,Parks Commission 07.12.20,https://www.youtube.com/watch?v=N71TYlkfqeA,,2341,18,2026-09-08T16:42:02Z
2665,maWezFWEDig,Planning Board 7.13.20,https://www.youtube.com/watch?v=maWezFWEDig,,7268,47,2026-09-08T16:42:02Z
2666,Sdd07_Qdj_Q,"St. Boniface Mass - Saturday July 11th, 2020",https://www.youtube.com/watch?v=Sdd07_Qdj_Q,,2852,4,2026-09-08T16:42:02Z
2667,L9kiwXMNxkM,"Lofty Questions - Season 1, Episode 2",https://www.youtube.com/watch?v=L9kiwXMNxkM,,1893,46,2026-09-08T16:42:02Z
2668,K4d3JXoJ-UI,Board of Assessors 07.13.20,https://www.youtube.com/watch?v=K4d3JXoJ-UI,,1429,8,2026-09-08T16:42:02Z
2669,4wo6jwfroSs,Finance Committee 07.09.20,https://www.youtube.com/watch?v=4wo6jwfroSs,,2487,29,2026-09-08T16:42:02Z
2670,4PwmG2UTmUk,Historical Commission Meeting 07.02.20,https://www.youtube.com/watch?v=4PwmG2UTmUk,,2115,31,2026-09-08T16:42:02Z
2671,sf1KHHpBWzE,"Talkin' Baseball - Debunking the Myths, Season 6 Episode 2",https://www.youtube.com/watch?v=sf1KHHpBWzE,,3435,22,2026-09-08T16:42:02Z
2672,4BA4GYTd_SY,Selectmen Meeting 07.07.20,https://www.youtube.com/watch?v=4BA4GYTd_SY,,10400,1400,2026-09-08T16:42:02Z
2673,zLuAf3JmPcE,Parks Commission 07.02.20,https://www.youtube.com/watch?v=zLuAf3JmPcE,,8859,38,2026-09-08T16:42:02Z
2674,BwfgYSCCLR4,Public Access Cable Committee Meeting 07.06.20,https://www.youtube.com/watch?v=BwfgYSCCLR4,,1993,26,2026-09-08T16:42:02Z
2675,8G4omrERjRA,Hickory Hills Boat Parade 2020,https://www.youtube.com/watch?v=8G4omrERjRA,,711,123,2026-09-08T16:42:02Z
2676,IoU35OF0urI,Conservation Commission 07.01.20,https://www.youtube.com/watch?v=IoU35OF0urI,,17513,89,2026-09-08T16:42:02Z
2677,IwM1h6K-C3w,Lunenburg Pride Month,https://www.youtube.com/watch?v=IwM1h6K-C3w,,383,95,2026-09-08T16:42:02Z
2678,4ZD5e82gkzM,School Committee 06.30.20,https://www.youtube.com/watch?v=4ZD5e82gkzM,,6920,182,2026-09-08T16:42:02Z
2679,-azRbnSr4V0,Finance Committee 06.25.20,https://www.youtube.com/watch?v=-azRbnSr4V0,,3634,35,2026-09-08T16:42:02Z
2680,MthinOGIWbQ,Zoning Board of Appeals 06.24.20,https://www.youtube.com/watch?v=MthinOGIWbQ,,2025,24,2026-09-08T16:42:02Z
2681,89PPStnPYK8,St. Boniface Mass 06.21.20,https://www.youtube.com/watch?v=89PPStnPYK8,,3223,7,2026-09-08T16:42:02Z
2682,LYkgtm2_q8Y,Sewer Commission 06.23.20,https://www.youtube.com/watch?v=LYkgtm2_q8Y,,4449,20,2026-09-08T16:42:02Z
2683,30kp0uqsBNM,Selectmen Meeting 0623.20,https://www.youtube.com/watch?v=30kp0uqsBNM,,5730,137,2026-09-08T16:42:02Z
2684,cApRiJ4CVuY,Planning Board 06.22.20,https://www.youtube.com/watch?v=cApRiJ4CVuY,,6565,52,2026-09-08T16:42:02Z
2685,FcoS_Nv9ecA,Agricultural Committee 06.18.20,https://www.youtube.com/watch?v=FcoS_Nv9ecA,,2075,22,2026-09-08T16:42:02Z
2686,iLR50SPRvC8,Parks Commission 04.30.20,https://www.youtube.com/watch?v=iLR50SPRvC8,,2248,17,2026-09-08T16:42:02Z
2687,uxmBg8fG_6A,School Committee 06.17.20,https://www.youtube.com/watch?v=uxmBg8fG_6A,,7383,58,2026-09-08T16:42:02Z
2688,xmrr3B24lag,Conservation Commission 06.17.20,https://www.youtube.com/watch?v=xmrr3B24lag,,15264,61,2026-09-08T16:42:02Z
2689,ZwZvBwu6sJs,Selectmen Meeting 06.16.20,https://www.youtube.com/watch?v=ZwZvBwu6sJs,,7274,116,2026-09-08T16:42:02Z
2690,mc4Gkvz7i5E,Turkey Hill 5th Grade Completion,https://www.youtube.com/watch?v=mc4Gkvz7i5E,,1812,527,2026-09-08T16:42:02Z
2691,8qmRJDF7xN0,St. Boniface Mass 06.13.20,https://www.youtube.com/watch?v=8qmRJDF7xN0,,3148,10,2026-09-08T16:42:02Z
2692,24A2ZcufqWg,Lunenburg Annual Town Meeting 06.13.20,https://www.youtube.com/watch?v=24A2ZcufqWg,,11213,202,2026-09-08T16:42:02Z
2693,u2JPSwqDN4g,Sewer Commission Meeting 06.09.20,https://www.youtube.com/watch?v=u2JPSwqDN4g,,6396,29,2026-09-08T16:42:02Z
2694,F_jMqEjQQjI,Voice of the People,https://www.youtube.com/watch?v=F_jMqEjQQjI,,1287,8,2026-09-08T16:42:02Z
2695,MZXiZ9jQu3A,Finance Committee Meeting 06.11.20,https://www.youtube.com/watch?v=MZXiZ9jQu3A,,5730,23,2026-09-08T16:42:02Z
2696,KYbZRtspCKo,Selectmen Meeting 06.09.20,https://www.youtube.com/watch?v=KYbZRtspCKo,,8968,69,2026-09-08T16:42:02Z
2697,F7jPP6Dxtwk,Council on Aging Committee Meeting 06.09.20,https://www.youtube.com/watch?v=F7jPP6Dxtwk,,1934,22,2026-09-08T16:42:02Z
2698,QQuaD02NA-Y,Parks Commission 06.04.20,https://www.youtube.com/watch?v=QQuaD02NA-Y,,4314,78,2026-09-08T16:42:02Z
2699,H-nizT1s31c,Planning Board Meeting 06.08.20,https://www.youtube.com/watch?v=H-nizT1s31c,,7718,35,2026-09-08T16:42:02Z
2700,9LsnvCxOZ4s,TCP Building Design Committee 06.08.20,https://www.youtube.com/watch?v=9LsnvCxOZ4s,,3988,16,2026-09-08T16:42:02Z
2701,GwMhvKGgsn0,School Committee Meeting 06.03.20,https://www.youtube.com/watch?v=GwMhvKGgsn0,,5762,77,2026-09-08T16:42:02Z
2702,TDRUP9IrJKE,Lofty Questions,https://www.youtube.com/watch?v=TDRUP9IrJKE,,2071,361,2026-09-08T16:42:02Z
2703,-o5bMhG6wHw,St Boniface Mass 06.06.20,https://www.youtube.com/watch?v=-o5bMhG6wHw,,2755,11,2026-09-08T16:42:02Z
2704,5sVEU5tFmwQ,Conservation Commission 06.03.20,https://www.youtube.com/watch?v=5sVEU5tFmwQ,,15193,62,2026-09-08T16:42:02Z
2705,8LEVPo8l7cE,LHS Senior Motorcade 2020,https://www.youtube.com/watch?v=8LEVPo8l7cE,,1359,456,2026-09-08T16:42:02Z
2706,WUrxcH0dKdQ,Selectmen Meeting 06.02.20,https://www.youtube.com/watch?v=WUrxcH0dKdQ,,8460,125,2026-09-08T16:42:02Z
2707,ggJtTUnF7OQ,Public Access Cable Committee (PAC) 06.01.20,https://www.youtube.com/watch?v=ggJtTUnF7OQ,,3482,31,2026-09-08T16:42:02Z
2708,5vDkq1991Nc,School Committee 05.20.20,https://www.youtube.com/watch?v=5vDkq1991Nc,,7527,55,2026-09-08T16:42:02Z
2709,8AqM2UL3gKw,St Boniface Mass 05.31.20,https://www.youtube.com/watch?v=8AqM2UL3gKw,,4152,10,2026-09-08T16:42:02Z
2710,Y3zneY85PhQ,Board of Assessors Meeting 05.29.20,https://www.youtube.com/watch?v=Y3zneY85PhQ,,2445,38,2026-09-08T16:42:02Z
2711,2Ue2BrWiSPo,Finance Committee 05.28.20,https://www.youtube.com/watch?v=2Ue2BrWiSPo,,4835,25,2026-09-08T16:42:02Z
2712,_8miCiuLVyw,Zoning Board of Appeals 05.27.20,https://www.youtube.com/watch?v=_8miCiuLVyw,,3671,5,2026-09-08T16:42:02Z
2713,Ox9PlO1cP_I,Sewer Commission 05.12.20,https://www.youtube.com/watch?v=Ox9PlO1cP_I,,5084,23,2026-09-08T16:42:02Z
2714,mHnpxifeUVc,Sewer Commission 05.26.20,https://www.youtube.com/watch?v=mHnpxifeUVc,,3417,15,2026-09-08T16:42:02Z
2715,SfzBV8q7A1I,Lunenburg Memorial Day Program 2020,https://www.youtube.com/watch?v=SfzBV8q7A1I,,2368,213,2026-09-08T16:42:02Z
2716,-IzwW_kHRHk,St. Boniface Mass 05.24.20,https://www.youtube.com/watch?v=-IzwW_kHRHk,,2693,10,2026-09-08T16:42:02Z
2717,TjPnw_kh7CE,St. Boniface - Feast of the Ascension,https://www.youtube.com/watch?v=TjPnw_kh7CE,,2584,8,2026-09-08T16:42:02Z
2718,HrxBkFeKu2g,Conservation Commission 05.20.20,https://www.youtube.com/watch?v=HrxBkFeKu2g,,12880,41,2026-09-08T16:42:02Z
2719,PnnSBM_MSO8,Board of Selectmen Meeting  05.19.20,https://www.youtube.com/watch?v=PnnSBM_MSO8,,7156,69,2026-09-08T16:42:02Z
2720,amfl3JJj5B0,Board of Health 05.04.20,https://www.youtube.com/watch?v=amfl3JJj5B0,,4427,44,2026-09-08T16:42:02Z
2721,ZZu_kOCe6-E,St. Boniface Mass 05.17.20,https://www.youtube.com/watch?v=ZZu_kOCe6-E,,2754,9,2026-09-08T16:42:02Z
2722,jSOVTrqv66U,Finance Committee 05.14.20,https://www.youtube.com/watch?v=jSOVTrqv66U,,6684,60,2026-09-08T16:42:02Z
2723,BFRzZrwcWXA,Community News 05.08.20,https://www.youtube.com/watch?v=BFRzZrwcWXA,,500,28,2026-09-08T16:42:02Z
2724,WKKFdCR-Gds,Selectmen Meeting 05.12.20,https://www.youtube.com/watch?v=WKKFdCR-Gds,,11340,69,2026-09-08T16:42:02Z
2725,oFFLBX18ftw,"Talkin' Baseball - Show and Shelter, Season 6 Episode 1",https://www.youtube.com/watch?v=oFFLBX18ftw,,3579,35,2026-09-08T16:42:02Z
2726,eTAoxjOQJXs,Board of Assessors 05.11.20,https://www.youtube.com/watch?v=eTAoxjOQJXs,,2487,26,2026-09-08T16:42:02Z
2727,FNTruFwsptw,Finance Committee 05.07.20,https://www.youtube.com/watch?v=FNTruFwsptw,,13388,55,2026-09-08T16:42:02Z
2728,9qnIHIA4PhQ,Conservation Commission 05.06.20,https://www.youtube.com/watch?v=9qnIHIA4PhQ,,15220,31,2026-09-08T16:42:02Z
2729,HRmcoQdUbb4,Selectmen Meeting 05.05.20,https://www.youtube.com/watch?v=HRmcoQdUbb4,,11077,50,2026-09-08T16:42:02Z
2730,vykL2s8-hSE,TCP Building Design Committee 05.04.20,https://www.youtube.com/watch?v=vykL2s8-hSE,,3991,16,2026-09-08T16:42:02Z
2731,0nQUz7T1R4Q,School Committee 05.06.20,https://www.youtube.com/watch?v=0nQUz7T1R4Q,,4224,69,2026-09-08T16:42:02Z
2732,7PnUTBY_6NU,Community News 04.29.20,https://www.youtube.com/watch?v=7PnUTBY_6NU,,243,25,2026-09-08T16:42:02Z
2733,Gx0iJ0GAmHc,School Committee 04.29.20,https://www.youtube.com/watch?v=Gx0iJ0GAmHc,,6524,54,2026-09-08T16:42:02Z
2734,-XN9Ze23Bjs,Sewer Commission 04.28.20,https://www.youtube.com/watch?v=-XN9Ze23Bjs,,7940,24,2026-09-08T16:42:02Z
2735,yhNas02iNLU,Selectmen Meeting 04.28.20,https://www.youtube.com/watch?v=yhNas02iNLU,,9588,66,2026-09-08T16:42:02Z
2736,CtDRGh8Pfhg,Sewer Commission 04.23.20,https://www.youtube.com/watch?v=CtDRGh8Pfhg,,9253,23,2026-09-08T16:42:02Z
2737,T-w9LFbhlC4,Community News 04.22.20,https://www.youtube.com/watch?v=T-w9LFbhlC4,,300,20,2026-09-08T16:42:02Z
2738,gq03QdVekB0,Zoning Board of Appeals 04.22.20,https://www.youtube.com/watch?v=gq03QdVekB0,,3537,22,2026-09-08T16:42:02Z
2739,pOdH7UNqRW8,Selectmen Meeting 04.21.20,https://www.youtube.com/watch?v=pOdH7UNqRW8,,6474,101,2026-09-08T16:42:02Z
2740,b34TBCYajNU,Finance Committee  4 .16 .20,https://www.youtube.com/watch?v=b34TBCYajNU,,4783,25,2026-09-08T16:42:02Z
2741,M1l3rRqvYcI,Community News 04.16.20,https://www.youtube.com/watch?v=M1l3rRqvYcI,,355,23,2026-09-08T16:42:02Z
2742,-dk6y4JOQqk,School Committee 04.15.20,https://www.youtube.com/watch?v=-dk6y4JOQqk,,7253,110,2026-09-08T16:42:02Z
2743,vxm2rfeanAw,Conservation Commission 04.15.20,https://www.youtube.com/watch?v=vxm2rfeanAw,,18408,38,2026-09-08T16:42:02Z
2744,l85vtVgmBXI,Selectmen 04.14.20,https://www.youtube.com/watch?v=l85vtVgmBXI,,8615,67,2026-09-08T16:42:02Z
2745,bJZhdhw-_O8,Sewer Commission Meeting 04.14.20,https://www.youtube.com/watch?v=bJZhdhw-_O8,,7973,32,2026-09-08T16:42:02Z
2746,3Osv9pp3J3k,Planning Board 04.13.20,https://www.youtube.com/watch?v=3Osv9pp3J3k,,8882,35,2026-09-08T16:42:02Z
2747,JcmJJjjABbI,Board of Assessors 04.13.20,https://www.youtube.com/watch?v=JcmJJjjABbI,,4314,36,2026-09-08T16:42:02Z
2748,a8Uoy5Y_QKA,St Boniface Mass - Easter Vigil,https://www.youtube.com/watch?v=a8Uoy5Y_QKA,,5791,30,2026-09-08T16:42:02Z
2749,RkcqswbV2Jo,Finance Committee 04.09.20,https://www.youtube.com/watch?v=RkcqswbV2Jo,,5500,32,2026-09-08T16:42:02Z
2750,6TnbP_AJ998,St. Boniface Mass - Good Friday 04.10.20,https://www.youtube.com/watch?v=6TnbP_AJ998,,3468,79,2026-09-08T16:42:02Z
2751,3Pf68U8EkJo,Community News 04.08.20,https://www.youtube.com/watch?v=3Pf68U8EkJo,,257,31,2026-09-08T16:42:02Z
2752,qcnaB9V7mCU,St. Boniface Mass  -  Holy Thursday 04.09.20,https://www.youtube.com/watch?v=qcnaB9V7mCU,,3224,33,2026-09-08T16:42:02Z
2753,8p2LJ_wqXt4,School Committee 04.08.20,https://www.youtube.com/watch?v=8p2LJ_wqXt4,,3989,80,2026-09-08T16:42:02Z
2754,QYLPujWfLfc,Board of Assessors 04.08.20,https://www.youtube.com/watch?v=QYLPujWfLfc,,5436,74,2026-09-08T16:42:02Z
2755,mOTvHM3ZFXo,Board of Selectmen 04.07.20,https://www.youtube.com/watch?v=mOTvHM3ZFXo,,7601,67,2026-09-08T16:42:02Z
2756,faJv9kbfqLo,Selectmen March 31 2020,https://www.youtube.com/watch?v=faJv9kbfqLo,,5221,26,2026-09-08T16:42:02Z
2757,bYc6HpPX5yU,St. Boniface Mass - Palm Sunday 04.05.20,https://www.youtube.com/watch?v=bYc6HpPX5yU,,4085,28,2026-09-08T16:42:02Z
2758,wVdw-E6eWQA,School Committee 04.04.20,https://www.youtube.com/watch?v=wVdw-E6eWQA,,7203,158,2026-09-08T16:42:02Z
2759,z3sckC1rJi4,Finance Committee 04.02.20,https://www.youtube.com/watch?v=z3sckC1rJi4,,2632,34,2026-09-08T16:42:02Z
2760,NLhkAPW9jwg,Conservation Commission 04.01.20,https://www.youtube.com/watch?v=NLhkAPW9jwg,,11106,50,2026-09-08T16:42:02Z
2761,BHyuHGJ2ye4,A Doctor Explains How to Make the Safest Face Mask,https://www.youtube.com/watch?v=BHyuHGJ2ye4,,896,304,2026-09-08T16:42:02Z
2762,IMRZDI6C3Yc,St. Boniface Mass  03.28.20,https://www.youtube.com/watch?v=IMRZDI6C3Yc,,3177,14,2026-09-08T16:42:02Z
2763,7NNEK6ddxaQ,Emergency Selectmen Meeting 03.28.20,https://www.youtube.com/watch?v=7NNEK6ddxaQ,,2971,85,2026-09-08T16:42:02Z
2764,5q8uUDh3Tyc,Community News 03.25.20,https://www.youtube.com/watch?v=5q8uUDh3Tyc,,427,55,2026-09-08T16:42:02Z
2765,CiRwnwWACtA,School Committee 03.25.20,https://www.youtube.com/watch?v=CiRwnwWACtA,,4675,109,2026-09-08T16:42:02Z
2766,xPDkWQrdc5s,Selectmen Meeting 03.24.20,https://www.youtube.com/watch?v=xPDkWQrdc5s,,7361,150,2026-09-08T16:42:02Z
2767,Ll_CbJS0yvo,St. Boniface Mass 03.22.20,https://www.youtube.com/watch?v=Ll_CbJS0yvo,,2861,37,2026-09-08T16:42:02Z
2768,HbyvgKUUukI,"Community News with Eric Foster - March 19, 2020",https://www.youtube.com/watch?v=HbyvgKUUukI,,254,59,2026-09-08T16:42:02Z
2769,5-5gIMOIRos,St. Boniface Mass 03.15.20,https://www.youtube.com/watch?v=5-5gIMOIRos,,3074,24,2026-09-08T16:42:02Z
2770,1-xuQWcGWFk,Emergency Announcements/Update 03.16.20,https://www.youtube.com/watch?v=1-xuQWcGWFk,,2436,1000,2026-09-08T16:42:02Z
2771,JSAia2_tHD8,Finance Committee 03.12.20,https://www.youtube.com/watch?v=JSAia2_tHD8,,10632,38,2026-09-08T16:42:02Z
2772,0S_KxQRCYHA,TCP Building Design Committee 03.11.20,https://www.youtube.com/watch?v=0S_KxQRCYHA,,5915,42,2026-09-08T16:42:02Z
2773,1peUiM1sYoY,School Committee 03.11.20,https://www.youtube.com/watch?v=1peUiM1sYoY,,4999,147,2026-09-08T16:42:02Z
2774,Oz02qhPY8r4,Community News 03.12.20,https://www.youtube.com/watch?v=Oz02qhPY8r4,,629,12,2026-09-08T16:42:02Z
2775,yPblgFofkpk,St. Boniface Mass 03.08.20,https://www.youtube.com/watch?v=yPblgFofkpk,,4490,44,2026-09-08T16:42:02Z
2776,YwkwhsAM9l8,Selectmen Meeting 03.10.20,https://www.youtube.com/watch?v=YwkwhsAM9l8,,11103,126,2026-09-08T16:42:02Z
2777,IG5x1WraVp8,Planning Board Meeting 03.09.20,https://www.youtube.com/watch?v=IG5x1WraVp8,,13225,74,2026-09-08T16:42:02Z
2778,m6zl98aUAVc,Finance Committee 03.05.20,https://www.youtube.com/watch?v=m6zl98aUAVc,,10869,43,2026-09-08T16:42:02Z
2779,vm6x_grri6Y,Community News 03.05.20,https://www.youtube.com/watch?v=vm6x_grri6Y,,452,36,2026-09-08T16:42:02Z
2780,BRZ-KyW5ZJE,Selectmen Meeting 03.03.20,https://www.youtube.com/watch?v=BRZ-KyW5ZJE,,5105,90,2026-09-08T16:42:02Z
2781,NBzCn2PVJa8,St. Boniface Mass 03.01.20,https://www.youtube.com/watch?v=NBzCn2PVJa8,,3667,21,2026-09-08T16:42:02Z
2782,Q_JLgPoxMC8,Finance Committee 02.27.20,https://www.youtube.com/watch?v=Q_JLgPoxMC8,,7815,49,2026-09-08T16:42:02Z
2783,WTt-t94nvq4,School Committee 02.26.20,https://www.youtube.com/watch?v=WTt-t94nvq4,,9087,118,2026-09-08T16:42:02Z
2784,QviL9AvHO5Y,TCP Building Design Committee 02.26.20,https://www.youtube.com/watch?v=QviL9AvHO5Y,,2379,40,2026-09-08T16:42:02Z
2785,7oHVXbWrCaM,Lunenburg Business Association  Candidate Q&A 02.26.20,https://www.youtube.com/watch?v=7oHVXbWrCaM,,3328,32,2026-09-08T16:42:02Z
2786,dCBnWtKKWvw,Planning Board Meeting 02.24.20,https://www.youtube.com/watch?v=dCBnWtKKWvw,,8782,59,2026-09-08T16:42:02Z
2787,58LDpX0uPcI,Finance Committee 02.20.20,https://www.youtube.com/watch?v=58LDpX0uPcI,,6729,46,2026-09-08T16:42:02Z
2788,MyicKaP4S1g,Selectmen Meeting 02.18.20,https://www.youtube.com/watch?v=MyicKaP4S1g,,7869,141,2026-09-08T16:42:02Z
2789,a8YXeQnWODM,St. Boniface Mass 02.23.20,https://www.youtube.com/watch?v=a8YXeQnWODM,,3400,7,2026-09-08T16:42:02Z
2790,AQCSHV44M1g,Community News 02.27.20,https://www.youtube.com/watch?v=AQCSHV44M1g,,369,8,2026-09-08T16:42:02Z
2791,zYyip4tQhyc,Community News 02.20.20,https://www.youtube.com/watch?v=zYyip4tQhyc,,490,12,2026-09-08T16:42:02Z
2792,vuJnTD0XtIg,Conservation Commission 02.19.20,https://www.youtube.com/watch?v=vuJnTD0XtIg,,8102,89,2026-09-08T16:42:02Z
2793,IC1e7LmueAE,LHS Boys Basketball vs Oakmont HS 02.14.20,https://www.youtube.com/watch?v=IC1e7LmueAE,,4550,329,2026-09-08T16:42:02Z
2794,kA1PQjUmQTw,LHS Girls Basketball vs Oakmont HS 02.14.20,https://www.youtube.com/watch?v=kA1PQjUmQTw,,4665,116,2026-09-08T16:42:02Z
2795,AYJ6cxoLDGU,St. Boniface Mass 02.16.20,https://www.youtube.com/watch?v=AYJ6cxoLDGU,,3324,12,2026-09-08T16:42:02Z
2796,43DGtOXNZ00,Community News 02.13.20,https://www.youtube.com/watch?v=43DGtOXNZ00,,547,12,2026-09-08T16:42:02Z
2797,fA5t3_R2OfQ,Finance Committee 02.13.20,https://www.youtube.com/watch?v=fA5t3_R2OfQ,,6057,36,2026-09-08T16:42:02Z
2798,UR5GUsSbLxs,Free Throw Contest 02.07.20,https://www.youtube.com/watch?v=UR5GUsSbLxs,,681,88,2026-09-08T16:42:02Z
2799,OitmVV2lYu8,"Knights Roundtable - NEASC Accreditation Visit, S2 Episode 4",https://www.youtube.com/watch?v=OitmVV2lYu8,,969,72,2026-09-08T16:42:02Z
2800,1HkJ8fRmkkY,Selectmen Meeting 02.11.20,https://www.youtube.com/watch?v=1HkJ8fRmkkY,,7825,110,2026-09-08T16:42:02Z
2801,fpwwU6OsQU0,Planning Board Meeting 02.10.20,https://www.youtube.com/watch?v=fpwwU6OsQU0,,13613,47,2026-09-08T16:42:02Z
2802,QtcU9Hr3_Gg,LHSGirlsBBvsBromfield020720,https://www.youtube.com/watch?v=QtcU9Hr3_Gg,,4305,10,2026-09-08T16:42:02Z
2803,cLsR0bcSieM,St. Boniface Mass 02.09.20,https://www.youtube.com/watch?v=cLsR0bcSieM,,3188,9,2026-09-08T16:42:02Z
2804,VMs4HIj67gI,Community News 02.07.20,https://www.youtube.com/watch?v=VMs4HIj67gI,,316,12,2026-09-08T16:42:02Z
2805,V_qPgdtvFPw,TCP Building Design Committee 02.05.20,https://www.youtube.com/watch?v=V_qPgdtvFPw,,7165,40,2026-09-08T16:42:02Z
2806,_9RH76n8G1g,School Committee Meeting 02.05.20,https://www.youtube.com/watch?v=_9RH76n8G1g,,6210,107,2026-09-08T16:42:02Z
2807,O2oldjzGWqU,Selectmen Meeting 02.04.20,https://www.youtube.com/watch?v=O2oldjzGWqU,,6387,173,2026-09-08T16:42:02Z
2808,LK5Xvg_JIpU,St.Boniface Mass 02.02.20,https://www.youtube.com/watch?v=LK5Xvg_JIpU,,4048,23,2026-09-08T16:42:02Z
2809,0SlkObaoMog,LHS Girls Basketball vs Quabbin Regnl. 01.31.20,https://www.youtube.com/watch?v=0SlkObaoMog,,4759,52,2026-09-08T16:42:02Z
2810,OTfjJvvzL48,LHS Boys Basketball vs Ayer Shirley HS 01.29.20,https://www.youtube.com/watch?v=OTfjJvvzL48,,5608,128,2026-09-08T16:42:02Z
2811,hUBlfoSZW_I,LHS Girls Basketball vs Clinton HS 01.27.20,https://www.youtube.com/watch?v=hUBlfoSZW_I,,4474,96,2026-09-08T16:42:02Z
2812,9yTjvsynQ-g,TCP Building Design Committee 01.29.20,https://www.youtube.com/watch?v=9yTjvsynQ-g,,12217,62,2026-09-08T16:42:02Z
2813,ih9hSOosMJU,Community News 01.30.20,https://www.youtube.com/watch?v=ih9hSOosMJU,,611,11,2026-09-08T16:42:02Z
2814,IVhWUp3zJEU,LHS Boys Basketball vs Tyngsboro HS 01.24.20,https://www.youtube.com/watch?v=IVhWUp3zJEU,,4121,52,2026-09-08T16:42:02Z
2815,Jiv3bn6Pac4,Selectmen Meeting 01.28.20,https://www.youtube.com/watch?v=Jiv3bn6Pac4,,7461,148,2026-09-08T16:42:02Z
2816,oOUteGLklbI,Planning Board 01.27.20,https://www.youtube.com/watch?v=oOUteGLklbI,,10970,54,2026-09-08T16:42:02Z
2817,mZ1RmIgtoVA,"Knights Roundtable - Season 2, Episode 3",https://www.youtube.com/watch?v=mZ1RmIgtoVA,,494,55,2026-09-08T16:42:02Z
2818,RA_BVQ-6Gng,St. Boniface Mass 01.26.20,https://www.youtube.com/watch?v=RA_BVQ-6Gng,,3343,25,2026-09-08T16:42:02Z
2819,k6lYFKYXyS0,School Committee 01.22.20,https://www.youtube.com/watch?v=k6lYFKYXyS0,,9184,74,2026-09-08T16:42:02Z
2820,0pVONwlqT28,LHS Boys Basketball vs Bromfield Academy 01.21.20,https://www.youtube.com/watch?v=0pVONwlqT28,,4245,121,2026-09-08T16:42:02Z
2821,o2qWq_U-R2g,Finance Committee 01.23.20,https://www.youtube.com/watch?v=o2qWq_U-R2g,,6759,24,2026-09-08T16:42:02Z
2822,U7NUwoobqwA,Community News 01.23.20,https://www.youtube.com/watch?v=U7NUwoobqwA,,527,10,2026-09-08T16:42:02Z
2823,Nl2GyYENruM,LHS Girls Basketball vs Hudson HS 01.17.20,https://www.youtube.com/watch?v=Nl2GyYENruM,,3653,30,2026-09-08T16:42:02Z
2824,tJloRWoDzCs,Selectmen Meeting 01.21.20,https://www.youtube.com/watch?v=tJloRWoDzCs,,14190,214,2026-09-08T16:42:02Z
2825,9d9WmoEFVRQ,St. Boniface Mass 01.19.20,https://www.youtube.com/watch?v=9d9WmoEFVRQ,,3329,13,2026-09-08T16:42:02Z
2826,vIOJ6CK1pD0,Census Forum 01.15.20,https://www.youtube.com/watch?v=vIOJ6CK1pD0,,1409,14,2026-09-08T16:42:02Z
2827,Gy0rPteHHa0,TCP Building Design Committee Meeting 01.16.20,https://www.youtube.com/watch?v=Gy0rPteHHa0,,3301,40,2026-09-08T16:42:02Z
2828,50NKjyBTZ1c,RecyclingForum011520,https://www.youtube.com/watch?v=50NKjyBTZ1c,,2542,281,2026-09-08T16:42:02Z
2829,uUZCd5enVeE,Community News 01.16.20,https://www.youtube.com/watch?v=uUZCd5enVeE,,343,14,2026-09-08T16:42:02Z
2830,lNIQFTYB2LU,Conservation Commission 01.15.20,https://www.youtube.com/watch?v=lNIQFTYB2LU,,7359,48,2026-09-08T16:42:02Z
2831,hGCykSz83Es,Selectmen Meeting 01.14.20,https://www.youtube.com/watch?v=hGCykSz83Es,,6981,102,2026-09-08T16:42:02Z
2832,wPaEdwgFlJg,LHS Boys Basketball vs Littleton 01.10.20,https://www.youtube.com/watch?v=wPaEdwgFlJg,,4893,156,2026-09-08T16:42:02Z
2833,C6EApdFcc_Y,Planning Board 01.13.20,https://www.youtube.com/watch?v=C6EApdFcc_Y,,4991,43,2026-09-08T16:42:02Z
2834,715pX1BRiEw,St. Boniface Mass 01.12.20,https://www.youtube.com/watch?v=715pX1BRiEw,,3600,18,2026-09-08T16:42:02Z
2835,PBTFlYejuJU,School Committee 01.08.20,https://www.youtube.com/watch?v=PBTFlYejuJU,,8553,27,2026-09-08T16:42:02Z
2836,yuLO97xyj9o,Zoning Board of Appeals 01.08.20,https://www.youtube.com/watch?v=yuLO97xyj9o,,17427,102,2026-09-08T16:42:02Z
2837,Dn-q6377VjA,TCP Building Design Committee 01.08.20,https://www.youtube.com/watch?v=Dn-q6377VjA,,3581,26,2026-09-08T16:42:02Z
2838,lMfxZ-sIdVw,Community News 01.09.20,https://www.youtube.com/watch?v=lMfxZ-sIdVw,,436,8,2026-09-08T16:42:02Z
2839,66-GK0jeGEA,Capital Planning Committee 01.07.20,https://www.youtube.com/watch?v=66-GK0jeGEA,,4272,79,2026-09-08T16:42:02Z
2840,r5ci0EiezkQ,Selectmen Meeting 01.07.20,https://www.youtube.com/watch?v=r5ci0EiezkQ,,2020,85,2026-09-08T16:42:02Z
2841,Aiv0BrM_F10,St. Boniface Mass 01.05.20,https://www.youtube.com/watch?v=Aiv0BrM_F10,,3747,22,2026-09-08T16:42:02Z
2842,W1s6uuzlXq4,Community News 01.02.20,https://www.youtube.com/watch?v=W1s6uuzlXq4,,590,7,2026-09-08T16:42:02Z
2843,aJpJ-6cmT78,St. Boniface Mass 12.29.19,https://www.youtube.com/watch?v=aJpJ-6cmT78,,3591,20,2026-09-08T16:42:02Z
2844,_gcPovv6xMU,Community News 12.26.19,https://www.youtube.com/watch?v=_gcPovv6xMU,,348,9,2026-09-08T16:42:02Z
2845,OTrryt_iOoo,LHS Girls Basketball vsTyngsboro12.23.19,https://www.youtube.com/watch?v=OTrryt_iOoo,,5916,88,2026-09-08T16:42:02Z
2846,EofQNiSGWig,St.Boniface Mass 12.22.19,https://www.youtube.com/watch?v=EofQNiSGWig,,3628,19,2026-09-08T16:42:02Z
2847,pnOUXn2QRY0,LHS Boys Basketball vs N. Middlesex Regnl 12.19.19,https://www.youtube.com/watch?v=pnOUXn2QRY0,,4769,65,2026-09-08T16:42:02Z
2848,0ZEiCVEsEEk,Conservation Commission 12.18.19,https://www.youtube.com/watch?v=0ZEiCVEsEEk,,8597,35,2026-09-08T16:42:02Z
2849,wrx1DK9NVa4,Selectmen Meeting 12.19.19,https://www.youtube.com/watch?v=wrx1DK9NVa4,,936,67,2026-09-08T16:42:02Z
2850,pnF8DbaW6EA,TCP Building Design Committee 12.18.19,https://www.youtube.com/watch?v=pnF8DbaW6EA,,2369,32,2026-09-08T16:42:02Z
2851,5sa3vgnkC4k,Community News 12.19.19,https://www.youtube.com/watch?v=5sa3vgnkC4k,,389,10,2026-09-08T16:42:02Z
2852,VJlAEUcv-p0,School Committee 12.18.19,https://www.youtube.com/watch?v=VJlAEUcv-p0,,4421,33,2026-09-08T16:42:02Z
2853,LRESSh-mdaw,"Talkin' Baseball - Season 5, Episode 10  Righty Pitchers",https://www.youtube.com/watch?v=LRESSh-mdaw,,3593,20,2026-09-08T16:42:02Z
2854,ixsDPj7z0AE,LHS Boys Basketball vs West Boylston 12.12.19,https://www.youtube.com/watch?v=ixsDPj7z0AE,,4762,245,2026-09-08T16:42:02Z
2855,qVct_-iOCgw,Zoning Board of Appeals 12.11.19,https://www.youtube.com/watch?v=qVct_-iOCgw,,5781,62,2026-09-08T16:42:02Z
2856,kdWgNkpy8lw,LMHS Winter Instrumental Concert 12.12.19,https://www.youtube.com/watch?v=kdWgNkpy8lw,,4348,162,2026-09-08T16:42:02Z
2857,Fy2gnE92hII,Holidays with the Salvation Army,https://www.youtube.com/watch?v=Fy2gnE92hII,,574,27,2026-09-08T16:42:02Z
2858,MxWZOwf38-g,LMHS Winter Vocal Concert 12.10.19,https://www.youtube.com/watch?v=MxWZOwf38-g,,3866,191,2026-09-08T16:42:02Z
2859,DVO8tKQLeNo,Nexamp Community Solar Meeting 12.11.19,https://www.youtube.com/watch?v=DVO8tKQLeNo,,2288,128,2026-09-08T16:42:02Z
2860,cd38NzSyVrc,Community News 12.12.19,https://www.youtube.com/watch?v=cd38NzSyVrc,,437,10,2026-09-08T16:42:02Z
2861,zuGrkVXIXYY,Selectmen Meeting 12.10.19,https://www.youtube.com/watch?v=zuGrkVXIXYY,,7091,105,2026-09-08T16:42:02Z
2862,OaxZ4YN0mRs,Planning Board 12.09.19 -  Part 1,https://www.youtube.com/watch?v=OaxZ4YN0mRs,,410,21,2026-09-08T16:42:02Z
2863,4bEiavWW4CE,St. Boniface Mass 12.08.19,https://www.youtube.com/watch?v=4bEiavWW4CE,,3185,11,2026-09-08T16:42:02Z
2864,OMTI8vIFBcY,Planning Board 12.09.19 - Part 2,https://www.youtube.com/watch?v=OMTI8vIFBcY,,5141,29,2026-09-08T16:42:02Z
2865,rBevdDpLjRA,TCP Building Design Committee 12.04.19,https://www.youtube.com/watch?v=rBevdDpLjRA,,2917,56,2026-09-08T16:42:02Z
2866,sDfjfjSNh_c,Lunenburg Annual Tree Lighting Ceremony 12.05.19,https://www.youtube.com/watch?v=sDfjfjSNh_c,,1699,190,2026-09-08T16:42:02Z
2867,orqzSb4ushE,Community News 12.05.19,https://www.youtube.com/watch?v=orqzSb4ushE,,439,15,2026-09-08T16:42:02Z
2868,VXaklqjZXaU,School Committee Meeting 12.04.19,https://www.youtube.com/watch?v=VXaklqjZXaU,,7983,44,2026-09-08T16:42:02Z
2869,GGxp2peCPUU,St.Boniface Mass 12.01.19,https://www.youtube.com/watch?v=GGxp2peCPUU,,3345,17,2026-09-08T16:42:02Z
2870,NEDJRrr1RkY,St. Boniface Mass 11.24.19,https://www.youtube.com/watch?v=NEDJRrr1RkY,,4202,11,2026-09-08T16:42:02Z
2871,3NIOlm9HR3w,Community News 11.28.19,https://www.youtube.com/watch?v=3NIOlm9HR3w,,442,16,2026-09-08T16:42:02Z
2872,32jQ6ytaHJE,Adam Bergeron - Eagle House Concert 11.25.19,https://www.youtube.com/watch?v=32jQ6ytaHJE,,3584,127,2026-09-08T16:42:02Z
2873,Xvm022zDXvI,"Planning Board Meeting 11,25,19",https://www.youtube.com/watch?v=Xvm022zDXvI,,10069,62,2026-09-08T16:42:02Z
2874,3luHtSobbdM,Lunenburg Town Departments-Interviews,https://www.youtube.com/watch?v=3luHtSobbdM,,3730,141,2026-09-08T16:42:02Z
2875,93gtEjRVrCM,Community News 11.21.19,https://www.youtube.com/watch?v=93gtEjRVrCM,,358,12,2026-09-08T16:42:02Z
2876,5VdOyFQ6fQk,"Talkin' Baseball - Left Handed Pitchers, Season 5 Episode 9",https://www.youtube.com/watch?v=5VdOyFQ6fQk,,3466,34,2026-09-08T16:42:02Z
2877,4XbRmHhr4rc,Conservation Commission 11.20.19,https://www.youtube.com/watch?v=4XbRmHhr4rc,,10253,56,2026-09-08T16:42:02Z
2878,thhhsCWzkVs,Selectmen Meeting 11.19.19,https://www.youtube.com/watch?v=thhhsCWzkVs,,9739,125,2026-09-08T16:42:02Z
2879,xoVVUneZ3LI,Praise Him Always 11.17.19,https://www.youtube.com/watch?v=xoVVUneZ3LI,,5614,111,2026-09-08T16:42:02Z
2880,LoTQAkvy1qE,St. Boniface Mass 11.17.19,https://www.youtube.com/watch?v=LoTQAkvy1qE,,3720,15,2026-09-08T16:42:02Z
2881,vupTXKSnf1g,Flynn Cohen and Matt Heaton in Concert 11.14.19,https://www.youtube.com/watch?v=vupTXKSnf1g,,4452,106,2026-09-08T16:42:02Z
2882,bIfjRQTRvX8,"Knights Roundtable - Kindness Rocks, Season 2 Episode 2",https://www.youtube.com/watch?v=bIfjRQTRvX8,,784,65,2026-09-08T16:42:02Z
2883,5SUwhveNLBI,Community News 11.14.19,https://www.youtube.com/watch?v=5SUwhveNLBI,,367,18,2026-09-08T16:42:02Z
2884,3xEcemn4RGI,TCP Building Design Committee 11.13.19,https://www.youtube.com/watch?v=3xEcemn4RGI,,5018,55,2026-09-08T16:42:02Z
2885,gRqqmVZ-XlM,Finance Committee 11.14.19,https://www.youtube.com/watch?v=gRqqmVZ-XlM,,5503,28,2026-09-08T16:42:02Z
2886,qocEWxrTeug,Special Town Meeting 11.12.19,https://www.youtube.com/watch?v=qocEWxrTeug,,13549,120,2026-09-08T16:42:02Z
2887,GKPtCg3sNDU,History of Devens 11.07.19,https://www.youtube.com/watch?v=GKPtCg3sNDU,,3918,1800,2026-09-08T16:42:02Z
2888,CFuSgmO61rQ,School Committee 11.06.19,https://www.youtube.com/watch?v=CFuSgmO61rQ,,3931,67,2026-09-08T16:42:02Z
2889,TykTJuGKbv0,Community News 11.07.19,https://www.youtube.com/watch?v=TykTJuGKbv0,,322,10,2026-09-08T16:42:02Z
2890,niVKyHoWfZc,Paul Luria Music of the 1920s Concert,https://www.youtube.com/watch?v=niVKyHoWfZc,,5415,118,2026-09-08T16:42:02Z
2891,I8euy2aNahc,Selectmen Meeting 11.05.19 Part2,https://www.youtube.com/watch?v=I8euy2aNahc,,188,55,2026-09-08T16:42:02Z
2892,g4Lz-JNNQEo,Selectmen Meeting 11.05.19 Part1,https://www.youtube.com/watch?v=g4Lz-JNNQEo,,5832,94,2026-09-08T16:42:02Z
2893,1kRxSc7NiQk,St. Boniface Mass 11.03.19,https://www.youtube.com/watch?v=1kRxSc7NiQk,,3446,22,2026-09-08T16:42:02Z
2894,co0WdzJlJuQ,LHS Varsity Football vs Clinton 11.01.19,https://www.youtube.com/watch?v=co0WdzJlJuQ,,8418,129,2026-09-08T16:42:02Z
2895,Jy2dgaFB560,Informational Symposium 10.29.19,https://www.youtube.com/watch?v=Jy2dgaFB560,,8006,118,2026-09-08T16:42:02Z
2896,3TWdn3gX39g,LHS Girls Soccer vs Oakmont 10.30.19,https://www.youtube.com/watch?v=3TWdn3gX39g,,6424,76,2026-09-08T16:42:02Z
2897,2SUUnDlV34E,LHS Boys Soccer vs Oakmont 10.30.19,https://www.youtube.com/watch?v=2SUUnDlV34E,,5858,116,2026-09-08T16:42:02Z
2898,-ZdNBi7CB-s,Community News 10.31.19,https://www.youtube.com/watch?v=-ZdNBi7CB-s,,326,13,2026-09-08T16:42:02Z
2899,zXqIBjecgBU,Sewer Commission 10.29.19,https://www.youtube.com/watch?v=zXqIBjecgBU,,9259,34,2026-09-08T16:42:02Z
2900,uQCtyJY9aQA,Lunenburg Boys and Girls Club - Shrieks and Krieks 10.26.19,https://www.youtube.com/watch?v=uQCtyJY9aQA,,803,124,2026-09-08T16:42:02Z
2901,y9CMnNF49Pc,LHS Girls Soccer vs Maynard 10.24.19,https://www.youtube.com/watch?v=y9CMnNF49Pc,,5481,134,2026-09-08T16:42:02Z
2902,bBRKBlUBWwY,Planning Board 10.28.19,https://www.youtube.com/watch?v=bBRKBlUBWwY,,8695,67,2026-09-08T16:42:02Z
2903,Rxz4ta0difg,St. Boniface Mass 10.27.19,https://www.youtube.com/watch?v=Rxz4ta0difg,,3664,14,2026-09-08T16:42:02Z
2904,Bb9y7wuOpQ4,Wachusett 10.23.19,https://www.youtube.com/watch?v=Bb9y7wuOpQ4,,3314,31,2026-09-08T16:42:02Z
2905,WqesUKvhllc,Finance Committee 10.24.19,https://www.youtube.com/watch?v=WqesUKvhllc,,3262,25,2026-09-08T16:42:02Z
2906,txg-81SA_2k,LHS Girls Field Hockey vs Hudson HS 10.21.19,https://www.youtube.com/watch?v=txg-81SA_2k,,5331,55,2026-09-08T16:42:02Z
2907,yjSbnQmBJ5M,ROAR 10.17.19,https://www.youtube.com/watch?v=yjSbnQmBJ5M,,5707,77,2026-09-08T16:42:02Z
2908,_O0ruZuamcU,St. Boniface Mass 10.20.19,https://www.youtube.com/watch?v=_O0ruZuamcU,,3944,9,2026-09-08T16:42:02Z
2909,iaCkAUaohjg,Community News 10.24.19,https://www.youtube.com/watch?v=iaCkAUaohjg,,491,15,2026-09-08T16:42:02Z
2910,3b4weVvWBNY,TCP Building Design Committee 10.23.19,https://www.youtube.com/watch?v=3b4weVvWBNY,,3515,104,2026-09-08T16:42:02Z
2911,5UmdjTb6-no,Zoning Board of Appeals 10.23.19,https://www.youtube.com/watch?v=5UmdjTb6-no,,830,27,2026-09-08T16:42:02Z
2912,K8c7YktvTGQ,"Knight's Roundtable, Season 2, Episode 1  -  Best Buddies",https://www.youtube.com/watch?v=K8c7YktvTGQ,,1999,32,2026-09-08T16:42:02Z
2913,fGqvaufmffY,LHS Homecoming Parade 10.19.19,https://www.youtube.com/watch?v=fGqvaufmffY,,1513,349,2026-09-08T16:42:02Z
2914,fGrsOfLMyrg,Selectmen Meeting 10.22.19,https://www.youtube.com/watch?v=fGrsOfLMyrg,,7804,138,2026-09-08T16:42:02Z
2915,nXKYACD8Jqs,School Committee 10.16.19,https://www.youtube.com/watch?v=nXKYACD8Jqs,,9133,56,2026-09-08T16:42:02Z
2916,PiHsgbJJ3uk,LHS Girls Field Hockey vs Maynard 10.18.19,https://www.youtube.com/watch?v=PiHsgbJJ3uk,,4463,38,2026-09-08T16:42:02Z
2917,50NXm2Llk8I,LHS Boys Soccer vs St Peter-Marian 10.15.19,https://www.youtube.com/watch?v=50NXm2Llk8I,,5526,57,2026-09-08T16:42:02Z
2918,FNovxhROhbU,LHS Homecoming Football 10.19.19,https://www.youtube.com/watch?v=FNovxhROhbU,,7702,122,2026-09-08T16:42:02Z
2919,ppmsmVtRMq0,Conservation Commission 10.16.19 Part2,https://www.youtube.com/watch?v=ppmsmVtRMq0,,12258,107,2026-09-08T16:42:02Z
2920,w69UtlPpY5g,Conservation Commission 10.16.19 Part1,https://www.youtube.com/watch?v=w69UtlPpY5g,,14,23,2026-09-08T16:42:02Z
2921,eTkI_26284A,Community News 10.17.19,https://www.youtube.com/watch?v=eTkI_26284A,,587,23,2026-09-08T16:42:02Z
2922,gXb7MgMjpfo,Talkin' Baseball Season5 Episode 8  -  Catchers,https://www.youtube.com/watch?v=gXb7MgMjpfo,,3462,20,2026-09-08T16:42:02Z
2923,OfsGpw3bYTk,Selectmen Meeting 10.15.19,https://www.youtube.com/watch?v=OfsGpw3bYTk,,9676,179,2026-09-08T16:42:02Z
2924,Dwwyi-j0xwU,St. Boniface Mass 10.13.19,https://www.youtube.com/watch?v=Dwwyi-j0xwU,,4821,18,2026-09-08T16:42:02Z
2925,_mBwYTRjtvU,LHS Boys Soccer vs Tyngsboro 10.10.19,https://www.youtube.com/watch?v=_mBwYTRjtvU,,5806,174,2026-09-08T16:42:02Z
2926,mb6GdIXU-D0,Boys Soccer vs Ayer Shirley10.08.19,https://www.youtube.com/watch?v=mb6GdIXU-D0,,5679,88,2026-09-08T16:42:02Z
2927,AUNXl0WyfsE,Whalom Revisited,https://www.youtube.com/watch?v=AUNXl0WyfsE,,762,538,2026-09-08T16:42:02Z
2928,kcV4ans8GGg,Finance Committee 10.10.19,https://www.youtube.com/watch?v=kcV4ans8GGg,,8940,24,2026-09-08T16:42:02Z
2929,wYI8_oa1Y6g,Selectmen Meeting 10.08.19,https://www.youtube.com/watch?v=wYI8_oa1Y6g,,14616,209,2026-09-08T16:42:02Z
2930,rjiYCiEBG5M,LHS Girls Field Hockey vs Tahonto - Senior Night 10.09.19,https://www.youtube.com/watch?v=rjiYCiEBG5M,,5839,23,2026-09-08T16:42:02Z
2931,uzdl4UIK-gA,Community News 10.10.19,https://www.youtube.com/watch?v=uzdl4UIK-gA,,602,9,2026-09-08T16:42:02Z
2932,XJhuNhLMy-s,State Laws Seminar 10.03.19,https://www.youtube.com/watch?v=XJhuNhLMy-s,,6082,34,2026-09-08T16:42:02Z
2933,n_ZM-c1_UjA,Zoning Board of Appeals 10.09.19,https://www.youtube.com/watch?v=n_ZM-c1_UjA,,6629,29,2026-09-08T16:42:02Z
2934,XtqNlmUzRUA,St. Boniface Mass 10.06.19,https://www.youtube.com/watch?v=XtqNlmUzRUA,,4100,16,2026-09-08T16:42:02Z
2935,0W23Yn1whug,Swordsman Presentation 10.03.19,https://www.youtube.com/watch?v=0W23Yn1whug,,4358,40,2026-09-08T16:42:02Z
2936,SBJf6qmCCSo,Planning Board 10.07.19,https://www.youtube.com/watch?v=SBJf6qmCCSo,,3290,43,2026-09-08T16:42:02Z
2937,9Y76vmBv5Pw,Community News 10.04.19,https://www.youtube.com/watch?v=9Y76vmBv5Pw,,516,17,2026-09-08T16:42:02Z
2938,4YpL9JbffSA,Conservation Commission 10.02.19,https://www.youtube.com/watch?v=4YpL9JbffSA,,14120,47,2026-09-08T16:42:02Z
2939,NQL1DbD8SGQ,selectmen100119 Part2,https://www.youtube.com/watch?v=NQL1DbD8SGQ,,5861,72,2026-09-08T16:42:02Z
2940,K4SngZvorfE,Selectmen Meeting 10.01.19 Part1,https://www.youtube.com/watch?v=K4SngZvorfE,,499,64,2026-09-08T16:42:02Z
2941,8iXm2ig3pTA,School Committee 10.02.19,https://www.youtube.com/watch?v=8iXm2ig3pTA,,5111,47,2026-09-08T16:42:02Z
2942,Gcb-oJ3GYA4,St. Boniface Mass 09.29.19,https://www.youtube.com/watch?v=Gcb-oJ3GYA4,,3924,33,2026-09-08T16:42:02Z
2943,TKL0B6ODvMA,Finance Committee 09.26.19,https://www.youtube.com/watch?v=TKL0B6ODvMA,,5269,36,2026-09-08T16:42:02Z
2944,MLsnrr0JusI,Conservation Commission 09.18.19,https://www.youtube.com/watch?v=MLsnrr0JusI,,12875,64,2026-09-08T16:42:02Z
2945,y0Jd7vjOfcA,St. Boniface OctoberFest 09.28.19,https://www.youtube.com/watch?v=y0Jd7vjOfcA,,945,47,2026-09-08T16:42:02Z
2946,anfNxNdeIvA,LHS Boys Soccer vs Hudson 09.25.19,https://www.youtube.com/watch?v=anfNxNdeIvA,,6294,39,2026-09-08T16:42:02Z
2947,Lprw5EMGxB8,Wonderful World of Moths,https://www.youtube.com/watch?v=Lprw5EMGxB8,,3056,19,2026-09-08T16:42:02Z
2948,qkaEhKU7f8w,Community News 09.26.19,https://www.youtube.com/watch?v=qkaEhKU7f8w,,419,9,2026-09-08T16:42:02Z
2949,k_fmE-C9OK0,Sewer Commission 09.24.19,https://www.youtube.com/watch?v=k_fmE-C9OK0,,5415,24,2026-09-08T16:42:02Z
2950,QJI-umSkpFw,Conservation Commission 09.25.19,https://www.youtube.com/watch?v=QJI-umSkpFw,,7257,71,2026-09-08T16:42:02Z
2951,muzHNDquYNo,Planning Board 09.23.19,https://www.youtube.com/watch?v=muzHNDquYNo,,10918,66,2026-09-08T16:42:02Z
2952,r4-Wr1Ac-fg,Eagle House 5th Annual HighTea 09.23.19,https://www.youtube.com/watch?v=r4-Wr1Ac-fg,,1800,71,2026-09-08T16:42:02Z
2953,T3if6cW2Phs,LHS Girls Field Hockey vs St.Bernards 09.20.19,https://www.youtube.com/watch?v=T3if6cW2Phs,,4717,23,2026-09-08T16:42:02Z
2954,BOqU9JTudZc,LHS Girls Field Hockey vs Oakmont 09.16.19,https://www.youtube.com/watch?v=BOqU9JTudZc,,4844,60,2026-09-08T16:42:02Z
2955,jpvbDfH63y8,LHS Girls Soccer vs Clinton 09.19.19,https://www.youtube.com/watch?v=jpvbDfH63y8,,5434,165,2026-09-08T16:42:02Z
2956,6zcsHSmY0Ew,Boards Commissions Appreciation 9.19.19,https://www.youtube.com/watch?v=6zcsHSmY0Ew,,302,39,2026-09-08T16:42:02Z
2957,lnBxMP_X12A,St. Boniface Mass 09.15.19,https://www.youtube.com/watch?v=lnBxMP_X12A,,4165,27,2026-09-08T16:42:02Z
2958,YXDDLhDlwFI,Community News 09.19.19,https://www.youtube.com/watch?v=YXDDLhDlwFI,,599,14,2026-09-08T16:42:02Z
2959,W6mgPbVUXiM,SelectmenMeeting 09.17.19  Part 2,https://www.youtube.com/watch?v=W6mgPbVUXiM,,8131,92,2026-09-08T16:42:02Z
2960,HorVFSnhylw,LHS Boy Soccer vs Gardner 09.17.19,https://www.youtube.com/watch?v=HorVFSnhylw,,5590,186,2026-09-08T16:42:02Z
2961,g6l26EAlyog,School Committee Meeting 09.18.19,https://www.youtube.com/watch?v=g6l26EAlyog,,7772,85,2026-09-08T16:42:02Z
2962,Swbe9BDMKGE,Selectmen Meeting 09.17.19  Part 1,https://www.youtube.com/watch?v=Swbe9BDMKGE,,2269,65,2026-09-08T16:42:02Z
2963,_wDt5gE_B4c,Selectmen Meeting 09.17.19 Part 1 A,https://www.youtube.com/watch?v=_wDt5gE_B4c,,1309,80,2026-09-08T16:42:02Z
2964,S7gr3GHSQw0,Finance Committee 09.12.19,https://www.youtube.com/watch?v=S7gr3GHSQw0,,5414,30,2026-09-08T16:42:02Z
2965,4hR33UxdOfY,LHS Varsity Football vs Ayer/Shirley 09.13.19,https://www.youtube.com/watch?v=4hR33UxdOfY,,7532,458,2026-09-08T16:42:02Z
2966,9IajrZGGtdQ,LHS Boys Soccer vs Millbury 09.12.19,https://www.youtube.com/watch?v=9IajrZGGtdQ,,6021,159,2026-09-08T16:42:02Z
2967,kA37d6jc2_M,Boston Post Cane Ceremony 09.11.19,https://www.youtube.com/watch?v=kA37d6jc2_M,,549,34,2026-09-08T16:42:02Z
2968,ml0HKDwUZLw,"Talkin' Baseball-Unwritten Rules and Right Field, Season 5,  Episode 7",https://www.youtube.com/watch?v=ml0HKDwUZLw,,3387,39,2026-09-08T16:42:02Z
2969,0j9olRD9uiA,LHS Field Hockey vs Bromfield 09.11.19,https://www.youtube.com/watch?v=0j9olRD9uiA,,4120,96,2026-09-08T16:42:02Z
2970,slVfmX1fS78,Community News 09.12.19,https://www.youtube.com/watch?v=slVfmX1fS78,,466,17,2026-09-08T16:42:02Z
2971,o-nsj-F94DE,LHS Girls Soccer vs Bromfield 09.10.19,https://www.youtube.com/watch?v=o-nsj-F94DE,,5425,280,2026-09-08T16:42:02Z
2972,EPzK1ychje8,Selectmen Meeting 09.10.19,https://www.youtube.com/watch?v=EPzK1ychje8,,8905,116,2026-09-08T16:42:02Z
2973,WNIKzh4vMdQ,LHS Girls Field Hockey vs Nipmuk 09.09.19,https://www.youtube.com/watch?v=WNIKzh4vMdQ,,4191,41,2026-09-08T16:42:02Z
2974,hgsVGXRBWg0,St. Boniface Mass 09.08.19,https://www.youtube.com/watch?v=hgsVGXRBWg0,,3463,12,2026-09-08T16:42:02Z
2975,lLuIxPjCcJs,Eagle House Volunteer Appreciation Luncheon 09.06.19,https://www.youtube.com/watch?v=lLuIxPjCcJs,,1834,23,2026-09-08T16:42:02Z
2976,AuAT0oDqCGQ,LHS Boys Varsity Soccer vs. Littleton 09.05.19,https://www.youtube.com/watch?v=AuAT0oDqCGQ,,5722,251,2026-09-08T16:42:02Z
2977,fnWsMN_Vw9U,"""We Are Coming to You' - Historical Society Presentation",https://www.youtube.com/watch?v=fnWsMN_Vw9U,,2511,18,2026-09-08T16:42:02Z
2978,ABfO0EQSOPw,Community News 09.05.19,https://www.youtube.com/watch?v=ABfO0EQSOPw,,427,14,2026-09-08T16:42:02Z
2979,9RytVr2VrMo,School Committee 09.04.19,https://www.youtube.com/watch?v=9RytVr2VrMo,,6555,58,2026-09-08T16:42:02Z
2980,a1GvUfsZpOM,Selectmen Meeting 09.03.19,https://www.youtube.com/watch?v=a1GvUfsZpOM,,10635,214,2026-09-08T16:42:02Z
2981,pHgTKpXhzGc,St. Boniface Mass 09.01.19,https://www.youtube.com/watch?v=pHgTKpXhzGc,,3462,15,2026-09-08T16:42:02Z
2982,qUNqpsqkodo,Community News 08.29.19,https://www.youtube.com/watch?v=qUNqpsqkodo,,342,26,2026-09-08T16:42:02Z
2983,HUwdMXBKjMI,St. Boniface Mass 08.25.19,https://www.youtube.com/watch?v=HUwdMXBKjMI,,3542,13,2026-09-08T16:42:02Z
2984,jCLcB5d96AE,Planning Board 08.26.19,https://www.youtube.com/watch?v=jCLcB5d96AE,,7195,90,2026-09-08T16:42:02Z
2985,bQ3dFJYfTPs,Finance Committee 08.22.19,https://www.youtube.com/watch?v=bQ3dFJYfTPs,,3262,49,2026-09-08T16:42:02Z
2986,M_k7nDpjnII,Community News 08.22.19,https://www.youtube.com/watch?v=M_k7nDpjnII,,335,18,2026-09-08T16:42:02Z
2987,pJzkNZlHlw0,Conservation Commission 08.21.19,https://www.youtube.com/watch?v=pJzkNZlHlw0,,10869,89,2026-09-08T16:42:02Z
2988,yFFGsfEOFyU,Selectmen Meeting 08.20.19,https://www.youtube.com/watch?v=yFFGsfEOFyU,,8502,137,2026-09-08T16:42:02Z
2989,jROi8brDpQ0,St. Boniface Mass 08.18.19,https://www.youtube.com/watch?v=jROi8brDpQ0,,3252,15,2026-09-08T16:42:02Z
2990,4hl978g2LXo,School Committee 08.14.19,https://www.youtube.com/watch?v=4hl978g2LXo,,7477,37,2026-09-08T16:42:02Z
2991,Qlg_M296z1k,Community News 08.15.19,https://www.youtube.com/watch?v=Qlg_M296z1k,,522,27,2026-09-08T16:42:02Z
2992,ReJOsf5GbkI,Sagit Zilberman - Lunenburg Library 08.14.19,https://www.youtube.com/watch?v=ReJOsf5GbkI,,3338,11,2026-09-08T16:42:02Z
2993,zxA_WQlSG-Q,"Talkin' Baseball - Center Fielders, Season 5 Episode 6",https://www.youtube.com/watch?v=zxA_WQlSG-Q,,3424,20,2026-09-08T16:42:02Z
2994,Q9mIJ4SoHd0,Selectmen Meeting 08.13.19,https://www.youtube.com/watch?v=Q9mIJ4SoHd0,,7698,132,2026-09-08T16:42:02Z
2995,97ZunJM0I5I,Planning Board 08 12 2019 1 of 2,https://www.youtube.com/watch?v=97ZunJM0I5I,,8789,96,2026-09-08T16:42:02Z
2996,vrjUNhTJZGM,St.Boniface Mass 08.11.19,https://www.youtube.com/watch?v=vrjUNhTJZGM,,3739,15,2026-09-08T16:42:02Z
2997,lQYIytIyWps,Planning Board 08.12.19 Part 2 of 2,https://www.youtube.com/watch?v=lQYIytIyWps,,5392,57,2026-09-08T16:42:02Z
2998,IJZQkbrhU_k,Band Concert 08.05.19,https://www.youtube.com/watch?v=IJZQkbrhU_k,,4304,14,2026-09-08T16:42:02Z
2999,EavTh048kvg,Fincom 08 08 19,https://www.youtube.com/watch?v=EavTh048kvg,,3971,51,2026-09-08T16:42:02Z
3000,PF0i50nFX5Y,Selectmen2019 08 06,https://www.youtube.com/watch?v=PF0i50nFX5Y,,9749,201,2026-09-08T16:42:02Z
3001,AUMUvCRRyvc,Sewer Commoission 7.30.19 Sewer Commission 7 30,https://www.youtube.com/watch?v=AUMUvCRRyvc,,6200,52,2026-09-08T16:42:02Z
3002,opYKeZ1BAYk,Lunenburg Band Concert 07.29.17,https://www.youtube.com/watch?v=opYKeZ1BAYk,,4226,36,2026-09-08T16:42:02Z
3003,lgfXuV6uyKI,Boys & Girls Club Breakfast with Santa 07.27.19,https://www.youtube.com/watch?v=lgfXuV6uyKI,,418,49,2026-09-08T16:42:02Z
3004,MnI6Y-n-3eg,St. Boniface Mass 07.28.19,https://www.youtube.com/watch?v=MnI6Y-n-3eg,,3830,15,2026-09-08T16:42:02Z
3005,u_Qwrlq2XU4,The Great Cardboard Boat Race 07.27.19,https://www.youtube.com/watch?v=u_Qwrlq2XU4,,2058,424,2026-09-08T16:42:02Z
3006,wPQkIRgFWrE,Fincom 07 25 19,https://www.youtube.com/watch?v=wPQkIRgFWrE,,4665,60,2026-09-08T16:42:02Z
3007,O3GNNzsGn7U,Community News 07.26.19,https://www.youtube.com/watch?v=O3GNNzsGn7U,,611,21,2026-09-08T16:42:02Z
3008,DHItiPG_LA4,Marc Berger at the Lunenburg Library 07.12.19,https://www.youtube.com/watch?v=DHItiPG_LA4,,5891,9,2026-09-08T16:42:02Z
3009,fqylhrbnb00,Dan Kerouac at the Eagle House 07.24.19,https://www.youtube.com/watch?v=fqylhrbnb00,,3462,25,2026-09-08T16:42:02Z
3010,04NYIjOmuUE,Selectmen Meeting 07.23.19,https://www.youtube.com/watch?v=04NYIjOmuUE,,2153,230,2026-09-08T16:42:02Z
3011,zcT7YGO8vGE,St. Boniface Mass 07.21.19,https://www.youtube.com/watch?v=zcT7YGO8vGE,,3175,14,2026-09-08T16:42:02Z
3012,MfwyWxinCSE,Planning Board 7.22.19 PlanningBoard072219,https://www.youtube.com/watch?v=MfwyWxinCSE,,5055,41,2026-09-08T16:42:02Z
3013,-WYhl4u4DoE,Community News 07.19.19,https://www.youtube.com/watch?v=-WYhl4u4DoE,,480,116,2026-09-08T16:42:02Z
3014,JtRqiL9yjog,"Talkin' Baseball - Left Fielders, Season 5 Episode 5",https://www.youtube.com/watch?v=JtRqiL9yjog,,3599,41,2026-09-08T16:42:02Z
3015,-Vx_hhYRNA8,Conservation Commission 07.17.19,https://www.youtube.com/watch?v=-Vx_hhYRNA8,,13619,145,2026-09-08T16:42:02Z
3016,sSgCt3tygV4,Lunenburg Band Concert 07.15.19,https://www.youtube.com/watch?v=sSgCt3tygV4,,4591,33,2026-09-08T16:42:02Z
3017,pGLw9_gBd7Q,Selectman Meeting 07.16.19,https://www.youtube.com/watch?v=pGLw9_gBd7Q,,9800,151,2026-09-08T16:42:02Z
3018,lrweWjD7jTU,St. Boniface Mass 07.14.19,https://www.youtube.com/watch?v=lrweWjD7jTU,,3647,19,2026-09-08T16:42:02Z
3019,16uh0eUk8Kw,Community News 07.11.19,https://www.youtube.com/watch?v=16uh0eUk8Kw,,715,32,2026-09-08T16:42:02Z
3020,9MkC2cSmjFI,Lunenburg Band Concert 07.08.19,https://www.youtube.com/watch?v=9MkC2cSmjFI,,4476,23,2026-09-08T16:42:02Z
3021,9yW1n8p-jYw,ZBA 07.10.2019,https://www.youtube.com/watch?v=9yW1n8p-jYw,,2701,31,2026-09-08T16:42:02Z
3022,rGdH7AVLe7I,Selectmen 07 09 2019,https://www.youtube.com/watch?v=rGdH7AVLe7I,,8243,224,2026-09-08T16:42:02Z
3023,KOo6MQzadd8,Planning Board 07 08 19,https://www.youtube.com/watch?v=KOo6MQzadd8,,4860,56,2026-09-08T16:42:02Z
3024,2t3l8ueJAvE,Hickory Hills Boat Parade 07.06.19,https://www.youtube.com/watch?v=2t3l8ueJAvE,,646,660,2026-09-08T16:42:02Z
3025,mds9lMsojC4,St. Boniface Mass 07.07.19,https://www.youtube.com/watch?v=mds9lMsojC4,,3588,20,2026-09-08T16:42:02Z
3026,gMhD5xkOFeY,St. Boniface Mass 06.30.19,https://www.youtube.com/watch?v=gMhD5xkOFeY,,3815,10,2026-09-08T16:42:02Z
3027,0cejV_XiUDg,Walking to Listen,https://www.youtube.com/watch?v=0cejV_XiUDg,,4975,33,2026-09-08T16:42:02Z
3028,-M7PDz8xqLA,Dueling Pianos with Adam Bergeron & Ethan Stone,https://www.youtube.com/watch?v=-M7PDz8xqLA,,3585,280,2026-09-08T16:42:02Z
3029,8DzY0SyKEx8,LUNCH,https://www.youtube.com/watch?v=8DzY0SyKEx8,,820,71,2026-09-08T16:42:02Z
3030,1QFDbZbj8aw,Beecology,https://www.youtube.com/watch?v=1QFDbZbj8aw,,4646,38,2026-09-08T16:42:02Z
3031,xifvWEa9CnU,Community News 06.27.19,https://www.youtube.com/watch?v=xifvWEa9CnU,,892,38,2026-09-08T16:42:02Z
3032,LVhP_Q79pNA,Zoning Board of Appleals 06.26.19,https://www.youtube.com/watch?v=LVhP_Q79pNA,,1110,28,2026-09-08T16:42:02Z
3033,tezwAVqyGdI,Planning Board 06.24.19,https://www.youtube.com/watch?v=tezwAVqyGdI,,7936,75,2026-09-08T16:42:02Z
3034,A8CjgGbWHAI,Community News 06.20.19,https://www.youtube.com/watch?v=A8CjgGbWHAI,,531,31,2026-09-08T16:42:02Z
3035,AyJC4odM9R8,"Talkin' Baseball - First Basemen, Season 5 Episode 4",https://www.youtube.com/watch?v=AyJC4odM9R8,,3511,24,2026-09-08T16:42:02Z
3036,X9iToIcud6o,History of the Historian with Gordon Edes - Eagle House Senior Center 06.18.19,https://www.youtube.com/watch?v=X9iToIcud6o,,3423,71,2026-09-08T16:42:02Z
3037,c9NBb_cIViM,School Committee 06.19.19,https://www.youtube.com/watch?v=c9NBb_cIViM,,6534,165,2026-09-08T16:42:02Z
3038,Zn4WWlHHDjk,Selectmen Meeting 06.18.19,https://www.youtube.com/watch?v=Zn4WWlHHDjk,,14594,320,2026-09-08T16:42:02Z
3039,8JratjSRUTU,St. Boniface Mass 06.16.19,https://www.youtube.com/watch?v=8JratjSRUTU,,3739,16,2026-09-08T16:42:02Z
3040,FnFLY1cDD4c,Nahum Gardner Hazard Presentation - Lunenburg Library,https://www.youtube.com/watch?v=FnFLY1cDD4c,,3279,255,2026-09-08T16:42:02Z
3041,FsAR3ryRiuU,Cruise Night 06.12.19,https://www.youtube.com/watch?v=FsAR3ryRiuU,,907,126,2026-09-08T16:42:02Z
3042,giAxMvYzeuk,Lunenburg Arts Festival and Amory Phelps Interview 06.08.19,https://www.youtube.com/watch?v=giAxMvYzeuk,,1650,75,2026-09-08T16:42:02Z
3043,wTbyt2yCbH0,Community News 06.14.19,https://www.youtube.com/watch?v=wTbyt2yCbH0,,988,39,2026-09-08T16:42:02Z
3044,pRnuo0I2cew,Zoning Board of Appeals 06.12.19,https://www.youtube.com/watch?v=pRnuo0I2cew,,10317,106,2026-09-08T16:42:02Z
3045,k47niO9-U_o,Selectmen Meeting 06.11.19,https://www.youtube.com/watch?v=k47niO9-U_o,,11333,280,2026-09-08T16:42:02Z
3046,3ak-g3LhIDc,Planning Board 06.10.19,https://www.youtube.com/watch?v=3ak-g3LhIDc,,15465,142,2026-09-08T16:42:02Z
3047,-Yc-4Raxa98,St.Boniface Mass 06.09.19,https://www.youtube.com/watch?v=-Yc-4Raxa98,,3739,21,2026-09-08T16:42:02Z
3048,aQCRGpOcPvw,Lunenburg Community News 06.06.19,https://www.youtube.com/watch?v=aQCRGpOcPvw,,780,58,2026-09-08T16:42:02Z
3049,HtsXeXy5uaQ,School Committee 06.05.19,https://www.youtube.com/watch?v=HtsXeXy5uaQ,,5944,103,2026-09-08T16:42:02Z
3050,5mPlKSmOYdw,Selectmen Meeting 06.04.19,https://www.youtube.com/watch?v=5mPlKSmOYdw,,12383,374,2026-09-08T16:42:02Z
3051,QhF_SXV6vqg,Finance Committee 05.23.19,https://www.youtube.com/watch?v=QhF_SXV6vqg,,5004,47,2026-09-08T16:42:02Z
3052,BpMPe1Sykqs,LHS GRADUATION 06.01.19,https://www.youtube.com/watch?v=BpMPe1Sykqs,,5362,605,2026-09-08T16:42:02Z
3053,9QvPEGSqAPA,Lunenburg Police Fire & EMT Memorial Ceremony 06.02.19,https://www.youtube.com/watch?v=9QvPEGSqAPA,,1243,36,2026-09-08T16:42:02Z
3054,l8YaEJTDTso,Community News 05.31.19,https://www.youtube.com/watch?v=l8YaEJTDTso,,880,88,2026-09-08T16:42:02Z
3055,NlOpddtntSg,St. Boniface Mass 05.26.19,https://www.youtube.com/watch?v=NlOpddtntSg,,3887,29,2026-09-08T16:42:02Z
3056,_EM0Lisa3bE,Sewer Commission 05.28.19,https://www.youtube.com/watch?v=_EM0Lisa3bE,,5832,51,2026-09-08T16:42:02Z
3057,e0gvMwAHIo0,Memorial Day Ceremony 05.27.19,https://www.youtube.com/watch?v=e0gvMwAHIo0,,2481,199,2026-09-08T16:42:02Z
3058,dJvXvSzbuXw,School Committee Meeting 05.22.19,https://www.youtube.com/watch?v=dJvXvSzbuXw,,10758,161,2026-09-08T16:42:02Z
3059,-T3KNq09rHo,"Talkin' Baseball - Second Base, Season 5 Episode 3",https://www.youtube.com/watch?v=-T3KNq09rHo,,3416,26,2026-09-08T16:42:02Z
3060,aqcOFP1z1VE,Dementia Friendly Lunenburg Kickoff 05.20.19,https://www.youtube.com/watch?v=aqcOFP1z1VE,,3127,130,2026-09-08T16:42:02Z
3061,LrDsyOfWUg0,Zoning Board of Appeals 05.22.19,https://www.youtube.com/watch?v=LrDsyOfWUg0,,9591,144,2026-09-08T16:42:02Z
3062,GSNVfugH4Sw,St. Boniface Mass 05.19.19,https://www.youtube.com/watch?v=GSNVfugH4Sw,,2839,17,2026-09-08T16:42:02Z
3063,v1CIInfw-J8,Selectmen Meeting 05.21.19,https://www.youtube.com/watch?v=v1CIInfw-J8,,4630,170,2026-09-08T16:42:02Z
3064,rwi8k8EQ51A,LHS EXPO 05.17.19,https://www.youtube.com/watch?v=rwi8k8EQ51A,,6318,133,2026-09-08T16:42:02Z
3065,EQ2-k1FWpME,The Stigma of Mental Illness 2,https://www.youtube.com/watch?v=EQ2-k1FWpME,,1525,25,2026-09-08T16:42:02Z
3066,rSRyw-G-2yg,Edible Wild Plants and Mushrooms In and Around Lunenburg with Russ Cohen,https://www.youtube.com/watch?v=rSRyw-G-2yg,,6380,149,2026-09-08T16:42:02Z
3067,gT1HMI1kCbs,Conservation Commission 05.15.19,https://www.youtube.com/watch?v=gT1HMI1kCbs,,9929,168,2026-09-08T16:42:02Z
3068,rFicJIzUPBQ,Selectmen Meeting 05.14.19,https://www.youtube.com/watch?v=rFicJIzUPBQ,,11135,486,2026-09-08T16:42:02Z
3069,3wJxyL9JZak,Planning Board Meeting 05.13.19,https://www.youtube.com/watch?v=3wJxyL9JZak,,6730,92,2026-09-08T16:42:02Z
3070,BN4JTmIInUs,St. Boniface Mass 05.12.19,https://www.youtube.com/watch?v=BN4JTmIInUs,,3084,25,2026-09-08T16:42:02Z
3071,4zMNpF98z68,Historic Women of Lunenburg 05.10.19,https://www.youtube.com/watch?v=4zMNpF98z68,,1751,31,2026-09-08T16:42:02Z
3072,fLLOOnetK1E,TownMeeting050419 Part6,https://www.youtube.com/watch?v=fLLOOnetK1E,,2308,66,2026-09-08T16:42:02Z
3073,H6SIzuHVGOc,TownMeeting050419 Part5,https://www.youtube.com/watch?v=H6SIzuHVGOc,,7208,61,2026-09-08T16:42:02Z
3074,9A1vP8AeM_0,TownMeeting050419 Part4,https://www.youtube.com/watch?v=9A1vP8AeM_0,,7208,78,2026-09-08T16:42:02Z
3075,_gN94hMrt9c,TownMeeting050419 Part3,https://www.youtube.com/watch?v=_gN94hMrt9c,,7208,61,2026-09-08T16:42:02Z
3076,7Qv8mFdfej8,TownMeeting050419 Part2,https://www.youtube.com/watch?v=7Qv8mFdfej8,,7208,59,2026-09-08T16:42:02Z
3077,9Qd42Nrj0R8,Town Meeting 05.04.19   Part 1,https://www.youtube.com/watch?v=9Qd42Nrj0R8,,7208,85,2026-09-08T16:42:02Z
3078,47kWMjQRMoE,"Knights Roundtable - Extended Day Program, Season 1 Episode 6",https://www.youtube.com/watch?v=47kWMjQRMoE,,1514,230,2026-09-08T16:42:02Z
3079,z2KisYXjbUM,Selectmen Meeting 05.07.19,https://www.youtube.com/watch?v=z2KisYXjbUM,,11807,228,2026-09-08T16:42:02Z
3080,K5q74qM645k,Ted Reinstein at the Eagle House,https://www.youtube.com/watch?v=K5q74qM645k,,3161,26,2026-09-08T16:42:02Z
3081,E07_u7YylFE,St. Boniface Mass 05.05.19,https://www.youtube.com/watch?v=E07_u7YylFE,,3692,9,2026-09-08T16:42:02Z
3082,dO_sCMMZeZ8,Planning Board 04.29.19,https://www.youtube.com/watch?v=dO_sCMMZeZ8,,9970,46,2026-09-08T16:42:02Z
3083,cO7cpvRNT1c,Kate Duffy LIVE!! Sponsored by Lunenburg ROAR 04.30.19,https://www.youtube.com/watch?v=cO7cpvRNT1c,,5193,32,2026-09-08T16:42:02Z
3084,DU9WEvsa_Ps,School Committee 05.01.19,https://www.youtube.com/watch?v=DU9WEvsa_Ps,,3814,91,2026-09-08T16:42:02Z
3085,kxoPx68au-Y,Sewer Commission 04.30.19,https://www.youtube.com/watch?v=kxoPx68au-Y,,4348,24,2026-09-08T16:42:02Z
3086,V6uOfmqvtrI,Annual Poetry Reading Event - Lunenburg Library 04.29.19,https://www.youtube.com/watch?v=V6uOfmqvtrI,,1892,14,2026-09-08T16:42:02Z
3087,hp3Cx1uxjLI,St. Boniface Mass 04.28.19,https://www.youtube.com/watch?v=hp3Cx1uxjLI,,3590,13,2026-09-08T16:42:02Z
3088,fqxxZoRINCw,Zoning Board of Appeals 04.24.19,https://www.youtube.com/watch?v=fqxxZoRINCw,,1636,53,2026-09-08T16:42:02Z
3089,3_ZPZ2shlxU,School Committee 04.24.19,https://www.youtube.com/watch?v=3_ZPZ2shlxU,,7833,73,2026-09-08T16:42:02Z
3090,5_SRxioejy8,Planning Board 04.22.19,https://www.youtube.com/watch?v=5_SRxioejy8,,10347,84,2026-09-08T16:42:02Z
3091,5QKKuN3YMLs,Watch Talkin' Baseball,https://www.youtube.com/watch?v=5QKKuN3YMLs,,18,11,2026-09-08T16:42:02Z
3092,vr9tKZQ0xqs,St. Boniface Mass - Easter Sunday 04.21.19,https://www.youtube.com/watch?v=vr9tKZQ0xqs,,4947,12,2026-09-08T16:42:02Z
3093,mpuAU_x0PYc,Stations of the Cross 04.19.19,https://www.youtube.com/watch?v=mpuAU_x0PYc,,3159,36,2026-09-08T16:42:02Z
3094,i1rg2a5g4cs,A Green School Presentation,https://www.youtube.com/watch?v=i1rg2a5g4cs,,294,16,2026-09-08T16:42:02Z
3095,en4c0TDlA9c,Conservation Commission 04.17.19,https://www.youtube.com/watch?v=en4c0TDlA9c,,11824,210,2026-09-08T16:42:02Z
3096,GuUAlCqHAH0,Earth Day Video 1,https://www.youtube.com/watch?v=GuUAlCqHAH0,,297,30,2026-09-08T16:42:02Z
3097,ORBjt2Ff734,St. Boniface Mass 04.14.19,https://www.youtube.com/watch?v=ORBjt2Ff734,,4671,14,2026-09-08T16:42:02Z
3098,_XcvaSxswKw,Selectmen Meeting 04.16.19,https://www.youtube.com/watch?v=_XcvaSxswKw,,3111,171,2026-09-08T16:42:02Z
3099,RjAh_lsKIVw,Sampling of the Community Service Presentations 04.10.19,https://www.youtube.com/watch?v=RjAh_lsKIVw,,2703,53,2026-09-08T16:42:02Z
3100,JcydoUYrXTI,"Talkin' Baseball  Season 5,  Episode 2  ""Shortstops""",https://www.youtube.com/watch?v=JcydoUYrXTI,,3441,22,2026-09-08T16:42:02Z
3101,f48h0RgLOJc,Red Sox Trophy Event 04.07.19,https://www.youtube.com/watch?v=f48h0RgLOJc,,379,59,2026-09-08T16:42:02Z
3102,uHvJxAVbcnY,Selectman Meeting 04.09.19,https://www.youtube.com/watch?v=uHvJxAVbcnY,,11176,214,2026-09-08T16:42:02Z
3103,m03Q4DjvJTA,St. Boniface Mass 04.07.19,https://www.youtube.com/watch?v=m03Q4DjvJTA,,3881,21,2026-09-08T16:42:02Z
3104,ssQ2I3DKm80,Turn Back the Clock,https://www.youtube.com/watch?v=ssQ2I3DKm80,,3456,227,2026-09-08T16:42:02Z
3105,He_mmrJknBM,Planning Board 04.08.19,https://www.youtube.com/watch?v=He_mmrJknBM,,6621,65,2026-09-08T16:42:02Z
3106,ILUKSfdAuzU,School Committee 04.03.19,https://www.youtube.com/watch?v=ILUKSfdAuzU,,9976,104,2026-09-08T16:42:02Z
3107,crnHnds60lc,Selectmen Meeting 04.02.19,https://www.youtube.com/watch?v=crnHnds60lc,,9098,216,2026-09-08T16:42:02Z
3108,QTcQOr5rg7M,St. Boniface Mass 03.31.19,https://www.youtube.com/watch?v=QTcQOr5rg7M,,3619,17,2026-09-08T16:42:02Z
3109,Lc_-C7JloD8,Laughter is the Best Medicine,https://www.youtube.com/watch?v=Lc_-C7JloD8,,3188,16,2026-09-08T16:42:02Z
3110,1WmjwFJ_LkQ,Finance Committee 03.28.19,https://www.youtube.com/watch?v=1WmjwFJ_LkQ,,10461,97,2026-09-08T16:42:02Z
3111,6zpK6BoylXE,Zoning Board of Appeals 03.27.19,https://www.youtube.com/watch?v=6zpK6BoylXE,,2446,31,2026-09-08T16:42:02Z
3112,s6fJbpiwEBQ,Sewer Commission 03.26.19,https://www.youtube.com/watch?v=s6fJbpiwEBQ,,4382,19,2026-09-08T16:42:02Z
3113,_UqPj35ex5A,Planning Board 03.25.19,https://www.youtube.com/watch?v=_UqPj35ex5A,,9959,78,2026-09-08T16:42:02Z
3114,W4-AyL8Jy3o,St. Boniface Mass 03.24.19,https://www.youtube.com/watch?v=W4-AyL8Jy3o,,4354,14,2026-09-08T16:42:02Z
3115,Vj2w9jQDul4,"Knight's Roundtable Season 1, Episode 5",https://www.youtube.com/watch?v=Vj2w9jQDul4,,1734,132,2026-09-08T16:42:02Z
3116,PsP-g7S5wHc,School Committee 03.20.19,https://www.youtube.com/watch?v=PsP-g7S5wHc,,8585,120,2026-09-08T16:42:02Z
3117,gZbzuySyUmU,Finance Committee 03.14.19,https://www.youtube.com/watch?v=gZbzuySyUmU,,10237,49,2026-09-08T16:42:02Z
3118,wD9sHkwyz1k,Finance Committee 03.21.19,https://www.youtube.com/watch?v=wD9sHkwyz1k,,6637,76,2026-09-08T16:42:02Z
3119,pLvG4j3zREQ,Conservation Commission 03.20.19,https://www.youtube.com/watch?v=pLvG4j3zREQ,,9294,67,2026-09-08T16:42:02Z
3120,-8fw87wepYs,Selectmen Meeting 03.19.19,https://www.youtube.com/watch?v=-8fw87wepYs,,14366,280,2026-09-08T16:42:02Z
3121,7uB-ofooZ-Y,St. Boniface Mass 03.17.19,https://www.youtube.com/watch?v=7uB-ofooZ-Y,,3884,24,2026-09-08T16:42:02Z
3122,ehoTRe9mxuU,Charter Review Committee Meeting 03.13.19,https://www.youtube.com/watch?v=ehoTRe9mxuU,,12143,102,2026-09-08T16:42:02Z
3123,pUPquLcPzjw,St. Pat's Day Concert - Lunenburg Library 03.14.19,https://www.youtube.com/watch?v=pUPquLcPzjw,,4216,17,2026-09-08T16:42:02Z
3124,z4SEGGPTdSg,Zoning Board of Appeals 03.13.19,https://www.youtube.com/watch?v=z4SEGGPTdSg,,4549,56,2026-09-08T16:42:02Z
3125,vjx5Z3LmnNk,Talkin' Baseball - Season 5 Episode 1  Mt. Rushmore,https://www.youtube.com/watch?v=vjx5Z3LmnNk,,3525,45,2026-09-08T16:42:02Z
3126,569qLJp4kEA,Selectman Meeting 03.12.19,https://www.youtube.com/watch?v=569qLJp4kEA,,6099,347,2026-09-08T16:42:02Z
3127,We7mavzqFnU,St. Boniface Mass 03.10.19,https://www.youtube.com/watch?v=We7mavzqFnU,,3974,15,2026-09-08T16:42:02Z
3128,amgeV89vqNM,"Knights Roundtable Season 1, Episode 4 - ESL Services",https://www.youtube.com/watch?v=amgeV89vqNM,,2024,74,2026-09-08T16:42:02Z
3129,Qu7_SFziubg,Finance Committee 03.07.19,https://www.youtube.com/watch?v=Qu7_SFziubg,,7224,70,2026-09-08T16:42:02Z
3130,2QbNYUUsvX8,Charter Review Committee Hearing 03.06.19,https://www.youtube.com/watch?v=2QbNYUUsvX8,,11732,70,2026-09-08T16:42:02Z
3131,HMcwSqfyRbI,S. tBoniface Mass 03.03.19,https://www.youtube.com/watch?v=HMcwSqfyRbI,,4435,14,2026-09-08T16:42:02Z
3132,vLwL3iZuBGo,School Committee 03.06.19,https://www.youtube.com/watch?v=vLwL3iZuBGo,,4416,177,2026-09-08T16:42:02Z
3133,jdoMxZPiJBM,Selectmen Meeting 03.05.19,https://www.youtube.com/watch?v=jdoMxZPiJBM,,10698,121,2026-09-08T16:42:02Z
3134,6LozWjUrwNw,Planning Board 03 04 19,https://www.youtube.com/watch?v=6LozWjUrwNw,,15308,70,2026-09-08T16:42:02Z
3135,sUkfSYAYnac,Fin Com 02/28/19,https://www.youtube.com/watch?v=sUkfSYAYnac,,7784,45,2026-09-08T16:42:02Z
3136,96Rz9o5XysM,St. Boniface Mass 02.24.19,https://www.youtube.com/watch?v=96Rz9o5XysM,,3684,13,2026-09-08T16:42:02Z
3137,lBFQpH34u3c,Planning Board 02.25.19,https://www.youtube.com/watch?v=lBFQpH34u3c,,6537,83,2026-09-08T16:42:02Z
3138,Stluwv1PjlE,Finance Committee 02.21.19   Part2,https://www.youtube.com/watch?v=Stluwv1PjlE,,6376,30,2026-09-08T16:42:02Z
3139,q_kfRYt1PwI,Finance Committee 02.21.19   Part1,https://www.youtube.com/watch?v=q_kfRYt1PwI,,79,22,2026-09-08T16:42:02Z
3140,WrpVBHIXHeo,FlickWish Showdown at the Lunenburg Boys and Girls Club 02.16.19,https://www.youtube.com/watch?v=WrpVBHIXHeo,,2185,50,2026-09-08T16:42:02Z
3141,15arjZC9sV4,St. Boniface Mass 02.17.19,https://www.youtube.com/watch?v=15arjZC9sV4,,3300,25,2026-09-08T16:42:02Z
3142,pquWwVMxOyw,Conservation Commission 02.20.19,https://www.youtube.com/watch?v=pquWwVMxOyw,,11246,45,2026-09-08T16:42:02Z
3143,3-lMqgRTqdw,Selectman Meeting 02.19.19,https://www.youtube.com/watch?v=3-lMqgRTqdw,,11937,171,2026-09-08T16:42:02Z
3144,WWrl1B7X7GU,Planning Board Meeting 02.11.19,https://www.youtube.com/watch?v=WWrl1B7X7GU,,13193,83,2026-09-08T16:42:02Z
3145,OTkeKPbYl9A,School Committee 02 06 19,https://www.youtube.com/watch?v=OTkeKPbYl9A,,8007,63,2026-09-08T16:42:02Z
3146,bVInuvP474k,Finance Committee 02.14.19,https://www.youtube.com/watch?v=bVInuvP474k,,6252,99,2026-09-08T16:42:02Z
3147,odXhiDeUTPs,Charter Review Committee 02.13.19,https://www.youtube.com/watch?v=odXhiDeUTPs,,5267,53,2026-09-08T16:42:02Z
3148,vItOLYIvAKg,LMHS Instrumental Concert 12.13.18,https://www.youtube.com/watch?v=vItOLYIvAKg,,4913,51,2026-09-08T16:42:02Z
3149,rpY-3JxOgZg,Zoning Board of Appeals 02.13.19,https://www.youtube.com/watch?v=rpY-3JxOgZg,,3738,14,2026-09-08T16:42:02Z
3150,61LvHVcN4KE,LHS Girls Basketball vs Tyngsboro 02.06.19,https://www.youtube.com/watch?v=61LvHVcN4KE,,4319,285,2026-09-08T16:42:02Z
3151,Hw6oQJVmMOw,LHS Girls Basketball vs North Middlesex 02.08.19,https://www.youtube.com/watch?v=Hw6oQJVmMOw,,4545,97,2026-09-08T16:42:02Z
3152,lbihHP3mUCM,St. Boniface Mass 02.10.19,https://www.youtube.com/watch?v=lbihHP3mUCM,,3427,12,2026-09-08T16:42:02Z
3153,r1RTR-aigao,LHS Girls and Boys Basketball vs Oakmont 02.01.19,https://www.youtube.com/watch?v=r1RTR-aigao,,8358,301,2026-09-08T16:42:02Z
3154,nc1ZXQO_Df8,Lucky Lamson and her Lunenburg Sailor with Alan Earls,https://www.youtube.com/watch?v=nc1ZXQO_Df8,,2135,41,2026-09-08T16:42:02Z
3155,GeVqts1vIrM,St. Boniface Mass 02.03.19,https://www.youtube.com/watch?v=GeVqts1vIrM,,4160,30,2026-09-08T16:42:02Z
3156,sES_v5pOx4U,Selectmen Meeting 02.05.19,https://www.youtube.com/watch?v=sES_v5pOx4U,,10008,129,2026-09-08T16:42:02Z
3157,QvAXEinyF1k,LHS Girls Basketball vs Clinton 01.29.19,https://www.youtube.com/watch?v=QvAXEinyF1k,,4380,60,2026-09-08T16:42:02Z
3158,8B2JsMBvbI0,Knight's Roundtable S1Ep3 - Preschool and Kindergarten Registration,https://www.youtube.com/watch?v=8B2JsMBvbI0,,908,69,2026-09-08T16:42:02Z
3159,xv9_MTYJIoI,St. Boniface Mass 01.27.19,https://www.youtube.com/watch?v=xv9_MTYJIoI,,4488,48,2026-09-08T16:42:02Z
3160,aC5d-OX1saM,Sewer Commission 01.29.19,https://www.youtube.com/watch?v=aC5d-OX1saM,,10454,65,2026-09-08T16:42:02Z
3161,Bv8jCo6-qf0,LHS Boys Basketball vs Littleton 01.25.19,https://www.youtube.com/watch?v=Bv8jCo6-qf0,,3698,53,2026-09-08T16:42:02Z
3162,NBvXSASgAF8,Finance Committee 01.24.19,https://www.youtube.com/watch?v=NBvXSASgAF8,,5492,47,2026-09-08T16:42:02Z
3163,WwyVM3srlXM,Charter Review Committee 01.23.19,https://www.youtube.com/watch?v=WwyVM3srlXM,,8920,92,2026-09-08T16:42:02Z
3164,dXkh0C6TSnc,Zoning Board of Appeals 01.23.19,https://www.youtube.com/watch?v=dXkh0C6TSnc,,2935,24,2026-09-08T16:42:02Z
3165,zkKwIAs19II,LHS Boys Basketball vs Hudson 01.18.19,https://www.youtube.com/watch?v=zkKwIAs19II,,4098,59,2026-09-08T16:42:02Z
3166,VLX9zC7y3d0,"Talking Baseball - Season 4, Episode 9 Part 2",https://www.youtube.com/watch?v=VLX9zC7y3d0,,3590,58,2026-09-08T16:42:02Z
3167,D_x0gs5TiKY,Selectmen Meeting 01.22.19,https://www.youtube.com/watch?v=D_x0gs5TiKY,,5519,90,2026-09-08T16:42:02Z
3168,c1R7KFFtvv4,Dementia Friendly Lunenburg - Eagle House Memory Cafe,https://www.youtube.com/watch?v=c1R7KFFtvv4,,805,52,2026-09-08T16:42:02Z
3169,pasWc-gz1iM,LHS Girls Basketball vs Bromfield 01.15.19,https://www.youtube.com/watch?v=pasWc-gz1iM,,3671,119,2026-09-08T16:42:02Z
3170,q8a5CeiEOHw,School Committee 01.16.19,https://www.youtube.com/watch?v=q8a5CeiEOHw,,9757,205,2026-09-08T16:42:02Z
3171,MaKc-MosaDg,Conservation Commission 01.16.19,https://www.youtube.com/watch?v=MaKc-MosaDg,,11694,56,2026-09-08T16:42:02Z
3172,O2TtJhjEGRo,Selectman Meeting 01.15.19,https://www.youtube.com/watch?v=O2TtJhjEGRo,,6935,102,2026-09-08T16:42:02Z
3173,vy-TsmK6vNc,St. Boniface Mass 01.13.19,https://www.youtube.com/watch?v=vy-TsmK6vNc,,3374,10,2026-09-08T16:42:02Z
3174,rRgclCPH3h4,Planning Board Meeting 01.14.19,https://www.youtube.com/watch?v=rRgclCPH3h4,,9908,73,2026-09-08T16:42:02Z
3175,5ps3eVvGvAM,LHS Boys Basketball vsTyngsboro 01.11.19,https://www.youtube.com/watch?v=5ps3eVvGvAM,,3234,24,2026-09-08T16:42:02Z
3176,Qi2PSSzHDXI,Zoning Board of Appeals 01.09.19,https://www.youtube.com/watch?v=Qi2PSSzHDXI,,2414,13,2026-09-08T16:42:02Z
3177,_QrckRK7Q9M,Lunenburg Boys Basketball vs Quabbin 01.08.19,https://www.youtube.com/watch?v=_QrckRK7Q9M,,4410,118,2026-09-08T16:42:02Z
3178,wx0ie5qM3k4,St. Boniface Mass 01.06.19,https://www.youtube.com/watch?v=wx0ie5qM3k4,,3878,16,2026-09-08T16:42:02Z
3179,fPO8Zsgtpq0,Charter Review Committee Hearing 01.09.19,https://www.youtube.com/watch?v=fPO8Zsgtpq0,,10238,56,2026-09-08T16:42:02Z
3180,kt5Taohq580,Selectmen Meeting 01.08.19,https://www.youtube.com/watch?v=kt5Taohq580,,8597,133,2026-09-08T16:42:02Z
3181,R-sZYi0d24M,LHS Boys Varsity Basketball vs. Clinton 01.03.19,https://www.youtube.com/watch?v=R-sZYi0d24M,,4091,117,2026-09-08T16:42:02Z
3182,GFw6IxHijXU,"Knight's Roundtable Season 1, Episode 2",https://www.youtube.com/watch?v=GFw6IxHijXU,,1207,79,2026-09-08T16:42:02Z
3183,bHUZxMHQuXU,School Committee Meeting 01.02.19,https://www.youtube.com/watch?v=bHUZxMHQuXU,,3541,95,2026-09-08T16:42:02Z
3184,ADD0u7MYPFk,St. Boniface Mass 12.30.18,https://www.youtube.com/watch?v=ADD0u7MYPFk,,3460,3,2026-09-08T16:42:02Z
3185,DUvA0NVgKuE,"St, Boniface Mass 12.22.18",https://www.youtube.com/watch?v=DUvA0NVgKuE,,3534,14,2026-09-08T16:42:02Z
3186,MgPuqNkPzoE,Conservation Commission 12.19.18,https://www.youtube.com/watch?v=MgPuqNkPzoE,,10973,71,2026-09-08T16:42:02Z
3187,xDlr3fejVzY,School Committee 12.19.18,https://www.youtube.com/watch?v=xDlr3fejVzY,,7183,87,2026-09-08T16:42:02Z
3188,cZBJfv5TP6A,Selectmen Meeting 12.18.18,https://www.youtube.com/watch?v=cZBJfv5TP6A,,6568,93,2026-09-08T16:42:02Z
3189,CjYO-OkFGww,S. tBoniface Mass 12.16.18,https://www.youtube.com/watch?v=CjYO-OkFGww,,3230,16,2026-09-08T16:42:02Z
3190,35BRTPLDWiw,"Talkin' Baseball - Season 4,  Episode 9 Part 1",https://www.youtube.com/watch?v=35BRTPLDWiw,,3545,109,2026-09-08T16:42:02Z
3191,zO5Ll6Agq_E,St Boniface Mass 12.09.18,https://www.youtube.com/watch?v=zO5Ll6Agq_E,,3129,5,2026-09-08T16:42:02Z
3192,O9Ks6IkEit4,Finance Committee 12.13.18,https://www.youtube.com/watch?v=O9Ks6IkEit4,,4162,12,2026-09-08T16:42:02Z
3193,2Ng-I1DULdY,Charter Review Committee 12.12.18,https://www.youtube.com/watch?v=2Ng-I1DULdY,,8344,72,2026-09-08T16:42:02Z
3194,EGHTzc_T_LE,LMHS Winter Vocal Concert 12.11.18,https://www.youtube.com/watch?v=EGHTzc_T_LE,,3979,128,2026-09-08T16:42:02Z
3195,xdzKp0LZWCk,Selectmen Meeting 12.11.18,https://www.youtube.com/watch?v=xdzKp0LZWCk,,7158,139,2026-09-08T16:42:02Z
3196,Z2jYY6gfbkc,Planning Board Meeting 12.10.18,https://www.youtube.com/watch?v=Z2jYY6gfbkc,,12974,56,2026-09-08T16:42:02Z
3197,WhLR_m00Kto,A Celtic Christmas Celebration with Kate Chadbourne,https://www.youtube.com/watch?v=WhLR_m00Kto,,5669,71,2026-09-08T16:42:02Z
3198,wfmJv87snB4,St. Boniface Mass 12.02.18,https://www.youtube.com/watch?v=wfmJv87snB4,,3698,14,2026-09-08T16:42:02Z
3199,ujQGXsvPGcA,School Committee Meeting 12.05.18,https://www.youtube.com/watch?v=ujQGXsvPGcA,,3978,83,2026-09-08T16:42:02Z
3200,I-8lX4TQfUM,Selectmen Meeting 12.04.18,https://www.youtube.com/watch?v=I-8lX4TQfUM,,5724,149,2026-09-08T16:42:02Z
3201,e2yqenDBwLk,Lunenburg Tree Lighting Ceremony 11.29.18,https://www.youtube.com/watch?v=e2yqenDBwLk,,1375,97,2026-09-08T16:42:02Z
3202,rtT6QjKKUrI,"Knight's Roundtable with Dr. Kate Burnham - ""Interface"", Season 1 Episode 1",https://www.youtube.com/watch?v=rtT6QjKKUrI,,1171,195,2026-09-08T16:42:02Z
3203,y2QPbWyYt60,School Committee 11.28.18,https://www.youtube.com/watch?v=y2QPbWyYt60,,8136,64,2026-09-08T16:42:02Z
3204,SDYsCGnAhLU,Charter Review Committee 11.28.18,https://www.youtube.com/watch?v=SDYsCGnAhLU,,3865,115,2026-09-08T16:42:02Z
3205,jcPKXgVpJ2o,St. Boniface Mass 11.25.18,https://www.youtube.com/watch?v=jcPKXgVpJ2o,,3935,10,2026-09-08T16:42:02Z
3206,1A7N7_br4zc,Sewer Commission 11.27.18,https://www.youtube.com/watch?v=1A7N7_br4zc,,2866,35,2026-09-08T16:42:02Z
3207,4Kw6P9T28ew,St. Boniface Mass 11.18.18,https://www.youtube.com/watch?v=4Kw6P9T28ew,,3471,5,2026-09-08T16:42:02Z
3208,hrffugnmXAI,Planning Board 11.26.18,https://www.youtube.com/watch?v=hrffugnmXAI,,10756,57,2026-09-08T16:42:02Z
3209,z_jUdWVSWWM,Board of Selectmen 11.20.18,https://www.youtube.com/watch?v=z_jUdWVSWWM,,5880,65,2026-09-08T16:42:02Z
3210,DAViPzGK2z8,Praise Him Always 11.04.18,https://www.youtube.com/watch?v=DAViPzGK2z8,,5407,19,2026-09-08T16:42:02Z
3211,uX4WmKScOZA,St. Boniface Mass 11.11.18,https://www.youtube.com/watch?v=uX4WmKScOZA,,3753,9,2026-09-08T16:42:02Z
3212,SKZ1cC6htWk,Zoning Board of Appeals 11.14.18,https://www.youtube.com/watch?v=SKZ1cC6htWk,,1088,14,2026-09-08T16:42:02Z
3213,DDF8VruvdNk,ROAR - Dr. Ruth Potee Presentation 11.01.18,https://www.youtube.com/watch?v=DDF8VruvdNk,,6554,245,2026-09-08T16:42:02Z
3214,W4gYlbuGGDk,"Lunenburg Special Town Meeting - November 13, 2018",https://www.youtube.com/watch?v=W4gYlbuGGDk,,14199,461,2026-09-08T16:42:02Z
3215,2mZL--PceeQ,"Talkin' Baseball - Season 4, Episode 8  ""Damage Done""",https://www.youtube.com/watch?v=2mZL--PceeQ,,3389,83,2026-09-08T16:42:02Z
3216,kJU1NW37CSk,Finance Committee 11.08.18,https://www.youtube.com/watch?v=kJU1NW37CSk,,5788,33,2026-09-08T16:42:02Z
3217,hj_GUFXyE-A,Planning Board Meeting 11.05.18,https://www.youtube.com/watch?v=hj_GUFXyE-A,,2140,33,2026-09-08T16:42:02Z
3218,Ib1TyvbR73I,School Committee Meeting 11.07.18,https://www.youtube.com/watch?v=Ib1TyvbR73I,,7293,89,2026-09-08T16:42:02Z
3219,RwOGh5PSoHs,Selectmen Meeting 11.6.18,https://www.youtube.com/watch?v=RwOGh5PSoHs,,9308,158,2026-09-08T16:42:02Z
3220,-zR-D1mEHJA,Sikorsky Presentation - Sally Dickinson  Lunenburg Library 11/01/18,https://www.youtube.com/watch?v=-zR-D1mEHJA,,2074,205,2026-09-08T16:42:02Z
3221,xL1uce7p17M,Sewer Commission 10.30.18,https://www.youtube.com/watch?v=xL1uce7p17M,,2820,30,2026-09-08T16:42:02Z
3222,hrlCZagmdmQ,St. Boniface Mass 10.28.18,https://www.youtube.com/watch?v=hrlCZagmdmQ,,3069,21,2026-09-08T16:42:02Z
3223,fK4y4V1TuKY,Finance Committee 10.25.18,https://www.youtube.com/watch?v=fK4y4V1TuKY,,3484,16,2026-09-08T16:42:02Z
3224,tGhueO1qUi0,Zoning Board of Appeals 10.24.18,https://www.youtube.com/watch?v=tGhueO1qUi0,,2641,19,2026-09-08T16:42:02Z
3225,ynVVZrZEhJk,Charter Review Committee 10.24.18,https://www.youtube.com/watch?v=ynVVZrZEhJk,,4981,42,2026-09-08T16:42:02Z
3226,YJrS6NMgUKQ,St. Boniface Mass 10.21.18,https://www.youtube.com/watch?v=YJrS6NMgUKQ,,3146,15,2026-09-08T16:42:02Z
3227,tuR29ZoH_eE,Planning Board 10.22.18,https://www.youtube.com/watch?v=tuR29ZoH_eE,,11004,57,2026-09-08T16:42:02Z
3228,0qqrJpG7JTE,LHS Homecoming Parade 10.20.18,https://www.youtube.com/watch?v=0qqrJpG7JTE,,2021,243,2026-09-08T16:42:02Z
3229,zWmANgzYgXw,Homecoming Football Game 10.20.18,https://www.youtube.com/watch?v=zWmANgzYgXw,,8718,251,2026-09-08T16:42:02Z
3230,ZoHOIQE9etI,School Committee 10.17.18,https://www.youtube.com/watch?v=ZoHOIQE9etI,,6823,60,2026-09-08T16:42:02Z
3231,INW4vb-caXk,Conservation Commission 10.17.18,https://www.youtube.com/watch?v=INW4vb-caXk,,11439,80,2026-09-08T16:42:02Z
3232,Pr-kqdZ9Yho,Open Space Committee 10.16.18,https://www.youtube.com/watch?v=Pr-kqdZ9Yho,,2973,27,2026-09-08T16:42:02Z
3233,dYVwDNXE0S4,Selectmen Meeting 10.16.18,https://www.youtube.com/watch?v=dYVwDNXE0S4,,12512,133,2026-09-08T16:42:02Z
3234,DH3lHLVvMvE,St. Boniface Mass 10.14.18,https://www.youtube.com/watch?v=DH3lHLVvMvE,,4043,10,2026-09-08T16:42:02Z
3235,kZby1_NV4yw,Finance Committee 10.11.18,https://www.youtube.com/watch?v=kZby1_NV4yw,,9256,56,2026-09-08T16:42:02Z
3236,RMiSbV3dxmQ,"Talkin' Baseball - Season 4, Episode 7 ""Some Things We Don't Understand""",https://www.youtube.com/watch?v=RMiSbV3dxmQ,,3441,20,2026-09-08T16:42:02Z
3237,Y5WwBxO3xWs,Zoning Board of Appeals 10.10.18,https://www.youtube.com/watch?v=Y5WwBxO3xWs,,5905,39,2026-09-08T16:42:02Z
3238,rMYhcNpx8DI,Lunenburg Skate Park PSA,https://www.youtube.com/watch?v=rMYhcNpx8DI,,27,221,2026-09-08T16:42:02Z
3239,rFjfztctMCw,Lunenburg Skate Park Promo,https://www.youtube.com/watch?v=rFjfztctMCw,,762,120,2026-09-08T16:42:02Z
3240,fXD8_Io6ZMs,Selectmen Meeting 10.09.18,https://www.youtube.com/watch?v=fXD8_Io6ZMs,,6424,154,2026-09-08T16:42:02Z
3241,KE5rz5iV1yo,S. tBoniface Mass 10.07.18,https://www.youtube.com/watch?v=KE5rz5iV1yo,,3072,9,2026-09-08T16:42:02Z
3242,9NM5CHNFfK4,School Committee Meeting 10.03.18,https://www.youtube.com/watch?v=9NM5CHNFfK4,,6704,63,2026-09-08T16:42:02Z
3243,-cLykkGVBy4,St. Boniface Mass 09.30.18,https://www.youtube.com/watch?v=-cLykkGVBy4,,3322,68,2026-09-08T16:42:02Z
3244,Wa2khgCtLkc,Selectmen Meeting 10.02.18,https://www.youtube.com/watch?v=Wa2khgCtLkc,,11491,153,2026-09-08T16:42:02Z
3245,OnoynJhmLbU,LHS Varsity Football vs Narragansett 09.28.18,https://www.youtube.com/watch?v=OnoynJhmLbU,,9130,698,2026-09-08T16:42:02Z
3246,U4Tev7kk83U,Finance Committee 09.27.18,https://www.youtube.com/watch?v=U4Tev7kk83U,,2625,29,2026-09-08T16:42:02Z
3247,ReBxM7v_QJg,Zoning Board of Appeals 09.26.18,https://www.youtube.com/watch?v=ReBxM7v_QJg,,3666,21,2026-09-08T16:42:02Z
3248,QqHeOwuqMA8,Eagle House Senior Community Center - There's Always Something to Do.,https://www.youtube.com/watch?v=QqHeOwuqMA8,,657,31,2026-09-08T16:42:02Z
3249,A0aKkcDC5e8,Sewer Commission 09.25.18,https://www.youtube.com/watch?v=A0aKkcDC5e8,,5679,32,2026-09-08T16:42:02Z
3250,Ro7-Y7Cc460,St. Boniface Mass 09.23.18,https://www.youtube.com/watch?v=Ro7-Y7Cc460,,3113,50,2026-09-08T16:42:02Z
3251,Lph9erRti1A,Planning Board Meeting 09.24.18 PART 2,https://www.youtube.com/watch?v=Lph9erRti1A,,1134,42,2026-09-08T16:42:02Z
3252,EZcJ7vG3iJU,Planning Board Meeting 09.24.18  PART 1,https://www.youtube.com/watch?v=EZcJ7vG3iJU,,8054,61,2026-09-08T16:42:02Z
3253,fLceoMFDAzo,School Committee Meeting 09.19.18,https://www.youtube.com/watch?v=fLceoMFDAzo,,5836,58,2026-09-08T16:42:02Z
3254,2e1BQrAnKVY,Conservation Commission 09.19.18,https://www.youtube.com/watch?v=2e1BQrAnKVY,,13618,193,2026-09-08T16:42:02Z
3255,yXLhlHRcWrk,History of Coins,https://www.youtube.com/watch?v=yXLhlHRcWrk,,3696,28,2026-09-08T16:42:02Z
3256,2lXSGaeSr8c,"Selectmen Meeting 09,18,18",https://www.youtube.com/watch?v=2lXSGaeSr8c,,6703,130,2026-09-08T16:42:02Z
3257,eP8CYaVjAfI,St. Boniface Mass 09.16.18,https://www.youtube.com/watch?v=eP8CYaVjAfI,,3260,22,2026-09-08T16:42:02Z
3258,mcmqertpzM0,Finance Committee 09.13.18,https://www.youtube.com/watch?v=mcmqertpzM0,,3493,19,2026-09-08T16:42:02Z
3259,H7QKKkVCb6U,Charter Review Committee 09.12.18,https://www.youtube.com/watch?v=H7QKKkVCb6U,,3231,50,2026-09-08T16:42:02Z
3260,YgB3PugWzXY,Summer Street Ground Breaking Ceremony  09.12.18,https://www.youtube.com/watch?v=YgB3PugWzXY,,1557,21,2026-09-08T16:42:02Z
3261,QzdJqJLKknE,Eagle House Volunteer Appreciation Luncheon 09.07.18,https://www.youtube.com/watch?v=QzdJqJLKknE,,1908,13,2026-09-08T16:42:02Z
3262,IUX-NbYZuUA,Selectmen Meeting 09.11.18,https://www.youtube.com/watch?v=IUX-NbYZuUA,,8293,128,2026-09-08T16:42:02Z
3263,ZQU6hTQC5Jk,"Talkin' Baseball - Karma, Stats and New Rules Season 4, Episode 6",https://www.youtube.com/watch?v=ZQU6hTQC5Jk,,3426,28,2026-09-08T16:42:02Z
3264,6SKhkWJSDFs,Planning Board Meeting 09.10.18,https://www.youtube.com/watch?v=6SKhkWJSDFs,,15096,45,2026-09-08T16:42:02Z
3265,Uw86GgaLLT8,St. Boniface Mass 09.09.18,https://www.youtube.com/watch?v=Uw86GgaLLT8,,3800,17,2026-09-08T16:42:02Z
3266,2jhUTN1N-wo,School Committee Meeting 09.06.18,https://www.youtube.com/watch?v=2jhUTN1N-wo,,8559,233,2026-09-08T16:42:02Z
3267,FP2C-fyFoc8,Selectmen Meeting 09.04.18,https://www.youtube.com/watch?v=FP2C-fyFoc8,,11355,248,2026-09-08T16:42:02Z
3268,_O4teDp6qLU,St. Boniface Mass 09.02.18,https://www.youtube.com/watch?v=_O4teDp6qLU,,3525,29,2026-09-08T16:42:02Z
3269,3rIOzWx6vF4,Sewer Commission 08.28.18,https://www.youtube.com/watch?v=3rIOzWx6vF4,,8214,56,2026-09-08T16:42:02Z
3270,zdPU_ErmH-c,Planning Board Meeting 08.27.18,https://www.youtube.com/watch?v=zdPU_ErmH-c,,8984,92,2026-09-08T16:42:02Z
3271,fqPMUhvvpOY,St. Boniface Mass 08.26.18,https://www.youtube.com/watch?v=fqPMUhvvpOY,,3500,23,2026-09-08T16:42:02Z
3272,isrDdElbkF8,Finance Committee 08.23.18,https://www.youtube.com/watch?v=isrDdElbkF8,,3590,22,2026-09-08T16:42:02Z
3273,GXXhX93qreU,Zoning Board of Appeals 08.22.18,https://www.youtube.com/watch?v=GXXhX93qreU,,7048,20,2026-09-08T16:42:02Z
3274,AfkYFSNznGM,Charter Review Committee 08.22.18,https://www.youtube.com/watch?v=AfkYFSNznGM,,2191,28,2026-09-08T16:42:02Z
3275,7ckCu3hxySU,St. Boniface Mass 08.19.18,https://www.youtube.com/watch?v=7ckCu3hxySU,,3063,17,2026-09-08T16:42:02Z
3276,8CLAAmAIRgA,Selectmen Meeting 08.21.18,https://www.youtube.com/watch?v=8CLAAmAIRgA,,10652,92,2026-09-08T16:42:02Z
3277,bj_ZUj4CnyA,SelectmenMeeting 08.07.18  (Audio Revision),https://www.youtube.com/watch?v=bj_ZUj4CnyA,,8220,38,2026-09-08T16:42:02Z
3278,be57oVaq2iA,School Committee 08.15.18,https://www.youtube.com/watch?v=be57oVaq2iA,,6852,98,2026-09-08T16:42:02Z
3279,HMkikIk5Nfs,Conservation Commission 08.15.18,https://www.youtube.com/watch?v=HMkikIk5Nfs,,3245,63,2026-09-08T16:42:02Z
3280,4m-gbMrZGfw,Selectman Meeting 08.14.18,https://www.youtube.com/watch?v=4m-gbMrZGfw,,4935,228,2026-09-08T16:42:02Z
3281,_T5X2ubEHtI,St. Boniface Mass 08.12.18,https://www.youtube.com/watch?v=_T5X2ubEHtI,,3102,20,2026-09-08T16:42:02Z
3282,4SuO45ahARE,Planning Board Meeting 08.13.18,https://www.youtube.com/watch?v=4SuO45ahARE,,4682,48,2026-09-08T16:42:02Z
3283,Ds_tfj8Tkmo,"Talkin' Baseball - Hold That Thought, Season 4 Episode 5",https://www.youtube.com/watch?v=Ds_tfj8Tkmo,,2813,27,2026-09-08T16:42:02Z
3284,9f1JRvOpyP4,Finance Committee 08.09.18,https://www.youtube.com/watch?v=9f1JRvOpyP4,,3660,15,2026-09-08T16:42:02Z
3285,qHZuUK3RV7M,Charter Review Committee 08.08.18,https://www.youtube.com/watch?v=qHZuUK3RV7M,,5277,39,2026-09-08T16:42:02Z
3286,rHhRGoec8ZA,Zoning Board of Appeals 08.08.18,https://www.youtube.com/watch?v=rHhRGoec8ZA,,1301,29,2026-09-08T16:42:02Z
3287,-lgkq9FZH5U,Card Board Boat Race 08.04.18,https://www.youtube.com/watch?v=-lgkq9FZH5U,,1511,41,2026-09-08T16:42:02Z
3288,EcY0U7bdy8M,Selectmen Meeting 08.07.18,https://www.youtube.com/watch?v=EcY0U7bdy8M,,8220,174,2026-09-08T16:42:02Z
3289,7k48SXE9N8o,St. Boniface Mass 08.05.18,https://www.youtube.com/watch?v=7k48SXE9N8o,,3884,30,2026-09-08T16:42:02Z
3290,wAP-_fGwXRM,Band Concert 07.30.18,https://www.youtube.com/watch?v=wAP-_fGwXRM,,3643,14,2026-09-08T16:42:02Z
3291,Wbl3FTubR4o,Sewer Commission 07.31.18,https://www.youtube.com/watch?v=Wbl3FTubR4o,,2961,22,2026-09-08T16:42:02Z
3292,tttFPMeB5tg,St. Boniface Mass 07.29.18,https://www.youtube.com/watch?v=tttFPMeB5tg,,3228,92,2026-09-08T16:42:02Z
3293,6VjgUdl-dto,Zoning Board of Appeals 07.25.18,https://www.youtube.com/watch?v=6VjgUdl-dto,,4767,37,2026-09-08T16:42:02Z
3294,ZszruZE9HJk,Selectmen Meeting 07.24.18,https://www.youtube.com/watch?v=ZszruZE9HJk,,8761,149,2026-09-08T16:42:02Z
3295,w85mt7QkWsc,Conservation Commission 07.24.18,https://www.youtube.com/watch?v=w85mt7QkWsc,,4551,98,2026-09-08T16:42:02Z
3296,f5Iuldc-Pcs,Band Concert 07.23.18,https://www.youtube.com/watch?v=f5Iuldc-Pcs,,2924,12,2026-09-08T16:42:02Z
3297,Mmk3rrmd9Xw,St. Boniface Mass 07.22.18,https://www.youtube.com/watch?v=Mmk3rrmd9Xw,,3148,16,2026-09-08T16:42:02Z
3298,Sk6Rt9Yyaag,Selectmen Meeting 07.17.18,https://www.youtube.com/watch?v=Sk6Rt9Yyaag,,9100,70,2026-09-08T16:42:02Z
3299,OOpE2AuR-sk,School Committee 07.18.18,https://www.youtube.com/watch?v=OOpE2AuR-sk,,9527,131,2026-09-08T16:42:02Z
3300,n0AiO88Wc5Q,Lunenburg Band Concert 07.16.18,https://www.youtube.com/watch?v=n0AiO88Wc5Q,,5069,22,2026-09-08T16:42:02Z
3301,wtaonLuSOtY,St. Boniface Mass 07.15.18,https://www.youtube.com/watch?v=wtaonLuSOtY,,2987,36,2026-09-08T16:42:02Z
3302,kLDeQaHID2w,Zoning Board of Appeals 07.11.18,https://www.youtube.com/watch?v=kLDeQaHID2w,,5133,27,2026-09-08T16:42:02Z
3303,Qz2wheyTUzo,"Talkin' Baseball - Mid Season Report, Season 4 Episode 4",https://www.youtube.com/watch?v=Qz2wheyTUzo,,3456,17,2026-09-08T16:42:02Z
3304,2BTuFFUuNow,Planning Board Meeting 07.09.18,https://www.youtube.com/watch?v=2BTuFFUuNow,,7333,34,2026-09-08T16:42:02Z
3305,5YaGrSdDJk0,Band Concert 07.09.18,https://www.youtube.com/watch?v=5YaGrSdDJk0,,4171,18,2026-09-08T16:42:02Z
3306,O0vw6EZvfnU,Selectmen Meeting 07.10.18,https://www.youtube.com/watch?v=O0vw6EZvfnU,,8910,305,2026-09-08T16:42:02Z
3307,ibdZQdSL3sg,St. Boniface Mass 07.08.18,https://www.youtube.com/watch?v=ibdZQdSL3sg,,3565,16,2026-09-08T16:42:02Z
3308,Y7PIZHcESI8,Hickory Hills Boat Parade 2018,https://www.youtube.com/watch?v=Y7PIZHcESI8,,1605,424,2026-09-08T16:42:02Z
3309,XzPsZhz-S7E,Band Concert 07.02.18,https://www.youtube.com/watch?v=XzPsZhz-S7E,,5247,98,2026-09-08T16:42:02Z
3310,F8_FBC6-qF4,St. Boniface Mass 07.01.18,https://www.youtube.com/watch?v=F8_FBC6-qF4,,3012,48,2026-09-08T16:42:02Z
3311,Pm8jxXZoqEI,Zoning Board of Appeals 06.27.18,https://www.youtube.com/watch?v=Pm8jxXZoqEI,,136,20,2026-09-08T16:42:02Z
3312,a_WUAnGM394,Sewer Commission Meeting 06.26.18,https://www.youtube.com/watch?v=a_WUAnGM394,,10687,37,2026-09-08T16:42:02Z
3313,-2meOElJXQY,Planning Board 06.25.18,https://www.youtube.com/watch?v=-2meOElJXQY,,9345,40,2026-09-08T16:42:02Z
3314,YL5XDCIO9I0,St. Boniface Mass 06.24.18,https://www.youtube.com/watch?v=YL5XDCIO9I0,,3245,25,2026-09-08T16:42:02Z
3315,1_rC4Uo-Mk4,School Committee 06.20.18,https://www.youtube.com/watch?v=1_rC4Uo-Mk4,,5321,59,2026-09-08T16:42:02Z
3316,BCY-brc9JQk,Selectmen Meeting 06.19.18,https://www.youtube.com/watch?v=BCY-brc9JQk,,6979,140,2026-09-08T16:42:02Z
3317,NgtDO0Ud_ks,St. Boniface Mass 06.17.18,https://www.youtube.com/watch?v=NgtDO0Ud_ks,,3568,18,2026-09-08T16:42:02Z
3318,2DB36ENpP8A,A.E.D. Fundraiser Basketball Game 06.14.18,https://www.youtube.com/watch?v=2DB36ENpP8A,,3047,31,2026-09-08T16:42:02Z
3319,sEzwyA_9Y8Y,Charter Review Committee 06.13.18 2,https://www.youtube.com/watch?v=sEzwyA_9Y8Y,,2397,28,2026-09-08T16:42:02Z
3320,5YToHIN0r7A,Charter Review Committee 06.13.18,https://www.youtube.com/watch?v=5YToHIN0r7A,,2381,29,2026-09-08T16:42:02Z
3321,1GGAB31kRak,Selectmen Meeting 06.12.18,https://www.youtube.com/watch?v=1GGAB31kRak,,8885,113,2026-09-08T16:42:02Z
3322,WAVtsCeuQ88,Planning Board Meeting 06.11.18,https://www.youtube.com/watch?v=WAVtsCeuQ88,,9159,43,2026-09-08T16:42:02Z
3323,oWliQhq73oE,St. Boniface Mass 06.10.18,https://www.youtube.com/watch?v=oWliQhq73oE,,3463,24,2026-09-08T16:42:02Z
3324,mJ-Xx3PCu0I,Lunenburg Arts Festival 06.09.18,https://www.youtube.com/watch?v=mJ-Xx3PCu0I,,1175,58,2026-09-08T16:42:02Z
3325,A8mAYC4Itdg,Lunenburg Police Fire EMT Memorial 06.10.18,https://www.youtube.com/watch?v=A8mAYC4Itdg,,1534,63,2026-09-08T16:42:02Z
3326,pgU_Mc4gxbc,School Committee Meeting 06.06.18,https://www.youtube.com/watch?v=pgU_Mc4gxbc,,6435,57,2026-09-08T16:42:02Z
3327,50dflrRsHcA,Cruise Night 2018,https://www.youtube.com/watch?v=50dflrRsHcA,,1261,26,2026-09-08T16:42:02Z
3328,rEuMrsrBz2g,St. Boniface Mass 06.03.18,https://www.youtube.com/watch?v=rEuMrsrBz2g,,5050,14,2026-09-08T16:42:02Z
3329,-9826IcdwzU,Selectmen Meeting 06.05.18,https://www.youtube.com/watch?v=-9826IcdwzU,,9973,163,2026-09-08T16:42:02Z
3330,vGUDgJQn5r8,LHS Graduation 2018,https://www.youtube.com/watch?v=vGUDgJQn5r8,,4404,415,2026-09-08T16:42:02Z
3331,ObCMj773RN8,Conservation Commission / LandUse Meeting 05.30.18,https://www.youtube.com/watch?v=ObCMj773RN8,,6484,27,2026-09-08T16:42:02Z
3332,Au2Qk4mAwV0,Sewer Commission 05.29.18,https://www.youtube.com/watch?v=Au2Qk4mAwV0,,12747,50,2026-09-08T16:42:02Z
3333,7lwCdKxV84g,St. Boniface Mass 05.27.18,https://www.youtube.com/watch?v=7lwCdKxV84g,,3325,14,2026-09-08T16:42:02Z
3334,vsJU0NH_s_E,"Lunenburg Memorial Day Ceremony - May 28, 2018",https://www.youtube.com/watch?v=vsJU0NH_s_E,,1852,56,2026-09-08T16:42:02Z
3335,hQNQyFzwqzU,"Talkin' Baseball - The Good, The Bad and The Ugly, Season 4 Ep3",https://www.youtube.com/watch?v=hQNQyFzwqzU,,3419,18,2026-09-08T16:42:02Z
3336,bMVPIL8yCBc,School Committee 05.23.18,https://www.youtube.com/watch?v=bMVPIL8yCBc,,8783,69,2026-09-08T16:42:02Z
3337,S-Ykn9KgrmI,LHS Expo 05.18.18,https://www.youtube.com/watch?v=S-Ykn9KgrmI,,6574,73,2026-09-08T16:42:02Z
3338,Gt6c5O6OCso,Zoning Board of Appeals 05.23.18,https://www.youtube.com/watch?v=Gt6c5O6OCso,,1353,11,2026-09-08T16:42:02Z
3339,sXK88mQnSL4,Selectmen Meeting 05.22.18,https://www.youtube.com/watch?v=sXK88mQnSL4,,5478,140,2026-09-08T16:42:02Z
3340,jwfv9DJLhtI,St. Boniface Mass 05.20.18,https://www.youtube.com/watch?v=jwfv9DJLhtI,,3923,21,2026-09-08T16:42:02Z
3341,DJtURobYWqw,Conservation Commission 05.16.18,https://www.youtube.com/watch?v=DJtURobYWqw,,10912,82,2026-09-08T16:42:02Z
3342,3ajAhDQIasA,Selectmen Meeting 05.15.18,https://www.youtube.com/watch?v=3ajAhDQIasA,,2593,100,2026-09-08T16:42:02Z
3343,0C2ClLhk_9A,St. Boniface Mass 05.13.18,https://www.youtube.com/watch?v=0C2ClLhk_9A,,3831,33,2026-09-08T16:42:02Z
3344,IGuepKQDDKM,Planning Board Meeting 05.14.18,https://www.youtube.com/watch?v=IGuepKQDDKM,,7431,51,2026-09-08T16:42:02Z
3345,n3Ys_YMR7jQ,Sewer Commission Meeting 05.09.18,https://www.youtube.com/watch?v=n3Ys_YMR7jQ,,8967,67,2026-09-08T16:42:02Z
3346,zjrhSBOFH_Y,Selectmen Meeting 05.08.18,https://www.youtube.com/watch?v=zjrhSBOFH_Y,,7306,130,2026-09-08T16:42:02Z
3347,shkMF5gF7mk,St. Boniface Mass 05.06.18,https://www.youtube.com/watch?v=shkMF5gF7mk,,4623,50,2026-09-08T16:42:02Z
3348,usC-RqA0dyY,S.T.E.P.  Project -  Cloning,https://www.youtube.com/watch?v=usC-RqA0dyY,,42,30,2026-09-08T16:42:02Z
3349,c7d3Yv9arzc,Town Meeting 05.05.18,https://www.youtube.com/watch?v=c7d3Yv9arzc,,24856,317,2026-09-08T16:42:02Z
3350,0Cc7PThry38,Selectman Candidate Debate 05.03.18,https://www.youtube.com/watch?v=0Cc7PThry38,,7141,329,2026-09-08T16:42:02Z
3351,q3VuQny5yh0,Meet The Candidates for Selectman,https://www.youtube.com/watch?v=q3VuQny5yh0,,1427,166,2026-09-08T16:42:02Z
3352,IcBc7-VFQxk,Selectmen Meeting 05.01.18,https://www.youtube.com/watch?v=IcBc7-VFQxk,,11186,118,2026-09-08T16:42:02Z
3353,uTtzwWnMC1I,Elsa,https://www.youtube.com/watch?v=uTtzwWnMC1I,,614,119,2026-09-08T16:42:02Z
3354,6X81CVq9Ip8,School Committee 04.25.18,https://www.youtube.com/watch?v=6X81CVq9Ip8,,4105,68,2026-09-08T16:42:02Z
3355,LMjdC6lkvlA,Planning Board 04.23.18,https://www.youtube.com/watch?v=LMjdC6lkvlA,,2710,31,2026-09-08T16:42:02Z
3356,E0dyUiZvrc4,Poetry Event - Lunenburg Library 04.19.18,https://www.youtube.com/watch?v=E0dyUiZvrc4,,3685,14,2026-09-08T16:42:02Z
3357,FR12R0w1hWI,St. Boniface Mass 04.15.18,https://www.youtube.com/watch?v=FR12R0w1hWI,,3190,19,2026-09-08T16:42:02Z
3358,VPSLVAXh1pE,ROAR Presentation 04.12.18,https://www.youtube.com/watch?v=VPSLVAXh1pE,,10247,21,2026-09-08T16:42:02Z
3359,ymmXdMQqytk,Conservation Commission 04.18.18,https://www.youtube.com/watch?v=ymmXdMQqytk,,9147,52,2026-09-08T16:42:02Z
3360,zu8hT-9u-bQ,Selectmen Meeting 04.17.18,https://www.youtube.com/watch?v=zu8hT-9u-bQ,,2066,96,2026-09-08T16:42:02Z
3361,JStg5ol4YRU,Are You Smarter Than Our 6th Graders - 2018,https://www.youtube.com/watch?v=JStg5ol4YRU,,5903,224,2026-09-08T16:42:02Z
3362,1NFDTUyfC4U,St. Boniface Mass 04.08.18,https://www.youtube.com/watch?v=1NFDTUyfC4U,,3591,30,2026-09-08T16:42:02Z
3363,QORtMcj6RrM,Selectmen Meeting 04.10.18,https://www.youtube.com/watch?v=QORtMcj6RrM,,8163,181,2026-09-08T16:42:02Z
3364,Fi5imGTycoU,Planning Board Meeting 04.09.18,https://www.youtube.com/watch?v=Fi5imGTycoU,,11688,60,2026-09-08T16:42:02Z
3365,iw8pHrh9f0U,"Talkin' Baseball - 2018 Red Sox Roster, Season 4 Episode 2",https://www.youtube.com/watch?v=iw8pHrh9f0U,,3297,39,2026-09-08T16:42:02Z
3366,IP9GYSh5eps,The History of The Central MA Railroad  04.05.18,https://www.youtube.com/watch?v=IP9GYSh5eps,,4872,623,2026-09-08T16:42:02Z
3367,ip81nqwDEjw,Lunenburg Animal Control Officer (ACO),https://www.youtube.com/watch?v=ip81nqwDEjw,,2166,359,2026-09-08T16:42:02Z
3368,ucA18-IkJ70,Charter Review Committee 04.05.18,https://www.youtube.com/watch?v=ucA18-IkJ70,,7546,91,2026-09-08T16:42:02Z
3369,xxeoNIC4H38,School Committee Meeting 04.04.18,https://www.youtube.com/watch?v=xxeoNIC4H38,,7924,289,2026-09-08T16:42:02Z
3370,urNsK6gHbMc,Selectmen Meeting 04.03.18,https://www.youtube.com/watch?v=urNsK6gHbMc,,13966,450,2026-09-08T16:42:02Z
3371,LFzG0Y0-qQQ,St. Boniface Easter Mass 04.01.18,https://www.youtube.com/watch?v=LFzG0Y0-qQQ,,4300,32,2026-09-08T16:42:02Z
3372,ez35Fu9j1PI,School Committee 03.28.18,https://www.youtube.com/watch?v=ez35Fu9j1PI,,6871,60,2026-09-08T16:42:02Z
3373,_lzF_sWtV-U,Finance Committee 03.29.18,https://www.youtube.com/watch?v=_lzF_sWtV-U,,8508,88,2026-09-08T16:42:02Z
3374,pg1o_pW2UKc,Zoning Board of Appeals 03.28.18.,https://www.youtube.com/watch?v=pg1o_pW2UKc,,4063,30,2026-09-08T16:42:02Z
3375,SUh1PbNVnS8,Sewer Commission Meeting 03.27.18,https://www.youtube.com/watch?v=SUh1PbNVnS8,,8004,66,2026-09-08T16:42:02Z
3376,Wlee9FEbY6Q,Planning Board Meeting 03.26.18,https://www.youtube.com/watch?v=Wlee9FEbY6Q,,10161,44,2026-09-08T16:42:02Z
3377,hVrKe4h-nis,St. Boniface Mass - Palm Sunday 03.25.18,https://www.youtube.com/watch?v=hVrKe4h-nis,,4971,31,2026-09-08T16:42:02Z
3378,y5p47GagAAI,Finance Committee 03.22.18,https://www.youtube.com/watch?v=y5p47GagAAI,,12652,67,2026-09-08T16:42:02Z
3379,eGX1WkjFoZg,Boston Post Cane Recipient and Ceremony March 2018,https://www.youtube.com/watch?v=eGX1WkjFoZg,,1985,63,2026-09-08T16:42:02Z
3380,WpG1H1cX4jU,School Committee Meeting 03.21.18,https://www.youtube.com/watch?v=WpG1H1cX4jU,,4440,83,2026-09-08T16:42:02Z
3381,0TaxpD_xv4s,Conservation Commission 03.21.18,https://www.youtube.com/watch?v=0TaxpD_xv4s,,10785,53,2026-09-08T16:42:02Z
3382,44W5SRbWHXI,Selectmen Meeting 03.20.18,https://www.youtube.com/watch?v=44W5SRbWHXI,,7619,134,2026-09-08T16:42:02Z
3383,PAvQTzWValo,St. Boniface Mass 03.18.18,https://www.youtube.com/watch?v=PAvQTzWValo,,3050,28,2026-09-08T16:42:02Z
3384,19galwebtVc,Planning Board 03.19.18,https://www.youtube.com/watch?v=19galwebtVc,,3975,37,2026-09-08T16:42:02Z
3385,BixLlL4ynXQ,ROAR Presentation 03.15.18,https://www.youtube.com/watch?v=BixLlL4ynXQ,,7097,128,2026-09-08T16:42:02Z
3386,GIbXySrG9O0,Charter Review Committee 03.14.18,https://www.youtube.com/watch?v=GIbXySrG9O0,,5758,69,2026-09-08T16:42:02Z
3387,ljQiLy5ikFI,St. Boniface Mass 03.11.18,https://www.youtube.com/watch?v=ljQiLy5ikFI,,3091,21,2026-09-08T16:42:02Z
3388,RsDL1JB-eyM,Lunenburg vs Grafton - Division Championship 03.11.18,https://www.youtube.com/watch?v=RsDL1JB-eyM,,4657,451,2026-09-08T16:42:02Z
3389,UvtW2UeGeiY,Selectmen Meeting 03.06.18,https://www.youtube.com/watch?v=UvtW2UeGeiY,,5978,285,2026-09-08T16:42:02Z
3390,_J5Ldy3Ge6Y,St.Boniface Mass 03.04.18,https://www.youtube.com/watch?v=_J5Ldy3Ge6Y,,3282,25,2026-09-08T16:42:02Z
3391,cVfgVgWwW8o,Finance Committee 03.01.18,https://www.youtube.com/watch?v=cVfgVgWwW8o,,6947,43,2026-09-08T16:42:02Z
3392,dl6mOQepYJE,Charter Review Committee 02.28.18,https://www.youtube.com/watch?v=dl6mOQepYJE,,8481,48,2026-09-08T16:42:02Z
3393,zLj_9V5SWS0,"Talkin' Baseball - Future Hall of Famers?,  Season 4 , Episode 1",https://www.youtube.com/watch?v=zLj_9V5SWS0,,3396,26,2026-09-08T16:42:02Z
3394,S9jHcR-ZB6o,Sewer Commission 02.27.18,https://www.youtube.com/watch?v=S9jHcR-ZB6o,,8709,39,2026-09-08T16:42:02Z
3395,ahCMZ9VQaqo,St Boniface Mass 02/25/18,https://www.youtube.com/watch?v=ahCMZ9VQaqo,,3802,24,2026-09-08T16:42:02Z
3396,2rWBfIgdD_Y,Conservation Commission 02.21.18,https://www.youtube.com/watch?v=2rWBfIgdD_Y,,10767,46,2026-09-08T16:42:02Z
3397,aWeHYnRZuoE,Planning Board Meeting 02.26.18,https://www.youtube.com/watch?v=aWeHYnRZuoE,,6341,26,2026-09-08T16:42:02Z
3398,88MMo8YCPDE,School Committee Meeting 02.14.18 (re-upload Corrected Date),https://www.youtube.com/watch?v=88MMo8YCPDE,,5535,30,2026-09-08T16:42:02Z
3399,829TrOaCT-0,Selectmen Meeting 02.20.18,https://www.youtube.com/watch?v=829TrOaCT-0,,4554,76,2026-09-08T16:42:02Z
3400,KkYEQ6Cxkpw,Finance Committee 2.22.18,https://www.youtube.com/watch?v=KkYEQ6Cxkpw,,2811,21,2026-09-08T16:42:02Z
3401,63MRxevQ1m8,School Committee Meeting 02.14.18,https://www.youtube.com/watch?v=63MRxevQ1m8,,5534,28,2026-09-08T16:42:02Z
3402,QMGzQxm8HQ8,Finance Committee 2.15.2018,https://www.youtube.com/watch?v=QMGzQxm8HQ8,,3332,34,2026-09-08T16:42:02Z
3403,DBhNFm0Noqg,Selectmen Meeting 02.13.18,https://www.youtube.com/watch?v=DBhNFm0Noqg,,7068,109,2026-09-08T16:42:02Z
3404,t0tkb6LsLnk,St. Boniface Mass 02.11.18,https://www.youtube.com/watch?v=t0tkb6LsLnk,,3131,31,2026-09-08T16:42:02Z
3405,BvDd7iAPByQ,Planning Board Meeting 02.12.18,https://www.youtube.com/watch?v=BvDd7iAPByQ,,4719,22,2026-09-08T16:42:02Z
3406,y0Ec0rIctHQ,ROAR Presentation PSA March 8th 2018 at LMHS,https://www.youtube.com/watch?v=y0Ec0rIctHQ,,190,41,2026-09-08T16:42:02Z
3407,-IinRaeqvYs,Finance Committee 02.08.18,https://www.youtube.com/watch?v=-IinRaeqvYs,,1851,36,2026-09-08T16:42:02Z
3408,DOCeQCdW6-E,St. Boniface Mass 02.04.18,https://www.youtube.com/watch?v=DOCeQCdW6-E,,3296,10,2026-09-08T16:42:02Z
3409,u5xLyXeFqiE,Selectmen Meeting 02.06.18,https://www.youtube.com/watch?v=u5xLyXeFqiE,,5869,98,2026-09-08T16:42:02Z
3410,qh23d9lROOM,"Lunenburg Building Forum Senior Center FULL - February 5, 2018",https://www.youtube.com/watch?v=qh23d9lROOM,,4749,93,2026-09-08T16:42:02Z
3411,ki78gRDmums,Lunenburg Shoemaking,https://www.youtube.com/watch?v=ki78gRDmums,,920,321,2026-09-08T16:42:02Z
3412,r_QrBC4MgHk,St. Boniface Mass 01.28.18,https://www.youtube.com/watch?v=r_QrBC4MgHk,,3267,12,2026-09-08T16:42:02Z
3413,duSfMnCW66Q,Sewer Commission 01.30.18,https://www.youtube.com/watch?v=duSfMnCW66Q,,13663,42,2026-09-08T16:42:02Z
3414,r1ZtyFUIeto,Conservation Commission Small Town Forest Project Walk-Through   01.27.18,https://www.youtube.com/watch?v=r1ZtyFUIeto,,2722,251,2026-09-08T16:42:02Z
3415,OFUfO9o_T-Y,Planning Board Meeting 01.29.18 Part 2,https://www.youtube.com/watch?v=OFUfO9o_T-Y,,4264,29,2026-09-08T16:42:02Z
3416,2m7mbNuZ99Q,Planning Board Meeting 01.29.18  Part 1,https://www.youtube.com/watch?v=2m7mbNuZ99Q,,38,11,2026-09-08T16:42:02Z
3417,aoQPX5WiJlQ,Charter Review 01.24.18,https://www.youtube.com/watch?v=aoQPX5WiJlQ,,5526,24,2026-09-08T16:42:02Z
3418,OrMnBYfJCZY,Finance Committee Meeting 01.25.18,https://www.youtube.com/watch?v=OrMnBYfJCZY,,3553,42,2026-09-08T16:42:02Z
3419,kYspsj-DVP8,St. Boniface Mass 01.21.18,https://www.youtube.com/watch?v=kYspsj-DVP8,,3474,12,2026-09-08T16:42:02Z
3420,aGMaFpP7UgQ,Selectmen Meeting 01.23.18,https://www.youtube.com/watch?v=aGMaFpP7UgQ,,4342,83,2026-09-08T16:42:02Z
3421,LHTXMvR5MKc,Planning Board Meeting 01.22.18,https://www.youtube.com/watch?v=LHTXMvR5MKc,,9288,31,2026-09-08T16:42:02Z
3422,v6UCK5Fu-b4,St. Boniface Mass 01.14.18,https://www.youtube.com/watch?v=v6UCK5Fu-b4,,3870,19,2026-09-08T16:42:02Z
3423,1yrJbY3PUgM,School Committee Meeting 01.17.18,https://www.youtube.com/watch?v=1yrJbY3PUgM,,2423,45,2026-09-08T16:42:02Z
3424,6GPqRIJHvRg,Selectmen Meeting 01.16.18,https://www.youtube.com/watch?v=6GPqRIJHvRg,,4656,65,2026-09-08T16:42:02Z
3425,MwF1-hIVm6o,Charter Review Committee 01.10.18,https://www.youtube.com/watch?v=MwF1-hIVm6o,,5108,58,2026-09-08T16:42:02Z
3426,hLvyvM0uQDA,School Building Committee 01.10.18,https://www.youtube.com/watch?v=hLvyvM0uQDA,,1367,13,2026-09-08T16:42:02Z
3427,RPHxxSoAVWk,Talkin' Baseball - Janus    Season 3 Episode 8,https://www.youtube.com/watch?v=RPHxxSoAVWk,,3398,19,2026-09-08T16:42:02Z
3428,hKGl0dT2RxI,An Interview with James DiGiacomo,https://www.youtube.com/watch?v=hKGl0dT2RxI,,740,1500,2026-09-08T16:42:02Z
3429,3ysSvdbV0lA,Capital Planning Meeting 01.09.18,https://www.youtube.com/watch?v=3ysSvdbV0lA,,2819,13,2026-09-08T16:42:02Z
3430,tbi2bX4fo_Q,St. Boniface Mass 01.07.18,https://www.youtube.com/watch?v=tbi2bX4fo_Q,,4253,18,2026-09-08T16:42:02Z
3431,fqW9Lreoxt4,Selectmen Meeting and Complete Streets Workshop 01.09.18,https://www.youtube.com/watch?v=fqW9Lreoxt4,,6453,57,2026-09-08T16:42:02Z
3432,U5uP-MRJM8c,Planning Board Meeting 01.08.18,https://www.youtube.com/watch?v=U5uP-MRJM8c,,12601,57,2026-09-08T16:42:02Z
3433,7NwUVkUntu0,St. Boniface Mass 12.31.17,https://www.youtube.com/watch?v=7NwUVkUntu0,,3689,16,2026-09-08T16:42:02Z
3434,73Zo-Q9QEYk,School Committee Meeting 01.03.18,https://www.youtube.com/watch?v=73Zo-Q9QEYk,,4859,40,2026-09-08T16:42:02Z
3435,zJSu3rRNNMw,Selectmen Meeting 01.02.18,https://www.youtube.com/watch?v=zJSu3rRNNMw,,2089,47,2026-09-08T16:42:02Z
3436,ZDACOk1Zwtc,School Committee 12.20.17,https://www.youtube.com/watch?v=ZDACOk1Zwtc,,7099,51,2026-09-08T16:42:02Z
3437,3O5ilgodSBc,Charter Review Committee 12.27.17,https://www.youtube.com/watch?v=3O5ilgodSBc,,5228,52,2026-09-08T16:42:02Z
3438,Str06ZySFC8,St. Boniface Mass 12.25.17,https://www.youtube.com/watch?v=Str06ZySFC8,,4868,32,2026-09-08T16:42:02Z
3439,NA2QI0KjQL0,Jake's Untitled Guitar Show - Episode 2,https://www.youtube.com/watch?v=NA2QI0KjQL0,,1184,24,2026-09-08T16:42:02Z
3440,8S3A5MxZfdQ,Zoning Board of Appeals 12.27.17,https://www.youtube.com/watch?v=8S3A5MxZfdQ,,4732,22,2026-09-08T16:42:02Z
3441,22DDYbWu4ik,LMHS Instrumental Winter Concert 12.14.17,https://www.youtube.com/watch?v=22DDYbWu4ik,,4504,212,2026-09-08T16:42:02Z
3442,8I2Wmh3eQlE,Conservation Commission 12.20.17,https://www.youtube.com/watch?v=8I2Wmh3eQlE,,4861,29,2026-09-08T16:42:02Z
3443,zfKDrF6VzQQ,St. Boniface Mass 12.17.17,https://www.youtube.com/watch?v=zfKDrF6VzQQ,,3299,17,2026-09-08T16:42:02Z
3444,7VVSyPH_T2c,Selectmen Meeting 12.19.17,https://www.youtube.com/watch?v=7VVSyPH_T2c,,2424,61,2026-09-08T16:42:02Z
3445,9ZTHG56TsEw,Charter Review Committee 12.13.17,https://www.youtube.com/watch?v=9ZTHG56TsEw,,5396,46,2026-09-08T16:42:02Z
3446,ujgt47OFlDI,Zoning Board of Appeals 12.13.17,https://www.youtube.com/watch?v=ujgt47OFlDI,,5716,19,2026-09-08T16:42:02Z
3447,MQDcDoHFrfQ,Capital Planning Committee 12.12.17,https://www.youtube.com/watch?v=MQDcDoHFrfQ,,3040,21,2026-09-08T16:42:02Z
3448,LJTyECSVvlc,St. Boniface Mass 12.10.17,https://www.youtube.com/watch?v=LJTyECSVvlc,,3333,9,2026-09-08T16:42:02Z
3449,HgudLf7ASrI,Selectmen Meeting 12.12.17,https://www.youtube.com/watch?v=HgudLf7ASrI,,9293,62,2026-09-08T16:42:02Z
3450,jWnZZZ0gr_8,LMHS Winter Vocal Concert 12.12.17,https://www.youtube.com/watch?v=jWnZZZ0gr_8,,4716,168,2026-09-08T16:42:02Z
3451,lMmB9nWYOBQ,Planning Board 12.11.17,https://www.youtube.com/watch?v=lMmB9nWYOBQ,,5183,55,2026-09-08T16:42:02Z
3452,N7JpmGhzLDE,Lunenburg Town Charrette 12.07.17.  FULL,https://www.youtube.com/watch?v=N7JpmGhzLDE,,7060,58,2026-09-08T16:42:02Z
3453,oGyXO0NuyAc,School Committee 12.06.17,https://www.youtube.com/watch?v=oGyXO0NuyAc,,7439,49,2026-09-08T16:42:02Z
3454,4kx4_2v4oQI,Salvation Army PSA FULL 12.04.17,https://www.youtube.com/watch?v=4kx4_2v4oQI,,1802,39,2026-09-08T16:42:02Z
3455,hAwOKT8pP1A,St. Boniface Mass 12.03.17,https://www.youtube.com/watch?v=hAwOKT8pP1A,,3103,35,2026-09-08T16:42:02Z
3456,z2z7_lJ0ceA,Selectmen Meeting 12.05.17,https://www.youtube.com/watch?v=z2z7_lJ0ceA,,2708,47,2026-09-08T16:42:02Z
3457,VxfrD4oU56g,Municipal Building Tour 12.02.17,https://www.youtube.com/watch?v=VxfrD4oU56g,,3958,200,2026-09-08T16:42:02Z
3458,An5IZJwnsHM,Lunenburg Christmas Tree Lighting 11.30.17,https://www.youtube.com/watch?v=An5IZJwnsHM,,1428,63,2026-09-08T16:42:02Z
3459,X5B87-pTzhA,Charter Review 11.29.17,https://www.youtube.com/watch?v=X5B87-pTzhA,,5868,45,2026-09-08T16:42:02Z
3460,aWJzEaAR4Hs,St. Boniface Mass 11.26.17,https://www.youtube.com/watch?v=aWJzEaAR4Hs,,3538,33,2026-09-08T16:42:02Z
3461,4yC72brnKjM,Lunenburg Special Town Meeting 11.28.17,https://www.youtube.com/watch?v=4yC72brnKjM,,10841,138,2026-09-08T16:42:02Z
3462,RW_QqCqtkKM,PlanningBoard112717,https://www.youtube.com/watch?v=RW_QqCqtkKM,,6559,19,2026-09-08T16:42:02Z
3463,bDnDMJlX5Kw,Selectmen Meeting 11.21.17,https://www.youtube.com/watch?v=bDnDMJlX5Kw,,9203,82,2026-09-08T16:42:02Z
3464,dpJJ0E13nUw,St Boniface Mass 11.19.17,https://www.youtube.com/watch?v=dpJJ0E13nUw,,3619,24,2026-09-08T16:42:02Z
3465,0HNw4Nak1r4,School Committee 11.16.17,https://www.youtube.com/watch?v=0HNw4Nak1r4,,6618,34,2026-09-08T16:42:02Z
3466,n6GkFysQ4nU,Sewer Commission Meeting  11.14.17,https://www.youtube.com/watch?v=n6GkFysQ4nU,,6548,64,2026-09-08T16:42:02Z
3467,3SgiNUVjLtQ,Charter Review Committee  11.15.17,https://www.youtube.com/watch?v=3SgiNUVjLtQ,,4641,59,2026-09-08T16:42:02Z
3468,ivHWaTJ2WsU,Conservation Commissiom 11.15.17,https://www.youtube.com/watch?v=ivHWaTJ2WsU,,10829,25,2026-09-08T16:42:02Z
3469,SwEEsmE5Fo8,Selectmen Meeting  11.14.17,https://www.youtube.com/watch?v=SwEEsmE5Fo8,,5612,79,2026-09-08T16:42:02Z
3470,maN27eqkqm4,St. Boniface Mass 11.12.17,https://www.youtube.com/watch?v=maN27eqkqm4,,2959,25,2026-09-08T16:42:02Z
3471,ewbbfBu87Mk,Planning Board 11.13.17,https://www.youtube.com/watch?v=ewbbfBu87Mk,,14374,52,2026-09-08T16:42:02Z
3472,0opInl_Kedg,Promoting Economic Development 11.13.17,https://www.youtube.com/watch?v=0opInl_Kedg,,4548,29,2026-09-08T16:42:02Z
3473,HcnHYZ9EY5Y,Finance Committee 11.09.17,https://www.youtube.com/watch?v=HcnHYZ9EY5Y,,8730,88,2026-09-08T16:42:02Z
3474,WKVC0N2DNp0,St. Boniface Mass 11.05.17,https://www.youtube.com/watch?v=WKVC0N2DNp0,,3371,25,2026-09-08T16:42:02Z
3475,OkAHJZhbLeg,Zoning Board of Appeals 11.08.17,https://www.youtube.com/watch?v=OkAHJZhbLeg,,866,25,2026-09-08T16:42:02Z
3476,CM8M8iSjF5w,Veteran Voices,https://www.youtube.com/watch?v=CM8M8iSjF5w,,972,18,2026-09-08T16:42:02Z
3477,u0Oi62DQ7f8,Selectmen Meeting 11.07.17,https://www.youtube.com/watch?v=u0Oi62DQ7f8,,7693,83,2026-09-08T16:42:02Z
3478,0AJreuqQIW4,School Committee 11.01.17,https://www.youtube.com/watch?v=0AJreuqQIW4,,2531,25,2026-09-08T16:42:02Z
3479,qhtAlxFMExs,Sewer Commission 10.31.17,https://www.youtube.com/watch?v=qhtAlxFMExs,,5328,45,2026-09-08T16:42:02Z
3480,NpCZk17X5VM,Lunenburg Opioid Forum 10.24.17,https://www.youtube.com/watch?v=NpCZk17X5VM,,7721,106,2026-09-08T16:42:02Z
3481,BiKlKIZ9AMw,St. Boniface Mass 10.29.17,https://www.youtube.com/watch?v=BiKlKIZ9AMw,,3141,34,2026-09-08T16:42:02Z
3482,COJzNcaj8cs,Peter Charpentier Memorial Bridge Dedication,https://www.youtube.com/watch?v=COJzNcaj8cs,,736,116,2026-09-08T16:42:02Z
3483,U8qts4zXCA8,Zoning Board of Appeals 10.25.17,https://www.youtube.com/watch?v=U8qts4zXCA8,,5834,22,2026-09-08T16:42:02Z
3484,MpQ6HWaD6gQ,Charter Review Committee 10.25.17,https://www.youtube.com/watch?v=MpQ6HWaD6gQ,,4055,51,2026-09-08T16:42:02Z
3485,i3itvcmQbHQ,Selectmen Meeting 10.25.17,https://www.youtube.com/watch?v=i3itvcmQbHQ,,533,37,2026-09-08T16:42:02Z
3486,YpkamoRtTUo,Mysterious MA,https://www.youtube.com/watch?v=YpkamoRtTUo,,5592,24,2026-09-08T16:42:02Z
3487,JIBwoSW-nLM,St. Boniface Mass 10.22.17,https://www.youtube.com/watch?v=JIBwoSW-nLM,,3449,18,2026-09-08T16:42:02Z
3488,utLi_ZU8BXw,Selectmen Meeting 10.23.17,https://www.youtube.com/watch?v=utLi_ZU8BXw,,6139,73,2026-09-08T16:42:02Z
3489,XaY6S5pQjdg,Planning Board Meeting 10.23.17,https://www.youtube.com/watch?v=XaY6S5pQjdg,,16115,64,2026-09-08T16:42:02Z
3490,mWb-_M94PxI,Eagle House Tea Party 10.23.17,https://www.youtube.com/watch?v=mWb-_M94PxI,,962,31,2026-09-08T16:42:02Z
3491,OA5jNSz0ivc,"Fake News, Alternative Truth, Credible Information - How to Tell?",https://www.youtube.com/watch?v=OA5jNSz0ivc,,7276,24,2026-09-08T16:42:02Z
3492,-alZo_7NTHE,"Talkin' Baseball  - 2017 Report Card, Season 3 Episode 7",https://www.youtube.com/watch?v=-alZo_7NTHE,,3421,12,2026-09-08T16:42:02Z
3493,ZfNKN0qxotU,School Committee 10.18.17,https://www.youtube.com/watch?v=ZfNKN0qxotU,,7569,25,2026-09-08T16:42:02Z
3494,A953zkardWM,Conserervation Commission 10.18.17,https://www.youtube.com/watch?v=A953zkardWM,,7514,48,2026-09-08T16:42:02Z
3495,4WaQLwSnZmQ,Selectmen Meeting 10.17.17,https://www.youtube.com/watch?v=4WaQLwSnZmQ,,8337,121,2026-09-08T16:42:02Z
3496,naR3qwAmNbA,LHS Homecoming Parade 10.14.17,https://www.youtube.com/watch?v=naR3qwAmNbA,,1546,175,2026-09-08T16:42:02Z
3497,0GOqAswfweE,St. Boniface Mass 10.08.17,https://www.youtube.com/watch?v=0GOqAswfweE,,3279,19,2026-09-08T16:42:02Z
3498,coo_CPTXCaE,Charter Review Committee 10.11.17,https://www.youtube.com/watch?v=coo_CPTXCaE,,5460,35,2026-09-08T16:42:02Z
3499,eh_p2pv29rI,Selectmen Meeting 10.10.17,https://www.youtube.com/watch?v=eh_p2pv29rI,,7853,76,2026-09-08T16:42:02Z
3500,oodMAfYMUrY,School Committee 10.04.17,https://www.youtube.com/watch?v=oodMAfYMUrY,,9995,137,2026-09-08T16:42:02Z
3501,QjcO95k06P0,Intro,https://www.youtube.com/watch?v=QjcO95k06P0,,46,5600,2026-09-08T16:42:02Z
3502,lpOSZl2l6a4,Selectmen Meeting 10.03.17,https://www.youtube.com/watch?v=lpOSZl2l6a4,,11277,131,2026-09-08T16:42:02Z
3503,DS5q1DLe1R0,Nashua River,https://www.youtube.com/watch?v=DS5q1DLe1R0,,319,366,2026-09-08T16:42:02Z
3504,mX3m3sAYg7I,St. Boniface Mass 10.01.17,https://www.youtube.com/watch?v=mX3m3sAYg7I,,3398,21,2026-09-08T16:42:02Z
3505,3YpyNneD4I0,St. Boniface Mass 09.24.17,https://www.youtube.com/watch?v=3YpyNneD4I0,,3569,12,2026-09-08T16:42:02Z
3506,ClFN0XdDaFs,Lunenburg Charter Review Committee 09.27.17,https://www.youtube.com/watch?v=ClFN0XdDaFs,,4078,129,2026-09-08T16:42:02Z
3507,lKqg18ce2ro,Zoning Board of Appeals 09.27.17,https://www.youtube.com/watch?v=lKqg18ce2ro,,1673,18,2026-09-08T16:42:02Z
3508,R1885nwTZV8,LHS Boys Soccer vs Littleton 09.20.17,https://www.youtube.com/watch?v=R1885nwTZV8,,5063,289,2026-09-08T16:42:02Z
3509,cWnisWIiT7g,LHS Boys Soccer vs Maynard 09.18.17,https://www.youtube.com/watch?v=cWnisWIiT7g,,5299,197,2026-09-08T16:42:02Z
3510,BHY8izNHkzc,Planning Board Meeting 09.25.17,https://www.youtube.com/watch?v=BHY8izNHkzc,,12362,101,2026-09-08T16:42:02Z
3511,kQy7Cw5oZ1o,Happy Fall from Lunenburg Public Access,https://www.youtube.com/watch?v=kQy7Cw5oZ1o,,16,31,2026-09-08T16:42:02Z
3512,EdN36pSdORk,Conservation Commission 09.20.17,https://www.youtube.com/watch?v=EdN36pSdORk,,7886,40,2026-09-08T16:42:02Z
3513,4eudtL06zCI,St. Boniface Mass 09.17.17,https://www.youtube.com/watch?v=4eudtL06zCI,,3118,16,2026-09-08T16:42:02Z
3514,bfGFlQ_PD-Q,Girls Soccer V N Middlesex 09.11.17,https://www.youtube.com/watch?v=bfGFlQ_PD-Q,,5663,102,2026-09-08T16:42:02Z
3515,Xa9T43G-8uM,Girls Soccer V Bromfield 09.13.17,https://www.youtube.com/watch?v=Xa9T43G-8uM,,4642,146,2026-09-08T16:42:02Z
3516,EdxED08XSQQ,Selectmen Meeting 09.19.17,https://www.youtube.com/watch?v=EdxED08XSQQ,,8803,83,2026-09-08T16:42:02Z
3517,aApmvxD2CJE,St. Boniface Mass 09.10.17,https://www.youtube.com/watch?v=aApmvxD2CJE,,3403,21,2026-09-08T16:42:02Z
3518,8vZ38DQXubQ,Zoning Board of Appeals 09.13.17,https://www.youtube.com/watch?v=8vZ38DQXubQ,,2762,16,2026-09-08T16:42:02Z
3519,m_90KUBHzmY,Selectmen Meeting 09.12.17,https://www.youtube.com/watch?v=m_90KUBHzmY,,8994,185,2026-09-08T16:42:02Z
3520,1ydAD9SjeZk,Stillman Community Country Fair 09.09.17,https://www.youtube.com/watch?v=1ydAD9SjeZk,,1753,318,2026-09-08T16:42:02Z
3521,NXVzix-qJ7g,"Talkin' Baseball - Season 3 Episode 6, Stretch Run",https://www.youtube.com/watch?v=NXVzix-qJ7g,,3073,25,2026-09-08T16:42:02Z
3522,HuBtHorpcVI,St. Boniface Mass 09.03.17,https://www.youtube.com/watch?v=HuBtHorpcVI,,3613,9,2026-09-08T16:42:02Z
3523,Yq4bVxXvrZs,LHS Boys Soccer vs Hudson 09.05.17,https://www.youtube.com/watch?v=Yq4bVxXvrZs,,5912,441,2026-09-08T16:42:02Z
3524,8pWFDq3c8VI,School Committee 09.06.17,https://www.youtube.com/watch?v=8pWFDq3c8VI,,4136,56,2026-09-08T16:42:02Z
3525,linVeBIlzFM,Selectmen Meeting 09.05.17,https://www.youtube.com/watch?v=linVeBIlzFM,,5445,115,2026-09-08T16:42:02Z
3526,xhzaDQ93YxU,Jake's Untitled Guitar Show,https://www.youtube.com/watch?v=xhzaDQ93YxU,,931,49,2026-09-08T16:42:02Z
3527,rDhM7qFTDE8,Lunenburg Police Department's Citizen Police Academy,https://www.youtube.com/watch?v=rDhM7qFTDE8,,111,173,2026-09-08T16:42:02Z
3528,1WqtL_KOyEU,Sewer Commission Meeting 08.29.17,https://www.youtube.com/watch?v=1WqtL_KOyEU,,1057,25,2026-09-08T16:42:02Z
3529,tP_dl7kEyAE,St. Boniface Mass 08.27.17,https://www.youtube.com/watch?v=tP_dl7kEyAE,,3263,20,2026-09-08T16:42:02Z
3530,-jO7fEl6aRQ,Planning Board 08.28.17,https://www.youtube.com/watch?v=-jO7fEl6aRQ,,12288,60,2026-09-08T16:42:02Z
3531,g7d8-Zc4fFo,Selectmen Meeting 08.22.17,https://www.youtube.com/watch?v=g7d8-Zc4fFo,,7976,322,2026-09-08T16:42:02Z
3532,uTjdbLvRQAA,St. Boniface Mass 08.20.17,https://www.youtube.com/watch?v=uTjdbLvRQAA,,3436,14,2026-09-08T16:42:02Z
3533,D7Mh7UkRfE8,School Committee 08.16.17,https://www.youtube.com/watch?v=D7Mh7UkRfE8,,3572,25,2026-09-08T16:42:02Z
3534,nt5SNMTqd34,St. Boniface Mass 08.13.17,https://www.youtube.com/watch?v=nt5SNMTqd34,,3625,18,2026-09-08T16:42:02Z
3535,JMTFLXJFvu8,St. Boniface Mass 08.05.17,https://www.youtube.com/watch?v=JMTFLXJFvu8,,3280,14,2026-09-08T16:42:02Z
3536,33F25QDG6HA,Conservation Commission 08.16.17,https://www.youtube.com/watch?v=33F25QDG6HA,,2864,33,2026-09-08T16:42:02Z
3537,nHP7fZtgBTU,Planning Board 08.14.17,https://www.youtube.com/watch?v=nHP7fZtgBTU,,7885,54,2026-09-08T16:42:02Z
3538,WJw83jamvTw,Zoning Board of Appeals 08.09.17,https://www.youtube.com/watch?v=WJw83jamvTw,,3799,26,2026-09-08T16:42:02Z
3539,rdbwHKe65gU,Selectmen Meeting 08.08.17,https://www.youtube.com/watch?v=rdbwHKe65gU,,5117,66,2026-09-08T16:42:02Z
3540,HU9oWppWf6g,St. Boniface Mass 07.30.17,https://www.youtube.com/watch?v=HU9oWppWf6g,,3082,18,2026-09-08T16:42:02Z
3541,FpGXAL96-HI,Cardboard Boat Race 2017,https://www.youtube.com/watch?v=FpGXAL96-HI,,918,146,2026-09-08T16:42:02Z
3542,o6VNOWeNKPM,School Committee 08.02.17,https://www.youtube.com/watch?v=o6VNOWeNKPM,,4315,34,2026-09-08T16:42:02Z
3543,qG-MBsIMXV8,Lunenburg Band Concert 07.31.17,https://www.youtube.com/watch?v=qG-MBsIMXV8,,4271,11,2026-09-08T16:42:02Z
3544,7E-5KR1CC3A,Selectmen Meeting 08.01.17,https://www.youtube.com/watch?v=7E-5KR1CC3A,,8686,99,2026-09-08T16:42:02Z
3545,0iIs1iPkASk,"Talkin' Baseball - Fenway Photos, Season 3 Episode 5",https://www.youtube.com/watch?v=0iIs1iPkASk,,3391,42,2026-09-08T16:42:02Z
3546,FloEZId14hw,St. Boniface Mass 07.23.17,https://www.youtube.com/watch?v=FloEZId14hw,,3870,33,2026-09-08T16:42:02Z
3547,GSiNBMaYENc,Planning Board 07.24.17,https://www.youtube.com/watch?v=GSiNBMaYENc,,6624,38,2026-09-08T16:42:02Z
3548,UcQa3CavIxs,School Committee 07.19.17,https://www.youtube.com/watch?v=UcQa3CavIxs,,2582,23,2026-09-08T16:42:02Z
3549,Sbz9L1yF5tc,Conservation Commission 07.19.17,https://www.youtube.com/watch?v=Sbz9L1yF5tc,,7925,44,2026-09-08T16:42:02Z
3550,hfoGCH0kNtc,St. Boniface Mass 07.16.17,https://www.youtube.com/watch?v=hfoGCH0kNtc,,3229,21,2026-09-08T16:42:02Z
3551,-GOh8mbJSnQ,Lunenburg Band Concert 07.17.17,https://www.youtube.com/watch?v=-GOh8mbJSnQ,,5474,21,2026-09-08T16:42:02Z
3552,3PhZLRgfloQ,Selectmen Meeting 07.18.17,https://www.youtube.com/watch?v=3PhZLRgfloQ,,8210,139,2026-09-08T16:42:02Z
3553,RsY8OdBgUE4,Lunenburg Band Concert 07.10.17,https://www.youtube.com/watch?v=RsY8OdBgUE4,,4757,101,2026-09-08T16:42:02Z
3554,MdzVf1jN7bw,St. Boniface Mass 07.09.17,https://www.youtube.com/watch?v=MdzVf1jN7bw,,3213,29,2026-09-08T16:42:02Z
3555,reQ_5jAnilM,Lunenburg Police Relief Golf Tournament PSA,https://www.youtube.com/watch?v=reQ_5jAnilM,,37,36,2026-09-08T16:42:02Z
3556,sSKgfZhNVFI,Planning Board Meeting 07.10.17,https://www.youtube.com/watch?v=sSKgfZhNVFI,,12547,75,2026-09-08T16:42:02Z
3557,lorgOCQktOI,St. Boniface Mass 07.02.17,https://www.youtube.com/watch?v=lorgOCQktOI,,3013,26,2026-09-08T16:42:02Z
3558,U4JXO14nSCc,Hickory Hills Boat Parade 2017,https://www.youtube.com/watch?v=U4JXO14nSCc,,1634,598,2026-09-08T16:42:02Z
3559,JNiHeWvVvLw,"Talkin' Baseball - Unwritten Rules of Baseball Season 3,  Episode 4",https://www.youtube.com/watch?v=JNiHeWvVvLw,,3239,36,2026-09-08T16:42:02Z
3560,ytolJFliZYo,Sewer Commission 06.27.17,https://www.youtube.com/watch?v=ytolJFliZYo,,8321,48,2026-09-08T16:42:02Z
3561,kMNVdAOTXeQ,Lunenburg Town Band Concert 06.26.17,https://www.youtube.com/watch?v=kMNVdAOTXeQ,,5133,56,2026-09-08T16:42:02Z
3562,8Emlw64M-Vc,Planning Board 06.26.17,https://www.youtube.com/watch?v=8Emlw64M-Vc,,11155,25,2026-09-08T16:42:02Z
3563,_KvHIJDMZ5g,St. Boniface Mass 06.25.17,https://www.youtube.com/watch?v=_KvHIJDMZ5g,,2953,22,2026-09-08T16:42:02Z
3564,ZSDt3b-urnI,School Committee 06.21.17,https://www.youtube.com/watch?v=ZSDt3b-urnI,,6298,20,2026-09-08T16:42:02Z
3565,xO4KytR9YO4,Conservation Commission 06.21.17,https://www.youtube.com/watch?v=xO4KytR9YO4,,8274,63,2026-09-08T16:42:02Z
3566,YnlnV-fBshA,St. Boniface Mass 06.18.17,https://www.youtube.com/watch?v=YnlnV-fBshA,,4090,33,2026-09-08T16:42:02Z
3567,QrkuilDElpQ,St. Boniface Mass 06.11.17,https://www.youtube.com/watch?v=QrkuilDElpQ,,3342,13,2026-09-08T16:42:02Z
3568,ZNhC3L-Ex54,"""Have a Beautiful Day""  Lunenburg Public Access",https://www.youtube.com/watch?v=ZNhC3L-Ex54,,14,70,2026-09-08T16:42:02Z
3569,KeByFOku6MY,Zoning Board of Appeals 06.14.17,https://www.youtube.com/watch?v=KeByFOku6MY,,2820,20,2026-09-08T16:42:02Z
3570,SGVzEKveBm8,"Lunenburg Police Relief Association ""Cruise Night"" June 14, 2017",https://www.youtube.com/watch?v=SGVzEKveBm8,,1178,78,2026-09-08T16:42:02Z
3571,GhClThOYDtQ,Selectmen Meeting 06.13.17,https://www.youtube.com/watch?v=GhClThOYDtQ,,8609,98,2026-09-08T16:42:02Z
3572,gjV8Wm8UlE0,Planning Board Meeting 06.12.17  Part 2,https://www.youtube.com/watch?v=gjV8Wm8UlE0,,2098,51,2026-09-08T16:42:02Z
3573,K4yfm8Mpaf0,Eagle House Behind the Scenes,https://www.youtube.com/watch?v=K4yfm8Mpaf0,,1467,55,2026-09-08T16:42:02Z
3574,fQtYllex7Xc,Planning Board Meeting 06.12.17,https://www.youtube.com/watch?v=fQtYllex7Xc,,8780,33,2026-09-08T16:42:02Z
3575,8Bk5Sv3SUO0,LHS 2017 Graduation,https://www.youtube.com/watch?v=8Bk5Sv3SUO0,,4325,257,2026-09-08T16:42:02Z
3576,Rk2ztGgll0E,"Lunenburg Fire Fighter, Police, EMT Annual Memorial Service 06.11.17",https://www.youtube.com/watch?v=Rk2ztGgll0E,,1343,40,2026-09-08T16:42:02Z
3577,VUYp7_X7r60,Are You Smarter Than a 6th Grader - Lunenburg Boys and Girls Club Fund Raiser,https://www.youtube.com/watch?v=VUYp7_X7r60,,7078,136,2026-09-08T16:42:02Z
3578,ncqcB_RRiFs,St. Boniface Mass 06.04.17,https://www.youtube.com/watch?v=ncqcB_RRiFs,,3708,41,2026-09-08T16:42:02Z
3579,SOPHUC9IheA,School Committee  06.07.17,https://www.youtube.com/watch?v=SOPHUC9IheA,,5758,31,2026-09-08T16:42:02Z
3580,ByP5ZBhUepA,Selectmen Meeting 06.06.17,https://www.youtube.com/watch?v=ByP5ZBhUepA,,7169,147,2026-09-08T16:42:02Z
3581,xuIyHhPCYgc,LHS Girls Lacrosse vs Chicopee,https://www.youtube.com/watch?v=xuIyHhPCYgc,,3659,67,2026-09-08T16:42:02Z
3582,yUTq8yLNzNc,LHSGirlsLacrossevsMarlboro,https://www.youtube.com/watch?v=yUTq8yLNzNc,,4169,6,2026-09-08T16:42:02Z
3583,cWXpPHuO3II,GirlsLacrossevsOakmont,https://www.youtube.com/watch?v=cWXpPHuO3II,,5011,23,2026-09-08T16:42:02Z
3584,lBzFHVqtzb0,LHS Girls Lacrosse vs Fitchburg 2017,https://www.youtube.com/watch?v=lBzFHVqtzb0,,3660,85,2026-09-08T16:42:02Z
3585,bBb_ay1uMZg,Lunenburg Cruise Night-Police Relief Assoc. PSA,https://www.youtube.com/watch?v=bBb_ay1uMZg,,218,31,2026-09-08T16:42:02Z
3586,HYhdoiqaCQs,"Talkin' Baseball - What Makes a Baseball Fan? Season 3, Episode 3",https://www.youtube.com/watch?v=HYhdoiqaCQs,,2873,82,2026-09-08T16:42:02Z
3587,vnr-vcd4vcs,My Father's War - WWII Presentation at Lunenburg Library,https://www.youtube.com/watch?v=vnr-vcd4vcs,,2769,36,2026-09-08T16:42:02Z
3588,wBjMhLFrfQE,StBonifaceMass,https://www.youtube.com/watch?v=wBjMhLFrfQE,,3460,10,2026-09-08T16:42:02Z
3589,CVl-gBpzijg,Sewer Commission 05.30.17,https://www.youtube.com/watch?v=CVl-gBpzijg,,8755,42,2026-09-08T16:42:02Z
3590,2vv1EYpCwSM,"Lunenburg Memorial Day Ceremony - May 29, 2017",https://www.youtube.com/watch?v=2vv1EYpCwSM,,2025,46,2026-09-08T16:42:02Z
3591,_rkaQ_3co0c,School Committee 05.24.17,https://www.youtube.com/watch?v=_rkaQ_3co0c,,8952,49,2026-09-08T16:42:02Z
3592,dWmLqTOsdTg,St. Boniface Mass 05.21.17,https://www.youtube.com/watch?v=dWmLqTOsdTg,,3101,17,2026-09-08T16:42:02Z
3593,5X4um8794Kc,LHS Girls Lacrosse vs St  Bernards 2017,https://www.youtube.com/watch?v=5X4um8794Kc,,4018,63,2026-09-08T16:42:02Z
3594,uJ-DUppATXk,ZBA Meeting 05.24.17,https://www.youtube.com/watch?v=uJ-DUppATXk,,5120,26,2026-09-08T16:42:02Z
3595,0GIj73zNFUY,LHS Girls Lacrosse vs Shepherd Hill 2017,https://www.youtube.com/watch?v=0GIj73zNFUY,,2120,69,2026-09-08T16:42:02Z
3596,ci9FKfL2u4w,LHS Girls Lacross vs Littleton 2017,https://www.youtube.com/watch?v=ci9FKfL2u4w,,3882,51,2026-09-08T16:42:02Z
3597,BJBCgQYqh_E,"LHS POPs Concert  -  May 12, 2017",https://www.youtube.com/watch?v=BJBCgQYqh_E,,4009,114,2026-09-08T16:42:02Z
3598,98zhqGE0aKk,Planning Board 05.22.17,https://www.youtube.com/watch?v=98zhqGE0aKk,,7963,25,2026-09-08T16:42:02Z
3599,FmUl1WsxnKE,Conservation Commission Meeting 05.17.17,https://www.youtube.com/watch?v=FmUl1WsxnKE,,10643,44,2026-09-08T16:42:02Z
3600,sMWqLAycZaY,Town Meeting 05 06 17 Part   1A,https://www.youtube.com/watch?v=sMWqLAycZaY,,7201,31,2026-09-08T16:42:02Z
3601,TQ457cAy4Is,LHS Boy Lacrosse vs St Bernard 05.16.17,https://www.youtube.com/watch?v=TQ457cAy4Is,,6105,182,2026-09-08T16:42:02Z
3602,wBCcuSam_gc,Selectmen Meeting 05.16.17,https://www.youtube.com/watch?v=wBCcuSam_gc,,6816,215,2026-09-08T16:42:02Z
3603,9QhVIdF0LkM,Town Meeting 05.06.17  -  Part 3,https://www.youtube.com/watch?v=9QhVIdF0LkM,,6814,65,2026-09-08T16:42:02Z
3604,mxNuLnxi5cU,School Building Committee 05.10.17,https://www.youtube.com/watch?v=mxNuLnxi5cU,,2090,23,2026-09-08T16:42:02Z
3605,RxrwRXEZ0G0,St. Boniface Mass 05.07.17,https://www.youtube.com/watch?v=RxrwRXEZ0G0,,3270,24,2026-09-08T16:42:02Z
3606,mrOqo_QlmYY,Town Meeting 05.06.17  -  Part 2,https://www.youtube.com/watch?v=mrOqo_QlmYY,,7201,110,2026-09-08T16:42:02Z
3607,0iB0oUh0rkM,Planning Board 05.08.17,https://www.youtube.com/watch?v=0iB0oUh0rkM,,8995,89,2026-09-08T16:42:02Z
3608,FZfDW0cKd_o,Lunenburg Town Meeting 050617 - Part 1,https://www.youtube.com/watch?v=FZfDW0cKd_o,,7201,91,2026-09-08T16:42:02Z
3609,5kM4zE5CvJk,LHS Boys Lacrosse vs Bromfield 05.04.17,https://www.youtube.com/watch?v=5kM4zE5CvJk,,4599,352,2026-09-08T16:42:02Z
3610,p93WMteKpoc,St. Boniface Mass 04.30.17,https://www.youtube.com/watch?v=p93WMteKpoc,,3444,14,2026-09-08T16:42:02Z
3611,xlFlsjUbQFg,School Committee 05.03.17,https://www.youtube.com/watch?v=xlFlsjUbQFg,,7417,16,2026-09-08T16:42:02Z
3612,B4r2JBYNhic,"Lunenburg Community Compact Signing Event - May 4, 2017",https://www.youtube.com/watch?v=B4r2JBYNhic,,1220,48,2026-09-08T16:42:02Z
3613,tgZ8gh6x_RM,Selectmen Meeting 05.02.17,https://www.youtube.com/watch?v=tgZ8gh6x_RM,,11061,223,2026-09-08T16:42:02Z
3614,KUNXAz1o_Sg,LHS Girls Lacrosse vs Oakmont 04.27.17,https://www.youtube.com/watch?v=KUNXAz1o_Sg,,3210,56,2026-09-08T16:42:02Z
3615,6Ob6vcOBw2Q,School Committee 04.26.17,https://www.youtube.com/watch?v=6Ob6vcOBw2Q,,8307,20,2026-09-08T16:42:02Z
3616,HrOQVf8Dh_w,ZBA 04.26.17,https://www.youtube.com/watch?v=HrOQVf8Dh_w,,1932,18,2026-09-08T16:42:02Z
3617,94LIGclZgWk,Sewer Commission Meeting 04.25.17,https://www.youtube.com/watch?v=94LIGclZgWk,,3002,32,2026-09-08T16:42:02Z
3618,280HI8S17rk,St. Boniface Mass 04.23.17,https://www.youtube.com/watch?v=280HI8S17rk,,3672,14,2026-09-08T16:42:02Z
3619,p1rEPaJgOiQ,Planning Board 04.24.17,https://www.youtube.com/watch?v=p1rEPaJgOiQ,,8100,64,2026-09-08T16:42:02Z
3620,s55LLQTKB5U,"Talkin' Baseball Season 3, Episode 2  ""Shorter Games?""",https://www.youtube.com/watch?v=s55LLQTKB5U,,3044,29,2026-09-08T16:42:02Z
3621,1UTqjdPdoN0,LHS Boys Lacrossvs vs Tyngsboro 04.11.17,https://www.youtube.com/watch?v=1UTqjdPdoN0,,5320,280,2026-09-08T16:42:02Z
3622,rlhJKZ7Njt4,St. Boniface Easter Mass 04.16.17,https://www.youtube.com/watch?v=rlhJKZ7Njt4,,4302,25,2026-09-08T16:42:02Z
3623,tBmHcHRhD0c,LHS Boys Lacross vs Hudson 04.13.17,https://www.youtube.com/watch?v=tBmHcHRhD0c,,5121,83,2026-09-08T16:42:02Z
3624,VWOBg-B8kNc,Selectmen Meeting 04.18.17,https://www.youtube.com/watch?v=VWOBg-B8kNc,,8781,82,2026-09-08T16:42:02Z
3625,NM_1nDMU8ic,Tenebrae - St. Boniface Church 04.11.17,https://www.youtube.com/watch?v=NM_1nDMU8ic,,3083,18,2026-09-08T16:42:02Z
3626,g2zUY9Rnz5k,ZBA 04.12.17,https://www.youtube.com/watch?v=g2zUY9Rnz5k,,8997,23,2026-09-08T16:42:02Z
3627,YF9_XAcjSKM,Selectmen Meeting 04.11.17,https://www.youtube.com/watch?v=YF9_XAcjSKM,,4430,37,2026-09-08T16:42:02Z
3628,i2hi66SLPno,St. Boniface Mass 04.09.17,https://www.youtube.com/watch?v=i2hi66SLPno,,4373,9,2026-09-08T16:42:02Z
3629,9oUHxB8jDs0,Planning Board 04.10.17,https://www.youtube.com/watch?v=9oUHxB8jDs0,,8293,47,2026-09-08T16:42:02Z
3630,qkX9ANbZ7I0,Finance Committee 04.06.17,https://www.youtube.com/watch?v=qkX9ANbZ7I0,,4652,17,2026-09-08T16:42:02Z
3631,iTpRKIMYE9w,Selectmen Meeting 04.04.17,https://www.youtube.com/watch?v=iTpRKIMYE9w,,7789,62,2026-09-08T16:42:02Z
3632,qlqkGuvuzhQ,St. Boniface Mass 04.02.17,https://www.youtube.com/watch?v=qlqkGuvuzhQ,,3544,19,2026-09-08T16:42:02Z
3633,t1r8NAMSjHI,Lunenburg Library Lecture - Ken Gloss 03.29.17,https://www.youtube.com/watch?v=t1r8NAMSjHI,,3941,17,2026-09-08T16:42:02Z
3634,kTDBbJMxKfs,St. Boniface Mass 03.26.17,https://www.youtube.com/watch?v=kTDBbJMxKfs,,3413,8,2026-09-08T16:42:02Z
3635,-X5pkXYw0LU,Planning Board 03.27.17,https://www.youtube.com/watch?v=-X5pkXYw0LU,,6221,35,2026-09-08T16:42:02Z
3636,kT7CPVEzDNs,Produce Shows or Volunteer for Lunenburg Public Access,https://www.youtube.com/watch?v=kT7CPVEzDNs,,118,33,2026-09-08T16:42:02Z
3637,swrsAUmOY04,Finance Committee 03.23.17,https://www.youtube.com/watch?v=swrsAUmOY04,,6023,56,2026-09-08T16:42:02Z
3638,YEFA-4m4YwA,ZBA 03.22.17,https://www.youtube.com/watch?v=YEFA-4m4YwA,,131,18,2026-09-08T16:42:02Z
3639,yPBdCtxsYw8,Selectmen Meeting 03.21.17,https://www.youtube.com/watch?v=yPBdCtxsYw8,,563,50,2026-09-08T16:42:02Z
3640,tx93MUgsXDY,St. Boniface Mass 03.19.17,https://www.youtube.com/watch?v=tx93MUgsXDY,,3450,18,2026-09-08T16:42:02Z
3641,fm48z3ozqos,School Committee 03.15.17,https://www.youtube.com/watch?v=fm48z3ozqos,,4803,38,2026-09-08T16:42:02Z
3642,j9YeimEp0a4,Finance Committee 03.16.17,https://www.youtube.com/watch?v=j9YeimEp0a4,,3806,23,2026-09-08T16:42:02Z
3643,btcPbnIa8Pg,Conservation Commission 03.15.17,https://www.youtube.com/watch?v=btcPbnIa8Pg,,12955,59,2026-09-08T16:42:02Z
3644,AWUrHtXyJi4,Selectmen Meeting 03.15.17,https://www.youtube.com/watch?v=AWUrHtXyJi4,,6553,124,2026-09-08T16:42:02Z
3645,ftQ6IgiZo6M,St Boniface Mass 03.12.17,https://www.youtube.com/watch?v=ftQ6IgiZo6M,,3365,12,2026-09-08T16:42:02Z
3646,wHxTGn9AYqY,Planning Board 03.13.17,https://www.youtube.com/watch?v=wHxTGn9AYqY,,6004,31,2026-09-08T16:42:02Z
3647,BNWNzB5AQWM,Finance Committee 03.09.17,https://www.youtube.com/watch?v=BNWNzB5AQWM,,9221,28,2026-09-08T16:42:02Z
3648,ti1RpLv15CQ,Stormwater Task Force,https://www.youtube.com/watch?v=ti1RpLv15CQ,,827,194,2026-09-08T16:42:02Z
3649,lDLD3iTywRo,Committee Overviews Part 1,https://www.youtube.com/watch?v=lDLD3iTywRo,,3276,15,2026-09-08T16:42:02Z
3650,3p1p8-Pkubg,ZBA Meeting 03.08.17,https://www.youtube.com/watch?v=3p1p8-Pkubg,,10622,28,2026-09-08T16:42:02Z
3651,EjipZ6pEles,Lunenburg Fire Department - Ice Rescue PSA,https://www.youtube.com/watch?v=EjipZ6pEles,,512,135,2026-09-08T16:42:02Z
3652,4V3PvKyJeXc,Selectmen Meeting 03.07.17,https://www.youtube.com/watch?v=4V3PvKyJeXc,,5490,75,2026-09-08T16:42:02Z
3653,sgjmVIh3lOE,St. Boniface Mass 03.05.17,https://www.youtube.com/watch?v=sgjmVIh3lOE,,3656,13,2026-09-08T16:42:02Z
3654,LPc6G40cY6k,Selectmen Meeting 02.28.17  Part 3,https://www.youtube.com/watch?v=LPc6G40cY6k,,4255,39,2026-09-08T16:42:02Z
3655,nvqjLRWBG54,Selectmen Meeting 02.28.17  Part2,https://www.youtube.com/watch?v=nvqjLRWBG54,,4461,33,2026-09-08T16:42:02Z
3656,boXGhcTVyW0,School Committee 03.01.17,https://www.youtube.com/watch?v=boXGhcTVyW0,,5526,41,2026-09-08T16:42:02Z
3657,t8Q0z9qOY0s,Selectmen Meeting 02.28.17 Part1,https://www.youtube.com/watch?v=t8Q0z9qOY0s,,4010,32,2026-09-08T16:42:02Z
3658,-FuaMvhFnuU,Sewer Commission 02.28.17  Part 2,https://www.youtube.com/watch?v=-FuaMvhFnuU,,4288,17,2026-09-08T16:42:02Z
3659,oYHtiTDlXU0,Sewer Commission 02.28.17 Part 1,https://www.youtube.com/watch?v=oYHtiTDlXU0,,1439,16,2026-09-08T16:42:02Z
3660,agAuIdrBCC8,Talkin' Baseball - Season 3 Episode 1  2017 Season Preview,https://www.youtube.com/watch?v=agAuIdrBCC8,,3341,21,2026-09-08T16:42:02Z
3661,8KWBxauCHxs,Planning Board 02.27.17,https://www.youtube.com/watch?v=8KWBxauCHxs,,9263,30,2026-09-08T16:42:02Z
3662,kmSzRCj6WUg,St. Boniface Mass 02.26.17,https://www.youtube.com/watch?v=kmSzRCj6WUg,,3434,25,2026-09-08T16:42:02Z
3663,xfwdGdi7Zl0,LHS Girls BB vs Fitchburg 02 23 17,https://www.youtube.com/watch?v=xfwdGdi7Zl0,,4340,34,2026-09-08T16:42:02Z
3664,ByD0v0J1F3Q,Finance Committee 02.23.17,https://www.youtube.com/watch?v=ByD0v0J1F3Q,,3987,44,2026-09-08T16:42:02Z
3665,foktOxyuO9k,St. Boniface Mass 02.19.17,https://www.youtube.com/watch?v=foktOxyuO9k,,3005,19,2026-09-08T16:42:02Z
3666,4JTT5bvlwDk,School Committee  02.15.17,https://www.youtube.com/watch?v=4JTT5bvlwDk,,3890,29,2026-09-08T16:42:02Z
3667,GI3xyP6PeiY,Conservation Commission 02.15.17,https://www.youtube.com/watch?v=GI3xyP6PeiY,,8530,44,2026-09-08T16:42:02Z
3668,skGFZEmM1sw,Finance Committee 02.16.17,https://www.youtube.com/watch?v=skGFZEmM1sw,,3138,32,2026-09-08T16:42:02Z
3669,X-LccHsLiGE,Selectmen Meeting 02.14.17,https://www.youtube.com/watch?v=X-LccHsLiGE,,5429,84,2026-09-08T16:42:02Z
3670,qSDFLCw_n8k,St. Boniface Mass 02.12.17,https://www.youtube.com/watch?v=qSDFLCw_n8k,,3788,16,2026-09-08T16:42:02Z
3671,c8t_Rydzx1U,Eagle House Promotion 2 - Winter 2016/2017,https://www.youtube.com/watch?v=c8t_Rydzx1U,,1953,33,2026-09-08T16:42:02Z
3672,oO1ES03BG74,School Building Committee 02.08.17,https://www.youtube.com/watch?v=oO1ES03BG74,,1545,35,2026-09-08T16:42:02Z
3673,m9rzwDR-ZCI,LHS Girls Basketball vsTyngsboro HS 02.06.17,https://www.youtube.com/watch?v=m9rzwDR-ZCI,,3754,52,2026-09-08T16:42:02Z
3674,vfaDgJPhnuo,LHS Boys Basketball vs Assabet 02.02.17,https://www.youtube.com/watch?v=vfaDgJPhnuo,,4984,650,2026-09-08T16:42:02Z
3675,KCzQoeRppKs,School Committee 02.01.17,https://www.youtube.com/watch?v=KCzQoeRppKs,,3744,46,2026-09-08T16:42:02Z
3676,MD5vODDm39o,Cemetery Commission 01.31.17,https://www.youtube.com/watch?v=MD5vODDm39o,,7372,89,2026-09-08T16:42:02Z
3677,mWBnkMT_jVw,Sewer Commission Meeting 01.31.17,https://www.youtube.com/watch?v=mWBnkMT_jVw,,8163,21,2026-09-08T16:42:02Z
3678,ffA5K1Qs-JQ,St. Boniface Mass 01.29.17,https://www.youtube.com/watch?v=ffA5K1Qs-JQ,,3185,17,2026-09-08T16:42:02Z
3679,CTcEOIwiMBw,LHS Girls Basketball vs Clinton 01.26.17,https://www.youtube.com/watch?v=CTcEOIwiMBw,,3566,98,2026-09-08T16:42:02Z
3680,nphqtGdI-es,Selectmen Meeting 01.24.17,https://www.youtube.com/watch?v=nphqtGdI-es,,3131,77,2026-09-08T16:42:02Z
3681,TO6rHmfgPQk,St. Boniface Mass 01.22.17,https://www.youtube.com/watch?v=TO6rHmfgPQk,,4497,24,2026-09-08T16:42:02Z
3682,4w8fA6VH7sw,LHS Boys Basketball vs Littleton 01.20.17,https://www.youtube.com/watch?v=4w8fA6VH7sw,,4073,205,2026-09-08T16:42:02Z
3683,ZQ9CFXMyzck,LHS Girls Basketball vs Littleton 01.20.17,https://www.youtube.com/watch?v=ZQ9CFXMyzck,,3784,260,2026-09-08T16:42:02Z
3684,N-1xaH-QPj0,LHS Hockey vs. Fitchburg 01.16.17,https://www.youtube.com/watch?v=N-1xaH-QPj0,,2709,112,2026-09-08T16:42:02Z
3685,9D6d_lxVCRc,School Committee 01.18.17,https://www.youtube.com/watch?v=9D6d_lxVCRc,,7911,69,2026-09-08T16:42:02Z
3686,c5B4Mrrb1xw,Conservation Commission 01.18.17,https://www.youtube.com/watch?v=c5B4Mrrb1xw,,7432,49,2026-09-08T16:42:02Z
3687,AMHGZYHYPk8,"Bullying, Harassment & CyberSafety  01.19.17",https://www.youtube.com/watch?v=AMHGZYHYPk8,,2770,28,2026-09-08T16:42:02Z
3688,2Q1lKjb9hoo,Selectmen Meeting 01.17.17,https://www.youtube.com/watch?v=2Q1lKjb9hoo,,3948,84,2026-09-08T16:42:02Z
3689,9SfdTGBz_PY,St. Boniface Mass 01.15.17,https://www.youtube.com/watch?v=9SfdTGBz_PY,,3333,22,2026-09-08T16:42:02Z
3690,lQk0gPNyDAw,LHS Hockey vs Northbridge 01.09.17,https://www.youtube.com/watch?v=lQk0gPNyDAw,,3895,291,2026-09-08T16:42:02Z
3691,WApc3j0GK8A,LHS Boys Varsity Basketball vs Gardner HS 01.11.17,https://www.youtube.com/watch?v=WApc3j0GK8A,,3386,451,2026-09-08T16:42:02Z
3692,spWtEnps7eQ,School Building Committee 01.11.17,https://www.youtube.com/watch?v=spWtEnps7eQ,,1413,10,2026-09-08T16:42:02Z
3693,E6i2SO4IcrY,ZBA 01.11.17,https://www.youtube.com/watch?v=E6i2SO4IcrY,,2564,19,2026-09-08T16:42:02Z
3694,qkxk6pb-BaY,Selectmen Meeting 01.10.17,https://www.youtube.com/watch?v=qkxk6pb-BaY,,4843,95,2026-09-08T16:42:02Z
3695,KFhqwzwdAiw,LHS Gilrs Basketball vs N. Middlesex  1.3.17,https://www.youtube.com/watch?v=KFhqwzwdAiw,,3624,86,2026-09-08T16:42:02Z
3696,ZpoXshskWr4,Planning Board 01.09.17,https://www.youtube.com/watch?v=ZpoXshskWr4,,11101,26,2026-09-08T16:42:02Z
3697,JjfiijENrfs,St. Boniface Mass 01.08.17,https://www.youtube.com/watch?v=JjfiijENrfs,,4234,18,2026-09-08T16:42:02Z
3698,dc5CB-rNWrA,LHS Boys Basketball vs Clinton HS 01.06.17,https://www.youtube.com/watch?v=dc5CB-rNWrA,,4070,199,2026-09-08T16:42:02Z
3699,py2UaVaboqI,Producers Wanted  PSA,https://www.youtube.com/watch?v=py2UaVaboqI,,79,20,2026-09-08T16:42:02Z
3700,bwJsNtkCjA8,Lunenburg Public Access Volunteer PSA,https://www.youtube.com/watch?v=bwJsNtkCjA8,,434,39,2026-09-08T16:42:02Z
3701,myXbzZie5hY,LHS Girls Basketball 12.30.16,https://www.youtube.com/watch?v=myXbzZie5hY,,3813,98,2026-09-08T16:42:02Z
3702,dkScAzzI2DI,School Committee 01.04.17,https://www.youtube.com/watch?v=dkScAzzI2DI,,4790,21,2026-09-08T16:42:02Z
3703,u94-w6QGw4c,St. Boniface Mass 01.01.17,https://www.youtube.com/watch?v=u94-w6QGw4c,,3138,52,2026-09-08T16:42:02Z
3704,vyzo4A5SYAI,St. Boniface Mass 12.24.16,https://www.youtube.com/watch?v=vyzo4A5SYAI,,5547,21,2026-09-08T16:42:02Z
3705,RQ_Bai_7RlM,Selectmen Meeting 12.27.16,https://www.youtube.com/watch?v=RQ_Bai_7RlM,,319,28,2026-09-08T16:42:02Z
3706,sNgauFV-wbY,School Committee 12.21.16,https://www.youtube.com/watch?v=sNgauFV-wbY,,6371,20,2026-09-08T16:42:02Z
3707,VI8bJReL5Tw,Conservation Commission 12.21.16,https://www.youtube.com/watch?v=VI8bJReL5Tw,,13130,51,2026-09-08T16:42:02Z
3708,gF_9KW9CcX4,St. Boniface Mass 12.18.16,https://www.youtube.com/watch?v=gF_9KW9CcX4,,3410,13,2026-09-08T16:42:02Z
3709,2w-vTTQqVPo,Selectmen Meeting 12.20.16,https://www.youtube.com/watch?v=2w-vTTQqVPo,,4391,44,2026-09-08T16:42:02Z
3710,Ed7UmeIiDPg,"LHS Instrumental Concert - December 15, 2016",https://www.youtube.com/watch?v=Ed7UmeIiDPg,,4376,68,2026-09-08T16:42:02Z
3711,BHrOt_PPEfE,"LHS Vocal Concert  -  December 13, 2016",https://www.youtube.com/watch?v=BHrOt_PPEfE,,3748,74,2026-09-08T16:42:02Z
3712,cBob1_xChek,Zoning Board 12.14.16,https://www.youtube.com/watch?v=cBob1_xChek,,7332,18,2026-09-08T16:42:02Z
3713,2RsDexPJG0A,School Building Committee 12.14.16,https://www.youtube.com/watch?v=2RsDexPJG0A,,947,24,2026-09-08T16:42:02Z
3714,HnFU5T_fpG8,St. Boniface Mass 12.11.16,https://www.youtube.com/watch?v=HnFU5T_fpG8,,4114,11,2026-09-08T16:42:02Z
3715,9tTZ765r_Qk,Selectmen Meeting 12.13.16,https://www.youtube.com/watch?v=9tTZ765r_Qk,,4812,60,2026-09-08T16:42:02Z
3716,iJH_d3I5MoU,Planning Board 12.12.16,https://www.youtube.com/watch?v=iJH_d3I5MoU,,6509,28,2026-09-08T16:42:02Z
3717,dLm5WwkRBug,Boys Varsity Basketball vs Oakmont 12.09.16,https://www.youtube.com/watch?v=dLm5WwkRBug,,5416,303,2026-09-08T16:42:02Z
3718,LcU2larUlvk,Girls Varsity Basketball vs Oakmont 12.09.16,https://www.youtube.com/watch?v=LcU2larUlvk,,4390,114,2026-09-08T16:42:02Z
3719,wj7qfK9iAWc,School Committee Meeting 12.07.16,https://www.youtube.com/watch?v=wj7qfK9iAWc,,10406,26,2026-09-08T16:42:02Z
3720,zP3ljE4qKO0,Selectmen Meeting 12.06.16,https://www.youtube.com/watch?v=zP3ljE4qKO0,,4889,47,2026-09-08T16:42:02Z
3721,6qtGBfWMF30,Keep Warm Keep Safe - Lunenburg Fire Department PSA,https://www.youtube.com/watch?v=6qtGBfWMF30,,1892,33,2026-09-08T16:42:02Z
3722,JjFiC-Nns1E,St. Boniface Mass 12.04.16,https://www.youtube.com/watch?v=JjFiC-Nns1E,,3066,9,2026-09-08T16:42:02Z
3723,pgwp_KgOpAk,"Lunenburg Tree Lighting Ceremony - December 1, 2016",https://www.youtube.com/watch?v=pgwp_KgOpAk,,2006,153,2026-09-08T16:42:02Z
3724,KbUJEnVRqww,St. Boniface Mass 11.28.16,https://www.youtube.com/watch?v=KbUJEnVRqww,,3086,37,2026-09-08T16:42:02Z
3725,at3ZKNaP6EE,Sewer Commission 11.29.16,https://www.youtube.com/watch?v=at3ZKNaP6EE,,5867,18,2026-09-08T16:42:02Z
3726,YkWNHg0LzVQ,St. Boniface Mass 11.28.16,https://www.youtube.com/watch?v=YkWNHg0LzVQ,,3086,7,2026-09-08T16:42:02Z
3727,CcoeDpAAe5Q,"Talkin' Baseball - Season 2, Episode 7   2016 Season Wrap Up",https://www.youtube.com/watch?v=CcoeDpAAe5Q,,3367,19,2026-09-08T16:42:02Z
3728,p4wd3cr3-uQ,Lunenburg Special TownMeeting 11.28.16,https://www.youtube.com/watch?v=p4wd3cr3-uQ,,7998,221,2026-09-08T16:42:02Z
3729,kOo1uSGCDmY,Selectmen Meeting 11.22.16,https://www.youtube.com/watch?v=kOo1uSGCDmY,,6279,82,2026-09-08T16:42:02Z
3730,vZaidvA4Z2Y,Jane Doyle Playground Dedication - Turkey Hill School  11.23.16,https://www.youtube.com/watch?v=vZaidvA4Z2Y,,1121,42,2026-09-08T16:42:02Z
3731,GFjJoi3dJtU,St. Boniface Thanksgiving Concert 11.20.16,https://www.youtube.com/watch?v=GFjJoi3dJtU,,5173,105,2026-09-08T16:42:02Z
3732,tvOosCADOcs,Sewer Commission 11.17.16,https://www.youtube.com/watch?v=tvOosCADOcs,,7442,37,2026-09-08T16:42:02Z
3733,KzaRR629TN0,School Committee Meeting 11.16.16,https://www.youtube.com/watch?v=KzaRR629TN0,,6701,20,2026-09-08T16:42:02Z
3734,-q9qo_ZDlqs,Conservation Commission 11.16.16,https://www.youtube.com/watch?v=-q9qo_ZDlqs,,10237,43,2026-09-08T16:42:02Z
3735,PfxUSqmW4zs,Selectmen Meeting 11.15.16,https://www.youtube.com/watch?v=PfxUSqmW4zs,,8012,79,2026-09-08T16:42:02Z
3736,LVAZ0wbnhi0,St. Boniface Mass 11.13.16,https://www.youtube.com/watch?v=LVAZ0wbnhi0,,5251,26,2026-09-08T16:42:02Z
3737,ftHWp1CWDzw,Planning Board 11.14.16,https://www.youtube.com/watch?v=ftHWp1CWDzw,,10431,16,2026-09-08T16:42:02Z
3738,L0rFI-EPmjg,School Building Committee 11.09.16,https://www.youtube.com/watch?v=L0rFI-EPmjg,,1015,13,2026-09-08T16:42:02Z
3739,vGjOcNHZ8YQ,Finance Committee 11.10.16,https://www.youtube.com/watch?v=vGjOcNHZ8YQ,,5622,32,2026-09-08T16:42:02Z
3740,NcMehP8EXW4,St. Boniface Mass 11.06.16,https://www.youtube.com/watch?v=NcMehP8EXW4,,4266,43,2026-09-08T16:42:02Z
3741,xHREXiiAq0Y,Selectmen Meeting 11.08.16,https://www.youtube.com/watch?v=xHREXiiAq0Y,,7997,88,2026-09-08T16:42:02Z
3742,e-vvQx8XdvI,School Committee 11.02.16,https://www.youtube.com/watch?v=e-vvQx8XdvI,,4511,21,2026-09-08T16:42:02Z
3743,eMbiItjB9fI,Selectmen Meeting 11.01.16,https://www.youtube.com/watch?v=eMbiItjB9fI,,6234,40,2026-09-08T16:42:02Z
3744,UJKAX9dzmzc,St. Boniface Mass 10.30.16,https://www.youtube.com/watch?v=UJKAX9dzmzc,,5191,31,2026-09-08T16:42:02Z
3745,bsA2a0E3JOA,Eagle House Master Storyteller,https://www.youtube.com/watch?v=bsA2a0E3JOA,,3297,10,2026-09-08T16:42:02Z
3746,Hx_j47pTUSg,Lunenburg Homecoming Parade  10 .29. 16,https://www.youtube.com/watch?v=Hx_j47pTUSg,,1442,322,2026-09-08T16:42:02Z
3747,3kJqVHnCvrk,ZBA Meeting 10.26.16,https://www.youtube.com/watch?v=3kJqVHnCvrk,,4871,35,2026-09-08T16:42:02Z
3748,rMv57ERok2w,St. Boniface Mass 10.23.16,https://www.youtube.com/watch?v=rMv57ERok2w,,4021,27,2026-09-08T16:42:02Z
3749,HT7xLBtukXk,Selectmen Meeting 10.25.16,https://www.youtube.com/watch?v=HT7xLBtukXk,,7985,78,2026-09-08T16:42:02Z
3750,CiGco0tBQh4,Planning Board Meeting 10.24.16,https://www.youtube.com/watch?v=CiGco0tBQh4,,9092,25,2026-09-08T16:42:02Z
3751,PDPSGkIpTS0,ConservationComm101916 Part2,https://www.youtube.com/watch?v=PDPSGkIpTS0,,2752,35,2026-09-08T16:42:02Z
3752,J93Xm_bL1pQ,Eagle House Concert - The Sunny Side of Italy with Ruth Harcovitz,https://www.youtube.com/watch?v=J93Xm_bL1pQ,,3015,90,2026-09-08T16:42:02Z
3753,D02UZhMob0s,Lunenburg MHS Ribbon Cutting and Dedication  10.22.16,https://www.youtube.com/watch?v=D02UZhMob0s,,2975,181,2026-09-08T16:42:02Z
3754,5fWaec3qlls,St Boniface Mass 10.16.16,https://www.youtube.com/watch?v=5fWaec3qlls,,4743,16,2026-09-08T16:42:02Z
3755,DN1Lcv_UCUw,ConservationComm101916 Part1,https://www.youtube.com/watch?v=DN1Lcv_UCUw,,7816,57,2026-09-08T16:42:02Z
3756,cnggZkXLfLg,Selectmen Meeting 10.18.16,https://www.youtube.com/watch?v=cnggZkXLfLg,,12800,61,2026-09-08T16:42:02Z
3757,xN5mG0bu3f8,Miles for Myles 2016,https://www.youtube.com/watch?v=xN5mG0bu3f8,,574,55,2026-09-08T16:42:02Z
3758,fDmmB2rBBNQ,School Building Committee 10.12.16,https://www.youtube.com/watch?v=fDmmB2rBBNQ,,3689,21,2026-09-08T16:42:02Z
3759,fLMXSnc2we8,St. Boniface Mass 10.09.16,https://www.youtube.com/watch?v=fLMXSnc2we8,,4118,29,2026-09-08T16:42:02Z
3760,Ri7Mar2I0k4,Selectmen Meeting 10.11.16,https://www.youtube.com/watch?v=Ri7Mar2I0k4,,5081,43,2026-09-08T16:42:02Z
3761,mBLaIcfmbsI,We're Looking for Producers!  Contact Us Today,https://www.youtube.com/watch?v=mBLaIcfmbsI,,53,33,2026-09-08T16:42:02Z
3762,zXNhae_fT-Y,School Committee Meeting 10.05.16,https://www.youtube.com/watch?v=zXNhae_fT-Y,,5017,22,2026-09-08T16:42:02Z
3763,_q-qF0UXhZs,Selectmen Meeting 10.04.16,https://www.youtube.com/watch?v=_q-qF0UXhZs,,7917,62,2026-09-08T16:42:02Z
3764,UALNPQJJz28,St. Boniface Mass10.02.16,https://www.youtube.com/watch?v=UALNPQJJz28,,4038,19,2026-09-08T16:42:02Z
3765,JuXLi7XysaQ,"Talkin' Baseball Season - Award Predictions  Season 2, Episode 6",https://www.youtube.com/watch?v=JuXLi7XysaQ,,3213,18,2026-09-08T16:42:02Z
3766,56nZCzfw-M8,St. Boniface Mass 09.25.16,https://www.youtube.com/watch?v=56nZCzfw-M8,,3408,31,2026-09-08T16:42:02Z
3767,QXvujfJvX7c,Planning Board 09.26.16,https://www.youtube.com/watch?v=QXvujfJvX7c,,4198,37,2026-09-08T16:42:02Z
3768,6Ohoclo4JP0,Lunenburg Police Department's Citizens Police Academy,https://www.youtube.com/watch?v=6Ohoclo4JP0,,96,431,2026-09-08T16:42:02Z
3769,yi2tICzFnpY,Conservation Commission 09.21.16,https://www.youtube.com/watch?v=yi2tICzFnpY,,11309,80,2026-09-08T16:42:02Z
3770,RRJT2UcTy1U,Selectmen Mtg 09.20.16,https://www.youtube.com/watch?v=RRJT2UcTy1U,,2478,32,2026-09-08T16:42:02Z
3771,0vwWjdnQE7c,Eagle House Senior Community Center - 2nd Annual Tea  9.19.16,https://www.youtube.com/watch?v=0vwWjdnQE7c,,618,20,2026-09-08T16:42:02Z
3772,qtSieWpbMPs,Stillman Fair 2016,https://www.youtube.com/watch?v=qtSieWpbMPs,,1173,215,2026-09-08T16:42:02Z
3773,8oh3faugzqk,St. Boniface Mass 09.11.16,https://www.youtube.com/watch?v=8oh3faugzqk,,3003,23,2026-09-08T16:42:02Z
3774,claigaKFwNc,School Building Committee 09.14.16,https://www.youtube.com/watch?v=claigaKFwNc,,3286,22,2026-09-08T16:42:02Z
3775,D7Q-TTlk4-A,ZBA 09.14.16,https://www.youtube.com/watch?v=D7Q-TTlk4-A,,1567,15,2026-09-08T16:42:02Z
3776,sXXGTdO2-nU,Volunteer to Record LHS Sports,https://www.youtube.com/watch?v=sXXGTdO2-nU,,47,17,2026-09-08T16:42:02Z
3777,0VWIFVio8AE,Selectmen Meeting 09.13.16,https://www.youtube.com/watch?v=0VWIFVio8AE,,4800,35,2026-09-08T16:42:02Z
3778,lz7k_Gz4-RQ,Planning Board 09.12.16,https://www.youtube.com/watch?v=lz7k_Gz4-RQ,,13093,30,2026-09-08T16:42:02Z
3779,ude9IPuQbdA,School Committee 09.07.16,https://www.youtube.com/watch?v=ude9IPuQbdA,,4066,22,2026-09-08T16:42:02Z
3780,n7AxFXiaAlg,Eagle House Senior Community Ctr. Volunteer Appreciation Day  09.07.16,https://www.youtube.com/watch?v=n7AxFXiaAlg,,906,19,2026-09-08T16:42:02Z
3781,UT1dDomUImk,St Boniface Mass 09.04.16,https://www.youtube.com/watch?v=UT1dDomUImk,,3292,14,2026-09-08T16:42:02Z
3782,udBtPlds5no,Selectmen Meeting 09.06.16,https://www.youtube.com/watch?v=udBtPlds5no,,9567,48,2026-09-08T16:42:02Z
3783,OCB44j0r2Mk,Sewer Commission Meeting 08.30.16,https://www.youtube.com/watch?v=OCB44j0r2Mk,,5398,34,2026-09-08T16:42:02Z
3784,IK_TajbGtbQ,Volunteer With Lunenburg Public Access To Record LHS Sports,https://www.youtube.com/watch?v=IK_TajbGtbQ,,51,31,2026-09-08T16:42:02Z
3785,Um3zNd3F_II,Talkin' Baseball - Rule Changes Season2 Episode 5,https://www.youtube.com/watch?v=Um3zNd3F_II,,3055,37,2026-09-08T16:42:02Z
3786,PJ_DlQj_aOA,St. Boniface Mass 08.28.16,https://www.youtube.com/watch?v=PJ_DlQj_aOA,,3752,26,2026-09-08T16:42:02Z
3787,wtknPQvfmj8,Lunenburg Special Town Meeting 08.22.16,https://www.youtube.com/watch?v=wtknPQvfmj8,,6747,234,2026-09-08T16:42:02Z
3788,EX6wo3ZePfU,Stillman Fair Promo 2016,https://www.youtube.com/watch?v=EX6wo3ZePfU,,2399,376,2026-09-08T16:42:02Z
3789,Xq1X5DeCS0M,Selectmen Meeting 08.23.16,https://www.youtube.com/watch?v=Xq1X5DeCS0M,,6945,95,2026-09-08T16:42:02Z
3790,uErxt0qEIAs,St. Boniface Mass 08.21.16,https://www.youtube.com/watch?v=uErxt0qEIAs,,3176,17,2026-09-08T16:42:02Z
3791,gI6KDES9l6s,Conservation Commission 08.17.16,https://www.youtube.com/watch?v=gI6KDES9l6s,,13315,36,2026-09-08T16:42:02Z
3792,F2fDgz7e29Y,Lunenburg Boys & Girls Club Update - August / September 2016,https://www.youtube.com/watch?v=F2fDgz7e29Y,,761,196,2026-09-08T16:42:02Z
3793,BCRi4Cb1PyA,The Great Cardboard Boat Race 08 13 16,https://www.youtube.com/watch?v=BCRi4Cb1PyA,,1380,65,2026-09-08T16:42:02Z
3794,4gXwOsnEtDI,Finance Committee 08.11.16,https://www.youtube.com/watch?v=4gXwOsnEtDI,,4660,22,2026-09-08T16:42:02Z
3795,41ZzgeJmJhY,School Building Committee 08.10.16,https://www.youtube.com/watch?v=41ZzgeJmJhY,,2586,20,2026-09-08T16:42:02Z
3796,D-wnzKC4VFw,Selectmen Meeting 08.09.16,https://www.youtube.com/watch?v=D-wnzKC4VFw,,6738,43,2026-09-08T16:42:02Z
3797,CPBbfPzFEHc,Lunenburg Band Concert 08.08.16,https://www.youtube.com/watch?v=CPBbfPzFEHc,,3483,33,2026-09-08T16:42:02Z
3798,htV6bQrBqS4,St. Boniface Mass 08.07.16,https://www.youtube.com/watch?v=htV6bQrBqS4,,3421,33,2026-09-08T16:42:02Z
3799,tK6xEvJon9k,Lunenburg Historical Society 50 Birthday Celebration 07.31.16,https://www.youtube.com/watch?v=tK6xEvJon9k,,2612,51,2026-09-08T16:42:02Z
3800,om9h4VlfvHc,St. Boniface Mass 07.31.16,https://www.youtube.com/watch?v=om9h4VlfvHc,,2994,16,2026-09-08T16:42:02Z
3801,dHiG7vziL3E,Selectmen Meeting 08.02.16,https://www.youtube.com/watch?v=dHiG7vziL3E,,6220,75,2026-09-08T16:42:02Z
3802,XFzsfjVlRoQ,Extended Day Field Trip to Public Access 08.03.16,https://www.youtube.com/watch?v=XFzsfjVlRoQ,,424,265,2026-09-08T16:42:02Z
3803,x6UoNVDZHHg,Volunteer Today,https://www.youtube.com/watch?v=x6UoNVDZHHg,,36,20,2026-09-08T16:42:02Z
3804,OnyhgmsL4bg,Lunenburg Middle/High School Tour 07.28.16,https://www.youtube.com/watch?v=OnyhgmsL4bg,,1800,2500,2026-09-08T16:42:02Z
3805,YcXBXMwQZTA,Lunenburg B&G Club Newscast July/ August 2016,https://www.youtube.com/watch?v=YcXBXMwQZTA,,892,162,2026-09-08T16:42:02Z
3806,B1POiLSefVs,Sewer Commission Meeting 07.26.16,https://www.youtube.com/watch?v=B1POiLSefVs,,5311,22,2026-09-08T16:42:02Z
3807,CQ-PXmoGQw8,Planning Board Meeting 07.25.16,https://www.youtube.com/watch?v=CQ-PXmoGQw8,,10098,47,2026-09-08T16:42:02Z
3808,oGHDAdNLYxM,St. Boniface Mass 07.24.16,https://www.youtube.com/watch?v=oGHDAdNLYxM,,3340,11,2026-09-08T16:42:02Z
3809,1besHLiq6UM,Conservation Commission Meeting 07.20.16,https://www.youtube.com/watch?v=1besHLiq6UM,,6960,267,2026-09-08T16:42:02Z
3810,9HlapdPC3i4,Are You Okay Program at The Eagle House,https://www.youtube.com/watch?v=9HlapdPC3i4,,280,62,2026-09-08T16:42:02Z
3811,my4cqe8eN18,Selectmen Meeting 07.19.16,https://www.youtube.com/watch?v=my4cqe8eN18,,4904,39,2026-09-08T16:42:02Z
3812,mFxQmOCcLzk,Band Concert 07.18.16,https://www.youtube.com/watch?v=mFxQmOCcLzk,,5190,23,2026-09-08T16:42:02Z
3813,WSHLi9IHPtk,St. Boniface Mass 07.17.16,https://www.youtube.com/watch?v=WSHLi9IHPtk,,3464,13,2026-09-08T16:42:02Z
3814,GNbmXcyuFWI,School Building Committee 07.13.16,https://www.youtube.com/watch?v=GNbmXcyuFWI,,2865,49,2026-09-08T16:42:02Z
3815,V-49ZZyqATw,ZBA 07.13.16,https://www.youtube.com/watch?v=V-49ZZyqATw,,6550,18,2026-09-08T16:42:02Z
3816,qsk9VgwTotI,St Boniface Mass 07.10.16,https://www.youtube.com/watch?v=qsk9VgwTotI,,3636,13,2026-09-08T16:42:02Z
3817,5XORuQxPVCg,School Committee 07.06.16,https://www.youtube.com/watch?v=5XORuQxPVCg,,1839,33,2026-09-08T16:42:02Z
3818,rUMKTNkXBoA,Stay Hydrated Today,https://www.youtube.com/watch?v=rUMKTNkXBoA,,29,19,2026-09-08T16:42:02Z
3819,seZ6u_kZSnE,Selectmen Meeting 07.05.16,https://www.youtube.com/watch?v=seZ6u_kZSnE,,2758,37,2026-09-08T16:42:02Z
3820,wp8WtcYOEh0,St. Boniface Mass 07.03.16,https://www.youtube.com/watch?v=wp8WtcYOEh0,,3283,92,2026-09-08T16:42:02Z
3821,Tt6g9GYhSh4,"Hickory Hills Boat Parade - July 2, 2016",https://www.youtube.com/watch?v=Tt6g9GYhSh4,,717,703,2026-09-08T16:42:02Z
3822,1z_DnZ0ctR4,St. Boniface Mass 06.27.16,https://www.youtube.com/watch?v=1z_DnZ0ctR4,,2992,19,2026-09-08T16:42:02Z
3823,PyOa0-ZZ2nU,Sewer Commission 06.28.16,https://www.youtube.com/watch?v=PyOa0-ZZ2nU,,4053,13,2026-09-08T16:42:02Z
3824,VutkZfqfVxE,Planning Board 06.27.16,https://www.youtube.com/watch?v=VutkZfqfVxE,,6348,32,2026-09-08T16:42:02Z
3825,KNv5Ja7m0vM,Band Concert 06.27.16,https://www.youtube.com/watch?v=KNv5Ja7m0vM,,5289,20,2026-09-08T16:42:02Z
3826,LGHHrUb-BPo,"Talkin Baseball with Guest Ron Shandler, S2 Ep4",https://www.youtube.com/watch?v=LGHHrUb-BPo,,2720,64,2026-09-08T16:42:02Z
3827,etYNpqD6kxM,St Boniface Mass 06.19.16,https://www.youtube.com/watch?v=etYNpqD6kxM,,3303,14,2026-09-08T16:42:02Z
3828,9MMrXMccais,Selectmen Meeting 06.21.16,https://www.youtube.com/watch?v=9MMrXMccais,,3620,38,2026-09-08T16:42:02Z
3829,CbRnJhxVg0w,Conservation Commission 06.15.16,https://www.youtube.com/watch?v=CbRnJhxVg0w,,12078,68,2026-09-08T16:42:02Z
3830,jpmN87kMxko,Selectmen Meeting 06.14.16,https://www.youtube.com/watch?v=jpmN87kMxko,,4908,54,2026-09-08T16:42:02Z
3831,vp2EPRdHD6Y,Planning Board 06.13.16,https://www.youtube.com/watch?v=vp2EPRdHD6Y,,6929,29,2026-09-08T16:42:02Z
3832,Fg_DpvYzHHE,School Building Committee 06.08.16,https://www.youtube.com/watch?v=Fg_DpvYzHHE,,3262,28,2026-09-08T16:42:02Z
3833,_SwU8p73DGw,ZBA 06.08.16,https://www.youtube.com/watch?v=_SwU8p73DGw,,1144,10,2026-09-08T16:42:02Z
3834,cjKXUqH13Lc,LHS BOYS LAX PLAYOFFS vs WATERTOWN 06 01 16,https://www.youtube.com/watch?v=cjKXUqH13Lc,,3275,59,2026-09-08T16:42:02Z
3835,HKjqzhi34ZM,Police Fire EMT Memorial 06.05.16,https://www.youtube.com/watch?v=HKjqzhi34ZM,,1399,55,2026-09-08T16:42:02Z
3836,EShCzg3Md4Y,THMS Spring Concert 06.01.16,https://www.youtube.com/watch?v=EShCzg3Md4Y,,4506,149,2026-09-08T16:42:02Z
3837,R1t9hfniKkc,School Committee 06.01.16,https://www.youtube.com/watch?v=R1t9hfniKkc,,4138,36,2026-09-08T16:42:02Z
3838,B5A6GYxa_Ys,LHS GIRLS LACROSSE vs OAKMONT 05 25 16,https://www.youtube.com/watch?v=B5A6GYxa_Ys,,3695,46,2026-09-08T16:42:02Z
3839,YAvhW8pADWg,LHS Graduation 2016,https://www.youtube.com/watch?v=YAvhW8pADWg,,4455,658,2026-09-08T16:42:02Z
3840,j64lH5g2D80,Opiod Crisis Presentation - Eagle House Senior Center 05.25.16,https://www.youtube.com/watch?v=j64lH5g2D80,,2488,10,2026-09-08T16:42:02Z
3841,VU2PBnmoT7Y,Lunenburg Memorial Day Ceremony 2016,https://www.youtube.com/watch?v=VU2PBnmoT7Y,,2086,220,2026-09-08T16:42:02Z
3842,irE8gsKBwcI,LHS GIRLS LAX VS OAKMONT 05 23 16,https://www.youtube.com/watch?v=irE8gsKBwcI,,3499,21,2026-09-08T16:42:02Z
3843,ma08oStrSS0,LHS BOYS LAX VS HUDSON 05 12 16,https://www.youtube.com/watch?v=ma08oStrSS0,,3694,22,2026-09-08T16:42:02Z
3844,HPmmacnyGSc,ZBA Meeting 05.25.16,https://www.youtube.com/watch?v=HPmmacnyGSc,,2778,15,2026-09-08T16:42:02Z
3845,TafbQOGbhQ4,St. Boniface Mass 05.22.16,https://www.youtube.com/watch?v=TafbQOGbhQ4,,3470,24,2026-09-08T16:42:02Z
3846,X2dqgUqvWmo,Lunenburg Historical Walk 2016,https://www.youtube.com/watch?v=X2dqgUqvWmo,,2115,334,2026-09-08T16:42:02Z
3847,tt0AFosdrCk,Planning Board 05.23.16,https://www.youtube.com/watch?v=tt0AFosdrCk,,8270,36,2026-09-08T16:42:02Z
3848,Fxf7seYmMxg,LHS BOYS LAX vs FITCHBURG 05 17 16,https://www.youtube.com/watch?v=Fxf7seYmMxg,,4081,78,2026-09-08T16:42:02Z
3849,yc81Wx89_tc,LHS GIRLS LAX vs MARLBORO 05 16 16,https://www.youtube.com/watch?v=yc81Wx89_tc,,3410,25,2026-09-08T16:42:02Z
3850,hpTwmuNX8XI,"Talkin' Baseball - Fenway  Season 2, Episode 3",https://www.youtube.com/watch?v=hpTwmuNX8XI,,1604,47,2026-09-08T16:42:02Z
3851,TzxxC08lglQ,Uptown Stroll 2016,https://www.youtube.com/watch?v=TzxxC08lglQ,,3581,323,2026-09-08T16:42:02Z
3852,h1FD4kzlxrU,LHS GIRLS LAX vs FITCHBURG 05 10 16,https://www.youtube.com/watch?v=h1FD4kzlxrU,,3112,99,2026-09-08T16:42:02Z
3853,bmipF6xuuvM,Selectmen Meeting 05.17.16,https://www.youtube.com/watch?v=bmipF6xuuvM,,4855,23,2026-09-08T16:42:02Z
3854,01JKqN8PT1U,THMS Podcast 05.23.15,https://www.youtube.com/watch?v=01JKqN8PT1U,,105,16,2026-09-08T16:42:02Z
3855,g2DIpWAlLPA,LHS GIRLS LAX vs. N. MIDDLESEX 05 14 16,https://www.youtube.com/watch?v=g2DIpWAlLPA,,3393,49,2026-09-08T16:42:02Z
3856,fNno_O-bqqY,St Boniface Mass 051516,https://www.youtube.com/watch?v=fNno_O-bqqY,,4169,21,2026-09-08T16:42:02Z
3857,9caaCmnC0vA,LHS POPS CONCERT 05.13.16,https://www.youtube.com/watch?v=9caaCmnC0vA,,6585,84,2026-09-08T16:42:02Z
3858,HkZAo76wyyU,Lunenburg Conservation Agent Discusses Wetlands Protection 051616,https://www.youtube.com/watch?v=HkZAo76wyyU,,886,38,2026-09-08T16:42:02Z
3859,ScejhnRHC4I,LHS BOYS LAX vs FITCHBURG 05 10 16,https://www.youtube.com/watch?v=ScejhnRHC4I,,3639,206,2026-09-08T16:42:02Z
3860,WWB2ynb5xwY,Girl Scout Media Project  -  April 2016,https://www.youtube.com/watch?v=WWB2ynb5xwY,,378,68,2026-09-08T16:42:02Z
3861,2rxFUREFSLc,LHS GIRLS LAX vs NORTH CENTRAL CHARTER SCHOOL  05 09 16,https://www.youtube.com/watch?v=2rxFUREFSLc,,3133,41,2026-09-08T16:42:02Z
3862,jp14J5ZFk70,Turkey Hill School Time Capsule 2016,https://www.youtube.com/watch?v=jp14J5ZFk70,,516,178,2026-09-08T16:42:02Z
3863,4qHK1zCpSGs,St. Boniface Mass 05.08.16,https://www.youtube.com/watch?v=4qHK1zCpSGs,,3050,30,2026-09-08T16:42:02Z
3864,NUtnNDx2n3o,THMS Podcast 05.16.16,https://www.youtube.com/watch?v=NUtnNDx2n3o,,89,11,2026-09-08T16:42:02Z
3865,q3JgjhomsAo,ZBA 05.11.16,https://www.youtube.com/watch?v=q3JgjhomsAo,,6995,8,2026-09-08T16:42:02Z
3866,_K89gi5cI4k,School Building Committee 05.11.16,https://www.youtube.com/watch?v=_K89gi5cI4k,,2638,12,2026-09-08T16:42:02Z
3867,aHq1XL7w2tc,Planning Board 050916,https://www.youtube.com/watch?v=aHq1XL7w2tc,,3781,11,2026-09-08T16:42:02Z
3868,N4GIzCwDgM4,Selectmen Meeting 05.10.16,https://www.youtube.com/watch?v=N4GIzCwDgM4,,4550,29,2026-09-08T16:42:02Z
3869,m92Iit4W4pk,Turkey Hill School  -  Special Olympics at Fitchburg State Univ. 04.29.16,https://www.youtube.com/watch?v=m92Iit4W4pk,,502,211,2026-09-08T16:42:02Z
3870,kkF3AXLgcBc,LHS BOYS LAX vs BROMFIELD 05 05 16,https://www.youtube.com/watch?v=kkF3AXLgcBc,,3696,146,2026-09-08T16:42:02Z
3871,8BAcG-jIovY,B&G Club News & Events Broadcast  -  May/June 2016,https://www.youtube.com/watch?v=8BAcG-jIovY,,248,70,2026-09-08T16:42:02Z
3872,jgh_3V6KiOI,THMS STUDENT GOV'T UPDATES 05.05.16,https://www.youtube.com/watch?v=jgh_3V6KiOI,,137,428,2026-09-08T16:42:02Z
3873,CA62G_xdgX0,School Committee 05.04.16,https://www.youtube.com/watch?v=CA62G_xdgX0,,4808,13,2026-09-08T16:42:02Z
3874,lPeXsvP_rUY,LHS BOYS LAX vs LITTLETON 05 03 16,https://www.youtube.com/watch?v=lPeXsvP_rUY,,3508,219,2026-09-08T16:42:02Z
3875,B3C_ts7qmfs,St Boniface Sunday Mass 05.01.16,https://www.youtube.com/watch?v=B3C_ts7qmfs,,3476,30,2026-09-08T16:42:02Z
3876,Lj-VhDQJaDM,Selectmen Meeting 05.03.16,https://www.youtube.com/watch?v=Lj-VhDQJaDM,,9608,83,2026-09-08T16:42:02Z
3877,otfGC54TiyU,LHS BOYS LAX vs MARLBORO 04 30 16,https://www.youtube.com/watch?v=otfGC54TiyU,,3437,83,2026-09-08T16:42:02Z
3878,yLRyecMzaW0,LHS GIRLS LAX vs TYNGSBORO 04 28 16,https://www.youtube.com/watch?v=yLRyecMzaW0,,3811,39,2026-09-08T16:42:02Z
3879,aiifJYpitvU,LHS BOYS LAX vs TYNGSBORO 04 28 16,https://www.youtube.com/watch?v=aiifJYpitvU,,3658,429,2026-09-08T16:42:02Z
3880,RFtlT-twCkc,LHS GIRLS LAX vs NASHOBA VALLEY TECH 04 26 16,https://www.youtube.com/watch?v=RFtlT-twCkc,,2712,54,2026-09-08T16:42:02Z
3881,JvsiU90EfRQ,THMS Podcast 05.02.16,https://www.youtube.com/watch?v=JvsiU90EfRQ,,88,10,2026-09-08T16:42:02Z
3882,A2i3Pc2z5B8,Sewer Commission 04.26.16,https://www.youtube.com/watch?v=A2i3Pc2z5B8,,10288,20,2026-09-08T16:42:02Z
3883,ms-Y1B8Ov_E,Planning Board 04.25.16,https://www.youtube.com/watch?v=ms-Y1B8Ov_E,,9850,32,2026-09-08T16:42:02Z
3884,N8acL_hWwn4,"Talkin' Baseball - Red Sox Managers   Season 2, Episode 2",https://www.youtube.com/watch?v=N8acL_hWwn4,,3376,76,2026-09-08T16:42:02Z
3885,KOnjWTVa4T0,LHS GIRLS LAX vs NASHOBA VALLEY 04 20 16,https://www.youtube.com/watch?v=KOnjWTVa4T0,,3032,13,2026-09-08T16:42:02Z
3886,ViDq5-zXkw0,Selectmen Meeting 04.19.16,https://www.youtube.com/watch?v=ViDq5-zXkw0,,9762,37,2026-09-08T16:42:02Z
3887,EcjFrwdGkSs,LHS GIRLS LAX vs HUDSON 04 14 16,https://www.youtube.com/watch?v=EcjFrwdGkSs,,3423,61,2026-09-08T16:42:02Z
3888,Q6TYSj8hi_s,Lunenburg360 with Tom Alonzo,https://www.youtube.com/watch?v=Q6TYSj8hi_s,,1963,50,2026-09-08T16:42:02Z
3889,QUYmxQTs8-s,LHS GIRLS LAX 04 13 16,https://www.youtube.com/watch?v=QUYmxQTs8-s,,3192,20,2026-09-08T16:42:02Z
3890,RDWhhvw5NPA,School Building Committee 04.13.16,https://www.youtube.com/watch?v=RDWhhvw5NPA,,1101,21,2026-09-08T16:42:02Z
3891,yL8s2Fl-Kno,LHS BOYS LAX 04 12 16,https://www.youtube.com/watch?v=yL8s2Fl-Kno,,3509,30,2026-09-08T16:42:02Z
3892,qiX11MYfaww,ZBA Meeting 04.13.16,https://www.youtube.com/watch?v=qiX11MYfaww,,1662,11,2026-09-08T16:42:02Z
3893,Dq2p5EpVLcQ,Selectmen Meeting 04.12.16,https://www.youtube.com/watch?v=Dq2p5EpVLcQ,,4563,35,2026-09-08T16:42:02Z
3894,39XT4mf5GJY,Planning Board 04.11.16,https://www.youtube.com/watch?v=39XT4mf5GJY,,7501,22,2026-09-08T16:42:02Z
3895,SPJmQgWcEcU,THMS STUDENT GOVT UPDATE  04.11.16,https://www.youtube.com/watch?v=SPJmQgWcEcU,,232,352,2026-09-08T16:42:02Z
3896,vQmDUZHyIFM,Lunenburg Pipeline Meeting 04.05.16  -  Provided courtesy of the Pepperell Channel,https://www.youtube.com/watch?v=vQmDUZHyIFM,,8004,45,2026-09-08T16:42:02Z
3897,sh2JMKofkRo,School Committee 04.06.16,https://www.youtube.com/watch?v=sh2JMKofkRo,,6504,22,2026-09-08T16:42:02Z
3898,4oCsGhY1qak,THMS Podcast 04.11.16,https://www.youtube.com/watch?v=4oCsGhY1qak,,102,7,2026-09-08T16:42:02Z
3899,CEssWALaZ30,Selectmen Meeting 04.05.16,https://www.youtube.com/watch?v=CEssWALaZ30,,1330,21,2026-09-08T16:42:02Z
3900,0WvNe1f9tBM,LHS GIRLS LAX 04 01 16,https://www.youtube.com/watch?v=0WvNe1f9tBM,,1623,55,2026-09-08T16:42:02Z
3901,ldIw6gUyeCI,THMS Podcast 04.04.16,https://www.youtube.com/watch?v=ldIw6gUyeCI,,94,8,2026-09-08T16:42:02Z
3902,p2XdUcCIN7U,Finance Committee 03.31.16,https://www.youtube.com/watch?v=p2XdUcCIN7U,,3732,7,2026-09-08T16:42:02Z
3903,og9HYDky9Vs,Theres Always Something To Do at the Senior Center,https://www.youtube.com/watch?v=og9HYDky9Vs,,233,76,2026-09-08T16:42:02Z
3904,tK67wrcw7Tc,Sewer Commission Meeting 03.29.16,https://www.youtube.com/watch?v=tK67wrcw7Tc,,4660,19,2026-09-08T16:42:02Z
3905,wDUYPN5lwIg,Planning Board Meeting 03.28.16,https://www.youtube.com/watch?v=wDUYPN5lwIg,,10950,19,2026-09-08T16:42:02Z
3906,JsOo330dYyA,"Fitnessw Wayne - Season 2, Episode 1",https://www.youtube.com/watch?v=JsOo330dYyA,,1493,43,2026-09-08T16:42:02Z
3907,O5VFVyiIjgY,Finance Committee 03.24.16,https://www.youtube.com/watch?v=O5VFVyiIjgY,,6876,14,2026-09-08T16:42:02Z
3908,8P6UIIeFT7c,School Building Committee 03.23.16,https://www.youtube.com/watch?v=8P6UIIeFT7c,,5958,28,2026-09-08T16:42:02Z
3909,p670gNfJg2Q,ZBA 03.23.16,https://www.youtube.com/watch?v=p670gNfJg2Q,,1466,12,2026-09-08T16:42:02Z
3910,-gErwfRPqlo,THMS Podcast 03.28.16,https://www.youtube.com/watch?v=-gErwfRPqlo,,104,8,2026-09-08T16:42:02Z
3911,CFHaaGaxOM4,Selectmen Meeting 03.22.16,https://www.youtube.com/watch?v=CFHaaGaxOM4,,11692,73,2026-09-08T16:42:02Z
3912,ulW8Mamhyxs,Finance Committee 03.17.16,https://www.youtube.com/watch?v=ulW8Mamhyxs,,8046,17,2026-09-08T16:42:02Z
3913,qUvg8BKm6ig,St Boniface Palm Sunday Mass 03.20.16,https://www.youtube.com/watch?v=qUvg8BKm6ig,,4487,155,2026-09-08T16:42:02Z
3914,uMmk8JaRMyo,LHS Hypnotist 2016,https://www.youtube.com/watch?v=uMmk8JaRMyo,,4049,2400,2026-09-08T16:42:02Z
3915,qvbL9uhs2Yg,THMS Podcast 03.21.16,https://www.youtube.com/watch?v=qvbL9uhs2Yg,,81,5,2026-09-08T16:42:02Z
3916,vKFlrWseC_A,selectmen03152016,https://www.youtube.com/watch?v=vKFlrWseC_A,,5315,26,2026-09-08T16:42:02Z
3917,oATUgRqMhOo,Mr LHS 2016,https://www.youtube.com/watch?v=oATUgRqMhOo,,4352,527,2026-09-08T16:42:02Z
3918,vappMSA2xbA,THMS Projects - Faberge Eggs and Flowers  March 2016,https://www.youtube.com/watch?v=vappMSA2xbA,,963,82,2026-09-08T16:42:02Z
3919,BUoFaH3NhwY,Are You Smarter Than a Sixth Grader - Boys and Girls Club 3.11.16,https://www.youtube.com/watch?v=BUoFaH3NhwY,,6292,154,2026-09-08T16:42:02Z
3920,gmbkzK59nos,planning03142016,https://www.youtube.com/watch?v=gmbkzK59nos,,9515,27,2026-09-08T16:42:02Z
3921,f0amDiQCyoA,THMSPodcast031416,https://www.youtube.com/watch?v=f0amDiQCyoA,,81,12,2026-09-08T16:42:02Z
3922,V_by9zRb4pU,Finance Committee 03.10.16,https://www.youtube.com/watch?v=V_by9zRb4pU,,6606,17,2026-09-08T16:42:02Z
3923,vtYijBBzp2E,"Talkin' Baseball  - Season 2, Episode1   2016 Season Review",https://www.youtube.com/watch?v=vtYijBBzp2E,,3223,40,2026-09-08T16:42:02Z
3924,Y64C6j34UCk,Selectmen 03.08.16,https://www.youtube.com/watch?v=Y64C6j34UCk,,6316,42,2026-09-08T16:42:02Z
3925,glMTnG-sdKY,Finance Committee  03.03.16,https://www.youtube.com/watch?v=glMTnG-sdKY,,6618,16,2026-09-08T16:42:02Z
3926,fEIzGwK8yqk,SchoolComm030216,https://www.youtube.com/watch?v=fEIzGwK8yqk,,7088,19,2026-09-08T16:42:02Z
3927,4SbmpbG0VYk,selectmen030116,https://www.youtube.com/watch?v=4SbmpbG0VYk,,2539,15,2026-09-08T16:42:02Z
3928,DQexP8izZQc,THMS Podcast 03.07.16,https://www.youtube.com/watch?v=DQexP8izZQc,,86,12,2026-09-08T16:42:02Z
3929,l9rqAoag5MM,LHS GIRLS BBALL vs FITCHBURG 02 24 16,https://www.youtube.com/watch?v=l9rqAoag5MM,,4488,73,2026-09-08T16:42:02Z
3930,RyDdMEa-xBI,Sewer Commission 02.23.16,https://www.youtube.com/watch?v=RyDdMEa-xBI,,7550,25,2026-09-08T16:42:02Z
3931,9AlkD_ffurE,Finance Committee 02.25.16,https://www.youtube.com/watch?v=9AlkD_ffurE,,4588,15,2026-09-08T16:42:02Z
3932,1fRs5DsxdEI,Watch Our YouTube Channel,https://www.youtube.com/watch?v=1fRs5DsxdEI,,9,10,2026-09-08T16:42:02Z
3933,AS6qB9i4mYE,Red Dress Luncheon - Eagle House 02.23.16,https://www.youtube.com/watch?v=AS6qB9i4mYE,,2349,19,2026-09-08T16:42:02Z
3934,qEJ6TelQwic,LHS GIRLS BBALL vs W. BOYLSTON 02 22 16,https://www.youtube.com/watch?v=qEJ6TelQwic,,3630,18,2026-09-08T16:42:02Z
3935,NGsH-ogSj9k,Ice Safety Presentation - Eagle House Senior Center - January 2016,https://www.youtube.com/watch?v=NGsH-ogSj9k,,3180,31,2026-09-08T16:42:02Z
3936,_-2grxm5oyg,THMS Podcast 02.29.16,https://www.youtube.com/watch?v=_-2grxm5oyg,,79,6,2026-09-08T16:42:02Z
3937,UgNSdIn3C6k,Planning Board 02.22.16,https://www.youtube.com/watch?v=UgNSdIn3C6k,,13605,28,2026-09-08T16:42:02Z
3938,jOr8dZGtfB0,LHS HOCKEY vs LITTLETON 02. 19. 16,https://www.youtube.com/watch?v=jOr8dZGtfB0,,3898,63,2026-09-08T16:42:02Z
3939,303ZekkWayk,Finance Committee Meeting 02.18.16,https://www.youtube.com/watch?v=303ZekkWayk,,6442,39,2026-09-08T16:42:02Z
3940,p1ve59TBDyk,LHS GIRLS BBALL 02 17 16,https://www.youtube.com/watch?v=p1ve59TBDyk,,3120,67,2026-09-08T16:42:02Z
3941,mdsVm39fCQE,Selectmen Meeting 02.16.16,https://www.youtube.com/watch?v=mdsVm39fCQE,,1967,28,2026-09-08T16:42:02Z
3942,f7qm7QItJdA,LHS BOYS BBALL 02 15 16,https://www.youtube.com/watch?v=f7qm7QItJdA,,3720,114,2026-09-08T16:42:02Z
3943,Pf54I2FwQpU,LHS HOCKEY 02 13 16,https://www.youtube.com/watch?v=Pf54I2FwQpU,,3487,16,2026-09-08T16:42:02Z
3944,VFmXDqbsesw,Finance Committee 02.11.16,https://www.youtube.com/watch?v=VFmXDqbsesw,,6639,12,2026-09-08T16:42:02Z
3945,EYvswLXnQcY,LHS BOYS BBALL 02 09 16,https://www.youtube.com/watch?v=EYvswLXnQcY,,3541,62,2026-09-08T16:42:02Z
3946,nOKcWw-JiIw,LHS HOCKEY 02 10 16,https://www.youtube.com/watch?v=nOKcWw-JiIw,,3564,18,2026-09-08T16:42:02Z
3947,tShyNMcy2UE,THMS Podcast 02.15.16,https://www.youtube.com/watch?v=tShyNMcy2UE,,115,7,2026-09-08T16:42:02Z
3948,_XXd7eUsUes,School Building Committee 02.10.16,https://www.youtube.com/watch?v=_XXd7eUsUes,,9822,30,2026-09-08T16:42:02Z
3949,_nTRPTPXN0I,Selectmen Meeting 02.09.16,https://www.youtube.com/watch?v=_nTRPTPXN0I,,1550,19,2026-09-08T16:42:02Z
3950,itQ7bqAMSww,THMS Podcast 02.08.16,https://www.youtube.com/watch?v=itQ7bqAMSww,,94,10,2026-09-08T16:42:02Z
3951,AvCOvRdp1GA,LHS BOYS BBALL vs TYNGSBORO  02 06 16,https://www.youtube.com/watch?v=AvCOvRdp1GA,,2853,82,2026-09-08T16:42:02Z
3952,MvEfslsRzUw,LHS HOCKEY  vs  LITTLETON 02.03.16,https://www.youtube.com/watch?v=MvEfslsRzUw,,4199,24,2026-09-08T16:42:02Z
3953,DCyZCPrC7Jw,fincom02042016,https://www.youtube.com/watch?v=DCyZCPrC7Jw,,5389,24,2026-09-08T16:42:02Z
3954,YQCIx6Z_q-g,School Committee 02.03.16,https://www.youtube.com/watch?v=YQCIx6Z_q-g,,7439,39,2026-09-08T16:42:02Z
3955,ZzCtJPfKoZE,LHS GIRLS BBALL 02 02 16,https://www.youtube.com/watch?v=ZzCtJPfKoZE,,3438,24,2026-09-08T16:42:02Z
3956,tETVoGvEWek,Selectmen Meeting 02.02.16,https://www.youtube.com/watch?v=tETVoGvEWek,,8093,69,2026-09-08T16:42:02Z
3957,tuFEqEv9Dmg,LHS GIRLS BBALL vs CLINTON 01 28 16,https://www.youtube.com/watch?v=tuFEqEv9Dmg,,3738,27,2026-09-08T16:42:02Z
3958,VU-waUQjNtM,LHS BOYS BBALL 01 26 16,https://www.youtube.com/watch?v=VU-waUQjNtM,,3197,44,2026-09-08T16:42:02Z
3959,ONLoyi6CxU4,Finance Committee 01.28.16,https://www.youtube.com/watch?v=ONLoyi6CxU4,,4133,16,2026-09-08T16:42:02Z
3960,DA-5KtKvJxU,LHS HOCKEY 01 23 16,https://www.youtube.com/watch?v=DA-5KtKvJxU,,3623,21,2026-09-08T16:42:02Z
3961,oeQeiVWo1HU,ZBA 01.27.16,https://www.youtube.com/watch?v=oeQeiVWo1HU,,3895,10,2026-09-08T16:42:02Z
3962,H-eS9G6-hmI,sewer01262016,https://www.youtube.com/watch?v=H-eS9G6-hmI,,6826,17,2026-09-08T16:42:02Z
3963,yTFFnIo9TIw,Lunenburg Saftey Center - Fire and EMS,https://www.youtube.com/watch?v=yTFFnIo9TIw,,1619,452,2026-09-08T16:42:02Z
3964,Ck-9Go84Y8Q,Planning Board 01.25.16,https://www.youtube.com/watch?v=Ck-9Go84Y8Q,,9007,24,2026-09-08T16:42:02Z
3965,NFULOR-JWBI,LHS BOYS BBALL 01 19 16,https://www.youtube.com/watch?v=NFULOR-JWBI,,3367,56,2026-09-08T16:42:02Z
3966,lIw21ttizk4,LHS HOCKEY vs FITCHBURG 01. 18. 16,https://www.youtube.com/watch?v=lIw21ttizk4,,3787,90,2026-09-08T16:42:02Z
3967,YSShNfHEX0I,SchoolBuildingComm011316,https://www.youtube.com/watch?v=YSShNfHEX0I,,8343,35,2026-09-08T16:42:02Z
3968,bvHsQRo8Ci8,selectmen01192016,https://www.youtube.com/watch?v=bvHsQRo8Ci8,,7804,40,2026-09-08T16:42:02Z
3969,Gbhn49FJIdY,THMS Podcast 01.25.16,https://www.youtube.com/watch?v=Gbhn49FJIdY,,98,8,2026-09-08T16:42:02Z
3970,DrCb8JQ4TqI,LHS HOCKEY 01 16 16,https://www.youtube.com/watch?v=DrCb8JQ4TqI,,3616,31,2026-09-08T16:42:02Z
3971,BvrzvqISKw0,LHS GIRLS BBALL vs OAKMONT 01 15 16,https://www.youtube.com/watch?v=BvrzvqISKw0,,162,34,2026-09-08T16:42:02Z
3972,5-EIRSY38KQ,LHS HOCKEY VS Gardner 01 13 16,https://www.youtube.com/watch?v=5-EIRSY38KQ,,641,90,2026-09-08T16:42:02Z
3973,BdbAJUvqKVc,LHS GIRLS BBALL vs TYNGSBORO 01. 12. 16,https://www.youtube.com/watch?v=BdbAJUvqKVc,,3254,64,2026-09-08T16:42:02Z
3974,Za_LKBMRMT4,THMS Podcast 01.18.16,https://www.youtube.com/watch?v=Za_LKBMRMT4,,109,12,2026-09-08T16:42:02Z
3975,dOHHVE4uzz4,Storm Water Management 01.13.15,https://www.youtube.com/watch?v=dOHHVE4uzz4,,8394,32,2026-09-08T16:42:02Z
3976,lBxAzdtaAAo,Finance Committee 01.14.16,https://www.youtube.com/watch?v=lBxAzdtaAAo,,5052,10,2026-09-08T16:42:02Z
3977,FwJY2tKD3P0,Selectmen Meeting 01.12.16,https://www.youtube.com/watch?v=FwJY2tKD3P0,,1456,37,2026-09-08T16:42:02Z
3978,gMwA7MkZ8_A,Planning Board 01.11.16,https://www.youtube.com/watch?v=gMwA7MkZ8_A,,8845,31,2026-09-08T16:42:02Z
3979,aSVDdFm0UHE,Monoosnoc Brook Renewal  -  Provided Courtesy of Leominster TV,https://www.youtube.com/watch?v=aSVDdFm0UHE,,1326,153,2026-09-08T16:42:02Z
3980,DMfpvIozqTc,New School Tour December 2015 - Rev 1,https://www.youtube.com/watch?v=DMfpvIozqTc,,689,38,2026-09-08T16:42:02Z
3981,aGQuuKQyWQA,LHS BOYS BBALL vs LITTLETON 01.08.16,https://www.youtube.com/watch?v=aGQuuKQyWQA,,3043,41,2026-09-08T16:42:02Z
3982,vRAC0nEhTjg,School Committee 01.06.16,https://www.youtube.com/watch?v=vRAC0nEhTjg,,4851,25,2026-09-08T16:42:02Z
3983,CL6Zmi--dIA,LHS Boys BBALL vs CLINTON 01.05.16,https://www.youtube.com/watch?v=CL6Zmi--dIA,,3101,29,2026-09-08T16:42:02Z
3984,F0wSF6TPonw,LHS BOYS BBALL vs Hudson HS 12.30.15,https://www.youtube.com/watch?v=F0wSF6TPonw,,3098,62,2026-09-08T16:42:02Z
3985,TurTH9hYAZA,Selectmen Meeting 01.05.16,https://www.youtube.com/watch?v=TurTH9hYAZA,,3018,34,2026-09-08T16:42:02Z
3986,uIw5Y5AV6Tc,LHS HOCKEY 01.02.16,https://www.youtube.com/watch?v=uIw5Y5AV6Tc,,3318,35,2026-09-08T16:42:02Z
3987,8ZNSeCnd-sw,THMS Podcast 01.11.16,https://www.youtube.com/watch?v=8ZNSeCnd-sw,,98,8,2026-09-08T16:42:02Z
3988,lGWsO2OfTC4,LHS GIRLS BBALL vs BROMFIELD 12 18 15,https://www.youtube.com/watch?v=lGWsO2OfTC4,,3933,79,2026-09-08T16:42:02Z
3989,g0yi0TYGtjQ,LHS GIRLS BBALL vs GARDNER 12 28 15,https://www.youtube.com/watch?v=g0yi0TYGtjQ,,3588,15,2026-09-08T16:42:02Z
3990,0yBAF6lKY48,THMS Podcast 01.04.15,https://www.youtube.com/watch?v=0yBAF6lKY48,,98,12,2026-09-08T16:42:02Z
3991,Zsy4jo8dDnc,selectmen12152015,https://www.youtube.com/watch?v=Zsy4jo8dDnc,,4438,58,2026-09-08T16:42:02Z
3992,1pnjuU21tvU,LHS Boys Basketball vs Innovation Academy 12.10.15,https://www.youtube.com/watch?v=1pnjuU21tvU,,3344,715,2026-09-08T16:42:02Z
3993,Ek2DFYq6EKE,LHS Instrumental Concert 12.10.15,https://www.youtube.com/watch?v=Ek2DFYq6EKE,,3057,58,2026-09-08T16:42:02Z
3994,pXQZuESeABk,Planning Board 12.14.15,https://www.youtube.com/watch?v=pXQZuESeABk,,3419,34,2026-09-08T16:42:02Z
3995,4amuC0YcKao,LHS Girls Basketball vs Innovation Academy 12.10.15,https://www.youtube.com/watch?v=4amuC0YcKao,,3017,150,2026-09-08T16:42:02Z
3996,ta8mA7ZUisg,New School Tour Dec 2015,https://www.youtube.com/watch?v=ta8mA7ZUisg,,696,395,2026-09-08T16:42:02Z
3997,4thAAucc0Ao,LHS VOCAL CONCERT 12 08 15,https://www.youtube.com/watch?v=4thAAucc0Ao,,3608,37,2026-09-08T16:42:02Z
3998,pLglZTI-0Oo,THMS Podcast 12.14.15,https://www.youtube.com/watch?v=pLglZTI-0Oo,,92,10,2026-09-08T16:42:02Z
3999,h21K3ZzZ1GQ,ZBA 12.09.15,https://www.youtube.com/watch?v=h21K3ZzZ1GQ,,4574,9,2026-09-08T16:42:02Z
4000,mR13RjEurjw,Selectmen Meeting 12.08.15,https://www.youtube.com/watch?v=mR13RjEurjw,,5902,26,2026-09-08T16:42:02Z
4001,3f4_33SDs18,Fnance Committe Meeting 12.03.15,https://www.youtube.com/watch?v=3f4_33SDs18,,5226,10,2026-09-08T16:42:02Z
4002,7s0NPVuk5Ns,School Committee 12.02.15,https://www.youtube.com/watch?v=7s0NPVuk5Ns,,6387,36,2026-09-08T16:42:02Z
4003,lvGupxmEWCM,Selectmen Meeting 12.01.15,https://www.youtube.com/watch?v=lvGupxmEWCM,,3037,19,2026-09-08T16:42:02Z
4004,1P0cJRt9TRU,"Lunenburg Tree Lighting Ceremony  -  November 30, 2015",https://www.youtube.com/watch?v=1P0cJRt9TRU,,1624,76,2026-09-08T16:42:02Z
4005,EdMEWUAC2V4,LHS FOOTBALL vs QUABIN 11 25 15,https://www.youtube.com/watch?v=EdMEWUAC2V4,,4765,33,2026-09-08T16:42:02Z
4006,XRa-Jk2PD2g,THMS Podcast 11.30.15,https://www.youtube.com/watch?v=XRa-Jk2PD2g,,100,7,2026-09-08T16:42:02Z
4007,Ze4fcNdOD7s,Planning Board 11.23.15,https://www.youtube.com/watch?v=Ze4fcNdOD7s,,6507,13,2026-09-08T16:42:02Z
4008,7mMsIL0TT3E,LUNENBURG SPECIAL TOWN MEETING 11.16.15    FULL,https://www.youtube.com/watch?v=7mMsIL0TT3E,,8620,69,2026-09-08T16:42:02Z
4009,A4T9avLsjYU,Producers Wanted  PSA,https://www.youtube.com/watch?v=A4T9avLsjYU,,79,41,2026-09-08T16:42:02Z
4010,srE9kR1CSTs,THMSPodcast112315,https://www.youtube.com/watch?v=srE9kR1CSTs,,114,9,2026-09-08T16:42:02Z
4011,kSqDOGBmqnk,Volunteer Creative #3 - Experimenting with the Green screen,https://www.youtube.com/watch?v=kSqDOGBmqnk,,34,45,2026-09-08T16:42:02Z
4012,cwYvPPZw_qk,selectmen11172015,https://www.youtube.com/watch?v=cwYvPPZw_qk,,4315,29,2026-09-08T16:42:02Z
4013,jE7wqiSdkXY,Finance Committee 11.12.15,https://www.youtube.com/watch?v=jE7wqiSdkXY,,3605,10,2026-09-08T16:42:02Z
4014,y-uPy1YyUpc,THMS Podcast 11.16.15,https://www.youtube.com/watch?v=y-uPy1YyUpc,,108,14,2026-09-08T16:42:02Z
4015,WvxG5A1H1YI,Volunteer Creative #2  -  TCP Occurrences,https://www.youtube.com/watch?v=WvxG5A1H1YI,,39,35,2026-09-08T16:42:02Z
4016,R6ssLbyRc7Y,LHS FIELD HOCKEY VS. N. BROOKFIELD  11 06 15,https://www.youtube.com/watch?v=R6ssLbyRc7Y,,3686,104,2026-09-08T16:42:02Z
4017,SS-HdozhJIc,See how much fun you can have volunteering for Lunenburg Public Access,https://www.youtube.com/watch?v=SS-HdozhJIc,,14,203,2026-09-08T16:42:02Z
4018,1-4x_0cy03E,Planning Board 11.09.15,https://www.youtube.com/watch?v=1-4x_0cy03E,,7314,13,2026-09-08T16:42:02Z
4019,ujtuGM3a_gI,LHS FOOTBALL vs MONTACHUSETT 11 06 15,https://www.youtube.com/watch?v=ujtuGM3a_gI,,4480,42,2026-09-08T16:42:02Z
4020,UhJQkeZC29I,THMS Podcast 11.09.15,https://www.youtube.com/watch?v=UhJQkeZC29I,,106,8,2026-09-08T16:42:02Z
4021,fhVJwHYVgHI,LHS FOOTBALL102415,https://www.youtube.com/watch?v=fhVJwHYVgHI,,5381,18,2026-09-08T16:42:02Z
4022,l9XFXqqAJ9E,LHS Homecoming 2015,https://www.youtube.com/watch?v=l9XFXqqAJ9E,,1024,52,2026-09-08T16:42:02Z
4023,EagIPwzBGxw,School Committee 11.04.15,https://www.youtube.com/watch?v=EagIPwzBGxw,,2379,31,2026-09-08T16:42:02Z
4024,cTkc4roSbjk,Selectmen Meeting 11.03.15,https://www.youtube.com/watch?v=cTkc4roSbjk,,5816,68,2026-09-08T16:42:02Z
4025,5Z8Ke7Conco,LHS FIELD HOCKEY vs HUDSON 10.26.15,https://www.youtube.com/watch?v=5Z8Ke7Conco,,3738,39,2026-09-08T16:42:02Z
4026,Ei4sfEmZfF8,LHS FOOTBALL vs LITTLETON 10.30.15,https://www.youtube.com/watch?v=Ei4sfEmZfF8,,4127,140,2026-09-08T16:42:02Z
4027,rmPIWhFNGFg,LHS BOYS SOCCER vs. OAKMONT 10.28.15,https://www.youtube.com/watch?v=rmPIWhFNGFg,,4842,199,2026-09-08T16:42:02Z
4028,Ys1dBtRt9F8,THMS Podcast 11.02.15,https://www.youtube.com/watch?v=Ys1dBtRt9F8,,93,9,2026-09-08T16:42:02Z
4029,dagI7HJ6YGE,Zoning Board of Appeals 10.28.15,https://www.youtube.com/watch?v=dagI7HJ6YGE,,7543,22,2026-09-08T16:42:02Z
4030,6MuuKvu_aM0,Sewer Commission 10.27.15,https://www.youtube.com/watch?v=6MuuKvu_aM0,,10026,15,2026-09-08T16:42:02Z
4031,fxDyNb-1RoE,LHS BOYS SOCCER vs Tahanto 10.23.15,https://www.youtube.com/watch?v=fxDyNb-1RoE,,4852,79,2026-09-08T16:42:02Z
4032,ntsXeefvqvQ,"Planning Board 10,26,15",https://www.youtube.com/watch?v=ntsXeefvqvQ,,6048,18,2026-09-08T16:42:02Z
4033,KGHWVPJTZr8,LHS BOYS SOCCER vs BROMFIELD 10 21 15,https://www.youtube.com/watch?v=KGHWVPJTZr8,,4760,389,2026-09-08T16:42:02Z
4034,mlBQhnMxrac,Boston Post Cane Ceremony  10.19.15,https://www.youtube.com/watch?v=mlBQhnMxrac,,919,43,2026-09-08T16:42:02Z
4035,n4fIuM3WPRc,LHS FIELD HOCKEY vs MURDOCK 10.19.15,https://www.youtube.com/watch?v=n4fIuM3WPRc,,3545,57,2026-09-08T16:42:02Z
4036,iCk5hDfLYVk,THMS Podcast 10.26.15,https://www.youtube.com/watch?v=iCk5hDfLYVk,,121,15,2026-09-08T16:42:02Z
4037,A9GFpEu5R8I,LHS FIELD HOCKEY VS ST BERNARDS 10.17.15,https://www.youtube.com/watch?v=A9GFpEu5R8I,,3694,113,2026-09-08T16:42:02Z
4038,lnhRv2sFDF4,Selectmen Meeting 10.20.15,https://www.youtube.com/watch?v=lnhRv2sFDF4,,6945,47,2026-09-08T16:42:02Z
4039,ptROzQ3LqJc,LHS BOYS SOCCER vs QUABBIN REGNL 10.17.15,https://www.youtube.com/watch?v=ptROzQ3LqJc,,5084,219,2026-09-08T16:42:02Z
4040,gQgzNp0TBA4,LHS GIRLS SOCCER vs LITTLETON 10 14 15,https://www.youtube.com/watch?v=gQgzNp0TBA4,,4837,71,2026-09-08T16:42:02Z
4041,QLTMBCLwlfU,LHS FIELD HOCKEY 10 14 15,https://www.youtube.com/watch?v=QLTMBCLwlfU,,3643,35,2026-09-08T16:42:02Z
4042,rwnSGCERCng,LHS GIRLS SOCCER 10.07.15,https://www.youtube.com/watch?v=rwnSGCERCng,,5264,34,2026-09-08T16:42:02Z
4043,g9OLb3H4WjQ,THMS Podcast 10.19.15,https://www.youtube.com/watch?v=g9OLb3H4WjQ,,108,13,2026-09-08T16:42:02Z
4044,bnjUDBuLwVk,Zoning10142015 A,https://www.youtube.com/watch?v=bnjUDBuLwVk,,5433,13,2026-09-08T16:42:02Z
4045,O85CPwYLOJ0,Selectmen Meeting 10.13.15,https://www.youtube.com/watch?v=O85CPwYLOJ0,,8059,66,2026-09-08T16:42:02Z
4046,m5mfBm78A6Y,THMS Podcast 10.12.15,https://www.youtube.com/watch?v=m5mfBm78A6Y,,100,18,2026-09-08T16:42:02Z
4047,NDMkEeJwaTo,School Comm 10.07.15,https://www.youtube.com/watch?v=NDMkEeJwaTo,,6890,24,2026-09-08T16:42:02Z
4048,d7qqDBNCfkg,Selectmen Meeting 10.06.15,https://www.youtube.com/watch?v=d7qqDBNCfkg,,7386,42,2026-09-08T16:42:02Z
4049,GBPHR9bVTiU,LHS BOYS SOCCER vs TYNGSBORO   10 05 15,https://www.youtube.com/watch?v=GBPHR9bVTiU,,4738,159,2026-09-08T16:42:02Z
4050,rcuvkPf68QI,LHS FIELD HOCKEY vs BROMFIELD 09 30 15,https://www.youtube.com/watch?v=rcuvkPf68QI,,3693,225,2026-09-08T16:42:02Z
4051,xUD4ZLWEdpI,OpenMeetingLaw093015,https://www.youtube.com/watch?v=xUD4ZLWEdpI,,5568,24,2026-09-08T16:42:02Z
4052,8yJxnmZacx0,Talkin' Baseball Episode 9,https://www.youtube.com/watch?v=8yJxnmZacx0,,3570,39,2026-09-08T16:42:02Z
4053,BiPm4_q3l9U,LHS GIRLS SOCCER 09 28 15,https://www.youtube.com/watch?v=BiPm4_q3l9U,,4563,18,2026-09-08T16:42:02Z
4054,uAMAT0ndyUo,THMSPodcast 10.05.15,https://www.youtube.com/watch?v=uAMAT0ndyUo,,99,6,2026-09-08T16:42:02Z
4055,ZdONmfH8nfM,Sewer Commission 09.29.15,https://www.youtube.com/watch?v=ZdONmfH8nfM,,6039,24,2026-09-08T16:42:02Z
4056,yCSLrBtl3zE,LHS FOOTBALL vs. W.Boylston 09 25 15,https://www.youtube.com/watch?v=yCSLrBtl3zE,,4084,190,2026-09-08T16:42:02Z
4057,UxW6EPf2h3w,Come to the Eagle House,https://www.youtube.com/watch?v=UxW6EPf2h3w,,844,195,2026-09-08T16:42:02Z
4058,LA9QuPv96uQ,Planning Board 09.28.15,https://www.youtube.com/watch?v=LA9QuPv96uQ,,12698,53,2026-09-08T16:42:02Z
4059,eARrB29fIVk,LHS FIELD HOCKEY 09 24 15,https://www.youtube.com/watch?v=eARrB29fIVk,,3758,60,2026-09-08T16:42:02Z
4060,rgOa807lNRk,LHS BOYS SOCCER vs Ayer/Shirley 09 23 15,https://www.youtube.com/watch?v=rgOa807lNRk,,4885,282,2026-09-08T16:42:02Z
4061,qvawIs8aXsQ,Stillman Fair 09.12.15,https://www.youtube.com/watch?v=qvawIs8aXsQ,,1194,298,2026-09-08T16:42:02Z
4062,tsq6SjEaaCA,THMSPodcast092815,https://www.youtube.com/watch?v=tsq6SjEaaCA,,93,16,2026-09-08T16:42:02Z
4063,93mLRdjlf7g,LHS GIRLS SOCCER 09 18 15,https://www.youtube.com/watch?v=93mLRdjlf7g,,4725,20,2026-09-08T16:42:02Z
4064,R4uCQ-O25fE,LHS GIRLS FIELD HOCKEY 09 21 15,https://www.youtube.com/watch?v=R4uCQ-O25fE,,3631,80,2026-09-08T16:42:02Z
4065,a7Kkrfo2QSI,Selectmen Meeting 09.22.15,https://www.youtube.com/watch?v=a7Kkrfo2QSI,,5256,44,2026-09-08T16:42:02Z
4066,XhfH57AfJOI,LHS BOYS SOCCER 09 16 15,https://www.youtube.com/watch?v=XhfH57AfJOI,,4785,53,2026-09-08T16:42:02Z
4067,NCQflk7rk8Q,LHS FIELD HOCKEY 09 16 15,https://www.youtube.com/watch?v=NCQflk7rk8Q,,3619,57,2026-09-08T16:42:02Z
4068,pGI78eQ_jOA,LHS GIRLS SOCCER 09 08 15 2,https://www.youtube.com/watch?v=pGI78eQ_jOA,,4462,23,2026-09-08T16:42:02Z
4069,Kp14CzbNkxQ,LHS BOYS SOCCER 09 14 15,https://www.youtube.com/watch?v=Kp14CzbNkxQ,,4659,55,2026-09-08T16:42:02Z
4070,4MKogSuFDQE,LHS BOYS SOCCER 09 12 15,https://www.youtube.com/watch?v=4MKogSuFDQE,,4787,30,2026-09-08T16:42:02Z
4071,-E51r18aleE,LHS GIRLS SOCCER 09 12 15,https://www.youtube.com/watch?v=-E51r18aleE,,4861,22,2026-09-08T16:42:02Z
4072,dWN_s-13snY,Selectmen Meeting 09.15.15,https://www.youtube.com/watch?v=dWN_s-13snY,,8070,50,2026-09-08T16:42:02Z
4073,nDaLFc-i13M,plannin091415,https://www.youtube.com/watch?v=nDaLFc-i13M,,8169,22,2026-09-08T16:42:02Z
4074,b9HCU9a_vBw,THMS Podcast 09.14.15,https://www.youtube.com/watch?v=b9HCU9a_vBw,,98,12,2026-09-08T16:42:02Z
4075,4qqq7f4IV5c,ZBA 09.09.15,https://www.youtube.com/watch?v=4qqq7f4IV5c,,2389,9,2026-09-08T16:42:02Z
4076,ynG-gO07NCk,school09022015 A,https://www.youtube.com/watch?v=ynG-gO07NCk,,4470,15,2026-09-08T16:42:02Z
4077,s8YfkX0fg5Q,TalkinBaseball - Episode8   Parks,https://www.youtube.com/watch?v=s8YfkX0fg5Q,,3559,43,2026-09-08T16:42:02Z
4078,SWCjsc7A2us,selectmen09012015,https://www.youtube.com/watch?v=SWCjsc7A2us,,4167,35,2026-09-08T16:42:02Z
4079,v-aVDuEub7s,Stillman Community Country Fair,https://www.youtube.com/watch?v=v-aVDuEub7s,,1147,209,2026-09-08T16:42:02Z
4080,TXx6CWYu8No,THMS Podcast 08.31.15,https://www.youtube.com/watch?v=TXx6CWYu8No,,99,18,2026-09-08T16:42:02Z
4081,gr-sxtJr4w8,sewer08252015,https://www.youtube.com/watch?v=gr-sxtJr4w8,,7057,173,2026-09-08T16:42:02Z
4082,OMdj-WhjYXc,planning08242015,https://www.youtube.com/watch?v=OMdj-WhjYXc,,11258,29,2026-09-08T16:42:02Z
4083,PdZfICnccn8,Selectmen08182015,https://www.youtube.com/watch?v=PdZfICnccn8,,5081,39,2026-09-08T16:42:02Z
4084,qtgT6xh-5hI,FERC Meeting 08.12.15,https://www.youtube.com/watch?v=qtgT6xh-5hI,,12924,72,2026-09-08T16:42:02Z
4085,oueYcG8d1SU,planning08102015,https://www.youtube.com/watch?v=oueYcG8d1SU,,9063,29,2026-09-08T16:42:02Z
4086,emWpNgnAeBU,selectmen08112015,https://www.youtube.com/watch?v=emWpNgnAeBU,,1916,38,2026-09-08T16:42:02Z
4087,-C_m2mhw-iE,The Jewels of Lunenburg,https://www.youtube.com/watch?v=-C_m2mhw-iE,,853,240,2026-09-08T16:42:02Z
4088,28TPzljsPss,Great Cardboard Boat Race  08.08.15,https://www.youtube.com/watch?v=28TPzljsPss,,1305,66,2026-09-08T16:42:02Z
4089,Wvri_GHs398,Band Concert 08.03.15,https://www.youtube.com/watch?v=Wvri_GHs398,,5909,88,2026-09-08T16:42:02Z
4090,bjIf56NitBI,Conrad's 3rd Annual Cruise Night 0.8.07.15,https://www.youtube.com/watch?v=bjIf56NitBI,,778,38,2026-09-08T16:42:02Z
4091,i9mwIGygEcY,Fitness with Wayne - Episode 5,https://www.youtube.com/watch?v=i9mwIGygEcY,,1548,8,2026-09-08T16:42:02Z
4092,VujIIingwsQ,MA Energy Facilities Siting Board - Kinder Morgan Hearing 08.06.15,https://www.youtube.com/watch?v=VujIIingwsQ,,6144,25,2026-09-08T16:42:02Z
4093,gUk23Y_mwqs,Selectmen080415B,https://www.youtube.com/watch?v=gUk23Y_mwqs,,6926,52,2026-09-08T16:42:02Z
4094,ryr_g72UxcU,Lunenburg Water District Meeting,https://www.youtube.com/watch?v=ryr_g72UxcU,,7074,176,2026-09-08T16:42:02Z
4095,wrLdWi42fuE,Band Concert 07.27.15,https://www.youtube.com/watch?v=wrLdWi42fuE,,5215,16,2026-09-08T16:42:02Z
4096,Ih_mmbZG970,planning07272015,https://www.youtube.com/watch?v=Ih_mmbZG970,,7109,16,2026-09-08T16:42:02Z
4097,FS50cZsfoZE,Yoga with Linda - Episode 4,https://www.youtube.com/watch?v=FS50cZsfoZE,,1478,217,2026-09-08T16:42:02Z
4098,Ibmch_isc7E,Band Concert 07.20.15,https://www.youtube.com/watch?v=Ibmch_isc7E,,5395,12,2026-09-08T16:42:02Z
4099,bbWBaDEruLw,selectmen07212015,https://www.youtube.com/watch?v=bbWBaDEruLw,,8198,39,2026-09-08T16:42:02Z
4100,ZCAzAkpOHME,Zoning Board of Appeals 07.22.15,https://www.youtube.com/watch?v=ZCAzAkpOHME,,5012,11,2026-09-08T16:42:02Z
4101,gwbocCnVMV4,Talkin' Baseball - Episode 7  Unbreakable Records,https://www.youtube.com/watch?v=gwbocCnVMV4,,3248,103,2026-09-08T16:42:02Z
4102,k7aaWngJ0G8,Band Concert 07.13.15,https://www.youtube.com/watch?v=k7aaWngJ0G8,,5807,5,2026-09-08T16:42:02Z
4103,0n2O91nf7Bw,Selectmen071415 1,https://www.youtube.com/watch?v=0n2O91nf7Bw,,5166,37,2026-09-08T16:42:02Z
4104,t1921weuaNw,planning07132015,https://www.youtube.com/watch?v=t1921weuaNw,,9014,24,2026-09-08T16:42:02Z
4105,efl4m0yi1Ak,Fitness with Wayne  -  Episode 4,https://www.youtube.com/watch?v=efl4m0yi1Ak,,1905,15,2026-09-08T16:42:02Z
4106,1JevwZKVgmc,BandConcert070615,https://www.youtube.com/watch?v=1JevwZKVgmc,,5795,71,2026-09-08T16:42:02Z
4107,VfQSf7ZxTK4,selectmen07072015,https://www.youtube.com/watch?v=VfQSf7ZxTK4,,2012,30,2026-09-08T16:42:02Z
4108,XW81nGKhchg,BOYS AND GIRLS CLUB BIRTHDAY EVENT 06.26.15,https://www.youtube.com/watch?v=XW81nGKhchg,,3446,47,2026-09-08T16:42:02Z
4109,KpUeRRwMRuo,Hickory Hills Boat Parade 2015,https://www.youtube.com/watch?v=KpUeRRwMRuo,,798,257,2026-09-08T16:42:02Z
4110,y--aF96KTyU,PlanningBoardMeeting070215,https://www.youtube.com/watch?v=y--aF96KTyU,,782,10,2026-09-08T16:42:02Z
4111,83nN64xjN7w,School Committee Meeting 07.01.15,https://www.youtube.com/watch?v=83nN64xjN7w,,2857,18,2026-09-08T16:42:02Z
4112,zBscg0oxoeg,sewer06302015,https://www.youtube.com/watch?v=zBscg0oxoeg,,11906,59,2026-09-08T16:42:02Z
4113,mtfYgd2HabI,Kate Chadbourne,https://www.youtube.com/watch?v=mtfYgd2HabI,,3430,362,2026-09-08T16:42:02Z
4114,4NAECN3j_uo,Selectmen Meeting 06.23.15,https://www.youtube.com/watch?v=4NAECN3j_uo,,11775,57,2026-09-08T16:42:02Z
4115,lyvUb_SvAq8,ZBA 06.24.15,https://www.youtube.com/watch?v=lyvUb_SvAq8,,3554,21,2026-09-08T16:42:02Z
4116,-SWB7vhni4U,Talkin' Baseball Episode6  No Hitters,https://www.youtube.com/watch?v=-SWB7vhni4U,,3286,34,2026-09-08T16:42:02Z
4117,k0UFg3u4Ltw,planning06222015,https://www.youtube.com/watch?v=k0UFg3u4Ltw,,3894,30,2026-09-08T16:42:02Z
4118,LztyJIgQuRc,LHS Graduation 2015,https://www.youtube.com/watch?v=LztyJIgQuRc,,3912,394,2026-09-08T16:42:02Z
4119,lw-Ps4O9hYU,Finance Committee 06.11.15,https://www.youtube.com/watch?v=lw-Ps4O9hYU,,4940,21,2026-09-08T16:42:02Z
4120,D3KgPGQi_kQ,THMS Podcast 06.15.15,https://www.youtube.com/watch?v=D3KgPGQi_kQ,,119,12,2026-09-08T16:42:02Z
4121,cJixZmSyB4I,planning06082015,https://www.youtube.com/watch?v=cJixZmSyB4I,,5577,29,2026-09-08T16:42:02Z
4122,L1lJtLhmcus,selectmen06092015,https://www.youtube.com/watch?v=L1lJtLhmcus,,5048,22,2026-09-08T16:42:02Z
4123,AEpIJ-Nrmw0,ZBA06102015,https://www.youtube.com/watch?v=AEpIJ-Nrmw0,,3242,10,2026-09-08T16:42:02Z
4124,_PAE6SDB-1Q,THMSPodcast 06.08.15,https://www.youtube.com/watch?v=_PAE6SDB-1Q,,106,14,2026-09-08T16:42:02Z
4125,AnN6UNRwfMA,school06032015,https://www.youtube.com/watch?v=AnN6UNRwfMA,,5939,27,2026-09-08T16:42:02Z
4126,nISqai_Eg60,selectmen06022015,https://www.youtube.com/watch?v=nISqai_Eg60,,4652,99,2026-09-08T16:42:02Z
4127,Exy5Gm59Q9M,BOYS LACROSSE 05 27 15,https://www.youtube.com/watch?v=Exy5Gm59Q9M,,3301,58,2026-09-08T16:42:02Z
4128,mP8XFpNAT-4,THMS SPRING  CONCERT 05 28 15,https://www.youtube.com/watch?v=mP8XFpNAT-4,,3469,62,2026-09-08T16:42:02Z
4129,FESgxEmikS8,ZBA 05.27.15,https://www.youtube.com/watch?v=FESgxEmikS8,,4082,20,2026-09-08T16:42:02Z
4130,uLTsjRog2qk,THMS Podcast 06.01.15,https://www.youtube.com/watch?v=uLTsjRog2qk,,98,9,2026-09-08T16:42:02Z
4131,vnWOfJSZtsw,LHS Boys LaCrosse 05.26.15,https://www.youtube.com/watch?v=vnWOfJSZtsw,,3979,23,2026-09-08T16:42:02Z
4132,LwMKdP4TVws,sewer05262015,https://www.youtube.com/watch?v=LwMKdP4TVws,,9972,67,2026-09-08T16:42:02Z
4133,4DmD8hUxsVc,LHS GIRLS LAX 05 22 15,https://www.youtube.com/watch?v=4DmD8hUxsVc,,3358,39,2026-09-08T16:42:02Z
4134,eqA_WfEju28,THMS Podcast 05.25.14,https://www.youtube.com/watch?v=eqA_WfEju28,,100,12,2026-09-08T16:42:02Z
4135,KeP8WXMd3Wo,LHS Boys LaCrosse 05.19.15,https://www.youtube.com/watch?v=KeP8WXMd3Wo,,3221,25,2026-09-08T16:42:02Z
4136,QG1kMBkYnjM,LHS GIRLS LACROSSE 05.18.15,https://www.youtube.com/watch?v=QG1kMBkYnjM,,3082,49,2026-09-08T16:42:02Z
4137,6okpFLd1DZo,LHS POPS CONCERT 05.14.15,https://www.youtube.com/watch?v=6okpFLd1DZo,,6960,87,2026-09-08T16:42:02Z
4138,hGWCuDoly0c,Selectmen Meeting 05.19.15,https://www.youtube.com/watch?v=hGWCuDoly0c,,9234,132,2026-09-08T16:42:02Z
4139,s1yMD5NH9xY,LHS BOYS LACROSSE 05 14 15,https://www.youtube.com/watch?v=s1yMD5NH9xY,,3674,71,2026-09-08T16:42:02Z
4140,k6O2rbraJdE,Girls Lax 05 12 15,https://www.youtube.com/watch?v=k6O2rbraJdE,,3111,16,2026-09-08T16:42:02Z
4141,nnLkH4u6oFo,Girls Lax 05 11 15,https://www.youtube.com/watch?v=nnLkH4u6oFo,,3464,20,2026-09-08T16:42:02Z
4142,U3n-4FVePY0,ZBA05132015,https://www.youtube.com/watch?v=U3n-4FVePY0,,3138,21,2026-09-08T16:42:02Z
4143,bESaVdjRb0I,BOYS LAX 05 08 15,https://www.youtube.com/watch?v=bESaVdjRb0I,,3905,40,2026-09-08T16:42:02Z
4144,9Sw_uzl2TXI,Yoga with Linda - Episode3,https://www.youtube.com/watch?v=9Sw_uzl2TXI,,1566,78,2026-09-08T16:42:02Z
4145,Lh99MXf9aSU,Selectmen Meeting 05.12.15,https://www.youtube.com/watch?v=Lh99MXf9aSU,,5161,34,2026-09-08T16:42:02Z
4146,NFIsWO8awfU,Yoga with Linda - Episode2  Chair Yoga,https://www.youtube.com/watch?v=NFIsWO8awfU,,1843,21,2026-09-08T16:42:02Z
4147,bxgGiXUKinI,Planning Board 05.11.15,https://www.youtube.com/watch?v=bxgGiXUKinI,,7497,32,2026-09-08T16:42:02Z
4148,RP6J0sw6o0w,8th Grade Chorus 05.07.15,https://www.youtube.com/watch?v=RP6J0sw6o0w,,2920,13,2026-09-08T16:42:02Z
4149,vOlYcpI7Vw0,School Committee Meeting 05.06.15,https://www.youtube.com/watch?v=vOlYcpI7Vw0,,2687,70,2026-09-08T16:42:02Z
4150,sb7Q1Jr3WFo,Town Meeting 05.02.15 - Part 3,https://www.youtube.com/watch?v=sb7Q1Jr3WFo,,891,14,2026-09-08T16:42:02Z
4151,jyrsGLmh_gk,Town Meeting 05.02.15 - Part 2,https://www.youtube.com/watch?v=jyrsGLmh_gk,,7118,26,2026-09-08T16:42:02Z
4152,2ln7kT6dklQ,Town Meeting 05.02.15 - Part 1,https://www.youtube.com/watch?v=2ln7kT6dklQ,,13573,38,2026-09-08T16:42:02Z
4153,60JNKA4Q5xA,Selectmen Meeting 05.05.15,https://www.youtube.com/watch?v=60JNKA4Q5xA,,4476,66,2026-09-08T16:42:02Z
4154,tJX8yhObjC0,LHS Boys LaCrosse 04.30.15,https://www.youtube.com/watch?v=tJX8yhObjC0,,4170,33,2026-09-08T16:42:02Z
4155,qwS_VbdCw6A,THMS Podcast 05.04.15,https://www.youtube.com/watch?v=qwS_VbdCw6A,,98,11,2026-09-08T16:42:02Z
4156,e7ew5z4hxK0,Middle/High School - Topping Off Ceremony 04.30.15,https://www.youtube.com/watch?v=e7ew5z4hxK0,,1154,48,2026-09-08T16:42:02Z
4157,MY5q4ZwyMSk,LHS Girls LaCrosse 04 28 15,https://www.youtube.com/watch?v=MY5q4ZwyMSk,,3048,30,2026-09-08T16:42:02Z
4158,lkEUeD9gpzQ,Sewer Commission 04.28.15,https://www.youtube.com/watch?v=lkEUeD9gpzQ,,2108,17,2026-09-08T16:42:02Z
4159,Vz1yHFFQIXY,Planning Board 04.27.15,https://www.youtube.com/watch?v=Vz1yHFFQIXY,,4363,25,2026-09-08T16:42:02Z
4160,vjvyqAC9jvQ,LHS Boys LaCrosse 04 17 15,https://www.youtube.com/watch?v=vjvyqAC9jvQ,,3552,33,2026-09-08T16:42:02Z
4161,qyhwgZHEDLQ,Selectmen Meeting 04.21.15,https://www.youtube.com/watch?v=qyhwgZHEDLQ,,7167,72,2026-09-08T16:42:02Z
4162,NbxvgxX29iI,THMS Podcast 04.27.15,https://www.youtube.com/watch?v=NbxvgxX29iI,,93,8,2026-09-08T16:42:02Z
4163,DX6lA6iS7aU,Selectmen Meeting 04.14.15,https://www.youtube.com/watch?v=DX6lA6iS7aU,,7958,151,2026-09-08T16:42:02Z
4164,uoQbJj3QVXU,Planning Board 04.13.15,https://www.youtube.com/watch?v=uoQbJj3QVXU,,9991,45,2026-09-08T16:42:02Z
4165,uW4r5SsCxy8,LHS Girls LaCrosse vs St Bernards 04.10.15,https://www.youtube.com/watch?v=uW4r5SsCxy8,,2766,87,2026-09-08T16:42:02Z
4166,ZDJHO-JYCks,THMS Podcast 04.13.15,https://www.youtube.com/watch?v=ZDJHO-JYCks,,103,5,2026-09-08T16:42:02Z
4167,VyhyiE5NFd0,Yoga with Linda Intro,https://www.youtube.com/watch?v=VyhyiE5NFd0,,21,156,2026-09-08T16:42:02Z
4168,7NuTxNn2uHw,Talkin' Baseball  -  Episode4,https://www.youtube.com/watch?v=7NuTxNn2uHw,,2760,179,2026-09-08T16:42:02Z
4169,euWYw_9eLzM,Selectmen Meeting 04.07.15,https://www.youtube.com/watch?v=euWYw_9eLzM,,9988,95,2026-09-08T16:42:02Z
4170,kS43_vssXcQ,THMS Podcast 04.06.15,https://www.youtube.com/watch?v=kS43_vssXcQ,,91,10,2026-09-08T16:42:02Z
4171,9uL9LpTYVXY,Finance Committee 04.02.15,https://www.youtube.com/watch?v=9uL9LpTYVXY,,7393,25,2026-09-08T16:42:02Z
4172,cX9AW4Lantc,School Committee 04.01.15,https://www.youtube.com/watch?v=cX9AW4Lantc,,8448,20,2026-09-08T16:42:02Z
4173,879uFvCCEgc,Are You Smarter than a Sixth Grader?,https://www.youtube.com/watch?v=879uFvCCEgc,,4914,39,2026-09-08T16:42:02Z
4174,HF7XI_qSQcs,Sewer Commission 03.31.15,https://www.youtube.com/watch?v=HF7XI_qSQcs,,8584,14,2026-09-08T16:42:02Z
4175,FrlXC2pFJPk,Finance Committee 03.26.15,https://www.youtube.com/watch?v=FrlXC2pFJPk,,7891,28,2026-09-08T16:42:02Z
4176,PSvgYp6u3go,THMS Podcast 03 30 15,https://www.youtube.com/watch?v=PSvgYp6u3go,,97,3,2026-09-08T16:42:02Z
4177,6msw5SqxUUE,PublicAccessYouTube,https://www.youtube.com/watch?v=6msw5SqxUUE,,10,16,2026-09-08T16:42:02Z
4178,MGf2SUy2lRU,Selectmen Meeting 03.24.15,https://www.youtube.com/watch?v=MGf2SUy2lRU,,7858,36,2026-09-08T16:42:02Z
4179,StB4V-1glFI,Planning Board 03.23.15,https://www.youtube.com/watch?v=StB4V-1glFI,,3959,17,2026-09-08T16:42:02Z
4180,w_mdnw3HDxA,Finance Committee 03.19.15,https://www.youtube.com/watch?v=w_mdnw3HDxA,,4611,20,2026-09-08T16:42:02Z
4181,IszXewvPDBM,THMS Podcast 03.23.15,https://www.youtube.com/watch?v=IszXewvPDBM,,96,9,2026-09-08T16:42:02Z
4182,CsOMlcQ4M1g,Selectmen Meeting 03.17.15,https://www.youtube.com/watch?v=CsOMlcQ4M1g,,6610,31,2026-09-08T16:42:02Z
4183,TEf_jpvZyhA,Fincom03122015,https://www.youtube.com/watch?v=TEf_jpvZyhA,,7693,17,2026-09-08T16:42:02Z
4184,UFhLKfaa8Uk,ZBA03112015,https://www.youtube.com/watch?v=UFhLKfaa8Uk,,4713,16,2026-09-08T16:42:02Z
4185,zUsokwBBH6U,School Committee Meeting 03.03.15,https://www.youtube.com/watch?v=zUsokwBBH6U,,3871,25,2026-09-08T16:42:02Z
4186,DZqkC4ojoXQ,THMS Podcast 03.16.15,https://www.youtube.com/watch?v=DZqkC4ojoXQ,,101,7,2026-09-08T16:42:02Z
4187,eJ0aXTH7hoc,Fitness with Wayne - Episode 2,https://www.youtube.com/watch?v=eJ0aXTH7hoc,,1374,18,2026-09-08T16:42:02Z
4188,fRhq35eyryo,Selectmen Meeting 03.10.15,https://www.youtube.com/watch?v=fRhq35eyryo,,1744,31,2026-09-08T16:42:02Z
4189,10sRAiFtZVA,Planning Board 03.09.15,https://www.youtube.com/watch?v=10sRAiFtZVA,,13039,30,2026-09-08T16:42:02Z
4190,sutaEEUCZ5c,Finance Committee -  Budget Review  03.05.15,https://www.youtube.com/watch?v=sutaEEUCZ5c,,6833,14,2026-09-08T16:42:02Z
4191,LfsF1X5KfKA,Eagle House Announcements - March/April 2015,https://www.youtube.com/watch?v=LfsF1X5KfKA,,2098,8,2026-09-08T16:42:02Z
4192,S5xD2JryLAU,THMS Podcast 03.09.15,https://www.youtube.com/watch?v=S5xD2JryLAU,,83,8,2026-09-08T16:42:02Z
4193,Tcwp7rob3tE,Selectmen Meeting 03.03.15,https://www.youtube.com/watch?v=Tcwp7rob3tE,,6974,39,2026-09-08T16:42:02Z
4194,CcNfEFjV6QI,Planning Board 03.02.15,https://www.youtube.com/watch?v=CcNfEFjV6QI,,11289,33,2026-09-08T16:42:02Z
4195,gELLbT1dtc8,Talkin' Baseball - Baseball Movies Episode3,https://www.youtube.com/watch?v=gELLbT1dtc8,,2710,262,2026-09-08T16:42:02Z
4196,-2S_QaZKNGs,THMS Podcast 03.02.15,https://www.youtube.com/watch?v=-2S_QaZKNGs,,113,8,2026-09-08T16:42:02Z
4197,rTjgY9oJwAo,Finance Committee Meeting 02.26.15,https://www.youtube.com/watch?v=rTjgY9oJwAo,,5375,24,2026-09-08T16:42:02Z
4198,oKWDLuUYXRs,Zoning Board of Appeals 02.25.15,https://www.youtube.com/watch?v=oKWDLuUYXRs,,3430,13,2026-09-08T16:42:02Z
4199,3P2rjA8OrGE,Finance Committee 02.24.15,https://www.youtube.com/watch?v=3P2rjA8OrGE,,6977,16,2026-09-08T16:42:02Z
4200,K5aQ5yFjsoI,Planning Board Meeting 02.23.15,https://www.youtube.com/watch?v=K5aQ5yFjsoI,,12677,43,2026-09-08T16:42:02Z
4201,649MAYRSXGc,LHS Girls Basketball vs N. Middlesex  02.18.15,https://www.youtube.com/watch?v=649MAYRSXGc,,3997,87,2026-09-08T16:42:02Z
4202,WYktd6p714w,"LHS Hockey vs Fitchburg  February 11, 2015",https://www.youtube.com/watch?v=WYktd6p714w,,3606,84,2026-09-08T16:42:02Z
4203,Jt1WMRzMMZA,LHS Girls Basketball vs Leominster 02.13.15 - Senior Night,https://www.youtube.com/watch?v=Jt1WMRzMMZA,,4493,111,2026-09-08T16:42:02Z
4204,Ufl-kRm0mbs,THMS Podcast 02.23.15,https://www.youtube.com/watch?v=Ufl-kRm0mbs,,97,8,2026-09-08T16:42:02Z
4205,DnBaAiT8BWo,LHS Boys Basketball vs Bromfield  02.07.15   Senior Night,https://www.youtube.com/watch?v=DnBaAiT8BWo,,4569,147,2026-09-08T16:42:02Z
4206,r4J_XUjKyPM,Selectmen Meeting 02.10.15,https://www.youtube.com/watch?v=r4J_XUjKyPM,,4377,33,2026-09-08T16:42:02Z
4207,oWgK2PBblGE,Fitness with Wayne - Episode1,https://www.youtube.com/watch?v=oWgK2PBblGE,,1801,149,2026-09-08T16:42:02Z
4208,3ff2AMkWEA4,LHS Boys Basketball vs. Clinton  02.05.15,https://www.youtube.com/watch?v=3ff2AMkWEA4,,3073,17,2026-09-08T16:42:02Z
4209,oABWKG0F8MA,THMS Podcast 02.09.15,https://www.youtube.com/watch?v=oABWKG0F8MA,,113,8,2026-09-08T16:42:02Z
4210,2QZVByX8HoM,LHS Boys Basketball vs. Littleton 02.04.15,https://www.youtube.com/watch?v=2QZVByX8HoM,,3034,106,2026-09-08T16:42:02Z
4211,-ZIgpcxLgX4,Selectmen Meeting 02.03.15,https://www.youtube.com/watch?v=-ZIgpcxLgX4,,4497,27,2026-09-08T16:42:02Z
4212,PTq-IJpDEnA,LHS Hockey vs. Gardner 01.31.15,https://www.youtube.com/watch?v=PTq-IJpDEnA,,3355,63,2026-09-08T16:42:02Z
4213,v6TM9UrLpgk,LHS Girls Basketball vs Tyngsboro 01.30.15,https://www.youtube.com/watch?v=v6TM9UrLpgk,,3381,222,2026-09-08T16:42:02Z
4214,DLY-AbTfZHE,THMS Podcast 02.02.15,https://www.youtube.com/watch?v=DLY-AbTfZHE,,99,6,2026-09-08T16:42:02Z
4215,EpJlHonumII,"LaTabella - Caesar Salad, Bow Tie Pasta and Steak",https://www.youtube.com/watch?v=EpJlHonumII,,1791,28,2026-09-08T16:42:02Z
4216,hUbjpeWLJtM,LHS Girls Basketball vs Ayer  01.23.15,https://www.youtube.com/watch?v=hUbjpeWLJtM,,3809,46,2026-09-08T16:42:02Z
4217,_N3j3JCHNDc,Eagle House Announcements - February 2015,https://www.youtube.com/watch?v=_N3j3JCHNDc,,1030,9,2026-09-08T16:42:02Z
4218,oOHwY65r0hI,Finance Committee 01.22.15,https://www.youtube.com/watch?v=oOHwY65r0hI,,6323,26,2026-09-08T16:42:02Z
4219,WIwVMm4K4Y4,LHS Girls Basketball vs. Hudson - 01.21.15,https://www.youtube.com/watch?v=WIwVMm4K4Y4,,3194,28,2026-09-08T16:42:02Z
4220,1E8PzTVunzI,THMS Podcast for the week of 01.26.15,https://www.youtube.com/watch?v=1E8PzTVunzI,,95,9,2026-09-08T16:42:02Z
4221,RPoYHoWUW4w,LHS Hockey vs Northbridge 01.18.15,https://www.youtube.com/watch?v=RPoYHoWUW4w,,3532,115,2026-09-08T16:42:02Z
4222,4es5ahaHLHI,Selectmen Meeting 01.20.15,https://www.youtube.com/watch?v=4es5ahaHLHI,,6908,25,2026-09-08T16:42:02Z
4223,m_J4Xj0d42U,LHS Boys Basketball vs Gardner 01.16.15,https://www.youtube.com/watch?v=m_J4Xj0d42U,,3404,27,2026-09-08T16:42:02Z
4224,0cFoTkzJ3yQ,LHS Girls Basketball vs Clinton 01.13.15,https://www.youtube.com/watch?v=0cFoTkzJ3yQ,,3369,28,2026-09-08T16:42:02Z
4225,_MuDLQ2D7ik,THMS Podcast 01.19.15,https://www.youtube.com/watch?v=_MuDLQ2D7ik,,102,15,2026-09-08T16:42:02Z
4226,xg2zZ9Cvdiw,Selectmen Meeting 01.13.15,https://www.youtube.com/watch?v=xg2zZ9Cvdiw,,4587,29,2026-09-08T16:42:02Z
4227,3JLEEJlk9M0,Planning Board 01.12.15,https://www.youtube.com/watch?v=3JLEEJlk9M0,,6748,20,2026-09-08T16:42:02Z
4228,hHDjHWXV2pk,LHS Hockey vs Grafton 01.09.15,https://www.youtube.com/watch?v=hHDjHWXV2pk,,3672,70,2026-09-08T16:42:02Z
4229,wqTwGaTN3B0,School Committee Meeting 01.07.15,https://www.youtube.com/watch?v=wqTwGaTN3B0,,4767,24,2026-09-08T16:42:02Z
4230,n0jQp3OK9Qs,LHS Boys Basketball vs. Tyngsboro  01.06.15,https://www.youtube.com/watch?v=n0jQp3OK9Qs,,3204,247,2026-09-08T16:42:02Z
4231,oxIR_zVTuZw,Selectmen Meeting 01.06.15,https://www.youtube.com/watch?v=oxIR_zVTuZw,,8084,36,2026-09-08T16:42:02Z
4232,iDw7IRl5wxg,LHS Girls Basketball vs. Fitchburg 01.04.15,https://www.youtube.com/watch?v=iDw7IRl5wxg,,4441,151,2026-09-08T16:42:02Z
4233,THTBg82EW5U,LHS Boys Basketball vs Fitchburg 01.04.15,https://www.youtube.com/watch?v=THTBg82EW5U,,3440,759,2026-09-08T16:42:02Z
4234,2kfurn5SlYY,LHS HOCKEY vs. Nashoba 01.03.15,https://www.youtube.com/watch?v=2kfurn5SlYY,,3451,130,2026-09-08T16:42:02Z
4235,DvFAmMxghMA,LHS Boys Basketball vs Oakmont 01.02.15,https://www.youtube.com/watch?v=DvFAmMxghMA,,4280,251,2026-09-08T16:42:02Z
4236,QvfI1TbYP2c,"L360 - John Dupre Interview, Part2",https://www.youtube.com/watch?v=QvfI1TbYP2c,,2692,59,2026-09-08T16:42:02Z
4237,QivgmHYzSzk,LHS HOCKEY vs. Hopedale  12.29.14,https://www.youtube.com/watch?v=QivgmHYzSzk,,3626,82,2026-09-08T16:42:02Z
4238,v4g4mCQquTg,LHS BOYS BBALL vs. Maynard 12.23.14,https://www.youtube.com/watch?v=v4g4mCQquTg,,3397,43,2026-09-08T16:42:02Z
4239,r2spwQRrpZ4,New School Project 12.20.14 [re-post],https://www.youtube.com/watch?v=r2spwQRrpZ4,,1800,58,2026-09-08T16:42:02Z
4240,Xl98Fm2kHfU,LHS BOYS B BALL vs. Assabet Valley 12.19.14,https://www.youtube.com/watch?v=Xl98Fm2kHfU,,3358,230,2026-09-08T16:42:02Z
4241,vlljKY5OzoE,Planning Board Meeting 12.22.14,https://www.youtube.com/watch?v=vlljKY5OzoE,,9559,25,2026-09-08T16:42:02Z
4242,Nc1cZHmiANU,New School Project 12.20.14,https://www.youtube.com/watch?v=Nc1cZHmiANU,,1800,8,2026-09-08T16:42:02Z
4243,wTXQF4rZMzY,LaTabella Cornish Game Hens,https://www.youtube.com/watch?v=wTXQF4rZMzY,,1799,24,2026-09-08T16:42:02Z
4244,bW7-Ggc1me0,LHS Boys Basketball Ball 12 17 14,https://www.youtube.com/watch?v=bW7-Ggc1me0,,4163,65,2026-09-08T16:42:02Z
4245,4NWdmJP5xHs,THMS Podcast 01.05.15,https://www.youtube.com/watch?v=4NWdmJP5xHs,,118,7,2026-09-08T16:42:02Z
4246,NyDVGVXI_FQ,Selectmen Meeting 12.16.14,https://www.youtube.com/watch?v=NyDVGVXI_FQ,,6083,31,2026-09-08T16:42:02Z
4247,PUvm7HTywyQ,LHS Instrumental Concert 12.11.14,https://www.youtube.com/watch?v=PUvm7HTywyQ,,3965,31,2026-09-08T16:42:02Z
4248,wxW99ZFSpVw,Zoning Board of Appeals 12.10.14,https://www.youtube.com/watch?v=wxW99ZFSpVw,,8740,27,2026-09-08T16:42:02Z
4249,iDsw3GSen5c,THMSPodcast120814,https://www.youtube.com/watch?v=iDsw3GSen5c,,106,4,2026-09-08T16:42:02Z
4250,uxYu06NlPpA,LHS Holiday Vocal Concert 12.09.14,https://www.youtube.com/watch?v=uxYu06NlPpA,,4163,48,2026-09-08T16:42:02Z
4251,NozpCd9fuuo,Selectmen Meeting 12.09.14,https://www.youtube.com/watch?v=NozpCd9fuuo,,4112,27,2026-09-08T16:42:02Z
4252,sSyacnoixxA,Planning Board Meeting 12.08.14,https://www.youtube.com/watch?v=sSyacnoixxA,,3437,23,2026-09-08T16:42:02Z
4253,tOssYc3FWRE,Lunenburg360 with Dave Matthews - Interview of John Dupre Part1,https://www.youtube.com/watch?v=tOssYc3FWRE,,2279,166,2026-09-08T16:42:02Z
4254,pGUGAdoGLUo,THMSPodcast for the Week of 12.8.14,https://www.youtube.com/watch?v=pGUGAdoGLUo,,106,5,2026-09-08T16:42:02Z
4255,0x44owqvTxI,School Committee Meeting 12.03.14,https://www.youtube.com/watch?v=0x44owqvTxI,,7214,28,2026-09-08T16:42:02Z
4256,13iAzkAH2JQ,Xmas Tree Lighting Ceremony 12.01.14,https://www.youtube.com/watch?v=13iAzkAH2JQ,,843,116,2026-09-08T16:42:02Z
4257,gZwwIySgz2A,Selectmen Meeting 12.02.14,https://www.youtube.com/watch?v=gZwwIySgz2A,,6828,32,2026-09-08T16:42:02Z
4258,vPwy2v84bmA,THMS Podcast for the week of 12.01.14,https://www.youtube.com/watch?v=vPwy2v84bmA,,104,9,2026-09-08T16:42:02Z
4259,ZQjEzwD9hkU,Eagle House Announcements - Dec 2014 / Jan 2015,https://www.youtube.com/watch?v=ZQjEzwD9hkU,,1327,9,2026-09-08T16:42:02Z
4260,JdTMM5DXffc,Selectmen Meeting 11.18.14,https://www.youtube.com/watch?v=JdTMM5DXffc,,6356,55,2026-09-08T16:42:02Z
4261,LfHzC2nheYo,School Committee 11.05.14,https://www.youtube.com/watch?v=LfHzC2nheYo,,4833,20,2026-09-08T16:42:02Z
4262,D3gArYJ9bWs,THMS Podcast for the week of 11.17.14,https://www.youtube.com/watch?v=D3gArYJ9bWs,,120,14,2026-09-08T16:42:02Z
4263,QDUPcN6bYJY,Zoning Board of Appeals 11.12.14,https://www.youtube.com/watch?v=QDUPcN6bYJY,,7017,45,2026-09-08T16:42:02Z
4264,x8ePni1dyDE,Planning Board Meeting 11.10.14,https://www.youtube.com/watch?v=x8ePni1dyDE,,14156,90,2026-09-08T16:42:02Z
4265,p_f44LWNOp0,"Lunenburg Veteran's Day Program - November 11, 2014",https://www.youtube.com/watch?v=p_f44LWNOp0,,1055,150,2026-09-08T16:42:02Z
4266,n5u-Oor0Awg,THMS Podcast for the week of 11.10.14,https://www.youtube.com/watch?v=n5u-Oor0Awg,,94,17,2026-09-08T16:42:02Z
4267,TZqmLGVMHK4,Selectmen Meeting 11.04.14,https://www.youtube.com/watch?v=TZqmLGVMHK4,,5020,57,2026-09-08T16:42:02Z
4268,GzpKpaLXFzA,Talkin' Baseball with Pete Lincoln - Episode1 Rich Letarte,https://www.youtube.com/watch?v=GzpKpaLXFzA,,2283,113,2026-09-08T16:42:02Z
4269,aCOEb0Qs5M8,LHS Girls Varsity Soccer vs Quabin 10.28.14,https://www.youtube.com/watch?v=aCOEb0Qs5M8,,4827,21,2026-09-08T16:42:02Z
4270,RE52yS4ElA0,Lunenburg360 with Dave Matthews - Episode 5 with Guest Dave Berthiaume,https://www.youtube.com/watch?v=RE52yS4ElA0,,2641,105,2026-09-08T16:42:02Z
4271,OnlJo0SClSg,LHS Varsity Football vsTyngsboro10.31.14,https://www.youtube.com/watch?v=OnlJo0SClSg,,4496,17,2026-09-08T16:42:02Z
4272,CSjf52iqIvQ,THMSPodcast for the week of 11.03.14,https://www.youtube.com/watch?v=CSjf52iqIvQ,,94,12,2026-09-08T16:42:02Z
4273,JTz_5-5pXYQ,SelectmenMtg102114,https://www.youtube.com/watch?v=JTz_5-5pXYQ,,4796,30,2026-09-08T16:42:02Z
4274,EWkZnq-g9AA,ConversationWithHarvey3,https://www.youtube.com/watch?v=EWkZnq-g9AA,,829,15,2026-09-08T16:42:02Z
4275,Sd1uFuI7qFA,Planning Board Meeting 10.27.14,https://www.youtube.com/watch?v=Sd1uFuI7qFA,,12362,76,2026-09-08T16:42:02Z
4276,U8lWGlbMnA0,THMS Podcast for the week of 10.27.14,https://www.youtube.com/watch?v=U8lWGlbMnA0,,85,14,2026-09-08T16:42:02Z
4277,cAh3Amvjop0,Lunenburg Middle/High School Groundbreaking Ceremony 10.18.14,https://www.youtube.com/watch?v=cAh3Amvjop0,,2489,195,2026-09-08T16:42:02Z
4278,ASaxsXc0c48,Zoning Board of Appeals 10.22.14,https://www.youtube.com/watch?v=ASaxsXc0c48,,7041,26,2026-09-08T16:42:02Z
4279,Q1Jkda-UopE,LHS Homecoming Parade 2014,https://www.youtube.com/watch?v=Q1Jkda-UopE,,1525,79,2026-09-08T16:42:02Z
4280,IhHy-0jn3dc,LHS Girls Soccer vsTyngsboro 10.15.14,https://www.youtube.com/watch?v=IhHy-0jn3dc,,4862,19,2026-09-08T16:42:02Z
4281,h3VkZSeC-RM,LHS Football vs Ayer  -  Homecoming Game 10.18.14,https://www.youtube.com/watch?v=h3VkZSeC-RM,,4199,516,2026-09-08T16:42:02Z
4282,jVmYYhkAtUM,A Visit to the Price Cider House,https://www.youtube.com/watch?v=jVmYYhkAtUM,,1222,661,2026-09-08T16:42:02Z
4283,aMuV5pdgziY,The Lunenburg Boston Post Cane Ceremony - Marian Pepin   10.14.14,https://www.youtube.com/watch?v=aMuV5pdgziY,,729,78,2026-09-08T16:42:02Z
4284,dCCpamGwXYo,LaTabella with Mario and Phyllis - Polenta,https://www.youtube.com/watch?v=dCCpamGwXYo,,1799,33,2026-09-08T16:42:02Z
4285,TQSMcGgrPoU,THMS Podcast 10.20.14,https://www.youtube.com/watch?v=TQSMcGgrPoU,,171,6,2026-09-08T16:42:02Z
4286,8vLMAsQ6jCc,Selectmen Meeting 10.14.14,https://www.youtube.com/watch?v=8vLMAsQ6jCc,,6808,69,2026-09-08T16:42:02Z
4287,R2fA8KauACU,Joslin Lesser Associates - Lunenburg360 Interview,https://www.youtube.com/watch?v=R2fA8KauACU,,724,16,2026-09-08T16:42:02Z
4288,zF_gnBMan8Q,LaTabella Flounder Meuniere,https://www.youtube.com/watch?v=zF_gnBMan8Q,,1797,134,2026-09-08T16:42:02Z
4289,iMIiuECKxAg,Lunenburg360 - Episode 4,https://www.youtube.com/watch?v=iMIiuECKxAg,,1450,64,2026-09-08T16:42:02Z
4290,R3-U3uuBf0s,FootballvsMaynard101014,https://www.youtube.com/watch?v=R3-U3uuBf0s,,5791,9,2026-09-08T16:42:02Z
4291,nNzwDbfliKY,LHS Girls Varsity Soccer vs Littleton  10.13.14,https://www.youtube.com/watch?v=nNzwDbfliKY,,4190,36,2026-09-08T16:42:02Z
4292,mwmRQeQGO4Q,FootballvsNorthbrdg100314,https://www.youtube.com/watch?v=mwmRQeQGO4Q,,3295,7,2026-09-08T16:42:02Z
4293,gPP6GGtAGRE,THMS Podcast 10.13.14,https://www.youtube.com/watch?v=gPP6GGtAGRE,,89,10,2026-09-08T16:42:02Z
4294,J68gGSJ5Bv0,Zoning Board of Appeals 10.08.14,https://www.youtube.com/watch?v=J68gGSJ5Bv0,,10594,35,2026-09-08T16:42:02Z
4295,cRXg4CYhhSM,Lunenburg360 - Episode 3,https://www.youtube.com/watch?v=cRXg4CYhhSM,,1575,36,2026-09-08T16:42:02Z
4296,0y2eswoMnzI,Selectmen Meeting 10.07.14,https://www.youtube.com/watch?v=0y2eswoMnzI,,7955,156,2026-09-08T16:42:02Z
4297,h975Bn2yKoc,LHS Boys Varsity Soccer vs Oakmond 09.29.14,https://www.youtube.com/watch?v=h975Bn2yKoc,,4756,22,2026-09-08T16:42:02Z
4298,1_lHTTrnV_s,THMS Podcast 10.06.14,https://www.youtube.com/watch?v=1_lHTTrnV_s,,144,7,2026-09-08T16:42:02Z
4299,tVRRnuh-rOo,School Committee Meeting 10.01.14,https://www.youtube.com/watch?v=tVRRnuh-rOo,,6056,52,2026-09-08T16:42:02Z
4300,yXWAQ2D5Ozw,Sewer Commission 09.30.14,https://www.youtube.com/watch?v=yXWAQ2D5Ozw,,5576,14,2026-09-08T16:42:02Z
4301,aT9JCaU27qo,Girls Soccer vs St Bernards  09.22.14,https://www.youtube.com/watch?v=aT9JCaU27qo,,4879,67,2026-09-08T16:42:02Z
4302,HggCwqOIxBc,THMS Podcast 09.29.14,https://www.youtube.com/watch?v=HggCwqOIxBc,,107,6,2026-09-08T16:42:02Z
4303,vrvTyPXclvA,Art For Life - Episode2,https://www.youtube.com/watch?v=vrvTyPXclvA,,3588,4,2026-09-08T16:42:02Z
4304,xwV9NIk6pLQ,"Half Price Stories:  A Conversation With Harvey, Part 2",https://www.youtube.com/watch?v=xwV9NIk6pLQ,,1428,393,2026-09-08T16:42:02Z
4305,WBfqlRabEDU,Zoning Board of Appeals  09.24.14,https://www.youtube.com/watch?v=WBfqlRabEDU,,6538,16,2026-09-08T16:42:02Z
4306,Fvrzm-bdnV4,LaTabella - Chicken Piccata,https://www.youtube.com/watch?v=Fvrzm-bdnV4,,1794,27,2026-09-08T16:42:02Z
4307,r_oboy0-ZJM,LHS Varsity Football vs Narragansett 09.19.14,https://www.youtube.com/watch?v=r_oboy0-ZJM,,4907,180,2026-09-08T16:42:02Z
4308,-6JeNrQ1JjQ,Planning Board Meeting 09.22.14,https://www.youtube.com/watch?v=-6JeNrQ1JjQ,,7242,35,2026-09-08T16:42:02Z
4309,lLsGInczqbg,Selectmen Meeting 09.16.14,https://www.youtube.com/watch?v=lLsGInczqbg,,10981,50,2026-09-08T16:42:02Z
4310,93_wkUDNfsw,THMS Podcast 09.22.14,https://www.youtube.com/watch?v=93_wkUDNfsw,,101,14,2026-09-08T16:42:02Z
4311,ECLWeJZ4Opk,LHS BOYS VARSITY SOCCER 09.12.14,https://www.youtube.com/watch?v=ECLWeJZ4Opk,,4949,29,2026-09-08T16:42:02Z
4312,YRuf1mFa_SU,LHS GIRLS VARSITY SOCCER 09.10.14,https://www.youtube.com/watch?v=YRuf1mFa_SU,,4933,62,2026-09-08T16:42:02Z
4313,OvWsB9MiTug,Eagle House Announcements Sept/Oct 2014,https://www.youtube.com/watch?v=OvWsB9MiTug,,1548,6,2026-09-08T16:42:02Z
4314,di9rK7QTuJo,Zoning Board of Appeals 09.10.14,https://www.youtube.com/watch?v=di9rK7QTuJo,,8717,51,2026-09-08T16:42:02Z
4315,HWpFG-qyELo,THMS Podcast 091514,https://www.youtube.com/watch?v=HWpFG-qyELo,,155,6,2026-09-08T16:42:02Z
4316,83GgPDalE24,Selectmen Meeting 09.09.14,https://www.youtube.com/watch?v=83GgPDalE24,,7562,78,2026-09-08T16:42:02Z
4317,nqWwQOhxTU0,Planning Board 09.08.14,https://www.youtube.com/watch?v=nqWwQOhxTU0,,2809,21,2026-09-08T16:42:02Z
4318,5g6KrMHDj7E,THMS Podcast for the week of 09.08.14,https://www.youtube.com/watch?v=5g6KrMHDj7E,,110,11,2026-09-08T16:42:02Z
4319,tV_tNF147Is,School Committee Meeting 09.03.14,https://www.youtube.com/watch?v=tV_tNF147Is,,2408,29,2026-09-08T16:42:02Z
4320,AhTsAd9zgHM,Selectmen Meeting 09.02.14,https://www.youtube.com/watch?v=AhTsAd9zgHM,,5752,44,2026-09-08T16:42:02Z
4321,CdFCp92lNh4,THMS Podcast for the week of 09.01.14,https://www.youtube.com/watch?v=CdFCp92lNh4,,123,12,2026-09-08T16:42:02Z
4322,SGPTfDEKOLk,Half Price Stories:  A Conversation with Harvey Part1,https://www.youtube.com/watch?v=SGPTfDEKOLk,,1609,1500,2026-09-08T16:42:02Z
4323,cBIsfANYAog,Art For Life with Bob Cole,https://www.youtube.com/watch?v=cBIsfANYAog,,3612,15,2026-09-08T16:42:02Z
4324,LelqS4pFT4Q,Planning Board Meeting 08.25.14,https://www.youtube.com/watch?v=LelqS4pFT4Q,,10462,37,2026-09-08T16:42:02Z
4325,e26NavdKHgE,THMS Podcast 082514,https://www.youtube.com/watch?v=e26NavdKHgE,,121,22,2026-09-08T16:42:02Z
4326,_69zC1uRUso,Band Concert 08.18.14,https://www.youtube.com/watch?v=_69zC1uRUso,,4588,13,2026-09-08T16:42:02Z
4327,1aqdkTZO770,ZBA  08.13.14,https://www.youtube.com/watch?v=1aqdkTZO770,,4816,11,2026-09-08T16:42:02Z
4328,Iw63ls8Jo-o,LaTabella with Mario & Phyllis Cannelloni,https://www.youtube.com/watch?v=Iw63ls8Jo-o,,1800,50,2026-09-08T16:42:02Z
4329,emjxFJDiEmQ,Lunenburg360 Episode2,https://www.youtube.com/watch?v=emjxFJDiEmQ,,2812,57,2026-09-08T16:42:02Z
4330,HLabMcrfsSw,Whalom Painting and Woodcraft,https://www.youtube.com/watch?v=HLabMcrfsSw,,1000,82,2026-09-08T16:42:02Z
4331,aaT7Mn2CuFo,Selectmen Meeting 08.12.14,https://www.youtube.com/watch?v=aaT7Mn2CuFo,,7626,63,2026-09-08T16:42:02Z
4332,h3tzNz75FMk,Planning Board Meeting 08.11.14,https://www.youtube.com/watch?v=h3tzNz75FMk,,7427,25,2026-09-08T16:42:02Z
4333,ygqkpkU7e8o,Lunenburg Town Band Concert 08.11.14,https://www.youtube.com/watch?v=ygqkpkU7e8o,,4016,25,2026-09-08T16:42:02Z
4334,ZT7FTHAn_p0,Lunenburg Gas Pipeline Public Forum 08.05.14,https://www.youtube.com/watch?v=ZT7FTHAn_p0,,7003,49,2026-09-08T16:42:02Z
4335,DNgVLXmOaAw,Sewer Commission 07.29.14,https://www.youtube.com/watch?v=DNgVLXmOaAw,,7621,23,2026-09-08T16:42:02Z
4336,Gel07N6vSjk,LaTabella with Mario Phyllis Promo,https://www.youtube.com/watch?v=Gel07N6vSjk,,141,53,2026-09-08T16:42:02Z
4337,fy6vCtlZxyU,Band Concert 072114,https://www.youtube.com/watch?v=fy6vCtlZxyU,,4050,10,2026-09-08T16:42:02Z
4338,36gJ1s-vie8,Selectmen Meeting 07.22.14,https://www.youtube.com/watch?v=36gJ1s-vie8,,6904,95,2026-09-08T16:42:02Z
4339,ErdgZuJ32os,Selectmen Meeting 07.15.14,https://www.youtube.com/watch?v=ErdgZuJ32os,,7529,59,2026-09-08T16:42:02Z
4340,njVkioylspY,LaTabella  -  Jumbo Meatballs,https://www.youtube.com/watch?v=njVkioylspY,,1798,120,2026-09-08T16:42:02Z
4341,HGiC4glD9WQ,Plannning Board Meeting 07.14.14,https://www.youtube.com/watch?v=HGiC4glD9WQ,,13369,48,2026-09-08T16:42:02Z
4342,L5LxEJe7q0o,Lunenburg Town Band Concert  07.14.14,https://www.youtube.com/watch?v=L5LxEJe7q0o,,2377,132,2026-09-08T16:42:02Z
4343,Y3AAe3aAfhc,Eagle House Announcements - July / August 2014,https://www.youtube.com/watch?v=Y3AAe3aAfhc,,1592,20,2026-09-08T16:42:02Z
4344,LhVftUKPHMs,Zoning Board of Appeals 07.09.14,https://www.youtube.com/watch?v=LhVftUKPHMs,,1001,20,2026-09-08T16:42:02Z
4345,jpAvblLP1Ew,Selectmen Meeting 07.08.14,https://www.youtube.com/watch?v=jpAvblLP1Ew,,2941,33,2026-09-08T16:42:02Z
4346,38XpFVyL2kA,Hickory Hills Boat Parade 2014,https://www.youtube.com/watch?v=38XpFVyL2kA,,513,129,2026-09-08T16:42:02Z
4347,U8kw8wKLAIQ,Selectmen Meeting 07.01.14,https://www.youtube.com/watch?v=U8kw8wKLAIQ,,7475,44,2026-09-08T16:42:02Z
4348,WLnP1uSGm34,Historical Commission Visioning Session 06.30.14,https://www.youtube.com/watch?v=WLnP1uSGm34,,2752,21,2026-09-08T16:42:02Z
4349,7H-GSmW-V4w,Zoning Board of Appeals 06.25.14,https://www.youtube.com/watch?v=7H-GSmW-V4w,,9791,12,2026-09-08T16:42:02Z
4350,PwFADMa7F14,Sewer Committee Meeting 06.24.14,https://www.youtube.com/watch?v=PwFADMa7F14,,3617,15,2026-09-08T16:42:02Z
4351,zBEj069s9WA,school Committee Meeting 06.18.14,https://www.youtube.com/watch?v=zBEj069s9WA,,7206,145,2026-09-08T16:42:02Z
4352,btjmX_gnK54,Planning Board Meeting 06.23.14,https://www.youtube.com/watch?v=btjmX_gnK54,,9711,20,2026-09-08T16:42:02Z
4353,HWCc5vdtGi8,Lnenburg360 with Dave Matthews - Episode #1,https://www.youtube.com/watch?v=HWCc5vdtGi8,,1825,41,2026-09-08T16:42:02Z
4354,hQtKeqtmtWk,Selectmen Meeting 06.17.14,https://www.youtube.com/watch?v=hQtKeqtmtWk,,1690,19,2026-09-08T16:42:02Z
4355,xaIiydKf_RA,LaTabella Steak Pizziaola,https://www.youtube.com/watch?v=xaIiydKf_RA,,1806,37,2026-09-08T16:42:02Z
4356,Y9YMfJWUJgQ,LHS Graduation 2014,https://www.youtube.com/watch?v=Y9YMfJWUJgQ,,3312,146,2026-09-08T16:42:02Z
4357,54JZ95dOVrM,THMSPodcast 06.16.14 - The last week of school!,https://www.youtube.com/watch?v=54JZ95dOVrM,,105,14,2026-09-08T16:42:02Z
4358,Tfmk3I84Rg4,Selectmen Meeting 06.10.14,https://www.youtube.com/watch?v=Tfmk3I84Rg4,,5262,20,2026-09-08T16:42:02Z
4359,eNTNxybRV2Q,ZBA Mtg 06.11.14,https://www.youtube.com/watch?v=eNTNxybRV2Q,,11337,10,2026-09-08T16:42:02Z
4360,tvrtXDhW07c,Planning Board 06.09.14,https://www.youtube.com/watch?v=tvrtXDhW07c,,10181,43,2026-09-08T16:42:02Z
4361,21hxVMB8WtI,School Committee - 06.04.14,https://www.youtube.com/watch?v=21hxVMB8WtI,,5243,16,2026-09-08T16:42:02Z
4362,lwRnAlRnGbY,Selectmen Meeting - 06.03.14,https://www.youtube.com/watch?v=lwRnAlRnGbY,,5918,36,2026-09-08T16:42:02Z
4363,WmOu55pXN8Y,THMS Spring Concert 2014,https://www.youtube.com/watch?v=WmOu55pXN8Y,,3838,149,2026-09-08T16:42:02Z
4364,-fNxAYBV8ac,THMS Podcast 06.02.14,https://www.youtube.com/watch?v=-fNxAYBV8ac,,83,11,2026-09-08T16:42:02Z
4365,pQqvxrnWPJo,ZBA Meeting - 05.28.14,https://www.youtube.com/watch?v=pQqvxrnWPJo,,5990,6,2026-09-08T16:42:02Z
4366,CS72qfiLeV0,Sewer Commission 05.27.14,https://www.youtube.com/watch?v=CS72qfiLeV0,,4765,27,2026-09-08T16:42:02Z
4367,WXLmVg5T10o,THMS Podcast - Week of 05.26.14,https://www.youtube.com/watch?v=WXLmVg5T10o,,124,9,2026-09-08T16:42:02Z
4368,LnODeu7yCSQ,Selectmen Meeting 05.20.14,https://www.youtube.com/watch?v=LnODeu7yCSQ,,6223,26,2026-09-08T16:42:02Z
4369,fHuAfm_G-8A,LHS POPs Concert 2014,https://www.youtube.com/watch?v=fHuAfm_G-8A,,5461,56,2026-09-08T16:42:02Z
4370,jd-FPs_Dlog,THMS Podcast 05.19.14,https://www.youtube.com/watch?v=jd-FPs_Dlog,,99,7,2026-09-08T16:42:02Z
4371,iozSAkJMuUA,Mario Patacchiola Bocce Court Dedication & Grand Opening - Eagle House Senior Center 05.13.14,https://www.youtube.com/watch?v=iozSAkJMuUA,,1582,104,2026-09-08T16:42:02Z
4372,rjexY11ao78,Selectmen Meeting - 05.13.14,https://www.youtube.com/watch?v=rjexY11ao78,,4191,32,2026-09-08T16:42:02Z
4373,OJloAP98XlY,Planning Board Meeting - 05.12.14,https://www.youtube.com/watch?v=OJloAP98XlY,,10912,53,2026-09-08T16:42:02Z
4374,ZDwrZdJJh1E,Project 351 Follow-Up and Thank You Message with Jack Meilleur,https://www.youtube.com/watch?v=ZDwrZdJJh1E,,257,148,2026-09-08T16:42:02Z
4375,NnDlSQRce1Q,THMS Podcast 051214,https://www.youtube.com/watch?v=NnDlSQRce1Q,,99,8,2026-09-08T16:42:02Z
4376,ed_JnimQF8c,School Committee Meeting 05.07.14,https://www.youtube.com/watch?v=ed_JnimQF8c,,5814,28,2026-09-08T16:42:02Z
4377,2kehYmsdn_o,4.2.14 - School Comm. Meeting ALICE Training Presentation,https://www.youtube.com/watch?v=2kehYmsdn_o,,1425,51,2026-09-08T16:42:02Z
4378,GoYTL-oNOas,Town Meeting 05.03.14,https://www.youtube.com/watch?v=GoYTL-oNOas,,14392,36,2026-09-08T16:42:02Z
4379,ZxRzGbGeYPQ,Selectmen Meeting 05.06.14,https://www.youtube.com/watch?v=ZxRzGbGeYPQ,,4666,40,2026-09-08T16:42:02Z
4380,rCx2Bs_bXJ8,THMSPodcast050514,https://www.youtube.com/watch?v=rCx2Bs_bXJ8,,111,19,2026-09-08T16:42:02Z
4381,8_7uP9afuzA,Selectmen Candidate Debate 04.30.14,https://www.youtube.com/watch?v=8_7uP9afuzA,,7707,237,2026-09-08T16:42:02Z
4382,xwrjPSTZsIA,Selectmen Meeing 04.29.14,https://www.youtube.com/watch?v=xwrjPSTZsIA,,9820,18,2026-09-08T16:42:02Z
4383,syIX9LXoMF0,Lunenburg Public Access -  Show Ideas,https://www.youtube.com/watch?v=syIX9LXoMF0,,19,103,2026-09-08T16:42:02Z
4384,dI_nlMtWDzg,THMS Podcast - Week of 04.28.14,https://www.youtube.com/watch?v=dI_nlMtWDzg,,90,10,2026-09-08T16:42:02Z
4385,MnBwb5qbqzU,Zoning Board of Appeals - 04.23.14,https://www.youtube.com/watch?v=MnBwb5qbqzU,,7186,20,2026-09-08T16:42:02Z
4386,-cXmAu9jtDk,Selectmen Meeting 04.22.14,https://www.youtube.com/watch?v=-cXmAu9jtDk,,7263,36,2026-09-08T16:42:02Z
4387,htuM7LyC5qM,Lane Property Acquisition Overview - Town Meeting Vote,https://www.youtube.com/watch?v=htuM7LyC5qM,,430,276,2026-09-08T16:42:02Z
4388,BnZiNuPTIPI,Selectmen Meeting 04.15.14,https://www.youtube.com/watch?v=BnZiNuPTIPI,,5174,59,2026-09-08T16:42:02Z
4389,n_5cGJEB3ME,Planning Board Meeting 04.14.14,https://www.youtube.com/watch?v=n_5cGJEB3ME,,7358,38,2026-09-08T16:42:02Z
4390,RJCytahwXxc,THMS Podcast for the week of 04.14.14,https://www.youtube.com/watch?v=RJCytahwXxc,,93,7,2026-09-08T16:42:02Z
4391,1chWdBzr7RQ,Lunenburg Sewer Commission Wastewater and Sewage PSA,https://www.youtube.com/watch?v=1chWdBzr7RQ,,878,76,2026-09-08T16:42:02Z
4392,rfFjY9ueOs8,Zoning Board of Appeals 04.09.14,https://www.youtube.com/watch?v=rfFjY9ueOs8,,11506,12,2026-09-08T16:42:02Z
4393,0dlung0-kaM,Selectmen Meeting 04.08.14,https://www.youtube.com/watch?v=0dlung0-kaM,,6163,23,2026-09-08T16:42:02Z
4394,JlT6Hqoi74k,THMS Podcast for the week of 04.07.14,https://www.youtube.com/watch?v=JlT6Hqoi74k,,83,5,2026-09-08T16:42:02Z
4395,A76gkF8zW6E,Finance Committee - Budget 04.03.14,https://www.youtube.com/watch?v=A76gkF8zW6E,,7799,14,2026-09-08T16:42:02Z
4396,kdi4HPLjbvc,School Committee Meeting  04.02.14,https://www.youtube.com/watch?v=kdi4HPLjbvc,,5404,13,2026-09-08T16:42:02Z
4397,h7BcNdvDAKs,Selectmen Meeting 04.01.14,https://www.youtube.com/watch?v=h7BcNdvDAKs,,7832,24,2026-09-08T16:42:02Z
4398,jvdIxXhI6ts,LHS Senior Showcase Concert - 03.28.14,https://www.youtube.com/watch?v=jvdIxXhI6ts,,4684,159,2026-09-08T16:42:02Z
4399,99kNoQbbeGs,New Clothing Drive for Homeless Children 3/30/14 to 4/10/14 - Project 351 PSA,https://www.youtube.com/watch?v=99kNoQbbeGs,,365,98,2026-09-08T16:42:02Z
4400,ri3K0iphImk,THMS Podcast for the week of 03.31.14,https://www.youtube.com/watch?v=ri3K0iphImk,,84,7,2026-09-08T16:42:02Z
4401,UTQPme-_cj4,Finance Committee Budget Meeting 03.27.14,https://www.youtube.com/watch?v=UTQPme-_cj4,,8781,94,2026-09-08T16:42:02Z
4402,SnI1aIE1JBI,Zoaning Board of Appeals 03.26.14,https://www.youtube.com/watch?v=SnI1aIE1JBI,,4032,55,2026-09-08T16:42:02Z
4403,-BvhqDkbIRA,Sewer Commission Meeting  03.25.14,https://www.youtube.com/watch?v=-BvhqDkbIRA,,4280,26,2026-09-08T16:42:02Z
4404,CmXPllqHKdU,Planning Board Meeting - 03.24.14,https://www.youtube.com/watch?v=CmXPllqHKdU,,8956,34,2026-09-08T16:42:02Z
4405,yWhQLRgKh6Y,LHS Men's Alumni Basketball Game 03.15.14,https://www.youtube.com/watch?v=yWhQLRgKh6Y,,3752,24,2026-09-08T16:42:02Z
4406,YKwBHWnKaJs,LHS Alumni Basketball - Women's Game 03.15.14,https://www.youtube.com/watch?v=YKwBHWnKaJs,,3686,49,2026-09-08T16:42:02Z
4407,L7F2GHto034,THMS Podcast - Week of 03.24.14,https://www.youtube.com/watch?v=L7F2GHto034,,82,3,2026-09-08T16:42:02Z
4408,Ek-E5flRzWM,Finance Committee Meeting - Budget 03.20.14,https://www.youtube.com/watch?v=Ek-E5flRzWM,,6540,14,2026-09-08T16:42:02Z
4409,Sa8ElBGelRY,School Committee Meeting  -  03.19.14,https://www.youtube.com/watch?v=Sa8ElBGelRY,,3159,18,2026-09-08T16:42:02Z
4410,2QKqEs0u0nw,Board of Selectmen 03.18.14,https://www.youtube.com/watch?v=2QKqEs0u0nw,,4752,46,2026-09-08T16:42:02Z
4411,_R1XXXRoG2Y,LHS Hockey vs NMiddlesex - Div 3A Finals 03.10.14,https://www.youtube.com/watch?v=_R1XXXRoG2Y,,4497,365,2026-09-08T16:42:02Z
4412,317xBKC-S2Q,THMS Podcast for the week of 03.17.14,https://www.youtube.com/watch?v=317xBKC-S2Q,,121,11,2026-09-08T16:42:02Z
4413,MKRzn8ImAt4,Finance Budget 03.13.14,https://www.youtube.com/watch?v=MKRzn8ImAt4,,10576,29,2026-09-08T16:42:02Z
4414,VVVz6DLOugM,Eagle House Announcements - March/April and beyond,https://www.youtube.com/watch?v=VVVz6DLOugM,,1623,10,2026-09-08T16:42:02Z
4415,DvniF6t5RiI,LHS Hockey vs Worcester - Semi Finals 03.05.14,https://www.youtube.com/watch?v=DvniF6t5RiI,,3840,51,2026-09-08T16:42:02Z
4416,gDvOFQ1b2k0,Board of Selectmen Meeting - 03.11.14,https://www.youtube.com/watch?v=gDvOFQ1b2k0,,6952,176,2026-09-08T16:42:02Z
4417,-XGreDrMA30,Planning Board Meeting  03.10.14,https://www.youtube.com/watch?v=-XGreDrMA30,,7077,21,2026-09-08T16:42:02Z
4418,P5wL0vmW0u0,THMSPodcast031014,https://www.youtube.com/watch?v=P5wL0vmW0u0,,119,6,2026-09-08T16:42:02Z
4419,DfrCawUYrBY,LHS Hockey vs Grafton 03.01.14,https://www.youtube.com/watch?v=DfrCawUYrBY,,3935,131,2026-09-08T16:42:02Z
4420,zfnPvJcxBnI,Finance Committee - Budget Hearings 03.06.14,https://www.youtube.com/watch?v=zfnPvJcxBnI,,8705,29,2026-09-08T16:42:02Z
4421,jDjlYydotdg,School Committe Meeting  03.05.14,https://www.youtube.com/watch?v=jDjlYydotdg,,4495,16,2026-09-08T16:42:02Z
4422,cz63-uw7ZoY,Selectmen Meeting 03.04.14,https://www.youtube.com/watch?v=cz63-uw7ZoY,,5921,49,2026-09-08T16:42:02Z
4423,_mrCOR3lli0,THMS Podcast - Week of 03.03.14,https://www.youtube.com/watch?v=_mrCOR3lli0,,118,7,2026-09-08T16:42:02Z
4424,1QwnGTfkx0M,School Committee Meeting 02.26.14,https://www.youtube.com/watch?v=1QwnGTfkx0M,,4853,18,2026-09-08T16:42:02Z
4425,q8B6W3q3QkQ,Finance Committee Meeting 02.27.14,https://www.youtube.com/watch?v=q8B6W3q3QkQ,,8495,34,2026-09-08T16:42:02Z
4426,5xP1fgkWw1w,Zoaning Board of Appeals 02.26.14,https://www.youtube.com/watch?v=5xP1fgkWw1w,,10661,13,2026-09-08T16:42:02Z
4427,em16UPTO3Rc,Sewer Commission Meeting - 02.25.14,https://www.youtube.com/watch?v=em16UPTO3Rc,,7524,50,2026-09-08T16:42:02Z
4428,gAnoFw_owCw,LaTabella Roast Pork and a Visit to Hollis Hills Farm,https://www.youtube.com/watch?v=gAnoFw_owCw,,1791,178,2026-09-08T16:42:02Z
4429,vJfh6Y3hC-w,THMSPodcast,https://www.youtube.com/watch?v=vJfh6Y3hC-w,,138,19,2026-09-08T16:42:02Z
4430,F-IOno32R8c,LHS Varsity Hockey vs Worcester 02.16.14,https://www.youtube.com/watch?v=F-IOno32R8c,,4451,293,2026-09-08T16:42:02Z
4431,HZ1TlenA8jk,LHS Girls Varsity Basketball vs Fitchburg - 02.17.14,https://www.youtube.com/watch?v=HZ1TlenA8jk,,4817,43,2026-09-08T16:42:02Z
4432,OXs3nTEiPQg,LHS Boys Varsity Basketball vs Hudson - 02.12.14,https://www.youtube.com/watch?v=OXs3nTEiPQg,,3503,54,2026-09-08T16:42:02Z
4433,oaG7n685Fcw,LHS Boys Varsity Basketball vs Tyngsboro - 02.07.14,https://www.youtube.com/watch?v=oaG7n685Fcw,,3756,426,2026-09-08T16:42:02Z
4434,Z7npgAWKtDE,LHS Girls Varsity Basketball vs Clinton 01.30.14,https://www.youtube.com/watch?v=Z7npgAWKtDE,,4012,52,2026-09-08T16:42:02Z
4435,ohnkZ2DrN4I,Zoning Board of Appeals - 02.12.14,https://www.youtube.com/watch?v=ohnkZ2DrN4I,,6112,17,2026-09-08T16:42:02Z
4436,JGXAp0TbHrc,Board of Selectmen Meeting - 02.11.14,https://www.youtube.com/watch?v=JGXAp0TbHrc,,4296,57,2026-09-08T16:42:02Z
4437,IsYl3wJzd7M,Planning Board - 02.10.14,https://www.youtube.com/watch?v=IsYl3wJzd7M,,8361,31,2026-09-08T16:42:02Z
4438,lkC_ebNnWNg,LHS Boys Basketball vs Oakmnt - 01.17.14,https://www.youtube.com/watch?v=lkC_ebNnWNg,,3595,45,2026-09-08T16:42:02Z
4439,pXwvDfMNlcs,THMSPodcast,https://www.youtube.com/watch?v=pXwvDfMNlcs,,138,7,2026-09-08T16:42:02Z
4440,32VVlCqgAHk,"Selectmen Meeting - 02,04,14",https://www.youtube.com/watch?v=32VVlCqgAHk,,8463,33,2026-09-08T16:42:02Z
4441,F0FzAtvs-sw,Sewer Commission Mtg - 01.28.14,https://www.youtube.com/watch?v=F0FzAtvs-sw,,6228,14,2026-09-08T16:42:02Z
4442,qOFDjunvhnA,LaTabella with Mario and Phyllis  -  Nona's Sunday Supper,https://www.youtube.com/watch?v=qOFDjunvhnA,,1788,20,2026-09-08T16:42:02Z
4443,FtbmnLUEBng,THMS Podcast for the week of 02.03.14,https://www.youtube.com/watch?v=FtbmnLUEBng,,118,6,2026-09-08T16:42:02Z
4444,iFw3k6HdrFY,LHS Girls Basketball vs Oakmont  -  01.17.14,https://www.youtube.com/watch?v=iFw3k6HdrFY,,5120,156,2026-09-08T16:42:02Z
4445,ivvaKZ-Zg2M,LHS Boys Basketball vs Gardner - 01.27.14,https://www.youtube.com/watch?v=ivvaKZ-Zg2M,,4145,101,2026-09-08T16:42:02Z
4446,Wroe0W3jTNA,THMS Podcast for the week of 01.27.14,https://www.youtube.com/watch?v=Wroe0W3jTNA,,93,7,2026-09-08T16:42:02Z
4447,7eKJED9Gn4c,THMS Winter Festival Concert,https://www.youtube.com/watch?v=7eKJED9Gn4c,,2984,113,2026-09-08T16:42:02Z
4448,pdSG187QDaU,School Committee Meeting - 01.22.14,https://www.youtube.com/watch?v=pdSG187QDaU,,2389,27,2026-09-08T16:42:02Z
4449,zm_-bzgYEpE,Zoning Board of Appeals - 01.22.14,https://www.youtube.com/watch?v=zm_-bzgYEpE,,3562,7,2026-09-08T16:42:02Z
4450,fSnMWpiGLps,Selectmen Meeting - 01.21.14,https://www.youtube.com/watch?v=fSnMWpiGLps,,8482,42,2026-09-08T16:42:02Z
4451,R_1epHndRXo,School Building Committee - 01.15.14,https://www.youtube.com/watch?v=R_1epHndRXo,,3720,23,2026-09-08T16:42:02Z
4452,vqq1bkqsujk,LHS Girls Basketball vs Gardener - 01.04.14,https://www.youtube.com/watch?v=vqq1bkqsujk,,4901,70,2026-09-08T16:42:02Z
4453,WoronVkiD74,LHS GIRLS  Basketball vs Tyngsboro - 01.14.14,https://www.youtube.com/watch?v=WoronVkiD74,,3769,336,2026-09-08T16:42:02Z
4454,yiYheD5KaFQ,LHS Boys Basketball  vs  Narragansett - 01.10.14,https://www.youtube.com/watch?v=yiYheD5KaFQ,,3095,175,2026-09-08T16:42:02Z
4455,2Q-WpGzaKHs,THMSPodcast,https://www.youtube.com/watch?v=2Q-WpGzaKHs,,122,10,2026-09-08T16:42:02Z
4456,ALKEF6yV9o0,Planning Board - 01.13.14,https://www.youtube.com/watch?v=ALKEF6yV9o0,,7488,33,2026-09-08T16:42:02Z
4457,ydZcZ_4vJLI,School Committee Meeting - 01.08.14,https://www.youtube.com/watch?v=ydZcZ_4vJLI,,3615,15,2026-09-08T16:42:02Z
4458,TLGK5wP-g3o,THMS Podcast - 01.13.14,https://www.youtube.com/watch?v=TLGK5wP-g3o,,103,11,2026-09-08T16:42:02Z
4459,fVIV9a43yd4,"Lunenburg Special Town Meeting - January 07, 2014",https://www.youtube.com/watch?v=fVIV9a43yd4,,6863,106,2026-09-08T16:42:02Z
4460,JfYa2VVAK9Q,Eagle House Announcements - January/February 2014,https://www.youtube.com/watch?v=JfYa2VVAK9Q,,1844,11,2026-09-08T16:42:02Z
4461,yka-y65vrQc,Zoning Board of Appeals - 01.08.14,https://www.youtube.com/watch?v=yka-y65vrQc,,8152,40,2026-09-08T16:42:02Z
4462,YegHEl9BiGM,LHS Girls Basketball vs Maynrd - 12.20.13,https://www.youtube.com/watch?v=YegHEl9BiGM,,4001,31,2026-09-08T16:42:02Z
4463,wF0eMqO0uUc,LHS Girls Basketball vs Bromfield - 12.18.13,https://www.youtube.com/watch?v=wF0eMqO0uUc,,4793,84,2026-09-08T16:42:02Z
4464,BWE5hryxEJM,LHS Boys Basketball vs Ayer 12.23.13,https://www.youtube.com/watch?v=BWE5hryxEJM,,4826,214,2026-09-08T16:42:02Z
4465,hYTR5XYwbFk,LaTabella with Mario and Phyllis - Roasted Sausage,https://www.youtube.com/watch?v=hYTR5XYwbFk,,1689,44,2026-09-08T16:42:02Z
4466,YVzPHyj3VJo,YULE LOG,https://www.youtube.com/watch?v=YVzPHyj3VJo,,121,24,2026-09-08T16:42:02Z
4467,RwUgNJWh6T8,Finance Committee Meeting - 12.19.13,https://www.youtube.com/watch?v=RwUgNJWh6T8,,5578,65,2026-09-08T16:42:02Z
4468,XsxTx80W7dM,THMS Podcast - 01.06.14,https://www.youtube.com/watch?v=XsxTx80W7dM,,97,14,2026-09-08T16:42:02Z
4469,11l37rCIa2A,SchoolComm121813,https://www.youtube.com/watch?v=11l37rCIa2A,,7556,41,2026-09-08T16:42:02Z
4470,AAZj3jRJYJ8,LHS Girls Basketball vs Leominster - 12.18.13,https://www.youtube.com/watch?v=AAZj3jRJYJ8,,5178,255,2026-09-08T16:42:02Z
4471,dkKG-ia6mo8,LHS Instrumental Concert - 12.12.13,https://www.youtube.com/watch?v=dkKG-ia6mo8,,4037,113,2026-09-08T16:42:02Z
4472,GlahXhxuHiI,Lunenburg Fire Department - SafetyDrills 12.07.13,https://www.youtube.com/watch?v=GlahXhxuHiI,,1689,298,2026-09-08T16:42:02Z
4473,ykzWTlGUzUE,Selectmen Meeting - 12.17.13,https://www.youtube.com/watch?v=ykzWTlGUzUE,,2806,56,2026-09-08T16:42:02Z
4474,L9k2ulinIMY,LHS Vocal Festival Concert - 12.10.13,https://www.youtube.com/watch?v=L9k2ulinIMY,,4413,49,2026-09-08T16:42:02Z
4475,7d1xDTZf60M,Finance Committee - 12.12.13,https://www.youtube.com/watch?v=7d1xDTZf60M,,7227,30,2026-09-08T16:42:02Z
4476,NAKcYuIbt_c,THMS Podcast - 12.16.13,https://www.youtube.com/watch?v=NAKcYuIbt_c,,113,113,2026-09-08T16:42:02Z
4477,vr_lR695a1k,Selectmen Meeting - 12.10.13,https://www.youtube.com/watch?v=vr_lR695a1k,,3140,30,2026-09-08T16:42:02Z
4478,nTCl0R4Pwdg,Lunenburg Annual Christmas Tree Lighting  Ceremony - 12-02-13,https://www.youtube.com/watch?v=nTCl0R4Pwdg,,818,111,2026-09-08T16:42:02Z
4479,4tE-dr9fzw0,THMS Podcast -  Week of 12.09.13,https://www.youtube.com/watch?v=4tE-dr9fzw0,,89,20,2026-09-08T16:42:02Z
4480,6vgTcwm1MR0,Public Access Cable Committee Meeting - 12.02.13,https://www.youtube.com/watch?v=6vgTcwm1MR0,,9566,165,2026-09-08T16:42:02Z
4481,jHCQIWAVtec,School Building Committee - Public Forum 12.05.13,https://www.youtube.com/watch?v=jHCQIWAVtec,,3159,17,2026-09-08T16:42:02Z
4482,-7xcfNQxy9I,School Committee Meeting - 12.04.13,https://www.youtube.com/watch?v=-7xcfNQxy9I,,4389,37,2026-09-08T16:42:02Z
4483,KM_pUaZejII,Selectmen Meeting - 12.03.13,https://www.youtube.com/watch?v=KM_pUaZejII,,7927,44,2026-09-08T16:42:02Z
4484,s7bBsYh7lI0,THMS Podcast - for the week of 12.02.13,https://www.youtube.com/watch?v=s7bBsYh7lI0,,84,7,2026-09-08T16:42:02Z
4485,JHn6Ae7vsVI,ClockWinders,https://www.youtube.com/watch?v=JHn6Ae7vsVI,,629,255,2026-09-08T16:42:02Z
4486,nfqpzVeeSLA,Red Cross Roll Call - 11.24.13,https://www.youtube.com/watch?v=nfqpzVeeSLA,,1243,22,2026-09-08T16:42:02Z
4487,CMOb9Aurt_0,Planning Board - 11.25.13,https://www.youtube.com/watch?v=CMOb9Aurt_0,,4494,40,2026-09-08T16:42:02Z
4488,FtMyylTmxFo,THMS Podcast 11.25.13,https://www.youtube.com/watch?v=FtMyylTmxFo,,88,8,2026-09-08T16:42:02Z
4489,kWzvJq0juuo,Red Cross Roll Call,https://www.youtube.com/watch?v=kWzvJq0juuo,,1243,20,2026-09-08T16:42:02Z
4490,Dmx1hmWuGkI,LaTabella with Mario and Phyllis - Making Pumpkin Ravioli,https://www.youtube.com/watch?v=Dmx1hmWuGkI,,1801,177,2026-09-08T16:42:02Z
4491,oz_jCg6Fqs0,School Committee Meeting - 11.20.13,https://www.youtube.com/watch?v=oz_jCg6Fqs0,,6686,165,2026-09-08T16:42:02Z
4492,MKFc0wlYPKk,Selectmen Meeting - 11.19.13,https://www.youtube.com/watch?v=MKFc0wlYPKk,,7553,108,2026-09-08T16:42:02Z
4493,lOxpd0IL6t0,THMS Podcast - 11.18.13,https://www.youtube.com/watch?v=lOxpd0IL6t0,,67,13,2026-09-08T16:42:02Z
4494,oPNSZLH9ENA,Zoning Board of Appeals - 11.13.13,https://www.youtube.com/watch?v=oPNSZLH9ENA,,2552,10,2026-09-08T16:42:02Z
4495,xWjB1-qEoYM,Selectmen Meeting - 11.12.13,https://www.youtube.com/watch?v=xWjB1-qEoYM,,4492,23,2026-09-08T16:42:02Z
4496,YqMPqcnC_3I,The LIfe and Times of a British Revolutionary Soldier with Eric and Joan Niehaus,https://www.youtube.com/watch?v=YqMPqcnC_3I,,5149,417,2026-09-08T16:42:02Z
4497,8VA9I3au1eg,School Committee Meeting - 11.06.13,https://www.youtube.com/watch?v=8VA9I3au1eg,,5359,20,2026-09-08T16:42:02Z
4498,LCGLYlS2gxc,Ch9 - THMS Podcast  -  11.11.13,https://www.youtube.com/watch?v=LCGLYlS2gxc,,80,8,2026-09-08T16:42:02Z
4499,VoPyAF2af28,Selectmen Meeting - 11.05.13,https://www.youtube.com/watch?v=VoPyAF2af28,,6226,23,2026-09-08T16:42:02Z
4500,jpGLjqjucnM,Lunenburg Safety Center Open House,https://www.youtube.com/watch?v=jpGLjqjucnM,,1059,20,2026-09-08T16:42:02Z
4501,-JmRkfBzZIw,LHS Boys Soccer vs. Tyngsboro  -  10.23.13,https://www.youtube.com/watch?v=-JmRkfBzZIw,,5339,217,2026-09-08T16:42:02Z
4502,QkBh_YWn9S8,LHS Girls Soccer vs. Lemnster -10.21.13,https://www.youtube.com/watch?v=QkBh_YWn9S8,,4730,34,2026-09-08T16:42:02Z
4503,tNJSY5jbaY4,Homecoming Football Game vs Littleton - 10.26.13,https://www.youtube.com/watch?v=tNJSY5jbaY4,,6572,304,2026-09-08T16:42:02Z
4504,kwG6Q2sxRXU,"THMS Podcast - Week of November 4, 2013",https://www.youtube.com/watch?v=kwG6Q2sxRXU,,94,5,2026-09-08T16:42:02Z
4505,ayXN6JKmFXw,Sewer Comm Mtg  -  10.29.13,https://www.youtube.com/watch?v=ayXN6JKmFXw,,5230,14,2026-09-08T16:42:02Z
4506,LcKec8x24J0,LHS Homecoming Parade 2013,https://www.youtube.com/watch?v=LcKec8x24J0,,701,99,2026-09-08T16:42:02Z
4507,M9vkSVqZDHs,ZBA Meeting  - 10.23.13,https://www.youtube.com/watch?v=M9vkSVqZDHs,,8002,14,2026-09-08T16:42:02Z
4508,GAGPsRk9s88,THMS Podcast for the week of 10.28.13,https://www.youtube.com/watch?v=GAGPsRk9s88,,75,12,2026-09-08T16:42:02Z
4509,5fVoo04rcsU,Don't Miss the LHS Homecoming This Saturday - 10/26/13,https://www.youtube.com/watch?v=5fVoo04rcsU,,104,55,2026-09-08T16:42:02Z
4510,xlIt-8B5fn4,Selectmen Meeting - 10.22.13,https://www.youtube.com/watch?v=xlIt-8B5fn4,,9899,48,2026-09-08T16:42:02Z
4511,LQKFzA9QqFw,Eagle House Announcements - 10.21.13,https://www.youtube.com/watch?v=LQKFzA9QqFw,,1364,8,2026-09-08T16:42:02Z
4512,rv7V6nC0bEI,LHS Building Tour - August 2013,https://www.youtube.com/watch?v=rv7V6nC0bEI,,678,63,2026-09-08T16:42:02Z
4513,xJQlqb79lpA,LaTabella with Mario & Phyllis - Phyllis' Bountiful Garden    Episode 4,https://www.youtube.com/watch?v=xJQlqb79lpA,,1804,134,2026-09-08T16:42:02Z
4514,7pwhIvNov3A,School Committee Mtg  -  10.16.13,https://www.youtube.com/watch?v=7pwhIvNov3A,,3416,96,2026-09-08T16:42:02Z
4515,xMT-UC3a9tg,THMS Podcast for the week of 10.21.13,https://www.youtube.com/watch?v=xMT-UC3a9tg,,148,7,2026-09-08T16:42:02Z
4516,hSqD5TRbSTg,Selectmen Meeting - 10.15.13,https://www.youtube.com/watch?v=hSqD5TRbSTg,,3079,30,2026-09-08T16:42:02Z
4517,8HqpZ1U9D1c,Finance Committee - 10.10.13,https://www.youtube.com/watch?v=8HqpZ1U9D1c,,7208,34,2026-09-08T16:42:02Z
4518,obqo2o6rTdc,"THMS Podcast for the week of October 14, 2013",https://www.youtube.com/watch?v=obqo2o6rTdc,,100,6,2026-09-08T16:42:02Z
4519,Jji_ylNJxX8,Selectmen Meeting - 10.08.13,https://www.youtube.com/watch?v=Jji_ylNJxX8,,3147,20,2026-09-08T16:42:02Z
4520,Szc90nSCgLg,LHS Football vs W. Boylston - 09.27.13,https://www.youtube.com/watch?v=Szc90nSCgLg,,2660,26,2026-09-08T16:42:02Z
4521,Re89HvEr-ds,LHS Boys Soccer vs Gardner - 09.23.13,https://www.youtube.com/watch?v=Re89HvEr-ds,,4786,129,2026-09-08T16:42:02Z
4522,7kZQuhRJwWk,THMS Podcast - 10.07.13,https://www.youtube.com/watch?v=7kZQuhRJwWk,,72,7,2026-09-08T16:42:02Z
4523,egFf_C-Cg88,LHS Alumni Athletic Hall of Fame - Part 2  9/26/13,https://www.youtube.com/watch?v=egFf_C-Cg88,,2576,28,2026-09-08T16:42:02Z
4524,EYX1hAkSXMs,School Committee - 10.02.13,https://www.youtube.com/watch?v=EYX1hAkSXMs,,6793,44,2026-09-08T16:42:02Z
4525,JDAQGsIZYxs,LHS Varsity Football vs. West Boylston - 09.27.13,https://www.youtube.com/watch?v=JDAQGsIZYxs,,5566,148,2026-09-08T16:42:02Z
4526,vJSZWFeXLbE,LHS Boys Varsity Soccer vs. Ayer/Shirley - 09.27.13,https://www.youtube.com/watch?v=vJSZWFeXLbE,,4136,193,2026-09-08T16:42:02Z
4527,wL4wrJMOzZg,Selectmen Meeting - 10.01.13,https://www.youtube.com/watch?v=wL4wrJMOzZg,,11942,50,2026-09-08T16:42:02Z
4528,RZ7zBkEHFM8,School Building Committee  -  09.30.13,https://www.youtube.com/watch?v=RZ7zBkEHFM8,,5943,24,2026-09-08T16:42:02Z
4529,eHIde1STbsE,LHS Field Hockey vs Oakmont - 09.20.13,https://www.youtube.com/watch?v=eHIde1STbsE,,3568,140,2026-09-08T16:42:02Z
4530,Cfo9W5l7MQ8,"THMS Podcast - Week of September 30, 2013",https://www.youtube.com/watch?v=Cfo9W5l7MQ8,,96,5,2026-09-08T16:42:02Z
4531,Wi2bRgmXy3Y,LHS Girls Soccer vsOakmont - 9.16.13,https://www.youtube.com/watch?v=Wi2bRgmXy3Y,,2500,44,2026-09-08T16:42:02Z
4532,jAzjpPL529I,Zoning Board of Appeals - 09.25.13,https://www.youtube.com/watch?v=jAzjpPL529I,,10664,13,2026-09-08T16:42:02Z
4533,dEVexiwyeG0,LaTabella with Mario and Phyllis - Gnocchi: Episode 3,https://www.youtube.com/watch?v=dEVexiwyeG0,,1915,117,2026-09-08T16:42:02Z
4534,ZeK2k5QtF90,Sewer Commission Meeting - 09.24.13,https://www.youtube.com/watch?v=ZeK2k5QtF90,,3982,14,2026-09-08T16:42:02Z
4535,s3x3biPQ_L4,LHS Girls Varsity Field Hockey - 09.23.13,https://www.youtube.com/watch?v=s3x3biPQ_L4,,3985,102,2026-09-08T16:42:02Z
4536,A6QlZcXaMLw,LHS Girls Soccer - LHS vs Fitchburg 09.20.13,https://www.youtube.com/watch?v=A6QlZcXaMLw,,4694,185,2026-09-08T16:42:02Z
4537,mwIgT_TtYoQ,Selectmen Meeting - 09.17.13,https://www.youtube.com/watch?v=mwIgT_TtYoQ,,5994,26,2026-09-08T16:42:02Z
4538,sBsh5IGD90I,"THMS Podcast - Week of September 23, 2013",https://www.youtube.com/watch?v=sBsh5IGD90I,,91,4,2026-09-08T16:42:02Z
4539,GZgou3tXBp0,LHS FRESHMAN FOOTBALL - 09.12.13,https://www.youtube.com/watch?v=GZgou3tXBp0,,3552,134,2026-09-08T16:42:02Z
4540,PBi9zqAUHOQ,Varsity Football - LHS vs Murdock 09.13.13,https://www.youtube.com/watch?v=PBi9zqAUHOQ,,6415,165,2026-09-08T16:42:02Z
4541,bco0B2RbJyE,Zoning Board - 09.11.13,https://www.youtube.com/watch?v=bco0B2RbJyE,,5087,23,2026-09-08T16:42:02Z
4542,TYjk3juHLNo,Selectmen Meeting - 09.10.13,https://www.youtube.com/watch?v=TYjk3juHLNo,,7540,80,2026-09-08T16:42:02Z
4543,7PX0YramRPw,Planning Board - 09.09.13,https://www.youtube.com/watch?v=7PX0YramRPw,,4302,35,2026-09-08T16:42:02Z
4544,abmJ6JiddBE,LHS - Girls Varsity Field Hockey - 09.04.13,https://www.youtube.com/watch?v=abmJ6JiddBE,,2652,86,2026-09-08T16:42:02Z
4545,tpzfm-Nw_ZA,THMS Podcast - Week of September 9th,https://www.youtube.com/watch?v=tpzfm-Nw_ZA,,82,13,2026-09-08T16:42:02Z
4546,1nHDB9PNHZk,School Committee Meeting - 09.04.13,https://www.youtube.com/watch?v=1nHDB9PNHZk,,2143,16,2026-09-08T16:42:02Z
4547,--uah10MKvU,Eagle House Announcements - September/October 2013,https://www.youtube.com/watch?v=--uah10MKvU,,1424,14,2026-09-08T16:42:02Z
4548,3hAkMX9UYgA,Selectmen Meeting - 09.03.13,https://www.youtube.com/watch?v=3hAkMX9UYgA,,3832,32,2026-09-08T16:42:02Z
4549,qkGEEQ5srJs,"THMS Podcast - Week of September 2, 2013",https://www.youtube.com/watch?v=qkGEEQ5srJs,,89,15,2026-09-08T16:42:02Z
4550,jJ473CCZTmM,Lunenburg Public Access Volunteer PSA,https://www.youtube.com/watch?v=jJ473CCZTmM,,434,499,2026-09-08T16:42:02Z
4551,VXgT8Rr5too,Eagle House Volunteer Appreciation BBQ - August 2013,https://www.youtube.com/watch?v=VXgT8Rr5too,,1722,17,2026-09-08T16:42:02Z
4552,cGKomTOpMXc,School Building Committee 07.24.13,https://www.youtube.com/watch?v=cGKomTOpMXc,,3371,27,2026-09-08T16:42:02Z
4553,djB39Y-URAA,SchoolBuildingCommittee082813,https://www.youtube.com/watch?v=djB39Y-URAA,,3312,19,2026-09-08T16:42:02Z
4554,1Fo2v9AJ_oU,Zoning Board of Appeals - 08.28.13,https://www.youtube.com/watch?v=1Fo2v9AJ_oU,,10874,21,2026-09-08T16:42:02Z
4555,pPqhGIQgfrg,Sewer Commission - 08.27.13,https://www.youtube.com/watch?v=pPqhGIQgfrg,,3379,18,2026-09-08T16:42:02Z
4556,sH8yi54qJrU,Planning Board - 08.26.13,https://www.youtube.com/watch?v=sH8yi54qJrU,,4603,57,2026-09-08T16:42:02Z
4557,Ij5MGy8NiTc,LaTabella with Mario and Phyllis Episode2 - Braciole,https://www.youtube.com/watch?v=Ij5MGy8NiTc,,1782,421,2026-09-08T16:42:02Z
4558,Dq6U4bz6vOY,Selectmen Meeting  - 08.20.13,https://www.youtube.com/watch?v=Dq6U4bz6vOY,,1892,25,2026-09-08T16:42:02Z
4559,SoJ3-kowuqk,Zoning Board of Appeals - 07.10.13,https://www.youtube.com/watch?v=SoJ3-kowuqk,,6420,10,2026-09-08T16:42:02Z
4560,eYAa-WLhmZU,Zoning Board of Appeals - 08.14.13,https://www.youtube.com/watch?v=eYAa-WLhmZU,,5471,18,2026-09-08T16:42:02Z
4561,ibqQAsqd2hE,Band Concert - 07.15.13,https://www.youtube.com/watch?v=ibqQAsqd2hE,,4072,18,2026-09-08T16:42:02Z
4562,YTwqOKCwCYU,Band Concert - 07.08.13,https://www.youtube.com/watch?v=YTwqOKCwCYU,,3563,8,2026-09-08T16:42:02Z
4563,sqO_Pf33uZo,Selectmen Meeting - 08.13.13,https://www.youtube.com/watch?v=sqO_Pf33uZo,,11532,40,2026-09-08T16:42:02Z
4564,z2swllG1iE8,Planning Board - 08.12.13,https://www.youtube.com/watch?v=z2swllG1iE8,,10511,37,2026-09-08T16:42:02Z
4565,1zAJEBmzcIo,Cardboard Boat Race - August 3,https://www.youtube.com/watch?v=1zAJEBmzcIo,,1084,112,2026-09-08T16:42:02Z
4566,o0BaN8mclOA,Zoning Board of Appeals - 07.24.13,https://www.youtube.com/watch?v=o0BaN8mclOA,,7465,8,2026-09-08T16:42:02Z
4567,pZDpTNSJV38,Selectmen Meeting - 08.06.13,https://www.youtube.com/watch?v=pZDpTNSJV38,,4845,27,2026-09-08T16:42:02Z
4568,0YJSBY-9lsw,Planning Board - 06.10.13,https://www.youtube.com/watch?v=0YJSBY-9lsw,,6959,24,2026-09-08T16:42:02Z
4569,4UYDwuHQaeg,Selectmen Mtg - 07.09.13,https://www.youtube.com/watch?v=4UYDwuHQaeg,,4957,250,2026-09-08T16:42:02Z
4570,rEas6xA-KrA,Selectmen Mtg - 07.16.13,https://www.youtube.com/watch?v=rEas6xA-KrA,,6205,68,2026-09-08T16:42:02Z
4571,0JpBvd3Btq4,Selectmen Meeting - 07.23.12,https://www.youtube.com/watch?v=0JpBvd3Btq4,,3370,80,2026-09-08T16:42:02Z
4572,CDW6Nwubqqw,Planning Board - 07.08.13,https://www.youtube.com/watch?v=CDW6Nwubqqw,,5283,26,2026-09-08T16:42:02Z
4573,g19CDRLzoDU,Planning Board - 07.22.13,https://www.youtube.com/watch?v=g19CDRLzoDU,,9193,156,2026-09-08T16:42:02Z
4574,z2b-elH7y1g,Sewer Committee Meeting - 07.30.13,https://www.youtube.com/watch?v=z2b-elH7y1g,,5628,12,2026-09-08T16:42:02Z
4575,BwZtTNjzjnU,LHS Alumni Athletic Hall of Fame - 2013 Inductees,https://www.youtube.com/watch?v=BwZtTNjzjnU,,3876,108,2026-09-08T16:42:02Z
4576,u-pH1_wVLEc,LaTabella with Mario and Phyllis Andella - Episode 1 Making Fresh Pasta,https://www.youtube.com/watch?v=u-pH1_wVLEc,,2422,362,2026-09-08T16:42:02Z
4577,XM3besXa7g8,Turkey Hill Gardeners,https://www.youtube.com/watch?v=XM3besXa7g8,,741,57,2026-09-08T16:42:02Z
4578,asfh7dOTFaY,Hickory Hills BoatParade 2013,https://www.youtube.com/watch?v=asfh7dOTFaY,,388,100,2026-09-08T16:42:02Z
4579,R_paGErWysM,"LaTabella with Mario and Phyllis Andella - Making Fresh Pasta ""Sneak Peek""",https://www.youtube.com/watch?v=R_paGErWysM,,284,256,2026-09-08T16:42:02Z
4580,5cEAEEkE3c0,Chief Sullivan - The Dangers of Illegal Fireworks,https://www.youtube.com/watch?v=5cEAEEkE3c0,,416,104,2026-09-08T16:42:02Z
4581,RM5tpVcmPzU,Zoning Board of Appeals -  06/26/13,https://www.youtube.com/watch?v=RM5tpVcmPzU,,2276,68,2026-09-08T16:42:02Z
4582,2zMn2XtZJUA,School Building Committee - 6/17/13,https://www.youtube.com/watch?v=2zMn2XtZJUA,,3234,68,2026-09-08T16:42:02Z
4583,Ht-77HPOjSE,Doreen Noble - Stand Up,https://www.youtube.com/watch?v=Ht-77HPOjSE,,1018,162,2026-09-08T16:42:02Z
4584,o9-0UZV_a5Y,Bea Adams - Post WWII Germany,https://www.youtube.com/watch?v=o9-0UZV_a5Y,,4711,227,2026-09-08T16:42:02Z
4585,tub7e2sPfws,Heritage of Turkey Hills Walking Tour - Third Grade Event - 6/12/13,https://www.youtube.com/watch?v=tub7e2sPfws,,3687,188,2026-09-08T16:42:02Z
4586,WLo0NVB_wTE,THMS Podcast 031713 - Last Full Week of School!!!,https://www.youtube.com/watch?v=WLo0NVB_wTE,,104,31,2026-09-08T16:42:02Z
4587,KckY_wGQbiA,sewer05282013,https://www.youtube.com/watch?v=KckY_wGQbiA,,2326,96,2026-09-08T16:42:02Z
4588,R9hFzNQFC70,"LHS POPS ""Sneak Peek""",https://www.youtube.com/watch?v=R9hFzNQFC70,,1029,116,2026-09-08T16:42:02Z
4589,T-_Sl4u2oUo,"Lunenburg Historical Society - Guest Speaker Bea Adams ""Sneak Peek""",https://www.youtube.com/watch?v=T-_Sl4u2oUo,,378,60,2026-09-08T16:42:02Z
4590,hbkhr5CMXh8,THMS Spring Concert,https://www.youtube.com/watch?v=hbkhr5CMXh8,,424,134,2026-09-08T16:42:02Z
4591,2ZLL4lJA7r4,LHS POPs Sneak Peek Video,https://www.youtube.com/watch?v=2ZLL4lJA7r4,,470,107,2026-09-08T16:42:02Z
4592,k2XWzTOBukY,"THMS Podcast - Week of June 3, 2013",https://www.youtube.com/watch?v=k2XWzTOBukY,,104,28,2026-09-08T16:42:02Z
4593,osKjaXlAKSQ,Mike Underwater,https://www.youtube.com/watch?v=osKjaXlAKSQ,,32,205,2026-09-08T16:42:02Z
4594,xGfZ6mGo3Vw,THMS Podcast - Week of 5/13/13,https://www.youtube.com/watch?v=xGfZ6mGo3Vw,,104,18,2026-09-08T16:42:02Z
4595,a369fXm-IXk,THMS Podcast - Week of 5/6/13,https://www.youtube.com/watch?v=a369fXm-IXk,,104,11,2026-09-08T16:42:02Z
4596,6fclCd6JXfw,Drawbridge Puppet Theater Friday Night Concert Series - Stephanie Beach Magician,https://www.youtube.com/watch?v=6fclCd6JXfw,,511,219,2026-09-08T16:42:02Z
4597,-X2OwkNjR3o,"THMS Podcast - Week of April 29, 2013",https://www.youtube.com/watch?v=-X2OwkNjR3o,,128,5,2026-09-08T16:42:02Z
4598,p51GtMN2xiY,Eagle House Announcements - April / May 2013,https://www.youtube.com/watch?v=p51GtMN2xiY,,1281,17,2026-09-08T16:42:02Z
4599,gpYyXC8MJUs,THMS Podcast for the wk of April 22nd.  Enjoy Your Vacation Lunenburg Students!,https://www.youtube.com/watch?v=gpYyXC8MJUs,,77,11,2026-09-08T16:42:02Z
4600,WOwGDMkjXVs,Drawbridge Puppet Theater Friday Night Concerts Series - 04/05/13   Sneak Peek,https://www.youtube.com/watch?v=WOwGDMkjXVs,,521,158,2026-09-08T16:42:02Z
4601,D_HGQolDgRk,THMS Podcast 040813,https://www.youtube.com/watch?v=D_HGQolDgRk,,88,13,2026-09-08T16:42:02Z
4602,Lz0BppJy9H0,"THMS Podcast for the week of April 1, 2013",https://www.youtube.com/watch?v=Lz0BppJy9H0,,88,12,2026-09-08T16:42:02Z
4603,FpK-ECeTFGs,THMS Podcast 032513,https://www.youtube.com/watch?v=FpK-ECeTFGs,,116,5,2026-09-08T16:42:02Z
4604,NMW4u006U68,"THMS Podcast - Week of March 11, 2013",https://www.youtube.com/watch?v=NMW4u006U68,,116,3,2026-09-08T16:42:02Z
4605,2Itw2mnw1xk,Friday Night Concert Series at Drawbridge Puppet Theater - Tom Beaudreau 2/15/13,https://www.youtube.com/watch?v=2Itw2mnw1xk,,951,50,2026-09-08T16:42:02Z
4606,fjjeGujp-dU,"THMS Podcast - Week of March 4, 2013",https://www.youtube.com/watch?v=fjjeGujp-dU,,116,10,2026-09-08T16:42:02Z
4607,It_QGmmq4J8,THMS Podcast - Week of 02/25/13,https://www.youtube.com/watch?v=It_QGmmq4J8,,69,22,2026-09-08T16:42:02Z
4608,Dx5awLju_HY,THMS Podcast - Week of 02/11/13,https://www.youtube.com/watch?v=Dx5awLju_HY,,109,12,2026-09-08T16:42:02Z
4609,W4qlKe4XIjM,This Weeks THMS Podcast  -  02-04-13,https://www.youtube.com/watch?v=W4qlKe4XIjM,,71,15,2026-09-08T16:42:02Z
4610,4e8REJk71Xk,THMSGeographyBee011013YOUTUBE,https://www.youtube.com/watch?v=4e8REJk71Xk,,3982,91,2026-09-08T16:42:02Z
4611,T2fiB7Qzp8Q,Ch9 - Eagle House Announcements for February and March 2013,https://www.youtube.com/watch?v=T2fiB7Qzp8Q,,1251,21,2026-09-08T16:42:02Z
4612,4UKKoy0GWXI,THMS PODCAST - WEEK of 01/28/13,https://www.youtube.com/watch?v=4UKKoy0GWXI,,92,12,2026-09-08T16:42:02Z
4613,aCVdZkTkmpk,"THMS WINTER CONCERT - January 24, 2013",https://www.youtube.com/watch?v=aCVdZkTkmpk,,2815,88,2026-09-08T16:42:02Z
4614,JRz7g57f9aQ,THMS Podcast  -  Week of 01.21.13,https://www.youtube.com/watch?v=JRz7g57f9aQ,,95,7,2026-09-08T16:42:02Z
4615,cMrljM0Wx5w,THMS Informational Podcast - Week of 01/14/13,https://www.youtube.com/watch?v=cMrljM0Wx5w,,100,14,2026-09-08T16:42:02Z
4616,HqaUxfLqNHY,Volunteer for Lunenburg Public Access TV,https://www.youtube.com/watch?v=HqaUxfLqNHY,,37,174,2026-09-08T16:42:02Z
4617,60TSYmUqui8,THMS Podcast for the week of 01.07.13,https://www.youtube.com/watch?v=60TSYmUqui8,,71,6,2026-09-08T16:42:02Z
4618,NhW307szhpI,"THMS Podcast - Week of December 17, 2012",https://www.youtube.com/watch?v=NhW307szhpI,,95,10,2026-09-08T16:42:02Z
4619,8KTbv_O4I-c,"LHS Instrumental Holiday Concert - December 13, 2012",https://www.youtube.com/watch?v=8KTbv_O4I-c,,3798,133,2026-09-08T16:42:02Z
4620,-VDUfLtl_BQ,"LHS Vocal Winter Festival Concert  -  December 11, 2012",https://www.youtube.com/watch?v=-VDUfLtl_BQ,,3781,213,2026-09-08T16:42:02Z
4621,2jFr46C6p-E,"LUNENBURG TREE LIGHTING CEREMONY - DECEMBER 06, 2012",https://www.youtube.com/watch?v=2jFr46C6p-E,,889,69,2026-09-08T16:42:02Z
4622,WDB_bvQLXAU,"Turkey Hill Podcast  -  Week of December 10, 2012",https://www.youtube.com/watch?v=WDB_bvQLXAU,,69,20,2026-09-08T16:42:02Z
4623,8iOqyQBVjAQ,Eagle House Senior Center Announcements - December / January,https://www.youtube.com/watch?v=8iOqyQBVjAQ,,1530,22,2026-09-08T16:42:02Z
4624,rDOekmMrF5o,"THMS Podcast for the week of December 3, 2012",https://www.youtube.com/watch?v=rDOekmMrF5o,,85,27,2026-09-08T16:42:02Z
4625,ApMbWTBCib8,Watch Lunenburg Public Access,https://www.youtube.com/watch?v=ApMbWTBCib8,,81,5000,2026-09-08T16:42:02Z
4626,S17Z-LdQvA8,"THMS Podcast for the week of November 26, 2012",https://www.youtube.com/watch?v=S17Z-LdQvA8,,51,33,2026-09-08T16:42:02Z
4627,QWDgr6vMRJM,"THMS Informational Podcast - Week of November 19, 2012",https://www.youtube.com/watch?v=QWDgr6vMRJM,,114,10,2026-09-08T16:42:02Z
4628,Lzvmo9If92k,"THMS Podcast - Week of November 12, 2012",https://www.youtube.com/watch?v=Lzvmo9If92k,,72,9,2026-09-08T16:42:02Z
4629,vWw5qsSIm0E,"THMS Podcast for the week of November 5, 2012",https://www.youtube.com/watch?v=vWw5qsSIm0E,,120,12,2026-09-08T16:42:02Z
4630,-Zq0lQH8zt8,"THMS Podcast for the Week of October 29, 2012",https://www.youtube.com/watch?v=-Zq0lQH8zt8,,120,5,2026-09-08T16:42:02Z
4631,5Cn2ndDeyRU,Homecoming Parade 2012 - Sneak Peek,https://www.youtube.com/watch?v=5Cn2ndDeyRU,,155,50,2026-09-08T16:42:02Z
4632,foFkx-4br2E,THMS Informational Podcast - Week of 10/22/12,https://www.youtube.com/watch?v=foFkx-4br2E,,117,11,2026-09-08T16:42:02Z
4633,14SckV1cYno,LHS Boys Soccer 10/08/12 - Sneak Peek,https://www.youtube.com/watch?v=14SckV1cYno,,328,257,2026-09-08T16:42:02Z
4634,qOTxkwxu_lE,"THMS Information Podcast for Week of October 15, 2012",https://www.youtube.com/watch?v=qOTxkwxu_lE,,122,18,2026-09-08T16:42:02Z
4635,46NBZL0gELQ,LHS Girls FieldHockey Sneak Peek,https://www.youtube.com/watch?v=46NBZL0gELQ,,316,189,2026-09-08T16:42:02Z
4636,PhnFtx7gnBI,"THMS Podcast for the Week of October 8, 2012",https://www.youtube.com/watch?v=PhnFtx7gnBI,,69,11,2026-09-08T16:42:02Z
4637,RC2heqd-wCI,"THMS Informational Podcast -  Week of October 1st, 2012",https://www.youtube.com/watch?v=RC2heqd-wCI,,80,14,2026-09-08T16:42:02Z
4638,jn_AB76zb9A,Local Artists Sneak Peek,https://www.youtube.com/watch?v=jn_AB76zb9A,,49,74,2026-09-08T16:42:02Z
4639,leUw3x5pW4U,Talk of the Town Sneak Peek,https://www.youtube.com/watch?v=leUw3x5pW4U,,323,22,2026-09-08T16:42:02Z
4640,aEW_cKKHPz4,THMS 092412,https://www.youtube.com/watch?v=aEW_cKKHPz4,,84,32,2026-09-08T16:42:02Z
4641,cfPAbuOqLm8,Turkey Hill Middle School Informational Podcast,https://www.youtube.com/watch?v=cfPAbuOqLm8,,73,76,2026-09-08T16:42:02Z
4642,gljk4XJxuN8,Cardboard Boat Race,https://www.youtube.com/watch?v=gljk4XJxuN8,,898,76,2026-09-08T16:42:02Z
4643,UWqDWKFgnUg,"Band Concert July 30, 2012 ""Sneak Peek"" Video Clip",https://www.youtube.com/watch?v=UWqDWKFgnUg,,1098,81,2026-09-08T16:42:02Z
4644,762jFujcSP0,Drawbridge Puppet Theater Tour,https://www.youtube.com/watch?v=762jFujcSP0,,213,726,2026-09-08T16:42:02Z
4645,KOn6R-Cbz_A,Senior Center Announcements - July/August 2012,https://www.youtube.com/watch?v=KOn6R-Cbz_A,,1127,13,2026-09-08T16:42:02Z
4646,ymdUOV_Gko8,"Lunenburg Band Concert - July 23, 2012",https://www.youtube.com/watch?v=ymdUOV_Gko8,,151,92,2026-09-08T16:42:02Z
4647,0R4lW9YI35Q,"Talk of the Town - Episode 2 ""Sneak Peek""",https://www.youtube.com/watch?v=0R4lW9YI35Q,,172,38,2026-09-08T16:42:02Z
4648,Wu2kfth0YS0,HickoryHills2012,https://www.youtube.com/watch?v=Wu2kfth0YS0,,331,266,2026-09-08T16:42:02Z
4649,5Xu44OZIDoY,"Louise Bogan Poets/Mass Poetry Society ""Sneak Peek""",https://www.youtube.com/watch?v=5Xu44OZIDoY,,240,140,2026-09-08T16:42:02Z
4650,PiBJKlTUOHs,TCP Lip Sync Sneak Peek,https://www.youtube.com/watch?v=PiBJKlTUOHs,,871,114,2026-09-08T16:42:02Z
4651,GQbqBCWmuDo,"Memorial Day Ceremony ""Sneak Peek""",https://www.youtube.com/watch?v=GQbqBCWmuDo,,901,21,2026-09-08T16:42:02Z
4652,tnmsLpJdPFU,LHS POPs Concert,https://www.youtube.com/watch?v=tnmsLpJdPFU,,442,313,2026-09-08T16:42:02Z
4653,lUdfp7bnf6k,"""Sneak Peek"" Lunenburg Boys & Girls Club",https://www.youtube.com/watch?v=lUdfp7bnf6k,,115,223,2026-09-08T16:42:02Z
4654,WaaC5yXBZvo,School Committee Mtg 5/2/12 - C. Bonci Retirement Address,https://www.youtube.com/watch?v=WaaC5yXBZvo,,325,113,2026-09-08T16:42:02Z
4655,vOq4-61djK4,MR LHS,https://www.youtube.com/watch?v=vOq4-61djK4,,763,361,2026-09-08T16:42:02Z
4656,9B3jQB7reHE,"LHS Boy Varsity Basketball - 02/17/12 ""Sneak Peek""",https://www.youtube.com/watch?v=9B3jQB7reHE,,39,150,2026-09-08T16:42:02Z
4657,zXfRV7mDiF8,"""Sneak Peek"" Eagle House Announcements - February/March 2012",https://www.youtube.com/watch?v=zXfRV7mDiF8,,500,6,2026-09-08T16:42:02Z
4658,XIvCPdEJTeE,"""Sneak Peek"" Lunenburg Fire Dept - Ice Rescue Drill 2/11/12",https://www.youtube.com/watch?v=XIvCPdEJTeE,,524,564,2026-09-08T16:42:02Z
4659,puRGewbaW7U,"Lunenburg Holiday Instrumental Concert  12/15/11 - ""SNEAK PEEK""",https://www.youtube.com/watch?v=puRGewbaW7U,,338,73,2026-09-08T16:42:02Z
4660,2vdFcTimBWg,"Eagle House December/January Announcements ""Sneak Peek""",https://www.youtube.com/watch?v=2vdFcTimBWg,,134,11,2026-09-08T16:42:02Z
4661,kzUZI6wGBoE,"Lunenburg High School & Middle School Holiday Vocal Concert - LHS Dec 13, 2011",https://www.youtube.com/watch?v=kzUZI6wGBoE,,592,752,2026-09-08T16:42:02Z
4662,VQaP6cfm6w0,"""Exploring Cowdrey"" by Michael Wallmann",https://www.youtube.com/watch?v=VQaP6cfm6w0,,96,63,2026-09-08T16:42:02Z
4663,_S_db2Ah69c,"Homecoming 2011 - ""Sneak Peek"" Video",https://www.youtube.com/watch?v=_S_db2Ah69c,,151,203,2026-09-08T16:42:02Z
4664,ZzzNedJlsWU,"LHS Athletic Hall of Fame Ceremony 10/9/11 - ""SNEAK PEEK""",https://www.youtube.com/watch?v=ZzzNedJlsWU,,251,91,2026-09-08T16:42:02Z
4665,AQEJGEUrL8s,MilesforMyles YouTube,https://www.youtube.com/watch?v=AQEJGEUrL8s,,390,41,2026-09-08T16:42:02Z
4666,3q5q_Ueetrw,WhalomPark YouTube,https://www.youtube.com/watch?v=3q5q_Ueetrw,,271,956,2026-09-08T16:42:02Z
4667,iSJZ52xSTEI,911YouTube2,https://www.youtube.com/watch?v=iSJZ52xSTEI,,131,18,2026-09-08T16:42:02Z
4668,fuOYeYOoLp0,911 YouTube,https://www.youtube.com/watch?v=fuOYeYOoLp0,,130,22,2026-09-08T16:42:02Z
4669,woN_x8zp7fE,"EAGLE HOUSE SEPTEMBER 2011 ANNOUNCEMENTS ""SNEAK PEEK""",https://www.youtube.com/watch?v=woN_x8zp7fE,,488,7,2026-09-08T16:42:02Z
4670,tJjA_MkEzO4,BandConcert_YouTube.mov,https://www.youtube.com/watch?v=tJjA_MkEzO4,,303,44,2026-09-08T16:42:02Z
4671,ccgzamii7jw,SNEAK PEEK - LUNENBURG EAGLE HOUSE JULY ANNOUNCEMENTS,https://www.youtube.com/watch?v=ccgzamii7jw,,406,28,2026-09-08T16:42:02Z
4672,CNd7o6sVM7s,SNEAK PEEK VIDEO - LUNENBURG LIBRARY TOUR,https://www.youtube.com/watch?v=CNd7o6sVM7s,,145,80,2026-09-08T16:42:02Z
4673,qtPqhhKyllc,"""SNEAK PEEK"" - HOLIDAY ON HICKORY HILLS LAKE  - Airing Soon on Ch9!!!",https://www.youtube.com/watch?v=qtPqhhKyllc,,69,152,2026-09-08T16:42:02Z
4674,krfs1PNl0UI,LHS GRAD YouTube,https://www.youtube.com/watch?v=krfs1PNl0UI,,183,76,2026-09-08T16:42:02Z
4675,pUNCR7KU0iY,"""SNEAK PEEK"" VIDEO - LUNENBURG MEMORIAL DAY CEREMONY 2011",https://www.youtube.com/watch?v=pUNCR7KU0iY,,356,33,2026-09-08T16:42:02Z
4676,Y3n-cd4G26U,KNIGHTS' DAYS: LHS FOREIGN LANGUAGE PROGRAM,https://www.youtube.com/watch?v=Y3n-cd4G26U,,175,27,2026-09-08T16:42:02Z
4677,uiF1VlvNy_k,Sneak Peek - Eagle House Senior Center Announcements - June '11,https://www.youtube.com/watch?v=uiF1VlvNy_k,,176,41,2026-09-08T16:42:02Z
4678,u3cVthDeEi8,Sneak Peek - Superintendent Loxi Jo Calmes Discusses Bullying,https://www.youtube.com/watch?v=u3cVthDeEi8,,544,196,2026-09-08T16:42:02Z
4679,uWn61H-2sag,Sneak Peek - Primary School Community Svc Learning - Recycling Kickoff,https://www.youtube.com/watch?v=uWn61H-2sag,,225,185,2026-09-08T16:42:02Z
4680,xKSTmkb-PxY,Sneak Peek - Lunenburg Community Service Learning Program Conference - Worcester MA May 2011,https://www.youtube.com/watch?v=xKSTmkb-PxY,,327,43,2026-09-08T16:42:02Z
4681,Q2n3msqC0z0,Lunenburg's oldest resident receives Boston Post Cane,https://www.youtube.com/watch?v=Q2n3msqC0z0,,566,137,2026-09-08T16:42:02Z
4682,zB09NlMTGEA,Knights' Days preview - LHS Music Department,https://www.youtube.com/watch?v=zB09NlMTGEA,,29,162,2026-09-08T16:42:02Z
