page	x	y	w	h	conf	text
92	0.38722	0.93013	0.05675	0.02062	1.000	FIRE
92	0.44730	0.93013	0.16548	0.02062	1.000	DEPARTMENT
92	0.06955	0.90404	0.02590	0.01768	1.000	The
92	0.09831	0.90404	0.07435	0.01768	1.000	Firefighters
92	0.17552	0.90404	0.02574	0.01768	1.000	and
92	0.20411	0.90404	0.07149	0.01768	1.000	Emergency
92	0.27846	0.90404	0.05147	0.01768	1.000	Medical
92	0.33279	0.90404	0.07721	0.01768	1.000	Technicians
92	0.41285	0.90404	0.01430	0.01768	1.000	of
92	0.43001	0.90404	0.02002	0.01768	1.000	the
92	0.45289	0.90404	0.07149	0.01768	1.000	Lunenburg
92	0.52723	0.90404	0.02574	0.01768	1.000	Fire
92	0.55583	0.90404	0.07435	0.01768	1.000	Department
92	0.63303	0.90404	0.02002	0.01768	1.000	are
92	0.65591	0.90404	0.06577	0.01768	1.000	dedicated
92	0.72454	0.90404	0.01144	0.01768	1.000	to
92	0.73883	0.90404	0.06291	0.01768	1.000	providing
92	0.80460	0.90404	0.02002	0.01768	1.000	the
92	0.82748	0.90404	0.04861	0.01768	1.000	highest
92	0.87895	0.90404	0.04962	0.01768	1.000	quality,
92	0.18797	0.88953	0.03357	0.01619	1.000	most
92	0.22413	0.88973	0.02846	0.01599	1.000	cost
92	0.25517	0.88973	0.05433	0.01599	1.000	effective
92	0.31209	0.88973	0.02328	0.01599	1.000	fire
92	0.33796	0.88973	0.02587	0.01599	1.000	and
92	0.36642	0.88973	0.07244	0.01599	1.000	emergency
92	0.44145	0.88973	0.04916	0.01599	1.000	medical
92	0.49319	0.88973	0.05433	0.01599	1.000	services
92	0.55011	0.88973	0.01294	0.01599	1.000	to
92	0.56563	0.88973	0.02328	0.01599	1.000	the
92	0.59150	0.88973	0.05174	0.01599	1.000	citizens
92	0.64583	0.88973	0.01294	0.01599	1.000	of
92	0.66136	0.88973	0.02070	0.01599	1.000	the
92	0.68464	0.88973	0.03105	0.01599	1.000	town
92	0.71827	0.88973	0.01552	0.01599	1.000	of
92	0.73638	0.88953	0.07565	0.01619	1.000	Lunenburg.
92	0.11842	0.84301	0.01788	0.01600	1.000	In
92	0.13889	0.84301	0.03881	0.01599	1.000	2023,
92	0.18028	0.84301	0.03363	0.01599	1.000	your
92	0.21650	0.84301	0.02846	0.01599	1.000	Fire
92	0.24755	0.84301	0.08279	0.01599	1.000	Department
92	0.33292	0.84301	0.07761	0.01599	1.000	responded
92	0.41313	0.84301	0.01552	0.01599	1.000	to
92	0.43124	0.84301	0.03363	0.01599	1.000	2033
92	0.46746	0.84301	0.03363	0.01599	1.000	calls
92	0.50368	0.84301	0.02070	0.01599	1.000	for
92	0.52696	0.84301	0.05692	0.01599	1.000	service,
92	0.58647	0.84301	0.05174	0.01599	1.000	broken
92	0.64080	0.84301	0.03881	0.01599	1.000	down
92	0.68219	0.84301	0.01811	0.01599	1.000	as
92	0.70289	0.84301	0.06027	0.01600	1.000	follows:
92	0.12030	0.81977	0.04146	0.01609	1.000	Fires,
92	0.16435	0.81987	0.05174	0.01599	1.000	Alarms
92	0.21868	0.81987	0.01294	0.01599	1.000	&
92	0.23420	0.81987	0.07503	0.01599	1.000	Hazardous
92	0.31182	0.81977	0.08104	0.01609	1.000	Conditions
92	0.41541	0.82122	0.03008	0.01453	1.000	356
92	0.53383	0.81977	0.15414	0.01890	1.000	EmergencyMedical
92	0.68421	0.82122	0.04699	0.01453	1.000	1193
92	0.11839	0.79641	0.08653	0.01619	1.000	Inspections
92	0.41353	0.79797	0.03195	0.01599	1.000	366
92	0.53195	0.79797	0.04511	0.01308	1.000	Other
92	0.68985	0.79797	0.02256	0.01599	1.000	18
92	0.12030	0.74705	0.03152	0.01768	1.000	This
92	0.15468	0.74705	0.07721	0.01768	1.000	represents
92	0.23475	0.74705	0.01144	0.01768	1.000	a
92	0.24905	0.74705	0.02002	0.01768	1.000	7%
92	0.27192	0.74705	0.06291	0.01768	1.000	increase
92	0.33769	0.74705	0.01430	0.01768	1.000	in
92	0.35485	0.74705	0.07721	0.01768	1.000	emergency
92	0.43491	0.74705	0.03431	0.01768	1.000	calls
92	0.47209	0.74705	0.02288	0.01768	1.000	for
92	0.49782	0.74705	0.05147	0.01768	1.000	service
92	0.55215	0.74705	0.03431	0.01768	1.000	over
92	0.58932	0.74705	0.03717	0.01768	1.000	2023,
92	0.62936	0.74705	0.04861	0.01768	1.000	mostly
92	0.68083	0.74705	0.01430	0.01768	1.000	in
92	0.69798	0.74705	0.08007	0.01768	1.000	Emergency
92	0.78091	0.74705	0.05719	0.01768	1.000	Medical
92	0.84096	0.74705	0.03874	0.01768	1.000	calls.
92	0.06203	0.72517	0.02852	0.01611	1.000	The
92	0.09314	0.72517	0.08538	0.01599	1.000	Department
92	0.18110	0.72517	0.06209	0.01599	1.000	consists
92	0.24578	0.72517	0.01552	0.01599	1.000	of
92	0.26389	0.72517	0.01811	0.01599	1.000	10
92	0.28459	0.72517	0.04916	0.01599	1.000	Career
92	0.33633	0.72517	0.02846	0.01599	1.000	and
92	0.36737	0.72517	0.04139	0.01599	1.000	30-35
92	0.41136	0.72517	0.02328	0.01599	1.000	On
92	0.43723	0.72517	0.05692	0.01599	1.000	Call/Per
92	0.49673	0.72517	0.03881	0.01599	1.000	Diem
92	0.53813	0.72517	0.08279	0.01599	1.000	Firefighters
92	0.62350	0.72517	0.02846	0.01599	1.000	and
92	0.65455	0.72517	0.08279	0.01599	1.000	Emergency
92	0.73992	0.72517	0.05692	0.01599	1.000	Medical
92	0.79943	0.72517	0.09055	0.01599	1.000	Technicians,
92	0.89257	0.72517	0.03105	0.01599	1.000	plus
92	0.92620	0.72517	0.00989	0.01611	1.000	a
92	0.06015	0.71212	0.02563	0.01608	1.000	full
92	0.08837	0.71212	0.03363	0.01599	1.000	time
92	0.12459	0.71212	0.10607	0.01599	1.000	Administrative
92	0.23325	0.71212	0.10607	0.01599	1.000	Assistant/EMS
92	0.34191	0.71212	0.09572	0.01599	1.000	Coordinator.
92	0.44022	0.71212	0.04398	0.01599	1.000	Three
92	0.48679	0.71212	0.11383	0.01599	1.000	Firefighter/EMT
92	0.60321	0.71212	0.01811	0.01599	1.000	or
92	0.62391	0.71212	0.08538	0.01599	1.000	Paramedics
92	0.71187	0.71212	0.02587	0.01599	1.000	are
92	0.74033	0.71212	0.01811	0.01599	1.000	on
92	0.76103	0.71212	0.03622	0.01599	1.000	duty
92	0.79984	0.71212	0.03105	0.01599	1.000	24/7
92	0.83347	0.71212	0.01552	0.01599	1.000	at
92	0.85158	0.71212	0.02587	0.01599	1.000	the
92	0.88004	0.71212	0.05605	0.01608	1.000	Station.
92	0.06203	0.69477	0.03247	0.01453	1.000	This
92	0.09681	0.69487	0.06944	0.01431	1.000	coverage
92	0.16857	0.69487	0.01389	0.01431	1.000	is
92	0.18478	0.69487	0.06713	0.01431	1.000	provided
92	0.25422	0.69487	0.02083	0.01431	1.000	by
92	0.27737	0.69487	0.01157	0.01431	1.000	a
92	0.29126	0.69487	0.09028	0.01431	1.000	combination
92	0.38385	0.69487	0.01852	0.01431	1.000	of
92	0.40468	0.69487	0.02778	0.01431	1.000	our
92	0.43478	0.69487	0.04861	0.01431	1.000	Career
92	0.48570	0.69487	0.03704	0.01431	1.000	Staff
92	0.52505	0.69487	0.03009	0.01431	1.000	and
92	0.55746	0.69487	0.02778	0.01431	1.000	Per
92	0.58755	0.69487	0.03704	0.01431	1.000	Diem
92	0.62691	0.69487	0.09491	0.01431	1.000	Firefighters.
92	0.72413	0.69487	0.05787	0.01431	1.000	Staffing
92	0.78431	0.69487	0.02546	0.01431	1.000	the
92	0.81209	0.69487	0.05324	0.01431	1.000	Station
92	0.86765	0.69487	0.03472	0.01431	1.000	with
92	0.90468	0.69477	0.03517	0.01453	1.000	dual
92	0.06015	0.67878	0.05532	0.01453	1.000	trained
92	0.11778	0.67887	0.06481	0.01431	1.000	Fire/EMS
92	0.18491	0.67887	0.07407	0.01431	1.000	personnel
92	0.26130	0.67887	0.06019	0.01431	1.000	ensures
92	0.32380	0.67887	0.03009	0.01431	1.000	that
92	0.35621	0.67887	0.02315	0.01431	1.000	we
92	0.38167	0.67887	0.02546	0.01431	1.000	are
92	0.40945	0.67887	0.04398	0.01431	1.000	ready
92	0.45575	0.67887	0.01620	0.01431	1.000	to
92	0.47426	0.67887	0.06250	0.01431	1.000	respond
92	0.53908	0.67887	0.01852	0.01431	1.000	to
92	0.55991	0.67887	0.06713	0.01431	1.000	whatever
92	0.62936	0.67887	0.08102	0.01431	1.000	emergency
92	0.71269	0.67887	0.06019	0.01431	1.000	occurs.
92	0.77519	0.67887	0.02315	0.01431	1.000	As
92	0.80065	0.67887	0.04167	0.01431	1.000	many
92	0.84464	0.67887	0.03704	0.01431	1.000	calls
92	0.88399	0.67878	0.05210	0.01453	1.000	require
92	0.06203	0.66279	0.03941	0.01453	1.000	more
92	0.10376	0.66288	0.07176	0.01431	1.000	personnel
92	0.17783	0.66288	0.03472	0.01431	1.000	than
92	0.21487	0.66288	0.02315	0.01431	1.000	are
92	0.24033	0.66288	0.02083	0.01431	1.000	on
92	0.26348	0.66288	0.03704	0.01431	1.000	duty,
92	0.30283	0.66288	0.02315	0.01431	1.000	we
92	0.32830	0.66288	0.06250	0.01431	1.000	continue
92	0.39311	0.66288	0.01620	0.01431	1.000	to
92	0.41163	0.66288	0.03009	0.01431	1.000	rely
92	0.44404	0.66288	0.05324	0.01431	1.000	heavily
92	0.49959	0.66288	0.01852	0.01431	1.000	on
92	0.52042	0.66288	0.02546	0.01431	1.000	the
92	0.54820	0.66288	0.07639	0.01431	1.000	dedication
92	0.62691	0.66288	0.02778	0.01431	1.000	and
92	0.65700	0.66288	0.09028	0.01431	1.000	commitment
92	0.74959	0.66288	0.01620	0.01431	1.000	of
92	0.76811	0.66288	0.02778	0.01431	1.000	our
92	0.79820	0.66288	0.02315	0.01431	1.000	On
92	0.82367	0.66288	0.02778	0.01431	1.000	Call
92	0.85376	0.66279	0.08233	0.01453	1.000	Firefighters
92	0.06015	0.64520	0.03081	0.01614	1.000	and
92	0.09355	0.64520	0.08020	0.01599	1.000	Emergency
92	0.17633	0.64520	0.05692	0.01599	1.000	Medical
92	0.23584	0.64520	0.09123	0.01614	1.000	Technicians.
92	0.06203	0.62064	0.03914	0.01744	1.000	After
92	0.10396	0.62079	0.02791	0.01726	1.000	five
92	0.13467	0.62079	0.04466	0.01726	1.000	years
92	0.18212	0.62079	0.01675	0.01726	1.000	of
92	0.20166	0.62079	0.09491	0.01726	1.000	preparation,
92	0.29936	0.62079	0.02512	0.01726	1.000	the
92	0.32727	0.62079	0.09212	0.01726	1.000	Department
92	0.42218	0.62079	0.09770	0.01726	1.000	Ambulances
92	0.52267	0.62079	0.04745	0.01726	1.000	began
92	0.57292	0.62079	0.07537	0.01726	1.000	operating
92	0.65108	0.62079	0.01675	0.01726	1.000	at
92	0.67062	0.62079	0.02512	0.01726	1.000	the
92	0.69853	0.62079	0.08374	0.01726	1.000	Paramedic
92	0.78506	0.62079	0.04466	0.01726	1.000	Level
92	0.83252	0.62079	0.01954	0.01726	1.000	on
92	0.85485	0.62079	0.06420	0.01726	1.000	January
92	0.92184	0.62064	0.01613	0.01744	1.000	1,
92	0.06015	0.60311	0.04551	0.01768	1.000	2023.
92	0.10852	0.60311	0.03431	0.01768	1.000	This
92	0.14570	0.60311	0.05147	0.01768	1.000	allows
92	0.20003	0.60311	0.02288	0.01768	1.000	us
92	0.22576	0.60311	0.01716	0.01768	1.000	to
92	0.24578	0.60311	0.06291	0.01768	1.000	provide
92	0.31155	0.60311	0.07435	0.01768	1.000	advanced
92	0.38875	0.60311	0.07721	0.01768	1.000	lifesaving
92	0.46882	0.60311	0.03717	0.01768	1.000	care
92	0.50885	0.60311	0.01716	0.01768	1.000	at
92	0.52887	0.60311	0.02574	0.01768	1.000	the
92	0.55746	0.60311	0.04003	0.01768	1.000	local
92	0.60035	0.60311	0.04289	0.01768	1.000	level,
92	0.64611	0.60311	0.03145	0.01768	1.000	and
92	0.68042	0.60311	0.02288	0.01768	1.000	no
92	0.70615	0.60311	0.05147	0.01768	1.000	longer
92	0.76048	0.60311	0.03145	0.01768	1.000	rely
92	0.79480	0.60311	0.02288	0.01768	1.000	on
92	0.82053	0.60311	0.04289	0.01768	1.000	other
92	0.86629	0.60311	0.06980	0.01768	1.000	agencies
92	0.06015	0.58712	0.02563	0.01608	1.000	for
92	0.08837	0.58712	0.09055	0.01599	1.000	assistance.
92	0.18151	0.58712	0.03105	0.01599	1.000	The
92	0.21514	0.58712	0.09314	0.01599	1.000	Department
92	0.31087	0.58712	0.03363	0.01599	1.000	now
92	0.34709	0.58712	0.03105	0.01599	1.000	has
92	0.38072	0.58712	0.02587	0.01599	1.000	six
92	0.40918	0.58712	0.03363	0.01599	1.000	Full
92	0.44540	0.58712	0.03881	0.01599	1.000	Time
92	0.48679	0.58712	0.03105	0.01599	1.000	and
92	0.52042	0.58712	0.04916	0.01599	1.000	seven
92	0.57217	0.58712	0.02587	0.01599	1.000	On
92	0.60063	0.58712	0.06209	0.01599	1.000	Call/Per
92	0.66531	0.58712	0.04139	0.01599	1.000	diem
92	0.70929	0.58712	0.18110	0.01599	1.000	Firefighter/Paramedics.
92	0.89297	0.58712	0.04500	0.01608	1.000	Para-
92	0.06203	0.56818	0.04867	0.01768	1.000	medic
92	0.11356	0.56818	0.06005	0.01768	1.000	training
92	0.17647	0.56818	0.01716	0.01768	1.000	is
92	0.19649	0.56818	0.04289	0.01768	1.000	more
92	0.24224	0.56818	0.03431	0.01768	1.000	than
92	0.27941	0.56818	0.03145	0.01768	1.000	two
92	0.31373	0.56818	0.07721	0.01768	1.000	thousand
92	0.39379	0.56818	0.04575	0.01768	1.000	hours
92	0.44240	0.56818	0.03145	0.01768	1.000	and
92	0.47672	0.56818	0.06577	0.01768	1.000	requires
92	0.54534	0.56818	0.07435	0.01768	1.000	anywhere
92	0.62255	0.56818	0.04003	0.01768	1.000	from
92	0.66544	0.56818	0.03431	0.01768	1.000	9-18
92	0.70261	0.56818	0.06291	0.01768	1.000	months
92	0.76838	0.56818	0.01716	0.01768	1.000	of
92	0.78840	0.56818	0.05719	0.01768	1.000	college
92	0.84845	0.56818	0.03717	0.01768	1.000	level
92	0.88848	0.56818	0.04949	0.01768	1.000	class-
92	0.06203	0.55087	0.04193	0.01744	1.000	room
92	0.10675	0.55093	0.08374	0.01726	1.000	education,
92	0.19329	0.55093	0.05583	0.01726	1.000	clinical
92	0.25191	0.55093	0.04187	0.01726	1.000	time,
92	0.29657	0.55093	0.03071	0.01726	1.000	and
92	0.33007	0.55093	0.03629	0.01726	1.000	field
92	0.36914	0.55093	0.08932	0.01726	1.000	internships
92	0.46126	0.55093	0.01675	0.01726	1.000	to
92	0.48080	0.55093	0.05025	0.01726	1.000	obtain
92	0.53384	0.55093	0.10049	0.01726	1.000	certification.
92	0.63712	0.55093	0.03071	0.01726	1.000	The
92	0.67062	0.55093	0.09212	0.01726	1.000	Department
92	0.76552	0.55093	0.07816	0.01726	1.000	continues
92	0.84647	0.55093	0.01675	0.01726	1.000	to
92	0.86601	0.55093	0.03908	0.01726	1.000	train
92	0.90788	0.55087	0.03009	0.01744	1.000	our
92	0.06203	0.53488	0.04663	0.01604	1.000	newly
92	0.11125	0.53493	0.04139	0.01599	1.000	hired
92	0.15523	0.53493	0.06468	0.01599	1.000	full-time
92	0.22249	0.53493	0.03622	0.01599	1.000	staff
92	0.26130	0.53493	0.01552	0.01599	1.000	to
92	0.27941	0.53493	0.03105	0.01599	1.000	this
92	0.31304	0.53493	0.03881	0.01599	1.000	level
92	0.35444	0.53493	0.03363	0.01599	1.000	with
92	0.39066	0.53493	0.08279	0.01599	1.000	Firefighter
92	0.47603	0.53493	0.05433	0.01599	1.000	Jennie
92	0.53295	0.53493	0.04657	0.01599	1.000	Smith
92	0.58211	0.53493	0.08538	0.01599	1.000	completing
92	0.67007	0.53493	0.02846	0.01599	1.000	her
92	0.70112	0.53493	0.05950	0.01599	1.000	training
92	0.76321	0.53493	0.01811	0.01599	1.000	in
92	0.78391	0.53493	0.09055	0.01599	1.000	September.
92	0.87704	0.53488	0.06093	0.01604	1.000	Achiev-
92	0.06015	0.51726	0.02822	0.01617	1.000	ing
92	0.09096	0.51726	0.08538	0.01599	1.000	Paramedic
92	0.17892	0.51726	0.04139	0.01599	1.000	Level
92	0.22290	0.51726	0.06209	0.01599	1.000	service,
92	0.28758	0.51726	0.04398	0.01599	1.000	along
92	0.33415	0.51726	0.03363	0.01599	1.000	with
92	0.37037	0.51726	0.03363	0.01599	1.000	24/7
92	0.40659	0.51726	0.07244	0.01599	1.000	coverage
92	0.48162	0.51726	0.01552	0.01599	1.000	in
92	0.49973	0.51726	0.02846	0.01599	1.000	the
92	0.53077	0.51726	0.05692	0.01599	1.000	Station
92	0.59028	0.51726	0.02328	0.01599	1.000	are
92	0.61615	0.51726	0.02587	0.01599	1.000	the
92	0.64461	0.51726	0.04139	0.01599	1.000	most
92	0.68859	0.51726	0.08279	0.01599	1.000	significant
92	0.77397	0.51726	0.11383	0.01599	1.000	advancements
92	0.89039	0.51726	0.01552	0.01599	1.000	to
92	0.90850	0.51726	0.02759	0.01617	1.000	the
92	0.06203	0.49855	0.08939	0.01745	1.000	Department
92	0.15421	0.49874	0.01675	0.01726	1.000	in
92	0.17375	0.49874	0.02512	0.01726	1.000	the
92	0.20166	0.49874	0.03350	0.01726	1.000	last
92	0.23795	0.49874	0.01675	0.01726	1.000	50
92	0.25749	0.49855	0.05078	0.01745	1.000	years,
92	0.06203	0.47517	0.08544	0.01611	1.000	Lieutenant
92	0.15005	0.47517	0.06727	0.01599	1.000	Christos
92	0.21991	0.47517	0.07503	0.01599	1.000	Lekaditis
92	0.29752	0.47517	0.03105	0.01599	1.000	and
92	0.33115	0.47517	0.08538	0.01599	1.000	Firefighter
92	0.41912	0.47517	0.03363	0.01599	1.000	Carl
92	0.45534	0.47517	0.10349	0.01599	1.000	Gamberdella
92	0.56141	0.47517	0.04398	0.01599	1.000	make
92	0.60798	0.47517	0.02070	0.01599	1.000	up
92	0.63126	0.47517	0.03105	0.01599	1.000	the
92	0.66490	0.47517	0.10607	0.01599	1.000	Department's
92	0.77356	0.47517	0.03363	0.01599	1.000	Fire
92	0.80978	0.47517	0.08796	0.01599	1.000	Prevention
92	0.90033	0.47517	0.03764	0.01611	1.000	Divi-
92	0.06015	0.45623	0.03694	0.01768	1.000	sion
92	0.09995	0.45623	0.03145	0.01768	1.000	and
92	0.13426	0.45623	0.01716	0.01768	1.000	in
92	0.15428	0.45623	0.04003	0.01768	1.000	2023
92	0.19717	0.45623	0.08292	0.01768	1.000	conducted
92	0.28295	0.45623	0.02859	0.01768	1.000	366
92	0.31441	0.45623	0.09722	0.01768	1.000	Inspections.
92	0.41449	0.45623	0.03431	0.01768	1.000	This
92	0.45166	0.45623	0.01716	0.01768	1.000	is
92	0.47168	0.45623	0.01716	0.01768	1.000	in
92	0.49169	0.45623	0.06577	0.01768	1.000	addition
92	0.56032	0.45623	0.01716	0.01768	1.000	to
92	0.58034	0.45623	0.06291	0.01768	1.000	multiple
92	0.64611	0.45623	0.02859	0.01768	1.000	fire
92	0.67756	0.45623	0.04289	0.01768	1.000	drills
92	0.72331	0.45623	0.03145	0.01768	1.000	and
92	0.75763	0.45623	0.04861	0.01768	1.000	public
92	0.80910	0.45623	0.07721	0.01768	1.000	education
92	0.88916	0.45623	0.04881	0.01768	1.000	initia-
92	0.06015	0.43895	0.04722	0.01744	1.000	tives.
92	0.11016	0.43897	0.01954	0.01726	1.000	By
92	0.13249	0.43897	0.03350	0.01726	1.000	law,
92	0.16878	0.43897	0.02233	0.01726	1.000	we
92	0.19390	0.43897	0.02512	0.01726	1.000	are
92	0.22181	0.43897	0.06699	0.01726	1.000	required
92	0.29160	0.43897	0.01675	0.01726	1.000	to
92	0.31114	0.43897	0.05862	0.01726	1.000	inspect
92	0.37255	0.43897	0.05583	0.01726	1.000	Smoke
92	0.43117	0.43897	0.03071	0.01726	1.000	and
92	0.46467	0.43897	0.05583	0.01726	1.000	Carbon
92	0.52328	0.43897	0.07816	0.01726	1.000	Monoxide
92	0.60423	0.43897	0.06699	0.01726	1.000	Detector
92	0.67402	0.43897	0.09491	0.01726	1.000	installations
92	0.77172	0.43897	0.04466	0.01726	1.000	when
92	0.81917	0.43897	0.00837	0.01726	1.000	a
92	0.83034	0.43897	0.04466	0.01726	1.000	home
92	0.87779	0.43897	0.01675	0.01726	1.000	is
92	0.89733	0.43895	0.03876	0.01744	1.000	sold.
92	0.06203	0.42297	0.02593	0.01601	1.000	We
92	0.09055	0.42298	0.02587	0.01599	1.000	are
92	0.11901	0.42298	0.03622	0.01599	1.000	also
92	0.15782	0.42298	0.06727	0.01599	1.000	required
92	0.22767	0.42298	0.01811	0.01599	1.000	to
92	0.24837	0.42298	0.05950	0.01599	1.000	inspect
92	0.31046	0.42298	0.02070	0.01599	1.000	all
92	0.33374	0.42298	0.03363	0.01599	1.000	new
92	0.36996	0.42298	0.02328	0.01599	1.000	oil
92	0.39583	0.42298	0.06209	0.01599	1.000	burners
92	0.46051	0.42298	0.03105	0.01599	1.000	and
92	0.49414	0.42298	0.06727	0.01599	1.000	propane
92	0.56400	0.42298	0.02846	0.01599	1.000	gas
92	0.59504	0.42298	0.10349	0.01599	1.000	installations.
92	0.70112	0.42298	0.03105	0.01599	1.000	Any
92	0.73475	0.42298	0.07244	0.01599	1.000	business
92	0.80978	0.42298	0.06209	0.01599	1.000	holding
92	0.87446	0.42298	0.01035	0.01599	1.000	a
92	0.88739	0.42297	0.05058	0.01601	1.000	liquor
92	0.06203	0.40404	0.05725	0.01768	1.000	license
92	0.12214	0.40404	0.03431	0.01768	1.000	also
92	0.15931	0.40404	0.07149	0.01768	1.000	requires
92	0.23366	0.40404	0.01144	0.01768	1.000	a
92	0.24796	0.40404	0.04861	0.01768	1.000	yearly
92	0.29943	0.40404	0.08578	0.01768	1.000	inspection
92	0.38807	0.40404	0.02574	0.01768	1.000	for
92	0.41667	0.40404	0.02859	0.01768	1.000	fire
92	0.44812	0.40404	0.04861	0.01768	1.000	safety
92	0.49959	0.40404	0.06005	0.01768	1.000	issues.
92	0.56250	0.40404	0.02002	0.01768	1.000	In
92	0.58538	0.40404	0.07149	0.01768	1.000	addition,
92	0.65972	0.40404	0.02002	0.01768	1.000	all
92	0.68260	0.40404	0.03717	0.01768	1.000	new
92	0.72263	0.40404	0.10008	0.01768	1.000	construction
92	0.82557	0.40404	0.06577	0.01768	1.000	projects
92	0.89420	0.40404	0.04377	0.01768	1.000	must
92	0.06203	0.38663	0.03914	0.01744	1.000	have
92	0.10396	0.38678	0.03908	0.01726	1.000	their
92	0.14583	0.38678	0.04187	0.01726	1.000	plans
92	0.19050	0.38678	0.07258	0.01726	1.000	reviewed
92	0.26586	0.38678	0.02512	0.01726	1.000	for
92	0.29378	0.38678	0.05304	0.01726	1.000	proper
92	0.34961	0.38678	0.02791	0.01726	1.000	fire
92	0.38031	0.38678	0.08653	0.01726	1.000	protection,
92	0.46964	0.38678	0.01954	0.01726	1.000	as
92	0.49197	0.38678	0.03350	0.01726	1.000	well
92	0.52825	0.38678	0.01954	0.01726	1.000	as
92	0.55059	0.38678	0.06699	0.01726	1.000	ongoing
92	0.62037	0.38678	0.09212	0.01726	1.000	inspections
92	0.71528	0.38678	0.05304	0.01726	1.000	during
92	0.77111	0.38678	0.02512	0.01726	1.000	the
92	0.79902	0.38678	0.10049	0.01726	1.000	construction
92	0.90230	0.38663	0.03567	0.01744	1.000	pro-
92	0.06203	0.36911	0.04295	0.01768	1.000	cess.
92	0.10784	0.36911	0.04289	0.01768	1.000	Other
92	0.15359	0.36911	0.03145	0.01768	1.000	Fire
92	0.18791	0.36911	0.04861	0.01768	1.000	Safety
92	0.23938	0.36911	0.07721	0.01768	1.000	Initiatives
92	0.31944	0.36911	0.08864	0.01768	1.000	undertaken
92	0.41095	0.36911	0.05147	0.01768	1.000	during
92	0.46528	0.36911	0.03431	0.01768	1.000	2023
92	0.50245	0.36911	0.06710	0.01768	1.000	include:
92	0.06015	0.34593	0.02822	0.01602	1.000	•
92	0.09096	0.34596	0.10349	0.01599	1.000	Continuation
92	0.19703	0.34596	0.01552	0.01599	1.000	of
92	0.21514	0.34596	0.01294	0.01599	1.000	a
92	0.23066	0.34596	0.09314	0.01599	1.000	Department
92	0.32639	0.34596	0.01552	0.01599	1.000	of
92	0.34450	0.34596	0.03363	0.01599	1.000	Fire
92	0.38072	0.34596	0.06985	0.01599	1.000	Services
92	0.45316	0.34596	0.04398	0.01599	1.000	Grant
92	0.49973	0.34596	0.01552	0.01599	1.000	in
92	0.51784	0.34596	0.02846	0.01599	1.000	the
92	0.54888	0.34596	0.06209	0.01599	1.000	amount
92	0.61356	0.34596	0.01552	0.01599	1.000	of
92	0.63167	0.34596	0.04916	0.01599	1.000	$6953
92	0.68342	0.34596	0.01552	0.01599	1.000	to
92	0.70153	0.34596	0.04916	0.01599	1.000	assist
92	0.75327	0.34596	0.03622	0.01599	1.000	with
92	0.79208	0.34596	0.03105	0.01599	1.000	Fire
92	0.82571	0.34596	0.05174	0.01599	1.000	Safety
92	0.88004	0.34593	0.05793	0.01602	1.000	Educa-
92	0.09018	0.32608	0.03226	0.01839	1.000	tion
92	0.12531	0.32638	0.01470	0.01813	1.000	in
92	0.14288	0.32641	0.03812	0.01817	1.000	both
92	0.18386	0.32649	0.02641	0.01815	1.000	the
92	0.21314	0.32655	0.06447	0.01822	1.000	schools
92	0.28047	0.32668	0.02934	0.01816	1.000	and
92	0.31268	0.32675	0.03519	0.01817	1.000	with
92	0.35073	0.32682	0.05276	0.01820	1.000	Senior
92	0.40636	0.32693	0.07032	0.01824	1.000	Citizens.
92	0.47955	0.32708	0.03226	0.01816	1.000	This
92	0.51468	0.32715	0.04690	0.01819	1.000	Grant
92	0.56445	0.32724	0.06739	0.01823	1.000	provides
92	0.63471	0.32738	0.06154	0.01822	1.000	funding
92	0.69911	0.32751	0.02348	0.01814	1.000	for
92	0.72546	0.32756	0.03812	0.01817	1.000	both
92	0.76645	0.32764	0.07325	0.01824	1.000	materials
92	0.84256	0.32779	0.02934	0.01816	1.000	and
92	0.87477	0.32763	0.06325	0.01845	1.000	person-
92	0.09211	0.31103	0.02581	0.01601	1.000	nel
92	0.12051	0.31103	0.01811	0.01599	1.000	to
92	0.14120	0.31103	0.04139	0.01599	1.000	bring
92	0.18519	0.31103	0.03105	0.01599	1.000	fire
92	0.21882	0.31103	0.04916	0.01599	1.000	safety
92	0.27056	0.31103	0.08020	0.01599	1.000	education
92	0.35335	0.31103	0.01811	0.01599	1.000	to
92	0.37405	0.31103	0.02846	0.01599	1.000	our
92	0.40509	0.31103	0.04398	0.01599	1.000	most
92	0.45166	0.31103	0.08279	0.01599	1.000	vulnerable
92	0.53704	0.31103	0.09831	0.01599	1.000	populations.
92	0.63794	0.31103	0.08279	0.01599	1.000	Firefighter
92	0.72331	0.31103	0.04916	0.01599	1.000	Olivia
92	0.77505	0.31103	0.04916	0.01599	1.000	Hayes
92	0.82680	0.31103	0.05433	0.01599	1.000	serves
92	0.88371	0.31103	0.02070	0.01599	1.000	as
92	0.90700	0.31103	0.03097	0.01601	1.000	our
92	0.09211	0.29360	0.09254	0.01453	1.000	Coordinator
92	0.18696	0.29377	0.02315	0.01431	1.000	for
92	0.21242	0.29377	0.03241	0.01431	1.000	this
92	0.24714	0.29360	0.07429	0.01453	1.000	program.
92	0.06012	0.26904	0.02640	0.01815	1.000	•
92	0.08939	0.26885	0.09959	0.01828	1.000	Participation
92	0.19186	0.26881	0.01762	0.01813	1.000	in
92	0.21235	0.26876	0.02640	0.01815	1.000	the
92	0.24163	0.26865	0.05568	0.01820	1.000	Senior
92	0.30018	0.26853	0.06446	0.01822	1.000	Center's
92	0.36751	0.26842	0.05275	0.01820	1.000	"Sand
92	0.42314	0.26837	0.02348	0.01814	1.000	for
92	0.44948	0.26824	0.07032	0.01823	1.000	Seniors"
92	0.52267	0.26810	0.07325	0.01823	1.000	Program.
92	0.59879	0.26803	0.03519	0.01816	1.000	This
92	0.63685	0.26789	0.06739	0.01822	1.000	program
92	0.70711	0.26776	0.07032	0.01823	1.000	provides
92	0.78030	0.26763	0.06446	0.01822	1.000	buckets
92	0.84763	0.26760	0.01762	0.01813	1.000	of
92	0.86812	0.26742	0.06802	0.01827	1.000	walkway
92	0.09023	0.25000	0.03927	0.01744	1.000	sand
92	0.13228	0.25000	0.02512	0.01726	1.000	for
92	0.16020	0.25000	0.05304	0.01726	1.000	Senior
92	0.21603	0.25000	0.06141	0.01726	1.000	Citizens
92	0.28023	0.25000	0.03350	0.01726	1.000	who
92	0.31652	0.25000	0.03908	0.01726	1.000	were
92	0.35839	0.25000	0.05583	0.01726	1.000	unable
92	0.41701	0.25000	0.01675	0.01726	1.000	to
92	0.43655	0.25000	0.05025	0.01726	1.000	obtain
92	0.48958	0.25000	0.01117	0.01726	1.000	it
92	0.50354	0.25000	0.02233	0.01726	1.000	for
92	0.52866	0.25000	0.08932	0.01726	1.000	themselves
92	0.62078	0.25000	0.01675	0.01726	1.000	in
92	0.64032	0.25000	0.02791	0.01726	1.000	the
92	0.67102	0.25000	0.05025	0.01726	1.000	winter
92	0.72406	0.25000	0.06420	0.01726	1.000	months.
92	0.79105	0.25000	0.01675	0.01726	1.000	In
92	0.81059	0.25000	0.08932	0.01726	1.000	partnership
92	0.90271	0.25000	0.03526	0.01744	1.000	with
92	0.09023	0.23256	0.03314	0.01890	1.000	this
92	0.12636	0.23274	0.07489	0.01852	1.000	program,
92	0.20425	0.23274	0.08388	0.01852	1.000	Firefighter
92	0.29112	0.23274	0.04793	0.01852	1.000	Olivia
92	0.34205	0.23274	0.04793	0.01852	1.000	Hayes
92	0.39297	0.23274	0.06291	0.01852	1.000	delivers
92	0.45888	0.23274	0.02996	0.01852	1.000	the
92	0.49183	0.23274	0.04194	0.01852	1.000	sand
92	0.53676	0.23274	0.01797	0.01852	1.000	to
92	0.55773	0.23274	0.02696	0.01852	1.000	the
92	0.58769	0.23274	0.07789	0.01852	1.000	residents
92	0.66857	0.23274	0.02996	0.01852	1.000	and
92	0.70153	0.23274	0.04493	0.01852	1.000	when
92	0.74946	0.23274	0.07489	0.01852	1.000	possible,
92	0.82734	0.23274	0.06890	0.01852	1.000	inspects
92	0.89924	0.23256	0.03873	0.01890	1.000	their
92	0.09211	0.21507	0.05427	0.01768	1.000	homes
92	0.14924	0.21507	0.02574	0.01768	1.000	for
92	0.17783	0.21507	0.05719	0.01768	1.000	Smoke
92	0.23788	0.21507	0.03145	0.01768	1.000	and
92	0.27219	0.21507	0.06005	0.01768	1.000	Carbon
92	0.33510	0.21507	0.08007	0.01768	1.000	Monoxide
92	0.41803	0.21507	0.08007	0.01768	1.000	Detectors.
92	0.50095	0.21507	0.01430	0.01768	1.000	If
92	0.51811	0.21507	0.02574	0.01768	1.000	the
92	0.54670	0.21507	0.06863	0.01768	1.000	resident
92	0.61819	0.21507	0.03431	0.01768	1.000	was
92	0.65536	0.21507	0.06005	0.01768	1.000	lacking
92	0.71827	0.21507	0.08007	0.01768	1.000	detectors,
92	0.80120	0.21507	0.08292	0.01768	1.000	Firefighter
92	0.88698	0.21507	0.05099	0.01768	1.000	Hayes
92	0.09211	0.19907	0.02840	0.01604	1.000	can
92	0.12309	0.19907	0.04916	0.01599	1.000	install
92	0.17484	0.19907	0.03105	0.01599	1.000	free
92	0.20847	0.19907	0.07503	0.01599	1.000	detectors
92	0.28608	0.19907	0.06727	0.01599	1.000	obtained
92	0.35594	0.19907	0.06209	0.01599	1.000	through
92	0.42062	0.19907	0.02587	0.01599	1.000	the
92	0.44907	0.19907	0.05433	0.01599	1.000	Senior
92	0.50599	0.19907	0.04398	0.01599	1.000	SAFE
92	0.55256	0.19907	0.05082	0.01604	1.000	Grant.
92	0.12030	0.17297	0.01403	0.01744	1.000	It
92	0.13712	0.17298	0.05304	0.01726	1.000	should
92	0.19295	0.17298	0.01954	0.01726	1.000	be
92	0.21528	0.17298	0.04745	0.01726	1.000	noted
92	0.26552	0.17298	0.03071	0.01726	1.000	that
92	0.29902	0.17298	0.03908	0.01726	1.000	each
92	0.34089	0.17298	0.04187	0.01726	1.000	year,
92	0.38555	0.17298	0.03350	0.01726	1.000	50%
92	0.42184	0.17298	0.01396	0.01726	1.000	of
92	0.43859	0.17298	0.03629	0.01726	1.000	fatal
92	0.47767	0.17298	0.03629	0.01726	1.000	fires
92	0.51675	0.17298	0.02512	0.01726	1.000	are
92	0.54466	0.17298	0.04745	0.01726	1.000	found
92	0.59491	0.17298	0.01675	0.01726	1.000	to
92	0.61445	0.17298	0.03908	0.01726	1.000	have
92	0.65632	0.17298	0.10886	0.01726	1.000	nonfunctional
92	0.76797	0.17298	0.01675	0.01726	1.000	or
92	0.78751	0.17298	0.09212	0.01726	1.000	nonexistent
92	0.88242	0.17297	0.05367	0.01744	1.000	smoke
92	0.15038	0.15698	0.08083	0.01453	1.000	detectors.
92	0.06579	0.13081	0.03082	0.01744	1.000	Fire
92	0.09940	0.13089	0.08653	0.01726	1.000	Prevention
92	0.18873	0.13089	0.02791	0.01726	1.000	has
92	0.21943	0.13089	0.06420	0.01726	1.000	become
92	0.28642	0.13089	0.09770	0.01726	1.000	increasingly
92	0.38691	0.13089	0.06699	0.01726	1.000	complex
92	0.45670	0.13089	0.01954	0.01726	1.000	as
92	0.47903	0.13089	0.04745	0.01726	1.000	codes
92	0.52928	0.13089	0.05862	0.01726	1.000	change
92	0.59069	0.13089	0.03071	0.01726	1.000	and
92	0.62418	0.13089	0.03350	0.01726	1.000	new
92	0.66047	0.13089	0.10049	0.01726	1.000	technologies
92	0.76375	0.13089	0.06141	0.01726	1.000	appear.
92	0.82795	0.13089	0.01954	0.01726	1.000	To
92	0.85029	0.13089	0.03908	0.01726	1.000	keep
92	0.89216	0.13081	0.04581	0.01744	1.000	pace,
92	0.06203	0.11483	0.03628	0.01607	1.000	both
92	0.10090	0.11490	0.08538	0.01599	1.000	Inspectors
92	0.18886	0.11490	0.03622	0.01599	1.000	hold
92	0.22767	0.11490	0.10349	0.01599	1.000	certifications
92	0.33374	0.11490	0.03622	0.01599	1.000	with
92	0.37255	0.11490	0.02587	0.01599	1.000	the
92	0.40101	0.11490	0.04398	0.01599	1.000	State
92	0.44758	0.11490	0.02070	0.01599	1.000	as
92	0.47086	0.11490	0.03105	0.01599	1.000	Fire
92	0.50449	0.11490	0.08796	0.01599	1.000	Prevention
92	0.59504	0.11490	0.06985	0.01599	1.000	Officers-
92	0.66748	0.11490	0.04139	0.01599	1.000	Level
92	0.71147	0.11490	0.01294	0.01599	1.000	1
92	0.72699	0.11490	0.01811	0.01599	1.000	or
92	0.74769	0.11490	0.02070	0.01599	1.000	2.
92	0.77097	0.11490	0.01811	0.01599	1.000	In
92	0.79167	0.11490	0.06727	0.01599	1.000	addition
92	0.86152	0.11490	0.03105	0.01599	1.000	two
92	0.89515	0.11483	0.04282	0.01607	1.000	other
92	0.06203	0.09593	0.07264	0.01744	1.000	members
92	0.13746	0.09596	0.03908	0.01726	1.000	have
92	0.17933	0.09596	0.03350	0.01726	1.000	also
92	0.21562	0.09596	0.08095	0.01726	1.000	completed
92	0.29936	0.09596	0.02791	0.01726	1.000	the
92	0.33007	0.09596	0.04187	0.01726	1.000	Level
92	0.37473	0.09596	0.03071	0.01726	1.000	one
92	0.40822	0.09596	0.06141	0.01726	1.000	training
92	0.47243	0.09596	0.03071	0.01726	1.000	and
92	0.50592	0.09596	0.04187	0.01726	1.000	other
92	0.55059	0.09596	0.03629	0.01726	1.000	staff
92	0.58967	0.09596	0.03629	0.01726	1.000	have
92	0.62874	0.09596	0.08095	0.01726	1.000	completed
92	0.71249	0.09596	0.02791	0.01726	1.000	the
92	0.74319	0.09596	0.04466	0.01726	1.000	Basic
92	0.79065	0.09596	0.04187	0.01726	1.000	Level
92	0.83531	0.09593	0.06695	0.01744	1.000	training.
92	0.48872	0.02616	0.02068	0.01163	1.000	92
93	0.38534	0.93169	0.05836	0.01744	1.000	FIRE
93	0.44649	0.93169	0.16442	0.01744	1.000	DEPARTMENT
93	0.06203	0.90262	0.04146	0.01615	1.000	Eight
93	0.10607	0.90278	0.08796	0.01599	1.000	Firefighters
93	0.19662	0.90278	0.03881	0.01599	1.000	from
93	0.23802	0.90278	0.08538	0.01599	1.000	Lunenburg
93	0.32598	0.90278	0.06985	0.01599	1.000	continue
93	0.39842	0.90278	0.01811	0.01599	1.000	to
93	0.41912	0.90278	0.01811	0.01599	1.000	be
93	0.43981	0.90278	0.07503	0.01599	1.000	members
93	0.51743	0.90278	0.01552	0.01599	1.000	of
93	0.53554	0.90278	0.02846	0.01599	1.000	the
93	0.56658	0.90278	0.03105	0.01599	1.000	Fire
93	0.60022	0.90278	0.05692	0.01599	1.000	District
93	0.65972	0.90278	0.01035	0.01599	1.000	8
93	0.67266	0.90278	0.07503	0.01599	1.000	Technical
93	0.75027	0.90278	0.05950	0.01599	1.000	Rescue
93	0.81236	0.90278	0.03105	0.01599	1.000	and
93	0.84600	0.90262	0.03558	0.01615	1.000	Dive
93	0.06015	0.88081	0.05838	0.01744	1.000	Teams.
93	0.12132	0.88089	0.04745	0.01726	1.000	These
93	0.17157	0.88089	0.06420	0.01726	1.000	regional
93	0.23856	0.88089	0.04745	0.01726	1.000	teams
93	0.28881	0.88089	0.06699	0.01726	1.000	respond
93	0.35859	0.88089	0.01675	0.01726	1.000	to
93	0.37813	0.88089	0.03350	0.01726	1.000	high
93	0.41442	0.88089	0.03071	0.01726	1.000	risk
93	0.44792	0.88089	0.03071	0.01726	1.000	and
93	0.48141	0.88089	0.08653	0.01726	1.000	specialized
93	0.57074	0.88089	0.05583	0.01726	1.000	rescue
93	0.62936	0.88089	0.08095	0.01726	1.000	situations,
93	0.71310	0.88089	0.03908	0.01726	1.000	such
93	0.75497	0.88089	0.01954	0.01726	1.000	as
93	0.77730	0.88089	0.07258	0.01726	1.000	Confined
93	0.85267	0.88081	0.05335	0.01744	1.000	Space,
93	0.06203	0.86027	0.05698	0.01618	1.000	Rescue
93	0.12160	0.86027	0.03881	0.01599	1.000	from
93	0.16299	0.86027	0.06468	0.01599	1.000	Heights,
93	0.23026	0.86027	0.06727	0.01599	1.000	Building
93	0.30011	0.86027	0.03105	0.01599	1.000	and
93	0.33374	0.86027	0.05433	0.01599	1.000	Trench
93	0.39066	0.86027	0.07244	0.01599	1.000	Collapse,
93	0.46569	0.86027	0.13194	0.01599	1.000	Swift/Floodwater
93	0.60022	0.86027	0.03105	0.01599	1.000	and
93	0.63385	0.86027	0.09055	0.01599	1.000	Underwater
93	0.72699	0.86027	0.05433	0.01599	1.000	Search
93	0.78391	0.86027	0.02846	0.01599	1.000	and
93	0.81495	0.86027	0.08020	0.01599	1.000	Recovery.
93	0.89774	0.86027	0.01579	0.01618	1.000	In
93	0.06015	0.84007	0.09290	0.01604	1.000	conjunction
93	0.15564	0.84007	0.03363	0.01599	1.000	with
93	0.19186	0.84007	0.04398	0.01599	1.000	these
93	0.23843	0.84007	0.05950	0.01599	1.000	Teams,
93	0.30052	0.84007	0.08538	0.01599	1.000	Lunenburg
93	0.38848	0.84007	0.06727	0.01599	1.000	operates
93	0.45833	0.84007	0.03881	0.01599	1.000	both
93	0.49973	0.84007	0.01035	0.01599	1.000	a
93	0.51266	0.84007	0.04657	0.01599	1.000	Water
93	0.56182	0.84007	0.05950	0.01599	1.000	Rescue
93	0.62391	0.84007	0.03363	0.01599	1.000	Unit
93	0.66013	0.84007	0.02846	0.01599	1.000	and
93	0.69118	0.84007	0.01035	0.01599	1.000	a
93	0.70411	0.84007	0.12677	0.01599	1.000	Collapse/Trench
93	0.83347	0.84007	0.06127	0.01604	1.000	Rescue
93	0.06015	0.82122	0.05827	0.01453	1.000	Trailer.
93	0.06203	0.79070	0.03077	0.01744	1.000	Our
93	0.09559	0.79082	0.07816	0.01726	1.000	Apparatus
93	0.17654	0.79082	0.03629	0.01726	1.000	fleet
93	0.21562	0.79082	0.01396	0.01726	1.000	is
93	0.23237	0.79082	0.07258	0.01726	1.000	currently
93	0.30773	0.79082	0.01675	0.01726	1.000	in
93	0.32727	0.79082	0.03350	0.01726	1.000	very
93	0.36356	0.79082	0.04187	0.01726	1.000	good
93	0.40822	0.79082	0.07816	0.01726	1.000	condition,
93	0.48917	0.79082	0.03350	0.01726	1.000	with
93	0.52546	0.79082	0.03071	0.01726	1.000	two
93	0.55896	0.79082	0.06978	0.01726	1.000	pumpers
93	0.63154	0.79082	0.02791	0.01726	1.000	and
93	0.66224	0.79082	0.02791	0.01726	1.000	the
93	0.69295	0.79082	0.05583	0.01726	1.000	Ladder
93	0.75157	0.79082	0.03908	0.01726	1.000	truck
93	0.79344	0.79082	0.02233	0.01726	1.000	all
93	0.81856	0.79082	0.04466	0.01726	1.000	under
93	0.86601	0.79082	0.01954	0.01726	1.000	10
93	0.88834	0.79070	0.04399	0.01744	1.000	years
93	0.06015	0.77315	0.03408	0.01768	1.000	old.
93	0.09709	0.77315	0.03145	0.01768	1.000	Our
93	0.13140	0.77315	0.06005	0.01768	1.000	Rescue
93	0.19431	0.77315	0.06863	0.01768	1.000	Pumper,
93	0.26580	0.77315	0.05147	0.01768	1.000	Squad
93	0.32013	0.77315	0.01144	0.01768	1.000	3
93	0.33442	0.77315	0.06863	0.01768	1.000	remains
93	0.40591	0.77315	0.01716	0.01768	1.000	in
93	0.42593	0.77315	0.04289	0.01768	1.000	good
93	0.47168	0.77315	0.07721	0.01768	1.000	condition
93	0.55174	0.77315	0.05719	0.01768	1.000	though
93	0.61179	0.77315	0.01430	0.01768	1.000	it
93	0.62895	0.77315	0.01716	0.01768	1.000	is
93	0.64897	0.77315	0.06291	0.01768	1.000	nearing
93	0.71473	0.77315	0.02574	0.01768	1.000	the
93	0.74333	0.77315	0.03431	0.01768	1.000	end
93	0.78050	0.77315	0.01716	0.01768	1.000	of
93	0.80052	0.77315	0.02288	0.01768	1.000	its
93	0.82625	0.77315	0.07721	0.01768	1.000	projected
93	0.90632	0.77315	0.02601	0.01768	1.000	life
93	0.06015	0.75581	0.04442	0.01744	1.000	span.
93	0.10737	0.75589	0.03629	0.01726	1.000	This
93	0.14645	0.75589	0.03071	0.01726	1.000	unit
93	0.17994	0.75589	0.01675	0.01726	1.000	is
93	0.19948	0.75589	0.08095	0.01726	1.000	scheduled
93	0.28322	0.75589	0.02512	0.01726	1.000	for
93	0.31114	0.75589	0.10049	0.01726	1.000	Replacement
93	0.41442	0.75589	0.01675	0.01726	1.000	in
93	0.43396	0.75589	0.05025	0.01726	1.000	FY'27.
93	0.48700	0.75589	0.03629	0.01726	1.000	This
93	0.52608	0.75589	0.03071	0.01726	1.000	unit
93	0.55957	0.75589	0.01675	0.01726	1.000	is
93	0.57911	0.75589	0.01117	0.01726	1.000	a
93	0.59307	0.75589	0.10607	0.01726	1.000	dual-purpose
93	0.70193	0.75589	0.06141	0.01726	1.000	Pumper
93	0.76614	0.75589	0.03071	0.01726	1.000	and
93	0.79963	0.75589	0.05862	0.01726	1.000	Rescue
93	0.86104	0.75589	0.03908	0.01726	1.000	Unit,
93	0.90291	0.75581	0.03318	0.01744	1.000	car-
93	0.06203	0.73822	0.03887	0.01614	1.000	rying
93	0.10349	0.73822	0.02587	0.01599	1.000	the
93	0.13194	0.73822	0.04398	0.01599	1.000	Jaws
93	0.17851	0.73822	0.01552	0.01599	1.000	of
93	0.19662	0.73822	0.03622	0.01599	1.000	Life,
93	0.23543	0.73822	0.03622	0.01599	1.000	High
93	0.27424	0.73822	0.07244	0.01599	1.000	Pressure
93	0.34926	0.73822	0.02328	0.01599	1.000	Air
93	0.37514	0.73822	0.04657	0.01599	1.000	Bags,
93	0.42429	0.73822	0.02846	0.01599	1.000	and
93	0.45534	0.73822	0.04139	0.01599	1.000	other
93	0.49932	0.73822	0.08796	0.01599	1.000	specialized
93	0.58987	0.73822	0.05433	0.01599	1.000	rescue
93	0.64679	0.73822	0.04682	0.01614	1.000	tools.
93	0.06015	0.71366	0.03047	0.01744	1.000	The
93	0.09341	0.71380	0.10049	0.01726	1.000	Ambulances
93	0.19669	0.71380	0.02512	0.01726	1.000	are
93	0.22461	0.71380	0.10049	0.01726	1.000	experiencing
93	0.32789	0.71380	0.08095	0.01726	1.000	increased
93	0.41163	0.71380	0.03908	0.01726	1.000	wear
93	0.45350	0.71380	0.03071	0.01726	1.000	and
93	0.48700	0.71380	0.03350	0.01726	1.000	tear
93	0.52328	0.71380	0.01954	0.01726	1.000	as
93	0.54562	0.71380	0.02512	0.01726	1.000	we
93	0.57353	0.71380	0.02791	0.01726	1.000	see
93	0.60423	0.71380	0.02791	0.01726	1.000	not
93	0.63494	0.71380	0.03629	0.01726	1.000	only
93	0.67402	0.71380	0.04187	0.01726	1.000	more
93	0.71868	0.71380	0.03629	0.01726	1.000	calls
93	0.75776	0.71380	0.02512	0.01726	1.000	for
93	0.78568	0.71380	0.06141	0.01726	1.000	service,
93	0.84988	0.71380	0.02791	0.01726	1.000	but
93	0.88058	0.71366	0.05363	0.01744	1.000	longer
93	0.06015	0.69613	0.07125	0.01768	1.000	transport
93	0.13426	0.69613	0.04575	0.01768	1.000	times
93	0.18287	0.69613	0.01716	0.01768	1.000	to
93	0.20289	0.69613	0.04289	0.01768	1.000	more
93	0.24864	0.69613	0.05433	0.01768	1.000	distant
93	0.30583	0.69613	0.07435	0.01768	1.000	hospitals
93	0.38303	0.69613	0.03145	0.01768	1.000	and
93	0.41735	0.69613	0.05433	0.01768	1.000	critical
93	0.47454	0.69613	0.03431	0.01768	1.000	care
93	0.51171	0.69613	0.07149	0.01768	1.000	facilities.
93	0.58606	0.69613	0.02002	0.01768	1.000	30
93	0.60893	0.69613	0.04575	0.01768	1.000	years
93	0.65754	0.69613	0.03431	0.01768	1.000	ago,
93	0.69472	0.69613	0.02574	0.01768	1.000	we
93	0.72331	0.69613	0.03145	0.01768	1.000	had
93	0.75763	0.69613	0.03431	0.01768	1.000	four
93	0.79480	0.69613	0.07149	0.01768	1.000	hospitals
93	0.86914	0.69613	0.04861	0.01768	1.000	within
93	0.92062	0.69613	0.01172	0.01768	1.000	a
93	0.06015	0.67878	0.10304	0.01744	1.000	10-15-minute
93	0.16599	0.67887	0.07258	0.01726	1.000	transport
93	0.24135	0.67887	0.04187	0.01726	1.000	time.
93	0.28602	0.67887	0.04745	0.01726	1.000	Today
93	0.33626	0.67887	0.04187	0.01726	1.000	there
93	0.38092	0.67887	0.02512	0.01726	1.000	are
93	0.40884	0.67887	0.03350	0.01726	1.000	two.
93	0.44513	0.67887	0.01675	0.01726	1.000	In
93	0.46467	0.67887	0.06978	0.01726	1.000	addition,
93	0.53724	0.67887	0.04466	0.01726	1.000	many
93	0.58469	0.67887	0.05583	0.01726	1.000	cardiac
93	0.64331	0.67887	0.03071	0.01726	1.000	and
93	0.67681	0.67887	0.05583	0.01726	1.000	trauma
93	0.73543	0.67887	0.06141	0.01726	1.000	patients
93	0.79963	0.67887	0.05862	0.01726	1.000	require
93	0.86104	0.67878	0.07317	0.01744	1.000	definitive
93	0.06015	0.66120	0.07697	0.01768	1.000	treatment
93	0.13998	0.66120	0.01716	0.01768	1.000	in
93	0.15999	0.66120	0.07149	0.01768	1.000	specialty
93	0.23434	0.66120	0.07435	0.01768	1.000	facilities.
93	0.31155	0.66120	0.03717	0.01768	1.000	This
93	0.35158	0.66120	0.04003	0.01768	1.000	often
93	0.39447	0.66120	0.06863	0.01768	1.000	requires
93	0.46596	0.66120	0.07435	0.01768	1.000	transport
93	0.54316	0.66120	0.01716	0.01768	1.000	to
93	0.56318	0.66120	0.08578	0.01768	1.000	Worcester
93	0.65182	0.66120	0.01716	0.01768	1.000	or
93	0.67184	0.66120	0.10008	0.01768	1.000	occasionally
93	0.77478	0.66120	0.04289	0.01768	1.000	even
93	0.82053	0.66120	0.06291	0.01768	1.000	Boston.
93	0.88630	0.66120	0.04791	0.01768	1.000	Given
93	0.05827	0.64226	0.06128	0.01908	1.000	lengthy
93	0.12262	0.64226	0.05208	0.01894	1.000	delays
93	0.17776	0.64226	0.01838	0.01894	1.000	in
93	0.19921	0.64226	0.07353	0.01894	1.000	obtaining
93	0.27580	0.64226	0.03064	0.01894	1.000	new
93	0.30950	0.64226	0.04902	0.01894	1.000	units,
93	0.36159	0.64226	0.00919	0.01894	1.000	a
93	0.37384	0.64226	0.09804	0.01894	1.000	replacement
93	0.47495	0.64226	0.02145	0.01894	1.000	for
93	0.49946	0.64226	0.06127	0.01894	1.000	Rescue
93	0.56379	0.64226	0.01532	0.01894	1.000	1,
93	0.58218	0.64226	0.02757	0.01894	1.000	our
93	0.61281	0.64226	0.03676	0.01894	1.000	2014
93	0.65264	0.64226	0.08578	0.01894	1.000	ambulance
93	0.74149	0.64226	0.03370	0.01894	1.000	was
93	0.77825	0.64226	0.06127	0.01894	1.000	ordered
93	0.84259	0.64226	0.01532	0.01894	1.000	in
93	0.86097	0.64226	0.05208	0.01894	1.000	March
93	0.91612	0.64226	0.01997	0.01908	1.000	of
93	0.06015	0.62626	0.04265	0.01768	1.000	2023.
93	0.10566	0.62626	0.06291	0.01768	1.000	Delivery
93	0.17143	0.62626	0.01716	0.01768	1.000	is
93	0.19145	0.62626	0.02574	0.01768	1.000	not
93	0.22004	0.62626	0.08578	0.01768	1.000	anticipated
93	0.30869	0.62626	0.03717	0.01768	1.000	until
93	0.34872	0.62626	0.03717	0.01768	1.000	early
93	0.38875	0.62626	0.04546	0.01768	1.000	2025.
93	0.06015	0.60174	0.10304	0.01744	1.000	Replacement
93	0.16599	0.60185	0.01675	0.01726	1.000	of
93	0.18553	0.60185	0.03071	0.01726	1.000	our
93	0.21902	0.60185	0.06978	0.01726	1.000	outdated
93	0.29160	0.60185	0.05304	0.01726	1.000	Forest
93	0.34743	0.60185	0.02791	0.01726	1.000	Fire
93	0.37813	0.60185	0.08095	0.01726	1.000	protective
93	0.46187	0.60185	0.06420	0.01726	1.000	clothing
93	0.52887	0.60185	0.03629	0.01726	1.000	with
93	0.56795	0.60185	0.01117	0.01726	1.000	a
93	0.58190	0.60185	0.10328	0.01726	1.000	dual-purpose
93	0.68798	0.60185	0.03629	0.01726	1.000	type
93	0.72706	0.60185	0.01954	0.01726	1.000	of
93	0.74939	0.60185	0.06420	0.01726	1.000	clothing
93	0.81638	0.60185	0.03071	0.01726	1.000	that
93	0.84988	0.60185	0.01675	0.01726	1.000	is
93	0.86942	0.60174	0.06291	0.01744	1.000	suitable
93	0.05827	0.58418	0.02860	0.01768	1.000	for
93	0.08973	0.58418	0.04003	0.01768	1.000	both
93	0.13263	0.58418	0.05147	0.01768	1.000	brush
93	0.18696	0.58418	0.04003	0.01768	1.000	fires
93	0.22985	0.58418	0.03431	0.01768	1.000	and
93	0.26702	0.58418	0.05147	0.01768	1.000	motor
93	0.32135	0.58418	0.13440	0.01768	1.000	vehicle/technical
93	0.45861	0.58418	0.05719	0.01768	1.000	rescue
93	0.51865	0.58418	0.08292	0.01768	1.000	situations
93	0.60444	0.58418	0.03717	0.01768	1.000	was
93	0.64447	0.58418	0.08578	0.01768	1.000	completed
93	0.73312	0.58418	0.03717	0.01768	1.000	This
93	0.77315	0.58418	0.06005	0.01768	1.000	project
93	0.83606	0.58418	0.03717	0.01768	1.000	was
93	0.87609	0.58418	0.05624	0.01768	1.000	funded
93	0.06015	0.56686	0.06444	0.01605	1.000	through
93	0.12718	0.56692	0.01294	0.01599	1.000	a
93	0.14270	0.56692	0.04398	0.01599	1.000	State
93	0.18927	0.56692	0.04398	0.01599	1.000	Grant
93	0.23584	0.56692	0.02587	0.01599	1.000	for
93	0.26430	0.56692	0.05174	0.01599	1.000	Safety
93	0.31863	0.56692	0.09055	0.01599	1.000	Equipment.
93	0.41176	0.56692	0.05950	0.01599	1.000	Though
93	0.47386	0.56692	0.05692	0.01599	1.000	supply
93	0.53336	0.56692	0.04398	0.01599	1.000	chain
93	0.57993	0.56692	0.05433	0.01599	1.000	issues
93	0.63685	0.56692	0.05692	0.01599	1.000	slowed
93	0.69635	0.56692	0.02587	0.01599	1.000	the
93	0.72481	0.56692	0.06985	0.01599	1.000	process,
93	0.79725	0.56692	0.02846	0.01599	1.000	the
93	0.82830	0.56692	0.08279	0.01599	1.000	equipment
93	0.91367	0.56686	0.02054	0.01605	1.000	fi-
93	0.06015	0.54924	0.03980	0.01768	1.000	nally
93	0.10281	0.54924	0.06005	0.01768	1.000	arrived
93	0.16571	0.54924	0.01716	0.01768	1.000	in
93	0.18573	0.54924	0.05719	0.01768	1.000	Spring
93	0.24578	0.54924	0.02002	0.01768	1.000	of
93	0.26865	0.54924	0.04289	0.01768	1.000	2023.
93	0.31441	0.54924	0.06291	0.01768	1.000	Several
93	0.38017	0.54924	0.06863	0.01768	1.000	hundred
93	0.45166	0.54924	0.03431	0.01768	1.000	feet
93	0.48883	0.54924	0.01716	0.01768	1.000	of
93	0.50885	0.54924	0.04289	0.01768	1.000	hose
93	0.55460	0.54924	0.03145	0.01768	1.000	and
93	0.58892	0.54924	0.04861	0.01768	1.000	some
93	0.64039	0.54924	0.07149	0.01768	1.000	outdated
93	0.71473	0.54924	0.06291	0.01768	1.000	nozzles
93	0.78050	0.54924	0.04003	0.01768	1.000	were
93	0.82339	0.54924	0.03717	0.01768	1.000	also
93	0.86343	0.54924	0.06890	0.01768	1.000	replaced
93	0.06015	0.53198	0.06396	0.01744	1.000	through
93	0.12691	0.53199	0.00837	0.01726	1.000	a
93	0.13807	0.53199	0.04466	0.01726	1.000	State
93	0.18553	0.53199	0.04187	0.01726	1.000	Grant
93	0.23019	0.53199	0.01675	0.01726	1.000	in
93	0.24973	0.53199	0.04187	0.01726	1.000	2023.
93	0.29439	0.53199	0.01396	0.01726	1.000	A
93	0.31114	0.53199	0.04466	0.01726	1.000	Grant
93	0.35859	0.53199	0.01396	0.01726	1.000	to
93	0.37534	0.53199	0.06141	0.01726	1.000	replace
93	0.43954	0.53199	0.05583	0.01726	1.000	several
93	0.49816	0.53199	0.05025	0.01726	1.000	power
93	0.55120	0.53199	0.03908	0.01726	1.000	saws
93	0.59307	0.53199	0.03071	0.01726	1.000	and
93	0.62657	0.53199	0.04466	0.01726	1.000	some
93	0.67402	0.53199	0.06420	0.01726	1.000	portable
93	0.74101	0.53199	0.05025	0.01726	1.000	radios
93	0.79405	0.53199	0.03071	0.01726	1.000	was
93	0.82755	0.53199	0.05862	0.01726	1.000	applied
93	0.88896	0.53199	0.02233	0.01726	1.000	for
93	0.91408	0.53198	0.01825	0.01744	1.000	in
93	0.05827	0.51453	0.03105	0.01619	1.000	late
93	0.09191	0.51473	0.03881	0.01599	1.000	2023
93	0.13331	0.51473	0.02846	0.01599	1.000	and
93	0.16435	0.51473	0.01552	0.01599	1.000	is
93	0.18246	0.51473	0.08796	0.01599	1.000	anticipated
93	0.27301	0.51473	0.02328	0.01599	1.000	for
93	0.29888	0.51473	0.03881	0.01599	1.000	early
93	0.34028	0.51453	0.04318	0.01619	1.000	2024.
93	0.06015	0.48983	0.06117	0.01744	1.000	Captain
93	0.12411	0.48990	0.05304	0.01726	1.000	James
93	0.17994	0.48990	0.03908	0.01726	1.000	Ricci
93	0.22181	0.48990	0.05304	0.01726	1.000	retired
93	0.27764	0.48990	0.01675	0.01726	1.000	in
93	0.29718	0.48990	0.05025	0.01726	1.000	March
93	0.35022	0.48990	0.01675	0.01726	1.000	of
93	0.36976	0.48990	0.03629	0.01726	1.000	2023
93	0.40884	0.48990	0.03908	0.01726	1.000	after
93	0.45071	0.48990	0.01954	0.01726	1.000	32
93	0.47304	0.48990	0.04466	0.01726	1.000	years
93	0.52049	0.48990	0.01675	0.01726	1.000	of
93	0.54003	0.48990	0.05304	0.01726	1.000	Career
93	0.59586	0.48990	0.03071	0.01726	1.000	and
93	0.62936	0.48990	0.03071	0.01726	1.000	Call
93	0.66285	0.48990	0.05583	0.01726	1.000	service
93	0.72147	0.48990	0.01675	0.01726	1.000	to
93	0.74101	0.48990	0.02791	0.01726	1.000	the
93	0.77172	0.48990	0.05025	0.01726	1.000	Town.
93	0.82475	0.48990	0.02791	0.01726	1.000	Jim
93	0.85546	0.48990	0.05304	0.01726	1.000	served
93	0.91129	0.48983	0.02104	0.01744	1.000	as
93	0.06015	0.47222	0.02836	0.01768	1.000	our
93	0.09137	0.47222	0.03145	0.01768	1.000	Fire
93	0.12568	0.47222	0.08578	0.01768	1.000	Prevention
93	0.21432	0.47222	0.05433	0.01768	1.000	Officer
93	0.27151	0.47222	0.02288	0.01768	1.000	for
93	0.29725	0.47222	0.02002	0.01768	1.000	17
93	0.32013	0.47222	0.04289	0.01768	1.000	years
93	0.36588	0.47222	0.03145	0.01768	1.000	and
93	0.40019	0.47222	0.03145	0.01768	1.000	was
93	0.43450	0.47222	0.03145	0.01768	1.000	well
93	0.46882	0.47222	0.05433	0.01768	1.000	known
93	0.52601	0.47222	0.02288	0.01768	1.000	for
93	0.55174	0.47222	0.02574	0.01768	1.000	his
93	0.58034	0.47222	0.10866	0.01768	1.000	conscientious
93	0.69186	0.47222	0.03145	0.01768	1.000	and
93	0.72617	0.47222	0.10866	0.01768	1.000	down-to-earth
93	0.83769	0.47222	0.07435	0.01768	1.000	approach
93	0.91490	0.47222	0.01931	0.01768	1.000	to
93	0.06015	0.45494	0.03959	0.01896	1.000	code
93	0.10281	0.45497	0.10417	0.01894	1.000	enforcement.
93	0.21004	0.45497	0.03064	0.01894	1.000	Jim
93	0.24374	0.45497	0.03370	0.01894	1.000	was
93	0.28050	0.45497	0.09804	0.01894	1.000	instrumental
93	0.38160	0.45497	0.01838	0.01894	1.000	in
93	0.40305	0.45497	0.08885	0.01894	1.000	developing
93	0.49496	0.45497	0.02451	0.01894	1.000	the
93	0.52254	0.45497	0.05208	0.01894	1.000	"Sand
93	0.57768	0.45497	0.02451	0.01894	1.000	for
93	0.60526	0.45497	0.07047	0.01894	1.000	Seniors"
93	0.67879	0.45497	0.06740	0.01894	1.000	program
93	0.74925	0.45497	0.01838	0.01894	1.000	in
93	0.77070	0.45497	0.09191	0.01894	1.000	conjunction
93	0.86567	0.45497	0.03676	0.01894	1.000	with
93	0.90550	0.45494	0.02683	0.01896	1.000	the
93	0.06015	0.43729	0.04551	0.01768	1.000	Eagle
93	0.10852	0.43729	0.05147	0.01768	1.000	House
93	0.16285	0.43729	0.04575	0.01768	1.000	Staff.
93	0.21147	0.43729	0.02002	0.01768	1.000	He
93	0.23434	0.43729	0.03431	0.01768	1.000	was
93	0.27151	0.43729	0.03717	0.01768	1.000	also
93	0.31155	0.43729	0.06863	0.01768	1.000	awarded
93	0.38303	0.43729	0.02574	0.01768	1.000	the
93	0.41163	0.43729	0.07435	0.01768	1.000	"Norman
93	0.48883	0.43729	0.05147	0.01768	1.000	Knight
93	0.54316	0.43729	0.08578	0.01768	1.000	Excellence
93	0.63181	0.43729	0.02002	0.01768	1.000	in
93	0.65468	0.43729	0.09150	0.01768	1.000	Community
93	0.74905	0.43729	0.06005	0.01768	1.000	Service
93	0.81196	0.43729	0.06005	0.01768	1.000	Award"
93	0.87486	0.43729	0.01716	0.01768	1.000	in
93	0.89488	0.43729	0.03745	0.01768	1.000	2014
93	0.05827	0.42003	0.02513	0.01747	1.000	for
93	0.08619	0.42003	0.02512	0.01726	1.000	his
93	0.11411	0.42003	0.02791	0.01726	1.000	fire
93	0.14481	0.42003	0.08653	0.01726	1.000	prevention
93	0.23414	0.42003	0.03350	0.01726	1.000	and
93	0.27042	0.42003	0.08653	0.01726	1.000	community
93	0.35975	0.42003	0.07816	0.01726	1.000	education
93	0.44070	0.42003	0.04745	0.01726	1.000	work.
93	0.49094	0.42003	0.04466	0.01726	1.000	While
93	0.53840	0.42003	0.04187	0.01726	1.000	Jim's
93	0.58306	0.42003	0.08374	0.01726	1.000	retirement
93	0.66959	0.42003	0.02791	0.01726	1.000	left
93	0.70030	0.42003	0.02512	0.01726	1.000	big
93	0.72821	0.42003	0.05025	0.01726	1.000	shoes
93	0.78125	0.42003	0.01675	0.01726	1.000	to
93	0.80079	0.42003	0.02791	0.01726	1.000	fill,
93	0.83150	0.42003	0.02233	0.01726	1.000	we
93	0.85662	0.42003	0.02791	0.01726	1.000	are
93	0.88732	0.42003	0.04689	0.01747	1.000	fortu-
93	0.06015	0.40262	0.03326	0.01744	1.000	nate
93	0.09620	0.40278	0.03350	0.01726	1.000	that
93	0.13249	0.40278	0.01954	0.01726	1.000	he
93	0.15482	0.40278	0.03071	0.01726	1.000	has
93	0.18832	0.40278	0.05583	0.01726	1.000	chosen
93	0.24694	0.40278	0.01675	0.01726	1.000	to
93	0.26648	0.40278	0.06978	0.01726	1.000	continue
93	0.33905	0.40278	0.01675	0.01726	1.000	to
93	0.35859	0.40278	0.04466	0.01726	1.000	serve
93	0.40605	0.40278	0.02512	0.01726	1.000	the
93	0.43396	0.40278	0.04466	0.01726	1.000	Town
93	0.48141	0.40278	0.01954	0.01726	1.000	as
93	0.50374	0.40278	0.01954	0.01726	1.000	an
93	0.52608	0.40278	0.02512	0.01726	1.000	On
93	0.55399	0.40278	0.03071	0.01726	1.000	Call
93	0.58749	0.40262	0.12492	0.01744	1.000	Firefighter/EMT.
93	0.05827	0.37791	0.01955	0.01744	1.000	In
93	0.08061	0.37795	0.08932	0.01726	1.000	conclusion,
93	0.17273	0.37795	0.00837	0.01726	1.000	I
93	0.18389	0.37795	0.04745	0.01726	1.000	would
93	0.23414	0.37795	0.02791	0.01726	1.000	like
93	0.26484	0.37795	0.01675	0.01726	1.000	to
93	0.28438	0.37795	0.04745	0.01726	1.000	thank
93	0.33463	0.37795	0.02512	0.01726	1.000	the
93	0.36254	0.37795	0.07537	0.01726	1.000	members
93	0.44070	0.37795	0.01396	0.01726	1.000	of
93	0.45745	0.37795	0.02791	0.01726	1.000	the
93	0.48815	0.37795	0.08653	0.01726	1.000	Lunenburg
93	0.57748	0.37795	0.03071	0.01726	1.000	Fire
93	0.61097	0.37795	0.09212	0.01726	1.000	Department
93	0.70588	0.37795	0.02233	0.01726	1.000	for
93	0.73100	0.37795	0.03908	0.01726	1.000	their
93	0.77288	0.37795	0.09212	0.01726	1.000	outstanding
93	0.86778	0.37791	0.06643	0.01744	1.000	commit-
93	0.06015	0.36027	0.03980	0.01768	1.000	ment
93	0.10281	0.36027	0.01716	0.01768	1.000	to
93	0.12282	0.36027	0.02859	0.01768	1.000	the
93	0.15428	0.36027	0.04861	0.01768	1.000	Town.
93	0.20575	0.36027	0.04289	0.01768	1.000	Their
93	0.25150	0.36027	0.09722	0.01768	1.000	enthusiasm,
93	0.35158	0.36027	0.12582	0.01768	1.000	professionalism
93	0.48026	0.36027	0.02859	0.01768	1.000	and
93	0.51171	0.36027	0.08292	0.01768	1.000	dedication
93	0.59749	0.36027	0.06863	0.01768	1.000	continue
93	0.66898	0.36027	0.01716	0.01768	1.000	to
93	0.68900	0.36027	0.06577	0.01768	1.000	impress
93	0.75763	0.36027	0.02574	0.01768	1.000	me
93	0.78622	0.36027	0.04575	0.01768	1.000	every
93	0.83483	0.36027	0.03431	0.01768	1.000	day.
93	0.87200	0.36027	0.01716	0.01768	1.000	In
93	0.89202	0.36027	0.04219	0.01768	1.000	addi-
93	0.06015	0.34301	0.03857	0.01600	1.000	tion,
93	0.10131	0.34301	0.00517	0.01599	1.000	I
93	0.10907	0.34301	0.04916	0.01599	1.000	would
93	0.16081	0.34301	0.02846	0.01599	1.000	like
93	0.19186	0.34301	0.01811	0.01599	1.000	to
93	0.21255	0.34301	0.06209	0.01599	1.000	express
93	0.27723	0.34301	0.02587	0.01599	1.000	my
93	0.30569	0.34301	0.06985	0.01599	1.000	gratitude
93	0.37813	0.34301	0.01811	0.01599	1.000	to
93	0.39883	0.34301	0.02587	0.01599	1.000	the
93	0.42729	0.34301	0.07503	0.01599	1.000	members
93	0.50490	0.34301	0.01552	0.01599	1.000	of
93	0.52301	0.34301	0.02846	0.01599	1.000	the
93	0.55406	0.34301	0.09055	0.01599	1.000	Department
93	0.64719	0.34301	0.03363	0.01599	1.000	who
93	0.68342	0.34301	0.03881	0.01599	1.000	have
93	0.72481	0.34301	0.05433	0.01599	1.000	helped
93	0.78173	0.34301	0.04398	0.01599	1.000	make
93	0.82830	0.34301	0.02587	0.01599	1.000	the
93	0.85675	0.34301	0.07746	0.01600	1.000	Paramed-
93	0.05827	0.32558	0.01676	0.01744	1.000	ic
93	0.07782	0.32576	0.06978	0.01726	1.000	Program
93	0.15039	0.32576	0.00837	0.01726	1.000	a
93	0.16156	0.32576	0.05583	0.01726	1.000	reality.
93	0.22018	0.32576	0.04187	0.01726	1.000	From
93	0.26484	0.32576	0.04466	0.01726	1.000	those
93	0.31230	0.32576	0.03350	0.01726	1.000	who
93	0.34858	0.32576	0.05583	0.01726	1.000	helped
93	0.40720	0.32576	0.06141	0.01726	1.000	develop
93	0.47141	0.32576	0.06420	0.01726	1.000	policies
93	0.53840	0.32576	0.02791	0.01726	1.000	and
93	0.56910	0.32576	0.04745	0.01726	1.000	those
93	0.61935	0.32576	0.03350	0.01726	1.000	who
93	0.65564	0.32576	0.05304	0.01726	1.000	helped
93	0.71147	0.32576	0.06420	0.01726	1.000	procure
93	0.77846	0.32576	0.08653	0.01726	1.000	equipment,
93	0.86778	0.32576	0.01675	0.01726	1.000	to
93	0.88732	0.32558	0.04501	0.01744	1.000	those
93	0.06203	0.30808	0.07155	0.01768	1.000	members
93	0.13644	0.30808	0.03431	0.01768	1.000	who
93	0.17361	0.30808	0.06577	0.01768	1.000	endured
93	0.24224	0.30808	0.02574	0.01768	1.000	the
93	0.27083	0.30808	0.08864	0.01768	1.000	challenges
93	0.36234	0.30808	0.01716	0.01768	1.000	of
93	0.38235	0.30808	0.08292	0.01768	1.000	Paramedic
93	0.46814	0.30808	0.06577	0.01768	1.000	training.
93	0.53676	0.30808	0.03717	0.01768	1.000	Your
93	0.57680	0.30808	0.05147	0.01768	1.000	efforts
93	0.63113	0.30808	0.04003	0.01768	1.000	have
93	0.67402	0.30808	0.05433	0.01768	1.000	helped
93	0.73121	0.30808	0.04003	0.01768	1.000	bring
93	0.77410	0.30808	0.04861	0.01768	1.000	about
93	0.82557	0.30808	0.00858	0.01768	1.000	a
93	0.83701	0.30808	0.06577	0.01768	1.000	massive
93	0.90564	0.30808	0.02857	0.01768	1.000	im-
93	0.06015	0.29209	0.08514	0.01605	1.000	provement
93	0.14788	0.29209	0.01811	0.01599	1.000	in
93	0.16857	0.29209	0.05692	0.01599	1.000	service
93	0.22808	0.29209	0.01811	0.01599	1.000	to
93	0.24877	0.29209	0.02846	0.01599	1.000	our
93	0.27982	0.29209	0.08020	0.01599	1.000	residents.
93	0.36261	0.29209	0.02587	0.01599	1.000	My
93	0.39107	0.29209	0.05433	0.01599	1.000	thanks
93	0.44798	0.29209	0.03363	0.01599	1.000	also
93	0.48420	0.29209	0.02070	0.01599	1.000	to
93	0.50749	0.29209	0.02587	0.01599	1.000	the
93	0.53595	0.29209	0.04657	0.01599	1.000	Town
93	0.58510	0.29209	0.06727	0.01599	1.000	Manager
93	0.65496	0.29209	0.02587	0.01599	1.000	for
93	0.68342	0.29209	0.02846	0.01599	1.000	her
93	0.71446	0.29209	0.09055	0.01599	1.000	unwavering
93	0.80760	0.29209	0.06468	0.01599	1.000	support
93	0.87486	0.29209	0.02328	0.01599	1.000	for
93	0.90074	0.29209	0.03160	0.01605	1.000	this
93	0.06009	0.27479	0.03485	0.01471	1.000	vital
93	0.09712	0.27445	0.06271	0.01486	1.000	project.
93	0.05827	0.24855	0.00838	0.01745	1.000	I
93	0.06944	0.24874	0.05025	0.01726	1.000	would
93	0.12248	0.24874	0.03629	0.01726	1.000	also
93	0.16156	0.24874	0.03071	0.01726	1.000	like
93	0.19506	0.24874	0.01675	0.01726	1.000	to
93	0.21460	0.24874	0.04745	0.01726	1.000	thank
93	0.26484	0.24874	0.02791	0.01726	1.000	the
93	0.29555	0.24874	0.04466	0.01726	1.000	other
93	0.34300	0.24874	0.08932	0.01726	1.000	department
93	0.43512	0.24874	0.05583	0.01726	1.000	heads,
93	0.49374	0.24874	0.06141	0.01726	1.000	boards,
93	0.55794	0.24874	0.03071	0.01726	1.000	and
93	0.59144	0.24874	0.10607	0.01726	1.000	commissions
93	0.70030	0.24874	0.02512	0.01726	1.000	for
93	0.72821	0.24874	0.03908	0.01726	1.000	their
93	0.77008	0.24874	0.08374	0.01726	1.000	continuing
93	0.85662	0.24874	0.04187	0.01726	1.000	help.
93	0.90128	0.24855	0.03105	0.01745	1.000	The
93	0.05827	0.23106	0.04004	0.01768	1.000	level
93	0.10117	0.23106	0.01716	0.01768	1.000	of
93	0.12119	0.23106	0.14011	0.01768	1.000	interdepartmental
93	0.26416	0.23106	0.09150	0.01768	1.000	cooperation
93	0.35852	0.23106	0.03431	0.01768	1.000	that
93	0.39570	0.23106	0.05433	0.01768	1.000	occurs
93	0.45289	0.23106	0.01430	0.01768	1.000	in
93	0.47004	0.23106	0.02859	0.01768	1.000	the
93	0.50150	0.23106	0.04003	0.01768	1.000	daily
93	0.54439	0.23106	0.05719	0.01768	1.000	course
93	0.60444	0.23106	0.01430	0.01768	1.000	of
93	0.62160	0.23106	0.04003	0.01768	1.000	town
93	0.66449	0.23106	0.07149	0.01768	1.000	business
93	0.73883	0.23106	0.01716	0.01768	1.000	is
93	0.75885	0.23106	0.06577	0.01768	1.000	invisible
93	0.82748	0.23106	0.01716	0.01768	1.000	to
93	0.84749	0.23106	0.04575	0.01768	1.000	many
93	0.89611	0.23106	0.03810	0.01768	1.000	peo-
93	0.06203	0.21366	0.02798	0.01744	1.000	ple,
93	0.09280	0.21380	0.02512	0.01726	1.000	but
93	0.12071	0.21380	0.01117	0.01726	1.000	it
93	0.13467	0.21380	0.01675	0.01726	1.000	is
93	0.15421	0.21380	0.05583	0.01726	1.000	critical
93	0.21283	0.21380	0.01396	0.01726	1.000	to
93	0.22958	0.21380	0.02233	0.01726	1.000	all
93	0.25470	0.21380	0.08932	0.01726	1.000	operations.
93	0.34681	0.21380	0.05583	0.01726	1.000	Finally,
93	0.40543	0.21380	0.02512	0.01726	1.000	my
93	0.43335	0.21380	0.05304	0.01726	1.000	thanks
93	0.48917	0.21380	0.03350	0.01726	1.000	also
93	0.52546	0.21380	0.02233	0.01726	1.000	go
93	0.55059	0.21380	0.02791	0.01726	1.000	out
93	0.58129	0.21380	0.01675	0.01726	1.000	to
93	0.60083	0.21380	0.02512	0.01726	1.000	the
93	0.62874	0.21380	0.06141	0.01726	1.000	citizens
93	0.69295	0.21380	0.01675	0.01726	1.000	of
93	0.71249	0.21380	0.08653	0.01726	1.000	Lunenburg
93	0.80181	0.21380	0.02233	0.01726	1.000	for
93	0.82693	0.21380	0.03908	0.01726	1.000	their
93	0.86880	0.21366	0.06353	0.01744	1.000	ongoing
93	0.06015	0.19767	0.06185	0.01613	1.000	support
93	0.12459	0.19781	0.01811	0.01599	1.000	of
93	0.14529	0.19781	0.04916	0.01599	1.000	public
93	0.19703	0.19781	0.05433	0.01599	1.000	safety.
93	0.25395	0.19781	0.03881	0.01599	1.000	Such
93	0.29534	0.19781	0.06209	0.01599	1.000	support
93	0.36002	0.19781	0.05174	0.01599	1.000	allows
93	0.41435	0.19781	0.02070	0.01599	1.000	us
93	0.43764	0.19781	0.01811	0.01599	1.000	to
93	0.45833	0.19781	0.06727	0.01599	1.000	continue
93	0.52819	0.19781	0.07503	0.01599	1.000	providing
93	0.60580	0.19781	0.02587	0.01599	1.000	the
93	0.63426	0.19781	0.03622	0.01599	1.000	high
93	0.67307	0.19781	0.03881	0.01599	1.000	level
93	0.71446	0.19781	0.01811	0.01599	1.000	of
93	0.73516	0.19781	0.05692	0.01599	1.000	service
93	0.79466	0.19781	0.03105	0.01599	1.000	you
93	0.82830	0.19781	0.03881	0.01599	1.000	have
93	0.86969	0.19781	0.04139	0.01599	1.000	come
93	0.91367	0.19767	0.01866	0.01613	1.000	to
93	0.06015	0.18013	0.05457	0.01473	1.000	expect
93	0.11710	0.18013	0.03574	0.01473	1.000	from
93	0.15523	0.18013	0.02898	0.01473	1.000	us.
93	0.48872	0.02616	0.02068	0.01163	1.000	93
94	0.38534	0.92878	0.05992	0.02198	1.000	FIRE
94	0.44880	0.92878	0.16398	0.02198	1.000	DEPARTMENT
94	0.31955	0.90109	0.05354	0.02062	1.000	Roster
94	0.37643	0.90109	0.01668	0.02062	1.000	of
94	0.39645	0.90109	0.02335	0.02062	1.000	the
94	0.42313	0.90109	0.08674	0.02062	1.000	Lunenburg
94	0.51321	0.90109	0.03002	0.02062	1.000	Fire
94	0.54657	0.90109	0.09675	0.02062	1.000	Department-
94	0.64665	0.90109	0.03944	0.02062	1.000	2023
94	0.34398	0.85311	0.04620	0.01898	1.000	Patrick
94	0.39325	0.85311	0.01532	0.01894	1.000	A.
94	0.41163	0.85311	0.05515	0.01894	1.000	Sullivan,
94	0.46984	0.85311	0.03370	0.01894	1.000	Chief
94	0.50660	0.85311	0.01225	0.01894	1.000	of
94	0.52192	0.85311	0.09462	0.01898	1.000	Departmentt*
94	0.38910	0.82994	0.03574	0.02035	1.000	Peter
94	0.42810	0.82997	0.01307	0.02020	1.000	J.
94	0.44444	0.82997	0.03595	0.02020	1.000	Hyatt,
94	0.48366	0.82997	0.04575	0.02020	1.000	Deputy
94	0.53268	0.82994	0.03875	0.02035	1.000	Chief
94	0.16917	0.75000	0.01315	0.01599	1.000	A
94	0.18491	0.75000	0.03501	0.01599	1.000	Shift
94	0.09398	0.70328	0.04313	0.01768	1.000	Scott
94	0.13998	0.70328	0.04289	0.01768	1.000	Dillon,
94	0.18573	0.70328	0.10374	0.01768	1.000	Lieutenant/EMT
94	0.08835	0.68169	0.03059	0.01744	1.000	Carl
94	0.12173	0.68182	0.08374	0.01726	1.000	Gamberdella,
94	0.20827	0.68169	0.09249	0.01744	1.000	FF/Paramedic
94	0.09586	0.65698	0.05208	0.01895	1.000	Andrew
94	0.15101	0.65699	0.04596	0.01894	1.000	Bolton,
94	0.20003	0.65698	0.09321	0.01895	1.000	FF/Paramedic
94	0.37970	0.76890	0.05508	0.01898	1.000	Career
94	0.43784	0.76890	0.10163	0.01898	1.000	Firefighters+
94	0.43417	0.74993	0.01267	0.01602	1.000	B
94	0.44929	0.74997	0.03571	0.01608	1.000	Shift
94	0.35714	0.70328	0.05735	0.01768	1.000	Kenneth
94	0.41735	0.70328	0.04289	0.01768	1.000	Jones,
94	0.46310	0.70328	0.09893	0.01768	1.000	Captain/AEMT*
94	0.37030	0.68013	0.04296	0.01899	1.000	Austin
94	0.41633	0.68013	0.03983	0.01894	1.000	Flagg,
94	0.45922	0.68013	0.09341	0.01899	1.000	FF/Paramedic
94	0.36842	0.65698	0.04266	0.01895	1.000	Jenny
94	0.41415	0.65699	0.03983	0.01894	1.000	Smith,
94	0.45704	0.65698	0.09371	0.01895	1.000	FF/Paramedic
94	0.35338	0.61322	0.04061	0.01473	1.000	Karen
94	0.39638	0.61322	0.04528	0.01473	1.000	Weller,
94	0.44404	0.61322	0.09293	0.01473	1.000	Administrative
94	0.53935	0.61322	0.02456	0.01473	1.000	As-
94	0.39659	0.57256	0.03076	0.01750	1.000	Call
94	0.43009	0.57262	0.09062	0.01760	1.000	Firefighters
94	0.70089	0.74955	0.01308	0.01622	1.000	C
94	0.71600	0.74983	0.03425	0.01661	1.000	Shift
94	0.60526	0.70328	0.05705	0.01768	1.000	Christos
94	0.66517	0.70328	0.06291	0.01768	1.000	Lekaditis,
94	0.73094	0.70328	0.11305	0.01768	1.000	Lieutenant/AEMT
94	0.61654	0.68013	0.04904	0.01899	1.000	Melissa
94	0.66864	0.68013	0.07047	0.01894	1.000	Buchanan,
94	0.74217	0.68013	0.09242	0.01899	1.000	FF/Paramedic
94	0.63534	0.65825	0.03957	0.01908	1.000	Olivia
94	0.67797	0.65825	0.04289	0.01894	1.000	Hayes,
94	0.72392	0.65825	0.09187	0.01908	1.000	FF/Paramedic
94	0.10526	0.55219	0.03560	0.01473	1.000	Mark
94	0.14325	0.55219	0.05242	0.01473	1.000	Bursch,
94	0.19805	0.55219	0.08202	0.01473	1.000	Captain/EMT
94	0.09023	0.52904	0.03123	0.01602	1.000	Paul
94	0.12405	0.52904	0.06468	0.01599	1.000	Duquette,
94	0.19131	0.52904	0.10568	0.01602	1.000	Lieutenant/EMT*
94	0.11090	0.50581	0.05195	0.01607	1.000	Andrew
94	0.16544	0.50589	0.01294	0.01599	1.000	C.
94	0.18096	0.50589	0.03363	0.01599	1.000	Burr,
94	0.21718	0.50581	0.05913	0.01607	1.000	Chaplain
94	0.09774	0.46076	0.05000	0.01744	1.000	Joseph
94	0.15053	0.46086	0.06978	0.01726	1.000	Arsenault,
94	0.22311	0.46076	0.06637	0.01744	1.000	FFIAEMT*
94	0.09586	0.43895	0.04466	0.01744	1.000	Robert
94	0.14331	0.43897	0.05025	0.01726	1.000	Barrett,
94	0.19635	0.43895	0.09688	0.01744	1.000	FF/Paramedic*
94	0.10902	0.41570	0.05574	0.01744	1.000	Matthew
94	0.16755	0.41582	0.04745	0.01726	1.000	Benoit,
94	0.21780	0.41570	0.06228	0.01744	1.000	FF/AEMT
94	0.10150	0.39390	0.06121	0.01744	1.000	Benjamin
94	0.16551	0.39394	0.06699	0.01726	1.000	Boudreau,
94	0.23529	0.39390	0.05230	0.01744	1.000	FF/EMT
94	0.12406	0.37064	0.04199	0.01744	1.000	Jason
94	0.16885	0.37079	0.04187	0.01726	1.000	Boyle,
94	0.21351	0.37064	0.05153	0.01744	1.000	FF/EMT
94	0.10526	0.34722	0.03989	0.01768	1.000	Frank
94	0.14801	0.34722	0.04003	0.01768	1.000	Byrne,
94	0.19090	0.34722	0.09293	0.01768	1.000	FF/Paramedic
94	0.11466	0.32407	0.04928	0.01895	1.000	Michael
94	0.16701	0.32407	0.04289	0.01894	1.000	Byrne,
94	0.21296	0.32407	0.06147	0.01895	1.000	FFIAEMT
94	0.12030	0.30219	0.04909	0.01903	1.000	Joseph
94	0.17245	0.30219	0.06127	0.01894	1.000	Cardone,
94	0.23679	0.30219	0.03013	0.01903	1.000	EMT
94	0.10338	0.27904	0.05157	0.01768	1.000	Charles
94	0.15782	0.27904	0.05719	0.01768	1.000	Colburn,
94	0.21786	0.27904	0.06597	0.01768	1.000	FFIAEMT*
94	0.08459	0.25715	0.03796	0.01473	1.000	Philip
94	0.12493	0.25715	0.08578	0.01473	1.000	d'Entremont,
94	0.21310	0.25715	0.08953	0.01473	1.000	FF/Paramedic
94	0.10902	0.23401	0.05710	0.01473	1.000	Timothy
94	0.16850	0.23401	0.05481	0.01473	1.000	Downey,
94	0.22569	0.23401	0.05062	0.01473	1.000	FF/EMT
94	0.11278	0.21076	0.05579	0.01744	1.000	Matthew
94	0.17136	0.21086	0.05025	0.01726	1.000	Glenny,
94	0.22440	0.21076	0.05191	0.01744	1.000	FF/EMT
94	0.10714	0.18895	0.02861	0.01601	1.000	Alan
94	0.13834	0.18897	0.03881	0.01599	1.000	Hyatt,
94	0.17974	0.18895	0.10222	0.01601	1.000	Firefighter/EMT
94	0.62030	0.55219	0.04296	0.01473	1.000	Skyler
94	0.66565	0.55219	0.05957	0.01473	1.000	Kozloski,
94	0.72760	0.55219	0.10135	0.01473	1.000	Lieutenant/EMT
94	0.62782	0.52904	0.05451	0.01602	1.000	Gregory
94	0.68491	0.52904	0.02587	0.01599	1.000	Dik,
94	0.71337	0.52904	0.10806	0.01602	1.000	Lieutenant/EMT*
94	0.63346	0.46212	0.04655	0.01608	1.000	Ronald
94	0.68260	0.46212	0.03881	0.01599	1.000	Hyatt,
94	0.72399	0.46212	0.09368	0.01608	1.000	FF/Paramedic
94	0.63910	0.43895	0.05283	0.01744	1.000	Samuel
94	0.69472	0.43897	0.06141	0.01726	1.000	Johnson,
94	0.75892	0.43895	0.05123	0.01744	1.000	FF/EMT
94	0.62030	0.41570	0.05181	0.01612	1.000	Michael
94	0.67470	0.41582	0.05950	0.01599	1.000	Lemoine,
94	0.73679	0.41570	0.09216	0.01612	1.000	FF/Paramedic
94	0.61842	0.39226	0.05185	0.01908	1.000	Mitchell
94	0.67334	0.39226	0.05821	0.01894	1.000	Mabardy,
94	0.73461	0.39226	0.09809	0.01908	1.000	FF/Paramedic*
94	0.62594	0.36911	0.05502	0.01897	1.000	Matthew
94	0.68403	0.36911	0.06740	0.01894	1.000	McAuliffe,
94	0.75449	0.36911	0.07069	0.01897	1.000	Firefighter
94	0.64850	0.34593	0.04309	0.01897	1.000	Daniel
94	0.69465	0.34596	0.05208	0.01894	1.000	Motyka,
94	0.74980	0.34593	0.05096	0.01897	1.000	FF/EMT
94	0.64474	0.32407	0.05733	0.01768	1.000	Stephen
94	0.70493	0.32407	0.04289	0.01768	1.000	Morse,
94	0.75068	0.32407	0.05383	0.01768	1.000	FF/EMT
94	0.63534	0.30219	0.05407	0.01613	1.000	Timothy
94	0.69199	0.30219	0.06985	0.01599	1.000	O'Connell,
94	0.76443	0.30219	0.04948	0.01613	1.000	FF/EMT
94	0.63534	0.27904	0.03596	0.01602	1.000	Tyler
94	0.67388	0.27904	0.04657	0.01599	1.000	Pelkey,
94	0.72304	0.27904	0.09087	0.01602	1.000	FF/Paramedic
94	0.65414	0.25715	0.04528	0.01473	1.000	James
94	0.70180	0.25715	0.03813	0.01473	1.000	Ricci,
94	0.74231	0.25715	0.05093	0.01473	1.000	FF/EMT
94	0.64098	0.23401	0.02337	0.01599	1.000	lan
94	0.66694	0.23401	0.04657	0.01599	1.000	Wilder,
94	0.71609	0.23401	0.09030	0.01599	1.000	FF/Paramedic
94	0.64474	0.21212	0.05447	0.01608	1.000	Stephen
94	0.70180	0.21212	0.04916	0.01599	1.000	Wright,
94	0.75354	0.21212	0.04909	0.01608	1.000	FF/EMT
94	0.06015	0.11027	0.06648	0.01473	1.000	*Indicates
94	0.12902	0.11027	0.05481	0.01473	1.000	member
94	0.18621	0.11027	0.01430	0.01473	1.000	of
94	0.20289	0.11027	0.04766	0.01473	1.000	District
94	0.25293	0.11027	0.06196	0.01473	1.000	Technical
94	0.31727	0.11027	0.04766	0.01473	1.000	Rescue
94	0.36731	0.11027	0.03871	0.01473	1.000	Team
94	0.06015	0.09007	0.01032	0.01313	1.000	+
94	0.07258	0.09007	0.06121	0.01305	1.000	Indicates
94	0.13589	0.09007	0.07176	0.01305	1.000	Career/Full
94	0.20976	0.09007	0.03166	0.01305	1.000	Time
94	0.24353	0.09007	0.03466	0.01313	1.000	Staff
94	0.48872	0.02616	0.02068	0.01308	1.000	94
95	0.14079	0.90959	0.03685	0.01686	1.000	BURG
95	0.08271	0.84722	0.02221	0.01052	1.000	655
95	0.10662	0.84722	0.07659	0.01052	1.000	Massachusetts
95	0.18491	0.84722	0.02561	0.01052	1.000	Ave
95	0.08459	0.83285	0.06234	0.01163	1.000	Lunenburg,
95	0.14876	0.83291	0.02206	0.01136	1.000	MA
95	0.17266	0.83285	0.03411	0.01163	1.000	01462
95	0.30827	0.88663	0.06319	0.02471	1.000	Town
95	0.37541	0.88678	0.02369	0.02441	1.000	of
95	0.40305	0.88678	0.12636	0.02441	1.000	Lunenburg,
95	0.53336	0.88663	0.16401	0.02471	1.000	Alassachusetts
95	0.34586	0.86192	0.10784	0.02035	1.000	POLICE
95	0.45697	0.86192	0.20092	0.02035	1.000	DEPARTMENT
95	0.40226	0.84007	0.04314	0.01473	1.000	Chief
95	0.44778	0.84007	0.06434	0.01473	1.000	Thomas
95	0.51450	0.84007	0.01668	0.01473	1.000	L.
95	0.53356	0.84007	0.06606	0.01473	1.000	Gammel
95	0.35714	0.79651	0.03951	0.01453	1.000	2023
95	0.39897	0.79672	0.04630	0.01431	1.000	Police
95	0.44758	0.79672	0.09259	0.01431	1.000	Department
95	0.54248	0.79672	0.04398	0.01431	1.000	Town
95	0.58878	0.79651	0.05596	0.01453	1.000	Report
95	0.79323	0.84593	0.03030	0.01181	1.000	TEL:
95	0.82544	0.84596	0.03050	0.01178	1.000	(978)
95	0.85784	0.84593	0.05193	0.01181	1.000	582-4531
95	0.79135	0.83285	0.03170	0.01311	1.000	FAX:
95	0.82516	0.83291	0.03166	0.01305	1.000	(978)
95	0.85893	0.83285	0.05272	0.01311	1.000	582-4159
95	0.10526	0.44024	0.06106	0.01325	1.000	Mission
95	0.16844	0.44024	0.08344	0.01325	1.000	Statement:
95	0.10526	0.40552	0.03056	0.01746	1.000	We,
95	0.13862	0.40572	0.02233	0.01726	1.000	the
95	0.16374	0.40572	0.06699	0.01726	1.000	members
95	0.23352	0.40572	0.01396	0.01726	1.000	of
95	0.25027	0.40572	0.02512	0.01726	1.000	the
95	0.27819	0.40572	0.07816	0.01726	1.000	Lunenburg
95	0.35914	0.40572	0.04466	0.01726	1.000	Police
95	0.40659	0.40572	0.08932	0.01726	1.000	Department,
95	0.49871	0.40572	0.03908	0.01726	1.000	strive
95	0.54058	0.40572	0.01675	0.01726	1.000	to
95	0.56012	0.40572	0.05304	0.01726	1.000	provide
95	0.61594	0.40572	0.02512	0.01726	1.000	the
95	0.64386	0.40572	0.05304	0.01726	1.000	highest
95	0.69969	0.40572	0.05025	0.01726	1.000	quality
95	0.75272	0.40572	0.01396	0.01726	1.000	of
95	0.76947	0.40572	0.04466	0.01726	1.000	police
95	0.81693	0.40572	0.05862	0.01726	1.000	services
95	0.87834	0.40552	0.01640	0.01746	1.000	to
95	0.10526	0.38953	0.02573	0.01619	1.000	our
95	0.13358	0.38973	0.08020	0.01599	1.000	community
95	0.21637	0.38973	0.06727	0.01599	1.000	members
95	0.28622	0.38973	0.02587	0.01599	1.000	and
95	0.31468	0.38973	0.05433	0.01599	1.000	visitors
95	0.37160	0.38973	0.04398	0.01599	1.000	alike.
95	0.41816	0.38973	0.02587	0.01599	1.000	We
95	0.44662	0.38973	0.05174	0.01599	1.000	believe
95	0.50095	0.38973	0.01811	0.01599	1.000	in
95	0.52165	0.38973	0.08538	0.01599	1.000	Community
95	0.60961	0.38973	0.06468	0.01599	1.000	Policing,
95	0.67688	0.38973	0.02587	0.01599	1.000	and
95	0.70534	0.38973	0.02070	0.01599	1.000	all
95	0.72862	0.38973	0.01552	0.01599	1.000	of
95	0.74673	0.38973	0.02070	0.01599	1.000	the
95	0.77002	0.38973	0.05950	0.01599	1.000	benefits
95	0.83211	0.38973	0.02846	0.01599	1.000	that
95	0.86315	0.38953	0.02406	0.01619	1.000	are
95	0.10338	0.37205	0.05729	0.01768	1.000	realized
95	0.16353	0.37205	0.03717	0.01768	1.000	from
95	0.20357	0.37205	0.02859	0.01768	1.000	this
95	0.23502	0.37205	0.06291	0.01768	1.000	concept.
95	0.30079	0.37205	0.02574	0.01768	1.000	We
95	0.32938	0.37205	0.02859	0.01768	1.000	will
95	0.36084	0.37205	0.04003	0.01768	1.000	strive
95	0.40373	0.37205	0.01716	0.01768	1.000	to
95	0.42375	0.37205	0.06005	0.01768	1.000	maintain
95	0.48666	0.37205	0.02288	0.01768	1.000	the
95	0.51239	0.37205	0.04861	0.01768	1.000	strong
95	0.56386	0.37205	0.08578	0.01768	1.000	partnerships
95	0.65251	0.37205	0.02859	0.01768	1.000	that
95	0.68396	0.37205	0.03431	0.01768	1.000	have
95	0.72113	0.37205	0.03431	0.01768	1.000	been
95	0.75831	0.37205	0.07435	0.01768	1.000	developed
95	0.83551	0.37205	0.03145	0.01768	1.000	with
95	0.86983	0.37205	0.02679	0.01768	1.000	our
95	0.10526	0.35606	0.08523	0.01603	1.000	community,
95	0.19308	0.35606	0.02846	0.01599	1.000	and
95	0.22413	0.35606	0.09314	0.01599	1.000	continuously
95	0.31985	0.35606	0.03105	0.01599	1.000	look
95	0.35349	0.35606	0.02328	0.01599	1.000	for
95	0.37936	0.35606	0.03622	0.01599	1.000	ways
95	0.41816	0.35606	0.05950	0.01599	1.000	improve
95	0.48026	0.35606	0.02846	0.01599	1.000	that
95	0.51130	0.35606	0.09314	0.01599	1.000	relationship.
95	0.60703	0.35606	0.02846	0.01599	1.000	We
95	0.63807	0.35606	0.02846	0.01599	1.000	will
95	0.66912	0.35606	0.04139	0.01599	1.000	strive
95	0.71310	0.35606	0.01552	0.01599	1.000	to
95	0.73121	0.35606	0.04916	0.01599	1.000	deliver
95	0.78295	0.35606	0.04657	0.01599	1.000	police
95	0.83211	0.35606	0.05887	0.01603	1.000	services
95	0.10338	0.34007	0.01821	0.01604	1.000	in
95	0.12418	0.34007	0.00776	0.01599	1.000	a
95	0.13453	0.34007	0.02846	0.01599	1.000	fair
95	0.16558	0.34007	0.02328	0.01599	1.000	and
95	0.19145	0.34007	0.06727	0.01599	1.000	impartial
95	0.26130	0.34007	0.05950	0.01599	1.000	manner,
95	0.32339	0.34007	0.07244	0.01599	1.000	consistent
95	0.39842	0.34007	0.03105	0.01599	1.000	with
95	0.43205	0.34007	0.02070	0.01599	1.000	all
95	0.45534	0.34007	0.07244	0.01599	1.000	applicable
95	0.53036	0.34007	0.03881	0.01599	1.000	laws,
95	0.57176	0.34007	0.03881	0.01599	1.000	while
95	0.61315	0.34007	0.07503	0.01599	1.000	respecting
95	0.69077	0.34007	0.02070	0.01599	1.000	all
95	0.71405	0.34007	0.07244	0.01599	1.000	individual
95	0.78908	0.34007	0.04916	0.01599	1.000	rights.
95	0.84082	0.34007	0.03324	0.01604	1.000	We
95	0.10338	0.32267	0.03115	0.01613	1.000	will
95	0.13712	0.32281	0.02328	0.01599	1.000	use
95	0.16299	0.32281	0.07761	0.01599	1.000	innovative
95	0.24319	0.32281	0.02846	0.01599	1.000	and
95	0.27424	0.32281	0.05433	0.01599	1.000	modern
95	0.33115	0.32281	0.03881	0.01599	1.000	ideas
95	0.37255	0.32281	0.02587	0.01599	1.000	and
95	0.40101	0.32281	0.07761	0.01599	1.000	techniques
95	0.48121	0.32281	0.01294	0.01599	1.000	to
95	0.49673	0.32281	0.04139	0.01599	1.000	solve
95	0.54071	0.32281	0.05174	0.01599	1.000	crimes,
95	0.59504	0.32281	0.07503	0.01599	1.000	apprehend
95	0.67266	0.32281	0.06209	0.01599	1.000	criminal
95	0.73734	0.32281	0.06985	0.01599	1.000	offenders,
95	0.80978	0.32281	0.02587	0.01599	1.000	and
95	0.83824	0.32267	0.03582	0.01613	1.000	help
95	0.10338	0.30669	0.05443	0.01613	1.000	resolve
95	0.16040	0.30682	0.05174	0.01599	1.000	quality
95	0.21473	0.30682	0.01552	0.01599	1.000	of
95	0.23284	0.30682	0.02328	0.01599	1.000	life
95	0.25871	0.30669	0.05332	0.01613	1.000	issues.
95	0.10511	0.27572	0.06046	0.01396	1.000	Values:
95	0.13158	0.25715	0.02406	0.01473	1.000	•
95	0.15802	0.25715	0.02621	0.01473	1.000	We
95	0.18661	0.25715	0.02383	0.01473	1.000	are
95	0.21283	0.25715	0.07625	0.01473	1.000	committed
95	0.29146	0.25715	0.01668	0.01473	1.000	to
95	0.31053	0.25715	0.06196	0.01473	1.000	ensuring
95	0.37486	0.25715	0.02859	0.01473	1.000	that
95	0.40584	0.25715	0.01906	0.01473	1.000	all
95	0.42729	0.25715	0.01668	0.01473	1.000	of
95	0.44635	0.25715	0.02383	0.01473	1.000	our
95	0.47256	0.25715	0.05242	0.01473	1.000	actions
95	0.52737	0.25715	0.04766	0.01473	1.000	reflect
95	0.57741	0.25715	0.02145	0.01473	1.000	the
95	0.60124	0.25715	0.05004	0.01473	1.000	utmost
95	0.65366	0.25715	0.06672	0.01473	1.000	integrity,
95	0.72277	0.25715	0.02859	0.01473	1.000	and
95	0.75374	0.25715	0.06204	0.01473	1.000	honesty.
95	0.12970	0.23527	0.02580	0.01618	1.000	•
95	0.15809	0.23527	0.02587	0.01599	1.000	We
95	0.18655	0.23527	0.02328	0.01599	1.000	are
95	0.21242	0.23527	0.07761	0.01599	1.000	committed
95	0.29262	0.23527	0.01294	0.01599	1.000	to
95	0.30814	0.23527	0.07503	0.01599	1.000	respecting
95	0.38576	0.23527	0.07244	0.01599	1.000	individual
95	0.46078	0.23527	0.04657	0.01599	1.000	rights,
95	0.50994	0.23527	0.04916	0.01599	1.000	human
95	0.56168	0.23527	0.05692	0.01599	1.000	dignity,
95	0.62119	0.23527	0.02587	0.01599	1.000	and
95	0.64965	0.23527	0.02328	0.01599	1.000	the
95	0.67552	0.23527	0.04916	0.01599	1.000	values
95	0.72726	0.23527	0.01552	0.01599	1.000	of
95	0.74537	0.23527	0.01811	0.01599	1.000	all
95	0.76607	0.23527	0.06727	0.01599	1.000	members
95	0.83592	0.23527	0.01552	0.01599	1.000	of
95	0.85403	0.23527	0.02379	0.01618	1.000	the
95	0.15789	0.21657	0.08285	0.01617	1.000	community
95	0.24333	0.21675	0.02587	0.01599	1.000	and
95	0.27179	0.21675	0.06727	0.01599	1.000	members
95	0.34164	0.21675	0.01552	0.01599	1.000	of
95	0.35975	0.21675	0.02328	0.01599	1.000	the
95	0.38562	0.21675	0.07761	0.01599	1.000	Lunenburg
95	0.46582	0.21675	0.04657	0.01599	1.000	Police
95	0.51498	0.21657	0.08841	0.01617	1.000	Department.
95	0.12970	0.19767	0.02539	0.01453	1.000	•
95	0.15741	0.19781	0.02546	0.01431	1.000	We
95	0.18519	0.19781	0.02546	0.01431	1.000	are
95	0.21296	0.19781	0.00694	0.01431	1.000	a
95	0.22222	0.19781	0.06944	0.01431	1.000	proactive
95	0.29398	0.19781	0.02778	0.01431	1.000	and
95	0.32407	0.19781	0.06019	0.01431	1.000	problem
95	0.38657	0.19781	0.05324	0.01431	1.000	solving
95	0.44213	0.19767	0.05975	0.01453	1.000	agency.
95	0.13158	0.17878	0.02338	0.01453	1.000	•
95	0.15727	0.17887	0.02778	0.01431	1.000	We
95	0.18736	0.17887	0.03935	0.01431	1.000	strive
95	0.22903	0.17887	0.01620	0.01431	1.000	to
95	0.24755	0.17887	0.03935	0.01431	1.000	serve
95	0.28922	0.17887	0.02546	0.01431	1.000	our
95	0.31699	0.17887	0.05556	0.01431	1.000	citizens
95	0.37486	0.17887	0.01620	0.01431	1.000	in
95	0.39338	0.17887	0.00694	0.01431	1.000	a
95	0.40264	0.17887	0.09028	0.01431	1.000	professional
95	0.49523	0.17887	0.05556	0.01431	1.000	manner
95	0.55310	0.17887	0.03241	0.01431	1.000	with
95	0.58783	0.17887	0.08796	0.01431	1.000	compassion,
95	0.67810	0.17887	0.05787	0.01431	1.000	respect,
95	0.73829	0.17887	0.02778	0.01431	1.000	and
95	0.76838	0.17878	0.06808	0.01453	1.000	empathy.
95	0.13158	0.15698	0.02351	0.01600	1.000	•
95	0.15768	0.15699	0.02587	0.01599	1.000	We
95	0.18614	0.15699	0.02328	0.01599	1.000	are
95	0.21201	0.15699	0.07761	0.01599	1.000	committed
95	0.29221	0.15699	0.01294	0.01599	1.000	to
95	0.30773	0.15699	0.07244	0.01599	1.000	providing
95	0.38276	0.15699	0.02070	0.01599	1.000	the
95	0.40605	0.15699	0.05433	0.01599	1.000	highest
95	0.46296	0.15699	0.05174	0.01599	1.000	quality
95	0.51729	0.15699	0.01552	0.01599	1.000	of
95	0.53540	0.15699	0.04398	0.01599	1.000	police
95	0.58197	0.15699	0.05692	0.01599	1.000	services
95	0.64148	0.15699	0.01811	0.01599	1.000	to
95	0.66217	0.15699	0.02328	0.01599	1.000	our
95	0.68804	0.15698	0.09015	0.01600	1.000	community.
95	0.13158	0.13805	0.02406	0.01473	1.000	•
95	0.15802	0.13805	0.02621	0.01473	1.000	We
95	0.18661	0.13805	0.06910	0.01473	1.000	recognize
95	0.25810	0.13805	0.02383	0.01473	1.000	the
95	0.28431	0.13805	0.04051	0.01473	1.000	value
95	0.32721	0.13805	0.01668	0.01473	1.000	of
95	0.34627	0.13805	0.02621	0.01473	1.000	our
95	0.37486	0.13805	0.08102	0.01473	1.000	employees,
95	0.45827	0.13805	0.02621	0.01473	1.000	and
95	0.48686	0.13805	0.06910	0.01473	1.000	recognize
95	0.55835	0.13805	0.03336	0.01473	1.000	they
95	0.59409	0.13805	0.02383	0.01473	1.000	are
95	0.62030	0.13805	0.02621	0.01473	1.000	our
95	0.64890	0.13805	0.03574	0.01473	1.000	most
95	0.68702	0.13805	0.04766	0.01473	1.000	valued
95	0.73706	0.13805	0.06910	0.01473	1.000	resource.
95	0.80855	0.13805	0.02621	0.01473	1.000	We
95	0.83715	0.13805	0.03128	0.01473	1.000	will
95	0.15602	0.11773	0.04115	0.01611	1.000	strive
95	0.19975	0.11785	0.01552	0.01599	1.000	to
95	0.21786	0.11785	0.05692	0.01599	1.000	provide
95	0.27737	0.11785	0.02587	0.01599	1.000	our
95	0.30583	0.11785	0.07503	0.01599	1.000	employees
95	0.38344	0.11785	0.03363	0.01599	1.000	with
95	0.41966	0.11785	0.02328	0.01599	1.000	the
95	0.44553	0.11785	0.06985	0.01599	1.000	necessary
95	0.51797	0.11785	0.07244	0.01599	1.000	resources,
95	0.59300	0.11785	0.06209	0.01599	1.000	training,
95	0.65768	0.11785	0.02587	0.01599	1.000	and
95	0.68614	0.11785	0.04398	0.01599	1.000	career
95	0.73271	0.11785	0.09314	0.01599	1.000	development
95	0.82843	0.11773	0.01555	0.01611	1.000	to
95	0.15789	0.09884	0.05697	0.01606	1.000	enhance
95	0.21746	0.09891	0.03622	0.01599	1.000	their
95	0.25626	0.09884	0.11968	0.01606	1.000	professionalism.
95	0.12970	0.07828	0.02580	0.01619	1.000	•
95	0.15809	0.07828	0.02328	0.01599	1.000	We
95	0.18396	0.07828	0.06985	0.01599	1.000	recognize
95	0.25640	0.07828	0.03105	0.01599	1.000	that
95	0.29003	0.07828	0.02070	0.01599	1.000	the
95	0.31332	0.07828	0.07244	0.01599	1.000	wellbeing
95	0.38834	0.07828	0.01811	0.01599	1.000	of
95	0.40904	0.07828	0.02587	0.01599	1.000	our
95	0.43750	0.07828	0.07503	0.01599	1.000	employees
95	0.51511	0.07828	0.01294	0.01599	1.000	is
95	0.53064	0.07828	0.02328	0.01599	1.000	the
95	0.55651	0.07828	0.05433	0.01599	1.000	upmost
95	0.61343	0.07828	0.08796	0.01599	1.000	importance.
95	0.70398	0.07828	0.02587	0.01599	1.000	We
95	0.73243	0.07828	0.03105	0.01599	1.000	will
95	0.76607	0.07828	0.03881	0.01599	1.000	strive
95	0.80746	0.07828	0.01552	0.01599	1.000	to
95	0.82557	0.07828	0.05789	0.01619	1.000	provide
95	0.15977	0.06103	0.02126	0.01473	1.000	the
95	0.18342	0.06103	0.06910	0.01473	1.000	necessary
95	0.25490	0.06103	0.07387	0.01473	1.000	assistance
95	0.33115	0.06103	0.01430	0.01473	1.000	to
95	0.34783	0.06103	0.04766	0.01473	1.000	assure
95	0.39788	0.06103	0.02383	0.01473	1.000	our
95	0.42409	0.06103	0.07864	0.01473	1.000	employees
95	0.50511	0.06103	0.04051	0.01473	1.000	enjoy
95	0.54800	0.06103	0.00953	0.01473	1.000	a
95	0.55991	0.06103	0.03336	0.01473	1.000	long
95	0.59566	0.06103	0.02621	0.01473	1.000	and
95	0.62425	0.06103	0.07149	0.01473	1.000	satisfying
95	0.69812	0.06103	0.05000	0.01473	1.000	career.
95	0.49060	0.02616	0.01880	0.01163	1.000	95
96	0.09398	0.90109	0.09311	0.01315	1.000	Department
96	0.18920	0.90109	0.08523	0.01315	1.000	Personnel:
96	0.43985	0.87064	0.12406	0.01163	1.000	Administration
96	0.40414	0.85311	0.04433	0.01316	1.000	Chief
96	0.45057	0.85311	0.06121	0.01305	1.000	Thomas
96	0.51389	0.85311	0.01688	0.01305	1.000	L.
96	0.53288	0.85311	0.06486	0.01316	1.000	Gammel
96	0.40789	0.83418	0.02334	0.01612	1.000	Lt.
96	0.43382	0.83418	0.05174	0.01599	1.000	Jeffrey
96	0.48815	0.83418	0.02328	0.01599	1.000	M.
96	0.51403	0.83418	0.08184	0.01612	1.000	Thibodeau
96	0.34586	0.81977	0.04861	0.01453	1.000	Public
96	0.39679	0.81987	0.04861	0.01431	1.000	Safety
96	0.44771	0.81987	0.09028	0.01431	1.000	Coordinator
96	0.54031	0.81987	0.06481	0.01431	1.000	Amanda
96	0.60743	0.81977	0.05046	0.01453	1.000	Moore
96	0.34211	0.80219	0.04910	0.01613	1.000	Public
96	0.39379	0.80219	0.04657	0.01599	1.000	Safety
96	0.44295	0.80219	0.04139	0.01599	1.000	Desk
96	0.48693	0.80219	0.04139	0.01599	1.000	Clerk
96	0.53091	0.80219	0.06727	0.01599	1.000	Kennedy
96	0.60076	0.80219	0.06089	0.01613	1.000	Jackson
96	0.44549	0.77471	0.05070	0.01022	1.000	Patrol
96	0.49782	0.77471	0.06045	0.01022	1.000	Bureau
96	0.46226	0.75294	0.03555	0.01637	1.000	Day
96	0.50005	0.75249	0.03957	0.01641	1.000	Shift
96	0.39474	0.73822	0.03112	0.01473	1.000	Sgt.
96	0.42824	0.73822	0.05242	0.01473	1.000	Joshua
96	0.48305	0.73822	0.04289	0.01473	1.000	Tocci
96	0.52832	0.73822	0.08070	0.01473	1.000	(K9-Jenry)
96	0.43233	0.72674	0.03118	0.01021	1.000	Off.
96	0.46514	0.72685	0.06699	0.01010	1.000	Jonathan
96	0.53377	0.72674	0.03954	0.01021	1.000	Broc
96	0.43564	0.70640	0.03060	0.01505	1.000	Off.
96	0.46804	0.70566	0.03754	0.01510	1.000	Jack
96	0.50737	0.70422	0.06063	0.01569	1.000	Wagner
96	0.43421	0.69024	0.03325	0.01473	1.000	Off.
96	0.46984	0.69024	0.04051	0.01473	1.000	Gage
96	0.51273	0.69024	0.05682	0.01473	1.000	Russell
96	0.41729	0.67587	0.03369	0.01310	1.000	Off.
96	0.45309	0.67593	0.06754	0.01305	1.000	Kamerin
96	0.52274	0.67587	0.05997	0.01310	1.000	Munroe
96	0.44361	0.64099	0.07123	0.01474	1.000	Evening
96	0.51722	0.64099	0.03917	0.01474	1.000	Shift
96	0.43233	0.62500	0.03111	0.01473	1.000	Sgt.
96	0.46582	0.62500	0.03813	0.01473	1.000	Sean
96	0.50633	0.62500	0.06510	0.01473	1.000	Connery
96	0.41541	0.60901	0.03121	0.01599	1.000	Off.
96	0.44921	0.60901	0.06727	0.01599	1.000	Anthony
96	0.51906	0.60901	0.06928	0.01599	1.000	Cappucci
96	0.41541	0.59301	0.03121	0.01600	1.000	Off.
96	0.44921	0.59301	0.06727	0.01599	1.000	Matthew
96	0.51906	0.59301	0.06928	0.01600	1.000	Pingitore
96	0.41729	0.57828	0.04131	0.01347	1.000	Off.
96	0.46078	0.57828	0.03486	0.01347	1.000	Paul
96	0.49782	0.57828	0.08113	0.01347	1.000	Theodoulu
96	0.45670	0.54505	0.04657	0.01338	1.000	Night
96	0.50524	0.54476	0.04182	0.01335	1.000	Shift
96	0.43045	0.52762	0.03346	0.01615	1.000	Sgt.
96	0.46650	0.52778	0.03622	0.01599	1.000	Sean
96	0.50531	0.52778	0.02328	0.01599	1.000	W.
96	0.53118	0.52762	0.04025	0.01615	1.000	Zrate
96	0.44361	0.51599	0.03215	0.01179	1.000	Off.
96	0.47767	0.51599	0.04003	0.01178	1.000	Jesse
96	0.51961	0.51599	0.04054	0.01179	1.000	Reed
96	0.42669	0.49855	0.03287	0.01163	1.000	Off.
96	0.46140	0.49874	0.04963	0.01136	1.000	Deven
96	0.51287	0.49855	0.06232	0.01163	1.000	O'Brien
96	0.42293	0.47965	0.03390	0.01614	1.000	Off.
96	0.45942	0.47980	0.05433	0.01599	1.000	George
96	0.51634	0.47965	0.06261	0.01614	1.000	Tibbetts
96	0.46038	0.44770	0.03965	0.01503	1.000	Split
96	0.50204	0.44715	0.04134	0.01505	1.000	Shift
96	0.43045	0.42719	0.03129	0.01768	0.300	Sgt.
96	0.46460	0.42719	0.03717	0.01768	0.300	John
96	0.50463	0.42719	0.06868	0.01768	0.300	Morreale
96	0.44361	0.41709	0.02834	0.01178	1.000	Ott.
96	0.47386	0.41709	0.05528	0.01178	1.000	Jettrey
96	0.53105	0.41709	0.03098	0.01178	1.000	Hill
96	0.44361	0.38663	0.05489	0.01163	1.000	Traffic
96	0.50034	0.38663	0.05981	0.01163	1.000	Bureau
96	0.42293	0.36773	0.03268	0.01453	1.000	Off.
96	0.45792	0.36785	0.04398	0.01431	1.000	Jacob
96	0.50422	0.36773	0.07661	0.01453	1.000	LaChance
96	0.41917	0.33576	0.10207	0.01453	1.000	Investigative
96	0.52356	0.33576	0.05915	0.01453	1.000	Bureau
96	0.40414	0.32113	0.07387	0.01317	1.000	Detective
96	0.48012	0.32113	0.05065	0.01305	1.000	Joshua
96	0.53288	0.32113	0.06486	0.01317	1.000	Mathieu
96	0.39082	0.28626	0.09231	0.01471	1.000	Community
96	0.48518	0.28568	0.06760	0.01447	1.000	Policing
96	0.55482	0.28511	0.05994	0.01443	1.000	Bureau
96	0.22368	0.27020	0.12885	0.01473	1.000	SRO/Community
96	0.35492	0.27020	0.07387	0.01473	1.000	Outreach:
96	0.43355	0.27020	0.03336	0.01473	1.000	Off.
96	0.46929	0.27020	0.05957	0.01473	1.000	Bradley
96	0.53125	0.27020	0.08578	0.01473	1.000	McNamara
96	0.61942	0.27020	0.06910	0.01473	1.000	(Comfort
96	0.69090	0.27020	0.03813	0.01473	1.000	Dog,
96	0.73141	0.27020	0.04866	0.01473	1.000	Hank)
96	0.41165	0.24116	0.06384	0.01029	1.000	Reserve
96	0.47712	0.24116	0.04902	0.01010	1.000	Police
96	0.52778	0.24116	0.06621	0.01029	1.000	Officers
96	0.42293	0.22222	0.03363	0.01473	1.000	Off.
96	0.45895	0.22222	0.05242	0.01473	1.000	Robert
96	0.51375	0.22222	0.06519	0.01473	1.000	DaCosta
96	0.41165	0.20623	0.03109	0.01473	1.000	Off.
96	0.44513	0.20623	0.07387	0.01473	1.000	Benjamin
96	0.52138	0.20623	0.07261	0.01473	1.000	Campbell
96	0.43233	0.18895	0.03118	0.01601	1.000	Off.
96	0.46609	0.18897	0.03363	0.01599	1.000	Paul
96	0.50231	0.18895	0.06911	0.01601	1.000	Duquette
96	0.43958	0.17395	0.03392	0.01456	1.000	Off.
96	0.47554	0.17400	0.03166	0.01417	1.000	Joel
96	0.50923	0.17314	0.05306	0.01473	1.000	Ortega
96	0.49060	0.02616	0.01880	0.01163	1.000	96
97	0.09586	0.90552	0.01797	0.01030	1.000	In
97	0.11547	0.90552	0.09694	0.01030	1.000	Memoriam:
97	0.39662	0.87064	0.02305	0.01453	1.000	Lt.
97	0.42198	0.87079	0.05787	0.01431	1.000	Stanley
97	0.48216	0.87079	0.05556	0.01431	1.000	"Stan"
97	0.54003	0.87064	0.05771	0.01453	1.000	Barney
97	0.37970	0.83712	0.05474	0.01473	1.000	August
97	0.43682	0.83712	0.02383	0.01473	1.000	14,
97	0.46303	0.83712	0.03813	0.01473	1.000	1950
97	0.50354	0.83712	0.00715	0.01473	1.000	-
97	0.51307	0.83712	0.03574	0.01473	1.000	July
97	0.55120	0.83712	0.02383	0.01473	1.000	12,
97	0.57741	0.83712	0.03725	0.01473	1.000	2023
97	0.63158	0.50291	0.03759	0.01744	0.300	LOMEНO
97	0.09586	0.29651	0.02083	0.01453	1.000	Lt.
97	0.11901	0.29672	0.05324	0.01431	1.000	Barney
97	0.17456	0.29672	0.04861	0.01431	1.000	served
97	0.22549	0.29672	0.02546	0.01431	1.000	the
97	0.25327	0.29672	0.08333	0.01431	1.000	community
97	0.33892	0.29672	0.01620	0.01431	1.000	of
97	0.35743	0.29672	0.08102	0.01431	1.000	Lunenburg
97	0.44077	0.29672	0.02315	0.01431	1.000	for
97	0.46623	0.29672	0.02083	0.01431	1.000	38
97	0.48938	0.29672	0.03704	0.01431	1.000	years
97	0.52873	0.29672	0.05787	0.01431	1.000	starting
97	0.58892	0.29672	0.01620	0.01431	1.000	as
97	0.60743	0.29672	0.00926	0.01431	1.000	a
97	0.61901	0.29672	0.05324	0.01431	1.000	reserve
97	0.67456	0.29672	0.04630	0.01431	1.000	police
97	0.72318	0.29672	0.01620	0.01431	1.000	in
97	0.74169	0.29672	0.04167	0.01431	1.000	1975,
97	0.78568	0.29672	0.01157	0.01431	1.000	a
97	0.79956	0.29651	0.04442	0.01453	1.000	Patrol
97	0.09586	0.28198	0.05276	0.01308	1.000	Officer
97	0.15074	0.28199	0.01688	0.01305	1.000	in
97	0.16973	0.28199	0.04221	0.01305	1.000	1977,
97	0.21405	0.28199	0.01055	0.01305	1.000	a
97	0.22672	0.28199	0.06332	0.01305	1.000	Sergeant
97	0.29214	0.28199	0.01688	0.01305	1.000	in
97	0.31114	0.28199	0.03799	0.01305	1.000	2000
97	0.35124	0.28199	0.02744	0.01305	1.000	and
97	0.38079	0.28199	0.05487	0.01305	1.000	retiring
97	0.43777	0.28199	0.01477	0.01305	1.000	at
97	0.45466	0.28199	0.02533	0.01305	1.000	the
97	0.48209	0.28199	0.03377	0.01305	1.000	rank
97	0.51797	0.28199	0.01688	0.01305	1.000	of
97	0.53697	0.28199	0.08020	0.01305	1.000	Lieutenant
97	0.61928	0.28199	0.01477	0.01305	1.000	in
97	0.63617	0.28198	0.04429	0.01308	1.000	2013.
97	0.09586	0.24855	0.02083	0.01453	1.000	Lt.
97	0.11901	0.24874	0.05324	0.01431	1.000	Barney
97	0.17456	0.24874	0.03009	0.01431	1.000	was
97	0.20697	0.24874	0.01852	0.01431	1.000	an
97	0.22781	0.24874	0.04630	0.01431	1.000	active
97	0.27642	0.24874	0.06019	0.01431	1.000	member
97	0.33892	0.24874	0.01620	0.01431	1.000	of
97	0.35743	0.24874	0.02546	0.01431	1.000	the
97	0.38521	0.24874	0.08565	0.01431	1.000	Department
97	0.47318	0.24874	0.02778	0.01431	1.000	and
97	0.50327	0.24874	0.02315	0.01431	1.000	the
97	0.52873	0.24874	0.08102	0.01431	1.000	Lunenburg
97	0.61206	0.24874	0.04630	0.01431	1.000	Police
97	0.66068	0.24874	0.04630	0.01431	1.000	Relief
97	0.70929	0.24874	0.08565	0.01431	1.000	Association
97	0.79725	0.24874	0.03472	0.01431	1.000	after
97	0.83429	0.24855	0.02474	0.01453	1.000	his
97	0.09398	0.23106	0.08126	0.01473	1.000	retirement.
97	0.17763	0.23106	0.02145	0.01473	1.000	He
97	0.20146	0.23106	0.03098	0.01473	1.000	was
97	0.23482	0.23106	0.07864	0.01473	1.000	committed
97	0.31584	0.23106	0.01430	0.01473	1.000	to
97	0.33252	0.23106	0.09293	0.01473	1.000	volunteering
97	0.42783	0.23106	0.01668	0.01473	1.000	to
97	0.44690	0.23106	0.07149	0.01473	1.000	numerous
97	0.52077	0.23106	0.08340	0.01473	1.000	community
97	0.60655	0.23106	0.06672	0.01473	1.000	activities
97	0.67565	0.23106	0.02859	0.01473	1.000	and
97	0.70663	0.23106	0.02859	0.01473	1.000	was
97	0.73761	0.23106	0.05242	0.01473	1.000	always
97	0.79242	0.23106	0.03813	0.01473	1.000	there
97	0.83292	0.23106	0.01430	0.01473	1.000	to
97	0.84961	0.23106	0.03385	0.01473	1.000	help
97	0.09540	0.21576	0.05400	0.01384	1.000	anyone
97	0.15063	0.21789	0.01590	0.01229	1.000	in
97	0.16777	0.21819	0.03949	0.01335	1.000	need.
97	0.09586	0.18459	0.02110	0.01322	1.000	Lt.
97	0.11908	0.18476	0.05276	0.01305	1.000	Barney
97	0.17395	0.18476	0.01688	0.01305	1.000	is
97	0.19295	0.18476	0.05065	0.01305	1.000	greatly
97	0.24571	0.18476	0.05276	0.01305	1.000	missed
97	0.30059	0.18476	0.01900	0.01305	1.000	by
97	0.32169	0.18476	0.02322	0.01305	1.000	the
97	0.34702	0.18476	0.03166	0.01305	1.000	past
97	0.38079	0.18476	0.02744	0.01305	1.000	and
97	0.41033	0.18476	0.05487	0.01305	1.000	present
97	0.46732	0.18476	0.06754	0.01305	1.000	members
97	0.53697	0.18476	0.01688	0.01305	1.000	of
97	0.55596	0.18476	0.08231	0.01305	1.000	Lunenburg
97	0.64039	0.18476	0.04643	0.01305	1.000	Police
97	0.68893	0.18459	0.08927	0.01322	1.000	Department.
97	0.49060	0.02616	0.01880	0.01163	1.000	97
98	0.09398	0.90552	0.09515	0.01453	1.000	Department
98	0.19145	0.90552	0.06607	0.01453	1.000	Review:
98	0.09211	0.87355	0.01288	0.01618	1.000	It
98	0.10757	0.87374	0.01552	0.01599	1.000	is
98	0.12568	0.87374	0.01811	0.01599	1.000	an
98	0.14638	0.87374	0.04398	0.01599	1.000	honor
98	0.19295	0.87374	0.01552	0.01599	1.000	to
98	0.21106	0.87374	0.04139	0.01599	1.000	again
98	0.25504	0.87374	0.05950	0.01599	1.000	provide
98	0.31713	0.87374	0.02328	0.01599	1.000	the
98	0.34300	0.87374	0.08279	0.01599	1.000	Lunenburg
98	0.42838	0.87374	0.04657	0.01599	1.000	Police
98	0.47753	0.87374	0.10090	0.01599	1.000	Department's
98	0.58102	0.87374	0.05433	0.01599	1.000	Annual
98	0.63794	0.87374	0.04657	0.01599	1.000	report
98	0.68709	0.87374	0.01552	0.01599	1.000	as
98	0.70520	0.87374	0.02587	0.01599	1.000	the
98	0.73366	0.87374	0.04139	0.01599	1.000	Chief
98	0.77764	0.87374	0.01811	0.01599	1.000	of
98	0.79834	0.87374	0.05950	0.01599	1.000	Police.
98	0.86043	0.87355	0.01927	0.01618	1.000	In
98	0.09211	0.85756	0.04392	0.01453	1.000	2023,
98	0.13834	0.85774	0.02546	0.01431	1.000	the
98	0.16612	0.85774	0.08796	0.01431	1.000	Department
98	0.25640	0.85774	0.07407	0.01431	1.000	continued
98	0.33279	0.85774	0.01620	0.01431	1.000	to
98	0.35131	0.85774	0.03241	0.01431	1.000	face
98	0.38603	0.85774	0.07870	0.01431	1.000	challenges
98	0.46705	0.85774	0.07639	0.01431	1.000	associated
98	0.54575	0.85774	0.03472	0.01431	1.000	with
98	0.58279	0.85774	0.02315	0.01431	1.000	the
98	0.60825	0.85774	0.07407	0.01431	1.000	economy,
98	0.68464	0.85774	0.08102	0.01431	1.000	population
98	0.76797	0.85774	0.05787	0.01431	1.000	growth,
98	0.82816	0.85756	0.03274	0.01453	1.000	and
98	0.09211	0.84157	0.07170	0.01453	1.000	increased
98	0.16612	0.84175	0.04630	0.01431	1.000	traffic
98	0.21473	0.84175	0.04861	0.01431	1.000	within
98	0.26566	0.84175	0.02546	0.01431	1.000	the
98	0.29344	0.84175	0.09259	0.01431	1.000	community.
98	0.38834	0.84175	0.01620	0.01431	1.000	A
98	0.40686	0.84175	0.08333	0.01431	1.000	nationwide
98	0.49251	0.84175	0.03935	0.01431	1.000	trend
98	0.53418	0.84175	0.01620	0.01431	1.000	of
98	0.55270	0.84175	0.07407	0.01431	1.000	recruiting
98	0.62908	0.84175	0.02778	0.01431	1.000	and
98	0.65918	0.84175	0.06713	0.01431	1.000	retaining
98	0.72862	0.84175	0.04861	0.01431	1.000	Police
98	0.77955	0.84175	0.06250	0.01431	1.000	Officers
98	0.84436	0.84157	0.06541	0.01453	1.000	continue
98	0.09023	0.82558	0.01871	0.01453	1.000	to
98	0.11125	0.82576	0.03704	0.01431	1.000	have
98	0.15060	0.82576	0.01852	0.01431	1.000	an
98	0.17143	0.82576	0.04398	0.01431	1.000	effect
98	0.21773	0.82576	0.02083	0.01431	1.000	on
98	0.24088	0.82576	0.02778	0.01431	1.000	our
98	0.27097	0.82576	0.09028	0.01431	1.000	Department,
98	0.36356	0.82576	0.02546	0.01431	1.000	but
98	0.39134	0.82576	0.01389	0.01431	1.000	it
98	0.40754	0.82576	0.05787	0.01431	1.000	appears
98	0.46773	0.82576	0.03009	0.01431	1.000	that
98	0.50014	0.82576	0.02083	0.01431	1.000	we
98	0.52328	0.82576	0.03704	0.01431	1.000	have
98	0.56264	0.82576	0.07407	0.01431	1.000	stabilized
98	0.63903	0.82576	0.01389	0.01431	1.000	in
98	0.65523	0.82576	0.03009	0.01431	1.000	this
98	0.68764	0.82576	0.04167	0.01431	1.000	area.
98	0.73162	0.82576	0.06944	0.01431	1.000	Although
98	0.80338	0.82576	0.04167	0.01431	1.000	faced
98	0.84736	0.82558	0.03610	0.01453	1.000	with
98	0.09211	0.80808	0.04134	0.01605	1.000	these
98	0.13603	0.80808	0.08279	0.01599	1.000	challenges,
98	0.22141	0.80808	0.02328	0.01599	1.000	the
98	0.24728	0.80808	0.08796	0.01599	1.000	Department
98	0.33783	0.80808	0.05950	0.01599	1.000	remains
98	0.39992	0.80808	0.08020	0.01599	1.000	committed
98	0.48271	0.80808	0.01552	0.01599	1.000	to
98	0.50082	0.80808	0.04139	0.01599	1.000	being
98	0.54480	0.80808	0.08020	0.01599	1.000	pro-active,
98	0.62759	0.80808	0.02846	0.01599	1.000	and
98	0.65863	0.80808	0.04916	0.01599	1.000	strives
98	0.71038	0.80808	0.01552	0.01599	1.000	to
98	0.72849	0.80808	0.04139	0.01599	1.000	make
98	0.77247	0.80808	0.02587	0.01599	1.000	the
98	0.80093	0.80808	0.09005	0.01605	1.000	Community
98	0.09205	0.79511	0.03176	0.01323	1.000	safe
98	0.12582	0.79501	0.02543	0.01317	1.000	for
98	0.15326	0.79486	0.02348	0.01319	1.000	all.
98	0.09211	0.76010	0.03358	0.01606	1.000	Sgt.
98	0.12827	0.76010	0.03622	0.01599	1.000	Sean
98	0.16708	0.76010	0.06209	0.01599	1.000	Connery
98	0.23175	0.76010	0.05174	0.01599	1.000	retired
98	0.28608	0.76010	0.01552	0.01599	1.000	in
98	0.30419	0.76010	0.03105	0.01599	1.000	July
98	0.33783	0.76010	0.03622	0.01599	1.000	after
98	0.37663	0.76010	0.03363	0.01599	1.000	over
98	0.41285	0.76010	0.02070	0.01599	1.000	30
98	0.43614	0.76010	0.04139	0.01599	1.000	years
98	0.48012	0.76010	0.01552	0.01599	1.000	of
98	0.49823	0.76010	0.06209	0.01599	1.000	service.
98	0.56291	0.76010	0.03363	0.01599	1.000	Sgt.
98	0.59913	0.76010	0.06209	0.01599	1.000	Connery
98	0.66381	0.76010	0.03105	0.01599	1.000	will
98	0.69744	0.76010	0.05174	0.01599	1.000	remain
98	0.75177	0.76010	0.02070	0.01599	1.000	on
98	0.77505	0.76010	0.02328	0.01599	1.000	the
98	0.80093	0.76010	0.08796	0.01599	1.000	Department
98	0.89148	0.76010	0.01830	0.01606	1.000	as
98	0.09211	0.74411	0.01186	0.01473	1.000	a
98	0.10635	0.74411	0.05957	0.01473	1.000	Reserve
98	0.16830	0.74411	0.06434	0.01473	1.000	Otficer.
98	0.23502	0.74411	0.02621	0.01473	1.000	We
98	0.26362	0.74411	0.03813	0.01473	1.000	wish
98	0.30413	0.74411	0.03098	0.01473	1.000	Sgt.
98	0.33749	0.74411	0.06434	0.01473	1.000	Connery
98	0.40421	0.74411	0.02383	0.01473	1.000	the
98	0.43042	0.74411	0.03336	0.01473	1.000	best
98	0.46616	0.74411	0.01430	0.01473	1.000	of
98	0.48284	0.74411	0.03813	0.01473	1.000	luck,
98	0.52335	0.74411	0.04051	0.01473	1.000	good
98	0.56624	0.74411	0.05004	0.01473	1.000	health,
98	0.61867	0.74411	0.02859	0.01473	1.000	and
98	0.64965	0.74411	0.00953	0.01473	1.000	a
98	0.66156	0.74411	0.03574	0.01473	1.000	long
98	0.69969	0.74411	0.02621	0.01473	1.000	and
98	0.72828	0.74411	0.08340	0.01473	1.000	prosperous
98	0.81407	0.74411	0.08443	0.01473	1.000	retirement.
98	0.09398	0.71076	0.03129	0.01610	1.000	Off.
98	0.12786	0.71086	0.06727	0.01599	1.000	Matthew
98	0.19771	0.71086	0.06727	0.01599	1.000	Pingitore
98	0.26757	0.71086	0.06727	0.01599	1.000	accepted
98	0.33742	0.71086	0.00776	0.01599	1.000	a
98	0.34777	0.71086	0.06209	0.01599	1.000	position
98	0.41245	0.71086	0.03363	0.01599	1.000	with
98	0.44867	0.71086	0.02328	0.01599	1.000	the
98	0.47454	0.71086	0.10866	0.01599	1.000	Massachusetts
98	0.58578	0.71086	0.03622	0.01599	1.000	State
98	0.62459	0.71086	0.04657	0.01599	1.000	Police
98	0.67375	0.71086	0.01811	0.01599	1.000	in
98	0.69444	0.71086	0.06727	0.01599	1.000	February
98	0.76430	0.71086	0.01811	0.01599	1.000	of
98	0.78499	0.71086	0.04657	0.01599	1.000	2023.
98	0.83415	0.71086	0.02587	0.01599	1.000	We
98	0.86261	0.71076	0.04529	0.01610	1.000	thank
98	0.09211	0.69613	0.06905	0.01473	1.000	Matthew
98	0.16353	0.69613	0.02145	0.01473	1.000	for
98	0.18736	0.69613	0.02383	0.01473	1.000	his
98	0.21358	0.69613	0.05481	0.01473	1.000	service
98	0.27077	0.69613	0.01430	0.01473	1.000	to
98	0.28745	0.69613	0.02621	0.01473	1.000	the
98	0.31604	0.69613	0.04528	0.01473	1.000	Town
98	0.36370	0.69613	0.02621	0.01473	1.000	and
98	0.39229	0.69613	0.03813	0.01473	1.000	wish
98	0.43280	0.69613	0.02859	0.01473	1.000	him
98	0.46378	0.69613	0.02383	0.01473	1.000	the
98	0.48999	0.69613	0.03336	0.01473	1.000	best
98	0.52574	0.69613	0.01668	0.01473	1.000	of
98	0.54480	0.69613	0.03336	0.01473	1.000	luck
98	0.58054	0.69613	0.03574	0.01473	1.000	with
98	0.61867	0.69613	0.04487	0.01473	1.000	MSP.
98	0.09396	0.66414	0.02552	0.01459	1.000	K9
98	0.12174	0.66420	0.06626	0.01468	1.000	Update:
98	0.09211	0.43308	0.02282	0.01768	1.000	K9
98	0.11778	0.43308	0.04003	0.01768	1.000	Jerry
98	0.16068	0.43308	0.06577	0.01768	1.000	officially
98	0.22930	0.43308	0.05147	0.01768	1.000	retired
98	0.28363	0.43308	0.01716	0.01768	1.000	in
98	0.30365	0.43308	0.03145	0.01768	1.000	July
98	0.33796	0.43308	0.01716	0.01768	1.000	of
98	0.35798	0.43308	0.04289	0.01768	1.000	2023.
98	0.40373	0.43308	0.02574	0.01768	1.000	K9
98	0.43233	0.43308	0.03717	0.01768	1.000	Jerry
98	0.47236	0.43308	0.01716	0.01768	1.000	is
98	0.49237	0.43308	0.06291	0.01768	1.000	enjoying
98	0.55814	0.43308	0.07721	0.01768	1.000	retirement
98	0.63821	0.43308	0.01430	0.01768	1.000	in
98	0.65536	0.43308	0.02574	0.01768	1.000	the
98	0.68396	0.43308	0.03145	0.01768	1.000	care
98	0.71827	0.43308	0.01716	0.01768	1.000	of
98	0.73829	0.43308	0.03145	0.01768	1.000	Sgt.
98	0.77260	0.43308	0.05147	0.01768	1.000	Tocci.
98	0.82693	0.43308	0.02574	0.01768	1.000	We
98	0.85553	0.43308	0.04485	0.01768	1.000	thank
98	0.09211	0.41860	0.02581	0.01616	1.000	K9
98	0.12051	0.41877	0.03881	0.01599	1.000	Jerry
98	0.16190	0.41877	0.02328	0.01599	1.000	for
98	0.18777	0.41877	0.02070	0.01599	1.000	his
98	0.21106	0.41877	0.05433	0.01599	1.000	service
98	0.26797	0.41877	0.01552	0.01599	1.000	to
98	0.28608	0.41877	0.02587	0.01599	1.000	the
98	0.31454	0.41877	0.05174	0.01599	1.000	Town.
98	0.36887	0.41877	0.02328	0.01599	1.000	He
98	0.39474	0.41877	0.03105	0.01599	1.000	was
98	0.42838	0.41877	0.02328	0.01599	1.000	the
98	0.45425	0.41877	0.03363	0.01599	1.000	first
98	0.49047	0.41877	0.05433	0.01599	1.000	official
98	0.54739	0.41877	0.02328	0.01599	1.000	K9
98	0.57326	0.41877	0.02328	0.01599	1.000	for
98	0.59913	0.41877	0.02328	0.01599	1.000	the
98	0.62500	0.41877	0.08796	0.01599	1.000	Department
98	0.71555	0.41877	0.02846	0.01599	1.000	and
98	0.74660	0.41877	0.01811	0.01599	1.000	he
98	0.76729	0.41877	0.04916	0.01599	1.000	served
98	0.81904	0.41877	0.01811	0.01599	1.000	us
98	0.83973	0.41860	0.03621	0.01616	1.000	very
98	0.09398	0.40552	0.03759	0.01163	1.000	well.
98	0.09398	0.36911	0.04164	0.01607	1.000	Upon
98	0.13821	0.36911	0.02070	0.01599	1.000	the
98	0.16149	0.36911	0.08020	0.01599	1.000	retirement
98	0.24428	0.36911	0.01552	0.01599	1.000	of
98	0.26239	0.36911	0.02587	0.01599	1.000	K9
98	0.29085	0.36911	0.04139	0.01599	1.000	Jerry,
98	0.33483	0.36911	0.02328	0.01599	1.000	the
98	0.36070	0.36911	0.02587	0.01599	1.000	K9
98	0.38916	0.36911	0.05950	0.01599	1.000	Handler
98	0.45125	0.36911	0.06209	0.01599	1.000	position
98	0.51593	0.36911	0.02846	0.01599	1.000	was
98	0.54698	0.36911	0.09055	0.01599	1.000	re-assigned.
98	0.64011	0.36911	0.03105	0.01599	1.000	Off.
98	0.67375	0.36911	0.05950	0.01599	1.000	Wagner
98	0.73584	0.36911	0.03105	0.01599	1.000	was
98	0.76947	0.36911	0.05950	0.01599	1.000	selected
98	0.83156	0.36911	0.01811	0.01599	1.000	as
98	0.85226	0.36911	0.02328	0.01599	1.000	the
98	0.87813	0.36911	0.03352	0.01607	1.000	new
98	0.09398	0.35465	0.02339	0.01453	1.000	K9
98	0.11969	0.35480	0.06019	0.01431	1.000	Handler
98	0.18219	0.35480	0.03009	0.01431	1.000	and
98	0.21460	0.35480	0.03009	0.01431	1.000	was
98	0.24700	0.35480	0.04861	0.01431	1.000	tasked
98	0.29793	0.35480	0.03241	0.01431	1.000	with
98	0.33265	0.35480	0.08796	0.01431	1.000	researching
98	0.42293	0.35480	0.02778	0.01431	1.000	and
98	0.45302	0.35480	0.05556	0.01431	1.000	finding
98	0.51089	0.35480	0.00926	0.01431	1.000	a
98	0.52247	0.35480	0.03241	0.01431	1.000	new
98	0.55719	0.35480	0.02546	0.01431	1.000	K9
98	0.58497	0.35480	0.02315	0.01431	1.000	for
98	0.61043	0.35480	0.02546	0.01431	1.000	the
98	0.63821	0.35480	0.09259	0.01431	1.000	Department.
98	0.73312	0.35480	0.03935	0.01431	1.000	After
98	0.77478	0.35480	0.01852	0.01431	1.000	an
98	0.79562	0.35465	0.07281	0.01453	1.000	extensive
98	0.09211	0.33712	0.04910	0.01608	1.000	search
98	0.14379	0.33712	0.03363	0.01599	1.000	Off.
98	0.18001	0.33712	0.05950	0.01599	1.000	Wagner
98	0.24210	0.33712	0.05433	0.01599	1.000	located
98	0.29902	0.33712	0.01035	0.01599	1.000	a
98	0.31196	0.33712	0.05950	0.01599	1.000	German
98	0.37405	0.33712	0.08538	0.01599	1.000	Shorthaired
98	0.46201	0.33712	0.05950	0.01599	1.000	Pointer,
98	0.52410	0.33712	0.03105	0.01599	1.000	who
98	0.55773	0.33712	0.01552	0.01599	1.000	is
98	0.57584	0.33712	0.05174	0.01599	1.000	named
98	0.63017	0.33712	0.04398	0.01599	1.000	Cody,
98	0.67674	0.33712	0.01552	0.01599	1.000	to
98	0.69485	0.33712	0.02070	0.01599	1.000	be
98	0.71814	0.33712	0.02328	0.01599	1.000	the
98	0.74401	0.33712	0.03363	0.01599	1.000	next
98	0.78023	0.33712	0.03363	0.01599	1.000	K9.
98	0.81645	0.33712	0.02587	0.01599	1.000	K9
98	0.84491	0.33712	0.04231	0.01608	1.000	Cody
98	0.09211	0.32113	0.04651	0.01608	1.000	began
98	0.14120	0.32113	0.05692	0.01599	1.000	training
98	0.20071	0.32113	0.01552	0.01599	1.000	at
98	0.21882	0.32113	0.02328	0.01599	1.000	the
98	0.24469	0.32113	0.07761	0.01599	1.000	beginning
98	0.32489	0.32113	0.01552	0.01599	1.000	of
98	0.34300	0.32113	0.06209	0.01599	1.000	summer
98	0.40768	0.32113	0.02587	0.01599	1.000	and
98	0.43614	0.32113	0.07503	0.01599	1.000	graduated
98	0.51375	0.32113	0.01552	0.01599	1.000	in
98	0.53186	0.32113	0.08020	0.01599	1.000	November
98	0.61465	0.32113	0.01552	0.01599	1.000	of
98	0.63276	0.32113	0.04657	0.01599	1.000	2023.
98	0.68192	0.32113	0.02587	0.01599	1.000	K9
98	0.71038	0.32113	0.03881	0.01599	1.000	Cody
98	0.75177	0.32113	0.01552	0.01599	1.000	is
98	0.76988	0.32113	0.06727	0.01599	1.000	currently
98	0.83973	0.32113	0.01552	0.01599	1.000	in
98	0.85784	0.32113	0.05569	0.01608	1.000	service
98	0.09211	0.30513	0.02840	0.01609	1.000	and
98	0.12309	0.30513	0.04657	0.01599	1.000	works
98	0.17225	0.30513	0.01035	0.01599	1.000	a
98	0.18519	0.30513	0.03363	0.01599	1.000	split
98	0.22141	0.30513	0.05692	0.01599	1.000	day/eve
98	0.28091	0.30513	0.03622	0.01599	1.000	shift
98	0.31972	0.30513	0.03363	0.01599	1.000	with
98	0.35594	0.30513	0.03363	0.01599	1.000	Off.
98	0.39216	0.30513	0.06209	0.01599	1.000	Wagner.
98	0.45684	0.30513	0.02328	0.01599	1.000	Be
98	0.48271	0.30513	0.03105	0.01599	1.000	sure
98	0.51634	0.30513	0.01552	0.01599	1.000	to
98	0.53445	0.30513	0.02587	0.01599	1.000	say
98	0.56291	0.30513	0.01811	0.01599	1.000	hi
98	0.58361	0.30513	0.01294	0.01599	1.000	to
98	0.59913	0.30513	0.03881	0.01599	1.000	them
98	0.64052	0.30513	0.01552	0.01599	1.000	if
98	0.65863	0.30513	0.02846	0.01599	1.000	you
98	0.68968	0.30513	0.02328	0.01599	1.000	see
98	0.71555	0.30513	0.03881	0.01599	1.000	them
98	0.75694	0.30513	0.05433	0.01599	1.000	around
98	0.81386	0.30513	0.04892	0.01609	1.000	Town.
98	0.09586	0.27762	0.09023	0.01017	1.000	Promotion:
98	0.48872	0.02616	0.02068	0.01163	1.000	98
99	0.08459	0.90109	0.01795	0.01606	1.000	In
99	0.10512	0.90109	0.07503	0.01599	1.000	December
99	0.18273	0.90109	0.01811	0.01599	1.000	of
99	0.20343	0.90109	0.04139	0.01599	1.000	2023,
99	0.24741	0.90109	0.03363	0.01599	1.000	Off.
99	0.28363	0.90109	0.03363	0.01599	1.000	Paul
99	0.31985	0.90109	0.09055	0.01599	1.000	Theodoulou
99	0.41299	0.90109	0.02846	0.01599	1.000	was
99	0.44404	0.90109	0.07244	0.01599	1.000	promoted
99	0.51906	0.90109	0.01552	0.01599	1.000	to
99	0.53717	0.90109	0.06985	0.01599	1.000	Sergeant.
99	0.60961	0.90109	0.03105	0.01599	1.000	Sgt.
99	0.64325	0.90109	0.09055	0.01599	1.000	Theodoulou
99	0.73638	0.90109	0.01294	0.01599	1.000	is
99	0.75191	0.90109	0.06468	0.01599	1.000	assigned
99	0.81917	0.90109	0.01552	0.01599	1.000	to
99	0.83728	0.90109	0.02328	0.01599	1.000	the
99	0.86315	0.90109	0.03722	0.01606	1.000	split
99	0.08459	0.88510	0.10073	0.01606	1.000	eve/overnight
99	0.18791	0.88510	0.03881	0.01599	1.000	shift.
99	0.22930	0.88510	0.03105	0.01599	1.000	Sgt.
99	0.26294	0.88510	0.09055	0.01599	1.000	Theodoulou
99	0.35607	0.88510	0.01294	0.01599	1.000	is
99	0.37160	0.88510	0.06727	0.01599	1.000	currently
99	0.44145	0.88510	0.02587	0.01599	1.000	the
99	0.46991	0.88510	0.10090	0.01599	1.000	Department's
99	0.57339	0.88510	0.07503	0.01599	1.000	Defensive
99	0.65101	0.88510	0.08796	0.01599	1.000	Tactics/Use
99	0.74156	0.88510	0.01811	0.01599	1.000	of
99	0.76225	0.88510	0.04139	0.01599	1.000	Force
99	0.80624	0.88510	0.07503	0.01599	1.000	instructor,
99	0.88385	0.88510	0.01653	0.01606	1.000	is
99	0.08459	0.86911	0.01018	0.01607	1.000	a
99	0.09736	0.86911	0.04398	0.01599	1.000	Crisis
99	0.14393	0.86911	0.09055	0.01599	1.000	Intervention
99	0.23706	0.86911	0.04139	0.01599	1.000	Team
99	0.28105	0.86911	0.05433	0.01599	1.000	trained
99	0.33796	0.86911	0.05433	0.01599	1.000	officer,
99	0.39488	0.86911	0.01811	0.01599	1.000	as
99	0.41558	0.86911	0.03363	0.01599	1.000	well
99	0.45180	0.86911	0.01552	0.01599	1.000	as
99	0.46991	0.86911	0.01035	0.01599	1.000	a
99	0.48284	0.86911	0.03363	0.01599	1.000	field
99	0.51906	0.86911	0.05950	0.01599	1.000	training
99	0.58115	0.86911	0.05692	0.01599	1.000	officer.
99	0.64066	0.86911	0.03105	0.01599	1.000	Sgt.
99	0.67429	0.86911	0.08796	0.01599	1.000	Theodoulou
99	0.76484	0.86911	0.04916	0.01599	1.000	brings
99	0.81658	0.86911	0.00776	0.01599	1.000	a
99	0.82693	0.86911	0.05174	0.01599	1.000	wealth
99	0.88126	0.86911	0.01911	0.01607	1.000	of
99	0.08271	0.85311	0.08348	0.01473	1.000	knowledge
99	0.16857	0.85311	0.02859	0.01473	1.000	and
99	0.19955	0.85311	0.08102	0.01473	1.000	experience
99	0.28295	0.85311	0.02859	0.01473	1.000	and
99	0.31393	0.85311	0.03098	0.01473	1.000	will
99	0.34729	0.85311	0.01906	0.01473	1.000	be
99	0.36874	0.85311	0.00953	0.01473	1.000	a
99	0.38065	0.85311	0.06196	0.01473	1.000	valuable
99	0.44499	0.85311	0.04051	0.01473	1.000	asset
99	0.48788	0.85311	0.01668	0.01473	1.000	as
99	0.50694	0.85311	0.00953	0.01473	1.000	a
99	0.51886	0.85311	0.08452	0.01473	1.000	supervisor.
99	0.08647	0.82558	0.10902	0.01017	1.000	Achievement:
99	0.08271	0.64226	0.01819	0.01617	1.000	In
99	0.10349	0.64226	0.02328	0.01599	1.000	the
99	0.12936	0.64226	0.02846	0.01599	1.000	fall
99	0.16040	0.64226	0.01552	0.01599	1.000	of
99	0.17851	0.64226	0.04398	0.01599	1.000	2023,
99	0.22508	0.64226	0.03363	0.01599	1.000	Det.
99	0.26130	0.64226	0.06209	0.01599	1.000	Mathieu
99	0.32598	0.64226	0.02846	0.01599	1.000	was
99	0.35703	0.64226	0.06468	0.01599	1.000	inducted
99	0.42429	0.64226	0.03105	0.01599	1.000	into
99	0.45792	0.64226	0.02328	0.01599	1.000	the
99	0.48380	0.64226	0.07503	0.01599	1.000	Westfield
99	0.56141	0.64226	0.03622	0.01599	1.000	State
99	0.60022	0.64226	0.08020	0.01599	1.000	University
99	0.68301	0.64226	0.05950	0.01599	1.000	Athletic
99	0.74510	0.64226	0.03363	0.01599	1.000	Hall
99	0.78132	0.64226	0.01552	0.01599	1.000	of
99	0.79943	0.64226	0.04398	0.01599	1.000	Fame
99	0.84600	0.64226	0.02328	0.01599	1.000	for
99	0.87187	0.64226	0.02287	0.01617	1.000	his
99	0.08271	0.62626	0.12944	0.01618	1.000	accomplishments
99	0.21473	0.62626	0.01811	0.01599	1.000	as
99	0.23543	0.62626	0.00776	0.01599	1.000	a
99	0.24578	0.62626	0.05950	0.01599	1.000	football
99	0.30787	0.62626	0.04916	0.01599	1.000	player
99	0.35961	0.62626	0.02070	0.01599	1.000	for
99	0.38290	0.62626	0.02587	0.01599	1.000	the
99	0.41136	0.62626	0.08279	0.01599	1.000	University.
99	0.49673	0.62626	0.03363	0.01599	1.000	Det.
99	0.53295	0.62626	0.06209	0.01599	1.000	Mathieu
99	0.59763	0.62626	0.03105	0.01599	1.000	was
99	0.63126	0.62626	0.02587	0.01599	1.000	one
99	0.65972	0.62626	0.01811	0.01599	1.000	of
99	0.68042	0.62626	0.02846	0.01599	1.000	just
99	0.71147	0.62626	0.02070	0.01599	1.000	11
99	0.73475	0.62626	0.10866	0.01599	1.000	All-Americans
99	0.84600	0.62626	0.01552	0.01599	1.000	in
99	0.86411	0.62626	0.02687	0.01618	1.000	the
99	0.08459	0.61192	0.05260	0.01308	1.000	history
99	0.13930	0.61195	0.01688	0.01305	1.000	of
99	0.15829	0.61195	0.02533	0.01305	1.000	the
99	0.18573	0.61195	0.04010	0.01305	1.000	Owls
99	0.22794	0.61195	0.06965	0.01305	1.000	program,
99	0.29970	0.61195	0.01900	0.01305	1.000	he
99	0.32081	0.61195	0.02322	0.01305	1.000	set
99	0.34613	0.61195	0.03166	0.01305	1.000	four
99	0.37990	0.61195	0.05065	0.01305	1.000	school
99	0.43267	0.61195	0.05487	0.01305	1.000	records
99	0.48965	0.61195	0.02955	0.01305	1.000	and
99	0.52131	0.61195	0.03166	0.01305	1.000	was
99	0.55508	0.61195	0.00844	0.01305	1.000	a
99	0.56563	0.61195	0.07176	0.01305	1.000	four-time
99	0.63950	0.61195	0.10553	0.01305	1.000	all-conference
99	0.74714	0.61192	0.07429	0.01308	1.000	selection.
99	0.08647	0.58285	0.03608	0.01017	1.000	New
99	0.12418	0.58285	0.05251	0.01017	1.000	Hires:
99	0.08271	0.37064	0.01819	0.01614	1.000	In
99	0.10349	0.37079	0.03622	0.01599	1.000	June
99	0.14229	0.37079	0.01552	0.01599	1.000	of
99	0.16040	0.37079	0.04398	0.01599	1.000	2023,
99	0.20697	0.37079	0.03105	0.01599	1.000	Off.
99	0.24060	0.37079	0.06209	0.01599	1.000	Micheal
99	0.30528	0.37079	0.09314	0.01599	1.000	McCormack
99	0.40101	0.37079	0.02846	0.01599	1.000	was
99	0.43205	0.37079	0.04139	0.01599	1.000	hired
99	0.47603	0.37079	0.01811	0.01599	1.000	as
99	0.49673	0.37079	0.00776	0.01599	1.000	a
99	0.50708	0.37079	0.06468	0.01599	1.000	full-time
99	0.57435	0.37079	0.05950	0.01599	1.000	officer.
99	0.63644	0.37079	0.03363	0.01599	1.000	Off.
99	0.67266	0.37079	0.09314	0.01599	1.000	McCormack
99	0.76838	0.37079	0.04657	0.01599	1.000	comes
99	0.81754	0.37079	0.01552	0.01599	1.000	to
99	0.83565	0.37079	0.02070	0.01599	1.000	us
99	0.85893	0.37064	0.02077	0.01614	1.000	by
99	0.08271	0.35465	0.03480	0.01453	1.000	way
99	0.11983	0.35480	0.01620	0.01431	1.000	of
99	0.13834	0.35480	0.05093	0.01431	1.000	Essex,
99	0.19158	0.35480	0.02778	0.01431	1.000	VT,
99	0.22168	0.35480	0.04861	0.01431	1.000	where
99	0.27260	0.35480	0.01852	0.01431	1.000	he
99	0.29344	0.35480	0.03241	0.01431	1.000	was
99	0.32816	0.35480	0.00926	0.01431	1.000	a
99	0.33973	0.35480	0.06481	0.01431	1.000	Sergeant
99	0.40686	0.35480	0.03472	0.01431	1.000	with
99	0.44390	0.35480	0.02546	0.01431	1.000	the
99	0.47168	0.35480	0.07407	0.01431	1.000	Winooski
99	0.54807	0.35480	0.04630	0.01431	1.000	Police
99	0.59668	0.35480	0.08796	0.01431	1.000	Department
99	0.68696	0.35480	0.01852	0.01431	1.000	in
99	0.70779	0.35480	0.07639	0.01431	1.000	Winooski,
99	0.78649	0.35480	0.03241	0.01431	1.000	VT.
99	0.82121	0.35480	0.02315	0.01431	1.000	He
99	0.84668	0.35480	0.01620	0.01431	1.000	is
99	0.86520	0.35465	0.01074	0.01453	1.000	a
99	0.08459	0.33712	0.06451	0.01608	1.000	graduate
99	0.15169	0.33712	0.01811	0.01599	1.000	of
99	0.17239	0.33712	0.04398	0.01599	1.000	Essex
99	0.21895	0.33712	0.03881	0.01599	1.000	High
99	0.26035	0.33712	0.05174	0.01599	1.000	School
99	0.31468	0.33712	0.02587	0.01599	1.000	and
99	0.34314	0.33712	0.04398	0.01599	1.000	holds
99	0.38971	0.33712	0.01811	0.01599	1.000	an
99	0.41040	0.33712	0.07244	0.01599	1.000	Associate
99	0.48543	0.33712	0.05433	0.01599	1.000	Degree
99	0.54235	0.33712	0.01811	0.01599	1.000	of
99	0.56304	0.33712	0.05692	0.01599	1.000	Science
99	0.62255	0.33712	0.01811	0.01599	1.000	in
99	0.64325	0.33712	0.06468	0.01599	1.000	Criminal
99	0.71051	0.33712	0.05174	0.01599	1.000	Justice
99	0.76484	0.33712	0.08020	0.01599	1.000	graduating
99	0.84763	0.33712	0.01891	0.01608	1.000	in
99	0.08459	0.32267	0.03687	0.01453	1.000	2013
99	0.12377	0.32281	0.03935	0.01431	1.000	from
99	0.16544	0.32281	0.02546	0.01431	1.000	the
99	0.19322	0.32281	0.08796	0.01431	1.000	Community
99	0.28350	0.32281	0.05787	0.01431	1.000	College
99	0.34368	0.32281	0.01852	0.01431	1.000	of
99	0.36452	0.32281	0.07407	0.01431	1.000	Vermont.
99	0.44090	0.32281	0.03241	0.01431	1.000	Off.
99	0.47563	0.32281	0.09491	0.01431	1.000	McCormack
99	0.57285	0.32281	0.07176	0.01431	1.000	graduated
99	0.64692	0.32281	0.03935	0.01431	1.000	from
99	0.68859	0.32281	0.02315	0.01431	1.000	the
99	0.71405	0.32281	0.06713	0.01431	1.000	Vermont
99	0.78350	0.32267	0.04921	0.01453	1.000	Police
99	0.08459	0.30513	0.06969	0.01609	1.000	Academy
99	0.15686	0.30513	0.01811	0.01599	1.000	in
99	0.17756	0.30513	0.03622	0.01599	1.000	2017
99	0.21637	0.30513	0.01811	0.01599	1.000	as
99	0.23706	0.30513	0.03363	0.01599	1.000	well
99	0.27328	0.30513	0.01811	0.01599	1.000	as
99	0.29398	0.30513	0.07761	0.01599	1.000	Vermont's
99	0.37418	0.30513	0.03105	0.01599	1.000	part
99	0.40782	0.30513	0.03363	0.01599	1.000	time
99	0.44404	0.30513	0.06727	0.01599	1.000	academy
99	0.51389	0.30513	0.01552	0.01599	1.000	in
99	0.53200	0.30513	0.04657	0.01599	1.000	2016.
99	0.58115	0.30513	0.03363	0.01599	1.000	Off.
99	0.61737	0.30513	0.09314	0.01599	1.000	McCormack
99	0.71310	0.30513	0.07761	0.01599	1.000	completed
99	0.79330	0.30513	0.02328	0.01599	1.000	the
99	0.81917	0.30513	0.04173	0.01609	1.000	Drug
99	0.08459	0.28914	0.09753	0.01473	1.000	Entorcement
99	0.18450	0.28914	0.11200	0.01473	1.000	Administration
99	0.29888	0.28914	0.05004	0.01473	1.000	(DEA)
99	0.35131	0.28914	0.03098	0.01473	1.000	task
99	0.38467	0.28914	0.03813	0.01473	1.000	force
99	0.42518	0.28914	0.05957	0.01473	1.000	training
99	0.48713	0.28914	0.01668	0.01473	1.000	in
99	0.50620	0.28914	0.03813	0.01473	1.000	2021
99	0.54670	0.28914	0.04766	0.01473	1.000	which
99	0.59675	0.28914	0.02383	0.01473	1.000	led
99	0.62296	0.28914	0.03098	0.01473	1.000	him
99	0.65632	0.28914	0.01430	0.01473	1.000	to
99	0.67300	0.28914	0.01906	0.01473	1.000	be
99	0.69444	0.28914	0.06672	0.01473	1.000	assigned
99	0.76355	0.28914	0.01668	0.01473	1.000	to
99	0.78261	0.28914	0.02383	0.01473	1.000	the
99	0.80882	0.28914	0.04051	0.01473	1.000	Drug
99	0.85172	0.28914	0.03738	0.01473	1.000	Task
99	0.08271	0.27315	0.04536	0.01473	1.000	Force
99	0.13045	0.27315	0.01668	0.01473	1.000	in
99	0.14951	0.27315	0.04528	0.01473	1.000	South
99	0.19717	0.27315	0.08578	0.01473	1.000	Burlington,
99	0.28533	0.27315	0.03421	0.01473	1.000	VT.
99	0.08271	0.24116	0.01915	0.01473	1.000	In
99	0.10423	0.24116	0.07864	0.01473	1.000	November
99	0.18525	0.24116	0.01668	0.01473	1.000	of
99	0.20432	0.24116	0.04289	0.01473	1.000	2023,
99	0.24959	0.24116	0.05719	0.01473	1.000	Recruit
99	0.30916	0.24116	0.03098	0.01473	1.000	Off.
99	0.34252	0.24116	0.04289	0.01473	1.000	Jenna
99	0.38780	0.24116	0.05004	0.01473	1.000	Morse
99	0.44022	0.24116	0.02859	0.01473	1.000	was
99	0.47120	0.24116	0.04051	0.01473	1.000	hired
99	0.51409	0.24116	0.01668	0.01473	1.000	as
99	0.53316	0.24116	0.00953	0.01473	1.000	a
99	0.54507	0.24116	0.06672	0.01473	1.000	full-time
99	0.61417	0.24116	0.05957	0.01473	1.000	officer.
99	0.67613	0.24116	0.05719	0.01473	1.000	Recruit
99	0.73570	0.24116	0.03098	0.01473	1.000	Off.
99	0.76906	0.24116	0.04766	0.01473	1.000	Morse
99	0.81910	0.24116	0.01736	0.01473	1.000	is
99	0.08459	0.22384	0.06710	0.01606	1.000	currently
99	0.15428	0.22391	0.01552	0.01599	1.000	in
99	0.17239	0.22391	0.02587	0.01599	1.000	the
99	0.20084	0.22391	0.04139	0.01599	1.000	Basic
99	0.24483	0.22391	0.05692	0.01599	1.000	Recruit
99	0.30433	0.22391	0.05433	0.01599	1.000	Officer
99	0.36125	0.22391	0.03881	0.01599	1.000	Class
99	0.40264	0.22391	0.01811	0.01599	1.000	in
99	0.42334	0.22391	0.06985	0.01599	1.000	Boylston,
99	0.49578	0.22391	0.03622	0.01599	1.000	with
99	0.53459	0.22391	0.01811	0.01599	1.000	an
99	0.55528	0.22391	0.08279	0.01599	1.000	anticipated
99	0.64066	0.22391	0.08020	0.01599	1.000	graduation
99	0.72345	0.22391	0.03105	0.01599	1.000	date
99	0.75708	0.22391	0.01552	0.01599	1.000	in
99	0.77519	0.22391	0.03622	0.01599	1.000	May
99	0.81400	0.22391	0.01552	0.01599	1.000	of
99	0.83211	0.22384	0.04759	0.01606	1.000	2024.
99	0.08459	0.20918	0.05464	0.01473	1.000	Recruit
99	0.14161	0.20918	0.03336	0.01473	1.000	Off.
99	0.17736	0.20918	0.04766	0.01473	1.000	Morse
99	0.22740	0.20918	0.03098	0.01473	1.000	was
99	0.26076	0.20918	0.00953	0.01473	1.000	a
99	0.27267	0.20918	0.05719	0.01473	1.000	lifelong
99	0.33224	0.20918	0.06196	0.01473	1.000	resident
99	0.39658	0.20918	0.01668	0.01473	1.000	of
99	0.41565	0.20918	0.08578	0.01473	1.000	Lunenburg,
99	0.50381	0.20918	0.08102	0.01473	1.000	graduating
99	0.58721	0.20918	0.03813	0.01473	1.000	from
99	0.62772	0.20918	0.08102	0.01473	1.000	Lunenburg
99	0.71112	0.20918	0.03813	0.01473	1.000	High
99	0.75163	0.20918	0.05242	0.01473	1.000	School
99	0.80644	0.20918	0.01668	0.01473	1.000	in
99	0.82550	0.20918	0.04289	0.01473	1.000	2020,
99	0.87078	0.20918	0.02960	0.01473	1.000	and
99	0.08271	0.19186	0.01560	0.01605	1.000	is
99	0.10090	0.19192	0.06727	0.01599	1.000	currently
99	0.17075	0.19192	0.06209	0.01599	1.000	enrolled
99	0.23543	0.19192	0.01552	0.01599	1.000	in
99	0.25354	0.19192	0.02587	0.01599	1.000	the
99	0.28200	0.19192	0.06468	0.01599	1.000	Criminal
99	0.34926	0.19192	0.05174	0.01599	1.000	Justice
99	0.40359	0.19192	0.06468	0.01599	1.000	program
99	0.47086	0.19192	0.01294	0.01599	1.000	at
99	0.48638	0.19192	0.07503	0.01599	1.000	Fitchburg
99	0.56400	0.19192	0.03622	0.01599	1.000	State
99	0.60281	0.19192	0.08020	0.01599	1.000	University
99	0.68559	0.19192	0.05433	0.01599	1.000	(FSU).
99	0.74251	0.19192	0.05692	0.01599	1.000	Recruit
99	0.80202	0.19192	0.03105	0.01599	1.000	Off.
99	0.83565	0.19186	0.05345	0.01605	1.000	Morse
99	0.08271	0.17587	0.03113	0.01605	1.000	was
99	0.11642	0.17593	0.01035	0.01599	1.000	a
99	0.12936	0.17593	0.05174	0.01599	1.000	former
99	0.18369	0.17593	0.03363	0.01599	1.000	Step
99	0.21991	0.17593	0.04657	0.01599	1.000	Intern
99	0.26906	0.17593	0.03363	0.01599	1.000	with
99	0.30528	0.17593	0.01811	0.01599	1.000	us
99	0.32598	0.17593	0.03881	0.01599	1.000	from
99	0.36737	0.17593	0.08020	0.01599	1.000	Lunenburg
99	0.45016	0.17593	0.03881	0.01599	1.000	High
99	0.49156	0.17593	0.05692	0.01599	1.000	School,
99	0.55106	0.17593	0.02846	0.01599	1.000	and
99	0.58211	0.17593	0.02846	0.01599	1.000	was
99	0.61315	0.17593	0.03105	0.01599	1.000	also
99	0.64679	0.17593	0.02070	0.01599	1.000	an
99	0.67007	0.17593	0.04398	0.01599	1.000	intern
99	0.71664	0.17593	0.03363	0.01599	1.000	with
99	0.75286	0.17593	0.01811	0.01599	1.000	us
99	0.77356	0.17593	0.04916	0.01599	1.000	during
99	0.82530	0.17593	0.02587	0.01599	1.000	her
99	0.85376	0.17587	0.05038	0.01605	1.000	Junior
99	0.08264	0.15996	0.03486	0.01473	1.000	year
99	0.11968	0.16008	0.01634	0.01440	1.000	at
99	0.13819	0.15961	0.04233	0.01477	1.000	FSU.
99	0.49060	0.02616	0.01880	0.01163	1.000	99
100	0.10150	0.91424	0.11278	0.01017	1.000	Accreditation:
100	0.09962	0.68459	0.02333	0.01616	1.000	On
100	0.12554	0.68476	0.06209	0.01599	1.000	October
100	0.19022	0.68476	0.01552	0.01599	1.000	4,
100	0.20833	0.68476	0.04139	0.01599	1.000	2023,
100	0.25231	0.68476	0.02328	0.01599	1.000	the
100	0.27819	0.68476	0.08796	0.01599	1.000	Department
100	0.36874	0.68476	0.05950	0.01599	1.000	became
100	0.43083	0.68476	0.03363	0.01599	1.000	fully
100	0.46705	0.68476	0.07761	0.01599	1.000	accredited
100	0.54725	0.68476	0.02846	0.01599	1.000	and
100	0.57830	0.68476	0.06468	0.01599	1.000	received
100	0.64556	0.68476	0.01811	0.01599	1.000	an
100	0.66626	0.68476	0.04657	0.01599	1.000	award
100	0.71541	0.68476	0.02328	0.01599	1.000	for
100	0.74129	0.68476	0.07761	0.01599	1.000	Certificate
100	0.82149	0.68459	0.02062	0.01616	1.000	of
100	0.09962	0.66860	0.09836	0.01616	1.000	Accreditation
100	0.20057	0.66877	0.05950	0.01599	1.000	through
100	0.26266	0.66877	0.02587	0.01599	1.000	the
100	0.29112	0.66877	0.10607	0.01599	1.000	Massachusetts
100	0.39978	0.66877	0.04657	0.01599	1.000	Police
100	0.44894	0.66877	0.10349	0.01599	1.000	Accreditation
100	0.55501	0.66877	0.09314	0.01599	1.000	Commission
100	0.65074	0.66877	0.06985	0.01599	1.000	(MPAC).
100	0.72318	0.66877	0.02846	0.01599	1.000	The
100	0.75422	0.66877	0.08796	0.01599	1.000	Department
100	0.84477	0.66860	0.01613	0.01616	1.000	is
100	0.09774	0.65262	0.08254	0.01615	1.000	recognized
100	0.18287	0.65278	0.01811	0.01599	1.000	as
100	0.20357	0.65278	0.00776	0.01599	1.000	a
100	0.21392	0.65278	0.03105	0.01599	1.000	best
100	0.24755	0.65278	0.06209	0.01599	1.000	practice
100	0.31223	0.65278	0.10090	0.01599	1.000	organization.
100	0.41571	0.65278	0.10090	0.01599	1.000	Accreditation
100	0.51920	0.65278	0.01552	0.01599	1.000	is
100	0.53731	0.65278	0.00776	0.01599	1.000	a
100	0.54766	0.65278	0.05950	0.01599	1.000	coveted
100	0.60975	0.65278	0.04657	0.01599	1.000	award
100	0.65891	0.65278	0.02846	0.01599	1.000	that
100	0.68995	0.65278	0.08279	0.01599	1.000	symbolizes
100	0.77533	0.65262	0.12505	0.01615	1.000	professionalism,
100	0.10122	0.63798	0.08104	0.01538	1.000	excellence,
100	0.18399	0.63769	0.02876	0.01402	1.000	and
100	0.21447	0.63544	0.09600	0.01567	1.000	competence.
100	0.09962	0.60311	0.06214	0.01607	1.000	Through
100	0.16435	0.60311	0.02587	0.01599	1.000	the
100	0.19281	0.60311	0.05433	0.01599	1.000	tireless
100	0.24973	0.60311	0.03881	0.01599	1.000	work
100	0.29112	0.60311	0.01811	0.01599	1.000	of
100	0.31182	0.60311	0.03105	0.01599	1.000	Sgt.
100	0.34545	0.60311	0.07244	0.01599	1.000	Morreale,
100	0.42048	0.60311	0.02587	0.01599	1.000	and
100	0.44894	0.60311	0.02587	0.01599	1.000	the
100	0.47740	0.60311	0.08796	0.01599	1.000	cooperation
100	0.56795	0.60311	0.02846	0.01599	1.000	and
100	0.59899	0.60311	0.09572	0.01599	1.000	collaboration
100	0.69730	0.60311	0.03363	0.01599	1.000	with
100	0.73352	0.60311	0.06985	0.01599	1.000	members
100	0.80596	0.60311	0.01811	0.01599	1.000	of
100	0.82666	0.60311	0.02860	0.01607	1.000	our
100	0.09962	0.58712	0.09060	0.01608	1.000	Department,
100	0.19281	0.58712	0.02328	0.01599	1.000	we
100	0.21868	0.58712	0.03622	0.01599	1.000	were
100	0.25749	0.58712	0.03363	0.01599	1.000	able
100	0.29371	0.58712	0.01552	0.01599	1.000	to
100	0.31182	0.58712	0.06985	0.01599	1.000	complete
100	0.38426	0.58712	0.02328	0.01599	1.000	the
100	0.41013	0.58712	0.02846	0.01599	1.000	full
100	0.44118	0.58712	0.09572	0.01599	1.000	accreditation
100	0.53949	0.58712	0.06468	0.01599	1.000	process.
100	0.60675	0.58712	0.03105	0.01599	1.000	The
100	0.64039	0.58712	0.08796	0.01599	1.000	Department
100	0.73094	0.58712	0.02846	0.01599	1.000	was
100	0.76198	0.58712	0.08279	0.01599	1.000	recognized
100	0.84736	0.58712	0.02858	0.01608	1.000	and
100	0.09774	0.56977	0.06443	0.01609	1.000	received
100	0.16476	0.56987	0.02328	0.01599	1.000	the
100	0.19063	0.56987	0.05433	0.01599	1.000	MPAC
100	0.24755	0.56987	0.04657	0.01599	1.000	award
100	0.29670	0.56987	0.02070	0.01599	1.000	on
100	0.31999	0.56987	0.05950	0.01599	1.000	October
100	0.38208	0.56987	0.01552	0.01599	1.000	4,
100	0.40019	0.56987	0.04398	0.01599	1.000	2023,
100	0.44676	0.56987	0.01294	0.01599	1.000	at
100	0.46228	0.56987	0.02587	0.01599	1.000	the
100	0.49074	0.56987	0.10607	0.01599	1.000	Commission's
100	0.59940	0.56987	0.04916	0.01599	1.000	award
100	0.65114	0.56987	0.07244	0.01599	1.000	ceremony
100	0.72617	0.56987	0.03105	0.01599	1.000	held
100	0.75980	0.56987	0.01552	0.01599	1.000	at
100	0.77791	0.56987	0.02587	0.01599	1.000	the
100	0.80637	0.56977	0.09964	0.01609	1.000	Marlborough
100	0.09953	0.55334	0.06269	0.01504	1.000	Country
100	0.16434	0.55387	0.04252	0.01488	1.000	Club.
100	0.09962	0.52180	0.07181	0.01453	1.000	Program
100	0.17375	0.52180	0.07249	0.01453	1.000	Updates:
100	0.09962	0.48822	0.03109	0.01614	1.000	The
100	0.13331	0.48822	0.09831	0.01599	1.000	Co-Response
100	0.23420	0.48822	0.04916	0.01599	1.000	Model
100	0.28595	0.48822	0.06727	0.01599	1.000	approach
100	0.35580	0.48822	0.01552	0.01599	1.000	to
100	0.37391	0.48822	0.05174	0.01599	1.000	mental
100	0.42824	0.48822	0.04657	0.01599	1.000	health
100	0.47740	0.48822	0.03363	0.01599	1.000	type
100	0.51362	0.48822	0.01811	0.01599	1.000	of
100	0.53431	0.48822	0.03363	0.01599	1.000	calls
100	0.57053	0.48822	0.01552	0.01599	1.000	is
100	0.58864	0.48822	0.05692	0.01599	1.000	moving
100	0.64815	0.48822	0.06727	0.01599	1.000	forward.
100	0.71800	0.48822	0.02846	0.01599	1.000	We
100	0.74905	0.48822	0.03622	0.01599	1.000	were
100	0.78785	0.48822	0.03363	0.01599	1.000	able
100	0.82407	0.48822	0.01552	0.01599	1.000	to
100	0.84218	0.48822	0.05443	0.01614	1.000	partner
100	0.09962	0.47222	0.03368	0.01615	1.000	with
100	0.13589	0.47222	0.07244	0.01599	1.000	Lancaster
100	0.21092	0.47222	0.04916	0.01599	1.000	Police
100	0.26266	0.47222	0.08538	0.01599	1.000	Department
100	0.35063	0.47222	0.02846	0.01599	1.000	and
100	0.38167	0.47222	0.04139	0.01599	1.000	Open
100	0.42565	0.47222	0.03105	0.01599	1.000	Sky
100	0.45929	0.47222	0.08796	0.01599	1.000	Community
100	0.54984	0.47222	0.06468	0.01599	1.000	Services
100	0.61710	0.47222	0.01552	0.01599	1.000	to
100	0.63521	0.47222	0.03881	0.01599	1.000	bring
100	0.67661	0.47222	0.02328	0.01599	1.000	the
100	0.70248	0.47222	0.06468	0.01599	1.000	program
100	0.76974	0.47222	0.01552	0.01599	1.000	to
100	0.78785	0.47222	0.05950	0.01599	1.000	reality.
100	0.84995	0.47222	0.03163	0.01615	1.000	The
100	0.09962	0.45623	0.04403	0.01615	1.000	Town
100	0.14624	0.45623	0.02587	0.01599	1.000	has
100	0.17470	0.45623	0.05950	0.01599	1.000	initially
100	0.23679	0.45623	0.05174	0.01599	1.000	funded
100	0.29112	0.45623	0.02328	0.01599	1.000	the
100	0.31699	0.45623	0.06209	0.01599	1.000	program
100	0.38167	0.45623	0.05950	0.01599	1.000	through
100	0.44376	0.45623	0.02587	0.01599	1.000	the
100	0.47222	0.45623	0.05174	0.01599	1.000	Opioid
100	0.52655	0.45623	0.04657	0.01599	1.000	Relief
100	0.57571	0.45623	0.08796	0.01599	1.000	Settlement.
100	0.66626	0.45623	0.03105	0.01599	1.000	The
100	0.69989	0.45623	0.08796	0.01599	1.000	Department
100	0.79044	0.45623	0.02846	0.01599	1.000	will
100	0.82149	0.45623	0.01811	0.01599	1.000	be
100	0.84218	0.45623	0.05950	0.01599	1.000	seeking
100	0.90428	0.45623	0.01114	0.01615	1.000	a
100	0.09962	0.44024	0.03818	0.01473	1.000	grant
100	0.14018	0.44024	0.05957	0.01473	1.000	through
100	0.20214	0.44024	0.04528	0.01473	1.000	DMH
100	0.24980	0.44024	0.01430	0.01473	1.000	to
100	0.26648	0.44024	0.03813	0.01473	1.000	fully
100	0.30699	0.44024	0.03574	0.01473	1.000	fund
100	0.34511	0.44024	0.02383	0.01473	1.000	the
100	0.37132	0.44024	0.07041	0.01473	1.000	program.
100	0.10150	0.40825	0.09349	0.01347	1.000	Community
100	0.19717	0.40825	0.07163	0.01347	1.000	Policing:
100	0.71241	0.36047	0.16353	0.01599	1.000	LUNENBURG
100	0.41729	0.33866	0.04135	0.01163	0.300	1117
100	0.09962	0.18308	0.06990	0.01605	1.000	Members
100	0.17211	0.18308	0.01552	0.01599	1.000	of
100	0.19022	0.18308	0.02587	0.01599	1.000	the
100	0.21868	0.18308	0.08796	0.01599	1.000	Department
100	0.30923	0.18308	0.05692	0.01599	1.000	actively
100	0.36874	0.18308	0.08020	0.01599	1.000	participate
100	0.45153	0.18308	0.01811	0.01599	1.000	in
100	0.47222	0.18308	0.08796	0.01599	1.000	Community
100	0.56277	0.18308	0.06209	0.01599	1.000	Policing
100	0.62745	0.18308	0.05174	0.01599	1.000	Events
100	0.68178	0.18308	0.08020	0.01599	1.000	throughout
100	0.76457	0.18308	0.02328	0.01599	1.000	the
100	0.79044	0.18308	0.03881	0.01599	1.000	year.
100	0.83184	0.18308	0.04398	0.01599	1.000	Some
100	0.87840	0.18308	0.02009	0.01605	1.000	of
100	0.09774	0.16709	0.02596	0.01473	1.000	the
100	0.12609	0.16709	0.04766	0.01473	1.000	events
100	0.17613	0.16709	0.05719	0.01473	1.000	include
100	0.23570	0.16709	0.03813	0.01473	1.000	RAD
100	0.27621	0.16709	0.02859	0.01473	1.000	and
100	0.30719	0.16709	0.07387	0.01473	1.000	radKIDS,
100	0.38344	0.16709	0.05004	0.01473	1.000	Cotfee
100	0.43587	0.16709	0.03574	0.01473	1.000	with
100	0.47399	0.16709	0.02383	0.01473	1.000	the
100	0.50020	0.16709	0.04766	0.01473	1.000	Chief,
100	0.55025	0.16709	0.02859	0.01473	1.000	and
100	0.58122	0.16709	0.06434	0.01473	1.000	Comfort
100	0.64794	0.16709	0.03336	0.01473	1.000	Dog
100	0.68369	0.16709	0.04051	0.01473	1.000	Hank
100	0.72658	0.16709	0.05719	0.01473	1.000	making
100	0.78615	0.16709	0.05783	0.01473	1.000	various
100	0.09962	0.15262	0.09080	0.01321	1.000	appearances
100	0.19254	0.15278	0.08231	0.01305	1.000	throughout
100	0.27696	0.15278	0.02533	0.01305	1.000	the
100	0.30440	0.15262	0.03771	0.01321	1.000	year.
100	0.09962	0.11773	0.03109	0.01611	1.000	Our
100	0.13331	0.11785	0.03105	0.01599	1.000	goal
100	0.16694	0.11785	0.01552	0.01599	1.000	is
100	0.18505	0.11785	0.01552	0.01599	1.000	to
100	0.20316	0.11785	0.06468	0.01599	1.000	continue
100	0.27042	0.11785	0.01552	0.01599	1.000	to
100	0.28853	0.11785	0.05692	0.01599	1.000	provide
100	0.34804	0.11785	0.13194	0.01599	1.000	community-based
100	0.48257	0.11785	0.11383	0.01599	1.000	services/events
100	0.59899	0.11785	0.01552	0.01599	1.000	in
100	0.61710	0.11785	0.04657	0.01599	1.000	2024.
100	0.66626	0.11785	0.02846	0.01599	1.000	We
100	0.69730	0.11785	0.02328	0.01599	1.000	are
100	0.72318	0.11785	0.06209	0.01599	1.000	working
100	0.78785	0.11785	0.03363	0.01599	1.000	with
100	0.82407	0.11785	0.02587	0.01599	1.000	the
100	0.85253	0.11773	0.04408	0.01611	1.000	Parks
100	0.09962	0.10174	0.02851	0.01610	1.000	and
100	0.13072	0.10185	0.08020	0.01599	1.000	Recreation
100	0.21351	0.10185	0.08796	0.01599	1.000	Department
100	0.30406	0.10185	0.01552	0.01599	1.000	to
100	0.32217	0.10185	0.03881	0.01599	1.000	bring
100	0.36356	0.10185	0.07761	0.01599	1.000	additional
100	0.44376	0.10185	0.06985	0.01599	1.000	programs
100	0.51620	0.10185	0.01552	0.01599	1.000	to
100	0.53431	0.10185	0.02328	0.01599	1.000	the
100	0.56019	0.10185	0.08538	0.01599	1.000	community
100	0.64815	0.10185	0.03622	0.01599	1.000	such
100	0.68696	0.10185	0.01552	0.01599	1.000	as
100	0.70507	0.10185	0.07244	0.01599	1.000	radKIDS,
100	0.78009	0.10185	0.02846	0.01599	1.000	and
100	0.81114	0.10185	0.04916	0.01599	1.000	Youth
100	0.86288	0.10174	0.04877	0.01610	1.000	Police
100	0.48496	0.02616	0.02820	0.01163	1.000	100
101	0.09962	0.89680	0.06990	0.01608	1.000	Academy
101	0.17211	0.89689	0.06468	0.01599	1.000	Program
101	0.23938	0.89689	0.04916	0.01599	1.000	during
101	0.29112	0.89689	0.02328	0.01599	1.000	the
101	0.31699	0.89689	0.06209	0.01599	1.000	summer
101	0.38167	0.89689	0.02846	0.01599	1.000	and
101	0.41272	0.89689	0.04916	0.01599	1.000	school
101	0.46446	0.89689	0.06468	0.01599	1.000	vacation
101	0.53173	0.89689	0.06727	0.01599	1.000	week(s).
101	0.60158	0.89689	0.02587	0.01599	1.000	We
101	0.63004	0.89689	0.02587	0.01599	1.000	are
101	0.65850	0.89689	0.02846	0.01599	1.000	also
101	0.68954	0.89689	0.06727	0.01599	1.000	planning
101	0.75940	0.89689	0.01035	0.01599	1.000	a
101	0.77233	0.89689	0.06985	0.01599	1.000	Citizen's
101	0.84477	0.89680	0.04809	0.01608	1.000	Police
101	0.10150	0.88081	0.06966	0.01607	1.000	Academy
101	0.17375	0.88089	0.02328	0.01599	1.000	for
101	0.19962	0.88089	0.02328	0.01599	1.000	the
101	0.22549	0.88089	0.02587	0.01599	1.000	fall
101	0.25395	0.88089	0.01811	0.01599	1.000	of
101	0.27465	0.88081	0.04490	0.01607	1.000	2024.
101	0.10150	0.85311	0.03739	0.01026	1.000	2023
101	0.14052	0.85311	0.07843	0.01010	1.000	Statistical
101	0.22059	0.85311	0.10460	0.01026	1.000	Information:
101	0.10150	0.81818	0.02840	0.01473	1.000	The
101	0.13228	0.81818	0.05242	0.01473	1.000	overall
101	0.18709	0.81818	0.03336	0.01473	1.000	goal
101	0.22283	0.81818	0.01668	0.01473	1.000	of
101	0.24190	0.81818	0.02383	0.01473	1.000	the
101	0.26811	0.81818	0.08340	0.01473	1.000	Lunenburg
101	0.35389	0.81818	0.04766	0.01473	1.000	Police
101	0.40394	0.81818	0.08817	0.01473	1.000	Department
101	0.49449	0.81818	0.01430	0.01473	1.000	is
101	0.51117	0.81818	0.00715	0.01473	1.000	a
101	0.52070	0.81818	0.07387	0.01473	1.000	reduction
101	0.59695	0.81818	0.01668	0.01473	1.000	of
101	0.61601	0.81818	0.04766	0.01473	1.000	crime,
101	0.66605	0.81818	0.04766	0.01473	1.000	assure
101	0.71609	0.81818	0.05242	0.01473	1.000	quality
101	0.77090	0.81818	0.01668	0.01473	1.000	of
101	0.78996	0.81818	0.02621	0.01473	1.000	life
101	0.81856	0.81818	0.04766	0.01473	1.000	issues
101	0.86860	0.81818	0.02426	0.01473	1.000	are
101	0.09774	0.79924	0.07995	0.01616	1.000	addressed,
101	0.18028	0.79924	0.02587	0.01599	1.000	and
101	0.20874	0.79924	0.05950	0.01599	1.000	provide
101	0.27083	0.79924	0.00776	0.01599	1.000	a
101	0.28118	0.79924	0.03363	0.01599	1.000	safe
101	0.31740	0.79924	0.08279	0.01599	1.000	community
101	0.40278	0.79924	0.01552	0.01599	1.000	to
101	0.42089	0.79924	0.03622	0.01599	1.000	live,
101	0.45969	0.79924	0.03881	0.01599	1.000	work
101	0.50109	0.79924	0.02846	0.01599	1.000	and
101	0.53214	0.79924	0.04139	0.01599	1.000	visit.
101	0.57612	0.79924	0.03105	0.01599	1.000	The
101	0.60975	0.79924	0.08796	0.01599	1.000	Department
101	0.70030	0.79924	0.06985	0.01599	1.000	evaluates
101	0.77274	0.79924	0.10090	0.01599	1.000	effectiveness,
101	0.87623	0.79924	0.01851	0.01616	1.000	in
101	0.09774	0.78325	0.03597	0.01617	1.000	part,
101	0.13630	0.78325	0.01811	0.01599	1.000	by
101	0.15700	0.78325	0.07244	0.01599	1.000	statistical
101	0.23203	0.78325	0.08796	0.01599	1.000	information
101	0.32258	0.78325	0.02846	0.01599	1.000	that
101	0.35362	0.78325	0.01552	0.01599	1.000	is
101	0.37173	0.78325	0.07244	0.01599	1.000	generated
101	0.44676	0.78325	0.05692	0.01599	1.000	through
101	0.50626	0.78325	0.02328	0.01599	1.000	the
101	0.53214	0.78325	0.06468	0.01599	1.000	Records
101	0.59940	0.78325	0.09572	0.01599	1.000	Management
101	0.69771	0.78325	0.06357	0.01617	1.000	System.
101	0.09962	0.75126	0.02851	0.01618	1.000	The
101	0.13072	0.75126	0.07244	0.01599	1.000	following
101	0.20575	0.75126	0.07244	0.01599	1.000	statistical
101	0.28077	0.75126	0.08538	0.01599	1.000	information
101	0.36874	0.75126	0.01552	0.01599	1.000	is
101	0.38685	0.75126	0.01552	0.01599	1.000	to
101	0.40496	0.75126	0.05692	0.01599	1.000	provide
101	0.46446	0.75126	0.03881	0.01599	1.000	some
101	0.50586	0.75126	0.05433	0.01599	1.000	insight
101	0.56277	0.75126	0.03105	0.01599	1.000	into
101	0.59641	0.75126	0.02587	0.01599	1.000	our
101	0.62486	0.75126	0.06209	0.01599	1.000	officers'
101	0.68954	0.75126	0.05692	0.01599	1.000	activity
101	0.74905	0.75126	0.02328	0.01599	1.000	for
101	0.77492	0.75126	0.04463	0.01618	1.000	2023.
101	0.12406	0.72093	0.06391	0.01599	1.000	Activity
101	0.12594	0.69318	0.04073	0.01031	1.000	Calls
101	0.16830	0.69318	0.02614	0.01010	1.000	for
101	0.19608	0.69318	0.05956	0.01031	1.000	Service
101	0.12406	0.65698	0.06113	0.01179	1.000	Arrests
101	0.18709	0.65698	0.04411	0.01179	1.000	Total
101	0.12399	0.63811	0.05556	0.01628	1.000	Arrests
101	0.18193	0.63776	0.06438	0.01632	1.000	Custody
101	0.12218	0.62355	0.05681	0.01163	1.000	Arrests
101	0.18083	0.62355	0.07669	0.01163	1.000	Summons
101	0.12406	0.60465	0.07651	0.01453	1.000	Protective
101	0.20289	0.60465	0.06403	0.01453	1.000	Custody
101	0.12406	0.57113	0.05289	0.01317	1.000	Motor
101	0.17906	0.57113	0.05910	0.01305	1.000	Vehicle
101	0.24026	0.57113	0.07809	0.01305	1.000	Accidents
101	0.32047	0.57113	0.05699	0.01305	1.000	(MVA)
101	0.37956	0.57113	0.04525	0.01317	1.000	Total
101	0.12209	0.55241	0.04552	0.01629	1.000	MVA
101	0.16995	0.55194	0.06886	0.01645	1.000	w/Injuy
101	0.12218	0.53620	0.04510	0.01473	1.000	MVA
101	0.16966	0.53620	0.03098	0.01473	1.000	wo
101	0.20302	0.53620	0.04698	0.01473	1.000	Injury
101	0.12406	0.52180	0.04424	0.01163	1.000	MVA
101	0.17014	0.52189	0.02574	0.01136	1.000	Hit
101	0.19771	0.52189	0.01654	0.01136	1.000	&
101	0.21609	0.52180	0.03578	0.01163	1.000	Run
101	0.12218	0.48527	0.05463	0.01473	1.000	Motor
101	0.17919	0.48527	0.05957	0.01473	1.000	Vehicle
101	0.24115	0.48527	0.04457	0.01473	1.000	Stops
101	0.12406	0.46928	0.06923	0.01474	1.000	Citations
101	0.19567	0.46928	0.03574	0.01473	1.000	Civil
101	0.23380	0.46928	0.05192	0.01474	1.000	(fines)
101	0.12406	0.45058	0.06957	0.01453	1.000	Citations
101	0.19594	0.45058	0.07285	0.01453	1.000	Warnings
101	0.12406	0.43603	0.06766	0.01310	1.000	Citations
101	0.19383	0.43603	0.06754	0.01305	1.000	Criminal
101	0.26348	0.43603	0.06735	0.01310	1.000	Offenses
101	0.12218	0.42003	0.03414	0.01178	1.000	MV
101	0.15822	0.42003	0.05418	0.01178	1.000	Airests
101	0.12406	0.40407	0.04135	0.01163	0.300	0UI
101	0.12406	0.38663	0.04642	0.01453	1.000	Radar
101	0.17279	0.38663	0.08097	0.01453	1.000	Operations
101	0.12218	0.36483	0.07519	0.01744	1.000	Domestic
101	0.20016	0.36490	0.06978	0.01726	1.000	Violence
101	0.27274	0.36490	0.05862	0.01726	1.000	Related
101	0.33415	0.36483	0.07562	0.01744	1.000	Incidents
101	0.12218	0.34884	0.13722	0.01163	1.000	Arrests/Summons
101	0.12406	0.31524	0.02681	0.01180	1.000	RO
101	0.15278	0.31524	0.08218	0.01180	1.000	Violations
101	0.12594	0.28198	0.05870	0.01017	1.000	Animal
101	0.18627	0.28199	0.06373	0.01010	1.000	Control
101	0.25163	0.28199	0.04248	0.01010	1.000	Calls
101	0.29575	0.28199	0.02451	0.01010	1.000	for
101	0.32190	0.28198	0.05968	0.01017	1.000	Service
101	0.12406	0.26163	0.03485	0.01453	1.000	Dog
101	0.16122	0.26163	0.03991	0.01453	1.000	Bites
101	0.12218	0.24411	0.05674	0.01607	1.000	Kennel
101	0.18151	0.24411	0.08541	0.01607	1.000	Inspections
101	0.12594	0.22965	0.03576	0.01319	1.000	Barn
101	0.16381	0.22965	0.08619	0.01319	1.000	Inspections
101	0.12218	0.19613	0.05892	0.01178	1.000	Mental
101	0.18301	0.19613	0.05572	0.01178	1.000	Health
101	0.12406	0.17587	0.12948	0.01605	1.000	Attempted/Threat
101	0.25613	0.17593	0.01811	0.01599	1.000	of
101	0.27682	0.17587	0.05776	0.01605	1.000	Suicide
101	0.12218	0.16279	0.05497	0.01163	1.000	Mental
101	0.17899	0.16288	0.05147	0.01136	1.000	Health
101	0.23230	0.16279	0.08913	0.01163	1.000	Evaluations
101	0.12559	0.12935	0.07282	0.01336	1.000	Firearms
101	0.19991	0.12772	0.07863	0.01348	1.000	Licensing
101	0.12218	0.10901	0.05940	0.01473	1.000	License
101	0.18396	0.10901	0.01668	0.01473	1.000	to
101	0.20302	0.10901	0.04510	0.01473	1.000	Carry
101	0.12406	0.09428	0.06548	0.01347	1.000	Firearms
101	0.19172	0.09428	0.10240	0.01347	1.000	Identification
101	0.29630	0.09428	0.03641	0.01347	1.000	Card
101	0.12406	0.07558	0.03947	0.01453	1.000	Over
101	0.16585	0.07576	0.01852	0.01431	1.000	70
101	0.18668	0.07576	0.03935	0.01431	1.000	(age)
101	0.22835	0.07558	0.07240	0.01453	1.000	FID/LTC
101	0.63907	0.68889	0.05457	0.01466	1.000	23,040
101	0.66165	0.65698	0.03195	0.01308	1.000	322
101	0.66353	0.64099	0.03008	0.01163	1.000	107
101	0.66165	0.62500	0.03195	0.01163	1.000	212
101	0.68233	0.60756	0.00940	0.01017	1.000	1
101	0.66165	0.57267	0.03008	0.01163	1.000	259
101	0.67105	0.55523	0.02068	0.01308	1.000	53
101	0.66353	0.53924	0.03008	0.01163	1.000	174
101	0.67105	0.52180	0.02068	0.01163	1.000	32
101	0.64850	0.48547	0.04511	0.01453	1.000	3,059
101	0.67105	0.47093	0.02256	0.01308	1.000	50
101	0.66353	0.45494	0.03008	0.01163	1.000	852
101	0.67105	0.42151	0.02068	0.01017	1.000	41
101	0.67293	0.40698	0.01880	0.01163	1.000	25
101	0.67105	0.36628	0.02256	0.01163	1.000	55
101	0.67105	0.34884	0.02068	0.01163	1.000	28
101	0.67105	0.33285	0.02068	0.01163	1.000	51
101	0.67105	0.31541	0.02256	0.01308	1.000	16
101	0.66165	0.28198	0.03195	0.01163	1.000	256
101	0.68233	0.26599	0.01128	0.01017	1.000	8
101	0.67293	0.24709	0.02068	0.01163	1.000	18
101	0.67105	0.22965	0.02068	0.01308	1.000	41
101	0.67105	0.19622	0.02256	0.01163	1.000	60
101	0.67105	0.17878	0.02256	0.01308	1.000	30
101	0.67105	0.16279	0.02256	0.01163	1.000	27
101	0.65977	0.12791	0.03383	0.01308	1.000	255
101	0.66165	0.11192	0.03195	0.01163	1.000	215
101	0.67293	0.09448	0.01880	0.01163	1.000	11
101	0.67105	0.07703	0.02256	0.01308	1.000	29
101	0.48684	0.02762	0.02632	0.01017	1.000	101
102	0.11466	0.91570	0.05745	0.01023	1.000	License
102	0.17375	0.91582	0.01797	0.01010	1.000	to
102	0.19336	0.91582	0.03268	0.01010	1.000	Sell/
102	0.22767	0.91570	0.17271	0.01023	1.000	Ammunition/Gunsmith
102	0.11278	0.89680	0.06750	0.01313	1.000	Machine
102	0.18239	0.89689	0.03166	0.01305	1.000	Gun
102	0.21616	0.89680	0.06203	0.01313	1.000	License
102	0.64850	0.91424	0.03383	0.01163	1.000	N/A
102	0.64850	0.89680	0.03383	0.01308	1.000	N/A
102	0.08835	0.86322	0.02059	0.01614	1.000	As
102	0.11152	0.86322	0.04398	0.01599	1.000	result
102	0.15809	0.86322	0.01552	0.01599	1.000	of
102	0.17620	0.86322	0.02328	0.01599	1.000	the
102	0.20207	0.86322	0.04657	0.01599	1.000	above
102	0.25123	0.86322	0.03622	0.01599	1.000	calls
102	0.29003	0.86322	0.02587	0.01599	1.000	our
102	0.31849	0.86322	0.05692	0.01599	1.000	officers
102	0.37800	0.86322	0.07503	0.01599	1.000	generated
102	0.45561	0.86322	0.00776	0.01599	1.000	a
102	0.46596	0.86322	0.03622	0.01599	1.000	total
102	0.50477	0.86322	0.01552	0.01599	1.000	of
102	0.52288	0.86322	0.04139	0.01599	1.000	1,355
102	0.56686	0.86322	0.05433	0.01599	1.000	written
102	0.62377	0.86322	0.06209	0.01599	1.000	reports.
102	0.68845	0.86322	0.04398	0.01599	1.000	There
102	0.73502	0.86322	0.03881	0.01599	1.000	were
102	0.77642	0.86322	0.02587	0.01599	1.000	379
102	0.80487	0.86322	0.05603	0.01614	1.000	reports
102	0.08647	0.84722	0.07400	0.01473	1.000	involving
102	0.16285	0.84722	0.06196	0.01473	1.000	Incident
102	0.22719	0.84722	0.04528	0.01473	1.000	Based
102	0.27485	0.84722	0.07625	0.01473	1.000	Reporting
102	0.35349	0.84722	0.04766	0.01473	1.000	(IBR),
102	0.40353	0.84722	0.02859	0.01473	1.000	and
102	0.43450	0.84722	0.06672	0.01473	1.000	National
102	0.50361	0.84722	0.05957	0.01473	1.000	Incident
102	0.56556	0.84722	0.04766	0.01473	1.000	Based
102	0.61560	0.84722	0.07387	0.01473	1.000	Reporting
102	0.69186	0.84722	0.07149	0.01473	1.000	(NIBRS),
102	0.76573	0.84722	0.04766	0.01473	1.000	which
102	0.81577	0.84722	0.01430	0.01473	1.000	is
102	0.83245	0.84722	0.00953	0.01473	1.000	a
102	0.84436	0.84722	0.04098	0.01473	1.000	State
102	0.08647	0.83123	0.03111	0.01473	1.000	and
102	0.11996	0.83123	0.05719	0.01473	1.000	Federal
102	0.17953	0.83123	0.04528	0.01473	1.000	Crime
102	0.22719	0.83123	0.06910	0.01473	1.000	reporting
102	0.29868	0.83123	0.03336	0.01473	1.000	data
102	0.33442	0.83123	0.04289	0.01473	1.000	base.
102	0.37970	0.83123	0.03098	0.01473	1.000	The
102	0.41306	0.83123	0.06196	0.01473	1.000	Ofticers
102	0.47740	0.83123	0.03098	0.01473	1.000	also
102	0.51076	0.83123	0.07387	0.01473	1.000	generated
102	0.58701	0.83123	0.01668	0.01473	1.000	an
102	0.60607	0.83123	0.07864	0.01473	1.000	additional
102	0.68709	0.83123	0.02621	0.01473	1.000	774
102	0.71569	0.83123	0.05481	0.01473	1.000	written
102	0.77288	0.83123	0.05242	0.01473	1.000	reports
102	0.82768	0.83123	0.03098	0.01473	1.000	that
102	0.86104	0.83123	0.02430	0.01473	1.000	did
102	0.08835	0.81524	0.02610	0.01473	1.000	not
102	0.11683	0.81524	0.02621	0.01473	1.000	tall
102	0.14542	0.81524	0.02859	0.01473	1.000	into
102	0.17640	0.81524	0.02621	0.01473	1.000	the
102	0.20500	0.81524	0.09055	0.01473	1.000	IBR/NIBRS
102	0.29793	0.81524	0.07049	0.01473	1.000	category.
102	0.08835	0.78325	0.07853	0.01473	1.000	According
102	0.16925	0.78325	0.01668	0.01473	1.000	to
102	0.18832	0.78325	0.05957	0.01473	1.000	NIBRS,
102	0.25027	0.78325	0.06434	0.01473	1.000	repoited
102	0.31699	0.78325	0.05004	0.01473	1.000	crimes
102	0.36942	0.78325	0.02383	0.01473	1.000	are
102	0.39563	0.78325	0.05242	0.01473	1.000	broken
102	0.45044	0.78325	0.04289	0.01473	1.000	down
102	0.49571	0.78325	0.02859	0.01473	1.000	into
102	0.52669	0.78325	0.04051	0.01473	1.000	three
102	0.56958	0.78325	0.08102	0.01473	1.000	categories,
102	0.65298	0.78325	0.05481	0.01473	1.000	Crimes
102	0.71017	0.78325	0.05719	0.01473	1.000	Against
102	0.76974	0.78325	0.06434	0.01473	1.000	Persons,
102	0.83647	0.78325	0.05451	0.01473	1.000	Crimes
102	0.09023	0.76726	0.05738	0.01473	1.000	Against
102	0.14999	0.76726	0.06672	0.01473	1.000	Property,
102	0.21909	0.76726	0.03098	0.01473	1.000	and
102	0.25245	0.76726	0.05481	0.01473	1.000	Crimes
102	0.30964	0.76726	0.05957	0.01473	1.000	Against
102	0.37160	0.76726	0.06434	0.01473	1.000	Society.
102	0.43832	0.76726	0.04528	0.01473	1.000	These
102	0.48597	0.76726	0.02383	0.01473	1.000	are
102	0.51219	0.76726	0.05242	0.01473	1.000	firther
102	0.56699	0.76726	0.05242	0.01473	1.000	broken
102	0.62180	0.76726	0.04289	0.01473	1.000	down
102	0.66708	0.76726	0.03098	0.01473	1.000	into
102	0.70044	0.76726	0.04766	0.01473	1.000	Group
102	0.75048	0.76726	0.01430	0.01473	1.000	A
102	0.76716	0.76726	0.03098	0.01473	1.000	and
102	0.80052	0.76726	0.04766	0.01473	1.000	Group
102	0.85056	0.76726	0.01410	0.01473	1.000	B
102	0.08835	0.75000	0.07492	0.01599	1.000	categories
102	0.16585	0.75000	0.01552	0.01599	1.000	to
102	0.18396	0.75000	0.05433	0.01599	1.000	closely
102	0.24088	0.75000	0.04657	0.01599	1.000	match
102	0.29003	0.75000	0.02328	0.01599	1.000	the
102	0.31590	0.75000	0.06727	0.01599	1.000	Uniform
102	0.38576	0.75000	0.04398	0.01599	1.000	Crime
102	0.43233	0.75000	0.07761	0.01599	1.000	Reporting
102	0.51253	0.75000	0.04916	0.01599	1.000	(UCR)
102	0.56427	0.75000	0.07244	0.01599	1.000	program.
102	0.63930	0.75000	0.03105	0.01599	1.000	The
102	0.67293	0.75000	0.08279	0.01599	1.000	Lunenburg
102	0.75831	0.75000	0.04657	0.01599	1.000	Police
102	0.80746	0.75000	0.08915	0.01599	1.000	Department
102	0.08647	0.73401	0.06740	0.01599	1.000	regularly
102	0.15645	0.73401	0.05433	0.01599	1.000	reports
102	0.21337	0.73401	0.03105	0.01599	1.000	IBR
102	0.24700	0.73401	0.09055	0.01599	1.000	information
102	0.34014	0.73401	0.01294	0.01599	1.000	to
102	0.35566	0.73401	0.02587	0.01599	1.000	the
102	0.38412	0.73401	0.04139	0.01599	1.000	State,
102	0.42810	0.73401	0.04657	0.01599	1.000	which
102	0.47726	0.73401	0.01552	0.01599	1.000	in
102	0.49537	0.73401	0.03105	0.01599	1.000	tun
102	0.52900	0.73401	0.05433	0.01599	1.000	reports
102	0.58592	0.73401	0.02328	0.01599	1.000	the
102	0.61179	0.73401	0.08796	0.01599	1.000	information
102	0.70234	0.73401	0.01552	0.01599	1.000	to
102	0.72045	0.73401	0.02587	0.01599	1.000	the
102	0.74891	0.73401	0.05692	0.01599	1.000	Federal
102	0.80842	0.73401	0.05433	0.01599	1.000	Bureau
102	0.86533	0.73401	0.02001	0.01599	1.000	of
102	0.08827	0.71770	0.10353	0.01518	1.000	Investigation.
102	0.08835	0.68603	0.01800	0.01601	1.000	In
102	0.10893	0.68603	0.04139	0.01599	1.000	2023,
102	0.15291	0.68603	0.03881	0.01599	1.000	there
102	0.19431	0.68603	0.02587	0.01599	1.000	has
102	0.22277	0.68603	0.03622	0.01599	1.000	been
102	0.26157	0.68603	0.01035	0.01599	1.000	a
102	0.27451	0.68603	0.02587	0.01599	1.000	3%
102	0.30297	0.68603	0.06468	0.01599	1.000	decrease
102	0.37023	0.68603	0.01552	0.01599	1.000	in
102	0.38834	0.68603	0.04916	0.01599	1.000	Group
102	0.44009	0.68603	0.02070	0.01599	1.000	A,
102	0.46337	0.68603	0.05433	0.01599	1.000	Crimes
102	0.52029	0.68603	0.05950	0.01599	1.000	Against
102	0.58238	0.68603	0.06209	0.01599	1.000	Persons,
102	0.64706	0.68603	0.03363	0.01599	1.000	with
102	0.68328	0.68603	0.05433	0.01599	1.000	Simple
102	0.74020	0.68603	0.06209	0.01599	1.000	Assaults
102	0.80487	0.68603	0.02971	0.01601	1.000	and
102	0.08647	0.67151	0.09511	0.01325	1.000	Intimidation
102	0.18369	0.67172	0.12030	0.01305	1.000	(witness/victim)
102	0.30610	0.67172	0.08231	0.01305	1.000	accounting
102	0.39052	0.67172	0.02322	0.01305	1.000	for
102	0.41585	0.67172	0.02322	0.01305	1.000	the
102	0.44118	0.67172	0.06543	0.01305	1.000	majority
102	0.50871	0.67172	0.01688	0.01305	1.000	of
102	0.52771	0.67172	0.02533	0.01305	1.000	the
102	0.55515	0.67172	0.06754	0.01305	1.000	incidents
102	0.62480	0.67172	0.03588	0.01305	1.000	with
102	0.66279	0.67172	0.02111	0.01305	1.000	40
102	0.68600	0.67172	0.02533	0.01305	1.000	out
102	0.71344	0.67172	0.01688	0.01305	1.000	of
102	0.73243	0.67172	0.02111	0.01305	1.000	60
102	0.75565	0.67172	0.03377	0.01305	1.000	total
102	0.79153	0.67151	0.06185	0.01325	1.000	reported
102	0.08647	0.65552	0.07884	0.01453	1.000	incidents.
102	0.16762	0.65572	0.02778	0.01431	1.000	We
102	0.19771	0.65572	0.03704	0.01431	1.000	have
102	0.23706	0.65572	0.06713	0.01431	1.000	observed
102	0.30651	0.65572	0.01852	0.01431	1.000	an
102	0.32734	0.65572	0.06250	0.01431	1.000	increase
102	0.39216	0.65572	0.01620	0.01431	1.000	in
102	0.41068	0.65572	0.05324	0.01431	1.000	Simple
102	0.46623	0.65572	0.06481	0.01431	1.000	Assaults
102	0.53336	0.65572	0.02778	0.01431	1.000	and
102	0.56345	0.65572	0.09259	0.01431	1.000	Intimidation
102	0.65836	0.65572	0.03935	0.01431	1.000	cases
102	0.70003	0.65572	0.03472	0.01431	1.000	with
102	0.73706	0.65572	0.01157	0.01431	1.000	a
102	0.75095	0.65572	0.03472	0.01431	1.000	19%
102	0.78799	0.65572	0.03009	0.01431	1.000	and
102	0.82040	0.65552	0.02547	0.01453	1.000	7%
102	0.08647	0.63805	0.06924	0.01473	1.000	increase,
102	0.15809	0.63805	0.09567	0.01473	1.000	respectively.
102	0.08835	0.60606	0.01657	0.01473	1.000	In
102	0.10730	0.60606	0.04289	0.01473	1.000	2023,
102	0.15257	0.60606	0.03813	0.01473	1.000	there
102	0.19308	0.60606	0.02859	0.01473	1.000	has
102	0.22406	0.60606	0.03574	0.01473	1.000	been
102	0.26219	0.60606	0.00953	0.01473	1.000	a
102	0.27410	0.60606	0.03574	0.01473	1.000	14%
102	0.31223	0.60606	0.06196	0.01473	1.000	increase
102	0.37657	0.60606	0.01668	0.01473	1.000	in
102	0.39563	0.60606	0.04766	0.01473	1.000	Group
102	0.44567	0.60606	0.02145	0.01473	1.000	A,
102	0.46950	0.60606	0.05481	0.01473	1.000	Crimes
102	0.52669	0.60606	0.05719	0.01473	1.000	Against
102	0.58626	0.60606	0.07387	0.01473	1.000	Property.
102	0.66251	0.60606	0.03098	0.01473	1.000	The
102	0.69587	0.60606	0.03336	0.01473	1.000	area
102	0.73162	0.60606	0.02145	0.01473	1.000	we
102	0.75545	0.60606	0.03574	0.01473	1.000	have
102	0.79357	0.60606	0.06910	0.01473	1.000	observed
102	0.86506	0.60606	0.02028	0.01473	1.000	an
102	0.08647	0.58866	0.06223	0.01614	1.000	increase
102	0.15128	0.58880	0.01552	0.01599	1.000	is
102	0.16939	0.58880	0.05174	0.01599	1.000	related
102	0.22372	0.58880	0.01294	0.01599	1.000	to
102	0.23924	0.58880	0.08796	0.01599	1.000	shoplifting,
102	0.32979	0.58880	0.08020	0.01599	1.000	accounting
102	0.41258	0.58880	0.02587	0.01599	1.000	for
102	0.44104	0.58880	0.00776	0.01599	1.000	a
102	0.45139	0.58880	0.06468	0.01599	1.000	majority
102	0.51865	0.58880	0.01552	0.01599	1.000	of
102	0.53676	0.58880	0.02328	0.01599	1.000	the
102	0.56264	0.58880	0.06985	0.01599	1.000	incidents
102	0.63508	0.58880	0.03363	0.01599	1.000	with
102	0.67130	0.58880	0.02070	0.01599	1.000	59
102	0.69458	0.58880	0.02587	0.01599	1.000	out
102	0.72304	0.58880	0.01811	0.01599	1.000	of
102	0.74374	0.58880	0.02587	0.01599	1.000	161
102	0.77219	0.58880	0.03622	0.01599	1.000	total
102	0.81100	0.58866	0.06306	0.01614	1.000	reported
102	0.08647	0.57267	0.07775	0.01613	1.000	incidents.
102	0.16680	0.57281	0.04398	0.01599	1.000	There
102	0.21337	0.57281	0.02587	0.01599	1.000	has
102	0.24183	0.57281	0.03105	0.01599	1.000	also
102	0.27546	0.57281	0.03881	0.01599	1.000	been
102	0.31686	0.57281	0.01811	0.01599	1.000	an
102	0.33755	0.57281	0.06209	0.01599	1.000	increase
102	0.40223	0.57281	0.01552	0.01599	1.000	in
102	0.42034	0.57281	0.04398	0.01599	1.000	Fraud
102	0.46691	0.57281	0.03363	0.01599	1.000	type
102	0.50313	0.57281	0.01811	0.01599	1.000	of
102	0.52383	0.57281	0.04398	0.01599	1.000	cases,
102	0.57040	0.57281	0.08279	0.01599	1.000	accounting
102	0.65577	0.57281	0.02070	0.01599	1.000	for
102	0.67906	0.57281	0.02328	0.01599	1.000	the
102	0.70493	0.57281	0.05433	0.01599	1.000	second
102	0.76185	0.57281	0.04916	0.01599	1.000	largest
102	0.81359	0.57267	0.06423	0.01613	1.000	increase
102	0.08647	0.55808	0.03588	0.01473	1.000	with
102	0.12473	0.55808	0.01906	0.01473	1.000	45
102	0.14617	0.55808	0.07751	0.01473	1.000	incidents.
102	0.08835	0.52471	0.01841	0.01453	1.000	In
102	0.10907	0.52483	0.04167	0.01431	1.000	2023,
102	0.15305	0.52483	0.03704	0.01431	1.000	there
102	0.19240	0.52483	0.02778	0.01431	1.000	has
102	0.22249	0.52483	0.03704	0.01431	1.000	been
102	0.26185	0.52483	0.01157	0.01431	1.000	a
102	0.27574	0.52483	0.03241	0.01431	1.000	41%
102	0.31046	0.52483	0.06250	0.01431	1.000	increase
102	0.37527	0.52483	0.01852	0.01431	1.000	in
102	0.39611	0.52483	0.04861	0.01431	1.000	Group
102	0.44703	0.52483	0.01852	0.01431	1.000	A,
102	0.46786	0.52483	0.05556	0.01431	1.000	Crimes
102	0.52574	0.52483	0.05787	0.01431	1.000	Against
102	0.58592	0.52483	0.06481	0.01431	1.000	Society.
102	0.65305	0.52483	0.03241	0.01431	1.000	The
102	0.68777	0.52483	0.05093	0.01431	1.000	largest
102	0.74101	0.52483	0.06019	0.01431	1.000	increase
102	0.80351	0.52483	0.02778	0.01431	1.000	has
102	0.83361	0.52483	0.03472	0.01431	1.000	been
102	0.87064	0.52471	0.01846	0.01453	1.000	in
102	0.08835	0.50872	0.09943	0.01453	1.000	drug/narcotic
102	0.19009	0.50884	0.07870	0.01431	1.000	violations,
102	0.27111	0.50884	0.04630	0.01431	1.000	which
102	0.31972	0.50884	0.01389	0.01431	1.000	is
102	0.33592	0.50884	0.05787	0.01431	1.000	directly
102	0.39611	0.50884	0.05093	0.01431	1.000	related
102	0.44935	0.50884	0.01620	0.01431	1.000	to
102	0.46786	0.50884	0.05093	0.01431	1.000	having
102	0.52111	0.50884	0.02546	0.01431	1.000	the
102	0.54888	0.50884	0.07176	0.01431	1.000	Detective
102	0.62296	0.50884	0.08333	0.01431	1.000	proactively
102	0.70861	0.50884	0.09722	0.01431	1.000	investigating
102	0.80814	0.50872	0.09975	0.01453	1.000	drug/narcotic
102	0.08831	0.49419	0.05073	0.01326	1.000	related
102	0.14107	0.49401	0.04882	0.01325	1.000	cases.
102	0.08833	0.46069	0.07899	0.01467	1.000	Training:
102	0.08835	0.42719	0.06457	0.01613	1.000	Training
102	0.15550	0.42719	0.06985	0.01599	1.000	continues
102	0.22794	0.42719	0.01552	0.01599	1.000	to
102	0.24605	0.42719	0.02070	0.01599	1.000	be
102	0.26934	0.42719	0.00776	0.01599	1.000	a
102	0.27968	0.42719	0.05950	0.01599	1.000	priority
102	0.34178	0.42719	0.02328	0.01599	1.000	for
102	0.36765	0.42719	0.02328	0.01599	1.000	the
102	0.39352	0.42719	0.09572	0.01599	1.000	Department.
102	0.49183	0.42719	0.02846	0.01599	1.000	We
102	0.52288	0.42719	0.03363	0.01599	1.000	now
102	0.55910	0.42719	0.03622	0.01599	1.000	have
102	0.59790	0.42719	0.06468	0.01599	1.000	In-house
102	0.66517	0.42719	0.08020	0.01599	1.000	instructors
102	0.74796	0.42719	0.02328	0.01599	1.000	for
102	0.77383	0.42719	0.08279	0.01599	1.000	specialized
102	0.85920	0.42719	0.03929	0.01613	1.000	areas
102	0.08835	0.41120	0.06974	0.01613	1.000	including
102	0.16068	0.41120	0.06468	0.01599	1.000	Firearm,
102	0.22794	0.41120	0.03622	0.01599	1.000	Less
102	0.26675	0.41120	0.03881	0.01599	1.000	Than
102	0.30814	0.41120	0.05174	0.01599	1.000	Lethal,
102	0.36247	0.41120	0.07761	0.01599	1.000	Defensive
102	0.44267	0.41120	0.05692	0.01599	1.000	Tactics,
102	0.50218	0.41120	0.05174	0.01599	1.000	Active
102	0.55651	0.41120	0.06209	0.01599	1.000	Shooter,
102	0.62119	0.41120	0.02846	0.01599	1.000	and
102	0.65223	0.41120	0.07761	0.01599	1.000	Resiliency
102	0.73243	0.41120	0.06209	0.01599	1.000	(Officer
102	0.79711	0.41120	0.03622	0.01599	1.000	Well
102	0.83592	0.41120	0.05882	0.01613	1.000	Being).
102	0.08835	0.39520	0.03094	0.01614	1.000	The
102	0.12187	0.39520	0.09831	0.01599	1.000	Department's
102	0.22277	0.39520	0.06468	0.01599	1.000	in-house
102	0.29003	0.39520	0.05692	0.01599	1.000	trainers
102	0.34954	0.39520	0.03622	0.01599	1.000	look
102	0.38834	0.39520	0.02070	0.01599	1.000	for
102	0.41163	0.39520	0.08538	0.01599	1.000	ingenuitive
102	0.49959	0.39520	0.03881	0.01599	1.000	ways
102	0.54099	0.39520	0.01552	0.01599	1.000	to
102	0.55910	0.39520	0.09314	0.01599	1.000	complement
102	0.65482	0.39520	0.02587	0.01599	1.000	our
102	0.68328	0.39520	0.04916	0.01599	1.000	annual
102	0.73502	0.39520	0.07503	0.01599	1.000	in-service
102	0.81264	0.39520	0.06330	0.01614	1.000	training.
102	0.08835	0.36322	0.01541	0.01614	1.000	In
102	0.10635	0.36322	0.06727	0.01599	1.000	addition,
102	0.17620	0.36322	0.05433	0.01599	1.000	several
102	0.23312	0.36322	0.05692	0.01599	1.000	officers
102	0.29262	0.36322	0.03622	0.01599	1.000	have
102	0.33143	0.36322	0.06468	0.01599	1.000	attended
102	0.39869	0.36322	0.08020	0.01599	1.000	specialized
102	0.48148	0.36322	0.05950	0.01599	1.000	training
102	0.54357	0.36322	0.01552	0.01599	1.000	in
102	0.56168	0.36322	0.05692	0.01599	1.000	various
102	0.62119	0.36322	0.03881	0.01599	1.000	areas
102	0.66258	0.36322	0.01811	0.01599	1.000	of
102	0.68328	0.36322	0.06209	0.01599	1.000	Policing
102	0.74796	0.36322	0.01552	0.01599	1.000	as
102	0.76607	0.36322	0.01035	0.01599	1.000	a
102	0.77900	0.36322	0.03105	0.01599	1.000	part
102	0.81264	0.36322	0.02007	0.01614	1.000	of
102	0.08835	0.34722	0.09044	0.01473	1.000	protessional
102	0.18117	0.34722	0.10485	0.01473	1.000	development.
102	0.28840	0.34722	0.07149	0.01473	1.000	Trainings
102	0.36227	0.34722	0.05719	0.01473	1.000	include
102	0.42184	0.34722	0.04528	0.01473	1.000	Crisis
102	0.46950	0.34722	0.09055	0.01473	1.000	Intervention
102	0.56243	0.34722	0.04766	0.01473	1.000	Team,
102	0.61247	0.34722	0.05719	0.01473	1.000	Critical
102	0.67205	0.34722	0.06196	0.01473	1.000	Incident
102	0.73638	0.34722	0.09532	0.01473	1.000	Management
102	0.83408	0.34722	0.06065	0.01473	1.000	System,
102	0.08835	0.32994	0.05681	0.01602	1.000	Servant
102	0.14774	0.32997	0.05433	0.01599	1.000	Officer
102	0.20466	0.32997	0.02846	0.01599	1.000	and
102	0.23570	0.32997	0.08279	0.01599	1.000	Intentional
102	0.32108	0.32997	0.08020	0.01599	1.000	Leadership
102	0.40387	0.32994	0.07922	0.01602	1.000	Programs.
102	0.09023	0.30087	0.02974	0.01310	1.000	The
102	0.12207	0.30093	0.08653	0.01305	1.000	Department
102	0.21072	0.30093	0.03166	0.01305	1.000	also
102	0.24449	0.30093	0.06543	0.01305	1.000	provides
102	0.31202	0.30093	0.05910	0.01305	1.000	training
102	0.37323	0.30093	0.06754	0.01305	1.000	designed
102	0.44288	0.30093	0.02322	0.01305	1.000	for
102	0.46821	0.30093	0.02744	0.01305	1.000	our
102	0.49775	0.30093	0.08020	0.01305	1.000	non-sworn
102	0.58007	0.30093	0.07176	0.01305	1.000	members,
102	0.65394	0.30093	0.03799	0.01305	1.000	such
102	0.69404	0.30093	0.01688	0.01305	1.000	as
102	0.71303	0.30093	0.04854	0.01305	1.000	Police
102	0.76368	0.30087	0.07466	0.01310	1.000	Executive
102	0.09014	0.28377	0.06873	0.01567	1.000	Assistant
102	0.16122	0.28362	0.08834	0.01552	1.000	Conference,
102	0.25190	0.28349	0.02952	0.01527	1.000	and
102	0.28376	0.28302	0.10795	0.01560	1.000	Massachusetts
102	0.39406	0.28274	0.06628	0.01543	1.000	Certified
102	0.46268	0.28253	0.04667	0.01535	1.000	Public
102	0.51170	0.28217	0.08344	0.01550	1.000	Purchasing
102	0.59748	0.28165	0.06802	0.01567	1.000	Official.
102	0.09023	0.25421	0.02912	0.01052	1.000	Use
102	0.12105	0.25421	0.01872	0.01052	1.000	of
102	0.14148	0.25421	0.05401	0.01052	1.000	Force:
102	0.09023	0.21928	0.02851	0.01347	1.000	The
102	0.12092	0.21928	0.08932	0.01347	1.000	Department
102	0.21242	0.21928	0.06536	0.01347	1.000	conducts
102	0.27996	0.21928	0.01961	0.01347	1.000	an
102	0.30174	0.21928	0.05011	0.01347	1.000	annual
102	0.35403	0.21928	0.06318	0.01347	1.000	analysis
102	0.41939	0.21928	0.01743	0.01347	1.000	of
102	0.43900	0.21928	0.03050	0.01347	1.000	Use
102	0.47168	0.21928	0.01743	0.01347	1.000	of
102	0.49129	0.21928	0.04139	0.01347	1.000	Force
102	0.53486	0.21928	0.07407	0.01347	1.000	incidents,
102	0.61111	0.21928	0.01743	0.01347	1.000	as
102	0.63072	0.21928	0.03268	0.01347	1.000	well
102	0.66558	0.21928	0.01743	0.01347	1.000	as
102	0.68519	0.21928	0.07190	0.01347	1.000	review(s)
102	0.75926	0.21928	0.01743	0.01347	1.000	of
102	0.77887	0.21928	0.02397	0.01347	1.000	the
102	0.80501	0.21928	0.06972	0.01347	1.000	incidents
102	0.87691	0.21928	0.01783	0.01347	1.000	as
102	0.08835	0.20202	0.03325	0.01473	1.000	they
102	0.12398	0.20202	0.05004	0.01473	1.000	occur.
102	0.17640	0.20202	0.01906	0.01473	1.000	In
102	0.19785	0.20202	0.04289	0.01473	1.000	2023,
102	0.24312	0.20202	0.05719	0.01473	1.000	officers
102	0.30270	0.20202	0.03813	0.01473	1.000	were
102	0.34321	0.20202	0.06434	0.01473	1.000	involved
102	0.40993	0.20202	0.01668	0.01473	1.000	in
102	0.42899	0.20202	0.04051	0.01473	1.000	eight
102	0.47188	0.20202	0.02145	0.01473	1.000	(8)
102	0.49571	0.20202	0.02621	0.01473	1.000	use
102	0.52431	0.20202	0.01906	0.01473	1.000	of
102	0.54575	0.20202	0.03813	0.01473	1.000	force
102	0.58626	0.20202	0.07387	0.01473	1.000	incidents,
102	0.66251	0.20202	0.04528	0.01473	1.000	which
102	0.71017	0.20202	0.01430	0.01473	1.000	is
102	0.72685	0.20202	0.00953	0.01473	1.000	a
102	0.73877	0.20202	0.07149	0.01473	1.000	reduction
102	0.81264	0.20202	0.01668	0.01473	1.000	in
102	0.83170	0.20202	0.06868	0.01473	1.000	incidents
102	0.08835	0.18603	0.07233	0.01601	1.000	compared
102	0.16326	0.18603	0.01552	0.01599	1.000	to
102	0.18137	0.18603	0.04657	0.01599	1.000	2022.
102	0.23053	0.18603	0.02070	0.01599	1.000	In
102	0.25381	0.18603	0.03363	0.01599	1.000	each
102	0.29003	0.18603	0.03105	0.01599	1.000	Use
102	0.32367	0.18603	0.01552	0.01599	1.000	of
102	0.34178	0.18603	0.04398	0.01599	1.000	Force
102	0.38834	0.18603	0.06209	0.01599	1.000	incident
102	0.45302	0.18603	0.09572	0.01599	1.000	de-escalation
102	0.55133	0.18603	0.05433	0.01599	1.000	tactics,
102	0.60825	0.18603	0.06985	0.01599	1.000	including
102	0.68069	0.18603	0.02328	0.01599	1.000	the
102	0.70656	0.18603	0.02846	0.01599	1.000	use
102	0.73761	0.18603	0.01552	0.01599	1.000	of
102	0.75572	0.18603	0.04657	0.01599	1.000	verbal
102	0.80487	0.18603	0.05433	0.01599	1.000	tactics,
102	0.86179	0.18603	0.03858	0.01601	1.000	were
102	0.08835	0.16860	0.03094	0.01616	1.000	first
102	0.12187	0.16877	0.05692	0.01599	1.000	utilized
102	0.18137	0.16877	0.03622	0.01599	1.000	prior
102	0.22018	0.16877	0.01552	0.01599	1.000	to
102	0.23829	0.16877	0.02846	0.01599	1.000	any
102	0.26934	0.16877	0.03105	0.01599	1.000	Use
102	0.30297	0.16877	0.01811	0.01599	1.000	of
102	0.32367	0.16877	0.04139	0.01599	1.000	Force
102	0.36765	0.16877	0.09314	0.01599	1.000	application.
102	0.46337	0.16877	0.06209	0.01599	1.000	Officers
102	0.52805	0.16877	0.06209	0.01599	1.000	continue
102	0.59273	0.16877	0.01552	0.01599	1.000	to
102	0.61084	0.16877	0.04398	0.01599	1.000	strive
102	0.65741	0.16877	0.01552	0.01599	1.000	to
102	0.67552	0.16877	0.08279	0.01599	1.000	de-escalate
102	0.76089	0.16860	0.11317	0.01616	1.000	confrontations
102	0.08835	0.15404	0.03802	0.01473	1.000	prior
102	0.12874	0.15404	0.01430	0.01473	1.000	to
102	0.14542	0.15404	0.02859	0.01473	1.000	any
102	0.17640	0.15404	0.08340	0.01473	1.000	application
102	0.26219	0.15404	0.01906	0.01473	1.000	of
102	0.28363	0.15404	0.02859	0.01473	1.000	Use
102	0.31461	0.15404	0.01906	0.01473	1.000	of
102	0.33606	0.15404	0.04740	0.01473	1.000	Force.
102	0.08835	0.12064	0.03094	0.01614	1.000	One
102	0.12187	0.12079	0.05174	0.01599	1.000	officer
102	0.17620	0.12079	0.02846	0.01599	1.000	was
102	0.20724	0.12079	0.05433	0.01599	1.000	injured
102	0.26416	0.12079	0.03881	0.01599	1.000	prior
102	0.30556	0.12079	0.01294	0.01599	1.000	to
102	0.32108	0.12079	0.02587	0.01599	1.000	the
102	0.34954	0.12079	0.03105	0.01599	1.000	Use
102	0.38317	0.12079	0.01552	0.01599	1.000	of
102	0.40128	0.12079	0.05174	0.01599	1.000	Force.
102	0.45561	0.12079	0.04657	0.01599	1.000	There
102	0.50477	0.12079	0.03105	0.01599	1.000	was
102	0.53840	0.12079	0.02587	0.01599	1.000	one
102	0.56686	0.12079	0.04657	0.01599	1.000	minor
102	0.61601	0.12079	0.04398	0.01599	1.000	injury
102	0.66258	0.12079	0.06468	0.01599	1.000	reported
102	0.72985	0.12079	0.01552	0.01599	1.000	to
102	0.74796	0.12079	0.01811	0.01599	1.000	an
102	0.76865	0.12079	0.07761	0.01599	1.000	individual
102	0.84886	0.12064	0.04964	0.01614	1.000	during
102	0.08835	0.10465	0.02317	0.01614	1.000	the
102	0.11411	0.10480	0.08538	0.01599	1.000	application
102	0.20207	0.10480	0.01552	0.01599	1.000	of
102	0.22018	0.10480	0.03105	0.01599	1.000	Use
102	0.25381	0.10480	0.01552	0.01599	1.000	of
102	0.27192	0.10465	0.05139	0.01614	1.000	Force.
102	0.48496	0.02616	0.02820	0.01163	1.000	102
103	0.09586	0.90698	0.05147	0.01179	1.000	Motor
103	0.14924	0.90699	0.05910	0.01178	1.000	Vehicle
103	0.21024	0.90698	0.07359	0.01179	1.000	Pursuits:
103	0.09398	0.87064	0.03129	0.01614	1.000	The
103	0.12786	0.87079	0.08796	0.01599	1.000	Department
103	0.21841	0.87079	0.06468	0.01599	1.000	conducts
103	0.28568	0.87079	0.02070	0.01599	1.000	an
103	0.30896	0.87079	0.04916	0.01599	1.000	annual
103	0.36070	0.87079	0.06209	0.01599	1.000	analysis
103	0.42538	0.87079	0.01552	0.01599	1.000	of
103	0.44349	0.87079	0.04916	0.01599	1.000	Motor
103	0.49523	0.87079	0.05692	0.01599	1.000	Vehicle
103	0.55474	0.87079	0.06468	0.01599	1.000	Pursuits,
103	0.62200	0.87079	0.01811	0.01599	1.000	as
103	0.64270	0.87079	0.03363	0.01599	1.000	well
103	0.67892	0.87079	0.01552	0.01599	1.000	as
103	0.69703	0.87079	0.07244	0.01599	1.000	review(s)
103	0.77206	0.87079	0.01552	0.01599	1.000	of
103	0.79017	0.87079	0.05950	0.01599	1.000	pursuits
103	0.85226	0.87079	0.01811	0.01599	1.000	as
103	0.87296	0.87064	0.03494	0.01614	1.000	they
103	0.09398	0.85465	0.04940	0.01614	1.000	occur.
103	0.14597	0.85480	0.01811	0.01599	1.000	In
103	0.16667	0.85480	0.04398	0.01599	1.000	2023,
103	0.21324	0.85480	0.05692	0.01599	1.000	officers
103	0.27274	0.85480	0.03622	0.01599	1.000	were
103	0.31155	0.85480	0.06727	0.01599	1.000	involved
103	0.38140	0.85480	0.01552	0.01599	1.000	in
103	0.39951	0.85480	0.03881	0.01599	1.000	three
103	0.44090	0.85480	0.02328	0.01599	1.000	(3)
103	0.46678	0.85480	0.04657	0.01599	1.000	motor
103	0.51593	0.85480	0.05174	0.01599	1.000	vehicle
103	0.57026	0.85480	0.06468	0.01599	1.000	pursuits,
103	0.63753	0.85480	0.04657	0.01599	1.000	which
103	0.68668	0.85480	0.01552	0.01599	1.000	is
103	0.70479	0.85480	0.00776	0.01599	1.000	a
103	0.71514	0.85480	0.07244	0.01599	1.000	reduction
103	0.79017	0.85480	0.01552	0.01599	1.000	in
103	0.80828	0.85480	0.06727	0.01599	1.000	incidents
103	0.87813	0.85465	0.01848	0.01614	1.000	as
103	0.09398	0.83712	0.07459	0.01768	1.000	compared
103	0.17143	0.83712	0.01430	0.01768	1.000	to
103	0.18859	0.83712	0.04575	0.01768	1.000	2022.
103	0.23720	0.83712	0.04575	0.01768	1.000	There
103	0.28581	0.83712	0.03717	0.01768	1.000	were
103	0.32584	0.83712	0.02002	0.01768	1.000	no
103	0.34872	0.83712	0.07435	0.01768	1.000	accidents,
103	0.42593	0.83712	0.02574	0.01768	1.000	and
103	0.45452	0.83712	0.02002	0.01768	1.000	no
103	0.47740	0.83712	0.05719	0.01768	1.000	injuries
103	0.53745	0.83712	0.01430	0.01768	1.000	to
103	0.55460	0.83712	0.02288	0.01768	1.000	the
103	0.58034	0.83712	0.05433	0.01768	1.000	public,
103	0.63753	0.83712	0.05719	0.01768	1.000	officers
103	0.69758	0.83712	0.01716	0.01768	1.000	or
103	0.71759	0.83712	0.07435	0.01768	1.000	suspect(s)
103	0.79480	0.83712	0.06577	0.01768	1.000	involved
103	0.86343	0.83712	0.01430	0.01768	1.000	in
103	0.88058	0.83712	0.02543	0.01768	1.000	the
103	0.09398	0.82267	0.06043	0.01453	1.000	pursuits
103	0.15673	0.82281	0.03009	0.01431	1.000	that
103	0.18913	0.82281	0.03472	0.01431	1.000	were
103	0.22617	0.82267	0.07270	0.01453	1.000	reported.
103	0.09398	0.79070	0.07200	0.01453	1.000	Nashoba
103	0.16830	0.79082	0.05093	0.01431	1.000	Valley
103	0.22154	0.79082	0.06944	0.01431	1.000	Regional
103	0.29330	0.79082	0.07176	0.01431	1.000	Dispatch
103	0.36737	0.79070	0.06684	0.01453	1.000	District:
103	0.09398	0.57994	0.03129	0.01602	1.000	The
103	0.12786	0.57997	0.06468	0.01599	1.000	Nashoba
103	0.19513	0.57997	0.04916	0.01599	1.000	Valley
103	0.24687	0.57997	0.06985	0.01599	1.000	Regional
103	0.31931	0.57997	0.06468	0.01599	1.000	Dispatch
103	0.38657	0.57997	0.05692	0.01599	1.000	District
103	0.44608	0.57997	0.07761	0.01599	1.000	(NVRDD)
103	0.52628	0.57997	0.01552	0.01599	1.000	is
103	0.54439	0.57997	0.01035	0.01599	1.000	a
103	0.55733	0.57997	0.06727	0.01599	1.000	Regional
103	0.62718	0.57997	0.08538	0.01599	1.000	Emergency
103	0.71514	0.57997	0.12677	0.01599	1.000	Communications
103	0.84450	0.57994	0.05024	0.01602	1.000	Center
103	0.09211	0.56395	0.05686	0.01601	1.000	located
103	0.15155	0.56397	0.01552	0.01599	1.000	in
103	0.16966	0.56397	0.06209	0.01599	1.000	Devens,
103	0.23434	0.56397	0.03363	0.01599	1.000	MA.
103	0.27056	0.56397	0.06727	0.01599	1.000	NVRDD
103	0.34041	0.56397	0.04916	0.01599	1.000	serves
103	0.39216	0.56397	0.01552	0.01599	1.000	as
103	0.41027	0.56397	0.02328	0.01599	1.000	the
103	0.43614	0.56397	0.02846	0.01599	1.000	911
103	0.46718	0.56397	0.04916	0.01599	1.000	public
103	0.51893	0.56397	0.04398	0.01599	1.000	safety
103	0.56550	0.56397	0.07761	0.01599	1.000	answering
103	0.64570	0.56397	0.04139	0.01599	1.000	point
103	0.68968	0.56397	0.02846	0.01599	1.000	and
103	0.72072	0.56397	0.06209	0.01599	1.000	dispatch
103	0.78540	0.56397	0.04398	0.01599	1.000	center
103	0.83197	0.56397	0.02587	0.01599	1.000	for
103	0.86043	0.56395	0.05122	0.01601	1.000	Police,
103	0.09398	0.54797	0.03129	0.01601	1.000	Fire
103	0.12786	0.54798	0.02846	0.01599	1.000	and
103	0.15891	0.54798	0.03881	0.01599	1.000	EMS
103	0.20030	0.54798	0.02328	0.01599	1.000	for
103	0.22617	0.54798	0.02328	0.01599	1.000	the
103	0.25204	0.54798	0.09831	0.01599	1.000	communities
103	0.35294	0.54798	0.01552	0.01599	1.000	of
103	0.37105	0.54798	0.08538	0.01599	1.000	Lunenburg,
103	0.45901	0.54798	0.05433	0.01599	1.000	Berlin,
103	0.51593	0.54798	0.05433	0.01599	1.000	Bolton,
103	0.57285	0.54798	0.09831	0.01599	1.000	Boxborough,
103	0.67375	0.54798	0.05950	0.01599	1.000	Havard,
103	0.73584	0.54798	0.07761	0.01599	1.000	Lancaster,
103	0.81604	0.54798	0.05950	0.01599	1.000	Devens,
103	0.87813	0.54797	0.02976	0.01601	1.000	and
103	0.09774	0.53325	0.08553	0.01473	1.000	Department
103	0.18566	0.53325	0.01668	0.01473	1.000	of
103	0.20472	0.53325	0.06196	0.01473	1.000	Defense
103	0.26906	0.53325	0.01430	0.01473	1.000	at
103	0.28574	0.53325	0.06434	0.01473	1.000	Devens.
103	0.35246	0.53325	0.06672	0.01473	1.000	NVRDD
103	0.42157	0.53325	0.05004	0.01473	1.000	serves
103	0.47399	0.53325	0.00715	0.01473	1.000	a
103	0.48352	0.53325	0.03574	0.01473	1.000	total
103	0.52165	0.53325	0.08102	0.01473	1.000	population
103	0.60505	0.53325	0.01668	0.01473	1.000	of
103	0.62411	0.53325	0.02859	0.01473	1.000	just
103	0.65509	0.53325	0.03574	0.01473	1.000	over
103	0.69322	0.53325	0.05004	0.01473	1.000	35,000
103	0.74564	0.53325	0.06910	0.01473	1.000	residents
103	0.81713	0.53325	0.02874	0.01473	1.000	and
103	0.09398	0.51599	0.07527	0.01600	1.000	thousands
103	0.17184	0.51599	0.03881	0.01599	1.000	more
103	0.21324	0.51599	0.05433	0.01599	1.000	visitors
103	0.27015	0.51599	0.01552	0.01599	1.000	to
103	0.28826	0.51599	0.02587	0.01599	1.000	the
103	0.31672	0.51599	0.06985	0.01599	1.000	orchards,
103	0.38916	0.51599	0.04657	0.01599	1.000	farms,
103	0.43832	0.51599	0.08279	0.01599	1.000	businesses,
103	0.52369	0.51599	0.02846	0.01599	1.000	and
103	0.55474	0.51599	0.07761	0.01599	1.000	attractions
103	0.63494	0.51599	0.04916	0.01599	1.000	within
103	0.68668	0.51599	0.01811	0.01599	1.000	its
103	0.70738	0.51599	0.02328	0.01599	1.000	six
103	0.73325	0.51599	0.10509	0.01600	1.000	communities.
103	0.09387	0.48504	0.03188	0.01341	1.000	911
103	0.12764	0.48540	0.04728	0.01357	1.000	Calls:
103	0.14474	0.41860	0.02820	0.01163	1.000	911
103	0.10518	0.36048	0.05308	0.01634	1.000	10-Dig
103	0.16059	0.36010	0.05378	0.01635	1.000	Emerg
103	0.11654	0.30219	0.02956	0.01322	1.000	911
103	0.14822	0.30219	0.05479	0.01322	1.000	Admin
103	0.17105	0.45202	0.03619	0.01178	1.000	911
103	0.20915	0.45202	0.04273	0.01178	1.000	Calls
103	0.22735	0.43427	0.06410	0.01228	1.000	Inbound
103	0.22932	0.41715	0.08647	0.01163	1.000	Abandoned
103	0.22932	0.40116	0.04323	0.01017	1.000	Total
103	0.22744	0.38081	0.06579	0.01308	1.000	Inbound
103	0.22925	0.36309	0.08660	0.01364	1.000	Abandoned
103	0.22932	0.34593	0.04323	0.01308	1.000	Total
103	0.22744	0.32849	0.06579	0.01308	1.000	Inbound
103	0.22926	0.30935	0.08659	0.01357	1.000	Abandoned
103	0.22928	0.29343	0.07715	0.01197	1.000	Outbound
103	0.22932	0.27616	0.04135	0.01163	1.000	Total
103	0.22932	0.25872	0.04511	0.01163	1.000	Total
103	0.36278	0.45203	0.04135	0.01163	1.000	2019
103	0.35902	0.43169	0.04511	0.01599	1.000	7,460
103	0.37218	0.41570	0.03195	0.01599	1.000	272
103	0.35902	0.39535	0.04511	0.01890	1.000	7,732
103	0.37218	0.37936	0.03383	0.01744	1.000	605
103	0.37970	0.36337	0.02632	0.01599	1.000	18
103	0.37218	0.34593	0.03383	0.01453	1.000	623
103	0.39098	0.32849	0.01316	0.01163	1.000	0
103	0.39098	0.31250	0.01128	0.01017	1.000	0
103	0.35714	0.29070	0.04887	0.01744	1.000	4,134
103	0.35714	0.27326	0.04887	0.01599	1.000	4,134
103	0.34956	0.25567	0.05276	0.01482	1.000	12,489
103	0.09398	0.20918	0.07173	0.01473	1.000	Business
103	0.16810	0.20918	0.16442	0.01473	1.000	Call/Non-Emergency
103	0.33490	0.20918	0.04856	0.01473	1.000	Calls:
103	0.43974	0.45180	0.03970	0.01209	1.000	2020
103	0.43609	0.43314	0.04323	0.01453	1.000	7,233
103	0.44925	0.41715	0.03008	0.01308	1.000	346
103	0.43604	0.39817	0.04333	0.01471	1.000	7,579
103	0.44925	0.38081	0.03008	0.01308	1.000	781
103	0.45865	0.36337	0.02068	0.01308	1.000	24
103	0.44925	0.34738	0.03008	0.01163	1.000	805
103	0.43609	0.29070	0.04323	0.01453	1.000	4,601
103	0.43421	0.27326	0.04511	0.01453	1.000	4,601
103	0.42669	0.25581	0.05451	0.01453	1.000	12,985
103	0.12594	0.18169	0.05135	0.01163	1.000	January
103	0.17913	0.18182	0.05331	0.01136	1.000	February
103	0.23427	0.18182	0.04228	0.01136	1.000	March
103	0.27839	0.18182	0.04412	0.01136	1.000	April
103	0.32435	0.18182	0.04044	0.01136	1.000	May
103	0.36663	0.18169	0.03187	0.01163	1.000	June
103	0.09953	0.16819	0.03614	0.01058	1.000	2023
103	0.13711	0.16862	0.03592	0.01058	1.000	5,151
103	0.09586	0.15116	0.03383	0.01308	1.000	2022
103	0.12782	0.15552	0.00835	0.00872	1.000	|
103	0.13753	0.15552	0.03541	0.00872	1.000	4,934
103	0.09586	0.13953	0.03383	0.01163	1.000	2021
103	0.13534	0.14099	0.03759	0.00872	1.000	6,211
103	0.19549	0.17006	0.03571	0.00727	1.000	3,978
103	0.23120	0.17003	0.00668	0.00729	1.000	|
103	0.23904	0.17003	0.03540	0.00729	1.000	4,614
103	0.28195	0.17006	0.03571	0.00727	1.000	4,450
103	0.33083	0.16860	0.03195	0.01017	1.000	5,144
103	0.19549	0.15407	0.04323	0.01017	1.000	5,274
103	0.23684	0.15552	0.03759	0.00872	1.000	5,692
103	0.28571	0.15552	0.03195	0.00872	1.000	5,554
103	0.32895	0.15407	0.03383	0.01017	1.000	5,727
103	0.19361	0.13953	0.03571	0.01163	1.000	5,327
103	0.23684	0.14099	0.03759	0.01017	1.000	5,513
103	0.27632	0.14099	0.04135	0.01017	1.000	5,721
103	0.32707	0.13953	0.03571	0.01163	1.000	6,028
103	0.51692	0.45203	0.04511	0.01163	1.000	2021
103	0.51300	0.43282	0.04542	0.01373	1.000	8,404
103	0.52632	0.41715	0.03195	0.01308	1.000	526
103	0.51316	0.39826	0.04511	0.01308	1.000	8,930
103	0.52632	0.38081	0.03195	0.01308	1.000	727
103	0.53571	0.36337	0.02256	0.01308	1.000	25
103	0.52820	0.34738	0.02820	0.01163	1.000	752
103	0.54699	0.32849	0.01128	0.01163	1.000	0
103	0.51316	0.29070	0.04699	0.01744	1.000	4,772
103	0.51316	0.27326	0.04699	0.01599	1.000	4,772
103	0.50364	0.25554	0.05475	0.01508	1.000	14,454
103	0.59385	0.45175	0.04162	0.01221	1.000	2022
103	0.58083	0.43459	0.05263	0.01163	1.000	10,501
103	0.60338	0.41570	0.03195	0.01453	1.000	528
103	0.58079	0.39817	0.05271	0.01471	1.000	11,029
103	0.60338	0.37936	0.03195	0.01599	1.000	761
103	0.61090	0.36337	0.02444	0.01599	1.000	22
103	0.60338	0.34738	0.03008	0.01163	1.000	783
103	0.58835	0.29070	0.04887	0.01744	1.000	4,715
103	0.58835	0.27326	0.04887	0.01744	1.000	4,715
103	0.58076	0.25568	0.05653	0.01772	1.000	16,527
103	0.67293	0.45203	0.03947	0.01163	1.000	2023
103	0.65789	0.43314	0.05451	0.01308	1.000	11,990
103	0.68045	0.41715	0.03195	0.01308	1.000	983
103	0.65789	0.39971	0.05263	0.01308	1.000	12,573
103	0.68045	0.38081	0.03195	0.01308	1.000	766
103	0.68797	0.36337	0.02632	0.01453	1.000	29
103	0.68045	0.34593	0.03195	0.01308	1.000	795
103	0.66541	0.29070	0.04887	0.01744	1.000	5,060
103	0.66541	0.27180	0.04887	0.01890	1.000	5,060
103	0.65789	0.25581	0.05639	0.01599	1.000	18,428
103	0.40414	0.18023	0.03571	0.01163	1.000	_July
103	0.37594	0.16860	0.03195	0.01017	1.000	5,297
103	0.41729	0.16715	0.03571	0.01163	1.000	5,178
103	0.37594	0.15552	0.03195	0.00872	1.000	6,007
103	0.37594	0.14099	0.03571	0.01017	1.000	6,087
103	0.41729	0.15116	0.03571	0.01308	1.000	5,432
103	0.40789	0.13953	0.00925	0.01163	1.000	|
103	0.41898	0.13953	0.03403	0.01163	1.000	5,987
103	0.44925	0.18169	0.05157	0.01163	1.000	August
103	0.50266	0.18182	0.06801	0.01136	1.000	September
103	0.57251	0.18182	0.04963	0.01136	1.000	October
103	0.62398	0.18182	0.06250	0.01136	1.000	November
103	0.68832	0.18182	0.06250	0.01136	1.000	December
103	0.75266	0.18169	0.03306	0.01163	1.000	Total
103	0.46429	0.16860	0.03383	0.01017	1.000	5,031
103	0.46241	0.15262	0.03571	0.01163	1.000	5,153
103	0.46241	0.13953	0.03759	0.01163	1.000	6,690
103	0.53008	0.16715	0.03571	0.01163	1.000	5,011
103	0.53008	0.15262	0.03571	0.01163	1.000	5,189
103	0.53192	0.13948	0.03390	0.01174	1.000	6,256
103	0.58083	0.16715	0.03759	0.01163	1.000	5,209
103	0.64662	0.16715	0.03571	0.01163	1.000	4,617
103	0.71241	0.16860	0.03571	0.01017	1.000	4,874
103	0.58083	0.15262	0.03759	0.01163	1.000	4,977
103	0.64662	0.15407	0.03571	0.01017	1.000	4,942
103	0.71053	0.15262	0.03571	0.01163	1.000	5,679
103	0.58271	0.13953	0.03759	0.01163	1.000	6,171
103	0.64662	0.13953	0.03571	0.01163	1.000	5,634
103	0.71050	0.13948	0.03766	0.01175	1.000	4,935
103	0.75562	0.16710	0.04516	0.01174	1.000	58,554
103	0.75564	0.15262	0.04323	0.01163	1.000	64,560
103	0.75564	0.13953	0.04511	0.01163	1.000	70,560
103	0.48496	0.02616	0.02820	0.01163	1.000	103
104	0.09398	0.89680	0.04878	0.01313	1.000	Police
104	0.14488	0.89689	0.06332	0.01305	1.000	Related
104	0.21031	0.89680	0.04721	0.01313	1.000	Calls:
104	0.10338	0.84593	0.04887	0.01308	1.000	Berlin
104	0.10331	0.82831	0.05278	0.01343	1.000	Bolton
104	0.10329	0.80921	0.09418	0.01529	1.000	Boxborough
104	0.10335	0.79351	0.05646	0.01182	1.000	Devens
104	0.10334	0.77451	0.04176	0.01470	1.000	DOD
104	0.14732	0.77469	0.05386	0.01475	1.000	(MLT)
104	0.10148	0.75864	0.06397	0.01325	1.000	Harvard
104	0.36278	0.86483	0.04135	0.01308	1.000	2019
104	0.35902	0.84448	0.04323	0.01599	1.000	5,067
104	0.35714	0.82849	0.04511	0.01308	1.000	8,089
104	0.35902	0.79070	0.04511	0.01744	1.000	1,529
104	0.37016	0.77452	0.03600	0.01637	1.000	295
104	0.35714	0.75581	0.04887	0.01744	1.000	3,915
104	0.44343	0.86448	0.04171	0.01378	1.000	2020
104	0.43985	0.84593	0.04699	0.01453	1.000	5,210
104	0.43797	0.80814	0.05075	0.03634	1.000	6917
104	0.42669	0.79070	0.04887	0.01744	1.000	1,202
104	0.44925	0.77471	0.03759	0.01599	1.000	250
104	0.43985	0.75581	0.04511	0.01744	1.000	2,661
104	0.51862	0.86448	0.04171	0.01377	1.000	2021
104	0.51504	0.84593	0.04699	0.01599	1.000	5,219
104	0.51504	0.82849	0.04699	0.01599	1.000	7,523
104	0.59398	0.86483	0.04135	0.01308	1.000	2022
104	0.59023	0.84593	0.04511	0.01599	1.000	6,662
104	0.59023	0.82703	0.04511	0.01744	1.000	7,591
104	0.51504	0.79215	0.04511	0.01599	1.000	1,331
104	0.52256	0.77616	0.03759	0.01453	1.000	301
104	0.51316	0.75581	0.04887	0.01744	1.000	2,746
104	0.59004	0.79039	0.04736	0.01805	1.000	1,446
104	0.59946	0.77589	0.03604	0.01362	1.000	369
104	0.58831	0.75575	0.04707	0.01756	1.000	4,903
104	0.67662	0.86468	0.04150	0.01337	1.000	2023
104	0.67105	0.84593	0.04511	0.01308	1.000	6,781
104	0.67105	0.82849	0.04511	0.01453	1.000	6,818
104	0.67481	0.81105	0.04135	0.01453	1.000	584*
104	0.67105	0.79070	0.04699	0.01744	1.000	1,323
104	0.68421	0.77616	0.03195	0.01308	1.000	481
104	0.67105	0.75727	0.04699	0.01599	1.000	5,157
104	0.10330	0.72490	0.07348	0.01095	1.000	Lancaster
104	0.10526	0.70494	0.08835	0.01308	1.000	Lumenburg
104	0.10150	0.68895	0.05699	0.01180	1.000	Mutual
104	0.16040	0.68895	0.02945	0.01180	1.000	Aid
104	0.10333	0.66985	0.07718	0.01349	1.000	Townsend
104	0.35714	0.72238	0.04323	0.01308	1.000	5,971
104	0.34959	0.70342	0.05269	0.01467	1.000	13,388
104	0.35714	0.68605	0.04511	0.01453	1.000	2,206
104	0.34944	0.66810	0.06615	0.01554	1.000	10,327|
104	0.43985	0.72093	0.04699	0.01599	1.000	4,913
104	0.43045	0.70349	0.05451	0.01599	1.000	12,021
104	0.43985	0.68605	0.04699	0.01744	1.000	2,070
104	0.43041	0.66851	0.05459	0.01472	1.000	10,037
104	0.51504	0.72093	0.04511	0.01744	1.000	5,391
104	0.50564	0.70203	0.05639	0.01890	1.000	13,096
104	0.51504	0.68605	0.04699	0.01744	1.000	2,128
104	0.51504	0.66860	0.04511	0.01453	1.000	8,594
104	0.58995	0.72050	0.04566	0.01830	1.000	6,694
104	0.57888	0.70335	0.05465	0.01627	1.000	14,058
104	0.59023	0.68605	0.04511	0.01744	1.000	2,622
104	0.57895	0.66715	0.05639	0.01890	1.000	4,182*
104	0.67105	0.72093	0.04887	0.01744	1.000	6,750
104	0.66165	0.70203	0.05827	0.01890	1.000	14,385
104	0.67105	0.68605	0.04699	0.01744	1.000	1,993
104	0.73488	0.67117	0.06497	0.01496	1.000	*Partial
104	0.80201	0.67161	0.03641	0.01477	1.000	Year
104	0.09398	0.63663	0.01835	0.01615	1.000	In
104	0.11492	0.63678	0.04139	0.01599	1.000	2023,
104	0.15891	0.63678	0.06468	0.01599	1.000	NVRDD
104	0.22617	0.63678	0.06209	0.01599	1.000	handled
104	0.29085	0.63678	0.03363	0.01599	1.000	over
104	0.32707	0.63678	0.05174	0.01599	1.000	76,982
104	0.38140	0.63678	0.04657	0.01599	1.000	phone
104	0.43056	0.63678	0.03622	0.01599	1.000	calls
104	0.46936	0.63678	0.05433	0.01599	1.000	coming
104	0.52628	0.63678	0.01811	0.01599	1.000	in
104	0.54698	0.63678	0.02070	0.01599	1.000	on
104	0.57026	0.63678	0.02846	0.01599	1.000	911
104	0.60131	0.63678	0.02846	0.01599	1.000	and
104	0.63235	0.63678	0.06209	0.01599	1.000	business
104	0.69703	0.63678	0.04139	0.01599	1.000	lines.
104	0.74101	0.63678	0.06468	0.01599	1.000	NVRDD
104	0.80828	0.63663	0.03383	0.01615	1.000	also
104	0.09398	0.62064	0.08820	0.01614	1.000	coordinated
104	0.18478	0.62079	0.02328	0.01599	1.000	the
104	0.21065	0.62079	0.06468	0.01599	1.000	response
104	0.27791	0.62079	0.01811	0.01599	1.000	to
104	0.29861	0.62079	0.03363	0.01599	1.000	over
104	0.33483	0.62079	0.05174	0.01599	1.000	81,121
104	0.38916	0.62079	0.03622	0.01599	1.000	calls
104	0.42797	0.62079	0.02070	0.01599	1.000	for
104	0.45125	0.62079	0.05950	0.01599	1.000	service.
104	0.51334	0.62079	0.07761	0.01599	1.000	NVRDD's
104	0.59355	0.62079	0.03363	0.01599	1.000	staff
104	0.62977	0.62079	0.02328	0.01599	1.000	are
104	0.65564	0.62079	0.04916	0.01599	1.000	highly
104	0.70738	0.62079	0.04916	0.01599	1.000	skilled
104	0.75912	0.62079	0.01811	0.01599	1.000	in
104	0.77982	0.62079	0.09831	0.01599	1.000	call-handling
104	0.88072	0.62064	0.02906	0.01614	1.000	and
104	0.09398	0.60465	0.09079	0.01614	1.000	dispatching,
104	0.18736	0.60480	0.02846	0.01599	1.000	and
104	0.21841	0.60480	0.02328	0.01599	1.000	are
104	0.24428	0.60480	0.02070	0.01599	1.000	all
104	0.26757	0.60480	0.03105	0.01599	1.000	able
104	0.30120	0.60480	0.01552	0.01599	1.000	to
104	0.31931	0.60480	0.06209	0.01599	1.000	perform
104	0.38399	0.60480	0.03363	0.01599	1.000	both
104	0.42021	0.60480	0.06985	0.01599	1.000	functions
104	0.49265	0.60480	0.11642	0.01599	1.000	simultaneously.
104	0.61166	0.60480	0.04398	0.01599	1.000	These
104	0.65822	0.60480	0.03363	0.01599	1.000	first
104	0.69444	0.60480	0.01552	0.01599	1.000	of
104	0.71255	0.60480	0.02328	0.01599	1.000	the
104	0.73843	0.60465	0.12060	0.01614	1.000	first-responders
104	0.09211	0.58866	0.06013	0.01453	1.000	provide
104	0.15455	0.58880	0.00926	0.01431	1.000	a
104	0.16612	0.58880	0.03472	0.01431	1.000	vital
104	0.20316	0.58880	0.02778	0.01431	1.000	and
104	0.23325	0.58880	0.06713	0.01431	1.000	seamless
104	0.30270	0.58880	0.03009	0.01431	1.000	link
104	0.33510	0.58880	0.06250	0.01431	1.000	between
104	0.39992	0.58880	0.02546	0.01431	1.000	the
104	0.42770	0.58880	0.08565	0.01431	1.000	community
104	0.51566	0.58880	0.02778	0.01431	1.000	and
104	0.54575	0.58880	0.03704	0.01431	1.000	their
104	0.58510	0.58880	0.03704	0.01431	1.000	local
104	0.62446	0.58880	0.05093	0.01431	1.000	police,
104	0.67770	0.58880	0.03241	0.01431	1.000	fire,
104	0.71242	0.58880	0.02778	0.01431	1.000	and
104	0.74251	0.58880	0.08102	0.01431	1.000	emergency
104	0.82584	0.58866	0.06137	0.01453	1.000	medical
104	0.09211	0.57267	0.06707	0.01453	1.000	services.
104	0.16149	0.57281	0.04630	0.01431	1.000	While
104	0.21010	0.57281	0.02546	0.01431	1.000	the
104	0.23788	0.57281	0.04167	0.01431	1.000	focus
104	0.28186	0.57281	0.01389	0.01431	1.000	is
104	0.29807	0.57281	0.02083	0.01431	1.000	on
104	0.32121	0.57281	0.06481	0.01431	1.000	handling
104	0.38834	0.57281	0.09722	0.01431	1.000	emergencies,
104	0.48788	0.57281	0.03704	0.01431	1.000	their
104	0.52723	0.57281	0.03472	0.01431	1.000	staff
104	0.56427	0.57281	0.03009	0.01431	1.000	also
104	0.59668	0.57281	0.04861	0.01431	1.000	serves
104	0.64760	0.57281	0.02315	0.01431	1.000	the
104	0.67307	0.57281	0.04861	0.01431	1.000	public
104	0.72399	0.57281	0.02778	0.01431	1.000	and
104	0.75408	0.57281	0.02778	0.01431	1.000	our
104	0.78418	0.57281	0.08102	0.01431	1.000	responders
104	0.86751	0.57267	0.01971	0.01453	1.000	by
104	0.09211	0.55669	0.07633	0.01453	1.000	providing
104	0.17075	0.55682	0.03935	0.01431	1.000	other
104	0.21242	0.55682	0.10417	0.01431	1.000	administrative
104	0.31890	0.55682	0.03009	0.01431	1.000	and
104	0.35131	0.55682	0.11574	0.01431	1.000	non-emergency
104	0.46936	0.55682	0.06019	0.01431	1.000	dispatch
104	0.53186	0.55682	0.04398	0.01431	1.000	tasks.
104	0.57816	0.55682	0.06713	0.01431	1.000	NVRDD
104	0.64760	0.55682	0.04167	0.01431	1.000	staffs
104	0.69158	0.55682	0.02315	0.01431	1.000	the
104	0.71705	0.55682	0.12500	0.01431	1.000	communications
104	0.84436	0.55669	0.04661	0.01453	1.000	center
104	0.09211	0.53914	0.03616	0.01609	1.000	with
104	0.13086	0.53914	0.06209	0.01599	1.000	multiple
104	0.19553	0.53914	0.08538	0.01599	1.000	dispatchers
104	0.28350	0.53914	0.02846	0.01599	1.000	and
104	0.31454	0.53914	0.08279	0.01599	1.000	supervisors
104	0.39992	0.53914	0.03363	0.01599	1.000	each
104	0.43614	0.53914	0.03622	0.01599	1.000	shift
104	0.47495	0.53914	0.01552	0.01599	1.000	to
104	0.49306	0.53914	0.05174	0.01599	1.000	handle
104	0.54739	0.53914	0.03622	0.01599	1.000	calls
104	0.58619	0.53914	0.02587	0.01599	1.000	and
104	0.61465	0.53914	0.07144	0.01609	1.000	requests.
104	0.09774	0.51163	0.09398	0.01017	1.000	Conclusion:
104	0.09398	0.47517	0.00800	0.01611	1.000	I
104	0.10458	0.47517	0.04657	0.01599	1.000	would
104	0.15373	0.47517	0.03105	0.01599	1.000	like
104	0.18736	0.47517	0.01294	0.01599	1.000	to
104	0.20289	0.47517	0.04398	0.01599	1.000	thank
104	0.24946	0.47517	0.02587	0.01599	1.000	the
104	0.27791	0.47517	0.06209	0.01599	1.000	Citizens
104	0.34259	0.47517	0.01552	0.01599	1.000	of
104	0.36070	0.47517	0.08279	0.01599	1.000	Lunenburg
104	0.44608	0.47517	0.02070	0.01599	1.000	for
104	0.46936	0.47517	0.03622	0.01599	1.000	their
104	0.50817	0.47517	0.07244	0.01599	1.000	continued
104	0.58320	0.47517	0.06727	0.01599	1.000	support.
104	0.65305	0.47517	0.06209	0.01599	1.000	Without
104	0.71773	0.47517	0.09831	0.01599	1.000	collaboration
104	0.81863	0.47517	0.03363	0.01599	1.000	with
104	0.85485	0.47517	0.02673	0.01611	1.000	our
104	0.09586	0.45918	0.08816	0.01473	1.000	Community
104	0.18641	0.45918	0.02145	0.01473	1.000	we
104	0.21024	0.45918	0.04766	0.01473	1.000	would
104	0.26028	0.45918	0.02621	0.01473	1.000	not
104	0.28888	0.45918	0.01906	0.01473	1.000	be
104	0.31032	0.45918	0.08578	0.01473	1.000	successful.
104	0.39849	0.45918	0.02859	0.01473	1.000	We
104	0.42947	0.45918	0.03336	0.01473	1.000	look
104	0.46521	0.45918	0.05957	0.01473	1.000	forward
104	0.52717	0.45918	0.01668	0.01473	1.000	to
104	0.54623	0.45918	0.02383	0.01473	1.000	the
104	0.57244	0.45918	0.03813	0.01473	1.000	New
104	0.61295	0.45918	0.04051	0.01473	1.000	Year,
104	0.65584	0.45918	0.02859	0.01473	1.000	and
104	0.68682	0.45918	0.01668	0.01473	1.000	to
104	0.70588	0.45918	0.06434	0.01473	1.000	continue
104	0.77260	0.45918	0.01668	0.01473	1.000	to
104	0.79167	0.45918	0.04051	0.01473	1.000	bring
104	0.83456	0.45918	0.02383	0.01473	1.000	the
104	0.86077	0.45918	0.03585	0.01473	1.000	very
104	0.09398	0.44318	0.03122	0.01473	1.000	best
104	0.12759	0.44318	0.01668	0.01473	1.000	in
104	0.14665	0.44318	0.06196	0.01473	1.000	policing
104	0.21099	0.44318	0.01668	0.01473	1.000	to
104	0.23005	0.44318	0.02621	0.01473	1.000	our
104	0.25865	0.44318	0.09474	0.01473	1.000	Community.
104	0.09398	0.41120	0.03122	0.01473	1.000	The
104	0.12759	0.41120	0.08817	0.01473	1.000	Department
104	0.21814	0.41120	0.04766	0.01473	1.000	would
104	0.26818	0.41120	0.02859	0.01473	1.000	like
104	0.29916	0.41120	0.01668	0.01473	1.000	to
104	0.31822	0.41120	0.03574	0.01473	1.000	wish
104	0.35635	0.41120	0.04766	0.01473	1.000	Karen
104	0.40639	0.41120	0.05481	0.01473	1.000	Brochu
104	0.46358	0.41120	0.02383	0.01473	1.000	the
104	0.48979	0.41120	0.03336	0.01473	1.000	best
104	0.52553	0.41120	0.01668	0.01473	1.000	of
104	0.54459	0.41120	0.03336	0.01473	1.000	luck
104	0.58034	0.41120	0.01906	0.01473	1.000	on
104	0.60178	0.41120	0.02621	0.01473	1.000	her
104	0.63038	0.41120	0.08102	0.01473	1.000	retirement.
104	0.71378	0.41120	0.02621	0.01473	1.000	We
104	0.74237	0.41120	0.04766	0.01473	1.000	would
104	0.79242	0.41120	0.03098	0.01473	1.000	also
104	0.82578	0.41120	0.03098	0.01473	1.000	like
104	0.85914	0.41120	0.01680	0.01473	1.000	to
104	0.09398	0.39520	0.04313	0.01473	1.000	thank
104	0.13950	0.39520	0.02383	0.01473	1.000	her
104	0.16571	0.39520	0.02383	0.01473	1.000	for
104	0.19193	0.39520	0.02621	0.01473	1.000	her
104	0.22052	0.39520	0.05242	0.01473	1.000	service
104	0.27533	0.39520	0.01668	0.01473	1.000	to
104	0.29439	0.39520	0.02859	0.01473	1.000	our
104	0.32537	0.39520	0.08817	0.01473	1.000	Community
104	0.41592	0.39520	0.02621	0.01473	1.000	and
104	0.44451	0.39520	0.02145	0.01473	1.000	all
104	0.46834	0.39520	0.01668	0.01473	1.000	of
104	0.48740	0.39520	0.02383	0.01473	1.000	the
104	0.51362	0.39520	0.07625	0.01473	1.000	assistance
104	0.59225	0.39520	0.02621	0.01473	1.000	she
104	0.62085	0.39520	0.02621	0.01473	1.000	has
104	0.64944	0.39520	0.06672	0.01473	1.000	provided
104	0.71855	0.39520	0.01906	0.01473	1.000	us
104	0.73999	0.39520	0.03336	0.01473	1.000	over
104	0.77574	0.39520	0.02383	0.01473	1.000	the
104	0.80195	0.39520	0.05004	0.01473	1.000	years.
104	0.85437	0.39520	0.02909	0.01473	1.000	We
104	0.09398	0.37791	0.03646	0.01603	1.000	wish
104	0.13303	0.37795	0.02846	0.01599	1.000	you
104	0.16408	0.37795	0.02328	0.01599	1.000	the
104	0.18995	0.37795	0.03363	0.01599	1.000	best
104	0.22617	0.37795	0.01552	0.01599	1.000	of
104	0.24428	0.37795	0.03881	0.01599	1.000	luck,
104	0.28568	0.37795	0.02846	0.01599	1.000	and
104	0.31672	0.37795	0.01552	0.01599	1.000	to
104	0.33483	0.37795	0.01035	0.01599	1.000	a
104	0.34777	0.37795	0.03881	0.01599	1.000	long,
104	0.38916	0.37795	0.05433	0.01599	1.000	healthy
104	0.44608	0.37795	0.02846	0.01599	1.000	and
104	0.47712	0.37795	0.04657	0.01599	1.000	happy
104	0.52628	0.37791	0.08650	0.01603	1.000	retirement.
104	0.09398	0.34722	0.00739	0.01473	1.000	I
104	0.10376	0.34722	0.04766	0.01473	1.000	would
104	0.15380	0.34722	0.03098	0.01473	1.000	also
104	0.18716	0.34722	0.03098	0.01473	1.000	like
104	0.22052	0.34722	0.01430	0.01473	1.000	to
104	0.23720	0.34722	0.04289	0.01473	1.000	thank
104	0.28248	0.34722	0.02621	0.01473	1.000	the
104	0.31107	0.34722	0.05481	0.01473	1.000	women
104	0.36826	0.34722	0.02859	0.01473	1.000	and
104	0.39924	0.34722	0.03336	0.01473	1.000	men
104	0.43498	0.34722	0.01668	0.01473	1.000	of
104	0.45404	0.34722	0.02621	0.01473	1.000	the
104	0.48264	0.34722	0.08102	0.01473	1.000	Lunenburg
104	0.56604	0.34722	0.04766	0.01473	1.000	Police
104	0.61608	0.34722	0.08817	0.01473	1.000	Department
104	0.70663	0.34722	0.02145	0.01473	1.000	for
104	0.73046	0.34722	0.03574	0.01473	1.000	their
104	0.76859	0.34722	0.07864	0.01473	1.000	dedication
104	0.84961	0.34722	0.01668	0.01473	1.000	to
104	0.86867	0.34722	0.02607	0.01473	1.000	the
104	0.09398	0.32994	0.09283	0.01453	1.000	Community,
104	0.18913	0.32997	0.03009	0.01431	1.000	and
104	0.22154	0.32997	0.02315	0.01431	1.000	the
104	0.24700	0.32997	0.03935	0.01431	1.000	work
104	0.28867	0.32997	0.03009	0.01431	1.000	that
104	0.32108	0.32997	0.03241	0.01431	1.000	they
104	0.35580	0.32997	0.06250	0.01431	1.000	pertorm
104	0.42062	0.32997	0.02083	0.01431	1.000	on
104	0.44376	0.32997	0.00926	0.01431	1.000	a
104	0.45534	0.32997	0.03935	0.01431	1.000	daily
104	0.49700	0.32997	0.04630	0.01431	1.000	basis.
104	0.54562	0.32997	0.03009	0.01431	1.000	The
104	0.57802	0.32997	0.07407	0.01431	1.000	personnel
104	0.65441	0.32997	0.01620	0.01431	1.000	of
104	0.67293	0.32997	0.02546	0.01431	1.000	the
104	0.70071	0.32997	0.08796	0.01431	1.000	Department
104	0.79099	0.32997	0.03472	0.01431	1.000	play
104	0.82802	0.32997	0.00926	0.01431	1.000	a
104	0.83960	0.32997	0.03472	0.01431	1.000	vital
104	0.87663	0.32994	0.03126	0.01453	1.000	role
104	0.09211	0.31395	0.01805	0.01601	1.000	in
104	0.11275	0.31397	0.05692	0.01599	1.000	making
104	0.17225	0.31397	0.08279	0.01599	1.000	Lunenburg
104	0.25763	0.31397	0.00776	0.01599	1.000	a
104	0.26797	0.31397	0.03881	0.01599	1.000	great
104	0.30937	0.31397	0.04139	0.01599	1.000	place
104	0.35335	0.31397	0.01294	0.01599	1.000	to
104	0.36887	0.31397	0.03622	0.01599	1.000	live,
104	0.40768	0.31397	0.03881	0.01599	1.000	work
104	0.44907	0.31397	0.02846	0.01599	1.000	and
104	0.48012	0.31397	0.03363	0.01599	1.000	visit
104	0.51634	0.31397	0.02328	0.01599	1.000	for
104	0.54221	0.31395	0.02358	0.01601	1.000	all.
104	0.09585	0.26744	0.04647	0.01315	1.000	Thank
104	0.14439	0.26738	0.03608	0.01314	1.000	you,
104	0.09023	0.21507	0.05983	0.03072	1.000	Chiel
104	0.15502	0.21507	0.07952	0.03072	1.000	Thomas
104	0.23952	0.21507	0.02485	0.03072	1.000	1
104	0.26934	0.21507	0.09721	0.03072	1.000	gammal
104	0.09398	0.20202	0.04313	0.01473	1.000	Chief
104	0.13950	0.20202	0.06196	0.01473	1.000	Thomas
104	0.20384	0.20202	0.01668	0.01473	1.000	L.
104	0.22290	0.20202	0.06657	0.01473	1.000	Gammel
104	0.48496	0.02616	0.02820	0.01163	1.000	104
105	0.48684	0.02762	0.02632	0.01017	1.000	105
106	0.48684	0.02907	0.02632	0.00872	1.000	106
