page	x	y	w	h	conf	text
1	0.37030	0.87791	0.32331	0.02189	1.000	TOWN OF LUNENBURG
1	0.23684	0.83721	0.58647	0.02192	1.000	ANNUAL REPORT FOR FISCAL YEAR 2016
2	0.21241	0.19041	0.63910	0.01892	1.000	Cover photo of Lunenburg Middle/High School at dusk is courtesy of
2	0.40789	0.15988	0.24624	0.01745	1.000	Eric Vickery Photography.
2	0.52444	0.07413	0.00940	0.01017	1.000	2
3	0.43045	0.91860	0.20113	0.02038	1.000	In Memoriam
3	0.26692	0.76453	0.63910	0.01599	1.000	Jean Elizabeth Hobbs, a dedicated and energetic member of the Lunenburg community for
3	0.12030	0.74702	0.77444	0.01612	1.000	more than 60 years. She graduated from Northbridge High School in 1944 and went on to study at Memorial Hospital
3	0.12030	0.72817	0.80827	0.01746	1.000	School of Nursing in Worcester, graduating in 1947. That same year she married Frederick B. Hobbs and moved to Lunen-
3	0.12030	0.71221	0.32143	0.01453	1.000	burg, where he would later become Police Chief.
3	0.12218	0.68750	0.78195	0.01463	1.000	She was a contributor to the town history, Lunenburg: The Heritage of Turkey Hills, 1728-1978 and played key roles in
3	0.12030	0.67006	0.40977	0.01453	1.000	planning the town's 250th and 275th anniversary celebrations.
3	0.11842	0.64385	0.81203	0.01612	1.000	In the 1960s, she was a Girl Scout leader, Den Mother, and a founding member of the Lunenburg Music Aiders. She served
3	0.12218	0.62936	0.81391	0.01308	1.000	on the Town's 1976 Bicentennial Committee, the Insurance Advisory Committee, Board of Directors for the Memorial Fund
3	0.12030	0.61186	0.79511	0.01314	1.000	and for School Community Linked Services and was a member of the Lunenburg Historical Society. She was a fixture at
3	0.12218	0.59448	0.57331	0.01316	1.000	Lunenburg's Annual Town Meeting, never reluctant to share her thoughts and opinions.
3	0.12218	0.56969	0.78571	0.01316	1.000	Jean was dedicated to elder services. She was Chairwoman of the Lunenburg Council on Aging from 1990 to 2001. She
3	0.12030	0.55233	0.81015	0.01315	1.000	served on boards for the Central MA Agency on Aging, the Central MA Association of Councils on Aging, and the Monta-
3	0.12218	0.53488	0.77444	0.01308	1.000	chusett Opportunity Council and its Nutrition Advisory Board. She also served as a SHINE (Serving Health Insurance
3	0.12218	0.51736	0.78947	0.01316	1.000	Needs of Elders) counselor at Eagle House. In the early years of Fitchburg Access TV, she hosted Senior Lifestyles. She
3	0.12218	0.50000	0.80639	0.01314	1.000	was a familiar face at Eagle House where she contributed hundreds of volunteer hours and was a member of the book club.
3	0.12218	0.48401	0.81203	0.01163	1.000	Jean was instrumental in securing a state grant to expand Eagle House Senior Center in 1998. In 1998 she received a DOVE
3	0.12218	0.46652	0.66917	0.01168	1.000	Award from the Massachusetts Legislature in recognition of her dedicated volunteer service to elders.
3	0.12218	0.44041	0.79887	0.01308	1.000	For many years Jean was the Lunenburg correspondent for the Fitchburg Sentinel and the Times Free Press. From 2001 to
3	0.12218	0.42436	0.79887	0.01314	1.000	2008 she worked for The Lunenburg Ledger and wrote a popular column called "From the Eye of the Eagle" in which she
3	0.12218	0.40698	0.55827	0.01316	1.000	voiced her views on town politics and happenings, colored with a bit of local history.
3	0.24248	0.25570	0.19737	0.01612	1.000	Lawrence W. Marshall
3	0.12218	0.23110	0.81015	0.01319	1.000	Larry was born in Leominster and attended Leominster High School and Amherst College. He was active in the Boy Scouts
3	0.12218	0.21354	0.78571	0.01320	1.000	of America since his youth and continued his compassion for service with his youngest son's Troop 1798 of Lunenburg;
3	0.12030	0.19618	0.80263	0.01463	1.000	proudly assisting them to achieve the rank of Eagle Scout. He owned various businesses in the area, and was proud to be a
3	0.11842	0.18023	0.79323	0.01453	1.000	well-respected real estate appraiser for over 40 years. He was first an extremely devoted husband and father and enjoyed
3	0.11842	0.16134	0.77632	0.01599	1.000	spending time with his family and gardening. Looked on as a mentor, advisor and friend to many, Larry will be sorely
3	0.12218	0.14826	0.28383	0.01171	1.000	missed and forever remembered and loved.
3	0.52444	0.07413	0.01128	0.01017	1.000	3
4	0.38534	0.93169	0.26692	0.01599	1.000	TABLE OF CONTENTS
4	0.20865	0.88517	0.15977	0.01599	1.000	Lunenburg Profile
4	0.20865	0.86773	0.26880	0.01308	1.000	Elected Officials- State & Local
4	0.21053	0.84593	0.16729	0.01453	1.000	Appointed Officials
4	0.21053	0.82703	0.19361	0.01453	1.000	ADMINISTRATION
4	0.21053	0.80523	0.35714	0.01599	1.000	Town Manager Report-Heather R. Lemieux
4	0.21241	0.78779	0.09586	0.01163	1.000	Accountant
4	0.24060	0.76453	0.34962	0.01599	1.000	Balance Sheet for year ending June 30, 2016
4	0.24060	0.74702	0.23684	0.01170	1.000	General Funds Revenue Chart
4	0.23872	0.72384	0.14286	0.01599	1.000	FY 2016 Receipts
4	0.23872	0.70337	0.26504	0.01612	1.000	General Fund Expenditures Chart
4	0.23872	0.68304	0.33271	0.01612	1.000	General Fund Appropriations Summary &
4	0.31579	0.66567	0.21053	0.01463	1.000	Classification of Accounts
4	0.23872	0.64236	0.18609	0.01612	1.000	Special Revenue Funds
4	0.23872	0.62202	0.17105	0.01612	1.000	Capital Projects Fund
4	0.21053	0.60610	0.15977	0.01170	1.000	Board of Assessors
4	0.21053	0.58576	0.20489	0.01171	1.000	Treasurer/Tax Collector
4	0.21053	0.56250	0.28759	0.01463	1.000	Treasurer's Cash as of June 30, 2016
4	0.20865	0.54360	0.09774	0.01319	1.000	Trust Funds
4	0.20865	0.52180	0.22556	0.01466	1.000	Five Year Outstanding Debt
4	0.20865	0.50000	0.36654	0.01744	1.000	Debt Repayment Schedule as of June 30, 2016
4	0.20865	0.48256	0.15789	0.01308	1.000	Collection of Taxes
4	0.21053	0.46354	0.17857	0.01320	1.000	TOWN SERVICES
4	0.20865	0.44041	0.39662	0.01599	1.000	Agricultural Commission - no report submitted
4	0.20865	0.42006	0.58459	0.01599	1.000	Architectural Preservation District Commission- no report submitted
4	0.20865	0.39971	0.18233	0.01599	1.000	Building Department
4	0.20865	0.38070	0.19173	0.01464	1.000	Cemetery Commission
4	0.21053	0.36186	0.21992	0.01314	1.000	Conservation Commission
4	0.20865	0.33854	0.14850	0.01612	1.000	Council on Aging
4	0.20865	0.32118	0.14474	0.01314	1.000	Cultural Council
4	0.20865	0.29936	0.24436	0.01463	1.000	Department of Public Works
4	0.21053	0.28198	0.16541	0.01167	1.000	Finance Committee
4	0.21053	0.26017	0.44925	0.01463	1.000	Green Community Task Force - no report submitted
4	0.20865	0.23983	0.19361	0.01464	1.000	Historical Commission
4	0.20865	0.21801	0.20489	0.01463	1.000	Information Technology
4	0.20865	0.19767	0.06955	0.01453	1.000	Library
4	0.20865	0.18023	0.28947	0.01308	1.000	Public Access Channel Committee
4	0.20865	0.15698	0.34023	0.01599	1.000	Senior Property Tax Work Off Program
4	0.20865	0.13953	0.16165	0.01308	1.000	Sewer Commission
4	0.20865	0.11919	0.15038	0.01308	1.000	Veterans Services
4	0.88158	0.84738	0.02444	0.01308	1.000	10
4	0.86644	0.80647	0.05283	0.01497	1.000	18-19
4	0.86652	0.76740	0.05079	0.01317	1.000	20-21
4	0.88158	0.74709	0.02444	0.01308	1.000	22
4	0.88158	0.72674	0.02256	0.01308	1.000	23
4	0.88158	0.70640	0.02444	0.01308	1.000	24
4	0.86648	0.66554	0.05276	0.01340	1.000	25-30
4	0.86651	0.64527	0.05270	0.01324	1.000	31-35
4	0.88158	0.62500	0.02444	0.01308	1.000	36
4	0.86654	0.60465	0.05263	0.01453	1.000	37-38
4	0.88158	0.56395	0.02256	0.01453	1.000	39
4	0.86654	0.54506	0.05263	0.01308	1.000	40-42
4	0.88158	0.52326	0.02632	0.01599	1.000	43
4	0.86648	0.50421	0.05276	0.01338	1.000	44-46
4	0.86648	0.48242	0.05276	0.01482	1.000	47-49
4	0.88158	0.40262	0.02256	0.01308	1.000	52
4	0.88158	0.38227	0.02256	0.01308	1.000	53
4	0.88158	0.36192	0.02256	0.01308	1.000	54
4	0.86654	0.34157	0.05263	0.01453	1.000	55-56
4	0.86652	0.32118	0.05267	0.01462	1.000	57-58
4	0.86654	0.30087	0.05263	0.01453	1.000	59-63
4	0.86637	0.28156	0.05297	0.01391	1.000	64-65
4	0.88158	0.24128	0.02444	0.01308	1.000	66
4	0.88158	0.21948	0.02444	0.01453	1.000	67
4	0.86644	0.20033	0.05284	0.01358	1.000	68-69
4	0.86646	0.18005	0.05278	0.01345	1.000	70-74
4	0.88158	0.15988	0.02444	0.01308	1.000	75
4	0.86645	0.13933	0.05470	0.01495	1.000	76-77
4	0.88158	0.11919	0.02632	0.01453	1.000	78
4	0.52256	0.07122	0.01316	0.01308	1.000	4
5	0.38534	0.92733	0.27068	0.01744	1.000	TABLE OF CONTENTS
5	0.20865	0.88070	0.42669	0.01464	1.000	PROTECTION OF PERSONS & PROPERTY
5	0.20865	0.86037	0.13722	0.01318	1.000	Board of Health
5	0.20865	0.83854	0.31579	0.01320	1.000	Nashoba Associated Boards of Health
5	0.20865	0.81541	0.14662	0.01453	1.000	Fire Department
5	0.38722	0.81831	0.06391	0.00436	0.500	...o
5	0.20865	0.79360	0.15977	0.01599	1.000	Police Department
5	0.38722	0.79797	0.06203	0.00291	0.500	**•.
5	0.21053	0.77471	0.11278	0.01453	1.000	PLANNING
5	0.21053	0.75145	0.24248	0.01599	1.000	Capital Planning Committee
5	0.20865	0.72817	0.13534	0.01612	1.000	Planning Board
5	0.38910	0.73110	0.06391	0.00581	1.000	...
5	0.20865	0.70635	0.21429	0.01612	1.000	Zoning Board of Appeals
5	0.21053	0.68605	0.12970	0.01599	1.000	EDUCATION
5	0.20865	0.66567	0.30451	0.01463	1.000	LUNENBURG PUBLIC SCHOOLS
5	0.20865	0.64087	0.19549	0.01761	1.000	Superintendent Message
5	0.20865	0.62351	0.13534	0.01314	1.000	School Facilities
5	0.20865	0.60020	0.19549	0.01463	1.000	Technology Department
5	0.20842	0.57948	0.13190	0.01690	1.000	Special Services
5	0.20829	0.55724	0.18497	0.01916	1.000	School Lunch Program
5	0.20865	0.53634	0.12594	0.01599	1.000	Primary School
5	0.20865	0.51453	0.25000	0.01599	1.000	Turkey Hill Elementary School
5	0.20865	0.49702	0.11842	0.01315	1.000	Middle School
5	0.20859	0.47217	0.10161	0.01641	1.000	High School
5	0.21053	0.45337	0.62970	0.01465	1.000	MONTACHUSETT REGIONAL VOCATIONAL TECHNICAL SCHOOL
5	0.20865	0.43023	0.19549	0.01599	1.000	Superintendent Message
5	0.21053	0.41270	0.14850	0.01317	1.000	TOWN CLERK
5	0.20865	0.38808	0.17105	0.01599	1.000	Vital Records Report
5	0.21053	0.36628	0.28383	0.01599	1.000	Annual Town Meeting May 5, 2016
5	0.20865	0.34593	0.27444	0.01599	1.000	Fiscal Year 2016 Omnibus Budget
5	0.20865	0.32413	0.31579	0.01599	1.000	Special Town Meeting August 22, 2016
5	0.20865	0.30233	0.34211	0.01744	1.000	Special Town Meeting November 28, 2016
5	0.20865	0.28198	0.31203	0.01599	1.000	Special State Primary February 2, 2016
5	0.20865	0.26017	0.28195	0.01745	1.000	Presidential Primary March 1, 2016
5	0.21053	0.23834	0.29323	0.01747	1.000	Annual Town Election May 21, 2016
5	0.20865	0.22093	0.27444	0.01320	1.000	Fiscal Year 2017 Elected Officials
5	0.20865	0.19618	0.26316	0.01748	1.000	State Election November 8, 2016
5	0.21053	0.15843	0.34962	0.01453	1.000	MISCELLANEOUS INFORMATION
5	0.20865	0.13368	0.32895	0.01612	1.000	Town & School Employee Compensation
5	0.20865	0.11483	0.22932	0.01464	1.000	TOWN OFFICES HOURS
5	0.88158	0.86047	0.02632	0.01599	1.000	80
5	0.86643	0.83844	0.05472	0.01643	1.000	81-84
5	0.86638	0.81792	0.05672	0.01532	1.000	85-87
5	0.86633	0.79607	0.05493	0.01687	1.000	88-92
5	0.88158	0.75436	0.02632	0.01599	1.000	94
5	0.86650	0.73101	0.05648	0.01617	1.000	95-96
5	0.88158	0.70785	0.02632	0.01744	1.000	97
5	0.85714	0.64535	0.07519	0.01308	1.000	101-102
5	0.87782	0.62355	0.03383	0.01453	1.000	103
5	0.87782	0.60174	0.03383	0.01453	1.000	104
5	0.85895	0.58118	0.07345	0.01496	1.000	105-107
5	0.87782	0.55959	0.03383	0.01453	1.000	107
5	0.85898	0.53912	0.07150	0.01333	1.000	108-109
5	0.85897	0.51730	0.07153	0.01482	1.000	111-114
5	0.85902	0.49709	0.07331	0.01308	1.000	114-116
5	0.85895	0.47506	0.07158	0.01499	1.000	117-120
5	0.85895	0.45470	0.07345	0.01356	1.000	123-138
5	0.87782	0.43314	0.03759	0.01599	1.000	122
5	0.87782	0.39099	0.03383	0.01453	1.000	140
5	0.85890	0.36882	0.07167	0.01527	1.000	141-173
5	0.85898	0.34871	0.07339	0.01479	1.000	174-176
5	0.85888	0.32663	0.07547	0.01680	1.000	177-182
5	0.85901	0.30663	0.07334	0.01464	1.000	183-186
5	0.87782	0.28488	0.03571	0.01453	1.000	187
5	0.85879	0.26237	0.07189	0.01595	1.000	188-191
5	0.85900	0.24122	0.07336	0.01756	1.000	192-193
5	0.87594	0.22093	0.03947	0.01599	1.000	194
5	0.85900	0.20052	0.07335	0.01465	1.000	195-196
5	0.85902	0.13663	0.07331	0.01453	1.000	198-202
5	0.76692	0.11483	0.14850	0.01464	1.000	Inside Back Cover
5	0.52444	0.07267	0.01128	0.01163	1.000	5
6	0.38910	0.93169	0.27256	0.01896	1.000	LUNENBURG PROFILE
6	0.38534	0.89534	0.27820	0.01612	1.000	YEAR INCORPORATED- 1728
6	0.39286	0.86186	0.26316	0.01463	1.000	REGISTERED VOTERS-7115
6	0.40977	0.82703	0.22932	0.01746	1.000	FY' 16 TAX RATE-$19.62
6	0.14098	0.79506	0.76504	0.01453	1.000	OPEN TOWN MEETING GOVERNMENT- FIVE MEMBER BOARD OF SELECTMEN
6	0.27820	0.76163	0.49436	0.01744	1.000	ANNUAL TOWN MEETING- 1ST SATURDAY IN MAY
6	0.27256	0.72669	0.50376	0.01895	1.000	ANNUAL TOWN ELECTION- 3RD SATURDAY IN MAY
6	0.38910	0.69320	0.27256	0.01612	1.000	AREA- 26.63 SQUARE MILES
6	0.39850	0.65988	0.25188	0.01745	1.000	ROAD MILES- ABOUT 100
6	0.11654	0.62500	0.81767	0.01744	1.000	Lunenburg was settled in 1718 and incorporated in 1728. It occupies a land area of
6	0.11654	0.60610	0.81391	0.01744	1.000	approximately 26.4 square miles. Lunenburg is located in north central Massachusetts
6	0.11654	0.58854	0.81391	0.01761	1.000	approximately 43 miles from Boston. It is bordered on the west by the Town of Ashby and the
6	0.11842	0.56969	0.81391	0.01761	1.000	City of Fitchburg, on the south by the Town of Lancaster and the City of Leominster, on the east
6	0.11654	0.55233	0.57331	0.01744	1.000	by the Town of Shirley, and on the north by the Town of Townsend.
6	0.11654	0.51736	0.81391	0.01761	1.000	Local legislative decisions are made by an open town meeting consisting of all registered voters
6	0.11462	0.49815	0.81588	0.01932	1.000	in the town. Subject to the legislative decisions made by town meeting, the affairs of the town
6	0.11654	0.48110	0.81579	0.01744	1.000	are generally administered by a five member Board of Selectmen and a Town Manager. Local
6	0.11654	0.46354	0.81579	0.01761	1.000	school affairs are administered by an elected seven member School Committee while local taxes
6	0.11654	0.44469	0.81579	0.01761	1.000	are assessed by a three member Board of Assessors, all are appointed on an at-large basis for
6	0.11654	0.42733	0.23120	0.01599	1.000	staggered three-year terms.
6	0.11654	0.39236	0.81391	0.01612	1.000	Lunenburg is a semi-rural community located in northern Worcester County. Three water bodies
6	0.11654	0.37351	0.81579	0.01748	1.000	account for somewhat of a clustered approach to the town's historical development. Lake
6	0.11842	0.35901	0.81203	0.01453	1.000	Whalom and the former Whalom Amusement Park delineated the Whalom District from the
6	0.11654	0.33721	0.81579	0.01894	1.000	remainder of Lunenburg. This district was developed as a housing base for many factory
6	0.11842	0.31969	0.81391	0.01897	1.000	workers working in the mills and factories of Leominster and Fitchburg. In many ways the
6	0.11654	0.30233	0.81767	0.01744	1.000	characteristics of the Whalom District more closely reflect characteristics of these cities than of
6	0.11654	0.28343	0.81391	0.02039	1.000	the rest of Lunenburg. The Hickory Hills area of town, around Hickory Hills Lake, was
6	0.11842	0.26587	0.81579	0.01910	1.000	developed as a private community comprised largely of vacation cottages. The third body of
6	0.11654	0.24851	0.81391	0.01748	1.000	water is Shirley Reservoir, a public water body also developed with mainly vacation cottages
6	0.11654	0.23110	0.81579	0.01744	1.000	that have now been modified to year-round residences. Commercial and industrial development
6	0.11466	0.21221	0.81767	0.01745	1.000	is permitted in several areas of town, primarily along the two major arteries (Routes 2A and 13),
6	0.11654	0.19320	0.81391	0.01910	1.000	and the town's peripheries, due largely to the close proximity of Leominster's and Fitchburg's
6	0.11654	0.17733	0.81391	0.01599	1.000	sewer and water systems. Although many farms and orchards had slowly developed into single
6	0.11654	0.15843	0.81015	0.02039	1.000	family housing, farming continues on in Lunenburg. At the Annual Town Meeting on May 4*h
6	0.11654	0.13953	0.81579	0.02763	1.000	2013, the Town voted to establish an Agricultural Commission to represent, preserve, and
6	0.11654	0.12202	0.67669	0.01896	1.000	enhance farming in the community and to administer the "Right to Farm" bylaw.
6	0.52444	0.07413	0.00940	0.00872	1.000	6
7	0.41729	0.93023	0.22180	0.01453	1.000	ELECTED OFFICIALS
7	0.12591	0.90977	0.11660	0.01913	1.000	GOVERNOR
7	0.12591	0.89670	0.10344	0.01619	1.000	Charlie Baker
7	0.12594	0.88368	0.18985	0.01167	1.000	Massachusetts State House
7	0.12782	0.85465	0.15977	0.01316	1.000	Office of the Governor
7	0.12776	0.83977	0.13169	0.01377	1.000	Boston, MA 02133
7	0.12406	0.82413	0.11842	0.01317	1.000	(617) 725-4005
7	0.12401	0.81073	0.11289	0.01227	1.000	(888) 870-7770
7	0.64474	0.90988	0.20865	0.01745	1.000	ATTORNEY GENERAL
7	0.64619	0.89609	0.10049	0.01474	1.000	Maura Healey
7	0.64662	0.88070	0.18985	0.01464	1.000	Office of Attorney General
7	0.64850	0.86773	0.15038	0.01308	1.000	One Ashburton Place
7	0.64850	0.85169	0.17481	0.01463	1.000	Boston, MA 02108-1518
7	0.64286	0.83721	0.11278	0.01453	1.000	(617) 727-2200
7	0.77068	0.84003	0.09398	0.01171	1.000	Boston office
7	0.64474	0.82267	0.23872	0.01463	1.000	(508) 792-7600 Worcester office
7	0.65038	0.80804	0.16917	0.01319	1.000	Email: ago@state.ma.us
7	0.27068	0.77471	0.51504	0.01599	1.000	MASSACHUSETTS CONGRESSIONAL DELEGATION
7	0.48678	0.75559	0.08471	0.01498	1.000	SENATE
7	0.12587	0.73807	0.13736	0.01951	1.000	Elizabeth Warren
7	0.12594	0.72384	0.11466	0.01599	1.000	Boston Office
7	0.12594	0.70486	0.21053	0.01910	1.000	2400 JFK Federal Building
7	0.12594	0.69041	0.18421	0.01892	1.000	15 New Sudbury Street
7	0.12594	0.67436	0.15038	0.01761	1.000	Boston, MA 02203
7	0.12402	0.65824	0.12603	0.01783	1.000	(617) 565-3170
7	0.12406	0.64099	0.24060	0.01599	0.500	http://www.warren.senate.gov/
7	0.59398	0.73834	0.14098	0.01463	1.000	Edward J. Markey
7	0.59398	0.72384	0.11278	0.01308	1.000	Boston Office
7	0.59586	0.70635	0.20113	0.01463	1.000	975 JFK Federal Building
7	0.59586	0.69041	0.18045	0.01453	1.000	15 New Sudbury Street
7	0.59774	0.67287	0.14662	0.01612	1.000	Boston, MA 02203
7	0.59207	0.65829	0.12224	0.01627	1.000	(617) 565-8519
7	0.59398	0.64099	0.24436	0.01599	0.500	http://www.markey.senate.gov/
7	0.12594	0.60901	0.19737	0.01599	1.000	Washington D.C. Office
7	0.12570	0.59288	0.24869	0.01906	1.000	317 Hart Senate Office Building
7	0.12782	0.57703	0.19361	0.01599	1.000	Washington, D. C. 20510
7	0.12406	0.56101	0.12218	0.01612	1.000	(202) 224-4543
7	0.12594	0.52902	0.28947	0.01761	1.000	Niki Tsongas - Federal- 3rd District
7	0.12594	0.51163	0.30639	0.01744	1.000	1714 Longworth House Office Building
7	0.12782	0.49702	0.18985	0.01463	1.000	Washington, D.C. 20515
7	0.12589	0.48088	0.12040	0.01645	1.000	(202) 225-3411
7	0.59774	0.60901	0.19549	0.01599	1.000	Washington D.C. Office
7	0.59774	0.59301	0.27632	0.01612	1.000	255 Dirksen Senate Office Building
7	0.59774	0.57703	0.19549	0.01599	1.000	Washington, D. C. 20510
7	0.59586	0.56250	0.12218	0.01599	1.000	(202) 224-2742
7	0.59962	0.52753	0.21805	0.01612	1.000	Fitchburg State University
7	0.59962	0.51453	0.30639	0.01453	1.000	Center for Professional Studies Office
7	0.59962	0.50000	0.12218	0.01017	1.000	150 Main Street
7	0.59767	0.48196	0.17496	0.01428	1.000	Fitchburg, MA 01420
7	0.59765	0.46472	0.12237	0.01824	1.000	(978) 459-0101
7	0.41729	0.43023	0.22556	0.01744	1.000	STATE LEGISLATORS
7	0.12594	0.41134	0.33271	0.01453	1.000	Senate- Worcester & Middlesex Districts
7	0.12594	0.39385	0.17293	0.01612	1.000	Jennifer L. Flanagan
7	0.12594	0.37791	0.23120	0.01599	1.000	MA State House, Room 312D
7	0.12594	0.36186	0.14850	0.01612	1.000	Boston, MA 02133
7	0.12590	0.34575	0.12226	0.01635	1.000	(617) 722-1230
7	0.12594	0.32994	0.25940	0.01599	1.000	Jennifer.Flanagan@masenate.gov
7	0.12782	0.29787	0.40414	0.01761	1.000	House of Representatives - 37* Middlesex District
7	0.12782	0.28343	0.15414	0.01320	1.000	Jennifer E. Benson
7	0.12594	0.26453	0.20865	0.01599	1.000	MA State House, Room 42
7	0.12594	0.25000	0.14850	0.01463	1.000	Boston, MA 02133
7	0.12594	0.23401	0.11654	0.01453	1.000	(617)722-2014
7	0.12594	0.21802	0.24248	0.01453	1.000	Jennifer.Benson@mahouse.gov
7	0.12594	0.18601	0.39474	0.01748	1.000	House of Representatives- 3rd Worcester District
7	0.12777	0.16984	0.10536	0.01498	1.000	Stephan Hay
7	0.12594	0.15253	0.20677	0.01612	1.000	MA State House, Room 33
7	0.12782	0.13663	0.14662	0.01453	1.000	Boston, MA 02133
7	0.12594	0.12202	0.12030	0.01463	1.000	(617) 722-2060
7	0.12594	0.10465	0.21805	0.01453	1.000	Stephan.Hay@mahouse.gov
7	0.56764	0.39378	0.12224	0.01768	1.000	District Office
7	0.56767	0.37936	0.13158	0.01453	1.000	24 Church Street
7	0.56767	0.36186	0.18233	0.01896	1.000	Leominster, MA 01453
7	0.56767	0.34738	0.12218	0.01453	1.000	(978) 534-3388
7	0.57127	0.29591	0.25413	0.01967	1.000	(Lunenburg Precincts A, C, D)
7	0.56203	0.18452	0.19925	0.01896	1.000	(Lunenburg Precinct B)
7	0.56761	0.16692	0.12419	0.02082	1.000	District Office
7	0.56767	0.15253	0.18797	0.02044	1.000	Fitchburg Senior Center
7	0.56767	0.13808	0.15602	0.01891	1.000	14 Wallace Avenue
7	0.56767	0.12054	0.17293	0.01910	1.000	Fitchburg, MA 01420
7	0.56767	0.10465	0.12782	0.01744	1.000	(978) 829-1794
8	0.41729	0.92878	0.21992	0.01744	1.000	ELECTED OFFICIALS
8	0.38722	0.88953	0.28195	0.01746	1.000	Board of Assessors - 3 year term
8	0.43985	0.87351	0.17481	0.01463	1.000	Louis J. Franco - 2017
8	0.43609	0.85317	0.18421	0.01746	1.000	Richard H. Letarte-2018
8	0.44925	0.83721	0.15789	0.01599	1.000	Rena Swezey - 2019
8	0.34211	0.80084	0.37030	0.01612	1.000	Board of Health - (5 members) 3 year term
8	0.44173	0.78343	0.17105	0.01599	1.000	George Emond - 2018
8	0.45301	0.76736	0.15226	0.01463	1.000	Paul J. Fortin- 2017
8	0.44361	0.74851	0.16729	0.01612	1.000	Perry R. Jewell- 2017
8	0.43421	0.73110	0.18609	0.01599	1.000	David M. Passios - 2018
8	0.44925	0.71354	0.15789	0.01612	1.000	James J. Auge- 2019
8	0.38317	0.67315	0.28819	0.02256	1.000	Board of Selectmen - 3 year term
8	0.43045	0.65843	0.19737	0.01599	1.000	Thomas A. Alonzo - 2017
8	0.43797	0.64087	0.18045	0.01612	1.000	Paula J. Bertram - 2018
8	0.43233	0.62500	0.19361	0.01463	1.000	Robert J. Ebersole - 2019
8	0.43985	0.60610	0.17669	0.01599	1.000	Phyllis M. Luck - 2017
8	0.44173	0.58854	0.17105	0.01612	1.000	James E. Toale - 2019
8	0.37218	0.55084	0.31391	0.01892	1.000	Cemetery Commission - 3 year term
8	0.44549	0.53488	0.16541	0.01599	1.000	Lance D. May - 2019
8	0.43421	0.51587	0.18797	0.01761	1.000	Lorraine Mendoza- 2018
8	0.43421	0.50000	0.18797	0.01599	1.000	G. Stephen Schaff - 2017
8	0.42669	0.46354	0.20489	0.01612	1.000	Constable - 3 year term
8	0.44549	0.44618	0.16165	0.01612	1.000	John E. Baker - 2019
8	0.32895	0.40988	0.39662	0.01745	1.000	Housing Authority - (5 members) 5 year term
8	0.41165	0.39385	0.23120	0.01463	1.000	Deborah A. H. Christen - 2018
8	0.44361	0.37500	0.17105	0.01599	1.000	Paul J. Doherty - 2020
8	0.44361	0.35901	0.16917	0.01453	1.000	Caroline Fortin - 2019
8	0.42857	0.34152	0.19737	0.01463	1.000	Linda M. McDonald-2021
8	0.39474	0.30233	0.26504	0.01744	1.000	Library Trustees - 3 year term
8	0.45113	0.28770	0.15414	0.01463	1.000	Harry Kubitz - 2017
8	0.42105	0.26885	0.21241	0.01612	1.000	Richard N. Mailloux - 2019
8	0.44737	0.25291	0.16165	0.01308	1.000	Kiirja Paananen-2018
8	0.46053	0.23834	0.13534	0.01314	1.000	Donna Saiia-2019
8	0.43985	0.21652	0.17669	0.01761	1.000	Gare Thompson - 2019
8	0.45110	0.20043	0.15232	0.01919	1.000	Susan Visser - 2017
8	0.43233	0.18304	0.19173	0.01464	1.000	Lars H. Widstrand - 2018
8	0.42293	0.14826	0.20489	0.01320	1.000	Moderator - 3 year tern
8	0.42857	0.13070	0.19925	0.02191	1.000	Timothy W. Murphy - 2018
8	0.52444	0.07413	0.01128	0.01017	1.000	8
9	0.41729	0.93169	0.21992	0.01747	1.000	ELECTED OFFICIALS
9	0.38699	0.89149	0.27677	0.01954	1.000	Park Commission - 3 year term
9	0.43797	0.87791	0.17669	0.01453	1.000	Dennis Mannone-2019
9	0.44925	0.86037	0.15602	0.01463	1.000	Karin Menard- 2018
9	0.36654	0.84003	0.31955	0.01761	1.000	Pete McCauliff-appointed July 19, 2016*
9	0.37782	0.82267	0.29511	0.01745	1.000	Robert Robuccio - resigned June 2016
9	0.40414	0.80669	0.24624	0.01747	1.000	* Serving until next annual election
9	0.37782	0.77034	0.29699	0.01891	1.000	Planning Board - 2 - 5 year terms
9	0.43421	0.75570	0.18421	0.01464	1.000	Matthew Allison - 2020
9	0.43045	0.73686	0.19173	0.01612	1.000	Gregory P. Bittner- 2017
9	0.43797	0.72093	0.17669	0.01599	1.000	Kenneth Chenis - 2019
9	0.42293	0.70337	0.20677	0.01612	1.000	Damon J. McQuaid - 2018
9	0.43233	0.68750	0.18609	0.01314	1.000	David Prokowiew- 2021
9	0.38534	0.64826	0.28195	0.01744	1.000	School Committee - 3 year term
9	0.42857	0.63219	0.19549	0.01612	1.000	Dawn-Marie Ayles -2019
9	0.43797	0.61483	0.17669	0.01599	1.000	Wendy Bertrand- 2018
9	0.43609	0.60020	0.18045	0.01317	1.000	Michael Mackin - 2017
9	0.44361	0.58284	0.16353	0.01463	1.000	Heather Sroka - 2017
9	0.43985	0.56541	0.17105	0.01453	1.000	Meredith Weiss- 2019
9	0.36090	0.52604	0.33083	0.01761	1.000	Sewer Commission - 1/2/3 year terms
9	0.36654	0.50868	0.31955	0.01748	1.000	Joseph Anderson-appointed July 5, 2016*
9	0.39098	0.49273	0.26504	0.01744	1.000	Susan Bunish- resigned July 2016
9	0.38158	0.47520	0.28947	0.01761	1.000	Troy Daniels - resigned January 2016
9	0.45865	0.45930	0.13534	0.01599	1.000	Carl Luck - 2019
9	0.38534	0.44041	0.28195	0.01892	1.000	Joan Pease-appointed July 19, 2016*
9	0.43233	0.42287	0.17857	0.01761	1.000	John Reynolds - 2019
9	0.35338	0.40551	0.34586	0.01891	1.000	Richard St. Cyr-appointed October 11, 2016*
9	0.40602	0.39087	0.24060	0.01465	1.000	*Serving until next annual election
9	0.41165	0.35465	0.22932	0.01744	1.000	Town Clerk - 3 year term
9	0.41917	0.33721	0.21053	0.01745	1.000	Kathyrn M. Herrick - 2019
9	0.35691	0.29853	0.33693	0.02101	1.000	Trust Fund Commission - 3 year term
9	0.43421	0.28488	0.18421	0.01453	1.000	Michael D. Gale - 2018
9	0.43985	0.26587	0.17105	0.01612	1.000	Robert Herrick - 2019
9	0.45113	0.25000	0.14662	0.01463	1.000	Karen Ullo - 2017
9	0.52256	0.07122	0.01316	0.01308	1.000	9
10	0.40789	0.92878	0.24248	0.01890	1.000	APPOINTED OFFICIALS
10	0.26504	0.91134	0.53195	0.01897	1.000	TERMS ARE FOR ONE YEAR UNLESS OTHERWISE INDICATED.
10	0.12594	0.87645	0.40414	0.01744	1.000	AGRICULTURAL COMMISSION- 3 year terms
10	0.12594	0.86037	0.17293	0.01612	1.000	Maureen Dupuis-2019
10	0.12594	0.84301	0.20301	0.01612	1.000	Douglas MacMillan - 2018
10	0.12594	0.82837	0.17857	0.01612	1.000	Jeffrey Mendoza- 2018
10	0.12782	0.81101	0.14474	0.01612	1.000	Arthur Snow-2019
10	0.12594	0.79506	0.17481	0.01453	1.000	Renee Trakimas- 2017
10	0.12594	0.76453	0.28195	0.01599	1.000	ANIMAL CONTROL OFFICER/
10	0.12594	0.74702	0.16541	0.01315	1.000	Kathleen M. Comeau
10	0.44925	0.76453	0.43045	0.01895	1.000	ANIMAL INSPECTOR (Term runs May 1 to April 30)
10	0.54323	0.74554	0.16729	0.01761	1.000	Kathleen M. Comeau
10	0.12594	0.71221	0.73308	0.01894	1.000	ARCHITECTURAL PRESERVATION DISTRICT COMMISSION (APDC)-3 year terms
10	0.12594	0.69618	0.16541	0.01463	1.000	Brian Corcoran-2018
10	0.12594	0.68023	0.15602	0.01599	1.000	Cullen Dwyer-2017
10	0.12406	0.66270	0.17481	0.01761	1.000	Matthew Kehrer-2019
10	0.12594	0.64826	0.14286	0.01320	1.000	Jim LaVeck- 2017
10	0.12594	0.63070	0.18045	0.01464	1.000	Richard McGrath-2019
10	0.12594	0.59593	0.61654	0.01599	1.000	BOARD OF REGISTRARS OF VOTERS (Term runs April 1 to March 31)
10	0.12594	0.58135	0.16165	0.01314	1.000	Ruth Anderson-2018
10	0.12594	0.56250	0.21429	0.01463	1.000	Kathy Herrick- Town Clerk
10	0.12594	0.54506	0.14850	0.01599	1.000	Karen Kemp- 2017
10	0.12594	0.51308	0.25752	0.01453	1.000	BUILDING COMMISSIONER
10	0.12594	0.49554	0.15226	0.01464	1.000	Michael Sauvageau
10	0.12594	0.46221	0.35338	0.02192	1.000	BUILDING INSPECTOR (ALTERNATE)
10	0.12592	0.44613	0.10906	0.01472	1.000	Garry Rhodes
10	0.56767	0.46221	0.32707	0.01894	1.000	ASSISTANT BUILDING INSPECTOR
10	0.64847	0.44610	0.11848	0.01769	1.000	John Morreale
10	0.12594	0.41419	0.29323	0.01314	1.000	BUILDING REUSE COMMITTEE
10	0.12594	0.39534	0.31579	0.01745	1.000	Ronald Albert-resigned November 2016
10	0.12594	0.37791	0.39098	0.01892	1.000	Mark Erickson, Finance Committee Representative
10	0.12594	0.36186	0.31579	0.01612	1.000	Rebecca Lantry- Historical Commission
10	0.12594	0.34593	0.37406	0.01890	1.000	Mike Mackin, School Committee Representative
10	0.12782	0.32837	0.21992	0.01612	1.000	David MacDonald, Resident
10	0.12782	0.31101	0.37782	0.01748	1.000	Damon McQuaid, Planning Board Representative
10	0.12594	0.29506	0.37030	0.01599	1.000	Jamie Toale, Board of Selectmen Representative
10	0.12594	0.26308	0.28383	0.01453	1.000	BYLAW REVIEW COMMITTEE
10	0.12782	0.24702	0.11090	0.01315	1.000	Robert Bowen
10	0.12594	0.22817	0.09586	0.01612	1.000	Nancy Gray
10	0.12782	0.21221	0.13346	0.01453	1.000	Cathy Hennessey
10	0.12782	0.19469	0.22368	0.01612	1.000	Kathryn Herrick-Town Clerk
10	0.12594	0.18169	0.12030	0.01163	1.000	Michelle Smith
10	0.12782	0.14385	0.29887	0.01612	1.000	CABLE ADVISORY COMMITTEE
10	0.12782	0.13070	0.14098	0.01319	1.000	Tom Alonzo-2016
10	0.12594	0.11483	0.15977	0.01315	1.000	Paula Bertram- 2016
10	0.12594	0.09738	0.16165	0.01453	1.000	Steve Walker - 2016
10	0.51880	0.07267	0.02068	0.01163	1.000	10
11	0.40602	0.93169	0.23872	0.01747	1.000	APPOINTED OFFICIALS
11	0.26316	0.91134	0.52444	0.01599	1.000	TERMS ARE FOR ONE YEAR UNLESS OTHERWISE INDICATED.
11	0.12782	0.87351	0.42481	0.02038	1.000	CAPITAL PLANNING COMMITTEE-3 year terms
11	0.12594	0.86037	0.25752	0.01612	1.000	Matthew Allison- Planning Board
11	0.12594	0.84593	0.27068	0.01320	1.000	John Henshaw- Finance Committee
11	0.12782	0.82703	0.28947	0.01599	1.000	Karin Menard- Member at Large-2019
11	0.12782	0.81101	0.25940	0.01314	1.000	Heather Sroka- School Committee
11	0.12594	0.79360	0.25376	0.01453	1.000	Jamie Toale- Board of Selectmen
11	0.12782	0.77471	0.34023	0.01745	1.000	Kerry A. Lafleur- Town Manager, Ex Officio
11	0.12782	0.74273	0.15977	0.01308	1.000	CLOCK WINDERS
11	0.12774	0.72498	0.09602	0.01516	1.000	Tom Alonzo
11	0.12594	0.70635	0.19361	0.01612	1.000	Joseph "Al" Dettenrieder
11	0.12773	0.69148	0.08853	0.01384	1.000	Lou Franco
11	0.12581	0.67232	0.12433	0.01728	1.000	Michael Kidney
11	0.12589	0.65537	0.09221	0.01921	1.000	John Lynch
11	0.12594	0.63808	0.11278	0.01599	1.000	George Martin
11	0.12594	0.60317	0.39662	0.01612	1.000	CONSERVATION COMMISSION- 3 year terms
11	0.12594	0.58721	0.15414	0.01599	1.000	Tom Bertram- 2017
11	0.12594	0.57118	0.16541	0.01748	1.000	Richard Bursch-2017
11	0.12594	0.55084	0.14850	0.02038	1.000	Todd Dwyer- 2019
11	0.12782	0.53770	0.15977	0.01612	1.000	Kenneth Jones- 2018
11	0.12782	0.52034	0.12406	0.01463	1.000	Carl Luck -2018
11	0.12594	0.50436	0.12782	0.01746	1.000	Bob Pease- 2019
11	0.12594	0.48537	0.14850	0.01761	1.000	John Rabbitt- 2019
11	0.12573	0.44828	0.12073	0.02059	1.000	CONSTABLE
11	0.12586	0.43433	0.09227	0.01796	1.000	Kevin Rice
11	0.13526	0.41685	0.08099	0.01369	1.000	llan Herge
11	0.13342	0.40248	0.09970	0.01627	1.000	Stanlev Youn
11	0.12594	0.36334	0.30451	0.02038	1.000	COUNCIL ON AGING- 3 year terms
11	0.12594	0.34738	0.27632	0.01599	1.000	Elizabeth (Betty) DiGiacomo - 2018
11	0.12594	0.32986	0.18421	0.02043	1.000	Jacquelyn Dwyer- 2019
11	0.12782	0.31541	0.15977	0.01308	1.000	Brian Guenard -2018
11	0.12594	0.29787	0.14286	0.01318	1.000	Sarah Grant- 2017
11	0.12594	0.27902	0.24060	0.01463	1.000	Jean Hobbs- Honorary Member
11	0.12782	0.26308	0.16729	0.01453	1.000	Debbie Lincoln- 2018
11	0.12594	0.24702	0.14098	0.01315	1.000	Pete Lincoln-2019
11	0.12782	0.22669	0.16541	0.01612	1.000	Kevin McNally- 2019
11	0.12782	0.21076	0.15602	0.01453	1.000	Cheryl Moisan-2017
11	0.12782	0.19469	0.14474	0.01463	1.000	Diane Nowd- 2017
11	0.12594	0.17878	0.14286	0.01319	1.000	Jane Rabbitt- 2019
11	0.12594	0.16134	0.16353	0.01308	1.000	Judith Tarbell - 2019
11	0.12594	0.12500	0.29699	0.01463	1.000	COUNCIL ON AGING DIRECTOR
11	0.12565	0.10837	0.11519	0.01493	1.000	Susan Doherty
11	0.52068	0.07413	0.01692	0.00872	1.000	11
12	0.40602	0.92733	0.24436	0.02332	1.000	APPOINTED OFFICIALS
12	0.26504	0.91134	0.53008	0.01897	1.000	TERMS ARE FOR ONE YEAR UNLESS OTHERWISE INDICATED.
12	0.12782	0.87791	0.31579	0.02041	1.000	CULTURAL COUNCIL- 3 year terms
12	0.12782	0.86334	0.15789	0.01747	1.000	Brent Benson- 2017
12	0.12782	0.84884	0.17105	0.01453	1.000	Laura Brozozski-2018
12	0.12782	0.83284	0.12782	0.01463	1.000	Holly Carr-2019
12	0.12782	0.81250	0.13534	0.01744	1.000	Sarah Coon-2018
12	0.12782	0.79506	0.19549	0.01893	1.000	Mary Ellen Letarte- 2018
12	0.12782	0.77902	0.16729	0.01761	1.000	Pete McCarron- 2018
12	0.12782	0.74419	0.13534	0.01747	1.000	DAM KEEPER
12	0.56767	0.74273	0.24624	0.02041	1.000	ASSISTANT DAM KEEPER
12	0.12782	0.72817	0.11842	0.01612	1.000	Ronald Wilson
12	0.64098	0.72669	0.10902	0.01895	1.000	Richard Patry
12	0.12782	0.69320	0.68421	0.01910	1.000	FIRE CHIEF/ EMERGENCY MANAGEMENT DIRECTOR/ FOREST WARDEN
12	0.12782	0.67733	0.12594	0.01744	1.000	Patrick Sullivan
12	0.12782	0.64236	0.64286	0.02043	1.000	"RACES" CONTROL OPERATOR (Radio Amateur Civil Emergency Service)
12	0.12782	0.62645	0.13346	0.01453	1.000	Brian L. LeBlanc
12	0.12776	0.60878	0.10914	0.01790	1.000	Ralph Swick
12	0.12594	0.59152	0.16541	0.01895	1.000	Jean Swick, Member
12	0.12782	0.55523	0.17669	0.02190	1.000	FENCE VIEWERS
12	0.12782	0.54070	0.09023	0.01599	1.000	Vacancies
12	0.56555	0.55279	0.14709	0.02379	1.000	FIELD DRIVER
12	0.56767	0.53919	0.14286	0.01761	1.000	Kathleen Comeau
12	0.12782	0.50436	0.32707	0.01895	1.000	FINANCE COMMITTEE- 3 year terms
12	0.12782	0.48834	0.18233	0.01612	1.000	Hannah Anderson-2019
12	0.12782	0.47238	0.18609	0.01453	1.000	Terese Burchfield- 2018
12	0.12782	0.45635	0.16353	0.01463	1.000	Mark Erickson- 2018
12	0.12594	0.43895	0.15977	0.01599	1.000	John Henshaw-2019
12	0.12782	0.42006	0.26128	0.01893	1.000	Karin Menard-resigned May 2016
12	0.12970	0.40402	0.16165	0.01612	1.000	George Martin- 2019
12	0.12774	0.38908	0.14302	0.01690	1.000	Jay Simeone-2017
12	0.12751	0.36839	0.08521	0.02195	1.000	1 Vacancy
12	0.12782	0.33430	0.32707	0.01890	1.000	GREEN COMMUNITY TASK FORCE
12	0.12779	0.31821	0.09405	0.01765	1.000	David Blatt
12	0.12779	0.30078	0.10156	0.01909	1.000	Greg Bittner
12	0.12778	0.28183	0.13354	0.02209	1.000	Michael Conway
12	0.12782	0.26736	0.12970	0.01761	1.000	Zachary Cutting
12	0.12587	0.25255	0.14111	0.01671	1.000	Elizabeth Murphy
12	0.12782	0.23537	0.10714	0.01910	1.000	Neal Sullivan
12	0.12782	0.19913	0.34774	0.02037	1.000	HAZARDOUS WASTE COORDINATOR
12	0.12782	0.18304	0.13158	0.01761	1.000	Kerry A. Lafleur
12	0.12782	0.14971	0.36842	0.02192	1.000	HISTORICAL COMMISSION- 3 year terms
12	0.12782	0.13517	0.15414	0.01599	1.000	Cullen Dwyer-2017
12	0.37030	0.13517	0.11654	0.01599	1.000	ois Lewis-2019
12	0.12779	0.12047	0.16548	0.01923	1.000	Rebecca Lantry-2018
12	0.37030	0.12054	0.16165	0.01761	1.000	lichard McGrath-201
12	0.12782	0.10020	0.31015	0.01761	1.000	Amory Phelps-resigned September 2016
12	0.57699	0.32963	0.16933	0.02534	1.000	GCTF ADVISORS
12	0.56767	0.31686	0.25188	0.02044	1.000	A dam Burney, Land Use Director
12	0.56372	0.30151	0.15451	0.02344	1.000	James Breault, DPWR
12	0.56015	0.28343	0.34962	0.02039	1.000	John Londa, Director of Facilities & Grounds
12	0.62030	0.19767	0.19549	0.02183	1.000	HEARINGS OFFICER
12	0.62019	0.18119	0.13556	0.01989	1.000	Kerry A. Lafleur
12	0.51504	0.07122	0.02632	0.01744	1.000	12
13	0.40977	0.93452	0.24248	0.02042	1.000	APPOINTED OFFICIALS
13	0.26692	0.91715	0.52820	0.01890	1.000	TERMS ARE FOR ONE YEAR UNLESS OTHERWISE INDICATED.
13	0.12970	0.88663	0.40977	0.01744	1.000	INSPECTOR OF PLUMBING & GAS FITTINGS
13	0.57331	0.88663	0.35150	0.01890	1.000	ASST. INSPECTOR OF PLUMBING/GAS
13	0.12970	0.87054	0.25000	0.01612	1.000	Gary Williams - 34 Round Road
13	0.66353	0.87054	0.13346	0.01761	1.000	Richard Kapenas
13	0.12970	0.83854	0.37030	0.01910	1.000	INSPECTOR OF WEIGHTS & MEASURES
13	0.56767	0.84152	0.22932	0.01463	1.000	INSPECTOR OF WIRING
13	0.12970	0.82267	0.16165	0.01599	1.000	Stephen E. Cullinane
13	0.56767	0.82558	0.30263	0.01453	1.000	James Sharkey-retired December 2016
13	0.12970	0.79067	0.25564	0.01463	1.000	INTERIM TOWN MANAGER
13	0.12970	0.77604	0.14286	0.01320	1.000	David J. Marciello
13	0.12970	0.74273	0.23496	0.01744	1.000	LOCAL CENSUS LIAISON
13	0.12970	0.72669	0.25188	0.01612	1.000	Kathyrn M. Herrick, Town Clerk
13	0.12970	0.69618	0.23684	0.01463	1.000	MART ADVISORY BOARD
13	0.12964	0.67854	0.09974	0.01502	1.000	Phyllis Luck
13	0.12970	0.64385	0.53571	0.02331	1.000	MONTACHUSETT JOINT TRANSPORTATION COMMITTEE
13	0.12970	0.63070	0.36466	0.01612	1.000	Kenneth Chenis-Planning Board Representative
13	0.12970	0.59884	0.68985	0.01748	1.000	MONTACHUSETT METROPOLITAN PLANNING ORGANIZATION-Subregion 3
13	0.12970	0.58430	0.11090	0.01317	1.000	Paula Bertram
13	0.12970	0.55084	0.50752	0.01747	1.000	MONTACHUSETT REGIONAL PLANNING COMMISSION
13	0.12970	0.53488	0.38346	0.01599	1.000	David Prokowiew- Planning Board Representative
13	0.12962	0.49812	0.73516	0.02382	1.000	MONTACHUSETT REGIONAL VOCATIONAL TECHNICAL SCHOOL COMMITTEE
13	0.12970	0.48686	0.18045	0.01463	1.000	Barbara Reynolds-2019
13	0.12970	0.45337	0.35526	0.01612	1.000	PERSONNEL COMMITTEE- 3 year terms
13	0.12970	0.44041	0.13534	0.01308	1.000	Scott Chase-2017
13	0.12970	0.42436	0.18045	0.01314	1.000	Deborah Christen-2016
13	0.12970	0.40843	0.18421	0.01320	1.000	David MacDonald-2019
13	0.12970	0.39087	0.28383	0.01465	1.000	Cheryl Valera-resigned January 2016
13	0.12970	0.37500	0.15414	0.01463	1.000	Linda Vickery-2017
13	0.12970	0.35901	0.35526	0.01599	1.000	Nancy Forest- Town Employee Representative
13	0.12769	0.32074	0.14312	0.02423	1.000	POLICE CHIEF
13	0.12777	0.31087	0.11287	0.01780	1.000	James Marino
13	0.12970	0.27753	0.15414	0.01910	1.000	POUND KEEPER
13	0.12772	0.26415	0.09605	0.01530	1.000	Jean Larkin
13	0.12970	0.22817	0.46053	0.02037	1.000	PUBLIC ACCESS CABLE COMMITTEE- 3 year terms
13	0.12782	0.21503	0.15038	0.01463	1.000	Jeffrey Bajko-2017
13	0.12765	0.20111	0.13944	0.01785	1.000	Faith Beall- 2018
13	0.12970	0.18304	0.16917	0.01761	1.000	Stephen Walker-2017
13	0.51880	0.07267	0.01880	0.01163	1.000	13
14	0.41541	0.93169	0.22932	0.01308	1.000	APPOINTED OFFICIALS
14	0.27068	0.91270	0.51880	0.02335	1.000	TERMS ARE FOR ONE YEAR UNLESS OTHERWISE INDICATED.
14	0.12594	0.87500	0.36278	0.01744	1.000	PUBLIC WEIGHERS (for P.J. Keating Co.)
14	0.12585	0.86003	0.10921	0.01540	1.000	Brian Contois
14	0.30263	0.85901	0.14286	0.01599	1.000	Michael Reynolds
14	0.46046	0.86026	0.10163	0.01931	1.000	Eric Morin
14	0.12594	0.84448	0.12030	0.01316	1.000	Robert Croteau
14	0.30451	0.84301	0.14662	0.01612	1.000	Richard Reynolds
14	0.46608	0.84265	0.13927	0.01965	1.000	Jennifer Oliveira
14	0.12594	0.82558	0.12782	0.01599	1.000	Sarah Fitzgerald
14	0.30057	0.82486	0.10187	0.01743	1.000	Jay Vallierre
14	0.65038	0.85901	0.15414	0.01599	1.000	Britany Woodhouse
14	0.12594	0.79067	0.31203	0.01746	1.000	SCHOOL BUILDING COMMITTEE
14	0.12594	0.77604	0.25940	0.01466	1.000	Tom Alonzo- Board of Selectmen
14	0.12594	0.75719	0.23496	0.01612	1.000	Mike Barney- Citizen at Large
14	0.12594	0.74128	0.30639	0.01599	1.000	Loxi Jo Calmes- School Superintendent
14	0.12782	0.72384	0.22556	0.01599	1.000	Greg Bittner- Planning Board
14	0.12594	0.70930	0.27444	0.01317	1.000	Mark Erickson- Finance Committee
14	0.12594	0.69041	0.22744	0.01453	1.000	Brian Frank-Citizen At Large
14	0.12594	0.67584	0.25752	0.01314	1.000	Mike Mackin- School Committee
14	0.12782	0.65551	0.23872	0.01612	1.000	Gregory Roy- Citizen At Large
14	0.12594	0.63808	0.25752	0.01744	1.000	Colleen Shapiro- Citizen at Large
14	0.13346	0.61037	0.53195	0.01173	1.000	SENIOR CITIZEN PROPERTY TAX WORK-OFF PROGRAM ¿
14	0.13534	0.59448	0.25376	0.02035	1.000	TAXATION AID COMMITTEE
14	0.12594	0.57267	0.32707	0.01745	1.000	Sheila Craigen- Assessors' Principal Clerk
14	0.12594	0.55669	0.33083	0.01599	1.000	Susan Doherty- Council on Aging Director
14	0.12594	0.53919	0.40414	0.01761	1.000	Nancy Forest-Human Resources/Payroll Coordinator
14	0.12594	0.52326	0.22932	0.01599	1.000	Jean Larkin-Member at Large
14	0.12577	0.50552	0.28229	0.01802	1.000	Myleen Mallari- Treasurer/Collector
14	0.12594	0.47384	0.27444	0.01308	1.000	STORM WATER TASK FORCE
14	0.12583	0.45326	0.37805	0.01929	1.000	Matthew Allison- Planning Board Representative
14	0.12594	0.43750	0.48872	0.01744	1.000	Jim Auge- Board of Health Representative- resigned April 2016
14	0.12594	0.42151	0.25752	0.01453	1.000	Sarah Cammer- Member at Large
14	0.12782	0.40402	0.44925	0.01761	1.000	David MacDonald- Member at Large-resigned March 2016
14	0.12594	0.38808	0.32895	0.01599	1.000	John Rabbitt- Conservation Representative
14	0.12594	0.37054	0.17481	0.01612	1.000	Jack Rodriquenz-DPW
14	0.12594	0.35317	0.18797	0.01612	1.000	Phyllis Luck- Selectmen
14	0.12594	0.32118	0.16165	0.01894	1.000	TOWN COUNSEL
14	0.12583	0.30337	0.10548	0.01825	1.000	KP Law, P.C.
14	0.12594	0.27034	0.28759	0.01891	1.000	TOWN HALL CLOCKWINDERS
14	0.12782	0.25570	0.09774	0.01174	1.000	Tom Alonzo
14	0.12594	0.23983	0.19549	0.01599	1.000	Joseph "Al" Dettenrieder
14	0.12588	0.22071	0.09223	0.01644	1.000	Lou Franco
14	0.12782	0.20486	0.11466	0.01612	1.000	Brian Guenard
14	0.12766	0.18674	0.12437	0.01750	1.000	Michael Kidney
14	0.12587	0.16980	0.09600	0.01649	1.000	John Lynch
14	0.12782	0.15551	0.11278	0.01746	1.000	George Martin
14	0.12594	0.11919	0.26880	0.01599	1.000	TOWN FOREST COMMITTEE
14	0.12594	0.10317	0.17105	0.01463	1.000	Richard Bursch- 2016
14	0.52068	0.07413	0.01880	0.00872	1.000	14
15	0.40977	0.92584	0.24248	0.01892	1.000	APPOINTED OFFICIALS
15	0.26692	0.90843	0.52820	0.01599	1.000	TERMS ARE FOR ONE YEAR UNLESS OTHERWISE INDICATED.
15	0.12782	0.87645	0.41165	0.01744	1.000	TOWN MANAGER SCREENING COMMITTEE
15	0.12782	0.85901	0.25376	0.01599	1.000	Matthew Allison-Planning Board
15	0.12942	0.84239	0.27506	0.02289	1.000	Mark Erickson- Finance Committee
15	0.12970	0.82837	0.24060	0.01910	1.000	Tim Murphy- Town Moderator
15	0.12970	0.81250	0.26128	0.01463	1.000	Heather Sroka- School Committee
15	0.12782	0.79651	0.18421	0.01453	1.000	Jamie Toale- Selectmen
15	0.12782	0.76163	0.14662	0.01890	1.000	TREE WARDEN
15	0.12782	0.74554	0.12970	0.01612	1.000	Jack Rodriquenz
15	0.12970	0.71354	0.27632	0.01761	1.000	VETERANS SERVICES AGENT
15	0.12779	0.69756	0.09968	0.01477	1.000	T. J. Blauser
15	0.12970	0.66715	0.25188	0.01167	1.000	WELLNESS COORDINATOR
15	0.12970	0.65104	0.12406	0.01175	1.000	Lisa Normandin
15	0.12782	0.61628	0.37782	0.01319	1.000	ZONING BOARD OF APPEALS 5 year terms
15	0.13158	0.60020	0.32895	0.01317	1.000	Raymond E. Beal- resigned December 2016
15	0.12782	0.58576	0.18797	0.01744	1.000	James Besarkarski-2021
15	0.12967	0.56655	0.28390	0.01806	1.000	Donald Bowen - resigned April 2016
15	0.12594	0.49851	0.16917	0.02038	1.000	ZBA ASSOCIATES
15	0.12782	0.48537	0.14286	0.01761	1.000	David Blatt- 2019
15	0.33835	0.48537	0.15414	0.01761	1.000	Paul Doherty- 2017
15	0.53571	0.48686	0.14286	0.01314	1.000	Sheila Lumi- 2018
15	0.52068	0.07267	0.01692	0.01017	1.000	15
16	0.52068	0.07413	0.01880	0.00872	1.000	16
17	0.35714	0.55087	0.34774	0.02326	1.000	ADMINISTRATION
17	0.52068	0.07267	0.01692	0.01163	1.000	17
18	0.44361	0.93452	0.16353	0.01463	1.000	REPORT OF THE
18	0.43985	0.91270	0.17293	0.01463	1.000	TOWN MANAGER
18	0.11654	0.87500	0.77444	0.01890	1.000	The calendar year of 2016 was a year of progress for the Board of Selectmen and Town Manager's
18	0.11654	0.85317	0.62782	0.01746	1.000	Office. During 2016 there are many accomplishments I would like to highlight:
18	0.14474	0.81686	0.77444	0.01746	1.000	• In February the Building Reuse Committee presented the results of the Feasibility Study on the
18	0.17481	0.79506	0.75752	0.01744	1.000	Building Assessment and Space Needs of the town departments performed by Tappe Associates.
18	0.17481	0.77326	0.75752	0.01891	1.000	The preferred option of the Committee was to demolish parts of TC Passios School and renovate
18	0.17481	0.75145	0.68609	0.01744	1.000	portions due to the sufficient space and cost. The Board agreed to move forward on this
18	0.17481	0.72965	0.75752	0.01744	1.000	alternative with the possibility of renting/leasing a portion of that building. At the Annual Town
18	0.17481	0.70784	0.73872	0.01891	1.000	Meeting it was voted to transfer the custody and control of the T.C. Passios and Brooks House
18	0.17481	0.68601	0.74624	0.01748	1.000	from the School Committee to the Board of Selectmen. Further, at the November 2016 Special
18	0.17481	0.66419	0.75000	0.01761	1.000	Town Meeting the Building Reuse Committee submitted an article to convey for the purpose of
18	0.17293	0.64236	0.74248	0.01910	1.000	leasing or selling the Ritter Building, Town Hall, old Primary School, Brooks House, and T.C.
18	0.17481	0.62202	0.74436	0.01761	1.000	Passios. This article did not receive a majority vote but the use of these buildings continues to
18	0.17481	0.60020	0.16729	0.01761	1.000	be a topic of interest.
18	0.14474	0.57703	0.78947	0.01746	1.000	• During the month of March the Board signed a three year Collective Bargaining Agreement with
18	0.17481	0.55523	0.75188	0.01892	1.000	the Professional Firefighter's Association and the Board discussed the role and responsibility of
18	0.17481	0.53343	0.73308	0.01744	1.000	the Selectmen, including being a liaison to various committees. Also in March DPW Director
18	0.17481	0.51163	0.74624	0.01744	1.000	Jack Rodriquenz presented an updated Pavement Management Plan for roadway improvements
18	0.17481	0.48983	0.75564	0.01744	1.000	of all town roads that included a proposal for a $4 Million dollar voter authorized debt exclusion
18	0.17481	0.46801	0.74436	0.01746	1.000	that passed at both a town meeting and ballot vote. The work will be done over a 4 year period
18	0.17481	0.44618	0.71617	0.01748	1.000	and would be financed over a period at least twice as long. The Town will attempt to put an
18	0.17481	0.42436	0.73684	0.01896	1.000	additional $50,000 each fiscal year in the Pavement Management Line Item Account, so there
18	0.17481	0.40402	0.55639	0.01895	1.000	would be sufficient funding for roadway improvements going forward.
18	0.14474	0.38070	0.72932	0.01910	1.000	• The Summer Street redevelopment and roadway improvement project continued to move
18	0.17481	0.35756	0.75752	0.01893	1.000	forward with a slated beginning of 2017. The total project costs of $1OM will be funded through
18	0.17481	0.33721	0.75000	0.01745	1.000	the Regional Transportation Improvement Plan (TIP), which are state and federal transportation
18	0.17466	0.31655	0.05294	0.01660	1.000	funds.
18	0.14474	0.29215	0.78383	0.01744	1.000	• The Town received notice in May that the Tennessee Gas Pipeline Company had suspended any
18	0.17481	0.27034	0.75752	0.01745	1.000	further work on the Northeast Energy Direct Project, which the Town had declared opposition to
18	0.17293	0.25000	0.16541	0.01599	1.000	in February of 2015.
18	0.14474	0.22669	0.77444	0.02041	1.000	• The Annual Town Meeting on May 7"' passed a balanced budget for FY 2018 with an omnibus
18	0.17481	0.20486	0.74812	0.01761	1.000	budget of $33,802,328. Amendments to the FY 2018 budget were made at both the August and
18	0.17481	0.18304	0.54699	0.01761	1.000	November Special Town Meetings for a revised total of $34,068,192.
18	0.14442	0.15612	0.37117	0.02718	1.000	• The Special Town Meeting on August 22nd
18	0.51316	0.16134	0.34774	0.01748	1.000	provided for a surplus of state revenue to be
18	0.17481	0.13953	0.73684	0.01746	1.000	transferred into the reserve fund and a portion into the school budget. The STM also approved
18	0.17481	0.11773	0.70301	0.01744	1.000	funding for the DPW Collective Bargaining Agreement and approval of two rooftop solar
18	0.51880	0.07122	0.02068	0.01308	1.000	18
19	0.46053	0.91860	0.16165	0.01319	1.000	REPORT OF THE
19	0.45489	0.89826	0.17293	0.01320	1.000	TOWN MANAGER
19	0.15602	0.85465	0.69361	0.01599	1.000	projects at the Middle/High School and DPW buildings as well as a power purchase/net
19	0.15789	0.83284	0.69549	0.01745	1.000	metering agreement for a project at a non-town owned parcel. Zoning articles as well as
19	0.15602	0.81250	0.69737	0.01599	1.000	a boundary line agreement on Chestnut Street and a 10% match for an APR property for
19	0.15774	0.79352	0.28420	0.01613	1.000	Lanni Orchards was on the warrant.
19	0.12782	0.77034	0.78571	0.01745	1.000	• The Selectmen heard a presentation from World Tech Engineering on the Complete Streets pro-
19	0.15789	0.75000	0.57895	0.01599	1.000	gram under Mass DoT in October and this would be continued into 2017.
19	0.12782	0.72965	0.79511	0.01890	1.000	• The Special Town Meeting on November 28 included amending the FY 2017 budget, creating a
19	0.15789	0.70784	0.76316	0.01745	1.000	Town Building Stabilization Fund, appropriating money to improve the Cemeteries, updating the
19	0.15789	0.68895	0.61090	0.01599	1.000	Salary Administration Plan, and amending the FY 2017 Cable Access budget.
19	0.12594	0.66715	0.77256	0.01744	1.000	• A Request for Proposals was advertised for Legal Counsel Services with proposals due in De-
19	0.15602	0.64680	0.55075	0.01744	1.000	cember and a final choice has yet to be made as of writing this report.
19	0.12594	0.62500	0.78008	0.01744	1.000	• The Selectmen received the resignation of former Town Manager Kerry Lafleur in July and the
19	0.15789	0.60465	0.74812	0.01599	1.000	Town began the process of searching for an Interim Town Manager and subsequently a perma-
19	0.15602	0.58430	0.76316	0.01744	1.000	nent Town Manager. Interim Town Manager David Marciello was appointed in September and
19	0.15602	0.56395	0.74812	0.01599	1.000	served until December. The search for a permanent Town Manager began in September with a
19	0.15789	0.54360	0.49248	0.01599	1.000	final decision made in December to appoint Heather Lemieux.
19	0.12782	0.51453	0.75000	0.01599	1.000	At the time of writing this report I have worked for the Town of Lunenburg for just under three
19	0.12782	0.49419	0.76504	0.01599	1.000	months. In my short amount of time on the job, it is apparent there is an abundance of wonderful
19	0.12594	0.47238	0.78571	0.01745	1.000	people that make up the Town of Lunenburg. Thank you to the Board of Selectmen for the level of
19	0.12594	0.45203	0.77256	0.01746	1.000	respect that each of you gives your fellow members, the staff, and the public and well thought out
19	0.12782	0.43169	0.78008	0.01599	1.000	decisions. Thank you to my Executive Assistant, Elaine Peterson, for all your hard work and keep-
19	0.12594	0.41134	0.76880	0.01599	1.000	ing the office running smoothly. I would also like to thank the department heads and staff for the
19	0.12782	0.38953	0.79511	0.01746	1.000	high level of service they provide to the residents of town. Specifically, I would like to express grati-
19	0.12594	0.36919	0.79511	0.01599	1.000	tude to the department heads that lead our various departments: James Marino, Police Chief; Patrick
19	0.12782	0.34884	0.79511	0.01599	1.000	Sullivan, Fire Chief; Jack Rodriquenz, DPW Director; Karen Brochu, Town Accountant/Finance Di-
19	0.12594	0.32703	0.78759	0.01746	1.000	rector; Myleen Mallari, Treasurer/Collector; Louise Paquette, Assessors; Steve Malandrinos, IT Di-
19	0.12782	0.30669	0.76504	0.01747	1.000	rector; Adam Burney, Land Use Director; Susan Doherty, COA Director; Martha Moore, Library
19	0.12970	0.28634	0.76692	0.01599	1.000	Director; Kathryn Herrick, Town Clerk; and all their staff for their talent and working together to
19	0.12782	0.26453	0.78008	0.01746	1.000	make our town run as efficiently as possible. Lastly, thank you to the residents and businesses that
19	0.12782	0.24419	0.46805	0.01747	1.000	make Lunenburg a wonderful place to visit, work, and live.
19	0.12782	0.21652	0.18985	0.01612	1.000	Respectfully submitted,
19	0.12782	0.19041	0.16165	0.01453	1.000	Heather R. Lemieux
19	0.12922	0.16051	0.12313	0.01768	1.000	Town Manager
19	0.51880	0.07267	0.02068	0.01163	1.000	19
20	0.11842	0.80378	0.17105	0.01021	1.000	CASH and CASH INVESTMENTS
20	0.12594	0.77753	0.14662	0.00893	1.000	FY16 REAL ESTATE TAXES
20	0.12406	0.73537	0.15038	0.01173	1.000	FY 13 REAL ESTATE TAXES
20	0.12594	0.72384	0.14850	0.01029	1.000	FY 12 REAL ESTATE TAXES
20	0.12406	0.69618	0.15038	0.01167	1.000	FY 10 REAL ESTATE TAXES
20	0.12594	0.68304	0.14850	0.01173	1.000	FY 08 REAL ESTATE TAXES
20	0.12406	0.64236	0.13158	0.01171	1.000	SUPPLEMENTAL TAXES
20	0.12594	0.61773	0.16541	0.01024	1.000	PERSONAL PROPERTY TAXES
20	0.12406	0.60169	0.10526	0.01169	1.000	ROLL BACK TAXES
20	0.12397	0.57534	0.05093	0.01210	1.000	EXCISES
20	0.12594	0.56541	0.04135	0.00872	1.000	OTHER
20	0.12406	0.54936	0.20677	0.01169	1.000	STREET BETTERMENTS RECEIVABLE
20	0.12594	0.53770	0.24436	0.01027	1.000	SEPTIC/SEWER BETTERMENTS RECEIVABLE
20	0.12594	0.52471	0.19173	0.00877	1.000	DEFERRED SEWER BETTERMENTS
20	0.12594	0.51163	0.16353	0.01020	1.000	USER CHARGES RECEIVABLE
20	0.12406	0.49851	0.15602	0.00876	1.000	WATER BETTERMENTS DUE
20	0.13722	0.48256	0.09774	0.01174	1.000	WATER DISTRICT
20	0.12594	0.47093	0.24812	0.01022	1.000	MEADOW WOODS WATER BETTERMENT REC
20	0.11842	0.45784	0.24436	0.01019	1.000	DUE FROM TRUST FUNDS/SRF/ENTERPRISE
20	0.11842	0.44469	0.15226	0.01025	1.000	DUE FROM GENERAL FUND
20	0.11842	0.43169	0.21805	0.01028	1.000	DUE FROM COMMONWEALTH OF MASS
20	0.11842	0.41860	0.11466	0.01021	1.000	PREPAID EXPENSES
20	0.11842	0.40551	0.17481	0.00874	1.000	AMOUNT TO BE PROVIDED FOR
20	0.12594	0.39087	0.14850	0.01029	1.000	RETIREMENT OF GENERAL
20	0.12406	0.37791	0.10338	0.01024	1.000	LONG TERM DEBT
20	0.11654	0.35020	0.08835	0.01027	1.000	TOTAL ASSETS
20	0.11654	0.32118	0.16917	0.01463	1.000	LIABILITIES and FUND EQUITY:
20	0.11650	0.29347	0.07340	0.01480	1.000	LIABILITIES:
20	0.12030	0.28051	0.12782	0.01612	1.000	WARRANTS PAYABLE
20	0.12218	0.26736	0.12030	0.01463	1.000	ACCRUED SALARIES
20	0.12397	0.25400	0.09229	0.01525	1.000	BANS PAYABLE
20	0.12218	0.24128	0.22180	0.02335	1.000	EMPLOYEES WITHHOLDINGS PAYABLE
20	0.11654	0.22817	0.13158	0.01463	1.000	OTHER LIABILITIES and
20	0.11842	0.21503	0.12594	0.01463	1.000	ACCRUED EXPENSES
20	0.11654	0.20058	0.12594	0.01599	1.000	DEFERRED REVENUE
20	0.11654	0.18750	0.25376	0.01463	1.000	DUE TO TRUST FUNDS/SRF/CPF/ENTERPRISE
20	0.11654	0.17436	0.13722	0.01314	1.000	DUE TO GENERAL FUND
20	0.11654	0.16134	0.14662	0.01453	1.000	DUE TO WATER DISTRICT
20	0.11654	0.14680	0.13158	0.01744	1.000	WARRANTY DEPOSITS
20	0.11842	0.13517	0.12970	0.01463	1.000	GENERAL OBLIGATION
20	0.12218	0.12202	0.10714	0.01463	1.000	LONG TERM DEBT
20	0.11457	0.09261	0.10732	0.01535	1.000	TOTAL LIABILITIES
20	0.39850	0.93452	0.26128	0.01612	1.000	TOWN OF LUNENBURG, MASSACHUSETTS
20	0.43985	0.92151	0.17857	0.01308	1.000	COMBINED BALANCE SHEET
20	0.40038	0.90698	0.25940	0.01465	1.000	ALL FUND TYPES AND ACCOUNT GROUPS
20	0.41541	0.89385	0.22932	0.01463	1.000	FOR THE YEAR ENDED JUNE 30, 2016
20	0.38716	0.84137	0.06591	0.01204	1.000	GENERAL
20	0.38910	0.82849	0.03383	0.01163	1.000	FUND
20	0.48496	0.85465	0.05075	0.01163	1.000	SPECIAL
20	0.48480	0.84107	0.05859	0.01263	1.000	REVENUE
20	0.48477	0.82816	0.03610	0.01373	1.000	FUND
20	0.65226	0.85465	0.05827	0.01599	1.000	CAPITAL
20	0.56568	0.83983	0.07916	0.01802	1.000	ENTERPRISE
20	0.64662	0.84157	0.06579	0.01308	1.000	PROJECT
20	0.56577	0.82844	0.04516	0.01318	1.000	FUNDS
20	0.65414	0.82849	0.03759	0.01453	1.000	FUND
20	0.40789	0.80378	0.16917	0.01021	1.000	$3,759,030.93 $2,175,585.64
20	0.57519	0.80087	0.07707	0.01308	1.000	$1,426,620.66
20	0.66345	0.80058	0.07911	0.01367	1.000	$6,572,545.70
20	0.41541	0.77616	0.06579	0.01017	1.000	$506,813.93
20	0.42669	0.76163	0.05451	0.01163	1.000	$1,532.74
20	0.42481	0.74855	0.06015	0.01163	1.000	($2,889.42)
20	0.44361	0.73401	0.03759	0.01308	1.000	$22.49
20	0.44173	0.72093	0.03947	0.01308	1.000	$31.98
20	0.44173	0.70930	0.03947	0.01017	1.000	$30.71
20	0.43609	0.69477	0.04511	0.01308	1.000	$137.74
20	0.44173	0.68023	0.04135	0.01599	1.000	$15.90
20	0.42669	0.66715	0.05451	0.01453	1.000	$3,890.09
20	0.41729	0.65407	0.06391	0.01308	1.000	$11,809.92
20	0.42481	0.64244	0.05451	0.01163	1.000	$6,440.64
20	0.41133	0.62676	0.07208	0.01538	1.000	($144,168.56)
20	0.41729	0.61628	0.06203	0.01163	1.000	$73,520.28
20	0.44737	0.60174	0.03383	0.01308	1.000	$0.00
20	0.40597	0.58851	0.07528	0.01339	1.000	$1,092,380.85
20	0.41528	0.57521	0.06793	0.01528	1.000	$243,852.65
20	0.41541	0.56250	0.06579	0.01163	1.000	$710,584.06
20	0.42481	0.54942	0.05451	0.01163	1.000	$2,700.00
20	0.43225	0.53468	0.05280	0.01349	1.000	($940.46)
20	0.50749	0.53482	0.05644	0.01322	1.000	$3,475.74
20	0.57519	0.53488	0.07519	0.01308	1.000	$5,170,562.36
20	0.59575	0.52291	0.05475	0.01231	1.000	$6,191.86
20	0.58459	0.50872	0.06955	0.01453	1.000	$155,018.38
20	0.44173	0.49564	0.04135	0.01453	1.000	$69.30
20	0.40602	0.46802	0.07707	0.01599	1.000	$1,117,221.80
20	0.42481	0.45640	0.05827	0.01453	1.000	$8,823.34
20	0.41541	0.42878	0.06391	0.01453	1.000	$237,293.00
20	0.41721	0.41544	0.06408	0.01359	1.000	$22,832.98
20	0.50188	0.44186	0.06203	0.01308	1.000	$31,140.40
20	0.51692	0.41570	0.04699	0.01453	1.000	$276.77
20	0.58437	0.44128	0.06998	0.01715	1.000	$199,218.18
20	0.60526	0.41570	0.04887	0.01453	1.000	$207.20
20	0.74436	0.86773	0.06767	0.01599	1.000	FIDUCIARY
20	0.74424	0.85427	0.07920	0.01674	1.000	FUND TYPES
20	0.74619	0.83999	0.06588	0.01479	1.000	TRUST and
20	0.74432	0.82839	0.05648	0.01474	1.000	AGENCY
20	0.77065	0.80080	0.07899	0.01612	1.000	$2,525,806.48
20	0.84387	0.86592	0.09046	0.01817	1.000	ACCT. GROUP
20	0.84769	0.85449	0.06026	0.01340	1.000	GENERAL
20	0.84953	0.84126	0.07349	0.01369	1.000	LONG-TERM
20	0.84962	0.82849	0.03759	0.01453	1.000	DEBT
20	0.80075	0.44186	0.04887	0.01599	1.000	$400.00
20	0.40602	0.34884	0.15602	0.01308	1.000	$7,651,036.89| $2,210,478.55
20	0.57515	0.34871	0.07526	0.01334	1.000	$6,957,818.64
20	0.66537	0.34867	0.07716	0.01341	1.000	$6,572,545.70
20	0.77046	0.34812	0.07750	0.01596	1.000	$2,526,206.48
20	0.86831	0.37472	0.06976	0.01656	1.000	$52,186,686
20	0.86842	0.34884	0.06955	0.01308	1.000	$52,186,686
20	0.41541	0.28052	0.06767	0.01599	1.000	$272,572.08
20	0.41343	0.26715	0.06975	0.01512	1.000	$907,926.43
20	0.41729	0.23983	0.06579	0.01744	1.000	$70,713.77
20	0.41729	0.21366	0.06579	0.01599	1.000	$46,937.69
20	0.40602	0.19913	0.07707	0.01599	1.000	$3,623,056.64
20	0.41353	0.18750	0.06955	0.01599	1.000	$230,758.58
20	0.41729	0.16134	0.06579	0.01599	1.000	$21,947.67
20	0.40599	0.09295	0.07712	0.01613	1.000	$5,173,912.86
20	0.49608	0.27868	0.06987	0.01823	1.000	$537,960.50
20	0.50188	0.26744	0.06391	0.01453	1.000	$41,430.93
20	0.59023	0.27907	0.06391	0.01744	1.000	$72,366.44
20	0.50752	0.20058	0.14662	0.01599	1.000	$3,475.74 $5,331,772.60
20	0.52057	0.17421	0.04908	0.01496	1.000	($50.00)
20	0.59586	0.17442	0.05639	0.01599	1.000	$7,718.28
20	0.67481	0.25436	0.06955	0.01453	1.000	$949,581.00
20	0.79135	0.17442	0.05639	0.01599	1.000	$1,155.06
20	0.49607	0.09262	0.06801	0.01826	1.000	$582,817.17
20	0.51692	0.07122	0.02444	0.01599	1.000	20
20	0.57519	0.09448	0.07895	0.01453	1.000	$5,411,857.32
20	0.67471	0.09422	0.06974	0.01650	1.000	$949,581.00
20	0.79135	0.09302	0.05639	0.01744	1.000	$1,155.06
20	0.86838	0.12055	0.06962	0.01618	1.000	$52,186,686
20	0.86842	0.09448	0.06767	0.01308	1.000	$52,186,686
21	0.39662	0.93023	0.26128	0.01744	1.000	TOWN OF LUNENBURG, MASSACHUSETTS
21	0.43045	0.91419	0.18421	0.01463	1.000	COMBINED BALANCE SHEET
21	0.39662	0.89826	0.26128	0.01744	1.000	ALL FUND TYPES AND ACCOUNT GROUPS
21	0.41165	0.88219	0.23120	0.01761	1.000	FOR THE YEAR ENDED JUNE 30, 2016
21	0.11842	0.79215	0.09774	0.01167	1.000	FUND BALANCES:
21	0.12406	0.77604	0.18609	0.01320	1.000	RESERVED FOR ENCUMBRANCES
21	0.12406	0.76163	0.22368	0.01317	1.000	RESERVED FOR FUTURE DEBT-PREMIUM
21	0.12406	0.74702	0.18609	0.01170	1.000	RESERVED FOR MSBA DEBT/DE-1
21	0.12406	0.73110	0.16165	0.01170	1.000	RESERVED EXTRAORDINARY
21	0.12406	0.71652	0.17857	0.01168	1.000	RESERVED FOR EXPENDITURES
21	0.12406	0.70058	0.17481	0.01308	1.000	RESERVED FOR ENDOWMENTS
21	0.12030	0.68601	0.19361	0.01166	1.000	UNPROVIDED ABATE/EXEMPTIONS
21	0.11654	0.67006	0.08083	0.01163	1.000	UNRESERVED:
21	0.12385	0.65467	0.07560	0.01334	1.000	DESIGNATED
21	0.12218	0.64099	0.09211	0.01163	1.000	UNDESIGNATED
21	0.11654	0.60901	0.11466	0.01163	1.000	TOTAL FUND EQUITY
21	0.11654	0.57558	0.17857	0.01172	1.000	TOTAL LIABILITIES/FUND EQUITY
21	0.38717	0.82253	0.06026	0.01337	1.000	GENERAL
21	0.38722	0.80814	0.03571	0.01163	1.000	FUND
21	0.41153	0.77578	0.06791	0.01386	1.000	$637,981.43
21	0.41729	0.76163	0.06203	0.01308	1.000	$7,818.16
21	0.41165	0.74564	0.06579	0.01308	1.000	$479,665.00
21	0.41153	0.71473	0.06792	0.01386	1.000	$250,000.00
21	0.48120	0.83721	0.05639	0.01453	1.000	SPECIAL
21	0.48120	0.82122	0.06203	0.01599	1.000	REVENUE
21	0.48308	0.80669	0.03759	0.01599	1.000	FUND
21	0.65217	0.83704	0.05468	0.01633	1.000	CAPITAL
21	0.55827	0.82122	0.08835	0.01599	1.000	ENTERPRISE
21	0.64283	0.82116	0.06960	0.01611	1.000	PROJECT
21	0.56391	0.80669	0.04511	0.01599	1.000	FUNDS
21	0.65038	0.80669	0.03947	0.01599	1.000	FUND
21	0.58647	0.77616	0.06391	0.01599	1.000	$14,165.00
21	0.74060	0.85174	0.06767	0.01599	1.000	FIDUCIARY
21	0.74060	0.83721	0.07895	0.01599	1.000	FUND TYPES
21	0.74060	0.82118	0.06955	0.01612	1.000	TRUST and
21	0.74058	0.80664	0.05643	0.01608	1.000	AGENCY
21	0.84580	0.85152	0.08472	0.01643	1.000	ACCT. GROUP
21	0.84398	0.83721	0.06203	0.01599	1.000	GENERAL
21	0.84204	0.82103	0.07720	0.01637	1.000	LONG-TERM
21	0.83647	0.80814	0.04699	0.01744	1.000	"DEBT
21	0.58083	0.71512	0.06955	0.01453	1.000	$101,385.62
21	0.77439	0.69901	0.06964	0.01622	1.000	$634,933.13
21	0.38158	0.63953	0.27820	0.01746	1.000	$1,101,659.44 $1627,661.38 $1,430,410.70
21	0.65782	0.63927	0.07909	0.01361	1.000	$5,622,964.70
21	0.37970	0.60756	0.18045	0.01893	1.000	$2,477,124.03 "$1.627,661.38
21	0.56751	0.60698	0.07926	0.01425	1.000	$1,545,961.32
21	0.64662	0.60756	0.09211	0.01744	1.000	$5,622,964.70
21	0.38158	0.57413	0.17669	0.01744	1.000	$7,651,036.89 '$2,210,478.55
21	0.55827	0.57413	0.08835	0.01744	1.000	$6,957,818.64
21	0.64656	0.57535	0.09035	0.01499	1.000	$6,572,545.70
21	0.76288	0.63848	0.07762	0.01519	1.000	$1,890,118.29
21	0.76316	0.60756	0.07707	0.01453	1.000	$2,525,051.42
21	0.76316	0.57413	0.07895	0.01308	1.000	$2,526,206.48
21	0.85899	0.57403	0.07149	0.01328	1.000	$52,186,686
21	0.51880	0.07267	0.01880	0.01163	1.000	21
22	0.31541	0.79135	0.38081	0.02829	1.000	GENERAL FUND REVENUES FY 16
22	0.50291	0.64850	0.08430	0.02641	1.000	ALL OTHER
22	0.52035	0.62580	0.04651	0.02471	1.000	- 6.36%
22	0.16134	0.61842	0.12645	0.01893	1.000	STATE-LOCAL AID
22	0.20058	0.59586	0.04942	0.02068	1.000	22.30%
22	0.12209	0.27246	0.12936	0.02279	1.000	MOTOR VEHICLE J
22	0.15388	0.24921	0.05561	0.02413	1.000	EXCISE
22	0.15843	0.22744	0.04506	0.02256	1.000	4.71%
22	0.79360	0.26316	0.13081	0.01893	1.000	PROPERTY TAXES
22	0.83422	0.24027	0.05104	0.02322	1.000	66.62%
23	0.10029	0.79511	0.12500	0.01880	1.000	TAXES & EXCISES:
23	0.10029	0.77246	0.19477	0.02279	1.000	PERSONAL PROPERTY TAXES
23	0.10029	0.75376	0.14099	0.02068	1.000	REAL ESTATE TAXES
23	0.10029	0.73107	0.14826	0.02279	1.000	TAX LIENS REDEEMED
23	0.10029	0.66913	0.21512	0.01893	1.000	SUPPL TAX-NEW CONSTRUCTION
23	0.10029	0.64850	0.20349	0.01692	1.000	PRO FORMA/ROLL BACK TAXES
23	0.10029	0.62773	0.16279	0.01893	1.000	MOTOR VEHICLE EXCISE
23	0.10021	0.58402	0.07285	0.01994	1.000	INTEREST:
23	0.09884	0.54511	0.21657	0.01504	1.000	INTEREST PERSONAL PROPERTY
23	0.10029	0.52246	0.15988	0.01701	1.000	INTEREST REAL ESTATE
23	0.10029	0.50000	0.23110	0.01893	1.000	INTEREST MOTOR VEHICLE EXCISE
23	0.10029	0.46053	0.07267	0.01504	1.000	DEMANDS:
23	0.10029	0.41720	0.23256	0.01701	1.000	DEMANDS MOTOR VEHICLE EXCISE
23	0.10029	0.39662	0.15988	0.01705	1.000	DEMANDS REAL ESTATE
23	0.10174	0.37580	0.21512	0.01518	1.000	DEMANDS PERSONAL PROPERTY
23	0.10029	0.33459	0.20058	0.01504	1.000	PENALTY/INTEREST TAX LIENS
23	0.10029	0.31194	0.18314	0.01701	1.000	PAYMENT IN LIEU OF TAXES
23	0.10025	0.27048	0.04223	0.01543	1.000	FEES:
23	0.10029	0.25000	0.14535	0.01508	1.000	POLICE REPORT FEES
23	0.10029	0.22932	0.12936	0.01504	1.000	FIRE REPORT FEES
23	0.10029	0.20475	0.19622	0.01893	1.000	SPECIAL DETAIL ADMIN. FEES
23	0.10029	0.18609	0.11483	0.01705	1.000	MUNICIPAL LIENS
23	0.10029	0.16165	0.25145	0.01880	1.000	CERT COPY BIRTH, DEATH, MARRIAGE
23	0.10174	0.14474	0.15843	0.01508	1.000	BUSINESS CERTIFICATE
23	0.10029	0.12406	0.16860	0.01504	1.000	RESIDENCY CERTIFICATE
23	0.10029	0.10141	0.19186	0.01701	1.000	CERTIFICATE OF INSPECTION
23	0.10028	0.07886	0.07416	0.01898	1.000	CABLE T.V.
23	0.10174	0.06001	0.10029	0.01705	1.000	RELEASE FEES
23	0.42582	0.77038	0.07860	0.02502	1.000	$684,128.27
23	0.40843	0.75188	0.09448	0.01880	1.000	$22,399,495.70
23	0.42729	0.72911	0.07565	0.02110	1.000	$400,567.78
23	0.43453	0.66513	0.06989	0.02500	1.000	$73,548.61
23	0.44184	0.64464	0.06254	0.02462	1.000	$6,712.97
23	0.41565	0.62376	0.09021	0.02504	1.000	$1,666,412.16
23	0.44181	0.54107	0.06260	0.01937	1.000	$1,813.17
23	0.43455	0.52039	0.06841	0.01937	1.000	$50,950.86
23	0.43454	0.49784	0.06841	0.02124	1.000	$13,844.08
23	0.43314	0.41353	0.06977	0.02068	1.000	$28,940.84
23	0.44186	0.39286	0.06105	0.02068	1.000	$1,470.12
23	0.45349	0.37406	0.04942	0.01880	1.000	$265.00
23	0.42729	0.33059	0.07565	0.01926	1.000	$100,828.04
23	0.44184	0.30816	0.06109	0.02091	1.000	$1,637.40
23	0.44183	0.24608	0.06111	0.02100	1.000	$1,172.00
23	0.46071	0.22726	0.04224	0.01729	1.000	$67.00
23	0.43445	0.20220	0.06860	0.02229	1.000	$17,396.11
23	0.43457	0.18405	0.06837	0.01911	1.000	$10,475.00
23	0.44185	0.16158	0.06107	0.01894	1.000	$4,941.00
23	0.44184	0.14088	0.06108	0.01898	1.000	$2,535.00
23	0.46802	0.12218	0.03634	0.01692	1.000	$5.00
23	0.44179	0.09924	0.06118	0.01956	1.000	$1,075.00
23	0.44184	0.07697	0.06109	0.02087	1.000	$1,619.00
23	0.43456	0.05622	0.06837	0.02101	1.000	$14,310.00
23	0.58721	0.84211	0.31395	0.02632	1.000	FY 2016 RECEIPTS - JUNE 2016
23	0.53052	0.77439	0.17878	0.01893	1.000	RENTAL FEES CELL TOWER
23	0.53052	0.75376	0.09302	0.01692	1.000	STREET LISTS
23	0.53052	0.73107	0.16860	0.02086	1.000	TOWN PROPERTY HAYING
23	0.53052	0.71241	0.15116	0.01705	1.000	PRIOR YEAR REFUNDS
23	0.53052	0.68985	0.16860	0.01880	1.000	DISHONORED CHECK FEE
23	0.53052	0.66720	0.20203	0.02086	1.000	SENIOR CENTER RENTAL FEES
23	0.53052	0.64850	0.28488	0.02068	1.000	SALE OF COMPOSTING BINS/RAIN BARRELS
23	0.53052	0.62773	0.08576	0.01701	1.000	COBRA FEES
23	0.53052	0.60714	0.09157	0.01705	1.000	ON-LINE FEES
23	0.53052	0.56391	0.13517	0.01880	1.000	LICENSES/PERMITS:
23	0.53052	0.54323	0.16279	0.01880	1.000	ALCOHOLIC BEVERAGES
23	0.53052	0.52246	0.14244	0.01701	1.000	MARRIAGE LICENSES
23	0.53052	0.50188	0.12209	0.01705	1.000	HEALTH LICENSES
23	0.53052	0.48107	0.16134	0.01705	1.000	SELECTMEN'S LICENSES
23	0.53052	0.46053	0.13808	0.01701	1.000	GASOLINE LICENSES
23	0.53052	0.43985	0.10029	0.01504	1.000	DOG LICENSES
23	0.53052	0.41720	0.11192	0.01701	1.000	WIRING PERMITS
23	0.53052	0.39662	0.09012	0.01705	1.000	GAS PERMITS
23	0.53052	0.37580	0.13081	0.01705	1.000	PLUMBING PERMITS
23	0.53052	0.35141	0.12645	0.01893	1.000	BUILDING PERMITS
23	0.53052	0.33271	0.14680	0.01880	1.000	WOODSTOVE PERMITS
23	0.53052	0.31194	0.09302	0.01701	1.000	FIRE PERMITS
23	0.53052	0.29135	0.11047	0.01705	1.000	POLICE PERMITS
23	0.53198	0.27246	0.10756	0.01325	1.000	TRENCH PERMIT
23	0.53052	0.25000	0.17442	0.01701	1.000	EARTH REMOVAL PERMITS
23	0.53052	0.22744	0.14826	0.01692	1.000	MECHANICAL PERMITS
23	0.53052	0.20668	0.16424	0.01701	1.000	ROAD OPENING PERMITS
23	0.53052	0.16528	0.11628	0.01518	1.000	STATE REVENUE:
23	0.53052	0.14281	0.23983	0.01893	1.000	CHARTER TUITION REIMBURSEMENT
23	0.53052	0.12218	0.13517	0.01692	1.000	STATE OWNED LAND
23	0.53052	0.10141	0.29651	0.01893	1.000	VET/BLIND/SURVIVING SPOUSE ABATEMENTS
23	0.53052	0.08083	0.15407	0.01880	1.000	ABATEMENTS ELDERLY
23	0.53052	0.06001	0.12355	0.01518	1.000	CH 70 SCHOOL AID
23	0.87633	0.77005	0.07147	0.02570	1.000	$35,073.74
23	0.89099	0.75376	0.05523	0.01880	1.000	$170.00
23	0.88363	0.72890	0.06559	0.02529	1.000	$1,000.00
23	0.87791	0.70677	0.06977	0.02632	1.000	$19,141.32
23	0.89530	0.68964	0.05242	0.02110	1.000	$185.00
23	0.89381	0.66881	0.05394	0.02141	1.000	$380.00
23	0.88359	0.64415	0.06422	0.02562	1.000	$3,433.00
23	0.89377	0.62544	0.05403	0.02356	1.000	$130.70
23	0.90260	0.60520	0.04510	0.02269	1.000	$31.00
23	0.87639	0.53909	0.06990	0.02144	1.000	$31,080.00
23	0.89519	0.52004	0.05265	0.02383	1.000	$850.00
23	0.88517	0.49812	0.06250	0.02256	1.000	$1,735.00
23	0.88514	0.47727	0.06112	0.02103	1.000	$4,970.00
23	0.89535	0.45865	0.05087	0.01880	1.000	$610.00
23	0.87788	0.43596	0.06836	0.01907	1.000	$12,795.00
23	0.87641	0.41514	0.06986	0.01935	1.000	$32,198.00
23	0.88517	0.39474	0.06250	0.02068	1.000	$8,795.00
23	0.87783	0.37176	0.06846	0.02152	1.000	$12,608.00
23	0.87064	0.35150	0.07558	0.02068	1.000	$147,586.05
23	0.89381	0.33225	0.05250	0.01783	1.000	$825.00
23	0.87785	0.30802	0.06987	0.02494	1.000	$18,625.00
23	0.88512	0.28736	0.06260	0.02303	1.000	$3,762.50
23	0.88517	0.26692	0.06250	0.02256	1.000	$1,080.00
23	0.88508	0.24393	0.06270	0.02530	1.000	$1,400.00
23	0.90394	0.22512	0.04532	0.02345	1.000	$50.00
23	0.89517	0.20232	0.05414	0.02581	1.000	$900.00
23	0.87636	0.13864	0.07140	0.02535	1.000	$33,882.00
23	0.87642	0.12011	0.07129	0.02294	1.000	$47,844.00
23	0.87791	0.09962	0.06977	0.02256	1.000	$22,631.00
23	0.87643	0.07884	0.06981	0.02089	1.000	$20,582.00
23	0.85900	0.05628	0.08724	0.02090	1.000	$5,834,483.00
24	0.33721	0.81767	0.37791	0.02444	1.000	GENERAL FUND EXPENDITURES FY 2016
24	0.19913	0.68797	0.13517	0.01518	1.000	General Govt Unclassified
24	0.25000	0.67105	0.03343	0.01692	1.000	6.51%
24	0.42873	0.68199	0.06696	0.01761	1.000	Debt Service
24	0.44186	0.66541	0.04070	0.01692	1.000	13.22%
24	0.69763	0.69522	0.04806	0.01557	1.000	All Other
24	0.70058	0.67843	0.04070	0.01705	1.000	. 12.02%
24	0.14680	0.60714	0.10756	0.01128	1.000	General Government
24	0.18314	0.58835	0.03343	0.01504	1.000	3.82%
24	0.21359	0.46013	0.05684	0.01959	1.000	Protection
24	0.22674	0.44549	0.03343	0.01692	1.000	7.79%
24	0.22529	0.35714	0.14535	0.01705	1.000	Department of Public Works
24	0.28198	0.34211	0.03343	0.01692	1.000	3.73%
24	0.77756	0.34172	0.05535	0.01580	1.000	Education
24	0.78625	0.32478	0.03943	0.01585	1.000	52.91%
25	0.11654	0.87645	0.10526	0.01020	1.000	PROGRAM NAME
25	0.11842	0.84593	0.15602	0.01320	1.000	GENERAL GOVERNMENT
25	0.11842	0.82986	0.16165	0.01026	1.000	Selectmen's Administration
25	0.12594	0.81977	0.12970	0.01017	1.000	Payroll-Administration
25	0.12594	0.81101	0.12594	0.00876	1.000	Selectmen's Salaries
25	0.12594	0.80084	0.09586	0.00875	1.000	Other Expenses
25	0.11842	0.77180	0.09023	0.01019	1.000	Town Manager
25	0.12970	0.76308	0.13910	0.00874	1.000	Payroll - Town Manager
25	0.12970	0.75291	0.09586	0.00875	1.000	Other Expenses
25	0.11842	0.72384	0.12030	0.00880	1.000	Technology Director
25	0.12218	0.71366	0.04323	0.01017	1.000	Payroll
25	0.12030	0.70486	0.09774	0.00880	1.000	Other Expenses
25	0.11842	0.66567	0.14850	0.01020	1.000	Zoning Board of Appeals
25	0.12594	0.65552	0.09211	0.01017	1.000	Payroll-Clerical
25	0.12594	0.64826	0.09586	0.00874	1.000	Other Expenses
25	0.11842	0.60901	0.15414	0.00880	1.000	Assessor's Administration
25	0.12594	0.60029	0.04323	0.00727	1.000	Payroll
25	0.12594	0.58854	0.11278	0.01042	1.000	Regional Assessor
25	0.12594	0.58135	0.09586	0.00877	1.000	Other Expenses
25	0.11654	0.54067	0.10714	0.01020	1.000	Town Accountant
25	0.12406	0.53051	0.15038	0.01314	1.000	Payroll-Town Accountant
25	0.12594	0.52180	0.09211	0.01017	1.000	Payroll-Clerical
25	0.12406	0.51163	0.09774	0.01169	1.000	Other Expenses
25	0.11842	0.48401	0.07895	0.00880	1.000	Annual Audit
25	0.11842	0.44618	0.17669	0.00876	1.000	Tax Collector's Administration
25	0.12594	0.43750	0.12782	0.00872	1.000	Tax Collector's Salary
25	0.12594	0.42587	0.09023	0.01017	1.000	Payroll-Clerical
25	0.12594	0.41715	0.09586	0.01018	1.000	Other Expenses
25	0.11842	0.38808	0.18421	0.01023	1.000	Tax Title & Takings/Foreclosure
25	0.12594	0.37936	0.09586	0.00878	1.000	Other Expenses
25	0.11842	0.33135	0.15602	0.00877	1.000	Treasurer's Administration
25	0.14098	0.32118	0.11090	0.01021	1.000	Treasurer's Salary
25	0.14098	0.31250	0.09774	0.00872	1.000	Clerical Salaries
25	0.14098	0.30233	0.09586	0.00872	1.000	Other Expenses
25	0.11842	0.27326	0.10338	0.00874	1.000	Banking Charges
25	0.11842	0.24419	0.11654	0.01028	1.000	Town Clerk's Salary
25	0.11654	0.20486	0.16729	0.02188	1.000	pay Clerk's Administration
25	0.12406	0.19469	0.09774	0.01170	1.000	Other Expenses
25	0.11840	0.16852	0.05643	0.00889	1.000	Elections
25	0.12406	0.15843	0.04511	0.00872	1.000	Payroll
25	0.12594	0.14971	0.09586	0.00877	1.000	Other Expenses
25	0.11842	0.12054	0.13346	0.00893	1.000	Registration & Census
25	0.12405	0.11043	0.04514	0.00879	1.000	Payroll
25	0.12594	0.10169	0.09586	0.00878	1.000	Other Expenses
25	0.45489	0.94320	0.14474	0.01174	1.000	TOWN OF LUNENBURG
25	0.41729	0.93304	0.21617	0.01319	1.000	GENERAL FUND APPROPRIATIONS
25	0.39098	0.92287	0.27068	0.01173	1.000	SUMMARY & CLASSIFICATION OF ACCOUNTS
25	0.47180	0.91419	0.11278	0.01169	1.000	FISCAL YEAR 2016
25	0.34962	0.87791	0.09586	0.00872	1.000	APPROPRIATED
25	0.36090	0.86919	0.06579	0.00727	1.000	FORWARD
25	0.49624	0.87645	0.09023	0.01169	1.000	TOTAL FUNDS
25	0.49614	0.86588	0.07164	0.01242	1.000	AVAILABLE
25	0.63319	0.87581	0.04564	0.01292	1.000	TOTAL
25	0.63158	0.86628	0.06955	0.01163	1.000	EXPENDED
25	0.34586	0.75581	0.00940	0.01744	1.000	:
25	0.39662	0.81977	0.06767	0.00872	1.000	$38,677.50
25	0.41349	0.81090	0.05083	0.00901	1.000	$500.00
25	0.40407	0.80058	0.06029	0.00930	1.000	$6,984.98
25	0.39662	0.79215	0.06767	0.00872	1.000	$46,162.48
25	0.38910	0.76308	0.07519	0.00872	1.000	$130,824.24
25	0.40414	0.75291	0.06015	0.00872	1.000	$5,348.71
25	0.38910	0.74273	0.07519	0.01017	1.000	$136,172.95
25	0.39662	0.71512	0.06767	0.00872	1.000	$69,417.00
25	0.39662	0.70494	0.06767	0.00872	1.000	$85,825.45
25	0.38901	0.69439	0.07535	0.01093	1.000	$155,242.45
25	0.41729	0.66424	0.04699	0.01163	1.000	$37.20
25	0.47180	0.66715	0.02444	0.00872	0.300	fwd
25	0.40222	0.65538	0.06211	0.01045	1.000	$1,215.00
25	0.40226	0.64535	0.06203	0.01163	1.000	$1,402.64
25	0.40412	0.63801	0.06018	0.00886	1.000	$2,654.84
25	0.49436	0.65262	0.01128	0.01744	1.000	:
25	0.39662	0.60029	0.06767	0.00872	1.000	$76,630.77
25	0.39662	0.59012	0.06767	0.00872	1.000	$63,600.00
25	0.39467	0.57824	0.06968	0.01212	1.000	$27,125.00
25	0.38910	0.57122	0.07707	0.00872	1.000	$167,355.77
25	0.39662	0.53343	0.06767	0.00872	1.000	$82,400.00
25	0.39662	0.52326	0.06767	0.00872	1.000	$90,402.65
25	0.40408	0.51142	0.05839	0.01059	1.000	$3,240.19
25	0.38910	0.50291	0.07331	0.01017	1.000	$176,042.84
25	0.39474	0.48256	0.06955	0.01017	1.000	$35,000.00
25	0.39662	0.47529	0.06767	0.00872	1.000	$35,000.00
25	0.39649	0.43550	0.06793	0.01127	1.000	$28,393.31
25	0.39659	0.42724	0.06771	0.01035	1.000	$30,169.00
25	0.39474	0.41570	0.06955	0.01163	1.000	$19,050.00
25	0.39474	0.40698	0.06955	0.01017	1.000	$77,612.31
25	0.40209	0.37590	0.06236	0.01274	1.000	$8,000.00
25	0.40219	0.36750	0.06217	0.01208	1.000	$8,000.00
25	0.41353	0.33135	0.08271	0.00877	1.000	$500.00 fwd
25	0.39656	0.32099	0.06778	0.01063	1.000	$28,154.01
25	0.39662	0.31250	0.06767	0.00872	1.000	$26,332.52
25	0.40226	0.29942	0.06203	0.01163	1.000	$6,839.95
25	0.39466	0.29041	0.06971	0.01221	1.000	$61,826.48
25	0.41724	0.27166	0.04711	0.01191	1.000	$20.00
25	0.41917	0.26453	0.04511	0.00872	1.000	$20.00
25	0.39471	0.24263	0.06961	0.01184	1.000	$46,579.00
25	0.39467	0.23379	0.06967	0.01208	1.000	$46,579.00
25	0.40414	0.21652	0.09211	0.00877	1.000	$2,500.00 fwd
25	0.39646	0.20573	0.06798	0.01150	1.000	$26,474.62
25	0.40219	0.19452	0.06216	0.01067	1.000	$5,045.00
25	0.39465	0.18711	0.06973	0.01095	1.000	$34,019.62
25	0.41349	0.16551	0.08280	0.01345	1.000	$215.00 fwd
25	0.40226	0.15698	0.06203	0.01163	1.000	$5,200.00
25	0.40224	0.14674	0.06207	0.01175	1.000	$7,239.74
25	0.39472	0.13802	0.06958	0.01175	1.000	$12,654.74
25	0.40221	0.10887	0.06212	0.01190	1.000	$8,826.01
25	0.40217	0.09855	0.06221	0.01220	1.000	$3,251.29
25	0.39466	0.08840	0.06971	0.01360	1.000	$12,077.30
25	0.54314	0.81798	0.06973	0.01229	1.000	$38,677.50
25	0.56198	0.80802	0.05086	0.01333	1.000	$500.00
25	0.55065	0.79904	0.06223	0.01092	1.000	$6,984.98
25	0.54511	0.79215	0.06767	0.00872	1.000	$46,162.48
25	0.53559	0.75545	0.09235	0.01963	1.000	$130.324.24:
25	0.55070	0.75129	0.06213	0.01196	1.000	$5,348.71
25	0.53560	0.74080	0.07917	0.01258	1.000	$136,172.95
25	0.54323	0.71366	0.07143	0.01017	1.000	$69,417.00
25	0.54135	0.70349	0.07143	0.01017	1.000	$85,825.45
25	0.53571	0.69331	0.07707	0.01163	1.000	$155,242.45
25	0.55263	0.65698	0.06203	0.01017	1.000	$1,215.00
25	0.55188	0.64505	0.07693	0.01555	1.000	$1,439.84
25	0.55067	0.63636	0.06407	0.01216	1.000	$2,654.84
25	0.54686	0.59835	0.06229	0.01115	1.000	$76,630.77
25	0.54688	0.58831	0.06225	0.01234	1.000	$63,600.00
25	0.55074	0.57845	0.05454	0.01170	1.000	27,125.0
25	0.54319	0.56960	0.06400	0.01051	1.000	167,355.7*
25	0.54312	0.53010	0.06978	0.01247	1.000	$82,400.00
25	0.54323	0.52180	0.06955	0.01163	1.000	$90,402.65
25	0.56579	0.51163	0.03195	0.01017	1.000	,240.
25	0.55075	0.50291	0.04699	0.01017	1.000	176,042.
25	0.54323	0.48256	0.06955	0.01163	1.000	$35,000.00
25	0.54319	0.47224	0.06964	0.01336	1.000	$35,000.00
25	0.54314	0.43425	0.06974	0.01232	1.000	$28,393.31
25	0.54319	0.42573	0.06963	0.01192	1.000	$30,169.00
25	0.55075	0.41570	0.05451	0.01163	1.000	19,050.0
25	0.55075	0.40698	0.05451	0.01163	1.000	77,612.3
25	0.55073	0.37782	0.06208	0.01035	1.000	$8,000.00
25	0.55064	0.36878	0.06224	0.01099	1.000	$8,000.00
25	0.54322	0.31972	0.06958	0.01173	1.000	$28,154.01
25	0.54323	0.31105	0.07143	0.01017	1.000	$26,332.52
25	0.54883	0.30071	0.06400	0.01050	1.000	$7,339.95
25	0.54323	0.29215	0.06955	0.01017	1.000	$61,826.48
25	0.57143	0.27326	0.03947	0.01017	1.000	$20.00
25	0.57143	0.26308	0.03759	0.01017	1.000	$20.00
25	0.54323	0.24419	0.06955	0.01017	1.000	$46,579.00
25	0.54320	0.23533	0.06961	0.01044	1.000	$46,579.00
25	0.54323	0.20494	0.07143	0.01163	1.000	$26,474.62
25	0.54871	0.19418	0.06612	0.01280	1.000	$7,545.00
25	0.54317	0.18580	0.07156	0.01212	1.000	$34,019.62
25	0.55061	0.15652	0.06231	0.01254	1.000	$5,200.00
25	0.55069	0.14803	0.06215	0.01063	1.000	$7,454.74
25	0.54320	0.13794	0.07150	0.01190	1.000	$12,654.74
25	0.55067	0.10874	0.06220	0.01217	1.000	$8,826.01
25	0.55074	0.10025	0.06205	0.01026	1.000	$3,251.29
25	0.54316	0.08979	0.06970	0.01082	1.000	$12,077.30
25	0.51880	0.07122	0.02068	0.01308	1.000	25
25	0.66913	0.81814	0.06964	0.01197	1.000	$38,677.50
25	0.68598	0.80930	0.05284	0.01221	1.000	$500.00
25	0.67476	0.79923	0.06401	0.01056	1.000	$6,984.98
25	0.66917	0.79070	0.06955	0.01017	1.000	$46,162.48
25	0.66165	0.76163	0.07707	0.01017	1.000	$130,824.24
25	0.67475	0.75126	0.06403	0.01202	1.000	$5,348.71
25	0.66161	0.74111	0.07716	0.01342	1.000	$136,172.95
25	0.66917	0.71366	0.06955	0.01017	1.000	$69,416.43
25	0.66727	0.70338	0.07148	0.01183	1.000	$84,259.59
25	0.66158	0.69302	0.07721	0.01222	1.000	$153,676.02
25	0.67478	0.65543	0.06397	0.01182	1.000	$1,215.00
25	0.67657	0.64494	0.06228	0.01244	1.000	$1,439.84
25	0.67665	0.63650	0.06211	0.01188	1.000	$2,654.84
25	0.66917	0.59884	0.06955	0.01017	1.000	$76,885.38
25	0.67094	0.58966	0.06789	0.01109	1.000	$63,600.00
25	0.66719	0.57810	0.07164	0.01241	1.000	$26,870.39
25	0.66162	0.56963	0.07713	0.01189	1.000	$167,355.77
25	0.66917	0.53198	0.06955	0.01017	1.000	$82,400.00
25	0.66911	0.52159	0.06967	0.01206	1.000	$90,402.65
25	0.67282	0.51124	0.06601	0.01241	1.000	$2,580.19
25	0.66153	0.50099	0.07732	0.01401	1.000	$175,382.84
25	0.66910	0.48230	0.06969	0.01215	1.000	$35,000.00
25	0.66917	0.47384	0.06955	0.01163	1.000	$35,000.00
25	0.66917	0.43605	0.06955	0.01017	1.000	$28,491.53
25	0.66906	0.42546	0.06977	0.01245	1.000	$30,898.96
25	0.66917	0.41570	0.06767	0.01017	1.000	$13,428.58
25	0.67105	0.40698	0.06579	0.01017	1.000	$72,819.07
25	0.67663	0.37627	0.06216	0.01345	1.000	$2,747.52
25	0.67669	0.36773	0.06203	0.01163	1.000	$2,747.52
25	0.66914	0.31966	0.06961	0.01185	1.000	$28,491.48
25	0.66917	0.31105	0.06955	0.01017	1.000	$25,995.05
25	0.67480	0.29936	0.06394	0.01174	1.000	$7,159.13
25	0.66917	0.29215	0.06955	0.01017	1.000	$61,645.66
25	0.69539	0.27300	0.04343	0.01069	1.000	$20.00
25	0.69549	0.26453	0.04323	0.00872	1.000	$20.00
25	0.66907	0.24233	0.06976	0.01242	1.000	$46,579.00
25	0.67105	0.23547	0.06767	0.01017	1.000	$46,579.00
25	0.66913	0.20478	0.06964	0.01196	1.000	$28,210.44
25	0.67474	0.19453	0.06405	0.01210	1.000	$3,309.18
25	0.66917	0.18605	0.06955	0.01017	1.000	$31,519.62
25	0.67655	0.15652	0.06230	0.01253	1.000	$5,166.71
25	0.67479	0.14674	0.06583	0.01176	1.000	$7,449.12
25	0.66912	0.13789	0.06966	0.01202	1.000	$12,615.83
25	0.67669	0.10901	0.06203	0.01163	1.000	$8,826.01
25	0.67481	0.09884	0.06391	0.01163	1.000	$3,251.29
25	0.66913	0.08998	0.06963	0.01190	1.000	$12,077.30
25	0.77068	0.87645	0.04699	0.01163	1.000	TOTAL
25	0.83647	0.87645	0.08835	0.01169	1.000	BALANCE TO
25	0.74624	0.86628	0.09023	0.01163	1.000	ENCUMBERED
25	0.85900	0.86621	0.06396	0.01322	1.000	REVENUE
25	0.79879	0.78908	0.03776	0.01196	1.000	$0.00
25	0.79887	0.74128	0.03759	0.01163	1.000	$0.00
25	0.77246	0.70175	0.06785	0.01366	1.000	$1,566.43
25	0.77240	0.69277	0.06422	0.01271	1.000	$1,566.43
25	0.79887	0.63663	0.03759	0.01017	1.000	$0.00
25	0.89474	0.78924	0.03947	0.01308	1.000	$0.00
25	0.90038	0.74273	0.03759	0.01163	1.000	$0.00
25	0.89474	0.69331	0.03947	0.01163	1.000	$0.00
25	0.89474	0.63663	0.03947	0.01163	1.000	$0.00
25	0.89474	0.56977	0.03947	0.01163	1.000	$0.00
25	0.89474	0.50291	0.03759	0.01017	1.000	$0.00
25	0.78378	0.51149	0.05273	0.01191	1.000	$660.00
25	0.78376	0.50269	0.05279	0.01206	1.000	$660.00
25	0.77252	0.41560	0.06398	0.01327	1.000	$4,793.24
25	0.77252	0.40686	0.06397	0.01042	1.000	$4,793.24
25	0.78371	0.30047	0.05288	0.01098	1.000	$180.82
25	0.78571	0.29360	0.04887	0.00872	1.000	$180.82
25	0.77256	0.19477	0.06391	0.01163	1.000	$2,500.00
25	0.77241	0.18556	0.06419	0.01260	1.000	$2,500.00
25	0.79887	0.14680	0.03759	0.01163	1.000	$0.00
25	0.79887	0.13808	0.03759	0.01163	1.000	$0.00
25	0.79887	0.08866	0.03759	0.01308	1.000	$0.00
25	0.89850	0.40698	0.03947	0.01017	1.000	$0.00
25	0.86842	0.36919	0.06391	0.01163	1.000	$5,252.48
25	0.90038	0.29070	0.03759	0.01308	1.000	$0.00
25	0.89474	0.26163	0.03947	0.01308	1.000	$0.00
25	0.89474	0.18459	0.04135	0.01599	1.000	$0.00
25	0.88722	0.13808	0.04887	0.01453	1.000	$38.91
25	0.90038	0.09012	0.03759	0.01163	1.000	$0.00
26	0.11654	0.88368	0.10526	0.01463	1.000	PROGRAM NAME
26	0.11635	0.84085	0.09625	0.01742	1.000	Legal Expenses
26	0.11650	0.78767	0.09406	0.01913	1.000	Planning Board
26	0.12406	0.77604	0.15226	0.01612	1.000	Payroll-Land Use Director
26	0.12406	0.76163	0.09398	0.01744	1.000	Payroll-Clerical
26	0.12392	0.74802	0.09615	0.01704	1.000	Other Expenses
26	0.11654	0.68169	0.17669	0.01747	1.000	Art 10/16 ATM Market Analysis
26	0.11654	0.65402	0.21992	0.01761	1.000	Art 11/07 ATM Master Plan Consulting
26	0.11654	0.62791	0.11654	0.01599	1.000	Finance Committee
26	0.11654	0.57558	0.15602	0.01599	1.000	Conservation Commission
26	0.12398	0.56091	0.04527	0.01626	1.000	Payroll
26	0.12401	0.54776	0.09408	0.01349	1.000	Other Expenses
26	0.11842	0.49419	0.14474	0.01599	1.000	CENTRAL PURCHASING
26	0.11654	0.46652	0.11466	0.01612	1.000	Central Purchasing
26	0.12388	0.45284	0.09059	0.01728	1.000	Equipment Mtc
26	0.12397	0.44022	0.05282	0.01636	1.000	Postage
26	0.12406	0.42733	0.11842	0.01599	1.000	Purchase of Service
26	0.12391	0.41244	0.06609	0.01814	1.000	Telephone
26	0.11842	0.37355	0.08271	0.01599	1.000	PROTECTION
26	0.11652	0.34584	0.11283	0.01762	1.000	Police Department
26	0.12406	0.33285	0.13158	0.01890	1.000	Payroll-Administration
26	0.12406	0.31977	0.12218	0.01599	1.000	Payroll-Enforcement
26	0.12406	0.30804	0.11278	0.01173	1.000	Uniform Allowance
26	0.12594	0.29506	0.12406	0.01308	1.000	Educational Incentive
26	0.12390	0.27844	0.09430	0.01579	1.000	Other Expenses
26	0.11839	0.22663	0.09029	0.01622	1.000	Police Lock-Up
26	0.12394	0.21197	0.04535	0.01357	1.000	Payroll
26	0.12403	0.20043	0.09405	0.01338	1.000	Other Expenses
26	0.11643	0.15809	0.07353	0.01521	1.000	Injury Leave
26	0.11654	0.10465	0.17105	0.01744	1.000	Police Fire Medical Expenses
26	0.44737	0.93750	0.14662	0.01314	1.000	TOWN OF LUNENBURG
26	0.41541	0.92287	0.21429	0.01612	1.000	GENERAL FUND APPROPRIATIONS
26	0.38722	0.90843	0.27068	0.01744	1.000	SUMMARY & CLASSIFICATION OF ACCOUNTS
26	0.46805	0.89680	0.11278	0.01317	1.000	FISCAL YEAR 2016
26	0.34211	0.88372	0.10150	0.01453	1.000	APPROPRIATED
26	0.49239	0.88194	0.09042	0.01665	1.000	TOTAL FUNDS
26	0.35526	0.87064	0.06579	0.01308	1.000	FORWARD
26	0.49432	0.87052	0.06962	0.01332	1.000	AVAILABLE
26	0.40036	0.85604	0.09214	0.01321	1.000	$3,602.82 fwd
26	0.39286	0.84012	0.07143	0.01599	1.000	$219,148.94
26	0.39474	0.82994	0.06955	0.01453	1.000	$222,751.76
26	0.54135	0.84448	0.06955	0.01163	1.000	$222,751.76
26	0.54135	0.83140	0.06955	0.01163	1.000	$222,751.76
26	0.39850	0.77471	0.06767	0.01599	1.000	$88,333.00
26	0.39850	0.76163	0.06767	0.01599	1.000	$54,287.04
26	0.40226	0.74855	0.06203	0.01453	1.000	$5,279.00
26	0.39286	0.73692	0.07143	0.01453	1.000	$147,899.04
26	0.39844	0.68153	0.06590	0.01484	1.000	$10,000.00
26	0.40596	0.65386	0.08658	0.01496	1.000	$2,933.05 fwd
26	0.41541	0.62791	0.04699	0.01308	1.000	$403.63
26	0.41541	0.61483	0.04887	0.01453	1.000	$403.63
26	0.39850	0.56105	0.06767	0.01599	1.000	$24,459.00
26	0.40038	0.54942	0.06391	0.01308	1.000	$24,651.16
26	0.40038	0.53634	0.06391	0.01308	1.000	$49,110.16
26	0.40026	0.46614	0.09422	0.01684	1.000	$14,795.93 fwd
26	0.39850	0.45349	0.06767	0.01599	1.000	$10,200.00
26	0.41541	0.44041	0.05075	0.01599	1.000	$750.00
26	0.42669	0.42587	0.03947	0.01744	1.000	$0.00
26	0.40038	0.41279	0.06579	0.01744	1.000	$42,000.00
26	0.39850	0.39826	0.06767	0.01744	1.000	$67,745.93
26	0.39098	0.33285	0.07519	0.01599	1.000	$143,363.00
26	0.38534	0.32122	0.07895	0.01308	1.000	$1,097,141.82
26	0.40038	0.30669	0.06391	0.01453	1.000	$21,700.00
26	0.39850	0.29070	0.06767	0.01890	1.000	$57,354.00
26	0.39850	0.27907	0.06767	0.01599	1.000	$44,020.00
26	0.38346	0.26599	0.08271	0.01599	1.000	$1,363,578.82
26	0.40033	0.21211	0.06587	0.01619	1.000	$62,579.62
26	0.40602	0.19767	0.06015	0.01890	1.000	$1,726.91
26	0.39832	0.18418	0.06802	0.01826	1.000	$64,306.53
26	0.40789	0.16134	0.05639	0.01163	1.000	$3,429.49
26	0.40602	0.14826	0.05827	0.01163	1.000	$3,429.49
26	0.41161	0.11906	0.08279	0.01624	1.000	$165.91 fwd
26	0.40602	0.10465	0.06015	0.01744	1.000	$3,300.83
26	0.40602	0.09157	0.06015	0.01744	1.000	$3,466.74
26	0.62594	0.88372	0.04699	0.01453	1.000	TOTAL
26	0.62401	0.87048	0.06965	0.01340	1.000	EXPENDED
26	0.66353	0.84448	0.07143	0.01163	1.000	$160,148.94
26	0.66353	0.83140	0.07143	0.01163	1.000	$160,148.94
26	0.54699	0.77616	0.06579	0.01453	1.000	$88,333.00
26	0.54699	0.76163	0.06579	0.01599	1.000	$54,287.04
26	0.55263	0.74709	0.06015	0.01744	1.000	$5,279.00
26	0.53933	0.73508	0.07359	0.01677	1.000	$147,899.04
26	0.54699	0.68169	0.06579	0.01599	1.000	$10,000.00
26	0.55263	0.65407	0.06015	0.01599	1.000	$2,933.05
26	0.56203	0.62791	0.05075	0.01599	1.000	$403.63
26	0.56203	0.61483	0.05075	0.01453	1.000	$403.63
26	0.54699	0.56105	0.06579	0.01599	1.000	$24,459.00
26	0.54699	0.54942	0.06391	0.01308	1.000	$24,651.16
26	0.54699	0.53779	0.06391	0.01163	1.000	$49,110.16
26	0.54699	0.45349	0.06579	0.01453	1.000	$10,200.00
26	0.56015	0.44041	0.05263	0.01453	1.000	$750.00
26	0.54683	0.42551	0.06611	0.01817	1.000	$13,057.82
26	0.54508	0.41270	0.06774	0.01617	1.000	$43,738.11
26	0.54511	0.39971	0.06767	0.01744	1.000	$67,745.93
26	0.53737	0.33219	0.07564	0.01730	1.000	$143,363.00
26	0.53003	0.31965	0.08279	0.01769	1.000	$1,097,141.82
26	0.54511	0.30669	0.06767	0.01599	1.000	$21,700.00
26	0.54699	0.29215	0.06579	0.01744	1.000	$57,354.00
26	0.54489	0.27849	0.06811	0.01715	1.000	$44,020.00
26	0.53008	0.26744	0.08271	0.01453	1.000	$1,363,578.82
26	0.54699	0.21221	0.06579	0.01599	1.000	$62,579.62
26	0.55263	0.19767	0.06015	0.01890	1.000	$1,726.91
26	0.54511	0.18605	0.06767	0.01599	1.000	$64,306.53
26	0.55233	0.15773	0.06075	0.01739	1.000	$3,429.49
26	0.55263	0.14535	0.06015	0.01599	1.000	$3,429.49
26	0.55263	0.10465	0.06015	0.01744	1.000	$3,466.74
26	0.55263	0.09302	0.06015	0.01599	1.000	$3,466.74
26	0.66914	0.77606	0.06774	0.01473	1.000	$88,587.46
26	0.66917	0.76163	0.06767	0.01453	1.000	$54,939.18
26	0.67105	0.74709	0.06579	0.01599	1.000	$3,823.18
26	0.66344	0.73518	0.07349	0.01511	1.000	$147,349.82
26	0.68609	0.62791	0.05075	0.01453	1.000	$403.63
26	0.68585	0.61430	0.05124	0.01558	1.000	$403.63
26	0.67293	0.56105	0.06015	0.01453	1.000	$23,751.12
26	0.67105	0.54797	0.06203	0.01599	1.000	$25,230.80
26	0.67102	0.53624	0.06398	0.01328	1.000	$48,981.92
26	0.67669	0.45203	0.06015	0.01744	1.000	$3,274.15
26	0.68609	0.44041	0.05075	0.01599	1.000	$659.82
26	0.67669	0.42587	0.06015	0.01744	1.000	$9,455.00
26	0.67101	0.41269	0.06587	0.01619	1.000	$43,063.36
26	0.66906	0.40086	0.06789	0.01515	1.000	$56,452.33
26	0.66162	0.33276	0.07525	0.01617	1.000	$143,361.55
26	0.65399	0.31789	0.08300	0.01829	1.000	$1,103,949.34
26	0.66917	0.30669	0.06767	0.01599	1.000	$21,700.00
26	0.66917	0.29215	0.06767	0.01744	1.000	$58,095.79
26	0.66917	0.27907	0.06767	0.01744	1.000	$36,449.14
26	0.65414	0.26599	0.08271	0.01599	1.000	$1,363,555.82
26	0.67105	0.21076	0.06579	0.01744	1.000	$62,579.62
26	0.67669	0.19913	0.05827	0.01599	1.000	$1,726.91
26	0.67096	0.18867	0.06410	0.01364	1.000	$64,306.53
26	0.67632	0.15617	0.06090	0.01905	1.000	$3,429.49
26	0.67669	0.14535	0.06015	0.01599	1.000	$3,429.49
26	0.68609	0.10465	0.04887	0.01599	1.000	$913.71
26	0.68605	0.09295	0.05083	0.01614	1.000	$913.71
26	0.76316	0.88227	0.04699	0.01453	1.000	TOTAL
26	0.73862	0.87022	0.08855	0.01391	1.000	ENCUMBERED
26	0.82707	0.88517	0.08647	0.01018	1.000	BALANCE TO
26	0.85143	0.87181	0.06031	0.01074	1.000	REVENUE
26	0.76684	0.84420	0.06407	0.01217	1.000	$62,602.82
26	0.76504	0.82994	0.06579	0.01308	1.000	$62,602.82
26	0.89474	0.82849	0.03759	0.01890	1.000	$0.00
26	0.78383	0.75145	0.04887	0.01163	1.000	$542.76
26	0.78383	0.73692	0.04699	0.01308	1.000	$542.76
26	0.76498	0.68009	0.06779	0.01772	1.000	$10,000.00
26	0.77256	0.65407	0.06015	0.01599	1.000	$2,933.05
26	0.78375	0.54780	0.04717	0.01487	1.000	$128.24
26	0.78383	0.53634	0.04699	0.01453	1.000	$128.24
26	0.89474	0.73547	0.03759	0.01744	1.000	$6.46
26	0.89098	0.68169	0.03759	0.01599	1.000	$0.00
26	0.89098	0.65552	0.03759	0.01599	1.000	$0.00
26	0.89098	0.61483	0.03759	0.01599	1.000	$0.00
26	0.89098	0.53488	0.03759	0.01599	1.000	$0.00
26	0.77253	0.42582	0.06020	0.01755	1.000	$3,602.82
26	0.78759	0.41424	0.04511	0.01599	1.000	$48.55
26	0.77256	0.39971	0.06015	0.01744	1.000	$3,651.37
26	0.87218	0.40116	0.06203	0.01744	1.000	$7,642.23
26	0.78189	0.10453	0.05088	0.01623	1.000	$362.00
26	0.78195	0.09302	0.05075	0.01599	1.000	$362.00
26	0.88910	0.26599	0.04511	0.01744	1.000	$23.00
26	0.89098	0.18605	0.03759	0.01744	1.000	$0.00
26	0.89098	0.14535	0.03759	0.01599	1.000	$0.00
26	0.86842	0.09302	0.06391	0.01453	1.000	$2,191.03
26	0.51880	0.07122	0.02256	0.01599	1.000	26
27	0.11654	0.88368	0.10714	0.01463	1.000	PROGRAM NAME
27	0.11828	0.85279	0.08486	0.01825	1.000	PROTECTION
27	0.11838	0.83997	0.09970	0.01628	1.000	Fire Department
27	0.12406	0.82703	0.13346	0.01744	1.000	Payroll-Administration
27	0.12406	0.81395	0.16541	0.01599	1.000	Payroll-Firefighters/Daymen
27	0.12406	0.79942	0.08459	0.01744	1.000	Payroll-E.M.S.
27	0.12402	0.78473	0.11662	0.01774	1.000	Clothing Allowance
27	0.12406	0.77180	0.09774	0.01599	1.000	Other Expenses
27	0.11654	0.72965	0.20677	0.01599	1.000	11 5/7/16 ATM Firefighters Contract
27	0.11654	0.68895	0.12970	0.01599	1.000	Fire Hydrant Expense
27	0.11654	0.63368	0.12030	0.01612	1.000	Mtc of Town Radios
27	0.11654	0.60610	0.18233	0.01599	1.000	Comp. Radio Watch Personnel
27	0.12406	0.59302	0.04699	0.01453	1.000	Payroll
27	0.12406	0.57837	0.09774	0.01612	1.000	Other Expenses
27	0.11842	0.53770	0.13346	0.01463	1.000	Animal Control Officer
27	0.12399	0.52313	0.04713	0.01624	1.000	Payroll
27	0.12406	0.50868	0.09586	0.01894	1.000	Care & Custody
27	0.12402	0.49546	0.09595	0.01489	1.000	Other Expenses
27	0.11645	0.44005	0.11484	0.01815	1.000	Building Inspector
27	0.12406	0.42584	0.15602	0.01747	1.000	Payroll-Building Inspector
27	0.12406	0.41270	0.16353	0.01761	1.000	Payroll-Asst Bldg Inspector
27	0.12392	0.39779	0.09427	0.01837	1.000	Payroll-Clerical
27	0.12406	0.38517	0.09774	0.01599	1.000	Other Expenses
27	0.11842	0.35756	0.14662	0.01744	1.000	Emergency Management
27	0.12396	0.34569	0.05095	0.01356	1.000	Payroll
27	0.12406	0.33284	0.09586	0.01463	1.000	Other Expenses
27	0.11839	0.30222	0.10156	0.01765	1.000	Wiring Inspector
27	0.12406	0.28779	0.05075	0.01744	1.000	Payroll
27	0.12388	0.27418	0.09059	0.01996	1.000	Asst Inspector
27	0.12401	0.26144	0.09784	0.01636	1.000	Other Expenses
27	0.11466	0.21948	0.18045	0.01465	1.000	Inspector Weights & Measures
27	0.12406	0.20640	0.04699	0.01453	1.000	Payroll
27	0.12400	0.19167	0.09786	0.01783	1.000	Other Expenses
27	0.11654	0.15104	0.15789	0.01761	1.000	Plumbing & Gas Inspector
27	0.12592	0.13659	0.05080	0.01607	1.000	Payroll
27	0.12780	0.12348	0.09027	0.01613	1.000	Asst Inspector
27	0.12778	0.11031	0.09783	0.01630	1.000	Other Expenses
27	0.45677	0.93895	0.14474	0.01453	1.000	TOWN OF LUNENBURG
27	0.41729	0.92436	0.21617	0.01314	1.000	GENERAL FUND APPROPRIATIONS
27	0.39098	0.91134	0.27068	0.01453	1.000	SUMMARY & CLASSIFICATION OF ACCOUNTS
27	0.34586	0.88372	0.09962	0.01308	1.000	APPROPRIATED
27	0.47180	0.89680	0.11466	0.01466	1.000	FISCAL YEAR 2016
27	0.49619	0.88354	0.09220	0.01491	1.000	TOTAL FUNDS
27	0.35707	0.86896	0.06782	0.01354	1.000	FORWARD
27	0.49794	0.86856	0.07179	0.01433	1.000	AVAILABLE
27	0.40777	0.83964	0.08860	0.01549	1.000	$7,875.47 fwd
27	0.39662	0.82703	0.07331	0.01599	1.000	$133,544.00
27	0.39662	0.81395	0.07331	0.01453	1.000	$377,797.59
27	0.39651	0.79914	0.07351	0.01656	1.000	$137,400.24
27	0.40782	0.78473	0.06218	0.01776	1.000	$3,300.00
27	0.40414	0.77326	0.06391	0.01308	1.000	$66,150.00
27	0.39649	0.75973	0.07169	0.01397	1.000	$726,067.30
27	0.40943	0.72891	0.06084	0.01892	1.000	$3,611.32
27	0.54504	0.82683	0.07346	0.01640	1.000	$133,544.00
27	0.54511	0.81395	0.07331	0.01744	1.000	$377,797.59
27	0.54506	0.79927	0.07342	0.01629	1.000	$137,400.24
27	0.55639	0.78634	0.06203	0.01744	1.000	$3,300.00
27	0.55257	0.77307	0.06404	0.01346	1.000	$74,025.47
27	0.54699	0.76017	0.07143	0.01308	1.000	$726,067.30
27	0.55827	0.72965	0.06203	0.01744	1.000	$3,611.32
27	0.40414	0.68605	0.06579	0.01890	1.000	$15,000.00
27	0.40226	0.67442	0.06767	0.01744	1.000	$15,000.00
27	0.40972	0.64661	0.08658	0.01493	1.000	$3,284.90 fwd
27	0.40977	0.63227	0.06015	0.01744	1.000	$5,604.07
27	0.40210	0.59118	0.06797	0.01677	1.000	$94,204.24
27	0.39474	0.57703	0.07519	0.01890	1.000	$193,575.76
27	0.39461	0.56360	0.07544	0.01670	1.000	$287,780.00
27	0.40414	0.52326	0.06391	0.01453	1.000	$12,000.00
27	0.40977	0.51017	0.05827	0.01308	1.000	$7,500.00
27	0.40977	0.49709	0.05827	0.01453	1.000	$5,800.00
27	0.40414	0.48401	0.06391	0.01308	1.000	$25,300.00
27	0.40414	0.42587	0.06579	0.01599	1.000	$70,912.00
27	0.40753	0.41054	0.06275	0.01904	1.000	$5,000.00
27	0.40219	0.39666	0.06780	0.01918	1.000	$64,424.55
27	0.40789	0.38663	0.06015	0.01453	1.000	$3,030.00
27	0.39655	0.37332	0.07157	0.01354	1.000	$143,366.55
27	0.40977	0.34302	0.06015	0.01744	1.000	$4,500.00
27	0.42857	0.32994	0.04135	0.01599	1.000	$0.00
27	0.40953	0.31630	0.06063	0.01711	1.000	$4,500.00
27	0.40226	0.28924	0.06767	0.01599	1.000	$26,563.36
27	0.43233	0.27471	0.03759	0.01599	1.000	$0.00
27	0.43233	0.26163	0.03759	0.01599	1.000	$0.00
27	0.40226	0.24855	0.06579	0.01308	1.000	$26,563.36
27	0.40958	0.20585	0.05866	0.01417	1.000	$4,000.00
27	0.41725	0.19177	0.05272	0.01616	1.000	$315.00
27	0.40967	0.17854	0.06036	0.01646	1.000	$4,315.00
27	0.40213	0.13633	0.06793	0.01805	1.000	$17,122.40
27	0.42857	0.12355	0.04135	0.01599	1.000	$0.00
27	0.41729	0.11047	0.05075	0.01453	1.000	$195.00
27	0.40414	0.09884	0.06391	0.01163	1.000	$17,317.40
27	0.55254	0.68584	0.06786	0.01930	1.000	$15,000.00
27	0.55075	0.67442	0.06767	0.01599	1.000	$15,000.00
27	0.55823	0.63363	0.06023	0.01472	1.000	$8,888.97
27	0.55068	0.59140	0.06781	0.01777	1.000	$94,204.24
27	0.54472	0.57729	0.07598	0.01838	1.000	$193,575.76
27	0.54506	0.56525	0.07342	0.01630	1.000	$287,780.00
27	0.55257	0.52166	0.06592	0.01773	1.000	$12,000.00
27	0.56009	0.51146	0.05839	0.01341	1.000	$7,500.00
27	0.55808	0.49662	0.06052	0.01549	1.000	$5,800.00
27	0.55263	0.48401	0.06579	0.01453	1.000	$25,300.00
27	0.55240	0.42667	0.06626	0.01585	1.000	$70,912.00
27	0.55639	0.41424	0.06203	0.01453	1.000	$5,000.00
27	0.55263	0.39826	0.06767	0.01744	1.000	$64,424.55
27	0.55639	0.38663	0.06203	0.01453	1.000	$3,030.00
27	0.54699	0.37355	0.07143	0.01308	1.000	$143,366.55
27	0.55820	0.34431	0.06030	0.01632	1.000	$4,500.00
27	0.58083	0.32849	0.03947	0.01744	1.000	$0.00
27	0.55811	0.31652	0.06234	0.01812	1.000	$4,500.00
27	0.55252	0.28895	0.06790	0.01658	1.000	$26,563.36
27	0.57895	0.27471	0.04135	0.01599	1.000	$0.00
27	0.57895	0.25872	0.04135	0.01890	1.000	$0.00
27	0.55258	0.24840	0.06589	0.01338	1.000	$26,563.36
27	0.55794	0.20550	0.06269	0.01633	1.000	$4,000.00
27	0.56767	0.19186	0.05263	0.02035	1.000	$315.00
27	0.55818	0.17857	0.06221	0.01642	1.000	$4,315.00
27	0.55255	0.13644	0.06783	0.01782	1.000	$17,122.40
27	0.57707	0.12355	0.04323	0.01599	1.000	$0.00
27	0.56767	0.10756	0.05263	0.01890	1.000	$195.00
27	0.55247	0.09550	0.06800	0.01685	1.000	$17,317.40
27	0.63158	0.88372	0.04887	0.01453	1.000	TOTAL
27	0.63153	0.86906	0.06964	0.01623	1.000	EXPENDED
27	0.67105	0.82703	0.07331	0.01599	1.000	$133,543.84
27	0.67096	0.81370	0.07349	0.01649	1.000	$428,160.34
27	0.67660	0.79919	0.06785	0.01644	1.000	$87,691.99
27	0.68233	0.78634	0.06203	0.01599	1.000	$3,300.00
27	0.67669	0.77326	0.06579	0.01308	1.000	$60,280.57
27	0.67105	0.75872	0.07143	0.01453	1.000	$712,976.74
27	0.68421	0.72965	0.06015	0.01744	1.000	$3,611.32
27	0.67660	0.68585	0.06785	0.01929	1.000	$14,952.58
27	0.67643	0.67525	0.06819	0.01869	1.000	$14,952.58
27	0.68388	0.63298	0.05892	0.01747	1.000	$7,965.81
27	0.67648	0.59102	0.06809	0.01708	1.000	$88,539.48
27	0.67094	0.57817	0.07353	0.01662	1.000	$193,575.76
27	0.66917	0.56395	0.07519	0.01890	1.000	$282,115.24
27	0.67850	0.52165	0.06592	0.01775	1.000	$12,000.00
27	0.68421	0.51017	0.05827	0.01453	1.000	$7,500.00
27	0.68233	0.49564	0.06203	0.01599	1.000	$5,799.57
27	0.67857	0.48401	0.06391	0.01599	1.000	$25,299.57
27	0.67857	0.42733	0.06579	0.01599	1.000	$70,911.61
27	0.68233	0.41279	0.06203	0.01744	1.000	$5,000.00
27	0.67666	0.39964	0.06584	0.01612	1.000	$65,407.51
27	0.68233	0.38663	0.06015	0.01453	1.000	$2,047.43
27	0.67105	0.37355	0.07143	0.01453	1.000	$143,366.55
27	0.68233	0.34157	0.06203	0.02035	1.000	$4,500.00
27	0.70301	0.32994	0.03947	0.01453	1.000	$0.00
27	0.68609	0.31831	0.05639	0.01308	1.000	$4,500.00
27	0.67658	0.28898	0.06790	0.01797	1.000	$26,563.36
27	0.70677	0.27616	0.03759	0.01453	1.000	$0.00
27	0.70677	0.26308	0.03571	0.01453	1.000	$0.00
27	0.67852	0.24983	0.06401	0.01197	1.000	$26,563.36
27	0.68421	0.20785	0.05827	0.01308	1.000	$4,000.00
27	0.69168	0.19466	0.05084	0.01329	1.000	$315.00
27	0.68421	0.17878	0.06015	0.01744	1.000	$4,315.00
27	0.67481	0.13372	0.06955	0.02035	1.000	$17,122.40
27	0.70301	0.12355	0.03947	0.01599	1.000	$0.00
27	0.69361	0.11192	0.04699	0.01453	1.000	$195.00
27	0.67840	0.09825	0.06425	0.01281	1.000	$17,317.40
27	0.76874	0.88216	0.05087	0.01621	1.000	TOTAL
27	0.83456	0.88217	0.09028	0.01472	1.000	BALANCE TO
27	0.74617	0.86893	0.09225	0.01651	1.000	ENCUMBERED
27	0.86084	0.86903	0.06215	0.01485	1.000	REVENUE
27	0.77430	0.77144	0.06605	0.01527	1.000	$12,718.34
27	0.77444	0.76017	0.06579	0.01453	1.000	$12,718.34
27	0.89098	0.75872	0.05263	0.01744	1.000	$372.22
27	0.90414	0.72965	0.03947	0.01599	1.000	$0.00
27	0.89098	0.67297	0.04887	0.02035	1.000	$47.42
27	0.88901	0.63066	0.05469	0.01921	1.000	$923.16
27	0.88150	0.56380	0.06219	0.01920	1.000	$5,664.76
27	0.90414	0.48256	0.03947	0.01744	1.000	$0.43
27	0.90033	0.37203	0.03769	0.01756	1.000	$0.00
27	0.90038	0.31686	0.03759	0.01599	1.000	$0.00
27	0.90038	0.24855	0.03571	0.01308	1.000	$0.00
27	0.90038	0.17878	0.03759	0.01453	1.000	$0.00
27	0.90038	0.09738	0.03571	0.01308	1.000	$0.00
27	0.51880	0.07122	0.02256	0.01599	1.000	27
28	0.11652	0.88800	0.10342	0.01470	1.000	PROGRAM NAME
28	0.11842	0.86186	0.15789	0.01463	1.000	HEALTH AND SANITATION
28	0.11654	0.83576	0.12218	0.01320	1.000	Inspector of Animals
28	0.11654	0.79651	0.14286	0.01748	1.000	General Health Expense
28	0.12401	0.78470	0.09220	0.01491	1.000	Payroll-Clerical
28	0.12594	0.77326	0.09398	0.01320	1.000	Other Expenses
28	0.45301	0.93895	0.14286	0.01599	1.000	TOWN OF LUNENBURG
28	0.41729	0.92436	0.21241	0.01761	1.000	GENERAL FUND APPROPRIATIONS
28	0.38910	0.91270	0.26692	0.01463	1.000	SUMMARY & CLASSIFICATION OF ACCOUNTS
28	0.46992	0.89971	0.11090	0.01453	1.000	FISCAL YEAR 2016
28	0.34586	0.88808	0.09774	0.01453	1.000	APPROPRIATED
28	0.49246	0.88798	0.08840	0.01329	1.000	TOTAL FUNDS
28	0.35526	0.87500	0.06767	0.01453	1.000	FORWARD
28	0.49430	0.87481	0.06967	0.01347	1.000	AVAILABLE
28	0.62768	0.88781	0.04727	0.01507	1.000	TOTAL
28	0.62581	0.87465	0.06981	0.01669	1.000	EXPENDED
28	0.40602	0.83430	0.06015	0.01744	1.000	$1,000.00
28	0.55451	0.83576	0.05827	0.01599	1.000	$1,000.00
28	0.67853	0.83423	0.06022	0.01759	1.000	$1,000.00
28	0.40038	0.78488	0.06579	0.01453	1.000	$36,462.32
28	0.40598	0.77025	0.05835	0.01473	1.000	$1,714.80
28	0.40038	0.76017	0.06391	0.01453	1.000	$38,177.12
28	0.40602	0.73256	0.08835	0.01744	1.000	$2,458.46 fwd
28	0.54686	0.78310	0.06606	0.01666	1.000	$36,462.32
28	0.55263	0.77180	0.06015	0.01308	1.000	$1,714.80
28	0.54699	0.76163	0.06579	0.01163	1.000	$38,177.12
28	0.67095	0.78320	0.06787	0.01791	1.000	$37,401.12
28	0.68229	0.77024	0.05272	0.01330	1.000	$630.52
28	0.67293	0.76163	0.06391	0.01163	1.000	$38,031.64
28	0.76308	0.88791	0.04715	0.01343	1.000	TOTAL
28	0.82890	0.88791	0.08845	0.01633	1.000	BALANCE TO
28	0.73867	0.87479	0.09034	0.01496	1.000	ENCUMBERED
28	0.85338	0.87500	0.06391	0.01744	1.000	REVENUE
28	0.89286	0.83576	0.03759	0.01599	1.000	$0.00
28	0.88340	0.76006	0.05086	0.01477	1.000	$145.48
28	0.11842	0.72093	0.20113	0.01320	1.000	DEPARTMENT OF PUBLIC WORKS
28	0.11829	0.68128	0.09048	0.01826	1.000	Highway Labor
28	0.12406	0.67151	0.08271	0.01308	1.000	DPW Director
28	0.12399	0.65656	0.15051	0.01537	1.000	Payroll-Highway Laborers
28	0.12400	0.64514	0.09034	0.01496	1.000	Payroll-Clerical
28	0.11466	0.59152	0.12594	0.01895	1.000	Vehicle Maintenance
28	0.12404	0.57986	0.09402	0.01324	1.000	Other Expenses
28	0.39841	0.66839	0.06784	0.01642	1.000	$89,463.99
28	0.39286	0.65698	0.07331	0.01599	1.000	$262,424.37
28	0.39850	0.64535	0.06767	0.01453	1.000	$42,232.32
28	0.39286	0.61773	0.07143	0.01599	1.000	$394,120.68
28	0.39286	0.57994	0.07331	0.01453	1.000	$141,026.85
28	0.54693	0.66846	0.06591	0.01628	1.000	$89,463.99
28	0.54511	0.65698	0.06203	0.01453	1.000	$262,424.37
28	0.55075	0.64535	0.05639	0.01453	1.000	$42,232.32
28	0.53931	0.61874	0.07363	0.01689	1.000	$394,120.68
28	0.53936	0.58098	0.07165	0.01246	1.000	$141,026.85
28	0.67098	0.66843	0.06593	0.01634	1.000	$89,463.99
28	0.66541	0.65552	0.07143	0.01599	1.000	$262,424.37
28	0.67105	0.64390	0.06579	0.01599	1.000	$42,232.32
28	0.66527	0.61881	0.07171	0.01675	1.000	$394,120.68
28	0.66527	0.58090	0.07172	0.01407	1.000	$128,185.55
28	0.89286	0.61919	0.03759	0.01453	1.000	$0.00
28	0.78195	0.58140	0.05075	0.01453	1.000	$430.37
28	0.11654	0.48983	0.12970	0.01599	1.000	General Highway Mtc.
28	0.12403	0.47661	0.09405	0.01480	1.000	Other Expenses
28	0.11649	0.42568	0.11100	0.01783	1.000	Highway Overtime
28	0.11838	0.40102	0.09031	0.01628	1.000	Snow Removal
28	0.12406	0.38808	0.04699	0.01599	1.000	Payroll
28	0.12400	0.37479	0.09598	0.01642	1.000	Other Expenses
28	0.11654	0.32413	0.13722	0.01453	1.000	Traffic Signs & Devices
28	0.11651	0.28625	0.08464	0.01616	1.000	Tree Removal
28	0.12386	0.27287	0.04738	0.01531	1.000	Payroll
28	0.12404	0.26009	0.09591	0.01616	1.000	Other Expenses
28	0.11654	0.20784	0.13158	0.01745	1.000	Cemetery Department
28	0.12406	0.19622	0.04699	0.01453	1.000	Payroll
28	0.12406	0.18452	0.09586	0.01612	1.000	Other Expenses
28	0.11652	0.14527	0.10343	0.01616	1.000	Park Department
28	0.12406	0.13227	0.04511	0.01308	1.000	Payroll
28	0.12406	0.12054	0.09398	0.01319	1.000	Other Expenses
28	0.39264	0.48886	0.10007	0.01648	1.000	$180,693.35 fwd
28	0.39268	0.47627	0.07178	0.01694	1.000	$474,239.27
28	0.39281	0.46497	0.07153	0.01483	1.000	$654,932.62
28	0.40602	0.42587	0.05639	0.01308	1.000	$9,101.14
28	0.39833	0.38761	0.06800	0.01548	1.000	$31,365.16
28	0.39286	0.37500	0.07143	0.01453	1.000	$244,411.37
28	0.39273	0.36158	0.07168	0.01667	1.000	$275,776.53
28	0.39850	0.32267	0.06767	0.01599	1.000	$22,856.47
28	0.40038	0.31105	0.06579	0.01599	1.000	$22,856.47
28	0.41345	0.27305	0.05093	0.01349	1.000	$773.86
28	0.40038	0.25872	0.06579	0.01744	1.000	$27,684.74
28	0.40038	0.24709	0.06579	0.01599	1.000	$28,458.60
28	0.40025	0.19592	0.06603	0.01660	1.000	$50,056.98
28	0.40038	0.17151	0.06579	0.01599	1.000	$50,056.98
28	0.40027	0.13200	0.06600	0.01652	1.000	$13,343.90
28	0.40038	0.11919	0.06391	0.01453	1.000	$54,019.77
28	0.40038	0.10901	0.06391	0.01163	1.000	$67,363.67
28	0.53945	0.47813	0.07335	0.01467	1.000	$654,932.62
28	0.53942	0.46496	0.07342	0.01629	1.000	$654,932.62
28	0.55263	0.42733	0.06015	0.01308	1.000	$9,101.14
28	0.54511	0.38808	0.06767	0.01599	1.000	$31,365.16
28	0.54128	0.37621	0.06970	0.01358	1.000	$244,411.37
28	0.54126	0.36453	0.06973	0.01367	1.000	$275,776.53
28	0.54887	0.32558	0.06391	0.01308	1.000	$22,856.47
28	0.54877	0.31221	0.06223	0.01365	1.000	$22,856.47
28	0.56391	0.27035	0.04887	0.01744	1.000	$773.86
28	0.54873	0.26121	0.06419	0.01392	1.000	$27,684.74
28	0.54884	0.24989	0.06397	0.01184	1.000	$28,458.60
28	0.54693	0.19606	0.06592	0.01631	1.000	$50,056.98
28	0.54699	0.17006	0.06579	0.01599	1.000	$50,056.98
28	0.54680	0.13179	0.06616	0.01694	1.000	$13,343.90
28	0.54692	0.12043	0.06405	0.01350	1.000	$54,019.77
28	0.54699	0.10901	0.06391	0.01308	1.000	$67,363.67
28	0.66348	0.47661	0.07341	0.01626	1.000	$318,574.94
28	0.66536	0.46498	0.07153	0.01625	1.000	$318,574.94
28	0.67665	0.42722	0.06024	0.01475	1.000	$9,101.14
28	0.67085	0.38756	0.06620	0.01703	1.000	$31,365.16
28	0.66525	0.37452	0.07175	0.01550	1.000	$244,411.37
28	0.66536	0.36321	0.07154	0.01486	1.000	$275,776.53
28	0.67105	0.32267	0.06579	0.01599	1.000	$22,856.47
28	0.67090	0.31062	0.06610	0.01538	1.000	$22,856.47
28	0.68783	0.27300	0.04915	0.01650	1.000	$773.86
28	0.67293	0.26163	0.06391	0.01308	1.000	$27,684.74
28	0.67293	0.25000	0.06391	0.01163	1.000	$28,458.60
28	0.67091	0.19587	0.06607	0.01670	1.000	$50,056.98
28	0.67101	0.16996	0.06587	0.01618	1.000	$50,056.98
28	0.67105	0.13227	0.06579	0.01599	1.000	$13,343.90
28	0.67105	0.11919	0.06579	0.01453	1.000	$39,319.77
28	0.67102	0.10748	0.06772	0.01469	1.000	$52,663.67
28	0.76115	0.47638	0.07169	0.01671	1.000	$323,201.37
28	0.75932	0.46490	0.07347	0.01643	1.000	$323,201.37
28	0.86266	0.46481	0.06604	0.01661	1.000	$13,156.31
28	0.89286	0.42587	0.03759	0.01599	1.000	$0.00
28	0.89286	0.36337	0.03759	0.01453	1.000	$0.00
28	0.89286	0.31250	0.03759	0.01453	1.000	$0.00
28	0.89277	0.24841	0.03776	0.01480	1.000	$0.00
28	0.76690	0.11913	0.06583	0.01464	1.000	$14,700.00
28	0.76682	0.10589	0.06598	0.01787	1.000	$14,700.00
28	0.89286	0.17151	0.03759	0.01453	1.000	$0.00
28	0.89286	0.10756	0.03571	0.01308	1.000	$0.00
28	0.51692	0.07122	0.02444	0.01599	1.000	28
29	0.45865	0.93452	0.14474	0.01612	1.000	TOWN OF LUNENBURG
29	0.42105	0.92151	0.21617	0.01453	1.000	GENERAL FUND APPROPRIATIONS
29	0.39286	0.91134	0.27256	0.01308	1.000	SUMMARY & CLASSIFICATION OF ACCOUNTS
29	0.47542	0.89478	0.11494	0.01857	1.000	FISCAL YEAR 2016
29	0.11833	0.88337	0.10732	0.01669	1.000	PROGRAM NAME
29	0.34958	0.88356	0.10159	0.01630	1.000	APPROPRIATED
29	0.49805	0.88203	0.09226	0.01792	1.000	TOTAL FUNDS
29	0.35902	0.87209	0.06767	0.01163	1.000	FORWARD
29	0.49994	0.87047	0.07155	0.01632	1.000	AVAILABLE
29	0.11842	0.85756	0.22932	0.01744	1.000	SOLID WASTE/RECYCLING PROGRAM
29	0.12026	0.84288	0.11286	0.01773	1.000	Recycling Program
29	0.12394	0.83117	0.05099	0.01644	1.000	Payroll
29	0.12587	0.81955	0.09788	0.01788	1.000	Other Expenses
29	0.43230	0.83279	0.03766	0.01320	1.000	$0.00
29	0.39850	0.82122	0.07143	0.01308	1.000	$147,420.12
29	0.39850	0.80959	0.07143	0.01308	1.000	$147,420.12
29	0.58271	0.83140	0.03759	0.01599	1.000	$0.00
29	0.54691	0.82094	0.07160	0.01364	1.000	$147,420.12
29	0.54699	0.80959	0.07143	0.01308	1.000	$147,420.12
29	0.63534	0.88372	0.04699	0.01599	1.000	TOTAL
29	0.63336	0.87040	0.06975	0.01792	1.000	EXPENDED
29	0.11842	0.78198	0.15226	0.01599	1.000	FACILITIES & BUILDINGS
29	0.12030	0.75570	0.15789	0.01761	1.000	Director Facilities/Grounds
29	0.12594	0.74564	0.04699	0.01308	1.000	Payroll
29	0.12782	0.73256	0.09586	0.01308	1.000	Other Expenses
29	0.11839	0.69318	0.10157	0.01625	1.000	Public Buildings
29	0.12967	0.68014	0.09592	0.01617	1.000	Other Expenses
29	0.12030	0.65551	0.12970	0.01612	1.000	PUBLIC ASSISTANCE
29	0.11835	0.61613	0.10540	0.02936	0.500	Pari on Agina
29	0.12578	0.60405	0.09806	0.01719	1.000	Other Expenses
29	0.11842	0.57837	0.15602	0.01910	1.000	Admin. Veteran's Services
29	0.12400	0.56666	0.08658	0.01493	1.000	Payroll-Agent
29	0.12592	0.55369	0.09779	0.01616	1.000	Other Expenses
29	0.11654	0.51587	0.11278	0.01612	1.000	Veteran's Benefits
29	0.12030	0.49128	0.18797	0.01453	1.000	Registration of Veteran's Graves
29	0.11650	0.46496	0.08467	0.01484	1.000	Memorial Day
29	0.12015	0.44000	0.06421	0.01535	1.000	SCHOOLS
29	0.12030	0.41567	0.11466	0.01612	1.000	School Department
29	0.12594	0.40262	0.04699	0.01599	1.000	Payroll
29	0.12591	0.38941	0.09781	0.01624	1.000	Other Expenses
29	0.11842	0.35317	0.19737	0.01612	1.000	School Encumbered Funds FY 15
29	0.12030	0.32703	0.23496	0.01746	1.000	School Department - Curriculum Adoptic
29	0.11842	0.30233	0.14662	0.01315	1.000	Monty Tech Assessment
29	0.12030	0.27762	0.06015	0.01453	1.000	LIBRARY
29	0.12030	0.25000	0.13534	0.01744	1.000	Ritter Memorial Library
29	0.12396	0.23821	0.04907	0.01777	1.000	Payroll
29	0.12586	0.22501	0.09791	0.01801	1.000	Other Expenses
29	0.11842	0.19041	0.09398	0.01163	1.000	UNCLASSIFIED
29	0.11842	0.16419	0.09023	0.01169	1.000	Band Concerts
29	0.11842	0.14971	0.13534	0.01745	1.000	Historical Commission
29	0.11842	0.13808	0.12970	0.01599	1.000	M.R.P.C. Assessment
29	0.11836	0.12478	0.08848	0.01643	1.000	Town Reports
29	0.12594	0.11192	0.04699	0.01744	1.000	Payroll
29	0.12591	0.09874	0.09780	0.01764	1.000	Other Expenses
29	0.39847	0.74554	0.07337	0.01327	1.000	$111,691.32
29	0.39850	0.73110	0.07331	0.01599	1.000	$249,956.73
29	0.39850	0.72093	0.07331	0.01163	1.000	$361,648.05
29	0.39850	0.68169	0.07143	0.01308	1.000	$239,538.02
29	0.39848	0.66999	0.07147	0.01322	1.000	$239,538.02
29	0.39837	0.61735	0.07355	0.01529	1.000	$103,810.00
29	0.40782	0.60587	0.06030	0.01210	1.000	$7,400.00
29	0.39850	0.59448	0.07143	0.01308	1.000	$111,210.00
29	0.41165	0.56686	0.06015	0.01599	1.000	$5,000.00
29	0.41722	0.55650	0.05278	0.01345	1.000	$250.00
29	0.41158	0.54342	0.05841	0.01346	1.000	$5,250.00
29	0.39660	0.51594	0.07522	0.01609	1.000	$100,000.00
29	0.41913	0.49262	0.05084	0.01185	1.000	$500.00
29	0.41729	0.46802	0.05263	0.01163	1.000	$750.00
29	0.41729	0.45640	0.05263	0.01163	1.000	$750.00
29	0.38158	0.40262	0.09023	0.01599	1.000	$11,951,434.00
29	0.38722	0.38953	0.08459	0.01599	1.000	$5,447,658.00
29	0.38158	0.37791	0.09023	0.01599	1.000	$17,399,092.00
29	0.40411	0.35308	0.09404	0.01331	1.000	$39,416.30 fwd
29	0.39843	0.32686	0.07344	0.01634	1.000	$116,000.00
29	0.39850	0.30233	0.07143	0.01308	1.000	$799,478.00
29	0.41917	0.25145	0.07895	0.01453	1.000	$792.83 fwd
29	0.39846	0.23970	0.07151	0.01478	1.000	$249,087.31
29	0.39850	0.22384	0.07331	0.01744	1.000	$134,321.00
29	0.39850	0.21366	0.07331	0.01453	1.000	$384,201.14
29	0.41163	0.16273	0.05832	0.01466	1.000	$4,200.00
29	0.41917	0.15116	0.05263	0.01453	1.000	$500.00
29	0.41165	0.13808	0.06015	0.01453	1.000	$3,200.00
29	0.41724	0.12627	0.08093	0.01345	1.000	$623.50 fwd
29	0.40407	0.09867	0.06592	0.01632	1.000	$10,085.07
29	0.40412	0.08716	0.06583	0.01608	1.000	$10,708.57
29	0.54692	0.74398	0.07345	0.01639	1.000	$111,691.32
29	0.54699	0.73110	0.07331	0.01599	1.000	$249,956.73
29	0.54699	0.71802	0.07331	0.01744	1.000	$361,648.05
29	0.54696	0.68157	0.07150	0.01332	1.000	$239,538.02
29	0.54699	0.67006	0.07143	0.01308	1.000	$239,538.02
29	0.54694	0.61902	0.07341	0.01342	1.000	$103,810.00
29	0.56015	0.60610	0.05827	0.01308	1.000	$7,400.00
29	0.54691	0.59419	0.07160	0.01364	1.000	$111,210.00
29	0.56011	0.56675	0.06024	0.01475	1.000	$5,000.00
29	0.56767	0.55378	0.05263	0.01599	1.000	$250.00
29	0.55974	0.54119	0.06096	0.01791	1.000	$5,250.00
29	0.53742	0.51545	0.08305	0.01707	1.000	$1,000,000.00
29	0.56767	0.49273	0.05075	0.01163	1.000	$500.00
29	0.56767	0.46657	0.05075	0.01308	1.000	$750.00
29	0.56767	0.45640	0.05075	0.01308	1.000	$750.00
29	0.53008	0.40262	0.09023	0.01744	1.000	$11,951,434.00
29	0.53556	0.39046	0.08301	0.01559	1.000	$5,447,658.00
29	0.53181	0.37878	0.08675	0.01424	1.000	$17,399,092.00
29	0.55257	0.35301	0.06780	0.01491	1.000	$39,416.30
29	0.54697	0.32698	0.07335	0.01610	1.000	$116,000.00
29	0.54678	0.30167	0.07373	0.01584	1.000	$799,478.00
29	0.54695	0.23825	0.07340	0.01624	1.000	$249,087.31
29	0.54509	0.22522	0.07524	0.01613	1.000	$135,113.83
29	0.54511	0.21366	0.07519	0.01453	1.000	$384,201.14
29	0.56015	0.16279	0.06015	0.01599	1.000	$4,200.00
29	0.56764	0.15111	0.05268	0.01464	1.000	$500.00
29	0.55986	0.13741	0.06072	0.01733	1.000	$3,200.00
29	0.55252	0.09858	0.06789	0.01796	1.000	$10,708.57
29	0.55263	0.08721	0.06579	0.01599	1.000	$10,708.57
29	0.51692	0.07122	0.02256	0.01453	1.000	29
29	0.67288	0.82105	0.07153	0.01343	1.000	$145,920.12
29	0.67293	0.80959	0.07143	0.01308	1.000	$145,920.12
29	0.67277	0.74232	0.07363	0.01827	1.000	$111,691.32
29	0.67293	0.73256	0.07143	0.01308	1.000	$249,956.73
29	0.67293	0.72093	0.07143	0.01163	1.000	$361,648.05
29	0.67293	0.68169	0.07143	0.01308	1.000	$225,287.02
29	0.67293	0.67006	0.07143	0.01308	1.000	$225,287.02
29	0.67823	0.61548	0.06647	0.01903	1.000	$85,953.71
29	0.68421	0.60610	0.06015	0.01308	1.000	$7,618.54
29	0.67857	0.59448	0.06579	0.01308	1.000	$93,572.25
29	0.68222	0.56518	0.06413	0.01934	1.000	$5,000.00
29	0.70677	0.55523	0.03759	0.01453	1.000	$0.00
29	0.68609	0.54360	0.05827	0.01308	1.000	$5,000.00
29	0.67845	0.51567	0.06792	0.01663	1.000	$85,368.80
29	0.69355	0.48972	0.05275	0.01766	1.000	$297.12
29	0.70113	0.46512	0.04511	0.01599	1.000	$70.00
29	0.70301	0.45640	0.04135	0.01308	1.000	$70.00
29	0.65584	0.40340	0.08870	0.01588	1.000	$12,046,556.73
29	0.66145	0.38888	0.08311	0.01729	1.000	$5,192,295.57
29	0.65398	0.37737	0.09241	0.01706	1.000	$17,238,852.30
29	0.67855	0.35169	0.06583	0.01610	1.000	$38,518.97
29	0.67091	0.32803	0.07360	0.01545	1.000	$100,202.73
29	0.67293	0.30233	0.07143	0.01453	1.000	$799,478.00
29	0.67102	0.23974	0.07337	0.01472	1.000	$249,184.98
29	0.67290	0.22666	0.07149	0.01471	1.000	$125,081.68
29	0.67287	0.21492	0.07155	0.01348	1.000	$374,266.66
29	0.68421	0.16279	0.06015	0.01599	1.000	$4,200.00
29	0.68421	0.13808	0.06203	0.01599	1.000	$3,197.43
29	0.67853	0.09875	0.06587	0.01762	1.000	$10,708.57
29	0.67843	0.08684	0.06608	0.01672	1.000	$10,708.57
29	0.77256	0.88372	0.04887	0.01453	1.000	TOTAL
29	0.83637	0.88332	0.08854	0.01389	1.000	BALANCE TO
29	0.74799	0.87017	0.09050	0.01692	1.000	ENCUMBERED
29	0.86088	0.87202	0.06208	0.01323	1.000	REVENUE
29	0.78188	0.82101	0.05843	0.01350	1.000	$1,500.00
29	0.78383	0.80959	0.05639	0.01308	1.000	$1,500.00
29	0.90226	0.80814	0.03759	0.01453	1.000	$0.00
29	0.77444	0.68023	0.06767	0.01599	1.000	$10,000.00
29	0.77435	0.66837	0.06785	0.01645	1.000	$10,000.00
29	0.90226	0.71948	0.03759	0.01453	1.000	$0.00
29	0.87782	0.66715	0.06203	0.01744	1.000	$4,251.00
29	0.77068	0.39244	0.06955	0.01308	1.000	$160,071.70
29	0.76880	0.38081	0.07143	0.01308	1.000	$160,071.70
29	0.77444	0.32703	0.06767	0.01599	1.000	$15,797.27
29	0.87591	0.59295	0.06960	0.01613	1.000	$17,637.75
29	0.88708	0.54186	0.05290	0.01512	1.000	$250.00
29	0.87212	0.51582	0.06780	0.01632	1.000	$14,631.20
29	0.88719	0.49265	0.04894	0.01179	1.000	$202.88
29	0.88910	0.45494	0.05075	0.01308	1.000	$680.00
29	0.88722	0.37791	0.05263	0.01599	1.000	$168.00
29	0.88722	0.35174	0.05263	0.01744	1.000	$897.33
29	0.90226	0.32703	0.03759	0.01599	1.000	$0.00
29	0.90226	0.30233	0.03759	0.01453	1.000	$0.00
29	0.78195	0.22384	0.06015	0.01744	1.000	$9,141.65
29	0.78190	0.21352	0.06026	0.01482	1.000	$9,141.65
29	0.79135	0.15116	0.05075	0.01453	1.000	$500.00
29	0.88722	0.21512	0.05263	0.01453	1.000	$792.83
29	0.90226	0.16279	0.03571	0.01599	1.000	$0.00
29	0.90226	0.15262	0.03571	0.01163	1.000	$0.00
29	0.90226	0.13953	0.03571	0.01308	1.000	$2.57
29	0.90226	0.08721	0.03571	0.01308	1.000	$0.00
30	0.11842	0.88219	0.10526	0.01612	1.000	PROGRAM NAME
30	0.11842	0.85169	0.14286	0.01761	1.000	Worker's Compensation
30	0.11654	0.83854	0.14662	0.01612	1.000	Health Insurance CH 32B
30	0.11649	0.82395	0.08845	0.01635	1.000	Life Insurance
30	0.11654	0.80959	0.06015	0.01453	1.000	Medicare
30	0.11654	0.79506	0.14098	0.01744	1.000	Insurance Cost Control
30	0.11654	0.77902	0.22556	0.01895	1.000	Public Employee Committee Expenses
30	0.12406	0.76736	0.09398	0.01612	1.000	Total Insurance
30	0.11641	0.72353	0.06229	0.01660	1.000	Physicals
30	0.11646	0.69595	0.08474	0.01508	1.000	Reserve Fund
30	0.11654	0.65253	0.12970	0.01761	1.000	Unemployment Comp
30	0.11654	0.63953	0.12406	0.01746	1.000	Interest Serial Loans
30	0.11654	0.61037	0.15414	0.01612	1.000	Interest Temporary Loans
30	0.11654	0.58284	0.15038	0.01314	1.000	Loan Administrative Fees
30	0.11842	0.55233	0.20301	0.01744	1.000	STATE & COUNTY ASSESSMENTS
30	0.11654	0.52471	0.18797	0.01745	1.000	Motor Vehicle Excise Surcharge
30	0.11644	0.50975	0.10923	0.01683	1.000	Mosquito Control
30	0.11834	0.49677	0.12046	0.01809	1.000	Air Pollution District
30	0.11650	0.48242	0.11098	0.01773	1.000	Special Education
30	0.11834	0.46787	0.05279	0.01630	0.500	M.B.T.A.
30	0.11842	0.45486	0.09586	0.01612	1.000	Choice Tuitions
30	0.11654	0.44041	0.09962	0.01599	1.000	Charter Tuitions
30	0.11654	0.42436	0.15789	0.01896	1.000	Regional Transit Authority
30	0.45489	0.93895	0.14662	0.01744	1.000	TOWN OF LUNENBURG
30	0.41729	0.92436	0.21805	0.01463	1.000	GENERAL FUND APPROPRIATIONS
30	0.38910	0.90988	0.27632	0.01745	1.000	SUMMARY & CLASSIFICATION OF ACCOUNTS
30	0.47180	0.89534	0.11466	0.01463	1.000	FISCAL YEAR 2016
30	0.34761	0.88030	0.10177	0.01701	1.000	APPROPRIATED
30	0.49615	0.88188	0.08853	0.01386	1.000	TOTAL FUNDS
30	0.35714	0.86773	0.06767	0.01308	1.000	FORWARD
30	0.49796	0.86728	0.07363	0.01689	1.000	AVAILABLE
30	0.40222	0.85165	0.06774	0.01617	1.000	$78,869.65
30	0.55075	0.85174	0.06767	0.01599	1.000	$78,869.65
30	0.38711	0.83691	0.08292	0.01804	1.000	$1,662,769.78
30	0.53571	0.83721	0.08271	0.01744	1.000	$1,662,769.78
30	0.40774	0.82230	0.06235	0.01674	1.000	$9,926.25
30	0.55819	0.82394	0.06032	0.01637	1.000	$9,926.25
30	0.39653	0.80934	0.07349	0.01649	1.000	$239,302.69
30	0.54505	0.80943	0.07343	0.01632	1.000	$239,302.69
30	0.40977	0.79506	0.06015	0.01599	1.000	$8,000.00
30	0.55639	0.79506	0.06203	0.01599	1.000	$8,000.00
30	0.43233	0.78052	0.03759	0.01599	1.000	$0.00
30	0.57895	0.78052	0.04135	0.01744	1.000	$0.00
30	0.38719	0.76735	0.08276	0.01616	1.000	$1,919,998.72
30	0.53566	0.76728	0.08281	0.01632	1.000	$1,919,998.72
30	0.40977	0.72384	0.06015	0.01599	1.000	$4,000.00
30	0.40966	0.69453	0.06038	0.01791	1.000	$4,116.00
30	0.43233	0.65262	0.03759	0.01599	1.000	$0.00
30	0.38722	0.63953	0.08271	0.01453	1.000	$1,658,238.83
30	0.40965	0.61018	0.06040	0.01657	1.000	$5,858.02
30	0.40954	0.57948	0.06062	0.01981	1.000	$7,196.00
30	0.40789	0.52471	0.06203	0.01599	1.000	$8,080.00
30	0.40226	0.51017	0.06767	0.01599	1.000	$58,254.00
30	0.40977	0.49564	0.06015	0.01744	1.000	$3,041.00
30	0.40414	0.48256	0.06579	0.01599	1.000	$12,364.00
30	0.40226	0.46802	0.06767	0.01599	1.000	$38,626.00
30	0.39662	0.45349	0.07331	0.01599	1.000	$517,649.00
30	0.39650	0.43862	0.07355	0.01665	1.000	$631,906.00
30	0.40209	0.42398	0.06801	0.01687	1.000	$33,275.00
30	0.38710	0.41098	0.08293	0.01670	1.000	$1,303,195.00
30	0.55822	0.72374	0.06025	0.01764	1.000	$4,000.00
30	0.55819	0.69605	0.06030	0.01634	1.000	$4,116.00
30	0.58083	0.65262	0.03947	0.01599	1.000	$0.00
30	0.53567	0.63939	0.08280	0.01628	1.000	$1,658,238.83
30	0.55827	0.61047	0.06015	0.01599	1.000	$5,858.02
30	0.55827	0.58140	0.05827	0.01453	1.000	$7,196.00
30	0.55827	0.52326	0.06203	0.01744	1.000	$8,080.00
30	0.55263	0.51017	0.06579	0.01744	1.000	$58,254.00
30	0.55807	0.49521	0.06056	0.01830	1.000	$3,041.00
30	0.55263	0.48256	0.06579	0.01599	1.000	$12,364.00
30	0.55250	0.46768	0.06606	0.01667	1.000	$38,626.00
30	0.54504	0.45329	0.07346	0.01783	1.000	$517,649.00
30	0.54509	0.44035	0.07335	0.01611	1.000	$631,906.00
30	0.55068	0.42711	0.06593	0.01351	1.000	$33,275.00
30	0.53560	0.41234	0.08106	0.01399	1.000	$1,303,195.00
30	0.63331	0.88056	0.04728	0.01650	1.000	TOTAL
30	0.62970	0.86773	0.07143	0.01599	1.000	EXPENDED
30	0.67661	0.85152	0.06784	0.01643	1.000	$78,869.65
30	0.66157	0.83697	0.08288	0.01793	1.000	$1,662,769.78
30	0.68405	0.82375	0.06048	0.01675	1.000	$9,926.25
30	0.67096	0.80934	0.07349	0.01650	1.000	$239,302.69
30	0.68413	0.79489	0.06031	0.01777	1.000	$8,000.00
30	0.70677	0.78052	0.03759	0.01599	1.000	$0.00
30	0.66163	0.76737	0.08275	0.01613	1.000	$1,919,998.72
30	0.68419	0.72379	0.06020	0.01754	1.000	$3,757.00
30	0.68985	0.65407	0.05827	0.01453	1.000	($429.00)|
30	0.66161	0.63795	0.08279	0.01625	1.000	$1,658,238.83
30	0.68421	0.61047	0.06015	0.01599	1.000	$5,858.02
30	0.68421	0.58140	0.06015	0.01744	1.000	$7,194.56
30	0.68421	0.52471	0.06015	0.01599	1.000	$8,080.00
30	0.67663	0.51146	0.06779	0.01488	1.000	$58,254.00
30	0.68421	0.49564	0.06015	0.01744	1.000	$3,041.00
30	0.68421	0.48256	0.06015	0.01599	1.000	$8,603.00
30	0.67662	0.46784	0.06782	0.01636	1.000	$38,626.00
30	0.67105	0.45349	0.07331	0.01744	1.000	$476,902.00
30	0.67105	0.43895	0.07331	0.01744	1.000	$481,831.00
30	0.67664	0.42429	0.06778	0.01770	1.000	$33,275.00
30	0.65960	0.40942	0.08493	0.01983	1.000	$1,108,612.00
30	0.76869	0.88063	0.05096	0.01781	1.000	TOTAL
30	0.83271	0.88070	0.09398	0.01761	1.000	BALANCE TO
30	0.74434	0.86766	0.09214	0.01323	1.000	ENCUMBERED
30	0.85899	0.86764	0.06398	0.01471	1.000	REVENUE
30	0.90038	0.85320	0.03571	0.01308	1.000	$0.00
30	0.80451	0.76744	0.03571	0.01744	1.000	$0.00
30	0.90038	0.76744	0.03759	0.01744	1.000	$0.00
30	0.88722	0.72384	0.05075	0.01890	1.000	$243.00
30	0.87584	0.69457	0.06223	0.01929	1.000	$4,116.00
30	0.88722	0.65262	0.05075	0.01744	1.000	$429.00
30	0.90038	0.63953	0.03759	0.01599	1.000	$0.00
30	0.90038	0.60901	0.03759	0.01744	1.000	$0.00
30	0.89850	0.57994	0.03947	0.02180	1.000	$1.44
30	0.90018	0.52586	0.03798	0.01514	1.000	$0.00
30	0.90038	0.51308	0.03759	0.01453	1.000	$0.00
30	0.89662	0.49564	0.04135	0.01744	1.000	$0.00
30	0.87779	0.48251	0.06020	0.01755	1.000	$3,761.00
30	0.89845	0.46796	0.03956	0.01611	1.000	$0.00
30	0.87024	0.45478	0.06780	0.01631	1.000	$40,747.00
30	0.86457	0.44016	0.07349	0.01649	1.000	$150,075.00
30	0.89662	0.42733	0.03947	0.01017	1.000	$0.00
30	0.86466	0.41279	0.07331	0.01453	1.000	$194,583.00
30	0.11654	0.35317	0.18985	0.01746	1.000	TRANSFERS TO OTHER FUNDS
30	0.11654	0.34003	0.17669	0.01463	1.000	Transfer to Stabilization Fund
30	0.11654	0.32558	0.20677	0.01744	1.000	Transfer to Special Revenue Funds
30	0.11654	0.31250	0.18609	0.01599	1.000	Transfer to Capital Project Fund
30	0.18797	0.29787	0.09023	0.01318	1.000	GRAND TOTAL
30	0.11654	0.25570	0.15977	0.01464	1.000	fwd - forward from FY 2015
30	0.39471	0.33858	0.07525	0.01760	1.000	$105,367.00
30	0.40222	0.32550	0.06774	0.01761	1.000	$10,000.00
30	0.39655	0.31372	0.07157	0.01355	1.000	$511,525.36
30	0.37968	0.29790	0.08838	0.01321	1.000	$35,284,130.91
30	0.39651	0.25547	0.07353	0.01522	1.000	$265,386.55
30	0.54500	0.33980	0.07354	0.01663	1.000	$105,367.00
30	0.55075	0.32558	0.06767	0.01599	1.000	$10,000.00
30	0.54497	0.31351	0.07359	0.01542	1.000	$511,525.36
30	0.53008	0.29797	0.08647	0.01308	1.000	$35,284,130.91
30	0.66906	0.33979	0.07542	0.01665	1.000	$105,367.00
30	0.67669	0.32558	0.06767	0.01599	1.000	$10,000.00
30	0.66917	0.31395	0.07331	0.01308	1.000	$511,525.36
30	0.65403	0.29752	0.08856	0.01397	1.000	$34,356,551.58
30	0.76692	0.29651	0.07331	0.01599	1.000	$637,981.43
30	0.86265	0.29760	0.07357	0.01671	1.000	$289,597.90
30	0.51504	0.07122	0.02632	0.01599	1.000	30
31	0.11654	0.87351	0.12782	0.01314	1.000	PROGRAM NAME
31	0.11466	0.84593	0.18985	0.01453	1.000	GENERAL GOVERNMENT
31	0.11654	0.81969	0.16541	0.01316	1.000	Regional Assessor Fund
31	0.11654	0.79506	0.12782	0.01174	1.000	Conservation Fund
31	0.11654	0.76587	0.23496	0.01320	1.000	Conservation Consultant Revolving
31	0.11466	0.73834	0.23872	0.01612	1.000	Zoning Board Consultant Revolving
31	0.11654	0.71354	0.23496	0.01320	1.000	Conservation Gift Fund-Cook Farm
31	0.11654	0.68750	0.16541	0.01166	1.000	Town Records Gift Fund
31	0.11278	0.65988	0.12218	0.01308	1.000	Scholarship Fund
31	0.11466	0.63368	0.11278	0.01314	1.000	Sewer Gift Fund
31	0.11654	0.60901	0.14662	0.01028	1.000	Insurance Recoveries
31	0.11466	0.57837	0.17669	0.01465	1.000	Town Hall Chimney Grant
31	0.11654	0.55378	0.20865	0.01319	1.000	General Government Gift Fund
31	0.11654	0.52604	0.19737	0.01320	1.000	Household Hazardous Waste
31	0.11466	0.49851	0.17669	0.01748	1.000	SCHOOL DEPARTMENT
31	0.11278	0.47238	0.09774	0.01308	1.000	School Lunch
31	0.11452	0.44569	0.07923	0.01415	1.000	Title | #305
31	0.11278	0.42006	0.11278	0.01174	1.000	PL 94-142 #240
31	0.11654	0.39236	0.13722	0.01463	1.000	United Way Venture
31	0.11654	0.36628	0.16541	0.01453	1.000	Recovery for Lost Books
31	0.11466	0.33854	0.19737	0.01466	1.000	Chapter 658 School Athletics
31	0.11278	0.31250	0.15038	0.01314	1.000	After School Activities
31	0.11466	0.28634	0.14286	0.01308	1.000	School Facilities Use
31	0.11466	0.26017	0.14474	0.01166	1.000	Non-Resident Tuition
31	0.11466	0.23256	0.10902	0.01308	1.000	Adult Education
31	0.11278	0.20486	0.17293	0.01463	1.000	Summer School Program
31	0.11462	0.17859	0.10159	0.01491	1.000	School Choice
31	0.11654	0.15253	0.11466	0.01317	1.000	School Gift Fund
31	0.11466	0.12500	0.15602	0.01463	1.000	Greenthumb Revolving
31	0.11466	0.09738	0.17481	0.01453	1.000	Custodian Special Details
31	0.43797	0.94041	0.17857	0.01599	1.000	TOWN OF LUNENBURG
31	0.42105	0.92584	0.20677	0.01612	1.000	SPECIAL REVENUE FUNDS
31	0.41729	0.91270	0.21992	0.01612	1.000	FISCAL YEAR ENDING 6/30/16
31	0.45671	0.88501	0.08094	0.01632	1.000	FORWARD
31	0.58835	0.88663	0.05639	0.01308	1.000	TOTAL
31	0.46610	0.87340	0.06404	0.01629	1.000	711/2015
31	0.57890	0.87341	0.08092	0.01627	1.000	RECEIPTS
31	0.47177	0.81965	0.07901	0.01333	1.000	$30,907.25
31	0.49240	0.79339	0.05843	0.01351	1.000	$319.59
31	0.49237	0.76711	0.05848	0.01229	1.000	$120.50
31	0.47180	0.73983	0.07895	0.01308	1.000	$11,301.96
31	0.49240	0.71345	0.05843	0.01351	1.000	$148.00
31	0.49420	0.68562	0.05672	0.01394	1.000	$252.35
31	0.49232	0.65806	0.06047	0.01672	1.000	$232.26
31	0.49236	0.63201	0.06040	0.01796	1.000	$387.09
31	0.48117	0.60602	0.06961	0.01470	1.000	$3,619.33
31	0.48110	0.57961	0.06975	0.01374	1.000	$3,000.00
31	0.48108	0.55057	0.07167	0.01805	1.000	$1,110.00
31	0.49242	0.52602	0.06028	0.01628	1.000	$768.76
31	0.47167	0.47196	0.08110	0.01684	1.000	$26,050.14
31	0.46612	0.44459	0.09408	0.01634	1.000	($27,107.00)
31	0.46607	0.41821	0.09041	0.01387	1.000	($51,747.42)
31	0.50177	0.39219	0.04910	0.01359	1.000	$40.42
31	0.47926	0.36607	0.07344	0.01495	1.000	$7,215.22
31	0.47176	0.33851	0.08093	0.01629	1.000	$54,157.96
31	0.47171	0.31079	0.08101	0.01795	1.000	$99,525.03
31	0.49233	0.28454	0.06045	0.01667	1.000	$854.95
31	0.47178	0.25864	0.08088	0.01614	1.000	$44,714.73
31	0.48116	0.23244	0.07151	0.01477	1.000	$4,346.61
31	0.49983	0.20603	0.05296	0.01527	1.000	$90.00
31	0.46414	0.17688	0.08864	0.01834	1.000	$254,512.23
31	0.47161	0.15062	0.08121	0.01853	1.000	$72,215.22
31	0.48106	0.12460	0.07172	0.01679	1.000	$3,774.01
31	0.48108	0.09851	0.07167	0.01664	1.000	$4,721.10
31	0.51692	0.07122	0.02444	0.01599	1.000	31
31	0.59398	0.60465	0.08083	0.01890	1.000	$34,502.25
31	0.58455	0.47083	0.09029	0.01765	1.000	$396,270.67
31	0.58635	0.44441	0.08858	0.01815	1.000	$328,796.00
31	0.58639	0.41834	0.08850	0.01651	1.000	$398,638.00
31	0.61271	0.36612	0.06217	0.01631	1.000	$391.99
31	0.58453	0.33848	0.09034	0.01780	1.000	$109,350.98
31	0.58647	0.31250	0.08835	0.01599	1.000	$201,225.05
31	0.59387	0.28313	0.08106	0.01950	1.000	$33,108.96
31	0.59393	0.25854	0.08094	0.01634	1.000	$18,372.00
31	0.61276	0.23250	0.06208	0.01466	1.000	$500.90
31	0.58454	0.17719	0.09031	0.01772	1.000	$286,673.00
31	0.59398	0.15116	0.08083	0.01890	1.000	$77,373.34
31	0.60150	0.12355	0.07331	0.01744	1.000	$1,395.90
31	0.59398	0.09884	0.08083	0.01453	1.000	$13,269.67
31	0.71988	0.88653	0.05836	0.01618	1.000	TOTAL
31	0.68233	0.87355	0.13346	0.01453	1.000	DISBURSEMENTS
31	0.82143	0.88663	0.11466	0.01453	1.000	BALANCE FWD
31	0.84770	0.87342	0.06212	0.01333	1.000	7/1/2016
31	0.74248	0.60610	0.07143	0.01599	1.000	$4,414.00
31	0.72553	0.47083	0.08841	0.01763	1.000	$410,580.86
31	0.72541	0.44430	0.08865	0.01837	1.000	$293,566.79
31	0.72551	0.41843	0.08846	0.01779	1.000	$338,722.24
31	0.76115	0.36460	0.05288	0.01790	1.000	$88.24
31	0.72539	0.33807	0.08869	0.01717	1.000	$113,818.68
31	0.72551	0.31088	0.08845	0.01777	1.000	$191,032.36
31	0.73303	0.28473	0.08093	0.01630	1.000	$19,489.63
31	0.76880	0.25872	0.04511	0.01599	1.000	$0.00
31	0.75369	0.23237	0.06218	0.01492	1.000	$300.00
31	0.72543	0.17692	0.08861	0.01825	1.000	$144,315.65
31	0.73308	0.15116	0.08083	0.01744	1.000	$54,019.74
31	0.74055	0.12341	0.07342	0.01771	1.000	$5,148.38
31	0.73296	0.09846	0.08107	0.01675	1.000	$14,673.98
31	0.85338	0.81977	0.08083	0.01308	1.000	$30,907.25
31	0.87587	0.79344	0.06028	0.01487	1.000	$319.59
31	0.87588	0.76729	0.06027	0.01483	1.000	$120.50
31	0.85511	0.73790	0.07926	0.01693	1.000	$11,301.96
31	0.87586	0.71345	0.06032	0.01495	1.000	$148.00
31	0.87581	0.68574	0.05852	0.01514	1.000	$252.35
31	0.87590	0.65835	0.06023	0.01760	1.000	$232.26
31	0.87594	0.63227	0.06015	0.01744	1.000	$387.09
31	0.85333	0.60593	0.08282	0.01634	1.000	$33,707.58
31	0.86278	0.57849	0.07331	0.01744	1.000	$3,000.00
31	0.86261	0.55185	0.07365	0.01694	1.000	$1,110.00
31	0.87594	0.52471	0.06015	0.01744	1.000	$768.76
31	0.85515	0.47060	0.08106	0.01810	1.000	$11,739.95
31	0.86252	0.44415	0.07196	0.02012	1.000	$8,122.21
31	0.86270	0.41841	0.07347	0.01784	1.000	$8,168.34
31	0.88346	0.39244	0.05263	0.01599	1.000	$40.42
31	0.86272	0.36468	0.07343	0.01774	1.000	$7,518.97
31	0.85324	0.33824	0.08300	0.01830	1.000	$49,690.26
31	0.84579	0.31082	0.09037	0.01790	1.000	$109,717.72
31	0.85333	0.28472	0.08281	0.01632	1.000	$14,474.28
31	0.85338	0.25872	0.08271	0.01599	1.000	$63,086.73
31	0.86274	0.23099	0.07152	0.01767	1.000	$4,547.51
31	0.88326	0.20595	0.05304	0.01544	1.000	$90.00
31	0.84579	0.17851	0.09038	0.01652	1.000	$396,869.58
31	0.85332	0.15096	0.08284	0.01639	1.000	$95,568.82
31	0.88346	0.12500	0.05263	0.01599	1.000	$21.53
31	0.86266	0.09704	0.07356	0.01668	1.000	$3,316.79
32	0.11654	0.93750	0.15414	0.01744	1.000	Tech Prep Consortium
32	0.11842	0.90698	0.15977	0.01316	1.000	BC/BS Healthy Choices
32	0.11842	0.87500	0.17669	0.01599	1.000	50/50 Grant Sped Tuitions
32	0.11654	0.84593	0.20677	0.01171	1.000	Insurance Recoveries - School
32	0.11466	0.81250	0.20677	0.01314	1.000	Extended Day Revolving Fund
32	0.11842	0.78051	0.18609	0.01463	1.000	Vending Machine Revolving
32	0.12030	0.75000	0.14286	0.01314	1.000	Monbouquette Award
32	0.11842	0.71801	0.18421	0.01314	1.000	Tufts University Heat Grant
32	0.11466	0.68601	0.22932	0.01463	1.000	Underground Storage Tank Grant
32	0.11466	0.65698	0.22556	0.01316	1.000	Hach Scientific Foundation Grant
32	0.11466	0.62351	0.17481	0.01463	1.000	Family Network Gift Fund
32	0.11842	0.59152	0.21617	0.01612	1.000	EECG Energy Efficiency Grant
32	0.11842	0.56101	0.18797	0.01463	1.000	Full Day Kindergarten Grant
32	0.12218	0.53051	0.19737	0.01314	1.000	Regional Dissemination Grant
32	0.11654	0.50000	0.18985	0.01166	1.000	Sped Early Childhood Grant
32	0.11842	0.46652	0.18233	0.01463	1.000	Family & Community Grant
32	0.12030	0.43601	0.30263	0.01314	1.000	Early Childhood Sped Program Improvements
32	0.11654	0.40551	0.18797	0.01166	1.000	Secondary Transition Grant
32	0.11654	0.37351	0.23496	0.01314	1.000	Sped Program Improvement Grant
32	0.11842	0.34003	0.26128	0.01463	1.000	Early Childhood Program Improvement
32	0.11642	0.30910	0.11303	0.01842	1.000	Teacher Quality
32	0.11458	0.27873	0.09416	0.01522	1.000	SBIRT Grant
32	0.11466	0.24702	0.14286	0.01463	1.000	LS Innovation Award
32	0.11466	0.21503	0.23872	0.01463	1.000	Student Transportation Offset Fund
32	0.11838	0.18298	0.12226	0.01776	1.000	PUBLIC SAFETY
32	0.11466	0.15253	0.20301	0.01463	1.000	Insurance Recoveries - Police
32	0.11842	0.12054	0.17857	0.01761	1.000	Community Policing FY 96
32	0.11466	0.08854	0.18233	0.01761	1.000	Community Policing FY 97
32	0.47730	0.93716	0.07360	0.01958	1.000	$1,450.00
32	0.49990	0.90678	0.05095	0.01638	1.000	$94.65
32	0.45669	0.87468	0.09790	0.01518	1.000	($119,894.01)
32	0.47919	0.84411	0.07170	0.01673	1.000	$2,457.35
32	0.46239	0.81243	0.08839	0.01612	1.000	$112,884.10
32	0.47552	0.78041	0.07527	0.01766	1.000	$1,954.71
32	0.50752	0.75000	0.04323	0.01599	1.000	$3.81
32	0.49248	0.71802	0.05827	0.01599	1.000	$113.45
32	0.47554	0.68597	0.07524	0.01759	1.000	$1,500.00
32	0.49997	0.65546	0.05082	0.01611	1.000	$90.61
32	0.47736	0.62188	0.07536	0.01932	1.000	$3,576.86
32	0.49026	0.59091	0.06082	0.02022	1.000	$297.57
32	0.50749	0.56101	0.04328	0.01752	1.000	$0.00
32	0.50000	0.52907	0.05075	0.01599	1.000	$35.00
32	0.50749	0.49851	0.04328	0.01607	1.000	$0.00
32	0.50728	0.46478	0.04559	0.01958	1.000	$0.00
32	0.50746	0.43594	0.04524	0.01620	1.000	$0.00
32	0.50752	0.40407	0.04323	0.01599	1.000	$0.00
32	0.49228	0.37168	0.05868	0.01827	1.000	$230.72
32	0.49054	0.34143	0.06215	0.01626	1.000	$426.00
32	0.47368	0.30814	0.08459	0.01744	1.000	($9,937.00)|
32	0.50748	0.27756	0.04330	0.01755	1.000	$0.00
32	0.50748	0.24703	0.04519	0.01612	1.000	$0.00
32	0.50736	0.21486	0.04354	0.01650	1.000	$0.00
32	0.47552	0.15106	0.07528	0.01910	1.000	$1,496.25
32	0.50752	0.12209	0.04323	0.01599	1.000	$6.55
32	0.50564	0.08721	0.04511	0.01890	1.000	$1.97
32	0.51504	0.07122	0.02632	0.01599	1.000	32
32	0.58257	0.87456	0.08863	0.01831	1.000	$962,816.00
32	0.58271	0.81105	0.08835	0.01744	1.000	$300,590.66
32	0.62569	0.59259	0.04562	0.01686	1.000	$0.12
32	0.59206	0.55948	0.07904	0.01912	1.000	$36,740.00
32	0.59014	0.49688	0.08100	0.01933	1.000	$11,907.00
32	0.58827	0.46351	0.08285	0.02356	1.000	$37,500.00
32	0.59774	0.43459	0.07331	0.01890	1.000	$2,000.00
32	0.59774	0.40262	0.07331	0.01744	1.000	$2,000.00
32	0.59018	0.37198	0.08091	0.01911	1.000	$12,818.00
32	0.59770	0.34001	0.07527	0.01766	1.000	$4,574.00
32	0.58830	0.30513	0.08280	0.02202	1.000	$41,900.00
32	0.59582	0.27607	0.07527	0.02053	1.000	$2,612.00
32	0.59391	0.24402	0.07722	0.02069	1.000	$1,000.00
32	0.58827	0.21203	0.08287	0.02217	1.000	$32,163.50
32	0.59754	0.14926	0.07372	0.02125	1.000	$3,856.24
32	0.72178	0.87492	0.08652	0.01615	1.000	$586,891.16
32	0.72177	0.81094	0.08654	0.01765	1.000	$246,943.94
32	0.74809	0.62349	0.06021	0.01756	1.000	$120.00
32	0.72925	0.55942	0.08098	0.02070	1.000	$36,740.00
32	0.72736	0.49686	0.08099	0.01791	1.000	$11,907.00
32	0.72915	0.46608	0.08117	0.01842	1.000	$37,500.00
32	0.73872	0.43605	0.07143	0.01599	1.000	$2,000.00
32	0.74812	0.40407	0.06015	0.01599	1.000	$670.88
32	0.72911	0.37149	0.07938	0.01866	1.000	$13,015.71
32	0.73664	0.33961	0.07183	0.01846	1.000	$5,000.00
32	0.72729	0.30630	0.08302	0.02112	1.000	$31,963.00
32	0.73872	0.27762	0.07143	0.01890	1.000	$2,612.00
32	0.73305	0.24266	0.07714	0.02339	1.000	$1,000.00
32	0.72739	0.21208	0.08094	0.02206	1.000	$32,163.50
32	0.74624	0.15116	0.06391	0.01890	1.000	$761.00
32	0.85506	0.93556	0.07936	0.02131	1.000	$1,450.00
32	0.87782	0.90698	0.05263	0.01744	1.000	$94.65
32	0.84020	0.87494	0.08839	0.01757	1.000	$256,030.83
32	0.85711	0.84294	0.07150	0.01761	1.000	$2,457.35
32	0.84019	0.81239	0.08841	0.01621	1.000	$166,530.82
32	0.85327	0.78023	0.07541	0.01802	1.000	$1,954.71
32	0.88346	0.75000	0.04511	0.01744	1.000	$3.81
32	0.86448	0.71761	0.06615	0.01827	1.000	$113.45
32	0.85338	0.68605	0.07519	0.01890	1.000	$1,500.00
32	0.87767	0.65524	0.05105	0.01656	1.000	$90.61
32	0.85710	0.62199	0.07339	0.01765	1.000	$3,456.86
32	0.86641	0.59132	0.06228	0.01940	1.000	$297.69
32	0.88158	0.55959	0.04887	0.02035	1.000	$0.00
32	0.87592	0.52903	0.05267	0.01752	1.000	$35.00
32	0.88527	0.49843	0.04526	0.01767	1.000	$0.00
32	0.88346	0.46512	0.04699	0.01890	1.000	$0.00
32	0.88534	0.43605	0.04511	0.01744	1.000	$0.00
32	0.85335	0.40108	0.07714	0.02051	1.000	$1,329.12
32	0.87582	0.37331	0.05287	0.01647	1.000	$33.01
32	0.88527	0.34145	0.04525	0.01622	1.000	$0.00
32	0.88158	0.30669	0.04887	0.02035	1.000	$0.00
32	0.88534	0.27907	0.04511	0.01599	1.000	$0.00
32	0.88346	0.24419	0.04699	0.02035	1.000	$0.00
32	0.88158	0.21366	0.04887	0.01890	1.000	$0.00
32	0.85701	0.15086	0.07169	0.01949	1.000	$4,591.49
32	0.88534	0.12064	0.04323	0.01744	1.000	$6.55
32	0.88346	0.08721	0.04699	0.01890	1.000	$1.97
33	0.11466	0.86773	0.13346	0.01599	1.000	PROGRAM NAME
33	0.12406	0.85169	0.16729	0.01761	1.000	SCHOOL DEPARTMENT
33	0.12218	0.84003	0.14662	0.01612	1.000	Tech Prep Consortium
33	0.12030	0.81101	0.15789	0.01463	1.000	BC/BS Healthy Choices
33	0.11654	0.78343	0.17857	0.01599	1.000	50/50 Grant Sped Tuitions
33	0.11654	0.75570	0.20865	0.01319	1.000	Insurance Recoveries - School
33	0.12030	0.72669	0.20113	0.01463	1.000	Extended Day Revolving Fund
33	0.11654	0.69767	0.18797	0.01599	1.000	Vending Machine Revolving
33	0.11842	0.67006	0.14662	0.01599	1.000	Monbouquette Award
33	0.11842	0.64236	0.18421	0.01612	1.000	Tufts University Heat Grant
33	0.11654	0.61483	0.22932	0.01315	1.000	Underground Storage Tank Grant
33	0.11842	0.58854	0.22368	0.01042	1.000	Hach Scientific Foundation Grant
33	0.11654	0.55804	0.17293	0.01173	1.000	Family Network Gift Fund
33	0.12030	0.52902	0.21429	0.01314	1.000	EECG Energy Efficiency Grant
33	0.12030	0.50145	0.18797	0.01318	1.000	Full Day Kindergarten Grant
33	0.12218	0.47384	0.19925	0.01163	1.000	Regional Dissemination Grant
33	0.11842	0.44469	0.18985	0.01316	1.000	Sped Early Childhood Grant
33	0.12030	0.41567	0.18233	0.01314	1.000	Family & Community Grant
33	0.12030	0.38953	0.30451	0.01163	1.000	Early Childhood Sped Program Improvements
33	0.11842	0.36186	0.18609	0.01169	1.000	Secondary Transition Grant
33	0.11842	0.33135	0.23496	0.01761	1.000	Sped Program Improvement Grant
33	0.11654	0.30233	0.26316	0.01599	1.000	Early Childhood Program Improvement
33	0.11832	0.27425	0.10922	0.01545	1.000	Teacher Quality
33	0.11839	0.24842	0.09029	0.01333	1.000	SBIRT Grant
33	0.11466	0.21948	0.14474	0.01316	1.000	LS Innovation Award
33	0.11466	0.19041	0.24060	0.01453	1.000	Student Transportation Offset Fund
33	0.12030	0.16270	0.12030	0.01317	1.000	PUBLIC SAFETY
33	0.11842	0.13517	0.20113	0.01314	1.000	Insurance Recoveries - Police
33	0.11842	0.10465	0.17857	0.01464	1.000	Community Policing FY 96
33	0.43985	0.93895	0.17669	0.01744	1.000	TOWN OF LUNENBURG
33	0.42481	0.92436	0.20301	0.01612	1.000	SPECIAL REVENUE FUNDS
33	0.41729	0.90988	0.22180	0.01745	1.000	FISCAL YEAR ENDING 6/30/16
33	0.45671	0.88209	0.08282	0.01634	1.000	FORWARD
33	0.58630	0.88189	0.05861	0.01675	1.000	TOTAL
33	0.46605	0.86745	0.06414	0.01655	1.000	7/1/2015
33	0.57886	0.86750	0.07912	0.01791	1.000	RECEIPTS
33	0.47928	0.83855	0.07340	0.01767	1.000	$1,450.00
33	0.50174	0.81219	0.04915	0.01370	1.000	$94.65
33	0.45865	0.78343	0.09962	0.01308	1.000	($119,894.01)
33	0.47924	0.75414	0.07347	0.01644	1.000	$2,457.35
33	0.46418	0.72637	0.08857	0.01673	1.000	$112,884.10
33	0.47735	0.69745	0.07537	0.01933	1.000	$1,954.71
33	0.50752	0.67006	0.04511	0.01599	1.000	$3.81
33	0.49233	0.64208	0.06046	0.01670	1.000	$113.45
33	0.48105	0.61295	0.07174	0.01684	1.000	$1,500.00
33	0.49812	0.58576	0.05451	0.01599	1.000	$90.61
33	0.48110	0.55785	0.07164	0.01656	1.000	$3,576.86
33	0.49248	0.52907	0.06015	0.01599	1.000	$297.57
33	0.50940	0.50145	0.04323	0.01599	1.000	$0.00
33	0.50178	0.47220	0.05095	0.01636	1.000	$35.00
33	0.50940	0.44331	0.04323	0.01890	1.000	$0.00
33	0.50940	0.41570	0.04323	0.01599	1.000	$0.00
33	0.50940	0.38808	0.04323	0.01599	1.000	$0.00
33	0.50940	0.36047	0.04323	0.01453	1.000	$0.00
33	0.49240	0.33122	0.06032	0.01780	1.000	$230.72
33	0.49248	0.30233	0.06015	0.01744	1.000	$426.00
33	0.47556	0.27471	0.08271	0.01599	1.000	($9,937.00)
33	0.50752	0.24709	0.04511	0.01744	1.000	$0.00
33	0.50752	0.21802	0.04511	0.01744	1.000	$0.00
33	0.50928	0.19023	0.04348	0.01780	1.000	$0.00
33	0.48106	0.13337	0.07171	0.01814	1.000	$1,496.25
33	0.50924	0.10587	0.04355	0.01791	1.000	$6.55
33	0.51692	0.07122	0.02256	0.01308	1.000	33
33	0.58448	0.78306	0.08857	0.01673	1.000	$962,816.00
33	0.58451	0.72649	0.08850	0.01651	1.000	$300,590.66
33	0.62782	0.52907	0.04699	0.01744	1.000	$0.12
33	0.59398	0.50000	0.07895	0.01890	1.000	$36,740.00
33	0.59200	0.44444	0.08104	0.01664	1.000	$11,907.00
33	0.59208	0.41562	0.08088	0.01759	1.000	$37,500.00
33	0.59937	0.38743	0.07381	0.01874	1.000	$2,000.00
33	0.60139	0.35870	0.07166	0.01661	1.000	$2,000.00
33	0.59392	0.32978	0.07908	0.01922	1.000	$12,818.00
33	0.59771	0.30081	0.07525	0.02048	1.000	$4,574.00
33	0.59388	0.27441	0.07916	0.01803	1.000	$41,900.00
33	0.59774	0.24419	0.07519	0.02035	1.000	$2,612.00
33	0.59958	0.21790	0.07340	0.01769	1.000	$1,000.00
33	0.59204	0.19021	0.08097	0.01783	1.000	$32,163.50
33	0.60146	0.13359	0.07152	0.01624	1.000	$3,856.24
33	0.71805	0.88227	0.05827	0.01599	1.000	TOTAL
33	0.81944	0.88183	0.11676	0.01833	1.000	BALANCE FWD
33	0.67669	0.86773	0.13910	0.01744	1.000	DISBURSEMENTS
33	0.84586	0.86773	0.06391	0.01599	1.000	7/1/2016
33	0.85902	0.83721	0.07331	0.02035	1.000	$1,450.00
33	0.87963	0.81092	0.05276	0.01625	1.000	$94.65
33	0.72354	0.78293	0.08864	0.01698	1.000	$586,891.16
33	0.84200	0.78308	0.09043	0.01668	1.000	$256,030.83
33	0.85891	0.75406	0.07354	0.01804	1.000	$2,457.35
33	0.72368	0.72674	0.08835	0.01744	1.000	$246,943.94
33	0.84195	0.72619	0.09054	0.01709	1.000	$166,530.82
33	0.85711	0.69614	0.07526	0.02050	1.000	$1,954.71
33	0.88534	0.66715	0.04699	0.02035	1.000	$3.81
33	0.87209	0.64224	0.06033	0.01639	1.000	$113.45
33	0.85889	0.61304	0.07357	0.01811	1.000	$1,500.00
33	0.87948	0.58535	0.05307	0.01824	1.000	$90.61
33	0.74997	0.55663	0.06209	0.01756	1.000	$120.00
33	0.86071	0.55617	0.07181	0.01703	1.000	$3,456.86
33	0.87210	0.52891	0.06031	0.01777	1.000	$297.69
33	0.72904	0.49784	0.08327	0.02176	1.000	$36,740.00
33	0.88722	0.50000	0.04511	0.01890	1.000	$0.00
33	0.88142	0.47066	0.05108	0.01943	1.000	$35.00
33	0.73102	0.44285	0.08119	0.01983	1.000	$11,907.00
33	0.73106	0.41533	0.08111	0.01964	1.000	$37,500.00
33	0.74050	0.38639	0.07164	0.01938	1.000	$2,000.00
33	0.75184	0.35892	0.06023	0.01618	1.000	$670.88
33	0.73101	0.33090	0.08121	0.01989	1.000	$13,015.71
33	0.74054	0.30216	0.07156	0.01776	1.000	$5,000.00
33	0.73111	0.27445	0.08101	0.01797	1.000	$31,963.00
33	0.73667	0.24382	0.07554	0.02253	1.000	$2,612.00
33	0.74057	0.21796	0.07149	0.01903	1.000	$1,000.00
33	0.73112	0.19018	0.08099	0.01789	1.000	$32,163.50
33	0.88722	0.44186	0.04511	0.02180	1.000	$0.00
33	0.88910	0.41570	0.04323	0.01744	1.000	$0.00
33	0.88534	0.38663	0.04699	0.01890	1.000	$0.00
33	0.86066	0.35841	0.07191	0.01864	1.000	$1,329.12
33	0.87970	0.32849	0.05263	0.02035	1.000	$33.01
33	0.88910	0.30233	0.04323	0.01744	1.000	$0.00
33	0.88910	0.27326	0.04323	0.01890	1.000	$0.00
33	0.88722	0.24419	0.04511	0.02035	1.000	$0.00
33	0.88722	0.21802	0.04511	0.01744	1.000	$0.00
33	0.88722	0.19041	0.04511	0.01744	1.000	$0.00
33	0.75188	0.13227	0.06015	0.01890	1.000	$761.00
33	0.85896	0.13356	0.07343	0.01776	1.000	$4,591.49
33	0.88910	0.10465	0.04323	0.01744	1.000	$6.55
34	0.11654	0.85901	0.13158	0.01453	1.000	PROGRAM NAME
34	0.12030	0.84301	0.11842	0.01166	1.000	PUBLIC SAFETY
34	0.12406	0.82703	0.16729	0.01308	1.000	Community Policing FY 97
34	0.12406	0.81395	0.16729	0.01453	1.000	Community Policing FY 98
34	0.12011	0.77964	0.10377	0.01630	1.000	Drug Forfeiture
34	0.12030	0.75145	0.14474	0.01318	1.000	D.A.R.E. Grant FY 97
34	0.11842	0.72093	0.15414	0.01320	1.000	D.A.R.E. I Grant FY 97
34	0.12030	0.68895	0.13534	0.01599	1.000	Community Policing
34	0.11466	0.65698	0.15038	0.01599	1.000	Cops Universal Hiring
34	0.12030	0.63070	0.18797	0.01028	1.000	EOPS Vest Reimbursement
34	0.12030	0.59738	0.21241	0.01308	1.000	Protective Order Grant Program
34	0.11654	0.56820	0.19549	0.01174	1.000	Walmart Grant - Police Dept.
34	0.11654	0.53488	0.21992	0.01453	1.000	Firefighter PS Equipment Grant
34	0.11654	0.50436	0.23684	0.01308	1.000	Firefighter Safety Equipment Grant
34	0.11654	0.47520	0.18609	0.01172	1.000	State 911 Grant - Fire Dept
34	0.12218	0.44469	0.17293	0.01170	1.000	Police/Fire Special Details
34	0.11466	0.41134	0.25188	0.01453	1.000	Coastal/Patriot Ambulance Revolving
34	0.11842	0.38368	0.23684	0.01167	1.000	Firefighter Equipment Grant - FY05
34	0.12218	0.35169	0.16353	0.01314	1.000	Confined Space Training
34	0.11654	0.32118	0.20301	0.01314	1.000	Police NRA Foundation Grant
34	0.11842	0.29067	0.18233	0.01314	1.000	COPS Secure Our Schools
34	0.11842	0.25868	0.19737	0.01314	1.000	Safe Grant - Fire Department
34	0.11842	0.22965	0.16165	0.01167	1.000	GHSB Click It Or Ticket
34	0.11654	0.19767	0.21241	0.01314	1.000	K-9 Grant - Stanton Foundation
34	0.12030	0.16567	0.15789	0.01463	1.000	Federal Drug Forfeiture
34	0.11466	0.13517	0.21617	0.01463	1.000	Underage Alcohol Enforcement
34	0.11832	0.10566	0.09043	0.01396	1.000	EMPG Grant
34	0.43797	0.93452	0.17857	0.01761	1.000	TOWN OF LUNENBURG
34	0.42857	0.92006	0.19925	0.01453	1.000	SPECIAL REVENUE FUNDS
34	0.41729	0.90253	0.22180	0.01910	1.000	FISCAL YEAR ENDING 6/30/16
34	0.45661	0.87303	0.08303	0.01702	1.000	FORWARD
34	0.58614	0.87276	0.05703	0.01610	1.000	TOTAL
34	0.46614	0.85896	0.06395	0.01609	1.000	7/1/2015
34	0.58081	0.85896	0.07711	0.01610	1.000	RECEIPTS
34	0.50747	0.82694	0.04522	0.01617	1.000	$1.97
34	0.50928	0.81231	0.04347	0.01637	1.000	$0.66
34	0.47932	0.78052	0.07331	0.01744	1.000	$7,227.25
34	0.49990	0.74981	0.05282	0.01637	1.000	$34.85
34	0.50940	0.71948	0.04323	0.01599	1.000	$0.25
34	0.48115	0.68880	0.07342	0.01629	1.000	$2,291.12
34	0.47919	0.65524	0.07357	0.02092	1.000	$1,289.84
34	0.47919	0.62610	0.07358	0.01814	1.000	$1,862.50
34	0.49047	0.59707	0.06417	0.01661	1.000	$135.15
34	0.47738	0.56379	0.07720	0.01922	1.000	$1,000.00
34	0.50177	0.53468	0.05097	0.01640	1.000	$30.00
34	0.50940	0.50436	0.04323	0.01599	1.000	$9.84
34	0.50752	0.47238	0.04511	0.01744	1.000	$7.00
34	0.47362	0.44169	0.07908	0.01779	1.000	$16,883.09
34	0.49235	0.41248	0.05852	0.01515	1.000	$579.06
34	0.49248	0.38227	0.06015	0.01453	1.000	$419.60
34	0.47735	0.34862	0.07537	0.01933	1.000	$1,956.77
34	0.50924	0.31953	0.04355	0.01792	1.000	$0.10
34	0.50940	0.29070	0.04323	0.01453	1.000	$0.82
34	0.48109	0.25840	0.07166	0.01663	1.000	$6,586.65
34	0.47556	0.22820	0.08083	0.01453	1.000	($1,108.16)
34	0.47365	0.19756	0.07902	0.01621	1.000	$26,852.18
34	0.47354	0.16518	0.08300	0.01556	1.000	($1,139.50)
34	0.50936	0.13511	0.04332	0.01612	1.000	$0.00
34	0.49245	0.10603	0.06021	0.01469	1.000	$102.01
34	0.51880	0.07122	0.02068	0.01308	1.000	34
34	0.59954	0.77888	0.07535	0.01928	1.000	$3,738.00
34	0.58635	0.44154	0.08670	0.01953	1.000	$269,132.26
34	0.59383	0.41093	0.08114	0.01971	1.000	$93,377.33
34	0.60129	0.25819	0.07185	0.01850	1.000	$6,953.00
34	0.60150	0.22674	0.07143	0.01744	1.000	$6,648.47
34	0.59190	0.16652	0.08123	0.01725	1.000	$30,387.70
34	0.71779	0.87294	0.05690	0.01575	1.000	TOTAL
34	0.68233	0.85756	0.13346	0.01744	1.000	DISBURSEMENTS
34	0.74043	0.77868	0.07364	0.01968	1.000	$6,149.13
34	0.74037	0.62450	0.07376	0.02135	1.000	$1,800.00
34	0.72357	0.44155	0.08857	0.01952	1.000	$277,281.69
34	0.73301	0.41116	0.08097	0.01925	1.000	$93,377.33
34	0.74056	0.25862	0.07151	0.01764	1.000	$6,194.18
34	0.74056	0.22666	0.07151	0.01907	1.000	$7,504.36
34	0.73296	0.19735	0.07919	0.01810	1.000	$11,522.69
34	0.73108	0.16534	0.08108	0.01816	1.000	$24,044.16
34	0.75166	0.13606	0.06060	0.01568	1.000	$686.66
34	0.74056	0.10456	0.07150	0.01762	1.000	$5,955.00
34	0.82143	0.87351	0.11466	0.01612	1.000	BALANCE FWD
34	0.84766	0.85879	0.06220	0.01498	1.000	7/1/2016
34	0.88910	0.82703	0.04323	0.01599	1.000	$1.97
34	0.89098	0.81105	0.04323	0.01744	1.000	$0.66
34	0.86085	0.77894	0.07342	0.01916	1.000	$4,816.12
34	0.88158	0.75000	0.05263	0.01599	1.000	$34.85
34	0.88910	0.71948	0.04511	0.01599	1.000	$0.25
34	0.86090	0.68750	0.07331	0.01890	1.000	$2,291.12
34	0.86090	0.65552	0.07331	0.02035	1.000	$1,289.84
34	0.88158	0.62791	0.05263	0.01744	1.000	$62.50
34	0.87209	0.59576	0.06221	0.01924	1.000	$135.15
34	0.86087	0.56388	0.07337	0.01904	1.000	$1,000.00
34	0.88152	0.53476	0.05275	0.01623	1.000	$30.00
34	0.89098	0.50436	0.04323	0.01599	1.000	$9.84
34	0.88910	0.47238	0.04511	0.01890	1.000	$7.00
34	0.86090	0.44186	0.07331	0.01890	1.000	$8,733.66
34	0.87218	0.41279	0.06203	0.01599	1.000	$579.06
34	0.87205	0.38198	0.06040	0.01657	1.000	$419.60
34	0.85887	0.34847	0.07362	0.01962	1.000	$1,956.77
34	0.88881	0.31927	0.04569	0.01699	1.000	$0.10
34	0.88904	0.28915	0.04524	0.01763	1.000	$0.82
34	0.86079	0.25702	0.07166	0.02084	1.000	$7,345.47
34	0.85703	0.22638	0.08104	0.01527	1.000	($1,964.05)
34	0.85333	0.19750	0.07906	0.01633	1.000	$15,329.49
34	0.86076	0.16678	0.07170	0.01674	1.000	$5,204.04
34	0.86842	0.13517	0.06955	0.01453	1.000	($686.66)
34	0.85519	0.10440	0.08474	0.01649	1.000	($5,852.99)
35	0.11842	0.88663	0.12970	0.01317	1.000	PROGRAM NAME
35	0.11842	0.87054	0.17105	0.01612	1.000	PARKS & RECREATION
35	0.11835	0.85866	0.10917	0.01523	1.000	Park User Fees
35	0.11837	0.84575	0.09972	0.01634	1.000	Park Gift Fund
35	0.12030	0.83430	0.11842	0.01168	1.000	HIGHWAY DEPT.
35	0.12030	0.82118	0.07519	0.01021	1.000	Chapter 90
35	0.12030	0.80804	0.15038	0.01319	1.000	DPW Roads Gift Fund
35	0.11842	0.79360	0.20865	0.01453	1.000	Highway Insurance Recoveries
35	0.11842	0.78051	0.17293	0.01463	1.000	Chapter 204/Acts of 1996
35	0.11842	0.76587	0.15038	0.01465	1.000	COUNCIL ON AGING
35	0.11842	0.75291	0.18045	0.01453	1.000	C.O.A./M.A.R.T. Revolving
35	0.11842	0.74128	0.15038	0.01319	1.000	C.O.A. Formula Grant
35	0.11842	0.72669	0.20301	0.01314	1.000	E.O.C.D. Senior Center Grant
35	0.11654	0.71503	0.19361	0.01317	1.000	Venture Grant - Are You OK
35	0.11827	0.70014	0.06985	0.01542	1.000	LIBRARY
35	0.11842	0.68750	0.12594	0.01463	1.000	State Aid-Libraries
35	0.11466	0.67584	0.11654	0.01020	1.000	Library Gift Fund
35	0.11654	0.66270	0.15602	0.01172	1.000	Library Revolving Fund
35	0.11842	0.64826	0.18233	0.01320	1.000	FY07 Public Libraries Fund
35	0.12030	0.63663	0.09774	0.01017	1.000	CEMETERIES
35	0.12030	0.62351	0.14850	0.01021	1.000	Sale of Cemetery Lots
35	0.12030	0.61047	0.11090	0.01017	1.000	UNCLASSIFIED
35	0.12218	0.59593	0.14474	0.01171	1.000	Elderly/Disabled Fund
35	0.12030	0.58430	0.17669	0.01019	1.000	Green Communities Grant
35	0.12030	0.56969	0.20489	0.01170	1.000	Agricultural Commission Grant
35	0.12030	0.55804	0.21429	0.01028	1.000	Bell Tower Mtc. Fund-Town Hall
35	0.12030	0.54506	0.18045	0.00876	1.000	Historical Comm. Gift Fund
35	0.12030	0.53051	0.24248	0.01166	1.000	FEMA Grant - January 2015 Blizzard
35	0.12030	0.51885	0.26504	0.00877	1.000	Mass Historical Comm Grant-Town Hall
35	0.12008	0.50201	0.15265	0.01410	1.000	Public Safety Gift Fund
35	0.12030	0.48983	0.17857	0.01166	1.000	Council on Aging Gift Fund
35	0.12030	0.47817	0.15226	0.01020	1.000	MWPAT Septic Repair
35	0.11842	0.46354	0.22180	0.01175	1.000	WPAT Septic Receipts Reserved
35	0.12030	0.45058	0.15789	0.01172	1.000	E.O.C.D. Septic | Grant
35	0.11842	0.43750	0.15414	0.01166	1.000	Water Enterprise Fund
35	0.12030	0.42436	0.15226	0.01169	1.000	Sewer Enterprise Fund
35	0.12030	0.41270	0.15789	0.01027	1.000	Sewer Betterment Fund
35	0.12030	0.39826	0.26504	0.01023	1.000	Public Health Emergency Preparedness
35	0.12218	0.38517	0.20113	0.01018	1.000	DEP Pay As You Throw Grant
35	0.12030	0.37054	0.16917	0.01173	1.000	Recycling Outreach Fund
35	0.12030	0.35756	0.18609	0.01174	1.000	Repayments Sewer Hookup
35	0.11842	0.34301	0.26128	0.01314	1.000	Solid Waste/Recycling Enterprise Fund
35	0.11842	0.32986	0.21617	0.01612	1.000	CVS Volunteer Challenge Grant
35	0.11842	0.31820	0.15977	0.01319	1.000	Fields Pond Foundation
35	0.11838	0.30361	0.10910	0.01487	1.000	March for Parks
35	0.11842	0.29067	0.11466	0.01463	1.000	Skate Park Fund
35	0.11654	0.27753	0.22180	0.01317	1.000	Weights/Measures Citation Fund
35	0.11842	0.26308	0.21429	0.01599	1.000	Marshall Park Restoration Fund
35	0.12030	0.25291	0.23308	0.01024	1.000	Comcast Technology Capital Grant
35	0.11837	0.23939	0.16739	0.01249	1.000	Sale of Real Estate Fund
35	0.11842	0.22384	0.11654	0.01453	1.000	Arts Lottery Fund
35	0.11654	0.21221	0.09774	0.01308	1.000	L.E.A.P. Fund
35	0.12030	0.19913	0.17293	0.01169	1.000	Debris Removal Gift Fund
35	0.11842	0.18452	0.13722	0.01463	1.000	Citizens Relief Fund
35	0.11842	0.17151	0.14850	0.01308	1.000	Hollis Road Revolving
35	0.11842	0.15698	0.30451	0.01599	1.000	Municipal Energy Technical Assistance Grant
35	0.11654	0.14680	0.24248	0.01168	1.000	Water Infrastructure Planning Grant
35	0.12026	0.13317	0.23881	0.01273	1.000	Recycling Dividends Program Grant
35	0.11842	0.11919	0.15038	0.01308	1.000	RUOK Program Grant
35	0.12594	0.09301	0.11278	0.01166	1.000	GRAND TOTAL
35	0.44173	0.93895	0.17481	0.01599	1.000	TOWN OF LUNENBURG
35	0.43045	0.92584	0.19925	0.01612	1.000	SPECIAL REVENUE FUNDS
35	0.41729	0.91270	0.22180	0.01463	1.000	FISCAL YEAR ENDING 6/30/16
35	0.45863	0.89963	0.08087	0.01324	1.000	FORWARD
35	0.59018	0.89959	0.05460	0.01331	1.000	TOTAL
35	0.46784	0.88601	0.06245	0.01431	1.000	7/1/2015
35	0.58081	0.88657	0.08087	0.01611	1.000	RECEIPTS
35	0.51128	0.86047	0.04135	0.01163	1.000	$0.00
35	0.59582	0.85890	0.08091	0.01766	1.000	$11,721.25
35	0.48306	0.84442	0.06959	0.01465	1.000	$1,760.00
35	0.46803	0.81969	0.09026	0.01324	1.000	($78,776.92)
35	0.58639	0.81805	0.08850	0.01651	1.000	$635,611.88
35	0.48120	0.80669	0.07143	0.01308	1.000	$3,330.00
35	0.48305	0.79350	0.06961	0.01329	1.000	$1,208.91
35	0.51123	0.78043	0.04145	0.01327	1.000	$0.11
35	0.47550	0.75269	0.08472	0.01642	1.000	($8,329.28)
35	0.50737	0.73952	0.04541	0.01370	1.000	$0.00
35	0.48304	0.72662	0.06964	0.01478	1.000	$1,681.54
35	0.59584	0.75283	0.08089	0.01760	1.000	$41,493.33
35	0.59573	0.73944	0.08110	0.01822	1.000	$18,954.00
35	0.63158	0.72820	0.04511	0.01453	1.000	$0.84
35	0.50374	0.71362	0.04891	0.01317	1.000	$24.00
35	0.47368	0.68750	0.07895	0.01308	1.000	$24,734.13
35	0.47365	0.67429	0.07902	0.01333	1.000	$19,168.54
35	0.48117	0.65981	0.07337	0.01760	1.000	$7,666.23
35	0.59572	0.68701	0.07924	0.01551	1.000	$14,718.15
35	0.61647	0.67425	0.05841	0.01487	1.000	$650.00
35	0.60317	0.65933	0.07374	0.01856	1.000	$6,891.42
35	0.49428	0.64662	0.06031	0.01636	1.000	$571.17
35	0.46617	0.61919	0.08835	0.01744	1.000	$194,164.28
35	0.60333	0.61905	0.07342	0.01916	1.000	$9,780.33
35	0.48111	0.59279	0.07349	0.01790	1.000	$2,487.14
35	0.47545	0.58104	0.07729	0.01525	1.000	$14,984.83
35	0.49430	0.56960	0.05839	0.01341	1.000	$675.00
35	0.61460	0.56819	0.06214	0.01768	1.000	$300.00
35	0.48308	0.55523	0.06955	0.01308	1.000	$5,606.37
35	0.49056	0.54060	0.06400	0.01764	1.000	$137.36
35	0.46979	0.52719	0.09049	0.01829	1.000	($43,262.20)
35	0.59392	0.52599	0.08284	0.01923	1.000	$43,262.20
35	0.48299	0.51427	0.06973	0.01506	1.000	$4,150.00
35	0.49244	0.50280	0.06211	0.01474	1.000	$667.38
35	0.48308	0.48983	0.06955	0.01453	1.000	$3,071.79
35	0.48118	0.47668	0.07147	0.01320	1.000	$4,079.03
35	0.47366	0.46213	0.07899	0.01469	1.000	$75,008.50
35	0.46610	0.44892	0.08847	0.01639	1.000	$102,304.79
35	0.47361	0.43579	0.07910	0.01505	1.000	$36,234.85
35	0.46614	0.42289	0.08651	0.01469	1.000	$844,074.20
35	0.46617	0.40988	0.08647	0.01308	1.000	$510,663.29
35	0.60325	0.46184	0.07357	0.01673	1.000	$1,439.06
35	0.60521	0.44898	0.06777	0.01483	1.000	$1,768.17
35	0.59771	0.43594	0.07338	0.01475	1.000	$33,189.15
35	0.58824	0.42253	0.08481	0.01396	1.000	$884,909.64
35	0.58827	0.41099	0.08474	0.01232	1.000	$678,366.00
35	0.47368	0.39680	0.07895	0.01453	1.000	$12,295.09
35	0.48112	0.38344	0.07160	0.01363	1.000	$4,720.43
35	0.48308	0.37064	0.06955	0.01308	1.000	$3,800.00
35	0.48120	0.35610	0.07331	0.01599	1.000	$9,222.00
35	0.50918	0.34265	0.04554	0.01673	1.000	$0.00
35	0.58641	0.34140	0.09035	0.01924	1.000	$276,361.53
35	0.49243	0.33126	0.06213	0.01480	1.000	$500.00
35	0.48303	0.31673	0.07153	0.01625	1.000	$1,600.00
35	0.48294	0.30198	0.07171	0.01814	1.000	$1,617.25
35	0.49428	0.29052	0.06031	0.01635	1.000	$197.00
35	0.49434	0.27757	0.06019	0.01607	1.000	$325.00
35	0.49052	0.26435	0.06407	0.01636	1.000	$125.00
35	0.47366	0.25137	0.08089	0.01616	1.000	$39,796.01
35	0.48118	0.23832	0.07335	0.01610	1.000	$9,925.00
35	0.48120	0.22529	0.06955	0.01163	1.000	$6,902.40
35	0.46805	0.21366	0.08459	0.01017	1.000	$265,970.11
35	0.60320	0.22337	0.07367	0.01837	1.000	$4,726.35
35	0.59574	0.21042	0.08107	0.01812	1.000	$99,831.72
35	0.49425	0.19883	0.05849	0.01369	1.000	$676.00
35	0.49429	0.18443	0.05840	0.01486	1.000	$200.00
35	0.47359	0.16978	0.08102	0.01799	1.000	$11,184.43
35	0.59388	0.16833	0.08292	0.01945	1.000	$10,200.00
35	0.50752	0.15843	0.04699	0.01599	1.000	$0.00
35	0.50940	0.14390	0.04511	0.01744	1.000	$0.00
35	0.51128	0.13081	0.04323	0.01599	1.000	$0.00
35	0.51113	0.11750	0.04541	0.01790	1.000	$0.00
35	0.45294	0.09129	0.10352	0.01654	1.000	$2,704,480.72
35	0.60335	0.13073	0.07337	0.01615	1.000	$3,600.00
35	0.60332	0.11756	0.07343	0.01633	1.000	$3,000.00
35	0.57519	0.09157	0.09774	0.01308	1.000	$6,543,358.01
35	0.51692	0.07122	0.02444	0.01599	1.000	35
35	0.72180	0.89971	0.05639	0.01599	1.000	TOTAL
35	0.68421	0.88663	0.13158	0.01453	1.000	DISBURSEMENTS
35	0.73495	0.86041	0.07898	0.01319	1.000	$11,721.25
35	0.74248	0.84593	0.07143	0.01308	1.000	$1,008.00
35	0.71429	0.81977	0.10150	0.01599	1.000	$1,057,321.85
35	0.73496	0.75436	0.08083	0.01453	1.000	$39,654.31
35	0.73487	0.73953	0.08102	0.01658	1.000	$18,954.00
35	0.73478	0.68552	0.08120	0.01850	1.000	$13,114.76
35	0.74235	0.65955	0.07357	0.01810	1.000	$5,624.39
35	0.73487	0.62177	0.08102	0.01519	1.000	$16,828.02
35	0.75564	0.56831	0.06015	0.01599	1.000	$650.00
35	0.75564	0.55523	0.06015	0.01599	1.000	$600.00
35	0.75564	0.50291	0.05639	0.01163	1.000	$447.00
35	0.76495	0.49107	0.04716	0.01204	1.000	$79.00
35	0.73483	0.46181	0.08108	0.01678	1.000	$10,868.00
35	0.75376	0.44913	0.06203	0.01599	1.000	$823.24
35	0.73304	0.43446	0.08280	0.01770	1.000	$23,971.75
35	0.72744	0.42442	0.08459	0.01163	1.000	$669,012.79
35	0.72556	0.41134	0.08647	0.01163	1.000	$756,877.88
35	0.72552	0.34288	0.09032	0.01773	1.000	$267,974.92
35	0.74054	0.22366	0.07532	0.01635	1.000	$4,318.00
35	0.73479	0.21023	0.08116	0.01703	1.000	$95,566.13
35	0.75372	0.17143	0.06210	0.01616	1.000	$267.80
35	0.73866	0.15825	0.07719	0.01635	1.000	$8,175.00
35	0.73484	0.14496	0.08108	0.01676	1.000	$30,000.00
35	0.74056	0.13070	0.07339	0.01477	1.000	$3,600.00
35	0.74038	0.11854	0.07563	0.01729	1.000	$2,784.00
35	0.71426	0.09145	0.09968	0.01478	1.000	$6,074,216.03
35	0.82331	0.89971	0.11466	0.01599	1.000	BALANCE FWD
35	0.84764	0.88636	0.06600	0.01652	1.000	7/1/2016
35	0.89096	0.86042	0.04328	0.01173	1.000	$0.00
35	0.87594	0.84738	0.05827	0.01308	1.000	$752.00
35	0.84207	0.81819	0.09780	0.01478	1.000	($500,486.89)
35	0.86462	0.80655	0.06963	0.01336	1.000	$3,330.00
35	0.86455	0.79324	0.06978	0.01382	1.000	$1,208.91
35	0.89286	0.78052	0.04323	0.01599	1.000	$0.11
35	0.85708	0.75270	0.08472	0.01640	1.000	($6,490.26)
35	0.88722	0.73983	0.04887	0.01599	1.000	$0.00
35	0.86262	0.72629	0.07363	0.01690	1.000	$1,682.38
35	0.88518	0.71335	0.05107	0.01661	1.000	$24.00
35	0.85512	0.68706	0.08111	0.01686	1.000	$26,337.52
35	0.85517	0.67406	0.07914	0.01380	1.000	$19,818.54
35	0.86265	0.66095	0.07169	0.01532	1.000	$8,933.26
35	0.87594	0.64826	0.06015	0.01599	1.000	$571.17
35	0.84396	0.62056	0.09215	0.01615	1.000	$187,116.59
35	0.87594	0.56831	0.06015	0.01599	1.000	$325.00
35	0.86264	0.55482	0.07547	0.01681	1.000	$5,006.37
35	0.86459	0.51433	0.06969	0.01495	1.000	$4,150.00
35	0.86270	0.47650	0.07159	0.01502	1.000	$4,079.03
35	0.85332	0.46201	0.08095	0.01494	1.000	$65,579.56
35	0.84764	0.44876	0.08856	0.01672	1.000	$103,249.72
35	0.84956	0.43583	0.08660	0.01642	1.000	$45,452.25
35	0.83647	0.42297	0.09962	0.01599	1.000	$1,059,971.05
35	0.84573	0.40943	0.09049	0.01689	1.000	$432,151.41
35	0.85524	0.39674	0.08087	0.01611	1.000	$12,295.09
35	0.86261	0.37007	0.07176	0.01422	1.000	$3,800.00
35	0.86453	0.35578	0.07169	0.01810	1.000	$9,222.00
35	0.86442	0.34236	0.07190	0.01731	1.000	$8,386.61
35	0.87594	0.32994	0.06015	0.01599	1.000	$500.00
35	0.86267	0.31654	0.07354	0.01662	1.000	$1,600.00
35	0.86447	0.30184	0.07182	0.01842	1.000	$1,617.25
35	0.87592	0.27757	0.06019	0.01607	1.000	$325.00
35	0.87591	0.26447	0.06021	0.01611	1.000	$125.00
35	0.85503	0.24934	0.08129	0.01877	1.000	$39,796.01
35	0.86273	0.23679	0.07340	0.01625	1.000	$9,925.00
35	0.86267	0.22350	0.07165	0.01521	1.000	$7,310.75
35	0.84583	0.21066	0.09029	0.01764	1.000	$270,235.70
35	0.85517	0.17121	0.07913	0.01514	1.000	$21,116.63
35	0.85523	0.15832	0.08653	0.01620	1.000	($8,175.00)
35	0.84948	0.14478	0.09427	0.01567	1.000	($30,000.00)
35	0.89087	0.13206	0.04344	0.01350	1.000	$0.00
35	0.87576	0.11736	0.06050	0.01818	1.000	$216.00
35	0.83440	0.09084	0.10375	0.01746	1.000	$3,173,622.70
36	0.10029	0.82317	0.05233	0.01155	1.000	ART #/YR
36	0.10029	0.79323	0.05233	0.01132	1.000	08/02 ATM
36	0.10029	0.77632	0.06105	0.01128	1.000	4 05/05 STM
36	0.10029	0.76123	0.06105	0.01132	1.000	16 5/12 ATM
36	0.10029	0.71617	0.06105	0.01137	1.000	21 5/12 ATM
36	0.10029	0.70113	0.06105	0.01132	1.000	14 5/13 ATM
36	0.10029	0.55827	0.05669	0.00944	1.000	1 1/14 STM
36	0.10029	0.54135	0.06250	0.01128	1.000	14 5/14 ATM
36	0.07267	0.45865	0.01163	0.02068	1.000	36
36	0.10029	0.31386	0.06105	0.01132	1.000	25 5/14 ATM
36	0.10029	0.29878	0.06105	0.01137	1.000	15 5/14 ATM
36	0.10029	0.28195	0.06250	0.01137	1.000	14 5/15 ATM
36	0.33284	0.82323	0.05671	0.01332	1.000	PURPOSE
36	0.18314	0.79135	0.15552	0.01320	1.000	Development of Cemeteries
36	0.18169	0.77632	0.17878	0.01316	1.000	Engineer and Construct Sewers
36	0.18314	0.75931	0.12645	0.01325	1.000	FY 13 Capital Program
36	0.20203	0.74422	0.22384	0.01330	1.000	Computer Replacement Plan - Technology Dept.
36	0.20058	0.73107	0.16860	0.01330	1.000	Repair Engine #4 - Fire Department
36	0.18169	0.71429	0.22674	0.01518	1.000	Reconstruction of Summer Street (25%)
36	0.18314	0.69925	0.12645	0.01320	1.000	FY 14 Capital Program
36	0.20203	0.68421	0.22384	0.01508	1.000	Computer Replacement Plan - Technology Dept.
36	0.20058	0.67105	0.18023	0.01128	1.000	Pistols & Holsters - Police Department
36	0.20058	0.65597	0.20494	0.01320	1.000	Firefighting Turnout Gear - Fire Department
36	0.20058	0.64281	0.14099	0.01132	1.000	Ambulance - Fire Department
36	0.20058	0.62965	0.20494	0.01132	1.000	Asbestos Remediation - School Department
36	0.20058	0.61457	0.19186	0.01137	1.000	Mobile Media Carts - School Department
36	0.20203	0.60141	0.26744	0.01137	1.000	Demolition of Cemetery/Park Bldgs - Facilities & Grounds
36	0.20203	0.58633	0.25145	0.01155	1.000	Exterior Improvements - Library - Facilities & Grounds
36	0.20203	0.57317	0.24273	0.01155	1.000	Chimney Repair - Town Hall - Historical Commission
36	0.18169	0.55639	0.20785	0.01325	1.000	Construct Middle School/High School
36	0.18169	0.53947	0.12791	0.01508	1.000	FY 15 Capital Program
36	0.20058	0.52632	0.17878	0.01316	1.000	School Asbestos - School Department
36	0.20203	0.51316	0.13372	0.01128	1.000	Engine #1 - Fire Department
36	0.20058	0.49807	0.19186	0.01132	1.000	Radio Infrastructure - Police Department
36	0.20058	0.48299	0.17151	0.01325	1.000	Marked Vehicle - Police Department
36	0.20058	0.46983	0.17442	0.01137	1.000	Epoxy Floors - Public Safety Building
36	0.20058	0.45668	0.22238	0.01137	1.000	Rifles, Shotguns & Shields - Police Department
36	0.20058	0.44159	0.21657	0.01155	1.000	Upgrade Control System - School Department
36	0.20058	0.42669	0.15552	0.01330	1.000	Technology - School Department
36	0.20058	0.41165	0.20494	0.01518	1.000	Town Technology - Technology Department
36	0.20058	0.40038	0.22965	0.01137	1.000	Senior Center Carpeting - Facilities Maintenance
36	0.20203	0.38534	0.11919	0.01132	1.000	Car #2 - Fire Department
36	0.20203	0.37218	0.26744	0.01132	1.000	Parking Lot - Marshall Park - Department of Public Works
36	0.20202	0.35659	0.25294	0.01427	1.000	Senior Center, HVAC Repairs - Facilities Maintenance
36	0.20058	0.34398	0.22529	0.01128	1.000	Senior Center Sprinkler - Facilities Maintenance
36	0.20058	0.32895	0.21221	0.01316	1.000	Ritter Building HVAC - Facilities Maintenance
36	0.18169	0.31194	0.14826	0.01513	1.000	Design, Construct Sewers
36	0.18169	0.29685	0.13663	0.01330	1.000	Purchase Lane Property
36	0.18169	0.28008	0.12791	0.01518	1.000	FY 16 Capital Program
36	0.20058	0.26692	0.15407	0.01325	1.000	6-Wheel Dump & Sander - DPW
36	0.20058	0.25376	0.10901	0.01132	1.000	Street Sweeper - DPW
36	0.20058	0.24060	0.07849	0.00940	1.000	Backhoe - DPW
36	0.20058	0.22368	0.09157	0.01316	1.000	Police, Speed Sign
36	0.20058	0.21053	0.21512	0.01316	1.000	Police Vehicles - Marked - Police Department
36	0.20058	0.19544	0.13517	0.01320	1.000	Replace Gas Burner, Library
36	0.20043	0.18022	0.13263	0.02052	1.000	HVAC Management System
36	0.20058	0.16720	0.16424	0.01325	1.000	Drainage Culvert Repair, 2 Phases
36	0.20058	0.15212	0.17006	0.01518	1.000	Municipal Buildings Feasibility Study
36	0.20058	0.13896	0.24273	0.01330	1.000	Intersection Reconfiguration, Plan & Implementation
36	0.20058	0.12406	0.14971	0.01504	1.000	Technology, Town Departments
36	0.20058	0.11090	0.05959	0.01316	1.000	Technology,
36	0.25872	0.11090	0.09302	0.01330	1.000	School Department
36	0.18314	0.09398	0.14680	0.01513	1.000	Design, Construct Sewers
36	0.10029	0.09774	0.06105	0.00944	1.000	38 5/15 ATM
36	0.10029	0.06579	0.06831	0.01128	1.000	Grand Total
36	0.37936	0.85334	0.29360	0.01893	1.000	CAPITAL PROJECT FUNDS FY 2016
36	0.54651	0.83647	0.09157	0.01504	1.000	APPROPRIATED
36	0.56390	0.82288	0.05970	0.01402	1.000	FORWARD
36	0.58430	0.81015	0.05378	0.00940	1.000	$25,000.00
36	0.58999	0.79057	0.04676	0.01472	1.000	$1,019.01
36	0.58430	0.77632	0.05378	0.01128	1.000	$79,514.78
36	0.59738	0.74422	0.06395	0.01518	1.000	$838.43 fwd
36	0.59880	0.73101	0.03932	0.01354	1.000	$531.16
36	0.63663	0.73120	0.02471	0.01316	0.300	fwd
36	0.58866	0.71617	0.07267	0.01330	1.000	$6,502.30 fwd
36	0.60315	0.68388	0.05824	0.01570	1.000	$81.95 fwa
36	0.59884	0.67105	0.06395	0.01316	1.000	$814.07 fwd
36	0.60463	0.65776	0.05672	0.01343	1.000	$50.00 fwd
36	0.60170	0.64070	0.05968	0.01747	1.000	$71.03 fwd
36	0.60895	0.62927	0.05245	0.01402	1.000	$0.00 fwa
36	0.58721	0.61264	0.07413	0.01518	1.000	$1,172.72 fwd
36	0.58430	0.59949	0.07703	0.01155	1.000	$15,000.00 twd
36	0.59879	0.58788	0.06260	0.01220	1.000	$989.00 fwd
36	0.58866	0.57143	0.07267	0.01504	1.000	$5,575.00 fwd
36	0.56831	0.55639	0.07122	0.01316	1.000	$7,439,566.59
36	0.63663	0.55451	0.02471	0.01692	0.300	fwd
36	0.57703	0.52820	0.06105	0.01128	1.000	$138,000.00
36	0.64244	0.52632	0.01890	0.01316	0.300	fwd
36	0.59011	0.51309	0.04798	0.01141	1.000	$2,925.00
36	0.64244	0.51128	0.01890	0.01316	0.300	fwd
36	0.58430	0.50000	0.05378	0.00940	1.000	$20,000.00
36	0.59884	0.48496	0.03924	0.01128	1.000	$283.40
36	0.64244	0.49624	0.01890	0.01316	0.300	fwa
36	0.64099	0.48496	0.02035	0.01128	0.300	fwd
36	0.58866	0.47180	0.04942	0.01128	1.000	$2,000.00
36	0.64244	0.47180	0.01890	0.01128	0.300	fwa
36	0.58866	0.45677	0.04942	0.01128	1.000	$3,300.00
36	0.64390	0.45677	0.01744	0.01128	0.300	fwd
36	0.58866	0.44361	0.04942	0.00940	1.000	$5,320.00
36	0.64244	0.43985	0.01890	0.01504	0.300	fwd
36	0.59736	0.42843	0.04074	0.01155	1.000	$813.37
36	0.64390	0.42857	0.01744	0.01128	0.300	fwd
36	0.58285	0.41353	0.07849	0.01330	1.000	$13,931.17 fwd
36	0.59012	0.40038	0.07267	0.01330	1.000	$4,000.00 fwa
36	0.59884	0.38534	0.06395	0.01325	1.000	$368.08 fwd
36	0.58430	0.37218	0.07703	0.01325	1.000	$27,937.50 fwd
36	0.58285	0.35714	0.07849	0.01320	1.000	$15,798.00 fwd
36	0.58866	0.34398	0.07267	0.01128	1.000	$1,780.00 fwd
36	0.58285	0.32702	0.07994	0.01508	1.000	$20,000.00 fwd
36	0.56831	0.31386	0.09302	0.01132	1.000	$1,961,334.37 fwd
36	0.57703	0.29685	0.08430	0.01330	1.000	$224,000.00 fwd
36	0.57703	0.26692	0.06105	0.01316	1.000	$190,000.00
36	0.57703	0.25376	0.06105	0.01128	1.000	$180,000.00
36	0.57558	0.23684	0.06250	0.01504	1.000	$120,000.00
36	0.58285	0.22368	0.05523	0.01316	1.000	$12,000.00
36	0.58285	0.21053	0.05523	0.01316	1.000	$96,000.00
36	0.58285	0.19737	0.05523	0.01128	1.000	$15,000.00
36	0.58285	0.18233	0.05523	0.01128	1.000	$12,000.00
36	0.58430	0.16917	0.05378	0.01128	1.000	$43,728.00
36	0.58283	0.15404	0.05526	0.01336	1.000	$28,000.00
36	0.58430	0.14098	0.05378	0.01128	1.000	$40,850.00
36	0.58140	0.12406	0.05669	0.01504	1.000	$34,000.00
36	0.58285	0.11278	0.05523	0.01128	1.000	$30,000.00
36	0.57703	0.09398	0.06105	0.01316	1.000	$300,000.00
36	0.56250	0.06391	0.07558	0.01316	1.000	$11,120,094.93
36	0.68023	0.83459	0.15407	0.01692	1.000	EXPENDED/ENCUMBERED/
36	0.71221	0.81955	0.08866	0.01692	1.000	TRANSFERRED
36	0.78336	0.78906	0.05538	0.01774	1.000	$35,229.38
36	0.78336	0.77214	0.05538	0.01775	1.000	$31,284.91
36	0.79794	0.74236	0.04221	0.01717	1.000	$838.43
36	0.79797	0.73120	0.04215	0.01692	1.000	$531.16
36	0.80233	0.68233	0.03779	0.01692	1.000	$81.95
36	0.79794	0.67094	0.04074	0.01338	1.000	$814.07
36	0.80227	0.65580	0.03644	0.01547	1.000	$50.00
36	0.80376	0.64093	0.03491	0.01701	1.000	$71.03
36	0.79360	0.62594	0.04942	0.01692	1.000	($200.00)
36	0.78922	0.61077	0.04947	0.01718	1.000	$1,172.72
36	0.80958	0.59959	0.02909	0.01511	1.000	$0.00
36	0.79793	0.58443	0.04222	0.01534	1.000	$989.00
36	0.80959	0.57143	0.02907	0.01504	1.000	$0.00
36	0.76890	0.55451	0.07122	0.01504	1.000	$2,072,973.84
36	0.77907	0.52820	0.05959	0.01128	1.000	$120,499.90
36	0.79070	0.51316	0.04797	0.01128	1.000	$2,874.40
36	0.78488	0.49624	0.05814	0.01504	1.000	($5,276.45)
36	0.79938	0.48474	0.03932	0.01172	1.000	$283.40
36	0.78920	0.46966	0.04950	0.01369	1.000	$2,000.00
36	0.78924	0.45489	0.04942	0.01504	1.000	$3,300.00
36	0.78917	0.43941	0.04958	0.01592	1.000	$5,320.00
36	0.79788	0.42628	0.04088	0.01586	1.000	$813.37
36	0.78333	0.40932	0.05688	0.02159	1.000	$12,287.29
36	0.78914	0.39609	0.04963	0.01797	1.000	$4,000.00
36	0.79795	0.38341	0.04072	0.01702	1.000	$368.08
36	0.80959	0.36842	0.02907	0.01692	1.000	$0.00
36	0.80950	0.35494	0.02926	0.01568	1.000	$0.00
36	0.80959	0.34023	0.02907	0.01692	1.000	$0.00
36	0.80943	0.32652	0.02940	0.01613	1.000	$0.00
36	0.76743	0.31006	0.07125	0.01710	1.000	$1,083,032.00
36	0.77762	0.29323	0.06105	0.01692	1.000	$224,000.00
36	0.77762	0.26316	0.06105	0.01692	1.000	$190,000.00
36	0.77616	0.25000	0.06250	0.01880	1.000	$180,000.00
36	0.77750	0.23613	0.06127	0.01835	1.000	$120,000.00
36	0.78189	0.22132	0.05685	0.01788	1.000	$12,000.00
36	0.78343	0.20865	0.05523	0.01504	1.000	$94,629.19
36	0.78343	0.19361	0.05523	0.01692	1.000	$15,000.00
36	0.78338	0.18011	0.05534	0.01571	1.000	$12,000.00
36	0.80811	0.16531	0.03059	0.01713	1.000	$0.00
36	0.78336	0.15179	0.05538	0.01596	1.000	$28,000.00
36	0.78337	0.13688	0.05536	0.01760	1.000	$29,540.00
36	0.78338	0.12378	0.05679	0.01748	1.000	$31,737.64
36	0.78343	0.11090	0.05669	0.01692	1.000	$28,228.93
36	0.78486	0.09573	0.05382	0.01342	1.000	$36,923.42
36	0.77035	0.06391	0.06831	0.01316	1.000	$4,375,397.66
36	0.88513	0.82117	0.05386	0.01555	1.000	BALANCE
36	0.89388	0.78938	0.05817	0.01522	1.000	($9,210.37)
36	0.89388	0.77623	0.05526	0.01333	1.000	$48,229.87
36	0.91845	0.74383	0.03083	0.01611	1.000	$0.00
36	0.91842	0.72876	0.03089	0.01805	1.000	$0.00
36	0.89826	0.71241	0.05087	0.01692	1.000	$6,502.30
36	0.91860	0.68233	0.03198	0.01880	1.000	$0.00
36	0.91860	0.66917	0.03052	0.01692	1.000	$0.00
36	0.91860	0.65602	0.02907	0.01504	1.000	$0.00
36	0.91715	0.64286	0.03052	0.01316	1.000	$0.00
36	0.90834	0.62556	0.04088	0.01767	1.000	$200.00
36	0.91860	0.61278	0.03052	0.01504	1.000	$0.00
36	0.89242	0.59761	0.05673	0.01719	1.000	$15,000.00
36	0.91860	0.58459	0.03052	0.01504	1.000	$0.00
36	0.89821	0.57117	0.05096	0.01555	1.000	$5,575.00
36	0.87791	0.55451	0.07122	0.01504	1.000	$5,366,592.75
36	0.89244	0.52444	0.05669	0.01504	1.000	$17,500.10
36	0.91269	0.51087	0.03653	0.01585	1.000	$50.60
36	0.89243	0.49613	0.05672	0.01525	1.000	$25,276.45
36	0.91852	0.48279	0.03069	0.01563	1.000	$0.00
36	0.91860	0.46805	0.03052	0.01504	1.000	$0.00
36	0.92005	0.45671	0.02910	0.01139	1.000	$0.00
36	0.91860	0.43985	0.03052	0.01504	1.000	$0.00
36	0.91860	0.42669	0.03052	0.01504	1.000	$0.00
36	0.89823	0.40965	0.05092	0.01717	1.000	$1,643.88
36	0.91860	0.39662	0.03052	0.01692	1.000	$0.00
36	0.91860	0.38346	0.03052	0.01692	1.000	$0.00
36	0.89244	0.36842	0.05669	0.01692	1.000	$27,937.50
36	0.89237	0.35486	0.05683	0.01772	1.000	$15,798.00
36	0.89823	0.34010	0.05092	0.01717	1.000	$1,780.00
36	0.89232	0.32623	0.05694	0.01671	1.000	$20,000.00
36	0.88663	0.31015	0.06250	0.01692	1.000	$878,302.37
36	0.91860	0.29511	0.03052	0.01504	1.000	$0.00
36	0.91860	0.26504	0.03052	0.01504	1.000	$0.00
36	0.91860	0.25188	0.03052	0.01504	1.000	$0.00
36	0.91860	0.23684	0.03052	0.01504	1.000	$0.00
36	0.91860	0.22180	0.03052	0.01692	1.000	$0.00
36	0.89826	0.20677	0.05087	0.01692	1.000	$1,370.81
36	0.91860	0.19549	0.03052	0.01504	1.000	$0.00
36	0.91860	0.18045	0.03052	0.01504	1.000	$0.00
36	0.89244	0.16541	0.05669	0.01692	1.000	$43,728.00
36	0.91860	0.15226	0.03052	0.01504	1.000	$0.00
36	0.89244	0.13910	0.05669	0.01504	1.000	$11,310.00
36	0.89826	0.12406	0.05087	0.01504	1.000	$2,262.36
36	0.89823	0.10891	0.05237	0.01902	1.000	$1,771.07
36	0.88652	0.09338	0.06416	0.02001	1.000	$263,076.58
36	0.87783	0.06149	0.07137	0.01800	1.000	$6,744,697.27
37	0.11466	0.87054	0.12970	0.02045	1.000	Property Class
37	0.11454	0.85423	0.10174	0.01829	1.000	Residential
37	0.11466	0.83285	0.11090	0.02326	1.000	Commercial
37	0.11084	0.81816	0.09222	0.02066	1.000	Industrial
37	0.11466	0.80233	0.15602	0.01744	1.000	Personal Property
37	0.11463	0.78480	0.08464	0.01761	1.000	TOTALS
37	0.40789	0.93304	0.24060	0.02045	1.000	BOARD OF ASSESSORS
37	0.23684	0.90253	0.58271	0.02044	1.000	Fiscal 2016 Assessments and Revenues by Major Property Class
37	0.30444	0.87037	0.11669	0.01944	1.000	Levy Percent
37	0.46982	0.86871	0.16562	0.02276	1.000	Valuation by Class
37	0.65784	0.87191	0.08846	0.01635	1.000	Tax Rate
37	0.32895	0.85465	0.09023	0.01744	1.000	90.0104%
37	0.49992	0.85290	0.12421	0.01950	1.000	21,174,263.21
37	0.67851	0.85600	0.05087	0.01621	1.000	19.61
37	0.34023	0.83721	0.07895	0.01744	1.000	5.3988%
37	0.52632	0.83576	0.09962	0.02035	1.000	64,763,998
37	0.67854	0.83716	0.05269	0.01900	1.000	19.61
37	0.33835	0.81977	0.08083	0.01744	1.000	1.6667%
37	0.52629	0.81823	0.10155	0.01906	1.000	19,994,000
37	0.67849	0.81963	0.05279	0.01772	1.000	19.61
37	0.33835	0.80233	0.08271	0.01744	1.000	2.9241%
37	0.52440	0.80076	0.10157	0.01912	1.000	35,078,223
37	0.67857	0.80233	0.05263	0.01890	1.000	19.61
37	0.33451	0.78609	0.08662	0.01648	1.000	100.0000
37	0.49990	0.78158	0.12615	0.02113	1.000	1,199,604,323
37	0.67850	0.78476	0.05277	0.01769	1.000	19.61
37	0.11459	0.70327	0.10164	0.01934	1.000	Fiscal Year
37	0.11466	0.68605	0.03947	0.01744	0.500	(%)
37	0.11466	0.67006	0.04699	0.01744	1.000	2016
37	0.11462	0.65256	0.04707	0.01901	1.000	2015
37	0.11466	0.63517	0.04699	0.01599	1.000	2014
37	0.11466	0.61919	0.04699	0.01453	1.000	2013
37	0.11466	0.60174	0.04699	0.01453	1.000	2012
37	0.11466	0.58285	0.04699	0.01744	1.000	2011
37	0.11461	0.56676	0.04710	0.01473	1.000	2010
37	0.23681	0.70341	0.08652	0.01905	1.000	Tax Rate
37	0.40414	0.73401	0.24812	0.02045	1.000	Valuation and Tax History
37	0.36829	0.70291	0.13748	0.02005	1.000	Total Valuation
37	0.55822	0.70333	0.08470	0.01776	1.000	Accounts
37	0.23676	0.66557	0.05656	0.02206	1.000	19.61
37	0.24431	0.65108	0.05461	0.02051	1.000	18.32
37	0.24244	0.63365	0.05083	0.01759	1.000	17.99
37	0.24236	0.61608	0.05100	0.01929	1.000	17.30
37	0.24248	0.59884	0.04887	0.01599	1.000	16.83
37	0.24044	0.58113	0.05295	0.01943	1.000	16.16
37	0.23684	0.56395	0.05263	0.01744	1.000	14.20
37	0.36839	0.66846	0.12413	0.01773	1.000	1,199,604,323
37	0.36838	0.65098	0.12415	0.01926	1.000	1,146,501,536
37	0.37015	0.63303	0.12059	0.01737	1.000	1,127,633,052
37	0.37019	0.61577	0.12240	0.01701	1.000	1,131,029,744
37	0.37025	0.59862	0.12039	0.01641	1.000	1,120,966,561
37	0.36833	0.57958	0.12612	0.01962	1.000	1,114,282,889
37	0.36840	0.56241	0.12598	0.01907	1.000	1,227,274,404
37	0.56015	0.66715	0.05451	0.02035	1.000	5,008
37	0.56203	0.64971	0.05263	0.02035	1.000	5,062
37	0.56391	0.63227	0.05075	0.01890	1.000	5,092
37	0.56391	0.61628	0.05075	0.01890	1.000	5,054
37	0.56391	0.59738	0.04887	0.01890	1.000	5,351
37	0.56391	0.57994	0.05075	0.02035	1.000	5,185
37	0.56203	0.56250	0.05263	0.02035	1.000	5,028
37	0.66906	0.70174	0.08668	0.01949	1.000	Tax Levy
37	0.66149	0.66509	0.12816	0.02302	1.000	23,524,240.77
37	0.66720	0.64934	0.12614	0.02108	1.000	21,003,908.13
37	0.66911	0.63200	0.12230	0.01797	1.000	20,286,118.60
37	0.66909	0.61448	0.12422	0.01814	1.000	19,566,814.57
37	0.66917	0.59884	0.12218	0.01599	1.000	18,865,867.23
37	0.66912	0.58113	0.12229	0.01652	1.000	18,006,811.48
37	0.66917	0.56250	0.12406	0.01744	1.000	17,427,296.54
37	0.11466	0.47965	0.28008	0.01599	1.000	Property Class Code/Description
37	0.11654	0.46221	0.25752	0.01599	1.000	101 Residential Single Family
37	0.11654	0.44767	0.26880	0.01314	1.000	102 Residential Condominiums
37	0.11452	0.42695	0.27846	0.01802	1.000	012 - 043 Mixed Use Properties
37	0.11654	0.40988	0.24248	0.01599	1.000	104 Residential Two Family
37	0.11654	0.39236	0.25376	0.01612	1.000	105 Residential Three Family
37	0.11466	0.37791	0.22556	0.01308	1.000	Miscellaneous Residential
37	0.11609	0.35593	0.19062	0.01965	1.000	111 - 125 Apartments
37	0.11466	0.34003	0.24248	0.01612	1.000	130 - 132, 106 Vacant Land
37	0.11466	0.32558	0.19737	0.01453	1.000	300 - 393 Commercial
37	0.11466	0.30669	0.17669	0.01599	1.000	400 - 442 Industrial
37	0.11466	0.28770	0.24436	0.01910	1.000	501 - 508 Personal Property
37	0.11466	0.27034	0.28008	0.02036	1.000	600 - 821 Chapter 61, 61A, 61B
37	0.11466	0.25291	0.12218	0.01744	1.000	Exempt 900's
37	0.11454	0.23794	0.08295	0.01540	1.000	TOTALS
37	0.34023	0.51163	0.37594	0.01744	1.000	Fiscal Year 2016 Abstract of Assessments
37	0.49436	0.48110	0.05263	0.01599	1.000	Accts
37	0.60514	0.47906	0.13746	0.01863	1.000	Class Valuation
37	0.48684	0.46221	0.05263	0.01744	1.000	3,472
37	0.64286	0.46221	0.10902	0.01744	1.000	892,195,400
37	0.50188	0.44767	0.03759	0.01599	1.000	439
37	0.65206	0.44413	0.10002	0.02017	1.000	97,636,900
37	0.51316	0.43023	0.02632	0.01599	1.000	37
37	0.65408	0.42716	0.09785	0.01923	1.000	11,769,500
37	0.51316	0.41279	0.02632	0.01599	1.000	85
37	0.52256	0.39535	0.01504	0.01453	1.000	7
37	0.65226	0.40988	0.09962	0.01890	1.000	21,868,900
37	0.66342	0.39212	0.08857	0.01954	1.000	1,675,900
37	0.51316	0.37791	0.02632	0.01599	1.000	37
37	0.65386	0.37410	0.09830	0.02070	1.000	17,679,202
37	0.52256	0.36047	0.01504	0.01453	1.000	8
37	0.66332	0.35694	0.08878	0.02014	1.000	8,882,200
37	0.50188	0.34302	0.03759	0.01599	1.000	490
37	0.65222	0.34000	0.09970	0.01912	1.000	28,060,100
37	0.50376	0.32558	0.03571	0.01599	1.000	132
37	0.65226	0.32122	0.09962	0.02035	1.000	62,657,101
37	0.50752	0.30814	0.03195	0.01599	1.000	30
37	0.65411	0.30516	0.09779	0.01904	1.000	19,994,000
37	0.50000	0.28779	0.03947	0.02035	1.000	193
37	0.65216	0.28749	0.09981	0.01950	1.000	35,078,223
37	0.50564	0.27180	0.03383	0.01744	1.000	91
37	0.65970	0.27010	0.09226	0.01795	1.000	2,106,897
37	0.49812	0.25436	0.04135	0.01744	1.000	183
37	0.65220	0.25560	0.09974	0.01642	1.000	60,104,200
37	0.48308	0.23256	0.05639	0.02471	1.000	5,008
37	0.62587	0.23661	0.12608	0.01807	1.000	1,027,856,023
37	0.83647	0.87054	0.08835	0.01910	1.000	Tax Levy
37	0.81203	0.85465	0.12406	0.01599	1.000	21,174,252.48
37	0.82143	0.83721	0.11466	0.01599	1.000	1,270,022.00
37	0.83629	0.81777	0.09999	0.02143	1.000	392,082.34
37	0.83638	0.80058	0.10168	0.01948	1.000	687,883.95
37	0.81005	0.78160	0.12802	0.02110	1.000	23,524,240.77
37	0.83812	0.70155	0.07189	0.02133	1.000	Change
37	0.84956	0.66845	0.07532	0.01921	1.000	11.9993
37	0.86278	0.65116	0.06203	0.01890	1.000	3.5383
37	0.86278	0.63517	0.06203	0.01744	1.000	3.6765
37	0.86278	0.61773	0.06391	0.01744	1.000	3.7154
37	0.86278	0.59884	0.06391	0.01890	1.000	4.7707
37	0.86267	0.58263	0.06225	0.01934	1.000	3.3253
37	0.86462	0.56387	0.06212	0.01907	1.000	3.0275
37	0.83267	0.47953	0.09594	0.01913	1.000	Avg. Value
37	0.84395	0.46358	0.07525	0.01761	1.000	256,969
37	0.84391	0.44458	0.07535	0.01928	1.000	223,938
37	0.84393	0.42575	0.07530	0.02060	1.000	318,094
37	0.84379	0.40801	0.07370	0.02120	1.000	257,281
37	0.84388	0.39219	0.07540	0.01940	1.000	239,414
37	0.84388	0.37474	0.07541	0.01942	1.000	477,816
37	0.83077	0.35595	0.08847	0.02067	1.000	1,110,275
37	0.84956	0.33998	0.06968	0.01918	1.000	57,265
37	0.84372	0.32203	0.07571	0.02018	1.000	474,675
37	0.84384	0.30487	0.07549	0.01962	1.000	666,466
37	0.84586	0.28779	0.07143	0.01744	1.000	181,752
37	0.85523	0.27028	0.06398	0.01904	1.000	23,152
37	0.51692	0.07122	0.02444	0.01599	1.000	37
38	0.40977	0.93304	0.24060	0.02045	1.000	BOARD OF ASSESSORS
38	0.11649	0.80941	0.10349	0.01926	1.000	Description
38	0.11842	0.79215	0.16729	0.02035	1.000	Assessor's Overlay
38	0.11842	0.77604	0.14286	0.01466	1.000	Overlay Deficits
38	0.11842	0.75868	0.18233	0.01612	1.000	Charges to 6/30/2016
38	0.11842	0.73834	0.17105	0.02038	1.000	Released to Surplus
38	0.11832	0.72198	0.12049	0.01825	1.000	Total Balance
38	0.11463	0.64961	0.10345	0.02200	1.000	Fiscal Year
38	0.11647	0.63505	0.04902	0.01769	1.000	2016
38	0.11654	0.61773	0.04699	0.01744	1.000	2015
38	0.11654	0.59884	0.04699	0.01744	1.000	2014
38	0.11631	0.58099	0.04745	0.01680	1.000	2013
38	0.11466	0.56250	0.04887	0.01744	1.000	2012
38	0.11466	0.54506	0.04887	0.01744	1.000	2011
38	0.11466	0.52471	0.05075	0.01890	1.000	2010
38	0.29323	0.84301	0.47368	0.01891	1.000	Assessor's Account for Exemptions and Abatements
38	0.35514	0.80933	0.07543	0.02088	1.000	FY2016
38	0.47355	0.81071	0.07546	0.01956	1.000	FY2015
38	0.70862	0.81097	0.10343	0.01905	1.000	Prior Years
38	0.35709	0.79200	0.09785	0.02065	1.000	140,212.29
38	0.47357	0.79178	0.10173	0.01963	1.000	207,330.39
38	0.40789	0.77616	0.03008	0.01599	1.000	-0-
38	0.52632	0.77616	0.03008	0.01890	1.000	-0-
38	0.35821	0.75483	0.09897	0.02242	1.000	118,903.55
38	0.47359	0.75553	0.09981	0.02091	1.000	133,262.09
38	0.40602	0.74128	0.03195	0.01308	1.000	-0-
38	0.52632	0.74128	0.03008	0.01599	1.000	-0-
38	0.36651	0.71941	0.09028	0.02194	1.000	21,308.74
38	0.48496	0.71948	0.09023	0.02035	1.000	74,068.30
38	0.71970	0.71884	0.09256	0.02162	1.000	26,760.88
38	0.24806	0.65087	0.15238	0.02093	1.000	Added Valuation
38	0.27815	0.63356	0.10159	0.01776	1.000	19,697,681
38	0.27998	0.61593	0.09982	0.01813	1.000	14,590,507
38	0.27992	0.59538	0.09806	0.01854	1.000	17,200,564
38	0.28005	0.57841	0.09968	0.01906	1.000	19,124,255
38	0.28000	0.56082	0.09977	0.01936	1.000	27,729,619
38	0.28936	0.54184	0.09046	0.02098	1.000	3,291,045
38	0.28383	0.52471	0.09023	0.02035	1.000	9,982,315
38	0.59196	0.81071	0.07547	0.01958	1.000	FY2014
38	0.59388	0.79323	0.09984	0.01820	1.000	145,256.60
38	0.64286	0.77616	0.03008	0.01744	1.000	-0-
38	0.59386	0.75544	0.09988	0.02110	1.000	123,225.96
38	0.64098	0.73983	0.03383	0.01744	1.000	-0-
38	0.59570	0.71761	0.09807	0.02408	1.000	22,030.64
38	0.42857	0.68304	0.20301	0.01910	1.000	New Growth Revenue
38	0.48872	0.65104	0.08271	0.01910	1.000	Tax Rate
38	0.51504	0.63372	0.05263	0.01890	1.000	18.32
38	0.51692	0.61628	0.05075	0.01890	1.000	17.99
38	0.51692	0.59738	0.05075	0.01890	1.000	17.30
38	0.51692	0.57994	0.05263	0.01744	1.000	16.83
38	0.51686	0.56095	0.05275	0.01909	1.000	16.16
38	0.51692	0.54506	0.05263	0.01744	1.000	14.20
38	0.51692	0.52616	0.05263	0.01744	1.000	13.04
38	0.63158	0.64971	0.13534	0.02043	1.000	New Revenues
38	0.68411	0.63345	0.07540	0.01798	1.000	360,856
38	0.68421	0.61483	0.07331	0.01890	1.000	262,484
38	0.68403	0.59554	0.07179	0.02112	1.000	297,571
38	0.68396	0.57793	0.07568	0.02146	1.000	321,862
38	0.68421	0.56105	0.07331	0.01890	1.000	448,111
38	0.68609	0.54360	0.07143	0.01890	1.000	188,732
38	0.68592	0.52435	0.07364	0.02107	1.000	130,170
38	0.84211	0.81105	0.06203	0.01890	1.000	Totals
38	0.82328	0.71939	0.10720	0.02052	1.000	144,168.56
38	0.79689	0.64937	0.10736	0.02103	1.000	Change (%)
38	0.87590	0.63509	0.05084	0.01615	1.000	37.48
38	0.86815	0.61431	0.06068	0.01993	1.000	-11.79
38	0.87970	0.59738	0.04887	0.01744	1.000	-7.55
38	0.87782	0.57994	0.05451	0.01890	1.000	28.17
38	0.86839	0.56098	0.06210	0.01903	1.000	137.43
38	0.87594	0.54506	0.05639	0.01744	1.000	44.98
38	0.88534	0.52616	0.04887	0.01744	1.000	-5.78
38	0.38910	0.43452	0.28195	0.02187	1.000	Lunenburg Board of Assessors
38	0.41353	0.41567	0.23120	0.02183	1.000	Louis J. Franco, Chairman
38	0.40602	0.39826	0.24812	0.02188	1.000	Richard H. Letarte, Member
38	0.39286	0.38070	0.27444	0.01910	1.000	Matthew J. Papini, Sr., Member
38	0.17105	0.34884	0.29323	0.02046	1.000	Harald Scheid, Regional Assessor
38	0.54323	0.34738	0.34586	0.02191	1.000	Rebecca A. Boucher, Regional Assessor
38	0.35150	0.31250	0.35526	0.01744	1.000	Louise Paquette, Administrative Assessor
38	0.35150	0.29360	0.35526	0.01744	1.000	Sheila Craigen, Principal Assessing Clerk
38	0.42857	0.27604	0.20113	0.01761	1.000	Dale Erskine, Inspector
38	0.51880	0.07267	0.02068	0.01163	1.000	38
39	0.40226	0.93169	0.25564	0.01896	1.000	TOWN OF LUNENBURG
39	0.38158	0.90988	0.29511	0.01599	1.000	Treasurer's Cash as of 6/30/2016
39	0.26128	0.84593	0.27820	0.01744	1.000	Belmont Savings Bank Investment
39	0.26128	0.82267	0.34586	0.01890	1.000	Belmont Savings Bank School Construction
39	0.26128	0.79936	0.21053	0.01761	1.000	Century Bank Investment
39	0.26128	0.77604	0.23684	0.01910	1.000	Century Bank Security Street
39	0.26128	0.75436	0.23120	0.01746	1.000	Commerce Bank Investment
39	0.26128	0.72965	0.27444	0.01744	1.000	Eastern Bank School Activity Fees
39	0.26128	0.70635	0.23120	0.01761	1.000	Enterprise Bank Investment
39	0.26128	0.68452	0.21992	0.01761	1.000	Fidelity Bank ARRA EECBG
39	0.25940	0.66134	0.20865	0.01599	1.000	Fidelity Bank Investment
39	0.26128	0.63808	0.25188	0.01599	1.000	Fidelity Bank Sewer Enterprise
39	0.26128	0.61334	0.24812	0.01747	1.000	Fidelity Bank Trash Enterprise
39	0.26128	0.59152	0.25188	0.01612	1.000	Fidelity Bank Water Enterprise
39	0.26128	0.56686	0.23872	0.01746	1.000	Fidelity Bank Sewer Hook-Up
39	0.26128	0.54506	0.21053	0.01599	1.000	Fidelity Bank EOCD Grant
39	0.26128	0.52180	0.21617	0.01599	1.000	Fidelity Bank Senior Grant
39	0.26128	0.50000	0.30827	0.01314	1.000	Harbor One Bank School Construction
39	0.26128	0.47384	0.34023	0.01599	1.000	Mass Municipal Depository Trust (MMDT)
39	0.26128	0.45058	0.22556	0.01744	1.000	MMDT Highway Bond Issue
39	0.26128	0.42733	0.19925	0.01744	1.000	MMDT Playground Fund
39	0.26128	0.40551	0.15789	0.01463	1.000	MMDT Arts Lottery
39	0.26128	0.38219	0.34398	0.01612	1.000	North Middlesex Savings Bank Investment
39	0.26128	0.36037	0.21617	0.01463	1.000	TD BankNorth Investment
39	0.26128	0.33430	0.28383	0.01744	1.000	TD BankNorth Zoning Stabilization
39	0.26128	0.31250	0.16541	0.01599	1.000	Unibank Depository
39	0.26128	0.28919	0.19361	0.01612	1.000	Unibank Money Market
39	0.26128	0.26587	0.26504	0.01761	1.000	Unibank Sewer Reserve Capacity
39	0.26128	0.24419	0.21429	0.01599	1.000	Webster Bank Investment
39	0.26128	0.22093	0.21429	0.01744	1.000	Bartholomew Trust Funds
39	0.26128	0.19767	0.26316	0.01745	1.000	Bartholomew Stabilization Fund
39	0.26128	0.17436	0.26316	0.01761	1.000	Touchstone Library Trust Funds
39	0.26128	0.12645	0.27820	0.01744	1.000	Total Cash per Treasurer 6/30/16
39	0.67669	0.84593	0.12030	0.01890	1.000	$3,056,644.21
39	0.70293	0.82244	0.09414	0.01937	1.000	$30,021.49
39	0.69169	0.79927	0.10535	0.01919	1.000	$156,972.71
39	0.70865	0.77616	0.09023	0.01890	1.000	$6,353.95
39	0.68981	0.75276	0.10911	0.01919	1.000	$262,313.56
39	0.69160	0.72921	0.10740	0.01979	1.000	$107,823.96
39	0.69164	0.70609	0.10732	0.01951	1.000	$159,259.94
39	0.72368	0.68459	0.07331	0.01890	1.000	$297.70
39	0.67663	0.65822	0.12231	0.02223	1.000	$1,732,956.10
39	0.69170	0.63655	0.10719	0.02051	1.000	$917,871.84
39	0.70290	0.61305	0.09607	0.01954	1.000	$28,967.20
39	0.70298	0.59004	0.09404	0.01906	1.000	$47,630.21
39	0.73684	0.56831	0.06015	0.01744	1.000	$20.13
39	0.70301	0.54215	0.09586	0.02035	1.000	$90,126.79
39	0.71221	0.51985	0.08685	0.02134	1.000	$1,686.25
39	0.67843	0.49652	0.12059	0.02004	1.000	$5,098,303.53
39	0.69165	0.47357	0.10730	0.01944	1.000	$218,104.53
39	0.71053	0.44913	0.08835	0.02180	1.000	$2,684.45
39	0.73491	0.42723	0.06401	0.01909	1.000	$77.69
39	0.70841	0.40336	0.09070	0.02031	1.000	$7,568.75
39	0.69169	0.38070	0.10722	0.02058	1.000	$767,921.95
39	0.70285	0.35706	0.09619	0.01989	1.000	$56,204.86
39	0.69173	0.33430	0.10714	0.01890	1.000	$227,884.96
39	0.68788	0.31078	0.11108	0.02234	1.000	$283,809.47
39	0.67659	0.28744	0.12050	0.02105	1.000	$1,383,721.07
39	0.72368	0.26744	0.07519	0.01744	1.000	$617.87
39	0.69737	0.24273	0.09962	0.01890	1.000	$36,322.05
39	0.68793	0.21790	0.10910	0.02060	1.000	$949,365.51
39	0.67655	0.19567	0.12246	0.01999	1.000	$1,511,526.92
39	0.69925	0.17297	0.09962	0.01890	1.000	$20,464.73
39	0.65410	0.12339	0.14482	0.02212	1.000	$17,163,524.38
39	0.51316	0.07122	0.02632	0.01453	1.000	39
40	0.09009	0.81941	0.05238	0.01907	1.000	ACCOUNT
40	0.09294	0.80231	0.04668	0.02131	1.000	NUMBER
40	0.21072	0.81182	0.05531	0.01733	1.000	FUND NAME
40	0.35174	0.85714	0.03924	0.01880	1.000	EY 2016
40	0.34153	0.81930	0.05677	0.01742	1.000	BEGINNING
40	0.34448	0.80451	0.05087	0.01504	1.000	PRINCIPAL
40	0.42151	0.85714	0.03779	0.01880	1.000	EY 2016
40	0.48837	0.85714	0.03779	0.01880	1.000	EY 2016
40	0.54942	0.85714	0.03924	0.01880	1.000	EY 2016
40	0.61192	0.85714	0.03779	0.01880	1.000	EY 2016
40	0.67733	0.85714	0.03634	0.01705	1.000	EX 2016
40	0.74564	0.85714	0.03634	0.01705	1.000	EX 2016
40	0.81974	0.85705	0.03639	0.01710	1.000	EX 2016
40	0.41132	0.81947	0.05672	0.01896	1.000	BEGINNING
40	0.46508	0.82497	0.07275	0.02110	1.000	CONTRIBUTE
40	0.55233	0.81955	0.02762	0.01692	1.000	NET
40	0.59877	0.82670	0.05681	0.01765	1.000	DISBURSE
40	0.60756	0.81203	0.03779	0.01692	1.000	FROM
40	0.65552	0.81955	0.14099	0.02448	1.000	TRANSFERS ENDING CASH
40	0.79939	0.81936	0.06837	0.01730	1.000	UNREALIZED
40	0.41128	0.80231	0.05390	0.01756	1.000	EARNINGS
40	0.47965	0.79685	0.24128	0.02471	1.000	PRINCIPAL EARNINGS PRINCIPAL EARNINGS
40	0.74564	0.80451	0.03488	0.01504	1.000	VALUE
40	0.81096	0.80215	0.05396	0.01789	1.000	GAINLOSS
40	0.19331	0.73492	0.09302	0.02086	1.000	CEMETERY FUNDS
40	0.14099	0.69737	0.14099	0.02256	1.000	PERPETUAL CARE BEQUEST
40	0.14535	0.68036	0.10756	0.02279	1.000	C. ALLEN HEADSTONE
40	0.14244	0.66165	0.12791	0.02256	1.000	SALE OF CEMETERY LOTS
40	0.14244	0.61842	0.05959	0.01880	1.000	SUBTOTALS
40	0.18023	0.57510	0.11628	0.02086	1.000	CONSERVATION FUNDS
40	0.14535	0.54135	0.15698	0.01705	1.000	CONSERVATION LAND PURCHASE
40	0.14535	0.52246	0.13081	0.01513	1.000	R. BURTON CONSERVATION
40	0.14535	0.50376	0.13808	0.01692	1.000	H. BENJAMIN CONSERVATION
40	0.14535	0.48684	0.13663	0.01701	1.000	G. HUBBARD CONSERVATION
40	0.14390	0.46791	0.12936	0.01705	1.000	I. KIMBALL CONSERVATION
40	0.14529	0.42448	0.05680	0.01758	1.000	SUBTOTALS
40	0.34865	0.69830	0.05560	0.02069	1.000	$181,702.91
40	0.36628	0.68233	0.03634	0.01692	1.000	$100.00
40	0.34881	0.66338	0.05530	0.01911	1.000	$168,057.37
40	0.34884	0.61654	0.05523	0.02068	1.000	$349,860.28
40	0.42420	0.69650	0.04840	0.02242	1.000	$1, 135.04
40	0.43314	0.68233	0.03779	0.01880	1.000	$346.40
40	0.42131	0.66078	0.05128	0.02242	1.000	$28,278.89
40	0.42000	0.61814	0.05244	0.01936	1.000	$29, 760.33
40	0.49401	0.69677	0.04541	0.02375	1.000	$2,800.00
40	0.51017	0.68233	0.03052	0.01880	1.000	$0.00
40	0.48833	0.66149	0.05095	0.02101	1.000	$11,400.00
40	0.48686	0.61629	0.05245	0.02305	1.000	$14,200.00
40	0.55087	0.69737	0.04506	0.02068	1.000	$2,215.64
40	0.56831	0.68045	0.02762	0.02068	1.000	$5.03
40	0.55087	0.66165	0.04506	0.02068	1.000	$2, 380.33
40	0.54942	0.61842	0.04651	0.01880	1.000	$4,601.00
40	0.63227	0.69925	0.02907	0.01880	1.000	$0.00
40	0.63227	0.68233	0.02907	0.01880	1.000	$0.00
40	0.63227	0.66165	0.03052	0.02068	1.000	$0.00
40	0.63227	0.61654	0.03052	0.02068	1.000	$0.00
40	0.67731	0.69916	0.05236	0.01710	1.000	($2,702.66)
40	0.68749	0.68040	0.04218	0.01702	1.000	($100.00)
40	0.67436	0.66321	0.05535	0.01756	1.000	($25,000.00)
40	0.67442	0.61654	0.05523	0.01880	1.000	(527,802.66)
40	0.74264	0.69875	0.05396	0.01791	1.000	$185, 150.93
40	0.76017	0.68233	0.03634	0.01504	1.000	5351.43
40	0.74272	0.66158	0.05381	0.01707	1.000	$185, 116.59
40	0.74273	0.61842	0.05523	0.01701	1.000	$370, 618.95
40	0.82994	0.69925	0.04360	0.01692	1.000	$4,835.31
40	0.84738	0.68233	0.02616	0.01504	1.000	59.18
40	0.82994	0.66353	0.04506	0.01692	1.000	$4,834.41
40	0.82994	0.61654	0.04651	0.02256	1.000	59,678.90
40	0.35465	0.54135	0.04797	0.01692	1.000	$21,650.00
40	0.36617	0.52211	0.03655	0.01593	1.000	$501.48
40	0.36628	0.50564	0.03634	0.01504	1.000	$232.72
40	0.36628	0.48684	0.03634	0.01692	1.000	$161.70
40	0.37064	0.46992	0.03198	0.01504	1.000	$90.85
40	0.35465	0.42481	0.04797	0.01692	1.000	$22,636.75
40	0.41988	0.54039	0.05123	0.01884	1.000	$30,782.43
40	0.42437	0.52231	0.04660	0.01552	1.000	$1,258.10
40	0.43459	0.50376	0.03488	0.01692	1.000	5886. 69
40	0.43459	0.48684	0.03488	0.01692	1.000	$779.09
40	0.43459	0.46805	0.03488	0.01692	1.000	$391.21
40	0.42006	0.42481	0.04942	0.01692	1.000	$34,097.52
40	0.51163	0.54135	0.02616	0.01692	1.000	$0.00
40	0.51163	0.52256	0.02616	0.01504	1.000	$0.00
40	0.51157	0.50361	0.02627	0.01721	1.000	50.00
40	0.51163	0.48684	0.02616	0.01692	1.000	$0.00
40	0.51017	0.46805	0.02762	0.01692	1.000	$0.00
40	0.51015	0.42474	0.02767	0.01707	1.000	$0.00
40	0.55669	0.54135	0.03779	0.01692	1.000	$633.62
40	0.56250	0.52256	0.03052	0.01504	1.000	$21.29
40	0.56250	0.50564	0.03052	0.01504	1.000	$13.54
40	0.56250	0.48872	0.03198	0.01504	1.000	$11.37
40	0.56686	0.46805	0.02762	0.01692	1.000	$5.81
40	0.55669	0.42481	0.03779	0.01692	1.000	5685.63
40	0.63227	0.54135	0.02762	0.01504	1.000	$0.00
40	0.63227	0.52256	0.02762	0.01504	1.000	$0.00
40	0.63227	0.50564	0.02762	0.01504	1.000	$0.00
40	0.63227	0.48684	0.02762	0.01692	1.000	$0.00
40	0.63227	0.46805	0.02762	0.01692	1.000	$0.00
40	0.63222	0.42468	0.02771	0.01718	1.000	$0.00
40	0.69913	0.54135	0.02616	0.01504	1.000	$0.00
40	0.69913	0.52256	0.02616	0.01504	1.000	$0.00
40	0.69913	0.50564	0.02616	0.01504	1.000	$0.00
40	0.69913	0.48872	0.02616	0.01504	1.000	$0.00
40	0.69913	0.46992	0.02616	0.01504	1.000	$0.00
40	0.69913	0.42481	0.02616	0.01692	1.000	$0.00
40	0.74709	0.54135	0.04942	0.01692	1.000	$53,066.05
40	0.75140	0.52229	0.04517	0.01744	1.000	$1,780.87
40	0.75145	0.50564	0.04360	0.01504	1.000	$1, 132.95
40	0.76017	0.48684	0.03634	0.01692	1.000	$952.16
40	0.75872	0.46992	0.03779	0.01504	1.000	$487.87
40	0.74559	0.42460	0.05096	0.01922	1.000	$57, 419.90
40	0.82844	0.54113	0.04516	0.01736	1.000	$1,385.85
40	0.84157	0.52256	0.03198	0.01692	1.000	$46.51
40	0.84157	0.50564	0.03198	0.01504	1.000	$29.59
40	0.84157	0.48872	0.03198	0.01504	1.000	$24.87
40	0.84157	0.46992	0.03198	0.01504	1.000	$12.74
40	0.82849	0.42481	0.04506	0.01692	1.000	$1,499.56
40	0.20058	0.38158	0.07849	0.01701	1.000	LIBRARY FUNDS
40	0.14535	0.34586	0.14680	0.01518	1.000	CHARLES DICKERSON UBRARY
40	0.14535	0.32895	0.14099	0.01508	1.000	CATHERINE WATSON UBRARY
40	0.14535	0.31001	0.13663	0.01518	1.000	FRANCIS CALDWELL UBRARY
40	0.14535	0.29323	0.13953	0.01518	1.000	SUSAN DICKINSON LIBRARY B
40	0.14535	0.27439	0.14971	0.01508	1.000	EMMA DIMOND LIBRARY BOOKS
40	0.14535	0.25564	0.15843	0.01692	1.000	AUGUST TAYLORLIBRARY BOOKS
40	0.14535	0.23872	0.13663	0.01705	1.000	STEPHEN STICKNEY UBRARY
40	0.14535	0.21983	0.14680	0.01701	1.000	LIZZIE TAYLOR UBRARY BOOKS
40	0.14535	0.20301	0.13081	0.01504	1.000	EBENEZER BAILEY LIBRARY
40	0.14535	0.18609	0.12064	0.01513	1.000	LUCY GOODRICH LIBRARY
40	0.14535	0.16720	0.12064	0.01513	1.000	SUSAN HOWARD LIBRARY
40	0.14535	0.15038	0.15988	0.01504	1.000	ADIN& MAY ESTABROOK UBRARY
40	0.14680	0.13158	0.15116	0.01701	1.000	IRVIN & HAZEL KIMBALL UBRARY
40	0.14680	0.11457	0.18750	0.01513	1.000	ANNIE & ARTHUR BILLINGS CULTURAL TR
40	0.14533	0.06943	0.05672	0.01528	1.000	SUBTOTALS
40	0.35901	0.34586	0.04360	0.01504	1.000	$3,000.00
40	0.35901	0.32707	0.04360	0.01692	1.000	$2,000.00
40	0.36628	0.31015	0.03634	0.01504	1.000	5500.00
40	0.36623	0.29304	0.03643	0.01542	1.000	$500.00
40	0.36628	0.27444	0.03634	0.01504	1.000	$300.00
40	0.36628	0.25564	0.03634	0.01692	1.000	$300.00
40	0.35897	0.23852	0.04369	0.01543	1.000	$2,000.00
40	0.36628	0.21992	0.03634	0.01692	1.000	$300.00
40	0.36628	0.20301	0.03634	0.01504	1.000	5500.00
40	0.35900	0.18602	0.04363	0.01517	1.000	$1,000.00
40	0.36628	0.16729	0.03634	0.01504	1.000	5500.00
40	0.36628	0.14850	0.03634	0.01692	1.000	$200.00
40	0.35892	0.13118	0.04378	0.01771	1.000	$4,000.00
40	0.35310	0.11228	0.04962	0.01792	1.000	$18,896.01
40	0.35313	0.06916	0.04956	0.01581	1.000	$33,996.01
40	0.42442	0.34586	0.04506	0.01692	1.000	$1,479.64
40	0.43314	0.32895	0.03779	0.01504	1.000	5987.85
40	0.43459	0.31015	0.03634	0.01504	1.000	$248.30
40	0.43895	0.29135	0.03052	0.01692	1.000	$34.17
40	0.43459	0.27444	0.03634	0.01504	1.000	$148.55
40	0.43314	0.25564	0.03634	0.01692	1.000	$148.41
40	0.43459	0.23872	0.03634	0.01504	1.000	5995.83
40	0.43895	0.21992	0.03052	0.01692	1.000	$20.48
40	0.43459	0.20301	0.03488	0.01504	1.000	$319.44
40	0.43459	0.18609	0.03488	0.01504	1.000	$634.07
40	0.43459	0.16729	0.03634	0.01504	1.000	$319.93
40	0.43314	0.15038	0.03634	0.01504	1.000	$126.29
40	0.43895	0.13158	0.03052	0.01692	1.000	$55.96
40	0.42578	0.11238	0.04379	0.01773	1.000	$3,637.11
40	0.42585	0.06946	0.04364	0.01521	1.000	$9, 156.03
40	0.51163	0.34586	0.02616	0.01504	1.000	$0.00
40	0.51017	0.32707	0.02762	0.01692	1.000	50.00
40	0.51155	0.30993	0.02631	0.01547	1.000	$0.00
40	0.51158	0.29123	0.02626	0.01717	1.000	$0.00
40	0.51163	0.27256	0.02616	0.01692	1.000	50.00
40	0.51157	0.25548	0.02629	0.01724	1.000	$0.00
40	0.51161	0.23865	0.02621	0.01517	1.000	$0.00
40	0.51158	0.21977	0.02627	0.01534	1.000	$0.00
40	0.51017	0.20301	0.02762	0.01504	1.000	$0.00
40	0.51015	0.18415	0.02766	0.01703	1.000	50.00
40	0.51159	0.16719	0.02623	0.01525	1.000	$0.00
40	0.51163	0.14850	0.02616	0.01692	1.000	$0.00
40	0.51163	0.13158	0.02616	0.01692	1.000	$0.00
40	0.51156	0.11260	0.02630	0.01728	1.000	$0.00
40	0.51017	0.06955	0.02762	0.01504	1.000	$0.00
40	0.56250	0.34586	0.03198	0.01504	1.000	$54.11
40	0.56244	0.32872	0.03211	0.01550	1.000	$36.12
40	0.56686	0.31015	0.02762	0.01504	1.000	$9.03
40	0.56686	0.29135	0.02616	0.01692	1.000	56.45
40	0.56686	0.27444	0.02762	0.01504	1.000	$5.43
40	0.56686	0.25564	0.02762	0.01692	1.000	$5.43
40	0.56250	0.23872	0.03198	0.01504	1.000	$36.21
40	0.56831	0.21992	0.02616	0.01692	1.000	$3.87
40	0.56686	0.20301	0.02762	0.01692	1.000	$9.90
40	0.56250	0.18609	0.03198	0.01504	1.000	$19.73
40	0.56686	0.16729	0.02762	0.01504	1.000	$9.90
40	0.56831	0.14850	0.02616	0.01692	1.000	$3.96
40	0.56250	0.13158	0.03198	0.01692	1.000	549.01
40	0.55661	0.11252	0.03648	0.01745	1.000	$272.30
40	0.55653	0.06885	0.03811	0.01644	1.000	$521.45
40	0.63372	0.34586	0.02616	0.01504	1.000	$0.00
40	0.63227	0.32707	0.02762	0.01692	1.000	50.00
40	0.63227	0.31015	0.02762	0.01504	1.000	$0.00
40	0.63368	0.29124	0.02625	0.01714	1.000	$0.00
40	0.63227	0.27256	0.02762	0.01692	1.000	50.00
40	0.63227	0.25564	0.02762	0.01692	1.000	$0.00
40	0.63227	0.23872	0.02762	0.01504	1.000	$0.00
40	0.63227	0.21992	0.02762	0.01692	1.000	$0.00
40	0.63227	0.20301	0.02762	0.01504	1.000	$0.00
40	0.63227	0.18609	0.02762	0.01504	1.000	$0.00
40	0.63227	0.16729	0.02762	0.01504	1.000	$0.00
40	0.63227	0.14850	0.02762	0.01692	1.000	50.00
40	0.63227	0.13158	0.02762	0.01692	1.000	$0.00
40	0.63222	0.11265	0.02772	0.01719	1.000	$0.00
40	0.63227	0.06955	0.02762	0.01504	1.000	$0.00
40	0.69913	0.34586	0.02616	0.01692	1.000	$0.00
40	0.69913	0.32895	0.02616	0.01692	1.000	$0.00
40	0.69913	0.31015	0.02616	0.01504	1.000	$0.00
40	0.69913	0.29323	0.02616	0.01504	1.000	$0.00
40	0.69913	0.27444	0.02616	0.01504	1.000	$0.00
40	0.69913	0.25752	0.02616	0.01504	1.000	$0.00
40	0.69913	0.24060	0.02616	0.01504	1.000	$0.00
40	0.69913	0.22180	0.02616	0.01504	1.000	$0.00
40	0.69913	0.20301	0.02616	0.01692	1.000	$0.00
40	0.69913	0.18609	0.02616	0.01504	1.000	$0.00
40	0.69913	0.16729	0.02616	0.01504	1.000	$0.00
40	0.69913	0.15038	0.02616	0.01504	1.000	$0.00
40	0.69913	0.13158	0.02616	0.01692	1.000	$0.00
40	0.69913	0.11466	0.02616	0.01504	1.000	$0.00
40	0.69913	0.06955	0.02616	0.01504	1.000	$0.00
40	0.75145	0.34586	0.04506	0.01692	1.000	$4,533.75
40	0.75145	0.32895	0.04506	0.01504	1.000	$3,023.97
40	0.75872	0.31015	0.03779	0.01504	1.000	$757.33
40	0.76017	0.29323	0.03634	0.01504	1.000	$540.62
40	0.76017	0.27444	0.03634	0.01504	1.000	$453.98
40	0.76017	0.25752	0.03488	0.01504	1.000	$453.84
40	0.75142	0.23855	0.04513	0.01726	1.000	$3,032.04
40	0.76017	0.21992	0.03634	0.01692	1.000	$324.35
40	0.75872	0.20301	0.03779	0.01692	1.000	$829.34
40	0.75141	0.18584	0.04515	0.01553	1.000	$1,653.80
40	0.76005	0.16676	0.03659	0.01611	1.000	5829.83
40	0.75868	0.15022	0.03934	0.01912	1.000	$330.25
40	0.75142	0.13143	0.04513	0.01722	1.000	54, 104.97
40	0.74709	0.11278	0.04942	0.01692	1.000	$22,805.42
40	0.74709	0.06767	0.05087	0.02068	1.000	543,673.49
40	0.83576	0.34586	0.03779	0.01692	1.000	$118.40
40	0.84012	0.32895	0.03343	0.01692	1.000	$78.97
40	0.84157	0.31015	0.03198	0.01692	1.000	$19.78
40	0.84157	0.29323	0.03198	0.01692	1.000	$14.12
40	0.84157	0.27444	0.03198	0.01504	1.000	$11.86
40	0.84157	0.25564	0.03198	0.01692	1.000	$11.85
40	0.84157	0.23872	0.03198	0.01692	1.000	$79.18
40	0.84738	0.21992	0.02616	0.01692	1.000	$8.47
40	0.84157	0.20301	0.03198	0.01692	1.000	$21.66
40	0.84157	0.18609	0.03198	0.01504	1.000	$43.19
40	0.84157	0.16729	0.03198	0.01504	1.000	$21.67
40	0.84738	0.14850	0.02616	0.01692	1.000	$8.62
40	0.83721	0.13158	0.03634	0.01692	1.000	$107.20
40	0.83721	0.11466	0.03488	0.01504	1.000	$595.57
40	0.82849	0.06955	0.04651	0.01880	1.000	$1,140.54
40	0.89535	0.85714	0.03634	0.01705	1.000	EY 2016
40	0.89384	0.82686	0.03790	0.01733	1.000	ENDING
40	0.89091	0.81167	0.04377	0.01763	1.000	MARKET
40	0.89532	0.79689	0.03349	0.01525	1.000	VALUE
40	0.89384	0.69898	0.05388	0.01746	1.000	$189,986.24
40	0.90988	0.68233	0.03779	0.01692	1.000	$360.61
40	0.89378	0.66292	0.05400	0.01814	1.000	$189,951.00
40	0.89388	0.61835	0.05526	0.01894	1.000	$380,297.85
40	0.89675	0.54108	0.05098	0.01747	1.000	$54,451.90
40	0.90256	0.52232	0.04516	0.01739	1.000	$1,827.38
40	0.90256	0.50536	0.04517	0.01559	1.000	$1, 162.54
40	0.90988	0.48872	0.03634	0.01504	1.000	$977.03
40	0.90969	0.46906	0.03818	0.01677	1.000	$500.61
40	0.89670	0.42607	0.05108	0.01628	1.000	$58,919.46
40	0.90407	0.34586	0.04360	0.01692	1.000	$4,652.15
40	0.90262	0.32895	0.04506	0.01504	1.000	$3,102.94
40	0.90988	0.31015	0.03779	0.01692	1.000	$777.11
40	0.90986	0.29314	0.03784	0.01711	1.000	$554.74
40	0.90988	0.27444	0.03779	0.01692	1.000	$465.84
40	0.90988	0.25752	0.03634	0.01504	1.000	$465.69
40	0.90407	0.23872	0.04360	0.01692	1.000	$3,111.22
40	0.90988	0.21992	0.03634	0.01692	1.000	$332.82
40	0.90988	0.20301	0.03779	0.01692	1.000	$851.00
40	0.90262	0.18421	0.04506	0.01880	1.000	$1,696.99
40	0.90988	0.16729	0.03779	0.01692	1.000	$851.50
40	0.90988	0.14850	0.03634	0.01880	1.000	$338.87
40	0.90262	0.13158	0.04506	0.01692	1.000	$4,212.17
40	0.89680	0.11457	0.05087	0.01513	1.000	$23, 400.99
40	0.89673	0.06732	0.05103	0.01950	1.000	$44,814.03
41	0.18750	0.83825	0.10320	0.02086	1.000	SCHOLARSHIP FUNDS
41	0.14680	0.79685	0.16424	0.01705	1.000	CHESTER MOSSMAN TEEN CENTER
41	0.14680	0.77439	0.16715	0.01701	1.000	GEORGE WAKEFIELD SCHOLARSHIP
41	0.14680	0.75376	0.13663	0.01692	1.000	MABEL ALLEN SCHOOL PRIZE
41	0.14535	0.73107	0.13372	0.01893	1.000	JOSEPH HARWOOD SCHOOL
41	0.14680	0.70860	0.15262	0.01893	1.000	LUNENBURG ATHLETIC BOOSTER
41	0.14680	0.68985	0.16279	0.01692	1.000	TIMOTHY J STANLEY SCHOLARSHIP
41	0.14680	0.66720	0.13808	0.01701	1.000	RYAN BUSQUE SCHOLARSHIP
41	0.14678	0.64460	0.07271	0.01718	1.000	PHILIP CROUSE
41	0.14535	0.62406	0.17733	0.01692	1.000	DORA HAVEN COWDRY SCHOLARSHIP
41	0.14535	0.60141	0.17297	0.01893	1.000	BETH N CURTIS MEMORIAL SCHOLAR
41	0.14535	0.58083	0.15843	0.01705	1.000	BARBARA NELSON SCHOLARSHIP
41	0.14531	0.52610	0.05676	0.01735	1.000	SUBTOTALS
41	0.18169	0.47368	0.11773	0.01701	1.000	MISCELLANEOUS FUNDS
41	0.14535	0.43036	0.11919	0.01701	1.000	AMERICAN LEGION POOR
41	0.14390	0.40789	0.14535	0.01893	1.000	J & M HOWARD SDWLK / GRDS
41	0.14535	0.38722	0.11192	0.01692	1.000	WORTHY POOR INCOME
41	0.14535	0.36457	0.11047	0.01893	1.000	GAZEBO RESTORATION
41	0.14535	0.34398	0.11192	0.01705	1.000	LUNENBURG POST #283
41	0.14531	0.28923	0.05677	0.01741	1.000	SUBTOTALS
41	0.18459	0.23684	0.10901	0.01893	1.000	STABILIZATION FUNDS
41	0.14526	0.19485	0.06850	0.01820	1.000	STABILIZATION
41	0.14381	0.13861	0.05830	0.01789	1.000	SUBTOTALS
41	0.14680	0.07510	0.07413	0.01701	1.000	GRAND TOTALS
41	0.35756	0.79699	0.04506	0.01692	1.000	$1,237.25
41	0.36468	0.77566	0.03809	0.01635	1.000	$210.48
41	0.36478	0.75545	0.03788	0.01541	1.000	$133.43
41	0.37064	0.73308	0.03052	0.01692	1.000	$16.77
41	0.35320	0.71053	0.04942	0.01692	1.000	$19,673.84
41	0.35756	0.68985	0.04506	0.01692	1.000	$3,251.67
41	0.35756	0.66729	0.04506	0.01692	1.000	$9,145.00
41	0.36919	0.64662	0.03198	0.01692	1.000	$66.69
41	0.34734	0.62566	0.05387	0.01560	1.000	$359,426.21
41	0.35756	0.60338	0.04506	0.01692	1.000	$4,970.13
41	0.35753	0.58071	0.04511	0.01714	1.000	$4,662.26
41	0.34730	0.52408	0.05685	0.02326	1.000	$402,793.73
41	0.43169	0.79887	0.03634	0.01504	1.000	$408.71
41	0.44186	0.77444	0.02762	0.01692	1.000	$1.08
41	0.43154	0.75498	0.03809	0.01635	1.000	$143.44
41	0.43169	0.73308	0.03779	0.01692	1.000	$250.16
41	0.43154	0.70997	0.03808	0.01802	1.000	$269.63
41	0.43750	0.68985	0.03198	0.01692	1.000	$45.33
41	0.42442	0.66729	0.04506	0.01692	1.000	$1,142.79
41	0.44186	0.64662	0.02762	0.01504	1.000	$1.82
41	0.42442	0.62594	0.04506	0.01504	1.000	$7,318.39
41	0.43750	0.60338	0.03198	0.01692	1.000	$68.44
41	0.43747	0.58258	0.03205	0.01528	1.000	$62.15
41	0.42436	0.52422	0.04662	0.02111	1.000	$9,711.94
41	0.36483	0.43045	0.03779	0.01692	1.000	$500.00
41	0.35745	0.40739	0.04528	0.01793	1.000	$5,000.00
41	0.35749	0.38692	0.04519	0.01752	1.000	$1,200.00
41	0.36483	0.36466	0.03924	0.02068	1.000	$100.00
41	0.35756	0.34398	0.04651	0.01880	1.000	$6,941.18
41	0.35320	0.28947	0.05087	0.02068	1.000	$13,741.18
41	0.42440	0.43038	0.04654	0.01893	1.000	$9,636.28
41	0.42006	0.40789	0.04942	0.01692	1.000	$13,026.57
41	0.42006	0.38722	0.04942	0.01692	1.000	$19,713.39
41	0.42442	0.36466	0.04651	0.02068	1.000	$8,604.65
41	0.43162	0.34374	0.03939	0.01930	1.000	$111.62
41	0.41997	0.28722	0.05105	0.02142	1.000	$51,092.51
41	0.34002	0.19127	0.06414	0.02348	1.000	$1,335,211.91
41	0.34003	0.13680	0.06413	0.02340	1.000	$1,335,211.91
41	0.42003	0.19349	0.05093	0.02092	1.000	$52,893.42
41	0.42006	0.13722	0.05087	0.02068	1.000	$52,893.42
41	0.34007	0.07491	0.06259	0.01748	1.000	$2, 158,239.86
41	0.41422	0.07506	0.05528	0.01717	1.000	$186,711.75
41	0.50859	0.79662	0.02788	0.01766	1.000	$0.00
41	0.50872	0.77632	0.02762	0.01504	1.000	$0.00
41	0.51017	0.75564	0.02616	0.01504	1.000	$0.00
41	0.50872	0.73308	0.02762	0.01692	1.000	$0.00
41	0.50857	0.71010	0.02792	0.01777	1.000	$0.00
41	0.50872	0.68985	0.02762	0.01692	1.000	$0.00
41	0.50863	0.66889	0.02780	0.01560	1.000	$0.00
41	0.51017	0.64662	0.02616	0.01504	1.000	$0.00
41	0.50872	0.62406	0.02762	0.01692	1.000	$0.00
41	0.50872	0.60338	0.02762	0.01692	1.000	$0.00
41	0.49842	0.58033	0.03805	0.01792	1.000	$165.00
41	0.49842	0.52408	0.03949	0.02328	1.000	$165.00
41	0.56101	0.79875	0.03060	0.01529	1.000	$19.87
41	0.56535	0.77613	0.02774	0.01542	1.000	$2.55
41	0.56541	0.75564	0.02616	0.01504	1.000	$3.78
41	0.56538	0.73302	0.02621	0.01704	1.000	$3.68
41	0.55523	0.71053	0.03634	0.01692	1.000	$237.12
41	0.56105	0.68985	0.03052	0.01692	1.000	$37.86
41	0.55523	0.66729	0.03634	0.01692	1.000	$123.22
41	0.56541	0.64662	0.02616	0.01504	1.000	$0.81
41	0.54797	0.62406	0.04360	0.01692	1.000	$4, 431.86
41	0.56105	0.60338	0.03052	0.01692	1.000	$57.40
41	0.56105	0.58083	0.03052	0.01692	1.000	$56.16
41	0.54797	0.52444	0.04506	0.02068	1.000	$4,974.31
41	0.51017	0.43045	0.02762	0.02068	1.000	$0.00
41	0.50872	0.40789	0.02762	0.01692	1.000	$0.00
41	0.50872	0.38722	0.02907	0.01880	1.000	$0.00
41	0.51017	0.36466	0.02762	0.02068	1.000	$0.00
41	0.50872	0.34398	0.02762	0.01692	1.000	$0.00
41	0.50872	0.28947	0.02907	0.02068	1.000	$0.00
41	0.55669	0.43045	0.03779	0.02068	1.000	$122.52
41	0.55523	0.40789	0.03779	0.01692	1.000	$217.84
41	0.55663	0.38703	0.03644	0.01729	1.000	$252.72
41	0.55518	0.36449	0.03935	0.02101	1.000	$105.19
41	0.56105	0.34398	0.03343	0.01880	1.000	$85.23
41	0.55523	0.28947	0.03924	0.02068	1.000	$783.50
41	0.48100	0.19306	0.05690	0.01990	1.000	$105,367.00
41	0.54214	0.19355	0.05235	0.01892	1.000	$18,054.59
41	0.48110	0.13722	0.05669	0.02068	1.000	$105,367.00
41	0.53634	0.13910	0.05814	0.01880	1.000	$18,054.59
41	0.48104	0.07485	0.05535	0.01759	1.000	$119,732.00
41	0.54206	0.07471	0.05106	0.01787	1.000	$29,620.48
41	0.63081	0.79699	0.02762	0.01692	1.000	$0.00
41	0.63081	0.77632	0.02762	0.01504	1.000	$0.00
41	0.63081	0.75564	0.02762	0.01504	1.000	$0.00
41	0.63067	0.73268	0.02791	0.01773	1.000	$0.00
41	0.61182	0.71006	0.04816	0.01785	1.000	($1,559.36)
41	0.62064	0.68985	0.03924	0.01692	1.000	($926.42)
41	0.63081	0.66729	0.02762	0.01692	1.000	$0.00
41	0.63081	0.64662	0.02762	0.01504	1.000	$0.00
41	0.63081	0.62594	0.02762	0.01504	1.000	$0.00
41	0.62064	0.60150	0.04070	0.01880	1.000	($888.37)
41	0.62064	0.57895	0.04070	0.01880	1.000	($896.91)
41	0.61047	0.52444	0.05233	0.02068	1.000	($4,271.06)
41	0.69622	0.79887	0.02762	0.01504	1.000	$0.00
41	0.69622	0.77632	0.02616	0.01692	1.000	$0.00
41	0.69178	0.75540	0.03068	0.01740	1.000	$70.50
41	0.69036	0.73292	0.03208	0.01725	1.000	$70.50
41	0.68443	0.70805	0.04102	0.01998	1.000	(5440.64)
41	0.68895	0.68797	0.03488	0.01880	1.000	($73.58)
41	0.68459	0.66541	0.04070	0.02068	1.000	($750.00)
41	0.69622	0.64662	0.02616	0.01504	1.000	$0.00
41	0.69622	0.62594	0.02616	0.01504	1.000	$0.00
41	0.68459	0.60150	0.04070	0.01880	1.000	($111.63)
41	0.68459	0.57895	0.04070	0.01880	1.000	($103.09)
41	0.67726	0.52414	0.04955	0.01939	1.000	($1,337.94)
41	0.74845	0.79656	0.04525	0.01778	1.000	$1,665.83
41	0.75727	0.77632	0.03634	0.01692	1.000	$214.11
41	0.75727	0.75564	0.03634	0.01692	1.000	$351.15
41	0.75727	0.73308	0.03634	0.01692	1.000	$341.11
41	0.74417	0.71043	0.04946	0.01710	1.000	$18,180.59
41	0.74851	0.68967	0.04514	0.01728	1.000	$2,334.86
41	0.74855	0.66729	0.04506	0.01692	1.000	$9,661.01
41	0.76163	0.64662	0.03198	0.01692	1.000	$69.32
41	0.73830	0.62548	0.05538	0.01596	1.000	$371,176.46
41	0.75000	0.60334	0.04360	0.01701	1.000	$4, 095.97
41	0.74853	0.58076	0.04509	0.01705	1.000	$3,945.57
41	0.73976	0.52414	0.05390	0.01939	1.000	$412,035.98
41	0.63081	0.43045	0.02907	0.01880	1.000	$0.00
41	0.63081	0.40789	0.02907	0.02068	1.000	$0.00
41	0.63081	0.38534	0.02907	0.02068	1.000	$0.00
41	0.63081	0.36466	0.02907	0.02068	1.000	$0.00
41	0.63081	0.34398	0.02907	0.01880	1.000	$0.00
41	0.63081	0.28947	0.02907	0.01880	1.000	$0.00
41	0.69767	0.43045	0.02762	0.01880	1.000	$0.00
41	0.69767	0.40789	0.02616	0.01692	1.000	$0.00
41	0.69767	0.38722	0.02616	0.01692	1.000	$0.00
41	0.69767	0.36654	0.02616	0.01692	1.000	$0.00
41	0.69759	0.34376	0.02634	0.01738	1.000	$0.00
41	0.69622	0.28947	0.02762	0.01692	1.000	$0.00
41	0.74416	0.43034	0.04947	0.01715	1.000	$10,258.80
41	0.74412	0.40756	0.04955	0.01759	1.000	$18,244.41
41	0.74419	0.38722	0.04942	0.01692	1.000	$21,166.11
41	0.75000	0.36466	0.04360	0.01692	1.000	58,809.84
41	0.74981	0.34135	0.04398	0.02032	1.000	$7, 138.03
41	0.74409	0.28899	0.04961	0.01788	1.000	$65,617.19
41	0.63081	0.19361	0.02907	0.02068	1.000	$0.00
41	0.63081	0.13910	0.02907	0.01880	1.000	$0.00
41	0.69767	0.19361	0.02616	0.01692	1.000	$0.00
41	0.69622	0.13910	0.02762	0.01692	1.000	$0.00
41	0.73256	0.19361	0.06105	0.01880	1.000	$1,511,526.92
41	0.72955	0.13661	0.06416	0.02001	1.000	$1,511,526.92
41	0.61159	0.07187	0.05153	0.02355	1.000	(54,271.06)
41	0.67292	0.07311	0.05241	0.01920	1.000	($29,140.60)
41	0.73251	0.07488	0.06115	0.01754	1.000	$2,460,892.43
41	0.83864	0.79880	0.03201	0.01517	1.000	$43.50
41	0.84302	0.77632	0.02762	0.01692	1.000	$5.59
41	0.84302	0.75564	0.02762	0.01692	1.000	$9.17
41	0.84302	0.73308	0.02762	0.01692	1.000	$8.91
41	0.83285	0.71053	0.03779	0.01692	1.000	$474.79
41	0.83866	0.68985	0.03198	0.01692	1.000	$60.98
41	0.83430	0.66729	0.03634	0.01692	1.000	$252.30
41	0.84302	0.64662	0.02762	0.01692	1.000	$1.81
41	0.82556	0.62399	0.04509	0.01707	1.000	$9,693.45
41	0.83267	0.60269	0.03815	0.01829	1.000	$106.97
41	0.83285	0.58083	0.03779	0.01692	1.000	$103.04
41	0.82266	0.52622	0.04800	0.01710	1.000	$10,760.51
41	0.83427	0.43033	0.03641	0.01717	1.000	$267.91
41	0.83427	0.40965	0.03786	0.01717	1.000	$476.46
41	0.83422	0.38693	0.03650	0.01750	1.000	$552.76
41	0.83429	0.36461	0.03637	0.01702	1.000	$230.07
41	0.83429	0.34394	0.03636	0.01701	1.000	$186.41
41	0.82703	0.28947	0.04360	0.01692	1.000	$1,713.61
41	0.82265	0.19347	0.04947	0.01719	1.000	$39,474.26
41	0.82261	0.13876	0.04956	0.01760	1.000	$39,474.26
41	0.82267	0.07519	0.04942	0.01692	1.000	$64,267.38
41	0.89968	0.79871	0.04512	0.01535	1.000	$1,709.33
41	0.90689	0.77600	0.03651	0.01755	1.000	$219.70
41	0.90698	0.75564	0.03634	0.01692	1.000	$360.32
41	0.90698	0.73308	0.03634	0.01692	1.000	$350.02
41	0.89390	0.71053	0.05087	0.01692	1.000	$18,655.38
41	0.89968	0.68970	0.04367	0.01721	1.000	$2,395.84
41	0.89971	0.66729	0.04360	0.01692	1.000	$9,913.31
41	0.91279	0.64662	0.03052	0.01692	1.000	$71.13
41	0.88952	0.62585	0.05381	0.01521	1.000	$380,869.91
41	0.89967	0.60323	0.04367	0.01722	1.000	$4,202.94
41	0.89969	0.58074	0.04510	0.01710	1.000	$4,048.61
41	0.89097	0.52623	0.05381	0.01710	1.000	$422,796.49
41	0.89534	0.43039	0.04799	0.01703	1.000	$10,526.71
41	0.89531	0.40769	0.04950	0.01733	1.000	$18,720.87
41	0.89524	0.38666	0.04964	0.01804	1.000	$21,718.87
41	0.89963	0.36429	0.04522	0.01767	1.000	$9,039.91
41	0.89970	0.34205	0.04508	0.01890	1.000	$7,324.44
41	0.89384	0.28921	0.05097	0.01744	1.000	$67,330.80
41	0.88223	0.19336	0.06258	0.01741	1.000	$1,551,001.18
41	0.88227	0.13910	0.06250	0.01692	1.000	$1,551,001.18
41	0.88220	0.07478	0.06263	0.01774	1.000	$2,525,159.81
42	0.10901	0.54511	0.02907	0.02444	1.000	8111
42	0.10901	0.52444	0.02907	0.02256	1.000	8126
42	0.10901	0.50188	0.02907	0.02444	1.000	8116
42	0.11047	0.48120	0.03052	0.02256	1.000	8116
42	0.10901	0.46053	0.02907	0.02444	1.000	8114
42	0.11047	0.43985	0.02616	0.02256	1.000	8129
42	0.11047	0.42105	0.02762	0.02068	1.000	6000
42	0.15116	0.59774	0.17733	0.02068	1.000	TRUST FUNDS HELD BY OTHER BANKS
42	0.14971	0.54511	0.11192	0.02260	1.000	ARTS LOTTERY (MMDT)
42	0.36047	0.54511	0.04651	0.02256	1.000	$6,902.40
42	0.14971	0.52439	0.13808	0.02260	1.000	PLAYGROUND TRUST (MMDT)
42	0.37209	0.52444	0.03343	0.02256	1.000	$77.69
42	0.14971	0.50376	0.16860	0.02256	1.000	MABEL ALLEN UNITIL STOCK #20376
42	0.36773	0.50376	0.03779	0.02068	1.000	$498.00
42	0.14680	0.48299	0.16424	0.02086	1.000	JOSEPH HARWOOD UNITIL STOCK
42	0.36757	0.48251	0.03812	0.01995	1.000	$480.48
42	0.14680	0.46241	0.13517	0.02256	1.000	TOUCHSTONE PHG FUNDS
42	0.35605	0.46222	0.04952	0.02293	1.000	$20,350.15
42	0.14680	0.43985	0.19477	0.02260	1.000	ZONING INCENTIVE STABILIZATION (TD BI
42	0.34296	0.44135	0.06118	0.01955	1.000	$227,542.95
42	0.14535	0.42105	0.13808	0.02068	1.000	SEWER RESERVE CAPACITY
42	0.37645	0.42105	0.02907	0.01880	1.000	$0.00
42	0.15112	0.37194	0.07566	0.02115	1.000	GRAND TOTALS
42	0.34006	0.37000	0.06552	0.02128	1.000	$2,414,091.53
42	0.49124	0.54683	0.04660	0.02100	1.000	$4,700.00
42	0.56105	0.54699	0.03052	0.01880	1.000	$26.35
42	0.49995	0.42087	0.03790	0.01917	1.000	$617.10
42	0.55503	0.46179	0.03966	0.02378	1.000	$114.58
42	0.55523	0.44173	0.03924	0.02068	1.000	$342.01
42	0.56395	0.42105	0.02907	0.02068	1.000	$0.77
42	0.41419	0.37001	0.06405	0.01938	1.000	$186,711.75
42	0.47529	0.37218	0.11628	0.01692	1.000	$125,049.10 $30,104.19
42	0.60901	0.54511	0.05378	0.02068	1.000	(54,318.00)
42	0.74683	0.54415	0.04705	0.02447	1.000	$7,310.75
42	0.75872	0.52444	0.03488	0.02256	1.000	$77.69
42	0.75436	0.50376	0.03924	0.02068	1.000	$498.00
42	0.75436	0.48308	0.03779	0.02068	1.000	$480.48
42	0.74128	0.46241	0.05087	0.02068	1.000	$20,464.73
42	0.73671	0.44078	0.05564	0.02258	1.000	$227,884.96
42	0.75436	0.42105	0.03779	0.02068	1.000	$617.87
42	0.61033	0.36963	0.05405	0.02014	1.000	($8,589.06)
42	0.66715	0.37030	0.12500	0.02068	1.000	($29,140.60) $2,718,226.91
42	0.89371	0.54267	0.04833	0.02744	1.000	$7,310.75
42	0.90552	0.52256	0.03634	0.02444	1.000	$77.69
42	0.90262	0.50376	0.03924	0.02256	1.000	$498.00
42	0.90242	0.48244	0.03964	0.02196	1.000	$480.48
42	0.89078	0.45971	0.05129	0.02419	1.000	$20,464.73
42	0.88659	0.44154	0.05532	0.02106	1.000	$227,884.96
42	0.90407	0.42105	0.03779	0.02068	1.000	$617.87
42	0.81831	0.37218	0.05233	0.01692	1.000	$64,267.38
42	0.86773	0.37030	0.07413	0.02068	1.000	$2,782,494.29
43	0.11842	0.93601	0.24060	0.01612	1.000	FIVE YEARS OUTSTANDING DEBT
43	0.38722	0.88953	0.03759	0.01453	1.000	2016
43	0.49806	0.88945	0.03771	0.01616	1.000	2015
43	0.11654	0.87500	0.18985	0.01599	1.000	Within the General Debt Limit
43	0.12406	0.85756	0.10714	0.01453	1.000	Sewers & Drains
43	0.12398	0.83832	0.10919	0.01668	1.000	Land Acquisition
43	0.12406	0.82122	0.05639	0.01599	1.000	Schools
43	0.12399	0.80212	0.09600	0.01931	1.000	Other Building
43	0.12406	0.78634	0.17669	0.01897	1.000	Streets Sidewalks & Parking
43	0.12406	0.76885	0.16917	0.01761	1.000	Departmental Equipment
43	0.12406	0.75291	0.20489	0.01599	1.000	Athletic & Recreational Facilities
43	0.12406	0.73537	0.22932	0.01910	1.000	Architectural & Engineering Services
43	0.11842	0.71503	0.22368	0.01761	1.000	Total Within the General Debt Limit
43	0.58635	0.90506	0.11865	0.01838	1.000	As of June 30, 2016
43	0.61654	0.89099	0.03759	0.01453	1.000	2014
43	0.74248	0.89099	0.03571	0.01453	1.000	2013
43	0.39467	0.85595	0.06591	0.01630	1.000	6,179,649
43	0.40211	0.83835	0.05856	0.01662	1.000	170,991
43	0.39457	0.82080	0.06612	0.01682	1.000	5,157,926
43	0.39474	0.80378	0.06579	0.01599	1.000	3,518,590
43	0.43609	0.78924	0.01692	0.00872	1.000	-
43	0.40602	0.77035	0.05639	0.01453	1.000	200,000
43	0.41353	0.75291	0.04887	0.01453	1.000	70,000
43	0.49244	0.85600	0.06963	0.01620	1.000	5,231,741
43	0.50367	0.83991	0.05844	0.01495	1.000	199,516
43	0.49432	0.82258	0.06774	0.01618	1.000	5,861,930
43	0.49622	0.80372	0.06584	0.01755	1.000	4,042,237
43	0.62399	0.85594	0.06592	0.01632	1.000	5,790,591
43	0.63339	0.83851	0.05653	0.01629	1.000	228,167
43	0.62396	0.82096	0.06787	0.01651	1.000	6,524,160
43	0.62406	0.80378	0.06579	0.01744	1.000	4,529,203
43	0.74622	0.85605	0.06771	0.01610	1.000	6,330,750
43	0.75562	0.83717	0.05831	0.01752	1.000	257,133
43	0.74620	0.82112	0.06775	0.01619	1.000	7,172,729
43	0.74624	0.80378	0.06767	0.01744	1.000	5,019,203
43	0.50540	0.76844	0.05875	0.01980	1.000	393,500
43	0.50552	0.75264	0.05851	0.01652	1.000	135,000
43	0.63337	0.77017	0.05844	0.01636	1.000	592,000
43	0.63515	0.75250	0.05677	0.01679	1.000	195,000
43	0.75749	0.77030	0.05645	0.01755	1.000	795,500
43	0.75750	0.75286	0.05643	0.01463	1.000	250,000
43	0.38519	0.71467	0.07737	0.01688	1.000	15,297,156
43	0.48678	0.71494	0.07719	0.01634	1.000	15,863,924
43	0.61638	0.71466	0.07551	0.01690	1.000	17,859,121
43	0.73872	0.71512	0.07519	0.01599	1.000	19,825,315
43	0.11842	0.68023	0.19361	0.01599	1.000	Outside the General Debt Limit
43	0.12400	0.66266	0.05088	0.01480	1.000	Sewers
43	0.12406	0.64535	0.05263	0.01453	1.000	Schools
43	0.12406	0.62645	0.04511	0.01599	1.000	Water
43	0.12406	0.61186	0.13910	0.01463	1.000	Other Outside General
43	0.11842	0.59152	0.22556	0.01463	1.000	Total Outside the General Debt Limit
43	0.38910	0.65988	0.07331	0.01890	1.000	2,732,944
43	0.38722	0.64535	0.07519	0.01453	1.000	33,000,000
43	0.39474	0.62645	0.06579	0.01599	1.000	1,054,441
43	0.40414	0.61047	0.05639	0.01744	1.000	102,145
43	0.38534	0.59012	0.07519	0.01744	1.000	36,889,530
43	0.49045	0.65953	0.07361	0.01960	1.000	2,883,415
43	0.48863	0.64366	0.07349	0.01791	1.000	29,605,000
43	0.49429	0.62769	0.06593	0.01351	1.000	1,070,392
43	0.50557	0.61177	0.05653	0.01629	1.000	133,472
43	0.48684	0.59157	0.07331	0.01453	1.000	33,692,279
43	0.62194	0.66075	0.07003	0.01861	1.000	3,031,094
43	0.74420	0.66091	0.06987	0.01685	1.000	3,177,822
43	0.62403	0.62784	0.06584	0.01468	1.000	1,085,675
43	0.63336	0.61168	0.05847	0.01501	1.000	164,340
43	0.62406	0.59157	0.06767	0.01453	1.000	4,281,109
43	0.74607	0.62602	0.06800	0.01685	1.000	1,100,317
43	0.75362	0.61157	0.05856	0.01523	1.000	195,212
43	0.74622	0.59152	0.06583	0.01608	1.000	4,473,351
43	0.12406	0.55378	0.19173	0.01453	1.000	Total Long-Term Indebtedness
43	0.35150	0.55378	0.01504	0.01453	1.000	$
43	0.38158	0.55378	0.18045	0.01453	1.000	52,186,686 $ 49,556,203
43	0.57519	0.55523	0.01504	0.01308	1.000	$
43	0.61060	0.55281	0.08143	0.01793	1.000	22,140,230
43	0.70301	0.55523	0.01504	0.01308	1.000	$
43	0.73677	0.55213	0.07909	0.01783	1.000	24,298,666
43	0.11842	0.51885	0.16165	0.01463	1.000	Short-Term Indebtedness
43	0.11842	0.50000	0.17481	0.01744	1.000	Revenue Anticipation Notes
43	0.11842	0.48256	0.15602	0.01744	1.000	Grant Anticipation Notes
43	0.11842	0.46652	0.15414	0.01612	1.000	Bond Anticipation Notes
43	0.43421	0.50145	0.01128	0.01163	1.000	-
43	0.53195	0.50000	0.01692	0.01453	1.000	-
43	0.75548	0.48094	0.05859	0.03521	1.000	115000
43	0.40393	0.46603	0.05493	0.01417	1.000	949,581
43	0.49620	0.46501	0.06588	0.01620	1.000	1,125,000
43	0.63327	0.46472	0.05866	0.01823	1.000	309,000
43	0.11842	0.43304	0.19549	0.01319	1.000	Total Short-Term Indebtedness
43	0.40602	0.43314	0.05263	0.01308	1.000	949,581
43	0.49622	0.43307	0.06772	0.01468	1.000	1,125,000
43	0.63338	0.43294	0.05654	0.01348	1.000	309,000
43	0.78383	0.43314	0.01692	0.01163	1.000	-
43	0.11842	0.39680	0.19737	0.01466	1.000	Total Outstanding Indebtedness
43	0.38534	0.39826	0.21429	0.01891	1.000	53,136,267 $ 50,681,203 5
43	0.61466	0.39826	0.20301	0.01891	1.000	22,449,230 $ 24,298,666
43	0.11654	0.36773	0.68421	0.01599	1.000	(1) Principal amount only. Excludes lease and installment purchase obligations, overlapping debt and unfunded pension liability.
43	0.12030	0.31969	0.37782	0.01612	1.000	Authorized Unissued Debt and Prospective Financing
43	0.11842	0.28919	0.29887	0.01463	1.000	The Town has the following authorized unissued debt:
43	0.37960	0.25994	0.05659	0.01501	1.000	Amount
43	0.60338	0.26163	0.05827	0.01308	1.000	Purpose
43	0.38722	0.24419	0.26316	0.02045	1.000	720,000.00 School Feasibility Study Bond
43	0.36842	0.22965	0.22368	0.01599	1.000	39,195,943.55 School Construction
43	0.43421	0.21657	0.01316	0.01017	1.000	-
43	0.46611	0.21348	0.10913	0.02071	1.000	Fire Equipment
43	0.38722	0.19913	0.18797	0.01890	1.000	479,915.00 Land Acquisition
43	0.38722	0.18601	0.20113	0.01314	1.000	378,347.00 Sewer Construction
43	0.38534	0.17151	0.20677	0.01453	1.000	300,000.00 Sewer Construction
43	0.37594	0.15402	0.26880	0.01761	1.000	4,000,000.00 Pavement Management Plan
43	0.38722	0.13953	0.25188	0.01599	1.000	770,000.00 Artificial Turf Field & Track
43	0.35150	0.10756	0.01504	0.01308	1.000	$
43	0.38719	0.10748	0.07524	0.01468	1.000	45,844,206
43	0.51692	0.07122	0.02444	0.01599	1.000	43
43	0.86466	0.88953	0.03759	0.01599	1.000	2012
43	0.87022	0.85590	0.06595	0.01639	1.000	6,855,871
43	0.87577	0.83969	0.06049	0.01539	1.000	287,133
43	0.87024	0.82252	0.06590	0.01484	1.000	7,848,229
43	0.86842	0.80523	0.06767	0.01744	1.000	5,519,203
43	0.87030	0.77035	0.06579	0.01599	1.000	1,000,000
43	0.87774	0.75269	0.05656	0.01352	1.000	305,000
43	0.86083	0.71491	0.07534	0.01641	1.000	21,815,436
43	0.86842	0.66134	0.06767	0.01599	1.000	3,323,639
43	0.87027	0.62783	0.06396	0.01324	1.000	1,114,345
43	0.87965	0.61179	0.05461	0.01333	1.000	226,084
43	0.87021	0.59270	0.06410	0.01226	1.000	4,664,068
43	0.86080	0.55489	0.07538	0.01377	1.000	26,479,504
43	0.90602	0.43314	0.01692	0.01163	1.000	-
43	0.86084	0.39806	0.07531	0.01493	1.000	26,479,504
44	0.11654	0.93895	0.05827	0.01169	1.000	FISCAL YEAR
44	0.28195	0.93895	0.02632	0.01017	1.000	2017
44	0.33835	0.93895	0.02632	0.01163	1.000	2018
44	0.39286	0.93895	0.02632	0.01163	1.000	2019
44	0.44925	0.93895	0.02632	0.01017	1.000	2020
44	0.50564	0.93750	0.02444	0.01163	1.000	2021
44	0.56015	0.93895	0.02444	0.01163	1.000	2022
44	0.61654	0.93895	0.02632	0.01163	1.000	2023
44	0.67481	0.93750	0.02444	0.01308	1.000	2024
44	0.11654	0.92733	0.09774	0.01166	1.000	MASS WATER POOL 3*
44	0.11653	0.91421	0.05078	0.01170	1.000	PRINCIPAL
44	0.27058	0.91406	0.03778	0.01199	1.000	$10,651
44	0.11466	0.90262	0.04887	0.01163	1.000	INTEREST
44	0.11466	0.88953	0.14474	0.01308	1.000	TOTAL MASS WATER POLL TRUST
44	0.28195	0.90262	0.02820	0.01163	1.000	$533
44	0.26128	0.88953	0.04887	0.01308	1.000	$11,184
44	0.11654	0.87791	0.09774	0.01173	1.000	MASS WATER POOL 4*
44	0.11465	0.86624	0.05266	0.01026	1.000	PRINCIPAL
44	0.11654	0.85320	0.04699	0.01163	1.000	INTEREST
44	0.27068	0.86483	0.04135	0.01599	1.000	$10,409
44	0.11466	0.84152	0.14474	0.01168	1.000	TOTAL MASS WATER POLL TRUST
44	0.27444	0.85320	0.03383	0.01308	1.000	$1,365
44	0.26128	0.84012	0.04887	0.01308	1.000	$11,774
44	0.11654	0.82837	0.09774	0.01320	1.000	MASS WATER POOL 5*
44	0.11466	0.81686	0.05263	0.01308	1.000	PRINCIPAL
44	0.11466	0.80523	0.04887	0.01163	1.000	INTEREST
44	0.27068	0.81686	0.04135	0.01453	1.000	$25,000
44	0.27444	0.80523	0.03759	0.01308	1.000	$4,406
44	0.11466	0.79360	0.14474	0.01170	1.000	TOTAL MASS WATER POLL TRUST
44	0.27068	0.79360	0.03947	0.01163	1.000	$29,406
44	0.32519	0.86483	0.04135	0.01599	1.000	$10,868
44	0.33647	0.85320	0.02820	0.01308	1.000	$815
44	0.32519	0.84157	0.04135	0.01308	1.000	$11,683
44	0.32519	0.81686	0.04135	0.01453	1.000	$25,000
44	0.33083	0.80523	0.03383	0.01163	1.000	$3,010
44	0.32519	0.79215	0.03947	0.01308	1.000	$28,010
44	0.37970	0.86483	0.04323	0.01453	1.000	$10,868
44	0.39098	0.85320	0.02820	0.01163	1.000	$272
44	0.38158	0.84012	0.03947	0.01308	1.000	$11,140
44	0.38158	0.81686	0.04135	0.01453	1.000	$25,000
44	0.38534	0.80523	0.03759	0.01453	1.000	$1,863
44	0.38158	0.79360	0.03947	0.01163	1.000	$26,863
44	0.43609	0.81686	0.04135	0.01453	1.000	$25,000
44	0.44737	0.80523	0.02820	0.01163	1.000	$688
44	0.43609	0.79360	0.03947	0.01163	1.000	$25,688
44	0.11654	0.78198	0.09586	0.01167	1.000	MASS WATER POOL 7*
44	0.11466	0.76890	0.05263	0.01163	1.000	PRINCIPAL
44	0.11466	0.75727	0.04887	0.01163	1.000	INTEREST
44	0.26504	0.76890	0.04699	0.01453	1.000	$124,555
44	0.31767	0.76890	0.04699	0.01163	1.000	$129,345
44	0.27068	0.75581	0.04135	0.01453	1.000	$32,001
44	0.32331	0.75581	0.04135	0.01308	1.000	$24,067
44	0.37406	0.76890	0.04699	0.01308	1.000	$134,136
44	0.42481	0.76890	0.05075	0.01163	1.000	$138,926
44	0.48496	0.76890	0.04699	0.01163	1.000	$138,926
44	0.37966	0.75575	0.04331	0.01466	1.000	$15,019
44	0.11466	0.74419	0.19549	0.01308	1.000	TOTAL MASS WATER POLL TRUST $156,556
44	0.31955	0.74419	0.04511	0.01308	1.000	$153,413
44	0.43045	0.74419	0.04511	0.01308	1.000	$145,873
44	0.49624	0.75727	0.03571	0.01163	1.000	$3,473
44	0.37594	0.74419	0.04511	0.01163	1.000	$149,155
44	0.43985	0.75581	0.03759	0.01453	1.000	$6,946
44	0.48684	0.74419	0.04511	0.01453	1.000	$142,400
44	0.11654	0.73256	0.09211	0.01174	1.000	MUNICIPAL PURPOSE
44	0.11466	0.72093	0.05263	0.01017	1.000	PRINCIPAL
44	0.25752	0.71948	0.38534	0.01465	1.000	$1,030,000 $1,055,000 $1,075,000 $1,095,000 $1,110,000 $1,135,000 $1,115,000
44	0.11651	0.70922	0.04705	0.01034	1.000	INTEREST
44	0.26504	0.70930	0.04511	0.01017	1.000	$304,600
44	0.31951	0.70776	0.04519	0.01181	1.000	$263,400
44	0.11466	0.69618	0.12406	0.01167	1.000	TOTAL MUNICIPAL PURPOSE
44	0.37594	0.70785	0.04511	0.01163	1.000	$221,200
44	0.43045	0.70785	0.04511	0.01308	1.000	$178,200
44	0.48496	0.70930	0.04699	0.01017	1.000	$134,400
44	0.54699	0.70930	0.03947	0.01017	1.000	$90,000
44	0.60150	0.70930	0.04135	0.01017	1.000	$44,600
44	0.25752	0.69469	0.27256	0.01463	1.000	$1,334,600 $1,318,400 $1,296,200 $1,273,200 $1,244,400
44	0.53383	0.69618	0.10902	0.01167	1.000	$1,225,000 $1,159,600
44	0.11654	0.68304	0.09774	0.01319	1.000	MASS WATER POOL 9*
44	0.11649	0.67138	0.05085	0.01189	1.000	PRINCIPAL
44	0.11654	0.65988	0.04699	0.01163	1.000	INTEREST
44	0.26504	0.67151	0.04699	0.01453	1.000	$338,727
44	0.31955	0.67151	0.04699	0.01453	1.000	$352,841
44	0.37594	0.67151	0.04699	0.01453	1.000	$362,250
44	0.43233	0.67151	0.04511	0.01453	1.000	$376,363
44	0.48684	0.67151	0.04511	0.01453	1.000	$385,772
44	0.26504	0.65988	0.04699	0.01453	1.000	$136,402
44	0.31743	0.65939	0.04935	0.01552	1.000	$115,103
44	0.25940	0.64826	0.05075	0.01163	1.000	$475,129
44	0.31955	0.64826	0.04511	0.01163	1.000	$467,944
44	0.37970	0.65988	0.04135	0.01163	1.000	$94,788
44	0.37594	0.64826	0.04511	0.01163	1.000	$457,038
44	0.43609	0.65988	0.03947	0.01163	1.000	$78,282
44	0.49248	0.65988	0.03947	0.01163	1.000	$59,822
44	0.11466	0.64826	0.14474	0.01171	1.000	TOTAL MASS WATER POLL TRUST
44	0.43233	0.64826	0.04323	0.01163	1.000	$454,645
44	0.48684	0.64826	0.04323	0.01163	1.000	$445,594
44	0.54323	0.67151	0.04323	0.01163	1.000	$399,886
44	0.54887	0.65988	0.03759	0.01163	1.000	$41,160
44	0.54323	0.64826	0.04323	0.01163	1.000	$441,046
44	0.59952	0.67132	0.04531	0.01491	1.000	$409,295
44	0.65038	0.67151	0.05263	0.01453	1.000	$418,704
44	0.60338	0.65988	0.04135	0.01308	1.000	$20,649
44	0.59774	0.64826	0.04511	0.01163	1.000	$429,944
44	0.11654	0.63663	0.10150	0.01020	1.000	MASS WATER POOL 13*
44	0.11642	0.62463	0.05099	0.01091	1.000	PRINCIPAL
44	0.11654	0.61192	0.04699	0.01017	1.000	INTEREST
44	0.11466	0.59884	0.14474	0.01308	1.000	TOTAL MASS WATER POLL TRUST
44	0.11654	0.58721	0.09211	0.01175	1.000	MUNICIPAL PURPOSE
44	0.11651	0.57550	0.05080	0.01033	1.000	PRINCIPAL
44	0.11654	0.56395	0.04699	0.01017	1.000	INTEREST
44	0.11466	0.55084	0.12406	0.01166	1.000	TOTAL MUNICIPAL PURPOSE
44	0.11654	0.53919	0.10150	0.01169	1.000	MASS WATER POOL 14*
44	0.11462	0.52605	0.05271	0.01185	1.000	PRINCIPAL
44	0.11654	0.51453	0.04699	0.01163	1.000	INTEREST
44	0.11654	0.50291	0.14286	0.01173	1.000	TOTAL MASS WATER POLL TRUST
44	0.27068	0.62355	0.03759	0.01163	1.000	$45,345
44	0.29323	0.61192	0.01504	0.01163	1.000	$0
44	0.26880	0.59884	0.03947	0.01308	1.000	$45,345
44	0.26504	0.57558	0.04699	0.01453	1.000	$130,000
44	0.26880	0.56250	0.03947	0.01163	1.000	$45,435
44	0.26504	0.55087	0.04323	0.01163	1.000	$175,435
44	0.27068	0.52616	0.04135	0.01453	1.000	$15,773
44	0.27444	0.51453	0.03759	0.01308	1.000	$4,479
44	0.27068	0.50291	0.03947	0.01163	1.000	$20,252
44	0.32707	0.62355	0.03759	0.01163	1.000	$45,345
44	0.34586	0.61192	0.01880	0.01163	1.000	$0
44	0.32519	0.59884	0.04135	0.01453	1.000	$45,345
44	0.32141	0.57554	0.04516	0.01462	1.000	$130,000
44	0.32519	0.56250	0.03947	0.01308	1.000	$39,325
44	0.31955	0.54942	0.04699	0.01453	1.000	$169,325
44	0.32519	0.52616	0.04135	0.01453	1.000	$16,091
44	0.33083	0.51453	0.03383	0.01163	1.000	$4,160
44	0.32519	0.50145	0.03947	0.01163	1.000	$20,251
44	0.38150	0.62338	0.03963	0.01196	1.000	$45,346
44	0.40226	0.61192	0.01880	0.01163	1.000	$0
44	0.38158	0.59884	0.04135	0.01453	1.000	$45,346
44	0.37594	0.57413	0.04699	0.01599	1.000	$130,000
44	0.37970	0.56250	0.04135	0.01163	1.000	$34,450
44	0.37594	0.54942	0.04699	0.01453	1.000	$164,450
44	0.38158	0.52616	0.04135	0.01453	1.000	$16,417
44	0.38534	0.51453	0.03759	0.01453	1.000	$3,835
44	0.38158	0.50291	0.03947	0.01163	1.000	$20,252
44	0.43609	0.62500	0.03947	0.01017	1.000	$45,346
44	0.45865	0.61192	0.01692	0.01163	1.000	$0
44	0.43609	0.60029	0.03947	0.01163	1.000	$45,346
44	0.49248	0.62355	0.03759	0.01163	1.000	$45,346
44	0.51504	0.61192	0.01504	0.01163	1.000	$0
44	0.49248	0.59884	0.03759	0.01308	1.000	$45,346
44	0.54887	0.62500	0.03759	0.01017	1.000	$45,344
44	0.56767	0.61192	0.01880	0.01163	1.000	$0
44	0.54699	0.60029	0.03947	0.01163	1.000	$45,344
44	0.60526	0.62500	0.03759	0.01017	1.000	$38,979
44	0.62594	0.61192	0.01692	0.01163	1.000	$0
44	0.60526	0.60029	0.03759	0.01163	1.000	$38,979
44	0.43045	0.57558	0.04511	0.01163	1.000	$130,000
44	0.43601	0.56376	0.03964	0.01056	1.000	$29,510
44	0.43233	0.55087	0.04323	0.01163	1.000	$159,510
44	0.54128	0.57541	0.04526	0.01197	1.000	$130,000
44	0.54699	0.56395	0.03947	0.01017	1.000	$19,468
44	0.54135	0.55087	0.04511	0.01163	1.000	$149,468
44	0.59774	0.57413	0.04511	0.01308	1.000	$130,000
44	0.60338	0.56250	0.03947	0.01308	1.000	$14,430
44	0.59774	0.55087	0.04511	0.01163	1.000	$144,430
44	0.66165	0.62355	0.03759	0.01163	1.000	$38,979
44	0.68421	0.61192	0.01504	0.01163	1.000	$0
44	0.66165	0.60029	0.03759	0.01163	1.000	$38,979
44	0.65602	0.57413	0.04699	0.01599	1.000	$125,000
44	0.66541	0.56250	0.03571	0.01308	1.000	$9,360
44	0.65587	0.55054	0.04540	0.01230	1.000	$134,360
44	0.43609	0.52616	0.03947	0.01308	1.000	$16,748
44	0.44173	0.51599	0.03383	0.01017	1.000	$3,504
44	0.43609	0.50291	0.03947	0.01017	1.000	$20,252
44	0.48684	0.57558	0.04323	0.01163	1.000	$130,000
44	0.49248	0.56395	0.03759	0.01017	1.000	$24,505
44	0.48684	0.55087	0.04323	0.01163	1.000	$154,505
44	0.49248	0.52616	0.04135	0.01453	1.000	$17,086
44	0.49624	0.51453	0.03759	0.01453	1.000	$3,165
44	0.49248	0.50291	0.03759	0.01163	1.000	$20,251
44	0.54699	0.52616	0.03947	0.01308	1.000	$17,432
44	0.55263	0.51599	0.03383	0.01017	1.000	$2,820
44	0.54887	0.50291	0.03759	0.01163	1.000	$20,252
44	0.60338	0.52616	0.03947	0.01308	1.000	$17,784
44	0.60902	0.51453	0.03383	0.01163	1.000	$2,468
44	0.60526	0.50291	0.03759	0.01163	1.000	$20,252
44	0.66165	0.52616	0.03759	0.01308	1.000	$18,143
44	0.66729	0.51453	0.03383	0.01163	1.000	$2,109
44	0.66165	0.50291	0.03947	0.01163	1.000	$20,252
44	0.11654	0.49128	0.12406	0.01021	1.000	MUNICIPAL PURPOSE SEWER
44	0.11652	0.47958	0.05080	0.01031	1.000	PRINCIPAL
44	0.11466	0.46657	0.04887	0.01017	1.000	INTEREST
44	0.11466	0.45486	0.14474	0.01171	1.000	TOTAL MUNICIPAL PURPOSE SEW
44	0.11654	0.44186	0.12594	0.01163	1.000	MUNICIPAL PURPOSE WATER
44	0.11840	0.43163	0.04891	0.00884	1.000	PRINCIPAL
44	0.11840	0.42000	0.04515	0.00883	1.000	INTEREST
44	0.11842	0.40843	0.14098	0.00873	1.000	TOTAL MUNICIPAL PURPOSE WAT
44	0.27068	0.47820	0.03947	0.01163	1.000	$24,706
44	0.27068	0.46657	0.03947	0.01163	1.000	$68,458
44	0.27068	0.45349	0.03947	0.01163	1.000	$93,164
44	0.27068	0.42878	0.03947	0.01453	1.000	$16,649
44	0.27068	0.41715	0.03759	0.01163	1.000	$46,132
44	0.27068	0.40552	0.03759	0.01163	1.000	$62,781
44	0.32519	0.47820	0.03947	0.01163	1.000	$25,787
44	0.32519	0.46512	0.04135	0.01453	1.000	$67,377
44	0.32519	0.45349	0.03947	0.01163	1.000	$93,164
44	0.38158	0.47820	0.03947	0.01163	1.000	$26,916
44	0.38158	0.46512	0.04135	0.01453	1.000	$66,248
44	0.38158	0.45349	0.03947	0.01163	1.000	$93,164
44	0.43609	0.47965	0.03947	0.01017	1.000	$28,093
44	0.43609	0.46657	0.03947	0.01163	1.000	$65,071
44	0.43609	0.45494	0.03947	0.01163	1.000	$93,164
44	0.49248	0.47820	0.03759	0.01163	1.000	$29,322
44	0.49248	0.46657	0.03759	0.01163	1.000	$63,842
44	0.49248	0.45494	0.03759	0.01017	1.000	$93,164
44	0.54887	0.47965	0.03759	0.01017	1.000	$30,605
44	0.54887	0.46657	0.03759	0.01163	1.000	$62,559
44	0.54887	0.45494	0.03759	0.01017	1.000	$93,164
44	0.32519	0.42878	0.03947	0.01308	1.000	$17,378
44	0.32519	0.41715	0.03947	0.01163	1.000	$45,403
44	0.32519	0.40552	0.03947	0.01163	1.000	$62,781
44	0.38158	0.43023	0.03947	0.01163	1.000	$18,138
44	0.38158	0.41715	0.03947	0.01163	1.000	$44,643
44	0.38158	0.40552	0.03947	0.01308	1.000	$62,781
44	0.43609	0.43023	0.03759	0.01163	1.000	$18,931
44	0.43609	0.41860	0.03947	0.01017	1.000	$43,850
44	0.43609	0.40552	0.03759	0.01163	1.000	$62,781
44	0.49248	0.42878	0.03759	0.01308	1.000	$19,760
44	0.49248	0.41860	0.03759	0.01017	1.000	$43,021
44	0.49248	0.40552	0.03759	0.01163	1.000	$62,781
44	0.54699	0.43023	0.03947	0.01163	1.000	$20,624
44	0.54699	0.41860	0.03947	0.01017	1.000	$42,157
44	0.54699	0.40552	0.03947	0.01163	1.000	$62,781
44	0.60526	0.47820	0.03759	0.01163	1.000	$31,944
44	0.60338	0.46512	0.03947	0.01308	1.000	$61,220
44	0.60526	0.45494	0.03759	0.01163	1.000	$93,164
44	0.60338	0.43023	0.04135	0.01453	1.000	$21,526
44	0.60338	0.41715	0.03947	0.01308	1.000	$41,255
44	0.60338	0.40552	0.03947	0.01163	1.000	$62,781
44	0.66165	0.47820	0.03759	0.01163	1.000	$33,342
44	0.66165	0.46657	0.03759	0.01163	1.000	$59,822
44	0.66165	0.45494	0.03759	0.01163	1.000	$93,164
44	0.66165	0.43023	0.03947	0.01163	1.000	$22,468
44	0.66165	0.41715	0.03759	0.01308	1.000	$40,313
44	0.66165	0.40552	0.03759	0.01163	1.000	$62,781
44	0.11842	0.39534	0.09023	0.00873	1.000	MUNICIPAL PURPOSE
44	0.11654	0.38227	0.05075	0.01017	1.000	PRINCIPAL
44	0.11842	0.37064	0.04511	0.00872	1.000	INTEREST
44	0.11654	0.35756	0.14286	0.01174	1.000	TOTAL MUNICIPAL PURPOSE WAT
44	0.26504	0.38227	0.04323	0.01017	1.000	$200,000
44	0.27632	0.37064	0.03195	0.01017	1.000	$2,500
44	0.26692	0.35901	0.04135	0.00872	1.000	$202,500
44	0.11654	0.34593	0.09962	0.01171	1.000	MS-HS CONSTRUCTION
44	0.11466	0.33285	0.05263	0.01163	1.000	PRINCIPAL
44	0.11466	0.32122	0.04699	0.01163	1.000	INTEREST
44	0.26504	0.33285	0.04511	0.01163	1.000	$240,000
44	0.31955	0.33140	0.04511	0.01308	1.000	$250,000
44	0.37594	0.33140	0.04699	0.01599	1.000	$255,000
44	0.26316	0.32122	0.04699	0.01308	1.000	$293,900
44	0.31955	0.31977	0.04699	0.01453	1.000	$286,700
44	0.37594	0.31977	0.04699	0.01599	1.000	$279,200
44	0.11466	0.30804	0.19361	0.01319	1.000	TOTAL SCH GENERAL OBLIGATIOI $533,900
44	0.11466	0.29651	0.09962	0.01163	1.000	MS-HS CONSTRUCTION
44	0.31955	0.30814	0.04511	0.01453	1.000	$536,700
44	0.37594	0.30814	0.04511	0.01453	1.000	$534,200
44	0.43233	0.33285	0.04323	0.01163	1.000	$265,000
44	0.43045	0.32122	0.04511	0.01163	1.000	$271,550
44	0.43045	0.30959	0.04323	0.01163	1.000	$536,550
44	0.48684	0.33285	0.04323	0.01163	1.000	$215,000
44	0.48684	0.32267	0.04323	0.01017	1.000	$263,600
44	0.48869	0.31096	0.04141	0.00889	1.000	$478,600
44	0.54323	0.33285	0.04323	0.01163	1.000	$225,000
44	0.54320	0.32114	0.04331	0.01179	1.000	$257,150
44	0.54510	0.31100	0.04138	0.00881	1.000	$482,150
44	0.59962	0.33285	0.04323	0.01163	1.000	$230,000
44	0.59940	0.32071	0.04367	0.01264	1.000	$250,400
44	0.59959	0.30951	0.04330	0.01034	1.000	$480,400
44	0.65602	0.33285	0.04699	0.01453	1.000	$235,000
44	0.65602	0.32122	0.04511	0.01163	1.000	$243,500
44	0.65786	0.31095	0.04142	0.00891	1.000	$478,500
44	0.11278	0.28488	0.05451	0.01163	1.000	PRINCIPAL
44	0.11466	0.27326	0.04887	0.01163	1.000	INTEREST
44	0.26504	0.28488	0.04511	0.01308	1.000	$400,000
44	0.31955	0.28488	0.04511	0.01453	1.000	$415,000
44	0.37594	0.28488	0.04699	0.01453	1.000	$435,000
44	0.42857	0.28343	0.04699	0.01308	1.000	$450,000
44	0.26316	0.27180	0.04699	0.01453	1.000	$705,171
44	0.31955	0.27180	0.04699	0.01453	1.000	$689,171
44	0.37406	0.27180	0.04887	0.01453	1.000	$672,571
44	0.43045	0.27180	0.04323	0.01453	1.000	$655,171
44	0.11466	0.25868	0.35902	0.01463	1.000	TOTAL SCH GENERAL OBLIGATIO| $1,105,171 $1,104,171 $1,107,571 $1,105,171
44	0.49058	0.28627	0.03953	0.00886	1.000	$470,000
44	0.48872	0.27471	0.04135	0.00872	1.000	$637,171
44	0.48304	0.26293	0.04707	0.00757	1.000	$1,107,171
44	0.11466	0.24702	0.12594	0.01315	1.000	MS-HS CONSTRUCTION / MPL
44	0.54506	0.28619	0.04145	0.00901	1.000	$485,000
44	0.60150	0.28634	0.04135	0.00872	1.000	$505,000
44	0.54510	0.27468	0.04137	0.00878	1.000	$618,371
44	0.59774	0.27326	0.04511	0.01017	1.000	$598,971
44	0.53759	0.26308	0.04887	0.00872	1.000	$1,103,371
44	0.58835	0.26017	0.05451	0.01163	1.000	$1,103,971
44	0.65777	0.28596	0.04348	0.00948	1.000	$525,000
44	0.65602	0.27326	0.04323	0.01017	1.000	$578,771
44	0.65038	0.26017	0.04887	0.01163	1.000	$1,103,771
44	0.11466	0.23692	0.05075	0.01017	1.000	PRINCIPAL
44	0.11466	0.22529	0.04699	0.01017	1.000	INTEREST
44	0.26316	0.23547	0.04887	0.01453	1.000	$295,000
44	0.31955	0.23547	0.04699	0.01453	1.000	$290,000
44	0.37406	0.23547	0.04887	0.01453	1.000	$290,000
44	0.43045	0.23547	0.04511	0.01308	1.000	$285,000
44	0.26316	0.22384	0.04699	0.01453	1.000	$197,114
44	0.31944	0.22362	0.04721	0.01497	1.000	$156,525
44	0.11466	0.21221	0.14474	0.01308	1.000	TOTAL SCH GENERAL OBLIGATIO
44	0.25564	0.21221	0.05263	0.01175	1.000	: $492,114
44	0.31767	0.21221	0.04511	0.01163	1.000	$446,525
44	0.37406	0.22384	0.04887	0.01453	1.000	$148,550
44	0.43045	0.22384	0.04511	0.01308	1.000	$142,075
44	0.37594	0.21221	0.04699	0.01308	1.000	$438,550
44	0.43025	0.21179	0.04551	0.01392	1.000	$427,075
44	0.48684	0.23692	0.04323	0.01017	1.000	$290,000
44	0.48859	0.22637	0.04161	0.00947	1.000	$134,875
44	0.48872	0.21512	0.04135	0.00727	1.000	$424,875
44	0.54323	0.23692	0.04323	0.01017	1.000	$285,000
44	0.54317	0.22513	0.04336	0.01049	1.000	$127,319
44	0.54511	0.21366	0.04135	0.00872	1.000	$412,319
44	0.59955	0.23674	0.04337	0.01054	1.000	$280,000
44	0.59959	0.22521	0.04329	0.01033	1.000	$119,913
44	0.60150	0.21366	0.04135	0.00872	1.000	$399,913
44	0.65789	0.23837	0.04135	0.00872	1.000	$280,000
44	0.65602	0.22529	0.04323	0.01017	1.000	$111,513
44	0.65786	0.21356	0.04142	0.00892	1.000	$391,513
44	0.11466	0.20058	0.12782	0.01172	1.000	MASS CLEAN WATER POOL 19
44	0.11456	0.18864	0.05096	0.01081	1.000	PRINCIPAL
44	0.11466	0.17587	0.04699	0.01163	1.000	INTEREST
44	0.27068	0.18750	0.03947	0.01453	1.000	$61,552
44	0.32331	0.18750	0.04323	0.01453	1.000	$62,890
44	0.37970	0.18750	0.04135	0.01599	1.000	$64,257
44	0.27068	0.17442	0.03947	0.01599	1.000	$28,235
44	0.11466	0.16270	0.14474	0.01317	1.000	TOTAL MASS CLEAN WATER TRUS
44	0.26880	0.16424	0.03947	0.01163	1.000	$89,787
44	0.32331	0.17587	0.04323	0.01308	1.000	$29,202
44	0.37970	0.17442	0.04135	0.01599	1.000	$27,944
44	0.32328	0.16419	0.03953	0.01174	1.000	$92,092
44	0.37970	0.16424	0.03947	0.01163	1.000	$92,201
44	0.43590	0.18856	0.03985	0.01241	1.000	$65,653
44	0.43609	0.17587	0.03947	0.01163	1.000	$26,659
44	0.43609	0.16424	0.03947	0.01163	1.000	$92,312
44	0.49436	0.19041	0.03759	0.00872	1.000	$67,080
44	0.49248	0.17587	0.03759	0.01163	1.000	$25,346
44	0.49436	0.16570	0.03571	0.00872	1.000	$92,426
44	0.55075	0.19041	0.03571	0.00872	1.000	$68,538
44	0.54878	0.17709	0.03777	0.00920	1.000	$24,004
44	0.54887	0.16424	0.03759	0.01017	1.000	$92,542
44	0.60714	0.19041	0.03571	0.00872	1.000	$70,028
44	0.60526	0.17587	0.03759	0.01163	1.000	$22,634
44	0.60526	0.16424	0.03759	0.01017	1.000	$92,662
44	0.66165	0.18750	0.03947	0.01163	1.000	$71,550
44	0.66165	0.17587	0.03759	0.01163	1.000	$21,233
44	0.66165	0.16424	0.03759	0.01017	1.000	$92,783
44	0.11466	0.13953	0.11278	0.01308	1.000	GRAND TOTAL PRINCIPAL
44	0.11654	0.12791	0.10714	0.01024	1.000	GRAND TOTAL INTEREST
44	0.11648	0.11749	0.05651	0.00921	1.000	TOTAL DEBT
44	0.25752	0.13953	0.05263	0.01163	1.000	$2,968,367
44	0.30451	0.13372	0.05827	0.01744	1.000	$2,825,545
44	0.37206	0.14202	0.04724	0.00956	1.000	$2,888,327
44	0.42481	0.13953	0.04887	0.01163	1.000	$2,940,061
44	0.25940	0.12936	0.05075	0.00872	1.000	$1,870,731
44	0.31578	0.12932	0.05078	0.00880	1.000	$1,724,259
44	0.37030	0.12936	0.05639	0.00872	1.000	$1,610,584
44	0.42481	0.12936	0.05075	0.00872	1.000	$1,501,505
44	0.25936	0.11759	0.04896	0.00900	1.000	$4,839,098
44	0.31203	0.11628	0.16353	0.01021	1.000	$4,549,804 $4,498,911 $4,441,566
44	0.48302	0.14078	0.04712	0.00913	1.000	$2,918,293
44	0.53934	0.14053	0.04727	0.00965	1.000	$2,842,429
44	0.59586	0.14244	0.04699	0.00727	1.000	$2,849,557
44	0.65222	0.14085	0.04895	0.00899	1.000	$1,768,186
44	0.48300	0.12907	0.04716	0.00929	1.000	$1,393,221
44	0.53752	0.12911	0.04902	0.00923	1.000	$1,285,008
44	0.59398	0.12936	0.04887	0.00872	1.000	$1,176,539
44	0.65226	0.12936	0.04699	0.00872	1.000	$1,066,621
44	0.48308	0.11773	0.04887	0.00727	1.000	$4,311,514
44	0.53383	0.11773	0.05263	0.00872	1.000	$4,127,437
44	0.58835	0.11773	0.11090	0.00876	1.000	$4,026,095 $2,834,807
44	0.73308	0.93895	0.02632	0.01163	1.000	2025
44	0.71992	0.62355	0.03947	0.01163	1.000	$14,114
44	0.74248	0.61192	0.01692	0.01163	1.000	$0
44	0.71992	0.59884	0.04135	0.01453	1.000	$14,114
44	0.71429	0.57413	0.04699	0.01599	1.000	$115,000
44	0.72368	0.56250	0.03759	0.01453	1.000	$4,485
44	0.71617	0.55087	0.04323	0.01163	1.000	$119,485
44	0.71992	0.52616	0.03947	0.01308	1.000	$18,510
44	0.72556	0.51453	0.03383	0.01163	1.000	$1,742
44	0.72180	0.50291	0.03759	0.01163	1.000	$20,252
44	0.72180	0.47820	0.03759	0.01163	1.000	$34,800
44	0.71992	0.46657	0.03947	0.01163	1.000	$58,364
44	0.72180	0.45494	0.03759	0.01163	1.000	$93,164
44	0.72180	0.43023	0.03759	0.01163	1.000	$23,451
44	0.71992	0.41860	0.03947	0.01017	1.000	$39,330
44	0.72180	0.40552	0.03759	0.01163	1.000	$62,781
44	0.71429	0.33285	0.04699	0.01453	1.000	$245,000
44	0.71429	0.32122	0.04511	0.01163	1.000	$235,275
44	0.71602	0.30920	0.04353	0.01096	1.000	$480,275
44	0.71805	0.28634	0.04135	0.00872	1.000	$550,000
44	0.71617	0.27326	0.04323	0.01017	1.000	$557,771
44	0.70865	0.26017	0.05075	0.01163	1.000	$1,107,771
44	0.71805	0.23837	0.04135	0.00872	1.000	$210,000
44	0.71617	0.22529	0.04323	0.01017	1.000	$105,813
44	0.71805	0.21366	0.04135	0.00872	1.000	$315,813
44	0.72180	0.18895	0.03759	0.01017	1.000	$73,105
44	0.72177	0.17580	0.03767	0.01178	1.000	$19,802
44	0.72362	0.16553	0.03585	0.00905	1.000	$92,907
44	0.71053	0.14099	0.04887	0.00872	1.000	$1,283,980
44	0.71041	0.12898	0.04722	0.00948	1.000	$1,022,582
44	0.71241	0.11773	0.04699	0.00872	1.000	$2,306,562
44	0.11842	0.09301	0.62030	0.00874	1.000	*MASS WATER POLLUTION ABATEMENT TRUST: PAYMENT AMOUNTS TO BE SUBSIDIZED BY EQUITY EARNINGS AND CONTRACT ASSISTANCE PAYMENTS
44	0.51880	0.07267	0.02068	0.01163	1.000	44
44	0.79511	0.93895	0.02632	0.01163	1.000	2026
44	0.78178	0.62318	0.03983	0.01236	1.000	$14,114
44	0.80451	0.61192	0.01692	0.01163	1.000	$0
44	0.78008	0.59884	0.04323	0.01453	1.000	$14,114
44	0.78008	0.52616	0.04323	0.01453	1.000	$18,884
44	0.78571	0.51453	0.03759	0.01453	1.000	$1,368
44	0.78195	0.50291	0.03759	0.01163	1.000	$20,252
44	0.78195	0.47820	0.03759	0.01163	1.000	$36,323
44	0.78195	0.46657	0.03759	0.01163	1.000	$56,841
44	0.78195	0.45494	0.03759	0.01163	1.000	$93,164
44	0.78195	0.43023	0.03759	0.01163	1.000	$24,477
44	0.78195	0.41860	0.03947	0.01017	1.000	$38,304
44	0.78195	0.40552	0.03759	0.01163	1.000	$62,781
44	0.77632	0.33285	0.04511	0.01308	1.000	$255,000
44	0.77632	0.32122	0.04511	0.01163	1.000	$226,700
44	0.77820	0.30959	0.04323	0.01017	1.000	$481,700
44	0.77807	0.28596	0.04348	0.00948	1.000	$570,000
44	0.77820	0.27326	0.04135	0.01017	1.000	$535,771
44	0.77256	0.26308	0.04699	0.00872	1.000	$1,105,771
44	0.77812	0.23815	0.04151	0.00916	1.000	$115,000
44	0.78383	0.22674	0.03571	0.00727	1.000	$99,913
44	0.77632	0.21221	0.04323	0.01017	1.000	$214,913
44	0.78383	0.19041	0.03759	0.00872	1.000	$74,694
44	0.78383	0.17733	0.03571	0.00872	1.000	$18,340
44	0.78383	0.16570	0.03759	0.00872	1.000	$93,034
44	0.77246	0.14067	0.04906	0.00936	1.000	$1,108,492
44	0.78008	0.12936	0.03947	0.00872	1.000	$977,237
44	0.77256	0.11773	0.04699	0.00872	1.000	$2,085,729
44	0.85338	0.93895	0.02444	0.01017	1.000	2027
44	0.84023	0.62355	0.03947	0.01163	1.000	$14,114
44	0.86278	0.61192	0.01692	0.01163	1.000	$0
44	0.84023	0.59884	0.04135	0.01453	1.000	$14,114
44	0.84023	0.52616	0.03947	0.01308	1.000	$19,265
44	0.85338	0.51453	0.02632	0.01163	1.000	$987
44	0.84211	0.50291	0.03759	0.01163	1.000	$20,252
44	0.84211	0.47820	0.03759	0.01163	1.000	$37,912
44	0.84023	0.46657	0.03947	0.01163	1.000	$55,252
44	0.84211	0.45349	0.03759	0.01308	1.000	$93,164
44	0.84023	0.43023	0.03947	0.01163	1.000	$25,548
44	0.84023	0.41715	0.03947	0.01308	1.000	$37,233
44	0.84211	0.40552	0.03759	0.01163	1.000	$62,781
44	0.83459	0.33285	0.04511	0.01308	1.000	$260,000
44	0.83459	0.32122	0.04511	0.01163	1.000	$217,775
44	0.83647	0.30959	0.04323	0.01017	1.000	$477,775
44	0.83824	0.28601	0.04157	0.00937	1.000	$595,000
44	0.83647	0.27326	0.04323	0.01017	1.000	$512,971
44	0.82895	0.26017	0.05075	0.01163	1.000	$1,107,971
44	0.83824	0.23806	0.04157	0.00935	1.000	$120,000
44	0.84211	0.22529	0.03759	0.01017	1.000	$96,463
44	0.83647	0.21221	0.04323	0.01017	1.000	$216,463
44	0.84211	0.18895	0.03759	0.01017	1.000	$76,317
44	0.84211	0.17587	0.03759	0.01163	1.000	$16,846
44	0.84211	0.16424	0.03759	0.01017	1.000	$93,163
44	0.83078	0.14082	0.04897	0.00905	1.000	$1,148,156
44	0.84023	0.12936	0.03947	0.00872	1.000	$937,527
44	0.83267	0.11759	0.04706	0.00755	1.000	$2,085,683
44	0.91165	0.93895	0.02632	0.01017	1.000	2028
44	0.89830	0.62314	0.03987	0.01245	1.000	$14,114
44	0.89833	0.59997	0.04168	0.01372	1.000	$14,114
44	0.89850	0.52616	0.03947	0.01308	1.000	$19,654
44	0.91165	0.51453	0.02632	0.01163	1.000	$598
44	0.90038	0.50291	0.03759	0.01163	1.000	$20,252
44	0.90038	0.47820	0.03759	0.01163	1.000	$39,571
44	0.89850	0.46657	0.03947	0.01308	1.000	$53,593
44	0.89850	0.45494	0.03947	0.01163	1.000	$93,164
44	0.90038	0.43023	0.03759	0.01163	1.000	$26,666
44	0.89850	0.41860	0.03947	0.01163	1.000	$36,115
44	0.89850	0.40552	0.03947	0.01163	1.000	$62,781
44	0.89474	0.33285	0.04511	0.01163	1.000	$270,000
44	0.89474	0.32122	0.04323	0.01163	1.000	$208,675
44	0.89466	0.30939	0.04339	0.01058	1.000	$478,675
44	0.89662	0.28634	0.04135	0.00872	1.000	$615,000
44	0.89662	0.27471	0.04135	0.00872	1.000	$489,171
44	0.88722	0.26017	0.05075	0.01163	1.000	$1,104,171
44	0.89474	0.23692	0.04323	0.01017	1.000	$120,000
44	0.90226	0.22674	0.03571	0.00727	1.000	$92,863
44	0.89662	0.21366	0.04135	0.00872	1.000	$212,863
44	0.90038	0.18895	0.03759	0.01017	1.000	$77,976
44	0.90028	0.17569	0.03778	0.01199	1.000	$15,320
44	0.90028	0.16403	0.03966	0.01061	1.000	$93,296
44	0.89083	0.14049	0.04729	0.00972	1.000	$1,182,980
44	0.89850	0.12936	0.03947	0.00872	1.000	$896,335
44	0.89081	0.11579	0.04733	0.01115	1.000	$2,079,315
45	0.11833	0.93866	0.05846	0.01221	1.000	FISCAL YEAR
45	0.11842	0.92878	0.09774	0.00872	1.000	MASS WATER POOL 3*
45	0.11647	0.91549	0.05089	0.01058	1.000	PRINCIPAL
45	0.11654	0.90116	0.04887	0.01308	1.000	INTEREST
45	0.11654	0.88808	0.14474	0.01308	1.000	TOTAL MASS WATER POLL TRUST
45	0.11654	0.87645	0.09962	0.01318	1.000	MASS WATER POOL 4*
45	0.11654	0.86337	0.05263	0.01308	1.000	PRINCIPAL
45	0.11639	0.85136	0.04917	0.01239	1.000	INTEREST
45	0.11654	0.84003	0.14662	0.01026	1.000	TOTAL MASS WATER POLL TRUST
45	0.11654	0.82703	0.09962	0.01163	1.000	MASS WATER POOL 5*
45	0.11630	0.81338	0.05123	0.01423	1.000	PRINCIPAL
45	0.11654	0.80233	0.04887	0.01163	1.000	INTEREST
45	0.11654	0.78919	0.14474	0.01169	1.000	TOTAL MASS WATER POLL TRUST
45	0.11654	0.77604	0.09962	0.01175	1.000	MASS WATER POOL 7*
45	0.11646	0.76433	0.05091	0.01204	1.000	PRINCIPAL
45	0.11654	0.75291	0.04699	0.01017	1.000	INTEREST
45	0.11654	0.73834	0.14662	0.01314	1.000	TOTAL MASS WATER POLL TRUST
45	0.11654	0.72669	0.09398	0.01169	1.000	MUNICIPAL PURPOSE
45	0.11654	0.71512	0.05263	0.01017	1.000	PRINCIPAL
45	0.11644	0.70036	0.04906	0.01352	1.000	INTEREST
45	0.11654	0.68895	0.12594	0.01318	1.000	TOTAL MUNICIPAL PURPOSE
45	0.11654	0.67584	0.09962	0.01314	1.000	MASS WATER POOL 9*
45	0.11654	0.66424	0.05075	0.01163	1.000	PRINCIPAL
45	0.11654	0.65116	0.04699	0.01308	1.000	INTEREST
45	0.11654	0.63808	0.14850	0.01599	1.000	TOTAL MASS WATER POLL TRUST
45	0.11654	0.62645	0.10526	0.01169	1.000	MASS WATER POOL 13*
45	0.11654	0.61337	0.05263	0.01308	1.000	PRINCIPAL
45	0.11654	0.60174	0.04699	0.01163	1.000	INTEREST
45	0.11654	0.59003	0.14662	0.01171	1.000	TOTAL MASS WATER POLL TRUST
45	0.11466	0.57703	0.09586	0.01163	1.000	MUNICIPAL PURPOSE
45	0.11654	0.56395	0.05075	0.01163	1.000	PRINCIPAL
45	0.11651	0.55081	0.04705	0.01321	1.000	INTEREST
45	0.11466	0.53770	0.12782	0.01317	1.000	TOTAL MUNICIPAL PURPOSE
45	0.11654	0.52604	0.10338	0.01320	1.000	MASS WATER POOL 14*
45	0.11654	0.51453	0.05075	0.01163	1.000	PRINCIPAL
45	0.11466	0.50145	0.04887	0.01163	1.000	INTEREST
45	0.11466	0.48834	0.15038	0.01463	1.000	TOTAL MASS WATER POLL TRUST
45	0.11654	0.47669	0.12782	0.01169	1.000	MUNICIPAL PURPOSE SEWER
45	0.11654	0.46366	0.05451	0.01163	1.000	PRINCIPAL
45	0.11654	0.45203	0.04699	0.01163	1.000	INTEREST
45	0.11654	0.43895	0.14474	0.01318	1.000	TOTAL MUNICIPAL PURPOSE SEW
45	0.11654	0.42733	0.12782	0.01166	1.000	MUNICIPAL PURPOSE WATER
45	0.11466	0.41424	0.05263	0.01163	1.000	PRINCIPAL
45	0.11654	0.40116	0.04887	0.01453	1.000	INTEREST
45	0.11654	0.38808	0.14850	0.01453	1.000	TOTAL MUNICIPAL PURPOSE WAT
45	0.11654	0.37500	0.09398	0.01314	1.000	MUNICIPAL PURPOSE
45	0.11466	0.36337	0.05263	0.01163	1.000	PRINCIPAL
45	0.11654	0.35174	0.04699	0.01163	1.000	INTEREST
45	0.11466	0.33854	0.14850	0.01320	1.000	TOTAL MUNICIPAL PURPOSE WAT
45	0.11466	0.32558	0.10338	0.01308	1.000	MS-HS CONSTRUCTION
45	0.11466	0.31395	0.05263	0.01163	1.000	PRINCIPAL
45	0.11645	0.30064	0.04905	0.01209	1.000	INTEREST
45	0.11466	0.28770	0.14850	0.01317	1.000	TOTAL SCH GENERAL OBLIGATIOI
45	0.11466	0.27604	0.10338	0.01320	1.000	MS-HS CONSTRUCTION
45	0.11466	0.26453	0.05263	0.01163	1.000	PRINCIPAL
45	0.11466	0.25145	0.04887	0.01163	1.000	INTEREST
45	0.11466	0.23834	0.15038	0.01463	1.000	TOTAL SCH GENERAL OBLIGATIO
45	0.11466	0.22520	0.12970	0.01317	1.000	MS-HS CONSTRUCTION / MPL
45	0.11458	0.21344	0.05656	0.01352	1.000	PRINCIPAL
45	0.11654	0.20058	0.04699	0.01308	1.000	INTEREST
45	0.11654	0.18895	0.14474	0.01318	1.000	TOTAL SCH GENERAL OBLIGATIOI
45	0.11654	0.17733	0.12970	0.01017	1.000	MASS CLEAN WATER POOL 19
45	0.11466	0.16279	0.05263	0.01308	1.000	PRINCIPAL
45	0.11466	0.15116	0.04887	0.01163	1.000	INTEREST
45	0.11466	0.13808	0.14850	0.01308	1.000	TOTAL MASS CLEAN WATER TRUS
45	0.11654	0.11334	0.11466	0.01314	1.000	GRAND TOTAL PRINCIPAL
45	0.11654	0.10169	0.11090	0.01314	1.000	GRAND TOTAL INTEREST
45	0.11466	0.08854	0.06015	0.01320	1.000	TOTAL DEBT
45	0.34023	0.93895	0.02820	0.01163	1.000	2029
45	0.39850	0.93895	0.02820	0.01163	1.000	2030
45	0.45677	0.93895	0.02444	0.01163	1.000	2031
45	0.51316	0.94041	0.02632	0.01017	1.000	2032
45	0.56767	0.93895	0.02820	0.01163	1.000	2033
45	0.62782	0.94041	0.03759	0.01017	1.000	2034
45	0.67857	0.93895	0.03947	0.01163	1.000	2035
45	0.73496	0.93895	0.03195	0.01163	1.000	2036
45	0.79699	0.93895	0.02632	0.01163	1.000	2037
45	0.85338	0.93895	0.02820	0.01163	1.000	2038
45	0.91165	0.94041	0.02632	0.01017	1.000	2039
45	0.32707	0.51453	0.04323	0.01308	1.000	$20,051
45	0.34023	0.50145	0.02820	0.01163	1.000	$201
45	0.32707	0.48837	0.04135	0.01308	1.000	$20,252
45	0.32707	0.46366	0.04323	0.01453	1.000	$41,302
45	0.32707	0.45058	0.04323	0.01453	1.000	$51,862
45	0.32707	0.43895	0.03947	0.01163	1.000	$93,164
45	0.32895	0.41424	0.04135	0.01453	1.000	$27,832
45	0.32707	0.40116	0.04135	0.01308	1.000	$34,949
45	0.32707	0.38808	0.04323	0.01453	1.000	$62,781
45	0.38534	0.46366	0.04135	0.01308	1.000	$43,109
45	0.38534	0.45203	0.03947	0.01163	1.000	$50,055
45	0.38534	0.43895	0.04135	0.01453	1.000	$93,164
45	0.38534	0.41424	0.03947	0.01163	1.000	$29,050
45	0.38534	0.40116	0.04135	0.01453	1.000	$33,731
45	0.38346	0.38808	0.04323	0.01453	1.000	$62,781
45	0.44361	0.46366	0.03947	0.01308	1.000	$44,995
45	0.44361	0.45058	0.04135	0.01453	1.000	$48,169
45	0.44361	0.43895	0.03947	0.01308	1.000	$93,164
45	0.44361	0.41279	0.03947	0.01453	1.000	$30,321
45	0.44361	0.40116	0.04135	0.01453	1.000	$32,460
45	0.44361	0.38808	0.03947	0.01308	1.000	$62,781
45	0.50000	0.46366	0.04323	0.01453	1.000	$46,963
45	0.50000	0.45058	0.04323	0.01453	1.000	$46,201
45	0.49991	0.43880	0.04341	0.01485	1.000	$93,164
45	0.50188	0.41279	0.03947	0.01453	1.000	$31,648
45	0.49973	0.40067	0.04378	0.01553	1.000	$31,133
45	0.49995	0.38799	0.04333	0.01471	1.000	$62,781
45	0.55639	0.46221	0.04323	0.01599	1.000	$49,018
45	0.55639	0.45058	0.04323	0.01453	1.000	$44,146
45	0.55639	0.43895	0.04323	0.01453	1.000	$93,164
45	0.55639	0.41279	0.04323	0.01599	1.000	$33,032
45	0.55639	0.40116	0.04323	0.01453	1.000	$29,749
45	0.55639	0.38808	0.04135	0.01308	1.000	$62,781
45	0.61466	0.46366	0.04511	0.01453	1.000	$51,162
45	0.61278	0.45058	0.04511	0.01453	1.000	$42,002
45	0.61278	0.43895	0.04511	0.01453	1.000	$93,164
45	0.61466	0.41424	0.04135	0.01308	1.000	$34,477
45	0.61278	0.40116	0.04511	0.01453	1.000	$28,304
45	0.61278	0.38808	0.04511	0.01453	1.000	$62,781
45	0.66917	0.46366	0.04323	0.01453	1.000	$53,401
45	0.66917	0.45058	0.04323	0.01453	1.000	$39,763
45	0.66541	0.43895	0.04699	0.01453	1.000	$93,164
45	0.66915	0.41275	0.04328	0.01461	1.000	$35,986
45	0.66917	0.40116	0.04323	0.01453	1.000	$26,795
45	0.66917	0.38808	0.04323	0.01453	1.000	$62,781
45	0.72744	0.46366	0.04323	0.01453	1.000	$55,737
45	0.72556	0.45058	0.04323	0.01453	1.000	$37,427
45	0.72556	0.43895	0.04323	0.01453	1.000	$93,164
45	0.72744	0.41279	0.04135	0.01599	1.000	$37,560
45	0.72556	0.40116	0.04323	0.01453	1.000	$25,221
45	0.72556	0.38808	0.04323	0.01453	1.000	$62,781
45	0.78383	0.46366	0.04135	0.01308	1.000	$58,176
45	0.78383	0.45203	0.04323	0.01308	1.000	$34,989
45	0.78383	0.43895	0.03947	0.01308	1.000	$93,164
45	0.78383	0.41424	0.03947	0.01163	1.000	$39,203
45	0.78383	0.40116	0.04135	0.01453	1.000	$23,578
45	0.78383	0.38808	0.04135	0.01453	1.000	$62,781
45	0.84023	0.46366	0.04323	0.01453	1.000	$60,721
45	0.84023	0.45058	0.04323	0.01453	1.000	$32,443
45	0.84023	0.43895	0.04135	0.01308	1.000	$93,164
45	0.84023	0.41279	0.04135	0.01453	1.000	$40,919
45	0.84023	0.40116	0.04135	0.01453	1.000	$21,862
45	0.83835	0.38808	0.04323	0.01308	1.000	$62,781
45	0.89843	0.46353	0.03962	0.01334	1.000	$63,377
45	0.89850	0.45058	0.03947	0.01308	1.000	$29,787
45	0.89845	0.43886	0.03958	0.01327	1.000	$93,164
45	0.89850	0.41424	0.03947	0.01163	1.000	$42,709
45	0.89850	0.40116	0.04135	0.01453	1.000	$20,072
45	0.89850	0.38808	0.03947	0.01308	1.000	$62,781
45	0.32331	0.31395	0.04887	0.01453	1.000	$280,000
45	0.32331	0.30087	0.04699	0.01453	1.000	$199,225
45	0.32331	0.28779	0.04699	0.01599	1.000	$479,225
45	0.37970	0.31395	0.04887	0.01308	1.000	$290,000
45	0.37970	0.30087	0.04511	0.01163	1.000	$189,425
45	0.37970	0.28779	0.04699	0.01453	1.000	$479,425
45	0.43985	0.31541	0.04323	0.01017	1.000	$300,000
45	0.43797	0.30233	0.04511	0.01017	1.000	$180,145
45	0.43797	0.28924	0.04511	0.01163	1.000	$480,145
45	0.32331	0.26308	0.04699	0.01453	1.000	$640,000
45	0.32331	0.25000	0.04699	0.01453	1.000	$464,571
45	0.37970	0.26453	0.04511	0.01163	1.000	$665,000
45	0.43797	0.26599	0.04511	0.00872	1.000	$685,000
45	0.37970	0.25145	0.04699	0.01308	1.000	$438,971
45	0.43797	0.25145	0.04323	0.01163	1.000	$419,021
45	0.31579	0.23686	0.16541	0.01463	1.000	$1,104,571 $1,103,971 $1,104,021
45	0.32331	0.21221	0.04699	0.01599	1.000	$125,000
45	0.37970	0.21366	0.04887	0.01308	1.000	$130,000
45	0.32707	0.20058	0.04323	0.01453	1.000	$89,263
45	0.38534	0.20058	0.04323	0.01453	1.000	$85,513
45	0.32331	0.18750	0.04511	0.01453	1.000	$214,263
45	0.37970	0.18895	0.04699	0.01308	1.000	$215,513
45	0.43790	0.21492	0.04526	0.01057	1.000	$130,000
45	0.44361	0.20058	0.03947	0.01163	1.000	$81,613
45	0.43797	0.18895	0.04511	0.01163	1.000	$211,613
45	0.32895	0.16279	0.04135	0.01453	1.000	$79,670
45	0.32895	0.15116	0.03947	0.01163	1.000	$13,760
45	0.32707	0.13953	0.04135	0.01017	1.000	$93,430
45	0.38534	0.16279	0.04323	0.01453	1.000	$81,402
45	0.38534	0.15116	0.04135	0.01453	1.000	$12,167
45	0.38530	0.13801	0.03955	0.01177	1.000	$93,569
45	0.44361	0.16279	0.03947	0.01163	1.000	$83,171
45	0.44549	0.15262	0.03759	0.01017	1.000	$10,539
45	0.44549	0.14099	0.03759	0.00872	1.000	$93,710
45	0.31764	0.11475	0.05081	0.01033	1.000	$1,213,855
45	0.25752	0.10901	0.06391	0.00872	1.000	.......
45	0.37395	0.11307	0.05098	0.01224	1.000	$1,238,561
45	0.32702	0.10306	0.04145	0.00899	1.000	$853,830
45	0.38158	0.10174	0.04323	0.01017	1.000	$809,862
45	0.31761	0.08851	0.05087	0.01194	1.000	$2,067,686
45	0.37030	0.08866	0.05451	0.01163	1.000	$2,048,423
45	0.43045	0.11192	0.05263	0.01308	1.000	$1,273,487
45	0.43982	0.10313	0.04141	0.01030	1.000	$771,947
45	0.43045	0.09012	0.05263	0.00872	1.000	$2,045,434
45	0.49615	0.31371	0.04529	0.01065	1.000	$310,000
45	0.49624	0.30087	0.04511	0.01163	1.000	$170,545
45	0.49616	0.28902	0.04528	0.01063	1.000	$480,545
45	0.49812	0.26599	0.04135	0.00872	1.000	$705,000
45	0.50000	0.25291	0.03947	0.00872	1.000	$398,471
45	0.49060	0.24128	0.04887	0.00727	1.000	$1,103,471
45	0.49794	0.21601	0.04172	0.00983	1.000	$135,000
45	0.50188	0.20203	0.03947	0.01017	1.000	$77,713
45	0.49798	0.18998	0.04351	0.00958	1.000	$212,713
45	0.50376	0.16570	0.03571	0.00872	1.000	$84,979
45	0.50940	0.15262	0.03008	0.00872	1.000	$8,875
45	0.50376	0.14099	0.03759	0.00872	1.000	$93,854
45	0.48870	0.11475	0.05268	0.01032	1.000	$1,313,590
45	0.49996	0.10308	0.04143	0.00895	1.000	$732,938
45	0.48860	0.08826	0.05288	0.01098	1.000	$2,046,528
45	0.51880	0.07267	0.01880	0.01163	1.000	45
45	0.55451	0.31395	0.04323	0.01163	1.000	$320,000
45	0.55451	0.30087	0.04323	0.01163	1.000	$160,625
45	0.55263	0.28924	0.04511	0.01163	1.000	$480,625
45	0.60902	0.31395	0.04511	0.01163	1.000	$330,000
45	0.60902	0.30087	0.04511	0.01163	1.000	$150,385
45	0.60902	0.28924	0.04511	0.01163	1.000	$480,385
45	0.66541	0.31395	0.04511	0.01163	1.000	$340,000
45	0.66541	0.30087	0.04511	0.01163	1.000	$139,825
45	0.66541	0.28924	0.04511	0.01163	1.000	$479,825
45	0.72180	0.31395	0.04511	0.01163	1.000	$350,000
45	0.72180	0.30087	0.04511	0.01163	1.000	$127,925
45	0.72180	0.28924	0.04511	0.01163	1.000	$477,925
45	0.78008	0.31250	0.04699	0.01453	1.000	$365,000
45	0.77820	0.30087	0.04511	0.01163	1.000	$115,675
45	0.77820	0.28924	0.04699	0.01163	1.000	$480,675
45	0.83631	0.31361	0.04731	0.01377	1.000	$375,000
45	0.83459	0.30087	0.04699	0.01163	1.000	$102,900
45	0.83459	0.28924	0.04699	0.01163	1.000	$477,900
45	0.89474	0.31395	0.04323	0.01163	1.000	$390,000
45	0.89850	0.30087	0.03947	0.01163	1.000	$89,775
45	0.89286	0.28924	0.04511	0.01308	1.000	$479,775
45	0.55451	0.26453	0.04323	0.01163	1.000	$730,000
45	0.60902	0.26453	0.04511	0.01163	1.000	$750,000
45	0.66541	0.26453	0.04511	0.01163	1.000	$775,000
45	0.55451	0.25000	0.04323	0.01308	1.000	$377,321
45	0.60902	0.25145	0.04511	0.01163	1.000	$355,421
45	0.66541	0.25145	0.04323	0.01163	1.000	$332,921
45	0.71617	0.26308	0.05075	0.01308	1.000	$795,000
45	0.77256	0.26453	0.05075	0.01163	1.000	$825,000
45	0.83459	0.26453	0.04699	0.01017	1.000	$850,000
45	0.72180	0.25145	0.04511	0.01163	1.000	$308,121
45	0.77820	0.25145	0.04511	0.01163	1.000	$282,681
45	0.83459	0.25145	0.04511	0.01163	1.000	$256,900
45	0.89286	0.26308	0.04511	0.01163	1.000	$875,000
45	0.89286	0.25145	0.04511	0.01163	1.000	$230,338
45	0.54699	0.23834	0.10902	0.01314	1.000	$1,107,321 $1,105,421
45	0.65414	0.23834	0.28383	0.01314	1.000	$1,107,921 $1,103,121 $1,107,681 $1,106,900 $1,105,338
45	0.55263	0.21366	0.04511	0.01163	1.000	$140,000
45	0.55827	0.20058	0.03947	0.01163	1.000	$73,663
45	0.55263	0.18895	0.04323	0.01163	1.000	$213,663
45	0.60902	0.21366	0.04699	0.01163	1.000	$145,000
45	0.65602	0.21366	0.05451	0.01163	1.000	$150,000
45	0.61278	0.20058	0.04323	0.01453	1.000	$69,463
45	0.60902	0.18895	0.04511	0.01163	1.000	$214,463
45	0.66917	0.20058	0.04135	0.01308	1.000	$64,750
45	0.66541	0.18895	0.04323	0.01163	1.000	$214,750
45	0.72180	0.21221	0.04699	0.01308	1.000	$155,000
45	0.76692	0.21366	0.05827	0.01163	1.000	$160,000
45	0.72556	0.20058	0.04135	0.01308	1.000	$59,875
45	0.82519	0.21366	0.05639	0.01163	1.000	$165,000
45	0.72180	0.18895	0.04511	0.01163	1.000	$214,875
45	0.78383	0.20058	0.04135	0.01308	1.000	$54,838
45	0.78008	0.18895	0.04511	0.01163	1.000	$214,838
45	0.84023	0.20058	0.04323	0.01453	1.000	$49,238
45	0.83647	0.18895	0.04511	0.01163	1.000	$214,238
45	0.89286	0.21366	0.04511	0.01163	1.000	$170,000
45	0.89850	0.20058	0.03947	0.01308	1.000	$43,463
45	0.89286	0.18895	0.04511	0.01163	1.000	$213,463
45	0.55811	0.16391	0.03979	0.01229	1.000	$86,826
45	0.56579	0.15116	0.03195	0.01163	1.000	$7,176
45	0.55827	0.13953	0.03947	0.01017	1.000	$94,002
45	0.61466	0.16279	0.03947	0.01308	1.000	$88,713
45	0.62030	0.15116	0.03383	0.01163	1.000	$5,439
45	0.61466	0.13808	0.03947	0.01163	1.000	$94,152
45	0.66917	0.16424	0.04135	0.01163	1.000	$90,641
45	0.67481	0.15116	0.03571	0.01163	1.000	$3,665
45	0.67105	0.13953	0.03947	0.01017	1.000	$94,306
45	0.72744	0.16424	0.03947	0.01163	1.000	$92,611
45	0.73308	0.15116	0.03383	0.01163	1.000	$1,852
45	0.72744	0.13953	0.03947	0.01017	1.000	$94,463
45	0.54507	0.11325	0.05460	0.01187	1.000	$1,358,876
45	0.59586	0.10901	0.06203	0.01599	1.000	$1,399,353
45	0.65226	0.10901	0.06015	0.01599	1.000	$1,445,027
45	0.70666	0.10875	0.06225	0.01651	1.000	$1,485,908
45	0.76498	0.10877	0.12041	0.01648	1.000	$1,447,379 $1,491,639
45	0.88718	0.11327	0.05083	0.01184	1.000	$1,541,086
45	0.55451	0.10320	0.04323	0.00872	1.000	$692,680
45	0.60884	0.10124	0.04548	0.01119	1.000	$651,013
45	0.66541	0.10174	0.04323	0.01017	1.000	$607,720
45	0.72556	0.10320	0.04135	0.00872	1.000	$560,421
45	0.78195	0.10320	0.04135	0.00872	1.000	$511,760
45	0.83835	0.10320	0.04135	0.00872	1.000	$463,343
45	0.89662	0.10320	0.04135	0.00872	1.000	$413,434
45	0.54696	0.08856	0.05082	0.01038	1.000	$2,051,556
45	0.59962	0.09003	0.22556	0.01026	1.000	$2,050,366 $2,052,747 $2,046,329 $1,959,139
45	0.82514	0.08992	0.05649	0.00912	1.000	$1,954,983
45	0.87963	0.08702	0.05841	0.01347	1.000	$1,954,520
46	0.11842	0.93750	0.05263	0.00727	1.000	FISCAL YEAR
46	0.11842	0.92436	0.09023	0.01024	1.000	MASS WATER POOL 3*
46	0.11654	0.91134	0.04699	0.01017	1.000	PRINCIPAL
46	0.11842	0.89826	0.04323	0.01163	1.000	INTEREST
46	0.11654	0.88663	0.13534	0.01169	1.000	TOTAL MASS WATER POLL TRUST
46	0.11654	0.87500	0.09023	0.01166	1.000	MASS WATER POOL 4*
46	0.11842	0.86337	0.04511	0.01163	1.000	PRINCIPAL
46	0.11654	0.85029	0.04511	0.01163	1.000	INTEREST
46	0.11654	0.83854	0.13534	0.01175	1.000	TOTAL MASS WATER POLL TRUST
46	0.11653	0.82551	0.09026	0.01322	1.000	MASS WATER POOL 5*
46	0.11654	0.81395	0.04699	0.01308	1.000	PRINCIPAL
46	0.11654	0.80233	0.04511	0.01163	1.000	INTEREST
46	0.11654	0.78919	0.13534	0.01314	1.000	TOTAL MASS WATER POLL TRUST
46	0.11643	0.77713	0.09045	0.01405	1.000	MASS WATER POOL 7*
46	0.11654	0.76744	0.04887	0.01017	1.000	PRINCIPAL
46	0.11654	0.75436	0.04511	0.01163	1.000	INTEREST
46	0.11654	0.74273	0.13534	0.01173	1.000	TOTAL MASS WATER POLL TRUST
46	0.11654	0.72965	0.08835	0.01167	1.000	MUNICIPAL PURPOSE
46	0.11654	0.71802	0.04699	0.01163	1.000	PRINCIPAL
46	0.11654	0.70640	0.04511	0.01163	1.000	INTEREST
46	0.11654	0.69469	0.11654	0.01170	1.000	TOTAL MUNICIPAL PURPOSE
46	0.11654	0.68304	0.09211	0.01028	1.000	MASS WATER POOL 9*
46	0.11650	0.66994	0.04896	0.01186	1.000	PRINCIPAL
46	0.11654	0.65843	0.04511	0.01163	1.000	INTEREST
46	0.11466	0.64534	0.13722	0.01314	1.000	TOTAL MASS WATER POLL TRUST
46	0.11466	0.63368	0.09774	0.01314	1.000	MASS WATER POOL 13*
46	0.11466	0.62209	0.04887	0.01163	1.000	PRINCIPAL
46	0.11466	0.61047	0.04511	0.01017	1.000	INTEREST
46	0.11466	0.59738	0.13722	0.01174	1.000	TOTAL MASS WATER POLL TRUST
46	0.11466	0.58576	0.09023	0.01171	1.000	MUNICIPAL PURPOSE
46	0.11654	0.57413	0.04699	0.01163	1.000	PRINCIPAL
46	0.11648	0.56090	0.04336	0.01192	1.000	INTEREST
46	0.11466	0.54936	0.11842	0.01314	1.000	TOTAL MUNICIPAL PURPOSE
46	0.11466	0.53770	0.09774	0.01172	1.000	MASS WATER POOL 14*
46	0.11842	0.52762	0.04511	0.00872	1.000	PRINCIPAL
46	0.11654	0.51453	0.04323	0.01017	1.000	INTEREST
46	0.11466	0.50145	0.13722	0.01169	1.000	TOTAL MASS WATER POLL TRUST
46	0.11466	0.48983	0.12030	0.01166	1.000	MUNICIPAL PURPOSE SEWER
46	0.11654	0.47820	0.04699	0.01163	1.000	PRINCIPAL
46	0.11645	0.46492	0.04341	0.01202	1.000	INTEREST
46	0.11466	0.45337	0.13722	0.01174	1.000	TOTAL MUNICIPAL PURPOSE SEW
46	0.11654	0.44041	0.12030	0.01173	1.000	MUNICIPAL PURPOSE WATER
46	0.11466	0.43023	0.04887	0.01017	1.000	PRINCIPAL
46	0.11654	0.41715	0.04323	0.01163	1.000	INTEREST
46	0.11466	0.40402	0.13722	0.01314	1.000	TOTAL MUNICIPAL PURPOSE WAT
46	0.11639	0.39180	0.08865	0.01437	1.000	MUNICIPAL PURPOSE
46	0.11654	0.38081	0.04699	0.01163	1.000	PRINCIPAL
46	0.11654	0.36919	0.04323	0.01163	1.000	INTEREST
46	0.11466	0.35756	0.13722	0.01174	1.000	TOTAL MUNICIPAL PURPOSE WAT
46	0.11466	0.34448	0.09586	0.01167	1.000	MS-HS CONSTRUCTION
46	0.11466	0.33285	0.04887	0.01163	1.000	PRINCIPAL
46	0.11466	0.32122	0.04511	0.01163	1.000	INTEREST
46	0.11466	0.30804	0.13534	0.01319	1.000	TOTAL SCH GENERAL OBLIGATIOI
46	0.11466	0.29651	0.09586	0.01163	1.000	MS-HS CONSTRUCTION
46	0.11466	0.28488	0.04887	0.01163	1.000	PRINCIPAL
46	0.11466	0.27326	0.04511	0.01163	1.000	INTEREST
46	0.11466	0.26017	0.13534	0.01314	1.000	TOTAL SCH GENERAL OBLIGATIOI
46	0.11466	0.24851	0.12030	0.01166	1.000	MS-HS CONSTRUCTION / MPL
46	0.11466	0.23692	0.04887	0.01163	1.000	PRINCIPAL
46	0.11654	0.22384	0.04323	0.01308	1.000	INTEREST
46	0.11466	0.21221	0.13534	0.01308	1.000	TOTAL SCH GENERAL OBLIGATIO!
46	0.11466	0.20058	0.12218	0.01172	1.000	MASS CLEAN WATER POOL 19
46	0.11466	0.18895	0.04887	0.01163	1.000	PRINCIPAL
46	0.11466	0.17733	0.04511	0.01017	1.000	INTEREST
46	0.11466	0.16419	0.13722	0.01314	1.000	TOTAL MASS CLEAN WATER TRUS
46	0.11654	0.13953	0.10714	0.01453	1.000	GRAND TOTAL PRINCIPAL
46	0.11654	0.12791	0.10150	0.01173	1.000	GRAND TOTAL INTEREST
46	0.11466	0.11628	0.05639	0.01170	1.000	TOTAL DEBT
46	0.32707	0.93459	0.02632	0.01017	1.000	2030
46	0.37970	0.93459	0.02444	0.01017	1.000	2031
46	0.43233	0.93459	0.02444	0.01017	1.000	2032
46	0.50188	0.93750	0.02444	0.00727	1.000	2040
46	0.60526	0.93605	0.02632	0.01017	1.000	2042
46	0.65602	0.93605	0.03195	0.01017	1.000	2043
46	0.71053	0.93459	0.02632	0.01163	1.000	2044
46	0.76316	0.93605	0.03195	0.01017	1.000	2045
46	0.80639	0.93750	0.04135	0.00872	1.000	2046
46	0.84774	0.93459	0.03195	0.01163	1.000	2047
46	0.90602	0.93314	0.03571	0.01308	1.000	TOTAL
46	0.90226	0.91134	0.03759	0.01163	1.000	$10,651
46	0.91353	0.89826	0.02444	0.01308	1.000	$533
46	0.90226	0.88663	0.03571	0.01163	1.000	$11,184
46	0.90226	0.86337	0.03571	0.01163	1.000	$32,145
46	0.90602	0.85029	0.03195	0.01163	1.000	$2,452
46	0.90226	0.83866	0.03571	0.01163	1.000	$34,597
46	0.89662	0.81541	0.04135	0.01017	1.000	$100,000
46	0.90977	0.80523	0.02820	0.00727	1.000	$9,966
46	0.89849	0.79212	0.03950	0.00878	1.000	$109,966
46	0.89662	0.76744	0.04135	0.01017	1.000	$665,889
46	0.90226	0.75436	0.03571	0.01163	1.000	$81,507
46	0.89651	0.74251	0.04156	0.01208	1.000	$747,396
46	0.89098	0.71802	0.04699	0.01163	1.000	$7,615,000
46	0.89098	0.70640	0.04699	0.01163	1.000	$1,236,400
46	0.89098	0.69477	0.04699	0.01163	1.000	$8,851,400
46	0.89098	0.67006	0.04699	0.01163	1.000	$3,043,839
46	0.89662	0.65843	0.04323	0.01163	1.000	$546,204
46	0.89098	0.64680	0.04887	0.01163	1.000	$3,171,339
46	0.90038	0.62355	0.03759	0.00872	1.000	$406,486
46	0.92481	0.61047	0.01316	0.01017	1.000	$0
46	0.89850	0.60029	0.03947	0.00727	1.000	$406,486
46	0.89098	0.57413	0.04699	0.01017	1.000	$1,150,000
46	0.89662	0.56250	0.04135	0.01017	1.000	$220,968
46	0.89098	0.55087	0.04699	0.01017	1.000	$1,370,968
46	0.89662	0.52616	0.04135	0.01017	1.000	$231,838
46	0.90226	0.51308	0.03759	0.01163	1.000	$31,436
46	0.89651	0.50122	0.04344	0.01210	1.000	$263,274
46	0.31579	0.47674	0.03947	0.01599	1.000	$43,109
46	0.31391	0.46512	0.03947	0.01453	1.000	$50,055
46	0.31384	0.45335	0.03774	0.01191	1.000	$93,164
46	0.36647	0.47663	0.04149	0.01477	1.000	$44,995
46	0.36644	0.46494	0.03780	0.01344	1.000	$48,169
46	0.36648	0.45337	0.03772	0.01187	1.000	$93,164
46	0.41917	0.47674	0.04135	0.01453	1.000	$46,963
46	0.41917	0.46512	0.03947	0.01308	1.000	$46,201
46	0.41917	0.45349	0.03947	0.01163	1.000	$93,164
46	0.48872	0.47674	0.03759	0.01308	1.000	$66,150
46	0.48872	0.46512	0.03759	0.01308	1.000	$27,014
46	0.48872	0.45349	0.03759	0.01163	1.000	$93,164
46	0.54135	0.47674	0.03759	0.01308	1.000	$69,044
46	0.54135	0.46512	0.03759	0.01163	1.000	$24,120
46	0.54135	0.45349	0.03759	0.01163	1.000	$93,164
46	0.59398	0.47674	0.03947	0.01453	1.000	$72,065
46	0.59398	0.46512	0.03759	0.01163	1.000	$21,099
46	0.59398	0.45349	0.03759	0.01163	1.000	$93,164
46	0.64662	0.47674	0.03759	0.01308	1.000	$75,218
46	0.64662	0.46512	0.03947	0.01453	1.000	$17,946
46	0.64662	0.45349	0.03759	0.01163	1.000	$93,164
46	0.69925	0.47674	0.03759	0.01308	1.000	$78,508
46	0.69925	0.46512	0.03759	0.01163	1.000	$14,656
46	0.69925	0.45349	0.03759	0.01163	1.000	$93,164
46	0.75188	0.47669	0.12782	0.01314	1.000	$81,943 $85,528 $89,008
46	0.75188	0.46512	0.03759	0.01163	1.000	$11,221
46	0.75188	0.45349	0.03759	0.01163	1.000	$93,164
46	0.79887	0.46512	0.03571	0.01163	1.000	$7,636
46	0.79323	0.45349	0.04135	0.01163	1.000	$93,164
46	0.84774	0.46512	0.03195	0.01163	1.000	$3,894
46	0.83820	0.45318	0.04164	0.01224	1.000	$92,902
46	0.89098	0.47820	0.04699	0.01017	1.000	$1,564,744
46	0.89089	0.46631	0.04717	0.01069	1.000	$1,323,078
46	0.89281	0.45479	0.04521	0.00902	1.000	$2,887,822
46	0.31391	0.42878	0.03947	0.01308	1.000	$29,050
46	0.31391	0.41715	0.04135	0.01308	1.000	$33,731
46	0.31391	0.40552	0.03947	0.01163	1.000	$62,781
46	0.36842	0.42878	0.03759	0.01308	1.000	$30,321
46	0.36654	0.41715	0.03759	0.01163	1.000	$32,460
46	0.36654	0.40552	0.03947	0.01163	1.000	$62,781
46	0.41729	0.43023	0.03947	0.01163	1.000	$31,648
46	0.41729	0.41715	0.04135	0.01163	1.000	$31,133
46	0.41729	0.40552	0.04135	0.01163	1.000	$62,781
46	0.48872	0.42878	0.03759	0.01163	1.000	$44,577
46	0.48872	0.41715	0.03759	0.01163	1.000	$18,204
46	0.48872	0.40552	0.03759	0.01163	1.000	$62,781
46	0.54135	0.42878	0.03759	0.01163	1.000	$46,527
46	0.54135	0.41715	0.03759	0.01163	1.000	$16,254
46	0.54135	0.40552	0.03759	0.01163	1.000	$62,781
46	0.59398	0.42878	0.03759	0.01163	1.000	$48,563
46	0.59398	0.41715	0.03759	0.01163	1.000	$14,218
46	0.59398	0.40552	0.03759	0.01163	1.000	$62,781
46	0.64662	0.42878	0.03947	0.01308	1.000	$50,688
46	0.64662	0.41715	0.03947	0.01308	1.000	$12,093
46	0.64662	0.40552	0.03759	0.01163	1.000	$62,781
46	0.69925	0.42878	0.03759	0.01163	1.000	$52,905
46	0.70301	0.41715	0.03571	0.01308	1.000	$9,876
46	0.69925	0.40552	0.03759	0.01163	1.000	$62,781
46	0.75188	0.42878	0.03947	0.01163	1.000	$55,220
46	0.75564	0.41715	0.03383	0.01163	1.000	$7,561
46	0.79135	0.42878	0.08835	0.01170	1.000	$57,636 $59,970
46	0.75188	0.40552	0.03759	0.01163	1.000	$62,781
46	0.80075	0.41715	0.03383	0.01163	1.000	$5,145
46	0.79135	0.40552	0.04511	0.01163	1.000	$62,781
46	0.84586	0.41715	0.03383	0.01163	1.000	$2,624
46	0.83647	0.40552	0.04323	0.01163	1.000	$62,594
46	0.89286	0.43169	0.04511	0.00872	1.000	$1,054,441
46	0.89662	0.41715	0.04135	0.01017	1.000	$891,583
46	0.89098	0.40552	0.04887	0.01017	1.000	$1,946,024
46	0.31015	0.33285	0.05075	0.01163	1.000	$290,000
46	0.36090	0.33285	0.05263	0.01163	1.000	$300,000
46	0.40977	0.33285	0.04699	0.01163	1.000	$310,000
46	0.30827	0.31977	0.04511	0.01453	1.000	$189,425
46	0.36090	0.31977	0.04511	0.01453	1.000	$180,145
46	0.41541	0.31977	0.04323	0.01308	1.000	$170,545
46	0.30817	0.30793	0.04344	0.01350	1.000	$479,425
46	0.36274	0.30807	0.04331	0.01468	1.000	$480,145
46	0.41541	0.30814	0.04135	0.01308	1.000	$480,545
46	0.31015	0.28488	0.04511	0.01453	1.000	$665,000
46	0.30827	0.27180	0.05075	0.01308	1.000	$438,971
46	0.36278	0.28488	0.04323	0.01453	1.000	$685,000
46	0.35902	0.27180	0.04511	0.01308	1.000	$419,021
46	0.41541	0.28488	0.04135	0.01308	1.000	$705,000
46	0.41353	0.27180	0.04323	0.01308	1.000	$398,471
46	0.30263	0.25868	0.15602	0.01463	1.000	$1103,971 $1,104,021 $1,103,471
46	0.31015	0.23537	0.14662	0.01318	1.000	$130,000 $130,000 $135,000
46	0.31391	0.22384	0.04135	0.01453	1.000	$85,513
46	0.36654	0.22384	0.03947	0.01453	1.000	$81,613
46	0.41917	0.22384	0.03759	0.01308	1.000	$77,713
46	0.31015	0.21221	0.09586	0.01308	1.000	$215,513 $211,613
46	0.41541	0.21221	0.04135	0.01163	1.000	$212,713
46	0.31391	0.18750	0.04135	0.01599	1.000	$81,402
46	0.36654	0.18895	0.04135	0.01308	1.000	$83,171
46	0.31391	0.17587	0.03947	0.01453	1.000	$12,167
46	0.36654	0.17587	0.03759	0.01163	1.000	$10,539
46	0.31386	0.16416	0.03768	0.01180	1.000	$93,569
46	0.36654	0.16424	0.03947	0.01163	1.000	$93,710
46	0.41917	0.18895	0.03759	0.01163	1.000	$84,979
46	0.42481	0.17587	0.03195	0.01163	1.000	$8,875
46	0.41729	0.16424	0.04135	0.01163	1.000	$93,854
46	0.48496	0.33285	0.04135	0.01163	1.000	$405,000
46	0.48872	0.32122	0.03759	0.01163	1.000	$76,125
46	0.48496	0.30959	0.03947	0.01017	1.000	$481,125
46	0.53759	0.33285	0.04135	0.01163	1.000	$420,000
46	0.54135	0.32122	0.03759	0.01163	1.000	$61,950
46	0.53756	0.30951	0.04142	0.01035	1.000	$481,950
46	0.58835	0.33285	0.04323	0.01163	1.000	$435,000
46	0.59398	0.31977	0.03759	0.01308	1.000	$47,250
46	0.59023	0.30959	0.04135	0.01017	1.000	$482,250
46	0.64098	0.33140	0.04511	0.01308	1.000	$450,000
46	0.64662	0.32122	0.03759	0.01163	1.000	$32,025
46	0.68797	0.33285	0.04887	0.01163	1.000	$465,000
46	0.69920	0.31968	0.03769	0.01325	1.000	$16,275
46	0.64286	0.30959	0.04135	0.01017	1.000	$482,025
46	0.69549	0.30959	0.04135	0.01017	1.000	$481,275
46	0.89662	0.38081	0.04323	0.01163	1.000	$200,000
46	0.90602	0.36919	0.03383	0.01017	1.000	$2,500
46	0.89850	0.35756	0.03947	0.01017	1.000	$202,500
46	0.87970	0.33285	0.05827	0.01599	1.000	$8,70,000
46	0.89098	0.32122	0.04887	0.01017	1.000	$4,894,500
46	0.88717	0.31089	0.05084	0.00904	1.000	$13,664,500
46	0.48684	0.28634	0.03947	0.00872	1.000	$905,000
46	0.53759	0.28488	0.04135	0.01163	1.000	$935,000
46	0.59013	0.28467	0.04155	0.01206	1.000	$965,000
46	0.48496	0.27326	0.04135	0.01017	1.000	$202,994
46	0.53568	0.27319	0.04329	0.01176	1.000	$172,450
46	0.59023	0.27326	0.04135	0.01163	1.000	$140,894
46	0.64286	0.28488	0.14662	0.01174	1.000	$995,000 $1,030,000 $1,070,000
46	0.64286	0.27326	0.04135	0.01017	1.000	$108,325
46	0.69925	0.27326	0.03759	0.01017	1.000	$73,500
46	0.75188	0.27326	0.03759	0.01017	1.000	$37,450
46	0.47744	0.26017	0.04887	0.01163	1.000	$1,107,994
46	0.52820	0.26017	0.10526	0.01166	1.000	$1,107,450 $1,105,894
46	0.63346	0.26163	0.15602	0.01020	1.000	$1,103,325 $1,103,500 $1,107,450
46	0.88718	0.28620	0.05083	0.00900	1.000	$20,210,000
46	0.88717	0.27453	0.05085	0.00907	1.000	$11,851,406
46	0.88722	0.26308	0.05075	0.00727	1.000	$32,061,406
46	0.48496	0.23692	0.04135	0.01163	1.000	$175,000
46	0.48872	0.22529	0.03571	0.01017	1.000	$37,513
46	0.48488	0.21348	0.03963	0.01054	1.000	$212,513
46	0.53759	0.23692	0.04135	0.01163	1.000	$180,000
46	0.54135	0.22384	0.03759	0.01308	1.000	$31,825
46	0.59023	0.23692	0.04135	0.01163	1.000	$190,000
46	0.53759	0.21221	0.04323	0.01163	1.000	$211,825
46	0.59398	0.22384	0.03759	0.01308	1.000	$25,975
46	0.58083	0.21366	0.05075	0.01017	1.000	$215,975
46	0.64286	0.23692	0.04135	0.01163	1.000	$195,000
46	0.64662	0.22384	0.03759	0.01308	1.000	$19,800
46	0.64286	0.21221	0.04135	0.01163	1.000	$214,800
46	0.69549	0.23692	0.04135	0.01163	1.000	$200,000
46	0.69925	0.22529	0.03759	0.01017	1.000	$13,365
46	0.69549	0.21221	0.04135	0.01163	1.000	$213,365
46	0.74812	0.23692	0.04135	0.01163	1.000	$205,000
46	0.75752	0.22384	0.03195	0.01163	1.000	$6,765
46	0.74801	0.21195	0.04346	0.01215	1.000	$211,765
46	0.89098	0.23837	0.04699	0.00872	1.000	$5,610,000
46	0.89286	0.22674	0.04511	0.00872	1.000	$2,417,563
46	0.89286	0.21512	0.04511	0.00727	1.000	$8,027,563
46	0.89098	0.19041	0.04699	0.00872	1.000	$1,521,653
46	0.89845	0.17866	0.03956	0.00896	1.000	$339,039
46	0.89091	0.16549	0.04712	0.00915	1.000	$1,860,692
46	0.30451	0.13953	0.15226	0.01308	1.000	$1,238,561 $1,273,487 $1,313,590
46	0.31203	0.13081	0.03947	0.00872	1.000	$809,862
46	0.36276	0.12931	0.04139	0.01027	1.000	$771,947
46	0.41729	0.12936	0.03947	0.01017	1.000	$732,938
46	0.30639	0.11773	0.15038	0.00876	1.000	$2,048,423 $2,045,434 $2,046,528
46	0.47738	0.14080	0.04713	0.01056	1.000	$1,595,727
46	0.52805	0.13913	0.05292	0.01244	1.000	$1,650,572
46	0.57895	0.14236	0.05263	0.01316	1.000	' $1,710,628
46	0.63719	0.14235	0.04705	0.00890	1.000	$1,765,905
46	0.68980	0.14226	0.04898	0.00908	1.000	$1,826,414
46	0.73673	0.13780	0.05286	0.01364	1.000	• $1,412,163
46	0.78947	0.13663	0.04511	0.01453	1.000	• 5143,164
46	0.83271	0.13808	0.04887	0.01744	1.000	$148,978
46	0.88534	0.14244	0.05451	0.00727	1.000	$52,186,686
46	0.85150	0.12936	0.03008	0.00872	1.000	$6,518
46	0.88346	0.13081	0.05639	0.00727	1.000	$23,849,136
46	0.47932	0.11773	0.45865	0.00876	1.000	$1,957,576 $1,957,170 $1,960,064 $1,956,095 $1,954,085 $1,475,160 $155,945 $155,496 $76,035,822
46	0.11466	0.09301	0.59211	0.01019	1.000	*MASS WATER POLLUTION ABATEMENT TRUST: PAYMENT AMOUNTS TO BE SUBSIDIZED BY EQUITY EARNINGS AND CONTRACT ASSISTANCE PAYMENTS
46	0.51880	0.07267	0.01880	0.01163	1.000	46
47	0.09738	0.70113	0.06541	0.01325	1.000	FISCAL YEAR
47	0.09738	0.66353	0.06977	0.01504	1.000	REAL ESTATE
47	0.09884	0.64662	0.06686	0.01320	1.000	LEVY OF 2007
47	0.09884	0.62773	0.06686	0.01325	1.000	LEVY OF 2008
47	0.09884	0.60902	0.06686	0.01325	1.000	LEVY OF 2009
47	0.09884	0.59018	0.06686	0.01320	1.000	LEVY OF 2010
47	0.09738	0.56955	0.06831	0.01518	1.000	LEVY OF 2011
47	0.09738	0.55071	0.06831	0.01508	1.000	LEVY OF 2012
47	0.09884	0.53562	0.06686	0.01137	1.000	LEVY OF 2013
47	0.10029	0.51692	0.06541	0.01132	1.000	LEVY OF 2014
47	0.10029	0.49807	0.06541	0.01132	1.000	LEVY OF 2015
47	0.10029	0.47932	0.06541	0.01137	1.000	LEVY OF 2016
47	0.10029	0.44159	0.10901	0.01155	1.000	PERSONAL PROPERTY
47	0.09884	0.42105	0.06686	0.01508	1.000	LEVY OF 1998
47	0.09884	0.40404	0.06686	0.01325	1.000	LEVY OF 1999
47	0.10029	0.38534	0.06541	0.01325	1.000	LEVY OF 2000
47	0.09738	0.36457	0.06831	0.01513	1.000	LEVY OF 2001
47	0.10029	0.34774	0.06541	0.01330	1.000	LEVY OF 2002
47	0.09738	0.32702	0.06831	0.01508	1.000	LEVY OF 2003
47	0.10029	0.31194	0.06541	0.01137	1.000	LEVY OF 2004
47	0.09884	0.29135	0.06686	0.01320	1.000	LEVY OF 2005
47	0.10029	0.27439	0.06541	0.01132	1.000	LEVY OF 2006
47	0.09884	0.25564	0.06686	0.01137	1.000	LEVY OF 2007
47	0.10029	0.23684	0.06541	0.01128	1.000	LEVY OF 2008
47	0.09884	0.21791	0.06686	0.01155	1.000	LEVY OF 2009
47	0.10029	0.19925	0.06541	0.01320	1.000	LEVY OF 2010
47	0.09884	0.18036	0.06541	0.01325	1.000	LEVY OF 2011
47	0.10029	0.16165	0.06541	0.01325	1.000	LEVY OF 2012
47	0.10029	0.14281	0.06541	0.01320	1.000	LEVY OF 2013
47	0.09884	0.12406	0.06686	0.01330	1.000	LEVY OF 2014
47	0.09884	0.10526	0.06541	0.01316	1.000	LEVY OF 2015
47	0.09884	0.08825	0.06686	0.01137	1.000	LEVY OF 2016
47	0.28920	0.70085	0.05532	0.01560	1.000	FORWARD
47	0.29070	0.64286	0.04797	0.01692	1.000	$3,890.09
47	0.29788	0.62376	0.03505	0.01751	1.000	$15.90
47	0.29942	0.60526	0.03052	0.01692	1.000	$0.00
47	0.29501	0.58442	0.04226	0.02289	1.000	$137.74
47	0.29792	0.56754	0.03644	0.02282	1.000	$30.71
47	0.29797	0.55075	0.03343	0.01692	1.000	$28.60
47	0.28922	0.52992	0.05529	0.01724	1.000	($6,213.94)
47	0.28924	0.51316	0.05523	0.01504	1.000	($4,460.08)
47	0.28630	0.49598	0.05822	0.01556	1.000	$491,780.45
47	0.30233	0.47932	0.02616	0.01128	1.000	$0.00
47	0.29063	0.42066	0.04811	0.01583	1.000	$3,705.21
47	0.29065	0.40201	0.04806	0.01553	1.000	$1,900.15
47	0.29066	0.38328	0.04803	0.01539	1.000	$1,695.21
47	0.29068	0.36457	0.04800	0.01523	1.000	$1,095.91
47	0.29053	0.34493	0.04830	0.01692	1.000	$3,615.73
47	0.29062	0.32662	0.04813	0.01594	1.000	$2,879.08
47	0.29213	0.31191	0.04655	0.01152	1.000	$3,187.82
47	0.29067	0.28932	0.04802	0.01534	1.000	$2,180.68
47	0.29211	0.27421	0.04659	0.01360	1.000	$3,637.23
47	0.29070	0.25376	0.04797	0.01316	1.000	$3,551.11
47	0.29213	0.23487	0.04655	0.01522	1.000	$4,207.88
47	0.29063	0.21396	0.04810	0.01756	1.000	$4,955.33
47	0.29065	0.19711	0.04806	0.01555	1.000	$5,361.43
47	0.29066	0.17653	0.04803	0.01723	1.000	$4,479.77
47	0.29065	0.15953	0.04806	0.01553	1.000	$4,451.76
47	0.29068	0.14089	0.04800	0.01521	1.000	$4,604.50
47	0.29067	0.12203	0.04802	0.01535	1.000	$5,385.74
47	0.29070	0.10338	0.04797	0.01504	1.000	$7,234.41
47	0.30232	0.08831	0.02618	0.01135	1.000	$0.00
47	0.45494	0.85526	0.13227	0.01893	1.000	TOWN OF LUNENBURG
47	0.43169	0.83459	0.17878	0.01880	1.000	FY2016 COLLECTION OF TAXES
47	0.45058	0.81579	0.14099	0.01701	1.000	RECEIVABLES SUMMARY
47	0.47820	0.79135	0.08430	0.02068	1.000	JUNE 30, 2016
47	0.36192	0.70301	0.16570	0.01330	1.000	COMMITTMENTS ADJUSTMENTS
47	0.54356	0.70273	0.04806	0.01372	1.000	REFUNDS
47	0.61913	0.69892	0.05825	0.01757	1.000	PAYMENTS
47	0.38081	0.51504	0.03924	0.01504	1.000	$464.77
47	0.36483	0.47932	0.07267	0.01316	1.000	$22,936,086.93
47	0.47238	0.55075	0.02907	0.01692	1.000	$3.38
47	0.47093	0.53195	0.03343	0.01504	1.000	$15.67
47	0.47529	0.51504	0.02616	0.01316	1.000	$1.20
47	0.47093	0.49624	0.03343	0.01504	1.000	$24.32
47	0.46076	0.47744	0.05959	0.01316	1.000	($99,731.91)
47	0.54070	0.53383	0.04651	0.01316	1.000	$6,220.76
47	0.54797	0.51692	0.03198	0.01128	1.000	$66.62
47	0.53922	0.49799	0.05091	0.01343	1.000	$13,839.12
47	0.53920	0.47721	0.05095	0.01550	1.000	$12,444.97
47	0.62204	0.51292	0.04807	0.01740	1.000	$1,038.07
47	0.61337	0.49436	0.06831	0.01504	1.000	($206,199.80)
47	0.60610	0.47556	0.08140	0.01692	1.000	($22,231,864.98)
47	0.54942	0.21617	0.02907	0.01504	1.000	$5.63
47	0.54501	0.16322	0.03935	0.01190	1.000	$142.24
47	0.37064	0.08647	0.05959	0.01316	1.000	$689,647.07
47	0.62498	0.27060	0.04364	0.01519	1.000	($37.23)
47	0.62492	0.25152	0.04377	0.01763	1.000	($78.85)
47	0.62204	0.23284	0.04952	0.01740	1.000	($119.25)
47	0.62202	0.21390	0.04957	0.01769	1.000	($197.82)
47	0.62209	0.19549	0.04942	0.01692	1.000	($289.61)
47	0.62209	0.17669	0.05087	0.01692	1.000	($406.04)
47	0.62201	0.15749	0.04958	0.01773	1.000	($113.05)
47	0.62209	0.13910	0.04942	0.01692	1.000	($145.23)
47	0.62209	0.12030	0.04942	0.01692	1.000	($744.43)
47	0.61919	0.10150	0.05669	0.01692	1.000	($3,552.87)
47	0.61331	0.08228	0.06699	0.01778	1.000	($678,591.76)
47	0.70349	0.70113	0.07267	0.01316	1.000	ABATEMENTS
47	0.70494	0.47556	0.06831	0.01504	1.000	($110,121.08)
47	0.71512	0.08271	0.04797	0.01692	1.000	($127.47)
47	0.79797	0.70301	0.05378	0.01128	1.000	TRANSFER
47	0.78916	0.49379	0.06703	0.01807	1.000	($297,911.35)
47	0.87787	0.70272	0.05386	0.01373	1.000	BALANCES
47	0.87781	0.64418	0.04817	0.01616	1.000	$3,890.09
47	0.88517	0.62594	0.03343	0.01504	1.000	$15.90
47	0.88808	0.60714	0.02762	0.01504	1.000	$0.00
47	0.88227	0.58835	0.03924	0.01504	1.000	$137.74
47	0.88372	0.56955	0.03488	0.01504	1.000	$30.71
47	0.88517	0.55075	0.03343	0.01692	1.000	$31.98
47	0.88663	0.53571	0.03198	0.01128	1.000	$22.49
47	0.87496	0.51292	0.05676	0.01552	1.000	($2,889.42)
47	0.87933	0.49795	0.04657	0.01349	1.000	$1,532.74
47	0.87350	0.47896	0.05823	0.01388	1.000	$506,813.93
47	0.87780	0.41863	0.04819	0.01799	1.000	$3,705.21
47	0.87791	0.40038	0.04797	0.01692	1.000	$1,900.15
47	0.87783	0.38304	0.04812	0.01588	1.000	$1,695.21
47	0.87791	0.36466	0.04797	0.01504	1.000	$1,095.91
47	0.87772	0.34493	0.04834	0.01879	1.000	$3,615.73
47	0.87787	0.32688	0.04803	0.01541	1.000	$2,879.08
47	0.87781	0.30773	0.04816	0.01611	1.000	$3,187.82
47	0.87783	0.28902	0.04813	0.01594	1.000	$2,180.68
47	0.87791	0.27256	0.04797	0.01504	1.000	$3,600.00
47	0.87791	0.25188	0.04797	0.01692	1.000	$3,472.26
47	0.87936	0.23684	0.04651	0.01316	1.000	$4,088.63
47	0.87791	0.21429	0.04797	0.01692	1.000	$4,763.14
47	0.87777	0.19659	0.04824	0.01659	1.000	$5,071.82
47	0.87780	0.17798	0.04818	0.01623	1.000	$4,073.73
47	0.87928	0.16114	0.04668	0.01419	1.000	$4,480.95
47	0.87777	0.14020	0.04824	0.01659	1.000	$4,459.27
47	0.87791	0.12218	0.04651	0.01504	1.000	$4,641.31
47	0.87778	0.10265	0.04823	0.01651	1.000	$3,681.54
47	0.87497	0.08442	0.05384	0.01538	1.000	$10,927.84
48	0.15407	0.61842	0.08140	0.01508	1.000	FISCAL YEAR
48	0.15552	0.59586	0.15116	0.01692	1.000	MOTOR VEHICLE EXCISE
48	0.15552	0.57143	0.08430	0.01880	1.000	LEVY OF 1997
48	0.15552	0.55071	0.08285	0.01893	1.000	LEVY OF 1998
48	0.15550	0.52803	0.08289	0.01913	1.000	LEVY OF 1999
48	0.15552	0.50564	0.08285	0.01692	1.000	LEVY OF 2000
48	0.15552	0.48492	0.08285	0.01508	1.000	LEVY OF 2001
48	0.15552	0.46241	0.08285	0.01705	1.000	LEVY OF 2002
48	0.15552	0.43985	0.08285	0.01692	1.000	LEVY OF 2003
48	0.15407	0.41720	0.08576	0.01701	1.000	LEVY OF 2004
48	0.15552	0.39474	0.08285	0.01893	1.000	LEVY OF 2005
48	0.15552	0.37406	0.08285	0.01692	1.000	LEVY OF 2006
48	0.15552	0.35141	0.08285	0.01701	1.000	LEVY OF 2007
48	0.15552	0.32895	0.08285	0.01701	1.000	LEVY OF 2008
48	0.15552	0.30639	0.08285	0.01692	1.000	LEVY OF 2009
48	0.15552	0.28370	0.08285	0.01705	1.000	LEVY OF 2010
48	0.15552	0.26123	0.08285	0.01701	1.000	LEVY OF 2011
48	0.15552	0.24060	0.08285	0.01518	1.000	LEVY OF 2012
48	0.15552	0.21791	0.08285	0.01518	1.000	LEVY OF 2013
48	0.15552	0.19544	0.08430	0.01701	1.000	LEVY OF 2014
48	0.15552	0.17293	0.08285	0.01705	1.000	LEVY OF 2015
48	0.15552	0.15038	0.08430	0.01692	1.000	LEVY OF 2016
48	0.15552	0.10526	0.13517	0.01893	1.000	OTHER EXCISE TAXES
48	0.60756	0.80451	0.16424	0.01880	1.000	TOWN OF LUNENBURG
48	0.57703	0.78008	0.22529	0.01880	1.000	FY2016 COLLECTION OF TAXES
48	0.60174	0.75564	0.17587	0.01880	1.000	RECEIVABLES SUMMARY
48	0.63658	0.72520	0.10474	0.02329	1.000	JUNE 30, 2016
48	0.39678	0.61826	0.06691	0.01723	1.000	FORWARD
48	0.39971	0.57143	0.05814	0.01880	1.000	$1,690.95
48	0.39968	0.54874	0.05820	0.02094	1.000	$1,603.12
48	0.39964	0.52593	0.05828	0.01956	1.000	$2,923.97
48	0.39971	0.50564	0.05814	0.01692	1.000	$4,131.99
48	0.39969	0.48300	0.05817	0.01896	1.000	$4,644.37
48	0.39968	0.46036	0.05820	0.01913	1.000	$9,350.22
48	0.39968	0.43967	0.05820	0.01727	1.000	$6,453.05
48	0.39819	0.41503	0.05973	0.01956	1.000	$6,326.91
48	0.39971	0.39474	0.05814	0.01880	1.000	$5,690.10
48	0.39966	0.37192	0.05824	0.01931	1.000	$8,623.99
48	0.39971	0.34962	0.05814	0.01880	1.000	$9,688.84
48	0.39959	0.32645	0.05837	0.02003	1.000	$4,051.03
48	0.39971	0.30451	0.05814	0.01880	1.000	$4,430.54
48	0.39968	0.28179	0.05821	0.02100	1.000	$3,686.29
48	0.39962	0.25896	0.05832	0.02155	1.000	$6,731.58
48	0.39970	0.23865	0.05817	0.01894	1.000	$6,004.05
48	0.39823	0.21602	0.05965	0.01909	1.000	$9,296.43
48	0.39533	0.19347	0.06691	0.01908	1.000	$25,974.18
48	0.39244	0.16917	0.07413	0.02256	1.000	$137,933.42
48	0.41134	0.15038	0.03634	0.01880	1.000	$0.00
48	0.48547	0.61650	0.21076	0.01893	1.000	COMMITTMENTS ADJUSTMENTS
48	0.61483	0.57143	0.06977	0.01880	1.000	($1,690.95)
48	0.61483	0.54887	0.06977	0.01880	1.000	($1,603.12)
48	0.61470	0.52733	0.06856	0.01864	1.000	($2,923.97)
48	0.61483	0.50564	0.06977	0.01692	1.000	($4,131.99)
48	0.61473	0.48241	0.06996	0.01827	1.000	($4,644.37)
48	0.61483	0.46053	0.06977	0.01880	1.000	($9,350.22)
48	0.71505	0.61799	0.06263	0.01777	1.000	REFUNDS
48	0.81395	0.61842	0.07122	0.01692	1.000	PAYMENTS
48	0.62928	0.21591	0.03651	0.02118	1.000	$3.64
48	0.62921	0.19316	0.03664	0.02158	1.000	$5.11
48	0.62645	0.17105	0.04360	0.02068	1.000	$10.38
48	0.50000	0.17105	0.07413	0.01880	1.000	$198,787.38
48	0.49561	0.14639	0.08292	0.02113	1.000	$1,535,999.55
48	0.72671	0.21792	0.03351	0.01717	1.000	$7.35
48	0.71512	0.19361	0.05814	0.01880	1.000	$2,317.38
48	0.71074	0.17094	0.06690	0.01903	1.000	$17,552.36
48	0.71066	0.14792	0.06705	0.01996	1.000	$15,223.97
48	0.82266	0.43791	0.05235	0.01892	1.000	($20.00)
48	0.82254	0.41477	0.05259	0.02008	1.000	($20.00)
48	0.82257	0.37167	0.05254	0.01981	1.000	($66.56)
48	0.81973	0.34941	0.05967	0.01923	1.000	($211.88)
48	0.81977	0.32707	0.05959	0.01880	1.000	($320.21)
48	0.81969	0.30409	0.05975	0.01964	1.000	($325.00)
48	0.81975	0.28185	0.05963	0.01900	1.000	($322.50)
48	0.81974	0.25925	0.05965	0.01909	1.000	($375.43)
48	0.81392	0.23849	0.06983	0.01739	1.000	($1,193.19)
48	0.81391	0.21402	0.06986	0.02120	1.000	($3,379.49)
48	0.81102	0.19340	0.07564	0.01921	1.000	($14,748.16)
48	0.80812	0.17088	0.08290	0.01914	1.000	($307,704.50)
48	0.80226	0.14608	0.09461	0.02176	1.000	($1,372,785.43)
49	0.21512	0.61842	0.08285	0.01701	1.000	FISCAL YEAR
49	0.46364	0.61824	0.06837	0.01727	1.000	FORWARD
49	0.21512	0.56955	0.17297	0.01880	1.000	DEFERRED PROPERTY TAX
49	0.21366	0.54511	0.14680	0.01880	1.000	DEFERRED SEWER PRI
49	0.21512	0.52054	0.14535	0.02086	1.000	DEFERRED SEWER INT
49	0.46067	0.56723	0.06993	0.02343	1.000	$15,549.95
49	0.46509	0.54500	0.06254	0.02090	1.000	$4,474.53
49	0.46509	0.51868	0.06255	0.02278	1.000	$1,717.33
49	0.21512	0.47368	0.14826	0.01893	1.000	WATER USER CHARGES
49	0.21366	0.44925	0.14680	0.01880	1.000	SEWER USER CHARGES
49	0.46366	0.47180	0.06395	0.02256	1.000	$1,396.14
49	0.46076	0.44737	0.06977	0.02256	1.000	$90,368.83
49	0.21512	0.40212	0.20930	0.01893	1.000	UTILITY LIENS ADDED TO TAXES
49	0.21512	0.37773	0.14971	0.01893	1.000	SLIEN COMM TO RE PRIN
49	0.21366	0.35526	0.14390	0.01701	1.000	SLIEN COMM TO RE INT
49	0.46065	0.37544	0.06997	0.02544	1.000	$15,686.00
49	0.46509	0.35136	0.06256	0.02285	1.000	$1,542.66
49	0.21512	0.30639	0.20930	0.01880	1.000	UNAPPORTIONED ASSESSMENTS
49	0.21366	0.28195	0.13663	0.01880	1.000	SEWER BETTERMENT
49	0.45198	0.27966	0.08732	0.02151	1.000	$5,571,395.68
49	0.21512	0.25564	0.32413	0.02068	1.000	MEADOW WOODS WATER BETTERMEI $1,070,392.14
49	0.21512	0.23299	0.13953	0.01893	1.000	STREET BETTERMENT
49	0.46499	0.23062	0.06275	0.02373	1.000	$3,600.00
49	0.21366	0.21053	0.13663	0.01893	1.000	SEPTIC BETTERMENT
49	0.47664	0.20834	0.03800	0.02316	1.000	$0.00
49	0.21366	0.18609	0.13808	0.01880	1.000	WATER BETTERMENT
49	0.47803	0.18376	0.03667	0.02346	1.000	$0.00
49	0.21512	0.13896	0.25581	0.01705	1.000	APPORTIONED ASSESSMENT ADDED TO TAXES
49	0.21366	0.11264	0.15988	0.02279	1.000	SEWER COMMITTED PRIN
49	0.21366	0.09018	0.15116	0.01893	1.000	SEWER COMMITTED INT
49	0.46073	0.09008	0.06836	0.01909	1.000	$76,435.85
49	0.67587	0.81767	0.17297	0.02068	1.000	TOWN OF LUNENBURG
49	0.64826	0.79135	0.22384	0.02256	1.000	FY2016 COLLECTION OF TAXE
49	0.67297	0.76504	0.18459	0.02256	1.000	RECEIVABLES SUMMARY
49	0.71073	0.73479	0.10615	0.02290	1.000	JUNE 30, 2016
49	0.55523	0.61650	0.21657	0.02086	1.000	COMMITTMENTS ADJUSTMENTS
49	0.78779	0.61842	0.06686	0.01880	1.000	REFUNDS
49	0.57264	0.47350	0.06837	0.01916	1.000	$27,618.93
49	0.56972	0.44890	0.07423	0.01949	1.000	$738,717.51
49	0.69469	0.47331	0.05103	0.01954	1.000	$150.00
49	0.68748	0.44725	0.07126	0.02092	1.000	($4,090.34)
49	0.79498	0.45075	0.04957	0.01767	1.000	$276.06
49	0.57267	0.37594	0.06831	0.02068	1.000	$61,054.73
49	0.57696	0.35298	0.05974	0.01961	1.000	$5,443.91
49	0.57263	0.28172	0.06985	0.02114	1.000	$51,981.62
49	0.68164	0.28159	0.08004	0.01953	1.000	($12,497.24)
49	0.57685	0.20777	0.06286	0.02431	1.000	$4,378.24
49	0.56975	0.11269	0.07707	0.02273	1.000	$324,101.23
49	0.56977	0.09023	0.07558	0.01880	1.000	$183,036.89
51	0.36842	0.56395	0.31767	0.02616	1.000	TOWN SERVICES
52	0.40789	0.89385	0.24624	0.01463	1.000	BUILDING DEPARTMENT
52	0.13910	0.86628	0.78195	0.01453	1.000	The Building Department is located on the second floor of the Ritter Memorial Building, 960 Massachusetts
52	0.13910	0.84884	0.78195	0.01599	1.000	Avenue, Lunenburg, MA. Office hours for the Building Department are Monday and Wednesday 8:00 A.M.
52	0.13722	0.83135	0.78571	0.01761	1.000	to 4:00 P.M., Tuesday and Thursday 8:00 A.M. until 6:00 P.M., closed Friday. Michael J. Sauvageau serves
52	0.13722	0.81686	0.74624	0.01746	1.000	as the Building Commissioner, John Morreale serves as the Assistant Building Inspector and Lisa Nor-
52	0.13910	0.80523	0.33835	0.01173	1.000	mandin serves as the Administrative Assistant.
52	0.14098	0.77180	0.75752	0.01317	1.000	The Building Department processes all Wiring, Plumbing and Gas permits, this can be done by mail or in
52	0.13910	0.75570	0.27256	0.01319	1.000	person during regular business hours.
52	0.13910	0.72238	0.78008	0.01453	1.000	Building permits for 2016 increased slightly from 452 in 2015 to 500 for 2016. Solar permits remain steady
52	0.13722	0.70635	0.77820	0.01612	1.000	as well as new single family homes and townhouses. The Emerald Place (formerly Whalom Park) project is
52	0.13722	0.69041	0.78008	0.01453	1.000	now completed. Several large projects are in the reviewing stage or have been approved and are anticipated
52	0.13910	0.67584	0.71053	0.01463	1.000	to begin construction soon. The new middle/high school is now complete and absolutely beautiful.
52	0.13722	0.64236	0.75940	0.01463	1.000	The 2009 International Building Code for residential and commercial construction is the current building
52	0.13722	0.62645	0.77632	0.01453	1.000	code and it is anticipated that a new Ninth Edition Code (2015 International Building Code) will soon be in
52	0.13722	0.61192	0.05075	0.01308	1.000	effect.
52	0.14098	0.57986	0.77068	0.01316	1.000	The new energy code will be in place on January 1, 2017 based on 2015 International Energy Conservation
52	0.13910	0.56250	0.77820	0.01599	1.000	Code with the "stretch code" amendments/. Residents and developers are reminded that Lunenburg is a
52	0.13910	0.54787	0.76128	0.01463	1.000	"Stretch Code Community" which has specific code requirements in addition to the current energy
52	0.13910	0.53198	0.15038	0.01316	1.000	code requirements.
52	0.14098	0.50000	0.76504	0.01463	1.000	Residents should be aware that Massachusetts Law requires that all persons, partnerships and corporations
52	0.13910	0.48401	0.75940	0.01453	1.000	who bid or perform residential contracting (reconstruction, alterations, additions etc.) for work exceeding
52	0.13722	0.46652	0.73872	0.01612	1.000	$1000.00 be registered with the Commonwealth. This office will enforce this provision; however you
52	0.13910	0.45203	0.78383	0.01453	1.000	should ask your contractor about his/her registration. Please contact this office with any questions about this
52	0.13722	0.43452	0.68609	0.01612	1.000	requirement or call for any information regarding zoning requirements or building code issues.
52	0.51880	0.07267	0.01880	0.01163	1.000	52
53	0.39286	0.93023	0.27444	0.01892	1.000	CEMETERY DEPARTMENT
53	0.12594	0.91419	0.80639	0.01761	1.000	Cemetery Commissioners, Chairman Stephen Schaff, Lorraine Mendoza, Lance May and Superintendent
53	0.12580	0.89407	0.80667	0.02488	1.000	Todd Holman wish to thank the following people: Boy Scouts Scout Master James Parker, Eagle Scout
53	0.12594	0.88070	0.80451	0.01612	1.000	Liam Rowlington and several others for the granite steps project in the North Cemetery. The job came out
53	0.12594	0.86334	0.80451	0.01747	1.000	great! Also, thanks to Dave Passios for buying and donating 2 well water pumps and repairing others and
53	0.12594	0.84593	0.80451	0.01744	1.000	Dave Bingham for repairing the roof on the well pump house in the South Cemetery. We want to thank
53	0.12594	0.82986	0.80639	0.01612	1.000	Lt. Steven D. Hynes of the Worcester County Sheriff's Community Service Department and inmates for
53	0.12594	0.81250	0.80451	0.01744	1.000	their help during the summer and fall clean-ups. The Cemetery Department maintains an online mapping
53	0.12594	0.79651	0.74812	0.01599	1.000	system for both cemeteries at http://www.map.ramaker.com/ecims/ There were 36 burials in 2016.
53	0.33271	0.76744	0.03008	0.01308	1.000	AGE
53	0.40407	0.76723	0.07908	0.01496	1.000	CEMETERY
53	0.74060	0.76744	0.02632	0.01453	1.000	AG
53	0.74436	0.75436	0.01504	0.01308	1.000	E
53	0.78947	0.76744	0.08083	0.01308	1.000	CEMETERY
53	0.18609	0.76744	0.04511	0.01163	1.000	NAME
53	0.16539	0.73973	0.08652	0.01328	1.000	JANUARY
53	0.14098	0.72384	0.13346	0.01308	1.000	Marion M. Benson
53	0.15972	0.67421	0.09785	0.01495	1.000	FEBRUARY
53	0.17268	0.65908	0.07381	0.01614	1.000	MARCH
53	0.13910	0.64385	0.16353	0.01314	1.000	Herman J. Schuren III
53	0.18408	0.61159	0.05477	0.01374	1.000	APRIL
53	0.16348	0.59280	0.11852	0.01644	1.000	William Murphy
53	0.15975	0.57838	0.09780	0.01476	1.000	Mary Violette
53	0.12594	0.55952	0.16353	0.01315	1.000	Michael J. McCormick
53	0.11842	0.54215	0.17669	0.01316	1.000	(Gulf War Desert Storm)
53	0.11466	0.52471	0.15977	0.01599	1.000	* Arthur Weidenhoff
53	0.17286	0.50704	0.07156	0.01353	1.000	(Veteran)
53	0.14098	0.48834	0.14286	0.01463	1.000	Murray S. Smith Jr.
53	0.17669	0.47384	0.06015	0.01308	1.000	(Korea)
53	0.12782	0.45635	0.12970	0.01612	1.000	George Reichard
53	0.16729	0.44186	0.12030	0.01308	1.000	(Korea, Vietnam)
53	0.11466	0.42584	0.16353	0.01747	1.000	* Jeannie M. Reichard
53	0.14474	0.40988	0.12782	0.01308	1.000	Lionel R. Loiselle
53	0.17468	0.39207	0.06981	0.01529	1.000	(Veteran)
53	0.18411	0.36027	0.04532	0.01492	1.000	MAY
53	0.15038	0.34448	0.11654	0.01465	1.000	Ellen S. Mattson
53	0.15038	0.32986	0.10526	0.01761	1.000	Jean E. Hobbs
53	0.14847	0.31383	0.11096	0.01768	1.000	Donald Wilson
53	0.17277	0.29609	0.07364	0.01829	1.000	(Veteran)
53	0.18233	0.26599	0.05075	0.01308	1.000	JUNE
53	0.11466	0.25000	0.15038	0.01744	1.000	• Janice Rosensteel
53	0.17101	0.23099	0.07716	0.01767	1.000	(Vietnam)
53	0.14460	0.21460	0.12996	0.02138	1.000	Robert C. Ostman
53	0.17287	0.20043	0.07343	0.01775	1.000	(Veteran)
53	0.18045	0.17006	0.05075	0.01453	1.000	JULY
53	0.14465	0.15231	0.10732	0.01951	1.000	Avis Pisciotta
53	0.15779	0.13772	0.08291	0.01525	1.000	Jean Blake
53	0.33647	0.72238	0.02256	0.01599	1.000	83
53	0.33459	0.64390	0.02256	0.01453	1.000	68
53	0.33647	0.59593	0.02256	0.01453	1.000	61
53	0.33647	0.57994	0.02444	0.01599	1.000	92
53	0.33083	0.55959	0.02632	0.01599	1.000	49
53	0.33647	0.52471	0.02256	0.01453	1.000	57
53	0.33647	0.48983	0.02444	0.01599	1.000	86
53	0.33835	0.45785	0.02444	0.01599	1.000	69
53	0.33647	0.42587	0.02444	0.01599	1.000	90
53	0.33459	0.40843	0.02632	0.01599	1.000	80
53	0.33459	0.34593	0.02632	0.01599	1.000	98
53	0.33459	0.31395	0.02632	0.01599	1.000	80
53	0.33647	0.25145	0.02256	0.01163	1.000	67
53	0.33647	0.23547	0.02256	0.01308	1.000	76
53	0.33647	0.15116	0.02444	0.01890	1.000	17
53	0.33459	0.13808	0.02444	0.01744	1.000	89
53	0.41729	0.72238	0.04887	0.01453	1.000	North
53	0.41729	0.64535	0.04887	0.01163	1.000	South
53	0.41729	0.59593	0.04887	0.01308	1.000	North
53	0.41724	0.57984	0.04897	0.01474	1.000	North
53	0.41729	0.56105	0.04887	0.01308	1.000	South
53	0.41714	0.52436	0.04918	0.01378	1.000	North
53	0.41729	0.49128	0.04887	0.01163	1.000	South
53	0.41713	0.45888	0.04920	0.01248	1.000	South
53	0.41729	0.42587	0.04887	0.01308	1.000	South
53	0.41726	0.40982	0.04893	0.01322	1.000	South
53	0.41704	0.34533	0.04939	0.01428	1.000	North
53	0.41729	0.32994	0.05075	0.01744	1.000	North
53	0.41729	0.31395	0.05075	0.01744	1.000	South
53	0.41729	0.24855	0.05075	0.01744	1.000	South
53	0.41729	0.23401	0.05075	0.01744	1.000	North
53	0.41729	0.15262	0.05075	0.01890	1.000	North
53	0.41729	0.13663	0.05075	0.01744	1.000	North
53	0.59383	0.76713	0.04541	0.01371	1.000	NAME
53	0.58080	0.73973	0.07337	0.01472	1.000	AUGUST
53	0.50940	0.72384	0.17669	0.01599	1.000	* Gwen M. McCormick
53	0.51128	0.69477	0.01504	0.01163	1.000	*
53	0.55626	0.69135	0.10552	0.01701	1.000	Garnold Lamb
53	0.57331	0.67442	0.07331	0.01453	1.000	(Veteran)
53	0.56197	0.64364	0.11103	0.01651	1.000	SEPTEMBER
53	0.51071	0.62431	0.17206	0.02126	1.000	* Edmond J. Levesque
53	0.58640	0.61032	0.06404	0.01773	0.300	(WWII)
53	0.57697	0.57818	0.09042	0.01807	1.000	OCTOBER
53	0.51128	0.55804	0.14286	0.01761	1.000	* Peter Charpentier
53	0.55075	0.54067	0.13534	0.01746	1.000	Theresa A. Glenny
53	0.51128	0.52616	0.01692	0.01599	1.000	*
53	0.55068	0.52156	0.11104	0.01938	1.000	Richard Moses
53	0.55634	0.50565	0.12415	0.02069	1.000	(Korea, Vietnam)
53	0.55634	0.48963	0.09597	0.01638	1.000	Ethel Skehan
53	0.55263	0.47384	0.13722	0.01748	1.000	Elizabeth Gilchrest
53	0.51128	0.45635	0.14850	0.01761	1.000	* Harvey Larrabee
53	0.58459	0.44041	0.06579	0.01890	0.300	(WWID)
53	0.54887	0.42584	0.13534	0.01463	1.000	Friedlinde Sacksen
53	0.51128	0.41279	0.01504	0.01163	1.000	*
53	0.54680	0.40614	0.13384	0.02058	1.000	Evelyn M. Perkins
53	0.51504	0.39236	0.16917	0.01761	1.000	* Roland A. Curtis Jr.
53	0.57895	0.37645	0.07707	0.01890	1.000	(Vietnam)
53	0.56562	0.34388	0.10561	0.02008	1.000	NOVEMBER
53	0.55814	0.32517	0.12057	0.02409	1.000	Barbara Gulliver
53	0.55639	0.31395	0.13346	0.01744	1.000	Clifford Gilbert Jr.
53	0.56011	0.29490	0.11475	0.01920	1.000	Olga M. Wolfe
53	0.51128	0.28343	0.02068	0.01744	1.000	*
53	0.51128	0.26744	0.01880	0.01599	1.000	*
53	0.55075	0.28051	0.13158	0.01612	1.000	Diane M. Robbins
53	0.54887	0.26736	0.12594	0.01316	1.000	Austin J. Robbins
53	0.56754	0.24958	0.09611	0.01828	1.000	Pentti Laine
53	0.56767	0.21657	0.11278	0.01744	1.000	DECEMBER
53	0.51128	0.20058	0.16541	0.01744	1.000	* Matthew P. Rafalski
53	0.74060	0.72238	0.02444	0.01599	1.000	49
53	0.74060	0.69186	0.02444	0.01599	1.000	78
53	0.74060	0.62791	0.02444	0.01599	1.000	89
53	0.74060	0.55959	0.02444	0.01744	1.000	57
53	0.74060	0.54215	0.02444	0.01599	1.000	86
53	0.74060	0.52471	0.02256	0.01453	1.000	81
53	0.74060	0.48983	0.02256	0.01599	1.000	81
53	0.74060	0.47384	0.02444	0.01599	1.000	85
53	0.74060	0.45785	0.02444	0.01599	1.000	89
53	0.74060	0.42587	0.02444	0.01599	1.000	85
53	0.74060	0.40988	0.02444	0.01453	1.000	94
53	0.74060	0.39390	0.02444	0.01599	1.000	75
53	0.74060	0.32994	0.02444	0.01453	1.000	94
53	0.74060	0.31395	0.02444	0.01453	1.000	83
53	0.74060	0.29797	0.02444	0.01453	1.000	94
53	0.74060	0.28052	0.02444	0.01599	1.000	71
53	0.74060	0.26599	0.02444	0.01599	1.000	18
53	0.74060	0.24855	0.02444	0.01744	1.000	92
53	0.74060	0.20203	0.02444	0.01453	1.000	40
53	0.80827	0.72384	0.04323	0.01163	1.000	South
53	0.80639	0.69186	0.04699	0.01453	1.000	North
53	0.80639	0.62791	0.04699	0.01599	1.000	North
53	0.80639	0.55959	0.04699	0.01599	1.000	North
53	0.80639	0.54070	0.04699	0.01744	1.000	North
53	0.80811	0.52298	0.04543	0.01654	1.000	South
53	0.80816	0.48963	0.04534	0.01638	1.000	South
53	0.80810	0.47355	0.04545	0.01657	1.000	South
53	0.80639	0.45785	0.04699	0.01890	1.000	North
53	0.80639	0.42587	0.04699	0.01599	1.000	North
53	0.80639	0.40843	0.04699	0.01744	1.000	North
53	0.80639	0.39390	0.04699	0.01453	1.000	North
53	0.80827	0.32849	0.04511	0.01744	1.000	North
53	0.80639	0.31395	0.04699	0.01744	1.000	North
53	0.80827	0.29651	0.04511	0.01744	1.000	North
53	0.80639	0.28052	0.04699	0.01744	1.000	North
53	0.80639	0.26453	0.04699	0.01599	1.000	North
53	0.80639	0.25000	0.04699	0.01744	1.000	North
53	0.80639	0.20203	0.04699	0.01599	1.000	North
53	0.51504	0.12645	0.00940	0.00872	1.000	*
53	0.55075	0.12054	0.14662	0.01761	1.000	Denotes Cremation
53	0.17481	0.10317	0.70677	0.01746	1.000	Note: Correction to the 2015 Town Report: *James E. Steele, 84, North Cem. Korea/Vietnam Veteran
53	0.35338	0.08854	0.35150	0.01761	1.000	*Merelyn P. Foster Age 92 North Cem. Cremation
53	0.51880	0.07267	0.02068	0.01163	1.000	53
54	0.36842	0.92733	0.32143	0.01464	1.000	CONSERVATION COMMISSION
54	0.11842	0.89385	0.81955	0.01314	1.000	The Town of Lunenburg Conservation Commission is a seven member commission appointed to 3 year terms by the
54	0.11654	0.87645	0.78008	0.01599	1.000	Board of Selectmen, whose duties are codified under the Conservation Commission Act MGL c. 40 § 8C. The
54	0.11842	0.86186	0.78947	0.01463	1.000	Commission enforces the Massachusetts Wetland Protection Act MGL c. 131 § 40 and Article XXII of the local
54	0.11842	0.84738	0.26880	0.01308	1.000	bylaws for the protection of wetlands.
54	0.11842	0.81541	0.81203	0.01308	1.000	The year 2016 was, as last year, one of a very busy and active agenda containing both public hearings and meetings
54	0.11842	0.79936	0.80075	0.01463	1.000	for a wide range of projects from commercial development, subdivisions and small single family upkeep projects.
54	0.11842	0.78343	0.80639	0.01453	1.000	The Conservation Commission worked to spell out goals of preparing to use the year 2017 to complete revising its
54	0.11842	0.76736	0.82143	0.01316	1.000	regulations to provide consistency with the original bylaw and to find those sections that may be now out of date and
54	0.11842	0.75145	0.48308	0.01453	1.000	need to be modified. This effort should conclude by the fall of 2017.
54	0.11842	0.71948	0.80827	0.01465	1.000	The Commission held numerous inspections with the Commission Administrator on weekends prior to meetings to
54	0.11842	0.70486	0.78759	0.01463	1.000	familiarize themselves with the upcoming proposals that would appear on their agenda. The Commission is also
54	0.12030	0.68895	0.80451	0.01453	1.000	working with the town on familiarizing itself with the upcoming storm water mandates from the EPA and working
54	0.11842	0.67287	0.53571	0.01318	1.000	towards compliance both by procedure and with any necessary codification.
54	0.11654	0.63953	0.79135	0.01746	1.000	The Conservation Commission in cooperation with the Open Space Committee and the Lunenburg Snow Riders
54	0.11654	0.62202	0.79323	0.01761	1.000	Club has closed out a grant that obtained the former Lane property, known as the Holman Conservation Area, as
54	0.11654	0.60901	0.80827	0.01453	1.000	open space and has worked to place an adequate and ADA-complaint parking area and bridges that would blend in
54	0.11842	0.59448	0.81955	0.01465	1.000	with the trail heads on Holman Street. The Conservation Commission also held public recreational walks through its
54	0.11842	0.57837	0.35150	0.01320	1.000	open space parcels and plans to continue to do so.
54	0.11654	0.54506	0.77632	0.01599	1.000	The Commission has worked closely with the Lake Shirley Improvement Corporation and Hickory Hills Lake
54	0.11842	0.53051	0.80639	0.01612	1.000	Management Group on updates of their management plans and becoming actively involved in formulating the new
54	0.11842	0.51587	0.77820	0.01465	1.000	updates designed to give a better picture of the overall health of the ecosystems and the various ways to ensure
54	0.11842	0.50000	0.34398	0.01314	1.000	continued protection of these valuable resources.
54	0.11842	0.46801	0.79135	0.01463	1.000	The Commission also obtained over $16,000 in grant money from DCR for the completion of forest stewardship
54	0.11654	0.45058	0.82331	0.01599	1.000	planning on the Holman Conservation Area, both Town Forests, the open space on Robbs Hill and the Cowdrey Lot.
54	0.11654	0.43452	0.80451	0.01612	1.000	The Commission retained Gary Gouldrup, a noted forester with many years of experience working in town for the
54	0.11842	0.42151	0.25940	0.01308	1.000	commission and private landowners.
54	0.11842	0.38953	0.81955	0.01308	1.000	This year also marked the hiring of former commission consulting agent Matthew S. Marro as the new Conservation
54	0.11842	0.37202	0.78759	0.01612	1.000	Administrator. With his 18 years of dealing with commission projects and goals, Mr. Marro was ready to hit the
54	0.12030	0.35901	0.80075	0.01163	1.000	ground running on day one. Mr. Marro has worked with the commission this year on office goals and procedures,
54	0.11654	0.34152	0.81955	0.01314	1.000	increased inspections and office productivity as well as special projects. For example, he publishes a monthly article
54	0.11466	0.32558	0.77256	0.01599	1.000	in the Lunenburg Ledger addressing the commission goal of informing the public on local environmental and
54	0.11466	0.31101	0.13910	0.01314	1.000	recreational issues.
54	0.11654	0.27753	0.66917	0.01612	1.000	The Commission thanks all the town agencies for a great year and look forward to many more!
54	0.11654	0.24702	0.17293	0.01463	1.000	Respectfully Submitted,
54	0.11654	0.21354	0.19173	0.01612	1.000	Richard Bursch, Chairman
54	0.11654	0.19767	0.20865	0.01745	1.000	Todd Dwyer, Vice-Chairman
54	0.11649	0.18438	0.09785	0.01497	1.000	Tom Bertram
54	0.11645	0.16817	0.10734	0.01541	1.000	Kenneth Jones
54	0.11648	0.15246	0.07718	0.01775	1.000	Carl Luck
54	0.11646	0.13638	0.07723	0.01648	1.000	Bob Pease
54	0.11457	0.12171	0.09418	0.01530	1.000	Jack Rabbitt
54	0.11654	0.10465	0.33835	0.01464	1.000	Matthew S. Marro, Conservation Administrator
54	0.51504	0.07122	0.02632	0.01599	1.000	54
55	0.41729	0.93023	0.21429	0.01744	1.000	COUNCIL ON AGING
55	0.39850	0.90698	0.25188	0.01744	1.000	July 1, 2015 - June 30, 2016
55	0.11466	0.85169	0.81391	0.01612	1.000	The mission of the Council on Aging is to advocate for the improved quality of life for all seniors through
55	0.11466	0.83135	0.79887	0.01761	1.000	supportive services, programs and education. Councils on Aging were established under Massachusetts
55	0.11654	0.81101	0.75940	0.01893	1.000	General Law Chapter 40, §8B, to include setting policy for the administration of elder programs or
55	0.11466	0.79215	0.73496	0.01599	1.000	services and to develop, coordinate and conduct such activities which advocate for elder issues.
55	0.11654	0.75719	0.80263	0.01761	1.000	The FY16 Council on Aging staff consisted of Susan Doherty, Director; Amanda Koeck, Administrative
55	0.11654	0.73834	0.75752	0.01612	1.000	Assistant and Transportation; Faith A. Anderson, Outreach Coordinator; Joanne Brazell, Meal Site
55	0.11654	0.71801	0.78195	0.01746	1.000	Coordinator; Jeanne Tatro, Ruth Swiecicki, Judy Alario and Elsa Watson, Meal Site Assistants; Jerry
55	0.11654	0.69767	0.49436	0.01745	1.000	Beloin, Jim McGuigan, and Paul Grunditz, MART Van Drivers.
55	0.11654	0.66419	0.81203	0.01761	1.000	The Council on Aging Board is an eleven member board appointed by the Board of Selectmen. The FY16
55	0.11654	0.64385	0.80827	0.01761	1.000	Council on Aging Board members were; Chairperson Pete Lincoln, Vice-Chairperson Jacquelyn Dwyer,
55	0.11654	0.62351	0.78008	0.01748	1.000	Betty DiGiacomo, Sarah Grant, Brian Guenard, Deb Lincoln, Kevin McNally, Cheryl Moisan, Diane
55	0.11654	0.60317	0.30827	0.01746	1.000	Nowd, Jane Rabbitt, and Judith Tarbell.
55	0.11654	0.57118	0.81015	0.01612	1.000	The Town budget alone does not support this senior center. Other sources of funding are the Eagle House
55	0.11654	0.55084	0.74624	0.01747	1.000	Supporters Inc., a non-profit 501(c) 3 group, Formula Grant funding from the Commonwealth of
55	0.11654	0.53198	0.47556	0.01599	1.000	Massachusetts, and Montachusett Regional Transit Authority.
55	0.11648	0.49657	0.81403	0.01970	1.000	We are very lucky to have a large volunteer force at the Eagle House. In FY16 we had 43 volunteers who
55	0.11654	0.47669	0.79135	0.01761	1.000	contributed 3,149.75 hours of their time to help us out by doing things such as driving for the Meals on
55	0.11654	0.45635	0.80451	0.01761	1.000	Wheels Program, program leaders, kitchen helpers, office help, library, and friendly visitors. We greatly
55	0.11466	0.43750	0.18797	0.01599	1.000	appreciate their service.
55	0.11466	0.39826	0.78947	0.01599	1.000	The Council on Aging widened its connection with the community by changing the name of the senior
55	0.11654	0.37791	0.77256	0.01744	1.000	center to "Eagle House Senior Community Center" and now welcomes all people age 50 or older in
55	0.11654	0.35756	0.80263	0.01744	1.000	Lunenburg and surrounding communities to participate in our activities. A new Facebook page was also
55	0.11466	0.33721	0.78947	0.01745	1.000	created by COA board member Jacquelyn Dwyer. The Eagle House extended its hours of operation to
55	0.11466	0.31820	0.36654	0.01761	1.000	include evening programming on Wednesdays.
55	0.11654	0.27753	0.79323	0.01761	1.000	A $3,000 grant was received from the Nashoba Valley Healthcare Fund with financial support from the
55	0.11654	0.25719	0.80639	0.01761	1.000	Greater Lowell Community Foundation and the Community Foundation or North Central Massachusetts.
55	0.11654	0.23834	0.76128	0.01747	1.000	This grant was used to reinstate the "Are You OK?" telephone reassurance program. This program
55	0.11466	0.21801	0.79511	0.01746	1.000	provides free daily computerized wellness calls to homebound elders or people with disabilities. These
55	0.11466	0.19767	0.58083	0.01745	1.000	calls are generated through the Nashoba Valley Regional Dispatch District.
55	0.11654	0.16270	0.69549	0.01761	1.000	The Eagle House offers a variety of programs, such as health and wellness, arts and crafts,
55	0.11466	0.14385	0.81015	0.01761	1.000	intergenerational, bocce, cards and games, cultural, information and referral, and social events both at the
55	0.11466	0.12500	0.77068	0.01744	1.000	senior center and offsite. There were 778 people who utilized the senior center in FY16. Those 778
55	0.11654	0.10465	0.66165	0.01744	1.000	people compiled 21,409 units of service by participating in the programs listed above.
55	0.51880	0.07122	0.02068	0.01308	1.000	55
56	0.41729	0.93452	0.21805	0.01761	1.000	COUNCIL ON AGING
56	0.40038	0.90843	0.25564	0.01890	1.000	July 1, 2015 - June 30, 2016
56	0.43045	0.87351	0.19549	0.01748	1.000	New programs included:
56	0.30451	0.85317	0.36466	0.01892	1.000	* Fitchburg State University Community Read
56	0.36278	0.83135	0.33271	0.01894	1.000	* Fire Department CPR Friends & Family
56	0.38534	0.81101	0.28571	0.01893	1.000	* Fire Department Winter Ice Safety
56	0.23837	0.78719	0.36914	0.02505	1.000	* LUK Narcan/Opioid Informational Program
56	0.26662	0.76483	0.52128	0.02724	1.000	* Nashua River Water Shed "Tick Talk" Lyme Disease Prevention
56	0.46053	0.75000	0.13910	0.01463	1.000	* Red Dress Gala
56	0.38692	0.72516	0.28248	0.02117	1.000	* 15 Annual Eagle House Tea Party
56	0.41541	0.70486	0.22744	0.01910	1.000	* "Tiny House" presentation
56	0.23684	0.68023	0.58271	0.02190	1.000	* Wednesday evening Yoga, Arts & Crafts, & Floral Arrangement classes
56	0.11466	0.66270	0.82707	0.02044	1.000	* Intergenerational community service activities with the Lunenburg High School National Honor Society
56	0.15789	0.64087	0.74248	0.01910	1.000	* Numerous Lunenburg Public Access Televised Programs highlighting Eagle House Activities
56	0.11654	0.60465	0.77444	0.01890	1.000	The Council on Aging delivered 4376 Meals on Wheels to 50 clients and provided 2,684 rides to 64
56	0.11842	0.58721	0.19737	0.01453	1.000	clients on our senior van.
56	0.11654	0.54936	0.75752	0.01761	1.000	Special thanks go to Eagle Scout Logan Marshall for constructing a handicapped-accessible ramp
56	0.11654	0.52753	0.73872	0.01761	1.000	connecting the upper parking lot to our lower parking lot and to Eagle Scout Luke Marshall for
56	0.11654	0.50719	0.60150	0.01612	1.000	constructing our Community Garden raised vegetable beds and horseshoe pit.
56	0.11654	0.47093	0.81391	0.01744	1.000	The Lunenburg Council on Aging newsletter lists current events and is available for you to pick up at the
56	0.11842	0.44913	0.77256	0.01744	1.000	Eagle House Senior Community Center, Town Hall, Public Library, Post Office, local churches and
56	0.11654	0.42878	0.36278	0.01744	1.000	various businesses throughout the community.
56	0.51880	0.07267	0.01880	0.01163	1.000	56
57	0.34586	0.93169	0.36654	0.01747	1.000	LUNENBURG CULTURAL COUNCIL
57	0.45301	0.89680	0.15226	0.01599	1.000	Fiscal Year 2016
57	0.11842	0.85610	0.23120	0.01744	1.000	Date completed: 1/10/2016
57	0.11842	0.82118	0.18045	0.01314	1.000	LCC Account Form
57	0.11654	0.80084	0.22180	0.01463	1.000	Submitted on: 10/13/2015
57	0.11842	0.77902	0.34023	0.01761	1.000	Municipal Fiscal Officer: Karen Brochu
57	0.11842	0.76017	0.33083	0.01745	1.000	Council Representative: Brent Benson
57	0.11842	0.74128	0.51128	0.01744	1.000	Account Balance Beginning of Period (7/1/2014): $8,979.42
57	0.11654	0.72093	0.40226	0.01890	1.000	State Revenue (FY2015 Allocation): $1,100.00
57	0.11654	0.70203	0.24624	0.01746	1.000	Municipal Revenues: $13.98
57	0.11654	0.68601	0.19737	0.01463	1.000	Other Revenues: $0.00
57	0.11654	0.66419	0.22932	0.01761	1.000	Total Revenues: $1,113.98
57	0.11654	0.64534	0.25940	0.01745	1.000	Total Expenditures: $3,191.00
57	0.11842	0.62645	0.46805	0.01744	1.000	Account Balance End of Period (6/30/2015): $6,902.40
57	0.11654	0.60901	0.42857	0.01453	1.000	Local Revenue/Interest in Account Balance: $0.00
57	0.11819	0.56819	0.28625	0.01985	1.000	Amount Available for Granting
57	0.11842	0.54936	0.46805	0.01761	1.000	Account Balance End of Period (6/30/2015): $6,902.40
57	0.11654	0.52902	0.49812	0.01761	1.000	Total Expenditures from 7/1/2015 to 11/1/2015: $4,213.00
57	0.11842	0.51017	0.49436	0.01890	1.000	Total Pending Expenditures (Encumbered funds): $925.00
57	0.11842	0.49273	0.49436	0.01599	1.000	Additional Local Revenue/Interest 7/1/2015 to: N/A $0.00
57	0.11842	0.47238	0.34962	0.01745	1.000	Available Remaining Balance: $1,764.40
57	0.11842	0.45337	0.31203	0.01612	1.000	Locally Raised Funds/Interest: $0.00
57	0.11842	0.43452	0.31955	0.01612	1.000	Administrative Funds for 2016: $0.00
57	0.11654	0.41419	0.23496	0.01761	1.000	FY2016 Allocation: $4,700
57	0.11842	0.39534	0.43233	0.01745	1.000	Amount Available for Granting in FY2016: $6,464
57	0.11842	0.35610	0.23120	0.01744	1.000	Voting Meeting: 11/3/2015
57	0.11842	0.33721	0.24436	0.01745	1.000	Voting Meeting Attendance:
57	0.11654	0.32118	0.11842	0.01463	1.000	Brent Benson
57	0.11620	0.30040	0.10587	0.01596	1.000	James Ryan
57	0.11842	0.28051	0.13534	0.01612	1.000	Kirja Paananen
57	0.11842	0.26308	0.14098	0.01599	1.000	Laura Brzozoski
57	0.11842	0.24128	0.15602	0.01744	1.000	MaryEllen Letarte
57	0.11842	0.22520	0.13722	0.01463	1.000	Peter McCarron
57	0.11646	0.20606	0.10166	0.01520	1.000	Sarah Coon
57	0.11842	0.16715	0.32143	0.01599	1.000	Denial Letter Postmark: 11/10/2015
57	0.11842	0.14534	0.36278	0.01745	1.000	Last date of Community Input: 8/7/2012
57	0.11842	0.12645	0.29887	0.01744	1.000	Total granted in FY'2016: $6,464
57	0.11654	0.08721	0.64850	0.01745	1.000	Copyright ©2001-2016 Massachusetts Cultural Council. All rights reserved.
57	0.51880	0.07267	0.02068	0.01163	1.000	57
58	0.11628	0.53195	0.03343	0.01330	1.000	# Title
58	0.22965	0.53383	0.04215	0.01128	1.000	Description
58	0.33866	0.53370	0.05087	0.01155	1.000	Local Sponsor
58	0.41570	0.53571	0.02326	0.00940	1.000	Name
58	0.50727	0.53571	0.02907	0.00940	1.000	Contact
58	0.56686	0.53571	0.02907	0.00940	1.000	Address
58	0.64811	0.53108	0.05261	0.01679	1.000	Address Town
58	0.12791	0.52054	0.07849	0.01155	1.000	Lunenburg Town Band
58	0.22965	0.52054	0.07703	0.01155	1.000	Summer concert series
58	0.33994	0.52049	0.06581	0.01358	1.000	Town of Lunenburg
58	0.41715	0.52054	0.07558	0.01155	1.000	Lunenburg Town Band
58	0.50727	0.52054	0.04506	0.01155	1.000	Kathy Herrick
58	0.56686	0.52246	0.03634	0.00963	1.000	17 Main St.
58	0.64971	0.52054	0.07267	0.01330	1.000	Lunenburg, MA 01462
58	0.11919	0.50738	0.10465	0.01155	1.000	2 Collaborative Youth Concert
58	0.22674	0.50738	0.15407	0.01155	1.000	LHS participate in performances High School
58	0.41715	0.50931	0.08576	0.00963	1.000	Handel and Haydn Society
58	0.50581	0.50931	0.11919	0.01137	1.000	Louisa Trackman 9 Harcourt Street
58	0.64971	0.50931	0.06105	0.01137	1.000	Boston, MA 02116
58	0.11919	0.49422	0.17297	0.01330	1.000	3 Plimouth Plantation field trip 3rd grade field trip
58	0.33866	0.49422	0.05233	0.01330	1.000	Primary School
58	0.41715	0.49422	0.13808	0.01330	1.000	Lunenburg Primary School Janet Marshall
58	0.56686	0.49615	0.05233	0.01137	1.000	1401 Mass. Ave
58	0.64968	0.49413	0.06982	0.01362	1.000	Lunenburg, MA 01462
58	0.12645	0.48299	0.09593	0.00963	1.000	i Mad Science of Western NE
58	0.22965	0.48299	0.13517	0.01137	1.000	Hands on science demonstration Library
58	0.41715	0.48299	0.08285	0.01137	1.000	Lunenburg Public Library
58	0.50581	0.48299	0.05233	0.01137	1.000	Debbie Laffond
58	0.56686	0.48299	0.05233	0.01137	1.000	1023 Mass. Ave
58	0.64826	0.48107	0.07122	0.01330	1.000	Lunenburg, MA 01462
58	0.11919	0.46992	0.00872	0.01128	0.500	5
58	0.12936	0.46791	0.06541	0.01155	1.000	Hunting the Forest
58	0.22965	0.46983	0.05669	0.01137	1.000	Anime workshop
58	0.33866	0.46992	0.02616	0.01128	1.000	Library
58	0.41715	0.46983	0.08285	0.01137	1.000	Lunenburg Public Library
58	0.50727	0.47176	0.11047	0.00944	1.000	Nicole Piermarini 1023 Mass. Ave
58	0.64824	0.46792	0.07270	0.01528	1.000	Lunenburg, MA 01462
58	0.11919	0.45677	0.00872	0.01128	1.000	6
58	0.12645	0.45668	0.05523	0.00963	1.000	Fan Fiction 101
58	0.22820	0.45860	0.07122	0.00944	1.000	Fan fiction workshop
58	0.33866	0.45677	0.02616	0.01128	1.000	Library
58	0.41570	0.45668	0.08430	0.01137	1.000	Lunenburg Public Library
58	0.50727	0.45860	0.11047	0.00944	1.000	Nicole Piermarini 1023 Mass. Ave
58	0.64826	0.45475	0.07267	0.01705	1.000	Lunenburg MA 01462
58	0.11919	0.44352	0.09448	0.01137	1.000	7 Get Bent, Yoga for Teens
58	0.22965	0.44352	0.06977	0.01137	1.000	Four week yoga class
58	0.33866	0.44361	0.02616	0.01128	1.000	Library
58	0.41715	0.44352	0.08285	0.01137	1.000	Lunenburg Public Library
58	0.50581	0.44544	0.11192	0.00944	1.000	Nicole Piermarini 1023 Mass. Ave
58	0.64822	0.44146	0.07274	0.01558	1.000	Lunenburg, MA 01462
58	0.11919	0.43036	0.10174	0.01137	1.000	8 Songbirds of the Northeast
58	0.22965	0.43036	0.08721	0.01137	1.000	Presentation on songbirds
58	0.33866	0.43036	0.05814	0.01137	1.000	Council on Aging
58	0.41570	0.43036	0.03488	0.01137	1.000	John Root
58	0.50436	0.43036	0.03634	0.01137	1.000	John Root
58	0.56831	0.43036	0.14535	0.01513	1.000	25 Greenleaves Dr. #513|Amherst, MA 01002
58	0.11919	0.41528	0.07703	0.01518	1.000	9 Sunny skies of Italy
58	0.22965	0.41913	0.06541	0.01132	1.000	Music performance
58	0.33716	0.41505	0.05970	0.01577	1.000	Council on Aging
58	0.41570	0.41913	0.05087	0.01132	1.000	Ruth Harcovitz
58	0.50581	0.41913	0.04942	0.01132	1.000	Ruth Harcovitz
58	0.56541	0.41913	0.05233	0.01132	1.000	PO Box 920302
58	0.64674	0.41496	0.07280	0.01783	1.000	Needham, MA 02492
58	0.11919	0.40404	0.06541	0.01137	1.000	10 Childrens Songs
58	0.22820	0.40597	0.05087	0.01132	1.000	Family concert
58	0.33866	0.40404	0.12936	0.01325	1.000	School Linked Services Roger Tincknell
58	0.50581	0.40404	0.05233	0.01325	1.000	Roger Tincknell
58	0.56541	0.40597	0.06250	0.01132	1.000	78 Pratt Corner Rd
58	0.64680	0.40212	0.07703	0.01705	1.000	Shutesbury. MA 01072
58	0.11919	0.39281	0.06831	0.01132	1.000	11 Poetry Anthology
58	0.22820	0.39281	0.09884	0.01132	1.000	Publishing book of area poets
58	0.33866	0.39281	0.15552	0.01132	1.000	Louise Bogan Chapter MA State Poetry Society
58	0.50581	0.39281	0.04942	0.01132	1.000	Regina McGee
58	0.56535	0.39253	0.04080	0.01194	1.000	330 West St
58	0.64680	0.38896	0.07558	0.01518	1.000	Lunenburg, MA 01462
58	0.11919	0.37965	0.08866	0.01132	1.000	12 |81st Regional Art Show
58	0.22674	0.37965	0.09448	0.01132	1.000	Luried exhibit of local artists
58	0.33721	0.37773	0.15407	0.01325	1.000	/Fitchburg Art Museum Fitchburg Art Museum
58	0.50436	0.37965	0.03634	0.01132	1.000	[Mary Tinti
58	0.56390	0.37936	0.03791	0.01195	1.000	(185 Elm St
58	0.64390	0.37580	0.07413	0.01518	1.000	| Fitchburg, MA 01420
58	0.73401	0.53195	0.03779	0.01504	1.000	Request
58	0.77180	0.53195	0.04215	0.01504	1.000	Granted F
58	0.74709	0.51880	0.02471	0.01316	1.000	$3,000
58	0.78779	0.51880	0.01890	0.01316	1.000	$703
58	0.75145	0.50564	0.02035	0.01504	1.000	$500
58	0.74709	0.49436	0.02471	0.01316	1.000	$5,061
58	0.75291	0.48308	0.01890	0.01128	1.000	$500
58	0.89244	0.35150	0.01599	0.24060	1.000	Grant Requests and Awards
58	0.92151	0.30451	0.01744	0.34023	1.000	LUNENBURG CULTURAL COUNCIL
59	0.36278	0.93452	0.33271	0.01315	1.000	DEPARTMENT OF PUBLIC WORKS
59	0.17857	0.89826	0.75752	0.01599	1.000	The Department of Public Works combines the resources of the Highway, Park, Cemetery, Sewer, and
59	0.12030	0.88219	0.81579	0.01612	1.000	Facilities divisions, and Vehicle Maintenance services into one department organizing and scheduling personnel
59	0.12218	0.86773	0.81579	0.01453	1.000	and equipment to best serve the residents of the community through the effective delivery of an extensive scope
59	0.12030	0.85020	0.31955	0.01612	1.000	of services with a high degree of efficiency.
59	0.12030	0.82118	0.25752	0.01314	1.000	DEPARTMENTAL OBJECTIVES
59	0.18233	0.80233	0.75376	0.01599	1.000	"Public Works is either working or on call twenty four hours a day three hundred and sixty five days a
59	0.11842	0.78634	0.73684	0.01748	1.000	year to respond to any weather, infrastructure, roadway, or facility related emergency that may arise."
59	0.18045	0.77180	0.75752	0.01466	1.000	We strive to enhance the awareness of the value of Public Works provides to our Town, and ensure oth-
59	0.12218	0.75570	0.81579	0.01464	1.000	ers are aware of our contribution. This is not for an expectation of praise, but rather to make sure efforts are not
59	0.12218	0.73983	0.45489	0.01464	1.000	forgotten as they merge into the fabric of our everyday service.
59	0.17857	0.72238	0.75940	0.01599	1.000	Major events over the past years have highlighted the fact that Public Works has a seat at the table and is
59	0.12030	0.70635	0.81767	0.01612	1.000	a major player in emergency management. Town Officials, Police, and Fire acknowledge that Public Works is
59	0.12030	0.69186	0.75564	0.01453	1.000	critical in order to facilitate the required services of others. We must continue to build on this awareness.
59	0.18045	0.67733	0.75564	0.01315	1.000	This department must also reach out to the public we serve and educate them to the fact that the common
59	0.11842	0.65843	0.81955	0.01744	1.000	services they receive do not just happen, but rather are the efforts of a dedicated staff of individuals, service
59	0.12030	0.64236	0.81767	0.01612	1.000	companies, and vendors. Safe roadways, wastewater control, solid waste collection and recycling operations,
59	0.12218	0.62791	0.81579	0.01453	1.000	tree removal, storm water management facilities and grounds maintenance, winter snow and ice removal, ceme-
59	0.12030	0.61186	0.58647	0.01463	1.000	teries and parks are the expected services supporting everyone in the community.
59	0.17857	0.59593	0.75940	0.01453	1.000	We will work to engage the public in order to set reasonable expectations and gather support for annual
59	0.12218	0.57986	0.39474	0.01463	1.000	budget requests, capital requests, and specific projects.
59	0.12030	0.54936	0.23496	0.01314	1.000	PAVEMENT MANAGEMENT
59	0.18045	0.53343	0.75752	0.01320	1.000	The updated Pavement Management Plan, inclusive of an electronic database and a revised Town-wide
59	0.12030	0.51587	0.81579	0.01465	1.000	pavement defect analysis. For a second time, a complete survey of every road was completed to establish a
59	0.11842	0.49851	0.81767	0.01748	1.000	"pavement defect value." The amount of new paving does not keep up with the yearly deterioration factor, and
59	0.12030	0.48537	0.81767	0.01318	1.000	as such the backlog is in excess of nine million dollars. The program remains underfunded however efforts of the
59	0.12030	0.46801	0.81579	0.01463	1.000	Town Manager and the Board of Selectmen have resulted in a separate line within the DPW budget earmarked
59	0.11842	0.45058	0.33083	0.01599	1.000	solely for paving and paving related services.
59	0.18045	0.43750	0.75564	0.01314	1.000	Road Projects typically extend over two construction seasons and overlap from one fiscal year to the
59	0.12218	0.42006	0.81391	0.01453	1.000	next. During this year the paving schedule included: a large portion of Howard and West St., West Townsend
59	0.12030	0.40402	0.81767	0.01463	1.000	Rd., Northfield and Flat Hill Rd. each funded through the Chapter 90 State Aid program with the exclusion of
59	0.12030	0.38808	0.81579	0.01453	1.000	Flat Hill Rd. completed through the operational budget of the DPW by a dedicated Pavement Management Plan
59	0.12026	0.37000	0.81774	0.01816	1.000	line. Due to a hellacious winter of 2014-2015, the Governor allocated a sum of money to each city/Town in the
59	0.12030	0.35610	0.81579	0.01599	1.000	Commonwealth under the description of "Winter Rapid Recovery Program" to be used exclusively for paving.
59	0.12030	0.33854	0.81767	0.01612	1.000	The completion of Howard St., a portion of Reservoir Rd., Arbor St., Page St., Kilburn St., and West St. all ben-
59	0.12030	0.32413	0.62782	0.01453	1.000	efitted from the program with a curb to curb overlay along the most degraded portions.
59	0.18233	0.30952	0.75376	0.01463	1.000	Documentation provided through a "pothole" log (a daily record of road work specific to patching and
59	0.12218	0.29360	0.81579	0.01319	1.000	filling of pot holes) provided information that one third of all the available work days during the season are dedi-
59	0.12218	0.27753	0.81391	0.01317	1.000	cated to patching and other temporary repairs to similar roadway failures. As defects are identified we respond to
59	0.12218	0.26017	0.81579	0.01463	1.000	every location in a timely manner. This has proven to be as less than effective method due to the fact that patch-
59	0.12030	0.24419	0.81955	0.01599	1.000	ing is merely a temporary fix. New pot holes appear each spring particularly after a severe winter, and often staff
59	0.12218	0.22965	0.81579	0.01316	1.000	addresses the same areas year after year and must continue to do so until full curb to curb rehabilitation is com-
59	0.12218	0.21354	0.30451	0.01320	1.000	pleted, clearly a revenue driven operation.
59	0.18233	0.19767	0.75564	0.01463	1.000	The seasonal crack sealing program has been effective in some locations however this application is de-
59	0.12218	0.18169	0.81391	0.01308	1.000	signed as a temporary solution as well with an effective life span of around five years. Many streets that have
59	0.12218	0.16567	0.81579	0.01612	1.000	been "sealed" are well beyond that time frame. The mechanic of the process involves the installation of rubber-
59	0.12030	0.14971	0.81579	0.01308	1.000	ized asphalt under high pressure into cracks or separations in the pavement. The Pavement Management Plan
59	0.12030	0.13368	0.81767	0.01314	1.000	identifies specific areas where this method is the best option based upon the aforementioned pavement defect
59	0.12218	0.11773	0.81391	0.01453	1.000	value This application does not take the place of curb to curb paving, only postpones it and is not applicable in
59	0.12218	0.10317	0.21429	0.01166	1.000	areas of more serious defects.
59	0.51880	0.07267	0.02068	0.01163	1.000	59
60	0.19737	0.92733	0.72744	0.01599	1.000	The revised Pavement plan, no matter how detailed, is of little value without an identified source of
60	0.13910	0.91270	0.78383	0.01317	1.000	funding. Lack of revenue continues to be the major detriment to improving the overall condition of our road-
60	0.13534	0.89534	0.78759	0.01463	1.000	ways. The primary sources of funding are the Massachusetts Department of Transportation Chapter 90 pro-
60	0.13722	0.87791	0.78571	0.01744	1.000	gram and the dedicated line in the DPW budget. The estimated value of our 86 miles of paved streets is, by
60	0.13534	0.86334	0.78759	0.01463	1.000	industry standards, calculated to be 62 million dollars. The General Highway maintenance line within the
60	0.13910	0.84884	0.78383	0.01308	1.000	operational budget has remained virtually unchanged for two decades while the overall omnibus budget has
60	0.13534	0.83135	0.78759	0.01463	1.000	nearly tripled to a value in excess of 30 million dollars. In order to initiate and sustain a road improvement
60	0.13910	0.81541	0.78383	0.01599	1.000	program a substantial infusion of funds is necessary. The conservative estimate remains at approximately
60	0.13722	0.79787	0.78759	0.01612	1.000	1.2 million dollars per year total or an additional $800,000.00 to existing allocations. Applying $400,000-
60	0.13722	0.78343	0.78571	0.01453	1.000	$500,000 a year to a backlog of work that approaches 10 million dollars dooms the current plan to failure.
60	0.13910	0.76736	0.78383	0.01612	1.000	As an example: many roads are compromised to the degree that only a major reconstruction can bring them
60	0.13722	0.75291	0.53947	0.01308	1.000	to an acceptable quality and less travelled, local roads remain out of reach.
60	0.13722	0.72093	0.19173	0.01320	1.000	FLEET MAINTENANCE
60	0.19737	0.70486	0.72556	0.01316	1.000	The DPW is responsible for the repairs and preventative maintenance to all Town vehicles and
60	0.13910	0.68750	0.78383	0.01463	1.000	equipment. High performance police units, First responder Fire and Rescue apparatus, park, cemetery, and
60	0.13910	0.67436	0.78195	0.01024	1.000	school vehicles as well as over 30 pieces of highway related machinery are serviced by department person-
60	0.13722	0.65698	0.78383	0.01465	1.000	nel. Outsourcing of highly technical repairs has become more frequent and therefore more costly. Due to the
60	0.13534	0.63953	0.78759	0.01599	1.000	volatile global oil market, the overall cost of fuel and petroleum based products continues to be a moving
60	0.13534	0.62351	0.36090	0.01463	1.000	target and therefore difficult to estimate annually.
60	0.19549	0.60610	0.72744	0.01744	1.000	The installation of a vehicle maintenance software program has proven to be a valuable tool. Each
60	0.13534	0.59301	0.78571	0.01314	1.000	repair is logged by department and vehicle identification number and memorialized in a data bank. Every
60	0.13720	0.57632	0.78388	0.01597	1.000	vehicle can be tracked for part numbers, required services, as well as frequency and cost of repairs over the
60	0.13534	0.55952	0.78759	0.01896	1.000	life of the equipment. As Director I have created and submitted to Town Officials a vehicle replacement
60	0.13534	0.54360	0.76316	0.01599	1.000	schedule created by the American Public Works Association in order to more clearly represent our needs.
60	0.13534	0.51308	0.23308	0.01308	1.000	FACILITIES MANAGEMENT
60	0.13722	0.49554	0.54135	0.01612	1.000	The following is a list of buildings and properties maintained by the DPW:
60	0.22556	0.47965	0.21992	0.01464	1.000	DPW Garage 520 Chase Road
60	0.54887	0.48110	0.16917	0.01319	1.000	Public Safety Complex
60	0.22556	0.46354	0.19549	0.01466	1.000	Park Bldg. Leominster Rd.
60	0.54882	0.46777	0.08093	0.01068	1.000	Town Hall
60	0.22556	0.44767	0.22932	0.01463	1.000	Cemetery Building, Holman St.
60	0.54887	0.44767	0.09586	0.01745	1.000	Eagle House
60	0.22744	0.43601	0.09211	0.01021	1.000	Town Beach
60	0.54699	0.43304	0.11842	0.01612	1.000	Town Common
60	0.22546	0.41533	0.08479	0.01527	1.000	Ritter Bldg.
60	0.54887	0.41860	0.09023	0.01170	1.000	Teen Center
60	0.22556	0.39971	0.14662	0.01453	1.000	Old Primary School
60	0.54877	0.40343	0.10170	0.01145	1.000	Veterans Park
60	0.22556	0.38368	0.42481	0.01612	1.000	All athletic fields/playgrounds excluding school properties
60	0.16541	0.35169	0.75752	0.01612	1.000	The ever increasing workload made necessary the addition of a second individual to assist with repairs
60	0.13534	0.33576	0.78759	0.01599	1.000	and maintenance. The increase in staff by only one has significantly lessened the need for outsourcing, spe-
60	0.13534	0.31969	0.78759	0.01612	1.000	cifically preventative maintenance. Staff remains on-call 24 hours a day 365 days per year. Staff keeps
60	0.13722	0.30523	0.54511	0.01453	1.000	buildings compliant and protects the safe running of the work environment.
60	0.17293	0.28919	0.75000	0.01463	1.000	Any significant interruption of service within Town buildings carries the potential of disrupting or disa-
60	0.13910	0.27326	0.78383	0.01453	1.000	bling necessary services provided to the community. The facilities support staff are problem solvers and
60	0.13722	0.25719	0.78571	0.01463	1.000	technicians with a wide range of experience encompassing all of the construction trades. They deliver ser-
60	0.13910	0.24128	0.78571	0.01453	1.000	vices or oversee those functions provided by specialized subcontractors. Staff manages and forecasts all of
60	0.13722	0.22520	0.78571	0.01463	1.000	the building assets and prioritizes replacement costs. Unfortunately this component of the program has fallen
60	0.13722	0.20930	0.78571	0.01466	1.000	short of expectations and need and with the formation of a Building Reuse Committee it is clear that asset
60	0.13910	0.19320	0.78383	0.01464	1.000	management relative to our buildings requires a professionally prepared capital plan. With the use of build-
60	0.13722	0.17733	0.78571	0.01464	1.000	ing maintenance software, requests for service are acknowledged immediately, prioritized, and completed in
60	0.13722	0.16134	0.78383	0.01453	1.000	a timely manner. Those individuals requesting service are contacted upon completion of the tasks a history
60	0.13722	0.14385	0.66353	0.01612	1.000	of the repair is filed electronically. Although a success, this remains a reactionary approach.
60	0.51880	0.07267	0.02068	0.01017	1.000	60
61	0.12594	0.92587	0.15789	0.01308	1.000	ENVIRONMENTAL
61	0.12594	0.89385	0.09586	0.01314	1.000	Storm Water
61	0.18421	0.87791	0.74436	0.01308	1.000	For yet another year the Environmental Protection Agency has not set the requirements for the next
61	0.12782	0.86186	0.80075	0.01314	1.000	phase of storm water regulation and permits. As we await the potential of what will be an unfunded Federal
61	0.12594	0.84593	0.46429	0.01320	1.000	mandate the Town remains in compliance with current protocol.
61	0.18421	0.82837	0.74248	0.01612	1.000	The DPW, as a result of limited funding is forced to become reactionary to roadway drainage issues. A
61	0.12594	0.81250	0.80263	0.01463	1.000	capital program in the 1990's earmarked $20,000.00 annually toward rehabilitation/installation of piping and
61	0.12594	0.79651	0.80263	0.01599	1.000	catch basins. The elimination of this dedicated funding placed the financial burden upon the overall General
61	0.12782	0.78051	0.80075	0.01463	1.000	Highway maintenance allocation effectively reducing drainage repairs. In anticipation of the new regulations
61	0.12594	0.76587	0.80263	0.01320	1.000	the Town Manager has re-established a budget line within the DPW dedicated to storm water, a necessary first
61	0.12782	0.75000	0.03571	0.01163	1.000	step.
61	0.18609	0.73401	0.74248	0.01453	1.000	As roadways are scheduled for pavement, drainage is surveyed and necessary repairs are addressed to
61	0.12782	0.71801	0.80075	0.01314	1.000	avoid paving over problems. New storm water regulations will likely force the Town to become more proac-
61	0.12782	0.70203	0.80075	0.01453	1.000	tive albeit with no identified source of funding. At the conclusion of winter and again in the late fall drainage
61	0.12782	0.68601	0.80075	0.01314	1.000	structures in close proximity to open water are cleaned Public Works attempts to maintain an aggressive
61	0.12594	0.66860	0.69173	0.01599	1.000	schedule of street sweeping and catch basin cleaning, the front line of storm water management.
61	0.12594	0.63808	0.09774	0.01308	1.000	Waste Water
61	0.18609	0.62202	0.74248	0.01463	1.000	The DPW continues as the caretaker of the entire sewer system. To become more efficient the Sewer
61	0.12782	0.60610	0.80075	0.01453	1.000	Commission has outsourced much of the day to day inspections and preventative maintenance of the overall
61	0.12782	0.58854	0.80075	0.01612	1.000	wastewater system inclusive of 10 pump stations. Business management, inspections, permitting, and over-
61	0.12782	0.57413	0.46241	0.01317	1.000	sight of the subcontractor remain the responsibility of the DPW.
61	0.12782	0.54360	0.10338	0.01170	1.000	Tree Removal
61	0.18797	0.52604	0.73872	0.01466	1.000	While it may seem difficult to believe, the infamous "Ice Storm of '08" continues to detrimentally af-
61	0.12782	0.51017	0.80075	0.01314	1.000	fect trees in the Town right-of-way. As presented to the Board of Selectman during the initial recovery pro-
61	0.12594	0.49273	0.80263	0.01599	1.000	cess, the "heartwood" of a large volume of trees was affected. Previously unnoticed damage together with nat-
61	0.12782	0.47817	0.79887	0.01463	1.000	ural attrition of every species creates a backlog of tree felling and pruning that far exceeds the allotted budget.
61	0.12782	0.46221	0.79887	0.01599	1.000	The department is unable to fulfill each resident request and must prioritize work based upon the calculated
61	0.12782	0.44618	0.80075	0.01314	1.000	degree of danger to residents and property. With the establishment of a Hazardous Tree Survey, a more effi-
61	0.12594	0.42878	0.80263	0.01599	1.000	cient approach to defects has been established by prioritization. Sadly, the amount of work far exceeds the
61	0.12782	0.41419	0.79887	0.01463	1.000	available revenue. Until a plan is in place, the DPW will act in a reactionary mode. All work aside from brush
61	0.12594	0.39826	0.80263	0.01453	1.000	removal, chipping, and the felling of small diameter trees is outsourced due to the necessity of a bucket truck
61	0.12594	0.38070	0.80075	0.01612	1.000	and a licensed professional. Each spring DPW staff initiates the activity of removing and disposing of woody
61	0.12594	0.36483	0.80263	0.01599	1.000	debris within the right-of-way and a Town-wide program of curbside mowing. A hugely aggressive program
61	0.12782	0.35020	0.80075	0.01463	1.000	by our power provider has lessened the burden of the Town to remove those trees that may cause an interrup-
61	0.12594	0.33284	0.31203	0.01612	1.000	tion of electrical service to the community.
61	0.12594	0.30233	0.06203	0.01308	1.000	Landfill
61	0.18421	0.28343	0.74248	0.01744	1.000	The "capped" landfill off Young's Rd. remains in compliance with the inspection protocol mandated
61	0.12594	0.26885	0.80263	0.01612	1.000	by the Division of Environmental Protection. The site is monitored regularly for excessive methane gas as well
61	0.12782	0.25436	0.34962	0.01453	1.000	as the possibility of groundwater contamination.
61	0.18421	0.23686	0.74248	0.01612	1.000	The frequency of the testing was reduced through a special permit acquired as a result of consistently
61	0.12594	0.22093	0.80075	0.01599	1.000	favorable results. The landfill site including the perimeter fencing is inspected on a regular schedule by DPW
61	0.12582	0.20456	0.07543	0.01530	1.000	personnel.
61	0.18797	0.19041	0.73872	0.01453	1.000	Adjacent to the "cap" is a storage area for catch basin materials and street sweepings both determined
61	0.12782	0.17436	0.79887	0.01463	1.000	by the EPA to be hazardous waste. We are permitted to store these materials through the procurement of a
61	0.12594	0.15698	0.80263	0.01599	1.000	(BUD) Beneficial Use Determination permit. The DEP requires yearly testing of these materials. Other com-
61	0.12782	0.14236	0.71053	0.01463	1.000	munities are required to transport these tainted materials to an appropriate site at an excessive cost.
61	0.18797	0.12645	0.74060	0.01453	1.000	On weekends during the fall and springtime months DPW personnel oversee and manage the annual
61	0.12594	0.10901	0.80263	0.01599	1.000	composting of brush, leaves and other organic debris providing a valuable service to our residents and add a
61	0.12594	0.09448	0.71241	0.01465	1.000	valuable component to our recycling program. There has to date been no dedicated funding toward
61	0.51880	0.07267	0.02068	0.01017	1.000	61
62	0.18045	0.93750	0.73308	0.01599	1.000	the organization or long range remediation of this location. Once again, dollars will be taken from
62	0.12218	0.92151	0.79135	0.01599	1.000	the General Highway line to maintain this location while keeping it environmentally safe. It is likely this de-
62	0.12218	0.90551	0.79135	0.01612	1.000	partment will present a plan to use the compost as leverage to clean and grade the area as well as the removal
62	0.12218	0.88953	0.79135	0.01599	1.000	of the brush. With water and sewer at the perimeter this sandy, gravelly area adjacent has been proposed as a
62	0.12218	0.87351	0.61278	0.01748	1.000	potential recreational are for the Town. As of yet this project has not gained traction.
62	0.12218	0.84301	0.09211	0.01463	1.000	Solid Waste
62	0.18233	0.82558	0.73120	0.01599	1.000	Public works monitors, orders, stores, and distributes trash bags in order to facilitate the curbside
62	0.12218	0.80952	0.79135	0.01612	1.000	collection of trash and recyclables for our by our current vendor, Casella Inc for the pay as you throw pro-
62	0.12218	0.79506	0.04323	0.01163	1.000	gram.
62	0.12218	0.76308	0.13534	0.01453	1.000	Lake Shirley Dam
62	0.18045	0.74554	0.73120	0.01761	1.000	In the early 1990's, with the structure in need of repair/rebuilding the Lake Shirley Association
62	0.12218	0.72965	0.79135	0.01599	1.000	turned over ownership of the dam to the Town. After completion of a total reconstruction, responsibilities for
62	0.12218	0.71354	0.79135	0.01612	1.000	maintenance, monitoring, and record keeping was completed solely by a small number of volunteers from
62	0.12218	0.69767	0.79135	0.01745	1.000	the Lake Association. In 2004-2005 custodianship of the dam, compliance with State dam regulations, the
62	0.12218	0.68023	0.79323	0.01744	1.000	establishment of an operations manual as well as an emergency action plan was placed under the umbrella of
62	0.12218	0.66567	0.79135	0.01746	1.000	the Department of Public Works. As with the storm water program and other EPA / DEP mandates compli-
62	0.12218	0.64971	0.79135	0.01599	1.000	ance with current and future regulations is critical. We rely on the expertise and support of a professional
62	0.12406	0.63517	0.76504	0.01599	1.000	consultant to assist with predetermined mandates. The most recent inspection resulted in a positive report.
62	0.12218	0.60317	0.13722	0.01463	1.000	Winter Operations
62	0.18415	0.58656	0.72757	0.01753	1.000	Snow and ice present a major challenge to our Town. The safety of the general public depends on
62	0.12406	0.57118	0.79135	0.01463	1.000	the ability of the DPW to maintain our roadways in a safe condition despite the severity or the duration of
62	0.12406	0.55669	0.78759	0.01308	1.000	snow and ice events. To that end we have developed a winter operations procedure based upon a detailed
62	0.12218	0.53770	0.79135	0.01612	1.000	plan that must be flexible due to the unpredictability of each storm. A consistently high level of service is
62	0.12406	0.52326	0.53383	0.01453	1.000	expected and must be delivered to every part of Town in a timely manner.
62	0.18421	0.50868	0.72932	0.01314	1.000	Departmental preparedness begins with successful implementation of the capital plan. Financial
62	0.12218	0.48983	0.79135	0.01599	1.000	support is necessary to provide effective fleet rotation insuring minimal interruption of services due to break-
62	0.12406	0.47520	0.79135	0.01463	1.000	downs and repairs. In the fall, salt and sand are delivered to the Chase Rd. facility. Lunenburg is in a consor-
62	0.12406	0.46076	0.78947	0.01320	1.000	tium with 14 other communities in an effort to procure the lowest possible price for road salt an absolute ne-
62	0.12406	0.44320	0.78947	0.01464	1.000	cessity. Individually the Town also solicits bids for road sand. From late summer to early fall vehicle mainte-
62	0.12218	0.42733	0.79135	0.01464	1.000	nance staff inspects and prepares the trucks, sanders and plows for winter operations. During the construc-
62	0.12406	0.41134	0.78947	0.01453	1.000	tion season road crews address right-of-way issues, overhanging branches, and pavement defects in order to
62	0.12218	0.39385	0.79135	0.01761	1.000	eliminate obstacles to plowing. Each division within the DPW is involved in winter operations. Typically
62	0.12594	0.38070	0.48120	0.01319	1.000	DPW staff combines with 18-20 subcontractors to provide service.
62	0.18421	0.36483	0.72744	0.01464	1.000	Generally it is not the amount of snow but the duration of the event that determines the overall cost.
62	0.12594	0.34738	0.78759	0.01453	1.000	For example, a fast moving snow storm of 6-8 inches will cost significantly less than a long duration freez-
62	0.12030	0.32986	0.79323	0.01761	1.000	ing rain event even though the accumulation is much less. Historically, the department operates in a deficit
62	0.12218	0.31395	0.79135	0.01744	1.000	due to a yearly allocation that is below the cost of an average winter. It is a dedicated group of individuals
62	0.12218	0.29936	0.71617	0.01463	1.000	who successfully challenge the worst Mother Nature has to offer regardless of severity or duration.
62	0.36842	0.28343	0.36090	0.01599	1.000	"DPW workers are the original Storm Troopers"
62	0.12218	0.25291	0.06203	0.01308	1.000	PARKS
62	0.18233	0.23686	0.73120	0.01314	1.000	In conjunction with the three elected Park Commissioners DPW staff oversees and maintains all
62	0.12218	0.21801	0.79135	0.01612	1.000	parks and grounds exclusive of school property. A full time Park employee was replaced with seasonal
62	0.12218	0.20337	0.79135	0.01612	1.000	workers. Much of the Town wide landscape maintenance is outsourced, resulting in significant savings and
62	0.12212	0.18550	0.79334	0.01801	1.000	increased efficiency. Repair of the multi-use track complex is in the planning stage. After many years, a mu-
62	0.12406	0.17287	0.61654	0.01318	1.000	tual effort between the Commissioners and all users of the facility is gaining traction.
62	0.12406	0.14099	0.09774	0.01308	1.000	CEMETERY
62	0.18233	0.12351	0.73120	0.01463	1.000	One Cemetery Division Superintendent, a DPW employee, handles the duties of the North and South
62	0.17669	0.10756	0.68609	0.01453	1.000	cemeteries, maintaining the grounds, coordinating burials, and meeting regularly with the three
62	0.51880	0.07267	0.02068	0.01017	1.000	62
63	0.18985	0.92287	0.73684	0.01612	1.000	members of the Cemetery Commission. The DPW supplies equipment and support staff for, on aver-
63	0.13346	0.90843	0.47180	0.01453	1.000	age, forty burials a year and general maintenance of the facilities.
63	0.19361	0.87645	0.73308	0.01453	1.000	As always, I am deeply appreciative of the continued patience and support of our residents and fellow
63	0.13311	0.85763	0.24873	0.01887	1.000	Town employees as we persevere.
63	0.18985	0.82837	0.73496	0.01465	1.000	"As caretakers of the Town's infrastructure our goal is to preserve and enhance the resources of the
63	0.13346	0.81250	0.79135	0.01463	1.000	Town of Lunenburg for future generations. To that end we strive to meet or exceed all expectations associat-
63	0.13158	0.79506	0.60714	0.01744	1.000	ed with the challenges of each of the divisions under the umbrella of public works."
63	0.46617	0.76453	0.12594	0.01453	1.000	Jack Rodriquenz
63	0.49809	0.74992	0.06396	0.01324	1.000	Director
64	0.41729	0.91715	0.22368	0.01464	1.000	FINANCE COMMITTEE
64	0.17857	0.88953	0.70489	0.01599	1.000	(This is a reprint of the message printed in the May 7, 2016 Annual Town Meeting warrant)
64	0.13534	0.86483	0.76880	0.01315	1.000	The Town Budget to be presented at Town Meeting has followed the same process as in recent years. The
64	0.13346	0.84301	0.78383	0.01746	1.000	Town Manager has again provided Department Heads a "target budget' to work from, based on the financial
64	0.13346	0.82413	0.41917	0.01744	1.000	forecast, current service levels and funding opportunities.
64	0.13534	0.79787	0.76316	0.01612	1.000	The Finance Committee is recommending approval of the Town budget in the amount of $33,802,328.00,
64	0.13534	0.77902	0.78571	0.01612	1.000	with an increase in revenues from all sources, totaling $1,758,413 over the 2016 Budget (after recap). A sig-
64	0.13346	0.76017	0.78759	0.01599	1.000	nificant increase is anticipated in State Aid from Chapter 70 (education funding) and general government aid
64	0.13534	0.74273	0.75752	0.01453	1.000	(lottery). While this is welcome news, unrestricted general government aid has yet to reach its previous
64	0.13534	0.72384	0.77632	0.01453	1.000	2006 levels. Furthermore, since the financial forecast was first presented, health insurance costs have come
64	0.13534	0.70486	0.78759	0.01463	1.000	in much greater than expected. For the most part, Town departments have continued to maintain a consistent
64	0.13346	0.68304	0.78008	0.01612	1.000	portion of the budget, but pressures from a few drivers, namely Retirement, Health Insurance and Debt Ser-
64	0.13339	0.66373	0.55464	0.01840	1.000	vice, are beginning to demand a larger share, creating constraints on growth.
64	0.13346	0.63808	0.78383	0.01599	1.000	In breaking down the revenue to the Town, 67% comes from real estate property taxes and 33% comes from
64	0.13534	0.62054	0.77632	0.01464	1.000	other sources such as State Aid, motor vehicle excise or meal taxes, betterments and other fees. The effects
64	0.13346	0.60020	0.78947	0.01612	1.000	of such aid on particular aspects of the budget are difficult to parse out, except for Chapter 70 funding, which
64	0.13534	0.58284	0.38534	0.01463	1.000	accounts for $1 of every $3 budgeted for the schools.
64	0.13722	0.55669	0.77068	0.01453	1.000	Retirement and health insurance consume an ever increasing portion of the total budget. Town employees
64	0.13534	0.53770	0.74248	0.01463	1.000	pay into 1 of 2 retirement systems. Licensed school district employees contribute to the Massachusetts
64	0.13534	0.51587	0.78008	0.01761	1.000	Teacher Retirement System, which requires no additional town funding. Any additional funding of this Re-
64	0.13346	0.49702	0.76504	0.01612	1.000	tirement System is done at the State level, and is reported in notes to the Town Financial Statements as an
64	0.13346	0.47965	0.78571	0.01599	1.000	'On Behalf' payment. Non-licensed school personnel and Town-side employees contribute to the Worcester
64	0.13346	0.45930	0.76316	0.01599	1.000	County Retirement System. The Town makes two payments to this system, an employer contribution for
64	0.13346	0.44186	0.75940	0.01599	1.000	active employees and an assessment to fund the 'Unfunded Liability' of future payments to retirees. The
64	0.13534	0.42151	0.77820	0.01599	1.000	Retirement Assessment has gone up 8.7%, or $84,143, over the 2016 Budget (after recap). Health insurance
64	0.13346	0.40253	0.77632	0.01761	1.000	represents a 9.1% increase in spending and a 0.3% increase in budget share. The Town has been able to ne-
64	0.13534	0.38517	0.78571	0.01463	1.000	gotiate changes to health plans over the past few years to help reduce cost, moving to a 75% Town, 25% em-
64	0.13346	0.36483	0.76316	0.01599	1.000	ployee cost sharing. This year premiums are projected to increase by 12.8%, which affects both the Town
64	0.13346	0.34593	0.31579	0.01599	1.000	budget, and the School Department budget.
64	0.13534	0.31969	0.78571	0.01612	1.000	Even if the funding was available to do so, the Finance Committee and Town Administration have expressed
64	0.13534	0.30233	0.77444	0.01464	1.000	reluctance to add new positions to departments until the issue of future liability to the Town for both retire-
64	0.13534	0.28343	0.78008	0.01320	1.000	ment and other post-employment health benefits (OPEB) are adequately addressed. In the meantime, where
64	0.13534	0.26453	0.77068	0.01308	1.000	it is possible to consolidate current positions to better meet the needs of the Town, such changes have been
64	0.13346	0.24273	0.76316	0.01599	1.000	proposed. For example, consolidating a part time administrative position and a contracted consultant into
64	0.13534	0.22384	0.78759	0.01599	1.000	one full-time position in the Conservation Commission office and adding hours to existing positions in Infor-
64	0.13346	0.20486	0.64850	0.01761	1.000	mation Technology department and in the Assessors' office to meet increased workloads.
64	0.13534	0.17878	0.78195	0.01599	1.000	Debt Service has 14% budget share, up a quarter percent with a 6.6%, or $298,911 increase, the main reason
64	0.13534	0.15988	0.77068	0.01599	1.000	being the new Middle/High School, as well as existing debt from the Primary School, Public Safety Build-
64	0.13534	0.14236	0.78008	0.01316	1.000	ing, and Library. We are still several years out from seeing these projects paid down. The Capital Planning
64	0.13722	0.12351	0.78008	0.01463	1.000	Committee has recommended funding 12 items at $780,975; this budget funds 10 items at $619,475. There
64	0.13534	0.10465	0.57519	0.01316	1.000	is no request or recommendation to borrow money to fund the remaining items.
64	0.51880	0.07267	0.02068	0.01017	1.000	64
65	0.13346	0.92436	0.74436	0.01463	1.000	There is however a warrant article to see if the Town is willing to fund the Pavement Management Plan
65	0.12970	0.90402	0.77444	0.01612	1.000	through a debt exclusion. This will not impact the budget in FY17 but if approved would increase the debt
65	0.12970	0.88517	0.75376	0.01599	1.000	service starting in FY18. The Finance Committee will make its recommendation on this article at Town
65	0.12964	0.86612	0.06966	0.01486	1.000	Meeting.
65	0.12970	0.83854	0.77820	0.01612	1.000	Because Retirement, Health Insurance and Debt Service are taking up more of the budget, general spending
65	0.13158	0.82118	0.67481	0.01463	1.000	for the School Department, Public Safety, and the DPW are seeing decreases in budget share.
65	0.13158	0.79506	0.77444	0.01453	1.000	The Police and Fire Chiefs continue to express a need for additional staffing to meet an ever more demand-
65	0.12970	0.77471	0.78383	0.01599	1.000	ing work load, but the requests have not been accommodated in this budget. Regional Dispatch will be add-
65	0.13158	0.75719	0.77444	0.01612	1.000	ing another community which will reduce Lunenburg's assessment and free up $7,000 to increase weekend
65	0.13158	0.73834	0.28571	0.01314	1.000	coverage at the Public Safety Building.
65	0.12970	0.70930	0.78383	0.01599	1.000	The School Committee budget request is only $21,072 greater than the amount in the budget presented here,
65	0.12970	0.69041	0.77632	0.01599	1.000	which assumes the Governor's recommended budget for Chapter 70 funding makes it through the final ver-
65	0.12970	0.67287	0.79135	0.01612	1.000	sion of the Commonwealth's budget. The additional Chapter 70 funding reduced the target gap by $291,523.
65	0.12970	0.64534	0.77632	0.01612	1.000	In summary, the budget presented addresses at least current service levels with little room to discuss priori-
65	0.12970	0.62936	0.78947	0.01599	1.000	ties beyond nondiscretionary items. The Finance Committee will continue to assure the budget addresses the
65	0.12970	0.61334	0.75940	0.01747	1.000	priorities of the Town of Lunenburg as we understand them. We congratulate the Town administration's
65	0.12966	0.59711	0.78956	0.01788	1.000	work to maintain the AA+ bond rating which allows the Town to borrow at competitive rates, saving taxpay-
65	0.13158	0.58135	0.75000	0.01761	1.000	ers significant funds over time. We thank all of the town employees for their continued service, and are
65	0.13158	0.56395	0.78008	0.01890	1.000	grateful for the continued cooperation of the Town Manager, Finance Director, and each department head to
65	0.13158	0.55084	0.28383	0.01892	1.000	ensure that every question is answered.
65	0.43421	0.51736	0.17669	0.01612	1.000	Mark Erickson, Chair
65	0.28008	0.48537	0.22180	0.01612	1.000	Terri Burchfield, Vice Chair
65	0.56955	0.48686	0.20301	0.01463	1.000	John Henshaw, Secretary
65	0.29135	0.45337	0.19173	0.01612	1.000	Karin Menard, Member
65	0.58647	0.45486	0.17481	0.01463	1.000	Jay Simeone, Member
66	0.39850	0.92287	0.26504	0.01463	1.000	HISTORICAL COMMISSION
66	0.13722	0.86773	0.76316	0.01453	1.000	The Historical Commission has been involved with the following activities: Richard McGrath and Cullen
66	0.13722	0.84884	0.75940	0.01453	1.000	Dwyer are busy members of the new Architectural Preservation District Commission and they along with
66	0.13346	0.82837	0.78571	0.01612	1.000	other APDC members have been busy finishing the Design Standards of the APDC bylaw. Richard McGrath
66	0.13534	0.81101	0.76316	0.01314	1.000	is also our point person for demolitions requested through the Building Department. He and the Historical
66	0.13722	0.79215	0.56015	0.01464	1.000	Commission have handled the requests for seven demolitions in the past year.
66	0.13722	0.76453	0.78759	0.01453	1.000	We continue with our Historically Speaking news articles in the Lunenburg Ledger over the past year, which
66	0.13534	0.74554	0.20677	0.01464	1.000	are written by our members.
66	0.13722	0.71948	0.78383	0.01465	1.000	Rebecca Lantry is working with Lunenburg Boy Scout Troop 1728 to accomplish an Eagle Scout project de-
66	0.13534	0.70058	0.59211	0.01453	1.000	signed around completing our Historic Town marker project for the Town Center.
66	0.13722	0.67584	0.16729	0.01166	1.000	Commission Members:
66	0.13346	0.64534	0.21429	0.01612	1.000	Rebecca Lantry, Chairperson
66	0.13530	0.62046	0.10347	0.01489	1.000	Cullen Dwyer
66	0.13346	0.59593	0.08459	0.01320	1.000	Lois Lewis
66	0.13346	0.56820	0.12970	0.01319	1.000	Richard McGrath
66	0.13715	0.54047	0.07157	0.01353	1.000	1 vacancy
67	0.37594	0.92436	0.29887	0.01896	1.000	INFORMATION TECHNOLOGY
67	0.13346	0.89534	0.78008	0.01314	1.000	The primary mission of the Information Technology Department is to increase efficiency through the use of
67	0.13151	0.87760	0.78397	0.01755	1.000	technology. The IT Department enables all other town departments and schools to communicate and collab-
67	0.13346	0.86186	0.74624	0.01463	1.000	orate, manage daily tasks, organize, store, and share information, and generally conduct Town business
67	0.13158	0.84738	0.77444	0.01453	1.000	more effectively. We also provide the necessary infrastructure, equipment, software, and expertise to com-
67	0.13158	0.82837	0.75376	0.01910	1.000	ply with current regulations and methodology when interacting with outside agencies and organizations.
67	0.13158	0.79787	0.76692	0.01761	1.000	The Information Technology staff for the Town has remained constant this year, but we have added a new
67	0.13158	0.78198	0.62594	0.01599	1.000	full time IT position for the Schools. Following is an overview of our current IT staff:
67	0.13534	0.75145	0.39474	0.01318	1.000	Steve Malandrinos - Information Technology Director
67	0.13158	0.72965	0.21617	0.01744	1.000	• Hired in December, 2012
67	0.13346	0.71354	0.76316	0.01761	1.000	Previously an engineer at Cisco Systems, IT Director for the Town of Belchertown, MA and Belchertown
67	0.13346	0.70203	0.11090	0.01163	1.000	Public Schools
67	0.13346	0.66860	0.31579	0.01453	1.000	Daniel Nadareski - Network Administrator
67	0.13158	0.64826	0.64850	0.01744	1.000	• Retired police officer from the Albany, NY police force with over 24 years on the job
67	0.13346	0.63219	0.77068	0.01612	1.000	Prior experience includes computer crime and forensics, network administration, video security system ad-
67	0.13534	0.61773	0.35338	0.01453	1.000	ministration, and IP phone system administration
67	0.13158	0.58430	0.30263	0.01599	1.000	Jordan Pochini - Tech Support Specialist
67	0.13158	0.56541	0.66541	0.01599	1.000	• Recently graduated from Fitchburg State University with a degree in Computer Science
67	0.13534	0.55233	0.70865	0.01315	1.000	Prior experience includes both individual contributor and management roles in retail environments
67	0.13346	0.51736	0.38722	0.01612	1.000	Nicholas Scoggins - School Technology Coordinator
67	0.13346	0.50145	0.62218	0.01453	1.000	• Received Associate and Bachelor of Science degrees from ITT Technical Institute
67	0.13534	0.48401	0.63346	0.01453	1.000	Served 5 years as Security System Administrator at Greater Lawrence Technical School
67	0.13346	0.45203	0.77444	0.01599	1.000	Along with serving as helpdesk for all users' daily technology issues and the usual maintenance and sched-
67	0.13346	0.43601	0.76316	0.01612	1.000	uled replacement of the town's and schools' technology assets, the IT Department has been involved with
67	0.13158	0.42006	0.76504	0.01453	1.000	several high impact projects throughout the past fiscal year. The following examples are among the more
67	0.13158	0.40402	0.37406	0.01612	1.000	noteworthy improvements that IT has implemented.
67	0.13534	0.37202	0.75940	0.01463	1.000	An entirely new backup and disaster recovery solution was implemented at Town Hall, the DPW, and the
67	0.13158	0.35610	0.78008	0.01599	1.000	Ritter Memorial Building. Backups are a low visibility, high impact area of IT. They're never needed until
67	0.13158	0.34003	0.57707	0.01612	1.000	they are, and then they are absolutely critical to the stability of the organization.
67	0.13534	0.30952	0.76880	0.01463	1.000	A large portion of the Technology department's time this past year was dedicated to the transition from the
67	0.13534	0.29360	0.75940	0.01319	1.000	previous Lunenburg High School to the new Lunenburg Middle-High School. Much of our critical infra-
67	0.13346	0.27753	0.75188	0.01317	1.000	structure was centralized at the old building, requiring detailed planning and work over many nights and
67	0.13346	0.26017	0.76128	0.01599	1.000	weekends to maintain the services on which our school faculty and staff depend to do their jobs. We also
67	0.13346	0.24554	0.75752	0.01319	1.000	spent much of the summer building, configuring, and bringing online the many new systems that are cur-
67	0.13346	0.22965	0.32519	0.01464	1.000	rently serving our students, faculty and staff.
67	0.13534	0.19767	0.74624	0.01463	1.000	We continue to strive to leverage limited resources to improve efficiency wherever possible. I am very
67	0.13346	0.18023	0.78008	0.01599	1.000	happy to continue in this role, and I could not be more pleased with the level of skill, hard work and dedica-
67	0.13534	0.16567	0.77444	0.01463	1.000	tion of my staff, Daniel and Jordan. I know that because of them we will continue to improve the technolo-
67	0.13346	0.14971	0.77256	0.01453	1.000	gy landscape in Lunenburg while maintaining the positive reputation we have strived for over the past sev-
67	0.13337	0.13304	0.07768	0.01421	1.000	eral years.
67	0.26880	0.11919	0.20865	0.01308	1.000	Steve Malandrinos, IT Director
67	0.51880	0.07122	0.02068	0.01308	1.000	67
68	0.38346	0.89385	0.30075	0.01463	1.000	LUNENBURG PUBLIC LIBRARY
68	0.13910	0.86483	0.77068	0.01599	1.000	The library has had a really good year! In fact I think the Lunenburg library is just AWESOME!!! During
68	0.13910	0.84738	0.78759	0.01599	1.000	the year we welcomed Heather Buiwit as our new Digital Services Librarian. Heather handles all things E (e
68	0.13910	0.83135	0.77820	0.01463	1.000	-books, -e-reference tools, e-audio, e-book training, etc.) as well as assisting me with the library's technolo-
68	0.13910	0.81395	0.77444	0.01599	1.000	gy (Wi-Fi, trouble shooting computer issues, documenting technical practices). Heather is also helping out
68	0.14098	0.79787	0.76880	0.01463	1.000	with marketing the library. She recently created a new Facebook page for us and is the moderator and con-
68	0.13722	0.77902	0.77632	0.01612	1.000	tent provider for the page. Jocelyn Lacroix, our new Library Page arrived last fall and has acclimated quite
68	0.14098	0.76453	0.03759	0.01308	1.000	well.
68	0.14098	0.73686	0.78008	0.01463	1.000	The Board of Trustees has remained the same this past year although changes are due with this next election
68	0.13910	0.71801	0.77632	0.01612	1.000	cycle. This year the Trustees have focused heavily on updating our library policies and a few building pro-
68	0.13722	0.70203	0.52444	0.01453	1.000	jects. I wish to thank them personally for all their support and guidance.
68	0.14098	0.67436	0.78008	0.01612	1.000	The library building has had a relatively quiet year. Our new burner has given us wonderful even AND con-
68	0.13910	0.65698	0.75564	0.01599	1.000	sistent heat throughout the building. The new building management system has enabled the DPW to get
68	0.13910	0.63953	0.78759	0.01746	1.000	ahead of any critical events - as it notifies them when it something isn't working properly. This year we had
68	0.13910	0.62202	0.76504	0.01612	1.000	the two quiet study rooms and the story craft room painted and they look great. Our thanks to the Friends
68	0.14098	0.60756	0.77068	0.01453	1.000	organization for funding the painting projects. The Green Community Task Force accepted our grant pro-
68	0.13910	0.58854	0.75752	0.01612	1.000	posal for the migration of interior lights for the library and the project should be completed by the end of
68	0.13910	0.57118	0.77256	0.01612	1.000	March 2017. We are hoping this gives us better and less costly lighting. The library invested in new tables
68	0.13910	0.55523	0.69173	0.01453	1.000	for the Community Hall and the Story Craft Room. We also added additional security cameras.
68	0.13910	0.52753	0.77068	0.01612	1.000	The library has increased the number of programs we provide including a series of exhibits of local artists'
68	0.13910	0.51017	0.75752	0.01599	1.000	work and a monthly series called Friday Food & Flicks where we provide the movie and attendees bring
68	0.13910	0.49273	0.78008	0.01599	1.000	their favorite recipes based on a specific theme like soup, casseroles, appetizers and desserts. We have add-
68	0.14098	0.47669	0.78383	0.01463	1.000	ed a new and enlarged continuous book sale so people can come and browse a large selection of adult fiction
68	0.14098	0.46076	0.76504	0.01453	1.000	and non-fiction to purchase with the proceeds going to the Friends group. We will of course continue with
68	0.13910	0.44320	0.43233	0.01464	1.000	the Friends much loved June & October book & bake sales.
68	0.13910	0.41419	0.77820	0.01761	1.000	The library has been focused heavily on improving our collections over the last year. In the main library we
68	0.13910	0.39680	0.77444	0.01599	1.000	have added (and will continue to add) e-books that can only be borrowed by holders of a Lunenburg library
68	0.13910	0.38070	0.78195	0.01464	1.000	card so you can borrow that bestseller a bit quicker than before. We now subscribe to digital versions of all
68	0.13910	0.36483	0.75564	0.01464	1.000	the local newspapers that residents can access online (see our website). We began a very large project of
68	0.13910	0.34593	0.68421	0.01599	1.000	overhauling the entire nonfiction collection. Hopefully this will be completed by this summer.
68	0.13910	0.31969	0.78759	0.01612	1.000	The library is becoming the community center it was meant to be. We are partnering with many local organ-
68	0.13910	0.30378	0.77256	0.01319	1.000	izations and providing a venue for them to connect with Lunenburg residents including Community Health
68	0.14098	0.28488	0.75564	0.01599	1.000	Connections, Lunenburg Historical Society, Boy Scouts, GiftMart, Freedom's Way, Eagle House/Senior
68	0.14068	0.26783	0.17167	0.01577	1.000	Center and many more.
68	0.13910	0.24273	0.25564	0.01308	1.000	FROM THE CHILDREN'S ROOM
68	0.13910	0.21354	0.75940	0.01466	1.000	The Children's Room is just bursting with all types of activities. We have reached out and are partnering
68	0.13910	0.19618	0.78759	0.01612	1.000	with three different schools to provide story times for children once a week. The Children's Room now hosts
68	0.13722	0.17878	0.78759	0.01599	1.000	a series called STEM Saturdays; the program has activities to nurture an interest in science, technology engi-
68	0.13904	0.16115	0.77266	0.01844	1.000	neering, and math. Our LEGO programs continue to challenge boys and girls alike. The Children's Room
68	0.13910	0.14534	0.78383	0.01612	1.000	began selling "book bundles" - 3 books on the same theme (each bundle is $1) and it has become a great hit.
68	0.14286	0.12936	0.78008	0.01453	1.000	The money goes to the Friends organization which enables us to buy special things like a new dollhouse and
68	0.14098	0.11186	0.12970	0.01463	1.000	a new CD player.
68	0.51880	0.07267	0.02068	0.01163	1.000	68
69	0.13158	0.91860	0.77820	0.01599	1.000	The Children's Room has continued its project of renewing and expanding the collection. We have added a
69	0.12970	0.90253	0.79323	0.01612	1.000	new JJ (birth to 8) non-fiction collection. This collection of material supports children's quest and enthusiasm
69	0.12970	0.88517	0.77444	0.01463	1.000	for learning by providing a viable, up-to-date collection of books and media. These items will inform chil-
69	0.13158	0.86773	0.76504	0.01599	1.000	dren about current issues (i.e. climate changes and global warming, best practices for supporting a healthy
69	0.13158	0.85169	0.75752	0.01463	1.000	planet, current events, etc.) as well as history, science, art. A new Chapter Book area has been created to
69	0.12970	0.83430	0.57519	0.01466	1.000	highlight this material and make it easier to locate for those burgeoning readers
69	0.13339	0.80768	0.77268	0.01673	1.000	Two new computers were added to the Children's Room to accommodate the increased number of children
69	0.12970	0.78919	0.79699	0.01612	1.000	coming in. We now provide access to ABCMouse. org, an amazing website that creates a unique, fun learning
69	0.12970	0.77471	0.75376	0.01453	1.000	environment that the children LOVE! We have added a homework survival kit and an online version of
69	0.13154	0.75566	0.09782	0.01484	1.000	World Book.
69	0.13346	0.72965	0.79323	0.01316	1.000	Our future programming must encompass a broad spectrum of interests and ages. Our goal is to continue age/
69	0.13158	0.71076	0.79323	0.01599	1.000	developmentally appropriate programs for preschool age children, as well as develop programming for school
69	0.12970	0.69320	0.78008	0.01612	1.000	age children and families. The Children's Room will continue to provide quality, well-vetted resources and
69	0.13346	0.67733	0.77820	0.01464	1.000	games using today's technology as well as the time-tested models such as a parent, a cozy chair, and a great
69	0.12970	0.66134	0.04699	0.01453	1.000	book!
69	0.13158	0.63517	0.20113	0.01314	1.000	FROM THE TEEN ROOM:
69	0.13158	0.60610	0.77444	0.01453	1.000	In 2015 we began examining the young adult collection, focusing on the manga section. We continued this
69	0.12970	0.58721	0.78947	0.01599	1.000	effort in 2016, focusing on the graphic novels, non-fiction, and classics sections. Each section was reviewed
69	0.13158	0.57267	0.78195	0.01463	1.000	to make sure that titles were in good shape, contain accurate information, and have strong teen appeal. In an
69	0.12970	0.55378	0.77444	0.01599	1.000	effort to make browsing easier, the biographies were separated out of the non-fiction section and made into
69	0.12965	0.53564	0.78957	0.01871	1.000	their own collection. A freestanding spinning rack was also introduced. The spinner houses the newly creat-
69	0.13158	0.52034	0.41917	0.01463	1.000	ed romance, inspirational fiction, and teen CD collections.
69	0.13346	0.49419	0.78008	0.01453	1.000	One of our primary goals is to provide access to materials in as many varied formats as possible. To that ef-
69	0.12970	0.47520	0.78947	0.01612	1.000	fect, much to the delight of the teens, anime DVDs were introduced. While this is still a fledgling collection,
69	0.12970	0.45784	0.69925	0.01612	1.000	it fills a much remarked up gap in the collection and has been met with a very positive response.
69	0.13158	0.43304	0.78008	0.01319	1.000	The gaming center was expanded to include not just video games but board games as well. The board game
69	0.12970	0.41270	0.78947	0.01761	1.000	collection targets all ages not just teens. It houses two player games, family friendly games, and party games
69	0.12970	0.39680	0.79323	0.01599	1.000	in a mix of classic and contemporary styles. A monthly teen board game night was created to introduce teens
69	0.13158	0.38070	0.43233	0.01464	1.000	to new games and allow fellow gamers a chance to connect.
69	0.13346	0.35317	0.78008	0.01463	1.000	We will continue to update the teen room, introducing new materials, programs, and technology as we strive
69	0.12782	0.33576	0.46617	0.01599	1.000	to make the teen room the best, most responsive space it can be.
69	0.12970	0.28343	0.10902	0.01320	1.000	Martha Moore
69	0.12970	0.25436	0.12406	0.01599	1.000	Library Director
69	0.51880	0.07267	0.01880	0.01017	1.000	69
70	0.30827	0.61037	0.38158	0.01761	1.000	Public Access Cable Committee (PACC)
70	0.30827	0.58135	0.16353	0.01612	1.000	Steve Walker, Chair
70	0.30827	0.55804	0.18045	0.01464	1.000	Faith Beall, Vice Chair
70	0.30639	0.53198	0.17293	0.01599	1.000	Jeff Bajko, Secretary
70	0.30827	0.50868	0.60338	0.01463	1.000	The Lunenburg Public Access Cable Committee (PACC) is responsible for the
70	0.30827	0.48401	0.56579	0.01308	1.000	long-term plan to manage the Public Access Channels available to the
70	0.30827	0.45784	0.54887	0.01463	1.000	Lunenburg community through Comcast, the town's only cable-service
70	0.30969	0.43412	0.07202	0.01247	1.000	provider.
70	0.30827	0.40843	0.54511	0.01320	1.000	The overall strategy includes providing and improving equipment to
70	0.31015	0.38219	0.59962	0.01463	1.000	acquire, record, broadcast and re-broadcast programming from both town
70	0.30827	0.35756	0.57707	0.01453	1.000	functions and meetings, as well as programming from publicly available
70	0.30827	0.33430	0.06391	0.00872	1.000	sources.
70	0.30827	0.30378	0.13346	0.01744	1.000	Programming
70	0.30808	0.27522	0.12257	0.01788	1.000	CH9 - Public
70	0.31015	0.24851	0.60526	0.01463	1.000	Public Access Cable (PAC) produced 84% of the local programming on Ch9
70	0.30639	0.22093	0.56391	0.01599	1.000	in FY16, up from 80% in FY15. This included high school sports, band
70	0.30827	0.19767	0.55451	0.01463	1.000	concerts and local events, just to name a few. The remaining 16% of
70	0.31015	0.17287	0.54135	0.01463	1.000	programming was obtained through other media sources and online
70	0.31013	0.14961	0.09215	0.01182	1.000	downloads.
70	0.51880	0.07267	0.02068	0.01163	1.000	70
71	0.40977	0.93452	0.22932	0.01315	1.000	Channel 9 - Public Channel
71	0.43797	0.85756	0.05263	0.02471	1.000	10%
71	0.48496	0.83866	0.04135	0.02180	1.000	6%
71	0.37970	0.78052	0.05639	0.02326	1.000	84%
71	0.60526	0.83284	0.10902	0.01314	1.000	• AccessShare
71	0.60526	0.79787	0.09962	0.01318	1.000	• Downloads
71	0.60526	0.76308	0.05639	0.01172	1.000	• Local
71	0.11654	0.66270	0.81015	0.01761	1.000	Several categories of local programming were provided on Ch9, among the top were LHS Sports
71	0.11466	0.63808	0.45113	0.01599	1.000	(42%), Informational (24%) and Entertainment (18%).
71	0.11654	0.58576	0.74812	0.01599	1.000	All locally produced programming is also accessible on the Public Access YouTube Channel
71	0.11466	0.55959	0.35902	0.01599	0.500	http://www.youtube.com/LunenburgAccess
71	0.11654	0.53343	0.62406	0.01599	1.000	and Facebook https://www.facebook.com/Lunenburg-Public-Access-Cable
71	0.11654	0.48110	0.18985	0.01453	1.000	CH8 - Government
71	0.11654	0.44913	0.76128	0.01599	1.000	All content on the Government Channel (Ch8) is locally produced. In addition to several live
71	0.11462	0.42064	0.78204	0.01999	1.000	weekly municipal meetings and re-broadcasts, other examples include committee/department
71	0.11649	0.39816	0.04709	0.01472	1.000	PSAs.
71	0.11842	0.34593	0.73120	0.01453	1.000	All recorded Government meetings are accessible on the Public Access YouTube channel.
71	0.11278	0.31831	0.36090	0.01744	0.500	http://www.youtube.com/LunenburgAccess
71	0.11654	0.26736	0.77632	0.01463	1.000	Town departments are encouraged to take advantage of PAC to improve town government to
71	0.11654	0.24128	0.23308	0.01453	1.000	community information flow.
71	0.11466	0.21076	0.32895	0.01891	1.000	Studio and Equipment Upgrades
71	0.11654	0.18304	0.51316	0.01612	1.000	PAC has had studio space in the TC Passios school since 2013.
71	0.11654	0.15698	0.70489	0.01599	1.000	We encourage the public to take advantage of the facilities and equipment offered.
71	0.51880	0.07122	0.02256	0.01599	1.000	71
72	0.11466	0.92436	0.79135	0.01761	1.000	The strategy for the PAC studio in the upcoming Fiscal years includes acquiring new studio space
72	0.11466	0.89534	0.81015	0.01745	1.000	to provide a better environment for producing programming. Part of the plan is to purchase more
72	0.11654	0.86773	0.78759	0.01744	1.000	cameras and equipment for loan to increase public participation in creating content. We would
72	0.11466	0.83721	0.79887	0.01745	1.000	like to increase visibility to the public to encourage more loaning of equipment, studio usage and
72	0.11466	0.80952	0.30263	0.01761	1.000	submitting of videos from the public.
72	0.11654	0.74702	0.78759	0.01896	1.000	The Town Hall, which houses the broadcast video server/playback system, and acts as a control
72	0.11466	0.71948	0.77820	0.01744	1.000	room for live meeting broadcasts, received a much needed upgrade of equipment in FY16. A
72	0.11654	0.68895	0.78383	0.01890	1.000	new HD video server/playback system, CASTUS, was installed in the Spring of 2016. This new
72	0.11466	0.65988	0.79511	0.01894	1.000	server allows for easier recording of meetings, remote LIVE broadcasts, and remote bulletin and
72	0.11466	0.63219	0.80263	0.01761	1.000	scheduling capabilities. This upgrade allowed PAC to provide higher quality broadcasts and help
72	0.11466	0.60465	0.62594	0.01599	1.000	to prepare the station for HD broadcasts when Comcast makes it available.
72	0.11654	0.54651	0.56955	0.01748	1.000	This equipment upgrade accounted for 31.69% of the FY16 expenses.
72	0.11654	0.47965	0.31579	0.02035	1.000	Staff, Producers and Volunteers
72	0.11466	0.44767	0.76692	0.01890	1.000	In FY16, there was one full-time Program Coordinator employee and four part-time workers,
72	0.11654	0.42006	0.79511	0.01744	1.000	classified as Vendors (Line Item: "Purchase of Services"). The Program Coordinator managed the
72	0.11654	0.39087	0.78947	0.01761	1.000	day to day operation of the organization, including all production and programming schedules,
72	0.11654	0.36186	0.79699	0.01761	1.000	equipment and services procurement, studio and inventory administration, advertising, and social
72	0.11466	0.33284	0.71992	0.01745	1.000	media. Vendors provided video recording of committee meetings and additional video
72	0.11842	0.30523	0.19925	0.01599	1.000	assignments, as needed.
72	0.11654	0.24554	0.79511	0.01910	1.000	Of the 84% of locally produced shows on Ch9, most were produced by public access staff. Our
72	0.11654	0.22384	0.77256	0.01897	1.000	Producer, Pete Lincoln of Talkin' Baseball, continued to create new programs for airing on Ch9
72	0.11441	0.20094	0.12080	0.01964	1.000	through FY16.
72	0.11466	0.15698	0.78383	0.01744	1.000	There were no volunteer assignments in FY16, although there is an ongoing campaign to obtain
72	0.11654	0.13368	0.60714	0.01894	1.000	volunteers to help with production, as well as producers to create content.
72	0.51692	0.07122	0.02444	0.01744	1.000	72
73	0.12587	0.92568	0.80275	0.02078	1.000	Manpower (Salaries, Purchase of Services, Consultant (videographer)) accounted for 52.69% of the
73	0.12594	0.89971	0.12594	0.01599	1.000	FY16 expenses.
73	0.12594	0.83721	0.10338	0.01453	1.000	Financials
73	0.12582	0.79979	0.78975	0.02292	1.000	PAC received all of its income from Comcast in quarterly payments (August, November, February
73	0.12594	0.77326	0.77444	0.01744	1.000	and May). The overall payments received for FY16 were $100,431.72. These payments were
73	0.12782	0.74554	0.47180	0.01612	1.000	used for the operating budget and for some capital costs.
73	0.12594	0.68452	0.77068	0.01896	1.000	The starting balance for PAC in FY16 was $265,970.11 and was used within the following line
73	0.12402	0.65979	0.05083	0.01327	1.000	items:
73	0.32895	0.62936	0.22180	0.01895	1.000	FY16 LINE ITEM EXPENSES
73	0.36831	0.59709	0.07728	0.01802	1.000	Line Item
73	0.36834	0.57251	0.06782	0.01923	1.000	Salaries
73	0.36802	0.55244	0.09855	0.02157	1.000	Purchase of
73	0.36813	0.52997	0.07012	0.02292	1.000	Services
73	0.37030	0.51163	0.08835	0.01744	1.000	Consultant
73	0.36833	0.48819	0.04718	0.01489	1.000	Lease
73	0.37020	0.46332	0.11863	0.02250	1.000	Office Supplies
73	0.36838	0.43884	0.09407	0.02057	1.000	Advertising
73	0.37030	0.41860	0.15602	0.01890	1.000	Equip/Maintenance
73	0.36834	0.39508	0.08476	0.01653	1.000	Insurance
73	0.37024	0.37049	0.08659	0.02065	1.000	New Equip
73	0.36830	0.34831	0.13933	0.01995	1.000	Vendor Expenses
73	0.36842	0.32703	0.05639	0.01599	1.000	TOTAL
73	0.58079	0.59730	0.06774	0.01761	1.000	Amount
73	0.59562	0.57199	0.09260	0.02172	1.000	$30,162.59
73	0.59936	0.52986	0.09075	0.02312	1.000	$6,783.74
73	0.59573	0.50834	0.09426	0.02111	1.000	$13,720.00
73	0.60516	0.48665	0.08478	0.01943	1.000	$6,000.00
73	0.61451	0.46047	0.07548	0.02383	1.000	$247.45
73	0.60514	0.43866	0.08484	0.02239	1.000	$1,515.00
73	0.61447	0.41529	0.07558	0.02262	1.000	$927.51
73	0.60327	0.39504	0.08669	0.01952	1.000	$5,880.84
73	0.59369	0.36837	0.09646	0.02343	1.000	$30,479.00
73	0.61458	0.34864	0.07536	0.01930	1.000	$450.00
73	0.59774	0.32413	0.09211	0.02035	1.000	$96,166.13
73	0.51880	0.07122	0.02256	0.01453	1.000	73
74	0.38158	0.93452	0.28571	0.01463	1.000	FY16 EXPENSES BY PERCENTAGES
74	0.29505	0.77745	0.06027	0.01341	1.000	31.69%
74	0.50940	0.77762	0.05827	0.01453	1.000	31.37%
74	0.30075	0.66570	0.05263	0.01744	1.000	6.12%
74	0.50940	0.66570	0.05639	0.01599	1.000	7.05%
74	0.23860	0.63778	0.06226	0.01514	1.000	0.47% -
74	0.25749	0.61621	0.06773	0.01613	1.000	0.96% /
74	0.25564	0.59593	0.05075	0.01453	1.000	1.58%
74	0.32519	0.58866	0.04887	0.01308	1.000	0.26%
74	0.35900	0.62059	0.05079	0.01318	1.000	6.24%
74	0.43985	0.62064	0.06015	0.01599	1.000	14.27%
74	0.63346	0.84003	0.15038	0.01463	1.000	• Salaries 31.37%
74	0.63534	0.81541	0.16165	0.01453	1.000	• Purch. of Svcs. 7.05%
74	0.63534	0.79215	0.15038	0.01316	1.000	• Consultant 14.27%
74	0.63534	0.76885	0.10902	0.01314	1.000	• Lease 6.24%
74	0.63346	0.74273	0.17293	0.01453	1.000	• Office Supplies 0.26%
74	0.63534	0.71801	0.14662	0.01463	1.000	•Advertising 1.58%
74	0.63722	0.69320	0.15789	0.01612	1.000	•Equip/Maint 0.96%
74	0.63722	0.67006	0.15602	0.01453	1.000	• Vendor Svcs. 0.47%
74	0.64474	0.64680	0.12970	0.01466	1.000	Insurance 6.12%
74	0.64662	0.62054	0.14474	0.01910	1.000	New Equip 31.69%
74	0.14662	0.52180	0.75940	0.01890	1.000	The total Revenue collected from Comcast and other sources in FY16 was $100,431.72 Total
74	0.40038	0.49419	0.25000	0.01896	1.000	Expenses came to $96,166.13
74	0.40789	0.43895	0.23684	0.01890	1.000	FY16 REVENUE vs EXPENSES
74	0.37030	0.40698	0.12970	0.01890	1.000	Starting Balance
74	0.57707	0.40843	0.10338	0.01744	1.000	$265,970.11
74	0.37216	0.38511	0.07899	0.01757	1.000	Revenue
74	0.57878	0.38460	0.10373	0.02005	1.000	$100,431.72
74	0.37208	0.36311	0.07914	0.01797	1.000	Subtotal
74	0.57703	0.36323	0.10347	0.01917	1.000	$366,401.83
74	0.37218	0.34012	0.08271	0.01744	1.000	Expenses
74	0.58832	0.34004	0.09216	0.01906	1.000	$96,166.13
74	0.37218	0.31686	0.12030	0.01895	1.000	Ending Balance
74	0.57885	0.31800	0.10170	0.01952	1.000	$270,235.70
74	0.51692	0.07122	0.02444	0.01599	1.000	74
75	0.29323	0.88808	0.45865	0.01453	1.000	SENIOR PROPERTY TAX WORK-OFF PROGRAM
75	0.48304	0.86614	0.07903	0.01482	1.000	Est. 1998
75	0.25564	0.84301	0.53571	0.01746	1.000	CALENDAR YEAR JANUARY 1, 2016 - NOVEMBER 1, 2016
75	0.13158	0.79787	0.75188	0.01463	1.000	The Property Tax Work-Off Committee is a 5 member committee appointed by the Board of Selectmen.
75	0.12970	0.75868	0.76128	0.01612	1.000	The Lunenburg Property Tax Work-Off Program offers income eligible senior citizens age 60+ an oppor-
75	0.12970	0.73983	0.75376	0.01599	1.000	tunity to receive up to $1,000 off of their property tax bill in the calendar year rather than the fiscal year.
75	0.12970	0.72093	0.77632	0.01599	1.000	Participants worked in various town departments to earn the tax abatement doing general office duties, cus-
75	0.12782	0.70058	0.34211	0.01744	1.000	todial, library shelving, and kitchen assistance.
75	0.12970	0.68169	0.77632	0.01747	1.000	For each hour worked a person received $10 and worked up to 100 hours between January 1, 2016 and No-
75	0.12782	0.66270	0.77632	0.01761	1.000	vember 1, 2016 to receive the abatement. Any hours worked beyond that were considered volunteer hours.
75	0.12970	0.64385	0.77068	0.01612	1.000	There were eleven Lunenburg residents who participated between January 1, 2016 and November 1, 2016.
75	0.12970	0.62500	0.60338	0.01599	1.000	These individuals, as a whole, accumulated 837.25 hours towards their abatements.
75	0.12970	0.59884	0.18609	0.01599	1.000	Eligibility Requirements:
75	0.12970	0.57267	0.34586	0.01314	1.000	• Applicants must be 60 years of age or older
75	0.12970	0.55233	0.65038	0.01599	1.000	• Own and occupy a home in Lunenburg as their primary residence for at least one year
75	0.12782	0.53343	0.75188	0.01599	1.000	• Receive a property tax bill in their name or their spouse's name who is also 60 years of age or older
75	0.15977	0.51453	0.71992	0.01599	1.000	Meet the income guidelines of : One person household - $40,000 / Two person household - $60,000
75	0.12782	0.49554	0.77068	0.01612	1.000	• All new applicants are required to have a CORI background check and must re- apply and be accepted
75	0.15789	0.47965	0.30075	0.01599	1.000	annually for participation in the program.
75	0.12970	0.44767	0.77256	0.01599	1.000	Earnings are exempt from state taxes only. Earnings are subject to Federal and FICA tax withholdings and
75	0.12970	0.42733	0.77256	0.01744	1.000	are also subject to OBRA (Omnibus Budget Reconciliation Act of 1990, otherwise known as MA Deferred
75	0.12970	0.40988	0.75564	0.01599	1.000	Compensation), if participants are not receiving a pension from either Worcester Regional Retirement or
75	0.13158	0.39385	0.30451	0.01167	1.000	Massachusetts State Teachers Retirement.
75	0.13158	0.36483	0.51128	0.01464	1.000	Departments who participated between January 1 - November 1, 2016:
75	0.12970	0.34003	0.14474	0.01317	1.000	Board of Selectmen
75	0.12970	0.32413	0.16541	0.01317	1.000	Facilities and Grounds
75	0.12952	0.30730	0.11878	0.01767	1.000	Board of Health
75	0.12920	0.28725	0.15686	0.01966	1.000	Building Department
75	0.12960	0.27278	0.13366	0.01839	1.000	Council on Aging
75	0.12970	0.25868	0.18985	0.01612	1.000	DPW/Sewer Departments
75	0.12970	0.24273	0.12218	0.01453	1.000	Fire Department
75	0.12961	0.22636	0.10731	0.01530	1.000	Public Library
75	0.12970	0.21076	0.14286	0.01599	1.000	School Department
75	0.51880	0.07122	0.01880	0.01308	1.000	75
76	0.41729	0.92584	0.21241	0.01463	1.000	SEWER COMMISSION
76	0.12218	0.89087	0.79511	0.01612	1.000	The five member Sewer Commission was originally established at the Special Town Meeting on May 6, 2006.
76	0.12406	0.87645	0.77068	0.01453	1.000	At the first Sewer Commission meeting after the May 2015 Town election (5/26/15) when the Commission
76	0.12218	0.85901	0.78759	0.01599	1.000	elects the officers for the new fiscal year, Carl Luck was elected to remain as Chairman, Mike Nault to serve
76	0.12218	0.84448	0.78947	0.01465	1.000	as Vice-Chair and Troy Daniels to serve as Clerk. Sue Bunish was elected to the Commission by ballot in the
76	0.12406	0.82837	0.80075	0.01465	1.000	May 2015 election, however neither Dave MacDonald nor Butch Bilotta sought re-election, leaving one vacan-
76	0.12218	0.81250	0.80263	0.01463	1.000	cy on the 5-member Commission. On July 7, 2015 John Reynolds was appointed to the Commission to serve a
76	0.12030	0.79506	0.79323	0.01599	1.000	one-year term by a joint meeting of the Board of Selectmen and the Sewer Commission. The Sewer Commis-
76	0.12218	0.78051	0.78195	0.01463	1.000	sion bears the responsibility of overseeing the Town's sewer system, planning for the future, and developing
76	0.12030	0.76308	0.80451	0.01599	1.000	and implementing rules, regulations and policies. The Department of Public Works manages and maintains the
76	0.12030	0.74554	0.80263	0.01761	1.000	operational side of the system. Under the Town's Charter, responsibility for the day-to day operation, care and
76	0.12030	0.73110	0.79699	0.01599	1.000	maintenance of the sanitary sewers are under the supervision of the Town Manager. The Town of Lunenburg
76	0.12218	0.71652	0.79699	0.01463	1.000	does not operate a sewer treatment plant. Approximately 83% of Lunenburg sewer is discharged to the City of
76	0.12030	0.69913	0.50000	0.01599	1.000	Leominster and the other 17% is discharged to the City of Fitchburg.
76	0.12030	0.66715	0.76880	0.01599	1.000	There are currently 846 properties connected to the Lunenburg system and another 393 that have access to
76	0.12406	0.65253	0.78947	0.01463	1.000	Town Sewer but are not yet connected. During FY16, 37 new accounts connected to Town Sewer. The Com-
76	0.12030	0.63517	0.78947	0.01599	1.000	mission billed out $734,145 in quarterly sewer bills, and had $63,086.97 of prior year delinquencies added to
76	0.12218	0.62054	0.79699	0.01464	1.000	the owners' property tax bills for non-payment. Three properties with access to the original sewer installation
76	0.12030	0.60317	0.80263	0.01612	1.000	were assessed privilege fees that had not originally been assessed betterments. Privilege fees help to pay down
76	0.12218	0.58854	0.41353	0.01466	1.000	the debt owed by the Town on the original sewer project.
76	0.12218	0.55523	0.79887	0.01599	1.000	At the May 2015 Town meeting the Commission had gone before the townspeople to request an additional ap-
76	0.12030	0.53919	0.77444	0.01612	1.000	propriation of $300,000 for the addition of Pleasant View Ave into the SRF project. It was approved and in
76	0.12030	0.52326	0.78008	0.01599	1.000	June 2015, the engineers at Wright Pierce began the engineering and design to install sewers in the Pleasant
76	0.12218	0.50719	0.79135	0.01612	1.000	View Ave. in concert with the SRF project, providing great cost saving by having the same construction firm,
76	0.12218	0.49128	0.79323	0.01599	1.000	CJP & Sons Construction, complete the installation while their equipment was still in town. On July 15, 2015
76	0.12019	0.47221	0.79530	0.02280	1.000	construction to install sewers for the SRF Sewer Project began in the Pratt Street and Lakeview Avenue areas.
76	0.12218	0.45930	0.80451	0.01744	1.000	Work on the sewer installation continued throughout FY16. In the fall of 2015, Wright Pierce again assisted the
76	0.12030	0.44320	0.79323	0.01612	1.000	Town by helping the Town obtain a DEP grant of $30,000 for the inspection and evaluation of over 300 man-
76	0.12030	0.42733	0.77256	0.01599	1.000	holes to determine causes of Inflow/Infiltration (I/I). Wright Pierce began the project in February 2016 and
76	0.12030	0.41134	0.79699	0.01599	1.000	completed the inspections and analysis in the spring 2016. The Commission will use their evaluation and rec-
76	0.12030	0.39534	0.45677	0.01612	1.000	ommendations to alleviate Inflow/Infiltration going into FY17.
76	0.12030	0.36334	0.79887	0.01612	1.000	In February 2016, the Commission approved revisions of the Sewer Extension Regulation, thanks in large part
76	0.12030	0.34884	0.79511	0.01599	1.000	to the hard work of Troy Daniels. The Commission was grateful to Troy in his work to help protect the Town
76	0.12030	0.33135	0.80639	0.01612	1.000	by putting forward a complete and comprehensive Regulation. The Commission continued to work hard on the
76	0.12218	0.31686	0.80263	0.01453	1.000	Grease Trap Regulation to make it a workable document that can be easily followed by all Food Service Estab-
76	0.11842	0.29936	0.80451	0.01612	1.000	lishments (FSE) that have internal or external grease interceptors. The Commission held two public hearings to
76	0.12030	0.28343	0.80263	0.01599	1.000	get input for those restaurants and well as the townspeople. As of May 2016, the regulation was approved, and
76	0.12030	0.26885	0.79887	0.01463	1.000	a new fee structure and requirements for annual permits, compliance and reporting was instituted. Lunenburg
76	0.12030	0.25291	0.76128	0.01453	1.000	has 18 food service establishments with grease traps and interceptors. This regulation will continue to be
76	0.12030	0.23537	0.79699	0.01612	1.000	strongly enforced as Fats, Oils and Grease (FOG) can negatively affect the smooth operation and maintenance
76	0.12030	0.21948	0.80451	0.01744	1.000	costs of the sewer system. While the Grease Trap Regulation focuses on commercial and public disposal, indi-
76	0.12218	0.20486	0.79323	0.01463	1.000	vidual home owners can also contribute a significant amount of grease into the system which increases every-
76	0.12218	0.18895	0.58835	0.01599	1.000	one's costs. Whether on sewer or septic, grease should not be put down the drain.
76	0.12030	0.17151	0.77068	0.01599	1.000	In August 2013, the Sewer Commission began contracting with Small Water Systems Services of Littleton
76	0.11842	0.15698	0.79135	0.01465	1.000	(SWSS) for the Operations and Management of the 10 pumping stations and sewer infrastructure. The Sewer
76	0.12218	0.13953	0.78571	0.01599	1.000	Commission has been very satisfied with the personnel, the work and the arrangement with SWSS, renewing
76	0.12218	0.12645	0.27068	0.01318	1.000	the contract for two successive years.
76	0.51880	0.07267	0.02068	0.01163	1.000	76
77	0.13910	0.92584	0.74436	0.01463	1.000	In April 2016, anticipating the end of the three-year renewable contract, the Sewer Commission put the
77	0.13910	0.90988	0.77256	0.01453	1.000	maintenance of the sewer system out to bid. Small Water was awarded the bid and we are happy to contin-
77	0.13722	0.89236	0.77256	0.01761	1.000	ue this great partnership for 3 more years. The new contract, effective 7/1/16, was expanded to include the
77	0.13722	0.87645	0.69925	0.01599	1.000	generators in each pump station and quarterly meter readings for manual and irrigation accounts.
77	0.13722	0.84448	0.76128	0.01599	1.000	At the May 2016 Town Meeting, the Commission put forward 5 articles, 3 of which related to the budget
77	0.13722	0.82837	0.78383	0.01612	1.000	and stabilization funds. For the standard budget article to appropriate funds for FY17, $69,775.27 was trans-
77	0.13722	0.81250	0.78383	0.01599	1.000	ferred from Retained Earnings to cover both general expenses and debt service on the betterments. The goal
77	0.13722	0.79506	0.74060	0.01893	1.000	of the Sewer Commission is to maintain a balanced budget going forward and to build up the Retained
77	0.13722	0.78051	0.76880	0.01612	1.000	Earnings so that it may be used for major capital projects to maintain and improve the operating efficiency
77	0.13722	0.76453	0.76692	0.01599	1.000	of the system. The fourth article updated the Sewer Bylaw to mandate the holding of 2 public hearings to
77	0.13722	0.74851	0.76880	0.01612	1.000	ensure public participation in regulation changes. The fifth article was to present the updated Comprehen-
77	0.13722	0.73256	0.77444	0.01599	1.000	sive Wastewater Management Plan (CWMP) for acceptance. The CWMP needed updating since the origi-
77	0.13722	0.71652	0.76316	0.01612	1.000	nal master plan was put into place in 2010. Wright Pierce had completed the original evaluation and plan
77	0.13722	0.70058	0.77444	0.01599	1.000	and worked with the Commission to update the CWMP. This master plan is a great source to the Town for
77	0.13722	0.68452	0.30639	0.01612	1.000	checking compliance and future planning.
77	0.13722	0.65253	0.76316	0.01612	1.000	The Commission would like to thank Troy Daniels, who resigned from the Commission January 14, 2016
77	0.13722	0.63663	0.77256	0.01599	1.000	and Mike Nault, who did not seek re-election in May 2016; also Sue Bunish who resigned from the Sewer
77	0.13910	0.62054	0.76504	0.01612	1.000	Commission in July 2016 citing personal reasons, for all their hard work and dedication. In the May 2016
77	0.13910	0.60610	0.77256	0.01453	1.000	town election John Reynolds was elected to a 3 year term. With the resulting vacancies, two openings were
77	0.13722	0.58854	0.74060	0.01612	1.000	filled by appointment in July 2016 when the Commission welcomed Joseph Anderson and Joan Pease.
77	0.13722	0.57413	0.76692	0.01453	1.000	Richard St. Cyr was appointed in October 2016 and we thank them all for their willingness to serve on the
77	0.13910	0.55952	0.75188	0.01315	1.000	Commission. Bob Ebersole continues to serve as the Board of Selectmen liaison and the Commission is
77	0.13910	0.54215	0.76504	0.01464	1.000	grateful for his knowledge and counsel. Jay Simeone, a past member of the Sewer Commission, serves as
77	0.13722	0.52604	0.76128	0.01466	1.000	the Finance Committee liaison to blend his experience on the Commission with its financial planning and
77	0.13722	0.50868	0.78195	0.01612	1.000	we thank him for his participation. The Commission would also like to thank Jack Rodriquenz, DPW Direc-
77	0.13722	0.49273	0.73684	0.01599	1.000	tor, for the seamless and smooth operation of the Sewer Division of the DPW and Jim Breault (DPW-
77	0.13910	0.47965	0.73496	0.01316	1.000	Facilities) who whenever called upon, provides his expertise and service to the Sewer Division. They
77	0.13722	0.46076	0.74248	0.01599	1.000	would also like to acknowledge and thank the Lunenburg Water District for their partnership and good
77	0.13722	0.44469	0.75000	0.01612	1.000	working relationship with the DPW and especially with Business Manager, Barb Lefebvre, in providing
77	0.13710	0.42754	0.58111	0.02132	1.000	valuable assistance with meter readings, ownership changes, and status updates.
77	0.13910	0.39826	0.39850	0.01453	1.000	Current Commission as of report submittal (Feb 2017):
77	0.13722	0.38219	0.12594	0.01463	1.000	Carl Luck, Chair
77	0.13722	0.36483	0.19737	0.01599	1.000	John Reynolds, Vice Chair
77	0.13910	0.35169	0.14850	0.01314	1.000	Joe Anderson, Clerk
77	0.13534	0.33430	0.15602	0.01599	1.000	Joan Pease, Member
77	0.13722	0.31820	0.18609	0.01464	1.000	Richard St. Cyr, Member
77	0.51880	0.07267	0.01692	0.01163	1.000	77
78	0.41729	0.93169	0.22180	0.01747	1.000	VETERANS SERVICES
78	0.12406	0.89971	0.78008	0.01599	1.000	The Veterans Agent is available for assistance to Lunenburg veterans and family on Tuesday evenings from
78	0.12406	0.88368	0.79699	0.01748	1.000	4:30 - 6:30 P.M. on the second floor of the Eagle House Senior Center, located at 25 Memorial Drive. Service
78	0.12215	0.86912	0.73878	0.01642	1.000	is provided on an as-needed basis for all Veteran Administration and State and Federal- related issues.
78	0.12594	0.83854	0.37218	0.01320	1.000	The Veteran's Agent provides a variety of services:
78	0.15414	0.80378	0.70301	0.01744	1.000	Answering VA-related inquiries such as eligibility for benefits/services and where to obtain them
78	0.15414	0.78919	0.55075	0.01463	1.000	Assistance in filling out forms for services for veterans and family members
78	0.15414	0.77180	0.34774	0.01599	1.000	Applications for disability services and benefits
78	0.15414	0.75570	0.34962	0.01612	1.000	Annuity verification for 100% disabled veterans
78	0.15414	0.74128	0.21617	0.01453	1.000	Medical services applications
78	0.15414	0.72384	0.55639	0.01748	1.000	Assistance in getting military discharges and upgrades of the same, if needed
78	0.15602	0.70784	0.47180	0.01612	1.000	Assistance in acquiring burial plots in the state veterans cemetery
78	0.15602	0.69320	0.27068	0.01464	1.000	Referral to veteran housing programs
78	0.15602	0.67878	0.29323	0.01319	1.000	Referral to veteran employment services
78	0.15226	0.66134	0.38158	0.01453	1.000	Provide information on veterans home loan program
78	0.15414	0.64534	0.26692	0.01463	1.000	Provide veterans identification cards
78	0.15414	0.63070	0.28383	0.01612	1.000	Provide information on tax abatements
78	0.15414	0.61483	0.31955	0.01315	1.000	All other veteran-related issues and services
78	0.12406	0.58135	0.76692	0.01612	1.000	This office averages 1-3 office visits per week and handles an average of 4+ phone calls and messages per
78	0.12406	0.56395	0.79511	0.01744	1.000	week. During 2016, twelve veterans and family members were assisted with financial benefits from M.G.L. c.
78	0.12406	0.54936	0.17857	0.01612	1.000	115, Veterans' Benefits.
78	0.12406	0.51736	0.17481	0.01612	1.000	Respectfully submitted,
78	0.12399	0.48663	0.09036	0.01365	1.000	T.J. Blauser
78	0.12594	0.46948	0.11466	0.01465	1.000	Veterans Agent
78	0.51880	0.07267	0.01880	0.01163	1.000	78
79	0.14629	0.51553	0.76763	0.04482	1.000	PROTECTION OF PERSONS & PROPERTY
79	0.51880	0.07267	0.01880	0.01163	1.000	79
80	0.43233	0.92151	0.19361	0.01453	1.000	BOARD OF HEALTH
80	0.13534	0.88953	0.78759	0.01599	1.000	The Board of Health Office is located in the old Ritter Library building on the corner of Mass. Ave and Le-
80	0.13346	0.87351	0.78947	0.01748	1.000	ominster Road. Our office is on the upper level at the end of the hall on the right. We can be reached at 978
80	0.13346	0.85756	0.19173	0.01599	1.000	-345-4146, extension 430.
80	0.13346	0.82558	0.78947	0.01599	1.000	The Board of Health, with the assistance of its agent, the Nashoba Associated Boards of Health, continued
80	0.13346	0.80952	0.78947	0.01761	1.000	its mission to maintain my maintain its focus on public health and safety issues during 2016, reviewing Title
80	0.13534	0.79360	0.78947	0.01599	1.000	V Inspection Reports, building permits, septic and well permits, nuisance investigations, housing inspec-
80	0.13346	0.77753	0.41917	0.01761	1.000	tions, complaints and general public health related issues.
80	0.13346	0.74702	0.78947	0.01463	1.000	This past year has seen the reinstatement of the Septic System Repair Program which helps low to moderate
80	0.13346	0.72965	0.79135	0.01599	1.000	income families replace failed septic systems or connect to public sewer. Anyone interested in finding out
80	0.13346	0.71503	0.46617	0.01612	1.000	more about this program can contact the Board of Health office.
80	0.13346	0.68169	0.78947	0.01599	1.000	Homeland Security planning is ongoing. Meetings continue between our agents, other town Departments
80	0.13346	0.66715	0.74624	0.01464	1.000	and regional entities to develop a plan for not only Lunenburg but with our partner towns in our region.
80	0.13722	0.63517	0.78571	0.01463	1.000	This year, we processed applications for Septic Permit Lot Tests, permits for new construction, new wells,
80	0.13346	0.61919	0.78947	0.01453	1.000	repairs or upgrades to septic systems and well permits. The Board continues its vigilance with regard to sep-
80	0.13534	0.60317	0.78947	0.01463	1.000	tic systems, wells, food service inspections, housing and nuisance complaints and its general mandate to pro-
80	0.13534	0.58854	0.44549	0.01320	1.000	tect the environment and groundwater of the Commonwealth.
80	0.13346	0.55523	0.78947	0.01599	1.000	The Board of Health provides numerous other services in cooperation with our Health Agents, the Nashoba
80	0.13722	0.53919	0.78571	0.01463	1.000	Associated Boards of Health. In addition to our environmental services, numerous clinics are provided
80	0.13346	0.52180	0.78947	0.01744	1.000	throughout the year to our residents. These clinics provide inoculations, blood pressure screenings, Well
80	0.13722	0.50868	0.78571	0.01463	1.000	Oldster Clinics and dental screening. fluoride treatment and dental checks of our youngsters in the school
80	0.13534	0.49273	0.35338	0.01308	1.000	system are provided by the Nashoba dental staff.
80	0.13722	0.46076	0.78571	0.01453	1.000	The Town of Lunenburg participates in the Central Mass. Mosquito Control Project. Mosquito Control
80	0.13534	0.44469	0.78947	0.01316	1.000	monitors the mosquito population in Lunenburg and advises of any potential diseases such as EEE and West
80	0.13346	0.42733	0.78947	0.01464	1.000	Nile Virus and sprays frequently to control the population during the warmer times of the year.. Residents
80	0.13346	0.40988	0.78947	0.01599	1.000	who want to have their property sprayed can do so by emailing to: cmmcp@cmmcp.org, calling (508) 393-
80	0.13346	0.39385	0.78947	0.01612	1.000	3055, or completing a request on their webpage at: http://www.cmmcp.org, or calling the Board of Health
80	0.13467	0.38042	0.05089	0.01540	1.000	office.
80	0.13722	0.34884	0.78571	0.01453	1.000	With our Nashoba Nursing and Hospice partners we provide in home visits to ill residents recovering from
80	0.13346	0.33135	0.51880	0.01612	1.000	illness and Hospice care and counseling to those in need of this service.
80	0.13346	0.29936	0.50000	0.01612	1.000	Please contact our office in the Ritter Building for more information.
80	0.13346	0.26736	0.79135	0.01612	1.000	Please remember that our board members volunteer their time and efforts on behalf of you, the citizens of
80	0.13346	0.25000	0.68797	0.01744	1.000	Lunenburg. If you have something that you think we can help you with, we are at your service.
80	0.51880	0.07267	0.02068	0.01163	1.000	80
81	0.30827	0.84301	0.43985	0.01891	1.000	NASHOBA ASSOCIATED BOARDS OF HEALTH
81	0.19173	0.80952	0.73120	0.01612	1.000	Nashoba Associated Boards of Health continues to serve the local Board of Health in meeting the chal-
81	0.12970	0.79067	0.79323	0.02037	1.000	lenges of environmental and public health needs in Lunenburg. In addition to the day to day public health work
81	0.13158	0.77753	0.45865	0.01612	1.000	conducted for Lunenburg we also provide the following services.
81	0.16165	0.74419	0.70113	0.01747	1.000	Maintaining Nashoba's internet website to provide information for the public. (See nashoba.org),
81	0.16165	0.71354	0.76128	0.01612	1.000	Response to health related impacts of beavers through coordination with the local Board of Health in the
81	0.19173	0.69913	0.24060	0.01317	1.000	issuance of the necessary permits,
81	0.15977	0.66419	0.76128	0.01895	1.000	Response to state mandated changes in regulations requiring more frequent beach sampling through sample
81	0.19173	0.64826	0.53383	0.01744	1.000	collection, submittal for analysis, and follow-up when results were obtained,
81	0.19173	0.61773	0.64098	0.01892	1.000	We look forward to continuing our work with Lunenburg's Board of Health. Included in the
81	0.19173	0.60020	0.40602	0.01612	1.000	day-to-day work of Nashoba in 2016 were the follow-ing:
81	0.13346	0.57118	0.78571	0.01463	1.000	Through membership in the Association, Lunenburg benefited from the services of Nashoba staff including: reg-
81	0.12782	0.53634	0.77256	0.03488	0.500	therapis, icised ori eats oftie, gie red nurse, and rist, re dered physical & occupational.
81	0.13346	0.50570	0.65977	0.01612	1.000	Provided health education programs in collaboration with the Lunenburg Council on Aging
81	0.13346	0.47384	0.63910	0.01599	1.000	Collaborated with Montachusett Home Care around elders at risk and other safety issues
81	0.13346	0.44041	0.77444	0.01744	1.000	Reviewed 105 Title 5 state mandated private septic system inspections for the Lunenburg Board of Health. Re-
81	0.13346	0.42733	0.78571	0.01315	1.000	ceived, reviewed and filed these state mandated (but unfunded) Title 5 inspections; corresponded with inspectors
81	0.13158	0.41134	0.74624	0.01599	1.000	regarding deficiencies; referred deficient inspections to Lunenburg Board of Health for enforcement action
81	0.19173	0.37645	0.61278	0.01890	1.000	By the Lunenburg Board of Health's continued participation in the Association you can
81	0.18797	0.36186	0.64286	0.01896	1.000	shape your future local public health programs and share in the benefits of quality service at
81	0.18985	0.35020	0.13158	0.01027	1.000	a reason-able cost!
81	0.19173	0.31395	0.26504	0.01453	1.000	Environmental Health Department
81	0.19173	0.28198	0.29323	0.01465	1.000	Environmental Information Responses
81	0.19173	0.26587	0.19925	0.01612	1.000	Lunenburg Office (days)...
81	0.53383	0.26744	0.02820	0.01453	1.000	..97
81	0.13158	0.23401	0.76316	0.01599	1.000	The Nashoba sanitarian is generally scheduled to be available for the public twice a week on Monday and
81	0.13346	0.21354	0.77820	0.01612	1.000	Wednesday mornings at the Lunenburg Board of Health Office. Other meetings occur informally. This does
81	0.13346	0.19469	0.66917	0.01612	1.000	not reflect the daily calls handled by the three Nashoba secretaries during daily business hours.
81	0.13511	0.16873	0.31811	0.01789	1.000	Food Service Licenses & Inspections..........
81	0.54511	0.17151	0.03759	0.01308	1.000	...33
81	0.13158	0.15253	0.76692	0.01612	1.000	Nashoba annually mails out and receives application from both restaurants and retail food businesses. Li-
81	0.13158	0.13368	0.77256	0.01612	1.000	censes are renewed for existing facilities. Plans are submitted and reviewed prior to initial licensing. Most
81	0.13346	0.11483	0.76692	0.01599	1.000	licensees are inspected at a minimum twice a year. Where deficiencies are found, a re-inspection is sched-
81	0.13346	0.09593	0.67857	0.01599	1.000	uled to insure compliance. When a complaint from the public is received an inspection is also
81	0.51880	0.07122	0.02068	0.01308	1.000	81
82	0.12594	0.93169	0.78008	0.01747	1.000	conducted. During this inspection health factors of food handlers is also investigated, and where appropriate
82	0.12594	0.91270	0.43797	0.01612	1.000	medical consultation and laboratory testing may be required.
82	0.12594	0.88663	0.20113	0.01453	1.000	Beach/Camp Inspections..
82	0.53008	0.88953	0.03571	0.01308	1.000	... 21
82	0.12589	0.86910	0.77641	0.02107	1.000	Camps are inspected at least annually at opening for compliance with State Sanitary Code, Chapter IV, 105
82	0.12594	0.85465	0.77068	0.01599	1.000	CMR 430.00. Public swimming beaches are sampled for water quality every week during the summer and
82	0.12594	0.83854	0.27068	0.01612	1.000	more often if a problem is suspected.
82	0.12594	0.80669	0.26880	0.01453	1.000	Housing & Nuisance Investigations.
82	0.12594	0.79067	0.77444	0.02183	1.000	Nashoba, as agent for the local Board of Health, inspects dwellings for conformance with State Sanitary Code,
82	0.12594	0.77604	0.77444	0.01612	1.000	105 CMR 410.00, issues orders for correction, and re-inspect for compliance. Similarly, complaints from resi-
82	0.12594	0.76163	0.52632	0.01453	1.000	dents concerning unsanitary conditions or pollution events are investigated.
82	0.12594	0.72669	0.25188	0.01463	1.000	Septic System Test Applications...
82	0.51504	0.72965	0.03571	0.01308	1.000	....51
82	0.12594	0.71076	0.78947	0.01891	1.000	Applications from residents proposing to build or upgrade a septic system are accepted, a file created, and testing
82	0.12594	0.69469	0.35338	0.01612	1.000	dates are coordinated with the applicants engineer.
82	0.12782	0.66419	0.37594	0.01463	1.000	Septic System Lot Test.....................................27
82	0.12594	0.64680	0.77444	0.01890	1.000	Nashoba sanitarian witnesses soil evaluations, deep hole tests, and, usually on a separate date, percolation tests
82	0.12594	0.63070	0.67857	0.01761	1.000	conducted by the applicant's engineer which serve as the basis of the design of the septic system.
82	0.12782	0.60020	0.25940	0.01317	1.000	Septic System Plan Applications...
82	0.52256	0.60174	0.04135	0.01308	1.000	....72
82	0.12594	0.58284	0.74812	0.01745	1.000	Detailed plans created by engineers hired by residents proposing to build or upgrade a septic system are re-
82	0.12594	0.56820	0.43233	0.01612	1.000	ceived, filed, and routed to the Nashoba sanitarian for review.
82	0.12782	0.53634	0.22368	0.01308	1.000	Septic System Plan Reviews ...
82	0.46805	0.53634	0.04511	0.01453	1.000	...110
82	0.12594	0.51885	0.78571	0.02185	1.000	Engineered plans are reviewed according to state code, Title 5, and local Board of Health regulations and review
82	0.12594	0.50291	0.78195	0.01744	1.000	forms are created and sent to engineer for revision. Subsequent re-submittals by the engineer are also reviewed.
82	0.12594	0.47093	0.35902	0.01599	1.000	Septic System Permit Applications (new lots).....
82	0.49812	0.47384	0.04699	0.01308	1.000	.....40
82	0.12594	0.43895	0.41729	0.01744	1.000	Septic System Permit Applications (upgrades).......•.. 32
82	0.12782	0.42287	0.76692	0.01761	1.000	Applicants' approved plan submittals and Board of Health requirements are incorporated into a permit to con-
82	0.12782	0.40843	0.16729	0.01453	1.000	struct the septic system.
82	0.12782	0.37645	0.34211	0.01453	1.000	Septic System Construction Inspections...........
82	0.12594	0.36037	0.76880	0.01463	1.000	Nashoba Sanitarian is called to construction site at various phases of construction to witness & verify that sys-
82	0.12594	0.34448	0.21805	0.01465	1.000	tem is built according to plans.
82	0.12594	0.31250	0.22932	0.01744	1.000	Septic System Consultations....
82	0.41917	0.31250	0.06955	0.01453	1.000	.....••....16
82	0.12594	0.29506	0.78759	0.01893	1.000	During all phases of application, design, and construction, the Nashoba Sanitarian is called upon for legal details
82	0.12398	0.28016	0.13363	0.01962	1.000	and interpretation.
82	0.12406	0.25000	0.11278	0.01599	1.000	Well Permits...
82	0.52256	0.24855	0.02256	0.01453	1.000	•22
82	0.12406	0.21503	0.42293	0.01761	1.000	Water Quality/Well Consultation......000000000I0.
82	0.24248	0.20058	0.66917	0.01599	1.000	Private wells are regulated solely by local Board of Health regulations, The Nashoba Sanitarian
82	0.24248	0.18601	0.66353	0.01612	1.000	assist the Board of Health by reviewing well plans, securing well water samples, and interpret-
82	0.24060	0.16715	0.20865	0.01890	1.000	ing water quality test results.
82	0.17669	0.13517	0.28195	0.01745	1.000	Nashoba Nursing Service & Hospice
82	0.12580	0.12009	0.10931	0.01853	1.000	Home Health
82	0.12594	0.10317	0.11654	0.01892	1.000	Nursing Visits.
82	0.41729	0.10465	0.04887	0.01744	1.000	...782
82	0.51692	0.07122	0.02444	0.01599	1.000	82
83	0.12594	0.92006	0.65789	0.01599	1.000	Nashoba's certified home health registered nurses visits provide skilled services to patients
83	0.12406	0.90253	0.77068	0.01761	1.000	in their home under physician's orders. These services include assessment of physical, psychological, and
83	0.12594	0.88808	0.79135	0.01744	1.000	nutritional needs. Skills include teaching/supervision of medications, wound care, ostomy care, IV therapy on
83	0.12584	0.86950	0.63555	0.02040	1.000	a 24 hour basis, catheter care, case management and referral to other services as needed.
83	0.12594	0.84152	0.19925	0.01314	1.000	Home Health Aide Visits..
83	0.12594	0.82413	0.76128	0.01599	1.000	Nashoba's certified home care aides provide assistance with daily activities of daily living including bathing,
83	0.12782	0.80952	0.28759	0.01463	1.000	dressing, exercises and meal preparation.
83	0.12594	0.77604	0.22932	0.01466	1.000	Rehabilitative Therapy Visits..
83	0.12594	0.76017	0.79323	0.01599	1.000	Nashoba's therapists provide skilled physical, occupational, speech, and dietary therapeutic interventions through
83	0.12594	0.74419	0.78383	0.01599	1.000	assessment, treatment and education. Their integration of client, caregiver, and medical outcomes aims at attain-
83	0.12594	0.72965	0.26692	0.01464	1.000	ing maximum functional dependence.
83	0.12594	0.69767	0.22368	0.01314	1.000	Medical Social Service Visits..
83	0.40602	0.69477	0.05075	0.01599	1.000	.......7
83	0.12594	0.68023	0.77256	0.01599	1.000	Nashoba's social workers provide short-term assistance to patients at home for counseling and referral to com-
83	0.12406	0.66419	0.12970	0.01463	1.000	munity resources.
83	0.12594	0.63219	0.38534	0.01612	1.000	Hospice Volunteer and Spiritual Care Visits......)
83	0.12594	0.61628	0.71992	0.01599	1.000	Nashoba's volunteers and clergy provide patients with emotional and spiritual support, companion-
83	0.12594	0.60020	0.13910	0.01612	1.000	ship and guidance.
83	0.12594	0.56820	0.21241	0.01464	1.000	Community Health Nursing
83	0.12782	0.55378	0.72368	0.01453	1.000	Nashoba's community health nursing program provides an essential public health service to its member
83	0.12594	0.53634	0.72368	0.01599	1.000	communities guided by the American Nurses Association (ANA) 16 Standards of Public Nursing Prac-
83	0.12782	0.52326	0.03195	0.01163	1.000	tice.
83	0.12594	0.50436	0.72744	0.01599	1.000	Our staff serves as a resource to the community, addressing questions and concerns from the public on a
83	0.12594	0.48834	0.71053	0.01612	1.000	variety of health and safety issues (immunizations, head lice, chronic disease management, safe drug/
83	0.12594	0.47238	0.28947	0.01599	1.000	sharps disposal etc.) in a variety of ways.
83	0.27256	0.44041	0.62218	0.01599	1.000	We conduct regular well-being clinics for health assessment, screenings and education to
83	0.30263	0.42287	0.38158	0.01761	1.000	all, especially the underserved and at-risk populations.
83	0.27444	0.40843	0.60150	0.01599	1.000	We report and investigate communicable diseases to formulate and implement control
83	0.29699	0.39236	0.62218	0.01612	1.000	guidelines and strategies that protect the health of individual and the community at large
83	0.30075	0.37645	0.44737	0.01599	1.000	(mandated by the Massachusetts Department of Public Health).
83	0.27444	0.36186	0.61466	0.01463	1.000	We make well-being visits to assess needs, coordinate appropriate care and services and
83	0.30263	0.34301	0.39850	0.01612	1.000	provide case management as needed (health promotion).
83	0.27226	0.32595	0.25817	0.02202	1.000	We provide public health education.
83	0.27256	0.31250	0.62218	0.01744	1.000	We address psych-social issues that may impact general health and safety (i.e. hoarding).
83	0.27256	0.29651	0.61090	0.01599	1.000	We are available to collaborate with all municipal staff to address public health nursing
83	0.30075	0.28051	0.61090	0.01746	1.000	questions, work closely with Councils on Aging to assist elders in the communities and
83	0.30075	0.26587	0.60338	0.01320	1.000	are available for consultation with school nurses caring for children and families. The
83	0.30070	0.24808	0.60536	0.01674	1.000	nursing staff also works with the Sanitarian for your community, as needed, to address
83	0.30075	0.23256	0.26504	0.01744	1.000	issues of unhealthy living conditions.
83	0.24248	0.20058	0.60150	0.01599	1.000	Listed below is summary of the activities of the Community Health Nursing program.
83	0.18421	0.16860	0.66729	0.01599	1.000	Nashoba conducted 10 clinics and those clinics offered your citizens: blood pressure screening,
83	0.18045	0.15253	0.62782	0.01612	1.000	annual sugar and eye screenings, flu shots and an opportunity to consult with the nurse to
83	0.18421	0.13808	0.13158	0.01599	1.000	address questions.
83	0.12594	0.10465	0.68233	0.01599	1.000	Our staff conducted 24 health promotion/well-being/social worker visits in your communities.
83	0.51880	0.07267	0.02068	0.01163	1.000	83
84	0.20489	0.92006	0.39662	0.01599	1.000	We administered 55 flu shots through our annual clinics.
84	0.20489	0.88663	0.70113	0.01599	1.000	Nashoba reviewed, investigated and reported on the following cases of communicable diseases from
84	0.20301	0.87202	0.68045	0.01315	1.000	your community. Though the daily reporting and investigating work is not always visible it is
84	0.20489	0.85756	0.38158	0.01308	1.000	vital to protect the public from the spread of disease.
84	0.20288	0.82225	0.08859	0.01683	1.000	Investigated
84	0.20480	0.80926	0.07913	0.01375	1.000	Confirmed
84	0.32143	0.82558	0.02068	0.01308	1.000	53
84	0.32143	0.80959	0.02068	0.01308	1.000	19
84	0.28383	0.76163	0.29511	0.01317	1.000	Communicable Disease Number of Cases
84	0.35139	0.72635	0.10360	0.01823	1.000	Anaplasmosis
84	0.35150	0.71221	0.15977	0.01745	1.000	Calivirus/Norovirus 1
84	0.35150	0.69622	0.11278	0.01599	1.000	Campylobacter
84	0.50000	0.70058	0.00940	0.01017	0.500	1
84	0.35315	0.68083	0.10197	0.01915	1.000	Hepatitis C 3
84	0.34958	0.66407	0.10536	0.01779	1.000	Influenza 9
84	0.36090	0.64826	0.11466	0.01453	1.000	trep Pneumonia
84	0.36077	0.63475	0.08485	0.01683	1.000	almonella 2
84	0.35150	0.61628	0.10338	0.01890	1.000	Yersiniosis 1
84	0.20301	0.58284	0.20489	0.01463	1.000	Dental Health Department
84	0.20489	0.54936	0.39850	0.02041	1.000	Examination, Cleaning & Fluoride - Grades K, 2 & 4
84	0.20489	0.53634	0.71241	0.01599	1.000	Nashoba's registered dental hygienists, operating out of the school nurse's office and records, provide
84	0.20301	0.52180	0.51880	0.01744	1.000	these services to those children whose parents have given written consent.
84	0.32140	0.48679	0.13352	0.01916	1.000	Students Eligible...
84	0.32143	0.47384	0.16353	0.01453	1.000	Students Participating.
84	0.32140	0.45914	0.13915	0.01486	1.000	Referred to Dentist.
84	0.62406	0.48834	0.04511	0.01612	1.000	... 375
84	0.61654	0.47238	0.04699	0.01453	1.000	....206
84	0.64098	0.45785	0.02632	0.01453	1.000	..27
84	0.20113	0.42006	0.23120	0.02042	1.000	Instruction - Grades K, 1 & 5
84	0.20489	0.40843	0.71241	0.01599	1.000	Nashoba's registered dental hygienists also provide classroom instruction of cleaning and maintaining
84	0.20486	0.39360	0.29516	0.01512	1.000	health teeth to all children in these grades.
84	0.32143	0.35901	0.16917	0.01599	1.000	Number of Programs..
84	0.56767	0.36192	0.09586	0.01308	1.000	*...••••..........10
84	0.51880	0.07267	0.01880	0.01163	1.000	84
85	0.38534	0.92436	0.39474	0.02187	1.000	TOWN OF LUNENBURG, MASSACHUSETTS
85	0.49060	0.90843	0.18421	0.01744	1.000	FIRE DEPARTMENT
85	0.14850	0.87791	0.06015	0.01744	1.000	CHIEF
85	0.13158	0.86334	0.12030	0.01314	1.000	Patrick A. Sullivan
85	0.12970	0.84884	0.11278	0.01308	1.000	TEL: (978) 582-4155
85	0.12970	0.83430	0.11466	0.01317	1.000	FAX: (978) 582-4033
85	0.78195	0.87054	0.13910	0.01612	1.000	655 Massachusetts Ave
85	0.78383	0.85465	0.14098	0.01744	1.000	Lunenburg, MA 01462
85	0.52444	0.78198	0.03195	0.01163	1.000	INCO
85	0.22744	0.71652	0.60526	0.01895	1.000	The Firefighters and Emergency Medical Technicians of the Lunenburg Fire Department are
85	0.21429	0.70058	0.63722	0.02040	1.000	dedicated to providing the highest quality, most cost effective fire and emergency medical services to
85	0.40414	0.68601	0.25188	0.01612	1.000	the citizens of the Town of Lunenburg.
85	0.25376	0.65253	0.56579	0.01761	1.000	In 2016 your Fire Department responded to 1986 calls for service, broken down as follows:
85	0.25376	0.62351	0.19173	0.01166	1.000	Fires & Hazardous Conditions
85	0.25559	0.60596	0.07340	0.01482	1.000	Inspections
85	0.50564	0.62355	0.02632	0.01163	1.000	475
85	0.50564	0.60756	0.02632	0.01163	1.000	508
85	0.60526	0.62054	0.17481	0.01612	1.000	Emergency Medical 965
85	0.60526	0.60756	0.03947	0.01163	1.000	Other
85	0.75188	0.60756	0.01880	0.01163	1.000	38
85	0.25376	0.57267	0.55639	0.01599	1.000	Fire Department staffing today is five Career and forty-forty-five On Call Firefighters and
85	0.20489	0.55669	0.64474	0.01453	1.000	Emergency Medical Technicians. The station is manned seven days per week, but only from 6:00 a.m. -
85	0.20489	0.54067	0.61090	0.01463	1.000	6:00 p.m. During those hours the station is manned with two-three Firefighter/Emergency Medical
85	0.20489	0.52326	0.59023	0.01599	1.000	Technicians, plus the Chief of Department and EMS Coordinator weekdays. This coverage is a
85	0.20301	0.50719	0.65226	0.01612	1.000	combination of full-time personnel in conjunction with 72 hours per week of per diem coverage. The per
85	0.20489	0.49273	0.62782	0.01453	1.000	diem coverage is provided by our Call Firefighter/EMT's manning the station at their hourly call rate.
85	0.25564	0.47520	0.59962	0.01612	1.000	At night however, the station is unmanned and all of our personnel respond from home on an "on
85	0.20489	0.46076	0.62594	0.01453	1.000	call" basis. This adds several minutes or more to our response time as personnel must respond to the
85	0.20489	0.44469	0.42293	0.01316	1.000	station, pick up the appropriate equipment and then respond the call.
85	0.25564	0.42878	0.55827	0.01453	1.000	It should be noted that except for the addition of forty-eight hours of per diem coverage on
85	0.20489	0.41134	0.62782	0.01599	1.000	Saturday and Sunday (2 per diem Firefighter/EMTs from 6:00 a.m. - 6:00 p.m. each day), our staffing
85	0.20489	0.39680	0.63910	0.01466	1.000	model has remained unchanged for over fifteen years. In this same time period we have seen an almost
85	0.20477	0.38044	0.31979	0.01561	1.000	48% increase in the call volume that we respond to.
85	0.25376	0.36186	0.58271	0.01612	1.000	Our call volume in 2016 matched what we experienced in 2015, which was our busiest year to
85	0.20489	0.34738	0.63346	0.01453	1.000	date. As our community continues to grow I can only anticipate the demand for emergency services to
85	0.20489	0.32986	0.60714	0.01761	1.000	grow along with it. Once again I must state the need for 24 hour staffing in the station. Funding to
85	0.20489	0.31395	0.64850	0.01744	1.000	maintain a minimum of two Firefighter/EMTs or Paramedics in the station 24 hours a day, 7 days a week
85	0.20301	0.29651	0.64850	0.01748	1.000	is critical to maintain the high level of service our townspeople expect. This would allow either the first
85	0.20489	0.28343	0.60526	0.01453	1.000	ambulance or first piece of fire apparatus to respond immediately. Not only would this reduce our
85	0.20301	0.26587	0.62782	0.01612	1.000	response times to critical emergencies, it would also reduce the "wear and tear" on our Call members.
85	0.20677	0.25145	0.65226	0.01453	1.000	This coverage would in no way reduce the need for our On Call personnel; it would only supplement their
85	0.20489	0.23537	0.22556	0.01318	1.000	response and reduce response times.
85	0.25564	0.21948	0.59586	0.01465	1.000	Recruitment and Retention of our Call Firefighters continues to be one of the greatest challenges
85	0.20301	0.20058	0.62594	0.01599	1.000	for the department and is my main reason to call for more permanent staffing in the station. Make no
85	0.20489	0.18601	0.61654	0.01612	1.000	mistake, our Call personnel do an outstanding job, and their commitment never ceases to amaze me.
85	0.20489	0.16860	0.64850	0.01599	1.000	However, like many Call Departments we suffer from a continual turnover in personnel. Public Safety is
85	0.20301	0.15253	0.62218	0.01612	1.000	a field where training and experience are critical. A new Call Firefighter/EMT must attend over 340
85	0.20301	0.13663	0.62406	0.01599	1.000	hours of initial training, plus additional time in orientation and field training. Members qualifying to
85	0.20489	0.12054	0.60338	0.01612	1.000	drive fire apparatus must complete an additional 65 hours of classroom and practical training. On
85	0.20489	0.10610	0.62030	0.01453	1.000	average, it takes a new member one and a half to two years to properly complete these requirements.
85	0.20673	0.08842	0.59406	0.01635	1.000	Unfortunately, for a variety of reasons we often do not retain members for more than 5 - 6 years.
85	0.51880	0.07267	0.02068	0.01017	1.000	85
86	0.18233	0.93169	0.71617	0.01599	1.000	As an example, for the period of 2006-2016 we had a total of 52 Call Firefighters and EMTs
86	0.11842	0.91715	0.81955	0.01464	1.000	leave the department. In that same time we have retained 24 members, or barely half that number. In this
86	0.11842	0.89971	0.61466	0.01453	1.000	same time period, only one of the 5 Career Staff left, and that was a retirement.
86	0.73120	0.90253	0.15789	0.01317	1.000	This trend is most
86	0.11842	0.88368	0.79511	0.01612	1.000	obvious when you look at the years of service within the organization. At the end of 2016, 47% of our
86	0.11842	0.86628	0.81203	0.01744	1.000	department has served for 5 years or less, 63% for 10 years or less. Only 29% of the department has 20+
86	0.11842	0.85020	0.81767	0.01612	1.000	years of service. It should be noted that all of the full-time staff have 20 years or more combined call and
86	0.12030	0.83576	0.25000	0.01453	1.000	career time with the department.
86	0.18421	0.80378	0.75000	0.01453	1.000	Several of our personnel are members of Regional Technical Rescue units, providing services for
86	0.12030	0.78770	0.81203	0.01463	1.000	Specialized Rescue, as well as Underwater Search and Recovery. They stand ready to respond as needed
86	0.12030	0.77180	0.31203	0.01317	1.000	throughout Northern Worcester County.
86	0.18233	0.73686	0.74436	0.01612	1.000	2016 was another active year for the Fire Prevention Office, with 508 Inspections, 13 Fire Drills
86	0.12030	0.72238	0.78008	0.01599	1.000	and 16 Public Education initiatives performed. By law we are required to inspect smoke and carbon
86	0.12030	0.70635	0.76128	0.01463	1.000	monoxide detector installations when a home is sold, as well as all new oil burner and propane gas
86	0.11842	0.69041	0.80451	0.01453	1.000	installations. Any business holding a liquor license is also required to be inspected for fire safety issues
86	0.12030	0.67436	0.74248	0.01314	1.000	as well. In addition, all new construction projects must have their plans reviewed for proper fire
86	0.11842	0.65698	0.78947	0.01599	1.000	protection, as well as ongoing inspections during the construction process. Personnel also continue to
86	0.11842	0.63953	0.78947	0.01746	1.000	provide fire safety education to not only children in our schools but adults as well. Other Fire Safety
86	0.11842	0.62351	0.33647	0.01612	1.000	Initiatives undertaken during 2016 include:
86	0.18233	0.59301	0.73120	0.01463	1.000	- Continuation of a Department of Fire Services Grant in the amount of $6953 to assist with
86	0.21617	0.57703	0.66917	0.01453	1.000	Fire Safety Education in both the schools and with senior citizens. This grant provides
86	0.21617	0.56101	0.71992	0.01463	1.000	funding for both materials and personnel to bring fire safety education to our most vulnerable
86	0.21241	0.54360	0.48120	0.01599	1.000	populations. Highlights of activity through this grant include:
86	0.24624	0.51017	0.62782	0.01599	1.000	• Educational programs in basic fire safety in Grades K-3, including use of the
86	0.27632	0.49419	0.22556	0.01599	1.000	Regional Fire Safety Trailer.
86	0.24812	0.46354	0.65789	0.01466	1.000	• Educational programs in conjunction with the Council on Aging. These included
86	0.27632	0.44469	0.50564	0.01612	1.000	cooking and heating safety, a CPR Demonstration and Ice safety.
86	0.18233	0.41567	0.71805	0.01463	1.000	- Participation in the Senior Center's "Sand for Seniors" Program. This program provides
86	0.21429	0.39971	0.70113	0.01308	1.000	buckets of walkway sand for senior citizens who were unable to obtain it for themselves in
86	0.21241	0.38070	0.68985	0.01612	1.000	the winter months. In partnership with this program, our Fire Prevention Officer Captain
86	0.21241	0.36483	0.69549	0.01599	1.000	James Ricci delivers the sand to the residents and when possible, inspects their homes for
86	0.21241	0.34738	0.70677	0.01599	1.000	smoke and carbon monoxide detectors. If the resident was lacking detectors, Capt. Ricci is
86	0.21241	0.33284	0.54135	0.01612	1.000	able to install free detectors obtained through the Senior SAFE Grant.
86	0.18233	0.30084	0.69925	0.01463	1.000	- It should be noted that each year, 50% of fatal fires are found to have nonfunctional or
86	0.21420	0.28627	0.22578	0.01351	1.000	nonexistent smoke detectors.
86	0.18412	0.25193	0.72574	0.01839	1.000	Several members are also Certified First Aid and CPR Instructors and provide training to both
86	0.12030	0.23686	0.22932	0.01463	1.000	citizens and town employees.
86	0.18233	0.21801	0.72932	0.01612	1.000	Our department continues to actively pursue grant funding opportunities as they occur, though
86	0.12030	0.20337	0.32143	0.01465	1.000	those opportunities are becoming scarcer.
86	0.18233	0.18601	0.74812	0.01612	1.000	Our department service truck was replaced in late 2016. This one ton utility truck with plow is a
86	0.11842	0.17006	0.76504	0.01744	1.000	multi-purpose vehicle used for snow removal, trailer towing and moving of equipment to and from
86	0.12030	0.15551	0.14662	0.01166	1.000	emergency scenes.
86	0.18421	0.13953	0.71053	0.01453	1.000	Apparatus replacement continues to be a concern. Two of our front line units (Engine 4 and
86	0.11842	0.12054	0.75940	0.01761	1.000	Ladder 1) are 21 and 29 years old years old respectively and showing their age through increasing
86	0.11842	0.10317	0.81203	0.01892	1.000	maintenance costs and "out of service" time. The new Engine 1 is handing a higher volume of responses
86	0.11842	0.08854	0.59023	0.01612	1.000	to decrease the wear and tear on Engine 4, hopefully prolonging its lifespan.
86	0.51880	0.07267	0.02068	0.01163	1.000	86
87	0.19737	0.93452	0.68985	0.01612	1.000	Both units have been submitted for replacement on the FY'18 Capital Plan (Engine 4 having
87	0.13346	0.91860	0.71241	0.01599	1.000	been turned down in FY'17) and it is hoped that due consideration will be given for their timely
87	0.13346	0.90104	0.73496	0.01612	1.000	replacement. The high reliability required of front line emergency apparatus becomes increasingly
87	0.13346	0.88368	0.59962	0.01612	1.000	expensive and difficult to maintain as these units reach the end of their life span.
87	0.19361	0.85169	0.62030	0.01612	1.000	Firefighter Frank Byrne graduated from the Massachusetts Firefighting Academy's
87	0.13346	0.83430	0.70489	0.01599	1.000	Call/Volunteer Training Program. This intensive four month program provides the basic skills
87	0.13346	0.81686	0.78759	0.01599	1.000	firefighters need to operate in today's challenging environments. All newly hired firefighters are required
87	0.13346	0.80084	0.36654	0.01612	1.000	to complete this program within one year of hire.
87	0.19549	0.76885	0.68985	0.01463	1.000	In conclusion, I would like to thank the members of the Lunenburg Fire Department for their
87	0.13346	0.75145	0.75000	0.01599	1.000	outstanding commitment to the Town. Their enthusiasm, professionalism and dedication continue to
87	0.13340	0.73214	0.78957	0.01933	1.000	impress me every day. I would also like to thank the other department heads, boards and commissions for
87	0.13342	0.71615	0.78767	0.01789	1.000	their continuing help. Most people do not realize the level of interdepartmental cooperation that occurs in
87	0.13534	0.70203	0.76880	0.01453	1.000	the daily course of town business. My thanks also go out to the citizens of Lunenburg for their ongoing
87	0.13346	0.68304	0.76316	0.01612	1.000	support of public safety. It is that support that allows us to continue providing the services you expect
87	0.13531	0.66998	0.06396	0.01324	1.000	from us.
87	0.34211	0.63368	0.37406	0.01612	1.000	Roster of the Lunenburg Fire Department- 2016
87	0.37594	0.58854	0.28759	0.01466	1.000	Patrick A. Sullivan, Chief of Department*
87	0.42481	0.55804	0.19549	0.01464	1.000	Peter J. Hyatt, Deputy Chief
87	0.13346	0.52753	0.18421	0.01463	1.000	James Ricci, Captain/EMT
87	0.13346	0.51308	0.21617	0.01453	1.000	Scott Dillon, Lieutenant/EMT-I
87	0.13340	0.49535	0.13358	0.01802	1.000	J. Gregory Massak,
87	0.13534	0.48256	0.11278	0.01308	1.000	Lieutenant/EMT
87	0.13346	0.46801	0.22744	0.01612	1.000	Patrick Hakey, Lieutenant/EMT*
87	0.13346	0.43601	0.21617	0.01612	1.000	Rev. Andrew C. Burr, Chaplain
87	0.13346	0.40551	0.14850	0.01612	1.000	David Augusta, EMT
87	0.13346	0.39236	0.17857	0.01171	1.000	Matthew Benoit, FF/EMT
87	0.13346	0.37791	0.15977	0.01308	1.000	Richard Bishop, EMT*
87	0.13534	0.36186	0.21053	0.01314	1.000	Benjamin Boudreau, FF/EMT*
87	0.13158	0.34593	0.15414	0.01453	1.000	Jason Boyle, FF/EMT
87	0.13343	0.33118	0.15420	0.01351	1.000	Frank Byrne, FF/EMT
87	0.13346	0.31395	0.18233	0.01599	1.000	Michael Byrne, FF/AEMT
87	0.13346	0.29936	0.13910	0.01463	1.000	Traci Camelo, EMT
87	0.13346	0.28343	0.17669	0.01599	1.000	Joseph Cardone, FF/EMT
87	0.13534	0.27034	0.17857	0.01314	1.000	Charles Colburn, FF/EMT
87	0.13346	0.25291	0.18985	0.01599	1.000	Matthew Cormier, FF/EMT
87	0.13346	0.23686	0.18985	0.01612	1.000	Timothy Downey, FF/EMT
87	0.13346	0.22384	0.16541	0.01599	1.000	Gregory Dik, FF/EMT*
87	0.13346	0.20784	0.18609	0.01463	1.000	Paul A. Duquette, FF/EMT
87	0.13534	0.19320	0.16541	0.01464	1.000	Austin Flagg, FF/EMT*
87	0.13346	0.17733	0.18985	0.01464	1.000	Carl Gamberdella, FF/EMT
87	0.13346	0.16270	0.19361	0.01463	1.000	Matthew Glenny, FF/EMT*
87	0.13534	0.13517	0.19361	0.01166	1.000	*Indicates member of Regional
87	0.13534	0.12202	0.22744	0.01024	1.000	Technical Rescue and/or Dive Team
87	0.68045	0.52753	0.22368	0.01612	1.000	Kenneth Jones, Captain/AEMT*
87	0.67857	0.51453	0.22180	0.01308	1.000	Mark Bursch, Lieutenant/EMT*
87	0.68045	0.50000	0.23684	0.01463	1.000	Shawn McKenna, Lieutenant/EMT
87	0.68045	0.46652	0.13158	0.01761	1.000	Christos Lekaditis,
87	0.67857	0.45349	0.12406	0.01453	1.000	Lieutenant/EMT*
87	0.68045	0.43750	0.22932	0.01463	1.000	Karen Weller, EMS Coordinator*
87	0.68045	0.40551	0.14662	0.01746	1.000	Kristen Hirsch, EMT
87	0.68045	0.39236	0.22180	0.01316	1.000	Richard Howard, II, Firefighter*
87	0.67857	0.37791	0.18233	0.01453	1.000	Skyler Kozloski, FF/EMT
87	0.67854	0.36174	0.17299	0.01634	1.000	Peter Lekaditis, FF/EMT
87	0.68043	0.34721	0.17298	0.01343	1.000	Kevin Martin, FF/EMT-I
87	0.68041	0.32962	0.21812	0.01664	1.000	Warren Mayhew, FF/Paramedic
87	0.68045	0.31395	0.24060	0.01599	1.000	Thomas J. McCormack, Firefighter
87	0.68045	0.29936	0.18421	0.01463	1.000	Timothy Paton, Firefighter
87	0.68045	0.28488	0.15602	0.01308	1.000	Tyler Pelkey, FF/EMT
87	0.67857	0.26885	0.15977	0.01463	1.000	Ian Reynolds, FF/EMT
87	0.67857	0.25436	0.18045	0.01453	1.000	James Reynolds, FF/EMT
87	0.68233	0.23834	0.15038	0.01612	1.000	Lori Roy, Paramedic*
87	0.68045	0.22384	0.16353	0.01453	1.000	Charles Sampson, EMT
87	0.68045	0.20930	0.21241	0.01466	1.000	Jamieson Shea, FF/Paramedic*
87	0.68045	0.19320	0.13346	0.01464	1.000	Kelly Szocik, EMT
87	0.68045	0.17733	0.17669	0.01464	1.000	Evan Valliere, Firefighter
87	0.51880	0.07267	0.02068	0.01163	1.000	87
88	0.31955	0.92151	0.42857	0.02616	1.000	Town of Lunenburg, Massachusetts
88	0.40226	0.89680	0.26128	0.02185	1.000	POLICE DEPARTMENT
88	0.21967	0.82784	0.05315	0.01438	1.000	CHIEF
88	0.18421	0.81250	0.10714	0.01463	1.000	James P. Marino
88	0.18609	0.79936	0.11090	0.01024	1.000	TEL: (978) 582-4150
88	0.18421	0.78488	0.11466	0.01308	1.000	FAX: (978) 582-4159
88	0.72180	0.80523	0.15226	0.01453	1.000	655 Massachusetts Ave.
88	0.72180	0.78634	0.14474	0.01599	1.000	Lunenburg, MA 01462
88	0.51880	0.76744	0.03008	0.00872	1.000	INCO
88	0.53940	0.76628	0.03840	0.02789	0.500	APORAR
88	0.34962	0.62936	0.36842	0.02763	1.000	Lunenburg Police Department
88	0.40977	0.60020	0.24624	0.02629	1.000	2016 Annual Report
88	0.41541	0.57118	0.23684	0.02778	1.000	Chief James P. Marino
88	0.51880	0.07267	0.02068	0.01163	1.000	88
89	0.45667	0.93271	0.14117	0.01975	1.000	Administrative
89	0.44173	0.91860	0.17293	0.01599	1.000	Chief James P. Marino
89	0.38158	0.90402	0.29323	0.01463	1.000	Public Safety Coordinator Linda Carrier
89	0.43609	0.88808	0.18233	0.01453	1.000	Lieutenant Michael Luth
89	0.44361	0.84738	0.16541	0.01894	1.000	Patrol Supervisors
89	0.42857	0.83284	0.19925	0.01612	1.000	Sergeant Thomas Gammel
89	0.44540	0.81780	0.17312	0.01993	1.000	Sergeant Sean Connery
89	0.44925	0.79936	0.15789	0.01612	1.000	Sergeant Jack Hebert
89	0.48297	0.76422	0.09045	0.01953	1.000	Detectives
89	0.38910	0.74851	0.27632	0.01612	1.000	Detective Sergeant Jeffrey Thibodeau
89	0.45301	0.73256	0.15038	0.01453	1.000	Detective (Vacancy)
89	0.43233	0.69767	0.18985	0.01599	1.000	Community Outreach
89	0.45865	0.68304	0.13722	0.01319	1.000	Officer Sean Zrate
89	0.47556	0.64826	0.10338	0.01453	1.000	Traffic/ K-9
89	0.45113	0.63368	0.15414	0.01021	1.000	Otticer Joshua locci
89	0.49248	0.61483	0.06955	0.01464	1.000	K-9 Jerry
89	0.46049	0.57832	0.13354	0.01923	1.000	Patrol Officers
89	0.26504	0.56101	0.52820	0.02038	1.000	Officer Robert Diconza, Officer Joshua Mathieu, Officer Jonathan Broc,
89	0.34774	0.54651	0.36090	0.01896	1.000	Officer Brad McNamara, Officer Deven O'Brien
89	0.50376	0.51163	0.04699	0.01744	1.000	Desk
89	0.44361	0.49702	0.16353	0.01463	1.000	Officer Lisa Melnicki
89	0.13978	0.44167	0.76882	0.03750	1.000	Officer Sian Baey, Officer Donald escre Intermiter Driers Office Ben Campbell fice Lis
89	0.12218	0.42733	0.81579	0.02183	1.000	Melnicki, Officer John Morreale, Officer Jacob Lachance, Officer Chad Stateler, Officer Jonathan May, Officer
89	0.22180	0.41134	0.61278	0.02180	1.000	Megan Landry, Officer Zach Levasseur, Officer John Wagner, Officer Kayla Leger.
89	0.45489	0.35756	0.14662	0.01893	1.000	Animal Control
89	0.34398	0.34301	0.36466	0.01612	1.000	Director of Animal Control: Kathleen Comeau
89	0.38722	0.30669	0.28008	0.01599	1.000	Appreciations and Felicitations
89	0.42293	0.29067	0.20865	0.01612	1.000	Officer Peter W. Lekaditas
89	0.12030	0.25719	0.79323	0.01612	1.000	Pete Lekaditis started his career in 2009 as a Firefighter and EMT with the Lunenburg Fire Department.
89	0.12030	0.24273	0.78571	0.01453	1.000	In February of 2013 Pete hired on with the Police Department. Pete excelled as a Reserve Intermittent
89	0.12218	0.22520	0.75564	0.01463	1.000	Police Officer; always the consummate professional and demonstrating tremendous enthusiasm for
89	0.11842	0.20784	0.77632	0.01745	1.000	improving the quality of life in our community. In January of 2014 Pete was appointed as a full-time
89	0.12030	0.19186	0.76316	0.01599	1.000	Police Officer. With his background in emergency medicine, Pete was crossed trained as a Combat
89	0.12030	0.17436	0.74436	0.01761	1.000	Medic/Tactical EMT; an important role in current police practices relating to all hazard response,
89	0.12030	0.15843	0.20677	0.01599	1.000	particularly active shooter.
89	0.12030	0.14385	0.78571	0.01463	1.000	In December of 2016 Pete's career path took him to the City of Boston where he is now employed as a
89	0.12218	0.12645	0.78195	0.01599	1.000	Boston Police Officer. Pete is always the breath of fresh air and will be sorely missed. We are all very
89	0.12030	0.10901	0.62594	0.01599	1.000	proud of Pete and his accomplishments and wish him the very best. Be safe Pete!
89	0.51692	0.06977	0.02444	0.01744	1.000	89
90	0.41333	0.93301	0.22977	0.01831	1.000	Citizen's Police Academy
90	0.11654	0.62500	0.77444	0.01463	1.000	I would also like to thank and commend the Citizens of Lunenburg who took part in the first annual
90	0.11842	0.60901	0.80451	0.01453	1.000	Citizen's Police Academy. The program was a complete sensation that continues to garner an enormous
90	0.11466	0.59003	0.80827	0.01612	1.000	amount of positive feedback. I am very grateful for the support of the Citizen students who participated
90	0.11466	0.57413	0.81955	0.01599	1.000	and for the generous and unselfish contributions, on the part of the Fitchburg District Court Judiciary, the
90	0.11466	0.55669	0.79887	0.01747	1.000	Deputy Chief of the Fitchburg Police Department, and the Lunenburg Police Officers who volunteered
90	0.11466	0.54067	0.78947	0.01612	1.000	their time, made this program a success. A special thanks to Lieutenant Mike Luth for organizing and
90	0.11466	0.52471	0.29511	0.01599	1.000	facilitating this worthwhile endeavor.
90	0.49612	0.49240	0.06603	0.01521	1.000	Grants
90	0.11466	0.45203	0.80827	0.01746	1.000	The Police Department participated in the E.O.P.S. Underage Alcohol Enforcement Grant, the Highway
90	0.11466	0.43601	0.75188	0.01612	1.000	Safety Divisions, Traffic Enforcement Grant, MIIA risk management grant, the Office of Justice
90	0.11654	0.42006	0.80451	0.01599	1.000	Assistance Bullet Proof Vest Partnership Program, and the Department of Justice, Community Oriented
90	0.11466	0.40402	0.76316	0.01463	1.000	Police Services Cops Hiring Program and the Commonwealth Security Trust Fund grant Program.
90	0.11466	0.37054	0.73120	0.01612	1.000	The Underage Alcohol Enforcement Grant application was prepared by Sergeant Jack Hebert.
90	0.11654	0.35465	0.81767	0.01599	1.000	Enforcement efforts related to the grant included compliance checks, Party Patrol, and shoulder taps. The
90	0.11466	0.33721	0.81579	0.01599	1.000	program has been extremely successful in the past couple of years with bringing awareness to the license
90	0.11466	0.32118	0.80827	0.01612	1.000	holders in our community as well at risk youth. The Traffic enforcement grant, which has been received
90	0.11654	0.30669	0.80263	0.01453	1.000	by the police department for several years, is now prepared by Officer Tocci, of the traffic enforcement
90	0.11466	0.28770	0.82331	0.01761	1.000	division. The activities include, enforcement for alcohol impaired drivers, aggressive driving and seat belt
90	0.11466	0.27180	0.79511	0.01599	1.000	violations. The program is best known as the Click-it or Ticket program. Lieutenant Luth oversees the
90	0.11466	0.25570	0.67857	0.01612	1.000	facilitation of these programs which have consistently met with a great deal of success.
90	0.38910	0.22093	0.28008	0.01599	1.000	State of the Police Department
90	0.11466	0.18750	0.81015	0.01599	1.000	The Police Department is in operation 24 hours a day, 7 days a week. The desk is open Monday through
90	0.11466	0.17006	0.75940	0.01744	1.000	Friday from 7:00 AM to 7:00 PM. Emergency, Non-emergency and 911 calls are routed through
90	0.11466	0.15402	0.80451	0.01612	1.000	Nashoba Valley Regional Dispatch District, (NVRDD). For all emergencies, dial 911. For general calls
90	0.11466	0.13808	0.21617	0.01599	1.000	please call (978) 582-4531.
90	0.11466	0.12202	0.81579	0.01612	1.000	The public is reminded to report any animal-related complaints to the Regional Call Center at (978) 582-
90	0.11466	0.10610	0.77068	0.01453	1.000	4531. For emergencies, dial 911. More information can be found on the Animal Control website at
90	0.11412	0.08698	0.14753	0.01788	0.500	lunenburgma.gov.
90	0.51880	0.07267	0.02068	0.01163	1.000	90
91	0.12406	0.93895	0.79135	0.01318	1.000	Dogs must be licensed by April 1st annually. Dogs must have a current Rabies certificate to qualify for
91	0.12030	0.92006	0.77632	0.01599	1.000	licensing. This can be done at the Town Clerk's office in Town Hall, 17 Main Street Lunenburg, MA
91	0.12030	0.90551	0.81015	0.01463	1.000	01462. Unspayed Female/Unaltered Male: $20 fee. Spayed Female/Altered Male: $5 fee. Late Fee: $25.
91	0.12030	0.87054	0.76692	0.01612	1.000	Patrol Officers were dispatched to 16,682 calls for service this year, investigated 300 motor vehicle
91	0.12218	0.85610	0.78571	0.01599	1.000	accidents, investigated 1405 incidents, conducted 4034 motor vehicle stops, wrote 2714 motor vehicle
91	0.12030	0.84003	0.27256	0.01463	1.000	violations and arrested 490 people.
91	0.12406	0.80669	0.75376	0.01453	1.000	K-9 Jerry completed 25 weeks of continuous training in January of 2015 and over 75 maintenance
91	0.12030	0.78919	0.80639	0.01612	1.000	training sessions to follow. Since that time the K-9 unit has been called out 90 times, deployed 80 times,
91	0.12218	0.77471	0.80827	0.01453	1.000	and conducted 50 tracks. The K-9 unit has conducted 26 narcotics searches, which resulted in the seizure
91	0.12218	0.75868	0.79887	0.01463	1.000	of 1.039 kilograms of narcotics and 2 handguns, and 4 evidence related searches recovering 2 handguns
91	0.12218	0.74273	0.31767	0.01453	1.000	along with other suspect/victim property.
91	0.12218	0.70784	0.75564	0.01612	1.000	The Desk officer answered approximately 7000 calls, fielded some 3400 lobby inquiries, wrote 94
91	0.12030	0.69186	0.80451	0.01599	1.000	incident reports, and 6 field interview reports. This year the day shift desk watch officer was responsible
91	0.12218	0.67733	0.79135	0.01464	1.000	for conducting suicide watch and assisting with the court processing of 112 detainees; either taken into
91	0.12030	0.65988	0.81955	0.01599	1.000	custody overnight or during the day shift. The day shift desk officer processed 131 Firearms Licenses, and
91	0.12030	0.64385	0.81767	0.01612	1.000	registered 13 Sex Offenders. The 3:00 PM to 7:00 PM desk watch officers assisted in the processing of 41
91	0.12406	0.62936	0.53759	0.01453	1.000	detainees while providing suicide watch and numerous other services.
91	0.12218	0.59448	0.78759	0.01465	1.000	Calls for service have increased 42.8%. The arrest rate spiked last year with 636. Although that figure
91	0.12030	0.57703	0.81391	0.01746	1.000	dropped to 490 this year, over the past five years the increase in arrests is up 66.1%. In the past five years
91	0.12030	0.56101	0.80263	0.01612	1.000	reportable incidents, those that require an investigation, and/or court complaint, have increased by 66%,
91	0.12030	0.54651	0.35526	0.01453	1.000	and motor vehicle accidents are up by 21.4%.
91	0.12218	0.51163	0.78195	0.01599	1.000	Overall crime is down slightly with the exception of Group A, crimes against society. In that category
91	0.12218	0.49554	0.77820	0.01612	1.000	weapons violations have increased. In Group B crimes; drunkenness and check fraud have increased.
91	0.12406	0.48110	0.79699	0.01453	1.000	Group A crimes against persons; aggravated assault and sex crimes have also increased. Shoplifting and
91	0.12030	0.46221	0.80827	0.01745	1.000	burglaries have decreased dramatically this year however; larceny, credit card fraud, stolen property, and
91	0.12218	0.44913	0.48684	0.01599	1.000	vandalism have increased in Group A, crimes against property.
91	0.12218	0.41419	0.81579	0.01761	1.000	Growth plays a major role in all of this data. Historically; calls for service, arrests, incidents and accidents
91	0.12218	0.39826	0.80075	0.01453	1.000	continue to climb. Traffic continues to increase, which too, has a direct effect on all of these categories.
91	0.12218	0.38219	0.81767	0.01612	1.000	The demands for service will continue to rise. As I stated in last year's town report, the police department
91	0.12218	0.36773	0.80263	0.01453	1.000	has been asking for an increase in staff since 1996. To prove that point I provided clips from every town
91	0.12218	0.35020	0.81391	0.01612	1.000	report since that time. I've studied other towns of similar demographics, population, commercial entities,
91	0.12030	0.33284	0.80263	0.01745	1.000	bordering communities and found that calls for service, arrests, and incidents were remarkably higher in
91	0.12030	0.31686	0.75940	0.01599	1.000	Lunenburg, yet those communities employed from five to eight more full-time police officers than
91	0.12218	0.30233	0.81391	0.01464	1.000	Lunenburg. National Law Enforcement standards call for 2 1/2 men per thousand population. That would
91	0.12030	0.28488	0.80075	0.01599	1.000	bring the police department up to 22 full time officers. We presently have 14 including the Police Chief.
91	0.12218	0.25145	0.79135	0.01744	1.000	The service the public expects has been steadily declining due to inadequate staffing issues over a long
91	0.12030	0.23537	0.72744	0.01612	1.000	period of time. Again, the time to properly investigate crimes, solve problems by engaging the
91	0.12030	0.21948	0.81203	0.01599	1.000	community, or providing a quick emergency response is continually at odds with the demands of growth.
91	0.12406	0.20486	0.79511	0.01463	1.000	The community will eventually see the Police Department as a useless ineffective service that is a drain
91	0.12030	0.18750	0.78571	0.01599	1.000	on their income and their support for the police will decline. This year I am going to request that new
91	0.12218	0.17287	0.81015	0.01463	1.000	growth fund an increase in staffing over the next several years on an incremental basis. I respectfully ask
91	0.12030	0.15551	0.32143	0.01612	1.000	for the public's support for this initiative.
91	0.12406	0.12351	0.79323	0.01463	1.000	Lunenburg is still a safe place. Despite fiscal challenges, the men and women of the Police Department
91	0.12021	0.10067	0.81039	0.02295	1.000	remain focused and faithful to their mission. I am proud to say, without hesitation, that every Lunenburg
91	0.51880	0.07267	0.01880	0.01017	1.000	91
92	0.12218	0.92287	0.80827	0.01318	1.000	police officer works extremely hard to make Lunenburg safe and secure and provide the best service they
92	0.12406	0.90551	0.59962	0.01463	1.000	can to all citizens who live in town, who visit or who are just passing through.
92	0.12406	0.87351	0.79323	0.01463	1.000	Thank you again for another year. I am very proud to serve as your Police Chief. I value the support the
92	0.12218	0.85465	0.75376	0.01599	1.000	citizens of Lunenburg have shown the Police Department. I humbly ask for your commitment as I
92	0.12218	0.84152	0.78571	0.01463	1.000	continue seek funding for additional police officers so I can provide a level of service that you deserve
92	0.12218	0.82413	0.14662	0.01453	1.000	and are entitled to.
92	0.12218	0.77471	0.18797	0.01453	1.000	Respectfully Submitted,
92	0.12218	0.74128	0.16353	0.01744	1.000	Chief James P. Marino
92	0.12218	0.72520	0.17857	0.01463	1.000	Chief James P. Marino
92	0.51880	0.07267	0.01880	0.01163	1.000	92
93	0.41541	0.52326	0.21617	0.02471	1.000	PLANNING
93	0.51880	0.07267	0.01880	0.01163	1.000	93
94	0.41729	0.93169	0.21617	0.01747	1.000	CAPITAL PLANNING
94	0.11466	0.89385	0.81391	0.01761	1.000	Lunenburg's Charter specifically mandates that a Capital Planning Committee prepare a Fiscal Year (FY)
94	0.11654	0.87936	0.71429	0.01453	1.000	Plan and a Capital Improvement Plan. These plans are to be presented to the Town Manager.
94	0.11654	0.84301	0.80827	0.01746	1.000	As noted in the past reports, the criterion for any capital request includes Mandates, Safety, Need, Crisis,
94	0.11466	0.82703	0.75940	0.01599	1.000	Cost Effectiveness and Ability to Fund. The Committee has to review each request under these six
94	0.11466	0.80952	0.77820	0.01612	1.000	elements. Not only do they have to determine that the request fits within the criteria, but they have to
94	0.11466	0.79215	0.81015	0.01744	1.000	prioritize the level that meets the criteria. Therefore, not all requests are included in the FY Plans, mostly
94	0.11466	0.77604	0.81203	0.01612	1.000	due to funding. The result of the proposed FY Plans provides the needed service for safety and protection
94	0.11466	0.75868	0.59211	0.01612	1.000	of the public, the upkeep to our schools and the management of government.
94	0.11654	0.72384	0.81391	0.01897	1.000	At the Annual Town Meeting in May 2016, the following items, totaling $ 619,475, were presented in the
94	0.11466	0.70930	0.09211	0.01466	1.000	FY17 Plan.
94	0.29135	0.64385	0.33271	0.02185	1.000	Fiscal Year 2017 Capital Plan
94	0.11842	0.61186	0.09023	0.01169	1.000	CIP Tracker
94	0.21986	0.61029	0.05840	0.01343	1.000	Priority
94	0.28008	0.61337	0.04323	0.00872	1.000	Item
94	0.11840	0.57988	0.06207	0.01176	1.000	PD16-12
94	0.11838	0.56384	0.06023	0.01186	1.000	PD16-07
94	0.11838	0.54783	0.06774	0.01189	1.000	LPS16-21
94	0.11838	0.53040	0.06774	0.01188	1.000	LPS16-20
94	0.11834	0.51422	0.07535	0.01226	0.500	DPW 17-01
94	0.11838	0.49837	0.07528	0.01197	0.500	DPW 16-11
94	0.11840	0.48247	0.07523	0.01180	0.500	DPW 17-04
94	0.11831	0.46612	0.07729	0.01253	0.500	DPW 16-07
94	0.11842	0.45058	0.08271	0.01163	1.000	TECH16-25
94	0.11842	0.43314	0.06015	0.01308	1.000	FD16-13
94	0.11835	0.41692	0.06782	0.01355	1.000	LPS16-19
94	0.11831	0.40079	0.06226	0.01237	1.000	PD16-16
94	0.24624	0.58285	0.00564	0.00727	0.500	1
94	0.24436	0.56541	0.01128	0.01017	1.000	2
94	0.24436	0.54797	0.01128	0.01017	0.500	3
94	0.24436	0.53343	0.01128	0.00872	1.000	4
94	0.24624	0.51599	0.00940	0.01017	0.500	5
94	0.24624	0.50000	0.00940	0.01017	0.500	6
94	0.24436	0.48401	0.01128	0.01017	0.500	7
94	0.24436	0.46802	0.01128	0.01017	1.000	8
94	0.24248	0.44913	0.01316	0.01308	0.500	9
94	0.23872	0.43314	0.02444	0.01453	1.000	10
94	0.24060	0.41715	0.01880	0.01308	1.000	11
94	0.24060	0.40116	0.01880	0.01163	1.000	12
94	0.70113	0.61047	0.06015	0.01308	1.000	Amount
94	0.81579	0.61186	0.11842	0.01169	1.000	Cumulative Cost
94	0.28947	0.57703	0.20677	0.01453	1.000	Police Vehicle, Units 207 & 210
94	0.28947	0.56101	0.19173	0.01463	1.000	Bulletproof Vests, 29 Officers
94	0.28947	0.54506	0.23496	0.01453	1.000	THMS, Phone System Replacement
94	0.29135	0.53051	0.25000	0.01166	1.000	THMS, Intercom System Replacement
94	0.29135	0.51453	0.20113	0.01163	1.000	Townsend Harbor Road Bridge
94	0.29135	0.50000	0.20865	0.01017	1.000	Catch Basin Cleaner Attachment
94	0.28759	0.47965	0.23120	0.01464	1.000	Mack Dump 6-Wheel, plow & sand
94	0.28947	0.46503	0.21053	0.01317	1.000	GMC Dump 350 (1-ton w/plow)
94	0.29135	0.44913	0.21429	0.01317	1.000	Town Departments (Technology)
94	0.28947	0.43169	0.25564	0.01453	1.000	Pickup, 4 × 4 (M1) Replacement (2003)
94	0.28947	0.41567	0.33083	0.01463	1.000	THMS, Asbestos Abatement / Ceiling Replacement
94	0.28759	0.39971	0.37594	0.01453	1.000	4-Wheel Drive, All Terrain Off Road Enforcement Vehicle
94	0.69925	0.57849	0.01316	0.01308	1.000	$
94	0.70113	0.56541	0.01128	0.01017	1.000	$
94	0.70113	0.54942	0.01128	0.01017	1.000	$
94	0.70113	0.53343	0.01128	0.01017	1.000	$
94	0.70113	0.51599	0.00940	0.01017	1.000	$
94	0.70113	0.50000	0.00940	0.01017	1.000	$
94	0.70113	0.48401	0.01128	0.01017	1.000	$
94	0.70113	0.46802	0.01128	0.01017	1.000	$
94	0.70113	0.45203	0.01128	0.01017	1.000	$
94	0.70113	0.43459	0.01128	0.01163	1.000	$
94	0.70113	0.41860	0.01128	0.01163	1.000	$
94	0.70113	0.40262	0.01128	0.01163	1.000	$
94	0.65226	0.36773	0.06015	0.01308	1.000	Total $
94	0.75000	0.57558	0.06015	0.01744	1.000	107,000
94	0.80639	0.57994	0.02444	0.01163	1.000	$
94	0.75752	0.56105	0.05075	0.01744	1.000	17,500
94	0.82143	0.56395	0.00940	0.01163	1.000	$
94	0.75752	0.54506	0.04887	0.01453	1.000	22,000
94	0.82143	0.54797	0.00940	0.01017	1.000	$
94	0.75940	0.52907	0.04699	0.01453	1.000	22,000
94	0.82143	0.53198	0.00940	0.01017	1.000	$
94	0.75940	0.51163	0.04699	0.01599	1.000	15,000
94	0.82143	0.51599	0.00940	0.01017	1.000	$
94	0.75940	0.49564	0.04887	0.01744	1.000	87,125
94	0.81015	0.50000	0.02068	0.01017	1.000	$
94	0.75185	0.47959	0.05645	0.01756	1.000	194,750
94	0.82143	0.48401	0.00940	0.01017	1.000	$
94	0.75940	0.46366	0.04699	0.01453	1.000	53,300
94	0.82143	0.46802	0.00940	0.01017	1.000	$
94	0.75752	0.44767	0.04887	0.01453	1.000	30,800
94	0.82143	0.45058	0.00940	0.01163	1.000	$
94	0.75752	0.43169	0.04887	0.01453	1.000	70,000
94	0.82143	0.43459	0.00940	0.01017	1.000	$
94	0.74994	0.41555	0.05652	0.01483	1.000	145,000
94	0.82143	0.41860	0.00940	0.01163	1.000	$
94	0.75752	0.39971	0.04887	0.01453	1.000	16,500
94	0.82143	0.40262	0.00940	0.01163	1.000	$
94	0.74991	0.36608	0.05658	0.01638	1.000	780,975
94	0.87025	0.57691	0.05650	0.01478	1.000	107,000
94	0.86842	0.56105	0.05827	0.01599	1.000	124,500
94	0.87030	0.54651	0.05639	0.01308	1.000	146,500
94	0.87011	0.52862	0.05677	0.01544	1.000	168,500
94	0.87016	0.51272	0.05667	0.01381	1.000	183,500
94	0.87016	0.49677	0.05667	0.01519	1.000	270,625
94	0.87030	0.48110	0.05639	0.01453	1.000	465,375
94	0.87030	0.46512	0.05639	0.01308	1.000	518,675
94	0.87024	0.44754	0.05652	0.01626	1.000	549,475
94	0.87011	0.43126	0.05865	0.01683	1.000	619,475
94	0.87014	0.41535	0.05859	0.01669	1.000	764,475
94	0.87030	0.39826	0.05827	0.01744	1.000	780,975
94	0.11842	0.33430	0.76880	0.01599	1.000	Due to funding constraints, only items 1 - 10 have been included in the Town Manager's FY2017 Recommendation. The
94	0.11842	0.31820	0.77256	0.01612	1.000	entire FY2017 Capital Budget of $619,475 will be funded through an outlay of cash. There is no request to borrow funds.
94	0.11466	0.26308	0.81579	0.01744	1.000	The Committee meets each year after the Capital Budget is presented to the Town Manager and considers
94	0.11466	0.24554	0.81955	0.01910	1.000	improvement to the methodology of creating the budget. In future preparation the Committee will conduct
94	0.11654	0.23110	0.17669	0.01319	1.000	more meetings on site.
94	0.11466	0.19469	0.31203	0.01612	1.000	Jamie Toale, Board of Selectmen, Chair
94	0.11466	0.17733	0.45113	0.01744	1.000	Dennis Mannone Jr., Citizens' Representative, Vice Chair
94	0.11466	0.15988	0.33083	0.01745	1.000	John Henshaw, Finance Committee, Clerk
94	0.11466	0.14385	0.38534	0.01612	1.000	Heather Sroka, School Committee Representative
94	0.11654	0.12645	0.37970	0.01744	1.000	Matthew Allison, Planning Board Representative
94	0.11654	0.10901	0.43045	0.01896	1.000	Kerry A. Lafleur, Town Manager - Ex Officio Member
94	0.51504	0.07122	0.02444	0.01453	1.000	94
95	0.43045	0.93304	0.19549	0.01761	1.000	PLANNING BOARD
95	0.11466	0.89826	0.80263	0.01744	1.000	Fourteen ANR plans (plans not requiring approval under the Subdivision Control Law) were approved.
95	0.11654	0.86628	0.81955	0.01599	1.000	Approved residential subdivisions were in various stages of completion. The following continue to build:
95	0.11466	0.84884	0.81015	0.01599	1.000	a nine-lot subdivision on Butterfly Lane (formerly 50 Elmwood Road), Emerald Place at Lake Whalom,
95	0.11466	0.83135	0.81203	0.01761	1.000	Stone Farm Estates off Massachusetts Avenue, and Sequoia Drive off Howard Street. TriTown Landing
95	0.11466	0.81541	0.80263	0.01599	1.000	off Youngs Road completed construction on Building 4 in January 2016 and all 32 units were occupied
95	0.11459	0.79913	0.11292	0.01657	1.000	by May 2016.
95	0.11466	0.76453	0.80639	0.01746	1.000	The Board approved Site Plan Approval applications for Hannaford-To-Go, Safelite Auto Glass, and an
95	0.11466	0.74851	0.82331	0.01612	1.000	auto detailing business; all located on Massachusetts Avenue. Approval was also given for a restaurant at
95	0.11654	0.73401	0.11278	0.01453	1.000	1 Main Street.
95	0.11466	0.69913	0.77632	0.01599	1.000	There was an increase in the number of scenic road public hearings with the designation of two new
95	0.11466	0.68169	0.81391	0.01747	1.000	scenic roads; Northfield Road and Flat Hill Road. After a road has been designated as a scenic road, any
95	0.11278	0.66419	0.79135	0.01761	1.000	repair, maintenance, reconstruction, or paving work done that involves the cutting or removal of trees
95	0.11466	0.64826	0.74624	0.01599	1.000	within the Town way or the tearing down or destruction of stone walls requires Board approval.
95	0.11842	0.63368	0.59023	0.01314	1.000	Lancaster Avenue and Leominster Road are also designated as scenic roads.
95	0.11466	0.59884	0.80451	0.01599	1.000	The appearance of Electric Avenue is undergoing change with the construction of a self-storage facility
95	0.11466	0.58135	0.81203	0.01612	1.000	and Unitil's construction to relocate its distribution and operation center from Fitchburg to the site of the
95	0.11466	0.56541	0.24060	0.01599	1.000	old Whalom Drive-In Theater.
95	0.11466	0.53051	0.81015	0.01612	1.000	2016 also saw the Planning Board revise Section 8.4. of the Protective Bylaw to a more formal Site Plan
95	0.11654	0.51453	0.78008	0.01599	1.000	Approval bylaw which outlines a collection of objective standards to bring consistency to the review
95	0.11466	0.49702	0.80827	0.01612	1.000	process. Additionally, the Board adopted Rules & Regulations for filing and submissions under Section
95	0.11466	0.44767	0.76316	0.01599	1.000	The Citizen Planner Training Collaborative, in conjunction with the Massachusetts Department of
95	0.11466	0.43023	0.79135	0.01744	1.000	Housing and Community Development, and the Urban Harbors Institute, University of Massachusetts
95	0.11466	0.41270	0.77820	0.01761	1.000	Boston, conducts workshops throughout the year. Workshops attended by Board members included
95	0.11466	0.39680	0.79699	0.01744	1.000	Green Communities Program, USDA Rural Programs, Roles & Responsibilities of Planning & Zoning
95	0.11466	0.37936	0.76316	0.01746	1.000	Boards (both Part 1 and 2), Introduction to Subdivision Control Law and ANR, and Planning with
95	0.11466	0.36334	0.77632	0.01747	1.000	Community Support. Some of those workshops are designated (MIIA) which entitles Lunenburg to
95	0.11466	0.34738	0.66165	0.01745	1.000	credit under the MIIA Rewards Program towards public officials' liability insurance.
95	0.11466	0.31395	0.79511	0.01599	1.000	Board members served as representatives to the following committees: Matthew Allison on the newly
95	0.11466	0.29651	0.79887	0.01599	1.000	created Stormwater Task Force, Capital Planning Committee, and continued liaison to the Agricultural
95	0.11466	0.27902	0.75940	0.01612	1.000	Commission; Damon McQuaid on the Building Reuse Committee; Gregory Bittner on the School
95	0.11654	0.26308	0.81955	0.01599	1.000	Building Committee and Green Community Task Force; David Prokowiew as the Montachusett Regional
95	0.11466	0.24702	0.79511	0.01612	1.000	Planning Commission representative and Open Space Committee member; and Kenneth Chenis as the
95	0.11466	0.22965	0.47932	0.01599	1.000	Montachusett Joint Transportation Committee representative.
95	0.11654	0.19618	0.79699	0.01612	1.000	The Planning Office is located in the Ritter Memorial Building, 960 Massachusetts Avenue and can be
95	0.11466	0.17878	0.81767	0.01744	1.000	reached at 978-582-4147, extension 5. Various forms are available online at http://lunenburgma.gov/ on
95	0.11466	0.16270	0.74060	0.01612	1.000	the Planning Board's homepage. The Zoning Map, Protective Bylaws for the Town, Rules and
95	0.11654	0.14534	0.77632	0.01745	1.000	Regulations Governing the Subdivision of Land, and Rules & Regulations for Site Plan Approval &
95	0.11654	0.12936	0.81203	0.01599	1.000	Special Permits are available online. The Board continues to work on updating the Protective Bylaws of
95	0.11651	0.11615	0.08089	0.01188	1.000	the Town.
95	0.51880	0.07267	0.02068	0.01163	1.000	95
96	0.12406	0.93304	0.18985	0.01464	1.000	Damon McQuaid, Chair
96	0.32331	0.93169	0.19173	0.01599	1.000	Kenneth Chenis, Clerk
96	0.12399	0.91832	0.08848	0.01364	1.000	Vice Chair
96	0.27256	0.91567	0.21805	0.01612	1.000	David Prokowiew, Member
96	0.56391	0.93169	0.20489	0.01599	1.000	Gregory Bittner, Member
96	0.53383	0.91567	0.28571	0.01612	1.000	Adam R. Burney, Land Use Director
96	0.79293	0.93246	0.14725	0.01557	1.000	Matthew Allison,
96	0.25188	0.84884	0.56015	0.01453	1.000	PLANNING BOARD OPEN SPACE AD HOC COMMITTEE
96	0.12406	0.81250	0.81767	0.01599	1.000	Over the past fiscal year, the Open Space Ad Hoc Committee advised the Planning Board and other
96	0.12218	0.79651	0.82143	0.01599	1.000	municipal boards on Chapter 61 withdrawals, as well as the Conservation Commission on management of
96	0.12218	0.78198	0.81955	0.01599	1.000	the William H. and Saundra B. Lane property at Lunenburg Town Forest. The Committee is looking
96	0.12406	0.76453	0.81767	0.01599	1.000	forward to updating the Open Space and Recreation Plan in 2017 in order to keep the Town eligible for
96	0.12406	0.74851	0.81767	0.01612	1.000	certain state grants to defray the costs of open space and recreation projects, and to assure the Town is
96	0.12406	0.73401	0.66729	0.01599	1.000	taking a measured approach to meeting the residents' open space and recreation needs.
96	0.12406	0.68452	0.39850	0.01612	1.000	Brandon L. Kibbe, Acting Chair, Member At Large
96	0.12406	0.66860	0.33271	0.01599	1.000	Richard A. Brockelman, Member At Large
96	0.12378	0.65114	0.31440	0.02225	1.000	Todd Dwyer, Conservation Commission
96	0.12406	0.63808	0.34398	0.01599	1.000	Thomas Bertram, Conservation Commission
96	0.12406	0.62054	0.27068	0.01612	1.000	David Prokowiew, Planning Board
96	0.12406	0.60610	0.16729	0.01453	1.000	Janice Carrier, Scribe
96	0.51880	0.07267	0.01880	0.01163	1.000	96
97	0.38534	0.88808	0.28383	0.01453	1.000	ZONING BOARD OF APPEALS
97	0.12970	0.85756	0.79699	0.01744	1.000	The Zoning Board of Appeals heard sixteen petitions during calendar year 2016. There were several appli-
97	0.12970	0.84301	0.79699	0.01612	1.000	cants seeking special permits and special permits for dimensional variations. The Zoning Board meetings are
97	0.12970	0.82837	0.58835	0.01612	1.000	held on the second and fourth Wednesdays of the month on an "as needed" basis.
97	0.12970	0.79506	0.79699	0.01599	1.000	The Zoning Board consists of the following members: Raymond Beal, Chairman, Alfred Gravelle, Vice
97	0.12970	0.77902	0.79699	0.01612	1.000	Chairman, James Besarkarski, Hans Wentrup and Associate members, David Blatt, Paul Doherty and Sheila
97	0.12960	0.76276	0.60737	0.02063	1.000	Lumi. Lisa Normandin serves as the Administrative Assistant to the Zoning Board.
97	0.13158	0.73256	0.62030	0.01453	1.000	The functions of your Zoning Board of Appeals as required by statures are as follows:
97	0.13158	0.70203	0.79135	0.01308	1.000	To hear and decide applications for Variances from Town's Protective By-Laws as authorized in the By-laws.
97	0.12970	0.66860	0.72556	0.01599	1.000	To hear and decide applications for Special Permits as authorized in the Town's Protective By-laws.
97	0.12970	0.63517	0.79511	0.01599	1.000	To hear and decide appeals in accordance with Chapter 40A, Section 8 of the Massachusetts General Laws, as
97	0.12970	0.61919	0.79323	0.01599	1.000	amended, from any person aggrieved by reason of his or her inability to obtain a permit or enforcement action
97	0.12970	0.60317	0.78947	0.01612	1.000	from the Administrative Officer or Board in the Town, the Regional Planning Agency, abutting City or Town
97	0.12970	0.58854	0.23684	0.01466	1.000	or other Administrative Official.
97	0.12970	0.55669	0.78947	0.01453	1.000	To act upon application for comprehensive permits in accordance with Massachusetts General Laws, Chapter
97	0.12970	0.54067	0.79699	0.01463	1.000	40B. The Zoning Board of Appeals reviews requests for comprehensive permits submitted to the Board under
97	0.12970	0.52326	0.77632	0.01599	1.000	Chapter 40B by developers who wish to create affordable housing. These requests can, by law, circumvent
97	0.12970	0.51017	0.17857	0.01314	1.000	local zoning ordinances.
97	0.12970	0.47669	0.79699	0.01463	1.000	The office of the Zoning Board of Appeals is located in the Ritter Memorial Building, 960 Massachusetts Av-
97	0.12970	0.45930	0.79699	0.01599	1.000	enue, Lunenburg. Business hours are 8:00 AM to 4:00 PM Monday and Wednesday and 8:00 AM to 6:00
97	0.12970	0.44469	0.31015	0.01463	1.000	PM Tuesday and Thursday, closed Friday.
97	0.12782	0.41270	0.79887	0.01463	1.000	If you need any assistance from the Zoning Board of Appeals please contact us at 978-582-4146 X 421 during
97	0.12970	0.39826	0.19361	0.01320	1.000	regular business hours.
97	0.33083	0.39826	0.59774	0.01320	1.000	Zoning Board applications are available in the office and online at
97	0.12970	0.38081	0.20489	0.01453	0.500	www.Lunenburgonline.gov.
97	0.51880	0.07267	0.01880	0.01163	1.000	97
99	0.51880	0.07267	0.01880	0.01163	1.000	66
99	0.40977	0.52326	0.23684	0.02471	1.000	EDUCATION
100	0.37594	0.92006	0.30639	0.01599	1.000	LUNENBURG PUBLIC SCHOOLS
100	0.13346	0.88953	0.79323	0.01599	1.000	Our Vision: The Lunenburg Public Schools prides itself on excellence. We provide a child-centered envi-
100	0.13158	0.87351	0.79511	0.01612	1.000	ronment that challenges all learners to achieve their highest potential. This is accomplished through a part-
100	0.13534	0.85756	0.27444	0.01453	1.000	nership with a supportive community.
100	0.13346	0.82413	0.74060	0.01599	1.000	Our Mission: We prepare our students for life-long learning and responsible community membership.
100	0.13346	0.79360	0.15414	0.01453	1.000	Our Guiding Beliefs:
100	0.19361	0.77753	0.27820	0.01463	1.000	Education is a community partnership.
100	0.19361	0.76308	0.55451	0.01308	1.000	Learning is reflective, creative, ongoing, and takes place in all environments.
100	0.19361	0.74554	0.40226	0.01464	1.000	A successful school actively engages students and staff.
100	0.19361	0.73256	0.28195	0.01174	1.000	All students have talents and can excel.
100	0.19173	0.71354	0.45677	0.01612	1.000	Professional growth is fundamental to instructional excellence.
100	0.19173	0.69767	0.57143	0.01599	1.000	All students are capable of learning and are entitled to instructional excellence.
100	0.19173	0.68169	0.59586	0.01453	1.000	Staff and students are entitled to a safe, healthy and positive learning environment.
100	0.19173	0.66567	0.41353	0.01463	1.000	An atmosphere of mutual respect is essential for learning.
100	0.13158	0.64087	0.22744	0.01612	1.000	Lunenburg School Committee:
100	0.19173	0.62500	0.37406	0.01599	1.000	Chairperson: Michael Mackin, Term Expires: 2017
100	0.19173	0.60901	0.40038	0.01599	1.000	Vice-Chairperson: Heather Sroka, Term Expires, 2017
100	0.19173	0.59301	0.35150	0.01612	1.000	Secretary: Wendy Bertrand, Term Expires: 2018
100	0.19173	0.57703	0.36278	0.01746	1.000	Member: Dawn-Marie Ayles, Term Expires: 2019
100	0.19173	0.56101	0.34398	0.01748	1.000	Member: Meredith Weiss, Term Expires, 2019
100	0.13158	0.54506	0.13346	0.01599	1.000	Regular Meetings
100	0.27820	0.53051	0.50188	0.01463	1.000	First Wednesday of each month - 7:00 p.m. at Town Hall - Televised
100	0.24248	0.51308	0.57519	0.01744	1.000	Third Wednesday of each month - 7:00 p.m. at Lunenburg Middle-High School
100	0.29135	0.49702	0.47556	0.01612	1.000	Special meetings or changes in meetings are posted at Town Hall
100	0.43233	0.46801	0.19549	0.01314	1.000	Central Office Personnel
100	0.13158	0.43601	0.20113	0.01612	1.000	Superintendent of Schools
100	0.13158	0.42151	0.23684	0.01453	1.000	Loxi Jo Calmes, Superintendent
100	0.13346	0.40551	0.28759	0.01612	1.000	Elizabeth Petersen, Executive Secretary
100	0.45855	0.43559	0.12238	0.01691	1.000	Special Services
100	0.44737	0.42151	0.20677	0.01453	1.000	Julianna Hanscom, Director
100	0.45113	0.40253	0.25752	0.01910	1.000	Fran McCluskey, Admin. Secretary
100	0.45301	0.38808	0.25188	0.01599	1.000	Emily Lehto, Secretary (part-time)
100	0.53759	0.34448	0.15977	0.01465	1.000	Facilities & Grounds
100	0.53383	0.32703	0.18045	0.02326	1.000	John J. Londa, Director
100	0.53571	0.31250	0.19173	0.02035	1.000	Robert Roy, Maintenance
100	0.53759	0.29651	0.33835	0.01896	1.000	Brian Sanders, District-wide Utility/Custodial
100	0.13158	0.34593	0.27068	0.01453	1.000	School Personnel/Business Services
100	0.13158	0.32837	0.18233	0.01761	1.000	Sandra Curley, Manager
100	0.13346	0.31101	0.31203	0.01893	1.000	Kerry Cooper, Accounting/Data Reporting
100	0.13346	0.28051	0.21617	0.01463	1.000	Technology/Network Service
100	0.13534	0.26453	0.20489	0.01453	1.000	Steve Malandrinos, Director
100	0.13346	0.24851	0.31015	0.01612	1.000	Daniel Nadareski, Network Administrator
100	0.13346	0.23256	0.37782	0.01744	1.000	Nicholas Scoggins, School Technology Coordinator
100	0.13346	0.21801	0.19925	0.01314	1.000	Jordan Pochini, Technician
100	0.13346	0.18601	0.13722	0.01314	1.000	Cafeteria Services
100	0.13326	0.16681	0.32373	0.01960	1.000	Nadine Lorenzen, Director of Food Services
100	0.13158	0.15104	0.48872	0.02192	1.000	Patricia Pichnarcik, Lunenburg Middle-High School Café Manager
100	0.13158	0.13663	0.46617	0.01744	1.000	Joslin Schneider, Turkey Hill Elementary School Café Manager
100	0.13346	0.12054	0.45677	0.01910	1.000	Claudette Lachance, Lunenburg Primary School Café Manager
100	0.56767	0.23110	0.18609	0.01890	1.000	Transportation Services
100	0.57519	0.21801	0.12782	0.01612	1.000	Dee Bus Service
100	0.50940	0.07122	0.03383	0.01308	1.000	100
101	0.40977	0.93452	0.23872	0.01612	1.000	Superintendent's Message
101	0.13346	0.92006	0.80639	0.01453	1.000	What a remarkable year! The District returned to a four school configuration with the opening of the
101	0.11654	0.90402	0.82519	0.01463	1.000	new building and several necessary and attractive upgrades to existing buildings. The completion of the
101	0.11654	0.88808	0.82331	0.01453	1.000	school building project full new opportunity and possibilities elevated the excitement across the schools
101	0.11466	0.87054	0.70301	0.01612	1.000	and community. Our excitement and pride was surpassed only by our feeling of gratitude.
101	0.11654	0.84003	0.78947	0.01317	1.000	Our deepest gratitude is for the voters of Lunenburg who approved the co-located middle-high school
101	0.11654	0.82413	0.79135	0.01453	1.000	project and are paying it forward. This is a school for the entire community and it is our earnest hope
101	0.11654	0.80804	0.76880	0.01464	1.000	that the lives of all our citizens are enriched by this magnificent facility. We are also grateful to the
101	0.11654	0.79215	0.80263	0.01464	1.000	citizens of the Commonwealth and the Massachusetts School Building Authority for its partnership and
101	0.11654	0.77604	0.21617	0.01320	1.000	support of the construction.
101	0.34398	0.77471	0.57707	0.01453	1.000	We gathered together on October 22, 2016 for the Dedication and Ribbon
101	0.11654	0.76017	0.81203	0.01314	1.000	Cutting Ceremony. During the summer months over 1000 community members had toured the building.
101	0.11466	0.74273	0.73308	0.01453	1.000	Over 200 joined us for the dedication including Congresswoman Niki Tsongas, U.S. House of
101	0.11466	0.72520	0.80639	0.01761	1.000	Representatives, State Representative Jennifer Benson, along with members of the Board of Selectmen,
101	0.11466	0.71076	0.75940	0.01453	1.000	School Building Committee, and the School Committee. Students Julia Wilson, Robert Nash and
101	0.11466	0.69320	0.78008	0.01612	1.000	Brendan Tobin spoke and did a wonderful job representing the students of our schools. We are very
101	0.11654	0.68023	0.59398	0.01453	1.000	proud of them. They are our hope for the future and represent the best in us.
101	0.11466	0.64534	0.82707	0.01612	1.000	The long awaited building was delivered on-time and under-budget. It is everything we hoped for and our
101	0.11466	0.62936	0.79135	0.01599	1.000	dream come true. What a pleasant duty it was to work with everyone associated with this project. A
101	0.11278	0.61334	0.79511	0.01612	1.000	journey that began a decade ago resulted in a splendid modern educational facility due to the enduring
101	0.11466	0.59738	0.80827	0.01599	1.000	dedication, hard work, vision, perseverance, and good judgement of so many. The path was not always
101	0.11654	0.58284	0.78195	0.01463	1.000	straight and contained its fair share of ups and downs and is the result of cooperation, teamwork, and
101	0.16917	0.56686	0.71805	0.01599	1.000	These are the qualities we continue to embrace as we turn the page and begin a new chapter.
101	0.11463	0.53334	0.80648	0.01823	1.000	A community's schools hold its citizens' hopes and dreams. It is where that which we cherish most, our
101	0.11654	0.51885	0.75940	0.01463	1.000	children, learn and grow. Like our homes, schools are places where our children are nurtured and
101	0.11466	0.50145	0.79323	0.01599	1.000	supported; where children learn to trust and to be trustworthy. Our schools must ever be places where
101	0.11466	0.48537	0.76316	0.01612	1.000	kindness and compassion are in ample supply, freely given and where ideas matter and learning is
101	0.11466	0.46948	0.81015	0.01599	1.000	meaningful. The new building represents a commitment that for generations to come the children of the
101	0.11654	0.45486	0.74248	0.01463	1.000	Lunenburg community will always find a place where hope abides and where dreams are made.
101	0.31391	0.39971	0.07895	0.00877	1.000	Grade Level
101	0.34023	0.37500	0.02444	0.00872	0.300	PK
101	0.34398	0.36192	0.01504	0.01017	0.500	K
101	0.34774	0.35029	0.00940	0.00872	0.500	1
101	0.34774	0.33866	0.00940	0.01017	1.000	2
101	0.30444	0.32236	0.09413	0.01371	1.000	Primary Total
101	0.34774	0.30087	0.00940	0.01017	1.000	4
101	0.34774	0.28924	0.00940	0.01017	1.000	5
101	0.31368	0.27243	0.07564	0.01472	1.000	Elementary
101	0.33271	0.26308	0.03947	0.01163	1.000	Total
101	0.34586	0.25000	0.01128	0.01163	1.000	6
101	0.34774	0.23983	0.00940	0.01163	1.000	7
101	0.34586	0.22820	0.01128	0.00872	1.000	8
101	0.30438	0.21161	0.09425	0.01428	1.000	Middle School
101	0.33271	0.20058	0.03947	0.01308	1.000	Total
101	0.40226	0.42006	0.25188	0.01599	1.000	Enrollment February 15, 2017
101	0.43230	0.39813	0.07337	0.01043	1.000	Lunenburg
101	0.54323	0.39971	0.09023	0.00877	1.000	School Choice
101	0.44173	0.38808	0.05451	0.00872	1.000	Students
101	0.56001	0.38750	0.05667	0.00988	1.000	Students
101	0.46053	0.37500	0.01504	0.00872	1.000	51
101	0.45677	0.36337	0.02444	0.00872	1.000	118
101	0.45677	0.35029	0.02444	0.00872	1.000	115
101	0.45489	0.33576	0.02820	0.01453	1.000	119
101	0.58271	0.36337	0.00940	0.00872	0.500	0
101	0.58271	0.35029	0.00940	0.00872	0.500	0
101	0.49624	0.32413	0.02820	0.01163	1.000	403
101	0.45489	0.30959	0.03008	0.01599	1.000	135
101	0.45489	0.29651	0.02820	0.01744	1.000	126
101	0.45489	0.28634	0.02820	0.01453	1.000	143
101	0.68609	0.39971	0.03571	0.00872	1.000	Total
101	0.69361	0.37355	0.01880	0.01017	1.000	51
101	0.68985	0.36192	0.02632	0.01163	1.000	118
101	0.68797	0.34884	0.02820	0.01017	1.000	115
101	0.68797	0.33430	0.03008	0.01744	1.000	119
101	0.68609	0.30814	0.03195	0.01744	1.000	135
101	0.68797	0.29942	0.02820	0.01308	1.000	126
101	0.68797	0.28779	0.02632	0.01163	1.000	143
101	0.72744	0.32413	0.02632	0.01163	1.000	403
101	0.49812	0.26163	0.02820	0.01453	1.000	404
101	0.45489	0.24855	0.02820	0.01599	1.000	119
101	0.45489	0.23692	0.02820	0.01599	1.000	144
101	0.45301	0.22384	0.02820	0.01453	1.000	118
101	0.58271	0.24855	0.01128	0.01308	0.500	4
101	0.57895	0.22529	0.01504	0.01163	1.000	7
101	0.72744	0.26163	0.02820	0.01308	1.000	404
101	0.68797	0.24855	0.03008	0.01599	1.000	123
101	0.68797	0.23547	0.03008	0.01599	1.000	144
101	0.68797	0.22384	0.03008	0.01599	1.000	125
101	0.49624	0.20058	0.03008	0.01453	1.000	381
101	0.62218	0.20058	0.02068	0.01163	1.000	11
101	0.34211	0.17733	0.01880	0.01017	1.000	10
101	0.34211	0.16424	0.01880	0.01163	1.000	11
101	0.34211	0.15116	0.01880	0.01163	1.000	12
101	0.31949	0.13647	0.06591	0.01485	1.000	Ungraded
101	0.29884	0.12487	0.08090	0.01335	1.000	High School
101	0.30075	0.11483	0.03759	0.01163	1.000	Total
101	0.31572	0.10150	0.07156	0.01211	1.000	All Schools
101	0.33459	0.09157	0.03571	0.00872	1.000	Total
101	0.45489	0.18750	0.02820	0.01453	1.000	101
101	0.45489	0.17587	0.02632	0.01308	1.000	101
101	0.45489	0.16279	0.02820	0.01453	1.000	101
101	0.46053	0.14971	0.02068	0.01308	1.000	92
101	0.46241	0.13808	0.01504	0.01308	0.500	6
101	0.57707	0.18750	0.02256	0.01453	1.000	12
101	0.57895	0.17587	0.01880	0.01308	1.000	12
101	0.58083	0.13808	0.01504	0.03924	0.500	na-
101	0.68797	0.18750	0.02820	0.01308	1.000	113
101	0.68797	0.17587	0.02820	0.01163	1.000	113
101	0.68797	0.16279	0.03008	0.01453	1.000	104
101	0.68797	0.14971	0.02820	0.01453	1.000	101
101	0.69549	0.13808	0.01316	0.01308	0.500	7
101	0.72744	0.20058	0.02820	0.01163	1.000	392
101	0.49812	0.11337	0.02632	0.01308	1.000	401
101	0.62218	0.11337	0.02256	0.01453	1.000	37
101	0.72744	0.11337	0.02632	0.01308	1.000	438
101	0.45113	0.08866	0.03571	0.01599	1.000	1589
101	0.57707	0.09012	0.02068	0.01163	1.000	48
101	0.68421	0.08721	0.03759	0.01744	1.000	1637
101	0.51504	0.07122	0.03008	0.01453	1.000	101
102	0.11466	0.93452	0.80639	0.01612	1.000	The Jane Doyle Community Playground dedication was held on Wednesday, November 23, 2016. This
102	0.11466	0.91715	0.82707	0.01599	1.000	new playground is located by the Turkey Hill Elementary School Gymnasium. The playground was made
102	0.11466	0.89971	0.79135	0.01599	1.000	possible by the generous donations and support from the Connor Lourens Memorial Fund; the Arnold
102	0.11466	0.88219	0.77444	0.01612	1.000	Family and BEIM Foundation; Turkey Hill Family Lions Club; Lunenburg PTO; the Extended Day
102	0.11466	0.86483	0.75376	0.01599	1.000	Program; and many Lunenburg parents and community members. In addition to the playground,
102	0.11466	0.84738	0.80827	0.01745	1.000	basketball courts with areas for the very popular game "four-square" were constructed. We appreciate
102	0.11466	0.82986	0.57707	0.01612	1.000	everyone who made these wonderful, age-appropriate play areas possible.
102	0.11466	0.79506	0.77632	0.01599	1.000	The Lunenburg School Committee contracted with New England Education Consultants (NEEC) to
102	0.11466	0.77753	0.82143	0.01761	1.000	facilitate a strategic visioning and planning initiative this year. The initial step in this work is a creating a
102	0.11466	0.76017	0.82331	0.01745	1.000	Strategic Framework consisting of a Mission, Core Values, and Vision, all of which serve to set direction
102	0.11466	0.74273	0.76692	0.01744	1.000	for the rest of the planning process. The Strategic Framework is developed members of a Steering
102	0.11466	0.72520	0.79887	0.01761	1.000	Committee working with internal and external stakeholders to help assure the values of the community
102	0.11466	0.70784	0.80075	0.01745	1.000	are well represented and that a connection is made to the public regarding underlying principles for the
102	0.11466	0.69041	0.81203	0.01744	1.000	planning process. The new framework and plan will be adopted by the School Committee by the end of
102	0.11466	0.67287	0.76692	0.01761	1.000	the school year with implementation to begin in the fall. With the opening of the new Lunenburg
102	0.11463	0.65370	0.79707	0.01950	1.000	Middle - High School, the Lunenburg School Committee also committed to develop and implement an
102	0.11466	0.63808	0.81015	0.01744	1.000	adult education program for the benefit of the Lunenburg community. An advisory group was appointed
102	0.11466	0.62054	0.80639	0.01612	1.000	by the School Committee to research and make recommendations by the end of the current school year.
102	0.11466	0.58576	0.81767	0.01744	1.000	Brendan Ryan Tobin was the 2016 Superintendent's Award recipient. Brendan is the son of Thomas and
102	0.11466	0.56820	0.77068	0.01612	1.000	Carolyn Tobin. During his four years at LHS Brendan excelled in honors and advanced placement
102	0.11466	0.55084	0.76880	0.01747	1.000	coursework. He has been the President of the Class of 2017 since 9th grade. Brendan is a poised,
102	0.11466	0.53198	0.81767	0.01744	1.000	humble, and well-spoken young man who represented his school and classmates extremely well. He was
102	0.11466	0.51587	0.76504	0.01761	1.000	honored at the Worcester County Superintendent's Roundtable Scholars' ceremony in January. He
102	0.11466	0.49851	0.79699	0.01748	1.000	selected the following quote from Colin Powell for that ceremony's program. "Success is the result of
102	0.11466	0.47965	0.54699	0.01890	1.000	perfection, hard work, learning from failure, loyalty, and persistence."
102	0.11466	0.44618	0.82519	0.01748	1.000	This past year our schools bid farewell to retirees who devoted many years to public service. Retiring this
102	0.11466	0.42733	0.76880	0.01890	1.000	past year were: Steve Archambault, Middle School Music Teacher; Rhonda Malatos, High School
102	0.11466	0.40988	0.82519	0.01894	1.000	Physical Education Teacher; Judy Haley, Middle School Cafeteria Manager; Linda Papadopoulos, Middle
102	0.11466	0.39236	0.80263	0.01910	1.000	School Special Education Teacher; and Natalie Davulis, Middle School Grade 7 Teacher. When added
102	0.11466	0.37500	0.81015	0.01890	1.000	together these employees have 116 years of service to our students, schools, and community. I hope the
102	0.11466	0.35901	0.82331	0.01748	1.000	benefit our children derived from their dedication, compassion, and hard work is repaid in kind with long,
102	0.11278	0.34003	0.77820	0.01761	1.000	happy and healthy retirements sprinkled with memories of fulfilled careers. On behalf of our school
102	0.11466	0.32413	0.76880	0.01744	1.000	community, I extend to each of them our heartfelt thanks and sincere appreciation for their service.
102	0.11466	0.28919	0.79323	0.01761	1.000	In closing I want to acknowledge and extend special thanks to the PTO, our parents/guardians and the
102	0.11466	0.27180	0.82331	0.01599	1.000	community members who support the PTO. This year the PTO donated $32,000 to the schools to support
102	0.11466	0.25436	0.81391	0.01599	1.000	a variety of opportunities like field trips and educational speakers that are not provided within the school
102	0.11466	0.23537	0.80075	0.01910	1.000	budget. The PTO has a tradition of active engagement and service. The students, faculty, and staff of
102	0.11466	0.22093	0.78195	0.01599	1.000	our schools share this tradition of service to others. It is vital to our mission and our students' future
102	0.11466	0.20203	0.82707	0.01599	1.000	success in life. We are very grateful to the entire Lunenburg community for their support of our students
102	0.11460	0.18580	0.09974	0.01503	1.000	and schools.
102	0.11466	0.14971	0.19173	0.01599	1.000	Respectfully Submitted,
102	0.11466	0.13219	0.33835	0.01612	1.000	Loxi Jo Calmes, Superintendent of Schools
102	0.51504	0.07122	0.02820	0.01308	1.000	102
103	0.45865	0.92151	0.13910	0.01453	1.000	School Facilities
103	0.13158	0.88663	0.79511	0.01599	1.000	Construction of the new Middle-High School (Phase 1) concluded by late May 2016. Shawmut Design and
103	0.13158	0.87054	0.79511	0.01761	1.000	Construction executed the building project with NV5 providing owner's project management services. The
103	0.13346	0.85610	0.79323	0.01453	1.000	School Building Committee continues to provide construction and financial oversight. Phase 2 began shortly
103	0.12970	0.83854	0.79699	0.01612	1.000	after the school year ended with removing all furniture from the former high school, relocating all teacher
103	0.13158	0.82413	0.79511	0.01453	1.000	supplies and equipment to the new school, removal of asbestos in the former high school, then demolition,
103	0.13154	0.80771	0.79710	0.01794	1.000	construction of the new greenhouse and two athletic fields, re-working the student parking lot, tennis courts,
103	0.13158	0.79215	0.79323	0.01464	1.000	construction of an outdoor basketball court and remaining site work. Work was nearly complete by late De-
103	0.12970	0.77471	0.79511	0.01599	1.000	cember 2016. A minor amount of work remains to be completed in the spring of 2017 such as the finish sur-
103	0.12970	0.76017	0.63910	0.01463	1.000	face of the tennis courts, basketball court and installation of an athletic field scoreboard.
103	0.13158	0.72817	0.76880	0.01463	1.000	In February 2016, the Town of Lunenburg released a Request for Proposals for rooftop solar systems to be
103	0.12970	0.71076	0.78571	0.01599	1.000	installed on the new Middle-High School and Department of Public Works garage. The solar array was to be
103	0.13158	0.69618	0.78195	0.01463	1.000	a 20 year agreement that rented roof space and allowed the school district to purchase the electric power at a
103	0.13158	0.68169	0.78383	0.01453	1.000	discounted rate. Solect Energy was awarded the contract to install a 349 kilowatt system that would generate
103	0.12970	0.66270	0.78383	0.01612	1.000	394,000 K WH per year and would be purchased at a fixed rate of 8.3 cents per kilowatt. Construction began
103	0.12970	0.64680	0.52256	0.01744	1.000	in November 2016 and is expected to be complete by early spring 2017.
103	0.13158	0.61773	0.79511	0.01308	1.000	The focus of school maintenance for FY17 continues to be preventative maintenance of heating and ventila-
103	0.13158	0.60020	0.79511	0.01463	1.000	tion systems and energy conservation measures. In addition, the maintenance staff began training on the
103	0.12970	0.58284	0.79699	0.01745	1.000	building systems of the new school in July. Conversion of existing interior lighting to LED at Lunenburg
103	0.12970	0.56686	0.79699	0.01599	1.000	Primary School began in December 2016 and will complete in March 2017. Funding for conversion of Tur-
103	0.12970	0.55084	0.79699	0.01747	1.000	key Hill Elementary School will be a high priority in the upcoming Green Communities Competitive Grant
103	0.13134	0.53852	0.05686	0.01308	1.000	rounds.
103	0.12970	0.50291	0.77632	0.01599	1.000	The third grade was relocated to Turkey Hill, which was re-designated an elementary school, in June 2016.
103	0.13346	0.48983	0.78571	0.01315	1.000	To be better able to support grades 3-5, a playground was added to the side of the school by the generous do-
103	0.12970	0.47238	0.78947	0.01453	1.000	nation of the Connor Lourens Memorial Fund, the BEIM Foundation c/o Erik and Megan Arnold, the Turkey
103	0.12970	0.45486	0.77444	0.01612	1.000	Hill Family Lions Club, the Lunenburg PTO, Extended Day Program, parents, guardians, and citizens. The
103	0.12970	0.44041	0.52444	0.01453	1.000	playground was dedicated in September 2016 in memory of Jane Doyle.
103	0.12970	0.40843	0.78195	0.01453	1.000	The FY 17 capital program funded replacement of the Turkey Hill Elementary School phone system and in-
103	0.12970	0.39087	0.76128	0.01761	1.000	tercom system at $22,000 each. The new systems were installed by Vertical Communications Inc. in July
103	0.12970	0.37645	0.77632	0.01453	1.000	2016. For the FY18 Capital Program, the School Department has requested an additional $145,000 funding
103	0.12970	0.36037	0.76316	0.01463	1.000	for continued asbestos removal at Turkey Hill Elementary School as its highest priority. Additionally the
103	0.13346	0.34738	0.78195	0.01174	1.000	district is looking to add a security camera system to Turkey Hill Elementary School and Lunenburg Primary
103	0.13158	0.32986	0.78947	0.01612	1.000	School during FY17 using funds that are anticipated to be surplus to the operating budget due to reduced cost
103	0.12970	0.31250	0.47744	0.01599	1.000	for natural gas and electricity and the impact of the solar projects.
103	0.12970	0.28051	0.17669	0.01463	1.000	Respectfully submitted,
103	0.13158	0.26587	0.34211	0.01320	1.000	John Londa, Director of Facilities and Grounds
103	0.51489	0.07102	0.02850	0.01348	1.000	103
104	0.42669	0.91419	0.20677	0.01612	1.000	Technology Department
104	0.13534	0.88070	0.75564	0.01464	1.000	It has been a great pleasure to oversee the stunning technology improvements to the district over the past
104	0.13346	0.86334	0.75940	0.01612	1.000	year. Bringing the new Lunenburg Middle-High School online has provided not only a major upgrade to
104	0.13534	0.84884	0.77632	0.01599	1.000	technology for our sixth through twelfth grade classes, but has afforded us the opportunity to expand access
104	0.13534	0.83430	0.77256	0.01466	1.000	to devices and improve infrastructure at the Primary and Elementary schools as well. IPad carts, Wi-Fi ac-
104	0.13346	0.81541	0.78571	0.01599	1.000	cess points, desktops, laptops, printers and other technology were redistributed from the previous Lunenburg
104	0.13534	0.79936	0.77632	0.01761	1.000	High School to the Primary and Elementary schools, improving each of those areas by as much as fifty per-
104	0.13534	0.78779	0.03571	0.01017	1.000	cent.
104	0.13722	0.75436	0.78383	0.01453	1.000	The new Middle-High School is home to state of the art technology that is pervasive throughout the building.
104	0.13534	0.73537	0.76316	0.01463	1.000	• Interactive projectors and voice-lift audio systems are in all classrooms and collaborative workspaces.
104	0.13534	0.71652	0.76504	0.01463	1.000	• Grades ten through twelve are participating in a one-to-one Chromebook initiative, putting a device in
104	0.16541	0.70203	0.35714	0.01308	1.000	each student's hands for use in class and at home.
104	0.13534	0.68169	0.78947	0.01453	1.000	• Computer labs, both mobile and static, comprise more than two hundred additional devices for use on the
104	0.16165	0.66570	0.07519	0.01599	1.000	premises.
104	0.13158	0.64680	0.78759	0.01466	1.000	• A high capacity Wi-Fi system with more than one hundred access points provides ubiquitous, secure ac-
104	0.16541	0.63070	0.71241	0.01464	1.000	cess to the network for students, faculty, and staff - even allowing for multiple devices per person.
104	0.13346	0.61037	0.78195	0.01761	1.000	• A beautiful new auditorium space with professionally designed sound, lights and rigging is available for
104	0.16541	0.59738	0.75376	0.01453	1.000	use not only by students and school personnel but for town functions and outside productions and events
104	0.16535	0.58410	0.05464	0.01058	1.000	as well.
104	0.13346	0.54787	0.77256	0.01612	1.000	The newly named Turkey Hill Elementary School has seen some significant technology improvements this
104	0.13534	0.53198	0.78947	0.01599	1.000	past year. The number of Wi-Fi access points was increased by fifty percent, improving coverage and capac-
104	0.13346	0.51587	0.78571	0.01612	1.000	ity throughout the building. Additional iPad and Chromebook carts have been deployed, some from the pre-
104	0.13534	0.50145	0.78008	0.01453	1.000	vious Lunenburg High School and some donated by extremely generous individuals and organizations. Ad-
104	0.13534	0.48537	0.78571	0.01463	1.000	ditional multimedia carts were also deployed providing projection and audio capabilities to more classrooms.
104	0.13346	0.45203	0.75376	0.01599	1.000	Lunenburg Primary School also benefited from the closing of LHS. Again, we were able to increase the
104	0.13346	0.43601	0.76128	0.01612	1.000	number of Wi-Fi access points by fifty percent, deploy additional mobile computer labs, replace outdated
104	0.13346	0.42006	0.51504	0.01599	1.000	classroom computers, and increase the availability of multimedia carts.
104	0.13534	0.38808	0.76316	0.01599	1.000	The Technology Department is also proud to have added an additional full-time staff member, our School
104	0.13534	0.37351	0.74812	0.01463	1.000	Technology Coordinator Nick Scoggins. Our goal is always to use technology to enhance our students'
104	0.13534	0.35756	0.77632	0.01453	1.000	learning experience, and to get that technology into as many students' hands as possible. This past year has
104	0.13346	0.34152	0.56767	0.01463	1.000	provided us with an opportunity to do that on a grander scale than ever before.
104	0.13346	0.30804	0.17481	0.01612	1.000	Respectfully submitted,
104	0.13346	0.27902	0.13910	0.01314	1.000	Steve Malandrinos
104	0.13534	0.26017	0.15226	0.01599	1.000	Technology Director
104	0.51504	0.07267	0.02820	0.01163	1.000	104
105	0.40602	0.93023	0.24248	0.01453	1.000	Special Services Department
105	0.33083	0.91270	0.39098	0.01612	1.000	FY16 (data taken from 2015-2016 school year)
105	0.18797	0.88070	0.71241	0.01319	1.000	From the March 1, 2016 report, there are two hundred and ninety nine students with disabilities re-
105	0.12782	0.86334	0.79511	0.01463	1.000	ceiving special education or related services in Lunenburg. This represents 18.8% of our total student popula-
105	0.12782	0.84738	0.78571	0.01453	1.000	tion of 1,587 students (it was 17.2% last year). The state average from the 2016 school report card is 17.2%.
105	0.12970	0.82986	0.76504	0.01761	1.000	As of March 1, 2016, the total number of students receiving services outside the district was nineteen (last
105	0.12594	0.81395	0.76504	0.01599	1.000	year was thirty). Of the nineteen students, four are placed in Collaborative Placements, twelve are in Day
105	0.12782	0.79787	0.78759	0.01612	1.000	Placements and three are in Residential Placements. Additionally, as of January 12, 2017, one hundred four-
105	0.12594	0.78343	0.68985	0.01453	1.000	teen students identified with a disability received accommodations via 504 plans in Lunenburg.
105	0.18985	0.76885	0.71053	0.01314	1.000	This year as a district, our overall Accountability and Assistance Level is Level 2 with the Primary
105	0.12782	0.75000	0.79323	0.01599	1.000	School, Turkey Hill Middle School, and Lunenburg High School all being listed as Level 2 (LHS was Level 1
105	0.12594	0.73537	0.79699	0.01612	1.000	last year). The state report card lists the district's determination of need for Special Education technical assis-
105	0.12594	0.71948	0.72556	0.01465	1.000	tance or intervention for Students with Disabilities in Lunenburg as "Meets Requirements - At Risk
105	0.12782	0.70337	0.79323	0.01465	1.000	(MRAR)". The district's Students with Disabilities progress towards narrowing proficiency gaps [Cumulative
105	0.12782	0.68750	0.77632	0.01463	1.000	Progress and Performance Index (CPI): 1-100)] is listed at 45 (it was 46 last year) with the target set for 75.
105	0.12782	0.67151	0.78759	0.01453	1.000	Students with Disabilities participated in MCAS this year with the following rates: English Language Arts =
105	0.12771	0.65317	0.77840	0.02368	1.000	99% (it was 99% last year), Mathematics = 100% (It was 99% last year), and Science = 100% (It was 100%
105	0.12782	0.64087	0.07331	0.01320	1.000	last year).
105	0.12782	0.62351	0.78383	0.01463	1.000	This data can be found at the DESE website: http://profiles.doe.mass.edu/accountability/report/district.aspx?
105	0.12782	0.60756	0.36090	0.01453	1.000	linkid=30&orgcode=01620000&orgtypecode=5&
105	0.18985	0.59301	0.73120	0.01314	1.000	Other data collected throughout the year is also important to consider when looking at the whole Spe-
105	0.12970	0.57703	0.78947	0.01453	1.000	cial Services Department. Department of Elementary and Secondary Education requires us to collect data for
105	0.12970	0.55952	0.78195	0.01612	1.000	certain Indicators they are targeting each year. For our Indicators, the following information is available be-
105	0.12594	0.54360	0.72180	0.01453	1.000	low and also can be found at: http://profiles.doe.mass.edu/gis/sped_map.aspx? orgcode=01620000&
105	0.12782	0.52753	0.78383	0.01463	1.000	Indicator 1 - Graduation Rate. For the 2014-2015 school year, the state target for Students with Disabilities
105	0.12970	0.51308	0.77820	0.01453	1.000	was 82.0%. Lunenburg's rate was 66.7% and the overall state rate was 69.9% for Students with Disabilities.
105	0.12782	0.49554	0.79511	0.01464	1.000	Indicator 2 - Dropout Rate. For the 2014-2015 school year the state target for Students with Disabilities was
105	0.12970	0.48110	0.76316	0.01319	1.000	3.0%. Lunenburg rate for Students with IEPs was 0% (it was 2.2% last year) and the overall state rate was
105	0.12782	0.46657	0.04323	0.01163	1.000	2.9%.
105	0.12782	0.44767	0.76880	0.01599	1.000	Indicator 3C - Proficiency Rate for Students with IEPs on MCAS. For the 2015 MCAS, Lunenburg Stu-
105	0.12970	0.43304	0.37030	0.01319	1.000	dents with Disabilities CPI ratings were as follows:
105	0.24812	0.40104	0.14098	0.01320	1.000	Grade 3 - Reading:
105	0.24812	0.38663	0.17293	0.01169	1.000	Grade 3 - Mathematics:
105	0.24812	0.36919	0.14286	0.01308	1.000	Grade 4 - Reading:
105	0.24812	0.35465	0.17481	0.01167	1.000	Grade 4 - Mathematics:
105	0.24624	0.33854	0.11842	0.01175	1.000	Grade 5 - ELA:
105	0.24624	0.32267	0.17669	0.01314	1.000	Grade 5 - Mathematics:
105	0.24812	0.30669	0.13722	0.01308	1.000	Grade 5 - Science:
105	0.24624	0.28919	0.11842	0.01463	1.000	Grade 6 - ELA:
105	0.24624	0.27471	0.17669	0.01308	1.000	Grade 6 - Mathematics:
105	0.24624	0.25868	0.11842	0.01167	1.000	Grade 7 - ELA:
105	0.24624	0.24273	0.17669	0.01173	1.000	Grade 7 - Mathematics:
105	0.24624	0.22669	0.12030	0.01314	1.000	Grade 8 - ELA:
105	0.24624	0.21076	0.17669	0.01320	1.000	Grade 8 - Mathematics:
105	0.24812	0.19618	0.13722	0.01021	1.000	Grade 8 - Science:
105	0.24812	0.18023	0.12406	0.01024	1.000	Grade 10 - ELA:
105	0.24812	0.16270	0.18421	0.01317	1.000	Grade 10 - Mathematics:
105	0.24812	0.14826	0.14662	0.01023	1.000	Grade 10 - Science:
105	0.48308	0.40104	0.12970	0.01320	1.000	Lunenburg = 63.4
105	0.48308	0.38517	0.12970	0.01314	1.000	Lunenburg = 43.5
105	0.48120	0.36773	0.13158	0.01453	1.000	Lunenburg = 47.2
105	0.48120	0.35169	0.13158	0.01463	1.000	Lunenburg = 50.0
105	0.47932	0.33576	0.13534	0.01453	1.000	Lunenburg = 65.4
105	0.47932	0.31969	0.13346	0.01612	1.000	Lunenburg = 71.2
105	0.47932	0.30378	0.13158	0.01599	1.000	Lunenburg = 73.1
105	0.48120	0.28770	0.13158	0.01612	1.000	Lunenburg = 59.0
105	0.47932	0.27180	0.13346	0.01599	1.000	Lunenburg = 50.0
105	0.47928	0.25560	0.13355	0.01787	1.000	Lunenburg = 77.6
105	0.47932	0.23983	0.13346	0.01599	1.000	Lunenburg = 52.4
105	0.48120	0.22384	0.13158	0.01599	1.000	Lunenburg = 83.3
105	0.47932	0.20784	0.13346	0.01612	1.000	Lunenburg = 56.3
105	0.47932	0.19186	0.13346	0.01599	1.000	Lunenburg = 57.3
105	0.47932	0.17584	0.13346	0.01612	1.000	Lunenburg = 86.8
105	0.48120	0.15988	0.13158	0.01599	1.000	Lunenburg = 73.5
105	0.47932	0.14385	0.13346	0.01612	1.000	Lunenburg = 83.3
105	0.71617	0.40253	0.08835	0.01171	1.000	State = 63.3
105	0.71805	0.38808	0.08647	0.01023	1.000	State = 66.6
105	0.71617	0.37054	0.08835	0.01173	1.000	State = 56.5
105	0.71805	0.35610	0.08647	0.01021	1.000	State = 58.7
105	0.71617	0.33854	0.08835	0.01175	1.000	State = 64.3
105	0.71420	0.32090	0.09039	0.01517	1.000	State = 58.3
105	0.71423	0.30505	0.09410	0.01781	1.000	State = 60.0
105	0.71426	0.28772	0.09216	0.01905	1.000	State = 64.3
105	0.71610	0.27303	0.09036	0.01644	1.000	State = 55.7
105	0.71241	0.25868	0.09211	0.01167	1.000	State = 67.2
105	0.71241	0.24419	0.09398	0.01163	1.000	State = 46.5
105	0.71234	0.22510	0.09412	0.01929	1.000	State = 73.0
105	0.71617	0.20930	0.08835	0.01466	1.000	State = 50.5
105	0.71429	0.19618	0.09023	0.00876	1.000	state = 30.8
105	0.71234	0.17850	0.09224	0.01364	1.000	State = 88.1
105	0.71238	0.16126	0.09403	0.01615	1.000	State = 69.7
105	0.71429	0.14534	0.09211	0.01463	1.000	State = 71.2
105	0.51316	0.06977	0.03195	0.01744	1.000	105
106	0.12782	0.90698	0.76880	0.01599	1.000	Indicator 4 - Suspension (more than 10 days)/Expulsion for Students with IEPs. For Lunenburg, our rate
106	0.12970	0.89087	0.77256	0.01612	1.000	was 0% (last year it was .7%. The state rate was 1.1%. Additionally, Indicator 4B records significant dis-
106	0.13158	0.87645	0.76692	0.01453	1.000	crepancies with the Suspension/Expulsion rates by race or ethnicity. In 2015, Lunenburg was not found to
106	0.12970	0.85901	0.39850	0.01599	1.000	have any significant discrepancies due to these factors.
106	0.12782	0.84301	0.78759	0.01746	1.000	Indicator 5 - Educational Environments for Students Aged 6-21 with IEPs. For 2014-2015, the state's target
106	0.12782	0.82703	0.77820	0.01599	1.000	rates are as follows: for Full Inclusion of students = 60.5%, Partial Inclusion = N/A, Substantially Separate
106	0.12970	0.81101	0.74624	0.01612	1.000	Placements = 14.5%, and for Separate Schools/Residential Facilities/Homebound/Hospitals = 5.5%. In
106	0.12970	0.79360	0.78008	0.01744	1.000	Lunenburg, our percentages are as follows: Full Inclusion = 69.6, Partial = 13.2%, Substantially Separate =
106	0.12970	0.78051	0.39098	0.01463	1.000	7.0% and Separate schools, Residential, etc. = 10.1%.
106	0.12782	0.76453	0.73872	0.01599	1.000	Indicator 6 - Educational Environments for Students Aged 3-5 with IEPs. The 2014-2015 state rates
106	0.13158	0.74851	0.76880	0.01463	1.000	showed the percent of students receiving a majority of their special education and related services in a Full
106	0.12782	0.73110	0.79135	0.01599	1.000	Inclusion early childhood program was 41.0%, in a Partial Inclusion Program was N/A, a Substantially Sepa-
106	0.12970	0.71652	0.77820	0.01463	1.000	rate Placement (special education class, separate school, or residential facility) was 13.5%, and students not
106	0.12782	0.69913	0.78195	0.01599	1.000	attending an early childhood program but receiving only a related service (e.g. speech, OT, PT) was N/A. In
106	0.13158	0.68452	0.79323	0.01463	1.000	Lunenburg, our early childhood Full Inclusion rate was 32.4%, our Partial Inclusion rate was 44.1%, Substan-
106	0.12970	0.66860	0.46053	0.01453	1.000	tially Separate rate was 17.6%, and Related Services was 5.9%.
106	0.12782	0.65104	0.77068	0.01612	1.000	Indicator 8 - Parent Involvement. This indicator measures the % of parents with a child receiving special
106	0.12970	0.63517	0.78383	0.01745	1.000	education who report that school facilitated parent involvement as a means of improving services and results
106	0.12782	0.62054	0.79135	0.01464	1.000	for students with IEPs. For 2014-2015 the state target was 85%. Lunenburg's rate was 78.3% and the state's
106	0.12782	0.60465	0.48496	0.01464	1.000	rate was 79.7% (from information collected in the spring of 2013).
106	0.12782	0.58721	0.78759	0.01745	1.000	Indicator 9 & 10 - Both of these Indicators deal with Disproportionality in Special Education and in Special
106	0.12970	0.57118	0.78947	0.01612	1.000	Education Categories. In Lunenburg the state determined that there was no disproportionality found in either
106	0.13158	0.55814	0.03759	0.01017	1.000	case.
106	0.12782	0.54067	0.79699	0.01463	1.000	Indicator 11 - Initial Evaluation Timelines. This indicator measures the % of children with parental consent
106	0.12965	0.52446	0.77640	0.01691	1.000	to evaluate, who were evaluated within the State established timeline. Data is reported for all initial evalua-
106	0.12970	0.50719	0.76316	0.01612	1.000	tions initiated in October, November, and December of the reporting year. Lunenburg was rated 100% in
106	0.13158	0.49419	0.45301	0.01308	1.000	compliance and the state average for this Indicator was 98.7%.
106	0.12782	0.47520	0.76880	0.01612	1.000	Indicator 12 - Early Childhood Transition. This indicator measures the % of children referred by Part C,
106	0.12782	0.45930	0.78947	0.01599	1.000	found eligible for special education services, and who have an IEP developed and implemented by their third
106	0.12782	0.44469	0.77820	0.01612	1.000	birthdays. The state target for this indicator in 100% and Lunenburg is noted as "Suppressed". Data is sup-
106	0.12970	0.42733	0.78947	0.01599	1.000	pressed if the number of students referred by Part C and found eligible for special education services is fewer
106	0.12782	0.41270	0.77068	0.01463	1.000	than 10. In Lunenburg, only 2 students were referred during 2012-2013 (we have not been reviewed since
106	0.12970	0.39534	0.29699	0.01612	1.000	2012-2013 for updated data in this area.
106	0.12782	0.38070	0.78195	0.01464	1.000	Indicator 13 - Secondary Transition. This indicator measures the % of youth with IEPs aged 16 and above
106	0.12970	0.36334	0.76692	0.01612	1.000	with an IEP that includes appropriate measurable postsecondary goals that are annually updated and based
106	0.12970	0.34738	0.77068	0.01745	1.000	upon an age appropriate transition assessment, transition services, including courses of study, that will rea-
106	0.12782	0.32986	0.77068	0.01761	1.000	sonably enable the student to meet those postsecondary goals, and annual IEP goals related to the student's
106	0.12782	0.31686	0.76692	0.01453	1.000	transition service needs. Lunenburg was rated 100% in compliance and the state average for this Indicator
106	0.12970	0.30084	0.62782	0.01463	1.000	was 99.2% (we have not been reviewed since 2011-2012 for updated data in this area.
106	0.12782	0.28488	0.76316	0.01599	1.000	Indicator 14 - Post-School Outcomes for Students with IEPs. This indicator measures the % of students
106	0.12970	0.26736	0.78195	0.01612	1.000	with IEPs who exited high school during the 2013-14 school year and self-reported post-school engagement
106	0.12782	0.25291	0.77820	0.01453	1.000	in education or employment one year after leaving high school. Engagement is defined through three meas-
106	0.13154	0.23966	0.07151	0.01051	1.000	urements:
106	0.12970	0.21948	0.64850	0.01465	1.000	• Measurement A: Enrolled in higher education within one year of leaving high school.
106	0.12782	0.19913	0.79135	0.01599	1.000	• Measurement B: Enrolled in higher education or competitively employed within one year of leaving high
106	0.12970	0.16715	0.78383	0.01316	1.000	• Measurement C: Enrolled in higher education, or in some other postsecondary education or training pro-
106	0.12970	0.14826	0.75000	0.01599	1.000	gram; or competitively employed, or in some other employment within one year of leaving high school.
106	0.13158	0.13368	0.77444	0.01463	1.000	Measurements are cumulative with Measurement C reflecting the total number of exiters engaged in a post-
106	0.12782	0.11334	0.75752	0.01612	1.000	secondary activity one year after leaving high school. For the 2014-2015 school year state targets for the
106	0.12964	0.09577	0.72383	0.01759	1.000	three measurements of Post-School Outcomes are Measurement A: 47%; Measurement B: 82%; and
106	0.51692	0.07413	0.02632	0.00872	1.000	106
107	0.13910	0.92878	0.77820	0.01319	1.000	Measurement C: 89%. Lunenburg rates are as follows: Measurement A = 50%, Measurement B = 75% and
107	0.13910	0.91419	0.17293	0.01169	1.000	Measurement C = 75%.
107	0.19737	0.88070	0.71617	0.01464	1.000	The Parent Advisory Council Supporting All Learners (PACSAL) continues to be an active support
107	0.13722	0.86483	0.75188	0.01464	1.000	group for parents, teachers and administration. All parents and community members can join the group,
107	0.13534	0.84738	0.78383	0.01599	1.000	which currently consists of parents of students receiving Title I services and parents of students with disabil-
107	0.13534	0.83284	0.75564	0.01463	1.000	ities. Meetings are typically held the first Friday of each month, 11:00AM, in the Planning Room at the
107	0.13910	0.81686	0.78195	0.01453	1.000	Middle School. The executive board is made up of Chairperson: Kelly Harvey. Several events and presenta-
107	0.13722	0.80084	0.77632	0.01314	1.000	tions were organized by the PACSAL for both parents and teachers in Lunenburg this year. For more infor-
107	0.13534	0.78343	0.62030	0.01453	1.000	mation, go to: https://sites.google.com/a/lunenburgschools.net/special-services/pacsal
107	0.19549	0.76885	0.72556	0.01463	1.000	In conclusion, the Lunenburg Public Schools continues to provide a variety of special needs services
107	0.13534	0.75291	0.74812	0.01453	1.000	to meet the varying needs of our students in the least restrictive environment. We have an experienced,
107	0.13722	0.73686	0.76880	0.01463	1.000	hardworking staff that works together with parents to provide these varied services. Our parents are equal
107	0.13534	0.71948	0.75940	0.01599	1.000	partners in our efforts to develop challenging and focused educational programs for children. We remain
107	0.13722	0.70486	0.77632	0.01463	1.000	committed to the Lunenburg Public Schools mission, "We prepare our students for lifelong learning and re-
107	0.13722	0.68895	0.75564	0.01599	1.000	sponsible community membership." This is a total community effort and we encourage ALL Lunenburg
107	0.13722	0.67287	0.59962	0.01318	1.000	residents to join with us to create positive experiences and futures for our children.
107	0.19361	0.65551	0.58835	0.01746	1.000	For additional information, please visit our website at: https://sites.google.com/a/
107	0.13534	0.63953	0.77068	0.01746	1.000	lunenburgschools.net/special-services/, or contact Julianna Hanscom, Director of Special Services, Special
107	0.13534	0.62202	0.49624	0.01761	1.000	Services Office, 1025 Massachusetts Ave, (978) 582-4100, ext. 305.
107	0.13722	0.59152	0.17669	0.01612	1.000	Respectfully Submitted,
107	0.13722	0.56395	0.13534	0.01020	1.000	Julianna Hanscom
107	0.13534	0.54360	0.18797	0.01599	1.000	Special Services Director
107	0.38158	0.51017	0.29699	0.01599	1.000	Lunenburg School Lunch Program
107	0.48489	0.49247	0.09036	0.01506	1.000	2016-2017
107	0.13534	0.45058	0.78008	0.01453	1.000	The Food Service Director Nadine Lorenzen and the program managers Patti Pichnarcik at Lunenburg Mid-
107	0.13534	0.43304	0.78008	0.01612	1.000	dle-High School, Joslin Schneider at Turkey Hill Elementary School and Claudette Lachance at the Primary
107	0.13534	0.41860	0.76316	0.01453	1.000	School would like to highlight some of the lunch programs endeavors started this year beginning with the
107	0.13722	0.40402	0.76316	0.01463	1.000	catering service and menu. Let us cater your next event, large or small. Our presence at the schools' Open
107	0.13534	0.38663	0.78195	0.01599	1.000	Houses was a great opportunity for parents to sample menu items served in our cafeterias. The menus for all
107	0.13534	0.37054	0.77632	0.01612	1.000	of our cafeterias have been updated with calorie and carbohydrate counts. The Middle- High School will be
107	0.13346	0.35465	0.76504	0.01464	1.000	launching made-to-order deli sandwiches in the next couple of weeks. We have also had some productive
107	0.13346	0.33854	0.75940	0.01466	1.000	tastings in all of the cafes leading to some new menu items like fruit and yogurt smoothies, shaker salads
107	0.13534	0.32267	0.78195	0.01599	1.000	and most recently Uno pizza. We look forward to more tastings and serving our school community healthful
107	0.13534	0.30669	0.12970	0.01599	1.000	appetizing meals.
107	0.13722	0.27326	0.17669	0.01599	1.000	Respectfully Submitted,
107	0.13534	0.26017	0.12782	0.01314	1.000	Nadine Lorenzen
107	0.13534	0.24419	0.16541	0.01453	1.000	Food Service Director
107	0.51504	0.07122	0.02820	0.01308	1.000	107
108	0.37218	0.90698	0.31579	0.01465	1.000	LUNENBURG PRIMARY SCHOOL
108	0.19167	0.87520	0.73701	0.01874	1.000	The Lunenburg Primary School is an early childhood education center for students Preschool to 2nd
108	0.13158	0.86037	0.79699	0.01612	1.000	grade. Our students range from three to eight years old. Our community is made up of students, parents,
108	0.13151	0.84240	0.79715	0.01869	1.000	teachers and support staff; working together to create an educationally rich and safe learning environment that
108	0.12970	0.82986	0.19737	0.01316	1.000	focuses on the whole child.
108	0.19173	0.81250	0.73684	0.01463	1.000	The October 1, 2016 student count reported to the Department of Elementary and Secondary Educa-
108	0.13158	0.79787	0.79699	0.01463	1.000	tion was three hundred and eighty-six students. Our Preschool program services forty-one three and four year
108	0.13346	0.78198	0.79323	0.01316	1.000	old students. We have five Kindergarten classes servicing one hundred and eighteen students. Class sizes in
108	0.13158	0.76453	0.79699	0.01599	1.000	our Kindergartens are at 23 to 24 students. First grade has one hundred and eleven students with class sizes
108	0.13158	0.75000	0.79699	0.01463	1.000	ranging from 22 to 23. Second grade has one hundred and sixteen students with class sizes ranging from 23 to
108	0.12970	0.73110	0.79887	0.01599	1.000	24 students. Students and staff this year are enjoying the extra space produced when the third grade students
108	0.13158	0.71652	0.79699	0.01463	1.000	and staff were moved to the Turkey Hill Elementary School as a result of the new Lunenburg Middle-High
108	0.13146	0.70009	0.09986	0.01553	1.000	School build.
108	0.19173	0.68452	0.73496	0.01463	1.000	Our professional development this year centered on Everyday Math Online Resources, Responsive
108	0.13158	0.66715	0.79699	0.01744	1.000	Classroom and Emotional Intelligence. All of our classroom teachers are working on improving the use of
108	0.12970	0.65104	0.79887	0.01761	1.000	Responsive Classroom Learning Curriculum which includes morning meetings, guided discovery, rules, logi-
108	0.13148	0.63486	0.79530	0.02101	1.000	cal consequences and academic choice. Two years ago we updated our math curriculum and materials to
108	0.13158	0.61919	0.79511	0.01599	1.000	Every Day Math. Teachers have been involved in two years of professional development activities focused
108	0.12970	0.60465	0.79887	0.01599	1.000	on lesson structure, math games and developing ways to incorporate technology into their teaching of math.
108	0.13158	0.59003	0.79699	0.01317	1.000	This year students and parents were given access to the online resources as well so that students and parents
108	0.13158	0.57413	0.62782	0.01317	1.000	have a place to explore math concepts and access games on line to practice math skills.
108	0.19173	0.55804	0.73684	0.01319	1.000	To strengthen our commitment to focusing on the whole child and the Social Emotional Learning
108	0.12970	0.54067	0.79887	0.01612	1.000	(SEL) needs of our children, teachers and staff have received professional development on Responsive class-
108	0.13158	0.52471	0.79699	0.01599	1.000	room and Emotional Intelligence. Mrs. Nancy Chapdelaine has led our educators through in-service lessons
108	0.12970	0.50868	0.79887	0.01612	1.000	dedicated to Understanding the Power of Our Words and Morning Meeting structures and strategies. After
108	0.12962	0.48890	0.79904	0.02154	1.000	attending the Yale Institutes RULER Training, Mrs. Dorsey; School Psychologist, Mrs. Favreau; 15 Grade
108	0.13158	0.47669	0.79511	0.01612	1.000	Teacher and Mrs. Blaisdell, Principal, led teachers through completing PD hours focused on Emotional Intel-
108	0.12970	0.46076	0.79887	0.01453	1.000	ligence using RULER. The PD activities have focused just on the staff understanding RULER and learning
108	0.13158	0.44618	0.79511	0.01314	1.000	how to utilize the tools to understand their own emotions and how they affect our work together with children.
108	0.13346	0.43023	0.79511	0.01308	1.000	This is the beginning of a three to four year commitment to making the Lunenburg Primary School one that
108	0.13158	0.41419	0.79699	0.01314	1.000	focuses on helping our community of students, staff and parents understand their emotions and how we bring
108	0.13346	0.39826	0.79511	0.01453	1.000	our best selves to the learning we do each and every day. Information on these two SEL's can be found at
108	0.12970	0.38070	0.44361	0.01464	0.500	https://www.responsiveclassroom.org/and http://ei.yale.edu/
108	0.19173	0.36628	0.73684	0.01319	1.000	The Primary School is a Title One school and we have continued our tiered instructional system to
108	0.13158	0.35020	0.79511	0.01317	1.000	insure that all students have the services they need to be successful. Common assessments are completed in
108	0.12970	0.33284	0.79887	0.01612	1.000	the fall, winter and spring for all children in grades K-3 in the areas of reading, writing, and math. These
108	0.13158	0.31969	0.79699	0.01316	1.000	common assessments serve to monitor the effectiveness of teacher instruction and drive individual student
108	0.12970	0.29936	0.79887	0.01612	1.000	instruction. Struggling students are identified quickly and additional resources and instruction are provided to
108	0.13158	0.28634	0.79699	0.01453	1.000	address the areas of concern identified. Tiered instructional services are provided in the area of Language,
108	0.13346	0.27034	0.79511	0.01314	1.000	Arts and Math. The tiered instructional model requires that the teachers not only meet the needs of the stu-
108	0.13158	0.25436	0.79699	0.01308	1.000	dents who may be struggling with learning but those students who are doing well and need to achieve higher
108	0.13158	0.23834	0.79699	0.01314	1.000	levels of learning. Learning is more personalized and students are being challenged to be confident independ-
108	0.13158	0.22238	0.24060	0.01308	1.000	ent learners and problem solvers.
108	0.13346	0.20635	0.77444	0.01314	1.000	Our staff works hard to maintain a school culture which is positive, inclusive, and supportive of each of our
108	0.12970	0.18452	0.78947	0.01761	1.000	members. We have high expectations, insist on respectful behavior, and recognize the importance of building
108	0.13158	0.16715	0.77068	0.01464	1.000	a community where members feel a sense of belonging and responsibility to contribute. Our students have
108	0.12970	0.14680	0.79135	0.01599	1.000	maintained a high level of community engagement and civic learning that is fostered through service learning
108	0.13158	0.12936	0.75940	0.01453	1.000	projects at each grade level. The Kindergarten students learn about our local food bank and gift mart and
108	0.12970	0.10901	0.48496	0.01599	1.000	sponsor school-wide can and gift drives through-out the year. Our
108	0.51504	0.07267	0.02820	0.01017	1.000	108
109	0.21241	0.91715	0.71429	0.01599	1.000	grade students have learned about our local veterans and organized Valentines to go to area Vet-
109	0.13346	0.90104	0.79323	0.01761	1.000	eran's Hospitals. Students in the First grade have committed their energy to support our local animal shel-
109	0.19173	0.86919	0.73496	0.01747	1.000	The Primary School Parent/Teacher Advisory Council meets each month to discuss school issues,
109	0.13158	0.85317	0.79511	0.01612	1.000	review the annual budget for the school and advise administration on the school's parent handbook and to
109	0.13346	0.83854	0.28383	0.01320	1.000	develop the School Improvement Plan.
109	0.13520	0.80546	0.51907	0.01818	1.000	Members of the Council for the 2016-2017 school year were as follows:
109	0.13331	0.77285	0.07360	0.01680	1.000	Principal:
109	0.13346	0.75719	0.13722	0.01463	1.000	Assistant Principal
109	0.13338	0.74393	0.07346	0.01360	1.000	Teachers:
109	0.13344	0.72813	0.06020	0.01177	1.000	Parents:
109	0.13346	0.70930	0.20489	0.01599	1.000	Community Representative:
109	0.13346	0.69320	0.17481	0.01464	1.000	School Committee Rep:
109	0.37782	0.77326	0.13722	0.01599	1.000	Elaine E. Blaisdell
109	0.37780	0.75863	0.09591	0.01471	1.000	Chad Adams
109	0.37594	0.74128	0.42105	0.01453	1.000	Ita Murphy, Vicky Barbier, Nancy Murray, Christa Palma
109	0.37782	0.72520	0.30075	0.01463	1.000	Kristen Burns, John Eberly, Jared Perrine
109	0.37594	0.71221	0.09962	0.01175	1.000	Julie Bertram
109	0.37782	0.69469	0.14098	0.01463	1.000	Dawn-Marie Ayles
109	0.18985	0.66134	0.73684	0.01599	1.000	The faculty and staff of the Primary School are extremely proud of the work we do with our children.
109	0.13346	0.64385	0.79323	0.01612	1.000	We are deeply committed to student learning, our own life-long learning and improving learning. Only
109	0.13346	0.63219	0.79323	0.01316	1.000	through working with parents as partners are we able to accomplish our goals. For more information about
109	0.13158	0.61334	0.79511	0.01612	1.000	the work that we do at the Lunenburg Primary School please visit our website: https://sites.google.com/a/
109	0.13158	0.59738	0.22556	0.01453	1.000	lunenburgschools.net/primary/
109	0.13158	0.56541	0.17669	0.01453	1.000	Respectfully submitted,
109	0.13346	0.53488	0.13722	0.01453	1.000	Elaine E. Blaisdell
109	0.13326	0.51693	0.06807	0.01702	1.000	Principal
109	0.51692	0.07413	0.02632	0.00872	1.000	109
110	0.44173	0.91860	0.17481	0.01890	1.000	Faculty/Staff Roster
110	0.18213	0.86533	0.10942	0.01642	1.000	Central Office
110	0.18045	0.85020	0.18985	0.01612	1.000	Elaine Blaisdell-Principal
110	0.18233	0.83284	0.20865	0.01612	1.000	Chad Adams-Asst. Principal
110	0.18233	0.81686	0.25376	0.01599	1.000	Denise Galloway-Admin Secretary
110	0.18045	0.80233	0.19361	0.01464	1.000	Lisa Lavery-School Nurse
110	0.18045	0.78488	0.23120	0.01599	1.000	Samantha Dorsey-Psychologist
110	0.18233	0.77034	0.18797	0.01463	1.000	Karen Tata - Office Clerk
110	0.18037	0.75260	0.08851	0.01515	1.000	Pre-School
110	0.17857	0.73686	0.17857	0.01612	1.000	Sherrie Flynn - Teacher
110	0.18045	0.72093	0.15226	0.01599	1.000	Jeanette Biery - Para
110	0.18045	0.70337	0.15977	0.01612	1.000	Ita Murphy - Teacher
110	0.56767	0.86628	0.18609	0.01744	1.000	Second Grade Teachers
110	0.56767	0.85169	0.14474	0.01761	1.000	2A-Vickie Barbier
110	0.56767	0.83430	0.14474	0.01744	1.000	2B-Jackie Favreau
110	0.56767	0.81686	0.12970	0.01895	1.000	2C-Sara Kenney
110	0.56767	0.80233	0.18985	0.01744	1.000	2D-Maria Courtemanche
110	0.56767	0.78488	0.17669	0.01894	1.000	2F-Nancy Chapdelaine
110	0.56767	0.75291	0.20865	0.01744	1.000	Physical Education/Health
110	0.56746	0.73631	0.08125	0.01865	1.000	Gen Nass
110	0.56741	0.71866	0.09638	0.02053	1.000	Art/Library
110	0.56767	0.70486	0.13534	0.01463	1.000	Lori MacDougall
110	0.18045	0.65698	0.14662	0.01465	1.000	Susie Barney - Para
110	0.18045	0.64236	0.14286	0.01316	1.000	Patti McColl - Para
110	0.18233	0.62645	0.14474	0.01318	1.000	Marie Martin - Para
110	0.18045	0.61047	0.06391	0.01163	1.000	Achieve
110	0.18233	0.59301	0.20301	0.01314	1.000	Christine DeFelice-Teacher
110	0.18043	0.57551	0.09402	0.01469	1.000	Shelly Muth
110	0.18233	0.54506	0.16541	0.01174	1.000	Laurene Broden - Para
110	0.18233	0.52902	0.12970	0.01168	1.000	Jen Leroux - Para
110	0.18233	0.51163	0.14850	0.01317	1.000	Laurie Xarras - Para
110	0.18162	0.49107	0.10268	0.01795	1.000	Kindergarten
110	0.18233	0.47669	0.20489	0.01612	1.000	K1-Kirsten Snape - Teacher
110	0.18045	0.46354	0.14286	0.01320	1.000	Pat Siciliano - Para
110	0.18233	0.44767	0.20865	0.01166	1.000	K2-Maribeth Ford - Teacher
110	0.18233	0.42878	0.15226	0.01453	1.000	Cinny Mobley - Para
110	0.18233	0.41567	0.20113	0.01166	1.000	K3-Sheila Bilotta - Teacher
110	0.18233	0.40104	0.13158	0.01042	1.000	Julie Drake - Para
110	0.18233	0.38070	0.23120	0.01464	1.000	K4 - Deb Zivojinovic - Teacher
110	0.18233	0.36483	0.15789	0.01464	1.000	Monique Mola - Para
110	0.18233	0.34884	0.21805	0.01453	1.000	K5 - Nancy Murray - Teacher
110	0.18233	0.33284	0.15038	0.01463	1.000	Amy Raffaele - Para
110	0.18233	0.30084	0.16165	0.01314	1.000	First Grade Teachers
110	0.18045	0.28488	0.20865	0.01308	1.000	1A - Michael Courtemanche
110	0.18233	0.26736	0.15789	0.01316	1.000	1B - Nicole Bienvenu
110	0.18233	0.25145	0.13910	0.01453	1.000	1C - Joanne Londa
110	0.18233	0.23537	0.14098	0.01463	1.000	1D - Christa Palma
110	0.18233	0.21801	0.13158	0.01463	1.000	1E - Justin Sparks
110	0.56767	0.65698	0.05639	0.01599	1.000	Music
110	0.56767	0.64236	0.11654	0.01463	1.000	Katie Swenson
110	0.56733	0.62444	0.09659	0.01493	1.000	Technology
110	0.56913	0.60803	0.14186	0.01759	1.000	Kristen Sauvageau
110	0.56767	0.57413	0.14286	0.01453	1.000	Special Education
110	0.56947	0.56068	0.08287	0.01236	1.000	Lisa Stone
110	0.56767	0.54360	0.13346	0.01319	1.000	Michelle Withers
110	0.56767	0.52604	0.12782	0.01466	1.000	Kristen Anthony
110	0.56767	0.50868	0.14474	0.01612	1.000	Reading Specialist
110	0.56758	0.49525	0.09229	0.01386	1.000	Karen Rash
110	0.56767	0.47674	0.14286	0.01599	1.000	Paraprofessionals
110	0.56767	0.46221	0.20113	0.01453	1.000	Sue Finnegan - Pre-School
110	0.56730	0.44386	0.17937	0.01922	1.000	Sue Ahearn - 2nd/grade
110	0.56767	0.43169	0.19925	0.01308	1.000	Beth Robinson - 1st Grade
110	0.56767	0.41270	0.25000	0.01612	1.000	Alicia McCallister - Kindergarten
110	0.56749	0.39612	0.08683	0.01589	1.000	Specialists
110	0.56767	0.38070	0.16917	0.01464	1.000	Mary Sieling - Speech
110	0.56767	0.36483	0.16729	0.01464	1.000	Cathy Zayka - Speech
110	0.56767	0.34884	0.23120	0.01453	1.000	Sue Richards - Phys. Therapist
110	0.56767	0.33135	0.16165	0.01612	1.000	Jayne Dusek - COTA
110	0.56767	0.31541	0.26692	0.01599	1.000	Maggie Porpora - Occup. Therapist
110	0.57331	0.30233	0.15038	0.01166	1.000	Kristi Schuta-BCBA
110	0.56760	0.26720	0.07720	0.01356	1.000	Cafeteria
110	0.56767	0.25000	0.27068	0.01599	1.000	Claudette Lachance - Cafeteria Mgr.
110	0.56757	0.23363	0.09983	0.01676	1.000	Sheryl Ewen
110	0.56759	0.21917	0.09790	0.01515	1.000	Joan Newell
110	0.56767	0.20058	0.12782	0.01599	1.000	Karolyn Braman
110	0.57326	0.18587	0.08655	0.01343	1.000	Custodians
110	0.56767	0.17151	0.11842	0.01308	1.000	Richard Krafve
110	0.56757	0.15512	0.09794	0.01534	1.000	Ken Corbett
110	0.56756	0.13621	0.09985	0.01683	1.000	Justin Sylvia
110	0.51504	0.07267	0.02820	0.01163	1.000	110
111	0.37406	0.93304	0.31579	0.01761	1.000	TURKEY HILL ELEMENTARY SCHOOL
111	0.12594	0.90253	0.81015	0.01761	1.000	With the completion of the new Middle High school, Turkey Hill has been reconfigured as an elementary
111	0.12406	0.88953	0.81015	0.01308	1.000	school for students in grades 3 -5. The staff includes a number of skilled veterans who have been reunited from
111	0.12594	0.87202	0.80827	0.01463	1.000	T.C. Passios days as well as many young and energetic new educators. We are focused on developing our own
111	0.12406	0.85756	0.81015	0.01308	1.000	distinctive perspective as to how we best prepare students for lifelong learning and responsible community
111	0.12406	0.84012	0.09774	0.01453	1.000	membership.
111	0.12594	0.82267	0.81015	0.01745	1.000	Our academic priority is to increase student learning and improve students' ability to think critically and
111	0.12406	0.80804	0.81015	0.01612	1.000	achieve at high levels. The school advisory council has grappled with how we might best reflect progress par-
111	0.12399	0.79086	0.76704	0.01994	1.000	ticularly focusing this year on math, using MCAS data. We agreed to reflect growth using three measures:
111	0.12406	0.77326	0.40602	0.01599	1.000	• Increase by 3 points annually the CPI score in Math
111	0.12406	0.75436	0.42481	0.01599	1.000	• Increase to 70% the % of Proficient or Higher in Math
111	0.12406	0.73537	0.53947	0.01910	1.000	• Attain a two year average of 50% SGP in Math by the end of 5' grade
111	0.64471	0.67430	0.08652	0.01331	1.000	2016 Math
111	0.64081	0.65780	0.09055	0.01580	1.000	MCAS %
111	0.21617	0.64244	0.06391	0.01308	1.000	Grade
111	0.31955	0.64244	0.04887	0.01308	1.000	2016
111	0.36842	0.64244	0.04135	0.01308	0.500	CPI
111	0.53566	0.64377	0.05274	0.01478	1.000	Grade
111	0.64095	0.64380	0.07712	0.01327	1.000	Proficient
111	0.21617	0.62645	0.04511	0.01744	1.000	Level
111	0.31765	0.62787	0.04703	0.01461	1.000	Score
111	0.53759	0.62791	0.04511	0.01453	1.000	Level
111	0.64092	0.62628	0.07531	0.01633	1.000	or Higher
111	0.21617	0.61192	0.04323	0.01308	1.000	Class
111	0.28571	0.61192	0.02256	0.01308	1.000	of
111	0.53759	0.61337	0.04511	0.01453	1.000	Class
111	0.60714	0.61337	0.02256	0.01308	1.000	of
111	0.21422	0.59568	0.09600	0.01649	1.000	2026 Grade
111	0.53759	0.59738	0.09398	0.01745	1.000	2026 Grade
111	0.31767	0.58140	0.02256	0.01163	0.500	XX
111	0.53571	0.58140	0.02632	0.01599	0.500	3
111	0.21614	0.56535	0.04329	0.01464	1.000	Class
111	0.28195	0.56541	0.02820	0.01453	1.000	of
111	0.53759	0.56686	0.04699	0.01599	1.000	Class
111	0.63910	0.58285	0.02820	0.01453	0.500	Xx
111	0.58835	0.56686	0.04135	0.01453	1.000	of
111	0.21425	0.54930	0.09593	0.01767	1.000	2025 Grade
111	0.31008	0.54773	0.10165	0.01937	1.000	3rd grade
111	0.53759	0.55084	0.09398	0.01747	1.000	2025 Grade
111	0.62960	0.54908	0.10169	0.01812	1.000	3rd grade
111	0.21617	0.53779	0.01128	0.01017	0.500	4
111	0.31767	0.53488	0.03759	0.01599	1.000	87.2
111	0.53571	0.53779	0.02256	0.01308	1.000	4
111	0.64098	0.53634	0.03947	0.01744	1.000	72%
111	0.21617	0.51890	0.04135	0.01453	1.000	Class
111	0.28195	0.51890	0.02820	0.01453	1.000	of
111	0.53759	0.51599	0.04511	0.01744	1.000	Class
111	0.60338	0.51599	0.02632	0.01453	1.000	of
111	0.21429	0.50291	0.09586	0.01744	1.000	2024 Grade
111	0.31203	0.50145	0.09962	0.01890	1.000	4th grade
111	0.53756	0.49989	0.09405	0.01766	1.000	2024 Grade
111	0.62966	0.49986	0.10346	0.01771	1.000	4th grade
111	0.21429	0.48692	0.01504	0.01599	1.000	5
111	0.21603	0.47362	0.04349	0.01641	1.000	Class
111	0.28195	0.47238	0.02820	0.01599	1.000	of
111	0.31767	0.48837	0.03759	0.01599	1.000	81.3
111	0.53759	0.48692	0.02820	0.01453	0.500	5
111	0.64098	0.48692	0.03947	0.01599	1.000	55%
111	0.53759	0.46657	0.04511	0.01599	1.000	Class
111	0.21429	0.45635	0.19737	0.01761	1.000	2023 Grade 5th grade
111	0.60338	0.46657	0.02820	0.01453	1.000	of
111	0.21617	0.44477	0.01128	0.01163	1.000	6
111	0.53754	0.45042	0.09409	0.01922	1.000	2023 Grade
111	0.63149	0.44882	0.10169	0.01951	1.000	5th grade
111	0.53759	0.43750	0.01504	0.01308	1.000	6
111	0.64098	0.43605	0.03947	0.01599	1.000	64%
111	0.20859	0.40687	0.05274	0.01620	1.000	Grade
111	0.31195	0.40828	0.03964	0.01338	1.000	2014
111	0.35336	0.40691	0.05645	0.01466	1.000	Math
111	0.20865	0.39244	0.04699	0.01453	1.000	Level
111	0.40789	0.40698	0.05263	0.01453	1.000	2015
111	0.46239	0.40693	0.05643	0.01463	1.000	Math
111	0.51877	0.40688	0.10532	0.01763	1.000	2016 Math
111	0.31203	0.39244	0.03759	0.01308	0.300	SGP
111	0.41729	0.39244	0.04323	0.01599	0.300	SGP
111	0.53195	0.39244	0.03759	0.01744	0.300	SGP
111	0.20861	0.37639	0.04330	0.01465	1.000	Class
111	0.27820	0.37645	0.02444	0.01453	1.000	of
111	0.20865	0.36037	0.12406	0.01463	1.000	2026 Grade xX
111	0.20865	0.34738	0.02256	0.01308	1.000	3
111	0.41729	0.34593	0.03571	0.01453	0.500	Xx
111	0.53008	0.34593	0.02444	0.01308	0.500	Xx
111	0.20844	0.32962	0.04552	0.01809	1.000	Class
111	0.27444	0.32994	0.02820	0.01453	1.000	of
111	0.20855	0.31507	0.09417	0.01666	1.000	2025 Grade
111	0.30451	0.31541	0.02820	0.01308	0.500	xx
111	0.20865	0.30087	0.02256	0.01308	1.000	4
111	0.20865	0.28343	0.05075	0.01890	1.000	Class
111	0.25564	0.28343	0.04699	0.01744	1.000	of
111	0.41729	0.30087	0.03571	0.01308	0.500	Xx
111	0.53008	0.30087	0.03571	0.01453	0.500	N/A
111	0.20672	0.26874	0.09596	0.01776	1.000	2024 Grade
111	0.30451	0.26890	0.02820	0.01308	0.500	XX
111	0.41729	0.25436	0.03571	0.01308	0.500	N/A
111	0.53008	0.25436	0.02256	0.01453	1.000	64
111	0.21047	0.23971	0.04710	0.01331	1.000	Class
111	0.25940	0.23692	0.04511	0.01890	1.000	of
111	0.20669	0.22479	0.13737	0.01409	1.000	2023 Grade N/A
111	0.20677	0.20930	0.01692	0.01599	0.500	6
111	0.41729	0.20785	0.02632	0.01599	1.000	33
111	0.53008	0.20785	0.02256	0.01599	1.000	67
111	0.51316	0.07122	0.03008	0.01308	1.000	111
112	0.12406	0.93169	0.79887	0.01599	1.000	For some staff, professional development has focused on the Everyday Math Program, as the most recent ver-
112	0.12594	0.91715	0.79699	0.01464	1.000	sion has radically altered the scope and sequence of curriculum to more accurately reflect the demands of the
112	0.12594	0.89971	0.79699	0.01599	1.000	Common Core. Other teachers have taken on extra responsibilities as part of the ELA, Math, and Science task
112	0.12594	0.88517	0.79699	0.01463	1.000	forces, in order to create comprehension curriculum maps for grades K-12. We have embraced and continue
112	0.12218	0.86773	0.80075	0.01744	1.000	to refine the Teacher Support Team protocol, which examines struggling students' academic/personal histo-
112	0.12594	0.85317	0.79699	0.01463	1.000	ries and focuses on the best interventions. Our aim is not only to support a teacher's current concerns, but also
112	0.12403	0.83659	0.79894	0.01675	1.000	to streamline access to important background information and most successful strategies for next year's teach-
112	0.12594	0.82118	0.79699	0.01463	1.000	ers. Staff is learning to access Edwin Analytics, the Dept. of Education's data warehouse, so they might ana-
112	0.12218	0.80378	0.80075	0.01599	1.000	lyze the individual MCAS scores of their current students and more precisely respond to areas of strength or
112	0.12406	0.78770	0.79887	0.01612	1.000	weakness. All students were assessed in October and will be again in May using the Developmental Reading
112	0.12594	0.77326	0.79699	0.01453	1.000	Assessment (DRA). It is a designed to help teachers systematically observe, record, and evaluate changes in
112	0.12594	0.75719	0.79511	0.01463	1.000	student reading performance and features tools to assess reading engagement, fluency, and comprehension.
112	0.12581	0.73813	0.79724	0.02326	1.000	We are fortunate to have the services of a full time reading specialist, who works with Title 1 students and
112	0.12594	0.72520	0.79699	0.01463	1.000	provides support and consultation for classroom teachers. Finally, we also have a wide variety of academical-
112	0.12218	0.70930	0.80075	0.01599	1.000	ly themed field trips planned, both out in the community and several "in-house" science and fine arts pro-
112	0.12594	0.69331	0.05075	0.01163	1.000	grams.
112	0.12594	0.67878	0.79699	0.01319	1.000	We acknowledge that social learning in a supportive community is as important to success as academic learn-
112	0.12218	0.65988	0.80263	0.01599	1.000	ing. To that end, grades 3 and 4 use the Second Step guidance curriculum, and grade 5 has developed a set of
112	0.12214	0.64388	0.80273	0.01815	1.000	lessons that emphasize executive functioning skills. With the full time services of our guidance counselor,
112	0.12594	0.62936	0.79699	0.01599	1.000	many students meet weekly in small groups to develop both social skills and strategies to cope with anxiety,
112	0.12401	0.61116	0.79896	0.01831	1.000	focus issues, and academic challenges. We facilitate the opportunity for outside counselors to meet with stu-
112	0.12406	0.59593	0.79887	0.01599	1.000	dents one to one. We host the Big Sibs, Little Sibs program on Wednesday afternoons for high school students
112	0.12406	0.58135	0.79887	0.01612	1.000	to make connections with younger students in a structured activity group. We offer a variety of after school
112	0.12594	0.56541	0.79699	0.01453	1.000	activities so students might continue to develop their social adeptness and sense of self confidence. We have
112	0.12406	0.54936	0.79887	0.01612	1.000	built time into our faculty meetings for teachers to send every single student a postcard once during the year,
112	0.12406	0.53198	0.79887	0.01599	1.000	celebrating their strengths, developing skills, or positive attributes. We hosted the TIGER program from
112	0.12406	0.51736	0.79887	0.01612	1.000	Plymouth State University that focuses on a positive message of inclusiveness and how to advocate for your-
112	0.12406	0.50000	0.80075	0.01599	1.000	self and others. We have developed a set of standard expectations for hallway behavior, playground behavior,
112	0.12406	0.48686	0.16541	0.01314	1.000	and cafeteria behavior.
112	0.12594	0.46948	0.79699	0.01465	1.000	We are engaged in this transition with a foundation of open communication and sound operational practices.
112	0.12406	0.45337	0.79887	0.01612	1.000	Our leadership team consists of reps from each grade level, special areas, and special services. We are focused
112	0.12594	0.43895	0.79699	0.01318	1.000	on developing the attributes of a highly effective team, as our ultimate goal is to model those attributes and
112	0.12594	0.42287	0.79887	0.01463	1.000	see them mirrored in every other "team" throughout the building. We place strong value on turn-taking, empa-
112	0.12406	0.40402	0.79887	0.01612	1.000	thy, embracing the difficult conversations, and psychological safety. The members are both conduits of com-
112	0.12594	0.39236	0.79699	0.01316	1.000	munication between administration and staff and decision makers about the direction of our school's culture
112	0.12594	0.37351	0.79699	0.01463	1.000	and priorities. Likewise, the School Advisory Council, composed of parents, community members, teachers
112	0.12594	0.35901	0.79699	0.01453	1.000	and a school committee representative, also provide input and influence the school's culture and priorities.
112	0.12589	0.33974	0.79709	0.01805	1.000	The principal's role as instructional leader is part of the equation as well. Providing effective feedback to
112	0.12218	0.32267	0.61466	0.01890	1.000	teachers around the teaching and learning is an essential element for student success.
112	0.12782	0.31101	0.79699	0.01314	1.000	Education is a community partnership. Ultimately, THES does not stand in isolation. It is the sustenance of
112	0.12594	0.29506	0.79699	0.01453	1.000	the larger community that enriches the learning opportunities for students and staff. The list of supporters is
112	0.12406	0.27902	0.79887	0.01314	1.000	long and likely incomplete: the PTO whose funds support a huge variety of endeavors, the Lunenburg Lions
112	0.12782	0.26163	0.79511	0.01453	1.000	Club who has been so instrumental in the creation of our beautiful playground, an anonymous donor who gift-
112	0.12594	0.24702	0.79699	0.01315	1.000	ed an entire Chromebook cart, BoxTop collectors and counters, Hannaford Helps supporters, Community
112	0.12782	0.23110	0.79511	0.01319	1.000	Reader day volunteers, parents (both those who support their children at home as well as those who donate
112	0.12406	0.21354	0.79887	0.01466	1.000	hours to school), the Rebecca's Lodge who donated dictionaries to third grade, the Lunenburg Cultural Coun-
112	0.12594	0.19913	0.79887	0.01453	1.000	cil whose grant makes it possible for our African Arts in Education program, our Veteran's Day and Memorial
112	0.12782	0.18304	0.79511	0.01319	1.000	Day guests and guest speakers. Their selfless efforts exemplify what we strive to imbue in our children: re-
112	0.12594	0.16715	0.25564	0.01316	1.000	sponsible community membership.
112	0.12594	0.13368	0.17481	0.01612	1.000	Respectfully Submitted,
112	0.12594	0.11773	0.20677	0.01453	1.000	Heidi Champagne, Principal
112	0.51504	0.07267	0.02820	0.01017	1.000	112
113	0.12970	0.89390	0.16541	0.01453	1.000	Administration/Office/Nurse
113	0.12967	0.87343	0.10533	0.01768	1.000	Heidi Champagne
113	0.12963	0.85586	0.07720	0.01357	1.000	Chad Adams
113	0.12964	0.83411	0.08847	0.01782	1.000	Laurie Cooney
113	0.12965	0.81523	0.10161	0.01925	1.000	Meghan Marrone
113	0.12935	0.77677	0.06272	0.01767	1.000	Guidance
113	0.12968	0.75866	0.08275	0.01467	1.000	Gail Okerman
113	0.24624	0.91270	0.33647	0.01761	1.000	Turkey Hill Elementary School Faculty/Staff Roster
113	0.47736	0.89515	0.04905	0.01348	1.000	Grade 3
113	0.40784	0.87480	0.08470	0.01494	1.000	Janet Marshall
113	0.40789	0.85610	0.11090	0.01453	1.000	Nicholette Dumont
113	0.40778	0.83398	0.07729	0.01664	1.000	Leslie Spuria
113	0.40962	0.81634	0.09430	0.01849	1.000	Danielle Celona
113	0.40789	0.79651	0.13158	0.01599	1.000	Susan Diamantopoulos
113	0.40970	0.77591	0.09413	0.01649	1.000	Amy Harrington
113	0.12765	0.69713	0.08305	0.01708	1.000	Special Areas
113	0.12958	0.67981	0.09047	0.01682	1.000	Deborah Smith
113	0.12772	0.65809	0.10547	0.01958	1.000	Steve Kyajohnian
113	0.12970	0.63808	0.08459	0.01891	1.000	Kelly Tierey
113	0.12970	0.62054	0.10150	0.01761	1.000	Victoria Whipple
113	0.12970	0.60020	0.20677	0.01761	1.000	Learning Center/Special Education
113	0.12965	0.58127	0.06966	0.01770	1.000	Lynn Wolf
113	0.12961	0.56085	0.06786	0.01930	1.000	Amy Jones
113	0.12779	0.54207	0.07525	0.01761	1.000	Lynn Major
113	0.12970	0.52326	0.09211	0.01744	1.000	Elena Oksanish
113	0.12779	0.50282	0.07525	0.01761	1.000	Laura Wyld
113	0.12967	0.48392	0.08465	0.01762	1.000	Kristi Schkuta
113	0.12965	0.46351	0.09408	0.01774	1.000	Sue Charpentier
113	0.12970	0.44320	0.09586	0.01910	1.000	Maggie Porpora
113	0.12970	0.42436	0.11654	0.01612	1.000	Cynthia Rosancrans
113	0.12968	0.40543	0.10719	0.01618	1.000	Paraprofessionals
113	0.12961	0.38632	0.09980	0.01806	1.000	Debra Hitchcock
113	0.12961	0.36739	0.09980	0.01667	1.000	Amanda Morrow
113	0.12970	0.34738	0.07519	0.01599	1.000	Kerry Roder
113	0.12777	0.32834	0.07905	0.01629	1.000	Judith Pierce
113	0.12966	0.30947	0.08654	0.01478	1.000	Darlene Caron
113	0.12970	0.28770	0.09962	0.01761	1.000	Kelly Waterman
113	0.12780	0.27026	0.12035	0.01763	1.000	Patricia Kilcommins
113	0.12970	0.25570	0.10714	0.01319	1.000	Kathleen Cordeiro
113	0.12964	0.24108	0.08282	0.01492	1.000	Terri Klingler
113	0.47744	0.73983	0.04887	0.01166	1.000	Grade 4
113	0.40971	0.71921	0.08848	0.01362	1.000	Erin Blanchette
113	0.40968	0.70036	0.06222	0.01643	1.000	Gina Cote
113	0.40789	0.68023	0.09586	0.01308	1.000	Heather Witham
113	0.40977	0.65988	0.10902	0.01745	1.000	Charlotte Letendre
113	0.40786	0.63941	0.09405	0.01478	1.000	Lynn Marabello
113	0.40789	0.60169	0.05451	0.01612	1.000	Grade 5
113	0.40789	0.58284	0.13534	0.01612	1.000	Melanie Courtemanche
113	0.40789	0.56101	0.08835	0.01748	1.000	Jeff Cournoyer
113	0.40787	0.54209	0.08087	0.01756	1.000	Lisa Bakaysa
113	0.40977	0.52326	0.09398	0.01599	1.000	Brian Chartrand
113	0.40778	0.50253	0.09422	0.01820	1.000	Sherri Borreson
113	0.40970	0.48232	0.09790	0.01937	1.000	Rhonda Connery
113	0.40977	0.44320	0.10902	0.01761	1.000	Achieve Programs
113	0.40769	0.42376	0.09064	0.01875	1.000	Brittany Pepoli
113	0.40778	0.40510	0.10737	0.01830	1.000	Bradley Stackpole
113	0.40771	0.38603	0.09247	0.01864	1.000	Matthew Buma
113	0.40784	0.36467	0.09409	0.01921	1.000	Megan Rodrick
113	0.41342	0.34840	0.09045	0.01540	1.000	Tatianna Eaton
113	0.41530	0.32818	0.07353	0.01660	1.000	Steve Pierce
113	0.41541	0.30952	0.06955	0.01315	1.000	Liz Johnson
113	0.41521	0.28705	0.09252	0.01747	1.000	Darlene Wagner
113	0.12948	0.19718	0.05871	0.01697	1.000	Cafeteria
113	0.12777	0.18003	0.09784	0.01494	1.000	Joslin Schneider
113	0.12959	0.15813	0.07917	0.01805	1.000	Sheryl Ewen
113	0.12970	0.13953	0.09586	0.01746	1.000	Donna Cameron
113	0.12782	0.12202	0.11278	0.01315	1.000	Jennifer Biddleman
113	0.41541	0.23837	0.06955	0.01453	1.000	Custodians
113	0.41541	0.21801	0.10902	0.01612	1.000	Tim deBettencourt
113	0.41337	0.19699	0.11687	0.01881	1.000	Howard Hargreaves
113	0.41353	0.17733	0.11654	0.01890	1.000	Jimmy Vaillancourt
113	0.41346	0.15828	0.05842	0.01774	1.000	Rob Roy
113	0.41541	0.14087	0.06767	0.01612	1.000	Ed Wilkins
113	0.26504	0.12202	0.08083	0.01315	1.000	Café Monitor
113	0.60336	0.42725	0.07147	0.01178	1.000	Teacher/113
113	0.60334	0.40684	0.07339	0.01336	1.000	Teacher/110
113	0.60338	0.38808	0.03008	0.01163	1.000	Para
113	0.60150	0.36773	0.03195	0.01308	1.000	Para
113	0.60714	0.34884	0.03195	0.01308	1.000	Para
113	0.60714	0.32849	0.03383	0.01599	1.000	Para
113	0.60902	0.30959	0.03195	0.01453	1.000	Para
113	0.60902	0.28924	0.03008	0.01453	1.000	Para
113	0.60688	0.21692	0.10392	0.01820	1.000	Senior Custodian
113	0.60898	0.19752	0.09784	0.01775	1.000	Custodian/Night
113	0.60902	0.18023	0.06391	0.01453	1.000	Custodian
113	0.61090	0.15988	0.07519	0.01599	1.000	Maintenance
113	0.60883	0.14030	0.07557	0.01447	1.000	Maintenance
113	0.51316	0.07122	0.03195	0.01453	1.000	113
114	0.39286	0.90988	0.29699	0.01453	1.000	% of STUDENTS SCORING IN THE
114	0.39286	0.88070	0.29135	0.01319	1.000	ADVANCED/PROFICIENT RANGE
114	0.21605	0.82093	0.06789	0.01657	1.000	GRADE
114	0.24248	0.78488	0.01316	0.01453	0.500	6
114	0.24248	0.76163	0.01504	0.01453	0.500	6
114	0.24248	0.73692	0.01504	0.01308	0.500	7
114	0.24436	0.71512	0.01316	0.01163	0.500	7
114	0.24248	0.69041	0.01504	0.01453	0.500	8
114	0.24248	0.66570	0.01316	0.01453	1.000	8
114	0.24248	0.61773	0.01504	0.01599	1.000	8
114	0.35520	0.82101	0.08660	0.01642	1.000	SUBJECT
114	0.37782	0.78488	0.04323	0.01599	1.000	ELA
114	0.36842	0.76163	0.06015	0.01744	1.000	MATH
114	0.37782	0.73692	0.04323	0.01744	1.000	ELA
114	0.36842	0.71366	0.06015	0.01599	1.000	MATH
114	0.37594	0.68895	0.04511	0.01744	1.000	ELA
114	0.36654	0.66570	0.06391	0.01599	1.000	MATH
114	0.33271	0.61919	0.13158	0.01308	1.000	SCITECH/ENG
114	0.51880	0.82267	0.04699	0.01453	0.500	LMS
114	0.52225	0.78445	0.04196	0.01831	1.000	74%
114	0.52068	0.76308	0.04323	0.01599	1.000	71%
114	0.51862	0.73524	0.04359	0.02080	1.000	82%
114	0.52068	0.71366	0.04323	0.01744	1.000	63%
114	0.51880	0.68750	0.04323	0.02035	1.000	84%
114	0.51880	0.66424	0.04323	0.01890	1.000	60%
114	0.52256	0.61773	0.04135	0.01744	1.000	56%
114	0.66165	0.82122	0.04135	0.01599	0.300	SGP
114	0.66729	0.75872	0.02820	0.02035	1.000	50
114	0.65977	0.71076	0.04511	0.02035	1.000	64.5
114	0.65977	0.68750	0.04323	0.02035	1.000	54.5
114	0.66729	0.66424	0.02820	0.01890	1.000	38
114	0.66541	0.61773	0.03571	0.01744	0.500	N/A
114	0.76113	0.83251	0.06608	0.01811	1.000	STATE
114	0.76692	0.80814	0.05639	0.01744	1.000	(2015)
114	0.77256	0.78634	0.04135	0.01599	1.000	71%
114	0.77068	0.76017	0.04323	0.01890	1.000	62%
114	0.77256	0.73692	0.04135	0.01744	1.000	70%
114	0.77068	0.71221	0.04511	0.01890	1.000	51%
114	0.77068	0.68750	0.04511	0.02035	1.000	80%
114	0.77068	0.66279	0.04511	0.02035	1.000	60%
114	0.77444	0.64099	0.04135	0.01744	1.000	41%
114	0.76875	0.61763	0.05462	0.01620	1.000	(2016)
114	0.41541	0.55084	0.22368	0.01612	1.000	Lunenburg Middle School
114	0.13534	0.51736	0.77820	0.01612	1.000	Lunenburg Middle School provides a rigorous academic curriculum as well as strong programs that support
114	0.13534	0.50145	0.75564	0.01599	1.000	students' social and emotional growth. These programs ensure that each child becomes a self-motivated,
114	0.13534	0.48537	0.77820	0.01612	1.000	creative, lifelong learner in a safe, stimulating environment that encourages diversity and open honest com-
114	0.13534	0.46948	0.77444	0.01599	1.000	munication. The dedicated and accomplished staff of professionals within the school embraces the philos-
114	0.13534	0.45203	0.76504	0.01746	1.000	ophy of educating the whole child academically, socially, and emotionally. This philosophy is a means by
114	0.13722	0.43750	0.74248	0.01744	1.000	which all students become positive community members that possess the skills to be successful in high
114	0.13534	0.42151	0.76880	0.01599	1.000	school. Lunenburg Middle School is in its first year as a co-located middle- high school serving grades six
114	0.13534	0.40551	0.77068	0.01612	1.000	through eight in a beautiful new facility. Middle school students have experienced some new opportunities
114	0.13534	0.39087	0.76692	0.01320	1.000	with the new middle school, such as foreign language for grades seven and eight and increased technology
114	0.13346	0.37500	0.77256	0.01314	1.000	instruction from a dedicated technology teacher. Grade six students have an increase in special area oppor-
114	0.13534	0.35756	0.77632	0.01599	1.000	tunities, such as health, art music and guidance. We will continue to seek out opportunities for students that
114	0.13534	0.34152	0.69549	0.01612	1.000	foster critical thinking and problem solving skills that prepare them for high school and beyond.
114	0.13534	0.30952	0.75000	0.01612	1.000	In reviewing the results of the 2016 Spring M.C.A.S. tests, our percentage of students scoring in the ad-
114	0.13722	0.29506	0.76128	0.01453	1.000	vanced and proficient range remains strong. The Department of Elementary and Secondary Education did
114	0.13534	0.27753	0.78195	0.01612	1.000	not provide 2016 state percentages of students scoring in the proficient and advanced range due to a number
114	0.13722	0.26308	0.78008	0.01453	1.000	of districts participating in the PARCC assessments. State percentages from 2015 have been provided mere-
114	0.13346	0.24554	0.75000	0.01761	1.000	ly as a reference. In five of the six content areas that have student growth measured, Lunenburg Middle
114	0.13722	0.23110	0.76880	0.01453	1.000	School students performed in the 50% or higher as a grade level median, indicating average to above aver-
114	0.13534	0.21354	0.75940	0.01761	1.000	age student growth. Although we are proud of our students' performance, we continue to analyze data in
114	0.13722	0.19913	0.75752	0.01453	1.000	our monthly results faculty meetings designed to improve our instruction for all students. Our faculty has
114	0.13346	0.18169	0.76504	0.01599	1.000	identified areas of improvement based upon the data and implemented strategies to improve their instruc-
114	0.13722	0.16715	0.34023	0.01464	1.000	tional practices that will help students succeed.
114	0.13722	0.14971	0.75000	0.01599	1.000	This is the first year in four years in which the eighth grade has returned to the traditional middle school
114	0.13534	0.13070	0.76880	0.01464	1.000	model from the high school. As the eighth grade transitions back to a true middle school model, we reflect
114	0.51504	0.07267	0.02820	0.01017	1.000	114
115	0.12406	0.93452	0.80451	0.01463	1.000	on strategies that have been successful with students they experienced in the high school setting, while continu-
115	0.12030	0.91715	0.81015	0.01744	1.000	ing to incorporate the foundations of a successful middle school. This integration of strategies continues to have
115	0.12406	0.90253	0.78383	0.01612	1.000	a positive impact on the students we serve and we will continue to refine and implement what is best for stu-
115	0.12406	0.86919	0.80827	0.01599	1.000	We continue to utilize intervention and power blocks during the school day to meet the needs of each individual
115	0.12406	0.85610	0.79511	0.01319	1.000	student. These blocks of instructional time that have been built into our master schedule allow teachers time to
115	0.12218	0.83721	0.77820	0.01599	1.000	work with students at their own individual skill level. The philosophy is to challenge students who are high
115	0.12218	0.82267	0.79887	0.01599	1.000	academic achievers as well as strengthen skills for students who have identified weaknesses. Teachers are able
115	0.12218	0.80669	0.79323	0.01453	1.000	to work with students in a small group to answer individual questions or provide more individualized support.
115	0.12218	0.78919	0.78571	0.01761	1.000	We design this support model to allow students to feel more confident, thus, perform better in the classroom.
115	0.12406	0.77604	0.67669	0.01466	1.000	We will continue to refine our intervention block times to best meet the needs of our students.
115	0.12218	0.75868	0.78008	0.01463	1.000	Lunenburg Middle School continues to offer enrichment blocks for all students. Enrichment classes provide
115	0.12218	0.74273	0.78571	0.01453	1.000	students a block of time in which they receive instruction in the areas of developmental health and guidance.
115	0.12218	0.72669	0.79699	0.01612	1.000	Students also receive instruction in physical education, art, and music classes that allows them to explore their
115	0.12406	0.71076	0.79323	0.01599	1.000	strengths and talents. Students also have the opportunity to sign up for and participate in band and chorus dur-
115	0.12030	0.69320	0.79323	0.01761	1.000	ing this block. This enrichment block is in addition to the traditional special area classes students receive, and
115	0.12218	0.67733	0.79699	0.01599	1.000	this block offers students additional physical movement throughout the day, additional opportunities for hands
115	0.12218	0.66270	0.67857	0.01463	1.000	on activities and more exposure to the arts, theatre and technology throughout the school day.
115	0.12218	0.64534	0.78759	0.01745	1.000	We make a positive impact on the students we serve by offering a variety of different programs developed to
115	0.12406	0.63070	0.79511	0.01464	1.000	promote social and emotional growth, self-awareness, and community service. We will continue to utilize De-
115	0.12406	0.61483	0.77444	0.01464	1.000	velopmental Design and Advisory programs to deliver our social emotional curriculum. Students meet with
115	0.12218	0.59884	0.79887	0.01599	1.000	teachers in small groups to teach social responsibility and problem solving, as well as developing empathy and
115	0.12406	0.58430	0.79135	0.01317	1.000	promoting positive self-esteem. Our seventh grade students are participating in themes such as embracing and
115	0.12218	0.56686	0.79511	0.01453	1.000	respecting diversity. All of the social emotional programs have been developed to allow students to showcase
115	0.12406	0.55084	0.79135	0.01463	1.000	their talents and abilities, grow and improve as individuals, and promote community outreach for the younger
115	0.12399	0.53609	0.08284	0.01358	1.000	generation.
115	0.12406	0.52034	0.79135	0.01314	1.000	This year, we have been able to offer foreign language back to our seventh and eighth grades for the first time
115	0.12218	0.50436	0.80075	0.01453	1.000	in several years. The addition of the foreign language instruction has been well received and the students enjoy
115	0.12218	0.48686	0.31203	0.01463	1.000	exploring different cultures and languages.
115	0.12406	0.47238	0.78571	0.01453	1.000	Lunenburg Middle School continues to provide educational services and support that ensures student success
115	0.12406	0.45486	0.80075	0.01463	1.000	and promotes lifelong learning and responsible community membership. The key components to our success is
115	0.12406	0.44041	0.79135	0.01308	1.000	our talented faculty committed to making a positive impact on students, our parents and community who sup-
115	0.12406	0.42436	0.79699	0.01169	1.000	port our teaching and learning, and most of all, our students who inspire us through their commitment to learn-
115	0.12406	0.40988	0.52632	0.01174	1.000	ing. Together we continue to make the difference in the lives of students.
115	0.12218	0.37500	0.17481	0.01463	1.000	Respectfully submitted,
115	0.12218	0.34301	0.08459	0.01463	1.000	Tim Santry
115	0.12018	0.32668	0.07166	0.01524	1.000	Principal
115	0.51692	0.07413	0.02444	0.01017	1.000	115
116	0.32895	0.90402	0.40038	0.02040	1.000	Lunenburg Middle School Faculty/Staff Roster
116	0.14474	0.86483	0.18045	0.01744	1.000	Administration/Office/Nurse
116	0.14646	0.84540	0.10558	0.01996	1.000	Timothy Santry
116	0.14466	0.82828	0.09601	0.02076	1.000	Rob McGrath
116	0.14657	0.81381	0.08655	0.01628	1.000	Annica Scott
116	0.14466	0.79198	0.08850	0.02360	1.000	Tina Cooney
116	0.14648	0.77581	0.07923	0.01960	1.000	Katie Berry
116	0.14656	0.75996	0.10162	0.01787	1.000	Katie McGuire
116	0.14652	0.72652	0.06974	0.01789	1.000	Guidance
116	0.14470	0.70919	0.08091	0.01767	1.000	Jeff Dionne
116	0.14654	0.69018	0.09414	0.01935	1.000	Cheryl Nelson
116	0.14275	0.65378	0.09421	0.02238	1.000	Special Areas
116	0.14646	0.63751	0.11497	0.02003	1.000	Geoffrey Sheldon
116	0.14658	0.62196	0.10346	0.01916	1.000	Nicole Therrien
116	0.14654	0.60441	0.09038	0.01792	1.000	Jennifer Rios
116	0.14656	0.58699	0.09598	0.01642	1.000	Robin Warren
116	0.14662	0.56969	0.08083	0.01761	1.000	Dana Belair
116	0.14662	0.53488	0.16729	0.01745	1.000	Learning Center/ Spec. Ed.
116	0.14652	0.51714	0.09417	0.01804	1.000	Ashley Parent
116	0.14659	0.49992	0.08652	0.01760	1.000	Maura Lizek
116	0.14658	0.48241	0.10722	0.01774	1.000	Melanie Mobley
116	0.14474	0.46652	0.11842	0.01612	1.000	Sharon McCullah
116	0.14649	0.42970	0.11680	0.01850	1.000	Achieve Programs
116	0.14459	0.41235	0.08676	0.01832	1.000	Jamie Lyons
116	0.14662	0.39680	0.09774	0.01599	1.000	Heather Small
116	0.14662	0.37936	0.11278	0.01746	1.000	Kaleem Fountain
116	0.14654	0.36021	0.11481	0.02085	1.000	Elizabeth Marple
116	0.14659	0.34438	0.08653	0.01763	1.000	Karen Smith
116	0.14647	0.32514	0.09053	0.01977	1.000	Nina Sobecky
116	0.14470	0.29200	0.11474	0.01775	1.000	Paraprofessionals
116	0.14652	0.27441	0.08667	0.01804	1.000	Judy Barone
116	0.14659	0.25720	0.08463	0.01757	1.000	Kathy Hyatt
116	0.14662	0.24128	0.13534	0.01599	1.000	Ann Marie Beaudoin
116	0.14662	0.22093	0.09774	0.02039	1.000	Sandra Sheehy
116	0.14649	0.20456	0.08859	0.01820	1.000	Tina Stateler
116	0.14659	0.18886	0.09028	0.01762	1.000	Maribeth Ulf
116	0.14658	0.17136	0.09782	0.01484	1.000	Dawn McGuirl
116	0.41729	0.84738	0.06579	0.01890	1.000	Principal
116	0.41729	0.83135	0.12782	0.01463	1.000	Asst. Principal 6-12
116	0.41729	0.81541	0.13346	0.01308	1.000	Dean of Students(.4)
116	0.41713	0.79432	0.13567	0.02036	1.000	Adm. Secretary 6-12
116	0.41541	0.77616	0.04511	0.02035	1.000	Clerk
116	0.41541	0.75872	0.04699	0.02035	1.000	Nurse
116	0.41723	0.70918	0.05840	0.01769	1.000	Grade 8
116	0.41729	0.69186	0.09023	0.01746	1.000	Grades 6 & 7
116	0.41729	0.63953	0.04699	0.01599	1.000	Music
116	0.41729	0.62209	0.07143	0.01744	1.000	PE/Health
116	0.41729	0.60465	0.02632	0.01599	1.000	PE
116	0.41729	0.58721	0.03759	0.01599	1.000	Art
116	0.41717	0.56800	0.07920	0.01953	1.000	Technology
116	0.41722	0.51871	0.06970	0.01782	1.000	SLP 6-12
116	0.41727	0.49993	0.09403	0.01758	1.000	Gr. 6 Teacher
116	0.41709	0.48190	0.09438	0.01877	1.000	Gr. 7 Teacher
116	0.41723	0.46491	0.09411	0.01786	1.000	Gr. 8 Teacher
116	0.41723	0.41267	0.05839	0.01768	1.000	Teacher
116	0.41727	0.39675	0.05832	0.01754	1.000	Teacher
116	0.41729	0.37936	0.04135	0.01744	1.000	Para
116	0.41541	0.36047	0.03947	0.01890	1.000	Para
116	0.41541	0.34157	0.03947	0.02180	1.000	Para
116	0.41729	0.32703	0.03759	0.01890	1.000	Para
116	0.41729	0.27604	0.05827	0.01612	1.000	Grade 6
116	0.41729	0.25868	0.05827	0.01612	1.000	Grade 6
116	0.41729	0.24128	0.09023	0.01453	1.000	Grade 6 1:1
116	0.41726	0.22373	0.07526	0.01475	1.000	Gr. 7 Para
116	0.41726	0.20631	0.07149	0.01470	1.000	Gr. 7 Para
116	0.41729	0.18895	0.07143	0.01453	1.000	Gr. 8 Para
116	0.41696	0.16911	0.07210	0.01788	1.000	Gr. 8 Para
116	0.71046	0.86469	0.06028	0.01771	1.000	Grade 6
116	0.63897	0.84834	0.10551	0.01698	1.000	Kristine Bassett
116	0.63908	0.83132	0.10530	0.01759	1.000	Melanie Pouliot
116	0.63905	0.81235	0.09032	0.01774	1.000	Emily Clarke
116	0.63904	0.79486	0.10163	0.01930	1.000	Beth Arsenault
116	0.63904	0.77885	0.10162	0.01642	1.000	Susan Reardon
116	0.71241	0.74273	0.05827	0.01744	1.000	Grade 7
116	0.63899	0.72639	0.09420	0.01815	1.000	Lisa Leblanc
116	0.63899	0.70745	0.10548	0.01824	1.000	Dawn Grebinar
116	0.63706	0.68975	0.13189	0.02021	1.000	Stephanie Madrigal
116	0.63722	0.65402	0.13534	0.02331	1.000	Timothy Sheasgreen
116	0.63910	0.63953	0.15226	0.01746	1.000	Krista Diamantopoulos
116	0.63898	0.62173	0.08671	0.01817	1.000	Annica Scott
116	0.70860	0.58710	0.06025	0.01621	1.000	Grade 8
116	0.63903	0.56955	0.09600	0.01789	1.000	Linda Collette
116	0.63907	0.55221	0.12036	0.01768	1.000	Meredith Cormier
116	0.63885	0.53413	0.08509	0.01895	1.000	Amy Raboin
116	0.63905	0.51725	0.10536	0.01637	1.000	Mary Whitaker
116	0.63905	0.50125	0.10912	0.01639	1.000	Martha Sullivan
116	0.63910	0.46503	0.08835	0.01761	1.000	Media Center
116	0.63910	0.44913	0.07519	0.01453	1.000	Pam Vallee
116	0.63707	0.41245	0.06796	0.01812	1.000	Cafeteria
116	0.63706	0.39478	0.11309	0.02003	1.000	Patty Pichnarcik
116	0.63717	0.37921	0.09595	0.01774	1.000	Sarah Rucker
116	0.63722	0.36186	0.09586	0.01761	1.000	Stella Carlson
116	0.63910	0.34448	0.13534	0.01599	1.000	Carol deBettencourt
116	0.51316	0.07122	0.03008	0.01308	1.000	116
116	0.87030	0.86483	0.04323	0.01744	1.000	Team
116	0.87030	0.84884	0.04511	0.01599	1.000	White
116	0.87030	0.83140	0.04511	0.01599	1.000	White
116	0.87594	0.81250	0.03383	0.01744	1.000	Red
116	0.87782	0.79651	0.03008	0.01599	1.000	Red
116	0.87594	0.77907	0.03195	0.01599	1.000	Red
116	0.87218	0.74419	0.04135	0.01599	1.000	Team
116	0.87030	0.72674	0.04511	0.01599	1.000	White
116	0.87030	0.70930	0.04511	0.01599	1.000	White
116	0.87030	0.69186	0.04511	0.01599	1.000	White
116	0.87782	0.65698	0.03195	0.01599	1.000	Red
116	0.87594	0.63953	0.03383	0.01744	1.000	Red
116	0.87594	0.62209	0.03195	0.01599	1.000	Red
116	0.86265	0.44740	0.05854	0.01799	1.000	Gr. 6-12
117	0.42481	0.93452	0.20489	0.01463	1.000	Lunenburg High School
117	0.13346	0.90253	0.76316	0.01612	1.000	Lunenburg High School has been a hub for academic and social activity in 2016-2017. We have made the
117	0.13346	0.88808	0.77444	0.01453	1.000	transition to the new Lunenburg Middle-High School. The transition process was far bigger than just mov-
117	0.13158	0.87054	0.78571	0.01612	1.000	ing from one building to another. With the middle and high school in the same building, there have been far
117	0.13534	0.85465	0.73872	0.01599	1.000	more opportunities than challenges. High school students have been positive influences on the middle
117	0.13158	0.83854	0.79135	0.01612	1.000	school students and the staffs of the middle and high schools now have the chance to engage in vertical team-
117	0.13346	0.82413	0.73496	0.01453	1.000	ing. All students in grades 10-12 have been issued a Chrome Book and there are wireless capabilities
117	0.13158	0.80669	0.77632	0.01599	1.000	throughout the building. Every classroom and instructional space has an interactive projector and voice lift
117	0.13346	0.79215	0.78383	0.01599	1.000	capabilities. Our students are fortunate to be in a building that can meet the needs of the 21 century learner.
117	0.13346	0.75868	0.77256	0.01612	1.000	This year, we have gone back to the traditional high school model. Grades 9-12 are part of the high school
117	0.13158	0.74273	0.77256	0.01599	1.000	and grades 6-8 are part of the middle school. Besides the bus ride into school, there is very limited contact
117	0.13158	0.72669	0.76880	0.01612	1.000	between high school and middle school students. We have two lunches comprised of high school students
117	0.13158	0.71076	0.78383	0.01599	1.000	and two lunches with only middle school students. Additionally, the building was designed to have separate
117	0.13158	0.69469	0.76880	0.01612	1.000	locker rooms for middle and high school students. Overall, there have been very few issues with keeping
117	0.13158	0.67878	0.78195	0.01599	1.000	the schools separate. As a matter of fact, we will likely look for more opportunities to bring the students to-
117	0.13158	0.66270	0.15038	0.01612	1.000	gether, in the future.
117	0.13346	0.63368	0.22180	0.01314	1.000	NEASC ACCREDITATION
117	0.13346	0.61628	0.74624	0.01453	1.000	Lunenburg High School completed a Special Progress Report for the Commission on Public Secondary
117	0.13346	0.59884	0.77820	0.01599	1.000	Schools of the New England Association of Schools and Colleges. In 2010, the Commission recommended
117	0.13158	0.58430	0.78571	0.01599	1.000	that the school receive continued accreditation in the Association. The Commission's decision was based up-
117	0.13158	0.56686	0.77068	0.01599	1.000	on review of an evaluation report prepared by a visiting committee in April 2010. The Two Year Progress
117	0.13346	0.55084	0.76128	0.01747	1.000	Report, submitted in January, 2013 received high marks from the Commission reviewing our submission.
117	0.13346	0.53488	0.78008	0.01599	1.000	The Mid-Cycle Progress Report was reviewed and accepted by the Commission. A Special Progress Report
117	0.13346	0.51885	0.77820	0.01612	1.000	was filed in September to certify that the building project had been completed. Lunenburg High School has
117	0.13534	0.50570	0.43797	0.01464	1.000	been taken off "Warning" status and given full accreditation.
117	0.13346	0.47384	0.34586	0.01308	1.000	SCHOOL/COMMUNITY PARTNERSHIPS
117	0.13346	0.45635	0.78383	0.01463	1.000	Throughout the year, Lunenburg High School students are involved in a multitude of fundraising and collec-
117	0.13534	0.44186	0.76316	0.01308	1.000	tion endeavors. In the fall, a canned goods drive was held and admission to the PowderPuff game was two
117	0.13158	0.42287	0.79135	0.01612	1.000	canned goods. Everything collected was donated to the Lunenburg Food Pantry. Around the holiday season,
117	0.13158	0.40698	0.40226	0.01599	1.000	advisories collected items for the Lunenburg Gift Mart.
117	0.13534	0.37645	0.78571	0.01453	1.000	There is a Senior English class running this year that has a community service learning component. Students
117	0.13534	0.36186	0.78008	0.01314	1.000	were tasked with researching and identifying needs in the community and then forming an action plan to ad-
117	0.13346	0.34593	0.74060	0.01171	1.000	dress the needs. For example, we have students working on: a pet shelter drive, creating trail maps for
117	0.13346	0.32986	0.75752	0.01463	1.000	Lunenburg conservation land, bringing a small breakfast program to LHS, and forming a group to inform
117	0.13158	0.31395	0.28759	0.01318	1.000	and educate about mental health issues.
117	0.13346	0.28051	0.74624	0.01612	1.000	Lunenburg High School received a generous donation in the amount of $500 from Mr. Mike's Mobil in
117	0.13346	0.26453	0.77820	0.01453	1.000	Lunenburg, MA. The grant is to be used toward STEM initiatives at the high school. We are in the process
117	0.13158	0.24851	0.35902	0.01463	1.000	of purchasing a new robot for our Robotics class.
117	0.13346	0.21652	0.77444	0.01463	1.000	Hannaford Helps Schools made a generous donation to Lunenburg High School of $500 from receipt sales.
117	0.13158	0.19913	0.47368	0.01599	1.000	This money will be used to benefit a variety of programs at LHS.
117	0.13158	0.16860	0.78571	0.01453	1.000	In March, the National Honor Society will be having its annual Blood Drive. Students sixteen and over (and
117	0.13346	0.15253	0.61090	0.01463	1.000	staff members) will be able to participate in the Blood Drive with parent permission.
117	0.13346	0.12054	0.59211	0.01612	1.000	LHS has held evening presentations for parents/guardians on the following topics:
117	0.51504	0.07122	0.02820	0.01308	1.000	117
118	0.12406	0.92584	0.28759	0.01463	1.000	• Planning for High School (grade 8)
118	0.12406	0.90698	0.30263	0.01599	1.000	• Early College Planning (grades 9-10)
118	0.12406	0.88808	0.37030	0.01744	1.000	• Post-Secondary Education Planning (grade 11)
118	0.12406	0.87054	0.31767	0.01464	1.000	• College Application Process (grade 12)
118	0.12406	0.85465	0.39474	0.01599	1.000	Financing your Education/Financial Aid (grades 8-12)
118	0.12406	0.82267	0.77820	0.01599	1.000	LHS hosted 40 college admissions counselors in the school counseling office to visit with LHS students. In
118	0.12406	0.80523	0.79135	0.01744	1.000	addition, we held two "Decision Day" programs with Fitchburg State University and Mount Wachusett Com-
118	0.12218	0.79067	0.12218	0.01463	1.000	munity College.
118	0.12406	0.76017	0.14286	0.01314	1.000	MCAS RESULTS
118	0.12594	0.74273	0.78759	0.01453	1.000	We are pleased to announce that Lunenburg High School is recognized by the Department of Elementary and
118	0.12406	0.72669	0.79511	0.01314	1.000	Secondary Education as a Level 2 school. As a Level 2 school, we continue to be among the highest pertorm-
118	0.12218	0.71221	0.79323	0.01308	1.000	ing schools in the Commonwealth, but shows that we are not meeting our gap narrowing goals. While we are
118	0.12218	0.69469	0.78759	0.01612	1.000	recognized as a high performing school, we understand that there is work to be done in showing growth with
118	0.12406	0.67878	0.19737	0.01453	1.000	our high needs population.
118	0.30639	0.64680	0.44549	0.01466	1.000	Lunenburg High School - 2016 MCAS Results (Grade 10)
118	0.20677	0.60901	0.10902	0.01599	1.000	Subject Test
118	0.23872	0.58866	0.04323	0.01453	1.000	ELA
118	0.23487	0.56522	0.04906	0.01492	1.000	Math
118	0.17669	0.54070	0.16729	0.01599	1.000	Science/Technology
118	0.43609	0.61047	0.17481	0.01453	1.000	Advanced/Proficient
118	0.50000	0.58866	0.04135	0.01308	1.000	99%
118	0.50000	0.56541	0.04323	0.01599	1.000	90%
118	0.50000	0.54215	0.04323	0.01599	1.000	92%
118	0.67857	0.60756	0.20865	0.01744	1.000	State Average (Adv/Pro)
118	0.76128	0.58866	0.04323	0.01599	1.000	91%
118	0.76128	0.56541	0.04323	0.01599	1.000	78%
118	0.76128	0.54215	0.04323	0.01744	1.000	73%
118	0.12406	0.50145	0.75752	0.01599	1.000	When you combine the percentage bands of the advanced and proficient range, LHS tenth grade students
118	0.12406	0.48537	0.77820	0.01612	1.000	scored 99% on the ELA test. In Mathematics, tenth grade students scored 90% advanced/proficient. In Sci-
118	0.12594	0.46948	0.79323	0.01599	1.000	ence/Technology/Engineering, tenth grade students scored 92% advanced/proficient. We are extremely proud
118	0.12594	0.45635	0.80075	0.01612	1.000	of our students and teachers for their continued improvement, and we will work to move all students to the lev-
118	0.12406	0.42436	0.80263	0.03059	1.000	elmicroficiency as measured by MAS and our goal of college and career readiness as they move through our
118	0.12406	0.38953	0.80827	0.01746	1.000	We were also very pleased to learn that 30 seniors at Lunenburg High School received the state's John and Abi-
118	0.12406	0.37351	0.77256	0.01748	1.000	gail Adams Scholarship this year. The scholarship is available to students whose MCAS performance puts
118	0.12406	0.35756	0.78383	0.01744	1.000	them at the top 25 percent of their district. To be eligible, students must either score Advanced on one exam
118	0.12406	0.34152	0.56955	0.01761	1.000	and Proficient on the other, or Advanced on both the English and Math exams.
118	0.12594	0.30952	0.59398	0.01612	1.000	HOMECOMING, ATHLETICS AND EXTRACURRICULAR ACTIVITIES
118	0.12594	0.29360	0.80639	0.01599	1.000	Homecoming was once again a great town-wide celebration, culminating with a beautiful parade complete with
118	0.12594	0.27902	0.80639	0.01463	1.000	floats representing all four high school classes. Due to weather concerns, Homecoming was moved one week
118	0.12594	0.26308	0.80639	0.01453	1.000	and we were able to play on our new turf field. For much of the fall season, our home games needed to be
118	0.12406	0.24554	0.80827	0.01612	1.000	played off-site (i.e. Doyle Field, Progin Park in Lancaster, and Marshall Park.) Many of our sports teams quali-
118	0.12406	0.22965	0.81015	0.01599	1.000	fied for tournament and district play. The LHS Mock Trial team has performed well this year, going 1-1 in lo-
118	0.12402	0.21322	0.81023	0.01826	1.000	cal trials. The Latin Club, marching band, jazz band and the math team represented LHS in numerous competi-
118	0.12397	0.19547	0.81033	0.02159	1.000	tions; the 51** annual Competitive Class Plays delighted the audience, and The Pops and Senior Showcase are
118	0.12406	0.18304	0.18233	0.01464	1.000	scheduled for the spring.
118	0.12594	0.15551	0.21617	0.01314	1.000	COMMUNITY BUILDING
118	0.12406	0.13663	0.80263	0.01890	1.000	National Honor Society successfully supported the "Giftmart" drive during the holidays, helping to provide joy
118	0.12218	0.12202	0.79887	0.01612	1.000	to needy children and families in conjunction with local agencies. The World Hunger Task Force will be rais-
118	0.12218	0.10610	0.75940	0.01599	1.000	ing money through Penny Wars this spring. The money will be donated toward the fight against hunger.
118	0.51494	0.07251	0.02839	0.01050	1.000	118
119	0.12594	0.92878	0.74436	0.01599	1.000	In December, we brought the SHINE Initiative, to LHS. Three members of the SHINE Initiative gave
119	0.12782	0.91270	0.78195	0.01612	1.000	presentations to students in all grade levels. The presentations were about 45 minutes long. The SHINE Ini-
119	0.12782	0.89680	0.75188	0.01599	1.000	tiative focuses on the mental health and wellness of children and young adults. They raise awareness of
119	0.12782	0.88070	0.78195	0.01464	1.000	mental illness and help to defuse and debunk some of the misconceptions and myths that have fueled stigma
119	0.12970	0.86483	0.47556	0.01464	1.000	for generations. In January, we hosted a community presentation.
119	0.12782	0.82267	0.77256	0.01463	1.000	We started an Advisory program two years ago. One goal of Advisory is to have students have at least one
119	0.12782	0.80669	0.76880	0.01453	1.000	adult who will get to know him/her over the course of four years. Students were randomly distributed into
119	0.12594	0.78919	0.78759	0.01612	1.000	small grade-level groups. They will stay with the same group of students, as well. Another goal of Adviso-
119	0.12782	0.77326	0.76692	0.01744	1.000	ry is to develop relationships with students of different backgrounds and social groups so that students can
119	0.12782	0.75868	0.76128	0.01463	1.000	get to know each other and develop an appreciation of the diversity that we do have in Lunenburg. Some
119	0.12782	0.74128	0.53195	0.01599	1.000	Advisories will be facilitating some community service learning projects.
119	0.12782	0.70203	0.12782	0.01163	1.000	CURRICULUM
119	0.12594	0.65843	0.78759	0.01744	1.000	The staff at Lunenburg High School focused their professional development activities in 2016-2017 working
119	0.12594	0.64236	0.78759	0.01761	1.000	on curriculum development, curriculum mapping, District-Determined Measures, vertical teaming, and tech-
119	0.12594	0.62500	0.06203	0.01744	1.000	nology.
119	0.13152	0.56089	0.07718	0.01775	1.000	Principal
119	0.13158	0.53198	0.15226	0.01599	1.000	Assistant Principal
119	0.13158	0.51744	0.05263	0.01744	1.000	Nurse
119	0.13158	0.48837	0.04511	0.01599	1.000	Math
119	0.13158	0.47384	0.11278	0.01599	1.000	Sarah Sabatini
119	0.13158	0.45930	0.13910	0.01599	1.000	Andrew Cantatore
119	0.12968	0.44322	0.11659	0.01907	1.000	Jennifer Miller
119	0.13137	0.42824	0.08124	0.01998	1.000	Eric Short
119	0.13158	0.41419	0.10150	0.01761	1.000	Robert Truax
119	0.12958	0.36889	0.06603	0.01658	1.000	Science
119	0.13158	0.35610	0.08835	0.01599	1.000	Robert Hill
119	0.12970	0.34003	0.14286	0.01910	1.000	Mitchell Friedman
119	0.13346	0.32558	0.13910	0.01453	1.000	Craig Pingsterhaus
119	0.13150	0.31077	0.10729	0.01799	1.000	Jennifer Biery
119	0.13152	0.29772	0.10162	0.01503	1.000	Dawn Gearin
119	0.13341	0.28465	0.11099	0.01356	1.000	Richard Cohen
119	0.12970	0.25291	0.10902	0.01308	1.000	Joanne Poirier
119	0.13346	0.20635	0.14098	0.01463	1.000	Foreign Language
119	0.13158	0.17878	0.11278	0.01453	1.000	Peggy Proctor
119	0.12970	0.14826	0.14286	0.03488	1.000	Tamara Youdhore
119	0.13156	0.13500	0.18426	0.01488	1.000	Jimena Punales-Santiago
119	0.13151	0.12172	0.11857	0.01527	1.000	Jessica Cormier
119	0.33079	0.56089	0.12414	0.01922	1.000	Brian Spadafino
119	0.33076	0.53167	0.12420	0.01806	1.000	Robert McGrath
119	0.33071	0.51694	0.10926	0.01699	1.000	Carolyn Finch
119	0.36654	0.47384	0.10338	0.01453	1.000	Dept. Liaison
119	0.36651	0.35454	0.10344	0.01622	1.000	Dept. Liaison
119	0.52256	0.56250	0.12030	0.01599	1.000	Administrative
119	0.52249	0.54631	0.07721	0.01639	1.000	Assistant
119	0.52253	0.53046	0.07900	0.01903	1.000	Secretary
119	0.52256	0.51744	0.04887	0.01744	1.000	Clerk
119	0.56015	0.48537	0.11654	0.01910	1.000	Language Arts
119	0.56015	0.47238	0.09586	0.01745	1.000	Mary Foyle
119	0.56015	0.46076	0.15226	0.01453	1.000	Erinanne Burroughs
119	0.56015	0.44469	0.13158	0.01612	1.000	Timothy Macuga
119	0.56001	0.42668	0.13938	0.02018	1.000	Michael Hannigan
119	0.56008	0.41402	0.10352	0.01934	1.000	Paul Harmon
119	0.56004	0.39786	0.11675	0.01969	1.000	Mary Whitaker
119	0.55827	0.36773	0.11278	0.02190	1.000	Social Studies
119	0.56195	0.35437	0.10542	0.01801	1.000	Anna Keegan
119	0.56015	0.34003	0.13910	0.01761	1.000	Warren Stevenson
119	0.56015	0.32558	0.15414	0.01744	1.000	Timothy Normandin
119	0.56015	0.31101	0.11090	0.01748	1.000	Hailee Martin
119	0.56015	0.29506	0.12970	0.01744	1.000	Timothy Macuga
119	0.69737	0.56101	0.09962	0.01748	1.000	Tina Cooney
119	0.69723	0.53154	0.08298	0.01686	1.000	Debra Aro
119	0.69925	0.51587	0.08835	0.01761	1.000	Katie Berry
119	0.76489	0.47184	0.10368	0.01853	1.000	Dept. Liaison
119	0.76310	0.35444	0.10350	0.01787	1.000	Dept. Liaison
119	0.36842	0.25291	0.12782	0.01308	1.000	Greenhouse Asst.
119	0.36842	0.17733	0.09962	0.01464	1.000	Dept. Liaison
119	0.56196	0.20758	0.09600	0.01507	1.000	Unified Arts
119	0.56198	0.17715	0.10912	0.01779	1.000	Alexis Pukaite
119	0.56001	0.16372	0.09802	0.01703	1.000	Steve Boone
119	0.56194	0.14786	0.12049	0.01823	1.000	Derek Guimond
119	0.56203	0.13517	0.12218	0.01463	1.000	Caryn Wardwell
119	0.56391	0.12054	0.10902	0.01319	1.000	Karyn Giuliani
119	0.76492	0.17682	0.09986	0.01555	1.000	Dept. Liaison
119	0.51128	0.07122	0.03195	0.01308	1.000	119
120	0.12579	0.93109	0.10368	0.01718	1.000	Lynn Radford
120	0.12393	0.88459	0.12620	0.01860	1.000	Special Services
120	0.12406	0.87202	0.11654	0.01612	1.000	Nicole Kromer
120	0.12406	0.83854	0.10902	0.01761	1.000	Joshua Koziol
120	0.12406	0.82558	0.11466	0.01308	1.000	Jessica Walker
120	0.12594	0.81101	0.12782	0.01463	1.000	Virginia Tedesco
120	0.12594	0.79506	0.11466	0.01308	1.000	Kimberly Jones
120	0.12591	0.77608	0.11096	0.02052	1.000	Ashley Parent
120	0.12402	0.76000	0.14294	0.02070	1.000	Meagan Ackerman
120	0.12406	0.74851	0.09962	0.01314	1.000	Jaime Millett
120	0.12584	0.73071	0.09606	0.01533	1.000	Mary Young
120	0.12592	0.71795	0.07335	0.01323	1.000	Lori Shea
120	0.12594	0.68314	0.13910	0.01744	1.000	Paraprofessionals
120	0.12401	0.66694	0.12792	0.01932	1.000	Ethan Cheesman
120	0.12400	0.65244	0.08846	0.01779	1.000	Jon Malloy
120	0.12594	0.63663	0.13722	0.01453	1.000	Kimberly Monsini
120	0.12594	0.62202	0.10526	0.01315	1.000	Donna Lavoie
120	0.12594	0.60756	0.15038	0.01308	1.000	Lisa Szocik- Maillet
120	0.12594	0.58854	0.14098	0.01612	1.000	Robin VanAmburg
120	0.12594	0.57413	0.14286	0.01599	1.000	Joseph Adamowicz
120	0.12594	0.56101	0.09774	0.01314	1.000	Alex Bankuti
120	0.12590	0.54345	0.09970	0.01484	1.000	Lyndsi Smith
120	0.12580	0.52848	0.09803	0.01572	1.000	Jessica Chait
120	0.12594	0.51163	0.10714	0.01599	1.000	Michael Barry
120	0.36086	0.87046	0.10159	0.01490	1.000	Dept. Liaison
120	0.36090	0.77616	0.13346	0.01744	1.000	Speech/Language
120	0.35714	0.74702	0.11466	0.01761	1.000	Social Worker
120	0.36090	0.73110	0.05451	0.01599	0.300	BCBA
120	0.36090	0.71503	0.15226	0.01761	1.000	School Psychologist
120	0.55451	0.88663	0.12218	0.01744	1.000	Peter McCauliff
120	0.55437	0.87008	0.11119	0.01857	1.000	Darlene Steele
120	0.55254	0.82376	0.11109	0.01818	1.000	Pamela Vallee
120	0.55636	0.79206	0.07526	0.01762	1.000	Guidance
120	0.55439	0.77562	0.14122	0.01999	1.000	Karma Tousignant
120	0.55439	0.76116	0.11490	0.01838	1.000	Susan Cavaioli
120	0.55246	0.74653	0.09433	0.01857	1.000	Jeff Dionne
120	0.55448	0.72950	0.13729	0.01920	1.000	Penney Borneman
120	0.55433	0.68263	0.08119	0.01846	1.000	Cafeteria
120	0.55447	0.66701	0.12038	0.01918	1.000	Patti Pichnarcik
120	0.55447	0.65245	0.11663	0.01922	1.000	Carol Hamilton
120	0.55451	0.63663	0.10714	0.01744	1.000	Stella Carlson
120	0.55444	0.62179	0.11669	0.01806	0.500	Eleni Tsiakalos
120	0.55442	0.60579	0.10356	0.01807	1.000	Sarah Rucker
120	0.55436	0.57505	0.09053	0.01706	1.000	Custodians
120	0.55451	0.55804	0.14474	0.01910	1.000	Geraldine Sampson
120	0.55442	0.54328	0.10544	0.01810	1.000	Marc St. Jean
120	0.55263	0.52902	0.14662	0.01895	1.000	James Vaillancourt
120	0.55445	0.51289	0.09410	0.01783	1.000	Ben Pellerin
120	0.55443	0.49542	0.09038	0.01934	1.000	Neil Benoit
120	0.55449	0.48249	0.10342	0.01613	1.000	Charles Swift
120	0.51692	0.07413	0.02632	0.00872	1.000	120
120	0.75752	0.88663	0.12970	0.01744	1.000	Athletic Director
120	0.75924	0.86849	0.13378	0.02029	1.000	Athletic Secretary
120	0.75752	0.82413	0.12782	0.01744	1.000	Media Specialist
120	0.75749	0.77606	0.10344	0.01765	1.000	Dept. Liaison
120	0.75752	0.72965	0.14474	0.01599	1.000	Guidance Secretary
120	0.75744	0.66689	0.10917	0.01942	1.000	Café Manager
120	0.75752	0.56101	0.12782	0.01463	1.000	Senior Custodian
121	0.18797	0.90402	0.68233	0.01463	1.000	MONTACHUSETT REGIONAL TECHNICAL VOCATIONAL SCHOOL
121	0.14474	0.87054	0.20865	0.01464	1.000	1050 WESTMINSTER
121	0.67105	0.86919	0.26128	0.01599	1.000	ROAD, FITCHBURG 01420
121	0.44634	0.81922	0.12422	0.04687	1.000	MONTY TECH
121	0.49060	0.80669	0.06015	0.01896	1.000	DoeS - 2075
121	0.40038	0.74554	0.24060	0.06406	1.000	50 YEARS
121	0.49625	0.74908	0.12877	0.02477	1.000	of Excellence in Education
121	0.40977	0.28051	0.23684	0.01612	1.000	2016 ANNUAL REPORT
121	0.51504	0.07122	0.02820	0.01163	1.000	121
122	0.18797	0.93452	0.62594	0.01612	1.000	MONTACHUSETT REGIONAL TECHNICAL VOCATIONAL SCHOOL
122	0.31015	0.90253	0.38158	0.01463	1.000	SUPERINTENDENT- DIRECTOR REPORT
122	0.12406	0.87202	0.71053	0.01463	1.000	2015-2016 was an exceptional year at Montachusett Regional Vocational Technical School District. We
122	0.12406	0.85756	0.75564	0.01308	1.000	celebrated "50 years of Excellence in Education," and through a thoughtful and reflective marketing campaign,
122	0.12406	0.84152	0.69925	0.01314	1.000	we were able to honor the school's history and highlight the successes of our proud alumni and notable
122	0.12406	0.82558	0.74248	0.01453	1.000	achievements of our current students. We launched a robust technology initiative, providing all teachers with
122	0.12218	0.81101	0.73308	0.01314	1.000	technology and training in preparation for a whole-school Chromebook rollout in FY17. Talented students,
122	0.12218	0.79651	0.75188	0.01308	1.000	faculty and staff earned countless awards and recognitions, making our district so very proud. And finally, the
122	0.12406	0.78051	0.70301	0.01612	1.000	school began efforts to bring our 21% career and technical education program to the school - Veterinary
122	0.12218	0.76453	0.70865	0.01453	1.000	Science. This work would not be possible without the contributions of the many talented educators and
122	0.12400	0.74927	0.74449	0.01702	1.000	administrators here at Monty Tech - a team I am honored to lead in my role as Superintendent-Director. I am
122	0.12406	0.73537	0.71241	0.01318	1.000	delighted to present the District's 2015-2016 annual report to you, providing a snapshot of the wonderful
122	0.12406	0.71948	0.75188	0.01465	1.000	experiences happening on a day-to-day basis here at Monty Tech, highlighting some of the year's most notable
122	0.12406	0.70486	0.17105	0.01316	1.000	achievements, including:
122	0.12218	0.68895	0.75752	0.01599	1.000	• Efforts to bring the school's 215* vocational-technical program are well underway. After a careful review
122	0.15226	0.67287	0.72556	0.01318	1.000	of workforce projections and student interest surveys, school administrators have begun the process to
122	0.15038	0.65551	0.72932	0.01746	1.000	bring a Chapter 74 Animal Science program to the district, which will be open to students Fall 2017. This
122	0.15038	0.64087	0.72932	0.01761	1.000	exciting STEM program will be housed in a state-of-the-art facility that boasts a classroom, science lab,
122	0.15226	0.62645	0.72744	0.01453	1.000	grooming salon, and full-service veterinary clinic. In an unprecedented fundraising campaign, school
122	0.15226	0.61186	0.72744	0.01612	1.000	administrators have raised an impressive $1,975,461 in donations and in-kind matching services to support
122	0.15038	0.59448	0.72932	0.01599	1.000	this project. With an overall cost of $2,250,000, construction of the Monty Tech Veterinary Science
122	0.15414	0.58135	0.72556	0.01314	1.000	Training Center and Community Clinic is in progress, providing tremendous hands-on learning
122	0.15038	0.56395	0.72932	0.01599	1.000	opportunities to students in our Carpentry, Plumbing, Electrical, Cabinetmaking, HVAC, Masonry, and
122	0.15226	0.55084	0.10902	0.01314	1.000	Welding trades.
122	0.13716	0.53406	0.74260	0.01774	1.000	A unique partnership with Workers' Credit Union has resulted in a full-service branch located on the
122	0.15226	0.51885	0.72556	0.01463	1.000	school's campus, and increased opportunities for students to develop authentic financial literacy skills
122	0.15226	0.50436	0.72744	0.01453	1.000	while still in high school. Students studying in the school's Business Technology program are being
122	0.15038	0.48834	0.72932	0.01612	1.000	trained as bank tellers, preparing them for entry-level jobs in banking institutions across North Central
122	0.15414	0.47384	0.67105	0.01453	1.000	Massachusetts, and financial literacy workshops are being integrated into the curriculum each year.
122	0.13722	0.45784	0.74436	0.01463	1.000	Senior students in the school's very popular Health Occupations program participated in the first year of
122	0.15226	0.44186	0.72744	0.01453	1.000	an exciting new partnership between Monty Tech and Mount Wachusett Community College. This
122	0.15038	0.42436	0.72744	0.01612	1.000	innovative high school-to-college collaboration, which embeds a comprehensive, college-level Emergency
122	0.15414	0.41134	0.72744	0.01453	1.000	Medical Technician (EMT) training program into the senior year of study has resulted in a number of
122	0.15226	0.39680	0.72556	0.01466	1.000	students earning EMT credentials, providing additional career pathways in the medical field for these
122	0.15226	0.38219	0.18797	0.01316	1.000	talented program graduates.
122	0.12218	0.36483	0.75752	0.01464	1.000	• Students at Montachusett Regional Vocational Technical School continued to demonstrate high academic
122	0.15226	0.35020	0.72744	0.01463	1.000	achievement. In the spring of 2016, Monty Tech's passing rate on the MCAS English Language Arts
122	0.15038	0.33284	0.37782	0.01745	1.000	exam was 100%, Mathematics 99%, and Biology 99%.
122	0.12030	0.31820	0.75376	0.01464	1.000	We are so proud of the educational programs offered here at Monty Tech, yet we continually strive to improve
122	0.12218	0.30233	0.74436	0.01599	1.000	upon them. Collaborating with area colleges and universities, we are ensuring our curriculum and instruction
122	0.12218	0.28770	0.74248	0.01612	1.000	are rigorous and relevant. Sharing best practices with vocational-technical colleagues from across the state -
122	0.12218	0.27180	0.73308	0.01599	1.000	and nation - we give and take some of the best ideas, with one thing in mind - what is best for our students.
122	0.12406	0.25868	0.52256	0.01314	1.000	And what is best, I believe, is preparing students for both college and career.
122	0.12406	0.22817	0.75376	0.01314	1.000	We hope you will find this report a comprehensive review of the quality education you have come to know and
122	0.12218	0.21076	0.73684	0.01599	1.000	expect from Montachusett Regional Vocational Technical School. You may notice that each of the eighteen
122	0.12030	0.19618	0.71617	0.01748	1.000	member cities and towns are reflected in this report, and that students performed services in almost every
122	0.12218	0.18023	0.75188	0.01599	1.000	community last year. Providing our students with an opportunity to give back to the communities that support
122	0.12406	0.16715	0.31203	0.01464	1.000	them - and support our school - is a pleasure.
122	0.71429	0.15104	0.16541	0.01466	1.000	Respectfully submitted,
122	0.66090	0.09896	0.26120	0.05274	1.000	Sile In Harity
122	0.53571	0.08854	0.34586	0.01612	1.000	Sheila M. Harrity, Ed.D., Superintendent-Director
122	0.51504	0.07122	0.02820	0.01308	1.000	122
123	0.47345	0.92800	0.11137	0.02191	1.000	Our Mission
123	0.12594	0.89680	0.80451	0.01890	1.000	Every student will graduate from Montachusett Regional Vocational Technical School with the skills,
123	0.12594	0.87936	0.71617	0.02044	1.000	knowledge, and abilities to be a productive and effective member of an ever-changing society.
123	0.47556	0.82837	0.10902	0.01910	1.000	Our District
123	0.12594	0.79651	0.80639	0.01896	1.000	Montachusett Regional Vocational Technical School is a four-year career and technical high school
123	0.12594	0.78051	0.22932	0.02037	1.000	serving the member towns of:
123	0.17853	0.74838	0.09970	0.01486	1.000	Ashburnham
123	0.17669	0.72965	0.05451	0.01890	1.000	Ashby
123	0.17669	0.71512	0.04887	0.01744	1.000	Athol
123	0.17669	0.69913	0.04887	0.01599	1.000	Barre
123	0.17466	0.67986	0.07924	0.01964	1.000	Fitchburg
123	0.17473	0.66550	0.06971	0.01784	1.000	Gardner
123	0.46975	0.74809	0.06802	0.01690	1.000	Harvard
123	0.47180	0.73110	0.06015	0.01744	1.000	Holden
123	0.47178	0.71504	0.10155	0.01759	1.000	Hubbardston
123	0.47176	0.69610	0.08843	0.01914	1.000	Lunenburg
123	0.47180	0.68023	0.08459	0.01890	1.000	Petersham
123	0.46981	0.66392	0.08857	0.01954	1.000	Phillipston
123	0.76497	0.74833	0.07909	0.01642	1.000	Princeton
123	0.76498	0.73234	0.07906	0.01207	1.000	Royalston
123	0.76692	0.71657	0.07143	0.01744	1.000	Sterling
123	0.76497	0.69743	0.08473	0.01503	1.000	Templeton
123	0.76504	0.68314	0.10150	0.01599	1.000	Westminster
123	0.76492	0.66665	0.09986	0.01553	1.000	Winchendon
123	0.47552	0.61179	0.10346	0.01916	1.000	Leadership
123	0.11466	0.59448	0.82519	0.01744	1.000	The leadership team at Montachusett Regional Vocational Technical School is comprised of ten talented
123	0.11466	0.57837	0.82519	0.01761	1.000	administrators whose varied educational backgrounds, professional experiences, and areas of expertise
123	0.11466	0.56101	0.82707	0.02038	1.000	contribute to the success of the school. Working collaboratively, and under the direction of the
123	0.11466	0.54651	0.82707	0.01748	1.000	Superintendent and Principal, the team has been able to transform the school into one of the most sought-
123	0.11466	0.53051	0.38346	0.01612	1.000	after high schools in North Central Massachusetts.
123	0.11466	0.49702	0.32707	0.01463	1.000	Sheila M. Harrity, Superintendent-Director
123	0.11654	0.47817	0.17481	0.01612	1.000	Tom Browne, Principal
123	0.11654	0.46076	0.27068	0.01599	1.000	Dayana Carlson, Assistant Principal
123	0.11654	0.44320	0.27632	0.01464	1.000	Tammy Crockett, Business Manager
123	0.11654	0.42584	0.30075	0.01463	1.000	Pamela Pothier, Director of Technology
123	0.55827	0.49702	0.38158	0.01612	1.000	Christina Favreau, Director of Academic Programs
123	0.55639	0.47965	0.34586	0.01744	1.000	Jim Hachey, Director of Vocational Programs
123	0.55639	0.46076	0.29699	0.01891	1.000	Michael Gormley, Director of Facilities
123	0.55639	0.44320	0.32143	0.01910	1.000	Katy Whitaker, Development Coordinator
123	0.55827	0.42584	0.36090	0.01892	1.000	Victoria Zarozinski, Director of Student Support
123	0.55631	0.40969	0.06783	0.01783	1.000	Services
123	0.47711	0.37170	0.10421	0.01832	1.000	Enrollment
123	0.12782	0.33721	0.80075	0.01745	1.000	On June 1,2016, student enrollment at Monty Tech included 1,415 students in grades nine through
123	0.12594	0.31969	0.80263	0.01761	1.000	twelve. Students are represented from every community in the district: Ashburnham (56), Ashby (32),
123	0.12782	0.30233	0.80075	0.01744	1.000	Athol (85), Barre (37), Fitchburg (362), Gardner (143), Harvard (4), Holden (60), Hubbardston (70),
123	0.12782	0.28634	0.80075	0.01748	1.000	Lunenburg (86), Petersham (3), Phillipston (19), Princeton (22), Royalston (18), Sterling (63), Templeton
123	0.12594	0.27034	0.80451	0.01745	1.000	(103), Westminster (77), and Winchendon (150). The remaining 25 students were from out-of-district
123	0.12594	0.25291	0.64850	0.01892	1.000	towns, including Ayer, Clinton, Dudley, Groton, Leominster, Orange, and Worcester.
123	0.12970	0.22238	0.79887	0.01453	1.000	Throughout 2015-2016, Monty Tech offered a variety of opportunities for students, parents, and
123	0.12782	0.20486	0.80075	0.01612	1.000	community members to learn about and visit the school. In October 2015, approximately 700 district
123	0.12782	0.18750	0.80263	0.01744	1.000	eighth graders participated in the annual "Tour Day" event. Students toured our twenty vocational-
123	0.12594	0.17151	0.80263	0.01599	1.000	technical areas and learned about the school's challenging academic offerings and exciting athletic and
123	0.12782	0.15551	0.80075	0.01463	1.000	extracurricular programs. Career Awareness Night offered interested students the opportunity to return in
123	0.12594	0.13808	0.74812	0.01744	1.000	the evening with their family members to further explore the facilities and talk with staff members.
123	0.12782	0.10465	0.77444	0.01599	1.000	Each year, the Dean of Admissions conducts school visits, student interviews, and accepts applications
123	0.12782	0.08854	0.77256	0.01612	1.000	for admissions. 2015-2016 proved to be an exceptionally busy year for her, as the school received 631
123	0.51504	0.07267	0.02820	0.01017	1.000	123
124	0.12594	0.92006	0.80263	0.01599	1.000	applications for admission. Of those, 575 were from students hoping to enter our incoming freshman class.
124	0.12782	0.90551	0.80075	0.01463	1.000	The balance of the applications came from students hoping to enter the school as upperclassmen. Because
124	0.12594	0.88808	0.80263	0.01599	1.000	there are only a limited number of students the school can accept each year, 338 freshmen and 3 upperclass-
124	0.12782	0.87500	0.14474	0.01314	1.000	men were admitted.
124	0.12782	0.84152	0.80075	0.01463	1.000	The Vocational Interest Program (V.I.P.) offers area seventh and eighth grade students the chance to visit
124	0.12594	0.82413	0.80263	0.01453	1.000	Monty Tech after school and participate in hands-on learning experiences across a variety of vocational/
124	0.12594	0.80952	0.80263	0.01463	1.000	technical areas. The program continued to attract a large number of students during the 2015-2016 school
124	0.12594	0.79067	0.34211	0.01746	1.000	year, serving approximately 600 area students.
124	0.44361	0.75868	0.16729	0.01612	1.000	Class of 2016 Awards
124	0.12594	0.74419	0.80263	0.01453	1.000	Members of the Class of 2016 were awarded approximately $58,000 in scholarships. The Monty Tech Foun-
124	0.12594	0.72669	0.80263	0.01761	1.000	dation generously provided $46,000 in scholarships to graduating seniors, ranging in amounts of $200 to
124	0.12594	0.71076	0.80263	0.01599	1.000	$2,000. The Foundation also awarded $4,000 to the Practical Nursing graduates. Once again, local and state
124	0.12782	0.69618	0.79887	0.01463	1.000	organizations, as well as generous individuals, continue to recognize the ability and potential of Monty Tech
124	0.12594	0.67878	0.80263	0.01599	1.000	graduates in the form of financial donations. The School Committee, administration, faculty and graduates
124	0.12406	0.66270	0.29323	0.01612	1.000	themselves are grateful for this support.
124	0.12782	0.63219	0.80075	0.01463	1.000	Articulation Agreements with local colleges also play an important role in helping reduce the cost of higher
124	0.12594	0.61483	0.80263	0.01464	1.000	education. Qualified Monty Tech students are eligible to receive college credits through a number of articu-
124	0.12406	0.59884	0.80451	0.01599	1.000	lation agreements with public and private colleges across the country. Approximately 61% of the graduating
124	0.12782	0.58284	0.80075	0.01463	1.000	class of 2016 reported plans to enroll at either a 2-year college, a 4-year college/university, or a technical/
124	0.12594	0.56541	0.80451	0.01744	1.000	trade school upon graduation. By earning college credits while still in high school, these students will benefit
124	0.12782	0.55084	0.57707	0.01463	1.000	by saving both time and money as they pursue advanced educational programs.
124	0.46241	0.51885	0.13158	0.01314	1.000	Financial Report
124	0.12594	0.50145	0.80263	0.01599	1.000	In an effort to develop a cost-effective budget for the fiscal year 2015-2016, a great deal of effort was put
124	0.12594	0.48537	0.80075	0.01612	1.000	forth by the School Committee, administration, and staff. The final fiscal year 2015-2016 Educational Plan
124	0.12406	0.46948	0.80451	0.01599	1.000	totaled $26,229,366, which represents a 2.3% increase over the 2014-2015 Educational Plan. The District's
124	0.12782	0.45486	0.80075	0.01463	1.000	FY16 budget only exceeds the minimum spending required by Massachusetts General Law Chapter 70 by
124	0.12594	0.43750	0.80075	0.01744	1.000	$25,000 or .1%. The District was audited in October 2016 as part of the yearly financial audit by the account-
124	0.12406	0.42006	0.70677	0.01744	1.000	ing firm of Melanson, Heath and Co. from Greenfield, MA and a very good report is anticipated.
124	0.44549	0.38808	0.16541	0.01599	1.000	Grants and Contracts
124	0.12782	0.37351	0.79887	0.01463	1.000	Monty Tech continues to pursue grant funding on an annual basis. These funds help provide many education-
124	0.12594	0.35610	0.80075	0.01744	1.000	al and social services to the student population. For fiscal year 2016, state and federal grant sources provided
124	0.12406	0.34003	0.80451	0.01612	1.000	the school with $918,426. Programs funded by these grants include: Essential Health Services, Social Inter-
124	0.12594	0.32413	0.80263	0.01599	1.000	vention and Mediation, Improving Teacher Quality, Special Education Services and Program Improvement,
124	0.12594	0.30804	0.80263	0.01612	1.000	Title I Support, Perkins Occupational Education, and Marine Corp Junior Reserve Officer Training. The Dis-
124	0.12594	0.29215	0.80263	0.01599	1.000	trict also received a competitive grant for $136,412 to purchase equipment for the anticipated new Veterinary
124	0.12594	0.27471	0.80451	0.01745	1.000	Science Program. Using these allocation and competitive funds, the school was able to purchase a variety of
124	0.12406	0.26017	0.80451	0.01599	1.000	instructional technology, equipment, and supplies to enhance the learning experience across both academic
124	0.12782	0.24554	0.18609	0.01319	1.000	and vocational programs.
124	0.43609	0.21221	0.18045	0.01453	1.000	Academic Achievement
124	0.12594	0.19469	0.80075	0.01612	1.000	In 2015-2016, students at Montachusett Regional Vocational Technical School continued to demonstrate high
124	0.12782	0.17584	0.79323	0.01612	1.000	academic achievement, earning commendable MCAS scores in English Language Arts, Mathematics and Bi-
124	0.12594	0.15551	0.78008	0.01746	1.000	ology. For spring 2016, Monty Tech's passing rate on the English Language Arts was 100%, Mathematics
124	0.12594	0.13808	0.14662	0.01453	1.000	99%, Biology 99%.
124	0.51504	0.07122	0.02820	0.01308	1.000	124
125	0.14474	0.92436	0.15226	0.01896	1.000	English Language
125	0.20113	0.90843	0.04135	0.01744	1.000	Arts
125	0.13720	0.87927	0.10719	0.01616	1.000	Students Tested
125	0.32143	0.91715	0.04511	0.01744	1.000	2014
125	0.39074	0.91820	0.04558	0.01680	1.000	2015
125	0.46046	0.91849	0.04525	0.01622	1.000	2016
125	0.58817	0.91502	0.11124	0.01879	1.000	Mathematics
125	0.75564	0.91715	0.16353	0.01744	1.000	2014 | 2015 | 2016
125	0.32519	0.87936	0.03571	0.01599	1.000	364
125	0.39662	0.87936	0.03008	0.01453	1.000	374
125	0.46429	0.87936	0.03383	0.01599	1.000	349
125	0.54883	0.87920	0.10535	0.01776	1.000	Students Tested
125	0.75752	0.87936	0.03759	0.01599	1.000	366
125	0.81579	0.87936	0.03571	0.01599	1.000	375
125	0.87406	0.87936	0.03759	0.01599	1.000	348
125	0.13716	0.84436	0.05462	0.01621	1.000	Passing
125	0.32143	0.84593	0.04511	0.01599	1.000	100%
125	0.39098	0.84593	0.04511	0.01599	1.000	100%
125	0.45650	0.84542	0.04942	0.01701	1.000	100%
125	0.54699	0.84302	0.05639	0.01890	1.000	Passing
125	0.75752	0.84448	0.03759	0.01744	1.000	98%
125	0.81203	0.84448	0.04323	0.01744	1.000	98%
125	0.87215	0.84443	0.04330	0.01754	1.000	99%
125	0.13910	0.81250	0.13910	0.01599	1.000	Advanced/ Proficient
125	0.32519	0.81250	0.03759	0.01599	1.000	95%
125	0.39474	0.81105	0.03759	0.01744	1.000	96%
125	0.45865	0.81250	0.04323	0.01599	1.000	97%
125	0.54887	0.81105	0.13722	0.01599	1.000	Advanced/Proficient
125	0.75940	0.80959	0.03571	0.01744	1.000	84%
125	0.81203	0.80959	0.04323	0.01890	1.000	87%
125	0.87218	0.81105	0.04323	0.01599	1.000	82%
125	0.13722	0.77604	0.13534	0.01761	1.000	Needs Improvement
125	0.32519	0.77616	0.03383	0.01744	1.000	5%
125	0.39850	0.77616	0.03008	0.01744	1.000	4%
125	0.46805	0.77616	0.03008	0.01744	1.000	3%
125	0.54887	0.77604	0.13534	0.01761	1.000	Needs Improvement
125	0.75940	0.77616	0.03571	0.01744	1.000	14%
125	0.81579	0.77616	0.03947	0.01744	1.000	11%
125	0.87406	0.77616	0.04135	0.01599	1.000	17%
125	0.13713	0.74110	0.05281	0.01634	1.000	Failing
125	0.32895	0.74273	0.03008	0.01744	1.000	0%
125	0.40038	0.74273	0.02820	0.01599	1.000	0%
125	0.46992	0.74128	0.02820	0.01744	1.000	0%
125	0.54699	0.73983	0.05263	0.01744	1.000	Failing
125	0.76128	0.74128	0.03008	0.01890	1.000	2%
125	0.81955	0.74128	0.03195	0.01744	1.000	2%
125	0.87970	0.74128	0.03008	0.01890	1.000	1%
125	0.37771	0.68437	0.06789	0.02079	1.000	Biology
125	0.33642	0.65388	0.10536	0.01636	1.000	Students Tested
125	0.50748	0.68744	0.04519	0.01756	1.000	2014
125	0.57519	0.68605	0.05263	0.01890	1.000	2015
125	0.64454	0.68716	0.05114	0.01813	1.000	2016
125	0.50940	0.65407	0.03571	0.01599	1.000	351
125	0.58459	0.65407	0.03195	0.01599	1.000	347
125	0.65226	0.65407	0.03571	0.01599	1.000	345
125	0.33459	0.62064	0.05263	0.01308	1.000	Passing
125	0.51128	0.62064	0.03571	0.01599	1.000	99%
125	0.58271	0.62064	0.03759	0.01744	1.000	98%
125	0.65414	0.62064	0.03759	0.01599	1.000	99%
125	0.33647	0.58721	0.14098	0.01745	1.000	Advanced/ Proficient
125	0.51128	0.58866	0.03571	0.01453	1.000	74%
125	0.33647	0.55378	0.13534	0.01599	1.000	Needs Improvement
125	0.50740	0.55360	0.03972	0.01635	1.000	25%
125	0.58083	0.58576	0.03947	0.01890	1.000	77%
125	0.58271	0.55378	0.03759	0.01744	1.000	21%
125	0.65226	0.58721	0.03947	0.01744	1.000	78%
125	0.65038	0.55233	0.04135	0.01744	1.000	21%
125	0.33644	0.51886	0.04891	0.01607	1.000	Failing
125	0.51504	0.52035	0.03008	0.01599	1.000	1%
125	0.58459	0.51744	0.03195	0.01890	1.000	2%
125	0.65789	0.52035	0.03008	0.01599	1.000	1%
125	0.13722	0.46076	0.77820	0.01744	1.000	The District continues to make progress toward narrowing proficiency gaps. Students in all subgroups have
125	0.13534	0.44469	0.66541	0.01761	1.000	met their progress and performance targets, securing the school's Level 1 Status distinction.
125	0.13722	0.41134	0.35714	0.01599	1.000	Vocational Projects in the District Communities
125	0.13722	0.39826	0.75752	0.01320	1.000	Unlike students in traditional, comprehensive high schools, students at Monty Tech are asked to put their
125	0.13534	0.38219	0.78008	0.01612	1.000	education into practice on a daily basis. Students across the twenty different vocational-technical education
125	0.13534	0.36628	0.77444	0.01744	1.000	programs are building homes, reconstructing damaged properties, repairing service vehicles, making walk-
125	0.13534	0.35020	0.75752	0.01612	1.000	ways more accessible, and performing countless community services. The 2015-2016 school year was a
125	0.13722	0.33135	0.75940	0.01894	1.000	busy one for our vocational educators, as each trade aimed to provide practical, hands-on learning experi-
125	0.13910	0.31820	0.66165	0.01910	1.000	ences for our students, while helping to improve each of the eighteen member communities.
125	0.13722	0.28343	0.76128	0.01599	1.000	Auto Body Collision Repair Technology: The Monty Tech Auto Body program is led by a strong instruc-
125	0.13534	0.26453	0.74248	0.01599	1.000	tional team, always eager to enhance the program to benefit the students. This year instructor Michael
125	0.13722	0.24851	0.77256	0.01314	1.000	Forhan revised the freshman curriculum to expand the detailing component, which has been met with great
125	0.13722	0.22965	0.74812	0.01464	1.000	enthusiasm from students and clients alike. Freshmen and sophomores continue to earn industry recog-
125	0.13534	0.20784	0.77444	0.01612	1.000	nized credentials, including the I-CAR Pro level one certification in refinishing and non-structural damage.
125	0.13910	0.19041	0.76128	0.01453	1.000	This certification not only makes our program graduates more employable, it enables students to maintain
125	0.13534	0.17006	0.77820	0.01599	1.000	the I-CAR gold class certification. Throughout the year, students detailed, repaired, and repainted vehicles,
125	0.13722	0.15253	0.75940	0.01463	1.000	fulfilling more than seventy requests that included: an SUV police vehicle car for the Town of Winchen-
125	0.13534	0.13219	0.78008	0.01612	1.000	don, a wooden statue of Johnny Appleseed, and the antique playground fire truck for the Westminster Lions
125	0.13722	0.11483	0.04323	0.01308	1.000	Club.
125	0.51504	0.07122	0.02820	0.01308	1.000	125
126	0.12594	0.92584	0.76128	0.01463	1.000	All freshmen achieved 10-Hour CareerSafe online certification for General Safety, two juniors earned co-
126	0.12218	0.90843	0.78571	0.01744	1.000	operative education placements, demonstrating their technical skills in the workplace, and all senior students
126	0.12218	0.89236	0.74812	0.01612	1.000	received an Environmental Protection Agency certificate. (Total enrollment: 62; 35 males, 27 females)
126	0.12218	0.86037	0.79887	0.01463	1.000	Automotive Technology: As in past years, the Automotive Technology program continues to service a variety
126	0.12218	0.84301	0.80639	0.01612	1.000	of vehicles for faculty, staff, municipalities, and district residents. 2015-2016 proved to be a very busy year for
126	0.12218	0.82837	0.80639	0.01465	1.000	the program, as more than four hundred vehicles were serviced by talented students and instructors. In addition
126	0.12030	0.81101	0.81391	0.01612	1.000	to maintaining the school's fleet of vehicles throughout the year, students were asked to repair a Salvation Army
126	0.12218	0.79651	0.78008	0.01599	1.000	disaster relief vehicle, and it was a pleasure to give back to this deserving organization. Students performed
126	0.12218	0.77902	0.81203	0.01612	1.000	very well in the SkillsUSA state competitions, placing third, fourth, and fifth, with hopes to improve in the com-
126	0.12030	0.76308	0.80827	0.01744	1.000	ing year. A total of five students participated in the Co-Op Program, applying their technical skills in real work
126	0.12218	0.74702	0.80827	0.01612	1.000	settings. Finally, instructors are proud to announce three talented program graduates are working in shops in the
126	0.12218	0.73110	0.76128	0.01599	1.000	area, demonstrating the skills they acquired at Monty Tech. (Total enrollment: 62; 50 males, 12 females)
126	0.12218	0.70058	0.80263	0.01599	1.000	Business Technology: Students in Monty Tech's Business technology program are seeing tremendous benefits
126	0.12030	0.68452	0.80075	0.01612	1.000	to the new partnership with Workers' Credit Union. The opportunity to participate in teller training and finan-
126	0.12218	0.66860	0.81015	0.01599	1.000	cial literacy workshops has been met with great enthusiasm from our students, and the instructors continue to be
126	0.12218	0.65104	0.78383	0.01612	1.000	grateful for this developing partnership. Four students were offered co-op placements with WCU during the
126	0.12218	0.63663	0.79887	0.01453	1.000	2015-2016 school year as bank tellers, and the two Seniors were offered employment upon graduation. Monty
126	0.12218	0.62054	0.78947	0.01464	1.000	Tech Business Technology instructors, in collaboration with their post-secondary colleagues, have developed
126	0.12218	0.60465	0.81391	0.01464	1.000	two articulation agreements, with Mount Wachusett Community College and New England Institute of Technol-
126	0.12218	0.58721	0.75752	0.01599	1.000	ogy, which will provide qualified students with college credits at no cost to the student. Opportunities to
126	0.12406	0.57413	0.80263	0.01317	1.000	demonstrate customer service, cash handling, and accounting skills are ever-present as the Business technology
126	0.12406	0.55804	0.80639	0.01319	1.000	students successfully operate an in-house retail location and greenhouse. The program's instructional technolo-
126	0.12218	0.54067	0.77632	0.01612	1.000	gy was updated to allow students to test on the most up-to-date version of Microsoft for their certifications.
126	0.12218	0.52326	0.32519	0.01599	1.000	(Total enrollment: 72; 16 males, 56 females)
126	0.12218	0.49273	0.79511	0.01453	1.000	Cabinetmaking: Throughout 2015-2016, instructors and students completed a number of high profile projects
126	0.12406	0.47817	0.79699	0.01463	1.000	that demonstrate the true talents and craftsmanship developed in this very popular program. Some of the more
126	0.12218	0.46076	0.80263	0.01453	1.000	notable projects completed by students include: building the base for the Johnny Appleseed statue and deliver-
126	0.12030	0.44469	0.77632	0.01612	1.000	ing it to the terminal at Logan Airport for display; building and installing kitchen cabinetry for the Gardner
126	0.12218	0.42878	0.78571	0.01453	1.000	Council on Aging; building kitchens and vanities for the school's house-building projects; building a storage
126	0.12218	0.41270	0.78195	0.01612	1.000	cabinet for SkillsUSA; designing, building and installing a kitchenette for the Main Office; constructing cell
126	0.12406	0.39826	0.81015	0.01320	1.000	phone cases for shops, as well as an office table, a display case and a brochure holder for the School of Continu-
126	0.12030	0.38070	0.76880	0.01612	1.000	ing Education. Students and instructors also completed more than sixty additional projects throughout the
126	0.12406	0.36628	0.79323	0.01319	1.000	school and surrounding communities. In an effort to increase access to our primary software program, Alpha-
126	0.12406	0.35020	0.79135	0.01463	1.000	cam, the school added more licenses to our program, which has proven to be a tremendous benefit. A total of
126	0.12218	0.33284	0.78571	0.01745	1.000	eleven students (three juniors and eight seniors) were placed in co-operative educational settings, where they
126	0.12030	0.31686	0.79887	0.01599	1.000	could build upon the strong technical foundation they have attained at Monty Tech. (Total enrollment: 73; 50
126	0.12218	0.29936	0.13910	0.01612	1.000	males, 23 females)
126	0.12406	0.27034	0.81203	0.01463	1.000	Cosmetology: Monty Tech is pleased to introduce Emily Bedard, a talented new instructor in the school's popu-
126	0.12218	0.25436	0.78947	0.01453	1.000	lar Cosmetology program, who brings tremendous industry experience and expertise in the trade. 2015-2016
126	0.12218	0.23686	0.80263	0.01463	1.000	also brought added instructional initiatives, including the addition of the Hairmax computer system, which was
126	0.12406	0.22238	0.80827	0.01453	1.000	updated and installed in all related classrooms so that students are now able to work and learn using this system.
126	0.12594	0.20635	0.78759	0.01463	1.000	With a significant increase in the number of clients served this year, the program also generated an additional
126	0.12406	0.19041	0.79887	0.01453	1.000	$1,000, which will be used to fund the much-needed consumable products. In an effort to support the school's
126	0.12214	0.17094	0.79519	0.01821	1.000	commitment to community service, the Cosmetology Juniors traveled to Heywood Wakefield Assisted Living
126	0.12594	0.15843	0.80263	0.01453	1.000	Center to do manicures for the residents there, while the sophomore students offered services on the local front,
126	0.12406	0.14087	0.78947	0.01612	1.000	during a successful staff appreciation day. Finally, it is with great pride that the Cosmetology Instructors an-
126	0.12406	0.12645	0.77068	0.01453	1.000	nounce that 100% of the senior students passed the Cosmetology State Boards earning licenses to practice.
126	0.12218	0.10901	0.31579	0.01453	1.000	(Total enrollment: 89, 1 males, 88 females)
126	0.51504	0.07267	0.02820	0.01163	1.000	126
127	0.12970	0.92878	0.79699	0.01599	1.000	Culinary Arts: Monty Tech Culinary Arts students and instructors are always busy with the daily operation of
127	0.12594	0.91270	0.80451	0.01612	1.000	the Mountain Room Restaurant, which is open for lunch from 11:30 am to 1:00 pm Monday through Friday. In
127	0.12782	0.89680	0.80451	0.01599	1.000	addition to operating a full-service restaurant and bakery, serving 90-120 patrons daily, culinary students show-
127	0.12594	0.88070	0.78383	0.01464	1.000	case their talents throughout the year, providing outstanding service at events that include the following: two
127	0.12594	0.86483	0.81015	0.01464	1.000	Program Advisory Committee dinner meetings, four Monty Tech Foundation breakfasts, Monty Tech's Retirees
127	0.12782	0.84884	0.79511	0.01599	1.000	holiday luncheon, a graduation reception, the Women in Technology event, Principal and Counselors Day, the
127	0.12782	0.83430	0.77068	0.01317	1.000	Monty Tech homecoming dance, MAVA meetings and all School Committee meetings and sub-committee
127	0.12594	0.81820	0.80075	0.01464	1.000	meetings. Community service opportunities for students are always a highlight, and this year our students pre-
127	0.12594	0.80084	0.78195	0.01612	1.000	pared meals for the United Way's "Day of Caring" event, Our Fathers House, and NEADS events. Students
127	0.12594	0.78488	0.77068	0.01599	1.000	also participated in the Montachusett Opportunity Council's "Taste of North Central" fundraiser. The pro-
127	0.12782	0.77034	0.77068	0.01612	1.000	gram's greatest undertaking this year was the Annual Superintendent's Dinner fundraising event. Students
127	0.12782	0.75436	0.77068	0.01453	1.000	worked side-by-side with some of the area's finest chefs, preparing a six-course dinner with extensive hors
127	0.12594	0.73686	0.51504	0.01612	1.000	d'oeuvres for 380 guests. (Total enrollment: 96; 34 males, 62 females)
127	0.12594	0.70486	0.78008	0.01612	1.000	Dental Assisting: During 2015-2016, the Dental Assisting program introduced nineteen students to industry
127	0.12782	0.69041	0.76316	0.01308	1.000	experience through externships, while ten students participated in affiliation, and one student earned a co-
127	0.12594	0.67287	0.78759	0.01463	1.000	operative educational placement, working with an area dentist. All sophomore, junior, and senior students at-
127	0.12594	0.65843	0.80263	0.01453	1.000	tended the Yankee Dental Convention in Boston, and learned about the most current trends and practices in the
127	0.12594	0.64087	0.78195	0.01612	1.000	field. While the national pass rate for the Dental Assisting National Board (DANB) Infection Control Exam
127	0.12594	0.62500	0.78383	0.01599	1.000	was 86% in FY15, the Monty Tech students far surpassed that rate with a 100% passing rate on the Infection
127	0.12594	0.60901	0.76128	0.01453	1.000	Control exam. For the sixth consecutive year, Monty Tech welcomed Community Health Connections, a
127	0.12782	0.59448	0.78008	0.01465	1.000	school-based dental hygiene program, whose goal is to provide dental services to students in need. Through
127	0.12406	0.57703	0.80639	0.01746	1.000	this initiative, more than thirty students were examined by a dentist, had their teeth cleaned, and had sealants or
127	0.12406	0.56101	0.78195	0.01463	1.000	temporary fillings applied as needed. Monty Tech Dental Assisting students were given hands-on, practical
127	0.12594	0.54506	0.80639	0.01599	1.000	experience, as they assisted the staff from CHC during each dental procedure that was performed. (Total enroll-
127	0.12782	0.53051	0.22368	0.01463	1.000	ment: 58; 5 males, 53 females)
127	0.12594	0.49702	0.80263	0.01612	1.000	Drafting: The 2015-2016 school year was a busy one for Drafting Technology students and instructors. A total
127	0.12588	0.47963	0.79336	0.01902	1.000	of six students (one junior and five seniors) participated in the school's Co-Op Program, and four students ad-
127	0.12782	0.46652	0.79135	0.01463	1.000	vanced to the SkillsUSA state competitions. Instructors are pleased to report that a majority of the graduating
127	0.12594	0.44767	0.79135	0.01890	1.000	seniors intend to pursue careers in the field of drafting. Like most programs in the school, the Drafting Tech-
127	0.12594	0.43304	0.80075	0.01612	1.000	nology program participates in a number of projects in and around the school. This year, Drafting students de-
127	0.12594	0.41715	0.77256	0.01599	1.000	signed the preliminary architecture of the new Veterinary Science Training Center, completed plans for the
127	0.12782	0.40253	0.79699	0.01317	1.000	plumbing program's storage shed, drew a layout of Riverside Cemetery in Winchendon, designed a new build-
127	0.12782	0.38808	0.80263	0.01172	1.000	ing sign for St. Bernard's in Fitchburg, designed and printed hundreds of signs and banners for various commu-
127	0.12594	0.36919	0.78571	0.01896	1.000	nity organizations, planned and decorated the 50" Anniversary-themed Superintendent's Dinner, and created
127	0.12594	0.35317	0.79699	0.01612	1.000	and installed signage throughout the building for the 2016 graduation, College Fair, School of Continuing Educa-
127	0.12406	0.33854	0.49436	0.01466	1.000	tion, sports and drama clubs. (Total enrollment: 57; 36 males, 21 females)
127	0.12594	0.30804	0.78195	0.01612	1.000	Early Childhood Education: The Early Childhood Education program received three new Baby Care Parent
127	0.12594	0.29215	0.78008	0.01599	1.000	Simulation dolls, each with car seat detections and temperature detectors. This added technology will assist
127	0.12594	0.27753	0.78571	0.01463	1.000	instructors as they enhance lessons is infant and toddler safety. Several seniors and both instructors attended
127	0.12406	0.26017	0.79135	0.01599	1.000	the Massachusetts Association for the Education of Young Children's Annual Conference. Students were de-
127	0.12594	0.24419	0.80827	0.01599	1.000	lighted to support community service efforts, raising funds to support Lucy's Love Bus, an agency that provided
127	0.12594	0.22817	0.79699	0.01612	1.000	grants for children with cancer that are not covered by health insurance. Students showered the Department of
127	0.12594	0.21221	0.80639	0.01599	1.000	Children & Families with gifts and much needed supplies for foster families with emergency foster placements,
127	0.12594	0.19618	0.77256	0.01612	1.000	raised funds for various causes including SkillsUSA Change for Children, adopted a Christmas Angel for a
127	0.12594	0.18023	0.79323	0.01599	1.000	needy child from the Cleghorn Neighborhood Center, and contributed to the National Honor Society food and
127	0.12782	0.16567	0.80451	0.01463	1.000	supplies drive. Instructors are proud to report that all graduates are pursuing careers and higher education relat-
127	0.12782	0.14971	0.79511	0.01453	1.000	ed to the program - one is currently working in the field and the rest are enrolled in area colleges and universi-
127	0.12594	0.13219	0.61466	0.01612	1.000	ties in majors directly related to the field. (Total enrollment: 63; 1 male, 62 females)
127	0.51504	0.07267	0.02820	0.01163	1.000	127
128	0.12970	0.93023	0.79699	0.01453	1.000	Electrical: The Electrical program continues to be one of the busiest trades in the school. In 2015-2016, more
128	0.12782	0.91419	0.78947	0.01463	1.000	than fifty work orders were completed throughout the building. The wiring of various equipment included: a
128	0.12970	0.89680	0.78571	0.01599	1.000	new media blaster in welding, a television in cosmetology, replacing the fixture in the elevator, re-wiring the
128	0.12970	0.88070	0.79323	0.01612	1.000	HVAC shop, wiring the new air conditioner in the Technology Department, and adding receptacles in the sci-
128	0.12970	0.86628	0.78383	0.01599	1.000	ence room for new labs. In addition to wiring equipment, Electrical students performed numerous repairs of
128	0.13158	0.85169	0.78571	0.01314	1.000	lights, outlets, computers, sensors, CATV jacks, and new data drops for computers. In addition to participat-
128	0.12782	0.83430	0.78759	0.01599	1.000	ing in the house building project in Ashburnham, upperclassmen students rewired a guard shack at the West-
128	0.12970	0.81969	0.76880	0.01316	1.000	minster Crocker Pond, and the electrical shop motor lab was remodeled to incorporate twenty-four booths.
128	0.13158	0.80378	0.75940	0.01453	1.000	Fifteen students earned co-op positions, and instructors are proud to announce that 60% of the graduating
128	0.12970	0.78488	0.61278	0.01599	1.000	class entered electrical apprenticeships. (Total enrollment: 83; 69 males, 14 females)
128	0.12970	0.75436	0.77256	0.01453	1.000	Engineering Technology: The Monty Tech Engineering Technology program continues to further enhance
128	0.12970	0.73686	0.78947	0.01761	1.000	the curriculum and instruction by improving upon the four Project Lead the Way course modules, and adding
128	0.13158	0.72384	0.78008	0.01308	1.000	more Computer Integrated Manufacturing content into the already rigorous vocational-technical curriculum.
128	0.12970	0.70635	0.78947	0.01612	1.000	Field Programmable Gate Array mini systems were purchased and integrated into the Digital Electronics cur-
128	0.13158	0.69186	0.77068	0.01308	1.000	riculum. Engineering students performed well in SkillsUSA competitions, earning a number of top awards.
128	0.13158	0.67436	0.77632	0.01612	1.000	At SkillsUSA at Districts, Monty Tech Engineering students received two gold, four silver, and four bronze
128	0.12782	0.65843	0.76692	0.01453	1.000	medals. At SkillsUSA States, students earned two gold and one silver medal, and finally two top students
128	0.12778	0.64035	0.79144	0.01872	1.000	traveled to Louisville, KY to compete at the National level in Mechatronics. The Freshman Exploratory Pro-
128	0.12970	0.62645	0.79323	0.01453	1.000	gram yielded positive results for the program, with eleven first choice freshmen. The majority of the graduat-
128	0.12782	0.61037	0.78008	0.01612	1.000	ing class will continue their education in the engineering field. (Total enrollment: 48; 38 males, 10 females)
128	0.12970	0.57837	0.77444	0.01465	1.000	Graphic Communications: The Monty Tech Graphic Communications program is pleased to report that all
128	0.13158	0.56395	0.78195	0.01318	1.000	graduating seniors were accepted to area colleges and universities. The program benefited from twenty-four
128	0.12970	0.54787	0.77068	0.01318	1.000	new iMac Computers with Adobe CC software, and our lab was renovated to accommodate this wonderful
128	0.12970	0.52902	0.77256	0.01612	1.000	new technology. Throughout the 2015-2016 school year, the shop continued to produce large quantities of
128	0.13158	0.51587	0.76128	0.01465	1.000	print projects for district towns and community service organizations. This year, over three hundred print
128	0.12970	0.49851	0.77444	0.01612	1.000	projects were completed, saving local organizations approximately $145,000. Twenty-two freshmen chose
128	0.13158	0.48401	0.78759	0.01453	1.000	Graphic Communications as their top program, and two additional students joined our program, resulting in a
128	0.12970	0.46652	0.76316	0.01612	1.000	freshman class of 24 students. The future looks bright for the Monty Tech Graphic Communications pro-
128	0.13158	0.45203	0.77444	0.01308	1.000	gram. Three students earned co-op placements. Our students continue to perform well in related SkillsUSA
128	0.13158	0.43601	0.77068	0.01314	1.000	competitions, and earned four medals at the District event - one silver and one gold in Advertising and De-
128	0.12970	0.41860	0.78947	0.01599	1.000	sign, one gold in Screenprinting, and one bronze medal in Digital Cinema Production. (Total enrollment: 90;
128	0.13158	0.40402	0.15977	0.01314	1.000	37 males, 53 females)
128	0.12970	0.37054	0.79323	0.01612	1.000	Health Occupations: The Health Occupations program at Monty Tech continues to educate a large number of
128	0.13158	0.35610	0.79135	0.01453	1.000	students, providing a rigorous education grounded in current medical knowledge and practice. 2015-2016 was
128	0.12782	0.33854	0.77444	0.01612	1.000	an exciting year for the program, as a new partnership with Mount Wachusett Community College enabled
128	0.12782	0.32267	0.77068	0.01599	1.000	senior students to participate in an Emergency Medical Technician training program, earning eight college
128	0.12970	0.30669	0.76128	0.01599	1.000	credits at no cost. The program is dedicated to providing all students with opportunities to earn industry-
128	0.12970	0.29215	0.78571	0.01464	1.000	recognized credentials, and as a result, students also earn the following credentials: Occupational Safety and
128	0.13346	0.27753	0.76504	0.01171	1.000	Health Administration (OSHA) 10-hour certification; Cardiopulmonary Resuscitation (CPR) and First Aid
128	0.13346	0.26163	0.75376	0.01169	1.000	Certificate through the American Heart Association; and Certified Nursing Assistant License through the
128	0.12970	0.24273	0.75000	0.01599	1.000	American Red Cross. This year, 94% of the senior students passed the National Healthcare Association
128	0.12782	0.22669	0.78947	0.01612	1.000	(CCMA) exam. To support the students' desire to give back, a "Baby Shower" benefitting Battered Women's
128	0.12970	0.21076	0.78947	0.01599	1.000	Resources, Inc. was held; students participated in Pediatric Day with the Early Childhood Education program
128	0.12782	0.19469	0.64850	0.01612	1.000	and also raised $700 for Special Olympics. (Total enrollment: 106; 10 males, 96 females)
128	0.12782	0.16270	0.79135	0.01612	1.000	House Carpentry: Most of the work done by the students and instructors in the Monty Tech House Carpentry
128	0.12782	0.14680	0.77632	0.01599	1.000	program is done off-campus, completing renovations, buildings, and repair work for member communities.
128	0.12970	0.13070	0.75752	0.01612	1.000	Some of the projects completed during the 2015-2016 school year include: building a two-story colonial
128	0.12970	0.11334	0.77632	0.01747	1.000	home in Ashburnham for Montachusett Enterprise Center, Inc. (MEC), building two decks for a Habitat for
128	0.51504	0.07267	0.02820	0.01163	1.000	128
129	0.13346	0.91715	0.76880	0.01599	1.000	Humanity house project in Fitchburg, building a shed for the Monty Tech football team, building a storage
129	0.13346	0.90253	0.77444	0.01463	1.000	shed for Thomas Prince School in Princeton, and building a hip roof for the Lunenburg Cemetery Commis-
129	0.13346	0.88663	0.77256	0.01453	1.000	sion mausoleum. Lally columns were installed in two separate buildings for the Winchendon Housing Au-
129	0.13158	0.86919	0.77068	0.01599	1.000	thority, and three "Buddy Benches" were built and installed at the Crocker School in Fitchburg. Tent plat-
129	0.13346	0.85465	0.77068	0.01464	1.000	forms for Treasure Valley Scout Reservation in Rutland, curved picnic tables and benches for the Town of
129	0.13346	0.83854	0.78383	0.01466	1.000	Hubbardston, ten bluebird houses for Ashby senior citizens, a small library for Baker's Grove Association in
129	0.13346	0.82267	0.75940	0.01463	1.000	Westminster, picnic tables for Gardner Municipal Golf course, and numerous Adirondack chairs for non-
129	0.13158	0.80523	0.78571	0.01599	1.000	profit organizations throughout the district were also built by the talented Carpentry students at Monty Tech.
129	0.13158	0.78919	0.32519	0.01463	1.000	(Total enrollment: 68; 50 males, 18 females)
129	0.13158	0.75719	0.77820	0.01612	1.000	HVAC & Property Maintenance: The 2015-2016 school year was the first full year for the newly enhanced
129	0.13534	0.74273	0.75940	0.01453	1.000	HVAC & Property Maintenance program, which is now aligned to the state frameworks more accurately.
129	0.13346	0.72669	0.76128	0.01463	1.000	The program's new name and added curriculum is expected to present our students with additional career
129	0.13346	0.71076	0.76692	0.01453	1.000	pathways and opportunities to participate in a co-operative work environment. Employers are discovering
129	0.13346	0.69469	0.74812	0.01463	1.000	that we have more to offer, and students are finding themselves with more employable skill sets. As the
129	0.13346	0.67878	0.76692	0.01453	1.000	shop continues its enhancements to the HVAC portion of our program, we are now fully involved with six
129	0.13158	0.66134	0.78008	0.01599	1.000	student work modules, as well as a full-size commercial air chiller unit. New tooling to accommodate these
129	0.13158	0.64534	0.76316	0.01745	1.000	changes includes the acquisition of six new lockable storage cabinet workbench workstations. These sta-
129	0.13346	0.63070	0.76128	0.01464	1.000	tions are outfitted with the necessary tooling used in the refrigeration trade, complete with test meters and
129	0.13346	0.61483	0.76316	0.01464	1.000	manifold gauge sets. Nine Seniors and six Juniors participated in the very popular co-operative education
129	0.13158	0.59738	0.38722	0.01453	1.000	program. (Total enrollment: 64; 56 males, 8 females)
129	0.13158	0.56541	0.77444	0.01599	1.000	Information Technology: As with any school, Information Technology provides key services to the educa-
129	0.13158	0.54936	0.77068	0.01612	1.000	tional community. In addition to the critical in-house Help Desk services offered by the program, students
129	0.13158	0.53343	0.77068	0.01599	1.000	and instructors performed in excess of 400 hours of repair, upgrading, and troubleshooting computer prob-
129	0.13346	0.51885	0.77632	0.01612	1.000	lems for Monty Tech community members. Some of our students compete in the Cyber Patriot event, a na-
129	0.13158	0.50145	0.76128	0.01599	1.000	tional high school cyber defense competition, founded by the Air Force Association. A team of eight stu-
129	0.13158	0.48537	0.66353	0.01910	1.000	dents participated in the Fitchburg State University Programming Competition, placing 13th
129	0.82367	0.48480	0.07432	0.02022	1.000	, and 25th
129	0.13158	0.46948	0.76128	0.01599	1.000	out of 32 teams. Three seniors were out on Co-op, and all freshmen completed their Career Safe 10-Hour
129	0.13534	0.45486	0.76316	0.01612	1.000	General Safety Certification. One senior and one junior developed websites for non-profit organizations -
129	0.13339	0.43527	0.74451	0.02026	1.000	Gardner AARP and Monty Tech's Greenhouse. Our students performed very well in District and State
129	0.13346	0.42151	0.78008	0.01599	1.000	SkillsUSA competitions. In the District competition, two seniors were awarded gold medals in the 3D visu-
129	0.13158	0.40551	0.74812	0.01746	1.000	alization & animation competition, two juniors earned the gold in the Information Technology Services
129	0.13346	0.39087	0.75188	0.01465	1.000	competition, and two sophomores brought home gold and silver medals in Internetworking. At the state
129	0.13158	0.37351	0.76504	0.01612	1.000	level, two talented juniors earned Silver medals in Internetworking. (Total enrollment: 63; 58 males, 5 fe-
129	0.13152	0.35887	0.05274	0.01335	1.000	males)
129	0.13158	0.32558	0.78571	0.01599	1.000	Machine Technology: The Monty Tech Machine Technology Program continues to prepare students to
129	0.13158	0.30952	0.78571	0.01612	1.000	achieve Level 1 and Level 2 MACWIC (Manufacturing Advancement Center for Workforce Innovation
129	0.13346	0.29360	0.78571	0.01599	1.000	Collaborative) certification. Through a beneficial relationship with the Massachusetts Manufacturing Exten-
129	0.13346	0.27753	0.78383	0.01612	1.000	sion Partnership, our instructors have access to high quality curriculum developed at WPI. Articulation
129	0.13158	0.26163	0.78759	0.01599	1.000	agreements with Mount Wachusett Community College and Quinsigamond Community College were devel-
129	0.13346	0.24554	0.78571	0.01761	1.000	oped, which will save students time and money as they continue their education in the machining and manu-
129	0.13346	0.23110	0.78571	0.01453	1.000	facturing trades. Students completed a number of projects, including: engraving four hundred mirror
129	0.13346	0.21354	0.78383	0.01612	1.000	frames, creating chocolate molds for the Superintendent's Dinner gifts, engraving gifts for the Class of 1996
129	0.13346	0.19913	0.78383	0.01453	1.000	reunion, engraving a time capsule plaque for the Town of Ashburnham, and refurbishing the hallowed
129	0.13346	0.18169	0.78571	0.01599	1.000	Thanksgiving Day trophy for Narragansett Regional High School and Murdock Middle High School. (Total
129	0.13346	0.16715	0.25940	0.01464	1.000	enrollment: 58; 57 males, 1 female)
129	0.51504	0.07267	0.02820	0.01017	1.000	129
130	0.13534	0.92584	0.78195	0.01463	1.000	Masonry: Students and instructors in Monty Tech's busy Masonry program continued to focus on a number
130	0.13346	0.90843	0.78383	0.01599	1.000	of community projects including: installing brick steps and tiles for the Montachusett Enterprise Center, Inc.
130	0.13346	0.89236	0.77444	0.01612	1.000	(MEC) house project in Ashburnham, installing a walkway for the Town of Hubbardston, construction of a
130	0.13346	0.87645	0.77068	0.01599	1.000	mausoleum for the Lunenburg Cemetery Commission, installing a block wall for Turkey Middle School in
130	0.13346	0.86037	0.76316	0.01612	1.000	Lunenburg, and repointing brick and block windows for Town of Templeton Water Department. In Win-
130	0.13346	0.84448	0.78008	0.01744	1.000	chendon, our students replaced walkways at the Clark Memorial YMCA, repaired block walls for the Hous-
130	0.13346	0.82837	0.77632	0.01612	1.000	ing Authority, and started the Veteran's cemetery walkway. When the students weren't busy in our district
130	0.13346	0.81250	0.74060	0.01599	1.000	communities, they were preparing for and competing in the Massachusetts Trowel Trades Association
130	0.13534	0.79787	0.76504	0.01463	1.000	(MTTA) competition, where they earned top recognitions and awards. Instructors are proud to report that
130	0.13346	0.78051	0.77256	0.01612	1.000	twelve freshmen students selected Masonry as their top choice for placement, and look forward to teaching
130	0.13534	0.76587	0.72932	0.01465	1.000	and mentoring this next generation of talented Masons. (Total enrollment: 66; 52 males, 14 females)
130	0.13346	0.73256	0.79135	0.01599	1.000	Plumbing: The Monty Tech Plumbing program, like other trades throughout the school, is committed to com-
130	0.13346	0.71652	0.79511	0.01612	1.000	munity service. As a result, students and instructors completed projects for a single-family home in Ashburn-
130	0.13346	0.70058	0.78383	0.01599	1.000	ham for Montachusett Enterprise Center, Inc. (MEC). Students were introduced to high-efficiency condens-
130	0.13346	0.68452	0.78759	0.01612	1.000	ing and LP gas heating systems during this project, and successfully installed the gas piping for the home. In
130	0.13534	0.67006	0.79323	0.01453	1.000	addition, the students returned to the Bresnahan Scout Center in Ashburnham to finish plumbing installations.
130	0.13346	0.65253	0.77068	0.01612	1.000	On campus, students fixed leaks, cleaned drains, replaced a hot water heater, worked on water coolers, and
130	0.13534	0.63808	0.76692	0.01453	1.000	repaired and maintained the plumbing system. A senior student was named Vocational Tech All-Star from
130	0.13346	0.62054	0.78571	0.01761	1.000	the Plumbing, Heating and Cooling Contractors Association of Massachusetts, receiving tools and a scholar-
130	0.13534	0.60610	0.78947	0.01599	1.000	ship for continuing his education in the plumbing licensure program. Another senior student won the Central
130	0.13346	0.58854	0.79135	0.01761	1.000	Mass Plumbing & Gas Fitting Inspectors Association scholarship. Nine seniors and three juniors participated
130	0.13534	0.57413	0.77632	0.01453	1.000	in the co-operative education program, gaining valuable work experience. Local plumbing companies have
130	0.13346	0.55669	0.67105	0.01747	1.000	hired several graduates as plumbing apprentices. (Total enrollment: 75; 72 males, 3 females)
130	0.13346	0.24419	0.79135	0.01599	1.000	Welding/Metal Fabrication: The 2015-2016 school year brought the welcome addition of a third instructor to
130	0.13346	0.22817	0.78383	0.01463	1.000	the Monty Tech Welding/Metal Fabrication program. A number of projects were successfully completed on
130	0.13346	0.21221	0.78759	0.01453	1.000	the Monty Tech campus, and more than eighty projects benefiting the eighteen cities and towns in the Monty
130	0.13722	0.19767	0.76880	0.01314	1.000	Tech district were completed by our talented students. Perhaps the most notable accomplishment is the in-
130	0.13534	0.18169	0.77256	0.01453	1.000	stallation of a twenty-one ft., multi-section statue for the Fitchburg Art Museum, which is the focal point to
130	0.13534	0.16419	0.77820	0.01463	1.000	their main entrance. Students also repaired railings for Lunenburg Middle School, and a light post, railings,
130	0.13346	0.14826	0.78383	0.01453	1.000	and a mailbox for Sterling Municipal Light Department. They also fabricated and welded a time capsule for
130	0.13346	0.13070	0.75752	0.01612	1.000	Mountview Middle School in Holden, and fabricated and welded stainless steel counter tops for Gardner
130	0.13346	0.11628	0.13534	0.01453	1.000	Council on Aging.
130	0.51504	0.07267	0.02820	0.01017	1.000	130
131	0.14098	0.91715	0.75940	0.01464	1.000	A new curriculum was implemented, bringing lessons in pipe welding to senior students and CAD design
131	0.13910	0.89971	0.75940	0.01599	1.000	with the Torch-Mate CNC plasma table to junior students. Instructors are proud to report that six seniors
131	0.14098	0.88517	0.76504	0.01463	1.000	participated in the co-operative education program, demonstrating their strong technical skills, and five of
131	0.14098	0.86919	0.77068	0.01453	1.000	those students continued their work with their employers post-graduation. (Total enrollment: 62; 48 males,
131	0.13910	0.85169	0.08835	0.01463	1.000	14 females)
131	0.13910	0.81969	0.18985	0.01463	1.000	Student Support Services
131	0.14098	0.78770	0.76316	0.01612	1.000	During the 2015-2016 school year, Montachusett Regional Vocational Technical School District provided
131	0.14098	0.77326	0.77444	0.01453	1.000	special services to approximately three hundred and fifteen students — measuring progress of over two hun-
131	0.14098	0.75719	0.78008	0.01463	1.000	dred students on Individual Education Plans (IEPs) and just under one hundred students adhering to individ-
131	0.13910	0.73983	0.78383	0.01599	1.000	ualized Section 504 plans. While the Student Support Services (SSS) Department encompasses special edu-
131	0.14098	0.72520	0.60526	0.01463	1.000	cation, the department provides support and is available to all Monty Tech students.
131	0.14098	0.69320	0.75188	0.01464	1.000	The department includes a full-time nursing staff that administers medications, performs state-mandated
131	0.14098	0.67733	0.77444	0.01464	1.000	health screening exams, and provides, when necessary, health information to the special education team for
131	0.13910	0.65988	0.77632	0.01599	1.000	a student's IEP meeting. The department benefits from a full-time school social worker who participates in
131	0.13910	0.64385	0.76504	0.01612	1.000	departmental meetings and assists students who have needs concerning finances, family issues, homeless-
131	0.14098	0.62936	0.76316	0.01453	1.000	ness, maternity, health issues, and proper food and clothing. The school is also fortunate to have on staff a
131	0.13910	0.61186	0.76316	0.01612	1.000	full-time psychologist, whose role it is to evaluate all students referred for an initial evaluation or who re-
131	0.14098	0.59738	0.78008	0.01453	1.000	quire a three-year re-evaluation. In addition, we have a full-time speech language pathologist, who is availa-
131	0.13910	0.57986	0.75188	0.01612	1.000	ble to assist students with disabilities, assess these students and consult with teachers. Our students also
131	0.14098	0.56541	0.75188	0.01453	1.000	have access to the services of a full-time adjustment counselor and part-time school psychologist. All of
131	0.13895	0.54511	0.78035	0.02356	1.000	these individuals are available for scheduled counseling sessions and mental health emergency treatment, as
131	0.14098	0.53488	0.19173	0.01174	1.000	well as crisis intervention.
131	0.14098	0.50000	0.78195	0.01599	1.000	The school's Director of Student Support Services oversees the District's Special Education Program, which
131	0.13722	0.48401	0.76504	0.01599	1.000	is reviewed annually in May, in accordance with regulatory requirements. The comprehensive review and
131	0.14098	0.46948	0.77068	0.01465	1.000	evaluation are done in collaboration with the Parent Advisory Council, and the results of the evaluation are
131	0.13910	0.45203	0.78759	0.01599	1.000	used to improve the special education procedures and programs in place at Montachusett Regional Vocation-
131	0.13910	0.43750	0.15226	0.01463	1.000	al Technical School.
131	0.48860	0.38765	0.09047	0.01684	1.000	Technology
131	0.13910	0.35610	0.78195	0.01599	1.000	In 2015-2016, the Monty Tech Technology Department completed a three-year technology plan and review,
131	0.13722	0.34003	0.77820	0.01612	1.000	in preparation for a whole-school Chromebook roll-out in FY17. Training efforts continued throughout the
131	0.13910	0.32413	0.50564	0.01599	1.000	year, to ensure teacher capacity in the Google for Education platform.
131	0.14098	0.29215	0.75188	0.01599	1.000	A sophisticated Liebert air conditioning system was installed in the Main Distribution Facility (MDF) to
131	0.14098	0.27902	0.65414	0.01314	1.000	maintain constant temperature and humidity supporting the growing demands of the MDF.
131	0.14098	0.24702	0.77444	0.01315	1.000	Three Chromebook mobile labs were added to the fleet of mobile computer labs that circulate among class-
131	0.13910	0.22817	0.78571	0.01612	1.000	rooms providing the students with modern technology. A self-service LobbyGuard kiosk system was imple-
131	0.14098	0.21503	0.78571	0.01317	1.000	mented that manages visitors to the building and increases school safety measures. The cafeteria received an
131	0.13910	0.19618	0.77068	0.01612	1.000	upgrade to their POS system, utilizing advanced technology in school nutrition and meal planning. Candi-
131	0.14098	0.18169	0.77444	0.01453	1.000	dates for free and reduced lunch may now complete an application online, managing payments and fees us-
131	0.13722	0.16567	0.77068	0.01463	1.000	ing this new online system. Finally, in preparation of the anticipated 2016-2017 Chromebook roll-out, the
131	0.13910	0.14971	0.75000	0.01453	1.000	technology staff was reorganized. Duties were reallocated among staff and leadership, transitioning to a
131	0.13722	0.13368	0.78383	0.01463	1.000	more efficient department. New systems and policies are continually being researched to support this initia-
131	0.51504	0.07122	0.02820	0.01163	1.000	131
132	0.48496	0.91134	0.07895	0.01308	1.000	SkillsUSA
132	0.12406	0.87936	0.79323	0.01453	1.000	SkillsUSA is a partnership of students, teachers and industry working together to ensure America has a skilled
132	0.12594	0.86186	0.77820	0.01463	1.000	workforce. Through our association with SkillsUSA, our students develop job skills, leadership and profes-
132	0.12406	0.84738	0.78947	0.01453	1.000	sional skills, as well as provide community service. The 2015-2016 school year was an extraordinary one for
132	0.12218	0.82986	0.78383	0.01612	1.000	our chapter of SkillsUSA. The students met the challenges of districts, performed well at states and prepared
132	0.12406	0.81541	0.77632	0.01453	1.000	for the National Conference. They also conducted several community service projects and raised money for
132	0.12218	0.79787	0.78195	0.01612	1.000	various deserving charities. Serving as co-advisors were Kelsey Moskiwitz, English Instructor, Anne Marie
132	0.12406	0.78198	0.80075	0.01599	1.000	Cataldo, Early Childhood Education Instructor, and Brad Pelletier, Special Education Instructor. Highlights of
132	0.12218	0.76587	0.12406	0.01465	1.000	the year include:
132	0.12218	0.73401	0.79511	0.01599	1.000	In September 2015, forty-one students applied and were accepted to form the Monty Tech SkillsUSA Leader-
132	0.15414	0.71801	0.56579	0.01612	1.000	ship Team. After two leadership training sessions, seven officers were elected.
132	0.12406	0.68750	0.80075	0.01463	1.000	In November 2015, sixteen students, consisting of chapter officers and Leadership Team members attended the
132	0.15226	0.66860	0.75940	0.01744	1.000	Annual Fall State Leadership Conference, where they participated in workshops and leadership exercises
132	0.15226	0.65402	0.46805	0.01612	1.000	and performed community service at an area YMCA Day Camp.
132	0.12397	0.61905	0.80095	0.02335	1.000	The SkillsUSA local competitions took place November 2015, and on December 18'h, the students learned who
132	0.15401	0.60695	0.35181	0.01772	1.000	would advance to the next round of competition.
132	0.12218	0.57413	0.78008	0.01599	1.000	A total of forty-seven medals were captured at the District Competition held in March 2016 at Bay Path Re-
132	0.15414	0.55952	0.77256	0.01463	1.000	gional Vocational Technical School: fourteen gold, sixteen silver and seventeen bronze medals. Outstand-
132	0.15226	0.54360	0.59962	0.01453	1.000	ing student Grace Kirrane qualified to run for the State Executive Council, as well.
132	0.12218	0.51017	0.79699	0.01599	1.000	Olivia Houle, a junior in the Welding program, was selected to serve on the State Advisory Committee to help
132	0.15414	0.49554	0.31579	0.01464	1.000	aid in the planning of the State Conference.
132	0.12406	0.46354	0.78383	0.01466	1.000	Thirty-four district medalists and qualifiers, nine local leadership and occupational related event contestants,
132	0.15226	0.44618	0.74060	0.01612	1.000	one state officer candidate and nineteen voting delegates for a total of sixty-three students attended the
132	0.15226	0.43023	0.74060	0.01599	1.000	State Leadership and Skills Conference, held in April 2016 at Blackstone Valley Vocational Technical
132	0.15226	0.41419	0.77256	0.01612	1.000	School. There, seven students were awarded gold medals, and earned the right to compete at the very com-
132	0.15226	0.39826	0.48684	0.01599	1.000	petitive National Leadership & Skills Conference held in late June.
132	0.12406	0.36773	0.78008	0.01453	1.000	Nine students and six instructors attended the National Leadership & Skills Conference in Louisville, KY in
132	0.15226	0.35020	0.73872	0.01612	1.000	June 2016. There, Taylor Sadowski, a graduate from the Health Occupations program, earned a silver
132	0.15038	0.33430	0.28759	0.01599	1.000	medal in the Medical Assisting contest.
132	0.12218	0.30233	0.79323	0.01599	1.000	In August 2016, Grace Kirrane attended the SkillsUSA Massachusetts state leadership training where she was
132	0.15226	0.28770	0.50564	0.01612	1.000	elected to serve as the SkillsUSA Massachusetts State Vice President.
132	0.43985	0.23834	0.16917	0.01612	1.000	Marine Corps JROTC
132	0.12218	0.20635	0.78947	0.01612	1.000	The Monty Tech Marine Corps Junior Reserve Officer Training Corps (MCJROTC) had a sensational school
132	0.12218	0.19041	0.76504	0.01599	1.000	year. All program objectives for the 2015-2016 school year were achieved, most notable was the JROTC
132	0.12406	0.17436	0.78759	0.01612	1.000	Cyber Security Team, led by First Sergeant Paul Jornet and Information Technology Instructor Richard Dun-
132	0.12218	0.15843	0.79887	0.01744	1.000	can, once again capturing national recognition by placing fourth overall in the Air Force Association's Nation-
132	0.51504	0.07267	0.02820	0.01163	1.000	132
133	0.13158	0.91419	0.77632	0.01612	1.000	The 2015-2016 Corps of Cadets completed over eighty-eight hundred hours of community service through-
133	0.13158	0.89971	0.78008	0.01453	1.000	out the district. The corps conducted a major canned food drive, worked side-by-side with the Marine Corps
133	0.12970	0.88219	0.79135	0.01612	1.000	Reserve in a national Toys 4 Tots campaign, and spent five weekends working with the local Salvation Army
133	0.13158	0.86773	0.75188	0.01453	1.000	helping to raise over $25,000 for needy families. The cadets conducted their annual 10 mile "March-A-
133	0.13158	0.85020	0.76316	0.01761	1.000	Thon" to support NEADS (National Education of Assistance Dogs Services) from Princeton, MA, raising
133	0.12970	0.83430	0.39098	0.01599	1.000	$20,000 for their Service Dogs for Veterans program.
133	0.13158	0.80233	0.79135	0.01599	1.000	Seventy Monty Tech cadets attended a leadership camp at Prince William Forest, in Quantico VA. The camp
133	0.12970	0.78634	0.77632	0.01599	1.000	provided cadets with individual and team development opportunities, as well as the opportunity to visit our
133	0.13158	0.77180	0.34211	0.01466	1.000	nation's capital and many other historical sites.
133	0.13158	0.73834	0.78195	0.01612	1.000	During the summer of 2016, our Cadet Cyber Team was again asked to support a Cyber STEM camp for the
133	0.12970	0.72238	0.77256	0.01599	1.000	National Marine Corps JROTC program. The Cyber Team coordinated the 8-day camp that focused on de-
133	0.13158	0.70784	0.77632	0.01463	1.000	fending cyber networks from attacks. The camp also offered an introduction to robotics programming using
133	0.12970	0.69041	0.72932	0.01599	1.000	the VEX Robotics System. The camp was attended by 200 students, representing twenty-two states.
133	0.13534	0.65843	0.77068	0.01744	1.000	The Monty Tech JROTC program once again was awarded the designation of Marine Corps Honor School
133	0.12970	0.64236	0.76880	0.01612	1.000	by the Commanding General Marine Corps Training & Education Command. Only ten percent of Marine
133	0.13158	0.62645	0.76128	0.01599	1.000	Corps JROTC programs nationwide receive this recognition. The selection was based on several criteria,
133	0.13158	0.61186	0.78383	0.01612	1.000	including cadet citizenship, the percentage of cadets involved in student government organizations, the num-
133	0.12970	0.59593	0.76692	0.01599	1.000	ber of cadets active in school activities and clubs, the number of community service hours for the unit as a
133	0.13158	0.57986	0.78383	0.01463	1.000	whole and per cadet, the number of organizations assisted by the unit, and scholastic achievements including
133	0.12970	0.56250	0.79323	0.01599	1.000	the number of academic awards and scholarships given to cadets. The units were also measured by participa-
133	0.13158	0.54787	0.78008	0.01463	1.000	tion in public affairs events, drill team competitions, rifle team competitions, physical fitness team competi-
133	0.12970	0.53051	0.15038	0.01612	1.000	tions, and field trips.
133	0.13158	0.49851	0.77632	0.01612	1.000	Because of this prestigious status, Monty Tech's Senior Marine Instructor has the authority to make nomi-
133	0.12970	0.48256	0.78947	0.01599	1.000	nation recommendations to the U.S. Naval Academy, U.S. Air Force Academy, and the Military Academy at
133	0.13158	0.46652	0.33459	0.01612	1.000	West Point under the Honor School Category.
133	0.13158	0.42006	0.17105	0.01453	1.000	Women in Technology
133	0.12970	0.38663	0.78195	0.01599	1.000	Monty Tech is one of the original members of the North Central Massachusetts Women In Technology Pro-
133	0.12952	0.36665	0.75597	0.02560	1.000	gram, and the 2015-2016 school year marked the school's 14 year in this innovative school-to-business
133	0.12970	0.35465	0.78195	0.01599	1.000	partnership. The highly successful collaborative program continues to grow with membership comprised of
133	0.12970	0.33854	0.76880	0.01612	1.000	students from six area high schools. Its mission is to encourage female students to explore well-paying ca-
133	0.12970	0.32267	0.77632	0.01599	1.000	reers in the fields of business and technology. Participants spend two days a month, working on real-world
133	0.12970	0.30804	0.77256	0.01464	1.000	work projects under the mentorship of company managers at Simplex Grinnell and Tyco Safety Products in
133	0.13158	0.29067	0.52820	0.01612	1.000	Westminster, subsidiaries of Tyco International, a Fortune 500 company.
133	0.13158	0.26017	0.78195	0.01463	1.000	The program has been so successful in its mission of providing a proven pathway to corporate America, that
133	0.12970	0.24273	0.78383	0.01744	1.000	it was recently recognized as one of the region's premier experience-based educational programs of its kind.
133	0.13158	0.22669	0.78947	0.01612	1.000	Affiliation with the program, and skills acquired through participation, open doors to career opportunities not
133	0.12970	0.21221	0.78571	0.01599	1.000	otherwise available to high school students. Graduates of the program are also equipped with a foundation to
133	0.12970	0.19469	0.54323	0.01612	1.000	better meet the challenges of an ever-changing and demanding work force.
133	0.13346	0.16419	0.74248	0.01463	1.000	Each year, graduates of the program go on to rewarding and well-paying careers, made possible by this
133	0.12970	0.14826	0.14098	0.01599	1.000	unique experience.
133	0.51504	0.07122	0.02820	0.01308	1.000	133
134	0.12030	0.92878	0.13158	0.01453	1.000	Student Athletics
134	0.12406	0.89826	0.76692	0.01320	1.000	The Monty Tech athletic program continues to expand in scope and skill each year. This past year we set a
134	0.12030	0.88070	0.79135	0.01612	1.000	new high for the number of student/athlete participants, with forty-five teams and more than six hundred par-
134	0.12218	0.86483	0.79887	0.01464	1.000	ticipants. Seventeen teams competed in fall 2015, fourteen during the winter season, and another fifteen teams
134	0.12218	0.85020	0.27632	0.01463	1.000	represented the school in spring 2016.
134	0.12406	0.81820	0.79511	0.01319	1.000	Last fall, the Varsity Football team had their best season ever as they went 10 - 2 and won the State Vocation-
134	0.12218	0.80233	0.78383	0.01315	1.000	al Large School Championship. The JV Football team had a good overall season and competed every game.
134	0.12406	0.78634	0.79135	0.01453	1.000	The Freshmen Football team was 1 - 7 - 1. The Varsity Boys Soccer team finished at 14 - 6 and qualified for
134	0.12218	0.77034	0.77068	0.01463	1.000	the post-season tournament, finishing second in the Colonial Athletic League with an 8 - 3 record. The JV
134	0.12406	0.75436	0.79887	0.01308	1.000	Boys Soccer team finished their season with a record of 9 - 6. The Varsity Golf team was 4 - 12, while the JV
134	0.12218	0.73686	0.77820	0.01612	1.000	Golf team played in three tournaments, gaining valuable experience on the links. The Varsity Field Hockey
134	0.12030	0.72238	0.77068	0.01308	1.000	team was 17 - 1 - 2, qualifying for the Central Mass Tournament for the sixth consecutive year. They beat
134	0.12218	0.70486	0.75188	0.01612	1.000	Grafton, 3 - 0 but lost to Lunenburg 1- 0 in an excellently played game. They won the Colonial Athletic
134	0.12406	0.69041	0.79323	0.01453	1.000	League Championship with a 10 - 0 - 2 record. The JV Field Hockey team finished their season with a record
134	0.12218	0.67436	0.78008	0.01314	1.000	of 5 - 2 - 1. The Boys Cross Country team was 9 - 4 and finished 4th in the CAL. The Girls Cross Country
134	0.11834	0.65559	0.76901	0.02205	1.000	team was 3 - 5 overall and also finished 4' in the Colonial Athletic League. The Varsity Girls Volleyball
134	0.11842	0.63953	0.78571	0.01746	1.000	team went 7 - 13, and during their busy season held a successful Bump-Set-Spike competition, raising more
134	0.12030	0.62500	0.78947	0.01463	1.000	than $3,000 to fight Breast Cancer. The JV Girls Volleyball team was 11 - 9, while the Freshmen Girls team
134	0.12218	0.61037	0.79699	0.01318	1.000	continued to improve with a 7 - 10 record. The Varsity Girls Soccer team was 11 - 7 - 1 and qualified for the
134	0.12218	0.59448	0.78571	0.01465	1.000	post-season, where they lost to Bromfield 5 - O. The JV Girls Soccer team finished at 7 - 4 - 2 and will send
134	0.12218	0.57837	0.30263	0.01465	1.000	some fine players to the varsity next year.
134	0.12030	0.54506	0.79887	0.01599	1.000	The Girls Varsity Basketball finished at 14 - 7 on the season, qualifying for the post-season tournament where
134	0.12218	0.53051	0.80075	0.01463	1.000	they lost to an impressive Millis team. The JV Girls were 18 - 0 and will send some fine players up to the var-
134	0.12030	0.51308	0.78008	0.01599	1.000	sity next year, and the Freshmen Girls finished the season with a 9 - 5 record. The Varsity Boys Basketball
134	0.12030	0.49702	0.78759	0.01612	1.000	team finished at 15 - 8 and qualified for both the State Vocational Tournament and the Districts. They lost to
134	0.12030	0.48110	0.78571	0.01599	1.000	Worcester Tech in the first round of the Vocational Tournament and beat Bethany Christian in the first game
134	0.12030	0.46503	0.80075	0.01612	1.000	of the Districts before losing to Hopedale in the quarterfinals. The JV Boys Basketball team was 13 - 8, while
134	0.12030	0.44913	0.79699	0.01599	1.000	the Freshmen Boys ended the season 4 - 12. The Boys Ice Hockey team finished at 9 - 8 - 3 and qualified for
134	0.12218	0.43452	0.77068	0.01315	1.000	the District Tournament, and can expect some impressive JV team members to move up and strengthen the
134	0.12030	0.41715	0.79135	0.01599	1.000	program next season. Both Boys and Girls Indoor Track & Field participated in the Dual Valley Conference
134	0.12030	0.40253	0.55263	0.01463	1.000	in 2016, where the boys were 4 - 4 and the girls finished with a 1 - 7 record.
134	0.12019	0.36736	0.77088	0.02214	1.000	In the spring, the Varsity Softball team qualified for the Central Mass Tournament for the 23°d consecutive
134	0.12020	0.35063	0.79158	0.02152	1.000	year with a 13 - 7 record. They advanced to the Semi-Finals, but fell to Uxbridge. Coach Reid won his 600th
134	0.12015	0.33578	0.76529	0.02336	1.000	game during this season, his 43rd year at Monty Tech. Coach Reid was also selected as the Massachusetts
134	0.12030	0.32118	0.77068	0.01612	1.000	Softball Coach of the Year. The JV Softball team ended their season 5 - 10. The Varsity Boys Volleyball
134	0.12030	0.30523	0.79511	0.01599	1.000	team was 19 - 4 and 12 - 0 in the Colonial Athletic League, winning the league Championship and qualifying
134	0.12218	0.29067	0.78383	0.01463	1.000	for both the State Vocational and District Tournaments. They advanced to the State Vocational Tournament
134	0.12218	0.27326	0.78759	0.01599	1.000	Finals, but fell to Greater New Bedford Regional Vocational technical High School 3 - O. The Varsity Base-
134	0.12024	0.25636	0.79711	0.01934	1.000	ball team finished at 11 - 9, winning the Colonial Athletic League Small School Championship. The JV Base-
134	0.12214	0.24222	0.78766	0.01506	1.000	ball team was 8 - 8 and the Freshmen Baseball team was 2 - 8. The Boys Track & Field team was 8 - 2, fin-
134	0.11842	0.22520	0.79699	0.01612	1.000	ishing 3rd in the Colonial Athletic League, while the Girls Track & Field team ended the season with a record
134	0.12030	0.20930	0.76316	0.01599	1.000	of 8 - 4, placing 5th in the Colonial Athletic League. The Varsity Boys Lacrosse team played in nineteen
134	0.12030	0.19320	0.78571	0.01910	1.000	games, finishing the season with a 9 - 10 record, missing the playoffs by only one game, and finishing 2nd in
134	0.12218	0.17878	0.67857	0.01319	1.000	the Colonial Athletic League. The JV Boys Lacrosse was 11 - 6 - 1, as we look to the future.
134	0.12030	0.14534	0.80075	0.01612	1.000	Congratulations to the Outstanding Male and Female athletes for 2015-2016, Kyle Morris and Kaitlyn MacAl-
134	0.11842	0.12936	0.75188	0.01599	1.000	ister. Dave Reid, Monty Tech's long-time Athletic Director, also received the prestigious "John Young
134	0.12218	0.11334	0.79511	0.01612	1.000	Award" from MIAA for his outstanding contribution and service to high school athletics throughout his forty-
134	0.12030	0.09884	0.16353	0.01453	1.000	three years of service.
134	0.51504	0.07267	0.02820	0.01017	1.000	134
135	0.33083	0.91270	0.39286	0.01612	1.000	Monty Tech School of Continuing Education
135	0.29699	0.87791	0.60338	0.01599	1.000	The Monty Tech School of Continuing Education continues to update and add
135	0.29699	0.86186	0.57895	0.01612	1.000	courses that emphasize a commitment to excellence by offering affordable,
135	0.29699	0.84448	0.62970	0.01744	1.000	quality, and enjoyable educational experiences. For the fall of 2015, Monty Tech
135	0.29699	0.82986	0.60902	0.01612	1.000	offered 67 classes with 667 registrations, and during the Spring 2016 semester,
135	0.29511	0.81250	0.63346	0.01744	1.000	there were 66 postgraduate and continuing studies courses, with 609 registrations.
135	0.29699	0.77902	0.58271	0.01612	1.000	The program, now under the leadership of Director Mary May-Lucchese, is
135	0.29511	0.76308	0.59211	0.01599	1.000	looking forward to expanding the number of small business partnerships and
135	0.29504	0.74562	0.58098	0.01762	1.000	increasing the number and quality of personal enrichment classes - sewing,
135	0.29511	0.72817	0.62030	0.01746	1.000	knitting, acrylic painting and sculpting, to name a few. In addition, the Director
135	0.11654	0.71354	0.79323	0.01612	1.000	has almost doubled the catalog distribution from 80,000 to 155,000 copies, and modified the saturation
135	0.11842	0.69913	0.57331	0.01453	1.000	market to provide the popular evening programs with additional exposure.
135	0.11654	0.66419	0.81203	0.01612	1.000	The School of Continuing Education is also looking forward to introducing a new software program with
135	0.11654	0.64826	0.77256	0.01744	1.000	robust reporting features and a very intuitive student and instructor portal. This web-based software
135	0.11654	0.63219	0.73120	0.01612	1.000	enhancement is critical to the program and very high on our list of priorities. The new online
135	0.11654	0.61483	0.69737	0.01744	1.000	registration feature will, no doubt, be received positively by students and instructors alike.
135	0.11842	0.58430	0.79699	0.01466	1.000	Spring 2017 will see our new ESL Beginner 1 and Beginner 2 courses come to fruition. These courses,
135	0.11842	0.56820	0.78195	0.01464	1.000	coupled with our career and certificate classes, speak directly to course combinations that provide our
135	0.11654	0.54936	0.75752	0.01612	1.000	community members an opportunity to grow, evolve and take their new skill set to the workforce.
135	0.11654	0.51736	0.80075	0.01761	1.000	The success (and sustainability) of an adult education program is based on hiring quality instructors and
135	0.11654	0.50145	0.78947	0.01744	1.000	meeting the needs of the community. We are in line to accomplish both! Our goal in the coming year
135	0.11466	0.48537	0.80451	0.01761	1.000	includes increasing our adult education course offerings, with a concentration on career programs. Stay
135	0.11654	0.46801	0.69925	0.01612	1.000	tuned for Pharmacy Technician, Medical Billing and Coding, Auto Damage Appraiser and
135	0.11842	0.45203	0.62970	0.01599	1.000	Apprenticeship opportunities at the Monty Tech School of Continuing Education.
135	0.40602	0.41715	0.24060	0.01599	1.000	Practical Nursing Program
135	0.11654	0.38219	0.77068	0.01612	1.000	The Practical Nursing Program is designed to prepare graduates to practice safely, ethically and in a
135	0.11842	0.36773	0.81391	0.01599	1.000	caring manner for patients who are experiencing common variations in health status in diverse health care
135	0.11654	0.35020	0.79511	0.01612	1.000	settings. This mission which is consistent with the philosophy and goals of the Montachusett Regional
135	0.11466	0.33284	0.51316	0.01745	1.000	Vocational Technical School District accomplishes the following:
135	0.16917	0.30233	0.60338	0.01464	1.000	Identifies a strong relationship between academic and vocational preparation
135	0.14850	0.28343	0.76504	0.01744	1.000	• Stresses the importance of developing critical thinking skills to function safely, effectively, and
135	0.17857	0.26736	0.48496	0.01612	1.000	productively in an ever-changing technical and diverse society
135	0.17857	0.25291	0.65602	0.01453	1.000	Supports the maintenance of a positive and caring learning and practice environment
135	0.11654	0.23537	0.76128	0.01463	1.000	The above mission and philosophy were met by the Practical Nursing program by several different
135	0.11840	0.22084	0.07335	0.01180	1.000	methods.
135	0.12030	0.18750	0.81015	0.01463	1.000	On June 23, 2016, a graduating class of 32 students completed the Practical Nursing Program and entered
135	0.11654	0.17006	0.74812	0.01599	1.000	the nursing profession. The class achieved an initial NCLEX pass rate of 91%, with 29 of the 32
135	0.11654	0.15402	0.78571	0.01612	1.000	graduates achieving 100% pass rate for the NCLEX-PN exam. Three graduates are waiting to sit their
135	0.11654	0.13663	0.76880	0.01599	1.000	NCLEX-PN exam. 94% of the 2016 graduates are currently employed in the health care profession
135	0.11654	0.12054	0.81391	0.01612	1.000	throughout Massachusetts, and many are working within the eighteen cities and towns of the Monty Tech
135	0.11842	0.10465	0.77820	0.01599	1.000	school district as LPNs in various health care settings, ranging from long term care, sub-acute care to
135	0.11654	0.08854	0.18421	0.01466	1.000	mental health facilities.
135	0.51504	0.07267	0.02820	0.01163	1.000	135
136	0.13910	0.92151	0.75376	0.01599	1.000	The Monty Tech Practical Nursing Program continues to develop the "LPN to BSN Bridge" relationship
136	0.13910	0.90551	0.77068	0.01463	1.000	with Fitchburg State University. Several 2016 graduates are pursuing seats in the LPN to BSN program at
136	0.13910	0.88808	0.78008	0.01599	1.000	ESU and will be continuing their education to the Bachelors in Nursing. Many present class applicants cited
136	0.14098	0.87500	0.76880	0.01314	1.000	as their attraction to Monty Tech as the opportunity to complete a ten-month accelerated program and then
136	0.13910	0.85610	0.26692	0.01599	1.000	bridge to Fitchburg State University.
136	0.14098	0.82703	0.75752	0.01308	1.000	Monty Tech Practical Nursing students are now completing patient scenarios in the Sim Lab on a weekly
136	0.13910	0.80952	0.75564	0.01463	1.000	basis in Term 2 and Term 3. The Faculty Sim team has implemented National League of Nursing (NLN)
136	0.14098	0.79360	0.75376	0.01453	1.000	patient scenarios consistent with our curriculum frameworks and have also utilized the Sim lab setting to
136	0.13722	0.77604	0.76504	0.01612	1.000	instruct students in developing nursing skills that they may not be experiencing in the clinical setting. In-
136	0.14098	0.76308	0.74436	0.01453	1.000	structors have successfully developed a pediatric patient scenario that is consistent with present student
136	0.13910	0.74702	0.37406	0.01315	1.000	learning outcomes and the clinical pediatric setting.
136	0.14098	0.71503	0.76880	0.01317	1.000	The Practical Nursing Program Faculty implemented new student learning outcomes across the curriculum
136	0.13910	0.69767	0.77068	0.01463	1.000	adopted from the Massachusetts Board of Higher Education Nurse of the Future Initiative LN Competen-
136	0.14098	0.68169	0.77444	0.01453	1.000	cies. The competencies have been recognized nationally as being consistent with current LN practice. The
136	0.13722	0.66567	0.78571	0.01463	1.000	Faculty will assess the revised student learning outcomes and our content to assure consistency with the new
136	0.13910	0.64971	0.49436	0.01453	1.000	NCLEX-PN Detailed Test Plan that will be released in March 2017.
136	0.13910	0.61628	0.78195	0.01599	1.000	The class of 2016 performed a community service project adopting a Monty Tech family in need referred by
136	0.13910	0.60020	0.78383	0.01761	1.000	Student Support Services. The nursing students purchased holiday gifts and food for the family, making sure
136	0.13910	0.58576	0.41165	0.01453	1.000	they were consistent with the family's requests or needs.
136	0.13910	0.55233	0.75564	0.01744	1.000	With an eye toward the program's future, forty-seven applicants were accepted to the Class of 2017, and
136	0.13910	0.53770	0.76504	0.01612	1.000	forty-five students enrolled and will continue in the tradition of high-quality practical nursing preparation.
136	0.13910	0.50570	0.11842	0.01464	1.000	Looking Ahead
136	0.13910	0.47384	0.77444	0.01599	1.000	While the Montachusett Regional Vocational Technical School District educational community is certainly
136	0.13910	0.45635	0.78195	0.01761	1.000	proud of the achievements of our talented students, faculty, and staff, we continue to have an eye toward the
136	0.13910	0.44041	0.77444	0.01744	1.000	future, always committed to improving our vocational and academic programming, strengthening key part-
136	0.13910	0.42584	0.77068	0.01612	1.000	nerships, and maintaining facilities that contribute to student success and achievement. As we look ahead,
136	0.13722	0.40988	0.77632	0.01599	1.000	there are a number of programs and initiatives that we expect will have a positive impact on our school and
136	0.13910	0.39534	0.19737	0.01314	1.000	students for years to come.
136	0.13910	0.36186	0.75376	0.01612	1.000	Expand partnerships with area businesses: The Machine Technology program at Monty Tech has a long
136	0.13910	0.34448	0.76880	0.01744	1.000	history of successfully placing students in machine and manufacturing shops in the area. Program instruc-
136	0.13722	0.32986	0.76316	0.01761	1.000	tors work closely with a nineteen-member program advisory committee to ensure instruction and training
136	0.13910	0.31395	0.76504	0.01599	1.000	equipment aligns with current industry standards, and welcome their guidance in this regard. With an eye
136	0.13722	0.29787	0.77256	0.01612	1.000	toward expanding opportunities for students interested in pursuing occupations in this high-demand indus-
136	0.14098	0.28198	0.76692	0.01465	1.000	try, program partner L. S. Starrett Company has suggested adding lessons in quality control and metrology
136	0.13722	0.26587	0.76692	0.01612	1.000	to the existing curriculum. Program instructors anticipate reconfiguring the instructional space to bring in
136	0.14098	0.25145	0.75564	0.01453	1.000	updated equipment, and will also add two industry-recognized certification exams to the curriculum. By
136	0.13904	0.23202	0.78209	0.01997	1.000	standardizing metrology instruction and providing students with opportunities to earn additional credentials,
136	0.14098	0.21948	0.74436	0.01465	1.000	program instructors are ensuring Monty Tech Machine Technology students are poised for a successful
136	0.13910	0.20203	0.31391	0.01599	1.000	school-to-work transition upon graduation.
136	0.13910	0.17006	0.74436	0.01599	1.000	Expand partnerships with area colleges and universities: Monty Tech students currently benefit from a
136	0.14098	0.15551	0.70489	0.01314	1.000	number of articulation and dual enrollment agreements with surrounding post-secondary partners.
136	0.51504	0.07267	0.02820	0.01017	1.000	136
137	0.13158	0.92151	0.78759	0.01308	1.000	In the coming years, we hope to expand those opportunities in two vocational-technical areas: Information
137	0.13158	0.90402	0.78947	0.01463	1.000	Technology and Early Childhood Education. By the end of 2016-2017, Monty Tech Information Technolo-
137	0.12970	0.88663	0.78947	0.01599	1.000	gy instructors will submit an articulation request to MWCC officials, to determine how our curriculum may
137	0.12970	0.87054	0.78947	0.01612	1.000	align with MWCC's Computer Information Systems Transfer Track (CIT) program. Additionally, instructors
137	0.12970	0.85610	0.79135	0.01599	1.000	in Monty Tech's Early Childhood Education program will continue discussions with Fitchburg State Univer-
137	0.13155	0.84003	0.78953	0.01641	1.000	sity officials, exploring the potential of embedding one college-level course into the senior year curriculum.
137	0.13158	0.82267	0.78947	0.01599	1.000	School officials continue to discuss the merits of aligning curriculum, securing appropriate adjunct professor
137	0.12970	0.80669	0.59023	0.01599	1.000	credentials, and costs associated with tuition and fees for the agreed upon course.
137	0.13158	0.76163	0.78759	0.01453	1.000	Expand Access to Instructional Technology: A Monty Tech education is effective because efforts are made
137	0.13158	0.74554	0.78759	0.01464	1.000	to continually assess our programming, instructional equipment, and our educational resources. Through
137	0.12970	0.72817	0.78947	0.01612	1.000	this assessment, it has become clear that while so many students have access to technology away from the
137	0.13158	0.71354	0.78759	0.01466	1.000	school, many do not. It is important, then, to arm every student with the tools necessary to succeed not only
137	0.12970	0.69618	0.79135	0.01612	1.000	in the workplace, but in the classroom, as well. The district is pleased to announce a whole-school technolo-
137	0.12970	0.68023	0.78947	0.01744	1.000	gy initiative, culminating in a September 2016 Chromebook distribution to each of our 1,435 students. It is
137	0.12970	0.66419	0.78947	0.01761	1.000	our hope that these devices will support learning, increase and streamline communication with teachers, and
137	0.13158	0.64971	0.32143	0.01453	1.000	promote collaboration among student peers.
137	0.12970	0.60020	0.79135	0.01612	1.000	Expand vocational-technical educational opportunities: As you know, Montachusett Regional Vocational
137	0.13158	0.58576	0.78947	0.01599	1.000	Technical School is home to twenty vocational-technical programs, and currently serves over 1,400 students
137	0.13158	0.57118	0.78947	0.01463	1.000	from eighteen cities and towns in North Central Massachusetts. We are so proud of our students and accom-
137	0.12970	0.55233	0.79135	0.01744	1.000	plishments, and every year we strive to provide only the best educational programs, both academic and voca-
137	0.13158	0.53919	0.78759	0.01463	1.000	tional, to each and every student. As we review our student demographic, the regional workforce data, and
137	0.12970	0.52180	0.78947	0.01599	1.000	feedback we have received from students interested in attending our school, we consider the benefits of add-
137	0.13158	0.50719	0.78759	0.01612	1.000	ing new vocational programs. We are pleased to announce that Monty Tech is bringing our 21% program to
137	0.13158	0.49128	0.78759	0.01453	1.000	the school - Animal/Veterinary Science. The new program, open to students Fall 2017, will respond to
137	0.13158	0.47520	0.78759	0.01463	1.000	much-needed workforce training and community services, and will effectively prepare students to enter both
137	0.13158	0.45930	0.33271	0.01317	1.000	college and career pathways upon graduation.
137	0.51692	0.07413	0.02632	0.01017	1.000	137
138	0.37594	0.93304	0.30075	0.01910	1.000	The Monty Tech School Committee
138	0.11466	0.89236	0.82143	0.01761	1.000	The Montachusett Regional Vocational Technical School District Committee is comprised of twenty-two
138	0.11466	0.87202	0.81955	0.01896	1.000	dedicated individuals, whose expertise proves invaluable in advising the district's operations, policies, and
138	0.11455	0.85432	0.09233	0.01957	1.000	procedures.
138	0.11466	0.81686	0.82143	0.01746	1.000	Our students continue to benefit from the broad scope of their experiences and varying perspectives, and we
138	0.11466	0.79787	0.78759	0.01761	1.000	are thankful to the following members of the 2015-2016 School Committee for their outstanding service.
138	0.41165	0.75868	0.22744	0.01894	1.000	Barbara Reynolds, Lunenburg
138	0.50376	0.74419	0.04887	0.01599	1.000	Chair
138	0.42293	0.70337	0.20489	0.01910	1.000	Brian J. Walker, Fitchburg
138	0.48489	0.68730	0.08660	0.01785	1.000	Vice Chair
138	0.15789	0.64680	0.22556	0.01890	1.000	Diane Swenson, Ashburnham
138	0.15789	0.62791	0.16165	0.01744	1.000	Peter Capone, Ashby
138	0.15789	0.60901	0.17293	0.01748	1.000	Toni L. Phillips, Athol
138	0.15977	0.59003	0.18797	0.01761	1.000	Whitney Marshall, Barre
138	0.15977	0.57267	0.20301	0.01599	1.000	Claudia Holbert, Fitchburg
138	0.15789	0.55233	0.20301	0.01744	1.000	Brian J. Walker, Fitchburg
138	0.15977	0.53343	0.24060	0.01744	1.000	Dr. Ronald Tourigny, Fitchburg
138	0.15977	0.51453	0.29887	0.01746	1.000	Leroy Clark/ Melanie Weeks, Fitchburg
138	0.15977	0.49554	0.33271	0.01761	1.000	Helen Lepkowski/ James S. Boone, Gardner
138	0.15789	0.47817	0.22744	0.01746	1.000	Eric D. Commodore, Gardner
138	0.15779	0.45750	0.10922	0.01960	1.000	TBD, Harvard
138	0.55451	0.64826	0.19737	0.01599	1.000	James Cournoyer, Holden
138	0.55639	0.62645	0.23308	0.01890	1.000	Kathleen Airoldi, Hubbardston
138	0.55451	0.60901	0.20489	0.01748	1.000	Edward Simms, Petersham
138	0.55451	0.59003	0.17481	0.01761	1.000	Eric Olson, Phillipston
138	0.55451	0.57118	0.20113	0.01748	1.000	John P. Mollica, Princeton
138	0.55451	0.55233	0.21241	0.01744	1.000	Mary C. Barclay, Royalston
138	0.55639	0.53343	0.26880	0.01890	1.000	Dr. Kenneth I.H. Williams, Sterling
138	0.55451	0.51453	0.22180	0.01746	1.000	James M. Gilbert, Templeton
138	0.55451	0.49554	0.19925	0.01761	1.000	Ross Barber, Westminster
138	0.55451	0.47669	0.25940	0.01895	1.000	Burton E. Gould, Jr., Winchendon
138	0.43609	0.42006	0.17857	0.01893	1.000	Terri Hillman, Gardner
138	0.48773	0.40175	0.07720	0.01800	1.000	Secretary
138	0.45113	0.36628	0.14850	0.01599	1.000	Norman J. LeBlanc
138	0.45677	0.34884	0.13910	0.01453	1.000	District Treasurer
138	0.41729	0.30804	0.21241	0.01761	1.000	Respectfully Submitted By:
138	0.43233	0.28919	0.18797	0.01761	1.000	Sheila M. Harrity, Ed.D.
138	0.43233	0.27035	0.18609	0.01744	1.000	Superintendent-Director
138	0.32707	0.25145	0.39850	0.01744	1.000	Montachusett Regional Vocational Technical School
138	0.45113	0.23256	0.15038	0.01744	1.000	December 14, 2016
138	0.29699	0.19186	0.45677	0.01895	1.000	Montachusett Regional Vocational Technical School
138	0.41729	0.17436	0.21805	0.01612	1.000	1050 Westminster Street
138	0.42857	0.15104	0.19361	0.01761	1.000	Fitchburg, MA 01420
138	0.45865	0.13219	0.13346	0.01761	1.000	(978) 345-9200
138	0.44173	0.11047	0.16917	0.01599	0.500	www.montytech.net
138	0.51504	0.07267	0.02820	0.01163	1.000	138
139	0.40414	0.57267	0.25564	0.02629	1.000	TOWN CLERK
139	0.51692	0.07413	0.02632	0.00872	1.000	139
140	0.39850	0.87202	0.25564	0.02042	1.000	VITAL RECORDS REPORT
140	0.14662	0.82413	0.75752	0.01890	1.000	AT THE RECOMMENDATION OF THE REGISTRY OF VITAL RECORDS AND U.S. DE-
140	0.13534	0.80669	0.77820	0.01599	1.000	PARTMENT OF STATE AND FOR THE SAFETY AND SECURITY OF THE RESIDENTS OF
140	0.13346	0.78770	0.78195	0.01910	1.000	TOWN, NAMES OF INDIVIDUALS HAVE BEEN ELIMINATED AND INSTEAD THE NUM-
140	0.15226	0.77034	0.74436	0.01891	1.000	BER OF OCCURANCES OF EACH BIRTH, MARRIAGE AND DEATH ARE TOTALLED
140	0.44925	0.75436	0.15038	0.01895	1.000	FOR THE YEAR.
140	0.23496	0.70486	0.58271	0.01761	1.000	DURING 2016 THE TOWN CLERK RECORDED THE FOLLOWING:
140	0.27256	0.65551	0.11466	0.01463	1.000	BIRTHS- 107
140	0.44925	0.65402	0.11466	0.01761	1.000	DEATHS- 79
140	0.62594	0.65551	0.15226	0.01612	1.000	MARRIAGES- 42
140	0.51692	0.07413	0.02632	0.00872	1.000	140
141	0.38158	0.92733	0.28383	0.01464	1.000	TOWN MEETING EXCERPTS
141	0.38722	0.87645	0.31203	0.01744	1.000	Annual Town Meeting - May 5, 2016
141	0.12594	0.84301	0.80075	0.01746	1.000	The Annual Town Meeting was called to order at 9:05 A.M. in the Lunenburg High School Au-
141	0.12594	0.82558	0.80075	0.01891	1.000	ditorium (it was noted that this is the last town meeting to be held in the Cushing Auditorium
141	0.12594	0.81101	0.79887	0.01314	1.000	as the new Middle/High School will be completed soon) a quorum was declared present and the
141	0.12594	0.79215	0.79887	0.01744	1.000	warrant noted as being properly served. We pledged allegiance, the Moderator went over the
141	0.12594	0.77471	0.80263	0.01894	1.000	rules of conduct and also noted a conflict with Article 45 relative to the Water District (he is
141	0.12577	0.75276	0.80297	0.02692	1.000	Moderator for the District) and would appoint Tom Bodkin to serve as Moderator for that ar-
141	0.12594	0.73983	0.04511	0.01744	1.000	ticle.
141	0.12594	0.70486	0.80075	0.01612	1.000	ARTICLE 1. To see if the Town will vote to re-authorize in accordance with MGL Chapter 44,
141	0.12594	0.68601	0.80075	0.01893	1.000	§53E½, the Ambulance Billing Revolving Fund. The purpose of this fund will be to cover the cost
141	0.12594	0.67151	0.79887	0.01453	1.000	associated with compensating third party advanced life support companies and third party billing
141	0.12594	0.65402	0.80075	0.01463	1.000	companies that contract and supply services to the Town. Five percent (5%) of the total revenue gen-
141	0.12594	0.63517	0.80075	0.01599	1.000	erated by ambulance services rendered and 100% of the revenue generated by Advanced Life Sup-
141	0.12594	0.61773	0.80075	0.01599	1.000	port services rendered shall be deposited into said revolving fund. The proceeds of said Revolving
141	0.12594	0.60020	0.80075	0.01612	1.000	Fund shall be expended by the Fire Department without further appropriation for the sole purpose of
141	0.12406	0.58284	0.80263	0.01745	1.000	reimbursing the aforementioned companies for services rendered to the Town; expenditures from the
141	0.12406	0.56541	0.80451	0.01599	1.000	revolving fund may not exceed $65,000 during the fiscal year without the approval of the Board of
141	0.12594	0.54787	0.80075	0.01612	1.000	Selectmen and Finance Committee or take any other action relative thereto. (Submitted by Fire
141	0.12594	0.53051	0.80263	0.01612	1.000	Chief) Board of Selectmen recommends approval. Finance Committee recommends approval. VOT-
141	0.12594	0.51587	0.25752	0.01320	1.000	ED UNANIMOUS CONSENT
141	0.12594	0.47669	0.80263	0.01761	1.000	ARTICLE 2. To see if the Town will vote to re-authorize in accordance with MGL Chapter 44,
141	0.12594	0.45930	0.80075	0.01744	1.000	§53E½, the Timber Rights Revolving Fund, such fund to be redited with the proceeds of sale by the
141	0.12594	0.44320	0.80075	0.01612	1.000	Conservation Commission of the rights to harvest timber; funds in the account to be expended for the
141	0.12594	0.42584	0.80075	0.01747	1.000	acquisition of land for conservation purposes and associated costs of such acquisitions, including but
141	0.12594	0.40843	0.80075	0.01599	1.000	not limited to appraisals and payment of accrued taxes; such funds may also be expended for im-
141	0.12594	0.39087	0.80075	0.01612	1.000	provements on land already under the custody and control of the Conservation Commission; the Con-
141	0.12594	0.37351	0.80075	0.01612	1.000	servation Commission may expend such funds without further appropriation; expenditures from the
141	0.12406	0.35610	0.80451	0.01599	1.000	revolving fund may not exceed $10,000 during the fiscal year without the approval of the Board of
141	0.12594	0.33854	0.80075	0.01612	1.000	Selectmen and Finance Committee; or take any other action relative thereto. (Submitted by Conser-
141	0.12406	0.32118	0.80263	0.01748	1.000	vation Commission) Board of Selectmen recommends approval. Finance Committee recommends
141	0.12594	0.30378	0.37782	0.01599	1.000	approval. VOTED UNANIMOUS CONSENT
141	0.12594	0.26885	0.80075	0.01612	1.000	ARTICLE 3. To see if the Town will vote to re-authorize in accordance with MGL Chapter 44,
141	0.12594	0.25145	0.80075	0.01599	1.000	§53E½, the Custodial Special Detail Revolving Fund, for the purpose of paying special detail salaries
141	0.12594	0.23401	0.80075	0.01748	1.000	for outside functions. Charges and money received from outside organizations in connection with
141	0.12594	0.21652	0.80075	0.01612	1.000	this program are to be deposited in said revolving fund and expended by the Lunenburg School Com-
141	0.12594	0.19913	0.80075	0.01744	1.000	mittee without further appropriation for the sole purpose of paying personnel for hours worked. Said
141	0.12406	0.18169	0.80263	0.01599	1.000	revolving account expenditures shall not exceed $13,000 per year without the approval of the Board
141	0.12594	0.16419	0.80075	0.01612	1.000	of Selectmen and Finance Committee; or take any other action relative thereto. (Submitted by School
141	0.12594	0.14680	0.80075	0.01599	1.000	Committee) Board of Selectmen recommends approval. Finance Committee recommends approval.
141	0.12594	0.13219	0.29887	0.01316	1.000	VOTED UNANIMOUS CONSENT
141	0.51504	0.07267	0.02820	0.01017	1.000	141
142	0.37030	0.91270	0.31391	0.01612	1.000	Annual Town Meeting - May 5, 2016
142	0.12970	0.87791	0.79699	0.01599	1.000	ARTICLE 4. To see if the Town will vote to re-authorize in accordance with MGL Chapter 44,
142	0.12970	0.86037	0.79511	0.01612	1.000	§53E½, the Green Thumb Revolving Fund, to support the Green Thumb Program at Lunenburg
142	0.12970	0.84301	0.79511	0.01746	1.000	High School. Fees, charges, and money received from sales of items in connection with this pro-
142	0.12970	0.82558	0.79511	0.01744	1.000	gram are to be deposited in this Revolving Fund Account and expended for the operation of this pro-
142	0.12970	0.80804	0.79511	0.01761	1.000	gram by the Lunenburg School Committee without further appropriation; said revolving account ex-
142	0.12970	0.79067	0.79511	0.01612	1.000	penditures shall not exceed $5,000 per year without the approval of the Board of Selectmen and Fi-
142	0.12970	0.77326	0.79511	0.01744	1.000	nance Committee; or take any other action relative thereto. (Submitted by School Committee)
142	0.12970	0.75570	0.79511	0.01612	1.000	Board of Selectmen recommends approval. Finance Committee recommends approval. VOTED
142	0.12970	0.73983	0.22368	0.01464	1.000	UNANIMOUS CONSENT
142	0.12970	0.70337	0.79699	0.01612	1.000	ARTICLE 5. To see if the Town will re-authorize in accordance with MGL Chapter 44, §53E½,
142	0.12970	0.68601	0.79511	0.01612	1.000	the Library Revolving Fund, to receive funds from library fines and penalties, said funds to be ex-
142	0.12782	0.66860	0.79699	0.01744	1.000	pended by the Trustees of Lunenburg Public Library for the purchase of library and information ma-
142	0.12782	0.65104	0.79699	0.01612	1.000	terials and document information and electronic data delivery. Expenditures from the revolving
142	0.12970	0.63368	0.79511	0.01612	1.000	fund may not exceed $12,000 during the fiscal year without the approval of the Board of Selectmen
142	0.12970	0.61628	0.79511	0.01599	1.000	and Finance Committee; or take any other action relative thereto. (Submitted by Library Director)
142	0.12970	0.59884	0.79323	0.01599	1.000	Board of Selectmen recommends approval. Finance Committee recommends approval. VOTED
142	0.12970	0.58430	0.22368	0.01317	1.000	UNANIMOUS CONSENT
142	0.12970	0.54651	0.79699	0.01599	1.000	ARTICLE 6. To see if the Town will vote to re-authorize in accordance with MGL Chapter 44,
142	0.12970	0.52902	0.79323	0.01761	1.000	§53E½, the Council on Aging/Montachusett Area Regional Transit (MART) Elderly Transportation
142	0.12970	0.51163	0.79511	0.01599	1.000	Revolving Fund; the operation of said account shall be conducted by the Council on Aging, and the
142	0.12970	0.49419	0.79511	0.01747	1.000	Senior Center Director; funds in this account shall be spent on the dispatch, operation, maintenance
142	0.12970	0.47669	0.79511	0.01612	1.000	and record keeping of the MART vehicles for the elderly transportation program; all receipts result-
142	0.12782	0.45930	0.79699	0.01744	1.000	ing from MART reimbursements shall be credited to this account; said revolving account expendi-
142	0.12782	0.44186	0.79699	0.01599	1.000	tures shall not exceed $45,000 per year without the prior approval of the Board of Selectmen and the
142	0.12970	0.42436	0.79511	0.01761	1.000	Finance Committee; or take any other action relative thereto. (Submitted by Council on Aging)
142	0.12970	0.40698	0.79323	0.01599	1.000	Board of Selectmen recommends approval. Finance Committee recommends approval. VOTED
142	0.12970	0.39236	0.22556	0.01316	1.000	UNANIMOUS CONSENT
142	0.12970	0.35465	0.79511	0.01599	1.000	ARTICLE 7. To see if the Town will vote to hear and/or accept the regular written reports of the
142	0.12970	0.33721	0.79699	0.01599	1.000	Town Officers and Committees; or take any other action relative thereto. (Submitted by Board of
142	0.14474	0.32118	0.76692	0.01612	1.000	electmen) Board of Selectmen recommends approval. Finance Committee reports no direct finar
142	0.14474	0.30669	0.76504	0.01747	1.000	al impact. VOTED UNANIMOUSLY (to accept and heard report about the closing of the his
142	0.12967	0.28628	0.06208	0.01755	1.000	school)
142	0.12970	0.25145	0.74436	0.01453	1.000	ARTICLE 8. To see if the Town will vote to raise and appropriate, or transfer from available
142	0.12782	0.23401	0.78571	0.01599	1.000	funds, a sum of money for payment of prior year expenses; or take any other action relative thereto.
142	0.13715	0.21467	0.75766	0.01955	1.000	Submitted by the Town Accountant) Board of Selectmen and Finance Committee to make recom
142	0.13910	0.20337	0.43421	0.01612	1.000	dendations at town meeting, VOTED TO PASS OVEF
142	0.51504	0.07122	0.02820	0.01308	1.000	142
143	0.37218	0.90988	0.31203	0.01745	1.000	Annual Town Meeting - May 5, 2016
143	0.13158	0.85756	0.75188	0.01744	1.000	ARTICLE 9. To see if the Town will vote to appropriate and transfer from available funds, all
143	0.12970	0.84152	0.78759	0.01761	1.000	sums of money necessary to amend the amounts voted for the Town's FY'2016 Budget, under Arti-
143	0.12970	0.82267	0.75940	0.01745	1.000	cle 15 of the May 2, 2015 Town Meeting; or take any other action thereto. (Submitted by Town
143	0.13158	0.80669	0.78008	0.01747	1.000	Manager) Board of Selectmen and Finance Committee to make recommendations at town meeting.
143	0.13158	0.78770	0.75940	0.01761	1.000	VOTED UNANIMOUSLY to transfer from Line 13/Reserve Fund, the sum of $75,000.00; and
143	0.13158	0.77034	0.76880	0.01745	1.000	from Line 14/Unemployment Expense, the sum of $10,000.00; and to transfer to Line 13A/Salary
143	0.13158	0.75436	0.77256	0.01599	1.000	Reserve Fund, the sum of $15,000.00, and to Line 30/Legal Expenses, the sum of $60,000.00; and
143	0.12970	0.73686	0.77256	0.01761	1.000	to Line 49/Wiring Inspector, the sum of $10,000.00; to amend the amounts voted under Article 15
143	0.12970	0.71801	0.34211	0.01746	1.000	of the May 2, 2015 Annual Town Meeting.
143	0.13158	0.68452	0.79323	0.01761	1.000	ARTICLE 10. To see if the Town will vote to transfer from available funds, the sum of Ten Thou-
143	0.12970	0.66715	0.79699	0.01744	1.000	sand Dollars ($10,000.00) to fund a market analysis of municipal buildings (Brooks House, Ritter
143	0.13158	0.64971	0.79323	0.01745	1.000	Memorial, Town Hall & Old Primary); or take any other action relative thereto. (Submitted by the
143	0.13158	0.63219	0.79323	0.01612	1.000	Building Reuse Committee) Board of Selectmen recommends approval. Finance Committee recom-
143	0.12962	0.61448	0.79525	0.01939	1.000	mends approval. VOTED UNANIMOUSLY to transfer from Article 15 of the 5/2/15 Annual Town
143	0.13158	0.59738	0.79323	0.01745	1.000	Meeting - Line 13/Reserve Fund, the sum of $10,000.00; to fund a market analysis of municipal
143	0.12970	0.57837	0.72744	0.01910	1.000	buildings (Brooks House, Ritter Memorial, Town Hall and Old Primary buildings) in FY16.
143	0.13158	0.54506	0.79323	0.01744	1.000	ARTICLE 11. To see if the Town will vote to raise and appropriate or transfer from available
143	0.12970	0.52753	0.79511	0.01761	1.000	funds, $3,611.32 to fund the first year of the FY15, FY16 & FY17 Lunenburg Professional Fire-
143	0.13158	0.51017	0.79323	0.01745	1.000	fighters PFFM, Local 4358A Collective Bargaining Agreement dated July 1, 2014 to June 30, 2017;
143	0.12970	0.49273	0.79511	0.01744	1.000	or take any other action thereto. (Submitted by Town Manager) Board of Selectmen recommends
143	0.12970	0.47520	0.79511	0.01761	1.000	approval. Finance Committee recommends approval. VOTED UNANIMOUSLY to transfer from
143	0.13158	0.45784	0.79511	0.01612	1.000	Article 15 of the 5/2/15 Annual Town Meeting - Line 13A/Salary Reserve Fund, the sum of
143	0.12970	0.44041	0.79511	0.01744	1.000	$3,611.32; to fund the first year of the FY15-FY17 Lunenburg Professional Firefighters PFFM, Lo-
143	0.12970	0.42151	0.64286	0.01748	1.000	cal 4358A Collective Bargaining Agreement dated July 1, 2014 to June 30, 2017.
143	0.13158	0.38808	0.74812	0.01744	1.000	ARTICLE 12. To see if the Town will vote to raise and appropriate or transfer from available
143	0.12970	0.37054	0.76880	0.01761	1.000	funds, a sum of money to fund the first year of the FY16, FY17 & FY18 Public Employees Local
143	0.13158	0.35317	0.78008	0.01746	1.000	Union 39 of the Laborers' International Union of North America Collective Bargaining Agreement
143	0.12970	0.33576	0.78947	0.01744	1.000	dated July 1, 2015 to June 30, 2018; or take any other action thereto. (Submitted by Town Manager)
143	0.13158	0.31969	0.78571	0.01612	1.000	Board of Selectmen and Finance Committee to make recommendations at town meeting. Article 12
143	0.13158	0.30233	0.18233	0.01464	1.000	was PASSED OVER.
143	0.13158	0.26587	0.74624	0.01761	1.000	ARTICLE 13. To see if the Town will vote to raise and appropriate or transfer from available
143	0.13158	0.24851	0.78008	0.01748	1.000	funds, a sum of money to fund the first year of the FY17, FY18 & FY19 Police Officers Collective
143	0.13158	0.23110	0.78947	0.01744	1.000	Bargaining Agreement dated July 1, 2016 to June 30, 2019 with IBPO Local 353, AFL-CIO; or take
143	0.12970	0.21354	0.78008	0.01761	1.000	any other action thereto. (Submitted by Town Manager) Board of Selectmen and Finance Commit-
143	0.12970	0.19618	0.64662	0.01748	1.000	tee to make recommendations at town meeting. Article 13 was PASSED OVER.
143	0.51504	0.07267	0.02820	0.01163	1.000	143
144	0.37218	0.90551	0.31203	0.01612	1.000	Annual Town Meeting - May 5, 2016
144	0.13158	0.87351	0.79135	0.01748	1.000	ARTICLE 14. To see if the Town will vote to raise and appropriate or transfer from available funds
144	0.12970	0.85610	0.78195	0.01744	1.000	a sum of money for the FY 2017 Capital Plan, as appearing in the Capital Planning Committee Re-
144	0.12970	0.84003	0.77068	0.01612	1.000	port, or take any action relative thereto. (Submitted by the Capital Planning Committee) Board of
144	0.13158	0.82118	0.76128	0.01748	1.000	Selectmen recommends approval. Finance Committee recommends approval. VOTED UNANI-
144	0.13158	0.80378	0.75752	0.01744	1.000	MOUSLY to raise and appropriate the sum of $349,023.05 and to transfer the sum of $1,369.59
144	0.13158	0.78634	0.76128	0.01748	1.000	from Article 16 of the May 5, 2012 Annual Town Meeting; and $2,364.70 from Article 14 of the
144	0.13158	0.76885	0.76128	0.01761	1.000	May 4, 2013 Annual Town Meeting; and $12,817.66 from Article 14 of the May 3, 2014 Annual
144	0.12970	0.75145	0.74624	0.01744	1.000	Town Meeting; and $3,900.00 from Article 14 of the May 2, 2015 Annual Town Meeting; and
144	0.12970	0.73401	0.78759	0.01748	1.000	transfer from Free Cash the sum of $250,000.00 for a total appropriation of $619,475.00 to fund the
144	0.12962	0.71587	0.50765	0.02041	1.000	FY17 Capital Plan, as appearing in the Capital Planning Report.
144	0.13158	0.68304	0.74624	0.01612	1.000	ARTICLE 15. To see if the Town will vote to raise and appropriate or transfer from available
144	0.12970	0.66419	0.76692	0.01761	1.000	funds, a sum of money to defray the charges and expenses of the Town for FY2017 and to fix the
144	0.12970	0.64826	0.76692	0.01744	1.000	salaries and compensation of all elected officials of the Town and any other items included in the
144	0.12970	0.62936	0.79323	0.01895	1.000	budget of the Town Manager; or take any other action thereto. (Submitted by Town Manager) Board
144	0.12970	0.61334	0.75188	0.01747	1.000	of Selectmen and Finance Committee recommend approval of $33,802,328. VOTED UNANI-
144	0.13158	0.59448	0.77068	0.01744	1.000	MOUSLY to raise and appropriate $32,784,764.24, transfer $10,868.00 from Septic Receipts Re-
144	0.12970	0.57703	0.78947	0.01746	1.000	served for Appropriation, transfer $912,291.76 from the Sewer Enterprise Fund, transfer $31,623.00
144	0.12970	0.55952	0.77256	0.01896	1.000	from the Student Transportation Offset Receipt Fund, and transfer $62,781.00 from Water Better-
144	0.12970	0.54360	0.68609	0.01890	1.000	ment Revenue to defray the charges and expenses of the Town for Fiscal Year 2017 of
144	0.12970	0.52471	0.79323	0.01894	1.000	$33,802,328.00, and to fix the salaries and compensation of all elected officials of the Town and any
144	0.12970	0.50868	0.53947	0.01748	1.000	other items included in the budget of the Town Manager as follows:
144	0.32700	0.46206	0.04524	0.01193	1.000	LINE#
144	0.61838	0.46214	0.04331	0.01467	1.000	FY 17
144	0.32707	0.40552	0.01316	0.01453	1.000	1
144	0.32895	0.37936	0.01128	0.01308	1.000	2
144	0.32707	0.35174	0.01316	0.01308	1.000	3
144	0.32707	0.32267	0.02444	0.01453	0.300	ЗА
144	0.32707	0.28052	0.02256	0.01599	0.300	3в
144	0.34586	0.19913	0.01128	0.01017	0.500	4
144	0.34586	0.17151	0.01128	0.01163	1.000	5
144	0.43228	0.46202	0.06965	0.01200	1.000	ACCOUNT
144	0.38346	0.43169	0.15977	0.01453	1.000	Maturing Debt & Interest
144	0.38143	0.40344	0.10557	0.01724	1.000	Principal-Loans
144	0.37970	0.37791	0.10526	0.01308	1.000	Interest -Loans
144	0.37782	0.34884	0.17293	0.01453	1.000	interest-Temporary Loans
144	0.37970	0.32267	0.14098	0.01599	1.000	Administrative Fees-
144	0.38716	0.30658	0.04522	0.01474	1.000	Loans
144	0.38346	0.28051	0.14098	0.01612	1.000	Bond Issuance Costs
144	0.38148	0.24958	0.13365	0.01974	1.000	Total Maturing Debt
144	0.38346	0.22529	0.08271	0.01599	1.000	Unclassified
144	0.40385	0.19488	0.12652	0.02012	1.000	Liability Insurance
144	0.38910	0.16860	0.15602	0.01744	1.000	Workers Compensation
144	0.38910	0.14087	0.15789	0.01761	1.000	Group Health Insurance
144	0.56767	0.40552	0.01880	0.01453	1.000	$
144	0.56767	0.37791	0.01880	0.01453	1.000	$
144	0.56767	0.35029	0.01692	0.01453	1.000	$
144	0.56767	0.32122	0.01692	0.01599	1.000	$
144	0.56767	0.27907	0.01504	0.01744	1.000	$
144	0.56767	0.25145	0.01880	0.01599	1.000	$
144	0.62406	0.40552	0.08647	0.01599	1.000	3,097,672.00
144	0.62577	0.37595	0.08492	0.01845	1.000	1,742,303.00
144	0.68421	0.35029	0.01128	0.01163	1.000	-
144	0.64462	0.32094	0.06603	0.01800	1.000	16,856.00
144	0.62396	0.25116	0.08666	0.01803	1.000	4,856,831.00
144	0.56767	0.19622	0.01692	0.01599	1.000	$
144	0.56767	0.16860	0.01692	0.01599	1.000	$
144	0.56767	0.14099	0.01504	0.01599	1.000	$
144	0.63327	0.19571	0.07557	0.01846	1.000	219,061.00
144	0.63704	0.16678	0.06991	0.02109	1.000	64,984.00
144	0.62026	0.13798	0.08842	0.02055	1.000	1,907,185.00
144	0.51316	0.07122	0.03195	0.01453	1.000	144
145	0.34586	0.93895	0.00940	0.01163	1.000	7
145	0.34398	0.90843	0.01128	0.01017	1.000	8
145	0.33835	0.81250	0.02256	0.01599	1.000	11
145	0.33835	0.78052	0.02256	0.01599	1.000	12
145	0.33835	0.75000	0.02256	0.01599	1.000	13
145	0.33459	0.71802	0.03008	0.01599	1.000	13A
145	0.33835	0.68750	0.02256	0.01599	1.000	14
145	0.33459	0.65552	0.03195	0.01599	1.000	14A
145	0.33835	0.60756	0.02256	0.01599	1.000	15
145	0.33835	0.49709	0.02256	0.01744	1.000	16
145	0.33835	0.46512	0.02256	0.01890	1.000	17
145	0.33835	0.43459	0.02256	0.01599	1.000	18
145	0.33835	0.40407	0.02256	0.01599	1.000	19
145	0.33835	0.37209	0.02256	0.01599	1.000	20
145	0.33835	0.34157	0.02256	0.01599	1.000	21
145	0.33835	0.30959	0.02256	0.01599	1.000	22
145	0.33835	0.27907	0.02256	0.01599	1.000	23
145	0.33835	0.24855	0.02256	0.01453	1.000	24
145	0.33835	0.19913	0.02256	0.01599	1.000	25
145	0.33835	0.16715	0.02256	0.01744	1.000	26
145	0.33835	0.13663	0.02256	0.01599	1.000	27
145	0.33835	0.10610	0.02256	0.01599	1.000	28
145	0.39286	0.93601	0.14098	0.01748	1.000	Group Life Insurance
145	0.43045	0.90552	0.06767	0.01599	1.000	Physicals
145	0.40038	0.87351	0.12782	0.01748	1.000	Print Town Reports
145	0.41536	0.84286	0.09597	0.01778	1.000	MRPC Assess
145	0.39098	0.81101	0.14850	0.01748	1.000	Historical Commission
145	0.41342	0.78012	0.10173	0.01824	1.000	Band Concerts
145	0.41726	0.74990	0.09405	0.01764	1.000	Reserve Fund
145	0.39286	0.71801	0.14098	0.01746	1.000	Salary Reserve Fund
145	0.38346	0.68601	0.16165	0.01893	1.000	Unemployment Expense
145	0.37594	0.65551	0.17105	0.01891	1.000	Unemployment Exp.-Stab
145	0.44737	0.63953	0.03947	0.01599	1.000	Fund
145	0.38910	0.60756	0.15226	0.01744	1.000	Medicare Town's Share
145	0.41157	0.57673	0.10543	0.01805	1.000	Total Gen Govt.
145	0.42099	0.55940	0.08846	0.01638	1.000	Unclassified
145	0.39662	0.52753	0.13910	0.01761	1.000	General Government
145	0.38346	0.49702	0.16165	0.01761	1.000	Finance Comm. Expense
145	0.40038	0.46503	0.12782	0.01761	1.000	Annual Town Audit
145	0.38910	0.43452	0.15038	0.01761	1.000	Charter Review Comm.
145	0.40038	0.40402	0.12970	0.01612	1.000	Selectmen's Admin
145	0.40038	0.37202	0.12782	0.01612	1.000	Selectmen Salaries
145	0.39286	0.34003	0.14286	0.01761	1.000	Town Manager Salary
145	0.38534	0.30804	0.15789	0.01910	1.000	Town Manager Expense
145	0.40593	0.27728	0.11858	0.01811	1.000	Town Accountant
145	0.41721	0.24683	0.08664	0.01796	1.000	Treasurer's
145	0.41729	0.23110	0.10150	0.01599	1.000	Administration
145	0.40590	0.19724	0.11677	0.01977	1.000	Banking Charges
145	0.39098	0.16715	0.14662	0.01890	1.000	Tax Collector's Admin
145	0.39850	0.13663	0.13158	0.01599	1.000	Assessor's Salaries
145	0.42098	0.10445	0.08097	0.01784	1.000	Assessor's
145	0.50940	0.07122	0.03571	0.01599	1.000	145
145	0.56955	0.93750	0.01128	0.01453	1.000	$
145	0.56955	0.90698	0.01128	0.01308	1.000	$
145	0.56955	0.87500	0.01128	0.01453	1.000	$
145	0.56955	0.84448	0.01128	0.01308	1.000	$
145	0.56955	0.81395	0.01128	0.01308	1.000	$
145	0.56955	0.78198	0.01128	0.01453	1.000	$
145	0.56955	0.75000	0.01128	0.01453	1.000	$
145	0.56955	0.71948	0.01128	0.01308	1.000	$
145	0.56955	0.68750	0.01128	0.01453	1.000	$
145	0.56767	0.65407	0.01692	0.01599	1.000	$
145	0.56955	0.60901	0.01128	0.01308	1.000	$
145	0.56955	0.57703	0.01128	0.01453	1.000	$
145	0.56955	0.49855	0.01128	0.01308	1.000	$
145	0.56955	0.46657	0.00940	0.01308	1.000	$
145	0.57707	0.43605	0.01128	0.01308	1.000	$
145	0.56955	0.40407	0.01128	0.01599	1.000	$
145	0.56955	0.37355	0.00940	0.01308	1.000	$
145	0.56579	0.34012	0.01504	0.01599	1.000	$
145	0.56955	0.31105	0.01128	0.01453	1.000	$
145	0.56955	0.28052	0.01128	0.01308	1.000	$
145	0.56955	0.24855	0.01128	0.01453	1.000	$
145	0.56955	0.20058	0.01128	0.01453	1.000	$
145	0.56955	0.16860	0.01128	0.01453	1.000	$
145	0.56767	0.13663	0.01692	0.01453	1.000	$
145	0.56955	0.10610	0.01128	0.01453	1.000	$
145	0.63346	0.93314	0.06955	0.02180	1.000	22,635.00
145	0.64286	0.90407	0.06015	0.01890	1.000	3,500.00
145	0.63346	0.87064	0.06955	0.02326	1.000	12,000.00
145	0.64098	0.84012	0.06203	0.02180	1.000	3,278.00
145	0.63910	0.80959	0.06391	0.02035	1.000	3,000.00
145	0.64474	0.77907	0.05827	0.01890	1.000	4,200.00
145	0.63346	0.74564	0.06955	0.02180	1.000	50,000.00
145	0.63534	0.71657	0.06767	0.01890	1.000	93,996.00
145	0.63346	0.68314	0.06955	0.02180	1.000	10,000.00
145	0.68609	0.65407	0.01692	0.02035	1.000	•
145	0.62572	0.60414	0.07751	0.02138	1.000	221,902.00
145	0.61466	0.57413	0.08835	0.02035	1.000	2,615,696.00
145	0.65414	0.49709	0.04887	0.01599	1.000	800.00
145	0.63497	0.46145	0.06841	0.02187	1.000	46,500.00
145	0.63327	0.39932	0.06992	0.02112	1.000	46,650.00
145	0.65602	0.37209	0.04699	0.01599	1.000	500.00
145	0.62579	0.33688	0.07737	0.02246	1.000	127,500.00
145	0.64089	0.30797	0.06220	0.01923	1.000	5,500.00
145	0.62774	0.27599	0.07534	0.02068	1.000	171,709.00
145	0.63346	0.24419	0.06955	0.02180	1.000	65,729.00
145	0.64286	0.19622	0.06015	0.02035	1.000	1,000.00
145	0.63534	0.16279	0.06767	0.02180	1.000	81,441.00
145	0.62777	0.10309	0.07528	0.01912	1.000	158,298.00
146	0.34023	0.93169	0.02068	0.01453	1.000	29
146	0.33835	0.89971	0.02444	0.01599	1.000	30
146	0.33835	0.86919	0.02256	0.01599	1.000	31
146	0.33835	0.83721	0.02256	0.01599	1.000	32
146	0.33835	0.80669	0.02256	0.01599	1.000	33
146	0.33835	0.77616	0.02444	0.01599	1.000	34
146	0.33835	0.74419	0.02256	0.01599	1.000	35
146	0.33835	0.71221	0.02444	0.01744	1.000	36
146	0.33835	0.68314	0.02256	0.01453	1.000	37
146	0.34023	0.57267	0.02068	0.01453	1.000	38
146	0.33835	0.47820	0.02256	0.01453	1.000	39
146	0.33835	0.44477	0.02444	0.01599	1.000	40
146	0.33835	0.41424	0.02444	0.01599	1.000	41
146	0.33835	0.38227	0.02444	0.01599	1.000	42
146	0.33835	0.29942	0.02444	0.01744	1.000	43
146	0.33271	0.26744	0.03571	0.01744	1.000	43A
146	0.33835	0.23547	0.02444	0.01744	1.000	44
146	0.33835	0.20349	0.02444	0.01599	1.000	45
146	0.34023	0.14099	0.02256	0.01599	1.000	46
146	0.39850	0.93023	0.13910	0.01744	1.000	Technology Director
146	0.41165	0.89826	0.11090	0.01891	1.000	Legal Expenses
146	0.40597	0.86610	0.12227	0.01926	1.000	Town Clerk Salary
146	0.39850	0.83721	0.13722	0.01745	1.000	Town Clerk's Admin
146	0.43043	0.80664	0.06771	0.01464	1.000	Elections
146	0.39286	0.77471	0.15038	0.01745	1.000	Registration & Census
146	0.41541	0.74273	0.10526	0.01892	1.000	Planning Board
146	0.38346	0.71221	0.16729	0.01894	1.000	Zoning Board of Appeals
146	0.41726	0.68159	0.09780	0.01908	1.000	Conservation
146	0.42105	0.66570	0.09398	0.01744	1.000	Commission
146	0.40226	0.63368	0.12970	0.01748	1.000	Total General Govt.
146	0.40226	0.60169	0.12970	0.01761	1.000	Central Purchasing
146	0.40021	0.57053	0.13190	0.02029	1.000	Central Purchasing
146	0.38534	0.53919	0.16541	0.01895	1.000	Total Central Purchasing
146	0.42841	0.50964	0.07740	0.01561	1.000	Protection
146	0.40035	0.47662	0.13352	0.01915	1.000	Police Department
146	0.41344	0.44299	0.10733	0.01955	1.000	Police Lock Up
146	0.41714	0.41227	0.09430	0.01848	1.000	Injury Leave
146	0.40977	0.38219	0.11278	0.01612	1.000	Police/Fire Med
146	0.42857	0.36337	0.07895	0.01599	1.000	Expenses
146	0.40971	0.33115	0.11291	0.01793	1.000	Subtotal Police
146	0.40973	0.29923	0.11664	0.01783	1.000	Fire Department
146	0.39850	0.26736	0.13534	0.01761	1.000	Capital - Fire Dept.
146	0.39098	0.23537	0.15226	0.01761	1.000	Fire Hydrant Expense
146	0.39098	0.20337	0.15602	0.01910	1.000	Radio Equipment Mtc.
146	0.39850	0.17151	0.13534	0.01748	1.000	Subtotal Fire Dept.
146	0.41729	0.14087	0.09586	0.01612	1.000	Radio Watch
146	0.50940	0.06977	0.03571	0.01744	1.000	146
146	0.56767	0.93023	0.01692	0.01599	1.000	$
146	0.56955	0.89826	0.01692	0.01744	1.000	$
146	0.56767	0.86773	0.01880	0.01744	1.000	$
146	0.56767	0.83721	0.01692	0.01453	1.000	$
146	0.57331	0.80814	0.01128	0.01308	1.000	$
146	0.56767	0.77471	0.01880	0.01744	1.000	$
146	0.56767	0.74419	0.01692	0.01453	1.000	$
146	0.56955	0.71221	0.01504	0.01599	1.000	$
146	0.56767	0.68169	0.01692	0.01744	1.000	$
146	0.56955	0.63372	0.01880	0.01599	1.000	$
146	0.56767	0.57122	0.01880	0.01744	1.000	$
146	0.56767	0.54070	0.01880	0.01453	1.000	$
146	0.56767	0.47674	0.01504	0.01744	1.000	$
146	0.56767	0.44477	0.01504	0.01599	1.000	$
146	0.56767	0.41279	0.01504	0.01744	1.000	$
146	0.56767	0.38081	0.01504	0.01599	1.000	$
146	0.56767	0.32994	0.01692	0.02035	1.000	$
146	0.56767	0.29942	0.01504	0.01599	1.000	$
146	0.56767	0.26744	0.01504	0.01744	1.000	$
146	0.56767	0.23547	0.01504	0.01599	1.000	$
146	0.56767	0.20349	0.01504	0.01744	1.000	$
146	0.56767	0.17151	0.01504	0.01599	1.000	$
146	0.56767	0.13953	0.01692	0.01744	1.000	$
146	0.63519	0.92845	0.07548	0.02101	1.000	168,169.00
146	0.63534	0.89826	0.07519	0.01890	1.000	110,000.00
146	0.64076	0.86440	0.06999	0.02266	1.000	47,511.00
146	0.64098	0.83576	0.06955	0.01890	1.000	33,049.00
146	0.64264	0.80472	0.06810	0.01847	1.000	16,165.00
146	0.64098	0.77180	0.06955	0.02035	1.000	13,046.00
146	0.63714	0.74400	0.07346	0.01782	1.000	140,885.00
146	0.64645	0.71044	0.06424	0.02098	1.000	3,975.00
146	0.64098	0.67878	0.06955	0.02035	1.000	49,300.00
146	0.62025	0.62924	0.08845	0.02349	1.000	1,287,727.00
146	0.64260	0.57061	0.06818	0.01866	1.000	55,303.00
146	0.64098	0.53634	0.06955	0.02326	1.000	55,303.00
146	0.62026	0.47374	0.09406	0.02199	1.000	1,352,893.00
146	0.64083	0.44300	0.07359	0.02097	1.000	78,600.00
146	0.64850	0.40988	0.06579	0.02326	1.000	5,513.00
146	0.64821	0.37741	0.06636	0.02424	1.000	5,000.00
146	0.62027	0.32695	0.09218	0.02342	1.000	1,442,006.00
146	0.63338	0.29633	0.08099	0.02217	1.000	728,270.00
146	0.64064	0.26523	0.07399	0.02186	1.000	20,000.00
146	0.64054	0.23304	0.07418	0.02230	1.000	15,000.00
146	0.64092	0.20047	0.07342	0.02202	1.000	10,000.00
146	0.63346	0.16860	0.08083	0.02180	1.000	773,270.00
146	0.63149	0.13644	0.08101	0.02364	1.000	273,875.00
147	0.33835	0.90552	0.02256	0.01453	1.000	47
147	0.34023	0.85610	0.02068	0.01453	1.000	48
147	0.33835	0.80523	0.02256	0.01599	1.000	49
147	0.33835	0.77471	0.02256	0.01599	1.000	50
147	0.33835	0.74419	0.02256	0.01453	1.000	51
147	0.33835	0.69477	0.02444	0.01453	1.000	52
147	0.33835	0.66279	0.02444	0.01599	1.000	53
147	0.34023	0.48983	0.02068	0.01453	1.000	55
147	0.33835	0.42878	0.02256	0.01599	1.000	57
147	0.33459	0.19622	0.03195	0.01744	1.000	61A
147	0.33835	0.16570	0.02444	0.01744	1.000	62
147	0.34023	0.13663	0.02068	0.01453	1.000	63
147	0.38910	0.93452	0.15414	0.01761	1.000	Subtotal Radio Watch
147	0.41729	0.90262	0.09023	0.01744	1.000	Emergency
147	0.41729	0.88517	0.09962	0.01890	1.000	Management
147	0.39659	0.85454	0.13915	0.01912	1.000	Sealer of Weights &
147	0.43227	0.83704	0.07343	0.01632	1.000	Measures
147	0.40598	0.80508	0.12038	0.01775	1.000	Wiring Inspector
147	0.39850	0.77326	0.13534	0.01744	1.000	Building Inspector
147	0.40215	0.74087	0.12804	0.02117	1.000	Municipal Hearing
147	0.43985	0.72529	0.05639	0.01744	1.000	Officer
147	0.37594	0.69186	0.17669	0.02044	1.000	Plumbing/Gas Inspector
147	0.41331	0.66182	0.10760	0.01793	1.000	Animal Control
147	0.41326	0.62966	0.10581	0.01830	1.000	Subtotal Other
147	0.43045	0.61337	0.07707	0.01599	1.000	Protection
147	0.41165	0.58284	0.10902	0.01612	1.000	Total Protection
147	0.40038	0.55084	0.12970	0.01463	1.000	Health & Sanitation
147	0.38722	0.52034	0.15977	0.01612	1.000	General Health Expense
147	0.38346	0.48983	0.16541	0.01599	1.000	Nashoba Board of Health
147	0.40780	0.45747	0.11673	0.01821	1.000	Nashoba Nursing
147	0.41721	0.42849	0.09602	0.01657	1.000	Mental Health
147	0.38722	0.39680	0.15789	0.01744	1.000	Animal Inspector Salary
147	0.38534	0.36773	0.16353	0.01744	1.000	Total Health & Sanitation
147	0.40226	0.33576	0.12782	0.01744	1.000	Department Public
147	0.44159	0.31948	0.05479	0.01656	1.000	Works
147	0.41539	0.28771	0.10343	0.01760	1.000	Highway Labor
147	0.41722	0.25706	0.09037	0.01932	1.000	Highway OT
147	0.40776	0.22617	0.11869	0.01859	1.000	General Hwy Mtc.
147	0.37594	0.19618	0.17481	0.01894	1.000	Capital - General Highway
147	0.39091	0.16393	0.15051	0.02097	1.000	Town Highway Garage
147	0.38910	0.13517	0.15414	0.01890	1.000	Traffic Signs & Devices
147	0.51128	0.07122	0.03383	0.01599	1.000	147
147	0.56767	0.93459	0.01504	0.01599	1.000	$
147	0.56767	0.90407	0.01504	0.01599	1.000	$
147	0.56767	0.85465	0.01504	0.01599	1.000	$
147	0.56767	0.80523	0.01504	0.01599	1.000	$
147	0.56955	0.77471	0.01128	0.01599	1.000	$
147	0.56767	0.74273	0.01880	0.01599	1.000	$
147	0.56955	0.69477	0.01128	0.01453	1.000	$
147	0.56579	0.66279	0.01504	0.01453	1.000	$
147	0.56955	0.63081	0.01128	0.01453	1.000	$
147	0.56767	0.58140	0.01504	0.01744	1.000	$
147	0.56767	0.51890	0.01504	0.01744	1.000	$
147	0.56767	0.48837	0.01504	0.01599	1.000	$
147	0.56767	0.45785	0.01504	0.01599	1.000	$
147	0.57895	0.42878	0.01128	0.01453	1.000	$
147	0.56767	0.39680	0.01504	0.01744	1.000	$
147	0.56767	0.36628	0.01692	0.01599	1.000	$
147	0.56767	0.28924	0.01692	0.01599	1.000	$
147	0.56767	0.25727	0.01504	0.01744	1.000	$
147	0.56767	0.22820	0.01504	0.01599	1.000	$
147	0.57707	0.19913	0.01128	0.01308	1.000	$
147	0.56955	0.16715	0.01128	0.01453	1.000	$
147	0.56767	0.13517	0.01504	0.01744	1.000	$
147	0.62594	0.93314	0.08271	0.02035	1.000	273,875.00
147	0.64631	0.90199	0.06265	0.02015	1.000	6,500.00
147	0.64474	0.85174	0.06391	0.02180	1.000	4,300.00
147	0.63519	0.80486	0.07360	0.01819	1.000	20,000.00
147	0.62947	0.76984	0.08128	0.02282	1.000	126,060.00
147	0.63722	0.69041	0.07331	0.02035	1.000	15,000.00
147	0.63907	0.65983	0.07148	0.02045	1.000	40,000.00
147	0.63138	0.62744	0.07934	0.02128	1.000	211,860.00
147	0.62024	0.57978	0.08659	0.02068	1.000	2,701,011.00
147	0.63902	0.51872	0.06782	0.01779	1.000	33,883.00
147	0.63910	0.48692	0.06767	0.02035	1.000	23,532.00
147	0.63893	0.45606	0.06800	0.02102	1.000	10,739.00
147	0.64452	0.39349	0.06247	0.02117	1.000	1,000.00
147	0.63708	0.36311	0.06982	0.02232	1.000	69,154.00
147	0.63338	0.28760	0.07347	0.01928	1.000	439,454.00
147	0.64474	0.25581	0.06203	0.02326	1.000	6,500.00
147	0.63158	0.22529	0.07519	0.02035	1.000	412,500.00
147	0.64821	0.16226	0.06261	0.02142	1.000	1,040.00
147	0.64098	0.13517	0.06579	0.01890	1.000	28,253.00
148	0.34211	0.90843	0.02068	0.01453	1.000	65
148	0.34211	0.78198	0.02068	0.01599	1.000	69
148	0.34023	0.75145	0.02256	0.01599	1.000	70
148	0.34023	0.65843	0.02256	0.01599	1.000	71
148	0.34023	0.62645	0.02256	0.01599	1.000	72
148	0.33647	0.59593	0.03008	0.01599	1.000	72A
148	0.34023	0.46802	0.02256	0.01453	1.000	73
148	0.34023	0.35901	0.02256	0.01599	1.000	74
148	0.34023	0.29651	0.02256	0.01599	1.000	75
148	0.34023	0.26599	0.02444	0.01599	1.000	76
148	0.34023	0.23401	0.02256	0.01599	1.000	77
148	0.34023	0.20349	0.02256	0.01599	1.000	78
148	0.39474	0.93750	0.14474	0.01890	1.000	Vehicle Mtc - Highway
148	0.39850	0.90698	0.13722	0.01744	1.000	Vehicle Mtc. - Police
148	0.40595	0.87476	0.12230	0.01937	1.000	Vehicle Mtc. - Fire
148	0.40971	0.84423	0.11666	0.01794	1.000	Park Department
148	0.39474	0.81250	0.14662	0.01744	1.000	Cemetery Department
148	0.41729	0.78198	0.09774	0.01744	1.000	Tree Removal
148	0.38722	0.75000	0.15977	0.01890	1.000	Snow Removal Expense
148	0.42855	0.71942	0.07523	0.01755	1.000	Total DPW
148	0.39098	0.68895	0.15414	0.01744	1.000	Facilities and Buildings
148	0.39098	0.65698	0.15226	0.01890	1.000	Facilities and Grounds
148	0.41165	0.62645	0.11090	0.01744	1.000	Public Buildings
148	0.40390	0.59418	0.12851	0.01899	1.000	Additional Utilities,
148	0.44361	0.57703	0.05263	0.01744	1.000	Library
148	0.40965	0.54607	0.11303	0.01978	1.000	Total Facilities &
148	0.43607	0.52902	0.06771	0.01610	1.000	Buildings
148	0.39286	0.49702	0.14850	0.01896	1.000	Solid Waste/Recycling
148	0.40221	0.46638	0.12791	0.01927	1.000	Recycling Program
148	0.37970	0.42006	0.17481	0.01893	1.000	Total Solid Waste/Recycle
148	0.40591	0.38908	0.12239	0.01834	1.000	Public Assistance
148	0.40599	0.35746	0.12035	0.01764	1.000	Council on Aging
148	0.41541	0.32703	0.10526	0.01746	1.000	Subtotal C.O.A.
148	0.40591	0.29608	0.12238	0.01831	1.000	Veterans' Benefits
148	0.38534	0.26453	0.16353	0.01746	1.000	Veteran's Administration
148	0.38534	0.23256	0.16353	0.01893	1.000	Registrar of Vets' Graves
148	0.41697	0.20099	0.09652	0.02098	1.000	Memorial Day
148	0.40781	0.17116	0.11859	0.01815	1.000	Subtotal Veterans
148	0.41149	0.13889	0.11311	0.01874	1.000	Total Assistance
148	0.50940	0.06977	0.03571	0.01744	1.000	148
148	0.56767	0.93750	0.01692	0.01599	1.000	$
148	0.56955	0.90843	0.01128	0.01453	1.000	$
148	0.56955	0.87791	0.01128	0.01308	1.000	$
148	0.56955	0.84593	0.01128	0.01453	1.000	$
148	0.56955	0.81541	0.01128	0.01308	1.000	$
148	0.56767	0.78198	0.01504	0.01599	1.000	$
148	0.56767	0.75145	0.01504	0.01599	1.000	$
148	0.56955	0.72093	0.01128	0.01308	1.000	$
148	0.56955	0.65843	0.01128	0.01453	1.000	$
148	0.56955	0.62791	0.01128	0.01308	1.000	$
148	0.56767	0.59448	0.01692	0.01744	1.000	$
148	0.56955	0.54797	0.01128	0.01453	1.000	$
148	0.56955	0.46802	0.01128	0.01453	1.000	$
148	0.56955	0.42151	0.01128	0.01453	1.000	$
148	0.56767	0.35901	0.01504	0.01599	1.000	$
148	0.56767	0.32703	0.01316	0.01744	1.000	$
148	0.56767	0.29506	0.01504	0.01599	1.000	$
148	0.56767	0.26453	0.01504	0.01599	1.000	$
148	0.56767	0.23401	0.01504	0.01744	1.000	$
148	0.56767	0.20203	0.01504	0.01744	1.000	$
148	0.56767	0.17151	0.01504	0.01599	1.000	$
148	0.56767	0.13953	0.01504	0.01599	1.000	$
148	0.63910	0.93459	0.06955	0.02180	1.000	72,550.00
148	0.64276	0.90533	0.06973	0.02073	1.000	74,675.00
148	0.64461	0.87473	0.06792	0.01943	1.000	45,194.00
148	0.64269	0.84122	0.06988	0.02104	1.000	71,348.00
148	0.64249	0.81034	0.07028	0.02322	1.000	46,775.00
148	0.64091	0.78039	0.06968	0.02062	1.000	24,641.00
148	0.63333	0.74822	0.07733	0.01955	1.000	275,000.00
148	0.62594	0.71657	0.08459	0.02180	1.000	1,497,930.00
148	0.63331	0.65374	0.07925	0.02246	1.000	365,307.00
148	0.63524	0.62477	0.07538	0.01936	1.000	241,910.00
148	0.63534	0.54360	0.07707	0.02180	1.000	607,217.00
148	0.63520	0.46339	0.07734	0.02381	1.000	174,150.00
148	0.63327	0.41673	0.07933	0.02265	1.000	174, 150.00
148	0.63534	0.35756	0.07519	0.01744	1.000	111,945.00
148	0.63343	0.32407	0.07712	0.02192	1.000	111,945.00
148	0.64049	0.29125	0.07053	0.02506	1.000	99,275.00
148	0.64850	0.26163	0.06203	0.02180	1.000	5,250.00
148	0.65977	0.23256	0.05075	0.02035	1.000	500.00
148	0.66165	0.20349	0.04887	0.01744	1.000	750.00
148	0.63528	0.17137	0.07530	0.01773	1.000	105,775.00
148	0.63346	0.13663	0.07707	0.02326	1.000	217,720.00
149	0.34023	0.78634	0.01880	0.01308	1.000	79
149	0.33459	0.75727	0.03195	0.01599	1.000	79A
149	0.33459	0.72965	0.03195	0.01453	1.000	79B
149	0.34023	0.70058	0.02256	0.01453	1.000	80
149	0.34023	0.67151	0.02256	0.01453	1.000	81
149	0.34211	0.58576	0.01880	0.01308	1.000	82
149	0.43797	0.81395	0.05827	0.01744	1.000	Schools
149	0.40038	0.78488	0.13346	0.01745	1.000	School Department
149	0.38158	0.75719	0.17105	0.01761	1.000	UnemSch-Stab/Free Cash
149	0.40407	0.72645	0.12607	0.01802	1.000	Curriculum Update
149	0.38534	0.69767	0.16541	0.01745	1.000	Monty Tech Assessment
149	0.39662	0.67151	0.13910	0.01599	1.000	Vehicle Mtc - School
149	0.41716	0.64198	0.09801	0.01836	1.000	Total Schools
149	0.43985	0.61192	0.05451	0.01744	1.000	Library
149	0.38346	0.58430	0.16729	0.01890	1.000	Lunenburg Public Library
149	0.40038	0.55523	0.13346	0.01892	1.000	Total Public Library
149	0.41729	0.52753	0.10150	0.01761	1.000	Total Omnibus
149	0.56767	0.78488	0.01692	0.01599	1.000	$
149	0.57519	0.75727	0.01316	0.01453	1.000	$
149	0.56767	0.72820	0.01504	0.01599	1.000	$
149	0.56767	0.69913	0.01692	0.01744	1.000	$
149	0.57331	0.67006	0.01692	0.01599	1.000	$
149	0.56955	0.64390	0.01128	0.01308	1.000	$
149	0.61278	0.78343	0.09586	0.01890	1.000	18,330,326.00
149	0.63340	0.72516	0.07718	0.02061	1.000	119,257.00
149	0.62967	0.69760	0.07900	0.01904	1.000	899,267.00
149	0.62020	0.64213	0.09042	0.01806	1.000	19,348,850.00
149	0.56767	0.58430	0.01316	0.01599	1.000	$
149	0.56767	0.55523	0.01504	0.01599	1.000	$
149	0.56767	0.52616	0.01880	0.01599	1.000	$
149	0.63705	0.58386	0.07552	0.01832	1.000	370,739.00
149	0.63526	0.55502	0.07535	0.01786	1.000	370,739.00
149	0.61270	0.52736	0.09414	0.01796	1.000	33,802,328.00
149	0.13158	0.40253	0.78195	0.01761	1.000	ARTICLE 16. To see if the Town will vote to replace the current Salary Schedule in Article XV,
149	0.13158	0.38517	0.78571	0.02035	1.000	Salary Administration Plan of General Bylaws with the below FY'2017 Salary Schedule which
149	0.13158	0.36919	0.78383	0.01747	1.000	authorizes a cost of living increase of 2% per year for Fiscal Year 2017, for permanent employees
149	0.13158	0.35317	0.78383	0.01612	1.000	not covered by a collective bargaining unit agreement or individual contract and to authorize 2%
149	0.13158	0.33576	0.78383	0.01891	1.000	COLA increases for Fiscal Years 2018 and 2019; or take any other action thereto. (Submitted by
149	0.13158	0.31686	0.78195	0.01599	1.000	the Personnel Committee) Board of Selectmen recommends approval. Finance Committee recom-
149	0.12970	0.29787	0.78571	0.01761	1.000	mends approval. VOTED UNANIMOUSLY to replace the current Salary Schedule in Article XV,
149	0.13158	0.28051	0.78383	0.01612	1.000	Salary Administration Plan of the General Bylaws, with the salary schedule printed in the Warrant
149	0.13158	0.26308	0.78383	0.01744	1.000	which authorizes a cost of living increase of 2% for Fiscal Year 2017, for permanent employees
149	0.12970	0.24554	0.78383	0.01761	1.000	not covered by a collective bargaining unit agreement or individual contract and to authorize a 2%
149	0.13158	0.22965	0.64286	0.01599	1.000	COLA for Fiscal Years 2018 and 2019. [Submitted by the Personnel Committee]
149	0.51692	0.07413	0.02632	0.00872	1.000	149
150	0.16541	0.83140	0.04511	0.01163	1.000	Grade
150	0.21429	0.81395	0.01128	0.01163	1.000	1
150	0.21241	0.77616	0.01316	0.01308	0.500	3
150	0.21241	0.75872	0.01316	0.01163	1.000	4
150	0.21241	0.70349	0.01316	0.01163	1.000	7
150	0.21241	0.68459	0.01316	0.01308	1.000	8
150	0.21241	0.66715	0.01316	0.01308	0.500	9
150	0.20301	0.64971	0.02256	0.01308	1.000	10
150	0.20301	0.63227	0.02068	0.01163	1.000	11
150	0.20301	0.61337	0.02256	0.01308	1.000	12
150	0.20301	0.59593	0.02256	0.01163	1.000	13
150	0.20301	0.57703	0.02256	0.01163	1.000	14
150	0.20301	0.55959	0.02256	0.01163	1.000	15
150	0.20301	0.54070	0.02256	0.01308	1.000	16
150	0.20301	0.52180	0.02256	0.01308	1.000	17
150	0.20489	0.50436	0.02068	0.01308	1.000	18
150	0.20301	0.48692	0.02256	0.01163	1.000	19
150	0.20301	0.46802	0.02256	0.01308	1.000	20
150	0.24060	0.82837	0.04887	0.01612	1.000	Step 1
150	0.26692	0.81250	0.03571	0.01308	1.000	9.44
150	0.25000	0.79360	0.05639	0.01599	1.000	$10.28
150	0.25183	0.77460	0.05274	0.01620	1.000	$11.217
150	0.24997	0.75721	0.05644	0.01610	1.000	$12.22
150	0.24986	0.73807	0.05668	0.01660	1.000	$13.32
150	0.25000	0.72093	0.05451	0.01599	1.000	$14.51
150	0.25000	0.70349	0.05451	0.01453	1.000	$15.82
150	0.24991	0.68297	0.05469	0.01779	1.000	$17.25
150	0.24993	0.66557	0.05652	0.01770	1.000	$18.80
150	0.24995	0.64815	0.05461	0.01619	1.000	$20.49
150	0.25185	0.63075	0.05082	0.01467	1.000	$22.34
150	0.24992	0.61318	0.05279	0.01347	1.000	$24.35
150	0.24983	0.59405	0.05298	0.01393	1.000	$26.54
150	0.25000	0.57558	0.05263	0.01453	1.000	$28.93
150	0.24998	0.55809	0.05268	0.01463	1.000	$31.53
150	0.25000	0.54070	0.05451	0.01308	1.000	$34.36
150	0.24995	0.52169	0.05273	0.01475	1.000	$37.46
150	0.25176	0.50409	0.05098	0.01362	1.000	$40.83
150	0.25181	0.48533	0.05088	0.01481	1.000	$44.50
150	0.25000	0.46802	0.05263	0.01308	1.000	$48.51
150	0.31955	0.82986	0.04887	0.01316	1.000	Step 2
150	0.34211	0.81105	0.04135	0.01744	1.000	9.72
150	0.32895	0.79215	0.05451	0.01890	1.000	$10.59
150	0.32696	0.77450	0.05660	0.01786	1.000	$11.55
150	0.32873	0.75543	0.05495	0.01966	1.000	$12.59
150	0.32895	0.73837	0.05451	0.01744	1.000	$13.72
150	0.32880	0.72062	0.05481	0.01661	1.000	$14.95
150	0.32891	0.70196	0.05459	0.01760	1.000	$16.30
150	0.32707	0.68459	0.05639	0.01599	1.000	$17.77
150	0.32890	0.66561	0.05461	0.01763	1.000	$19.36
150	0.32887	0.64810	0.05466	0.01630	1.000	$21.10
150	0.32889	0.63068	0.05275	0.01480	1.000	$23.01
150	0.32871	0.61139	0.05311	0.01559	1.000	$25.08
150	0.32884	0.59421	0.05285	0.01362	1.000	$27.34
150	0.32890	0.57547	0.05273	0.01476	1.000	$29.79
150	0.32878	0.55777	0.05297	0.01528	1.000	$32.48
150	0.32895	0.54070	0.05263	0.01308	1.000	$35.39
150	0.32895	0.52180	0.05263	0.01453	1.000	$38.59
150	0.32892	0.50428	0.05269	0.01323	1.000	$42.05
150	0.32867	0.48485	0.05318	0.01576	1.000	$45.84
150	0.32891	0.46793	0.05271	0.01327	1.000	$49.97
150	0.37782	0.91270	0.31579	0.01910	1.000	Annual Town Meeting - May 5, 2016
150	0.41353	0.88517	0.17293	0.01314	1.000	TOWN OF LUNENBURG
150	0.41729	0.86628	0.15226	0.01319	1.000	SALARY SCHEDULE
150	0.41729	0.84884	0.16729	0.01308	1.000	FOR FISCAL YEAR 2017
150	0.39850	0.82837	0.05451	0.01465	1.000	Step 3
150	0.47551	0.82983	0.04898	0.01331	1.000	Step 4
150	0.55451	0.82837	0.04699	0.01465	1.000	Step 5
150	0.41539	0.81245	0.04328	0.01318	1.000	10.01
150	0.49436	0.81250	0.04135	0.01163	1.000	10.31
150	0.56767	0.81105	0.05075	0.01744	1.000	10.62
150	0.40593	0.79343	0.05468	0.01634	1.000	$10.91
150	0.48684	0.79506	0.05075	0.01163	1.000	$11.24
150	0.56391	0.79360	0.05451	0.01599	1.000	$11.58
150	0.40588	0.77442	0.05666	0.01656	1.000	$11.89
150	0.48684	0.77616	0.05075	0.01308	1.000	$12.25
150	0.56379	0.77449	0.05474	0.01788	1.000	$12.62
150	0.40602	0.75581	0.05639	0.01599	1.000	$12.96
150	0.48490	0.75857	0.05087	0.01193	1.000	$13.35
150	0.56391	0.75581	0.05451	0.01744	1.000	$13.75
150	0.40786	0.73831	0.05271	0.01758	1.000	$14.13
150	0.48682	0.73977	0.05079	0.01173	1.000	$14.56
150	0.56391	0.73837	0.05451	0.01599	1.000	$14.99
150	0.40789	0.72093	0.05451	0.01599	1.000	$15.40
150	0.48496	0.72093	0.05263	0.01308	1.000	$15.86
150	0.56391	0.72093	0.05451	0.01599	1.000	$16.34
150	0.40789	0.70349	0.05263	0.01453	1.000	$16.79
150	0.48496	0.70349	0.05263	0.01163	1.000	$17.29
150	0.56389	0.70199	0.05456	0.01608	1.000	$17.81
150	0.40785	0.68450	0.05271	0.01471	1.000	$18.30
150	0.48491	0.68591	0.05085	0.01190	1.000	$18.85
150	0.56388	0.68454	0.05457	0.01610	1.000	$19.41
150	0.40591	0.66549	0.05661	0.01786	1.000	$19.94
150	0.48484	0.66685	0.05288	0.01369	1.000	$20.54
150	0.56391	0.66570	0.05451	0.01744	1.000	$21.15
150	0.40789	0.64826	0.05263	0.01453	1.000	$21.74
150	0.48666	0.64929	0.04924	0.01393	1.000	$22.39
150	0.56380	0.64801	0.05285	0.01502	1.000	$23.06
150	0.40789	0.63081	0.05075	0.01453	1.000	$23.69
150	0.48489	0.63065	0.05089	0.01340	1.000	$24.41
150	0.56391	0.63081	0.05263	0.01308	1.000	$25.14
150	0.40770	0.61292	0.05113	0.01399	1.000	$25.83
150	0.48488	0.61316	0.05280	0.01350	1.000	$26.60
150	0.56381	0.61170	0.05283	0.01496	1.000	$27.40
150	0.40786	0.59439	0.05083	0.01326	1.000	$28.15
150	0.48489	0.59574	0.05277	0.01201	1.000	$29.00
150	0.56388	0.59441	0.05082	0.01467	1.000	$29.87
150	0.40779	0.57679	0.05096	0.01356	1.000	$30.69
150	0.48684	0.57703	0.04887	0.01308	1.000	$31.61
150	0.56383	0.57541	0.05091	0.01487	1.000	$32.56
150	0.40789	0.55814	0.05263	0.01453	1.000	$33.45
150	0.48682	0.55954	0.05079	0.01174	1.000	$34.46
150	0.56384	0.55798	0.05089	0.01340	1.000	$35.49
150	0.40787	0.54063	0.05081	0.01321	1.000	$36.45
150	0.48484	0.54039	0.05288	0.01370	1.000	$37.56
150	0.56388	0.53919	0.05269	0.01465	1.000	$38.68
150	0.40789	0.52180	0.05263	0.01453	1.000	$39.74
150	0.48684	0.52326	0.05075	0.01163	1.000	$40.93
150	0.56375	0.52145	0.05295	0.01524	1.000	$42.16
150	0.40787	0.50430	0.05080	0.01320	1.000	$43.32
150	0.48676	0.50417	0.04904	0.01346	1.000	$44.61
150	0.56381	0.50269	0.05096	0.01497	1.000	$45.95
150	0.40786	0.48540	0.05081	0.01466	1.000	$47.22
150	0.48681	0.48684	0.04894	0.01179	1.000	$48.63
150	0.56379	0.48522	0.05099	0.01503	1.000	$50.09
150	0.40789	0.46657	0.05451	0.01599	1.000	$51.47
150	0.48485	0.46777	0.05097	0.01359	1.000	$53.01
150	0.56391	0.46657	0.05263	0.01453	1.000	$54.60
150	0.63158	0.82837	0.05263	0.01761	1.000	Step 6
150	0.64850	0.81105	0.04887	0.01599	1.000	10.93
150	0.64090	0.79346	0.05467	0.01774	1.000	$11.92
150	0.64096	0.77467	0.05455	0.01606	1.000	$12.99
150	0.64098	0.75581	0.05451	0.01744	1.000	$14.17
150	0.64084	0.73808	0.05479	0.01656	1.000	$15.44
150	0.64086	0.72070	0.05474	0.01646	1.000	$16.83
150	0.64080	0.70170	0.05487	0.01812	1.000	$18.34
150	0.64094	0.68451	0.05459	0.01615	1.000	$19.99
150	0.64078	0.66534	0.05679	0.01961	1.000	$21.80
150	0.64095	0.64965	0.05457	0.01466	1.000	$23.76
150	0.64098	0.63081	0.05263	0.01453	1.000	$25.90
150	0.64096	0.61332	0.05268	0.01319	1.000	$28.22
150	0.64091	0.59432	0.05276	0.01340	1.000	$30.76
150	0.64080	0.57518	0.05300	0.01534	1.000	$33.54
150	0.64098	0.55814	0.05263	0.01453	1.000	$36.55
150	0.64088	0.54045	0.05283	0.01357	1.000	$39.84
150	0.64094	0.52171	0.05271	0.01471	1.000	$43.42
150	0.64080	0.50392	0.05299	0.01396	1.000	$47.34
150	0.64098	0.48547	0.05263	0.01453	1.000	$51.59
150	0.64095	0.46795	0.05269	0.01322	1.000	$56.24
150	0.71053	0.82837	0.05075	0.01761	1.000	Step 7
150	0.72554	0.81101	0.04891	0.01751	1.000	11.26
150	0.71992	0.79215	0.05451	0.01890	1.000	$12.28
150	0.71805	0.77326	0.05639	0.01890	1.000	$13.38
150	0.71795	0.75564	0.05657	0.01780	1.000	$14.59
150	0.71786	0.73801	0.05676	0.01816	1.000	$15.90
150	0.71801	0.72085	0.05647	0.01615	1.000	$17.33
150	0.71805	0.70349	0.05639	0.01599	1.000	$18.89
150	0.71805	0.68459	0.05639	0.01599	1.000	$20.59
150	0.71796	0.66555	0.05656	0.01920	1.000	$22.45
150	0.71976	0.64937	0.05484	0.01667	1.000	$24.47
150	0.71992	0.63081	0.05263	0.01453	1.000	$26.67
150	0.71988	0.61326	0.05272	0.01331	1.000	$29.07
150	0.71992	0.59448	0.05263	0.01308	1.000	$31.69
150	0.71992	0.57703	0.05263	0.01308	1.000	$34.54
150	0.71992	0.55814	0.05263	0.01453	1.000	$37.65
150	0.71992	0.54070	0.05263	0.01308	1.000	$41.03
150	0.71992	0.52180	0.05263	0.01453	1.000	$44.73
150	0.71988	0.50282	0.05460	0.01761	1.000	$48.76
150	0.71982	0.48526	0.05471	0.01640	1.000	$53.14
150	0.71986	0.46787	0.05276	0.01338	1.000	$57.93
150	0.78759	0.82837	0.05075	0.01761	1.000	Step 8
150	0.80241	0.81068	0.04931	0.01818	1.000	11.61
150	0.79693	0.79348	0.05652	0.01768	1.000	$12.65
150	0.79688	0.77448	0.05661	0.01645	1.000	$13.79
150	0.79699	0.75581	0.05639	0.01744	1.000	$15.02
150	0.79699	0.73692	0.05639	0.01744	1.000	$16.38
150	0.79693	0.71936	0.05652	0.01768	1.000	$17.85
150	0.79681	0.70167	0.05676	0.01816	1.000	$19.46
150	0.79695	0.68450	0.05648	0.01617	1.000	$21.22
150	0.79688	0.66548	0.05661	0.01787	1.000	$23.12
150	0.79694	0.64958	0.05650	0.01480	1.000	$25.20
150	0.79882	0.63070	0.05085	0.01330	1.000	$27.47
150	0.79876	0.61310	0.05098	0.01363	1.000	$29.95
150	0.79692	0.59430	0.05466	0.01344	1.000	$32.64
150	0.79881	0.57544	0.05089	0.01482	1.000	$35.58
150	0.79887	0.55814	0.05263	0.01308	1.000	$38.78
150	0.79882	0.54057	0.05274	0.01334	1.000	$42.27
150	0.79887	0.52326	0.05263	0.01163	1.000	$46.07
150	0.79887	0.50436	0.05075	0.01308	1.000	$50.21
150	0.79699	0.48547	0.05263	0.01453	1.000	$54.73
150	0.79697	0.46797	0.05455	0.01319	1.000	$59.66
150	0.13346	0.40843	0.79323	0.01744	1.000	ARTICLE 17. To see if the Town will vote to appropriate to or from the Stabilization Fund; or take
150	0.13158	0.39087	0.79699	0.01761	1.000	any action relative thereto. (Submitted by Town Manager) Board of Selectmen and Finance Commit-
150	0.13158	0.37202	0.80263	0.01896	1.000	tee recommend approval of $99,851. VOTED UNANIMOUSLY to raise and appropriate the sum of
150	0.13346	0.35610	0.42857	0.01744	1.000	$99,851.00 to be transferred to the Stabillization Fund.
150	0.13346	0.32267	0.80075	0.01599	1.000	ARTICLE 18. To see if the Town will vote to raise and appropriate or transfer from available funds,
150	0.13346	0.30378	0.79135	0.01599	1.000	a sum of money to operate the Solid Waste Disposal Enterprise Fund for FY2017; or take any action
150	0.13158	0.28770	0.79887	0.01612	1.000	relative thereto. (Submitted by Board of Selectmen) Board of Selectmen and Finance Committee will
150	0.13346	0.26885	0.75188	0.01761	1.000	make recommendation at town meeting. VOTED UNANIMOUSLY to appropriate from Solid
150	0.13346	0.25145	0.74248	0.01744	1.000	Waste Disposal Enterprise Revenues the sum of $275,000 to operate the Solid Waste Disposal
150	0.13144	0.23362	0.07734	0.01678	1.000	Program.
150	0.13346	0.19767	0.79135	0.01745	1.000	ARTICLE 19. To see if the Town will vote to raise and appropriate or transfer from available funds
150	0.13346	0.18023	0.78947	0.01892	1.000	a sum of money to operate the Lunenburg Water Department/Water Enterprise Fund for FY2017; or
150	0.13158	0.16419	0.77632	0.01612	1.000	take any other action thereto. (Submitted by Board of Selectmen) Board of Selectmen and Finance
150	0.13346	0.14534	0.79135	0.01745	1.000	Committee recommend approval of $25,000.VOTED UNANIMOUSLY to appropriate from Water
150	0.13346	0.12791	0.58647	0.01744	1.000	Enterprise Revenues the sum of $25,000 to operate the Water Department.
150	0.51692	0.07413	0.02632	0.00872	1.000	150
151	0.37406	0.91715	0.31203	0.01464	1.000	Annual Town Meeting - May 5, 2016
151	0.13722	0.88219	0.74436	0.01612	1.000	ARTICLE 20. To see if the Town will vote to raise and appropriate or transfer from available
151	0.13722	0.86334	0.76316	0.01747	1.000	funds, a sum of money to operate the Sewer Enterprise Fund for FY2017;or take any action rela-
151	0.13722	0.84738	0.74812	0.01745	1.000	tive thereto. (Submitted by the Sewer Commission) Board of Selectmen recommends approval.
151	0.13722	0.82986	0.76880	0.01612	1.000	Finance Committee recommends approval of $736,242.00 VOTED UNANIMOUSLY to appro-
151	0.13722	0.81250	0.77444	0.01599	1.000	priate from Sewer Enterprise revenues the sum of $659,044.28 and appropriate from Sewer Enter-
151	0.13716	0.79275	0.76516	0.02019	1.000	prise retained earnings the sum of $77,197.72, for a total appropriation of $736,242.00 to operate
151	0.13722	0.77604	0.75940	0.01761	1.000	the Sewer Enterprise Fund for FY17; and further that $912,291.76 be included in appropriations
151	0.13722	0.76017	0.68045	0.01599	1.000	from the general fund for indirect costs and be allocated to the Sewer Enterprise Fund.
151	0.13722	0.72520	0.76504	0.01612	1.000	ARTICLE 21. To see if the Town will vote, pursuant to General Laws, Ch. 40, §5B, to create an
151	0.13722	0.70784	0.77256	0.01612	1.000	Inflow/Infiltration Stabilization Fund and further to raise and appropriate from available funds the
151	0.13722	0.69041	0.77068	0.01599	1.000	sum of $14,520.00 into the Inflow/Infiltration Stabilization Fund; or take any other action relative
151	0.13712	0.67211	0.78024	0.02068	1.000	thereto. (Submitted by Sewer Commission) Board of Selectmen and Finance Committee will make
151	0.13722	0.65551	0.78195	0.01612	1.000	recommendation at town meeting. VOTED UNANIMOUSLY to create an Inflow/Infiltration Sta-
151	0.13534	0.63808	0.72368	0.01744	1.000	bilization Fund and further to transfer from Sewer Enterprise Retained Earnings the sum of
151	0.13722	0.62054	0.43985	0.01761	1.000	$14,520 into the Inflow/ Infiltration Stabilization Fund.
151	0.13910	0.58576	0.77632	0.01599	1.000	ARTICLE 22. To see if the Town will vote to transfer from available funds, a sum of money into
151	0.13722	0.56820	0.75940	0.01761	1.000	the Reserve Capacity Stabilization Fund; or take any other action relative thereto. (Submitted by
151	0.13722	0.55233	0.77820	0.01599	1.000	Sewer Commissioners) Board of Selectmen and Finance Committee will make recommendation at
151	0.13722	0.53343	0.76128	0.01744	1.000	town meeting. VOTED UNANIMOUSLY to transfer from Sewer Enterprise Retained Earnings
151	0.13722	0.51453	0.53008	0.01895	1.000	the sum of $9,667.90 into the Reserve Capacity Stabilization Fund.
151	0.13722	0.47965	0.75376	0.01890	1.000	ARTICLE 23. To see if the Town will vote to appropriate $48,402.09, the premium paid to the
151	0.13722	0.46354	0.74812	0.01761	1.000	Town upon the sale of bonds or notes issued for the construction of a new Middle School/High
151	0.13722	0.44469	0.75940	0.01897	1.000	School, which are the subject of a Proposition 2 ½ debt exclusion, to pay the costs of the project
151	0.13713	0.42810	0.74642	0.02161	1.000	being financed by such bonds or notes and to reduce the amount authorized to be borrowed for
151	0.13722	0.41134	0.77632	0.01748	1.000	such project, but not yet issued by the Town, by the same amount, or take any other action relative
151	0.13722	0.39385	0.74248	0.01612	1.000	thereto. (Submitted by Town Accountant) Board of Selectmen recommends approval. Finance
151	0.13910	0.37645	0.70489	0.01744	1.000	Committee recommends approval. VOTED UNANIMOUSLY to appropriate the sum of
151	0.13722	0.35901	0.77632	0.01748	1.000	$48,402.09, the premium paid to the Town upon the sale of bonds or notes issued for the construc-
151	0.13722	0.34152	0.77068	0.01612	1.000	tion of a new Middle School/ High School, which are the subject of a Proposition 2 ½ debt exclu-
151	0.13722	0.32267	0.72368	0.01890	1.000	sion, to pay the costs of the project being financed by such bonds or notes and to reduce the
151	0.13722	0.30523	0.75564	0.01892	1.000	amount authorized to be borrowed for such project, but not yet issued by the Town, by the same
151	0.13904	0.29196	0.06590	0.01200	1.000	amount.
151	0.13910	0.26308	0.78008	0.01744	1.000	ARTICLE 24. To see if the Town will vote to accept MGL Chapter 44, §53F 4, which establishes
151	0.13722	0.24702	0.76504	0.01612	1.000	a special revenue fund known as the Public Educational Governmental (PEG) Access and Cable-
151	0.13722	0.22965	0.77256	0.01599	1.000	Related Fund, to reserve cable franchise fees and other cable-related revenues for appropriation to
151	0.13722	0.21221	0.77256	0.01599	1.000	support PEG access services and oversight and renewal of the cable franchise agreement, the fund
151	0.13534	0.19320	0.77256	0.01761	1.000	to begin operation for Fiscal Year 2017, which begins July 1, 2016; and further to transfer the bal-
151	0.13717	0.17513	0.75761	0.01974	1.000	ance in the existing PEG Access fund as of June 30, 2016 to this newly established fund; or take
151	0.13722	0.15988	0.74812	0.01599	1.000	any other action relative thereto. (Submitted by Town Accountant) Board of Selectmen recom-
151	0.13722	0.14236	0.78195	0.01612	1.000	mends approval. Finance Committee recommends approval. VOTED UNANIMOUSLY to accept
151	0.13722	0.12351	0.69925	0.01748	1.000	MGL Chapter 44, Section 53F ¾, which establishes a special revenue fund known as the
151	0.51504	0.07267	0.02820	0.01017	1.000	151
152	0.36842	0.92006	0.31203	0.01744	1.000	Annual Town Meeting - May 5, 2016
152	0.13346	0.88517	0.75564	0.01745	1.000	Public Educational Governmental (PEG) Access and Cable-Related Fund, to reserve cable fran-
152	0.13346	0.86919	0.75752	0.01599	1.000	chise fees and other cable-related revenues for appropriation to support PEG access services and
152	0.13346	0.85169	0.78008	0.01612	1.000	oversight and renewal of the cable franchise agreement, the fund to begin operation for Fiscal Year
152	0.13158	0.83284	0.75188	0.01745	1.000	2017, which begins July 1, 2016, and further to transfer the balance in the existing PEG Access
152	0.13346	0.81541	0.44361	0.01744	1.000	Fund as of June 30, 2016 to this newly established fund.
152	0.13346	0.78198	0.77632	0.01599	1.000	ARTICLE 25. To see if the Town will vote to appropriate from Public Educational Governmental
152	0.13158	0.76453	0.76316	0.01599	1.000	(PEG) Access and Cable Related Fund Revenues, the sum of $74,030.76 to fund the FY' 17 PEG
152	0.13346	0.74702	0.77632	0.01612	1.000	Access Committee operating budget; or take any other action relative thereto. (Submitted by Town
152	0.13346	0.72965	0.77444	0.01599	1.000	Accountant) Board of Selectmen recommends approval. Finance Committee recommends approv-
152	0.13158	0.71221	0.76504	0.01599	1.000	al. VOTED UNANIMOUSLY to appropriate from the Public Educational Governmental (PEG)
152	0.13346	0.69320	0.78008	0.01761	1.000	Access and Cable Related Fund Revenues, the sum of $74,030.76 to fund the FY2017 PEG Access
152	0.13346	0.67733	0.23684	0.01599	1.000	Committee Operating Budget.
152	0.13346	0.64087	0.78383	0.01761	1.000	ARTICLE 26. To see if the Town will appropriate $4,000,000, or any other sum to pay costs of
152	0.13158	0.62500	0.78195	0.01744	1.000	repairing local roads in accordance with the Town's Pavement Management Plan dated March
152	0.13158	0.60756	0.78195	0.01599	1.000	2016, as the same may be amended or updated, including the payment of all costs incidental and
152	0.13158	0.59003	0.78383	0.01612	1.000	related thereto; to determine whether this amount shall be raised by taxation, transfer from availa-
152	0.13158	0.57118	0.78383	0.01748	1.000	ble funds, borrowing or otherwise; and to determine whether any borrowing that may be author-
152	0.13158	0.55523	0.78195	0.01599	1.000	ized under this article shall be contingent on a vote of the Town in favor of excluding the amounts
152	0.13158	0.53770	0.78195	0.01612	1.000	required to pay for such borrowing from the property tax limitation provisions of Chapter 59, 821C
152	0.13158	0.52034	0.78195	0.01612	1.000	of the General Laws (Proposition 2 ½); or take any other action relative thereto. (Submitted by
152	0.13346	0.50145	0.78195	0.01744	1.000	Board of Selectmen) Board of Selectmen recommends approval, 4 - 1. Finance Committee will
152	0.13158	0.48537	0.78383	0.01612	1.000	make recommendation at town meeting. VOTED $4,000,000 to pay costs of repairing local roads
152	0.12961	0.46585	0.78591	0.02120	1.000	in accordance with the Town's Pavement Management Plan dated March 2016, as the same may
152	0.13158	0.45058	0.78383	0.01744	1.000	be amended or updated, including the payment of all costs incidental and related thereto; and that
152	0.13158	0.43169	0.78383	0.01747	1.000	to meet this appropriation, the Treasurer, with the approval of the Selectmen, is authorized to bor-
152	0.13158	0.41419	0.78383	0.01761	1.000	row said amount under and pursuant to Chapter 44, Sections 7(5) or 7(6) of the General Laws, or
152	0.13158	0.39680	0.78383	0.01744	1.000	pursuant to any other enabling authority and to issue bonds or notes of the Town therefor; and that
152	0.13158	0.38070	0.78195	0.01612	1.000	the Board of Selectmen is authorized to take any other action necessary to carry out this project;
152	0.13346	0.36334	0.78008	0.01612	1.000	provided, however, that no amounts shall be borrowed or expended hereunder unless the Town
152	0.13158	0.34593	0.78195	0.01599	1.000	shall have voted to exclude the amounts necessary to repay any such borrowing from the property
152	0.13158	0.32703	0.72744	0.01746	1.000	tax limitation provisions of Chapter 59, Section 21C of the General Laws (Proposition 2 ½).
152	0.13346	0.29651	0.78195	0.01599	1.000	ARTICLE 27. To see if the Town will vote to transfer the care, custody, management and control
152	0.13346	0.27902	0.78195	0.01612	1.000	of the land described herein from the School Committee for school purposes, to the School Com-
152	0.13346	0.26163	0.78195	0.01599	1.000	mittee for school purposes and the Parks Commission (or Board of Selectmen) for the purpose dis-
152	0.13346	0.24419	0.78008	0.01599	1.000	position by leasing to telecommunications companies for the location of telecommunications facil-
152	0.13153	0.22664	0.78392	0.01805	1.000	ities, and further to authorize the Parks Commission (or Board of Selectmen) to enter into such a
152	0.13158	0.20784	0.78195	0.01745	1.000	lease or leases for said purposes, for a portion of the land located at Lunenburg High School, 1079
152	0.13346	0.19186	0.78008	0.01599	1.000	Massachusetts Avenue, Lunenburg, as shown on the Tax Map of the Town of Lunenburg as Parcel
152	0.13158	0.17436	0.78383	0.01761	1.000	Id. No. 060/055 and being further described in the following deeds: (i) Deed Book 603, Page 391;
152	0.13158	0.15698	0.78383	0.01744	1.000	(ii) Deed Book 770, Page 370, and (iii) Deed Book 1586, Page 79, each as recorded in the Worces-
152	0.13158	0.13953	0.78383	0.01599	1.000	ter Registry of Deeds, said portion of land identified on the sketch plan entitled "Conceptual Site
152	0.13346	0.12202	0.78195	0.01761	1.000	Plan, prepared by Dewberry Engineers, Inc." as on file in the office of the Town Clerk, upon such
152	0.13158	0.10465	0.73872	0.01599	1.000	terms and conditions, and for a period in excess of three years, as the Park Commission shall
152	0.13158	0.08721	0.75000	0.01745	1.000	determine to be in the best interest of the Town; and further to authorize the grant of easements
152	0.51692	0.07413	0.02632	0.00872	1.000	152
153	0.37406	0.91715	0.31203	0.01464	1.000	Annual Town Meeting - May 5, 2016
153	0.13534	0.88219	0.78571	0.01612	1.000	upon said land as may be necessary for utility services in support of such use; and to authorize the
153	0.13534	0.86483	0.78759	0.01599	1.000	Parks Commission to execute such agreements and take such actions as deemed necessary to effec-
153	0.13534	0.84593	0.78571	0.01744	1.000	tuate the purposes of this article: or take any other action relative thereto. Board of Selectmen and
153	0.13722	0.82986	0.78383	0.01612	1.000	Finance Committee will make recommendation at town meeting. VOTED 2/3RDS DECLARED
153	0.13534	0.81250	0.78571	0.01599	1.000	to transfer the care, custody, management and control of the land described herein from the School
153	0.13722	0.79506	0.78383	0.01599	1.000	Committee for school purposes, to the School Committee for school purposes and the Board of Se-
153	0.13346	0.77753	0.78759	0.01612	1.000	lectmen for the purpose of disposition by leasing to telecommunications companies for the location
153	0.13710	0.75873	0.78404	0.02174	1.000	of telecommunications facilities, and further to authorize the Board of Selectmen to enter into such
153	0.13534	0.74273	0.78571	0.01599	1.000	a lease or leases for said purposes, for a portion of the land located at Lunenburg High School,
153	0.13722	0.72520	0.78383	0.01612	1.000	1079 Massachusetts Avenue, Lunenburg, as shown on the Tax Map of the Town of Lunenburg as
153	0.13722	0.70784	0.78571	0.01612	1.000	Parcel ID No. 060/055 and being further described in the following deeds: (i) Deed Book 603,
153	0.13534	0.68895	0.78571	0.01890	1.000	Page 391; (ii) Deed Book 770, Page 370 and (iii) Deed Book 1586, Page 79, each as recorded in
153	0.13534	0.67287	0.78571	0.01761	1.000	the Worcester Registry of Deeds, said portion of land identified on the sketch plan entitled
153	0.13346	0.65551	0.78759	0.01746	1.000	"Conceptual Site Plan, as prepared by Dewberry Engineers, Inc." as on file in the Office of the
153	0.13722	0.63663	0.78571	0.01890	1.000	Town Clerk, upon such terms and conditions, and for a period in excess of three years, as the Board
153	0.13534	0.62054	0.78571	0.01612	1.000	of Selectmen shall determine to be in the best interest of the Town; and further to authorize the
153	0.13534	0.60169	0.78571	0.01895	1.000	grant of easements upon said land as may be necessary for utility services in support of such use;
153	0.13534	0.58576	0.78571	0.01599	1.000	and to authorize the Board of Selectmen to execute such agreements and take such actions as
153	0.13722	0.56820	0.46429	0.01612	1.000	deemed necessary to effectuate the purposes of this article.
153	0.13534	0.53198	0.74812	0.01744	1.000	ARTICLE 28. To see if the Town will vote to appropriate $600,000, or any other sum, to pay
153	0.13534	0.51587	0.77068	0.01761	1.000	costs of replacing the artificial turf field and track at the school campus, including the payment of
153	0.13534	0.49702	0.78571	0.01896	1.000	all costs incidental and related thereto; and to determine whether this amount shall be raised by tax-
153	0.13534	0.48110	0.73684	0.01744	1.000	ation, transfer from available funds, borrowing or otherwise; or take any other action thereto
153	0.13338	0.46316	0.78586	0.02114	1.000	(Submitted by Board of Selectmen) Board of Selectmen and Finance Committee will make recom-
153	0.13346	0.44618	0.77444	0.01612	1.000	mendation at town meeting. VOTED 2/3RDS DECLARED to appropriate $770,000 to pay costs
153	0.13534	0.42878	0.75000	0.01744	1.000	of replacing the artificial turf field and track at the school campus, including the payment of all
153	0.13530	0.40965	0.77452	0.01924	1.000	costs incidental and related thereto; and that to meet this appropriation, the Treasurer, with the ap-
153	0.13534	0.39385	0.75564	0.01761	1.000	proval of the Selectmen, is authorized to borrow said amount under and pursuant to Chapter 44,
153	0.13722	0.37645	0.77256	0.01744	1.000	Section 7(25) of the General Laws, or pursuant to any other enabling authority, and to issue bonds
153	0.13534	0.35901	0.76880	0.01748	1.000	or notes of the Town therefor; and that the Board of Selectmen is authorized to take any other ac-
153	0.13534	0.34152	0.30827	0.01612	1.000	tion necessary to carry out this project.
153	0.13722	0.30669	0.78008	0.01747	1.000	ARTICLE 29. To see if the Town will vote to authorize the Board of Selectmen to acquire by gift,
153	0.13534	0.28919	0.77444	0.01761	1.000	purchase, and/or eminent domain, the fee to and/or permanent and/or temporary easements in por-
153	0.13534	0.27180	0.75752	0.01744	1.000	tions of parcels of land located on Summer Street and North Street, and other abutting ways, for
153	0.13534	0.25436	0.74436	0.01746	1.000	public way purposes, including without limitation, for the construction, alteration, installation,
153	0.13534	0.23686	0.73872	0.01761	1.000	maintenance, improvement, repair, replacement and/or relocation of rights of way, sidewalks,
153	0.13722	0.21948	0.76880	0.01744	1.000	drainage, utilities, slope, grading, rounding, construction and other easements, to enable the Town
153	0.13534	0.20203	0.75376	0.01746	1.000	to undertake the 606124 Fitchburg/Lunenburg/Leominster-Summer Street/North Street Project,
153	0.13534	0.18452	0.77820	0.01761	1.000	which parcels are listed on a sheet entitled "Preliminary Right of Way Parcel Summary Sheet" and
153	0.13534	0.16715	0.77632	0.01744	1.000	approximately shown on plans entitled "Preliminary Right of Way Property Plan," on file with the
153	0.13722	0.14971	0.77632	0.01745	1.000	Town Clerk, as the same may be amended from time to time, and land within 100 feet of said par-
153	0.13534	0.13219	0.75376	0.01761	1.000	cels; and further to raise and appropriate, transfer from available funds, and/or borrow a sum of
153	0.13534	0.11334	0.72744	0.01892	1.000	money to fund the foregoing project and any and all costs related thereto, including, without
153	0.51504	0.07267	0.02820	0.01163	1.000	153
154	0.37218	0.90551	0.31203	0.01612	1.000	Annual Town Meeting - May 5, 2016
154	0.12970	0.87054	0.76692	0.01761	1.000	limitation, the cost of any land/easement acquisitions; and to authorize the Board of Selectmen to
154	0.13158	0.85317	0.76128	0.01746	1.000	enter into all agreements and take any actions necessary or appropriate to carry out the foregoing
154	0.12970	0.83576	0.78195	0.01744	1.000	transactions; or take any other action relative thereto. (Submitted by Board of Selectmen) Board of
154	0.13158	0.81969	0.78759	0.01612	1.000	Selectmen recommends approval. Finance Committee will make recommendation at town meeting.
154	0.13158	0.80084	0.77256	0.01747	1.000	VOTED UNANIMOUSLY to authorize the Board of Selectmen to acquire by gift, purchase and/
154	0.13158	0.78343	0.78195	0.01744	1.000	or eminent domain, the fee to and/ or permanent and/ or temporary easements in portions of parcels
154	0.12970	0.76587	0.78383	0.01761	1.000	of land located on Summer Street and North Street and other abutting ways, for public way purpos-
154	0.13158	0.74851	0.78383	0.01893	1.000	es, including without limitation, for the construction, alteration, installation, maintenance, improve-
154	0.12970	0.73110	0.76692	0.01890	1.000	ment, repair, replacement and/ or relocation of rights of way, sidewalks, drainage, utilities, slope,
154	0.12970	0.71354	0.76880	0.01761	1.000	grading, rounding, construction and other easements, to enable the Town to undertake the 606124
154	0.12970	0.69618	0.79135	0.01748	1.000	Fitchburg/ Lunenburg/ Leominster- Summer Street/ North Street Project, which parcels are listed on
154	0.12970	0.68023	0.76316	0.01599	1.000	a sheet entitled "Preliminary Right of Way Parcel Summary Sheet" and approximately shown on
154	0.12970	0.66134	0.77632	0.01897	1.000	plans entitled "Preliminary Right of Way Property Plan," on file with the Town Clerk, as the same
154	0.12970	0.64385	0.76316	0.01761	1.000	may be amended from time to time, and land within 100 feet of said parcels; and to authorize the
154	0.13158	0.62645	0.79323	0.01744	1.000	Board of Selectmen to enter into all agreements and take any actions necessary or appropriate to car-
154	0.12970	0.60901	0.26504	0.01748	1.000	ry out the foregoing transactions.
154	0.13158	0.57413	0.78759	0.01744	1.000	ARTICLE 30. To see if the Town will vote to transfer the care, custody, and control of a portion of
154	0.12970	0.55669	0.79323	0.01747	1.000	the land with the building thereon, known as the Brooks House, located at 1079 Massachusetts Ave-
154	0.12970	0.53919	0.78571	0.01761	1.000	nue, shown on Assessor's Map 60, Parcel 55, and shown on a plan of land entitled "T.C. Passios &
154	0.13158	0.52180	0.78195	0.01744	1.000	Brooks House Conceptual Site Plan" on file with the Town Clerk, from the School Committee held
154	0.12970	0.50436	0.79699	0.01746	1.000	for school purposes to the Board of Selectmen for general municipal purposes and for the purpose of
154	0.12970	0.48686	0.79511	0.01761	1.000	conveyance, and authorize the Board of Selectmen to convey said property on such terms and condi-
154	0.12970	0.46948	0.76316	0.01744	1.000	tions, and for such consideration as the Board of Selectmen deems appropriate; or take any other
154	0.12970	0.45337	0.77068	0.01612	1.000	action relative thereto. (Submitted by School Committee) Board of Selectmen and Finance Com-
154	0.12970	0.43452	0.78008	0.01761	1.000	mittee to make recommendation at town meeting. VOTED UNANIMOUSLY to transfer the care,
154	0.12970	0.41715	0.78195	0.01744	1.000	custody and control of a portion of the land with the building thereon, known as the Brooks House,
154	0.12970	0.39971	0.75752	0.01745	1.000	located at 1079 Massachusetts Avenue, shown on Assessor's Map 60, Parcel 55 and shown on a
154	0.12970	0.38368	0.76128	0.01612	1.000	plan of land entitled "T.C. Passios & Brooks House Conceptual Site Plan" on file with the Town
154	0.13158	0.36628	0.77068	0.01599	1.000	Clerk, from the School Committee held for school purposes to the Board of Selectmen for general
154	0.12970	0.34738	0.75752	0.01745	1.000	municipal purposes and for the purpose of conveyance, and authorize the Board of Selectmen to
154	0.12970	0.32986	0.77632	0.01761	1.000	convey said property on such terms and conditions, and for such consideration as the Board of Se-
154	0.12782	0.31395	0.22368	0.01599	1.000	lectmen deems appropriate.
154	0.13158	0.27753	0.78759	0.01761	1.000	ARTICLE 31. To see if the Town will vote to transfer the care, custody, and control of a portion of
154	0.12970	0.26163	0.79135	0.01599	1.000	the land with the building thereon, known as Thomas C. Passios Elementary School, located at 1079
154	0.13158	0.24273	0.77256	0.01744	1.000	Massachusetts Avenue, shown on Assessor's Map 60, Parcel 55 and shown on a plan of land enti-
154	0.13158	0.22669	0.75752	0.01612	1.000	tled "T.C. Passios & Brooks House Conceptual Site Plan" on file with the Town Clerk, from the
154	0.13158	0.20784	0.76880	0.01745	1.000	School Committee held for school purposes to the Board of Selectmen for general municipal pur-
154	0.13154	0.18986	0.77640	0.01957	1.000	poses, including but not limited to the development of a town hall, or take any other action relative
154	0.12970	0.17436	0.76316	0.01612	1.000	thereto. (Submitted by School Committee) Board of Selectmen and Finance Committee to make
154	0.12970	0.15698	0.78571	0.01599	1.000	recommendation at town meeting. VOTED 2/3RDS DECLARED to transfer the care, custody and
154	0.13158	0.13808	0.78571	0.01891	1.000	control of a portion of the land with the building thereon, known as the Thomas C. Passios Elemen-
154	0.12970	0.12054	0.77256	0.01761	1.000	tary School, located at 1079 Massachusetts Avenue, shown on Assessor's Map 60, Parcel 55 and
154	0.13158	0.10465	0.70677	0.01744	1.000	Shown on a plan of land entitled "T.C. Passios and Brooks House Conceptual Site Plan,"
154	0.51504	0.07267	0.02820	0.01017	1.000	154
155	0.37406	0.91134	0.31391	0.01453	1.000	Annual Town Meeting - May 5, 2016
155	0.12406	0.87500	0.80263	0.01744	1.000	on file with the Town Clerk, from the School Committee held for school purposes to the Board of Se-
155	0.12218	0.85756	0.79323	0.01744	1.000	lectmen for general municipal purposes, including but not limited to the development of a town hall.
155	0.12594	0.82413	0.77068	0.01599	1.000	ARTICLE 32. To see if the Town will vote to authorize the Board of Selectmen to convey to the
155	0.12406	0.80523	0.80075	0.01892	1.000	owners of the property located at 1134 Northfield Road, shown on Assessors' Map 36, Parcel 26, and
155	0.12406	0.78770	0.77068	0.01910	1.000	their successors, a non-exclusive, perpetual easement along and upon those portions of the Town-
155	0.12406	0.77180	0.77256	0.01599	1.000	owned property at 1134 Northfield Road, Lunenburg, approximately 6 feet wide by 225 feet long,
155	0.12406	0.75436	0.79699	0.01599	1.000	along Northfield Road, for the purpose of installing and maintaining a septic system upon the portion
155	0.12406	0.73686	0.79511	0.01612	1.000	of said property, on such terms and conditions which the Board of Selectmen may determine, or take
155	0.12406	0.71948	0.79323	0.01744	1.000	any action relative thereto. (Submitted by Board of Selectmen) Board of Selectmen recommends ap-
155	0.12406	0.70203	0.79887	0.01599	1.000	proval. Finance Committee reports no direct financial impact. VOTED UNANIMOUSLY to author-
155	0.12218	0.68452	0.79511	0.01612	1.000	ize the Board of Selectmen to convey to the owners of the property located at 1134 Northfield Road,
155	0.12406	0.66715	0.77820	0.01744	1.000	shown on Assessors' Map 36, Parcel 26, and their successors, a non-exclusive, perpetual easement
155	0.12406	0.64826	0.79887	0.01744	1.000	along and upon those portions of the Town-owned property at 1134 Northfield Road, Lunenburg, ap-
155	0.12406	0.63219	0.76880	0.01612	1.000	proximately 6 feet wide by 225 feet long, along Northfield Road, for the purpose of installing and
155	0.12402	0.61270	0.80459	0.01973	1.000	maintaining a septic system upon the portion of said property, on such terms and conditions which the
155	0.12594	0.59738	0.78571	0.01745	1.000	Board of Selectmen may determine; and to authorize the Board of Selectmen to enter into all agree-
155	0.12406	0.57986	0.73308	0.01612	1.000	ments and to take any actions necessary or appropriate to carry out the foregoing transaction.
155	0.12594	0.54506	0.81015	0.01744	1.000	ARTICLE 33. To see if the Town will vote to approve a zoning change from "Recreational" to
155	0.12218	0.52753	0.81391	0.01761	1.000	"Residence A," for land described as Parcel 12 on Assessor's Map 37, also known as 1026 Northfield
155	0.12406	0.51017	0.81203	0.01745	1.000	Road on Assessor's Map 37; or take any other action relative thereto. (Citizen Petition Article) Board
155	0.12406	0.49273	0.81203	0.01744	1.000	of Selectmen recommends approval. Finance Committee reports no direct financial impact. VOTED
155	0.12594	0.47384	0.81203	0.01897	1.000	UNANIMOUSLY to approve a zoning change from "Recreational" to "Residence A," for land de-
155	0.12406	0.45635	0.64098	0.01894	1.000	scribed as Parcel 12 on Assessor's Map 37, also known as 1026 Northfield Road.
155	0.12594	0.42584	0.78008	0.01612	1.000	ARTICLE 34. To see if the Town will vote to authorize the Town to negotiate a long term lease to
155	0.12218	0.40843	0.81203	0.01599	1.000	locate Doppler radar tower; or take any other action thereto. Board of Selectmen and Finance Commit-
155	0.12406	0.39087	0.65226	0.01612	1.000	tee will make recommendation at town meeting. Article 34 was PASSED OVER
155	0.12594	0.35610	0.78008	0.01599	1.000	ARTICLE 35. To see if the Town will vote to accept the revisions that amend the Comprehensive
155	0.12594	0.33854	0.78947	0.01612	1.000	Wastewater Master Plan (CWMP) Phase IV Report, such revisions currently on file in the offices of
155	0.12406	0.32118	0.81203	0.01748	1.000	the Town Clerk, Board of Selectmen, and Sewer Commission; or take any other action relative thereto.
155	0.12218	0.30523	0.81203	0.01453	1.000	(Submitted by Sewer Commission) Board of Selectmen and Finance Committee will make recommen-
155	0.12406	0.28634	0.79887	0.01599	1.000	dation at town meeting. VOTED UNANIMOUSLY to accept the revisions that amend the Compre-
155	0.12406	0.26885	0.80639	0.01761	1.000	hensive Wastewater Master Plan (CWMP) Phase IV Report, such revisions currently on file in the Of-
155	0.12406	0.25145	0.55263	0.01599	1.000	fices of the Town Clerk, Board of Selectmen and Sewer Commission.
155	0.12594	0.21948	0.77068	0.01599	1.000	ARTICLE 36. To see if the Town will vote to amend Article XXIV of the Town Bylaws, entitled
155	0.12218	0.20058	0.79135	0.01891	1.000	"Sewer Bylaw," by adding the section 9.0 "Regulation Changes", such revisions currently on file in
155	0.12406	0.18452	0.78571	0.01761	1.000	the offices of the Town Clerk, Board of Selectmen and Sewer Commission; or take any other action
155	0.12406	0.16715	0.81015	0.01744	1.000	relative thereto. "(Submitted by Sewer Commission) Board of Selectmen and Finance Committee will
155	0.12406	0.14971	0.78947	0.01745	1.000	make recommendation at town meeting. VOTED UNANIMOUSLY to amend Article XXIV of the
155	0.12594	0.13219	0.79135	0.01761	1.000	Town Bylaws, entitled "Sewer Bylaw," by adding the Section 9.0, "Regulation Changes," such revi-
155	0.12402	0.11267	0.79332	0.02109	1.000	sions currently on file in the offices of the Town Clerk, Board of Selectmen and Sewer Commission.
155	0.51497	0.07257	0.02834	0.01183	1.000	155
156	0.36842	0.92287	0.31391	0.01612	1.000	Annual Town Meeting - May 5, 2016
156	0.12970	0.88663	0.79135	0.01890	1.000	ARTICLE 37. To see if the Town will vote to amend the Zoning Bylaw, Table of Contents, by de-
156	0.12782	0.87054	0.79135	0.01612	1.000	leting the words "Development Plan Review" and inserting the words "Site Plan Approval", (see
156	0.12970	0.85465	0.78947	0.01464	1.000	bolded wording) or take any action relative thereto. (Submitted by Planning Board) Board of Select-
156	0.12965	0.83387	0.78959	0.02196	1.000	men and Finance Committee will make recommendation at town meeting. VOTED UNANI-
156	0.12970	0.81541	0.79323	0.02189	1.000	MOUSLY to amend the Zoning Bylaw, Table of Contents, by deleting the words "Development
156	0.17105	0.80233	0.21053	0.01315	1.000	SECTION 8.0. ADMINISTRATION
156	0.21053	0.78052	0.02068	0.00872	1.000	8.1.
156	0.21053	0.76890	0.02068	0.00872	1.000	8.2.
156	0.20865	0.75436	0.02256	0.01163	1.000	8.3.
156	0.20865	0.74128	0.02444	0.01308	1.000	8.4.
156	0.20865	0.72965	0.02256	0.01163	1.000	8.5.
156	0.20865	0.71802	0.02256	0.01163	1.000	8.6.
156	0.25000	0.77762	0.04511	0.01163	1.000	Permits
156	0.24808	0.76581	0.07716	0.01198	1.000	Enforcement
156	0.24624	0.75436	0.10338	0.01163	1.000	Board of Appeals
156	0.24245	0.74255	0.12224	0.01200	1.000	Site Plan Approval
156	0.24980	0.72890	0.07747	0.01459	1.000	Applicability
156	0.25000	0.71652	0.12406	0.01463	1.000	Adoption Amendment
156	0.57519	0.77907	0.03195	0.01163	1.000	1-4
156	0.57707	0.76890	0.03008	0.01017	1.000	1-4
156	0.57707	0.75581	0.03008	0.01017	1.000	1-4
156	0.57519	0.74128	0.03195	0.01453	1.000	1-6
156	0.57707	0.73110	0.00940	0.01163	0.500	1
156	0.57707	0.71948	0.00940	0.01163	0.500	1
156	0.12970	0.65988	0.47744	0.01894	1.000	Plan Review" and inserting the words "Site Plan Approval."
156	0.12970	0.64236	0.75940	0.01910	1.000	ARTICLE 38. To see if the Town will vote to amend the Zoning Bylaw, Section 3.0, Establish-
156	0.12958	0.62165	0.78784	0.02439	1.000	ment of Districts (3.1 Types of Districts), by deleting the word fourteen (14) and inserting the word
156	0.12970	0.60901	0.37030	0.01599	1.000	fifteen (15), or take any action relative thereto.
156	0.12782	0.59152	0.78008	0.01612	1.000	(Submitted by Planning Board) Board of Selectmen and Finance Committee will make recommen-
156	0.12970	0.57413	0.18797	0.01599	1.000	dation at town meeting.
156	0.12970	0.55669	0.17857	0.01453	1.000	3.1. Types of Districts
156	0.21805	0.53770	0.68985	0.01761	1.000	The Town of Lunenburg is hereby divided into fourteen fifteen (1415) types of districts
156	0.12958	0.52127	0.11490	0.01704	1.000	designated as:
156	0.30632	0.50550	0.10165	0.01516	1.000	Residence A
156	0.30639	0.48834	0.09962	0.01463	1.000	Residence B
156	0.24624	0.46948	0.01880	0.01599	0.500	c)
156	0.24624	0.45203	0.02068	0.01744	0.500	d)
156	0.24624	0.43459	0.01880	0.01453	0.500	e)
156	0.30639	0.46802	0.07143	0.01599	1.000	Outlying
156	0.30633	0.45326	0.08659	0.01499	1.000	Recreation
156	0.30639	0.43750	0.09962	0.01308	1.000	Commercial
156	0.30639	0.41860	0.29699	0.01453	1.000	Limited Business/Residential District
156	0.30639	0.40104	0.21617	0.01466	1.000	Retail Commercial District
156	0.30639	0.38070	0.21241	0.02046	1.000	Route 2A Overlay District
156	0.30639	0.36628	0.27068	0.01599	1.000	Office Park and Industrial District
156	0.30639	0.34884	0.15977	0.01453	1.000	Flood Plain District
156	0.30639	0.32837	0.26128	0.01761	1.000	Water Supply Protection District
156	0.24624	0.31250	0.01504	0.01744	1.000	1)
156	0.30451	0.31250	0.20489	0.01599	1.000	Whalom Overlay District
156	0.24812	0.29651	0.02444	0.01308	0.300	m)
156	0.29699	0.29787	0.26880	0.01318	1.000	Tri Town Smart Growth District
156	0.24624	0.27907	0.02068	0.01308	0.300	n)
156	0.29699	0.27753	0.37594	0.01612	1.000	Summer Street Revitalization Overlay District
156	0.24812	0.26163	0.02632	0.01308	1.000	0)
156	0.29887	0.26017	0.19173	0.01599	1.000	Village Center District
156	0.12782	0.24273	0.77632	0.01599	1.000	(Submitted by Planning Board) VOTED UNANIMOUSLY to amend the Zoning Bylaw, Section
156	0.12970	0.22384	0.76880	0.01748	1.000	3.0, Establishment of Districts (3.1 Types of Districts), by deleting the word fourteen (14) and in-
156	0.12970	0.20784	0.22932	0.01612	1.000	serting the word fifteen (15).
156	0.12970	0.17151	0.78195	0.01748	1.000	ARTICLE 39. To see if the Town will vote to amend the Zoning Bylaw, Section 6.0, General Pro-
156	0.12970	0.15551	0.78571	0.01612	1.000	visions Affecting All Districts, by deleting Sections 6.1.2 Design of Off Street Parking and Loading
156	0.12970	0.13808	0.76880	0.01599	1.000	Spaces and 6.4.3 Design Requirements and adding a new Section 6.4.3 Off Street Parking Design
156	0.12970	0.11919	0.76880	0.01747	1.000	Standards, or take any action relative thereto. (Submitted by Planning Board) Board of Selectmen
156	0.12961	0.10310	0.54535	0.01894	1.000	and Finance Committee will make recommendation at town meeting.
156	0.51504	0.07267	0.02820	0.01017	1.000	156
157	0.36654	0.92151	0.31203	0.01453	1.000	Annual Town Meeting - May 5, 2016
157	0.12970	0.88517	0.78195	0.01745	1.000	ARTICLE 39. To see if the Town will vote to amend the Zoning Bylaw, Section 6.0, General Pro-
157	0.12970	0.86919	0.78571	0.01599	1.000	visions Affecting All Districts, by deleting Sections 6.1.2 Design of Off Street Parking and Loading
157	0.12970	0.85020	0.76880	0.01761	1.000	Spaces and 6.4.3 Design Requirements and adding a new Section 6.4.3 Off Street Parking Design
157	0.12970	0.83284	0.76880	0.01745	1.000	Standards, or take any action relative thereto. (Submitted by Planning Board) Board of Selectmen
157	0.12961	0.81678	0.54346	0.01894	1.000	and Finance Committee will make recommendation at town meeting.
157	0.12970	0.78198	0.34023	0.01599	1.000	6.4.3. Off-Street Parking Design Standards
157	0.12970	0.76453	0.30827	0.01599	1.000	General Parking & Loading Provisions
157	0.15971	0.74836	0.07155	0.01490	1.000	Location
157	0.15977	0.72817	0.75564	0.01746	1.000	1. Required off-street parking spaces shall be provided on the same lot as, and loading bays
157	0.15789	0.71076	0.65038	0.01744	1.000	shall be provided next to, the principal or accessory use they are required to serve.
157	0.15789	0.67733	0.75940	0.01599	1.000	2. No area may be utilized and counted as both a required parking space and a required loading
157	0.15789	0.65843	0.75940	0.01744	1.000	bay, without the approval of the Planning Board. Shared parking/loading areas shall only be
157	0.15789	0.64087	0.75752	0.02059	1.000	used for loading prior to opening or after closing of all uses located on the site in question.
157	0.15785	0.62337	0.75761	0.02077	1.000	However, maneuvering aisles and driveways may serve both required parking and loading bays
157	0.15789	0.60756	0.75940	0.01744	1.000	if they meet the design standards of each. Existing areas used for both parking and loading shall
157	0.15789	0.59003	0.26128	0.01612	1.000	be counted for loading purposes.
157	0.15789	0.55523	0.75940	0.01599	1.000	3. Required off-street parking spaces or loading bays may be wholly or partly enclosed in a
157	0.15786	0.53910	0.07714	0.01192	1.000	structure.
157	0.15789	0.50145	0.75940	0.01744	1.000	4. Off-street parking spaces required for two or more buildings, uses, or establishments on a
157	0.15789	0.48537	0.35150	0.01612	1.000	single lot may be provided in a common lot.
157	0.15932	0.45148	0.08728	0.01445	1.000	Driveways
157	0.15977	0.43304	0.75752	0.01612	1.000	1. Each parking space and loading bay shall be connected by a driveway to a street or to an inte-
157	0.15977	0.41715	0.23872	0.01464	1.000	rior drive that leads to a street.
157	0.15789	0.38070	0.75752	0.01761	1.000	2. The number of driveways permitting entrance to and exit from a lot shall be limited to two
157	0.15789	0.36334	0.75752	0.01747	1.000	per street line. Driveways shall be located to minimize conflict with traffic on public streets and
157	0.15789	0.34593	0.75752	0.01744	1.000	where good visibility and sight distances are available to observe approaching pedestrian and
157	0.15789	0.32986	0.13534	0.01463	1.000	vehicular traffic.
157	0.15789	0.29360	0.75752	0.01744	1.000	3. All curb cuts and access driveways shall be located in the Zoning District in which the site's
157	0.15977	0.27604	0.19737	0.01761	1.000	primary use is permitted.
157	0.15789	0.24128	0.44925	0.01744	1.000	4. The maximum grade of any outdoor driveway is 12%.
157	0.15789	0.20635	0.63158	0.01612	1.000	5. No Driveway shall require that vehicles back out onto public or private ways.
157	0.15977	0.17442	0.07143	0.01308	1.000	Setbacks
157	0.18797	0.13663	0.72180	0.01744	1.000	1. Each parking space or driveway serving a one-family or two-family dwelling shall be set
157	0.12782	0.11919	0.74624	0.01747	1.000	back five feet from any side lot line and rear lot line, with the exception of common driveways
157	0.51316	0.07122	0.03008	0.01308	1.000	157
158	0.37218	0.92287	0.31579	0.01761	1.000	Annual Town Meeting - May 5, 2016
158	0.13722	0.88808	0.76128	0.02040	1.000	and shall be designated on a plan and is issued a building permit by the Building Commissioner.
158	0.16541	0.85317	0.75752	0.01892	1.000	2. No parking is permitted in the front yard other than in a designated parking space or drive-
158	0.16541	0.83721	0.04135	0.01308	1.000	way.
158	0.16541	0.80233	0.75564	0.01599	1.000	3. All paved parts of all parking spaces, driveways and maneuvering aisles shall be set back
158	0.16723	0.78420	0.75576	0.01866	1.000	from any wall of a principal building and from any lot line or zoning boundary line as indicated
158	0.18412	0.73234	0.06596	0.01642	1.000	District
158	0.14627	0.69936	0.12287	0.02424	1.000	RA; RB; 0; R,
158	0.14662	0.68605	0.04699	0.01744	0.300	VCD
158	0.14662	0.66715	0.05451	0.01744	0.500	LB/R;
158	0.14286	0.64236	0.06015	0.02188	1.000	RC; C
158	0.14474	0.62064	0.04511	0.02326	0.500	OP/I
158	0.30635	0.73818	0.13543	0.01928	1.000	Residential Dis-
158	0.33271	0.72238	0.08083	0.01745	1.000	trict Line
158	0.35338	0.69477	0.03947	0.01744	0.500	N/A
158	0.35526	0.66570	0.03195	0.01744	1.000	25
158	0.36090	0.64244	0.02632	0.01744	1.000	40
158	0.36090	0.62064	0.02632	0.01744	1.000	50
158	0.48305	0.73100	0.09405	0.01766	1.000	Street Line
158	0.51504	0.69477	0.02632	0.01599	1.000	25
158	0.51504	0.66424	0.02632	0.01890	1.000	25
158	0.51316	0.64099	0.03008	0.02035	1.000	30
158	0.51128	0.61919	0.03195	0.01890	1.000	30
158	0.62939	0.73719	0.11527	0.02125	1.000	All Other Lot
158	0.66165	0.72238	0.04887	0.01890	1.000	Lines
158	0.67857	0.69622	0.01316	0.01599	1.000	5
158	0.67293	0.66570	0.02632	0.01744	1.000	10
158	0.67293	0.64244	0.02632	0.01890	1.000	15
158	0.77068	0.73983	0.14286	0.01744	1.000	Wall of Principal
158	0.80451	0.71948	0.07519	0.02035	1.000	Building
158	0.83083	0.69477	0.01880	0.01599	1.000	5
158	0.83459	0.66570	0.01504	0.01744	1.000	5
158	0.83459	0.63953	0.01692	0.02326	0.500	5
158	0.83459	0.61919	0.01880	0.02180	1.000	5
158	0.16729	0.57703	0.23308	0.01599	1.000	*all measurements are in feet
158	0.13722	0.54067	0.22932	0.01612	1.000	Exceptions to the Table Are:
158	0.15789	0.50570	0.24812	0.01612	1.000	a. One and Two-Family homes
158	0.18797	0.47093	0.61466	0.01744	1.000	b. A parking space located within a structure otherwise permitted in such area
158	0.16729	0.43452	0.75188	0.02042	1.000	4. No parking space, internal driveway or loading bay, whether required or otherwise provided,
158	0.16729	0.41715	0.54135	0.02184	1.000	shall be located, wholly or partly, within the right-of-way of a street.
158	0.16541	0.38368	0.74624	0.01748	1.000	5. All access to parking shall be by driveways meeting the requirements of this Section; curbs,
158	0.16726	0.36691	0.70872	0.02055	1.000	wheel stops, screening or similar barriers must be installed to prevent vehicles from being
158	0.16541	0.35020	0.37406	0.01761	1.000	parked or driven within required setback areas.
158	0.17293	0.31686	0.16353	0.01163	1.000	Screening for Parkins
158	0.16729	0.27753	0.74812	0.01761	1.000	1. In all residential and mixed uses, or on a lot in any district which abuts or is across the street
158	0.16729	0.26017	0.74624	0.01745	1.000	from a residential use, any outdoor parking lot, all loading bays, maneuvering aisles and drive-
158	0.16729	0.24419	0.73496	0.01599	1.000	ways shall be screened in a manner to protect abutting lots from the glare of headlights, noise
158	0.16729	0.22669	0.21429	0.01612	1.000	and other nuisance factors.
158	0.16729	0.19186	0.74060	0.01599	1.000	2. Any parking lot, which is a principal use, must be screened along driveways and around the
158	0.16729	0.17287	0.75188	0.01761	1.000	entire perimeter of the parking lot. The entrance to driveways, to the extent practicable, shall be
158	0.16541	0.15698	0.74624	0.01599	1.000	located on the side near nonresidential uses or on streets or highways leading to nonresidential
158	0.16917	0.14244	0.04699	0.01017	1.000	areas.
158	0.51504	0.07267	0.02820	0.01163	1.000	158
159	0.37218	0.92151	0.31203	0.01748	1.000	Annual Town Meeting - May 5, 2016
159	0.16165	0.88808	0.22932	0.01599	1.000	3. Screening shall consist of:
159	0.19173	0.85169	0.69925	0.01761	1.000	a. A strip of land at least four feet wide, densely planted with combination of shrubs, and
159	0.19173	0.83430	0.72180	0.01744	1.000	trees with or without earthen berms which shall have a combined height of at least four feet
159	0.19173	0.81686	0.69737	0.01746	1.000	high at the time of planting and which are of a type that may be expected to form a year-
159	0.18985	0.80084	0.46805	0.01747	1.000	round dense screen at least six feet high within three years;
159	0.19173	0.76453	0.68233	0.01746	1.000	b. A wall, barrier, or fence of uniform appearance at least five feet high above finished
159	0.19173	0.74702	0.72180	0.01761	1.000	grade. Such wall, barrier or fence may be opaque or perforated, provided that not more than
159	0.19173	0.72965	0.21429	0.01744	1.000	50% of the face is open; or
159	0.19173	0.69469	0.70865	0.01761	1.000	c. Any combination of a & b approved by the Planning Board through Site Plan Approval.
159	0.15977	0.65988	0.74624	0.01894	1.000	4. Such screening shall be maintained in good condition at all times. Such screening or barrier
159	0.15977	0.64236	0.72180	0.02043	1.000	may be interrupted by entrances or exits and shall have no signs attached thereto other than
159	0.16165	0.62645	0.24060	0.02037	1.000	those permitted in the district.
159	0.15977	0.59152	0.14474	0.01895	1.000	Design Standards
159	0.16157	0.55783	0.09979	0.01661	1.000	Dimensions
159	0.18233	0.52180	0.73872	0.01890	1.000	a. Parking spaces and maneuvering aisles shall have the minimum dimensions set forth in the
159	0.18045	0.50291	0.36466	0.01892	1.000	following table and elsewhere in this section:
159	0.13142	0.48659	0.06423	0.01955	1.000	Table 1
159	0.18421	0.45784	0.46053	0.01891	1.000	S = Standard Parking Space C= Compact Parking Space
159	0.18181	0.40880	0.07812	0.02542	1.000	Angle of
159	0.18398	0.39338	0.07378	0.02138	1.000	Parking
159	0.17286	0.34865	0.09037	0.02073	1.000	61° to 90°
159	0.17478	0.33129	0.08654	0.01765	1.000	46° to 60°
159	0.17481	0.31250	0.03571	0.01744	1.000	45°
159	0.17478	0.29353	0.06961	0.01759	1.000	Parallel
159	0.30075	0.41270	0.08459	0.01910	1.000	Width of
159	0.44543	0.41262	0.08659	0.01925	1.000	Depth of
159	0.27997	0.39351	0.12614	0.02111	1.000	Parking Space
159	0.41151	0.39322	0.15255	0.02170	1.000	Parking Space**
159	0.29887	0.36773	0.01692	0.01744	1.000	S
159	0.37030	0.36919	0.01692	0.01599	1.000	C
159	0.35714	0.34738	0.04135	0.02180	1.000	8.5*
159	0.44361	0.36919	0.01504	0.01599	1.000	S
159	0.30075	0.33285	0.01128	0.01308	1.000	9
159	0.30075	0.31541	0.01128	0.01163	1.000	9
159	0.29887	0.29360	0.01504	0.01599	1.000	8
159	0.36090	0.32849	0.03383	0.02326	1.000	8.5
159	0.36090	0.30814	0.03383	0.02326	1.000	8.5
159	0.37030	0.29360	0.01504	0.01599	1.000	8
159	0.51880	0.35320	0.02444	0.01308	1.000	15
159	0.51880	0.33285	0.02444	0.01453	1.000	15
159	0.51880	0.31250	0.02632	0.01744	1.000	15
159	0.51692	0.29215	0.02820	0.02035	1.000	18
159	0.60714	0.42151	0.08459	0.02045	1.000	Width of
159	0.59191	0.40191	0.11694	0.02176	1.000	Maneuvering
159	0.62763	0.38777	0.04738	0.01807	1.000	Aisle
159	0.60150	0.36773	0.01692	0.01744	1.000	S
159	0.59586	0.34884	0.02820	0.01890	1.000	22
159	0.68045	0.36919	0.01880	0.01744	1.000	C
159	0.67481	0.34884	0.02820	0.01890	1.000	20
159	0.75171	0.41078	0.11311	0.02147	1.000	Unit Parking
159	0.78195	0.39535	0.05451	0.01744	1.000	DepthR
159	0.59774	0.31250	0.02632	0.01744	1.000	14
159	0.59586	0.29215	0.02820	0.02035	1.000	12
159	0.67669	0.31250	0.02632	0.01744	1.000	13
159	0.67669	0.29360	0.02632	0.01890	1.000	12
159	0.75940	0.36919	0.01692	0.01599	1.000	S
159	0.75376	0.34884	0.02820	0.01890	1.000	60
159	0.75376	0.33140	0.02820	0.01890	1.000	56
159	0.75376	0.31105	0.02820	0.01890	1.000	53
159	0.75000	0.29215	0.03571	0.01890	0.500	n/a
159	0.83835	0.36919	0.01880	0.01744	1.000	C
159	0.83459	0.35029	0.02632	0.01744	1.000	50
159	0.83271	0.32994	0.02820	0.01890	1.000	48
159	0.83459	0.31250	0.02632	0.01744	1.000	47
159	0.82895	0.29070	0.03571	0.02035	0.500	n/a
159	0.51679	0.23222	0.07544	0.01811	1.000	NOTES:
159	0.18233	0.19618	0.74248	0.02184	1.000	* Where one or both of the long sides of a parking space abut a wall or similar obstruction,
159	0.18233	0.18023	0.21053	0.01892	1.000	the width shall be 12 feet.
159	0.18233	0.14385	0.74060	0.02185	1.000	** Up to 2 feet of unpaved landscaped space may be included in the depth provided there are
159	0.18421	0.12645	0.32519	0.02037	1.000	no obstructions to the vehicles overhang.
159	0.50940	0.06977	0.03571	0.01744	1.000	159
160	0.37970	0.92287	0.31203	0.01463	1.000	Annual Town Meeting - May 5, 2016
160	0.18985	0.88663	0.69737	0.01744	1.000	b. To count as a required parking space, a parallel parking space shall have maneuvering
160	0.18985	0.86919	0.73872	0.01747	1.000	space at least 20 feet deep in front of it in an aisle parallel to and abutting such parking space.
160	0.18985	0.83430	0.70677	0.01744	1.000	c. Where columns of a building or structure are located in a parking lot (such as a parking
160	0.18985	0.81686	0.73308	0.01746	1.000	garage under a building) no part of a column may be within three feet of a maneuvering aisle
160	0.19173	0.79936	0.43233	0.01761	1.000	or within the minimum dimensions of a parking space.
160	0.19173	0.76453	0.73120	0.01746	1.000	d. The width of a driveway for one-way use shall be a minimum of ten (10) feet and for two-
160	0.19173	0.74702	0.72744	0.01761	1.000	way use shall be a minimum of twenty (20) feet and a maximum of thirty (30) feet, as meas-
160	0.18985	0.73110	0.18985	0.01599	1.000	ured at the setback line.
160	0.18985	0.69469	0.73496	0.01761	1.000	e. Where access or egress is provided for a parking lot, or one or more loading bays, such ac-
160	0.18985	0.67733	0.71992	0.01744	1.000	cess or egress shall be so arranged to provide a circulation system or maneuvering space on
160	0.18985	0.65988	0.71241	0.01894	1.000	the lot so that all vehicles may exit from and enter onto a public street by being driven in a
160	0.18985	0.64236	0.73872	0.01761	1.000	forward direction and no vehicle shall be required to enter or leave by backing and no vehicle
160	0.18985	0.62500	0.55827	0.01744	1.000	shall have to stand within a street right-of-way waiting to enter the lot.
160	0.16917	0.59003	0.75752	0.01761	1.000	2. Number of compact car spaces. In parking lots containing more than 20 spaces, not more than
160	0.16917	0.57267	0.75376	0.01745	1.000	33% of such spaces may be designed for use by compact cars. Such compact car spaces shall be
160	0.16718	0.55448	0.73332	0.02193	1.000	located in one or more continuous areas and shall not be intermixed with spaces designed for
160	0.16729	0.53770	0.75940	0.01761	1.000	standard cars and shall be clearly designated by signs or pavement marking. In parking lots with
160	0.16917	0.52034	0.68421	0.01745	1.000	20 or fewer parking spaces, spaces designed for use by compact cars are not permitted.
160	0.16911	0.48461	0.74825	0.02029	1.000	3. Loading bays. All required loading bays must have minimum dimensions as follows: 30 feet
160	0.16729	0.46801	0.74436	0.01746	1.000	long, 12 feet wide and 14 feet high. Each loading bay shall have a maneuvering space equal to
160	0.16729	0.45058	0.75000	0.01744	1.000	its length. Where the long portion of a loading bay abuts a wall, column or other obstacle, or in
160	0.16917	0.43304	0.74812	0.01761	1.000	other cases where the permitting authority requests, evidence shall be provided that the loading
160	0.16729	0.41715	0.74624	0.01599	1.000	bay and its maneuvering space are adequate to accommodate large motor vehicles and trailers.
160	0.16917	0.38219	0.75940	0.01612	1.000	All required loading bays shall have an adequate travel isle to provide access. This may be sepa-
160	0.16729	0.36334	0.74624	0.01892	1.000	rately located or through the parking area. In either instance the "Truck Route" shall be clearly
160	0.16917	0.34593	0.73120	0.01890	1.000	delineated by signage or pavement marking. An adequate travel path shall provide width and
160	0.16729	0.32837	0.73872	0.01761	1.000	turning radii appropriate to a WB-55 or the largest truck expected to deliver goods to the site,
160	0.16917	0.31250	0.15789	0.01599	1.000	whichever is larger.
160	0.16729	0.27604	0.74436	0.01761	1.000	4. Marking. In a parking lot or loading area, the surface of the parking lot or loading area shall
160	0.16917	0.25868	0.74248	0.01748	1.000	be painted, marked or otherwise delineated so that the location of the parking spaces and load-
160	0.16729	0.24128	0.74060	0.01744	1.000	ing bays is apparent, and signs shall be erected indicating that loading bays, and, if necessary,
160	0.16917	0.22384	0.75188	0.01748	1.000	compact or other reserved parking spaces, are reserved for such use. Where 50% or more of the
160	0.16729	0.20635	0.71805	0.01761	1.000	required parking spaces in a parking lot are assigned, such as to individual employees or to
160	0.16917	0.18895	0.73120	0.01744	1.000	dwelling units in a dwelling, parking spaces for guests or visitors to the use or establishment,
160	0.16917	0.17151	0.75940	0.01748	1.000	not to exceed 10% of the required parking spaces, shall be located and designated, by signage or
160	0.16729	0.15551	0.72180	0.01612	1.000	pavement marking, as visitor parking near the principal entrance to the building which they
160	0.16729	0.13953	0.05075	0.01163	1.000	serve.
160	0.51504	0.07122	0.02820	0.01308	1.000	160
161	0.37406	0.92584	0.31203	0.01612	1.000	Annual Town Meeting - May 5, 2016
161	0.16541	0.89087	0.75188	0.01612	1.000	5. Availability. To ensure the availability and utilization of required parking spaces and loading
161	0.16729	0.87500	0.21617	0.01463	1.000	bays on a year-round basis:
161	0.18609	0.83721	0.71429	0.01894	1.000	a. Unless authorized by Special Permit or Site Plan Approval, no fee or other charge to the
161	0.18797	0.82118	0.71992	0.01463	1.000	parker, in addition to a lease or purchase agreement applicable to occupants generally, shall
161	0.18797	0.80378	0.70301	0.01599	1.000	be made for a parking space or loading bay required to serve a use, building, or establish-
161	0.18985	0.79070	0.04323	0.01017	1.000	ment.
161	0.18609	0.75145	0.73496	0.01599	1.000	b. Each required off-street parking space and loading bay shall be designed so that any motor
161	0.18797	0.73401	0.72744	0.01748	1.000	vehicle may proceed to and from said space without requiring the moving of any other vehi-
161	0.18797	0.71652	0.36090	0.01612	1.000	cle or by passing over any other space or bay.
161	0.18797	0.68169	0.72932	0.01599	1.000	c. Parking spaces for vehicles larger than automobiles, such as large trucks or buses, shall be
161	0.18609	0.66419	0.72744	0.01612	1.000	specifically identified on the off-street parking and loading plan and shall be of such dimen-
161	0.18609	0.64680	0.70301	0.01744	1.000	sion as to accommodate the specified type of vehicle. Such vehicles shall be permitted to
161	0.18609	0.62936	0.40226	0.01599	1.000	park only in the spaces so identified and approved.
161	0.16541	0.59448	0.75752	0.01744	1.000	6. Snow storage. An aggregate area equal to, at a minimum, ten percent (10%) of the paved area
161	0.16532	0.57410	0.75770	0.02222	1.000	shall be set aside for snow storage. Snow storage shall be designated, at a minimum, in two sep-
161	0.16541	0.55952	0.75752	0.01761	1.000	arate and distinct places on the property. These areas shall be located on the submitted off-street
161	0.16541	0.54215	0.20489	0.01599	1.000	parking and loading plan.
161	0.16353	0.50719	0.39850	0.01612	1.000	In addition snow storage shall be prohibited from:
161	0.19351	0.48911	0.42881	0.01913	1.000	a. Being located on/in stormwater structures or ponds;
161	0.19361	0.47238	0.71992	0.01745	1.000	b. Impacting the sight lines at intersections both within the site and where the site driveway
161	0.19307	0.45303	0.15693	0.02143	1.000	meets public roads.
161	0.19361	0.43750	0.71241	0.01744	1.000	c. Being located in/on off-street parking spaces that are required per the Protective Bylaw.
161	0.16541	0.40253	0.21053	0.01612	1.000	7. Surfacing and drainage.
161	0.18609	0.36773	0.70301	0.01744	1.000	a. All required parking spaces and loading bays, maneuvering aisles, and driveways shall
161	0.18609	0.35020	0.71429	0.01761	1.000	have a durable, dustless, all-weather surface suitable for year-round use, such as asphalt or
161	0.18797	0.33284	0.73496	0.01745	1.000	concrete, and shall dispose of surface water by grading and drainage in such a manner that no
161	0.18609	0.31541	0.63910	0.01892	1.000	surface water shall drain onto any public way or onto any lot in other ownership.
161	0.13534	0.28051	0.77820	0.01746	1.000	b. It is the intent of this Section that the paved surface of a parking lot or loading area shall be lim-
161	0.13346	0.26308	0.75752	0.01744	1.000	ited to such areas as are necessary for the parking spaces, loading bays, maneuvering aisles, and
161	0.13722	0.24554	0.76692	0.01761	1.000	driveways required to meet the provisions of this Section. The off-street parking and loading plan
161	0.13534	0.22817	0.78571	0.01746	1.000	required by this Section shall demonstrate that all paved areas associated with a parking lot are nec-
161	0.13534	0.21076	0.77632	0.01744	1.000	essary for the storing, standing, or maneuvering of vehicles; the permitting authority may deny the
161	0.13534	0.19320	0.78947	0.01761	1.000	request for a permit when more area is paved than is necessary to comply with the provisions of this
161	0.13534	0.17878	0.06767	0.01453	1.000	Section.
161	0.16541	0.14087	0.75752	0.01761	1.000	8. Grade. The maximum grade of any required maneuvering aisle, parking space, or loading bay
161	0.16536	0.12476	0.10913	0.01501	1.000	shall be 10%.
161	0.51504	0.07267	0.02820	0.01163	1.000	161
162	0.36654	0.91860	0.31391	0.01599	1.000	Annual Town Meeting - May 5, 2016
162	0.16353	0.88368	0.12594	0.01612	1.000	9. Landscaping.
162	0.18609	0.84884	0.70301	0.01599	1.000	a. On at least three sides of the perimeter of an outdoor parking lot containing 20 or more
162	0.18609	0.82986	0.69925	0.01761	1.000	parking spaces, there must be at least one tree for every eight parking spaces abutting the
162	0.18609	0.81395	0.70865	0.01744	1.000	perimeter; such trees must be spaced so that some part of a parking space is not more than
162	0.18609	0.79787	0.28947	0.01463	1.000	30 feet from the center line of a tree.
162	0.18609	0.76163	0.72556	0.01599	1.000	b. In the interior part of an outdoor parking lot where two rows of parking spaces containing
162	0.18609	0.74273	0.71241	0.01744	1.000	a total of 10 or more parking spaces face each other, a landscaped open space not less than
162	0.18609	0.72669	0.64098	0.01612	1.000	five feet in width must be provided. The landscaped strip may be provided either:
162	0.21429	0.69186	0.48308	0.01746	1.000	i. Between the rows of parking spaces parallel to the aisle; or
162	0.21429	0.65698	0.68045	0.01744	1.000	ii. In two or more strips parallel to the spaces and extending from the aisle serving one
162	0.21429	0.63953	0.67481	0.01895	1.000	row of spaces to the aisle serving the other row of spaces. There must be in each such
162	0.21429	0.62202	0.66353	0.01612	1.000	strip, at least three trees and in all such strips not fewer than one tree for every eight
162	0.21617	0.60465	0.68609	0.01744	1.000	parking spaces in the interior part of the parking lot. Trees must be spaced so that some
162	0.21429	0.58721	0.49624	0.01745	1.000	part of each parking space is not more than 30 feet from a tree.
162	0.18609	0.55233	0.72368	0.01599	1.000	c. Trees required by this Section shall be at least two inches in diameter at a height four feet
162	0.18609	0.53488	0.69925	0.01599	1.000	above the ground at time of planting and shall be of a species characterized by suitability
162	0.18609	0.51736	0.71429	0.01761	1.000	and hardiness for location in a parking lot. To the extent practicable, existing trees shall be
162	0.18421	0.50000	0.31955	0.01599	1.000	retained and used to satisfy this Section.
162	0.16353	0.46503	0.74436	0.01612	1.000	10. Exception for one-family or two-family dwelling. The provisions of 6.4.3 b) 5; 6.43 e) 4, 5
162	0.16541	0.44767	0.73308	0.01890	1.000	& 6 with regard to backing into a public street, marking of pavement, moving of vehicles and
162	0.16353	0.43023	0.74624	0.01744	1.000	surfacing and drainage and snow storage shall not apply where parking is provided for any one
162	0.16353	0.41270	0.25376	0.01612	1.000	-family or two-family dwelling.
162	0.16353	0.37791	0.12970	0.01599	1.000	Bicycle Parking
162	0.16353	0.34301	0.73120	0.01612	1.000	1. Required spaces. In any parking area with twenty or more spaces as defined in the parking
162	0.16353	0.32703	0.73684	0.01746	1.000	and loading tables, a minimum of two bicycle parking spaces shall be provided, and one addi-
162	0.16353	0.30804	0.73872	0.01612	1.000	tional bicycle parking space shall be provided for each increment of 20 motor vehicle parking
162	0.16541	0.29215	0.24060	0.01464	1.000	spaces over 40 vehicle spaces.
162	0.16353	0.25570	0.72932	0.01612	1.000	2. Placement and access. Bicycle parking shall be located near the primary entrance(s) of the
162	0.16353	0.23686	0.72744	0.01896	1.000	building. Half of the bicycle parking spaces shall be provided as long-term parking, safe and
162	0.16353	0.22093	0.73684	0.01744	1.000	secure from vandalism and theft and protected from the elements. The other half shall be pro-
162	0.16353	0.20337	0.73496	0.01761	1.000	vided as short-term (customer or visitor) parking, and short-term parking spaces shall be visi-
162	0.16353	0.18601	0.74248	0.01748	1.000	ble and convenient to the building entrance. Bicycle parking apparatus shall not be installed in
162	0.16353	0.16860	0.71429	0.01744	1.000	a manner that will cause obstruction of pedestrian or motor vehicle traffic. Bicycle parking
162	0.16346	0.15091	0.72383	0.01925	1.000	shall be situated in such a way that normal snow removal activities and snow storage do not
162	0.16353	0.13368	0.27820	0.01748	1.000	impact the bicycle parking facility.
162	0.51504	0.07122	0.02820	0.01308	1.000	162
163	0.37030	0.91567	0.31203	0.01612	1.000	Annual Town Meeting - May 5, 2016
163	0.16541	0.88070	0.72932	0.01761	1.000	3. Dimensional Regulation. Each bicycle parking space shall be sufficient to accommodate a
163	0.16541	0.86334	0.37218	0.01612	1.000	bicycle six feet in length and two feet in width.
163	0.16541	0.82837	0.74248	0.01612	1.000	4. Design. Bicycle parking apparatus shall be of a high-security design to which the frame and
163	0.16541	0.81101	0.72180	0.01612	1.000	wheel of a parked bicycle may be attached; installed in a visible location to deter vandalism
163	0.16541	0.79360	0.73120	0.01599	1.000	and theft; and permanently mounted to the ground or to a building or other immovable struc-
163	0.16541	0.77604	0.73496	0.01612	1.000	ture. Inverted-U-frame or other racks that support the bicycle at two or more points above the
163	0.16541	0.75719	0.74248	0.01761	1.000	center of gravity are required. VOTED 2/3RDS DECLARED to amend the Zoning Bylaw, Sec-
163	0.16541	0.74128	0.73684	0.01599	1.000	tion 6.0, General Provisions Affecting All Districts, by deleting Sections 6.1.2, Design of Off
163	0.16541	0.72384	0.73872	0.01599	1.000	Street Parking and Loading Spaces and 6.4.3, Design Requirements and adding a new Section
163	0.16541	0.70635	0.34398	0.01612	1.000	6.4.3, Off Street Parking Design Standards.
163	0.13722	0.67151	0.75188	0.01599	1.000	ARTICLE 40. To see if the Town will vote to amend the Zoning Bylaw, Section 8.4, Develop-
163	0.13534	0.65402	0.77632	0.01761	1.000	ment Plan Review, by deleting the entirety of the existing wording and inserting a new Section 8.4
163	0.13534	0.63663	0.43233	0.01599	1.000	Site Plan Approval, or take any action relative thereto.
163	0.13338	0.61825	0.78211	0.02073	1.000	(Submitted by Planning Board) Board of Selectmen and Finance Committee will make recommen-
163	0.13722	0.60317	0.18609	0.01463	1.000	dation at town meeting.
163	0.13534	0.56686	0.18797	0.01599	1.000	8.4. Site Plan Approval
163	0.13528	0.54917	0.11665	0.01649	1.000	8.4.1. Purpose
163	0.13722	0.53198	0.73308	0.01744	1.000	The purpose of the Site Plan Review Bylaw hereby established is to protect the safety, public
163	0.13534	0.51453	0.77632	0.01746	1.000	health, convenience and general welfare of the inhabitants of the Town by ensuring that the design
163	0.13534	0.49702	0.77444	0.01896	1.000	and layout of certain developments permitted by right or by Special Permit will constitute suitable
163	0.13534	0.47965	0.69549	0.01744	1.000	developments and will not result in a detriment to the neighborhood or the environment.
163	0.13534	0.44469	0.15602	0.01612	1.000	8.4.2. Applicability
163	0.13534	0.42733	0.35338	0.01744	1.000	8.4.2.1. Projects Requiring Site Plan Review
163	0.16541	0.40988	0.70865	0.01745	1.000	a) New construction or exterior expansion of any non-residential building or multi-family
163	0.19737	0.39236	0.69549	0.02043	1.000	dwelling containing more than four (4) units. "Expansion" shall include a floor space in-
163	0.19549	0.37500	0.69925	0.01744	1.000	crease of 5,000 square feet or 25% or more within any ten (10) year period, whichever is
163	0.19633	0.35998	0.03983	0.01403	1.000	less.
163	0.16353	0.32267	0.75000	0.01745	1.000	b) The construction or enlargement of any multi-family dwelling containing more than four (4)
163	0.19737	0.30523	0.68797	0.01744	1.000	units, or buildings accessory to such dwellings, including such dwellings on contiguous
163	0.19522	0.28750	0.25057	0.01958	1.000	lots under the same ownership.
163	0.16541	0.25291	0.71805	0.01744	1.000	c) The construction, rehabilitation, of a building involving ten (10) or more parking spaces.
163	0.16541	0.21801	0.73308	0.01746	1.000	d) The construction, reconfiguration or renovation of parking facilities, with the exception of
163	0.19925	0.20337	0.16541	0.01320	1.000	normal maintenance.
163	0.16541	0.16567	0.70489	0.01746	1.000	e) Any use designated that is grated a Special Permit or Variance by the Zoning Board of
163	0.18609	0.14826	0.07331	0.01599	1.000	Appeals.
163	0.51504	0.07122	0.02820	0.01308	1.000	163
164	0.37594	0.91270	0.31203	0.01761	1.000	Annual Town Meeting - May 5, 2016
164	0.15602	0.87791	0.44173	0.01744	1.000	f) Any change of use within an existing building or site.
164	0.15602	0.84448	0.20489	0.01599	1.000	g) Any child care facility.
164	0.12594	0.81101	0.13158	0.01314	1.000	8.4.3. Procedure
164	0.12594	0.79067	0.81203	0.02037	1.000	8.4.3.1. Applications are to be prepared in accordance with the Planning Board Rules and Regulations
164	0.12594	0.77471	0.81015	0.01745	1.000	for Site Plan Approval and Special Permit. These plans are to be submitted to the Planning Office in
164	0.12594	0.75868	0.42293	0.01612	1.000	the number outlined in the aforementioned document.
164	0.12594	0.72238	0.29323	0.01599	1.000	8.4.3.2. Public Hearing on Site Plans
164	0.15414	0.70486	0.78195	0.01612	1.000	a) The Planning Board shall hold a public hearing within sixty-five (65) days of the receipt of a
164	0.18985	0.68895	0.74060	0.01453	1.000	complete application and shall take final action within ninety (90) days from the time of the
164	0.18781	0.66604	0.50796	0.02544	1.000	nearıng, as provided for in MGL Chapter 40A, Sections 9 and 11
164	0.15590	0.65094	0.62992	0.02170	1.000	b) The Planning Board's final action, rendered in writing, shall consist of either:
164	0.16541	0.63368	0.77068	0.01748	1.000	1. Approval of the site plan based upon determination that the proposed plan will constitute a
164	0.19361	0.61773	0.69173	0.01744	1.000	suitable development and is in compliance with the standards set forth in this Bylaw; or
164	0.16353	0.58284	0.77444	0.01612	1.000	2. Disapproval of the site plan based upon a determination that the proposed plan does not meet
164	0.19338	0.56457	0.31437	0.02050	1.000	the standards set forth in this Bylaw; or
164	0.16541	0.52902	0.77068	0.01761	1.000	3. Approval of the site plan subject to any condition, modification or restriction required by the
164	0.19549	0.51308	0.73496	0.01599	1.000	Planning Board which will ensure that the project meets the standards set forth in this Bylaw.
164	0.12594	0.47669	0.81015	0.01761	1.000	8.4.3.3. Failure of the Board to take final action upon an application for Site Plan Review within the
164	0.12594	0.46076	0.81015	0.01599	1.000	time specified above shall be deemed to be approval of said application. Upon issuance by the Town
164	0.12594	0.44186	0.81015	0.01746	1.000	Clerk of an appropriate certification that the allowed time has passed without Planning Board action,
164	0.12594	0.42584	0.34774	0.01612	1.000	the required building permits may be issued.
164	0.12594	0.39087	0.22556	0.01612	1.000	8.4.4. Site Design Principles
164	0.12594	0.37351	0.81015	0.01612	1.000	8.4.4.1. All Site Plan Review applicants shall adhere to the following general principles when design-
164	0.12406	0.35610	0.42857	0.01744	1.000	ing a site plan for land within the Town of Lunenburg.
164	0.15414	0.33721	0.78195	0.01745	1.000	a) Landscaping Within the Setbacks: Applicants are expected to design setbacks with landscaping,
164	0.18233	0.32118	0.75564	0.01748	1.000	maintain the landscaping and replace any landscaping that has not fully established itself. Front
164	0.18421	0.30233	0.75188	0.01744	1.000	yard setback landscaping shall consist of street trees, low-level plantings and other visually
164	0.18421	0.28634	0.75188	0.01748	1.000	unobtrusive flora. Landscaping shall be situated in a manner such that vehicular and pedestrian
164	0.18421	0.26885	0.22556	0.01612	1.000	sight lines are not restricted.
164	0.15414	0.23401	0.78195	0.01599	1.000	b) Driveways and Curb Cuts: Entrance and exit location shall be designed to facilitate safe traffic
164	0.18412	0.21473	0.75210	0.02203	1.000	movement both on and off the site as well as internally. Curb cuts are limited to as few as
164	0.18421	0.19767	0.75188	0.01745	1.000	practicable for the length of street frontage with adequate separation from adjacent parcels,
164	0.18609	0.18452	0.26316	0.01315	1.000	other curb cuts and intersections.
164	0.15414	0.14680	0.78383	0.01599	1.000	c) Service Roads/Connection of Parking Lots: To minimize turning movements onto adjacent pub-
164	0.18421	0.12936	0.71429	0.01746	1.000	lic ways, developers are encouraged to provide internal circulation systems (service roads)
164	0.51504	0.07122	0.02820	0.01308	1.000	164
165	0.37406	0.91715	0.31203	0.01599	1.000	Annual Town Meeting - May 5, 2016
165	0.19173	0.88070	0.73120	0.01910	1.000	that connect to adjacent developments (parking area to parking area. Site plans that pro-
165	0.19737	0.86334	0.72368	0.02038	1.000	pose service roads and/or connection of parking areas shall show on the plan how the con-
165	0.19737	0.84738	0.72368	0.01894	1.000	nection of parking areas will be achieved and have a deeded agreement and easement from
165	0.19737	0.83135	0.09211	0.01463	1.000	the abutter.
165	0.16917	0.79506	0.24812	0.01599	1.000	d) Parking and Loading Areas:
165	0.16917	0.76017	0.75000	0.01745	1.000	1. Access locations shall be designed to encourage unimpeded traffic flow with controlled
165	0.19737	0.74273	0.61090	0.01744	1.000	turning movements and minimum hazards to vehicular and pedestrian traffic.
165	0.16917	0.70784	0.75000	0.01745	1.000	2. Facilities and access routes for deliveries, service and maintenance shall be separated, where
165	0.19737	0.68895	0.43045	0.01744	1.000	practical, from public access routes and parking areas.
165	0.16917	0.65402	0.75000	0.01895	1.000	3. Parking facilities shall be designed to prevent parked cars from damaging trees, shrubs and
165	0.19737	0.63808	0.40789	0.01744	1.000	curbing, and shall not disrupt pedestrian walkways.
165	0.16729	0.60317	0.75188	0.01746	1.000	4. Walkways shall be separated from areas of vehicular traffic and designed to minimize
165	0.19719	0.58502	0.35382	0.02099	1.000	stormwater runoff while maximizing access.
165	0.16917	0.55084	0.75188	0.01612	1.000	5. These facilities shall include appropriate landscaping, pedestrian access and multi-modal
165	0.19737	0.53343	0.20677	0.01599	1.000	parking accommodations.
165	0.16917	0.49851	0.75188	0.01748	1.000	e) Stormwater Management (Grading and Drainage): All site plans shall be designed to com-
165	0.19737	0.48110	0.72180	0.01744	1.000	ply with DEP (Department of Environmental Protection) Stormwater Management Stand-
165	0.19737	0.46221	0.72180	0.01894	1.000	ards. Furthermore, the use of Low Impact Development, infiltration of stormwater and re-
165	0.19737	0.44618	0.43797	0.01612	1.000	duction of impervious surface are strongly encouraged.
165	0.16917	0.41134	0.75000	0.01748	1.000	f) Lighting: Lighting designs shall be Dark Sky compliant. This includes all exterior lights
165	0.19737	0.39385	0.72180	0.01761	1.000	being designed and installed in such a manner as to prevent objectionable light at (and
165	0.19737	0.37645	0.72180	0.01744	1.000	glare across) the property lines. Developments shall eliminate glare onto adjacent proper-
165	0.19737	0.35901	0.72368	0.01748	1.000	ties through the use of lighting shields, earthen berms, addition of new landscaping and/or
165	0.19737	0.34152	0.31391	0.01761	1.000	retention of existing natural vegetation.
165	0.13910	0.30804	0.29699	0.01612	1.000	8.4.5. Standards for Site Plan Review
165	0.13910	0.28919	0.78008	0.01761	1.000	8.4.5.1. In reviewing a site plan application, the Planning Board shall take the following items into
165	0.13910	0.27471	0.11654	0.01308	1.000	consideration:
165	0.16729	0.25436	0.75188	0.01746	1.000	a) Compliance with all applicable provisions of the Lunenburg Protective Bylaw; Planning
165	0.19737	0.23686	0.72180	0.01761	1.000	Board Rules and Regulations for Site Plan Approval and Special Permit; and Subdivision
165	0.19728	0.21917	0.10355	0.01806	1.000	Regulations.
165	0.16729	0.18452	0.75188	0.01761	1.000	b) Traffic safety and ease of access at street and highway entrances and exits, to be determined
165	0.19737	0.16715	0.02444	0.01599	1.000	by
165	0.51504	0.07122	0.02820	0.01308	1.000	165
166	0.37406	0.92151	0.31391	0.01896	1.000	Annual Town Meeting - May 5, 2016
166	0.15789	0.88663	0.21429	0.01744	1.000	1. The adequacy of grades,
166	0.16165	0.85169	0.70301	0.01761	1.000	2. The presence of sight distances that are appropriate for the design speed of the road, as
166	0.18233	0.82986	0.19549	0.01761	1.000	determined by ASHTO,
166	0.16165	0.78919	0.50940	0.01761	1.000	3. Minimum safe distance between such exits and entrances, and
166	0.16165	0.76163	0.75000	0.01890	1.000	4. The existence of proper alignment or safe distance from proximal existing streets) and drive
166	0.18609	0.74419	0.12030	0.01453	1.000	way entrances.
166	0.15602	0.70930	0.77632	0.02036	1.000	c) Safety and adequacy of driveway layout and pedestrian walkways; off-street parking areas; off-
166	0.18609	0.69041	0.53383	0.02189	1.000	street loading areas for materials and products; to be determined by
166	0.12782	0.65698	0.43985	0.01744	1.000	1. Adequate access for service and emergency vehicles,
166	0.12594	0.62054	0.45865	0.01910	1.000	2. Proper separation of pedestrian and vehicular facilities,
166	0.12782	0.58721	0.50564	0.01745	1.000	3. The presence of separated facilities for delivery of goods, and
166	0.12594	0.55233	0.72368	0.01744	1.000	4. Acceptable traffic patterns to/from the site entrance/exit and within the parking facilities.
166	0.15602	0.51736	0.57143	0.01761	1.000	d) Safe and adequate means of disposal of sewage, garbage and rubbish.
166	0.15602	0.48256	0.77444	0.01744	1.000	e) Safe and adequate water supply and distribution; including sufficient water and facilities for
166	0.18609	0.46652	0.18421	0.01612	1.000	firefighting on the site.
166	0.16729	0.43169	0.40789	0.01599	1.000	f) Safe and adequate storm drainage consistent with
166	0.17293	0.41270	0.26316	0.01910	1.000	1. building and surface coverage,
166	0.18045	0.37054	0.15977	0.01612	1.000	2. grade and slopes,
166	0.17662	0.33114	0.09224	0.01506	1.000	3. soils and
166	0.17669	0.28919	0.10902	0.01463	1.000	4. water table
166	0.12772	0.24886	0.80283	0.02105	1.000	All of which shall result in zero increase in the rate of runoff from the site, as measured by the 2-Year
166	0.12594	0.23110	0.77068	0.01599	1.000	(24-hour) and 10-Year (24-hour) Storm Event Standards; and there will be no negative impacts to
166	0.12594	0.21221	0.79887	0.01599	1.000	downstream property-owners in a 100-year (24-hour) storm event. The stormwater system shall meet
166	0.12594	0.19186	0.75188	0.01746	1.000	all the requirements and standards of the Massachusetts Stormwater Management Standards, as
166	0.12770	0.17544	0.07918	0.01395	1.000	amended.
166	0.15602	0.14680	0.75752	0.01744	1.000	g) Prevention of soil erosion during and after construction; provisions for an increase in the vol-
166	0.18609	0.12936	0.73872	0.01746	1.000	ume of runoff of surface water from the site and the protection of adjacent areas against detri-
166	0.18609	0.11037	0.72368	0.01910	1.000	mental or offensive uses on the site by the provision of adequate buffers against light, sight,
166	0.51504	0.07267	0.02820	0.01163	1.000	166
167	0.36842	0.92151	0.31203	0.01748	1.000	Annual Town Meeting - May 5, 2016
167	0.16353	0.88663	0.21429	0.01744	1.000	sound, dust and vibrations.
167	0.17857	0.85169	0.73496	0.01761	1.000	h) Open space provisions and landscaping, including the maximum retention of on-site natu-
167	0.19167	0.83552	0.09786	0.01501	1.000	ral features.
167	0.17857	0.81686	0.49624	0.01746	1.000	i) Placement of underground utilities, night lighting and signs.
167	0.17669	0.78198	0.58647	0.01744	1.000	j) Compatibility of soil and subsoil's to type and intensity of development.
167	0.17857	0.74702	0.73496	0.01896	1.000	k) No exterior lighting shall shine directly on adjacent properties, or in such a manner as to
167	0.19361	0.72520	0.72180	0.02480	1.000	create a nuisance on such properties or a hazard on public ways. To ensure exterior lighting
167	0.19361	0.70635	0.50940	0.01894	1.000	conforms to this provision the following conditions shall be met.
167	0.18596	0.67547	0.72771	0.02397	1.000	1. For the proposed use all lighting installed shall conform to the standards outlined in The
167	0.19549	0.65698	0.55263	0.02035	1.000	Illuminating Engineering Society of North America Lighting Manual.
167	0.18421	0.62791	0.72932	0.01744	1.000	2. All lighting, with the exception of security lighting, shall be turned on no earlier than one
167	0.19549	0.60756	0.71805	0.01599	1.000	half hour prior to the business opening and turned off no later than one half hour after the
167	0.19549	0.58721	0.13534	0.01599	1.000	business closing.
167	0.18609	0.55952	0.72744	0.01761	1.000	3. The Lighting Plan shall meet the requirements outlined in the "Lighting Plan Submis-
167	0.19549	0.54215	0.71805	0.01599	1.000	sions" section of the Dark Sky Society's 2009 Guidelines for Good Exterior Lighting
167	0.19549	0.52471	0.15414	0.01599	1.000	Plans, as amended;
167	0.18421	0.48834	0.72932	0.01892	1.000	4. All fixtures using LED lighting shall be in the range of "warm-white" or shall be fil-
167	0.19361	0.47093	0.65038	0.01744	1.000	tered LEDs that meet the standard of CCT < 3,000 K or have an S/P ratio <1.2)
167	0.16353	0.43750	0.75000	0.01599	1.000	1) Snow storage areas shall be shown on the site plan and shall not interfere with sight distanc-
167	0.19361	0.42006	0.71992	0.01744	1.000	es at points of ingress/egress to a site or pedestrian/vehicle circulation, nor shall it adverse-
167	0.19173	0.40104	0.72180	0.01761	1.000	ly impact surrounding water bodies, streams, wetlands, or other resource areas as defined
167	0.19168	0.38313	0.72190	0.01950	1.000	in Chapter 131 section 40 Massachusetts General Laws, and the Lunenburg Wetlands By-
167	0.19173	0.36773	0.13346	0.01599	1.000	law, as amended
167	0.13346	0.33284	0.36466	0.01745	1.000	8.4.6. Modifications to an Approved Site Plan
167	0.13346	0.29651	0.78008	0.01748	1.000	8.4.6.1. Once a site plan has been approved by the Planning Board, said plan shall not be changed,
167	0.13346	0.28051	0.78008	0.01612	1.000	amended or modified without approval of the Board. There shall be only one final site plan in ef-
167	0.13346	0.26308	0.26504	0.01599	1.000	fect for a parcel of land at a time.
167	0.13346	0.22817	0.35714	0.01612	1.000	8.4.7. Construction of an Approved Site Plan
167	0.13346	0.21076	0.77820	0.01599	1.000	8.4.7.1. Construction on a site with an approved site plan must be started within one (1) year from
167	0.13346	0.19320	0.78008	0.01612	1.000	the date of the Planning Board's approval of the site plan. Site plan approval may be extended for
167	0.13346	0.17436	0.78008	0.01761	1.000	one (1) year at the discretion of the Board after receipt of a written request from the landowner,
167	0.13346	0.15843	0.78008	0.01744	1.000	showing good cause. If one year has elapsed from the date of approval; and no extensions have
167	0.13346	0.14087	0.78008	0.01761	1.000	been granted; or if one year has elapsed since the granting of said extension; the final site plan ap-
167	0.13346	0.12351	0.78008	0.01612	1.000	proval shall become null and void without requiring any further action by the Planning Board.
167	0.13346	0.10610	0.52068	0.01599	1.000	This time period shall not include delays resulting from litigation.
167	0.51504	0.07122	0.02820	0.01308	1.000	167
168	0.36654	0.91860	0.31391	0.01599	1.000	Annual Town Meeting - May 5, 2016
168	0.12782	0.88070	0.79135	0.02191	1.000	8.4.7.2. No permit to build, alter or expand any building or structure, or change of use requiring Site
168	0.12782	0.86483	0.79135	0.02183	1.000	Plan Review under this Bylaw shall be issued by the Building Inspector; nor shall any construction
168	0.12782	0.84738	0.79323	0.02191	1.000	commence before a written statement of Approval or Approval with Conditions has been issued by
168	0.12782	0.83135	0.15789	0.01612	1.000	the Planning Board.
168	0.12782	0.79651	0.78947	0.01748	1.000	8.4.7.3. The Building Inspector may inspect a site under construction for compliance with the ap-
168	0.12782	0.77902	0.13346	0.01612	1.000	proved site plan.
168	0.12782	0.74554	0.15414	0.01464	1.000	8.4.8. Enforcement
168	0.12782	0.72669	0.78947	0.01761	1.000	8.4.8.1. It shall be the duty of the Building Inspector/Zoning Enforcement Officer to administer and
168	0.12782	0.70930	0.29323	0.01744	1.000	enforce the provisions of this Bylaw.
168	0.12782	0.67436	0.79135	0.01761	1.000	8.4.8.2. The Planning Board shall provide a schedule of inspection fees to be paid by the applicant
168	0.12782	0.65698	0.25752	0.01599	1.000	prior to the start of construction.
168	0.12782	0.62202	0.78947	0.01612	1.000	8.4.8.3. The Planning Board may use inspection fees paid by the applicant to offset the cost of hir-
168	0.12782	0.60610	0.78947	0.01453	1.000	ing any additional engineers or inspectors necessary to monitor all phases of construction covered
168	0.12782	0.58721	0.19925	0.01599	1.000	by an approved site plan.
168	0.12782	0.55233	0.79135	0.01599	1.000	8.4.8.4. If work is not performed per the approved plan, including all conditions, the Building In-
168	0.12782	0.53488	0.79135	0.01599	1.000	spector/Zoning Enforcement Officer has the authority to issue a cease and desist order per the Plan-
168	0.12782	0.51736	0.72180	0.01612	1.000	ning Board Rules and Regulations for Site Plan Approval and Special Permits, as amended.
168	0.12782	0.48256	0.78947	0.01744	1.000	8.4.8.5. "As Built" plans, certified by a registered professional and noting any change from the ap-
168	0.12782	0.46503	0.78947	0.01612	1.000	proved plan, shall be filed with the Building Inspector and the Planning Board before a Certificate
168	0.12744	0.44645	0.23752	0.02117	1.000	of Completion shall be issued.
168	0.12782	0.41270	0.78947	0.01612	1.000	8.4.8.6. Building Inspector shall issue a Certificate of Completion when all construction has been
168	0.12782	0.39534	0.78947	0.01745	1.000	performed and all other requirements have been met in compliance with the approved site plan. A
168	0.12782	0.37791	0.59774	0.01599	1.000	copy of the Certificate of Completion will be filed with the Planning Board.
168	0.12782	0.34301	0.78947	0.01612	1.000	8.4.8.7. No Certificate of Occupancy shall be issued for any structure or use subject to site plan re-
168	0.12757	0.32348	0.44788	0.02429	1.000	view unless a Certificate of Completion has been issued.
168	0.12782	0.29067	0.78947	0.01612	1.000	8.4.8.8. The Building Inspector may issue a Temporary Certificate of Occupancy for a period of one
168	0.12594	0.27326	0.79135	0.01599	1.000	(1) year if the required construction has been substantially completed and the permitted uses of the
168	0.12782	0.25570	0.50752	0.01761	1.000	development can be carried on in a safe and convenient manner.
168	0.12782	0.22093	0.22744	0.01599	1.000	8.4.9. Rules and Regulations
168	0.12782	0.20337	0.79135	0.01612	1.000	8.4.9.1. The Planning Board may adopt such rules and regulations for carrying out its duties under
168	0.12782	0.18601	0.79135	0.01748	1.000	this Section. The Board may, where such action allowed by law, in the public interest and not in-
168	0.12782	0.16860	0.79135	0.02038	1.000	consistent with the purpose and intent of this Bylaw, waive strict compliance with any requirement
168	0.12767	0.15058	0.46651	0.02111	1.000	of this Site Plan Review Bylaw or its rules and regulations.
168	0.51504	0.07122	0.02820	0.01308	1.000	168
169	0.37406	0.92006	0.31391	0.01453	1.000	Annual Town Meeting - May 5, 2016
169	0.13534	0.88368	0.78947	0.01748	1.000	8.4.9.2. The Planning Board may periodically amend or add rules and regulations relating to the
169	0.13722	0.86628	0.78759	0.01744	1.000	procedures and administration of this Site Plan Review Bylaw, by majority vote of the Board, after
169	0.13534	0.84884	0.78947	0.01897	1.000	conducting a public hearing to receive comments on any proposed revisions. Such hearing dates
169	0.13534	0.83135	0.78947	0.01761	1.000	shall be advertised in a newspaper of general local circulation, at least seven (7) days prior to the
169	0.13534	0.81541	0.10526	0.01599	1.000	hearing date.
169	0.13534	0.78051	0.21053	0.01463	1.000	8.4.10. Appeals Procedure
169	0.15038	0.76163	0.77444	0.01744	1.000	8.4.10.1. Any person aggrieved by any decision of the Planning Board or Building Inspector re-
169	0.15038	0.74554	0.77444	0.01612	1.000	garding a Site Plan Review application may appeal that decision per M.G.L Chapter 40A Section
169	0.15219	0.72648	0.12606	0.01797	1.000	17, as amended.
169	0.16729	0.70930	0.75752	0.01744	1.000	VOTED 2/3RDS DECLARED to amend the Zoning Bylaw, Section 8.4, Development Plan
169	0.16541	0.69186	0.75940	0.01746	1.000	Review, by deleting the entirety of the existing wording and inserting a new Section 8.4, Site
169	0.16538	0.67570	0.12038	0.01634	1.000	Plan Approval.
169	0.13722	0.64087	0.78195	0.01612	1.000	ARTICLE 41. To see if the Town will vote to amend the following Town of Lunenburg Protective
169	0.13722	0.62202	0.77256	0.01761	1.000	Bylaw sections as follows (changes are bolded italic): Under Section 2.0 DEFINITIONS, 2.1.1.16
169	0.13534	0.60610	0.20301	0.01599	1.000	Farming and Agriculture
169	0.13534	0.58721	0.75940	0.01745	1.000	a) Farm: A parcel of land as defined by M.G.L. Ch. 40A § 3, used for commercial production of
169	0.13534	0.56969	0.77068	0.01761	1.000	agricultural products, livestock, (including the keeping of horses), poultry, dairy products, viticul-
169	0.13534	0.55378	0.75940	0.01599	1.000	ture, horticulture and floriculture. It includes necessary farm structures and the storage of equip-
169	0.13722	0.54067	0.08271	0.01020	1.000	ment used.
169	0.14098	0.51885	0.78195	0.01612	1.000	b) Agriculture: Farming as defined by M.G.L. 128 Ch. §IA and Under Section 4.0 USE REGULA-
169	0.13722	0.50000	0.78571	0.01890	1.000	TIONS, Remove entire wording in 4.1.3 b) and replace with 4.1.3. b) Farming as defined in Section
169	0.13534	0.48401	0.78383	0.01599	1.000	2.0 Definitions, 2.1.1.16 Farming and Agriculture and Under Section 5.0 DIMENSIONAL REGU-
169	0.13722	0.46503	0.74812	0.01761	1.000	LATIONS, 5.1.2.1. Lot Area, Width, Shape and Frontage, remove the following entire section:
169	0.13534	0.44913	0.77820	0.01599	1.000	(e) In case of a farm exempted from the provisions of the zoning by Statute, the minimum lot area,
169	0.13722	0.43169	0.77256	0.01599	1.000	width and frontage requirements shall be in addition to the five acres as required under Massachu-
169	0.13534	0.41270	0.77256	0.01761	1.000	setts General Law Chapter 40A, Section 3 and Chapter 61A. (Submitted by Agricultural Commis-
169	0.13534	0.39680	0.75564	0.01599	1.000	sion) Board of Selectmen and Finance Committee will make recommendation at town meeting.
169	0.13722	0.38219	0.25752	0.01316	1.000	Article 41 was PASSED OVER
169	0.13722	0.34301	0.78759	0.01746	1.000	ARTICLE 42. To see if the Town will vote to amend the General Bylaws of the Town by revising
169	0.13534	0.32703	0.78947	0.01599	1.000	Section XXXII, entitled Architectural Preservation District, by making technical changes to reflect
169	0.13534	0.30804	0.78947	0.01910	1.000	the intent of discussions at the May 2, 2015 Annual Town Meeting as follows: Section 3: Designa-
169	0.13534	0.29215	0.79135	0.01744	1.000	tion of Architectural Preservation District (APD). To delete the words "map entitled "Town of
169	0.13722	0.27471	0.78571	0.01745	1.000	Lunenburg Historic District and the Lunenburg Village District" and insert the words "map entitled
169	0.13534	0.25719	0.78947	0.01761	1.000	"Town of Lunenburg Architectural Preservation District" and to delete the map entitled
169	0.13346	0.23983	0.79135	0.01744	1.000	"Lunenburg Historic District" and replace it with the map entitled "Town of Lunenburg Architec-
169	0.13534	0.22520	0.21805	0.01317	1.000	tural Preservation District'.
169	0.34586	0.22238	0.57895	0.01745	1.000	', which map is appended to this bylaw.; Section 4: Architectural Preser-
169	0.13524	0.20374	0.79153	0.02123	1.000	vation District Commission; Delete the words "and two residents of the APD and one resident at
169	0.13346	0.18750	0.79135	0.01744	1.000	large." in the fourth sentence and insert "and one resident of the APD and one resident at large.";
169	0.13722	0.17006	0.78759	0.01744	1.000	Section 8: Binding Review. Delete the words "Within thirty (45) days" in the fourth sentence and
169	0.13534	0.15253	0.78947	0.01761	1.000	insert "Within forty-five (45) days"; Section 12: Coordination with Other Town Boards and By-
169	0.13346	0.13517	0.79135	0.01745	1.000	laws. In sub-section (d), to delete the words "The APDC shall be included as an advisory review
169	0.13534	0.11773	0.73120	0.01744	1.000	entity in new construction projects" and insert the words "The APDC shall be included as an
169	0.51692	0.07413	0.02632	0.00872	1.000	169
170	0.37406	0.91419	0.31203	0.01612	1.000	Annual Town Meeting - May 5, 2016
170	0.13534	0.87936	0.78571	0.01746	1.000	advisory review entity in new construction projects in the APD"; Section 15: Appendices. In Ap-
170	0.13534	0.86186	0.78571	0.01761	1.000	pendix A, to delete the words "are defined and shown on the Town of Lunenburg Village Center
170	0.13722	0.84448	0.78383	0.01744	1.000	District Map and the Town of Lunenburg Historic District Map, which is a part of this bylaw." and
170	0.13534	0.82837	0.78571	0.01612	1.000	insert the words "are defined and shown on the map entitled "Town of Lunenburg Architectural
170	0.13722	0.80952	0.78383	0.01761	1.000	Preservation District", which is a part of this bylaw."; or take any action relative thereon.
170	0.13346	0.79215	0.78759	0.01744	1.000	(Submitted by the Planning Board) Board of Selectmen and Finance Committee will make recom-
170	0.13534	0.77604	0.78571	0.01612	1.000	mendation at town meeting. VOTED UNANIMOUSLY to amend the General Bylaws of the
170	0.13722	0.75719	0.78571	0.01761	1.000	Town by revising Section XXXII, entitled Architectural Preservation District, as printed in the war-
170	0.13705	0.74383	0.03604	0.01089	1.000	rant.
170	0.55074	0.67728	0.07145	0.01027	1.000	Lunenburg, MA:
170	0.51316	0.66715	0.14850	0.01018	1.000	Architectural Preservation District
170	0.25940	0.20930	0.02820	0.00727	1.000	Legend
170	0.23120	0.20337	0.05451	0.00302	1.000	A Lunenburg lown hal
170	0.23120	0.19469	0.08271	0.00744	1.000	Architectural Preservation District
170	0.23308	0.18750	0.03195	0.00727	1.000	→ Footprints
170	0.23308	0.18304	0.04699	0.00301	1.000	• Parcel Boundanes
170	0.22932	0.17297	0.03383	0.00727	1.000	Roadways
170	0.23120	0.16860	0.05263	0.00302	1.000	~US 2 State Routec
170	0.23120	0.16134	0.03759	0.00291	1.000	~Other Roado
170	0.51692	0.07413	0.02632	0.00872	1.000	170
171	0.37406	0.91419	0.31203	0.01612	1.000	Annual Town Meeting - May 5, 2016
171	0.14098	0.87936	0.77632	0.01746	1.000	ARTICLE 43. To see if the Town will vote to amend General Bylaw, General Wetlands Bylaw
171	0.14098	0.86186	0.77820	0.01761	1.000	XXI, making the following additions and changes, or take any other action thereto. (Submitted by
171	0.14098	0.84593	0.77820	0.01453	1.000	Conservation Commission) Board of Selectmen and Finance Committee will make recommenda-
171	0.14098	0.82703	0.16917	0.01599	1.000	tion at town meeting.
171	0.14098	0.79215	0.41165	0.01599	1.000	CHANGES new language SHOWN IN strikethrough
171	0.14098	0.77471	0.77256	0.01599	1.000	SECTION 2: JURISDICTION ~ Except as permitted by the Conservation Commission or as pro-
171	0.14098	0.75570	0.75752	0.01910	1.000	vided in this bylaw, no person shall commence to remove, fill, dredge, build upon, degrade, dis-
171	0.14098	0.73983	0.74436	0.01744	1.000	charge into, or otherwise alter the following resource areas: any freshwater wetlands; marshes;
171	0.14098	0.72238	0.74624	0.01745	1.000	wet meadows; bogs; swamps; vernal pools; banks; reservoirs; lakes; ponds of any size; creeks;
171	0.14098	0.70486	0.76880	0.01612	1.000	beaches; lands under water bodies; lands subject to flooding or inundation by groundwater or sur-
171	0.14098	0.68750	0.76692	0.01744	1.000	face water; lands subject to flooding; lands within 100 feet of any of the aforesaid resource areas;
171	0.13910	0.66860	0.77068	0.01890	1.000	perennial rivers and streams and lands within 200 feet of such rivers and streams (collectively the
171	0.13910	0.65253	0.75188	0.01761	1.000	"resource areas protected by this bylaw"). Said resource areas shall be protected whether or not
171	0.14098	0.63517	0.76504	0.01599	1.000	they border surface waters. (ADD THE FOLLOWING SENTENCE TO THIS SECTION) Lands
171	0.14098	0.61773	0.76316	0.01744	1.000	within 100 feet of aforesaid resource areas and within 200 feet of rivers or perennial streams lo-
171	0.14098	0.60020	0.77632	0.01612	1.000	cated within the corporate boundary of Lunenburg shall be protected regardless of the location of
171	0.13910	0.58284	0.46617	0.01745	1.000	the wetland with respect to municipal corporate boundary.
171	0.14098	0.54787	0.77068	0.01761	1.000	SECTION 5: NOTICE OF HEARINGS ~ Any person filing a permit application or (REMOVE
171	0.14084	0.52759	0.77471	0.02414	1.000	RFD AND ADD) RDA with the Commission at the same time shall give written notice thereof, by
171	0.14098	0.51308	0.77068	0.01744	1.000	certified mail (return receipt requested), (ADD) certificate of mail or hand delivery, to all abutters
171	0.14098	0.49554	0.76504	0.01761	1.000	according to the most recent applicable tax list of the assessors, including owners of land directly
171	0.14098	0.47817	0.76128	0.01746	1.000	opposite on any public or private street or way, including any in another municipality or across a
171	0.14098	0.46076	0.73872	0.01744	1.000	body of water. The notice to abutters shall enclose a copy of the permit application or request,
171	0.14098	0.44320	0.76880	0.01761	1.000	with plans, or shall state where copies may be examined and obtained by abutters. An affidavit of
171	0.14098	0.42584	0.77068	0.01747	1.000	the person providing such notice, with a copy of the notice mailed or delivered, shall be filed with
171	0.14098	0.40843	0.75752	0.01599	1.000	the Commission. When a person requesting a determination is other than the owner, the request,
171	0.14098	0.39087	0.77632	0.01761	1.000	the notice of the hearing and the determination itself shall be sent by the Commission to the owner
171	0.14098	0.37351	0.34211	0.01612	1.000	as well as to the person making the request.
171	0.14098	0.33854	0.73496	0.01761	1.000	The Commission shall conduct a public hearing on any application or (REMOVE RFD AND
171	0.14098	0.32118	0.75940	0.01748	1.000	ADD) RDA, with written notice given at the expense of the applicant, five business days prior to
171	0.14098	0.30378	0.54699	0.01744	1.000	the hearing, in a newspaper of general circulation in the municipality.
171	0.14098	0.27034	0.75752	0.01612	1.000	The Commission shall commence the public hearing within 21 days from receipt of a completed
171	0.14286	0.25291	0.76128	0.01599	1.000	application or request for determination unless an extension is authorized in writing by the appli-
171	0.14277	0.23817	0.03778	0.01059	1.000	cant.
171	0.14098	0.20058	0.75940	0.01599	1.000	The Commission shall issue its permit or determination in writing within 21 days of the close of
171	0.14098	0.18169	0.68609	0.01747	1.000	the public hearing thereon unless an extension is authorized in writing by the applicant.
171	0.14098	0.14826	0.76128	0.01599	1.000	The Commission in an appropriate case may combine its hearing under this bylaw with the hear-
171	0.13910	0.12936	0.77068	0.01746	1.000	ing conducted under the Wetlands Protection Act, G.L. Ch.131, s. 40, and Regulations, 310 CMR
171	0.14098	0.11483	0.05263	0.01308	1.000	10.00.
171	0.51504	0.07122	0.02820	0.01163	1.000	171
172	0.37218	0.92151	0.31391	0.01599	1.000	Annual Town Meeting - May 5, 2016
172	0.13534	0.88663	0.77444	0.01744	1.000	The Commission shall have authority to continue the hearing, (ADD) with the applicant's consent
172	0.13722	0.86919	0.76504	0.01747	1.000	written or granted verbally on the record during the course of the public hearing or meeting, to a
172	0.13534	0.85169	0.77256	0.01761	1.000	certain date announced at the hearing, for reasons stated at the hearing, which may include receipt
172	0.13534	0.83430	0.77256	0.01744	1.000	of additional information from the applicant or others deemed necessary by the Commission in its
172	0.13534	0.81686	0.70301	0.01746	1.000	discretion, or comments and recommendations of boards and officials listed in Section 6.
172	0.13534	0.78198	0.78759	0.01744	1.000	SECTION 6: COORDINATION WITH OTHER BOARDS ~ Any person filing a Wetlands Protec-
172	0.13534	0.76453	0.77256	0.01746	1.000	tion Act Permit application or (REMOVE RFD AND ADD) RDA with the Commission shall pro-
172	0.13534	0.74702	0.75188	0.01761	1.000	vide written notice thereof at the same time, by certified mail or hand delivery, to the Board of"
172	0.13534	0.72965	0.75376	0.01744	1.000	Selectmen, Planning Board, Zoning Board of Appeals, Board of Health and Building Inspector.
172	0.13722	0.71354	0.76316	0.01612	1.000	The Commission shall not take final action until such boards and officials have had fourteen (14)
172	0.13534	0.69469	0.76692	0.01761	1.000	days from receipt of notice to file written comments and recommendations with the Commission,
172	0.13534	0.67878	0.77632	0.01599	1.000	which the Commission shall take into account, but which shall not be binding on the Commission.
172	0.13534	0.65988	0.77068	0.01745	1.000	The applicant shall have the right to receive any such comments and recommendations, and to re-
172	0.13534	0.64236	0.53195	0.01761	1.000	spond to them at a hearing of the Commission, prior to final action.
172	0.13534	0.61037	0.36466	0.01463	1.000	SECTION 7: PERMITS AND CONDITIONS
172	0.13534	0.59152	0.26880	0.01612	1.000	(CHANGE TO PARAGRAPH 6)
172	0.13722	0.57267	0.76504	0.01745	1.000	A permit shall expire three years from the date of issuance. Notwithstanding the above, the Com-
172	0.13534	0.55523	0.77632	0.01744	1.000	mission in its discretion may issue a permit expiring five years from the date of issuance for recur-
172	0.13534	0.53770	0.74812	0.01761	1.000	ring or continuous maintenance work, provided that annual notification of time and location of
172	0.13534	0.52034	0.76880	0.01745	1.000	work is given to the Commission. (ADD) The Commission may extend a permit or a previous ex-
172	0.13534	0.50291	0.76504	0.01744	1.000	tension for an additional period of no greater than three years per extension. Any permit may be
172	0.13534	0.48537	0.78008	0.01910	1.000	renewed once for an additional one year period, provided that a request for a renewal is received in
172	0.13534	0.46801	0.76128	0.01891	1.000	writing by the Commission prior to expiration. Notwithstanding the above, a permit may contain
172	0.13534	0.45058	0.77256	0.01744	1.000	requirements which shall be enforceable for a stated number of years, indefinitely, or until perma-
172	0.13534	0.43304	0.53383	0.01761	1.000	nent protection is in place, and shall apply to all owners of the land.
172	0.13534	0.39826	0.74248	0.01744	1.000	SECTION 8. REGULATIONS~ After public notice and public hearing, the Commission shall
172	0.13534	0.38070	0.77256	0.01761	1.000	promulgate rules and regulations to effectuate the purposes of this bylaw. Failure by the Commis-
172	0.13534	0.36334	0.77820	0.01747	1.000	sion to promulgate such rules and regulations or a legal declaration of their invalidity by a court of
172	0.13346	0.34738	0.52632	0.01599	1.000	law shall not3 act to suspend or invalidate the effect of this bylaw.
172	0.13722	0.32837	0.76692	0.01761	1.000	At a minimum these regulations shall define key terms in this bylaw not inconsistent with the by-
172	0.13346	0.30952	0.76128	0.01612	1.000	law and procedures governing the amount and filing of fees. (ADD THE FOLLOWING PARA-
172	0.13722	0.28770	0.78008	0.01761	1.000	GRAPH) The Conservation Commission will establish a draft of proposed changes during regular,
172	0.13534	0.26885	0.76880	0.01612	1.000	properly posted open meetings. Once there is consensus on the proposed changes, a formal hear-
172	0.13534	0.24851	0.77444	0.01748	1.000	ing will be scheduled and will take place over 2 regularly scheduled meetings. Both hearings will
172	0.13722	0.22817	0.75564	0.01746	1.000	be televised. A notice of the hearings will be put in a local newspaper at least 10 business days
172	0.13534	0.20784	0.77068	0.01745	1.000	prior to the hearing dates. At the discretion of the Conservation Commission, the hearing may be
172	0.13534	0.18750	0.76128	0.01744	1.000	continued to the next consecutive open, regularly scheduled meeting. Once the hearing is closed,
172	0.13534	0.16860	0.77632	0.01599	1.000	the final changes will be drafted and voted on. The proposed and approved changes will be posted
172	0.13534	0.14971	0.76880	0.01599	1.000	on the Commission's Town website. VOTED UNANIMOUSLY to amend the General Bylaws of
172	0.13534	0.12791	0.59962	0.01744	1.000	the Town, Section XXI, General Wetlands Bylaw, as printed in the warrant.
172	0.51504	0.07267	0.02820	0.01017	1.000	172
173	0.37406	0.92287	0.31203	0.01612	1.000	Annual Town Meeting - May 5, 2016
173	0.13534	0.88808	0.78947	0.01744	1.000	ARTICLE 44. To provide Yard Waste Disposal Services for its residents on a bi-weekly schedule
173	0.13534	0.87054	0.78947	0.01761	1.000	from 5/1 -10/31 (6 mo.) or (12X); or take any other action relative thereto. (Citizen Petition Article)
173	0.13534	0.85317	0.78947	0.01746	1.000	Board of Selectmen and Finance Committee recommend a STRAW VOTE. (60 / 40) to provide
173	0.13525	0.83483	0.78775	0.02090	1.000	Yard Waste Disposal Services for its residents on a bi-weekly schedule annually from May 1
173	0.13346	0.81820	0.79135	0.01761	1.000	through October 31, and to determine the level of support for this expenditure, that the Moderator
173	0.13346	0.80084	0.79135	0.01747	1.000	conduct a straw vote to encourage the Town to set aside funds within the FY2018 Operating Budget
173	0.13346	0.78343	0.21053	0.01744	1.000	to provide for this service.
173	0.13534	0.75000	0.78947	0.01599	1.000	ARTICLE 45. To see if the Town will vote to establish a study committee for the purpose of inves-
173	0.13346	0.73110	0.79135	0.01744	1.000	tigating the feasibility as well as costs and benefits of having the Lunenburg Water District become
173	0.13346	0.71503	0.79135	0.01612	1.000	a Town department and to establish transition milestones. Said committee to report back with its
173	0.13346	0.69618	0.79135	0.01748	1.000	recommendations no later than the 2017 annual town meeting; or take any other action relative
173	0.13346	0.67878	0.79323	0.01744	1.000	thereto. (Submitted by the Board of Selectmen) Board of Selectmen recommends approval, 4 - 1.
173	0.13346	0.66134	0.62406	0.01748	1.000	Finance Committee NDFI. Article 45 was DEFEATED (NO - 86, YES - 58).
173	0.13346	0.62645	0.25376	0.01744	1.000	Meeting adjourned at 3:25 P.M.
173	0.51692	0.07413	0.02444	0.00872	1.000	173
174	0.12782	0.90402	0.04887	0.01612	1.000	LINE #
174	0.14474	0.87209	0.01504	0.01599	1.000	1
174	0.14662	0.84448	0.00940	0.01163	1.000	3
174	0.13910	0.82703	0.02632	0.01599	1.000	3A
174	0.13910	0.81250	0.02444	0.01453	1.000	3B
174	0.13722	0.55233	0.03195	0.01599	1.000	14A
174	0.13910	0.53634	0.02632	0.01744	1.000	15
174	0.14098	0.44767	0.02068	0.01308	1.000	16
174	0.14098	0.43314	0.02068	0.01163	1.000	17
174	0.14098	0.41715	0.02256	0.01308	1.000	18
174	0.14098	0.40262	0.02068	0.01308	1.000	19
174	0.14098	0.35465	0.02256	0.01599	1.000	22
174	0.13910	0.32413	0.02444	0.01744	1.000	24
174	0.14098	0.29360	0.02256	0.01599	1.000	26
174	0.14098	0.27762	0.02256	0.01744	1.000	27
174	0.14098	0.26308	0.02256	0.01599	1.000	28
174	0.14098	0.24855	0.02256	0.01453	1.000	29
174	0.14098	0.23256	0.02068	0.01308	1.000	30
174	0.14098	0.20203	0.02256	0.01599	1.000	32
174	0.14098	0.18750	0.02256	0.01453	1.000	33
174	0.14098	0.17151	0.02068	0.01308	1.000	34
174	0.14098	0.15698	0.02256	0.01599	1.000	35
174	0.14098	0.14099	0.02256	0.01599	1.000	36
174	0.18233	0.93452	0.16917	0.01612	1.000	FY 16 OMNIBUS BUDGET
174	0.22744	0.90262	0.07707	0.01744	1.000	ACCOUNT
174	0.18797	0.88663	0.16353	0.01744	1.000	Maturing Debt & Interest
174	0.21802	0.87200	0.09967	0.01617	1.000	Principal-Loans
174	0.21612	0.85739	0.10159	0.01632	1.000	Interest -Loans
174	0.18609	0.84003	0.16165	0.01910	1.000	Interest-Temporary Loans
174	0.18609	0.82703	0.16353	0.01599	1.000	Administrative Fees-Loans
174	0.20301	0.81250	0.12970	0.01314	1.000	Bond Issuance Costs
174	0.20110	0.78041	0.13351	0.01912	1.000	Total Maturing Debt
174	0.22368	0.75145	0.08835	0.01599	1.000	Unclassified
174	0.21046	0.73377	0.11479	0.01793	1.000	Liability Insurance
174	0.19549	0.71948	0.14474	0.01744	1.000	Workers Compensation
174	0.19549	0.70486	0.14662	0.01761	1.000	Group Health Insurance
174	0.20301	0.68895	0.13158	0.01744	1.000	Group Life Insurance
174	0.23308	0.67442	0.06767	0.01599	1.000	Physicals
174	0.20865	0.65698	0.12030	0.01890	1.000	Print Town Reports
174	0.20486	0.64379	0.12599	0.01766	1.000	MRPC Assessment
174	0.19925	0.62791	0.13722	0.01599	1.000	Historical Commission
174	0.22175	0.61317	0.09410	0.01639	1.000	Band Concerts
174	0.21985	0.59717	0.09413	0.01932	1.000	Reserve Fund
174	0.20113	0.58135	0.13158	0.01761	1.000	Salary Reserve Fund
174	0.19173	0.56686	0.15226	0.01599	1.000	Unemployment Expense
174	0.18985	0.55084	0.15602	0.01747	1.000	Unempl. Exp.-Stab. Fund
174	0.19925	0.53770	0.13722	0.01463	1.000	Medicare Town Share
174	0.21602	0.50669	0.10367	0.01715	1.000	Total Gen Govt.
174	0.22741	0.49263	0.08653	0.01619	1.000	Unclassified
174	0.19737	0.46076	0.14098	0.01744	1.000	General Government
174	0.18985	0.44469	0.15602	0.01761	1.000	Finance Comm. Expense
174	0.20858	0.42995	0.12043	0.01800	1.000	Annual Town Audit
174	0.19549	0.41567	0.14286	0.01612	1.000	Charter Review Comm.
174	0.20668	0.39934	0.12235	0.01817	1.000	Selectmen's Admin
174	0.20677	0.38517	0.12030	0.01463	1.000	Selectmen Salaries
174	0.19925	0.36919	0.13910	0.01747	1.000	Town Manager Salary
174	0.19173	0.35169	0.15226	0.01895	1.000	Town Manager Expense
174	0.21220	0.33791	0.11131	0.02039	1.000	Town Accountant
174	0.18609	0.32413	0.16353	0.01744	1.000	Treasurer's Administration
174	0.20670	0.30789	0.11667	0.01795	1.000	Banking Charges
174	0.20113	0.29360	0.13346	0.01744	1.000	Tax Collector's Admin
174	0.20677	0.27902	0.12218	0.01612	1.000	Assessor's Salaries
174	0.18797	0.26163	0.15789	0.01890	1.000	Assessor's Administration
174	0.20481	0.24677	0.12798	0.01954	1.000	Technology Director
174	0.21429	0.23110	0.10526	0.01744	1.000	Legal Expenses
174	0.21053	0.21503	0.11466	0.01910	1.000	Town Clerk Salary
174	0.20478	0.20156	0.12616	0.01840	1.000	Town Clerk's Admin
174	0.23120	0.18750	0.06767	0.01599	1.000	Elections
174	0.19925	0.17006	0.13910	0.01744	1.000	Registration & Census
174	0.21047	0.15530	0.10726	0.01788	1.000	Planning Board
174	0.19173	0.13953	0.15226	0.01746	1.000	Zoning Board of Appeals
174	0.18797	0.12500	0.16165	0.01599	1.000	Conservation Commission
174	0.20301	0.09448	0.12782	0.01599	1.000	Total General Govt.
174	0.37406	0.82849	0.01128	0.01308	1.000	$
174	0.38158	0.81250	0.01316	0.01453	1.000	$
174	0.37406	0.78198	0.00940	0.01453	1.000	$
174	0.37406	0.73547	0.00940	0.01453	1.000	$
174	0.37406	0.72238	0.01128	0.01163	1.000	$
174	0.37030	0.68895	0.01504	0.03052	0.500	es es
174	0.37406	0.67442	0.01128	0.01453	1.000	$
174	0.37406	0.66134	0.00940	0.01163	1.000	$
174	0.37218	0.64535	0.01316	0.01308	1.000	$
174	0.37406	0.61483	0.00940	0.01308	1.000	$
174	0.37406	0.60029	0.00940	0.01163	1.000	$
174	0.37594	0.55087	0.01128	0.01599	1.000	$
174	0.37218	0.53779	0.01316	0.01453	1.000	$
174	0.37406	0.50872	0.01128	0.01308	1.000	$
174	0.38531	0.90250	0.11096	0.01767	1.000	Fiscal Year 2016
174	0.41727	0.87202	0.09027	0.01758	1.000	2,876,260.00
174	0.41729	0.85756	0.09023	0.01599	1.000	1,674,464.00
174	0.44737	0.82267	0.06203	0.02907	1.000	7,196.00
174	0.41729	0.78052	0.09023	0.01744	1.000	4,557,920.00
174	0.43412	0.73380	0.07349	0.01933	1.000	210,364.00
174	0.43985	0.71948	0.06767	0.01890	1.000	61,889.00
174	0.41729	0.70640	0.09023	0.01453	1.000	1,754,073.00
174	0.44170	0.69178	0.06585	0.01470	1.000	22,191.00
174	0.44737	0.67442	0.06015	0.01453	1.000	3,500.00
174	0.44737	0.65988	0.06015	0.01453	1.000	5,000.00
174	0.44718	0.64488	0.06052	0.01548	1.000	3,200.00
174	0.45475	0.62623	0.05479	0.02079	1.000	500.00
174	0.44737	0.61192	0.06203	0.01890	1.000	4,200.00
174	0.44173	0.59738	0.06579	0.01744	1.000	50,000.00
174	0.44358	0.58134	0.06584	0.01900	1.000	45,000.00
174	0.44361	0.56831	0.06579	0.01744	1.000	10,000.00
174	0.43211	0.53305	0.07751	0.02837	1.000	217,551.00
174	0.41541	0.50436	0.09398	0.02035	1.000	2,387,468.00
174	0.37406	0.44477	0.00940	0.01453	1.000	$
174	0.37406	0.43314	0.01128	0.01308	1.000	$
174	0.37594	0.40262	0.00940	0.01163	1.000	$
174	0.37218	0.38517	0.01316	0.01308	1.000	$
174	0.37218	0.37064	0.01316	0.01453	1.000	$
174	0.37218	0.34157	0.01316	0.01163	1.000	$
174	0.37406	0.30669	0.01128	0.03198	1.000	•cA cA
174	0.37406	0.29506	0.01128	0.01308	1.000	$
174	0.37406	0.26453	0.00940	0.01163	1.000	$
174	0.37218	0.24709	0.01316	0.01599	1.000	$
174	0.37406	0.23547	0.00940	0.01017	1.000	$
174	0.37406	0.21948	0.00940	0.01163	1.000	$
174	0.37218	0.20203	0.01316	0.01453	1.000	$
174	0.37406	0.18895	0.00940	0.01163	1.000	$
174	0.37406	0.17297	0.01128	0.01308	1.000	$
174	0.36842	0.15407	0.01504	0.01744	1.000	$
174	0.37594	0.09738	0.00940	0.01163	1.000	$
174	0.45847	0.44590	0.05111	0.01808	1.000	800.00
174	0.44173	0.43023	0.06767	0.01744	1.000	35,000.00
174	0.43786	0.39810	0.06976	0.02938	1.000	46.412.00
174	0.45677	0.38517	0.05075	0.01890	1.000	500.00
174	0.43410	0.36889	0.07542	0.01804	1.000	127,500.00
174	0.44361	0.35465	0.06391	0.01453	1.000	5,350.00
174	0.43227	0.33707	0.07530	0.01917	1.000	169,137.00
174	0.43982	0.32406	0.06773	0.01613	1.000	63,115.00
174	0.44737	0.30959	0.06015	0.01599	1.000	1,000.00
174	0.44173	0.29360	0.06579	0.01599	1.000	78,375.00
174	0.43223	0.26294	0.07538	0.03081	1.000	148354.00
174	0.43233	0.24564	0.07707	0.02035	1.000	152,480.00
174	0.43408	0.23222	0.07357	0.01812	1.000	112,500.00
174	0.44148	0.21731	0.06629	0.01595	1.000	46,579.00
174	0.44163	0.20323	0.06598	0.01506	1.000	30,383.00
174	0.43972	0.18573	0.06794	0.01807	1.000	14,215.00
174	0.44354	0.17278	0.06405	0.01490	1.000	12,475.00
174	0.43609	0.15843	0.07331	0.01308	1.000	136,515.00
174	0.44173	0.12500	0.06579	0.01744	1.000	48,996.00
174	0.41541	0.09157	0.09211	0.02180	1.000	1,233,661.00
174	0.51504	0.07122	0.02820	0.01308	1.000	174
175	0.13910	0.90843	0.02256	0.01453	1.000	38
175	0.13910	0.83140	0.02256	0.01453	1.000	39
175	0.13910	0.78488	0.02256	0.01599	1.000	42
175	0.20296	0.92131	0.12604	0.01930	1.000	Central Purchasing
175	0.20670	0.90525	0.11667	0.01798	1.000	Central Purchasing
175	0.18421	0.87500	0.16165	0.01744	1.000	Total Central Purchasing
175	0.22739	0.84578	0.07342	0.01628	1.000	Protection
175	0.20854	0.82950	0.11488	0.01833	1.000	Police Department
175	0.21614	0.81388	0.09591	0.01759	1.000	Police Lock Up
175	0.22174	0.79777	0.08284	0.01782	1.000	Injury Leave
175	0.18421	0.78343	0.16165	0.01744	1.000	Police/Fire Med Expenses
175	0.21429	0.75436	0.09962	0.01453	1.000	Subtotal Police
175	0.21236	0.72220	0.10535	0.01635	1.000	Fire Department
175	0.20484	0.70621	0.12039	0.01782	1.000	Capital - Fire Dept.
175	0.19737	0.69186	0.13534	0.01746	1.000	Fire Hydrant Expense
175	0.19173	0.67584	0.14662	0.01747	1.000	Radio Equipment Maint.
175	0.20109	0.64519	0.12601	0.01776	1.000	Subtotal Fire Dept.
175	0.22366	0.61621	0.08275	0.01612	1.000	Radio Watch
175	0.19361	0.58576	0.14286	0.01599	1.000	Subtotal Radio Watch
175	0.18421	0.55233	0.15977	0.01890	1.000	Emergency Management
175	0.20295	0.53757	0.12417	0.01934	1.000	Sealer of Weights &
175	0.23482	0.52430	0.06044	0.01391	1.000	Measure
175	0.21429	0.50719	0.10338	0.01761	1.000	Wiring Inspector
175	0.20860	0.49257	0.11475	0.01921	1.000	Building Inspector
175	0.18797	0.47669	0.15414	0.01895	1.000	Municipal Hearing Officer
175	0.19173	0.46221	0.14850	0.01745	1.000	Plumbing/Gas Inspector
175	0.21593	0.44686	0.09634	0.01907	1.000	Animal Control
175	0.17857	0.41715	0.16917	0.01464	1.000	Subtotal Other Protection
175	0.21228	0.38611	0.10739	0.01702	1.000	Total Protection
175	0.20113	0.35610	0.12782	0.01744	1.000	Health & Sanitation
175	0.18985	0.33854	0.15038	0.01761	1.000	General Health Expense
175	0.18609	0.32558	0.15602	0.01744	1.000	Nashoba Board of Health
175	0.20858	0.30644	0.11104	0.01939	1.000	Nashoba Nursing
175	0.21989	0.29495	0.08841	0.01621	1.000	Mental Health
175	0.19173	0.27753	0.14662	0.01761	1.000	Animal Inspector Salary
175	0.18421	0.24851	0.16165	0.01612	1.000	Total Health & Sanitation
175	0.19549	0.21652	0.14098	0.01761	1.000	Dept. of Public Works
175	0.21617	0.20058	0.09774	0.01744	1.000	Highway Labor
175	0.22180	0.18601	0.08271	0.01748	1.000	Highway OT
175	0.20290	0.16961	0.12428	0.01978	1.000	General Hwy. Maint.
175	0.18421	0.15551	0.16165	0.01746	1.000	Capital - General Highway
175	0.19361	0.13953	0.14098	0.01746	1.000	Town Highway Garage
175	0.19361	0.12500	0.14286	0.01744	1.000	Traffic Signs & Devices
175	0.18797	0.10901	0.15226	0.01896	1.000	Vehicle Maint. - Highway
175	0.19737	0.09448	0.13534	0.01744	1.000	Vehicle Maint.- Police
175	0.37030	0.90843	0.01128	0.01453	1.000	$
175	0.36842	0.87500	0.01316	0.01599	1.000	$
175	0.37030	0.83140	0.00940	0.01308	1.000	$
175	0.36654	0.81541	0.01504	0.01599	1.000	$
175	0.36654	0.79942	0.01504	0.01599	1.000	$
175	0.36654	0.78488	0.01504	0.01453	1.000	$
175	0.37030	0.75436	0.01128	0.01453	1.000	$
175	0.37030	0.72384	0.01128	0.01453	1.000	$
175	0.13910	0.72238	0.02256	0.01599	1.000	43
175	0.13534	0.70785	0.03008	0.01599	1.000	43A
175	0.13910	0.69331	0.02256	0.01453	1.000	44
175	0.13910	0.67733	0.02256	0.01599	1.000	45
175	0.13910	0.61628	0.02256	0.01599	1.000	46
175	0.13910	0.55523	0.02256	0.01599	1.000	47
175	0.13910	0.53924	0.02256	0.01599	1.000	48
175	0.13910	0.51017	0.02256	0.01599	1.000	49
175	0.13910	0.49419	0.02256	0.01599	1.000	50
175	0.13910	0.46366	0.02256	0.01599	1.000	52
175	0.13910	0.44767	0.02256	0.01599	1.000	53
175	0.13910	0.34157	0.02256	0.01453	1.000	54
175	0.13910	0.32558	0.02256	0.01599	1.000	55
175	0.13910	0.30959	0.02256	0.01599	1.000	56
175	0.13910	0.29506	0.02256	0.01599	1.000	57
175	0.13910	0.28052	0.02256	0.01453	1.000	58
175	0.13910	0.20349	0.02256	0.01453	1.000	59
175	0.13910	0.18750	0.02256	0.01599	1.000	60
175	0.13722	0.17151	0.02444	0.01744	1.000	61
175	0.13534	0.15698	0.03008	0.01599	1.000	61A
175	0.13910	0.14099	0.02256	0.01744	1.000	62
175	0.13910	0.12500	0.02256	0.01744	1.000	63
175	0.13910	0.11192	0.02256	0.01453	1.000	64
175	0.13910	0.09448	0.02256	0.01599	1.000	65
175	0.36842	0.64680	0.01504	0.01453	1.000	$
175	0.36842	0.61628	0.01504	0.01453	1.000	$
175	0.37218	0.58576	0.00940	0.01453	1.000	$
175	0.37030	0.55523	0.00940	0.01308	1.000	$
175	0.36842	0.53924	0.01316	0.01599	1.000	$
175	0.36842	0.50872	0.01128	0.01599	1.000	$
175	0.36842	0.49419	0.01316	0.01453	1.000	$
175	0.37594	0.48256	0.00940	0.01017	1.000	$
175	0.37030	0.46221	0.00940	0.01453	1.000	$
175	0.37030	0.41860	0.00940	0.01308	1.000	$
175	0.37030	0.38663	0.01128	0.01453	1.000	$
175	0.36842	0.34012	0.01316	0.01453	1.000	$
175	0.36654	0.32413	0.01504	0.01599	1.000	$
175	0.36654	0.29506	0.02068	0.03052	0.500	es es
175	0.36654	0.27907	0.01504	0.01453	1.000	$
175	0.36842	0.24855	0.01128	0.01453	1.000	$
175	0.37030	0.20494	0.00940	0.01163	1.000	$
175	0.36654	0.18605	0.01504	0.01599	1.000	$
175	0.36654	0.17151	0.01504	0.01453	1.000	$
175	0.37594	0.15843	0.01128	0.01163	1.000	$
175	0.36842	0.14244	0.00940	0.01308	1.000	$
175	0.36466	0.12645	0.01504	0.01453	1.000	$
175	0.36466	0.09593	0.01504	0.01453	1.000	$
175	0.43792	0.90686	0.06589	0.01768	1.000	52,950.00
175	0.43609	0.87645	0.06767	0.01599	1.000	52,950.00
175	0.41727	0.82988	0.08651	0.01756	1.000	1,352,982.00
175	0.43602	0.81379	0.06782	0.01922	1.000	75,000.00
175	0.44346	0.79767	0.06046	0.01949	1.000	5,000.00
175	0.44345	0.78455	0.06047	0.01810	1.000	5,000.00
175	0.41723	0.75272	0.08471	0.01781	1.000	1,437,982.00
175	0.43019	0.72171	0.07382	0.01878	1.000	703,540.00
175	0.43609	0.70785	0.06767	0.01744	1.000	20,000.00
175	0.43789	0.69453	0.06407	0.01357	1.000	15,000.00
175	0.43794	0.68013	0.06398	0.01328	1.000	10.000.00
175	0.42456	0.64331	0.07757	0.02151	1.000	748,540.00
175	0.42669	0.61628	0.07519	0.01744	1.000	261,975.00
175	0.42849	0.58555	0.07347	0.01785	1.000	261,975.00
175	0.44546	0.55516	0.05646	0.01469	1.000	6,500.00
175	0.44350	0.54043	0.05849	0.01506	1.000	4,100.00
175	0.43797	0.51017	0.06579	0.01599	1.000	16,500.00
175	0.43034	0.49388	0.07353	0.01659	1.000	123,093.00
175	0.43797	0.46366	0.06579	0.02616	1.000	15,000.00
175	0.43607	0.44763	0.06771	0.01609	1.000	25,300.00
175	0.43040	0.41701	0.07341	0.01626	1.000	190,493.00
175	0.41722	0.38496	0.08662	0.01932	1.000	2,638,990.00
175	0.43421	0.33721	0.06955	0.02035	1.000	32,590.00
175	0.43609	0.32413	0.06767	0.01890	1.000	22,846.00
175	0.43787	0.30934	0.06600	0.01650	1.000	10,227.00
175	0.44544	0.27900	0.05836	0.02194	1.000	1,000.00
175	0.43609	0.25000	0.06767	0.01453	1.000	66,663.00
175	0.43029	0.20303	0.07363	0.01690	1.000	406,353.00
175	0.44361	0.18750	0.06015	0.01599	1.000	6,200.00
175	0.43037	0.17131	0.07347	0.01785	1.000	412,500.00
175	0.44539	0.13940	0.06034	0.02643	1.000	1,020.00
175	0.43978	0.12483	0.06594	0.01777	1.000	27,745.00
175	0.43982	0.10894	0.06585	0.01758	1.000	70,843.00
175	0.43779	0.09405	0.06803	0.01829	1.000	72,425.00
175	0.51504	0.07122	0.02820	0.01308	1.000	175
176	0.13910	0.93023	0.02256	0.01453	1.000	66
176	0.13910	0.91424	0.02256	0.01453	1.000	67
176	0.13910	0.89680	0.02256	0.01599	1.000	68
176	0.13910	0.88227	0.02256	0.01453	1.000	69
176	0.13910	0.86483	0.02256	0.01599	1.000	70
176	0.13346	0.76744	0.03195	0.01890	1.000	71A
176	0.13910	0.75436	0.02256	0.01599	1.000	72
176	0.36654	0.65843	0.01316	0.01453	1.000	$
176	0.36654	0.62645	0.01316	0.01453	1.000	$
176	0.37030	0.57994	0.01128	0.01308	1.000	$
176	0.37030	0.54797	0.01128	0.01308	1.000	$
176	0.37030	0.51599	0.01128	0.01308	1.000	$
176	0.37030	0.50000	0.01128	0.01308	1.000	$
176	0.37030	0.48401	0.01128	0.01308	1.000	$
176	0.37030	0.43605	0.01128	0.01453	1.000	$
176	0.37030	0.40407	0.01128	0.01453	1.000	$
176	0.37030	0.35756	0.01128	0.01308	1.000	$
176	0.36842	0.33866	0.01504	0.01599	1.000	$
176	0.37030	0.30814	0.01128	0.01453	1.000	$
176	0.37030	0.29215	0.01128	0.01599	1.000	$
176	0.36842	0.27616	0.01504	0.01599	1.000	$
176	0.37030	0.24564	0.01128	0.01308	1.000	$
176	0.37030	0.19767	0.01128	0.01308	1.000	$
176	0.37030	0.16570	0.01128	0.01308	1.000	$
176	0.36842	0.11628	0.01316	0.01453	1.000	$
176	0.43970	0.92559	0.06608	0.02092	1.000	44,268.00
176	0.43781	0.90957	0.06799	0.02099	1.000	71,974.00
176	0.44173	0.89826	0.06203	0.01453	1.000	48,910.00
176	0.43985	0.88372	0.06391	0.01308	1.000	30,500.00
176	0.43225	0.86464	0.07535	0.01928	1.000	275,000.00
176	0.41724	0.83126	0.08656	0.01916	1.000	1,467,738.00
176	0.43028	0.78443	0.07366	0.01834	1.000	359,919.00
176	0.43601	0.76870	0.06783	0.01782	1.000	14,251.00
176	0.43032	0.75257	0.07357	0.01812	1.000	251,200.00
176	0.43045	0.71802	0.07707	0.02180	1.000	625,370.00
176	0.13910	0.65843	0.02256	0.01599	1.000	73
176	0.13910	0.57994	0.02256	0.01599	1.000	74
176	0.13910	0.51599	0.02256	0.01599	1.000	75
176	0.13910	0.50000	0.02256	0.01599	1.000	76
176	0.13910	0.48401	0.02256	0.01599	1.000	77
176	0.13910	0.46802	0.02256	0.01453	1.000	78
176	0.13910	0.35610	0.02256	0.01599	1.000	79
176	0.13534	0.34012	0.03008	0.01599	1.000	79A
176	0.13534	0.30814	0.03008	0.01599	1.000	79B
176	0.13910	0.29215	0.02256	0.01453	1.000	80
176	0.13910	0.27616	0.02256	0.01599	1.000	81
176	0.13910	0.19622	0.02256	0.01599	1.000	82
176	0.20301	0.92878	0.12406	0.01744	1.000	Vehicle Maint. - Fire
176	0.20865	0.91270	0.11278	0.01612	1.000	Park Department
176	0.19737	0.89534	0.13722	0.01891	1.000	Cemetery Department
176	0.21975	0.88020	0.09058	0.01721	1.000	Tree Removal
176	0.18985	0.86334	0.15038	0.01892	1.000	Snow Removal Expense
176	0.22930	0.83278	0.07148	0.01758	1.000	Total DPW
176	0.18797	0.79936	0.15414	0.01896	1.000	Facilities and Buildings
176	0.19361	0.78488	0.14098	0.01599	1.000	Facilities and Grounds
176	0.18421	0.76736	0.16165	0.01910	1.000	Additional Utilities, Library
176	0.21617	0.75145	0.09962	0.01744	1.000	Public Buildings
176	0.20842	0.72002	0.11323	0.01927	1.000	Total Facilities &
176	0.23496	0.70494	0.06767	0.01599	1.000	Buildings
176	0.19173	0.67151	0.14662	0.01896	1.000	Solid Waste/Recycling
176	0.20668	0.65519	0.11671	0.01811	1.000	Recycling Program
176	0.17669	0.62500	0.17481	0.01744	1.000	Total Solid Waste/Recycle
176	0.20677	0.59301	0.11842	0.01746	1.000	Public Assistance
176	0.21241	0.57558	0.10526	0.01891	1.000	Council on Aging
176	0.21421	0.54480	0.10166	0.01940	1.000	Subtotal C.O.A.
176	0.20666	0.51410	0.11675	0.01830	1.000	Veterans' Benefits
176	0.18985	0.49851	0.15038	0.01748	1.000	Veteran's Administration
176	0.18797	0.48110	0.15414	0.01890	1.000	Registrar of Vets' Graves
176	0.22166	0.46465	0.08864	0.01837	1.000	Memorial Day
176	0.20663	0.43402	0.11869	0.01858	1.000	Subtotal Veterans
176	0.20849	0.40199	0.11309	0.01869	1.000	Total Assistance
176	0.23115	0.37052	0.06214	0.01768	1.000	Schools
176	0.20489	0.35465	0.12218	0.01599	1.000	School Department
176	0.21424	0.33850	0.10160	0.01777	1.000	Unemp.School-
176	0.21231	0.32377	0.10357	0.01671	1.000	Stab/Free Cash
176	0.20483	0.30644	0.11854	0.01794	1.000	Curriculum Update
176	0.18985	0.29067	0.15038	0.01612	1.000	Monty Tech Assessment
176	0.19173	0.27604	0.14098	0.01466	1.000	Vehicle Maint. - School
176	0.21792	0.24375	0.09235	0.01685	1.000	Total Schools
176	0.23684	0.20930	0.05451	0.01890	1.000	Library
176	0.17669	0.19469	0.16353	0.01897	1.000	_ Lunenburg Public Library
176	0.21986	0.16259	0.08660	0.01785	1.000	Total Library
176	0.21411	0.11562	0.09997	0.01731	1.000	Total Omnibus
176	0.36654	0.92733	0.01316	0.01744	1.000	$
176	0.36842	0.91134	0.00940	0.01453	1.000	$
176	0.37030	0.89826	0.00752	0.01308	1.000	$
176	0.36466	0.86483	0.01504	0.01599	1.000	$
176	0.37030	0.83285	0.01128	0.01453	1.000	$
176	0.37030	0.78779	0.01128	0.01163	1.000	$
176	0.37030	0.77035	0.01128	0.01453	1.000	$
176	0.37030	0.75436	0.01128	0.01453	1.000	$
176	0.36654	0.72093	0.01316	0.01599	1.000	$
176	0.43040	0.65542	0.07528	0.02056	1.000	147,000.00
176	0.43212	0.62586	0.07372	0.01717	1.000	147,000.00
176	0.43029	0.57804	0.07363	0.01688	1.000	111,210.00
176	0.43028	0.54606	0.07366	0.01834	1.000	111,210.00
176	0.43797	0.51453	0.06579	0.01744	1.000	50,000.00
176	0.44357	0.49847	0.06022	0.01759	1.000	5,250.00
176	0.45476	0.48235	0.04912	0.01786	1.000	500.00
176	0.45482	0.46645	0.04901	0.01768	1.000	750.00
176	0.43791	0.43589	0.06592	0.01630	1.000	56,500.00
176	0.43040	0.40105	0.07341	0.01912	1.000	167,710.00
176	0.40970	0.35153	0.09414	0.02079	1.000	17,399,092.00
176	0.48872	0.33866	0.01504	0.01163	1.000	-
176	0.43034	0.30784	0.07352	0.01659	1.000	116,000.00
176	0.43030	0.29031	0.07361	0.01822	1.000	801,484.00
176	0.41165	0.24419	0.09211	0.01744	1.000	18,316,576.00
176	0.42840	0.19432	0.07553	0.01835	1.000	363,849.00
176	0.43036	0.16257	0.07350	0.01934	1.000	363,849.00
176	0.40964	0.11443	0.09425	0.01968	1.000	32,025,895.00
176	0.51316	0.07122	0.03195	0.01599	1.000	176
177	0.38534	0.92878	0.28383	0.01453	1.000	TOWN MEETING EXCERPTS
177	0.35150	0.88953	0.35150	0.01746	1.000	Special Town Meeting- August 22, 2016
177	0.12218	0.85465	0.79887	0.01744	1.000	The Special Town Meeting was called to order in the Lunenburg Middle/High School Auditori-
177	0.12406	0.83854	0.80451	0.01466	1.000	um at 7:02 P.M. by the Moderator and he declared that a quorum was present and that the war-
177	0.12218	0.82118	0.80075	0.01612	1.000	rant was properly posted. We pledged allegiance to the flag, the Moderator reminded everyone
177	0.12406	0.80523	0.78571	0.01599	1.000	of the rules of procedure and we wished Ms. Lafleur well as this was her last Town Meeting as
177	0.12218	0.78488	0.17293	0.01599	1.000	our Town Manager.
177	0.12406	0.73834	0.80263	0.01747	1.000	ARTICLE 1. To see if the Town will vote to appropriate and transfer from available funds all sums of
177	0.12218	0.72093	0.80451	0.01744	1.000	money necessary to amend the amounts voted for the Town's FY2017 Budget, under Article 15 of the
177	0.12218	0.70337	0.77632	0.01761	1.000	May 7, 2016 Annual Town Meeting, or take any other action relative thereto. (Submitted by Town
177	0.12218	0.68601	0.78383	0.01893	1.000	Manager) Board of Selectmen and Finance Committee recommend approval. VOTED to raise and
177	0.12218	0.66860	0.79135	0.01890	1.000	appropriate the sum of $114,733 as follows: add to Line 13, Reserve Fund, the sum of $77,993; and
177	0.12218	0.65104	0.79887	0.01910	1.000	add to line 79, School Department, the sum of $36,740; to amend the amounts voted under Article 15
177	0.12218	0.63368	0.34023	0.01612	1.000	of the May 7, 2016 Annual Town Meeting.
177	0.12218	0.58721	0.80075	0.01599	1.000	ARTICLE 2. To see if the Town will vote to raise and appropriate or transfer from available funds, a
177	0.12218	0.56969	0.80263	0.01612	1.000	sum of money to fund the first year of the FY16, FY17 & FY18 Public Employees Local Union 39 of
177	0.12207	0.55081	0.78786	0.02216	1.000	the Laborers' International Union of North America Collective Bargaining Agreement dated July 1,
177	0.12218	0.53488	0.80451	0.01599	1.000	2015 - June 30, 2018; or take any action relative thereto. (Submitted by Town Manager) Board of Se-
177	0.12030	0.51587	0.81391	0.01761	1.000	lectmen and Finance Committee recommend approval. VOTED transfer from Article 15 of the May 7,
177	0.12218	0.49851	0.79699	0.01748	1.000	2016 Annual Town Meeting - Line 13A/Salary Reserve Fund, the sum of $6,385.96; to fund the first
177	0.12218	0.48110	0.80263	0.01890	1.000	year of the FY 16-FY18 Laborers' International Union of North America, Public Employees Local 39
177	0.12218	0.46354	0.65789	0.01761	1.000	(DPW Unit) Collective Bargaining Agreement dated July 1, 2015 to June 30, 2018.
177	0.12406	0.41419	0.79887	0.01761	1.000	ARTICLE 3. To see if the Town will vote to raise and appropriate or transfer from available funds, a
177	0.12218	0.39680	0.80451	0.01744	1.000	sum of money to fund the first year of the FY17, FY18 & FY19 Police Officers Collective Bargaining
177	0.12406	0.37791	0.77632	0.01892	1.000	Agreement dated July 1, 2016 - June 30, 2019 with IBPO Local 353, AFL-CIO; or take any action
177	0.12218	0.36186	0.76128	0.01612	1.000	thereto. (Submitted by Town Manager) Article 3 was PASSED OVER. No agreement reached.
177	0.12218	0.31250	0.80451	0.01599	1.000	ARTICLE 4. To see if the Town will or take any other action thereto. (Submitted by Cemetery Com-
177	0.12218	0.29506	0.33271	0.01599	1.000	mission) Article 4 was PASSED OVER.
177	0.12594	0.27180	0.28383	0.01466	1.000	Article 15 was taken up at this time.
177	0.12218	0.22238	0.78571	0.01453	1.000	ARTICLE 5. To see if the Town will vote to authorize the Board of Selectmen to enter into one or
177	0.12218	0.20203	0.78571	0.01746	1.000	more agreements for a term of up to thirty (30) years, with Solect Energy Development, LLC (or its
177	0.12218	0.18452	0.77632	0.01761	1.000	assigns, successors or affiliates) for the purchase of energy and corresponding net metering credits
177	0.12218	0.16715	0.79323	0.01744	1.000	generated by one or more privately-owned solar photovoltaic facilities to be installed on the rooftops
177	0.12218	0.14971	0.80827	0.01745	1.000	of the Town's Middle/High School and Department of Public Works buildings, such agreements to be
177	0.12218	0.13070	0.80639	0.01910	1.000	on such terms and conditions, and for such consideration, as the Board of Selectmen deems in the best
177	0.51504	0.07122	0.02820	0.01308	1.000	177
178	0.35150	0.92151	0.35150	0.01599	1.000	Special Town Meeting- August 22, 2016
178	0.12970	0.88517	0.78008	0.01745	1.000	interest of the Town, and to authorize the Board of Selectmen to do all such other things as may be
178	0.12970	0.86773	0.78383	0.01744	1.000	required or convenient to implement and administer such agreements, or take any other action rela-
178	0.12970	0.85020	0.77632	0.01612	1.000	tive thereto. (Submitted by Board of Selectmen) Board of Selectmen and Finance Committee rec-
178	0.12970	0.83284	0.38722	0.01612	1.000	ommend approval. VOTED UNANIMOUSLY.
178	0.13158	0.80952	0.78947	0.01612	1.000	ARTICLE 6. To see of the Town will vote to authorize the Board of Selectmen to enter into one or
178	0.12970	0.79067	0.76880	0.01612	1.000	more agreements for payments in lieu of taxes pursuant to G.L. c. 59, § 38H(b), or any other ena-
178	0.12970	0.77326	0.77256	0.01744	1.000	bling authority, for one or more privately-owned solar photovoltaic facilities to be installed on the
178	0.12970	0.75570	0.79323	0.01761	1.000	rooftops of the Town's Middle/High School and Department of Public Works buildings, such agree-
178	0.12970	0.73834	0.76128	0.01747	1.000	ments to be on such terms and conditions, and for such consideration, as the Board of Selectmen
178	0.12962	0.71895	0.76520	0.02115	1.000	deems in the best interest of the Town, and to authorize the Board of Selectmen do all such other
178	0.12970	0.70337	0.78008	0.01761	1.000	things as may be required or convenient to implement and administer such agreements, or take any
178	0.12970	0.68601	0.77256	0.01612	1.000	other action relative thereto. (Submitted by Board of Selectmen) Article 6 was PASSED OVER.
178	0.12970	0.66270	0.78195	0.01612	1.000	ARTICLE 7. To see if the Town will vote to authorize the Board of Selectmen to enter into one or
178	0.12970	0.64385	0.75752	0.01761	1.000	more agreements for a term of up to thirty (30) years with Borrego Solar Systems Inc. (or its as-
178	0.12970	0.62645	0.75940	0.01744	1.000	signs, successors or affiliates) for the purchase of energy and corresponding net metering credits
178	0.12970	0.60756	0.78571	0.01893	1.000	generated by privately-owned solar photovoltaic facilities, such agreements to be on such terms and
178	0.12970	0.59152	0.77256	0.01761	1.000	conditions, and for such consideration, as the Board of Selectmen deems in the best interest of the
178	0.13158	0.57413	0.75752	0.01744	1.000	Town, and to authorize the Board of Selectmen to do all such other things as may be required or
178	0.12970	0.55669	0.77068	0.01747	1.000	convenient to implement and administer such agreement, or take any other action relative thereto.
178	0.12970	0.53919	0.79135	0.01761	1.000	(Submitted by Board of Selectmen) Note: this solar facility is located in Fitchburg: 50% will be pro-
178	0.12966	0.52080	0.75760	0.01856	1.000	vided to the Town and 50% will be allotted to the community. Board of Selectmen and Finance
178	0.13158	0.50436	0.50564	0.01599	1.000	Committee recommend approval. VOTED UNANIMOUSLY.
178	0.13158	0.47817	0.78195	0.01746	1.000	ARTICLE 8. To see if the Town will vote to amend the Zoning Bylaw, Section 4.17, Village Cen-
178	0.12970	0.46076	0.73496	0.01891	1.000	ter District, by re-lettering Section 4.17.5 (d) as 4.17.5 (c), or take any action relative thereto.
178	0.12970	0.44469	0.79135	0.01612	1.000	(Submitted by the Planning Board) Board of Selectmen recommends approval. Finance Committee
178	0.12970	0.42733	0.44361	0.01599	1.000	no direct financial impact. VOTED UNANIMOUSLY
178	0.13158	0.40104	0.79323	0.01761	1.000	Special Permit Approval Criteria - The Zoning Board of Appeals shall act upon all applications af-
178	0.12970	0.38219	0.79511	0.01612	1.000	ter notice and public hearing and after due consideration may grant such a special permit provided
178	0.12970	0.36186	0.23496	0.01612	1.000	that it finds the proposed use:
178	0.16729	0.33430	0.75752	0.01599	1.000	a. Is in harmony with the purpose and intent of the Bylaw and will promote the purposes of the
178	0.18797	0.31395	0.18797	0.01599	1.000	Village Center District.
178	0.16729	0.28634	0.75752	0.01599	1.000	b. The use is in harmony with those of the abutting properties and the Village Center District as
178	0.18985	0.26736	0.06955	0.01463	1.000	a whole.
178	0.16729	0.23834	0.65789	0.01892	1.000	c. All applicable standards for use, parking, and dimensional requirements are met;
178	0.16729	0.21076	0.48308	0.01744	1.000	d. All applicable design standards listed in Section 8 are met.
178	0.16729	0.18304	0.75940	0.01761	1.000	e. Where multiple structures are proposed, the site design reflects a thoughtful arrangement of
178	0.18985	0.16419	0.73496	0.01612	1.000	elements that will facilitate the movement of pedestrians between structures through the use
178	0.18985	0.14236	0.31015	0.01761	1.000	of sidewalks, internal walkways, alleys
178	0.51128	0.07122	0.03383	0.01599	1.000	178
179	0.34774	0.91567	0.35150	0.01612	1.000	Special Town Meeting- August 22, 2016
179	0.12406	0.88070	0.52068	0.01612	1.000	c. The following uses are prohibited in the Village Center District
179	0.15789	0.85756	0.55451	0.01453	1.000	1) Newly constructed One-story buildings on lots of less than 5 acres.
179	0.15602	0.83284	0.76504	0.01463	1.000	2) Retail operations with more than five thousand (5,000) square feet of gross floor area on any
179	0.18233	0.81250	0.73872	0.01744	1.000	individual floor, except for reuse of buildings existing prior to 1 May 2015, with footprints
179	0.18421	0.79651	0.36466	0.01599	1.000	greater than five thousand (5,000) square feet.
179	0.15414	0.77034	0.69173	0.01612	1.000	3) Drive through establishments, excluding those expressly allowed by Special Permit.
179	0.12594	0.72669	0.77632	0.01761	1.000	ARTICLE 9. To see if the Town will vote to amend the Zoning Bylaw, Section 8.4, Development
179	0.12406	0.71076	0.78195	0.01744	1.000	Plan Review, by deleting, in Section 8.4.2.1 (e), the word 'grated' and inserting the word 'granted"
179	0.12406	0.69320	0.79135	0.01761	1.000	and by amending, the phrase 'Site Plan Review' wherever it appears in Section 8.4 to 'Site Plan Ap-
179	0.12406	0.67584	0.78571	0.01747	1.000	proval' or take any action relative thereto. (Submitted by Planning Board) Board of Selectmen rec-
179	0.12406	0.65843	0.77820	0.01744	1.000	ommends approval. Finance Committee no direct financial impact. VOTED UNANIMOUSLY.
179	0.12406	0.63368	0.15602	0.01612	1.000	8.4.2. Applicability
179	0.12406	0.60901	0.35338	0.01599	1.000	8.4.2.1. Projects Requiring Site Plan Review
179	0.15226	0.58430	0.76880	0.01599	1.000	a) New construction or exterior expansion of any non-residential building or multi-family dwell-
179	0.18233	0.56686	0.74060	0.01599	1.000	ing containing more than four (4) units. "Expansion" shall include a floor space increase of
179	0.18609	0.54787	0.66353	0.01761	1.000	5,000 square feet or 25% or more within any ten (10) year period, whichever is less.
179	0.15414	0.52326	0.76692	0.01744	1.000	b) The construction or enlargement of any multi-family dwelling containing more than four (4)
179	0.18609	0.50570	0.73496	0.01761	1.000	units, or buildings accessory to such dwellings, including such dwellings on contiguous lots
179	0.18609	0.48834	0.21241	0.01612	1.000	under the same ownership.
179	0.15414	0.46221	0.71992	0.01894	1.000	c) The construction, rehabilitation, of a building involving ten (10) or more parking spaces.
179	0.15414	0.43895	0.76880	0.01599	1.000	d) The construction, reconfiguration or renovation of parking facilities, with the exception of
179	0.18797	0.42436	0.16541	0.01314	1.000	normal maintenance.
179	0.15414	0.39534	0.76880	0.01745	1.000	e) Any use designated that is grated granted a Special Permit or Variance by the Zoning Board of
179	0.18609	0.37791	0.07143	0.01599	1.000	Appeals.
179	0.15226	0.35317	0.44361	0.01746	1.000	f) Any change of use within an existing building or site.
179	0.15414	0.32837	0.20489	0.01612	1.000	g) Any child care facility.
179	0.12594	0.27753	0.78571	0.01761	1.000	ARTICLE 10. To see if the Town will vote to amend the Zoning Bylaw, by deleting the entirety of
179	0.12406	0.25868	0.77444	0.01612	1.000	Section 4.12 Whalom Overlay District, or take any action relative thereto. (Submitted by Planning
179	0.12594	0.23834	0.77632	0.01612	1.000	Board) Board of Selectmen recommends approval 4-1. Finance Committee no direct financial im-
179	0.12406	0.21801	0.40414	0.01612	1.000	pact. Article 10 was DEFEATED (49 Yes, 56 No)
179	0.12594	0.19041	0.78759	0.01744	1.000	ARTICLE 11. To see if the Town will vote to amend the Zoning Bylaw, Section 3.1, Types of Dis-
179	0.12406	0.17287	0.29135	0.01761	1.000	tricts, by deleting, the word 'fifteen'
179	0.40977	0.17287	0.50940	0.01761	1.000	and inserting the word "fourteen" and by deleting, Section 3.1 I)
179	0.12594	0.15698	0.78759	0.01599	1.000	Whalom Overlay District and adjusting the remaining as follows 1) Tri Town Smart Growth District
179	0.12406	0.13953	0.78947	0.01599	1.000	m) Summer Street Revitalization Overlay District n) Village Center District, or take any action rela-
179	0.12406	0.12054	0.62030	0.01761	1.000	tive thereto. (Submitted by Planning Board) Article 11 was PASSED OVER.
179	0.51504	0.07122	0.02820	0.01163	1.000	179
180	0.35526	0.91419	0.35150	0.01761	1.000	Special Town Meeting- August 22, 2016
180	0.12030	0.88663	0.16353	0.01599	1.000	3.1. Types of Districts
180	0.17481	0.85169	0.75188	0.01761	1.000	The Town of Lunenburg is hereby divided into fifteen fourteen (14) (15) types of districts designated as:
180	0.22744	0.81977	0.01880	0.01308	0.500	a)
180	0.28380	0.81963	0.09217	0.01337	1.000	Residence A
180	0.28188	0.79476	0.09225	0.01368	1.000	Residence B
180	0.22744	0.76744	0.02068	0.01453	0.500	c)
180	0.22744	0.74128	0.02068	0.01599	1.000	d)
180	0.22744	0.71657	0.01880	0.01308	0.500	e)
180	0.22744	0.69041	0.01504	0.01453	0.300	f)
180	0.28195	0.76599	0.06579	0.01599	1.000	Outlying
180	0.28563	0.74523	0.07724	0.01100	1.000	Recreation
180	0.28192	0.71787	0.09218	0.01339	1.000	Commercial
180	0.28195	0.69186	0.27256	0.01453	1.000	Limited Business/Residential District
180	0.28195	0.66567	0.19925	0.01314	1.000	Retail Commercial District
180	0.22556	0.63953	0.02068	0.01453	0.300	h)
180	0.28195	0.63953	0.19361	0.01453	1.000	Route 2A Overlay District
180	0.28195	0.61483	0.24812	0.01464	1.000	Office Park and Industrial District
180	0.28195	0.58854	0.14474	0.01466	1.000	Flood Plain District
180	0.28195	0.56101	0.23872	0.01612	1.000	Water Supply Protection District
180	0.28383	0.53488	0.18609	0.01599	1.000	Whalom Overlay District
180	0.22744	0.51017	0.03383	0.01453	0.300	ml)
180	0.28195	0.51163	0.23684	0.01453	1.000	Tri Town Smart Growth District
180	0.22744	0.48401	0.39098	0.01599	1.000	n) m) Summer Street Revitalization Overlay District
180	0.28008	0.45784	0.17293	0.01612	1.000	Village Center District
180	0.12218	0.41567	0.80639	0.01612	1.000	ARTICLE 12. To see if the Town will vote to amend the Zoning Bylaw, 3.2.1 Location of Districts, by
180	0.12030	0.39385	0.81015	0.01894	1.000	deleting reference to the Whalom Overlay District, and by deleting May 2, 2015 and inserting August 8, 2016,
180	0.12030	0.37645	0.69737	0.01599	1.000	or take any action relative thereto. (Submitted by Planning Board) (Requires a 2/3 majority vote)
180	0.12030	0.34152	0.18233	0.01463	1.000	3.2. Location of Districts
180	0.12030	0.30523	0.80827	0.01599	1.000	3.2.1. Said Districts, except Flood Plain Districts, Water Supply Protection Districts, Route 2A Overlay
180	0.12215	0.28733	0.80647	0.01792	1.000	District, Whalom Overlay District, and Tri Town Smart Growth District hereinbefore referred to are located and
180	0.12030	0.27034	0.81015	0.01745	1.000	bounded as shown on a map entitled "Revised Protective Bylaw Map of the Town of Lunenburg,
180	0.12218	0.25436	0.80639	0.01746	1.000	Massachusetts", dated May 2, 2015 August 8, 2016, signed by the Planning Board and filed with the Town
180	0.12218	0.23686	0.80827	0.01612	1.000	Clerk, which map, together with all explanatory matter thereon, shall be deemed to accompany and be a part of
180	0.12030	0.21948	0.81015	0.01744	1.000	this Bylaw. The Flood Plain District location described in Section 4.8.2., Water Supply Protection District
180	0.12030	0.20203	0.81015	0.01746	1.000	described in Section 4.9., Route 2A Overlay District as described in Section 4.10., Whalom Overlay District as
180	0.12030	0.18601	0.81015	0.01612	1.000	described in Section 4.12. and Tri Town Smart Growth District as described in Section 4.13. Article 12 was
180	0.12218	0.17006	0.13346	0.01308	1.000	PASSED OVER.
180	0.12218	0.13368	0.80639	0.01612	1.000	ARTICLE 13.To see if the Town will vote to amend the Zoning Bylaw Table of Contents, by deleting the
180	0.12218	0.11483	0.80827	0.01599	1.000	words Whalom Overlay District and inserting Repealed, or take any action relative thereto. (Submitted by
180	0.12030	0.09448	0.37030	0.01599	1.000	Planning Board) Article 13 was PASSED OVER.
180	0.51504	0.07267	0.02820	0.01017	1.000	180
181	0.35150	0.91270	0.35526	0.01910	1.000	Special Town Meeting- August 22, 2016
181	0.12406	0.87202	0.26880	0.01612	1.000	SECTION 4.0. USE REGULATIONS
181	0.17293	0.83721	0.03383	0.01599	1.000	4.1.
181	0.17293	0.81977	0.03383	0.01599	1.000	4.2.
181	0.21805	0.83576	0.24248	0.01891	1.000	Application of Use Regulation
181	0.22744	0.81969	0.29511	0.01761	1.000	Residences and Outlying District Uses
181	0.17293	0.80233	0.03383	0.01599	1.000	4.3.
181	0.17293	0.78488	0.03195	0.01744	1.000	4.4.
181	0.22744	0.80233	0.14850	0.01464	1.000	Recreation District
181	0.17293	0.76744	0.03383	0.01744	1.000	4.5.
181	0.22368	0.78488	0.29135	0.01745	1.000	Limited Business/Residential District
181	0.22744	0.76736	0.25000	0.01761	1.000	Retail Commercial District Uses
181	0.17293	0.75000	0.03195	0.01744	1.000	4.6.
181	0.22744	0.75145	0.20113	0.01318	1.000	Commercial District Uses
181	0.17293	0.73256	0.03383	0.01744	1.000	4.7.
181	0.22744	0.73537	0.26880	0.01612	1.000	Office Park and Industrial District
181	0.17293	0.71657	0.03195	0.01599	1.000	4.8.
181	0.22368	0.71801	0.19925	0.01463	1.000	Flood Plain District Uses
181	0.17105	0.69477	0.03571	0.02035	1.000	4.9.
181	0.22368	0.69913	0.26128	0.01599	1.000	Water Supply Protection District
181	0.17293	0.68169	0.26128	0.01747	1.000	4.10. Route 2A Overlay District
181	0.17293	0.66134	0.17857	0.02046	1.000	4.11. Phased Growth
181	0.17293	0.64680	0.04135	0.01453	1.000	4.12.
181	0.21617	0.64534	0.32519	0.01612	1.000	Lake Whalom Overlay District Repealed
181	0.17293	0.62936	0.04135	0.01453	1.000	4.13.
181	0.22744	0.63070	0.25564	0.01319	1.000	Tri-Town Smart Growth District
181	0.17293	0.61192	0.04135	0.01453	1.000	4.14.
181	0.22744	0.60901	0.35714	0.01748	1.000	Summer Street Revitalization Overlay District
181	0.17293	0.59012	0.04323	0.01453	1.000	4.15.
181	0.21429	0.58854	0.18233	0.01612	1.000	Solar Energy Systems
181	0.17293	0.57118	0.32707	0.01612	1.000	4.16. Registered Marijuana Dispensaries
181	0.17293	0.55378	0.23120	0.01599	1.000	4.17. Village Center District
181	0.65602	0.83721	0.04135	0.01744	1.000	1-5
181	0.65602	0.82122	0.03947	0.01453	1.000	1-8
181	0.65602	0.80378	0.03947	0.01453	1.000	1-4
181	0.65602	0.78634	0.03947	0.01453	1.000	1-4
181	0.65602	0.76890	0.03759	0.01453	1.000	1-3
181	0.65602	0.75145	0.03947	0.01453	1.000	1-7
181	0.65602	0.73401	0.04135	0.01599	1.000	1-3
181	0.65602	0.71657	0.03947	0.01453	1.000	1-2
181	0.65409	0.69759	0.05273	0.01906	1.000	1 - 10
181	0.65602	0.68169	0.04135	0.01599	1.000	1-2
181	0.65414	0.66424	0.04323	0.01744	1.000	1-3
181	0.65414	0.64680	0.04135	0.01599	1.000	1-2
181	0.65395	0.62900	0.04736	0.01526	1.000	1 - 13
181	0.65414	0.61192	0.04135	0.01453	1.000	1-4
181	0.65602	0.59157	0.03759	0.01308	1.000	1-9
181	0.65602	0.57413	0.03947	0.01453	1.000	1-4
181	0.65602	0.55669	0.03759	0.01308	1.000	1-9
181	0.13722	0.49702	0.75000	0.01761	1.000	ARTICLE 14. To see if the Town will vote to amend the Official Zoning Map, by deleting the
181	0.13722	0.47965	0.74060	0.01744	1.000	Whalom Overlay District, a copy of which is on file with the Town Clerk and dated August 8,
181	0.13722	0.46221	0.77256	0.01745	1.000	2016, as may be amended from time to time by Town Meeting, or take any action relative thereto.
181	0.13534	0.44469	0.52256	0.01612	1.000	(Submitted by Planning Board). Article 14 was PASSED OVER
181	0.13722	0.42151	0.73684	0.01453	1.000	ARTICLE 15. To see if the Town will vote to authorize the Board of Selectmen to execute a
181	0.13722	0.40253	0.76880	0.01761	1.000	boundary line agreement with Elaine P. Mroz to establish the common boundary line between the
181	0.13722	0.38517	0.74436	0.01745	1.000	Town-owned property located on Chestnut Street, Lunenburg known as Marshall Park and de-
181	0.13722	0.36628	0.74436	0.01744	1.000	scribed in a deed recorded with Worcester North District Registry of Deeds in Book 291, Page
181	0.13722	0.35020	0.77068	0.01761	1.000	497, and the property owned by Elaine Mroz located at 64 Chestnut Street, in said Lunenburg and
181	0.13722	0.33135	0.75752	0.01894	1.000	described in a deed recorded with said Deeds in Book 1974, Page 89, as shown on a plan on file
181	0.13722	0.31541	0.77068	0.01744	1.000	with the Town Clerk, and to release any right, title and interest the Town may have in land owned
181	0.13722	0.29787	0.75940	0.01910	1.000	by Elaine Mroz and to accept a deed for general municipal purposes, for any interest in land that
181	0.13722	0.28051	0.76128	0.01746	1.000	Elaine Mroz may have in land owned by the Town on such terms and conditions as the Board of
181	0.13722	0.26308	0.73684	0.01599	1.000	Selectmen deems appropriate; and further, to authorize the Board of Selectmen to petition the
181	0.13722	0.24554	0.75940	0.01761	1.000	General Court of the Commonwealth of Massachusetts for the approval of such release and con-
181	0.13722	0.22817	0.75752	0.01746	1.000	veyance of the Town's interest in said portion of Marshall Park under Article 97 of the Amend-
181	0.13722	0.21076	0.77068	0.01744	1.000	ments to the Constitution of Massachusetts, if such approval is deemed necessary by the Board of
181	0.13722	0.19320	0.73684	0.01761	1.000	Selectmen; or take any other action relative thereto. (Submitted by Board of Selectmen)
181	0.13722	0.17584	0.71617	0.01612	1.000	Board of Selectmen recommends approval. Finance Committee no direct financial impact.
181	0.13722	0.16134	0.22744	0.01308	1.000	VOTED UNANIMOUSLY
181	0.51504	0.07267	0.02820	0.01017	1.000	181
182	0.35902	0.91419	0.35150	0.01761	1.000	Special Town Meeting- August 22, 2016
182	0.14098	0.87936	0.78008	0.01746	1.000	ARTICLE 16. To see if the Town will vote to authorize the 10% local match towards the purchase
182	0.13910	0.86334	0.77820	0.01612	1.000	of an Agricultural Preservation Restriction approved by the Massachusetts Department of Agricul-
182	0.13910	0.84448	0.78195	0.01744	1.000	tural Resources on Lanni Orchards, consisting of 78 acres, more or less, owned by Lanni Orchards,
182	0.13910	0.82837	0.77256	0.01612	1.000	a Partnership (Francesco Lanni, Gennaro Lanni, Mario Lanni and Nicole Lanni, General Partners)
182	0.13910	0.80952	0.76692	0.01761	1.000	and located at 292 Chase Road, Lunenburg, MA, and shown on Assessors Map 162 as parcel 038
182	0.13910	0.79215	0.78947	0.01744	1.000	and described in a deed with the Worcester Northern District Registry of Land Deeds in Book 1441,
182	0.14098	0.77604	0.76692	0.01612	1.000	Page 46; and further to authorize the Board of Selectmen to do all such other things as may be re-
182	0.13910	0.75868	0.78195	0.01612	1.000	quired or convenient to acquire by gift, purchase, or eminent domain said Agricultural Preservation
182	0.14098	0.74128	0.78383	0.01599	1.000	Restriction or other interests therein in connection therewith; or take any other action relative there-
182	0.13722	0.72384	0.76316	0.01599	1.000	to. (Submitted by Board of Selectmen) Board of Selectmen and Finance Committee recommend
182	0.13910	0.70486	0.31391	0.01612	1.000	approval. VOTED UNANIMOUSLY.
182	0.13910	0.65551	0.25940	0.01612	1.000	Meeting Adjourned at 8:55 P.M.
182	0.51692	0.07413	0.02632	0.00872	1.000	182
183	0.39286	0.92287	0.28383	0.01318	1.000	TOWN MEETING EXCERPTS
183	0.33835	0.88368	0.37970	0.01612	1.000	Special Town Meeting- November 28, 2016
183	0.13722	0.84738	0.75940	0.01745	1.000	The Special Town Meeting was called to order at 7:00 P.M. in the Lunenburg Middle/High
183	0.13534	0.82986	0.78008	0.01612	1.000	school auditorium by the Moderator who noted that a quorum was present and that the war-
183	0.13534	0.81250	0.77820	0.01744	1.000	rant was properly posted we pledged allegiance to the flag and then the Moderator reminded
183	0.13722	0.79651	0.34962	0.01599	1.000	us of the rules of conduct for the meeting.
183	0.13722	0.76163	0.73684	0.01599	1.000	ARTICLE 1. To see if the Town will vote to raise and appropriate or transfer from available
183	0.13534	0.74273	0.77068	0.01892	1.000	funds, all sums of money necessary to amend the amounts voted for the Town's FY'2017 Budget,
183	0.13534	0.72520	0.73872	0.01910	1.000	under Article 15 of the May 7, 2016 Town Meeting; or take any other action relative thereto.
183	0.13346	0.70930	0.76128	0.01599	1.000	(Submitted by Interim Town Manager) Board of Selectmen and Finance Committee recommend
183	0.13534	0.69041	0.75752	0.01744	1.000	approval. VOTED to raise and appropriate the sum of $189,139 and adjust the transfer from the
183	0.13722	0.67436	0.75940	0.01761	1.000	Student Transportation Offset Receipt Fund from $31,623.00 to $-0- as follows: add to Line 13,
183	0.13534	0.65698	0.72744	0.01465	1.000	Interest Temporary Loans, the sum of $1,184; add to Line 4, Liability Insurance, the sum of
183	0.13722	0.63953	0.76316	0.01746	1.000	$8,876; add to Line 5, Workers Compensation, the sum of $2,430; add to Line 13, Reserve Fund,
183	0.13722	0.62054	0.75000	0.01761	1.000	Pavement Management Program (as amended) the sum of $120,407; add to Line 23, Town Ac-
183	0.13534	0.60317	0.76880	0.01746	1.000	countant, the sum of $1,042; add to Line 61, General Highway Maintenance, the sum of $40,200;
183	0.13534	0.58576	0.75752	0.01891	1.000	add to Line 64, Vehicle Maintenance - Highway, the sum of $15,000; and deduct from Line 79,
183	0.13722	0.56969	0.77068	0.01612	1.000	School Department, the sum of $31,623; to amend the amounts voted under Article 15 of the May
183	0.13722	0.55084	0.72368	0.01747	1.000	7, 2016 Annual Town Meeting and Article 1 of the August 22, 2016 Special Town Meeting.
183	0.13346	0.53488	0.31203	0.01745	1.000	[Submitted by Interim Town Manager]
183	0.13722	0.50000	0.77444	0.01599	1.000	ARTICLE 2. To see if the Town will vote to authorize the Board of Selectmen, pursuant to M. G.
183	0.13722	0.48110	0.78008	0.01890	1.000	L, Chapter 61B, to raise, appropriate, or transfer from available funds or borrow a sum of money in
183	0.13534	0.46503	0.77632	0.01612	1.000	order to purchase property located at 200 Reservoir Road and known as the Estate of Vera R. Bar-
183	0.13534	0.44767	0.75188	0.01599	1.000	ney shown on a July 2016 plan recorded with Worcester Northern District Registry of Deeds at
183	0.13722	0.42878	0.76692	0.01744	1.000	Plan Book 507, Plan 25, shown as five numbered lots and consisting of 20.36 acres, more or less;
183	0.13534	0.41270	0.76128	0.01612	1.000	or take any other action relative thereto. (Submitted by Board of Selectmen) Board of Selectmen
183	0.13534	0.39534	0.72556	0.01612	1.000	and Finance Committee to make recommendations at Special Town Meeting. Article 2 was
183	0.13722	0.37791	0.14474	0.01599	1.000	PASSED OVER.
183	0.13722	0.34301	0.73308	0.01612	1.000	ARTICLE 3. To see if the Town will vote to raise and appropriate or transfer from available
183	0.13534	0.32413	0.78008	0.01744	1.000	funds, a sum of money to fund the first year of the FY17, FY18 & FY19 Police Officers Collective
183	0.13722	0.30669	0.78383	0.01747	1.000	Bargaining Agreement dated July 1, 2016 - June 30, 2019 with IBPO Local 353, AFL-CIO; or take
183	0.13534	0.29067	0.76128	0.01612	1.000	any other action relative thereto. (Submitted by Interim Town Manager) Board of Selectmen and
183	0.13722	0.27326	0.76504	0.01599	1.000	Finance Committee recommend approval. VOTED UNANIMOUSLY to transfer from Article 15
183	0.13534	0.25436	0.75940	0.01746	1.000	of the May 7, 2016 Annual Town Meeting - Line 13A, Salary Reserve, the sum of $34,378; and
183	0.13534	0.23686	0.75564	0.01761	1.000	transfer from Article 15 of the May 7, 2016 Annual Town Meeting - Line 46, Radio Watch, the
183	0.13534	0.21948	0.76316	0.01744	1.000	sum of $13,400; and transfer to Article 15, of the May 7, 2016 Annual Town Meeting - Line 39,
183	0.13716	0.20167	0.75762	0.01928	1.000	Police Department, the sum of $47,778; to fund the first year of the FY17, FY18 & FY19 Police
183	0.13722	0.18601	0.75376	0.01612	1.000	Officers Collective Bargaining Agreement dated July 1, 2016 - June 30, 2019 with IBPO Local
183	0.13534	0.16860	0.12594	0.01599	1.000	353, AFL-CIO.
183	0.13722	0.13368	0.77068	0.01612	1.000	ARTICLE 4. To see if the Town will vote to create a special purpose stabilization fund pursuant
183	0.13534	0.11628	0.77068	0.01744	1.000	to M.G.L. c. 44 § 5B, entitled "Town Building Stabilization Fund," for the purpose of funding the
183	0.51504	0.07267	0.02820	0.01017	1.000	183
184	0.33459	0.91860	0.37970	0.01599	1.000	Special Town Meeting- November 28, 2016
184	0.13158	0.88219	0.76316	0.01761	1.000	building, remodeling, purchasing, leasing or demolishing of municipal buildings. Revenues from
184	0.13158	0.86628	0.75188	0.01599	1.000	the sale of the properties listed in Article 5 shall be placed in this account and used for this pur-
184	0.13158	0.84738	0.78195	0.01745	1.000	pose; or take any other action relative thereto. (Submitted by the Board of Selectmen) Board of Se-
184	0.13158	0.82986	0.77820	0.01761	1.000	lectmen and Finance Committee recommend approval. VOTED UNANIMOUSLY with M.G.L.
184	0.13158	0.81250	0.31015	0.01744	1.000	reference changed to Chapter 40 $ 5B.
184	0.13346	0.77902	0.76128	0.01612	1.000	ARTICLE 5. To see if the Town will vote to identify and/or re-identify the following listed land
184	0.13158	0.76017	0.75376	0.01745	1.000	and/or buildings situated thereon as surplus; to transfer the care, custody and control of the land
184	0.13158	0.74419	0.77444	0.01599	1.000	and/or buildings described below from the Board or Boards having custody of said properties held
184	0.13158	0.72669	0.77632	0.01612	1.000	for the purposes for which they are currently held to the Board of Selectmen for general municipal
184	0.13534	0.70930	0.76692	0.01599	1.000	purposes and the purpose of conveyance, and to authorize the Board of Selectmen to convey a fee
184	0.13158	0.69186	0.77632	0.01599	1.000	simple interest in the following parcels of town-owned land or any portion thereon, or to lease any
184	0.13346	0.67584	0.76128	0.01463	1.000	of the properties or any portion thereof, on such terms and conditions as the Board of Selectmen
184	0.13346	0.65698	0.77632	0.01744	1.000	deems to be in the best interest of the Town, and to execute any and all agreements and documents
184	0.13158	0.63953	0.74812	0.01746	1.000	to effectuate said sale or lease of any of the properties and any portion thereof and to authorize
184	0.13158	0.62202	0.77632	0.01612	1.000	and/or reauthorize the Board of Selectmen to sell and/or lease the parcels and/or buildings situated
184	0.13158	0.60317	0.76880	0.01746	1.000	thereon, and/or subdivide in any manner said parcels and/or buildings situated and/or take any le-
184	0.13346	0.58576	0.76316	0.01891	1.000	gal action necessary to empower the Board of Selectmen to effectuate the sale, lease, subdivision
184	0.13158	0.56969	0.76504	0.01612	1.000	and/or transfer of said land and buildings situated thereon; and to deposit any revenues generated
184	0.13534	0.55233	0.78008	0.01744	1.000	from the sale, lease and/or transfer into the special revenue account created in Article 4, or take any
184	0.13514	0.53626	0.22230	0.01648	1.000	other action relative thereto.
184	0.13158	0.51736	0.78195	0.01612	1.000	(Submitted by the Board of Selectmen) Board of Selectmen recommends approval 3-2 and Finance
184	0.13534	0.50145	0.29699	0.01453	1.000	Committee recommend approval 4-2.
184	0.36278	0.46503	0.44173	0.01761	1.000	Ritter Memorial Building; Assessors' Map 071, Lot 074
184	0.36090	0.44618	0.32707	0.01894	1.000	Town Hall; Assessors' Map 060, Lot 005
184	0.36278	0.42878	0.36466	0.01890	1.000	Primary School, Assessors' Map 071, Lot 076
184	0.35902	0.41134	0.35338	0.01897	1.000	Brooks House, Assessors' Map 060, Lot 055
184	0.35902	0.39385	0.40414	0.01894	1.000	T. C. Passios School, Assessors' Map 060, Lot 055
184	0.13346	0.36037	0.78008	0.01612	1.000	VOTED to identify and/or re-identify the following listed land and/or buildings situated thereon as
184	0.13346	0.34301	0.76692	0.01463	1.000	surplus; and to authorize the Board of Selectmen to solicit proposals for the possible conveyance,
184	0.13158	0.32703	0.75376	0.01895	1.000	lease or subdivision of the parcels and/or building situated thereon and to present any submitted
184	0.13346	0.30952	0.77068	0.01463	1.000	plans/proposals for the reuse of said buildings at some future Town Meeting whenever said plans/
184	0.13346	0.29215	0.34398	0.01599	1.000	proposals are deemed ready for acceptance.
184	0.35902	0.25570	0.44173	0.01761	1.000	Ritter Memorial Building; Assessors' Map 071, Lot 074
184	0.36090	0.23686	0.32707	0.01896	1.000	Town Hall; Assessors' Map 060, Lot 005
184	0.36084	0.22181	0.36478	0.01684	1.000	Primary School, Assessors' Map 071, Lot 076
184	0.36278	0.20337	0.35338	0.01910	1.000	Brooks House, Assessors' Map 060, Lot 055
184	0.35902	0.18601	0.40414	0.01748	1.000	T. C. Passios School, Assessors' Map 060, Lot 055
184	0.51692	0.07413	0.02632	0.00872	1.000	184
185	0.33835	0.92287	0.37970	0.01612	1.000	Special Town Meeting- November 28, 2016
185	0.13534	0.86919	0.74624	0.01599	1.000	ARTICLE 6. To see if the Town will vote to appropriate the sum of $35,000 from the Sale of
185	0.13534	0.85169	0.77256	0.01612	1.000	Cemetery lots account to be used for the care, improvement and embellishment of the Cemeteries;
185	0.13346	0.83430	0.78571	0.01744	1.000	or take any other action relative thereto. (Submitted by Cemetery Commission) Board of Selectmen
185	0.13346	0.81686	0.74060	0.01599	1.000	and Finance Committee recommend approval. VOTED UNANIMOUSLY to appropriate the
185	0.13346	0.79936	0.76504	0.01761	1.000	sum of $35,000 from the Sale of Cemetery lots account to be used for the care, improvement and
185	0.13346	0.78343	0.26880	0.01599	1.000	embellishment of the Cemeteries.
185	0.13534	0.74851	0.74624	0.01612	1.000	ARTICLE 7. To see if the Town will vote to amend Article XV of the Town's Bylaw entitled
185	0.13158	0.72965	0.78383	0.01890	1.000	"Salary Administration Plan" of the Town of Lunenburg as follows: the Public Access Cable Com-
185	0.13346	0.71221	0.76316	0.01745	1.000	mittee Coordinator position be moved from Grade 8 to Grade 10, the Grade 8 position be retitled
185	0.13158	0.69618	0.79135	0.01612	1.000	"Public Access Cable Committee Assistant"; the position of "Public Access Cable Committee Man-
185	0.13346	0.67733	0.77820	0.01890	1.000	ager" be added and assigned to Grade 11; that "Building Inspector" be retitled "Building Commis-
185	0.13346	0.65988	0.78195	0.01745	1.000	sioner"; the Land Use Director position moved to Grade 16 and the contract positions of Fire Chief
185	0.13346	0.64236	0.77256	0.01761	1.000	and Town Accountant/Financial Director be added to Grade 16; that the current position of Police
185	0.13530	0.62432	0.78015	0.01816	1.000	Chiet be assigned as Grade 18. [Submitted by the Board of Selectmen] Board of Selectmen and Fi-
185	0.13346	0.60756	0.75376	0.01744	1.000	nance Committee recommend approval. Personnel Committee recommends approval. VOTED
185	0.13346	0.59152	0.76316	0.01761	1.000	to amend Article XV of the Town's Bylaw entitled "Salary Administration Plan" of the Town of
185	0.13534	0.57413	0.75752	0.01599	1.000	Lunenburg as follows: the Public Access Cable Committee Coordinator position be moved from
185	0.13534	0.55523	0.77444	0.01744	1.000	Grade 8 to Grade 10, the Grade 8 position be retitled "Public Access Cable Committee Assistant";
185	0.13346	0.53770	0.78571	0.01761	1.000	the position of "Public Access Cable Committee Manager" be added and assigned to Grade 11; that
185	0.13151	0.52004	0.77456	0.01962	1.000	"Building Inspector" be retitled "Building Commissioner"; the Land Use Director position moved
185	0.13346	0.50436	0.75940	0.01599	1.000	to Grade 16 and the contract positions of Fire Chief and Town Accountant/Financial Director be
185	0.13346	0.48686	0.66917	0.01612	1.000	added to Grade 16; that the current position of Police Chief be assigned as Grade 18.
185	0.13534	0.45203	0.74248	0.01746	1.000	ARTICLE 8. To see if the Town will vote to amend Article XV of the Town's Bylaw entitled
185	0.13158	0.43452	0.78759	0.01761	1.000	"Salary Administration Plan" of the Town of Lunenburg as follows: to replace the Fiscal Year 2017
185	0.13534	0.41715	0.78008	0.01599	1.000	Salary Administration Plan salary schedule with the proposed salary schedule and use the proposed
185	0.13346	0.39971	0.76316	0.01599	1.000	salary schedule to calculate the FY18 Salary Administration Plan salary schedule which includes
185	0.13346	0.38070	0.77068	0.01761	1.000	the 2% COLA approved at the May 2016 Annual Town Meeting; or take any other action relative
185	0.13346	0.36483	0.78195	0.01599	1.000	thereto. (Submitted by the Board of Selectmen) Personnel Committee, Board of Selectmen recom-
185	0.13534	0.34738	0.75752	0.01599	1.000	mend approval 4-1 abstained and Finance Committee recommends approval. VOTED to amend
185	0.13534	0.32837	0.77256	0.01910	1.000	Article XV of the Town's Bylaw entitled "Salary Administration Plan" of the Town of Lunenburg
185	0.13346	0.31250	0.78947	0.01744	1.000	as follows: to replace the Fiscal Year 2017 Salary Administration Plan salary schedule with the pro-
185	0.13346	0.29360	0.76504	0.01744	1.000	posed salary schedule and use the proposed salary schedule to calculate the FY18 Salary Admin-
185	0.13346	0.27753	0.74812	0.01612	1.000	istration Plan salary schedule which includes the 2% COLA approved at the May 2016 Annual
185	0.13534	0.26017	0.20865	0.01599	1.000	Town Meeting as follows:
185	0.51504	0.07267	0.02820	0.01017	1.000	185
186	0.19549	0.84012	0.04511	0.01163	1.000	Grade
186	0.24624	0.82703	0.00940	0.01017	1.000	1
186	0.24624	0.75000	0.00940	0.00872	0.500	6
186	0.24248	0.71657	0.01316	0.01163	1.000	8
186	0.24248	0.70058	0.01316	0.01163	0.500	9
186	0.27256	0.84003	0.04887	0.01317	1.000	Step 1
186	0.29887	0.82413	0.03571	0.01308	1.000	9.44
186	0.28195	0.80814	0.05263	0.01308	1.000	$10.28
186	0.28195	0.79215	0.05263	0.01453	1.000	$11.21
186	0.28178	0.77719	0.05297	0.01393	1.000	$12.22
186	0.28191	0.76153	0.05271	0.01328	1.000	$13.32
186	0.28195	0.74564	0.05263	0.01308	1.000	$14.51
186	0.28195	0.72965	0.05263	0.01453	1.000	$15.82
186	0.28183	0.71483	0.05476	0.01510	1.000	$17.25
186	0.28188	0.69897	0.05467	0.01631	1.000	$18.80
186	0.28190	0.68303	0.05463	0.01767	1.000	$20.49
186	0.28195	0.66715	0.05451	0.01599	1.000	$22.34
186	0.28189	0.65247	0.05276	0.01338	1.000	$24.35
186	0.28192	0.63799	0.05270	0.01182	1.000	$26.54
186	0.28195	0.62209	0.05263	0.01163	1.000	$28.93
186	0.28177	0.60706	0.05112	0.01262	1.000	$31.53
186	0.28189	0.59140	0.05276	0.01197	1.000	$34.36
186	0.28188	0.57538	0.05278	0.01202	1.000	$37.46
186	0.28372	0.56070	0.05098	0.01088	1.000	$40.83
186	0.28193	0.54355	0.05267	0.01318	1.000	$44.50
186	0.28190	0.52891	0.05087	0.01194	1.000	$48.51
186	0.34023	0.92006	0.37970	0.01599	1.000	Special Town Meeting- November 28, 2016
186	0.35150	0.84003	0.04887	0.01317	1.000	Step 2
186	0.37782	0.82267	0.03571	0.01599	1.000	9.72
186	0.35893	0.80793	0.05658	0.01640	1.000	$10.59
186	0.35870	0.79151	0.05703	0.01872	1.000	$11.55
186	0.35898	0.77607	0.05648	0.01762	1.000	$12.59
186	0.36080	0.76142	0.05472	0.01641	1.000	$13.72
186	0.36075	0.74390	0.05481	0.01801	1.000	$14.95
186	0.36090	0.72965	0.05451	0.01744	1.000	$16.30
186	0.35893	0.71348	0.05846	0.01782	1.000	$17.77
186	0.36073	0.69735	0.05485	0.01809	1.000	$19.36
186	0.36069	0.68276	0.05681	0.01966	1.000	$21.10
186	0.35902	0.66715	0.05639	0.01744	1.000	$23.01
186	0.35902	0.65262	0.05639	0.01599	1.000	$25.08
186	0.36085	0.63651	0.05273	0.01332	1.000	$27.34
186	0.36083	0.62049	0.05277	0.01484	1.000	$29.79
186	0.36089	0.60607	0.05266	0.01316	1.000	$32.48
186	0.36086	0.59147	0.05271	0.01184	1.000	$35.39
186	0.36090	0.57558	0.05263	0.01163	1.000	$38.59
186	0.36086	0.55947	0.05272	0.01187	1.000	$42.05
186	0.36080	0.54335	0.05284	0.01358	1.000	$45.84
186	0.36087	0.52755	0.05269	0.01322	1.000	$49.97
186	0.44549	0.88663	0.17481	0.01317	1.000	TOWN OF LUNENBURG
186	0.46241	0.87202	0.14286	0.01315	1.000	SALARY SCHEDULE
186	0.45113	0.85756	0.16729	0.01308	1.000	FOR FISCAL YEAR 2017
186	0.43045	0.84003	0.04699	0.01171	1.000	Step 3
186	0.50936	0.84146	0.04895	0.01040	1.000	Step 4
186	0.58647	0.84003	0.04887	0.01171	1.000	Step 5
186	0.45113	0.82703	0.03947	0.00872	1.000	10.01
186	0.53003	0.82690	0.03957	0.00899	1.000	10.31
186	0.60522	0.82549	0.04331	0.01180	1.000	10.62
186	0.43985	0.81105	0.05075	0.01017	1.000	$10.91
186	0.51875	0.81091	0.05084	0.01045	1.000	$11.24
186	0.59577	0.80791	0.05282	0.01354	1.000	$11.58
186	0.43792	0.79348	0.05274	0.01334	1.000	$11.89
186	0.51684	0.79343	0.05278	0.01343	1.000	$12.25
186	0.59579	0.79200	0.05277	0.01484	1.000	$12.62
186	0.43793	0.77897	0.05270	0.01182	1.000	$12.96
186	0.51686	0.77748	0.05274	0.01335	1.000	$13.35
186	0.59584	0.77755	0.05269	0.01322	1.000	$13.75
186	0.43979	0.76435	0.05087	0.01054	1.000	$14.13
186	0.51686	0.76292	0.05462	0.01195	1.000	$14.56
186	0.59575	0.76139	0.05285	0.01502	1.000	$14.99
186	0.43791	0.74692	0.05464	0.01198	1.000	$15.40
186	0.51692	0.74709	0.05451	0.01163	1.000	$15.86
186	0.59585	0.74560	0.05267	0.01461	1.000	$16.34
186	0.43970	0.73070	0.05105	0.01243	1.000	$16.79
186	0.51692	0.73110	0.05263	0.01308	1.000	$17.29
186	0.59583	0.72958	0.05270	0.01468	1.000	$17.81
186	0.43794	0.71505	0.05269	0.01321	1.000	$18.30
186	0.51689	0.71649	0.05269	0.01179	1.000	$18.85
186	0.59577	0.71488	0.05282	0.01355	1.000	$19.41
186	0.43790	0.70039	0.05465	0.01201	1.000	$19.94
186	0.51692	0.70058	0.05451	0.01163	1.000	$20.54
186	0.59581	0.69902	0.05462	0.01620	1.000	$21.15
186	0.43977	0.68583	0.05091	0.01205	1.000	$21.74
186	0.51686	0.68445	0.05275	0.01337	1.000	$22.39
186	0.59578	0.68295	0.05281	0.01492	1.000	$23.06
186	0.43794	0.66998	0.05269	0.01179	1.000	$23.69
186	0.51692	0.67006	0.05263	0.01163	1.000	$24.41
186	0.59586	0.66860	0.05263	0.01453	1.000	$25.14
186	0.43793	0.65252	0.05271	0.01327	1.000	$25.83
186	0.51688	0.65252	0.05458	0.01326	1.000	$26.60
186	0.59584	0.65256	0.05267	0.01319	1.000	$27.40
186	0.43985	0.63953	0.05075	0.01017	1.000	$28.15
186	0.51876	0.63941	0.05271	0.01042	1.000	$29.00
186	0.59774	0.63953	0.05075	0.01017	1.000	$29.87
186	0.44169	0.62346	0.04894	0.01180	1.000	$30.69
186	0.51873	0.62336	0.05088	0.01056	1.000	$31.61
186	0.59774	0.62355	0.05075	0.01017	1.000	$32.56
186	0.43980	0.60887	0.05084	0.01045	1.000	$33.45
186	0.51876	0.60888	0.05271	0.01043	1.000	$34.46
186	0.59578	0.60732	0.05281	0.01211	1.000	$35.49
186	0.43983	0.59296	0.05079	0.01029	1.000	$36.45
186	0.51880	0.59302	0.05263	0.01017	1.000	$37.56
186	0.59578	0.59133	0.05281	0.01211	1.000	$38.68
186	0.43981	0.57693	0.05271	0.01184	1.000	$39.74
186	0.51873	0.57685	0.05088	0.01055	1.000	$40.93
186	0.59769	0.57688	0.05085	0.01048	1.000	$42.16
186	0.43983	0.56098	0.05080	0.01031	1.000	$43.32
186	0.51877	0.56096	0.05081	0.01035	1.000	$44.61
186	0.59764	0.56072	0.05096	0.01082	1.000	$45.95
186	0.44173	0.54506	0.04887	0.01163	1.000	$47.22
186	0.51692	0.54506	0.05263	0.01163	1.000	$48.63
186	0.59774	0.54506	0.05075	0.01163	1.000	$50.09
186	0.43795	0.52902	0.05267	0.01174	1.000	$51.47
186	0.51689	0.52898	0.05270	0.01180	1.000	$53.01
186	0.59575	0.52876	0.05286	0.01225	1.000	$54.60
186	0.66541	0.84003	0.04887	0.01171	1.000	Step 6
186	0.68421	0.82558	0.04323	0.01163	1.000	10.93
186	0.67669	0.80959	0.05075	0.01308	1.000	$11.92
186	0.67669	0.79360	0.05075	0.01308	1.000	$12.99
186	0.67655	0.77732	0.05103	0.01513	1.000	$14.17
186	0.67660	0.76144	0.05093	0.01490	1.000	$15.44
186	0.67642	0.74498	0.05130	0.01440	1.000	$16.83
186	0.67664	0.73097	0.05274	0.01335	1.000	$18.34
186	0.67660	0.71491	0.05093	0.01349	1.000	$19.99
186	0.67662	0.69898	0.05277	0.01483	1.000	$21.80
186	0.67650	0.68274	0.05490	0.01680	1.000	$23.76
186	0.67475	0.66846	0.05464	0.01482	1.000	$25.90
186	0.67665	0.65252	0.05084	0.01472	1.000	$28.22
186	0.67657	0.63775	0.05100	0.01229	1.000	$30.76
186	0.67669	0.62209	0.05075	0.01163	1.000	$33.54
186	0.67669	0.60610	0.05075	0.01308	1.000	$36.55
186	0.67663	0.59139	0.05089	0.01198	1.000	$39.84
186	0.67667	0.57554	0.05079	0.01316	1.000	$43.42
186	0.67668	0.55956	0.05078	0.01170	1.000	$47.34
186	0.67669	0.54506	0.05075	0.01163	1.000	$51.59
186	0.67669	0.52907	0.05075	0.01163	1.000	$56.24
186	0.74428	0.83848	0.04903	0.01344	1.000	Step 7
186	0.76291	0.82361	0.04374	0.01411	1.000	11.26
186	0.75372	0.80806	0.05270	0.01325	1.000	$12.28
186	0.75372	0.79351	0.05271	0.01328	1.000	$13.38
186	0.75369	0.77745	0.05277	0.01341	1.000	$14.59
186	0.75371	0.76152	0.05273	0.01475	1.000	$15.90
186	0.75376	0.74564	0.05263	0.01453	1.000	$17.33
186	0.75374	0.73107	0.05266	0.01316	1.000	$18.89
186	0.75373	0.71506	0.05268	0.01320	1.000	$20.59
186	0.75370	0.69897	0.05276	0.01339	1.000	$22.45
186	0.75376	0.68314	0.05451	0.01599	1.000	$24.47
186	0.75376	0.66860	0.05451	0.01599	1.000	$26.67
186	0.75369	0.65244	0.05278	0.01344	1.000	$29.07
186	0.75563	0.63950	0.05078	0.01024	1.000	$31.69
186	0.75564	0.62355	0.05075	0.01017	1.000	$34.54
186	0.75365	0.60726	0.05284	0.01222	1.000	$37.65
186	0.75564	0.59302	0.05075	0.01017	1.000	$41.03
186	0.75557	0.57683	0.05089	0.01058	1.000	$44.73
186	0.75564	0.56105	0.05075	0.01017	1.000	$48.76
186	0.75560	0.54640	0.05082	0.01039	1.000	$53.14
186	0.75372	0.52895	0.05272	0.01187	1.000	$57.93
186	0.82331	0.84003	0.05075	0.01171	1.000	Step 8
186	0.84200	0.82534	0.04345	0.01212	1.000	11.61
186	0.83271	0.80814	0.05263	0.01453	1.000	$12.65
186	0.83251	0.79315	0.05490	0.01543	1.000	$13.79
186	0.83267	0.77755	0.05270	0.01468	1.000	$15.02
186	0.83265	0.76151	0.05274	0.01477	1.000	$16.38
186	0.83271	0.74564	0.05451	0.01599	1.000	$17.85
186	0.83271	0.73110	0.05263	0.01308	1.000	$19.46
186	0.83267	0.71503	0.05271	0.01326	1.000	$21.22
186	0.83266	0.69903	0.05461	0.01618	1.000	$23.12
186	0.83256	0.68430	0.05480	0.01658	1.000	$25.20
186	0.83265	0.66704	0.05462	0.01621	1.000	$27.47
186	0.83258	0.65231	0.05288	0.01370	1.000	$29.95
186	0.83271	0.63808	0.05263	0.01163	1.000	$32.64
186	0.83459	0.62355	0.05075	0.01017	1.000	$35.58
186	0.83265	0.60741	0.05274	0.01192	1.000	$38.78
186	0.83450	0.59275	0.05093	0.01071	1.000	$42.27
186	0.83251	0.57503	0.05303	0.01274	1.000	$46.07
186	0.83268	0.55953	0.05269	0.01321	1.000	$50.21
186	0.83271	0.54506	0.05263	0.01163	1.000	$54.73
186	0.83269	0.52902	0.05267	0.01172	1.000	$59.66
186	0.13534	0.44913	0.79135	0.01744	1.000	ARTICLE 9. To see if the Town will vote to appropriate from Public, Educational and Governmen-
186	0.13346	0.43169	0.77068	0.01599	1.000	tal Access and Cable Related Fund Revenues, the sum of $110,142.36 to supplement the amounts
186	0.13346	0.41419	0.78008	0.01761	1.000	voted under Article 25 of the May 7, 2016 Annual Town Meeting to fund the FY17 Public, Educa-
186	0.13346	0.39680	0.74624	0.01744	1.000	tional and Governmental Access Committee operating budget; or take any other action relative
186	0.13336	0.37850	0.78400	0.02068	1.000	thereto. (Submitted by the Public Access Cable Committee) Board of Selectmen and Finance Com-
186	0.13346	0.36186	0.77444	0.01761	1.000	mittee recommend approval. VOTED to appropriate from Public, Educational and Governmental
186	0.13534	0.34448	0.79135	0.01744	1.000	Access and Cable Related Fund Revenues, the sum of $110,142.36 to supplement the amounts voted
186	0.13340	0.32489	0.76893	0.02162	1.000	under Article 25 of the May 7, 2016 Annual Town Meeting to fund the FY17 Public, Educational
186	0.13346	0.31101	0.44173	0.01612	1.000	and Governmental Access Committee operating budget.
186	0.13346	0.27604	0.25940	0.01612	1.000	Meeting Adjourned at 9:14 P.M.
186	0.51504	0.07267	0.02820	0.01017	1.000	186
187	0.36654	0.92287	0.33271	0.02335	1.000	SPECIAL STATE PRIMARY
187	0.39974	0.89502	0.24748	0.03011	1.000	FEBRUARY 2, 2016
187	0.55799	0.84969	0.06072	0.01865	1.000	PRE B
187	0.13346	0.84738	0.23308	0.02042	1.000	DEMOCRATIC PARTY
187	0.13346	0.81541	0.35714	0.01744	1.000	REPRESENTATIVE IN GENERAL COURT
187	0.13346	0.79787	0.28008	0.01910	1.000	THIRD WORCESTER DISTRICT
187	0.13158	0.78198	0.16917	0.01744	1.000	JOSEPH D. BYRNE
187	0.13346	0.76587	0.12970	0.01612	1.000	STEPHEN HAY
187	0.13346	0.75000	0.17857	0.01744	1.000	KIMATRA MAXWELL
187	0.13337	0.73224	0.10731	0.01807	1.000	DEAN TRAN
187	0.13346	0.71503	0.21429	0.01910	1.000	STEPHEN P. SANDRELLI
187	0.15974	0.70048	0.07714	0.01764	1.000	BLANKS
187	0.16156	0.68141	0.09229	0.01944	1.000	Write-ins:
187	0.13341	0.66705	0.06589	0.01910	1.000	TOTAL
187	0.13346	0.62936	0.22368	0.02044	1.000	REPUBLICAN PARTY
187	0.13346	0.59738	0.35714	0.01894	1.000	REPRESENTATIVE IN GENERAL COURT
187	0.13346	0.58135	0.26880	0.01761	1.000	THIRD WORCESTER DISTRICT
187	0.13341	0.56376	0.10725	0.01784	1.000	DEAN TRAN
187	0.13346	0.54787	0.21617	0.01910	1.000	STEPHEN P. SANDRELLI
187	0.15970	0.53179	0.07721	0.01781	1.000	BLANKS
187	0.15973	0.51441	0.09219	0.01915	1.000	Write-ins:
187	0.13342	0.49846	0.06588	0.01908	1.000	TOTAL
187	0.13346	0.46354	0.27068	0.01910	1.000	GREEN RAINBOW PARTY
187	0.13346	0.42878	0.35714	0.01890	1.000	REPRESENTATIVE IN GENERAL COURT
187	0.13346	0.41270	0.26880	0.01761	1.000	THIRD WORCESTER DISTRICT
187	0.13346	0.39680	0.15038	0.01890	1.000	NO NOMINATION
187	0.15966	0.38051	0.07729	0.01805	1.000	BLANKS
187	0.16163	0.36328	0.09028	0.01762	1.000	Write-ins
187	0.13307	0.34655	0.06656	0.02057	1.000	TOTAL
187	0.13346	0.31250	0.33083	0.01890	1.000	UNITED INDEPENDENT PARTY
187	0.13346	0.27753	0.35526	0.01761	1.000	REPRESENTATIVE IN GENERAL COURT
187	0.13346	0.26308	0.26504	0.01308	1.000	THIRD WORCESTER DISTRICT
187	0.13346	0.24554	0.15038	0.01761	1.000	NO NOMINATION
187	0.15779	0.22792	0.08104	0.01944	1.000	BLANKS
187	0.16349	0.21208	0.08843	0.01769	1.000	Write-ins
187	0.13331	0.19589	0.06608	0.01810	1.000	TOTAL
187	0.58835	0.77907	0.03008	0.02035	1.000	21
187	0.59211	0.76599	0.02632	0.01744	1.000	17
187	0.59211	0.75000	0.02632	0.01599	1.000	14
187	0.60150	0.73401	0.01316	0.01308	1.000	1
187	0.58835	0.66715	0.02820	0.01744	1.000	53
187	0.51504	0.07267	0.02820	0.01017	1.000	187
188	0.36278	0.92878	0.32895	0.02038	1.000	The Commonwealth of Massachusetts
188	0.40977	0.90988	0.23120	0.01894	1.000	PRESIDENTIAL PRIMARY
188	0.46613	0.89085	0.12600	0.01771	1.000	DEMOCRATIC
188	0.46429	0.87202	0.12594	0.01463	1.000	TALLY SHEET
188	0.41729	0.84738	0.21241	0.02191	1.000	Tuesday, March 1, 2016
188	0.14098	0.83284	0.26316	0.01745	1.000	PRESIDENTIAL PREFERENCE
188	0.47180	0.81105	0.01692	0.01599	1.000	A
188	0.56955	0.81250	0.02068	0.01453	1.000	B
188	0.11466	0.78919	0.16165	0.02041	1.000	BERNIE SANDERS
188	0.11466	0.77180	0.16541	0.01890	1.000	MARTIN O'MALLEY
188	0.11466	0.75291	0.16165	0.01744	1.000	HILLARY CLINTON
188	0.11466	0.73256	0.28383	0.01893	1.000	ROQUE "ROCKY" DE LA FUENTE
188	0.49624	0.79070	0.03571	0.01890	1.000	271
188	0.51504	0.77326	0.01504	0.01453	0.500	0
188	0.49624	0.75291	0.03571	0.01744	1.000	197
188	0.51504	0.73401	0.01504	0.01599	1.000	3
188	0.59774	0.79215	0.03571	0.01744	1.000	285
188	0.61654	0.76890	0.01692	0.01890	1.000	2
188	0.59586	0.75000	0.03947	0.02180	1.000	200
188	0.61842	0.73256	0.01504	0.02035	1.000	1
188	0.11466	0.69320	0.15789	0.01910	1.000	NO PREFERENCE
188	0.11450	0.67382	0.11498	0.02008	1.000	ALL OTHERS
188	0.11458	0.65388	0.07536	0.02072	1.000	BLANKS
188	0.36654	0.63517	0.06203	0.01744	1.000	TOTAL
188	0.51692	0.69477	0.01128	0.01453	1.000	1
188	0.51504	0.67587	0.01504	0.01599	1.000	2
188	0.51504	0.65552	0.01880	0.01744	0.500	2
188	0.49624	0.63663	0.03571	0.01599	1.000	476
188	0.62030	0.69622	0.01128	0.01017	0.500	1
188	0.62030	0.67733	0.01316	0.01308	1.000	2
188	0.59586	0.63372	0.04511	0.02180	1.000	491
188	0.15977	0.59884	0.22180	0.01748	1.000	STATE COMMITTEE MAN
188	0.47180	0.57703	0.01880	0.01599	1.000	A
188	0.56955	0.57849	0.02068	0.01453	1.000	B
188	0.10867	0.55475	0.24687	0.02253	1.000	HAROLD P. NAUGHTON, JR
188	0.10902	0.53919	0.17105	0.01612	1.000	JOSEPH D. BYRNE
188	0.49812	0.55814	0.03759	0.01744	1.000	120
188	0.49436	0.53924	0.03759	0.01744	1.000	235
188	0.59774	0.55814	0.03571	0.01744	1.000	131
188	0.59774	0.53779	0.03759	0.02035	1.000	275
188	0.10902	0.49851	0.12030	0.01748	1.000	ALL OTHERS
188	0.11446	0.47912	0.07559	0.01850	1.000	BLANKS
188	0.36466	0.45930	0.06579	0.01890	1.000	TOTAL
188	0.49624	0.48110	0.03571	0.01599	1.000	121
188	0.49624	0.46076	0.04135	0.01744	1.000	476
188	0.61842	0.49855	0.01504	0.01890	1.000	5
188	0.60526	0.47820	0.03383	0.02035	1.000	80
188	0.59586	0.45785	0.04323	0.02035	1.000	491
188	0.14286	0.42287	0.25188	0.01910	1.000	STATE COMMITTEEWOMAN
188	0.47368	0.40116	0.01880	0.01744	1.000	A
188	0.56767	0.40262	0.02256	0.01453	1.000	B
188	0.10902	0.38219	0.16165	0.01761	1.000	SALLY H. CRAGIN
188	0.49624	0.38227	0.03571	0.01744	1.000	359
188	0.59774	0.38227	0.03571	0.01744	1.000	404
188	0.11466	0.34593	0.11466	0.01320	1.000	ALL OTHERS
188	0.10902	0.32703	0.07895	0.01308	1.000	BLANKS
188	0.67669	0.81250	0.01692	0.01453	1.000	C
188	0.67857	0.57703	0.01504	0.01599	1.000	C
188	0.18609	0.18895	0.17105	0.02037	1.000	TOWN COMMITTEE
188	0.61842	0.34302	0.02256	0.01890	1.000	3_
188	0.60526	0.32413	0.03195	0.01744	1.000	84
188	0.36442	0.29756	0.07192	0.02696	1.000	TOTAL
188	0.49624	0.30523	0.03571	0.01744	1.000	476
188	0.59211	0.30378	0.04887	0.02035	1.000	491
188	0.36278	0.28488	0.32895	0.02042	1.000	The Commonwealth of Massachusetts
188	0.41165	0.26587	0.22932	0.02192	1.000	PRESIDENTIAL PRIMARY
188	0.46612	0.24690	0.12603	0.01784	1.000	DEMOCRATIC
188	0.46429	0.22817	0.12782	0.01746	1.000	TALLY SHEET
188	0.42293	0.20635	0.20865	0.02039	1.000	Tuesday, March 1, 2016
188	0.47368	0.18895	0.01692	0.01599	1.000	A
188	0.10889	0.12602	0.12056	0.02266	1.000	ALL OTHERS
188	0.11446	0.10994	0.07559	0.01849	1.000	BLANKS
188	0.36654	0.08866	0.06767	0.01890	1.000	TOTALL
188	0.50376	0.12791	0.02820	0.01890	1.000	23
188	0.48684	0.11047	0.04887	0.01744	1.000	4737
188	0.48496	0.09012	0.05263	0.01890	1.000	4760
188	0.51504	0.07267	0.02820	0.01163	1.000	188
188	0.61842	0.12791	0.01504	0.01744	1.000	6
188	0.58828	0.11037	0.04524	0.01764	1.000	4904
188	0.58835	0.09012	0.05263	0.01744	1.000	4910|
188	0.70113	0.79215	0.03571	0.01744	1.000	262
188	0.69912	0.75133	0.03784	0.02206	1.000	175
188	0.71992	0.69331	0.01692	0.01744	1.000	2
188	0.71992	0.67442	0.01504	0.01744	1.000	3
188	0.70113	0.63517	0.03571	0.01744	1.000	445
188	0.70113	0.55814	0.03571	0.01744	1.000	153
188	0.70113	0.53924	0.03571	0.01744	1.000	179
188	0.71992	0.49855	0.01692	0.01890	1.000	2
188	0.70113	0.47965	0.03947	0.01890	1.000	111
188	0.70113	0.46076	0.03947	0.01744	1.000	445
188	0.70113	0.38227	0.03571	0.01744	1.000	334
188	0.69925	0.30233	0.03947	0.02035	1.000	445|
188	0.67857	0.40262	0.01504	0.01453	1.000	C
188	0.67669	0.18895	0.01692	0.01744	1.000	C
188	0.69173	0.11047	0.04511	0.01890	1.000	4450
188	0.69159	0.08989	0.04727	0.01790	1.000	4450
188	0.78008	0.81250	0.01504	0.01453	1.000	D
188	0.78008	0.57849	0.01504	0.01453	1.000	D
188	0.78008	0.40262	0.01504	0.01453	1.000	D
188	0.80451	0.79215	0.03571	0.01744	1.000	268
188	0.82331	0.77035	0.01316	0.01890	0.500	0
188	0.80451	0.75436	0.03571	0.01744	1.000	180
188	0.82519	0.73547	0.01128	0.01599	1.000	1
188	0.82331	0.69186	0.01692	0.02035	0.500	3
188	0.82331	0.67442	0.01316	0.01890	1.000	1
188	0.80263	0.63517	0.04135	0.01744	1.000	458
188	0.80451	0.55814	0.03571	0.01744	1.000	136
188	0.80075	0.53924	0.03759	0.01744	1.000	206
188	0.82331	0.49855	0.01692	0.01890	0.500	0
188	0.80451	0.48110	0.03571	0.01744	1.000	116
188	0.80263	0.46076	0.04135	0.01744	1.000	458
188	0.80263	0.38372	0.03571	0.01599	1.000	335
188	0.82143	0.34593	0.01692	0.01163	1.000	3
188	0.80451	0.32703	0.03383	0.01744	1.000	120
188	0.80263	0.30523	0.03759	0.01890	1.000	458
188	0.78008	0.18895	0.01504	0.01599	1.000	D
188	0.82143	0.12645	0.01504	0.01890	1.000	1
188	0.79323	0.11047	0.04699	0.01890	1.000	4579
188	0.79323	0.09012	0.05075	0.01744	1.000	4580
188	0.85882	0.81059	0.06432	0.01836	1.000	TOTAL
188	0.89656	0.79206	0.04523	0.01762	1.000	1086
188	0.91729	0.77180	0.02444	0.01890	1.000	2
188	0.92293	0.67733	0.01692	0.01308	1.000	8
188	0.91165	0.65407	0.03383	0.02326	1.000	10
188	0.89474	0.63517	0.05075	0.01890	1.000	1870
188	0.85902	0.57703	0.06391	0.01744	1.000	TOTAL
188	0.90602	0.55814	0.03571	0.01744	1.000	540
188	0.90602	0.53924	0.03759	0.02180	1.000	895
188	0.89286	0.45785	0.05263	0.02326	1.000	1870
188	0.85885	0.40080	0.06426	0.01962	1.000	TOTAL
188	0.89465	0.38213	0.04717	0.01916	1.000	1432
188	0.92293	0.34302	0.01692	0.01453	1.000	8
188	0.90414	0.32703	0.03759	0.01599	1.000	430
188	0.89286	0.30233	0.05263	0.02326	1.000	1870
188	0.85865	0.18818	0.06465	0.02044	1.000	TOTAL
188	0.90977	0.12791	0.03195	0.01890	1.000	30
188	0.87594	0.10756	0.06955	0.02180	1.000	18,670
188	0.87775	0.08563	0.06781	0.02350	1.000	18,700
189	0.16729	0.81686	0.24624	0.02044	1.000	PRESIDENTIAL PREFERENCE
189	0.11646	0.78895	0.11294	0.01948	1.000	JIM GILMORE
189	0.11466	0.76163	0.15602	0.02185	1.000	DONALD J. TRUMP
189	0.11650	0.73681	0.09031	0.02058	1.000	TED CRUZ
189	0.11842	0.71076	0.13910	0.02039	1.000	GEORGE PATAKI
189	0.11646	0.68433	0.11482	0.02088	1.000	BEN CARSON
189	0.11278	0.65843	0.14662	0.02039	1.000	MIKE HUCKABEE
189	0.11834	0.63347	0.09790	0.01939	1.000	RAND PAUL
189	0.11839	0.60599	0.12976	0.01913	1.000	CARLY FIORINA
189	0.11842	0.58135	0.14286	0.01894	1.000	RICK SANTORUM
189	0.11649	0.55499	0.13921	0.01937	1.000	(CHRIS CHRISTIE
189	0.11838	0.52892	0.12226	0.01919	1.000	MARCO RUBIO
189	0.11455	0.50262	0.08856	0.02092	1.000	JEB BUSH
189	0.11650	0.47655	0.13731	0.01929	1.000	JOHN R. KASICH
189	0.11842	0.45058	0.14474	0.01891	1.000	NO PREFERENCE
189	0.11836	0.42422	0.10726	0.01930	1.000	ALL OTHERS
189	0.11466	0.39971	0.07331	0.01744	1.000	BLANKS
189	0.18797	0.35169	0.20677	0.02041	1.000	STATE COMMITTEE MAN
189	0.11466	0.32413	0.18985	0.02334	1.000	THOMAS F. ARDINGER
189	0.11636	0.30158	0.13945	0.02185	1.000	MARK P. HAWKE
189	0.11454	0.27867	0.11114	0.02114	1.000	ALL OTHERS
189	0.11263	0.25689	0.07550	0.01964	1.000	BLANKS
189	0.17293	0.21221	0.23308	0.01894	1.000	STATE COMMITTEEWOMAN
189	0.11466	0.18452	0.15038	0.02187	1.000	SUSAN E. SMILEY
189	0.11837	0.16258	0.16363	0.02223	1.000	MELODY B. PHELPS
189	0.11648	0.13936	0.10914	0.02216	1.000	ALL OTHERS
189	0.11466	0.11773	0.07331	0.01890	1.000	BLANKS
189	0.37218	0.93169	0.30263	0.02180	1.000	The Commonwealth of Massachusetts
189	0.41541	0.90698	0.21241	0.02333	1.000	PRESIDENTIAL PRIMARY
189	0.46805	0.88663	0.11090	0.01890	1.000	REPUBLICAN
189	0.46429	0.86334	0.12030	0.01892	1.000	TALLY SHEET
189	0.42669	0.83576	0.19361	0.02337	1.000	Tuesday, March 1, 2016
189	0.50564	0.81686	0.01504	0.01744	1.000	A
189	0.40602	0.37355	0.05639	0.01744	1.000	TOTAL
189	0.40602	0.23401	0.06015	0.01890	1.000	TOTAL
189	0.40602	0.09448	0.06015	0.01744	1.000	TOTAL
189	0.54323	0.78924	0.01504	0.01890	1.000	1
189	0.52444	0.76163	0.03571	0.02180	1.000	218
189	0.53195	0.73547	0.02820	0.02035	1.000	42
189	0.54323	0.71076	0.01504	0.01890	0.500	0
189	0.53383	0.68605	0.02632	0.01890	1.000	19
189	0.54511	0.60901	0.00940	0.01453	1.000	1
189	0.54511	0.58430	0.01128	0.01308	0.500	0
189	0.54511	0.55814	0.01128	0.01308	1.000	2
189	0.53383	0.53052	0.02256	0.01599	1.000	97
189	0.54511	0.50581	0.01128	0.01453	1.000	6
189	0.54323	0.45203	0.01316	0.01599	1.000	6
189	0.54511	0.42733	0.01128	0.01453	1.000	1
189	0.54511	0.40262	0.01128	0.01308	1.000	3
189	0.52632	0.37500	0.03195	0.01599	1.000	452
189	0.52444	0.32413	0.03571	0.02326	1.000	267
189	0.52444	0.30233	0.03383	0.01890	1.000	121
189	0.54135	0.27907	0.01692	0.01890	0.500	0
189	0.53383	0.25727	0.02444	0.01744	1.000	64
189	0.52632	0.23401	0.03383	0.01744	1.000	452
189	0.50376	0.21221	0.01692	0.01599	1.000	A
189	0.52632	0.18750	0.03195	0.01744	1.000	271
189	0.52632	0.16424	0.03383	0.01744	1.000	115
189	0.53947	0.13808	0.02068	0.02180	1.000	2
189	0.52444	0.09157	0.03759	0.02035	1.000	452
189	0.51504	0.07122	0.03008	0.01453	1.000	189
189	0.61654	0.76308	0.03947	0.02035	1.000	194
189	0.62594	0.73692	0.03008	0.01890	1.000	38
189	0.62594	0.68314	0.03008	0.02180	1.000	16
189	0.63722	0.61047	0.01128	0.01308	1.000	2
189	0.63722	0.58430	0.01128	0.01308	0.500	0
189	0.63534	0.55669	0.01316	0.01453	0.500	0
189	0.62594	0.53052	0.02444	0.01599	1.000	61
189	0.63534	0.50436	0.01316	0.01599	1.000	5
189	0.62782	0.47820	0.02256	0.01744	1.000	52
189	0.63534	0.45349	0.01504	0.01453	1.000	2
189	0.63534	0.42587	0.01316	0.01599	1.000	1
189	0.63534	0.40116	0.01504	0.01453	1.000	2
189	0.61842	0.37500	0.03383	0.01599	1.000	374
189	0.59774	0.35320	0.01316	0.01453	1.000	B
189	0.61654	0.32558	0.03947	0.02326	1.000	195|
189	0.61842	0.30378	0.03759	0.01744	1.000	116
189	0.63346	0.27907	0.01692	0.01890	1.000	1
189	0.62782	0.25727	0.02632	0.01744	1.000	62
189	0.61654	0.23256	0.03947	0.02180	1.000	374
189	0.59774	0.21221	0.01504	0.01599	1.000	B
189	0.61842	0.18750	0.03759	0.01890	1.000	186
189	0.61654	0.16134	0.03947	0.02180	1.000	113
189	0.63346	0.13808	0.01880	0.02326	1.000	1
189	0.62406	0.11483	0.03195	0.02180	1.000	74
189	0.61654	0.09157	0.04135	0.02180	1.000	374
189	0.72932	0.78924	0.01504	0.01890	0.500	1
189	0.70865	0.76163	0.03759	0.02180	1.000	236
189	0.72932	0.71076	0.01504	0.01890	0.500	0
189	0.71805	0.68459	0.02820	0.02180	1.000	24
189	0.73120	0.58430	0.01128	0.01308	0.500	0
189	0.73120	0.55523	0.00940	0.01599	1.000	1
189	0.72932	0.53343	0.01128	0.01017	0.500	-6
189	0.73120	0.50727	0.01128	0.01308	1.000	6
189	0.73120	0.45494	0.01128	0.01308	1.000	4
189	0.73120	0.42878	0.01128	0.01308	0.500	0
189	0.73120	0.40116	0.01128	0.01453	0.500	0
189	0.71241	0.37500	0.03195	0.01599	1.000	433
189	0.71053	0.32558	0.03571	0.02326	1.000	257
189	0.71241	0.30378	0.03195	0.01744	1.000	119
189	0.72744	0.27762	0.01880	0.02180	1.000	1
189	0.70865	0.23256	0.03571	0.01890	1.000	433
189	0.68985	0.21221	0.01692	0.01599	1.000	C
189	0.71241	0.18750	0.03195	0.01890	1.000	263
189	0.71241	0.16424	0.03195	0.01744	1.000	102
189	0.71992	0.11773	0.02444	0.01890	1.000	68
189	0.70865	0.09302	0.03759	0.02035	1.000	433
189	0.78383	0.81686	0.01504	0.01744	1.000	D
189	0.80263	0.76163	0.03571	0.02035	1.000	209
189	0.81203	0.73547	0.02820	0.02035	1.000	45
189	0.82331	0.55814	0.01692	0.11919	0.500	OOFOO
189	0.81391	0.53052	0.02256	0.01599	1.000	70
189	0.78195	0.35320	0.01504	0.01453	1.000	D
189	0.78383	0.21221	0.01504	0.01599	1.000	D
189	0.80263	0.32558	0.03947	0.02326	1.000	242|
189	0.80451	0.30378	0.03383	0.01744	1.000	105
189	0.82143	0.28052	0.01504	0.01599	1.000	3
189	0.81391	0.25727	0.02444	0.01744	1.000	64
189	0.80451	0.23401	0.03383	0.01744	1.000	414
189	0.80451	0.18750	0.03383	0.01744	1.000	248
189	0.81391	0.16570	0.02444	0.01599	1.000	94
189	0.82143	0.14099	0.01692	0.01599	0.500	0
189	0.81203	0.11483	0.03008	0.02035	1.000	72
189	0.80451	0.09302	0.03759	0.01890	1.000	414
189	0.85150	0.81541	0.06203	0.02035	1.000	TOTAL
189	0.91541	0.78634	0.01692	0.02180	1.000	2
189	0.89662	0.76163	0.03759	0.02035	1.000	857
189	0.89662	0.73547	0.03571	0.02035	1.000	177
189	0.91541	0.71076	0.01504	0.01890	0.500	0
189	0.88910	0.37355	0.04135	0.01890	1.000	1673
189	0.85526	0.35320	0.05639	0.01744	1.000	TOTAL
189	0.89474	0.32122	0.03947	0.02907	1.000	961
189	0.89662	0.30087	0.03759	0.02180	1.000	461
189	0.91353	0.27907	0.01692	0.01890	1.000	5
189	0.89662	0.25581	0.03571	0.01890	1.000	246
189	0.88910	0.23401	0.04323	0.01744	1.000	1673
189	0.85526	0.21221	0.06203	0.01744	1.000	TOTAL
189	0.89662	0.18605	0.03571	0.01890	1.000	968
189	0.89850	0.16424	0.03383	0.01744	1.000	424
189	0.91353	0.13953	0.01692	0.01890	1.000	3
189	0.89662	0.11483	0.03571	0.02035	1.000	278
189	0.88722	0.09157	0.04699	0.02035	1.000	1673
190	0.37406	0.92287	0.30639	0.02481	1.000	The Commonwealth of Massachusetts
190	0.41917	0.89826	0.21241	0.02337	1.000	PRESIDENTIAL PRIMARY
190	0.46979	0.87168	0.11494	0.02407	1.000	REPUBLICAN
190	0.46617	0.84448	0.12218	0.02482	1.000	TALLY SHEET
190	0.42857	0.81395	0.19549	0.02907	1.000	Tuesday, March 1, 2016
190	0.21049	0.76727	0.16362	0.02360	1.000	TOWN COMMITTEE
190	0.50752	0.73692	0.01880	0.02180	1.000	A
190	0.60150	0.73837	0.01504	0.01744	1.000	B
190	0.11612	0.70704	0.06851	0.02341	1.000	GROUP
190	0.11633	0.67377	0.12449	0.02602	1.000	LANCE D. MAY
190	0.11278	0.64826	0.19925	0.02337	1.000	EDWARD J. WALKONEN
190	0.11454	0.61870	0.13558	0.02131	1.000	DENNIS J. RINKI
190	0.11842	0.59152	0.17293	0.01895	1.000	RENE M. LAFAYETTE
190	0.11274	0.55943	0.15985	0.02213	1.000	ELIZABETH L. COX
190	0.11647	0.53317	0.12419	0.01943	1.000	PETER S. COX
190	0.11466	0.50291	0.14850	0.01892	1.000	ANNE SHATTUCK
190	0.11278	0.47384	0.18233	0.01897	1.000	LORRAINE MENDOZA
190	0.11654	0.44469	0.14662	0.01897	1.000	PAUL K. NORTON
190	0.11466	0.41567	0.15602	0.01892	1.000	DIANE R. NORTON
190	0.11463	0.38506	0.14291	0.02058	1.000	ROBERT J. SAIIA
190	0.11466	0.35756	0.13346	0.01893	1.000	JAMES A. HAYS
190	0.11274	0.32540	0.15798	0.02362	1.000	ELAINE D. DeCELL
190	0.11278	0.29651	0.19737	0.02180	1.000	EDWARD R. HARRIMAN
190	0.11433	0.26503	0.17170	0.02489	1.000	RUTHL. ANDERSON
190	0.11466	0.23834	0.16729	0.02038	1.000	DONNA LAFAYETTE
190	0.11272	0.20906	0.14862	0.02230	1.000	STEVEN HARTKA
190	0.11276	0.14963	0.11283	0.02196	1.000	ALL OTHERS
190	0.11278	0.12064	0.07519	0.02035	1.000	BLANKS
190	0.52632	0.67733	0.03759	0.02326	1.000	268
190	0.61466	0.67733	0.04699	0.02326	1.000	203
190	0.62030	0.64826	0.03759	0.02180	1.000	171
190	0.62406	0.62209	0.03195	0.01744	1.000	170
190	0.62218	0.59157	0.03383	0.01890	1.000	160
190	0.62406	0.56250	0.03195	0.01890	1.000	175
190	0.62218	0.53343	0.03195	0.01890	1.000	161
190	0.62406	0.50436	0.03195	0.01744	1.000	176
190	0.62218	0.47384	0.03383	0.01890	1.000	169
190	0.62218	0.44477	0.03383	0.01890	1.000	162
190	0.62218	0.41424	0.03383	0.01890	1.000	170
190	0.62218	0.38663	0.03383	0.01890	1.000	162
190	0.62406	0.35756	0.03195	0.01744	1.000	180
190	0.71209	0.67697	0.04387	0.02397	1.000	240
190	0.71429	0.64826	0.03947	0.02180	1.000	235
190	0.71617	0.62064	0.03383	0.01890	1.000	212
190	0.71617	0.59157	0.03383	0.01890	1.000	214
190	0.71617	0.56250	0.03383	0.01890	1.000	218
190	0.71617	0.53343	0.03383	0.01890	1.000	217
190	0.71617	0.50436	0.03383	0.01744	1.000	229
190	0.71617	0.47384	0.03383	0.01890	1.000	222
190	0.71617	0.44477	0.03383	0.01890	1.000	221
190	0.71617	0.41570	0.03383	0.01890	1.000	217
190	0.40789	0.09302	0.06203	0.01890	1.000	TOTAL
190	0.54699	0.23837	0.01692	0.02035	0.500	3
190	0.54699	0.20930	0.01692	0.02035	0.500	3
190	0.54699	0.14971	0.01692	0.02035	1.000	2
190	0.50564	0.11628	0.05827	0.02616	1.000	12,353
190	0.50160	0.08821	0.06635	0.02562	1.000	15,820
190	0.51504	0.07122	0.02820	0.01308	1.000	190
190	0.62030	0.26744	0.03571	0.02180	1.000	180
190	0.64098	0.23837	0.01880	0.02035	0.500	1
190	0.64098	0.20930	0.01504	0.01890	1.000	1
190	0.64098	0.15116	0.01504	0.01890	1.000	4
190	0.59586	0.11773	0.06015	0.02471	1.000	10,493
190	0.59586	0.09012	0.06579	0.02326	1.000	13,090
190	0.73684	0.21076	0.01128	0.01890	1.000	1
190	0.73684	0.15407	0.01128	0.01599	1.000	1
190	0.68985	0.11628	0.06391	0.02616	1.000	11,826
190	0.68985	0.08866	0.06391	0.02471	1.000	15,155
190	0.78759	0.73837	0.01692	0.01744	1.000	D
190	0.80451	0.67733	0.03947	0.02326	1.000	234
190	0.82707	0.23837	0.01692	0.01890	1.000	4
190	0.82895	0.20930	0.01316	0.01890	1.000	3
190	0.82895	0.15407	0.01128	0.01453	1.000	1
190	0.78383	0.11919	0.05827	0.02326	1.000	11,291
190	0.78571	0.08866	0.05827	0.02326	1.000	14,490
190	0.85714	0.73692	0.06391	0.02180	1.000	TOTAL
190	0.90226	0.67733	0.04135	0.02471	1.000	945
190	0.90226	0.64971	0.03571	0.02035	1.000	839
190	0.90414	0.62209	0.03383	0.01744	1.000	831
190	0.90414	0.59302	0.03195	0.01744	1.000	794
190	0.90414	0.56250	0.03383	0.01744	1.000	832
190	0.90414	0.53343	0.03383	0.01744	1.000	816
190	0.90414	0.50436	0.03383	0.01744	1.000	852
190	0.90414	0.47529	0.03383	0.01744	1.000	826
190	0.90414	0.44477	0.03383	0.01890	1.000	818
190	0.90414	0.41570	0.03383	0.01890	1.000	815
190	0.90414	0.38663	0.03383	0.01890	1.000	804
190	0.90414	0.35756	0.03383	0.01744	1.000	853
190	0.92105	0.23692	0.02068	0.02326	0.500	8
190	0.92105	0.14971	0.01880	0.01890	0.500	8
190	0.87970	0.11628	0.06203	0.02616	1.000	45,963
190	0.87782	0.08866	0.06015	0.02471	1.000	58,555
191	0.37782	0.93023	0.24624	0.01892	1.000	SPECIAL STATE ELECTION
191	0.40414	0.90551	0.19361	0.02037	1.000	PRECINCT "B" ONLY
191	0.40226	0.87791	0.19925	0.02189	1.000	Tuesday, March 1, 2016
191	0.26880	0.82986	0.36466	0.01761	1.000	REPRESENTATIVE IN GENERAL COURT
191	0.25745	0.77877	0.14111	0.01950	1.000	STEPHAN HAY
191	0.25937	0.75425	0.11285	0.02056	1.000	DEAN TRAN
191	0.25740	0.70442	0.12242	0.01849	1.000	ALL OTHERS
191	0.25925	0.67842	0.07736	0.01961	1.000	BLANKS
191	0.20677	0.52902	0.18045	0.01895	1.000	TOWN COMMITTEE
191	0.56756	0.62910	0.07540	0.01941	1.000	TOTAL
191	0.39286	0.59738	0.21429	0.02042	1.000	UNITED INDEPENDENT
191	0.43037	0.57380	0.13738	0.02101	1.000	TALLY SHEET
191	0.39603	0.54554	0.20974	0.02843	1.000	Tuesday, March 1, 2016
191	0.49248	0.50436	0.02068	0.02035	1.000	A
191	0.56767	0.50727	0.02256	0.01453	1.000	B
191	0.13158	0.43750	0.09211	0.01890	1.000	WRITE-IN
191	0.13332	0.41390	0.07922	0.01958	1.000	BLANKS
191	0.39098	0.38808	0.07519	0.02326	1.000	TOTAL
191	0.19549	0.23110	0.17105	0.02187	1.000	TOWN COMMITTEE
191	0.51316	0.38808	0.03008	0.02326	1.000	20
191	0.44917	0.32233	0.16370	0.02395	1.000	GREEN-RAINBOW
191	0.46421	0.30058	0.12985	0.02094	1.000	TALLY SHEET
191	0.43045	0.27326	0.19925	0.02471	1.000	Tuesday, March 1, 2016
191	0.47744	0.20930	0.01880	0.02035	1.000	A
191	0.56767	0.21221	0.02632	0.01453	1.000	B
191	0.12390	0.16244	0.07740	0.02251	1.000	BLANKS
191	0.37030	0.13953	0.06579	0.02326	1.000	TOTAL
191	0.62030	0.16570	0.01504	0.01599	0.500	0
191	0.62218	0.14535	0.01128	0.01308	0.500	0
191	0.50940	0.07122	0.03383	0.01453	1.000	191
191	0.65602	0.50581	0.01692	0.01744	1.000	C
191	0.70677	0.77907	0.03947	0.02035	1.000	399
191	0.70677	0.75291	0.03947	0.02035	1.000	440
191	0.72744	0.70203	0.01880	0.02035	0.500	0
191	0.70865	0.62645	0.03947	0.02180	1.000	854
191	0.73872	0.50727	0.01692	0.01599	1.000	D
191	0.67669	0.38808	0.03383	0.02326	1.000	20
191	0.67857	0.21076	0.01504	0.01599	1.000	C
191	0.79323	0.50581	0.07143	0.01890	1.000	TOTAL
191	0.84023	0.41279	0.03571	0.02326	1.000	90
191	0.84023	0.38953	0.03571	0.02471	1.000	90
191	0.77820	0.21221	0.01504	0.01453	1.000	D
191	0.85338	0.20930	0.06579	0.01890	1.000	TOTAL
191	0.81955	0.16570	0.01504	0.01599	0.500	0
191	0.82143	0.14244	0.01316	0.01744	0.500	0
191	0.90789	0.16279	0.03195	0.02180	1.000	40
191	0.90789	0.13953	0.03195	0.02180	1.000	40
192	0.41541	0.92733	0.22180	0.02035	1.000	ANNUAL TOWN ELECTION
192	0.41729	0.90698	0.21617	0.02184	1.000	SATURDAY MAY 21, 2016
192	0.12211	0.84574	0.08848	0.01929	1.000	** ELECTED
192	0.12406	0.81395	0.25376	0.01744	1.000	SELECTMEN - For 3 years / Vote for Two
192	0.12406	0.79936	0.14850	0.01896	1.000	** Robert J. Ebersole
192	0.12406	0.78488	0.12782	0.01745	1.000	** James E. Toale
192	0.12406	0.77035	0.05263	0.01599	1.000	Blanks
192	0.12406	0.75436	0.05263	0.01744	1.000	TOTAL
192	0.12406	0.72384	0.32331	0.01599	1.000	SEWER COMMISSIONER - For 3 years / Vote for Two
192	0.12402	0.70624	0.12227	0.02066	1.000	** John Reynolds
192	0.12406	0.69320	0.10526	0.01612	1.000	** Carl A. Luck
192	0.12403	0.67727	0.05269	0.01610	1.000	Blanks
192	0.12218	0.66134	0.05451	0.01744	1.000	TOTAL
192	0.12406	0.63070	0.34586	0.01761	1.000	SEWER COMMISSIONER - For Two Years / Vote for One
192	0.12406	0.60174	0.05263	0.01599	1.000	Blanks
192	0.12406	0.58576	0.05263	0.01744	1.000	TOTAL
192	0.12406	0.55523	0.33459	0.01744	1.000	SEWER COMMISSIONER - For One Year / Vote for One
192	0.12594	0.52471	0.05075	0.01599	1.000	Blanks
192	0.12406	0.50872	0.05263	0.01744	1.000	TOTAL
192	0.12406	0.47817	0.36654	0.01892	1.000	BOARD OF HEALTH MEMBER - For 3 years / Vote for One
192	0.12406	0.46221	0.12406	0.01894	1.000	** James J. Auge
192	0.12406	0.44767	0.05263	0.01599	1.000	Blanks
192	0.12406	0.43314	0.05263	0.01599	1.000	TOTAL
192	0.12406	0.40104	0.24436	0.01761	1.000	ASSESSOR - For 3 years / Vote for One
192	0.12365	0.38539	0.10770	0.01758	1.000	**Rena Swezey
192	0.12590	0.37202	0.05082	0.01469	1.000	Blanks
192	0.12406	0.35610	0.05263	0.01744	1.000	TOTAL
192	0.12406	0.32413	0.25376	0.01744	1.000	TOWN CLERK - For 3 years / Vote for One
192	0.12406	0.30952	0.14662	0.01761	1.000	** Kathryn M. Herrick
192	0.12396	0.29488	0.05283	0.01781	1.000	Blanks
192	0.12406	0.28052	0.05263	0.01599	1.000	TOTAL
192	0.12406	0.24851	0.24436	0.01612	1.000	CONSTABLE - For 3 years / Vote for One
192	0.12406	0.23401	0.11654	0.01599	1.000	** John E. Baker
192	0.12401	0.21937	0.05273	0.01475	1.000	Blanks
192	0.12406	0.20349	0.05263	0.01744	1.000	TOTAL
192	0.12406	0.17151	0.37970	0.01748	1.000	SCHOOL COMMITTEE MEMBER - For 3 years / Vote for Two
192	0.12218	0.15698	0.14474	0.01890	1.000	* Meredith A. Weiss
192	0.12406	0.14236	0.13722	0.01761	1.000	** Dawnmarie Ayles
192	0.12406	0.12645	0.05263	0.01599	1.000	Blanks
192	0.12406	0.11047	0.05263	0.01744	1.000	TOTAL
192	0.55446	0.84438	0.06213	0.01908	1.000	PRECA
192	0.59023	0.80087	0.02256	0.01453	1.000	80
192	0.59023	0.78634	0.02256	0.01453	1.000	84
192	0.58835	0.76890	0.02444	0.01599	1.000	46
192	0.58271	0.75436	0.03008	0.01599	1.000	210
192	0.59023	0.69331	0.02256	0.01599	1.000	71
192	0.58835	0.67733	0.02444	0.01599	1.000	57
192	0.58271	0.66279	0.03008	0.01599	1.000	210
192	0.58083	0.59884	0.03195	0.01890	1.000	105
192	0.58083	0.58721	0.03195	0.02035	1.000	105
192	0.58271	0.52471	0.03008	0.01599	1.000	105
192	0.58271	0.51017	0.03008	0.01599	1.000	105
192	0.62589	0.84436	0.06590	0.01768	1.000	PREC B
192	0.66729	0.78488	0.02256	0.01599	1.000	51
192	0.66541	0.76890	0.02444	0.01744	1.000	54
192	0.65977	0.75436	0.03008	0.01599	1.000	148
192	0.66541	0.69331	0.02444	0.01599	1.000	38
192	0.66541	0.67733	0.02444	0.01599	1.000	58
192	0.65789	0.66279	0.03195	0.01599	1.000	148
192	0.70455	0.84242	0.06082	0.02156	1.000	PREC C
192	0.74436	0.79942	0.02256	0.01599	1.000	58
192	0.74436	0.78488	0.02256	0.01599	1.000	63
192	0.74248	0.77035	0.02444	0.01599	1.000	35
192	0.73684	0.75436	0.03008	0.01599	1.000	156
192	0.74436	0.70930	0.02256	0.01453	1.000	65
192	0.74436	0.69331	0.02256	0.01599	1.000	53
192	0.74436	0.67733	0.02256	0.01599	1.000	38
192	0.73496	0.66279	0.03195	0.01599	1.000	156
192	0.74436	0.60174	0.02256	0.01599	1.000	78
192	0.74436	0.58576	0.02256	0.01744	1.000	78
192	0.79135	0.84448	0.05827	0.01744	1.000	PREC D
192	0.82707	0.78488	0.02444	0.01599	1.000	85
192	0.82519	0.76890	0.02632	0.01744	1.000	54
192	0.81955	0.75436	0.03195	0.01599	1.000	212
192	0.82895	0.70930	0.02256	0.01599	1.000	88
192	0.82707	0.69331	0.02444	0.01599	1.000	69
192	0.82707	0.67733	0.02444	0.01599	1.000	55
192	0.81955	0.66279	0.03195	0.01599	1.000	212
192	0.87406	0.84448	0.05263	0.01744	1.000	TOTAL
192	0.89850	0.80087	0.03008	0.01599	1.000	254
192	0.89850	0.78488	0.03008	0.01599	1.000	283
192	0.89850	0.77035	0.03008	0.01599	1.000	189
192	0.89662	0.75436	0.03195	0.01599	1.000	726
192	0.89850	0.70930	0.03008	0.01599	1.000	287
192	0.89850	0.69331	0.03008	0.01599	1.000	231
192	0.89850	0.67733	0.03008	0.01599	1.000	208
192	0.89662	0.66279	0.03195	0.01599	1.000	726
192	0.89850	0.46366	0.02820	0.01599	1.000	261
192	0.90414	0.38663	0.02256	0.01599	1.000	36
192	0.89662	0.37209	0.03008	0.01599	1.000	327
192	0.89662	0.35610	0.03195	0.01744	1.000	363
192	0.59023	0.23401	0.02256	0.01453	1.000	80
192	0.59023	0.21802	0.02256	0.01599	1.000	25
192	0.58271	0.20349	0.03008	0.01599	1.000	105
192	0.89850	0.23401	0.03008	0.01599	1.000	278
192	0.58271	0.11192	0.03008	0.01453	1.000	210
192	0.74436	0.15698	0.02256	0.01599	1.000	53
192	0.74248	0.14244	0.02444	0.02035	1.000	54
192	0.74248	0.12645	0.02444	0.01599	1.000	49
192	0.73684	0.11192	0.03008	0.01599	1.000	156
192	0.89662	0.15698	0.03195	0.01599	1.000	254
192	0.51504	0.07122	0.03008	0.01453	1.000	192
193	0.66917	0.04651	0.20677	0.01599	1.000	ANNUAL TOWN ELECTION (continued)
193	0.79313	0.06365	0.08292	0.01804	1.000	**ELECTED
193	0.55263	0.09738	0.32331	0.01890	1.000	PARK COMMISSIONER - For 3 years / Vote for One
193	0.74619	0.11318	0.12979	0.01928	1.000	**Dennis Mannone
193	0.82331	0.13227	0.05263	0.01599	1.000	Blanks
193	0.82327	0.14964	0.05270	0.01613	1.000	TOTAL
193	0.56391	0.18314	0.31203	0.01744	1.000	PARK COMMISSIONER - For 2 Years / Vote for One
193	0.76120	0.19881	0.11482	0.01808	1.000	* Karin Menard
193	0.82331	0.21657	0.05263	0.01599	1.000	Blanks
193	0.82325	0.23390	0.05274	0.01621	1.000	TOTAL
193	0.47368	0.26744	0.40038	0.01599	1.000	COMMISSIONER OF TRUST FUNDS - For 3 years / Vote for One
193	0.76126	0.28335	0.11471	0.01905	1.000	**Robert Herrick
193	0.82331	0.30087	0.05263	0.01744	1.000	Blanks
193	0.82331	0.31831	0.05263	0.01599	1.000	TOTAL
193	0.51880	0.35174	0.35714	0.01744	1.000	CEMETERY COMMISSIONER - For 3 years / Vote for One
193	0.76671	0.36701	0.10943	0.02034	1.000	** Lance D. May
193	0.82331	0.38663	0.05263	0.01599	1.000	Blanks
193	0.82331	0.40262	0.05263	0.01599	1.000	TOTAL
193	0.58647	0.43605	0.28947	0.01890	1.000	LIBRARY TRUSTEE - For 3 years / Vote for Two
193	0.75549	0.45147	0.12059	0.02003	1.000	** Donna R. Saila
193	0.72556	0.46802	0.15038	0.02035	1.000	* Richard N. Mailloux
193	0.82331	0.48692	0.05263	0.01599	1.000	Blanks
193	0.82331	0.50436	0.05263	0.01599	1.000	TOTAL
193	0.58647	0.53779	0.28947	0.01744	1.000	LIBRARY TRUSTEE - For 2 Years / Vote for One
193	0.74990	0.55337	0.12614	0.01972	1.000	** Kirja Paananen
193	0.83083	0.57122	0.04511	0.01599	1.000	Blank
193	0.82331	0.58866	0.05263	0.01599	1.000	TOTAL
193	0.52068	0.62209	0.35526	0.01744	1.000	PLANNING BOARD MEMBER - For 5 years / Vote for One
193	0.74053	0.63778	0.13548	0.01950	1.000	** David Prokowiew
193	0.82331	0.65698	0.05263	0.01599	1.000	Blanks
193	0.82329	0.67293	0.05267	0.01606	1.000	TOTAL
193	0.50564	0.70640	0.37030	0.01744	1.000	HOUSING AUTHORITY MEMBER - For 5 years / Vote for One
193	0.72368	0.72238	0.15226	0.01890	1.000	* Linda M. McDonald
193	0.82331	0.73983	0.05263	0.01744	1.000	Blanks
193	0.82328	0.75721	0.05269	0.01611	1.000	TOTAL
193	0.31199	0.06237	0.13729	0.02207	1.000	PRECA PREC B
193	0.39098	0.11483	0.01316	0.01599	1.000	6
193	0.39098	0.13227	0.02256	0.01599	1.000	99
193	0.39098	0.14826	0.03008	0.01744	1.000	105
193	0.31391	0.13227	0.02256	0.01599	1.000	74
193	0.31391	0.14971	0.02256	0.01599	1.000	74
193	0.23471	0.06207	0.06253	0.02266	1.000	PRECC
193	0.23684	0.13227	0.02444	0.01599	1.000	78
193	0.23684	0.14826	0.02444	0.01744	1.000	78
193	0.15226	0.06250	0.06015	0.02180	1.000	PREC D
193	0.15414	0.11628	0.02256	0.01599	1.000	11
193	0.15414	0.13227	0.02256	0.01599	1.000	95
193	0.15414	0.14826	0.03008	0.01744	1.000	106
193	0.07707	0.06250	0.05451	0.02180	1.000	TOTAL
193	0.07895	0.11628	0.02256	0.01599	1.000	17
193	0.07895	0.13227	0.03008	0.01599	1.000	346
193	0.07895	0.14826	0.03008	0.01744	1.000	363
193	0.39098	0.20058	0.02256	0.01599	1.000	76
193	0.39098	0.21657	0.02256	0.01599	1.000	29
193	0.39098	0.23401	0.03008	0.01599	1.000	105
193	0.31391	0.20058	0.02256	0.01599	1.000	49
193	0.31391	0.21657	0.02256	0.01599	1.000	25
193	0.31391	0.23401	0.02256	0.01599	1.000	74
193	0.23684	0.20058	0.02444	0.01599	1.000	64
193	0.23684	0.21657	0.02444	0.01599	1.000	14
193	0.23684	0.23401	0.02444	0.01599	1.000	78
193	0.15414	0.20058	0.02256	0.01599	1.000	73
193	0.15414	0.21657	0.02256	0.01599	1.000	33
193	0.15414	0.23401	0.03008	0.01599	1.000	106
193	0.07895	0.20058	0.03008	0.01744	1.000	262
193	0.07895	0.21657	0.03008	0.01599	1.000	101
193	0.07895	0.23256	0.03008	0.01744	1.000	363
193	0.39098	0.28488	0.01504	0.01453	1.000	1
193	0.39098	0.30087	0.03008	0.01599	1.000	104
193	0.39098	0.31831	0.02820	0.01599	1.000	105
193	0.31391	0.30087	0.02256	0.01599	1.000	73
193	0.31391	0.31831	0.02256	0.01599	1.000	74
193	0.23684	0.30087	0.02444	0.01744	1.000	78
193	0.23684	0.31686	0.02256	0.01744	1.000	78
193	0.15414	0.28488	0.01316	0.01308	0.500	1
193	0.15414	0.30087	0.03008	0.01599	1.000	105
193	0.15414	0.31831	0.03008	0.01599	1.000	106
193	0.07707	0.28488	0.01504	0.01453	0.500	3
193	0.07895	0.30087	0.03008	0.01744	1.000	360
193	0.07895	0.31831	0.03008	0.01599	1.000	363
193	0.15414	0.67297	0.03008	0.01599	1.000	106
193	0.07707	0.67006	0.03195	0.01890	1.000	363
193	0.74618	0.80642	0.12983	0.01942	1.000	DEBT EXCLUSION
193	0.58647	0.82413	0.28947	0.01890	1.000	QUESTION 1 -Pavement Management Plan
193	0.84398	0.84157	0.03195	0.01744	1.000	Yes
193	0.84774	0.85901	0.02820	0.01599	1.000	No
193	0.82331	0.87645	0.05263	0.01599	1.000	Blanks
193	0.82315	0.89215	0.05295	0.01803	1.000	TOTAL
193	0.45489	0.91424	0.03008	0.01453	1.000	193
194	0.19543	0.87622	0.11855	0.01937	1.000	MODERATOR
194	0.14286	0.85610	0.21429	0.01890	1.000	2018 Timothy W. Murphy
194	0.19545	0.81963	0.11285	0.01771	1.000	SELECTMEN
194	0.13910	0.80084	0.20301	0.01892	1.000	2017 Thomas A. Alonzo
194	0.14098	0.78343	0.18233	0.01890	1.000	2017 Phyllis M. Luck
194	0.14286	0.76308	0.19173	0.01891	1.000	2018 Paula J. Bertram
194	0.14286	0.74554	0.18985	0.02191	1.000	2019 Jamie E. Toale**
194	0.14286	0.72669	0.20301	0.01761	1.000	2019 Robert J. Ebersole
194	0.19737	0.69469	0.16917	0.01897	1.000	BOARD OF HEALTH
194	0.14098	0.67878	0.17857	0.01744	1.000	2017 Perry R. Jewell
194	0.14098	0.66134	0.16917	0.01748	1.000	2017 Paul J. Fortin
194	0.14286	0.64244	0.04511	0.01744	1.000	2018
194	0.19339	0.63997	0.14141	0.02093	1.000	David M. Passios
194	0.14283	0.62496	0.04516	0.01607	1.000	2018
194	0.19170	0.62195	0.18615	0.02354	1.000	George L. Emond, Jrat
194	0.14286	0.60610	0.04511	0.01744	1.000	2019
194	0.19731	0.60438	0.11666	0.01653	1.000	James J. Auge
194	0.19925	0.56686	0.19737	0.01746	1.000	BOARD OF ASSESSORS
194	0.14286	0.54787	0.19361	0.01761	1.000	2017 Louis J. Franco**
194	0.14286	0.53052	0.04511	0.01890	1.000	2018
194	0.18421	0.53051	0.15789	0.01746	1.000	Richard J. Letarte
194	0.14286	0.51163	0.15789	0.01744	1.000	2019 Rena Swezey
194	0.19549	0.47384	0.17669	0.01748	1.000	SEWER COMMISSION
194	0.14098	0.45784	0.33835	0.01745	1.000	2017 Troy Daniels/Joan Pease (appointed)
194	0.14098	0.44041	0.04887	0.01744	1.000	2017
194	0.18421	0.43895	0.29699	0.01599	1.000	Vacant/Joseph Anderson (appointed)
194	0.14286	0.42297	0.04511	0.01599	1.000	2018
194	0.19549	0.42287	0.33835	0.01910	1.000	Susan M. Bunish/Richard St. Cyrlappointed)
194	0.14267	0.40233	0.04548	0.01802	1.000	2019
194	0.18797	0.40253	0.15226	0.01910	1.000	John D. Reynolds
194	0.14284	0.38514	0.04515	0.01605	1.000	2019
194	0.19925	0.38517	0.11466	0.01463	1.000	Carl A. Luck**
194	0.19921	0.34577	0.11850	0.01776	1.000	TOWN CLERK
194	0.14286	0.32837	0.21053	0.01910	1.000	2019 Kathryn M. Herrick
194	0.19722	0.28871	0.10932	0.01996	1.000	CONSTABLE
194	0.14286	0.27180	0.17293	0.01744	1.000	2019 John E. Baker
194	0.36654	0.92151	0.33647	0.01896	1.000	FY 2017 ELECTED OFFICIALS
194	0.64474	0.87645	0.20113	0.01890	1.000	PARK COMMISSIONERS
194	0.58835	0.85610	0.26128	0.01890	1.000	2017 Peter McCauliff (appointed)
194	0.59023	0.83854	0.16541	0.01910	1.000	2018 Karin Menard
194	0.58835	0.81969	0.21429	0.01897	1.000	2019 Dennis A. Mannone
194	0.64474	0.78198	0.26316	0.02035	1.000	TRUST FUND COMMISSIONERS
194	0.58835	0.76163	0.16729	0.02037	1.000	2017 Karen M. Ullo
194	0.58835	0.74419	0.19737	0.02045	1.000	2018 Michael D. Gale**
194	0.58835	0.72669	0.19925	0.01895	1.000	2019 Robert M. Herrick
194	0.64474	0.67878	0.25000	0.01890	1.000	CEMETERY COMMISSIONERS
194	0.58459	0.65988	0.21992	0.01894	1.000	2017 G. Stephen Schaff**
194	0.58835	0.64390	0.04699	0.01599	1.000	2018
194	0.63346	0.64236	0.15414	0.01761	1.000	Lorraine Mendoza
194	0.59023	0.62500	0.04323	0.01599	1.000	2019
194	0.64286	0.62351	0.11090	0.01463	1.000	Lance D. May
194	0.64474	0.58576	0.17481	0.01744	1.000	LIBRARY TRUSTEES
194	0.58835	0.56831	0.04511	0.01599	1.000	2017
194	0.63346	0.56820	0.13722	0.01319	1.000	Susan A. Visser
194	0.59023	0.54942	0.04511	0.01744	1.000	2017
194	0.63534	0.54936	0.14098	0.01463	1.000	Harry M. Kubetz
194	0.58828	0.53042	0.04524	0.01620	1.000	2018
194	0.64474	0.53051	0.14662	0.01463	1.000	Kiirja K. Paananen
194	0.59023	0.51163	0.04323	0.01744	1.000	2018
194	0.64098	0.51163	0.12406	0.01453	1.000	Lars Widstrand
194	0.59023	0.49419	0.04323	0.01599	1.000	2018
194	0.63158	0.49273	0.15789	0.01599	1.000	Gare F. Thompson
194	0.58835	0.47529	0.04511	0.01599	1.000	2019
194	0.63346	0.47520	0.18233	0.01463	1.000	Richard N. Mailloux**
194	0.58835	0.45930	0.04511	0.01599	1.000	2019
194	0.63158	0.45930	0.13346	0.01466	1.000	Donna G. Saiia
194	0.64474	0.42287	0.15226	0.01463	1.000	PLANNING BOARD
194	0.58825	0.40389	0.04530	0.01489	1.000	2017
194	0.63346	0.40104	0.15414	0.01612	1.000	Gregory P. Bittner
194	0.59023	0.38372	0.04323	0.01599	1.000	2018
194	0.64474	0.38219	0.15414	0.01897	1.000	Damon J. McQuaid
194	0.59023	0.36628	0.04323	0.01599	1.000	2019
194	0.63158	0.36628	0.15977	0.01453	1.000	Kenneth J. Chenis
194	0.59023	0.34738	0.04323	0.01599	1.000	2020
194	0.63346	0.34738	0.17293	0.01453	1.000	Matthew A. Allison**
194	0.58835	0.32837	0.19173	0.01761	1.000	2021 David Prokowiew
194	0.64474	0.27180	0.18797	0.01890	1.000	HOUSING AUTHORITY
194	0.58812	0.25398	0.04556	0.01675	1.000	2018
194	0.63346	0.25291	0.19549	0.01744	1.000	Deborah A. H. Christen
194	0.59023	0.23537	0.19737	0.02045	1.000	2019 Caroline S. Fortin
194	0.58835	0.21503	0.18609	0.01910	1.000	2020 Paul J. Doherty
194	0.59012	0.19893	0.04344	0.01349	1.000	2021
194	0.62970	0.19767	0.17105	0.01745	1.000	Linda M. McDonald
194	0.19361	0.21503	0.18985	0.02044	1.000	SCHOOL COMMITTEE
194	0.14098	0.19618	0.21805	0.01894	1.000	2017 Michael J. Mackin**
194	0.14098	0.17878	0.19737	0.01744	1.000	2017 Heather A. Sroka
194	0.14286	0.15988	0.20677	0.01745	1.000	2018 Wendy L. Bertrand
194	0.14286	0.14087	0.20113	0.02059	1.000	2019 Meredith A. Weiss
194	0.14286	0.12351	0.19549	0.02038	1.000	2019 Dawnmarie Ayles
194	0.12406	0.09152	0.15226	0.01612	1.000	**Denotes Chairperson
194	0.64474	0.14087	0.20301	0.01761	1.000	Appointed By Governor:
194	0.58444	0.12324	0.05104	0.01515	1.000	2011
194	0.63158	0.12202	0.18985	0.01612	1.000	Elizabeth A. Murphy**
194	0.51316	0.07122	0.03008	0.01308	1.000	194
195	0.51128	0.88300	0.05055	0.04027	0.500	SIGILLUN
195	0.50183	0.84029	0.06341	0.04778	0.500	431ana139
195	0.31015	0.78919	0.43609	0.02186	1.000	STATE ELECTION - NOVEMBER 8, 2016
195	0.54693	0.76583	0.05839	0.01341	1.000	PREC A
195	0.62212	0.76440	0.06216	0.01771	1.000	PREC B
195	0.69925	0.76453	0.06203	0.01746	1.000	PREC C
195	0.56767	0.73110	0.03759	0.01599	1.000	753
195	0.56767	0.71512	0.03947	0.01453	1.000	106
195	0.57331	0.69767	0.03383	0.01890	1.000	19
195	0.56767	0.68169	0.03947	0.01744	1.000	727
195	0.57895	0.66570	0.02820	0.01599	1.000	39
195	0.57895	0.64971	0.02632	0.01599	1.000	31
195	0.56002	0.63349	0.04726	0.01646	1.000	1675
195	0.64662	0.73110	0.03759	0.01744	1.000	723
195	0.65789	0.71366	0.02632	0.01599	1.000	87
195	0.65789	0.69767	0.02632	0.01599	1.000	22
195	0.64662	0.68169	0.03759	0.01744	1.000	600
195	0.65789	0.66424	0.02632	0.01744	1.000	33
195	0.65789	0.64971	0.02632	0.01744	1.000	13
195	0.63718	0.63364	0.04520	0.01469	1.000	1478
195	0.72368	0.73110	0.03759	0.01744	1.000	753
195	0.72368	0.71512	0.03759	0.01599	1.000	106
195	0.73496	0.69913	0.02632	0.01599	1.000	16
195	0.72368	0.68314	0.03571	0.01453	1.000	799
195	0.73496	0.66570	0.02632	0.01599	1.000	42
195	0.73308	0.64971	0.02632	0.01599	1.000	21
195	0.71406	0.63332	0.04744	0.01678	1.000	1737
195	0.12406	0.74702	0.28571	0.01612	1.000	PRESIDENT / VICE PRESIDENT
195	0.12594	0.72965	0.15977	0.01890	1.000	CLINTON / KAINE
195	0.12406	0.71354	0.16729	0.01761	1.000	JOHNSON / WELD
195	0.12782	0.69913	0.14662	0.01453	1.000	STEIN / BARAKA
195	0.12400	0.68275	0.14862	0.01531	1.000	TRUMP / PENCE
195	0.15216	0.66545	0.07726	0.01795	1.000	BLANKS
195	0.15220	0.64952	0.08094	0.01491	1.000	Write-ins
195	0.12403	0.63362	0.06774	0.01473	1.000	TOTAL
195	0.12406	0.58430	0.35150	0.01466	1.000	REPRESENTATIVE IN CONGRESS - 3RD
195	0.12594	0.56820	0.18045	0.01319	1.000	NICOLA S. TSONGAS
195	0.12594	0.55233	0.13534	0.01315	1.000	ANN WOFFORD
195	0.15218	0.53608	0.07346	0.01359	1.000	BLANKS
195	0.15226	0.51890	0.08083	0.01453	1.000	Write-ins
195	0.12382	0.50227	0.06815	0.01726	1.000	TOTAL
195	0.12594	0.45486	0.26504	0.01316	1.000	COUNCILLOR - 7TH DISTRICT
195	0.12406	0.43750	0.16729	0.01314	1.000	JENNIE L. CAISSIE
195	0.12594	0.42151	0.18797	0.01308	1.000	MATTHEW CJ VANCE
195	0.15414	0.40552	0.07143	0.01308	1.000	BLANKS
195	0.15414	0.38953	0.07895	0.01308	1.000	Write-ins
195	0.12587	0.37191	0.06405	0.01490	1.000	TOTAL
195	0.12406	0.32267	0.28008	0.01599	1.000	SENATOR IN GENERAL COURT
195	0.12406	0.30952	0.27256	0.01463	1.000	WORCESTER & MIDDLESEX DISTRICT
195	0.12406	0.29067	0.21429	0.01612	1.000	JENNIFER L. FLANAGAN
195	0.15412	0.27466	0.07523	0.01609	1.000	BLANKS
195	0.15592	0.25838	0.07913	0.01376	1.000	Write-ins
195	0.12399	0.24252	0.06593	0.01351	1.000	TOTAL
195	0.12406	0.19320	0.35902	0.01464	1.000	REPRESENTATIVE IN GENERAL COURT
195	0.12406	0.17878	0.21992	0.01453	1.000	THIRTY SEVENTH MIDDLESEX
195	0.12406	0.15988	0.19737	0.01599	1.000	JENNIFER E. BENSON
195	0.15031	0.14370	0.07908	0.01637	1.000	BLANKS
195	0.14657	0.12778	0.08279	0.01625	1.000	Write-ins
195	0.12390	0.11002	0.06611	0.01543	1.000	TOTAL
195	0.56767	0.56831	0.03947	0.01599	1.000	930
195	0.56767	0.55233	0.03947	0.01453	1.000	683
195	0.58083	0.53634	0.02444	0.01453	1.000	61
195	0.59023	0.51890	0.01316	0.01453	1.000	1
195	0.56003	0.50270	0.04722	0.01640	1.000	1675
195	0.56767	0.43750	0.03947	0.01599	1.000	890
195	0.56767	0.42006	0.03947	0.01599	1.000	638
195	0.56767	0.40552	0.03947	0.01599	1.000	147
195	0.59023	0.38953	0.01692	0.01017	1.000	-
195	0.56015	0.37355	0.04699	0.01744	1.000	1675
195	0.64662	0.56831	0.03759	0.01599	1.000	903
195	0.64662	0.55087	0.03759	0.01744	1.000	511
195	0.65789	0.53488	0.02632	0.01744	1.000	63
195	0.67105	0.52035	0.00940	0.01308	1.000	1
195	0.63722	0.50291	0.04699	0.01599	1.000	1478
195	0.72368	0.56831	0.03759	0.01599	1.000	932
195	0.72368	0.55233	0.03571	0.01308	1.000	730
195	0.73496	0.53634	0.02632	0.01599	1.000	75
195	0.71198	0.50103	0.04972	0.02992	1.000	1737
195	0.64662	0.43750	0.03759	0.01599	1.000	680
195	0.64662	0.42006	0.03759	0.01744	1.000	687
195	0.64662	0.40552	0.03759	0.01599	1.000	111
195	0.63534	0.37064	0.04887	0.03198	1.000	1478
195	0.72368	0.43750	0.03759	0.01599	1.000	936
195	0.72368	0.42006	0.03759	0.01744	1.000	649
195	0.72368	0.40407	0.03759	0.01744	1.000	152
195	0.74624	0.38953	0.01504	0.01017	1.000	-
195	0.71418	0.37192	0.04720	0.01779	1.000	1737
195	0.56015	0.28924	0.04699	0.01890	1.000	1248
195	0.56767	0.27471	0.03947	0.01599	1.000	426
195	0.59023	0.25727	0.01504	0.01744	1.000	1
195	0.56015	0.24128	0.04699	0.01744	1.000	1675
195	0.63346	0.29215	0.04887	0.01308	1.000	1121
195	0.64286	0.27616	0.04135	0.01453	1.000	357
195	0.63534	0.23983	0.05075	0.03052	1.000	1478
195	0.71241	0.28924	0.04887	0.01744	1.000	1259
195	0.72368	0.27471	0.03759	0.01744	1.000	478
195	0.71212	0.23955	0.04945	0.03108	1.000	1737
195	0.56015	0.15843	0.04699	0.01890	1.000	1255
195	0.56767	0.14390	0.03947	0.01744	1.000	420
195	0.55827	0.11047	0.05075	0.03198	1.000	1675
195	0.66917	0.14971	0.01316	0.01890	1.000	:
195	0.71429	0.15988	0.04699	0.01744	1.000	1267
195	0.72368	0.14390	0.03759	0.01744	1.000	470
195	0.71241	0.10901	0.04887	0.03052	1.000	1737
195	0.51504	0.07122	0.02820	0.01308	1.000	195
195	0.78756	0.76447	0.05082	0.01612	1.000	PRED
195	0.80075	0.73110	0.03759	0.01599	1.000	709
195	0.80827	0.71512	0.03008	0.01599	1.000	87
195	0.80827	0.69622	0.03008	0.01890	1.000	22
195	0.80075	0.68169	0.03759	0.01744	1.000	676
195	0.81015	0.66570	0.02820	0.01599	1.000	32
195	0.81015	0.64971	0.02820	0.01599	1.000	24
195	0.78942	0.63361	0.04709	0.01330	1.000	1550
195	0.80075	0.56831	0.03571	0.01453	1.000	889
195	0.80075	0.55233	0.03759	0.01453	1.000	594
195	0.81203	0.53488	0.02632	0.01599	1.000	67
195	0.79096	0.50251	0.04777	0.02841	1.000	1550
195	0.80075	0.43750	0.03759	0.01744	1.000	786
195	0.80075	0.42006	0.03759	0.01744	1.000	601
195	0.80075	0.40552	0.03759	0.01599	1.000	163
195	0.78897	0.37307	0.04987	0.03148	1.000	1550
195	0.78759	0.29215	0.04887	0.01308	1.000	1132
195	0.79887	0.27616	0.03947	0.01453	1.000	418
195	0.78738	0.23964	0.05119	0.03670	1.000	1550
195	0.78947	0.15988	0.04887	0.01744	1.000	1144
195	0.79699	0.14390	0.04135	0.01744	1.000	406
195	0.78371	0.11033	0.05852	0.03369	1.000	1550
195	0.86090	0.76453	0.05451	0.01744	1.000	TOTAL
195	0.86456	0.73091	0.05095	0.01637	1.000	2938
195	0.87406	0.71512	0.03947	0.01308	1.000	386
195	0.88910	0.69913	0.02632	0.01599	1.000	79
195	0.86466	0.68169	0.05075	0.01599	1.000	2802
195	0.87594	0.66570	0.04135	0.01744	1.000	146
195	0.88722	0.64971	0.02820	0.01744	1.000	89
195	0.86649	0.63363	0.04898	0.01618	1.000	6440
195	0.86840	0.56827	0.04516	0.01461	1.000	3654
195	0.86635	0.55194	0.04925	0.01531	1.000	2518
195	0.87782	0.53488	0.03759	0.01599	1.000	266
195	0.89850	0.51744	0.01504	0.01453	1.000	2
195	0.86816	0.50380	0.04564	0.01421	1.000	6440
195	0.86654	0.43605	0.04887	0.01744	1.000	3292
195	0.86654	0.42151	0.04887	0.01744	1.000	2575
195	0.87594	0.40552	0.03947	0.01599	1.000	573
195	0.86842	0.37355	0.04511	0.02471	1.000	6440
195	0.86654	0.28924	0.04887	0.01744	1.000	4760
195	0.86842	0.27471	0.04699	0.01453	1.000	1679
195	0.89850	0.25872	0.01504	0.01453	1.000	1
195	0.86842	0.24128	0.04699	0.01890	1.000	6440
195	0.86654	0.15988	0.04887	0.01744	1.000	3666
195	0.86654	0.14390	0.04887	0.01744	1.000	1296
195	0.85902	0.11047	0.05827	0.03198	1.000	4962
196	0.46152	0.87884	0.04784	0.04643	0.500	GETTENSIS
196	0.51870	0.89248	0.04597	0.03303	0.500	SIGILLUN
196	0.12406	0.79506	0.24060	0.01744	1.000	State Election (continued)
196	0.12406	0.74554	0.36090	0.01761	1.000	REPRESENTATIVE IN GENERAL COURT
196	0.12406	0.73256	0.21805	0.01599	1.000	THIRD WORCESTER DISTRICT
196	0.12594	0.71503	0.12782	0.01761	1.000	STEPHAN HAY
196	0.15217	0.69743	0.07723	0.01647	1.000	BLANKS
196	0.14651	0.68136	0.08291	0.01664	1.000	Write-ins
196	0.12403	0.66561	0.06774	0.01616	1.000	TOTAL
196	0.12402	0.61470	0.08655	0.01769	1.000	SHERIFF
196	0.12406	0.60169	0.15977	0.01612	1.000	WORCESTER COUNTY
196	0.12594	0.58284	0.21053	0.02036	1.000	LEWIS G. EVANGELIDIS
196	0.15223	0.56678	0.07525	0.01759	1.000	BLANKS
196	0.15219	0.55064	0.08847	0.01500	1.000	Write-ins:
196	0.12406	0.53488	0.06767	0.01599	1.000	TOTAL
196	0.12594	0.48401	0.20865	0.01599	1.000	QUESTION 1 - GAMING
196	0.13534	0.47093	0.04135	0.01453	1.000	YES
196	0.13722	0.45349	0.03008	0.01599	1.000	NO
196	0.14088	0.43575	0.07915	0.01659	1.000	BLANKS
196	0.12594	0.42006	0.06579	0.01599	1.000	TOTAL
196	0.12594	0.38517	0.31767	0.01890	1.000	QUESTION 2 - CHARTER SCHOOLS
196	0.13722	0.35465	0.03383	0.01744	1.000	NO
196	0.14267	0.33817	0.08121	0.01989	1.000	BLANKS
196	0.12406	0.32267	0.06767	0.01599	1.000	TOTAL
196	0.12594	0.28770	0.38722	0.01910	1.000	QUESTION 3 - CONFINING FARM ANIMALS
196	0.13722	0.27471	0.03759	0.01308	1.000	YES
196	0.13722	0.25581	0.03195	0.01890	1.000	NO
196	0.14262	0.23921	0.07943	0.02013	1.000	BLANKS
196	0.12406	0.22529	0.06767	0.01599	1.000	TOTAL
196	0.12581	0.18887	0.33858	0.02058	1.000	QUESTION 4 - MARIJUANA USE ETC.
196	0.13722	0.15843	0.03195	0.01744	1.000	NO
196	0.13901	0.14219	0.08288	0.01795	1.000	BLANKS
196	0.12398	0.12627	0.06783	0.01782	1.000	TOTAL
196	0.54688	0.79767	0.05849	0.01367	1.000	PREC A
196	0.59586	0.71657	0.01128	0.00872	1.000	-
196	0.59586	0.66860	0.01128	0.00727	1.000	-
196	0.55993	0.58249	0.04743	0.01816	1.000	1274
196	0.56767	0.56831	0.03759	0.01453	1.000	401
196	0.56012	0.53484	0.04705	0.01753	1.000	1675
196	0.56767	0.46948	0.03759	0.01599	1.000	721
196	0.56767	0.45349	0.03759	0.01453	1.000	897
196	0.57143	0.43750	0.03383	0.01308	1.000	57
196	0.56015	0.42006	0.04699	0.01599	1.000	1675
196	0.56767	0.37209	0.03759	0.01308	1.000	646
196	0.55998	0.35577	0.04357	0.01375	1.000	1001
196	0.57707	0.33721	0.03008	0.01744	1.000	28
196	0.56006	0.32251	0.04718	0.01631	1.000	1675
196	0.56011	0.27320	0.04707	0.01901	1.000	1185
196	0.56767	0.25727	0.03947	0.01744	1.000	460
196	0.57895	0.23983	0.02820	0.01599	1.000	30
196	0.56005	0.22512	0.04718	0.01633	1.000	1675
196	0.56767	0.17442	0.03947	0.01890	1.000	879
196	0.56767	0.15843	0.03947	0.01744	1.000	769
196	0.57519	0.14244	0.03195	0.01890	1.000	27
196	0.55986	0.12597	0.04758	0.01841	1.000	1675
196	0.51504	0.07122	0.02820	0.01453	1.000	196
196	0.62402	0.79786	0.05835	0.01330	1.000	PREC B
196	0.63346	0.71076	0.05075	0.02180	1.000	1115
196	0.64286	0.69622	0.04135	0.02035	1.000	363
196	0.63338	0.66271	0.05279	0.03214	1.000	1478
196	0.63722	0.58285	0.04699	0.01744	1.000	1107
196	0.64662	0.56686	0.03759	0.01599	1.000	371
196	0.63722	0.53634	0.04511	0.01308	1.000	1478
196	0.64662	0.46948	0.03759	0.01744	1.000	677
196	0.64662	0.45349	0.03759	0.01599	1.000	736
196	0.65789	0.43750	0.02632	0.01453	1.000	65
196	0.63722	0.42006	0.04699	0.01599	1.000	1478
196	0.64662	0.37209	0.03759	0.01453	1.000	503
196	0.64662	0.35610	0.03571	0.01308	1.000	854
196	0.64474	0.33866	0.03947	0.01599	1.000	121
196	0.63534	0.32122	0.04887	0.01744	1.000	1478
196	0.63534	0.27616	0.04699	0.01308	1.000	1066
196	0.64474	0.25872	0.03759	0.01308	1.000	371
196	0.65602	0.23837	0.02820	0.01890	1.000	41
196	0.63521	0.22507	0.04913	0.01788	1.000	1478
196	0.64286	0.17297	0.04135	0.01890	1.000	806
196	0.64662	0.16134	0.03571	0.01308	1.000	641
196	0.65602	0.14535	0.02632	0.01308	1.000	31
196	0.63709	0.12623	0.04725	0.01644	1.000	1478
196	0.69920	0.79784	0.06024	0.01334	1.000	PREC C
196	0.71429	0.58430	0.04699	0.01599	1.000	1312
196	0.72368	0.56686	0.03759	0.01599	1.000	425
196	0.75000	0.55378	0.01128	0.00872	1.000	-
196	0.71429	0.53488	0.04699	0.01599	1.000	1737
196	0.72368	0.47093	0.03383	0.01308	1.000	791
196	0.72368	0.45349	0.03571	0.01308	1.000	895
196	0.73308	0.43750	0.02444	0.01308	1.000	51
196	0.71429	0.42006	0.04511	0.01599	1.000	1737
196	0.72368	0.37209	0.03383	0.01308	1.000	714
196	0.72368	0.35465	0.03759	0.01599	1.000	993
196	0.73120	0.33576	0.03008	0.01890	1.000	30
196	0.71214	0.31935	0.04940	0.01973	1.000	1737
196	0.71053	0.27180	0.05075	0.02035	1.000	1255
196	0.72180	0.25291	0.03947	0.02180	1.000	449
196	0.73120	0.23983	0.03008	0.01744	1.000	33
196	0.71419	0.22513	0.04717	0.01631	1.000	1737
196	0.72368	0.17442	0.03759	0.01744	1.000	914
196	0.72368	0.15988	0.03759	0.01599	1.000	804
196	0.73120	0.14244	0.03008	0.01890	1.000	19
196	0.71429	0.12645	0.04699	0.01744	1.000	1737
196	0.78571	0.79797	0.05075	0.01308	1.000	PRED
196	0.82331	0.70058	0.01316	0.02326	1.000	:
196	0.82519	0.66715	0.01316	0.00872	1.000	-
196	0.79129	0.58419	0.04523	0.01476	1.000	1156
196	0.80075	0.56831	0.03571	0.01308	1.000	394
196	0.79135	0.53488	0.04699	0.01599	1.000	1550
196	0.80075	0.46948	0.03571	0.01599	1.000	651
196	0.80075	0.45349	0.03759	0.01599	1.000	850
196	0.80827	0.43750	0.03008	0.01453	1.000	49
196	0.79135	0.42006	0.04511	0.01453	1.000	1550
196	0.80075	0.37209	0.03383	0.01308	1.000	611
196	0.80075	0.35465	0.03759	0.01744	1.000	912
196	0.80827	0.33866	0.03008	0.01744	1.000	27
196	0.79129	0.32255	0.04713	0.01623	1.000	1550
196	0.78759	0.27180	0.05075	0.01890	1.000	1118
196	0.79887	0.25581	0.03947	0.02035	1.000	407
196	0.81015	0.23983	0.02820	0.01744	1.000	25
196	0.78947	0.22529	0.04887	0.01744	1.000	1550
196	0.80075	0.17442	0.03759	0.01744	1.000	778
196	0.80075	0.15988	0.03759	0.01453	1.000	757
196	0.80827	0.14680	0.02820	0.01453	1.000	15
196	0.78935	0.12626	0.04912	0.01929	1.000	1550
196	0.86090	0.79797	0.05263	0.01308	1.000	TOTAL
196	0.86453	0.71200	0.05103	0.02076	1.000	1115
196	0.87030	0.69622	0.04511	0.02035	1.000	363
196	0.86466	0.66424	0.05263	0.03198	1.000	1478
196	0.86842	0.58285	0.04511	0.01744	1.000	4849
196	0.86820	0.56652	0.04555	0.01813	1.000	1591
196	0.86842	0.53488	0.04511	0.02180	1.000	6440
196	0.86654	0.46948	0.04887	0.01599	1.000	2840
196	0.86822	0.45307	0.04551	0.01392	1.000	3378
196	0.87782	0.43605	0.03759	0.01744	1.000	222
196	0.86842	0.42006	0.04699	0.01599	1.000	6440
196	0.86654	0.37064	0.04887	0.01599	1.000	2474
196	0.86842	0.35610	0.04699	0.01453	1.000	3760
196	0.87406	0.33866	0.04135	0.01599	1.000	206
196	0.86654	0.32267	0.04887	0.01599	1.000	6440
196	0.86654	0.27180	0.04887	0.01890	1.000	4624
196	0.86654	0.25581	0.04887	0.01890	1.000	1687
196	0.87594	0.23983	0.03947	0.01744	1.000	129
196	0.86839	0.22524	0.04705	0.01610	1.000	6440
196	0.86466	0.17297	0.05075	0.01890	1.000	3377
196	0.86466	0.15698	0.05075	0.02035	1.000	2971
196	0.88722	0.14244	0.02820	0.01890	1.000	92
196	0.86842	0.12645	0.04699	0.01599	1.000	6440
197	0.21241	0.54936	0.63910	0.02480	1.000	MISCELLANEOUS INFORMATION
197	0.51692	0.07413	0.02444	0.00872	1.000	197
198	0.18421	0.53634	0.03195	0.00872	0.500	NCHE
198	0.12029	0.52322	0.05077	0.00879	0.500	CRAIGEN
198	0.12030	0.51163	0.06015	0.00872	1.000	CROWDEN
198	0.12025	0.49831	0.06214	0.00919	1.000	CULLINANE
198	0.12026	0.48681	0.04331	0.00894	0.500	CURLEY
198	0.12030	0.47384	0.05451	0.00872	0.500	DACOSTA
198	0.12030	0.46076	0.03571	0.00872	1.000	DAVIS
198	0.12030	0.44913	0.04887	0.00872	0.500	DAVULIS
198	0.12030	0.43605	0.09398	0.00872	0.300	DEBETTENCOURT
198	0.12030	0.42442	0.09398	0.00872	0.300	DEBETTENCOURT
198	0.12026	0.41120	0.05271	0.00900	0.500	DEFELICE
198	0.12028	0.39965	0.04327	0.00739	1.000	DEMEO
198	0.12030	0.38663	0.04887	0.00872	1.000	DEMING
198	0.12030	0.37355	0.08647	0.00872	1.000	DENNY-BROWN
198	0.12030	0.36192	0.07331	0.00872	0.300	DESLAURIERS
198	0.12030	0.34884	0.10902	0.00872	1.000	DIAMANTOPOULOS
198	0.11842	0.33430	0.11090	0.01163	1.000	DIAMANTOPOULOS
198	0.11842	0.32122	0.11090	0.01308	1.000	DIAMANTOPOULOS
198	0.11842	0.30814	0.05827	0.01744	0.300	DICONZA
198	0.11842	0.29651	0.02632	0.01308	1.000	DIK
198	0.11842	0.28343	0.04699	0.01744	1.000	DILLON
198	0.11654	0.27180	0.04887	0.01163	1.000	DIONNE
198	0.11830	0.26133	0.04536	0.01222	0.500	DIPERRI
198	0.11842	0.24709	0.04323	0.01308	0.500	DOEGE
198	0.11842	0.23547	0.05263	0.01017	1.000	DOHERTY
198	0.11832	0.22216	0.04907	0.01353	1.000	DORSEY
198	0.11831	0.20762	0.05660	0.01644	1.000	DOWNEY
198	0.11840	0.19617	0.05644	0.01608	1.000	DOWNEY
198	0.11654	0.18314	0.04511	0.01599	1.000	DOYLE
198	0.11648	0.17281	0.04148	0.01049	1.000	DRAKE
198	0.11842	0.15988	0.04323	0.01163	1.000	DUGAS
198	0.11827	0.14506	0.05669	0.01802	1.000	DUMONT
198	0.11635	0.13329	0.06053	0.01686	1.000	DUNHAM
198	0.11842	0.12064	0.05451	0.01599	1.000	DUPONT
198	0.11829	0.10862	0.06417	0.01387	0.300	DUQUETTE
198	0.11839	0.09733	0.04141	0.01174	1.000	DUSEK
198	0.24436	0.89680	0.03195	0.01163	1.000	NEIL
198	0.24624	0.35901	0.02820	0.01163	1.000	KIM
198	0.24436	0.27180	0.03008	0.01163	1.000	JEFF
198	0.34211	0.90988	0.02820	0.01163	1.000	FIRE
198	0.34211	0.75872	0.03383	0.01308	1.000	FIRE
198	0.34398	0.62355	0.02632	0.00872	1.000	FIRE
198	0.34211	0.60901	0.02820	0.01163	1.000	FIRE
198	0.34398	0.57413	0.02632	0.00872	1.000	COA
198	0.34211	0.55959	0.03195	0.01163	0.500	DPW
198	0.34211	0.47238	0.04323	0.01017	1.000	POLICE
198	0.34211	0.30814	0.04699	0.01599	1.000	POLICE
198	0.34211	0.29651	0.02820	0.01308	1.000	FIRE
198	0.34211	0.28488	0.03008	0.01308	1.000	FIRE
198	0.34211	0.23401	0.03008	0.01308	1.000	COA
198	0.34211	0.19622	0.03383	0.01599	1.000	FIRE
198	0.34211	0.12209	0.04887	0.01308	0.500	LIBRARY
198	0.34211	0.10901	0.03008	0.01308	1.000	FIRE
198	0.47932	0.87209	0.04511	0.01017	1.000	100.00
198	0.48113	0.85885	0.04338	0.01195	1.000	455.04
198	0.47932	0.84738	0.04511	0.01163	1.000	163.35
198	0.48120	0.83430	0.04323	0.01163	1.000	880.15
198	0.48303	0.77456	0.03958	0.00901	1.000	301.02
198	0.47922	0.75848	0.04532	0.01211	1.000	100.00
198	0.42444	0.06026	0.13046	0.87016	0.300	. ...
198	0.51504	0.07122	0.02820	0.01308	1.000	198
198	0.56579	0.84738	0.03571	0.01017	1.000	CLARK
198	0.56579	0.83576	0.03571	0.00872	1.000	CLARK
198	0.56391	0.43459	0.03571	0.01017	1.000	GRAY,
198	0.56391	0.13372	0.02820	0.01308	1.000	HILL
198	0.56391	0.12209	0.02820	0.01163	1.000	HILL
198	0.68045	0.70930	0.03008	0.01163	1.000	TINA
198	0.67204	0.08750	0.08065	0.83750	0.300	dallidu dd bantandets haltadlndi
198	0.68045	0.19622	0.03008	0.01163	1.000	AMY
198	0.76489	0.91082	0.04916	0.00976	0.500	SCHOOL
198	0.76308	0.89659	0.05092	0.01206	0.500	SCHOOL
198	0.76316	0.88372	0.05075	0.01163	0.500	SCHOOL
198	0.76504	0.87355	0.04887	0.00872	0.500	SCHOOL
198	0.76304	0.85871	0.05098	0.01223	0.500	SCHOOL
198	0.76692	0.84884	0.03008	0.00872	0.500	DPW
198	0.76316	0.83285	0.03195	0.01308	0.500	DPW
198	0.76297	0.82216	0.05113	0.01266	0.500	SCHOOL
198	0.76308	0.80938	0.05092	0.01206	0.500	SCHOOL
198	0.76504	0.79651	0.03008	0.01163	1.000	FIRE
198	0.76316	0.78488	0.05075	0.01163	0.500	SCHOOL
198	0.76316	0.77180	0.10526	0.01168	1.000	ANIMAL CONTROL
198	0.76316	0.76017	0.04511	0.01017	1.000	POLICE
198	0.76504	0.74855	0.04887	0.01017	0.500	SCHOOL
198	0.83647	0.73692	0.01316	0.00872	1.000	FF
198	0.76504	0.61047	0.02820	0.01017	1.000	FIRE
198	0.76692	0.47384	0.02632	0.00872	1.000	FIRE
198	0.76692	0.38663	0.02444	0.00872	1.000	COA
198	0.83459	0.28488	0.01692	0.01163	1.000	FF
198	0.88710	0.61008	0.05287	0.01095	1.000	1,700.48
198	0.88155	0.59872	0.05833	0.00895	1.000	58,504.16
198	0.88722	0.58576	0.05263	0.00872	1.000	2,801.00
198	0.88156	0.57405	0.05831	0.00887	1.000	76,059.22
198	0.88151	0.56081	0.05841	0.01065	1.000	83,061.47
198	0.88152	0.54777	0.05651	0.01057	1.000	87,676.71
198	0.88148	0.53455	0.05846	0.01084	1.000	77,514.49
198	0.88718	0.52314	0.05271	0.01041	1.000	8,089.77
198	0.89846	0.51154	0.04142	0.00890	1.000	466.70
198	0.89845	0.49843	0.04144	0.00896	1.000	840.02
198	0.88156	0.48540	0.05831	0.01031	1.000	71,401.53
198	0.88722	0.47238	0.05263	0.01017	1.000	5,883.59
198	0.88722	0.46076	0.05263	0.00872	1.000	2,948.80
198	0.88905	0.44895	0.05085	0.00908	1.000	1,565.00
198	0.88528	0.43442	0.05463	0.01197	1.000	2,645.17
198	0.87969	0.42147	0.06018	0.01171	1.000	62,721.95
198	0.88156	0.41126	0.05643	0.00887	1.000	25,237.79
198	0.88720	0.39676	0.05266	0.01171	1.000	4,617.00
198	0.88717	0.38503	0.05273	0.01047	1.000	4,136.10
198	0.89850	0.37355	0.04135	0.00872	1.000	558.50
198	0.88722	0.36047	0.05263	0.01017	1.000	3,683.04
198	0.90226	0.34738	0.03759	0.01163	1.000	32.50
198	0.87779	0.33277	0.06209	0.01324	1.000	19,029.20
198	0.87970	0.32122	0.06015	0.01308	1.000	14,343.86
198	0.88534	0.30669	0.05639	0.01744	1.000	5,125.64
198	0.88521	0.29476	0.05477	0.01513	1.000	3,844.72
198	0.88523	0.28315	0.05473	0.01365	1.000	1,000.00
198	0.87956	0.27135	0.06043	0.01253	1.000	68,645.24
198	0.87214	0.25858	0.06776	0.01335	1.000	118,300.02
198	0.89658	0.24700	0.04331	0.01181	1.000	939.60
198	0.87966	0.23389	0.06023	0.01187	1.000	19,071.80
198	0.87770	0.22062	0.06414	0.01516	1.000	14,289.19
198	0.87970	0.20785	0.06015	0.01308	1.000	60,701.10
198	0.87970	0.19622	0.06015	0.01163	1.000	51,911.80
198	0.88534	0.18169	0.05639	0.01599	1.000	8,627.08
198	0.88534	0.17151	0.05639	0.01453	1.000	2,890.11
198	0.87212	0.15825	0.06778	0.01344	1.000	166,531.08
198	0.87970	0.14680	0.05827	0.01163	1.000	47,453.18
198	0.87970	0.13517	0.05827	0.01163	1.000	81,687.19
198	0.88722	0.12209	0.05075	0.01017	1.000	2,801.00
198	0.88720	0.11042	0.05079	0.01027	1.000	5,013.13
198	0.89659	0.09587	0.04329	0.01319	1.000	722.91
199	0.12782	0.81831	0.03571	0.01163	1.000	EWEN
199	0.12587	0.78040	0.03774	0.01334	1.000	FINCH
199	0.12782	0.75436	0.03571	0.01163	1.000	FLAGG
199	0.12782	0.74128	0.03571	0.01308	1.000	FLYNN
199	0.12594	0.72820	0.03383	0.01308	1.000	FORD
199	0.12594	0.66424	0.03759	0.01308	1.000	FOYLE
199	0.12594	0.46076	0.03759	0.01163	1.000	KULIG
199	0.12782	0.37064	0.03571	0.01163	1.000	LANDI
199	0.12594	0.26890	0.03008	0.01163	1.000	LEET
199	0.12782	0.24273	0.03571	0.01308	1.000	LEGER
199	0.12782	0.11483	0.03195	0.01453	1.000	LINK
199	0.53571	0.93314	0.04135	0.01163	1.000	HIRSCH
199	0.53759	0.85901	0.02820	0.00872	1.000	HOYT
199	0.53759	0.84593	0.03195	0.00872	1.000	HYATT
199	0.53759	0.83285	0.03195	0.00872	1.000	HYATT
199	0.53571	0.80814	0.03008	0.00727	1.000	JARVI
199	0.33271	0.75436	0.02820	0.01163	1.000	FIRE
199	0.53570	0.76887	0.03386	0.00877	1.000	JONES
199	0.53571	0.75727	0.03383	0.00872	1.000	JONES
199	0.53571	0.74419	0.03571	0.00727	1.000	JONES
199	0.53571	0.73110	0.03383	0.00872	1.000	JONES
199	0.53571	0.71802	0.03571	0.00872	1.000	JONES
199	0.53759	0.70494	0.03195	0.00872	1.000	KARIS
199	0.53759	0.64236	0.03008	0.00744	1.000	KELLY J
199	0.53759	0.60320	0.02632	0.00872	1.000	KING
199	0.53759	0.59012	0.02632	0.00872	1.000	KIRK
199	0.33083	0.57558	0.02820	0.01163	1.000	FIRE
199	0.32895	0.52471	0.03008	0.01163	1.000	COA
199	0.33083	0.49855	0.02820	0.01163	1.000	FIRE
199	0.53571	0.46076	0.02632	0.01017	1.000	MAY
199	0.32895	0.20494	0.03195	0.01308	1.000	FIRE
199	0.51504	0.07122	0.02820	0.01308	1.000	199
199	0.71805	0.93314	0.02820	0.01163	1.000	FIRE
199	0.71805	0.89535	0.03008	0.01163	0.300	DPW
199	0.71805	0.86919	0.02820	0.01163	1.000	FIRE
199	0.71805	0.84448	0.02820	0.01308	1.000	FIRE
199	0.71805	0.76744	0.02820	0.01163	1.000	FIRE
199	0.71992	0.50145	0.02444	0.00727	1.000	FIRE
199	0.71992	0.37355	0.02444	0.00727	1.000	FIRE
199	0.71805	0.31977	0.02820	0.01163	1.000	COA
199	0.71805	0.24273	0.03008	0.01308	1.000	FIRE
199	0.78759	0.43750	0.01316	0.00872	1.000	NS
199	0.84398	0.86919	0.03571	0.01453	1.000	27.65
199	0.84398	0.81831	0.03571	0.01163	1.000	70.00
199	0.84398	0.66570	0.03383	0.01017	1.000	66.80
200	0.11842	0.87500	0.03571	0.01453	1.000	LUCK
200	0.11842	0.86192	0.03571	0.01308	1.000	LURIA
200	0.11842	0.85029	0.03195	0.01308	1.000	LUTH
200	0.11842	0.54215	0.04323	0.01308	1.000	PATON
200	0.11842	0.51599	0.04323	0.01308	0.500	PELKEY
200	0.11842	0.46512	0.03759	0.01163	1.000	PERRY
200	0.11838	0.38798	0.04332	0.01182	1.000	PIERCE
200	0.11831	0.37475	0.04158	0.01212	1.000	PIERCE
200	0.11654	0.23547	0.04323	0.01453	1.000	PRATT
200	0.11836	0.14380	0.04523	0.01619	1.000	QUEEN
200	0.11842	0.13081	0.04887	0.01453	1.000	RABOIN
200	0.11842	0.11919	0.04511	0.01308	1.000	RACINE
200	0.21805	0.42587	0.01880	0.01308	1.000	ACK
200	0.29887	0.77326	0.01128	0.01453	1.000	w
200	0.34211	0.60901	0.04135	0.00872	1.000	POLICE
200	0.34023	0.54360	0.02820	0.01017	1.000	FIRE
200	0.34211	0.53198	0.04699	0.00872	1.000	SCHOOL
200	0.34211	0.51890	0.02632	0.00872	1.000	FIRE
200	0.34211	0.50581	0.04699	0.00872	1.000	SCHOOL
200	0.34211	0.49273	0.08271	0.00876	1.000	TAX WORKOFF
200	0.34199	0.47932	0.04722	0.01083	1.000	SCHOOL
200	0.34211	0.46657	0.04699	0.01017	1.000	SCHOOL
200	0.34023	0.45494	0.04887	0.00872	1.000	SCHOOL
200	0.33830	0.43881	0.06775	0.01192	1.000	SELECTMEN
200	0.34020	0.42869	0.04893	0.00890	1.000	SCHOOL
200	0.33829	0.41407	0.05087	0.01052	1.000	SCHOOL
200	0.34023	0.40262	0.04887	0.01017	1.000	SCHOOL
200	0.34018	0.39083	0.04897	0.00904	1.000	SCHOOL
200	0.34023	0.37500	0.04887	0.01163	1.000	SCHOOL
200	0.34211	0.36483	0.04699	0.00872	1.000	LIBRARY
200	0.34211	0.35174	0.04699	0.00872	1.000	SCHOOL
200	0.34023	0.29797	0.03195	0.01308	0.300	DPW
200	0.34023	0.18169	0.03383	0.01599	0.300	DPW
200	0.45862	0.92579	0.06209	0.01325	1.000	80,542.32
200	0.47553	0.91416	0.04331	0.01180	1.000	164.32
200	0.45865	0.90116	0.06015	0.01163	1.000	33,992.31
200	0.47744	0.89099	0.04323	0.00872	1.000	350.00
200	0.47546	0.87480	0.04343	0.01348	1.000	100.00
200	0.46617	0.86337	0.05451	0.01017	1.000	2,637.00
200	0.45113	0.85029	0.06767	0.01163	1.000	106,229.91
200	0.46609	0.83701	0.05278	0.01203	1.000	7,674.33
200	0.45853	0.82374	0.06039	0.01240	1.000	73,451.02
200	0.45845	0.81050	0.06053	0.01418	1.000	70,136.73
200	0.47556	0.79942	0.04511	0.01163	1.000	479.47
200	0.45855	0.78602	0.06035	0.01227	1.000	52,718.35
200	0.45850	0.77278	0.06044	0.01257	1.000	16,278.21
200	0.45844	0.75947	0.06245	0.01303	1.000	16,777.94
200	0.46615	0.74705	0.05266	0.01171	1.000	6,961.17
200	0.46046	0.73665	0.05840	0.00925	1.000	85,279.77
200	0.46045	0.72351	0.05843	0.00937	1.000	79,644.45
200	0.46044	0.71041	0.05844	0.00942	1.000	76,693.40
200	0.46047	0.69747	0.05839	0.01059	1.000	57,842.51
200	0.46607	0.68287	0.05282	0.01216	1.000	5,180.37
200	0.48308	0.67006	0.03571	0.01163	1.000	41.08
200	0.46617	0.65698	0.05263	0.01163	1.000	5,794.00
200	0.46053	0.64680	0.05827	0.00872	1.000	49,470.27
200	0.46040	0.63318	0.05853	0.00981	1.000	16,005.23
200	0.46239	0.62058	0.05642	0.00885	1.000	27,060.00
200	0.45489	0.60901	0.06391	0.00872	1.000	118,021.10
200	0.46050	0.59583	0.05832	0.00893	1.000	14,929.72
200	0.46051	0.58280	0.05829	0.00881	1.000	17,244.00
200	0.46049	0.56962	0.05834	0.00902	1.000	43,836.68
200	0.47932	0.55669	0.04135	0.00872	1.000	722.50
200	0.46805	0.54360	0.05075	0.01017	1.000	2,357.82
200	0.46805	0.53198	0.05075	0.00872	1.000	2,510.02
200	0.46798	0.51868	0.05088	0.00916	1.000	9,319.94
200	0.46045	0.50550	0.05842	0.00935	1.000	20,111.05
200	0.47932	0.49273	0.03947	0.00872	1.000	420.00
200	0.46799	0.47946	0.05086	0.00910	1.000	3,315.00
200	0.46053	0.46802	0.05827	0.00727	1.000	49,102.35
200	0.46040	0.45441	0.05852	0.00978	1.000	50,990.37
200	0.46044	0.44150	0.05845	0.00945	1.000	39,045.24
200	0.46992	0.42878	0.04887	0.00872	1.000	1,514.50
200	0.46799	0.41551	0.05086	0.00910	1.000	2,343.00
200	0.46049	0.40250	0.06022	0.01041	1.000	28,282.80
200	0.46050	0.39088	0.05832	0.00894	1.000	27,560.82
200	0.46048	0.37630	0.05836	0.01048	1.000	17,885.85
200	0.46051	0.36478	0.05829	0.00881	1.000	27,745.35
200	0.47932	0.35174	0.03947	0.00872	1.000	481.62
200	0.45865	0.33721	0.06203	0.01163	1.000	65,755.88
200	0.45856	0.32244	0.06219	0.01355	1.000	34,294.96
200	0.46617	0.30959	0.05639	0.01599	1.000	5,080.65
200	0.45843	0.29735	0.06058	0.01430	1.000	15,753.41
200	0.45865	0.28488	0.06203	0.01308	1.000	74,251.39
200	0.45865	0.27180	0.06015	0.01308	1.000	73,910.89
200	0.46617	0.25872	0.05263	0.01308	1.000	1,190.00
200	0.46617	0.24709	0.05263	0.01308	1.000	3,209.44
200	0.46611	0.23386	0.05274	0.01193	1.000	2,671.00
200	0.47543	0.22064	0.04539	0.01366	1.000	971.91
200	0.45865	0.20785	0.06203	0.01163	1.000	61,923.64
200	0.45863	0.19472	0.06207	0.01464	1.000	89,519.01
200	0.46053	0.18314	0.05827	0.01163	1.000	70,730.30
200	0.46042	0.16974	0.05848	0.01227	1.000	45,317.98
200	0.47548	0.15681	0.04528	0.01342	1.000	220.16
200	0.45852	0.14351	0.06039	0.01240	1.000	36,787.91
200	0.45865	0.13081	0.06203	0.01453	1.000	69,976.97
200	0.46617	0.11773	0.05639	0.01599	1.000	4,924.94
200	0.45865	0.10465	0.06203	0.01453	1.000	77,267.22
200	0.45865	0.09302	0.06203	0.01308	1.000	18,830.20
200	0.55827	0.76017	0.03383	0.01163	1.000	NASS
200	0.55827	0.52907	0.03383	0.01163	1.000	SALVI
200	0.55827	0.32267	0.03571	0.01453	1.000	SHEA
200	0.55827	0.31105	0.03571	0.01453	1.000	SHEA
200	0.51316	0.07122	0.03008	0.01453	1.000	200
200	0.62970	0.59302	0.02444	0.01308	1.000	ILOS
200	0.67481	0.52907	0.02632	0.01163	1.000	LISA
200	0.84962	0.77471	0.01128	0.01017	0.500	z
200	0.75940	0.51890	0.02820	0.00872	1.000	FIRE
200	0.74150	0.08681	0.11029	0.85940	1.000	.........
200	0.75564	0.32413	0.03195	0.01163	1.000	FIRE
200	0.75752	0.14390	0.03383	0.01163	0.300	DPW
200	0.87208	0.92559	0.05848	0.01364	1.000	65,749.94
200	0.87582	0.91248	0.05476	0.01371	1.000	9,572.44
200	0.87211	0.90095	0.05841	0.01206	1.000	72,764.33
200	0.87780	0.88802	0.05268	0.01175	1.000	5,571.40
200	0.87782	0.87500	0.05263	0.01308	1.000	1,724.87
200	0.87218	0.86192	0.05827	0.01308	1.000	18,555.24
200	0.87777	0.85016	0.05273	0.01190	1.000	3,529.00
200	0.87782	0.83721	0.05263	0.01163	1.000	2,538.99
200	0.87027	0.82403	0.06021	0.01181	1.000	71,251.53
200	0.87782	0.81105	0.05451	0.01453	1.000	3,699.44
200	0.87211	0.79779	0.05840	0.01343	1.000	66,068.06
200	0.87024	0.78472	0.06027	0.01340	1.000	19,424.69
200	0.87021	0.77297	0.06033	0.01220	1.000	52,779.03
200	0.87030	0.75872	0.06015	0.01308	1.000	75,599.50
200	0.87024	0.74689	0.06215	0.01203	1.000	75,838.80
200	0.88715	0.73528	0.04338	0.01055	1.000	410.00
200	0.87028	0.72089	0.06018	0.01317	1.000	17,777.50
200	0.87024	0.70769	0.06027	0.01341	1.000	82,650.88
200	0.87030	0.69477	0.06203	0.01453	1.000	67,164.25
200	0.86463	0.68303	0.06586	0.01329	1.000	101,798.81
200	0.87782	0.66860	0.05263	0.01308	1.000	5,354.44
200	0.87030	0.65698	0.06015	0.01308	1.000	74,167.27
200	0.87020	0.64503	0.06035	0.01227	1.000	61,433.99
200	0.87782	0.63081	0.05263	0.01308	1.000	1,240.10
200	0.87965	0.62050	0.05084	0.01045	1.000	2,020.62
200	0.87405	0.60751	0.05642	0.01026	1.000	67,433.43
200	0.87218	0.59448	0.05827	0.01017	1.000	58,240.30
200	0.87218	0.58285	0.05827	0.00872	1.000	58,084.89
200	0.87212	0.56954	0.05838	0.00918	1.000	21,353.22
200	0.87396	0.55636	0.05658	0.01082	1.000	76,317.23
200	0.87968	0.54356	0.05078	0.01027	1.000	1,094.51
200	0.87970	0.53052	0.05075	0.01017	1.000	5,654.18
200	0.87970	0.51890	0.05075	0.00872	1.000	2,078.96
200	0.87209	0.50544	0.05845	0.00947	1.000	49,035.34
200	0.87406	0.49273	0.05639	0.00872	1.000	40,361.48
200	0.86654	0.47965	0.06391	0.00872	1.000	101,323.41
200	0.87385	0.46582	0.05681	0.01168	1.000	70,631.17
200	0.87402	0.45337	0.05646	0.01042	1.000	24,430.58
200	0.87218	0.44041	0.05827	0.01017	1.000	49,756.51
200	0.87970	0.42878	0.05075	0.00872	1.000	9,811.94
200	0.87029	0.41420	0.06018	0.01172	1.000	38,282.82
200	0.87214	0.40246	0.05835	0.00903	1.000	29,770.13
200	0.87968	0.38947	0.05080	0.01031	1.000	3,731.89
200	0.87218	0.37500	0.05827	0.01163	1.000	68,777.57
200	0.89090	0.36462	0.03963	0.00914	1.000	660.00
200	0.87212	0.35148	0.05840	0.00925	1.000	23,782.28
200	0.88722	0.33721	0.04511	0.01163	1.000	848.00
200	0.87782	0.32267	0.05263	0.01308	1.000	2,605.24
200	0.87215	0.30951	0.05834	0.01470	1.000	65,115.65
200	0.87022	0.29631	0.06031	0.01493	1.000	87,551.71
200	0.87014	0.28446	0.06235	0.01537	1.000	17,106.72
200	0.87028	0.27175	0.06019	0.01319	1.000	23,047.08
200	0.87025	0.25859	0.06024	0.01334	1.000	14,578.98
200	0.87218	0.24709	0.05827	0.01163	1.000	88,675.38
200	0.87765	0.23353	0.05298	0.01260	1.000	1,080.01
200	0.87027	0.22083	0.06021	0.01182	1.000	25,156.77
200	0.87206	0.20747	0.05851	0.01238	1.000	71,251.53
200	0.87782	0.19477	0.05451	0.01308	1.000	1,544.00
200	0.88718	0.18305	0.04331	0.01181	1.000	275.00
200	0.87028	0.17001	0.06018	0.01173	1.000	18,015.21
200	0.87027	0.15689	0.06020	0.01179	1.000	15,243.53
200	0.87030	0.14390	0.06015	0.01163	1.000	56,867.90
200	0.87582	0.13050	0.05476	0.01371	1.000	9,147.71
200	0.87030	0.11919	0.06015	0.01163	1.000	42,781.26
200	0.87024	0.10590	0.06028	0.01203	1.000	22,906.11
200	0.87022	0.09278	0.06031	0.01212	1.000	15,237.98
201	0.12030	0.92733	0.03571	0.01163	1.000	RASH
201	0.12030	0.90116	0.03195	0.01163	1.000	REED
201	0.12030	0.88808	0.04323	0.01163	1.000	RENDA
201	0.12218	0.83576	0.03195	0.01308	1.000	RICCI
201	0.12030	0.81105	0.03759	0.01308	1.000	RILEY
201	0.12030	0.79797	0.03195	0.01163	1.000	RIOS
201	0.12007	0.78442	0.04369	0.01401	1.000	ROANE
201	0.12030	0.68169	0.04323	0.01308	1.000	RODER
201	0.12030	0.59157	0.02820	0.01163	1.000	ROY
201	0.11842	0.57849	0.03008	0.01308	1.000	ROY
201	0.11812	0.56470	0.04947	0.01449	1.000	RUCKER
201	0.12030	0.54070	0.03947	0.01163	1.000	TOALE
201	0.12027	0.52611	0.03578	0.01320	1.000	TOCCI
201	0.12030	0.48837	0.04135	0.01163	1.000	TRUAX
201	0.12024	0.46207	0.04712	0.01336	1.000	TURNER
201	0.12030	0.45058	0.02632	0.01163	0.500	ULF
201	0.11842	0.41134	0.04323	0.01163	1.000	VALLEE
201	0.11842	0.32122	0.05075	0.01308	1.000	WALKER
201	0.12030	0.29506	0.04511	0.01453	1.000	WALSH
201	0.12030	0.21657	0.04511	0.01599	1.000	WELCH
201	0.11842	0.20494	0.05075	0.01599	1.000	WELLER
201	0.11842	0.11483	0.03947	0.01163	1.000	WOLF
201	0.24248	0.87500	0.02820	0.01453	1.000	IAN
201	0.24248	0.32122	0.02444	0.01308	1.000	KIT
201	0.33647	0.87500	0.03008	0.01453	1.000	FIRE
201	0.33647	0.86192	0.03008	0.01599	1.000	FIRE
201	0.33647	0.83721	0.03008	0.01308	1.000	FIRE
201	0.33459	0.77180	0.03195	0.01308	0.300	DPW
201	0.33459	0.65552	0.03195	0.01308	0.300	DPW
201	0.84576	0.93865	0.06224	0.01369	1.000	15,237.98
201	0.84195	0.92539	0.06610	0.01404	1.000	107,150.60
201	0.85518	0.91402	0.05092	0.01208	1.000	6,848.00
201	0.84762	0.89936	0.05853	0.01378	1.000	65,461.98
201	0.86466	0.88808	0.04135	0.01163	1.000	260.00
201	0.84770	0.87343	0.05836	0.01332	1.000	52,416.80
201	0.84774	0.86192	0.05827	0.01308	1.000	42,752.51
201	0.85338	0.84884	0.05263	0.01308	1.000	1,712.80
201	0.86466	0.83721	0.04135	0.01163	1.000	420.00
201	0.84757	0.82219	0.05863	0.01406	1.000	18,591.11
201	0.84962	0.81105	0.05827	0.01163	1.000	22,965.16
201	0.85526	0.79797	0.05075	0.01163	1.000	8,032.85
201	0.84774	0.78488	0.05827	0.01308	1.000	76,767.59
201	0.84774	0.77180	0.05827	0.01163	1.000	37,734.33
201	0.84774	0.75872	0.06015	0.01308	1.000	85,312.21
201	0.86466	0.74709	0.04135	0.01163	1.000	756.00
201	0.84774	0.73256	0.05827	0.01308	1.000	93,399.73
201	0.84774	0.72093	0.05827	0.01163	1.000	83,183.02
201	0.85338	0.70785	0.05263	0.01163	1.000	9,042.65
201	0.84948	0.69433	0.05855	0.01250	1.000	48,535.97
201	0.86466	0.68169	0.04135	0.01163	1.000	970.45
201	0.85526	0.66715	0.05263	0.01599	1.000	1,757.48
201	0.85332	0.65393	0.05652	0.01626	1.000	1,213.34
201	0.85329	0.64222	0.05282	0.01354	1.000	1,961.96
201	0.84769	0.63066	0.05838	0.01194	1.000	55,211.80
201	0.86461	0.61619	0.04145	0.01327	1.000	140.00
201	0.86461	0.60599	0.04145	0.01041	1.000	484.24
201	0.84765	0.59128	0.05846	0.01221	1.000	16,278.21
201	0.84019	0.57838	0.06586	0.01330	1.000	103,845.67
201	0.86466	0.56686	0.04135	0.01163	1.000	687.07
201	0.33459	0.23110	0.02820	0.01163	1.000	COA
201	0.33459	0.20494	0.02820	0.01453	1.000	FIRE
201	0.51075	0.06667	0.03226	0.02083	1.000	201
202	0.25376	0.93169	0.09774	0.01308	1.000	TOUSIGNANT
202	0.25368	0.91842	0.05278	0.01345	1.000	TRUAX
202	0.25376	0.90407	0.08083	0.01453	0.500	TSIAKALOS
202	0.25562	0.89240	0.05830	0.01317	1.000	TURNER
202	0.25564	0.87791	0.03383	0.01453	0.500	ULF
202	0.25557	0.86455	0.11292	0.01800	1.000	VAILLANCOURT
202	0.25564	0.85174	0.07331	0.01453	1.000	VALENTIN
202	0.25559	0.83854	0.05461	0.01332	1.000	VALLE
202	0.25555	0.82389	0.06785	0.01646	1.000	VALLIERE
202	0.25564	0.81105	0.09774	0.01453	1.000	VANAMBURG
202	0.25564	0.79942	0.12030	0.01308	1.000	VASADY-KOVACS
202	0.25564	0.78634	0.06579	0.01163	1.000	WAGNER
202	0.25561	0.77029	0.06960	0.01757	1.000	WAGNER
202	0.25745	0.75850	0.06593	0.01352	1.000	WAGNER
202	0.25559	0.74549	0.06401	0.01338	1.000	WALKER
202	0.25552	0.73082	0.06414	0.01656	1.000	WALKER
202	0.25564	0.71657	0.05827	0.01599	1.000	WALSH
202	0.25561	0.70339	0.08841	0.01765	1.000	WARDWELL
202	0.25550	0.69006	0.06984	0.01814	1.000	WARREN
202	0.25564	0.67878	0.11842	0.01021	1.000	WASSO PUKAITE
202	0.25552	0.66506	0.08670	0.01145	1.000	WATERMAN
202	0.25363	0.64936	0.07169	0.01669	1.000	WATSON
202	0.25564	0.63663	0.05639	0.01453	1.000	WELCH
202	0.25551	0.62320	0.05853	0.01378	1.000	WELLER
202	0.25564	0.61047	0.06955	0.01308	1.000	WHIPPLE
202	0.25560	0.59724	0.07902	0.01191	1.000	WHITAKER
202	0.25564	0.58285	0.06579	0.01308	1.000	WILKINS
202	0.25545	0.56908	0.07557	0.01445	1.000	WILLIAMS
202	0.25553	0.55633	0.06789	0.01379	1.000	WITHAM
202	0.25561	0.54351	0.06773	0.01327	1.000	WITHERS
202	0.25564	0.53052	0.04699	0.01308	1.000	WOLF
202	0.25546	0.51540	0.07742	0.01570	1.000	WORMELL
202	0.25373	0.50283	0.06021	0.01324	1.000	WOZNY
202	0.25564	0.48983	0.04511	0.01453	0.500	WYLD
202	0.25564	0.47674	0.05827	0.01308	1.000	XARRAS
202	0.25374	0.46216	0.05643	0.01318	1.000	YOUNG
202	0.25561	0.45050	0.05458	0.01325	1.000	YOUNG
202	0.25376	0.43605	0.05451	0.01308	1.000	YOURK
202	0.25552	0.42266	0.04911	0.01224	0.500	ZAYKA
202	0.25564	0.40843	0.09774	0.01308	1.000	ZIMMERMAN
202	0.25564	0.39680	0.09586	0.01308	0.500	ZIVOJINOVIC
202	0.25564	0.38372	0.04699	0.01163	0.500	ZRATE
202	0.41729	0.74419	0.03571	0.01308	1.000	KIT
202	0.41398	0.37500	0.09140	0.57500	0.300	Bandolin homedithilin
202	0.41729	0.65116	0.04135	0.01308	1.000	ELSA
202	0.41729	0.51744	0.03947	0.01308	1.000	ERIC
202	0.54511	0.93314	0.06391	0.01163	1.000	SCHOOL
202	0.54511	0.91860	0.06391	0.01308	1.000	SCHOOL
202	0.54508	0.90541	0.06398	0.01186	1.000	SCHOOL
202	0.54504	0.89222	0.06406	0.01352	1.000	SCHOOL
202	0.54507	0.87778	0.06400	0.01333	1.000	SCHOOL
202	0.54502	0.86454	0.06410	0.01365	1.000	SCHOOL
202	0.54501	0.85144	0.06411	0.01369	1.000	SCHOOL
202	0.54505	0.83845	0.06404	0.01206	1.000	SCHOOL
202	0.54699	0.82558	0.03383	0.01163	1.000	FIRE
202	0.54320	0.81096	0.06585	0.01326	1.000	SCHOOL
202	0.54504	0.79774	0.06406	0.01354	1.000	SCHOOL
202	0.54506	0.78473	0.06402	0.01339	1.000	SCHOOL
202	0.54506	0.77163	0.06401	0.01197	1.000	SCHOOL
202	0.54699	0.75872	0.05263	0.01308	1.000	POLICE
202	0.54699	0.74564	0.03759	0.01163	0.300	DPW
202	0.54502	0.73084	0.06409	0.01361	1.000	SCHOOL
202	0.54511	0.71802	0.06391	0.01308	1.000	SCHOOL
202	0.54505	0.70473	0.06404	0.01206	1.000	SCHOOL
202	0.54501	0.69010	0.06412	0.01370	1.000	SCHOOL
202	0.54511	0.67733	0.06391	0.01308	1.000	SCHOOL
202	0.54505	0.66405	0.06404	0.01346	1.000	SCHOOL
202	0.54699	0.64971	0.03383	0.01308	1.000	COA
202	0.54699	0.63663	0.03759	0.01308	0.300	DPW
202	0.54699	0.62500	0.03383	0.01163	1.000	FIRE
202	0.54483	0.60958	0.06448	0.01485	1.000	SCHOOL
202	0.54509	0.59730	0.06396	0.01179	1.000	SCHOOL
202	0.54507	0.58417	0.06399	0.01189	1.000	SCHOOL
202	0.54699	0.57122	0.08647	0.01163	1.000	PLUMB/GAS
202	0.54510	0.55664	0.06394	0.01172	1.000	SCHOOL
202	0.54489	0.54281	0.06436	0.01322	1.000	SCHOOL
202	0.58647	0.51744	0.02256	0.01163	1.000	OL
202	0.58835	0.49273	0.02068	0.00872	1.000	OL
202	0.58647	0.47674	0.02444	0.01308	1.000	OL
202	0.59962	0.46512	0.00940	0.01017	0.500	J
202	0.58647	0.43605	0.02256	0.01308	1.000	OL
202	0.54507	0.39665	0.06400	0.01193	1.000	SCHOOL
202	0.54878	0.38488	0.05095	0.01077	1.000	POLICE
202	0.51316	0.07267	0.03008	0.01163	1.000	202
202	0.71050	0.93016	0.06960	0.01613	1.000	1,040.00
202	0.70295	0.91842	0.07719	0.01635	1.000	87,867.71
202	0.70286	0.90361	0.07548	0.01545	1.000	15,778.49
202	0.71045	0.89079	0.06970	0.01638	1.000	1,612.33
202	0.70299	0.87785	0.07522	0.01319	1.000	23,610.65
202	0.70113	0.86483	0.07707	0.01308	1.000	41,868.61
202	0.71053	0.85174	0.06767	0.01308	1.000	1,535.00
202	0.70292	0.83690	0.07537	0.01370	1.000	86,150.88
202	0.73308	0.82558	0.04511	0.01308	1.000	47.46
202	0.70109	0.81093	0.07903	0.01622	1.000	21,948.09
202	0.71050	0.79643	0.06961	0.01614	1.000	5,683.64
202	0.70105	0.78319	0.07911	0.01648	1.000	14,408.12
202	0.71053	0.77035	0.06767	0.01308	1.000	1,927.00
202	0.70105	0.75839	0.07723	0.01228	1.000	14,983.65
202	0.70294	0.74538	0.07532	0.01215	1.000	50,371.09
202	0.70103	0.73074	0.07727	0.01381	1.000	16,412.22
202	0.71049	0.71646	0.06775	0.01475	1.000	1,535.00
202	0.70113	0.70349	0.07707	0.01453	1.000	73,914.53
202	0.70105	0.69013	0.07722	0.01364	1.000	71,251.53
202	0.70107	0.67714	0.07906	0.01491	1.000	76,538.02
202	0.70102	0.66244	0.07729	0.01524	1.000	26,260.50
202	0.71029	0.64904	0.07191	0.01732	1.000	4,450.14
202	0.70110	0.63653	0.07712	0.01327	1.000	24,300.68
202	0.70108	0.62195	0.07905	0.01772	1.000	49,413.43
202	0.70298	0.60894	0.07712	0.01758	1.000	66,262.62
202	0.70301	0.59738	0.07519	0.01308	1.000	66,857.53
202	0.70101	0.58242	0.07730	0.01394	1.000	32,126.47
202	0.70299	0.56970	0.07522	0.01321	1.000	16,333.60
202	0.70301	0.55669	0.07519	0.01308	1.000	69,044.90
202	0.70298	0.54350	0.07525	0.01328	1.000	80,042.32
202	0.70298	0.52897	0.07524	0.01328	1.000	54,818.17
202	0.71048	0.51441	0.06777	0.01624	1.000	3,405.00
202	0.70298	0.50281	0.07525	0.01328	1.000	12,890.35
202	0.70293	0.48956	0.07534	0.01360	1.000	59,237.17
202	0.70095	0.47471	0.07742	0.01570	1.000	26,812.45
202	0.70106	0.46197	0.07720	0.01357	1.000	70,067.95
202	0.71053	0.44767	0.06955	0.01744	1.000	1,696.66
202	0.70102	0.43567	0.07727	0.01383	1.000	76,828.22
202	0.70295	0.42132	0.07531	0.01492	1.000	66,792.60
202	0.71053	0.40988	0.06767	0.01308	1.000	2,310.00
202	0.70298	0.39527	0.07523	0.01324	1.000	73,114.73
202	0.70281	0.38016	0.07559	0.01584	1.000	83,566.67
203	0.19361	0.92733	0.15226	0.01744	1.000	TOWN OFFICES
203	0.58459	0.92878	0.07143	0.01453	1.000	HOURS
203	0.80626	0.92831	0.09049	0.01692	1.000	PHONE #
203	0.18421	0.90843	0.65226	0.01599	1.000	(Please check the town website for any changes to office hours or other services/changes.)
203	0.21429	0.89236	0.62030	0.01463	1.000	ALL TOWN OFFICES, EXCEPT WHERE NOTED, ARE CLOSED ON FRIDAYS.
203	0.12594	0.87351	0.17857	0.01463	1.000	ACCOUNTING DEPT.
203	0.53947	0.87351	0.19925	0.01463	1.000	MON./WED. 8 AM - 4 PM
203	0.79887	0.87500	0.10338	0.01308	1.000	978-582-4133
203	0.53759	0.85610	0.22368	0.01453	1.000	TUES./THURS. 8 AM - 6 PM
203	0.12594	0.83721	0.44737	0.01453	1.000	ANIMAL CONTROL (Through Nashoba Valley Dispatch)
203	0.12594	0.82118	0.16917	0.01167	1.000	ASSESSORS OFFICE
203	0.12594	0.78488	0.17105	0.01174	1.000	BOARD OF HEALTH
203	0.12594	0.74702	0.36090	0.01315	1.000	BOARD OF SELECTMEN/TOWN MANAGER
203	0.12594	0.71076	0.31767	0.01453	1.000	BOYS & GIRLS CLUB/TEEN CENTER*
203	0.12406	0.69320	0.37970	0.01319	1.000	BUILDING COMMISSION/ ZONING OFFICER
203	0.12594	0.65551	0.15602	0.01463	1.000	CEMETERY DEPT.
203	0.12594	0.63953	0.26692	0.01163	1.000	CONSERVATION COMMISSION
203	0.12594	0.60169	0.32895	0.01314	1.000	COUNCIL ON AGING/SENIOR CENTER
203	0.12406	0.56395	0.32519	0.01453	1.000	ELECTRICAL INSPECTOR (John Biery)
203	0.12406	0.54787	0.17105	0.01318	1.000	FIRE DEPARTMENT
203	0.12586	0.52876	0.08287	0.01370	1.000	LIBRARY
203	0.79887	0.83866	0.10150	0.01308	1.000	978-582-4531
203	0.79887	0.82122	0.10338	0.01163	1.000	978-582-4145
203	0.53759	0.81969	0.20113	0.01463	1.000	MON./WED. 8 AM - 4 PM
203	0.53759	0.80084	0.22368	0.01463	1.000	TUES./THURS. 8 AM - 6 PM
203	0.53947	0.78343	0.19925	0.01320	1.000	MON./WED. 8 AM - 3 PM
203	0.53759	0.76587	0.22368	0.01320	1.000	TUES./THURS. 8 AM - 6 PM
203	0.53759	0.74554	0.20113	0.01612	1.000	MON./WED. 8 AM - 4 PM
203	0.53759	0.72817	0.22368	0.01463	1.000	TUES./THURS. 8 AM - 6 PM
203	0.53947	0.71076	0.16541	0.01320	1.000	MON. - FRI. 2 - 6 PM
203	0.53759	0.69186	0.20113	0.01453	1.000	MON./WED. 8 AM - 4 PM
203	0.53759	0.67436	0.22368	0.01314	1.000	TUES./THURS. 8 AM - 6 PM
203	0.53759	0.65551	0.19925	0.01463	1.000	MON. - FRI. 7 AM - 3 PM
203	0.53947	0.63808	0.19925	0.01308	1.000	MON./WED. 8 AM - 4 PM
203	0.53759	0.62054	0.22368	0.01319	1.000	TUES./THURS. 8 AM - 6 PM
203	0.53947	0.60020	0.22368	0.01612	1.000	MON. - THURS. 8 AM -5 PM
203	0.53759	0.58430	0.16917	0.01317	1.000	FRIDAY 8 AM - 4 PM
203	0.53759	0.56541	0.15789	0.01308	1.000	BY APPOINTMENT
203	0.78571	0.78343	0.12782	0.01320	1.000	978-582-4146 x 3
203	0.79887	0.74855	0.10338	0.01163	1.000	978-582-4144
203	0.79887	0.71221	0.10338	0.01163	1.000	978-582-6406
203	0.78571	0.69320	0.12970	0.01319	1.000	978-582-4146 x 6
203	0.78571	0.65698	0.12970	0.01316	1.000	978-582-4160 x 7
203	0.78571	0.63808	0.12970	0.01308	1.000	978-582-4146 × 8
203	0.79887	0.60174	0.10338	0.01308	1.000	978-582-4166
203	0.79887	0.56541	0.10150	0.01308	1.000	978-505-2461
203	0.79887	0.54797	0.10338	0.01308	1.000	978-582-4155
203	0.79887	0.52907	0.10338	0.01308	1.000	978-582-4140
203	0.53759	0.52902	0.23496	0.01314	1.000	MON.- THURS. 10 AM - 8 PM
203	0.53759	0.50868	0.15226	0.01463	1.000	SAT. 10 AM - 2 PM
203	0.12406	0.49273	0.18797	0.01308	1.000	PARKS COMMISSION
203	0.12594	0.47520	0.16353	0.01317	1.000	PLANNING BOARD
203	0.53759	0.49273	0.19361	0.01308	1.000	MON. -FRI. 7 AM - 3 PM
203	0.53759	0.47384	0.20113	0.01453	1.000	MON./WED. 8 AM - 4 PM
203	0.79887	0.49273	0.10338	0.01308	1.000	978-582-4160
203	0.79511	0.47529	0.10902	0.01308	1.000	978-582-4147
203	0.53759	0.45486	0.22368	0.01463	1.000	TUES./THURS. 8 AM - 6 PM
203	0.12406	0.43601	0.37594	0.01612	1.000	PLUMBING/GAS INSPECTOR (Gary Williams)
203	0.12406	0.42006	0.20865	0.01308	1.000	PUBLIC ACCESS CABLE
203	0.12406	0.40253	0.19737	0.01171	1.000	POLICE DEPARTMENT
203	0.12406	0.38368	0.14286	0.01314	1.000	PUBLIC WORKS
203	0.12406	0.36628	0.18797	0.01319	1.000	SEWER COMMISSION
203	0.12406	0.34738	0.12406	0.01308	1.000	TOWN CLERK
203	0.53759	0.43895	0.15977	0.01169	1.000	BY APPOINTMENT
203	0.79887	0.43895	0.10338	0.01163	1.000	978-265-6540
203	0.53759	0.41860	0.37782	0.01453	1.000	BY APPOINTMENT lunenburgaccess@gmail.com
203	0.79887	0.40262	0.10150	0.01163	1.000	978-582-4531
203	0.53759	0.38368	0.20301	0.01314	1.000	7 AM - 3 PM WEEKDAYS
203	0.79887	0.38372	0.10338	0.01308	1.000	978-582-4160
203	0.53759	0.36483	0.19361	0.01315	1.000	MON. -FRI. 7 AM - 3 PM
203	0.78571	0.36483	0.12970	0.01315	1.000	978-582-4160 x 8
203	0.53947	0.34738	0.19925	0.01308	1.000	MON./WED. 8 AM - 4 PM
203	0.77820	0.34738	0.14286	0.01308	1.000	978-582-4130/4131
203	0.53759	0.32558	0.29323	0.01744	1.000	TUES./THURS. 8 AM - 1 PM; 3- 6 PM
203	0.12594	0.31101	0.29887	0.01314	1.000	TREASURER/ COLLECTOR OFFICE
203	0.53947	0.30952	0.20113	0.01463	1.000	MON./WED. 8 AM - 4 PM
203	0.79887	0.31105	0.10338	0.01308	1.000	978-582-4133
203	0.53759	0.29067	0.22368	0.01463	1.000	TUES./THURS. 8 AM - 6 PM
203	0.12594	0.27471	0.18609	0.01308	1.000	VETERANS SERVICES
203	0.53759	0.27326	0.16541	0.01453	1.000	TUES. 4:30 - 6:30 PM
203	0.79887	0.27326	0.10338	0.01453	1.000	978-582-4176
203	0.53759	0.25570	0.18797	0.01319	1.000	OR BY APPOINTMENT
203	0.12594	0.23834	0.24060	0.01314	1.000	WATER DISTRICT OFFICE**
203	0.12594	0.21801	0.36090	0.01463	1.000	WEIGHTS & MEASURES (Stephen Cullinane)
203	0.12406	0.20203	0.25564	0.01308	1.000	ZONING BOARD OF APPEALS
203	0.53759	0.23834	0.34211	0.01314	1.000	MON.- FRI. 7:30 AM - 4:00 PM 978-342-9211
203	0.53759	0.21948	0.15977	0.01316	1.000	BY APPOINTMENT
203	0.79887	0.21948	0.10338	0.01308	1.000	978-582-8290
203	0.53947	0.20203	0.19925	0.01308	1.000	MON./WED. 8 AM - 4 PM
203	0.79887	0.20203	0.10338	0.01308	1.000	978-582-4146
203	0.53947	0.18304	0.22180	0.01464	1.000	TUES./THURS. 8 AM - 6 PM
203	0.12394	0.16211	0.66565	0.02000	1.000	* Teen Center follows LPS calendar and opens at 11 AM on 1/2 days, not open on inclement
203	0.13910	0.14534	0.20865	0.01463	1.000	weather/early dismissal days.
203	0.12594	0.12645	0.73684	0.01599	1.000	** The Water District is a separate distinct municipal entity not associated with the Town of Lunenburg.
203	0.14850	0.10901	0.57895	0.01453	1.000	Their telephone number and office hours are provided for residents' convenience.
203	0.51316	0.07122	0.03008	0.01308	1.000	203
204	0.51504	0.07413	0.02632	0.01017	1.000	204
